Random seed: 123456
Initializing simulation script
Time: 236000
[Mote:2] [INFO: Main      ] - Routing: RPL Lite
[Mote:2] [INFO: Main      ] - Net: sicslowpan
[Mote:2] [INFO: Main      ] - MAC: TSCH
[Mote:2] [INFO: Main      ] - 802.15.4 PANID: 0xabcd
[Mote:2] [INFO: Main      ] - 802.15.4 TSCH default hopping sequence length: 4
[Mote:2] [INFO: Main      ] Node ID: 2
[Mote:2] [INFO: Main      ] Link-layer address: 0002.0002.0002.0002
[Mote:2] [INFO: Main      ] Tentative link-local IPv6 address: fe80::202:2:2:2
[Mote:1] [INFO: Main      ] Starting Contiki-NG-develop/v5.0
[Mote:1] [INFO: Main      ] - Routing: RPL Lite
[Mote:1] [INFO: Main      ] - Net: sicslowpan
[Mote:1] [INFO: Main      ] - MAC: TSCH
[Mote:1] [INFO: Main      ] - 802.15.4 PANID: 0xabcd
[Mote:1] [INFO: Main      ] - 802.15.4 TSCH default hopping sequence length: 4
[Mote:1] [INFO: Main      ] Node ID: 1
[Mote:1] [INFO: Main      ] Link-layer address: 0001.0001.0001.0001
[Mote:1] [INFO: Main      ] Tentative link-local IPv6 address: fe80::201:1:1:1
[Mote:1] UDP Root process started
[Mote:3] [INFO: Main      ] Starting Contiki-NG-develop/v5.0
[Mote:3] [INFO: Main      ] - Routing: RPL Lite
[Mote:3] [INFO: Main      ] - Net: sicslowpan
[Mote:3] [INFO: Main      ] - MAC: TSCH
[Mote:3] [INFO: Main      ] - 802.15.4 PANID: 0xabcd
[Mote:3] [INFO: Main      ] - 802.15.4 TSCH default hopping sequence length: 4
[Mote:3] [INFO: Main      ] Node ID: 3
[Mote:3] [INFO: Main      ] Link-layer address: 0003.0003.0003.0003
[Mote:3] [INFO: Main      ] Tentative link-local IPv6 address: fe80::203:3:3:3
[Mote:2] Not reachable yet
[Mote:3] Not reachable yet
[Mote:2] Sensor IPv6 = fe80::202:2:2:2
[Mote:1] {"node":"fd00::202:2:2:2", "cpu_energy_mj":37, "lpm_energy_mj":0, "radio_tx_energy_mj":0, "radio_rx_energy_mj":23, "node_time":20901, "total_sent":1, "total_received":0, "bytes_tx":60, "bytes_rx":0, "r2n_latency":0, "lqi":0, "rssi":0, "server_sent":0, "server_received":1, "server_bytes_rx":60, "n2r_latency":29, "hops":0, "rtt_latency":0, "root_time_now":20930}
[Mote:3] Not reachable yet
[Mote:3] Not reachable yet
[Mote:2] Sensor IPv6 = fe80::202:2:2:2
[Mote:1] {"node":"fd00::202:2:2:2", "cpu_energy_mj":18, "lpm_energy_mj":0, "radio_tx_energy_mj":0, "radio_rx_energy_mj":8, "node_time":31432, "total_sent":2, "total_received":1, "bytes_tx":60, "bytes_rx":12, "r2n_latency":44, "lqi":100, "rssi":-81, "server_sent":1, "server_received":3, "server_bytes_rx":60, "n2r_latency":68, "hops":0, "rtt_latency":57, "root_time_now":31500}
[Mote:3] Sensor IPv6 = fe80::203:3:3:3
[Mote:1] {"node":"fd00::203:3:3:3", "cpu_energy_mj":73, "lpm_energy_mj":0, "radio_tx_energy_mj":0, "radio_rx_energy_mj":408, "node_time":41560, "total_sent":1, "total_received":0, "bytes_tx":60, "bytes_rx":0, "r2n_latency":0, "lqi":0, "rssi":0, "server_sent":0, "server_received":1, "server_bytes_rx":60, "n2r_latency":90, "hops":1, "rtt_latency":0, "root_time_now":41650}
[Mote:2] Sensor IPv6 = fe80::202:2:2:2
[Mote:1] {"node":"fd00::202:2:2:2", "cpu_energy_mj":18, "lpm_energy_mj":0, "radio_tx_energy_mj":0, "radio_rx_energy_mj":8, "node_time":41961, "total_sent":3, "total_received":2, "bytes_tx":60, "bytes_rx":12, "r2n_latency":54, "lqi":100, "rssi":-81, "server_sent":2, "server_received":5, "server_bytes_rx":60, "n2r_latency":39, "hops":0, "rtt_latency":62, "root_time_now":42000}
[Mote:3] Sensor IPv6 = fe80::203:3:3:3
[Mote:1] {"node":"fd00::203:3:3:3", "cpu_energy_mj":18, "lpm_energy_mj":0, "radio_tx_energy_mj":0, "radio_rx_energy_mj":8, "node_time":51822, "total_sent":2, "total_received":1, "bytes_tx":60, "bytes_rx":12, "r2n_latency":484, "lqi":100, "rssi":-91, "server_sent":1, "server_received":3, "server_bytes_rx":60, "n2r_latency":188, "hops":1, "rtt_latency":312, "root_time_now":52010}
[Mote:2] Sensor IPv6 = fe80::202:2:2:2
[Mote:1] {"node":"fd00::202:2:2:2", "cpu_energy_mj":18, "lpm_energy_mj":0, "radio_tx_energy_mj":0, "radio_rx_energy_mj":8, "node_time":52492, "total_sent":4, "total_received":3, "bytes_tx":60, "bytes_rx":12, "r2n_latency":64, "lqi":100, "rssi":-81, "server_sent":3, "server_received":7, "server_bytes_rx":60, "n2r_latency":8, "hops":0, "rtt_latency":172, "root_time_now":52500}
[Mote:3] Sensor IPv6 = fe80::203:3:3:3
[Mote:1] {"node":"fd00::203:3:3:3", "cpu_energy_mj":18, "lpm_energy_mj":0, "radio_tx_energy_mj":0, "radio_rx_energy_mj":8, "node_time":62086, "total_sent":3, "total_received":2, "bytes_tx":60, "bytes_rx":12, "r2n_latency":424, "lqi":100, "rssi":-91, "server_sent":2, "server_received":5, "server_bytes_rx":60, "n2r_latency":144, "hops":1, "rtt_latency":282, "root_time_now":62230}
[Mote:2] Sensor IPv6 = fe80::202:2:2:2
[Mote:1] {"node":"fd00::202:2:2:2", "cpu_energy_mj":18, "lpm_energy_mj":0, "radio_tx_energy_mj":0, "radio_rx_energy_mj":8, "node_time":63023, "total_sent":5, "total_received":4, "bytes_tx":60, "bytes_rx":12, "r2n_latency":74, "lqi":100, "rssi":-81, "server_sent":4, "server_received":9, "server_bytes_rx":60, "n2r_latency":47, "hops":0, "rtt_latency":107, "root_time_now":63070}
[Mote:3] Sensor IPv6 = fe80::203:3:3:3
[Mote:1] {"node":"fd00::203:3:3:3", "cpu_energy_mj":18, "lpm_energy_mj":0, "radio_tx_energy_mj":0, "radio_rx_energy_mj":8, "node_time":72350, "total_sent":4, "total_received":3, "bytes_tx":60, "bytes_rx":12, "r2n_latency":294, "lqi":100, "rssi":-91, "server_sent":3, "server_received":7, "server_bytes_rx":60, "n2r_latency":100, "hops":1, "rtt_latency":217, "root_time_now":72450}
[Mote:2] Sensor IPv6 = fe80::202:2:2:2
[Mote:1] {"node":"fd00::202:2:2:2", "cpu_energy_mj":18, "lpm_energy_mj":0, "radio_tx_energy_mj":0, "radio_rx_energy_mj":8, "node_time":73554, "total_sent":6, "total_received":5, "bytes_tx":60, "bytes_rx":12, "r2n_latency":14, "lqi":100, "rssi":-81, "server_sent":5, "server_received":11, "server_bytes_rx":60, "n2r_latency":16, "hops":0, "rtt_latency":112, "root_time_now":73570}
[Mote:3] Sensor IPv6 = fe80::203:3:3:3
[Mote:1] {"node":"fd00::203:3:3:3", "cpu_energy_mj":18, "lpm_energy_mj":0, "radio_tx_energy_mj":0, "radio_rx_energy_mj":8, "node_time":82616, "total_sent":5, "total_received":4, "bytes_tx":60, "bytes_rx":12, "r2n_latency":374, "lqi":100, "rssi":-91, "server_sent":4, "server_received":9, "server_bytes_rx":60, "n2r_latency":124, "hops":1, "rtt_latency":257, "root_time_now":82740}
[Mote:2] Sensor IPv6 = fe80::202:2:2:2
[Mote:1] {"node":"fd00::202:2:2:2", "cpu_energy_mj":18, "lpm_energy_mj":0, "radio_tx_energy_mj":0, "radio_rx_energy_mj":8, "node_time":84085, "total_sent":7, "total_received":6, "bytes_tx":60, "bytes_rx":12, "r2n_latency":24, "lqi":100, "rssi":-81, "server_sent":6, "server_received":13, "server_bytes_rx":60, "n2r_latency":55, "hops":0, "rtt_latency":82, "root_time_now":84140}
[Mote:3] Sensor IPv6 = fe80::203:3:3:3
[Mote:1] {"node":"fd00::203:3:3:3", "cpu_energy_mj":18, "lpm_energy_mj":0, "radio_tx_energy_mj":0, "radio_rx_energy_mj":8, "node_time":92878, "total_sent":6, "total_received":5, "bytes_tx":60, "bytes_rx":12, "r2n_latency":384, "lqi":100, "rssi":-91, "server_sent":5, "server_received":11, "server_bytes_rx":60, "n2r_latency":82, "hops":1, "rtt_latency":262, "root_time_now":92960}
[Mote:2] Sensor IPv6 = fe80::202:2:2:2
[Mote:1] {"node":"fd00::202:2:2:2", "cpu_energy_mj":18, "lpm_energy_mj":0, "radio_tx_energy_mj":0, "radio_rx_energy_mj":8, "node_time":94616, "total_sent":8, "total_received":7, "bytes_tx":60, "bytes_rx":12, "r2n_latency":34, "lqi":100, "rssi":-81, "server_sent":7, "server_received":15, "server_bytes_rx":60, "n2r_latency":24, "hops":0, "rtt_latency":87, "root_time_now":94640}
[Mote:3] Sensor IPv6 = fe80::203:3:3:3
[Mote:1] {"node":"fd00::203:3:3:3", "cpu_energy_mj":18, "lpm_energy_mj":0, "radio_tx_energy_mj":0, "radio_rx_energy_mj":8, "node_time":103142, "total_sent":7, "total_received":6, "bytes_tx":60, "bytes_rx":12, "r2n_latency":464, "lqi":100, "rssi":-91, "server_sent":6, "server_received":13, "server_bytes_rx":60, "n2r_latency":108, "hops":1, "rtt_latency":302, "root_time_now":103250}
[Mote:2] Sensor IPv6 = fe80::202:2:2:2
[Mote:1] {"node":"fd00::202:2:2:2", "cpu_energy_mj":18, "lpm_energy_mj":0, "radio_tx_energy_mj":0, "radio_rx_energy_mj":8, "node_time":105147, "total_sent":9, "total_received":8, "bytes_tx":60, "bytes_rx":12, "r2n_latency":44, "lqi":100, "rssi":-81, "server_sent":8, "server_received":17, "server_bytes_rx":60, "n2r_latency":63, "hops":0, "rtt_latency":127, "root_time_now":105210}
[Mote:3] Sensor IPv6 = fe80::203:3:3:3
[Mote:1] {"node":"fd00::203:3:3:3", "cpu_energy_mj":18, "lpm_energy_mj":0, "radio_tx_energy_mj":0, "radio_rx_energy_mj":8, "node_time":113406, "total_sent":8, "total_received":7, "bytes_tx":60, "bytes_rx":12, "r2n_latency":753, "lqi":100, "rssi":-91, "server_sent":7, "server_received":15, "server_bytes_rx":60, "n2r_latency":134, "hops":1, "rtt_latency":446, "root_time_now":113540}
[Mote:2] Sensor IPv6 = fe80::202:2:2:2
[Mote:1] {"node":"fd00::202:2:2:2", "cpu_energy_mj":18, "lpm_energy_mj":0, "radio_tx_energy_mj":0, "radio_rx_energy_mj":8, "node_time":115678, "total_sent":10, "total_received":9, "bytes_tx":60, "bytes_rx":12, "r2n_latency":53, "lqi":100, "rssi":-81, "server_sent":9, "server_received":19, "server_bytes_rx":60, "n2r_latency":32, "hops":0, "rtt_latency":306, "root_time_now":115710}
[Mote:3] Sensor IPv6 = fe80::203:3:3:3
[Mote:1] {"node":"fd00::203:3:3:3", "cpu_energy_mj":18, "lpm_energy_mj":0, "radio_tx_energy_mj":0, "radio_rx_energy_mj":8, "node_time":123670, "total_sent":9, "total_received":8, "bytes_tx":60, "bytes_rx":12, "r2n_latency":484, "lqi":100, "rssi":-91, "server_sent":8, "server_received":17, "server_bytes_rx":60, "n2r_latency":90, "hops":1, "rtt_latency":312, "root_time_now":123760}
[Mote:2] Sensor IPv6 = fe80::202:2:2:2
[Mote:1] {"node":"fd00::202:2:2:2", "cpu_energy_mj":18, "lpm_energy_mj":0, "radio_tx_energy_mj":0, "radio_rx_energy_mj":8, "node_time":126209, "total_sent":11, "total_received":10, "bytes_tx":60, "bytes_rx":12, "r2n_latency":64, "lqi":100, "rssi":-81, "server_sent":10, "server_received":21, "server_bytes_rx":60, "n2r_latency":71, "hops":0, "rtt_latency":102, "root_time_now":126280}
[Mote:3] Sensor IPv6 = fe80::203:3:3:3
[Mote:1] {"node":"fd00::203:3:3:3", "cpu_energy_mj":18, "lpm_energy_mj":0, "radio_tx_energy_mj":0, "radio_rx_energy_mj":8, "node_time":133934, "total_sent":10, "total_received":9, "bytes_tx":60, "bytes_rx":12, "r2n_latency":354, "lqi":100, "rssi":-91, "server_sent":9, "server_received":19, "server_bytes_rx":60, "n2r_latency":116, "hops":1, "rtt_latency":247, "root_time_now":134050}
[Mote:2] Sensor IPv6 = fe80::202:2:2:2
[Mote:1] {"node":"fd00::202:2:2:2", "cpu_energy_mj":18, "lpm_energy_mj":0, "radio_tx_energy_mj":0, "radio_rx_energy_mj":8, "node_time":136740, "total_sent":12, "total_received":11, "bytes_tx":60, "bytes_rx":12, "r2n_latency":74, "lqi":100, "rssi":-81, "server_sent":11, "server_received":23, "server_bytes_rx":60, "n2r_latency":40, "hops":0, "rtt_latency":107, "root_time_now":136780}
[Mote:3] Sensor IPv6 = fe80::203:3:3:3
[Mote:1] {"node":"fd00::203:3:3:3", "cpu_energy_mj":18, "lpm_energy_mj":0, "radio_tx_energy_mj":0, "radio_rx_energy_mj":8, "node_time":144199, "total_sent":11, "total_received":10, "bytes_tx":60, "bytes_rx":12, "r2n_latency":364, "lqi":100, "rssi":-91, "server_sent":10, "server_received":21, "server_bytes_rx":60, "n2r_latency":141, "hops":1, "rtt_latency":252, "root_time_now":144340}
[Mote:2] Sensor IPv6 = fe80::202:2:2:2
[Mote:1] {"node":"fd00::202:2:2:2", "cpu_energy_mj":18, "lpm_energy_mj":0, "radio_tx_energy_mj":0, "radio_rx_energy_mj":8, "node_time":147271, "total_sent":13, "total_received":12, "bytes_tx":60, "bytes_rx":12, "r2n_latency":14, "lqi":100, "rssi":-81, "server_sent":12, "server_received":25, "server_bytes_rx":60, "n2r_latency":9, "hops":0, "rtt_latency":112, "root_time_now":147280}
[Mote:3] Sensor IPv6 = fe80::203:3:3:3
[Mote:1] {"node":"fd00::203:3:3:3", "cpu_energy_mj":18, "lpm_energy_mj":0, "radio_tx_energy_mj":0, "radio_rx_energy_mj":8, "node_time":154464, "total_sent":12, "total_received":11, "bytes_tx":60, "bytes_rx":12, "r2n_latency":374, "lqi":100, "rssi":-91, "server_sent":11, "server_received":23, "server_bytes_rx":60, "n2r_latency":96, "hops":1, "rtt_latency":257, "root_time_now":154560}
[Mote:2] Sensor IPv6 = fe80::202:2:2:2
[Mote:1] {"node":"fd00::202:2:2:2", "cpu_energy_mj":18, "lpm_energy_mj":0, "radio_tx_energy_mj":0, "radio_rx_energy_mj":8, "node_time":157802, "total_sent":14, "total_received":13, "bytes_tx":60, "bytes_rx":12, "r2n_latency":24, "lqi":100, "rssi":-81, "server_sent":13, "server_received":27, "server_bytes_rx":60, "n2r_latency":48, "hops":0, "rtt_latency":117, "root_time_now":157850}
[Mote:3] Sensor IPv6 = fe80::203:3:3:3
[Mote:1] {"node":"fd00::203:3:3:3", "cpu_energy_mj":18, "lpm_energy_mj":0, "radio_tx_energy_mj":0, "radio_rx_energy_mj":8, "node_time":164726, "total_sent":13, "total_received":12, "bytes_tx":60, "bytes_rx":12, "r2n_latency":384, "lqi":100, "rssi":-91, "server_sent":12, "server_received":25, "server_bytes_rx":60, "n2r_latency":124, "hops":1, "rtt_latency":262, "root_time_now":164850}
[Mote:2] Sensor IPv6 = fe80::202:2:2:2
[Mote:1] {"node":"fd00::202:2:2:2", "cpu_energy_mj":18, "lpm_energy_mj":0, "radio_tx_energy_mj":0, "radio_rx_energy_mj":8, "node_time":168337, "total_sent":15, "total_received":14, "bytes_tx":60, "bytes_rx":12, "r2n_latency":34, "lqi":100, "rssi":-81, "server_sent":14, "server_received":29, "server_bytes_rx":60, "n2r_latency":13, "hops":0, "rtt_latency":87, "root_time_now":168350}
[Mote:3] Sensor IPv6 = fe80::203:3:3:3
[Mote:1] {"node":"fd00::203:3:3:3", "cpu_energy_mj":18, "lpm_energy_mj":0, "radio_tx_energy_mj":0, "radio_rx_energy_mj":8, "node_time":174990, "total_sent":14, "total_received":13, "bytes_tx":60, "bytes_rx":12, "r2n_latency":814, "lqi":100, "rssi":-91, "server_sent":13, "server_received":27, "server_bytes_rx":60, "n2r_latency":80, "hops":1, "rtt_latency":512, "root_time_now":175070}
[Mote:2] Sensor IPv6 = fe80::202:2:2:2
[Mote:1] {"node":"fd00::202:2:2:2", "cpu_energy_mj":18, "lpm_energy_mj":0, "radio_tx_energy_mj":0, "radio_rx_energy_mj":8, "node_time":178864, "total_sent":16, "total_received":15, "bytes_tx":60, "bytes_rx":12, "r2n_latency":44, "lqi":100, "rssi":-81, "server_sent":15, "server_received":31, "server_bytes_rx":60, "n2r_latency":56, "hops":0, "rtt_latency":372, "root_time_now":178920}
[Mote:3] Sensor IPv6 = fe80::203:3:3:3
[Mote:1] {"node":"fd00::203:3:3:3", "cpu_energy_mj":18, "lpm_energy_mj":0, "radio_tx_energy_mj":0, "radio_rx_energy_mj":8, "node_time":185256, "total_sent":15, "total_received":14, "bytes_tx":60, "bytes_rx":12, "r2n_latency":474, "lqi":100, "rssi":-91, "server_sent":14, "server_received":29, "server_bytes_rx":60, "n2r_latency":104, "hops":1, "rtt_latency":657, "root_time_now":185360}
[Mote:2] Sensor IPv6 = fe80::202:2:2:2
[Mote:1] {"node":"fd00::202:2:2:2", "cpu_energy_mj":18, "lpm_energy_mj":0, "radio_tx_energy_mj":0, "radio_rx_energy_mj":8, "node_time":189395, "total_sent":17, "total_received":16, "bytes_tx":60, "bytes_rx":12, "r2n_latency":54, "lqi":100, "rssi":-81, "server_sent":16, "server_received":33, "server_bytes_rx":60, "n2r_latency":25, "hops":0, "rtt_latency":622, "root_time_now":189420}
[Mote:3] Sensor IPv6 = fe80::203:3:3:3
[Mote:1] {"node":"fd00::203:3:3:3", "cpu_energy_mj":18, "lpm_energy_mj":0, "radio_tx_energy_mj":0, "radio_rx_energy_mj":8, "node_time":195520, "total_sent":16, "total_received":15, "bytes_tx":60, "bytes_rx":12, "r2n_latency":344, "lqi":100, "rssi":-91, "server_sent":15, "server_received":31, "server_bytes_rx":60, "n2r_latency":130, "hops":1, "rtt_latency":242, "root_time_now":195650}
[Mote:2] Sensor IPv6 = fe80::202:2:2:2
[Mote:1] {"node":"fd00::202:2:2:2", "cpu_energy_mj":18, "lpm_energy_mj":0, "radio_tx_energy_mj":0, "radio_rx_energy_mj":8, "node_time":199926, "total_sent":18, "total_received":17, "bytes_tx":60, "bytes_rx":12, "r2n_latency":64, "lqi":100, "rssi":-81, "server_sent":18, "server_received":35, "server_bytes_rx":60, "n2r_latency":66, "hops":0, "rtt_latency":137, "root_time_now":199992}
[Mote:3] Sensor IPv6 = fe80::203:3:3:3
[Mote:1] {"node":"fd00::203:3:3:3", "cpu_energy_mj":18, "lpm_energy_mj":0, "radio_tx_energy_mj":0, "radio_rx_energy_mj":8, "node_time":205782, "total_sent":17, "total_received":16, "bytes_tx":60, "bytes_rx":12, "r2n_latency":494, "lqi":100, "rssi":-91, "server_sent":16, "server_received":33, "server_bytes_rx":60, "n2r_latency":88, "hops":1, "rtt_latency":317, "root_time_now":205870}
[Mote:2] Sensor IPv6 = fe80::202:2:2:2
[Mote:1] {"node":"fd00::202:2:2:2", "cpu_energy_mj":18, "lpm_energy_mj":0, "radio_tx_energy_mj":0, "radio_rx_energy_mj":8, "node_time":210459, "total_sent":19, "total_received":19, "bytes_tx":60, "bytes_rx":12, "r2n_latency":14, "lqi":100, "rssi":-81, "server_sent":19, "server_received":38, "server_bytes_rx":60, "n2r_latency":31, "hops":0, "rtt_latency":77, "root_time_now":210490}
[Mote:3] Sensor IPv6 = fe80::203:3:3:3
[Mote:1] {"node":"fd00::203:3:3:3", "cpu_energy_mj":18, "lpm_energy_mj":0, "radio_tx_energy_mj":0, "radio_rx_energy_mj":8, "node_time":216046, "total_sent":18, "total_received":17, "bytes_tx":60, "bytes_rx":12, "r2n_latency":294, "lqi":100, "rssi":-91, "server_sent":17, "server_received":35, "server_bytes_rx":60, "n2r_latency":114, "hops":1, "rtt_latency":217, "root_time_now":216160}
[Mote:2] Sensor IPv6 = fe80::202:2:2:2
[Mote:1] {"node":"fd00::202:2:2:2", "cpu_energy_mj":18, "lpm_energy_mj":0, "radio_tx_energy_mj":0, "radio_rx_energy_mj":8, "node_time":220990, "total_sent":20, "total_received":20, "bytes_tx":60, "bytes_rx":12, "r2n_latency":24, "lqi":100, "rssi":-81, "server_sent":20, "server_received":40, "server_bytes_rx":60, "n2r_latency":70, "hops":0, "rtt_latency":187, "root_time_now":221060}
[Mote:3] Sensor IPv6 = fe80::203:3:3:3
[Mote:1] {"node":"fd00::203:3:3:3", "cpu_energy_mj":18, "lpm_energy_mj":0, "radio_tx_energy_mj":0, "radio_rx_energy_mj":8, "node_time":226312, "total_sent":19, "total_received":18, "bytes_tx":60, "bytes_rx":12, "r2n_latency":444, "lqi":100, "rssi":-91, "server_sent":18, "server_received":37, "server_bytes_rx":60, "n2r_latency":138, "hops":1, "rtt_latency":292, "root_time_now":226450}
[Mote:2] Sensor IPv6 = fe80::202:2:2:2
[Mote:1] {"node":"fd00::202:2:2:2", "cpu_energy_mj":18, "lpm_energy_mj":0, "radio_tx_energy_mj":0, "radio_rx_energy_mj":8, "node_time":231521, "total_sent":21, "total_received":21, "bytes_tx":60, "bytes_rx":12, "r2n_latency":34, "lqi":100, "rssi":-81, "server_sent":21, "server_received":42, "server_bytes_rx":60, "n2r_latency":39, "hops":0, "rtt_latency":472, "root_time_now":231560}
[Mote:3] Sensor IPv6 = fe80::203:3:3:3
[Mote:1] {"node":"fd00::203:3:3:3", "cpu_energy_mj":18, "lpm_energy_mj":0, "radio_tx_energy_mj":0, "radio_rx_energy_mj":8, "node_time":236574, "total_sent":20, "total_received":19, "bytes_tx":60, "bytes_rx":12, "r2n_latency":314, "lqi":100, "rssi":-91, "server_sent":19, "server_received":39, "server_bytes_rx":60, "n2r_latency":96, "hops":1, "rtt_latency":507, "root_time_now":236670}
[Mote:2] Sensor IPv6 = fe80::202:2:2:2
[Mote:1] {"node":"fd00::202:2:2:2", "cpu_energy_mj":18, "lpm_energy_mj":0, "radio_tx_energy_mj":0, "radio_rx_energy_mj":8, "node_time":242052, "total_sent":22, "total_received":22, "bytes_tx":60, "bytes_rx":12, "r2n_latency":44, "lqi":100, "rssi":-81, "server_sent":22, "server_received":44, "server_bytes_rx":60, "n2r_latency":8, "hops":0, "rtt_latency":92, "root_time_now":242060}
[Mote:3] Sensor IPv6 = fe80::203:3:3:3
[Mote:1] {"node":"fd00::203:3:3:3", "cpu_energy_mj":18, "lpm_energy_mj":0, "radio_tx_energy_mj":0, "radio_rx_energy_mj":8, "node_time":246838, "total_sent":21, "total_received":20, "bytes_tx":60, "bytes_rx":12, "r2n_latency":464, "lqi":100, "rssi":-91, "server_sent":20, "server_received":41, "server_bytes_rx":60, "n2r_latency":122, "hops":1, "rtt_latency":302, "root_time_now":246960}
[Mote:2] Sensor IPv6 = fe80::202:2:2:2
[Mote:1] {"node":"fd00::202:2:2:2", "cpu_energy_mj":18, "lpm_energy_mj":0, "radio_tx_energy_mj":0, "radio_rx_energy_mj":8, "node_time":252583, "total_sent":23, "total_received":23, "bytes_tx":60, "bytes_rx":12, "r2n_latency":54, "lqi":100, "rssi":-81, "server_sent":23, "server_received":46, "server_bytes_rx":60, "n2r_latency":47, "hops":0, "rtt_latency":412, "root_time_now":252630}
[Mote:3] Sensor IPv6 = fe80::203:3:3:3
[Mote:1] {"node":"fd00::203:3:3:3", "cpu_energy_mj":18, "lpm_energy_mj":0, "radio_tx_energy_mj":0, "radio_rx_energy_mj":8, "node_time":257102, "total_sent":22, "total_received":21, "bytes_tx":60, "bytes_rx":12, "r2n_latency":264, "lqi":100, "rssi":-91, "server_sent":21, "server_received":43, "server_bytes_rx":60, "n2r_latency":78, "hops":1, "rtt_latency":447, "root_time_now":257180}
[Mote:2] Sensor IPv6 = fe80::202:2:2:2
[Mote:1] {"node":"fd00::202:2:2:2", "cpu_energy_mj":18, "lpm_energy_mj":0, "radio_tx_energy_mj":0, "radio_rx_energy_mj":8, "node_time":263116, "total_sent":24, "total_received":24, "bytes_tx":60, "bytes_rx":12, "r2n_latency":64, "lqi":100, "rssi":-81, "server_sent":24, "server_received":48, "server_bytes_rx":60, "n2r_latency":14, "hops":0, "rtt_latency":172, "root_time_now":263130}
[Mote:3] Sensor IPv6 = fe80::203:3:3:3
[Mote:1] {"node":"fd00::203:3:3:3", "cpu_energy_mj":18, "lpm_energy_mj":0, "radio_tx_energy_mj":0, "radio_rx_energy_mj":8, "node_time":267368, "total_sent":23, "total_received":22, "bytes_tx":60, "bytes_rx":12, "r2n_latency":484, "lqi":100, "rssi":-91, "server_sent":22, "server_received":45, "server_bytes_rx":60, "n2r_latency":102, "hops":1, "rtt_latency":312, "root_time_now":267470}
[Mote:2] Sensor IPv6 = fe80::202:2:2:2
[Mote:1] {"node":"fd00::202:2:2:2", "cpu_energy_mj":18, "lpm_energy_mj":0, "radio_tx_energy_mj":0, "radio_rx_energy_mj":8, "node_time":273645, "total_sent":25, "total_received":25, "bytes_tx":60, "bytes_rx":12, "r2n_latency":74, "lqi":100, "rssi":-81, "server_sent":25, "server_received":50, "server_bytes_rx":60, "n2r_latency":55, "hops":0, "rtt_latency":212, "root_time_now":273700}
[Mote:3] Sensor IPv6 = fe80::203:3:3:3
[Mote:1] {"node":"fd00::203:3:3:3", "cpu_energy_mj":18, "lpm_energy_mj":0, "radio_tx_energy_mj":0, "radio_rx_energy_mj":8, "node_time":277630, "total_sent":24, "total_received":23, "bytes_tx":60, "bytes_rx":12, "r2n_latency":284, "lqi":100, "rssi":-91, "server_sent":23, "server_received":47, "server_bytes_rx":60, "n2r_latency":130, "hops":1, "rtt_latency":247, "root_time_now":277760}
[Mote:2] Sensor IPv6 = fe80::202:2:2:2
[Mote:1] {"node":"fd00::202:2:2:2", "cpu_energy_mj":18, "lpm_energy_mj":0, "radio_tx_energy_mj":0, "radio_rx_energy_mj":8, "node_time":284176, "total_sent":26, "total_received":26, "bytes_tx":60, "bytes_rx":12, "r2n_latency":14, "lqi":100, "rssi":-81, "server_sent":26, "server_received":52, "server_bytes_rx":60, "n2r_latency":24, "hops":0, "rtt_latency":77, "root_time_now":284200}
[Mote:3] Sensor IPv6 = fe80::203:3:3:3
[Mote:1] {"node":"fd00::203:3:3:3", "cpu_energy_mj":18, "lpm_energy_mj":0, "radio_tx_energy_mj":0, "radio_rx_energy_mj":8, "node_time":287894, "total_sent":25, "total_received":24, "bytes_tx":60, "bytes_rx":12, "r2n_latency":434, "lqi":100, "rssi":-91, "server_sent":24, "server_received":49, "server_bytes_rx":60, "n2r_latency":86, "hops":1, "rtt_latency":287, "root_time_now":287980}
[Mote:2] Sensor IPv6 = fe80::202:2:2:2
[Mote:1] {"node":"fd00::202:2:2:2", "cpu_energy_mj":18, "lpm_energy_mj":0, "radio_tx_energy_mj":0, "radio_rx_energy_mj":8, "node_time":294707, "total_sent":27, "total_received":27, "bytes_tx":60, "bytes_rx":12, "r2n_latency":24, "lqi":100, "rssi":-81, "server_sent":27, "server_received":54, "server_bytes_rx":60, "n2r_latency":63, "hops":0, "rtt_latency":152, "root_time_now":294770}
[Mote:3] Sensor IPv6 = fe80::203:3:3:3
[Mote:1] {"node":"fd00::203:3:3:3", "cpu_energy_mj":18, "lpm_energy_mj":0, "radio_tx_energy_mj":0, "radio_rx_energy_mj":8, "node_time":298160, "total_sent":26, "total_received":25, "bytes_tx":60, "bytes_rx":12, "r2n_latency":374, "lqi":100, "rssi":-91, "server_sent":25, "server_received":51, "server_bytes_rx":60, "n2r_latency":110, "hops":1, "rtt_latency":257, "root_time_now":298270}
[Mote:2] Sensor IPv6 = fe80::202:2:2:2
[Mote:1] {"node":"fd00::202:2:2:2", "cpu_energy_mj":18, "lpm_energy_mj":0, "radio_tx_energy_mj":0, "radio_rx_energy_mj":8, "node_time":305240, "total_sent":28, "total_received":28, "bytes_tx":60, "bytes_rx":12, "r2n_latency":34, "lqi":100, "rssi":-81, "server_sent":28, "server_received":56, "server_bytes_rx":60, "n2r_latency":30, "hops":0, "rtt_latency":122, "root_time_now":305270}
[Mote:3] Sensor IPv6 = fe80::203:3:3:3
[Mote:1] {"node":"fd00::203:3:3:3", "cpu_energy_mj":18, "lpm_energy_mj":0, "radio_tx_energy_mj":0, "radio_rx_energy_mj":8, "node_time":308424, "total_sent":27, "total_received":26, "bytes_tx":60, "bytes_rx":12, "r2n_latency":314, "lqi":100, "rssi":-91, "server_sent":26, "server_received":53, "server_bytes_rx":60, "n2r_latency":136, "hops":1, "rtt_latency":227, "root_time_now":308560}
[Mote:2] Sensor IPv6 = fe80::202:2:2:2
[Mote:1] {"node":"fd00::202:2:2:2", "cpu_energy_mj":18, "lpm_energy_mj":0, "radio_tx_energy_mj":0, "radio_rx_energy_mj":8, "node_time":315769, "total_sent":29, "total_received":29, "bytes_tx":60, "bytes_rx":12, "r2n_latency":44, "lqi":100, "rssi":-81, "server_sent":29, "server_received":58, "server_bytes_rx":60, "n2r_latency":71, "hops":0, "rtt_latency":92, "root_time_now":315840}
[Mote:3] Sensor IPv6 = fe80::203:3:3:3
[Mote:1] {"node":"fd00::203:3:3:3", "cpu_energy_mj":18, "lpm_energy_mj":0, "radio_tx_energy_mj":0, "radio_rx_energy_mj":8, "node_time":318686, "total_sent":28, "total_received":27, "bytes_tx":60, "bytes_rx":12, "r2n_latency":394, "lqi":100, "rssi":-91, "server_sent":27, "server_received":55, "server_bytes_rx":60, "n2r_latency":94, "hops":1, "rtt_latency":267, "root_time_now":318780}
[Mote:2] Sensor IPv6 = fe80::202:2:2:2
[Mote:1] {"node":"fd00::202:2:2:2", "cpu_energy_mj":18, "lpm_energy_mj":0, "radio_tx_energy_mj":0, "radio_rx_energy_mj":8, "node_time":326300, "total_sent":30, "total_received":30, "bytes_tx":60, "bytes_rx":12, "r2n_latency":54, "lqi":100, "rssi":-81, "server_sent":30, "server_received":60, "server_bytes_rx":60, "n2r_latency":40, "hops":0, "rtt_latency":97, "root_time_now":326340}
[Mote:3] Sensor IPv6 = fe80::203:3:3:3
[Mote:1] {"node":"fd00::203:3:3:3", "cpu_energy_mj":18, "lpm_energy_mj":0, "radio_tx_energy_mj":0, "radio_rx_energy_mj":8, "node_time":328950, "total_sent":29, "total_received":28, "bytes_tx":60, "bytes_rx":12, "r2n_latency":404, "lqi":100, "rssi":-91, "server_sent":28, "server_received":57, "server_bytes_rx":60, "n2r_latency":120, "hops":1, "rtt_latency":272, "root_time_now":329070}
[Mote:2] Sensor IPv6 = fe80::202:2:2:2
[Mote:1] {"node":"fd00::202:2:2:2", "cpu_energy_mj":18, "lpm_energy_mj":0, "radio_tx_energy_mj":0, "radio_rx_energy_mj":8, "node_time":336833, "total_sent":31, "total_received":31, "bytes_tx":60, "bytes_rx":12, "r2n_latency":64, "lqi":100, "rssi":-81, "server_sent":31, "server_received":62, "server_bytes_rx":60, "n2r_latency":7, "hops":0, "rtt_latency":452, "root_time_now":336840}
[Mote:3] Sensor IPv6 = fe80::203:3:3:3
[Mote:1] {"node":"fd00::203:3:3:3", "cpu_energy_mj":18, "lpm_energy_mj":0, "radio_tx_energy_mj":0, "radio_rx_energy_mj":8, "node_time":339216, "total_sent":30, "total_received":29, "bytes_tx":60, "bytes_rx":12, "r2n_latency":344, "lqi":100, "rssi":-91, "server_sent":29, "server_received":59, "server_bytes_rx":60, "n2r_latency":74, "hops":1, "rtt_latency":487, "root_time_now":339290}
[Mote:2] Sensor IPv6 = fe80::202:2:2:2
[Mote:1] {"node":"fd00::202:2:2:2", "cpu_energy_mj":18, "lpm_energy_mj":0, "radio_tx_energy_mj":0, "radio_rx_energy_mj":8, "node_time":347364, "total_sent":32, "total_received":32, "bytes_tx":60, "bytes_rx":12, "r2n_latency":74, "lqi":100, "rssi":-81, "server_sent":32, "server_received":64, "server_bytes_rx":60, "n2r_latency":46, "hops":0, "rtt_latency":387, "root_time_now":347410}
[Mote:3] Sensor IPv6 = fe80::203:3:3:3
[Mote:1] {"node":"fd00::203:3:3:3", "cpu_energy_mj":18, "lpm_energy_mj":0, "radio_tx_energy_mj":0, "radio_rx_energy_mj":8, "node_time":349480, "total_sent":31, "total_received":30, "bytes_tx":60, "bytes_rx":12, "r2n_latency":424, "lqi":100, "rssi":-91, "server_sent":30, "server_received":61, "server_bytes_rx":60, "n2r_latency":100, "hops":1, "rtt_latency":422, "root_time_now":349580}
[Mote:2] Sensor IPv6 = fe80::202:2:2:2
[Mote:1] {"node":"fd00::202:2:2:2", "cpu_energy_mj":18, "lpm_energy_mj":0, "radio_tx_energy_mj":0, "radio_rx_energy_mj":8, "node_time":357895, "total_sent":33, "total_received":33, "bytes_tx":60, "bytes_rx":12, "r2n_latency":14, "lqi":100, "rssi":-81, "server_sent":33, "server_received":66, "server_bytes_rx":60, "n2r_latency":15, "hops":0, "rtt_latency":427, "root_time_now":357910}
[Mote:3] Sensor IPv6 = fe80::203:3:3:3
[Mote:1] {"node":"fd00::203:3:3:3", "cpu_energy_mj":18, "lpm_energy_mj":0, "radio_tx_energy_mj":0, "radio_rx_energy_mj":8, "node_time":359742, "total_sent":32, "total_received":31, "bytes_tx":60, "bytes_rx":12, "r2n_latency":924, "lqi":100, "rssi":-91, "server_sent":31, "server_received":63, "server_bytes_rx":60, "n2r_latency":128, "hops":1, "rtt_latency":532, "root_time_now":359870}
[Mote:2] Sensor IPv6 = fe80::202:2:2:2
[Mote:1] {"node":"fd00::202:2:2:2", "cpu_energy_mj":18, "lpm_energy_mj":0, "radio_tx_energy_mj":0, "radio_rx_energy_mj":8, "node_time":368424, "total_sent":34, "total_received":34, "bytes_tx":60, "bytes_rx":12, "r2n_latency":24, "lqi":100, "rssi":-81, "server_sent":34, "server_received":68, "server_bytes_rx":60, "n2r_latency":56, "hops":0, "rtt_latency":117, "root_time_now":368480}
[Mote:3] Sensor IPv6 = fe80::203:3:3:3
[Mote:1] {"node":"fd00::203:3:3:3", "cpu_energy_mj":18, "lpm_energy_mj":0, "radio_tx_energy_mj":0, "radio_rx_energy_mj":8, "node_time":370008, "total_sent":33, "total_received":32, "bytes_tx":60, "bytes_rx":12, "r2n_latency":304, "lqi":100, "rssi":-91, "server_sent":33, "server_received":65, "server_bytes_rx":60, "n2r_latency":1482, "hops":1, "rtt_latency":222, "root_time_now":371490}
[Mote:2] Sensor IPv6 = fe80::202:2:2:2
[Mote:1] {"node":"fd00::202:2:2:2", "cpu_energy_mj":18, "lpm_energy_mj":0, "radio_tx_energy_mj":0, "radio_rx_energy_mj":8, "node_time":378957, "total_sent":35, "total_received":35, "bytes_tx":60, "bytes_rx":12, "r2n_latency":174, "lqi":100, "rssi":-81, "server_sent":35, "server_received":70, "server_bytes_rx":60, "n2r_latency":23, "hops":0, "rtt_latency":227, "root_time_now":378980}
[Mote:3] Sensor IPv6 = fe80::203:3:3:3
[Mote:1] {"node":"fd00::203:3:3:3", "cpu_energy_mj":18, "lpm_energy_mj":0, "radio_tx_energy_mj":0, "radio_rx_energy_mj":8, "node_time":380272, "total_sent":34, "total_received":33, "bytes_tx":60, "bytes_rx":12, "r2n_latency":944, "lqi":100, "rssi":-91, "server_sent":34, "server_received":67, "server_bytes_rx":60, "n2r_latency":178, "hops":1, "rtt_latency":787, "root_time_now":380450}
[Mote:2] Sensor IPv6 = fe80::202:2:2:2
[Mote:1] {"node":"fd00::202:2:2:2", "cpu_energy_mj":18, "lpm_energy_mj":0, "radio_tx_energy_mj":0, "radio_rx_energy_mj":8, "node_time":389488, "total_sent":36, "total_received":36, "bytes_tx":60, "bytes_rx":12, "r2n_latency":44, "lqi":100, "rssi":-81, "server_sent":36, "server_received":72, "server_bytes_rx":60, "n2r_latency":62, "hops":0, "rtt_latency":92, "root_time_now":389550}
[Mote:3] Sensor IPv6 = fe80::203:3:3:3
[Mote:1] {"node":"fd00::203:3:3:3", "cpu_energy_mj":18, "lpm_energy_mj":0, "radio_tx_energy_mj":0, "radio_rx_energy_mj":8, "node_time":390534, "total_sent":35, "total_received":35, "bytes_tx":60, "bytes_rx":12, "r2n_latency":404, "lqi":100, "rssi":-91, "server_sent":35, "server_received":70, "server_bytes_rx":60, "n2r_latency":136, "hops":1, "rtt_latency":272, "root_time_now":390670}
[Mote:2] Sensor IPv6 = fe80::202:2:2:2
[Mote:1] {"node":"fd00::202:2:2:2", "cpu_energy_mj":18, "lpm_energy_mj":0, "radio_tx_energy_mj":0, "radio_rx_energy_mj":8, "node_time":400015, "total_sent":37, "total_received":37, "bytes_tx":60, "bytes_rx":12, "r2n_latency":54, "lqi":100, "rssi":-81, "server_sent":38, "server_received":74, "server_bytes_rx":60, "n2r_latency":315, "hops":0, "rtt_latency":167, "root_time_now":400330}
[Mote:3] Sensor IPv6 = fe80::203:3:3:3
[Mote:1] {"node":"fd00::203:3:3:3", "cpu_energy_mj":18, "lpm_energy_mj":0, "radio_tx_energy_mj":0, "radio_rx_energy_mj":8, "node_time":400798, "total_sent":36, "total_received":36, "bytes_tx":60, "bytes_rx":12, "r2n_latency":484, "lqi":100, "rssi":-91, "server_sent":36, "server_received":72, "server_bytes_rx":60, "n2r_latency":92, "hops":1, "rtt_latency":312, "root_time_now":400890}
[Mote:2] Sensor IPv6 = fe80::202:2:2:2
[Mote:1] {"node":"fd00::202:2:2:2", "cpu_energy_mj":18, "lpm_energy_mj":0, "radio_tx_energy_mj":0, "radio_rx_energy_mj":8, "node_time":410548, "total_sent":38, "total_received":39, "bytes_tx":60, "bytes_rx":12, "r2n_latency":74, "lqi":100, "rssi":-81, "server_sent":39, "server_received":77, "server_bytes_rx":60, "n2r_latency":72, "hops":0, "rtt_latency":177, "root_time_now":410620}
[Mote:3] Sensor IPv6 = fe80::203:3:3:3
[Mote:1] {"node":"fd00::203:3:3:3", "cpu_energy_mj":18, "lpm_energy_mj":0, "radio_tx_energy_mj":0, "radio_rx_energy_mj":8, "node_time":411062, "total_sent":37, "total_received":37, "bytes_tx":60, "bytes_rx":12, "r2n_latency":424, "lqi":100, "rssi":-91, "server_sent":37, "server_received":74, "server_bytes_rx":60, "n2r_latency":118, "hops":1, "rtt_latency":282, "root_time_now":411180}
[Mote:2] Sensor IPv6 = fe80::202:2:2:2
[Mote:1] {"node":"fd00::202:2:2:2", "cpu_energy_mj":18, "lpm_energy_mj":0, "radio_tx_energy_mj":0, "radio_rx_energy_mj":8, "node_time":421079, "total_sent":39, "total_received":40, "bytes_tx":60, "bytes_rx":12, "r2n_latency":14, "lqi":100, "rssi":-81, "server_sent":40, "server_received":79, "server_bytes_rx":60, "n2r_latency":111, "hops":0, "rtt_latency":147, "root_time_now":421190}
[Mote:3] Sensor IPv6 = fe80::203:3:3:3
[Mote:1] {"node":"fd00::203:3:3:3", "cpu_energy_mj":18, "lpm_energy_mj":0, "radio_tx_energy_mj":0, "radio_rx_energy_mj":8, "node_time":421328, "total_sent":38, "total_received":38, "bytes_tx":60, "bytes_rx":12, "r2n_latency":434, "lqi":100, "rssi":-91, "server_sent":38, "server_received":76, "server_bytes_rx":60, "n2r_latency":142, "hops":1, "rtt_latency":287, "root_time_now":421470}
[Mote:3] Sensor IPv6 = fe80::203:3:3:3
[Mote:2] Sensor IPv6 = fe80::202:2:2:2
[Mote:1] {"node":"fd00::202:2:2:2", "cpu_energy_mj":18, "lpm_energy_mj":0, "radio_tx_energy_mj":0, "radio_rx_energy_mj":8, "node_time":431610, "total_sent":40, "total_received":41, "bytes_tx":60, "bytes_rx":12, "r2n_latency":24, "lqi":100, "rssi":-81, "server_sent":41, "server_received":81, "server_bytes_rx":60, "n2r_latency":430, "hops":0, "rtt_latency":152, "root_time_now":432040}
[Mote:1] {"node":"fd00::203:3:3:3", "cpu_energy_mj":18, "lpm_energy_mj":0, "radio_tx_energy_mj":0, "radio_rx_energy_mj":8, "node_time":431590, "total_sent":39, "total_received":39, "bytes_tx":60, "bytes_rx":12, "r2n_latency":374, "lqi":100, "rssi":-91, "server_sent":39, "server_received":78, "server_bytes_rx":60, "n2r_latency":660, "hops":1, "rtt_latency":257, "root_time_now":432250}
[Mote:3] Sensor IPv6 = fe80::203:3:3:3
[Mote:1] {"node":"fd00::203:3:3:3", "cpu_energy_mj":18, "lpm_energy_mj":0, "radio_tx_energy_mj":0, "radio_rx_energy_mj":8, "node_time":441854, "total_sent":40, "total_received":40, "bytes_tx":60, "bytes_rx":12, "r2n_latency":384, "lqi":100, "rssi":-91, "server_sent":40, "server_received":80, "server_bytes_rx":60, "n2r_latency":126, "hops":1, "rtt_latency":262, "root_time_now":441980}
[Mote:2] Sensor IPv6 = fe80::202:2:2:2
[Mote:1] {"node":"fd00::202:2:2:2", "cpu_energy_mj":18, "lpm_energy_mj":0, "radio_tx_energy_mj":0, "radio_rx_energy_mj":8, "node_time":442139, "total_sent":41, "total_received":42, "bytes_tx":60, "bytes_rx":12, "r2n_latency":34, "lqi":100, "rssi":-81, "server_sent":42, "server_received":83, "server_bytes_rx":60, "n2r_latency":51, "hops":0, "rtt_latency":87, "root_time_now":442190}
[Mote:3] Sensor IPv6 = fe80::203:3:3:3
[Mote:1] {"node":"fd00::203:3:3:3", "cpu_energy_mj":18, "lpm_energy_mj":0, "radio_tx_energy_mj":0, "radio_rx_energy_mj":8, "node_time":452118, "total_sent":41, "total_received":41, "bytes_tx":60, "bytes_rx":12, "r2n_latency":324, "lqi":100, "rssi":-91, "server_sent":41, "server_received":82, "server_bytes_rx":60, "n2r_latency":82, "hops":1, "rtt_latency":232, "root_time_now":452200}
[Mote:2] Sensor IPv6 = fe80::202:2:2:2
[Mote:1] {"node":"fd00::202:2:2:2", "cpu_energy_mj":18, "lpm_energy_mj":0, "radio_tx_energy_mj":0, "radio_rx_energy_mj":8, "node_time":452670, "total_sent":42, "total_received":43, "bytes_tx":60, "bytes_rx":12, "r2n_latency":44, "lqi":100, "rssi":-81, "server_sent":43, "server_received":85, "server_bytes_rx":60, "n2r_latency":20, "hops":0, "rtt_latency":127, "root_time_now":452690}
[Mote:3] Sensor IPv6 = fe80::203:3:3:3
[Mote:1] {"node":"fd00::203:3:3:3", "cpu_energy_mj":18, "lpm_energy_mj":0, "radio_tx_energy_mj":0, "radio_rx_energy_mj":8, "node_time":462382, "total_sent":42, "total_received":42, "bytes_tx":60, "bytes_rx":12, "r2n_latency":404, "lqi":100, "rssi":-91, "server_sent":42, "server_received":84, "server_bytes_rx":60, "n2r_latency":108, "hops":1, "rtt_latency":272, "root_time_now":462490}
[Mote:2] Sensor IPv6 = fe80::202:2:2:2
[Mote:1] {"node":"fd00::202:2:2:2", "cpu_energy_mj":18, "lpm_energy_mj":0, "radio_tx_energy_mj":0, "radio_rx_energy_mj":8, "node_time":463201, "total_sent":43, "total_received":44, "bytes_tx":60, "bytes_rx":12, "r2n_latency":54, "lqi":100, "rssi":-81, "server_sent":44, "server_received":87, "server_bytes_rx":60, "n2r_latency":59, "hops":0, "rtt_latency":97, "root_time_now":463260}
[Mote:3] Sensor IPv6 = fe80::203:3:3:3
[Mote:1] {"node":"fd00::203:3:3:3", "cpu_energy_mj":18, "lpm_energy_mj":0, "radio_tx_energy_mj":0, "radio_rx_energy_mj":8, "node_time":472646, "total_sent":43, "total_received":43, "bytes_tx":60, "bytes_rx":12, "r2n_latency":484, "lqi":100, "rssi":-91, "server_sent":43, "server_received":86, "server_bytes_rx":60, "n2r_latency":134, "hops":1, "rtt_latency":312, "root_time_now":472780}
[Mote:2] Sensor IPv6 = fe80::202:2:2:2
[Mote:1] {"node":"fd00::202:2:2:2", "cpu_energy_mj":18, "lpm_energy_mj":0, "radio_tx_energy_mj":0, "radio_rx_energy_mj":8, "node_time":473732, "total_sent":44, "total_received":45, "bytes_tx":60, "bytes_rx":12, "r2n_latency":64, "lqi":100, "rssi":-81, "server_sent":45, "server_received":89, "server_bytes_rx":60, "n2r_latency":28, "hops":0, "rtt_latency":102, "root_time_now":473760}
[Mote:3] Sensor IPv6 = fe80::203:3:3:3
[Mote:1] {"node":"fd00::203:3:3:3", "cpu_energy_mj":18, "lpm_energy_mj":0, "radio_tx_energy_mj":0, "radio_rx_energy_mj":8, "node_time":482910, "total_sent":44, "total_received":44, "bytes_tx":60, "bytes_rx":12, "r2n_latency":494, "lqi":100, "rssi":-91, "server_sent":44, "server_received":88, "server_bytes_rx":60, "n2r_latency":90, "hops":1, "rtt_latency":352, "root_time_now":483000}
[Mote:2] Sensor IPv6 = fe80::202:2:2:2
[Mote:1] {"node":"fd00::202:2:2:2", "cpu_energy_mj":18, "lpm_energy_mj":0, "radio_tx_energy_mj":0, "radio_rx_energy_mj":8, "node_time":484263, "total_sent":45, "total_received":46, "bytes_tx":60, "bytes_rx":12, "r2n_latency":74, "lqi":100, "rssi":-81, "server_sent":46, "server_received":91, "server_bytes_rx":60, "n2r_latency":67, "hops":0, "rtt_latency":317, "root_time_now":484330}
[Mote:3] Sensor IPv6 = fe80::203:3:3:3
[Mote:1] {"node":"fd00::203:3:3:3", "cpu_energy_mj":18, "lpm_energy_mj":0, "radio_tx_energy_mj":0, "radio_rx_energy_mj":8, "node_time":493174, "total_sent":45, "total_received":45, "bytes_tx":60, "bytes_rx":12, "r2n_latency":854, "lqi":100, "rssi":-91, "server_sent":45, "server_received":90, "server_bytes_rx":60, "n2r_latency":116, "hops":1, "rtt_latency":497, "root_time_now":493290}
[Mote:2] Sensor IPv6 = fe80::202:2:2:2
[Mote:1] {"node":"fd00::202:2:2:2", "cpu_energy_mj":18, "lpm_energy_mj":0, "radio_tx_energy_mj":0, "radio_rx_energy_mj":8, "node_time":494794, "total_sent":46, "total_received":47, "bytes_tx":60, "bytes_rx":12, "r2n_latency":14, "lqi":100, "rssi":-81, "server_sent":47, "server_received":93, "server_bytes_rx":60, "n2r_latency":36, "hops":0, "rtt_latency":182, "root_time_now":494830}
[Mote:3] Sensor IPv6 = fe80::203:3:3:3
[Mote:1] {"node":"fd00::203:3:3:3", "cpu_energy_mj":18, "lpm_energy_mj":0, "radio_tx_energy_mj":0, "radio_rx_energy_mj":8, "node_time":503439, "total_sent":46, "total_received":46, "bytes_tx":60, "bytes_rx":12, "r2n_latency":584, "lqi":100, "rssi":-91, "server_sent":46, "server_received":92, "server_bytes_rx":60, "n2r_latency":141, "hops":1, "rtt_latency":362, "root_time_now":503580}
[Mote:2] Sensor IPv6 = fe80::202:2:2:2
[Mote:1] {"node":"fd00::202:2:2:2", "cpu_energy_mj":18, "lpm_energy_mj":0, "radio_tx_energy_mj":0, "radio_rx_energy_mj":8, "node_time":505327, "total_sent":47, "total_received":48, "bytes_tx":60, "bytes_rx":12, "r2n_latency":24, "lqi":100, "rssi":-81, "server_sent":48, "server_received":95, "server_bytes_rx":60, "n2r_latency":73, "hops":0, "rtt_latency":257, "root_time_now":505400}
[Mote:3] Sensor IPv6 = fe80::203:3:3:3
[Mote:1] {"node":"fd00::203:3:3:3", "cpu_energy_mj":18, "lpm_energy_mj":0, "radio_tx_energy_mj":0, "radio_rx_energy_mj":8, "node_time":513702, "total_sent":47, "total_received":47, "bytes_tx":60, "bytes_rx":12, "r2n_latency":454, "lqi":100, "rssi":-91, "server_sent":47, "server_received":94, "server_bytes_rx":60, "n2r_latency":98, "hops":1, "rtt_latency":297, "root_time_now":513800}
[Mote:2] Sensor IPv6 = fe80::202:2:2:2
[Mote:1] {"node":"fd00::202:2:2:2", "cpu_energy_mj":18, "lpm_energy_mj":0, "radio_tx_energy_mj":0, "radio_rx_energy_mj":8, "node_time":515860, "total_sent":48, "total_received":49, "bytes_tx":60, "bytes_rx":12, "r2n_latency":34, "lqi":100, "rssi":-81, "server_sent":49, "server_received":97, "server_bytes_rx":60, "n2r_latency":40, "hops":0, "rtt_latency":192, "root_time_now":515900}
[Mote:3] Sensor IPv6 = fe80::203:3:3:3
[Mote:1] {"node":"fd00::203:3:3:3", "cpu_energy_mj":18, "lpm_energy_mj":0, "radio_tx_energy_mj":0, "radio_rx_energy_mj":8, "node_time":523966, "total_sent":48, "total_received":48, "bytes_tx":60, "bytes_rx":12, "r2n_latency":464, "lqi":100, "rssi":-91, "server_sent":48, "server_received":96, "server_bytes_rx":60, "n2r_latency":124, "hops":1, "rtt_latency":302, "root_time_now":524090}
[Mote:2] Sensor IPv6 = fe80::202:2:2:2
[Mote:1] {"node":"fd00::202:2:2:2", "cpu_energy_mj":18, "lpm_energy_mj":0, "radio_tx_energy_mj":0, "radio_rx_energy_mj":8, "node_time":526387, "total_sent":49, "total_received":50, "bytes_tx":60, "bytes_rx":12, "r2n_latency":44, "lqi":100, "rssi":-81, "server_sent":50, "server_received":99, "server_bytes_rx":60, "n2r_latency":13, "hops":0, "rtt_latency":162, "root_time_now":526400}
[Mote:3] Sensor IPv6 = fe80::203:3:3:3
[Mote:1] {"node":"fd00::203:3:3:3", "cpu_energy_mj":18, "lpm_energy_mj":0, "radio_tx_energy_mj":0, "radio_rx_energy_mj":8, "node_time":534232, "total_sent":49, "total_received":49, "bytes_tx":60, "bytes_rx":12, "r2n_latency":404, "lqi":100, "rssi":-91, "server_sent":49, "server_received":98, "server_bytes_rx":60, "n2r_latency":78, "hops":1, "rtt_latency":272, "root_time_now":534310}
[Mote:2] Sensor IPv6 = fe80::202:2:2:2
[Mote:1] {"node":"fd00::202:2:2:2", "cpu_energy_mj":18, "lpm_energy_mj":0, "radio_tx_energy_mj":0, "radio_rx_energy_mj":8, "node_time":536918, "total_sent":50, "total_received":51, "bytes_tx":60, "bytes_rx":12, "r2n_latency":54, "lqi":100, "rssi":-81, "server_sent":51, "server_received":101, "server_bytes_rx":60, "n2r_latency":52, "hops":0, "rtt_latency":167, "root_time_now":536970}
[Mote:3] Sensor IPv6 = fe80::203:3:3:3
[Mote:1] {"node":"fd00::203:3:3:3", "cpu_energy_mj":18, "lpm_energy_mj":0, "radio_tx_energy_mj":0, "radio_rx_energy_mj":8, "node_time":544494, "total_sent":50, "total_received":50, "bytes_tx":60, "bytes_rx":12, "r2n_latency":414, "lqi":100, "rssi":-91, "server_sent":50, "server_received":100, "server_bytes_rx":60, "n2r_latency":106, "hops":1, "rtt_latency":277, "root_time_now":544600}
[Mote:2] Sensor IPv6 = fe80::202:2:2:2
[Mote:1] {"node":"fd00::202:2:2:2", "cpu_energy_mj":18, "lpm_energy_mj":0, "radio_tx_energy_mj":0, "radio_rx_energy_mj":8, "node_time":547449, "total_sent":51, "total_received":52, "bytes_tx":60, "bytes_rx":12, "r2n_latency":64, "lqi":100, "rssi":-81, "server_sent":52, "server_received":103, "server_bytes_rx":60, "n2r_latency":21, "hops":0, "rtt_latency":172, "root_time_now":547470}
[Mote:3] Sensor IPv6 = fe80::203:3:3:3
[Mote:1] {"node":"fd00::203:3:3:3", "cpu_energy_mj":18, "lpm_energy_mj":0, "radio_tx_energy_mj":0, "radio_rx_energy_mj":8, "node_time":554758, "total_sent":51, "total_received":51, "bytes_tx":60, "bytes_rx":12, "r2n_latency":494, "lqi":100, "rssi":-91, "server_sent":51, "server_received":102, "server_bytes_rx":60, "n2r_latency":132, "hops":1, "rtt_latency":317, "root_time_now":554890}
[Mote:2] Sensor IPv6 = fe80::202:2:2:2
[Mote:1] {"node":"fd00::202:2:2:2", "cpu_energy_mj":18, "lpm_energy_mj":0, "radio_tx_energy_mj":0, "radio_rx_energy_mj":8, "node_time":557984, "total_sent":52, "total_received":53, "bytes_tx":60, "bytes_rx":12, "r2n_latency":74, "lqi":100, "rssi":-81, "server_sent":53, "server_received":105, "server_bytes_rx":60, "n2r_latency":56, "hops":0, "rtt_latency":142, "root_time_now":558040}
[Mote:3] Sensor IPv6 = fe80::203:3:3:3
[Mote:1] {"node":"fd00::203:3:3:3", "cpu_energy_mj":18, "lpm_energy_mj":0, "radio_tx_energy_mj":0, "radio_rx_energy_mj":8, "node_time":565024, "total_sent":52, "total_received":52, "bytes_tx":60, "bytes_rx":12, "r2n_latency":434, "lqi":100, "rssi":-91, "server_sent":52, "server_received":104, "server_bytes_rx":60, "n2r_latency":86, "hops":1, "rtt_latency":287, "root_time_now":565110}
[Mote:2] Sensor IPv6 = fe80::202:2:2:2
[Mote:1] {"node":"fd00::202:2:2:2", "cpu_energy_mj":18, "lpm_energy_mj":0, "radio_tx_energy_mj":0, "radio_rx_energy_mj":8, "node_time":568511, "total_sent":53, "total_received":54, "bytes_tx":60, "bytes_rx":12, "r2n_latency":14, "lqi":100, "rssi":-81, "server_sent":54, "server_received":107, "server_bytes_rx":60, "n2r_latency":29, "hops":0, "rtt_latency":112, "root_time_now":568540}
[Mote:3] Sensor IPv6 = fe80::203:3:3:3
[Mote:1] {"node":"fd00::203:3:3:3", "cpu_energy_mj":18, "lpm_energy_mj":0, "radio_tx_energy_mj":0, "radio_rx_energy_mj":8, "node_time":575288, "total_sent":53, "total_received":53, "bytes_tx":60, "bytes_rx":12, "r2n_latency":654, "lqi":100, "rssi":-91, "server_sent":53, "server_received":106, "server_bytes_rx":60, "n2r_latency":112, "hops":1, "rtt_latency":502, "root_time_now":575400}
[Mote:2] Sensor IPv6 = fe80::202:2:2:2
[Mote:1] {"node":"fd00::202:2:2:2", "cpu_energy_mj":18, "lpm_energy_mj":0, "radio_tx_energy_mj":0, "radio_rx_energy_mj":8, "node_time":579042, "total_sent":54, "total_received":55, "bytes_tx":60, "bytes_rx":12, "r2n_latency":24, "lqi":100, "rssi":-81, "server_sent":55, "server_received":109, "server_bytes_rx":60, "n2r_latency":68, "hops":0, "rtt_latency":467, "root_time_now":579110}
[Mote:3] Sensor IPv6 = fe80::203:3:3:3
[Mote:1] {"node":"fd00::203:3:3:3", "cpu_energy_mj":18, "lpm_energy_mj":0, "radio_tx_energy_mj":0, "radio_rx_energy_mj":8, "node_time":585550, "total_sent":54, "total_received":54, "bytes_tx":60, "bytes_rx":12, "r2n_latency":454, "lqi":100, "rssi":-91, "server_sent":54, "server_received":108, "server_bytes_rx":60, "n2r_latency":140, "hops":1, "rtt_latency":297, "root_time_now":585690}
[Mote:2] Sensor IPv6 = fe80::202:2:2:2
[Mote:1] {"node":"fd00::202:2:2:2", "cpu_energy_mj":18, "lpm_energy_mj":0, "radio_tx_energy_mj":0, "radio_rx_energy_mj":8, "node_time":589573, "total_sent":55, "total_received":56, "bytes_tx":60, "bytes_rx":12, "r2n_latency":34, "lqi":100, "rssi":-81, "server_sent":56, "server_received":111, "server_bytes_rx":60, "n2r_latency":37, "hops":0, "rtt_latency":122, "root_time_now":589610}
[Mote:3] Sensor IPv6 = fe80::203:3:3:3
[Mote:1] {"node":"fd00::203:3:3:3", "cpu_energy_mj":18, "lpm_energy_mj":0, "radio_tx_energy_mj":0, "radio_rx_energy_mj":8, "node_time":595814, "total_sent":55, "total_received":55, "bytes_tx":60, "bytes_rx":12, "r2n_latency":324, "lqi":100, "rssi":-91, "server_sent":55, "server_received":110, "server_bytes_rx":60, "n2r_latency":96, "hops":1, "rtt_latency":232, "root_time_now":595910}
[Mote:2] Sensor IPv6 = fe80::202:2:2:2
[Mote:1] {"node":"fd00::202:2:2:2", "cpu_energy_mj":18, "lpm_energy_mj":0, "radio_tx_energy_mj":0, "radio_rx_energy_mj":8, "node_time":600106, "total_sent":56, "total_received":58, "bytes_tx":60, "bytes_rx":12, "r2n_latency":54, "lqi":100, "rssi":-81, "server_sent":58, "server_received":114, "server_bytes_rx":60, "n2r_latency":424, "hops":0, "rtt_latency":97, "root_time_now":600530}
[Mote:3] Sensor IPv6 = fe80::203:3:3:3
[Mote:1] {"node":"fd00::203:3:3:3", "cpu_energy_mj":18, "lpm_energy_mj":0, "radio_tx_energy_mj":0, "radio_rx_energy_mj":8, "node_time":606080, "total_sent":56, "total_received":56, "bytes_tx":60, "bytes_rx":12, "r2n_latency":824, "lqi":100, "rssi":-91, "server_sent":56, "server_received":112, "server_bytes_rx":60, "n2r_latency":120, "hops":1, "rtt_latency":482, "root_time_now":606200}
[Mote:2] Sensor IPv6 = fe80::202:2:2:2
[Mote:1] {"node":"fd00::202:2:2:2", "cpu_energy_mj":18, "lpm_energy_mj":0, "radio_tx_energy_mj":0, "radio_rx_energy_mj":8, "node_time":610637, "total_sent":57, "total_received":59, "bytes_tx":60, "bytes_rx":12, "r2n_latency":64, "lqi":100, "rssi":-81, "server_sent":59, "server_received":116, "server_bytes_rx":60, "n2r_latency":253, "hops":0, "rtt_latency":382, "root_time_now":610890}
[Mote:3] Sensor IPv6 = fe80::203:3:3:3
[Mote:1] {"node":"fd00::203:3:3:3", "cpu_energy_mj":18, "lpm_energy_mj":0, "radio_tx_energy_mj":0, "radio_rx_energy_mj":8, "node_time":616342, "total_sent":57, "total_received":57, "bytes_tx":60, "bytes_rx":12, "r2n_latency":344, "lqi":100, "rssi":-91, "server_sent":57, "server_received":114, "server_bytes_rx":60, "n2r_latency":78, "hops":1, "rtt_latency":417, "root_time_now":616420}
[Mote:2] Sensor IPv6 = fe80::202:2:2:2
[Mote:1] {"node":"fd00::202:2:2:2", "cpu_energy_mj":18, "lpm_energy_mj":0, "radio_tx_energy_mj":0, "radio_rx_energy_mj":8, "node_time":621168, "total_sent":58, "total_received":60, "bytes_tx":60, "bytes_rx":12, "r2n_latency":74, "lqi":100, "rssi":-81, "server_sent":60, "server_received":118, "server_bytes_rx":60, "n2r_latency":12, "hops":0, "rtt_latency":212, "root_time_now":621180}
[Mote:3] Sensor IPv6 = fe80::203:3:3:3
[Mote:1] {"node":"fd00::203:3:3:3", "cpu_energy_mj":18, "lpm_energy_mj":0, "radio_tx_energy_mj":0, "radio_rx_energy_mj":8, "node_time":626606, "total_sent":58, "total_received":58, "bytes_tx":60, "bytes_rx":12, "r2n_latency":284, "lqi":100, "rssi":-91, "server_sent":58, "server_received":116, "server_bytes_rx":60, "n2r_latency":104, "hops":1, "rtt_latency":247, "root_time_now":626710}
[Mote:2] Sensor IPv6 = fe80::202:2:2:2
[Mote:1] {"node":"fd00::202:2:2:2", "cpu_energy_mj":18, "lpm_energy_mj":0, "radio_tx_energy_mj":0, "radio_rx_energy_mj":8, "node_time":631699, "total_sent":59, "total_received":61, "bytes_tx":60, "bytes_rx":12, "r2n_latency":14, "lqi":100, "rssi":-81, "server_sent":61, "server_received":120, "server_bytes_rx":60, "n2r_latency":51, "hops":0, "rtt_latency":427, "root_time_now":631750}
[Mote:3] Sensor IPv6 = fe80::203:3:3:3
[Mote:1] {"node":"fd00::203:3:3:3", "cpu_energy_mj":18, "lpm_energy_mj":0, "radio_tx_energy_mj":0, "radio_rx_energy_mj":8, "node_time":636872, "total_sent":59, "total_received":59, "bytes_tx":60, "bytes_rx":12, "r2n_latency":644, "lqi":100, "rssi":-91, "server_sent":59, "server_received":118, "server_bytes_rx":60, "n2r_latency":128, "hops":1, "rtt_latency":462, "root_time_now":637000}
[Mote:2] Sensor IPv6 = fe80::202:2:2:2
[Mote:1] {"node":"fd00::202:2:2:2", "cpu_energy_mj":18, "lpm_energy_mj":0, "radio_tx_energy_mj":0, "radio_rx_energy_mj":8, "node_time":642230, "total_sent":60, "total_received":62, "bytes_tx":60, "bytes_rx":12, "r2n_latency":23, "lqi":100, "rssi":-81, "server_sent":62, "server_received":122, "server_bytes_rx":60, "n2r_latency":20, "hops":0, "rtt_latency":151, "root_time_now":642250}
[Mote:3] Sensor IPv6 = fe80::203:3:3:3
[Mote:1] {"node":"fd00::203:3:3:3", "cpu_energy_mj":18, "lpm_energy_mj":0, "radio_tx_energy_mj":0, "radio_rx_energy_mj":8, "node_time":647134, "total_sent":60, "total_received":60, "bytes_tx":60, "bytes_rx":12, "r2n_latency":863, "lqi":100, "rssi":-91, "server_sent":60, "server_received":120, "server_bytes_rx":60, "n2r_latency":86, "hops":1, "rtt_latency":501, "root_time_now":647220}
[Mote:2] Sensor IPv6 = fe80::202:2:2:2
[Mote:1] {"node":"fd00::202:2:2:2", "cpu_energy_mj":18, "lpm_energy_mj":0, "radio_tx_energy_mj":0, "radio_rx_energy_mj":8, "node_time":652761, "total_sent":61, "total_received":63, "bytes_tx":60, "bytes_rx":12, "r2n_latency":34, "lqi":100, "rssi":-81, "server_sent":63, "server_received":124, "server_bytes_rx":60, "n2r_latency":59, "hops":0, "rtt_latency":87, "root_time_now":652820}
[Mote:3] Sensor IPv6 = fe80::203:3:3:3
[Mote:1] {"node":"fd00::203:3:3:3", "cpu_energy_mj":18, "lpm_energy_mj":0, "radio_tx_energy_mj":0, "radio_rx_energy_mj":8, "node_time":657398, "total_sent":61, "total_received":61, "bytes_tx":60, "bytes_rx":12, "r2n_latency":314, "lqi":100, "rssi":-91, "server_sent":61, "server_received":122, "server_bytes_rx":60, "n2r_latency":112, "hops":1, "rtt_latency":227, "root_time_now":657510}
[Mote:2] Sensor IPv6 = fe80::202:2:2:2
[Mote:1] {"node":"fd00::202:2:2:2", "cpu_energy_mj":18, "lpm_energy_mj":0, "radio_tx_energy_mj":0, "radio_rx_energy_mj":8, "node_time":663292, "total_sent":62, "total_received":64, "bytes_tx":60, "bytes_rx":12, "r2n_latency":44, "lqi":100, "rssi":-81, "server_sent":64, "server_received":126, "server_bytes_rx":60, "n2r_latency":28, "hops":0, "rtt_latency":197, "root_time_now":663320}
[Mote:3] Sensor IPv6 = fe80::203:3:3:3
[Mote:1] {"node":"fd00::203:3:3:3", "cpu_energy_mj":18, "lpm_energy_mj":0, "radio_tx_energy_mj":0, "radio_rx_energy_mj":8, "node_time":667664, "total_sent":62, "total_received":62, "bytes_tx":60, "bytes_rx":12, "r2n_latency":464, "lqi":100, "rssi":-91, "server_sent":62, "server_received":124, "server_bytes_rx":60, "n2r_latency":136, "hops":1, "rtt_latency":302, "root_time_now":667800}
[Mote:2] Sensor IPv6 = fe80::202:2:2:2
[Mote:1] {"node":"fd00::202:2:2:2", "cpu_energy_mj":18, "lpm_energy_mj":0, "radio_tx_energy_mj":0, "radio_rx_energy_mj":8, "node_time":673823, "total_sent":63, "total_received":65, "bytes_tx":60, "bytes_rx":12, "r2n_latency":54, "lqi":100, "rssi":-81, "server_sent":65, "server_received":128, "server_bytes_rx":60, "n2r_latency":67, "hops":0, "rtt_latency":97, "root_time_now":673890}
[Mote:3] Sensor IPv6 = fe80::203:3:3:3
[Mote:1] {"node":"fd00::203:3:3:3", "cpu_energy_mj":18, "lpm_energy_mj":0, "radio_tx_energy_mj":0, "radio_rx_energy_mj":8, "node_time":677926, "total_sent":63, "total_received":63, "bytes_tx":60, "bytes_rx":12, "r2n_latency":474, "lqi":100, "rssi":-91, "server_sent":63, "server_received":126, "server_bytes_rx":60, "n2r_latency":94, "hops":1, "rtt_latency":307, "root_time_now":678020}
[Mote:2] Sensor IPv6 = fe80::202:2:2:2
[Mote:1] {"node":"fd00::202:2:2:2", "cpu_energy_mj":18, "lpm_energy_mj":0, "radio_tx_energy_mj":0, "radio_rx_energy_mj":8, "node_time":684356, "total_sent":64, "total_received":66, "bytes_tx":60, "bytes_rx":12, "r2n_latency":134, "lqi":100, "rssi":-81, "server_sent":66, "server_received":130, "server_bytes_rx":60, "n2r_latency":34, "hops":0, "rtt_latency":242, "root_time_now":684390}
[Mote:3] Sensor IPv6 = fe80::203:3:3:3
[Mote:1] {"node":"fd00::203:3:3:3", "cpu_energy_mj":18, "lpm_energy_mj":0, "radio_tx_energy_mj":0, "radio_rx_energy_mj":8, "node_time":688190, "total_sent":64, "total_received":64, "bytes_tx":60, "bytes_rx":12, "r2n_latency":554, "lqi":100, "rssi":-91, "server_sent":64, "server_received":128, "server_bytes_rx":60, "n2r_latency":120, "hops":1, "rtt_latency":347, "root_time_now":688310}
[Mote:2] Sensor IPv6 = fe80::202:2:2:2
[Mote:1] {"node":"fd00::202:2:2:2", "cpu_energy_mj":18, "lpm_energy_mj":0, "radio_tx_energy_mj":0, "radio_rx_energy_mj":8, "node_time":694885, "total_sent":65, "total_received":67, "bytes_tx":60, "bytes_rx":12, "r2n_latency":74, "lqi":100, "rssi":-81, "server_sent":67, "server_received":132, "server_bytes_rx":60, "n2r_latency":75, "hops":0, "rtt_latency":107, "root_time_now":694960}
[Mote:3] Sensor IPv6 = fe80::203:3:3:3
[Mote:1] {"node":"fd00::203:3:3:3", "cpu_energy_mj":18, "lpm_energy_mj":0, "radio_tx_energy_mj":0, "radio_rx_energy_mj":8, "node_time":698456, "total_sent":65, "total_received":65, "bytes_tx":60, "bytes_rx":12, "r2n_latency":424, "lqi":100, "rssi":-91, "server_sent":65, "server_received":130, "server_bytes_rx":60, "n2r_latency":74, "hops":1, "rtt_latency":282, "root_time_now":698530}
[Mote:2] Sensor IPv6 = fe80::202:2:2:2
[Mote:1] {"node":"fd00::202:2:2:2", "cpu_energy_mj":18, "lpm_energy_mj":0, "radio_tx_energy_mj":0, "radio_rx_energy_mj":8, "node_time":705416, "total_sent":66, "total_received":68, "bytes_tx":60, "bytes_rx":12, "r2n_latency":14, "lqi":100, "rssi":-81, "server_sent":68, "server_received":134, "server_bytes_rx":60, "n2r_latency":44, "hops":0, "rtt_latency":847, "root_time_now":705460}
[Mote:3] Sensor IPv6 = fe80::203:3:3:3
[Mote:1] {"node":"fd00::203:3:3:3", "cpu_energy_mj":18, "lpm_energy_mj":0, "radio_tx_energy_mj":0, "radio_rx_energy_mj":8, "node_time":708720, "total_sent":66, "total_received":66, "bytes_tx":60, "bytes_rx":12, "r2n_latency":644, "lqi":100, "rssi":-91, "server_sent":66, "server_received":132, "server_bytes_rx":60, "n2r_latency":100, "hops":1, "rtt_latency":882, "root_time_now":708820}
[Mote:2] Sensor IPv6 = fe80::202:2:2:2
[Mote:1] {"node":"fd00::202:2:2:2", "cpu_energy_mj":18, "lpm_energy_mj":0, "radio_tx_energy_mj":0, "radio_rx_energy_mj":8, "node_time":715949, "total_sent":67, "total_received":69, "bytes_tx":60, "bytes_rx":12, "r2n_latency":24, "lqi":100, "rssi":-81, "server_sent":69, "server_received":136, "server_bytes_rx":60, "n2r_latency":11, "hops":0, "rtt_latency":187, "root_time_now":715960}
[Mote:3] Sensor IPv6 = fe80::203:3:3:3
[Mote:1] {"node":"fd00::203:3:3:3", "cpu_energy_mj":18, "lpm_energy_mj":0, "radio_tx_energy_mj":0, "radio_rx_energy_mj":8, "node_time":718982, "total_sent":67, "total_received":67, "bytes_tx":60, "bytes_rx":12, "r2n_latency":444, "lqi":100, "rssi":-91, "server_sent":67, "server_received":134, "server_bytes_rx":60, "n2r_latency":128, "hops":1, "rtt_latency":292, "root_time_now":719110}
[Mote:2] Sensor IPv6 = fe80::202:2:2:2
[Mote:1] {"node":"fd00::202:2:2:2", "cpu_energy_mj":18, "lpm_energy_mj":0, "radio_tx_energy_mj":0, "radio_rx_energy_mj":8, "node_time":726480, "total_sent":68, "total_received":70, "bytes_tx":60, "bytes_rx":12, "r2n_latency":34, "lqi":100, "rssi":-81, "server_sent":70, "server_received":138, "server_bytes_rx":60, "n2r_latency":50, "hops":0, "rtt_latency":962, "root_time_now":726530}
[Mote:3] Sensor IPv6 = fe80::203:3:3:3
[Mote:1] {"node":"fd00::203:3:3:3", "cpu_energy_mj":18, "lpm_energy_mj":0, "radio_tx_energy_mj":0, "radio_rx_energy_mj":8, "node_time":729248, "total_sent":68, "total_received":68, "bytes_tx":60, "bytes_rx":12, "r2n_latency":1784, "lqi":100, "rssi":-91, "server_sent":68, "server_received":136, "server_bytes_rx":60, "n2r_latency":82, "hops":1, "rtt_latency":997, "root_time_now":729330}
[Mote:2] Sensor IPv6 = fe80::202:2:2:2
[Mote:1] {"node":"fd00::202:2:2:2", "cpu_energy_mj":18, "lpm_energy_mj":0, "radio_tx_energy_mj":0, "radio_rx_energy_mj":8, "node_time":737009, "total_sent":69, "total_received":71, "bytes_tx":60, "bytes_rx":12, "r2n_latency":44, "lqi":100, "rssi":-81, "server_sent":71, "server_received":140, "server_bytes_rx":60, "n2r_latency":21, "hops":0, "rtt_latency":127, "root_time_now":737030}
[Mote:3] Sensor IPv6 = fe80::203:3:3:3
[Mote:1] {"node":"fd00::203:3:3:3", "cpu_energy_mj":18, "lpm_energy_mj":0, "radio_tx_energy_mj":0, "radio_rx_energy_mj":8, "node_time":739512, "total_sent":69, "total_received":69, "bytes_tx":60, "bytes_rx":12, "r2n_latency":324, "lqi":100, "rssi":-91, "server_sent":69, "server_received":138, "server_bytes_rx":60, "n2r_latency":108, "hops":1, "rtt_latency":232, "root_time_now":739620}
[Mote:2] Sensor IPv6 = fe80::202:2:2:2
[Mote:1] {"node":"fd00::202:2:2:2", "cpu_energy_mj":18, "lpm_energy_mj":0, "radio_tx_energy_mj":0, "radio_rx_energy_mj":8, "node_time":747540, "total_sent":70, "total_received":72, "bytes_tx":60, "bytes_rx":12, "r2n_latency":54, "lqi":100, "rssi":-81, "server_sent":72, "server_received":142, "server_bytes_rx":60, "n2r_latency":60, "hops":0, "rtt_latency":762, "root_time_now":747600}
[Mote:3] Sensor IPv6 = fe80::203:3:3:3
[Mote:1] {"node":"fd00::203:3:3:3", "cpu_energy_mj":18, "lpm_energy_mj":0, "radio_tx_energy_mj":0, "radio_rx_energy_mj":8, "node_time":749774, "total_sent":70, "total_received":70, "bytes_tx":60, "bytes_rx":12, "r2n_latency":614, "lqi":100, "rssi":-91, "server_sent":70, "server_received":140, "server_bytes_rx":60, "n2r_latency":136, "hops":1, "rtt_latency":797, "root_time_now":749910}
[Mote:2] Sensor IPv6 = fe80::202:2:2:2
[Mote:1] {"node":"fd00::202:2:2:2", "cpu_energy_mj":18, "lpm_energy_mj":0, "radio_tx_energy_mj":0, "radio_rx_energy_mj":8, "node_time":758073, "total_sent":71, "total_received":73, "bytes_tx":60, "bytes_rx":12, "r2n_latency":204, "lqi":100, "rssi":-81, "server_sent":73, "server_received":144, "server_bytes_rx":60, "n2r_latency":27, "hops":0, "rtt_latency":242, "root_time_now":758100}
[Mote:3] Sensor IPv6 = fe80::203:3:3:3
[Mote:1] {"node":"fd00::203:3:3:3", "cpu_energy_mj":18, "lpm_energy_mj":0, "radio_tx_energy_mj":0, "radio_rx_energy_mj":8, "node_time":760038, "total_sent":71, "total_received":71, "bytes_tx":60, "bytes_rx":12, "r2n_latency":624, "lqi":100, "rssi":-91, "server_sent":72, "server_received":142, "server_bytes_rx":60, "n2r_latency":442, "hops":1, "rtt_latency":382, "root_time_now":760480}
[Mote:2] Sensor IPv6 = fe80::202:2:2:2
[Mote:1] {"node":"fd00::202:2:2:2", "cpu_energy_mj":18, "lpm_energy_mj":0, "radio_tx_energy_mj":0, "radio_rx_energy_mj":8, "node_time":768604, "total_sent":72, "total_received":74, "bytes_tx":60, "bytes_rx":12, "r2n_latency":634, "lqi":100, "rssi":-81, "server_sent":74, "server_received":146, "server_bytes_rx":60, "n2r_latency":66, "hops":0, "rtt_latency":457, "root_time_now":768670}
[Mote:3] Sensor IPv6 = fe80::203:3:3:3
[Mote:1] {"node":"fd00::203:3:3:3", "cpu_energy_mj":18, "lpm_energy_mj":0, "radio_tx_energy_mj":0, "radio_rx_energy_mj":8, "node_time":770304, "total_sent":72, "total_received":72, "bytes_tx":60, "bytes_rx":12, "r2n_latency":1054, "lqi":100, "rssi":-91, "server_sent":73, "server_received":144, "server_bytes_rx":60, "n2r_latency":816, "hops":1, "rtt_latency":597, "root_time_now":771120}
[Mote:2] Sensor IPv6 = fe80::202:2:2:2
[Mote:1] {"node":"fd00::202:2:2:2", "cpu_energy_mj":18, "lpm_energy_mj":0, "radio_tx_energy_mj":0, "radio_rx_energy_mj":8, "node_time":779133, "total_sent":73, "total_received":75, "bytes_tx":60, "bytes_rx":12, "r2n_latency":14, "lqi":100, "rssi":-81, "server_sent":75, "server_received":148, "server_bytes_rx":60, "n2r_latency":37, "hops":0, "rtt_latency":532, "root_time_now":779170}
[Mote:3] Sensor IPv6 = fe80::203:3:3:3
[Mote:1] {"node":"fd00::203:3:3:3", "cpu_energy_mj":18, "lpm_energy_mj":0, "radio_tx_energy_mj":0, "radio_rx_energy_mj":8, "node_time":780566, "total_sent":73, "total_received":74, "bytes_tx":60, "bytes_rx":12, "r2n_latency":304, "lqi":100, "rssi":-91, "server_sent":74, "server_received":147, "server_bytes_rx":60, "n2r_latency":144, "hops":1, "rtt_latency":222, "root_time_now":780710}
[Mote:2] Sensor IPv6 = fe80::202:2:2:2
[Mote:1] {"node":"fd00::202:2:2:2", "cpu_energy_mj":18, "lpm_energy_mj":0, "radio_tx_energy_mj":0, "radio_rx_energy_mj":8, "node_time":789666, "total_sent":74, "total_received":76, "bytes_tx":60, "bytes_rx":12, "r2n_latency":24, "lqi":100, "rssi":-81, "server_sent":76, "server_received":150, "server_bytes_rx":60, "n2r_latency":4, "hops":0, "rtt_latency":117, "root_time_now":789670}
[Mote:3] Sensor IPv6 = fe80::203:3:3:3
[Mote:1] {"node":"fd00::203:3:3:3", "cpu_energy_mj":18, "lpm_energy_mj":0, "radio_tx_energy_mj":0, "radio_rx_energy_mj":8, "node_time":790830, "total_sent":74, "total_received":75, "bytes_tx":60, "bytes_rx":12, "r2n_latency":454, "lqi":100, "rssi":-91, "server_sent":75, "server_received":149, "server_bytes_rx":60, "n2r_latency":100, "hops":1, "rtt_latency":297, "root_time_now":790930}
[Mote:2] Sensor IPv6 = fe80::202:2:2:2
[Mote:1] {"node":"fd00::202:2:2:2", "cpu_energy_mj":18, "lpm_energy_mj":0, "radio_tx_energy_mj":0, "radio_rx_energy_mj":8, "node_time":800195, "total_sent":75, "total_received":78, "bytes_tx":60, "bytes_rx":12, "r2n_latency":44, "lqi":100, "rssi":-81, "server_sent":78, "server_received":153, "server_bytes_rx":60, "n2r_latency":745, "hops":0, "rtt_latency":127, "root_time_now":800940}
[Mote:3] Sensor IPv6 = fe80::203:3:3:3
[Mote:1] {"node":"fd00::203:3:3:3", "cpu_energy_mj":18, "lpm_energy_mj":0, "radio_tx_energy_mj":0, "radio_rx_energy_mj":8, "node_time":801094, "total_sent":75, "total_received":76, "bytes_tx":60, "bytes_rx":12, "r2n_latency":534, "lqi":100, "rssi":-91, "server_sent":76, "server_received":151, "server_bytes_rx":60, "n2r_latency":126, "hops":1, "rtt_latency":512, "root_time_now":801220}
[Mote:2] Sensor IPv6 = fe80::202:2:2:2
[Mote:1] {"node":"fd00::202:2:2:2", "cpu_energy_mj":18, "lpm_energy_mj":0, "radio_tx_energy_mj":0, "radio_rx_energy_mj":8, "node_time":810726, "total_sent":76, "total_received":79, "bytes_tx":60, "bytes_rx":12, "r2n_latency":54, "lqi":100, "rssi":-81, "server_sent":79, "server_received":155, "server_bytes_rx":60, "n2r_latency":14, "hops":0, "rtt_latency":202, "root_time_now":810740}
[Mote:3] Sensor IPv6 = fe80::203:3:3:3
[Mote:1] {"node":"fd00::203:3:3:3", "cpu_energy_mj":18, "lpm_energy_mj":0, "radio_tx_energy_mj":0, "radio_rx_energy_mj":8, "node_time":811358, "total_sent":76, "total_received":77, "bytes_tx":60, "bytes_rx":12, "r2n_latency":474, "lqi":100, "rssi":-91, "server_sent":77, "server_received":153, "server_bytes_rx":60, "n2r_latency":82, "hops":1, "rtt_latency":307, "root_time_now":811440}
[Mote:2] Sensor IPv6 = fe80::202:2:2:2
[Mote:1] {"node":"fd00::202:2:2:2", "cpu_energy_mj":18, "lpm_energy_mj":0, "radio_tx_energy_mj":0, "radio_rx_energy_mj":8, "node_time":821257, "total_sent":77, "total_received":80, "bytes_tx":60, "bytes_rx":12, "r2n_latency":64, "lqi":100, "rssi":-81, "server_sent":80, "server_received":157, "server_bytes_rx":60, "n2r_latency":53, "hops":0, "rtt_latency":347, "root_time_now":821310}
[Mote:3] Sensor IPv6 = fe80::203:3:3:3
[Mote:1] {"node":"fd00::203:3:3:3", "cpu_energy_mj":18, "lpm_energy_mj":0, "radio_tx_energy_mj":0, "radio_rx_energy_mj":8, "node_time":821622, "total_sent":77, "total_received":78, "bytes_tx":60, "bytes_rx":12, "r2n_latency":1044, "lqi":100, "rssi":-91, "server_sent":78, "server_received":155, "server_bytes_rx":60, "n2r_latency":108, "hops":1, "rtt_latency":592, "root_time_now":821730}
[Mote:2] Sensor IPv6 = fe80::202:2:2:2
[Mote:1] {"node":"fd00::202:2:2:2", "cpu_energy_mj":18, "lpm_energy_mj":0, "radio_tx_energy_mj":0, "radio_rx_energy_mj":8, "node_time":831788, "total_sent":78, "total_received":81, "bytes_tx":60, "bytes_rx":12, "r2n_latency":74, "lqi":100, "rssi":-81, "server_sent":81, "server_received":159, "server_bytes_rx":60, "n2r_latency":22, "hops":0, "rtt_latency":457, "root_time_now":831810}
[Mote:3] Sensor IPv6 = fe80::203:3:3:3
[Mote:1] {"node":"fd00::203:3:3:3", "cpu_energy_mj":18, "lpm_energy_mj":0, "radio_tx_energy_mj":0, "radio_rx_energy_mj":8, "node_time":831886, "total_sent":78, "total_received":79, "bytes_tx":60, "bytes_rx":12, "r2n_latency":354, "lqi":100, "rssi":-91, "server_sent":79, "server_received":157, "server_bytes_rx":60, "n2r_latency":134, "hops":1, "rtt_latency":492, "root_time_now":832020}
[Mote:3] Sensor IPv6 = fe80::203:3:3:3
[Mote:1] {"node":"fd00::203:3:3:3", "cpu_energy_mj":18, "lpm_energy_mj":0, "radio_tx_energy_mj":0, "radio_rx_energy_mj":8, "node_time":842150, "total_sent":79, "total_received":80, "bytes_tx":60, "bytes_rx":12, "r2n_latency":364, "lqi":100, "rssi":-91, "server_sent":80, "server_received":159, "server_bytes_rx":60, "n2r_latency":90, "hops":1, "rtt_latency":252, "root_time_now":842240}
[Mote:2] Sensor IPv6 = fe80::202:2:2:2
[Mote:1] {"node":"fd00::202:2:2:2", "cpu_energy_mj":18, "lpm_energy_mj":0, "radio_tx_energy_mj":0, "radio_rx_energy_mj":8, "node_time":842317, "total_sent":79, "total_received":82, "bytes_tx":60, "bytes_rx":12, "r2n_latency":14, "lqi":100, "rssi":-81, "server_sent":82, "server_received":161, "server_bytes_rx":60, "n2r_latency":63, "hops":0, "rtt_latency":77, "root_time_now":842380}
[Mote:3] Sensor IPv6 = fe80::203:3:3:3
[Mote:1] {"node":"fd00::203:3:3:3", "cpu_energy_mj":18, "lpm_energy_mj":0, "radio_tx_energy_mj":0, "radio_rx_energy_mj":8, "node_time":852414, "total_sent":80, "total_received":81, "bytes_tx":60, "bytes_rx":12, "r2n_latency":374, "lqi":100, "rssi":-91, "server_sent":81, "server_received":161, "server_bytes_rx":60, "n2r_latency":116, "hops":1, "rtt_latency":327, "root_time_now":852530}
[Mote:2] Sensor IPv6 = fe80::202:2:2:2
[Mote:1] {"node":"fd00::202:2:2:2", "cpu_energy_mj":18, "lpm_energy_mj":0, "radio_tx_energy_mj":0, "radio_rx_energy_mj":8, "node_time":852848, "total_sent":80, "total_received":83, "bytes_tx":60, "bytes_rx":12, "r2n_latency":164, "lqi":100, "rssi":-81, "server_sent":83, "server_received":163, "server_bytes_rx":60, "n2r_latency":32, "hops":0, "rtt_latency":292, "root_time_now":852880}
[Mote:3] Sensor IPv6 = fe80::203:3:3:3
[Mote:1] {"node":"fd00::203:3:3:3", "cpu_energy_mj":18, "lpm_energy_mj":0, "radio_tx_energy_mj":0, "radio_rx_energy_mj":8, "node_time":862679, "total_sent":81, "total_received":82, "bytes_tx":60, "bytes_rx":12, "r2n_latency":244, "lqi":100, "rssi":-91, "server_sent":82, "server_received":163, "server_bytes_rx":60, "n2r_latency":141, "hops":1, "rtt_latency":332, "root_time_now":862820}
[Mote:2] Sensor IPv6 = fe80::202:2:2:2
[Mote:1] {"node":"fd00::202:2:2:2", "cpu_energy_mj":18, "lpm_energy_mj":0, "radio_tx_energy_mj":0, "radio_rx_energy_mj":8, "node_time":863379, "total_sent":81, "total_received":84, "bytes_tx":60, "bytes_rx":12, "r2n_latency":34, "lqi":100, "rssi":-81, "server_sent":84, "server_received":165, "server_bytes_rx":60, "n2r_latency":71, "hops":0, "rtt_latency":262, "root_time_now":863450}
[Mote:3] Sensor IPv6 = fe80::203:3:3:3
[Mote:1] {"node":"fd00::203:3:3:3", "cpu_energy_mj":18, "lpm_energy_mj":0, "radio_tx_energy_mj":0, "radio_rx_energy_mj":8, "node_time":872944, "total_sent":82, "total_received":83, "bytes_tx":60, "bytes_rx":12, "r2n_latency":464, "lqi":100, "rssi":-91, "server_sent":83, "server_received":165, "server_bytes_rx":60, "n2r_latency":96, "hops":1, "rtt_latency":372, "root_time_now":873040}
[Mote:2] Sensor IPv6 = fe80::202:2:2:2
[Mote:1] {"node":"fd00::202:2:2:2", "cpu_energy_mj":18, "lpm_energy_mj":0, "radio_tx_energy_mj":0, "radio_rx_energy_mj":8, "node_time":873910, "total_sent":82, "total_received":85, "bytes_tx":60, "bytes_rx":12, "r2n_latency":44, "lqi":100, "rssi":-81, "server_sent":85, "server_received":167, "server_bytes_rx":60, "n2r_latency":40, "hops":0, "rtt_latency":337, "root_time_now":873950}
[Mote:3] Sensor IPv6 = fe80::203:3:3:3
[Mote:1] {"node":"fd00::203:3:3:3", "cpu_energy_mj":18, "lpm_energy_mj":0, "radio_tx_energy_mj":0, "radio_rx_energy_mj":8, "node_time":883206, "total_sent":83, "total_received":84, "bytes_tx":60, "bytes_rx":12, "r2n_latency":474, "lqi":100, "rssi":-91, "server_sent":84, "server_received":167, "server_bytes_rx":60, "n2r_latency":124, "hops":1, "rtt_latency":307, "root_time_now":883330}
[Mote:2] Sensor IPv6 = fe80::202:2:2:2
[Mote:1] {"node":"fd00::202:2:2:2", "cpu_energy_mj":18, "lpm_energy_mj":0, "radio_tx_energy_mj":0, "radio_rx_energy_mj":8, "node_time":884441, "total_sent":83, "total_received":86, "bytes_tx":60, "bytes_rx":12, "r2n_latency":54, "lqi":100, "rssi":-81, "server_sent":86, "server_received":169, "server_bytes_rx":60, "n2r_latency":9, "hops":0, "rtt_latency":202, "root_time_now":884450}
[Mote:3] Sensor IPv6 = fe80::203:3:3:3
[Mote:1] {"node":"fd00::203:3:3:3", "cpu_energy_mj":18, "lpm_energy_mj":0, "radio_tx_energy_mj":0, "radio_rx_energy_mj":8, "node_time":893470, "total_sent":84, "total_received":85, "bytes_tx":60, "bytes_rx":12, "r2n_latency":484, "lqi":100, "rssi":-91, "server_sent":85, "server_received":169, "server_bytes_rx":60, "n2r_latency":80, "hops":1, "rtt_latency":312, "root_time_now":893550}
[Mote:2] Sensor IPv6 = fe80::202:2:2:2
[Mote:1] {"node":"fd00::202:2:2:2", "cpu_energy_mj":18, "lpm_energy_mj":0, "radio_tx_energy_mj":0, "radio_rx_energy_mj":8, "node_time":894972, "total_sent":84, "total_received":87, "bytes_tx":60, "bytes_rx":12, "r2n_latency":64, "lqi":100, "rssi":-81, "server_sent":87, "server_received":171, "server_bytes_rx":60, "n2r_latency":48, "hops":0, "rtt_latency":172, "root_time_now":895020}
[Mote:3] Sensor IPv6 = fe80::203:3:3:3
[Mote:1] {"node":"fd00::203:3:3:3", "cpu_energy_mj":18, "lpm_energy_mj":0, "radio_tx_energy_mj":0, "radio_rx_energy_mj":8, "node_time":903734, "total_sent":85, "total_received":86, "bytes_tx":60, "bytes_rx":12, "r2n_latency":354, "lqi":100, "rssi":-91, "server_sent":86, "server_received":171, "server_bytes_rx":60, "n2r_latency":106, "hops":1, "rtt_latency":702, "root_time_now":903840}
[Mote:2] Sensor IPv6 = fe80::202:2:2:2
[Mote:1] {"node":"fd00::202:2:2:2", "cpu_energy_mj":18, "lpm_energy_mj":0, "radio_tx_energy_mj":0, "radio_rx_energy_mj":8, "node_time":905507, "total_sent":85, "total_received":88, "bytes_tx":60, "bytes_rx":12, "r2n_latency":74, "lqi":100, "rssi":-81, "server_sent":88, "server_received":173, "server_bytes_rx":60, "n2r_latency":13, "hops":0, "rtt_latency":667, "root_time_now":905520}
[Mote:3] Sensor IPv6 = fe80::203:3:3:3
[Mote:1] {"node":"fd00::203:3:3:3", "cpu_energy_mj":18, "lpm_energy_mj":0, "radio_tx_energy_mj":0, "radio_rx_energy_mj":8, "node_time":913998, "total_sent":86, "total_received":87, "bytes_tx":60, "bytes_rx":12, "r2n_latency":434, "lqi":100, "rssi":-91, "server_sent":87, "server_received":173, "server_bytes_rx":60, "n2r_latency":132, "hops":1, "rtt_latency":287, "root_time_now":914130}
[Mote:2] Sensor IPv6 = fe80::202:2:2:2
[Mote:1] {"node":"fd00::202:2:2:2", "cpu_energy_mj":18, "lpm_energy_mj":0, "radio_tx_energy_mj":0, "radio_rx_energy_mj":8, "node_time":916034, "total_sent":86, "total_received":89, "bytes_tx":60, "bytes_rx":12, "r2n_latency":14, "lqi":100, "rssi":-81, "server_sent":89, "server_received":175, "server_bytes_rx":60, "n2r_latency":56, "hops":0, "rtt_latency":77, "root_time_now":916090}
[Mote:3] Sensor IPv6 = fe80::203:3:3:3
[Mote:1] {"node":"fd00::203:3:3:3", "cpu_energy_mj":18, "lpm_energy_mj":0, "radio_tx_energy_mj":0, "radio_rx_energy_mj":8, "node_time":924262, "total_sent":87, "total_received":88, "bytes_tx":60, "bytes_rx":12, "r2n_latency":654, "lqi":100, "rssi":-91, "server_sent":88, "server_received":175, "server_bytes_rx":60, "n2r_latency":88, "hops":1, "rtt_latency":852, "root_time_now":924350}
[Mote:2] Sensor IPv6 = fe80::202:2:2:2
[Mote:1] {"node":"fd00::202:2:2:2", "cpu_energy_mj":18, "lpm_energy_mj":0, "radio_tx_energy_mj":0, "radio_rx_energy_mj":8, "node_time":926565, "total_sent":87, "total_received":90, "bytes_tx":60, "bytes_rx":12, "r2n_latency":24, "lqi":100, "rssi":-81, "server_sent":90, "server_received":177, "server_bytes_rx":60, "n2r_latency":25, "hops":0, "rtt_latency":817, "root_time_now":926590}
[Mote:3] Sensor IPv6 = fe80::203:3:3:3
[Mote:1] {"node":"fd00::203:3:3:3", "cpu_energy_mj":18, "lpm_energy_mj":0, "radio_tx_energy_mj":0, "radio_rx_energy_mj":8, "node_time":934526, "total_sent":88, "total_received":89, "bytes_tx":60, "bytes_rx":12, "r2n_latency":314, "lqi":100, "rssi":-91, "server_sent":89, "server_received":177, "server_bytes_rx":60, "n2r_latency":114, "hops":1, "rtt_latency":227, "root_time_now":934640}
[Mote:2] Sensor IPv6 = fe80::202:2:2:2
[Mote:1] {"node":"fd00::202:2:2:2", "cpu_energy_mj":18, "lpm_energy_mj":0, "radio_tx_energy_mj":0, "radio_rx_energy_mj":8, "node_time":937096, "total_sent":88, "total_received":91, "bytes_tx":60, "bytes_rx":12, "r2n_latency":34, "lqi":100, "rssi":-81, "server_sent":91, "server_received":179, "server_bytes_rx":60, "n2r_latency":64, "hops":0, "rtt_latency":122, "root_time_now":937160}
[Mote:3] Sensor IPv6 = fe80::203:3:3:3
[Mote:1] {"node":"fd00::203:3:3:3", "cpu_energy_mj":18, "lpm_energy_mj":0, "radio_tx_energy_mj":0, "radio_rx_energy_mj":8, "node_time":944792, "total_sent":89, "total_received":90, "bytes_tx":60, "bytes_rx":12, "r2n_latency":254, "lqi":100, "rssi":-91, "server_sent":90, "server_received":179, "server_bytes_rx":60, "n2r_latency":138, "hops":1, "rtt_latency":267, "root_time_now":944930}
[Mote:2] Sensor IPv6 = fe80::202:2:2:2
[Mote:1] {"node":"fd00::202:2:2:2", "cpu_energy_mj":18, "lpm_energy_mj":0, "radio_tx_energy_mj":0, "radio_rx_energy_mj":8, "node_time":947627, "total_sent":89, "total_received":92, "bytes_tx":60, "bytes_rx":12, "r2n_latency":44, "lqi":100, "rssi":-81, "server_sent":92, "server_received":181, "server_bytes_rx":60, "n2r_latency":33, "hops":0, "rtt_latency":232, "root_time_now":947660}
[Mote:3] Sensor IPv6 = fe80::203:3:3:3
[Mote:1] {"node":"fd00::203:3:3:3", "cpu_energy_mj":18, "lpm_energy_mj":0, "radio_tx_energy_mj":0, "radio_rx_energy_mj":8, "node_time":955056, "total_sent":90, "total_received":91, "bytes_tx":60, "bytes_rx":12, "r2n_latency":474, "lqi":100, "rssi":-91, "server_sent":91, "server_received":181, "server_bytes_rx":60, "n2r_latency":94, "hops":1, "rtt_latency":307, "root_time_now":955150}
[Mote:2] Sensor IPv6 = fe80::202:2:2:2
[Mote:1] {"node":"fd00::202:2:2:2", "cpu_energy_mj":18, "lpm_energy_mj":0, "radio_tx_energy_mj":0, "radio_rx_energy_mj":8, "node_time":958162, "total_sent":90, "total_received":93, "bytes_tx":60, "bytes_rx":12, "r2n_latency":54, "lqi":100, "rssi":-81, "server_sent":93, "server_received":183, "server_bytes_rx":60, "n2r_latency":68, "hops":0, "rtt_latency":202, "root_time_now":958230}
[Mote:3] Sensor IPv6 = fe80::203:3:3:3
[Mote:1] {"node":"fd00::203:3:3:3", "cpu_energy_mj":18, "lpm_energy_mj":0, "radio_tx_energy_mj":0, "radio_rx_energy_mj":8, "node_time":965318, "total_sent":91, "total_received":92, "bytes_tx":60, "bytes_rx":12, "r2n_latency":344, "lqi":100, "rssi":-91, "server_sent":92, "server_received":183, "server_bytes_rx":60, "n2r_latency":192, "hops":1, "rtt_latency":242, "root_time_now":965510}
[Mote:2] Sensor IPv6 = fe80::202:2:2:2
[Mote:1] {"node":"fd00::202:2:2:2", "cpu_energy_mj":18, "lpm_energy_mj":0, "radio_tx_energy_mj":0, "radio_rx_energy_mj":8, "node_time":968689, "total_sent":91, "total_received":94, "bytes_tx":60, "bytes_rx":12, "r2n_latency":64, "lqi":100, "rssi":-81, "server_sent":94, "server_received":185, "server_bytes_rx":60, "n2r_latency":41, "hops":0, "rtt_latency":102, "root_time_now":968730}
[Mote:3] Sensor IPv6 = fe80::203:3:3:3
[Mote:1] {"node":"fd00::203:3:3:3", "cpu_energy_mj":18, "lpm_energy_mj":0, "radio_tx_energy_mj":0, "radio_rx_energy_mj":8, "node_time":975582, "total_sent":92, "total_received":93, "bytes_tx":60, "bytes_rx":12, "r2n_latency":494, "lqi":100, "rssi":-91, "server_sent":93, "server_received":185, "server_bytes_rx":60, "n2r_latency":78, "hops":1, "rtt_latency":352, "root_time_now":975660}
[Mote:2] Sensor IPv6 = fe80::202:2:2:2
[Mote:1] {"node":"fd00::202:2:2:2", "cpu_energy_mj":18, "lpm_energy_mj":0, "radio_tx_energy_mj":0, "radio_rx_energy_mj":8, "node_time":979220, "total_sent":92, "total_received":95, "bytes_tx":60, "bytes_rx":12, "r2n_latency":74, "lqi":100, "rssi":-81, "server_sent":95, "server_received":187, "server_bytes_rx":60, "n2r_latency":80, "hops":0, "rtt_latency":212, "root_time_now":979300}
[Mote:3] Sensor IPv6 = fe80::203:3:3:3
[Mote:1] {"node":"fd00::203:3:3:3", "cpu_energy_mj":18, "lpm_energy_mj":0, "radio_tx_energy_mj":0, "radio_rx_energy_mj":8, "node_time":985846, "total_sent":93, "total_received":94, "bytes_tx":60, "bytes_rx":12, "r2n_latency":434, "lqi":100, "rssi":-91, "server_sent":94, "server_received":187, "server_bytes_rx":60, "n2r_latency":104, "hops":1, "rtt_latency":287, "root_time_now":985950}
[Mote:2] Sensor IPv6 = fe80::202:2:2:2
[Mote:1] {"node":"fd00::202:2:2:2", "cpu_energy_mj":18, "lpm_energy_mj":0, "radio_tx_energy_mj":0, "radio_rx_energy_mj":8, "node_time":989751, "total_sent":93, "total_received":96, "bytes_tx":60, "bytes_rx":12, "r2n_latency":14, "lqi":100, "rssi":-81, "server_sent":96, "server_received":189, "server_bytes_rx":60, "n2r_latency":49, "hops":0, "rtt_latency":77, "root_time_now":989800}
[Mote:3] Sensor IPv6 = fe80::203:3:3:3
[Mote:1] {"node":"fd00::203:3:3:3", "cpu_energy_mj":18, "lpm_energy_mj":0, "radio_tx_energy_mj":0, "radio_rx_energy_mj":8, "node_time":996112, "total_sent":94, "total_received":95, "bytes_tx":60, "bytes_rx":12, "r2n_latency":934, "lqi":100, "rssi":-91, "server_sent":95, "server_received":189, "server_bytes_rx":60, "n2r_latency":128, "hops":1, "rtt_latency":747, "root_time_now":996240}
[Mote:2] Sensor IPv6 = fe80::202:2:2:2
[Mote:1] {"node":"fd00::202:2:2:2", "cpu_energy_mj":18, "lpm_energy_mj":0, "radio_tx_energy_mj":0, "radio_rx_energy_mj":8, "node_time":1000284, "total_sent":94, "total_received":98, "bytes_tx":60, "bytes_rx":12, "r2n_latency":34, "lqi":100, "rssi":-81, "server_sent":98, "server_received":192, "server_bytes_rx":60, "n2r_latency":16, "hops":0, "rtt_latency":87, "root_time_now":1000300}
[Mote:3] Sensor IPv6 = fe80::203:3:3:3
[Mote:1] {"node":"fd00::203:3:3:3", "cpu_energy_mj":18, "lpm_energy_mj":0, "radio_tx_energy_mj":0, "radio_rx_energy_mj":8, "node_time":1006374, "total_sent":95, "total_received":96, "bytes_tx":60, "bytes_rx":12, "r2n_latency":384, "lqi":100, "rssi":-91, "server_sent":96, "server_received":191, "server_bytes_rx":60, "n2r_latency":86, "hops":1, "rtt_latency":262, "root_time_now":1006460}
[Mote:2] Sensor IPv6 = fe80::202:2:2:2
[Mote:1] {"node":"fd00::202:2:2:2", "cpu_energy_mj":18, "lpm_energy_mj":0, "radio_tx_energy_mj":0, "radio_rx_energy_mj":8, "node_time":1010815, "total_sent":95, "total_received":99, "bytes_tx":60, "bytes_rx":12, "r2n_latency":44, "lqi":100, "rssi":-81, "server_sent":99, "server_received":194, "server_bytes_rx":60, "n2r_latency":55, "hops":0, "rtt_latency":127, "root_time_now":1010870}
[Mote:3] Sensor IPv6 = fe80::203:3:3:3
[Mote:1] {"node":"fd00::203:3:3:3", "cpu_energy_mj":18, "lpm_energy_mj":0, "radio_tx_energy_mj":0, "radio_rx_energy_mj":8, "node_time":1016638, "total_sent":96, "total_received":97, "bytes_tx":60, "bytes_rx":12, "r2n_latency":464, "lqi":100, "rssi":-91, "server_sent":97, "server_received":193, "server_bytes_rx":60, "n2r_latency":112, "hops":1, "rtt_latency":302, "root_time_now":1016750}
[Mote:2] Sensor IPv6 = fe80::202:2:2:2
[Mote:1] {"node":"fd00::202:2:2:2", "cpu_energy_mj":18, "lpm_energy_mj":0, "radio_tx_energy_mj":0, "radio_rx_energy_mj":8, "node_time":1021346, "total_sent":96, "total_received":100, "bytes_tx":60, "bytes_rx":12, "r2n_latency":54, "lqi":100, "rssi":-81, "server_sent":100, "server_received":196, "server_bytes_rx":60, "n2r_latency":24, "hops":0, "rtt_latency":132, "root_time_now":1021370}
[Mote:3] Sensor IPv6 = fe80::203:3:3:3
[Mote:1] {"node":"fd00::203:3:3:3", "cpu_energy_mj":18, "lpm_energy_mj":0, "radio_tx_energy_mj":0, "radio_rx_energy_mj":8, "node_time":1026904, "total_sent":97, "total_received":98, "bytes_tx":60, "bytes_rx":12, "r2n_latency":404, "lqi":100, "rssi":-91, "server_sent":98, "server_received":195, "server_bytes_rx":60, "n2r_latency":136, "hops":1, "rtt_latency":272, "root_time_now":1027040}
[Mote:2] Sensor IPv6 = fe80::202:2:2:2
[Mote:1] {"node":"fd00::202:2:2:2", "cpu_energy_mj":18, "lpm_energy_mj":0, "radio_tx_energy_mj":0, "radio_rx_energy_mj":8, "node_time":1031877, "total_sent":97, "total_received":101, "bytes_tx":60, "bytes_rx":12, "r2n_latency":64, "lqi":100, "rssi":-81, "server_sent":101, "server_received":198, "server_bytes_rx":60, "n2r_latency":63, "hops":0, "rtt_latency":172, "root_time_now":1031940}
[Mote:3] Sensor IPv6 = fe80::203:3:3:3
[Mote:1] {"node":"fd00::203:3:3:3", "cpu_energy_mj":18, "lpm_energy_mj":0, "radio_tx_energy_mj":0, "radio_rx_energy_mj":8, "node_time":1037166, "total_sent":98, "total_received":99, "bytes_tx":60, "bytes_rx":12, "r2n_latency":484, "lqi":100, "rssi":-91, "server_sent":99, "server_received":197, "server_bytes_rx":60, "n2r_latency":164, "hops":1, "rtt_latency":312, "root_time_now":1037330}
[Mote:2] Sensor IPv6 = fe80::202:2:2:2
[Mote:1] {"node":"fd00::202:2:2:2", "cpu_energy_mj":18, "lpm_energy_mj":0, "radio_tx_energy_mj":0, "radio_rx_energy_mj":8, "node_time":1042408, "total_sent":98, "total_received":102, "bytes_tx":60, "bytes_rx":12, "r2n_latency":74, "lqi":100, "rssi":-81, "server_sent":102, "server_received":200, "server_bytes_rx":60, "n2r_latency":32, "hops":0, "rtt_latency":387, "root_time_now":1042440}
[Mote:3] Sensor IPv6 = fe80::203:3:3:3
[Mote:1] {"node":"fd00::203:3:3:3", "cpu_energy_mj":18, "lpm_energy_mj":0, "radio_tx_energy_mj":0, "radio_rx_energy_mj":8, "node_time":1047430, "total_sent":99, "total_received":100, "bytes_tx":60, "bytes_rx":12, "r2n_latency":354, "lqi":100, "rssi":-91, "server_sent":100, "server_received":199, "server_bytes_rx":60, "n2r_latency":120, "hops":1, "rtt_latency":422, "root_time_now":1047550}
[Mote:2] Sensor IPv6 = fe80::202:2:2:2
[Mote:1] {"node":"fd00::202:2:2:2", "cpu_energy_mj":18, "lpm_energy_mj":0, "radio_tx_energy_mj":0, "radio_rx_energy_mj":8, "node_time":1052941, "total_sent":99, "total_received":103, "bytes_tx":60, "bytes_rx":12, "r2n_latency":14, "lqi":100, "rssi":-81, "server_sent":103, "server_received":202, "server_bytes_rx":60, "n2r_latency":69, "hops":0, "rtt_latency":112, "root_time_now":1053010}
[Mote:3] Sensor IPv6 = fe80::203:3:3:3
[Mote:1] {"node":"fd00::203:3:3:3", "cpu_energy_mj":18, "lpm_energy_mj":0, "radio_tx_energy_mj":0, "radio_rx_energy_mj":8, "node_time":1057696, "total_sent":100, "total_received":101, "bytes_tx":60, "bytes_rx":12, "r2n_latency":434, "lqi":100, "rssi":-91, "server_sent":101, "server_received":201, "server_bytes_rx":60, "n2r_latency":74, "hops":1, "rtt_latency":322, "root_time_now":1057770}
[Mote:2] Sensor IPv6 = fe80::202:2:2:2
[Mote:1] {"node":"fd00::202:2:2:2", "cpu_energy_mj":18, "lpm_energy_mj":0, "radio_tx_energy_mj":0, "radio_rx_energy_mj":8, "node_time":1063470, "total_sent":100, "total_received":104, "bytes_tx":60, "bytes_rx":12, "r2n_latency":24, "lqi":100, "rssi":-81, "server_sent":104, "server_received":204, "server_bytes_rx":60, "n2r_latency":40, "hops":0, "rtt_latency":117, "root_time_now":1063510}
[Mote:3] Sensor IPv6 = fe80::203:3:3:3
[Mote:1] {"node":"fd00::203:3:3:3", "cpu_energy_mj":18, "lpm_energy_mj":0, "radio_tx_energy_mj":0, "radio_rx_energy_mj":8, "node_time":1067960, "total_sent":101, "total_received":102, "bytes_tx":60, "bytes_rx":12, "r2n_latency":304, "lqi":100, "rssi":-91, "server_sent":102, "server_received":203, "server_bytes_rx":60, "n2r_latency":100, "hops":1, "rtt_latency":222, "root_time_now":1068060}
[Mote:2] Sensor IPv6 = fe80::202:2:2:2
[Mote:1] {"node":"fd00::202:2:2:2", "cpu_energy_mj":18, "lpm_energy_mj":0, "radio_tx_energy_mj":0, "radio_rx_energy_mj":8, "node_time":1074001, "total_sent":101, "total_received":105, "bytes_tx":60, "bytes_rx":12, "r2n_latency":34, "lqi":100, "rssi":-81, "server_sent":105, "server_received":206, "server_bytes_rx":60, "n2r_latency":9, "hops":0, "rtt_latency":367, "root_time_now":1074010}
[Mote:3] Sensor IPv6 = fe80::203:3:3:3
[Mote:1] {"node":"fd00::203:3:3:3", "cpu_energy_mj":18, "lpm_energy_mj":0, "radio_tx_energy_mj":0, "radio_rx_energy_mj":8, "node_time":1078222, "total_sent":102, "total_received":103, "bytes_tx":60, "bytes_rx":12, "r2n_latency":944, "lqi":100, "rssi":-91, "server_sent":103, "server_received":205, "server_bytes_rx":60, "n2r_latency":198, "hops":1, "rtt_latency":542, "root_time_now":1078420}
[Mote:2] Sensor IPv6 = fe80::202:2:2:2
[Mote:1] {"node":"fd00::202:2:2:2", "cpu_energy_mj":18, "lpm_energy_mj":0, "radio_tx_energy_mj":0, "radio_rx_energy_mj":8, "node_time":1084532, "total_sent":102, "total_received":106, "bytes_tx":60, "bytes_rx":12, "r2n_latency":44, "lqi":100, "rssi":-81, "server_sent":106, "server_received":208, "server_bytes_rx":60, "n2r_latency":48, "hops":0, "rtt_latency":197, "root_time_now":1084580}
[Mote:3] Sensor IPv6 = fe80::203:3:3:3
[Mote:1] {"node":"fd00::203:3:3:3", "cpu_energy_mj":18, "lpm_energy_mj":0, "radio_tx_energy_mj":0, "radio_rx_energy_mj":8, "node_time":1088486, "total_sent":103, "total_received":104, "bytes_tx":60, "bytes_rx":12, "r2n_latency":254, "lqi":100, "rssi":-91, "server_sent":104, "server_received":207, "server_bytes_rx":60, "n2r_latency":84, "hops":1, "rtt_latency":232, "root_time_now":1088570}
[Mote:2] Sensor IPv6 = fe80::202:2:2:2
[Mote:1] {"node":"fd00::202:2:2:2", "cpu_energy_mj":18, "lpm_energy_mj":0, "radio_tx_energy_mj":0, "radio_rx_energy_mj":8, "node_time":1095065, "total_sent":103, "total_received":107, "bytes_tx":60, "bytes_rx":12, "r2n_latency":54, "lqi":100, "rssi":-81, "server_sent":107, "server_received":210, "server_bytes_rx":60, "n2r_latency":15, "hops":0, "rtt_latency":97, "root_time_now":1095080}
[Mote:3] Sensor IPv6 = fe80::203:3:3:3
[Mote:1] {"node":"fd00::203:3:3:3", "cpu_energy_mj":18, "lpm_energy_mj":0, "radio_tx_energy_mj":0, "radio_rx_energy_mj":8, "node_time":1098750, "total_sent":104, "total_received":105, "bytes_tx":60, "bytes_rx":12, "r2n_latency":404, "lqi":100, "rssi":-91, "server_sent":105, "server_received":209, "server_bytes_rx":60, "n2r_latency":110, "hops":1, "rtt_latency":412, "root_time_now":1098860}
[Mote:2] Sensor IPv6 = fe80::202:2:2:2
[Mote:1] {"node":"fd00::202:2:2:2", "cpu_energy_mj":18, "lpm_energy_mj":0, "radio_tx_energy_mj":0, "radio_rx_energy_mj":8, "node_time":1105594, "total_sent":104, "total_received":108, "bytes_tx":60, "bytes_rx":12, "r2n_latency":64, "lqi":100, "rssi":-81, "server_sent":108, "server_received":212, "server_bytes_rx":60, "n2r_latency":56, "hops":0, "rtt_latency":172, "root_time_now":1105650}
[Mote:3] Sensor IPv6 = fe80::203:3:3:3
[Mote:1] {"node":"fd00::203:3:3:3", "cpu_energy_mj":18, "lpm_energy_mj":0, "radio_tx_energy_mj":0, "radio_rx_energy_mj":8, "node_time":1109016, "total_sent":105, "total_received":106, "bytes_tx":60, "bytes_rx":12, "r2n_latency":414, "lqi":100, "rssi":-91, "server_sent":106, "server_received":211, "server_bytes_rx":60, "n2r_latency":134, "hops":1, "rtt_latency":277, "root_time_now":1109150}
[Mote:2] Sensor IPv6 = fe80::202:2:2:2
[Mote:1] {"node":"fd00::202:2:2:2", "cpu_energy_mj":18, "lpm_energy_mj":0, "radio_tx_energy_mj":0, "radio_rx_energy_mj":8, "node_time":1116125, "total_sent":105, "total_received":109, "bytes_tx":60, "bytes_rx":12, "r2n_latency":74, "lqi":100, "rssi":-81, "server_sent":109, "server_received":214, "server_bytes_rx":60, "n2r_latency":25, "hops":0, "rtt_latency":107, "root_time_now":1116150}
[Mote:3] Sensor IPv6 = fe80::203:3:3:3
[Mote:1] {"node":"fd00::203:3:3:3", "cpu_energy_mj":18, "lpm_energy_mj":0, "radio_tx_energy_mj":0, "radio_rx_energy_mj":8, "node_time":1119280, "total_sent":106, "total_received":107, "bytes_tx":60, "bytes_rx":12, "r2n_latency":494, "lqi":100, "rssi":-91, "server_sent":107, "server_received":213, "server_bytes_rx":60, "n2r_latency":90, "hops":1, "rtt_latency":317, "root_time_now":1119370}
[Mote:2] Sensor IPv6 = fe80::202:2:2:2
[Mote:1] {"node":"fd00::202:2:2:2", "cpu_energy_mj":18, "lpm_energy_mj":0, "radio_tx_energy_mj":0, "radio_rx_energy_mj":8, "node_time":1126658, "total_sent":106, "total_received":110, "bytes_tx":60, "bytes_rx":12, "r2n_latency":14, "lqi":100, "rssi":-81, "server_sent":110, "server_received":216, "server_bytes_rx":60, "n2r_latency":62, "hops":0, "rtt_latency":112, "root_time_now":1126720}
[Mote:3] Sensor IPv6 = fe80::203:3:3:3
[Mote:1] {"node":"fd00::203:3:3:3", "cpu_energy_mj":18, "lpm_energy_mj":0, "radio_tx_energy_mj":0, "radio_rx_energy_mj":8, "node_time":1129542, "total_sent":107, "total_received":108, "bytes_tx":60, "bytes_rx":12, "r2n_latency":364, "lqi":100, "rssi":-91, "server_sent":108, "server_received":215, "server_bytes_rx":60, "n2r_latency":118, "hops":1, "rtt_latency":252, "root_time_now":1129660}
[Mote:2] Sensor IPv6 = fe80::202:2:2:2
[Mote:1] {"node":"fd00::202:2:2:2", "cpu_energy_mj":18, "lpm_energy_mj":0, "radio_tx_energy_mj":0, "radio_rx_energy_mj":8, "node_time":1137189, "total_sent":107, "total_received":111, "bytes_tx":60, "bytes_rx":12, "r2n_latency":24, "lqi":100, "rssi":-81, "server_sent":111, "server_received":218, "server_bytes_rx":60, "n2r_latency":31, "hops":0, "rtt_latency":222, "root_time_now":1137220}
[Mote:3] Sensor IPv6 = fe80::203:3:3:3
[Mote:1] {"node":"fd00::203:3:3:3", "cpu_energy_mj":18, "lpm_energy_mj":0, "radio_tx_energy_mj":0, "radio_rx_energy_mj":8, "node_time":1139806, "total_sent":108, "total_received":109, "bytes_tx":60, "bytes_rx":12, "r2n_latency":304, "lqi":100, "rssi":-91, "server_sent":109, "server_received":217, "server_bytes_rx":60, "n2r_latency":144, "hops":1, "rtt_latency":327, "root_time_now":1139950}
[Mote:2] Sensor IPv6 = fe80::202:2:2:2
[Mote:1] {"node":"fd00::202:2:2:2", "cpu_energy_mj":18, "lpm_energy_mj":0, "radio_tx_energy_mj":0, "radio_rx_energy_mj":8, "node_time":1147719, "total_sent":108, "total_received":112, "bytes_tx":60, "bytes_rx":12, "r2n_latency":37, "lqi":100, "rssi":-81, "server_sent":112, "server_received":220, "server_bytes_rx":60, "n2r_latency":71, "hops":0, "rtt_latency":228, "root_time_now":1147790}
[Mote:3] Sensor IPv6 = fe80::203:3:3:3
[Mote:1] {"node":"fd00::203:3:3:3", "cpu_energy_mj":18, "lpm_energy_mj":0, "radio_tx_energy_mj":0, "radio_rx_energy_mj":8, "node_time":1150072, "total_sent":109, "total_received":110, "bytes_tx":60, "bytes_rx":12, "r2n_latency":527, "lqi":100, "rssi":-91, "server_sent":111, "server_received":219, "server_bytes_rx":60, "n2r_latency":238, "hops":1, "rtt_latency":333, "root_time_now":1150310}
[Mote:2] Sensor IPv6 = fe80::202:2:2:2
[Mote:1] {"node":"fd00::202:2:2:2", "cpu_energy_mj":18, "lpm_energy_mj":0, "radio_tx_energy_mj":0, "radio_rx_energy_mj":8, "node_time":1158249, "total_sent":109, "total_received":113, "bytes_tx":60, "bytes_rx":12, "r2n_latency":44, "lqi":100, "rssi":-81, "server_sent":113, "server_received":222, "server_bytes_rx":60, "n2r_latency":41, "hops":0, "rtt_latency":127, "root_time_now":1158290}
[Mote:3] Sensor IPv6 = fe80::203:3:3:3
[Mote:1] {"node":"fd00::203:3:3:3", "cpu_energy_mj":18, "lpm_energy_mj":0, "radio_tx_energy_mj":0, "radio_rx_energy_mj":8, "node_time":1160336, "total_sent":110, "total_received":111, "bytes_tx":60, "bytes_rx":12, "r2n_latency":464, "lqi":100, "rssi":-91, "server_sent":112, "server_received":221, "server_bytes_rx":60, "n2r_latency":1034, "hops":1, "rtt_latency":302, "root_time_now":1161370}
[Mote:2] Sensor IPv6 = fe80::202:2:2:2
[Mote:1] {"node":"fd00::202:2:2:2", "cpu_energy_mj":18, "lpm_energy_mj":0, "radio_tx_energy_mj":0, "radio_rx_energy_mj":8, "node_time":1168782, "total_sent":110, "total_received":114, "bytes_tx":60, "bytes_rx":12, "r2n_latency":54, "lqi":100, "rssi":-81, "server_sent":114, "server_received":224, "server_bytes_rx":60, "n2r_latency":8, "hops":0, "rtt_latency":657, "root_time_now":1168790}
[Mote:3] Sensor IPv6 = fe80::203:3:3:3
[Mote:1] {"node":"fd00::203:3:3:3", "cpu_energy_mj":18, "lpm_energy_mj":0, "radio_tx_energy_mj":0, "radio_rx_energy_mj":8, "node_time":1170598, "total_sent":111, "total_received":113, "bytes_tx":60, "bytes_rx":12, "r2n_latency":484, "lqi":100, "rssi":-91, "server_sent":113, "server_received":224, "server_bytes_rx":60, "n2r_latency":992, "hops":1, "rtt_latency":767, "root_time_now":1171590}
[Mote:2] Sensor IPv6 = fe80::202:2:2:2
[Mote:1] {"node":"fd00::202:2:2:2", "cpu_energy_mj":18, "lpm_energy_mj":0, "radio_tx_energy_mj":0, "radio_rx_energy_mj":8, "node_time":1179313, "total_sent":111, "total_received":115, "bytes_tx":60, "bytes_rx":12, "r2n_latency":64, "lqi":100, "rssi":-81, "server_sent":115, "server_received":226, "server_bytes_rx":60, "n2r_latency":47, "hops":0, "rtt_latency":102, "root_time_now":1179360}
[Mote:3] Sensor IPv6 = fe80::203:3:3:3
[Mote:1] {"node":"fd00::203:3:3:3", "cpu_energy_mj":18, "lpm_energy_mj":0, "radio_tx_energy_mj":0, "radio_rx_energy_mj":8, "node_time":1180862, "total_sent":112, "total_received":114, "bytes_tx":60, "bytes_rx":12, "r2n_latency":494, "lqi":100, "rssi":-91, "server_sent":114, "server_received":226, "server_bytes_rx":60, "n2r_latency":108, "hops":1, "rtt_latency":317, "root_time_now":1180970}
[Mote:2] Sensor IPv6 = fe80::202:2:2:2
[Mote:1] {"node":"fd00::202:2:2:2", "cpu_energy_mj":18, "lpm_energy_mj":0, "radio_tx_energy_mj":0, "radio_rx_energy_mj":8, "node_time":1189840, "total_sent":112, "total_received":116, "bytes_tx":60, "bytes_rx":12, "r2n_latency":74, "lqi":100, "rssi":-81, "server_sent":116, "server_received":228, "server_bytes_rx":60, "n2r_latency":20, "hops":0, "rtt_latency":142, "root_time_now":1189860}
[Mote:3] Sensor IPv6 = fe80::203:3:3:3
[Mote:1] {"node":"fd00::203:3:3:3", "cpu_energy_mj":18, "lpm_energy_mj":0, "radio_tx_energy_mj":0, "radio_rx_energy_mj":8, "node_time":1191126, "total_sent":113, "total_received":115, "bytes_tx":60, "bytes_rx":12, "r2n_latency":574, "lqi":100, "rssi":-91, "server_sent":115, "server_received":228, "server_bytes_rx":60, "n2r_latency":344, "hops":1, "rtt_latency":707, "root_time_now":1191470}
[Mote:2] Sensor IPv6 = fe80::202:2:2:2
[Mote:1] {"node":"fd00::202:2:2:2", "cpu_energy_mj":18, "lpm_energy_mj":0, "radio_tx_energy_mj":0, "radio_rx_energy_mj":8, "node_time":1200373, "total_sent":113, "total_received":118, "bytes_tx":60, "bytes_rx":12, "r2n_latency":24, "lqi":100, "rssi":-81, "server_sent":118, "server_received":231, "server_bytes_rx":60, "n2r_latency":127, "hops":0, "rtt_latency":187, "root_time_now":1200500}
[Mote:3] Sensor IPv6 = fe80::203:3:3:3
[Mote:1] {"node":"fd00::203:3:3:3", "cpu_energy_mj":18, "lpm_energy_mj":0, "radio_tx_energy_mj":0, "radio_rx_energy_mj":8, "node_time":1201390, "total_sent":114, "total_received":116, "bytes_tx":60, "bytes_rx":12, "r2n_latency":234, "lqi":100, "rssi":-91, "server_sent":116, "server_received":230, "server_bytes_rx":60, "n2r_latency":90, "hops":1, "rtt_latency":222, "root_time_now":1201480}
[Mote:2] Sensor IPv6 = fe80::202:2:2:2
[Mote:1] {"node":"fd00::202:2:2:2", "cpu_energy_mj":18, "lpm_energy_mj":0, "radio_tx_energy_mj":0, "radio_rx_energy_mj":8, "node_time":1210904, "total_sent":114, "total_received":119, "bytes_tx":60, "bytes_rx":12, "r2n_latency":34, "lqi":100, "rssi":-81, "server_sent":119, "server_received":233, "server_bytes_rx":60, "n2r_latency":26, "hops":0, "rtt_latency":227, "root_time_now":1210930}
[Mote:3] Sensor IPv6 = fe80::203:3:3:3
[Mote:1] {"node":"fd00::203:3:3:3", "cpu_energy_mj":18, "lpm_energy_mj":0, "radio_tx_energy_mj":0, "radio_rx_energy_mj":8, "node_time":1211654, "total_sent":115, "total_received":117, "bytes_tx":60, "bytes_rx":12, "r2n_latency":734, "lqi":100, "rssi":-91, "server_sent":117, "server_received":232, "server_bytes_rx":60, "n2r_latency":116, "hops":1, "rtt_latency":437, "root_time_now":1211770}
[Mote:2] Sensor IPv6 = fe80::202:2:2:2
[Mote:1] {"node":"fd00::202:2:2:2", "cpu_energy_mj":18, "lpm_energy_mj":0, "radio_tx_energy_mj":0, "radio_rx_energy_mj":8, "node_time":1221435, "total_sent":115, "total_received":120, "bytes_tx":60, "bytes_rx":12, "r2n_latency":44, "lqi":100, "rssi":-81, "server_sent":120, "server_received":235, "server_bytes_rx":60, "n2r_latency":65, "hops":0, "rtt_latency":197, "root_time_now":1221500}
[Mote:3] Sensor IPv6 = fe80::203:3:3:3
[Mote:1] {"node":"fd00::203:3:3:3", "cpu_energy_mj":18, "lpm_energy_mj":0, "radio_tx_energy_mj":0, "radio_rx_energy_mj":8, "node_time":1221919, "total_sent":116, "total_received":118, "bytes_tx":60, "bytes_rx":12, "r2n_latency":254, "lqi":100, "rssi":-91, "server_sent":118, "server_received":234, "server_bytes_rx":60, "n2r_latency":141, "hops":1, "rtt_latency":232, "root_time_now":1222060}
[Mote:2] Sensor IPv6 = fe80::202:2:2:2
[Mote:1] {"node":"fd00::202:2:2:2", "cpu_energy_mj":18, "lpm_energy_mj":0, "radio_tx_energy_mj":0, "radio_rx_energy_mj":8, "node_time":1231966, "total_sent":116, "total_received":121, "bytes_tx":60, "bytes_rx":12, "r2n_latency":54, "lqi":100, "rssi":-81, "server_sent":121, "server_received":237, "server_bytes_rx":60, "n2r_latency":34, "hops":0, "rtt_latency":202, "root_time_now":1232000}
[Mote:3] Sensor IPv6 = fe80::203:3:3:3
[Mote:1] {"node":"fd00::203:3:3:3", "cpu_energy_mj":18, "lpm_energy_mj":0, "radio_tx_energy_mj":0, "radio_rx_energy_mj":8, "node_time":1232182, "total_sent":117, "total_received":119, "bytes_tx":60, "bytes_rx":12, "r2n_latency":264, "lqi":100, "rssi":-91, "server_sent":119, "server_received":236, "server_bytes_rx":60, "n2r_latency":98, "hops":1, "rtt_latency":237, "root_time_now":1232280}
[Mote:3] Sensor IPv6 = fe80::203:3:3:3
[Mote:2] Sensor IPv6 = fe80::202:2:2:2
[Mote:1] {"node":"fd00::202:2:2:2", "cpu_energy_mj":18, "lpm_energy_mj":0, "radio_tx_energy_mj":0, "radio_rx_energy_mj":8, "node_time":1242500, "total_sent":117, "total_received":122, "bytes_tx":60, "bytes_rx":12, "r2n_latency":64, "lqi":100, "rssi":-81, "server_sent":122, "server_received":239, "server_bytes_rx":60, "n2r_latency":70, "hops":0, "rtt_latency":347, "root_time_now":1242570}
[Mote:1] {"node":"fd00::203:3:3:3", "cpu_energy_mj":18, "lpm_energy_mj":0, "radio_tx_energy_mj":0, "radio_rx_energy_mj":8, "node_time":1242448, "total_sent":118, "total_received":120, "bytes_tx":60, "bytes_rx":12, "r2n_latency":274, "lqi":100, "rssi":-91, "server_sent":120, "server_received":238, "server_bytes_rx":60, "n2r_latency":192, "hops":1, "rtt_latency":382, "root_time_now":1242640}
[Mote:3] Sensor IPv6 = fe80::203:3:3:3
[Mote:1] {"node":"fd00::203:3:3:3", "cpu_energy_mj":18, "lpm_energy_mj":0, "radio_tx_energy_mj":0, "radio_rx_energy_mj":8, "node_time":1252710, "total_sent":119, "total_received":121, "bytes_tx":60, "bytes_rx":12, "r2n_latency":704, "lqi":100, "rssi":-91, "server_sent":121, "server_received":240, "server_bytes_rx":60, "n2r_latency":80, "hops":1, "rtt_latency":422, "root_time_now":1252790}
[Mote:2] Sensor IPv6 = fe80::202:2:2:2
[Mote:1] {"node":"fd00::202:2:2:2", "cpu_energy_mj":18, "lpm_energy_mj":0, "radio_tx_energy_mj":0, "radio_rx_energy_mj":8, "node_time":1253026, "total_sent":118, "total_received":123, "bytes_tx":60, "bytes_rx":12, "r2n_latency":74, "lqi":100, "rssi":-81, "server_sent":123, "server_received":241, "server_bytes_rx":60, "n2r_latency":44, "hops":0, "rtt_latency":142, "root_time_now":1253070}
[Mote:3] Sensor IPv6 = fe80::203:3:3:3
[Mote:1] {"node":"fd00::203:3:3:3", "cpu_energy_mj":18, "lpm_energy_mj":0, "radio_tx_energy_mj":0, "radio_rx_energy_mj":8, "node_time":1262974, "total_sent":120, "total_received":122, "bytes_tx":60, "bytes_rx":12, "r2n_latency":434, "lqi":100, "rssi":-91, "server_sent":122, "server_received":242, "server_bytes_rx":60, "n2r_latency":106, "hops":1, "rtt_latency":287, "root_time_now":1263080}
[Mote:2] Sensor IPv6 = fe80::202:2:2:2
[Mote:1] {"node":"fd00::202:2:2:2", "cpu_energy_mj":18, "lpm_energy_mj":0, "radio_tx_energy_mj":0, "radio_rx_energy_mj":8, "node_time":1263557, "total_sent":119, "total_received":124, "bytes_tx":60, "bytes_rx":12, "r2n_latency":14, "lqi":100, "rssi":-81, "server_sent":124, "server_received":243, "server_bytes_rx":60, "n2r_latency":13, "hops":0, "rtt_latency":112, "root_time_now":1263570}
[Mote:3] Sensor IPv6 = fe80::203:3:3:3
[Mote:1] {"node":"fd00::203:3:3:3", "cpu_energy_mj":18, "lpm_energy_mj":0, "radio_tx_energy_mj":0, "radio_rx_energy_mj":8, "node_time":1273238, "total_sent":121, "total_received":123, "bytes_tx":60, "bytes_rx":12, "r2n_latency":864, "lqi":100, "rssi":-91, "server_sent":123, "server_received":244, "server_bytes_rx":60, "n2r_latency":132, "hops":1, "rtt_latency":502, "root_time_now":1273370}
[Mote:2] Sensor IPv6 = fe80::202:2:2:2
[Mote:1] {"node":"fd00::202:2:2:2", "cpu_energy_mj":18, "lpm_energy_mj":0, "radio_tx_energy_mj":0, "radio_rx_energy_mj":8, "node_time":1274088, "total_sent":120, "total_received":125, "bytes_tx":60, "bytes_rx":12, "r2n_latency":24, "lqi":100, "rssi":-81, "server_sent":125, "server_received":245, "server_bytes_rx":60, "n2r_latency":52, "hops":0, "rtt_latency":292, "root_time_now":1274140}
[Mote:3] Sensor IPv6 = fe80::203:3:3:3
[Mote:1] {"node":"fd00::203:3:3:3", "cpu_energy_mj":18, "lpm_energy_mj":0, "radio_tx_energy_mj":0, "radio_rx_energy_mj":8, "node_time":1283504, "total_sent":122, "total_received":124, "bytes_tx":60, "bytes_rx":12, "r2n_latency":384, "lqi":100, "rssi":-91, "server_sent":124, "server_received":246, "server_bytes_rx":60, "n2r_latency":86, "hops":1, "rtt_latency":262, "root_time_now":1283590}
[Mote:2] Sensor IPv6 = fe80::202:2:2:2
[Mote:1] {"node":"fd00::202:2:2:2", "cpu_energy_mj":18, "lpm_energy_mj":0, "radio_tx_energy_mj":0, "radio_rx_energy_mj":8, "node_time":1284619, "total_sent":121, "total_received":126, "bytes_tx":60, "bytes_rx":12, "r2n_latency":34, "lqi":100, "rssi":-81, "server_sent":126, "server_received":247, "server_bytes_rx":60, "n2r_latency":21, "hops":0, "rtt_latency":122, "root_time_now":1284640}
[Mote:3] Sensor IPv6 = fe80::203:3:3:3
[Mote:1] {"node":"fd00::203:3:3:3", "cpu_energy_mj":18, "lpm_energy_mj":0, "radio_tx_energy_mj":0, "radio_rx_energy_mj":8, "node_time":1293766, "total_sent":123, "total_received":125, "bytes_tx":60, "bytes_rx":12, "r2n_latency":254, "lqi":100, "rssi":-91, "server_sent":125, "server_received":248, "server_bytes_rx":60, "n2r_latency":114, "hops":1, "rtt_latency":407, "root_time_now":1293880}
[Mote:2] Sensor IPv6 = fe80::202:2:2:2
[Mote:1] {"node":"fd00::202:2:2:2", "cpu_energy_mj":18, "lpm_energy_mj":0, "radio_tx_energy_mj":0, "radio_rx_energy_mj":8, "node_time":1295150, "total_sent":122, "total_received":127, "bytes_tx":60, "bytes_rx":12, "r2n_latency":44, "lqi":100, "rssi":-81, "server_sent":127, "server_received":249, "server_bytes_rx":60, "n2r_latency":60, "hops":0, "rtt_latency":372, "root_time_now":1295210}
[Mote:3] Sensor IPv6 = fe80::203:3:3:3
[Mote:1] {"node":"fd00::203:3:3:3", "cpu_energy_mj":18, "lpm_energy_mj":0, "radio_tx_energy_mj":0, "radio_rx_energy_mj":8, "node_time":1304030, "total_sent":124, "total_received":126, "bytes_tx":60, "bytes_rx":12, "r2n_latency":474, "lqi":100, "rssi":-91, "server_sent":126, "server_received":250, "server_bytes_rx":60, "n2r_latency":140, "hops":1, "rtt_latency":307, "root_time_now":1304170}
[Mote:2] Sensor IPv6 = fe80::202:2:2:2
[Mote:1] {"node":"fd00::202:2:2:2", "cpu_energy_mj":18, "lpm_energy_mj":0, "radio_tx_energy_mj":0, "radio_rx_energy_mj":8, "node_time":1305681, "total_sent":123, "total_received":128, "bytes_tx":60, "bytes_rx":12, "r2n_latency":54, "lqi":100, "rssi":-81, "server_sent":128, "server_received":251, "server_bytes_rx":60, "n2r_latency":29, "hops":0, "rtt_latency":167, "root_time_now":1305710}
[Mote:3] Sensor IPv6 = fe80::203:3:3:3
[Mote:1] {"node":"fd00::203:3:3:3", "cpu_energy_mj":18, "lpm_energy_mj":0, "radio_tx_energy_mj":0, "radio_rx_energy_mj":8, "node_time":1314294, "total_sent":125, "total_received":127, "bytes_tx":60, "bytes_rx":12, "r2n_latency":274, "lqi":100, "rssi":-91, "server_sent":127, "server_received":252, "server_bytes_rx":60, "n2r_latency":166, "hops":1, "rtt_latency":487, "root_time_now":1314460}
[Mote:2] Sensor IPv6 = fe80::202:2:2:2
[Mote:1] {"node":"fd00::202:2:2:2", "cpu_energy_mj":18, "lpm_energy_mj":0, "radio_tx_energy_mj":0, "radio_rx_energy_mj":8, "node_time":1316212, "total_sent":124, "total_received":129, "bytes_tx":60, "bytes_rx":12, "r2n_latency":64, "lqi":100, "rssi":-81, "server_sent":129, "server_received":253, "server_bytes_rx":60, "n2r_latency":68, "hops":0, "rtt_latency":452, "root_time_now":1316280}
[Mote:3] Sensor IPv6 = fe80::203:3:3:3
[Mote:1] {"node":"fd00::203:3:3:3", "cpu_energy_mj":18, "lpm_energy_mj":0, "radio_tx_energy_mj":0, "radio_rx_energy_mj":8, "node_time":1324558, "total_sent":126, "total_received":128, "bytes_tx":60, "bytes_rx":12, "r2n_latency":564, "lqi":100, "rssi":-91, "server_sent":128, "server_received":254, "server_bytes_rx":60, "n2r_latency":122, "hops":1, "rtt_latency":352, "root_time_now":1324680}
[Mote:2] Sensor IPv6 = fe80::202:2:2:2
[Mote:1] {"node":"fd00::202:2:2:2", "cpu_energy_mj":18, "lpm_energy_mj":0, "radio_tx_energy_mj":0, "radio_rx_energy_mj":8, "node_time":1326743, "total_sent":125, "total_received":130, "bytes_tx":60, "bytes_rx":12, "r2n_latency":74, "lqi":100, "rssi":-81, "server_sent":130, "server_received":255, "server_bytes_rx":60, "n2r_latency":37, "hops":0, "rtt_latency":177, "root_time_now":1326780}
[Mote:3] Sensor IPv6 = fe80::203:3:3:3
[Mote:1] {"node":"fd00::203:3:3:3", "cpu_energy_mj":18, "lpm_energy_mj":0, "radio_tx_energy_mj":0, "radio_rx_energy_mj":8, "node_time":1334822, "total_sent":127, "total_received":129, "bytes_tx":60, "bytes_rx":12, "r2n_latency":434, "lqi":100, "rssi":-91, "server_sent":129, "server_received":256, "server_bytes_rx":60, "n2r_latency":78, "hops":1, "rtt_latency":287, "root_time_now":1334900}
[Mote:2] Sensor IPv6 = fe80::202:2:2:2
[Mote:1] {"node":"fd00::202:2:2:2", "cpu_energy_mj":18, "lpm_energy_mj":0, "radio_tx_energy_mj":0, "radio_rx_energy_mj":8, "node_time":1337278, "total_sent":126, "total_received":131, "bytes_tx":60, "bytes_rx":12, "r2n_latency":14, "lqi":100, "rssi":-81, "server_sent":131, "server_received":257, "server_bytes_rx":60, "n2r_latency":72, "hops":0, "rtt_latency":182, "root_time_now":1337350}
[Mote:3] Sensor IPv6 = fe80::203:3:3:3
[Mote:1] {"node":"fd00::203:3:3:3", "cpu_energy_mj":18, "lpm_energy_mj":0, "radio_tx_energy_mj":0, "radio_rx_energy_mj":8, "node_time":1345088, "total_sent":128, "total_received":130, "bytes_tx":60, "bytes_rx":12, "r2n_latency":304, "lqi":100, "rssi":-91, "server_sent":130, "server_received":258, "server_bytes_rx":60, "n2r_latency":102, "hops":1, "rtt_latency":502, "root_time_now":1345190}
[Mote:2] Sensor IPv6 = fe80::202:2:2:2
[Mote:1] {"node":"fd00::202:2:2:2", "cpu_energy_mj":18, "lpm_energy_mj":0, "radio_tx_energy_mj":0, "radio_rx_energy_mj":8, "node_time":1347805, "total_sent":127, "total_received":132, "bytes_tx":60, "bytes_rx":12, "r2n_latency":24, "lqi":100, "rssi":-81, "server_sent":132, "server_received":259, "server_bytes_rx":60, "n2r_latency":45, "hops":0, "rtt_latency":467, "root_time_now":1347850}
[Mote:3] Sensor IPv6 = fe80::203:3:3:3
[Mote:1] {"node":"fd00::203:3:3:3", "cpu_energy_mj":18, "lpm_energy_mj":0, "radio_tx_energy_mj":0, "radio_rx_energy_mj":8, "node_time":1355350, "total_sent":129, "total_received":131, "bytes_tx":60, "bytes_rx":12, "r2n_latency":384, "lqi":100, "rssi":-91, "server_sent":131, "server_received":260, "server_bytes_rx":60, "n2r_latency":130, "hops":1, "rtt_latency":437, "root_time_now":1355480}
[Mote:2] Sensor IPv6 = fe80::202:2:2:2
[Mote:1] {"node":"fd00::202:2:2:2", "cpu_energy_mj":18, "lpm_energy_mj":0, "radio_tx_energy_mj":0, "radio_rx_energy_mj":8, "node_time":1358336, "total_sent":128, "total_received":133, "bytes_tx":60, "bytes_rx":12, "r2n_latency":34, "lqi":100, "rssi":-81, "server_sent":133, "server_received":261, "server_bytes_rx":60, "n2r_latency":14, "hops":0, "rtt_latency":402, "root_time_now":1358350}
[Mote:3] Sensor IPv6 = fe80::203:3:3:3
[Mote:1] {"node":"fd00::203:3:3:3", "cpu_energy_mj":18, "lpm_energy_mj":0, "radio_tx_energy_mj":0, "radio_rx_energy_mj":8, "node_time":1365614, "total_sent":130, "total_received":132, "bytes_tx":60, "bytes_rx":12, "r2n_latency":394, "lqi":100, "rssi":-91, "server_sent":132, "server_received":262, "server_bytes_rx":60, "n2r_latency":86, "hops":1, "rtt_latency":267, "root_time_now":1365700}
[Mote:2] Sensor IPv6 = fe80::202:2:2:2
[Mote:1] {"node":"fd00::202:2:2:2", "cpu_energy_mj":18, "lpm_energy_mj":0, "radio_tx_energy_mj":0, "radio_rx_energy_mj":8, "node_time":1368867, "total_sent":129, "total_received":134, "bytes_tx":60, "bytes_rx":12, "r2n_latency":44, "lqi":100, "rssi":-81, "server_sent":134, "server_received":263, "server_bytes_rx":60, "n2r_latency":53, "hops":0, "rtt_latency":162, "root_time_now":1368920}
[Mote:3] Sensor IPv6 = fe80::203:3:3:3
[Mote:1] {"node":"fd00::203:3:3:3", "cpu_energy_mj":18, "lpm_energy_mj":0, "radio_tx_energy_mj":0, "radio_rx_energy_mj":8, "node_time":1375880, "total_sent":131, "total_received":133, "bytes_tx":60, "bytes_rx":12, "r2n_latency":544, "lqi":100, "rssi":-91, "server_sent":133, "server_received":264, "server_bytes_rx":60, "n2r_latency":110, "hops":1, "rtt_latency":412, "root_time_now":1375990}
[Mote:2] Sensor IPv6 = fe80::202:2:2:2
[Mote:1] {"node":"fd00::202:2:2:2", "cpu_energy_mj":18, "lpm_energy_mj":0, "radio_tx_energy_mj":0, "radio_rx_energy_mj":8, "node_time":1379402, "total_sent":130, "total_received":135, "bytes_tx":60, "bytes_rx":12, "r2n_latency":54, "lqi":100, "rssi":-81, "server_sent":135, "server_received":265, "server_bytes_rx":60, "n2r_latency":18, "hops":0, "rtt_latency":377, "root_time_now":1379420}
[Mote:3] Sensor IPv6 = fe80::203:3:3:3
[Mote:1] {"node":"fd00::203:3:3:3", "cpu_energy_mj":18, "lpm_energy_mj":0, "radio_tx_energy_mj":0, "radio_rx_energy_mj":8, "node_time":1386142, "total_sent":132, "total_received":134, "bytes_tx":60, "bytes_rx":12, "r2n_latency":694, "lqi":100, "rssi":-91, "server_sent":134, "server_received":266, "server_bytes_rx":60, "n2r_latency":138, "hops":1, "rtt_latency":417, "root_time_now":1386280}
[Mote:2] Sensor IPv6 = fe80::202:2:2:2
[Mote:1] {"node":"fd00::202:2:2:2", "cpu_energy_mj":18, "lpm_energy_mj":0, "radio_tx_energy_mj":0, "radio_rx_energy_mj":8, "node_time":1389929, "total_sent":131, "total_received":136, "bytes_tx":60, "bytes_rx":12, "r2n_latency":64, "lqi":100, "rssi":-81, "server_sent":137, "server_received":267, "server_bytes_rx":60, "n2r_latency":63, "hops":0, "rtt_latency":312, "root_time_now":1389992}
[Mote:3] Sensor IPv6 = fe80::203:3:3:3
[Mote:1] {"node":"fd00::203:3:3:3", "cpu_energy_mj":18, "lpm_energy_mj":0, "radio_tx_energy_mj":0, "radio_rx_energy_mj":8, "node_time":1396406, "total_sent":133, "total_received":135, "bytes_tx":60, "bytes_rx":12, "r2n_latency":424, "lqi":100, "rssi":-91, "server_sent":135, "server_received":268, "server_bytes_rx":60, "n2r_latency":94, "hops":1, "rtt_latency":282, "root_time_now":1396500}
[Mote:2] Sensor IPv6 = fe80::202:2:2:2
[Mote:1] {"node":"fd00::202:2:2:2", "cpu_energy_mj":18, "lpm_energy_mj":0, "radio_tx_energy_mj":0, "radio_rx_energy_mj":8, "node_time":1400462, "total_sent":132, "total_received":138, "bytes_tx":60, "bytes_rx":12, "r2n_latency":14, "lqi":100, "rssi":-81, "server_sent":138, "server_received":270, "server_bytes_rx":60, "n2r_latency":28, "hops":0, "rtt_latency":112, "root_time_now":1400490}
[Mote:3] Sensor IPv6 = fe80::203:3:3:3
[Mote:1] {"node":"fd00::203:3:3:3", "cpu_energy_mj":18, "lpm_energy_mj":0, "radio_tx_energy_mj":0, "radio_rx_energy_mj":8, "node_time":1406672, "total_sent":134, "total_received":136, "bytes_tx":60, "bytes_rx":12, "r2n_latency":294, "lqi":100, "rssi":-91, "server_sent":136, "server_received":270, "server_bytes_rx":60, "n2r_latency":118, "hops":1, "rtt_latency":217, "root_time_now":1406790}
[Mote:2] Sensor IPv6 = fe80::202:2:2:2
[Mote:1] {"node":"fd00::202:2:2:2", "cpu_energy_mj":18, "lpm_energy_mj":0, "radio_tx_energy_mj":0, "radio_rx_energy_mj":8, "node_time":1410993, "total_sent":133, "total_received":139, "bytes_tx":60, "bytes_rx":12, "r2n_latency":24, "lqi":100, "rssi":-81, "server_sent":139, "server_received":272, "server_bytes_rx":60, "n2r_latency":67, "hops":0, "rtt_latency":117, "root_time_now":1411060}
[Mote:3] Sensor IPv6 = fe80::203:3:3:3
[Mote:1] {"node":"fd00::203:3:3:3", "cpu_energy_mj":18, "lpm_energy_mj":0, "radio_tx_energy_mj":0, "radio_rx_energy_mj":8, "node_time":1416936, "total_sent":135, "total_received":137, "bytes_tx":60, "bytes_rx":12, "r2n_latency":374, "lqi":100, "rssi":-91, "server_sent":137, "server_received":272, "server_bytes_rx":60, "n2r_latency":74, "hops":1, "rtt_latency":257, "root_time_now":1417010}
[Mote:2] Sensor IPv6 = fe80::202:2:2:2
[Mote:1] {"node":"fd00::202:2:2:2", "cpu_energy_mj":18, "lpm_energy_mj":0, "radio_tx_energy_mj":0, "radio_rx_energy_mj":8, "node_time":1421524, "total_sent":134, "total_received":140, "bytes_tx":60, "bytes_rx":12, "r2n_latency":34, "lqi":100, "rssi":-81, "server_sent":140, "server_received":274, "server_bytes_rx":60, "n2r_latency":36, "hops":0, "rtt_latency":122, "root_time_now":1421560}
[Mote:3] Sensor IPv6 = fe80::203:3:3:3
[Mote:1] {"node":"fd00::203:3:3:3", "cpu_energy_mj":18, "lpm_energy_mj":0, "radio_tx_energy_mj":0, "radio_rx_energy_mj":8, "node_time":1427198, "total_sent":136, "total_received":138, "bytes_tx":60, "bytes_rx":12, "r2n_latency":314, "lqi":100, "rssi":-91, "server_sent":138, "server_received":274, "server_bytes_rx":60, "n2r_latency":102, "hops":1, "rtt_latency":297, "root_time_now":1427300}
[Mote:2] Sensor IPv6 = fe80::202:2:2:2
[Mote:1] {"node":"fd00::202:2:2:2", "cpu_energy_mj":18, "lpm_energy_mj":0, "radio_tx_energy_mj":0, "radio_rx_energy_mj":8, "node_time":1432055, "total_sent":135, "total_received":141, "bytes_tx":60, "bytes_rx":12, "r2n_latency":43, "lqi":100, "rssi":-81, "server_sent":141, "server_received":276, "server_bytes_rx":60, "n2r_latency":75, "hops":0, "rtt_latency":196, "root_time_now":1432130}
[Mote:3] Sensor IPv6 = fe80::203:3:3:3
[Mote:1] {"node":"fd00::203:3:3:3", "cpu_energy_mj":18, "lpm_energy_mj":0, "radio_tx_energy_mj":0, "radio_rx_energy_mj":8, "node_time":1437462, "total_sent":137, "total_received":139, "bytes_tx":60, "bytes_rx":12, "r2n_latency":253, "lqi":100, "rssi":-91, "server_sent":139, "server_received":276, "server_bytes_rx":60, "n2r_latency":198, "hops":1, "rtt_latency":231, "root_time_now":1437660}
[Mote:2] Sensor IPv6 = fe80::202:2:2:2
[Mote:1] {"node":"fd00::202:2:2:2", "cpu_energy_mj":18, "lpm_energy_mj":0, "radio_tx_energy_mj":0, "radio_rx_energy_mj":8, "node_time":1442586, "total_sent":136, "total_received":142, "bytes_tx":60, "bytes_rx":12, "r2n_latency":54, "lqi":100, "rssi":-81, "server_sent":142, "server_received":278, "server_bytes_rx":60, "n2r_latency":44, "hops":0, "rtt_latency":202, "root_time_now":1442630}
[Mote:3] Sensor IPv6 = fe80::203:3:3:3
[Mote:1] {"node":"fd00::203:3:3:3", "cpu_energy_mj":18, "lpm_energy_mj":0, "radio_tx_energy_mj":0, "radio_rx_energy_mj":8, "node_time":1447728, "total_sent":138, "total_received":140, "bytes_tx":60, "bytes_rx":12, "r2n_latency":894, "lqi":100, "rssi":-91, "server_sent":140, "server_received":278, "server_bytes_rx":60, "n2r_latency":82, "hops":1, "rtt_latency":517, "root_time_now":1447810}
[Mote:2] Sensor IPv6 = fe80::202:2:2:2
[Mote:1] {"node":"fd00::202:2:2:2", "cpu_energy_mj":18, "lpm_energy_mj":0, "radio_tx_energy_mj":0, "radio_rx_energy_mj":8, "node_time":1453117, "total_sent":137, "total_received":143, "bytes_tx":60, "bytes_rx":12, "r2n_latency":64, "lqi":100, "rssi":-81, "server_sent":143, "server_received":280, "server_bytes_rx":60, "n2r_latency":13, "hops":0, "rtt_latency":207, "root_time_now":1453130}
[Mote:3] Sensor IPv6 = fe80::203:3:3:3
[Mote:1] {"node":"fd00::203:3:3:3", "cpu_energy_mj":18, "lpm_energy_mj":0, "radio_tx_energy_mj":0, "radio_rx_energy_mj":8, "node_time":1457992, "total_sent":139, "total_received":141, "bytes_tx":60, "bytes_rx":12, "r2n_latency":484, "lqi":100, "rssi":-91, "server_sent":141, "server_received":280, "server_bytes_rx":60, "n2r_latency":108, "hops":1, "rtt_latency":312, "root_time_now":1458100}
[Mote:2] Sensor IPv6 = fe80::202:2:2:2
[Mote:1] {"node":"fd00::202:2:2:2", "cpu_energy_mj":18, "lpm_energy_mj":0, "radio_tx_energy_mj":0, "radio_rx_energy_mj":8, "node_time":1463650, "total_sent":138, "total_received":144, "bytes_tx":60, "bytes_rx":12, "r2n_latency":74, "lqi":100, "rssi":-81, "server_sent":144, "server_received":282, "server_bytes_rx":60, "n2r_latency":50, "hops":0, "rtt_latency":107, "root_time_now":1463700}
[Mote:3] Sensor IPv6 = fe80::203:3:3:3
[Mote:1] {"node":"fd00::203:3:3:3", "cpu_energy_mj":18, "lpm_energy_mj":0, "radio_tx_energy_mj":0, "radio_rx_energy_mj":8, "node_time":1468254, "total_sent":140, "total_received":142, "bytes_tx":60, "bytes_rx":12, "r2n_latency":424, "lqi":100, "rssi":-91, "server_sent":142, "server_received":282, "server_bytes_rx":60, "n2r_latency":136, "hops":1, "rtt_latency":282, "root_time_now":1468390}
[Mote:2] Sensor IPv6 = fe80::202:2:2:2
[Mote:1] {"node":"fd00::202:2:2:2", "cpu_energy_mj":18, "lpm_energy_mj":0, "radio_tx_energy_mj":0, "radio_rx_energy_mj":8, "node_time":1474179, "total_sent":139, "total_received":145, "bytes_tx":60, "bytes_rx":12, "r2n_latency":14, "lqi":100, "rssi":-81, "server_sent":145, "server_received":284, "server_bytes_rx":60, "n2r_latency":21, "hops":0, "rtt_latency":322, "root_time_now":1474200}
[Mote:3] Sensor IPv6 = fe80::203:3:3:3
[Mote:1] {"node":"fd00::203:3:3:3", "cpu_energy_mj":18, "lpm_energy_mj":0, "radio_tx_energy_mj":0, "radio_rx_energy_mj":8, "node_time":1478520, "total_sent":141, "total_received":143, "bytes_tx":60, "bytes_rx":12, "r2n_latency":504, "lqi":100, "rssi":-91, "server_sent":143, "server_received":284, "server_bytes_rx":60, "n2r_latency":300, "hops":1, "rtt_latency":357, "root_time_now":1478820}
[Mote:2] Sensor IPv6 = fe80::202:2:2:2
[Mote:1] {"node":"fd00::202:2:2:2", "cpu_energy_mj":18, "lpm_energy_mj":0, "radio_tx_energy_mj":0, "radio_rx_energy_mj":8, "node_time":1484710, "total_sent":140, "total_received":146, "bytes_tx":60, "bytes_rx":12, "r2n_latency":24, "lqi":100, "rssi":-81, "server_sent":146, "server_received":286, "server_bytes_rx":60, "n2r_latency":60, "hops":0, "rtt_latency":82, "root_time_now":1484770}
[Mote:3] Sensor IPv6 = fe80::203:3:3:3
[Mote:1] {"node":"fd00::203:3:3:3", "cpu_energy_mj":18, "lpm_energy_mj":0, "radio_tx_energy_mj":0, "radio_rx_energy_mj":8, "node_time":1488784, "total_sent":142, "total_received":144, "bytes_tx":60, "bytes_rx":12, "r2n_latency":374, "lqi":100, "rssi":-91, "server_sent":144, "server_received":286, "server_bytes_rx":60, "n2r_latency":116, "hops":1, "rtt_latency":257, "root_time_now":1488900}
[Mote:2] Sensor IPv6 = fe80::202:2:2:2
[Mote:1] {"node":"fd00::202:2:2:2", "cpu_energy_mj":18, "lpm_energy_mj":0, "radio_tx_energy_mj":0, "radio_rx_energy_mj":8, "node_time":1495241, "total_sent":141, "total_received":147, "bytes_tx":60, "bytes_rx":12, "r2n_latency":34, "lqi":100, "rssi":-81, "server_sent":147, "server_received":288, "server_bytes_rx":60, "n2r_latency":29, "hops":0, "rtt_latency":122, "root_time_now":1495270}
[Mote:3] Sensor IPv6 = fe80::203:3:3:3
[Mote:1] {"node":"fd00::203:3:3:3", "cpu_energy_mj":18, "lpm_energy_mj":0, "radio_tx_energy_mj":0, "radio_rx_energy_mj":8, "node_time":1499046, "total_sent":143, "total_received":145, "bytes_tx":60, "bytes_rx":12, "r2n_latency":384, "lqi":100, "rssi":-91, "server_sent":145, "server_received":288, "server_bytes_rx":60, "n2r_latency":144, "hops":1, "rtt_latency":262, "root_time_now":1499190}
[Mote:2] Sensor IPv6 = fe80::202:2:2:2
[Mote:1] {"node":"fd00::202:2:2:2", "cpu_energy_mj":18, "lpm_energy_mj":0, "radio_tx_energy_mj":0, "radio_rx_energy_mj":8, "node_time":1505772, "total_sent":142, "total_received":148, "bytes_tx":60, "bytes_rx":12, "r2n_latency":44, "lqi":100, "rssi":-81, "server_sent":148, "server_received":290, "server_bytes_rx":60, "n2r_latency":68, "hops":0, "rtt_latency":127, "root_time_now":1505840}
[Mote:3] Sensor IPv6 = fe80::203:3:3:3
[Mote:1] {"node":"fd00::203:3:3:3", "cpu_energy_mj":18, "lpm_energy_mj":0, "radio_tx_energy_mj":0, "radio_rx_energy_mj":8, "node_time":1509312, "total_sent":144, "total_received":146, "bytes_tx":60, "bytes_rx":12, "r2n_latency":464, "lqi":100, "rssi":-91, "server_sent":146, "server_received":290, "server_bytes_rx":60, "n2r_latency":98, "hops":1, "rtt_latency":407, "root_time_now":1509410}
[Mote:2] Sensor IPv6 = fe80::202:2:2:2
[Mote:1] {"node":"fd00::202:2:2:2", "cpu_energy_mj":18, "lpm_energy_mj":0, "radio_tx_energy_mj":0, "radio_rx_energy_mj":8, "node_time":1516305, "total_sent":143, "total_received":149, "bytes_tx":60, "bytes_rx":12, "r2n_latency":54, "lqi":100, "rssi":-81, "server_sent":149, "server_received":292, "server_bytes_rx":60, "n2r_latency":35, "hops":0, "rtt_latency":202, "root_time_now":1516340}
[Mote:3] Sensor IPv6 = fe80::203:3:3:3
[Mote:1] {"node":"fd00::203:3:3:3", "cpu_energy_mj":18, "lpm_energy_mj":0, "radio_tx_energy_mj":0, "radio_rx_energy_mj":8, "node_time":1519576, "total_sent":145, "total_received":147, "bytes_tx":60, "bytes_rx":12, "r2n_latency":474, "lqi":100, "rssi":-91, "server_sent":147, "server_received":292, "server_bytes_rx":60, "n2r_latency":124, "hops":1, "rtt_latency":307, "root_time_now":1519700}
[Mote:2] Sensor IPv6 = fe80::202:2:2:2
[Mote:1] {"node":"fd00::202:2:2:2", "cpu_energy_mj":18, "lpm_energy_mj":0, "radio_tx_energy_mj":0, "radio_rx_energy_mj":8, "node_time":1526834, "total_sent":144, "total_received":150, "bytes_tx":60, "bytes_rx":12, "r2n_latency":64, "lqi":100, "rssi":-81, "server_sent":150, "server_received":294, "server_bytes_rx":60, "n2r_latency":6, "hops":0, "rtt_latency":207, "root_time_now":1526840}
[Mote:3] Sensor IPv6 = fe80::203:3:3:3
[Mote:1] {"node":"fd00::203:3:3:3", "cpu_energy_mj":18, "lpm_energy_mj":0, "radio_tx_energy_mj":0, "radio_rx_energy_mj":8, "node_time":1529840, "total_sent":146, "total_received":148, "bytes_tx":60, "bytes_rx":12, "r2n_latency":274, "lqi":100, "rssi":-91, "server_sent":148, "server_received":294, "server_bytes_rx":60, "n2r_latency":80, "hops":1, "rtt_latency":242, "root_time_now":1529920}
[Mote:2] Sensor IPv6 = fe80::202:2:2:2
[Mote:1] {"node":"fd00::202:2:2:2", "cpu_energy_mj":18, "lpm_energy_mj":0, "radio_tx_energy_mj":0, "radio_rx_energy_mj":8, "node_time":1537365, "total_sent":145, "total_received":151, "bytes_tx":60, "bytes_rx":12, "r2n_latency":77, "lqi":100, "rssi":-81, "server_sent":151, "server_received":296, "server_bytes_rx":60, "n2r_latency":45, "hops":0, "rtt_latency":108, "root_time_now":1537410}
[Mote:3] Sensor IPv6 = fe80::203:3:3:3
[Mote:1] {"node":"fd00::203:3:3:3", "cpu_energy_mj":18, "lpm_energy_mj":0, "radio_tx_energy_mj":0, "radio_rx_energy_mj":8, "node_time":1540104, "total_sent":147, "total_received":149, "bytes_tx":60, "bytes_rx":12, "r2n_latency":427, "lqi":100, "rssi":-91, "server_sent":150, "server_received":296, "server_bytes_rx":60, "n2r_latency":806, "hops":1, "rtt_latency":283, "root_time_now":1540910}
[Mote:2] Sensor IPv6 = fe80::202:2:2:2
[Mote:1] {"node":"fd00::202:2:2:2", "cpu_energy_mj":18, "lpm_energy_mj":0, "radio_tx_energy_mj":0, "radio_rx_energy_mj":8, "node_time":1547898, "total_sent":146, "total_received":152, "bytes_tx":60, "bytes_rx":12, "r2n_latency":14, "lqi":100, "rssi":-81, "server_sent":152, "server_received":298, "server_bytes_rx":60, "n2r_latency":12, "hops":0, "rtt_latency":427, "root_time_now":1547910}
[Mote:3] Sensor IPv6 = fe80::203:3:3:3
[Mote:1] {"node":"fd00::203:3:3:3", "cpu_energy_mj":18, "lpm_energy_mj":0, "radio_tx_energy_mj":0, "radio_rx_energy_mj":8, "node_time":1550366, "total_sent":148, "total_received":151, "bytes_tx":60, "bytes_rx":12, "r2n_latency":374, "lqi":100, "rssi":-91, "server_sent":151, "server_received":299, "server_bytes_rx":60, "n2r_latency":834, "hops":1, "rtt_latency":572, "root_time_now":1551200}
[Mote:2] Sensor IPv6 = fe80::202:2:2:2
[Mote:1] {"node":"fd00::202:2:2:2", "cpu_energy_mj":18, "lpm_energy_mj":0, "radio_tx_energy_mj":0, "radio_rx_energy_mj":8, "node_time":1558429, "total_sent":147, "total_received":153, "bytes_tx":60, "bytes_rx":12, "r2n_latency":24, "lqi":100, "rssi":-81, "server_sent":153, "server_received":300, "server_bytes_rx":60, "n2r_latency":51, "hops":0, "rtt_latency":82, "root_time_now":1558480}
[Mote:3] Sensor IPv6 = fe80::203:3:3:3
[Mote:1] {"node":"fd00::203:3:3:3", "cpu_energy_mj":18, "lpm_energy_mj":0, "radio_tx_energy_mj":0, "radio_rx_energy_mj":8, "node_time":1560632, "total_sent":149, "total_received":151, "bytes_tx":60, "bytes_rx":12, "r2n_latency":374, "lqi":100, "rssi":-91, "server_sent":152, "server_received":300, "server_bytes_rx":60, "n2r_latency":508, "hops":1, "rtt_latency":572, "root_time_now":1561140}
[Mote:2] Sensor IPv6 = fe80::202:2:2:2
[Mote:1] {"node":"fd00::202:2:2:2", "cpu_energy_mj":18, "lpm_energy_mj":0, "radio_tx_energy_mj":0, "radio_rx_energy_mj":8, "node_time":1568958, "total_sent":148, "total_received":154, "bytes_tx":60, "bytes_rx":12, "r2n_latency":34, "lqi":100, "rssi":-81, "server_sent":154, "server_received":302, "server_bytes_rx":60, "n2r_latency":22, "hops":0, "rtt_latency":542, "root_time_now":1568980}
[Mote:3] Sensor IPv6 = fe80::203:3:3:3
[Mote:1] {"node":"fd00::203:3:3:3", "cpu_energy_mj":18, "lpm_energy_mj":0, "radio_tx_energy_mj":0, "radio_rx_energy_mj":8, "node_time":1570894, "total_sent":150, "total_received":153, "bytes_tx":60, "bytes_rx":12, "r2n_latency":884, "lqi":100, "rssi":-91, "server_sent":153, "server_received":303, "server_bytes_rx":60, "n2r_latency":326, "hops":1, "rtt_latency":547, "root_time_now":1571220}
[Mote:2] Sensor IPv6 = fe80::202:2:2:2
[Mote:1] {"node":"fd00::202:2:2:2", "cpu_energy_mj":18, "lpm_energy_mj":0, "radio_tx_energy_mj":0, "radio_rx_energy_mj":8, "node_time":1579487, "total_sent":149, "total_received":155, "bytes_tx":60, "bytes_rx":12, "r2n_latency":44, "lqi":100, "rssi":-81, "server_sent":155, "server_received":304, "server_bytes_rx":60, "n2r_latency":63, "hops":0, "rtt_latency":162, "root_time_now":1579550}
[Mote:3] Sensor IPv6 = fe80::203:3:3:3
[Mote:1] {"node":"fd00::203:3:3:3", "cpu_energy_mj":18, "lpm_energy_mj":0, "radio_tx_energy_mj":0, "radio_rx_energy_mj":8, "node_time":1581159, "total_sent":151, "total_received":154, "bytes_tx":60, "bytes_rx":12, "r2n_latency":334, "lqi":100, "rssi":-91, "server_sent":154, "server_received":305, "server_bytes_rx":60, "n2r_latency":141, "hops":1, "rtt_latency":237, "root_time_now":1581300}
[Mote:2] Sensor IPv6 = fe80::202:2:2:2
[Mote:1] {"node":"fd00::202:2:2:2", "cpu_energy_mj":18, "lpm_energy_mj":0, "radio_tx_energy_mj":0, "radio_rx_energy_mj":8, "node_time":1590022, "total_sent":150, "total_received":156, "bytes_tx":60, "bytes_rx":12, "r2n_latency":54, "lqi":100, "rssi":-81, "server_sent":157, "server_received":306, "server_bytes_rx":60, "n2r_latency":308, "hops":0, "rtt_latency":97, "root_time_now":1590330}
[Mote:3] Sensor IPv6 = fe80::203:3:3:3
[Mote:1] {"node":"fd00::203:3:3:3", "cpu_energy_mj":18, "lpm_energy_mj":0, "radio_tx_energy_mj":0, "radio_rx_energy_mj":8, "node_time":1591422, "total_sent":152, "total_received":155, "bytes_tx":60, "bytes_rx":12, "r2n_latency":484, "lqi":100, "rssi":-91, "server_sent":155, "server_received":307, "server_bytes_rx":60, "n2r_latency":98, "hops":1, "rtt_latency":312, "root_time_now":1591520}
[Mote:2] Sensor IPv6 = fe80::202:2:2:2
[Mote:1] {"node":"fd00::202:2:2:2", "cpu_energy_mj":18, "lpm_energy_mj":0, "radio_tx_energy_mj":0, "radio_rx_energy_mj":8, "node_time":1600551, "total_sent":151, "total_received":158, "bytes_tx":60, "bytes_rx":12, "r2n_latency":74, "lqi":100, "rssi":-81, "server_sent":158, "server_received":309, "server_bytes_rx":60, "n2r_latency":69, "hops":0, "rtt_latency":142, "root_time_now":1600620}
[Mote:3] Sensor IPv6 = fe80::203:3:3:3
[Mote:1] {"node":"fd00::203:3:3:3", "cpu_energy_mj":18, "lpm_energy_mj":0, "radio_tx_energy_mj":0, "radio_rx_energy_mj":8, "node_time":1601686, "total_sent":153, "total_received":156, "bytes_tx":60, "bytes_rx":12, "r2n_latency":424, "lqi":100, "rssi":-91, "server_sent":156, "server_received":309, "server_bytes_rx":60, "n2r_latency":124, "hops":1, "rtt_latency":282, "root_time_now":1601810}
[Mote:2] Sensor IPv6 = fe80::202:2:2:2
[Mote:1] {"node":"fd00::202:2:2:2", "cpu_energy_mj":18, "lpm_energy_mj":0, "radio_tx_energy_mj":0, "radio_rx_energy_mj":8, "node_time":1611082, "total_sent":152, "total_received":159, "bytes_tx":60, "bytes_rx":12, "r2n_latency":14, "lqi":100, "rssi":-81, "server_sent":159, "server_received":311, "server_bytes_rx":60, "n2r_latency":38, "hops":0, "rtt_latency":112, "root_time_now":1611120}
[Mote:3] Sensor IPv6 = fe80::203:3:3:3
[Mote:1] {"node":"fd00::203:3:3:3", "cpu_energy_mj":18, "lpm_energy_mj":0, "radio_tx_energy_mj":0, "radio_rx_energy_mj":8, "node_time":1611950, "total_sent":154, "total_received":157, "bytes_tx":60, "bytes_rx":12, "r2n_latency":364, "lqi":100, "rssi":-91, "server_sent":157, "server_received":311, "server_bytes_rx":60, "n2r_latency":80, "hops":1, "rtt_latency":252, "root_time_now":1612030}
[Mote:2] Sensor IPv6 = fe80::202:2:2:2
[Mote:1] {"node":"fd00::202:2:2:2", "cpu_energy_mj":18, "lpm_energy_mj":0, "radio_tx_energy_mj":0, "radio_rx_energy_mj":8, "node_time":1621613, "total_sent":153, "total_received":160, "bytes_tx":60, "bytes_rx":12, "r2n_latency":24, "lqi":100, "rssi":-81, "server_sent":160, "server_received":313, "server_bytes_rx":60, "n2r_latency":7, "hops":0, "rtt_latency":397, "root_time_now":1621620}
[Mote:3] Sensor IPv6 = fe80::203:3:3:3
[Mote:1] {"node":"fd00::203:3:3:3", "cpu_energy_mj":18, "lpm_energy_mj":0, "radio_tx_energy_mj":0, "radio_rx_energy_mj":8, "node_time":1622214, "total_sent":155, "total_received":158, "bytes_tx":60, "bytes_rx":12, "r2n_latency":234, "lqi":100, "rssi":-91, "server_sent":158, "server_received":313, "server_bytes_rx":60, "n2r_latency":106, "hops":1, "rtt_latency":432, "root_time_now":1622320}
[Mote:2] Sensor IPv6 = fe80::202:2:2:2
[Mote:1] {"node":"fd00::202:2:2:2", "cpu_energy_mj":18, "lpm_energy_mj":0, "radio_tx_energy_mj":0, "radio_rx_energy_mj":8, "node_time":1632144, "total_sent":154, "total_received":161, "bytes_tx":60, "bytes_rx":12, "r2n_latency":34, "lqi":100, "rssi":-81, "server_sent":161, "server_received":315, "server_bytes_rx":60, "n2r_latency":116, "hops":0, "rtt_latency":157, "root_time_now":1632260}
[Mote:3] Sensor IPv6 = fe80::203:3:3:3
[Mote:1] {"node":"fd00::203:3:3:3", "cpu_energy_mj":18, "lpm_energy_mj":0, "radio_tx_energy_mj":0, "radio_rx_energy_mj":8, "node_time":1632478, "total_sent":156, "total_received":159, "bytes_tx":60, "bytes_rx":12, "r2n_latency":524, "lqi":100, "rssi":-91, "server_sent":159, "server_received":315, "server_bytes_rx":60, "n2r_latency":132, "hops":1, "rtt_latency":332, "root_time_now":1632610}
[Mote:2] Sensor IPv6 = fe80::202:2:2:2
[Mote:1] {"node":"fd00::202:2:2:2", "cpu_energy_mj":18, "lpm_energy_mj":0, "radio_tx_energy_mj":0, "radio_rx_energy_mj":8, "node_time":1642675, "total_sent":155, "total_received":162, "bytes_tx":60, "bytes_rx":12, "r2n_latency":44, "lqi":100, "rssi":-81, "server_sent":162, "server_received":317, "server_bytes_rx":60, "n2r_latency":15, "hops":0, "rtt_latency":127, "root_time_now":1642690}
[Mote:3] Sensor IPv6 = fe80::203:3:3:3
[Mote:1] {"node":"fd00::203:3:3:3", "cpu_energy_mj":18, "lpm_energy_mj":0, "radio_tx_energy_mj":0, "radio_rx_energy_mj":8, "node_time":1642742, "total_sent":157, "total_received":160, "bytes_tx":60, "bytes_rx":12, "r2n_latency":394, "lqi":100, "rssi":-91, "server_sent":160, "server_received":317, "server_bytes_rx":60, "n2r_latency":88, "hops":1, "rtt_latency":267, "root_time_now":1642830}
[Mote:3] Sensor IPv6 = fe80::203:3:3:3
[Mote:1] {"node":"fd00::203:3:3:3", "cpu_energy_mj":18, "lpm_energy_mj":0, "radio_tx_energy_mj":0, "radio_rx_energy_mj":8, "node_time":1653008, "total_sent":158, "total_received":161, "bytes_tx":60, "bytes_rx":12, "r2n_latency":334, "lqi":100, "rssi":-91, "server_sent":161, "server_received":319, "server_bytes_rx":60, "n2r_latency":112, "hops":1, "rtt_latency":237, "root_time_now":1653120}
[Mote:2] Sensor IPv6 = fe80::202:2:2:2
[Mote:1] {"node":"fd00::202:2:2:2", "cpu_energy_mj":18, "lpm_energy_mj":0, "radio_tx_energy_mj":0, "radio_rx_energy_mj":8, "node_time":1653204, "total_sent":156, "total_received":163, "bytes_tx":60, "bytes_rx":12, "r2n_latency":54, "lqi":100, "rssi":-81, "server_sent":163, "server_received":319, "server_bytes_rx":60, "n2r_latency":56, "hops":0, "rtt_latency":132, "root_time_now":1653260}
[Mote:3] Sensor IPv6 = fe80::203:3:3:3
[Mote:1] {"node":"fd00::203:3:3:3", "cpu_energy_mj":18, "lpm_energy_mj":0, "radio_tx_energy_mj":0, "radio_rx_energy_mj":8, "node_time":1663270, "total_sent":159, "total_received":162, "bytes_tx":60, "bytes_rx":12, "r2n_latency":624, "lqi":100, "rssi":-91, "server_sent":162, "server_received":321, "server_bytes_rx":60, "n2r_latency":140, "hops":1, "rtt_latency":382, "root_time_now":1663410}
[Mote:2] Sensor IPv6 = fe80::202:2:2:2
[Mote:1] {"node":"fd00::202:2:2:2", "cpu_energy_mj":18, "lpm_energy_mj":0, "radio_tx_energy_mj":0, "radio_rx_energy_mj":8, "node_time":1663735, "total_sent":157, "total_received":164, "bytes_tx":60, "bytes_rx":12, "r2n_latency":64, "lqi":100, "rssi":-81, "server_sent":164, "server_received":321, "server_bytes_rx":60, "n2r_latency":25, "hops":0, "rtt_latency":207, "root_time_now":1663760}
[Mote:3] Sensor IPv6 = fe80::203:3:3:3
[Mote:1] {"node":"fd00::203:3:3:3", "cpu_energy_mj":18, "lpm_energy_mj":0, "radio_tx_energy_mj":0, "radio_rx_energy_mj":8, "node_time":1673534, "total_sent":160, "total_received":163, "bytes_tx":60, "bytes_rx":12, "r2n_latency":494, "lqi":100, "rssi":-91, "server_sent":163, "server_received":323, "server_bytes_rx":60, "n2r_latency":96, "hops":1, "rtt_latency":317, "root_time_now":1673630}
[Mote:2] Sensor IPv6 = fe80::202:2:2:2
[Mote:1] {"node":"fd00::202:2:2:2", "cpu_energy_mj":18, "lpm_energy_mj":0, "radio_tx_energy_mj":0, "radio_rx_energy_mj":8, "node_time":1674270, "total_sent":158, "total_received":165, "bytes_tx":60, "bytes_rx":12, "r2n_latency":74, "lqi":100, "rssi":-81, "server_sent":165, "server_received":323, "server_bytes_rx":60, "n2r_latency":60, "hops":0, "rtt_latency":107, "root_time_now":1674330}
[Mote:3] Sensor IPv6 = fe80::203:3:3:3
[Mote:1] {"node":"fd00::203:3:3:3", "cpu_energy_mj":18, "lpm_energy_mj":0, "radio_tx_energy_mj":0, "radio_rx_energy_mj":8, "node_time":1683798, "total_sent":161, "total_received":164, "bytes_tx":60, "bytes_rx":12, "r2n_latency":364, "lqi":100, "rssi":-91, "server_sent":164, "server_received":325, "server_bytes_rx":60, "n2r_latency":122, "hops":1, "rtt_latency":252, "root_time_now":1683920}
[Mote:2] Sensor IPv6 = fe80::202:2:2:2
[Mote:1] {"node":"fd00::202:2:2:2", "cpu_energy_mj":18, "lpm_energy_mj":0, "radio_tx_energy_mj":0, "radio_rx_energy_mj":8, "node_time":1684797, "total_sent":159, "total_received":166, "bytes_tx":60, "bytes_rx":12, "r2n_latency":14, "lqi":100, "rssi":-81, "server_sent":166, "server_received":325, "server_bytes_rx":60, "n2r_latency":33, "hops":0, "rtt_latency":77, "root_time_now":1684830}
[Mote:3] Sensor IPv6 = fe80::203:3:3:3
[Mote:1] {"node":"fd00::203:3:3:3", "cpu_energy_mj":18, "lpm_energy_mj":0, "radio_tx_energy_mj":0, "radio_rx_energy_mj":8, "node_time":1694062, "total_sent":162, "total_received":165, "bytes_tx":60, "bytes_rx":12, "r2n_latency":514, "lqi":100, "rssi":-91, "server_sent":165, "server_received":327, "server_bytes_rx":60, "n2r_latency":78, "hops":1, "rtt_latency":327, "root_time_now":1694140}
[Mote:2] Sensor IPv6 = fe80::202:2:2:2
[Mote:1] {"node":"fd00::202:2:2:2", "cpu_energy_mj":18, "lpm_energy_mj":0, "radio_tx_energy_mj":0, "radio_rx_energy_mj":8, "node_time":1695328, "total_sent":160, "total_received":167, "bytes_tx":60, "bytes_rx":12, "r2n_latency":24, "lqi":100, "rssi":-81, "server_sent":167, "server_received":327, "server_bytes_rx":60, "n2r_latency":72, "hops":0, "rtt_latency":222, "root_time_now":1695400}
[Mote:3] Sensor IPv6 = fe80::203:3:3:3
[Mote:1] {"node":"fd00::203:3:3:3", "cpu_energy_mj":18, "lpm_energy_mj":0, "radio_tx_energy_mj":0, "radio_rx_energy_mj":8, "node_time":1704326, "total_sent":163, "total_received":166, "bytes_tx":60, "bytes_rx":12, "r2n_latency":524, "lqi":100, "rssi":-91, "server_sent":166, "server_received":329, "server_bytes_rx":60, "n2r_latency":104, "hops":1, "rtt_latency":332, "root_time_now":1704430}
[Mote:2] Sensor IPv6 = fe80::202:2:2:2
[Mote:1] {"node":"fd00::202:2:2:2", "cpu_energy_mj":18, "lpm_energy_mj":0, "radio_tx_energy_mj":0, "radio_rx_energy_mj":8, "node_time":1705859, "total_sent":161, "total_received":168, "bytes_tx":60, "bytes_rx":12, "r2n_latency":34, "lqi":100, "rssi":-81, "server_sent":168, "server_received":329, "server_bytes_rx":60, "n2r_latency":41, "hops":0, "rtt_latency":157, "root_time_now":1705900}
[Mote:3] Sensor IPv6 = fe80::203:3:3:3
[Mote:1] {"node":"fd00::203:3:3:3", "cpu_energy_mj":18, "lpm_energy_mj":0, "radio_tx_energy_mj":0, "radio_rx_energy_mj":8, "node_time":1714590, "total_sent":164, "total_received":167, "bytes_tx":60, "bytes_rx":12, "r2n_latency":464, "lqi":100, "rssi":-91, "server_sent":167, "server_received":331, "server_bytes_rx":60, "n2r_latency":130, "hops":1, "rtt_latency":302, "root_time_now":1714720}
[Mote:2] Sensor IPv6 = fe80::202:2:2:2
[Mote:1] {"node":"fd00::202:2:2:2", "cpu_energy_mj":18, "lpm_energy_mj":0, "radio_tx_energy_mj":0, "radio_rx_energy_mj":8, "node_time":1716394, "total_sent":162, "total_received":169, "bytes_tx":60, "bytes_rx":12, "r2n_latency":44, "lqi":100, "rssi":-81, "server_sent":169, "server_received":331, "server_bytes_rx":60, "n2r_latency":6, "hops":0, "rtt_latency":127, "root_time_now":1716400}
[Mote:3] Sensor IPv6 = fe80::203:3:3:3
[Mote:1] {"node":"fd00::203:3:3:3", "cpu_energy_mj":18, "lpm_energy_mj":0, "radio_tx_energy_mj":0, "radio_rx_energy_mj":8, "node_time":1724856, "total_sent":165, "total_received":168, "bytes_tx":60, "bytes_rx":12, "r2n_latency":334, "lqi":100, "rssi":-91, "server_sent":168, "server_received":333, "server_bytes_rx":60, "n2r_latency":84, "hops":1, "rtt_latency":237, "root_time_now":1724940}
[Mote:2] Sensor IPv6 = fe80::202:2:2:2
[Mote:1] {"node":"fd00::202:2:2:2", "cpu_energy_mj":18, "lpm_energy_mj":0, "radio_tx_energy_mj":0, "radio_rx_energy_mj":8, "node_time":1726921, "total_sent":163, "total_received":170, "bytes_tx":60, "bytes_rx":12, "r2n_latency":54, "lqi":100, "rssi":-81, "server_sent":170, "server_received":333, "server_bytes_rx":60, "n2r_latency":49, "hops":0, "rtt_latency":97, "root_time_now":1726970}
[Mote:3] Sensor IPv6 = fe80::203:3:3:3
[Mote:1] {"node":"fd00::203:3:3:3", "cpu_energy_mj":18, "lpm_energy_mj":0, "radio_tx_energy_mj":0, "radio_rx_energy_mj":8, "node_time":1735118, "total_sent":166, "total_received":169, "bytes_tx":60, "bytes_rx":12, "r2n_latency":274, "lqi":100, "rssi":-91, "server_sent":169, "server_received":335, "server_bytes_rx":60, "n2r_latency":112, "hops":1, "rtt_latency":487, "root_time_now":1735230}
[Mote:2] Sensor IPv6 = fe80::202:2:2:2
[Mote:1] {"node":"fd00::202:2:2:2", "cpu_energy_mj":18, "lpm_energy_mj":0, "radio_tx_energy_mj":0, "radio_rx_energy_mj":8, "node_time":1737452, "total_sent":164, "total_received":171, "bytes_tx":60, "bytes_rx":12, "r2n_latency":64, "lqi":100, "rssi":-81, "server_sent":171, "server_received":335, "server_bytes_rx":60, "n2r_latency":18, "hops":0, "rtt_latency":347, "root_time_now":1737470}
[Mote:3] Sensor IPv6 = fe80::203:3:3:3
[Mote:1] {"node":"fd00::203:3:3:3", "cpu_energy_mj":18, "lpm_energy_mj":0, "radio_tx_energy_mj":0, "radio_rx_energy_mj":8, "node_time":1745382, "total_sent":167, "total_received":170, "bytes_tx":60, "bytes_rx":12, "r2n_latency":424, "lqi":100, "rssi":-91, "server_sent":170, "server_received":337, "server_bytes_rx":60, "n2r_latency":138, "hops":1, "rtt_latency":282, "root_time_now":1745520}
[Mote:2] Sensor IPv6 = fe80::202:2:2:2
[Mote:1] {"node":"fd00::202:2:2:2", "cpu_energy_mj":18, "lpm_energy_mj":0, "radio_tx_energy_mj":0, "radio_rx_energy_mj":8, "node_time":1747985, "total_sent":165, "total_received":172, "bytes_tx":60, "bytes_rx":12, "r2n_latency":74, "lqi":100, "rssi":-81, "server_sent":172, "server_received":337, "server_bytes_rx":60, "n2r_latency":55, "hops":0, "rtt_latency":107, "root_time_now":1748040}
[Mote:3] Sensor IPv6 = fe80::203:3:3:3
[Mote:1] {"node":"fd00::203:3:3:3", "cpu_energy_mj":18, "lpm_energy_mj":0, "radio_tx_energy_mj":0, "radio_rx_energy_mj":8, "node_time":1755648, "total_sent":168, "total_received":171, "bytes_tx":60, "bytes_rx":12, "r2n_latency":364, "lqi":100, "rssi":-91, "server_sent":171, "server_received":339, "server_bytes_rx":60, "n2r_latency":92, "hops":1, "rtt_latency":252, "root_time_now":1755740}
[Mote:2] Sensor IPv6 = fe80::202:2:2:2
[Mote:1] {"node":"fd00::202:2:2:2", "cpu_energy_mj":18, "lpm_energy_mj":0, "radio_tx_energy_mj":0, "radio_rx_energy_mj":8, "node_time":1758518, "total_sent":166, "total_received":173, "bytes_tx":60, "bytes_rx":12, "r2n_latency":14, "lqi":100, "rssi":-81, "server_sent":173, "server_received":339, "server_bytes_rx":60, "n2r_latency":22, "hops":0, "rtt_latency":77, "root_time_now":1758540}
[Mote:3] Sensor IPv6 = fe80::203:3:3:3
[Mote:1] {"node":"fd00::203:3:3:3", "cpu_energy_mj":18, "lpm_energy_mj":0, "radio_tx_energy_mj":0, "radio_rx_energy_mj":8, "node_time":1765912, "total_sent":169, "total_received":172, "bytes_tx":60, "bytes_rx":12, "r2n_latency":304, "lqi":100, "rssi":-91, "server_sent":172, "server_received":341, "server_bytes_rx":60, "n2r_latency":118, "hops":1, "rtt_latency":222, "root_time_now":1766030}
[Mote:2] Sensor IPv6 = fe80::202:2:2:2
[Mote:1] {"node":"fd00::202:2:2:2", "cpu_energy_mj":18, "lpm_energy_mj":0, "radio_tx_energy_mj":0, "radio_rx_energy_mj":8, "node_time":1769045, "total_sent":167, "total_received":174, "bytes_tx":60, "bytes_rx":12, "r2n_latency":24, "lqi":100, "rssi":-81, "server_sent":174, "server_received":341, "server_bytes_rx":60, "n2r_latency":65, "hops":0, "rtt_latency":82, "root_time_now":1769110}
[Mote:3] Sensor IPv6 = fe80::203:3:3:3
[Mote:1] {"node":"fd00::203:3:3:3", "cpu_energy_mj":18, "lpm_energy_mj":0, "radio_tx_energy_mj":0, "radio_rx_energy_mj":8, "node_time":1776174, "total_sent":170, "total_received":173, "bytes_tx":60, "bytes_rx":12, "r2n_latency":454, "lqi":100, "rssi":-91, "server_sent":173, "server_received":343, "server_bytes_rx":60, "n2r_latency":76, "hops":1, "rtt_latency":297, "root_time_now":1776250}
[Mote:2] Sensor IPv6 = fe80::202:2:2:2
[Mote:1] {"node":"fd00::202:2:2:2", "cpu_energy_mj":18, "lpm_energy_mj":0, "radio_tx_energy_mj":0, "radio_rx_energy_mj":8, "node_time":1779576, "total_sent":168, "total_received":175, "bytes_tx":60, "bytes_rx":12, "r2n_latency":34, "lqi":100, "rssi":-81, "server_sent":175, "server_received":343, "server_bytes_rx":60, "n2r_latency":34, "hops":0, "rtt_latency":87, "root_time_now":1779610}
[Mote:3] Sensor IPv6 = fe80::203:3:3:3
[Mote:1] {"node":"fd00::203:3:3:3", "cpu_energy_mj":18, "lpm_energy_mj":0, "radio_tx_energy_mj":0, "radio_rx_energy_mj":8, "node_time":1786438, "total_sent":171, "total_received":174, "bytes_tx":60, "bytes_rx":12, "r2n_latency":324, "lqi":100, "rssi":-91, "server_sent":174, "server_received":345, "server_bytes_rx":60, "n2r_latency":102, "hops":1, "rtt_latency":232, "root_time_now":1786540}
[Mote:2] Sensor IPv6 = fe80::202:2:2:2
[Mote:1] {"node":"fd00::202:2:2:2", "cpu_energy_mj":18, "lpm_energy_mj":0, "radio_tx_energy_mj":0, "radio_rx_energy_mj":8, "node_time":1790109, "total_sent":169, "total_received":177, "bytes_tx":60, "bytes_rx":12, "r2n_latency":54, "lqi":100, "rssi":-81, "server_sent":177, "server_received":346, "server_bytes_rx":60, "n2r_latency":491, "hops":0, "rtt_latency":272, "root_time_now":1790600}
[Mote:3] Sensor IPv6 = fe80::203:3:3:3
[Mote:1] {"node":"fd00::203:3:3:3", "cpu_energy_mj":18, "lpm_energy_mj":0, "radio_tx_energy_mj":0, "radio_rx_energy_mj":8, "node_time":1796704, "total_sent":172, "total_received":175, "bytes_tx":60, "bytes_rx":12, "r2n_latency":894, "lqi":100, "rssi":-91, "server_sent":175, "server_received":347, "server_bytes_rx":60, "n2r_latency":126, "hops":1, "rtt_latency":517, "root_time_now":1796830}
[Mote:2] Sensor IPv6 = fe80::202:2:2:2
[Mote:1] {"node":"fd00::202:2:2:2", "cpu_energy_mj":18, "lpm_energy_mj":0, "radio_tx_energy_mj":0, "radio_rx_energy_mj":8, "node_time":1800640, "total_sent":170, "total_received":178, "bytes_tx":60, "bytes_rx":12, "r2n_latency":64, "lqi":100, "rssi":-81, "server_sent":178, "server_received":348, "server_bytes_rx":60, "n2r_latency":40, "hops":0, "rtt_latency":102, "root_time_now":1800680}
[Mote:3] Sensor IPv6 = fe80::203:3:3:3
[Mote:1] {"node":"fd00::203:3:3:3", "cpu_energy_mj":18, "lpm_energy_mj":0, "radio_tx_energy_mj":0, "radio_rx_energy_mj":8, "node_time":1806968, "total_sent":173, "total_received":176, "bytes_tx":60, "bytes_rx":12, "r2n_latency":484, "lqi":100, "rssi":-91, "server_sent":176, "server_received":349, "server_bytes_rx":60, "n2r_latency":82, "hops":1, "rtt_latency":312, "root_time_now":1807050}
[Mote:2] Sensor IPv6 = fe80::202:2:2:2
[Mote:1] {"node":"fd00::202:2:2:2", "cpu_energy_mj":18, "lpm_energy_mj":0, "radio_tx_energy_mj":0, "radio_rx_energy_mj":8, "node_time":1811171, "total_sent":171, "total_received":179, "bytes_tx":60, "bytes_rx":12, "r2n_latency":74, "lqi":100, "rssi":-81, "server_sent":179, "server_received":350, "server_bytes_rx":60, "n2r_latency":9, "hops":0, "rtt_latency":107, "root_time_now":1811180}
[Mote:3] Sensor IPv6 = fe80::203:3:3:3
[Mote:1] {"node":"fd00::203:3:3:3", "cpu_energy_mj":18, "lpm_energy_mj":0, "radio_tx_energy_mj":0, "radio_rx_energy_mj":8, "node_time":1817230, "total_sent":174, "total_received":177, "bytes_tx":60, "bytes_rx":12, "r2n_latency":424, "lqi":100, "rssi":-91, "server_sent":177, "server_received":351, "server_bytes_rx":60, "n2r_latency":110, "hops":1, "rtt_latency":282, "root_time_now":1817340}
[Mote:2] Sensor IPv6 = fe80::202:2:2:2
[Mote:1] {"node":"fd00::202:2:2:2", "cpu_energy_mj":18, "lpm_energy_mj":0, "radio_tx_energy_mj":0, "radio_rx_energy_mj":8, "node_time":1821702, "total_sent":172, "total_received":180, "bytes_tx":60, "bytes_rx":12, "r2n_latency":14, "lqi":100, "rssi":-81, "server_sent":180, "server_received":352, "server_bytes_rx":60, "n2r_latency":48, "hops":0, "rtt_latency":427, "root_time_now":1821750}
[Mote:3] Sensor IPv6 = fe80::203:3:3:3
[Mote:1] {"node":"fd00::203:3:3:3", "cpu_energy_mj":18, "lpm_energy_mj":0, "radio_tx_energy_mj":0, "radio_rx_energy_mj":8, "node_time":1827494, "total_sent":175, "total_received":178, "bytes_tx":60, "bytes_rx":12, "r2n_latency":224, "lqi":100, "rssi":-91, "server_sent":178, "server_received":353, "server_bytes_rx":60, "n2r_latency":136, "hops":1, "rtt_latency":462, "root_time_now":1827630}
[Mote:2] Sensor IPv6 = fe80::202:2:2:2
[Mote:1] {"node":"fd00::202:2:2:2", "cpu_energy_mj":18, "lpm_energy_mj":0, "radio_tx_energy_mj":0, "radio_rx_energy_mj":8, "node_time":1832233, "total_sent":173, "total_received":181, "bytes_tx":60, "bytes_rx":12, "r2n_latency":24, "lqi":100, "rssi":-81, "server_sent":181, "server_received":354, "server_bytes_rx":60, "n2r_latency":17, "hops":0, "rtt_latency":82, "root_time_now":1832250}
[Mote:3] Sensor IPv6 = fe80::203:3:3:3
[Mote:1] {"node":"fd00::203:3:3:3", "cpu_energy_mj":18, "lpm_energy_mj":0, "radio_tx_energy_mj":0, "radio_rx_energy_mj":8, "node_time":1837760, "total_sent":176, "total_received":179, "bytes_tx":60, "bytes_rx":12, "r2n_latency":304, "lqi":100, "rssi":-91, "server_sent":179, "server_received":355, "server_bytes_rx":60, "n2r_latency":90, "hops":1, "rtt_latency":222, "root_time_now":1837850}
[Mote:2] Sensor IPv6 = fe80::202:2:2:2
[Mote:1] {"node":"fd00::202:2:2:2", "cpu_energy_mj":18, "lpm_energy_mj":0, "radio_tx_energy_mj":0, "radio_rx_energy_mj":8, "node_time":1842766, "total_sent":174, "total_received":182, "bytes_tx":60, "bytes_rx":12, "r2n_latency":34, "lqi":100, "rssi":-81, "server_sent":182, "server_received":356, "server_bytes_rx":60, "n2r_latency":54, "hops":0, "rtt_latency":122, "root_time_now":1842820}
[Mote:3] Sensor IPv6 = fe80::203:3:3:3
[Mote:1] {"node":"fd00::203:3:3:3", "cpu_energy_mj":18, "lpm_energy_mj":0, "radio_tx_energy_mj":0, "radio_rx_energy_mj":8, "node_time":1848022, "total_sent":177, "total_received":180, "bytes_tx":60, "bytes_rx":12, "r2n_latency":384, "lqi":100, "rssi":-91, "server_sent":180, "server_received":357, "server_bytes_rx":60, "n2r_latency":118, "hops":1, "rtt_latency":262, "root_time_now":1848140}
[Mote:2] Sensor IPv6 = fe80::202:2:2:2
[Mote:1] {"node":"fd00::202:2:2:2", "cpu_energy_mj":18, "lpm_energy_mj":0, "radio_tx_energy_mj":0, "radio_rx_energy_mj":8, "node_time":1853295, "total_sent":175, "total_received":183, "bytes_tx":60, "bytes_rx":12, "r2n_latency":44, "lqi":100, "rssi":-81, "server_sent":183, "server_received":358, "server_bytes_rx":60, "n2r_latency":25, "hops":0, "rtt_latency":92, "root_time_now":1853320}
[Mote:3] Sensor IPv6 = fe80::203:3:3:3
[Mote:1] {"node":"fd00::203:3:3:3", "cpu_energy_mj":18, "lpm_energy_mj":0, "radio_tx_energy_mj":0, "radio_rx_energy_mj":8, "node_time":1858286, "total_sent":178, "total_received":181, "bytes_tx":60, "bytes_rx":12, "r2n_latency":394, "lqi":100, "rssi":-91, "server_sent":181, "server_received":359, "server_bytes_rx":60, "n2r_latency":144, "hops":1, "rtt_latency":267, "root_time_now":1858430}
[Mote:2] Sensor IPv6 = fe80::202:2:2:2
[Mote:1] {"node":"fd00::202:2:2:2", "cpu_energy_mj":18, "lpm_energy_mj":0, "radio_tx_energy_mj":0, "radio_rx_energy_mj":8, "node_time":1863826, "total_sent":176, "total_received":184, "bytes_tx":60, "bytes_rx":12, "r2n_latency":54, "lqi":100, "rssi":-81, "server_sent":184, "server_received":360, "server_bytes_rx":60, "n2r_latency":64, "hops":0, "rtt_latency":797, "root_time_now":1863890}
[Mote:3] Sensor IPv6 = fe80::203:3:3:3
[Mote:1] {"node":"fd00::203:3:3:3", "cpu_energy_mj":18, "lpm_energy_mj":0, "radio_tx_energy_mj":0, "radio_rx_energy_mj":8, "node_time":1868552, "total_sent":179, "total_received":182, "bytes_tx":60, "bytes_rx":12, "r2n_latency":474, "lqi":100, "rssi":-91, "server_sent":182, "server_received":361, "server_bytes_rx":60, "n2r_latency":378, "hops":1, "rtt_latency":832, "root_time_now":1868930}
[Mote:2] Sensor IPv6 = fe80::202:2:2:2
[Mote:1] {"node":"fd00::202:2:2:2", "cpu_energy_mj":18, "lpm_energy_mj":0, "radio_tx_energy_mj":0, "radio_rx_energy_mj":8, "node_time":1874357, "total_sent":177, "total_received":185, "bytes_tx":60, "bytes_rx":12, "r2n_latency":64, "lqi":100, "rssi":-81, "server_sent":185, "server_received":362, "server_bytes_rx":60, "n2r_latency":33, "hops":0, "rtt_latency":137, "root_time_now":1874390}
[Mote:3] Sensor IPv6 = fe80::203:3:3:3
[Mote:1] {"node":"fd00::203:3:3:3", "cpu_energy_mj":18, "lpm_energy_mj":0, "radio_tx_energy_mj":0, "radio_rx_energy_mj":8, "node_time":1878816, "total_sent":180, "total_received":183, "bytes_tx":60, "bytes_rx":12, "r2n_latency":484, "lqi":100, "rssi":-91, "server_sent":183, "server_received":363, "server_bytes_rx":60, "n2r_latency":124, "hops":1, "rtt_latency":312, "root_time_now":1878940}
[Mote:2] Sensor IPv6 = fe80::202:2:2:2
[Mote:1] {"node":"fd00::202:2:2:2", "cpu_energy_mj":18, "lpm_energy_mj":0, "radio_tx_energy_mj":0, "radio_rx_energy_mj":8, "node_time":1884891, "total_sent":178, "total_received":186, "bytes_tx":60, "bytes_rx":12, "r2n_latency":74, "lqi":100, "rssi":-81, "server_sent":186, "server_received":364, "server_bytes_rx":60, "n2r_latency":69, "hops":0, "rtt_latency":317, "root_time_now":1884960}
[Mote:3] Sensor IPv6 = fe80::203:3:3:3
[Mote:1] {"node":"fd00::203:3:3:3", "cpu_energy_mj":18, "lpm_energy_mj":0, "radio_tx_energy_mj":0, "radio_rx_energy_mj":8, "node_time":1889078, "total_sent":181, "total_received":184, "bytes_tx":60, "bytes_rx":12, "r2n_latency":1054, "lqi":100, "rssi":-91, "server_sent":184, "server_received":365, "server_bytes_rx":60, "n2r_latency":82, "hops":1, "rtt_latency":597, "root_time_now":1889160}
[Mote:2] Sensor IPv6 = fe80::202:2:2:2
[Mote:1] {"node":"fd00::202:2:2:2", "cpu_energy_mj":18, "lpm_energy_mj":0, "radio_tx_energy_mj":0, "radio_rx_energy_mj":8, "node_time":1895419, "total_sent":179, "total_received":187, "bytes_tx":60, "bytes_rx":12, "r2n_latency":14, "lqi":100, "rssi":-81, "server_sent":187, "server_received":366, "server_bytes_rx":60, "n2r_latency":41, "hops":0, "rtt_latency":392, "root_time_now":1895460}
[Mote:3] Sensor IPv6 = fe80::203:3:3:3
[Mote:1] {"node":"fd00::203:3:3:3", "cpu_energy_mj":18, "lpm_energy_mj":0, "radio_tx_energy_mj":0, "radio_rx_energy_mj":8, "node_time":1899344, "total_sent":182, "total_received":185, "bytes_tx":60, "bytes_rx":12, "r2n_latency":644, "lqi":100, "rssi":-91, "server_sent":185, "server_received":367, "server_bytes_rx":60, "n2r_latency":106, "hops":1, "rtt_latency":427, "root_time_now":1899450}
[Mote:2] Sensor IPv6 = fe80::202:2:2:2
[Mote:1] {"node":"fd00::202:2:2:2", "cpu_energy_mj":18, "lpm_energy_mj":0, "radio_tx_energy_mj":0, "radio_rx_energy_mj":8, "node_time":1905950, "total_sent":180, "total_received":188, "bytes_tx":60, "bytes_rx":12, "r2n_latency":24, "lqi":100, "rssi":-81, "server_sent":188, "server_received":368, "server_bytes_rx":60, "n2r_latency":10, "hops":0, "rtt_latency":82, "root_time_now":1905960}
[Mote:3] Sensor IPv6 = fe80::203:3:3:3
[Mote:1] {"node":"fd00::203:3:3:3", "cpu_energy_mj":18, "lpm_energy_mj":0, "radio_tx_energy_mj":0, "radio_rx_energy_mj":8, "node_time":1909608, "total_sent":183, "total_received":186, "bytes_tx":60, "bytes_rx":12, "r2n_latency":444, "lqi":100, "rssi":-91, "server_sent":186, "server_received":369, "server_bytes_rx":60, "n2r_latency":272, "hops":1, "rtt_latency":292, "root_time_now":1909880}
[Mote:2] Sensor IPv6 = fe80::202:2:2:2
[Mote:1] {"node":"fd00::202:2:2:2", "cpu_energy_mj":18, "lpm_energy_mj":0, "radio_tx_energy_mj":0, "radio_rx_energy_mj":8, "node_time":1916481, "total_sent":181, "total_received":189, "bytes_tx":60, "bytes_rx":12, "r2n_latency":34, "lqi":100, "rssi":-81, "server_sent":189, "server_received":370, "server_bytes_rx":60, "n2r_latency":49, "hops":0, "rtt_latency":122, "root_time_now":1916530}
[Mote:3] Sensor IPv6 = fe80::203:3:3:3
[Mote:1] {"node":"fd00::203:3:3:3", "cpu_energy_mj":18, "lpm_energy_mj":0, "radio_tx_energy_mj":0, "radio_rx_energy_mj":8, "node_time":1919872, "total_sent":184, "total_received":187, "bytes_tx":60, "bytes_rx":12, "r2n_latency":454, "lqi":100, "rssi":-91, "server_sent":187, "server_received":371, "server_bytes_rx":60, "n2r_latency":88, "hops":1, "rtt_latency":297, "root_time_now":1919960}
[Mote:2] Sensor IPv6 = fe80::202:2:2:2
[Mote:1] {"node":"fd00::202:2:2:2", "cpu_energy_mj":18, "lpm_energy_mj":0, "radio_tx_energy_mj":0, "radio_rx_energy_mj":8, "node_time":1927014, "total_sent":182, "total_received":190, "bytes_tx":60, "bytes_rx":12, "r2n_latency":47, "lqi":100, "rssi":-81, "server_sent":190, "server_received":372, "server_bytes_rx":60, "n2r_latency":16, "hops":0, "rtt_latency":373, "root_time_now":1927030}
[Mote:3] Sensor IPv6 = fe80::203:3:3:3
[Mote:1] {"node":"fd00::203:3:3:3", "cpu_energy_mj":18, "lpm_energy_mj":0, "radio_tx_energy_mj":0, "radio_rx_energy_mj":8, "node_time":1930134, "total_sent":185, "total_received":188, "bytes_tx":60, "bytes_rx":12, "r2n_latency":327, "lqi":100, "rssi":-91, "server_sent":189, "server_received":373, "server_bytes_rx":60, "n2r_latency":396, "hops":1, "rtt_latency":408, "root_time_now":1930530}
[Mote:2] Sensor IPv6 = fe80::202:2:2:2
[Mote:1] {"node":"fd00::202:2:2:2", "cpu_energy_mj":18, "lpm_energy_mj":0, "radio_tx_energy_mj":0, "radio_rx_energy_mj":8, "node_time":1937545, "total_sent":183, "total_received":191, "bytes_tx":60, "bytes_rx":12, "r2n_latency":54, "lqi":100, "rssi":-81, "server_sent":191, "server_received":374, "server_bytes_rx":60, "n2r_latency":55, "hops":0, "rtt_latency":167, "root_time_now":1937600}
[Mote:3] Sensor IPv6 = fe80::203:3:3:3
[Mote:1] {"node":"fd00::203:3:3:3", "cpu_energy_mj":18, "lpm_energy_mj":0, "radio_tx_energy_mj":0, "radio_rx_energy_mj":8, "node_time":1940401, "total_sent":186, "total_received":189, "bytes_tx":60, "bytes_rx":12, "r2n_latency":754, "lqi":100, "rssi":-91, "server_sent":190, "server_received":375, "server_bytes_rx":60, "n2r_latency":279, "hops":1, "rtt_latency":447, "root_time_now":1940680}
[Mote:2] Sensor IPv6 = fe80::202:2:2:2
[Mote:1] {"node":"fd00::202:2:2:2", "cpu_energy_mj":18, "lpm_energy_mj":0, "radio_tx_energy_mj":0, "radio_rx_energy_mj":8, "node_time":1948074, "total_sent":184, "total_received":192, "bytes_tx":60, "bytes_rx":12, "r2n_latency":64, "lqi":100, "rssi":-81, "server_sent":192, "server_received":376, "server_bytes_rx":60, "n2r_latency":26, "hops":0, "rtt_latency":312, "root_time_now":1948100}
[Mote:3] Sensor IPv6 = fe80::203:3:3:3
[Mote:1] {"node":"fd00::203:3:3:3", "cpu_energy_mj":18, "lpm_energy_mj":0, "radio_tx_energy_mj":0, "radio_rx_energy_mj":8, "node_time":1950664, "total_sent":187, "total_received":190, "bytes_tx":60, "bytes_rx":12, "r2n_latency":834, "lqi":100, "rssi":-91, "server_sent":191, "server_received":377, "server_bytes_rx":60, "n2r_latency":236, "hops":1, "rtt_latency":487, "root_time_now":1950900}
[Mote:2] Sensor IPv6 = fe80::202:2:2:2
[Mote:1] {"node":"fd00::202:2:2:2", "cpu_energy_mj":18, "lpm_energy_mj":0, "radio_tx_energy_mj":0, "radio_rx_energy_mj":8, "node_time":1958605, "total_sent":185, "total_received":193, "bytes_tx":60, "bytes_rx":12, "r2n_latency":74, "lqi":100, "rssi":-81, "server_sent":193, "server_received":378, "server_bytes_rx":60, "n2r_latency":65, "hops":0, "rtt_latency":422, "root_time_now":1958670}
[Mote:3] Sensor IPv6 = fe80::203:3:3:3
[Mote:1] {"node":"fd00::203:3:3:3", "cpu_energy_mj":18, "lpm_energy_mj":0, "radio_tx_energy_mj":0, "radio_rx_energy_mj":8, "node_time":1960926, "total_sent":188, "total_received":192, "bytes_tx":60, "bytes_rx":12, "r2n_latency":364, "lqi":100, "rssi":-91, "server_sent":192, "server_received":380, "server_bytes_rx":60, "n2r_latency":124, "hops":1, "rtt_latency":252, "root_time_now":1961050}
[Mote:2] Sensor IPv6 = fe80::202:2:2:2
[Mote:1] {"node":"fd00::202:2:2:2", "cpu_energy_mj":18, "lpm_energy_mj":0, "radio_tx_energy_mj":0, "radio_rx_energy_mj":8, "node_time":1969138, "total_sent":186, "total_received":194, "bytes_tx":60, "bytes_rx":12, "r2n_latency":14, "lqi":100, "rssi":-81, "server_sent":194, "server_received":380, "server_bytes_rx":60, "n2r_latency":32, "hops":0, "rtt_latency":77, "root_time_now":1969170}
[Mote:3] Sensor IPv6 = fe80::203:3:3:3
[Mote:1] {"node":"fd00::203:3:3:3", "cpu_energy_mj":18, "lpm_energy_mj":0, "radio_tx_energy_mj":0, "radio_rx_energy_mj":8, "node_time":1971190, "total_sent":189, "total_received":193, "bytes_tx":60, "bytes_rx":12, "r2n_latency":374, "lqi":100, "rssi":-91, "server_sent":193, "server_received":382, "server_bytes_rx":60, "n2r_latency":80, "hops":1, "rtt_latency":257, "root_time_now":1971270}
[Mote:2] Sensor IPv6 = fe80::202:2:2:2
[Mote:1] {"node":"fd00::202:2:2:2", "cpu_energy_mj":18, "lpm_energy_mj":0, "radio_tx_energy_mj":0, "radio_rx_energy_mj":8, "node_time":1979667, "total_sent":187, "total_received":195, "bytes_tx":60, "bytes_rx":12, "r2n_latency":24, "lqi":100, "rssi":-81, "server_sent":195, "server_received":382, "server_bytes_rx":60, "n2r_latency":73, "hops":0, "rtt_latency":152, "root_time_now":1979740}
[Mote:3] Sensor IPv6 = fe80::203:3:3:3
[Mote:1] {"node":"fd00::203:3:3:3", "cpu_energy_mj":18, "lpm_energy_mj":0, "radio_tx_energy_mj":0, "radio_rx_energy_mj":8, "node_time":1981454, "total_sent":190, "total_received":194, "bytes_tx":60, "bytes_rx":12, "r2n_latency":314, "lqi":100, "rssi":-91, "server_sent":194, "server_received":384, "server_bytes_rx":60, "n2r_latency":106, "hops":1, "rtt_latency":227, "root_time_now":1981560}
[Mote:2] Sensor IPv6 = fe80::202:2:2:2
[Mote:1] {"node":"fd00::202:2:2:2", "cpu_energy_mj":18, "lpm_energy_mj":0, "radio_tx_energy_mj":0, "radio_rx_energy_mj":8, "node_time":1990198, "total_sent":188, "total_received":197, "bytes_tx":60, "bytes_rx":12, "r2n_latency":44, "lqi":100, "rssi":-81, "server_sent":197, "server_received":385, "server_bytes_rx":60, "n2r_latency":252, "hops":0, "rtt_latency":197, "root_time_now":1990450}
[Mote:3] Sensor IPv6 = fe80::203:3:3:3
[Mote:1] {"node":"fd00::203:3:3:3", "cpu_energy_mj":18, "lpm_energy_mj":0, "radio_tx_energy_mj":0, "radio_rx_energy_mj":8, "node_time":1991720, "total_sent":191, "total_received":195, "bytes_tx":60, "bytes_rx":12, "r2n_latency":254, "lqi":100, "rssi":-91, "server_sent":195, "server_received":386, "server_bytes_rx":60, "n2r_latency":130, "hops":1, "rtt_latency":267, "root_time_now":1991850}
[Mote:2] Sensor IPv6 = fe80::202:2:2:2
[Mote:1] {"node":"fd00::202:2:2:2", "cpu_energy_mj":18, "lpm_energy_mj":0, "radio_tx_energy_mj":0, "radio_rx_energy_mj":8, "node_time":2000729, "total_sent":189, "total_received":198, "bytes_tx":60, "bytes_rx":12, "r2n_latency":54, "lqi":100, "rssi":-81, "server_sent":198, "server_received":387, "server_bytes_rx":60, "n2r_latency":11, "hops":0, "rtt_latency":202, "root_time_now":2000740}
[Mote:3] Sensor IPv6 = fe80::203:3:3:3
[Mote:1] {"node":"fd00::203:3:3:3", "cpu_energy_mj":18, "lpm_energy_mj":0, "radio_tx_energy_mj":0, "radio_rx_energy_mj":8, "node_time":2001982, "total_sent":192, "total_received":196, "bytes_tx":60, "bytes_rx":12, "r2n_latency":264, "lqi":100, "rssi":-91, "server_sent":196, "server_received":388, "server_bytes_rx":60, "n2r_latency":88, "hops":1, "rtt_latency":237, "root_time_now":2002070}
[Mote:2] Sensor IPv6 = fe80::202:2:2:2
[Mote:1] {"node":"fd00::202:2:2:2", "cpu_energy_mj":18, "lpm_energy_mj":0, "radio_tx_energy_mj":0, "radio_rx_energy_mj":8, "node_time":2011260, "total_sent":190, "total_received":199, "bytes_tx":60, "bytes_rx":12, "r2n_latency":64, "lqi":100, "rssi":-81, "server_sent":199, "server_received":389, "server_bytes_rx":60, "n2r_latency":50, "hops":0, "rtt_latency":137, "root_time_now":2011310}
[Mote:3] Sensor IPv6 = fe80::203:3:3:3
[Mote:1] {"node":"fd00::203:3:3:3", "cpu_energy_mj":18, "lpm_energy_mj":0, "radio_tx_energy_mj":0, "radio_rx_energy_mj":8, "node_time":2012246, "total_sent":193, "total_received":197, "bytes_tx":60, "bytes_rx":12, "r2n_latency":344, "lqi":100, "rssi":-91, "server_sent":197, "server_received":390, "server_bytes_rx":60, "n2r_latency":114, "hops":1, "rtt_latency":242, "root_time_now":2012360}
[Mote:2] Sensor IPv6 = fe80::202:2:2:2
[Mote:1] {"node":"fd00::202:2:2:2", "cpu_energy_mj":18, "lpm_energy_mj":0, "radio_tx_energy_mj":0, "radio_rx_energy_mj":8, "node_time":2021791, "total_sent":191, "total_received":200, "bytes_tx":60, "bytes_rx":12, "r2n_latency":74, "lqi":100, "rssi":-81, "server_sent":200, "server_received":391, "server_bytes_rx":60, "n2r_latency":19, "hops":0, "rtt_latency":457, "root_time_now":2021810}
[Mote:3] Sensor IPv6 = fe80::203:3:3:3
[Mote:1] {"node":"fd00::203:3:3:3", "cpu_energy_mj":18, "lpm_energy_mj":0, "radio_tx_energy_mj":0, "radio_rx_energy_mj":8, "node_time":2022510, "total_sent":194, "total_received":198, "bytes_tx":60, "bytes_rx":12, "r2n_latency":774, "lqi":100, "rssi":-91, "server_sent":198, "server_received":392, "server_bytes_rx":60, "n2r_latency":140, "hops":1, "rtt_latency":492, "root_time_now":2022650}
[Mote:2] Sensor IPv6 = fe80::202:2:2:2
[Mote:1] {"node":"fd00::202:2:2:2", "cpu_energy_mj":18, "lpm_energy_mj":0, "radio_tx_energy_mj":0, "radio_rx_energy_mj":8, "node_time":2032322, "total_sent":192, "total_received":201, "bytes_tx":60, "bytes_rx":12, "r2n_latency":14, "lqi":100, "rssi":-81, "server_sent":201, "server_received":393, "server_bytes_rx":60, "n2r_latency":58, "hops":0, "rtt_latency":322, "root_time_now":2032380}
[Mote:3] Sensor IPv6 = fe80::203:3:3:3
[Mote:1] {"node":"fd00::203:3:3:3", "cpu_energy_mj":18, "lpm_energy_mj":0, "radio_tx_energy_mj":0, "radio_rx_energy_mj":8, "node_time":2032776, "total_sent":195, "total_received":199, "bytes_tx":60, "bytes_rx":12, "r2n_latency":294, "lqi":100, "rssi":-91, "server_sent":199, "server_received":394, "server_bytes_rx":60, "n2r_latency":94, "hops":1, "rtt_latency":357, "root_time_now":2032870}
[Mote:2] Sensor IPv6 = fe80::202:2:2:2
[Mote:1] {"node":"fd00::202:2:2:2", "cpu_energy_mj":18, "lpm_energy_mj":0, "radio_tx_energy_mj":0, "radio_rx_energy_mj":8, "node_time":2042853, "total_sent":193, "total_received":202, "bytes_tx":60, "bytes_rx":12, "r2n_latency":24, "lqi":100, "rssi":-81, "server_sent":202, "server_received":395, "server_bytes_rx":60, "n2r_latency":27, "hops":0, "rtt_latency":82, "root_time_now":2042880}
[Mote:3] Sensor IPv6 = fe80::203:3:3:3
[Mote:1] {"node":"fd00::203:3:3:3", "cpu_energy_mj":18, "lpm_energy_mj":0, "radio_tx_energy_mj":0, "radio_rx_energy_mj":8, "node_time":2043038, "total_sent":196, "total_received":200, "bytes_tx":60, "bytes_rx":12, "r2n_latency":444, "lqi":100, "rssi":-91, "server_sent":200, "server_received":396, "server_bytes_rx":60, "n2r_latency":122, "hops":1, "rtt_latency":292, "root_time_now":2043160}
[Mote:3] Sensor IPv6 = fe80::203:3:3:3
[Mote:1] {"node":"fd00::203:3:3:3", "cpu_energy_mj":18, "lpm_energy_mj":0, "radio_tx_energy_mj":0, "radio_rx_energy_mj":8, "node_time":2053302, "total_sent":197, "total_received":201, "bytes_tx":60, "bytes_rx":12, "r2n_latency":314, "lqi":100, "rssi":-91, "server_sent":201, "server_received":398, "server_bytes_rx":60, "n2r_latency":78, "hops":1, "rtt_latency":227, "root_time_now":2053380}
[Mote:2] Sensor IPv6 = fe80::202:2:2:2
[Mote:1] {"node":"fd00::202:2:2:2", "cpu_energy_mj":18, "lpm_energy_mj":0, "radio_tx_energy_mj":0, "radio_rx_energy_mj":8, "node_time":2053382, "total_sent":194, "total_received":203, "bytes_tx":60, "bytes_rx":12, "r2n_latency":34, "lqi":100, "rssi":-81, "server_sent":203, "server_received":397, "server_bytes_rx":60, "n2r_latency":68, "hops":0, "rtt_latency":122, "root_time_now":2053450}
[Mote:3] Sensor IPv6 = fe80::203:3:3:3
[Mote:1] {"node":"fd00::203:3:3:3", "cpu_energy_mj":18, "lpm_energy_mj":0, "radio_tx_energy_mj":0, "radio_rx_energy_mj":8, "node_time":2063568, "total_sent":198, "total_received":202, "bytes_tx":60, "bytes_rx":12, "r2n_latency":394, "lqi":100, "rssi":-91, "server_sent":202, "server_received":400, "server_bytes_rx":60, "n2r_latency":102, "hops":1, "rtt_latency":267, "root_time_now":2063670}
[Mote:2] Sensor IPv6 = fe80::202:2:2:2
[Mote:1] {"node":"fd00::202:2:2:2", "cpu_energy_mj":18, "lpm_energy_mj":0, "radio_tx_energy_mj":0, "radio_rx_energy_mj":8, "node_time":2063913, "total_sent":195, "total_received":204, "bytes_tx":60, "bytes_rx":12, "r2n_latency":44, "lqi":100, "rssi":-81, "server_sent":204, "server_received":399, "server_bytes_rx":60, "n2r_latency":37, "hops":0, "rtt_latency":162, "root_time_now":2063950}
[Mote:3] Sensor IPv6 = fe80::203:3:3:3
[Mote:1] {"node":"fd00::203:3:3:3", "cpu_energy_mj":18, "lpm_energy_mj":0, "radio_tx_energy_mj":0, "radio_rx_energy_mj":8, "node_time":2073832, "total_sent":199, "total_received":203, "bytes_tx":60, "bytes_rx":12, "r2n_latency":334, "lqi":100, "rssi":-91, "server_sent":203, "server_received":402, "server_bytes_rx":60, "n2r_latency":128, "hops":1, "rtt_latency":237, "root_time_now":2073960}
[Mote:2] Sensor IPv6 = fe80::202:2:2:2
[Mote:1] {"node":"fd00::202:2:2:2", "cpu_energy_mj":18, "lpm_energy_mj":0, "radio_tx_energy_mj":0, "radio_rx_energy_mj":8, "node_time":2074444, "total_sent":196, "total_received":205, "bytes_tx":60, "bytes_rx":12, "r2n_latency":54, "lqi":100, "rssi":-81, "server_sent":205, "server_received":401, "server_bytes_rx":60, "n2r_latency":76, "hops":0, "rtt_latency":97, "root_time_now":2074520}
[Mote:3] Sensor IPv6 = fe80::203:3:3:3
[Mote:1] {"node":"fd00::203:3:3:3", "cpu_energy_mj":18, "lpm_energy_mj":0, "radio_tx_energy_mj":0, "radio_rx_energy_mj":8, "node_time":2084094, "total_sent":200, "total_received":204, "bytes_tx":60, "bytes_rx":12, "r2n_latency":764, "lqi":100, "rssi":-91, "server_sent":204, "server_received":404, "server_bytes_rx":60, "n2r_latency":86, "hops":1, "rtt_latency":452, "root_time_now":2084180}
[Mote:2] Sensor IPv6 = fe80::202:2:2:2
[Mote:1] {"node":"fd00::202:2:2:2", "cpu_energy_mj":18, "lpm_energy_mj":0, "radio_tx_energy_mj":0, "radio_rx_energy_mj":8, "node_time":2084975, "total_sent":197, "total_received":206, "bytes_tx":60, "bytes_rx":12, "r2n_latency":64, "lqi":100, "rssi":-81, "server_sent":206, "server_received":403, "server_bytes_rx":60, "n2r_latency":45, "hops":0, "rtt_latency":137, "root_time_now":2085020}
[Mote:3] Sensor IPv6 = fe80::203:3:3:3
[Mote:1] {"node":"fd00::203:3:3:3", "cpu_energy_mj":18, "lpm_energy_mj":0, "radio_tx_energy_mj":0, "radio_rx_energy_mj":8, "node_time":2094358, "total_sent":201, "total_received":205, "bytes_tx":60, "bytes_rx":12, "r2n_latency":354, "lqi":100, "rssi":-91, "server_sent":205, "server_received":406, "server_bytes_rx":60, "n2r_latency":112, "hops":1, "rtt_latency":247, "root_time_now":2094470}
[Mote:2] Sensor IPv6 = fe80::202:2:2:2
[Mote:1] {"node":"fd00::202:2:2:2", "cpu_energy_mj":18, "lpm_energy_mj":0, "radio_tx_energy_mj":0, "radio_rx_energy_mj":8, "node_time":2095506, "total_sent":198, "total_received":207, "bytes_tx":60, "bytes_rx":12, "r2n_latency":74, "lqi":100, "rssi":-81, "server_sent":207, "server_received":405, "server_bytes_rx":60, "n2r_latency":14, "hops":0, "rtt_latency":142, "root_time_now":2095520}
[Mote:3] Sensor IPv6 = fe80::203:3:3:3
[Mote:1] {"node":"fd00::203:3:3:3", "cpu_energy_mj":18, "lpm_energy_mj":0, "radio_tx_energy_mj":0, "radio_rx_energy_mj":8, "node_time":2104622, "total_sent":202, "total_received":206, "bytes_tx":60, "bytes_rx":12, "r2n_latency":644, "lqi":100, "rssi":-91, "server_sent":206, "server_received":408, "server_bytes_rx":60, "n2r_latency":138, "hops":1, "rtt_latency":707, "root_time_now":2104760}
[Mote:2] Sensor IPv6 = fe80::202:2:2:2
[Mote:1] {"node":"fd00::202:2:2:2", "cpu_energy_mj":18, "lpm_energy_mj":0, "radio_tx_energy_mj":0, "radio_rx_energy_mj":8, "node_time":2106037, "total_sent":199, "total_received":208, "bytes_tx":60, "bytes_rx":12, "r2n_latency":14, "lqi":100, "rssi":-81, "server_sent":208, "server_received":407, "server_bytes_rx":60, "n2r_latency":53, "hops":0, "rtt_latency":672, "root_time_now":2106090}
[Mote:3] Sensor IPv6 = fe80::203:3:3:3
[Mote:1] {"node":"fd00::203:3:3:3", "cpu_energy_mj":18, "lpm_energy_mj":0, "radio_tx_energy_mj":0, "radio_rx_energy_mj":8, "node_time":2114888, "total_sent":203, "total_received":207, "bytes_tx":60, "bytes_rx":12, "r2n_latency":304, "lqi":100, "rssi":-91, "server_sent":207, "server_received":410, "server_bytes_rx":60, "n2r_latency":92, "hops":1, "rtt_latency":222, "root_time_now":2114980}
[Mote:2] Sensor IPv6 = fe80::202:2:2:2
[Mote:1] {"node":"fd00::202:2:2:2", "cpu_energy_mj":18, "lpm_energy_mj":0, "radio_tx_energy_mj":0, "radio_rx_energy_mj":8, "node_time":2116572, "total_sent":200, "total_received":209, "bytes_tx":60, "bytes_rx":12, "r2n_latency":24, "lqi":100, "rssi":-81, "server_sent":209, "server_received":409, "server_bytes_rx":60, "n2r_latency":18, "hops":0, "rtt_latency":82, "root_time_now":2116590}
[Mote:3] Sensor IPv6 = fe80::203:3:3:3
[Mote:1] {"node":"fd00::203:3:3:3", "cpu_energy_mj":18, "lpm_energy_mj":0, "radio_tx_energy_mj":0, "radio_rx_energy_mj":8, "node_time":2125150, "total_sent":204, "total_received":208, "bytes_tx":60, "bytes_rx":12, "r2n_latency":454, "lqi":100, "rssi":-91, "server_sent":208, "server_received":412, "server_bytes_rx":60, "n2r_latency":120, "hops":1, "rtt_latency":297, "root_time_now":2125270}
[Mote:2] Sensor IPv6 = fe80::202:2:2:2
[Mote:1] {"node":"fd00::202:2:2:2", "cpu_energy_mj":18, "lpm_energy_mj":0, "radio_tx_energy_mj":0, "radio_rx_energy_mj":8, "node_time":2127099, "total_sent":201, "total_received":210, "bytes_tx":60, "bytes_rx":12, "r2n_latency":34, "lqi":100, "rssi":-81, "server_sent":210, "server_received":411, "server_bytes_rx":60, "n2r_latency":61, "hops":0, "rtt_latency":87, "root_time_now":2127160}
[Mote:3] Sensor IPv6 = fe80::203:3:3:3
[Mote:1] {"node":"fd00::203:3:3:3", "cpu_energy_mj":18, "lpm_energy_mj":0, "radio_tx_energy_mj":0, "radio_rx_energy_mj":8, "node_time":2135414, "total_sent":205, "total_received":209, "bytes_tx":60, "bytes_rx":12, "r2n_latency":394, "lqi":100, "rssi":-91, "server_sent":209, "server_received":414, "server_bytes_rx":60, "n2r_latency":76, "hops":1, "rtt_latency":267, "root_time_now":2135490}
[Mote:2] Sensor IPv6 = fe80::202:2:2:2
[Mote:1] {"node":"fd00::202:2:2:2", "cpu_energy_mj":18, "lpm_energy_mj":0, "radio_tx_energy_mj":0, "radio_rx_energy_mj":8, "node_time":2137630, "total_sent":202, "total_received":211, "bytes_tx":60, "bytes_rx":12, "r2n_latency":44, "lqi":100, "rssi":-81, "server_sent":211, "server_received":413, "server_bytes_rx":60, "n2r_latency":30, "hops":0, "rtt_latency":92, "root_time_now":2137660}
[Mote:3] Sensor IPv6 = fe80::203:3:3:3
[Mote:1] {"node":"fd00::203:3:3:3", "cpu_energy_mj":18, "lpm_energy_mj":0, "radio_tx_energy_mj":0, "radio_rx_energy_mj":8, "node_time":2145678, "total_sent":206, "total_received":210, "bytes_tx":60, "bytes_rx":12, "r2n_latency":404, "lqi":100, "rssi":-91, "server_sent":210, "server_received":416, "server_bytes_rx":60, "n2r_latency":102, "hops":1, "rtt_latency":272, "root_time_now":2145780}
[Mote:2] Sensor IPv6 = fe80::202:2:2:2
[Mote:1] {"node":"fd00::202:2:2:2", "cpu_energy_mj":18, "lpm_energy_mj":0, "radio_tx_energy_mj":0, "radio_rx_energy_mj":8, "node_time":2148161, "total_sent":203, "total_received":212, "bytes_tx":60, "bytes_rx":12, "r2n_latency":54, "lqi":100, "rssi":-81, "server_sent":212, "server_received":415, "server_bytes_rx":60, "n2r_latency":69, "hops":0, "rtt_latency":167, "root_time_now":2148230}
[Mote:3] Sensor IPv6 = fe80::203:3:3:3
[Mote:1] {"node":"fd00::203:3:3:3", "cpu_energy_mj":18, "lpm_energy_mj":0, "radio_tx_energy_mj":0, "radio_rx_energy_mj":8, "node_time":2155944, "total_sent":207, "total_received":211, "bytes_tx":60, "bytes_rx":12, "r2n_latency":414, "lqi":100, "rssi":-91, "server_sent":211, "server_received":418, "server_bytes_rx":60, "n2r_latency":126, "hops":1, "rtt_latency":277, "root_time_now":2156070}
[Mote:2] Sensor IPv6 = fe80::202:2:2:2
[Mote:1] {"node":"fd00::202:2:2:2", "cpu_energy_mj":18, "lpm_energy_mj":0, "radio_tx_energy_mj":0, "radio_rx_energy_mj":8, "node_time":2158696, "total_sent":204, "total_received":213, "bytes_tx":60, "bytes_rx":12, "r2n_latency":64, "lqi":100, "rssi":-81, "server_sent":213, "server_received":417, "server_bytes_rx":60, "n2r_latency":34, "hops":0, "rtt_latency":102, "root_time_now":2158730}
[Mote:3] Sensor IPv6 = fe80::203:3:3:3
[Mote:1] {"node":"fd00::203:3:3:3", "cpu_energy_mj":18, "lpm_energy_mj":0, "radio_tx_energy_mj":0, "radio_rx_energy_mj":8, "node_time":2166206, "total_sent":208, "total_received":212, "bytes_tx":60, "bytes_rx":12, "r2n_latency":494, "lqi":100, "rssi":-91, "server_sent":212, "server_received":420, "server_bytes_rx":60, "n2r_latency":84, "hops":1, "rtt_latency":457, "root_time_now":2166290}
[Mote:2] Sensor IPv6 = fe80::202:2:2:2
[Mote:1] {"node":"fd00::202:2:2:2", "cpu_energy_mj":18, "lpm_energy_mj":0, "radio_tx_energy_mj":0, "radio_rx_energy_mj":8, "node_time":2169223, "total_sent":205, "total_received":214, "bytes_tx":60, "bytes_rx":12, "r2n_latency":74, "lqi":100, "rssi":-81, "server_sent":214, "server_received":419, "server_bytes_rx":60, "n2r_latency":77, "hops":0, "rtt_latency":422, "root_time_now":2169300}
[Mote:3] Sensor IPv6 = fe80::203:3:3:3
[Mote:1] {"node":"fd00::203:3:3:3", "cpu_energy_mj":18, "lpm_energy_mj":0, "radio_tx_energy_mj":0, "radio_rx_energy_mj":8, "node_time":2176470, "total_sent":209, "total_received":213, "bytes_tx":60, "bytes_rx":12, "r2n_latency":364, "lqi":100, "rssi":-91, "server_sent":213, "server_received":422, "server_bytes_rx":60, "n2r_latency":110, "hops":1, "rtt_latency":252, "root_time_now":2176580}
[Mote:2] Sensor IPv6 = fe80::202:2:2:2
[Mote:1] {"node":"fd00::202:2:2:2", "cpu_energy_mj":18, "lpm_energy_mj":0, "radio_tx_energy_mj":0, "radio_rx_energy_mj":8, "node_time":2179754, "total_sent":206, "total_received":215, "bytes_tx":60, "bytes_rx":12, "r2n_latency":14, "lqi":100, "rssi":-81, "server_sent":215, "server_received":421, "server_bytes_rx":60, "n2r_latency":46, "hops":0, "rtt_latency":77, "root_time_now":2179800}
[Mote:3] Sensor IPv6 = fe80::203:3:3:3
[Mote:1] {"node":"fd00::203:3:3:3", "cpu_energy_mj":18, "lpm_energy_mj":0, "radio_tx_energy_mj":0, "radio_rx_energy_mj":8, "node_time":2186736, "total_sent":210, "total_received":214, "bytes_tx":60, "bytes_rx":12, "r2n_latency":304, "lqi":100, "rssi":-91, "server_sent":214, "server_received":424, "server_bytes_rx":60, "n2r_latency":134, "hops":1, "rtt_latency":222, "root_time_now":2186870}
[Mote:2] Sensor IPv6 = fe80::202:2:2:2
[Mote:1] {"node":"fd00::202:2:2:2", "cpu_energy_mj":18, "lpm_energy_mj":0, "radio_tx_energy_mj":0, "radio_rx_energy_mj":8, "node_time":2190287, "total_sent":207, "total_received":217, "bytes_tx":60, "bytes_rx":12, "r2n_latency":34, "lqi":100, "rssi":-81, "server_sent":217, "server_received":424, "server_bytes_rx":60, "n2r_latency":83, "hops":0, "rtt_latency":157, "root_time_now":2190370}
[Mote:3] Sensor IPv6 = fe80::203:3:3:3
[Mote:1] {"node":"fd00::203:3:3:3", "cpu_energy_mj":18, "lpm_energy_mj":0, "radio_tx_energy_mj":0, "radio_rx_energy_mj":8, "node_time":2197000, "total_sent":211, "total_received":215, "bytes_tx":60, "bytes_rx":12, "r2n_latency":454, "lqi":100, "rssi":-91, "server_sent":215, "server_received":426, "server_bytes_rx":60, "n2r_latency":90, "hops":1, "rtt_latency":297, "root_time_now":2197090}
[Mote:2] Sensor IPv6 = fe80::202:2:2:2
[Mote:1] {"node":"fd00::202:2:2:2", "cpu_energy_mj":18, "lpm_energy_mj":0, "radio_tx_energy_mj":0, "radio_rx_energy_mj":8, "node_time":2200818, "total_sent":208, "total_received":218, "bytes_tx":60, "bytes_rx":12, "r2n_latency":44, "lqi":100, "rssi":-81, "server_sent":218, "server_received":426, "server_bytes_rx":60, "n2r_latency":192, "hops":0, "rtt_latency":442, "root_time_now":2201010}
[Mote:3] Sensor IPv6 = fe80::203:3:3:3
[Mote:1] {"node":"fd00::203:3:3:3", "cpu_energy_mj":18, "lpm_energy_mj":0, "radio_tx_energy_mj":0, "radio_rx_energy_mj":8, "node_time":2207262, "total_sent":212, "total_received":216, "bytes_tx":60, "bytes_rx":12, "r2n_latency":674, "lqi":100, "rssi":-91, "server_sent":216, "server_received":428, "server_bytes_rx":60, "n2r_latency":118, "hops":1, "rtt_latency":477, "root_time_now":2207380}
[Mote:2] Sensor IPv6 = fe80::202:2:2:2
[Mote:1] {"node":"fd00::202:2:2:2", "cpu_energy_mj":18, "lpm_energy_mj":0, "radio_tx_energy_mj":0, "radio_rx_energy_mj":8, "node_time":2211349, "total_sent":209, "total_received":219, "bytes_tx":60, "bytes_rx":12, "r2n_latency":54, "lqi":100, "rssi":-81, "server_sent":219, "server_received":428, "server_bytes_rx":60, "n2r_latency":21, "hops":0, "rtt_latency":202, "root_time_now":2211370}
[Mote:3] Sensor IPv6 = fe80::203:3:3:3
[Mote:1] {"node":"fd00::203:3:3:3", "cpu_energy_mj":18, "lpm_energy_mj":0, "radio_tx_energy_mj":0, "radio_rx_energy_mj":8, "node_time":2217526, "total_sent":213, "total_received":217, "bytes_tx":60, "bytes_rx":12, "r2n_latency":474, "lqi":100, "rssi":-91, "server_sent":217, "server_received":430, "server_bytes_rx":60, "n2r_latency":144, "hops":1, "rtt_latency":307, "root_time_now":2217670}
[Mote:2] Sensor IPv6 = fe80::202:2:2:2
[Mote:1] {"node":"fd00::202:2:2:2", "cpu_energy_mj":18, "lpm_energy_mj":0, "radio_tx_energy_mj":0, "radio_rx_energy_mj":8, "node_time":2221880, "total_sent":210, "total_received":220, "bytes_tx":60, "bytes_rx":12, "r2n_latency":64, "lqi":100, "rssi":-81, "server_sent":220, "server_received":430, "server_bytes_rx":60, "n2r_latency":60, "hops":0, "rtt_latency":137, "root_time_now":2221940}
[Mote:3] Sensor IPv6 = fe80::203:3:3:3
[Mote:1] {"node":"fd00::203:3:3:3", "cpu_energy_mj":18, "lpm_energy_mj":0, "radio_tx_energy_mj":0, "radio_rx_energy_mj":8, "node_time":2227792, "total_sent":214, "total_received":218, "bytes_tx":60, "bytes_rx":12, "r2n_latency":414, "lqi":100, "rssi":-91, "server_sent":218, "server_received":432, "server_bytes_rx":60, "n2r_latency":98, "hops":1, "rtt_latency":277, "root_time_now":2227890}
[Mote:2] Sensor IPv6 = fe80::202:2:2:2
[Mote:1] {"node":"fd00::202:2:2:2", "cpu_energy_mj":18, "lpm_energy_mj":0, "radio_tx_energy_mj":0, "radio_rx_energy_mj":8, "node_time":2232411, "total_sent":211, "total_received":221, "bytes_tx":60, "bytes_rx":12, "r2n_latency":74, "lqi":100, "rssi":-81, "server_sent":221, "server_received":432, "server_bytes_rx":60, "n2r_latency":29, "hops":0, "rtt_latency":212, "root_time_now":2232440}
[Mote:3] Sensor IPv6 = fe80::203:3:3:3
[Mote:1] {"node":"fd00::203:3:3:3", "cpu_energy_mj":18, "lpm_energy_mj":0, "radio_tx_energy_mj":0, "radio_rx_energy_mj":8, "node_time":2238056, "total_sent":215, "total_received":219, "bytes_tx":60, "bytes_rx":12, "r2n_latency":284, "lqi":100, "rssi":-91, "server_sent":219, "server_received":434, "server_bytes_rx":60, "n2r_latency":124, "hops":1, "rtt_latency":247, "root_time_now":2238180}
[Mote:2] Sensor IPv6 = fe80::202:2:2:2
[Mote:1] {"node":"fd00::202:2:2:2", "cpu_energy_mj":18, "lpm_energy_mj":0, "radio_tx_energy_mj":0, "radio_rx_energy_mj":8, "node_time":2242942, "total_sent":212, "total_received":222, "bytes_tx":60, "bytes_rx":12, "r2n_latency":14, "lqi":100, "rssi":-81, "server_sent":222, "server_received":434, "server_bytes_rx":60, "n2r_latency":68, "hops":0, "rtt_latency":182, "root_time_now":2243010}
[Mote:3] Sensor IPv6 = fe80::203:3:3:3
[Mote:1] {"node":"fd00::203:3:3:3", "cpu_energy_mj":18, "lpm_energy_mj":0, "radio_tx_energy_mj":0, "radio_rx_energy_mj":8, "node_time":2248318, "total_sent":216, "total_received":220, "bytes_tx":60, "bytes_rx":12, "r2n_latency":224, "lqi":100, "rssi":-91, "server_sent":220, "server_received":436, "server_bytes_rx":60, "n2r_latency":82, "hops":1, "rtt_latency":217, "root_time_now":2248400}
[Mote:2] Sensor IPv6 = fe80::202:2:2:2
[Mote:1] {"node":"fd00::202:2:2:2", "cpu_energy_mj":18, "lpm_energy_mj":0, "radio_tx_energy_mj":0, "radio_rx_energy_mj":8, "node_time":2253473, "total_sent":213, "total_received":223, "bytes_tx":60, "bytes_rx":12, "r2n_latency":304, "lqi":100, "rssi":-81, "server_sent":223, "server_received":436, "server_bytes_rx":60, "n2r_latency":37, "hops":0, "rtt_latency":397, "root_time_now":2253510}
[Mote:3] Sensor IPv6 = fe80::203:3:3:3
[Mote:1] {"node":"fd00::203:3:3:3", "cpu_energy_mj":18, "lpm_energy_mj":0, "radio_tx_energy_mj":0, "radio_rx_energy_mj":8, "node_time":2258582, "total_sent":217, "total_received":221, "bytes_tx":60, "bytes_rx":12, "r2n_latency":1214, "lqi":100, "rssi":-91, "server_sent":221, "server_received":438, "server_bytes_rx":60, "n2r_latency":108, "hops":1, "rtt_latency":677, "root_time_now":2258690}
[Mote:2] Sensor IPv6 = fe80::202:2:2:2
[Mote:1] {"node":"fd00::202:2:2:2", "cpu_energy_mj":18, "lpm_energy_mj":0, "radio_tx_energy_mj":0, "radio_rx_energy_mj":8, "node_time":2264004, "total_sent":214, "total_received":224, "bytes_tx":60, "bytes_rx":12, "r2n_latency":34, "lqi":100, "rssi":-81, "server_sent":224, "server_received":438, "server_bytes_rx":60, "n2r_latency":6, "hops":0, "rtt_latency":87, "root_time_now":2264010}
[Mote:3] Sensor IPv6 = fe80::203:3:3:3
[Mote:1] {"node":"fd00::203:3:3:3", "cpu_energy_mj":18, "lpm_energy_mj":0, "radio_tx_energy_mj":0, "radio_rx_energy_mj":8, "node_time":2268848, "total_sent":218, "total_received":222, "bytes_tx":60, "bytes_rx":12, "r2n_latency":384, "lqi":100, "rssi":-91, "server_sent":222, "server_received":440, "server_bytes_rx":60, "n2r_latency":132, "hops":1, "rtt_latency":262, "root_time_now":2268980}
[Mote:2] Sensor IPv6 = fe80::202:2:2:2
[Mote:1] {"node":"fd00::202:2:2:2", "cpu_energy_mj":18, "lpm_energy_mj":0, "radio_tx_energy_mj":0, "radio_rx_energy_mj":8, "node_time":2274535, "total_sent":215, "total_received":225, "bytes_tx":60, "bytes_rx":12, "r2n_latency":44, "lqi":100, "rssi":-81, "server_sent":225, "server_received":440, "server_bytes_rx":60, "n2r_latency":45, "hops":0, "rtt_latency":92, "root_time_now":2274580}
[Mote:3] Sensor IPv6 = fe80::203:3:3:3
[Mote:1] {"node":"fd00::203:3:3:3", "cpu_energy_mj":18, "lpm_energy_mj":0, "radio_tx_energy_mj":0, "radio_rx_energy_mj":8, "node_time":2279112, "total_sent":219, "total_received":223, "bytes_tx":60, "bytes_rx":12, "r2n_latency":394, "lqi":100, "rssi":-91, "server_sent":223, "server_received":442, "server_bytes_rx":60, "n2r_latency":88, "hops":1, "rtt_latency":267, "root_time_now":2279200}
[Mote:2] Sensor IPv6 = fe80::202:2:2:2
[Mote:1] {"node":"fd00::202:2:2:2", "cpu_energy_mj":18, "lpm_energy_mj":0, "radio_tx_energy_mj":0, "radio_rx_energy_mj":8, "node_time":2285068, "total_sent":216, "total_received":226, "bytes_tx":60, "bytes_rx":12, "r2n_latency":54, "lqi":100, "rssi":-81, "server_sent":226, "server_received":442, "server_bytes_rx":60, "n2r_latency":12, "hops":0, "rtt_latency":202, "root_time_now":2285080}
[Mote:3] Sensor IPv6 = fe80::203:3:3:3
[Mote:1] {"node":"fd00::203:3:3:3", "cpu_energy_mj":18, "lpm_energy_mj":0, "radio_tx_energy_mj":0, "radio_rx_energy_mj":8, "node_time":2289374, "total_sent":220, "total_received":224, "bytes_tx":60, "bytes_rx":12, "r2n_latency":474, "lqi":100, "rssi":-91, "server_sent":224, "server_received":444, "server_bytes_rx":60, "n2r_latency":116, "hops":1, "rtt_latency":307, "root_time_now":2289490}
[Mote:2] Sensor IPv6 = fe80::202:2:2:2
[Mote:1] {"node":"fd00::202:2:2:2", "cpu_energy_mj":18, "lpm_energy_mj":0, "radio_tx_energy_mj":0, "radio_rx_energy_mj":8, "node_time":2295599, "total_sent":217, "total_received":227, "bytes_tx":60, "bytes_rx":12, "r2n_latency":64, "lqi":100, "rssi":-81, "server_sent":227, "server_received":444, "server_bytes_rx":60, "n2r_latency":51, "hops":0, "rtt_latency":207, "root_time_now":2295650}
[Mote:3] Sensor IPv6 = fe80::203:3:3:3
[Mote:1] {"node":"fd00::203:3:3:3", "cpu_energy_mj":18, "lpm_energy_mj":0, "radio_tx_energy_mj":0, "radio_rx_energy_mj":8, "node_time":2299639, "total_sent":221, "total_received":225, "bytes_tx":60, "bytes_rx":12, "r2n_latency":274, "lqi":100, "rssi":-91, "server_sent":225, "server_received":446, "server_bytes_rx":60, "n2r_latency":141, "hops":1, "rtt_latency":242, "root_time_now":2299780}
[Mote:2] Sensor IPv6 = fe80::202:2:2:2
[Mote:1] {"node":"fd00::202:2:2:2", "cpu_energy_mj":18, "lpm_energy_mj":0, "radio_tx_energy_mj":0, "radio_rx_energy_mj":8, "node_time":2306128, "total_sent":218, "total_received":228, "bytes_tx":60, "bytes_rx":12, "r2n_latency":74, "lqi":100, "rssi":-81, "server_sent":228, "server_received":446, "server_bytes_rx":60, "n2r_latency":22, "hops":0, "rtt_latency":107, "root_time_now":2306150}
[Mote:3] Sensor IPv6 = fe80::203:3:3:3
[Mote:1] {"node":"fd00::203:3:3:3", "cpu_energy_mj":18, "lpm_energy_mj":0, "radio_tx_energy_mj":0, "radio_rx_energy_mj":8, "node_time":2309904, "total_sent":222, "total_received":226, "bytes_tx":60, "bytes_rx":12, "r2n_latency":424, "lqi":100, "rssi":-91, "server_sent":227, "server_received":448, "server_bytes_rx":60, "n2r_latency":1426, "hops":1, "rtt_latency":282, "root_time_now":2311330}
[Mote:2] Sensor IPv6 = fe80::202:2:2:2
[Mote:1] {"node":"fd00::202:2:2:2", "cpu_energy_mj":18, "lpm_energy_mj":0, "radio_tx_energy_mj":0, "radio_rx_energy_mj":8, "node_time":2316659, "total_sent":219, "total_received":229, "bytes_tx":60, "bytes_rx":12, "r2n_latency":84, "lqi":100, "rssi":-81, "server_sent":229, "server_received":448, "server_bytes_rx":60, "n2r_latency":61, "hops":0, "rtt_latency":707, "root_time_now":2316720}
[Mote:3] Sensor IPv6 = fe80::203:3:3:3
[Mote:1] {"node":"fd00::203:3:3:3", "cpu_energy_mj":18, "lpm_energy_mj":0, "radio_tx_energy_mj":0, "radio_rx_energy_mj":8, "node_time":2320168, "total_sent":223, "total_received":227, "bytes_tx":60, "bytes_rx":12, "r2n_latency":224, "lqi":100, "rssi":-91, "server_sent":228, "server_received":450, "server_bytes_rx":60, "n2r_latency":472, "hops":1, "rtt_latency":742, "root_time_now":2320640}
[Mote:2] Sensor IPv6 = fe80::202:2:2:2
[Mote:1] {"node":"fd00::202:2:2:2", "cpu_energy_mj":18, "lpm_energy_mj":0, "radio_tx_energy_mj":0, "radio_rx_energy_mj":8, "node_time":2327192, "total_sent":220, "total_received":230, "bytes_tx":60, "bytes_rx":12, "r2n_latency":24, "lqi":100, "rssi":-81, "server_sent":230, "server_received":450, "server_bytes_rx":60, "n2r_latency":28, "hops":0, "rtt_latency":292, "root_time_now":2327220}
[Mote:3] Sensor IPv6 = fe80::203:3:3:3
[Mote:1] {"node":"fd00::203:3:3:3", "cpu_energy_mj":18, "lpm_energy_mj":0, "radio_tx_energy_mj":0, "radio_rx_energy_mj":8, "node_time":2330430, "total_sent":224, "total_received":229, "bytes_tx":60, "bytes_rx":12, "r2n_latency":314, "lqi":100, "rssi":-91, "server_sent":229, "server_received":453, "server_bytes_rx":60, "n2r_latency":290, "hops":1, "rtt_latency":297, "root_time_now":2330720}
[Mote:2] Sensor IPv6 = fe80::202:2:2:2
[Mote:1] {"node":"fd00::202:2:2:2", "cpu_energy_mj":18, "lpm_energy_mj":0, "radio_tx_energy_mj":0, "radio_rx_energy_mj":8, "node_time":2337723, "total_sent":221, "total_received":231, "bytes_tx":60, "bytes_rx":12, "r2n_latency":34, "lqi":100, "rssi":-81, "server_sent":231, "server_received":452, "server_bytes_rx":60, "n2r_latency":67, "hops":0, "rtt_latency":122, "root_time_now":2337790}
[Mote:3] Sensor IPv6 = fe80::203:3:3:3
[Mote:1] {"node":"fd00::203:3:3:3", "cpu_energy_mj":18, "lpm_energy_mj":0, "radio_tx_energy_mj":0, "radio_rx_energy_mj":8, "node_time":2340694, "total_sent":225, "total_received":230, "bytes_tx":60, "bytes_rx":12, "r2n_latency":254, "lqi":100, "rssi":-91, "server_sent":230, "server_received":455, "server_bytes_rx":60, "n2r_latency":176, "hops":1, "rtt_latency":232, "root_time_now":2340870}
[Mote:2] Sensor IPv6 = fe80::202:2:2:2
[Mote:1] {"node":"fd00::202:2:2:2", "cpu_energy_mj":18, "lpm_energy_mj":0, "radio_tx_energy_mj":0, "radio_rx_energy_mj":8, "node_time":2348250, "total_sent":222, "total_received":232, "bytes_tx":60, "bytes_rx":12, "r2n_latency":44, "lqi":100, "rssi":-81, "server_sent":232, "server_received":454, "server_bytes_rx":60, "n2r_latency":40, "hops":0, "rtt_latency":197, "root_time_now":2348290}
[Mote:3] Sensor IPv6 = fe80::203:3:3:3
[Mote:1] {"node":"fd00::203:3:3:3", "cpu_energy_mj":18, "lpm_energy_mj":0, "radio_tx_energy_mj":0, "radio_rx_energy_mj":8, "node_time":2350958, "total_sent":226, "total_received":231, "bytes_tx":60, "bytes_rx":12, "r2n_latency":264, "lqi":100, "rssi":-91, "server_sent":231, "server_received":457, "server_bytes_rx":60, "n2r_latency":132, "hops":1, "rtt_latency":237, "root_time_now":2351090}
[Mote:2] Sensor IPv6 = fe80::202:2:2:2
[Mote:1] {"node":"fd00::202:2:2:2", "cpu_energy_mj":18, "lpm_energy_mj":0, "radio_tx_energy_mj":0, "radio_rx_energy_mj":8, "node_time":2358785, "total_sent":223, "total_received":233, "bytes_tx":60, "bytes_rx":12, "r2n_latency":54, "lqi":100, "rssi":-81, "server_sent":233, "server_received":456, "server_bytes_rx":60, "n2r_latency":5, "hops":0, "rtt_latency":202, "root_time_now":2358790}
[Mote:3] Sensor IPv6 = fe80::203:3:3:3
[Mote:1] {"node":"fd00::203:3:3:3", "cpu_energy_mj":18, "lpm_energy_mj":0, "radio_tx_energy_mj":0, "radio_rx_energy_mj":8, "node_time":2361222, "total_sent":227, "total_received":232, "bytes_tx":60, "bytes_rx":12, "r2n_latency":1044, "lqi":100, "rssi":-91, "server_sent":232, "server_received":459, "server_bytes_rx":60, "n2r_latency":718, "hops":1, "rtt_latency":942, "root_time_now":2361940}
[Mote:2] Sensor IPv6 = fe80::202:2:2:2
[Mote:1] {"node":"fd00::202:2:2:2", "cpu_energy_mj":18, "lpm_energy_mj":0, "radio_tx_energy_mj":0, "radio_rx_energy_mj":8, "node_time":2369316, "total_sent":224, "total_received":234, "bytes_tx":60, "bytes_rx":12, "r2n_latency":64, "lqi":100, "rssi":-81, "server_sent":234, "server_received":458, "server_bytes_rx":60, "n2r_latency":44, "hops":0, "rtt_latency":907, "root_time_now":2369360}
[Mote:3] Sensor IPv6 = fe80::203:3:3:3
[Mote:1] {"node":"fd00::203:3:3:3", "cpu_energy_mj":18, "lpm_energy_mj":0, "radio_tx_energy_mj":0, "radio_rx_energy_mj":8, "node_time":2371486, "total_sent":228, "total_received":233, "bytes_tx":60, "bytes_rx":12, "r2n_latency":354, "lqi":100, "rssi":-91, "server_sent":233, "server_received":461, "server_bytes_rx":60, "n2r_latency":114, "hops":1, "rtt_latency":317, "root_time_now":2371600}
[Mote:2] Sensor IPv6 = fe80::202:2:2:2
[Mote:1] {"node":"fd00::202:2:2:2", "cpu_energy_mj":18, "lpm_energy_mj":0, "radio_tx_energy_mj":0, "radio_rx_energy_mj":8, "node_time":2379847, "total_sent":225, "total_received":235, "bytes_tx":60, "bytes_rx":12, "r2n_latency":74, "lqi":100, "rssi":-81, "server_sent":235, "server_received":460, "server_bytes_rx":60, "n2r_latency":13, "hops":0, "rtt_latency":247, "root_time_now":2379860}
[Mote:3] Sensor IPv6 = fe80::203:3:3:3
[Mote:1] {"node":"fd00::203:3:3:3", "cpu_energy_mj":18, "lpm_energy_mj":0, "radio_tx_energy_mj":0, "radio_rx_energy_mj":8, "node_time":2381750, "total_sent":229, "total_received":234, "bytes_tx":60, "bytes_rx":12, "r2n_latency":294, "lqi":100, "rssi":-91, "server_sent":234, "server_received":463, "server_bytes_rx":60, "n2r_latency":140, "hops":1, "rtt_latency":217, "root_time_now":2381890}
[Mote:2] Sensor IPv6 = fe80::202:2:2:2
[Mote:1] {"node":"fd00::202:2:2:2", "cpu_energy_mj":18, "lpm_energy_mj":0, "radio_tx_energy_mj":0, "radio_rx_energy_mj":8, "node_time":2390376, "total_sent":226, "total_received":237, "bytes_tx":60, "bytes_rx":12, "r2n_latency":24, "lqi":100, "rssi":-81, "server_sent":237, "server_received":463, "server_bytes_rx":60, "n2r_latency":54, "hops":0, "rtt_latency":117, "root_time_now":2390430}
[Mote:3] Sensor IPv6 = fe80::203:3:3:3
[Mote:1] {"node":"fd00::203:3:3:3", "cpu_energy_mj":18, "lpm_energy_mj":0, "radio_tx_energy_mj":0, "radio_rx_energy_mj":8, "node_time":2392014, "total_sent":230, "total_received":235, "bytes_tx":60, "bytes_rx":12, "r2n_latency":514, "lqi":100, "rssi":-91, "server_sent":235, "server_received":465, "server_bytes_rx":60, "n2r_latency":96, "hops":1, "rtt_latency":327, "root_time_now":2392110}
[Mote:2] Sensor IPv6 = fe80::202:2:2:2
[Mote:1] {"node":"fd00::202:2:2:2", "cpu_energy_mj":18, "lpm_energy_mj":0, "radio_tx_energy_mj":0, "radio_rx_energy_mj":8, "node_time":2400907, "total_sent":227, "total_received":238, "bytes_tx":60, "bytes_rx":12, "r2n_latency":34, "lqi":100, "rssi":-81, "server_sent":238, "server_received":465, "server_bytes_rx":60, "n2r_latency":23, "hops":0, "rtt_latency":157, "root_time_now":2400930}
[Mote:3] Sensor IPv6 = fe80::203:3:3:3
[Mote:1] {"node":"fd00::203:3:3:3", "cpu_energy_mj":18, "lpm_energy_mj":0, "radio_tx_energy_mj":0, "radio_rx_energy_mj":8, "node_time":2402278, "total_sent":231, "total_received":236, "bytes_tx":60, "bytes_rx":12, "r2n_latency":384, "lqi":100, "rssi":-91, "server_sent":236, "server_received":467, "server_bytes_rx":60, "n2r_latency":122, "hops":1, "rtt_latency":262, "root_time_now":2402400}
[Mote:2] Sensor IPv6 = fe80::202:2:2:2
[Mote:1] {"node":"fd00::202:2:2:2", "cpu_energy_mj":18, "lpm_energy_mj":0, "radio_tx_energy_mj":0, "radio_rx_energy_mj":8, "node_time":2411438, "total_sent":228, "total_received":239, "bytes_tx":60, "bytes_rx":12, "r2n_latency":44, "lqi":100, "rssi":-81, "server_sent":239, "server_received":467, "server_bytes_rx":60, "n2r_latency":62, "hops":0, "rtt_latency":162, "root_time_now":2411500}
[Mote:3] Sensor IPv6 = fe80::203:3:3:3
[Mote:1] {"node":"fd00::203:3:3:3", "cpu_energy_mj":18, "lpm_energy_mj":0, "radio_tx_energy_mj":0, "radio_rx_energy_mj":8, "node_time":2412544, "total_sent":232, "total_received":237, "bytes_tx":60, "bytes_rx":12, "r2n_latency":394, "lqi":100, "rssi":-91, "server_sent":237, "server_received":469, "server_bytes_rx":60, "n2r_latency":76, "hops":1, "rtt_latency":267, "root_time_now":2412620}
[Mote:2] Sensor IPv6 = fe80::202:2:2:2
[Mote:1] {"node":"fd00::202:2:2:2", "cpu_energy_mj":18, "lpm_energy_mj":0, "radio_tx_energy_mj":0, "radio_rx_energy_mj":8, "node_time":2421969, "total_sent":229, "total_received":240, "bytes_tx":60, "bytes_rx":12, "r2n_latency":54, "lqi":100, "rssi":-81, "server_sent":240, "server_received":469, "server_bytes_rx":60, "n2r_latency":31, "hops":0, "rtt_latency":97, "root_time_now":2422000}
[Mote:3] Sensor IPv6 = fe80::203:3:3:3
[Mote:1] {"node":"fd00::203:3:3:3", "cpu_energy_mj":18, "lpm_energy_mj":0, "radio_tx_energy_mj":0, "radio_rx_energy_mj":8, "node_time":2422806, "total_sent":233, "total_received":238, "bytes_tx":60, "bytes_rx":12, "r2n_latency":404, "lqi":100, "rssi":-91, "server_sent":238, "server_received":471, "server_bytes_rx":60, "n2r_latency":104, "hops":1, "rtt_latency":272, "root_time_now":2422910}
[Mote:2] Sensor IPv6 = fe80::202:2:2:2
[Mote:1] {"node":"fd00::202:2:2:2", "cpu_energy_mj":18, "lpm_energy_mj":0, "radio_tx_energy_mj":0, "radio_rx_energy_mj":8, "node_time":2432500, "total_sent":230, "total_received":241, "bytes_tx":60, "bytes_rx":12, "r2n_latency":64, "lqi":100, "rssi":-81, "server_sent":241, "server_received":471, "server_bytes_rx":60, "n2r_latency":70, "hops":0, "rtt_latency":137, "root_time_now":2432570}
[Mote:3] Sensor IPv6 = fe80::203:3:3:3
[Mote:1] {"node":"fd00::203:3:3:3", "cpu_energy_mj":18, "lpm_energy_mj":0, "radio_tx_energy_mj":0, "radio_rx_energy_mj":8, "node_time":2433070, "total_sent":234, "total_received":239, "bytes_tx":60, "bytes_rx":12, "r2n_latency":484, "lqi":100, "rssi":-91, "server_sent":239, "server_received":473, "server_bytes_rx":60, "n2r_latency":130, "hops":1, "rtt_latency":312, "root_time_now":2433200}
[Mote:2] Sensor IPv6 = fe80::202:2:2:2
[Mote:1] {"node":"fd00::202:2:2:2", "cpu_energy_mj":18, "lpm_energy_mj":0, "radio_tx_energy_mj":0, "radio_rx_energy_mj":8, "node_time":2443031, "total_sent":231, "total_received":242, "bytes_tx":60, "bytes_rx":12, "r2n_latency":74, "lqi":100, "rssi":-81, "server_sent":242, "server_received":473, "server_bytes_rx":60, "n2r_latency":39, "hops":0, "rtt_latency":107, "root_time_now":2443070}
[Mote:3] Sensor IPv6 = fe80::203:3:3:3
[Mote:1] {"node":"fd00::203:3:3:3", "cpu_energy_mj":18, "lpm_energy_mj":0, "radio_tx_energy_mj":0, "radio_rx_energy_mj":8, "node_time":2443334, "total_sent":235, "total_received":240, "bytes_tx":60, "bytes_rx":12, "r2n_latency":494, "lqi":100, "rssi":-91, "server_sent":240, "server_received":475, "server_bytes_rx":60, "n2r_latency":86, "hops":1, "rtt_latency":317, "root_time_now":2443420}
[Mote:2] Sensor IPv6 = fe80::202:2:2:2
[Mote:1] {"node":"fd00::202:2:2:2", "cpu_energy_mj":18, "lpm_energy_mj":0, "radio_tx_energy_mj":0, "radio_rx_energy_mj":8, "node_time":2453562, "total_sent":232, "total_received":243, "bytes_tx":60, "bytes_rx":12, "r2n_latency":14, "lqi":100, "rssi":-81, "server_sent":243, "server_received":475, "server_bytes_rx":60, "n2r_latency":8, "hops":0, "rtt_latency":77, "root_time_now":2453570}
[Mote:3] Sensor IPv6 = fe80::203:3:3:3
[Mote:1] {"node":"fd00::203:3:3:3", "cpu_energy_mj":18, "lpm_energy_mj":0, "radio_tx_energy_mj":0, "radio_rx_energy_mj":8, "node_time":2453600, "total_sent":236, "total_received":241, "bytes_tx":60, "bytes_rx":12, "r2n_latency":294, "lqi":100, "rssi":-91, "server_sent":241, "server_received":477, "server_bytes_rx":60, "n2r_latency":110, "hops":1, "rtt_latency":217, "root_time_now":2453710}
[Mote:3] Sensor IPv6 = fe80::203:3:3:3
[Mote:1] {"node":"fd00::203:3:3:3", "cpu_energy_mj":18, "lpm_energy_mj":0, "radio_tx_energy_mj":0, "radio_rx_energy_mj":8, "node_time":2463862, "total_sent":237, "total_received":242, "bytes_tx":60, "bytes_rx":12, "r2n_latency":444, "lqi":100, "rssi":-91, "server_sent":242, "server_received":479, "server_bytes_rx":60, "n2r_latency":138, "hops":1, "rtt_latency":712, "root_time_now":2464000}
[Mote:2] Sensor IPv6 = fe80::202:2:2:2
[Mote:1] {"node":"fd00::202:2:2:2", "cpu_energy_mj":18, "lpm_energy_mj":0, "radio_tx_energy_mj":0, "radio_rx_energy_mj":8, "node_time":2464091, "total_sent":233, "total_received":244, "bytes_tx":60, "bytes_rx":12, "r2n_latency":24, "lqi":100, "rssi":-81, "server_sent":244, "server_received":477, "server_bytes_rx":60, "n2r_latency":49, "hops":0, "rtt_latency":677, "root_time_now":2464140}
[Mote:3] Sensor IPv6 = fe80::203:3:3:3
[Mote:1] {"node":"fd00::203:3:3:3", "cpu_energy_mj":18, "lpm_energy_mj":0, "radio_tx_energy_mj":0, "radio_rx_energy_mj":8, "node_time":2474126, "total_sent":238, "total_received":243, "bytes_tx":60, "bytes_rx":12, "r2n_latency":384, "lqi":100, "rssi":-91, "server_sent":243, "server_received":481, "server_bytes_rx":60, "n2r_latency":94, "hops":1, "rtt_latency":262, "root_time_now":2474220}
[Mote:2] Sensor IPv6 = fe80::202:2:2:2
[Mote:1] {"node":"fd00::202:2:2:2", "cpu_energy_mj":18, "lpm_energy_mj":0, "radio_tx_energy_mj":0, "radio_rx_energy_mj":8, "node_time":2474622, "total_sent":234, "total_received":245, "bytes_tx":60, "bytes_rx":12, "r2n_latency":34, "lqi":100, "rssi":-81, "server_sent":245, "server_received":479, "server_bytes_rx":60, "n2r_latency":298, "hops":0, "rtt_latency":122, "root_time_now":2474920}
[Mote:3] Sensor IPv6 = fe80::203:3:3:3
[Mote:1] {"node":"fd00::203:3:3:3", "cpu_energy_mj":18, "lpm_energy_mj":0, "radio_tx_energy_mj":0, "radio_rx_energy_mj":8, "node_time":2484392, "total_sent":239, "total_received":244, "bytes_tx":60, "bytes_rx":12, "r2n_latency":254, "lqi":100, "rssi":-91, "server_sent":244, "server_received":483, "server_bytes_rx":60, "n2r_latency":118, "hops":1, "rtt_latency":232, "root_time_now":2484510}
[Mote:2] Sensor IPv6 = fe80::202:2:2:2
[Mote:1] {"node":"fd00::202:2:2:2", "cpu_energy_mj":18, "lpm_energy_mj":0, "radio_tx_energy_mj":0, "radio_rx_energy_mj":8, "node_time":2485153, "total_sent":235, "total_received":246, "bytes_tx":60, "bytes_rx":12, "r2n_latency":44, "lqi":100, "rssi":-81, "server_sent":246, "server_received":481, "server_bytes_rx":60, "n2r_latency":57, "hops":0, "rtt_latency":197, "root_time_now":2485210}
[Mote:3] Sensor IPv6 = fe80::203:3:3:3
[Mote:1] {"node":"fd00::203:3:3:3", "cpu_energy_mj":18, "lpm_energy_mj":0, "radio_tx_energy_mj":0, "radio_rx_energy_mj":8, "node_time":2494654, "total_sent":240, "total_received":245, "bytes_tx":60, "bytes_rx":12, "r2n_latency":474, "lqi":100, "rssi":-91, "server_sent":245, "server_received":485, "server_bytes_rx":60, "n2r_latency":76, "hops":1, "rtt_latency":307, "root_time_now":2494730}
[Mote:2] Sensor IPv6 = fe80::202:2:2:2
[Mote:1] {"node":"fd00::202:2:2:2", "cpu_energy_mj":18, "lpm_energy_mj":0, "radio_tx_energy_mj":0, "radio_rx_energy_mj":8, "node_time":2495684, "total_sent":236, "total_received":247, "bytes_tx":60, "bytes_rx":12, "r2n_latency":54, "lqi":100, "rssi":-81, "server_sent":247, "server_received":483, "server_bytes_rx":60, "n2r_latency":96, "hops":0, "rtt_latency":97, "root_time_now":2495780}
[Mote:3] Sensor IPv6 = fe80::203:3:3:3
[Mote:1] {"node":"fd00::203:3:3:3", "cpu_energy_mj":18, "lpm_energy_mj":0, "radio_tx_energy_mj":0, "radio_rx_energy_mj":8, "node_time":2504918, "total_sent":241, "total_received":246, "bytes_tx":60, "bytes_rx":12, "r2n_latency":344, "lqi":100, "rssi":-91, "server_sent":246, "server_received":487, "server_bytes_rx":60, "n2r_latency":102, "hops":1, "rtt_latency":452, "root_time_now":2505020}
[Mote:2] Sensor IPv6 = fe80::202:2:2:2
[Mote:1] {"node":"fd00::202:2:2:2", "cpu_energy_mj":18, "lpm_energy_mj":0, "radio_tx_energy_mj":0, "radio_rx_energy_mj":8, "node_time":2506215, "total_sent":237, "total_received":248, "bytes_tx":60, "bytes_rx":12, "r2n_latency":64, "lqi":100, "rssi":-81, "server_sent":248, "server_received":485, "server_bytes_rx":60, "n2r_latency":65, "hops":0, "rtt_latency":417, "root_time_now":2506280}
[Mote:3] Sensor IPv6 = fe80::203:3:3:3
[Mote:1] {"node":"fd00::203:3:3:3", "cpu_energy_mj":18, "lpm_energy_mj":0, "radio_tx_energy_mj":0, "radio_rx_energy_mj":8, "node_time":2515182, "total_sent":242, "total_received":247, "bytes_tx":60, "bytes_rx":12, "r2n_latency":704, "lqi":100, "rssi":-91, "server_sent":247, "server_received":489, "server_bytes_rx":60, "n2r_latency":128, "hops":1, "rtt_latency":422, "root_time_now":2515310}
[Mote:2] Sensor IPv6 = fe80::202:2:2:2
[Mote:1] {"node":"fd00::202:2:2:2", "cpu_energy_mj":18, "lpm_energy_mj":0, "radio_tx_energy_mj":0, "radio_rx_energy_mj":8, "node_time":2516746, "total_sent":238, "total_received":249, "bytes_tx":60, "bytes_rx":12, "r2n_latency":74, "lqi":100, "rssi":-81, "server_sent":249, "server_received":487, "server_bytes_rx":60, "n2r_latency":34, "hops":0, "rtt_latency":317, "root_time_now":2516780}
[Mote:3] Sensor IPv6 = fe80::203:3:3:3
[Mote:1] {"node":"fd00::203:3:3:3", "cpu_energy_mj":18, "lpm_energy_mj":0, "radio_tx_energy_mj":0, "radio_rx_energy_mj":8, "node_time":2525448, "total_sent":243, "total_received":248, "bytes_tx":60, "bytes_rx":12, "r2n_latency":224, "lqi":100, "rssi":-91, "server_sent":248, "server_received":491, "server_bytes_rx":60, "n2r_latency":82, "hops":1, "rtt_latency":252, "root_time_now":2525530}
[Mote:2] Sensor IPv6 = fe80::202:2:2:2
[Mote:1] {"node":"fd00::202:2:2:2", "cpu_energy_mj":18, "lpm_energy_mj":0, "radio_tx_energy_mj":0, "radio_rx_energy_mj":8, "node_time":2527277, "total_sent":239, "total_received":250, "bytes_tx":60, "bytes_rx":12, "r2n_latency":14, "lqi":100, "rssi":-81, "server_sent":250, "server_received":489, "server_bytes_rx":60, "n2r_latency":73, "hops":0, "rtt_latency":182, "root_time_now":2527350}
[Mote:3] Sensor IPv6 = fe80::203:3:3:3
[Mote:1] {"node":"fd00::203:3:3:3", "cpu_energy_mj":18, "lpm_energy_mj":0, "radio_tx_energy_mj":0, "radio_rx_energy_mj":8, "node_time":2535710, "total_sent":244, "total_received":249, "bytes_tx":60, "bytes_rx":12, "r2n_latency":374, "lqi":100, "rssi":-91, "server_sent":249, "server_received":493, "server_bytes_rx":60, "n2r_latency":110, "hops":1, "rtt_latency":257, "root_time_now":2535820}
[Mote:2] Sensor IPv6 = fe80::202:2:2:2
[Mote:1] {"node":"fd00::202:2:2:2", "cpu_energy_mj":18, "lpm_energy_mj":0, "radio_tx_energy_mj":0, "radio_rx_energy_mj":8, "node_time":2537808, "total_sent":240, "total_received":251, "bytes_tx":60, "bytes_rx":12, "r2n_latency":24, "lqi":100, "rssi":-81, "server_sent":251, "server_received":491, "server_bytes_rx":60, "n2r_latency":42, "hops":0, "rtt_latency":117, "root_time_now":2537850}
[Mote:3] Sensor IPv6 = fe80::203:3:3:3
[Mote:1] {"node":"fd00::203:3:3:3", "cpu_energy_mj":18, "lpm_energy_mj":0, "radio_tx_energy_mj":0, "radio_rx_energy_mj":8, "node_time":2545974, "total_sent":245, "total_received":250, "bytes_tx":60, "bytes_rx":12, "r2n_latency":1014, "lqi":100, "rssi":-91, "server_sent":250, "server_received":495, "server_bytes_rx":60, "n2r_latency":136, "hops":1, "rtt_latency":577, "root_time_now":2546110}
[Mote:2] Sensor IPv6 = fe80::202:2:2:2
[Mote:1] {"node":"fd00::202:2:2:2", "cpu_energy_mj":18, "lpm_energy_mj":0, "radio_tx_energy_mj":0, "radio_rx_energy_mj":8, "node_time":2548339, "total_sent":241, "total_received":252, "bytes_tx":60, "bytes_rx":12, "r2n_latency":34, "lqi":100, "rssi":-81, "server_sent":252, "server_received":493, "server_bytes_rx":60, "n2r_latency":11, "hops":0, "rtt_latency":297, "root_time_now":2548350}
[Mote:3] Sensor IPv6 = fe80::203:3:3:3
[Mote:1] {"node":"fd00::203:3:3:3", "cpu_energy_mj":18, "lpm_energy_mj":0, "radio_tx_energy_mj":0, "radio_rx_energy_mj":8, "node_time":2556240, "total_sent":246, "total_received":251, "bytes_tx":60, "bytes_rx":12, "r2n_latency":254, "lqi":100, "rssi":-91, "server_sent":251, "server_received":497, "server_bytes_rx":60, "n2r_latency":90, "hops":1, "rtt_latency":232, "root_time_now":2556330}
[Mote:2] Sensor IPv6 = fe80::202:2:2:2
[Mote:1] {"node":"fd00::202:2:2:2", "cpu_energy_mj":18, "lpm_energy_mj":0, "radio_tx_energy_mj":0, "radio_rx_energy_mj":8, "node_time":2558874, "total_sent":242, "total_received":253, "bytes_tx":60, "bytes_rx":12, "r2n_latency":44, "lqi":100, "rssi":-81, "server_sent":253, "server_received":495, "server_bytes_rx":60, "n2r_latency":46, "hops":0, "rtt_latency":197, "root_time_now":2558920}
[Mote:3] Sensor IPv6 = fe80::203:3:3:3
[Mote:1] {"node":"fd00::203:3:3:3", "cpu_energy_mj":18, "lpm_energy_mj":0, "radio_tx_energy_mj":0, "radio_rx_energy_mj":8, "node_time":2566502, "total_sent":247, "total_received":252, "bytes_tx":60, "bytes_rx":12, "r2n_latency":334, "lqi":100, "rssi":-91, "server_sent":252, "server_received":499, "server_bytes_rx":60, "n2r_latency":118, "hops":1, "rtt_latency":237, "root_time_now":2566620}
[Mote:2] Sensor IPv6 = fe80::202:2:2:2
[Mote:1] {"node":"fd00::202:2:2:2", "cpu_energy_mj":18, "lpm_energy_mj":0, "radio_tx_energy_mj":0, "radio_rx_energy_mj":8, "node_time":2569401, "total_sent":243, "total_received":254, "bytes_tx":60, "bytes_rx":12, "r2n_latency":54, "lqi":100, "rssi":-81, "server_sent":254, "server_received":497, "server_bytes_rx":60, "n2r_latency":19, "hops":0, "rtt_latency":132, "root_time_now":2569420}
[Mote:3] Sensor IPv6 = fe80::203:3:3:3
[Mote:1] {"node":"fd00::203:3:3:3", "cpu_energy_mj":18, "lpm_energy_mj":0, "radio_tx_energy_mj":0, "radio_rx_energy_mj":8, "node_time":2576766, "total_sent":248, "total_received":253, "bytes_tx":60, "bytes_rx":12, "r2n_latency":274, "lqi":100, "rssi":-91, "server_sent":253, "server_received":501, "server_bytes_rx":60, "n2r_latency":144, "hops":1, "rtt_latency":242, "root_time_now":2576910}
[Mote:2] Sensor IPv6 = fe80::202:2:2:2
[Mote:1] {"node":"fd00::202:2:2:2", "cpu_energy_mj":18, "lpm_energy_mj":0, "radio_tx_energy_mj":0, "radio_rx_energy_mj":8, "node_time":2579932, "total_sent":244, "total_received":255, "bytes_tx":60, "bytes_rx":12, "r2n_latency":64, "lqi":100, "rssi":-81, "server_sent":256, "server_received":499, "server_bytes_rx":60, "n2r_latency":60, "hops":0, "rtt_latency":207, "root_time_now":2579992}
[Mote:3] Sensor IPv6 = fe80::203:3:3:3
[Mote:1] {"node":"fd00::203:3:3:3", "cpu_energy_mj":18, "lpm_energy_mj":0, "radio_tx_energy_mj":0, "radio_rx_energy_mj":8, "node_time":2587032, "total_sent":249, "total_received":254, "bytes_tx":60, "bytes_rx":12, "r2n_latency":494, "lqi":100, "rssi":-91, "server_sent":254, "server_received":503, "server_bytes_rx":60, "n2r_latency":98, "hops":1, "rtt_latency":317, "root_time_now":2587130}
[Mote:2] Sensor IPv6 = fe80::202:2:2:2
[Mote:1] {"node":"fd00::202:2:2:2", "cpu_energy_mj":18, "lpm_energy_mj":0, "radio_tx_energy_mj":0, "radio_rx_energy_mj":8, "node_time":2590465, "total_sent":245, "total_received":257, "bytes_tx":60, "bytes_rx":12, "r2n_latency":14, "lqi":100, "rssi":-81, "server_sent":257, "server_received":502, "server_bytes_rx":60, "n2r_latency":25, "hops":0, "rtt_latency":217, "root_time_now":2590490}
[Mote:3] Sensor IPv6 = fe80::203:3:3:3
[Mote:1] {"node":"fd00::203:3:3:3", "cpu_energy_mj":18, "lpm_energy_mj":0, "radio_tx_energy_mj":0, "radio_rx_energy_mj":8, "node_time":2597296, "total_sent":250, "total_received":255, "bytes_tx":60, "bytes_rx":12, "r2n_latency":574, "lqi":100, "rssi":-91, "server_sent":255, "server_received":505, "server_bytes_rx":60, "n2r_latency":124, "hops":1, "rtt_latency":357, "root_time_now":2597420}
[Mote:2] Sensor IPv6 = fe80::202:2:2:2
[Mote:1] {"node":"fd00::202:2:2:2", "cpu_energy_mj":18, "lpm_energy_mj":0, "radio_tx_energy_mj":0, "radio_rx_energy_mj":8, "node_time":2600996, "total_sent":246, "total_received":258, "bytes_tx":60, "bytes_rx":12, "r2n_latency":24, "lqi":100, "rssi":-81, "server_sent":258, "server_received":504, "server_bytes_rx":60, "n2r_latency":64, "hops":0, "rtt_latency":397, "root_time_now":2601060}
[Mote:3] Sensor IPv6 = fe80::203:3:3:3
[Mote:1] {"node":"fd00::203:3:3:3", "cpu_energy_mj":18, "lpm_energy_mj":0, "radio_tx_energy_mj":0, "radio_rx_energy_mj":8, "node_time":2607558, "total_sent":251, "total_received":256, "bytes_tx":60, "bytes_rx":12, "r2n_latency":864, "lqi":100, "rssi":-91, "server_sent":256, "server_received":507, "server_bytes_rx":60, "n2r_latency":82, "hops":1, "rtt_latency":502, "root_time_now":2607640}
[Mote:2] Sensor IPv6 = fe80::202:2:2:2
[Mote:1] {"node":"fd00::202:2:2:2", "cpu_energy_mj":18, "lpm_energy_mj":0, "radio_tx_energy_mj":0, "radio_rx_energy_mj":8, "node_time":2611527, "total_sent":247, "total_received":259, "bytes_tx":60, "bytes_rx":12, "r2n_latency":34, "lqi":100, "rssi":-81, "server_sent":259, "server_received":506, "server_bytes_rx":60, "n2r_latency":33, "hops":0, "rtt_latency":87, "root_time_now":2611560}
[Mote:3] Sensor IPv6 = fe80::203:3:3:3
[Mote:1] {"node":"fd00::203:3:3:3", "cpu_energy_mj":18, "lpm_energy_mj":0, "radio_tx_energy_mj":0, "radio_rx_energy_mj":8, "node_time":2617824, "total_sent":252, "total_received":257, "bytes_tx":60, "bytes_rx":12, "r2n_latency":454, "lqi":100, "rssi":-91, "server_sent":257, "server_received":509, "server_bytes_rx":60, "n2r_latency":106, "hops":1, "rtt_latency":297, "root_time_now":2617930}
[Mote:2] Sensor IPv6 = fe80::202:2:2:2
[Mote:1] {"node":"fd00::202:2:2:2", "cpu_energy_mj":18, "lpm_energy_mj":0, "radio_tx_energy_mj":0, "radio_rx_energy_mj":8, "node_time":2622059, "total_sent":248, "total_received":260, "bytes_tx":60, "bytes_rx":12, "r2n_latency":44, "lqi":100, "rssi":-81, "server_sent":260, "server_received":508, "server_bytes_rx":60, "n2r_latency":71, "hops":0, "rtt_latency":127, "root_time_now":2622130}
[Mote:3] Sensor IPv6 = fe80::203:3:3:3
[Mote:1] {"node":"fd00::203:3:3:3", "cpu_energy_mj":18, "lpm_energy_mj":0, "radio_tx_energy_mj":0, "radio_rx_energy_mj":8, "node_time":2628088, "total_sent":253, "total_received":258, "bytes_tx":60, "bytes_rx":12, "r2n_latency":324, "lqi":100, "rssi":-91, "server_sent":258, "server_received":511, "server_bytes_rx":60, "n2r_latency":132, "hops":1, "rtt_latency":232, "root_time_now":2628220}
[Mote:2] Sensor IPv6 = fe80::202:2:2:2
[Mote:1] {"node":"fd00::202:2:2:2", "cpu_energy_mj":18, "lpm_energy_mj":0, "radio_tx_energy_mj":0, "radio_rx_energy_mj":8, "node_time":2632589, "total_sent":249, "total_received":261, "bytes_tx":60, "bytes_rx":12, "r2n_latency":54, "lqi":100, "rssi":-81, "server_sent":261, "server_received":510, "server_bytes_rx":60, "n2r_latency":41, "hops":0, "rtt_latency":622, "root_time_now":2632630}
[Mote:3] Sensor IPv6 = fe80::203:3:3:3
[Mote:1] {"node":"fd00::203:3:3:3", "cpu_energy_mj":18, "lpm_energy_mj":0, "radio_tx_energy_mj":0, "radio_rx_energy_mj":8, "node_time":2638352, "total_sent":254, "total_received":259, "bytes_tx":60, "bytes_rx":12, "r2n_latency":1594, "lqi":100, "rssi":-91, "server_sent":259, "server_received":513, "server_bytes_rx":60, "n2r_latency":88, "hops":1, "rtt_latency":867, "root_time_now":2638440}
[Mote:2] Sensor IPv6 = fe80::202:2:2:2
[Mote:1] {"node":"fd00::202:2:2:2", "cpu_energy_mj":18, "lpm_energy_mj":0, "radio_tx_energy_mj":0, "radio_rx_energy_mj":8, "node_time":2643120, "total_sent":250, "total_received":262, "bytes_tx":60, "bytes_rx":12, "r2n_latency":64, "lqi":100, "rssi":-81, "server_sent":262, "server_received":512, "server_bytes_rx":60, "n2r_latency":10, "hops":0, "rtt_latency":277, "root_time_now":2643130}
[Mote:3] Sensor IPv6 = fe80::203:3:3:3
[Mote:1] {"node":"fd00::203:3:3:3", "cpu_energy_mj":18, "lpm_energy_mj":0, "radio_tx_energy_mj":0, "radio_rx_energy_mj":8, "node_time":2648614, "total_sent":255, "total_received":260, "bytes_tx":60, "bytes_rx":12, "r2n_latency":344, "lqi":100, "rssi":-91, "server_sent":260, "server_received":515, "server_bytes_rx":60, "n2r_latency":116, "hops":1, "rtt_latency":312, "root_time_now":2648730}
[Mote:2] Sensor IPv6 = fe80::202:2:2:2
[Mote:1] {"node":"fd00::202:2:2:2", "cpu_energy_mj":18, "lpm_energy_mj":0, "radio_tx_energy_mj":0, "radio_rx_energy_mj":8, "node_time":2653651, "total_sent":251, "total_received":263, "bytes_tx":60, "bytes_rx":12, "r2n_latency":74, "lqi":100, "rssi":-81, "server_sent":263, "server_received":514, "server_bytes_rx":60, "n2r_latency":49, "hops":0, "rtt_latency":212, "root_time_now":2653700}
[Mote:3] Sensor IPv6 = fe80::203:3:3:3
[Mote:1] {"node":"fd00::203:3:3:3", "cpu_energy_mj":18, "lpm_energy_mj":0, "radio_tx_energy_mj":0, "radio_rx_energy_mj":8, "node_time":2658881, "total_sent":256, "total_received":261, "bytes_tx":60, "bytes_rx":12, "r2n_latency":494, "lqi":100, "rssi":-91, "server_sent":261, "server_received":517, "server_bytes_rx":60, "n2r_latency":139, "hops":1, "rtt_latency":317, "root_time_now":2659020}
[Mote:2] Sensor IPv6 = fe80::202:2:2:2
[Mote:1] {"node":"fd00::202:2:2:2", "cpu_energy_mj":18, "lpm_energy_mj":0, "radio_tx_energy_mj":0, "radio_rx_energy_mj":8, "node_time":2664182, "total_sent":252, "total_received":264, "bytes_tx":60, "bytes_rx":12, "r2n_latency":14, "lqi":100, "rssi":-81, "server_sent":264, "server_received":516, "server_bytes_rx":60, "n2r_latency":18, "hops":0, "rtt_latency":77, "root_time_now":2664200}
[Mote:3] Sensor IPv6 = fe80::203:3:3:3
[Mote:1] {"node":"fd00::203:3:3:3", "cpu_energy_mj":18, "lpm_energy_mj":0, "radio_tx_energy_mj":0, "radio_rx_energy_mj":8, "node_time":2669144, "total_sent":257, "total_received":262, "bytes_tx":60, "bytes_rx":12, "r2n_latency":434, "lqi":100, "rssi":-91, "server_sent":262, "server_received":519, "server_bytes_rx":60, "n2r_latency":96, "hops":1, "rtt_latency":287, "root_time_now":2669240}
[Mote:2] Sensor IPv6 = fe80::202:2:2:2
[Mote:1] {"node":"fd00::202:2:2:2", "cpu_energy_mj":18, "lpm_energy_mj":0, "radio_tx_energy_mj":0, "radio_rx_energy_mj":8, "node_time":2674715, "total_sent":253, "total_received":265, "bytes_tx":60, "bytes_rx":12, "r2n_latency":24, "lqi":100, "rssi":-81, "server_sent":265, "server_received":518, "server_bytes_rx":60, "n2r_latency":55, "hops":0, "rtt_latency":117, "root_time_now":2674770}
[Mote:3] Sensor IPv6 = fe80::203:3:3:3
[Mote:1] {"node":"fd00::203:3:3:3", "cpu_energy_mj":18, "lpm_energy_mj":0, "radio_tx_energy_mj":0, "radio_rx_energy_mj":8, "node_time":2679406, "total_sent":258, "total_received":263, "bytes_tx":60, "bytes_rx":12, "r2n_latency":444, "lqi":100, "rssi":-91, "server_sent":263, "server_received":521, "server_bytes_rx":60, "n2r_latency":124, "hops":1, "rtt_latency":292, "root_time_now":2679530}
[Mote:2] Sensor IPv6 = fe80::202:2:2:2
[Mote:1] {"node":"fd00::202:2:2:2", "cpu_energy_mj":18, "lpm_energy_mj":0, "radio_tx_energy_mj":0, "radio_rx_energy_mj":8, "node_time":2685244, "total_sent":254, "total_received":266, "bytes_tx":60, "bytes_rx":12, "r2n_latency":34, "lqi":100, "rssi":-81, "server_sent":266, "server_received":520, "server_bytes_rx":60, "n2r_latency":26, "hops":0, "rtt_latency":157, "root_time_now":2685270}
[Mote:3] Sensor IPv6 = fe80::203:3:3:3
[Mote:1] {"node":"fd00::203:3:3:3", "cpu_energy_mj":18, "lpm_energy_mj":0, "radio_tx_energy_mj":0, "radio_rx_energy_mj":8, "node_time":2689670, "total_sent":259, "total_received":264, "bytes_tx":60, "bytes_rx":12, "r2n_latency":804, "lqi":100, "rssi":-91, "server_sent":264, "server_received":523, "server_bytes_rx":60, "n2r_latency":80, "hops":1, "rtt_latency":472, "root_time_now":2689750}
[Mote:2] Sensor IPv6 = fe80::202:2:2:2
[Mote:1] {"node":"fd00::202:2:2:2", "cpu_energy_mj":18, "lpm_energy_mj":0, "radio_tx_energy_mj":0, "radio_rx_energy_mj":8, "node_time":2695775, "total_sent":255, "total_received":267, "bytes_tx":60, "bytes_rx":12, "r2n_latency":44, "lqi":100, "rssi":-81, "server_sent":267, "server_received":522, "server_bytes_rx":60, "n2r_latency":65, "hops":0, "rtt_latency":162, "root_time_now":2695840}
[Mote:3] Sensor IPv6 = fe80::203:3:3:3
[Mote:1] {"node":"fd00::203:3:3:3", "cpu_energy_mj":18, "lpm_energy_mj":0, "radio_tx_energy_mj":0, "radio_rx_energy_mj":8, "node_time":2699936, "total_sent":260, "total_received":265, "bytes_tx":60, "bytes_rx":12, "r2n_latency":394, "lqi":100, "rssi":-91, "server_sent":266, "server_received":525, "server_bytes_rx":60, "n2r_latency":174, "hops":1, "rtt_latency":267, "root_time_now":2700110}
[Mote:2] Sensor IPv6 = fe80::202:2:2:2
[Mote:1] {"node":"fd00::202:2:2:2", "cpu_energy_mj":18, "lpm_energy_mj":0, "radio_tx_energy_mj":0, "radio_rx_energy_mj":8, "node_time":2706308, "total_sent":256, "total_received":268, "bytes_tx":60, "bytes_rx":12, "r2n_latency":264, "lqi":100, "rssi":-81, "server_sent":268, "server_received":524, "server_bytes_rx":60, "n2r_latency":32, "hops":0, "rtt_latency":307, "root_time_now":2706340}
[Mote:3] Sensor IPv6 = fe80::203:3:3:3
[Mote:1] {"node":"fd00::203:3:3:3", "cpu_energy_mj":18, "lpm_energy_mj":0, "radio_tx_energy_mj":0, "radio_rx_energy_mj":8, "node_time":2710200, "total_sent":261, "total_received":266, "bytes_tx":60, "bytes_rx":12, "r2n_latency":474, "lqi":100, "rssi":-91, "server_sent":267, "server_received":527, "server_bytes_rx":60, "n2r_latency":340, "hops":1, "rtt_latency":342, "root_time_now":2710540}
[Mote:2] Sensor IPv6 = fe80::202:2:2:2
[Mote:1] {"node":"fd00::202:2:2:2", "cpu_energy_mj":18, "lpm_energy_mj":0, "radio_tx_energy_mj":0, "radio_rx_energy_mj":8, "node_time":2716841, "total_sent":257, "total_received":269, "bytes_tx":60, "bytes_rx":12, "r2n_latency":64, "lqi":100, "rssi":-81, "server_sent":269, "server_received":526, "server_bytes_rx":60, "n2r_latency":69, "hops":0, "rtt_latency":102, "root_time_now":2716910}
[Mote:3] Sensor IPv6 = fe80::203:3:3:3
[Mote:1] {"node":"fd00::203:3:3:3", "cpu_energy_mj":18, "lpm_energy_mj":0, "radio_tx_energy_mj":0, "radio_rx_energy_mj":8, "node_time":2720462, "total_sent":262, "total_received":268, "bytes_tx":60, "bytes_rx":12, "r2n_latency":424, "lqi":100, "rssi":-91, "server_sent":268, "server_received":530, "server_bytes_rx":60, "n2r_latency":438, "hops":1, "rtt_latency":422, "root_time_now":2720900}
[Mote:2] Sensor IPv6 = fe80::202:2:2:2
[Mote:1] {"node":"fd00::202:2:2:2", "cpu_energy_mj":18, "lpm_energy_mj":0, "radio_tx_energy_mj":0, "radio_rx_energy_mj":8, "node_time":2727366, "total_sent":258, "total_received":270, "bytes_tx":60, "bytes_rx":12, "r2n_latency":74, "lqi":100, "rssi":-81, "server_sent":270, "server_received":528, "server_bytes_rx":60, "n2r_latency":44, "hops":0, "rtt_latency":177, "root_time_now":2727410}
[Mote:3] Sensor IPv6 = fe80::203:3:3:3
[Mote:1] {"node":"fd00::203:3:3:3", "cpu_energy_mj":18, "lpm_energy_mj":0, "radio_tx_energy_mj":0, "radio_rx_energy_mj":8, "node_time":2730726, "total_sent":263, "total_received":269, "bytes_tx":60, "bytes_rx":12, "r2n_latency":714, "lqi":100, "rssi":-91, "server_sent":269, "server_received":532, "server_bytes_rx":60, "n2r_latency":884, "hops":1, "rtt_latency":777, "root_time_now":2731610}
[Mote:2] Sensor IPv6 = fe80::202:2:2:2
[Mote:1] {"node":"fd00::202:2:2:2", "cpu_energy_mj":18, "lpm_energy_mj":0, "radio_tx_energy_mj":0, "radio_rx_energy_mj":8, "node_time":2737897, "total_sent":259, "total_received":271, "bytes_tx":60, "bytes_rx":12, "r2n_latency":14, "lqi":100, "rssi":-81, "server_sent":271, "server_received":530, "server_bytes_rx":60, "n2r_latency":13, "hops":0, "rtt_latency":742, "root_time_now":2737910}
[Mote:3] Sensor IPv6 = fe80::203:3:3:3
[Mote:1] {"node":"fd00::203:3:3:3", "cpu_energy_mj":18, "lpm_energy_mj":0, "radio_tx_energy_mj":0, "radio_rx_energy_mj":8, "node_time":2740990, "total_sent":264, "total_received":270, "bytes_tx":60, "bytes_rx":12, "r2n_latency":304, "lqi":100, "rssi":-91, "server_sent":270, "server_received":534, "server_bytes_rx":60, "n2r_latency":140, "hops":1, "rtt_latency":502, "root_time_now":2741130}
[Mote:2] Sensor IPv6 = fe80::202:2:2:2
[Mote:1] {"node":"fd00::202:2:2:2", "cpu_energy_mj":18, "lpm_energy_mj":0, "radio_tx_energy_mj":0, "radio_rx_energy_mj":8, "node_time":2748432, "total_sent":260, "total_received":272, "bytes_tx":60, "bytes_rx":12, "r2n_latency":24, "lqi":100, "rssi":-81, "server_sent":272, "server_received":532, "server_bytes_rx":60, "n2r_latency":48, "hops":0, "rtt_latency":467, "root_time_now":2748480}
[Mote:3] Sensor IPv6 = fe80::203:3:3:3
[Mote:1] {"node":"fd00::203:3:3:3", "cpu_energy_mj":18, "lpm_energy_mj":0, "radio_tx_energy_mj":0, "radio_rx_energy_mj":8, "node_time":2751254, "total_sent":265, "total_received":271, "bytes_tx":60, "bytes_rx":12, "r2n_latency":384, "lqi":100, "rssi":-91, "server_sent":271, "server_received":536, "server_bytes_rx":60, "n2r_latency":166, "hops":1, "rtt_latency":262, "root_time_now":2751420}
[Mote:2] Sensor IPv6 = fe80::202:2:2:2
[Mote:1] {"node":"fd00::202:2:2:2", "cpu_energy_mj":18, "lpm_energy_mj":0, "radio_tx_energy_mj":0, "radio_rx_energy_mj":8, "node_time":2758963, "total_sent":261, "total_received":273, "bytes_tx":60, "bytes_rx":12, "r2n_latency":34, "lqi":100, "rssi":-81, "server_sent":273, "server_received":534, "server_bytes_rx":60, "n2r_latency":17, "hops":0, "rtt_latency":122, "root_time_now":2758980}
[Mote:3] Sensor IPv6 = fe80::203:3:3:3
[Mote:1] {"node":"fd00::203:3:3:3", "cpu_energy_mj":18, "lpm_energy_mj":0, "radio_tx_energy_mj":0, "radio_rx_energy_mj":8, "node_time":2761518, "total_sent":266, "total_received":272, "bytes_tx":60, "bytes_rx":12, "r2n_latency":464, "lqi":100, "rssi":-91, "server_sent":272, "server_received":538, "server_bytes_rx":60, "n2r_latency":122, "hops":1, "rtt_latency":302, "root_time_now":2761640}
[Mote:2] Sensor IPv6 = fe80::202:2:2:2
[Mote:1] {"node":"fd00::202:2:2:2", "cpu_energy_mj":18, "lpm_energy_mj":0, "radio_tx_energy_mj":0, "radio_rx_energy_mj":8, "node_time":2769494, "total_sent":262, "total_received":274, "bytes_tx":60, "bytes_rx":12, "r2n_latency":44, "lqi":100, "rssi":-81, "server_sent":274, "server_received":536, "server_bytes_rx":60, "n2r_latency":56, "hops":0, "rtt_latency":92, "root_time_now":2769550}
[Mote:3] Sensor IPv6 = fe80::203:3:3:3
[Mote:1] {"node":"fd00::203:3:3:3", "cpu_energy_mj":18, "lpm_energy_mj":0, "radio_tx_energy_mj":0, "radio_rx_energy_mj":8, "node_time":2771782, "total_sent":267, "total_received":273, "bytes_tx":60, "bytes_rx":12, "r2n_latency":1384, "lqi":100, "rssi":-91, "server_sent":273, "server_received":540, "server_bytes_rx":60, "n2r_latency":78, "hops":1, "rtt_latency":762, "root_time_now":2771860}
[Mote:2] Sensor IPv6 = fe80::202:2:2:2
[Mote:1] {"node":"fd00::202:2:2:2", "cpu_energy_mj":18, "lpm_energy_mj":0, "radio_tx_energy_mj":0, "radio_rx_energy_mj":8, "node_time":2780021, "total_sent":263, "total_received":275, "bytes_tx":60, "bytes_rx":12, "r2n_latency":54, "lqi":100, "rssi":-81, "server_sent":276, "server_received":538, "server_bytes_rx":60, "n2r_latency":1429, "hops":0, "rtt_latency":377, "root_time_now":2781450}
[Mote:3] Sensor IPv6 = fe80::203:3:3:3
[Mote:1] {"node":"fd00::203:3:3:3", "cpu_energy_mj":18, "lpm_energy_mj":0, "radio_tx_energy_mj":0, "radio_rx_energy_mj":8, "node_time":2782046, "total_sent":268, "total_received":274, "bytes_tx":60, "bytes_rx":12, "r2n_latency":834, "lqi":100, "rssi":-91, "server_sent":274, "server_received":542, "server_bytes_rx":60, "n2r_latency":104, "hops":1, "rtt_latency":802, "root_time_now":2782150}
[Mote:2] Sensor IPv6 = fe80::202:2:2:2
[Mote:1] {"node":"fd00::202:2:2:2", "cpu_energy_mj":18, "lpm_energy_mj":0, "radio_tx_energy_mj":0, "radio_rx_energy_mj":8, "node_time":2790554, "total_sent":264, "total_received":277, "bytes_tx":60, "bytes_rx":12, "r2n_latency":74, "lqi":100, "rssi":-81, "server_sent":277, "server_received":541, "server_bytes_rx":60, "n2r_latency":136, "hops":0, "rtt_latency":317, "root_time_now":2790690}
[Mote:3] Sensor IPv6 = fe80::203:3:3:3
[Mote:1] {"node":"fd00::203:3:3:3", "cpu_energy_mj":18, "lpm_energy_mj":0, "radio_tx_energy_mj":0, "radio_rx_energy_mj":8, "node_time":2792310, "total_sent":269, "total_received":275, "bytes_tx":60, "bytes_rx":12, "r2n_latency":1404, "lqi":100, "rssi":-91, "server_sent":275, "server_received":544, "server_bytes_rx":60, "n2r_latency":130, "hops":1, "rtt_latency":772, "root_time_now":2792440}
[Mote:2] Sensor IPv6 = fe80::202:2:2:2
[Mote:1] {"node":"fd00::202:2:2:2", "cpu_energy_mj":18, "lpm_energy_mj":0, "radio_tx_energy_mj":0, "radio_rx_energy_mj":8, "node_time":2801085, "total_sent":265, "total_received":278, "bytes_tx":60, "bytes_rx":12, "r2n_latency":14, "lqi":100, "rssi":-81, "server_sent":278, "server_received":543, "server_bytes_rx":60, "n2r_latency":35, "hops":0, "rtt_latency":77, "root_time_now":2801120}
[Mote:3] Sensor IPv6 = fe80::203:3:3:3
[Mote:1] {"node":"fd00::203:3:3:3", "cpu_energy_mj":18, "lpm_energy_mj":0, "radio_tx_energy_mj":0, "radio_rx_energy_mj":8, "node_time":2802574, "total_sent":270, "total_received":276, "bytes_tx":60, "bytes_rx":12, "r2n_latency":294, "lqi":100, "rssi":-91, "server_sent":276, "server_received":546, "server_bytes_rx":60, "n2r_latency":86, "hops":1, "rtt_latency":217, "root_time_now":2802660}
[Mote:2] Sensor IPv6 = fe80::202:2:2:2
[Mote:1] {"node":"fd00::202:2:2:2", "cpu_energy_mj":18, "lpm_energy_mj":0, "radio_tx_energy_mj":0, "radio_rx_energy_mj":8, "node_time":2811616, "total_sent":266, "total_received":279, "bytes_tx":60, "bytes_rx":12, "r2n_latency":24, "lqi":100, "rssi":-81, "server_sent":279, "server_received":545, "server_bytes_rx":60, "n2r_latency":74, "hops":0, "rtt_latency":187, "root_time_now":2811690}
[Mote:3] Sensor IPv6 = fe80::203:3:3:3
[Mote:1] {"node":"fd00::203:3:3:3", "cpu_energy_mj":18, "lpm_energy_mj":0, "radio_tx_energy_mj":0, "radio_rx_energy_mj":8, "node_time":2812838, "total_sent":271, "total_received":277, "bytes_tx":60, "bytes_rx":12, "r2n_latency":444, "lqi":100, "rssi":-91, "server_sent":277, "server_received":548, "server_bytes_rx":60, "n2r_latency":112, "hops":1, "rtt_latency":292, "root_time_now":2812950}
[Mote:2] Sensor IPv6 = fe80::202:2:2:2
[Mote:1] {"node":"fd00::202:2:2:2", "cpu_energy_mj":18, "lpm_energy_mj":0, "radio_tx_energy_mj":0, "radio_rx_energy_mj":8, "node_time":2822149, "total_sent":267, "total_received":280, "bytes_tx":60, "bytes_rx":12, "r2n_latency":34, "lqi":100, "rssi":-81, "server_sent":280, "server_received":547, "server_bytes_rx":60, "n2r_latency":41, "hops":0, "rtt_latency":192, "root_time_now":2822190}
[Mote:3] Sensor IPv6 = fe80::203:3:3:3
[Mote:1] {"node":"fd00::203:3:3:3", "cpu_energy_mj":18, "lpm_energy_mj":0, "radio_tx_energy_mj":0, "radio_rx_energy_mj":8, "node_time":2823104, "total_sent":272, "total_received":278, "bytes_tx":60, "bytes_rx":12, "r2n_latency":244, "lqi":100, "rssi":-91, "server_sent":278, "server_received":550, "server_bytes_rx":60, "n2r_latency":136, "hops":1, "rtt_latency":227, "root_time_now":2823240}
[Mote:2] Sensor IPv6 = fe80::202:2:2:2
[Mote:1] {"node":"fd00::202:2:2:2", "cpu_energy_mj":18, "lpm_energy_mj":0, "radio_tx_energy_mj":0, "radio_rx_energy_mj":8, "node_time":2832678, "total_sent":268, "total_received":281, "bytes_tx":60, "bytes_rx":12, "r2n_latency":44, "lqi":100, "rssi":-81, "server_sent":281, "server_received":549, "server_bytes_rx":60, "n2r_latency":12, "hops":0, "rtt_latency":162, "root_time_now":2832690}
[Mote:3] Sensor IPv6 = fe80::203:3:3:3
[Mote:1] {"node":"fd00::203:3:3:3", "cpu_energy_mj":18, "lpm_energy_mj":0, "radio_tx_energy_mj":0, "radio_rx_energy_mj":8, "node_time":2833366, "total_sent":273, "total_received":279, "bytes_tx":60, "bytes_rx":12, "r2n_latency":394, "lqi":100, "rssi":-91, "server_sent":279, "server_received":552, "server_bytes_rx":60, "n2r_latency":94, "hops":1, "rtt_latency":267, "root_time_now":2833460}
[Mote:2] Sensor IPv6 = fe80::202:2:2:2
[Mote:1] {"node":"fd00::202:2:2:2", "cpu_energy_mj":18, "lpm_energy_mj":0, "radio_tx_energy_mj":0, "radio_rx_energy_mj":8, "node_time":2843209, "total_sent":269, "total_received":282, "bytes_tx":60, "bytes_rx":12, "r2n_latency":54, "lqi":100, "rssi":-81, "server_sent":282, "server_received":551, "server_bytes_rx":60, "n2r_latency":51, "hops":0, "rtt_latency":132, "root_time_now":2843260}
[Mote:3] Sensor IPv6 = fe80::203:3:3:3
[Mote:1] {"node":"fd00::203:3:3:3", "cpu_energy_mj":18, "lpm_energy_mj":0, "radio_tx_energy_mj":0, "radio_rx_energy_mj":8, "node_time":2843630, "total_sent":274, "total_received":280, "bytes_tx":60, "bytes_rx":12, "r2n_latency":474, "lqi":100, "rssi":-91, "server_sent":280, "server_received":554, "server_bytes_rx":60, "n2r_latency":120, "hops":1, "rtt_latency":307, "root_time_now":2843750}
[Mote:2] Sensor IPv6 = fe80::202:2:2:2
[Mote:1] {"node":"fd00::202:2:2:2", "cpu_energy_mj":18, "lpm_energy_mj":0, "radio_tx_energy_mj":0, "radio_rx_energy_mj":8, "node_time":2853740, "total_sent":270, "total_received":283, "bytes_tx":60, "bytes_rx":12, "r2n_latency":64, "lqi":100, "rssi":-81, "server_sent":283, "server_received":553, "server_bytes_rx":60, "n2r_latency":20, "hops":0, "rtt_latency":102, "root_time_now":2853760}
[Mote:3] Sensor IPv6 = fe80::203:3:3:3
[Mote:1] {"node":"fd00::203:3:3:3", "cpu_energy_mj":18, "lpm_energy_mj":0, "radio_tx_energy_mj":0, "radio_rx_energy_mj":8, "node_time":2853896, "total_sent":275, "total_received":281, "bytes_tx":60, "bytes_rx":12, "r2n_latency":344, "lqi":100, "rssi":-91, "server_sent":281, "server_received":556, "server_bytes_rx":60, "n2r_latency":74, "hops":1, "rtt_latency":242, "root_time_now":2853970}
[Mote:3] Sensor IPv6 = fe80::203:3:3:3
[Mote:1] {"node":"fd00::203:3:3:3", "cpu_energy_mj":18, "lpm_energy_mj":0, "radio_tx_energy_mj":0, "radio_rx_energy_mj":8, "node_time":2864158, "total_sent":276, "total_received":282, "bytes_tx":60, "bytes_rx":12, "r2n_latency":494, "lqi":100, "rssi":-91, "server_sent":282, "server_received":558, "server_bytes_rx":60, "n2r_latency":102, "hops":1, "rtt_latency":317, "root_time_now":2864260}
[Mote:2] Sensor IPv6 = fe80::202:2:2:2
[Mote:1] {"node":"fd00::202:2:2:2", "cpu_energy_mj":18, "lpm_energy_mj":0, "radio_tx_energy_mj":0, "radio_rx_energy_mj":8, "node_time":2864269, "total_sent":271, "total_received":284, "bytes_tx":60, "bytes_rx":12, "r2n_latency":74, "lqi":100, "rssi":-81, "server_sent":284, "server_received":555, "server_bytes_rx":60, "n2r_latency":61, "hops":0, "rtt_latency":212, "root_time_now":2864330}
[Mote:3] Sensor IPv6 = fe80::203:3:3:3
[Mote:1] {"node":"fd00::203:3:3:3", "cpu_energy_mj":18, "lpm_energy_mj":0, "radio_tx_energy_mj":0, "radio_rx_energy_mj":8, "node_time":2874422, "total_sent":277, "total_received":283, "bytes_tx":60, "bytes_rx":12, "r2n_latency":434, "lqi":100, "rssi":-91, "server_sent":283, "server_received":560, "server_bytes_rx":60, "n2r_latency":128, "hops":1, "rtt_latency":287, "root_time_now":2874550}
[Mote:2] Sensor IPv6 = fe80::202:2:2:2
[Mote:1] {"node":"fd00::202:2:2:2", "cpu_energy_mj":18, "lpm_energy_mj":0, "radio_tx_energy_mj":0, "radio_rx_energy_mj":8, "node_time":2874800, "total_sent":272, "total_received":285, "bytes_tx":60, "bytes_rx":12, "r2n_latency":14, "lqi":100, "rssi":-81, "server_sent":285, "server_received":557, "server_bytes_rx":60, "n2r_latency":30, "hops":0, "rtt_latency":182, "root_time_now":2874830}
[Mote:3] Sensor IPv6 = fe80::203:3:3:3
[Mote:1] {"node":"fd00::203:3:3:3", "cpu_energy_mj":18, "lpm_energy_mj":0, "radio_tx_energy_mj":0, "radio_rx_energy_mj":8, "node_time":2884686, "total_sent":278, "total_received":284, "bytes_tx":60, "bytes_rx":12, "r2n_latency":444, "lqi":100, "rssi":-91, "server_sent":284, "server_received":562, "server_bytes_rx":60, "n2r_latency":84, "hops":1, "rtt_latency":292, "root_time_now":2884770}
[Mote:2] Sensor IPv6 = fe80::202:2:2:2
[Mote:1] {"node":"fd00::202:2:2:2", "cpu_energy_mj":18, "lpm_energy_mj":0, "radio_tx_energy_mj":0, "radio_rx_energy_mj":8, "node_time":2885331, "total_sent":273, "total_received":286, "bytes_tx":60, "bytes_rx":12, "r2n_latency":24, "lqi":100, "rssi":-81, "server_sent":286, "server_received":559, "server_bytes_rx":60, "n2r_latency":69, "hops":0, "rtt_latency":187, "root_time_now":2885400}
[Mote:3] Sensor IPv6 = fe80::203:3:3:3
[Mote:1] {"node":"fd00::203:3:3:3", "cpu_energy_mj":18, "lpm_energy_mj":0, "radio_tx_energy_mj":0, "radio_rx_energy_mj":8, "node_time":2894950, "total_sent":279, "total_received":285, "bytes_tx":60, "bytes_rx":12, "r2n_latency":1084, "lqi":100, "rssi":-91, "server_sent":285, "server_received":564, "server_bytes_rx":60, "n2r_latency":110, "hops":1, "rtt_latency":612, "root_time_now":2895060}
[Mote:2] Sensor IPv6 = fe80::202:2:2:2
[Mote:1] {"node":"fd00::202:2:2:2", "cpu_energy_mj":18, "lpm_energy_mj":0, "radio_tx_energy_mj":0, "radio_rx_energy_mj":8, "node_time":2895862, "total_sent":274, "total_received":287, "bytes_tx":60, "bytes_rx":12, "r2n_latency":34, "lqi":100, "rssi":-81, "server_sent":287, "server_received":561, "server_bytes_rx":60, "n2r_latency":38, "hops":0, "rtt_latency":332, "root_time_now":2895900}
[Mote:3] Sensor IPv6 = fe80::203:3:3:3
[Mote:1] {"node":"fd00::203:3:3:3", "cpu_energy_mj":18, "lpm_energy_mj":0, "radio_tx_energy_mj":0, "radio_rx_energy_mj":8, "node_time":2905216, "total_sent":280, "total_received":286, "bytes_tx":60, "bytes_rx":12, "r2n_latency":464, "lqi":100, "rssi":-91, "server_sent":286, "server_received":566, "server_bytes_rx":60, "n2r_latency":134, "hops":1, "rtt_latency":302, "root_time_now":2905350}
[Mote:2] Sensor IPv6 = fe80::202:2:2:2
[Mote:1] {"node":"fd00::202:2:2:2", "cpu_energy_mj":18, "lpm_energy_mj":0, "radio_tx_energy_mj":0, "radio_rx_energy_mj":8, "node_time":2906393, "total_sent":275, "total_received":288, "bytes_tx":60, "bytes_rx":12, "r2n_latency":44, "lqi":100, "rssi":-81, "server_sent":288, "server_received":563, "server_bytes_rx":60, "n2r_latency":77, "hops":0, "rtt_latency":162, "root_time_now":2906470}
[Mote:3] Sensor IPv6 = fe80::203:3:3:3
[Mote:1] {"node":"fd00::203:3:3:3", "cpu_energy_mj":18, "lpm_energy_mj":0, "radio_tx_energy_mj":0, "radio_rx_energy_mj":8, "node_time":2915478, "total_sent":281, "total_received":287, "bytes_tx":60, "bytes_rx":12, "r2n_latency":1244, "lqi":100, "rssi":-91, "server_sent":287, "server_received":568, "server_bytes_rx":60, "n2r_latency":92, "hops":1, "rtt_latency":692, "root_time_now":2915570}
[Mote:2] Sensor IPv6 = fe80::202:2:2:2
[Mote:1] {"node":"fd00::202:2:2:2", "cpu_energy_mj":18, "lpm_energy_mj":0, "radio_tx_energy_mj":0, "radio_rx_energy_mj":8, "node_time":2916928, "total_sent":276, "total_received":289, "bytes_tx":60, "bytes_rx":12, "r2n_latency":54, "lqi":100, "rssi":-81, "server_sent":289, "server_received":565, "server_bytes_rx":60, "n2r_latency":42, "hops":0, "rtt_latency":237, "root_time_now":2916970}
[Mote:3] Sensor IPv6 = fe80::203:3:3:3
[Mote:1] {"node":"fd00::203:3:3:3", "cpu_energy_mj":18, "lpm_energy_mj":0, "radio_tx_energy_mj":0, "radio_rx_energy_mj":8, "node_time":2925742, "total_sent":282, "total_received":288, "bytes_tx":60, "bytes_rx":12, "r2n_latency":694, "lqi":100, "rssi":-91, "server_sent":288, "server_received":570, "server_bytes_rx":60, "n2r_latency":118, "hops":1, "rtt_latency":452, "root_time_now":2925860}
[Mote:2] Sensor IPv6 = fe80::202:2:2:2
[Mote:1] {"node":"fd00::202:2:2:2", "cpu_energy_mj":18, "lpm_energy_mj":0, "radio_tx_energy_mj":0, "radio_rx_energy_mj":8, "node_time":2927455, "total_sent":277, "total_received":290, "bytes_tx":60, "bytes_rx":12, "r2n_latency":64, "lqi":100, "rssi":-81, "server_sent":290, "server_received":567, "server_bytes_rx":60, "n2r_latency":15, "hops":0, "rtt_latency":417, "root_time_now":2927470}
[Mote:3] Sensor IPv6 = fe80::203:3:3:3
[Mote:1] {"node":"fd00::203:3:3:3", "cpu_energy_mj":18, "lpm_energy_mj":0, "radio_tx_energy_mj":0, "radio_rx_energy_mj":8, "node_time":2936008, "total_sent":283, "total_received":289, "bytes_tx":60, "bytes_rx":12, "r2n_latency":494, "lqi":100, "rssi":-91, "server_sent":289, "server_received":572, "server_bytes_rx":60, "n2r_latency":142, "hops":1, "rtt_latency":317, "root_time_now":2936150}
[Mote:2] Sensor IPv6 = fe80::202:2:2:2
[Mote:1] {"node":"fd00::202:2:2:2", "cpu_energy_mj":18, "lpm_energy_mj":0, "radio_tx_energy_mj":0, "radio_rx_energy_mj":8, "node_time":2937986, "total_sent":278, "total_received":291, "bytes_tx":60, "bytes_rx":12, "r2n_latency":74, "lqi":100, "rssi":-81, "server_sent":291, "server_received":569, "server_bytes_rx":60, "n2r_latency":54, "hops":0, "rtt_latency":107, "root_time_now":2938040}
[Mote:3] Sensor IPv6 = fe80::203:3:3:3
[Mote:1] {"node":"fd00::203:3:3:3", "cpu_energy_mj":18, "lpm_energy_mj":0, "radio_tx_energy_mj":0, "radio_rx_energy_mj":8, "node_time":2946270, "total_sent":284, "total_received":290, "bytes_tx":60, "bytes_rx":12, "r2n_latency":434, "lqi":100, "rssi":-91, "server_sent":290, "server_received":574, "server_bytes_rx":60, "n2r_latency":100, "hops":1, "rtt_latency":287, "root_time_now":2946370}
[Mote:2] Sensor IPv6 = fe80::202:2:2:2
[Mote:1] {"node":"fd00::202:2:2:2", "cpu_energy_mj":18, "lpm_energy_mj":0, "radio_tx_energy_mj":0, "radio_rx_energy_mj":8, "node_time":2948517, "total_sent":279, "total_received":292, "bytes_tx":60, "bytes_rx":12, "r2n_latency":14, "lqi":100, "rssi":-81, "server_sent":292, "server_received":571, "server_bytes_rx":60, "n2r_latency":23, "hops":0, "rtt_latency":182, "root_time_now":2948540}
[Mote:3] Sensor IPv6 = fe80::203:3:3:3
[Mote:1] {"node":"fd00::203:3:3:3", "cpu_energy_mj":18, "lpm_energy_mj":0, "radio_tx_energy_mj":0, "radio_rx_energy_mj":8, "node_time":2956534, "total_sent":285, "total_received":291, "bytes_tx":60, "bytes_rx":12, "r2n_latency":444, "lqi":100, "rssi":-91, "server_sent":291, "server_received":576, "server_bytes_rx":60, "n2r_latency":126, "hops":1, "rtt_latency":292, "root_time_now":2956660}
[Mote:2] Sensor IPv6 = fe80::202:2:2:2
[Mote:1] {"node":"fd00::202:2:2:2", "cpu_energy_mj":18, "lpm_energy_mj":0, "radio_tx_energy_mj":0, "radio_rx_energy_mj":8, "node_time":2959052, "total_sent":280, "total_received":293, "bytes_tx":60, "bytes_rx":12, "r2n_latency":24, "lqi":100, "rssi":-81, "server_sent":293, "server_received":573, "server_bytes_rx":60, "n2r_latency":58, "hops":0, "rtt_latency":187, "root_time_now":2959110}
[Mote:3] Sensor IPv6 = fe80::203:3:3:3
[Mote:1] {"node":"fd00::203:3:3:3", "cpu_energy_mj":18, "lpm_energy_mj":0, "radio_tx_energy_mj":0, "radio_rx_energy_mj":8, "node_time":2966800, "total_sent":286, "total_received":292, "bytes_tx":60, "bytes_rx":12, "r2n_latency":244, "lqi":100, "rssi":-91, "server_sent":292, "server_received":578, "server_bytes_rx":60, "n2r_latency":80, "hops":1, "rtt_latency":227, "root_time_now":2966880}
[Mote:2] Sensor IPv6 = fe80::202:2:2:2
[Mote:1] {"node":"fd00::202:2:2:2", "cpu_energy_mj":18, "lpm_energy_mj":0, "radio_tx_energy_mj":0, "radio_rx_energy_mj":8, "node_time":2969579, "total_sent":281, "total_received":294, "bytes_tx":60, "bytes_rx":12, "r2n_latency":34, "lqi":100, "rssi":-81, "server_sent":294, "server_received":575, "server_bytes_rx":60, "n2r_latency":31, "hops":0, "rtt_latency":192, "root_time_now":2969610}
[Mote:3] Sensor IPv6 = fe80::203:3:3:3
[Mote:1] {"node":"fd00::203:3:3:3", "cpu_energy_mj":18, "lpm_energy_mj":0, "radio_tx_energy_mj":0, "radio_rx_energy_mj":8, "node_time":2977062, "total_sent":287, "total_received":293, "bytes_tx":60, "bytes_rx":12, "r2n_latency":394, "lqi":100, "rssi":-91, "server_sent":293, "server_received":580, "server_bytes_rx":60, "n2r_latency":108, "hops":1, "rtt_latency":267, "root_time_now":2977170}
[Mote:2] Sensor IPv6 = fe80::202:2:2:2
[Mote:1] {"node":"fd00::202:2:2:2", "cpu_energy_mj":18, "lpm_energy_mj":0, "radio_tx_energy_mj":0, "radio_rx_energy_mj":8, "node_time":2980112, "total_sent":282, "total_received":296, "bytes_tx":60, "bytes_rx":12, "r2n_latency":54, "lqi":100, "rssi":-81, "server_sent":296, "server_received":578, "server_bytes_rx":60, "n2r_latency":138, "hops":0, "rtt_latency":97, "root_time_now":2980250}
[Mote:3] Sensor IPv6 = fe80::203:3:3:3
[Mote:1] {"node":"fd00::203:3:3:3", "cpu_energy_mj":18, "lpm_energy_mj":0, "radio_tx_energy_mj":0, "radio_rx_energy_mj":8, "node_time":2987326, "total_sent":288, "total_received":294, "bytes_tx":60, "bytes_rx":12, "r2n_latency":474, "lqi":100, "rssi":-91, "server_sent":294, "server_received":582, "server_bytes_rx":60, "n2r_latency":134, "hops":1, "rtt_latency":307, "root_time_now":2987460}
[Mote:2] Sensor IPv6 = fe80::202:2:2:2
[Mote:1] {"node":"fd00::202:2:2:2", "cpu_energy_mj":18, "lpm_energy_mj":0, "radio_tx_energy_mj":0, "radio_rx_energy_mj":8, "node_time":2990643, "total_sent":283, "total_received":297, "bytes_tx":60, "bytes_rx":12, "r2n_latency":64, "lqi":100, "rssi":-81, "server_sent":297, "server_received":580, "server_bytes_rx":60, "n2r_latency":107, "hops":0, "rtt_latency":207, "root_time_now":2990750}
[Mote:3] Sensor IPv6 = fe80::203:3:3:3
[Mote:1] {"node":"fd00::203:3:3:3", "cpu_energy_mj":18, "lpm_energy_mj":0, "radio_tx_energy_mj":0, "radio_rx_energy_mj":8, "node_time":2997592, "total_sent":289, "total_received":295, "bytes_tx":60, "bytes_rx":12, "r2n_latency":554, "lqi":100, "rssi":-91, "server_sent":295, "server_received":584, "server_bytes_rx":60, "n2r_latency":88, "hops":1, "rtt_latency":347, "root_time_now":2997680}
[Mote:2] Sensor IPv6 = fe80::202:2:2:2
[Mote:1] {"node":"fd00::202:2:2:2", "cpu_energy_mj":18, "lpm_energy_mj":0, "radio_tx_energy_mj":0, "radio_rx_energy_mj":8, "node_time":3001174, "total_sent":284, "total_received":298, "bytes_tx":60, "bytes_rx":12, "r2n_latency":74, "lqi":100, "rssi":-81, "server_sent":298, "server_received":582, "server_bytes_rx":60, "n2r_latency":6, "hops":0, "rtt_latency":212, "root_time_now":3001180}
[Mote:3] Sensor IPv6 = fe80::203:3:3:3
[Mote:1] {"node":"fd00::203:3:3:3", "cpu_energy_mj":18, "lpm_energy_mj":0, "radio_tx_energy_mj":0, "radio_rx_energy_mj":8, "node_time":3007856, "total_sent":290, "total_received":296, "bytes_tx":60, "bytes_rx":12, "r2n_latency":284, "lqi":100, "rssi":-91, "server_sent":296, "server_received":586, "server_bytes_rx":60, "n2r_latency":114, "hops":1, "rtt_latency":247, "root_time_now":3007970}
[Mote:2] Sensor IPv6 = fe80::202:2:2:2
[Mote:1] {"node":"fd00::202:2:2:2", "cpu_energy_mj":18, "lpm_energy_mj":0, "radio_tx_energy_mj":0, "radio_rx_energy_mj":8, "node_time":3011707, "total_sent":285, "total_received":299, "bytes_tx":60, "bytes_rx":12, "r2n_latency":14, "lqi":100, "rssi":-81, "server_sent":299, "server_received":584, "server_bytes_rx":60, "n2r_latency":43, "hops":0, "rtt_latency":77, "root_time_now":3011750}
[Mote:3] Sensor IPv6 = fe80::203:3:3:3
[Mote:1] {"node":"fd00::203:3:3:3", "cpu_energy_mj":18, "lpm_energy_mj":0, "radio_tx_energy_mj":0, "radio_rx_energy_mj":8, "node_time":3018119, "total_sent":291, "total_received":297, "bytes_tx":60, "bytes_rx":12, "r2n_latency":294, "lqi":100, "rssi":-91, "server_sent":297, "server_received":588, "server_bytes_rx":60, "n2r_latency":141, "hops":1, "rtt_latency":217, "root_time_now":3018260}
[Mote:2] Sensor IPv6 = fe80::202:2:2:2
[Mote:1] {"node":"fd00::202:2:2:2", "cpu_energy_mj":18, "lpm_energy_mj":0, "radio_tx_energy_mj":0, "radio_rx_energy_mj":8, "node_time":3022236, "total_sent":286, "total_received":300, "bytes_tx":60, "bytes_rx":12, "r2n_latency":24, "lqi":100, "rssi":-81, "server_sent":300, "server_received":586, "server_bytes_rx":60, "n2r_latency":14, "hops":0, "rtt_latency":117, "root_time_now":3022250}
[Mote:3] Sensor IPv6 = fe80::203:3:3:3
[Mote:1] {"node":"fd00::203:3:3:3", "cpu_energy_mj":18, "lpm_energy_mj":0, "radio_tx_energy_mj":0, "radio_rx_energy_mj":8, "node_time":3028382, "total_sent":292, "total_received":298, "bytes_tx":60, "bytes_rx":12, "r2n_latency":374, "lqi":100, "rssi":-91, "server_sent":298, "server_received":590, "server_bytes_rx":60, "n2r_latency":98, "hops":1, "rtt_latency":257, "root_time_now":3028480}
[Mote:2] Sensor IPv6 = fe80::202:2:2:2
[Mote:1] {"node":"fd00::202:2:2:2", "cpu_energy_mj":18, "lpm_energy_mj":0, "radio_tx_energy_mj":0, "radio_rx_energy_mj":8, "node_time":3032767, "total_sent":287, "total_received":301, "bytes_tx":60, "bytes_rx":12, "r2n_latency":34, "lqi":100, "rssi":-81, "server_sent":301, "server_received":588, "server_bytes_rx":60, "n2r_latency":53, "hops":0, "rtt_latency":157, "root_time_now":3032820}
[Mote:3] Sensor IPv6 = fe80::203:3:3:3
[Mote:1] {"node":"fd00::203:3:3:3", "cpu_energy_mj":18, "lpm_energy_mj":0, "radio_tx_energy_mj":0, "radio_rx_energy_mj":8, "node_time":3038648, "total_sent":293, "total_received":299, "bytes_tx":60, "bytes_rx":12, "r2n_latency":384, "lqi":100, "rssi":-91, "server_sent":299, "server_received":592, "server_bytes_rx":60, "n2r_latency":122, "hops":1, "rtt_latency":262, "root_time_now":3038770}
[Mote:2] Sensor IPv6 = fe80::202:2:2:2
[Mote:1] {"node":"fd00::202:2:2:2", "cpu_energy_mj":18, "lpm_energy_mj":0, "radio_tx_energy_mj":0, "radio_rx_energy_mj":8, "node_time":3043298, "total_sent":288, "total_received":302, "bytes_tx":60, "bytes_rx":12, "r2n_latency":44, "lqi":100, "rssi":-81, "server_sent":302, "server_received":590, "server_bytes_rx":60, "n2r_latency":22, "hops":0, "rtt_latency":302, "root_time_now":3043320}
[Mote:3] Sensor IPv6 = fe80::203:3:3:3
[Mote:1] {"node":"fd00::203:3:3:3", "cpu_energy_mj":18, "lpm_energy_mj":0, "radio_tx_energy_mj":0, "radio_rx_energy_mj":8, "node_time":3048912, "total_sent":294, "total_received":300, "bytes_tx":60, "bytes_rx":12, "r2n_latency":464, "lqi":100, "rssi":-91, "server_sent":300, "server_received":594, "server_bytes_rx":60, "n2r_latency":78, "hops":1, "rtt_latency":442, "root_time_now":3048990}
[Mote:2] Sensor IPv6 = fe80::202:2:2:2
[Mote:1] {"node":"fd00::202:2:2:2", "cpu_energy_mj":18, "lpm_energy_mj":0, "radio_tx_energy_mj":0, "radio_rx_energy_mj":8, "node_time":3053831, "total_sent":289, "total_received":303, "bytes_tx":60, "bytes_rx":12, "r2n_latency":54, "lqi":100, "rssi":-81, "server_sent":303, "server_received":592, "server_bytes_rx":60, "n2r_latency":59, "hops":0, "rtt_latency":97, "root_time_now":3053890}
[Mote:3] Sensor IPv6 = fe80::203:3:3:3
[Mote:1] {"node":"fd00::203:3:3:3", "cpu_energy_mj":18, "lpm_energy_mj":0, "radio_tx_energy_mj":0, "radio_rx_energy_mj":8, "node_time":3059174, "total_sent":295, "total_received":301, "bytes_tx":60, "bytes_rx":12, "r2n_latency":474, "lqi":100, "rssi":-91, "server_sent":301, "server_received":596, "server_bytes_rx":60, "n2r_latency":106, "hops":1, "rtt_latency":307, "root_time_now":3059280}
[Mote:2] Sensor IPv6 = fe80::202:2:2:2
[Mote:1] {"node":"fd00::202:2:2:2", "cpu_energy_mj":18, "lpm_energy_mj":0, "radio_tx_energy_mj":0, "radio_rx_energy_mj":8, "node_time":3064360, "total_sent":290, "total_received":304, "bytes_tx":60, "bytes_rx":12, "r2n_latency":64, "lqi":100, "rssi":-81, "server_sent":304, "server_received":594, "server_bytes_rx":60, "n2r_latency":30, "hops":0, "rtt_latency":277, "root_time_now":3064390}
[Mote:3] Sensor IPv6 = fe80::203:3:3:3
[Mote:1] {"node":"fd00::203:3:3:3", "cpu_energy_mj":18, "lpm_energy_mj":0, "radio_tx_energy_mj":0, "radio_rx_energy_mj":8, "node_time":3069440, "total_sent":296, "total_received":302, "bytes_tx":60, "bytes_rx":12, "r2n_latency":344, "lqi":100, "rssi":-91, "server_sent":302, "server_received":598, "server_bytes_rx":60, "n2r_latency":130, "hops":1, "rtt_latency":382, "root_time_now":3069570}
[Mote:2] Sensor IPv6 = fe80::202:2:2:2
[Mote:1] {"node":"fd00::202:2:2:2", "cpu_energy_mj":18, "lpm_energy_mj":0, "radio_tx_energy_mj":0, "radio_rx_energy_mj":8, "node_time":3074891, "total_sent":291, "total_received":305, "bytes_tx":60, "bytes_rx":12, "r2n_latency":74, "lqi":100, "rssi":-81, "server_sent":305, "server_received":596, "server_bytes_rx":60, "n2r_latency":69, "hops":0, "rtt_latency":212, "root_time_now":3074960}
[Mote:3] Sensor IPv6 = fe80::203:3:3:3
[Mote:1] {"node":"fd00::203:3:3:3", "cpu_energy_mj":18, "lpm_energy_mj":0, "radio_tx_energy_mj":0, "radio_rx_energy_mj":8, "node_time":3079704, "total_sent":297, "total_received":303, "bytes_tx":60, "bytes_rx":12, "r2n_latency":284, "lqi":100, "rssi":-91, "server_sent":303, "server_received":600, "server_bytes_rx":60, "n2r_latency":86, "hops":1, "rtt_latency":247, "root_time_now":3079790}
[Mote:2] Sensor IPv6 = fe80::202:2:2:2
[Mote:1] {"node":"fd00::202:2:2:2", "cpu_energy_mj":18, "lpm_energy_mj":0, "radio_tx_energy_mj":0, "radio_rx_energy_mj":8, "node_time":3085422, "total_sent":292, "total_received":306, "bytes_tx":60, "bytes_rx":12, "r2n_latency":14, "lqi":100, "rssi":-81, "server_sent":306, "server_received":598, "server_bytes_rx":60, "n2r_latency":38, "hops":0, "rtt_latency":392, "root_time_now":3085460}
[Mote:3] Sensor IPv6 = fe80::203:3:3:3
[Mote:1] {"node":"fd00::203:3:3:3", "cpu_energy_mj":18, "lpm_energy_mj":0, "radio_tx_energy_mj":0, "radio_rx_energy_mj":8, "node_time":3089966, "total_sent":298, "total_received":304, "bytes_tx":60, "bytes_rx":12, "r2n_latency":294, "lqi":100, "rssi":-91, "server_sent":305, "server_received":602, "server_bytes_rx":60, "n2r_latency":184, "hops":1, "rtt_latency":427, "root_time_now":3090150}
[Mote:2] Sensor IPv6 = fe80::202:2:2:2
[Mote:1] {"node":"fd00::202:2:2:2", "cpu_energy_mj":18, "lpm_energy_mj":0, "radio_tx_energy_mj":0, "radio_rx_energy_mj":8, "node_time":3095955, "total_sent":293, "total_received":307, "bytes_tx":60, "bytes_rx":12, "r2n_latency":233, "lqi":100, "rssi":-81, "server_sent":307, "server_received":600, "server_bytes_rx":60, "n2r_latency":5, "hops":0, "rtt_latency":291, "root_time_now":3095960}
[Mote:3] Sensor IPv6 = fe80::203:3:3:3
[Mote:1] {"node":"fd00::203:3:3:3", "cpu_energy_mj":18, "lpm_energy_mj":0, "radio_tx_energy_mj":0, "radio_rx_energy_mj":8, "node_time":3100232, "total_sent":299, "total_received":305, "bytes_tx":60, "bytes_rx":12, "r2n_latency":443, "lqi":100, "rssi":-91, "server_sent":306, "server_received":604, "server_bytes_rx":60, "n2r_latency":2378, "hops":1, "rtt_latency":326, "root_time_now":3102610}
[Mote:2] Sensor IPv6 = fe80::202:2:2:2
[Mote:1] {"node":"fd00::202:2:2:2", "cpu_energy_mj":18, "lpm_energy_mj":0, "radio_tx_energy_mj":0, "radio_rx_energy_mj":8, "node_time":3106484, "total_sent":294, "total_received":308, "bytes_tx":60, "bytes_rx":12, "r2n_latency":34, "lqi":100, "rssi":-81, "server_sent":308, "server_received":602, "server_bytes_rx":60, "n2r_latency":46, "hops":0, "rtt_latency":1277, "root_time_now":3106530}
[Mote:3] Sensor IPv6 = fe80::203:3:3:3
[Mote:1] {"node":"fd00::203:3:3:3", "cpu_energy_mj":18, "lpm_energy_mj":0, "radio_tx_energy_mj":0, "radio_rx_energy_mj":8, "node_time":3110496, "total_sent":300, "total_received":306, "bytes_tx":60, "bytes_rx":12, "r2n_latency":944, "lqi":100, "rssi":-91, "server_sent":307, "server_received":606, "server_bytes_rx":60, "n2r_latency":1564, "hops":1, "rtt_latency":1347, "root_time_now":3112060}
[Mote:2] Sensor IPv6 = fe80::202:2:2:2
[Mote:1] {"node":"fd00::202:2:2:2", "cpu_energy_mj":18, "lpm_energy_mj":0, "radio_tx_energy_mj":0, "radio_rx_energy_mj":8, "node_time":3117015, "total_sent":295, "total_received":309, "bytes_tx":60, "bytes_rx":12, "r2n_latency":44, "lqi":100, "rssi":-81, "server_sent":309, "server_received":604, "server_bytes_rx":60, "n2r_latency":15, "hops":0, "rtt_latency":1002, "root_time_now":3117030}
[Mote:3] Sensor IPv6 = fe80::203:3:3:3
[Mote:1] {"node":"fd00::203:3:3:3", "cpu_energy_mj":18, "lpm_energy_mj":0, "radio_tx_energy_mj":0, "radio_rx_energy_mj":8, "node_time":3120758, "total_sent":301, "total_received":308, "bytes_tx":60, "bytes_rx":12, "r2n_latency":264, "lqi":100, "rssi":-91, "server_sent":308, "server_received":609, "server_bytes_rx":60, "n2r_latency":752, "hops":1, "rtt_latency":622, "root_time_now":3121510}
[Mote:2] Sensor IPv6 = fe80::202:2:2:2
[Mote:1] {"node":"fd00::202:2:2:2", "cpu_energy_mj":18, "lpm_energy_mj":0, "radio_tx_energy_mj":0, "radio_rx_energy_mj":8, "node_time":3127548, "total_sent":296, "total_received":310, "bytes_tx":60, "bytes_rx":12, "r2n_latency":54, "lqi":100, "rssi":-81, "server_sent":310, "server_received":606, "server_bytes_rx":60, "n2r_latency":52, "hops":0, "rtt_latency":587, "root_time_now":3127600}
[Mote:3] Sensor IPv6 = fe80::203:3:3:3
[Mote:1] {"node":"fd00::203:3:3:3", "cpu_energy_mj":18, "lpm_energy_mj":0, "radio_tx_energy_mj":0, "radio_rx_energy_mj":8, "node_time":3131022, "total_sent":302, "total_received":309, "bytes_tx":60, "bytes_rx":12, "r2n_latency":484, "lqi":100, "rssi":-91, "server_sent":309, "server_received":611, "server_bytes_rx":60, "n2r_latency":78, "hops":1, "rtt_latency":312, "root_time_now":3131100}
[Mote:2] Sensor IPv6 = fe80::202:2:2:2
[Mote:1] {"node":"fd00::202:2:2:2", "cpu_energy_mj":18, "lpm_energy_mj":0, "radio_tx_energy_mj":0, "radio_rx_energy_mj":8, "node_time":3138075, "total_sent":297, "total_received":311, "bytes_tx":60, "bytes_rx":12, "r2n_latency":64, "lqi":100, "rssi":-81, "server_sent":311, "server_received":608, "server_bytes_rx":60, "n2r_latency":25, "hops":0, "rtt_latency":102, "root_time_now":3138100}
[Mote:3] Sensor IPv6 = fe80::203:3:3:3
[Mote:1] {"node":"fd00::203:3:3:3", "cpu_energy_mj":18, "lpm_energy_mj":0, "radio_tx_energy_mj":0, "radio_rx_energy_mj":8, "node_time":3141286, "total_sent":303, "total_received":310, "bytes_tx":60, "bytes_rx":12, "r2n_latency":354, "lqi":100, "rssi":-91, "server_sent":310, "server_received":613, "server_bytes_rx":60, "n2r_latency":104, "hops":1, "rtt_latency":457, "root_time_now":3141390}
[Mote:2] Sensor IPv6 = fe80::202:2:2:2
[Mote:1] {"node":"fd00::202:2:2:2", "cpu_energy_mj":18, "lpm_energy_mj":0, "radio_tx_energy_mj":0, "radio_rx_energy_mj":8, "node_time":3148606, "total_sent":298, "total_received":312, "bytes_tx":60, "bytes_rx":12, "r2n_latency":74, "lqi":100, "rssi":-81, "server_sent":312, "server_received":610, "server_bytes_rx":60, "n2r_latency":64, "hops":0, "rtt_latency":422, "root_time_now":3148670}
[Mote:3] Sensor IPv6 = fe80::203:3:3:3
[Mote:1] {"node":"fd00::203:3:3:3", "cpu_energy_mj":18, "lpm_energy_mj":0, "radio_tx_energy_mj":0, "radio_rx_energy_mj":8, "node_time":3151552, "total_sent":304, "total_received":311, "bytes_tx":60, "bytes_rx":12, "r2n_latency":224, "lqi":100, "rssi":-91, "server_sent":311, "server_received":615, "server_bytes_rx":60, "n2r_latency":128, "hops":1, "rtt_latency":322, "root_time_now":3151680}
[Mote:2] Sensor IPv6 = fe80::202:2:2:2
[Mote:1] {"node":"fd00::202:2:2:2", "cpu_energy_mj":18, "lpm_energy_mj":0, "radio_tx_energy_mj":0, "radio_rx_energy_mj":8, "node_time":3159141, "total_sent":299, "total_received":313, "bytes_tx":60, "bytes_rx":12, "r2n_latency":14, "lqi":100, "rssi":-81, "server_sent":313, "server_received":612, "server_bytes_rx":60, "n2r_latency":29, "hops":0, "rtt_latency":252, "root_time_now":3159170}
[Mote:3] Sensor IPv6 = fe80::203:3:3:3
[Mote:1] {"node":"fd00::203:3:3:3", "cpu_energy_mj":18, "lpm_energy_mj":0, "radio_tx_energy_mj":0, "radio_rx_energy_mj":8, "node_time":3161814, "total_sent":305, "total_received":312, "bytes_tx":60, "bytes_rx":12, "r2n_latency":864, "lqi":100, "rssi":-91, "server_sent":312, "server_received":617, "server_bytes_rx":60, "n2r_latency":86, "hops":1, "rtt_latency":502, "root_time_now":3161900}
[Mote:2] Sensor IPv6 = fe80::202:2:2:2
[Mote:1] {"node":"fd00::202:2:2:2", "cpu_energy_mj":18, "lpm_energy_mj":0, "radio_tx_energy_mj":0, "radio_rx_energy_mj":8, "node_time":3169672, "total_sent":300, "total_received":314, "bytes_tx":60, "bytes_rx":12, "r2n_latency":24, "lqi":100, "rssi":-81, "server_sent":314, "server_received":614, "server_bytes_rx":60, "n2r_latency":68, "hops":0, "rtt_latency":222, "root_time_now":3169740}
[Mote:3] Sensor IPv6 = fe80::203:3:3:3
[Mote:1] {"node":"fd00::203:3:3:3", "cpu_energy_mj":18, "lpm_energy_mj":0, "radio_tx_energy_mj":0, "radio_rx_energy_mj":8, "node_time":3172078, "total_sent":306, "total_received":313, "bytes_tx":60, "bytes_rx":12, "r2n_latency":454, "lqi":100, "rssi":-91, "server_sent":313, "server_received":619, "server_bytes_rx":60, "n2r_latency":112, "hops":1, "rtt_latency":297, "root_time_now":3172190}
[Mote:2] Sensor IPv6 = fe80::202:2:2:2
[Mote:1] {"node":"fd00::202:2:2:2", "cpu_energy_mj":18, "lpm_energy_mj":0, "radio_tx_energy_mj":0, "radio_rx_energy_mj":8, "node_time":3180201, "total_sent":301, "total_received":316, "bytes_tx":60, "bytes_rx":12, "r2n_latency":44, "lqi":100, "rssi":-81, "server_sent":316, "server_received":617, "server_bytes_rx":60, "n2r_latency":249, "hops":0, "rtt_latency":92, "root_time_now":3180450}
[Mote:3] Sensor IPv6 = fe80::203:3:3:3
[Mote:1] {"node":"fd00::203:3:3:3", "cpu_energy_mj":18, "lpm_energy_mj":0, "radio_tx_energy_mj":0, "radio_rx_energy_mj":8, "node_time":3182342, "total_sent":307, "total_received":314, "bytes_tx":60, "bytes_rx":12, "r2n_latency":674, "lqi":100, "rssi":-91, "server_sent":314, "server_received":621, "server_bytes_rx":60, "n2r_latency":138, "hops":1, "rtt_latency":407, "root_time_now":3182480}
[Mote:2] Sensor IPv6 = fe80::202:2:2:2
[Mote:1] {"node":"fd00::202:2:2:2", "cpu_energy_mj":18, "lpm_energy_mj":0, "radio_tx_energy_mj":0, "radio_rx_energy_mj":8, "node_time":3190732, "total_sent":302, "total_received":317, "bytes_tx":60, "bytes_rx":12, "r2n_latency":54, "lqi":100, "rssi":-81, "server_sent":317, "server_received":619, "server_bytes_rx":60, "n2r_latency":428, "hops":0, "rtt_latency":552, "root_time_now":3191160}
[Mote:3] Sensor IPv6 = fe80::203:3:3:3
[Mote:1] {"node":"fd00::203:3:3:3", "cpu_energy_mj":18, "lpm_energy_mj":0, "radio_tx_energy_mj":0, "radio_rx_energy_mj":8, "node_time":3192606, "total_sent":308, "total_received":315, "bytes_tx":60, "bytes_rx":12, "r2n_latency":684, "lqi":100, "rssi":-91, "server_sent":315, "server_received":623, "server_bytes_rx":60, "n2r_latency":94, "hops":1, "rtt_latency":622, "root_time_now":3192700}
[Mote:2] Sensor IPv6 = fe80::202:2:2:2
[Mote:1] {"node":"fd00::202:2:2:2", "cpu_energy_mj":18, "lpm_energy_mj":0, "radio_tx_energy_mj":0, "radio_rx_energy_mj":8, "node_time":3201263, "total_sent":303, "total_received":318, "bytes_tx":60, "bytes_rx":12, "r2n_latency":64, "lqi":100, "rssi":-81, "server_sent":318, "server_received":621, "server_bytes_rx":60, "n2r_latency":47, "hops":0, "rtt_latency":137, "root_time_now":3201310}
[Mote:3] Sensor IPv6 = fe80::203:3:3:3
[Mote:1] {"node":"fd00::203:3:3:3", "cpu_energy_mj":18, "lpm_energy_mj":0, "radio_tx_energy_mj":0, "radio_rx_energy_mj":8, "node_time":3202870, "total_sent":309, "total_received":316, "bytes_tx":60, "bytes_rx":12, "r2n_latency":484, "lqi":100, "rssi":-91, "server_sent":316, "server_received":625, "server_bytes_rx":60, "n2r_latency":120, "hops":1, "rtt_latency":312, "root_time_now":3202990}
[Mote:2] Sensor IPv6 = fe80::202:2:2:2
[Mote:1] {"node":"fd00::202:2:2:2", "cpu_energy_mj":18, "lpm_energy_mj":0, "radio_tx_energy_mj":0, "radio_rx_energy_mj":8, "node_time":3211794, "total_sent":304, "total_received":319, "bytes_tx":60, "bytes_rx":12, "r2n_latency":74, "lqi":100, "rssi":-81, "server_sent":319, "server_received":623, "server_bytes_rx":60, "n2r_latency":16, "hops":0, "rtt_latency":352, "root_time_now":3211810}
[Mote:3] Sensor IPv6 = fe80::203:3:3:3
[Mote:1] {"node":"fd00::203:3:3:3", "cpu_energy_mj":18, "lpm_energy_mj":0, "radio_tx_energy_mj":0, "radio_rx_energy_mj":8, "node_time":3213134, "total_sent":310, "total_received":317, "bytes_tx":60, "bytes_rx":12, "r2n_latency":354, "lqi":100, "rssi":-91, "server_sent":317, "server_received":627, "server_bytes_rx":60, "n2r_latency":76, "hops":1, "rtt_latency":387, "root_time_now":3213210}
[Mote:2] Sensor IPv6 = fe80::202:2:2:2
[Mote:1] {"node":"fd00::202:2:2:2", "cpu_energy_mj":18, "lpm_energy_mj":0, "radio_tx_energy_mj":0, "radio_rx_energy_mj":8, "node_time":3222325, "total_sent":305, "total_received":320, "bytes_tx":60, "bytes_rx":12, "r2n_latency":14, "lqi":100, "rssi":-81, "server_sent":320, "server_received":625, "server_bytes_rx":60, "n2r_latency":55, "hops":0, "rtt_latency":252, "root_time_now":3222380}
[Mote:3] Sensor IPv6 = fe80::203:3:3:3
[Mote:1] {"node":"fd00::203:3:3:3", "cpu_energy_mj":18, "lpm_energy_mj":0, "radio_tx_energy_mj":0, "radio_rx_energy_mj":8, "node_time":3223398, "total_sent":311, "total_received":318, "bytes_tx":60, "bytes_rx":12, "r2n_latency":224, "lqi":100, "rssi":-91, "server_sent":318, "server_received":629, "server_bytes_rx":60, "n2r_latency":102, "hops":1, "rtt_latency":322, "root_time_now":3223500}
[Mote:2] Sensor IPv6 = fe80::202:2:2:2
[Mote:1] {"node":"fd00::202:2:2:2", "cpu_energy_mj":18, "lpm_energy_mj":0, "radio_tx_energy_mj":0, "radio_rx_energy_mj":8, "node_time":3232856, "total_sent":306, "total_received":321, "bytes_tx":60, "bytes_rx":12, "r2n_latency":24, "lqi":100, "rssi":-81, "server_sent":321, "server_received":627, "server_bytes_rx":60, "n2r_latency":24, "hops":0, "rtt_latency":222, "root_time_now":3232880}
[Mote:3] Sensor IPv6 = fe80::203:3:3:3
[Mote:1] {"node":"fd00::203:3:3:3", "cpu_energy_mj":18, "lpm_energy_mj":0, "radio_tx_energy_mj":0, "radio_rx_energy_mj":8, "node_time":3233664, "total_sent":312, "total_received":319, "bytes_tx":60, "bytes_rx":12, "r2n_latency":864, "lqi":100, "rssi":-91, "server_sent":319, "server_received":631, "server_bytes_rx":60, "n2r_latency":126, "hops":1, "rtt_latency":502, "root_time_now":3233790}
[Mote:2] Sensor IPv6 = fe80::202:2:2:2
[Mote:1] {"node":"fd00::202:2:2:2", "cpu_energy_mj":18, "lpm_energy_mj":0, "radio_tx_energy_mj":0, "radio_rx_energy_mj":8, "node_time":3243387, "total_sent":307, "total_received":322, "bytes_tx":60, "bytes_rx":12, "r2n_latency":34, "lqi":100, "rssi":-81, "server_sent":322, "server_received":629, "server_bytes_rx":60, "n2r_latency":63, "hops":0, "rtt_latency":192, "root_time_now":3243450}
[Mote:3] Sensor IPv6 = fe80::203:3:3:3
[Mote:1] {"node":"fd00::203:3:3:3", "cpu_energy_mj":18, "lpm_energy_mj":0, "radio_tx_energy_mj":0, "radio_rx_energy_mj":8, "node_time":3243926, "total_sent":313, "total_received":320, "bytes_tx":60, "bytes_rx":12, "r2n_latency":244, "lqi":100, "rssi":-91, "server_sent":320, "server_received":633, "server_bytes_rx":60, "n2r_latency":84, "hops":1, "rtt_latency":227, "root_time_now":3244010}
[Mote:2] Sensor IPv6 = fe80::202:2:2:2
[Mote:1] {"node":"fd00::202:2:2:2", "cpu_energy_mj":18, "lpm_energy_mj":0, "radio_tx_energy_mj":0, "radio_rx_energy_mj":8, "node_time":3253920, "total_sent":308, "total_received":323, "bytes_tx":60, "bytes_rx":12, "r2n_latency":44, "lqi":100, "rssi":-81, "server_sent":323, "server_received":631, "server_bytes_rx":60, "n2r_latency":30, "hops":0, "rtt_latency":92, "root_time_now":3253950}
[Mote:3] Sensor IPv6 = fe80::203:3:3:3
[Mote:1] {"node":"fd00::203:3:3:3", "cpu_energy_mj":18, "lpm_energy_mj":0, "radio_tx_energy_mj":0, "radio_rx_energy_mj":8, "node_time":3254190, "total_sent":314, "total_received":321, "bytes_tx":60, "bytes_rx":12, "r2n_latency":324, "lqi":100, "rssi":-91, "server_sent":321, "server_received":635, "server_bytes_rx":60, "n2r_latency":110, "hops":1, "rtt_latency":232, "root_time_now":3254300}
[Mote:2] Sensor IPv6 = fe80::202:2:2:2
[Mote:3] Sensor IPv6 = fe80::203:3:3:3
[Mote:1] {"node":"fd00::202:2:2:2", "cpu_energy_mj":18, "lpm_energy_mj":0, "radio_tx_energy_mj":0, "radio_rx_energy_mj":8, "node_time":3264449, "total_sent":309, "total_received":324, "bytes_tx":60, "bytes_rx":12, "r2n_latency":54, "lqi":100, "rssi":-81, "server_sent":324, "server_received":633, "server_bytes_rx":60, "n2r_latency":631, "hops":0, "rtt_latency":342, "root_time_now":3265080}
[Mote:1] {"node":"fd00::203:3:3:3", "cpu_energy_mj":18, "lpm_energy_mj":0, "radio_tx_energy_mj":0, "radio_rx_energy_mj":8, "node_time":3264454, "total_sent":315, "total_received":322, "bytes_tx":60, "bytes_rx":12, "r2n_latency":1874, "lqi":100, "rssi":-91, "server_sent":322, "server_received":637, "server_bytes_rx":60, "n2r_latency":836, "hops":1, "rtt_latency":1007, "root_time_now":3265290}
[Mote:3] Sensor IPv6 = fe80::203:3:3:3
[Mote:1] {"node":"fd00::203:3:3:3", "cpu_energy_mj":18, "lpm_energy_mj":0, "radio_tx_energy_mj":0, "radio_rx_energy_mj":8, "node_time":3274720, "total_sent":316, "total_received":323, "bytes_tx":60, "bytes_rx":12, "r2n_latency":344, "lqi":100, "rssi":-91, "server_sent":323, "server_received":639, "server_bytes_rx":60, "n2r_latency":90, "hops":1, "rtt_latency":242, "root_time_now":3274810}
[Mote:2] Sensor IPv6 = fe80::202:2:2:2
[Mote:1] {"node":"fd00::202:2:2:2", "cpu_energy_mj":18, "lpm_energy_mj":0, "radio_tx_energy_mj":0, "radio_rx_energy_mj":8, "node_time":3274978, "total_sent":310, "total_received":325, "bytes_tx":60, "bytes_rx":12, "r2n_latency":64, "lqi":100, "rssi":-81, "server_sent":325, "server_received":635, "server_bytes_rx":60, "n2r_latency":42, "hops":0, "rtt_latency":102, "root_time_now":3275020}
[Mote:3] Sensor IPv6 = fe80::203:3:3:3
[Mote:1] {"node":"fd00::203:3:3:3", "cpu_energy_mj":18, "lpm_energy_mj":0, "radio_tx_energy_mj":0, "radio_rx_energy_mj":8, "node_time":3284982, "total_sent":317, "total_received":324, "bytes_tx":60, "bytes_rx":12, "r2n_latency":284, "lqi":100, "rssi":-91, "server_sent":324, "server_received":641, "server_bytes_rx":60, "n2r_latency":118, "hops":1, "rtt_latency":457, "root_time_now":3285100}
[Mote:2] Sensor IPv6 = fe80::202:2:2:2
[Mote:1] {"node":"fd00::202:2:2:2", "cpu_energy_mj":18, "lpm_energy_mj":0, "radio_tx_energy_mj":0, "radio_rx_energy_mj":8, "node_time":3285509, "total_sent":311, "total_received":326, "bytes_tx":60, "bytes_rx":12, "r2n_latency":74, "lqi":100, "rssi":-81, "server_sent":326, "server_received":637, "server_bytes_rx":60, "n2r_latency":11, "hops":0, "rtt_latency":422, "root_time_now":3285520}
[Mote:3] Sensor IPv6 = fe80::203:3:3:3
[Mote:1] {"node":"fd00::203:3:3:3", "cpu_energy_mj":18, "lpm_energy_mj":0, "radio_tx_energy_mj":0, "radio_rx_energy_mj":8, "node_time":3295246, "total_sent":318, "total_received":325, "bytes_tx":60, "bytes_rx":12, "r2n_latency":294, "lqi":100, "rssi":-91, "server_sent":325, "server_received":643, "server_bytes_rx":60, "n2r_latency":144, "hops":1, "rtt_latency":217, "root_time_now":3295390}
[Mote:2] Sensor IPv6 = fe80::202:2:2:2
[Mote:1] {"node":"fd00::202:2:2:2", "cpu_energy_mj":18, "lpm_energy_mj":0, "radio_tx_energy_mj":0, "radio_rx_energy_mj":8, "node_time":3296040, "total_sent":312, "total_received":327, "bytes_tx":60, "bytes_rx":12, "r2n_latency":14, "lqi":100, "rssi":-81, "server_sent":327, "server_received":639, "server_bytes_rx":60, "n2r_latency":50, "hops":0, "rtt_latency":112, "root_time_now":3296090}
[Mote:3] Sensor IPv6 = fe80::203:3:3:3
[Mote:1] {"node":"fd00::203:3:3:3", "cpu_energy_mj":18, "lpm_energy_mj":0, "radio_tx_energy_mj":0, "radio_rx_energy_mj":8, "node_time":3305512, "total_sent":319, "total_received":326, "bytes_tx":60, "bytes_rx":12, "r2n_latency":444, "lqi":100, "rssi":-91, "server_sent":326, "server_received":645, "server_bytes_rx":60, "n2r_latency":98, "hops":1, "rtt_latency":292, "root_time_now":3305610}
[Mote:2] Sensor IPv6 = fe80::202:2:2:2
[Mote:1] {"node":"fd00::202:2:2:2", "cpu_energy_mj":18, "lpm_energy_mj":0, "radio_tx_energy_mj":0, "radio_rx_energy_mj":8, "node_time":3306571, "total_sent":313, "total_received":328, "bytes_tx":60, "bytes_rx":12, "r2n_latency":24, "lqi":100, "rssi":-81, "server_sent":328, "server_received":641, "server_bytes_rx":60, "n2r_latency":19, "hops":0, "rtt_latency":187, "root_time_now":3306590}
[Mote:3] Sensor IPv6 = fe80::203:3:3:3
[Mote:1] {"node":"fd00::203:3:3:3", "cpu_energy_mj":18, "lpm_energy_mj":0, "radio_tx_energy_mj":0, "radio_rx_energy_mj":8, "node_time":3315774, "total_sent":320, "total_received":327, "bytes_tx":60, "bytes_rx":12, "r2n_latency":454, "lqi":100, "rssi":-91, "server_sent":327, "server_received":647, "server_bytes_rx":60, "n2r_latency":406, "hops":1, "rtt_latency":297, "root_time_now":3316180}
[Mote:2] Sensor IPv6 = fe80::202:2:2:2
[Mote:1] {"node":"fd00::202:2:2:2", "cpu_energy_mj":18, "lpm_energy_mj":0, "radio_tx_energy_mj":0, "radio_rx_energy_mj":8, "node_time":3317102, "total_sent":314, "total_received":329, "bytes_tx":60, "bytes_rx":12, "r2n_latency":34, "lqi":100, "rssi":-81, "server_sent":329, "server_received":643, "server_bytes_rx":60, "n2r_latency":58, "hops":0, "rtt_latency":192, "root_time_now":3317160}
[Mote:3] Sensor IPv6 = fe80::203:3:3:3
[Mote:1] {"node":"fd00::203:3:3:3", "cpu_energy_mj":18, "lpm_energy_mj":0, "radio_tx_energy_mj":0, "radio_rx_energy_mj":8, "node_time":3326038, "total_sent":321, "total_received":328, "bytes_tx":60, "bytes_rx":12, "r2n_latency":464, "lqi":100, "rssi":-91, "server_sent":328, "server_received":649, "server_bytes_rx":60, "n2r_latency":82, "hops":1, "rtt_latency":302, "root_time_now":3326120}
[Mote:2] Sensor IPv6 = fe80::202:2:2:2
[Mote:1] {"node":"fd00::202:2:2:2", "cpu_energy_mj":18, "lpm_energy_mj":0, "radio_tx_energy_mj":0, "radio_rx_energy_mj":8, "node_time":3327633, "total_sent":315, "total_received":330, "bytes_tx":60, "bytes_rx":12, "r2n_latency":44, "lqi":100, "rssi":-81, "server_sent":330, "server_received":645, "server_bytes_rx":60, "n2r_latency":27, "hops":0, "rtt_latency":197, "root_time_now":3327660}
[Mote:3] Sensor IPv6 = fe80::203:3:3:3
[Mote:1] {"node":"fd00::203:3:3:3", "cpu_energy_mj":18, "lpm_energy_mj":0, "radio_tx_energy_mj":0, "radio_rx_energy_mj":8, "node_time":3336302, "total_sent":322, "total_received":329, "bytes_tx":60, "bytes_rx":12, "r2n_latency":404, "lqi":100, "rssi":-91, "server_sent":329, "server_received":651, "server_bytes_rx":60, "n2r_latency":108, "hops":1, "rtt_latency":272, "root_time_now":3336410}
[Mote:2] Sensor IPv6 = fe80::202:2:2:2
[Mote:1] {"node":"fd00::202:2:2:2", "cpu_energy_mj":18, "lpm_energy_mj":0, "radio_tx_energy_mj":0, "radio_rx_energy_mj":8, "node_time":3338164, "total_sent":316, "total_received":331, "bytes_tx":60, "bytes_rx":12, "r2n_latency":54, "lqi":100, "rssi":-81, "server_sent":331, "server_received":647, "server_bytes_rx":60, "n2r_latency":66, "hops":0, "rtt_latency":132, "root_time_now":3338230}
[Mote:3] Sensor IPv6 = fe80::203:3:3:3
[Mote:1] {"node":"fd00::203:3:3:3", "cpu_energy_mj":18, "lpm_energy_mj":0, "radio_tx_energy_mj":0, "radio_rx_energy_mj":8, "node_time":3346568, "total_sent":323, "total_received":330, "bytes_tx":60, "bytes_rx":12, "r2n_latency":414, "lqi":100, "rssi":-91, "server_sent":330, "server_received":653, "server_bytes_rx":60, "n2r_latency":132, "hops":1, "rtt_latency":277, "root_time_now":3346700}
[Mote:2] Sensor IPv6 = fe80::202:2:2:2
[Mote:1] {"node":"fd00::202:2:2:2", "cpu_energy_mj":18, "lpm_energy_mj":0, "radio_tx_energy_mj":0, "radio_rx_energy_mj":8, "node_time":3348695, "total_sent":317, "total_received":332, "bytes_tx":60, "bytes_rx":12, "r2n_latency":64, "lqi":100, "rssi":-81, "server_sent":332, "server_received":649, "server_bytes_rx":60, "n2r_latency":35, "hops":0, "rtt_latency":102, "root_time_now":3348730}
[Mote:3] Sensor IPv6 = fe80::203:3:3:3
[Mote:1] {"node":"fd00::203:3:3:3", "cpu_energy_mj":18, "lpm_energy_mj":0, "radio_tx_energy_mj":0, "radio_rx_energy_mj":8, "node_time":3356830, "total_sent":324, "total_received":331, "bytes_tx":60, "bytes_rx":12, "r2n_latency":774, "lqi":100, "rssi":-91, "server_sent":331, "server_received":655, "server_bytes_rx":60, "n2r_latency":90, "hops":1, "rtt_latency":457, "root_time_now":3356920}
[Mote:2] Sensor IPv6 = fe80::202:2:2:2
[Mote:1] {"node":"fd00::202:2:2:2", "cpu_energy_mj":18, "lpm_energy_mj":0, "radio_tx_energy_mj":0, "radio_rx_energy_mj":8, "node_time":3359227, "total_sent":318, "total_received":333, "bytes_tx":60, "bytes_rx":12, "r2n_latency":74, "lqi":100, "rssi":-81, "server_sent":333, "server_received":651, "server_bytes_rx":60, "n2r_latency":73, "hops":0, "rtt_latency":247, "root_time_now":3359300}
[Mote:3] Sensor IPv6 = fe80::203:3:3:3
[Mote:1] {"node":"fd00::203:3:3:3", "cpu_energy_mj":18, "lpm_energy_mj":0, "radio_tx_energy_mj":0, "radio_rx_energy_mj":8, "node_time":3367094, "total_sent":325, "total_received":332, "bytes_tx":60, "bytes_rx":12, "r2n_latency":434, "lqi":100, "rssi":-91, "server_sent":332, "server_received":657, "server_bytes_rx":60, "n2r_latency":116, "hops":1, "rtt_latency":287, "root_time_now":3367210}
[Mote:2] Sensor IPv6 = fe80::202:2:2:2
[Mote:1] {"node":"fd00::202:2:2:2", "cpu_energy_mj":18, "lpm_energy_mj":0, "radio_tx_energy_mj":0, "radio_rx_energy_mj":8, "node_time":3369757, "total_sent":319, "total_received":334, "bytes_tx":60, "bytes_rx":12, "r2n_latency":14, "lqi":100, "rssi":-81, "server_sent":334, "server_received":653, "server_bytes_rx":60, "n2r_latency":43, "hops":0, "rtt_latency":112, "root_time_now":3369800}
[Mote:3] Sensor IPv6 = fe80::203:3:3:3
[Mote:1] {"node":"fd00::203:3:3:3", "cpu_energy_mj":18, "lpm_energy_mj":0, "radio_tx_energy_mj":0, "radio_rx_energy_mj":8, "node_time":3377361, "total_sent":326, "total_received":333, "bytes_tx":60, "bytes_rx":12, "r2n_latency":374, "lqi":100, "rssi":-91, "server_sent":333, "server_received":659, "server_bytes_rx":60, "n2r_latency":139, "hops":1, "rtt_latency":257, "root_time_now":3377500}
[Mote:2] Sensor IPv6 = fe80::202:2:2:2
[Mote:1] {"node":"fd00::202:2:2:2", "cpu_energy_mj":18, "lpm_energy_mj":0, "radio_tx_energy_mj":0, "radio_rx_energy_mj":8, "node_time":3380290, "total_sent":320, "total_received":336, "bytes_tx":60, "bytes_rx":12, "r2n_latency":34, "lqi":100, "rssi":-81, "server_sent":336, "server_received":656, "server_bytes_rx":60, "n2r_latency":570, "hops":0, "rtt_latency":402, "root_time_now":3380860}
[Mote:3] Sensor IPv6 = fe80::203:3:3:3
[Mote:1] {"node":"fd00::203:3:3:3", "cpu_energy_mj":18, "lpm_energy_mj":0, "radio_tx_energy_mj":0, "radio_rx_energy_mj":8, "node_time":3387624, "total_sent":327, "total_received":334, "bytes_tx":60, "bytes_rx":12, "r2n_latency":314, "lqi":100, "rssi":-91, "server_sent":334, "server_received":661, "server_bytes_rx":60, "n2r_latency":96, "hops":1, "rtt_latency":472, "root_time_now":3387720}
[Mote:2] Sensor IPv6 = fe80::202:2:2:2
[Mote:1] {"node":"fd00::202:2:2:2", "cpu_energy_mj":18, "lpm_energy_mj":0, "radio_tx_energy_mj":0, "radio_rx_energy_mj":8, "node_time":3390821, "total_sent":321, "total_received":337, "bytes_tx":60, "bytes_rx":12, "r2n_latency":44, "lqi":100, "rssi":-81, "server_sent":337, "server_received":658, "server_bytes_rx":60, "n2r_latency":49, "hops":0, "rtt_latency":197, "root_time_now":3390870}
[Mote:3] Sensor IPv6 = fe80::203:3:3:3
[Mote:1] {"node":"fd00::203:3:3:3", "cpu_energy_mj":18, "lpm_energy_mj":0, "radio_tx_energy_mj":0, "radio_rx_energy_mj":8, "node_time":3397886, "total_sent":328, "total_received":335, "bytes_tx":60, "bytes_rx":12, "r2n_latency":254, "lqi":100, "rssi":-91, "server_sent":335, "server_received":663, "server_bytes_rx":60, "n2r_latency":124, "hops":1, "rtt_latency":232, "root_time_now":3398010}
[Mote:2] Sensor IPv6 = fe80::202:2:2:2
[Mote:1] {"node":"fd00::202:2:2:2", "cpu_energy_mj":18, "lpm_energy_mj":0, "radio_tx_energy_mj":0, "radio_rx_energy_mj":8, "node_time":3401352, "total_sent":322, "total_received":338, "bytes_tx":60, "bytes_rx":12, "r2n_latency":54, "lqi":100, "rssi":-81, "server_sent":338, "server_received":660, "server_bytes_rx":60, "n2r_latency":18, "hops":0, "rtt_latency":272, "root_time_now":3401370}
[Mote:3] Sensor IPv6 = fe80::203:3:3:3
[Mote:1] {"node":"fd00::203:3:3:3", "cpu_energy_mj":18, "lpm_energy_mj":0, "radio_tx_energy_mj":0, "radio_rx_energy_mj":8, "node_time":3408152, "total_sent":329, "total_received":336, "bytes_tx":60, "bytes_rx":12, "r2n_latency":824, "lqi":100, "rssi":-91, "server_sent":336, "server_received":665, "server_bytes_rx":60, "n2r_latency":78, "hops":1, "rtt_latency":482, "root_time_now":3408230}
[Mote:2] Sensor IPv6 = fe80::202:2:2:2
[Mote:1] {"node":"fd00::202:2:2:2", "cpu_energy_mj":18, "lpm_energy_mj":0, "radio_tx_energy_mj":0, "radio_rx_energy_mj":8, "node_time":3411883, "total_sent":323, "total_received":339, "bytes_tx":60, "bytes_rx":12, "r2n_latency":64, "lqi":100, "rssi":-81, "server_sent":339, "server_received":662, "server_bytes_rx":60, "n2r_latency":57, "hops":0, "rtt_latency":102, "root_time_now":3411940}
[Mote:3] Sensor IPv6 = fe80::203:3:3:3
[Mote:1] {"node":"fd00::203:3:3:3", "cpu_energy_mj":18, "lpm_energy_mj":0, "radio_tx_energy_mj":0, "radio_rx_energy_mj":8, "node_time":3418416, "total_sent":330, "total_received":337, "bytes_tx":60, "bytes_rx":12, "r2n_latency":414, "lqi":100, "rssi":-91, "server_sent":337, "server_received":667, "server_bytes_rx":60, "n2r_latency":104, "hops":1, "rtt_latency":277, "root_time_now":3418520}
[Mote:2] Sensor IPv6 = fe80::202:2:2:2
[Mote:1] {"node":"fd00::202:2:2:2", "cpu_energy_mj":18, "lpm_energy_mj":0, "radio_tx_energy_mj":0, "radio_rx_energy_mj":8, "node_time":3422414, "total_sent":324, "total_received":340, "bytes_tx":60, "bytes_rx":12, "r2n_latency":74, "lqi":100, "rssi":-81, "server_sent":340, "server_received":664, "server_bytes_rx":60, "n2r_latency":26, "hops":0, "rtt_latency":142, "root_time_now":3422440}
[Mote:3] Sensor IPv6 = fe80::203:3:3:3
[Mote:1] {"node":"fd00::203:3:3:3", "cpu_energy_mj":18, "lpm_energy_mj":0, "radio_tx_energy_mj":0, "radio_rx_energy_mj":8, "node_time":3428678, "total_sent":331, "total_received":338, "bytes_tx":60, "bytes_rx":12, "r2n_latency":424, "lqi":100, "rssi":-91, "server_sent":338, "server_received":669, "server_bytes_rx":60, "n2r_latency":132, "hops":1, "rtt_latency":282, "root_time_now":3428810}
[Mote:2] Sensor IPv6 = fe80::202:2:2:2
[Mote:1] {"node":"fd00::202:2:2:2", "cpu_energy_mj":18, "lpm_energy_mj":0, "radio_tx_energy_mj":0, "radio_rx_energy_mj":8, "node_time":3432945, "total_sent":325, "total_received":341, "bytes_tx":60, "bytes_rx":12, "r2n_latency":14, "lqi":100, "rssi":-81, "server_sent":341, "server_received":666, "server_bytes_rx":60, "n2r_latency":65, "hops":0, "rtt_latency":112, "root_time_now":3433010}
[Mote:3] Sensor IPv6 = fe80::203:3:3:3
[Mote:1] {"node":"fd00::203:3:3:3", "cpu_energy_mj":18, "lpm_energy_mj":0, "radio_tx_energy_mj":0, "radio_rx_energy_mj":8, "node_time":3438944, "total_sent":332, "total_received":339, "bytes_tx":60, "bytes_rx":12, "r2n_latency":294, "lqi":100, "rssi":-91, "server_sent":339, "server_received":671, "server_bytes_rx":60, "n2r_latency":86, "hops":1, "rtt_latency":217, "root_time_now":3439030}
[Mote:2] Sensor IPv6 = fe80::202:2:2:2
[Mote:1] {"node":"fd00::202:2:2:2", "cpu_energy_mj":18, "lpm_energy_mj":0, "radio_tx_energy_mj":0, "radio_rx_energy_mj":8, "node_time":3443476, "total_sent":326, "total_received":342, "bytes_tx":60, "bytes_rx":12, "r2n_latency":24, "lqi":100, "rssi":-81, "server_sent":342, "server_received":668, "server_bytes_rx":60, "n2r_latency":34, "hops":0, "rtt_latency":117, "root_time_now":3443510}
[Mote:3] Sensor IPv6 = fe80::203:3:3:3
[Mote:1] {"node":"fd00::203:3:3:3", "cpu_energy_mj":18, "lpm_energy_mj":0, "radio_tx_energy_mj":0, "radio_rx_energy_mj":8, "node_time":3449208, "total_sent":333, "total_received":340, "bytes_tx":60, "bytes_rx":12, "r2n_latency":374, "lqi":100, "rssi":-91, "server_sent":340, "server_received":673, "server_bytes_rx":60, "n2r_latency":112, "hops":1, "rtt_latency":257, "root_time_now":3449320}
[Mote:2] Sensor IPv6 = fe80::202:2:2:2
[Mote:1] {"node":"fd00::202:2:2:2", "cpu_energy_mj":18, "lpm_energy_mj":0, "radio_tx_energy_mj":0, "radio_rx_energy_mj":8, "node_time":3454009, "total_sent":327, "total_received":343, "bytes_tx":60, "bytes_rx":12, "r2n_latency":34, "lqi":100, "rssi":-81, "server_sent":343, "server_received":670, "server_bytes_rx":60, "n2r_latency":71, "hops":0, "rtt_latency":87, "root_time_now":3454080}
[Mote:3] Sensor IPv6 = fe80::203:3:3:3
[Mote:1] {"node":"fd00::203:3:3:3", "cpu_energy_mj":18, "lpm_energy_mj":0, "radio_tx_energy_mj":0, "radio_rx_energy_mj":8, "node_time":3459470, "total_sent":334, "total_received":341, "bytes_tx":60, "bytes_rx":12, "r2n_latency":454, "lqi":100, "rssi":-91, "server_sent":341, "server_received":675, "server_bytes_rx":60, "n2r_latency":210, "hops":1, "rtt_latency":297, "root_time_now":3459680}
[Mote:2] Sensor IPv6 = fe80::202:2:2:2
[Mote:1] {"node":"fd00::202:2:2:2", "cpu_energy_mj":18, "lpm_energy_mj":0, "radio_tx_energy_mj":0, "radio_rx_energy_mj":8, "node_time":3464540, "total_sent":328, "total_received":344, "bytes_tx":60, "bytes_rx":12, "r2n_latency":44, "lqi":100, "rssi":-81, "server_sent":344, "server_received":672, "server_bytes_rx":60, "n2r_latency":40, "hops":0, "rtt_latency":337, "root_time_now":3464580}
[Mote:3] Sensor IPv6 = fe80::203:3:3:3
[Mote:1] {"node":"fd00::203:3:3:3", "cpu_energy_mj":18, "lpm_energy_mj":0, "radio_tx_energy_mj":0, "radio_rx_energy_mj":8, "node_time":3469734, "total_sent":335, "total_received":342, "bytes_tx":60, "bytes_rx":12, "r2n_latency":254, "lqi":100, "rssi":-91, "server_sent":342, "server_received":677, "server_bytes_rx":60, "n2r_latency":96, "hops":1, "rtt_latency":477, "root_time_now":3469830}
[Mote:2] Sensor IPv6 = fe80::202:2:2:2
[Mote:1] {"node":"fd00::202:2:2:2", "cpu_energy_mj":18, "lpm_energy_mj":0, "radio_tx_energy_mj":0, "radio_rx_energy_mj":8, "node_time":3475069, "total_sent":329, "total_received":345, "bytes_tx":60, "bytes_rx":12, "r2n_latency":54, "lqi":100, "rssi":-81, "server_sent":345, "server_received":674, "server_bytes_rx":60, "n2r_latency":11, "hops":0, "rtt_latency":132, "root_time_now":3475080}
[Mote:3] Sensor IPv6 = fe80::203:3:3:3
[Mote:1] {"node":"fd00::203:3:3:3", "cpu_energy_mj":18, "lpm_energy_mj":0, "radio_tx_energy_mj":0, "radio_rx_energy_mj":8, "node_time":3480000, "total_sent":336, "total_received":343, "bytes_tx":60, "bytes_rx":12, "r2n_latency":334, "lqi":100, "rssi":-91, "server_sent":344, "server_received":679, "server_bytes_rx":60, "n2r_latency":960, "hops":1, "rtt_latency":237, "root_time_now":3480960}
[Mote:2] Sensor IPv6 = fe80::202:2:2:2
[Mote:1] {"node":"fd00::202:2:2:2", "cpu_energy_mj":18, "lpm_energy_mj":0, "radio_tx_energy_mj":0, "radio_rx_energy_mj":8, "node_time":3485600, "total_sent":330, "total_received":346, "bytes_tx":60, "bytes_rx":12, "r2n_latency":134, "lqi":100, "rssi":-81, "server_sent":346, "server_received":676, "server_bytes_rx":60, "n2r_latency":50, "hops":0, "rtt_latency":452, "root_time_now":3485650}
[Mote:3] Sensor IPv6 = fe80::203:3:3:3
[Mote:1] {"node":"fd00::203:3:3:3", "cpu_energy_mj":18, "lpm_energy_mj":0, "radio_tx_energy_mj":0, "radio_rx_energy_mj":8, "node_time":3490264, "total_sent":337, "total_received":344, "bytes_tx":60, "bytes_rx":12, "r2n_latency":554, "lqi":100, "rssi":-91, "server_sent":345, "server_received":681, "server_bytes_rx":60, "n2r_latency":146, "hops":1, "rtt_latency":522, "root_time_now":3490410}
[Mote:2] Sensor IPv6 = fe80::202:2:2:2
[Mote:1] {"node":"fd00::202:2:2:2", "cpu_energy_mj":18, "lpm_energy_mj":0, "radio_tx_energy_mj":0, "radio_rx_energy_mj":8, "node_time":3496133, "total_sent":331, "total_received":347, "bytes_tx":60, "bytes_rx":12, "r2n_latency":74, "lqi":100, "rssi":-81, "server_sent":347, "server_received":678, "server_bytes_rx":60, "n2r_latency":17, "hops":0, "rtt_latency":107, "root_time_now":3496150}
[Mote:3] Sensor IPv6 = fe80::203:3:3:3
[Mote:1] {"node":"fd00::203:3:3:3", "cpu_energy_mj":18, "lpm_energy_mj":0, "radio_tx_energy_mj":0, "radio_rx_energy_mj":8, "node_time":3500526, "total_sent":338, "total_received":346, "bytes_tx":60, "bytes_rx":12, "r2n_latency":294, "lqi":100, "rssi":-91, "server_sent":346, "server_received":684, "server_bytes_rx":60, "n2r_latency":524, "hops":1, "rtt_latency":497, "root_time_now":3501050}
[Mote:2] Sensor IPv6 = fe80::202:2:2:2
[Mote:1] {"node":"fd00::202:2:2:2", "cpu_energy_mj":18, "lpm_energy_mj":0, "radio_tx_energy_mj":0, "radio_rx_energy_mj":8, "node_time":3506664, "total_sent":332, "total_received":348, "bytes_tx":60, "bytes_rx":12, "r2n_latency":14, "lqi":100, "rssi":-81, "server_sent":348, "server_received":680, "server_bytes_rx":60, "n2r_latency":56, "hops":0, "rtt_latency":462, "root_time_now":3506720}
[Mote:3] Sensor IPv6 = fe80::203:3:3:3
[Mote:1] {"node":"fd00::203:3:3:3", "cpu_energy_mj":18, "lpm_energy_mj":0, "radio_tx_energy_mj":0, "radio_rx_energy_mj":8, "node_time":3510790, "total_sent":339, "total_received":347, "bytes_tx":60, "bytes_rx":12, "r2n_latency":724, "lqi":100, "rssi":-91, "server_sent":347, "server_received":686, "server_bytes_rx":60, "n2r_latency":830, "hops":1, "rtt_latency":782, "root_time_now":3511620}
[Mote:2] Sensor IPv6 = fe80::202:2:2:2
[Mote:1] {"node":"fd00::202:2:2:2", "cpu_energy_mj":18, "lpm_energy_mj":0, "radio_tx_energy_mj":0, "radio_rx_energy_mj":8, "node_time":3517191, "total_sent":333, "total_received":349, "bytes_tx":60, "bytes_rx":12, "r2n_latency":24, "lqi":100, "rssi":-81, "server_sent":349, "server_received":682, "server_bytes_rx":60, "n2r_latency":29, "hops":0, "rtt_latency":747, "root_time_now":3517220}
[Mote:3] Sensor IPv6 = fe80::203:3:3:3
[Mote:1] {"node":"fd00::203:3:3:3", "cpu_energy_mj":18, "lpm_energy_mj":0, "radio_tx_energy_mj":0, "radio_rx_energy_mj":8, "node_time":3521054, "total_sent":340, "total_received":348, "bytes_tx":60, "bytes_rx":12, "r2n_latency":454, "lqi":100, "rssi":-91, "server_sent":348, "server_received":688, "server_bytes_rx":60, "n2r_latency":86, "hops":1, "rtt_latency":297, "root_time_now":3521140}
[Mote:2] Sensor IPv6 = fe80::202:2:2:2
[Mote:1] {"node":"fd00::202:2:2:2", "cpu_energy_mj":18, "lpm_energy_mj":0, "radio_tx_energy_mj":0, "radio_rx_energy_mj":8, "node_time":3527722, "total_sent":334, "total_received":350, "bytes_tx":60, "bytes_rx":12, "r2n_latency":34, "lqi":100, "rssi":-81, "server_sent":350, "server_received":684, "server_bytes_rx":60, "n2r_latency":68, "hops":0, "rtt_latency":192, "root_time_now":3527790}
[Mote:3] Sensor IPv6 = fe80::203:3:3:3
[Mote:1] {"node":"fd00::203:3:3:3", "cpu_energy_mj":18, "lpm_energy_mj":0, "radio_tx_energy_mj":0, "radio_rx_energy_mj":8, "node_time":3531318, "total_sent":341, "total_received":349, "bytes_tx":60, "bytes_rx":12, "r2n_latency":394, "lqi":100, "rssi":-91, "server_sent":349, "server_received":690, "server_bytes_rx":60, "n2r_latency":112, "hops":1, "rtt_latency":267, "root_time_now":3531430}
[Mote:2] Sensor IPv6 = fe80::202:2:2:2
[Mote:1] {"node":"fd00::202:2:2:2", "cpu_energy_mj":18, "lpm_energy_mj":0, "radio_tx_energy_mj":0, "radio_rx_energy_mj":8, "node_time":3538257, "total_sent":335, "total_received":351, "bytes_tx":60, "bytes_rx":12, "r2n_latency":44, "lqi":100, "rssi":-81, "server_sent":351, "server_received":686, "server_bytes_rx":60, "n2r_latency":33, "hops":0, "rtt_latency":162, "root_time_now":3538290}
[Mote:3] Sensor IPv6 = fe80::203:3:3:3
[Mote:1] {"node":"fd00::203:3:3:3", "cpu_energy_mj":18, "lpm_energy_mj":0, "radio_tx_energy_mj":0, "radio_rx_energy_mj":8, "node_time":3541582, "total_sent":342, "total_received":350, "bytes_tx":60, "bytes_rx":12, "r2n_latency":474, "lqi":100, "rssi":-91, "server_sent":350, "server_received":692, "server_bytes_rx":60, "n2r_latency":138, "hops":1, "rtt_latency":307, "root_time_now":3541720}
[Mote:2] Sensor IPv6 = fe80::202:2:2:2
[Mote:1] {"node":"fd00::202:2:2:2", "cpu_energy_mj":18, "lpm_energy_mj":0, "radio_tx_energy_mj":0, "radio_rx_energy_mj":8, "node_time":3548788, "total_sent":336, "total_received":352, "bytes_tx":60, "bytes_rx":12, "r2n_latency":54, "lqi":100, "rssi":-81, "server_sent":352, "server_received":688, "server_bytes_rx":60, "n2r_latency":72, "hops":0, "rtt_latency":202, "root_time_now":3548860}
[Mote:3] Sensor IPv6 = fe80::203:3:3:3
[Mote:1] {"node":"fd00::203:3:3:3", "cpu_energy_mj":18, "lpm_energy_mj":0, "radio_tx_energy_mj":0, "radio_rx_energy_mj":8, "node_time":3551846, "total_sent":343, "total_received":351, "bytes_tx":60, "bytes_rx":12, "r2n_latency":344, "lqi":100, "rssi":-91, "server_sent":351, "server_received":694, "server_bytes_rx":60, "n2r_latency":94, "hops":1, "rtt_latency":382, "root_time_now":3551940}
[Mote:2] Sensor IPv6 = fe80::202:2:2:2
[Mote:1] {"node":"fd00::202:2:2:2", "cpu_energy_mj":18, "lpm_energy_mj":0, "radio_tx_energy_mj":0, "radio_rx_energy_mj":8, "node_time":3559315, "total_sent":337, "total_received":353, "bytes_tx":60, "bytes_rx":12, "r2n_latency":64, "lqi":100, "rssi":-81, "server_sent":353, "server_received":690, "server_bytes_rx":60, "n2r_latency":45, "hops":0, "rtt_latency":242, "root_time_now":3559360}
[Mote:3] Sensor IPv6 = fe80::203:3:3:3
[Mote:1] {"node":"fd00::203:3:3:3", "cpu_energy_mj":18, "lpm_energy_mj":0, "radio_tx_energy_mj":0, "radio_rx_energy_mj":8, "node_time":3562110, "total_sent":344, "total_received":352, "bytes_tx":60, "bytes_rx":12, "r2n_latency":354, "lqi":100, "rssi":-91, "server_sent":352, "server_received":696, "server_bytes_rx":60, "n2r_latency":120, "hops":1, "rtt_latency":352, "root_time_now":3562230}
[Mote:2] Sensor IPv6 = fe80::202:2:2:2
[Mote:1] {"node":"fd00::202:2:2:2", "cpu_energy_mj":18, "lpm_energy_mj":0, "radio_tx_energy_mj":0, "radio_rx_energy_mj":8, "node_time":3569846, "total_sent":338, "total_received":354, "bytes_tx":60, "bytes_rx":12, "r2n_latency":74, "lqi":100, "rssi":-81, "server_sent":354, "server_received":692, "server_bytes_rx":60, "n2r_latency":14, "hops":0, "rtt_latency":107, "root_time_now":3569860}
[Mote:3] Sensor IPv6 = fe80::203:3:3:3
[Mote:1] {"node":"fd00::203:3:3:3", "cpu_energy_mj":18, "lpm_energy_mj":0, "radio_tx_energy_mj":0, "radio_rx_energy_mj":8, "node_time":3572376, "total_sent":345, "total_received":353, "bytes_tx":60, "bytes_rx":12, "r2n_latency":364, "lqi":100, "rssi":-91, "server_sent":353, "server_received":698, "server_bytes_rx":60, "n2r_latency":74, "hops":1, "rtt_latency":252, "root_time_now":3572450}
[Mote:2] Sensor IPv6 = fe80::202:2:2:2
[Mote:1] {"node":"fd00::202:2:2:2", "cpu_energy_mj":18, "lpm_energy_mj":0, "radio_tx_energy_mj":0, "radio_rx_energy_mj":8, "node_time":3580379, "total_sent":339, "total_received":356, "bytes_tx":60, "bytes_rx":12, "r2n_latency":24, "lqi":100, "rssi":-81, "server_sent":356, "server_received":695, "server_bytes_rx":60, "n2r_latency":121, "hops":0, "rtt_latency":187, "root_time_now":3580500}
[Mote:3] Sensor IPv6 = fe80::203:3:3:3
[Mote:1] {"node":"fd00::203:3:3:3", "cpu_energy_mj":18, "lpm_energy_mj":0, "radio_tx_energy_mj":0, "radio_rx_energy_mj":8, "node_time":3582638, "total_sent":346, "total_received":354, "bytes_tx":60, "bytes_rx":12, "r2n_latency":234, "lqi":100, "rssi":-91, "server_sent":354, "server_received":700, "server_bytes_rx":60, "n2r_latency":102, "hops":1, "rtt_latency":222, "root_time_now":3582740}
[Mote:2] Sensor IPv6 = fe80::202:2:2:2
[Mote:1] {"node":"fd00::202:2:2:2", "cpu_energy_mj":18, "lpm_energy_mj":0, "radio_tx_energy_mj":0, "radio_rx_energy_mj":8, "node_time":3590910, "total_sent":340, "total_received":357, "bytes_tx":60, "bytes_rx":12, "r2n_latency":34, "lqi":100, "rssi":-81, "server_sent":357, "server_received":697, "server_bytes_rx":60, "n2r_latency":20, "hops":0, "rtt_latency":192, "root_time_now":3590930}
[Mote:3] Sensor IPv6 = fe80::203:3:3:3
[Mote:1] {"node":"fd00::203:3:3:3", "cpu_energy_mj":18, "lpm_energy_mj":0, "radio_tx_energy_mj":0, "radio_rx_energy_mj":8, "node_time":3592902, "total_sent":347, "total_received":355, "bytes_tx":60, "bytes_rx":12, "r2n_latency":454, "lqi":100, "rssi":-91, "server_sent":355, "server_received":702, "server_bytes_rx":60, "n2r_latency":128, "hops":1, "rtt_latency":297, "root_time_now":3593030}
[Mote:2] Sensor IPv6 = fe80::202:2:2:2
Final simulation time: 3601839000 ms
Test ended at simulation time: 3601839000
