Random seed: 123456
Initializing simulation script
Time: 73000
[Mote:8] [INFO: Main      ] - Routing: RPL Lite
[Mote:8] [INFO: Main      ] - Net: sicslowpan
[Mote:8] [INFO: Main      ] - MAC: TSCH
[Mote:8] [INFO: Main      ] - 802.15.4 PANID: 0xabcd
[Mote:8] [INFO: Main      ] - 802.15.4 TSCH default hopping sequence length: 4
[Mote:8] [INFO: Main      ] Node ID: 8
[Mote:8] [INFO: Main      ] Link-layer address: 0008.0008.0008.0008
[Mote:8] [INFO: Main      ] Tentative link-local IPv6 address: fe80::208:8:8:8
[Mote:11] [INFO: Main      ] Starting Contiki-NG-develop/v5.0
[Mote:11] [INFO: Main      ] - Routing: RPL Lite
[Mote:11] [INFO: Main      ] - Net: sicslowpan
[Mote:11] [INFO: Main      ] - MAC: TSCH
[Mote:11] [INFO: Main      ] - 802.15.4 PANID: 0xabcd
[Mote:11] [INFO: Main      ] - 802.15.4 TSCH default hopping sequence length: 4
[Mote:11] [INFO: Main      ] Node ID: 11
[Mote:11] [INFO: Main      ] Link-layer address: 000b.000b.000b.000b
[Mote:11] [INFO: Main      ] Tentative link-local IPv6 address: fe80::20b:b:b:b
[Mote:2] [INFO: Main      ] Starting Contiki-NG-develop/v5.0
[Mote:2] [INFO: Main      ] - Routing: RPL Lite
[Mote:2] [INFO: Main      ] - Net: sicslowpan
[Mote:2] [INFO: Main      ] - MAC: TSCH
[Mote:2] [INFO: Main      ] - 802.15.4 PANID: 0xabcd
[Mote:2] [INFO: Main      ] - 802.15.4 TSCH default hopping sequence length: 4
[Mote:2] [INFO: Main      ] Node ID: 2
[Mote:2] [INFO: Main      ] Link-layer address: 0002.0002.0002.0002
[Mote:2] [INFO: Main      ] Tentative link-local IPv6 address: fe80::202:2:2:2
[Mote:6] [INFO: Main      ] Starting Contiki-NG-develop/v5.0
[Mote:6] [INFO: Main      ] - Routing: RPL Lite
[Mote:6] [INFO: Main      ] - Net: sicslowpan
[Mote:6] [INFO: Main      ] - MAC: TSCH
[Mote:6] [INFO: Main      ] - 802.15.4 PANID: 0xabcd
[Mote:6] [INFO: Main      ] - 802.15.4 TSCH default hopping sequence length: 4
[Mote:6] [INFO: Main      ] Node ID: 6
[Mote:6] [INFO: Main      ] Link-layer address: 0006.0006.0006.0006
[Mote:6] [INFO: Main      ] Tentative link-local IPv6 address: fe80::206:6:6:6
[Mote:4] [INFO: Main      ] Starting Contiki-NG-develop/v5.0
[Mote:4] [INFO: Main      ] - Routing: RPL Lite
[Mote:4] [INFO: Main      ] - Net: sicslowpan
[Mote:4] [INFO: Main      ] - MAC: TSCH
[Mote:4] [INFO: Main      ] - 802.15.4 PANID: 0xabcd
[Mote:4] [INFO: Main      ] - 802.15.4 TSCH default hopping sequence length: 4
[Mote:4] [INFO: Main      ] Node ID: 4
[Mote:4] [INFO: Main      ] Link-layer address: 0004.0004.0004.0004
[Mote:4] [INFO: Main      ] Tentative link-local IPv6 address: fe80::204:4:4:4
[Mote:1] [INFO: Main      ] Starting Contiki-NG-develop/v5.0
[Mote:1] [INFO: Main      ] - Routing: RPL Lite
[Mote:1] [INFO: Main      ] - Net: sicslowpan
[Mote:1] [INFO: Main      ] - MAC: TSCH
[Mote:1] [INFO: Main      ] - 802.15.4 PANID: 0xabcd
[Mote:1] [INFO: Main      ] - 802.15.4 TSCH default hopping sequence length: 4
[Mote:1] [INFO: Main      ] Node ID: 1
[Mote:1] [INFO: Main      ] Link-layer address: 0001.0001.0001.0001
[Mote:1] [INFO: Main      ] Tentative link-local IPv6 address: fe80::201:1:1:1
[Mote:1] UDP Root process started
[Mote:7] [INFO: Main      ] Starting Contiki-NG-develop/v5.0
[Mote:7] [INFO: Main      ] - Routing: RPL Lite
[Mote:7] [INFO: Main      ] - Net: sicslowpan
[Mote:7] [INFO: Main      ] - MAC: TSCH
[Mote:7] [INFO: Main      ] - 802.15.4 PANID: 0xabcd
[Mote:7] [INFO: Main      ] - 802.15.4 TSCH default hopping sequence length: 4
[Mote:7] [INFO: Main      ] Node ID: 7
[Mote:7] [INFO: Main      ] Link-layer address: 0007.0007.0007.0007
[Mote:7] [INFO: Main      ] Tentative link-local IPv6 address: fe80::207:7:7:7
[Mote:14] [INFO: Main      ] Starting Contiki-NG-develop/v5.0
[Mote:14] [INFO: Main      ] - Routing: RPL Lite
[Mote:14] [INFO: Main      ] - Net: sicslowpan
[Mote:14] [INFO: Main      ] - MAC: TSCH
[Mote:14] [INFO: Main      ] - 802.15.4 PANID: 0xabcd
[Mote:14] [INFO: Main      ] - 802.15.4 TSCH default hopping sequence length: 4
[Mote:14] [INFO: Main      ] Node ID: 14
[Mote:14] [INFO: Main      ] Link-layer address: 000e.000e.000e.000e
[Mote:14] [INFO: Main      ] Tentative link-local IPv6 address: fe80::20e:e:e:e
[Mote:15] [INFO: Main      ] Starting Contiki-NG-develop/v5.0
[Mote:15] [INFO: Main      ] - Routing: RPL Lite
[Mote:15] [INFO: Main      ] - Net: sicslowpan
[Mote:15] [INFO: Main      ] - MAC: TSCH
[Mote:15] [INFO: Main      ] - 802.15.4 PANID: 0xabcd
[Mote:15] [INFO: Main      ] - 802.15.4 TSCH default hopping sequence length: 4
[Mote:15] [INFO: Main      ] Node ID: 15
[Mote:15] [INFO: Main      ] Link-layer address: 000f.000f.000f.000f
[Mote:15] [INFO: Main      ] Tentative link-local IPv6 address: fe80::20f:f:f:f
[Mote:16] [INFO: Main      ] Starting Contiki-NG-develop/v5.0
[Mote:16] [INFO: Main      ] - Routing: RPL Lite
[Mote:16] [INFO: Main      ] - Net: sicslowpan
[Mote:16] [INFO: Main      ] - MAC: TSCH
[Mote:16] [INFO: Main      ] - 802.15.4 PANID: 0xabcd
[Mote:16] [INFO: Main      ] - 802.15.4 TSCH default hopping sequence length: 4
[Mote:16] [INFO: Main      ] Node ID: 16
[Mote:16] [INFO: Main      ] Link-layer address: 0010.0010.0010.0010
[Mote:16] [INFO: Main      ] Tentative link-local IPv6 address: fe80::210:10:10:10
[Mote:10] [INFO: Main      ] Starting Contiki-NG-develop/v5.0
[Mote:10] [INFO: Main      ] - Routing: RPL Lite
[Mote:10] [INFO: Main      ] - Net: sicslowpan
[Mote:10] [INFO: Main      ] - MAC: TSCH
[Mote:10] [INFO: Main      ] - 802.15.4 PANID: 0xabcd
[Mote:10] [INFO: Main      ] - 802.15.4 TSCH default hopping sequence length: 4
[Mote:10] [INFO: Main      ] Node ID: 10
[Mote:10] [INFO: Main      ] Link-layer address: 000a.000a.000a.000a
[Mote:10] [INFO: Main      ] Tentative link-local IPv6 address: fe80::20a:a:a:a
[Mote:12] [INFO: Main      ] Starting Contiki-NG-develop/v5.0
[Mote:12] [INFO: Main      ] - Routing: RPL Lite
[Mote:12] [INFO: Main      ] - Net: sicslowpan
[Mote:12] [INFO: Main      ] - MAC: TSCH
[Mote:12] [INFO: Main      ] - 802.15.4 PANID: 0xabcd
[Mote:12] [INFO: Main      ] - 802.15.4 TSCH default hopping sequence length: 4
[Mote:12] [INFO: Main      ] Node ID: 12
[Mote:12] [INFO: Main      ] Link-layer address: 000c.000c.000c.000c
[Mote:12] [INFO: Main      ] Tentative link-local IPv6 address: fe80::20c:c:c:c
[Mote:9] [INFO: Main      ] Starting Contiki-NG-develop/v5.0
[Mote:9] [INFO: Main      ] - Routing: RPL Lite
[Mote:9] [INFO: Main      ] - Net: sicslowpan
[Mote:9] [INFO: Main      ] - MAC: TSCH
[Mote:9] [INFO: Main      ] - 802.15.4 PANID: 0xabcd
[Mote:9] [INFO: Main      ] - 802.15.4 TSCH default hopping sequence length: 4
[Mote:9] [INFO: Main      ] Node ID: 9
[Mote:9] [INFO: Main      ] Link-layer address: 0009.0009.0009.0009
[Mote:9] [INFO: Main      ] Tentative link-local IPv6 address: fe80::209:9:9:9
[Mote:5] [INFO: Main      ] Starting Contiki-NG-develop/v5.0
[Mote:5] [INFO: Main      ] - Routing: RPL Lite
[Mote:5] [INFO: Main      ] - Net: sicslowpan
[Mote:5] [INFO: Main      ] - MAC: TSCH
[Mote:5] [INFO: Main      ] - 802.15.4 PANID: 0xabcd
[Mote:5] [INFO: Main      ] - 802.15.4 TSCH default hopping sequence length: 4
[Mote:5] [INFO: Main      ] Node ID: 5
[Mote:5] [INFO: Main      ] Link-layer address: 0005.0005.0005.0005
[Mote:5] [INFO: Main      ] Tentative link-local IPv6 address: fe80::205:5:5:5
[Mote:17] [INFO: Main      ] Starting Contiki-NG-develop/v5.0
[Mote:17] [INFO: Main      ] - Routing: RPL Lite
[Mote:17] [INFO: Main      ] - Net: sicslowpan
[Mote:17] [INFO: Main      ] - MAC: TSCH
[Mote:17] [INFO: Main      ] - 802.15.4 PANID: 0xabcd
[Mote:17] [INFO: Main      ] - 802.15.4 TSCH default hopping sequence length: 4
[Mote:17] [INFO: Main      ] Node ID: 17
[Mote:17] [INFO: Main      ] Link-layer address: 0011.0011.0011.0011
[Mote:17] [INFO: Main      ] Tentative link-local IPv6 address: fe80::211:11:11:11
[Mote:13] [INFO: Main      ] Starting Contiki-NG-develop/v5.0
[Mote:13] [INFO: Main      ] - Routing: RPL Lite
[Mote:13] [INFO: Main      ] - Net: sicslowpan
[Mote:13] [INFO: Main      ] - MAC: TSCH
[Mote:13] [INFO: Main      ] - 802.15.4 PANID: 0xabcd
[Mote:13] [INFO: Main      ] - 802.15.4 TSCH default hopping sequence length: 4
[Mote:13] [INFO: Main      ] Node ID: 13
[Mote:13] [INFO: Main      ] Link-layer address: 000d.000d.000d.000d
[Mote:13] [INFO: Main      ] Tentative link-local IPv6 address: fe80::20d:d:d:d
[Mote:3] [INFO: Main      ] Starting Contiki-NG-develop/v5.0
[Mote:3] [INFO: Main      ] - Routing: RPL Lite
[Mote:3] [INFO: Main      ] - Net: sicslowpan
[Mote:3] [INFO: Main      ] - MAC: TSCH
[Mote:3] [INFO: Main      ] - 802.15.4 PANID: 0xabcd
[Mote:3] [INFO: Main      ] - 802.15.4 TSCH default hopping sequence length: 4
[Mote:3] [INFO: Main      ] Node ID: 3
[Mote:3] [INFO: Main      ] Link-layer address: 0003.0003.0003.0003
[Mote:3] [INFO: Main      ] Tentative link-local IPv6 address: fe80::203:3:3:3
[Mote:11] Not reachable yet
[Mote:16] Not reachable yet
[Mote:8] Not reachable yet
[Mote:10] Sensor IPv6 = fe80::20a:a:a:a
[Mote:1] {"node":"fd00::20a:a:a:a", "cpu_energy_mj":18, "lpm_energy_mj":0, "radio_tx_energy_mj":0, "radio_rx_energy_mj":8, "total_energy_mj":26, "node_time":10346, "total_sent":1, "total_received":0, "bytes_tx":60, "bytes_rx":0, "r2n_latency":0, "lqi":0, "rssi":0, "server_sent":0, "server_received":1, "server_bytes_rx":60, "n2r_latency":14, "hops":0, "rtt_latency":0, "root_time_now":10360}
[Mote:2] Not reachable yet
[Mote:7] Not reachable yet
[Mote:4] Not reachable yet
[Mote:15] Not reachable yet
[Mote:13] Not reachable yet
[Mote:3] Not reachable yet
[Mote:6] Not reachable yet
[Mote:14] Not reachable yet
[Mote:9] Not reachable yet
[Mote:17] Not reachable yet
[Mote:12] Not reachable yet
[Mote:5] Not reachable yet
[Mote:11] Not reachable yet
[Mote:16] Not reachable yet
[Mote:10] Sensor IPv6 = fe80::20a:a:a:a
[Mote:1] {"node":"fd00::20a:a:a:a", "cpu_energy_mj":18, "lpm_energy_mj":0, "radio_tx_energy_mj":0, "radio_rx_energy_mj":8, "total_energy_mj":26, "node_time":20533, "total_sent":2, "total_received":1, "bytes_tx":60, "bytes_rx":12, "r2n_latency":174, "lqi":100, "rssi":-85, "server_sent":1, "server_received":3, "server_bytes_rx":60, "n2r_latency":47, "hops":0, "rtt_latency":157, "root_time_now":20580}
[Mote:8] Not reachable yet
[Mote:13] Not reachable yet
[Mote:2] Not reachable yet
[Mote:7] Not reachable yet
[Mote:3] Not reachable yet
[Mote:4] Not reachable yet
[Mote:15] Not reachable yet
[Mote:9] Sensor IPv6 = fe80::209:9:9:9
[Mote:1] {"node":"fd00::209:9:9:9", "cpu_energy_mj":38, "lpm_energy_mj":0, "radio_tx_energy_mj":0, "radio_rx_energy_mj":17, "total_energy_mj":55, "node_time":21453, "total_sent":1, "total_received":0, "bytes_tx":60, "bytes_rx":0, "r2n_latency":0, "lqi":0, "rssi":0, "server_sent":0, "server_received":1, "server_bytes_rx":60, "n2r_latency":37, "hops":0, "rtt_latency":0, "root_time_now":21490}
[Mote:14] Not reachable yet
[Mote:17] Not reachable yet
[Mote:6] Not reachable yet
[Mote:12] Not reachable yet
[Mote:5] Not reachable yet
[Mote:11] Not reachable yet
[Mote:16] Not reachable yet
[Mote:10] Sensor IPv6 = fe80::20a:a:a:a
[Mote:1] {"node":"fd00::20a:a:a:a", "cpu_energy_mj":18, "lpm_energy_mj":0, "radio_tx_energy_mj":0, "radio_rx_energy_mj":8, "total_energy_mj":26, "node_time":30720, "total_sent":3, "total_received":2, "bytes_tx":60, "bytes_rx":12, "r2n_latency":114, "lqi":100, "rssi":-85, "server_sent":2, "server_received":5, "server_bytes_rx":60, "n2r_latency":10, "hops":0, "rtt_latency":92, "root_time_now":30730}
[Mote:13] Not reachable yet
[Mote:8] Not reachable yet
[Mote:3] Not reachable yet
[Mote:2] Not reachable yet
[Mote:7] Not reachable yet
[Mote:4] Not reachable yet
[Mote:15] Sensor IPv6 = fe80::20f:f:f:f
[Mote:1] {"node":"fd00::20f:f:f:f", "cpu_energy_mj":56, "lpm_energy_mj":0, "radio_tx_energy_mj":0, "radio_rx_energy_mj":102, "total_energy_mj":158, "node_time":31642, "total_sent":1, "total_received":0, "bytes_tx":60, "bytes_rx":0, "r2n_latency":0, "lqi":0, "rssi":0, "server_sent":0, "server_received":1, "server_bytes_rx":60, "n2r_latency":68, "hops":0, "rtt_latency":0, "root_time_now":31710}
[Mote:9] Sensor IPv6 = fe80::209:9:9:9
[Mote:17] Not reachable yet
[Mote:1] {"node":"fd00::209:9:9:9", "cpu_energy_mj":19, "lpm_energy_mj":0, "radio_tx_energy_mj":0, "radio_rx_energy_mj":8, "total_energy_mj":27, "node_time":32026, "total_sent":2, "total_received":1, "bytes_tx":60, "bytes_rx":12, "r2n_latency":394, "lqi":100, "rssi":-73, "server_sent":1, "server_received":3, "server_bytes_rx":60, "n2r_latency":314, "hops":0, "rtt_latency":232, "root_time_now":32340}
[Mote:14] Not reachable yet
[Mote:6] Not reachable yet
[Mote:5] Not reachable yet
[Mote:12] Sensor IPv6 = fe80::20c:c:c:c
[Mote:1] {"node":"fd00::20c:c:c:c", "cpu_energy_mj":58, "lpm_energy_mj":0, "radio_tx_energy_mj":0, "radio_rx_energy_mj":287, "total_energy_mj":345, "node_time":32696, "total_sent":1, "total_received":0, "bytes_tx":60, "bytes_rx":0, "r2n_latency":0, "lqi":0, "rssi":0, "server_sent":0, "server_received":1, "server_bytes_rx":60, "n2r_latency":274, "hops":1, "rtt_latency":0, "root_time_now":32970}
[Mote:16] Not reachable yet
[Mote:11] Not reachable yet
[Mote:10] Sensor IPv6 = fe80::20a:a:a:a
[Mote:13] Not reachable yet
[Mote:3] Not reachable yet
[Mote:8] Not reachable yet
[Mote:1] {"node":"fd00::20a:a:a:a", "cpu_energy_mj":18, "lpm_energy_mj":0, "radio_tx_energy_mj":0, "radio_rx_energy_mj":8, "total_energy_mj":26, "node_time":40907, "total_sent":4, "total_received":3, "bytes_tx":60, "bytes_rx":12, "r2n_latency":194, "lqi":100, "rssi":-85, "server_sent":3, "server_received":7, "server_bytes_rx":60, "n2r_latency":743, "hops":0, "rtt_latency":657, "root_time_now":41650}
[Mote:7] Not reachable yet
[Mote:2] Not reachable yet
[Mote:15] Sensor IPv6 = fe80::20f:f:f:f
[Mote:4] Not reachable yet
[Mote:9] Sensor IPv6 = fe80::209:9:9:9
[Mote:1] {"node":"fd00::20f:f:f:f", "cpu_energy_mj":18, "lpm_energy_mj":0, "radio_tx_energy_mj":0, "radio_rx_energy_mj":8, "total_energy_mj":26, "node_time":42165, "total_sent":2, "total_received":1, "bytes_tx":60, "bytes_rx":12, "r2n_latency":334, "lqi":100, "rssi":-93, "server_sent":1, "server_received":3, "server_bytes_rx":60, "n2r_latency":605, "hops":0, "rtt_latency":1287, "root_time_now":42770}
[Mote:17] Not reachable yet
[Mote:1] {"node":"fd00::209:9:9:9", "cpu_energy_mj":19, "lpm_energy_mj":0, "radio_tx_energy_mj":0, "radio_rx_energy_mj":8, "total_energy_mj":27, "node_time":42595, "total_sent":3, "total_received":2, "bytes_tx":60, "bytes_rx":12, "r2n_latency":54, "lqi":100, "rssi":-73, "server_sent":2, "server_received":5, "server_bytes_rx":60, "n2r_latency":315, "hops":0, "rtt_latency":307, "root_time_now":42910}
[Mote:14] Not reachable yet
[Mote:5] Not reachable yet
[Mote:12] Sensor IPv6 = fe80::20c:c:c:c
[Mote:6] Not reachable yet
[Mote:1] {"node":"fd00::20c:c:c:c", "cpu_energy_mj":19, "lpm_energy_mj":0, "radio_tx_energy_mj":0, "radio_rx_energy_mj":8, "total_energy_mj":27, "node_time":43529, "total_sent":2, "total_received":1, "bytes_tx":60, "bytes_rx":12, "r2n_latency":1104, "lqi":100, "rssi":-81, "server_sent":1, "server_received":3, "server_bytes_rx":60, "n2r_latency":81, "hops":1, "rtt_latency":867, "root_time_now":43610}
[Mote:16] Not reachable yet
[Mote:11] Not reachable yet
[Mote:13] Not reachable yet
[Mote:10] Sensor IPv6 = fe80::20a:a:a:a
[Mote:1] {"node":"fd00::20a:a:a:a", "cpu_energy_mj":18, "lpm_energy_mj":0, "radio_tx_energy_mj":0, "radio_rx_energy_mj":8, "total_energy_mj":26, "node_time":51094, "total_sent":5, "total_received":3, "bytes_tx":60, "bytes_rx":12, "r2n_latency":194, "lqi":100, "rssi":-85, "server_sent":4, "server_received":8, "server_bytes_rx":60, "n2r_latency":6, "hops":0, "rtt_latency":657, "root_time_now":51100}
[Mote:3] Not reachable yet
[Mote:8] Not reachable yet
[Mote:7] Sensor IPv6 = fe80::207:7:7:7
[Mote:2] Not reachable yet
[Mote:1] {"node":"fd00::207:7:7:7", "cpu_energy_mj":94, "lpm_energy_mj":0, "radio_tx_energy_mj":0, "radio_rx_energy_mj":524, "total_energy_mj":618, "node_time":52385, "total_sent":1, "total_received":0, "bytes_tx":60, "bytes_rx":0, "r2n_latency":0, "lqi":0, "rssi":0, "server_sent":0, "server_received":1, "server_bytes_rx":60, "n2r_latency":115, "hops":1, "rtt_latency":0, "root_time_now":52500}
[Mote:15] Sensor IPv6 = fe80::20f:f:f:f
[Mote:4] Not reachable yet
[Mote:9] Sensor IPv6 = fe80::209:9:9:9
[Mote:1] {"node":"fd00::209:9:9:9", "cpu_energy_mj":19, "lpm_energy_mj":0, "radio_tx_energy_mj":0, "radio_rx_energy_mj":8, "total_energy_mj":27, "node_time":53166, "total_sent":4, "total_received":3, "bytes_tx":60, "bytes_rx":12, "r2n_latency":64, "lqi":100, "rssi":-73, "server_sent":3, "server_received":7, "server_bytes_rx":60, "n2r_latency":34, "hops":0, "rtt_latency":417, "root_time_now":53200}
[Mote:17] Not reachable yet
[Mote:1] {"node":"fd00::20f:f:f:f", "cpu_energy_mj":18, "lpm_energy_mj":0, "radio_tx_energy_mj":0, "radio_rx_energy_mj":8, "total_energy_mj":26, "node_time":52690, "total_sent":3, "total_received":2, "bytes_tx":60, "bytes_rx":12, "r2n_latency":204, "lqi":100, "rssi":-93, "server_sent":2, "server_received":5, "server_bytes_rx":60, "n2r_latency":790, "hops":0, "rtt_latency":1712, "root_time_now":53480}
[Mote:14] Not reachable yet
[Mote:5] Not reachable yet
[Mote:12] Sensor IPv6 = fe80::20c:c:c:c
[Mote:6] Not reachable yet
[Mote:1] {"node":"fd00::20c:c:c:c", "cpu_energy_mj":19, "lpm_energy_mj":0, "radio_tx_energy_mj":0, "radio_rx_energy_mj":8, "total_energy_mj":27, "node_time":54362, "total_sent":3, "total_received":2, "bytes_tx":60, "bytes_rx":12, "r2n_latency":1884, "lqi":100, "rssi":-81, "server_sent":2, "server_received":5, "server_bytes_rx":60, "n2r_latency":378, "hops":1, "rtt_latency":1082, "root_time_now":54740}
[Mote:16] Not reachable yet
[Mote:11] Not reachable yet
[Mote:13] Not reachable yet
[Mote:10] Sensor IPv6 = fe80::20a:a:a:a
[Mote:1] {"node":"fd00::20a:a:a:a", "cpu_energy_mj":18, "lpm_energy_mj":0, "radio_tx_energy_mj":0, "radio_rx_energy_mj":7, "total_energy_mj":25, "node_time":61281, "total_sent":6, "total_received":5, "bytes_tx":60, "bytes_rx":12, "r2n_latency":424, "lqi":100, "rssi":-85, "server_sent":5, "server_received":11, "server_bytes_rx":60, "n2r_latency":459, "hops":0, "rtt_latency":527, "root_time_now":61740}
[Mote:3] Not reachable yet
[Mote:8] Not reachable yet
[Mote:7] Sensor IPv6 = fe80::207:7:7:7
[Mote:2] Not reachable yet
[Mote:15] Sensor IPv6 = fe80::20f:f:f:f
[Mote:1] {"node":"fd00::20f:f:f:f", "cpu_energy_mj":18, "lpm_energy_mj":0, "radio_tx_energy_mj":0, "radio_rx_energy_mj":8, "total_energy_mj":26, "node_time":63215, "total_sent":4, "total_received":3, "bytes_tx":60, "bytes_rx":12, "r2n_latency":1264, "lqi":100, "rssi":-93, "server_sent":3, "server_received":7, "server_bytes_rx":60, "n2r_latency":65, "hops":0, "rtt_latency":772, "root_time_now":63280}
[Mote:4] Not reachable yet
[Mote:1] {"node":"fd00::207:7:7:7", "cpu_energy_mj":18, "lpm_energy_mj":0, "radio_tx_energy_mj":0, "radio_rx_energy_mj":8, "total_energy_mj":26, "node_time":62861, "total_sent":2, "total_received":1, "bytes_tx":60, "bytes_rx":12, "r2n_latency":2804, "lqi":100, "rssi":-81, "server_sent":1, "server_received":3, "server_bytes_rx":60, "n2r_latency":629, "hops":1, "rtt_latency":1717, "root_time_now":63490}
[Mote:9] Sensor IPv6 = fe80::209:9:9:9
[Mote:1] {"node":"fd00::209:9:9:9", "cpu_energy_mj":19, "lpm_energy_mj":0, "radio_tx_energy_mj":0, "radio_rx_energy_mj":8, "total_energy_mj":27, "node_time":63737, "total_sent":5, "total_received":4, "bytes_tx":60, "bytes_rx":12, "r2n_latency":74, "lqi":100, "rssi":-73, "server_sent":4, "server_received":9, "server_bytes_rx":60, "n2r_latency":33, "hops":0, "rtt_latency":177, "root_time_now":63770}
[Mote:17] Not reachable yet
[Mote:14] Not reachable yet
[Mote:5] Not reachable yet
[Mote:12] Sensor IPv6 = fe80::20c:c:c:c
[Mote:6] Not reachable yet
[Mote:1] {"node":"fd00::20c:c:c:c", "cpu_energy_mj":19, "lpm_energy_mj":0, "radio_tx_energy_mj":0, "radio_rx_energy_mj":8, "total_energy_mj":27, "node_time":65195, "total_sent":4, "total_received":3, "bytes_tx":60, "bytes_rx":12, "r2n_latency":1404, "lqi":100, "rssi":-81, "server_sent":3, "server_received":7, "server_bytes_rx":60, "n2r_latency":815, "hops":1, "rtt_latency":1087, "root_time_now":66010}
[Mote:16] Not reachable yet
[Mote:11] Not reachable yet
[Mote:13] Not reachable yet
[Mote:10] Sensor IPv6 = fe80::20a:a:a:a
[Mote:1] {"node":"fd00::20a:a:a:a", "cpu_energy_mj":18, "lpm_energy_mj":0, "radio_tx_energy_mj":0, "radio_rx_energy_mj":7, "total_energy_mj":25, "node_time":71469, "total_sent":7, "total_received":6, "bytes_tx":60, "bytes_rx":12, "r2n_latency":504, "lqi":100, "rssi":-85, "server_sent":6, "server_received":13, "server_bytes_rx":60, "n2r_latency":71, "hops":0, "rtt_latency":322, "root_time_now":71540}
[Mote:3] Not reachable yet
[Mote:8] Not reachable yet
[Mote:7] Sensor IPv6 = fe80::207:7:7:7
[Mote:1] {"node":"fd00::207:7:7:7", "cpu_energy_mj":18, "lpm_energy_mj":0, "radio_tx_energy_mj":0, "radio_rx_energy_mj":8, "total_energy_mj":26, "node_time":73337, "total_sent":3, "total_received":2, "bytes_tx":60, "bytes_rx":12, "r2n_latency":2044, "lqi":100, "rssi":-81, "server_sent":2, "server_received":5, "server_bytes_rx":60, "n2r_latency":93, "hops":1, "rtt_latency":1092, "root_time_now":73430}
[Mote:2] Not reachable yet
[Mote:15] Sensor IPv6 = fe80::20f:f:f:f
[Mote:1] {"node":"fd00::20f:f:f:f", "cpu_energy_mj":18, "lpm_energy_mj":0, "radio_tx_energy_mj":0, "radio_rx_energy_mj":8, "total_energy_mj":26, "node_time":73740, "total_sent":5, "total_received":4, "bytes_tx":60, "bytes_rx":12, "r2n_latency":224, "lqi":100, "rssi":-93, "server_sent":4, "server_received":9, "server_bytes_rx":60, "n2r_latency":40, "hops":0, "rtt_latency":147, "root_time_now":73780}
[Mote:4] Not reachable yet
[Mote:9] Sensor IPv6 = fe80::209:9:9:9
[Mote:1] {"node":"fd00::209:9:9:9", "cpu_energy_mj":19, "lpm_energy_mj":0, "radio_tx_energy_mj":0, "radio_rx_energy_mj":8, "total_energy_mj":27, "node_time":74308, "total_sent":6, "total_received":5, "bytes_tx":60, "bytes_rx":12, "r2n_latency":14, "lqi":100, "rssi":-73, "server_sent":5, "server_received":11, "server_bytes_rx":60, "n2r_latency":102, "hops":0, "rtt_latency":182, "root_time_now":74410}
[Mote:17] Sensor IPv6 = fe80::211:11:11:11
[Mote:1] {"node":"fd00::211:11:11:11", "cpu_energy_mj":133, "lpm_energy_mj":0, "radio_tx_energy_mj":0, "radio_rx_energy_mj":749, "total_energy_mj":882, "node_time":74633, "total_sent":1, "total_received":0, "bytes_tx":60, "bytes_rx":0, "r2n_latency":0, "lqi":0, "rssi":0, "server_sent":0, "server_received":1, "server_bytes_rx":60, "n2r_latency":127, "hops":1, "rtt_latency":0, "root_time_now":74760}
[Mote:14] Not reachable yet
[Mote:5] Not reachable yet
[Mote:12] Sensor IPv6 = fe80::20c:c:c:c
[Mote:1] {"node":"fd00::20c:c:c:c", "cpu_energy_mj":19, "lpm_energy_mj":0, "radio_tx_energy_mj":0, "radio_rx_energy_mj":8, "total_energy_mj":27, "node_time":76030, "total_sent":5, "total_received":4, "bytes_tx":60, "bytes_rx":12, "r2n_latency":1204, "lqi":100, "rssi":-81, "server_sent":4, "server_received":9, "server_bytes_rx":60, "n2r_latency":130, "hops":1, "rtt_latency":707, "root_time_now":76160}
[Mote:6] Not reachable yet
[Mote:16] Not reachable yet
[Mote:11] Not reachable yet
[Mote:13] Not reachable yet
[Mote:10] Sensor IPv6 = fe80::20a:a:a:a
[Mote:1] {"node":"fd00::20a:a:a:a", "cpu_energy_mj":18, "lpm_energy_mj":0, "radio_tx_energy_mj":0, "radio_rx_energy_mj":7, "total_energy_mj":25, "node_time":81655, "total_sent":8, "total_received":7, "bytes_tx":60, "bytes_rx":12, "r2n_latency":234, "lqi":100, "rssi":-85, "server_sent":7, "server_received":15, "server_bytes_rx":60, "n2r_latency":35, "hops":0, "rtt_latency":607, "root_time_now":81690}
[Mote:3] Not reachable yet
[Mote:8] Not reachable yet
[Mote:7] Sensor IPv6 = fe80::207:7:7:7
[Mote:1] {"node":"fd00::207:7:7:7", "cpu_energy_mj":18, "lpm_energy_mj":0, "radio_tx_energy_mj":0, "radio_rx_energy_mj":8, "total_energy_mj":26, "node_time":83813, "total_sent":4, "total_received":3, "bytes_tx":60, "bytes_rx":12, "r2n_latency":654, "lqi":100, "rssi":-81, "server_sent":3, "server_received":7, "server_bytes_rx":60, "n2r_latency":117, "hops":1, "rtt_latency":782, "root_time_now":83930}
[Mote:2] Not reachable yet
[Mote:15] Sensor IPv6 = fe80::20f:f:f:f
[Mote:1] {"node":"fd00::20f:f:f:f", "cpu_energy_mj":18, "lpm_energy_mj":0, "radio_tx_energy_mj":0, "radio_rx_energy_mj":8, "total_energy_mj":26, "node_time":84265, "total_sent":6, "total_received":5, "bytes_tx":60, "bytes_rx":12, "r2n_latency":794, "lqi":100, "rssi":-93, "server_sent":5, "server_received":11, "server_bytes_rx":60, "n2r_latency":15, "hops":0, "rtt_latency":1132, "root_time_now":84280}
[Mote:4] Not reachable yet
[Mote:9] Sensor IPv6 = fe80::209:9:9:9
[Mote:1] {"node":"fd00::209:9:9:9", "cpu_energy_mj":19, "lpm_energy_mj":0, "radio_tx_energy_mj":0, "radio_rx_energy_mj":8, "total_energy_mj":27, "node_time":84879, "total_sent":7, "total_received":6, "bytes_tx":60, "bytes_rx":12, "r2n_latency":24, "lqi":100, "rssi":-73, "server_sent":6, "server_received":13, "server_bytes_rx":60, "n2r_latency":101, "hops":0, "rtt_latency":817, "root_time_now":84980}
[Mote:17] Sensor IPv6 = fe80::211:11:11:11
[Mote:1] {"node":"fd00::211:11:11:11", "cpu_energy_mj":19, "lpm_energy_mj":0, "radio_tx_energy_mj":0, "radio_rx_energy_mj":8, "total_energy_mj":27, "node_time":85235, "total_sent":2, "total_received":1, "bytes_tx":60, "bytes_rx":12, "r2n_latency":1004, "lqi":100, "rssi":-61, "server_sent":1, "server_received":3, "server_bytes_rx":60, "n2r_latency":865, "hops":1, "rtt_latency":1167, "root_time_now":86100}
[Mote:14] Not reachable yet
[Mote:5] Not reachable yet
[Mote:12] Sensor IPv6 = fe80::20c:c:c:c
[Mote:1] {"node":"fd00::20c:c:c:c", "cpu_energy_mj":19, "lpm_energy_mj":0, "radio_tx_energy_mj":0, "radio_rx_energy_mj":9, "total_energy_mj":28, "node_time":86863, "total_sent":6, "total_received":5, "bytes_tx":60, "bytes_rx":12, "r2n_latency":3174, "lqi":100, "rssi":-81, "server_sent":5, "server_received":11, "server_bytes_rx":60, "n2r_latency":77, "hops":1, "rtt_latency":1657, "root_time_now":86940}
[Mote:6] Not reachable yet
[Mote:16] Sensor IPv6 = fe80::210:10:10:10
[Mote:11] Not reachable yet
[Mote:13] Not reachable yet
[Mote:10] Sensor IPv6 = fe80::20a:a:a:a
[Mote:1] {"node":"fd00::20a:a:a:a", "cpu_energy_mj":18, "lpm_energy_mj":0, "radio_tx_energy_mj":0, "radio_rx_energy_mj":8, "total_energy_mj":26, "node_time":91842, "total_sent":9, "total_received":8, "bytes_tx":60, "bytes_rx":12, "r2n_latency":314, "lqi":100, "rssi":-85, "server_sent":8, "server_received":17, "server_bytes_rx":60, "n2r_latency":68, "hops":0, "rtt_latency":717, "root_time_now":91910}
[Mote:3] Not reachable yet
[Mote:1] {"node":"fd00::210:10:10:10", "cpu_energy_mj":162, "lpm_energy_mj":0, "radio_tx_energy_mj":0, "radio_rx_energy_mj":1448, "total_energy_mj":1610, "node_time":90373, "total_sent":1, "total_received":0, "bytes_tx":60, "bytes_rx":0, "r2n_latency":0, "lqi":0, "rssi":0, "server_sent":0, "server_received":1, "server_bytes_rx":60, "n2r_latency":3287, "hops":2, "rtt_latency":0, "root_time_now":93660}
[Mote:8] Not reachable yet
[Mote:7] Sensor IPv6 = fe80::207:7:7:7
[Mote:1] {"node":"fd00::207:7:7:7", "cpu_energy_mj":18, "lpm_energy_mj":0, "radio_tx_energy_mj":0, "radio_rx_energy_mj":8, "total_energy_mj":26, "node_time":94289, "total_sent":5, "total_received":4, "bytes_tx":60, "bytes_rx":12, "r2n_latency":2064, "lqi":100, "rssi":-81, "server_sent":4, "server_received":9, "server_bytes_rx":60, "n2r_latency":141, "hops":1, "rtt_latency":1102, "root_time_now":94430}
[Mote:2] Not reachable yet
[Mote:15] Sensor IPv6 = fe80::20f:f:f:f
[Mote:1] {"node":"fd00::20f:f:f:f", "cpu_energy_mj":18, "lpm_energy_mj":0, "radio_tx_energy_mj":0, "radio_rx_energy_mj":8, "total_energy_mj":26, "node_time":94790, "total_sent":7, "total_received":6, "bytes_tx":60, "bytes_rx":12, "r2n_latency":174, "lqi":100, "rssi":-93, "server_sent":6, "server_received":13, "server_bytes_rx":60, "n2r_latency":60, "hops":0, "rtt_latency":1802, "root_time_now":94850}
[Mote:4] Not reachable yet
[Mote:9] Sensor IPv6 = fe80::209:9:9:9
[Mote:1] {"node":"fd00::209:9:9:9", "cpu_energy_mj":19, "lpm_energy_mj":0, "radio_tx_energy_mj":0, "radio_rx_energy_mj":8, "total_energy_mj":27, "node_time":95450, "total_sent":8, "total_received":7, "bytes_tx":60, "bytes_rx":12, "r2n_latency":34, "lqi":100, "rssi":-73, "server_sent":7, "server_received":15, "server_bytes_rx":60, "n2r_latency":170, "hops":0, "rtt_latency":507, "root_time_now":95620}
[Mote:17] Sensor IPv6 = fe80::211:11:11:11
[Mote:14] Not reachable yet
[Mote:1] {"node":"fd00::211:11:11:11", "cpu_energy_mj":19, "lpm_energy_mj":0, "radio_tx_energy_mj":0, "radio_rx_energy_mj":8, "total_energy_mj":27, "node_time":95838, "total_sent":3, "total_received":2, "bytes_tx":60, "bytes_rx":12, "r2n_latency":2344, "lqi":100, "rssi":-61, "server_sent":2, "server_received":5, "server_bytes_rx":60, "n2r_latency":1602, "hops":1, "rtt_latency":1872, "root_time_now":97440}
[Mote:5] Not reachable yet
[Mote:12] Sensor IPv6 = fe80::20c:c:c:c
[Mote:1] {"node":"fd00::20c:c:c:c", "cpu_energy_mj":19, "lpm_energy_mj":0, "radio_tx_energy_mj":0, "radio_rx_energy_mj":9, "total_energy_mj":28, "node_time":97694, "total_sent":7, "total_received":6, "bytes_tx":60, "bytes_rx":12, "r2n_latency":2974, "lqi":100, "rssi":-81, "server_sent":6, "server_received":13, "server_bytes_rx":60, "n2r_latency":96, "hops":1, "rtt_latency":1557, "root_time_now":97790}
[Mote:6] Not reachable yet
[Mote:16] Sensor IPv6 = fe80::210:10:10:10
[Mote:11] Not reachable yet
[Mote:13] Sensor IPv6 = fe80::20d:d:d:d
[Mote:10] Sensor IPv6 = fe80::20a:a:a:a
[Mote:1] {"node":"fd00::20a:a:a:a", "cpu_energy_mj":18, "lpm_energy_mj":0, "radio_tx_energy_mj":0, "radio_rx_energy_mj":7, "total_energy_mj":25, "node_time":102029, "total_sent":10, "total_received":9, "bytes_tx":60, "bytes_rx":12, "r2n_latency":674, "lqi":100, "rssi":-85, "server_sent":9, "server_received":19, "server_bytes_rx":60, "n2r_latency":101, "hops":0, "rtt_latency":1002, "root_time_now":102130}
[Mote:1] {"node":"fd00::210:10:10:10", "cpu_energy_mj":18, "lpm_energy_mj":0, "radio_tx_energy_mj":0, "radio_rx_energy_mj":8, "total_energy_mj":26, "node_time":100405, "total_sent":2, "total_received":0, "bytes_tx":60, "bytes_rx":0, "r2n_latency":0, "lqi":0, "rssi":0, "server_sent":1, "server_received":2, "server_bytes_rx":60, "n2r_latency":2355, "hops":2, "rtt_latency":0, "root_time_now":102760}
[Mote:1] {"node":"fd00::20d:d:d:d", "cpu_energy_mj":182, "lpm_energy_mj":0, "radio_tx_energy_mj":0, "radio_rx_energy_mj":1679, "total_energy_mj":1861, "node_time":101617, "total_sent":1, "total_received":0, "bytes_tx":60, "bytes_rx":0, "r2n_latency":0, "lqi":0, "rssi":0, "server_sent":0, "server_received":1, "server_bytes_rx":60, "n2r_latency":1213, "hops":3, "rtt_latency":0, "root_time_now":102830}
[Mote:3] Not reachable yet
[Mote:8] Not reachable yet
[Mote:7] Sensor IPv6 = fe80::207:7:7:7
[Mote:1] {"node":"fd00::207:7:7:7", "cpu_energy_mj":18, "lpm_energy_mj":0, "radio_tx_energy_mj":0, "radio_rx_energy_mj":8, "total_energy_mj":26, "node_time":104765, "total_sent":6, "total_received":5, "bytes_tx":60, "bytes_rx":12, "r2n_latency":3964, "lqi":100, "rssi":-81, "server_sent":5, "server_received":11, "server_bytes_rx":60, "n2r_latency":305, "hops":1, "rtt_latency":2052, "root_time_now":105070}
[Mote:2] Not reachable yet
[Mote:15] Sensor IPv6 = fe80::20f:f:f:f
[Mote:1] {"node":"fd00::20f:f:f:f", "cpu_energy_mj":18, "lpm_energy_mj":0, "radio_tx_energy_mj":1, "radio_rx_energy_mj":7, "total_energy_mj":26, "node_time":105315, "total_sent":8, "total_received":7, "bytes_tx":60, "bytes_rx":12, "r2n_latency":184, "lqi":100, "rssi":-93, "server_sent":7, "server_received":15, "server_bytes_rx":60, "n2r_latency":35, "hops":0, "rtt_latency":407, "root_time_now":105350}
[Mote:4] Not reachable yet
[Mote:9] Sensor IPv6 = fe80::209:9:9:9
[Mote:1] {"node":"fd00::209:9:9:9", "cpu_energy_mj":19, "lpm_energy_mj":0, "radio_tx_energy_mj":0, "radio_rx_energy_mj":8, "total_energy_mj":27, "node_time":106021, "total_sent":9, "total_received":8, "bytes_tx":60, "bytes_rx":12, "r2n_latency":44, "lqi":100, "rssi":-73, "server_sent":8, "server_received":17, "server_bytes_rx":60, "n2r_latency":29, "hops":0, "rtt_latency":792, "root_time_now":106050}
[Mote:17] Sensor IPv6 = fe80::211:11:11:11
[Mote:1] {"node":"fd00::211:11:11:11", "cpu_energy_mj":19, "lpm_energy_mj":0, "radio_tx_energy_mj":0, "radio_rx_energy_mj":8, "total_energy_mj":27, "node_time":106444, "total_sent":4, "total_received":3, "bytes_tx":60, "bytes_rx":12, "r2n_latency":3264, "lqi":100, "rssi":-61, "server_sent":3, "server_received":7, "server_bytes_rx":60, "n2r_latency":96, "hops":1, "rtt_latency":1772, "root_time_now":106540}
[Mote:14] Not reachable yet
[Mote:5] Not reachable yet
[Mote:12] Sensor IPv6 = fe80::20c:c:c:c
[Mote:1] {"node":"fd00::20c:c:c:c", "cpu_energy_mj":19, "lpm_energy_mj":0, "radio_tx_energy_mj":0, "radio_rx_energy_mj":9, "total_energy_mj":28, "node_time":108529, "total_sent":8, "total_received":7, "bytes_tx":60, "bytes_rx":12, "r2n_latency":1374, "lqi":100, "rssi":-81, "server_sent":7, "server_received":15, "server_bytes_rx":60, "n2r_latency":111, "hops":1, "rtt_latency":1037, "root_time_now":108640}
[Mote:6] Not reachable yet
[Mote:16] Sensor IPv6 = fe80::210:10:10:10
[Mote:11] Not reachable yet
[Mote:13] Sensor IPv6 = fe80::20d:d:d:d
[Mote:10] Sensor IPv6 = fe80::20a:a:a:a
[Mote:3] Not reachable yet
[Mote:1] {"node":"fd00::210:10:10:10", "cpu_energy_mj":18, "lpm_energy_mj":0, "radio_tx_energy_mj":0, "radio_rx_energy_mj":8, "total_energy_mj":26, "node_time":110441, "total_sent":3, "total_received":1, "bytes_tx":60, "bytes_rx":12, "r2n_latency":4384, "lqi":100, "rssi":-67, "server_sent":2, "server_received":4, "server_bytes_rx":60, "n2r_latency":3519, "hops":2, "rtt_latency":2332, "root_time_now":113960}
[Mote:1] {"node":"fd00::20a:a:a:a", "cpu_energy_mj":18, "lpm_energy_mj":0, "radio_tx_energy_mj":0, "radio_rx_energy_mj":8, "total_energy_mj":26, "node_time":112216, "total_sent":11, "total_received":10, "bytes_tx":60, "bytes_rx":12, "r2n_latency":2224, "lqi":100, "rssi":-85, "server_sent":10, "server_received":21, "server_bytes_rx":60, "n2r_latency":2024, "hops":0, "rtt_latency":1707, "root_time_now":114240}
[Mote:8] Not reachable yet
[Mote:7] Sensor IPv6 = fe80::207:7:7:7
[Mote:1] {"node":"fd00::20d:d:d:d", "cpu_energy_mj":18, "lpm_energy_mj":0, "radio_tx_energy_mj":0, "radio_rx_energy_mj":8, "total_energy_mj":26, "node_time":111732, "total_sent":2, "total_received":0, "bytes_tx":60, "bytes_rx":0, "r2n_latency":0, "lqi":0, "rssi":0, "server_sent":1, "server_received":2, "server_bytes_rx":60, "n2r_latency":3628, "hops":3, "rtt_latency":0, "root_time_now":115360}
[Mote:1] {"node":"fd00::207:7:7:7", "cpu_energy_mj":18, "lpm_energy_mj":0, "radio_tx_energy_mj":0, "radio_rx_energy_mj":8, "total_energy_mj":26, "node_time":115243, "total_sent":7, "total_received":6, "bytes_tx":60, "bytes_rx":12, "r2n_latency":2854, "lqi":100, "rssi":-81, "server_sent":6, "server_received":13, "server_bytes_rx":60, "n2r_latency":397, "hops":1, "rtt_latency":2407, "root_time_now":115640}
[Mote:2] Not reachable yet
[Mote:15] Sensor IPv6 = fe80::20f:f:f:f
[Mote:1] {"node":"fd00::20f:f:f:f", "cpu_energy_mj":18, "lpm_energy_mj":0, "radio_tx_energy_mj":0, "radio_rx_energy_mj":7, "total_energy_mj":25, "node_time":115838, "total_sent":9, "total_received":8, "bytes_tx":60, "bytes_rx":12, "r2n_latency":194, "lqi":100, "rssi":-93, "server_sent":8, "server_received":17, "server_bytes_rx":60, "n2r_latency":12, "hops":0, "rtt_latency":412, "root_time_now":115850}
[Mote:4] Not reachable yet
[Mote:9] Sensor IPv6 = fe80::209:9:9:9
[Mote:1] {"node":"fd00::209:9:9:9", "cpu_energy_mj":19, "lpm_energy_mj":0, "radio_tx_energy_mj":0, "radio_rx_energy_mj":8, "total_energy_mj":27, "node_time":116592, "total_sent":10, "total_received":9, "bytes_tx":60, "bytes_rx":12, "r2n_latency":54, "lqi":100, "rssi":-73, "server_sent":9, "server_received":19, "server_bytes_rx":60, "n2r_latency":98, "hops":0, "rtt_latency":2757, "root_time_now":116690}
[Mote:17] Sensor IPv6 = fe80::211:11:11:11
[Mote:1] {"node":"fd00::211:11:11:11", "cpu_energy_mj":19, "lpm_energy_mj":0, "radio_tx_energy_mj":1, "radio_rx_energy_mj":8, "total_energy_mj":28, "node_time":117045, "total_sent":5, "total_received":4, "bytes_tx":60, "bytes_rx":12, "r2n_latency":1384, "lqi":100, "rssi":-61, "server_sent":4, "server_received":9, "server_bytes_rx":60, "n2r_latency":135, "hops":1, "rtt_latency":1637, "root_time_now":117180}
[Mote:14] Not reachable yet
[Mote:5] Not reachable yet
[Mote:12] Sensor IPv6 = fe80::20c:c:c:c
[Mote:1] {"node":"fd00::20c:c:c:c", "cpu_energy_mj":19, "lpm_energy_mj":0, "radio_tx_energy_mj":0, "radio_rx_energy_mj":9, "total_energy_mj":28, "node_time":119362, "total_sent":9, "total_received":8, "bytes_tx":60, "bytes_rx":12, "r2n_latency":2994, "lqi":100, "rssi":-81, "server_sent":8, "server_received":17, "server_bytes_rx":60, "n2r_latency":128, "hops":1, "rtt_latency":2442, "root_time_now":119490}
[Mote:6] Not reachable yet
[Mote:16] Sensor IPv6 = fe80::210:10:10:10
[Mote:11] Not reachable yet
[Mote:13] Sensor IPv6 = fe80::20d:d:d:d
[Mote:10] Sensor IPv6 = fe80::20a:a:a:a
[Mote:1] {"node":"fd00::20a:a:a:a", "cpu_energy_mj":18, "lpm_energy_mj":0, "radio_tx_energy_mj":1, "radio_rx_energy_mj":7, "total_energy_mj":26, "node_time":122403, "total_sent":12, "total_received":11, "bytes_tx":60, "bytes_rx":12, "r2n_latency":414, "lqi":100, "rssi":-85, "server_sent":11, "server_received":23, "server_bytes_rx":60, "n2r_latency":27, "hops":0, "rtt_latency":557, "root_time_now":122430}
[Mote:3] Not reachable yet
[Mote:1] {"node":"fd00::210:10:10:10", "cpu_energy_mj":18, "lpm_energy_mj":0, "radio_tx_energy_mj":1, "radio_rx_energy_mj":7, "total_energy_mj":26, "node_time":120472, "total_sent":4, "total_received":2, "bytes_tx":60, "bytes_rx":12, "r2n_latency":3484, "lqi":100, "rssi":-67, "server_sent":3, "server_received":6, "server_bytes_rx":60, "n2r_latency":3778, "hops":2, "rtt_latency":3107, "root_time_now":124250}
[Mote:1] {"node":"fd00::20d:d:d:d", "cpu_energy_mj":18, "lpm_energy_mj":0, "radio_tx_energy_mj":0, "radio_rx_energy_mj":8, "total_energy_mj":26, "node_time":121843, "total_sent":3, "total_received":1, "bytes_tx":60, "bytes_rx":12, "r2n_latency":3764, "lqi":100, "rssi":-62, "server_sent":2, "server_received":4, "server_bytes_rx":60, "n2r_latency":2757, "hops":3, "rtt_latency":3212, "root_time_now":124600}
[Mote:8] Not reachable yet
[Mote:7] Sensor IPv6 = fe80::207:7:7:7
[Mote:2] Not reachable yet
[Mote:1] {"node":"fd00::207:7:7:7", "cpu_energy_mj":18, "lpm_energy_mj":0, "radio_tx_energy_mj":0, "radio_rx_energy_mj":8, "total_energy_mj":26, "node_time":125719, "total_sent":8, "total_received":7, "bytes_tx":60, "bytes_rx":12, "r2n_latency":1464, "lqi":100, "rssi":-81, "server_sent":7, "server_received":15, "server_bytes_rx":60, "n2r_latency":631, "hops":1, "rtt_latency":837, "root_time_now":126350}
[Mote:15] Sensor IPv6 = fe80::20f:f:f:f
[Mote:4] Not reachable yet
[Mote:1] {"node":"fd00::20f:f:f:f", "cpu_energy_mj":18, "lpm_energy_mj":0, "radio_tx_energy_mj":1, "radio_rx_energy_mj":7, "total_energy_mj":26, "node_time":126365, "total_sent":10, "total_received":9, "bytes_tx":60, "bytes_rx":12, "r2n_latency":204, "lqi":100, "rssi":-93, "server_sent":9, "server_received":19, "server_bytes_rx":60, "n2r_latency":685, "hops":0, "rtt_latency":2097, "root_time_now":127050}
[Mote:9] Sensor IPv6 = fe80::209:9:9:9
[Mote:17] Sensor IPv6 = fe80::211:11:11:11
[Mote:1] {"node":"fd00::211:11:11:11", "cpu_energy_mj":19, "lpm_energy_mj":0, "radio_tx_energy_mj":0, "radio_rx_energy_mj":8, "total_energy_mj":27, "node_time":127648, "total_sent":6, "total_received":5, "bytes_tx":60, "bytes_rx":12, "r2n_latency":3634, "lqi":100, "rssi":-61, "server_sent":5, "server_received":11, "server_bytes_rx":60, "n2r_latency":102, "hops":1, "rtt_latency":2692, "root_time_now":127750}
[Mote:1] {"node":"fd00::209:9:9:9", "cpu_energy_mj":19, "lpm_energy_mj":0, "radio_tx_energy_mj":0, "radio_rx_energy_mj":8, "total_energy_mj":27, "node_time":127163, "total_sent":11, "total_received":10, "bytes_tx":60, "bytes_rx":12, "r2n_latency":64, "lqi":100, "rssi":-73, "server_sent":10, "server_received":21, "server_bytes_rx":60, "n2r_latency":1147, "hops":0, "rtt_latency":4127, "root_time_now":128310}
[Mote:14] Not reachable yet
[Mote:5] Not reachable yet
[Mote:12] Sensor IPv6 = fe80::20c:c:c:c
[Mote:16] Sensor IPv6 = fe80::210:10:10:10
[Mote:6] Not reachable yet
[Mote:1] {"node":"fd00::210:10:10:10", "cpu_energy_mj":18, "lpm_energy_mj":0, "radio_tx_energy_mj":0, "radio_rx_energy_mj":8, "total_energy_mj":26, "node_time":130505, "total_sent":5, "total_received":3, "bytes_tx":60, "bytes_rx":12, "r2n_latency":3984, "lqi":100, "rssi":-67, "server_sent":4, "server_received":8, "server_bytes_rx":60, "n2r_latency":745, "hops":2, "rtt_latency":3497, "root_time_now":131250}
[Mote:11] Not reachable yet
[Mote:13] Sensor IPv6 = fe80::20d:d:d:d
[Mote:1] {"node":"fd00::20d:d:d:d", "cpu_energy_mj":18, "lpm_energy_mj":0, "radio_tx_energy_mj":0, "radio_rx_energy_mj":8, "total_energy_mj":26, "node_time":131956, "total_sent":4, "total_received":2, "bytes_tx":60, "bytes_rx":12, "r2n_latency":6084, "lqi":100, "rssi":-62, "server_sent":3, "server_received":6, "server_bytes_rx":60, "n2r_latency":554, "hops":3, "rtt_latency":3707, "root_time_now":132510}
[Mote:10] Sensor IPv6 = fe80::20a:a:a:a
[Mote:1] {"node":"fd00::20a:a:a:a", "cpu_energy_mj":18, "lpm_energy_mj":0, "radio_tx_energy_mj":0, "radio_rx_energy_mj":8, "total_energy_mj":26, "node_time":132592, "total_sent":13, "total_received":11, "bytes_tx":60, "bytes_rx":12, "r2n_latency":414, "lqi":100, "rssi":-85, "server_sent":12, "server_received":24, "server_bytes_rx":60, "n2r_latency":1038, "hops":0, "rtt_latency":557, "root_time_now":133630}
[Mote:3] Not reachable yet
[Mote:8] Not reachable yet
[Mote:7] Sensor IPv6 = fe80::207:7:7:7
[Mote:2] Not reachable yet
[Mote:15] Sensor IPv6 = fe80::20f:f:f:f
[Mote:1] {"node":"fd00::20f:f:f:f", "cpu_energy_mj":18, "lpm_energy_mj":0, "radio_tx_energy_mj":0, "radio_rx_energy_mj":8, "total_energy_mj":26, "node_time":136890, "total_sent":11, "total_received":10, "bytes_tx":60, "bytes_rx":12, "r2n_latency":1334, "lqi":100, "rssi":-93, "server_sent":10, "server_received":21, "server_bytes_rx":60, "n2r_latency":170, "hops":0, "rtt_latency":807, "root_time_now":137060}
[Mote:4] Not reachable yet
[Mote:9] Sensor IPv6 = fe80::209:9:9:9
[Mote:1] {"node":"fd00::209:9:9:9", "cpu_energy_mj":19, "lpm_energy_mj":0, "radio_tx_energy_mj":0, "radio_rx_energy_mj":8, "total_energy_mj":27, "node_time":137734, "total_sent":12, "total_received":11, "bytes_tx":60, "bytes_rx":12, "r2n_latency":74, "lqi":100, "rssi":-73, "server_sent":11, "server_received":23, "server_bytes_rx":60, "n2r_latency":236, "hops":0, "rtt_latency":737, "root_time_now":137970}
[Mote:17] Sensor IPv6 = fe80::211:11:11:11
[Mote:1] {"node":"fd00::211:11:11:11", "cpu_energy_mj":19, "lpm_energy_mj":0, "radio_tx_energy_mj":0, "radio_rx_energy_mj":8, "total_energy_mj":27, "node_time":138250, "total_sent":7, "total_received":6, "bytes_tx":60, "bytes_rx":12, "r2n_latency":2594, "lqi":100, "rssi":-61, "server_sent":6, "server_received":13, "server_bytes_rx":60, "n2r_latency":140, "hops":1, "rtt_latency":2032, "root_time_now":138390}
[Mote:1] {"node":"fd00::20c:c:c:c", "cpu_energy_mj":19, "lpm_energy_mj":0, "radio_tx_energy_mj":0, "radio_rx_energy_mj":9, "total_energy_mj":28, "node_time":130193, "total_sent":10, "total_received":9, "bytes_tx":60, "bytes_rx":12, "r2n_latency":1954, "lqi":100, "rssi":-81, "server_sent":10, "server_received":19, "server_bytes_rx":60, "n2r_latency":9597, "hops":1, "rtt_latency":1047, "root_time_now":139790}
[Mote:1] {"node":"fd00::207:7:7:7", "cpu_energy_mj":18, "lpm_energy_mj":0, "radio_tx_energy_mj":0, "radio_rx_energy_mj":8, "total_energy_mj":26, "node_time":136193, "total_sent":9, "total_received":8, "bytes_tx":60, "bytes_rx":12, "r2n_latency":6164, "lqi":100, "rssi":-81, "server_sent":8, "server_received":17, "server_bytes_rx":60, "n2r_latency":3737, "hops":1, "rtt_latency":4867, "root_time_now":139930}
[Mote:14] Not reachable yet
[Mote:16] Sensor IPv6 = fe80::210:10:10:10
[Mote:5] Not reachable yet
[Mote:12] Sensor IPv6 = fe80::20c:c:c:c
[Mote:1] {"node":"fd00::20c:c:c:c", "cpu_energy_mj":19, "lpm_energy_mj":0, "radio_tx_energy_mj":0, "radio_rx_energy_mj":8, "total_energy_mj":27, "node_time":141026, "total_sent":11, "total_received":10, "bytes_tx":60, "bytes_rx":12, "r2n_latency":5884, "lqi":100, "rssi":-81, "server_sent":11, "server_received":21, "server_bytes_rx":60, "n2r_latency":374, "hops":1, "rtt_latency":4937, "root_time_now":141400}
[Mote:11] Not reachable yet
[Mote:6] Not reachable yet
[Mote:13] Sensor IPv6 = fe80::20d:d:d:d
[Mote:10] Sensor IPv6 = fe80::20a:a:a:a
[Mote:1] {"node":"fd00::210:10:10:10", "cpu_energy_mj":18, "lpm_energy_mj":0, "radio_tx_energy_mj":0, "radio_rx_energy_mj":8, "total_energy_mj":26, "node_time":140538, "total_sent":6, "total_received":4, "bytes_tx":60, "bytes_rx":12, "r2n_latency":7214, "lqi":100, "rssi":-67, "server_sent":5, "server_received":10, "server_bytes_rx":60, "n2r_latency":2402, "hops":2, "rtt_latency":3712, "root_time_now":142940}
[Mote:1] {"node":"fd00::20a:a:a:a", "cpu_energy_mj":18, "lpm_energy_mj":0, "radio_tx_energy_mj":1, "radio_rx_energy_mj":7, "total_energy_mj":26, "node_time":142777, "total_sent":14, "total_received":13, "bytes_tx":60, "bytes_rx":12, "r2n_latency":1697, "lqi":100, "rssi":-85, "server_sent":13, "server_received":27, "server_bytes_rx":60, "n2r_latency":653, "hops":0, "rtt_latency":1618, "root_time_now":143430}
[Mote:3] Not reachable yet
[Mote:8] Not reachable yet
[Mote:7] Sensor IPv6 = fe80::207:7:7:7
[Mote:1] {"node":"fd00::207:7:7:7", "cpu_energy_mj":18, "lpm_energy_mj":0, "radio_tx_energy_mj":0, "radio_rx_energy_mj":8, "total_energy_mj":26, "node_time":146669, "total_sent":10, "total_received":9, "bytes_tx":60, "bytes_rx":12, "r2n_latency":2327, "lqi":100, "rssi":-81, "server_sent":9, "server_received":19, "server_bytes_rx":60, "n2r_latency":121, "hops":1, "rtt_latency":1688, "root_time_now":146790}
[Mote:2] Not reachable yet
[Mote:15] Sensor IPv6 = fe80::20f:f:f:f
[Mote:1] {"node":"fd00::20d:d:d:d", "cpu_energy_mj":18, "lpm_energy_mj":0, "radio_tx_energy_mj":0, "radio_rx_energy_mj":8, "total_energy_mj":26, "node_time":142069, "total_sent":5, "total_received":3, "bytes_tx":60, "bytes_rx":12, "r2n_latency":7634, "lqi":100, "rssi":-62, "server_sent":4, "server_received":8, "server_bytes_rx":60, "n2r_latency":5351, "hops":3, "rtt_latency":4622, "root_time_now":147420}
[Mote:1] {"node":"fd00::20f:f:f:f", "cpu_energy_mj":18, "lpm_energy_mj":0, "radio_tx_energy_mj":1, "radio_rx_energy_mj":7, "total_energy_mj":26, "node_time":147417, "total_sent":12, "total_received":11, "bytes_tx":60, "bytes_rx":12, "r2n_latency":157, "lqi":100, "rssi":-93, "server_sent":11, "server_received":23, "server_bytes_rx":60, "n2r_latency":73, "hops":0, "rtt_latency":393, "root_time_now":147490}
[Mote:4] Not reachable yet
[Mote:9] Sensor IPv6 = fe80::209:9:9:9
[Mote:1] {"node":"fd00::209:9:9:9", "cpu_energy_mj":19, "lpm_energy_mj":0, "radio_tx_energy_mj":0, "radio_rx_energy_mj":8, "total_energy_mj":27, "node_time":148307, "total_sent":13, "total_received":12, "bytes_tx":60, "bytes_rx":12, "r2n_latency":17, "lqi":100, "rssi":-73, "server_sent":12, "server_received":25, "server_bytes_rx":60, "n2r_latency":23, "hops":0, "rtt_latency":498, "root_time_now":148330}
[Mote:17] Sensor IPv6 = fe80::211:11:11:11
[Mote:1] {"node":"fd00::211:11:11:11", "cpu_energy_mj":19, "lpm_energy_mj":0, "radio_tx_energy_mj":1, "radio_rx_energy_mj":8, "total_energy_mj":28, "node_time":148854, "total_sent":8, "total_received":7, "bytes_tx":60, "bytes_rx":12, "r2n_latency":437, "lqi":100, "rssi":-61, "server_sent":7, "server_received":15, "server_bytes_rx":60, "n2r_latency":106, "hops":1, "rtt_latency":813, "root_time_now":148960}
[Mote:16] Sensor IPv6 = fe80::210:10:10:10
[Mote:14] Not reachable yet
[Mote:5] Not reachable yet
[Mote:11] Not reachable yet
[Mote:1] {"node":"fd00::210:10:10:10", "cpu_energy_mj":18, "lpm_energy_mj":0, "radio_tx_energy_mj":0, "radio_rx_energy_mj":8, "total_energy_mj":26, "node_time":150571, "total_sent":7, "total_received":5, "bytes_tx":60, "bytes_rx":12, "r2n_latency":5477, "lqi":100, "rssi":-67, "server_sent":6, "server_received":12, "server_bytes_rx":60, "n2r_latency":1259, "hops":2, "rtt_latency":3928, "root_time_now":151830}
[Mote:12] Sensor IPv6 = fe80::20c:c:c:c
[Mote:13] Sensor IPv6 = fe80::20d:d:d:d
[Mote:1] {"node":"fd00::20d:d:d:d", "cpu_energy_mj":18, "lpm_energy_mj":0, "radio_tx_energy_mj":0, "radio_rx_energy_mj":8, "total_energy_mj":26, "node_time":152184, "total_sent":6, "total_received":4, "bytes_tx":60, "bytes_rx":12, "r2n_latency":5827, "lqi":100, "rssi":-62, "server_sent":5, "server_received":10, "server_bytes_rx":60, "n2r_latency":416, "hops":3, "rtt_latency":3963, "root_time_now":152600}
[Mote:1] {"node":"fd00::20c:c:c:c", "cpu_energy_mj":19, "lpm_energy_mj":0, "radio_tx_energy_mj":0, "radio_rx_energy_mj":8, "total_energy_mj":27, "node_time":151859, "total_sent":12, "total_received":12, "bytes_tx":60, "bytes_rx":12, "r2n_latency":1144, "lqi":100, "rssi":-81, "server_sent":12, "server_received":24, "server_bytes_rx":60, "n2r_latency":951, "hops":1, "rtt_latency":1377, "root_time_now":152810}
[Mote:6] Not reachable yet
[Mote:10] Sensor IPv6 = fe80::20a:a:a:a
[Mote:1] {"node":"fd00::20a:a:a:a", "cpu_energy_mj":18, "lpm_energy_mj":0, "radio_tx_energy_mj":0, "radio_rx_energy_mj":7, "total_energy_mj":25, "node_time":152962, "total_sent":15, "total_received":14, "bytes_tx":60, "bytes_rx":12, "r2n_latency":164, "lqi":100, "rssi":-85, "server_sent":14, "server_received":29, "server_bytes_rx":60, "n2r_latency":58, "hops":0, "rtt_latency":222, "root_time_now":153020}
[Mote:3] Not reachable yet
[Mote:8] Not reachable yet
[Mote:7] Sensor IPv6 = fe80::207:7:7:7
[Mote:1] {"node":"fd00::207:7:7:7", "cpu_energy_mj":18, "lpm_energy_mj":0, "radio_tx_energy_mj":0, "radio_rx_energy_mj":8, "total_energy_mj":26, "node_time":157147, "total_sent":11, "total_received":10, "bytes_tx":60, "bytes_rx":12, "r2n_latency":864, "lqi":100, "rssi":-81, "server_sent":10, "server_received":21, "server_bytes_rx":60, "n2r_latency":143, "hops":1, "rtt_latency":1342, "root_time_now":157290}
[Mote:2] Not reachable yet
[Mote:15] Sensor IPv6 = fe80::20f:f:f:f
[Mote:1] {"node":"fd00::20f:f:f:f", "cpu_energy_mj":18, "lpm_energy_mj":0, "radio_tx_energy_mj":0, "radio_rx_energy_mj":8, "total_energy_mj":26, "node_time":157940, "total_sent":13, "total_received":12, "bytes_tx":60, "bytes_rx":12, "r2n_latency":3804, "lqi":100, "rssi":-93, "server_sent":12, "server_received":25, "server_bytes_rx":60, "n2r_latency":50, "hops":0, "rtt_latency":2007, "root_time_now":157990}
[Mote:4] Not reachable yet
[Mote:9] Sensor IPv6 = fe80::209:9:9:9
[Mote:1] {"node":"fd00::209:9:9:9", "cpu_energy_mj":19, "lpm_energy_mj":0, "radio_tx_energy_mj":0, "radio_rx_energy_mj":8, "total_energy_mj":27, "node_time":158876, "total_sent":14, "total_received":13, "bytes_tx":60, "bytes_rx":12, "r2n_latency":24, "lqi":100, "rssi":-73, "server_sent":13, "server_received":27, "server_bytes_rx":60, "n2r_latency":94, "hops":0, "rtt_latency":1237, "root_time_now":158970}
[Mote:17] Sensor IPv6 = fe80::211:11:11:11
[Mote:1] {"node":"fd00::211:11:11:11", "cpu_energy_mj":19, "lpm_energy_mj":0, "radio_tx_energy_mj":0, "radio_rx_energy_mj":8, "total_energy_mj":27, "node_time":159459, "total_sent":9, "total_received":8, "bytes_tx":60, "bytes_rx":12, "r2n_latency":4364, "lqi":100, "rssi":-61, "server_sent":8, "server_received":17, "server_bytes_rx":60, "n2r_latency":351, "hops":1, "rtt_latency":2252, "root_time_now":159810}
[Mote:16] Sensor IPv6 = fe80::210:10:10:10
[Mote:14] Not reachable yet
[Mote:11] Not reachable yet
[Mote:5] Not reachable yet
[Mote:13] Sensor IPv6 = fe80::20d:d:d:d
[Mote:12] Sensor IPv6 = fe80::20c:c:c:c
[Mote:1] {"node":"fd00::20c:c:c:c", "cpu_energy_mj":19, "lpm_energy_mj":0, "radio_tx_energy_mj":0, "radio_rx_energy_mj":8, "total_energy_mj":27, "node_time":162692, "total_sent":13, "total_received":13, "bytes_tx":60, "bytes_rx":12, "r2n_latency":1014, "lqi":100, "rssi":-81, "server_sent":13, "server_received":26, "server_bytes_rx":60, "n2r_latency":128, "hops":1, "rtt_latency":857, "root_time_now":162820}
[Mote:10] Sensor IPv6 = fe80::20a:a:a:a
[Mote:6] Not reachable yet
[Mote:1] {"node":"fd00::20a:a:a:a", "cpu_energy_mj":18, "lpm_energy_mj":0, "radio_tx_energy_mj":0, "radio_rx_energy_mj":8, "total_energy_mj":26, "node_time":163151, "total_sent":16, "total_received":15, "bytes_tx":60, "bytes_rx":12, "r2n_latency":244, "lqi":100, "rssi":-85, "server_sent":15, "server_received":31, "server_bytes_rx":60, "n2r_latency":649, "hops":0, "rtt_latency":647, "root_time_now":163800}
[Mote:3] Not reachable yet
[Mote:8] Not reachable yet
[Mote:7] Sensor IPv6 = fe80::207:7:7:7
[Mote:1] {"node":"fd00::207:7:7:7", "cpu_energy_mj":18, "lpm_energy_mj":0, "radio_tx_energy_mj":0, "radio_rx_energy_mj":8, "total_energy_mj":26, "node_time":167621, "total_sent":12, "total_received":11, "bytes_tx":60, "bytes_rx":12, "r2n_latency":3884, "lqi":100, "rssi":-81, "server_sent":11, "server_received":23, "server_bytes_rx":60, "n2r_latency":99, "hops":1, "rtt_latency":2012, "root_time_now":167720}
[Mote:2] Not reachable yet
[Mote:15] Sensor IPv6 = fe80::20f:f:f:f
[Mote:4] Not reachable yet
[Mote:1] {"node":"fd00::210:10:10:10", "cpu_energy_mj":18, "lpm_energy_mj":0, "radio_tx_energy_mj":0, "radio_rx_energy_mj":8, "total_energy_mj":26, "node_time":160604, "total_sent":8, "total_received":6, "bytes_tx":60, "bytes_rx":12, "r2n_latency":5204, "lqi":100, "rssi":-67, "server_sent":7, "server_received":14, "server_bytes_rx":60, "n2r_latency":8796, "hops":2, "rtt_latency":2952, "root_time_now":169400}
[Mote:9] Sensor IPv6 = fe80::209:9:9:9
[Mote:1] {"node":"fd00::20d:d:d:d", "cpu_energy_mj":18, "lpm_energy_mj":0, "radio_tx_energy_mj":0, "radio_rx_energy_mj":8, "total_energy_mj":26, "node_time":162295, "total_sent":7, "total_received":5, "bytes_tx":60, "bytes_rx":12, "r2n_latency":5624, "lqi":100, "rssi":-62, "server_sent":6, "server_received":12, "server_bytes_rx":60, "n2r_latency":7385, "hops":3, "rtt_latency":3092, "root_time_now":169680}
[Mote:17] Sensor IPv6 = fe80::211:11:11:11
[Mote:16] Sensor IPv6 = fe80::210:10:10:10
[Mote:1] {"node":"fd00::20f:f:f:f", "cpu_energy_mj":18, "lpm_energy_mj":0, "radio_tx_energy_mj":0, "radio_rx_energy_mj":8, "total_energy_mj":26, "node_time":168464, "total_sent":14, "total_received":13, "bytes_tx":60, "bytes_rx":12, "r2n_latency":804, "lqi":100, "rssi":-93, "server_sent":14, "server_received":26, "server_bytes_rx":60, "n2r_latency":3176, "hops":0, "rtt_latency":2007, "root_time_now":171640}
[Mote:11] Not reachable yet
[Mote:14] Not reachable yet
[Mote:13] Sensor IPv6 = fe80::20d:d:d:d
[Mote:1] {"node":"fd00::211:11:11:11", "cpu_energy_mj":19, "lpm_energy_mj":0, "radio_tx_energy_mj":1, "radio_rx_energy_mj":8, "total_energy_mj":28, "node_time":170060, "total_sent":10, "total_received":9, "bytes_tx":60, "bytes_rx":12, "r2n_latency":5984, "lqi":100, "rssi":-61, "server_sent":10, "server_received":19, "server_bytes_rx":60, "n2r_latency":2770, "hops":1, "rtt_latency":5722, "root_time_now":172830}
[Mote:5] Not reachable yet
[Mote:10] Sensor IPv6 = fe80::20a:a:a:a
[Mote:12] Sensor IPv6 = fe80::20c:c:c:c
[Mote:1] {"node":"fd00::210:10:10:10", "cpu_energy_mj":18, "lpm_energy_mj":0, "radio_tx_energy_mj":0, "radio_rx_energy_mj":7, "total_energy_mj":25, "node_time":170637, "total_sent":9, "total_received":7, "bytes_tx":60, "bytes_rx":12, "r2n_latency":6824, "lqi":100, "rssi":-67, "server_sent":8, "server_received":16, "server_bytes_rx":60, "n2r_latency":2893, "hops":2, "rtt_latency":5757, "root_time_now":173530}
[Mote:1] {"node":"fd00::20d:d:d:d", "cpu_energy_mj":18, "lpm_energy_mj":0, "radio_tx_energy_mj":0, "radio_rx_energy_mj":8, "total_energy_mj":26, "node_time":172408, "total_sent":8, "total_received":6, "bytes_tx":60, "bytes_rx":12, "r2n_latency":7314, "lqi":100, "rssi":-62, "server_sent":7, "server_received":14, "server_bytes_rx":60, "n2r_latency":1542, "hops":3, "rtt_latency":5792, "root_time_now":173950}
[Mote:6] Not reachable yet
[Mote:3] Not reachable yet
[Mote:1] {"node":"fd00::209:9:9:9", "cpu_energy_mj":19, "lpm_energy_mj":0, "radio_tx_energy_mj":0, "radio_rx_energy_mj":8, "total_energy_mj":27, "node_time":169447, "total_sent":15, "total_received":14, "bytes_tx":60, "bytes_rx":12, "r2n_latency":34, "lqi":100, "rssi":-73, "server_sent":15, "server_received":29, "server_bytes_rx":60, "n2r_latency":7513, "hops":0, "rtt_latency":1312, "root_time_now":176960}
[Mote:1] {"node":"fd00::20a:a:a:a", "cpu_energy_mj":18, "lpm_energy_mj":0, "radio_tx_energy_mj":0, "radio_rx_energy_mj":8, "total_energy_mj":26, "node_time":173338, "total_sent":17, "total_received":16, "bytes_tx":60, "bytes_rx":12, "r2n_latency":2004, "lqi":100, "rssi":-85, "server_sent":16, "server_received":33, "server_bytes_rx":60, "n2r_latency":4462, "hops":0, "rtt_latency":2297, "root_time_now":177800}
[Mote:8] Not reachable yet
[Mote:1] {"node":"fd00::20c:c:c:c", "cpu_energy_mj":19, "lpm_energy_mj":0, "radio_tx_energy_mj":0, "radio_rx_energy_mj":9, "total_energy_mj":28, "node_time":173525, "total_sent":14, "total_received":14, "bytes_tx":60, "bytes_rx":12, "r2n_latency":2914, "lqi":100, "rssi":-81, "server_sent":14, "server_received":28, "server_bytes_rx":60, "n2r_latency":4415, "hops":1, "rtt_latency":3872, "root_time_now":177940}
[Mote:7] Sensor IPv6 = fe80::207:7:7:7
[Mote:1] {"node":"fd00::207:7:7:7", "cpu_energy_mj":18, "lpm_energy_mj":0, "radio_tx_energy_mj":0, "radio_rx_energy_mj":8, "total_energy_mj":26, "node_time":178097, "total_sent":13, "total_received":12, "bytes_tx":60, "bytes_rx":12, "r2n_latency":4174, "lqi":100, "rssi":-81, "server_sent":12, "server_received":25, "server_bytes_rx":60, "n2r_latency":123, "hops":1, "rtt_latency":3942, "root_time_now":178220}
[Mote:2] Not reachable yet
[Mote:15] Sensor IPv6 = fe80::20f:f:f:f
[Mote:1] {"node":"fd00::20f:f:f:f", "cpu_energy_mj":18, "lpm_energy_mj":0, "radio_tx_energy_mj":1, "radio_rx_energy_mj":7, "total_energy_mj":26, "node_time":178990, "total_sent":15, "total_received":14, "bytes_tx":60, "bytes_rx":12, "r2n_latency":254, "lqi":100, "rssi":-93, "server_sent":14, "server_received":28, "server_bytes_rx":60, "n2r_latency":210, "hops":0, "rtt_latency":862, "root_time_now":179200}
[Mote:4] Not reachable yet
[Mote:9] Sensor IPv6 = fe80::209:9:9:9
[Mote:17] Sensor IPv6 = fe80::211:11:11:11
[Mote:16] Sensor IPv6 = fe80::210:10:10:10
[Mote:11] Not reachable yet
[Mote:13] Sensor IPv6 = fe80::20d:d:d:d
[Mote:14] Not reachable yet
[Mote:10] Sensor IPv6 = fe80::20a:a:a:a
[Mote:5] Not reachable yet
[Mote:12] Sensor IPv6 = fe80::20c:c:c:c
[Mote:3] Not reachable yet
[Mote:1] {"node":"fd00::211:11:11:11", "cpu_energy_mj":19, "lpm_energy_mj":0, "radio_tx_energy_mj":1, "radio_rx_energy_mj":8, "total_energy_mj":28, "node_time":180663, "total_sent":11, "total_received":10, "bytes_tx":60, "bytes_rx":12, "r2n_latency":4454, "lqi":100, "rssi":-61, "server_sent":11, "server_received":21, "server_bytes_rx":60, "n2r_latency":4767, "hops":1, "rtt_latency":3032, "root_time_now":185430}
[Mote:1] {"node":"fd00::209:9:9:9", "cpu_energy_mj":19, "lpm_energy_mj":0, "radio_tx_energy_mj":0, "radio_rx_energy_mj":8, "total_energy_mj":27, "node_time":180018, "total_sent":16, "total_received":15, "bytes_tx":60, "bytes_rx":12, "r2n_latency":324, "lqi":100, "rssi":-73, "server_sent":16, "server_received":31, "server_bytes_rx":60, "n2r_latency":5552, "hops":0, "rtt_latency":3522, "root_time_now":185570}
[Mote:6] Not reachable yet
[Mote:1] {"node":"fd00::210:10:10:10", "cpu_energy_mj":18, "lpm_energy_mj":0, "radio_tx_energy_mj":0, "radio_rx_energy_mj":8, "total_energy_mj":26, "node_time":180670, "total_sent":10, "total_received":8, "bytes_tx":60, "bytes_rx":12, "r2n_latency":4944, "lqi":100, "rssi":-67, "server_sent":9, "server_received":18, "server_bytes_rx":60, "n2r_latency":5810, "hops":2, "rtt_latency":4782, "root_time_now":186480}
[Mote:8] Not reachable yet
[Mote:7] Sensor IPv6 = fe80::207:7:7:7
[Mote:1] {"node":"fd00::20d:d:d:d", "cpu_energy_mj":18, "lpm_energy_mj":0, "radio_tx_energy_mj":0, "radio_rx_energy_mj":8, "total_energy_mj":26, "node_time":182523, "total_sent":9, "total_received":7, "bytes_tx":60, "bytes_rx":12, "r2n_latency":5434, "lqi":100, "rssi":-62, "server_sent":8, "server_received":16, "server_bytes_rx":60, "n2r_latency":6547, "hops":3, "rtt_latency":5727, "root_time_now":189070}
[Mote:2] Not reachable yet
[Mote:15] Sensor IPv6 = fe80::20f:f:f:f
[Mote:4] Not reachable yet
[Mote:9] Sensor IPv6 = fe80::209:9:9:9
[Mote:16] Sensor IPv6 = fe80::210:10:10:10
[Mote:1] {"node":"fd00::209:9:9:9", "cpu_energy_mj":19, "lpm_energy_mj":0, "radio_tx_energy_mj":0, "radio_rx_energy_mj":8, "total_energy_mj":27, "node_time":190589, "total_sent":17, "total_received":17, "bytes_tx":60, "bytes_rx":12, "r2n_latency":64, "lqi":100, "rssi":-73, "server_sent":17, "server_received":34, "server_bytes_rx":60, "n2r_latency":441, "hops":0, "rtt_latency":487, "root_time_now":191030}
[Mote:17] Sensor IPv6 = fe80::211:11:11:11
[Mote:1] {"node":"fd00::20a:a:a:a", "cpu_energy_mj":18, "lpm_energy_mj":0, "radio_tx_energy_mj":0, "radio_rx_energy_mj":7, "total_energy_mj":25, "node_time":183525, "total_sent":18, "total_received":17, "bytes_tx":60, "bytes_rx":12, "r2n_latency":194, "lqi":100, "rssi":-85, "server_sent":18, "server_received":35, "server_bytes_rx":60, "n2r_latency":7925, "hops":0, "rtt_latency":3002, "root_time_now":191450}
[Mote:1] {"node":"fd00::20c:c:c:c", "cpu_energy_mj":19, "lpm_energy_mj":0, "radio_tx_energy_mj":0, "radio_rx_energy_mj":9, "total_energy_mj":28, "node_time":184358, "total_sent":15, "total_received":15, "bytes_tx":60, "bytes_rx":12, "r2n_latency":3204, "lqi":100, "rssi":-81, "server_sent":16, "server_received":30, "server_bytes_rx":60, "n2r_latency":7302, "hops":1, "rtt_latency":5767, "root_time_now":191660}
[Mote:1] {"node":"fd00::207:7:7:7", "cpu_energy_mj":18, "lpm_energy_mj":0, "radio_tx_energy_mj":0, "radio_rx_energy_mj":8, "total_energy_mj":26, "node_time":188573, "total_sent":14, "total_received":13, "bytes_tx":60, "bytes_rx":12, "r2n_latency":5094, "lqi":100, "rssi":-81, "server_sent":14, "server_received":27, "server_bytes_rx":60, "n2r_latency":3227, "hops":1, "rtt_latency":5872, "root_time_now":191800}
[Mote:11] Sensor IPv6 = fe80::20b:b:b:b
[Mote:13] Sensor IPv6 = fe80::20d:d:d:d
[Mote:1] {"node":"fd00::20f:f:f:f", "cpu_energy_mj":18, "lpm_energy_mj":0, "radio_tx_energy_mj":1, "radio_rx_energy_mj":7, "total_energy_mj":26, "node_time":189513, "total_sent":16, "total_received":15, "bytes_tx":60, "bytes_rx":12, "r2n_latency":334, "lqi":100, "rssi":-93, "server_sent":16, "server_received":30, "server_bytes_rx":60, "n2r_latency":3897, "hops":0, "rtt_latency":272, "root_time_now":193410}
[Mote:10] Sensor IPv6 = fe80::20a:a:a:a
[Mote:14] Not reachable yet
[Mote:5] Not reachable yet
[Mote:1] {"node":"fd00::210:10:10:10", "cpu_energy_mj":18, "lpm_energy_mj":0, "radio_tx_energy_mj":1, "radio_rx_energy_mj":7, "total_energy_mj":26, "node_time":190702, "total_sent":11, "total_received":9, "bytes_tx":60, "bytes_rx":12, "r2n_latency":4324, "lqi":100, "rssi":-67, "server_sent":10, "server_received":20, "server_bytes_rx":60, "n2r_latency":4388, "hops":2, "rtt_latency":6642, "root_time_now":195090}
[Mote:1] {"node":"fd00::211:11:11:11", "cpu_energy_mj":19, "lpm_energy_mj":0, "radio_tx_energy_mj":1, "radio_rx_energy_mj":7, "total_energy_mj":27, "node_time":191264, "total_sent":12, "total_received":11, "bytes_tx":60, "bytes_rx":12, "r2n_latency":1034, "lqi":100, "rssi":-61, "server_sent":12, "server_received":23, "server_bytes_rx":60, "n2r_latency":3896, "hops":1, "rtt_latency":2757, "root_time_now":195160}
[Mote:12] Sensor IPv6 = fe80::20c:c:c:c
[Mote:3] Not reachable yet
[Mote:6] Not reachable yet
[Mote:1] {"node":"fd00::20b:b:b:b", "cpu_energy_mj":346, "lpm_energy_mj":0, "radio_tx_energy_mj":0, "radio_rx_energy_mj":3341, "total_energy_mj":3687, "node_time":192129, "total_sent":1, "total_received":0, "bytes_tx":60, "bytes_rx":0, "r2n_latency":0, "lqi":0, "rssi":0, "server_sent":0, "server_received":1, "server_bytes_rx":60, "n2r_latency":5691, "hops":3, "rtt_latency":0, "root_time_now":197820}
[Mote:1] {"node":"fd00::20d:d:d:d", "cpu_energy_mj":18, "lpm_energy_mj":0, "radio_tx_energy_mj":0, "radio_rx_energy_mj":8, "total_energy_mj":26, "node_time":192636, "total_sent":10, "total_received":8, "bytes_tx":60, "bytes_rx":12, "r2n_latency":4744, "lqi":100, "rssi":-62, "server_sent":9, "server_received":18, "server_bytes_rx":60, "n2r_latency":6024, "hops":3, "rtt_latency":6817, "root_time_now":198660}
[Mote:8] Not reachable yet
[Mote:7] Sensor IPv6 = fe80::207:7:7:7
[Mote:1] {"node":"fd00::20a:a:a:a", "cpu_energy_mj":18, "lpm_energy_mj":0, "radio_tx_energy_mj":1, "radio_rx_energy_mj":7, "total_energy_mj":26, "node_time":193712, "total_sent":19, "total_received":18, "bytes_tx":60, "bytes_rx":12, "r2n_latency":344, "lqi":100, "rssi":-85, "server_sent":18, "server_received":37, "server_bytes_rx":60, "n2r_latency":5438, "hops":0, "rtt_latency":942, "root_time_now":199150}
[Mote:1] {"node":"fd00::20c:c:c:c", "cpu_energy_mj":19, "lpm_energy_mj":0, "radio_tx_energy_mj":0, "radio_rx_energy_mj":9, "total_energy_mj":28, "node_time":195191, "total_sent":16, "total_received":16, "bytes_tx":60, "bytes_rx":12, "r2n_latency":4124, "lqi":100, "rssi":-81, "server_sent":16, "server_received":32, "server_bytes_rx":60, "n2r_latency":4099, "hops":1, "rtt_latency":4617, "root_time_now":199290}
[Mote:2] Not reachable yet
[Mote:15] Sensor IPv6 = fe80::20f:f:f:f
[Mote:4] Not reachable yet
[Mote:16] Sensor IPv6 = fe80::210:10:10:10
[Mote:9] Sensor IPv6 = fe80::209:9:9:9
[Mote:17] Sensor IPv6 = fe80::211:11:11:11
[Mote:11] Sensor IPv6 = fe80::20b:b:b:b
[Mote:13] Sensor IPv6 = fe80::20d:d:d:d
[Mote:1] {"node":"fd00::20f:f:f:f", "cpu_energy_mj":18, "lpm_energy_mj":0, "radio_tx_energy_mj":1, "radio_rx_energy_mj":7, "total_energy_mj":26, "node_time":200039, "total_sent":17, "total_received":16, "bytes_tx":60, "bytes_rx":12, "r2n_latency":2024, "lqi":100, "rssi":-93, "server_sent":17, "server_received":32, "server_bytes_rx":60, "n2r_latency":3101, "hops":0, "rtt_latency":3182, "root_time_now":203140}
[Mote:10] Sensor IPv6 = fe80::20a:a:a:a
[Mote:1] {"node":"fd00::209:9:9:9", "cpu_energy_mj":19, "lpm_energy_mj":0, "radio_tx_energy_mj":0, "radio_rx_energy_mj":8, "total_energy_mj":27, "node_time":201160, "total_sent":18, "total_received":18, "bytes_tx":60, "bytes_rx":12, "r2n_latency":496, "lqi":100, "rssi":-73, "server_sent":18, "server_received":36, "server_bytes_rx":60, "n2r_latency":2960, "hops":0, "rtt_latency":458, "root_time_now":204120}
[Mote:14] Not reachable yet
[Mote:5] Sensor IPv6 = fe80::205:5:5:5
[Mote:3] Not reachable yet
[Mote:12] Sensor IPv6 = fe80::20c:c:c:c
[Mote:6] Not reachable yet
[Mote:1] {"node":"fd00::210:10:10:10", "cpu_energy_mj":18, "lpm_energy_mj":0, "radio_tx_energy_mj":0, "radio_rx_energy_mj":8, "total_energy_mj":26, "node_time":200736, "total_sent":12, "total_received":10, "bytes_tx":60, "bytes_rx":12, "r2n_latency":8114, "lqi":100, "rssi":-67, "server_sent":11, "server_received":22, "server_bytes_rx":60, "n2r_latency":7444, "hops":2, "rtt_latency":4372, "root_time_now":208180}
[Mote:1] {"node":"fd00::20a:a:a:a", "cpu_energy_mj":18, "lpm_energy_mj":0, "radio_tx_energy_mj":1, "radio_rx_energy_mj":7, "total_energy_mj":26, "node_time":203899, "total_sent":20, "total_received":19, "bytes_tx":60, "bytes_rx":12, "r2n_latency":1686, "lqi":100, "rssi":-85, "server_sent":19, "server_received":39, "server_bytes_rx":60, "n2r_latency":4911, "hops":0, "rtt_latency":2768, "root_time_now":208810}
[Mote:8] Not reachable yet
[Mote:7] Sensor IPv6 = fe80::207:7:7:7
[Mote:2] Not reachable yet
[Mote:15] Sensor IPv6 = fe80::20f:f:f:f
[Mote:16] Sensor IPv6 = fe80::210:10:10:10
[Mote:4] Not reachable yet
[Mote:1] {"node":"fd00::211:11:11:11", "cpu_energy_mj":19, "lpm_energy_mj":0, "radio_tx_energy_mj":0, "radio_rx_energy_mj":8, "total_energy_mj":27, "node_time":201869, "total_sent":13, "total_received":12, "bytes_tx":60, "bytes_rx":12, "r2n_latency":5664, "lqi":100, "rssi":-61, "server_sent":14, "server_received":25, "server_bytes_rx":60, "n2r_latency":9461, "hops":1, "rtt_latency":3392, "root_time_now":211330}
[Mote:1] {"node":"fd00::205:5:5:5", "cpu_energy_mj":369, "lpm_energy_mj":0, "radio_tx_energy_mj":0, "radio_rx_energy_mj":3511, "total_energy_mj":3880, "node_time":205366, "total_sent":1, "total_received":0, "bytes_tx":60, "bytes_rx":0, "r2n_latency":0, "lqi":0, "rssi":0, "server_sent":0, "server_received":1, "server_bytes_rx":60, "n2r_latency":6174, "hops":4, "rtt_latency":0, "root_time_now":211540}
[Mote:1] {"node":"fd00::20d:d:d:d", "cpu_energy_mj":18, "lpm_energy_mj":0, "radio_tx_energy_mj":0, "radio_rx_energy_mj":8, "total_energy_mj":26, "node_time":202745, "total_sent":11, "total_received":8, "bytes_tx":60, "bytes_rx":12, "r2n_latency":4744, "lqi":100, "rssi":-62, "server_sent":11, "server_received":19, "server_bytes_rx":60, "n2r_latency":8935, "hops":3, "rtt_latency":6817, "root_time_now":211680}
[Mote:9] Sensor IPv6 = fe80::209:9:9:9
[Mote:11] Sensor IPv6 = fe80::20b:b:b:b
[Mote:17] Sensor IPv6 = fe80::211:11:11:11
[Mote:13] Sensor IPv6 = fe80::20d:d:d:d
[Mote:1] {"node":"fd00::20b:b:b:b", "cpu_energy_mj":18, "lpm_energy_mj":0, "radio_tx_energy_mj":0, "radio_rx_energy_mj":8, "total_energy_mj":26, "node_time":202251, "total_sent":2, "total_received":0, "bytes_tx":60, "bytes_rx":0, "r2n_latency":0, "lqi":0, "rssi":0, "server_sent":2, "server_received":2, "server_bytes_rx":60, "n2r_latency":10759, "hops":3, "rtt_latency":0, "root_time_now":213010}
[Mote:1] {"node":"fd00::20f:f:f:f", "cpu_energy_mj":18, "lpm_energy_mj":0, "radio_tx_energy_mj":1, "radio_rx_energy_mj":7, "total_energy_mj":26, "node_time":210563, "total_sent":18, "total_received":17, "bytes_tx":60, "bytes_rx":12, "r2n_latency":1126, "lqi":100, "rssi":-93, "server_sent":18, "server_received":34, "server_bytes_rx":60, "n2r_latency":2937, "hops":0, "rtt_latency":1613, "root_time_now":213500}
[Mote:10] Sensor IPv6 = fe80::20a:a:a:a
[Mote:14] Not reachable yet
[Mote:1] {"node":"fd00::211:11:11:11", "cpu_energy_mj":19, "lpm_energy_mj":0, "radio_tx_energy_mj":1, "radio_rx_energy_mj":8, "total_energy_mj":28, "node_time":212471, "total_sent":14, "total_received":13, "bytes_tx":60, "bytes_rx":12, "r2n_latency":8616, "lqi":100, "rssi":-61, "server_sent":14, "server_received":27, "server_bytes_rx":60, "n2r_latency":3479, "hops":1, "rtt_latency":7633, "root_time_now":215950}
[Mote:3] Not reachable yet
[Mote:5] Sensor IPv6 = fe80::205:5:5:5
[Mote:1] {"node":"fd00::210:10:10:10", "cpu_energy_mj":18, "lpm_energy_mj":0, "radio_tx_energy_mj":0, "radio_rx_energy_mj":8, "total_energy_mj":26, "node_time":210768, "total_sent":13, "total_received":11, "bytes_tx":60, "bytes_rx":12, "r2n_latency":9176, "lqi":100, "rssi":-67, "server_sent":12, "server_received":24, "server_bytes_rx":60, "n2r_latency":5882, "hops":2, "rtt_latency":7948, "root_time_now":216650}
[Mote:1] {"node":"fd00::20b:b:b:b", "cpu_energy_mj":18, "lpm_energy_mj":0, "radio_tx_energy_mj":0, "radio_rx_energy_mj":8, "total_energy_mj":26, "node_time":212375, "total_sent":3, "total_received":0, "bytes_tx":60, "bytes_rx":0, "r2n_latency":0, "lqi":0, "rssi":0, "server_sent":2, "server_received":3, "server_bytes_rx":60, "n2r_latency":4415, "hops":3, "rtt_latency":0, "root_time_now":216790}
[Mote:12] Sensor IPv6 = fe80::20c:c:c:c
[Mote:6] Not reachable yet
[Mote:8] Not reachable yet
[Mote:7] Sensor IPv6 = fe80::207:7:7:7
[Mote:16] Sensor IPv6 = fe80::210:10:10:10
[Mote:2] Not reachable yet
[Mote:15] Sensor IPv6 = fe80::20f:f:f:f
[Mote:4] Not reachable yet
[Mote:9] Not reachable yet
[Mote:11] Sensor IPv6 = fe80::20b:b:b:b
[Mote:13] Sensor IPv6 = fe80::20d:d:d:d
[Mote:17] Sensor IPv6 = fe80::211:11:11:11
[Mote:10] Sensor IPv6 = fe80::20a:a:a:a
[Mote:1] {"node":"fd00::207:7:7:7", "cpu_energy_mj":18, "lpm_energy_mj":0, "radio_tx_energy_mj":0, "radio_rx_energy_mj":8, "total_energy_mj":26, "node_time":209525, "total_sent":16, "total_received":15, "bytes_tx":60, "bytes_rx":12, "r2n_latency":3786, "lqi":100, "rssi":-81, "server_sent":17, "server_received":30, "server_bytes_rx":60, "n2r_latency":15525, "hops":1, "rtt_latency":5743, "root_time_now":225050}
[Mote:1] {"node":"fd00::20a:a:a:a", "cpu_energy_mj":18, "lpm_energy_mj":0, "radio_tx_energy_mj":1, "radio_rx_energy_mj":7, "total_energy_mj":26, "node_time":214084, "total_sent":21, "total_received":20, "bytes_tx":60, "bytes_rx":12, "r2n_latency":84, "lqi":100, "rssi":-85, "server_sent":21, "server_received":41, "server_bytes_rx":60, "n2r_latency":11176, "hops":0, "rtt_latency":7427, "root_time_now":225260}
[Mote:14] Not reachable yet
[Mote:1] {"node":"fd00::20c:c:c:c", "cpu_energy_mj":19, "lpm_energy_mj":0, "radio_tx_energy_mj":0, "radio_rx_energy_mj":9, "total_energy_mj":28, "node_time":216858, "total_sent":18, "total_received":18, "bytes_tx":60, "bytes_rx":12, "r2n_latency":644, "lqi":100, "rssi":-81, "server_sent":19, "server_received":35, "server_bytes_rx":60, "n2r_latency":9312, "hops":3, "rtt_latency":7497, "root_time_now":226170}
[Mote:3] Not reachable yet
[Mote:1] {"node":"fd00::20f:f:f:f", "cpu_energy_mj":18, "lpm_energy_mj":0, "radio_tx_energy_mj":2, "radio_rx_energy_mj":7, "total_energy_mj":27, "node_time":221089, "total_sent":19, "total_received":18, "bytes_tx":60, "bytes_rx":12, "r2n_latency":654, "lqi":100, "rssi":-93, "server_sent":19, "server_received":36, "server_bytes_rx":60, "n2r_latency":5501, "hops":0, "rtt_latency":3267, "root_time_now":226590}
[Mote:5] Sensor IPv6 = fe80::205:5:5:5
[Mote:12] Sensor IPv6 = fe80::20c:c:c:c
[Mote:6] Not reachable yet
[Mote:1] {"node":"fd00::211:11:11:11", "cpu_energy_mj":19, "lpm_energy_mj":0, "radio_tx_energy_mj":1, "radio_rx_energy_mj":7, "total_energy_mj":27, "node_time":223075, "total_sent":15, "total_received":14, "bytes_tx":60, "bytes_rx":12, "r2n_latency":9254, "lqi":100, "rssi":-61, "server_sent":15, "server_received":29, "server_bytes_rx":60, "n2r_latency":6595, "hops":3, "rtt_latency":9772, "root_time_now":229670}
[Mote:8] Not reachable yet
[Mote:7] Sensor IPv6 = fe80::207:7:7:7
[Mote:16] Sensor IPv6 = fe80::210:10:10:10
[Mote:2] Not reachable yet
[Mote:15] Sensor IPv6 = fe80::20f:f:f:f
[Mote:4] Not reachable yet
[Mote:11] Sensor IPv6 = fe80::20b:b:b:b
[Mote:9] Not reachable yet
[Mote:13] Sensor IPv6 = fe80::20d:d:d:d
[Mote:17] Sensor IPv6 = fe80::211:11:11:11
[Mote:10] Sensor IPv6 = fe80::20a:a:a:a
[Mote:3] Not reachable yet
[Mote:14] Not reachable yet
[Mote:5] Sensor IPv6 = fe80::205:5:5:5
[Mote:12] Not reachable yet
[Mote:6] Not reachable yet
[Mote:8] Not reachable yet
[Mote:16] Sensor IPv6 = fe80::210:10:10:10
[Mote:7] Not reachable yet
[Mote:2] Not reachable yet
[Mote:15] Not reachable yet
[Mote:4] Not reachable yet
[Mote:11] Sensor IPv6 = fe80::20b:b:b:b
[Mote:13] Sensor IPv6 = fe80::20d:d:d:d
[Mote:9] Not reachable yet
[Mote:17] Sensor IPv6 = fe80::211:11:11:11
[Mote:10] Not reachable yet
[Mote:3] Not reachable yet
[Mote:14] Not reachable yet
[Mote:1] {"node":"fd00::20f:f:f:f", "cpu_energy_mj":18, "lpm_energy_mj":0, "radio_tx_energy_mj":2, "radio_rx_energy_mj":7, "total_energy_mj":27, "node_time":231614, "total_sent":20, "total_received":19, "bytes_tx":60, "bytes_rx":12, "r2n_latency":385, "lqi":100, "rssi":-93, "server_sent":21, "server_received":37, "server_bytes_rx":60, "n2r_latency":16816, "hops":0, "rtt_latency":3267, "root_time_now":248430}
[Mote:5] Not reachable yet
[Mote:12] Not reachable yet
[Mote:16] Sensor IPv6 = fe80::210:10:10:10
[Mote:6] Not reachable yet
[Mote:8] Not reachable yet
[Mote:7] Not reachable yet
[Mote:2] Not reachable yet
[Mote:15] Not reachable yet
[Mote:11] Sensor IPv6 = fe80::20b:b:b:b
[Mote:4] Not reachable yet
[Mote:13] Sensor IPv6 = fe80::20d:d:d:d
[Mote:9] Not reachable yet
[Mote:10] Not reachable yet
[Mote:17] Not reachable yet
[Mote:3] Not reachable yet
[Mote:14] Not reachable yet
[Mote:5] Not reachable yet
[Mote:12] Not reachable yet
[Mote:16] Not reachable yet
[Mote:8] Not reachable yet
[Mote:7] Not reachable yet
[Mote:6] Not reachable yet
[Mote:11] Not reachable yet
[Mote:2] Not reachable yet
[Mote:15] Not reachable yet
[Mote:13] Not reachable yet
[Mote:4] Not reachable yet
[Mote:9] Not reachable yet
[Mote:10] Not reachable yet
[Mote:17] Not reachable yet
[Mote:3] Not reachable yet
[Mote:14] Not reachable yet
[Mote:5] Not reachable yet
[Mote:16] Not reachable yet
[Mote:12] Not reachable yet
[Mote:8] Not reachable yet
[Mote:7] Not reachable yet
[Mote:6] Not reachable yet
[Mote:11] Not reachable yet
[Mote:13] Not reachable yet
[Mote:2] Not reachable yet
[Mote:15] Not reachable yet
[Mote:4] Not reachable yet
[Mote:9] Not reachable yet
[Mote:10] Not reachable yet
[Mote:17] Not reachable yet
[Mote:3] Not reachable yet
[Mote:14] Not reachable yet
[Mote:5] Not reachable yet
[Mote:16] Not reachable yet
[Mote:12] Not reachable yet
[Mote:8] Not reachable yet
[Mote:7] Not reachable yet
[Mote:11] Not reachable yet
[Mote:13] Not reachable yet
[Mote:6] Not reachable yet
[Mote:2] Not reachable yet
[Mote:15] Not reachable yet
[Mote:4] Not reachable yet
[Mote:10] Not reachable yet
[Mote:9] Not reachable yet
[Mote:17] Not reachable yet
[Mote:3] Not reachable yet
[Mote:14] Not reachable yet
[Mote:16] Not reachable yet
[Mote:5] Not reachable yet
[Mote:12] Not reachable yet
[Mote:8] Not reachable yet
[Mote:7] Not reachable yet
[Mote:11] Not reachable yet
[Mote:13] Not reachable yet
[Mote:2] Not reachable yet
[Mote:15] Not reachable yet
[Mote:6] Not reachable yet
[Mote:4] Not reachable yet
[Mote:10] Not reachable yet
[Mote:9] Not reachable yet
[Mote:17] Not reachable yet
[Mote:3] Not reachable yet
[Mote:16] Not reachable yet
[Mote:14] Not reachable yet
[Mote:5] Not reachable yet
[Mote:11] Not reachable yet
[Mote:12] Not reachable yet
[Mote:8] Not reachable yet
[Mote:7] Not reachable yet
[Mote:13] Not reachable yet
[Mote:2] Not reachable yet
[Mote:15] Not reachable yet
[Mote:10] Not reachable yet
[Mote:6] Not reachable yet
[Mote:4] Not reachable yet
[Mote:9] Not reachable yet
[Mote:17] Not reachable yet
[Mote:3] Not reachable yet
[Mote:16] Not reachable yet
[Mote:14] Not reachable yet
[Mote:5] Not reachable yet
[Mote:11] Not reachable yet
[Mote:13] Not reachable yet
[Mote:8] Not reachable yet
[Mote:7] Not reachable yet
[Mote:12] Not reachable yet
[Mote:2] Not reachable yet
[Mote:15] Not reachable yet
[Mote:10] Not reachable yet
[Mote:4] Not reachable yet
[Mote:6] Not reachable yet
[Mote:9] Not reachable yet
[Mote:17] Not reachable yet
[Mote:3] Not reachable yet
[Mote:16] Not reachable yet
[Mote:14] Not reachable yet
[Mote:11] Not reachable yet
[Mote:5] Not reachable yet
[Mote:13] Not reachable yet
[Mote:8] Not reachable yet
[Mote:7] Not reachable yet
[Mote:12] Not reachable yet
[Mote:10] Not reachable yet
[Mote:2] Not reachable yet
[Mote:15] Not reachable yet
[Mote:4] Not reachable yet
[Mote:6] Not reachable yet
[Mote:9] Not reachable yet
[Mote:3] Not reachable yet
[Mote:17] Not reachable yet
[Mote:16] Not reachable yet
[Mote:14] Not reachable yet
[Mote:11] Not reachable yet
[Mote:13] Not reachable yet
[Mote:5] Not reachable yet
[Mote:8] Not reachable yet
[Mote:7] Not reachable yet
[Mote:12] Not reachable yet
[Mote:10] Not reachable yet
[Mote:2] Not reachable yet
[Mote:15] Not reachable yet
[Mote:4] Not reachable yet
[Mote:9] Not reachable yet
[Mote:6] Not reachable yet
[Mote:3] Not reachable yet
[Mote:17] Not reachable yet
[Mote:16] Not reachable yet
[Mote:11] Not reachable yet
[Mote:13] Not reachable yet
[Mote:14] Not reachable yet
[Mote:8] Not reachable yet
[Mote:5] Not reachable yet
[Mote:7] Not reachable yet
[Mote:10] Not reachable yet
[Mote:12] Not reachable yet
[Mote:2] Not reachable yet
[Mote:15] Not reachable yet
[Mote:4] Not reachable yet
[Mote:9] Not reachable yet
[Mote:3] Not reachable yet
[Mote:6] Not reachable yet
[Mote:17] Not reachable yet
[Mote:16] Not reachable yet
[Mote:11] Not reachable yet
[Mote:13] Not reachable yet
[Mote:14] Not reachable yet
[Mote:8] Not reachable yet
[Mote:7] Not reachable yet
[Mote:5] Not reachable yet
[Mote:10] Not reachable yet
[Mote:12] Not reachable yet
[Mote:2] Not reachable yet
[Mote:15] Not reachable yet
[Mote:4] Not reachable yet
[Mote:9] Not reachable yet
[Mote:3] Not reachable yet
[Mote:6] Not reachable yet
[Mote:17] Not reachable yet
[Mote:16] Not reachable yet
[Mote:11] Not reachable yet
[Mote:13] Not reachable yet
[Mote:14] Not reachable yet
[Mote:8] Not reachable yet
[Mote:7] Not reachable yet
[Mote:10] Not reachable yet
[Mote:5] Not reachable yet
[Mote:2] Not reachable yet
[Mote:15] Not reachable yet
[Mote:12] Not reachable yet
[Mote:4] Not reachable yet
[Mote:3] Not reachable yet
[Mote:9] Not reachable yet
[Mote:16] Not reachable yet
[Mote:6] Not reachable yet
[Mote:17] Not reachable yet
[Mote:11] Not reachable yet
[Mote:13] Not reachable yet
[Mote:14] Not reachable yet
[Mote:8] Not reachable yet
[Mote:10] Not reachable yet
[Mote:7] Not reachable yet
[Mote:5] Not reachable yet
[Mote:2] Not reachable yet
[Mote:15] Not reachable yet
[Mote:12] Not reachable yet
[Mote:4] Not reachable yet
[Mote:3] Not reachable yet
[Mote:9] Not reachable yet
[Mote:16] Not reachable yet
[Mote:17] Not reachable yet
[Mote:6] Not reachable yet
[Mote:11] Not reachable yet
[Mote:13] Not reachable yet
[Mote:10] Not reachable yet
[Mote:14] Not reachable yet
[Mote:8] Not reachable yet
[Mote:7] Not reachable yet
[Mote:5] Not reachable yet
[Mote:2] Not reachable yet
[Mote:15] Not reachable yet
[Mote:12] Not reachable yet
[Mote:4] Not reachable yet
[Mote:3] Not reachable yet
[Mote:16] Not reachable yet
[Mote:9] Not reachable yet
[Mote:17] Not reachable yet
[Mote:6] Not reachable yet
[Mote:11] Not reachable yet
[Mote:13] Not reachable yet
[Mote:10] Not reachable yet
[Mote:8] Not reachable yet
[Mote:7] Not reachable yet
[Mote:14] Not reachable yet
[Mote:5] Not reachable yet
[Mote:15] Not reachable yet
[Mote:2] Not reachable yet
[Mote:3] Not reachable yet
[Mote:12] Not reachable yet
[Mote:4] Not reachable yet
[Mote:16] Not reachable yet
[Mote:9] Not reachable yet
[Mote:17] Not reachable yet
[Mote:6] Not reachable yet
[Mote:11] Not reachable yet
[Mote:13] Not reachable yet
[Mote:10] Not reachable yet
[Mote:8] Not reachable yet
[Mote:7] Not reachable yet
[Mote:14] Not reachable yet
[Mote:5] Not reachable yet
[Mote:15] Not reachable yet
[Mote:2] Not reachable yet
[Mote:3] Not reachable yet
[Mote:16] Not reachable yet
[Mote:4] Not reachable yet
[Mote:12] Not reachable yet
[Mote:9] Not reachable yet
[Mote:17] Not reachable yet
[Mote:11] Not reachable yet
[Mote:13] Not reachable yet
[Mote:6] Not reachable yet
[Mote:10] Not reachable yet
[Mote:8] Not reachable yet
[Mote:7] Not reachable yet
[Mote:14] Not reachable yet
[Mote:15] Not reachable yet
[Mote:2] Not reachable yet
[Mote:5] Not reachable yet
[Mote:3] Not reachable yet
[Mote:16] Not reachable yet
[Mote:4] Not reachable yet
[Mote:12] Not reachable yet
[Mote:9] Not reachable yet
[Mote:17] Not reachable yet
[Mote:11] Not reachable yet
[Mote:13] Not reachable yet
[Mote:6] Not reachable yet
[Mote:10] Not reachable yet
[Mote:8] Not reachable yet
[Mote:7] Not reachable yet
[Mote:14] Not reachable yet
[Mote:16] Not reachable yet
[Mote:15] Not reachable yet
[Mote:3] Not reachable yet
[Mote:2] Not reachable yet
[Mote:5] Not reachable yet
[Mote:4] Not reachable yet
[Mote:12] Not reachable yet
[Mote:9] Not reachable yet
[Mote:11] Not reachable yet
[Mote:17] Not reachable yet
[Mote:13] Not reachable yet
[Mote:6] Not reachable yet
[Mote:10] Not reachable yet
[Mote:8] Not reachable yet
[Mote:7] Not reachable yet
[Mote:14] Not reachable yet
[Mote:16] Not reachable yet
[Mote:3] Not reachable yet
[Mote:15] Not reachable yet
[Mote:2] Not reachable yet
[Mote:5] Not reachable yet
[Mote:4] Not reachable yet
[Mote:9] Not reachable yet
[Mote:12] Not reachable yet
[Mote:11] Not reachable yet
[Mote:13] Not reachable yet
[Mote:17] Not reachable yet
[Mote:6] Not reachable yet
[Mote:10] Not reachable yet
[Mote:8] Not reachable yet
[Mote:7] Not reachable yet
[Mote:16] Not reachable yet
[Mote:14] Not reachable yet
[Mote:3] Not reachable yet
[Mote:15] Not reachable yet
[Mote:2] Not reachable yet
[Mote:5] Not reachable yet
[Mote:4] Not reachable yet
[Mote:9] Not reachable yet
[Mote:12] Not reachable yet
[Mote:11] Not reachable yet
[Mote:13] Not reachable yet
[Mote:17] Not reachable yet
[Mote:10] Not reachable yet
[Mote:6] Not reachable yet
[Mote:8] Not reachable yet
[Mote:7] Not reachable yet
[Mote:16] Not reachable yet
[Mote:3] Not reachable yet
[Mote:14] Not reachable yet
[Mote:15] Not reachable yet
[Mote:2] Not reachable yet
[Mote:5] Not reachable yet
[Mote:4] Not reachable yet
[Mote:9] Not reachable yet
[Mote:11] Not reachable yet
[Mote:13] Not reachable yet
[Mote:12] Not reachable yet
[Mote:17] Not reachable yet
[Mote:10] Not reachable yet
[Mote:6] Not reachable yet
[Mote:8] Not reachable yet
[Mote:7] Not reachable yet
[Mote:16] Not reachable yet
[Mote:3] Not reachable yet
[Mote:14] Not reachable yet
[Mote:15] Not reachable yet
[Mote:2] Not reachable yet
[Mote:4] Not reachable yet
[Mote:5] Not reachable yet
[Mote:11] Not reachable yet
[Mote:13] Not reachable yet
[Mote:9] Not reachable yet
[Mote:12] Not reachable yet
[Mote:17] Not reachable yet
[Mote:10] Not reachable yet
[Mote:6] Not reachable yet
[Mote:16] Not reachable yet
[Mote:8] Not reachable yet
[Mote:7] Not reachable yet
[Mote:3] Not reachable yet
[Mote:15] Not reachable yet
[Mote:2] Not reachable yet
[Mote:14] Not reachable yet
[Mote:4] Not reachable yet
[Mote:11] Not reachable yet
[Mote:13] Not reachable yet
[Mote:5] Not reachable yet
[Mote:9] Not reachable yet
[Mote:12] Not reachable yet
[Mote:17] Not reachable yet
[Mote:10] Not reachable yet
[Mote:6] Not reachable yet
[Mote:16] Not reachable yet
[Mote:7] Not reachable yet
[Mote:8] Not reachable yet
[Mote:3] Not reachable yet
[Mote:15] Not reachable yet
[Mote:2] Not reachable yet
[Mote:14] Not reachable yet
[Mote:11] Not reachable yet
[Mote:13] Not reachable yet
[Mote:4] Not reachable yet
[Mote:5] Not reachable yet
[Mote:9] Not reachable yet
[Mote:12] Not reachable yet
[Mote:17] Not reachable yet
[Mote:10] Not reachable yet
[Mote:16] Not reachable yet
[Mote:6] Not reachable yet
[Mote:7] Not reachable yet
[Mote:8] Not reachable yet
[Mote:3] Not reachable yet
[Mote:15] Not reachable yet
[Mote:2] Not reachable yet
[Mote:14] Not reachable yet
[Mote:11] Not reachable yet
[Mote:13] Not reachable yet
[Mote:4] Not reachable yet
[Mote:5] Not reachable yet
[Mote:9] Not reachable yet
[Mote:12] Not reachable yet
[Mote:17] Not reachable yet
[Mote:10] Not reachable yet
[Mote:16] Not reachable yet
[Mote:7] Not reachable yet
[Mote:8] Not reachable yet
[Mote:6] Not reachable yet
[Mote:3] Not reachable yet
[Mote:15] Not reachable yet
[Mote:2] Not reachable yet
[Mote:11] Not reachable yet
[Mote:13] Not reachable yet
[Mote:14] Not reachable yet
[Mote:4] Not reachable yet
[Mote:9] Not reachable yet
[Mote:5] Not reachable yet
[Mote:10] Not reachable yet
[Mote:17] Not reachable yet
[Mote:12] Not reachable yet
[Mote:16] Not reachable yet
[Mote:7] Not reachable yet
[Mote:8] Not reachable yet
[Mote:3] Not reachable yet
[Mote:6] Not reachable yet
[Mote:11] Not reachable yet
[Mote:15] Not reachable yet
[Mote:13] Not reachable yet
[Mote:2] Not reachable yet
[Mote:14] Not reachable yet
[Mote:4] Not reachable yet
[Mote:9] Not reachable yet
[Mote:5] Not reachable yet
[Mote:10] Not reachable yet
[Mote:17] Not reachable yet
[Mote:12] Not reachable yet
[Mote:16] Not reachable yet
[Mote:3] Not reachable yet
[Mote:7] Not reachable yet
[Mote:8] Not reachable yet
[Mote:6] Not reachable yet
[Mote:11] Not reachable yet
[Mote:13] Not reachable yet
[Mote:15] Not reachable yet
[Mote:2] Not reachable yet
[Mote:14] Not reachable yet
[Mote:4] Not reachable yet
[Mote:9] Not reachable yet
[Mote:5] Not reachable yet
[Mote:10] Not reachable yet
[Mote:17] Not reachable yet
[Mote:12] Not reachable yet
[Mote:16] Not reachable yet
[Mote:3] Not reachable yet
[Mote:7] Not reachable yet
[Mote:8] Not reachable yet
[Mote:6] Not reachable yet
[Mote:11] Not reachable yet
[Mote:13] Not reachable yet
[Mote:15] Not reachable yet
[Mote:2] Not reachable yet
[Mote:4] Not reachable yet
[Mote:14] Not reachable yet
[Mote:9] Not reachable yet
[Mote:10] Not reachable yet
[Mote:5] Not reachable yet
[Mote:17] Not reachable yet
[Mote:16] Not reachable yet
[Mote:12] Not reachable yet
[Mote:3] Not reachable yet
[Mote:7] Not reachable yet
[Mote:8] Not reachable yet
[Mote:11] Not reachable yet
[Mote:13] Not reachable yet
[Mote:6] Not reachable yet
[Mote:15] Not reachable yet
[Mote:2] Not reachable yet
[Mote:4] Not reachable yet
[Mote:14] Not reachable yet
[Mote:10] Not reachable yet
[Mote:9] Not reachable yet
[Mote:5] Not reachable yet
[Mote:16] Not reachable yet
[Mote:17] Not reachable yet
[Mote:12] Not reachable yet
[Mote:3] Not reachable yet
[Mote:7] Not reachable yet
[Mote:8] Not reachable yet
[Mote:11] Not reachable yet
[Mote:13] Not reachable yet
[Mote:6] Not reachable yet
[Mote:15] Not reachable yet
[Mote:2] Not reachable yet
[Mote:4] Not reachable yet
[Mote:14] Not reachable yet
[Mote:10] Not reachable yet
[Mote:9] Not reachable yet
[Mote:16] Not reachable yet
[Mote:5] Not reachable yet
[Mote:17] Not reachable yet
[Mote:12] Not reachable yet
[Mote:3] Not reachable yet
[Mote:7] Not reachable yet
[Mote:8] Not reachable yet
[Mote:11] Not reachable yet
[Mote:13] Not reachable yet
[Mote:15] Not reachable yet
[Mote:2] Not reachable yet
[Mote:6] Not reachable yet
[Mote:4] Not reachable yet
[Mote:10] Not reachable yet
[Mote:14] Not reachable yet
[Mote:9] Not reachable yet
[Mote:16] Not reachable yet
[Mote:5] Not reachable yet
[Mote:17] Not reachable yet
[Mote:12] Not reachable yet
[Mote:3] Not reachable yet
[Mote:7] Not reachable yet
[Mote:8] Not reachable yet
[Mote:11] Not reachable yet
[Mote:13] Not reachable yet
[Mote:15] Sensor IPv6 = fe80::20f:f:f:f
[Mote:2] Not reachable yet
[Mote:1] {"node":"fd00::20f:f:f:f", "cpu_energy_mj":644, "lpm_energy_mj":0, "radio_tx_energy_mj":22, "radio_rx_energy_mj":2507, "total_energy_mj":3173, "node_time":589465, "total_sent":21, "total_received":51, "bytes_tx":60, "bytes_rx":12, "r2n_latency":804, "lqi":100, "rssi":-93, "server_sent":55, "server_received":39, "server_bytes_rx":60, "n2r_latency":285, "hops":0, "rtt_latency":3552, "root_time_now":589750}
[Mote:6] Not reachable yet
[Mote:10] Not reachable yet
[Mote:4] Not reachable yet
[Mote:14] Not reachable yet
[Mote:16] Not reachable yet
[Mote:9] Not reachable yet
[Mote:5] Not reachable yet
[Mote:17] Not reachable yet
[Mote:3] Not reachable yet
[Mote:12] Not reachable yet
[Mote:11] Not reachable yet
[Mote:7] Not reachable yet
[Mote:13] Not reachable yet
[Mote:8] Not reachable yet
[Mote:15] Sensor IPv6 = fe80::20f:f:f:f
[Mote:2] Not reachable yet
[Mote:1] {"node":"fd00::20f:f:f:f", "cpu_energy_mj":18, "lpm_energy_mj":0, "radio_tx_energy_mj":1, "radio_rx_energy_mj":7, "total_energy_mj":26, "node_time":599989, "total_sent":22, "total_received":52, "bytes_tx":60, "bytes_rx":12, "r2n_latency":114, "lqi":100, "rssi":-93, "server_sent":57, "server_received":41, "server_bytes_rx":60, "n2r_latency":191, "hops":0, "rtt_latency":1912, "root_time_now":600180}
[Mote:6] Not reachable yet
[Mote:10] Not reachable yet
[Mote:4] Not reachable yet
[Mote:16] Not reachable yet
[Mote:14] Not reachable yet
[Mote:9] Not reachable yet
[Mote:5] Not reachable yet
[Mote:17] Not reachable yet
[Mote:3] Not reachable yet
[Mote:12] Not reachable yet
[Mote:11] Not reachable yet
[Mote:13] Not reachable yet
[Mote:7] Not reachable yet
[Mote:8] Not reachable yet
[Mote:15] Sensor IPv6 = fe80::20f:f:f:f
[Mote:2] Not reachable yet
[Mote:10] Not reachable yet
[Mote:1] {"node":"fd00::20f:f:f:f", "cpu_energy_mj":18, "lpm_energy_mj":0, "radio_tx_energy_mj":1, "radio_rx_energy_mj":7, "total_energy_mj":26, "node_time":610515, "total_sent":23, "total_received":54, "bytes_tx":60, "bytes_rx":12, "r2n_latency":416, "lqi":100, "rssi":-93, "server_sent":58, "server_received":44, "server_bytes_rx":60, "n2r_latency":1005, "hops":0, "rtt_latency":663, "root_time_now":611520}
[Mote:6] Not reachable yet
[Mote:16] Not reachable yet
[Mote:4] Not reachable yet
[Mote:9] Not reachable yet
[Mote:14] Not reachable yet
[Mote:17] Not reachable yet
[Mote:5] Not reachable yet
[Mote:3] Not reachable yet
[Mote:11] Not reachable yet
[Mote:13] Not reachable yet
[Mote:12] Not reachable yet
[Mote:7] Not reachable yet
[Mote:8] Not reachable yet
[Mote:15] Sensor IPv6 = fe80::20f:f:f:f
[Mote:2] Not reachable yet
[Mote:10] Not reachable yet
[Mote:16] Not reachable yet
[Mote:4] Not reachable yet
[Mote:6] Not reachable yet
[Mote:9] Not reachable yet
[Mote:14] Not reachable yet
[Mote:1] {"node":"fd00::20f:f:f:f", "cpu_energy_mj":18, "lpm_energy_mj":0, "radio_tx_energy_mj":0, "radio_rx_energy_mj":8, "total_energy_mj":26, "node_time":621040, "total_sent":24, "total_received":55, "bytes_tx":60, "bytes_rx":12, "r2n_latency":144, "lqi":100, "rssi":-93, "server_sent":59, "server_received":46, "server_bytes_rx":60, "n2r_latency":3360, "hops":0, "rtt_latency":702, "root_time_now":624400}
[Mote:17] Not reachable yet
[Mote:5] Not reachable yet
[Mote:3] Not reachable yet
[Mote:11] Not reachable yet
[Mote:13] Not reachable yet
[Mote:12] Not reachable yet
[Mote:7] Not reachable yet
[Mote:8] Not reachable yet
[Mote:15] Sensor IPv6 = fe80::20f:f:f:f
[Mote:2] Not reachable yet
[Mote:10] Not reachable yet
[Mote:16] Not reachable yet
[Mote:1] {"node":"fd00::20f:f:f:f", "cpu_energy_mj":18, "lpm_energy_mj":0, "radio_tx_energy_mj":0, "radio_rx_energy_mj":8, "total_energy_mj":26, "node_time":631564, "total_sent":25, "total_received":56, "bytes_tx":60, "bytes_rx":12, "r2n_latency":154, "lqi":100, "rssi":-93, "server_sent":60, "server_received":48, "server_bytes_rx":60, "n2r_latency":886, "hops":0, "rtt_latency":147, "root_time_now":632450}
[Mote:4] Not reachable yet
[Mote:6] Not reachable yet
[Mote:9] Not reachable yet
[Mote:14] Not reachable yet
[Mote:17] Not reachable yet
[Mote:3] Not reachable yet
[Mote:5] Not reachable yet
[Mote:11] Not reachable yet
[Mote:13] Not reachable yet
[Mote:7] Not reachable yet
[Mote:8] Not reachable yet
[Mote:12] Not reachable yet
[Mote:10] Not reachable yet
[Mote:15] Sensor IPv6 = fe80::20f:f:f:f
[Mote:1] {"node":"fd00::20f:f:f:f", "cpu_energy_mj":18, "lpm_energy_mj":0, "radio_tx_energy_mj":1, "radio_rx_energy_mj":7, "total_energy_mj":26, "node_time":642090, "total_sent":26, "total_received":57, "bytes_tx":60, "bytes_rx":12, "r2n_latency":444, "lqi":100, "rssi":-93, "server_sent":61, "server_received":50, "server_bytes_rx":60, "n2r_latency":20, "hops":0, "rtt_latency":852, "root_time_now":642110}
[Mote:16] Not reachable yet
[Mote:2] Not reachable yet
[Mote:4] Not reachable yet
[Mote:6] Not reachable yet
[Mote:9] Not reachable yet
[Mote:14] Not reachable yet
[Mote:3] Not reachable yet
[Mote:17] Not reachable yet
[Mote:11] Not reachable yet
[Mote:13] Not reachable yet
[Mote:5] Not reachable yet
[Mote:7] Not reachable yet
[Mote:8] Not reachable yet
[Mote:12] Not reachable yet
[Mote:10] Not reachable yet
[Mote:16] Not reachable yet
[Mote:15] Sensor IPv6 = fe80::20f:f:f:f
[Mote:2] Not reachable yet
[Mote:4] Not reachable yet
[Mote:6] Not reachable yet
[Mote:9] Not reachable yet
[Mote:1] {"node":"fd00::20f:f:f:f", "cpu_energy_mj":18, "lpm_energy_mj":0, "radio_tx_energy_mj":1, "radio_rx_energy_mj":7, "total_energy_mj":26, "node_time":652615, "total_sent":27, "total_received":58, "bytes_tx":60, "bytes_rx":12, "r2n_latency":664, "lqi":100, "rssi":-93, "server_sent":62, "server_received":52, "server_bytes_rx":60, "n2r_latency":3565, "hops":0, "rtt_latency":612, "root_time_now":656180}
[Mote:14] Not reachable yet
[Mote:3] Not reachable yet
[Mote:11] Not reachable yet
[Mote:17] Not reachable yet
[Mote:13] Not reachable yet
[Mote:5] Not reachable yet
[Mote:7] Not reachable yet
[Mote:8] Not reachable yet
[Mote:12] Not reachable yet
[Mote:16] Not reachable yet
[Mote:10] Not reachable yet
[Mote:15] Sensor IPv6 = fe80::20f:f:f:f
[Mote:2] Not reachable yet
[Mote:4] Not reachable yet
[Mote:9] Not reachable yet
[Mote:6] Not reachable yet
[Mote:14] Not reachable yet
[Mote:1] {"node":"fd00::20f:f:f:f", "cpu_energy_mj":18, "lpm_energy_mj":0, "radio_tx_energy_mj":1, "radio_rx_energy_mj":7, "total_energy_mj":26, "node_time":663140, "total_sent":28, "total_received":59, "bytes_tx":60, "bytes_rx":12, "r2n_latency":184, "lqi":100, "rssi":-93, "server_sent":63, "server_received":54, "server_bytes_rx":60, "n2r_latency":4520, "hops":0, "rtt_latency":1527, "root_time_now":667660}
[Mote:3] Not reachable yet
[Mote:11] Not reachable yet
[Mote:13] Not reachable yet
[Mote:17] Not reachable yet
[Mote:5] Not reachable yet
[Mote:7] Not reachable yet
[Mote:8] Not reachable yet
[Mote:12] Not reachable yet
[Mote:16] Not reachable yet
[Mote:10] Not reachable yet
[Mote:15] Not reachable yet
[Mote:2] Not reachable yet
[Mote:4] Not reachable yet
[Mote:9] Not reachable yet
[Mote:6] Not reachable yet
[Mote:3] Not reachable yet
[Mote:11] Not reachable yet
[Mote:13] Not reachable yet
[Mote:14] Not reachable yet
[Mote:17] Not reachable yet
[Mote:5] Not reachable yet
[Mote:7] Not reachable yet
[Mote:8] Not reachable yet
[Mote:16] Not reachable yet
[Mote:12] Not reachable yet
[Mote:10] Not reachable yet
[Mote:15] Not reachable yet
[Mote:2] Not reachable yet
[Mote:4] Not reachable yet
[Mote:9] Not reachable yet
[Mote:11] Not reachable yet
[Mote:13] Not reachable yet
[Mote:3] Not reachable yet
[Mote:6] Not reachable yet
[Mote:14] Not reachable yet
[Mote:17] Not reachable yet
[Mote:5] Not reachable yet
[Mote:7] Not reachable yet
[Mote:8] Not reachable yet
[Mote:16] Not reachable yet
[Mote:10] Not reachable yet
[Mote:12] Not reachable yet
[Mote:15] Not reachable yet
[Mote:2] Not reachable yet
[Mote:4] Not reachable yet
[Mote:9] Not reachable yet
[Mote:11] Not reachable yet
[Mote:13] Not reachable yet
[Mote:3] Not reachable yet
[Mote:6] Not reachable yet
[Mote:14] Not reachable yet
[Mote:17] Not reachable yet
[Mote:5] Not reachable yet
[Mote:7] Not reachable yet
[Mote:8] Not reachable yet
[Mote:16] Not reachable yet
[Mote:10] Not reachable yet
[Mote:12] Not reachable yet
[Mote:15] Not reachable yet
[Mote:2] Not reachable yet
[Mote:4] Not reachable yet
[Mote:13] Not reachable yet
[Mote:11] Not reachable yet
[Mote:9] Not reachable yet
[Mote:3] Not reachable yet
[Mote:6] Not reachable yet
[Mote:14] Not reachable yet
[Mote:17] Not reachable yet
[Mote:7] Not reachable yet
[Mote:16] Not reachable yet
[Mote:8] Not reachable yet
[Mote:5] Not reachable yet
[Mote:10] Not reachable yet
[Mote:12] Not reachable yet
[Mote:15] Not reachable yet
[Mote:2] Not reachable yet
[Mote:4] Not reachable yet
[Mote:13] Not reachable yet
[Mote:11] Not reachable yet
[Mote:3] Not reachable yet
[Mote:9] Not reachable yet
[Mote:6] Not reachable yet
[Mote:14] Not reachable yet
[Mote:17] Not reachable yet
[Mote:16] Not reachable yet
[Mote:7] Not reachable yet
[Mote:8] Not reachable yet
[Mote:5] Not reachable yet
[Mote:10] Not reachable yet
[Mote:12] Not reachable yet
[Mote:15] Not reachable yet
[Mote:2] Not reachable yet
[Mote:4] Not reachable yet
[Mote:13] Not reachable yet
[Mote:11] Not reachable yet
[Mote:3] Not reachable yet
[Mote:9] Not reachable yet
[Mote:14] Not reachable yet
[Mote:17] Not reachable yet
[Mote:6] Not reachable yet
[Mote:16] Not reachable yet
[Mote:7] Not reachable yet
[Mote:8] Not reachable yet
[Mote:10] Not reachable yet
[Mote:5] Not reachable yet
[Mote:15] Not reachable yet
[Mote:12] Not reachable yet
[Mote:2] Not reachable yet
[Mote:13] Not reachable yet
[Mote:11] Not reachable yet
[Mote:4] Not reachable yet
[Mote:3] Not reachable yet
[Mote:9] Not reachable yet
[Mote:16] Not reachable yet
[Mote:17] Not reachable yet
[Mote:14] Not reachable yet
[Mote:6] Not reachable yet
[Mote:7] Not reachable yet
[Mote:10] Not reachable yet
[Mote:8] Not reachable yet
[Mote:5] Not reachable yet
[Mote:15] Not reachable yet
[Mote:2] Not reachable yet
[Mote:12] Not reachable yet
[Mote:13] Not reachable yet
[Mote:11] Not reachable yet
[Mote:4] Not reachable yet
[Mote:3] Not reachable yet
[Mote:9] Not reachable yet
[Mote:16] Not reachable yet
[Mote:17] Not reachable yet
[Mote:14] Not reachable yet
[Mote:6] Not reachable yet
[Mote:10] Not reachable yet
[Mote:7] Not reachable yet
[Mote:8] Not reachable yet
[Mote:5] Not reachable yet
[Mote:15] Not reachable yet
[Mote:2] Not reachable yet
[Mote:12] Not reachable yet
[Mote:13] Not reachable yet
[Mote:11] Not reachable yet
[Mote:4] Not reachable yet
[Mote:3] Not reachable yet
[Mote:9] Not reachable yet
[Mote:16] Not reachable yet
[Mote:17] Not reachable yet
[Mote:10] Not reachable yet
[Mote:14] Not reachable yet
[Mote:7] Not reachable yet
[Mote:6] Not reachable yet
[Mote:8] Not reachable yet
[Mote:5] Not reachable yet
[Mote:15] Not reachable yet
[Mote:2] Not reachable yet
[Mote:13] Not reachable yet
[Mote:11] Not reachable yet
[Mote:12] Not reachable yet
[Mote:3] Not reachable yet
[Mote:4] Not reachable yet
[Mote:9] Not reachable yet
[Mote:16] Not reachable yet
[Mote:10] Not reachable yet
[Mote:17] Not reachable yet
[Mote:14] Not reachable yet
[Mote:7] Not reachable yet
[Mote:8] Not reachable yet
[Mote:6] Not reachable yet
[Mote:5] Not reachable yet
[Mote:15] Not reachable yet
[Mote:2] Not reachable yet
[Mote:13] Not reachable yet
[Mote:11] Not reachable yet
[Mote:12] Not reachable yet
[Mote:3] Not reachable yet
[Mote:4] Not reachable yet
[Mote:9] Not reachable yet
[Mote:16] Not reachable yet
[Mote:10] Not reachable yet
[Mote:17] Not reachable yet
[Mote:7] Not reachable yet
[Mote:14] Not reachable yet
[Mote:8] Not reachable yet
[Mote:6] Not reachable yet
[Mote:5] Not reachable yet
[Mote:13] Not reachable yet
[Mote:11] Not reachable yet
[Mote:15] Not reachable yet
[Mote:2] Not reachable yet
[Mote:3] Not reachable yet
[Mote:12] Not reachable yet
[Mote:4] Not reachable yet
[Mote:16] Not reachable yet
[Mote:9] Not reachable yet
[Mote:10] Not reachable yet
[Mote:17] Not reachable yet
[Mote:7] Not reachable yet
[Mote:8] Not reachable yet
[Mote:14] Not reachable yet
[Mote:6] Not reachable yet
[Mote:5] Not reachable yet
[Mote:13] Not reachable yet
[Mote:11] Not reachable yet
[Mote:15] Not reachable yet
[Mote:2] Not reachable yet
[Mote:3] Not reachable yet
[Mote:12] Not reachable yet
[Mote:4] Not reachable yet
[Mote:16] Not reachable yet
[Mote:9] Not reachable yet
[Mote:10] Not reachable yet
[Mote:17] Not reachable yet
[Mote:7] Not reachable yet
[Mote:8] Not reachable yet
[Mote:14] Not reachable yet
[Mote:6] Not reachable yet
[Mote:13] Not reachable yet
[Mote:11] Not reachable yet
[Mote:5] Not reachable yet
[Mote:15] Not reachable yet
[Mote:2] Not reachable yet
[Mote:3] Not reachable yet
[Mote:12] Not reachable yet
[Mote:16] Not reachable yet
[Mote:4] Not reachable yet
[Mote:9] Not reachable yet
[Mote:10] Not reachable yet
[Mote:17] Not reachable yet
[Mote:7] Not reachable yet
[Mote:8] Not reachable yet
[Mote:14] Not reachable yet
[Mote:6] Not reachable yet
[Mote:13] Not reachable yet
[Mote:11] Not reachable yet
[Mote:5] Not reachable yet
[Mote:15] Not reachable yet
[Mote:2] Not reachable yet
[Mote:3] Not reachable yet
[Mote:16] Not reachable yet
[Mote:4] Not reachable yet
[Mote:12] Not reachable yet
[Mote:9] Not reachable yet
[Mote:10] Not reachable yet
[Mote:17] Not reachable yet
[Mote:7] Not reachable yet
[Mote:8] Not reachable yet
[Mote:14] Not reachable yet
[Mote:13] Not reachable yet
[Mote:11] Not reachable yet
[Mote:6] Not reachable yet
[Mote:5] Not reachable yet
[Mote:15] Not reachable yet
[Mote:2] Not reachable yet
[Mote:3] Not reachable yet
[Mote:16] Not reachable yet
[Mote:4] Not reachable yet
[Mote:12] Not reachable yet
[Mote:9] Not reachable yet
[Mote:10] Not reachable yet
[Mote:17] Not reachable yet
[Mote:7] Not reachable yet
[Mote:8] Not reachable yet
[Mote:14] Not reachable yet
[Mote:13] Not reachable yet
[Mote:11] Not reachable yet
[Mote:6] Not reachable yet
[Mote:15] Not reachable yet
[Mote:5] Not reachable yet
[Mote:3] Not reachable yet
[Mote:2] Not reachable yet
[Mote:16] Not reachable yet
[Mote:4] Not reachable yet
[Mote:12] Not reachable yet
[Mote:10] Not reachable yet
[Mote:9] Not reachable yet
[Mote:7] Not reachable yet
[Mote:17] Not reachable yet
[Mote:8] Not reachable yet
[Mote:13] Not reachable yet
[Mote:11] Not reachable yet
[Mote:14] Not reachable yet
[Mote:6] Not reachable yet
[Mote:3] Not reachable yet
[Mote:15] Not reachable yet
[Mote:2] Not reachable yet
[Mote:16] Not reachable yet
[Mote:5] Not reachable yet
[Mote:4] Not reachable yet
[Mote:10] Not reachable yet
[Mote:12] Not reachable yet
[Mote:9] Not reachable yet
[Mote:7] Not reachable yet
[Mote:17] Not reachable yet
[Mote:8] Not reachable yet
[Mote:13] Not reachable yet
[Mote:11] Not reachable yet
[Mote:14] Not reachable yet
[Mote:3] Not reachable yet
[Mote:16] Not reachable yet
[Mote:15] Not reachable yet
[Mote:6] Not reachable yet
[Mote:2] Not reachable yet
[Mote:5] Not reachable yet
[Mote:4] Not reachable yet
[Mote:10] Not reachable yet
[Mote:12] Not reachable yet
[Mote:9] Not reachable yet
[Mote:7] Not reachable yet
[Mote:8] Not reachable yet
[Mote:17] Not reachable yet
[Mote:13] Not reachable yet
[Mote:11] Not reachable yet
[Mote:14] Not reachable yet
[Mote:3] Not reachable yet
[Mote:16] Not reachable yet
[Mote:15] Sensor IPv6 = fe80::20f:f:f:f
[Mote:2] Not reachable yet
[Mote:1] {"node":"fd00::20f:f:f:f", "cpu_energy_mj":378, "lpm_energy_mj":0, "radio_tx_energy_mj":12, "radio_rx_energy_mj":1158, "total_energy_mj":1548, "node_time":873640, "total_sent":29, "total_received":77, "bytes_tx":60, "bytes_rx":12, "r2n_latency":113, "lqi":100, "rssi":-93, "server_sent":84, "server_received":59, "server_bytes_rx":60, "n2r_latency":310, "hops":0, "rtt_latency":6178, "root_time_now":873950}
[Mote:6] Not reachable yet
[Mote:5] Not reachable yet
[Mote:4] Not reachable yet
[Mote:10] Not reachable yet
[Mote:12] Not reachable yet
[Mote:9] Not reachable yet
[Mote:7] Not reachable yet
[Mote:8] Not reachable yet
[Mote:13] Not reachable yet
[Mote:17] Not reachable yet
[Mote:11] Not reachable yet
[Mote:14] Not reachable yet
[Mote:16] Not reachable yet
[Mote:3] Not reachable yet
[Mote:15] Sensor IPv6 = fe80::20f:f:f:f
[Mote:2] Not reachable yet
[Mote:6] Not reachable yet
[Mote:5] Not reachable yet
[Mote:10] Not reachable yet
[Mote:4] Not reachable yet
[Mote:9] Not reachable yet
[Mote:12] Not reachable yet
[Mote:13] Not reachable yet
[Mote:7] Not reachable yet
[Mote:11] Not reachable yet
[Mote:8] Not reachable yet
[Mote:1] {"node":"fd00::20f:f:f:f", "cpu_energy_mj":18, "lpm_energy_mj":0, "radio_tx_energy_mj":0, "radio_rx_energy_mj":8, "total_energy_mj":26, "node_time":884164, "total_sent":30, "total_received":78, "bytes_tx":60, "bytes_rx":12, "r2n_latency":194, "lqi":100, "rssi":-93, "server_sent":86, "server_received":61, "server_bytes_rx":60, "n2r_latency":6866, "hops":0, "rtt_latency":3317, "root_time_now":891030}
[Mote:17] Not reachable yet
[Mote:16] Not reachable yet
[Mote:14] Not reachable yet
[Mote:3] Not reachable yet
[Mote:15] Not reachable yet
[Mote:2] Not reachable yet
[Mote:6] Not reachable yet
[Mote:5] Not reachable yet
[Mote:10] Not reachable yet
[Mote:4] Not reachable yet
[Mote:9] Not reachable yet
[Mote:12] Not reachable yet
[Mote:13] Not reachable yet
[Mote:11] Not reachable yet
[Mote:7] Not reachable yet
[Mote:8] Not reachable yet
[Mote:17] Not reachable yet
[Mote:16] Not reachable yet
[Mote:3] Not reachable yet
[Mote:14] Not reachable yet
[Mote:15] Not reachable yet
[Mote:2] Not reachable yet
[Mote:10] Not reachable yet
[Mote:5] Not reachable yet
[Mote:6] Not reachable yet
[Mote:4] Not reachable yet
[Mote:9] Not reachable yet
[Mote:12] Not reachable yet
[Mote:13] Not reachable yet
[Mote:11] Not reachable yet
[Mote:7] Not reachable yet
[Mote:8] Not reachable yet
[Mote:17] Not reachable yet
[Mote:16] Not reachable yet
[Mote:3] Not reachable yet
[Mote:14] Not reachable yet
[Mote:15] Not reachable yet
[Mote:2] Not reachable yet
[Mote:10] Not reachable yet
[Mote:5] Not reachable yet
[Mote:6] Not reachable yet
[Mote:4] Not reachable yet
[Mote:9] Not reachable yet
[Mote:13] Not reachable yet
[Mote:11] Not reachable yet
[Mote:12] Not reachable yet
[Mote:7] Not reachable yet
[Mote:8] Not reachable yet
[Mote:17] Not reachable yet
[Mote:16] Not reachable yet
[Mote:3] Not reachable yet
[Mote:14] Not reachable yet
[Mote:15] Not reachable yet
[Mote:2] Not reachable yet
[Mote:10] Not reachable yet
[Mote:5] Not reachable yet
[Mote:6] Not reachable yet
[Mote:4] Not reachable yet
[Mote:9] Not reachable yet
[Mote:13] Not reachable yet
[Mote:11] Not reachable yet
[Mote:12] Not reachable yet
[Mote:7] Not reachable yet
[Mote:8] Not reachable yet
[Mote:16] Not reachable yet
[Mote:17] Not reachable yet
[Mote:3] Not reachable yet
[Mote:14] Not reachable yet
[Mote:15] Not reachable yet
[Mote:2] Not reachable yet
[Mote:10] Not reachable yet
[Mote:5] Not reachable yet
[Mote:4] Not reachable yet
[Mote:6] Not reachable yet
[Mote:13] Not reachable yet
[Mote:9] Not reachable yet
[Mote:11] Not reachable yet
[Mote:12] Not reachable yet
[Mote:7] Not reachable yet
[Mote:8] Not reachable yet
[Mote:16] Not reachable yet
[Mote:17] Not reachable yet
[Mote:3] Not reachable yet
[Mote:14] Not reachable yet
[Mote:15] Not reachable yet
[Mote:10] Not reachable yet
[Mote:2] Not reachable yet
[Mote:4] Not reachable yet
[Mote:5] Not reachable yet
[Mote:6] Not reachable yet
[Mote:13] Not reachable yet
[Mote:11] Not reachable yet
[Mote:9] Not reachable yet
[Mote:16] Not reachable yet
[Mote:7] Not reachable yet
[Mote:12] Not reachable yet
[Mote:8] Not reachable yet
[Mote:17] Not reachable yet
[Mote:3] Not reachable yet
[Mote:10] Not reachable yet
[Mote:15] Not reachable yet
[Mote:14] Not reachable yet
[Mote:2] Not reachable yet
[Mote:4] Not reachable yet
[Mote:5] Not reachable yet
[Mote:13] Not reachable yet
[Mote:11] Not reachable yet
[Mote:6] Not reachable yet
[Mote:9] Not reachable yet
[Mote:16] Not reachable yet
[Mote:7] Not reachable yet
[Mote:8] Not reachable yet
[Mote:12] Not reachable yet
[Mote:17] Not reachable yet
[Mote:3] Not reachable yet
[Mote:10] Not reachable yet
[Mote:15] Not reachable yet
[Mote:2] Not reachable yet
[Mote:14] Not reachable yet
[Mote:4] Not reachable yet
[Mote:13] Not reachable yet
[Mote:5] Not reachable yet
[Mote:11] Not reachable yet
[Mote:6] Not reachable yet
[Mote:9] Not reachable yet
[Mote:16] Not reachable yet
[Mote:7] Not reachable yet
[Mote:8] Not reachable yet
[Mote:12] Not reachable yet
[Mote:3] Not reachable yet
[Mote:17] Not reachable yet
[Mote:10] Not reachable yet
[Mote:15] Not reachable yet
[Mote:2] Not reachable yet
[Mote:14] Not reachable yet
[Mote:13] Not reachable yet
[Mote:4] Not reachable yet
[Mote:11] Not reachable yet
[Mote:5] Not reachable yet
[Mote:16] Not reachable yet
[Mote:9] Not reachable yet
[Mote:6] Not reachable yet
[Mote:7] Not reachable yet
[Mote:8] Not reachable yet
[Mote:3] Not reachable yet
[Mote:12] Not reachable yet
[Mote:17] Not reachable yet
[Mote:10] Not reachable yet
[Mote:15] Not reachable yet
[Mote:2] Not reachable yet
[Mote:14] Not reachable yet
[Mote:13] Not reachable yet
[Mote:11] Not reachable yet
[Mote:4] Not reachable yet
[Mote:5] Not reachable yet
[Mote:16] Not reachable yet
[Mote:9] Not reachable yet
[Mote:6] Not reachable yet
[Mote:7] Not reachable yet
[Mote:8] Not reachable yet
[Mote:3] Not reachable yet
[Mote:12] Not reachable yet
[Mote:17] Not reachable yet
[Mote:10] Not reachable yet
[Mote:15] Not reachable yet
[Mote:2] Not reachable yet
[Mote:14] Not reachable yet
[Mote:13] Not reachable yet
[Mote:11] Not reachable yet
[Mote:4] Not reachable yet
[Mote:16] Not reachable yet
[Mote:5] Not reachable yet
[Mote:9] Not reachable yet
[Mote:6] Not reachable yet
[Mote:7] Not reachable yet
[Mote:8] Not reachable yet
[Mote:3] Not reachable yet
[Mote:12] Not reachable yet
[Mote:17] Not reachable yet
[Mote:10] Not reachable yet
[Mote:15] Not reachable yet
[Mote:2] Not reachable yet
[Mote:14] Not reachable yet
[Mote:13] Not reachable yet
[Mote:11] Not reachable yet
[Mote:4] Not reachable yet
[Mote:16] Not reachable yet
[Mote:5] Not reachable yet
[Mote:9] Not reachable yet
[Mote:7] Not reachable yet
[Mote:6] Not reachable yet
[Mote:8] Not reachable yet
[Mote:3] Not reachable yet
[Mote:17] Not reachable yet
[Mote:12] Not reachable yet
[Mote:10] Not reachable yet
[Mote:15] Not reachable yet
[Mote:2] Not reachable yet
[Mote:13] Not reachable yet
[Mote:11] Not reachable yet
[Mote:14] Not reachable yet
[Mote:16] Not reachable yet
[Mote:4] Not reachable yet
[Mote:5] Not reachable yet
[Mote:9] Not reachable yet
[Mote:7] Not reachable yet
[Mote:3] Not reachable yet
[Mote:8] Not reachable yet
[Mote:6] Not reachable yet
[Mote:17] Not reachable yet
[Mote:10] Not reachable yet
[Mote:12] Not reachable yet
[Mote:15] Not reachable yet
[Mote:2] Not reachable yet
[Mote:13] Not reachable yet
[Mote:11] Not reachable yet
[Mote:14] Not reachable yet
[Mote:16] Not reachable yet
[Mote:4] Not reachable yet
[Mote:9] Not reachable yet
[Mote:5] Not reachable yet
[Mote:7] Not reachable yet
[Mote:3] Not reachable yet
[Mote:8] Not reachable yet
[Mote:6] Not reachable yet
[Mote:10] Not reachable yet
[Mote:17] Not reachable yet
[Mote:12] Not reachable yet
[Mote:15] Not reachable yet
[Mote:13] Not reachable yet
[Mote:2] Not reachable yet
[Mote:11] Not reachable yet
[Mote:16] Not reachable yet
[Mote:14] Not reachable yet
[Mote:4] Not reachable yet
[Mote:9] Not reachable yet
[Mote:5] Not reachable yet
[Mote:3] Not reachable yet
[Mote:7] Not reachable yet
[Mote:8] Not reachable yet
[Mote:6] Not reachable yet
[Mote:10] Not reachable yet
[Mote:17] Not reachable yet
[Mote:12] Not reachable yet
[Mote:13] Not reachable yet
[Mote:15] Not reachable yet
[Mote:11] Not reachable yet
[Mote:2] Not reachable yet
[Mote:16] Not reachable yet
[Mote:14] Not reachable yet
[Mote:4] Not reachable yet
[Mote:9] Not reachable yet
[Mote:3] Not reachable yet
[Mote:5] Not reachable yet
[Mote:7] Not reachable yet
[Mote:8] Not reachable yet
[Mote:10] Not reachable yet
[Mote:6] Not reachable yet
[Mote:17] Not reachable yet
[Mote:12] Not reachable yet
[Mote:13] Not reachable yet
[Mote:11] Not reachable yet
[Mote:15] Not reachable yet
[Mote:2] Not reachable yet
[Mote:16] Not reachable yet
[Mote:14] Not reachable yet
[Mote:4] Not reachable yet
[Mote:3] Not reachable yet
[Mote:9] Not reachable yet
[Mote:7] Not reachable yet
[Mote:5] Not reachable yet
[Mote:8] Not reachable yet
[Mote:10] Not reachable yet
[Mote:6] Not reachable yet
[Mote:17] Not reachable yet
[Mote:13] Not reachable yet
[Mote:12] Not reachable yet
[Mote:11] Not reachable yet
[Mote:16] Not reachable yet
[Mote:15] Not reachable yet
[Mote:2] Not reachable yet
[Mote:14] Not reachable yet
[Mote:4] Not reachable yet
[Mote:3] Not reachable yet
[Mote:9] Not reachable yet
[Mote:7] Not reachable yet
[Mote:8] Not reachable yet
[Mote:5] Not reachable yet
[Mote:10] Not reachable yet
[Mote:6] Not reachable yet
[Mote:17] Not reachable yet
[Mote:13] Not reachable yet
[Mote:11] Not reachable yet
[Mote:12] Not reachable yet
[Mote:16] Not reachable yet
[Mote:15] Not reachable yet
[Mote:2] Not reachable yet
[Mote:14] Not reachable yet
[Mote:4] Not reachable yet
[Mote:3] Not reachable yet
[Mote:9] Not reachable yet
[Mote:7] Not reachable yet
[Mote:8] Not reachable yet
[Mote:10] Not reachable yet
[Mote:5] Not reachable yet
[Mote:17] Not reachable yet
[Mote:13] Not reachable yet
[Mote:6] Not reachable yet
[Mote:11] Not reachable yet
[Mote:16] Not reachable yet
[Mote:12] Not reachable yet
[Mote:15] Sensor IPv6 = fe80::20f:f:f:f
[Mote:2] Not reachable yet
[Mote:4] Not reachable yet
[Mote:14] Not reachable yet
[Mote:3] Not reachable yet
[Mote:1] {"node":"fd00::20f:f:f:f", "cpu_energy_mj":378, "lpm_energy_mj":0, "radio_tx_energy_mj":11, "radio_rx_energy_mj":274, "total_energy_mj":663, "node_time":1094665, "total_sent":31, "total_received":98, "bytes_tx":60, "bytes_rx":12, "r2n_latency":404, "lqi":100, "rssi":-93, "server_sent":106, "server_received":64, "server_bytes_rx":60, "n2r_latency":4125, "hops":0, "rtt_latency":862, "root_time_now":1098790}
[Mote:9] Not reachable yet
[Mote:7] Not reachable yet
[Mote:10] Not reachable yet
[Mote:8] Not reachable yet
[Mote:5] Not reachable yet
[Mote:13] Not reachable yet
[Mote:17] Not reachable yet
[Mote:11] Not reachable yet
[Mote:6] Not reachable yet
[Mote:16] Not reachable yet
[Mote:12] Not reachable yet
[Mote:15] Not reachable yet
[Mote:2] Not reachable yet
[Mote:4] Not reachable yet
[Mote:14] Not reachable yet
[Mote:3] Not reachable yet
[Mote:9] Not reachable yet
[Mote:7] Not reachable yet
[Mote:10] Not reachable yet
[Mote:8] Not reachable yet
[Mote:5] Not reachable yet
[Mote:13] Not reachable yet
[Mote:11] Not reachable yet
[Mote:17] Not reachable yet
[Mote:16] Not reachable yet
[Mote:6] Not reachable yet
[Mote:15] Not reachable yet
[Mote:12] Not reachable yet
[Mote:2] Not reachable yet
[Mote:4] Not reachable yet
[Mote:3] Not reachable yet
[Mote:14] Not reachable yet
[Mote:10] Not reachable yet
[Mote:9] Not reachable yet
[Mote:7] Not reachable yet
[Mote:8] Not reachable yet
[Mote:5] Not reachable yet
[Mote:13] Not reachable yet
[Mote:11] Not reachable yet
[Mote:16] Not reachable yet
[Mote:17] Not reachable yet
[Mote:6] Not reachable yet
[Mote:15] Not reachable yet
[Mote:2] Not reachable yet
[Mote:12] Not reachable yet
[Mote:4] Not reachable yet
[Mote:3] Not reachable yet
[Mote:14] Not reachable yet
[Mote:10] Not reachable yet
[Mote:9] Not reachable yet
[Mote:7] Not reachable yet
[Mote:8] Not reachable yet
[Mote:13] Not reachable yet
[Mote:5] Not reachable yet
[Mote:11] Not reachable yet
[Mote:16] Not reachable yet
[Mote:17] Not reachable yet
[Mote:6] Not reachable yet
[Mote:15] Not reachable yet
[Mote:2] Not reachable yet
[Mote:12] Not reachable yet
[Mote:3] Not reachable yet
[Mote:4] Not reachable yet
[Mote:14] Not reachable yet
[Mote:10] Not reachable yet
[Mote:7] Not reachable yet
[Mote:9] Not reachable yet
[Mote:8] Not reachable yet
[Mote:13] Not reachable yet
[Mote:11] Not reachable yet
[Mote:16] Not reachable yet
[Mote:5] Not reachable yet
[Mote:17] Not reachable yet
[Mote:15] Not reachable yet
[Mote:6] Not reachable yet
[Mote:2] Not reachable yet
[Mote:12] Not reachable yet
[Mote:3] Not reachable yet
[Mote:4] Not reachable yet
[Mote:10] Not reachable yet
[Mote:14] Not reachable yet
[Mote:7] Not reachable yet
[Mote:9] Not reachable yet
[Mote:8] Not reachable yet
[Mote:13] Not reachable yet
[Mote:11] Not reachable yet
[Mote:16] Not reachable yet
[Mote:5] Not reachable yet
[Mote:17] Not reachable yet
[Mote:15] Not reachable yet
[Mote:2] Not reachable yet
[Mote:6] Not reachable yet
[Mote:12] Not reachable yet
[Mote:3] Not reachable yet
[Mote:4] Not reachable yet
[Mote:10] Not reachable yet
[Mote:14] Not reachable yet
[Mote:7] Not reachable yet
[Mote:9] Not reachable yet
[Mote:8] Not reachable yet
[Mote:13] Not reachable yet
[Mote:16] Not reachable yet
[Mote:11] Not reachable yet
[Mote:5] Not reachable yet
[Mote:17] Not reachable yet
[Mote:15] Not reachable yet
[Mote:2] Not reachable yet
[Mote:6] Not reachable yet
[Mote:12] Not reachable yet
[Mote:3] Not reachable yet
[Mote:10] Not reachable yet
[Mote:4] Not reachable yet
[Mote:14] Not reachable yet
[Mote:7] Not reachable yet
[Mote:13] Not reachable yet
[Mote:9] Not reachable yet
[Mote:8] Not reachable yet
[Mote:16] Not reachable yet
[Mote:11] Not reachable yet
[Mote:5] Not reachable yet
[Mote:17] Not reachable yet
[Mote:15] Not reachable yet
[Mote:2] Not reachable yet
[Mote:6] Not reachable yet
[Mote:3] Not reachable yet
[Mote:12] Not reachable yet
[Mote:10] Not reachable yet
[Mote:4] Not reachable yet
[Mote:13] Not reachable yet
[Mote:7] Not reachable yet
[Mote:16] Not reachable yet
[Mote:14] Not reachable yet
[Mote:11] Not reachable yet
[Mote:8] Not reachable yet
[Mote:9] Not reachable yet
[Mote:5] Not reachable yet
[Mote:17] Not reachable yet
[Mote:15] Not reachable yet
[Mote:2] Not reachable yet
[Mote:6] Not reachable yet
[Mote:3] Not reachable yet
[Mote:12] Not reachable yet
[Mote:10] Not reachable yet
[Mote:4] Not reachable yet
[Mote:13] Not reachable yet
[Mote:16] Not reachable yet
[Mote:7] Not reachable yet
[Mote:11] Not reachable yet
[Mote:8] Not reachable yet
[Mote:14] Not reachable yet
[Mote:9] Not reachable yet
[Mote:5] Not reachable yet
[Mote:17] Not reachable yet
[Mote:15] Not reachable yet
[Mote:2] Not reachable yet
[Mote:3] Not reachable yet
[Mote:6] Not reachable yet
[Mote:10] Not reachable yet
[Mote:12] Not reachable yet
[Mote:4] Not reachable yet
[Mote:13] Not reachable yet
[Mote:16] Not reachable yet
[Mote:11] Not reachable yet
[Mote:7] Not reachable yet
[Mote:8] Not reachable yet
[Mote:9] Not reachable yet
[Mote:14] Not reachable yet
[Mote:5] Not reachable yet
[Mote:17] Not reachable yet
[Mote:15] Not reachable yet
[Mote:2] Not reachable yet
[Mote:3] Not reachable yet
[Mote:10] Not reachable yet
[Mote:6] Not reachable yet
[Mote:12] Not reachable yet
[Mote:4] Not reachable yet
[Mote:13] Not reachable yet
[Mote:16] Not reachable yet
[Mote:11] Not reachable yet
[Mote:7] Not reachable yet
[Mote:8] Not reachable yet
[Mote:9] Not reachable yet
[Mote:14] Not reachable yet
[Mote:17] Not reachable yet
[Mote:5] Not reachable yet
[Mote:15] Not reachable yet
[Mote:2] Not reachable yet
[Mote:3] Not reachable yet
[Mote:10] Not reachable yet
[Mote:6] Not reachable yet
[Mote:16] Not reachable yet
[Mote:13] Not reachable yet
[Mote:12] Not reachable yet
[Mote:4] Not reachable yet
[Mote:11] Not reachable yet
[Mote:7] Not reachable yet
[Mote:8] Not reachable yet
[Mote:9] Not reachable yet
[Mote:14] Not reachable yet
[Mote:17] Not reachable yet
[Mote:5] Not reachable yet
[Mote:15] Not reachable yet
[Mote:2] Not reachable yet
[Mote:3] Not reachable yet
[Mote:10] Not reachable yet
[Mote:16] Not reachable yet
[Mote:13] Not reachable yet
[Mote:11] Not reachable yet
[Mote:6] Not reachable yet
[Mote:4] Not reachable yet
[Mote:12] Not reachable yet
[Mote:7] Not reachable yet
[Mote:8] Not reachable yet
[Mote:9] Not reachable yet
[Mote:14] Not reachable yet
[Mote:17] Not reachable yet
[Mote:5] Not reachable yet
[Mote:15] Not reachable yet
[Mote:3] Not reachable yet
[Mote:2] Not reachable yet
[Mote:10] Not reachable yet
[Mote:16] Not reachable yet
[Mote:13] Not reachable yet
[Mote:11] Not reachable yet
[Mote:4] Not reachable yet
[Mote:6] Not reachable yet
[Mote:12] Not reachable yet
[Mote:7] Not reachable yet
[Mote:8] Not reachable yet
[Mote:9] Not reachable yet
[Mote:14] Not reachable yet
[Mote:17] Not reachable yet
[Mote:5] Not reachable yet
[Mote:15] Not reachable yet
[Mote:3] Not reachable yet
[Mote:2] Not reachable yet
[Mote:10] Not reachable yet
[Mote:16] Not reachable yet
[Mote:13] Not reachable yet
[Mote:11] Not reachable yet
[Mote:4] Not reachable yet
[Mote:6] Not reachable yet
[Mote:12] Not reachable yet
[Mote:7] Not reachable yet
[Mote:8] Not reachable yet
[Mote:9] Not reachable yet
[Mote:14] Not reachable yet
[Mote:17] Not reachable yet
[Mote:3] Not reachable yet
[Mote:5] Not reachable yet
[Mote:15] Not reachable yet
[Mote:10] Not reachable yet
[Mote:2] Not reachable yet
[Mote:16] Not reachable yet
[Mote:13] Not reachable yet
[Mote:11] Not reachable yet
[Mote:4] Not reachable yet
[Mote:7] Not reachable yet
[Mote:6] Not reachable yet
[Mote:12] Not reachable yet
[Mote:8] Not reachable yet
[Mote:9] Not reachable yet
[Mote:14] Not reachable yet
[Mote:17] Not reachable yet
[Mote:3] Not reachable yet
[Mote:10] Not reachable yet
[Mote:15] Not reachable yet
[Mote:5] Not reachable yet
[Mote:2] Not reachable yet
[Mote:16] Not reachable yet
[Mote:13] Not reachable yet
[Mote:11] Not reachable yet
[Mote:4] Not reachable yet
[Mote:7] Not reachable yet
[Mote:12] Not reachable yet
[Mote:6] Not reachable yet
[Mote:8] Not reachable yet
[Mote:9] Not reachable yet
[Mote:14] Not reachable yet
[Mote:17] Not reachable yet
[Mote:3] Not reachable yet
[Mote:10] Not reachable yet
[Mote:15] Not reachable yet
[Mote:16] Not reachable yet
[Mote:5] Not reachable yet
[Mote:2] Not reachable yet
[Mote:13] Not reachable yet
[Mote:11] Not reachable yet
[Mote:4] Not reachable yet
[Mote:7] Not reachable yet
[Mote:8] Not reachable yet
[Mote:12] Not reachable yet
[Mote:6] Not reachable yet
[Mote:9] Not reachable yet
[Mote:14] Not reachable yet
[Mote:3] Not reachable yet
[Mote:10] Not reachable yet
[Mote:17] Not reachable yet
[Mote:16] Not reachable yet
[Mote:15] Not reachable yet
[Mote:13] Not reachable yet
[Mote:2] Not reachable yet
[Mote:5] Not reachable yet
[Mote:11] Not reachable yet
[Mote:4] Not reachable yet
[Mote:7] Not reachable yet
[Mote:8] Not reachable yet
[Mote:12] Not reachable yet
[Mote:6] Not reachable yet
[Mote:9] Not reachable yet
[Mote:14] Not reachable yet
[Mote:3] Not reachable yet
[Mote:10] Not reachable yet
[Mote:16] Not reachable yet
[Mote:17] Not reachable yet
[Mote:13] Not reachable yet
[Mote:15] Not reachable yet
[Mote:11] Not reachable yet
[Mote:2] Not reachable yet
[Mote:5] Not reachable yet
[Mote:4] Not reachable yet
[Mote:7] Not reachable yet
[Mote:8] Not reachable yet
[Mote:12] Not reachable yet
[Mote:9] Not reachable yet
[Mote:6] Not reachable yet
[Mote:14] Not reachable yet
[Mote:10] Not reachable yet
[Mote:3] Not reachable yet
[Mote:16] Not reachable yet
[Mote:13] Not reachable yet
[Mote:17] Not reachable yet
[Mote:15] Not reachable yet
[Mote:11] Not reachable yet
[Mote:2] Not reachable yet
[Mote:5] Not reachable yet
[Mote:4] Not reachable yet
[Mote:7] Not reachable yet
[Mote:8] Not reachable yet
[Mote:9] Not reachable yet
[Mote:12] Not reachable yet
[Mote:6] Not reachable yet
[Mote:14] Not reachable yet
[Mote:16] Not reachable yet
[Mote:10] Not reachable yet
[Mote:3] Not reachable yet
[Mote:13] Not reachable yet
[Mote:17] Not reachable yet
[Mote:11] Not reachable yet
[Mote:15] Not reachable yet
[Mote:2] Not reachable yet
[Mote:5] Not reachable yet
[Mote:4] Not reachable yet
[Mote:7] Not reachable yet
[Mote:8] Not reachable yet
[Mote:9] Not reachable yet
[Mote:12] Not reachable yet
[Mote:6] Not reachable yet
[Mote:16] Not reachable yet
[Mote:10] Not reachable yet
[Mote:14] Not reachable yet
[Mote:3] Not reachable yet
[Mote:13] Not reachable yet
[Mote:11] Not reachable yet
[Mote:17] Not reachable yet
[Mote:15] Not reachable yet
[Mote:2] Not reachable yet
[Mote:5] Not reachable yet
[Mote:4] Not reachable yet
[Mote:7] Not reachable yet
[Mote:8] Not reachable yet
[Mote:9] Not reachable yet
[Mote:12] Not reachable yet
[Mote:6] Not reachable yet
[Mote:16] Not reachable yet
[Mote:10] Not reachable yet
[Mote:3] Not reachable yet
[Mote:14] Not reachable yet
[Mote:13] Not reachable yet
[Mote:11] Not reachable yet
[Mote:17] Not reachable yet
[Mote:15] Not reachable yet
[Mote:2] Not reachable yet
[Mote:5] Not reachable yet
[Mote:4] Not reachable yet
[Mote:7] Not reachable yet
[Mote:8] Not reachable yet
[Mote:9] Not reachable yet
[Mote:12] Not reachable yet
[Mote:16] Not reachable yet
[Mote:10] Not reachable yet
[Mote:6] Not reachable yet
[Mote:3] Not reachable yet
[Mote:13] Not reachable yet
[Mote:14] Not reachable yet
[Mote:11] Not reachable yet
[Mote:17] Not reachable yet
[Mote:15] Sensor IPv6 = fe80::20f:f:f:f
[Mote:1] {"node":"fd00::20f:f:f:f", "cpu_energy_mj":473, "lpm_energy_mj":0, "radio_tx_energy_mj":12, "radio_rx_energy_mj":752, "total_energy_mj":1237, "node_time":1357790, "total_sent":32, "total_received":124, "bytes_tx":60, "bytes_rx":12, "r2n_latency":1573, "lqi":100, "rssi":-93, "server_sent":132, "server_received":67, "server_bytes_rx":60, "n2r_latency":70, "hops":0, "rtt_latency":3481, "root_time_now":1357860}
[Mote:2] Not reachable yet
[Mote:5] Not reachable yet
[Mote:4] Not reachable yet
[Mote:7] Not reachable yet
[Mote:8] Not reachable yet
[Mote:9] Not reachable yet
[Mote:16] Not reachable yet
[Mote:12] Not reachable yet
[Mote:10] Not reachable yet
[Mote:3] Not reachable yet
[Mote:13] Not reachable yet
[Mote:6] Not reachable yet
[Mote:11] Not reachable yet
[Mote:14] Not reachable yet
[Mote:17] Not reachable yet
[Mote:15] Sensor IPv6 = fe80::20f:f:f:f
[Mote:2] Not reachable yet
[Mote:5] Not reachable yet
[Mote:1] {"node":"fd00::20f:f:f:f", "cpu_energy_mj":18, "lpm_energy_mj":0, "radio_tx_energy_mj":0, "radio_rx_energy_mj":8, "total_energy_mj":26, "node_time":1368315, "total_sent":33, "total_received":125, "bytes_tx":60, "bytes_rx":12, "r2n_latency":114, "lqi":100, "rssi":-93, "server_sent":134, "server_received":69, "server_bytes_rx":60, "n2r_latency":2985, "hops":0, "rtt_latency":792, "root_time_now":1371300}
[Mote:4] Not reachable yet
[Mote:7] Not reachable yet
[Mote:8] Not reachable yet
[Mote:9] Not reachable yet
[Mote:16] Not reachable yet
[Mote:10] Not reachable yet
[Mote:13] Not reachable yet
[Mote:3] Not reachable yet
[Mote:12] Not reachable yet
[Mote:11] Not reachable yet
[Mote:6] Not reachable yet
[Mote:14] Not reachable yet
[Mote:17] Not reachable yet
[Mote:15] Sensor IPv6 = fe80::20f:f:f:f
[Mote:2] Not reachable yet
[Mote:1] {"node":"fd00::20f:f:f:f", "cpu_energy_mj":18, "lpm_energy_mj":0, "radio_tx_energy_mj":0, "radio_rx_energy_mj":7, "total_energy_mj":25, "node_time":1378840, "total_sent":34, "total_received":126, "bytes_tx":60, "bytes_rx":12, "r2n_latency":824, "lqi":100, "rssi":-93, "server_sent":134, "server_received":71, "server_bytes_rx":60, "n2r_latency":580, "hops":0, "rtt_latency":1182, "root_time_now":1379420}
[Mote:5] Not reachable yet
[Mote:4] Not reachable yet
[Mote:7] Not reachable yet
[Mote:8] Not reachable yet
[Mote:16] Not reachable yet
[Mote:9] Not reachable yet
[Mote:10] Not reachable yet
[Mote:13] Not reachable yet
[Mote:3] Not reachable yet
[Mote:11] Not reachable yet
[Mote:12] Not reachable yet
[Mote:6] Not reachable yet
[Mote:14] Not reachable yet
[Mote:15] Sensor IPv6 = fe80::20f:f:f:f
[Mote:17] Not reachable yet
[Mote:1] {"node":"fd00::20f:f:f:f", "cpu_energy_mj":18, "lpm_energy_mj":0, "radio_tx_energy_mj":0, "radio_rx_energy_mj":7, "total_energy_mj":25, "node_time":1389364, "total_sent":35, "total_received":127, "bytes_tx":60, "bytes_rx":12, "r2n_latency":624, "lqi":100, "rssi":-93, "server_sent":135, "server_received":73, "server_bytes_rx":60, "n2r_latency":136, "hops":0, "rtt_latency":1887, "root_time_now":1389500}
[Mote:2] Not reachable yet
[Mote:5] Not reachable yet
[Mote:7] Not reachable yet
[Mote:4] Not reachable yet
[Mote:8] Not reachable yet
[Mote:16] Not reachable yet
[Mote:9] Not reachable yet
[Mote:10] Not reachable yet
[Mote:13] Not reachable yet
[Mote:3] Not reachable yet
[Mote:11] Not reachable yet
[Mote:12] Not reachable yet
[Mote:6] Not reachable yet
[Mote:14] Not reachable yet
[Mote:15] Sensor IPv6 = fe80::20f:f:f:f
[Mote:17] Not reachable yet
[Mote:2] Not reachable yet
[Mote:5] Not reachable yet
[Mote:1] {"node":"fd00::20f:f:f:f", "cpu_energy_mj":18, "lpm_energy_mj":0, "radio_tx_energy_mj":0, "radio_rx_energy_mj":8, "total_energy_mj":26, "node_time":1399890, "total_sent":36, "total_received":128, "bytes_tx":60, "bytes_rx":12, "r2n_latency":214, "lqi":100, "rssi":-93, "server_sent":137, "server_received":75, "server_bytes_rx":60, "n2r_latency":3680, "hops":0, "rtt_latency":3187, "root_time_now":1403570}
[Mote:7] Not reachable yet
[Mote:4] Not reachable yet
[Mote:8] Not reachable yet
[Mote:16] Not reachable yet
[Mote:10] Not reachable yet
[Mote:13] Not reachable yet
[Mote:9] Not reachable yet
[Mote:3] Not reachable yet
[Mote:11] Not reachable yet
[Mote:12] Not reachable yet
[Mote:6] Not reachable yet
[Mote:14] Not reachable yet
[Mote:15] Sensor IPv6 = fe80::20f:f:f:f
[Mote:17] Not reachable yet
[Mote:2] Not reachable yet
[Mote:5] Not reachable yet
[Mote:7] Not reachable yet
[Mote:4] Not reachable yet
[Mote:16] Not reachable yet
[Mote:8] Not reachable yet
[Mote:10] Not reachable yet
[Mote:13] Not reachable yet
[Mote:9] Not reachable yet
[Mote:3] Not reachable yet
[Mote:11] Not reachable yet
[Mote:12] Not reachable yet
[Mote:6] Not reachable yet
[Mote:14] Not reachable yet
[Mote:15] Not reachable yet
[Mote:17] Not reachable yet
[Mote:2] Not reachable yet
[Mote:7] Not reachable yet
[Mote:16] Not reachable yet
[Mote:5] Not reachable yet
[Mote:4] Not reachable yet
[Mote:8] Not reachable yet
[Mote:10] Not reachable yet
[Mote:13] Not reachable yet
[Mote:11] Not reachable yet
[Mote:3] Not reachable yet
[Mote:9] Not reachable yet
[Mote:12] Not reachable yet
[Mote:15] Not reachable yet
[Mote:14] Not reachable yet
[Mote:6] Not reachable yet
[Mote:17] Not reachable yet
[Mote:2] Not reachable yet
[Mote:16] Not reachable yet
[Mote:7] Not reachable yet
[Mote:4] Not reachable yet
[Mote:5] Not reachable yet
[Mote:8] Not reachable yet
[Mote:10] Not reachable yet
[Mote:13] Not reachable yet
[Mote:11] Not reachable yet
[Mote:3] Not reachable yet
[Mote:9] Not reachable yet
[Mote:12] Not reachable yet
[Mote:15] Not reachable yet
[Mote:14] Not reachable yet
[Mote:17] Not reachable yet
[Mote:6] Not reachable yet
[Mote:2] Not reachable yet
[Mote:16] Not reachable yet
[Mote:7] Not reachable yet
[Mote:4] Not reachable yet
[Mote:8] Not reachable yet
[Mote:5] Not reachable yet
[Mote:13] Not reachable yet
[Mote:10] Not reachable yet
[Mote:11] Not reachable yet
[Mote:3] Not reachable yet
[Mote:9] Not reachable yet
[Mote:12] Not reachable yet
[Mote:15] Not reachable yet
[Mote:17] Not reachable yet
[Mote:14] Not reachable yet
[Mote:2] Not reachable yet
[Mote:6] Not reachable yet
[Mote:16] Not reachable yet
[Mote:7] Not reachable yet
[Mote:4] Not reachable yet
[Mote:13] Not reachable yet
[Mote:8] Not reachable yet
[Mote:10] Not reachable yet
[Mote:5] Not reachable yet
[Mote:11] Not reachable yet
[Mote:3] Not reachable yet
[Mote:9] Not reachable yet
[Mote:12] Not reachable yet
[Mote:15] Not reachable yet
[Mote:17] Not reachable yet
[Mote:2] Not reachable yet
[Mote:14] Not reachable yet
[Mote:6] Not reachable yet
[Mote:16] Not reachable yet
[Mote:7] Not reachable yet
[Mote:13] Not reachable yet
[Mote:10] Not reachable yet
[Mote:4] Not reachable yet
[Mote:8] Not reachable yet
[Mote:11] Not reachable yet
[Mote:5] Not reachable yet
[Mote:3] Not reachable yet
[Mote:9] Not reachable yet
[Mote:12] Not reachable yet
[Mote:15] Not reachable yet
[Mote:2] Not reachable yet
[Mote:17] Not reachable yet
[Mote:14] Not reachable yet
[Mote:16] Not reachable yet
[Mote:6] Not reachable yet
[Mote:13] Not reachable yet
[Mote:7] Not reachable yet
[Mote:10] Not reachable yet
[Mote:11] Not reachable yet
[Mote:8] Not reachable yet
[Mote:4] Not reachable yet
[Mote:3] Not reachable yet
[Mote:5] Not reachable yet
[Mote:9] Not reachable yet
[Mote:15] Not reachable yet
[Mote:12] Not reachable yet
[Mote:2] Not reachable yet
[Mote:17] Not reachable yet
[Mote:16] Not reachable yet
[Mote:14] Not reachable yet
[Mote:6] Not reachable yet
[Mote:13] Not reachable yet
[Mote:10] Not reachable yet
[Mote:7] Not reachable yet
[Mote:11] Not reachable yet
[Mote:8] Not reachable yet
[Mote:4] Not reachable yet
[Mote:3] Not reachable yet
[Mote:5] Not reachable yet
[Mote:9] Not reachable yet
[Mote:15] Not reachable yet
[Mote:16] Not reachable yet
[Mote:12] Not reachable yet
[Mote:2] Not reachable yet
[Mote:17] Not reachable yet
[Mote:14] Not reachable yet
[Mote:6] Not reachable yet
[Mote:13] Not reachable yet
[Mote:10] Not reachable yet
[Mote:11] Not reachable yet
[Mote:7] Not reachable yet
[Mote:8] Not reachable yet
[Mote:4] Not reachable yet
[Mote:3] Not reachable yet
[Mote:5] Not reachable yet
[Mote:9] Not reachable yet
[Mote:16] Not reachable yet
[Mote:15] Not reachable yet
[Mote:2] Not reachable yet
[Mote:12] Not reachable yet
[Mote:17] Not reachable yet
[Mote:14] Not reachable yet
[Mote:13] Not reachable yet
[Mote:10] Not reachable yet
[Mote:6] Not reachable yet
[Mote:11] Not reachable yet
[Mote:7] Not reachable yet
[Mote:8] Not reachable yet
[Mote:3] Not reachable yet
[Mote:4] Not reachable yet
[Mote:5] Not reachable yet
[Mote:9] Not reachable yet
[Mote:16] Not reachable yet
[Mote:15] Not reachable yet
[Mote:2] Not reachable yet
[Mote:17] Not reachable yet
[Mote:12] Not reachable yet
[Mote:13] Not reachable yet
[Mote:14] Not reachable yet
[Mote:10] Not reachable yet
[Mote:11] Not reachable yet
[Mote:6] Not reachable yet
[Mote:7] Not reachable yet
[Mote:3] Not reachable yet
[Mote:8] Not reachable yet
[Mote:4] Not reachable yet
[Mote:5] Not reachable yet
[Mote:9] Not reachable yet
[Mote:16] Not reachable yet
[Mote:15] Not reachable yet
[Mote:2] Not reachable yet
[Mote:17] Not reachable yet
[Mote:13] Not reachable yet
[Mote:12] Not reachable yet
[Mote:10] Not reachable yet
[Mote:11] Not reachable yet
[Mote:14] Not reachable yet
[Mote:7] Not reachable yet
[Mote:3] Not reachable yet
[Mote:6] Not reachable yet
[Mote:8] Not reachable yet
[Mote:4] Not reachable yet
[Mote:5] Not reachable yet
[Mote:9] Not reachable yet
[Mote:16] Not reachable yet
[Mote:15] Not reachable yet
[Mote:2] Not reachable yet
[Mote:13] Not reachable yet
[Mote:17] Not reachable yet
[Mote:10] Not reachable yet
[Mote:12] Not reachable yet
[Mote:11] Not reachable yet
[Mote:14] Not reachable yet
[Mote:7] Not reachable yet
[Mote:3] Not reachable yet
[Mote:8] Not reachable yet
[Mote:6] Not reachable yet
[Mote:4] Not reachable yet
[Mote:5] Not reachable yet
[Mote:9] Not reachable yet
[Mote:16] Not reachable yet
[Mote:15] Not reachable yet
[Mote:13] Not reachable yet
[Mote:2] Not reachable yet
[Mote:17] Not reachable yet
[Mote:10] Sensor IPv6 = fe80::20a:a:a:a
[Mote:11] Not reachable yet
[Mote:1] {"node":"fd00::20a:a:a:a", "cpu_energy_mj":2365, "lpm_energy_mj":0, "radio_tx_energy_mj":55, "radio_rx_energy_mj":8585, "total_energy_mj":11005, "node_time":1548585, "total_sent":24, "total_received":106, "bytes_tx":60, "bytes_rx":12, "r2n_latency":14844, "lqi":100, "rssi":-85, "server_sent":153, "server_received":47, "server_bytes_rx":60, "n2r_latency":95, "hops":0, "rtt_latency":7492, "root_time_now":1548680}
[Mote:12] Not reachable yet
[Mote:14] Not reachable yet
[Mote:3] Not reachable yet
[Mote:7] Not reachable yet
[Mote:8] Not reachable yet
[Mote:4] Not reachable yet
[Mote:6] Not reachable yet
[Mote:9] Not reachable yet
[Mote:5] Not reachable yet
[Mote:16] Not reachable yet
[Mote:15] Not reachable yet
[Mote:13] Not reachable yet
[Mote:2] Not reachable yet
[Mote:11] Not reachable yet
[Mote:10] Sensor IPv6 = fe80::20a:a:a:a
[Mote:17] Not reachable yet
[Mote:12] Not reachable yet
[Mote:3] Not reachable yet
[Mote:14] Not reachable yet
[Mote:7] Not reachable yet
[Mote:8] Not reachable yet
[Mote:4] Not reachable yet
[Mote:6] Not reachable yet
[Mote:1] {"node":"fd00::20a:a:a:a", "cpu_energy_mj":18, "lpm_energy_mj":0, "radio_tx_energy_mj":0, "radio_rx_energy_mj":7, "total_energy_mj":25, "node_time":1558770, "total_sent":25, "total_received":108, "bytes_tx":60, "bytes_rx":12, "r2n_latency":7373, "lqi":100, "rssi":-85, "server_sent":155, "server_received":50, "server_bytes_rx":60, "n2r_latency":5870, "hops":0, "rtt_latency":4001, "root_time_now":1564640}
[Mote:9] Not reachable yet
[Mote:5] Not reachable yet
[Mote:16] Not reachable yet
[Mote:13] Not reachable yet
[Mote:15] Not reachable yet
[Mote:11] Not reachable yet
[Mote:2] Not reachable yet
[Mote:10] Sensor IPv6 = fe80::20a:a:a:a
[Mote:17] Not reachable yet
[Mote:3] Not reachable yet
[Mote:12] Not reachable yet
[Mote:1] {"node":"fd00::20a:a:a:a", "cpu_energy_mj":18, "lpm_energy_mj":0, "radio_tx_energy_mj":1, "radio_rx_energy_mj":7, "total_energy_mj":26, "node_time":1568957, "total_sent":26, "total_received":109, "bytes_tx":60, "bytes_rx":12, "r2n_latency":1574, "lqi":100, "rssi":-85, "server_sent":156, "server_received":52, "server_bytes_rx":60, "n2r_latency":2263, "hops":0, "rtt_latency":2957, "root_time_now":1571220}
[Mote:7] Not reachable yet
[Mote:14] Not reachable yet
[Mote:8] Not reachable yet
[Mote:4] Not reachable yet
[Mote:6] Not reachable yet
[Mote:16] Not reachable yet
[Mote:9] Not reachable yet
[Mote:5] Not reachable yet
[Mote:13] Not reachable yet
[Mote:15] Not reachable yet
[Mote:11] Not reachable yet
[Mote:10] Sensor IPv6 = fe80::20a:a:a:a
[Mote:2] Not reachable yet
[Mote:17] Not reachable yet
[Mote:3] Not reachable yet
[Mote:12] Not reachable yet
[Mote:7] Not reachable yet
[Mote:14] Not reachable yet
[Mote:8] Not reachable yet
[Mote:4] Not reachable yet
[Mote:6] Not reachable yet
[Mote:16] Not reachable yet
[Mote:9] Not reachable yet
[Mote:5] Not reachable yet
[Mote:13] Not reachable yet
[Mote:11] Not reachable yet
[Mote:10] Not reachable yet
[Mote:15] Not reachable yet
[Mote:2] Not reachable yet
[Mote:17] Not reachable yet
[Mote:3] Not reachable yet
[Mote:7] Not reachable yet
[Mote:12] Not reachable yet
[Mote:14] Not reachable yet
[Mote:8] Not reachable yet
[Mote:4] Not reachable yet
[Mote:16] Not reachable yet
[Mote:6] Not reachable yet
[Mote:9] Not reachable yet
[Mote:5] Not reachable yet
[Mote:13] Not reachable yet
[Mote:11] Not reachable yet
[Mote:10] Not reachable yet
[Mote:15] Not reachable yet
[Mote:2] Not reachable yet
[Mote:17] Not reachable yet
[Mote:3] Not reachable yet
[Mote:7] Not reachable yet
[Mote:12] Not reachable yet
[Mote:8] Not reachable yet
[Mote:14] Not reachable yet
[Mote:4] Not reachable yet
[Mote:16] Not reachable yet
[Mote:6] Not reachable yet
[Mote:9] Not reachable yet
[Mote:5] Not reachable yet
[Mote:13] Not reachable yet
[Mote:11] Not reachable yet
[Mote:10] Not reachable yet
[Mote:15] Not reachable yet
[Mote:2] Not reachable yet
[Mote:3] Not reachable yet
[Mote:17] Not reachable yet
[Mote:7] Not reachable yet
[Mote:8] Not reachable yet
[Mote:12] Not reachable yet
[Mote:14] Not reachable yet
[Mote:4] Not reachable yet
[Mote:16] Not reachable yet
[Mote:6] Not reachable yet
[Mote:9] Not reachable yet
[Mote:13] Not reachable yet
[Mote:5] Not reachable yet
[Mote:11] Not reachable yet
[Mote:10] Not reachable yet
[Mote:15] Not reachable yet
[Mote:2] Not reachable yet
[Mote:3] Not reachable yet
[Mote:17] Not reachable yet
[Mote:7] Not reachable yet
[Mote:8] Not reachable yet
[Mote:12] Not reachable yet
[Mote:14] Not reachable yet
[Mote:16] Not reachable yet
[Mote:4] Not reachable yet
[Mote:9] Not reachable yet
[Mote:6] Not reachable yet
[Mote:13] Not reachable yet
[Mote:11] Not reachable yet
[Mote:5] Not reachable yet
[Mote:10] Not reachable yet
[Mote:15] Not reachable yet
[Mote:2] Not reachable yet
[Mote:3] Not reachable yet
[Mote:17] Not reachable yet
[Mote:7] Not reachable yet
[Mote:8] Not reachable yet
[Mote:16] Not reachable yet
[Mote:12] Not reachable yet
[Mote:14] Not reachable yet
[Mote:4] Not reachable yet
[Mote:13] Not reachable yet
[Mote:9] Not reachable yet
[Mote:6] Not reachable yet
[Mote:11] Not reachable yet
[Mote:10] Not reachable yet
[Mote:5] Not reachable yet
[Mote:15] Not reachable yet
[Mote:2] Not reachable yet
[Mote:3] Not reachable yet
[Mote:17] Not reachable yet
[Mote:7] Not reachable yet
[Mote:16] Not reachable yet
[Mote:8] Not reachable yet
[Mote:4] Not reachable yet
[Mote:14] Not reachable yet
[Mote:12] Not reachable yet
[Mote:13] Not reachable yet
[Mote:9] Not reachable yet
[Mote:11] Not reachable yet
[Mote:6] Not reachable yet
[Mote:10] Not reachable yet
[Mote:5] Not reachable yet
[Mote:15] Not reachable yet
[Mote:3] Not reachable yet
[Mote:2] Not reachable yet
[Mote:17] Not reachable yet
[Mote:7] Not reachable yet
[Mote:16] Not reachable yet
[Mote:8] Not reachable yet
[Mote:4] Not reachable yet
[Mote:14] Not reachable yet
[Mote:12] Not reachable yet
[Mote:13] Not reachable yet
[Mote:9] Not reachable yet
[Mote:11] Not reachable yet
[Mote:10] Not reachable yet
[Mote:6] Not reachable yet
[Mote:5] Not reachable yet
[Mote:15] Not reachable yet
[Mote:3] Not reachable yet
[Mote:2] Not reachable yet
[Mote:17] Not reachable yet
[Mote:16] Not reachable yet
[Mote:7] Not reachable yet
[Mote:8] Not reachable yet
[Mote:4] Not reachable yet
[Mote:14] Not reachable yet
[Mote:12] Not reachable yet
[Mote:13] Not reachable yet
[Mote:11] Not reachable yet
[Mote:9] Not reachable yet
[Mote:10] Not reachable yet
[Mote:6] Not reachable yet
[Mote:5] Not reachable yet
[Mote:3] Not reachable yet
[Mote:15] Not reachable yet
[Mote:2] Not reachable yet
[Mote:16] Not reachable yet
[Mote:17] Not reachable yet
[Mote:7] Not reachable yet
[Mote:8] Not reachable yet
[Mote:4] Not reachable yet
[Mote:14] Not reachable yet
[Mote:13] Not reachable yet
[Mote:12] Not reachable yet
[Mote:11] Not reachable yet
[Mote:10] Not reachable yet
[Mote:9] Not reachable yet
[Mote:6] Not reachable yet
[Mote:3] Not reachable yet
[Mote:5] Not reachable yet
[Mote:15] Not reachable yet
[Mote:2] Not reachable yet
[Mote:16] Not reachable yet
[Mote:17] Not reachable yet
[Mote:7] Not reachable yet
[Mote:8] Not reachable yet
[Mote:4] Not reachable yet
[Mote:13] Not reachable yet
[Mote:14] Not reachable yet
[Mote:12] Not reachable yet
[Mote:11] Not reachable yet
[Mote:10] Not reachable yet
[Mote:9] Not reachable yet
[Mote:6] Not reachable yet
[Mote:3] Not reachable yet
[Mote:15] Not reachable yet
[Mote:5] Not reachable yet
[Mote:2] Not reachable yet
[Mote:16] Not reachable yet
[Mote:17] Not reachable yet
[Mote:7] Not reachable yet
[Mote:8] Not reachable yet
[Mote:4] Not reachable yet
[Mote:13] Not reachable yet
[Mote:11] Not reachable yet
[Mote:14] Not reachable yet
[Mote:12] Not reachable yet
[Mote:10] Not reachable yet
[Mote:9] Not reachable yet
[Mote:3] Not reachable yet
[Mote:6] Not reachable yet
[Mote:15] Not reachable yet
[Mote:5] Not reachable yet
[Mote:16] Not reachable yet
[Mote:2] Not reachable yet
[Mote:17] Not reachable yet
[Mote:7] Not reachable yet
[Mote:8] Not reachable yet
[Mote:13] Not reachable yet
[Mote:4] Not reachable yet
[Mote:11] Not reachable yet
[Mote:14] Not reachable yet
[Mote:10] Not reachable yet
[Mote:12] Not reachable yet
[Mote:9] Not reachable yet
[Mote:3] Not reachable yet
[Mote:15] Not reachable yet
[Mote:6] Not reachable yet
[Mote:16] Not reachable yet
[Mote:5] Not reachable yet
[Mote:2] Not reachable yet
[Mote:7] Not reachable yet
[Mote:17] Not reachable yet
[Mote:8] Not reachable yet
[Mote:13] Not reachable yet
[Mote:4] Not reachable yet
[Mote:11] Not reachable yet
[Mote:10] Not reachable yet
[Mote:14] Not reachable yet
[Mote:12] Not reachable yet
[Mote:9] Not reachable yet
[Mote:3] Not reachable yet
[Mote:16] Not reachable yet
[Mote:15] Not reachable yet
[Mote:6] Not reachable yet
[Mote:2] Not reachable yet
[Mote:5] Not reachable yet
[Mote:7] Not reachable yet
[Mote:17] Not reachable yet
[Mote:8] Not reachable yet
[Mote:13] Not reachable yet
[Mote:11] Not reachable yet
[Mote:4] Not reachable yet
[Mote:10] Not reachable yet
[Mote:14] Not reachable yet
[Mote:12] Not reachable yet
[Mote:9] Not reachable yet
[Mote:3] Not reachable yet
[Mote:16] Not reachable yet
[Mote:15] Not reachable yet
[Mote:2] Not reachable yet
[Mote:6] Not reachable yet
[Mote:5] Not reachable yet
[Mote:7] Not reachable yet
[Mote:17] Not reachable yet
[Mote:8] Not reachable yet
[Mote:13] Not reachable yet
[Mote:11] Not reachable yet
[Mote:4] Not reachable yet
[Mote:10] Not reachable yet
[Mote:14] Not reachable yet
[Mote:12] Not reachable yet
[Mote:9] Not reachable yet
[Mote:3] Not reachable yet
[Mote:16] Not reachable yet
[Mote:15] Not reachable yet
[Mote:2] Not reachable yet
[Mote:6] Not reachable yet
[Mote:5] Not reachable yet
[Mote:7] Not reachable yet
[Mote:17] Not reachable yet
[Mote:13] Not reachable yet
[Mote:8] Not reachable yet
[Mote:11] Not reachable yet
[Mote:4] Not reachable yet
[Mote:10] Not reachable yet
[Mote:14] Not reachable yet
[Mote:9] Not reachable yet
[Mote:12] Not reachable yet
[Mote:3] Not reachable yet
[Mote:16] Not reachable yet
[Mote:15] Not reachable yet
[Mote:2] Not reachable yet
[Mote:5] Not reachable yet
[Mote:6] Not reachable yet
[Mote:7] Not reachable yet
[Mote:13] Not reachable yet
[Mote:17] Not reachable yet
[Mote:8] Not reachable yet
[Mote:11] Not reachable yet
[Mote:10] Not reachable yet
[Mote:4] Not reachable yet
[Mote:14] Not reachable yet
[Mote:9] Not reachable yet
[Mote:16] Not reachable yet
[Mote:3] Not reachable yet
[Mote:12] Not reachable yet
[Mote:15] Not reachable yet
[Mote:2] Not reachable yet
[Mote:5] Not reachable yet
[Mote:13] Not reachable yet
[Mote:6] Not reachable yet
[Mote:7] Not reachable yet
[Mote:17] Not reachable yet
[Mote:8] Not reachable yet
[Mote:11] Not reachable yet
[Mote:10] Not reachable yet
[Mote:4] Not reachable yet
[Mote:16] Not reachable yet
[Mote:14] Not reachable yet
[Mote:3] Not reachable yet
[Mote:9] Not reachable yet
[Mote:12] Not reachable yet
[Mote:15] Not reachable yet
[Mote:2] Not reachable yet
[Mote:13] Not reachable yet
[Mote:7] Not reachable yet
[Mote:5] Not reachable yet
[Mote:6] Not reachable yet
[Mote:11] Not reachable yet
[Mote:17] Not reachable yet
[Mote:8] Not reachable yet
[Mote:10] Not reachable yet
[Mote:4] Not reachable yet
[Mote:16] Not reachable yet
[Mote:3] Not reachable yet
[Mote:14] Not reachable yet
[Mote:9] Not reachable yet
[Mote:12] Not reachable yet
[Mote:15] Not reachable yet
[Mote:2] Not reachable yet
[Mote:13] Not reachable yet
[Mote:7] Not reachable yet
[Mote:11] Not reachable yet
[Mote:5] Not reachable yet
[Mote:6] Not reachable yet
[Mote:8] Not reachable yet
[Mote:17] Not reachable yet
[Mote:10] Not reachable yet
[Mote:4] Not reachable yet
[Mote:16] Not reachable yet
[Mote:3] Not reachable yet
[Mote:9] Not reachable yet
[Mote:14] Not reachable yet
[Mote:12] Not reachable yet
[Mote:15] Not reachable yet
[Mote:13] Not reachable yet
[Mote:2] Not reachable yet
[Mote:11] Not reachable yet
[Mote:7] Not reachable yet
[Mote:5] Not reachable yet
[Mote:8] Not reachable yet
[Mote:17] Not reachable yet
[Mote:6] Not reachable yet
[Mote:10] Not reachable yet
[Mote:4] Not reachable yet
[Mote:16] Not reachable yet
[Mote:3] Not reachable yet
[Mote:9] Not reachable yet
[Mote:14] Not reachable yet
[Mote:12] Not reachable yet
[Mote:15] Not reachable yet
[Mote:13] Not reachable yet
[Mote:2] Not reachable yet
[Mote:11] Not reachable yet
[Mote:7] Not reachable yet
[Mote:8] Not reachable yet
[Mote:5] Not reachable yet
[Mote:10] Not reachable yet
[Mote:17] Not reachable yet
[Mote:6] Not reachable yet
[Mote:4] Not reachable yet
[Mote:16] Not reachable yet
[Mote:3] Not reachable yet
[Mote:9] Not reachable yet
[Mote:14] Not reachable yet
[Mote:12] Not reachable yet
[Mote:13] Not reachable yet
[Mote:15] Not reachable yet
[Mote:2] Not reachable yet
[Mote:11] Not reachable yet
[Mote:7] Not reachable yet
[Mote:10] Not reachable yet
[Mote:8] Not reachable yet
[Mote:17] Not reachable yet
[Mote:5] Not reachable yet
[Mote:6] Not reachable yet
[Mote:16] Not reachable yet
[Mote:4] Not reachable yet
[Mote:3] Not reachable yet
[Mote:9] Not reachable yet
[Mote:14] Not reachable yet
[Mote:13] Not reachable yet
[Mote:12] Not reachable yet
[Mote:15] Not reachable yet
[Mote:11] Not reachable yet
[Mote:2] Not reachable yet
[Mote:7] Not reachable yet
[Mote:10] Not reachable yet
[Mote:8] Not reachable yet
[Mote:17] Not reachable yet
[Mote:5] Not reachable yet
[Mote:6] Not reachable yet
[Mote:16] Not reachable yet
[Mote:4] Not reachable yet
[Mote:3] Not reachable yet
[Mote:9] Not reachable yet
[Mote:14] Not reachable yet
[Mote:13] Not reachable yet
[Mote:12] Not reachable yet
[Mote:15] Not reachable yet
[Mote:11] Not reachable yet
[Mote:2] Not reachable yet
[Mote:7] Not reachable yet
[Mote:10] Not reachable yet
[Mote:8] Not reachable yet
[Mote:17] Not reachable yet
[Mote:5] Not reachable yet
[Mote:16] Not reachable yet
[Mote:6] Not reachable yet
[Mote:4] Not reachable yet
[Mote:3] Not reachable yet
[Mote:9] Sensor IPv6 = fe80::209:9:9:9
[Mote:13] Not reachable yet
[Mote:14] Not reachable yet
[Mote:1] {"node":"fd00::209:9:9:9", "cpu_energy_mj":2949, "lpm_energy_mj":0, "radio_tx_energy_mj":2, "radio_rx_energy_mj":19159, "total_energy_mj":22110, "node_time":1850236, "total_sent":20, "total_received":49, "bytes_tx":60, "bytes_rx":12, "r2n_latency":1485, "lqi":100, "rssi":-73, "server_sent":183, "server_received":38, "server_bytes_rx":60, "n2r_latency":1614, "hops":0, "rtt_latency":6832, "root_time_now":1851850}
[Mote:11] Not reachable yet
[Mote:15] Not reachable yet
[Mote:12] Not reachable yet
[Mote:2] Not reachable yet
[Mote:10] Not reachable yet
[Mote:7] Not reachable yet
[Mote:8] Not reachable yet
[Mote:17] Not reachable yet
[Mote:16] Not reachable yet
[Mote:5] Not reachable yet
[Mote:6] Not reachable yet
[Mote:4] Not reachable yet
[Mote:3] Not reachable yet
[Mote:9] Sensor IPv6 = fe80::209:9:9:9
[Mote:13] Not reachable yet
[Mote:14] Not reachable yet
[Mote:11] Not reachable yet
[Mote:15] Not reachable yet
[Mote:12] Not reachable yet
[Mote:2] Not reachable yet
[Mote:10] Not reachable yet
[Mote:7] Not reachable yet
[Mote:8] Not reachable yet
[Mote:16] Not reachable yet
[Mote:17] Not reachable yet
[Mote:5] Not reachable yet
[Mote:4] Not reachable yet
[Mote:3] Not reachable yet
[Mote:6] Not reachable yet
[Mote:9] Not reachable yet
[Mote:13] Not reachable yet
[Mote:11] Not reachable yet
[Mote:14] Not reachable yet
[Mote:15] Not reachable yet
[Mote:12] Not reachable yet
[Mote:2] Not reachable yet
[Mote:10] Not reachable yet
[Mote:7] Not reachable yet
[Mote:8] Not reachable yet
[Mote:16] Not reachable yet
[Mote:17] Not reachable yet
[Mote:5] Not reachable yet
[Mote:3] Not reachable yet
[Mote:4] Not reachable yet
[Mote:6] Not reachable yet
[Mote:13] Not reachable yet
[Mote:9] Not reachable yet
[Mote:11] Not reachable yet
[Mote:14] Not reachable yet
[Mote:15] Not reachable yet
[Mote:10] Not reachable yet
[Mote:2] Not reachable yet
[Mote:12] Not reachable yet
[Mote:7] Not reachable yet
[Mote:16] Not reachable yet
[Mote:8] Not reachable yet
[Mote:17] Not reachable yet
[Mote:5] Not reachable yet
[Mote:3] Not reachable yet
[Mote:4] Not reachable yet
[Mote:6] Not reachable yet
[Mote:13] Not reachable yet
[Mote:9] Not reachable yet
[Mote:11] Not reachable yet
[Mote:14] Not reachable yet
[Mote:15] Not reachable yet
[Mote:10] Not reachable yet
[Mote:2] Not reachable yet
[Mote:12] Not reachable yet
[Mote:7] Not reachable yet
[Mote:16] Not reachable yet
[Mote:8] Not reachable yet
[Mote:17] Not reachable yet
[Mote:3] Not reachable yet
[Mote:5] Not reachable yet
[Mote:4] Not reachable yet
[Mote:6] Not reachable yet
[Mote:13] Not reachable yet
[Mote:11] Not reachable yet
[Mote:9] Not reachable yet
[Mote:15] Not reachable yet
[Mote:14] Not reachable yet
[Mote:10] Not reachable yet
[Mote:2] Not reachable yet
[Mote:16] Not reachable yet
[Mote:7] Not reachable yet
[Mote:12] Not reachable yet
[Mote:8] Not reachable yet
[Mote:17] Not reachable yet
[Mote:3] Not reachable yet
[Mote:5] Not reachable yet
[Mote:4] Not reachable yet
[Mote:13] Not reachable yet
[Mote:6] Not reachable yet
[Mote:11] Not reachable yet
[Mote:9] Not reachable yet
[Mote:10] Not reachable yet
[Mote:15] Not reachable yet
[Mote:14] Not reachable yet
[Mote:16] Not reachable yet
[Mote:2] Not reachable yet
[Mote:7] Not reachable yet
[Mote:12] Not reachable yet
[Mote:8] Not reachable yet
[Mote:17] Not reachable yet
[Mote:3] Not reachable yet
[Mote:4] Not reachable yet
[Mote:5] Not reachable yet
[Mote:13] Not reachable yet
[Mote:11] Not reachable yet
[Mote:6] Not reachable yet
[Mote:9] Not reachable yet
[Mote:10] Not reachable yet
[Mote:15] Not reachable yet
[Mote:16] Not reachable yet
[Mote:14] Not reachable yet
[Mote:2] Not reachable yet
[Mote:7] Not reachable yet
[Mote:12] Not reachable yet
[Mote:8] Not reachable yet
[Mote:3] Not reachable yet
[Mote:17] Not reachable yet
[Mote:4] Not reachable yet
[Mote:13] Not reachable yet
[Mote:5] Not reachable yet
[Mote:11] Not reachable yet
[Mote:6] Not reachable yet
[Mote:9] Not reachable yet
[Mote:10] Not reachable yet
[Mote:16] Not reachable yet
[Mote:15] Not reachable yet
[Mote:14] Not reachable yet
[Mote:2] Not reachable yet
[Mote:7] Not reachable yet
[Mote:8] Not reachable yet
[Mote:12] Not reachable yet
[Mote:3] Not reachable yet
[Mote:17] Not reachable yet
[Mote:13] Not reachable yet
[Mote:4] Not reachable yet
[Mote:5] Not reachable yet
[Mote:11] Not reachable yet
[Mote:6] Not reachable yet
[Mote:9] Not reachable yet
[Mote:10] Not reachable yet
[Mote:16] Not reachable yet
[Mote:15] Not reachable yet
[Mote:2] Not reachable yet
[Mote:14] Not reachable yet
[Mote:7] Not reachable yet
[Mote:8] Not reachable yet
[Mote:12] Not reachable yet
[Mote:3] Not reachable yet
[Mote:17] Not reachable yet
[Mote:13] Not reachable yet
[Mote:4] Not reachable yet
[Mote:11] Not reachable yet
[Mote:5] Not reachable yet
[Mote:9] Not reachable yet
[Mote:10] Not reachable yet
[Mote:6] Not reachable yet
[Mote:16] Not reachable yet
[Mote:15] Not reachable yet
[Mote:2] Not reachable yet
[Mote:14] Not reachable yet
[Mote:7] Not reachable yet
[Mote:8] Not reachable yet
[Mote:3] Not reachable yet
[Mote:12] Not reachable yet
[Mote:17] Not reachable yet
[Mote:13] Not reachable yet
[Mote:4] Not reachable yet
[Mote:11] Not reachable yet
[Mote:5] Not reachable yet
[Mote:10] Not reachable yet
[Mote:9] Not reachable yet
[Mote:16] Not reachable yet
[Mote:6] Not reachable yet
[Mote:15] Not reachable yet
[Mote:2] Not reachable yet
[Mote:7] Not reachable yet
[Mote:14] Not reachable yet
[Mote:8] Not reachable yet
[Mote:3] Not reachable yet
[Mote:12] Not reachable yet
[Mote:13] Not reachable yet
[Mote:17] Not reachable yet
[Mote:11] Not reachable yet
[Mote:4] Not reachable yet
[Mote:5] Not reachable yet
[Mote:10] Sensor IPv6 = fe80::20a:a:a:a
[Mote:1] {"node":"fd00::20a:a:a:a", "cpu_energy_mj":715, "lpm_energy_mj":0, "radio_tx_energy_mj":18, "radio_rx_energy_mj":1256, "total_energy_mj":1989, "node_time":1976437, "total_sent":28, "total_received":140, "bytes_tx":60, "bytes_rx":12, "r2n_latency":164, "lqi":100, "rssi":-85, "server_sent":196, "server_received":56, "server_bytes_rx":60, "n2r_latency":13, "hops":0, "rtt_latency":852, "root_time_now":1976450}
[Mote:16] Not reachable yet
[Mote:9] Not reachable yet
[Mote:6] Not reachable yet
[Mote:15] Not reachable yet
[Mote:2] Not reachable yet
[Mote:7] Not reachable yet
[Mote:14] Not reachable yet
[Mote:8] Not reachable yet
[Mote:3] Not reachable yet
[Mote:13] Not reachable yet
[Mote:12] Not reachable yet
[Mote:17] Not reachable yet
[Mote:11] Not reachable yet
[Mote:4] Not reachable yet
[Mote:5] Not reachable yet
[Mote:16] Not reachable yet
[Mote:10] Sensor IPv6 = fe80::20a:a:a:a
[Mote:1] {"node":"fd00::20a:a:a:a", "cpu_energy_mj":18, "lpm_energy_mj":0, "radio_tx_energy_mj":0, "radio_rx_energy_mj":8, "total_energy_mj":26, "node_time":1986624, "total_sent":29, "total_received":141, "bytes_tx":60, "bytes_rx":12, "r2n_latency":104, "lqi":100, "rssi":-85, "server_sent":197, "server_received":58, "server_bytes_rx":60, "n2r_latency":186, "hops":0, "rtt_latency":87, "root_time_now":1986810}
[Mote:9] Not reachable yet
[Mote:6] Not reachable yet
[Mote:15] Not reachable yet
[Mote:2] Not reachable yet
[Mote:7] Not reachable yet
[Mote:14] Not reachable yet
[Mote:8] Not reachable yet
[Mote:3] Not reachable yet
[Mote:13] Not reachable yet
[Mote:12] Not reachable yet
[Mote:17] Not reachable yet
[Mote:11] Not reachable yet
[Mote:4] Not reachable yet
[Mote:16] Not reachable yet
[Mote:10] Sensor IPv6 = fe80::20a:a:a:a
[Mote:1] {"node":"fd00::20a:a:a:a", "cpu_energy_mj":18, "lpm_energy_mj":0, "radio_tx_energy_mj":0, "radio_rx_energy_mj":8, "total_energy_mj":26, "node_time":1996810, "total_sent":30, "total_received":141, "bytes_tx":60, "bytes_rx":12, "r2n_latency":104, "lqi":100, "rssi":-85, "server_sent":198, "server_received":59, "server_bytes_rx":60, "n2r_latency":10, "hops":0, "rtt_latency":87, "root_time_now":1996820}
[Mote:5] Not reachable yet
[Mote:9] Not reachable yet
[Mote:15] Not reachable yet
[Mote:6] Not reachable yet
[Mote:2] Not reachable yet
[Mote:7] Not reachable yet
[Mote:8] Not reachable yet
[Mote:14] Not reachable yet
[Mote:3] Not reachable yet
[Mote:13] Not reachable yet
[Mote:11] Not reachable yet
[Mote:12] Not reachable yet
[Mote:17] Not reachable yet
[Mote:4] Not reachable yet
[Mote:16] Not reachable yet
[Mote:10] Sensor IPv6 = fe80::20a:a:a:a
[Mote:5] Not reachable yet
[Mote:9] Not reachable yet
[Mote:15] Not reachable yet
[Mote:6] Not reachable yet
[Mote:2] Not reachable yet
[Mote:7] Not reachable yet
[Mote:1] {"node":"fd00::20a:a:a:a", "cpu_energy_mj":18, "lpm_energy_mj":0, "radio_tx_energy_mj":1, "radio_rx_energy_mj":7, "total_energy_mj":26, "node_time":2006998, "total_sent":31, "total_received":142, "bytes_tx":60, "bytes_rx":12, "r2n_latency":125, "lqi":100, "rssi":-85, "server_sent":200, "server_received":60, "server_bytes_rx":60, "n2r_latency":5082, "hops":0, "rtt_latency":87, "root_time_now":2012080}
[Mote:3] Not reachable yet
[Mote:8] Not reachable yet
[Mote:14] Not reachable yet
[Mote:13] Not reachable yet
[Mote:11] Not reachable yet
[Mote:17] Not reachable yet
[Mote:12] Not reachable yet
[Mote:4] Not reachable yet
[Mote:16] Not reachable yet
[Mote:10] Not reachable yet
[Mote:5] Not reachable yet
[Mote:9] Not reachable yet
[Mote:15] Not reachable yet
[Mote:6] Not reachable yet
[Mote:2] Not reachable yet
[Mote:7] Not reachable yet
[Mote:3] Not reachable yet
[Mote:8] Not reachable yet
[Mote:13] Not reachable yet
[Mote:14] Not reachable yet
[Mote:11] Not reachable yet
[Mote:17] Not reachable yet
[Mote:12] Not reachable yet
[Mote:4] Not reachable yet
[Mote:16] Not reachable yet
[Mote:10] Not reachable yet
[Mote:5] Not reachable yet
[Mote:9] Not reachable yet
[Mote:15] Sensor IPv6 = fe80::20f:f:f:f
[Mote:2] Not reachable yet
[Mote:7] Not reachable yet
[Mote:6] Not reachable yet
[Mote:3] Not reachable yet
[Mote:13] Not reachable yet
[Mote:8] Not reachable yet
[Mote:14] Not reachable yet
[Mote:11] Not reachable yet
[Mote:17] Not reachable yet
[Mote:16] Not reachable yet
[Mote:12] Not reachable yet
[Mote:4] Not reachable yet
[Mote:10] Not reachable yet
[Mote:1] {"node":"fd00::20f:f:f:f", "cpu_energy_mj":1117, "lpm_energy_mj":0, "radio_tx_energy_mj":20, "radio_rx_energy_mj":6418, "total_energy_mj":7555, "node_time":2031390, "total_sent":38, "total_received":166, "bytes_tx":60, "bytes_rx":12, "r2n_latency":504, "lqi":100, "rssi":-93, "server_sent":200, "server_received":83, "server_bytes_rx":60, "n2r_latency":6800, "hops":0, "rtt_latency":3642, "root_time_now":2038190}
[Mote:5] Not reachable yet
[Mote:9] Not reachable yet
[Mote:15] Not reachable yet
[Mote:7] Not reachable yet
[Mote:2] Not reachable yet
[Mote:3] Not reachable yet
[Mote:13] Not reachable yet
[Mote:6] Not reachable yet
[Mote:8] Not reachable yet
[Mote:11] Not reachable yet
[Mote:14] Not reachable yet
[Mote:17] Not reachable yet
[Mote:16] Not reachable yet
[Mote:12] Not reachable yet
[Mote:10] Not reachable yet
[Mote:4] Not reachable yet
[Mote:5] Not reachable yet
[Mote:9] Not reachable yet
[Mote:15] Not reachable yet
[Mote:7] Not reachable yet
[Mote:3] Not reachable yet
[Mote:2] Not reachable yet
[Mote:13] Not reachable yet
[Mote:8] Not reachable yet
[Mote:6] Not reachable yet
[Mote:11] Not reachable yet
[Mote:14] Not reachable yet
[Mote:16] Not reachable yet
[Mote:17] Not reachable yet
[Mote:10] Not reachable yet
[Mote:4] Not reachable yet
[Mote:12] Not reachable yet
[Mote:5] Not reachable yet
[Mote:9] Not reachable yet
[Mote:15] Not reachable yet
[Mote:13] Not reachable yet
[Mote:3] Not reachable yet
[Mote:7] Not reachable yet
[Mote:2] Not reachable yet
[Mote:8] Not reachable yet
[Mote:11] Not reachable yet
[Mote:6] Not reachable yet
[Mote:14] Not reachable yet
[Mote:16] Not reachable yet
[Mote:17] Not reachable yet
[Mote:10] Not reachable yet
[Mote:4] Not reachable yet
[Mote:12] Not reachable yet
[Mote:9] Not reachable yet
[Mote:5] Not reachable yet
[Mote:15] Not reachable yet
[Mote:13] Not reachable yet
[Mote:3] Not reachable yet
[Mote:7] Not reachable yet
[Mote:2] Not reachable yet
[Mote:11] Not reachable yet
[Mote:8] Not reachable yet
[Mote:6] Not reachable yet
[Mote:16] Not reachable yet
[Mote:14] Not reachable yet
[Mote:10] Not reachable yet
[Mote:17] Not reachable yet
[Mote:4] Not reachable yet
[Mote:12] Not reachable yet
[Mote:9] Not reachable yet
[Mote:5] Not reachable yet
[Mote:13] Not reachable yet
[Mote:15] Not reachable yet
[Mote:3] Not reachable yet
[Mote:7] Not reachable yet
[Mote:2] Not reachable yet
[Mote:11] Not reachable yet
[Mote:8] Not reachable yet
[Mote:16] Not reachable yet
[Mote:6] Not reachable yet
[Mote:14] Not reachable yet
[Mote:10] Not reachable yet
[Mote:17] Not reachable yet
[Mote:4] Not reachable yet
[Mote:12] Not reachable yet
[Mote:9] Not reachable yet
[Mote:13] Not reachable yet
[Mote:5] Not reachable yet
[Mote:3] Not reachable yet
[Mote:15] Not reachable yet
[Mote:7] Not reachable yet
[Mote:11] Not reachable yet
[Mote:2] Not reachable yet
[Mote:8] Not reachable yet
[Mote:16] Not reachable yet
[Mote:6] Not reachable yet
[Mote:10] Not reachable yet
[Mote:14] Not reachable yet
[Mote:17] Not reachable yet
[Mote:4] Not reachable yet
[Mote:12] Not reachable yet
[Mote:9] Not reachable yet
[Mote:13] Not reachable yet
[Mote:3] Not reachable yet
[Mote:5] Not reachable yet
[Mote:15] Not reachable yet
[Mote:11] Not reachable yet
[Mote:7] Not reachable yet
[Mote:2] Not reachable yet
[Mote:8] Not reachable yet
[Mote:16] Not reachable yet
[Mote:10] Not reachable yet
[Mote:6] Not reachable yet
[Mote:14] Not reachable yet
[Mote:17] Not reachable yet
[Mote:4] Not reachable yet
[Mote:12] Not reachable yet
[Mote:13] Not reachable yet
[Mote:9] Not reachable yet
[Mote:3] Not reachable yet
[Mote:11] Not reachable yet
[Mote:5] Not reachable yet
[Mote:15] Not reachable yet
[Mote:7] Not reachable yet
[Mote:2] Not reachable yet
[Mote:16] Not reachable yet
[Mote:8] Not reachable yet
[Mote:10] Not reachable yet
[Mote:6] Not reachable yet
[Mote:14] Not reachable yet
[Mote:17] Not reachable yet
[Mote:4] Not reachable yet
[Mote:12] Not reachable yet
[Mote:13] Not reachable yet
[Mote:9] Not reachable yet
[Mote:3] Not reachable yet
[Mote:11] Not reachable yet
[Mote:15] Not reachable yet
[Mote:5] Not reachable yet
[Mote:7] Not reachable yet
[Mote:16] Not reachable yet
[Mote:2] Not reachable yet
[Mote:8] Not reachable yet
[Mote:10] Not reachable yet
[Mote:6] Not reachable yet
[Mote:14] Not reachable yet
[Mote:17] Not reachable yet
[Mote:4] Not reachable yet
[Mote:12] Not reachable yet
[Mote:13] Not reachable yet
[Mote:3] Not reachable yet
[Mote:9] Not reachable yet
[Mote:11] Not reachable yet
[Mote:15] Not reachable yet
[Mote:16] Not reachable yet
[Mote:7] Not reachable yet
[Mote:5] Not reachable yet
[Mote:2] Not reachable yet
[Mote:8] Not reachable yet
[Mote:10] Not reachable yet
[Mote:14] Not reachable yet
[Mote:6] Not reachable yet
[Mote:17] Not reachable yet
[Mote:4] Not reachable yet
[Mote:13] Not reachable yet
[Mote:12] Not reachable yet
[Mote:3] Not reachable yet
[Mote:11] Not reachable yet
[Mote:9] Not reachable yet
[Mote:16] Not reachable yet
[Mote:15] Not reachable yet
[Mote:7] Not reachable yet
[Mote:5] Not reachable yet
[Mote:2] Not reachable yet
[Mote:8] Not reachable yet
[Mote:10] Not reachable yet
[Mote:14] Not reachable yet
[Mote:17] Not reachable yet
[Mote:6] Not reachable yet
[Mote:4] Not reachable yet
[Mote:13] Not reachable yet
[Mote:3] Not reachable yet
[Mote:12] Not reachable yet
[Mote:11] Not reachable yet
[Mote:9] Sensor IPv6 = fe80::209:9:9:9
[Mote:16] Not reachable yet
[Mote:1] {"node":"fd00::209:9:9:9", "cpu_energy_mj":532, "lpm_energy_mj":0, "radio_tx_energy_mj":1, "radio_rx_energy_mj":2684, "total_energy_mj":3217, "node_time":2156795, "total_sent":22, "total_received":68, "bytes_tx":60, "bytes_rx":12, "r2n_latency":204, "lqi":100, "rssi":-73, "server_sent":213, "server_received":42, "server_bytes_rx":60, "n2r_latency":745, "hops":0, "rtt_latency":277, "root_time_now":2157540}
[Mote:15] Not reachable yet
[Mote:7] Not reachable yet
[Mote:2] Not reachable yet
[Mote:5] Not reachable yet
[Mote:8] Not reachable yet
[Mote:10] Not reachable yet
[Mote:14] Not reachable yet
[Mote:17] Not reachable yet
[Mote:6] Not reachable yet
[Mote:4] Not reachable yet
[Mote:13] Not reachable yet
[Mote:11] Not reachable yet
[Mote:3] Not reachable yet
[Mote:12] Not reachable yet
[Mote:16] Not reachable yet
[Mote:9] Sensor IPv6 = fe80::209:9:9:9
[Mote:1] {"node":"fd00::209:9:9:9", "cpu_energy_mj":19, "lpm_energy_mj":0, "radio_tx_energy_mj":0, "radio_rx_energy_mj":8, "total_energy_mj":27, "node_time":2167366, "total_sent":23, "total_received":69, "bytes_tx":60, "bytes_rx":12, "r2n_latency":214, "lqi":100, "rssi":-73, "server_sent":214, "server_received":44, "server_bytes_rx":60, "n2r_latency":534, "hops":0, "rtt_latency":2207, "root_time_now":2167900}
[Mote:15] Not reachable yet
[Mote:7] Not reachable yet
[Mote:2] Not reachable yet
[Mote:5] Not reachable yet
[Mote:8] Not reachable yet
[Mote:10] Not reachable yet
[Mote:17] Not reachable yet
[Mote:14] Not reachable yet
[Mote:4] Not reachable yet
[Mote:6] Not reachable yet
[Mote:13] Not reachable yet
[Mote:11] Not reachable yet
[Mote:3] Not reachable yet
[Mote:16] Not reachable yet
[Mote:12] Not reachable yet
[Mote:9] Sensor IPv6 = fe80::209:9:9:9
[Mote:1] {"node":"fd00::209:9:9:9", "cpu_energy_mj":19, "lpm_energy_mj":0, "radio_tx_energy_mj":0, "radio_rx_energy_mj":8, "total_energy_mj":27, "node_time":2177939, "total_sent":24, "total_received":70, "bytes_tx":60, "bytes_rx":12, "r2n_latency":14, "lqi":100, "rssi":-73, "server_sent":215, "server_received":46, "server_bytes_rx":60, "n2r_latency":41, "hops":0, "rtt_latency":182, "root_time_now":2177980}
[Mote:15] Not reachable yet
[Mote:7] Not reachable yet
[Mote:2] Not reachable yet
[Mote:8] Not reachable yet
[Mote:10] Not reachable yet
[Mote:5] Not reachable yet
[Mote:17] Not reachable yet
[Mote:13] Not reachable yet
[Mote:14] Not reachable yet
[Mote:4] Not reachable yet
[Mote:6] Not reachable yet
[Mote:11] Not reachable yet
[Mote:3] Not reachable yet
[Mote:16] Not reachable yet
[Mote:12] Not reachable yet
[Mote:9] Sensor IPv6 = fe80::209:9:9:9
[Mote:1] {"node":"fd00::209:9:9:9", "cpu_energy_mj":19, "lpm_energy_mj":0, "radio_tx_energy_mj":0, "radio_rx_energy_mj":8, "total_energy_mj":27, "node_time":2188510, "total_sent":25, "total_received":71, "bytes_tx":60, "bytes_rx":12, "r2n_latency":24, "lqi":100, "rssi":-73, "server_sent":216, "server_received":48, "server_bytes_rx":60, "n2r_latency":320, "hops":0, "rtt_latency":502, "root_time_now":2188830}
[Mote:15] Not reachable yet
[Mote:7] Not reachable yet
[Mote:2] Not reachable yet
[Mote:10] Not reachable yet
[Mote:8] Not reachable yet
[Mote:5] Not reachable yet
[Mote:13] Not reachable yet
[Mote:17] Not reachable yet
[Mote:4] Not reachable yet
[Mote:14] Not reachable yet
[Mote:11] Not reachable yet
[Mote:6] Not reachable yet
[Mote:3] Not reachable yet
[Mote:16] Not reachable yet
[Mote:9] Sensor IPv6 = fe80::209:9:9:9
[Mote:1] {"node":"fd00::209:9:9:9", "cpu_energy_mj":19, "lpm_energy_mj":0, "radio_tx_energy_mj":0, "radio_rx_energy_mj":8, "total_energy_mj":27, "node_time":2199079, "total_sent":26, "total_received":72, "bytes_tx":60, "bytes_rx":12, "r2n_latency":34, "lqi":100, "rssi":-73, "server_sent":217, "server_received":50, "server_bytes_rx":60, "n2r_latency":41, "hops":0, "rtt_latency":122, "root_time_now":2199120}
[Mote:12] Not reachable yet
[Mote:15] Not reachable yet
[Mote:7] Not reachable yet
[Mote:10] Not reachable yet
[Mote:2] Not reachable yet
[Mote:8] Not reachable yet
[Mote:5] Not reachable yet
[Mote:13] Not reachable yet
[Mote:17] Not reachable yet
[Mote:4] Not reachable yet
[Mote:14] Not reachable yet
[Mote:11] Not reachable yet
[Mote:3] Not reachable yet
[Mote:16] Not reachable yet
[Mote:6] Not reachable yet
[Mote:9] Sensor IPv6 = fe80::209:9:9:9
[Mote:1] {"node":"fd00::209:9:9:9", "cpu_energy_mj":19, "lpm_energy_mj":0, "radio_tx_energy_mj":0, "radio_rx_energy_mj":8, "total_energy_mj":27, "node_time":2209650, "total_sent":27, "total_received":73, "bytes_tx":60, "bytes_rx":12, "r2n_latency":43, "lqi":100, "rssi":-73, "server_sent":218, "server_received":52, "server_bytes_rx":60, "n2r_latency":40, "hops":0, "rtt_latency":301, "root_time_now":2209690}
[Mote:12] Not reachable yet
[Mote:15] Not reachable yet
[Mote:7] Not reachable yet
[Mote:10] Sensor IPv6 = fe80::20a:a:a:a
[Mote:1] {"node":"fd00::20a:a:a:a", "cpu_energy_mj":366, "lpm_energy_mj":0, "radio_tx_energy_mj":4, "radio_rx_energy_mj":835, "total_energy_mj":1205, "node_time":2210739, "total_sent":32, "total_received":159, "bytes_tx":60, "bytes_rx":12, "r2n_latency":404, "lqi":100, "rssi":-85, "server_sent":220, "server_received":64, "server_bytes_rx":60, "n2r_latency":71, "hops":0, "rtt_latency":272, "root_time_now":2210810}
[Mote:2] Not reachable yet
[Mote:8] Not reachable yet
[Mote:5] Not reachable yet
[Mote:13] Not reachable yet
[Mote:17] Not reachable yet
[Mote:4] Not reachable yet
[Mote:11] Not reachable yet
[Mote:14] Not reachable yet
[Mote:16] Not reachable yet
[Mote:3] Not reachable yet
[Mote:6] Not reachable yet
[Mote:9] Sensor IPv6 = fe80::209:9:9:9
[Mote:1] {"node":"fd00::209:9:9:9", "cpu_energy_mj":19, "lpm_energy_mj":0, "radio_tx_energy_mj":0, "radio_rx_energy_mj":8, "total_energy_mj":27, "node_time":2220221, "total_sent":28, "total_received":74, "bytes_tx":60, "bytes_rx":12, "r2n_latency":54, "lqi":100, "rssi":-73, "server_sent":220, "server_received":54, "server_bytes_rx":60, "n2r_latency":389, "hops":0, "rtt_latency":97, "root_time_now":2220610}
[Mote:15] Not reachable yet
[Mote:7] Not reachable yet
[Mote:10] Sensor IPv6 = fe80::20a:a:a:a
[Mote:12] Not reachable yet
[Mote:1] {"node":"fd00::20a:a:a:a", "cpu_energy_mj":18, "lpm_energy_mj":0, "radio_tx_energy_mj":0, "radio_rx_energy_mj":8, "total_energy_mj":26, "node_time":2220925, "total_sent":33, "total_received":160, "bytes_tx":60, "bytes_rx":12, "r2n_latency":206, "lqi":100, "rssi":-85, "server_sent":221, "server_received":66, "server_bytes_rx":60, "n2r_latency":595, "hops":0, "rtt_latency":593, "root_time_now":2221520}
[Mote:2] Not reachable yet
[Mote:8] Not reachable yet
[Mote:5] Not reachable yet
[Mote:13] Not reachable yet
[Mote:11] Not reachable yet
[Mote:17] Not reachable yet
[Mote:4] Not reachable yet
[Mote:16] Not reachable yet
[Mote:3] Not reachable yet
[Mote:14] Not reachable yet
[Mote:6] Sensor IPv6 = fe80::206:6:6:6
[Mote:1] {"node":"fd00::206:6:6:6", "cpu_energy_mj":4013, "lpm_energy_mj":0, "radio_tx_energy_mj":1, "radio_rx_energy_mj":37948, "total_energy_mj":41962, "node_time":2229368, "total_sent":1, "total_received":0, "bytes_tx":60, "bytes_rx":0, "r2n_latency":0, "lqi":0, "rssi":0, "server_sent":0, "server_received":1, "server_bytes_rx":60, "n2r_latency":132, "hops":1, "rtt_latency":0, "root_time_now":2229500}
[Mote:9] Sensor IPv6 = fe80::209:9:9:9
[Mote:1] {"node":"fd00::209:9:9:9", "cpu_energy_mj":19, "lpm_energy_mj":0, "radio_tx_energy_mj":0, "radio_rx_energy_mj":8, "total_energy_mj":27, "node_time":2230792, "total_sent":29, "total_received":76, "bytes_tx":60, "bytes_rx":12, "r2n_latency":75, "lqi":100, "rssi":-73, "server_sent":221, "server_received":57, "server_bytes_rx":60, "n2r_latency":248, "hops":0, "rtt_latency":352, "root_time_now":2231040}
[Mote:10] Sensor IPv6 = fe80::20a:a:a:a
[Mote:15] Not reachable yet
[Mote:7] Not reachable yet
[Mote:12] Sensor IPv6 = fe80::20c:c:c:c
[Mote:1] {"node":"fd00::20a:a:a:a", "cpu_energy_mj":18, "lpm_energy_mj":0, "radio_tx_energy_mj":0, "radio_rx_energy_mj":8, "total_energy_mj":26, "node_time":2231112, "total_sent":34, "total_received":161, "bytes_tx":60, "bytes_rx":12, "r2n_latency":495, "lqi":100, "rssi":-85, "server_sent":222, "server_received":68, "server_bytes_rx":60, "n2r_latency":768, "hops":0, "rtt_latency":317, "root_time_now":2231880}
[Mote:1] {"node":"fd00::20c:c:c:c", "cpu_energy_mj":3607, "lpm_energy_mj":0, "radio_tx_energy_mj":10, "radio_rx_energy_mj":32593, "total_energy_mj":36210, "node_time":2231795, "total_sent":20, "total_received":31, "bytes_tx":60, "bytes_rx":12, "r2n_latency":32843, "lqi":100, "rssi":-81, "server_sent":220, "server_received":36, "server_bytes_rx":60, "n2r_latency":295, "hops":1, "rtt_latency":7497, "root_time_now":2232090}
[Mote:2] Not reachable yet
[Mote:8] Not reachable yet
[Mote:5] Not reachable yet
[Mote:13] Not reachable yet
[Mote:11] Not reachable yet
[Mote:16] Not reachable yet
[Mote:17] Not reachable yet
[Mote:4] Not reachable yet
[Mote:3] Not reachable yet
[Mote:14] Not reachable yet
[Mote:6] Sensor IPv6 = fe80::206:6:6:6
[Mote:10] Sensor IPv6 = fe80::20a:a:a:a
[Mote:9] Sensor IPv6 = fe80::209:9:9:9
[Mote:7] Not reachable yet
[Mote:15] Not reachable yet
[Mote:1] {"node":"fd00::209:9:9:9", "cpu_energy_mj":19, "lpm_energy_mj":0, "radio_tx_energy_mj":0, "radio_rx_energy_mj":8, "total_energy_mj":27, "node_time":2241363, "total_sent":30, "total_received":77, "bytes_tx":60, "bytes_rx":12, "r2n_latency":14, "lqi":100, "rssi":-73, "server_sent":222, "server_received":59, "server_bytes_rx":60, "n2r_latency":807, "hops":0, "rtt_latency":707, "root_time_now":2242170}
[Mote:1] {"node":"fd00::206:6:6:6", "cpu_energy_mj":19, "lpm_energy_mj":0, "radio_tx_energy_mj":0, "radio_rx_energy_mj":8, "total_energy_mj":27, "node_time":2240300, "total_sent":2, "total_received":1, "bytes_tx":60, "bytes_rx":12, "r2n_latency":915, "lqi":100, "rssi":-77, "server_sent":2, "server_received":3, "server_bytes_rx":60, "n2r_latency":1940, "hops":1, "rtt_latency":702, "root_time_now":2242240}
[Mote:1] {"node":"fd00::20a:a:a:a", "cpu_energy_mj":18, "lpm_energy_mj":0, "radio_tx_energy_mj":0, "radio_rx_energy_mj":7, "total_energy_mj":25, "node_time":2241299, "total_sent":35, "total_received":162, "bytes_tx":60, "bytes_rx":12, "r2n_latency":154, "lqi":100, "rssi":-85, "server_sent":223, "server_received":70, "server_bytes_rx":60, "n2r_latency":1221, "hops":0, "rtt_latency":1232, "root_time_now":2242520}
[Mote:12] Sensor IPv6 = fe80::20c:c:c:c
[Mote:1] {"node":"fd00::20c:c:c:c", "cpu_energy_mj":19, "lpm_energy_mj":0, "radio_tx_energy_mj":0, "radio_rx_energy_mj":8, "total_energy_mj":27, "node_time":2242628, "total_sent":21, "total_received":33, "bytes_tx":60, "bytes_rx":12, "r2n_latency":1064, "lqi":100, "rssi":-81, "server_sent":221, "server_received":39, "server_bytes_rx":60, "n2r_latency":102, "hops":1, "rtt_latency":1302, "root_time_now":2242730}
[Mote:2] Not reachable yet
[Mote:8] Not reachable yet
[Mote:5] Not reachable yet
[Mote:13] Not reachable yet
[Mote:11] Not reachable yet
[Mote:16] Not reachable yet
[Mote:17] Not reachable yet
[Mote:3] Not reachable yet
[Mote:4] Not reachable yet
[Mote:14] Not reachable yet
[Mote:6] Sensor IPv6 = fe80::206:6:6:6
[Mote:10] Sensor IPv6 = fe80::20a:a:a:a
[Mote:1] {"node":"fd00::20a:a:a:a", "cpu_energy_mj":18, "lpm_energy_mj":0, "radio_tx_energy_mj":0, "radio_rx_energy_mj":7, "total_energy_mj":25, "node_time":2251486, "total_sent":36, "total_received":163, "bytes_tx":60, "bytes_rx":12, "r2n_latency":374, "lqi":100, "rssi":-85, "server_sent":224, "server_received":72, "server_bytes_rx":60, "n2r_latency":414, "hops":0, "rtt_latency":502, "root_time_now":2251900}
[Mote:9] Sensor IPv6 = fe80::209:9:9:9
[Mote:1] {"node":"fd00::209:9:9:9", "cpu_energy_mj":19, "lpm_energy_mj":0, "radio_tx_energy_mj":0, "radio_rx_energy_mj":8, "total_energy_mj":27, "node_time":2251934, "total_sent":31, "total_received":78, "bytes_tx":60, "bytes_rx":12, "r2n_latency":234, "lqi":100, "rssi":-73, "server_sent":223, "server_received":61, "server_bytes_rx":60, "n2r_latency":246, "hops":0, "rtt_latency":1062, "root_time_now":2252180}
[Mote:7] Sensor IPv6 = fe80::207:7:7:7
[Mote:15] Sensor IPv6 = fe80::20f:f:f:f
[Mote:1] {"node":"fd00::207:7:7:7", "cpu_energy_mj":3639, "lpm_energy_mj":0, "radio_tx_energy_mj":490, "radio_rx_energy_mj":1465, "total_energy_mj":5594, "node_time":2252347, "total_sent":19, "total_received":140, "bytes_tx":60, "bytes_rx":12, "r2n_latency":5333, "lqi":100, "rssi":-81, "server_sent":220, "server_received":32, "server_bytes_rx":60, "n2r_latency":113, "hops":1, "rtt_latency":7567, "root_time_now":2252460}
[Mote:1] {"node":"fd00::20f:f:f:f", "cpu_energy_mj":397, "lpm_energy_mj":0, "radio_tx_energy_mj":4, "radio_rx_energy_mj":1593, "total_energy_mj":1994, "node_time":2252415, "total_sent":39, "total_received":181, "bytes_tx":60, "bytes_rx":12, "r2n_latency":1214, "lqi":100, "rssi":-93, "server_sent":222, "server_received":85, "server_bytes_rx":60, "n2r_latency":255, "hops":0, "rtt_latency":1307, "root_time_now":2252670}
[Mote:12] Sensor IPv6 = fe80::20c:c:c:c
[Mote:2] Not reachable yet
[Mote:8] Not reachable yet
[Mote:1] {"node":"fd00::206:6:6:6", "cpu_energy_mj":19, "lpm_energy_mj":0, "radio_tx_energy_mj":0, "radio_rx_energy_mj":8, "total_energy_mj":27, "node_time":2251229, "total_sent":3, "total_received":2, "bytes_tx":60, "bytes_rx":12, "r2n_latency":1344, "lqi":100, "rssi":-77, "server_sent":3, "server_received":5, "server_bytes_rx":60, "n2r_latency":2701, "hops":1, "rtt_latency":1162, "root_time_now":2253930}
[Mote:1] {"node":"fd00::20c:c:c:c", "cpu_energy_mj":19, "lpm_energy_mj":0, "radio_tx_energy_mj":0, "radio_rx_energy_mj":8, "total_energy_mj":27, "node_time":2253461, "total_sent":22, "total_received":34, "bytes_tx":60, "bytes_rx":12, "r2n_latency":1074, "lqi":100, "rssi":-81, "server_sent":222, "server_received":41, "server_bytes_rx":60, "n2r_latency":1029, "hops":1, "rtt_latency":712, "root_time_now":2254490}
[Mote:13] Not reachable yet
[Mote:5] Not reachable yet
[Mote:11] Not reachable yet
[Mote:16] Not reachable yet
[Mote:3] Not reachable yet
[Mote:17] Not reachable yet
[Mote:4] Not reachable yet
[Mote:14] Not reachable yet
[Mote:10] Sensor IPv6 = fe80::20a:a:a:a
[Mote:6] Sensor IPv6 = fe80::206:6:6:6
[Mote:9] Sensor IPv6 = fe80::209:9:9:9
[Mote:7] Sensor IPv6 = fe80::207:7:7:7
[Mote:15] Sensor IPv6 = fe80::20f:f:f:f
[Mote:1] {"node":"fd00::20f:f:f:f", "cpu_energy_mj":18, "lpm_energy_mj":0, "radio_tx_energy_mj":0, "radio_rx_energy_mj":8, "total_energy_mj":26, "node_time":2262940, "total_sent":40, "total_received":182, "bytes_tx":60, "bytes_rx":12, "r2n_latency":734, "lqi":100, "rssi":-93, "server_sent":223, "server_received":87, "server_bytes_rx":60, "n2r_latency":20, "hops":0, "rtt_latency":402, "root_time_now":2262960}
[Mote:2] Not reachable yet
[Mote:8] Not reachable yet
[Mote:12] Sensor IPv6 = fe80::20c:c:c:c
[Mote:1] {"node":"fd00::209:9:9:9", "cpu_energy_mj":19, "lpm_energy_mj":0, "radio_tx_energy_mj":0, "radio_rx_energy_mj":8, "total_energy_mj":27, "node_time":2262505, "total_sent":32, "total_received":79, "bytes_tx":60, "bytes_rx":12, "r2n_latency":34, "lqi":100, "rssi":-73, "server_sent":224, "server_received":63, "server_bytes_rx":60, "n2r_latency":2555, "hops":0, "rtt_latency":2397, "root_time_now":2265060}
[Mote:13] Not reachable yet
[Mote:5] Not reachable yet
[Mote:1] {"node":"fd00::206:6:6:6", "cpu_energy_mj":19, "lpm_energy_mj":0, "radio_tx_energy_mj":0, "radio_rx_energy_mj":8, "total_energy_mj":27, "node_time":2262156, "total_sent":4, "total_received":4, "bytes_tx":60, "bytes_rx":12, "r2n_latency":1014, "lqi":100, "rssi":-77, "server_sent":4, "server_received":8, "server_bytes_rx":60, "n2r_latency":4514, "hops":1, "rtt_latency":3307, "root_time_now":2266670}
[Mote:1] {"node":"fd00::20a:a:a:a", "cpu_energy_mj":18, "lpm_energy_mj":0, "radio_tx_energy_mj":0, "radio_rx_energy_mj":7, "total_energy_mj":25, "node_time":2261673, "total_sent":37, "total_received":164, "bytes_tx":60, "bytes_rx":12, "r2n_latency":174, "lqi":100, "rssi":-85, "server_sent":225, "server_received":74, "server_bytes_rx":60, "n2r_latency":5137, "hops":0, "rtt_latency":1907, "root_time_now":2266810}
[Mote:1] {"node":"fd00::207:7:7:7", "cpu_energy_mj":18, "lpm_energy_mj":0, "radio_tx_energy_mj":0, "radio_rx_energy_mj":8, "total_energy_mj":26, "node_time":2262821, "total_sent":20, "total_received":141, "bytes_tx":60, "bytes_rx":12, "r2n_latency":3314, "lqi":100, "rssi":-81, "server_sent":221, "server_received":34, "server_bytes_rx":60, "n2r_latency":4059, "hops":1, "rtt_latency":1937, "root_time_now":2266880}
[Mote:1] {"node":"fd00::20c:c:c:c", "cpu_energy_mj":19, "lpm_energy_mj":0, "radio_tx_energy_mj":0, "radio_rx_energy_mj":8, "total_energy_mj":27, "node_time":2264293, "total_sent":23, "total_received":35, "bytes_tx":60, "bytes_rx":12, "r2n_latency":1784, "lqi":100, "rssi":-81, "server_sent":223, "server_received":43, "server_bytes_rx":60, "n2r_latency":2937, "hops":1, "rtt_latency":3517, "root_time_now":2267230}
[Mote:11] Not reachable yet
[Mote:16] Not reachable yet
[Mote:3] Not reachable yet
[Mote:17] Sensor IPv6 = fe80::211:11:11:11
[Mote:4] Not reachable yet
[Mote:1] {"node":"fd00::211:11:11:11", "cpu_energy_mj":3645, "lpm_energy_mj":0, "radio_tx_energy_mj":29, "radio_rx_energy_mj":1844, "total_energy_mj":5518, "node_time":2269456, "total_sent":18, "total_received":53, "bytes_tx":60, "bytes_rx":12, "r2n_latency":5033, "lqi":100, "rssi":-61, "server_sent":219, "server_received":30, "server_bytes_rx":60, "n2r_latency":84, "hops":1, "rtt_latency":9772, "root_time_now":2269540}
[Mote:14] Sensor IPv6 = fe80::20e:e:e:e
[Mote:10] Sensor IPv6 = fe80::20a:a:a:a
[Mote:9] Sensor IPv6 = fe80::209:9:9:9
[Mote:6] Sensor IPv6 = fe80::206:6:6:6
[Mote:7] Sensor IPv6 = fe80::207:7:7:7
[Mote:15] Sensor IPv6 = fe80::20f:f:f:f
[Mote:1] {"node":"fd00::20f:f:f:f", "cpu_energy_mj":18, "lpm_energy_mj":0, "radio_tx_energy_mj":0, "radio_rx_energy_mj":8, "total_energy_mj":26, "node_time":2273465, "total_sent":41, "total_received":183, "bytes_tx":60, "bytes_rx":12, "r2n_latency":744, "lqi":100, "rssi":-93, "server_sent":224, "server_received":89, "server_bytes_rx":60, "n2r_latency":65, "hops":0, "rtt_latency":582, "root_time_now":2273530}
[Mote:1] {"node":"fd00::20a:a:a:a", "cpu_energy_mj":18, "lpm_energy_mj":0, "radio_tx_energy_mj":1, "radio_rx_energy_mj":7, "total_energy_mj":26, "node_time":2271860, "total_sent":38, "total_received":165, "bytes_tx":60, "bytes_rx":12, "r2n_latency":184, "lqi":100, "rssi":-85, "server_sent":226, "server_received":76, "server_bytes_rx":60, "n2r_latency":2090, "hops":0, "rtt_latency":1807, "root_time_now":2273950}
[Mote:1] {"node":"fd00::20e:e:e:e", "cpu_energy_mj":4087, "lpm_energy_mj":0, "radio_tx_energy_mj":0, "radio_rx_energy_mj":44276, "total_energy_mj":48363, "node_time":2271046, "total_sent":1, "total_received":0, "bytes_tx":60, "bytes_rx":0, "r2n_latency":0, "lqi":0, "rssi":0, "server_sent":0, "server_received":1, "server_bytes_rx":60, "n2r_latency":3184, "hops":2, "rtt_latency":0, "root_time_now":2274230}
[Mote:1] {"node":"fd00::207:7:7:7", "cpu_energy_mj":18, "lpm_energy_mj":0, "radio_tx_energy_mj":0, "radio_rx_energy_mj":8, "total_energy_mj":26, "node_time":2273297, "total_sent":21, "total_received":143, "bytes_tx":60, "bytes_rx":12, "r2n_latency":2214, "lqi":100, "rssi":-81, "server_sent":222, "server_received":37, "server_bytes_rx":60, "n2r_latency":1073, "hops":1, "rtt_latency":2087, "root_time_now":2274370}
[Mote:8] Not reachable yet
[Mote:2] Not reachable yet
[Mote:12] Sensor IPv6 = fe80::20c:c:c:c
[Mote:1] {"node":"fd00::20c:c:c:c", "cpu_energy_mj":19, "lpm_energy_mj":0, "radio_tx_energy_mj":0, "radio_rx_energy_mj":8, "total_energy_mj":27, "node_time":2275127, "total_sent":24, "total_received":36, "bytes_tx":60, "bytes_rx":12, "r2n_latency":3194, "lqi":100, "rssi":-81, "server_sent":224, "server_received":45, "server_bytes_rx":60, "n2r_latency":363, "hops":1, "rtt_latency":2157, "root_time_now":2275490}
[Mote:1] {"node":"fd00::209:9:9:9", "cpu_energy_mj":19, "lpm_energy_mj":0, "radio_tx_energy_mj":0, "radio_rx_energy_mj":8, "total_energy_mj":27, "node_time":2273076, "total_sent":33, "total_received":80, "bytes_tx":60, "bytes_rx":12, "r2n_latency":44, "lqi":100, "rssi":-73, "server_sent":225, "server_received":65, "server_bytes_rx":60, "n2r_latency":2554, "hops":0, "rtt_latency":2472, "root_time_now":2275630}
[Mote:1] {"node":"fd00::206:6:6:6", "cpu_energy_mj":19, "lpm_energy_mj":0, "radio_tx_energy_mj":0, "radio_rx_energy_mj":8, "total_energy_mj":27, "node_time":2273087, "total_sent":5, "total_received":5, "bytes_tx":60, "bytes_rx":12, "r2n_latency":1304, "lqi":100, "rssi":-77, "server_sent":5, "server_received":10, "server_bytes_rx":60, "n2r_latency":2613, "hops":1, "rtt_latency":2787, "root_time_now":2275700}
[Mote:13] Not reachable yet
[Mote:5] Not reachable yet
[Mote:11] Not reachable yet
[Mote:16] Not reachable yet
[Mote:3] Not reachable yet
[Mote:4] Not reachable yet
[Mote:17] Sensor IPv6 = fe80::211:11:11:11
[Mote:14] Sensor IPv6 = fe80::20e:e:e:e
[Mote:10] Sensor IPv6 = fe80::20a:a:a:a
[Mote:1] {"node":"fd00::211:11:11:11", "cpu_energy_mj":19, "lpm_energy_mj":0, "radio_tx_energy_mj":0, "radio_rx_energy_mj":8, "total_energy_mj":27, "node_time":2280057, "total_sent":19, "total_received":54, "bytes_tx":60, "bytes_rx":12, "r2n_latency":5924, "lqi":100, "rssi":-61, "server_sent":221, "server_received":32, "server_bytes_rx":60, "n2r_latency":2713, "hops":1, "rtt_latency":3032, "root_time_now":2282770}
[Mote:9] Sensor IPv6 = fe80::209:9:9:9
[Mote:7] Sensor IPv6 = fe80::207:7:7:7
[Mote:15] Sensor IPv6 = fe80::20f:f:f:f
[Mote:6] Sensor IPv6 = fe80::206:6:6:6
[Mote:8] Not reachable yet
[Mote:2] Not reachable yet
[Mote:1] {"node":"fd00::20a:a:a:a", "cpu_energy_mj":18, "lpm_energy_mj":0, "radio_tx_energy_mj":1, "radio_rx_energy_mj":7, "total_energy_mj":26, "node_time":2282047, "total_sent":39, "total_received":166, "bytes_tx":60, "bytes_rx":12, "r2n_latency":194, "lqi":100, "rssi":-85, "server_sent":227, "server_received":78, "server_bytes_rx":60, "n2r_latency":3033, "hops":0, "rtt_latency":2477, "root_time_now":2285080}
[Mote:1] {"node":"fd00::20e:e:e:e", "cpu_energy_mj":19, "lpm_energy_mj":0, "radio_tx_energy_mj":0, "radio_rx_energy_mj":8, "total_energy_mj":27, "node_time":2281811, "total_sent":2, "total_received":0, "bytes_tx":60, "bytes_rx":0, "r2n_latency":0, "lqi":0, "rssi":0, "server_sent":1, "server_received":2, "server_bytes_rx":60, "n2r_latency":4039, "hops":2, "rtt_latency":0, "root_time_now":2285850}
[Mote:1] {"node":"fd00::207:7:7:7", "cpu_energy_mj":18, "lpm_energy_mj":0, "radio_tx_energy_mj":0, "radio_rx_energy_mj":8, "total_energy_mj":26, "node_time":2283772, "total_sent":22, "total_received":144, "bytes_tx":60, "bytes_rx":12, "r2n_latency":2364, "lqi":100, "rssi":-81, "server_sent":223, "server_received":39, "server_bytes_rx":60, "n2r_latency":2148, "hops":1, "rtt_latency":2862, "root_time_now":2285920}
[Mote:12] Sensor IPv6 = fe80::20c:c:c:c
[Mote:13] Not reachable yet
[Mote:1] {"node":"fd00::209:9:9:9", "cpu_energy_mj":19, "lpm_energy_mj":0, "radio_tx_energy_mj":0, "radio_rx_energy_mj":8, "total_energy_mj":27, "node_time":2283647, "total_sent":34, "total_received":81, "bytes_tx":60, "bytes_rx":12, "r2n_latency":54, "lqi":100, "rssi":-73, "server_sent":226, "server_received":67, "server_bytes_rx":60, "n2r_latency":2763, "hops":0, "rtt_latency":937, "root_time_now":2286410}
[Mote:1] {"node":"fd00::206:6:6:6", "cpu_energy_mj":19, "lpm_energy_mj":0, "radio_tx_energy_mj":0, "radio_rx_energy_mj":8, "total_energy_mj":27, "node_time":2284014, "total_sent":6, "total_received":6, "bytes_tx":60, "bytes_rx":12, "r2n_latency":754, "lqi":100, "rssi":-77, "server_sent":6, "server_received":12, "server_bytes_rx":60, "n2r_latency":2886, "hops":1, "rtt_latency":1077, "root_time_now":2286900}
[Mote:1] {"node":"fd00::20f:f:f:f", "cpu_energy_mj":18, "lpm_energy_mj":0, "radio_tx_energy_mj":0, "radio_rx_energy_mj":8, "total_energy_mj":26, "node_time":2283990, "total_sent":42, "total_received":184, "bytes_tx":60, "bytes_rx":12, "r2n_latency":1594, "lqi":100, "rssi":-93, "server_sent":225, "server_received":91, "server_bytes_rx":60, "n2r_latency":3120, "hops":0, "rtt_latency":1427, "root_time_now":2287110}
[Mote:1] {"node":"fd00::20c:c:c:c", "cpu_energy_mj":19, "lpm_energy_mj":0, "radio_tx_energy_mj":0, "radio_rx_energy_mj":8, "total_energy_mj":27, "node_time":2285959, "total_sent":25, "total_received":37, "bytes_tx":60, "bytes_rx":12, "r2n_latency":2224, "lqi":100, "rssi":-81, "server_sent":225, "server_received":47, "server_bytes_rx":60, "n2r_latency":1571, "hops":1, "rtt_latency":2897, "root_time_now":2287530}
[Mote:11] Not reachable yet
[Mote:16] Not reachable yet
[Mote:5] Sensor IPv6 = fe80::205:5:5:5
[Mote:3] Not reachable yet
[Mote:1] {"node":"fd00::205:5:5:5", "cpu_energy_mj":3690, "lpm_energy_mj":0, "radio_tx_energy_mj":505, "radio_rx_energy_mj":2286, "total_energy_mj":6481, "node_time":2288224, "total_sent":5, "total_received":115, "bytes_tx":60, "bytes_rx":12, "r2n_latency":3974, "lqi":100, "rssi":-56, "server_sent":207, "server_received":3, "server_bytes_rx":60, "n2r_latency":1406, "hops":2, "rtt_latency":3737, "root_time_now":2289630}
[Mote:4] Not reachable yet
[Mote:17] Sensor IPv6 = fe80::211:11:11:11
[Mote:10] Sensor IPv6 = fe80::20a:a:a:a
[Mote:1] {"node":"fd00::20a:a:a:a", "cpu_energy_mj":18, "lpm_energy_mj":0, "radio_tx_energy_mj":1, "radio_rx_energy_mj":7, "total_energy_mj":26, "node_time":2292234, "total_sent":40, "total_received":167, "bytes_tx":60, "bytes_rx":12, "r2n_latency":344, "lqi":100, "rssi":-85, "server_sent":228, "server_received":80, "server_bytes_rx":60, "n2r_latency":56, "hops":0, "rtt_latency":452, "root_time_now":2292290}
[Mote:14] Sensor IPv6 = fe80::20e:e:e:e
[Mote:1] {"node":"fd00::20e:e:e:e", "cpu_energy_mj":19, "lpm_energy_mj":0, "radio_tx_energy_mj":0, "radio_rx_energy_mj":8, "total_energy_mj":27, "node_time":2292572, "total_sent":3, "total_received":1, "bytes_tx":60, "bytes_rx":12, "r2n_latency":5444, "lqi":100, "rssi":-83, "server_sent":2, "server_received":4, "server_bytes_rx":60, "n2r_latency":208, "hops":2, "rtt_latency":3842, "root_time_now":2292780}
[Mote:1] {"node":"fd00::211:11:11:11", "cpu_energy_mj":19, "lpm_energy_mj":0, "radio_tx_energy_mj":0, "radio_rx_energy_mj":8, "total_energy_mj":27, "node_time":2290660, "total_sent":20, "total_received":55, "bytes_tx":60, "bytes_rx":12, "r2n_latency":3274, "lqi":100, "rssi":-61, "server_sent":222, "server_received":34, "server_bytes_rx":60, "n2r_latency":2470, "hops":1, "rtt_latency":3597, "root_time_now":2293130}
[Mote:9] Sensor IPv6 = fe80::209:9:9:9
[Mote:7] Sensor IPv6 = fe80::207:7:7:7
[Mote:1] {"node":"fd00::209:9:9:9", "cpu_energy_mj":19, "lpm_energy_mj":0, "radio_tx_energy_mj":0, "radio_rx_energy_mj":8, "total_energy_mj":27, "node_time":2294218, "total_sent":35, "total_received":82, "bytes_tx":60, "bytes_rx":12, "r2n_latency":64, "lqi":100, "rssi":-73, "server_sent":227, "server_received":69, "server_bytes_rx":60, "n2r_latency":32, "hops":0, "rtt_latency":592, "root_time_now":2294250}
[Mote:1] {"node":"fd00::207:7:7:7", "cpu_energy_mj":18, "lpm_energy_mj":0, "radio_tx_energy_mj":0, "radio_rx_energy_mj":8, "total_energy_mj":26, "node_time":2294248, "total_sent":23, "total_received":144, "bytes_tx":60, "bytes_rx":12, "r2n_latency":2364, "lqi":100, "rssi":-81, "server_sent":224, "server_received":40, "server_bytes_rx":60, "n2r_latency":142, "hops":1, "rtt_latency":2862, "root_time_now":2294390}
[Mote:15] Sensor IPv6 = fe80::20f:f:f:f
[Mote:1] {"node":"fd00::20f:f:f:f", "cpu_energy_mj":18, "lpm_energy_mj":0, "radio_tx_energy_mj":0, "radio_rx_energy_mj":8, "total_energy_mj":26, "node_time":2294515, "total_sent":43, "total_received":185, "bytes_tx":60, "bytes_rx":12, "r2n_latency":484, "lqi":100, "rssi":-93, "server_sent":226, "server_received":93, "server_bytes_rx":60, "n2r_latency":295, "hops":0, "rtt_latency":1537, "root_time_now":2294810}
[Mote:6] Sensor IPv6 = fe80::206:6:6:6
[Mote:1] {"node":"fd00::206:6:6:6", "cpu_energy_mj":19, "lpm_energy_mj":0, "radio_tx_energy_mj":0, "radio_rx_energy_mj":8, "total_energy_mj":27, "node_time":2294943, "total_sent":7, "total_received":7, "bytes_tx":60, "bytes_rx":12, "r2n_latency":3634, "lqi":100, "rssi":-77, "server_sent":7, "server_received":14, "server_bytes_rx":60, "n2r_latency":77, "hops":1, "rtt_latency":1887, "root_time_now":2295020}
[Mote:8] Not reachable yet
[Mote:2] Sensor IPv6 = fe80::202:2:2:2
[Mote:1] {"node":"fd00::202:2:2:2", "cpu_energy_mj":4132, "lpm_energy_mj":0, "radio_tx_energy_mj":1, "radio_rx_energy_mj":7435, "total_energy_mj":11568, "node_time":2295597, "total_sent":1, "total_received":0, "bytes_tx":60, "bytes_rx":0, "r2n_latency":0, "lqi":0, "rssi":0, "server_sent":0, "server_received":1, "server_bytes_rx":60, "n2r_latency":263, "hops":3, "rtt_latency":0, "root_time_now":2295860}
[Mote:13] Not reachable yet
[Mote:12] Sensor IPv6 = fe80::20c:c:c:c
[Mote:16] Not reachable yet
[Mote:11] Not reachable yet
[Mote:1] {"node":"fd00::20c:c:c:c", "cpu_energy_mj":19, "lpm_energy_mj":0, "radio_tx_energy_mj":0, "radio_rx_energy_mj":8, "total_energy_mj":27, "node_time":2296793, "total_sent":26, "total_received":38, "bytes_tx":60, "bytes_rx":12, "r2n_latency":6574, "lqi":100, "rssi":-81, "server_sent":226, "server_received":49, "server_bytes_rx":60, "n2r_latency":1517, "hops":1, "rtt_latency":3987, "root_time_now":2298310}
[Mote:5] Sensor IPv6 = fe80::205:5:5:5
[Mote:3] Not reachable yet
[Mote:4] Not reachable yet
[Mote:17] Sensor IPv6 = fe80::211:11:11:11
[Mote:10] Sensor IPv6 = fe80::20a:a:a:a
[Mote:1] {"node":"fd00::20a:a:a:a", "cpu_energy_mj":18, "lpm_energy_mj":0, "radio_tx_energy_mj":1, "radio_rx_energy_mj":7, "total_energy_mj":26, "node_time":2302421, "total_sent":41, "total_received":168, "bytes_tx":60, "bytes_rx":12, "r2n_latency":213, "lqi":100, "rssi":-85, "server_sent":229, "server_received":82, "server_bytes_rx":60, "n2r_latency":229, "hops":0, "rtt_latency":1191, "root_time_now":2302650}
[Mote:14] Sensor IPv6 = fe80::20e:e:e:e
[Mote:7] Sensor IPv6 = fe80::207:7:7:7
[Mote:9] Sensor IPv6 = fe80::209:9:9:9
[Mote:15] Sensor IPv6 = fe80::20f:f:f:f
[Mote:6] Sensor IPv6 = fe80::206:6:6:6
[Mote:8] Not reachable yet
[Mote:2] Sensor IPv6 = fe80::202:2:2:2
[Mote:13] Not reachable yet
[Mote:1] {"node":"fd00::20e:e:e:e", "cpu_energy_mj":19, "lpm_energy_mj":0, "radio_tx_energy_mj":0, "radio_rx_energy_mj":8, "total_energy_mj":27, "node_time":2303335, "total_sent":4, "total_received":2, "bytes_tx":60, "bytes_rx":12, "r2n_latency":8534, "lqi":100, "rssi":-83, "server_sent":3, "server_received":6, "server_bytes_rx":60, "n2r_latency":3095, "hops":2, "rtt_latency":4407, "root_time_now":2306430}
[Mote:1] {"node":"fd00::205:5:5:5", "cpu_energy_mj":19, "lpm_energy_mj":0, "radio_tx_energy_mj":0, "radio_rx_energy_mj":8, "total_energy_mj":27, "node_time":2299016, "total_sent":6, "total_received":116, "bytes_tx":60, "bytes_rx":12, "r2n_latency":7204, "lqi":100, "rssi":-56, "server_sent":209, "server_received":5, "server_bytes_rx":60, "n2r_latency":8604, "hops":2, "rtt_latency":6227, "root_time_now":2307620}
[Mote:12] Sensor IPv6 = fe80::20c:c:c:c
[Mote:16] Not reachable yet
[Mote:11] Not reachable yet
[Mote:5] Sensor IPv6 = fe80::205:5:5:5
[Mote:3] Not reachable yet
[Mote:1] {"node":"fd00::209:9:9:9", "cpu_energy_mj":19, "lpm_energy_mj":0, "radio_tx_energy_mj":0, "radio_rx_energy_mj":8, "total_energy_mj":27, "node_time":2304789, "total_sent":36, "total_received":83, "bytes_tx":60, "bytes_rx":12, "r2n_latency":73, "lqi":100, "rssi":-73, "server_sent":229, "server_received":71, "server_bytes_rx":60, "n2r_latency":6121, "hops":0, "rtt_latency":246, "root_time_now":2310910}
[Mote:4] Not reachable yet
[Mote:17] Sensor IPv6 = fe80::211:11:11:11
[Mote:1] {"node":"fd00::206:6:6:6", "cpu_energy_mj":19, "lpm_energy_mj":0, "radio_tx_energy_mj":0, "radio_rx_energy_mj":8, "total_energy_mj":27, "node_time":2305872, "total_sent":8, "total_received":8, "bytes_tx":60, "bytes_rx":12, "r2n_latency":1123, "lqi":100, "rssi":-77, "server_sent":9, "server_received":16, "server_bytes_rx":60, "n2r_latency":6508, "hops":1, "rtt_latency":1121, "root_time_now":2312380}
[Mote:10] Sensor IPv6 = fe80::20a:a:a:a
[Mote:14] Sensor IPv6 = fe80::20e:e:e:e
[Mote:1] {"node":"fd00::20c:c:c:c", "cpu_energy_mj":19, "lpm_energy_mj":0, "radio_tx_energy_mj":1, "radio_rx_energy_mj":8, "total_energy_mj":28, "node_time":2307626, "total_sent":27, "total_received":39, "bytes_tx":60, "bytes_rx":12, "r2n_latency":983, "lqi":100, "rssi":-81, "server_sent":228, "server_received":51, "server_bytes_rx":60, "n2r_latency":7204, "hops":1, "rtt_latency":2801, "root_time_now":2314830}
[Mote:1] {"node":"fd00::20f:f:f:f", "cpu_energy_mj":18, "lpm_energy_mj":0, "radio_tx_energy_mj":0, "radio_rx_energy_mj":8, "total_energy_mj":26, "node_time":2305040, "total_sent":44, "total_received":186, "bytes_tx":60, "bytes_rx":12, "r2n_latency":1263, "lqi":100, "rssi":-93, "server_sent":228, "server_received":95, "server_bytes_rx":60, "n2r_latency":10140, "hops":0, "rtt_latency":701, "root_time_now":2315180}
[Mote:7] Sensor IPv6 = fe80::207:7:7:7
[Mote:9] Sensor IPv6 = fe80::209:9:9:9
[Mote:15] Sensor IPv6 = fe80::20f:f:f:f
[Mote:1] {"node":"fd00::207:7:7:7", "cpu_energy_mj":18, "lpm_energy_mj":0, "radio_tx_energy_mj":0, "radio_rx_energy_mj":8, "total_energy_mj":26, "node_time":2304725, "total_sent":24, "total_received":146, "bytes_tx":60, "bytes_rx":12, "r2n_latency":4203, "lqi":100, "rssi":-81, "server_sent":226, "server_received":43, "server_bytes_rx":60, "n2r_latency":11015, "hops":1, "rtt_latency":6686, "root_time_now":2315740}
[Mote:1] {"node":"fd00::209:9:9:9", "cpu_energy_mj":19, "lpm_energy_mj":0, "radio_tx_energy_mj":0, "radio_rx_energy_mj":8, "total_energy_mj":27, "node_time":2315360, "total_sent":37, "total_received":84, "bytes_tx":60, "bytes_rx":12, "r2n_latency":1484, "lqi":100, "rssi":-73, "server_sent":229, "server_received":73, "server_bytes_rx":60, "n2r_latency":520, "hops":0, "rtt_latency":1302, "root_time_now":2315880}
[Mote:13] Not reachable yet
[Mote:8] Not reachable yet
[Mote:2] Sensor IPv6 = fe80::202:2:2:2
[Mote:6] Sensor IPv6 = fe80::206:6:6:6
[Mote:16] Not reachable yet
[Mote:11] Not reachable yet
[Mote:12] Sensor IPv6 = fe80::20c:c:c:c
[Mote:3] Not reachable yet
[Mote:5] Not reachable yet
[Mote:1] {"node":"fd00::206:6:6:6", "cpu_energy_mj":19, "lpm_energy_mj":0, "radio_tx_energy_mj":0, "radio_rx_energy_mj":8, "total_energy_mj":27, "node_time":2316801, "total_sent":9, "total_received":9, "bytes_tx":60, "bytes_rx":12, "r2n_latency":3934, "lqi":100, "rssi":-77, "server_sent":10, "server_received":18, "server_bytes_rx":60, "n2r_latency":5099, "hops":1, "rtt_latency":2037, "root_time_now":2321900}
[Mote:4] Not reachable yet
[Mote:17] Sensor IPv6 = fe80::211:11:11:11
[Mote:10] Sensor IPv6 = fe80::20a:a:a:a
[Mote:1] {"node":"fd00::20a:a:a:a", "cpu_energy_mj":18, "lpm_energy_mj":0, "radio_tx_energy_mj":1, "radio_rx_energy_mj":7, "total_energy_mj":26, "node_time":2312608, "total_sent":42, "total_received":169, "bytes_tx":60, "bytes_rx":12, "r2n_latency":224, "lqi":100, "rssi":-85, "server_sent":231, "server_received":84, "server_bytes_rx":60, "n2r_latency":11532, "hops":0, "rtt_latency":6692, "root_time_now":2324140}
[Mote:14] Sensor IPv6 = fe80::20e:e:e:e
[Mote:7] Sensor IPv6 = fe80::207:7:7:7
[Mote:9] Sensor IPv6 = fe80::209:9:9:9
[Mote:15] Not reachable yet
[Mote:13] Not reachable yet
[Mote:8] Not reachable yet
[Mote:1] {"node":"fd00::209:9:9:9", "cpu_energy_mj":19, "lpm_energy_mj":0, "radio_tx_energy_mj":0, "radio_rx_energy_mj":8, "total_energy_mj":27, "node_time":2325931, "total_sent":38, "total_received":85, "bytes_tx":60, "bytes_rx":12, "r2n_latency":5274, "lqi":100, "rssi":-73, "server_sent":230, "server_received":75, "server_bytes_rx":60, "n2r_latency":1219, "hops":0, "rtt_latency":3547, "root_time_now":2327150}
[Mote:2] Not reachable yet
[Mote:6] Sensor IPv6 = fe80::206:6:6:6
[Mote:16] Not reachable yet
[Mote:1] {"node":"fd00::206:6:6:6", "cpu_energy_mj":19, "lpm_energy_mj":0, "radio_tx_energy_mj":0, "radio_rx_energy_mj":8, "total_energy_mj":27, "node_time":2327730, "total_sent":10, "total_received":10, "bytes_tx":60, "bytes_rx":12, "r2n_latency":6884, "lqi":100, "rssi":-77, "server_sent":10, "server_received":20, "server_bytes_rx":60, "n2r_latency":120, "hops":1, "rtt_latency":3617, "root_time_now":2327850}
[Mote:11] Not reachable yet
[Mote:12] Not reachable yet
[Mote:3] Not reachable yet
[Mote:5] Not reachable yet
[Mote:4] Not reachable yet
[Mote:10] Sensor IPv6 = fe80::20a:a:a:a
[Mote:17] Sensor IPv6 = fe80::211:11:11:11
[Mote:1] {"node":"fd00::20e:e:e:e", "cpu_energy_mj":19, "lpm_energy_mj":0, "radio_tx_energy_mj":0, "radio_rx_energy_mj":8, "total_energy_mj":27, "node_time":2314098, "total_sent":5, "total_received":3, "bytes_tx":60, "bytes_rx":12, "r2n_latency":6583, "lqi":100, "rssi":-83, "server_sent":6, "server_received":8, "server_bytes_rx":60, "n2r_latency":19142, "hops":2, "rtt_latency":6721, "root_time_now":2333240}
[Mote:1] {"node":"fd00::207:7:7:7", "cpu_energy_mj":18, "lpm_energy_mj":0, "radio_tx_energy_mj":1, "radio_rx_energy_mj":7, "total_energy_mj":26, "node_time":2315201, "total_sent":25, "total_received":147, "bytes_tx":60, "bytes_rx":12, "r2n_latency":1204, "lqi":100, "rssi":-81, "server_sent":228, "server_received":45, "server_bytes_rx":60, "n2r_latency":18599, "hops":1, "rtt_latency":11067, "root_time_now":2333800}
[Mote:1] {"node":"fd00::205:5:5:5", "cpu_energy_mj":19, "lpm_energy_mj":0, "radio_tx_energy_mj":0, "radio_rx_energy_mj":8, "total_energy_mj":27, "node_time":2309805, "total_sent":7, "total_received":117, "bytes_tx":60, "bytes_rx":12, "r2n_latency":6373, "lqi":100, "rssi":-56, "server_sent":212, "server_received":7, "server_bytes_rx":60, "n2r_latency":24415, "hops":2, "rtt_latency":16031, "root_time_now":2334220}
[Mote:1] {"node":"fd00::20a:a:a:a", "cpu_energy_mj":18, "lpm_energy_mj":0, "radio_tx_energy_mj":2, "radio_rx_energy_mj":6, "total_energy_mj":26, "node_time":2332981, "total_sent":44, "total_received":170, "bytes_tx":60, "bytes_rx":12, "r2n_latency":5063, "lqi":100, "rssi":-85, "server_sent":232, "server_received":85, "server_bytes_rx":60, "n2r_latency":1659, "hops":0, "rtt_latency":6692, "root_time_now":2334640}
[Mote:14] Not reachable yet
[Mote:7] Not reachable yet
[Mote:9] Sensor IPv6 = fe80::209:9:9:9
[Mote:13] Not reachable yet
[Mote:15] Not reachable yet
[Mote:1] {"node":"fd00::209:9:9:9", "cpu_energy_mj":19, "lpm_energy_mj":0, "radio_tx_energy_mj":0, "radio_rx_energy_mj":8, "total_energy_mj":27, "node_time":2336502, "total_sent":39, "total_received":86, "bytes_tx":60, "bytes_rx":12, "r2n_latency":33, "lqi":100, "rssi":-73, "server_sent":231, "server_received":77, "server_bytes_rx":60, "n2r_latency":168, "hops":0, "rtt_latency":261, "root_time_now":2336670}
[Mote:8] Not reachable yet
[Mote:2] Not reachable yet
[Mote:16] Not reachable yet
[Mote:11] Not reachable yet
[Mote:6] Sensor IPv6 = fe80::206:6:6:6
[Mote:1] {"node":"fd00::206:6:6:6", "cpu_energy_mj":19, "lpm_energy_mj":0, "radio_tx_energy_mj":0, "radio_rx_energy_mj":9, "total_energy_mj":28, "node_time":2338657, "total_sent":11, "total_received":10, "bytes_tx":60, "bytes_rx":12, "r2n_latency":6884, "lqi":100, "rssi":-77, "server_sent":11, "server_received":21, "server_bytes_rx":60, "n2r_latency":533, "hops":1, "rtt_latency":3617, "root_time_now":2339190}
[Mote:1] {"node":"fd00::207:7:7:7", "cpu_energy_mj":18, "lpm_energy_mj":0, "radio_tx_energy_mj":0, "radio_rx_energy_mj":8, "total_energy_mj":26, "node_time":2325678, "total_sent":26, "total_received":147, "bytes_tx":60, "bytes_rx":12, "r2n_latency":1204, "lqi":100, "rssi":-81, "server_sent":228, "server_received":46, "server_bytes_rx":60, "n2r_latency":13792, "hops":1, "rtt_latency":11067, "root_time_now":2339470}
[Mote:12] Not reachable yet
[Mote:3] Not reachable yet
[Mote:5] Not reachable yet
[Mote:10] Sensor IPv6 = fe80::20a:a:a:a
[Mote:4] Not reachable yet
[Mote:1] {"node":"fd00::20a:a:a:a", "cpu_energy_mj":18, "lpm_energy_mj":0, "radio_tx_energy_mj":2, "radio_rx_energy_mj":6, "total_energy_mj":26, "node_time":2343169, "total_sent":45, "total_received":171, "bytes_tx":60, "bytes_rx":12, "r2n_latency":7733, "lqi":100, "rssi":-85, "server_sent":233, "server_received":88, "server_bytes_rx":60, "n2r_latency":291, "hops":0, "rtt_latency":10967, "root_time_now":2343460}
[Mote:17] Not reachable yet
[Mote:14] Not reachable yet
[Mote:7] Not reachable yet
[Mote:13] Not reachable yet
[Mote:9] Sensor IPv6 = fe80::209:9:9:9
[Mote:15] Not reachable yet
[Mote:16] Not reachable yet
[Mote:8] Not reachable yet
[Mote:2] Not reachable yet
[Mote:11] Not reachable yet
[Mote:6] Sensor IPv6 = fe80::206:6:6:6
[Mote:12] Not reachable yet
[Mote:3] Not reachable yet
[Mote:5] Not reachable yet
[Mote:10] Sensor IPv6 = fe80::20a:a:a:a
[Mote:1] {"node":"fd00::209:9:9:9", "cpu_energy_mj":19, "lpm_energy_mj":0, "radio_tx_energy_mj":0, "radio_rx_energy_mj":8, "total_energy_mj":27, "node_time":2347075, "total_sent":40, "total_received":87, "bytes_tx":60, "bytes_rx":12, "r2n_latency":1303, "lqi":100, "rssi":-73, "server_sent":233, "server_received":78, "server_bytes_rx":60, "n2r_latency":6675, "hops":0, "rtt_latency":261, "root_time_now":2353750}
[Mote:4] Not reachable yet
[Mote:17] Not reachable yet
[Mote:13] Not reachable yet
[Mote:7] Not reachable yet
[Mote:14] Not reachable yet
[Mote:9] Not reachable yet
[Mote:15] Not reachable yet
[Mote:16] Not reachable yet
[Mote:8] Not reachable yet
[Mote:11] Not reachable yet
[Mote:2] Not reachable yet
[Mote:6] Not reachable yet
[Mote:3] Not reachable yet
[Mote:12] Not reachable yet
[Mote:10] Sensor IPv6 = fe80::20a:a:a:a
[Mote:5] Not reachable yet
[Mote:4] Not reachable yet
[Mote:17] Not reachable yet
[Mote:13] Not reachable yet
[Mote:7] Not reachable yet
[Mote:16] Not reachable yet
[Mote:14] Not reachable yet
[Mote:15] Not reachable yet
[Mote:9] Not reachable yet
[Mote:11] Not reachable yet
[Mote:8] Not reachable yet
[Mote:2] Not reachable yet
[Mote:6] Not reachable yet
[Mote:3] Not reachable yet
[Mote:12] Not reachable yet
[Mote:10] Not reachable yet
[Mote:5] Not reachable yet
[Mote:4] Not reachable yet
[Mote:17] Not reachable yet
[Mote:13] Not reachable yet
[Mote:16] Not reachable yet
[Mote:7] Not reachable yet
[Mote:14] Not reachable yet
[Mote:11] Not reachable yet
[Mote:15] Not reachable yet
[Mote:9] Not reachable yet
[Mote:8] Not reachable yet
[Mote:2] Not reachable yet
[Mote:3] Not reachable yet
[Mote:6] Not reachable yet
[Mote:12] Not reachable yet
[Mote:10] Not reachable yet
[Mote:5] Not reachable yet
[Mote:4] Not reachable yet
[Mote:17] Not reachable yet
[Mote:13] Not reachable yet
[Mote:16] Not reachable yet
[Mote:7] Not reachable yet
[Mote:11] Not reachable yet
[Mote:15] Not reachable yet
[Mote:9] Not reachable yet
[Mote:14] Not reachable yet
[Mote:8] Not reachable yet
[Mote:2] Not reachable yet
[Mote:3] Not reachable yet
[Mote:6] Not reachable yet
[Mote:10] Not reachable yet
[Mote:12] Not reachable yet
[Mote:5] Not reachable yet
[Mote:4] Not reachable yet
[Mote:17] Not reachable yet
[Mote:13] Not reachable yet
[Mote:16] Not reachable yet
[Mote:11] Not reachable yet
[Mote:7] Not reachable yet
[Mote:15] Not reachable yet
[Mote:9] Not reachable yet
[Mote:14] Not reachable yet
[Mote:8] Not reachable yet
[Mote:2] Not reachable yet
[Mote:3] Not reachable yet
[Mote:6] Not reachable yet
[Mote:10] Not reachable yet
[Mote:12] Not reachable yet
[Mote:4] Not reachable yet
[Mote:5] Not reachable yet
[Mote:17] Not reachable yet
[Mote:13] Not reachable yet
[Mote:16] Not reachable yet
[Mote:11] Not reachable yet
[Mote:7] Not reachable yet
[Mote:15] Not reachable yet
[Mote:9] Not reachable yet
[Mote:8] Not reachable yet
[Mote:14] Not reachable yet
[Mote:2] Not reachable yet
[Mote:3] Not reachable yet
[Mote:10] Not reachable yet
[Mote:6] Not reachable yet
[Mote:12] Not reachable yet
[Mote:4] Not reachable yet
[Mote:13] Not reachable yet
[Mote:5] Not reachable yet
[Mote:17] Not reachable yet
[Mote:16] Not reachable yet
[Mote:11] Not reachable yet
[Mote:7] Not reachable yet
[Mote:15] Not reachable yet
[Mote:9] Not reachable yet
[Mote:8] Not reachable yet
[Mote:14] Not reachable yet
[Mote:2] Not reachable yet
[Mote:3] Not reachable yet
[Mote:10] Not reachable yet
[Mote:6] Not reachable yet
[Mote:12] Not reachable yet
[Mote:13] Not reachable yet
[Mote:4] Not reachable yet
[Mote:16] Not reachable yet
[Mote:17] Not reachable yet
[Mote:5] Not reachable yet
[Mote:11] Not reachable yet
[Mote:7] Not reachable yet
[Mote:15] Not reachable yet
[Mote:9] Not reachable yet
[Mote:8] Not reachable yet
[Mote:14] Not reachable yet
[Mote:2] Not reachable yet
[Mote:3] Not reachable yet
[Mote:10] Not reachable yet
[Mote:6] Not reachable yet
[Mote:12] Not reachable yet
[Mote:13] Not reachable yet
[Mote:16] Not reachable yet
[Mote:4] Not reachable yet
[Mote:17] Not reachable yet
[Mote:5] Not reachable yet
[Mote:11] Not reachable yet
[Mote:7] Not reachable yet
[Mote:15] Not reachable yet
[Mote:9] Not reachable yet
[Mote:8] Not reachable yet
[Mote:2] Not reachable yet
[Mote:14] Not reachable yet
[Mote:3] Not reachable yet
[Mote:10] Not reachable yet
[Mote:13] Not reachable yet
[Mote:6] Not reachable yet
[Mote:16] Not reachable yet
[Mote:12] Not reachable yet
[Mote:4] Not reachable yet
[Mote:11] Not reachable yet
[Mote:17] Not reachable yet
[Mote:5] Not reachable yet
[Mote:7] Not reachable yet
[Mote:15] Not reachable yet
[Mote:8] Not reachable yet
[Mote:9] Not reachable yet
[Mote:2] Not reachable yet
[Mote:3] Not reachable yet
[Mote:14] Not reachable yet
[Mote:10] Not reachable yet
[Mote:13] Not reachable yet
[Mote:16] Not reachable yet
[Mote:6] Not reachable yet
[Mote:12] Not reachable yet
[Mote:4] Not reachable yet
[Mote:11] Not reachable yet
[Mote:17] Not reachable yet
[Mote:5] Not reachable yet
[Mote:7] Not reachable yet
[Mote:15] Not reachable yet
[Mote:8] Not reachable yet
[Mote:9] Not reachable yet
[Mote:3] Not reachable yet
[Mote:2] Not reachable yet
[Mote:14] Not reachable yet
[Mote:10] Not reachable yet
[Mote:13] Not reachable yet
[Mote:16] Not reachable yet
[Mote:11] Not reachable yet
[Mote:6] Not reachable yet
[Mote:4] Not reachable yet
[Mote:12] Not reachable yet
[Mote:17] Not reachable yet
[Mote:5] Not reachable yet
[Mote:7] Not reachable yet
[Mote:15] Not reachable yet
[Mote:8] Not reachable yet
[Mote:9] Not reachable yet
[Mote:3] Not reachable yet
[Mote:2] Not reachable yet
[Mote:14] Not reachable yet
[Mote:10] Not reachable yet
[Mote:13] Not reachable yet
[Mote:16] Not reachable yet
[Mote:11] Not reachable yet
[Mote:4] Not reachable yet
[Mote:6] Not reachable yet
[Mote:12] Not reachable yet
[Mote:17] Not reachable yet
[Mote:5] Not reachable yet
[Mote:7] Not reachable yet
[Mote:15] Not reachable yet
[Mote:8] Not reachable yet
[Mote:3] Not reachable yet
[Mote:9] Not reachable yet
[Mote:2] Not reachable yet
[Mote:10] Not reachable yet
[Mote:14] Not reachable yet
[Mote:16] Not reachable yet
[Mote:13] Not reachable yet
[Mote:11] Not reachable yet
[Mote:4] Not reachable yet
[Mote:6] Not reachable yet
[Mote:12] Not reachable yet
[Mote:17] Not reachable yet
[Mote:5] Not reachable yet
[Mote:7] Not reachable yet
[Mote:15] Not reachable yet
[Mote:8] Not reachable yet
[Mote:3] Not reachable yet
[Mote:9] Not reachable yet
[Mote:2] Not reachable yet
[Mote:10] Not reachable yet
[Mote:14] Not reachable yet
[Mote:16] Not reachable yet
[Mote:13] Not reachable yet
[Mote:11] Not reachable yet
[Mote:4] Not reachable yet
[Mote:6] Not reachable yet
[Mote:12] Not reachable yet
[Mote:17] Not reachable yet
[Mote:7] Not reachable yet
[Mote:5] Not reachable yet
[Mote:3] Not reachable yet
[Mote:15] Not reachable yet
[Mote:8] Not reachable yet
[Mote:9] Not reachable yet
[Mote:10] Not reachable yet
[Mote:2] Not reachable yet
[Mote:14] Not reachable yet
[Mote:16] Not reachable yet
[Mote:13] Not reachable yet
[Mote:11] Not reachable yet
[Mote:4] Not reachable yet
[Mote:17] Not reachable yet
[Mote:12] Not reachable yet
[Mote:6] Not reachable yet
[Mote:7] Not reachable yet
[Mote:5] Not reachable yet
[Mote:3] Not reachable yet
[Mote:15] Not reachable yet
[Mote:8] Not reachable yet
[Mote:9] Not reachable yet
[Mote:10] Not reachable yet
[Mote:2] Not reachable yet
[Mote:16] Not reachable yet
[Mote:14] Not reachable yet
[Mote:13] Not reachable yet
[Mote:11] Not reachable yet
[Mote:4] Not reachable yet
[Mote:17] Not reachable yet
[Mote:12] Not reachable yet
[Mote:6] Not reachable yet
[Mote:7] Not reachable yet
[Mote:3] Not reachable yet
[Mote:5] Not reachable yet
[Mote:15] Not reachable yet
[Mote:8] Not reachable yet
[Mote:10] Not reachable yet
[Mote:9] Not reachable yet
[Mote:2] Not reachable yet
[Mote:16] Not reachable yet
[Mote:13] Not reachable yet
[Mote:14] Not reachable yet
[Mote:11] Not reachable yet
[Mote:4] Not reachable yet
[Mote:17] Not reachable yet
[Mote:12] Not reachable yet
[Mote:7] Not reachable yet
[Mote:6] Not reachable yet
[Mote:3] Not reachable yet
[Mote:5] Not reachable yet
[Mote:8] Not reachable yet
[Mote:15] Not reachable yet
[Mote:10] Not reachable yet
[Mote:9] Not reachable yet
[Mote:2] Not reachable yet
[Mote:16] Not reachable yet
[Mote:13] Not reachable yet
[Mote:14] Not reachable yet
[Mote:11] Not reachable yet
[Mote:4] Not reachable yet
[Mote:17] Not reachable yet
[Mote:7] Not reachable yet
[Mote:12] Not reachable yet
[Mote:3] Not reachable yet
[Mote:6] Not reachable yet
[Mote:10] Not reachable yet
[Mote:8] Not reachable yet
[Mote:15] Not reachable yet
[Mote:5] Not reachable yet
[Mote:9] Not reachable yet
[Mote:2] Not reachable yet
[Mote:16] Not reachable yet
[Mote:13] Not reachable yet
[Mote:11] Not reachable yet
[Mote:14] Not reachable yet
[Mote:4] Not reachable yet
[Mote:17] Not reachable yet
[Mote:7] Not reachable yet
[Mote:3] Not reachable yet
[Mote:12] Not reachable yet
[Mote:10] Not reachable yet
[Mote:6] Not reachable yet
[Mote:8] Not reachable yet
[Mote:15] Not reachable yet
[Mote:5] Not reachable yet
[Mote:16] Not reachable yet
[Mote:9] Not reachable yet
[Mote:2] Not reachable yet
[Mote:13] Not reachable yet
[Mote:11] Not reachable yet
[Mote:14] Not reachable yet
[Mote:4] Not reachable yet
[Mote:17] Not reachable yet
[Mote:3] Not reachable yet
[Mote:7] Not reachable yet
[Mote:10] Not reachable yet
[Mote:12] Not reachable yet
[Mote:8] Not reachable yet
[Mote:15] Not reachable yet
[Mote:6] Not reachable yet
[Mote:16] Not reachable yet
[Mote:5] Not reachable yet
[Mote:9] Not reachable yet
[Mote:13] Not reachable yet
[Mote:2] Not reachable yet
[Mote:11] Not reachable yet
[Mote:14] Not reachable yet
[Mote:4] Not reachable yet
[Mote:3] Not reachable yet
[Mote:17] Not reachable yet
[Mote:7] Not reachable yet
[Mote:10] Not reachable yet
[Mote:12] Not reachable yet
[Mote:8] Not reachable yet
[Mote:16] Not reachable yet
[Mote:15] Not reachable yet
[Mote:6] Not reachable yet
[Mote:13] Not reachable yet
[Mote:5] Not reachable yet
[Mote:9] Not reachable yet
[Mote:2] Not reachable yet
[Mote:11] Not reachable yet
[Mote:14] Not reachable yet
[Mote:4] Not reachable yet
[Mote:3] Not reachable yet
[Mote:17] Not reachable yet
[Mote:7] Not reachable yet
[Mote:10] Not reachable yet
[Mote:16] Not reachable yet
[Mote:8] Not reachable yet
[Mote:15] Not reachable yet
[Mote:12] Not reachable yet
[Mote:13] Not reachable yet
[Mote:6] Not reachable yet
[Mote:9] Not reachable yet
[Mote:5] Not reachable yet
[Mote:2] Not reachable yet
[Mote:11] Not reachable yet
[Mote:14] Not reachable yet
[Mote:4] Not reachable yet
[Mote:3] Not reachable yet
[Mote:10] Not reachable yet
[Mote:7] Not reachable yet
[Mote:17] Not reachable yet
[Mote:16] Not reachable yet
[Mote:8] Not reachable yet
[Mote:13] Not reachable yet
[Mote:15] Not reachable yet
[Mote:12] Not reachable yet
[Mote:9] Not reachable yet
[Mote:6] Not reachable yet
[Mote:2] Not reachable yet
[Mote:5] Not reachable yet
[Mote:11] Not reachable yet
[Mote:14] Not reachable yet
[Mote:4] Not reachable yet
[Mote:3] Not reachable yet
[Mote:10] Not reachable yet
[Mote:7] Not reachable yet
[Mote:16] Not reachable yet
[Mote:17] Not reachable yet
[Mote:13] Not reachable yet
[Mote:8] Not reachable yet
[Mote:15] Not reachable yet
[Mote:12] Not reachable yet
[Mote:9] Not reachable yet
[Mote:11] Not reachable yet
[Mote:2] Not reachable yet
[Mote:6] Not reachable yet
[Mote:5] Not reachable yet
[Mote:14] Not reachable yet
[Mote:3] Not reachable yet
[Mote:4] Not reachable yet
[Mote:10] Not reachable yet
[Mote:16] Not reachable yet
[Mote:7] Not reachable yet
[Mote:17] Not reachable yet
[Mote:13] Not reachable yet
[Mote:8] Not reachable yet
[Mote:15] Not reachable yet
[Mote:11] Not reachable yet
[Mote:12] Not reachable yet
[Mote:9] Not reachable yet
[Mote:2] Not reachable yet
[Mote:5] Not reachable yet
[Mote:6] Not reachable yet
[Mote:14] Not reachable yet
[Mote:3] Not reachable yet
[Mote:4] Not reachable yet
[Mote:10] Not reachable yet
[Mote:16] Not reachable yet
[Mote:7] Not reachable yet
[Mote:13] Not reachable yet
[Mote:17] Not reachable yet
[Mote:8] Not reachable yet
[Mote:15] Not reachable yet
[Mote:11] Not reachable yet
[Mote:9] Not reachable yet
[Mote:2] Not reachable yet
[Mote:12] Not reachable yet
[Mote:5] Not reachable yet
[Mote:6] Not reachable yet
[Mote:14] Not reachable yet
[Mote:3] Not reachable yet
[Mote:10] Not reachable yet
[Mote:16] Not reachable yet
[Mote:4] Not reachable yet
[Mote:7] Not reachable yet
[Mote:13] Not reachable yet
[Mote:17] Not reachable yet
[Mote:8] Not reachable yet
[Mote:15] Not reachable yet
[Mote:11] Not reachable yet
[Mote:9] Not reachable yet
[Mote:2] Not reachable yet
[Mote:12] Not reachable yet
[Mote:5] Not reachable yet
[Mote:6] Not reachable yet
[Mote:14] Not reachable yet
[Mote:3] Not reachable yet
[Mote:10] Not reachable yet
[Mote:16] Not reachable yet
[Mote:4] Not reachable yet
[Mote:13] Not reachable yet
[Mote:7] Not reachable yet
[Mote:17] Not reachable yet
[Mote:8] Not reachable yet
[Mote:11] Not reachable yet
[Mote:15] Not reachable yet
[Mote:9] Not reachable yet
[Mote:2] Not reachable yet
[Mote:12] Not reachable yet
[Mote:5] Not reachable yet
[Mote:6] Not reachable yet
[Mote:14] Not reachable yet
[Mote:16] Not reachable yet
[Mote:3] Not reachable yet
[Mote:10] Not reachable yet
[Mote:4] Not reachable yet
[Mote:13] Not reachable yet
[Mote:7] Not reachable yet
[Mote:17] Not reachable yet
[Mote:11] Not reachable yet
[Mote:8] Not reachable yet
[Mote:15] Not reachable yet
[Mote:2] Not reachable yet
[Mote:9] Not reachable yet
[Mote:12] Not reachable yet
[Mote:5] Not reachable yet
[Mote:6] Not reachable yet
[Mote:16] Not reachable yet
[Mote:3] Not reachable yet
[Mote:10] Not reachable yet
[Mote:14] Not reachable yet
[Mote:13] Not reachable yet
[Mote:4] Not reachable yet
[Mote:7] Not reachable yet
[Mote:11] Not reachable yet
[Mote:17] Not reachable yet
[Mote:8] Not reachable yet
[Mote:15] Not reachable yet
[Mote:2] Not reachable yet
[Mote:9] Not reachable yet
[Mote:12] Not reachable yet
[Mote:5] Not reachable yet
[Mote:6] Not reachable yet
[Mote:16] Not reachable yet
[Mote:10] Not reachable yet
[Mote:3] Not reachable yet
[Mote:14] Not reachable yet
[Mote:13] Not reachable yet
[Mote:4] Not reachable yet
[Mote:7] Not reachable yet
[Mote:11] Not reachable yet
[Mote:17] Not reachable yet
[Mote:8] Not reachable yet
[Mote:15] Not reachable yet
[Mote:2] Not reachable yet
[Mote:9] Not reachable yet
[Mote:12] Not reachable yet
[Mote:5] Not reachable yet
[Mote:6] Not reachable yet
[Mote:16] Not reachable yet
[Mote:10] Not reachable yet
[Mote:3] Not reachable yet
[Mote:13] Not reachable yet
[Mote:14] Not reachable yet
[Mote:4] Not reachable yet
[Mote:7] Not reachable yet
[Mote:11] Not reachable yet
[Mote:17] Not reachable yet
[Mote:8] Not reachable yet
[Mote:15] Not reachable yet
[Mote:2] Not reachable yet
[Mote:9] Not reachable yet
[Mote:12] Not reachable yet
[Mote:5] Not reachable yet
[Mote:16] Not reachable yet
[Mote:6] Not reachable yet
[Mote:10] Not reachable yet
[Mote:3] Not reachable yet
[Mote:13] Not reachable yet
[Mote:14] Not reachable yet
[Mote:4] Not reachable yet
[Mote:11] Not reachable yet
[Mote:7] Not reachable yet
[Mote:17] Not reachable yet
[Mote:8] Not reachable yet
[Mote:15] Not reachable yet
[Mote:2] Not reachable yet
[Mote:9] Not reachable yet
[Mote:12] Not reachable yet
[Mote:16] Not reachable yet
[Mote:5] Not reachable yet
[Mote:10] Not reachable yet
[Mote:3] Not reachable yet
[Mote:6] Not reachable yet
[Mote:13] Not reachable yet
[Mote:14] Not reachable yet
[Mote:11] Not reachable yet
[Mote:4] Not reachable yet
[Mote:7] Not reachable yet
[Mote:8] Not reachable yet
[Mote:17] Not reachable yet
[Mote:15] Not reachable yet
[Mote:2] Not reachable yet
[Mote:9] Not reachable yet
[Mote:16] Not reachable yet
[Mote:12] Not reachable yet
[Mote:5] Not reachable yet
[Mote:10] Not reachable yet
[Mote:3] Not reachable yet
[Mote:13] Not reachable yet
[Mote:6] Not reachable yet
[Mote:11] Not reachable yet
[Mote:14] Not reachable yet
[Mote:4] Not reachable yet
[Mote:7] Not reachable yet
[Mote:8] Not reachable yet
[Mote:17] Not reachable yet
[Mote:15] Not reachable yet
[Mote:2] Not reachable yet
[Mote:9] Not reachable yet
[Mote:16] Not reachable yet
[Mote:12] Not reachable yet
[Mote:10] Not reachable yet
[Mote:5] Not reachable yet
[Mote:3] Not reachable yet
[Mote:13] Not reachable yet
[Mote:6] Not reachable yet
[Mote:11] Not reachable yet
[Mote:14] Not reachable yet
[Mote:4] Not reachable yet
[Mote:7] Not reachable yet
[Mote:8] Not reachable yet
[Mote:17] Not reachable yet
[Mote:15] Not reachable yet
[Mote:2] Not reachable yet
[Mote:9] Not reachable yet
[Mote:16] Not reachable yet
[Mote:10] Not reachable yet
[Mote:12] Not reachable yet
[Mote:3] Not reachable yet
[Mote:13] Not reachable yet
[Mote:5] Not reachable yet
[Mote:6] Not reachable yet
[Mote:11] Not reachable yet
[Mote:4] Not reachable yet
[Mote:14] Not reachable yet
[Mote:7] Not reachable yet
[Mote:8] Not reachable yet
[Mote:17] Not reachable yet
[Mote:15] Not reachable yet
[Mote:2] Not reachable yet
[Mote:9] Not reachable yet
[Mote:16] Not reachable yet
[Mote:10] Not reachable yet
[Mote:13] Not reachable yet
[Mote:3] Not reachable yet
[Mote:12] Not reachable yet
[Mote:5] Not reachable yet
[Mote:11] Not reachable yet
[Mote:6] Not reachable yet
[Mote:4] Not reachable yet
[Mote:7] Not reachable yet
[Mote:14] Not reachable yet
[Mote:8] Not reachable yet
[Mote:17] Not reachable yet
[Mote:15] Not reachable yet
[Mote:2] Not reachable yet
[Mote:16] Not reachable yet
[Mote:9] Not reachable yet
[Mote:10] Not reachable yet
[Mote:13] Not reachable yet
[Mote:3] Not reachable yet
[Mote:12] Not reachable yet
[Mote:5] Not reachable yet
[Mote:11] Not reachable yet
[Mote:6] Not reachable yet
[Mote:4] Not reachable yet
[Mote:7] Not reachable yet
[Mote:14] Not reachable yet
[Mote:8] Not reachable yet
[Mote:17] Not reachable yet
[Mote:15] Not reachable yet
[Mote:16] Not reachable yet
[Mote:2] Not reachable yet
[Mote:9] Not reachable yet
[Mote:10] Not reachable yet
[Mote:13] Not reachable yet
[Mote:3] Not reachable yet
[Mote:12] Not reachable yet
[Mote:11] Not reachable yet
[Mote:5] Not reachable yet
[Mote:6] Not reachable yet
[Mote:7] Not reachable yet
[Mote:4] Not reachable yet
[Mote:14] Not reachable yet
[Mote:8] Not reachable yet
[Mote:17] Not reachable yet
[Mote:15] Not reachable yet
[Mote:16] Not reachable yet
[Mote:2] Not reachable yet
[Mote:9] Not reachable yet
[Mote:10] Not reachable yet
[Mote:13] Not reachable yet
[Mote:3] Not reachable yet
[Mote:11] Not reachable yet
[Mote:12] Not reachable yet
[Mote:5] Not reachable yet
[Mote:7] Not reachable yet
[Mote:4] Not reachable yet
[Mote:6] Not reachable yet
[Mote:14] Not reachable yet
[Mote:8] Not reachable yet
[Mote:17] Not reachable yet
[Mote:15] Not reachable yet
[Mote:16] Not reachable yet
[Mote:2] Not reachable yet
[Mote:9] Not reachable yet
[Mote:10] Not reachable yet
[Mote:13] Not reachable yet
[Mote:3] Not reachable yet
[Mote:11] Not reachable yet
[Mote:12] Not reachable yet
[Mote:5] Not reachable yet
[Mote:7] Not reachable yet
[Mote:4] Not reachable yet
[Mote:6] Not reachable yet
[Mote:14] Not reachable yet
[Mote:8] Not reachable yet
[Mote:16] Not reachable yet
[Mote:17] Not reachable yet
[Mote:15] Not reachable yet
[Mote:2] Not reachable yet
[Mote:10] Not reachable yet
[Mote:9] Not reachable yet
[Mote:13] Not reachable yet
[Mote:3] Not reachable yet
[Mote:11] Not reachable yet
[Mote:12] Not reachable yet
[Mote:5] Not reachable yet
[Mote:7] Not reachable yet
[Mote:4] Not reachable yet
[Mote:6] Not reachable yet
[Mote:8] Not reachable yet
[Mote:14] Not reachable yet
[Mote:16] Not reachable yet
[Mote:17] Not reachable yet
[Mote:15] Not reachable yet
[Mote:2] Not reachable yet
[Mote:10] Not reachable yet
[Mote:13] Not reachable yet
[Mote:9] Not reachable yet
[Mote:3] Not reachable yet
[Mote:11] Not reachable yet
[Mote:12] Not reachable yet
[Mote:5] Not reachable yet
[Mote:7] Not reachable yet
[Mote:4] Not reachable yet
[Mote:16] Not reachable yet
[Mote:6] Not reachable yet
[Mote:8] Not reachable yet
[Mote:14] Not reachable yet
[Mote:15] Not reachable yet
[Mote:17] Not reachable yet
[Mote:10] Not reachable yet
[Mote:13] Not reachable yet
[Mote:2] Not reachable yet
[Mote:9] Not reachable yet
[Mote:3] Not reachable yet
[Mote:11] Not reachable yet
[Mote:12] Not reachable yet
[Mote:5] Not reachable yet
[Mote:7] Not reachable yet
[Mote:4] Not reachable yet
[Mote:16] Not reachable yet
[Mote:8] Not reachable yet
[Mote:6] Not reachable yet
[Mote:14] Not reachable yet
[Mote:15] Not reachable yet
[Mote:17] Not reachable yet
[Mote:13] Not reachable yet
[Mote:10] Not reachable yet
[Mote:2] Not reachable yet
[Mote:9] Not reachable yet
[Mote:3] Not reachable yet
[Mote:11] Not reachable yet
[Mote:12] Not reachable yet
[Mote:5] Not reachable yet
[Mote:7] Not reachable yet
[Mote:16] Not reachable yet
[Mote:4] Not reachable yet
[Mote:8] Not reachable yet
[Mote:6] Not reachable yet
[Mote:14] Not reachable yet
[Mote:15] Not reachable yet
[Mote:17] Not reachable yet
[Mote:13] Not reachable yet
[Mote:10] Not reachable yet
[Mote:2] Not reachable yet
[Mote:3] Not reachable yet
[Mote:9] Not reachable yet
[Mote:11] Not reachable yet
[Mote:12] Not reachable yet
[Mote:5] Not reachable yet
[Mote:16] Not reachable yet
[Mote:7] Not reachable yet
[Mote:4] Not reachable yet
[Mote:8] Not reachable yet
[Mote:14] Not reachable yet
[Mote:6] Not reachable yet
[Mote:15] Not reachable yet
[Mote:13] Not reachable yet
[Mote:10] Not reachable yet
[Mote:17] Not reachable yet
[Mote:2] Not reachable yet
[Mote:3] Not reachable yet
[Mote:11] Not reachable yet
[Mote:9] Not reachable yet
[Mote:16] Not reachable yet
[Mote:7] Not reachable yet
[Mote:12] Not reachable yet
[Mote:5] Not reachable yet
[Mote:4] Not reachable yet
[Mote:8] Not reachable yet
[Mote:13] Not reachable yet
[Mote:10] Not reachable yet
[Mote:15] Not reachable yet
[Mote:14] Not reachable yet
[Mote:17] Not reachable yet
[Mote:6] Not reachable yet
[Mote:3] Not reachable yet
[Mote:2] Not reachable yet
[Mote:11] Not reachable yet
[Mote:9] Not reachable yet
[Mote:16] Not reachable yet
[Mote:7] Not reachable yet
[Mote:12] Not reachable yet
[Mote:5] Not reachable yet
[Mote:4] Not reachable yet
[Mote:8] Not reachable yet
[Mote:13] Not reachable yet
[Mote:10] Not reachable yet
[Mote:15] Not reachable yet
[Mote:14] Not reachable yet
[Mote:17] Not reachable yet
[Mote:6] Not reachable yet
[Mote:3] Not reachable yet
[Mote:11] Not reachable yet
[Mote:2] Not reachable yet
[Mote:9] Not reachable yet
[Mote:16] Not reachable yet
[Mote:7] Not reachable yet
[Mote:4] Not reachable yet
[Mote:12] Not reachable yet
[Mote:5] Not reachable yet
[Mote:8] Not reachable yet
[Mote:13] Not reachable yet
[Mote:10] Not reachable yet
[Mote:15] Not reachable yet
[Mote:17] Not reachable yet
[Mote:14] Not reachable yet
[Mote:3] Not reachable yet
[Mote:11] Not reachable yet
[Mote:6] Not reachable yet
[Mote:2] Not reachable yet
[Mote:9] Not reachable yet
[Mote:16] Not reachable yet
[Mote:7] Not reachable yet
[Mote:4] Not reachable yet
[Mote:5] Not reachable yet
[Mote:12] Not reachable yet
[Mote:13] Not reachable yet
[Mote:8] Not reachable yet
[Mote:10] Not reachable yet
[Mote:15] Not reachable yet
[Mote:3] Not reachable yet
[Mote:11] Not reachable yet
[Mote:17] Not reachable yet
[Mote:14] Not reachable yet
[Mote:2] Not reachable yet
[Mote:6] Not reachable yet
[Mote:9] Not reachable yet
[Mote:16] Not reachable yet
[Mote:7] Not reachable yet
[Mote:4] Not reachable yet
[Mote:13] Not reachable yet
[Mote:5] Not reachable yet
[Mote:12] Not reachable yet
[Mote:10] Not reachable yet
[Mote:8] Not reachable yet
[Mote:15] Not reachable yet
[Mote:11] Not reachable yet
[Mote:3] Not reachable yet
[Mote:17] Not reachable yet
[Mote:14] Not reachable yet
[Mote:2] Not reachable yet
[Mote:6] Not reachable yet
[Mote:9] Not reachable yet
[Mote:16] Not reachable yet
[Mote:7] Not reachable yet
[Mote:13] Not reachable yet
[Mote:4] Not reachable yet
[Mote:10] Not reachable yet
[Mote:8] Not reachable yet
[Mote:5] Not reachable yet
[Mote:12] Not reachable yet
[Mote:11] Not reachable yet
[Mote:3] Not reachable yet
[Mote:15] Not reachable yet
[Mote:17] Not reachable yet
[Mote:14] Not reachable yet
[Mote:2] Not reachable yet
[Mote:6] Not reachable yet
[Mote:9] Not reachable yet
[Mote:16] Not reachable yet
[Mote:7] Not reachable yet
[Mote:13] Not reachable yet
[Mote:10] Not reachable yet
[Mote:4] Not reachable yet
[Mote:8] Not reachable yet
[Mote:5] Not reachable yet
[Mote:12] Not reachable yet
[Mote:11] Not reachable yet
[Mote:3] Not reachable yet
[Mote:15] Not reachable yet
[Mote:17] Not reachable yet
[Mote:2] Not reachable yet
[Mote:14] Not reachable yet
[Mote:9] Not reachable yet
[Mote:6] Not reachable yet
[Mote:16] Not reachable yet
[Mote:13] Not reachable yet
[Mote:7] Not reachable yet
[Mote:10] Not reachable yet
[Mote:4] Not reachable yet
[Mote:8] Not reachable yet
[Mote:11] Not reachable yet
[Mote:5] Not reachable yet
[Mote:12] Not reachable yet
[Mote:3] Not reachable yet
[Mote:15] Not reachable yet
[Mote:17] Not reachable yet
[Mote:2] Not reachable yet
[Mote:14] Not reachable yet
[Mote:9] Not reachable yet
[Mote:16] Not reachable yet
[Mote:6] Not reachable yet
[Mote:13] Not reachable yet
[Mote:7] Not reachable yet
[Mote:10] Not reachable yet
[Mote:4] Not reachable yet
[Mote:8] Not reachable yet
[Mote:11] Not reachable yet
[Mote:3] Not reachable yet
[Mote:5] Not reachable yet
[Mote:12] Not reachable yet
[Mote:15] Not reachable yet
[Mote:17] Not reachable yet
[Mote:2] Not reachable yet
[Mote:14] Not reachable yet
[Mote:9] Not reachable yet
[Mote:16] Not reachable yet
[Mote:6] Not reachable yet
[Mote:13] Not reachable yet
[Mote:7] Not reachable yet
[Mote:10] Not reachable yet
[Mote:4] Not reachable yet
[Mote:11] Not reachable yet
[Mote:8] Not reachable yet
[Mote:3] Not reachable yet
[Mote:5] Not reachable yet
[Mote:15] Not reachable yet
[Mote:12] Not reachable yet
[Mote:17] Not reachable yet
[Mote:2] Not reachable yet
[Mote:16] Not reachable yet
[Mote:14] Not reachable yet
[Mote:9] Not reachable yet
[Mote:6] Not reachable yet
[Mote:13] Not reachable yet
[Mote:10] Not reachable yet
[Mote:7] Not reachable yet
[Mote:11] Not reachable yet
[Mote:4] Not reachable yet
[Mote:8] Not reachable yet
[Mote:3] Not reachable yet
[Mote:15] Not reachable yet
[Mote:5] Not reachable yet
[Mote:12] Not reachable yet
[Mote:17] Not reachable yet
[Mote:2] Not reachable yet
[Mote:16] Not reachable yet
[Mote:14] Not reachable yet
[Mote:9] Not reachable yet
[Mote:6] Not reachable yet
[Mote:13] Not reachable yet
[Mote:10] Not reachable yet
[Mote:7] Not reachable yet
[Mote:11] Not reachable yet
[Mote:4] Not reachable yet
[Mote:8] Not reachable yet
[Mote:3] Not reachable yet
[Mote:15] Not reachable yet
[Mote:5] Not reachable yet
[Mote:12] Not reachable yet
[Mote:17] Not reachable yet
[Mote:16] Not reachable yet
[Mote:2] Not reachable yet
[Mote:9] Not reachable yet
[Mote:14] Not reachable yet
[Mote:6] Not reachable yet
[Mote:13] Not reachable yet
[Mote:10] Sensor IPv6 = fe80::20a:a:a:a
[Mote:1] {"node":"fd00::20a:a:a:a", "cpu_energy_mj":1118, "lpm_energy_mj":0, "radio_tx_energy_mj":15, "radio_rx_energy_mj":3809, "total_energy_mj":4942, "node_time":2984950, "total_sent":48, "total_received":188, "bytes_tx":60, "bytes_rx":12, "r2n_latency":1524, "lqi":100, "rssi":-85, "server_sent":297, "server_received":91, "server_bytes_rx":60, "n2r_latency":270, "hops":0, "rtt_latency":1147, "root_time_now":2985220}
[Mote:7] Not reachable yet
[Mote:11] Not reachable yet
[Mote:4] Not reachable yet
[Mote:3] Not reachable yet
[Mote:8] Not reachable yet
[Mote:15] Not reachable yet
[Mote:5] Not reachable yet
[Mote:16] Not reachable yet
[Mote:12] Not reachable yet
[Mote:17] Not reachable yet
[Mote:2] Not reachable yet
[Mote:9] Not reachable yet
[Mote:14] Not reachable yet
[Mote:13] Not reachable yet
[Mote:6] Not reachable yet
[Mote:10] Sensor IPv6 = fe80::20a:a:a:a
[Mote:1] {"node":"fd00::20a:a:a:a", "cpu_energy_mj":18, "lpm_energy_mj":0, "radio_tx_energy_mj":1, "radio_rx_energy_mj":7, "total_energy_mj":26, "node_time":2995136, "total_sent":49, "total_received":188, "bytes_tx":60, "bytes_rx":12, "r2n_latency":1524, "lqi":100, "rssi":-85, "server_sent":298, "server_received":92, "server_bytes_rx":60, "n2r_latency":24, "hops":0, "rtt_latency":1147, "root_time_now":2995160}
[Mote:7] Not reachable yet
[Mote:11] Not reachable yet
[Mote:3] Not reachable yet
[Mote:8] Not reachable yet
[Mote:4] Not reachable yet
[Mote:15] Not reachable yet
[Mote:16] Not reachable yet
[Mote:5] Not reachable yet
[Mote:12] Not reachable yet
[Mote:17] Not reachable yet
[Mote:2] Not reachable yet
[Mote:9] Not reachable yet
[Mote:14] Not reachable yet
[Mote:13] Not reachable yet
[Mote:10] Sensor IPv6 = fe80::20a:a:a:a
[Mote:6] Not reachable yet
[Mote:1] {"node":"fd00::20a:a:a:a", "cpu_energy_mj":18, "lpm_energy_mj":0, "radio_tx_energy_mj":1, "radio_rx_energy_mj":7, "total_energy_mj":26, "node_time":3005324, "total_sent":50, "total_received":189, "bytes_tx":60, "bytes_rx":12, "r2n_latency":1965, "lqi":100, "rssi":-85, "server_sent":299, "server_received":94, "server_bytes_rx":60, "n2r_latency":126, "hops":0, "rtt_latency":1402, "root_time_now":3005450}
[Mote:11] Not reachable yet
[Mote:7] Not reachable yet
[Mote:3] Not reachable yet
[Mote:8] Not reachable yet
[Mote:4] Not reachable yet
[Mote:16] Not reachable yet
[Mote:15] Sensor IPv6 = fe80::20f:f:f:f
[Mote:5] Not reachable yet
[Mote:17] Not reachable yet
[Mote:2] Not reachable yet
[Mote:12] Not reachable yet
[Mote:9] Not reachable yet
[Mote:1] {"node":"fd00::20f:f:f:f", "cpu_energy_mj":1250, "lpm_energy_mj":0, "radio_tx_energy_mj":165, "radio_rx_energy_mj":505, "total_energy_mj":1920, "node_time":3010214, "total_sent":46, "total_received":198, "bytes_tx":60, "bytes_rx":12, "r2n_latency":20714, "lqi":100, "rssi":-84, "server_sent":298, "server_received":97, "server_bytes_rx":60, "n2r_latency":3286, "hops":0, "rtt_latency":9917, "root_time_now":3013500}
[Mote:14] Not reachable yet
[Mote:13] Not reachable yet
[Mote:10] Sensor IPv6 = fe80::20a:a:a:a
[Mote:1] {"node":"fd00::20a:a:a:a", "cpu_energy_mj":18, "lpm_energy_mj":0, "radio_tx_energy_mj":1, "radio_rx_energy_mj":7, "total_energy_mj":26, "node_time":3015510, "total_sent":51, "total_received":189, "bytes_tx":60, "bytes_rx":12, "r2n_latency":1965, "lqi":100, "rssi":-85, "server_sent":300, "server_received":95, "server_bytes_rx":60, "n2r_latency":20, "hops":0, "rtt_latency":1402, "root_time_now":3015530}
[Mote:6] Not reachable yet
[Mote:11] Not reachable yet
[Mote:7] Not reachable yet
[Mote:3] Not reachable yet
[Mote:8] Not reachable yet
[Mote:4] Not reachable yet
[Mote:16] Not reachable yet
[Mote:15] Sensor IPv6 = fe80::20f:f:f:f
[Mote:5] Not reachable yet
[Mote:2] Not reachable yet
[Mote:17] Not reachable yet
[Mote:12] Not reachable yet
[Mote:9] Not reachable yet
[Mote:1] {"node":"fd00::20f:f:f:f", "cpu_energy_mj":18, "lpm_energy_mj":0, "radio_tx_energy_mj":3, "radio_rx_energy_mj":6, "total_energy_mj":27, "node_time":3020740, "total_sent":47, "total_received":200, "bytes_tx":60, "bytes_rx":12, "r2n_latency":235, "lqi":100, "rssi":-93, "server_sent":299, "server_received":100, "server_bytes_rx":60, "n2r_latency":3120, "hops":0, "rtt_latency":1657, "root_time_now":3023860}
[Mote:13] Not reachable yet
[Mote:14] Not reachable yet
[Mote:10] Sensor IPv6 = fe80::20a:a:a:a
[Mote:11] Not reachable yet
[Mote:6] Not reachable yet
[Mote:7] Not reachable yet
[Mote:3] Not reachable yet
[Mote:8] Not reachable yet
[Mote:4] Not reachable yet
[Mote:16] Not reachable yet
[Mote:15] Sensor IPv6 = fe80::20f:f:f:f
[Mote:1] {"node":"fd00::20f:f:f:f", "cpu_energy_mj":18, "lpm_energy_mj":0, "radio_tx_energy_mj":2, "radio_rx_energy_mj":6, "total_energy_mj":26, "node_time":3031265, "total_sent":48, "total_received":201, "bytes_tx":60, "bytes_rx":12, "r2n_latency":384, "lqi":100, "rssi":-93, "server_sent":300, "server_received":102, "server_bytes_rx":60, "n2r_latency":295, "hops":0, "rtt_latency":612, "root_time_now":3031560}
[Mote:2] Not reachable yet
[Mote:17] Not reachable yet
[Mote:5] Not reachable yet
[Mote:1] {"node":"fd00::20a:a:a:a", "cpu_energy_mj":18, "lpm_energy_mj":0, "radio_tx_energy_mj":1, "radio_rx_energy_mj":7, "total_energy_mj":26, "node_time":3025697, "total_sent":52, "total_received":190, "bytes_tx":60, "bytes_rx":12, "r2n_latency":11774, "lqi":100, "rssi":-85, "server_sent":302, "server_received":96, "server_bytes_rx":60, "n2r_latency":7263, "hops":0, "rtt_latency":1402, "root_time_now":3032960}
[Mote:12] Sensor IPv6 = fe80::20c:c:c:c
[Mote:9] Not reachable yet
[Mote:13] Not reachable yet
[Mote:1] {"node":"fd00::20c:c:c:c", "cpu_energy_mj":1286, "lpm_energy_mj":0, "radio_tx_energy_mj":9, "radio_rx_energy_mj":2202, "total_energy_mj":3497, "node_time":3033437, "total_sent":29, "total_received":53, "bytes_tx":60, "bytes_rx":12, "r2n_latency":16254, "lqi":100, "rssi":-81, "server_sent":300, "server_received":55, "server_bytes_rx":60, "n2r_latency":993, "hops":1, "rtt_latency":10577, "root_time_now":3034430}
[Mote:14] Not reachable yet
[Mote:10] Sensor IPv6 = fe80::20a:a:a:a
[Mote:1] {"node":"fd00::20a:a:a:a", "cpu_energy_mj":18, "lpm_energy_mj":0, "radio_tx_energy_mj":0, "radio_rx_energy_mj":7, "total_energy_mj":25, "node_time":3035884, "total_sent":53, "total_received":190, "bytes_tx":60, "bytes_rx":12, "r2n_latency":11774, "lqi":100, "rssi":-85, "server_sent":302, "server_received":97, "server_bytes_rx":60, "n2r_latency":16, "hops":0, "rtt_latency":1402, "root_time_now":3035900}
[Mote:11] Not reachable yet
[Mote:7] Not reachable yet
[Mote:6] Not reachable yet
[Mote:3] Not reachable yet
[Mote:8] Not reachable yet
[Mote:16] Not reachable yet
[Mote:4] Not reachable yet
[Mote:15] Sensor IPv6 = fe80::20f:f:f:f
[Mote:2] Not reachable yet
[Mote:17] Not reachable yet
[Mote:5] Not reachable yet
[Mote:12] Sensor IPv6 = fe80::20c:c:c:c
[Mote:13] Not reachable yet
[Mote:9] Not reachable yet
[Mote:14] Not reachable yet
[Mote:10] Sensor IPv6 = fe80::20a:a:a:a
[Mote:1] {"node":"fd00::20a:a:a:a", "cpu_energy_mj":18, "lpm_energy_mj":0, "radio_tx_energy_mj":1, "radio_rx_energy_mj":7, "total_energy_mj":26, "node_time":3046074, "total_sent":54, "total_received":190, "bytes_tx":60, "bytes_rx":12, "r2n_latency":11774, "lqi":100, "rssi":-85, "server_sent":303, "server_received":98, "server_bytes_rx":60, "n2r_latency":396, "hops":0, "rtt_latency":1402, "root_time_now":3046470}
[Mote:11] Not reachable yet
[Mote:7] Not reachable yet
[Mote:3] Not reachable yet
[Mote:6] Not reachable yet
[Mote:1] {"node":"fd00::20f:f:f:f", "cpu_energy_mj":18, "lpm_energy_mj":0, "radio_tx_energy_mj":3, "radio_rx_energy_mj":6, "total_energy_mj":27, "node_time":3041790, "total_sent":49, "total_received":201, "bytes_tx":60, "bytes_rx":12, "r2n_latency":384, "lqi":100, "rssi":-93, "server_sent":301, "server_received":103, "server_bytes_rx":60, "n2r_latency":7340, "hops":0, "rtt_latency":612, "root_time_now":3049130}
[Mote:16] Not reachable yet
[Mote:8] Not reachable yet
[Mote:4] Not reachable yet
[Mote:15] Not reachable yet
[Mote:1] {"node":"fd00::20c:c:c:c", "cpu_energy_mj":19, "lpm_energy_mj":0, "radio_tx_energy_mj":0, "radio_rx_energy_mj":8, "total_energy_mj":27, "node_time":3044270, "total_sent":30, "total_received":55, "bytes_tx":60, "bytes_rx":12, "r2n_latency":17315, "lqi":100, "rssi":-81, "server_sent":302, "server_received":58, "server_bytes_rx":60, "n2r_latency":9270, "hops":1, "rtt_latency":10232, "root_time_now":3053540}
[Mote:2] Not reachable yet
[Mote:17] Not reachable yet
[Mote:5] Not reachable yet
[Mote:13] Not reachable yet
[Mote:12] Sensor IPv6 = fe80::20c:c:c:c
[Mote:9] Not reachable yet
[Mote:10] Sensor IPv6 = fe80::20a:a:a:a
[Mote:14] Not reachable yet
[Mote:1] {"node":"fd00::20c:c:c:c", "cpu_energy_mj":19, "lpm_energy_mj":0, "radio_tx_energy_mj":0, "radio_rx_energy_mj":9, "total_energy_mj":28, "node_time":3055105, "total_sent":31, "total_received":55, "bytes_tx":60, "bytes_rx":12, "r2n_latency":17315, "lqi":100, "rssi":-81, "server_sent":302, "server_received":59, "server_bytes_rx":60, "n2r_latency":1655, "hops":1, "rtt_latency":10232, "root_time_now":3056760}
[Mote:11] Not reachable yet
[Mote:1] {"node":"fd00::20a:a:a:a", "cpu_energy_mj":18, "lpm_energy_mj":0, "radio_tx_energy_mj":0, "radio_rx_energy_mj":7, "total_energy_mj":25, "node_time":3056258, "total_sent":55, "total_received":190, "bytes_tx":60, "bytes_rx":12, "r2n_latency":11774, "lqi":100, "rssi":-85, "server_sent":304, "server_received":99, "server_bytes_rx":60, "n2r_latency":2462, "hops":0, "rtt_latency":1402, "root_time_now":3058720}
[Mote:7] Not reachable yet
[Mote:3] Not reachable yet
[Mote:6] Not reachable yet
[Mote:16] Not reachable yet
[Mote:8] Not reachable yet
[Mote:4] Not reachable yet
[Mote:15] Not reachable yet
[Mote:2] Not reachable yet
[Mote:17] Not reachable yet
[Mote:13] Not reachable yet
[Mote:5] Not reachable yet
[Mote:9] Not reachable yet
[Mote:12] Not reachable yet
[Mote:10] Sensor IPv6 = fe80::20a:a:a:a
[Mote:11] Not reachable yet
[Mote:14] Not reachable yet
[Mote:3] Not reachable yet
[Mote:7] Not reachable yet
[Mote:16] Not reachable yet
[Mote:1] {"node":"fd00::20a:a:a:a", "cpu_energy_mj":18, "lpm_energy_mj":0, "radio_tx_energy_mj":1, "radio_rx_energy_mj":7, "total_energy_mj":26, "node_time":3066446, "total_sent":56, "total_received":192, "bytes_tx":60, "bytes_rx":12, "r2n_latency":14124, "lqi":100, "rssi":-85, "server_sent":306, "server_received":102, "server_bytes_rx":60, "n2r_latency":4104, "hops":0, "rtt_latency":7972, "root_time_now":3070550}
[Mote:6] Not reachable yet
[Mote:8] Not reachable yet
[Mote:4] Not reachable yet
[Mote:15] Sensor IPv6 = fe80::20f:f:f:f
[Mote:13] Not reachable yet
[Mote:2] Not reachable yet
[Mote:17] Not reachable yet
[Mote:5] Not reachable yet
[Mote:9] Not reachable yet
[Mote:10] Sensor IPv6 = fe80::20a:a:a:a
[Mote:12] Not reachable yet
[Mote:11] Not reachable yet
[Mote:1] {"node":"fd00::20f:f:f:f", "cpu_energy_mj":56, "lpm_energy_mj":0, "radio_tx_energy_mj":7, "radio_rx_energy_mj":20, "total_energy_mj":83, "node_time":3073364, "total_sent":50, "total_received":203, "bytes_tx":60, "bytes_rx":12, "r2n_latency":7264, "lqi":100, "rssi":-93, "server_sent":304, "server_received":106, "server_bytes_rx":60, "n2r_latency":4186, "hops":0, "rtt_latency":3737, "root_time_now":3077550}
[Mote:1] {"node":"fd00::20a:a:a:a", "cpu_energy_mj":18, "lpm_energy_mj":0, "radio_tx_energy_mj":1, "radio_rx_energy_mj":7, "total_energy_mj":26, "node_time":3076632, "total_sent":57, "total_received":194, "bytes_tx":60, "bytes_rx":12, "r2n_latency":2244, "lqi":100, "rssi":-85, "server_sent":306, "server_received":105, "server_bytes_rx":60, "n2r_latency":1058, "hops":0, "rtt_latency":1402, "root_time_now":3077690}
[Mote:14] Not reachable yet
[Mote:3] Not reachable yet
[Mote:7] Not reachable yet
[Mote:16] Not reachable yet
[Mote:8] Not reachable yet
[Mote:6] Not reachable yet
[Mote:4] Not reachable yet
[Mote:15] Not reachable yet
[Mote:13] Not reachable yet
[Mote:2] Not reachable yet
[Mote:17] Not reachable yet
[Mote:10] Sensor IPv6 = fe80::20a:a:a:a
[Mote:5] Not reachable yet
[Mote:9] Not reachable yet
[Mote:11] Not reachable yet
[Mote:12] Not reachable yet
[Mote:14] Not reachable yet
[Mote:3] Not reachable yet
[Mote:16] Not reachable yet
[Mote:7] Not reachable yet
[Mote:8] Not reachable yet
[Mote:6] Not reachable yet
[Mote:4] Not reachable yet
[Mote:1] {"node":"fd00::20a:a:a:a", "cpu_energy_mj":18, "lpm_energy_mj":0, "radio_tx_energy_mj":0, "radio_rx_energy_mj":7, "total_energy_mj":25, "node_time":3086819, "total_sent":58, "total_received":195, "bytes_tx":60, "bytes_rx":12, "r2n_latency":294, "lqi":100, "rssi":-85, "server_sent":308, "server_received":106, "server_bytes_rx":60, "n2r_latency":6131, "hops":0, "rtt_latency":1402, "root_time_now":3092950}
[Mote:15] Sensor IPv6 = fe80::20f:f:f:f
[Mote:1] {"node":"fd00::20f:f:f:f", "cpu_energy_mj":37, "lpm_energy_mj":0, "radio_tx_energy_mj":4, "radio_rx_energy_mj":13, "total_energy_mj":54, "node_time":3094415, "total_sent":51, "total_received":207, "bytes_tx":60, "bytes_rx":12, "r2n_latency":1565, "lqi":100, "rssi":-93, "server_sent":306, "server_received":110, "server_bytes_rx":60, "n2r_latency":75, "hops":0, "rtt_latency":1762, "root_time_now":3094490}
[Mote:13] Not reachable yet
[Mote:2] Not reachable yet
[Mote:17] Not reachable yet
[Mote:10] Not reachable yet
[Mote:11] Not reachable yet
[Mote:9] Not reachable yet
[Mote:5] Not reachable yet
[Mote:12] Not reachable yet
[Mote:14] Not reachable yet
[Mote:3] Not reachable yet
[Mote:16] Not reachable yet
[Mote:7] Not reachable yet
[Mote:8] Not reachable yet
[Mote:4] Not reachable yet
[Mote:6] Not reachable yet
[Mote:15] Sensor IPv6 = fe80::20f:f:f:f
[Mote:13] Not reachable yet
[Mote:2] Not reachable yet
[Mote:1] {"node":"fd00::20f:f:f:f", "cpu_energy_mj":18, "lpm_energy_mj":0, "radio_tx_energy_mj":2, "radio_rx_energy_mj":7, "total_energy_mj":27, "node_time":3104940, "total_sent":52, "total_received":208, "bytes_tx":60, "bytes_rx":12, "r2n_latency":2276, "lqi":100, "rssi":-93, "server_sent":307, "server_received":112, "server_bytes_rx":60, "n2r_latency":2080, "hops":0, "rtt_latency":3203, "root_time_now":3107020}
[Mote:17] Not reachable yet
[Mote:10] Not reachable yet
[Mote:11] Not reachable yet
[Mote:9] Not reachable yet
[Mote:5] Not reachable yet
[Mote:12] Sensor IPv6 = fe80::20c:c:c:c
[Mote:1] {"node":"fd00::20c:c:c:c", "cpu_energy_mj":97, "lpm_energy_mj":0, "radio_tx_energy_mj":2, "radio_rx_energy_mj":43, "total_energy_mj":142, "node_time":3109270, "total_sent":32, "total_received":62, "bytes_tx":60, "bytes_rx":12, "r2n_latency":3536, "lqi":100, "rssi":-84, "server_sent":307, "server_received":64, "server_bytes_rx":60, "n2r_latency":130, "hops":1, "rtt_latency":3238, "root_time_now":3109400}
[Mote:16] Not reachable yet
[Mote:3] Not reachable yet
[Mote:14] Not reachable yet
[Mote:7] Not reachable yet
[Mote:8] Not reachable yet
[Mote:4] Not reachable yet
[Mote:6] Not reachable yet
[Mote:13] Not reachable yet
[Mote:15] Sensor IPv6 = fe80::20f:f:f:f
[Mote:1] {"node":"fd00::20f:f:f:f", "cpu_energy_mj":18, "lpm_energy_mj":0, "radio_tx_energy_mj":1, "radio_rx_energy_mj":7, "total_energy_mj":26, "node_time":3115465, "total_sent":53, "total_received":209, "bytes_tx":60, "bytes_rx":12, "r2n_latency":254, "lqi":100, "rssi":-93, "server_sent":308, "server_received":114, "server_bytes_rx":60, "n2r_latency":235, "hops":0, "rtt_latency":337, "root_time_now":3115700}
[Mote:2] Not reachable yet
[Mote:10] Not reachable yet
[Mote:11] Not reachable yet
[Mote:17] Sensor IPv6 = fe80::211:11:11:11
[Mote:1] {"node":"fd00::211:11:11:11", "cpu_energy_mj":1412, "lpm_energy_mj":0, "radio_tx_energy_mj":176, "radio_rx_energy_mj":570, "total_energy_mj":2158, "node_time":3117696, "total_sent":25, "total_received":80, "bytes_tx":60, "bytes_rx":12, "r2n_latency":1654, "lqi":100, "rssi":-61, "server_sent":304, "server_received":40, "server_bytes_rx":60, "n2r_latency":104, "hops":1, "rtt_latency":897, "root_time_now":3117800}
[Mote:9] Not reachable yet
[Mote:5] Not reachable yet
[Mote:12] Sensor IPv6 = fe80::20c:c:c:c
[Mote:16] Not reachable yet
[Mote:3] Not reachable yet
[Mote:14] Not reachable yet
[Mote:7] Not reachable yet
[Mote:8] Not reachable yet
[Mote:4] Not reachable yet
[Mote:13] Not reachable yet
[Mote:6] Not reachable yet
[Mote:15] Sensor IPv6 = fe80::20f:f:f:f
[Mote:2] Not reachable yet
[Mote:10] Not reachable yet
[Mote:11] Not reachable yet
[Mote:17] Sensor IPv6 = fe80::211:11:11:11
[Mote:1] {"node":"fd00::20c:c:c:c", "cpu_energy_mj":19, "lpm_energy_mj":0, "radio_tx_energy_mj":0, "radio_rx_energy_mj":8, "total_energy_mj":27, "node_time":3120103, "total_sent":33, "total_received":63, "bytes_tx":60, "bytes_rx":12, "r2n_latency":1864, "lqi":100, "rssi":-84, "server_sent":309, "server_received":66, "server_bytes_rx":60, "n2r_latency":8897, "hops":1, "rtt_latency":2507, "root_time_now":3129000}
[Mote:9] Not reachable yet
[Mote:1] {"node":"fd00::20f:f:f:f", "cpu_energy_mj":18, "lpm_energy_mj":0, "radio_tx_energy_mj":0, "radio_rx_energy_mj":8, "total_energy_mj":26, "node_time":3125990, "total_sent":54, "total_received":210, "bytes_tx":60, "bytes_rx":12, "r2n_latency":264, "lqi":100, "rssi":-93, "server_sent":309, "server_received":115, "server_bytes_rx":60, "n2r_latency":3430, "hops":0, "rtt_latency":337, "root_time_now":3129420}
[Mote:1] {"node":"fd00::211:11:11:11", "cpu_energy_mj":19, "lpm_energy_mj":0, "radio_tx_energy_mj":0, "radio_rx_energy_mj":8, "total_energy_mj":27, "node_time":3128299, "total_sent":26, "total_received":81, "bytes_tx":60, "bytes_rx":12, "r2n_latency":1524, "lqi":100, "rssi":-61, "server_sent":305, "server_received":42, "server_bytes_rx":60, "n2r_latency":1261, "hops":1, "rtt_latency":4542, "root_time_now":3129560}
[Mote:5] Not reachable yet
[Mote:16] Not reachable yet
[Mote:12] Sensor IPv6 = fe80::20c:c:c:c
[Mote:3] Not reachable yet
[Mote:14] Not reachable yet
[Mote:7] Not reachable yet
[Mote:1] {"node":"fd00::20c:c:c:c", "cpu_energy_mj":19, "lpm_energy_mj":0, "radio_tx_energy_mj":0, "radio_rx_energy_mj":8, "total_energy_mj":27, "node_time":3130933, "total_sent":34, "total_received":64, "bytes_tx":60, "bytes_rx":12, "r2n_latency":2224, "lqi":100, "rssi":-84, "server_sent":310, "server_received":68, "server_bytes_rx":60, "n2r_latency":1427, "hops":1, "rtt_latency":4577, "root_time_now":3132360}
[Mote:8] Not reachable yet
[Mote:4] Not reachable yet
[Mote:13] Not reachable yet
[Mote:6] Not reachable yet
[Mote:15] Sensor IPv6 = fe80::20f:f:f:f
[Mote:10] Not reachable yet
[Mote:11] Not reachable yet
[Mote:2] Not reachable yet
[Mote:17] Sensor IPv6 = fe80::211:11:11:11
[Mote:1] {"node":"fd00::20f:f:f:f", "cpu_energy_mj":18, "lpm_energy_mj":0, "radio_tx_energy_mj":1, "radio_rx_energy_mj":7, "total_energy_mj":26, "node_time":3136515, "total_sent":55, "total_received":211, "bytes_tx":60, "bytes_rx":12, "r2n_latency":553, "lqi":100, "rssi":-93, "server_sent":310, "server_received":117, "server_bytes_rx":60, "n2r_latency":3335, "hops":0, "rtt_latency":661, "root_time_now":3139850}
[Mote:9] Not reachable yet
[Mote:16] Not reachable yet
[Mote:1] {"node":"fd00::211:11:11:11", "cpu_energy_mj":19, "lpm_energy_mj":0, "radio_tx_energy_mj":0, "radio_rx_energy_mj":8, "total_energy_mj":27, "node_time":3138900, "total_sent":27, "total_received":82, "bytes_tx":60, "bytes_rx":12, "r2n_latency":2163, "lqi":100, "rssi":-61, "server_sent":307, "server_received":44, "server_bytes_rx":60, "n2r_latency":1860, "hops":1, "rtt_latency":1256, "root_time_now":3140760}
[Mote:5] Not reachable yet
[Mote:3] Not reachable yet
[Mote:12] Sensor IPv6 = fe80::20c:c:c:c
[Mote:7] Not reachable yet
[Mote:14] Not reachable yet
[Mote:1] {"node":"fd00::20c:c:c:c", "cpu_energy_mj":19, "lpm_energy_mj":0, "radio_tx_energy_mj":0, "radio_rx_energy_mj":9, "total_energy_mj":28, "node_time":3141767, "total_sent":35, "total_received":66, "bytes_tx":60, "bytes_rx":12, "r2n_latency":1756, "lqi":100, "rssi":-84, "server_sent":311, "server_received":71, "server_bytes_rx":60, "n2r_latency":1653, "hops":1, "rtt_latency":1018, "root_time_now":3143420}
[Mote:8] Not reachable yet
[Mote:13] Not reachable yet
[Mote:4] Not reachable yet
[Mote:15] Sensor IPv6 = fe80::20f:f:f:f
[Mote:6] Not reachable yet
[Mote:1] {"node":"fd00::20f:f:f:f", "cpu_energy_mj":18, "lpm_energy_mj":0, "radio_tx_energy_mj":1, "radio_rx_energy_mj":7, "total_energy_mj":26, "node_time":3147040, "total_sent":56, "total_received":212, "bytes_tx":60, "bytes_rx":12, "r2n_latency":566, "lqi":100, "rssi":-93, "server_sent":311, "server_received":119, "server_bytes_rx":60, "n2r_latency":860, "hops":0, "rtt_latency":423, "root_time_now":3147900}
[Mote:10] Not reachable yet
[Mote:11] Not reachable yet
[Mote:2] Not reachable yet
[Mote:17] Sensor IPv6 = fe80::211:11:11:11
[Mote:16] Sensor IPv6 = fe80::210:10:10:10
[Mote:9] Not reachable yet
[Mote:1] {"node":"fd00::211:11:11:11", "cpu_energy_mj":19, "lpm_energy_mj":0, "radio_tx_energy_mj":0, "radio_rx_energy_mj":8, "total_energy_mj":27, "node_time":3149503, "total_sent":28, "total_received":83, "bytes_tx":60, "bytes_rx":12, "r2n_latency":6096, "lqi":100, "rssi":-61, "server_sent":308, "server_received":46, "server_bytes_rx":60, "n2r_latency":1687, "hops":1, "rtt_latency":3118, "root_time_now":3151190}
[Mote:1] {"node":"fd00::210:10:10:10", "cpu_energy_mj":5219, "lpm_energy_mj":0, "radio_tx_energy_mj":473, "radio_rx_energy_mj":6841, "total_energy_mj":12533, "node_time":3150438, "total_sent":18, "total_received":44, "bytes_tx":60, "bytes_rx":12, "r2n_latency":33364, "lqi":100, "rssi":-67, "server_sent":306, "server_received":26, "server_bytes_rx":60, "n2r_latency":822, "hops":2, "rtt_latency":9807, "root_time_now":3151260}
[Mote:3] Not reachable yet
[Mote:5] Not reachable yet
[Mote:12] Sensor IPv6 = fe80::20c:c:c:c
[Mote:7] Not reachable yet
[Mote:14] Not reachable yet
[Mote:1] {"node":"fd00::20c:c:c:c", "cpu_energy_mj":19, "lpm_energy_mj":0, "radio_tx_energy_mj":0, "radio_rx_energy_mj":8, "total_energy_mj":27, "node_time":3152599, "total_sent":36, "total_received":66, "bytes_tx":60, "bytes_rx":12, "r2n_latency":1756, "lqi":100, "rssi":-84, "server_sent":312, "server_received":72, "server_bytes_rx":60, "n2r_latency":1601, "hops":1, "rtt_latency":1018, "root_time_now":3154200}
[Mote:8] Not reachable yet
[Mote:13] Not reachable yet
[Mote:4] Not reachable yet
[Mote:15] Sensor IPv6 = fe80::20f:f:f:f
[Mote:1] {"node":"fd00::20f:f:f:f", "cpu_energy_mj":18, "lpm_energy_mj":0, "radio_tx_energy_mj":1, "radio_rx_energy_mj":7, "total_energy_mj":26, "node_time":3157565, "total_sent":57, "total_received":213, "bytes_tx":60, "bytes_rx":12, "r2n_latency":2324, "lqi":100, "rssi":-93, "server_sent":312, "server_received":121, "server_bytes_rx":60, "n2r_latency":345, "hops":0, "rtt_latency":1687, "root_time_now":3157910}
[Mote:10] Not reachable yet
[Mote:11] Not reachable yet
[Mote:6] Not reachable yet
[Mote:2] Not reachable yet
[Mote:17] Sensor IPv6 = fe80::211:11:11:11
[Mote:16] Sensor IPv6 = fe80::210:10:10:10
[Mote:9] Not reachable yet
[Mote:1] {"node":"fd00::211:11:11:11", "cpu_energy_mj":19, "lpm_energy_mj":0, "radio_tx_energy_mj":0, "radio_rx_energy_mj":8, "total_energy_mj":27, "node_time":3160106, "total_sent":29, "total_received":84, "bytes_tx":60, "bytes_rx":12, "r2n_latency":6664, "lqi":100, "rssi":-61, "server_sent":309, "server_received":48, "server_bytes_rx":60, "n2r_latency":1094, "hops":1, "rtt_latency":3787, "root_time_now":3161200}
[Mote:3] Not reachable yet
[Mote:5] Not reachable yet
[Mote:12] Sensor IPv6 = fe80::20c:c:c:c
[Mote:7] Not reachable yet
[Mote:1] {"node":"fd00::20c:c:c:c", "cpu_energy_mj":19, "lpm_energy_mj":0, "radio_tx_energy_mj":0, "radio_rx_energy_mj":8, "total_energy_mj":27, "node_time":3163432, "total_sent":37, "total_received":67, "bytes_tx":60, "bytes_rx":12, "r2n_latency":3234, "lqi":100, "rssi":-84, "server_sent":313, "server_received":74, "server_bytes_rx":60, "n2r_latency":428, "hops":1, "rtt_latency":2142, "root_time_now":3163860}
[Mote:14] Not reachable yet
[Mote:8] Not reachable yet
[Mote:13] Not reachable yet
[Mote:4] Not reachable yet
[Mote:15] Sensor IPv6 = fe80::20f:f:f:f
[Mote:1] {"node":"fd00::20f:f:f:f", "cpu_energy_mj":18, "lpm_energy_mj":0, "radio_tx_energy_mj":1, "radio_rx_energy_mj":7, "total_energy_mj":26, "node_time":3168090, "total_sent":58, "total_received":214, "bytes_tx":60, "bytes_rx":12, "r2n_latency":724, "lqi":100, "rssi":-93, "server_sent":313, "server_received":123, "server_bytes_rx":60, "n2r_latency":40, "hops":0, "rtt_latency":1902, "root_time_now":3168130}
[Mote:11] Not reachable yet
[Mote:10] Not reachable yet
[Mote:6] Not reachable yet
[Mote:2] Not reachable yet
[Mote:16] Not reachable yet
[Mote:17] Sensor IPv6 = fe80::211:11:11:11
[Mote:9] Not reachable yet
[Mote:3] Not reachable yet
[Mote:5] Not reachable yet
[Mote:7] Not reachable yet
[Mote:12] Sensor IPv6 = fe80::20c:c:c:c
[Mote:14] Not reachable yet
[Mote:13] Not reachable yet
[Mote:8] Not reachable yet
[Mote:1] {"node":"fd00::211:11:11:11", "cpu_energy_mj":19, "lpm_energy_mj":0, "radio_tx_energy_mj":0, "radio_rx_energy_mj":8, "total_energy_mj":27, "node_time":3170709, "total_sent":30, "total_received":85, "bytes_tx":60, "bytes_rx":12, "r2n_latency":4084, "lqi":100, "rssi":-61, "server_sent":310, "server_received":50, "server_bytes_rx":60, "n2r_latency":6031, "hops":1, "rtt_latency":2252, "root_time_now":3176740}
[Mote:1] {"node":"fd00::20c:c:c:c", "cpu_energy_mj":19, "lpm_energy_mj":0, "radio_tx_energy_mj":0, "radio_rx_energy_mj":8, "total_energy_mj":27, "node_time":3174265, "total_sent":38, "total_received":68, "bytes_tx":60, "bytes_rx":12, "r2n_latency":8214, "lqi":100, "rssi":-84, "server_sent":314, "server_received":76, "server_bytes_rx":60, "n2r_latency":2965, "hops":1, "rtt_latency":4457, "root_time_now":3177230}
[Mote:4] Not reachable yet
[Mote:11] Not reachable yet
[Mote:10] Not reachable yet
[Mote:15] Sensor IPv6 = fe80::20f:f:f:f
[Mote:6] Not reachable yet
[Mote:2] Not reachable yet
[Mote:16] Sensor IPv6 = fe80::210:10:10:10
[Mote:17] Sensor IPv6 = fe80::211:11:11:11
[Mote:9] Not reachable yet
[Mote:3] Not reachable yet
[Mote:5] Not reachable yet
[Mote:1] {"node":"fd00::20f:f:f:f", "cpu_energy_mj":18, "lpm_energy_mj":0, "radio_tx_energy_mj":2, "radio_rx_energy_mj":7, "total_energy_mj":27, "node_time":3178614, "total_sent":59, "total_received":215, "bytes_tx":60, "bytes_rx":12, "r2n_latency":804, "lqi":100, "rssi":-93, "server_sent":315, "server_received":125, "server_bytes_rx":60, "n2r_latency":5406, "hops":0, "rtt_latency":577, "root_time_now":3184020}
[Mote:1] {"node":"fd00::210:10:10:10", "cpu_energy_mj":36, "lpm_energy_mj":0, "radio_tx_energy_mj":0, "radio_rx_energy_mj":16, "total_energy_mj":52, "node_time":3180537, "total_sent":20, "total_received":47, "bytes_tx":60, "bytes_rx":12, "r2n_latency":4374, "lqi":100, "rssi":-67, "server_sent":309, "server_received":30, "server_bytes_rx":60, "n2r_latency":3973, "hops":2, "rtt_latency":3727, "root_time_now":3184510}
[Mote:1] {"node":"fd00::211:11:11:11", "cpu_energy_mj":19, "lpm_energy_mj":0, "radio_tx_energy_mj":1, "radio_rx_energy_mj":8, "total_energy_mj":28, "node_time":3181310, "total_sent":31, "total_received":86, "bytes_tx":60, "bytes_rx":12, "r2n_latency":3884, "lqi":100, "rssi":-61, "server_sent":311, "server_received":52, "server_bytes_rx":60, "n2r_latency":3270, "hops":1, "rtt_latency":3657, "root_time_now":3184580}
[Mote:7] Not reachable yet
[Mote:12] Sensor IPv6 = fe80::20c:c:c:c
[Mote:1] {"node":"fd00::20c:c:c:c", "cpu_energy_mj":19, "lpm_energy_mj":0, "radio_tx_energy_mj":0, "radio_rx_energy_mj":8, "total_energy_mj":27, "node_time":3185099, "total_sent":39, "total_received":70, "bytes_tx":60, "bytes_rx":12, "r2n_latency":2774, "lqi":100, "rssi":-84, "server_sent":315, "server_received":79, "server_bytes_rx":60, "n2r_latency":531, "hops":1, "rtt_latency":2367, "root_time_now":3185630}
[Mote:14] Not reachable yet
[Mote:13] Not reachable yet
[Mote:8] Not reachable yet
[Mote:4] Not reachable yet
[Mote:11] Not reachable yet
[Mote:10] Not reachable yet
[Mote:15] Sensor IPv6 = fe80::20f:f:f:f
[Mote:1] {"node":"fd00::20f:f:f:f", "cpu_energy_mj":18, "lpm_energy_mj":0, "radio_tx_energy_mj":1, "radio_rx_energy_mj":7, "total_energy_mj":26, "node_time":3189142, "total_sent":60, "total_received":216, "bytes_tx":60, "bytes_rx":12, "r2n_latency":464, "lqi":100, "rssi":-93, "server_sent":315, "server_received":127, "server_bytes_rx":60, "n2r_latency":128, "hops":0, "rtt_latency":2227, "root_time_now":3189270}
[Mote:16] Sensor IPv6 = fe80::210:10:10:10
[Mote:2] Not reachable yet
[Mote:1] {"node":"fd00::210:10:10:10", "cpu_energy_mj":18, "lpm_energy_mj":0, "radio_tx_energy_mj":0, "radio_rx_energy_mj":8, "total_energy_mj":26, "node_time":3190572, "total_sent":21, "total_received":48, "bytes_tx":60, "bytes_rx":12, "r2n_latency":5784, "lqi":100, "rssi":-67, "server_sent":310, "server_received":32, "server_bytes_rx":60, "n2r_latency":448, "hops":2, "rtt_latency":3067, "root_time_now":3191020}
[Mote:6] Not reachable yet
[Mote:17] Sensor IPv6 = fe80::211:11:11:11
[Mote:3] Not reachable yet
[Mote:9] Not reachable yet
[Mote:1] {"node":"fd00::211:11:11:11", "cpu_energy_mj":19, "lpm_energy_mj":0, "radio_tx_energy_mj":0, "radio_rx_energy_mj":8, "total_energy_mj":27, "node_time":3191915, "total_sent":32, "total_received":88, "bytes_tx":60, "bytes_rx":12, "r2n_latency":1664, "lqi":100, "rssi":-61, "server_sent":312, "server_received":55, "server_bytes_rx":60, "n2r_latency":1485, "hops":1, "rtt_latency":1532, "root_time_now":3193400}
[Mote:5] Not reachable yet
[Mote:7] Not reachable yet
[Mote:12] Sensor IPv6 = fe80::20c:c:c:c
[Mote:1] {"node":"fd00::20c:c:c:c", "cpu_energy_mj":19, "lpm_energy_mj":0, "radio_tx_energy_mj":0, "radio_rx_energy_mj":8, "total_energy_mj":27, "node_time":3195931, "total_sent":40, "total_received":71, "bytes_tx":60, "bytes_rx":12, "r2n_latency":1454, "lqi":100, "rssi":-84, "server_sent":316, "server_received":81, "server_bytes_rx":60, "n2r_latency":129, "hops":1, "rtt_latency":902, "root_time_now":3196060}
[Mote:13] Not reachable yet
[Mote:14] Not reachable yet
[Mote:8] Not reachable yet
[Mote:4] Not reachable yet
[Mote:11] Not reachable yet
[Mote:10] Not reachable yet
[Mote:15] Sensor IPv6 = fe80::20f:f:f:f
[Mote:1] {"node":"fd00::20f:f:f:f", "cpu_energy_mj":18, "lpm_energy_mj":0, "radio_tx_energy_mj":1, "radio_rx_energy_mj":7, "total_energy_mj":26, "node_time":3199665, "total_sent":61, "total_received":217, "bytes_tx":60, "bytes_rx":12, "r2n_latency":474, "lqi":100, "rssi":-93, "server_sent":316, "server_received":129, "server_bytes_rx":60, "n2r_latency":35, "hops":0, "rtt_latency":412, "root_time_now":3199700}
[Mote:16] Sensor IPv6 = fe80::210:10:10:10
[Mote:2] Not reachable yet
[Mote:6] Not reachable yet
[Mote:17] Sensor IPv6 = fe80::211:11:11:11
[Mote:3] Not reachable yet
[Mote:1] {"node":"fd00::210:10:10:10", "cpu_energy_mj":18, "lpm_energy_mj":0, "radio_tx_energy_mj":0, "radio_rx_energy_mj":8, "total_energy_mj":26, "node_time":3200603, "total_sent":22, "total_received":49, "bytes_tx":60, "bytes_rx":12, "r2n_latency":6214, "lqi":100, "rssi":-67, "server_sent":311, "server_received":34, "server_bytes_rx":60, "n2r_latency":2317, "hops":2, "rtt_latency":3317, "root_time_now":3202920}
[Mote:9] Not reachable yet
[Mote:5] Not reachable yet
[Mote:7] Not reachable yet
[Mote:13] Not reachable yet
[Mote:12] Sensor IPv6 = fe80::20c:c:c:c
[Mote:14] Not reachable yet
[Mote:8] Not reachable yet
[Mote:11] Not reachable yet
[Mote:4] Not reachable yet
[Mote:10] Not reachable yet
[Mote:15] Sensor IPv6 = fe80::20f:f:f:f
[Mote:16] Sensor IPv6 = fe80::210:10:10:10
[Mote:2] Not reachable yet
[Mote:6] Not reachable yet
[Mote:17] Sensor IPv6 = fe80::211:11:11:11
[Mote:3] Not reachable yet
[Mote:1] {"node":"fd00::20f:f:f:f", "cpu_energy_mj":18, "lpm_energy_mj":0, "radio_tx_energy_mj":1, "radio_rx_energy_mj":7, "total_energy_mj":26, "node_time":3210190, "total_sent":62, "total_received":218, "bytes_tx":60, "bytes_rx":12, "r2n_latency":344, "lqi":100, "rssi":-93, "server_sent":318, "server_received":131, "server_bytes_rx":60, "n2r_latency":3230, "hops":0, "rtt_latency":347, "root_time_now":3213420}
[Mote:9] Not reachable yet
[Mote:1] {"node":"fd00::210:10:10:10", "cpu_energy_mj":18, "lpm_energy_mj":0, "radio_tx_energy_mj":0, "radio_rx_energy_mj":7, "total_energy_mj":25, "node_time":3210636, "total_sent":23, "total_received":50, "bytes_tx":60, "bytes_rx":12, "r2n_latency":5244, "lqi":100, "rssi":-67, "server_sent":312, "server_received":36, "server_bytes_rx":60, "n2r_latency":3554, "hops":2, "rtt_latency":6437, "root_time_now":3214190}
[Mote:7] Not reachable yet
[Mote:5] Not reachable yet
[Mote:13] Not reachable yet
[Mote:12] Sensor IPv6 = fe80::20c:c:c:c
[Mote:8] Not reachable yet
[Mote:14] Not reachable yet
[Mote:1] {"node":"fd00::20c:c:c:c", "cpu_energy_mj":19, "lpm_energy_mj":0, "radio_tx_energy_mj":0, "radio_rx_energy_mj":8, "total_energy_mj":27, "node_time":3217600, "total_sent":42, "total_received":73, "bytes_tx":60, "bytes_rx":12, "r2n_latency":3714, "lqi":100, "rssi":-84, "server_sent":318, "server_received":84, "server_bytes_rx":60, "n2r_latency":1280, "hops":1, "rtt_latency":2137, "root_time_now":3218880}
[Mote:11] Not reachable yet
[Mote:10] Not reachable yet
[Mote:4] Not reachable yet
[Mote:16] Sensor IPv6 = fe80::210:10:10:10
[Mote:15] Sensor IPv6 = fe80::20f:f:f:f
[Mote:2] Not reachable yet
[Mote:1] {"node":"fd00::211:11:11:11", "cpu_energy_mj":19, "lpm_energy_mj":0, "radio_tx_energy_mj":0, "radio_rx_energy_mj":8, "total_energy_mj":27, "node_time":3213120, "total_sent":34, "total_received":90, "bytes_tx":60, "bytes_rx":12, "r2n_latency":2104, "lqi":100, "rssi":-61, "server_sent":315, "server_received":58, "server_bytes_rx":60, "n2r_latency":9960, "hops":1, "rtt_latency":6477, "root_time_now":3223080}
[Mote:3] Not reachable yet
[Mote:17] Not reachable yet
[Mote:6] Not reachable yet
[Mote:9] Not reachable yet
[Mote:13] Not reachable yet
[Mote:7] Not reachable yet
[Mote:1] {"node":"fd00::20f:f:f:f", "cpu_energy_mj":18, "lpm_energy_mj":0, "radio_tx_energy_mj":1, "radio_rx_energy_mj":7, "total_energy_mj":26, "node_time":3220715, "total_sent":63, "total_received":220, "bytes_tx":60, "bytes_rx":12, "r2n_latency":84, "lqi":100, "rssi":-93, "server_sent":319, "server_received":134, "server_bytes_rx":60, "n2r_latency":6355, "hops":0, "rtt_latency":2702, "root_time_now":3227070}
[Mote:5] Not reachable yet
[Mote:12] Sensor IPv6 = fe80::20c:c:c:c
[Mote:8] Not reachable yet
[Mote:14] Not reachable yet
[Mote:11] Not reachable yet
[Mote:10] Not reachable yet
[Mote:4] Not reachable yet
[Mote:16] Sensor IPv6 = fe80::210:10:10:10
[Mote:15] Sensor IPv6 = fe80::20f:f:f:f
[Mote:2] Not reachable yet
[Mote:3] Not reachable yet
[Mote:17] Not reachable yet
[Mote:1] {"node":"fd00::210:10:10:10", "cpu_energy_mj":18, "lpm_energy_mj":0, "radio_tx_energy_mj":0, "radio_rx_energy_mj":7, "total_energy_mj":25, "node_time":3220671, "total_sent":24, "total_received":51, "bytes_tx":60, "bytes_rx":12, "r2n_latency":2314, "lqi":100, "rssi":-67, "server_sent":314, "server_received":38, "server_bytes_rx":60, "n2r_latency":13819, "hops":2, "rtt_latency":6512, "root_time_now":3234490}
[Mote:6] Not reachable yet
[Mote:9] Not reachable yet
[Mote:1] {"node":"fd00::20c:c:c:c", "cpu_energy_mj":19, "lpm_energy_mj":0, "radio_tx_energy_mj":0, "radio_rx_energy_mj":8, "total_energy_mj":27, "node_time":3228430, "total_sent":43, "total_received":74, "bytes_tx":60, "bytes_rx":12, "r2n_latency":1764, "lqi":100, "rssi":-84, "server_sent":320, "server_received":86, "server_bytes_rx":60, "n2r_latency":6690, "hops":1, "rtt_latency":7182, "root_time_now":3235120}
[Mote:1] {"node":"fd00::20f:f:f:f", "cpu_energy_mj":18, "lpm_energy_mj":0, "radio_tx_energy_mj":1, "radio_rx_energy_mj":7, "total_energy_mj":26, "node_time":3231240, "total_sent":64, "total_received":221, "bytes_tx":60, "bytes_rx":12, "r2n_latency":166, "lqi":100, "rssi":-93, "server_sent":320, "server_received":136, "server_bytes_rx":60, "n2r_latency":4160, "hops":0, "rtt_latency":2603, "root_time_now":3235400}
[Mote:13] Not reachable yet
[Mote:7] Not reachable yet
[Mote:5] Not reachable yet
[Mote:8] Not reachable yet
[Mote:11] Not reachable yet
[Mote:1] {"node":"fd00::210:10:10:10", "cpu_energy_mj":18, "lpm_energy_mj":0, "radio_tx_energy_mj":0, "radio_rx_energy_mj":8, "total_energy_mj":26, "node_time":3230704, "total_sent":25, "total_received":51, "bytes_tx":60, "bytes_rx":12, "r2n_latency":2314, "lqi":100, "rssi":-67, "server_sent":314, "server_received":39, "server_bytes_rx":60, "n2r_latency":8546, "hops":2, "rtt_latency":6512, "root_time_now":3239250}
[Mote:12] Sensor IPv6 = fe80::20c:c:c:c
[Mote:10] Not reachable yet
[Mote:14] Not reachable yet
[Mote:4] Not reachable yet
[Mote:16] Sensor IPv6 = fe80::210:10:10:10
[Mote:15] Sensor IPv6 = fe80::20f:f:f:f
[Mote:2] Not reachable yet
[Mote:1] {"node":"fd00::20c:c:c:c", "cpu_energy_mj":19, "lpm_energy_mj":0, "radio_tx_energy_mj":0, "radio_rx_energy_mj":8, "total_energy_mj":27, "node_time":3239264, "total_sent":44, "total_received":75, "bytes_tx":60, "bytes_rx":12, "r2n_latency":3806, "lqi":100, "rssi":-84, "server_sent":321, "server_received":88, "server_bytes_rx":60, "n2r_latency":4536, "hops":1, "rtt_latency":4598, "root_time_now":3243800}
[Mote:3] Not reachable yet
[Mote:1] {"node":"fd00::210:10:10:10", "cpu_energy_mj":18, "lpm_energy_mj":0, "radio_tx_energy_mj":0, "radio_rx_energy_mj":8, "total_energy_mj":26, "node_time":3240735, "total_sent":26, "total_received":52, "bytes_tx":60, "bytes_rx":12, "r2n_latency":8566, "lqi":100, "rssi":-67, "server_sent":315, "server_received":41, "server_bytes_rx":60, "n2r_latency":3485, "hops":2, "rtt_latency":6558, "root_time_now":3244220}
[Mote:17] Sensor IPv6 = fe80::211:11:11:11
[Mote:9] Not reachable yet
[Mote:6] Not reachable yet
[Mote:13] Not reachable yet
[Mote:7] Not reachable yet
[Mote:5] Not reachable yet
[Mote:11] Not reachable yet
[Mote:8] Not reachable yet
[Mote:10] Not reachable yet
[Mote:1] {"node":"fd00::20f:f:f:f", "cpu_energy_mj":18, "lpm_energy_mj":0, "radio_tx_energy_mj":2, "radio_rx_energy_mj":6, "total_energy_mj":26, "node_time":3241765, "total_sent":65, "total_received":222, "bytes_tx":60, "bytes_rx":12, "r2n_latency":246, "lqi":100, "rssi":-93, "server_sent":321, "server_received":138, "server_bytes_rx":60, "n2r_latency":8195, "hops":0, "rtt_latency":2013, "root_time_now":3249960}
[Mote:12] Sensor IPv6 = fe80::20c:c:c:c
[Mote:14] Not reachable yet
[Mote:16] Sensor IPv6 = fe80::210:10:10:10
[Mote:4] Not reachable yet
[Mote:1] {"node":"fd00::211:11:11:11", "cpu_energy_mj":57, "lpm_energy_mj":0, "radio_tx_energy_mj":2, "radio_rx_energy_mj":24, "total_energy_mj":83, "node_time":3244930, "total_sent":35, "total_received":92, "bytes_tx":60, "bytes_rx":12, "r2n_latency":1926, "lqi":100, "rssi":-61, "server_sent":318, "server_received":61, "server_bytes_rx":60, "n2r_latency":7200, "hops":1, "rtt_latency":5338, "root_time_now":3252130}
[Mote:1] {"node":"fd00::210:10:10:10", "cpu_energy_mj":18, "lpm_energy_mj":0, "radio_tx_energy_mj":0, "radio_rx_energy_mj":8, "total_energy_mj":26, "node_time":3250768, "total_sent":27, "total_received":53, "bytes_tx":60, "bytes_rx":12, "r2n_latency":2346, "lqi":100, "rssi":-67, "server_sent":316, "server_received":43, "server_bytes_rx":60, "n2r_latency":1502, "hops":2, "rtt_latency":5688, "root_time_now":3252270}
[Mote:15] Sensor IPv6 = fe80::20f:f:f:f
[Mote:1] {"node":"fd00::20f:f:f:f", "cpu_energy_mj":18, "lpm_energy_mj":0, "radio_tx_energy_mj":1, "radio_rx_energy_mj":7, "total_energy_mj":26, "node_time":3252288, "total_sent":66, "total_received":223, "bytes_tx":60, "bytes_rx":12, "r2n_latency":116, "lqi":100, "rssi":-93, "server_sent":322, "server_received":140, "server_bytes_rx":60, "n2r_latency":52, "hops":0, "rtt_latency":1108, "root_time_now":3252340}
[Mote:1] {"node":"fd00::20c:c:c:c", "cpu_energy_mj":19, "lpm_energy_mj":0, "radio_tx_energy_mj":0, "radio_rx_energy_mj":8, "total_energy_mj":27, "node_time":3250098, "total_sent":45, "total_received":76, "bytes_tx":60, "bytes_rx":12, "r2n_latency":2836, "lqi":100, "rssi":-84, "server_sent":322, "server_received":90, "server_bytes_rx":60, "n2r_latency":2382, "hops":1, "rtt_latency":5373, "root_time_now":3252480}
[Mote:2] Not reachable yet
[Mote:3] Not reachable yet
[Mote:17] Sensor IPv6 = fe80::211:11:11:11
[Mote:9] Not reachable yet
[Mote:6] Not reachable yet
[Mote:13] Not reachable yet
[Mote:7] Not reachable yet
[Mote:11] Not reachable yet
[Mote:5] Not reachable yet
[Mote:8] Not reachable yet
[Mote:10] Not reachable yet
[Mote:16] Sensor IPv6 = fe80::210:10:10:10
[Mote:12] Sensor IPv6 = fe80::20c:c:c:c
[Mote:14] Not reachable yet
[Mote:4] Not reachable yet
[Mote:15] Sensor IPv6 = fe80::20f:f:f:f
[Mote:1] {"node":"fd00::211:11:11:11", "cpu_energy_mj":19, "lpm_energy_mj":0, "radio_tx_energy_mj":0, "radio_rx_energy_mj":8, "total_energy_mj":27, "node_time":3255533, "total_sent":36, "total_received":93, "bytes_tx":60, "bytes_rx":12, "r2n_latency":4176, "lqi":100, "rssi":-61, "server_sent":319, "server_received":63, "server_bytes_rx":60, "n2r_latency":8217, "hops":1, "rtt_latency":2823, "root_time_now":3263750}
[Mote:2] Not reachable yet
[Mote:3] Not reachable yet
[Mote:17] Sensor IPv6 = fe80::211:11:11:11
[Mote:9] Not reachable yet
[Mote:13] Not reachable yet
[Mote:1] {"node":"fd00::20c:c:c:c", "cpu_energy_mj":19, "lpm_energy_mj":0, "radio_tx_energy_mj":0, "radio_rx_energy_mj":8, "total_energy_mj":27, "node_time":3260929, "total_sent":46, "total_received":77, "bytes_tx":60, "bytes_rx":12, "r2n_latency":6416, "lqi":100, "rssi":-84, "server_sent":323, "server_received":92, "server_bytes_rx":60, "n2r_latency":6111, "hops":1, "rtt_latency":8423, "root_time_now":3267040}
[Mote:1] {"node":"fd00::20f:f:f:f", "cpu_energy_mj":18, "lpm_energy_mj":0, "radio_tx_energy_mj":1, "radio_rx_energy_mj":7, "total_energy_mj":26, "node_time":3262815, "total_sent":67, "total_received":224, "bytes_tx":60, "bytes_rx":12, "r2n_latency":475, "lqi":100, "rssi":-93, "server_sent":323, "server_received":142, "server_bytes_rx":60, "n2r_latency":4365, "hops":0, "rtt_latency":3457, "root_time_now":3267180}
[Mote:6] Not reachable yet
[Mote:1] {"node":"fd00::211:11:11:11", "cpu_energy_mj":19, "lpm_energy_mj":0, "radio_tx_energy_mj":0, "radio_rx_energy_mj":8, "total_energy_mj":27, "node_time":3266136, "total_sent":37, "total_received":94, "bytes_tx":60, "bytes_rx":12, "r2n_latency":3905, "lqi":100, "rssi":-61, "server_sent":319, "server_received":65, "server_bytes_rx":60, "n2r_latency":2024, "hops":1, "rtt_latency":4052, "root_time_now":3268160}
[Mote:7] Not reachable yet
[Mote:11] Not reachable yet
[Mote:10] Not reachable yet
[Mote:5] Not reachable yet
[Mote:8] Not reachable yet
[Mote:16] Sensor IPv6 = fe80::210:10:10:10
[Mote:12] Sensor IPv6 = fe80::20c:c:c:c
[Mote:14] Not reachable yet
[Mote:4] Not reachable yet
[Mote:15] Sensor IPv6 = fe80::20f:f:f:f
[Mote:3] Not reachable yet
[Mote:2] Not reachable yet
[Mote:17] Sensor IPv6 = fe80::211:11:11:11
[Mote:13] Sensor IPv6 = fe80::20d:d:d:d
[Mote:9] Not reachable yet
[Mote:6] Not reachable yet
[Mote:7] Not reachable yet
[Mote:11] Not reachable yet
[Mote:10] Not reachable yet
[Mote:8] Not reachable yet
[Mote:16] Not reachable yet
[Mote:5] Not reachable yet
[Mote:12] Not reachable yet
[Mote:14] Not reachable yet
[Mote:4] Not reachable yet
[Mote:15] Not reachable yet
[Mote:3] Not reachable yet
[Mote:2] Not reachable yet
[Mote:13] Sensor IPv6 = fe80::20d:d:d:d
[Mote:17] Not reachable yet
[Mote:9] Not reachable yet
[Mote:7] Not reachable yet
[Mote:6] Not reachable yet
[Mote:11] Not reachable yet
[Mote:10] Not reachable yet
[Mote:1] {"node":"fd00::20f:f:f:f", "cpu_energy_mj":18, "lpm_energy_mj":0, "radio_tx_energy_mj":2, "radio_rx_energy_mj":7, "total_energy_mj":27, "node_time":3273340, "total_sent":68, "total_received":225, "bytes_tx":60, "bytes_rx":12, "r2n_latency":274, "lqi":100, "rssi":-93, "server_sent":326, "server_received":143, "server_bytes_rx":60, "n2r_latency":17290, "hops":0, "rtt_latency":3457, "root_time_now":3290630}
[Mote:16] Not reachable yet
[Mote:8] Not reachable yet
[Mote:5] Not reachable yet
[Mote:4] Not reachable yet
[Mote:12] Not reachable yet
[Mote:14] Not reachable yet
[Mote:15] Not reachable yet
[Mote:3] Not reachable yet
[Mote:2] Not reachable yet
[Mote:1] {"node":"fd00::20c:c:c:c", "cpu_energy_mj":19, "lpm_energy_mj":0, "radio_tx_energy_mj":0, "radio_rx_energy_mj":8, "total_energy_mj":27, "node_time":3271762, "total_sent":47, "total_received":78, "bytes_tx":60, "bytes_rx":12, "r2n_latency":1735, "lqi":100, "rssi":-84, "server_sent":326, "server_received":94, "server_bytes_rx":60, "n2r_latency":24958, "hops":1, "rtt_latency":3562, "root_time_now":3296720}
[Mote:13] Sensor IPv6 = fe80::20d:d:d:d
[Mote:17] Not reachable yet
[Mote:9] Not reachable yet
[Mote:11] Not reachable yet
[Mote:7] Not reachable yet
[Mote:6] Not reachable yet
[Mote:10] Not reachable yet
[Mote:16] Not reachable yet
[Mote:8] Not reachable yet
[Mote:5] Not reachable yet
[Mote:4] Not reachable yet
[Mote:12] Not reachable yet
[Mote:14] Not reachable yet
[Mote:15] Not reachable yet
[Mote:3] Not reachable yet
[Mote:2] Not reachable yet
[Mote:13] Sensor IPv6 = fe80::20d:d:d:d
[Mote:17] Not reachable yet
[Mote:9] Not reachable yet
[Mote:11] Not reachable yet
[Mote:7] Not reachable yet
[Mote:10] Not reachable yet
[Mote:16] Not reachable yet
[Mote:6] Not reachable yet
[Mote:8] Not reachable yet
[Mote:5] Not reachable yet
[Mote:4] Not reachable yet
[Mote:14] Not reachable yet
[Mote:12] Not reachable yet
[Mote:15] Not reachable yet
[Mote:3] Not reachable yet
[Mote:2] Not reachable yet
[Mote:13] Sensor IPv6 = fe80::20d:d:d:d
[Mote:17] Not reachable yet
[Mote:9] Not reachable yet
[Mote:11] Not reachable yet
[Mote:7] Not reachable yet
[Mote:16] Not reachable yet
[Mote:10] Not reachable yet
[Mote:6] Not reachable yet
[Mote:8] Not reachable yet
[Mote:5] Not reachable yet
[Mote:4] Not reachable yet
[Mote:14] Not reachable yet
[Mote:12] Not reachable yet
[Mote:15] Not reachable yet
[Mote:3] Not reachable yet
[Mote:2] Not reachable yet
[Mote:13] Sensor IPv6 = fe80::20d:d:d:d
[Mote:17] Not reachable yet
[Mote:9] Not reachable yet
[Mote:11] Not reachable yet
[Mote:16] Not reachable yet
[Mote:10] Not reachable yet
[Mote:7] Not reachable yet
[Mote:6] Not reachable yet
[Mote:8] Not reachable yet
[Mote:5] Not reachable yet
[Mote:4] Not reachable yet
[Mote:3] Not reachable yet
[Mote:15] Not reachable yet
[Mote:14] Not reachable yet
[Mote:12] Not reachable yet
[Mote:13] Not reachable yet
[Mote:2] Not reachable yet
[Mote:17] Not reachable yet
[Mote:11] Not reachable yet
[Mote:9] Not reachable yet
[Mote:16] Not reachable yet
[Mote:10] Not reachable yet
[Mote:7] Not reachable yet
[Mote:8] Not reachable yet
[Mote:6] Not reachable yet
[Mote:5] Not reachable yet
[Mote:4] Not reachable yet
[Mote:3] Not reachable yet
[Mote:15] Sensor IPv6 = fe80::20f:f:f:f
[Mote:14] Not reachable yet
[Mote:1] {"node":"fd00::20f:f:f:f", "cpu_energy_mj":132, "lpm_energy_mj":0, "radio_tx_energy_mj":12, "radio_rx_energy_mj":51, "total_energy_mj":195, "node_time":3347015, "total_sent":69, "total_received":230, "bytes_tx":60, "bytes_rx":12, "r2n_latency":24544, "lqi":100, "rssi":-93, "server_sent":331, "server_received":147, "server_bytes_rx":60, "n2r_latency":385, "hops":0, "rtt_latency":12517, "root_time_now":3347400}
[Mote:12] Not reachable yet
[Mote:13] Not reachable yet
[Mote:2] Not reachable yet
[Mote:11] Not reachable yet
[Mote:17] Not reachable yet
[Mote:16] Not reachable yet
[Mote:9] Not reachable yet
[Mote:10] Sensor IPv6 = fe80::20a:a:a:a
[Mote:7] Not reachable yet
[Mote:1] {"node":"fd00::20a:a:a:a", "cpu_energy_mj":476, "lpm_energy_mj":0, "radio_tx_energy_mj":9, "radio_rx_energy_mj":982, "total_energy_mj":1467, "node_time":3351682, "total_sent":59, "total_received":217, "bytes_tx":60, "bytes_rx":12, "r2n_latency":25594, "lqi":100, "rssi":-81, "server_sent":334, "server_received":109, "server_bytes_rx":60, "n2r_latency":1738, "hops":0, "rtt_latency":12328, "root_time_now":3353420}
[Mote:8] Not reachable yet
[Mote:6] Not reachable yet
[Mote:5] Not reachable yet
[Mote:4] Not reachable yet
[Mote:3] Not reachable yet
[Mote:15] Sensor IPv6 = fe80::20f:f:f:f
[Mote:1] {"node":"fd00::20f:f:f:f", "cpu_energy_mj":18, "lpm_energy_mj":0, "radio_tx_energy_mj":0, "radio_rx_energy_mj":7, "total_energy_mj":25, "node_time":3357539, "total_sent":70, "total_received":230, "bytes_tx":60, "bytes_rx":12, "r2n_latency":24544, "lqi":100, "rssi":-93, "server_sent":332, "server_received":148, "server_bytes_rx":60, "n2r_latency":81, "hops":0, "rtt_latency":12517, "root_time_now":3357620}
[Mote:13] Not reachable yet
[Mote:14] Not reachable yet
[Mote:12] Not reachable yet
[Mote:2] Not reachable yet
[Mote:11] Not reachable yet
[Mote:16] Not reachable yet
[Mote:17] Not reachable yet
[Mote:10] Sensor IPv6 = fe80::20a:a:a:a
[Mote:9] Not reachable yet
[Mote:1] {"node":"fd00::20a:a:a:a", "cpu_energy_mj":18, "lpm_energy_mj":0, "radio_tx_energy_mj":0, "radio_rx_energy_mj":7, "total_energy_mj":25, "node_time":3361869, "total_sent":60, "total_received":218, "bytes_tx":60, "bytes_rx":12, "r2n_latency":995, "lqi":100, "rssi":-85, "server_sent":335, "server_received":111, "server_bytes_rx":60, "n2r_latency":21, "hops":0, "rtt_latency":882, "root_time_now":3361890}
[Mote:7] Not reachable yet
[Mote:8] Not reachable yet
[Mote:6] Not reachable yet
[Mote:3] Not reachable yet
[Mote:4] Not reachable yet
[Mote:5] Not reachable yet
[Mote:15] Sensor IPv6 = fe80::20f:f:f:f
[Mote:13] Not reachable yet
[Mote:14] Not reachable yet
[Mote:12] Not reachable yet
[Mote:1] {"node":"fd00::20f:f:f:f", "cpu_energy_mj":18, "lpm_energy_mj":0, "radio_tx_energy_mj":0, "radio_rx_energy_mj":7, "total_energy_mj":25, "node_time":3368065, "total_sent":71, "total_received":231, "bytes_tx":60, "bytes_rx":12, "r2n_latency":32815, "lqi":100, "rssi":-93, "server_sent":333, "server_received":150, "server_bytes_rx":60, "n2r_latency":1455, "hops":0, "rtt_latency":17947, "root_time_now":3369520}
[Mote:2] Not reachable yet
[Mote:11] Not reachable yet
[Mote:16] Not reachable yet
[Mote:10] Sensor IPv6 = fe80::20a:a:a:a
[Mote:17] Not reachable yet
[Mote:9] Not reachable yet
[Mote:1] {"node":"fd00::20a:a:a:a", "cpu_energy_mj":18, "lpm_energy_mj":0, "radio_tx_energy_mj":0, "radio_rx_energy_mj":7, "total_energy_mj":25, "node_time":3372056, "total_sent":61, "total_received":220, "bytes_tx":60, "bytes_rx":12, "r2n_latency":94, "lqi":100, "rssi":-85, "server_sent":336, "server_received":114, "server_bytes_rx":60, "n2r_latency":754, "hops":0, "rtt_latency":117, "root_time_now":3372810}
[Mote:7] Not reachable yet
[Mote:8] Not reachable yet
[Mote:6] Not reachable yet
[Mote:3] Not reachable yet
[Mote:4] Not reachable yet
[Mote:5] Not reachable yet
[Mote:13] Not reachable yet
[Mote:15] Sensor IPv6 = fe80::20f:f:f:f
[Mote:1] {"node":"fd00::20f:f:f:f", "cpu_energy_mj":18, "lpm_energy_mj":0, "radio_tx_energy_mj":1, "radio_rx_energy_mj":7, "total_energy_mj":26, "node_time":3378589, "total_sent":72, "total_received":231, "bytes_tx":60, "bytes_rx":12, "r2n_latency":32815, "lqi":100, "rssi":-93, "server_sent":334, "server_received":151, "server_bytes_rx":60, "n2r_latency":31, "hops":0, "rtt_latency":17947, "root_time_now":3378620}
[Mote:14] Not reachable yet
[Mote:12] Not reachable yet
[Mote:2] Not reachable yet
[Mote:11] Not reachable yet
[Mote:16] Not reachable yet
[Mote:10] Sensor IPv6 = fe80::20a:a:a:a
[Mote:17] Not reachable yet
[Mote:9] Not reachable yet
[Mote:7] Not reachable yet
[Mote:8] Not reachable yet
[Mote:1] {"node":"fd00::20a:a:a:a", "cpu_energy_mj":18, "lpm_energy_mj":0, "radio_tx_energy_mj":1, "radio_rx_energy_mj":7, "total_energy_mj":26, "node_time":3382245, "total_sent":62, "total_received":221, "bytes_tx":60, "bytes_rx":12, "r2n_latency":454, "lqi":100, "rssi":-85, "server_sent":337, "server_received":116, "server_bytes_rx":60, "n2r_latency":3725, "hops":0, "rtt_latency":2957, "root_time_now":3385970}
[Mote:3] Not reachable yet
[Mote:6] Not reachable yet
[Mote:13] Not reachable yet
[Mote:4] Not reachable yet
[Mote:5] Not reachable yet
[Mote:15] Sensor IPv6 = fe80::20f:f:f:f
[Mote:1] {"node":"fd00::20f:f:f:f", "cpu_energy_mj":18, "lpm_energy_mj":0, "radio_tx_energy_mj":0, "radio_rx_energy_mj":8, "total_energy_mj":26, "node_time":3389114, "total_sent":73, "total_received":231, "bytes_tx":60, "bytes_rx":12, "r2n_latency":32815, "lqi":100, "rssi":-93, "server_sent":335, "server_received":152, "server_bytes_rx":60, "n2r_latency":76, "hops":0, "rtt_latency":17947, "root_time_now":3389190}
[Mote:14] Not reachable yet
[Mote:2] Not reachable yet
[Mote:12] Not reachable yet
[Mote:11] Not reachable yet
[Mote:16] Not reachable yet
[Mote:10] Sensor IPv6 = fe80::20a:a:a:a
[Mote:17] Not reachable yet
[Mote:9] Not reachable yet
[Mote:7] Sensor IPv6 = fe80::207:7:7:7
[Mote:8] Not reachable yet
[Mote:3] Not reachable yet
[Mote:13] Not reachable yet
[Mote:6] Not reachable yet
[Mote:4] Not reachable yet
[Mote:15] Sensor IPv6 = fe80::20f:f:f:f
[Mote:1] {"node":"fd00::20f:f:f:f", "cpu_energy_mj":18, "lpm_energy_mj":0, "radio_tx_energy_mj":1, "radio_rx_energy_mj":7, "total_energy_mj":26, "node_time":3399642, "total_sent":74, "total_received":232, "bytes_tx":60, "bytes_rx":12, "r2n_latency":44174, "lqi":100, "rssi":-93, "server_sent":336, "server_received":154, "server_bytes_rx":60, "n2r_latency":48, "hops":0, "rtt_latency":22437, "root_time_now":3399690}
[Mote:5] Not reachable yet
[Mote:11] Not reachable yet
[Mote:14] Not reachable yet
[Mote:16] Not reachable yet
[Mote:2] Not reachable yet
[Mote:1] {"node":"fd00::20a:a:a:a", "cpu_energy_mj":18, "lpm_energy_mj":0, "radio_tx_energy_mj":1, "radio_rx_energy_mj":7, "total_energy_mj":26, "node_time":3392430, "total_sent":63, "total_received":222, "bytes_tx":60, "bytes_rx":12, "r2n_latency":675, "lqi":100, "rssi":-85, "server_sent":339, "server_received":117, "server_bytes_rx":60, "n2r_latency":8940, "hops":0, "rtt_latency":2957, "root_time_now":3401370}
[Mote:12] Not reachable yet
[Mote:10] Not reachable yet
[Mote:1] {"node":"fd00::207:7:7:7", "cpu_energy_mj":1923, "lpm_energy_mj":0, "radio_tx_energy_mj":7, "radio_rx_energy_mj":12005, "total_energy_mj":13935, "node_time":3394229, "total_sent":27, "total_received":161, "bytes_tx":60, "bytes_rx":12, "r2n_latency":7314, "lqi":100, "rssi":-81, "server_sent":335, "server_received":49, "server_bytes_rx":60, "n2r_latency":9521, "hops":1, "rtt_latency":4112, "root_time_now":3403750}
[Mote:17] Not reachable yet
[Mote:9] Not reachable yet
[Mote:7] Sensor IPv6 = fe80::207:7:7:7
[Mote:8] Not reachable yet
[Mote:3] Not reachable yet
[Mote:13] Not reachable yet
[Mote:4] Not reachable yet
[Mote:6] Not reachable yet
[Mote:15] Sensor IPv6 = fe80::20f:f:f:f
[Mote:5] Not reachable yet
[Mote:11] Not reachable yet
[Mote:16] Not reachable yet
[Mote:2] Not reachable yet
[Mote:14] Not reachable yet
[Mote:1] {"node":"fd00::20f:f:f:f", "cpu_energy_mj":18, "lpm_energy_mj":0, "radio_tx_energy_mj":1, "radio_rx_energy_mj":7, "total_energy_mj":26, "node_time":3410165, "total_sent":75, "total_received":234, "bytes_tx":60, "bytes_rx":12, "r2n_latency":38034, "lqi":100, "rssi":-93, "server_sent":338, "server_received":157, "server_bytes_rx":60, "n2r_latency":1775, "hops":0, "rtt_latency":20942, "root_time_now":3411940}
[Mote:12] Not reachable yet
[Mote:10] Not reachable yet
[Mote:1] {"node":"fd00::207:7:7:7", "cpu_energy_mj":18, "lpm_energy_mj":0, "radio_tx_energy_mj":1, "radio_rx_energy_mj":7, "total_energy_mj":26, "node_time":3404705, "total_sent":28, "total_received":163, "bytes_tx":60, "bytes_rx":12, "r2n_latency":2296, "lqi":100, "rssi":-81, "server_sent":336, "server_received":51, "server_bytes_rx":60, "n2r_latency":8495, "hops":1, "rtt_latency":6917, "root_time_now":3413200}
[Mote:17] Not reachable yet
[Mote:9] Not reachable yet
[Mote:7] Sensor IPv6 = fe80::207:7:7:7
[Mote:8] Not reachable yet
[Mote:3] Not reachable yet
[Mote:13] Not reachable yet
[Mote:4] Not reachable yet
[Mote:6] Not reachable yet
[Mote:15] Sensor IPv6 = fe80::20f:f:f:f
[Mote:16] Not reachable yet
[Mote:11] Not reachable yet
[Mote:5] Not reachable yet
[Mote:2] Not reachable yet
[Mote:14] Not reachable yet
[Mote:10] Not reachable yet
[Mote:12] Not reachable yet
[Mote:17] Not reachable yet
[Mote:9] Not reachable yet
[Mote:7] Sensor IPv6 = fe80::207:7:7:7
[Mote:1] {"node":"fd00::20f:f:f:f", "cpu_energy_mj":18, "lpm_energy_mj":0, "radio_tx_energy_mj":2, "radio_rx_energy_mj":6, "total_energy_mj":26, "node_time":3420690, "total_sent":76, "total_received":237, "bytes_tx":60, "bytes_rx":12, "r2n_latency":19796, "lqi":100, "rssi":-93, "server_sent":339, "server_received":161, "server_bytes_rx":60, "n2r_latency":5460, "hops":0, "rtt_latency":12838, "root_time_now":3426150}
[Mote:8] Not reachable yet
[Mote:3] Not reachable yet
[Mote:13] Not reachable yet
[Mote:4] Not reachable yet
[Mote:15] Sensor IPv6 = fe80::20f:f:f:f
[Mote:16] Not reachable yet
[Mote:11] Not reachable yet
[Mote:6] Not reachable yet
[Mote:5] Not reachable yet
[Mote:2] Not reachable yet
[Mote:10] Not reachable yet
[Mote:14] Not reachable yet
[Mote:12] Not reachable yet
[Mote:17] Not reachable yet
[Mote:9] Not reachable yet
[Mote:7] Not reachable yet
[Mote:1] {"node":"fd00::20f:f:f:f", "cpu_energy_mj":18, "lpm_energy_mj":0, "radio_tx_energy_mj":1, "radio_rx_energy_mj":6, "total_energy_mj":25, "node_time":3431214, "total_sent":77, "total_received":238, "bytes_tx":60, "bytes_rx":12, "r2n_latency":11754, "lqi":100, "rssi":-93, "server_sent":340, "server_received":162, "server_bytes_rx":60, "n2r_latency":5786, "hops":0, "rtt_latency":12838, "root_time_now":3437000}
[Mote:8] Not reachable yet
[Mote:13] Not reachable yet
[Mote:3] Not reachable yet
[Mote:4] Not reachable yet
[Mote:16] Not reachable yet
[Mote:11] Not reachable yet
[Mote:15] Not reachable yet
[Mote:6] Not reachable yet
[Mote:5] Not reachable yet
[Mote:10] Not reachable yet
[Mote:2] Not reachable yet
[Mote:14] Not reachable yet
[Mote:12] Not reachable yet
[Mote:17] Not reachable yet
[Mote:9] Not reachable yet
[Mote:7] Not reachable yet
[Mote:8] Not reachable yet
[Mote:13] Not reachable yet
[Mote:3] Not reachable yet
[Mote:16] Not reachable yet
[Mote:11] Not reachable yet
[Mote:4] Not reachable yet
[Mote:15] Not reachable yet
[Mote:6] Not reachable yet
[Mote:10] Not reachable yet
[Mote:5] Not reachable yet
[Mote:2] Not reachable yet
[Mote:14] Not reachable yet
[Mote:12] Not reachable yet
[Mote:17] Not reachable yet
[Mote:9] Not reachable yet
[Mote:7] Not reachable yet
[Mote:8] Not reachable yet
[Mote:13] Not reachable yet
[Mote:3] Not reachable yet
[Mote:16] Not reachable yet
[Mote:11] Not reachable yet
[Mote:4] Not reachable yet
[Mote:15] Not reachable yet
[Mote:10] Not reachable yet
[Mote:6] Not reachable yet
[Mote:2] Not reachable yet
[Mote:5] Not reachable yet
[Mote:14] Not reachable yet
[Mote:12] Not reachable yet
[Mote:7] Not reachable yet
[Mote:17] Not reachable yet
[Mote:9] Not reachable yet
[Mote:13] Not reachable yet
[Mote:8] Not reachable yet
[Mote:3] Not reachable yet
[Mote:16] Not reachable yet
[Mote:11] Not reachable yet
[Mote:4] Not reachable yet
[Mote:15] Not reachable yet
[Mote:10] Not reachable yet
[Mote:2] Not reachable yet
[Mote:6] Not reachable yet
[Mote:5] Not reachable yet
[Mote:14] Not reachable yet
[Mote:12] Not reachable yet
[Mote:7] Not reachable yet
[Mote:9] Not reachable yet
[Mote:17] Not reachable yet
[Mote:13] Not reachable yet
[Mote:3] Not reachable yet
[Mote:8] Not reachable yet
[Mote:16] Not reachable yet
[Mote:11] Not reachable yet
[Mote:4] Not reachable yet
[Mote:15] Not reachable yet
[Mote:10] Not reachable yet
[Mote:2] Not reachable yet
[Mote:5] Not reachable yet
[Mote:6] Not reachable yet
[Mote:14] Not reachable yet
[Mote:12] Not reachable yet
[Mote:7] Not reachable yet
[Mote:9] Not reachable yet
[Mote:17] Not reachable yet
[Mote:13] Not reachable yet
[Mote:3] Not reachable yet
[Mote:8] Not reachable yet
[Mote:16] Not reachable yet
[Mote:11] Not reachable yet
[Mote:4] Not reachable yet
[Mote:10] Not reachable yet
[Mote:15] Not reachable yet
[Mote:2] Not reachable yet
[Mote:5] Not reachable yet
[Mote:6] Not reachable yet
[Mote:14] Not reachable yet
[Mote:7] Not reachable yet
[Mote:12] Not reachable yet
[Mote:9] Not reachable yet
[Mote:17] Not reachable yet
[Mote:13] Not reachable yet
[Mote:3] Not reachable yet
[Mote:8] Not reachable yet
[Mote:16] Not reachable yet
[Mote:11] Not reachable yet
[Mote:10] Not reachable yet
[Mote:4] Not reachable yet
[Mote:15] Not reachable yet
[Mote:2] Not reachable yet
[Mote:5] Not reachable yet
[Mote:6] Not reachable yet
[Mote:14] Not reachable yet
[Mote:7] Not reachable yet
[Mote:13] Not reachable yet
[Mote:9] Not reachable yet
[Mote:17] Not reachable yet
[Mote:12] Not reachable yet
[Mote:3] Not reachable yet
[Mote:8] Not reachable yet
[Mote:16] Not reachable yet
[Mote:11] Not reachable yet
[Mote:10] Not reachable yet
[Mote:4] Not reachable yet
[Mote:15] Not reachable yet
[Mote:2] Not reachable yet
[Mote:5] Not reachable yet
[Mote:6] Not reachable yet
[Mote:14] Not reachable yet
[Mote:13] Not reachable yet
[Mote:7] Not reachable yet
[Mote:9] Not reachable yet
[Mote:17] Not reachable yet
[Mote:12] Not reachable yet
[Mote:3] Not reachable yet
[Mote:16] Not reachable yet
[Mote:8] Not reachable yet
[Mote:11] Not reachable yet
[Mote:10] Not reachable yet
[Mote:4] Not reachable yet
[Mote:15] Not reachable yet
[Mote:2] Not reachable yet
[Mote:5] Not reachable yet
[Mote:6] Not reachable yet
[Mote:13] Not reachable yet
[Mote:14] Not reachable yet
[Mote:7] Not reachable yet
[Mote:9] Not reachable yet
[Mote:17] Not reachable yet
[Mote:3] Not reachable yet
[Mote:16] Not reachable yet
[Mote:12] Not reachable yet
[Mote:8] Not reachable yet
[Mote:11] Not reachable yet
[Mote:10] Not reachable yet
[Mote:4] Not reachable yet
[Mote:15] Not reachable yet
[Mote:2] Not reachable yet
[Mote:13] Not reachable yet
[Mote:5] Not reachable yet
[Mote:6] Not reachable yet
[Mote:7] Not reachable yet
[Mote:14] Not reachable yet
[Mote:3] Not reachable yet
[Mote:9] Not reachable yet
[Mote:16] Not reachable yet
[Mote:17] Not reachable yet
[Mote:12] Not reachable yet
[Mote:11] Not reachable yet
[Mote:8] Not reachable yet
[Mote:10] Not reachable yet
[Mote:4] Not reachable yet
[Mote:15] Not reachable yet
[Mote:2] Not reachable yet
[Mote:13] Not reachable yet
[Mote:5] Not reachable yet
[Mote:7] Not reachable yet
[Mote:16] Not reachable yet
[Mote:6] Not reachable yet
[Mote:14] Not reachable yet
[Mote:3] Not reachable yet
[Mote:9] Not reachable yet
[Mote:17] Not reachable yet
[Mote:11] Not reachable yet
[Mote:8] Not reachable yet
[Mote:12] Not reachable yet
[Mote:10] Not reachable yet
[Mote:4] Not reachable yet
[Mote:15] Not reachable yet
[Mote:2] Not reachable yet
[Mote:13] Not reachable yet
[Mote:5] Not reachable yet
[Mote:16] Not reachable yet
[Mote:7] Not reachable yet
[Mote:3] Not reachable yet
[Mote:14] Not reachable yet
[Mote:6] Not reachable yet
[Mote:9] Not reachable yet
[Mote:17] Not reachable yet
[Mote:11] Not reachable yet
[Mote:8] Not reachable yet
[Mote:12] Not reachable yet
[Mote:10] Not reachable yet
[Mote:4] Not reachable yet
[Mote:15] Not reachable yet
[Mote:2] Not reachable yet
[Mote:13] Not reachable yet
[Mote:16] Not reachable yet
[Mote:7] Not reachable yet
[Mote:3] Not reachable yet
[Mote:5] Not reachable yet
[Mote:11] Not reachable yet
[Mote:9] Not reachable yet
[Mote:14] Not reachable yet
[Mote:17] Not reachable yet
[Mote:6] Not reachable yet
[Mote:8] Not reachable yet
[Mote:12] Not reachable yet
[Mote:10] Not reachable yet
[Mote:4] Not reachable yet
[Mote:15] Not reachable yet
[Mote:2] Not reachable yet
[Mote:13] Not reachable yet
[Mote:16] Not reachable yet
[Mote:3] Not reachable yet
[Mote:7] Not reachable yet
[Mote:5] Not reachable yet
[Mote:11] Not reachable yet
[Mote:9] Not reachable yet
[Mote:14] Not reachable yet
[Mote:17] Not reachable yet
[Mote:6] Not reachable yet
[Mote:8] Not reachable yet
[Mote:12] Not reachable yet
[Mote:10] Not reachable yet
[Mote:4] Not reachable yet
[Mote:15] Not reachable yet
[Mote:13] Not reachable yet
[Mote:2] Not reachable yet
[Mote:16] Not reachable yet
[Mote:3] Not reachable yet
[Mote:7] Not reachable yet
[Mote:11] Not reachable yet
[Mote:5] Not reachable yet
[Mote:9] Not reachable yet
[Mote:17] Not reachable yet
[Mote:14] Not reachable yet
[Mote:8] Not reachable yet
[Mote:6] Not reachable yet
[Mote:10] Not reachable yet
[Mote:12] Not reachable yet
[Mote:4] Not reachable yet
[Mote:15] Not reachable yet
[Mote:13] Not reachable yet
Final simulation time: 3601112000 ms
Test ended at simulation time: 3601112000
