node,cpu_energy_mj,lpm_energy_mj,radio_tx_energy_mj,radio_rx_energy_mj,total_energy_mj,node_time,total_sent,total_received,bytes_tx,bytes_rx,r2n_latency,lqi,rssi,server_sent,server_received,server_bytes_rx,n2r_latency,hops,rtt_latency,root_time_now
fd00::202:2:2:2,131,0,0,1437,1568,73032,1,0,60,0,0,0,0,0,1,60,18446744073709551558,3,0,72974
fd00::202:2:2:2,18,0,0,205,223,83465,2,1,60,12,642,100,-91,1,3,60,18446744073709551597,3,321,83446
fd00::202:2:2:2,18,0,0,205,223,93898,3,2,60,12,388,100,-91,2,5,60,18446744073709551588,3,325,93870
fd00::202:2:2:2,18,0,0,205,223,104331,4,3,60,12,509,100,-91,3,7,60,18446744073709551555,3,277,104270
fd00::202:2:2:2,18,0,0,205,223,114764,5,4,60,12,765,100,-91,4,9,60,18446744073709551584,3,356,114732
fd00::202:2:2:2,18,0,0,205,223,125197,6,4,60,12,765,100,-91,5,10,60,18446744073709551558,3,356,125139
fd00::202:2:2:2,18,0,0,205,223,135630,7,5,60,12,738,100,-91,6,12,60,18446744073709551606,3,353,135620
fd00::202:2:2:2,18,0,0,205,223,146063,8,6,60,12,727,100,-91,7,14,60,18446744073709551580,3,345,146027
fd00::202:2:2:2,18,0,0,205,223,156496,9,7,60,12,706,100,-91,8,16,60,18446744073709551595,3,442,156475
fd00::202:2:2:2,18,0,0,205,223,166929,10,8,60,12,419,100,-91,9,18,60,18446744073709551552,3,314,166865
fd00::202:2:2:2,18,0,0,205,223,177362,11,9,60,12,752,100,-91,10,20,60,18446744073709551585,3,378,177331
fd00::202:2:2:2,18,0,0,205,223,187795,12,10,60,12,496,100,-91,11,22,60,18446744073709551573,3,404,187752
fd00::202:2:2:2,18,0,0,205,223,198228,13,11,60,12,480,100,-91,12,24,60,18446744073709551582,3,223,198194
fd00::202:2:2:2,18,0,0,205,223,208661,14,12,60,12,666,100,-91,13,26,60,18446744073709551544,3,327,208589
fd00::202:2:2:2,18,0,0,205,223,219094,15,13,60,12,486,100,-91,14,28,60,18446744073709551574,3,254,219052
fd00::202:2:2:2,18,0,0,205,223,229527,16,14,60,12,495,100,-91,15,30,60,18446744073709551553,3,286,229464
fd00::202:2:2:2,18,0,0,205,223,239960,17,15,60,12,461,100,-91,16,32,60,18446744073709551577,3,230,239921
fd00::202:2:2:2,18,0,0,205,223,250393,18,16,60,12,539,100,-91,18,34,60,133,3,372,250526
fd00::202:2:2:2,18,0,0,205,223,260826,19,18,60,12,424,100,-91,19,37,60,18446744073709551542,3,293,260752
fd00::202:2:2:2,18,0,0,205,223,271259,20,19,60,12,786,100,-91,20,39,60,18446744073709551542,3,405,271185
fd00::202:2:2:2,18,0,0,205,223,281692,21,20,60,12,556,100,-91,21,41,60,18446744073709551575,3,347,281651
fd00::202:2:2:2,18,0,0,205,223,292125,22,21,60,12,535,100,-91,22,43,60,18446744073709551573,3,326,292082
fd00::202:2:2:2,18,0,0,205,223,302558,23,22,60,12,443,100,-91,23,45,60,18446744073709551542,3,279,302484
fd00::202:2:2:2,18,0,0,205,223,312991,24,22,60,12,443,100,-91,24,46,60,18446744073709551591,3,279,312966
fd00::202:2:2:2,18,0,0,205,223,323424,25,23,60,12,703,100,-91,25,48,60,18446744073709551535,3,355,323343
fd00::202:2:2:2,18,0,0,205,223,333857,26,24,60,12,804,100,-91,26,50,60,18446744073709551604,3,372,333845
fd00::202:2:2:2,18,0,0,205,223,344290,27,25,60,12,678,100,-91,27,52,60,18446744073709551562,3,376,344236
fd00::202:2:2:2,18,0,0,205,223,354723,28,25,60,12,678,100,-91,28,53,60,20,3,376,354743
fd00::202:2:2:2,18,0,0,205,223,365156,29,26,60,12,534,100,-91,29,55,60,18446744073709551573,3,416,365113
fd00::202:2:2:2,18,0,0,205,223,375589,30,27,60,12,692,100,-91,30,57,60,18446744073709551566,3,363,375539
fd00::202:2:2:2,18,0,0,205,223,386022,31,27,60,12,692,100,-91,31,58,60,18446744073709551571,3,363,385977
fd00::202:2:2:2,18,0,0,205,223,396455,32,28,60,12,762,100,-91,32,60,60,18446744073709551564,3,372,396403
fd00::202:2:2:2,18,0,0,205,223,406888,33,29,60,12,513,100,-91,33,62,60,18446744073709551591,3,326,406863
fd00::202:2:2:2,18,0,0,205,223,417321,34,30,60,12,625,100,-91,34,64,60,18446744073709551584,3,312,417289
fd00::202:2:2:2,18,0,0,205,223,427754,35,31,60,12,443,100,-91,35,66,60,18446744073709551600,3,311,427738
fd00::202:2:2:2,18,0,0,205,223,438187,36,32,60,12,665,100,-91,36,68,60,18446744073709551585,3,349,438156
fd00::202:2:2:2,18,0,0,205,223,448620,37,33,60,12,607,100,-91,37,70,60,18446744073709551572,3,271,448576
fd00::202:2:2:2,18,0,0,205,223,459053,38,33,60,12,607,100,-91,38,71,60,18446744073709551573,3,271,459010
fd00::202:2:2:2,18,0,0,205,223,469486,39,34,60,12,586,100,-91,39,73,60,18446744073709551552,3,280,469422
fd00::202:2:2:2,18,0,0,205,223,479919,40,35,60,12,639,100,-91,40,75,60,18446744073709551552,3,354,479855
fd00::202:2:2:2,18,0,0,205,223,490352,41,36,60,12,830,100,-91,42,77,60,118,3,401,490470
fd00::202:2:2:2,18,0,0,205,223,500785,42,38,60,12,459,100,-91,43,80,60,18446744073709551578,3,258,500747
fd00::202:2:2:2,18,0,0,205,223,511218,43,39,60,12,896,100,-91,44,82,60,18446744073709551545,3,427,511147
fd00::202:2:2:2,18,0,0,205,223,521651,44,40,60,12,507,100,-91,45,84,60,18446744073709551539,3,273,521574
fd00::202:2:2:2,18,0,0,205,223,532084,45,41,60,12,539,100,-91,46,86,60,18446744073709551543,3,256,532011
fd00::202:2:2:2,18,0,0,205,223,542517,46,42,60,12,431,100,-91,47,88,60,18446744073709551583,3,247,542484
fd00::202:2:2:2,18,0,0,205,223,552950,47,43,60,12,862,100,-91,48,90,60,18446744073709551613,3,414,552947
fd00::202:2:2:2,18,0,0,205,223,563383,48,44,60,12,563,100,-91,49,92,60,18446744073709551605,3,314,563372
fd00::202:2:2:2,18,0,0,205,223,573816,49,45,60,12,978,100,-91,50,94,60,18446744073709551564,3,479,573764
fd00::202:2:2:2,18,0,0,205,223,584249,50,46,60,12,365,100,-91,51,96,60,18446744073709551589,3,220,584222
fd00::202:2:2:2,18,0,0,205,223,594682,51,47,60,12,500,100,-91,52,98,60,18446744073709551545,3,238,594611
fd00::202:2:2:2,18,0,0,205,223,605115,52,48,60,12,590,100,-91,53,100,60,18446744073709551609,3,374,605108
fd00::202:2:2:2,18,0,0,205,223,615548,53,49,60,12,585,100,-91,54,102,60,18446744073709551587,3,311,615519
fd00::202:2:2:2,18,0,0,205,223,625981,54,50,60,12,385,100,-91,55,104,60,18446744073709551575,3,185,625940
fd00::202:2:2:2,18,0,0,205,223,636414,55,51,60,12,641,100,-91,56,106,60,18446744073709551591,3,364,636389
fd00::202:2:2:2,18,0,0,205,223,646847,56,52,60,12,422,100,-91,57,108,60,18446744073709551612,3,375,646843
fd00::202:2:2:2,18,0,0,205,223,657280,57,53,60,12,530,100,-91,58,110,60,18446744073709551593,3,274,657257
fd00::202:2:2:2,18,0,0,205,223,667713,58,54,60,12,459,100,-91,59,112,60,18446744073709551578,3,412,667675
fd00::202:2:2:2,18,0,0,205,223,678146,59,55,60,12,427,100,-91,60,114,60,18446744073709551559,3,280,678089
fd00::202:2:2:2,18,0,0,205,223,688579,60,56,60,12,381,100,-91,61,116,60,18446744073709551578,3,267,688541
fd00::202:2:2:2,18,0,0,205,223,699012,61,57,60,12,456,100,-91,62,118,60,18446744073709551570,3,249,698966
fd00::202:2:2:2,18,0,0,205,223,709445,62,58,60,12,527,100,-91,63,120,60,18446744073709551604,3,288,709433
fd00::202:2:2:2,18,0,0,205,223,719878,63,59,60,12,516,100,-91,64,122,60,18446744073709551574,3,246,719836
fd00::202:2:2:2,18,0,0,205,223,730311,64,60,60,12,525,100,-91,66,124,60,67,3,272,730378
fd00::202:2:2:2,18,0,0,205,223,740744,65,62,60,12,687,100,-91,67,127,60,18446744073709551593,3,311,740721
fd00::202:2:2:2,18,0,0,205,223,751177,66,63,60,12,642,100,-91,68,129,60,18446744073709551582,3,342,751143
fd00::202:2:2:2,18,0,0,205,223,761610,67,64,60,12,371,100,-91,69,131,60,18446744073709551570,3,224,761564
fd00::202:2:2:2,18,0,0,205,223,772043,68,65,60,12,479,100,-91,70,133,60,18446744073709551528,3,219,771955
fd00::202:2:2:2,18,0,0,205,223,782476,69,66,60,12,340,100,-91,71,135,60,18446744073709551614,3,251,782474
fd00::202:2:2:2,18,0,0,205,223,792909,70,67,60,12,349,100,-91,72,137,60,18446744073709551567,3,213,792860
fd00::202:2:2:2,18,0,0,205,223,803342,71,68,60,12,401,100,-91,73,139,60,18446744073709551573,3,187,803299
fd00::202:2:2:2,18,0,0,205,223,813775,72,69,60,12,362,100,-91,74,141,60,18446744073709551541,3,249,813700
fd00::202:2:2:2,18,0,0,205,223,824208,73,70,60,12,829,100,-91,75,143,60,18446744073709551559,3,394,824151
fd00::202:2:2:2,18,0,0,205,223,834641,74,71,60,12,522,100,-91,76,145,60,30,3,259,834671
fd00::202:2:2:2,18,0,0,205,223,845074,75,72,60,12,488,100,-91,77,147,60,18446744073709551517,3,248,844975
fd00::202:2:2:2,18,0,0,205,223,855507,76,73,60,12,411,100,-91,78,149,60,18446744073709551588,3,185,855479
fd00::202:2:2:2,18,0,0,205,223,865940,77,74,60,12,442,100,-91,79,151,60,18446744073709551608,3,194,865932
fd00::202:2:2:2,18,0,0,205,223,876373,78,75,60,12,406,100,-91,80,153,60,18446744073709551574,3,200,876331
fd00::202:2:2:2,18,0,0,205,223,886806,79,76,60,12,749,100,-91,81,155,60,18446744073709551578,3,366,886768
fd00::202:2:2:2,18,0,0,205,223,897239,80,77,60,12,474,100,-91,82,157,60,18446744073709551570,3,336,897193
fd00::202:2:2:2,18,0,0,205,223,907672,81,78,60,12,675,100,-91,83,159,60,18446744073709551559,3,430,907615
fd00::202:2:2:2,18,0,0,205,223,918105,82,79,60,12,448,100,-91,84,161,60,18446744073709551558,3,261,918047
fd00::202:2:2:2,18,0,0,205,223,928538,83,80,60,12,716,100,-91,85,163,60,18446744073709551599,3,340,928521
fd00::202:2:2:2,18,0,0,205,223,938971,84,81,60,12,569,100,-91,86,165,60,18446744073709551613,3,297,938968
fd00::202:2:2:2,18,0,0,205,223,949404,85,82,60,12,404,100,-91,87,167,60,18446744073709551578,3,226,949366
fd00::202:2:2:2,18,0,0,205,223,959837,86,83,60,12,589,100,-91,88,169,60,18446744073709551579,3,391,959800
fd00::202:2:2:2,18,0,0,205,223,970270,87,84,60,12,567,100,-91,90,171,60,177,3,297,970447
fd00::202:2:2:2,18,0,0,204,222,980703,88,86,60,12,431,100,-91,91,174,60,18446744073709551612,3,218,980699
fd00::202:2:2:2,18,0,0,205,223,991136,89,87,60,12,554,100,-91,92,176,60,18446744073709551596,3,291,991116
fd00::202:2:2:2,18,0,0,205,223,1001569,90,88,60,12,557,100,-91,93,178,60,18446744073709551555,3,269,1001508
fd00::202:2:2:2,18,0,0,205,223,1012002,91,89,60,12,486,100,-91,94,180,60,0,3,254,1012002
fd00::202:2:2:2,18,0,0,205,223,1022435,92,90,60,12,549,100,-91,95,182,60,18446744073709551569,3,340,1022388
fd00::202:2:2:2,18,0,0,205,223,1032868,93,91,60,12,896,100,-91,96,184,60,18446744073709551611,3,429,1032863
fd00::202:2:2:2,18,0,0,205,223,1043301,94,92,60,12,386,100,-91,97,186,60,18446744073709551583,3,219,1043268
fd00::202:2:2:2,18,0,0,205,223,1053734,95,93,60,12,676,100,-91,98,188,60,18446744073709551565,3,373,1053683
fd00::202:2:2:2,18,0,0,205,223,1064167,96,94,60,12,374,100,-91,99,190,60,18446744073709551608,3,226,1064159
fd00::202:2:2:2,18,0,0,205,223,1074600,97,95,60,12,406,100,-91,100,192,60,18446744073709551579,3,211,1074563
fd00::202:2:2:2,18,0,0,205,223,1085033,98,96,60,12,555,100,-91,101,194,60,18446744073709551609,3,363,1085026
fd00::202:2:2:2,18,0,0,205,223,1095466,99,97,60,12,359,100,-91,102,196,60,18446744073709551540,3,149,1095390
fd00::202:2:2:2,18,0,0,205,223,1105899,100,98,60,12,353,100,-91,103,198,60,18446744073709551534,3,291,1105817
fd00::202:2:2:2,18,0,0,205,223,1116332,101,99,60,12,675,100,-91,104,200,60,18446744073709551543,3,346,1116259
fd00::202:2:2:2,18,0,0,205,223,1126765,102,100,60,12,533,100,-91,105,202,60,18446744073709551609,3,303,1126758
fd00::202:2:2:2,18,0,0,205,223,1137198,103,101,60,12,577,100,-91,106,204,60,18446744073709551587,3,323,1137169
fd00::202:2:2:2,18,0,0,205,223,1147631,104,102,60,12,367,100,-91,107,206,60,18446744073709551553,3,169,1147568
fd00::202:2:2:2,18,0,0,205,223,1158064,105,103,60,12,375,100,-91,108,208,60,18446744073709551547,3,173,1157995
fd00::202:2:2:2,18,0,0,205,223,1168497,106,104,60,12,493,100,-91,109,210,60,18446744073709551573,3,250,1168454
fd00::202:2:2:2,18,0,0,205,223,1178930,107,105,60,12,742,100,-91,110,212,60,18446744073709551589,3,337,1178903
fd00::202:2:2:2,18,0,0,205,223,1189363,108,106,60,12,384,100,-91,111,214,60,18446744073709551538,3,254,1189285
fd00::202:2:2:2,18,0,0,205,223,1199796,109,107,60,12,675,100,-91,112,216,60,18446744073709551596,3,353,1199776
fd00::202:2:2:2,18,0,0,205,223,1210229,110,108,60,12,554,100,-91,114,218,60,9,3,273,1210238
fd00::202:2:2:2,18,0,0,205,223,1220662,111,110,60,12,359,100,-91,115,221,60,14,3,273,1220676
fd00::202:2:2:2,18,0,0,205,223,1231095,112,111,60,12,683,100,-91,116,223,60,18446744073709551604,3,408,1231083
fd00::202:2:2:2,18,0,0,205,223,1241528,113,112,60,12,379,100,-91,117,225,60,18446744073709551582,3,200,1241494
fd00::202:2:2:2,18,0,0,205,223,1251961,114,113,60,12,553,100,-91,118,227,60,18446744073709551580,3,267,1251925
fd00::202:2:2:2,18,0,0,205,223,1262394,115,114,60,12,351,100,-91,119,229,60,18446744073709551600,3,244,1262378
fd00::202:2:2:2,18,0,0,205,223,1272827,116,115,60,12,413,100,-91,120,231,60,18446744073709551608,3,256,1272819
fd00::202:2:2:2,18,0,0,205,223,1283260,117,116,60,12,476,100,-91,121,233,60,18446744073709551535,3,221,1283179
fd00::202:2:2:2,18,0,0,205,223,1293693,118,117,60,12,805,100,-91,122,235,60,18446744073709551577,3,390,1293654
fd00::202:2:2:2,18,0,0,205,223,1304126,119,118,60,12,453,100,-91,123,237,60,18446744073709551596,3,232,1304106
fd00::202:2:2:2,18,0,0,205,223,1314559,120,119,60,12,486,100,-91,124,239,60,18446744073709551592,3,259,1314535
fd00::202:2:2:2,18,0,0,205,223,1324992,121,120,60,12,698,100,-91,125,241,60,18446744073709551543,3,309,1324919
fd00::202:2:2:2,18,0,0,205,223,1335425,122,121,60,12,380,100,-91,126,243,60,18446744073709551544,3,277,1335353
fd00::202:2:2:2,18,0,0,205,223,1345858,123,122,60,12,585,100,-91,127,245,60,18446744073709551536,3,310,1345778
fd00::202:2:2:2,18,0,0,205,223,1356291,124,123,60,12,610,100,-91,128,247,60,18446744073709551548,3,316,1356223
fd00::202:2:2:2,18,0,0,205,223,1366724,125,124,60,12,537,100,-91,129,249,60,18446744073709551590,3,237,1366698
fd00::202:2:2:2,18,0,0,205,223,1377157,126,125,60,12,529,100,-91,130,251,60,18446744073709551615,3,283,1377156
fd00::202:2:2:2,18,0,0,205,223,1387590,127,126,60,12,490,100,-91,131,253,60,18446744073709551576,3,277,1387550
fd00::202:2:2:2,18,0,0,205,223,1398023,128,127,60,12,768,100,-91,132,255,60,18446744073709551540,3,467,1397947
fd00::202:2:2:2,18,0,0,205,223,1408456,129,128,60,12,429,100,-91,133,257,60,18446744073709551562,3,364,1408402
fd00::202:2:2:2,18,0,0,205,223,1418889,130,129,60,12,455,100,-91,134,259,60,18446744073709551564,3,205,1418837
fd00::202:2:2:2,18,0,0,205,223,1429322,131,130,60,12,630,100,-91,135,261,60,18446744073709551551,3,289,1429257
fd00::202:2:2:2,18,0,0,205,223,1439755,132,131,60,12,411,100,-91,136,263,60,18446744073709551578,3,195,1439717
fd00::202:2:2:2,18,0,0,205,223,1450188,133,132,60,12,380,100,-91,138,265,60,18446744073709551569,3,195,1450141
fd00::202:2:2:2,18,0,0,205,223,1460621,134,134,60,12,467,100,-91,139,268,60,18446744073709551586,3,221,1460591
fd00::202:2:2:2,18,0,0,205,223,1471054,135,135,60,12,443,100,-91,140,270,60,18446744073709551581,3,181,1471019
fd00::202:2:2:2,18,0,0,205,223,1481487,136,136,60,12,362,100,-91,141,272,60,18446744073709551579,3,207,1481450
fd00::202:2:2:2,18,0,0,205,223,1491920,137,137,60,12,708,100,-91,142,274,60,18446744073709551595,3,428,1491899
fd00::202:2:2:2,18,0,0,205,223,1502353,138,138,60,12,657,100,-91,143,276,60,18446744073709551599,3,302,1502336
fd00::202:2:2:2,18,0,0,205,223,1512786,139,139,60,12,539,100,-91,144,278,60,3,3,261,1512789
fd00::202:2:2:2,18,0,0,205,223,1523219,140,140,60,12,353,100,-91,145,280,60,18446744073709551596,3,190,1523199
fd00::202:2:2:2,18,0,0,205,223,1533652,141,141,60,12,432,100,-91,146,282,60,18446744073709551611,3,300,1533647
fd00::202:2:2:2,18,0,0,205,223,1544085,142,142,60,12,489,100,-91,147,284,60,18446744073709551540,3,226,1544009
fd00::202:2:2:2,18,0,0,205,223,1554518,143,143,60,12,468,100,-91,148,286,60,12,3,296,1554530
fd00::202:2:2:2,18,0,0,205,223,1564951,144,144,60,12,489,100,-91,149,288,60,18446744073709551572,3,218,1564907
fd00::202:2:2:2,18,0,0,205,223,1575384,145,145,60,12,595,100,-91,150,290,60,18446744073709551566,3,296,1575334
fd00::202:2:2:2,18,0,0,205,223,1585817,146,146,60,12,380,100,-91,151,292,60,18446744073709551589,3,182,1585790
fd00::202:2:2:2,18,0,0,205,223,1596250,147,147,60,12,562,100,-91,152,294,60,18446744073709551603,3,293,1596237
fd00::202:2:2:2,18,0,0,205,223,1606683,148,148,60,12,484,100,-91,153,296,60,18446744073709551599,3,256,1606666
fd00::202:2:2:2,18,0,0,205,223,1617116,149,149,60,12,518,100,-91,154,298,60,18446744073709551561,3,249,1617061
fd00::202:2:2:2,18,0,0,205,223,1627549,150,150,60,12,347,100,-91,155,300,60,18446744073709551614,3,197,1627547
fd00::202:2:2:2,18,0,0,205,223,1637982,151,151,60,12,524,100,-91,156,302,60,18446744073709551603,3,278,1637969
fd00::202:2:2:2,18,0,0,205,223,1648415,152,152,60,12,619,100,-91,157,304,60,18446744073709551612,3,293,1648411
fd00::202:2:2:2,18,0,0,205,223,1658848,153,153,60,12,474,100,-91,158,306,60,18446744073709551584,3,305,1658816
fd00::202:2:2:2,18,0,0,205,223,1669281,154,154,60,12,710,100,-91,159,308,60,18446744073709551588,3,324,1669253
fd00::202:2:2:2,18,0,0,205,223,1679714,155,155,60,12,476,100,-91,160,310,60,18446744073709551569,3,241,1679667
fd00::202:2:2:2,18,0,0,205,223,1690147,156,156,60,12,542,100,-91,162,312,60,472,3,269,1690619
fd00::202:2:2:2,18,0,0,205,223,1700580,157,157,60,12,369,100,-91,163,314,60,18446744073709551570,3,339,1700534
fd00::202:2:2:2,18,0,0,205,223,1711013,158,159,60,12,457,100,-91,164,317,60,18446744073709551556,3,276,1710953
fd00::202:2:2:2,18,0,0,205,223,1721446,159,160,60,12,497,100,-91,165,319,60,17,3,285,1721463
fd00::202:2:2:2,18,0,0,205,223,1731879,160,161,60,12,369,100,-91,166,321,60,18446744073709551586,3,234,1731849
fd00::202:2:2:2,18,0,0,205,223,1742312,161,162,60,12,537,100,-91,167,323,60,18446744073709551597,3,277,1742293
fd00::202:2:2:2,18,0,0,205,223,1752745,162,163,60,12,404,100,-91,168,325,60,18446744073709551580,3,253,1752709
fd00::202:2:2:2,18,0,0,205,223,1763178,163,164,60,12,551,100,-91,169,327,60,18446744073709551589,3,340,1763151
fd00::202:2:2:2,18,0,0,205,223,1773611,164,165,60,12,463,100,-91,170,329,60,10,3,204,1773621
fd00::202:2:2:2,18,0,0,205,223,1784044,165,166,60,12,577,100,-91,171,331,60,18446744073709551577,3,288,1784005
fd00::202:2:2:2,18,0,0,205,223,1794477,166,167,60,12,439,100,-91,172,333,60,18446744073709551581,3,238,1794442
fd00::202:2:2:2,18,0,0,205,223,1804910,167,168,60,12,645,100,-91,173,335,60,18446744073709551589,3,318,1804883
fd00::202:2:2:2,18,0,0,205,223,1815343,168,169,60,12,407,100,-91,174,337,60,18446744073709551570,3,196,1815297
fd00::202:2:2:2,18,0,0,205,223,1825776,169,170,60,12,583,100,-91,175,339,60,18446744073709551603,3,291,1825763
fd00::202:2:2:2,18,0,0,205,223,1836209,170,171,60,12,380,100,-91,176,341,60,18446744073709551599,3,202,1836192
fd00::202:2:2:2,18,0,0,205,223,1846642,171,172,60,12,557,100,-91,177,343,60,18446744073709551592,3,316,1846618
fd00::202:2:2:2,18,0,0,205,223,1857075,172,173,60,12,695,100,-91,178,345,60,18446744073709551579,3,306,1857038
fd00::202:2:2:2,18,0,0,205,223,1867508,173,174,60,12,493,100,-91,179,347,60,18446744073709551575,3,261,1867467
fd00::202:2:2:2,18,0,0,205,223,1877941,174,175,60,12,638,100,-91,180,349,60,18446744073709551543,3,321,1877868
fd00::202:2:2:2,18,0,0,205,223,1888374,175,176,60,12,397,100,-91,181,351,60,18446744073709551574,3,189,1888332
fd00::202:2:2:2,18,0,0,205,223,1898807,176,177,60,12,413,100,-91,182,353,60,18446744073709551581,3,196,1898772
fd00::202:2:2:2,18,0,0,205,223,1909240,177,178,60,12,406,100,-91,183,355,60,18446744073709551609,3,194,1909233
fd00::202:2:2:2,18,0,0,205,223,1919673,178,179,60,12,367,100,-91,184,357,60,18446744073709551554,3,211,1919611
fd00::202:2:2:2,18,0,0,205,223,1930106,179,180,60,12,417,100,-91,186,359,60,64,3,213,1930170
fd00::202:2:2:2,18,0,0,204,222,1940539,180,182,60,12,362,100,-91,187,362,60,298,3,382,1940837
fd00::202:2:2:2,18,0,0,205,223,1950972,181,183,60,12,607,100,-91,188,364,60,18446744073709551604,3,296,1950960
fd00::202:2:2:2,18,0,0,205,223,1961405,182,184,60,12,508,100,-91,189,366,60,45,3,241,1961450
fd00::202:2:2:2,18,0,0,205,223,1971838,183,185,60,12,411,100,-91,190,368,60,18446744073709551586,3,179,1971808
fd00::202:2:2:2,18,0,0,205,223,1982271,184,186,60,12,597,100,-91,191,370,60,18446744073709551551,3,267,1982206
fd00::202:2:2:2,18,0,0,205,223,1992704,185,187,60,12,338,100,-91,192,372,60,18446744073709551562,3,251,1992650
fd00::202:2:2:2,18,0,0,205,223,2003137,186,188,60,12,375,100,-91,193,374,60,18446744073709551580,3,223,2003101
fd00::202:2:2:2,18,0,0,205,223,2013570,187,189,60,12,493,100,-91,194,376,60,18446744073709551612,3,233,2013566
fd00::202:2:2:2,18,0,0,205,223,2024003,188,190,60,12,404,100,-91,195,378,60,18446744073709551558,3,244,2023945
fd00::202:2:2:2,18,0,0,205,223,2034436,189,191,60,12,488,100,-91,196,380,60,18446744073709551606,3,296,2034426
fd00::202:2:2:2,18,0,0,205,223,2044869,190,192,60,12,435,100,-91,197,382,60,18446744073709551552,3,229,2044805
fd00::202:2:2:2,18,0,0,205,223,2055302,191,193,60,12,367,100,-91,198,384,60,18446744073709551615,3,286,2055301
fd00::202:2:2:2,18,0,0,205,223,2065735,192,194,60,12,513,100,-91,199,386,60,18446744073709551546,3,215,2065665
fd00::202:2:2:2,18,0,0,205,223,2076168,193,195,60,12,490,100,-91,200,388,60,18446744073709551600,3,307,2076152
fd00::202:2:2:2,18,0,0,205,223,2086601,194,196,60,12,425,100,-91,201,390,60,18446744073709551582,3,203,2086567
fd00::202:2:2:2,18,0,0,205,223,2097034,195,197,60,12,674,100,-91,202,392,60,18446744073709551606,3,417,2097024
fd00::202:2:2:2,18,0,0,205,223,2107467,196,198,60,12,606,100,-91,203,394,60,18446744073709551591,3,302,2107442
fd00::202:2:2:2,18,0,0,205,223,2117900,197,199,60,12,652,100,-91,204,396,60,18446744073709551576,3,309,2117860
fd00::202:2:2:2,18,0,0,205,223,2128333,198,200,60,12,460,100,-91,205,398,60,18446744073709551598,3,220,2128315
fd00::202:2:2:2,18,0,0,205,223,2138766,199,201,60,12,600,100,-91,206,400,60,18446744073709551559,3,272,2138709
fd00::202:2:2:2,18,0,0,205,223,2149199,200,202,60,12,527,100,-91,207,402,60,18446744073709551556,3,258,2149139
fd00::202:2:2:2,18,0,0,205,223,2159632,201,203,60,12,406,100,-91,208,404,60,14,3,338,2159646
fd00::202:2:2:2,18,0,0,205,223,2170065,202,204,60,12,428,100,-91,210,406,60,18446744073709551568,3,217,2170017
fd00::202:2:2:2,18,0,0,205,223,2180498,203,205,60,12,452,100,-91,211,408,60,23,3,354,2180521
fd00::202:2:2:2,18,0,0,205,223,2190931,204,207,60,12,442,100,-91,212,411,60,18446744073709551536,3,281,2190851
fd00::202:2:2:2,18,0,0,205,223,2201364,205,208,60,12,392,100,-91,213,413,60,18446744073709551581,3,241,2201329
fd00::202:2:2:2,18,0,0,205,223,2211797,206,209,60,12,687,100,-91,214,415,60,18446744073709551534,3,327,2211715
fd00::202:2:2:2,18,0,0,205,223,2222230,207,210,60,12,421,100,-91,215,417,60,18446744073709551608,3,202,2222222
fd00::202:2:2:2,18,0,0,205,223,2232663,208,211,60,12,459,100,-91,216,419,60,18446744073709551582,3,218,2232629
fd00::202:2:2:2,18,0,0,205,223,2243096,209,212,60,12,404,100,-91,217,421,60,18446744073709551581,3,220,2243061
fd00::202:2:2:2,18,0,0,204,222,2253529,210,213,60,12,636,100,-91,218,423,60,18446744073709551608,3,425,2253521
fd00::202:2:2:2,18,0,0,205,223,2263962,211,214,60,12,553,100,-91,219,425,60,18446744073709551564,3,269,2263910
fd00::202:2:2:2,18,0,0,205,223,2274395,212,215,60,12,448,100,-91,220,427,60,18446744073709551586,3,261,2274365
fd00::202:2:2:2,18,0,0,205,223,2284828,213,216,60,12,633,100,-91,221,429,60,18446744073709551577,3,343,2284789
fd00::202:2:2:2,18,0,0,205,223,2295261,214,217,60,12,439,100,-91,222,431,60,18446744073709551561,3,261,2295206
fd00::202:2:2:2,18,0,0,205,223,2305694,215,218,60,12,562,100,-91,223,433,60,18446744073709551603,3,261,2305681
fd00::202:2:2:2,18,0,0,205,223,2316127,216,219,60,12,458,100,-91,224,435,60,18446744073709551567,3,264,2316078
fd00::202:2:2:2,18,0,0,205,223,2326560,217,220,60,12,640,100,-91,225,437,60,18446744073709551578,3,331,2326522
fd00::202:2:2:2,18,0,0,205,223,2336993,218,221,60,12,703,100,-91,226,439,60,7,3,327,2337000
fd00::202:2:2:2,18,0,0,205,223,2347426,219,222,60,12,434,100,-91,227,441,60,18446744073709551588,3,273,2347398
fd00::202:2:2:2,18,0,0,205,223,2357859,220,223,60,12,397,100,-91,228,443,60,18446744073709551589,3,217,2357832
fd00::202:2:2:2,18,0,0,205,223,2368292,221,224,60,12,525,100,-91,229,445,60,18446744073709551534,3,248,2368210
fd00::202:2:2:2,18,0,0,205,223,2378725,222,225,60,12,387,100,-91,230,447,60,18446744073709551542,3,289,2378651
fd00::202:2:2:2,18,0,0,205,223,2389158,223,226,60,12,731,100,-91,231,449,60,18446744073709551571,3,356,2389113
fd00::202:2:2:2,18,0,0,205,223,2399591,224,227,60,12,504,100,-91,232,451,60,18446744073709551588,3,279,2399563
fd00::202:2:2:2,18,0,0,205,223,2410024,225,228,60,12,536,100,-91,234,453,60,18446744073709551609,3,304,2410017
fd00::202:2:2:2,18,0,0,205,223,2420457,226,230,60,12,402,100,-91,235,456,60,3,3,165,2420460
fd00::202:2:2:2,18,0,0,205,223,2430890,227,231,60,12,652,100,-91,236,458,60,18446744073709551599,3,304,2430873
fd00::202:2:2:2,18,0,0,205,223,2441323,228,232,60,12,853,100,-91,237,460,60,18446744073709551554,3,403,2441261
fd00::202:2:2:2,18,0,0,205,223,2451756,229,233,60,12,465,100,-91,238,462,60,15,3,320,2451771
fd00::202:2:2:2,18,0,0,205,223,2462189,230,234,60,12,430,100,-91,239,464,60,18446744073709551596,3,239,2462169
fd00::202:2:2:2,18,0,0,205,223,2472622,231,235,60,12,694,100,-91,240,466,60,18446744073709551606,3,312,2472612
fd00::202:2:2:2,18,0,0,205,223,2483055,232,236,60,12,589,100,-91,241,468,60,18446744073709551544,3,305,2482983
fd00::202:2:2:2,18,0,0,205,223,2493488,233,237,60,12,495,100,-91,242,470,60,18446744073709551545,3,240,2493417
fd00::202:2:2:2,18,0,0,205,223,2503921,234,238,60,12,512,100,-91,243,472,60,18446744073709551604,3,278,2503909
fd00::202:2:2:2,18,0,0,205,223,2514354,235,239,60,12,518,100,-91,244,474,60,18446744073709551589,3,312,2514327
fd00::202:2:2:2,18,0,0,205,223,2524787,236,240,60,12,716,100,-91,245,476,60,18446744073709551524,3,328,2524695
fd00::202:2:2:2,18,0,0,205,223,2535220,237,241,60,12,539,100,-91,246,478,60,18446744073709551585,3,266,2535189
fd00::202:2:2:2,18,0,0,205,223,2545653,238,242,60,12,472,100,-91,247,480,60,18446744073709551575,3,224,2545612
fd00::202:2:2:2,18,0,0,205,223,2556086,239,243,60,12,293,100,-91,248,482,60,18446744073709551575,3,164,2556045
fd00::202:2:2:2,18,0,0,205,223,2566519,240,244,60,12,436,100,-91,249,484,60,18446744073709551584,3,189,2566487
fd00::202:2:2:2,18,0,0,205,223,2576952,241,245,60,12,498,100,-91,250,486,60,18446744073709551545,3,273,2576881
fd00::202:2:2:2,18,0,0,205,223,2587385,242,246,60,12,775,100,-91,251,488,60,18446744073709551523,3,367,2587292
fd00::202:2:2:2,18,0,0,205,223,2597818,243,247,60,12,339,100,-91,252,490,60,18446744073709551615,3,269,2597817
fd00::202:2:2:2,18,0,0,205,223,2608251,244,248,60,12,385,100,-91,253,492,60,18446744073709551608,3,188,2608243
fd00::202:2:2:2,18,0,0,205,223,2618684,245,249,60,12,459,100,-91,254,494,60,18446744073709551587,3,260,2618655
fd00::202:2:2:2,18,0,0,205,223,2629117,246,250,60,12,567,100,-91,255,496,60,18446744073709551556,3,288,2629057
fd00::202:2:2:2,18,0,0,205,223,2639550,247,251,60,12,417,100,-91,256,498,60,18446744073709551566,3,310,2639500
fd00::202:2:2:2,18,0,0,205,223,2649983,248,252,60,12,439,100,-91,257,500,60,18446744073709551547,3,201,2649914
fd00::202:2:2:2,18,0,0,205,223,2660416,249,253,60,12,437,100,-91,259,502,60,133,3,204,2660549
fd00::202:2:2:2,18,0,0,205,223,2670849,250,255,60,12,489,100,-91,260,505,60,18446744073709551597,3,285,2670830
fd00::202:2:2:2,18,0,0,205,223,2681282,251,256,60,12,426,100,-91,261,507,60,10,3,245,2681292
fd00::202:2:2:2,18,0,0,205,223,2691715,252,257,60,12,406,100,-91,262,509,60,18446744073709551601,3,180,2691700
fd00::202:2:2:2,18,0,0,205,223,2702148,253,258,60,12,549,100,-91,263,511,60,18446744073709551539,3,254,2702071
fd00::202:2:2:2,18,0,0,205,223,2712581,254,259,60,12,408,100,-91,264,513,60,18446744073709551582,3,203,2712547
fd00::202:2:2:2,18,0,0,205,223,2723014,255,260,60,12,370,100,-91,265,515,60,20,3,184,2723034
fd00::202:2:2:2,18,0,0,205,223,2733447,256,261,60,12,427,100,-91,266,517,60,18446744073709551584,3,209,2733415
fd00::202:2:2:2,18,0,0,205,223,2743880,257,262,60,12,532,100,-91,267,519,60,42,3,233,2743922
fd00::202:2:2:2,18,0,0,205,223,2754313,258,263,60,12,443,100,-91,268,521,60,18446744073709551569,3,239,2754266
fd00::202:2:2:2,18,0,0,205,223,2764746,259,264,60,12,385,100,-91,269,523,60,18446744073709551612,3,284,2764742
fd00::202:2:2:2,18,0,0,205,223,2775179,260,265,60,12,497,100,-91,270,525,60,18446744073709551547,3,231,2775110
fd00::202:2:2:2,18,0,0,205,223,2785612,261,266,60,12,505,100,-91,271,527,60,18446744073709551556,3,291,2785552
fd00::202:2:2:2,18,0,0,205,223,2796045,262,267,60,12,409,100,-91,272,529,60,18446744073709551591,3,263,2796020
fd00::202:2:2:2,18,0,0,205,223,2806478,263,268,60,12,577,100,-91,273,531,60,18446744073709551586,3,254,2806448
fd00::202:2:2:2,18,0,0,205,223,2816911,264,269,60,12,500,100,-91,274,533,60,18446744073709551543,3,322,2816838
fd00::202:2:2:2,18,0,0,205,223,2827344,265,270,60,12,428,100,-91,275,535,60,18446744073709551590,3,217,2827318
fd00::202:2:2:2,18,0,0,205,223,2837777,266,271,60,12,682,100,-91,276,537,60,18446744073709551608,3,332,2837769
fd00::202:2:2:2,18,0,0,205,223,2848210,267,272,60,12,396,100,-91,277,539,60,18446744073709551598,3,223,2848192
fd00::202:2:2:2,18,0,0,205,223,2858643,268,273,60,12,352,100,-91,278,541,60,18446744073709551602,3,178,2858629
fd00::202:2:2:2,18,0,0,205,223,2869076,269,274,60,12,426,100,-91,279,543,60,18446744073709551607,3,343,2869067
fd00::202:2:2:2,18,0,0,205,223,2879509,270,275,60,12,623,100,-91,280,545,60,18446744073709551558,3,347,2879451
fd00::202:2:2:2,18,0,0,205,223,2889942,271,276,60,12,466,100,-91,281,547,60,18446744073709551591,3,208,2889917
fd00::202:2:2:2,18,0,0,205,223,2900375,272,277,60,12,573,100,-91,283,549,60,107,3,266,2900482
fd00::202:2:2:2,18,0,0,205,223,2910808,273,279,60,12,492,100,-91,284,552,60,18446744073709551581,3,295,2910773
fd00::202:2:2:2,18,0,0,205,223,2921241,274,280,60,12,436,100,-91,285,554,60,18446744073709551563,3,231,2921188
fd00::202:2:2:2,18,0,0,205,223,2931674,275,281,60,12,473,100,-91,286,556,60,18446744073709551594,3,196,2931652
fd00::202:2:2:2,18,0,0,205,223,2942107,276,282,60,12,424,100,-91,287,558,60,18446744073709551560,3,190,2942051
fd00::202:2:2:2,18,0,0,205,223,2952540,277,283,60,12,437,100,-91,288,560,60,18446744073709551561,3,286,2952485
fd00::202:2:2:2,18,0,0,205,223,2962973,278,284,60,12,479,100,-91,289,562,60,18446744073709551584,3,220,2962941
fd00::202:2:2:2,18,0,0,205,223,2973406,279,285,60,12,434,100,-91,290,564,60,18446744073709551574,3,303,2973364
fd00::202:2:2:2,18,0,0,205,223,2983839,280,286,60,12,711,100,-91,291,566,60,18446744073709551552,3,364,2983775
fd00::202:2:2:2,18,0,0,205,223,2994272,281,287,60,12,433,100,-91,292,568,60,18446744073709551531,3,261,2994187
fd00::202:2:2:2,18,0,0,205,223,3004705,282,288,60,12,371,100,-91,293,570,60,18446744073709551564,3,192,3004653
fd00::202:2:2:2,18,0,0,205,223,3015138,283,289,60,12,550,100,-91,294,572,60,18446744073709551589,3,256,3015111
fd00::202:2:2:2,18,0,0,205,223,3025571,284,290,60,12,660,100,-91,295,574,60,18446744073709551601,3,316,3025556
fd00::202:2:2:2,18,0,0,205,223,3036004,285,291,60,12,406,100,-91,296,576,60,18446744073709551586,3,186,3035974
fd00::202:2:2:2,18,0,0,205,223,3046437,286,292,60,12,450,100,-91,297,578,60,18446744073709551569,3,211,3046390
fd00::202:2:2:2,18,0,0,205,223,3056870,287,293,60,12,565,100,-91,298,580,60,18446744073709551564,3,280,3056818
fd00::202:2:2:2,18,0,0,205,223,3067303,288,294,60,12,437,100,-91,299,582,60,18446744073709551587,3,188,3067274
fd00::202:2:2:2,18,0,0,205,223,3077736,289,295,60,12,471,100,-91,300,584,60,18446744073709551609,3,348,3077729
fd00::202:2:2:2,18,0,0,205,223,3088169,290,296,60,12,357,100,-91,301,586,60,18446744073709551558,3,262,3088111
fd00::202:2:2:2,18,0,0,205,223,3098602,291,297,60,12,398,100,-91,302,588,60,30,3,200,3098632
fd00::202:2:2:2,18,0,0,205,223,3109035,292,298,60,12,406,100,-91,303,590,60,18446744073709551572,3,219,3108991
fd00::202:2:2:2,18,0,0,205,223,3119468,293,299,60,12,587,100,-91,304,592,60,18446744073709551528,3,338,3119380
fd00::202:2:2:2,18,0,0,205,223,3129901,294,300,60,12,487,100,-91,305,594,60,18446744073709551562,3,229,3129847
fd00::202:2:2:2,18,0,0,205,223,3140334,295,301,60,12,388,100,-91,307,596,60,205,3,346,3140539
fd00::202:2:2:2,18,0,0,205,223,3150767,296,303,60,12,521,100,-91,308,599,60,55,3,229,3150822
fd00::202:2:2:2,18,0,0,205,223,3161200,297,304,60,12,483,100,-91,309,601,60,18446744073709551588,3,301,3161172
fd00::202:2:2:2,18,0,0,205,223,3171633,298,305,60,12,434,100,-91,310,603,60,18446744073709551560,3,207,3171577
fd00::202:2:2:2,18,0,0,205,223,3182066,299,306,60,12,628,100,-91,311,605,60,18446744073709551604,3,291,3182054
fd00::202:2:2:2,18,0,0,205,223,3192499,300,307,60,12,366,100,-91,312,607,60,18446744073709551571,3,203,3192454
fd00::202:2:2:2,18,0,0,205,223,3202932,301,308,60,12,414,100,-91,313,609,60,18446744073709551558,3,207,3202874
fd00::202:2:2:2,18,0,0,205,223,3213365,302,309,60,12,439,100,-91,314,611,60,18446744073709551555,3,239,3213304
fd00::202:2:2:2,18,0,0,205,223,3223798,303,310,60,12,621,100,-91,315,613,60,18446744073709551615,3,322,3223797
fd00::202:2:2:2,18,0,0,205,223,3234231,304,311,60,12,692,100,-91,316,615,60,18446744073709551571,3,347,3234186
fd00::202:2:2:2,18,0,0,205,223,3244664,305,312,60,12,518,100,-91,317,617,60,18446744073709551611,3,262,3244659
fd00::202:2:2:2,18,0,0,205,223,3255097,306,313,60,12,477,100,-91,318,619,60,18446744073709551543,3,280,3255024
fd00::202:2:2:2,18,0,0,205,223,3265530,307,314,60,12,652,100,-91,319,621,60,18446744073709551611,3,328,3265525
fd00::202:2:2:2,18,0,0,205,223,3275963,308,315,60,12,383,100,-91,320,623,60,18446744073709551571,3,258,3275918
fd00::202:2:2:2,18,0,0,205,223,3286396,309,316,60,12,574,100,-91,321,625,60,18446744073709551559,3,374,3286339
fd00::202:2:2:2,18,0,0,205,223,3296829,310,317,60,12,461,100,-91,322,627,60,18446744073709551600,3,244,3296813
fd00::202:2:2:2,18,0,0,205,223,3307262,311,318,60,12,352,100,-91,323,629,60,18446744073709551581,3,225,3307227
fd00::202:2:2:2,18,0,0,205,223,3317695,312,319,60,12,466,100,-91,324,631,60,18446744073709551581,3,286,3317660
fd00::202:2:2:2,18,0,0,205,223,3328128,313,320,60,12,391,100,-91,325,633,60,18446744073709551569,3,218,3328081
fd00::202:2:2:2,18,0,0,205,223,3338561,314,321,60,12,502,100,-91,326,635,60,18446744073709551535,3,230,3338480
fd00::202:2:2:2,18,0,0,205,223,3348994,315,322,60,12,346,100,-91,327,637,60,18446744073709551537,3,185,3348915
fd00::202:2:2:2,18,0,0,205,223,3359427,316,323,60,12,1014,100,-91,328,639,60,18446744073709551532,3,511,3359343
fd00::202:2:2:2,18,0,0,205,223,3369860,317,324,60,12,491,100,-91,329,641,60,18446744073709551572,3,252,3369816
fd00::202:2:2:2,18,0,0,205,223,3380293,318,325,60,12,707,100,-91,331,643,60,244,3,345,3380537
fd00::202:2:2:2,18,0,0,205,223,3390726,319,327,60,12,314,100,-91,332,646,60,87,3,206,3390813
fd00::202:2:2:2,18,0,0,205,223,3401159,320,328,60,12,646,100,-91,333,648,60,18446744073709551526,3,323,3401069
fd00::202:2:2:2,18,0,0,205,223,3411592,321,329,60,12,575,100,-91,334,650,60,44,3,284,3411636
fd00::202:2:2:2,18,0,0,205,223,3422025,322,330,60,12,563,100,-91,335,652,60,18446744073709551604,3,340,3422013
fd00::202:2:2:2,18,0,0,205,223,3432458,323,331,60,12,756,100,-91,336,654,60,18446744073709551601,3,353,3432443
fd00::202:2:2:2,18,0,0,204,222,3442891,324,332,60,12,445,100,-91,337,656,60,18446744073709551580,3,278,3442855
fd00::202:2:2:2,18,0,0,205,223,3453324,325,333,60,12,580,100,-91,338,658,60,18446744073709551600,3,292,3453308
fd00::202:2:2:2,18,0,0,205,223,3463757,326,334,60,12,477,100,-91,339,660,60,18446744073709551603,3,259,3463744
fd00::202:2:2:2,18,0,0,205,223,3474190,327,335,60,12,672,100,-91,340,662,60,18446744073709551582,3,341,3474156
fd00::202:2:2:2,18,0,0,205,223,3484623,328,336,60,12,456,100,-91,341,664,60,1,3,208,3484624
fd00::202:2:2:2,18,0,0,205,223,3495056,329,337,60,12,477,100,-91,342,666,60,18446744073709551605,3,282,3495045
fd00::202:2:2:2,18,0,0,205,223,3505489,330,338,60,12,442,100,-91,343,668,60,18446744073709551589,3,199,3505462
fd00::202:2:2:2,18,0,0,205,223,3515922,331,339,60,12,482,100,-91,344,670,60,18446744073709551586,3,247,3515892
fd00::202:2:2:2,18,0,0,205,223,3526355,332,340,60,12,345,100,-91,345,672,60,18446744073709551588,3,182,3526327
fd00::202:2:2:2,18,0,0,205,223,3536788,333,341,60,12,419,100,-91,346,674,60,18446744073709551531,3,197,3536703
fd00::202:2:2:2,18,0,0,205,223,3547221,334,342,60,12,403,100,-91,347,676,60,18446744073709551582,3,204,3547187
fd00::202:2:2:2,18,0,0,205,223,3557654,335,343,60,12,480,100,-91,348,678,60,18446744073709551584,3,249,3557622
fd00::202:2:2:2,18,0,0,205,223,3568087,336,344,60,12,395,100,-91,349,680,60,18446744073709551604,3,201,3568075
fd00::202:2:2:2,18,0,0,205,223,3578520,337,345,60,12,297,100,-91,350,682,60,18446744073709551558,3,248,3578462
fd00::202:2:2:2,18,0,0,205,223,3588953,338,346,60,12,387,100,-91,351,684,60,18446744073709551589,3,214,3588926
fd00::202:2:2:2,18,0,0,205,223,3599386,339,347,60,12,627,100,-91,352,686,60,18446744073709551615,3,304,3599385
fd00::203:3:3:3,59,0,0,646,705,32863,1,0,60,0,0,0,0,0,1,60,604,2,0,33467
fd00::203:3:3:3,19,0,0,215,234,43817,2,0,60,0,0,0,0,1,2,60,609,2,0,44426
fd00::203:3:3:3,19,0,0,215,234,54771,3,0,60,0,0,0,0,2,3,60,596,2,0,55367
fd00::203:3:3:3,19,0,0,215,234,65725,4,0,60,0,0,0,0,3,4,60,592,2,0,66317
fd00::203:3:3:3,19,0,0,215,234,76679,5,0,60,0,0,0,0,4,5,60,577,2,0,77256
fd00::203:3:3:3,19,0,0,215,234,87633,6,0,60,0,0,0,0,5,6,60,610,2,0,88243
fd00::203:3:3:3,19,0,0,215,234,98587,7,0,60,0,0,0,0,6,7,60,611,2,0,99198
fd00::203:3:3:3,19,0,0,215,234,109541,8,0,60,0,0,0,0,8,8,60,687,2,0,110228
fd00::203:3:3:3,19,0,0,214,233,120495,9,0,60,0,0,0,0,9,9,60,612,2,0,121107
fd00::203:3:3:3,19,0,0,215,234,131449,10,0,60,0,0,0,0,10,10,60,576,2,0,132025
fd00::203:3:3:3,19,0,0,215,234,142403,11,0,60,0,0,0,0,11,11,60,598,2,0,143001
fd00::203:3:3:3,19,0,0,215,234,153357,12,0,60,0,0,0,0,12,12,60,612,2,0,153969
fd00::203:3:3:3,19,0,0,215,234,164311,13,0,60,0,0,0,0,13,13,60,572,2,0,164883
fd00::203:3:3:3,19,0,0,215,234,175265,14,0,60,0,0,0,0,14,14,60,632,2,0,175897
fd00::203:3:3:3,19,0,0,215,234,186219,15,0,60,0,0,0,0,15,15,60,597,2,0,186816
fd00::203:3:3:3,19,0,0,215,234,197173,16,0,60,0,0,0,0,16,16,60,587,2,0,197760
fd00::203:3:3:3,19,0,0,215,234,208127,17,0,60,0,0,0,0,17,17,60,578,2,0,208705
fd00::203:3:3:3,19,0,0,215,234,219081,18,0,60,0,0,0,0,18,18,60,599,2,0,219680
fd00::203:3:3:3,19,0,0,215,234,230035,19,0,60,0,0,0,0,20,19,60,629,2,0,230664
fd00::203:3:3:3,19,0,0,215,234,240989,20,0,60,0,0,0,0,21,20,60,611,2,0,241600
fd00::203:3:3:3,19,0,0,215,234,251943,21,0,60,0,0,0,0,22,21,60,572,2,0,252515
fd00::203:3:3:3,19,0,0,215,234,262897,22,0,60,0,0,0,0,23,22,60,633,2,0,263530
fd00::203:3:3:3,19,0,0,215,234,273851,23,0,60,0,0,0,0,24,23,60,611,2,0,274462
fd00::203:3:3:3,19,0,0,215,234,284805,24,0,60,0,0,0,0,25,24,60,611,2,0,285416
fd00::203:3:3:3,19,0,0,215,234,295759,25,0,60,0,0,0,0,26,25,60,633,2,0,296392
fd00::203:3:3:3,19,0,0,215,234,306713,26,0,60,0,0,0,0,27,26,60,583,2,0,307296
fd00::203:3:3:3,19,0,0,215,234,317667,27,0,60,0,0,0,0,28,27,60,625,2,0,318292
fd00::203:3:3:3,19,0,0,215,234,328621,28,0,60,0,0,0,0,29,28,60,590,2,0,329211
fd00::203:3:3:3,19,0,0,215,234,350529,30,0,60,0,0,0,0,32,29,60,564,2,0,351093
fd00::203:3:3:3,19,0,0,214,233,361483,31,0,60,0,0,0,0,33,30,60,616,2,0,362099
fd00::203:3:3:3,19,0,0,215,234,372437,32,0,60,0,0,0,0,34,31,60,563,2,0,373000
fd00::203:3:3:3,19,0,0,215,234,383391,33,0,60,0,0,0,0,35,32,60,562,2,0,383953
fd00::203:3:3:3,19,0,0,215,234,394345,34,0,60,0,0,0,0,36,33,60,591,2,0,394936
fd00::203:3:3:3,19,0,0,215,234,405299,35,0,60,0,0,0,0,37,34,60,602,2,0,405901
fd00::203:3:3:3,19,0,0,215,234,416253,36,0,60,0,0,0,0,38,35,60,606,2,0,416859
fd00::203:3:3:3,19,0,0,215,234,427207,37,0,60,0,0,0,0,39,36,60,613,2,0,427820
fd00::203:3:3:3,19,0,0,215,234,438161,38,0,60,0,0,0,0,40,37,60,578,2,0,438739
fd00::203:3:3:3,19,0,0,215,234,449115,39,0,60,0,0,0,0,41,38,60,604,2,0,449719
fd00::203:3:3:3,19,0,0,215,234,460069,40,0,60,0,0,0,0,43,39,60,608,2,0,460677
fd00::203:3:3:3,19,0,0,215,234,471023,41,0,60,0,0,0,0,44,40,60,605,2,0,471628
fd00::203:3:3:3,19,0,0,215,234,481977,42,0,60,0,0,0,0,45,41,60,625,2,0,482602
fd00::203:3:3:3,19,0,0,215,234,492931,43,0,60,0,0,0,0,46,42,60,646,2,0,493577
fd00::203:3:3:3,19,0,0,215,234,503885,44,0,60,0,0,0,0,47,43,60,600,2,0,504485
fd00::203:3:3:3,19,0,0,215,234,514839,45,0,60,0,0,0,0,48,44,60,600,2,0,515439
fd00::203:3:3:3,19,0,0,215,234,525793,46,0,60,0,0,0,0,49,45,60,606,2,0,526399
fd00::203:3:3:3,19,0,0,215,234,536747,47,0,60,0,0,0,0,50,46,60,634,2,0,537381
fd00::203:3:3:3,19,0,0,215,234,547701,48,0,60,0,0,0,0,51,47,60,561,2,0,548262
fd00::203:3:3:3,19,0,0,215,234,558655,49,0,60,0,0,0,0,52,48,60,582,2,0,559237
fd00::203:3:3:3,19,0,0,215,234,569609,50,0,60,0,0,0,0,54,49,60,937,2,0,570546
fd00::203:3:3:3,19,0,0,215,234,580563,51,0,60,0,0,0,0,55,50,60,626,2,0,581189
fd00::203:3:3:3,19,0,0,215,234,591517,52,0,60,0,0,0,0,56,51,60,554,2,0,592071
fd00::203:3:3:3,19,0,0,215,234,602471,53,0,60,0,0,0,0,57,52,60,612,2,0,603083
fd00::203:3:3:3,19,0,0,215,234,613425,54,0,60,0,0,0,0,58,53,60,588,2,0,614013
fd00::203:3:3:3,19,0,0,215,234,624379,55,0,60,0,0,0,0,59,54,60,664,2,0,625043
fd00::203:3:3:3,19,0,0,215,234,635333,56,0,60,0,0,0,0,60,55,60,629,2,0,635962
fd00::203:3:3:3,19,0,0,215,234,646287,57,0,60,0,0,0,0,61,56,60,580,2,0,646867
fd00::203:3:3:3,19,0,0,215,234,657241,58,0,60,0,0,0,0,62,57,60,623,2,0,657864
fd00::203:3:3:3,19,0,0,215,234,668195,59,0,60,0,0,0,0,63,58,60,631,2,0,668826
fd00::203:3:3:3,19,0,0,215,234,679149,60,0,60,0,0,0,0,64,59,60,585,2,0,679734
fd00::203:3:3:3,19,0,0,215,234,690103,61,0,60,0,0,0,0,66,60,60,592,2,0,690695
fd00::203:3:3:3,19,0,0,215,234,701057,62,0,60,0,0,0,0,67,61,60,608,2,0,701665
fd00::203:3:3:3,19,0,0,215,234,712011,63,0,60,0,0,0,0,68,62,60,575,2,0,712586
fd00::203:3:3:3,19,0,0,215,234,722965,64,0,60,0,0,0,0,69,63,60,581,2,0,723546
fd00::203:3:3:3,19,0,0,215,234,733919,65,0,60,0,0,0,0,70,64,60,612,2,0,734531
fd00::203:3:3:3,19,0,0,215,234,744873,66,0,60,0,0,0,0,71,65,60,613,2,0,745486
fd00::203:3:3:3,19,0,0,215,234,755827,67,0,60,0,0,0,0,72,66,60,564,2,0,756391
fd00::203:3:3:3,19,0,0,215,234,766781,68,0,60,0,0,0,0,73,67,60,645,2,0,767426
fd00::203:3:3:3,19,0,0,215,234,777735,69,0,60,0,0,0,0,74,68,60,594,2,0,778329
fd00::203:3:3:3,19,0,0,215,234,788689,70,0,60,0,0,0,0,75,69,60,604,2,0,789293
fd00::203:3:3:3,19,0,0,215,234,799643,71,0,60,0,0,0,0,77,70,60,619,2,0,800262
fd00::203:3:3:3,19,0,0,215,234,810597,72,0,60,0,0,0,0,78,71,60,602,2,0,811199
fd00::203:3:3:3,19,0,0,215,234,821551,73,0,60,0,0,0,0,79,72,60,616,2,0,822167
fd00::203:3:3:3,19,0,0,215,234,832505,74,0,60,0,0,0,0,80,73,60,555,2,0,833060
fd00::203:3:3:3,19,0,0,215,234,843459,75,0,60,0,0,0,0,81,74,60,595,2,0,844054
fd00::203:3:3:3,19,0,0,215,234,854413,76,0,60,0,0,0,0,82,75,60,593,2,0,855006
fd00::203:3:3:3,19,0,0,215,234,865367,77,0,60,0,0,0,0,83,76,60,633,2,0,866000
fd00::203:3:3:3,19,0,0,215,234,876321,78,0,60,0,0,0,0,84,77,60,600,2,0,876921
fd00::203:3:3:3,19,0,0,215,234,887275,79,0,60,0,0,0,0,85,78,60,606,2,0,887881
fd00::203:3:3:3,19,0,0,215,234,898229,80,0,60,0,0,0,0,86,79,60,612,2,0,898841
fd00::203:3:3:3,19,0,0,215,234,909183,81,0,60,0,0,0,0,87,80,60,553,2,0,909736
fd00::203:3:3:3,19,0,0,215,234,920137,82,0,60,0,0,0,0,89,81,60,590,2,0,920727
fd00::203:3:3:3,19,0,0,215,234,931091,83,0,60,0,0,0,0,90,82,60,618,2,0,931709
fd00::203:3:3:3,19,0,0,215,234,942045,84,0,60,0,0,0,0,91,83,60,627,2,0,942672
fd00::203:3:3:3,19,0,0,215,234,952999,85,0,60,0,0,0,0,92,84,60,567,2,0,953566
fd00::203:3:3:3,19,0,0,215,234,963953,86,0,60,0,0,0,0,93,85,60,631,2,0,964584
fd00::203:3:3:3,19,0,0,215,234,974907,87,0,60,0,0,0,0,94,86,60,589,2,0,975496
fd00::203:3:3:3,19,0,0,215,234,985861,88,0,60,0,0,0,0,95,87,60,603,2,0,986464
fd00::203:3:3:3,19,0,0,215,234,996815,89,0,60,0,0,0,0,96,88,60,589,2,0,997404
fd00::203:3:3:3,19,0,0,215,234,1007769,90,0,60,0,0,0,0,97,89,60,596,2,0,1008365
fd00::203:3:3:3,19,0,0,215,234,1018723,91,0,60,0,0,0,0,98,90,60,585,2,0,1019308
fd00::203:3:3:3,19,0,0,215,234,1040631,93,0,60,0,0,0,0,101,91,60,601,2,0,1041232
fd00::203:3:3:3,19,0,0,215,234,1051585,94,0,60,0,0,0,0,102,92,60,574,2,0,1052159
fd00::203:3:3:3,19,0,0,215,234,1062539,95,0,60,0,0,0,0,103,93,60,637,2,0,1063176
fd00::203:3:3:3,19,0,0,215,234,1073493,96,0,60,0,0,0,0,104,94,60,588,2,0,1074081
fd00::203:3:3:3,19,0,0,215,234,1084447,97,0,60,0,0,0,0,105,95,60,625,2,0,1085072
fd00::203:3:3:3,19,0,0,215,234,1095401,98,0,60,0,0,0,0,106,96,60,580,2,0,1095981
fd00::203:3:3:3,19,0,0,215,234,1106355,99,0,60,0,0,0,0,107,97,60,583,2,0,1106938
fd00::203:3:3:3,19,0,0,215,234,1117309,100,0,60,0,0,0,0,108,98,60,598,2,0,1117907
fd00::203:3:3:3,19,0,0,215,234,1128263,101,0,60,0,0,0,0,109,99,60,621,2,0,1128884
fd00::203:3:3:3,19,0,0,215,234,1139217,102,0,60,0,0,0,0,110,100,60,633,2,0,1139850
fd00::203:3:3:3,19,0,0,215,234,1150171,103,0,60,0,0,0,0,112,101,60,620,2,0,1150791
fd00::203:3:3:3,19,0,0,215,234,1161125,104,0,60,0,0,0,0,113,102,60,601,2,0,1161726
fd00::203:3:3:3,19,0,0,215,234,1172079,105,0,60,0,0,0,0,114,103,60,575,2,0,1172654
fd00::203:3:3:3,19,0,0,215,234,1183033,106,0,60,0,0,0,0,115,104,60,587,2,0,1183620
fd00::203:3:3:3,19,0,0,215,234,1193987,107,0,60,0,0,0,0,116,105,60,584,2,0,1194571
fd00::203:3:3:3,19,0,0,215,234,1204941,108,0,60,0,0,0,0,117,106,60,594,2,0,1205535
fd00::203:3:3:3,19,0,0,215,234,1215895,109,0,60,0,0,0,0,118,107,60,590,2,0,1216485
fd00::203:3:3:3,19,0,0,215,234,1226849,110,0,60,0,0,0,0,119,108,60,600,2,0,1227449
fd00::203:3:3:3,19,0,0,215,234,1237803,111,0,60,0,0,0,0,120,109,60,623,2,0,1238426
fd00::203:3:3:3,19,0,0,215,234,1248757,112,0,60,0,0,0,0,121,110,60,593,2,0,1249350
fd00::203:3:3:3,19,0,0,215,234,1259711,113,0,60,0,0,0,0,123,111,60,603,2,0,1260314
fd00::203:3:3:3,19,0,0,215,234,1270665,114,0,60,0,0,0,0,124,112,60,580,2,0,1271245
fd00::203:3:3:3,19,0,0,215,234,1281619,115,0,60,0,0,0,0,125,113,60,581,2,0,1282200
fd00::203:3:3:3,19,0,0,215,234,1292573,116,0,60,0,0,0,0,126,114,60,619,2,0,1293192
fd00::203:3:3:3,19,0,0,215,234,1303527,117,0,60,0,0,0,0,127,115,60,603,2,0,1304130
fd00::203:3:3:3,19,0,0,215,234,1314481,118,0,60,0,0,0,0,128,116,60,596,2,0,1315077
fd00::203:3:3:3,19,0,0,215,234,1325435,119,0,60,0,0,0,0,129,117,60,625,2,0,1326060
fd00::203:3:3:3,19,0,0,215,234,1336389,120,0,60,0,0,0,0,130,118,60,590,2,0,1336979
fd00::203:3:3:3,19,0,0,215,234,1347343,121,0,60,0,0,0,0,131,119,60,604,2,0,1347947
fd00::203:3:3:3,19,0,0,215,234,1358297,122,0,60,0,0,0,0,132,120,60,581,2,0,1358878
fd00::203:3:3:3,19,0,0,215,234,1369251,123,0,60,0,0,0,0,133,121,60,564,2,0,1369815
fd00::203:3:3:3,19,0,0,215,234,1380205,124,0,60,0,0,0,0,135,122,60,580,2,0,1380785
fd00::203:3:3:3,19,0,0,215,234,1391159,125,0,60,0,0,0,0,136,123,60,574,2,0,1391733
fd00::203:3:3:3,19,0,0,215,234,1402113,126,0,60,0,0,0,0,137,124,60,582,2,0,1402695
fd00::203:3:3:3,19,0,0,215,234,1413067,127,0,60,0,0,0,0,138,125,60,606,2,0,1413673
fd00::203:3:3:3,19,0,0,215,234,1424021,128,0,60,0,0,0,0,139,126,60,583,2,0,1424604
fd00::203:3:3:3,19,0,0,215,234,1434975,129,0,60,0,0,0,0,140,127,60,554,2,0,1435529
fd00::203:3:3:3,19,0,0,215,234,1445929,130,0,60,0,0,0,0,141,128,60,589,2,0,1446518
fd00::203:3:3:3,19,0,0,215,234,1456883,131,0,60,0,0,0,0,142,129,60,585,2,0,1457468
fd00::203:3:3:3,19,0,0,215,234,1467837,132,0,60,0,0,0,0,143,130,60,616,2,0,1468453
fd00::203:3:3:3,19,0,0,215,234,1478791,133,0,60,0,0,0,0,144,131,60,587,2,0,1479378
fd00::203:3:3:3,19,0,0,215,234,1489745,134,0,60,0,0,0,0,146,132,60,773,2,0,1490518
fd00::203:3:3:3,19,0,0,215,234,1500699,135,0,60,0,0,0,0,147,133,60,587,2,0,1501286
fd00::203:3:3:3,19,0,0,215,234,1511653,136,0,60,0,0,0,0,148,134,60,602,2,0,1512255
fd00::203:3:3:3,19,0,0,215,234,1522607,137,0,60,0,0,0,0,149,135,60,573,2,0,1523180
fd00::203:3:3:3,19,0,0,215,234,1533561,138,0,60,0,0,0,0,150,136,60,568,2,0,1534129
fd00::203:3:3:3,19,0,0,215,234,1544515,139,0,60,0,0,0,0,151,137,60,555,2,0,1545070
fd00::203:3:3:3,19,0,0,215,234,1555469,140,0,60,0,0,0,0,152,138,60,585,2,0,1556054
fd00::203:3:3:3,19,0,0,215,234,1566423,141,0,60,0,0,0,0,153,139,60,631,2,0,1567054
fd00::203:3:3:3,19,0,0,215,234,1577377,142,0,60,0,0,0,0,154,140,60,636,2,0,1578013
fd00::203:3:3:3,19,0,0,215,234,1588331,143,0,60,0,0,0,0,155,141,60,595,2,0,1588926
fd00::203:3:3:3,19,0,0,215,234,1599285,144,0,60,0,0,0,0,156,142,60,576,2,0,1599861
fd00::203:3:3:3,19,0,0,215,234,1610239,145,0,60,0,0,0,0,158,143,60,609,2,0,1610848
fd00::203:3:3:3,19,0,0,215,234,1621193,146,0,60,0,0,0,0,159,144,60,638,2,0,1621831
fd00::203:3:3:3,19,0,0,215,234,1632147,147,0,60,0,0,0,0,160,145,60,608,2,0,1632755
fd00::203:3:3:3,19,0,0,215,234,1643101,148,0,60,0,0,0,0,161,146,60,591,2,0,1643692
fd00::203:3:3:3,19,0,0,215,234,1654055,149,0,60,0,0,0,0,162,147,60,617,2,0,1654672
fd00::203:3:3:3,19,0,0,215,234,1665009,150,0,60,0,0,0,0,163,148,60,595,2,0,1665604
fd00::203:3:3:3,19,0,0,215,234,1675963,151,0,60,0,0,0,0,164,149,60,604,2,0,1676567
fd00::203:3:3:3,19,0,0,214,233,1686917,152,0,60,0,0,0,0,165,150,60,599,2,0,1687516
fd00::203:3:3:3,19,0,0,215,234,1697871,153,0,60,0,0,0,0,166,151,60,588,2,0,1698459
fd00::203:3:3:3,19,0,0,215,234,1708825,154,0,60,0,0,0,0,167,152,60,595,2,0,1709420
fd00::203:3:3:3,19,0,0,215,234,1719779,155,0,60,0,0,0,0,169,153,60,651,2,0,1720430
fd00::203:3:3:3,19,0,0,215,234,1730733,156,0,60,0,0,0,0,170,154,60,627,2,0,1731360
fd00::203:3:3:3,19,0,0,215,234,1741687,157,0,60,0,0,0,0,171,155,60,656,2,0,1742343
fd00::203:3:3:3,19,0,0,214,233,1752641,158,0,60,0,0,0,0,172,156,60,579,2,0,1753220
fd00::203:3:3:3,19,0,0,215,234,1763595,159,0,60,0,0,0,0,173,157,60,635,2,0,1764230
fd00::203:3:3:3,19,0,0,215,234,1774549,160,0,60,0,0,0,0,174,158,60,580,2,0,1775129
fd00::203:3:3:3,19,0,0,215,234,1785503,161,0,60,0,0,0,0,175,159,60,623,2,0,1786126
fd00::203:3:3:3,19,0,0,215,234,1796457,162,0,60,0,0,0,0,176,160,60,554,2,0,1797011
fd00::203:3:3:3,19,0,0,215,234,1807411,163,0,60,0,0,0,0,177,161,60,629,2,0,1808040
fd00::203:3:3:3,19,0,0,215,234,1818365,164,0,60,0,0,0,0,178,162,60,645,2,0,1819010
fd00::203:3:3:3,19,0,0,215,234,1829319,165,0,60,0,0,0,0,179,163,60,567,2,0,1829886
fd00::203:3:3:3,19,0,0,215,234,1840273,166,0,60,0,0,0,0,181,164,60,670,2,0,1840943
fd00::203:3:3:3,19,0,0,215,234,1851227,167,0,60,0,0,0,0,182,165,60,608,2,0,1851835
fd00::203:3:3:3,19,0,0,215,234,1862181,168,0,60,0,0,0,0,183,166,60,615,2,0,1862796
fd00::203:3:3:3,19,0,0,215,234,1873135,169,0,60,0,0,0,0,184,167,60,599,2,0,1873734
fd00::203:3:3:3,19,0,0,215,234,1884089,170,0,60,0,0,0,0,185,168,60,568,2,0,1884657
fd00::203:3:3:3,19,0,0,215,234,1895043,171,0,60,0,0,0,0,186,169,60,599,2,0,1895642
fd00::203:3:3:3,19,0,0,215,234,1905997,172,0,60,0,0,0,0,187,170,60,570,2,0,1906567
fd00::203:3:3:3,19,0,0,215,234,1916951,173,0,60,0,0,0,0,188,171,60,611,2,0,1917562
fd00::203:3:3:3,19,0,0,215,234,1927905,174,0,60,0,0,0,0,189,172,60,607,2,0,1928512
fd00::203:3:3:3,19,0,0,215,234,1938859,175,0,60,0,0,0,0,190,173,60,610,2,0,1939469
fd00::203:3:3:3,19,0,0,215,234,1949813,176,0,60,0,0,0,0,192,174,60,819,2,0,1950632
fd00::203:3:3:3,19,0,0,215,234,1960767,177,0,60,0,0,0,0,193,175,60,625,2,0,1961392
fd00::203:3:3:3,19,0,0,215,234,1971721,178,0,60,0,0,0,0,194,176,60,619,2,0,1972340
fd00::203:3:3:3,19,0,0,215,234,1982675,179,0,60,0,0,0,0,195,177,60,634,2,0,1983309
fd00::203:3:3:3,19,0,0,215,234,1993629,180,0,60,0,0,0,0,196,178,60,629,2,0,1994258
fd00::203:3:3:3,19,0,0,215,234,2004583,181,0,60,0,0,0,0,197,179,60,590,2,0,2005173
fd00::203:3:3:3,19,0,0,215,234,2015537,182,0,60,0,0,0,0,198,180,60,620,2,0,2016157
fd00::203:3:3:3,19,0,0,215,234,2026491,183,0,60,0,0,0,0,199,181,60,574,2,0,2027065
fd00::203:3:3:3,19,0,0,215,234,2037445,184,0,60,0,0,0,0,200,182,60,610,2,0,2038055
fd00::203:3:3:3,19,0,0,215,234,2048399,185,0,60,0,0,0,0,201,183,60,545,2,0,2048944
fd00::203:3:3:3,19,0,0,215,234,2059353,186,0,60,0,0,0,0,202,184,60,597,2,0,2059950
fd00::203:3:3:3,19,0,0,215,234,2070307,187,0,60,0,0,0,0,204,185,60,634,2,0,2070941
fd00::203:3:3:3,19,0,0,215,234,2081261,188,0,60,0,0,0,0,205,186,60,606,2,0,2081867
fd00::203:3:3:3,19,0,0,215,234,2092215,189,0,60,0,0,0,0,206,187,60,565,2,0,2092780
fd00::203:3:3:3,19,0,0,215,234,2103169,190,0,60,0,0,0,0,207,188,60,599,2,0,2103768
fd00::203:3:3:3,19,0,0,215,234,2114123,191,0,60,0,0,0,0,208,189,60,590,2,0,2114713
fd00::203:3:3:3,19,0,0,215,234,2125077,192,0,60,0,0,0,0,209,190,60,623,2,0,2125700
fd00::203:3:3:3,19,0,0,215,234,2136031,193,0,60,0,0,0,0,210,191,60,625,2,0,2136656
fd00::203:3:3:3,19,0,0,215,234,2146985,194,0,60,0,0,0,0,211,192,60,609,2,0,2147594
fd00::203:3:3:3,19,0,0,215,234,2157939,195,0,60,0,0,0,0,212,193,60,611,2,0,2158550
fd00::203:3:3:3,19,0,0,215,234,2168893,196,0,60,0,0,0,0,213,194,60,580,2,0,2169473
fd00::203:3:3:3,19,0,0,215,234,2179847,197,0,60,0,0,0,0,215,195,60,653,2,0,2180500
fd00::203:3:3:3,19,0,0,215,234,2190801,198,0,60,0,0,0,0,216,196,60,606,2,0,2191407
fd00::203:3:3:3,19,0,0,215,234,2201755,199,0,60,0,0,0,0,217,197,60,595,2,0,2202350
fd00::203:3:3:3,19,0,0,215,234,2212709,200,0,60,0,0,0,0,218,198,60,593,2,0,2213302
fd00::203:3:3:3,19,0,0,215,234,2223663,201,0,60,0,0,0,0,219,199,60,569,2,0,2224232
fd00::203:3:3:3,19,0,0,215,234,2234617,202,0,60,0,0,0,0,220,200,60,599,2,0,2235216
fd00::203:3:3:3,19,0,0,215,234,2245571,203,0,60,0,0,0,0,221,201,60,627,2,0,2246198
fd00::203:3:3:3,19,0,0,214,233,2256525,204,0,60,0,0,0,0,222,202,60,604,2,0,2257129
fd00::203:3:3:3,19,0,0,215,234,2267479,205,0,60,0,0,0,0,223,203,60,597,2,0,2268076
fd00::203:3:3:3,19,0,0,215,234,2278433,206,0,60,0,0,0,0,224,204,60,581,2,0,2279014
fd00::203:3:3:3,19,0,0,215,234,2289387,207,0,60,0,0,0,0,225,205,60,587,2,0,2289974
fd00::203:3:3:3,19,0,0,215,234,2300341,208,0,60,0,0,0,0,227,206,60,613,2,0,2300954
fd00::203:3:3:3,19,0,0,215,234,2311295,209,0,60,0,0,0,0,228,207,60,595,2,0,2311890
fd00::203:3:3:3,19,0,0,215,234,2322249,210,0,60,0,0,0,0,229,208,60,581,2,0,2322830
fd00::203:3:3:3,19,0,0,215,234,2333203,211,0,60,0,0,0,0,230,209,60,597,2,0,2333800
fd00::203:3:3:3,19,0,0,215,234,2344157,212,0,60,0,0,0,0,231,210,60,606,2,0,2344763
fd00::203:3:3:3,19,0,0,215,234,2355111,213,0,60,0,0,0,0,232,211,60,598,2,0,2355709
fd00::203:3:3:3,19,0,0,215,234,2366065,214,0,60,0,0,0,0,233,212,60,622,2,0,2366687
fd00::203:3:3:3,19,0,0,215,234,2377019,215,0,60,0,0,0,0,234,213,60,602,2,0,2377621
fd00::203:3:3:3,19,0,0,215,234,2387973,216,0,60,0,0,0,0,235,214,60,578,2,0,2388551
fd00::203:3:3:3,19,0,0,215,234,2398927,217,0,60,0,0,0,0,236,215,60,650,2,0,2399577
fd00::203:3:3:3,19,0,0,215,234,2409881,218,0,60,0,0,0,0,238,216,60,794,2,0,2410675
fd00::203:3:3:3,19,0,0,215,234,2420835,219,0,60,0,0,0,0,239,217,60,605,2,0,2421440
fd00::203:3:3:3,19,0,0,215,234,2431789,220,0,60,0,0,0,0,240,218,60,611,2,0,2432400
fd00::203:3:3:3,19,0,0,215,234,2442743,221,0,60,0,0,0,0,241,219,60,611,2,0,2443354
fd00::203:3:3:3,19,0,0,215,234,2453697,222,0,60,0,0,0,0,242,220,60,569,2,0,2454266
fd00::203:3:3:3,19,0,0,215,234,2464651,223,0,60,0,0,0,0,243,221,60,620,2,0,2465271
fd00::203:3:3:3,19,0,0,215,234,2475605,224,0,60,0,0,0,0,244,222,60,618,2,0,2476223
fd00::203:3:3:3,19,0,0,215,234,2486559,225,0,60,0,0,0,0,245,223,60,630,2,0,2487189
fd00::203:3:3:3,19,0,0,215,234,2497513,226,0,60,0,0,0,0,246,224,60,579,2,0,2498092
fd00::203:3:3:3,19,0,0,215,234,2508467,227,0,60,0,0,0,0,247,225,60,587,2,0,2509054
fd00::203:3:3:3,19,0,0,215,234,2519421,228,0,60,0,0,0,0,249,226,60,596,2,0,2520017
fd00::203:3:3:3,19,0,0,215,234,2530375,229,0,60,0,0,0,0,250,227,60,596,2,0,2530971
fd00::203:3:3:3,19,0,0,215,234,2541329,230,0,60,0,0,0,0,251,228,60,582,2,0,2541911
fd00::203:3:3:3,19,0,0,215,234,2552283,231,0,60,0,0,0,0,252,229,60,575,2,0,2552858
fd00::203:3:3:3,19,0,0,215,234,2563237,232,0,60,0,0,0,0,253,230,60,588,2,0,2563825
fd00::203:3:3:3,19,0,0,215,234,2574191,233,0,60,0,0,0,0,254,231,60,594,2,0,2574785
fd00::203:3:3:3,19,0,0,215,234,2585145,234,0,60,0,0,0,0,255,232,60,590,2,0,2585735
fd00::203:3:3:3,19,0,0,215,234,2596099,235,0,60,0,0,0,0,256,233,60,587,2,0,2596686
fd00::203:3:3:3,19,0,0,215,234,2607053,236,0,60,0,0,0,0,257,234,60,619,2,0,2607672
fd00::203:3:3:3,19,0,0,215,234,2618007,237,0,60,0,0,0,0,258,235,60,617,2,0,2618624
fd00::203:3:3:3,19,0,0,215,234,2628961,238,0,60,0,0,0,0,259,236,60,573,2,0,2629534
fd00::203:3:3:3,19,0,0,215,234,2639915,239,0,60,0,0,0,0,261,237,60,592,2,0,2640507
fd00::203:3:3:3,19,0,0,215,234,2650869,240,0,60,0,0,0,0,262,238,60,600,2,0,2651469
fd00::203:3:3:3,19,0,0,215,234,2661823,241,0,60,0,0,0,0,263,239,60,585,2,0,2662408
fd00::203:3:3:3,19,0,0,215,234,2672777,242,0,60,0,0,0,0,264,240,60,630,2,0,2673407
fd00::203:3:3:3,19,0,0,215,234,2683731,243,0,60,0,0,0,0,265,241,60,571,2,0,2684302
fd00::203:3:3:3,19,0,0,215,234,2694685,244,0,60,0,0,0,0,266,242,60,619,2,0,2695304
fd00::203:3:3:3,19,0,0,215,234,2705639,245,0,60,0,0,0,0,267,243,60,591,2,0,2706230
fd00::203:3:3:3,19,0,0,215,234,2716593,246,0,60,0,0,0,0,268,244,60,607,2,0,2717200
fd00::203:3:3:3,19,0,0,215,234,2727547,247,0,60,0,0,0,0,269,245,60,581,2,0,2728128
fd00::203:3:3:3,19,0,0,215,234,2738501,248,0,60,0,0,0,0,270,246,60,568,2,0,2739069
fd00::203:3:3:3,19,0,0,215,234,2749455,249,0,60,0,0,0,0,272,247,60,574,2,0,2750029
fd00::203:3:3:3,19,0,0,215,234,2760409,250,0,60,0,0,0,0,273,248,60,636,2,0,2761045
fd00::203:3:3:3,19,0,0,215,234,2771363,251,0,60,0,0,0,0,274,249,60,617,2,0,2771980
fd00::203:3:3:3,19,0,0,215,234,2782317,252,0,60,0,0,0,0,275,250,60,612,2,0,2782929
fd00::203:3:3:3,19,0,0,215,234,2793271,253,0,60,0,0,0,0,276,251,60,608,2,0,2793879
fd00::203:3:3:3,19,0,0,215,234,2804225,254,0,60,0,0,0,0,277,252,60,611,2,0,2804836
fd00::203:3:3:3,19,0,0,215,234,2815179,255,0,60,0,0,0,0,278,253,60,578,2,0,2815757
fd00::203:3:3:3,19,0,0,215,234,2826133,256,0,60,0,0,0,0,279,254,60,558,2,0,2826691
fd00::203:3:3:3,19,0,0,215,234,2837087,257,0,60,0,0,0,0,280,255,60,667,2,0,2837754
fd00::203:3:3:3,19,0,0,215,234,2848041,258,0,60,0,0,0,0,281,256,60,603,2,0,2848644
fd00::203:3:3:3,19,0,0,215,234,2858995,259,0,60,0,0,0,0,282,257,60,584,2,0,2859579
fd00::203:3:3:3,19,0,0,215,234,2869949,260,0,60,0,0,0,0,284,258,60,578,2,0,2870527
fd00::203:3:3:3,19,0,0,215,234,2880903,261,0,60,0,0,0,0,285,259,60,588,2,0,2881491
fd00::203:3:3:3,19,0,0,215,234,2891857,262,0,60,0,0,0,0,286,260,60,613,2,0,2892470
fd00::203:3:3:3,19,0,0,215,234,2902811,263,0,60,0,0,0,0,287,261,60,559,2,0,2903370
fd00::203:3:3:3,19,0,0,215,234,2913765,264,0,60,0,0,0,0,288,262,60,597,2,0,2914362
fd00::203:3:3:3,19,0,0,215,234,2924719,265,0,60,0,0,0,0,289,263,60,614,2,0,2925333
fd00::203:3:3:3,19,0,0,215,234,2935673,266,0,60,0,0,0,0,290,264,60,612,2,0,2936285
fd00::203:3:3:3,19,0,0,215,234,2946627,267,0,60,0,0,0,0,291,265,60,581,2,0,2947208
fd00::203:3:3:3,19,0,0,215,234,2957581,268,0,60,0,0,0,0,292,266,60,607,2,0,2958188
fd00::203:3:3:3,19,0,0,215,234,2968535,269,0,60,0,0,0,0,293,267,60,571,2,0,2969106
fd00::203:3:3:3,19,0,0,215,234,2979489,270,0,60,0,0,0,0,295,268,60,999,2,0,2980488
fd00::203:3:3:3,19,0,0,214,233,2990443,271,0,60,0,0,0,0,296,269,60,592,2,0,2991035
fd00::203:3:3:3,19,0,0,215,234,3001397,272,0,60,0,0,0,0,297,270,60,588,2,0,3001985
fd00::203:3:3:3,19,0,0,215,234,3012351,273,0,60,0,0,0,0,298,271,60,586,2,0,3012937
fd00::203:3:3:3,19,0,0,215,234,3023305,274,0,60,0,0,0,0,299,272,60,605,2,0,3023910
fd00::203:3:3:3,19,0,0,215,234,3034259,275,0,60,0,0,0,0,300,273,60,579,2,0,3034838
fd00::203:3:3:3,19,0,0,215,234,3045213,276,0,60,0,0,0,0,301,274,60,603,2,0,3045816
fd00::203:3:3:3,19,0,0,215,234,3056167,277,0,60,0,0,0,0,302,275,60,602,2,0,3056769
fd00::203:3:3:3,19,0,0,215,234,3067121,278,0,60,0,0,0,0,303,276,60,645,2,0,3067766
fd00::203:3:3:3,19,0,0,215,234,3078075,279,0,60,0,0,0,0,304,277,60,562,2,0,3078637
fd00::203:3:3:3,19,0,0,215,234,3089029,280,0,60,0,0,0,0,305,278,60,610,2,0,3089639
fd00::203:3:3:3,19,0,0,215,234,3099983,281,0,60,0,0,0,0,307,279,60,596,2,0,3100579
fd00::203:3:3:3,19,0,0,215,234,3110937,282,0,60,0,0,0,0,308,280,60,585,2,0,3111522
fd00::203:3:3:3,19,0,0,215,234,3121891,283,0,60,0,0,0,0,309,281,60,577,2,0,3122468
fd00::203:3:3:3,19,0,0,215,234,3132845,284,0,60,0,0,0,0,310,282,60,591,2,0,3133436
fd00::203:3:3:3,19,0,0,215,234,3143799,285,0,60,0,0,0,0,311,283,60,560,2,0,3144359
fd00::203:3:3:3,19,0,0,215,234,3154753,286,0,60,0,0,0,0,312,284,60,593,2,0,3155346
fd00::203:3:3:3,19,0,0,215,234,3165707,287,0,60,0,0,0,0,313,285,60,573,2,0,3166280
fd00::203:3:3:3,19,0,0,215,234,3176661,288,0,60,0,0,0,0,314,286,60,619,2,0,3177280
fd00::203:3:3:3,19,0,0,215,234,3187615,289,0,60,0,0,0,0,315,287,60,590,2,0,3188205
fd00::203:3:3:3,19,0,0,215,234,3198569,290,0,60,0,0,0,0,316,288,60,578,2,0,3199147
fd00::203:3:3:3,19,0,0,215,234,3209523,291,0,60,0,0,0,0,318,289,60,670,2,0,3210193
fd00::203:3:3:3,19,0,0,215,234,3220477,292,0,60,0,0,0,0,319,290,60,611,2,0,3221088
fd00::203:3:3:3,19,0,0,215,234,3231431,293,0,60,0,0,0,0,320,291,60,589,2,0,3232020
fd00::203:3:3:3,19,0,0,215,234,3242385,294,0,60,0,0,0,0,321,292,60,584,2,0,3242969
fd00::203:3:3:3,19,0,0,215,234,3253339,295,0,60,0,0,0,0,322,293,60,591,2,0,3253930
fd00::203:3:3:3,19,0,0,215,234,3264293,296,0,60,0,0,0,0,323,294,60,623,2,0,3264916
fd00::203:3:3:3,19,0,0,215,234,3275247,297,0,60,0,0,0,0,324,295,60,583,2,0,3275830
fd00::203:3:3:3,19,0,0,215,234,3286201,298,0,60,0,0,0,0,325,296,60,600,2,0,3286801
fd00::203:3:3:3,19,0,0,215,234,3297155,299,0,60,0,0,0,0,326,297,60,587,2,0,3297742
fd00::203:3:3:3,19,0,0,215,234,3308109,300,0,60,0,0,0,0,327,298,60,580,2,0,3308689
fd00::203:3:3:3,19,0,0,215,234,3319063,301,0,60,0,0,0,0,328,299,60,615,2,0,3319678
fd00::203:3:3:3,19,0,0,215,234,3330017,302,0,60,0,0,0,0,330,300,60,777,2,0,3330794
fd00::203:3:3:3,19,0,0,215,234,3340971,303,0,60,0,0,0,0,331,301,60,601,2,0,3341572
fd00::203:3:3:3,19,0,0,215,234,3351925,304,0,60,0,0,0,0,332,302,60,588,2,0,3352513
fd00::203:3:3:3,19,0,0,215,234,3362879,305,0,60,0,0,0,0,333,303,60,636,2,0,3363515
fd00::203:3:3:3,19,0,0,215,234,3373833,306,0,60,0,0,0,0,334,304,60,594,2,0,3374427
fd00::203:3:3:3,19,0,0,215,234,3384787,307,0,60,0,0,0,0,335,305,60,612,2,0,3385399
fd00::203:3:3:3,19,0,0,215,234,3395741,308,0,60,0,0,0,0,336,306,60,571,2,0,3396312
fd00::203:3:3:3,19,0,0,215,234,3406695,309,0,60,0,0,0,0,337,307,60,600,2,0,3407295
fd00::203:3:3:3,19,0,0,215,234,3417649,310,0,60,0,0,0,0,338,308,60,569,2,0,3418218
fd00::203:3:3:3,19,0,0,215,234,3428603,311,0,60,0,0,0,0,339,309,60,569,2,0,3429172
fd00::203:3:3:3,19,0,0,215,234,3439557,312,0,60,0,0,0,0,341,310,60,1019,2,0,3440576
fd00::203:3:3:3,19,0,0,214,233,3450511,313,0,60,0,0,0,0,342,311,60,600,2,0,3451111
fd00::203:3:3:3,19,0,0,215,234,3461465,314,0,60,0,0,0,0,343,312,60,622,2,0,3462087
fd00::203:3:3:3,19,0,0,215,234,3472419,315,0,60,0,0,0,0,344,313,60,598,2,0,3473017
fd00::203:3:3:3,19,0,0,215,234,3483373,316,0,60,0,0,0,0,345,314,60,568,2,0,3483941
fd00::203:3:3:3,19,0,0,215,234,3494327,317,0,60,0,0,0,0,346,315,60,598,2,0,3494925
fd00::203:3:3:3,19,0,0,215,234,3505281,318,0,60,0,0,0,0,347,316,60,593,2,0,3505874
fd00::203:3:3:3,19,0,0,215,234,3516235,319,0,60,0,0,0,0,348,317,60,592,2,0,3516827
fd00::203:3:3:3,19,0,0,215,234,3527189,320,0,60,0,0,0,0,349,318,60,617,2,0,3527806
fd00::203:3:3:3,19,0,0,215,234,3538143,321,0,60,0,0,0,0,350,319,60,582,2,0,3538725
fd00::203:3:3:3,19,0,0,215,234,3549097,322,0,60,0,0,0,0,351,320,60,562,2,0,3549659
fd00::203:3:3:3,19,0,0,215,234,3560051,323,0,60,0,0,0,0,353,321,60,721,2,0,3560772
fd00::203:3:3:3,19,0,0,215,234,3571005,324,0,60,0,0,0,0,354,322,60,597,2,0,3571602
fd00::203:3:3:3,19,0,0,215,234,3581959,325,0,60,0,0,0,0,355,323,60,627,2,0,3582586
fd00::203:3:3:3,19,0,0,215,234,3592913,326,0,60,0,0,0,0,356,324,60,561,2,0,3593474
fd00::204:4:4:4,98,0,0,1074,1172,54561,1,0,60,0,0,0,0,0,1,60,62,3,0,54623
fd00::204:4:4:4,19,0,0,214,233,65473,2,0,60,0,0,0,0,1,2,60,60,3,0,65533
fd00::204:4:4:4,19,0,0,214,233,76385,3,0,60,0,0,0,0,2,3,60,100,3,0,76485
fd00::204:4:4:4,19,0,0,214,233,87297,4,0,60,0,0,0,0,3,4,60,67,3,0,87364
fd00::204:4:4:4,19,0,0,214,233,98209,5,0,60,0,0,0,0,4,5,60,56,3,0,98265
fd00::204:4:4:4,19,0,0,214,233,109121,6,0,60,0,0,0,0,5,6,60,76,3,0,109197
fd00::204:4:4:4,19,0,0,214,233,120033,7,0,60,0,0,0,0,7,7,60,311,3,0,120344
fd00::204:4:4:4,19,0,0,214,233,130945,8,0,60,0,0,0,0,8,8,60,38,3,0,130983
fd00::204:4:4:4,19,0,0,214,233,141857,9,0,60,0,0,0,0,9,9,60,128,3,0,141985
fd00::204:4:4:4,19,0,0,214,233,152769,10,0,60,0,0,0,0,10,10,60,41,3,0,152810
fd00::204:4:4:4,19,0,0,214,233,163681,11,0,60,0,0,0,0,11,11,60,114,3,0,163795
fd00::204:4:4:4,19,0,0,214,233,174593,12,0,60,0,0,0,0,12,12,60,122,3,0,174715
fd00::204:4:4:4,19,0,0,214,233,185505,13,0,60,0,0,0,0,13,13,60,49,3,0,185554
fd00::204:4:4:4,19,0,0,214,233,196417,14,0,60,0,0,0,0,14,14,60,82,3,0,196499
fd00::204:4:4:4,19,0,0,214,233,207329,15,0,60,0,0,0,0,15,15,60,83,3,0,207412
fd00::204:4:4:4,19,0,0,214,233,218241,16,0,60,0,0,0,0,16,16,60,36,3,0,218277
fd00::204:4:4:4,19,0,0,214,233,229153,17,0,60,0,0,0,0,17,17,60,109,3,0,229262
fd00::204:4:4:4,19,0,0,214,233,240065,18,0,60,0,0,0,0,19,18,60,44,3,0,240109
fd00::204:4:4:4,19,0,0,214,233,250977,19,0,60,0,0,0,0,20,19,60,94,3,0,251071
fd00::204:4:4:4,19,0,0,214,233,261889,20,0,60,0,0,0,0,21,20,60,103,3,0,261992
fd00::204:4:4:4,19,0,0,214,233,272801,21,0,60,0,0,0,0,22,21,60,118,3,0,272919
fd00::204:4:4:4,19,0,0,214,233,283713,22,0,60,0,0,0,0,23,22,60,85,3,0,283798
fd00::204:4:4:4,19,0,0,214,233,294625,23,0,60,0,0,0,0,24,23,60,94,3,0,294719
fd00::204:4:4:4,19,0,0,214,233,305537,24,0,60,0,0,0,0,25,24,60,77,3,0,305614
fd00::204:4:4:4,19,0,0,214,233,316449,25,0,60,0,0,0,0,26,25,60,59,3,0,316508
fd00::204:4:4:4,19,0,0,214,233,327361,26,0,60,0,0,0,0,27,26,60,60,3,0,327421
fd00::204:4:4:4,19,0,0,214,233,338273,27,0,60,0,0,0,0,28,27,60,38,3,0,338311
fd00::204:4:4:4,19,0,0,214,233,349185,28,0,60,0,0,0,0,29,28,60,134,3,0,349319
fd00::204:4:4:4,19,0,0,214,233,360097,29,0,60,0,0,0,0,31,29,60,261,3,0,360358
fd00::204:4:4:4,19,0,0,214,233,371009,30,0,60,0,0,0,0,32,30,60,51,3,0,371060
fd00::204:4:4:4,19,0,0,214,233,381921,31,0,60,0,0,0,0,33,31,60,61,3,0,381982
fd00::204:4:4:4,19,0,0,214,233,392833,32,0,60,0,0,0,0,34,32,60,74,3,0,392907
fd00::204:4:4:4,19,0,0,214,233,403745,33,0,60,0,0,0,0,35,33,60,90,3,0,403835
fd00::204:4:4:4,19,0,0,214,233,414657,34,0,60,0,0,0,0,36,34,60,94,3,0,414751
fd00::204:4:4:4,19,0,0,214,233,425569,35,0,60,0,0,0,0,37,35,60,69,3,0,425638
fd00::204:4:4:4,19,0,0,214,233,436481,36,0,60,0,0,0,0,38,36,60,100,3,0,436581
fd00::204:4:4:4,19,0,0,214,233,447393,37,0,60,0,0,0,0,39,37,60,50,3,0,447443
fd00::204:4:4:4,19,0,0,214,233,458305,38,0,60,0,0,0,0,40,38,60,82,3,0,458387
fd00::204:4:4:4,19,0,0,214,233,469217,39,0,60,0,0,0,0,41,39,60,94,3,0,469311
fd00::204:4:4:4,19,0,0,214,233,480129,40,0,60,0,0,0,0,43,40,60,319,3,0,480448
fd00::204:4:4:4,19,0,0,214,233,491041,41,0,60,0,0,0,0,44,41,60,83,3,0,491124
fd00::204:4:4:4,19,0,0,214,233,501953,42,0,60,0,0,0,0,45,42,60,62,3,0,502015
fd00::204:4:4:4,19,0,0,214,233,512865,43,0,60,0,0,0,0,46,43,60,69,3,0,512934
fd00::204:4:4:4,19,0,0,214,233,523777,44,0,60,0,0,0,0,47,44,60,58,3,0,523835
fd00::204:4:4:4,19,0,0,214,233,534689,45,0,60,0,0,0,0,48,45,60,71,3,0,534760
fd00::204:4:4:4,19,0,0,214,233,545601,46,0,60,0,0,0,0,49,46,60,68,3,0,545669
fd00::204:4:4:4,19,0,0,214,233,556513,47,0,60,0,0,0,0,50,47,60,65,3,0,556578
fd00::204:4:4:4,19,0,0,214,233,567425,48,0,60,0,0,0,0,51,48,60,105,3,0,567530
fd00::204:4:4:4,19,0,0,214,233,578337,49,0,60,0,0,0,0,52,49,60,37,3,0,578374
fd00::204:4:4:4,19,0,0,214,233,589249,50,0,60,0,0,0,0,53,50,60,88,3,0,589337
fd00::204:4:4:4,19,0,0,214,233,600161,51,0,60,0,0,0,0,55,51,60,177,3,0,600338
fd00::204:4:4:4,19,0,0,214,233,611073,52,0,60,0,0,0,0,56,52,60,47,3,0,611120
fd00::204:4:4:4,19,0,0,214,233,621985,53,0,60,0,0,0,0,57,53,60,100,3,0,622085
fd00::204:4:4:4,19,0,0,214,233,632897,54,0,60,0,0,0,0,58,54,60,110,3,0,633007
fd00::204:4:4:4,19,0,0,214,233,643809,55,0,60,0,0,0,0,59,55,60,69,3,0,643878
fd00::204:4:4:4,19,0,0,214,233,654721,56,0,60,0,0,0,0,60,56,60,78,3,0,654799
fd00::204:4:4:4,19,0,0,214,233,665633,57,0,60,0,0,0,0,61,57,60,42,3,0,665675
fd00::204:4:4:4,19,0,0,214,233,676545,58,0,60,0,0,0,0,62,58,60,53,3,0,676598
fd00::204:4:4:4,19,0,0,214,233,687457,59,0,60,0,0,0,0,63,59,60,75,3,0,687532
fd00::204:4:4:4,19,0,0,214,233,698369,60,0,60,0,0,0,0,64,60,60,79,3,0,698448
fd00::204:4:4:4,19,0,0,214,233,709281,61,0,60,0,0,0,0,65,61,60,105,3,0,709386
fd00::204:4:4:4,19,0,0,214,233,720193,62,0,60,0,0,0,0,67,62,60,218,3,0,720411
fd00::204:4:4:4,19,0,0,214,233,731105,63,0,60,0,0,0,0,68,63,60,100,3,0,731205
fd00::204:4:4:4,19,0,0,214,233,742017,64,0,60,0,0,0,0,69,64,60,93,3,0,742110
fd00::204:4:4:4,19,0,0,214,233,752929,65,0,60,0,0,0,0,70,65,60,76,3,0,753005
fd00::204:4:4:4,19,0,0,214,233,763841,66,0,60,0,0,0,0,71,66,60,67,3,0,763908
fd00::204:4:4:4,19,0,0,214,233,774753,67,0,60,0,0,0,0,72,67,60,69,3,0,774822
fd00::204:4:4:4,19,0,0,214,233,785665,68,0,60,0,0,0,0,73,68,60,84,3,0,785749
fd00::204:4:4:4,19,0,0,214,233,796577,69,0,60,0,0,0,0,74,69,60,105,3,0,796682
fd00::204:4:4:4,19,0,0,214,233,807489,70,0,60,0,0,0,0,75,70,60,44,3,0,807533
fd00::204:4:4:4,19,0,0,214,233,818401,71,0,60,0,0,0,0,76,71,60,40,3,0,818441
fd00::204:4:4:4,19,0,0,214,233,829313,72,0,60,0,0,0,0,77,72,60,122,3,0,829435
fd00::204:4:4:4,19,0,0,214,233,840225,73,0,60,0,0,0,0,79,73,60,197,3,0,840422
fd00::204:4:4:4,19,0,0,214,233,851137,74,0,60,0,0,0,0,80,74,60,142,3,0,851279
fd00::204:4:4:4,19,0,0,214,233,862049,75,0,60,0,0,0,0,81,75,60,74,3,0,862123
fd00::204:4:4:4,19,0,0,214,233,872961,76,0,60,0,0,0,0,82,76,60,43,3,0,873004
fd00::204:4:4:4,19,0,0,214,233,883873,77,0,60,0,0,0,0,83,77,60,58,3,0,883931
fd00::204:4:4:4,19,0,0,214,233,894785,78,0,60,0,0,0,0,84,78,60,95,3,0,894880
fd00::204:4:4:4,19,0,0,214,233,905697,79,0,60,0,0,0,0,85,79,60,57,3,0,905754
fd00::204:4:4:4,19,0,0,214,233,916609,80,0,60,0,0,0,0,86,80,60,73,3,0,916682
fd00::204:4:4:4,19,0,0,214,233,927521,81,0,60,0,0,0,0,87,81,60,60,3,0,927581
fd00::204:4:4:4,19,0,0,214,233,938433,82,0,60,0,0,0,0,88,82,60,105,3,0,938538
fd00::204:4:4:4,19,0,0,214,233,949345,83,0,60,0,0,0,0,89,83,60,72,3,0,949417
fd00::204:4:4:4,19,0,0,214,233,960257,84,0,60,0,0,0,0,91,84,60,65,3,0,960322
fd00::204:4:4:4,19,0,0,214,233,971169,85,0,60,0,0,0,0,92,85,60,128,3,0,971297
fd00::204:4:4:4,19,0,0,214,233,982081,86,0,60,0,0,0,0,93,86,60,84,3,0,982165
fd00::204:4:4:4,19,0,0,214,233,992993,87,0,60,0,0,0,0,94,87,60,36,3,0,993029
fd00::204:4:4:4,19,0,0,214,233,1003905,88,0,60,0,0,0,0,95,88,60,98,3,0,1004003
fd00::204:4:4:4,19,0,0,214,233,1014817,89,0,60,0,0,0,0,96,89,60,60,3,0,1014877
fd00::204:4:4:4,19,0,0,214,233,1025729,90,0,60,0,0,0,0,97,90,60,70,3,0,1025799
fd00::204:4:4:4,19,0,0,214,233,1036641,91,0,60,0,0,0,0,98,91,60,77,3,0,1036718
fd00::204:4:4:4,19,0,0,214,233,1047553,92,0,60,0,0,0,0,99,92,60,125,3,0,1047678
fd00::204:4:4:4,19,0,0,214,233,1058465,93,0,60,0,0,0,0,100,93,60,53,3,0,1058518
fd00::204:4:4:4,19,0,0,214,233,1069377,94,0,60,0,0,0,0,101,94,60,17,3,0,1069394
fd00::204:4:4:4,19,0,0,214,233,1080289,95,0,60,0,0,0,0,103,95,60,116,3,0,1080405
fd00::204:4:4:4,19,0,0,214,233,1091201,96,0,60,0,0,0,0,104,96,60,72,3,0,1091273
fd00::204:4:4:4,19,0,0,214,233,1102113,97,0,60,0,0,0,0,105,97,60,79,3,0,1102192
fd00::204:4:4:4,19,0,0,214,233,1113025,98,0,60,0,0,0,0,106,98,60,70,3,0,1113095
fd00::204:4:4:4,19,0,0,214,233,1123937,99,0,60,0,0,0,0,107,99,60,93,3,0,1124030
fd00::204:4:4:4,19,0,0,214,233,1134849,100,0,60,0,0,0,0,108,100,60,79,3,0,1134928
fd00::204:4:4:4,19,0,0,214,233,1145761,101,0,60,0,0,0,0,109,101,60,75,3,0,1145836
fd00::204:4:4:4,19,0,0,214,233,1156673,102,0,60,0,0,0,0,110,102,60,88,3,0,1156761
fd00::204:4:4:4,19,0,0,214,233,1167585,103,0,60,0,0,0,0,111,103,60,55,3,0,1167640
fd00::204:4:4:4,19,0,0,214,233,1178497,104,0,60,0,0,0,0,112,104,60,42,3,0,1178539
fd00::204:4:4:4,19,0,0,214,233,1189409,105,0,60,0,0,0,0,113,105,60,88,3,0,1189497
fd00::204:4:4:4,19,0,0,214,233,1200321,106,0,60,0,0,0,0,115,106,60,67,3,0,1200388
fd00::204:4:4:4,19,0,0,214,233,1211233,107,0,60,0,0,0,0,116,107,60,75,3,0,1211308
fd00::204:4:4:4,19,0,0,214,233,1222145,108,0,60,0,0,0,0,117,108,60,27,3,0,1222172
fd00::204:4:4:4,19,0,0,214,233,1233057,109,0,60,0,0,0,0,118,109,60,146,3,0,1233203
fd00::204:4:4:4,19,0,0,214,233,1243969,110,0,60,0,0,0,0,119,110,60,110,3,0,1244079
fd00::204:4:4:4,19,0,0,214,233,1254881,111,0,60,0,0,0,0,120,111,60,37,3,0,1254918
fd00::204:4:4:4,19,0,0,214,233,1265793,112,0,60,0,0,0,0,121,112,60,87,3,0,1265880
fd00::204:4:4:4,19,0,0,214,233,1276705,113,0,60,0,0,0,0,122,113,60,43,3,0,1276748
fd00::204:4:4:4,19,0,0,214,233,1287617,114,0,60,0,0,0,0,123,114,60,19,3,0,1287636
fd00::204:4:4:4,19,0,0,214,233,1298529,115,0,60,0,0,0,0,124,115,60,115,3,0,1298644
fd00::204:4:4:4,19,0,0,214,233,1309441,116,0,60,0,0,0,0,125,116,60,45,3,0,1309486
fd00::204:4:4:4,19,0,0,214,233,1320353,117,0,60,0,0,0,0,127,117,60,221,3,0,1320574
fd00::204:4:4:4,19,0,0,214,233,1331265,118,0,60,0,0,0,0,128,118,60,73,3,0,1331338
fd00::204:4:4:4,19,0,0,214,233,1342177,119,0,60,0,0,0,0,129,119,60,53,3,0,1342230
fd00::204:4:4:4,19,0,0,214,233,1353089,120,0,60,0,0,0,0,130,120,60,91,3,0,1353180
fd00::204:4:4:4,19,0,0,214,233,1364001,121,0,60,0,0,0,0,131,121,60,93,3,0,1364094
fd00::204:4:4:4,19,0,0,214,233,1374913,122,0,60,0,0,0,0,132,122,60,90,3,0,1375003
fd00::204:4:4:4,19,0,0,214,233,1385825,123,0,60,0,0,0,0,133,123,60,60,3,0,1385885
fd00::204:4:4:4,19,0,0,214,233,1396737,124,0,60,0,0,0,0,134,124,60,80,3,0,1396817
fd00::204:4:4:4,19,0,0,214,233,1407649,125,0,60,0,0,0,0,135,125,60,131,3,0,1407780
fd00::204:4:4:4,19,0,0,214,233,1418561,126,0,60,0,0,0,0,136,126,60,83,3,0,1418644
fd00::204:4:4:4,19,0,0,214,233,1429473,127,0,60,0,0,0,0,137,127,60,64,3,0,1429537
fd00::204:4:4:4,19,0,0,214,233,1440385,128,0,60,0,0,0,0,139,128,60,74,3,0,1440459
fd00::204:4:4:4,19,0,0,214,233,1451297,129,0,60,0,0,0,0,140,129,60,14,3,0,1451311
fd00::204:4:4:4,19,0,0,214,233,1462209,130,0,60,0,0,0,0,141,130,60,51,3,0,1462260
fd00::204:4:4:4,19,0,0,214,233,1473121,131,0,60,0,0,0,0,142,131,60,86,3,0,1473207
fd00::204:4:4:4,19,0,0,214,233,1484033,132,0,60,0,0,0,0,143,132,60,94,3,0,1484127
fd00::204:4:4:4,19,0,0,214,233,1494945,133,0,60,0,0,0,0,144,133,60,71,3,0,1495016
fd00::204:4:4:4,19,0,0,214,233,1505857,134,0,60,0,0,0,0,145,134,60,88,3,0,1505945
fd00::204:4:4:4,19,0,0,214,233,1516769,135,0,60,0,0,0,0,146,135,60,76,3,0,1516845
fd00::204:4:4:4,19,0,0,214,233,1527681,136,0,60,0,0,0,0,147,136,60,70,3,0,1527751
fd00::204:4:4:4,19,0,0,214,233,1538593,137,0,60,0,0,0,0,148,137,60,79,3,0,1538672
fd00::204:4:4:4,19,0,0,214,233,1549505,138,0,60,0,0,0,0,149,138,60,27,3,0,1549532
fd00::204:4:4:4,19,0,0,214,233,1560417,139,0,60,0,0,0,0,151,139,60,94,3,0,1560511
fd00::204:4:4:4,19,0,0,214,233,1571329,140,0,60,0,0,0,0,152,140,60,88,3,0,1571417
fd00::204:4:4:4,19,0,0,214,233,1582241,141,0,60,0,0,0,0,153,141,60,164,3,0,1582405
fd00::204:4:4:4,19,0,0,214,233,1593153,142,0,60,0,0,0,0,154,142,60,81,3,0,1593234
fd00::204:4:4:4,19,0,0,214,233,1604065,143,0,60,0,0,0,0,155,143,60,71,3,0,1604136
fd00::204:4:4:4,19,0,0,214,233,1614977,144,0,60,0,0,0,0,156,144,60,97,3,0,1615074
fd00::204:4:4:4,19,0,0,214,233,1625889,145,0,60,0,0,0,0,157,145,60,55,3,0,1625944
fd00::204:4:4:4,19,0,0,214,233,1636801,146,0,60,0,0,0,0,158,146,60,67,3,0,1636868
fd00::204:4:4:4,19,0,0,214,233,1647713,147,0,60,0,0,0,0,159,147,60,37,3,0,1647750
fd00::204:4:4:4,19,0,0,214,233,1658625,148,0,60,0,0,0,0,160,148,60,79,3,0,1658704
fd00::204:4:4:4,19,0,0,214,233,1669537,149,0,60,0,0,0,0,161,149,60,115,3,0,1669652
fd00::204:4:4:4,19,0,0,214,233,1680449,150,0,60,0,0,0,0,163,150,60,163,3,0,1680612
fd00::204:4:4:4,19,0,0,214,233,1691361,151,0,60,0,0,0,0,164,151,60,89,3,0,1691450
fd00::204:4:4:4,19,0,0,214,233,1702273,152,0,60,0,0,0,0,165,152,60,97,3,0,1702370
fd00::204:4:4:4,19,0,0,214,233,1713185,153,0,60,0,0,0,0,166,153,60,60,3,0,1713245
fd00::204:4:4:4,19,0,0,214,233,1724097,154,0,60,0,0,0,0,167,154,60,34,3,0,1724131
fd00::204:4:4:4,19,0,0,214,233,1735009,155,0,60,0,0,0,0,168,155,60,90,3,0,1735099
fd00::204:4:4:4,19,0,0,214,233,1745921,156,0,60,0,0,0,0,169,156,60,59,3,0,1745980
fd00::204:4:4:4,19,0,0,214,233,1756833,157,0,60,0,0,0,0,170,157,60,56,3,0,1756889
fd00::204:4:4:4,19,0,0,214,233,1767745,158,0,60,0,0,0,0,171,158,60,105,3,0,1767850
fd00::204:4:4:4,19,0,0,214,233,1778657,159,0,60,0,0,0,0,172,159,60,53,3,0,1778710
fd00::204:4:4:4,19,0,0,214,233,1789569,160,0,60,0,0,0,0,173,160,60,87,3,0,1789656
fd00::204:4:4:4,19,0,0,214,233,1800481,161,0,60,0,0,0,0,175,161,60,45,3,0,1800526
fd00::204:4:4:4,19,0,0,214,233,1811393,162,0,60,0,0,0,0,176,162,60,81,3,0,1811474
fd00::204:4:4:4,19,0,0,214,233,1822305,163,0,60,0,0,0,0,177,163,60,81,3,0,1822386
fd00::204:4:4:4,19,0,0,214,233,1833217,164,0,60,0,0,0,0,178,164,60,101,3,0,1833318
fd00::204:4:4:4,19,0,0,214,233,1844129,165,0,60,0,0,0,0,179,165,60,115,3,0,1844244
fd00::204:4:4:4,19,0,0,214,233,1855041,166,0,60,0,0,0,0,180,166,60,85,3,0,1855126
fd00::204:4:4:4,19,0,0,214,233,1865953,167,0,60,0,0,0,0,181,167,60,106,3,0,1866059
fd00::204:4:4:4,19,0,0,214,233,1876865,168,0,60,0,0,0,0,182,168,60,128,3,0,1876993
fd00::204:4:4:4,19,0,0,214,233,1887777,169,0,60,0,0,0,0,183,169,60,55,3,0,1887832
fd00::204:4:4:4,19,0,0,214,233,1898689,170,0,60,0,0,0,0,184,170,60,104,3,0,1898793
fd00::204:4:4:4,19,0,0,214,233,1909601,171,0,60,0,0,0,0,185,171,60,109,3,0,1909710
fd00::204:4:4:4,19,0,0,214,233,1920513,172,0,60,0,0,0,0,187,172,60,142,3,0,1920655
fd00::204:4:4:4,19,0,0,214,233,1931425,173,0,60,0,0,0,0,188,173,60,102,3,0,1931527
fd00::204:4:4:4,19,0,0,214,233,1942337,174,0,60,0,0,0,0,189,174,60,65,3,0,1942402
fd00::204:4:4:4,19,0,0,214,233,1953249,175,0,60,0,0,0,0,190,175,60,50,3,0,1953299
fd00::204:4:4:4,19,0,0,214,233,1964161,176,0,60,0,0,0,0,191,176,60,97,3,0,1964258
fd00::204:4:4:4,19,0,0,214,233,1975073,177,0,60,0,0,0,0,192,177,60,54,3,0,1975127
fd00::204:4:4:4,19,0,0,214,233,1985985,178,0,60,0,0,0,0,193,178,60,21,3,0,1986006
fd00::204:4:4:4,19,0,0,214,233,1996897,179,0,60,0,0,0,0,194,179,60,87,3,0,1996984
fd00::204:4:4:4,19,0,0,214,233,2007809,180,0,60,0,0,0,0,195,180,60,65,3,0,2007874
fd00::204:4:4:4,19,0,0,214,233,2018721,181,0,60,0,0,0,0,196,181,60,110,3,0,2018831
fd00::204:4:4:4,19,0,0,214,233,2029633,182,0,60,0,0,0,0,197,182,60,78,3,0,2029711
fd00::204:4:4:4,19,0,0,214,233,2040545,183,0,60,0,0,0,0,199,183,60,164,3,0,2040709
fd00::204:4:4:4,19,0,0,214,233,2051457,184,0,60,0,0,0,0,200,184,60,98,3,0,2051555
fd00::204:4:4:4,19,0,0,214,233,2062369,185,0,60,0,0,0,0,201,185,60,71,3,0,2062440
fd00::204:4:4:4,19,0,0,214,233,2073281,186,0,60,0,0,0,0,202,186,60,65,3,0,2073346
fd00::204:4:4:4,19,0,0,214,233,2084193,187,0,60,0,0,0,0,203,187,60,85,3,0,2084278
fd00::204:4:4:4,19,0,0,214,233,2095105,188,0,60,0,0,0,0,204,188,60,57,3,0,2095162
fd00::204:4:4:4,19,0,0,214,233,2106017,189,0,60,0,0,0,0,205,189,60,46,3,0,2106063
fd00::204:4:4:4,19,0,0,214,233,2116929,190,0,60,0,0,0,0,206,190,60,144,3,0,2117073
fd00::204:4:4:4,19,0,0,214,233,2127841,191,0,60,0,0,0,0,207,191,60,73,3,0,2127914
fd00::204:4:4:4,19,0,0,214,233,2138753,192,0,60,0,0,0,0,208,192,60,95,3,0,2138848
fd00::204:4:4:4,19,0,0,214,233,2149665,193,0,60,0,0,0,0,209,193,60,79,3,0,2149744
fd00::204:4:4:4,19,0,0,214,233,2160577,194,0,60,0,0,0,0,211,194,60,113,3,0,2160690
fd00::204:4:4:4,19,0,0,214,233,2171489,195,0,60,0,0,0,0,212,195,60,77,3,0,2171566
fd00::204:4:4:4,19,0,0,214,233,2182401,196,0,60,0,0,0,0,213,196,60,18,3,0,2182419
fd00::204:4:4:4,19,0,0,214,233,2193313,197,0,60,0,0,0,0,214,197,60,101,3,0,2193414
fd00::204:4:4:4,19,0,0,214,233,2204225,198,0,60,0,0,0,0,215,198,60,86,3,0,2204311
fd00::204:4:4:4,19,0,0,214,233,2215137,199,0,60,0,0,0,0,216,199,60,76,3,0,2215213
fd00::204:4:4:4,19,0,0,214,233,2226049,200,0,60,0,0,0,0,217,200,60,43,3,0,2226092
fd00::204:4:4:4,19,0,0,214,233,2236961,201,0,60,0,0,0,0,218,201,60,80,3,0,2237041
fd00::204:4:4:4,19,0,0,214,233,2247873,202,0,60,0,0,0,0,219,202,60,54,3,0,2247927
fd00::204:4:4:4,19,0,0,214,233,2258785,203,0,60,0,0,0,0,220,203,60,93,3,0,2258878
fd00::204:4:4:4,19,0,0,214,233,2269697,204,0,60,0,0,0,0,221,204,60,73,3,0,2269770
fd00::204:4:4:4,19,0,0,214,233,2280609,205,0,60,0,0,0,0,223,205,60,71,3,0,2280680
fd00::204:4:4:4,19,0,0,214,233,2291521,206,0,60,0,0,0,0,224,206,60,106,3,0,2291627
fd00::204:4:4:4,19,0,0,214,233,2302433,207,0,60,0,0,0,0,225,207,60,82,3,0,2302515
fd00::204:4:4:4,19,0,0,214,233,2313345,208,0,60,0,0,0,0,226,208,60,84,3,0,2313429
fd00::204:4:4:4,19,0,0,214,233,2324257,209,0,60,0,0,0,0,227,209,60,66,3,0,2324323
fd00::204:4:4:4,19,0,0,214,233,2335169,210,0,60,0,0,0,0,228,210,60,99,3,0,2335268
fd00::204:4:4:4,19,0,0,214,233,2346081,211,0,60,0,0,0,0,229,211,60,80,3,0,2346161
fd00::204:4:4:4,19,0,0,214,233,2356993,212,0,60,0,0,0,0,230,212,60,86,3,0,2357079
fd00::204:4:4:4,19,0,0,214,233,2367905,213,0,60,0,0,0,0,231,213,60,48,3,0,2367953
fd00::204:4:4:4,19,0,0,214,233,2378817,214,0,60,0,0,0,0,232,214,60,53,3,0,2378870
fd00::204:4:4:4,19,0,0,214,233,2389729,215,0,60,0,0,0,0,233,215,60,144,3,0,2389873
fd00::204:4:4:4,19,0,0,214,233,2400641,216,0,60,0,0,0,0,235,216,60,9,3,0,2400650
fd00::204:4:4:4,19,0,0,214,233,2411553,217,0,60,0,0,0,0,236,217,60,91,3,0,2411644
fd00::204:4:4:4,19,0,0,214,233,2422465,218,0,60,0,0,0,0,237,218,60,39,3,0,2422504
fd00::204:4:4:4,19,0,0,214,233,2433377,219,0,60,0,0,0,0,238,219,60,56,3,0,2433433
fd00::204:4:4:4,19,0,0,214,233,2444289,220,0,60,0,0,0,0,239,220,60,62,3,0,2444351
fd00::204:4:4:4,19,0,0,214,233,2455201,221,0,60,0,0,0,0,240,221,60,75,3,0,2455276
fd00::204:4:4:4,19,0,0,214,233,2466113,222,0,60,0,0,0,0,241,222,60,71,3,0,2466184
fd00::204:4:4:4,19,0,0,214,233,2477025,223,0,60,0,0,0,0,242,223,60,84,3,0,2477109
fd00::204:4:4:4,19,0,0,214,233,2487937,224,0,60,0,0,0,0,243,224,60,6,3,0,2487943
fd00::204:4:4:4,19,0,0,214,233,2498849,225,0,60,0,0,0,0,244,225,60,69,3,0,2498918
fd00::204:4:4:4,19,0,0,214,233,2509761,226,0,60,0,0,0,0,245,226,60,25,3,0,2509786
fd00::204:4:4:4,19,0,0,214,233,2520673,227,0,60,0,0,0,0,247,227,60,122,3,0,2520795
fd00::204:4:4:4,19,0,0,214,233,2531585,228,0,60,0,0,0,0,248,228,60,92,3,0,2531677
fd00::204:4:4:4,19,0,0,214,233,2542497,229,0,60,0,0,0,0,249,229,60,90,3,0,2542587
fd00::204:4:4:4,19,0,0,214,233,2553409,230,0,60,0,0,0,0,250,230,60,73,3,0,2553482
fd00::204:4:4:4,19,0,0,214,233,2564321,231,0,60,0,0,0,0,251,231,60,50,3,0,2564371
fd00::204:4:4:4,19,0,0,214,233,2575233,232,0,60,0,0,0,0,252,232,60,83,3,0,2575316
fd00::204:4:4:4,19,0,0,214,233,2586145,233,0,60,0,0,0,0,253,233,60,65,3,0,2586210
fd00::204:4:4:4,19,0,0,214,233,2597057,234,0,60,0,0,0,0,254,234,60,33,3,0,2597090
fd00::204:4:4:4,19,0,0,214,233,2607969,235,0,60,0,0,0,0,255,235,60,85,3,0,2608054
fd00::204:4:4:4,19,0,0,214,233,2618881,236,0,60,0,0,0,0,256,236,60,57,3,0,2618938
fd00::204:4:4:4,19,0,0,214,233,2629793,237,0,60,0,0,0,0,257,237,60,99,3,0,2629892
fd00::204:4:4:4,19,0,0,214,233,2640705,238,0,60,0,0,0,0,259,238,60,110,3,0,2640815
fd00::204:4:4:4,19,0,0,214,233,2651617,239,0,60,0,0,0,0,260,239,60,101,3,0,2651718
fd00::204:4:4:4,19,0,0,214,233,2662529,240,0,60,0,0,0,0,261,240,60,85,3,0,2662614
fd00::204:4:4:4,19,0,0,214,233,2673441,241,0,60,0,0,0,0,262,241,60,55,3,0,2673496
fd00::204:4:4:4,19,0,0,214,233,2684353,242,0,60,0,0,0,0,263,242,60,85,3,0,2684438
fd00::204:4:4:4,19,0,0,214,233,2695265,243,0,60,0,0,0,0,264,243,60,92,3,0,2695357
fd00::204:4:4:4,19,0,0,214,233,2706177,244,0,60,0,0,0,0,265,244,60,152,3,0,2706329
fd00::204:4:4:4,19,0,0,214,233,2717089,245,0,60,0,0,0,0,266,245,60,19,3,0,2717108
fd00::204:4:4:4,19,0,0,214,233,2728001,246,0,60,0,0,0,0,267,246,60,36,3,0,2728037
fd00::204:4:4:4,19,0,0,214,233,2738913,247,0,60,0,0,0,0,268,247,60,75,3,0,2738988
fd00::204:4:4:4,19,0,0,214,233,2749825,248,0,60,0,0,0,0,269,248,60,141,3,0,2749966
fd00::204:4:4:4,19,0,0,214,233,2760737,249,0,60,0,0,0,0,271,249,60,53,3,0,2760790
fd00::204:4:4:4,19,0,0,214,233,2771649,250,0,60,0,0,0,0,272,250,60,89,3,0,2771738
fd00::204:4:4:4,19,0,0,214,233,2782561,251,0,60,0,0,0,0,273,251,60,65,3,0,2782626
fd00::204:4:4:4,19,0,0,214,233,2793473,252,0,60,0,0,0,0,274,252,60,60,3,0,2793533
fd00::204:4:4:4,19,0,0,214,233,2804385,253,0,60,0,0,0,0,275,253,60,78,3,0,2804463
fd00::204:4:4:4,19,0,0,214,233,2815297,254,0,60,0,0,0,0,276,254,60,81,3,0,2815378
fd00::204:4:4:4,19,0,0,214,233,2826209,255,0,60,0,0,0,0,277,255,60,78,3,0,2826287
fd00::204:4:4:4,19,0,0,214,233,2837121,256,0,60,0,0,0,0,278,256,60,53,3,0,2837174
fd00::204:4:4:4,19,0,0,214,233,2848033,257,0,60,0,0,0,0,279,257,60,41,3,0,2848074
fd00::204:4:4:4,19,0,0,214,233,2858945,258,0,60,0,0,0,0,280,258,60,107,3,0,2859052
fd00::204:4:4:4,19,0,0,214,233,2869857,259,0,60,0,0,0,0,281,259,60,117,3,0,2869974
fd00::204:4:4:4,19,0,0,214,233,2880769,260,0,60,0,0,0,0,283,260,60,75,3,0,2880844
fd00::204:4:4:4,19,0,0,214,233,2891681,261,0,60,0,0,0,0,284,261,60,30,3,0,2891711
fd00::204:4:4:4,19,0,0,214,233,2902593,262,0,60,0,0,0,0,285,262,60,47,3,0,2902640
fd00::204:4:4:4,19,0,0,214,233,2913505,263,0,60,0,0,0,0,286,263,60,11,3,0,2913516
fd00::204:4:4:4,19,0,0,214,233,2924417,264,0,60,0,0,0,0,287,264,60,71,3,0,2924488
fd00::204:4:4:4,19,0,0,214,233,2935329,265,0,60,0,0,0,0,288,265,60,52,3,0,2935381
fd00::204:4:4:4,19,0,0,214,233,2946241,266,0,60,0,0,0,0,289,266,60,17,3,0,2946258
fd00::204:4:4:4,19,0,0,214,233,2957153,267,0,60,0,0,0,0,290,267,60,94,3,0,2957247
fd00::204:4:4:4,19,0,0,214,233,2968065,268,0,60,0,0,0,0,291,268,60,73,3,0,2968138
fd00::204:4:4:4,19,0,0,214,233,2978977,269,0,60,0,0,0,0,292,269,60,49,3,0,2979026
fd00::204:4:4:4,19,0,0,214,233,2989889,270,0,60,0,0,0,0,293,270,60,84,3,0,2989973
fd00::204:4:4:4,19,0,0,214,233,3000801,271,0,60,0,0,0,0,295,271,60,72,3,0,3000873
fd00::204:4:4:4,19,0,0,214,233,3011713,272,0,60,0,0,0,0,296,272,60,51,3,0,3011764
fd00::204:4:4:4,19,0,0,214,233,3022625,273,0,60,0,0,0,0,297,273,60,56,3,0,3022681
fd00::204:4:4:4,19,0,0,214,233,3033537,274,0,60,0,0,0,0,298,274,60,99,3,0,3033636
fd00::204:4:4:4,19,0,0,214,233,3044449,275,0,60,0,0,0,0,299,275,60,36,3,0,3044485
fd00::204:4:4:4,19,0,0,214,233,3055361,276,0,60,0,0,0,0,300,276,60,82,3,0,3055443
fd00::204:4:4:4,19,0,0,214,233,3066273,277,0,60,0,0,0,0,301,277,60,53,3,0,3066326
fd00::204:4:4:4,19,0,0,214,233,3077185,278,0,60,0,0,0,0,302,278,60,71,3,0,3077256
fd00::204:4:4:4,19,0,0,214,233,3088097,279,0,60,0,0,0,0,303,279,60,99,3,0,3088196
fd00::204:4:4:4,19,0,0,214,233,3099009,280,0,60,0,0,0,0,304,280,60,97,3,0,3099106
fd00::204:4:4:4,19,0,0,214,233,3109921,281,0,60,0,0,0,0,306,281,60,101,3,0,3110022
fd00::204:4:4:4,19,0,0,214,233,3120833,282,0,60,0,0,0,0,307,282,60,72,3,0,3120905
fd00::204:4:4:4,19,0,0,214,233,3131745,283,0,60,0,0,0,0,308,283,60,78,3,0,3131823
fd00::204:4:4:4,19,0,0,214,233,3142657,284,0,60,0,0,0,0,309,284,60,67,3,0,3142724
fd00::204:4:4:4,19,0,0,214,233,3153569,285,0,60,0,0,0,0,310,285,60,42,3,0,3153611
fd00::204:4:4:4,19,0,0,214,233,3164481,286,0,60,0,0,0,0,311,286,60,199,3,0,3164680
fd00::204:4:4:4,19,0,0,214,233,3175393,287,0,60,0,0,0,0,312,287,60,75,3,0,3175468
fd00::204:4:4:4,19,0,0,214,233,3186305,288,0,60,0,0,0,0,313,288,60,75,3,0,3186380
fd00::204:4:4:4,19,0,0,214,233,3197217,289,0,60,0,0,0,0,314,289,60,47,3,0,3197264
fd00::204:4:4:4,19,0,0,214,233,3208129,290,0,60,0,0,0,0,315,290,60,70,3,0,3208199
fd00::204:4:4:4,19,0,0,214,233,3219041,291,0,60,0,0,0,0,316,291,60,84,3,0,3219125
fd00::204:4:4:4,19,0,0,214,233,3229953,292,0,60,0,0,0,0,318,292,60,69,3,0,3230022
fd00::204:4:4:4,19,0,0,214,233,3240865,293,0,60,0,0,0,0,319,293,60,66,3,0,3240931
fd00::204:4:4:4,19,0,0,214,233,3251777,294,0,60,0,0,0,0,320,294,60,72,3,0,3251849
fd00::204:4:4:4,19,0,0,214,233,3262689,295,0,60,0,0,0,0,321,295,60,104,3,0,3262793
fd00::204:4:4:4,19,0,0,214,233,3273601,296,0,60,0,0,0,0,322,296,60,54,3,0,3273655
fd00::204:4:4:4,19,0,0,214,233,3284513,297,0,60,0,0,0,0,323,297,60,55,3,0,3284568
fd00::204:4:4:4,19,0,0,214,233,3295425,298,0,60,0,0,0,0,324,298,60,93,3,0,3295518
fd00::204:4:4:4,19,0,0,214,233,3306337,299,0,60,0,0,0,0,325,299,60,90,3,0,3306427
fd00::204:4:4:4,19,0,0,214,233,3317249,300,0,60,0,0,0,0,326,300,60,80,3,0,3317329
fd00::204:4:4:4,19,0,0,214,233,3328161,301,0,60,0,0,0,0,327,301,60,56,3,0,3328217
fd00::204:4:4:4,19,0,0,214,233,3339073,302,0,60,0,0,0,0,328,302,60,58,3,0,3339131
fd00::204:4:4:4,19,0,0,214,233,3349985,303,0,60,0,0,0,0,330,303,60,44,3,0,3350029
fd00::204:4:4:4,19,0,0,214,233,3360897,304,0,60,0,0,0,0,331,304,60,37,3,0,3360934
fd00::204:4:4:4,19,0,0,214,233,3371809,305,0,60,0,0,0,0,332,305,60,71,3,0,3371880
fd00::204:4:4:4,19,0,0,214,233,3382721,306,0,60,0,0,0,0,333,306,60,44,3,0,3382765
fd00::204:4:4:4,19,0,0,214,233,3393633,307,0,60,0,0,0,0,334,307,60,120,3,0,3393753
fd00::204:4:4:4,19,0,0,214,233,3404545,308,0,60,0,0,0,0,335,308,60,78,3,0,3404623
fd00::204:4:4:4,19,0,0,214,233,3415457,309,0,60,0,0,0,0,336,309,60,81,3,0,3415538
fd00::204:4:4:4,19,0,0,214,233,3426369,310,0,60,0,0,0,0,337,310,60,81,3,0,3426450
fd00::204:4:4:4,19,0,0,214,233,3437281,311,0,60,0,0,0,0,338,311,60,76,3,0,3437357
fd00::204:4:4:4,19,0,0,214,233,3448193,312,0,60,0,0,0,0,339,312,60,57,3,0,3448250
fd00::204:4:4:4,19,0,0,214,233,3459105,313,0,60,0,0,0,0,340,313,60,48,3,0,3459153
fd00::204:4:4:4,19,0,0,214,233,3480929,315,0,60,0,0,0,0,343,314,60,94,3,0,3481023
fd00::204:4:4:4,19,0,0,214,233,3491841,316,0,60,0,0,0,0,344,315,60,98,3,0,3491939
fd00::204:4:4:4,19,0,0,214,233,3502753,317,0,60,0,0,0,0,345,316,60,68,3,0,3502821
fd00::204:4:4:4,19,0,0,214,233,3513665,318,0,60,0,0,0,0,346,317,60,92,3,0,3513757
fd00::204:4:4:4,19,0,0,214,233,3524577,319,0,60,0,0,0,0,347,318,60,39,3,0,3524616
fd00::204:4:4:4,19,0,0,214,233,3535489,320,0,60,0,0,0,0,348,319,60,72,3,0,3535561
fd00::204:4:4:4,19,0,0,214,233,3546401,321,0,60,0,0,0,0,349,320,60,102,3,0,3546503
fd00::204:4:4:4,19,0,0,214,233,3557313,322,0,60,0,0,0,0,350,321,60,68,3,0,3557381
fd00::204:4:4:4,19,0,0,214,233,3568225,323,0,60,0,0,0,0,351,322,60,54,3,0,3568279
fd00::204:4:4:4,19,0,0,214,233,3579137,324,0,60,0,0,0,0,352,323,60,37,3,0,3579174
fd00::204:4:4:4,19,0,0,214,233,3590049,325,0,60,0,0,0,0,354,324,60,124,3,0,3590173
fd00::205:5:5:5,92,0,0,1013,1105,51491,1,0,60,0,0,0,0,0,1,60,415,2,0,51906
fd00::205:5:5:5,18,0,0,202,220,61789,2,1,60,12,51,100,-56,1,3,60,552,2,246,62341
fd00::205:5:5:5,18,0,0,202,220,72087,3,2,60,12,18446744073709551485,100,-56,2,5,60,445,2,205,72532
fd00::205:5:5:5,18,0,0,202,220,82385,4,3,60,12,18446744073709551535,100,-56,3,7,60,421,2,228,82806
fd00::205:5:5:5,18,0,0,202,220,92683,5,4,60,12,18446744073709551456,100,-56,4,9,60,405,2,205,93088
fd00::205:5:5:5,18,0,0,202,220,102981,6,5,60,12,18446744073709551546,100,-56,5,11,60,412,2,193,103393
fd00::205:5:5:5,18,0,0,202,220,113279,7,6,60,12,213,100,-56,6,13,60,436,2,299,113715
fd00::205:5:5:5,18,0,0,202,220,123577,8,7,60,12,18446744073709551408,100,-56,7,15,60,425,2,207,124002
fd00::205:5:5:5,18,0,0,202,220,133875,9,7,60,12,18446744073709551408,100,-56,8,16,60,397,2,207,134272
fd00::205:5:5:5,18,0,0,202,220,144173,10,8,60,12,189,100,-56,9,18,60,433,2,319,144606
fd00::205:5:5:5,18,0,0,202,220,154471,11,9,60,12,209,100,-56,10,20,60,418,2,421,154889
fd00::205:5:5:5,18,0,0,202,220,164769,12,10,60,12,18446744073709551484,100,-56,11,22,60,384,2,258,165153
fd00::205:5:5:5,18,0,0,202,220,175067,13,11,60,12,212,100,-56,12,24,60,393,2,327,175460
fd00::205:5:5:5,18,0,0,202,220,185365,14,12,60,12,18446744073709551506,100,-56,13,26,60,401,2,382,185766
fd00::205:5:5:5,18,0,0,202,220,195663,15,13,60,12,18446744073709551546,100,-56,14,28,60,440,2,187,196103
fd00::205:5:5:5,18,0,0,202,220,205961,16,14,60,12,157,100,-56,15,30,60,395,2,311,206356
fd00::205:5:5:5,18,0,0,202,220,216259,17,15,60,12,18446744073709551491,100,-56,16,32,60,397,2,202,216656
fd00::205:5:5:5,18,0,0,202,220,226557,18,16,60,12,18446744073709551505,100,-56,17,34,60,379,2,222,226936
fd00::205:5:5:5,18,0,0,202,220,236855,19,17,60,12,18446744073709551500,100,-56,18,36,60,414,2,165,237269
fd00::205:5:5:5,18,0,0,202,220,247153,20,18,60,12,18446744073709551608,100,-56,19,38,60,417,2,349,247570
fd00::205:5:5:5,18,0,0,201,219,257451,21,19,60,12,18446744073709551573,100,-56,20,40,60,389,2,289,257840
fd00::205:5:5:5,18,0,0,202,220,267749,22,20,60,12,18446744073709551512,100,-56,21,42,60,391,2,249,268140
fd00::205:5:5:5,18,0,0,202,220,278047,23,21,60,12,255,100,-56,22,44,60,394,2,336,278441
fd00::205:5:5:5,18,0,0,202,220,288345,24,22,60,12,27,100,-56,23,46,60,451,2,293,288796
fd00::205:5:5:5,18,0,0,202,220,298643,25,22,60,12,27,100,-56,24,47,60,406,2,293,299049
fd00::205:5:5:5,18,0,0,202,220,308941,26,22,60,12,27,100,-56,25,48,60,422,2,293,309363
fd00::205:5:5:5,18,0,0,202,220,319239,27,22,60,12,27,100,-56,26,49,60,401,2,293,319640
fd00::205:5:5:5,18,0,0,202,220,329537,28,23,60,12,18446744073709551538,100,-56,27,51,60,398,2,200,329935
fd00::205:5:5:5,18,0,0,202,220,339835,29,24,60,12,254,100,-56,29,53,60,741,2,356,340576
fd00::205:5:5:5,18,0,0,201,219,350133,30,26,60,12,18446744073709551470,100,-56,30,56,60,485,2,195,350618
fd00::205:5:5:5,18,0,0,202,220,360431,31,27,60,12,18446744073709551475,100,-56,31,58,60,520,2,212,360951
fd00::205:5:5:5,18,0,0,202,220,370729,32,28,60,12,60,100,-56,32,60,60,465,2,248,371194
fd00::205:5:5:5,18,0,0,202,220,381027,33,28,60,12,60,100,-56,33,61,60,433,2,248,381460
fd00::205:5:5:5,18,0,0,202,220,391325,34,29,60,12,48,100,-56,34,63,60,422,2,271,391747
fd00::205:5:5:5,18,0,0,202,220,401623,35,30,60,12,18446744073709551513,100,-56,35,65,60,426,2,306,402049
fd00::205:5:5:5,18,0,0,202,220,411921,36,31,60,12,18446744073709551482,100,-56,36,67,60,435,2,169,412356
fd00::205:5:5:5,18,0,0,202,220,422219,37,32,60,12,18446744073709551489,100,-56,37,69,60,439,2,284,422658
fd00::205:5:5:5,18,0,0,202,220,432517,38,33,60,12,38,100,-56,38,71,60,453,2,275,432970
fd00::205:5:5:5,18,0,0,202,220,442815,39,33,60,12,38,100,-56,39,72,60,363,2,275,443178
fd00::205:5:5:5,18,0,0,202,220,453113,40,33,60,12,38,100,-56,40,73,60,430,2,275,453543
fd00::205:5:5:5,18,0,0,202,220,463411,41,34,60,12,18446744073709551596,100,-56,41,75,60,441,2,204,463852
fd00::205:5:5:5,18,0,0,202,220,473709,42,35,60,12,18446744073709551572,100,-56,42,77,60,402,2,268,474111
fd00::205:5:5:5,18,0,0,202,220,484007,43,35,60,12,18446744073709551572,100,-56,43,78,60,412,2,268,484419
fd00::205:5:5:5,18,0,0,202,220,494305,44,36,60,12,18446744073709551592,100,-56,44,80,60,415,2,350,494720
fd00::205:5:5:5,18,0,0,202,220,504603,45,37,60,12,18446744073709551544,100,-56,45,82,60,434,2,187,505037
fd00::205:5:5:5,18,0,0,202,220,514901,46,38,60,12,90,100,-56,46,84,60,445,2,296,515346
fd00::205:5:5:5,18,0,0,202,220,525199,47,39,60,12,18446744073709551490,100,-56,47,86,60,439,2,152,525638
fd00::205:5:5:5,18,0,0,202,220,535497,48,40,60,12,18446744073709551575,100,-56,48,88,60,392,2,179,535889
fd00::205:5:5:5,18,0,0,202,220,545795,49,40,60,12,18446744073709551575,100,-56,49,89,60,404,2,179,546199
fd00::205:5:5:5,18,0,0,202,220,556093,50,41,60,12,267,100,-56,50,91,60,388,2,350,556481
fd00::205:5:5:5,18,0,0,202,220,566391,51,42,60,12,43,100,-56,51,93,60,400,2,296,566791
fd00::205:5:5:5,18,0,0,202,220,576689,52,43,60,12,432,100,-56,52,95,60,411,2,439,577100
fd00::205:5:5:5,18,0,0,202,220,586987,53,44,60,12,18446744073709551446,100,-56,53,97,60,419,2,139,587406
fd00::205:5:5:5,18,0,0,202,220,597285,54,45,60,12,18446744073709551523,100,-56,54,99,60,415,2,184,597700
fd00::205:5:5:5,18,0,0,202,220,607583,55,46,60,12,58,100,-56,55,101,60,399,2,335,607982
fd00::205:5:5:5,18,0,0,202,220,617881,56,47,60,12,43,100,-56,56,103,60,409,2,265,618290
fd00::205:5:5:5,18,0,0,202,220,628179,57,48,60,12,18446744073709551449,100,-56,57,105,60,400,2,125,628579
fd00::205:5:5:5,18,0,0,202,220,638477,58,49,60,12,116,100,-56,58,107,60,432,2,268,638909
fd00::205:5:5:5,18,0,0,202,220,648775,59,50,60,12,18446744073709551512,100,-56,59,109,60,380,2,322,649155
fd00::205:5:5:5,18,0,0,202,220,659073,60,51,60,12,18446744073709551571,100,-56,60,111,60,367,2,202,659440
fd00::205:5:5:5,18,0,0,202,220,669371,61,52,60,12,18446744073709551468,100,-56,61,113,60,401,2,393,669772
fd00::205:5:5:5,18,0,0,202,220,679669,62,53,60,12,18446744073709551515,100,-56,63,115,60,568,2,266,680237
fd00::205:5:5:5,18,0,0,202,220,689967,63,55,60,12,18446744073709551495,100,-56,64,118,60,486,2,182,690453
fd00::205:5:5:5,18,0,0,201,219,700265,64,56,60,12,18446744073709551609,100,-56,65,120,60,429,2,256,700694
fd00::205:5:5:5,18,0,0,202,220,710563,65,57,60,12,18446744073709551563,100,-56,66,122,60,436,2,190,710999
fd00::205:5:5:5,18,0,0,202,220,720861,66,58,60,12,18446744073709551418,100,-56,67,124,60,424,2,186,721285
fd00::205:5:5:5,18,0,0,202,220,731159,67,59,60,12,144,100,-56,68,126,60,398,2,430,731557
fd00::205:5:5:5,18,0,0,201,219,741457,68,60,60,12,18446744073709551599,100,-56,69,128,60,408,2,284,741865
fd00::205:5:5:5,18,0,0,202,220,751755,69,61,60,12,105,100,-56,70,130,60,438,2,323,752193
fd00::205:5:5:5,18,0,0,202,220,762053,70,62,60,12,18446744073709551436,100,-56,71,132,60,374,2,124,762427
fd00::205:5:5:5,18,0,0,202,220,772351,71,63,60,12,18446744073709551479,100,-56,72,134,60,437,2,182,772788
fd00::205:5:5:5,18,0,0,202,220,782649,72,64,60,12,18446744073709551428,100,-56,73,136,60,427,2,215,783076
fd00::205:5:5:5,18,0,0,202,220,792947,73,65,60,12,18446744073709551411,100,-56,74,138,60,406,2,200,793353
fd00::205:5:5:5,18,0,0,202,220,803245,74,66,60,12,18446744073709551434,100,-56,75,140,60,391,2,143,803636
fd00::205:5:5:5,18,0,0,202,220,813543,75,67,60,12,18446744073709551421,100,-56,76,142,60,406,2,190,813949
fd00::205:5:5:5,18,0,0,202,220,823841,76,68,60,12,18446744073709551558,100,-56,77,144,60,437,2,235,824278
fd00::205:5:5:5,18,0,0,202,220,834139,77,69,60,12,18446744073709551472,100,-56,78,146,60,497,2,141,834636
fd00::205:5:5:5,18,0,0,202,220,844437,78,70,60,12,18446744073709551455,100,-56,79,148,60,383,2,187,844820
fd00::205:5:5:5,18,0,0,202,220,854735,79,71,60,12,18446744073709551449,100,-56,80,150,60,411,2,129,855146
fd00::205:5:5:5,18,0,0,202,220,865033,80,72,60,12,18446744073709551494,100,-56,81,152,60,395,2,136,865428
fd00::205:5:5:5,18,0,0,202,220,875331,81,73,60,12,18446744073709551411,100,-56,82,154,60,413,2,111,875744
fd00::205:5:5:5,18,0,0,202,220,885629,82,74,60,12,112,100,-56,83,156,60,385,2,293,886014
fd00::205:5:5:5,18,0,0,202,220,895927,83,75,60,12,18446744073709551510,100,-56,84,158,60,415,2,292,896342
fd00::205:5:5:5,18,0,0,202,220,906225,84,76,60,12,18446744073709551442,100,-56,85,160,60,442,2,134,906667
fd00::205:5:5:5,18,0,0,202,220,916523,85,77,60,12,18446744073709551473,100,-56,86,162,60,393,2,251,916916
fd00::205:5:5:5,18,0,0,202,220,926821,86,78,60,12,173,100,-56,87,164,60,398,2,327,927219
fd00::205:5:5:5,18,0,0,202,220,937119,87,79,60,12,24,100,-56,88,166,60,416,2,212,937535
fd00::205:5:5:5,18,0,0,202,220,947417,88,80,60,12,18446744073709551451,100,-56,89,168,60,460,2,152,947877
fd00::205:5:5:5,18,0,0,202,220,957715,89,81,60,12,68,100,-56,90,170,60,412,2,378,958127
fd00::205:5:5:5,18,0,0,202,220,968013,90,82,60,12,18446744073709551467,100,-56,91,172,60,433,2,182,968446
fd00::205:5:5:5,18,0,0,202,220,978311,91,83,60,12,18446744073709551457,100,-56,92,174,60,411,2,145,978722
fd00::205:5:5:5,18,0,0,202,220,988609,92,84,60,12,18446744073709551522,100,-56,93,176,60,388,2,202,988997
fd00::205:5:5:5,18,0,0,201,219,998907,93,85,60,12,18446744073709551525,100,-56,94,178,60,380,2,190,999287
fd00::205:5:5:5,18,0,0,202,220,1009205,94,86,60,12,18446744073709551603,100,-56,95,180,60,420,2,233,1009625
fd00::205:5:5:5,18,0,0,202,220,1019503,95,87,60,12,18446744073709551519,100,-56,96,182,60,424,2,183,1019927
fd00::205:5:5:5,18,0,0,201,219,1029801,96,88,60,12,2,100,-56,98,184,60,904,2,198,1030705
fd00::205:5:5:5,18,0,1,201,220,1040099,97,90,60,12,18446744073709551484,100,-56,99,187,60,569,2,174,1040668
fd00::205:5:5:5,18,0,0,202,220,1050397,98,91,60,12,51,100,-56,100,189,60,415,2,255,1050812
fd00::205:5:5:5,18,0,0,202,220,1060695,99,92,60,12,18446744073709551377,100,-56,101,191,60,406,2,203,1061101
fd00::205:5:5:5,18,0,0,202,220,1070993,100,93,60,12,18446744073709551487,100,-56,102,193,60,413,2,182,1071406
fd00::205:5:5:5,18,0,0,202,220,1081291,101,94,60,12,18446744073709551572,100,-56,103,195,60,438,2,317,1081729
fd00::205:5:5:5,18,0,0,202,220,1091589,102,95,60,12,18446744073709551459,100,-56,104,197,60,408,2,132,1091997
fd00::205:5:5:5,18,0,0,202,220,1101887,103,96,60,12,18446744073709551400,100,-56,105,199,60,409,2,233,1102296
fd00::205:5:5:5,18,0,0,201,219,1112185,104,97,60,12,18446744073709551511,100,-56,106,201,60,423,2,237,1112608
fd00::205:5:5:5,18,0,0,202,220,1122483,105,98,60,12,18446744073709551514,100,-56,107,203,60,442,2,231,1122925
fd00::205:5:5:5,18,0,0,201,219,1132781,106,99,60,12,18446744073709551513,100,-56,108,204,60,440,2,231,1133221
fd00::205:5:5:5,18,0,0,202,220,1143079,107,100,60,12,18446744073709551437,100,-56,109,206,60,436,2,123,1143515
fd00::205:5:5:5,18,0,0,202,220,1153377,108,101,60,12,18446744073709551431,100,-56,110,208,60,431,2,127,1153808
fd00::205:5:5:5,18,0,0,202,220,1163675,109,102,60,12,18446744073709551533,100,-56,111,210,60,416,2,230,1164091
fd00::205:5:5:5,18,0,0,202,220,1173973,110,103,60,12,18446744073709551472,100,-56,112,212,60,416,2,155,1174389
fd00::205:5:5:5,18,0,0,202,220,1184271,111,104,60,12,18446744073709551440,100,-56,113,214,60,418,2,233,1184689
fd00::205:5:5:5,18,0,0,202,220,1194569,112,105,60,12,18446744073709551527,100,-56,114,216,60,465,2,203,1195034
fd00::205:5:5:5,18,0,0,202,220,1204867,113,106,60,12,18446744073709551531,100,-56,115,218,60,413,2,168,1205280
fd00::205:5:5:5,18,0,0,202,220,1215165,114,107,60,12,18446744073709551516,100,-56,116,220,60,400,2,217,1215565
fd00::205:5:5:5,18,0,0,202,220,1225463,115,108,60,12,18446744073709551434,100,-56,117,222,60,401,2,122,1225864
fd00::205:5:5:5,18,0,0,202,220,1235761,116,109,60,12,18446744073709551603,100,-56,118,224,60,390,2,327,1236151
fd00::205:5:5:5,18,0,0,202,220,1246059,117,110,60,12,18446744073709551418,100,-56,119,226,60,436,2,166,1246495
fd00::205:5:5:5,18,0,0,202,220,1256357,118,111,60,12,18446744073709551603,100,-56,120,228,60,394,2,201,1256751
fd00::205:5:5:5,18,0,0,202,220,1266655,119,112,60,12,18446744073709551457,100,-56,121,230,60,402,2,199,1267057
fd00::205:5:5:5,18,0,0,202,220,1276953,120,113,60,12,18446744073709551440,100,-56,122,232,60,379,2,150,1277332
fd00::205:5:5:5,18,0,0,202,220,1287251,121,114,60,12,18446744073709551552,100,-56,123,234,60,434,2,214,1287685
fd00::205:5:5:5,18,0,0,202,220,1297549,122,115,60,12,185,100,-56,124,236,60,423,2,322,1297972
fd00::205:5:5:5,18,0,0,202,220,1307847,123,116,60,12,18446744073709551529,100,-56,125,238,60,436,2,213,1308283
fd00::205:5:5:5,18,0,0,202,220,1318145,124,117,60,12,18446744073709551464,100,-56,126,240,60,393,2,217,1318538
fd00::205:5:5:5,18,0,0,202,220,1328443,125,118,60,12,18446744073709551412,100,-56,127,242,60,431,2,153,1328874
fd00::205:5:5:5,18,0,0,202,220,1338741,126,119,60,12,18446744073709551478,100,-56,128,244,60,404,2,265,1339145
fd00::205:5:5:5,18,0,0,202,220,1349039,127,120,60,12,12,100,-56,129,246,60,404,2,255,1349443
fd00::205:5:5:5,18,0,0,202,220,1359337,128,121,60,12,25,100,-56,130,248,60,403,2,312,1359740
fd00::205:5:5:5,18,0,0,202,220,1369635,129,122,60,12,18446744073709551388,100,-56,132,250,60,429,2,89,1370064
fd00::205:5:5:5,18,0,0,202,220,1379933,130,124,60,12,18446744073709551520,100,-56,133,253,60,595,2,135,1380528
fd00::205:5:5:5,18,0,0,201,219,1390231,131,125,60,12,219,100,-56,134,255,60,683,2,305,1390914
fd00::205:5:5:5,18,0,0,202,220,1400529,132,126,60,12,18446744073709551492,100,-56,135,257,60,441,2,328,1400970
fd00::205:5:5:5,18,0,0,202,220,1410827,133,127,60,12,18446744073709551511,100,-56,136,259,60,403,2,161,1411230
fd00::205:5:5:5,18,0,0,202,220,1421125,134,128,60,12,77,100,-56,137,261,60,422,2,229,1421547
fd00::205:5:5:5,18,0,0,202,220,1431423,135,129,60,12,18446744073709551395,100,-56,138,263,60,441,2,177,1431864
fd00::205:5:5:5,18,0,0,202,220,1441721,136,130,60,12,18446744073709551462,100,-56,139,265,60,377,2,177,1442098
fd00::205:5:5:5,18,0,0,202,220,1452019,137,131,60,12,274,100,-56,140,267,60,416,2,347,1452435
fd00::205:5:5:5,18,0,0,202,220,1462317,138,132,60,12,18446744073709551439,100,-56,141,269,60,457,2,157,1462774
fd00::205:5:5:5,18,0,0,202,220,1472615,139,133,60,12,18446744073709551507,100,-56,142,271,60,438,2,177,1473053
fd00::205:5:5:5,18,0,0,202,220,1482913,140,134,60,12,18446744073709551404,100,-56,143,273,60,438,2,193,1483351
fd00::205:5:5:5,18,0,0,202,220,1493211,141,135,60,12,18446744073709551430,100,-56,144,275,60,418,2,141,1493629
fd00::205:5:5:5,18,0,0,202,220,1503509,142,136,60,12,118,100,-56,145,277,60,381,2,287,1503890
fd00::205:5:5:5,18,0,0,202,220,1513807,143,137,60,12,18446744073709551511,100,-56,146,279,60,370,2,135,1514177
fd00::205:5:5:5,18,0,0,202,220,1524105,144,138,60,12,18446744073709551418,100,-56,147,281,60,416,2,97,1524521
fd00::205:5:5:5,18,0,0,202,220,1534403,145,139,60,12,18446744073709551481,100,-56,148,283,60,405,2,277,1534808
fd00::205:5:5:5,18,0,0,202,220,1544701,146,140,60,12,18446744073709551537,100,-56,149,285,60,472,2,175,1545173
fd00::205:5:5:5,18,0,0,202,220,1554999,147,141,60,12,18446744073709551554,100,-56,150,287,60,435,2,276,1555434
fd00::205:5:5:5,18,0,0,202,220,1565297,148,142,60,12,18446744073709551461,100,-56,151,289,60,438,2,203,1565735
fd00::205:5:5:5,18,0,0,202,220,1575595,149,143,60,12,18446744073709551460,100,-56,152,291,60,422,2,215,1576017
fd00::205:5:5:5,18,0,0,202,220,1585893,150,144,60,12,18446744073709551406,100,-56,153,293,60,430,2,137,1586323
fd00::205:5:5:5,18,0,0,202,220,1596191,151,145,60,12,18446744073709551590,100,-56,154,295,60,397,2,206,1596588
fd00::205:5:5:5,18,0,0,202,220,1606489,152,146,60,12,18446744073709551558,100,-56,155,297,60,394,2,172,1606883
fd00::205:5:5:5,18,0,0,202,220,1616787,153,147,60,12,18446744073709551556,100,-56,156,299,60,404,2,206,1617191
fd00::205:5:5:5,18,0,0,202,220,1627085,154,148,60,12,18446744073709551421,100,-56,157,301,60,404,2,132,1627489
fd00::205:5:5:5,18,0,0,202,220,1637383,155,149,60,12,18446744073709551481,100,-56,158,303,60,391,2,167,1637774
fd00::205:5:5:5,18,0,0,202,220,1647681,156,150,60,12,18446744073709551430,100,-56,159,305,60,408,2,267,1648089
fd00::205:5:5:5,18,0,0,202,220,1657979,157,151,60,12,18446744073709551485,100,-56,160,307,60,417,2,292,1658396
fd00::205:5:5:5,18,0,0,202,220,1668277,158,152,60,12,18446744073709551397,100,-56,161,309,60,402,2,173,1668679
fd00::205:5:5:5,18,0,0,202,220,1678575,159,153,60,12,18446744073709551419,100,-56,162,311,60,386,2,136,1678961
fd00::205:5:5:5,18,0,0,202,220,1688873,160,154,60,12,18446744073709551505,100,-56,163,313,60,386,2,251,1689259
fd00::205:5:5:5,18,0,0,202,220,1699171,161,155,60,12,18446744073709551440,100,-56,164,315,60,411,2,330,1699582
fd00::205:5:5:5,18,0,0,202,220,1709469,162,156,60,12,18446744073709551453,100,-56,165,317,60,455,2,129,1709924
fd00::205:5:5:5,18,0,0,202,220,1719767,163,157,60,12,18446744073709551516,100,-56,167,319,60,656,2,241,1720423
fd00::205:5:5:5,18,0,1,201,220,1730065,164,159,60,12,18446744073709551437,100,-56,168,322,60,498,2,161,1730563
fd00::205:5:5:5,18,0,0,202,220,1740363,165,160,60,12,43,100,-56,169,324,60,515,2,248,1740878
fd00::205:5:5:5,18,0,0,202,220,1750661,166,161,60,12,18446744073709551451,100,-56,170,326,60,421,2,244,1751082
fd00::205:5:5:5,18,0,0,202,220,1760959,167,162,60,12,0,100,-56,171,328,60,399,2,299,1761358
fd00::205:5:5:5,18,0,0,202,220,1771257,168,163,60,12,18446744073709551472,100,-56,172,330,60,414,2,125,1771671
fd00::205:5:5:5,18,0,0,201,219,1781555,169,164,60,12,18446744073709551494,100,-56,173,332,60,452,2,217,1782007
fd00::205:5:5:5,18,0,0,202,220,1791853,170,165,60,12,18446744073709551386,100,-56,174,334,60,390,2,120,1792243
fd00::205:5:5:5,18,0,0,201,219,1802151,171,166,60,12,18446744073709551549,100,-56,175,336,60,459,2,193,1802610
fd00::205:5:5:5,18,0,0,202,220,1812449,172,167,60,12,18446744073709551461,100,-56,176,338,60,404,2,181,1812853
fd00::205:5:5:5,18,0,0,202,220,1822747,173,168,60,12,25,100,-56,177,340,60,440,2,232,1823187
fd00::205:5:5:5,18,0,0,202,220,1833045,174,169,60,12,18446744073709551390,100,-56,178,342,60,433,2,123,1833478
fd00::205:5:5:5,18,0,0,202,220,1843343,175,170,60,12,0,100,-56,179,344,60,424,2,302,1843767
fd00::205:5:5:5,18,0,0,202,220,1853641,176,171,60,12,90,100,-56,180,346,60,373,2,251,1854014
fd00::205:5:5:5,18,0,0,202,220,1863939,177,172,60,12,18446744073709551486,100,-56,181,348,60,415,2,253,1864354
fd00::205:5:5:5,18,0,0,202,220,1874237,178,173,60,12,140,100,-56,182,350,60,419,2,295,1874656
fd00::205:5:5:5,18,0,0,202,220,1884535,179,174,60,12,18446744073709551465,100,-56,183,352,60,421,2,123,1884956
fd00::205:5:5:5,18,0,0,202,220,1894833,180,175,60,12,18446744073709551471,100,-56,184,354,60,400,2,130,1895233
fd00::205:5:5:5,18,0,0,202,220,1905131,181,176,60,12,18446744073709551451,100,-56,185,356,60,396,2,129,1905527
fd00::205:5:5:5,18,0,0,202,220,1915429,182,177,60,12,18446744073709551416,100,-56,186,358,60,407,2,201,1915836
fd00::205:5:5:5,18,0,0,202,220,1925727,183,178,60,12,18446744073709551432,100,-56,187,360,60,412,2,169,1926139
fd00::205:5:5:5,18,0,0,202,220,1936025,184,179,60,12,231,100,-56,188,362,60,402,2,350,1936427
fd00::205:5:5:5,18,0,0,201,219,1946323,185,180,60,12,18446744073709551459,100,-56,189,364,60,374,2,367,1946697
fd00::205:5:5:5,18,0,0,202,220,1956621,186,181,60,12,64,100,-56,190,366,60,436,2,285,1957057
fd00::205:5:5:5,18,0,0,202,220,1966919,187,182,60,12,18446744073709551481,100,-56,191,368,60,382,2,170,1967301
fd00::205:5:5:5,18,0,0,202,220,1977217,188,183,60,12,18446744073709551433,100,-56,192,370,60,438,2,136,1977655
fd00::205:5:5:5,18,0,0,202,220,1987515,189,184,60,12,18446744073709551356,100,-56,193,372,60,406,2,138,1987921
fd00::205:5:5:5,18,0,0,202,220,1997813,190,185,60,12,18446744073709551435,100,-56,194,374,60,392,2,216,1998205
fd00::205:5:5:5,18,0,0,202,220,2008111,191,186,60,12,18446744073709551392,100,-56,195,376,60,417,2,114,2008528
fd00::205:5:5:5,18,0,0,202,220,2018409,192,187,60,12,18446744073709551468,100,-56,196,378,60,458,2,219,2018867
fd00::205:5:5:5,18,0,0,201,219,2028707,193,188,60,12,18446744073709551482,100,-56,197,380,60,430,2,230,2029137
fd00::205:5:5:5,18,0,0,202,220,2039005,194,189,60,12,18446744073709551548,100,-56,198,382,60,401,2,163,2039406
fd00::205:5:5:5,18,0,0,202,220,2049303,195,190,60,12,18446744073709551436,100,-56,199,384,60,417,2,138,2049720
fd00::205:5:5:5,18,0,0,202,220,2059601,196,191,60,12,18446744073709551443,100,-56,201,386,60,550,2,282,2060151
fd00::205:5:5:5,18,0,0,202,220,2069899,197,192,60,12,18446744073709551466,100,-56,202,388,60,434,2,118,2070333
fd00::205:5:5:5,18,0,0,201,219,2080197,198,194,60,12,18446744073709551464,100,-56,203,391,60,423,2,111,2080620
fd00::205:5:5:5,18,0,0,202,220,2090495,199,195,60,12,102,100,-56,204,393,60,419,2,386,2090914
fd00::205:5:5:5,18,0,0,202,220,2100793,200,196,60,12,18446744073709551465,100,-56,205,395,60,421,2,143,2101214
fd00::205:5:5:5,18,0,0,202,220,2111091,201,197,60,12,24,100,-56,206,397,60,427,2,212,2111518
fd00::205:5:5:5,18,0,0,202,220,2121389,202,198,60,12,18446744073709551529,100,-56,207,399,60,395,2,182,2121784
fd00::205:5:5:5,18,0,0,202,220,2131687,203,199,60,12,18446744073709551491,100,-56,208,401,60,420,2,169,2132107
fd00::205:5:5:5,18,0,0,202,220,2141985,204,200,60,12,18446744073709551461,100,-56,209,403,60,424,2,170,2142409
fd00::205:5:5:5,18,0,0,202,220,2152283,205,201,60,12,18446744073709551401,100,-56,210,405,60,437,2,279,2152720
fd00::205:5:5:5,18,0,0,202,220,2162581,206,202,60,12,18446744073709551505,100,-56,211,407,60,428,2,144,2163009
fd00::205:5:5:5,18,0,0,202,220,2172879,207,203,60,12,18446744073709551566,100,-56,212,409,60,402,2,215,2173281
fd00::205:5:5:5,18,0,0,202,220,2183177,208,204,60,12,72,100,-56,213,411,60,419,2,279,2183596
fd00::205:5:5:5,18,0,0,202,220,2193475,209,205,60,12,18446744073709551496,100,-56,214,413,60,372,2,236,2193847
fd00::205:5:5:5,18,0,0,202,220,2203773,210,206,60,12,18446744073709551469,100,-56,215,415,60,416,2,150,2204189
fd00::205:5:5:5,18,0,0,202,220,2214071,211,207,60,12,115,100,-56,216,417,60,446,2,267,2214517
fd00::205:5:5:5,18,0,0,202,220,2224369,212,208,60,12,18446744073709551482,100,-56,217,419,60,389,2,162,2224758
fd00::205:5:5:5,18,0,0,202,220,2234667,213,209,60,12,18446744073709551479,100,-56,218,421,60,400,2,162,2235067
fd00::205:5:5:5,18,0,0,202,220,2244965,214,210,60,12,18446744073709551456,100,-56,219,423,60,420,2,147,2245385
fd00::205:5:5:5,18,0,0,202,220,2255263,215,211,60,12,46,100,-56,220,425,60,414,2,242,2255677
fd00::205:5:5:5,18,0,0,202,220,2265561,216,212,60,12,18446744073709551593,100,-56,221,427,60,438,2,193,2265999
fd00::205:5:5:5,18,0,0,202,220,2275859,217,213,60,12,18446744073709551488,100,-56,222,429,60,441,2,252,2276300
fd00::205:5:5:5,18,0,0,202,220,2286157,218,214,60,12,18446744073709551602,100,-56,223,431,60,384,2,190,2286541
fd00::205:5:5:5,18,0,0,202,220,2296455,219,215,60,12,18446744073709551534,100,-56,224,433,60,434,2,247,2296889
fd00::205:5:5:5,18,0,0,202,220,2306753,220,216,60,12,18446744073709551432,100,-56,225,435,60,366,2,174,2307119
fd00::205:5:5:5,18,0,0,202,220,2317051,221,217,60,12,18446744073709551455,100,-56,226,437,60,414,2,243,2317465
fd00::205:5:5:5,18,0,0,202,220,2327349,222,218,60,12,18446744073709551407,100,-56,227,439,60,419,2,153,2327768
fd00::205:5:5:5,18,0,0,202,220,2337647,223,219,60,12,73,100,-56,228,441,60,415,2,262,2338062
fd00::205:5:5:5,18,0,0,202,220,2347945,224,220,60,12,18446744073709551546,100,-56,229,443,60,426,2,256,2348371
fd00::205:5:5:5,18,0,0,202,220,2358243,225,221,60,12,18446744073709551464,100,-56,230,445,60,422,2,191,2358665
fd00::205:5:5:5,18,0,0,202,220,2368541,226,222,60,12,18446744073709551538,100,-56,231,447,60,412,2,157,2368953
fd00::205:5:5:5,18,0,0,202,220,2378839,227,223,60,12,18446744073709551429,100,-56,232,449,60,422,2,253,2379261
fd00::205:5:5:5,18,0,0,202,220,2389137,228,224,60,12,88,100,-56,233,451,60,382,2,246,2389519
fd00::205:5:5:5,18,0,0,202,220,2399435,229,225,60,12,18446744073709551571,100,-56,234,453,60,387,2,252,2399822
fd00::205:5:5:5,18,0,0,202,220,2409733,230,226,60,12,18446744073709551505,100,-56,236,455,60,846,2,282,2410579
fd00::205:5:5:5,18,0,1,201,220,2420031,231,228,60,12,18446744073709551460,100,-56,237,458,60,632,2,133,2420663
fd00::205:5:5:5,18,0,0,202,220,2430329,232,229,60,12,92,100,-56,238,460,60,431,2,252,2430760
fd00::205:5:5:5,18,0,0,202,220,2440627,233,230,60,12,279,100,-56,239,462,60,446,2,349,2441073
fd00::205:5:5:5,18,0,0,202,220,2450925,234,231,60,12,18446744073709551477,100,-56,240,464,60,423,2,180,2451348
fd00::205:5:5:5,18,0,0,202,220,2461223,235,232,60,12,18446744073709551423,100,-56,241,466,60,392,2,186,2461615
fd00::205:5:5:5,18,0,0,202,220,2471521,236,233,60,12,92,100,-56,242,468,60,420,2,284,2471941
fd00::205:5:5:5,18,0,0,202,220,2481819,237,234,60,12,18446744073709551601,100,-56,243,470,60,416,2,229,2482235
fd00::205:5:5:5,18,0,0,202,220,2492117,238,235,60,12,18446744073709551418,100,-56,244,472,60,427,2,169,2492544
fd00::205:5:5:5,18,0,0,202,220,2502415,239,236,60,12,18446744073709551572,100,-56,245,474,60,419,2,200,2502834
fd00::205:5:5:5,18,0,0,202,220,2512713,240,237,60,12,18446744073709551469,100,-56,246,476,60,422,2,209,2513135
fd00::205:5:5:5,18,0,0,202,220,2523011,241,238,60,12,170,100,-56,247,478,60,424,2,305,2523435
fd00::205:5:5:5,18,0,0,202,220,2533309,242,239,60,12,18446744073709551505,100,-56,248,480,60,382,2,190,2533691
fd00::205:5:5:5,18,0,0,202,220,2543607,243,240,60,12,18446744073709551536,100,-56,249,482,60,442,2,192,2544049
fd00::205:5:5:5,18,0,0,202,220,2553905,244,241,60,12,18446744073709551411,100,-56,250,484,60,424,2,141,2554329
fd00::205:5:5:5,18,0,0,202,220,2564203,245,242,60,12,18446744073709551481,100,-56,251,486,60,440,2,137,2564643
fd00::205:5:5:5,18,0,0,202,220,2574501,246,243,60,12,18446744073709551528,100,-56,252,488,60,392,2,197,2574893
fd00::205:5:5:5,18,0,0,202,220,2584799,247,244,60,12,29,100,-56,253,490,60,417,2,261,2585216
fd00::205:5:5:5,18,0,0,202,220,2595097,248,245,60,12,18446744073709551397,100,-56,254,492,60,435,2,237,2595532
fd00::205:5:5:5,18,0,0,202,220,2605395,249,246,60,12,18446744073709551414,100,-56,255,494,60,389,2,179,2605784
fd00::205:5:5:5,18,0,0,202,220,2615693,250,247,60,12,18446744073709551455,100,-56,256,496,60,406,2,196,2616099
fd00::205:5:5:5,18,0,0,202,220,2625991,251,248,60,12,18446744073709551422,100,-56,257,498,60,421,2,150,2626412
fd00::205:5:5:5,18,0,0,202,220,2636289,252,249,60,12,18446744073709551458,100,-56,258,500,60,422,2,274,2636711
fd00::205:5:5:5,18,0,0,202,220,2646587,253,250,60,12,18446744073709551522,100,-56,259,502,60,395,2,182,2646982
fd00::205:5:5:5,18,0,0,202,220,2656885,254,251,60,12,18446744073709551436,100,-56,260,504,60,440,2,184,2657325
fd00::205:5:5:5,18,0,0,202,220,2667183,255,252,60,12,164,100,-56,261,506,60,405,2,320,2667588
fd00::205:5:5:5,18,0,0,202,220,2677481,256,253,60,12,18446744073709551525,100,-56,262,508,60,393,2,246,2677874
fd00::205:5:5:5,18,0,0,202,220,2687779,257,254,60,12,18446744073709551419,100,-56,263,510,60,399,2,232,2688178
fd00::205:5:5:5,18,0,0,202,220,2698077,258,255,60,12,18446744073709551416,100,-56,264,512,60,430,2,131,2698507
fd00::205:5:5:5,18,0,0,202,220,2708375,259,256,60,12,38,100,-56,265,514,60,446,2,232,2708821
fd00::205:5:5:5,18,0,0,202,220,2718673,260,257,60,12,18446744073709551478,100,-56,266,516,60,372,2,130,2719045
fd00::205:5:5:5,18,0,0,202,220,2728971,261,258,60,12,18446744073709551406,100,-56,267,518,60,409,2,135,2729380
fd00::205:5:5:5,18,0,0,202,220,2739269,262,259,60,12,18446744073709551503,100,-56,268,520,60,394,2,181,2739663
fd00::205:5:5:5,18,0,0,202,220,2749567,263,260,60,12,18446744073709551479,100,-56,269,522,60,379,2,142,2749946
fd00::205:5:5:5,18,0,0,202,220,2759865,264,262,60,12,18446744073709551422,100,-56,271,525,60,689,2,240,2760554
fd00::205:5:5:5,18,0,0,201,219,2770163,265,263,60,12,18446744073709551460,100,-56,272,527,60,529,2,141,2770692
fd00::205:5:5:5,18,0,0,202,220,2780461,266,264,60,12,18446744073709551514,100,-56,273,529,60,429,2,166,2780890
fd00::205:5:5:5,18,0,0,202,220,2790759,267,265,60,12,18446744073709551431,100,-56,274,531,60,439,2,169,2791198
fd00::205:5:5:5,18,0,0,202,220,2801057,268,266,60,12,18446744073709551606,100,-56,275,533,60,455,2,222,2801512
fd00::205:5:5:5,18,0,0,202,220,2811355,269,267,60,12,18446744073709551495,100,-56,276,535,60,383,2,162,2811738
fd00::205:5:5:5,18,0,0,202,220,2821653,270,268,60,12,18446744073709551477,100,-56,277,537,60,404,2,162,2822057
fd00::205:5:5:5,18,0,0,202,220,2831951,271,269,60,12,121,100,-56,278,539,60,403,2,263,2832354
fd00::205:5:5:5,18,0,0,202,220,2842249,272,270,60,12,18446744073709551435,100,-56,279,541,60,416,2,218,2842665
fd00::205:5:5:5,18,0,0,202,220,2852547,273,271,60,12,18446744073709551435,100,-56,280,543,60,415,2,168,2852962
fd00::205:5:5:5,18,0,0,202,220,2862845,274,272,60,12,18446744073709551535,100,-56,281,545,60,410,2,324,2863255
fd00::205:5:5:5,18,0,0,202,220,2873143,275,273,60,12,35,100,-56,282,547,60,422,2,234,2873565
fd00::205:5:5:5,18,0,0,202,220,2883441,276,274,60,12,18446744073709551430,100,-56,283,549,60,429,2,133,2883870
fd00::205:5:5:5,18,0,0,202,220,2893739,277,275,60,12,18446744073709551537,100,-56,284,551,60,375,2,165,2894114
fd00::205:5:5:5,18,0,0,201,219,2904037,278,276,60,12,37,100,-56,285,553,60,391,2,280,2904428
fd00::205:5:5:5,18,0,0,202,220,2914335,279,277,60,12,18446744073709551540,100,-56,286,555,60,411,2,280,2914746
fd00::205:5:5:5,18,0,0,202,220,2924633,280,278,60,12,18446744073709551452,100,-56,287,557,60,440,2,125,2925073
fd00::205:5:5:5,18,0,0,202,220,2934931,281,279,60,12,18446744073709551420,100,-56,288,559,60,388,2,125,2935319
fd00::205:5:5:5,18,0,0,202,220,2945229,282,280,60,12,18446744073709551449,100,-56,289,561,60,445,2,140,2945674
fd00::205:5:5:5,18,0,0,202,220,2955527,283,281,60,12,18446744073709551523,100,-56,290,563,60,372,2,176,2955899
fd00::205:5:5:5,18,0,0,202,220,2965825,284,282,60,12,18446744073709551516,100,-56,291,565,60,407,2,172,2966232
fd00::205:5:5:5,18,0,0,202,220,2976123,285,283,60,12,18446744073709551459,100,-56,292,567,60,421,2,283,2976544
fd00::205:5:5:5,18,0,0,202,220,2986421,286,284,60,12,18446744073709551551,100,-56,293,569,60,375,2,269,2986796
fd00::205:5:5:5,18,0,0,202,220,2996719,287,285,60,12,18446744073709551513,100,-56,294,571,60,436,2,187,2997155
fd00::205:5:5:5,18,0,0,202,220,3007017,288,286,60,12,18446744073709551435,100,-56,295,573,60,409,2,151,3007426
fd00::205:5:5:5,18,0,0,202,220,3017315,289,287,60,12,18446744073709551521,100,-56,296,575,60,443,2,225,3017758
fd00::205:5:5:5,18,0,0,202,220,3027613,290,288,60,12,47,100,-56,297,577,60,392,2,221,3028005
fd00::205:5:5:5,18,0,0,202,220,3037911,291,289,60,12,18446744073709551471,100,-56,298,579,60,405,2,136,3038316
fd00::205:5:5:5,18,0,0,202,220,3048209,292,290,60,12,18446744073709551457,100,-56,299,581,60,422,2,118,3048631
fd00::205:5:5:5,18,0,0,202,220,3058507,293,291,60,12,18446744073709551471,100,-56,300,583,60,443,2,155,3058950
fd00::205:5:5:5,18,0,0,202,220,3068805,294,292,60,12,18446744073709551527,100,-56,301,585,60,415,2,174,3069220
fd00::205:5:5:5,18,0,0,202,220,3079103,295,293,60,12,18446744073709551430,100,-56,302,587,60,396,2,274,3079499
fd00::205:5:5:5,18,0,0,201,219,3089401,296,294,60,12,18446744073709551439,100,-56,303,589,60,379,2,230,3089780
fd00::205:5:5:5,18,0,0,202,220,3099699,297,295,60,12,18446744073709551444,100,-56,305,591,60,414,2,175,3100113
fd00::205:5:5:5,18,0,0,202,220,3109997,298,296,60,12,18446744073709551460,100,-56,306,593,60,580,2,192,3110577
fd00::205:5:5:5,18,0,0,201,219,3120295,299,298,60,12,18446744073709551545,100,-56,307,596,60,424,2,195,3120719
fd00::205:5:5:5,18,0,0,202,220,3130593,300,299,60,12,18446744073709551480,100,-56,308,598,60,423,2,282,3131016
fd00::205:5:5:5,18,0,0,202,220,3140891,301,300,60,12,18446744073709551605,100,-56,309,600,60,454,2,308,3141345
fd00::205:5:5:5,18,0,0,202,220,3151189,302,301,60,12,27,100,-56,310,602,60,403,2,222,3151592
fd00::205:5:5:5,18,0,0,202,220,3161487,303,302,60,12,18446744073709551499,100,-56,311,604,60,425,2,215,3161912
fd00::205:5:5:5,18,0,0,202,220,3171785,304,303,60,12,18446744073709551471,100,-56,312,606,60,421,2,141,3172206
fd00::205:5:5:5,18,0,0,202,220,3182083,305,304,60,12,67,100,-56,313,608,60,406,2,246,3182489
fd00::205:5:5:5,18,0,0,202,220,3192381,306,305,60,12,18446744073709551415,100,-56,314,610,60,418,2,106,3192799
fd00::205:5:5:5,18,0,0,202,220,3202679,307,306,60,12,18446744073709551472,100,-56,315,612,60,411,2,148,3203090
fd00::205:5:5:5,18,0,0,202,220,3212977,308,307,60,12,18446744073709551526,100,-56,316,614,60,386,2,193,3213363
fd00::205:5:5:5,18,0,0,202,220,3223275,309,308,60,12,96,100,-56,317,616,60,448,2,290,3223723
fd00::205:5:5:5,18,0,0,202,220,3233573,310,309,60,12,85,100,-56,318,618,60,452,2,254,3234025
fd00::205:5:5:5,18,0,0,202,220,3243871,311,310,60,12,18446744073709551533,100,-56,319,620,60,401,2,168,3244272
fd00::205:5:5:5,18,0,0,202,220,3254169,312,311,60,12,18446744073709551540,100,-56,320,622,60,432,2,217,3254601
fd00::205:5:5:5,18,0,0,202,220,3264467,313,312,60,12,45,100,-56,321,624,60,410,2,227,3264877
fd00::205:5:5:5,18,0,0,202,220,3274765,314,313,60,12,18446744073709551501,100,-56,322,626,60,439,2,156,3275204
fd00::205:5:5:5,18,0,0,202,220,3285063,315,314,60,12,35,100,-56,323,628,60,440,2,368,3285503
fd00::205:5:5:5,18,0,0,202,220,3295361,316,315,60,12,18446744073709551497,100,-56,324,630,60,398,2,143,3295759
fd00::205:5:5:5,18,0,0,202,220,3305659,317,316,60,12,18446744073709551458,100,-56,325,632,60,417,2,177,3306076
fd00::205:5:5:5,18,0,0,202,220,3315957,318,317,60,12,18446744073709551579,100,-56,326,634,60,426,2,276,3316383
fd00::205:5:5:5,18,0,0,202,220,3326255,319,318,60,12,18446744073709551492,100,-56,327,636,60,421,2,211,3326676
fd00::205:5:5:5,18,0,0,202,220,3336553,320,319,60,12,18446744073709551516,100,-56,328,638,60,394,2,138,3336947
fd00::205:5:5:5,18,0,0,202,220,3346851,321,320,60,12,18446744073709551404,100,-56,329,640,60,400,2,127,3347251
fd00::205:5:5:5,18,0,0,202,220,3357149,322,321,60,12,31,100,-56,330,642,60,449,2,289,3357598
fd00::205:5:5:5,18,0,0,202,220,3367447,323,322,60,12,18446744073709551554,100,-56,331,644,60,416,2,173,3367863
fd00::205:5:5:5,18,0,0,202,220,3377745,324,323,60,12,59,100,-56,332,646,60,405,2,236,3378150
fd00::205:5:5:5,18,0,0,201,219,3388043,325,324,60,12,117,100,-56,333,648,60,431,2,393,3388474
fd00::205:5:5:5,18,0,0,202,220,3398341,326,325,60,12,18446744073709551411,100,-56,334,650,60,459,2,185,3398800
fd00::205:5:5:5,18,0,0,202,220,3408639,327,326,60,12,18446744073709551498,100,-56,335,652,60,443,2,142,3409082
fd00::205:5:5:5,18,0,0,202,220,3418937,328,327,60,12,30,100,-56,336,654,60,384,2,275,3419321
fd00::205:5:5:5,18,0,0,202,220,3429235,329,328,60,12,18446744073709551540,100,-56,337,656,60,389,2,302,3429624
fd00::205:5:5:5,18,0,0,202,220,3439533,330,329,60,12,18446744073709551528,100,-56,338,658,60,437,2,198,3439970
fd00::205:5:5:5,18,0,0,202,220,3449831,331,330,60,12,18446744073709551478,100,-56,340,660,60,560,2,229,3450391
fd00::205:5:5:5,18,0,0,201,219,3460129,332,332,60,12,18446744073709551468,100,-56,341,663,60,447,2,191,3460576
fd00::205:5:5:5,18,0,0,202,220,3470427,333,333,60,12,56,100,-56,342,665,60,414,2,303,3470841
fd00::205:5:5:5,18,0,0,202,220,3480725,334,334,60,12,18446744073709551571,100,-56,343,667,60,418,2,192,3481143
fd00::205:5:5:5,18,0,0,202,220,3491023,335,335,60,12,18446744073709551543,100,-56,344,669,60,401,2,165,3491424
fd00::205:5:5:5,18,0,0,202,220,3501321,336,336,60,12,18446744073709551408,100,-56,345,671,60,423,2,179,3501744
fd00::205:5:5:5,18,0,0,202,220,3511619,337,337,60,12,18446744073709551567,100,-56,346,673,60,381,2,201,3512000
fd00::205:5:5:5,18,0,0,202,220,3521917,338,338,60,12,18446744073709551448,100,-56,347,675,60,405,2,133,3522322
fd00::205:5:5:5,18,0,0,201,219,3532215,339,339,60,12,18446744073709551439,100,-56,348,677,60,398,2,132,3532613
fd00::205:5:5:5,18,0,0,202,220,3542513,340,340,60,12,18446744073709551458,100,-56,349,679,60,456,2,192,3542969
fd00::205:5:5:5,18,0,0,202,220,3552811,341,341,60,12,18446744073709551438,100,-56,350,681,60,434,2,174,3553245
fd00::205:5:5:5,18,0,0,202,220,3563109,342,342,60,12,18446744073709551449,100,-56,351,683,60,415,2,164,3563524
fd00::205:5:5:5,18,0,0,202,220,3573407,343,343,60,12,18446744073709551394,100,-56,352,685,60,439,2,179,3573846
fd00::205:5:5:5,18,0,0,202,220,3583705,344,344,60,12,18446744073709551409,100,-56,353,687,60,405,2,124,3584110
fd00::205:5:5:5,18,0,0,201,219,3594003,345,345,60,12,18446744073709551566,100,-56,354,689,60,427,2,209,3594430
fd00::206:6:6:6,56,0,0,612,668,31132,1,0,60,0,0,0,0,0,1,60,18446744073709551553,1,0,31069
fd00::206:6:6:6,18,0,0,203,221,41509,2,0,60,0,0,0,0,1,2,60,18446744073709551556,1,0,41449
fd00::206:6:6:6,18,0,0,203,221,51886,3,0,60,0,0,0,0,2,3,60,18446744073709551527,1,0,51797
fd00::206:6:6:6,18,0,0,203,221,62263,4,0,60,0,0,0,0,3,4,60,7,1,0,62270
fd00::206:6:6:6,18,0,0,203,221,72640,5,0,60,0,0,0,0,4,5,60,18446744073709551567,1,0,72591
fd00::206:6:6:6,18,0,0,203,221,83017,6,0,60,0,0,0,0,5,6,60,18446744073709551557,1,0,82958
fd00::206:6:6:6,18,0,0,203,221,93394,7,0,60,0,0,0,0,6,7,60,18446744073709551528,1,0,93306
fd00::206:6:6:6,18,0,0,203,221,103771,8,0,60,0,0,0,0,7,8,60,18446744073709551542,1,0,103697
fd00::206:6:6:6,18,0,0,203,221,114148,9,0,60,0,0,0,0,8,9,60,18446744073709551542,1,0,114074
fd00::206:6:6:6,18,0,1,203,222,124525,10,0,60,0,0,0,0,9,10,60,18446744073709551514,1,0,124423
fd00::206:6:6:6,18,0,0,203,221,134902,11,0,60,0,0,0,0,10,11,60,18446744073709551544,1,0,134830
fd00::206:6:6:6,18,0,0,203,221,145279,12,0,60,0,0,0,0,11,12,60,18446744073709551517,1,0,145180
fd00::206:6:6:6,18,0,0,203,221,155656,13,0,60,0,0,0,0,12,13,60,18446744073709551545,1,0,155585
fd00::206:6:6:6,18,0,0,203,221,166033,14,0,60,0,0,0,0,13,14,60,18446744073709551525,1,0,165942
fd00::206:6:6:6,18,0,0,203,221,176410,15,0,60,0,0,0,0,14,15,60,18446744073709551528,1,0,176322
fd00::206:6:6:6,18,0,0,204,222,186787,16,0,60,0,0,0,0,15,16,60,18446744073709551536,1,0,186707
fd00::206:6:6:6,18,0,0,203,221,197164,17,0,60,0,0,0,0,16,17,60,18446744073709551527,1,0,197075
fd00::206:6:6:6,18,0,0,203,221,207541,18,0,60,0,0,0,0,17,18,60,18446744073709551545,1,0,207470
fd00::206:6:6:6,18,0,0,204,222,217918,19,0,60,0,0,0,0,18,19,60,18446744073709551566,1,0,217868
fd00::206:6:6:6,18,0,0,203,221,228295,20,0,60,0,0,0,0,19,20,60,18446744073709551567,1,0,228246
fd00::206:6:6:6,18,0,0,203,221,238672,21,0,60,0,0,0,0,20,21,60,18446744073709551510,1,0,238566
fd00::206:6:6:6,18,0,0,203,221,249049,22,0,60,0,0,0,0,21,22,60,18446744073709551585,1,0,249018
fd00::206:6:6:6,18,0,0,203,221,259426,23,0,60,0,0,0,0,22,23,60,18446744073709551542,1,0,259352
fd00::206:6:6:6,18,0,0,203,221,269803,24,0,60,0,0,0,0,23,24,60,18446744073709551531,1,0,269718
fd00::206:6:6:6,18,0,1,203,222,290557,26,0,60,0,0,0,0,26,25,60,52,1,0,290609
fd00::206:6:6:6,18,0,0,203,221,300934,27,0,60,0,0,0,0,27,26,60,18446744073709551527,1,0,300845
fd00::206:6:6:6,18,0,0,203,221,311311,28,0,60,0,0,0,0,28,27,60,18446744073709551555,1,0,311250
fd00::206:6:6:6,18,0,0,203,221,321688,29,0,60,0,0,0,0,29,28,60,18446744073709551580,1,0,321652
fd00::206:6:6:6,18,0,0,203,221,332065,30,0,60,0,0,0,0,30,29,60,18446744073709551527,1,0,331976
fd00::206:6:6:6,18,0,1,203,222,342442,31,0,60,0,0,0,0,31,30,60,18446744073709551564,1,0,342390
fd00::206:6:6:6,18,0,0,203,221,352819,32,0,60,0,0,0,0,32,31,60,18446744073709551550,1,0,352753
fd00::206:6:6:6,18,0,0,203,221,363196,33,0,60,0,0,0,0,33,32,60,18446744073709551555,1,0,363135
fd00::206:6:6:6,18,0,0,203,221,373573,34,0,60,0,0,0,0,34,33,60,18446744073709551547,1,0,373504
fd00::206:6:6:6,18,0,0,203,221,383950,35,0,60,0,0,0,0,35,34,60,18446744073709551523,1,0,383857
fd00::206:6:6:6,18,0,0,203,221,394327,36,0,60,0,0,0,0,36,35,60,23,1,0,394350
fd00::206:6:6:6,18,0,0,203,221,404704,37,0,60,0,0,0,0,37,36,60,18446744073709551552,1,0,404640
fd00::206:6:6:6,18,0,0,203,221,415081,38,0,60,0,0,0,0,38,37,60,18446744073709551526,1,0,414991
fd00::206:6:6:6,18,0,0,204,222,425458,39,0,60,0,0,0,0,39,38,60,18446744073709551559,1,0,425401
fd00::206:6:6:6,18,0,0,203,221,435835,40,0,60,0,0,0,0,40,39,60,18446744073709551530,1,0,435749
fd00::206:6:6:6,18,0,0,203,221,446212,41,0,60,0,0,0,0,41,40,60,18446744073709551551,1,0,446147
fd00::206:6:6:6,18,0,0,203,221,456589,42,0,60,0,0,0,0,42,41,60,18446744073709551530,1,0,456503
fd00::206:6:6:6,18,0,0,203,221,466966,43,0,60,0,0,0,0,43,42,60,18446744073709551541,1,0,466891
fd00::206:6:6:6,18,0,0,203,221,477343,44,0,60,0,0,0,0,44,43,60,18446744073709551533,1,0,477260
fd00::206:6:6:6,18,0,0,203,221,487720,45,0,60,0,0,0,0,45,44,60,18446744073709551537,1,0,487641
fd00::206:6:6:6,18,0,0,203,221,498097,46,0,60,0,0,0,0,46,45,60,18446744073709551560,1,0,498041
fd00::206:6:6:6,18,0,0,203,221,508474,47,0,60,0,0,0,0,47,46,60,18446744073709551555,1,0,508413
fd00::206:6:6:6,18,0,0,203,221,518851,48,0,60,0,0,0,0,48,47,60,18446744073709551543,1,0,518778
fd00::206:6:6:6,18,0,0,203,221,529228,49,0,60,0,0,0,0,49,48,60,18446744073709551508,1,0,529120
fd00::206:6:6:6,18,0,0,203,221,539605,50,0,60,0,0,0,0,50,49,60,18446744073709551527,1,0,539516
fd00::206:6:6:6,18,0,0,203,221,549982,51,0,60,0,0,0,0,51,50,60,18446744073709551512,1,0,549878
fd00::206:6:6:6,18,0,0,203,221,560359,52,0,60,0,0,0,0,53,51,60,5,1,0,560364
fd00::206:6:6:6,18,0,1,203,222,570736,53,0,60,0,0,0,0,54,52,60,18446744073709551556,1,0,570676
fd00::206:6:6:6,18,0,0,203,221,581113,54,0,60,0,0,0,0,55,53,60,18446744073709551558,1,0,581055
fd00::206:6:6:6,18,0,0,203,221,591490,55,0,60,0,0,0,0,56,54,60,18446744073709551532,1,0,591406
fd00::206:6:6:6,18,0,0,203,221,601867,56,0,60,0,0,0,0,57,55,60,18446744073709551513,1,0,601764
fd00::206:6:6:6,18,0,0,203,221,612244,57,0,60,0,0,0,0,58,56,60,18446744073709551540,1,0,612168
fd00::206:6:6:6,18,0,0,203,221,622621,58,0,60,0,0,0,0,59,57,60,18446744073709551566,1,0,622571
fd00::206:6:6:6,18,0,0,204,222,632998,59,0,60,0,0,0,0,60,58,60,18446744073709551518,1,0,632900
fd00::206:6:6:6,18,0,0,203,221,643375,60,0,60,0,0,0,0,61,59,60,18446744073709551539,1,0,643298
fd00::206:6:6:6,18,0,0,203,221,653752,61,0,60,0,0,0,0,62,60,60,18446744073709551554,1,0,653690
fd00::206:6:6:6,18,0,0,203,221,664129,62,0,60,0,0,0,0,63,61,60,18446744073709551539,1,0,664052
fd00::206:6:6:6,18,0,0,203,221,674506,63,0,60,0,0,0,0,64,62,60,18446744073709551555,1,0,674445
fd00::206:6:6:6,18,0,0,203,221,684883,64,0,60,0,0,0,0,65,63,60,18446744073709551519,1,0,684786
fd00::206:6:6:6,18,0,0,203,221,695260,65,0,60,0,0,0,0,66,64,60,18446744073709551526,1,0,695170
fd00::206:6:6:6,18,0,0,203,221,705637,66,0,60,0,0,0,0,67,65,60,18446744073709551549,1,0,705570
fd00::206:6:6:6,18,0,0,203,221,716014,67,0,60,0,0,0,0,68,66,60,18446744073709551537,1,0,715935
fd00::206:6:6:6,18,0,0,203,221,726391,68,0,60,0,0,0,0,69,67,60,18446744073709551521,1,0,726296
fd00::206:6:6:6,18,0,0,203,221,736768,69,0,60,0,0,0,0,70,68,60,18446744073709551568,1,0,736720
fd00::206:6:6:6,18,0,0,203,221,747145,70,0,60,0,0,0,0,71,69,60,18446744073709551566,1,0,747095
fd00::206:6:6:6,18,0,1,203,222,757522,71,0,60,0,0,0,0,72,70,60,18446744073709551543,1,0,757449
fd00::206:6:6:6,18,0,0,203,221,767899,72,0,60,0,0,0,0,73,71,60,18446744073709551545,1,0,767828
fd00::206:6:6:6,18,0,0,204,222,778276,73,0,60,0,0,0,0,74,72,60,18446744073709551550,1,0,778210
fd00::206:6:6:6,18,0,0,203,221,788653,74,0,60,0,0,0,0,75,73,60,18446744073709551542,1,0,788579
fd00::206:6:6:6,18,0,0,203,221,799030,75,0,60,0,0,0,0,76,74,60,18446744073709551540,1,0,798954
fd00::206:6:6:6,18,0,0,203,221,809407,76,0,60,0,0,0,0,77,75,60,18446744073709551548,1,0,809339
fd00::206:6:6:6,18,0,0,203,221,819784,77,0,60,0,0,0,0,78,76,60,18446744073709551542,1,0,819710
fd00::206:6:6:6,18,0,0,203,221,830161,78,0,60,0,0,0,0,80,77,60,18446744073709551598,1,0,830143
fd00::206:6:6:6,18,0,1,203,222,840538,79,0,60,0,0,0,0,81,78,60,106,1,0,840644
fd00::206:6:6:6,18,0,0,203,221,850915,80,0,60,0,0,0,0,82,79,60,18446744073709551514,1,0,850813
fd00::206:6:6:6,18,0,0,203,221,861292,81,0,60,0,0,0,0,83,80,60,18446744073709551564,1,0,861240
fd00::206:6:6:6,18,0,0,203,221,871669,82,0,60,0,0,0,0,84,81,60,18446744073709551544,1,0,871597
fd00::206:6:6:6,18,0,0,203,221,882046,83,0,60,0,0,0,0,85,82,60,18446744073709551555,1,0,881985
fd00::206:6:6:6,18,0,0,203,221,892423,84,0,60,0,0,0,0,86,83,60,18446744073709551551,1,0,892358
fd00::206:6:6:6,18,0,0,203,221,902800,85,0,60,0,0,0,0,87,84,60,18446744073709551557,1,0,902741
fd00::206:6:6:6,18,0,0,203,221,913177,86,0,60,0,0,0,0,88,85,60,18446744073709551548,1,0,913109
fd00::206:6:6:6,18,0,0,203,221,923554,87,0,60,0,0,0,0,89,86,60,18446744073709551524,1,0,923462
fd00::206:6:6:6,18,0,0,203,221,933931,88,0,60,0,0,0,0,90,87,60,18446744073709551562,1,0,933877
fd00::206:6:6:6,18,0,0,203,221,944308,89,0,60,0,0,0,0,91,88,60,18446744073709551505,1,0,944197
fd00::206:6:6:6,18,0,0,203,221,954685,90,0,60,0,0,0,0,92,89,60,18446744073709551549,1,0,954618
fd00::206:6:6:6,18,0,0,203,221,965062,91,0,60,0,0,0,0,93,90,60,18446744073709551550,1,0,964996
fd00::206:6:6:6,18,0,0,204,222,975439,92,0,60,0,0,0,0,94,91,60,18446744073709551549,1,0,975372
fd00::206:6:6:6,18,0,0,203,221,985816,93,0,60,0,0,0,0,95,92,60,18446744073709551527,1,0,985727
fd00::206:6:6:6,18,0,0,203,221,996193,94,0,60,0,0,0,0,96,93,60,18446744073709551526,1,0,996103
fd00::206:6:6:6,18,0,0,203,221,1006570,95,0,60,0,0,0,0,97,94,60,18446744073709551526,1,0,1006480
fd00::206:6:6:6,18,0,0,203,221,1016947,96,0,60,0,0,0,0,98,95,60,18446744073709551562,1,0,1016893
fd00::206:6:6:6,18,0,0,203,221,1027324,97,0,60,0,0,0,0,99,96,60,18446744073709551532,1,0,1027240
fd00::206:6:6:6,18,0,0,203,221,1037701,98,0,60,0,0,0,0,100,97,60,18446744073709551575,1,0,1037660
fd00::206:6:6:6,18,0,0,203,221,1048078,99,0,60,0,0,0,0,101,98,60,18446744073709551528,1,0,1047990
fd00::206:6:6:6,18,0,0,203,221,1058455,100,0,60,0,0,0,0,102,99,60,18446744073709551556,1,0,1058395
fd00::206:6:6:6,18,0,0,203,221,1068832,101,0,60,0,0,0,0,103,100,60,18446744073709551552,1,0,1068768
fd00::206:6:6:6,18,0,0,203,221,1079209,102,0,60,0,0,0,0,104,101,60,18446744073709551527,1,0,1079120
fd00::206:6:6:6,18,0,0,203,221,1089586,103,0,60,0,0,0,0,105,102,60,18446744073709551535,1,0,1089505
fd00::206:6:6:6,18,0,0,203,221,1099963,104,0,60,0,0,0,0,106,103,60,18446744073709551537,1,0,1099884
fd00::206:6:6:6,18,0,0,203,221,1110340,105,0,60,0,0,0,0,108,104,60,98,1,0,1110438
fd00::206:6:6:6,18,0,0,203,221,1120717,106,0,60,0,0,0,0,109,105,60,26,1,0,1120743
fd00::206:6:6:6,18,0,1,202,221,1131094,107,0,60,0,0,0,0,110,106,60,18446744073709551557,1,0,1131035
fd00::206:6:6:6,18,0,0,203,221,1141471,108,0,60,0,0,0,0,111,107,60,18446744073709551531,1,0,1141386
fd00::206:6:6:6,18,0,0,203,221,1151848,109,0,60,0,0,0,0,112,108,60,18446744073709551534,1,0,1151766
fd00::206:6:6:6,18,0,0,203,221,1162225,110,0,60,0,0,0,0,113,109,60,18446744073709551546,1,0,1162155
fd00::206:6:6:6,18,0,0,204,222,1172602,111,0,60,0,0,0,0,114,110,60,18446744073709551576,1,0,1172562
fd00::206:6:6:6,18,0,0,203,221,1182979,112,0,60,0,0,0,0,115,111,60,18446744073709551541,1,0,1182904
fd00::206:6:6:6,18,0,0,203,221,1193356,113,0,60,0,0,0,0,116,112,60,18446744073709551544,1,0,1193284
fd00::206:6:6:6,18,0,0,203,221,1203733,114,0,60,0,0,0,0,117,113,60,18446744073709551507,1,0,1203624
fd00::206:6:6:6,18,0,0,203,221,1214110,115,0,60,0,0,0,0,118,114,60,18446744073709551529,1,0,1214023
fd00::206:6:6:6,18,0,0,203,221,1224487,116,0,60,0,0,0,0,119,115,60,18446744073709551535,1,0,1224406
fd00::206:6:6:6,18,0,0,203,221,1234864,117,0,60,0,0,0,0,120,116,60,18446744073709551563,1,0,1234811
fd00::206:6:6:6,18,0,0,203,221,1245241,118,0,60,0,0,0,0,121,117,60,18446744073709551564,1,0,1245189
fd00::206:6:6:6,18,0,0,203,221,1255618,119,0,60,0,0,0,0,122,118,60,18446744073709551528,1,0,1255530
fd00::206:6:6:6,18,0,0,203,221,1265995,120,0,60,0,0,0,0,123,119,60,18446744073709551556,1,0,1265935
fd00::206:6:6:6,18,0,0,204,222,1276372,121,0,60,0,0,0,0,124,120,60,18446744073709551535,1,0,1276291
fd00::206:6:6:6,18,0,0,203,221,1286749,122,0,60,0,0,0,0,125,121,60,18446744073709551568,1,0,1286701
fd00::206:6:6:6,18,0,0,203,221,1297126,123,0,60,0,0,0,0,126,122,60,18446744073709551560,1,0,1297070
fd00::206:6:6:6,18,0,0,203,221,1307503,124,0,60,0,0,0,0,127,123,60,18446744073709551499,1,0,1307386
fd00::206:6:6:6,18,0,0,203,221,1317880,125,0,60,0,0,0,0,128,124,60,18446744073709551538,1,0,1317802
fd00::206:6:6:6,18,0,0,203,221,1328257,126,0,60,0,0,0,0,129,125,60,18446744073709551506,1,0,1328147
fd00::206:6:6:6,18,0,0,203,221,1338634,127,0,60,0,0,0,0,130,126,60,18446744073709551544,1,0,1338562
fd00::206:6:6:6,18,0,0,203,221,1349011,128,0,60,0,0,0,0,131,127,60,18446744073709551566,1,0,1348961
fd00::206:6:6:6,18,0,0,203,221,1359388,129,0,60,0,0,0,0,132,128,60,18446744073709551540,1,0,1359312
fd00::206:6:6:6,18,0,0,204,222,1369765,130,0,60,0,0,0,0,133,129,60,18446744073709551553,1,0,1369702
fd00::206:6:6:6,18,0,0,203,221,1380142,131,0,60,0,0,0,0,135,130,60,59,1,0,1380201
fd00::206:6:6:6,18,0,0,203,221,1390519,132,0,60,0,0,0,0,136,131,60,18446744073709551554,1,0,1390457
fd00::206:6:6:6,18,0,0,203,221,1400896,133,0,60,0,0,0,0,137,132,60,18446744073709551564,1,0,1400844
fd00::206:6:6:6,18,0,0,203,221,1411273,134,0,60,0,0,0,0,138,133,60,18446744073709551525,1,0,1411182
fd00::206:6:6:6,18,0,0,203,221,1421650,135,0,60,0,0,0,0,139,134,60,18446744073709551536,1,0,1421570
fd00::206:6:6:6,18,0,0,203,221,1432027,136,0,60,0,0,0,0,140,135,60,18446744073709551503,1,0,1431914
fd00::206:6:6:6,18,0,0,203,221,1442404,137,0,60,0,0,0,0,141,136,60,18446744073709551535,1,0,1442323
fd00::206:6:6:6,18,0,0,203,221,1452781,138,0,60,0,0,0,0,142,137,60,18446744073709551552,1,0,1452717
fd00::206:6:6:6,18,0,0,203,221,1463158,139,0,60,0,0,0,0,143,138,60,18446744073709551561,1,0,1463103
fd00::206:6:6:6,18,0,0,203,221,1473535,140,0,60,0,0,0,0,144,139,60,18446744073709551534,1,0,1473453
fd00::206:6:6:6,18,0,0,204,222,1483912,141,0,60,0,0,0,0,145,140,60,18446744073709551520,1,0,1483816
fd00::206:6:6:6,18,0,1,203,222,1494289,142,0,60,0,0,0,0,146,141,60,18446744073709551548,1,0,1494221
fd00::206:6:6:6,18,0,0,203,221,1504666,143,0,60,0,0,0,0,147,142,60,18446744073709551534,1,0,1504584
fd00::206:6:6:6,18,0,0,203,221,1515043,144,0,60,0,0,0,0,148,143,60,18446744073709551530,1,0,1514957
fd00::206:6:6:6,18,0,0,203,221,1525420,145,0,60,0,0,0,0,149,144,60,18446744073709551535,1,0,1525339
fd00::206:6:6:6,18,0,0,203,221,1535797,146,0,60,0,0,0,0,150,145,60,18446744073709551544,1,0,1535725
fd00::206:6:6:6,18,0,0,203,221,1546174,147,0,60,0,0,0,0,151,146,60,18446744073709551523,1,0,1546081
fd00::206:6:6:6,18,0,0,203,221,1556551,148,0,60,0,0,0,0,152,147,60,18446744073709551512,1,0,1556447
fd00::206:6:6:6,18,0,0,204,222,1566928,149,0,60,0,0,0,0,153,148,60,18446744073709551532,1,0,1566844
fd00::206:6:6:6,18,0,0,203,221,1577305,150,0,60,0,0,0,0,154,149,60,18446744073709551551,1,0,1577240
fd00::206:6:6:6,18,0,0,203,221,1587682,151,0,60,0,0,0,0,155,150,60,18446744073709551535,1,0,1587601
fd00::206:6:6:6,18,0,0,203,221,1598059,152,0,60,0,0,0,0,156,151,60,18446744073709551531,1,0,1597974
fd00::206:6:6:6,18,0,0,203,221,1608436,153,0,60,0,0,0,0,157,152,60,18446744073709551525,1,0,1608345
fd00::206:6:6:6,18,0,0,203,221,1618813,154,0,60,0,0,0,0,158,153,60,18446744073709551535,1,0,1618732
fd00::206:6:6:6,18,0,0,203,221,1629190,155,0,60,0,0,0,0,159,154,60,18446744073709551550,1,0,1629124
fd00::206:6:6:6,18,0,0,203,221,1639567,156,0,60,0,0,0,0,160,155,60,18446744073709551557,1,0,1639508
fd00::206:6:6:6,18,0,0,203,221,1649944,157,0,60,0,0,0,0,161,156,60,18446744073709551543,1,0,1649871
fd00::206:6:6:6,18,0,1,203,222,1670698,159,0,60,0,0,0,0,164,157,60,18446744073709551587,1,0,1670669
fd00::206:6:6:6,18,0,0,203,221,1681075,160,0,60,0,0,0,0,165,158,60,18446744073709551540,1,0,1680999
fd00::206:6:6:6,18,0,0,204,222,1691452,161,0,60,0,0,0,0,166,159,60,18446744073709551565,1,0,1691401
fd00::206:6:6:6,18,0,0,203,221,1701829,162,0,60,0,0,0,0,167,160,60,18446744073709551534,1,0,1701747
fd00::206:6:6:6,18,0,0,203,221,1712206,163,0,60,0,0,0,0,168,161,60,18446744073709551572,1,0,1712162
fd00::206:6:6:6,18,0,0,203,221,1722583,164,0,60,0,0,0,0,169,162,60,18446744073709551522,1,0,1722489
fd00::206:6:6:6,18,0,0,203,221,1732960,165,0,60,0,0,0,0,170,163,60,18446744073709551541,1,0,1732885
fd00::206:6:6:6,18,0,0,203,221,1743337,166,0,60,0,0,0,0,171,164,60,18446744073709551569,1,0,1743290
fd00::206:6:6:6,18,0,0,203,221,1753714,167,0,60,0,0,0,0,172,165,60,18446744073709551502,1,0,1753600
fd00::206:6:6:6,18,0,0,204,222,1764091,168,0,60,0,0,0,0,173,166,60,18446744073709551557,1,0,1764032
fd00::206:6:6:6,18,0,0,203,221,1774468,169,0,60,0,0,0,0,174,167,60,18446744073709551535,1,0,1774387
fd00::206:6:6:6,18,0,0,203,221,1784845,170,0,60,0,0,0,0,175,168,60,18446744073709551534,1,0,1784763
fd00::206:6:6:6,18,0,0,203,221,1795222,171,0,60,0,0,0,0,176,169,60,18446744073709551554,1,0,1795160
fd00::206:6:6:6,18,0,0,203,221,1805599,172,0,60,0,0,0,0,177,170,60,18446744073709551519,1,0,1805502
fd00::206:6:6:6,18,0,0,203,221,1815976,173,0,60,0,0,0,0,178,171,60,18446744073709551512,1,0,1815872
fd00::206:6:6:6,18,0,0,203,221,1826353,174,0,60,0,0,0,0,179,172,60,18446744073709551540,1,0,1826277
fd00::206:6:6:6,18,0,0,203,221,1836730,175,0,60,0,0,0,0,180,173,60,18446744073709551550,1,0,1836664
fd00::206:6:6:6,18,0,0,203,221,1847107,176,0,60,0,0,0,0,181,174,60,18446744073709551544,1,0,1847035
fd00::206:6:6:6,18,0,0,203,221,1857484,177,0,60,0,0,0,0,182,175,60,18446744073709551555,1,0,1857423
fd00::206:6:6:6,18,0,0,203,221,1867861,178,0,60,0,0,0,0,183,176,60,18446744073709551559,1,0,1867804
fd00::206:6:6:6,18,0,0,203,221,1878238,179,0,60,0,0,0,0,184,177,60,18446744073709551521,1,0,1878143
fd00::206:6:6:6,18,0,0,203,221,1888615,180,0,60,0,0,0,0,185,178,60,18446744073709551565,1,0,1888564
fd00::206:6:6:6,18,0,0,203,221,1898992,181,0,60,0,0,0,0,186,179,60,18446744073709551585,1,0,1898961
fd00::206:6:6:6,18,0,0,204,222,1909369,182,0,60,0,0,0,0,187,180,60,18446744073709551524,1,0,1909277
fd00::206:6:6:6,18,0,0,203,221,1919746,183,0,60,0,0,0,0,188,181,60,18446744073709551519,1,0,1919649
fd00::206:6:6:6,18,0,0,203,221,1930123,184,0,60,0,0,0,0,190,182,60,18446744073709551510,1,0,1930017
fd00::206:6:6:6,18,0,0,203,221,1940500,185,0,60,0,0,0,0,191,183,60,18446744073709551541,1,0,1940425
fd00::206:6:6:6,18,0,0,203,221,1950877,186,0,60,0,0,0,0,192,184,60,18446744073709551531,1,0,1950792
fd00::206:6:6:6,18,0,0,204,222,1961254,187,0,60,0,0,0,0,193,185,60,18446744073709551535,1,0,1961173
fd00::206:6:6:6,18,0,0,203,221,1971631,188,0,60,0,0,0,0,194,186,60,18446744073709551550,1,0,1971565
fd00::206:6:6:6,18,0,0,203,221,1982008,189,0,60,0,0,0,0,195,187,60,18446744073709551573,1,0,1981965
fd00::206:6:6:6,18,0,0,203,221,1992385,190,0,60,0,0,0,0,196,188,60,18446744073709551557,1,0,1992326
fd00::206:6:6:6,18,0,0,203,221,2002762,191,0,60,0,0,0,0,197,189,60,18446744073709551556,1,0,2002702
fd00::206:6:6:6,18,0,0,203,221,2013139,192,0,60,0,0,0,0,198,190,60,18446744073709551526,1,0,2013049
fd00::206:6:6:6,18,0,0,203,221,2023516,193,0,60,0,0,0,0,199,191,60,18446744073709551550,1,0,2023450
fd00::206:6:6:6,18,0,0,203,221,2033893,194,0,60,0,0,0,0,200,192,60,18446744073709551578,1,0,2033855
fd00::206:6:6:6,18,0,0,203,221,2044270,195,0,60,0,0,0,0,201,193,60,18446744073709551565,1,0,2044219
fd00::206:6:6:6,18,0,0,203,221,2054647,196,0,60,0,0,0,0,202,194,60,18446744073709551504,1,0,2054535
fd00::206:6:6:6,18,0,0,203,221,2065024,197,0,60,0,0,0,0,203,195,60,18446744073709551518,1,0,2064926
fd00::206:6:6:6,18,0,0,203,221,2075401,198,0,60,0,0,0,0,204,196,60,18446744073709551529,1,0,2075314
fd00::206:6:6:6,18,0,0,203,221,2085778,199,0,60,0,0,0,0,205,197,60,18446744073709551564,1,0,2085726
fd00::206:6:6:6,18,0,0,203,221,2096155,200,0,60,0,0,0,0,206,198,60,18446744073709551542,1,0,2096081
fd00::206:6:6:6,18,0,0,203,221,2106532,201,0,60,0,0,0,0,207,199,60,18446744073709551558,1,0,2106474
fd00::206:6:6:6,18,0,0,203,221,2116909,202,0,60,0,0,0,0,208,200,60,18446744073709551549,1,0,2116842
fd00::206:6:6:6,18,0,0,203,221,2127286,203,0,60,0,0,0,0,209,201,60,71,1,0,2127357
fd00::206:6:6:6,18,0,0,203,221,2137663,204,0,60,0,0,0,0,210,202,60,18446744073709551537,1,0,2137584
fd00::206:6:6:6,18,0,0,203,221,2148040,205,0,60,0,0,0,0,211,203,60,18446744073709551521,1,0,2147945
fd00::206:6:6:6,18,0,0,204,222,2158417,206,0,60,0,0,0,0,212,204,60,18446744073709551534,1,0,2158335
fd00::206:6:6:6,18,0,0,203,221,2168794,207,0,60,0,0,0,0,213,205,60,18446744073709551529,1,0,2168707
fd00::206:6:6:6,18,0,0,203,221,2179171,208,0,60,0,0,0,0,214,206,60,18446744073709551545,1,0,2179100
fd00::206:6:6:6,18,0,0,203,221,2189548,209,0,60,0,0,0,0,215,207,60,18446744073709551551,1,0,2189483
fd00::206:6:6:6,18,0,0,203,221,2199925,210,0,60,0,0,0,0,216,208,60,18446744073709551539,1,0,2199848
fd00::206:6:6:6,18,0,0,203,221,2210302,211,0,60,0,0,0,0,218,209,60,36,1,0,2210338
fd00::206:6:6:6,18,0,0,203,221,2220679,212,0,60,0,0,0,0,219,210,60,18446744073709551530,1,0,2220593
fd00::206:6:6:6,18,0,0,203,221,2231056,213,0,60,0,0,0,0,220,211,60,18446744073709551569,1,0,2231009
fd00::206:6:6:6,18,0,0,203,221,2241433,214,0,60,0,0,0,0,221,212,60,18446744073709551507,1,0,2241324
fd00::206:6:6:6,18,0,0,203,221,2251810,215,0,60,0,0,0,0,222,213,60,18446744073709551564,1,0,2251758
fd00::206:6:6:6,18,0,0,203,221,2262187,216,0,60,0,0,0,0,223,214,60,18446744073709551541,1,0,2262112
fd00::206:6:6:6,18,0,0,203,221,2272564,217,0,60,0,0,0,0,224,215,60,18446744073709551528,1,0,2272476
fd00::206:6:6:6,18,0,0,203,221,2282941,218,0,60,0,0,0,0,225,216,60,18446744073709551522,1,0,2282847
fd00::206:6:6:6,18,0,0,203,221,2293318,219,0,60,0,0,0,0,226,217,60,18446744073709551550,1,0,2293252
fd00::206:6:6:6,18,0,0,203,221,2303695,220,0,60,0,0,0,0,227,218,60,18446744073709551517,1,0,2303596
fd00::206:6:6:6,18,0,0,203,221,2314072,221,0,60,0,0,0,0,228,219,60,18446744073709551521,1,0,2313977
fd00::206:6:6:6,18,0,0,203,221,2324449,222,0,60,0,0,0,0,229,220,60,18446744073709551541,1,0,2324374
fd00::206:6:6:6,18,0,0,204,222,2334826,223,0,60,0,0,0,0,230,221,60,18446744073709551504,1,0,2334714
fd00::206:6:6:6,18,0,0,203,221,2345203,224,0,60,0,0,0,0,231,222,60,18446744073709551546,1,0,2345133
fd00::206:6:6:6,18,0,0,204,222,2355580,225,0,60,0,0,0,0,232,223,60,18446744073709551542,1,0,2355506
fd00::206:6:6:6,18,0,0,203,221,2365957,226,0,60,0,0,0,0,233,224,60,18446744073709551509,1,0,2365850
fd00::206:6:6:6,18,0,0,203,221,2376334,227,0,60,0,0,0,0,234,225,60,18446744073709551569,1,0,2376287
fd00::206:6:6:6,18,0,0,203,221,2386711,228,0,60,0,0,0,0,235,226,60,18446744073709551525,1,0,2386620
fd00::206:6:6:6,18,0,0,203,221,2397088,229,0,60,0,0,0,0,236,227,60,18446744073709551565,1,0,2397037
fd00::206:6:6:6,18,0,0,203,221,2407465,230,0,60,0,0,0,0,237,228,60,18446744073709551543,1,0,2407392
fd00::206:6:6:6,18,0,1,203,222,2417842,231,0,60,0,0,0,0,238,229,60,18446744073709551532,1,0,2417758
fd00::206:6:6:6,18,0,0,203,221,2428219,232,0,60,0,0,0,0,239,230,60,18446744073709551541,1,0,2428144
fd00::206:6:6:6,18,0,0,203,221,2438596,233,0,60,0,0,0,0,240,231,60,18446744073709551544,1,0,2438524
fd00::206:6:6:6,18,0,0,203,221,2448973,234,0,60,0,0,0,0,241,232,60,18446744073709551566,1,0,2448923
fd00::206:6:6:6,18,0,0,203,221,2459350,235,0,60,0,0,0,0,242,233,60,18446744073709551526,1,0,2459260
fd00::206:6:6:6,18,0,0,203,221,2469727,236,0,60,0,0,0,0,243,234,60,18446744073709551552,1,0,2469663
fd00::206:6:6:6,18,0,0,203,221,2480104,237,0,60,0,0,0,0,245,235,60,18446744073709551529,1,0,2480017
fd00::206:6:6:6,18,0,0,203,221,2490481,238,0,60,0,0,0,0,246,236,60,18446744073709551569,1,0,2490434
fd00::206:6:6:6,18,0,0,203,221,2500858,239,0,60,0,0,0,0,247,237,60,18446744073709551551,1,0,2500793
fd00::206:6:6:6,18,0,0,203,221,2511235,240,0,60,0,0,0,0,248,238,60,18446744073709551538,1,0,2511157
fd00::206:6:6:6,18,0,0,203,221,2521612,241,0,60,0,0,0,0,249,239,60,18446744073709551549,1,0,2521545
fd00::206:6:6:6,18,0,0,203,221,2531989,242,0,60,0,0,0,0,250,240,60,18446744073709551526,1,0,2531899
fd00::206:6:6:6,18,0,0,204,222,2542366,243,0,60,0,0,0,0,251,241,60,18446744073709551554,1,0,2542304
fd00::206:6:6:6,18,0,0,204,222,2552743,244,0,60,0,0,0,0,252,242,60,18446744073709551544,1,0,2552671
fd00::206:6:6:6,18,0,0,203,221,2563120,245,0,60,0,0,0,0,253,243,60,18446744073709551526,1,0,2563030
fd00::206:6:6:6,18,0,0,203,221,2573497,246,0,60,0,0,0,0,254,244,60,18446744073709551535,1,0,2573416
fd00::206:6:6:6,18,0,0,203,221,2583874,247,0,60,0,0,0,0,255,245,60,18446744073709551534,1,0,2583792
fd00::206:6:6:6,18,0,0,203,221,2594251,248,0,60,0,0,0,0,256,246,60,18446744073709551555,1,0,2594190
fd00::206:6:6:6,18,0,0,203,221,2604628,249,0,60,0,0,0,0,257,247,60,18446744073709551540,1,0,2604552
fd00::206:6:6:6,18,0,0,203,221,2615005,250,0,60,0,0,0,0,258,248,60,18446744073709551522,1,0,2614911
fd00::206:6:6:6,18,0,0,203,221,2625382,251,0,60,0,0,0,0,259,249,60,18446744073709551554,1,0,2625320
fd00::206:6:6:6,18,0,0,203,221,2635759,252,0,60,0,0,0,0,260,250,60,18446744073709551523,1,0,2635666
fd00::206:6:6:6,18,0,0,203,221,2646136,253,0,60,0,0,0,0,261,251,60,18446744073709551541,1,0,2646061
fd00::206:6:6:6,18,0,0,203,221,2656513,254,0,60,0,0,0,0,262,252,60,18446744073709551545,1,0,2656442
fd00::206:6:6:6,18,0,0,203,221,2666890,255,0,60,0,0,0,0,263,253,60,18446744073709551528,1,0,2666802
fd00::206:6:6:6,18,0,0,203,221,2677267,256,0,60,0,0,0,0,264,254,60,18446744073709551522,1,0,2677173
fd00::206:6:6:6,18,0,0,203,221,2687644,257,0,60,0,0,0,0,265,255,60,18446744073709551526,1,0,2687554
fd00::206:6:6:6,18,0,0,203,221,2698021,258,0,60,0,0,0,0,266,256,60,18446744073709551542,1,0,2697947
fd00::206:6:6:6,18,0,0,203,221,2708398,259,0,60,0,0,0,0,267,257,60,18446744073709551535,1,0,2708317
fd00::206:6:6:6,18,0,0,203,221,2718775,260,0,60,0,0,0,0,268,258,60,18446744073709551513,1,0,2718672
fd00::206:6:6:6,18,0,0,203,221,2729152,261,0,60,0,0,0,0,269,259,60,18446744073709551519,1,0,2729055
fd00::206:6:6:6,18,0,0,203,221,2739529,262,0,60,0,0,0,0,270,260,60,18446744073709551563,1,0,2739476
fd00::206:6:6:6,18,0,0,204,222,2749906,263,0,60,0,0,0,0,271,261,60,18446744073709551524,1,0,2749814
fd00::206:6:6:6,18,0,0,203,221,2760283,264,0,60,0,0,0,0,273,262,60,18446744073709551613,1,0,2760280
fd00::206:6:6:6,18,0,0,203,221,2770660,265,0,60,0,0,0,0,274,263,60,18446744073709551606,1,0,2770650
fd00::206:6:6:6,18,0,0,203,221,2781037,266,0,60,0,0,0,0,275,264,60,18446744073709551544,1,0,2780965
fd00::206:6:6:6,18,0,0,203,221,2791414,267,0,60,0,0,0,0,276,265,60,18446744073709551526,1,0,2791324
fd00::206:6:6:6,18,0,0,203,221,2801791,268,0,60,0,0,0,0,277,266,60,18446744073709551518,1,0,2801693
fd00::206:6:6:6,18,0,0,203,221,2812168,269,0,60,0,0,0,0,278,267,60,18446744073709551517,1,0,2812069
fd00::206:6:6:6,18,0,0,203,221,2822545,270,0,60,0,0,0,0,279,268,60,18446744073709551531,1,0,2822460
fd00::206:6:6:6,18,0,0,203,221,2832922,271,0,60,0,0,0,0,280,269,60,18446744073709551527,1,0,2832833
fd00::206:6:6:6,18,0,0,203,221,2843299,272,0,60,0,0,0,0,281,270,60,18446744073709551556,1,0,2843239
fd00::206:6:6:6,18,0,0,203,221,2853676,273,0,60,0,0,0,0,282,271,60,18446744073709551511,1,0,2853571
fd00::206:6:6:6,18,0,0,203,221,2864053,274,0,60,0,0,0,0,283,272,60,18446744073709551538,1,0,2863975
fd00::206:6:6:6,18,0,0,203,221,2874430,275,0,60,0,0,0,0,284,273,60,18446744073709551539,1,0,2874353
fd00::206:6:6:6,18,0,0,203,221,2884807,276,0,60,0,0,0,0,285,274,60,18446744073709551525,1,0,2884716
fd00::206:6:6:6,18,0,0,203,221,2895184,277,0,60,0,0,0,0,286,275,60,18446744073709551538,1,0,2895106
fd00::206:6:6:6,18,0,0,203,221,2905561,278,0,60,0,0,0,0,287,276,60,18446744073709551508,1,0,2905453
fd00::206:6:6:6,18,0,0,203,221,2915938,279,0,60,0,0,0,0,288,277,60,18446744073709551546,1,0,2915868
fd00::206:6:6:6,18,0,0,203,221,2926315,280,0,60,0,0,0,0,289,278,60,18446744073709551529,1,0,2926228
fd00::206:6:6:6,18,0,0,203,221,2936692,281,0,60,0,0,0,0,290,279,60,18446744073709551512,1,0,2936588
fd00::206:6:6:6,18,0,0,203,221,2947069,282,0,60,0,0,0,0,291,280,60,18446744073709551520,1,0,2946973
fd00::206:6:6:6,18,0,0,203,221,2957446,283,0,60,0,0,0,0,292,281,60,18446744073709551520,1,0,2957350
fd00::206:6:6:6,18,0,0,204,222,2967823,284,0,60,0,0,0,0,293,282,60,18446744073709551549,1,0,2967756
fd00::206:6:6:6,18,0,0,203,221,2978200,285,0,60,0,0,0,0,294,283,60,18446744073709551531,1,0,2978115
fd00::206:6:6:6,18,0,1,202,221,2988577,286,0,60,0,0,0,0,295,284,60,18446744073709551508,1,0,2988469
fd00::206:6:6:6,18,0,0,203,221,2998954,287,0,60,0,0,0,0,296,285,60,18446744073709551530,1,0,2998868
fd00::206:6:6:6,18,0,0,203,221,3009331,288,0,60,0,0,0,0,297,286,60,18446744073709551537,1,0,3009252
fd00::206:6:6:6,18,0,0,203,221,3019708,289,0,60,0,0,0,0,298,287,60,18446744073709551562,1,0,3019654
fd00::206:6:6:6,18,0,0,203,221,3030085,290,0,60,0,0,0,0,299,288,60,18446744073709551499,1,0,3029968
fd00::206:6:6:6,18,0,0,203,221,3040462,291,0,60,0,0,0,0,301,289,60,2,1,0,3040464
fd00::206:6:6:6,18,0,0,203,221,3050839,292,0,60,0,0,0,0,302,290,60,18446744073709551542,1,0,3050765
fd00::206:6:6:6,18,0,0,203,221,3061216,293,0,60,0,0,0,0,303,291,60,18446744073709551547,1,0,3061147
fd00::206:6:6:6,18,0,0,203,221,3071593,294,0,60,0,0,0,0,304,292,60,18446744073709551535,1,0,3071512
fd00::206:6:6:6,18,0,0,203,221,3081970,295,0,60,0,0,0,0,305,293,60,18446744073709551522,1,0,3081876
fd00::206:6:6:6,18,0,0,203,221,3092347,296,0,60,0,0,0,0,306,294,60,18446744073709551532,1,0,3092263
fd00::206:6:6:6,18,0,0,203,221,3102724,297,0,60,0,0,0,0,307,295,60,18446744073709551540,1,0,3102648
fd00::206:6:6:6,18,0,0,203,221,3113101,298,0,60,0,0,0,0,308,296,60,18446744073709551523,1,0,3113008
fd00::206:6:6:6,18,0,0,203,221,3123478,299,0,60,0,0,0,0,309,297,60,18446744073709551529,1,0,3123391
fd00::206:6:6:6,18,0,0,203,221,3133855,300,0,60,0,0,0,0,310,298,60,18446744073709551522,1,0,3133761
fd00::206:6:6:6,18,0,0,204,222,3144232,301,0,60,0,0,0,0,311,299,60,18446744073709551505,1,0,3144121
fd00::206:6:6:6,18,0,0,203,221,3154609,302,0,60,0,0,0,0,312,300,60,18446744073709551543,1,0,3154536
fd00::206:6:6:6,18,0,0,203,221,3164986,303,0,60,0,0,0,0,313,301,60,18446744073709551537,1,0,3164907
fd00::206:6:6:6,18,0,0,204,222,3175363,304,0,60,0,0,0,0,314,302,60,18446744073709551556,1,0,3175303
fd00::206:6:6:6,18,0,0,203,221,3185740,305,0,60,0,0,0,0,315,303,60,18446744073709551592,1,0,3185716
fd00::206:6:6:6,18,0,1,203,222,3196117,306,0,60,0,0,0,0,316,304,60,18446744073709551540,1,0,3196041
fd00::206:6:6:6,18,0,0,203,221,3206494,307,0,60,0,0,0,0,317,305,60,18446744073709551516,1,0,3206394
fd00::206:6:6:6,18,0,0,203,221,3216871,308,0,60,0,0,0,0,318,306,60,18446744073709551499,1,0,3216754
fd00::206:6:6:6,18,0,0,203,221,3227248,309,0,60,0,0,0,0,319,307,60,18446744073709551519,1,0,3227151
fd00::206:6:6:6,18,0,0,203,221,3237625,310,0,60,0,0,0,0,320,308,60,18446744073709551530,1,0,3237539
fd00::206:6:6:6,18,0,0,203,221,3248002,311,0,60,0,0,0,0,321,309,60,18446744073709551521,1,0,3247907
fd00::206:6:6:6,18,0,0,203,221,3258379,312,0,60,0,0,0,0,322,310,60,18446744073709551527,1,0,3258290
fd00::206:6:6:6,18,0,0,203,221,3268756,313,0,60,0,0,0,0,323,311,60,18446744073709551512,1,0,3268652
fd00::206:6:6:6,18,0,0,203,221,3279133,314,0,60,0,0,0,0,324,312,60,18446744073709551532,1,0,3279049
fd00::206:6:6:6,18,0,0,203,221,3289510,315,0,60,0,0,0,0,325,313,60,18446744073709551537,1,0,3289431
fd00::206:6:6:6,18,0,0,203,221,3299887,316,0,60,0,0,0,0,326,314,60,18446744073709551534,1,0,3299805
fd00::206:6:6:6,18,0,0,203,221,3310264,317,0,60,0,0,0,0,328,315,60,11,1,0,3310275
fd00::206:6:6:6,18,0,0,203,221,3320641,318,0,60,0,0,0,0,329,316,60,18446744073709551582,1,0,3320607
fd00::206:6:6:6,18,0,1,203,222,3331018,319,0,60,0,0,0,0,330,317,60,18446744073709551548,1,0,3330950
fd00::206:6:6:6,18,0,0,204,222,3341395,320,0,60,0,0,0,0,331,318,60,18446744073709551537,1,0,3341316
fd00::206:6:6:6,18,0,1,202,221,3351772,321,0,60,0,0,0,0,332,319,60,18446744073709551556,1,0,3351712
fd00::206:6:6:6,18,0,0,203,221,3362149,322,0,60,0,0,0,0,333,320,60,18446744073709551539,1,0,3362072
fd00::206:6:6:6,18,0,0,203,221,3372526,323,0,60,0,0,0,0,334,321,60,18446744073709551567,1,0,3372477
fd00::206:6:6:6,18,0,0,203,221,3382903,324,0,60,0,0,0,0,335,322,60,18446744073709551519,1,0,3382806
fd00::206:6:6:6,18,0,0,204,222,3393280,325,0,60,0,0,0,0,336,323,60,18446744073709551562,1,0,3393226
fd00::206:6:6:6,18,0,0,203,221,3403657,326,0,60,0,0,0,0,337,324,60,18446744073709551566,1,0,3403607
fd00::206:6:6:6,18,0,0,203,221,3414034,327,0,60,0,0,0,0,338,325,60,18446744073709551556,1,0,3413974
fd00::206:6:6:6,18,0,0,203,221,3424411,328,0,60,0,0,0,0,339,326,60,18446744073709551526,1,0,3424321
fd00::206:6:6:6,18,0,0,203,221,3434788,329,0,60,0,0,0,0,340,327,60,18446744073709551559,1,0,3434731
fd00::206:6:6:6,18,0,0,203,221,3445165,330,0,60,0,0,0,0,341,328,60,18446744073709551574,1,0,3445123
fd00::206:6:6:6,18,0,0,203,221,3455542,331,0,60,0,0,0,0,342,329,60,18446744073709551528,1,0,3455454
fd00::206:6:6:6,18,0,0,203,221,3465919,332,0,60,0,0,0,0,343,330,60,18446744073709551556,1,0,3465859
fd00::206:6:6:6,18,0,1,203,222,3476296,333,0,60,0,0,0,0,344,331,60,18446744073709551528,1,0,3476208
fd00::206:6:6:6,18,0,0,203,221,3486673,334,0,60,0,0,0,0,345,332,60,18446744073709551505,1,0,3486562
fd00::206:6:6:6,18,0,0,203,221,3497050,335,0,60,0,0,0,0,346,333,60,18446744073709551539,1,0,3496973
fd00::206:6:6:6,18,0,0,203,221,3507427,336,0,60,0,0,0,0,347,334,60,18446744073709551545,1,0,3507356
fd00::206:6:6:6,18,0,0,203,221,3517804,337,0,60,0,0,0,0,348,335,60,18446744073709551519,1,0,3517707
fd00::206:6:6:6,18,0,0,203,221,3528181,338,0,60,0,0,0,0,349,336,60,18446744073709551516,1,0,3528081
fd00::206:6:6:6,18,0,0,204,222,3538558,339,0,60,0,0,0,0,350,337,60,18446744073709551539,1,0,3538481
fd00::206:6:6:6,18,0,0,203,221,3548935,340,0,60,0,0,0,0,351,338,60,18446744073709551559,1,0,3548878
fd00::206:6:6:6,18,0,0,203,221,3559312,341,0,60,0,0,0,0,352,339,60,18446744073709551535,1,0,3559231
fd00::206:6:6:6,18,0,0,203,221,3569689,342,0,60,0,0,0,0,353,340,60,18446744073709551539,1,0,3569612
fd00::206:6:6:6,18,0,0,203,221,3580066,343,0,60,0,0,0,0,354,341,60,18446744073709551547,1,0,3579997
fd00::206:6:6:6,18,0,0,203,221,3590443,344,0,60,0,0,0,0,356,342,60,96,1,0,3590539
fd00::207:7:7:7,57,0,0,632,689,32161,1,0,60,0,0,0,0,0,1,60,74,1,0,32235
fd00::207:7:7:7,19,0,0,210,229,42881,2,1,60,12,68,100,-81,1,3,60,51,1,159,42932
fd00::207:7:7:7,19,0,0,210,229,53601,3,2,60,12,217,100,-81,2,5,60,48,1,143,53649
fd00::207:7:7:7,19,0,0,210,229,64321,4,3,60,12,118,100,-81,3,7,60,70,1,196,64391
fd00::207:7:7:7,19,0,1,210,230,75041,5,4,60,12,145,100,-81,4,9,60,73,1,170,75114
fd00::207:7:7:7,19,0,1,209,229,85761,6,5,60,12,167,100,-81,5,11,60,87,1,155,85848
fd00::207:7:7:7,19,0,1,210,230,96481,7,5,60,12,167,100,-81,6,12,60,70,1,155,96551
fd00::207:7:7:7,19,0,0,210,229,107201,8,6,60,12,202,100,-81,7,14,60,69,1,151,107270
fd00::207:7:7:7,19,0,0,210,229,117921,9,7,60,12,104,100,-81,8,15,60,96,1,151,118017
fd00::207:7:7:7,19,0,0,210,229,128641,10,7,60,12,104,100,-81,9,16,60,74,1,151,128715
fd00::207:7:7:7,19,0,0,210,229,139361,11,8,60,12,162,100,-81,10,18,60,93,1,176,139454
fd00::207:7:7:7,19,0,0,210,229,150081,12,9,60,12,100,100,-81,12,20,60,141,1,111,150222
fd00::207:7:7:7,19,0,1,209,229,160801,13,11,60,12,100,100,-81,13,22,60,76,1,377,160877
fd00::207:7:7:7,19,0,0,210,229,171521,14,12,60,12,77,100,-81,14,24,60,39,1,116,171560
fd00::207:7:7:7,19,0,1,209,229,182241,15,13,60,12,141,100,-81,15,26,60,56,1,303,182297
fd00::207:7:7:7,19,0,0,210,229,192961,16,14,60,12,83,100,-81,16,28,60,47,1,138,193008
fd00::207:7:7:7,19,0,0,210,229,203681,17,15,60,12,140,100,-81,17,30,60,53,1,108,203734
fd00::207:7:7:7,19,0,1,210,230,214401,18,16,60,12,131,100,-81,18,31,60,86,1,108,214487
fd00::207:7:7:7,19,0,1,209,229,225121,19,17,60,12,86,100,-81,19,32,60,65,1,108,225186
fd00::207:7:7:7,19,0,0,210,229,235841,20,17,60,12,86,100,-81,20,33,60,82,1,108,235923
fd00::207:7:7:7,19,0,0,210,229,246561,21,18,60,12,132,100,-81,21,35,60,51,1,118,246612
fd00::207:7:7:7,19,0,0,210,229,257281,22,19,60,12,113,100,-81,22,37,60,107,1,109,257388
fd00::207:7:7:7,19,0,1,209,229,268001,23,20,60,12,148,100,-81,23,39,60,66,1,212,268067
fd00::207:7:7:7,19,0,0,210,229,278721,24,20,60,12,148,100,-81,24,40,60,98,1,212,278819
fd00::207:7:7:7,19,0,1,209,229,289441,25,21,60,12,111,100,-81,25,42,60,54,1,218,289495
fd00::207:7:7:7,19,0,0,210,229,310881,27,23,60,12,63,100,-81,28,45,60,89,1,75,310970
fd00::207:7:7:7,19,0,1,209,229,321601,28,24,60,12,50,100,-81,29,47,60,66,1,123,321667
fd00::207:7:7:7,19,0,1,209,229,332321,29,25,60,12,252,100,-81,30,49,60,83,1,224,332404
fd00::207:7:7:7,19,0,1,209,229,343041,30,26,60,12,186,100,-81,31,51,60,51,1,284,343092
fd00::207:7:7:7,19,0,0,210,229,353761,31,27,60,12,119,100,-81,32,53,60,45,1,78,353806
fd00::207:7:7:7,19,0,1,209,229,364481,32,28,60,12,103,100,-81,33,54,60,104,1,78,364585
fd00::207:7:7:7,19,0,0,210,229,375201,33,29,60,12,162,100,-81,34,56,60,70,1,106,375271
fd00::207:7:7:7,19,0,0,210,229,385923,34,30,60,12,190,100,-81,35,58,60,74,1,228,385997
fd00::207:7:7:7,19,0,1,209,229,396641,35,31,60,12,181,100,-81,36,60,60,64,1,153,396705
fd00::207:7:7:7,19,0,0,210,229,407361,36,32,60,12,118,100,-81,37,62,60,90,1,143,407451
fd00::207:7:7:7,19,0,0,210,229,418081,37,33,60,12,102,100,-81,38,63,60,79,1,143,418160
fd00::207:7:7:7,19,0,1,210,230,428801,38,34,60,12,107,100,-81,39,65,60,93,1,256,428894
fd00::207:7:7:7,19,0,0,210,229,439521,39,35,60,12,107,100,-81,40,67,60,96,1,127,439617
fd00::207:7:7:7,19,0,0,210,229,450241,40,37,60,12,109,100,-81,42,70,60,114,1,160,450355
fd00::207:7:7:7,19,0,0,210,229,460961,41,37,60,12,109,100,-81,43,71,60,90,1,160,461051
fd00::207:7:7:7,19,0,0,210,229,471681,42,37,60,12,109,100,-81,44,72,60,107,1,160,471788
fd00::207:7:7:7,19,0,0,210,229,482401,43,38,60,12,347,100,-81,45,74,60,63,1,264,482464
fd00::207:7:7:7,19,0,1,209,229,493121,44,39,60,12,145,100,-81,46,75,60,53,1,264,493174
fd00::207:7:7:7,19,0,0,210,229,503841,45,39,60,12,145,100,-81,47,76,60,99,1,264,503940
fd00::207:7:7:7,19,0,1,209,229,514561,46,40,60,12,136,100,-81,48,77,60,76,1,264,514637
fd00::207:7:7:7,19,0,0,210,229,525281,47,40,60,12,136,100,-81,49,78,60,93,1,264,525374
fd00::207:7:7:7,19,0,0,210,229,536001,48,41,60,12,132,100,-81,50,80,60,73,1,104,536074
fd00::207:7:7:7,19,0,0,210,229,546721,49,41,60,12,132,100,-81,51,81,60,62,1,104,546783
fd00::207:7:7:7,19,0,0,210,229,557441,50,42,60,12,107,100,-81,52,83,60,89,1,78,557530
fd00::207:7:7:7,19,0,1,209,229,568161,51,43,60,12,77,100,-81,53,84,60,56,1,78,568217
fd00::207:7:7:7,19,0,1,209,229,578881,52,44,60,12,178,100,-81,54,86,60,74,1,180,578955
fd00::207:7:7:7,19,0,0,210,229,589601,53,45,60,12,54,100,-81,55,88,60,90,1,57,589691
fd00::207:7:7:7,19,0,1,209,229,600321,54,47,60,12,46,100,-81,57,91,60,263,1,106,600584
fd00::207:7:7:7,19,0,1,209,229,611041,55,48,60,12,283,100,-81,58,93,60,100,1,179,611141
fd00::207:7:7:7,19,0,0,210,229,621761,56,49,60,12,54,100,-81,59,95,60,58,1,47,621819
fd00::207:7:7:7,19,0,0,210,229,632481,57,50,60,12,120,100,-81,60,97,60,92,1,93,632573
fd00::207:7:7:7,19,0,0,210,229,643201,58,51,60,12,62,100,-81,61,99,60,45,1,111,643246
fd00::207:7:7:7,19,0,0,210,229,653921,59,52,60,12,78,100,-81,62,101,60,57,1,118,653978
fd00::207:7:7:7,19,0,1,209,229,664641,60,53,60,12,88,100,-81,63,103,60,96,1,74,664737
fd00::207:7:7:7,19,0,0,210,229,675361,61,54,60,12,98,100,-81,64,105,60,43,1,109,675404
fd00::207:7:7:7,19,0,1,209,229,686081,62,55,60,12,85,100,-81,65,107,60,90,1,248,686171
fd00::207:7:7:7,19,0,1,209,229,696801,63,56,60,12,77,100,-81,66,108,60,38,1,248,696839
fd00::207:7:7:7,19,0,1,209,229,707521,64,57,60,12,80,100,-81,67,110,60,100,1,84,707621
fd00::207:7:7:7,19,0,1,210,230,718241,65,58,60,12,81,100,-81,68,112,60,78,1,123,718319
fd00::207:7:7:7,19,0,1,210,230,728961,66,59,60,12,52,100,-81,69,114,60,61,1,145,729022
fd00::207:7:7:7,19,0,1,209,229,739681,67,60,60,12,409,100,-81,70,116,60,37,1,281,739718
fd00::207:7:7:7,19,0,1,209,229,750401,68,62,60,12,75,100,-81,72,119,60,93,1,161,750494
fd00::207:7:7:7,19,0,1,209,229,761121,69,63,60,12,72,100,-81,73,121,60,85,1,60,761206
fd00::207:7:7:7,19,0,1,209,229,771841,70,64,60,12,78,100,-81,74,123,60,59,1,79,771900
fd00::207:7:7:7,19,0,1,209,229,782561,71,65,60,12,48,100,-81,75,125,60,67,1,161,782628
fd00::207:7:7:7,19,0,0,210,229,793281,72,66,60,12,45,100,-81,76,127,60,115,1,138,793396
fd00::207:7:7:7,19,0,1,209,229,804001,73,67,60,12,31,100,-81,77,129,60,97,1,64,804098
fd00::207:7:7:7,19,0,1,209,229,814721,74,68,60,12,82,100,-81,78,131,60,87,1,107,814808
fd00::207:7:7:7,19,0,0,210,229,825441,75,69,60,12,124,100,-81,79,133,60,42,1,187,825483
fd00::207:7:7:7,19,0,1,209,229,836161,76,70,60,12,112,100,-81,80,135,60,35,1,134,836196
fd00::207:7:7:7,19,0,1,209,229,846881,77,71,60,12,43,100,-81,81,137,60,91,1,75,846972
fd00::207:7:7:7,19,0,0,210,229,857601,78,72,60,12,30,100,-81,82,139,60,193,1,47,857794
fd00::207:7:7:7,19,0,0,210,229,868321,79,73,60,12,138,100,-81,83,141,60,50,1,113,868371
fd00::207:7:7:7,19,0,0,210,229,879041,80,74,60,12,36,100,-81,84,143,60,84,1,54,879125
fd00::207:7:7:7,19,0,1,209,229,889761,81,75,60,12,176,100,-81,85,145,60,89,1,226,889850
fd00::207:7:7:7,19,0,1,209,229,900481,82,77,60,12,46,100,-81,87,148,60,98,1,69,900579
fd00::207:7:7:7,19,0,1,209,229,911201,83,78,60,12,35,100,-81,88,150,60,71,1,151,911272
fd00::207:7:7:7,19,0,1,209,229,921921,84,79,60,12,327,100,-81,89,152,60,84,1,224,922005
fd00::207:7:7:7,19,0,0,210,229,932641,85,80,60,12,115,100,-81,90,154,60,98,1,127,932739
fd00::207:7:7:7,19,0,1,209,229,943361,86,81,60,12,41,100,-81,91,156,60,95,1,96,943456
fd00::207:7:7:7,19,0,1,209,229,954081,87,82,60,12,303,100,-81,92,158,60,88,1,250,954169
fd00::207:7:7:7,19,0,0,210,229,964801,88,83,60,12,106,100,-81,93,160,60,85,1,94,964886
fd00::207:7:7:7,19,0,1,209,229,975521,89,84,60,12,92,100,-81,94,162,60,80,1,96,975601
fd00::207:7:7:7,19,0,1,210,230,986241,90,85,60,12,123,100,-81,95,164,60,78,1,113,986319
fd00::207:7:7:7,19,0,0,210,229,996961,91,86,60,12,86,100,-81,96,166,60,99,1,179,997060
fd00::207:7:7:7,19,0,0,210,229,1007681,92,87,60,12,253,100,-81,97,168,60,69,1,167,1007750
fd00::207:7:7:7,19,0,1,209,229,1018401,93,88,60,12,111,100,-81,98,170,60,88,1,87,1018489
fd00::207:7:7:7,19,0,1,210,230,1029121,94,89,60,12,119,100,-81,99,172,60,68,1,154,1029189
fd00::207:7:7:7,19,0,1,209,229,1039841,95,90,60,12,182,100,-81,100,174,60,64,1,125,1039905
fd00::207:7:7:7,19,0,1,209,229,1050561,96,92,60,12,138,100,-81,102,177,60,142,1,105,1050703
fd00::207:7:7:7,19,0,1,209,229,1061281,97,93,60,12,53,100,-81,103,179,60,76,1,185,1061357
fd00::207:7:7:7,19,0,1,209,229,1072001,98,94,60,12,59,100,-81,104,181,60,74,1,142,1072075
fd00::207:7:7:7,19,0,1,209,229,1082721,99,95,60,12,59,100,-81,105,183,60,51,1,74,1082772
fd00::207:7:7:7,19,0,1,210,230,1093441,100,96,60,12,27,100,-81,106,185,60,42,1,39,1093483
fd00::207:7:7:7,19,0,1,210,230,1104161,101,97,60,12,45,100,-81,107,187,60,75,1,127,1104236
fd00::207:7:7:7,19,0,0,210,229,1114881,102,98,60,12,61,100,-81,108,189,60,72,1,128,1114953
fd00::207:7:7:7,19,0,1,209,229,1125601,103,99,60,12,105,100,-81,109,191,60,53,1,106,1125654
fd00::207:7:7:7,19,0,1,209,229,1136321,104,100,60,12,70,100,-81,110,193,60,54,1,65,1136375
fd00::207:7:7:7,19,0,1,209,229,1147041,105,101,60,12,54,100,-81,111,195,60,70,1,73,1147111
fd00::207:7:7:7,19,0,1,209,229,1157761,106,102,60,12,79,100,-81,112,197,60,60,1,89,1157821
fd00::207:7:7:7,19,0,1,209,229,1168481,107,103,60,12,74,100,-81,113,199,60,87,1,126,1168568
fd00::207:7:7:7,19,0,0,210,229,1179201,108,104,60,12,132,100,-81,114,201,60,57,1,105,1179258
fd00::207:7:7:7,19,0,1,209,229,1189921,109,105,60,12,70,100,-81,115,203,60,58,1,137,1189979
fd00::207:7:7:7,19,0,1,209,229,1200641,110,107,60,12,159,100,-81,117,206,60,115,1,116,1200756
fd00::207:7:7:7,19,0,1,209,229,1211361,111,108,60,12,148,100,-81,118,208,60,62,1,198,1211423
fd00::207:7:7:7,19,0,1,209,229,1222081,112,109,60,12,77,100,-81,119,210,60,77,1,109,1222158
fd00::207:7:7:7,19,0,1,209,229,1232801,113,110,60,12,277,100,-81,120,212,60,81,1,268,1232882
fd00::207:7:7:7,19,0,1,210,230,1243521,114,111,60,12,52,100,-81,121,214,60,92,1,82,1243613
fd00::207:7:7:7,19,0,0,210,229,1254241,115,112,60,12,42,100,-81,122,216,60,80,1,53,1254321
fd00::207:7:7:7,19,0,1,209,229,1264961,116,113,60,12,56,100,-81,123,218,60,84,1,63,1265045
fd00::207:7:7:7,19,0,0,210,229,1275681,117,114,60,12,100,100,-81,124,220,60,90,1,114,1275771
fd00::207:7:7:7,19,0,0,210,229,1286401,118,115,60,12,129,100,-81,125,222,60,47,1,106,1286448
fd00::207:7:7:7,19,0,0,210,229,1297121,119,116,60,12,438,100,-81,126,224,60,77,1,266,1297198
fd00::207:7:7:7,19,0,1,209,229,1307841,120,117,60,12,45,100,-81,127,226,60,64,1,156,1307905
fd00::207:7:7:7,19,0,1,209,229,1318561,121,118,60,12,104,100,-81,128,228,60,96,1,114,1318657
fd00::207:7:7:7,19,0,1,210,230,1329281,122,119,60,12,27,100,-81,129,230,60,81,1,74,1329362
fd00::207:7:7:7,19,0,1,209,229,1340001,123,120,60,12,79,100,-81,131,232,60,77,1,172,1340078
fd00::207:7:7:7,19,0,1,209,229,1350721,124,122,60,12,158,100,-81,132,235,60,53,1,292,1350774
fd00::207:7:7:7,19,0,0,210,229,1361441,125,123,60,12,50,100,-81,133,237,60,71,1,64,1361512
fd00::207:7:7:7,19,0,1,209,229,1372161,126,124,60,12,261,100,-81,134,239,60,63,1,241,1372224
fd00::207:7:7:7,19,0,0,210,229,1382881,127,125,60,12,115,100,-81,135,241,60,75,1,86,1382956
fd00::207:7:7:7,19,0,0,210,229,1393601,128,126,60,12,150,100,-81,136,243,60,87,1,106,1393688
fd00::207:7:7:7,19,0,1,209,229,1404321,129,127,60,12,146,100,-81,137,245,60,69,1,125,1404390
fd00::207:7:7:7,19,0,0,210,229,1415041,130,128,60,12,117,100,-81,138,247,60,84,1,78,1415125
fd00::207:7:7:7,19,0,0,210,229,1425761,131,129,60,12,263,100,-81,139,249,60,69,1,178,1425830
fd00::207:7:7:7,19,0,0,210,229,1436481,132,130,60,12,59,100,-81,140,251,60,103,1,69,1436584
fd00::207:7:7:7,19,0,1,210,230,1447201,133,131,60,12,40,100,-81,141,253,60,68,1,82,1447269
fd00::207:7:7:7,19,0,0,210,229,1457921,134,132,60,12,435,100,-81,142,255,60,81,1,262,1458002
fd00::207:7:7:7,19,0,0,210,229,1468641,135,133,60,12,37,100,-81,143,257,60,98,1,87,1468739
fd00::207:7:7:7,19,0,0,210,229,1479361,136,134,60,12,69,100,-81,144,259,60,97,1,97,1479458
fd00::207:7:7:7,19,0,0,210,229,1490084,137,136,60,12,67,100,-81,146,262,60,167,1,61,1490251
fd00::207:7:7:7,19,0,2,208,229,1500801,138,137,60,12,244,100,-81,147,264,60,61,1,167,1500862
fd00::207:7:7:7,19,0,0,210,229,1511521,139,138,60,12,85,100,-81,148,266,60,56,1,124,1511577
fd00::207:7:7:7,19,0,0,210,229,1522241,140,139,60,12,59,100,-81,149,268,60,71,1,64,1522312
fd00::207:7:7:7,19,0,0,210,229,1532961,141,140,60,12,157,100,-81,150,270,60,84,1,257,1533045
fd00::207:7:7:7,19,0,0,210,229,1543681,142,141,60,12,186,100,-81,151,272,60,99,1,144,1543780
fd00::207:7:7:7,19,0,0,210,229,1554401,143,142,60,12,194,100,-81,152,274,60,75,1,166,1554476
fd00::207:7:7:7,19,0,0,210,229,1565121,144,143,60,12,30,100,-81,153,276,60,49,1,69,1565170
fd00::207:7:7:7,19,0,1,209,229,1575841,145,144,60,12,94,100,-81,154,278,60,75,1,72,1575916
fd00::207:7:7:7,19,0,1,209,229,1586561,146,145,60,12,51,100,-81,155,280,60,92,1,134,1586653
fd00::207:7:7:7,19,0,1,209,229,1597281,147,146,60,12,117,100,-81,156,282,60,94,1,138,1597375
fd00::207:7:7:7,19,0,1,210,230,1608001,148,147,60,12,86,100,-81,157,284,60,73,1,102,1608074
fd00::207:7:7:7,19,0,1,209,229,1618721,149,148,60,12,68,100,-81,158,286,60,107,1,97,1618828
fd00::207:7:7:7,19,0,0,210,229,1629441,150,149,60,12,79,100,-81,159,288,60,75,1,93,1629516
fd00::207:7:7:7,19,0,1,209,229,1640161,151,151,60,12,47,100,-81,161,291,60,400,1,124,1640561
fd00::207:7:7:7,19,0,1,209,229,1650881,152,152,60,12,147,100,-81,162,293,60,57,1,275,1650938
fd00::207:7:7:7,19,0,1,210,230,1661601,153,153,60,12,32,100,-81,163,295,60,77,1,63,1661678
fd00::207:7:7:7,19,0,1,209,229,1672321,154,154,60,12,38,100,-81,164,297,60,95,1,103,1672416
fd00::207:7:7:7,19,0,1,209,229,1683041,155,155,60,12,80,100,-81,165,299,60,125,1,244,1683166
fd00::207:7:7:7,19,0,1,209,229,1693761,156,156,60,12,59,100,-81,166,301,60,84,1,85,1693845
fd00::207:7:7:7,19,0,0,210,229,1704481,157,157,60,12,70,100,-81,167,303,60,75,1,61,1704556
fd00::207:7:7:7,19,0,0,210,229,1715201,158,158,60,12,67,100,-81,168,305,60,88,1,103,1715289
fd00::207:7:7:7,19,0,1,209,229,1725921,159,159,60,12,80,100,-81,169,307,60,89,1,140,1726010
fd00::207:7:7:7,19,0,1,210,230,1736641,160,160,60,12,27,100,-81,170,309,60,108,1,80,1736749
fd00::207:7:7:7,19,0,1,209,229,1747361,161,161,60,12,73,100,-81,171,311,60,88,1,161,1747449
fd00::207:7:7:7,19,0,1,209,229,1758081,162,162,60,12,49,100,-81,172,313,60,58,1,193,1758139
fd00::207:7:7:7,19,0,0,210,229,1768801,163,163,60,12,46,100,-81,173,315,60,78,1,62,1768879
fd00::207:7:7:7,19,0,0,210,229,1779521,164,164,60,12,128,100,-81,174,317,60,84,1,118,1779605
fd00::207:7:7:7,19,0,1,209,229,1790246,165,166,60,12,50,100,-81,176,320,60,173,1,77,1790419
fd00::207:7:7:7,19,0,1,209,229,1800961,166,167,60,12,124,100,-81,177,322,60,47,1,158,1801008
fd00::207:7:7:7,19,0,0,210,229,1811681,167,168,60,12,76,100,-81,178,324,60,46,1,70,1811727
fd00::207:7:7:7,19,0,1,210,230,1822401,168,169,60,12,133,100,-81,179,326,60,72,1,103,1822473
fd00::207:7:7:7,19,0,1,209,229,1833121,169,170,60,12,65,100,-81,180,328,60,73,1,120,1833194
fd00::207:7:7:7,19,0,1,209,229,1843841,170,171,60,12,139,100,-81,181,330,60,58,1,106,1843899
fd00::207:7:7:7,19,0,0,210,229,1854561,171,172,60,12,106,100,-81,182,332,60,49,1,87,1854610
fd00::207:7:7:7,19,0,0,210,229,1865281,172,173,60,12,37,100,-81,183,334,60,93,1,250,1865374
fd00::207:7:7:7,19,0,0,210,229,1876001,173,174,60,12,50,100,-81,184,336,60,68,1,58,1876069
fd00::207:7:7:7,19,0,0,210,229,1886721,174,175,60,12,79,100,-81,185,338,60,85,1,117,1886806
fd00::207:7:7:7,19,0,0,210,229,1897441,175,176,60,12,53,100,-81,186,340,60,76,1,88,1897517
fd00::207:7:7:7,19,0,0,210,229,1908161,176,177,60,12,58,100,-81,187,342,60,47,1,85,1908208
fd00::207:7:7:7,19,0,0,210,229,1918881,177,178,60,12,49,100,-81,188,344,60,77,1,164,1918958
fd00::207:7:7:7,19,0,0,210,229,1929601,178,179,60,12,79,100,-81,189,346,60,73,1,151,1929674
fd00::207:7:7:7,19,0,1,209,229,1940321,179,181,60,12,81,100,-81,191,349,60,397,1,80,1940718
fd00::207:7:7:7,19,0,1,209,229,1951041,180,182,60,12,99,100,-81,192,351,60,83,1,80,1951124
fd00::207:7:7:7,19,0,1,209,229,1961761,181,183,60,12,50,100,-81,193,353,60,84,1,110,1961845
fd00::207:7:7:7,19,0,0,210,229,1972481,182,184,60,12,84,100,-81,194,355,60,97,1,87,1972578
fd00::207:7:7:7,19,0,0,210,229,1983201,183,185,60,12,28,100,-81,195,357,60,188,1,93,1983389
fd00::207:7:7:7,19,0,1,209,229,1993921,184,186,60,12,68,100,-81,196,359,60,75,1,64,1993996
fd00::207:7:7:7,19,0,1,209,229,2004641,185,187,60,12,55,100,-81,197,361,60,54,1,95,2004695
fd00::207:7:7:7,19,0,0,210,229,2015361,186,188,60,12,57,100,-81,198,363,60,42,1,104,2015403
fd00::207:7:7:7,19,0,1,210,230,2026081,187,189,60,12,115,100,-81,199,365,60,54,1,111,2026135
fd00::207:7:7:7,19,0,0,210,229,2036801,188,190,60,12,32,100,-81,200,367,60,91,1,47,2036892
fd00::207:7:7:7,19,0,1,209,229,2047521,189,191,60,12,69,100,-81,201,369,60,89,1,127,2047610
fd00::207:7:7:7,19,0,0,210,229,2058241,190,192,60,12,70,100,-81,202,371,60,73,1,73,2058314
fd00::207:7:7:7,19,0,0,210,229,2068961,191,193,60,12,72,100,-81,203,373,60,62,1,113,2069023
fd00::207:7:7:7,19,0,1,210,230,2079681,192,194,60,12,131,100,-81,204,375,60,60,1,101,2079741
fd00::207:7:7:7,19,0,1,209,229,2090401,193,196,60,12,168,100,-81,206,378,60,93,1,171,2090494
fd00::207:7:7:7,19,0,1,209,229,2101121,194,197,60,12,107,100,-81,207,380,60,85,1,129,2101206
fd00::207:7:7:7,19,0,1,209,229,2111841,195,198,60,12,45,100,-81,208,382,60,66,1,152,2111907
fd00::207:7:7:7,19,0,0,210,229,2122561,196,199,60,12,123,100,-81,209,384,60,74,1,114,2122635
fd00::207:7:7:7,19,0,1,209,229,2133281,197,200,60,12,72,100,-81,210,386,60,67,1,99,2133348
fd00::207:7:7:7,19,0,1,209,229,2144001,198,201,60,12,97,100,-81,211,388,60,94,1,165,2144095
fd00::207:7:7:7,19,0,1,209,229,2154721,199,202,60,12,30,100,-81,212,390,60,89,1,119,2154810
fd00::207:7:7:7,19,0,0,210,229,2165441,200,203,60,12,40,100,-81,213,392,60,76,1,80,2165517
fd00::207:7:7:7,19,0,0,210,229,2176161,201,204,60,12,178,100,-81,214,394,60,69,1,108,2176230
fd00::207:7:7:7,19,0,0,210,229,2186881,202,205,60,12,271,100,-81,215,396,60,69,1,179,2186950
fd00::207:7:7:7,19,0,0,210,229,2197601,203,206,60,12,84,100,-81,216,398,60,84,1,81,2197685
fd00::207:7:7:7,19,0,1,209,229,2208321,204,207,60,12,45,100,-81,217,400,60,43,1,84,2208364
fd00::207:7:7:7,19,0,1,209,229,2219041,205,208,60,12,321,100,-81,218,402,60,83,1,242,2219124
fd00::207:7:7:7,19,0,0,210,229,2229761,206,209,60,12,79,100,-81,219,404,60,81,1,87,2229842
fd00::207:7:7:7,19,0,1,209,229,2240481,207,211,60,12,50,100,-81,221,407,60,84,1,56,2240565
fd00::207:7:7:7,19,0,1,209,229,2251201,208,212,60,12,62,100,-81,222,409,60,81,1,194,2251282
fd00::207:7:7:7,19,0,0,210,229,2261921,209,213,60,12,71,100,-81,223,411,60,73,1,80,2261994
fd00::207:7:7:7,19,0,1,209,229,2272641,210,214,60,12,45,100,-81,224,413,60,53,1,127,2272694
fd00::207:7:7:7,19,0,0,210,229,2283361,211,215,60,12,133,100,-81,225,415,60,91,1,104,2283452
fd00::207:7:7:7,19,0,0,210,229,2294081,212,216,60,12,41,100,-81,226,417,60,57,1,215,2294138
fd00::207:7:7:7,19,0,1,209,229,2304801,213,217,60,12,66,100,-81,227,419,60,84,1,158,2304885
fd00::207:7:7:7,19,0,1,209,229,2315521,214,218,60,12,118,100,-81,228,421,60,62,1,132,2315583
fd00::207:7:7:7,19,0,0,210,229,2326241,215,219,60,12,58,100,-81,229,423,60,87,1,131,2326328
fd00::207:7:7:7,19,0,1,210,230,2336961,216,220,60,12,81,100,-81,230,425,60,58,1,136,2337019
fd00::207:7:7:7,19,0,0,210,229,2347681,217,221,60,12,70,100,-81,231,427,60,50,1,109,2347731
fd00::207:7:7:7,19,0,1,210,230,2358401,218,222,60,12,50,100,-81,232,429,60,40,1,67,2358441
fd00::207:7:7:7,19,0,0,210,229,2369121,219,223,60,12,99,100,-81,233,431,60,52,1,96,2369173
fd00::207:7:7:7,19,0,0,210,229,2379841,220,224,60,12,70,100,-81,234,433,60,93,1,196,2379934
fd00::207:7:7:7,19,0,1,209,229,2390561,221,226,60,12,255,100,-81,236,436,60,168,1,178,2390729
fd00::207:7:7:7,19,0,1,209,229,2401281,222,227,60,12,139,100,-81,237,438,60,89,1,176,2401370
fd00::207:7:7:7,19,0,1,209,229,2412001,223,228,60,12,182,100,-81,238,440,60,81,1,302,2412082
fd00::207:7:7:7,19,0,0,210,229,2422721,224,229,60,12,37,100,-81,239,442,60,71,1,70,2422792
fd00::207:7:7:7,19,0,0,210,229,2433441,225,230,60,12,121,100,-81,240,444,60,63,1,105,2433504
fd00::207:7:7:7,19,0,0,210,229,2444161,226,231,60,12,308,100,-81,241,446,60,57,1,203,2444218
fd00::207:7:7:7,19,0,1,209,229,2454881,227,232,60,12,133,100,-81,242,448,60,79,1,103,2454960
fd00::207:7:7:7,19,0,1,209,229,2465601,228,233,60,12,87,100,-81,243,450,60,58,1,164,2465659
fd00::207:7:7:7,19,0,0,210,229,2476321,229,234,60,12,110,100,-81,244,452,60,86,1,84,2476407
fd00::207:7:7:7,19,0,0,210,229,2487041,230,235,60,12,246,100,-81,245,454,60,62,1,217,2487103
fd00::207:7:7:7,19,0,1,209,229,2497761,231,236,60,12,39,100,-81,246,456,60,48,1,55,2497809
fd00::207:7:7:7,19,0,0,210,229,2508481,232,237,60,12,142,100,-81,247,458,60,77,1,129,2508558
fd00::207:7:7:7,19,0,1,209,229,2519201,233,238,60,12,58,100,-81,248,460,60,55,1,61,2519256
fd00::207:7:7:7,19,0,1,209,229,2529921,234,239,60,12,126,100,-81,249,462,60,54,1,172,2529975
fd00::207:7:7:7,19,0,1,209,229,2540641,235,241,60,12,57,100,-81,251,465,60,96,1,76,2540737
fd00::207:7:7:7,19,0,1,209,229,2551361,236,242,60,12,19,100,-81,252,467,60,63,1,113,2551424
fd00::207:7:7:7,19,0,0,210,229,2562081,237,243,60,12,89,100,-81,253,469,60,48,1,90,2562129
fd00::207:7:7:7,19,0,0,210,229,2572801,238,244,60,12,195,100,-81,254,471,60,72,1,160,2572873
fd00::207:7:7:7,19,0,0,210,229,2583521,239,245,60,12,281,100,-81,255,473,60,55,1,236,2583576
fd00::207:7:7:7,19,0,1,209,229,2594241,240,246,60,12,38,100,-81,256,475,60,70,1,100,2594311
fd00::207:7:7:7,19,0,0,210,229,2604961,241,247,60,12,37,100,-81,257,477,60,71,1,164,2605032
fd00::207:7:7:7,19,0,1,209,229,2615681,242,248,60,12,65,100,-81,258,479,60,71,1,159,2615752
fd00::207:7:7:7,19,0,1,209,229,2626401,243,249,60,12,68,100,-81,259,481,60,77,1,108,2626478
fd00::207:7:7:7,19,0,1,209,229,2637121,244,250,60,12,127,100,-81,260,483,60,49,1,218,2637170
fd00::207:7:7:7,19,0,0,210,229,2647841,245,251,60,12,35,100,-81,261,485,60,72,1,91,2647913
fd00::207:7:7:7,19,0,0,210,229,2658561,246,252,60,12,41,100,-81,262,487,60,72,1,109,2658633
fd00::207:7:7:7,19,0,1,209,229,2669281,247,253,60,12,200,100,-81,263,489,60,90,1,215,2669371
fd00::207:7:7:7,19,0,1,209,229,2690721,249,256,60,12,65,100,-81,266,493,60,35,1,81,2690756
fd00::207:7:7:7,19,0,0,210,229,2701441,250,257,60,12,76,100,-81,267,495,60,77,1,106,2701518
fd00::207:7:7:7,19,0,0,210,229,2712161,251,258,60,12,47,100,-81,268,497,60,85,1,74,2712246
fd00::207:7:7:7,19,0,0,210,229,2722881,252,259,60,12,58,100,-81,269,499,60,105,1,129,2722986
fd00::207:7:7:7,19,0,0,210,229,2733601,253,260,60,12,65,100,-81,270,501,60,79,1,168,2733680
fd00::207:7:7:7,19,0,0,210,229,2744321,254,261,60,12,44,100,-81,271,503,60,103,1,93,2744424
fd00::207:7:7:7,19,0,1,209,229,2755041,255,262,60,12,60,100,-81,272,505,60,78,1,185,2755119
fd00::207:7:7:7,19,0,1,209,229,2765761,256,263,60,12,45,100,-81,273,507,60,35,1,71,2765796
fd00::207:7:7:7,19,0,1,209,229,2776481,257,264,60,12,126,100,-81,274,509,60,66,1,97,2776547
fd00::207:7:7:7,19,0,0,210,229,2787201,258,265,60,12,37,100,-81,275,511,60,53,1,97,2787254
fd00::207:7:7:7,19,0,0,210,229,2797921,259,266,60,12,78,100,-81,276,513,60,76,1,90,2797997
fd00::207:7:7:7,19,0,0,210,229,2808641,260,267,60,12,205,100,-81,277,515,60,63,1,143,2808704
fd00::207:7:7:7,19,0,0,210,229,2819361,261,268,60,12,54,100,-81,278,517,60,54,1,68,2819415
fd00::207:7:7:7,19,0,1,210,230,2830081,262,269,60,12,66,100,-81,280,519,60,95,1,149,2830176
fd00::207:7:7:7,19,0,1,209,229,2840801,263,271,60,12,29,100,-81,281,522,60,87,1,63,2840888
fd00::207:7:7:7,19,0,0,210,229,2851521,264,272,60,12,84,100,-81,282,524,60,83,1,115,2851604
fd00::207:7:7:7,19,0,0,210,229,2862241,265,273,60,12,102,100,-81,283,526,60,84,1,156,2862325
fd00::207:7:7:7,19,0,1,210,230,2872961,266,274,60,12,68,100,-81,284,528,60,110,1,115,2873071
fd00::207:7:7:7,19,0,1,209,229,2883681,267,275,60,12,56,100,-81,285,530,60,47,1,111,2883728
fd00::207:7:7:7,19,0,0,210,229,2894401,268,276,60,12,146,100,-81,286,532,60,77,1,112,2894478
fd00::207:7:7:7,19,0,0,210,229,2905121,269,277,60,12,96,100,-81,287,534,60,83,1,125,2905204
fd00::207:7:7:7,19,0,0,210,229,2915841,270,278,60,12,155,100,-81,288,536,60,76,1,253,2915917
fd00::207:7:7:7,19,0,0,210,229,2926561,271,279,60,12,60,100,-81,289,538,60,197,1,62,2926758
fd00::207:7:7:7,19,0,1,209,229,2937281,272,280,60,12,37,100,-81,290,540,60,58,1,108,2937339
fd00::207:7:7:7,19,0,0,210,229,2948001,273,281,60,12,98,100,-81,291,542,60,105,1,88,2948106
fd00::207:7:7:7,19,0,0,210,229,2958721,274,282,60,12,97,100,-81,292,544,60,53,1,102,2958774
fd00::207:7:7:7,19,0,1,209,229,2969441,275,283,60,12,40,100,-81,293,546,60,83,1,151,2969524
fd00::207:7:7:7,19,0,1,209,229,2980161,276,284,60,12,74,100,-81,295,548,60,247,1,123,2980408
fd00::207:7:7:7,19,0,2,208,229,2990881,277,286,60,12,118,100,-81,296,551,60,85,1,113,2990966
fd00::207:7:7:7,19,0,0,210,229,3001601,278,287,60,12,57,100,-81,297,553,60,99,1,117,3001700
fd00::207:7:7:7,19,0,0,210,229,3012321,279,288,60,12,64,100,-81,298,555,60,46,1,66,3012367
fd00::207:7:7:7,19,0,1,210,230,3023041,280,289,60,12,40,100,-81,299,557,60,76,1,84,3023117
fd00::207:7:7:7,19,0,0,210,229,3033761,281,290,60,12,79,100,-81,300,559,60,38,1,90,3033799
fd00::207:7:7:7,19,0,0,210,229,3044481,282,291,60,12,120,100,-81,301,561,60,40,1,99,3044521
fd00::207:7:7:7,19,0,0,210,229,3055201,283,292,60,12,71,100,-81,302,563,60,108,1,105,3055309
fd00::207:7:7:7,19,0,0,210,229,3065921,284,293,60,12,80,100,-81,303,565,60,76,1,58,3065997
fd00::207:7:7:7,19,0,1,209,229,3076641,285,294,60,12,84,100,-81,304,567,60,66,1,88,3076707
fd00::207:7:7:7,19,0,1,209,229,3087361,286,295,60,12,82,100,-81,305,569,60,72,1,93,3087433
fd00::207:7:7:7,19,0,0,210,229,3098081,287,296,60,12,103,100,-81,306,571,60,74,1,107,3098155
fd00::207:7:7:7,19,0,0,210,229,3108801,288,297,60,12,85,100,-81,307,573,60,61,1,86,3108862
fd00::207:7:7:7,19,0,0,210,229,3119521,289,298,60,12,308,100,-81,308,575,60,76,1,261,3119597
fd00::207:7:7:7,19,0,1,209,229,3130241,290,300,60,12,79,100,-81,310,578,60,264,1,73,3130505
fd00::207:7:7:7,19,0,1,209,229,3140961,291,301,60,12,134,100,-81,311,580,60,85,1,176,3141046
fd00::207:7:7:7,19,0,1,209,229,3151681,292,302,60,12,102,100,-81,312,582,60,76,1,130,3151757
fd00::207:7:7:7,19,0,1,209,229,3162401,293,303,60,12,83,100,-81,313,584,60,55,1,68,3162456
fd00::207:7:7:7,19,0,0,210,229,3173121,294,304,60,12,60,100,-81,314,586,60,70,1,74,3173191
fd00::207:7:7:7,19,0,0,210,229,3183841,295,305,60,12,100,100,-81,315,588,60,46,1,165,3183887
fd00::207:7:7:7,19,0,0,210,229,3194561,296,306,60,12,60,100,-81,316,590,60,56,1,75,3194617
fd00::207:7:7:7,19,0,0,210,229,3205281,297,307,60,12,88,100,-81,317,592,60,60,1,84,3205341
fd00::207:7:7:7,19,0,0,210,229,3216001,298,308,60,12,57,100,-81,318,594,60,69,1,90,3216070
fd00::207:7:7:7,19,0,0,210,229,3226721,299,309,60,12,128,100,-81,319,596,60,53,1,86,3226774
fd00::207:7:7:7,19,0,1,210,230,3237441,300,310,60,12,324,100,-81,320,598,60,87,1,207,3237528
fd00::207:7:7:7,19,0,0,210,229,3248161,301,311,60,12,216,100,-81,321,600,60,102,1,146,3248263
fd00::207:7:7:7,19,0,1,209,229,3258881,302,312,60,12,143,100,-81,322,602,60,48,1,124,3258929
fd00::207:7:7:7,19,0,0,210,229,3269601,303,313,60,12,160,100,-81,323,604,60,86,1,169,3269687
fd00::207:7:7:7,19,0,1,209,229,3280321,304,315,60,12,112,100,-81,325,607,60,306,1,173,3280627
fd00::207:7:7:7,19,0,1,209,229,3291041,305,316,60,12,49,100,-81,326,609,60,73,1,73,3291114
fd00::207:7:7:7,19,0,0,210,229,3301761,306,317,60,12,68,100,-81,327,611,60,73,1,162,3301834
fd00::207:7:7:7,19,0,1,209,229,3312481,307,318,60,12,37,100,-81,328,613,60,53,1,118,3312534
fd00::207:7:7:7,19,0,0,210,229,3323201,308,319,60,12,68,100,-81,329,615,60,91,1,72,3323292
fd00::207:7:7:7,19,0,0,210,229,3333921,309,320,60,12,96,100,-81,330,617,60,77,1,102,3333998
fd00::207:7:7:7,19,0,0,210,229,3344641,310,321,60,12,32,100,-81,331,619,60,35,1,80,3344676
fd00::207:7:7:7,19,0,1,209,229,3355361,311,322,60,12,97,100,-81,332,621,60,51,1,104,3355412
fd00::207:7:7:7,19,0,0,210,229,3366081,312,323,60,12,43,100,-81,333,623,60,47,1,122,3366128
fd00::207:7:7:7,19,0,0,210,229,3376801,313,324,60,12,215,100,-81,334,625,60,100,1,132,3376901
fd00::207:7:7:7,19,0,1,209,229,3387521,314,325,60,12,127,100,-81,335,627,60,38,1,123,3387559
fd00::207:7:7:7,19,0,1,210,230,3398241,315,326,60,12,57,100,-81,336,629,60,55,1,105,3398296
fd00::207:7:7:7,19,0,0,210,229,3408961,316,327,60,12,94,100,-81,337,631,60,75,1,80,3409036
fd00::207:7:7:7,19,0,1,209,229,3419681,317,328,60,12,276,100,-81,338,633,60,69,1,242,3419750
fd00::207:7:7:7,19,0,1,209,229,3430401,318,330,60,12,118,100,-81,340,636,60,62,1,128,3430463
fd00::207:7:7:7,19,0,1,209,229,3441121,319,331,60,12,66,100,-81,341,638,60,91,1,67,3441212
fd00::207:7:7:7,19,0,1,209,229,3451841,320,332,60,12,72,100,-81,342,640,60,49,1,74,3451890
fd00::207:7:7:7,19,0,1,209,229,3462561,321,333,60,12,105,100,-81,343,642,60,80,1,176,3462641
fd00::207:7:7:7,19,0,1,210,230,3473281,322,334,60,12,235,100,-81,344,644,60,92,1,272,3473373
fd00::207:7:7:7,19,0,1,209,229,3484001,323,335,60,12,58,100,-81,345,646,60,36,1,66,3484037
fd00::207:7:7:7,19,0,1,210,230,3494721,324,336,60,12,120,100,-81,346,648,60,53,1,104,3494774
fd00::207:7:7:7,19,0,1,209,229,3505441,325,337,60,12,41,100,-81,347,650,60,72,1,116,3505513
fd00::207:7:7:7,19,0,1,210,230,3516161,326,338,60,12,194,100,-81,348,652,60,69,1,139,3516230
fd00::207:7:7:7,19,0,1,210,230,3526881,327,339,60,12,75,100,-81,349,654,60,124,1,70,3527005
fd00::207:7:7:7,19,0,0,210,229,3537601,328,340,60,12,42,100,-81,350,656,60,97,1,83,3537698
fd00::207:7:7:7,19,0,0,210,229,3548321,329,341,60,12,108,100,-81,351,658,60,66,1,155,3548387
fd00::207:7:7:7,19,0,1,209,229,3559041,330,342,60,12,68,100,-81,352,660,60,88,1,82,3559129
fd00::207:7:7:7,19,0,1,209,229,3569761,331,343,60,12,50,100,-81,353,662,60,53,1,74,3569814
fd00::207:7:7:7,19,0,1,209,229,3580481,332,345,60,12,40,100,-81,355,665,60,80,1,96,3580561
fd00::207:7:7:7,19,0,1,209,229,3591201,333,346,60,12,125,100,-81,356,667,60,91,1,108,3591292
fd00::208:8:8:8,129,0,0,1416,1545,71940,1,0,60,0,0,0,0,0,1,60,18446744073709551433,4,0,71757
fd00::208:8:8:8,18,0,0,202,220,82217,2,0,60,0,0,0,0,1,2,60,18446744073709551438,4,0,82039
fd00::208:8:8:8,18,0,0,202,220,92494,3,0,60,0,0,0,0,2,3,60,18446744073709551464,4,0,92342
fd00::208:8:8:8,18,0,0,202,220,102771,4,0,60,0,0,0,0,3,4,60,18446744073709551380,4,0,102535
fd00::208:8:8:8,18,0,0,202,220,113048,5,0,60,0,0,0,0,4,5,60,18446744073709551433,4,0,112865
fd00::208:8:8:8,18,0,0,202,220,123325,6,0,60,0,0,0,0,5,6,60,18446744073709551437,4,0,123146
fd00::208:8:8:8,18,0,0,202,220,133602,7,0,60,0,0,0,0,6,7,60,18446744073709551479,4,0,133465
fd00::208:8:8:8,18,0,0,202,220,143879,8,0,60,0,0,0,0,7,8,60,18446744073709551434,4,0,143697
fd00::208:8:8:8,18,0,0,202,220,154156,9,0,60,0,0,0,0,8,9,60,18446744073709551448,4,0,153988
fd00::208:8:8:8,18,0,0,202,220,164433,10,0,60,0,0,0,0,9,10,60,18446744073709551435,4,0,164252
fd00::208:8:8:8,18,0,0,202,220,174710,11,0,60,0,0,0,0,10,11,60,18446744073709551405,4,0,174499
fd00::208:8:8:8,18,0,0,202,220,184987,12,0,60,0,0,0,0,11,12,60,18446744073709551414,4,0,184785
fd00::208:8:8:8,18,0,0,202,220,195264,13,0,60,0,0,0,0,12,13,60,18446744073709551437,4,0,195085
fd00::208:8:8:8,18,0,0,202,220,205541,14,0,60,0,0,0,0,13,14,60,18446744073709551407,4,0,205332
fd00::208:8:8:8,18,0,0,202,220,215818,15,0,60,0,0,0,0,14,15,60,18446744073709551490,4,0,215692
fd00::208:8:8:8,18,0,0,202,220,226095,16,0,60,0,0,0,0,15,16,60,18446744073709551500,4,0,225979
fd00::208:8:8:8,18,0,0,202,220,236372,17,0,60,0,0,0,0,16,17,60,18446744073709551427,4,0,236183
fd00::208:8:8:8,18,0,0,202,220,246649,18,0,60,0,0,0,0,17,18,60,18446744073709551455,4,0,246488
fd00::208:8:8:8,18,0,0,202,220,256926,19,0,60,0,0,0,0,18,19,60,18446744073709551467,4,0,256777
fd00::208:8:8:8,18,0,0,202,220,267203,20,0,60,0,0,0,0,19,20,60,18446744073709551416,4,0,267003
fd00::208:8:8:8,18,0,0,202,220,277480,21,0,60,0,0,0,0,20,21,60,18446744073709551422,4,0,277286
fd00::208:8:8:8,18,0,0,202,220,287757,22,0,60,0,0,0,0,21,22,60,18446744073709551424,4,0,287565
fd00::208:8:8:8,18,0,0,202,220,298034,23,0,60,0,0,0,0,22,23,60,18446744073709551425,4,0,297843
fd00::208:8:8:8,18,0,0,202,220,308311,24,0,60,0,0,0,0,23,24,60,18446744073709551471,4,0,308166
fd00::208:8:8:8,18,0,0,202,220,318588,25,0,60,0,0,0,0,24,25,60,18446744073709551477,4,0,318449
fd00::208:8:8:8,18,0,0,202,220,328865,26,0,60,0,0,0,0,25,26,60,18446744073709551482,4,0,328731
fd00::208:8:8:8,18,0,0,202,220,339142,27,0,60,0,0,0,0,26,27,60,18446744073709551393,4,0,338919
fd00::208:8:8:8,18,0,0,202,220,349419,28,0,60,0,0,0,0,27,28,60,18446744073709551482,4,0,349285
fd00::208:8:8:8,18,0,0,202,220,359696,29,0,60,0,0,0,0,28,29,60,18446744073709551412,4,0,359492
fd00::208:8:8:8,18,0,0,202,220,369973,30,0,60,0,0,0,0,29,30,60,18446744073709551453,4,0,369810
fd00::208:8:8:8,18,0,0,202,220,380250,31,0,60,0,0,0,0,31,31,60,167,4,0,380417
fd00::208:8:8:8,18,0,0,202,220,390527,32,0,60,0,0,0,0,32,32,60,18446744073709551609,4,0,390520
fd00::208:8:8:8,18,0,0,202,220,400804,33,0,60,0,0,0,0,33,33,60,18446744073709551493,4,0,400681
fd00::208:8:8:8,18,0,0,202,220,411081,34,0,60,0,0,0,0,34,34,60,18446744073709551427,4,0,410892
fd00::208:8:8:8,18,0,0,202,220,421358,35,0,60,0,0,0,0,35,35,60,18446744073709551470,4,0,421212
fd00::208:8:8:8,18,0,0,202,220,431635,36,0,60,0,0,0,0,36,36,60,18446744073709551444,4,0,431463
fd00::208:8:8:8,18,0,0,202,220,441912,37,0,60,0,0,0,0,37,37,60,18446744073709551398,4,0,441694
fd00::208:8:8:8,18,0,0,202,220,452189,38,0,60,0,0,0,0,38,38,60,18446744073709551468,4,0,452041
fd00::208:8:8:8,18,0,0,202,220,462466,39,0,60,0,0,0,0,39,39,60,18446744073709551453,4,0,462303
fd00::208:8:8:8,18,0,0,202,220,472743,40,0,60,0,0,0,0,40,40,60,18446744073709551462,4,0,472589
fd00::208:8:8:8,18,0,0,202,220,483020,41,0,60,0,0,0,0,41,41,60,18446744073709551417,4,0,482821
fd00::208:8:8:8,18,0,0,202,220,493297,42,0,60,0,0,0,0,42,42,60,18446744073709551413,4,0,493094
fd00::208:8:8:8,18,0,0,202,220,503574,43,0,60,0,0,0,0,43,43,60,18446744073709551482,4,0,503440
fd00::208:8:8:8,18,0,0,202,220,513851,44,0,60,0,0,0,0,44,44,60,18446744073709551514,4,0,513749
fd00::208:8:8:8,18,0,0,202,220,524128,45,0,60,0,0,0,0,45,45,60,18446744073709551445,4,0,523957
fd00::208:8:8:8,18,0,0,202,220,534405,46,0,60,0,0,0,0,46,46,60,18446744073709551425,4,0,534214
fd00::208:8:8:8,18,0,0,202,220,544682,47,0,60,0,0,0,0,47,47,60,18446744073709551427,4,0,544493
fd00::208:8:8:8,18,0,0,202,220,554959,48,0,60,0,0,0,0,48,48,60,18446744073709551394,4,0,554737
fd00::208:8:8:8,18,0,0,202,220,565236,49,0,60,0,0,0,0,49,49,60,18446744073709551491,4,0,565111
fd00::208:8:8:8,18,0,0,202,220,575513,50,0,60,0,0,0,0,50,50,60,18446744073709551462,4,0,575359
fd00::208:8:8:8,18,0,0,202,220,585790,51,0,60,0,0,0,0,51,51,60,18446744073709551428,4,0,585602
fd00::208:8:8:8,18,0,0,202,220,596067,52,0,60,0,0,0,0,52,52,60,18446744073709551411,4,0,595862
fd00::208:8:8:8,18,0,0,202,220,606344,53,0,60,0,0,0,0,53,53,60,18446744073709551459,4,0,606187
fd00::208:8:8:8,18,0,0,202,220,616621,54,0,60,0,0,0,0,54,54,60,18446744073709551429,4,0,616434
fd00::208:8:8:8,18,0,0,202,220,626898,55,0,60,0,0,0,0,55,55,60,18446744073709551419,4,0,626701
fd00::208:8:8:8,18,0,0,202,220,637175,56,0,60,0,0,0,0,56,56,60,18446744073709551432,4,0,636991
fd00::208:8:8:8,18,0,0,202,220,647452,57,0,60,0,0,0,0,57,57,60,18446744073709551427,4,0,647263
fd00::208:8:8:8,18,0,0,202,220,657729,58,0,60,0,0,0,0,58,58,60,18446744073709551399,4,0,657512
fd00::208:8:8:8,18,0,0,202,220,668006,59,0,60,0,0,0,0,59,59,60,18446744073709551413,4,0,667803
fd00::208:8:8:8,18,0,0,202,220,678283,60,0,60,0,0,0,0,60,60,60,18446744073709551462,4,0,678129
fd00::208:8:8:8,18,0,0,202,220,688560,61,0,60,0,0,0,0,61,61,60,18446744073709551434,4,0,688378
fd00::208:8:8:8,18,0,0,202,220,698837,62,0,60,0,0,0,0,62,62,60,18446744073709551442,4,0,698663
fd00::208:8:8:8,18,0,0,202,220,709114,63,0,60,0,0,0,0,63,63,60,18446744073709551456,4,0,708954
fd00::208:8:8:8,18,0,0,202,220,719391,64,0,60,0,0,0,0,64,64,60,18446744073709551440,4,0,719215
fd00::208:8:8:8,18,0,0,202,220,729668,65,0,60,0,0,0,0,65,65,60,18446744073709551475,4,0,729527
fd00::208:8:8:8,18,0,0,202,220,739945,66,0,60,0,0,0,0,66,66,60,18446744073709551435,4,0,739764
fd00::208:8:8:8,18,0,0,202,220,750222,67,0,60,0,0,0,0,68,67,60,106,4,0,750328
fd00::208:8:8:8,18,0,0,202,220,760499,68,0,60,0,0,0,0,69,68,60,18446744073709551432,4,0,760315
fd00::208:8:8:8,18,0,0,202,220,770776,69,0,60,0,0,0,0,70,69,60,18446744073709551527,4,0,770687
fd00::208:8:8:8,18,0,0,202,220,781053,70,0,60,0,0,0,0,71,70,60,18446744073709551454,4,0,780891
fd00::208:8:8:8,18,0,0,202,220,791330,71,0,60,0,0,0,0,72,71,60,18446744073709551433,4,0,791147
fd00::208:8:8:8,18,0,0,202,220,801607,72,0,60,0,0,0,0,73,72,60,18446744073709551434,4,0,801425
fd00::208:8:8:8,18,0,0,202,220,811884,73,0,60,0,0,0,0,74,73,60,18446744073709551455,4,0,811723
fd00::208:8:8:8,18,0,0,202,220,822161,74,0,60,0,0,0,0,75,74,60,18446744073709551411,4,0,821956
fd00::208:8:8:8,18,0,0,202,220,832438,75,0,60,0,0,0,0,76,75,60,18446744073709551415,4,0,832237
fd00::208:8:8:8,18,0,0,202,220,842715,76,0,60,0,0,0,0,77,76,60,18446744073709551450,4,0,842549
fd00::208:8:8:8,18,0,0,202,220,852992,77,0,60,0,0,0,0,78,77,60,18446744073709551414,4,0,852790
fd00::208:8:8:8,18,0,0,202,220,863269,78,0,60,0,0,0,0,79,78,60,18446744073709551440,4,0,863093
fd00::208:8:8:8,18,0,0,202,220,873546,79,0,60,0,0,0,0,80,79,60,18446744073709551432,4,0,873362
fd00::208:8:8:8,18,0,0,202,220,883823,80,0,60,0,0,0,0,81,80,60,18446744073709551404,4,0,883611
fd00::208:8:8:8,18,0,0,202,220,894100,81,0,60,0,0,0,0,82,81,60,18446744073709551428,4,0,893912
fd00::208:8:8:8,18,0,0,202,220,904377,82,0,60,0,0,0,0,83,82,60,18446744073709551456,4,0,904217
fd00::208:8:8:8,18,0,0,202,220,914654,83,0,60,0,0,0,0,84,83,60,18446744073709551430,4,0,914468
fd00::208:8:8:8,18,0,0,202,220,924931,84,0,60,0,0,0,0,85,84,60,18446744073709551412,4,0,924727
fd00::208:8:8:8,18,0,0,202,220,935208,85,0,60,0,0,0,0,86,85,60,18446744073709551406,4,0,934998
fd00::208:8:8:8,18,0,0,202,220,945485,86,0,60,0,0,0,0,87,86,60,18446744073709551485,4,0,945354
fd00::208:8:8:8,18,0,0,202,220,955762,87,0,60,0,0,0,0,88,87,60,18446744073709551412,4,0,955558
fd00::208:8:8:8,18,0,0,202,220,966039,88,0,60,0,0,0,0,89,88,60,18446744073709551414,4,0,965837
fd00::208:8:8:8,18,0,0,202,220,976316,89,0,60,0,0,0,0,90,89,60,18446744073709551429,4,0,976129
fd00::208:8:8:8,18,0,0,202,220,986593,90,0,60,0,0,0,0,91,90,60,18446744073709551428,4,0,986405
fd00::208:8:8:8,18,0,0,202,220,996870,91,0,60,0,0,0,0,92,91,60,18446744073709551484,4,0,996738
fd00::208:8:8:8,18,0,0,202,220,1007147,92,0,60,0,0,0,0,93,92,60,18446744073709551486,4,0,1007017
fd00::208:8:8:8,18,0,0,202,220,1017424,93,0,60,0,0,0,0,94,93,60,18446744073709551484,4,0,1017292
fd00::208:8:8:8,18,0,0,202,220,1027701,94,0,60,0,0,0,0,95,94,60,18446744073709551430,4,0,1027515
fd00::208:8:8:8,18,0,0,202,220,1037978,95,0,60,0,0,0,0,96,95,60,18446744073709551423,4,0,1037785
fd00::208:8:8:8,18,0,0,202,220,1048255,96,0,60,0,0,0,0,97,96,60,18446744073709551446,4,0,1048085
fd00::208:8:8:8,18,0,0,202,220,1058532,97,0,60,0,0,0,0,98,97,60,18446744073709551421,4,0,1058337
fd00::208:8:8:8,18,0,0,202,220,1068809,98,0,60,0,0,0,0,99,98,60,18446744073709551442,4,0,1068635
fd00::208:8:8:8,18,0,0,202,220,1079086,99,0,60,0,0,0,0,100,99,60,18446744073709551438,4,0,1078908
fd00::208:8:8:8,18,0,0,202,220,1089363,100,0,60,0,0,0,0,101,100,60,18446744073709551451,4,0,1089198
fd00::208:8:8:8,18,0,0,202,220,1099640,101,0,60,0,0,0,0,102,101,60,18446744073709551454,4,0,1099478
fd00::208:8:8:8,18,0,0,202,220,1109917,102,0,60,0,0,0,0,103,102,60,18446744073709551463,4,0,1109764
fd00::208:8:8:8,18,0,0,202,220,1120194,103,0,60,0,0,0,0,105,103,60,18446744073709551523,4,0,1120101
fd00::208:8:8:8,18,0,0,202,220,1130471,104,0,60,0,0,0,0,106,104,60,162,4,0,1130633
fd00::208:8:8:8,18,0,0,202,220,1140748,105,0,60,0,0,0,0,107,105,60,18446744073709551585,4,0,1140717
fd00::208:8:8:8,18,0,0,202,220,1151025,106,0,60,0,0,0,0,108,106,60,18446744073709551483,4,0,1150892
fd00::208:8:8:8,18,0,0,202,220,1161302,107,0,60,0,0,0,0,109,107,60,18446744073709551479,4,0,1161165
fd00::208:8:8:8,18,0,0,202,220,1171579,108,0,60,0,0,0,0,110,108,60,18446744073709551411,4,0,1171374
fd00::208:8:8:8,18,0,0,202,220,1181856,109,0,60,0,0,0,0,111,109,60,18446744073709551428,4,0,1181668
fd00::208:8:8:8,18,0,0,202,220,1192133,110,0,60,0,0,0,0,112,110,60,18446744073709551443,4,0,1191960
fd00::208:8:8:8,18,0,0,202,220,1202410,111,0,60,0,0,0,0,113,111,60,18446744073709551392,4,0,1202186
fd00::208:8:8:8,18,0,0,202,220,1212687,112,0,60,0,0,0,0,114,112,60,18446744073709551409,4,0,1212480
fd00::208:8:8:8,18,0,0,202,220,1222964,113,0,60,0,0,0,0,115,113,60,18446744073709551452,4,0,1222800
fd00::208:8:8:8,18,0,0,202,220,1233241,114,0,60,0,0,0,0,116,114,60,18446744073709551447,4,0,1233072
fd00::208:8:8:8,18,0,0,202,220,1243518,115,0,60,0,0,0,0,117,115,60,18446744073709551437,4,0,1243339
fd00::208:8:8:8,18,0,0,202,220,1253795,116,0,60,0,0,0,0,118,116,60,18446744073709551387,4,0,1253566
fd00::208:8:8:8,18,0,0,202,220,1264072,117,0,60,0,0,0,0,119,117,60,18446744073709551433,4,0,1263889
fd00::208:8:8:8,18,0,0,202,220,1274349,118,0,60,0,0,0,0,120,118,60,18446744073709551427,4,0,1274160
fd00::208:8:8:8,18,0,0,202,220,1284626,119,0,60,0,0,0,0,121,119,60,18446744073709551462,4,0,1284472
fd00::208:8:8:8,18,0,0,202,220,1294903,120,0,60,0,0,0,0,122,120,60,18446744073709551430,4,0,1294717
fd00::208:8:8:8,18,0,0,202,220,1305180,121,0,60,0,0,0,0,123,121,60,18446744073709551444,4,0,1305008
fd00::208:8:8:8,18,0,0,202,220,1315457,122,0,60,0,0,0,0,124,122,60,18446744073709551421,4,0,1315262
fd00::208:8:8:8,18,0,0,202,220,1325734,123,0,60,0,0,0,0,125,123,60,18446744073709551448,4,0,1325566
fd00::208:8:8:8,18,0,0,202,220,1336011,124,0,60,0,0,0,0,126,124,60,18446744073709551445,4,0,1335840
fd00::208:8:8:8,18,0,0,202,220,1346288,125,0,60,0,0,0,0,127,125,60,18446744073709551441,4,0,1346113
fd00::208:8:8:8,18,0,0,202,220,1356565,126,0,60,0,0,0,0,128,126,60,18446744073709551464,4,0,1356413
fd00::208:8:8:8,18,0,0,202,220,1366842,127,0,60,0,0,0,0,129,127,60,18446744073709551428,4,0,1366654
fd00::208:8:8:8,18,0,0,202,220,1377119,128,0,60,0,0,0,0,130,128,60,18446744073709551437,4,0,1376940
fd00::208:8:8:8,18,0,0,202,220,1387396,129,0,60,0,0,0,0,131,129,60,18446744073709551464,4,0,1387244
fd00::208:8:8:8,18,0,0,202,220,1397673,130,0,60,0,0,0,0,132,130,60,18446744073709551445,4,0,1397502
fd00::208:8:8:8,18,0,0,202,220,1407950,131,0,60,0,0,0,0,133,131,60,18446744073709551533,4,0,1407867
fd00::208:8:8:8,18,0,0,202,220,1418227,132,0,60,0,0,0,0,134,132,60,18446744073709551417,4,0,1418028
fd00::208:8:8:8,18,0,0,202,220,1428504,133,0,60,0,0,0,0,135,133,60,18446744073709551399,4,0,1428287
fd00::208:8:8:8,18,0,0,202,220,1438781,134,0,60,0,0,0,0,136,134,60,18446744073709551422,4,0,1438587
fd00::208:8:8:8,18,0,0,202,220,1449058,135,0,60,0,0,0,0,137,135,60,18446744073709551491,4,0,1448933
fd00::208:8:8:8,18,0,0,202,220,1459335,136,0,60,0,0,0,0,138,136,60,18446744073709551449,4,0,1459168
fd00::208:8:8:8,18,0,0,202,220,1469612,137,0,60,0,0,0,0,139,137,60,18446744073709551460,4,0,1469456
fd00::208:8:8:8,18,0,0,202,220,1479889,138,0,60,0,0,0,0,140,138,60,18446744073709551409,4,0,1479682
fd00::208:8:8:8,18,0,0,202,220,1490166,139,0,60,0,0,0,0,142,139,60,18446744073709551466,4,0,1490016
fd00::208:8:8:8,18,0,0,202,220,1500443,140,0,60,0,0,0,0,143,140,60,18446744073709551602,4,0,1500429
fd00::208:8:8:8,18,0,0,202,220,1510720,141,0,60,0,0,0,0,144,141,60,18446744073709551506,4,0,1510610
fd00::208:8:8:8,18,0,0,202,220,1520997,142,0,60,0,0,0,0,145,142,60,18446744073709551440,4,0,1520821
fd00::208:8:8:8,18,0,0,202,220,1531274,143,0,60,0,0,0,0,146,143,60,18446744073709551436,4,0,1531094
fd00::208:8:8:8,18,0,0,202,220,1541551,144,0,60,0,0,0,0,147,144,60,18446744073709551444,4,0,1541379
fd00::208:8:8:8,18,0,0,202,220,1551828,145,0,60,0,0,0,0,148,145,60,18446744073709551513,4,0,1551725
fd00::208:8:8:8,18,0,0,202,220,1562105,146,0,60,0,0,0,0,149,146,60,18446744073709551439,4,0,1561928
fd00::208:8:8:8,18,0,0,202,220,1572382,147,0,60,0,0,0,0,150,147,60,18446744073709551416,4,0,1572182
fd00::208:8:8:8,18,0,0,202,220,1582659,148,0,60,0,0,0,0,151,148,60,18446744073709551500,4,0,1582543
fd00::208:8:8:8,18,0,0,202,220,1592936,149,0,60,0,0,0,0,152,149,60,18446744073709551427,4,0,1592747
fd00::208:8:8:8,18,0,0,202,220,1603213,150,0,60,0,0,0,0,153,150,60,18446744073709551460,4,0,1603057
fd00::208:8:8:8,18,0,0,202,220,1613490,151,0,60,0,0,0,0,154,151,60,18446744073709551423,4,0,1613297
fd00::208:8:8:8,18,0,0,202,220,1623767,152,0,60,0,0,0,0,155,152,60,18446744073709551472,4,0,1623623
fd00::208:8:8:8,18,0,0,202,220,1634044,153,0,60,0,0,0,0,156,153,60,18446744073709551426,4,0,1633854
fd00::208:8:8:8,18,0,0,202,220,1644321,154,0,60,0,0,0,0,157,154,60,18446744073709551424,4,0,1644129
fd00::208:8:8:8,18,0,0,202,220,1654598,155,0,60,0,0,0,0,158,155,60,18446744073709551465,4,0,1654447
fd00::208:8:8:8,18,0,0,202,220,1664875,156,0,60,0,0,0,0,159,156,60,18446744073709551448,4,0,1664707
fd00::208:8:8:8,18,0,0,202,220,1675152,157,0,60,0,0,0,0,160,157,60,18446744073709551439,4,0,1674975
fd00::208:8:8:8,18,0,0,202,220,1685429,158,0,60,0,0,0,0,161,158,60,18446744073709551547,4,0,1685360
fd00::208:8:8:8,18,0,0,202,220,1695706,159,0,60,0,0,0,0,162,159,60,18446744073709551446,4,0,1695536
fd00::208:8:8:8,18,0,0,202,220,1705983,160,0,60,0,0,0,0,163,160,60,18446744073709551402,4,0,1705769
fd00::208:8:8:8,18,0,0,202,220,1716260,161,0,60,0,0,0,0,164,161,60,18446744073709551447,4,0,1716091
fd00::208:8:8:8,18,0,0,202,220,1726537,162,0,60,0,0,0,0,165,162,60,18446744073709551494,4,0,1726415
fd00::208:8:8:8,18,0,0,202,220,1736814,163,0,60,0,0,0,0,166,163,60,18446744073709551427,4,0,1736625
fd00::208:8:8:8,18,0,0,202,220,1747091,164,0,60,0,0,0,0,167,164,60,18446744073709551416,4,0,1746891
fd00::208:8:8:8,18,0,0,202,220,1757368,165,0,60,0,0,0,0,168,165,60,18446744073709551423,4,0,1757175
fd00::208:8:8:8,18,0,0,202,220,1767645,166,0,60,0,0,0,0,169,166,60,18446744073709551463,4,0,1767492
fd00::208:8:8:8,18,0,0,202,220,1777922,167,0,60,0,0,0,0,170,167,60,18446744073709551462,4,0,1777768
fd00::208:8:8:8,18,0,0,202,220,1788199,168,0,60,0,0,0,0,171,168,60,18446744073709551443,4,0,1788026
fd00::208:8:8:8,18,0,0,202,220,1798476,169,0,60,0,0,0,0,172,169,60,18446744073709551466,4,0,1798326
fd00::208:8:8:8,18,0,0,202,220,1808753,170,0,60,0,0,0,0,173,170,60,18446744073709551443,4,0,1808580
fd00::208:8:8:8,18,0,0,202,220,1819030,171,0,60,0,0,0,0,174,171,60,18446744073709551384,4,0,1818798
fd00::208:8:8:8,18,0,0,202,220,1829307,172,0,60,0,0,0,0,175,172,60,18446744073709551436,4,0,1829127
fd00::208:8:8:8,18,0,0,202,220,1839584,173,0,60,0,0,0,0,176,173,60,18446744073709551442,4,0,1839410
fd00::208:8:8:8,18,0,0,202,220,1849861,174,0,60,0,0,0,0,177,174,60,18446744073709551419,4,0,1849664
fd00::208:8:8:8,18,0,0,202,220,1860138,175,0,60,0,0,0,0,178,175,60,18446744073709551446,4,0,1859968
fd00::208:8:8:8,18,0,0,202,220,1880692,177,0,60,0,0,0,0,181,176,60,18446744073709551545,4,0,1880621
fd00::208:8:8:8,18,0,0,202,220,1890969,178,0,60,0,0,0,0,182,177,60,18446744073709551411,4,0,1890764
fd00::208:8:8:8,18,0,0,202,220,1901246,179,0,60,0,0,0,0,183,178,60,18446744073709551441,4,0,1901071
fd00::208:8:8:8,18,0,0,202,220,1911523,180,0,60,0,0,0,0,184,179,60,18446744073709551394,4,0,1911301
fd00::208:8:8:8,18,0,0,202,220,1921800,181,0,60,0,0,0,0,185,180,60,18446744073709551462,4,0,1921646
fd00::208:8:8:8,18,0,0,202,220,1932077,182,0,60,0,0,0,0,186,181,60,18446744073709551496,4,0,1931957
fd00::208:8:8:8,18,0,0,202,220,1942354,183,0,60,0,0,0,0,187,182,60,18446744073709551427,4,0,1942165
fd00::208:8:8:8,18,0,0,202,220,1952631,184,0,60,0,0,0,0,188,183,60,18446744073709551468,4,0,1952483
fd00::208:8:8:8,18,0,0,202,220,1962908,185,0,60,0,0,0,0,189,184,60,18446744073709551427,4,0,1962719
fd00::208:8:8:8,18,0,0,202,220,1973185,186,0,60,0,0,0,0,190,185,60,18446744073709551453,4,0,1973022
fd00::208:8:8:8,18,0,0,202,220,1983462,187,0,60,0,0,0,0,191,186,60,18446744073709551480,4,0,1983326
fd00::208:8:8:8,18,0,0,202,220,1993739,188,0,60,0,0,0,0,192,187,60,18446744073709551445,4,0,1993568
fd00::208:8:8:8,18,0,0,202,220,2004016,189,0,60,0,0,0,0,193,188,60,18446744073709551478,4,0,2003878
fd00::208:8:8:8,18,0,0,202,220,2014293,190,0,60,0,0,0,0,194,189,60,18446744073709551438,4,0,2014115
fd00::208:8:8:8,18,0,0,202,220,2024570,191,0,60,0,0,0,0,195,190,60,18446744073709551377,4,0,2024331
fd00::208:8:8:8,18,0,0,202,220,2034847,192,0,60,0,0,0,0,196,191,60,18446744073709551466,4,0,2034697
fd00::208:8:8:8,18,0,0,202,220,2045124,193,0,60,0,0,0,0,197,192,60,18446744073709551420,4,0,2044928
fd00::208:8:8:8,18,0,0,202,220,2055401,194,0,60,0,0,0,0,198,193,60,18446744073709551403,4,0,2055188
fd00::208:8:8:8,18,0,0,202,220,2065678,195,0,60,0,0,0,0,199,194,60,18446744073709551482,4,0,2065544
fd00::208:8:8:8,18,0,0,202,220,2075955,196,0,60,0,0,0,0,200,195,60,18446744073709551477,4,0,2075816
fd00::208:8:8:8,18,0,0,202,220,2086232,197,0,60,0,0,0,0,201,196,60,18446744073709551411,4,0,2086027
fd00::208:8:8:8,18,0,0,202,220,2096509,198,0,60,0,0,0,0,202,197,60,18446744073709551434,4,0,2096327
fd00::208:8:8:8,18,0,0,202,220,2106786,199,0,60,0,0,0,0,203,198,60,18446744073709551375,4,0,2106545
fd00::208:8:8:8,18,0,0,202,220,2117063,200,0,60,0,0,0,0,204,199,60,18446744073709551488,4,0,2116935
fd00::208:8:8:8,18,0,0,202,220,2127340,201,0,60,0,0,0,0,205,200,60,18446744073709551455,4,0,2127179
fd00::208:8:8:8,18,0,0,202,220,2137617,202,0,60,0,0,0,0,206,201,60,18446744073709551456,4,0,2137457
fd00::208:8:8:8,18,0,0,202,220,2147894,203,0,60,0,0,0,0,207,202,60,18446744073709551449,4,0,2147727
fd00::208:8:8:8,18,0,0,202,220,2158171,204,0,60,0,0,0,0,208,203,60,18446744073709551409,4,0,2157964
fd00::208:8:8:8,18,0,0,202,220,2168448,205,0,60,0,0,0,0,209,204,60,18446744073709551460,4,0,2168292
fd00::208:8:8:8,18,0,0,202,220,2178725,206,0,60,0,0,0,0,210,205,60,18446744073709551442,4,0,2178551
fd00::208:8:8:8,18,0,0,202,220,2189002,207,0,60,0,0,0,0,211,206,60,18446744073709551438,4,0,2188824
fd00::208:8:8:8,18,0,0,202,220,2199279,208,0,60,0,0,0,0,212,207,60,18446744073709551451,4,0,2199114
fd00::208:8:8:8,18,0,0,202,220,2209556,209,0,60,0,0,0,0,213,208,60,18446744073709551432,4,0,2209372
fd00::208:8:8:8,18,0,0,202,220,2219833,210,0,60,0,0,0,0,214,209,60,18446744073709551491,4,0,2219708
fd00::208:8:8:8,18,0,0,202,220,2230110,211,0,60,0,0,0,0,215,210,60,18446744073709551433,4,0,2229927
fd00::208:8:8:8,18,0,0,202,220,2240387,212,0,60,0,0,0,0,217,211,60,18446744073709551468,4,0,2240239
fd00::208:8:8:8,18,0,0,202,220,2250664,213,0,60,0,0,0,0,218,212,60,2,4,0,2250666
fd00::208:8:8:8,18,0,0,202,220,2260941,214,0,60,0,0,0,0,219,213,60,18446744073709551384,4,0,2260709
fd00::208:8:8:8,18,0,0,202,220,2271218,215,0,60,0,0,0,0,220,214,60,18446744073709551415,4,0,2271017
fd00::208:8:8:8,18,0,0,202,220,2281495,216,0,60,0,0,0,0,221,215,60,18446744073709551470,4,0,2281349
fd00::208:8:8:8,18,0,0,202,220,2291772,217,0,60,0,0,0,0,222,216,60,18446744073709551484,4,0,2291640
fd00::208:8:8:8,18,0,0,202,220,2302049,218,0,60,0,0,0,0,223,217,60,18446744073709551438,4,0,2301871
fd00::208:8:8:8,18,0,0,202,220,2312326,219,0,60,0,0,0,0,224,218,60,18446744073709551464,4,0,2312174
fd00::208:8:8:8,18,0,0,202,220,2322603,220,0,60,0,0,0,0,225,219,60,18446744073709551439,4,0,2322426
fd00::208:8:8:8,18,0,0,202,220,2332880,221,0,60,0,0,0,0,226,220,60,18446744073709551442,4,0,2332706
fd00::208:8:8:8,18,0,0,202,220,2343157,222,0,60,0,0,0,0,227,221,60,18446744073709551397,4,0,2342938
fd00::208:8:8:8,18,0,0,202,220,2353434,223,0,60,0,0,0,0,228,222,60,18446744073709551395,4,0,2353213
fd00::208:8:8:8,18,0,0,202,220,2363711,224,0,60,0,0,0,0,229,223,60,18446744073709551451,4,0,2363546
fd00::208:8:8:8,18,0,0,202,220,2373988,225,0,60,0,0,0,0,230,224,60,18446744073709551445,4,0,2373817
fd00::208:8:8:8,18,0,0,202,220,2384265,226,0,60,0,0,0,0,231,225,60,18446744073709551396,4,0,2384045
fd00::208:8:8:8,18,0,0,202,220,2394542,227,0,60,0,0,0,0,232,226,60,18446744073709551483,4,0,2394409
fd00::208:8:8:8,18,0,0,202,220,2404819,228,0,60,0,0,0,0,233,227,60,18446744073709551481,4,0,2404684
fd00::208:8:8:8,18,0,0,202,220,2415096,229,0,60,0,0,0,0,234,228,60,18446744073709551401,4,0,2414881
fd00::208:8:8:8,18,0,0,202,220,2425373,230,0,60,0,0,0,0,235,229,60,18446744073709551433,4,0,2425190
fd00::208:8:8:8,18,0,0,202,220,2435650,231,0,60,0,0,0,0,236,230,60,18446744073709551417,4,0,2435451
fd00::208:8:8:8,18,0,0,202,220,2445927,232,0,60,0,0,0,0,237,231,60,18446744073709551438,4,0,2445749
fd00::208:8:8:8,18,0,0,202,220,2456204,233,0,60,0,0,0,0,238,232,60,18446744073709551408,4,0,2455996
fd00::208:8:8:8,18,0,0,202,220,2466481,234,0,60,0,0,0,0,239,233,60,18446744073709551466,4,0,2466331
fd00::208:8:8:8,18,0,0,202,220,2476758,235,0,60,0,0,0,0,240,234,60,18446744073709551447,4,0,2476589
fd00::208:8:8:8,18,0,0,202,220,2487035,236,0,60,0,0,0,0,241,235,60,18446744073709551439,4,0,2486858
fd00::208:8:8:8,18,0,0,202,220,2497312,237,0,60,0,0,0,0,242,236,60,18446744073709551457,4,0,2497153
fd00::208:8:8:8,18,0,0,202,220,2507589,238,0,60,0,0,0,0,243,237,60,18446744073709551444,4,0,2507417
fd00::208:8:8:8,18,0,0,202,220,2517866,239,0,60,0,0,0,0,244,238,60,18446744073709551469,4,0,2517719
fd00::208:8:8:8,18,0,0,202,220,2528143,240,0,60,0,0,0,0,245,239,60,18446744073709551391,4,0,2527918
fd00::208:8:8:8,18,0,0,202,220,2538420,241,0,60,0,0,0,0,246,240,60,18446744073709551411,4,0,2538215
fd00::208:8:8:8,18,0,0,202,220,2548697,242,0,60,0,0,0,0,247,241,60,18446744073709551413,4,0,2548494
fd00::208:8:8:8,18,0,0,202,220,2558974,243,0,60,0,0,0,0,248,242,60,18446744073709551430,4,0,2558788
fd00::208:8:8:8,18,0,0,202,220,2569251,244,0,60,0,0,0,0,249,243,60,18446744073709551442,4,0,2569077
fd00::208:8:8:8,18,0,0,202,220,2579528,245,0,60,0,0,0,0,250,244,60,18446744073709551440,4,0,2579352
fd00::208:8:8:8,18,0,0,202,220,2589805,246,0,60,0,0,0,0,251,245,60,18446744073709551409,4,0,2589598
fd00::208:8:8:8,18,0,0,202,220,2600082,247,0,60,0,0,0,0,252,246,60,18446744073709551420,4,0,2599886
fd00::208:8:8:8,18,0,0,202,220,2610359,248,0,60,0,0,0,0,254,247,60,18446744073709551468,4,0,2610211
fd00::208:8:8:8,18,0,0,202,220,2620636,249,0,60,0,0,0,0,255,248,60,18446744073709551471,4,0,2620491
fd00::208:8:8:8,18,0,0,202,220,2630913,250,0,60,0,0,0,0,256,249,60,18446744073709551468,4,0,2630765
fd00::208:8:8:8,18,0,0,202,220,2641190,251,0,60,0,0,0,0,257,250,60,18446744073709551410,4,0,2640984
fd00::208:8:8:8,18,0,0,202,220,2651467,252,0,60,0,0,0,0,258,251,60,18446744073709551469,4,0,2651320
fd00::208:8:8:8,18,0,0,202,220,2661744,253,0,60,0,0,0,0,259,252,60,18446744073709551402,4,0,2661530
fd00::208:8:8:8,18,0,0,202,220,2672021,254,0,60,0,0,0,0,260,253,60,18446744073709551462,4,0,2671867
fd00::208:8:8:8,18,0,0,202,220,2682298,255,0,60,0,0,0,0,261,254,60,18446744073709551429,4,0,2682111
fd00::208:8:8:8,18,0,0,202,220,2692575,256,0,60,0,0,0,0,262,255,60,18446744073709551467,4,0,2692426
fd00::208:8:8:8,18,0,0,202,220,2702852,257,0,60,0,0,0,0,263,256,60,18446744073709551472,4,0,2702708
fd00::208:8:8:8,18,0,0,202,220,2713129,258,0,60,0,0,0,0,264,257,60,18446744073709551439,4,0,2712952
fd00::208:8:8:8,18,0,0,202,220,2723406,259,0,60,0,0,0,0,265,258,60,18446744073709551437,4,0,2723227
fd00::208:8:8:8,18,0,0,202,220,2733683,260,0,60,0,0,0,0,266,259,60,18446744073709551463,4,0,2733530
fd00::208:8:8:8,18,0,0,202,220,2743960,261,0,60,0,0,0,0,267,260,60,18446744073709551431,4,0,2743775
fd00::208:8:8:8,18,0,0,202,220,2754237,262,0,60,0,0,0,0,268,261,60,18446744073709551395,4,0,2754016
fd00::208:8:8:8,18,0,0,202,220,2764514,263,0,60,0,0,0,0,269,262,60,18446744073709551470,4,0,2764368
fd00::208:8:8:8,18,0,0,202,220,2774791,264,0,60,0,0,0,0,270,263,60,18446744073709551459,4,0,2774634
fd00::208:8:8:8,18,0,0,202,220,2785068,265,0,60,0,0,0,0,271,264,60,18446744073709551441,4,0,2784893
fd00::208:8:8:8,18,0,0,202,220,2795345,266,0,60,0,0,0,0,272,265,60,18446744073709551446,4,0,2795175
fd00::208:8:8:8,18,0,0,202,220,2805622,267,0,60,0,0,0,0,273,266,60,18446744073709551435,4,0,2805441
fd00::208:8:8:8,18,0,0,202,220,2815899,268,0,60,0,0,0,0,274,267,60,18446744073709551430,4,0,2815713
fd00::208:8:8:8,18,0,0,202,220,2826176,269,0,60,0,0,0,0,275,268,60,18446744073709551444,4,0,2826004
fd00::208:8:8:8,18,0,0,202,220,2836453,270,0,60,0,0,0,0,276,269,60,18446744073709551494,4,0,2836331
fd00::208:8:8:8,18,0,0,202,220,2846730,271,0,60,0,0,0,0,277,270,60,18446744073709551422,4,0,2846536
fd00::208:8:8:8,18,0,0,202,220,2857007,272,0,60,0,0,0,0,278,271,60,18446744073709551409,4,0,2856800
fd00::208:8:8:8,18,0,0,202,220,2867284,273,0,60,0,0,0,0,279,272,60,18446744073709551411,4,0,2867079
fd00::208:8:8:8,18,0,0,202,220,2877561,274,0,60,0,0,0,0,280,273,60,18446744073709551425,4,0,2877370
fd00::208:8:8:8,18,0,0,202,220,2887838,275,0,60,0,0,0,0,281,274,60,18446744073709551428,4,0,2887650
fd00::208:8:8:8,18,0,0,202,220,2898115,276,0,60,0,0,0,0,282,275,60,18446744073709551456,4,0,2897955
fd00::208:8:8:8,18,0,0,202,220,2908392,277,0,60,0,0,0,0,283,276,60,18446744073709551455,4,0,2908231
fd00::208:8:8:8,18,0,0,202,220,2918669,278,0,60,0,0,0,0,284,277,60,18446744073709551422,4,0,2918475
fd00::208:8:8:8,18,0,0,202,220,2928946,279,0,60,0,0,0,0,285,278,60,18446744073709551438,4,0,2928768
fd00::208:8:8:8,18,0,0,202,220,2939223,280,0,60,0,0,0,0,286,279,60,18446744073709551375,4,0,2938982
fd00::208:8:8:8,18,0,0,202,220,2949500,281,0,60,0,0,0,0,287,280,60,18446744073709551421,4,0,2949305
fd00::208:8:8:8,18,0,0,202,220,2959777,282,0,60,0,0,0,0,288,281,60,18446744073709551373,4,0,2959534
fd00::208:8:8:8,18,0,0,202,220,2970054,283,0,60,0,0,0,0,289,282,60,18446744073709551432,4,0,2969870
fd00::208:8:8:8,18,0,0,202,220,2980331,284,0,60,0,0,0,0,291,283,60,166,4,0,2980497
fd00::208:8:8:8,18,0,0,202,220,2990608,285,0,60,0,0,0,0,292,284,60,18446744073709551543,4,0,2990535
fd00::208:8:8:8,18,0,0,202,220,3000885,286,0,60,0,0,0,0,293,285,60,18446744073709551429,4,0,3000698
fd00::208:8:8:8,18,0,0,202,220,3011162,287,0,60,0,0,0,0,294,286,60,18446744073709551417,4,0,3010963
fd00::208:8:8:8,18,0,0,202,220,3021439,288,0,60,0,0,0,0,295,287,60,18446744073709551443,4,0,3021266
fd00::208:8:8:8,18,0,0,202,220,3031716,289,0,60,0,0,0,0,296,288,60,18446744073709551402,4,0,3031502
fd00::208:8:8:8,18,0,0,202,220,3041993,290,0,60,0,0,0,0,297,289,60,18446744073709551416,4,0,3041793
fd00::208:8:8:8,18,0,0,202,220,3052270,291,0,60,0,0,0,0,298,290,60,18446744073709551446,4,0,3052100
fd00::208:8:8:8,18,0,0,202,220,3062547,292,0,60,0,0,0,0,299,291,60,18446744073709551445,4,0,3062376
fd00::208:8:8:8,18,0,0,202,220,3072824,293,0,60,0,0,0,0,300,292,60,18446744073709551463,4,0,3072671
fd00::208:8:8:8,18,0,0,202,220,3083101,294,0,60,0,0,0,0,301,293,60,18446744073709551419,4,0,3082904
fd00::208:8:8:8,18,0,0,202,220,3093378,295,0,60,0,0,0,0,302,294,60,18446744073709551460,4,0,3093222
fd00::208:8:8:8,18,0,0,202,220,3103655,296,0,60,0,0,0,0,303,295,60,18446744073709551435,4,0,3103474
fd00::208:8:8:8,18,0,0,202,220,3113932,297,0,60,0,0,0,0,304,296,60,18446744073709551483,4,0,3113799
fd00::208:8:8:8,18,0,0,202,220,3124209,298,0,60,0,0,0,0,305,297,60,18446744073709551417,4,0,3124010
fd00::208:8:8:8,18,0,0,202,220,3134486,299,0,60,0,0,0,0,306,298,60,18446744073709551418,4,0,3134288
fd00::208:8:8:8,18,0,0,202,220,3144763,300,0,60,0,0,0,0,307,299,60,18446744073709551420,4,0,3144567
fd00::208:8:8:8,18,0,0,202,220,3155040,301,0,60,0,0,0,0,308,300,60,18446744073709551425,4,0,3154849
fd00::208:8:8:8,18,0,0,202,220,3165317,302,0,60,0,0,0,0,309,301,60,18446744073709551438,4,0,3165139
fd00::208:8:8:8,18,0,0,202,220,3175594,303,0,60,0,0,0,0,310,302,60,18446744073709551450,4,0,3175428
fd00::208:8:8:8,18,0,0,202,220,3185871,304,0,60,0,0,0,0,311,303,60,18446744073709551556,4,0,3185811
fd00::208:8:8:8,18,0,0,202,220,3196148,305,0,60,0,0,0,0,312,304,60,18446744073709551402,4,0,3195934
fd00::208:8:8:8,18,0,0,202,220,3206425,306,0,60,0,0,0,0,313,305,60,18446744073709551460,4,0,3206269
fd00::208:8:8:8,18,0,0,202,220,3216702,307,0,60,0,0,0,0,314,306,60,18446744073709551445,4,0,3216531
fd00::208:8:8:8,18,0,0,202,220,3226979,308,0,60,0,0,0,0,315,307,60,18446744073709551443,4,0,3226806
fd00::208:8:8:8,18,0,0,202,220,3237256,309,0,60,0,0,0,0,316,308,60,18446744073709551456,4,0,3237096
fd00::208:8:8:8,18,0,0,202,220,3247533,310,0,60,0,0,0,0,317,309,60,18446744073709551451,4,0,3247368
fd00::208:8:8:8,18,0,0,202,220,3257810,311,0,60,0,0,0,0,318,310,60,18446744073709551445,4,0,3257639
fd00::208:8:8:8,18,0,0,202,220,3268087,312,0,60,0,0,0,0,319,311,60,18446744073709551433,4,0,3267904
fd00::208:8:8:8,18,0,0,202,220,3278364,313,0,60,0,0,0,0,320,312,60,18446744073709551506,4,0,3278254
fd00::208:8:8:8,18,0,0,202,220,3288641,314,0,60,0,0,0,0,321,313,60,18446744073709551408,4,0,3288433
fd00::208:8:8:8,18,0,0,202,220,3298918,315,0,60,0,0,0,0,322,314,60,18446744073709551439,4,0,3298741
fd00::208:8:8:8,18,0,0,202,220,3309195,316,0,60,0,0,0,0,323,315,60,18446744073709551464,4,0,3309043
fd00::208:8:8:8,18,0,0,202,220,3319472,317,0,60,0,0,0,0,324,316,60,18446744073709551438,4,0,3319294
fd00::208:8:8:8,18,0,0,202,220,3329749,318,0,60,0,0,0,0,325,317,60,18446744073709551438,4,0,3329571
fd00::208:8:8:8,18,0,0,202,220,3340026,319,0,60,0,0,0,0,326,318,60,18446744073709551428,4,0,3339838
fd00::208:8:8:8,18,0,0,202,220,3350303,320,0,60,0,0,0,0,328,319,60,112,4,0,3350415
fd00::208:8:8:8,18,0,0,202,220,3360580,321,0,60,0,0,0,0,329,320,60,18446744073709551586,4,0,3360550
fd00::208:8:8:8,18,0,0,202,220,3370857,322,0,60,0,0,0,0,330,321,60,18446744073709551493,4,0,3370734
fd00::208:8:8:8,18,0,0,202,220,3381134,323,0,60,0,0,0,0,331,322,60,18446744073709551434,4,0,3380952
fd00::208:8:8:8,18,0,0,202,220,3391411,324,0,60,0,0,0,0,332,323,60,18446744073709551457,4,0,3391252
fd00::208:8:8:8,18,0,0,202,220,3401688,325,0,60,0,0,0,0,333,324,60,18446744073709551469,4,0,3401541
fd00::208:8:8:8,18,0,0,202,220,3411965,326,0,60,0,0,0,0,334,325,60,18446744073709551440,4,0,3411789
fd00::208:8:8:8,18,0,0,202,220,3422242,327,0,60,0,0,0,0,335,326,60,18446744073709551419,4,0,3422045
fd00::208:8:8:8,18,0,0,202,220,3432519,328,0,60,0,0,0,0,336,327,60,18446744073709551518,4,0,3432421
fd00::208:8:8:8,18,0,0,202,220,3442796,329,0,60,0,0,0,0,337,328,60,18446744073709551456,4,0,3442636
fd00::208:8:8:8,18,0,0,202,220,3453073,330,0,60,0,0,0,0,338,329,60,18446744073709551446,4,0,3452903
fd00::208:8:8:8,18,0,0,202,220,3463350,331,0,60,0,0,0,0,339,330,60,18446744073709551421,4,0,3463155
fd00::208:8:8:8,18,0,0,202,220,3473627,332,0,60,0,0,0,0,340,331,60,18446744073709551437,4,0,3473448
fd00::208:8:8:8,18,0,0,202,220,3483904,333,0,60,0,0,0,0,341,332,60,18446744073709551466,4,0,3483754
fd00::208:8:8:8,18,0,0,202,220,3494181,334,0,60,0,0,0,0,342,333,60,18446744073709551500,4,0,3494065
fd00::208:8:8:8,18,0,0,202,220,3504458,335,0,60,0,0,0,0,343,334,60,18446744073709551465,4,0,3504307
fd00::208:8:8:8,18,0,0,202,220,3514735,336,0,60,0,0,0,0,344,335,60,18446744073709551438,4,0,3514557
fd00::208:8:8:8,18,0,0,202,220,3525012,337,0,60,0,0,0,0,345,336,60,18446744073709551430,4,0,3524826
fd00::208:8:8:8,18,0,0,202,220,3535289,338,0,60,0,0,0,0,346,337,60,18446744073709551408,4,0,3535081
fd00::208:8:8:8,18,0,0,202,220,3545566,339,0,60,0,0,0,0,347,338,60,18446744073709551423,4,0,3545373
fd00::208:8:8:8,18,0,0,202,220,3555843,340,0,60,0,0,0,0,348,339,60,18446744073709551421,4,0,3555648
fd00::208:8:8:8,18,0,0,202,220,3566120,341,0,60,0,0,0,0,349,340,60,18446744073709551439,4,0,3565943
fd00::208:8:8:8,18,0,0,202,220,3576397,342,0,60,0,0,0,0,350,341,60,18446744073709551415,4,0,3576196
fd00::208:8:8:8,18,0,0,202,220,3586674,343,0,60,0,0,0,0,351,342,60,18446744073709551410,4,0,3586468
fd00::208:8:8:8,18,0,0,202,220,3596951,344,0,60,0,0,0,0,352,343,60,18446744073709551419,4,0,3596754
fd00::209:9:9:9,37,0,0,413,450,21035,1,0,60,0,0,0,0,0,1,60,370,0,0,21405
fd00::209:9:9:9,18,0,0,206,224,31552,2,0,60,0,0,0,0,1,2,60,343,0,0,31895
fd00::209:9:9:9,18,0,0,206,224,42069,3,0,60,0,0,0,0,2,3,60,372,0,0,42441
fd00::209:9:9:9,18,0,0,206,224,52586,4,0,60,0,0,0,0,3,4,60,333,0,0,52919
fd00::209:9:9:9,18,0,0,206,224,63103,5,0,60,0,0,0,0,4,5,60,358,0,0,63461
fd00::209:9:9:9,18,0,0,206,224,73620,6,0,60,0,0,0,0,5,6,60,349,0,0,73969
fd00::209:9:9:9,18,0,0,206,224,84137,7,0,60,0,0,0,0,6,7,60,345,0,0,84482
fd00::209:9:9:9,18,0,0,206,224,94654,8,0,60,0,0,0,0,7,8,60,373,0,0,95027
fd00::209:9:9:9,18,0,0,206,224,105171,9,0,60,0,0,0,0,8,9,60,334,0,0,105505
fd00::209:9:9:9,18,0,0,206,224,115688,10,0,60,0,0,0,0,9,10,60,357,0,0,116045
fd00::209:9:9:9,18,0,0,206,224,126205,11,0,60,0,0,0,0,10,11,60,360,0,0,126565
fd00::209:9:9:9,18,0,0,206,224,136722,12,0,60,0,0,0,0,11,12,60,367,0,0,137089
fd00::209:9:9:9,18,0,0,206,224,147239,13,0,60,0,0,0,0,12,13,60,334,0,0,147573
fd00::209:9:9:9,18,0,0,206,224,157756,14,0,60,0,0,0,0,13,14,60,371,0,0,158127
fd00::209:9:9:9,18,0,0,206,224,168273,15,0,60,0,0,0,0,14,15,60,336,0,0,168609
fd00::209:9:9:9,18,0,0,206,224,178790,16,0,60,0,0,0,0,15,16,60,352,0,0,179142
fd00::209:9:9:9,18,0,0,206,224,189307,17,0,60,0,0,0,0,16,17,60,344,0,0,189651
fd00::209:9:9:9,18,0,0,206,224,199824,18,0,60,0,0,0,0,18,18,60,407,0,0,200231
fd00::209:9:9:9,18,0,0,206,224,210341,19,0,60,0,0,0,0,19,19,60,347,0,0,210688
fd00::209:9:9:9,18,0,1,205,224,220858,20,0,60,0,0,0,0,20,20,60,370,0,0,221228
fd00::209:9:9:9,18,0,0,206,224,231375,21,0,60,0,0,0,0,21,21,60,370,0,0,231745
fd00::209:9:9:9,18,0,0,206,224,241892,22,0,60,0,0,0,0,22,22,60,368,0,0,242260
fd00::209:9:9:9,18,0,0,206,224,252409,23,0,60,0,0,0,0,23,23,60,365,0,0,252774
fd00::209:9:9:9,18,0,0,206,224,262926,24,0,60,0,0,0,0,24,24,60,365,0,0,263291
fd00::209:9:9:9,18,0,0,206,224,273443,25,0,60,0,0,0,0,25,25,60,349,0,0,273792
fd00::209:9:9:9,18,0,0,206,224,283960,26,0,60,0,0,0,0,26,26,60,365,0,0,284325
fd00::209:9:9:9,18,0,0,206,224,294477,27,0,60,0,0,0,0,27,27,60,349,0,0,294826
fd00::209:9:9:9,18,0,0,206,224,304994,28,0,60,0,0,0,0,28,28,60,364,0,0,305358
fd00::209:9:9:9,18,0,0,206,224,315511,29,0,60,0,0,0,0,29,29,60,351,0,0,315862
fd00::209:9:9:9,18,0,0,206,224,326028,30,0,60,0,0,0,0,30,30,60,366,0,0,326394
fd00::209:9:9:9,18,0,0,206,224,336545,31,0,60,0,0,0,0,31,31,60,363,0,0,336908
fd00::209:9:9:9,18,0,0,206,224,347062,32,0,60,0,0,0,0,32,32,60,369,0,0,347431
fd00::209:9:9:9,18,0,0,206,224,357579,33,0,60,0,0,0,0,33,33,60,338,0,0,357917
fd00::209:9:9:9,18,0,0,206,224,368096,34,0,60,0,0,0,0,34,34,60,357,0,0,368453
fd00::209:9:9:9,18,0,0,206,224,378613,35,0,60,0,0,0,0,35,35,60,345,0,0,378958
fd00::209:9:9:9,18,0,0,206,224,389130,36,0,60,0,0,0,0,36,36,60,343,0,0,389473
fd00::209:9:9:9,18,0,1,205,224,399647,37,0,60,0,0,0,0,38,37,60,370,0,0,400017
fd00::209:9:9:9,18,0,0,206,224,410164,38,0,60,0,0,0,0,39,38,60,352,0,0,410516
fd00::209:9:9:9,18,0,0,206,224,420681,39,0,60,0,0,0,0,40,39,60,347,0,0,421028
fd00::209:9:9:9,18,0,0,206,224,431198,40,0,60,0,0,0,0,41,40,60,366,0,0,431564
fd00::209:9:9:9,18,0,0,206,224,441715,41,0,60,0,0,0,0,42,41,60,333,0,0,442048
fd00::209:9:9:9,18,0,0,206,224,452232,42,0,60,0,0,0,0,43,42,60,334,0,0,452566
fd00::209:9:9:9,18,0,0,206,224,462749,43,0,60,0,0,0,0,44,43,60,343,0,0,463092
fd00::209:9:9:9,18,0,0,206,224,473266,44,0,60,0,0,0,0,45,44,60,365,0,0,473631
fd00::209:9:9:9,18,0,1,206,225,483783,45,0,60,0,0,0,0,46,45,60,334,0,0,484117
fd00::209:9:9:9,18,0,0,206,224,494300,46,0,60,0,0,0,0,47,46,60,339,0,0,494639
fd00::209:9:9:9,18,0,0,206,224,504817,47,0,60,0,0,0,0,48,47,60,348,0,0,505165
fd00::209:9:9:9,18,0,0,206,224,515334,48,0,60,0,0,0,0,49,48,60,345,0,0,515679
fd00::209:9:9:9,18,0,0,206,224,525851,49,0,60,0,0,0,0,50,49,60,372,0,0,526223
fd00::209:9:9:9,18,0,0,206,224,536368,50,0,60,0,0,0,0,51,50,60,344,0,0,536712
fd00::209:9:9:9,18,0,0,206,224,546885,51,0,60,0,0,0,0,52,51,60,368,0,0,547253
fd00::209:9:9:9,18,0,0,206,224,557402,52,0,60,0,0,0,0,53,52,60,353,0,0,557755
fd00::209:9:9:9,18,0,0,206,224,567919,53,0,60,0,0,0,0,54,53,60,367,0,0,568286
fd00::209:9:9:9,18,0,0,206,224,578436,54,0,60,0,0,0,0,55,54,60,338,0,0,578774
fd00::209:9:9:9,18,0,0,206,224,588953,55,0,60,0,0,0,0,56,55,60,333,0,0,589286
fd00::209:9:9:9,18,0,0,206,224,599470,56,0,60,0,0,0,0,57,56,60,349,0,0,599819
fd00::209:9:9:9,18,0,0,206,224,609987,57,0,60,0,0,0,0,59,57,60,379,0,0,610366
fd00::209:9:9:9,18,0,0,206,224,620504,58,0,60,0,0,0,0,60,58,60,373,0,0,620877
fd00::209:9:9:9,18,0,0,206,224,631021,59,0,60,0,0,0,0,61,59,60,344,0,0,631365
fd00::209:9:9:9,18,0,0,206,224,641538,60,0,60,0,0,0,0,62,60,60,342,0,0,641880
fd00::209:9:9:9,18,0,0,206,224,652055,61,0,60,0,0,0,0,63,61,60,349,0,0,652404
fd00::209:9:9:9,18,0,0,206,224,662572,62,0,60,0,0,0,0,64,62,60,336,0,0,662908
fd00::209:9:9:9,18,0,0,206,224,673089,63,0,60,0,0,0,0,65,63,60,363,0,0,673452
fd00::209:9:9:9,18,0,0,206,224,683606,64,0,60,0,0,0,0,66,64,60,367,0,0,683973
fd00::209:9:9:9,18,0,0,206,224,694123,65,0,60,0,0,0,0,67,65,60,373,0,0,694496
fd00::209:9:9:9,18,0,0,206,224,704640,66,0,60,0,0,0,0,68,66,60,345,0,0,704985
fd00::209:9:9:9,18,0,0,206,224,715157,67,0,60,0,0,0,0,69,67,60,362,0,0,715519
fd00::209:9:9:9,18,0,1,206,225,725674,68,0,60,0,0,0,0,70,68,60,345,0,0,726019
fd00::209:9:9:9,18,0,0,206,224,736191,69,0,60,0,0,0,0,71,69,60,343,0,0,736534
fd00::209:9:9:9,18,0,0,206,224,746708,70,0,60,0,0,0,0,72,70,60,357,0,0,747065
fd00::209:9:9:9,18,0,0,206,224,757225,71,0,60,0,0,0,0,73,71,60,340,0,0,757565
fd00::209:9:9:9,18,0,0,206,224,767742,72,0,60,0,0,0,0,74,72,60,342,0,0,768084
fd00::209:9:9:9,18,0,0,206,224,778259,73,0,60,0,0,0,0,75,73,60,350,0,0,778609
fd00::209:9:9:9,18,0,0,206,224,788776,74,0,60,0,0,0,0,76,74,60,347,0,0,789123
fd00::209:9:9:9,18,0,0,206,224,799293,75,0,60,0,0,0,0,77,75,60,351,0,0,799644
fd00::209:9:9:9,18,0,0,206,224,809810,76,0,60,0,0,0,0,79,76,60,352,0,0,810162
fd00::209:9:9:9,18,0,1,205,224,820327,77,0,60,0,0,0,0,80,77,60,364,0,0,820691
fd00::209:9:9:9,18,0,0,206,224,830844,78,0,60,0,0,0,0,81,78,60,369,0,0,831213
fd00::209:9:9:9,18,0,1,206,225,841361,79,0,60,0,0,0,0,82,79,60,347,0,0,841708
fd00::209:9:9:9,18,0,0,206,224,851878,80,0,60,0,0,0,0,83,80,60,350,0,0,852228
fd00::209:9:9:9,18,0,0,206,224,862395,81,0,60,0,0,0,0,84,81,60,343,0,0,862738
fd00::209:9:9:9,18,0,0,206,224,872912,82,0,60,0,0,0,0,85,82,60,362,0,0,873274
fd00::209:9:9:9,18,0,0,206,224,883429,83,0,60,0,0,0,0,86,83,60,349,0,0,883778
fd00::209:9:9:9,18,0,0,206,224,893946,84,0,60,0,0,0,0,87,84,60,359,0,0,894305
fd00::209:9:9:9,18,0,0,206,224,904463,85,0,60,0,0,0,0,88,85,60,365,0,0,904828
fd00::209:9:9:9,18,0,0,206,224,914980,86,0,60,0,0,0,0,89,86,60,345,0,0,915325
fd00::209:9:9:9,18,0,0,206,224,925497,87,0,60,0,0,0,0,90,87,60,361,0,0,925858
fd00::209:9:9:9,18,0,0,206,224,936014,88,0,60,0,0,0,0,91,88,60,347,0,0,936361
fd00::209:9:9:9,18,0,0,206,224,946531,89,0,60,0,0,0,0,92,89,60,333,0,0,946864
fd00::209:9:9:9,18,0,0,206,224,957048,90,0,60,0,0,0,0,93,90,60,355,0,0,957403
fd00::209:9:9:9,18,0,0,206,224,967565,91,0,60,0,0,0,0,94,91,60,361,0,0,967926
fd00::209:9:9:9,18,0,0,206,224,978082,92,0,60,0,0,0,0,95,92,60,357,0,0,978439
fd00::209:9:9:9,18,0,0,206,224,988599,93,0,60,0,0,0,0,96,93,60,348,0,0,988947
fd00::209:9:9:9,18,0,0,206,224,999116,94,0,60,0,0,0,0,97,94,60,343,0,0,999459
fd00::209:9:9:9,18,0,0,206,224,1009633,95,0,60,0,0,0,0,98,95,60,356,0,0,1009989
fd00::209:9:9:9,18,0,0,206,224,1020150,96,0,60,0,0,0,0,100,96,60,390,0,0,1020540
fd00::209:9:9:9,18,0,1,205,224,1030667,97,0,60,0,0,0,0,101,97,60,338,0,0,1031005
fd00::209:9:9:9,18,0,0,206,224,1041184,98,0,60,0,0,0,0,102,98,60,368,0,0,1041552
fd00::209:9:9:9,18,0,0,206,224,1051701,99,0,60,0,0,0,0,103,99,60,363,0,0,1052064
fd00::209:9:9:9,18,0,0,206,224,1062218,100,0,60,0,0,0,0,104,100,60,363,0,0,1062581
fd00::209:9:9:9,18,0,0,206,224,1072735,101,0,60,0,0,0,0,105,101,60,372,0,0,1073107
fd00::209:9:9:9,18,0,0,206,224,1083252,102,0,60,0,0,0,0,106,102,60,361,0,0,1083613
fd00::209:9:9:9,18,0,0,206,224,1093769,103,0,60,0,0,0,0,107,103,60,341,0,0,1094110
fd00::209:9:9:9,18,0,0,206,224,1104286,104,0,60,0,0,0,0,108,104,60,389,0,0,1104675
fd00::209:9:9:9,18,0,0,206,224,1114803,105,0,60,0,0,0,0,109,105,60,356,0,0,1115159
fd00::209:9:9:9,18,0,0,206,224,1125320,106,0,60,0,0,0,0,110,106,60,353,0,0,1125673
fd00::209:9:9:9,18,0,0,206,224,1135837,107,0,60,0,0,0,0,111,107,60,349,0,0,1136186
fd00::209:9:9:9,18,0,0,206,224,1146354,108,0,60,0,0,0,0,112,108,60,367,0,0,1146721
fd00::209:9:9:9,18,0,0,206,224,1156871,109,0,60,0,0,0,0,113,109,60,333,0,0,1157204
fd00::209:9:9:9,18,0,0,206,224,1167388,110,0,60,0,0,0,0,114,110,60,350,0,0,1167738
fd00::209:9:9:9,18,0,0,206,224,1177905,111,0,60,0,0,0,0,115,111,60,360,0,0,1178265
fd00::209:9:9:9,18,0,0,206,224,1188422,112,0,60,0,0,0,0,116,112,60,367,0,0,1188789
fd00::209:9:9:9,18,0,0,206,224,1198939,113,0,60,0,0,0,0,117,113,60,353,0,0,1199292
fd00::209:9:9:9,18,0,0,206,224,1209456,114,0,60,0,0,0,0,118,114,60,339,0,0,1209795
fd00::209:9:9:9,18,0,0,206,224,1219973,115,0,60,0,0,0,0,120,115,60,343,0,0,1220316
fd00::209:9:9:9,18,0,0,206,224,1230490,116,0,60,0,0,0,0,121,116,60,345,0,0,1230835
fd00::209:9:9:9,18,0,0,206,224,1241007,117,0,60,0,0,0,0,122,117,60,360,0,0,1241367
fd00::209:9:9:9,18,0,0,206,224,1251524,118,0,60,0,0,0,0,123,118,60,347,0,0,1251871
fd00::209:9:9:9,18,0,0,206,224,1262041,119,0,60,0,0,0,0,124,119,60,366,0,0,1262407
fd00::209:9:9:9,18,0,0,206,224,1272558,120,0,60,0,0,0,0,125,120,60,349,0,0,1272907
fd00::209:9:9:9,18,0,0,206,224,1283075,121,0,60,0,0,0,0,126,121,60,354,0,0,1283429
fd00::209:9:9:9,18,0,0,206,224,1293592,122,0,60,0,0,0,0,127,122,60,338,0,0,1293930
fd00::209:9:9:9,18,0,0,206,224,1304109,123,0,60,0,0,0,0,128,123,60,341,0,0,1304450
fd00::209:9:9:9,18,0,0,206,224,1314626,124,0,60,0,0,0,0,129,124,60,336,0,0,1314962
fd00::209:9:9:9,18,0,0,206,224,1325143,125,0,60,0,0,0,0,130,125,60,354,0,0,1325497
fd00::209:9:9:9,18,0,0,206,224,1335660,126,0,60,0,0,0,0,131,126,60,353,0,0,1336013
fd00::209:9:9:9,18,0,0,206,224,1346177,127,0,60,0,0,0,0,132,127,60,347,0,0,1346524
fd00::209:9:9:9,18,0,0,206,224,1356694,128,0,60,0,0,0,0,133,128,60,342,0,0,1357036
fd00::209:9:9:9,18,0,0,206,224,1367211,129,0,60,0,0,0,0,134,129,60,340,0,0,1367551
fd00::209:9:9:9,18,0,0,206,224,1377728,130,0,60,0,0,0,0,135,130,60,372,0,0,1378100
fd00::209:9:9:9,18,0,0,206,224,1388245,131,0,60,0,0,0,0,136,131,60,360,0,0,1388605
fd00::209:9:9:9,18,0,0,206,224,1398762,132,0,60,0,0,0,0,137,132,60,339,0,0,1399101
fd00::209:9:9:9,18,0,0,206,224,1409279,133,0,60,0,0,0,0,138,133,60,333,0,0,1409612
fd00::209:9:9:9,18,0,0,206,224,1419796,134,0,60,0,0,0,0,140,134,60,354,0,0,1420150
fd00::209:9:9:9,18,0,0,206,224,1430313,135,0,60,0,0,0,0,141,135,60,344,0,0,1430657
fd00::209:9:9:9,18,0,0,206,224,1440830,136,0,60,0,0,0,0,142,136,60,335,0,0,1441165
fd00::209:9:9:9,18,0,0,206,224,1451347,137,0,60,0,0,0,0,143,137,60,340,0,0,1451687
fd00::209:9:9:9,18,0,0,206,224,1461864,138,0,60,0,0,0,0,144,138,60,372,0,0,1462236
fd00::209:9:9:9,18,0,0,206,224,1472381,139,0,60,0,0,0,0,145,139,60,357,0,0,1472738
fd00::209:9:9:9,18,0,0,206,224,1482898,140,0,60,0,0,0,0,146,140,60,338,0,0,1483236
fd00::209:9:9:9,18,0,0,206,224,1493415,141,0,60,0,0,0,0,147,141,60,355,0,0,1493770
fd00::209:9:9:9,18,0,0,206,224,1503932,142,0,60,0,0,0,0,148,142,60,340,0,0,1504272
fd00::209:9:9:9,18,0,0,206,224,1514449,143,0,60,0,0,0,0,149,143,60,349,0,0,1514798
fd00::209:9:9:9,18,0,0,206,224,1524966,144,0,60,0,0,0,0,150,144,60,333,0,0,1525299
fd00::209:9:9:9,18,0,0,206,224,1535483,145,0,60,0,0,0,0,151,145,60,344,0,0,1535827
fd00::209:9:9:9,18,0,0,206,224,1546000,146,0,60,0,0,0,0,152,146,60,347,0,0,1546347
fd00::209:9:9:9,18,0,0,206,224,1556517,147,0,60,0,0,0,0,153,147,60,340,0,0,1556857
fd00::209:9:9:9,18,0,0,206,224,1567034,148,0,60,0,0,0,0,154,148,60,338,0,0,1567372
fd00::209:9:9:9,18,0,0,206,224,1577551,149,0,60,0,0,0,0,155,149,60,340,0,0,1577891
fd00::209:9:9:9,18,0,0,206,224,1588068,150,0,60,0,0,0,0,156,150,60,365,0,0,1588433
fd00::209:9:9:9,18,0,0,206,224,1598585,151,0,60,0,0,0,0,157,151,60,368,0,0,1598953
fd00::209:9:9:9,18,0,0,206,224,1609102,152,0,60,0,0,0,0,158,152,60,363,0,0,1609465
fd00::209:9:9:9,18,0,0,206,224,1619619,153,0,60,0,0,0,0,159,153,60,348,0,0,1619967
fd00::209:9:9:9,18,0,0,206,224,1630136,154,0,60,0,0,0,0,161,154,60,471,0,0,1630607
fd00::209:9:9:9,18,0,0,206,224,1640653,155,0,60,0,0,0,0,162,155,60,367,0,0,1641020
fd00::209:9:9:9,18,0,0,206,224,1651170,156,0,60,0,0,0,0,163,156,60,356,0,0,1651526
fd00::209:9:9:9,18,0,0,206,224,1661687,157,0,60,0,0,0,0,164,157,60,341,0,0,1662028
fd00::209:9:9:9,18,0,0,206,224,1672204,158,0,60,0,0,0,0,165,158,60,407,0,0,1672611
fd00::209:9:9:9,18,0,0,206,224,1682721,159,0,60,0,0,0,0,166,159,60,369,0,0,1683090
fd00::209:9:9:9,18,0,0,206,224,1693238,160,0,60,0,0,0,0,167,160,60,344,0,0,1693582
fd00::209:9:9:9,18,0,0,206,224,1703755,161,0,60,0,0,0,0,168,161,60,360,0,0,1704115
fd00::209:9:9:9,18,0,0,206,224,1714272,162,0,60,0,0,0,0,169,162,60,364,0,0,1714636
fd00::209:9:9:9,18,0,0,206,224,1724789,163,0,60,0,0,0,0,170,163,60,365,0,0,1725154
fd00::209:9:9:9,18,0,0,206,224,1735306,164,0,60,0,0,0,0,171,164,60,365,0,0,1735671
fd00::209:9:9:9,18,0,0,206,224,1745823,165,0,60,0,0,0,0,172,165,60,346,0,0,1746169
fd00::209:9:9:9,18,0,0,206,224,1756340,166,0,60,0,0,0,0,173,166,60,345,0,0,1756685
fd00::209:9:9:9,18,0,0,206,224,1766857,167,0,60,0,0,0,0,174,167,60,340,0,0,1767197
fd00::209:9:9:9,18,0,0,206,224,1777374,168,0,60,0,0,0,0,175,168,60,354,0,0,1777728
fd00::209:9:9:9,18,0,0,206,224,1787891,169,0,60,0,0,0,0,176,169,60,348,0,0,1788239
fd00::209:9:9:9,18,0,0,206,224,1798408,170,0,60,0,0,0,0,177,170,60,372,0,0,1798780
fd00::209:9:9:9,18,0,0,206,224,1808925,171,0,60,0,0,0,0,178,171,60,357,0,0,1809282
fd00::209:9:9:9,18,0,0,206,224,1819442,172,0,60,0,0,0,0,179,172,60,356,0,0,1819798
fd00::209:9:9:9,18,0,0,206,224,1829959,173,0,60,0,0,0,0,181,173,60,389,0,0,1830348
fd00::209:9:9:9,18,0,0,206,224,1840476,174,0,60,0,0,0,0,182,174,60,352,0,0,1840828
fd00::209:9:9:9,18,0,0,206,224,1850993,175,0,60,0,0,0,0,183,175,60,355,0,0,1851348
fd00::209:9:9:9,18,0,0,206,224,1861510,176,0,60,0,0,0,0,184,176,60,359,0,0,1861869
fd00::209:9:9:9,18,0,1,205,224,1872027,177,0,60,0,0,0,0,185,177,60,357,0,0,1872384
fd00::209:9:9:9,18,0,1,205,224,1882544,178,0,60,0,0,0,0,186,178,60,348,0,0,1882892
fd00::209:9:9:9,18,0,0,206,224,1893061,179,0,60,0,0,0,0,187,179,60,360,0,0,1893421
fd00::209:9:9:9,18,0,0,206,224,1903578,180,0,60,0,0,0,0,188,180,60,371,0,0,1903949
fd00::209:9:9:9,18,0,0,206,224,1914095,181,0,60,0,0,0,0,189,181,60,372,0,0,1914467
fd00::209:9:9:9,18,0,0,206,224,1924612,182,0,60,0,0,0,0,190,182,60,372,0,0,1924984
fd00::209:9:9:9,18,0,0,206,224,1935129,183,0,60,0,0,0,0,191,183,60,373,0,0,1935502
fd00::209:9:9:9,18,0,0,206,224,1945646,184,0,60,0,0,0,0,192,184,60,352,0,0,1945998
fd00::209:9:9:9,18,0,0,206,224,1956163,185,0,60,0,0,0,0,193,185,60,364,0,0,1956527
fd00::209:9:9:9,18,0,0,206,224,1966680,186,0,60,0,0,0,0,194,186,60,349,0,0,1967029
fd00::209:9:9:9,18,0,0,206,224,1977197,187,0,60,0,0,0,0,195,187,60,339,0,0,1977536
fd00::209:9:9:9,18,0,0,206,224,1987714,188,0,60,0,0,0,0,196,188,60,349,0,0,1988063
fd00::209:9:9:9,18,0,0,206,224,1998231,189,0,60,0,0,0,0,197,189,60,337,0,0,1998568
fd00::209:9:9:9,18,0,0,206,224,2008748,190,0,60,0,0,0,0,198,190,60,359,0,0,2009107
fd00::209:9:9:9,18,0,0,206,224,2019265,191,0,60,0,0,0,0,199,191,60,335,0,0,2019600
fd00::209:9:9:9,18,0,0,206,224,2029782,192,0,60,0,0,0,0,201,192,60,372,0,0,2030154
fd00::209:9:9:9,18,0,0,206,224,2040299,193,0,60,0,0,0,0,202,193,60,403,0,0,2040702
fd00::209:9:9:9,18,0,0,206,224,2050816,194,0,60,0,0,0,0,203,194,60,370,0,0,2051186
fd00::209:9:9:9,18,0,0,206,224,2061333,195,0,60,0,0,0,0,204,195,60,350,0,0,2061683
fd00::209:9:9:9,18,0,0,206,224,2071850,196,0,60,0,0,0,0,205,196,60,338,0,0,2072188
fd00::209:9:9:9,18,0,0,206,224,2082367,197,0,60,0,0,0,0,206,197,60,370,0,0,2082737
fd00::209:9:9:9,18,0,0,206,224,2092884,198,0,60,0,0,0,0,207,198,60,344,0,0,2093228
fd00::209:9:9:9,18,0,0,206,224,2103401,199,0,60,0,0,0,0,208,199,60,333,0,0,2103734
fd00::209:9:9:9,18,0,0,206,224,2113918,200,0,60,0,0,0,0,209,200,60,347,0,0,2114265
fd00::209:9:9:9,18,0,0,206,224,2124435,201,0,60,0,0,0,0,210,201,60,370,0,0,2124805
fd00::209:9:9:9,18,0,0,206,224,2134952,202,0,60,0,0,0,0,211,202,60,362,0,0,2135314
fd00::209:9:9:9,18,0,0,206,224,2145469,203,0,60,0,0,0,0,212,203,60,353,0,0,2145822
fd00::209:9:9:9,18,0,0,206,224,2155986,204,0,60,0,0,0,0,213,204,60,341,0,0,2156327
fd00::209:9:9:9,18,0,0,206,224,2166503,205,0,60,0,0,0,0,214,205,60,333,0,0,2166836
fd00::209:9:9:9,18,0,0,206,224,2177020,206,0,60,0,0,0,0,215,206,60,350,0,0,2177370
fd00::209:9:9:9,18,0,0,206,224,2187537,207,0,60,0,0,0,0,216,207,60,346,0,0,2187883
fd00::209:9:9:9,18,0,0,206,224,2198054,208,0,60,0,0,0,0,217,208,60,355,0,0,2198409
fd00::209:9:9:9,18,0,0,206,224,2208571,209,0,60,0,0,0,0,218,209,60,342,0,0,2208913
fd00::209:9:9:9,18,0,1,205,224,2219088,210,0,60,0,0,0,0,219,210,60,349,0,0,2219437
fd00::209:9:9:9,18,0,0,206,224,2229605,211,0,60,0,0,0,0,220,211,60,338,0,0,2229943
fd00::209:9:9:9,18,0,0,206,224,2240122,212,0,60,0,0,0,0,222,212,60,494,0,0,2240616
fd00::209:9:9:9,18,0,1,205,224,2250639,213,0,60,0,0,0,0,223,213,60,357,0,0,2250996
fd00::209:9:9:9,18,0,0,206,224,2261156,214,0,60,0,0,0,0,224,214,60,355,0,0,2261511
fd00::209:9:9:9,18,0,0,206,224,2271673,215,0,60,0,0,0,0,225,215,60,340,0,0,2272013
fd00::209:9:9:9,18,0,0,206,224,2282190,216,0,60,0,0,0,0,226,216,60,343,0,0,2282533
fd00::209:9:9:9,18,0,0,206,224,2292707,217,0,60,0,0,0,0,227,217,60,348,0,0,2293055
fd00::209:9:9:9,18,0,0,206,224,2303224,218,0,60,0,0,0,0,228,218,60,360,0,0,2303584
fd00::209:9:9:9,18,0,0,206,224,2313741,219,0,60,0,0,0,0,229,219,60,355,0,0,2314096
fd00::209:9:9:9,18,0,0,206,224,2324258,220,0,60,0,0,0,0,230,220,60,369,0,0,2324627
fd00::209:9:9:9,18,0,0,206,224,2334775,221,0,60,0,0,0,0,231,221,60,343,0,0,2335118
fd00::209:9:9:9,18,0,0,206,224,2345292,222,0,60,0,0,0,0,232,222,60,344,0,0,2345636
fd00::209:9:9:9,18,0,0,206,224,2355809,223,0,60,0,0,0,0,233,223,60,361,0,0,2356170
fd00::209:9:9:9,18,0,0,206,224,2366326,224,0,60,0,0,0,0,234,224,60,340,0,0,2366666
fd00::209:9:9:9,18,0,0,206,224,2376843,225,0,60,0,0,0,0,235,225,60,355,0,0,2377198
fd00::209:9:9:9,18,0,0,206,224,2387360,226,0,60,0,0,0,0,236,226,60,370,0,0,2387730
fd00::209:9:9:9,18,0,0,206,224,2397877,227,0,60,0,0,0,0,237,227,60,351,0,0,2398228
fd00::209:9:9:9,18,0,0,206,224,2408394,228,0,60,0,0,0,0,238,228,60,365,0,0,2408759
fd00::209:9:9:9,18,0,0,206,224,2418911,229,0,60,0,0,0,0,239,229,60,367,0,0,2419278
fd00::209:9:9:9,18,0,0,206,224,2429428,230,0,60,0,0,0,0,240,230,60,334,0,0,2429762
fd00::209:9:9:9,18,0,0,206,224,2439945,231,0,60,0,0,0,0,242,231,60,370,0,0,2440315
fd00::209:9:9:9,18,0,0,206,224,2450462,232,0,60,0,0,0,0,243,232,60,347,0,0,2450809
fd00::209:9:9:9,18,0,0,206,224,2460979,233,0,60,0,0,0,0,244,233,60,334,0,0,2461313
fd00::209:9:9:9,18,0,0,206,224,2471496,234,0,60,0,0,0,0,245,234,60,342,0,0,2471838
fd00::209:9:9:9,18,0,0,206,224,2482013,235,0,60,0,0,0,0,246,235,60,355,0,0,2482368
fd00::209:9:9:9,18,0,0,206,224,2492530,236,0,60,0,0,0,0,247,236,60,353,0,0,2492883
fd00::209:9:9:9,18,0,0,206,224,2503047,237,0,60,0,0,0,0,248,237,60,362,0,0,2503409
fd00::209:9:9:9,18,0,0,206,224,2513564,238,0,60,0,0,0,0,249,238,60,360,0,0,2513924
fd00::209:9:9:9,18,0,0,206,224,2524081,239,0,60,0,0,0,0,250,239,60,347,0,0,2524428
fd00::209:9:9:9,18,0,0,206,224,2534598,240,0,60,0,0,0,0,251,240,60,366,0,0,2534964
fd00::209:9:9:9,18,0,0,206,224,2545115,241,0,60,0,0,0,0,252,241,60,371,0,0,2545486
fd00::209:9:9:9,18,0,0,206,224,2555632,242,0,60,0,0,0,0,253,242,60,366,0,0,2555998
fd00::209:9:9:9,18,0,0,206,224,2566149,243,0,60,0,0,0,0,254,243,60,372,0,0,2566521
fd00::209:9:9:9,18,0,0,206,224,2576666,244,0,60,0,0,0,0,255,244,60,372,0,0,2577038
fd00::209:9:9:9,18,0,0,206,224,2587183,245,0,60,0,0,0,0,256,245,60,357,0,0,2587540
fd00::209:9:9:9,18,0,0,206,224,2597700,246,0,60,0,0,0,0,257,246,60,370,0,0,2598070
fd00::209:9:9:9,18,0,0,206,224,2608217,247,0,60,0,0,0,0,258,247,60,362,0,0,2608579
fd00::209:9:9:9,18,0,0,206,224,2618734,248,0,60,0,0,0,0,259,248,60,353,0,0,2619087
fd00::209:9:9:9,18,0,0,206,224,2629251,249,0,60,0,0,0,0,260,249,60,345,0,0,2629596
fd00::209:9:9:9,18,0,0,206,224,2639768,250,0,60,0,0,0,0,262,250,60,361,0,0,2640129
fd00::209:9:9:9,18,0,0,206,224,2650285,251,0,60,0,0,0,0,263,251,60,369,0,0,2650654
fd00::209:9:9:9,18,0,0,206,224,2660802,252,0,60,0,0,0,0,264,252,60,352,0,0,2661154
fd00::209:9:9:9,18,0,0,206,224,2671319,253,0,60,0,0,0,0,265,253,60,346,0,0,2671665
fd00::209:9:9:9,18,0,0,206,224,2681836,254,0,60,0,0,0,0,266,254,60,335,0,0,2682171
fd00::209:9:9:9,18,0,0,206,224,2692353,255,0,60,0,0,0,0,267,255,60,366,0,0,2692719
fd00::209:9:9:9,18,0,0,206,224,2702870,256,0,60,0,0,0,0,268,256,60,335,0,0,2703205
fd00::209:9:9:9,18,0,0,206,224,2713387,257,0,60,0,0,0,0,269,257,60,360,0,0,2713747
fd00::209:9:9:9,18,0,0,206,224,2723904,258,0,60,0,0,0,0,270,258,60,354,0,0,2724258
fd00::209:9:9:9,18,0,0,206,224,2734421,259,0,60,0,0,0,0,271,259,60,337,0,0,2734758
fd00::209:9:9:9,18,0,0,206,224,2744938,260,0,60,0,0,0,0,272,260,60,365,0,0,2745303
fd00::209:9:9:9,18,0,0,206,224,2755455,261,0,60,0,0,0,0,273,261,60,362,0,0,2755817
fd00::209:9:9:9,18,0,0,206,224,2765972,262,0,60,0,0,0,0,274,262,60,345,0,0,2766317
fd00::209:9:9:9,18,0,0,206,224,2776489,263,0,60,0,0,0,0,275,263,60,336,0,0,2776825
fd00::209:9:9:9,18,0,0,206,224,2787006,264,0,60,0,0,0,0,276,264,60,339,0,0,2787345
fd00::209:9:9:9,18,0,0,206,224,2797523,265,0,60,0,0,0,0,277,265,60,350,0,0,2797873
fd00::209:9:9:9,18,0,0,206,224,2808040,266,0,60,0,0,0,0,278,266,60,338,0,0,2808378
fd00::209:9:9:9,18,0,0,206,224,2818557,267,0,60,0,0,0,0,279,267,60,356,0,0,2818913
fd00::209:9:9:9,18,0,0,206,224,2829074,268,0,60,0,0,0,0,280,268,60,334,0,0,2829408
fd00::209:9:9:9,18,0,0,206,224,2839591,269,0,60,0,0,0,0,281,269,60,355,0,0,2839946
fd00::209:9:9:9,18,0,0,206,224,2850108,270,0,60,0,0,0,0,283,270,60,348,0,0,2850456
fd00::209:9:9:9,18,0,0,206,224,2860625,271,0,60,0,0,0,0,284,271,60,348,0,0,2860973
fd00::209:9:9:9,18,0,0,206,224,2871142,272,0,60,0,0,0,0,285,272,60,364,0,0,2871506
fd00::209:9:9:9,18,0,0,206,224,2881659,273,0,60,0,0,0,0,286,273,60,356,0,0,2882015
fd00::209:9:9:9,18,0,0,206,224,2892176,274,0,60,0,0,0,0,287,274,60,341,0,0,2892517
fd00::209:9:9:9,18,0,0,206,224,2902693,275,0,60,0,0,0,0,288,275,60,335,0,0,2903028
fd00::209:9:9:9,18,0,0,206,224,2913210,276,0,60,0,0,0,0,289,276,60,366,0,0,2913576
fd00::209:9:9:9,18,0,0,206,224,2923727,277,0,60,0,0,0,0,290,277,60,354,0,0,2924081
fd00::209:9:9:9,18,0,0,206,224,2934244,278,0,60,0,0,0,0,291,278,60,391,0,0,2934635
fd00::209:9:9:9,18,0,0,206,224,2944761,279,0,60,0,0,0,0,292,279,60,341,0,0,2945102
fd00::209:9:9:9,18,0,0,206,224,2955278,280,0,60,0,0,0,0,293,280,60,352,0,0,2955630
fd00::209:9:9:9,18,0,0,206,224,2965795,281,0,60,0,0,0,0,294,281,60,368,0,0,2966163
fd00::209:9:9:9,18,0,0,206,224,2976312,282,0,60,0,0,0,0,295,282,60,359,0,0,2976671
fd00::209:9:9:9,18,0,0,206,224,2986829,283,0,60,0,0,0,0,296,283,60,339,0,0,2987168
fd00::209:9:9:9,18,0,0,206,224,2997346,284,0,60,0,0,0,0,297,284,60,333,0,0,2997679
fd00::209:9:9:9,18,0,0,206,224,3007863,285,0,60,0,0,0,0,298,285,60,334,0,0,3008197
fd00::209:9:9:9,18,0,0,206,224,3018380,286,0,60,0,0,0,0,299,286,60,355,0,0,3018735
fd00::209:9:9:9,18,0,0,206,224,3028897,287,0,60,0,0,0,0,300,287,60,373,0,0,3029270
fd00::209:9:9:9,18,0,0,206,224,3039414,288,0,60,0,0,0,0,301,288,60,340,0,0,3039754
fd00::209:9:9:9,18,0,0,206,224,3049931,289,0,60,0,0,0,0,303,289,60,423,0,0,3050354
fd00::209:9:9:9,18,0,0,206,224,3060448,290,0,60,0,0,0,0,304,290,60,352,0,0,3060800
fd00::209:9:9:9,18,0,0,206,224,3070965,291,0,60,0,0,0,0,305,291,60,351,0,0,3071316
fd00::209:9:9:9,18,0,0,206,224,3081482,292,0,60,0,0,0,0,306,292,60,333,0,0,3081815
fd00::209:9:9:9,18,0,0,206,224,3091999,293,0,60,0,0,0,0,307,293,60,356,0,0,3092355
fd00::209:9:9:9,18,0,0,206,224,3102516,294,0,60,0,0,0,0,308,294,60,344,0,0,3102860
fd00::209:9:9:9,18,0,0,206,224,3113033,295,0,60,0,0,0,0,309,295,60,362,0,0,3113395
fd00::209:9:9:9,18,0,0,206,224,3123550,296,0,60,0,0,0,0,310,296,60,338,0,0,3123888
fd00::209:9:9:9,18,0,0,206,224,3134067,297,0,60,0,0,0,0,311,297,60,349,0,0,3134416
fd00::209:9:9:9,18,0,0,206,224,3144584,298,0,60,0,0,0,0,312,298,60,356,0,0,3144940
fd00::209:9:9:9,18,0,0,206,224,3155101,299,0,60,0,0,0,0,313,299,60,338,0,0,3155439
fd00::209:9:9:9,18,0,0,206,224,3165618,300,0,60,0,0,0,0,314,300,60,336,0,0,3165954
fd00::209:9:9:9,18,0,0,206,224,3176135,301,0,60,0,0,0,0,315,301,60,341,0,0,3176476
fd00::209:9:9:9,18,0,0,206,224,3186652,302,0,60,0,0,0,0,316,302,60,333,0,0,3186985
fd00::209:9:9:9,18,0,0,206,224,3197169,303,0,60,0,0,0,0,317,303,60,342,0,0,3197511
fd00::209:9:9:9,18,0,0,206,224,3207686,304,0,60,0,0,0,0,318,304,60,373,0,0,3208059
fd00::209:9:9:9,18,0,0,206,224,3218203,305,0,60,0,0,0,0,319,305,60,360,0,0,3218563
fd00::209:9:9:9,18,0,0,206,224,3228720,306,0,60,0,0,0,0,320,306,60,345,0,0,3229065
fd00::209:9:9:9,18,0,0,206,224,3239237,307,0,60,0,0,0,0,321,307,60,339,0,0,3239576
fd00::209:9:9:9,18,0,0,206,224,3249754,308,0,60,0,0,0,0,323,308,60,406,0,0,3250160
fd00::209:9:9:9,18,0,0,206,224,3260271,309,0,60,0,0,0,0,324,309,60,377,0,0,3260648
fd00::209:9:9:9,18,0,0,206,224,3270788,310,0,60,0,0,0,0,325,310,60,345,0,0,3271133
fd00::209:9:9:9,18,0,0,206,224,3281305,311,0,60,0,0,0,0,326,311,60,349,0,0,3281654
fd00::209:9:9:9,18,0,0,206,224,3291822,312,0,60,0,0,0,0,327,312,60,365,0,0,3292187
fd00::209:9:9:9,18,0,0,206,224,3302339,313,0,60,0,0,0,0,328,313,60,362,0,0,3302701
fd00::209:9:9:9,18,0,0,206,224,3312856,314,0,60,0,0,0,0,329,314,60,345,0,0,3313201
fd00::209:9:9:9,18,0,0,206,224,3323373,315,0,60,0,0,0,0,330,315,60,363,0,0,3323736
fd00::209:9:9:9,18,0,0,206,224,3333890,316,0,60,0,0,0,0,331,316,60,340,0,0,3334230
fd00::209:9:9:9,18,0,0,206,224,3344407,317,0,60,0,0,0,0,332,317,60,343,0,0,3344750
fd00::209:9:9:9,18,0,1,205,224,3354924,318,0,60,0,0,0,0,333,318,60,345,0,0,3355269
fd00::209:9:9:9,18,0,0,206,224,3365441,319,0,60,0,0,0,0,334,319,60,336,0,0,3365777
fd00::209:9:9:9,18,0,0,206,224,3375958,320,0,60,0,0,0,0,335,320,60,354,0,0,3376312
fd00::209:9:9:9,18,0,0,206,224,3386475,321,0,60,0,0,0,0,336,321,60,333,0,0,3386808
fd00::209:9:9:9,18,0,0,206,224,3396992,322,0,60,0,0,0,0,337,322,60,337,0,0,3397329
fd00::209:9:9:9,18,0,0,206,224,3407509,323,0,60,0,0,0,0,338,323,60,357,0,0,3407866
fd00::209:9:9:9,18,0,0,206,224,3418026,324,0,60,0,0,0,0,339,324,60,354,0,0,3418380
fd00::209:9:9:9,18,0,0,206,224,3428543,325,0,60,0,0,0,0,340,325,60,350,0,0,3428893
fd00::209:9:9:9,18,0,0,206,224,3439060,326,0,60,0,0,0,0,341,326,60,354,0,0,3439414
fd00::209:9:9:9,18,0,1,205,224,3449577,327,0,60,0,0,0,0,342,327,60,356,0,0,3449933
fd00::209:9:9:9,18,0,0,206,224,3460094,328,0,60,0,0,0,0,344,328,60,458,0,0,3460552
fd00::209:9:9:9,18,0,1,205,224,3470611,329,0,60,0,0,0,0,345,329,60,347,0,0,3470958
fd00::209:9:9:9,18,0,0,206,224,3481128,330,0,60,0,0,0,0,346,330,60,355,0,0,3481483
fd00::209:9:9:9,18,0,0,206,224,3491645,331,0,60,0,0,0,0,347,331,60,339,0,0,3491984
fd00::209:9:9:9,18,0,0,206,224,3502162,332,0,60,0,0,0,0,348,332,60,341,0,0,3502503
fd00::209:9:9:9,18,0,0,206,224,3512679,333,0,60,0,0,0,0,349,333,60,348,0,0,3513027
fd00::209:9:9:9,18,0,0,206,224,3523196,334,0,60,0,0,0,0,350,334,60,345,0,0,3523541
fd00::209:9:9:9,18,0,0,206,224,3533713,335,0,60,0,0,0,0,351,335,60,335,0,0,3534048
fd00::209:9:9:9,18,0,0,206,224,3544230,336,0,60,0,0,0,0,352,336,60,367,0,0,3544597
fd00::209:9:9:9,18,0,0,206,224,3554747,337,0,60,0,0,0,0,353,337,60,335,0,0,3555082
fd00::209:9:9:9,18,0,0,206,224,3565264,338,0,60,0,0,0,0,354,338,60,354,0,0,3565618
fd00::209:9:9:9,18,0,0,206,224,3575781,339,0,60,0,0,0,0,355,339,60,361,0,0,3576142
fd00::209:9:9:9,18,0,0,206,224,3586298,340,0,60,0,0,0,0,356,340,60,350,0,0,3586648
fd00::209:9:9:9,18,0,0,206,224,3596815,341,0,60,0,0,0,0,357,341,60,369,0,0,3597184
fd00::20a:a:a:a,36,0,0,401,437,20439,1,0,60,0,0,0,0,0,1,60,195,0,0,20634
fd00::20a:a:a:a,18,0,0,200,218,30658,2,1,60,12,18446744073709551477,100,-85,1,3,60,186,0,24,30844
fd00::20a:a:a:a,18,0,0,200,218,40877,3,2,60,12,18446744073709551462,100,-85,2,5,60,200,0,21,41077
fd00::20a:a:a:a,18,0,1,199,218,51096,4,3,60,12,18446744073709551480,100,-85,3,7,60,198,0,34,51294
fd00::20a:a:a:a,18,0,1,199,218,61315,5,4,60,12,18446744073709551459,100,-85,4,9,60,219,0,35,61534
fd00::20a:a:a:a,18,0,1,199,218,71534,6,5,60,12,18446744073709551485,100,-85,5,11,60,204,0,38,71738
fd00::20a:a:a:a,18,0,1,199,218,81753,7,6,60,12,18446744073709551477,100,-85,6,13,60,212,0,32,81965
fd00::20a:a:a:a,18,0,2,198,218,91972,8,7,60,12,18446744073709551488,100,-85,7,15,60,214,0,45,92186
fd00::20a:a:a:a,18,0,1,199,218,102191,9,8,60,12,18446744073709551463,100,-85,8,17,60,204,0,29,102395
fd00::20a:a:a:a,18,0,2,199,219,112410,10,9,60,12,18446744073709551463,100,-85,9,19,60,188,0,18,112598
fd00::20a:a:a:a,18,0,1,199,218,122629,11,10,60,12,18446744073709551463,100,-85,10,21,60,217,0,24,122846
fd00::20a:a:a:a,18,0,1,199,218,132848,12,11,60,12,18446744073709551480,100,-85,11,23,60,197,0,29,133045
fd00::20a:a:a:a,18,0,2,198,218,143067,13,12,60,12,18446744073709551478,100,-85,12,25,60,200,0,26,143267
fd00::20a:a:a:a,18,0,2,198,218,153286,14,13,60,12,18446744073709551482,100,-85,13,27,60,196,0,32,153482
fd00::20a:a:a:a,18,0,1,199,218,163505,15,14,60,12,18446744073709551468,100,-85,14,29,60,214,0,37,163719
fd00::20a:a:a:a,18,0,2,198,218,173724,16,15,60,12,18446744073709551468,100,-85,15,31,60,181,0,35,173905
fd00::20a:a:a:a,18,0,2,198,218,183943,17,16,60,12,18446744073709551472,100,-85,16,33,60,200,0,150,184143
fd00::20a:a:a:a,18,0,1,199,218,194162,18,17,60,12,18446744073709551463,100,-85,17,35,60,183,0,27,194345
fd00::20a:a:a:a,18,0,2,198,218,204381,19,18,60,12,18446744073709551468,100,-85,18,37,60,219,0,35,204600
fd00::20a:a:a:a,18,0,2,198,218,214600,20,19,60,12,18446744073709551471,100,-85,19,39,60,215,0,43,214815
fd00::20a:a:a:a,18,0,1,199,218,224819,21,20,60,12,18446744073709551488,100,-85,20,41,60,181,0,29,225000
fd00::20a:a:a:a,18,0,1,199,218,235038,22,21,60,12,18446744073709551463,100,-85,21,43,60,197,0,59,235235
fd00::20a:a:a:a,18,0,2,199,219,245257,23,22,60,12,18446744073709551468,100,-85,22,45,60,204,0,16,245461
fd00::20a:a:a:a,18,0,1,199,218,255476,24,23,60,12,18446744073709551468,100,-85,23,47,60,214,0,16,255690
fd00::20a:a:a:a,18,0,1,199,218,265695,25,24,60,12,18446744073709551468,100,-85,24,49,60,183,0,32,265878
fd00::20a:a:a:a,18,0,1,199,218,275914,26,25,60,12,18446744073709551480,100,-85,25,51,60,192,0,30,276106
fd00::20a:a:a:a,18,0,2,198,218,286133,27,26,60,12,18446744073709551463,100,-85,26,53,60,215,0,22,286348
fd00::20a:a:a:a,18,0,2,198,218,296352,28,27,60,12,18446744073709551480,100,-85,27,55,60,182,0,54,296534
fd00::20a:a:a:a,18,0,1,199,218,306571,29,28,60,12,18446744073709551469,100,-85,28,57,60,200,0,23,306771
fd00::20a:a:a:a,18,0,1,199,218,316790,30,29,60,12,18446744073709551463,100,-85,29,59,60,186,0,68,316976
fd00::20a:a:a:a,18,0,1,199,218,327009,31,30,60,12,18446744073709551476,100,-85,30,61,60,181,0,23,327190
fd00::20a:a:a:a,18,0,2,199,219,337228,32,31,60,12,18446744073709551463,100,-85,31,63,60,201,0,16,337429
fd00::20a:a:a:a,18,0,2,198,218,347447,33,32,60,12,18446744073709551468,100,-85,32,65,60,220,0,16,347667
fd00::20a:a:a:a,18,0,1,199,218,357666,34,33,60,12,18446744073709551482,100,-85,33,67,60,201,0,35,357867
fd00::20a:a:a:a,18,0,2,198,218,367885,35,34,60,12,18446744073709551466,100,-85,34,69,60,205,0,35,368090
fd00::20a:a:a:a,18,0,2,198,218,378104,36,35,60,12,18446744073709551535,100,-85,35,71,60,185,0,68,378289
fd00::20a:a:a:a,18,0,1,199,218,388323,37,36,60,12,18446744073709551564,100,-85,36,73,60,221,0,64,388544
fd00::20a:a:a:a,18,0,2,198,218,398542,38,37,60,12,18446744073709551486,100,-85,37,75,60,200,0,25,398742
fd00::20a:a:a:a,18,0,2,198,218,408761,39,38,60,12,18446744073709551463,100,-85,38,77,60,207,0,21,408968
fd00::20a:a:a:a,18,0,1,199,218,418980,40,39,60,12,18446744073709551485,100,-85,39,79,60,199,0,28,419179
fd00::20a:a:a:a,18,0,1,199,218,429199,41,40,60,12,18446744073709551474,100,-85,40,81,60,183,0,94,429382
fd00::20a:a:a:a,18,0,1,199,218,439418,42,41,60,12,18446744073709551463,100,-85,41,83,60,246,0,13,439664
fd00::20a:a:a:a,18,0,1,199,218,449637,43,42,60,12,18446744073709551484,100,-85,42,85,60,211,0,33,449848
fd00::20a:a:a:a,18,0,1,199,218,459856,44,44,60,12,18446744073709551468,100,-85,44,88,60,218,0,22,460074
fd00::20a:a:a:a,18,0,1,199,218,470075,45,45,60,12,18446744073709551481,100,-85,45,90,60,401,0,63,470476
fd00::20a:a:a:a,18,0,2,198,218,480294,46,46,60,12,18446744073709551480,100,-85,46,92,60,326,0,36,480620
fd00::20a:a:a:a,18,0,2,198,218,490513,47,47,60,12,18446744073709551473,100,-85,47,94,60,215,0,25,490728
fd00::20a:a:a:a,18,0,1,199,218,500732,48,48,60,12,18446744073709551467,100,-85,48,96,60,194,0,109,500926
fd00::20a:a:a:a,18,0,1,199,218,510951,49,49,60,12,18446744073709551467,100,-85,49,98,60,214,0,31,511165
fd00::20a:a:a:a,18,0,1,199,218,521170,50,50,60,12,18446744073709551463,100,-85,50,100,60,192,0,58,521362
fd00::20a:a:a:a,18,0,1,199,218,531389,51,51,60,12,18446744073709551479,100,-85,51,102,60,188,0,29,531577
fd00::20a:a:a:a,18,0,1,199,218,541608,52,52,60,12,18446744073709551463,100,-85,52,104,60,216,0,107,541824
fd00::20a:a:a:a,18,0,2,198,218,551827,53,53,60,12,18446744073709551485,100,-85,53,106,60,195,0,24,552022
fd00::20a:a:a:a,18,0,2,198,218,562046,54,54,60,12,18446744073709551464,100,-85,54,108,60,188,0,24,562234
fd00::20a:a:a:a,18,0,2,198,218,572265,55,55,60,12,18446744073709551477,100,-85,55,110,60,188,0,47,572453
fd00::20a:a:a:a,18,0,1,199,218,582484,56,56,60,12,18446744073709551463,100,-85,56,112,60,201,0,15,582685
fd00::20a:a:a:a,18,0,1,199,218,592703,57,57,60,12,18446744073709551479,100,-85,57,114,60,212,0,36,592915
fd00::20a:a:a:a,18,0,1,199,218,602922,58,58,60,12,18446744073709551463,100,-85,58,116,60,208,0,80,603130
fd00::20a:a:a:a,18,0,1,199,218,613141,59,59,60,12,18446744073709551468,100,-85,59,118,60,186,0,88,613327
fd00::20a:a:a:a,18,0,1,199,218,623360,60,60,60,12,18446744073709551463,100,-85,60,120,60,189,0,34,623549
fd00::20a:a:a:a,18,0,1,199,218,633579,61,61,60,12,18446744073709551486,100,-85,61,122,60,202,0,25,633781
fd00::20a:a:a:a,18,0,1,199,218,643798,62,62,60,12,18446744073709551465,100,-85,62,124,60,186,0,14,643984
fd00::20a:a:a:a,18,0,1,199,218,654017,63,63,60,12,18446744073709551463,100,-85,63,126,60,241,0,26,654258
fd00::20a:a:a:a,18,0,1,199,218,664236,64,64,60,12,18446744073709551463,100,-85,64,128,60,217,0,22,664453
fd00::20a:a:a:a,18,0,1,200,219,674455,65,65,60,12,18446744073709551481,100,-85,65,130,60,202,0,33,674657
fd00::20a:a:a:a,18,0,1,199,218,684674,66,66,60,12,18446744073709551468,100,-85,66,132,60,207,0,32,684881
fd00::20a:a:a:a,18,0,1,200,219,694893,67,67,60,12,18446744073709551488,100,-85,67,134,60,200,0,27,695093
fd00::20a:a:a:a,18,0,1,199,218,705112,68,68,60,12,18446744073709551468,100,-85,68,136,60,211,0,37,705323
fd00::20a:a:a:a,18,0,1,199,218,715331,69,69,60,12,18446744073709551476,100,-85,69,138,60,199,0,29,715530
fd00::20a:a:a:a,18,0,1,199,218,725550,70,70,60,12,18446744073709551468,100,-85,70,140,60,195,0,104,725745
fd00::20a:a:a:a,18,0,1,200,219,735769,71,71,60,12,18446744073709551468,100,-85,71,142,60,202,0,21,735971
fd00::20a:a:a:a,18,0,1,199,218,745988,72,72,60,12,18446744073709551467,100,-85,72,144,60,221,0,33,746209
fd00::20a:a:a:a,18,0,1,199,218,756207,73,73,60,12,18446744073709551468,100,-85,73,146,60,201,0,21,756408
fd00::20a:a:a:a,18,0,1,200,219,766426,74,74,60,12,18446744073709551469,100,-85,74,148,60,184,0,23,766610
fd00::20a:a:a:a,18,0,1,200,219,776645,75,75,60,12,18446744073709551491,100,-85,75,150,60,217,0,37,776862
fd00::20a:a:a:a,18,0,1,199,218,786864,76,76,60,12,18446744073709551468,100,-85,76,152,60,207,0,40,787071
fd00::20a:a:a:a,18,0,1,199,218,797083,77,77,60,12,18446744073709551474,100,-85,77,154,60,207,0,73,797290
fd00::20a:a:a:a,18,0,1,199,218,807302,78,78,60,12,18446744073709551473,100,-85,78,156,60,207,0,38,807509
fd00::20a:a:a:a,18,0,1,199,218,817521,79,79,60,12,18446744073709551468,100,-85,79,158,60,220,0,28,817741
fd00::20a:a:a:a,18,0,1,199,218,827740,80,80,60,12,18446744073709551468,100,-85,80,160,60,218,0,134,827958
fd00::20a:a:a:a,18,0,1,200,219,837959,81,81,60,12,18446744073709551463,100,-85,81,162,60,196,0,27,838155
fd00::20a:a:a:a,18,0,1,199,218,848178,82,82,60,12,18446744073709551468,100,-85,82,164,60,196,0,28,848374
fd00::20a:a:a:a,18,0,1,199,218,858397,83,83,60,12,18446744073709551468,100,-85,83,166,60,217,0,19,858614
fd00::20a:a:a:a,18,0,1,200,219,868616,84,84,60,12,18446744073709551484,100,-85,84,168,60,211,0,84,868827
fd00::20a:a:a:a,18,0,1,200,219,878835,85,85,60,12,18446744073709551463,100,-85,85,170,60,183,0,31,879018
fd00::20a:a:a:a,18,0,1,199,218,889054,86,86,60,12,18446744073709551480,100,-85,86,172,60,203,0,42,889257
fd00::20a:a:a:a,18,0,1,199,218,899273,87,87,60,12,18446744073709551463,100,-85,87,174,60,187,0,36,899460
fd00::20a:a:a:a,18,0,1,199,218,909492,88,88,60,12,18446744073709551473,100,-85,88,176,60,205,0,21,909697
fd00::20a:a:a:a,18,0,1,199,218,919711,89,89,60,12,18446744073709551468,100,-85,89,178,60,217,0,86,919928
fd00::20a:a:a:a,18,0,1,199,218,929930,90,91,60,12,18446744073709551535,100,-85,91,181,60,252,0,76,930182
fd00::20a:a:a:a,18,0,1,199,218,940149,91,92,60,12,18446744073709551463,100,-85,92,183,60,241,0,52,940390
fd00::20a:a:a:a,18,0,1,199,218,950368,92,93,60,12,18446744073709551468,100,-85,93,185,60,203,0,25,950571
fd00::20a:a:a:a,18,0,2,198,218,960587,93,94,60,12,18446744073709551468,100,-85,94,187,60,193,0,47,960780
fd00::20a:a:a:a,18,0,1,199,218,970806,94,95,60,12,18446744073709551481,100,-85,95,189,60,183,0,32,970989
fd00::20a:a:a:a,18,0,1,199,218,981025,95,96,60,12,18446744073709551468,100,-85,96,191,60,191,0,16,981216
fd00::20a:a:a:a,18,0,1,199,218,991244,96,97,60,12,18446744073709551488,100,-85,97,193,60,213,0,33,991457
fd00::20a:a:a:a,18,0,1,199,218,1001463,97,98,60,12,18446744073709551476,100,-85,98,195,60,191,0,20,1001654
fd00::20a:a:a:a,18,0,1,200,219,1011682,98,99,60,12,18446744073709551475,100,-85,99,197,60,202,0,37,1011884
fd00::20a:a:a:a,18,0,1,199,218,1021901,99,100,60,12,18446744073709551473,100,-85,100,199,60,209,0,66,1022110
fd00::20a:a:a:a,18,0,1,199,218,1032120,100,101,60,12,18446744073709551487,100,-85,101,201,60,205,0,34,1032325
fd00::20a:a:a:a,18,0,1,199,218,1042339,101,102,60,12,18446744073709551468,100,-85,102,203,60,219,0,68,1042558
fd00::20a:a:a:a,18,0,1,200,219,1052558,102,103,60,12,18446744073709551468,100,-85,103,205,60,221,0,35,1052779
fd00::20a:a:a:a,18,0,1,200,219,1062777,103,104,60,12,18446744073709551463,100,-85,104,207,60,208,0,27,1062985
fd00::20a:a:a:a,18,0,1,199,218,1072996,104,105,60,12,18446744073709551468,100,-85,105,209,60,186,0,57,1073182
fd00::20a:a:a:a,18,0,1,199,218,1083215,105,106,60,12,18446744073709551468,100,-85,106,211,60,194,0,28,1083409
fd00::20a:a:a:a,18,0,1,199,218,1093434,106,107,60,12,18446744073709551463,100,-85,107,213,60,195,0,32,1093629
fd00::20a:a:a:a,18,0,1,199,218,1103653,107,108,60,12,18446744073709551483,100,-85,108,215,60,204,0,23,1103857
fd00::20a:a:a:a,18,0,1,199,218,1113872,108,109,60,12,18446744073709551468,100,-85,109,217,60,192,0,106,1114064
fd00::20a:a:a:a,18,0,1,199,218,1124091,109,110,60,12,18446744073709551516,100,-85,110,219,60,213,0,45,1124304
fd00::20a:a:a:a,18,0,1,199,218,1134310,110,111,60,12,18446744073709551487,100,-85,111,221,60,203,0,54,1134513
fd00::20a:a:a:a,18,0,1,200,219,1144529,111,112,60,12,18446744073709551463,100,-85,112,223,60,186,0,29,1144715
fd00::20a:a:a:a,18,0,1,199,218,1154748,112,113,60,12,18446744073709551481,100,-85,113,225,60,203,0,52,1154951
fd00::20a:a:a:a,18,0,1,199,218,1164967,113,114,60,12,18446744073709551468,100,-85,114,227,60,189,0,39,1165156
fd00::20a:a:a:a,18,0,1,199,218,1175186,114,115,60,12,18446744073709551491,100,-85,115,229,60,181,0,28,1175367
fd00::20a:a:a:a,18,0,1,199,218,1185405,115,116,60,12,18446744073709551486,100,-85,116,231,60,200,0,41,1185605
fd00::20a:a:a:a,18,0,1,199,218,1195624,116,117,60,12,18446744073709551477,100,-85,117,233,60,202,0,40,1195826
fd00::20a:a:a:a,18,0,1,199,218,1205843,117,118,60,12,18446744073709551470,100,-85,118,235,60,185,0,40,1206028
fd00::20a:a:a:a,18,0,1,199,218,1216062,118,119,60,12,18446744073709551468,100,-85,119,237,60,205,0,19,1216267
fd00::20a:a:a:a,18,0,1,199,218,1226281,119,120,60,12,18446744073709551477,100,-85,120,239,60,198,0,31,1226479
fd00::20a:a:a:a,18,0,1,199,218,1236500,120,121,60,12,18446744073709551470,100,-85,121,241,60,195,0,31,1236695
fd00::20a:a:a:a,18,0,1,200,219,1246719,121,122,60,12,18446744073709551463,100,-85,122,243,60,217,0,13,1246936
fd00::20a:a:a:a,18,0,1,200,219,1256938,122,123,60,12,18446744073709551463,100,-85,123,245,60,181,0,27,1257119
fd00::20a:a:a:a,18,0,1,199,218,1267157,123,124,60,12,18446744073709551467,100,-85,124,247,60,218,0,21,1267375
fd00::20a:a:a:a,18,0,1,199,218,1277376,124,125,60,12,18446744073709551477,100,-85,125,249,60,181,0,39,1277557
fd00::20a:a:a:a,18,0,1,199,218,1287595,125,126,60,12,18446744073709551477,100,-85,126,251,60,220,0,42,1287815
fd00::20a:a:a:a,18,0,1,199,218,1297814,126,127,60,12,18446744073709551471,100,-85,127,253,60,182,0,17,1297996
fd00::20a:a:a:a,18,0,1,200,219,1308033,127,128,60,12,18446744073709551463,100,-85,128,255,60,181,0,22,1308214
fd00::20a:a:a:a,18,0,1,200,219,1318252,128,129,60,12,18446744073709551463,100,-85,129,257,60,207,0,16,1318459
fd00::20a:a:a:a,18,0,1,199,218,1328471,129,130,60,12,18446744073709551468,100,-85,130,259,60,181,0,24,1328652
fd00::20a:a:a:a,18,0,1,200,219,1338690,130,131,60,12,18446744073709551468,100,-85,131,261,60,189,0,23,1338879
fd00::20a:a:a:a,18,0,1,199,218,1348909,131,132,60,12,18446744073709551483,100,-85,132,263,60,181,0,76,1349090
fd00::20a:a:a:a,18,0,1,199,218,1359128,132,133,60,12,18446744073709551499,100,-85,133,265,60,209,0,42,1359337
fd00::20a:a:a:a,18,0,1,200,219,1369347,133,134,60,12,18446744073709551468,100,-85,134,267,60,200,0,18,1369547
fd00::20a:a:a:a,18,0,1,199,218,1379566,134,135,60,12,18446744073709551477,100,-85,135,269,60,183,0,154,1379749
fd00::20a:a:a:a,18,0,1,199,218,1389785,135,136,60,12,18446744073709551481,100,-85,136,271,60,189,0,26,1389974
fd00::20a:a:a:a,18,0,1,199,218,1400004,136,138,60,12,18446744073709551557,100,-85,138,274,60,594,0,72,1400598
fd00::20a:a:a:a,18,0,2,198,218,1410223,137,139,60,12,18446744073709551488,100,-85,139,276,60,205,0,38,1410428
fd00::20a:a:a:a,18,0,1,199,218,1420442,138,140,60,12,18446744073709551468,100,-85,140,278,60,194,0,33,1420636
fd00::20a:a:a:a,18,0,1,199,218,1430661,139,141,60,12,18446744073709551484,100,-85,141,280,60,209,0,26,1430870
fd00::20a:a:a:a,18,0,1,200,219,1440880,140,142,60,12,18446744073709551468,100,-85,142,282,60,183,0,33,1441063
fd00::20a:a:a:a,18,0,1,199,218,1451099,141,143,60,12,18446744073709551468,100,-85,143,284,60,224,0,54,1451323
fd00::20a:a:a:a,18,0,1,199,218,1461318,142,144,60,12,18446744073709551476,100,-85,144,286,60,220,0,69,1461538
fd00::20a:a:a:a,18,0,1,200,219,1471537,143,145,60,12,18446744073709551469,100,-85,145,288,60,181,0,18,1471718
fd00::20a:a:a:a,18,0,1,199,218,1481756,144,146,60,12,18446744073709551463,100,-85,146,290,60,221,0,141,1481977
fd00::20a:a:a:a,18,0,1,199,218,1491975,145,147,60,12,18446744073709551467,100,-85,147,292,60,214,0,48,1492189
fd00::20a:a:a:a,18,0,1,199,218,1502194,146,148,60,12,18446744073709551466,100,-85,148,294,60,206,0,33,1502400
fd00::20a:a:a:a,18,0,1,199,218,1512413,147,149,60,12,18446744073709551463,100,-85,149,296,60,181,0,28,1512594
fd00::20a:a:a:a,18,0,1,200,219,1522632,148,150,60,12,18446744073709551463,100,-85,150,298,60,203,0,42,1522835
fd00::20a:a:a:a,18,0,1,200,219,1532851,149,151,60,12,18446744073709551468,100,-85,151,300,60,237,0,18,1533088
fd00::20a:a:a:a,18,0,1,199,218,1543070,150,152,60,12,18446744073709551473,100,-85,152,302,60,193,0,20,1543263
fd00::20a:a:a:a,18,0,1,199,218,1553289,151,153,60,12,18446744073709551479,100,-85,153,304,60,182,0,44,1553471
fd00::20a:a:a:a,18,0,1,199,218,1563508,152,154,60,12,18446744073709551469,100,-85,154,306,60,194,0,65,1563702
fd00::20a:a:a:a,18,0,1,200,219,1573727,153,155,60,12,18446744073709551496,100,-85,155,308,60,183,0,32,1573910
fd00::20a:a:a:a,18,0,1,200,219,1583946,154,156,60,12,18446744073709551463,100,-85,156,310,60,181,0,66,1584127
fd00::20a:a:a:a,18,0,1,199,218,1594165,155,157,60,12,18446744073709551472,100,-85,157,312,60,198,0,134,1594363
fd00::20a:a:a:a,18,0,1,199,218,1604384,156,158,60,12,18446744073709551484,100,-85,158,314,60,195,0,49,1604579
fd00::20a:a:a:a,18,0,1,200,219,1614603,157,159,60,12,18446744073709551464,100,-85,159,316,60,203,0,63,1614806
fd00::20a:a:a:a,18,0,1,199,218,1624822,158,160,60,12,18446744073709551491,100,-85,160,318,60,193,0,46,1625015
fd00::20a:a:a:a,18,0,1,199,218,1635041,159,161,60,12,18446744073709551479,100,-85,161,320,60,189,0,35,1635230
fd00::20a:a:a:a,18,0,1,199,218,1645260,160,162,60,12,18446744073709551463,100,-85,162,322,60,221,0,79,1645481
fd00::20a:a:a:a,18,0,1,199,218,1655479,161,163,60,12,18446744073709551467,100,-85,163,324,60,216,0,71,1655695
fd00::20a:a:a:a,18,0,1,199,218,1665698,162,164,60,12,18446744073709551468,100,-85,164,326,60,194,0,28,1665892
fd00::20a:a:a:a,18,0,1,199,218,1675917,163,165,60,12,18446744073709551463,100,-85,165,328,60,191,0,13,1676108
fd00::20a:a:a:a,18,0,1,199,218,1686136,164,166,60,12,18446744073709551478,100,-85,166,330,60,208,0,210,1686344
fd00::20a:a:a:a,18,0,1,199,218,1696355,165,167,60,12,18446744073709551463,100,-85,167,332,60,215,0,21,1696570
fd00::20a:a:a:a,18,0,1,199,218,1706574,166,168,60,12,18446744073709551463,100,-85,168,334,60,201,0,33,1706775
fd00::20a:a:a:a,18,0,1,199,218,1716793,167,169,60,12,18446744073709551484,100,-85,169,336,60,210,0,34,1717003
fd00::20a:a:a:a,18,0,1,199,218,1727012,168,170,60,12,18446744073709551470,100,-85,170,338,60,185,0,36,1727197
fd00::20a:a:a:a,18,0,1,199,218,1737231,169,171,60,12,18446744073709551463,100,-85,171,340,60,195,0,20,1737426
fd00::20a:a:a:a,18,0,1,199,218,1747450,170,172,60,12,18446744073709551464,100,-85,172,342,60,201,0,24,1747651
fd00::20a:a:a:a,18,0,1,200,219,1757669,171,173,60,12,18446744073709551483,100,-85,173,344,60,217,0,37,1757886
fd00::20a:a:a:a,18,0,1,199,218,1767888,172,174,60,12,18446744073709551468,100,-85,174,346,60,202,0,35,1768090
fd00::20a:a:a:a,18,0,1,199,218,1778107,173,175,60,12,18446744073709551482,100,-85,175,348,60,202,0,25,1778309
fd00::20a:a:a:a,18,0,2,198,218,1788326,174,176,60,12,18446744073709551475,100,-85,176,350,60,216,0,26,1788542
fd00::20a:a:a:a,18,0,1,199,218,1798545,175,177,60,12,18446744073709551463,100,-85,177,352,60,206,0,27,1798751
fd00::20a:a:a:a,18,0,1,199,218,1808764,176,178,60,12,18446744073709551476,100,-85,178,354,60,200,0,31,1808964
fd00::20a:a:a:a,18,0,1,200,219,1818983,177,179,60,12,18446744073709551466,100,-85,179,356,60,199,0,44,1819182
fd00::20a:a:a:a,18,0,1,199,218,1829202,178,180,60,12,18446744073709551477,100,-85,180,358,60,190,0,43,1829392
fd00::20a:a:a:a,18,0,1,199,218,1839421,179,181,60,12,18446744073709551476,100,-85,181,360,60,181,0,36,1839602
fd00::20a:a:a:a,18,0,1,199,218,1849640,180,182,60,12,18446744073709551470,100,-85,182,362,60,181,0,47,1849821
fd00::20a:a:a:a,18,0,1,199,218,1859859,181,183,60,12,18446744073709551468,100,-85,184,364,60,306,0,26,1860165
fd00::20a:a:a:a,18,0,1,199,218,1870078,182,185,60,12,18446744073709551463,100,-85,185,367,60,323,0,24,1870401
fd00::20a:a:a:a,18,0,2,198,218,1880297,183,186,60,12,18446744073709551465,100,-85,186,369,60,266,0,32,1880563
fd00::20a:a:a:a,18,0,1,199,218,1890516,184,187,60,12,18446744073709551468,100,-85,187,371,60,210,0,33,1890726
fd00::20a:a:a:a,18,0,1,199,218,1900735,185,188,60,12,18446744073709551468,100,-85,188,373,60,218,0,30,1900953
fd00::20a:a:a:a,18,0,1,200,219,1910954,186,189,60,12,18446744073709551463,100,-85,189,375,60,192,0,144,1911146
fd00::20a:a:a:a,18,0,1,199,218,1921173,187,190,60,12,18446744073709551463,100,-85,190,377,60,188,0,96,1921361
fd00::20a:a:a:a,18,0,1,199,218,1931392,188,191,60,12,18446744073709551463,100,-85,191,379,60,183,0,31,1931575
fd00::20a:a:a:a,18,0,1,200,219,1941611,189,192,60,12,18446744073709551468,100,-85,192,381,60,211,0,16,1941822
fd00::20a:a:a:a,18,0,1,199,218,1951830,190,193,60,12,18446744073709551473,100,-85,193,383,60,187,0,43,1952017
fd00::20a:a:a:a,18,0,1,199,218,1962049,191,194,60,12,18446744073709551470,100,-85,194,385,60,217,0,20,1962266
fd00::20a:a:a:a,18,0,1,200,219,1972268,192,195,60,12,18446744073709551471,100,-85,195,387,60,181,0,33,1972449
fd00::20a:a:a:a,18,0,1,200,219,1982487,193,196,60,12,18446744073709551469,100,-85,196,389,60,212,0,20,1982699
fd00::20a:a:a:a,18,0,1,199,218,1992706,194,197,60,12,18446744073709551468,100,-85,197,391,60,199,0,35,1992905
fd00::20a:a:a:a,18,0,1,200,219,2002928,195,198,60,12,18446744073709551463,100,-85,198,393,60,217,0,13,2003145
fd00::20a:a:a:a,18,0,1,199,218,2013144,196,199,60,12,18446744073709551476,100,-85,199,395,60,187,0,21,2013331
fd00::20a:a:a:a,18,0,1,199,218,2023363,197,200,60,12,18446744073709551467,100,-85,200,397,60,194,0,47,2023557
fd00::20a:a:a:a,18,0,1,199,218,2033582,198,201,60,12,18446744073709551464,100,-85,201,399,60,194,0,31,2033776
fd00::20a:a:a:a,18,0,1,200,219,2043801,199,202,60,12,18446744073709551463,100,-85,202,401,60,207,0,26,2044008
fd00::20a:a:a:a,18,0,1,199,218,2054020,200,203,60,12,18446744073709551469,100,-85,203,403,60,195,0,70,2054215
fd00::20a:a:a:a,18,0,1,200,219,2064239,201,204,60,12,18446744073709551470,100,-85,204,405,60,202,0,32,2064441
fd00::20a:a:a:a,18,0,1,199,218,2074458,202,205,60,12,18446744073709551463,100,-85,205,407,60,253,0,83,2074711
fd00::20a:a:a:a,18,0,1,199,218,2084677,203,206,60,12,18446744073709551463,100,-85,206,409,60,217,0,49,2084894
fd00::20a:a:a:a,18,0,1,199,218,2094896,204,207,60,12,18446744073709551487,100,-85,207,411,60,209,0,32,2095105
fd00::20a:a:a:a,18,0,1,199,218,2105115,205,208,60,12,18446744073709551463,100,-85,208,413,60,204,0,32,2105319
fd00::20a:a:a:a,18,0,1,199,218,2115334,206,209,60,12,18446744073709551471,100,-85,209,415,60,194,0,35,2115528
fd00::20a:a:a:a,18,0,1,200,219,2125553,207,210,60,12,18446744073709551468,100,-85,210,417,60,224,0,18,2125777
fd00::20a:a:a:a,18,0,1,199,218,2135772,208,211,60,12,18446744073709551481,100,-85,211,419,60,184,0,32,2135956
fd00::20a:a:a:a,18,0,1,199,218,2145991,209,212,60,12,18446744073709551486,100,-85,212,421,60,203,0,35,2146194
fd00::20a:a:a:a,18,0,1,199,218,2156210,210,213,60,12,18446744073709551472,100,-85,213,423,60,193,0,30,2156403
fd00::20a:a:a:a,18,0,1,200,219,2166429,211,214,60,12,18446744073709551463,100,-85,214,425,60,190,0,44,2166619
fd00::20a:a:a:a,18,0,1,199,218,2176648,212,215,60,12,18446744073709551480,100,-85,215,427,60,231,0,25,2176879
fd00::20a:a:a:a,18,0,1,199,218,2186867,213,216,60,12,18446744073709551463,100,-85,216,429,60,198,0,32,2187065
fd00::20a:a:a:a,18,0,1,199,218,2197086,214,217,60,12,18446744073709551463,100,-85,217,431,60,202,0,60,2197288
fd00::20a:a:a:a,18,0,1,200,219,2207305,215,218,60,12,18446744073709551476,100,-85,218,433,60,181,0,35,2207486
fd00::20a:a:a:a,18,0,1,199,218,2217524,216,219,60,12,18446744073709551475,100,-85,219,435,60,208,0,34,2217732
fd00::20a:a:a:a,18,0,1,199,218,2227743,217,220,60,12,18446744073709551464,100,-85,220,437,60,218,0,30,2227961
fd00::20a:a:a:a,18,0,1,199,218,2237962,218,221,60,12,18446744073709551470,100,-85,221,439,60,209,0,19,2238171
fd00::20a:a:a:a,18,0,1,199,218,2248181,219,222,60,12,18446744073709551470,100,-85,222,441,60,201,0,31,2248382
fd00::20a:a:a:a,18,0,1,199,218,2258400,220,223,60,12,18446744073709551463,100,-85,223,443,60,205,0,31,2258605
fd00::20a:a:a:a,18,0,1,199,218,2268619,221,224,60,12,18446744073709551463,100,-85,224,445,60,213,0,27,2268832
fd00::20a:a:a:a,18,0,1,199,218,2278838,222,225,60,12,18446744073709551475,100,-85,225,447,60,217,0,20,2279055
fd00::20a:a:a:a,18,0,1,199,218,2289057,223,226,60,12,18446744073709551463,100,-85,226,449,60,189,0,13,2289246
fd00::20a:a:a:a,18,0,1,199,218,2299276,224,227,60,12,18446744073709551468,100,-85,227,451,60,207,0,154,2299483
fd00::20a:a:a:a,18,0,1,199,218,2309495,225,228,60,12,18446744073709551477,100,-85,228,453,60,206,0,48,2309701
fd00::20a:a:a:a,18,0,1,199,218,2319714,226,229,60,12,18446744073709551488,100,-85,229,455,60,199,0,74,2319913
fd00::20a:a:a:a,18,0,1,199,218,2329937,227,231,60,12,18446744073709551468,100,-85,231,458,60,181,0,18,2330118
fd00::20a:a:a:a,18,0,1,199,218,2340152,228,232,60,12,18446744073709551463,100,-85,232,460,60,329,0,80,2340481
fd00::20a:a:a:a,18,0,1,199,218,2350371,229,233,60,12,18446744073709551469,100,-85,233,462,60,200,0,37,2350571
fd00::20a:a:a:a,18,0,1,199,218,2360590,230,234,60,12,18446744073709551472,100,-85,234,464,60,214,0,27,2360804
fd00::20a:a:a:a,18,0,1,199,218,2370809,231,235,60,12,18446744073709551486,100,-85,235,466,60,196,0,47,2371005
fd00::20a:a:a:a,18,0,1,199,218,2381028,232,236,60,12,18446744073709551468,100,-85,236,468,60,211,0,66,2381239
fd00::20a:a:a:a,18,0,1,199,218,2391247,233,237,60,12,18446744073709551463,100,-85,237,470,60,182,0,20,2391429
fd00::20a:a:a:a,18,0,1,199,218,2401466,234,238,60,12,18446744073709551478,100,-85,238,472,60,216,0,64,2401682
fd00::20a:a:a:a,18,0,2,198,218,2411685,235,239,60,12,18446744073709551569,100,-85,239,474,60,218,0,75,2411903
fd00::20a:a:a:a,18,0,1,199,218,2421904,236,240,60,12,18446744073709551471,100,-85,240,476,60,219,0,43,2422123
fd00::20a:a:a:a,18,0,1,200,219,2432123,237,241,60,12,18446744073709551464,100,-85,241,478,60,213,0,17,2432336
fd00::20a:a:a:a,18,0,1,199,218,2442342,238,242,60,12,18446744073709551469,100,-85,242,480,60,181,0,61,2442523
fd00::20a:a:a:a,18,0,1,199,218,2452561,239,243,60,12,18446744073709551468,100,-85,243,482,60,206,0,20,2452767
fd00::20a:a:a:a,18,0,1,200,219,2462780,240,244,60,12,18446744073709551463,100,-85,244,484,60,189,0,14,2462969
fd00::20a:a:a:a,18,0,1,199,218,2472999,241,245,60,12,18446744073709551476,100,-85,245,486,60,191,0,34,2473190
fd00::20a:a:a:a,18,0,1,199,218,2483218,242,246,60,12,11,100,-85,246,488,60,186,0,113,2483404
fd00::20a:a:a:a,18,0,1,199,218,2493437,243,247,60,12,18446744073709551463,100,-85,247,490,60,197,0,20,2493634
fd00::20a:a:a:a,18,0,1,199,218,2503656,244,248,60,12,18446744073709551482,100,-85,248,492,60,217,0,46,2503873
fd00::20a:a:a:a,18,0,1,200,219,2513875,245,249,60,12,18446744073709551463,100,-85,249,494,60,197,0,25,2514072
fd00::20a:a:a:a,18,0,1,199,218,2524094,246,250,60,12,18446744073709551464,100,-85,250,496,60,191,0,21,2524285
fd00::20a:a:a:a,18,0,1,199,218,2534313,247,251,60,12,18446744073709551470,100,-85,251,498,60,202,0,19,2534515
fd00::20a:a:a:a,18,0,1,200,219,2544532,248,252,60,12,18446744073709551469,100,-85,252,500,60,191,0,56,2544723
fd00::20a:a:a:a,18,0,1,200,219,2554751,249,253,60,12,18446744073709551468,100,-85,253,502,60,192,0,61,2554943
fd00::20a:a:a:a,18,0,1,200,219,2564970,250,254,60,12,18446744073709551468,100,-85,254,504,60,220,0,22,2565190
fd00::20a:a:a:a,18,0,1,199,218,2575189,251,255,60,12,18446744073709551469,100,-85,255,506,60,192,0,44,2575381
fd00::20a:a:a:a,18,0,1,199,218,2585408,252,256,60,12,18446744073709551463,100,-85,256,508,60,186,0,15,2585594
fd00::20a:a:a:a,18,0,1,200,219,2595627,253,257,60,12,18446744073709551481,100,-85,257,510,60,218,0,25,2595845
fd00::20a:a:a:a,18,0,1,200,219,2605846,254,258,60,12,18446744073709551465,100,-85,258,512,60,194,0,20,2606040
fd00::20a:a:a:a,18,0,1,199,218,2616065,255,259,60,12,18446744073709551475,100,-85,259,514,60,191,0,45,2616256
fd00::20a:a:a:a,18,0,1,199,218,2626284,256,260,60,12,18446744073709551468,100,-85,260,516,60,234,0,28,2626518
fd00::20a:a:a:a,18,0,1,200,219,2636503,257,261,60,12,18446744073709551469,100,-85,261,518,60,222,0,21,2636725
fd00::20a:a:a:a,18,0,1,199,218,2646722,258,262,60,12,18446744073709551468,100,-85,262,520,60,189,0,30,2646911
fd00::20a:a:a:a,18,0,1,199,218,2656941,259,263,60,12,18446744073709551463,100,-85,263,522,60,218,0,105,2657159
fd00::20a:a:a:a,18,0,1,199,218,2667160,260,264,60,12,18446744073709551566,100,-81,264,524,60,193,0,118,2667353
fd00::20a:a:a:a,18,0,1,199,218,2677379,261,265,60,12,18446744073709551463,100,-85,265,526,60,195,0,18,2677574
fd00::20a:a:a:a,18,0,1,199,218,2687598,262,266,60,12,18446744073709551483,100,-85,266,528,60,207,0,176,2687805
fd00::20a:a:a:a,18,0,1,199,218,2697817,263,267,60,12,18446744073709551469,100,-85,267,530,60,192,0,16,2698009
fd00::20a:a:a:a,18,0,1,200,219,2708036,264,268,60,12,18446744073709551474,100,-85,268,532,60,184,0,33,2708220
fd00::20a:a:a:a,18,0,1,199,218,2718255,265,269,60,12,18446744073709551463,100,-85,269,534,60,194,0,15,2718449
fd00::20a:a:a:a,18,0,1,199,218,2728474,266,270,60,12,18446744073709551463,100,-85,270,536,60,190,0,13,2728664
fd00::20a:a:a:a,18,0,1,199,218,2738693,267,271,60,12,18446744073709551476,100,-85,271,538,60,193,0,143,2738886
fd00::20a:a:a:a,18,0,1,200,219,2748912,268,272,60,12,18446744073709551478,100,-85,272,540,60,191,0,34,2749103
fd00::20a:a:a:a,18,0,1,199,218,2759131,269,273,60,12,18446744073709551462,100,-85,273,542,60,201,0,19,2759332
fd00::20a:a:a:a,18,0,1,199,218,2769350,270,274,60,12,18446744073709551463,100,-85,274,544,60,215,0,62,2769565
fd00::20a:a:a:a,18,0,1,199,218,2779569,271,275,60,12,18446744073709551489,100,-85,275,546,60,211,0,50,2779780
fd00::20a:a:a:a,18,0,1,199,218,2789788,272,276,60,12,18446744073709551467,100,-85,276,548,60,188,0,32,2789976
fd00::20a:a:a:a,18,0,1,199,218,2800007,273,278,60,12,18446744073709551537,100,-85,278,551,60,226,0,65,2800233
fd00::20a:a:a:a,18,0,2,199,219,2810226,274,279,60,12,18446744073709551471,100,-85,279,553,60,184,0,39,2810410
fd00::20a:a:a:a,18,0,1,199,218,2820445,275,280,60,12,18446744073709551483,100,-85,280,555,60,216,0,32,2820661
fd00::20a:a:a:a,18,0,1,200,219,2830664,276,281,60,12,18446744073709551484,100,-85,281,557,60,203,0,34,2830867
fd00::20a:a:a:a,18,0,1,199,218,2840883,277,282,60,12,18446744073709551463,100,-85,282,559,60,203,0,54,2841086
fd00::20a:a:a:a,18,0,1,200,219,2851102,278,283,60,12,18446744073709551463,100,-85,283,561,60,203,0,103,2851305
fd00::20a:a:a:a,18,0,1,199,218,2861321,279,284,60,12,18446744073709551486,100,-85,284,563,60,214,0,96,2861535
fd00::20a:a:a:a,18,0,1,199,218,2871540,280,285,60,12,18446744073709551479,100,-85,285,565,60,220,0,27,2871760
fd00::20a:a:a:a,18,0,1,199,218,2881759,281,286,60,12,18446744073709551468,100,-85,286,567,60,221,0,26,2881980
fd00::20a:a:a:a,18,0,1,199,218,2891978,282,287,60,12,18446744073709551463,100,-85,287,569,60,221,0,32,2892199
fd00::20a:a:a:a,18,0,1,199,218,2902197,283,288,60,12,18446744073709551468,100,-85,288,571,60,198,0,53,2902395
fd00::20a:a:a:a,18,0,1,199,218,2912416,284,289,60,12,18446744073709551468,100,-85,289,573,60,191,0,21,2912607
fd00::20a:a:a:a,18,0,1,199,218,2922635,285,290,60,12,18446744073709551482,100,-85,290,575,60,210,0,47,2922845
fd00::20a:a:a:a,18,0,1,199,218,2932854,286,291,60,12,18446744073709551470,100,-85,291,577,60,217,0,31,2933071
fd00::20a:a:a:a,18,0,1,200,219,2943073,287,292,60,12,18446744073709551489,100,-85,292,579,60,219,0,62,2943292
fd00::20a:a:a:a,18,0,1,199,218,2953292,288,293,60,12,18446744073709551471,100,-85,293,581,60,194,0,32,2953486
fd00::20a:a:a:a,18,0,1,199,218,2963511,289,294,60,12,18446744073709551476,100,-85,294,583,60,191,0,27,2963702
fd00::20a:a:a:a,18,0,1,199,218,2973730,290,295,60,12,18446744073709551468,100,-85,295,585,60,188,0,21,2973918
fd00::20a:a:a:a,18,0,1,199,218,2983949,291,296,60,12,18446744073709551463,100,-85,296,587,60,185,0,21,2984134
fd00::20a:a:a:a,18,0,1,199,218,2994168,292,297,60,12,18446744073709551463,100,-85,297,589,60,211,0,31,2994379
fd00::20a:a:a:a,18,0,1,200,219,3004387,293,298,60,12,18446744073709551463,100,-85,298,591,60,184,0,31,3004571
fd00::20a:a:a:a,18,0,1,199,218,3014606,294,299,60,12,18446744073709551473,100,-85,299,593,60,203,0,24,3014809
fd00::20a:a:a:a,18,0,1,199,218,3024825,295,300,60,12,18446744073709551463,100,-85,300,595,60,210,0,13,3025035
fd00::20a:a:a:a,18,0,1,200,219,3035044,296,301,60,12,18446744073709551511,100,-85,301,597,60,197,0,39,3035241
fd00::20a:a:a:a,18,0,1,200,219,3045263,297,302,60,12,18446744073709551476,100,-85,302,599,60,185,0,32,3045448
fd00::20a:a:a:a,18,0,1,199,218,3055482,298,303,60,12,18446744073709551475,100,-85,303,601,60,193,0,35,3055675
fd00::20a:a:a:a,18,0,0,200,218,3065701,299,304,60,12,18446744073709551487,100,-85,304,603,60,180,0,25,3065881
fd00::20a:a:a:a,18,0,1,199,218,3075920,300,305,60,12,18446744073709551474,100,-85,305,605,60,182,0,28,3076102
fd00::20a:a:a:a,18,0,1,199,218,3086139,301,306,60,12,18446744073709551472,100,-85,306,607,60,190,0,20,3086329
fd00::20a:a:a:a,18,0,1,199,218,3096358,302,307,60,12,18446744073709551463,100,-85,307,609,60,219,0,33,3096577
fd00::20a:a:a:a,18,0,1,199,218,3106577,303,308,60,12,18446744073709551468,100,-85,308,611,60,199,0,23,3106776
fd00::20a:a:a:a,18,0,1,199,218,3116796,304,309,60,12,18446744073709551506,100,-85,309,613,60,207,0,57,3117003
fd00::20a:a:a:a,18,0,1,200,219,3127015,305,310,60,12,18446744073709551474,100,-85,310,615,60,220,0,32,3127235
fd00::20a:a:a:a,18,0,1,199,218,3137234,306,311,60,12,18446744073709551479,100,-85,311,617,60,203,0,35,3137437
fd00::20a:a:a:a,18,0,1,199,218,3147453,307,312,60,12,18446744073709551469,100,-85,312,619,60,186,0,156,3147639
fd00::20a:a:a:a,18,0,1,199,218,3157672,308,313,60,12,18446744073709551485,100,-85,313,621,60,211,0,32,3157883
fd00::20a:a:a:a,18,0,1,199,218,3167891,309,314,60,12,18446744073709551469,100,-85,314,623,60,186,0,29,3168077
fd00::20a:a:a:a,18,0,1,199,218,3178110,310,315,60,12,18446744073709551463,100,-85,315,625,60,182,0,33,3178292
fd00::20a:a:a:a,18,0,1,199,218,3188329,311,316,60,12,18446744073709551476,100,-85,316,627,60,183,0,144,3188512
fd00::20a:a:a:a,18,0,1,200,219,3198548,312,317,60,12,18446744073709551463,100,-85,317,629,60,186,0,27,3198734
fd00::20a:a:a:a,18,0,1,200,219,3208767,313,318,60,12,18446744073709551468,100,-85,318,631,60,213,0,21,3208980
fd00::20a:a:a:a,18,0,1,199,218,3218986,314,319,60,12,18446744073709551463,100,-85,319,633,60,187,0,75,3219173
fd00::20a:a:a:a,18,0,1,200,219,3229205,315,320,60,12,18446744073709551476,100,-85,320,635,60,196,0,30,3229401
fd00::20a:a:a:a,18,0,1,199,218,3239424,316,321,60,12,18446744073709551471,100,-85,321,637,60,212,0,29,3239636
fd00::20a:a:a:a,18,0,1,199,218,3249643,317,322,60,12,18446744073709551469,100,-85,322,639,60,194,0,29,3249837
fd00::20a:a:a:a,18,0,1,199,218,3259862,318,324,60,12,18446744073709551463,100,-85,324,642,60,400,0,77,3260262
fd00::20a:a:a:a,18,0,1,199,218,3270081,319,325,60,12,18446744073709551469,100,-85,325,644,60,208,0,29,3270289
fd00::20a:a:a:a,18,0,1,199,218,3280300,320,326,60,12,18446744073709551476,100,-85,326,646,60,245,0,22,3280545
fd00::20a:a:a:a,18,0,1,199,218,3290519,321,327,60,12,18446744073709551470,100,-85,327,648,60,193,0,38,3290712
fd00::20a:a:a:a,18,0,1,199,218,3300738,322,328,60,12,18446744073709551474,100,-85,328,650,60,186,0,26,3300924
fd00::20a:a:a:a,18,0,1,199,218,3310957,323,329,60,12,18446744073709551467,100,-85,329,652,60,184,0,34,3311141
fd00::20a:a:a:a,18,0,1,199,218,3321176,324,330,60,12,18446744073709551467,100,-85,330,654,60,200,0,34,3321376
fd00::20a:a:a:a,18,0,1,199,218,3331395,325,331,60,12,18446744073709551508,100,-85,331,656,60,194,0,61,3331589
fd00::20a:a:a:a,18,0,1,199,218,3341614,326,332,60,12,18446744073709551468,100,-85,332,658,60,213,0,16,3341827
fd00::20a:a:a:a,18,0,1,199,218,3351833,327,333,60,12,18446744073709551490,100,-85,333,660,60,190,0,32,3352023
fd00::20a:a:a:a,18,0,1,199,218,3362052,328,334,60,12,18446744073709551463,100,-85,334,662,60,214,0,110,3362266
fd00::20a:a:a:a,18,0,1,199,218,3372271,329,335,60,12,18446744073709551463,100,-85,335,664,60,216,0,20,3372487
fd00::20a:a:a:a,18,0,1,199,218,3382490,330,336,60,12,18446744073709551469,100,-85,336,666,60,181,0,34,3382671
fd00::20a:a:a:a,18,0,1,199,218,3392709,331,337,60,12,18446744073709551463,100,-85,337,668,60,203,0,35,3392912
fd00::20a:a:a:a,18,0,1,200,219,3402928,332,338,60,12,18446744073709551468,100,-85,338,670,60,193,0,31,3403121
fd00::20a:a:a:a,18,0,1,199,218,3413147,333,339,60,12,18446744073709551468,100,-85,339,672,60,183,0,77,3413330
fd00::20a:a:a:a,18,0,1,199,218,3423366,334,340,60,12,18446744073709551468,100,-85,340,674,60,214,0,27,3423580
fd00::20a:a:a:a,18,0,1,199,218,3433585,335,341,60,12,18446744073709551468,100,-85,341,676,60,187,0,26,3433772
fd00::20a:a:a:a,18,0,1,199,218,3443804,336,342,60,12,18446744073709551497,100,-85,342,678,60,206,0,46,3444010
fd00::20a:a:a:a,18,0,1,199,218,3454023,337,343,60,12,18446744073709551482,100,-85,343,680,60,218,0,24,3454241
fd00::20a:a:a:a,18,0,1,199,218,3464242,338,344,60,12,18446744073709551473,100,-85,344,682,60,220,0,21,3464462
fd00::20a:a:a:a,18,0,1,199,218,3474461,339,345,60,12,18446744073709551584,100,-85,345,684,60,196,0,85,3474657
fd00::20a:a:a:a,18,0,1,199,218,3484680,340,346,60,12,18446744073709551463,100,-85,346,686,60,181,0,24,3484861
fd00::20a:a:a:a,18,0,1,200,219,3494899,341,347,60,12,18446744073709551468,100,-85,347,688,60,191,0,20,3495090
fd00::20a:a:a:a,18,0,0,200,218,3505118,342,348,60,12,18446744073709551468,100,-85,348,690,60,188,0,16,3505306
fd00::20a:a:a:a,18,0,1,200,219,3515337,343,349,60,12,18446744073709551476,100,-85,349,692,60,213,0,61,3515550
fd00::20a:a:a:a,18,0,1,200,219,3525556,344,350,60,12,18446744073709551468,100,-85,350,694,60,185,0,21,3525741
fd00::20a:a:a:a,18,0,1,199,218,3535775,345,351,60,12,18446744073709551490,100,-85,351,696,60,267,0,41,3536042
fd00::20a:a:a:a,18,0,1,199,218,3545994,346,352,60,12,18446744073709551463,100,-85,352,698,60,195,0,28,3546189
fd00::20a:a:a:a,18,0,1,200,219,3556213,347,353,60,12,18446744073709551467,100,-85,353,700,60,204,0,20,3556417
fd00::20a:a:a:a,18,0,1,199,218,3566432,348,354,60,12,18446744073709551463,100,-85,354,702,60,212,0,31,3566644
fd00::20a:a:a:a,18,0,1,199,218,3576651,349,355,60,12,18446744073709551480,100,-85,355,704,60,185,0,39,3576836
fd00::20a:a:a:a,18,0,1,200,219,3586870,350,356,60,12,18446744073709551472,100,-85,356,706,60,197,0,23,3587067
fd00::20a:a:a:a,18,0,1,199,218,3597089,351,357,60,12,18446744073709551479,100,-85,357,708,60,198,0,36,3597287
fd00::20b:b:b:b,114,0,0,1253,1367,63655,1,0,60,0,0,0,0,0,1,60,18446744073709551470,3,0,63509
fd00::20b:b:b:b,19,0,0,208,227,74264,2,1,60,12,669,100,-80,1,3,60,18446744073709551531,3,278,74179
fd00::20b:b:b:b,19,0,0,208,227,84873,3,2,60,12,672,100,-80,2,5,60,18446744073709551540,3,305,84797
fd00::20b:b:b:b,19,0,0,208,227,95482,4,3,60,12,674,100,-80,3,7,60,18446744073709551582,3,305,95448
fd00::20b:b:b:b,19,0,0,208,227,106091,5,4,60,12,860,100,-80,4,9,60,18446744073709551530,3,374,106005
fd00::20b:b:b:b,19,0,0,208,227,116700,6,5,60,12,576,100,-80,5,11,60,18446744073709551542,3,250,116626
fd00::20b:b:b:b,19,0,0,208,227,127309,7,6,60,12,764,100,-80,6,13,60,18446744073709551586,3,351,127279
fd00::20b:b:b:b,19,0,0,208,227,137918,8,7,60,12,599,100,-80,7,15,60,18446744073709551539,3,294,137841
fd00::20b:b:b:b,19,0,0,208,227,148527,9,8,60,12,580,100,-80,8,17,60,18446744073709551552,3,339,148463
fd00::20b:b:b:b,19,0,0,208,227,159136,10,9,60,12,605,100,-80,9,19,60,18446744073709551495,3,264,159015
fd00::20b:b:b:b,19,0,0,208,227,169745,11,10,60,12,531,100,-80,10,21,60,18446744073709551564,3,260,169693
fd00::20b:b:b:b,19,0,0,208,227,180354,12,11,60,12,613,100,-80,12,23,60,104,3,329,180458
fd00::20b:b:b:b,19,0,0,207,226,190963,13,13,60,12,680,100,-80,13,26,60,18446744073709551531,3,350,190878
fd00::20b:b:b:b,19,0,0,208,227,201572,14,14,60,12,664,100,-80,14,28,60,18446744073709551586,3,315,201542
fd00::20b:b:b:b,19,0,0,208,227,212181,15,15,60,12,503,100,-80,15,30,60,18446744073709551504,3,291,212069
fd00::20b:b:b:b,19,0,0,208,227,222790,16,16,60,12,630,100,-80,16,32,60,18446744073709551511,3,288,222685
fd00::20b:b:b:b,19,0,0,208,227,233399,17,17,60,12,569,100,-80,17,34,60,18446744073709551592,3,284,233375
fd00::20b:b:b:b,19,0,0,208,227,244008,18,18,60,12,699,100,-80,18,36,60,18446744073709551488,3,353,243880
fd00::20b:b:b:b,19,0,0,208,227,254617,19,19,60,12,576,100,-80,19,38,60,18446744073709551520,3,251,254521
fd00::20b:b:b:b,19,0,0,208,227,265226,20,20,60,12,644,100,-80,20,40,60,18446744073709551548,3,296,265158
fd00::20b:b:b:b,19,0,0,208,227,275835,21,21,60,12,573,100,-80,21,42,60,18446744073709551580,3,305,275799
fd00::20b:b:b:b,19,0,0,208,227,286444,22,22,60,12,810,100,-80,22,44,60,18446744073709551594,3,378,286422
fd00::20b:b:b:b,19,0,0,208,227,297053,23,23,60,12,486,100,-80,23,46,60,18446744073709551518,3,294,296955
fd00::20b:b:b:b,19,0,0,208,227,307662,24,24,60,12,484,100,-80,24,48,60,18446744073709551531,3,335,307577
fd00::20b:b:b:b,19,0,0,208,227,318271,25,25,60,12,493,100,-80,25,50,60,18446744073709551566,3,200,318221
fd00::20b:b:b:b,19,0,0,208,227,328880,26,26,60,12,637,100,-80,26,52,60,18446744073709551589,3,326,328853
fd00::20b:b:b:b,19,0,0,208,227,339489,27,27,60,12,581,100,-80,27,54,60,18446744073709551581,3,333,339454
fd00::20b:b:b:b,19,0,0,208,227,350098,28,28,60,12,666,100,-80,28,56,60,18446744073709551510,3,318,349992
fd00::20b:b:b:b,19,0,0,208,227,360707,29,29,60,12,551,100,-80,30,58,60,226,3,267,360933
fd00::20b:b:b:b,19,0,0,208,227,371316,30,31,60,12,509,100,-80,31,61,60,18446744073709551534,3,346,371234
fd00::20b:b:b:b,19,0,0,208,227,381925,31,32,60,12,507,100,-80,32,63,60,18446744073709551538,3,269,381847
fd00::20b:b:b:b,19,0,0,208,227,392534,32,33,60,12,574,100,-80,33,65,60,18446744073709551498,3,353,392416
fd00::20b:b:b:b,19,0,0,208,227,403143,33,34,60,12,773,100,-80,34,67,60,18446744073709551477,3,368,403004
fd00::20b:b:b:b,19,0,0,208,227,413752,34,35,60,12,514,100,-80,35,69,60,18446744073709551577,3,224,413713
fd00::20b:b:b:b,19,0,0,208,227,424361,35,36,60,12,524,100,-80,36,71,60,18446744073709551564,3,248,424309
fd00::20b:b:b:b,19,0,0,208,227,434970,36,37,60,12,721,100,-80,37,73,60,18446744073709551548,3,367,434902
fd00::20b:b:b:b,19,0,0,208,227,445579,37,38,60,12,556,100,-80,38,75,60,18446744073709551522,3,311,445485
fd00::20b:b:b:b,19,0,0,208,227,456188,38,39,60,12,611,100,-80,39,77,60,18446744073709551494,3,311,456066
fd00::20b:b:b:b,19,0,0,208,227,466797,39,40,60,12,564,100,-80,40,79,60,18446744073709551546,3,271,466727
fd00::20b:b:b:b,19,0,0,208,227,477406,40,41,60,12,614,100,-80,41,81,60,18446744073709551555,3,299,477345
fd00::20b:b:b:b,19,0,0,208,227,488015,41,42,60,12,582,100,-80,42,83,60,18446744073709551565,3,315,487964
fd00::20b:b:b:b,19,0,0,208,227,498624,42,43,60,12,852,100,-80,43,85,60,18446744073709551533,3,408,498541
fd00::20b:b:b:b,19,0,0,208,227,509233,43,44,60,12,665,100,-80,44,87,60,18446744073709551494,3,332,509111
fd00::20b:b:b:b,19,0,0,208,227,519842,44,45,60,12,431,100,-80,45,89,60,18446744073709551511,3,287,519737
fd00::20b:b:b:b,19,0,0,208,227,530451,45,46,60,12,623,100,-80,47,91,60,89,3,321,530540
fd00::20b:b:b:b,19,0,0,208,227,541060,46,48,60,12,487,100,-80,48,94,60,18446744073709551499,3,256,540943
fd00::20b:b:b:b,19,0,0,208,227,551669,47,49,60,12,442,100,-80,49,96,60,18446744073709551531,3,278,551584
fd00::20b:b:b:b,19,0,0,208,227,562278,48,50,60,12,659,100,-80,50,98,60,18446744073709551530,3,290,562192
fd00::20b:b:b:b,19,0,0,208,227,572887,49,51,60,12,560,100,-80,51,100,60,18446744073709551526,3,292,572797
fd00::20b:b:b:b,19,0,0,208,227,583496,50,52,60,12,690,100,-80,52,102,60,18446744073709551537,3,343,583417
fd00::20b:b:b:b,19,0,0,208,227,594105,51,53,60,12,734,100,-80,53,104,60,18446744073709551517,3,390,594006
fd00::20b:b:b:b,19,0,0,208,227,604714,52,54,60,12,590,100,-80,54,106,60,18446744073709551570,3,251,604668
fd00::20b:b:b:b,19,0,0,208,227,615323,53,55,60,12,593,100,-80,55,108,60,18446744073709551559,3,298,615266
fd00::20b:b:b:b,19,0,0,208,227,625932,54,56,60,12,735,100,-80,56,110,60,18446744073709551497,3,314,625813
fd00::20b:b:b:b,19,0,0,208,227,636541,55,57,60,12,634,100,-80,57,112,60,18446744073709551534,3,352,636459
fd00::20b:b:b:b,19,0,0,208,227,647150,56,58,60,12,622,100,-80,58,114,60,18446744073709551532,3,356,647066
fd00::20b:b:b:b,19,0,0,208,227,657759,57,58,60,12,622,100,-80,59,115,60,18446744073709551491,3,356,657634
fd00::20b:b:b:b,19,0,0,208,227,668368,58,59,60,12,765,100,-80,60,117,60,18446744073709551539,3,465,668291
fd00::20b:b:b:b,19,0,0,208,227,678977,59,59,60,12,765,100,-80,61,118,60,18446744073709551495,3,465,678856
fd00::20b:b:b:b,19,0,0,208,227,689586,60,60,60,12,501,100,-80,62,120,60,18446744073709551499,3,195,689469
fd00::20b:b:b:b,19,0,0,208,227,700195,61,61,60,12,535,100,-80,64,122,60,25,3,358,700220
fd00::20b:b:b:b,19,0,0,208,227,710804,62,62,60,12,750,100,-80,65,124,60,18446744073709551534,3,364,710722
fd00::20b:b:b:b,19,0,0,208,227,721413,63,63,60,12,773,100,-80,66,126,60,18446744073709551555,3,396,721352
fd00::20b:b:b:b,19,0,0,208,227,732022,64,63,60,12,773,100,-80,67,127,60,18446744073709551501,3,396,731907
fd00::20b:b:b:b,19,0,0,208,227,742631,65,64,60,12,774,100,-80,68,129,60,18446744073709551528,3,341,742543
fd00::20b:b:b:b,19,0,0,208,227,753240,66,65,60,12,637,100,-80,69,131,60,18446744073709551531,3,384,753155
fd00::20b:b:b:b,19,0,0,208,227,763849,67,66,60,12,520,100,-80,70,133,60,18446744073709551528,3,254,763761
fd00::20b:b:b:b,19,0,0,208,227,774458,68,67,60,12,542,100,-80,71,135,60,18446744073709551494,3,344,774336
fd00::20b:b:b:b,19,0,0,208,227,785067,69,68,60,12,538,100,-80,72,137,60,18446744073709551550,3,321,785001
fd00::20b:b:b:b,19,0,0,208,227,795676,70,69,60,12,887,100,-80,73,139,60,18446744073709551559,3,429,795619
fd00::20b:b:b:b,19,0,0,208,227,806285,71,70,60,12,650,100,-80,74,141,60,18446744073709551537,3,357,806206
fd00::20b:b:b:b,19,0,0,208,227,816894,72,71,60,12,485,100,-80,75,143,60,18446744073709551552,3,244,816830
fd00::20b:b:b:b,19,0,0,208,227,827503,73,72,60,12,614,100,-80,76,145,60,18446744073709551576,3,285,827463
fd00::20b:b:b:b,19,0,0,208,227,838112,74,73,60,12,861,100,-80,77,147,60,18446744073709551549,3,370,838045
fd00::20b:b:b:b,19,0,0,208,227,848721,75,74,60,12,658,100,-80,78,149,60,18446744073709551519,3,428,848624
fd00::20b:b:b:b,19,0,0,208,227,859330,76,75,60,12,540,100,-80,79,151,60,18446744073709551547,3,258,859261
fd00::20b:b:b:b,19,0,0,208,227,869939,77,76,60,12,512,100,-80,80,153,60,18446744073709551545,3,210,869868
fd00::20b:b:b:b,19,0,0,208,227,880548,78,77,60,12,550,100,-80,82,155,60,222,3,289,880770
fd00::20b:b:b:b,19,0,0,208,227,891157,79,79,60,12,550,100,-80,83,158,60,18446744073709551552,3,355,891093
fd00::20b:b:b:b,19,0,0,208,227,901766,80,80,60,12,586,100,-80,84,160,60,18446744073709551573,3,346,901723
fd00::20b:b:b:b,19,0,0,208,227,912375,81,81,60,12,608,100,-80,85,162,60,18446744073709551506,3,269,912265
fd00::20b:b:b:b,19,0,0,208,227,922984,82,82,60,12,766,100,-80,86,164,60,18446744073709551536,3,352,922904
fd00::20b:b:b:b,19,0,0,208,227,933593,83,83,60,12,760,100,-80,87,166,60,18446744073709551532,3,337,933509
fd00::20b:b:b:b,19,0,0,208,227,944202,84,84,60,12,670,100,-80,88,168,60,18446744073709551476,3,294,944062
fd00::20b:b:b:b,19,0,0,208,227,954811,85,85,60,12,658,100,-80,89,170,60,18446744073709551533,3,389,954728
fd00::20b:b:b:b,19,0,0,208,227,965420,86,86,60,12,641,100,-80,90,172,60,18446744073709551528,3,377,965332
fd00::20b:b:b:b,19,0,0,208,227,976029,87,87,60,12,681,100,-80,91,174,60,3,3,299,976032
fd00::20b:b:b:b,19,0,0,208,227,986638,88,88,60,12,495,100,-80,92,176,60,18446744073709551502,3,232,986524
fd00::20b:b:b:b,19,0,0,208,227,997247,89,89,60,12,460,100,-80,93,178,60,18446744073709551502,3,310,997133
fd00::20b:b:b:b,19,0,0,208,227,1007856,90,89,60,12,460,100,-80,94,179,60,18446744073709551610,3,310,1007850
fd00::20b:b:b:b,19,0,0,208,227,1018465,91,90,60,12,641,100,-80,95,181,60,18446744073709551546,3,421,1018395
fd00::20b:b:b:b,19,0,0,208,227,1029074,92,91,60,12,839,100,-80,96,183,60,18446744073709551526,3,419,1028984
fd00::20b:b:b:b,19,0,0,208,227,1039683,93,92,60,12,634,100,-80,97,185,60,18446744073709551495,3,414,1039562
fd00::20b:b:b:b,19,0,0,208,227,1050292,94,93,60,12,747,100,-80,99,187,60,248,4,378,1050540
fd00::20b:b:b:b,19,0,0,208,227,1060901,95,95,60,12,732,100,-80,100,190,60,18446744073709551583,4,359,1060868
fd00::20b:b:b:b,19,0,0,208,227,1071510,96,96,60,12,735,100,-80,101,192,60,18446744073709551572,4,419,1071466
fd00::20b:b:b:b,19,0,0,208,227,1082119,97,97,60,12,589,100,-80,102,194,60,18446744073709551560,4,319,1082063
fd00::20b:b:b:b,19,0,0,208,227,1092728,98,98,60,12,698,100,-80,103,196,60,18446744073709551566,4,399,1092678
fd00::20b:b:b:b,19,0,0,208,227,1103337,99,99,60,12,786,100,-80,104,198,60,18446744073709551540,4,421,1103261
fd00::20b:b:b:b,19,0,0,208,227,1113946,100,100,60,12,481,100,-80,105,200,60,18446744073709551554,4,343,1113884
fd00::20b:b:b:b,19,0,0,208,227,1124555,101,101,60,12,895,100,-80,106,202,60,18446744073709551588,4,429,1124527
fd00::20b:b:b:b,19,0,0,208,227,1135164,102,102,60,12,927,100,-80,107,204,60,18446744073709551570,4,413,1135118
fd00::20b:b:b:b,19,0,0,208,227,1145773,103,103,60,12,687,100,-80,108,206,60,18446744073709551555,4,335,1145712
fd00::20b:b:b:b,19,0,0,208,227,1156382,104,104,60,12,746,100,-80,109,208,60,18446744073709551548,4,351,1156314
fd00::20b:b:b:b,19,0,0,208,227,1166991,105,105,60,12,623,100,-80,110,210,60,18446744073709551586,4,335,1166961
fd00::20b:b:b:b,19,0,0,208,227,1177600,106,106,60,12,878,100,-80,111,212,60,18446744073709551573,4,403,1177557
fd00::20b:b:b:b,19,0,0,208,227,1188209,107,106,60,12,878,100,-80,112,213,60,18446744073709551597,4,403,1188190
fd00::20b:b:b:b,19,0,0,208,227,1198818,108,107,60,12,615,100,-80,113,215,60,18446744073709551564,4,372,1198766
fd00::20b:b:b:b,19,0,0,208,227,1209427,109,108,60,12,687,100,-80,114,217,60,18446744073709551519,4,332,1209330
fd00::20b:b:b:b,19,0,0,208,227,1220036,110,109,60,12,945,100,-80,115,219,60,18446744073709551556,4,433,1219976
fd00::20b:b:b:b,19,0,0,208,227,1230645,111,110,60,12,556,100,-80,117,221,60,154,4,296,1230799
fd00::20b:b:b:b,19,0,1,207,227,1241254,112,112,60,12,730,100,-80,118,224,60,18446744073709551483,3,427,1241121
fd00::20b:b:b:b,19,0,0,208,227,1251863,113,113,60,12,749,100,-80,119,226,60,18446744073709551542,3,344,1251789
fd00::20b:b:b:b,19,0,0,208,227,1262472,114,114,60,12,829,100,-80,120,228,60,18446744073709551531,3,354,1262387
fd00::20b:b:b:b,19,0,0,208,227,1273081,115,115,60,12,614,100,-80,121,230,60,18446744073709551562,3,370,1273027
fd00::20b:b:b:b,19,0,0,208,227,1283690,116,116,60,12,478,100,-80,122,232,60,18446744073709551515,3,299,1283589
fd00::20b:b:b:b,19,0,0,208,227,1294299,117,117,60,12,593,100,-80,123,234,60,18446744073709551513,3,289,1294196
fd00::20b:b:b:b,19,0,0,208,227,1304908,118,118,60,12,629,100,-80,124,236,60,18446744073709551547,3,278,1304839
fd00::20b:b:b:b,19,0,0,208,227,1315517,119,119,60,12,749,100,-80,125,238,60,18446744073709551553,3,313,1315454
fd00::20b:b:b:b,19,0,0,208,227,1326126,120,120,60,12,716,100,-80,126,240,60,18446744073709551555,3,401,1326065
fd00::20b:b:b:b,19,0,0,208,227,1336735,121,121,60,12,634,100,-80,127,242,60,18446744073709551570,3,254,1336689
fd00::20b:b:b:b,19,0,0,208,227,1347344,122,122,60,12,707,100,-80,128,244,60,18446744073709551560,3,386,1347288
fd00::20b:b:b:b,19,0,0,208,227,1357953,123,123,60,12,500,100,-80,129,246,60,18446744073709551498,3,224,1357835
fd00::20b:b:b:b,19,0,0,208,227,1368562,124,123,60,12,500,100,-80,130,247,60,18446744073709551533,3,224,1368479
fd00::20b:b:b:b,19,0,0,208,227,1379171,125,124,60,12,504,100,-80,131,249,60,18446744073709551557,3,231,1379112
fd00::20b:b:b:b,19,0,0,208,227,1389780,126,125,60,12,762,100,-80,132,251,60,18446744073709551545,3,365,1389709
fd00::20b:b:b:b,19,0,0,208,227,1400389,127,126,60,12,773,100,-80,134,253,60,155,3,365,1400544
fd00::20b:b:b:b,19,0,0,208,227,1410998,128,127,60,12,699,100,-80,135,255,60,18446744073709551499,3,451,1410881
fd00::20b:b:b:b,19,0,0,208,227,1421607,129,128,60,12,568,100,-80,136,257,60,18446744073709551509,3,323,1421500
fd00::20b:b:b:b,19,0,0,208,227,1432216,130,129,60,12,605,100,-80,137,259,60,18446744073709551548,3,305,1432148
fd00::20b:b:b:b,19,0,0,208,227,1442825,131,130,60,12,830,100,-80,138,261,60,18446744073709551511,3,409,1442720
fd00::20b:b:b:b,19,0,0,208,227,1453434,132,131,60,12,610,100,-80,139,263,60,18446744073709551573,3,339,1453391
fd00::20b:b:b:b,19,0,0,208,227,1464043,133,132,60,12,485,100,-80,140,265,60,18446744073709551546,3,219,1463973
fd00::20b:b:b:b,19,0,0,208,227,1474652,134,133,60,12,669,100,-80,141,267,60,18446744073709551533,3,345,1474569
fd00::20b:b:b:b,19,0,0,208,227,1485261,135,134,60,12,610,100,-80,142,269,60,18446744073709551536,3,282,1485181
fd00::20b:b:b:b,19,0,0,208,227,1495870,136,135,60,12,615,100,-80,143,271,60,18446744073709551549,3,353,1495803
fd00::20b:b:b:b,19,0,0,208,227,1506479,137,136,60,12,805,100,-80,144,273,60,18446744073709551548,3,376,1506411
fd00::20b:b:b:b,19,0,0,208,227,1517088,138,137,60,12,734,100,-80,145,275,60,18446744073709551525,3,373,1516997
fd00::20b:b:b:b,19,0,0,208,227,1527697,139,138,60,12,664,100,-80,146,277,60,18446744073709551534,3,313,1527615
fd00::20b:b:b:b,19,0,0,208,227,1538306,140,139,60,12,440,100,-80,147,279,60,18446744073709551560,3,154,1538250
fd00::20b:b:b:b,19,0,0,208,227,1548915,141,140,60,12,589,100,-80,148,281,60,18446744073709551570,3,354,1548869
fd00::20b:b:b:b,19,0,0,208,227,1559524,142,140,60,12,589,100,-80,149,282,60,18446744073709551524,3,354,1559432
fd00::20b:b:b:b,19,0,0,208,227,1570133,143,141,60,12,574,100,-80,151,284,60,18446744073709551605,3,296,1570122
fd00::20b:b:b:b,19,0,0,208,227,1580742,144,143,60,12,576,100,-80,152,287,60,18446744073709551535,3,232,1580661
fd00::20b:b:b:b,19,0,0,208,227,1591351,145,144,60,12,450,100,-80,153,289,60,18446744073709551541,3,225,1591276
fd00::20b:b:b:b,19,0,0,208,227,1601960,146,145,60,12,658,100,-80,154,291,60,18446744073709551505,3,317,1601849
fd00::20b:b:b:b,19,0,0,208,227,1612569,147,146,60,12,502,100,-80,155,293,60,18446744073709551549,3,254,1612502
fd00::20b:b:b:b,19,0,0,208,227,1623178,148,147,60,12,833,100,-80,156,295,60,18446744073709551505,3,387,1623067
fd00::20b:b:b:b,19,0,0,208,227,1633787,149,148,60,12,831,100,-80,157,297,60,18446744073709551536,3,521,1633707
fd00::20b:b:b:b,19,0,0,208,227,1644396,150,149,60,12,568,100,-80,158,299,60,18446744073709551533,3,325,1644313
fd00::20b:b:b:b,19,0,0,208,227,1655005,151,150,60,12,702,100,-80,159,301,60,18446744073709551518,3,410,1654907
fd00::20b:b:b:b,19,0,0,208,227,1665614,152,151,60,12,642,100,-80,160,303,60,18446744073709551520,3,272,1665518
fd00::20b:b:b:b,19,0,0,208,227,1676223,153,152,60,12,845,100,-80,161,305,60,18446744073709551510,3,394,1676117
fd00::20b:b:b:b,19,0,0,208,227,1686832,154,153,60,12,481,100,-80,162,307,60,18446744073709551522,3,256,1686738
fd00::20b:b:b:b,19,0,0,208,227,1697441,155,154,60,12,564,100,-80,163,309,60,18446744073709551521,3,283,1697346
fd00::20b:b:b:b,19,0,0,208,227,1708050,156,155,60,12,679,100,-80,164,311,60,18446744073709551520,3,300,1707954
fd00::20b:b:b:b,19,0,0,208,227,1718659,157,156,60,12,607,100,-80,165,313,60,18446744073709551538,3,280,1718581
fd00::20b:b:b:b,19,0,0,208,227,1729268,158,157,60,12,630,100,-80,166,315,60,18446744073709551549,3,328,1729201
fd00::20b:b:b:b,19,0,0,208,227,1739877,159,158,60,12,644,100,-80,167,317,60,18446744073709551547,3,289,1739808
fd00::20b:b:b:b,19,0,0,208,227,1750486,160,159,60,12,762,100,-80,169,319,60,247,3,319,1750733
fd00::20b:b:b:b,19,0,0,208,227,1761095,161,161,60,12,879,100,-80,170,322,60,18446744073709551508,3,393,1760987
fd00::20b:b:b:b,19,0,0,208,227,1771704,162,162,60,12,867,100,-80,171,324,60,18446744073709551534,3,403,1771622
fd00::20b:b:b:b,19,0,0,208,227,1782313,163,163,60,12,716,100,-80,172,326,60,18446744073709551533,3,359,1782230
fd00::20b:b:b:b,19,0,0,208,227,1792922,164,164,60,12,598,100,-80,173,328,60,18446744073709551568,3,299,1792874
fd00::20b:b:b:b,19,0,0,208,227,1803531,165,165,60,12,800,100,-80,174,330,60,18446744073709551531,3,378,1803446
fd00::20b:b:b:b,19,0,0,208,227,1814140,166,166,60,12,730,100,-80,175,332,60,18446744073709551513,3,328,1814037
fd00::20b:b:b:b,19,0,0,208,227,1824749,167,167,60,12,717,100,-80,176,334,60,18446744073709551501,3,320,1824634
fd00::20b:b:b:b,19,0,0,208,227,1835358,168,168,60,12,759,100,-80,177,336,60,18446744073709551518,3,321,1835260
fd00::20b:b:b:b,19,0,0,208,227,1845967,169,169,60,12,571,100,-80,178,338,60,18446744073709551554,3,276,1845905
fd00::20b:b:b:b,19,0,0,208,227,1856576,170,170,60,12,621,100,-80,179,340,60,18446744073709551531,3,313,1856491
fd00::20b:b:b:b,19,0,0,208,227,1867185,171,171,60,12,628,100,-80,180,342,60,18446744073709551511,3,286,1867080
fd00::20b:b:b:b,19,0,0,208,227,1877794,172,172,60,12,768,100,-80,181,344,60,18446744073709551535,3,403,1877713
fd00::20b:b:b:b,19,0,0,208,227,1888403,173,173,60,12,686,100,-80,182,346,60,18446744073709551500,3,386,1888287
fd00::20b:b:b:b,19,0,0,208,227,1899012,174,174,60,12,630,100,-80,183,348,60,18446744073709551551,3,291,1898947
fd00::20b:b:b:b,19,0,0,208,227,1909621,175,175,60,12,516,100,-80,184,350,60,18446744073709551512,3,238,1909517
fd00::20b:b:b:b,19,0,0,208,227,1920230,176,176,60,12,695,100,-80,186,352,60,87,3,319,1920317
fd00::20b:b:b:b,19,0,0,208,227,1930839,177,177,60,12,787,100,-80,187,354,60,150,3,386,1930989
fd00::20b:b:b:b,19,0,1,207,227,1941448,178,178,60,12,589,100,-80,188,356,60,18446744073709551541,3,267,1941373
fd00::20b:b:b:b,19,0,0,208,227,1952057,179,179,60,12,444,100,-80,189,358,60,18446744073709551496,3,169,1951937
fd00::20b:b:b:b,19,0,0,208,227,1962666,180,180,60,12,655,100,-80,190,360,60,18446744073709551495,3,279,1962545
fd00::20b:b:b:b,19,0,0,208,227,1973275,181,181,60,12,701,100,-80,191,362,60,18446744073709551514,3,327,1973173
fd00::20b:b:b:b,19,0,0,208,227,1983884,182,182,60,12,717,100,-80,192,364,60,18446744073709551535,3,316,1983803
fd00::20b:b:b:b,19,0,0,208,227,1994493,183,183,60,12,735,100,-80,193,366,60,18446744073709551535,3,346,1994412
fd00::20b:b:b:b,19,0,0,208,227,2005102,184,184,60,12,587,100,-80,194,368,60,18446744073709551516,3,249,2005002
fd00::20b:b:b:b,19,0,0,208,227,2015711,185,184,60,12,587,100,-80,195,369,60,18446744073709551556,3,249,2015651
fd00::20b:b:b:b,19,0,0,208,227,2026320,186,184,60,12,587,100,-80,196,370,60,18446744073709551504,3,249,2026208
fd00::20b:b:b:b,19,0,0,207,226,2036929,187,185,60,12,740,100,-80,197,372,60,18446744073709551526,3,338,2036839
fd00::20b:b:b:b,19,0,0,208,227,2047538,188,186,60,12,687,100,-80,198,374,60,18446744073709551546,3,347,2047468
fd00::20b:b:b:b,19,0,0,208,227,2058147,189,187,60,12,616,100,-80,199,376,60,18446744073709551545,3,349,2058076
fd00::20b:b:b:b,19,0,0,208,227,2068756,190,187,60,12,616,100,-80,200,377,60,18446744073709551550,3,349,2068690
fd00::20b:b:b:b,19,0,0,208,227,2079365,191,188,60,12,690,100,-80,201,379,60,18446744073709551526,3,335,2079275
fd00::20b:b:b:b,19,0,0,208,227,2089974,192,189,60,12,622,100,-80,202,381,60,18446744073709551518,3,409,2089876
fd00::20b:b:b:b,19,0,0,208,227,2100583,193,190,60,12,749,100,-80,204,383,60,18446744073709551579,3,395,2100546
fd00::20b:b:b:b,19,0,0,207,226,2111192,194,192,60,12,543,100,-80,205,386,60,18446744073709551505,3,279,2111081
fd00::20b:b:b:b,19,0,0,208,227,2121801,195,193,60,12,624,100,-80,206,388,60,18446744073709551535,3,264,2121720
fd00::20b:b:b:b,19,0,0,208,227,2132410,196,193,60,12,624,100,-80,207,389,60,18446744073709551531,3,264,2132325
fd00::20b:b:b:b,19,0,0,208,227,2143019,197,194,60,12,787,100,-80,208,391,60,18446744073709551501,3,408,2142904
fd00::20b:b:b:b,19,0,0,208,227,2153628,198,195,60,12,773,100,-80,209,393,60,18446744073709551552,3,346,2153564
fd00::20b:b:b:b,19,0,0,208,227,2164237,199,196,60,12,792,100,-80,210,395,60,18446744073709551551,3,355,2164172
fd00::20b:b:b:b,19,0,0,208,227,2174846,200,197,60,12,671,100,-80,211,397,60,18446744073709551536,3,326,2174766
fd00::20b:b:b:b,19,0,0,208,227,2185455,201,198,60,12,598,100,-80,212,399,60,18446744073709551525,3,313,2185364
fd00::20b:b:b:b,19,0,0,208,227,2196064,202,199,60,12,705,100,-80,213,401,60,18446744073709551508,3,353,2195956
fd00::20b:b:b:b,19,0,0,208,227,2206673,203,200,60,12,542,100,-80,214,403,60,18446744073709551547,3,258,2206604
fd00::20b:b:b:b,19,0,0,208,227,2217282,204,201,60,12,645,100,-80,215,405,60,18446744073709551509,3,306,2217175
fd00::20b:b:b:b,19,0,0,208,227,2227891,205,201,60,12,645,100,-80,216,406,60,18446744073709551516,3,306,2227791
fd00::20b:b:b:b,19,0,0,208,227,2238500,206,202,60,12,736,100,-80,217,408,60,18446744073709551524,3,330,2238408
fd00::20b:b:b:b,19,0,0,208,227,2249109,207,203,60,12,679,100,-80,218,410,60,18446744073709551580,3,352,2249073
fd00::20b:b:b:b,19,0,0,208,227,2259718,208,204,60,12,667,100,-80,219,412,60,18446744073709551550,3,351,2259652
fd00::20b:b:b:b,19,0,0,208,227,2280936,210,207,60,12,754,100,-80,222,416,60,18446744073709551569,3,359,2280889
fd00::20b:b:b:b,19,0,0,208,227,2291545,211,208,60,12,840,100,-80,223,418,60,18446744073709551494,3,395,2291423
fd00::20b:b:b:b,19,0,0,208,227,2302154,212,209,60,12,556,100,-80,224,420,60,18446744073709551512,3,272,2302050
fd00::20b:b:b:b,19,0,0,208,227,2312763,213,210,60,12,686,100,-80,225,422,60,18446744073709551506,3,445,2312653
fd00::20b:b:b:b,19,0,0,208,227,2323372,214,211,60,12,764,100,-80,226,424,60,18446744073709551508,3,345,2323264
fd00::20b:b:b:b,19,0,0,208,227,2333981,215,212,60,12,640,100,-80,227,426,60,18446744073709551556,3,320,2333921
fd00::20b:b:b:b,19,0,0,208,227,2344590,216,213,60,12,506,100,-80,228,428,60,18446744073709551488,3,336,2344462
fd00::20b:b:b:b,19,0,0,208,227,2355199,217,214,60,12,768,100,-80,229,430,60,18446744073709551574,3,358,2355157
fd00::20b:b:b:b,19,0,0,208,227,2365808,218,215,60,12,504,100,-80,230,432,60,18446744073709551566,3,254,2365758
fd00::20b:b:b:b,19,0,0,208,227,2376417,219,216,60,12,677,100,-80,231,434,60,18446744073709551572,3,315,2376373
fd00::20b:b:b:b,19,0,0,208,227,2387026,220,217,60,12,587,100,-80,232,436,60,18446744073709551574,3,293,2386984
fd00::20b:b:b:b,19,0,0,208,227,2397635,221,218,60,12,541,100,-80,233,438,60,18446744073709551508,3,289,2397527
fd00::20b:b:b:b,19,0,0,208,227,2408244,222,219,60,12,563,100,-80,234,440,60,18446744073709551511,3,307,2408139
fd00::20b:b:b:b,19,0,0,208,227,2418853,223,220,60,12,732,100,-80,235,442,60,18446744073709551571,3,314,2418808
fd00::20b:b:b:b,19,0,0,208,227,2429462,224,221,60,12,636,100,-80,236,444,60,18446744073709551553,3,352,2429399
fd00::20b:b:b:b,19,0,0,208,227,2440071,225,222,60,12,516,100,-80,237,446,60,18446744073709551533,3,282,2439988
fd00::20b:b:b:b,19,0,0,208,227,2450680,226,223,60,12,659,100,-80,239,448,60,164,3,346,2450844
fd00::20b:b:b:b,19,0,0,208,227,2461289,227,224,60,12,717,100,-80,240,450,60,18446744073709551533,3,434,2461206
fd00::20b:b:b:b,19,0,0,208,227,2471898,228,224,60,12,717,100,-80,241,451,60,18446744073709551514,3,434,2471796
fd00::20b:b:b:b,19,0,0,208,227,2482507,229,224,60,12,717,100,-80,242,452,60,18446744073709551531,3,434,2482422
fd00::20b:b:b:b,19,0,0,208,227,2493116,230,224,60,12,717,100,-80,243,453,60,18446744073709551470,3,434,2492970
fd00::20b:b:b:b,19,0,0,208,227,2503725,231,225,60,12,586,100,-80,244,455,60,18446744073709551548,3,291,2503657
fd00::20b:b:b:b,19,0,0,208,227,2514334,232,226,60,12,467,100,-80,245,457,60,18446744073709551542,3,288,2514260
fd00::20b:b:b:b,19,0,0,208,227,2524943,233,227,60,12,840,100,-80,246,459,60,18446744073709551507,3,365,2524834
fd00::20b:b:b:b,19,0,0,208,227,2535552,234,228,60,12,600,100,-80,247,461,60,18446744073709551561,3,347,2535497
fd00::20b:b:b:b,19,0,0,208,227,2546161,235,229,60,12,610,100,-80,248,463,60,18446744073709551512,3,278,2546057
fd00::20b:b:b:b,19,0,0,208,227,2556770,236,230,60,12,821,100,-80,249,465,60,18446744073709551511,3,384,2556665
fd00::20b:b:b:b,19,0,0,208,227,2567379,237,231,60,12,657,100,-80,250,467,60,18446744073709551541,3,268,2567304
fd00::20b:b:b:b,19,0,0,208,227,2577988,238,232,60,12,424,100,-80,251,469,60,18446744073709551539,3,295,2577911
fd00::20b:b:b:b,19,0,0,208,227,2588597,239,233,60,12,568,100,-80,252,471,60,18446744073709551562,3,273,2588543
fd00::20b:b:b:b,19,0,0,208,227,2599206,240,234,60,12,554,100,-80,253,473,60,18446744073709551565,3,336,2599155
fd00::20b:b:b:b,19,0,0,208,227,2609815,241,235,60,12,589,100,-80,254,475,60,18446744073709551528,3,369,2609727
fd00::20b:b:b:b,19,0,0,208,227,2620424,242,236,60,12,626,100,-80,256,477,60,51,3,348,2620475
fd00::20b:b:b:b,19,0,0,208,227,2631033,243,237,60,12,603,100,-80,257,479,60,18446744073709551541,3,297,2630958
fd00::20b:b:b:b,19,0,0,208,227,2641642,244,238,60,12,639,100,-80,258,481,60,18446744073709551546,3,256,2641572
fd00::20b:b:b:b,19,0,0,208,227,2652251,245,239,60,12,701,100,-80,259,483,60,18446744073709551527,3,304,2652162
fd00::20b:b:b:b,19,0,0,208,227,2662860,246,240,60,12,510,100,-80,260,485,60,18446744073709551518,3,230,2662762
fd00::20b:b:b:b,19,0,0,208,227,2673469,247,241,60,12,801,100,-80,261,487,60,18446744073709551521,3,353,2673374
fd00::20b:b:b:b,19,0,0,208,227,2684078,248,242,60,12,822,100,-80,262,489,60,18446744073709551567,3,395,2684029
fd00::20b:b:b:b,19,0,0,208,227,2694687,249,243,60,12,645,100,-80,263,491,60,18446744073709551512,3,283,2694583
fd00::20b:b:b:b,19,0,0,208,227,2705296,250,244,60,12,491,100,-80,264,493,60,18446744073709551536,3,179,2705216
fd00::20b:b:b:b,19,0,0,208,227,2715905,251,245,60,12,583,100,-80,265,495,60,18446744073709551588,3,303,2715877
fd00::20b:b:b:b,19,0,0,208,227,2726514,252,246,60,12,851,100,-80,266,497,60,18446744073709551524,3,408,2726422
fd00::20b:b:b:b,19,0,0,208,227,2737123,253,247,60,12,491,100,-80,267,499,60,18446744073709551516,3,217,2737023
fd00::20b:b:b:b,19,0,0,208,227,2747732,254,248,60,12,974,100,-80,268,501,60,18446744073709551585,3,491,2747701
fd00::20b:b:b:b,19,0,0,208,227,2758341,255,249,60,12,759,100,-80,269,503,60,25,3,333,2758366
fd00::20b:b:b:b,19,0,0,208,227,2768950,256,250,60,12,708,100,-80,270,505,60,18446744073709551512,3,343,2768846
fd00::20b:b:b:b,19,0,0,208,227,2779559,257,251,60,12,668,100,-80,271,507,60,18446744073709551525,3,301,2779468
fd00::20b:b:b:b,19,0,0,208,227,2800777,259,254,60,12,587,100,-80,274,511,60,18446744073709551561,3,261,2800722
fd00::20b:b:b:b,19,0,0,208,227,2811386,260,255,60,12,731,100,-80,275,513,60,18446744073709551526,3,344,2811296
fd00::20b:b:b:b,19,0,0,208,227,2821995,261,255,60,12,731,100,-80,276,514,60,18446744073709551519,3,344,2821898
fd00::20b:b:b:b,19,0,0,208,227,2832604,262,256,60,12,784,100,-80,277,516,60,18446744073709551490,3,368,2832478
fd00::20b:b:b:b,19,0,0,208,227,2843213,263,257,60,12,536,100,-80,278,518,60,18446744073709551547,3,295,2843144
fd00::20b:b:b:b,19,0,0,208,227,2853822,264,258,60,12,611,100,-80,279,520,60,18446744073709551533,3,279,2853739
fd00::20b:b:b:b,19,0,0,208,227,2864431,265,259,60,12,627,100,-80,280,522,60,18446744073709551500,3,318,2864315
fd00::20b:b:b:b,19,0,0,208,227,2875040,266,260,60,12,545,100,-80,281,524,60,18446744073709551501,3,288,2874925
fd00::20b:b:b:b,19,0,0,208,227,2885649,267,260,60,12,545,100,-80,282,525,60,18446744073709551543,3,288,2885576
fd00::20b:b:b:b,19,0,0,208,227,2896258,268,260,60,12,545,100,-80,283,526,60,18446744073709551530,3,288,2896172
fd00::20b:b:b:b,19,0,0,208,227,2906867,269,261,60,12,553,100,-80,284,528,60,18446744073709551517,3,302,2906768
fd00::20b:b:b:b,19,0,0,208,227,2917476,270,262,60,12,539,100,-80,285,530,60,18446744073709551508,3,248,2917368
fd00::20b:b:b:b,19,0,0,208,227,2928085,271,263,60,12,674,100,-80,286,532,60,18446744073709551558,3,385,2928027
fd00::20b:b:b:b,19,0,0,208,227,2938694,272,264,60,12,842,100,-80,287,534,60,18446744073709551533,3,358,2938611
fd00::20b:b:b:b,19,0,0,208,227,2949303,273,264,60,12,842,100,-80,288,535,60,18446744073709551528,3,358,2949215
fd00::20b:b:b:b,19,0,0,208,227,2959912,274,265,60,12,594,100,-80,289,537,60,18446744073709551552,3,281,2959848
fd00::20b:b:b:b,19,0,0,208,227,2970521,275,266,60,12,471,100,-80,291,539,60,2,3,215,2970523
fd00::20b:b:b:b,19,0,0,208,227,2981130,276,267,60,12,857,100,-80,292,541,60,18446744073709551538,3,412,2981052
fd00::20b:b:b:b,19,0,0,208,227,2991739,277,268,60,12,664,100,-80,293,543,60,18446744073709551560,3,316,2991683
fd00::20b:b:b:b,19,0,0,208,227,3002348,278,269,60,12,588,100,-80,294,545,60,18446744073709551530,3,278,3002262
fd00::20b:b:b:b,19,0,0,208,227,3012957,279,270,60,12,736,100,-80,295,547,60,18446744073709551547,3,357,3012888
fd00::20b:b:b:b,19,0,0,208,227,3023566,280,271,60,12,667,100,-80,296,549,60,18446744073709551513,3,315,3023463
fd00::20b:b:b:b,19,0,0,208,227,3034175,281,272,60,12,491,100,-80,297,551,60,18446744073709551575,3,243,3034134
fd00::20b:b:b:b,19,0,0,208,227,3044784,282,273,60,12,794,100,-80,298,553,60,18446744073709551541,3,348,3044709
fd00::20b:b:b:b,19,0,0,208,227,3055393,283,274,60,12,632,100,-80,299,555,60,18446744073709551512,3,328,3055289
fd00::20b:b:b:b,19,0,0,208,227,3066002,284,275,60,12,880,100,-80,300,557,60,18446744073709551532,3,426,3065918
fd00::20b:b:b:b,19,0,0,208,227,3076611,285,276,60,12,554,100,-80,301,559,60,18446744073709551521,3,333,3076516
fd00::20b:b:b:b,19,0,0,208,227,3087220,286,277,60,12,829,100,-80,302,561,60,18446744073709551534,3,363,3087138
fd00::20b:b:b:b,19,0,0,208,227,3097829,287,277,60,12,829,100,-80,303,562,60,18446744073709551546,3,363,3097759
fd00::20b:b:b:b,19,0,0,208,227,3108438,288,277,60,12,829,100,-80,304,563,60,18446744073709551479,3,363,3108301
fd00::20b:b:b:b,19,0,0,208,227,3119047,289,278,60,12,701,100,-80,305,565,60,18446744073709551537,3,377,3118968
fd00::20b:b:b:b,19,0,0,208,227,3129656,290,279,60,12,810,100,-80,306,567,60,18446744073709551523,3,391,3129563
fd00::20b:b:b:b,19,0,0,208,227,3140265,291,280,60,12,853,100,-80,308,569,60,222,3,387,3140487
fd00::20b:b:b:b,19,0,0,208,227,3150874,292,280,60,12,853,100,-80,309,570,60,18446744073709551599,3,387,3150857
fd00::20b:b:b:b,19,0,0,208,227,3161483,293,281,60,12,719,100,-80,310,572,60,18446744073709551544,3,427,3161411
fd00::20b:b:b:b,19,0,0,208,227,3172092,294,282,60,12,587,100,-80,311,574,60,18446744073709551525,3,372,3172001
fd00::20b:b:b:b,19,0,0,208,227,3182701,295,282,60,12,587,100,-80,312,575,60,18446744073709551527,3,372,3182612
fd00::20b:b:b:b,19,0,0,208,227,3193310,296,282,60,12,587,100,-80,313,576,60,18446744073709551541,3,372,3193235
fd00::20b:b:b:b,19,0,0,208,227,3203919,297,283,60,12,646,100,-80,314,578,60,18446744073709551558,3,297,3203861
fd00::20b:b:b:b,19,0,0,208,227,3214528,298,284,60,12,724,100,-80,315,580,60,18446744073709551535,3,373,3214447
fd00::20b:b:b:b,19,0,0,208,227,3225137,299,285,60,12,460,100,-80,316,582,60,18446744073709551500,3,208,3225021
fd00::20b:b:b:b,19,0,0,208,227,3235746,300,286,60,12,695,100,-80,317,584,60,18446744073709551543,3,346,3235673
fd00::20b:b:b:b,19,0,0,208,227,3246355,301,287,60,12,544,100,-80,318,586,60,18446744073709551562,3,232,3246301
fd00::20b:b:b:b,19,0,0,208,227,3256964,302,288,60,12,783,100,-80,319,588,60,18446744073709551523,3,362,3256871
fd00::20b:b:b:b,19,0,0,208,227,3267573,303,289,60,12,683,100,-80,320,590,60,18446744073709551527,3,334,3267484
fd00::20b:b:b:b,19,0,0,208,227,3278182,304,290,60,12,804,100,-80,321,592,60,18446744073709551565,3,472,3278131
fd00::20b:b:b:b,19,0,0,208,227,3288791,305,291,60,12,526,100,-80,322,594,60,18446744073709551562,3,255,3288737
fd00::20b:b:b:b,19,0,0,208,227,3299400,306,292,60,12,688,100,-80,323,596,60,18446744073709551539,3,308,3299323
fd00::20b:b:b:b,19,0,0,208,227,3310009,307,293,60,12,828,100,-80,324,598,60,18446744073709551504,3,380,3309897
fd00::20b:b:b:b,19,0,0,208,227,3320618,308,295,60,12,430,100,-80,326,601,60,117,3,304,3320735
fd00::20b:b:b:b,19,0,0,208,227,3331227,309,296,60,12,855,100,-80,327,603,60,18446744073709551539,3,402,3331150
fd00::20b:b:b:b,19,0,0,208,227,3341836,310,297,60,12,776,100,-80,328,605,60,18446744073709551568,3,398,3341788
fd00::20b:b:b:b,19,0,0,208,227,3352445,311,298,60,12,670,100,-80,329,607,60,18446744073709551553,3,386,3352382
fd00::20b:b:b:b,19,0,0,208,227,3363054,312,299,60,12,536,100,-80,330,609,60,18446744073709551519,3,277,3362957
fd00::20b:b:b:b,19,0,0,208,227,3373663,313,300,60,12,574,100,-80,331,611,60,18446744073709551562,3,270,3373609
fd00::20b:b:b:b,19,0,0,208,227,3384272,314,301,60,12,582,100,-80,332,613,60,18446744073709551560,3,396,3384216
fd00::20b:b:b:b,19,0,0,208,227,3394881,315,302,60,12,624,100,-80,333,615,60,18446744073709551543,3,376,3394808
fd00::20b:b:b:b,19,0,0,208,227,3405490,316,303,60,12,690,100,-80,334,617,60,18446744073709551528,3,340,3405402
fd00::20b:b:b:b,19,0,0,208,227,3416099,317,304,60,12,665,100,-80,335,619,60,18446744073709551521,3,280,3416004
fd00::20b:b:b:b,19,0,0,208,227,3426708,318,305,60,12,659,100,-80,336,621,60,18446744073709551545,3,342,3426637
fd00::20b:b:b:b,19,0,0,208,227,3437317,319,306,60,12,581,100,-80,337,623,60,18446744073709551532,3,251,3437233
fd00::20b:b:b:b,19,0,0,208,227,3447926,320,307,60,12,537,100,-80,338,625,60,18446744073709551524,3,293,3447834
fd00::20b:b:b:b,19,0,0,208,227,3458535,321,308,60,12,785,100,-80,339,627,60,18446744073709551519,3,460,3458438
fd00::20b:b:b:b,19,0,0,208,227,3469144,322,309,60,12,467,100,-80,340,629,60,18446744073709551526,3,265,3469054
fd00::20b:b:b:b,19,0,0,208,227,3479753,323,310,60,12,529,100,-80,341,631,60,18446744073709551522,3,300,3479659
fd00::20b:b:b:b,19,0,0,208,227,3490362,324,310,60,12,529,100,-80,343,632,60,214,3,300,3490576
fd00::20b:b:b:b,19,0,0,208,227,3500971,325,312,60,12,531,100,-80,344,635,60,18446744073709551492,3,261,3500847
fd00::20b:b:b:b,19,0,0,208,227,3511580,326,313,60,12,507,100,-80,345,637,60,18446744073709551588,3,199,3511552
fd00::20b:b:b:b,19,0,0,208,227,3522189,327,314,60,12,733,100,-80,346,639,60,18446744073709551523,3,310,3522096
fd00::20b:b:b:b,19,0,0,208,227,3532798,328,315,60,12,820,100,-80,347,641,60,18446744073709551520,3,377,3532702
fd00::20b:b:b:b,19,0,0,208,227,3543407,329,316,60,12,682,100,-80,348,643,60,18446744073709551527,3,295,3543318
fd00::20b:b:b:b,19,0,0,208,227,3554016,330,317,60,12,756,100,-80,349,645,60,18446744073709551591,3,388,3553991
fd00::20b:b:b:b,19,0,0,208,227,3564625,331,318,60,12,836,100,-80,350,647,60,18446744073709551499,3,403,3564508
fd00::20b:b:b:b,19,0,0,208,227,3575234,332,319,60,12,667,100,-80,351,649,60,18446744073709551569,3,290,3575187
fd00::20b:b:b:b,19,0,0,208,227,3585843,333,319,60,12,667,100,-80,352,650,60,18446744073709551511,3,290,3585738
fd00::20b:b:b:b,19,0,0,208,227,3596452,334,320,60,12,530,100,-80,353,652,60,18446744073709551540,3,251,3596376
fd00::20c:c:c:c,54,0,0,590,644,30010,1,0,60,0,0,0,0,0,1,60,304,1,0,30314
fd00::20c:c:c:c,18,0,0,196,214,40013,2,1,60,12,18446744073709551497,100,-81,1,3,60,314,1,107,40327
fd00::20c:c:c:c,18,0,0,196,214,50016,3,2,60,12,18446744073709551511,100,-81,2,5,60,305,1,92,50321
fd00::20c:c:c:c,18,0,0,196,214,60019,4,3,60,12,18446744073709551482,100,-81,3,7,60,326,1,100,60345
fd00::20c:c:c:c,18,0,0,196,214,70022,5,4,60,12,18446744073709551503,100,-81,4,9,60,360,1,77,70382
fd00::20c:c:c:c,18,0,0,196,214,80025,6,5,60,12,18446744073709551508,100,-81,5,11,60,294,1,97,80319
fd00::20c:c:c:c,18,0,0,196,214,90028,7,6,60,12,18446744073709551489,100,-81,6,12,60,341,1,97,90369
fd00::20c:c:c:c,18,0,0,196,214,100031,8,7,60,12,18446744073709551452,100,-81,7,14,60,427,1,199,100458
fd00::20c:c:c:c,18,0,0,196,214,110034,9,8,60,12,18446744073709551552,100,-81,8,15,60,334,1,199,110368
fd00::20c:c:c:c,18,0,0,196,214,120037,10,9,60,12,18446744073709551561,100,-81,9,17,60,429,1,217,120466
fd00::20c:c:c:c,18,0,0,196,214,130040,11,10,60,12,18446744073709551507,100,-81,10,19,60,361,1,111,130401
fd00::20c:c:c:c,18,0,0,196,214,140043,12,11,60,12,18446744073709551553,100,-81,11,21,60,439,1,147,140482
fd00::20c:c:c:c,18,0,0,196,214,150046,13,12,60,12,18446744073709551579,100,-84,12,23,60,638,1,162,150684
fd00::20c:c:c:c,18,0,0,195,213,160049,14,13,60,12,18446744073709551513,100,-81,13,24,60,601,1,162,160650
fd00::20c:c:c:c,18,0,1,195,214,170052,15,14,60,12,18446744073709551489,100,-81,14,26,60,281,1,108,170333
fd00::20c:c:c:c,18,0,0,195,213,180055,16,15,60,12,18446744073709551480,100,-81,15,28,60,672,1,168,180727
fd00::20c:c:c:c,18,0,0,196,214,190058,17,16,60,12,18446744073709551453,100,-81,16,30,60,297,1,90,190355
fd00::20c:c:c:c,18,0,0,196,214,200061,18,17,60,12,18446744073709551446,100,-81,17,32,60,334,1,40,200395
fd00::20c:c:c:c,18,0,0,196,214,210064,19,18,60,12,18446744073709551501,100,-81,18,33,60,479,1,40,210543
fd00::20c:c:c:c,18,0,1,195,214,220067,20,19,60,12,18446744073709551515,100,-81,19,35,60,404,1,170,220471
fd00::20c:c:c:c,18,0,1,195,214,230070,21,20,60,12,18446744073709551469,100,-84,20,37,60,295,1,97,230365
fd00::20c:c:c:c,18,0,0,196,214,240073,22,21,60,12,18446744073709551487,100,-81,21,39,60,665,1,72,240738
fd00::20c:c:c:c,18,0,0,196,214,250076,23,22,60,12,18446744073709551543,100,-81,22,41,60,330,1,89,250406
fd00::20c:c:c:c,18,0,0,196,214,260079,24,23,60,12,18446744073709551566,100,-81,23,42,60,255,1,89,260334
fd00::20c:c:c:c,18,0,0,196,214,270082,25,24,60,12,18446744073709551511,100,-81,24,44,60,313,1,97,270395
fd00::20c:c:c:c,18,0,0,196,214,280086,26,25,60,12,18446744073709551507,100,-81,25,46,60,637,1,174,280723
fd00::20c:c:c:c,18,0,0,196,214,290089,27,26,60,12,18446744073709551528,100,-81,26,48,60,369,1,133,290458
fd00::20c:c:c:c,18,0,0,196,214,300091,28,27,60,12,37,100,-81,27,50,60,305,1,165,300396
fd00::20c:c:c:c,18,0,1,195,214,310098,29,28,60,12,18446744073709551480,100,-81,28,52,60,345,1,98,310443
fd00::20c:c:c:c,17,0,0,196,213,320097,30,29,60,12,18446744073709551499,100,-81,29,54,60,354,1,66,320451
fd00::20c:c:c:c,18,0,0,196,214,330100,31,30,60,12,18446744073709551486,100,-81,30,56,60,297,1,58,330397
fd00::20c:c:c:c,18,0,0,196,214,340103,32,31,60,12,18446744073709551502,100,-81,31,58,60,518,1,224,340621
fd00::20c:c:c:c,18,0,0,196,214,350106,33,32,60,12,18446744073709551497,100,-81,32,59,60,407,1,224,350513
fd00::20c:c:c:c,18,0,0,196,214,360109,34,33,60,12,18446744073709551498,100,-81,33,61,60,552,1,257,360661
fd00::20c:c:c:c,18,0,0,195,213,370112,35,34,60,12,18446744073709551581,100,-81,34,63,60,328,1,195,370440
fd00::20c:c:c:c,18,0,0,196,214,380115,36,35,60,12,4,100,-81,35,65,60,439,1,129,380554
fd00::20c:c:c:c,18,0,1,195,214,390118,37,36,60,12,18446744073709551537,100,-81,36,66,60,281,1,129,390399
fd00::20c:c:c:c,18,0,0,196,214,400121,38,37,60,12,18446744073709551504,100,-81,37,67,60,478,1,129,400599
fd00::20c:c:c:c,18,0,0,196,214,410124,39,38,60,12,18446744073709551593,100,-81,38,68,60,362,1,129,410486
fd00::20c:c:c:c,18,0,0,196,214,420127,40,39,60,12,18446744073709551482,100,-81,39,70,60,503,1,269,420630
fd00::20c:c:c:c,18,0,0,196,214,430130,41,40,60,12,18446744073709551482,100,-81,40,72,60,465,1,71,430595
fd00::20c:c:c:c,18,0,0,196,214,440133,42,41,60,12,18446744073709551504,100,-81,41,73,60,240,1,71,440373
fd00::20c:c:c:c,18,0,0,196,214,450136,43,42,60,12,114,100,-81,42,75,60,331,1,198,450467
fd00::20c:c:c:c,18,0,0,196,214,460139,44,43,60,12,18446744073709551470,100,-81,43,77,60,533,1,63,460672
fd00::20c:c:c:c,18,0,1,195,214,470142,45,44,60,12,18446744073709551516,100,-81,44,79,60,522,1,198,470664
fd00::20c:c:c:c,18,0,0,196,214,480145,46,45,60,12,125,100,-81,45,81,60,430,1,204,480575
fd00::20c:c:c:c,18,0,0,196,214,490148,47,46,60,12,18446744073709551476,100,-81,46,83,60,276,1,85,490424
fd00::20c:c:c:c,18,0,1,195,214,500151,48,47,60,12,18446744073709551495,100,-81,47,85,60,277,1,117,500428
fd00::20c:c:c:c,18,0,0,196,214,510154,49,48,60,12,18446744073709551575,100,-81,48,86,60,291,1,117,510445
fd00::20c:c:c:c,18,0,0,195,213,520157,50,49,60,12,18446744073709551474,100,-84,49,88,60,362,1,95,520519
fd00::20c:c:c:c,18,0,0,196,214,530160,51,50,60,12,18446744073709551471,100,-81,50,90,60,313,1,94,530473
fd00::20c:c:c:c,18,0,0,195,213,540163,52,51,60,12,18446744073709551496,100,-81,51,92,60,294,1,123,540457
fd00::20c:c:c:c,18,0,0,196,214,550166,53,52,60,12,104,100,-81,52,94,60,363,1,198,550529
fd00::20c:c:c:c,18,0,0,196,214,560169,54,53,60,12,18446744073709551506,100,-84,53,96,60,540,1,276,560709
fd00::20c:c:c:c,18,0,1,195,214,570178,55,54,60,12,18446744073709551505,100,-81,54,98,60,540,1,117,570718
fd00::20c:c:c:c,17,0,1,195,213,580175,56,55,60,12,18446744073709551510,100,-84,55,100,60,344,1,246,580519
fd00::20c:c:c:c,18,0,0,196,214,590178,57,56,60,12,18446744073709551483,100,-84,56,101,60,545,1,246,590723
fd00::20c:c:c:c,18,0,0,196,214,600181,58,57,60,12,18446744073709551495,100,-84,57,102,60,284,1,246,600465
fd00::20c:c:c:c,18,0,0,196,214,610184,59,58,60,12,18446744073709551453,100,-84,58,104,60,370,1,95,610554
fd00::20c:c:c:c,18,0,0,196,214,620187,60,59,60,12,18446744073709551613,100,-84,59,106,60,253,1,151,620440
fd00::20c:c:c:c,18,0,0,196,214,630190,61,60,60,12,18446744073709551472,100,-84,60,108,60,473,1,73,630663
fd00::20c:c:c:c,18,0,0,196,214,640193,62,61,60,12,23,100,-84,61,110,60,477,1,287,640670
fd00::20c:c:c:c,18,0,0,196,214,650196,63,62,60,12,18446744073709551495,100,-84,62,112,60,362,1,93,650558
fd00::20c:c:c:c,18,0,0,196,214,660199,64,63,60,12,18446744073709551491,100,-84,63,114,60,687,1,85,660886
fd00::20c:c:c:c,18,0,1,195,214,670202,65,64,60,12,18446744073709551500,100,-84,64,116,60,253,1,191,670455
fd00::20c:c:c:c,18,0,0,196,214,680206,66,65,60,12,20,100,-81,65,117,60,288,1,191,680494
fd00::20c:c:c:c,18,0,0,196,214,690208,67,66,60,12,18446744073709551487,100,-84,66,119,60,468,1,115,690676
fd00::20c:c:c:c,18,0,0,196,214,700211,68,67,60,12,18446744073709551516,100,-84,67,121,60,408,1,166,700619
fd00::20c:c:c:c,18,0,0,196,214,710214,69,68,60,12,18446744073709551516,100,-84,68,123,60,337,1,104,710551
fd00::20c:c:c:c,18,0,0,196,214,720217,70,69,60,12,18446744073709551469,100,-84,69,125,60,358,1,153,720575
fd00::20c:c:c:c,18,0,0,196,214,730220,71,70,60,12,18446744073709551484,100,-84,70,127,60,252,1,94,730472
fd00::20c:c:c:c,18,0,0,196,214,740223,72,71,60,12,18446744073709551464,100,-84,71,129,60,293,1,113,740516
fd00::20c:c:c:c,18,0,0,196,214,750226,73,72,60,12,18446744073709551465,100,-84,72,130,60,353,1,113,750579
fd00::20c:c:c:c,18,0,0,196,214,760229,74,73,60,12,18446744073709551534,100,-84,73,132,60,325,1,179,760554
fd00::20c:c:c:c,18,0,0,196,214,770232,75,74,60,12,18446744073709551468,100,-84,74,134,60,253,1,69,770485
fd00::20c:c:c:c,18,0,0,196,214,780235,76,75,60,12,18446744073709551602,100,-84,75,136,60,488,1,306,780723
fd00::20c:c:c:c,18,0,0,196,214,790238,77,76,60,12,18446744073709551487,100,-84,76,138,60,239,1,89,790477
fd00::20c:c:c:c,18,0,0,196,214,800241,78,77,60,12,18446744073709551487,100,-84,77,140,60,274,1,113,800515
fd00::20c:c:c:c,18,0,1,195,214,810244,79,78,60,12,18446744073709551487,100,-84,78,142,60,383,1,255,810627
fd00::20c:c:c:c,18,0,0,196,214,820247,80,79,60,12,18446744073709551487,100,-84,79,143,60,357,1,255,820604
fd00::20c:c:c:c,18,0,0,196,214,830250,81,80,60,12,18446744073709551487,100,-84,80,145,60,302,1,79,830552
fd00::20c:c:c:c,18,0,0,196,214,840253,82,81,60,12,18446744073709551515,100,-84,81,147,60,518,1,157,840771
fd00::20c:c:c:c,18,0,1,195,214,850256,83,82,60,12,18446744073709551507,100,-84,82,149,60,290,1,135,850546
fd00::20c:c:c:c,18,0,0,196,214,860259,84,83,60,12,229,100,-84,83,151,60,318,1,248,860577
fd00::20c:c:c:c,18,0,0,196,214,870262,85,84,60,12,54,100,-84,84,153,60,254,1,223,870516
fd00::20c:c:c:c,18,0,0,196,214,880268,86,85,60,12,18446744073709551487,100,-81,85,155,60,450,1,61,880718
fd00::20c:c:c:c,17,0,0,196,213,890268,87,86,60,12,18446744073709551473,100,-84,86,157,60,463,1,164,890731
fd00::20c:c:c:c,18,0,0,196,214,900271,88,87,60,12,18446744073709551615,100,-84,87,159,60,475,1,304,900746
fd00::20c:c:c:c,18,0,0,196,214,910274,89,88,60,12,18446744073709551597,100,-84,88,161,60,379,1,188,910653
fd00::20c:c:c:c,18,0,0,196,214,920277,90,89,60,12,18446744073709551489,100,-84,89,163,60,413,1,68,920690
fd00::20c:c:c:c,18,0,0,196,214,930280,91,90,60,12,31,100,-84,90,165,60,249,1,145,930529
fd00::20c:c:c:c,18,0,0,196,214,940283,92,91,60,12,18446744073709551517,100,-84,91,167,60,293,1,89,940576
fd00::20c:c:c:c,18,0,0,196,214,950286,93,92,60,12,18446744073709551467,100,-84,92,168,60,306,1,89,950592
fd00::20c:c:c:c,18,0,1,195,214,960289,94,93,60,12,18446744073709551548,100,-84,93,170,60,454,1,101,960743
fd00::20c:c:c:c,18,0,0,196,214,970292,95,94,60,12,18446744073709551526,100,-84,94,172,60,257,1,72,970549
fd00::20c:c:c:c,18,0,1,195,214,980295,96,95,60,12,18446744073709551489,100,-84,95,174,60,259,1,98,980554
fd00::20c:c:c:c,18,0,0,196,214,990298,97,96,60,12,18446744073709551498,100,-84,96,176,60,389,1,250,990687
fd00::20c:c:c:c,18,0,0,196,214,1000301,98,97,60,12,150,100,-84,97,178,60,274,1,211,1000575
fd00::20c:c:c:c,18,0,0,196,214,1010304,99,98,60,12,18446744073709551502,100,-84,98,180,60,339,1,58,1010643
fd00::20c:c:c:c,18,0,0,196,214,1020307,100,99,60,12,18446744073709551485,100,-84,99,182,60,361,1,72,1020668
fd00::20c:c:c:c,18,0,0,196,214,1030310,101,100,60,12,18446744073709551482,100,-84,100,183,60,406,1,72,1030716
fd00::20c:c:c:c,18,0,0,196,214,1040313,102,101,60,12,18446744073709551492,100,-84,101,185,60,362,1,105,1040675
fd00::20c:c:c:c,18,0,0,196,214,1050316,103,102,60,12,18446744073709551504,100,-84,102,187,60,368,1,126,1050684
fd00::20c:c:c:c,18,0,0,196,214,1060319,104,103,60,12,18446744073709551511,100,-84,103,189,60,338,1,118,1060657
fd00::20c:c:c:c,18,0,0,196,214,1070322,105,104,60,12,18446744073709551445,100,-84,104,191,60,475,1,95,1070797
fd00::20c:c:c:c,18,0,0,196,214,1080325,106,105,60,12,18446744073709551573,100,-84,105,193,60,354,1,203,1080679
fd00::20c:c:c:c,18,0,0,196,214,1090328,107,106,60,12,18446744073709551487,100,-84,106,195,60,295,1,121,1090623
fd00::20c:c:c:c,18,0,0,196,214,1100331,108,107,60,12,163,100,-84,107,196,60,467,1,121,1100798
fd00::20c:c:c:c,18,0,0,196,214,1110334,109,108,60,12,98,100,-84,108,198,60,415,1,183,1110749
fd00::20c:c:c:c,18,0,1,195,214,1120337,110,109,60,12,18446744073709551566,100,-84,109,200,60,376,1,164,1120713
fd00::20c:c:c:c,18,0,0,196,214,1130340,111,110,60,12,18446744073709551462,100,-84,110,202,60,335,1,48,1130675
fd00::20c:c:c:c,18,0,0,196,214,1140343,112,111,60,12,18446744073709551568,100,-84,111,204,60,310,1,105,1140653
fd00::20c:c:c:c,18,0,0,196,214,1150346,113,112,60,12,18446744073709551532,100,-84,112,206,60,291,1,164,1150637
fd00::20c:c:c:c,18,0,0,196,214,1160349,114,113,60,12,18446744073709551477,100,-84,113,208,60,310,1,72,1160659
fd00::20c:c:c:c,18,0,0,196,214,1170352,115,114,60,12,18446744073709551524,100,-84,114,210,60,313,1,147,1170665
fd00::20c:c:c:c,18,0,0,196,214,1180355,116,115,60,12,18446744073709551469,100,-84,115,212,60,286,1,239,1180641
fd00::20c:c:c:c,18,0,0,196,214,1190358,117,116,60,12,18446744073709551491,100,-84,116,214,60,375,1,271,1190733
fd00::20c:c:c:c,18,0,0,196,214,1200361,118,117,60,12,18446744073709551507,100,-84,117,216,60,251,1,84,1200612
fd00::20c:c:c:c,18,0,0,196,214,1210364,119,118,60,12,18446744073709551503,100,-84,118,218,60,364,1,274,1210728
fd00::20c:c:c:c,18,0,0,196,214,1220367,120,119,60,12,18446744073709551475,100,-84,119,220,60,259,1,79,1220626
fd00::20c:c:c:c,18,0,0,196,214,1230370,121,120,60,12,18446744073709551476,100,-84,120,222,60,319,1,152,1230689
fd00::20c:c:c:c,18,0,1,195,214,1240373,122,121,60,12,16,100,-84,121,223,60,466,1,152,1240839
fd00::20c:c:c:c,18,0,0,196,214,1250376,123,122,60,12,18446744073709551450,100,-84,122,225,60,263,1,56,1250639
fd00::20c:c:c:c,18,0,0,196,214,1260379,124,123,60,12,18446744073709551593,100,-84,123,227,60,360,1,125,1260739
fd00::20c:c:c:c,18,0,0,196,214,1270382,125,124,60,12,18446744073709551445,100,-84,124,229,60,380,1,299,1270762
fd00::20c:c:c:c,18,0,0,196,214,1280385,126,125,60,12,18446744073709551458,100,-84,125,231,60,285,1,99,1280670
fd00::20c:c:c:c,18,0,0,196,214,1290388,127,126,60,12,18446744073709551547,100,-84,126,233,60,231,1,107,1290619
fd00::20c:c:c:c,18,0,1,195,214,1300391,128,127,60,12,18446744073709551504,100,-84,127,235,60,258,1,139,1300649
fd00::20c:c:c:c,18,0,0,196,214,1310394,129,128,60,12,48,100,-84,128,236,60,275,1,139,1310669
fd00::20c:c:c:c,18,0,0,195,213,1320397,130,129,60,12,18446744073709551479,100,-84,129,238,60,302,1,55,1320699
fd00::20c:c:c:c,18,0,0,196,214,1330400,131,130,60,12,18446744073709551561,100,-84,130,240,60,275,1,104,1330675
fd00::20c:c:c:c,18,0,0,196,214,1340403,132,131,60,12,18446744073709551464,100,-84,131,242,60,299,1,75,1340702
fd00::20c:c:c:c,18,0,0,196,214,1350406,133,132,60,12,18446744073709551502,100,-84,132,244,60,303,1,87,1350709
fd00::20c:c:c:c,18,0,0,196,214,1360409,134,133,60,12,18446744073709551502,100,-84,133,246,60,251,1,136,1360660
fd00::20c:c:c:c,18,0,0,196,214,1370412,135,134,60,12,18446744073709551518,100,-84,134,248,60,271,1,122,1370683
fd00::20c:c:c:c,18,0,0,196,214,1380415,136,135,60,12,18446744073709551550,100,-84,135,250,60,289,1,101,1380704
fd00::20c:c:c:c,18,0,0,196,214,1390418,137,136,60,12,18446744073709551556,100,-84,136,252,60,263,1,205,1390681
fd00::20c:c:c:c,18,0,0,196,214,1400421,138,137,60,12,18446744073709551465,100,-84,137,254,60,498,1,136,1400919
fd00::20c:c:c:c,18,0,0,196,214,1410424,139,138,60,12,191,100,-84,138,256,60,268,1,226,1410692
fd00::20c:c:c:c,18,0,0,196,214,1420427,140,139,60,12,18446744073709551455,100,-84,139,258,60,296,1,45,1420723
fd00::20c:c:c:c,18,0,0,196,214,1430430,141,140,60,12,18446744073709551488,100,-84,140,260,60,272,1,105,1430702
fd00::20c:c:c:c,18,0,0,196,214,1440433,142,141,60,12,18446744073709551469,100,-81,141,262,60,285,1,56,1440718
fd00::20c:c:c:c,18,0,0,196,214,1450436,143,142,60,12,18446744073709551481,100,-84,142,264,60,332,1,96,1450768
fd00::20c:c:c:c,18,0,0,196,214,1460439,144,143,60,12,18446744073709551519,100,-84,143,265,60,258,1,96,1460697
fd00::20c:c:c:c,18,0,0,196,214,1470442,145,144,60,12,18446744073709551484,100,-84,144,267,60,302,1,78,1470744
fd00::20c:c:c:c,18,0,0,196,214,1480445,146,145,60,12,18446744073709551490,100,-84,145,269,60,274,1,88,1480719
fd00::20c:c:c:c,18,0,0,196,214,1490448,147,146,60,12,18446744073709551539,100,-84,146,271,60,303,1,97,1490751
fd00::20c:c:c:c,18,0,0,196,214,1500451,148,147,60,12,18446744073709551559,100,-84,147,273,60,406,1,95,1500857
fd00::20c:c:c:c,18,0,0,196,214,1510454,149,148,60,12,18446744073709551499,100,-84,148,275,60,408,1,119,1510862
fd00::20c:c:c:c,18,0,0,196,214,1520457,150,149,60,12,18446744073709551596,100,-81,149,277,60,286,1,120,1520743
fd00::20c:c:c:c,18,0,0,196,214,1530460,151,150,60,12,18446744073709551556,100,-84,150,279,60,276,1,114,1530736
fd00::20c:c:c:c,18,0,0,196,214,1540463,152,151,60,12,18446744073709551516,100,-84,151,281,60,293,1,96,1540756
fd00::20c:c:c:c,18,0,0,196,214,1550466,153,152,60,12,18446744073709551445,100,-84,152,283,60,301,1,125,1550767
fd00::20c:c:c:c,18,0,0,196,214,1560469,154,153,60,12,18446744073709551485,100,-84,153,285,60,258,1,97,1560727
fd00::20c:c:c:c,18,0,0,196,214,1570472,155,154,60,12,18446744073709551499,100,-84,154,287,60,270,1,194,1570742
fd00::20c:c:c:c,18,0,0,196,214,1580475,156,155,60,12,18446744073709551551,100,-84,155,289,60,290,1,120,1580765
fd00::20c:c:c:c,18,0,0,196,214,1590478,157,156,60,12,18446744073709551475,100,-84,156,291,60,276,1,220,1590754
fd00::20c:c:c:c,18,0,0,196,214,1600481,158,157,60,12,18446744073709551542,100,-84,157,293,60,261,1,112,1600742
fd00::20c:c:c:c,18,0,0,196,214,1610484,159,158,60,12,18446744073709551479,100,-84,158,295,60,259,1,163,1610743
fd00::20c:c:c:c,18,0,0,196,214,1620487,160,159,60,12,1,100,-84,159,297,60,247,1,150,1620734
fd00::20c:c:c:c,18,0,0,196,214,1630490,161,160,60,12,68,100,-84,160,298,60,375,1,150,1630865
fd00::20c:c:c:c,18,0,0,196,214,1640493,162,161,60,12,18446744073709551499,100,-84,161,300,60,260,1,68,1640753
fd00::20c:c:c:c,18,0,0,196,214,1650496,163,162,60,12,18446744073709551509,100,-84,162,302,60,356,1,77,1650852
fd00::20c:c:c:c,18,0,0,196,214,1660499,164,163,60,12,18446744073709551552,100,-84,163,304,60,285,1,123,1660784
fd00::20c:c:c:c,18,0,0,196,214,1670502,165,164,60,12,18446744073709551526,100,-84,164,305,60,301,1,123,1670803
fd00::20c:c:c:c,18,0,0,196,214,1680505,166,165,60,12,18446744073709551496,100,-84,165,307,60,251,1,97,1680756
fd00::20c:c:c:c,18,0,0,196,214,1690508,167,166,60,12,18446744073709551504,100,-84,166,309,60,246,1,178,1690754
fd00::20c:c:c:c,18,0,0,196,214,1700511,168,167,60,12,18446744073709551483,100,-84,167,311,60,270,1,166,1700781
fd00::20c:c:c:c,18,0,0,196,214,1710514,169,168,60,12,18446744073709551461,100,-84,168,313,60,264,1,62,1710778
fd00::20c:c:c:c,18,0,0,196,214,1720517,170,169,60,12,18446744073709551497,100,-84,169,315,60,267,1,167,1720784
fd00::20c:c:c:c,18,0,0,196,214,1730520,171,170,60,12,8,100,-84,170,317,60,272,1,133,1730792
fd00::20c:c:c:c,18,0,0,196,214,1740523,172,171,60,12,18446744073709551477,100,-84,171,319,60,327,1,59,1740850
fd00::20c:c:c:c,18,0,0,196,214,1750526,173,172,60,12,18446744073709551464,100,-84,172,321,60,402,1,99,1750928
fd00::20c:c:c:c,18,0,0,196,214,1760529,174,173,60,12,18446744073709551478,100,-84,173,323,60,307,1,86,1760836
fd00::20c:c:c:c,18,0,0,196,214,1770532,175,174,60,12,18446744073709551542,100,-84,174,325,60,303,1,166,1770835
fd00::20c:c:c:c,18,0,0,196,214,1780535,176,175,60,12,18446744073709551514,100,-84,175,327,60,244,1,318,1780779
fd00::20c:c:c:c,18,0,0,196,214,1790538,177,176,60,12,18446744073709551525,100,-84,176,328,60,245,1,318,1790783
fd00::20c:c:c:c,18,0,0,196,214,1800541,178,177,60,12,18446744073709551539,100,-84,177,329,60,282,1,318,1800823
fd00::20c:c:c:c,18,0,0,196,214,1810544,179,178,60,12,18446744073709551596,100,-84,178,331,60,288,1,119,1810832
fd00::20c:c:c:c,18,0,0,196,214,1820547,180,179,60,12,18446744073709551575,100,-84,179,333,60,265,1,145,1820812
fd00::20c:c:c:c,18,0,0,196,214,1830550,181,180,60,12,18446744073709551585,100,-84,180,335,60,267,1,158,1830817
fd00::20c:c:c:c,18,0,0,196,214,1840553,182,181,60,12,18446744073709551473,100,-84,181,337,60,263,1,68,1840816
fd00::20c:c:c:c,18,0,0,196,214,1850556,183,182,60,12,18446744073709551447,100,-84,182,339,60,274,1,45,1850830
fd00::20c:c:c:c,18,0,0,196,214,1860559,184,183,60,12,18446744073709551469,100,-84,183,341,60,302,1,72,1860861
fd00::20c:c:c:c,18,0,0,196,214,1870562,185,184,60,12,18446744073709551576,100,-84,184,343,60,304,1,117,1870866
fd00::20c:c:c:c,18,0,0,196,214,1880565,186,185,60,12,18446744073709551535,100,-84,185,344,60,255,1,117,1880820
fd00::20c:c:c:c,18,0,0,196,214,1890568,187,186,60,12,18446744073709551486,100,-84,186,346,60,292,1,84,1890860
fd00::20c:c:c:c,18,0,0,196,214,1900571,188,187,60,12,18446744073709551523,100,-84,187,348,60,282,1,83,1900853
fd00::20c:c:c:c,18,0,0,196,214,1910574,189,188,60,12,18446744073709551546,100,-84,188,349,60,263,1,83,1910837
fd00::20c:c:c:c,18,0,0,196,214,1920577,190,189,60,12,18446744073709551466,100,-84,189,351,60,250,1,59,1920827
fd00::20c:c:c:c,18,0,0,196,214,1930580,191,190,60,12,18446744073709551506,100,-84,190,353,60,332,1,127,1930912
fd00::20c:c:c:c,18,0,0,196,214,1940583,192,191,60,12,18446744073709551488,100,-84,191,355,60,263,1,78,1940846
fd00::20c:c:c:c,18,0,0,196,214,1950586,193,192,60,12,18446744073709551468,100,-84,192,357,60,262,1,54,1950848
fd00::20c:c:c:c,18,0,0,196,214,1960589,194,193,60,12,18446744073709551487,100,-84,193,359,60,236,1,67,1960825
fd00::20c:c:c:c,18,0,0,196,214,1970592,195,194,60,12,18446744073709551499,100,-84,194,361,60,262,1,57,1970854
fd00::20c:c:c:c,18,0,0,196,214,1980595,196,195,60,12,18446744073709551553,100,-84,195,363,60,274,1,144,1980869
fd00::20c:c:c:c,18,0,0,196,214,1990598,197,196,60,12,18446744073709551559,100,-84,196,365,60,261,1,212,1990859
fd00::20c:c:c:c,18,0,0,196,214,2000601,198,197,60,12,18446744073709551521,100,-84,197,367,60,248,1,136,2000849
fd00::20c:c:c:c,18,0,0,196,214,2010604,199,198,60,12,18446744073709551503,100,-84,198,369,60,258,1,97,2010862
fd00::20c:c:c:c,18,0,0,196,214,2020607,200,199,60,12,18446744073709551493,100,-84,199,371,60,300,1,123,2020907
fd00::20c:c:c:c,18,0,0,196,214,2030610,201,200,60,12,18446744073709551560,100,-84,200,373,60,311,1,130,2030921
fd00::20c:c:c:c,18,0,0,196,214,2040613,202,201,60,12,18446744073709551546,100,-84,201,375,60,263,1,97,2040876
fd00::20c:c:c:c,18,0,0,196,214,2050616,203,202,60,12,18446744073709551483,100,-84,202,377,60,259,1,124,2050875
fd00::20c:c:c:c,18,0,0,196,214,2060619,204,203,60,12,18446744073709551538,100,-81,203,379,60,281,1,104,2060900
fd00::20c:c:c:c,18,0,0,196,214,2070622,205,204,60,12,18446744073709551486,100,-84,204,381,60,306,1,131,2070928
fd00::20c:c:c:c,18,0,0,196,214,2080625,206,205,60,12,18446744073709551479,100,-84,205,383,60,249,1,122,2080874
fd00::20c:c:c:c,18,0,0,196,214,2090628,207,206,60,12,18446744073709551485,100,-84,206,385,60,251,1,62,2090879
fd00::20c:c:c:c,18,0,0,196,214,2100631,208,207,60,12,18446744073709551549,100,-81,207,387,60,321,1,133,2100952
fd00::20c:c:c:c,18,0,0,196,214,2110634,209,208,60,12,18446744073709551483,100,-84,208,389,60,266,1,60,2110900
fd00::20c:c:c:c,18,0,0,196,214,2120637,210,209,60,12,18446744073709551446,100,-84,209,391,60,258,1,41,2120895
fd00::20c:c:c:c,18,0,0,196,214,2130640,211,210,60,12,18446744073709551592,100,-84,210,393,60,293,1,151,2130933
fd00::20c:c:c:c,18,0,0,196,214,2140643,212,211,60,12,18446744073709551558,100,-84,211,394,60,280,1,151,2140923
fd00::20c:c:c:c,18,0,0,196,214,2150646,213,212,60,12,18446744073709551543,100,-84,212,396,60,235,1,99,2150881
fd00::20c:c:c:c,18,0,0,196,214,2160649,214,213,60,12,18446744073709551501,100,-84,213,398,60,295,1,76,2160944
fd00::20c:c:c:c,18,0,0,196,214,2170652,215,214,60,12,18446744073709551560,100,-84,214,400,60,278,1,115,2170930
fd00::20c:c:c:c,18,0,0,196,214,2180655,216,215,60,12,18446744073709551558,100,-84,215,402,60,248,1,119,2180903
fd00::20c:c:c:c,18,0,0,196,214,2190658,217,216,60,12,18446744073709551549,100,-84,216,404,60,274,1,192,2190932
fd00::20c:c:c:c,18,0,0,196,214,2200661,218,217,60,12,18446744073709551464,100,-84,217,405,60,236,1,192,2200897
fd00::20c:c:c:c,18,0,0,196,214,2210664,219,218,60,12,18446744073709551484,100,-84,218,407,60,268,1,59,2210932
fd00::20c:c:c:c,18,0,0,196,214,2220667,220,219,60,12,102,100,-84,219,409,60,286,1,200,2220953
fd00::20c:c:c:c,18,0,0,196,214,2230670,221,220,60,12,18446744073709551517,100,-84,220,411,60,274,1,106,2230944
fd00::20c:c:c:c,18,0,0,196,214,2240673,222,221,60,12,18446744073709551605,100,-84,221,413,60,288,1,179,2240961
fd00::20c:c:c:c,18,0,0,196,214,2250676,223,222,60,12,18446744073709551498,100,-84,222,415,60,262,1,73,2250938
fd00::20c:c:c:c,18,0,0,196,214,2260679,224,223,60,12,31,100,-84,223,417,60,287,1,236,2260966
fd00::20c:c:c:c,18,0,0,196,214,2270682,225,224,60,12,155,100,-84,224,419,60,381,1,219,2271063
fd00::20c:c:c:c,18,0,0,196,214,2280685,226,225,60,12,18446744073709551501,100,-84,225,420,60,279,1,219,2280964
fd00::20c:c:c:c,18,0,0,196,214,2290688,227,226,60,12,18446744073709551567,100,-84,226,421,60,283,1,219,2290971
fd00::20c:c:c:c,18,0,0,196,214,2300691,228,227,60,12,18446744073709551504,100,-84,227,422,60,288,1,219,2300979
fd00::20c:c:c:c,18,0,0,196,214,2310694,229,228,60,12,18446744073709551513,100,-84,228,424,60,248,1,124,2310942
fd00::20c:c:c:c,18,0,0,196,214,2320697,230,229,60,12,24,100,-84,229,426,60,253,1,229,2320950
fd00::20c:c:c:c,18,0,0,196,214,2330700,231,230,60,12,18446744073709551541,100,-84,230,428,60,258,1,80,2330958
fd00::20c:c:c:c,18,0,0,196,214,2340703,232,231,60,12,18446744073709551515,100,-84,231,429,60,284,1,80,2340987
fd00::20c:c:c:c,18,0,0,196,214,2350706,233,232,60,12,18446744073709551453,100,-84,232,431,60,285,1,87,2350991
fd00::20c:c:c:c,18,0,0,196,214,2360709,234,233,60,12,18446744073709551472,100,-84,233,433,60,247,1,176,2360956
fd00::20c:c:c:c,18,0,0,196,214,2370712,235,234,60,12,18446744073709551482,100,-84,234,435,60,269,1,133,2370981
fd00::20c:c:c:c,18,0,0,196,214,2380715,236,235,60,12,18446744073709551474,100,-84,235,437,60,231,1,112,2380946
fd00::20c:c:c:c,18,0,0,196,214,2390718,237,236,60,12,18446744073709551479,100,-84,236,439,60,278,1,84,2390996
fd00::20c:c:c:c,18,0,0,196,214,2400721,238,237,60,12,18446744073709551570,100,-81,237,441,60,281,1,279,2401002
fd00::20c:c:c:c,18,0,0,196,214,2410724,239,238,60,12,18446744073709551542,100,-84,238,443,60,246,1,80,2410970
fd00::20c:c:c:c,18,0,0,196,214,2420727,240,239,60,12,18446744073709551488,100,-81,239,445,60,256,1,58,2420983
fd00::20c:c:c:c,18,0,0,196,214,2430730,241,240,60,12,18446744073709551464,100,-84,240,447,60,242,1,73,2430972
fd00::20c:c:c:c,18,0,0,196,214,2440733,242,241,60,12,18446744073709551444,100,-84,241,448,60,292,1,73,2441025
fd00::20c:c:c:c,18,0,0,196,214,2450736,243,242,60,12,3,100,-84,242,450,60,239,1,135,2450975
fd00::20c:c:c:c,18,0,0,196,214,2460739,244,243,60,12,18446744073709551503,100,-84,243,452,60,283,1,193,2461022
fd00::20c:c:c:c,18,0,0,196,214,2470742,245,244,60,12,18446744073709551608,100,-84,244,454,60,269,1,124,2471011
fd00::20c:c:c:c,18,0,0,196,214,2480745,246,245,60,12,18446744073709551463,100,-84,245,456,60,272,1,86,2481017
fd00::20c:c:c:c,18,0,0,196,214,2490748,247,246,60,12,15,100,-84,246,458,60,234,1,135,2490982
fd00::20c:c:c:c,18,0,0,196,214,2500751,248,247,60,12,18446744073709551612,100,-84,247,459,60,256,1,135,2501007
fd00::20c:c:c:c,18,0,0,195,213,2510754,249,248,60,12,18446744073709551520,100,-84,248,461,60,267,1,76,2511021
fd00::20c:c:c:c,18,0,0,196,214,2520757,250,249,60,12,18446744073709551494,100,-84,249,463,60,250,1,133,2521007
fd00::20c:c:c:c,18,0,0,196,214,2530760,251,250,60,12,15,100,-84,250,464,60,252,1,133,2531012
fd00::20c:c:c:c,18,0,0,196,214,2540763,252,251,60,12,18446744073709551455,100,-84,251,466,60,243,1,63,2541006
fd00::20c:c:c:c,18,0,0,196,214,2550766,253,252,60,12,18446744073709551560,100,-84,252,467,60,294,1,63,2551060
fd00::20c:c:c:c,18,0,0,196,214,2560769,254,253,60,12,18446744073709551482,100,-84,253,469,60,285,1,97,2561054
fd00::20c:c:c:c,18,0,0,196,214,2570772,255,254,60,12,41,100,-84,254,471,60,253,1,252,2571025
fd00::20c:c:c:c,18,0,0,196,214,2580775,256,255,60,12,18446744073709551485,100,-84,255,473,60,284,1,75,2581059
fd00::20c:c:c:c,18,0,0,196,214,2590778,257,256,60,12,18446744073709551536,100,-84,256,475,60,264,1,102,2591042
fd00::20c:c:c:c,18,0,0,196,214,2600781,258,257,60,12,18446744073709551613,100,-84,257,477,60,282,1,266,2601063
fd00::20c:c:c:c,18,0,0,196,214,2610784,259,258,60,12,178,100,-84,258,478,60,264,1,266,2611048
fd00::20c:c:c:c,18,0,0,196,214,2620787,260,259,60,12,18446744073709551498,100,-84,259,480,60,274,1,162,2621061
fd00::20c:c:c:c,18,0,0,196,214,2630790,261,260,60,12,18446744073709551479,100,-84,260,482,60,241,1,80,2631031
fd00::20c:c:c:c,18,0,0,196,214,2640793,262,261,60,12,18446744073709551543,100,-84,261,484,60,254,1,101,2641047
fd00::20c:c:c:c,18,0,0,196,214,2650796,263,262,60,12,18446744073709551515,100,-84,262,486,60,260,1,85,2651056
fd00::20c:c:c:c,18,0,0,196,214,2660799,264,263,60,12,18446744073709551457,100,-84,263,488,60,266,1,42,2661065
fd00::20c:c:c:c,18,0,0,196,214,2670802,265,264,60,12,18446744073709551455,100,-84,264,490,60,261,1,51,2671063
fd00::20c:c:c:c,18,0,0,196,214,2680805,266,265,60,12,18446744073709551552,100,-84,265,492,60,276,1,169,2681081
fd00::20c:c:c:c,18,0,0,196,214,2690808,267,266,60,12,18446744073709551540,100,-84,266,494,60,268,1,117,2691076
fd00::20c:c:c:c,18,0,0,196,214,2700811,268,267,60,12,18446744073709551513,100,-84,267,496,60,261,1,82,2701072
fd00::20c:c:c:c,18,0,0,196,214,2710814,269,268,60,12,18446744073709551481,100,-84,268,498,60,276,1,73,2711090
fd00::20c:c:c:c,18,0,0,196,214,2720817,270,269,60,12,18446744073709551566,100,-84,269,500,60,259,1,116,2721076
fd00::20c:c:c:c,18,0,0,196,214,2730820,271,270,60,12,18446744073709551479,100,-84,270,502,60,248,1,155,2731068
fd00::20c:c:c:c,18,0,0,196,214,2740823,272,271,60,12,18446744073709551514,100,-84,271,504,60,233,1,96,2741056
fd00::20c:c:c:c,18,0,0,196,214,2750826,273,272,60,12,18446744073709551471,100,-84,272,506,60,290,1,64,2751116
fd00::20c:c:c:c,18,0,0,196,214,2760829,274,273,60,12,18446744073709551462,100,-84,273,508,60,276,1,135,2761105
fd00::20c:c:c:c,18,0,0,196,214,2770832,275,274,60,12,18446744073709551480,100,-84,274,510,60,230,1,65,2771062
fd00::20c:c:c:c,18,0,0,196,214,2780835,276,275,60,12,18446744073709551474,100,-84,275,511,60,252,1,65,2781087
fd00::20c:c:c:c,18,0,0,196,214,2790838,277,276,60,12,155,100,-84,276,513,60,267,1,217,2791105
fd00::20c:c:c:c,18,0,0,196,214,2800841,278,277,60,12,18446744073709551442,100,-84,277,515,60,282,1,42,2801123
fd00::20c:c:c:c,18,0,0,196,214,2810844,279,278,60,12,18446744073709551462,100,-84,278,517,60,268,1,90,2811112
fd00::20c:c:c:c,18,0,0,196,214,2820847,280,279,60,12,18446744073709551520,100,-84,279,519,60,261,1,100,2821108
fd00::20c:c:c:c,18,0,0,196,214,2830850,281,280,60,12,18446744073709551462,100,-84,280,521,60,264,1,50,2831114
fd00::20c:c:c:c,18,0,0,196,214,2840853,282,281,60,12,18446744073709551516,100,-84,281,522,60,290,1,50,2841143
fd00::20c:c:c:c,18,0,0,196,214,2850856,283,282,60,12,18446744073709551481,100,-84,282,524,60,291,1,70,2851147
fd00::20c:c:c:c,18,0,0,196,214,2860859,284,283,60,12,18446744073709551492,100,-84,283,526,60,262,1,88,2861121
fd00::20c:c:c:c,18,0,0,196,214,2870862,285,284,60,12,18446744073709551585,100,-84,284,527,60,246,1,88,2871108
fd00::20c:c:c:c,18,0,0,196,214,2880865,286,285,60,12,18446744073709551574,100,-84,285,528,60,283,1,88,2881148
fd00::20c:c:c:c,18,0,0,196,214,2890868,287,286,60,12,18446744073709551510,100,-84,286,530,60,241,1,73,2891109
fd00::20c:c:c:c,18,0,0,196,214,2900871,288,287,60,12,18446744073709551495,100,-84,287,531,60,239,1,73,2901110
fd00::20c:c:c:c,18,0,0,196,214,2910874,289,288,60,12,18446744073709551444,100,-84,288,533,60,262,1,60,2911136
fd00::20c:c:c:c,18,0,0,196,214,2920877,290,289,60,12,18446744073709551493,100,-84,289,535,60,256,1,89,2921133
fd00::20c:c:c:c,18,0,0,196,214,2930880,291,290,60,12,18446744073709551483,100,-84,290,537,60,248,1,77,2931128
fd00::20c:c:c:c,18,0,0,196,214,2940883,292,291,60,12,18446744073709551563,100,-84,291,539,60,258,1,132,2941141
fd00::20c:c:c:c,18,0,0,196,214,2950886,293,292,60,12,18446744073709551581,100,-84,292,541,60,290,1,210,2951176
fd00::20c:c:c:c,18,0,0,196,214,2960889,294,293,60,12,18446744073709551489,100,-84,293,543,60,269,1,180,2961158
fd00::20c:c:c:c,18,0,0,196,214,2970892,295,294,60,12,18446744073709551481,100,-84,294,545,60,269,1,89,2971161
fd00::20c:c:c:c,18,0,0,196,214,2980895,296,295,60,12,18446744073709551560,100,-84,295,547,60,317,1,154,2981212
fd00::20c:c:c:c,18,0,0,196,214,2990898,297,296,60,12,18446744073709551444,100,-84,296,549,60,279,1,51,2991177
fd00::20c:c:c:c,18,0,0,196,214,3000901,298,297,60,12,18446744073709551503,100,-84,297,551,60,250,1,97,3001151
fd00::20c:c:c:c,18,0,0,196,214,3010904,299,298,60,12,18446744073709551475,100,-84,298,553,60,280,1,210,3011184
fd00::20c:c:c:c,18,0,0,196,214,3020907,300,299,60,12,18446744073709551490,100,-84,299,555,60,290,1,114,3021197
fd00::20c:c:c:c,18,0,0,196,214,3030910,301,300,60,12,18446744073709551444,100,-84,300,557,60,271,1,134,3031181
fd00::20c:c:c:c,18,0,0,196,214,3040913,302,301,60,12,18446744073709551486,100,-84,301,559,60,249,1,95,3041162
fd00::20c:c:c:c,18,0,0,196,214,3050916,303,302,60,12,18446744073709551466,100,-84,302,561,60,248,1,43,3051164
fd00::20c:c:c:c,18,0,0,196,214,3060919,304,303,60,12,183,100,-84,303,562,60,268,1,43,3061187
fd00::20c:c:c:c,18,0,0,196,214,3070922,305,304,60,12,18446744073709551483,100,-84,304,564,60,267,1,201,3071189
fd00::20c:c:c:c,18,0,0,196,214,3080925,306,305,60,12,18446744073709551541,100,-84,305,566,60,268,1,156,3081193
fd00::20c:c:c:c,18,0,0,196,214,3090928,307,306,60,12,18446744073709551463,100,-84,306,568,60,293,1,141,3091221
fd00::20c:c:c:c,18,0,0,196,214,3100931,308,307,60,12,82,100,-84,307,570,60,280,1,161,3101211
fd00::20c:c:c:c,18,0,0,196,214,3110934,309,308,60,12,18446744073709551530,100,-84,308,572,60,254,1,91,3111188
fd00::20c:c:c:c,18,0,0,196,214,3120937,310,309,60,12,18446744073709551467,100,-81,309,574,60,314,1,76,3121251
fd00::20c:c:c:c,18,0,0,196,214,3130940,311,310,60,12,18446744073709551463,100,-84,310,576,60,260,1,80,3131200
fd00::20c:c:c:c,18,0,0,196,214,3140943,312,311,60,12,18446744073709551468,100,-84,311,578,60,301,1,67,3141244
fd00::20c:c:c:c,18,0,0,196,214,3150946,313,312,60,12,18446744073709551510,100,-84,312,580,60,266,1,116,3151212
fd00::20c:c:c:c,18,0,1,195,214,3160949,314,313,60,12,18446744073709551603,100,-84,313,581,60,278,1,116,3161227
fd00::20c:c:c:c,18,0,0,196,214,3170952,315,314,60,12,18446744073709551508,100,-84,314,583,60,282,1,98,3171234
fd00::20c:c:c:c,18,0,0,196,214,3180955,316,315,60,12,18446744073709551473,100,-84,315,585,60,271,1,79,3181226
fd00::20c:c:c:c,18,0,0,196,214,3190958,317,316,60,12,18446744073709551529,100,-84,316,587,60,286,1,145,3191244
fd00::20c:c:c:c,18,0,0,196,214,3200961,318,317,60,12,18446744073709551547,100,-84,317,589,60,261,1,122,3201222
fd00::20c:c:c:c,18,0,0,196,214,3210964,319,318,60,12,18446744073709551460,100,-84,318,591,60,255,1,47,3211219
fd00::20c:c:c:c,18,0,0,196,214,3220967,320,319,60,12,18446744073709551512,100,-84,319,593,60,278,1,109,3221245
fd00::20c:c:c:c,18,0,0,196,214,3230970,321,320,60,12,18446744073709551574,100,-84,320,595,60,264,1,93,3231234
fd00::20c:c:c:c,18,0,0,196,214,3240973,322,321,60,12,18446744073709551552,100,-84,321,596,60,267,1,93,3241240
fd00::20c:c:c:c,18,0,0,196,214,3250976,323,322,60,12,18446744073709551481,100,-84,322,597,60,262,1,93,3251238
fd00::20c:c:c:c,18,0,1,195,214,3260979,324,323,60,12,18446744073709551457,100,-84,323,599,60,254,1,110,3261233
fd00::20c:c:c:c,18,0,0,196,214,3270982,325,324,60,12,140,100,-84,324,601,60,288,1,300,3271270
fd00::20c:c:c:c,18,0,0,196,214,3280985,326,325,60,12,18446744073709551533,100,-84,325,602,60,229,1,300,3281214
fd00::20c:c:c:c,18,0,0,196,214,3290988,327,326,60,12,18446744073709551485,100,-84,326,603,60,305,1,300,3291293
fd00::20c:c:c:c,18,0,0,196,214,3300991,328,327,60,12,18446744073709551545,100,-84,327,605,60,253,1,94,3301244
fd00::20c:c:c:c,18,0,0,196,214,3310994,329,328,60,12,18446744073709551498,100,-84,328,607,60,267,1,70,3311261
fd00::20c:c:c:c,18,0,0,196,214,3320997,330,329,60,12,18446744073709551470,100,-81,329,609,60,258,1,185,3321255
fd00::20c:c:c:c,18,0,0,196,214,3331000,331,330,60,12,18446744073709551493,100,-84,330,611,60,267,1,76,3331267
fd00::20c:c:c:c,18,0,0,196,214,3341003,332,331,60,12,18446744073709551544,100,-84,331,613,60,284,1,90,3341287
fd00::20c:c:c:c,18,0,0,196,214,3351006,333,332,60,12,18446744073709551561,100,-84,332,615,60,266,1,114,3351272
fd00::20c:c:c:c,18,0,0,196,214,3361009,334,333,60,12,18446744073709551472,100,-84,333,617,60,274,1,104,3361283
fd00::20c:c:c:c,18,0,0,196,214,3371012,335,334,60,12,18446744073709551532,100,-84,334,619,60,282,1,91,3371294
fd00::20c:c:c:c,18,0,0,196,214,3381015,336,335,60,12,18446744073709551501,100,-84,335,621,60,270,1,77,3381285
fd00::20c:c:c:c,18,0,0,196,214,3391018,337,336,60,12,18446744073709551565,100,-84,336,623,60,282,1,108,3391300
fd00::20c:c:c:c,18,0,0,196,214,3401021,338,337,60,12,18446744073709551506,100,-84,337,624,60,271,1,108,3401292
fd00::20c:c:c:c,18,0,0,196,214,3411024,339,338,60,12,18446744073709551471,100,-84,338,626,60,239,1,202,3411263
fd00::20c:c:c:c,18,0,0,196,214,3421027,340,339,60,12,18446744073709551496,100,-84,339,627,60,243,1,202,3421270
fd00::20c:c:c:c,18,0,0,196,214,3431030,341,340,60,12,18446744073709551513,100,-84,340,629,60,272,1,124,3431302
fd00::20c:c:c:c,18,0,1,195,214,3441033,342,341,60,12,18446744073709551442,100,-84,341,631,60,275,1,52,3441308
fd00::20c:c:c:c,18,0,0,196,214,3451036,343,342,60,12,18446744073709551493,100,-81,342,633,60,274,1,59,3451310
fd00::20c:c:c:c,18,0,0,196,214,3461039,344,343,60,12,18446744073709551505,100,-84,343,634,60,265,1,59,3461304
fd00::20c:c:c:c,18,0,0,196,214,3471042,345,344,60,12,18446744073709551478,100,-84,344,636,60,295,1,53,3471337
fd00::20c:c:c:c,18,0,0,196,214,3481045,346,345,60,12,18446744073709551615,100,-84,345,638,60,276,1,146,3481321
fd00::20c:c:c:c,18,0,0,196,214,3491048,347,346,60,12,18446744073709551465,100,-84,346,640,60,240,1,171,3491288
fd00::20c:c:c:c,18,0,0,196,214,3501051,348,347,60,12,18446744073709551536,100,-84,347,642,60,255,1,103,3501306
fd00::20c:c:c:c,18,0,0,196,214,3511054,349,348,60,12,18446744073709551505,100,-84,348,644,60,272,1,76,3511326
fd00::20c:c:c:c,18,0,0,196,214,3521057,350,349,60,12,22,100,-84,349,646,60,289,1,172,3521346
fd00::20c:c:c:c,18,0,0,196,214,3531060,351,350,60,12,40,100,-84,350,648,60,246,1,194,3531306
fd00::20c:c:c:c,18,0,0,196,214,3541063,352,351,60,12,18446744073709551591,100,-84,351,650,60,229,1,178,3541292
fd00::20c:c:c:c,18,0,0,196,214,3551066,353,352,60,12,18446744073709551519,100,-84,352,652,60,288,1,112,3551354
fd00::20c:c:c:c,18,0,0,196,214,3561069,354,353,60,12,18446744073709551549,100,-84,353,654,60,266,1,107,3561335
fd00::20c:c:c:c,18,0,0,196,214,3571072,355,354,60,12,18446744073709551497,100,-84,354,656,60,281,1,228,3571353
fd00::20c:c:c:c,18,0,0,196,214,3581075,356,355,60,12,18446744073709551518,100,-84,355,658,60,270,1,80,3581345
fd00::20c:c:c:c,18,0,0,196,214,3591078,357,356,60,12,18446744073709551512,100,-84,356,660,60,247,1,144,3591325
fd00::20d:d:d:d,114,0,0,1250,1364,63493,1,0,60,0,0,0,0,0,1,60,653,3,0,64146
fd00::20d:d:d:d,19,0,0,208,227,74075,2,1,60,12,41,100,-62,1,3,60,590,3,353,74665
fd00::20d:d:d:d,19,0,0,208,227,84657,3,2,60,12,18446744073709551602,100,-62,2,5,60,626,3,284,85283
fd00::20d:d:d:d,19,0,0,208,227,95239,4,2,60,12,18446744073709551602,100,-62,3,6,60,599,3,284,95838
fd00::20d:d:d:d,19,0,0,208,227,105821,5,3,60,12,264,100,-62,4,8,60,629,3,417,106450
fd00::20d:d:d:d,19,0,0,208,227,116403,6,4,60,12,11,100,-62,5,10,60,585,3,318,116988
fd00::20d:d:d:d,19,0,0,208,227,126985,7,5,60,12,123,100,-62,6,12,60,544,3,382,127529
fd00::20d:d:d:d,19,0,0,208,227,137567,8,6,60,12,99,100,-62,7,14,60,631,3,368,138198
fd00::20d:d:d:d,19,0,0,208,227,148149,9,7,60,12,18446744073709551567,100,-62,8,16,60,582,3,359,148731
fd00::20d:d:d:d,19,0,0,208,227,158731,10,8,60,12,18446744073709551543,100,-62,9,18,60,623,3,366,159354
fd00::20d:d:d:d,19,0,0,208,227,169313,11,9,60,12,18446744073709551584,100,-62,10,20,60,594,3,359,169907
fd00::20d:d:d:d,19,0,0,208,227,179895,12,10,60,12,18,100,-62,12,22,60,794,3,477,180689
fd00::20d:d:d:d,19,0,0,208,227,190477,13,12,60,12,18446744073709551611,100,-62,13,25,60,627,3,304,191104
fd00::20d:d:d:d,19,0,0,208,227,201059,14,13,60,12,53,100,-62,14,27,60,583,3,333,201642
fd00::20d:d:d:d,19,0,0,207,226,211641,15,14,60,12,18446744073709551477,100,-62,15,29,60,624,3,313,212265
fd00::20d:d:d:d,19,0,0,208,227,222223,16,15,60,12,87,100,-62,16,31,60,640,3,352,222863
fd00::20d:d:d:d,19,0,0,208,227,232805,17,15,60,12,87,100,-62,17,32,60,598,3,352,233403
fd00::20d:d:d:d,19,0,0,208,227,243387,18,16,60,12,41,100,-62,18,34,60,660,3,379,244047
fd00::20d:d:d:d,19,0,0,208,227,253969,19,17,60,12,145,100,-62,19,36,60,585,3,386,254554
fd00::20d:d:d:d,19,0,0,208,227,264551,20,18,60,12,18446744073709551573,100,-62,20,38,60,674,3,316,265225
fd00::20d:d:d:d,19,0,0,208,227,275133,21,19,60,12,72,100,-62,21,40,60,569,3,367,275702
fd00::20d:d:d:d,19,0,0,208,227,285715,22,20,60,12,162,100,-62,22,42,60,660,3,420,286375
fd00::20d:d:d:d,19,0,0,208,227,296297,23,21,60,12,18446744073709551518,100,-62,23,44,60,603,3,328,296900
fd00::20d:d:d:d,19,0,0,208,227,306879,24,22,60,12,42,100,-62,24,46,60,633,3,351,307512
fd00::20d:d:d:d,19,0,0,208,227,317461,25,23,60,12,18446744073709551539,100,-62,25,48,60,587,3,272,318048
fd00::20d:d:d:d,19,0,0,208,227,328043,26,24,60,12,47,100,-62,26,50,60,588,3,345,328631
fd00::20d:d:d:d,19,0,0,208,227,338625,27,25,60,12,18446744073709551578,100,-62,27,52,60,659,3,286,339284
fd00::20d:d:d:d,19,0,0,208,227,349207,28,26,60,12,13,100,-62,28,54,60,635,3,359,349842
fd00::20d:d:d:d,19,0,0,208,227,359789,29,27,60,12,18446744073709551550,100,-62,30,56,60,803,3,285,360592
fd00::20d:d:d:d,19,0,0,208,227,370371,30,28,60,12,135,100,-62,31,58,60,597,3,476,370968
fd00::20d:d:d:d,19,0,0,208,227,380953,31,29,60,12,18446744073709551556,100,-62,32,60,60,595,3,279,381548
fd00::20d:d:d:d,19,0,0,208,227,391535,32,30,60,12,24,100,-62,33,62,60,593,3,356,392128
fd00::20d:d:d:d,19,0,0,208,227,402117,33,31,60,12,126,100,-62,34,64,60,615,3,392,402732
fd00::20d:d:d:d,19,0,0,208,227,412699,34,32,60,12,18446744073709551585,100,-62,35,66,60,619,3,279,413318
fd00::20d:d:d:d,19,0,0,208,227,423281,35,33,60,12,18446744073709551527,100,-62,36,68,60,619,3,347,423900
fd00::20d:d:d:d,19,0,0,208,227,433863,36,34,60,12,109,100,-62,37,70,60,592,3,384,434455
fd00::20d:d:d:d,19,0,0,208,227,444445,37,35,60,12,18446744073709551545,100,-62,38,72,60,584,3,327,445029
fd00::20d:d:d:d,19,0,0,208,227,455027,38,36,60,12,18446744073709551612,100,-62,39,74,60,591,3,317,455618
fd00::20d:d:d:d,19,0,0,208,227,465609,39,37,60,12,18446744073709551470,100,-62,40,76,60,563,3,367,466172
fd00::20d:d:d:d,19,0,0,208,227,476191,40,38,60,12,73,100,-62,41,78,60,624,3,340,476815
fd00::20d:d:d:d,19,0,0,208,227,486773,41,39,60,12,18446744073709551578,100,-62,42,80,60,594,3,282,487367
fd00::20d:d:d:d,19,0,0,208,227,497355,42,40,60,12,268,100,-62,43,82,60,743,3,465,498098
fd00::20d:d:d:d,19,0,0,208,227,507937,43,41,60,12,71,100,-62,44,84,60,547,3,345,508484
fd00::20d:d:d:d,19,0,0,208,227,518519,44,42,60,12,18446744073709551476,100,-62,45,86,60,579,3,318,519098
fd00::20d:d:d:d,19,0,0,208,227,529101,45,43,60,12,35,100,-62,46,88,60,584,3,354,529685
fd00::20d:d:d:d,19,0,0,208,227,539683,46,44,60,12,18446744073709551521,100,-62,48,90,60,789,3,319,540472
fd00::20d:d:d:d,19,0,0,208,227,550265,47,46,60,12,18446744073709551460,100,-62,49,93,60,617,3,213,550882
fd00::20d:d:d:d,19,0,0,208,227,560847,48,47,60,12,29,100,-62,50,95,60,612,3,357,561459
fd00::20d:d:d:d,19,0,0,208,227,571429,49,48,60,12,180,100,-62,51,97,60,563,3,429,571992
fd00::20d:d:d:d,19,0,0,208,227,582011,50,49,60,12,73,100,-62,52,99,60,626,3,355,582637
fd00::20d:d:d:d,19,0,0,208,227,592593,51,50,60,12,154,100,-62,53,101,60,599,3,402,593192
fd00::20d:d:d:d,19,0,0,208,227,603175,52,51,60,12,16,100,-62,54,103,60,636,3,305,603811
fd00::20d:d:d:d,19,0,0,208,227,613757,53,52,60,12,8,100,-62,55,105,60,614,3,306,614371
fd00::20d:d:d:d,19,0,0,208,227,624339,54,53,60,12,179,100,-62,56,107,60,616,3,368,624955
fd00::20d:d:d:d,19,0,0,208,227,634921,55,54,60,12,18446744073709551573,100,-62,57,109,60,619,3,374,635540
fd00::20d:d:d:d,19,0,0,208,227,645503,56,55,60,12,18446744073709551575,100,-62,58,111,60,618,3,368,646121
fd00::20d:d:d:d,19,0,0,208,227,656085,57,56,60,12,18446744073709551484,100,-62,59,113,60,590,3,265,656675
fd00::20d:d:d:d,19,0,0,208,227,666667,58,57,60,12,124,100,-62,60,115,60,602,3,389,667269
fd00::20d:d:d:d,19,0,0,208,227,677249,59,57,60,12,124,100,-62,61,116,60,587,3,389,677836
fd00::20d:d:d:d,19,0,0,208,227,687831,60,58,60,12,18446744073709551522,100,-62,62,118,60,573,3,287,688404
fd00::20d:d:d:d,19,0,0,208,227,698413,61,59,60,12,18446744073709551495,100,-62,63,120,60,628,3,378,699041
fd00::20d:d:d:d,19,0,0,208,227,708995,62,60,60,12,221,100,-62,64,122,60,593,3,414,709588
fd00::20d:d:d:d,19,0,0,208,227,719577,63,61,60,12,18446744073709551461,100,-62,66,124,60,827,3,258,720404
fd00::20d:d:d:d,19,0,0,208,227,730159,64,63,60,12,18446744073709551371,100,-62,67,127,60,605,3,210,730764
fd00::20d:d:d:d,19,0,0,208,227,740741,65,64,60,12,112,100,-62,68,129,60,582,3,355,741323
fd00::20d:d:d:d,19,0,0,208,227,751323,66,65,60,12,70,100,-62,69,131,60,578,3,439,751901
fd00::20d:d:d:d,19,0,0,208,227,761905,67,66,60,12,18446744073709551543,100,-62,70,133,60,581,3,281,762486
fd00::20d:d:d:d,19,0,0,208,227,772487,68,67,60,12,18446744073709551512,100,-62,71,135,60,567,3,393,773054
fd00::20d:d:d:d,19,0,0,208,227,783069,69,68,60,12,18446744073709551453,100,-62,72,137,60,625,3,243,783694
fd00::20d:d:d:d,19,0,0,208,227,793651,70,69,60,12,132,100,-62,73,139,60,610,3,403,794261
fd00::20d:d:d:d,19,0,0,208,227,804233,71,70,60,12,18446744073709551601,100,-62,74,141,60,592,3,374,804825
fd00::20d:d:d:d,19,0,0,208,227,814815,72,71,60,12,18446744073709551508,100,-62,75,143,60,605,3,279,815420
fd00::20d:d:d:d,19,0,0,208,227,825397,73,72,60,12,18446744073709551529,100,-62,76,145,60,572,3,321,825969
fd00::20d:d:d:d,19,0,0,208,227,835979,74,73,60,12,161,100,-62,77,147,60,673,3,410,836652
fd00::20d:d:d:d,19,0,0,208,227,846561,75,74,60,12,283,100,-62,78,149,60,589,3,446,847150
fd00::20d:d:d:d,19,0,0,208,227,857143,76,75,60,12,18446744073709551558,100,-62,79,151,60,672,3,279,857815
fd00::20d:d:d:d,19,0,0,208,227,867725,77,76,60,12,18446744073709551474,100,-62,80,153,60,618,3,302,868343
fd00::20d:d:d:d,19,0,0,208,227,878307,78,77,60,12,73,100,-62,81,155,60,595,3,322,878902
fd00::20d:d:d:d,19,0,0,208,227,888889,79,78,60,12,117,100,-62,82,157,60,607,3,411,889496
fd00::20d:d:d:d,19,0,0,208,227,899471,80,79,60,12,18446744073709551512,100,-62,84,159,60,679,3,361,900150
fd00::20d:d:d:d,19,0,0,208,227,910053,81,80,60,12,18446744073709551587,100,-62,85,161,60,617,3,422,910670
fd00::20d:d:d:d,19,0,0,207,226,920635,82,82,60,12,286,100,-62,86,164,60,612,3,439,921247
fd00::20d:d:d:d,19,0,0,208,227,931217,83,83,60,12,39,100,-62,87,166,60,641,3,310,931858
fd00::20d:d:d:d,19,0,0,208,227,941799,84,84,60,12,54,100,-62,88,168,60,585,3,324,942384
fd00::20d:d:d:d,19,0,0,208,227,952381,85,85,60,12,18446744073709551587,100,-62,89,170,60,622,3,364,953003
fd00::20d:d:d:d,19,0,0,208,227,962963,86,86,60,12,137,100,-62,90,172,60,633,3,439,963596
fd00::20d:d:d:d,19,0,0,208,227,973545,87,87,60,12,165,100,-62,91,174,60,603,3,372,974148
fd00::20d:d:d:d,19,0,0,208,227,984127,88,88,60,12,17,100,-62,92,176,60,581,3,347,984708
fd00::20d:d:d:d,19,0,0,208,227,994709,89,89,60,12,18446744073709551449,100,-62,93,178,60,578,3,327,995287
fd00::20d:d:d:d,19,0,0,208,227,1005291,90,89,60,12,18446744073709551449,100,-62,94,179,60,628,3,327,1005919
fd00::20d:d:d:d,19,0,0,208,227,1015873,91,90,60,12,18446744073709551580,100,-62,95,181,60,622,3,404,1016495
fd00::20d:d:d:d,19,0,0,208,227,1026455,92,91,60,12,18446744073709551574,100,-62,96,183,60,591,3,265,1027046
fd00::20d:d:d:d,19,0,0,208,227,1037037,93,92,60,12,128,100,-62,97,185,60,631,3,427,1037668
fd00::20d:d:d:d,19,0,0,207,226,1047619,94,93,60,12,201,100,-62,98,187,60,628,3,410,1048247
fd00::20d:d:d:d,19,0,1,207,227,1058201,95,94,60,12,27,100,-62,99,189,60,617,3,425,1058818
fd00::20d:d:d:d,19,0,0,207,226,1068783,96,95,60,12,24,100,-62,100,191,60,634,3,337,1069417
fd00::20d:d:d:d,19,0,0,207,226,1079365,97,96,60,12,133,100,-62,101,193,60,584,3,428,1079949
fd00::20d:d:d:d,19,0,0,207,226,1089947,98,97,60,12,18446744073709551490,100,-62,103,195,60,634,3,307,1090581
fd00::20d:d:d:d,19,0,0,207,226,1100529,99,99,60,12,114,100,-62,104,198,60,637,3,431,1101166
fd00::20d:d:d:d,19,0,0,207,226,1111111,100,100,60,12,18446744073709551529,100,-62,105,200,60,599,3,365,1111710
fd00::20d:d:d:d,19,0,0,207,226,1121693,101,101,60,12,261,100,-62,106,202,60,609,3,445,1122302
fd00::20d:d:d:d,19,0,0,207,226,1132275,102,102,60,12,305,100,-62,107,204,60,629,3,449,1132904
fd00::20d:d:d:d,19,0,0,207,226,1142857,103,103,60,12,57,100,-62,108,206,60,642,3,372,1143499
fd00::20d:d:d:d,19,0,0,207,226,1153439,104,104,60,12,82,100,-62,109,208,60,588,3,393,1154027
fd00::20d:d:d:d,19,0,0,207,226,1164021,105,105,60,12,18446744073709551558,100,-62,110,210,60,604,3,281,1164625
fd00::20d:d:d:d,19,0,0,207,226,1174603,106,106,60,12,98,100,-62,111,212,60,649,3,372,1175252
fd00::20d:d:d:d,19,0,0,208,227,1185185,107,106,60,12,98,100,-62,112,213,60,630,3,372,1185815
fd00::20d:d:d:d,19,0,0,207,226,1195767,108,107,60,12,18446744073709551573,100,-62,113,215,60,609,3,355,1196376
fd00::20d:d:d:d,19,0,0,207,226,1206349,109,108,60,12,13,100,-62,114,217,60,639,3,374,1206988
fd00::20d:d:d:d,19,0,0,207,226,1216931,110,109,60,12,312,100,-62,115,219,60,641,3,466,1217572
fd00::20d:d:d:d,19,0,0,207,226,1227513,111,110,60,12,18446744073709551605,100,-62,116,221,60,641,3,320,1228154
fd00::20d:d:d:d,19,0,0,207,226,1238095,112,111,60,12,224,100,-62,117,223,60,603,3,451,1238698
fd00::20d:d:d:d,19,0,0,208,227,1248677,113,112,60,12,174,100,-62,118,225,60,567,3,447,1249244
fd00::20d:d:d:d,19,0,0,208,227,1259259,114,113,60,12,98,100,-62,119,227,60,584,3,399,1259843
fd00::20d:d:d:d,19,0,0,208,227,1269841,115,114,60,12,224,100,-62,121,229,60,803,3,434,1270644
fd00::20d:d:d:d,19,0,0,208,227,1280423,116,116,60,12,18446744073709551443,100,-62,122,232,60,634,3,302,1281057
fd00::20d:d:d:d,19,0,0,208,227,1291005,117,117,60,12,18446744073709551570,100,-62,123,234,60,596,3,348,1291601
fd00::20d:d:d:d,19,0,0,208,227,1301587,118,118,60,12,18446744073709551613,100,-62,124,236,60,559,3,295,1302146
fd00::20d:d:d:d,19,0,0,208,227,1312169,119,119,60,12,108,100,-62,125,238,60,631,3,381,1312800
fd00::20d:d:d:d,19,0,0,208,227,1322751,120,120,60,12,15,100,-62,126,240,60,595,3,397,1323346
fd00::20d:d:d:d,19,0,0,208,227,1333333,121,121,60,12,68,100,-62,127,242,60,639,3,347,1333972
fd00::20d:d:d:d,19,0,0,208,227,1343915,122,122,60,12,18446744073709551545,100,-62,128,244,60,564,3,333,1344479
fd00::20d:d:d:d,19,0,0,208,227,1354497,123,123,60,12,18446744073709551580,100,-62,129,246,60,587,3,300,1355084
fd00::20d:d:d:d,19,0,0,208,227,1365079,124,123,60,12,18446744073709551580,100,-62,130,247,60,600,3,300,1365679
fd00::20d:d:d:d,19,0,0,208,227,1375661,125,124,60,12,18446744073709551491,100,-62,131,249,60,612,3,250,1376273
fd00::20d:d:d:d,19,0,0,208,227,1386243,126,124,60,12,18446744073709551491,100,-62,132,250,60,565,3,250,1386808
fd00::20d:d:d:d,19,0,0,208,227,1396825,127,125,60,12,68,100,-62,133,252,60,608,3,391,1397433
fd00::20d:d:d:d,19,0,0,208,227,1407407,128,126,60,12,57,100,-62,134,254,60,609,3,462,1408016
fd00::20d:d:d:d,19,0,0,208,227,1417989,129,126,60,12,57,100,-62,135,255,60,612,3,462,1418601
fd00::20d:d:d:d,19,0,0,208,227,1428571,130,127,60,12,18446744073709551520,100,-62,136,257,60,634,3,262,1429205
fd00::20d:d:d:d,19,0,0,208,227,1439153,131,128,60,12,40,100,-62,137,259,60,638,3,372,1439791
fd00::20d:d:d:d,19,0,0,208,227,1449735,132,129,60,12,142,100,-62,139,261,60,931,3,386,1450666
fd00::20d:d:d:d,19,0,0,208,227,1460317,133,131,60,12,18446744073709551468,100,-62,140,264,60,654,3,247,1460971
fd00::20d:d:d:d,19,0,0,208,227,1470899,134,132,60,12,32,100,-62,141,266,60,637,3,361,1471536
fd00::20d:d:d:d,19,0,0,208,227,1481481,135,132,60,12,32,100,-62,142,267,60,638,3,361,1482119
fd00::20d:d:d:d,19,0,0,208,227,1492063,136,133,60,12,46,100,-62,143,269,60,632,3,448,1492695
fd00::20d:d:d:d,19,0,0,208,227,1502645,137,134,60,12,305,100,-62,144,271,60,611,3,469,1503256
fd00::20d:d:d:d,19,0,0,208,227,1513227,138,135,60,12,256,100,-62,145,273,60,599,3,454,1513826
fd00::20d:d:d:d,19,0,0,208,227,1523809,139,136,60,12,18446744073709551614,100,-62,146,275,60,748,3,333,1524557
fd00::20d:d:d:d,19,0,0,208,227,1534391,140,137,60,12,18446744073709551556,100,-62,147,277,60,642,3,273,1535033
fd00::20d:d:d:d,19,0,0,208,227,1544973,141,138,60,12,57,100,-62,148,279,60,632,3,372,1545605
fd00::20d:d:d:d,19,0,0,208,227,1555555,142,138,60,12,57,100,-62,149,280,60,611,3,372,1556166
fd00::20d:d:d:d,19,0,0,208,227,1566137,143,139,60,12,18446744073709551503,100,-62,150,282,60,591,3,272,1566728
fd00::20d:d:d:d,19,0,0,208,227,1576719,144,140,60,12,18446744073709551568,100,-62,151,284,60,582,3,312,1577301
fd00::20d:d:d:d,19,0,0,208,227,1587301,145,141,60,12,18446744073709551569,100,-62,152,286,60,621,3,303,1587922
fd00::20d:d:d:d,19,0,0,207,226,1597883,146,142,60,12,18446744073709551451,100,-62,153,288,60,607,3,283,1598490
fd00::20d:d:d:d,19,0,0,208,227,1608465,147,143,60,12,18446744073709551586,100,-62,154,290,60,630,3,331,1609095
fd00::20d:d:d:d,19,0,0,208,227,1619047,148,144,60,12,18446744073709551541,100,-62,155,292,60,593,3,294,1619640
fd00::20d:d:d:d,19,0,0,208,227,1629629,149,145,60,12,146,100,-62,157,294,60,1255,3,401,1630884
fd00::20d:d:d:d,19,0,1,207,227,1640211,150,147,60,12,133,100,-80,158,297,60,699,4,379,1640910
fd00::20d:d:d:d,19,0,0,208,227,1650793,151,148,60,12,55,100,-80,159,299,60,613,4,432,1651406
fd00::20d:d:d:d,19,0,0,208,227,1661375,152,149,60,12,96,100,-80,160,301,60,605,4,358,1661980
fd00::20d:d:d:d,19,0,0,208,227,1671957,153,150,60,12,201,100,-80,161,303,60,602,4,442,1672559
fd00::20d:d:d:d,19,0,0,208,227,1682539,154,151,60,12,57,100,-80,162,305,60,608,4,341,1683147
fd00::20d:d:d:d,19,0,0,208,227,1693121,155,152,60,12,48,100,-80,163,307,60,653,4,370,1693774
fd00::20d:d:d:d,19,0,0,208,227,1703703,156,153,60,12,117,100,-80,164,309,60,607,4,429,1704310
fd00::20d:d:d:d,19,0,0,208,227,1714285,157,154,60,12,76,100,-80,165,311,60,621,4,370,1714906
fd00::20d:d:d:d,19,0,0,208,227,1724867,158,155,60,12,24,100,-80,166,313,60,694,4,351,1725561
fd00::20d:d:d:d,19,0,0,208,227,1735449,159,156,60,12,7,100,-80,167,315,60,651,4,348,1736100
fd00::20d:d:d:d,19,0,0,208,227,1746031,160,157,60,12,118,100,-80,168,317,60,633,4,377,1746664
fd00::20d:d:d:d,19,0,0,208,227,1756613,161,158,60,12,18446744073709551574,100,-80,169,319,60,642,4,407,1757255
fd00::20d:d:d:d,19,0,0,208,227,1767195,162,159,60,12,272,100,-80,170,321,60,622,4,477,1767817
fd00::20d:d:d:d,19,0,0,208,227,1777777,163,160,60,12,237,100,-80,171,323,60,621,4,478,1778398
fd00::20d:d:d:d,19,0,0,208,227,1788359,164,161,60,12,127,100,-80,172,325,60,657,4,396,1789016
fd00::20d:d:d:d,19,0,0,208,227,1798941,165,162,60,12,48,100,-80,173,327,60,590,4,323,1799531
fd00::20d:d:d:d,19,0,0,208,227,1809523,166,163,60,12,160,100,-80,175,329,60,705,4,394,1810228
fd00::20d:d:d:d,19,0,0,208,227,1820105,167,164,60,12,208,100,-80,176,331,60,847,4,423,1820952
fd00::20d:d:d:d,19,0,0,208,227,1830687,168,166,60,12,162,100,-80,177,334,60,631,4,388,1831318
fd00::20d:d:d:d,19,0,0,208,227,1841269,169,167,60,12,18446744073709551592,100,-80,178,336,60,702,4,319,1841971
fd00::20d:d:d:d,19,0,0,208,227,1851851,170,168,60,12,30,100,-80,179,338,60,682,4,345,1852533
fd00::20d:d:d:d,19,0,0,208,227,1862433,171,169,60,12,85,100,-80,180,340,60,601,4,361,1863034
fd00::20d:d:d:d,19,0,0,208,227,1873015,172,170,60,12,156,100,-80,181,342,60,610,4,437,1873625
fd00::20d:d:d:d,19,0,0,208,227,1883597,173,171,60,12,131,100,-80,182,344,60,626,4,396,1884223
fd00::20d:d:d:d,19,0,0,208,227,1894179,174,172,60,12,65,100,-80,183,346,60,659,4,346,1894838
fd00::20d:d:d:d,19,0,0,208,227,1904761,175,173,60,12,49,100,-80,184,348,60,656,4,346,1905417
fd00::20d:d:d:d,19,0,0,208,227,1915343,176,174,60,12,45,100,-80,185,350,60,671,4,346,1916014
fd00::20d:d:d:d,19,0,0,208,227,1925925,177,175,60,12,16,100,-80,186,352,60,668,4,351,1926593
fd00::20d:d:d:d,19,0,0,208,227,1936507,178,176,60,12,143,100,-80,187,354,60,592,4,511,1937099
fd00::20d:d:d:d,19,0,0,208,227,1947089,179,177,60,12,18446744073709551565,100,-80,188,356,60,698,4,322,1947787
fd00::20d:d:d:d,19,0,0,208,227,1957671,180,178,60,12,18446744073709551512,100,-80,189,358,60,608,4,300,1958279
fd00::20d:d:d:d,19,0,0,208,227,1968253,181,179,60,12,85,100,-80,190,360,60,626,4,371,1968879
fd00::20d:d:d:d,19,0,0,208,227,1978835,182,180,60,12,110,100,-80,191,362,60,657,4,391,1979492
fd00::20d:d:d:d,19,0,0,208,227,1989417,183,181,60,12,166,100,-80,193,364,60,659,4,404,1990076
fd00::20d:d:d:d,19,0,0,208,227,1999999,184,182,60,12,110,100,-80,194,366,60,577,4,392,2000576
fd00::20d:d:d:d,19,0,0,208,227,2010581,185,184,60,12,14,100,-80,195,369,60,653,4,304,2011234
fd00::20d:d:d:d,19,0,0,208,227,2021163,186,185,60,12,18446744073709551557,100,-80,196,371,60,638,4,287,2021801
fd00::20d:d:d:d,19,0,0,208,227,2031745,187,186,60,12,151,100,-80,197,373,60,659,4,463,2032404
fd00::20d:d:d:d,19,0,0,208,227,2042327,188,187,60,12,189,100,-80,198,375,60,637,4,450,2042964
fd00::20d:d:d:d,19,0,0,208,227,2052909,189,188,60,12,108,100,-80,199,377,60,625,4,395,2053534
fd00::20d:d:d:d,19,0,0,208,227,2063491,190,188,60,12,108,100,-80,200,378,60,643,4,395,2064134
fd00::20d:d:d:d,19,0,0,208,227,2074073,191,189,60,12,148,100,-80,201,380,60,691,4,370,2074764
fd00::20d:d:d:d,19,0,0,208,227,2084655,192,189,60,12,148,100,-80,202,381,60,682,4,370,2085337
fd00::20d:d:d:d,19,0,0,208,227,2095237,193,190,60,12,133,100,-80,203,383,60,656,4,464,2095893
fd00::20d:d:d:d,19,0,0,208,227,2105819,194,191,60,12,223,100,-80,204,385,60,645,4,454,2106464
fd00::20d:d:d:d,19,0,0,208,227,2116401,195,192,60,12,18446744073709551519,100,-80,205,387,60,712,4,296,2117113
fd00::20d:d:d:d,19,0,0,208,227,2126983,196,193,60,12,18446744073709551599,100,-80,206,389,60,674,4,311,2127657
fd00::20d:d:d:d,19,0,0,208,227,2137565,197,193,60,12,18446744073709551599,100,-80,207,390,60,612,4,311,2138177
fd00::20d:d:d:d,19,0,0,208,227,2148147,198,194,60,12,148,100,-80,208,392,60,638,4,429,2148785
fd00::20d:d:d:d,19,0,0,208,227,2158729,199,195,60,12,116,100,-80,209,394,60,633,4,411,2159362
fd00::20d:d:d:d,19,0,0,208,227,2169311,200,196,60,12,216,100,-80,210,396,60,612,4,417,2169923
fd00::20d:d:d:d,19,0,0,208,227,2179893,201,197,60,12,231,100,-80,212,398,60,773,4,448,2180666
fd00::20d:d:d:d,19,0,0,207,226,2190475,202,199,60,12,231,100,-80,213,401,60,623,4,438,2191098
fd00::20d:d:d:d,19,0,0,208,227,2201057,203,200,60,12,0,100,-80,214,403,60,641,4,310,2201698
fd00::20d:d:d:d,19,0,0,208,227,2211639,204,201,60,12,254,100,-80,215,405,60,690,4,438,2212329
fd00::20d:d:d:d,19,0,0,208,227,2222221,205,201,60,12,254,100,-80,216,406,60,637,4,438,2222858
fd00::20d:d:d:d,19,0,0,208,227,2232803,206,202,60,12,137,100,-80,217,408,60,636,4,393,2233439
fd00::20d:d:d:d,19,0,0,207,226,2243385,207,203,60,12,129,100,-80,218,410,60,597,3,391,2243982
fd00::20d:d:d:d,19,0,0,208,227,2253967,208,204,60,12,101,100,-62,219,412,60,605,3,396,2254572
fd00::20d:d:d:d,19,0,0,208,227,2264549,209,205,60,12,18446744073709551432,100,-62,220,414,60,631,3,319,2265180
fd00::20d:d:d:d,19,0,0,208,227,2275131,210,206,60,12,240,100,-62,221,416,60,657,3,406,2275788
fd00::20d:d:d:d,19,0,0,208,227,2285713,211,207,60,12,110,100,-62,222,418,60,625,3,411,2286338
fd00::20d:d:d:d,19,0,0,208,227,2296295,212,208,60,12,139,100,-62,223,420,60,580,3,358,2296875
fd00::20d:d:d:d,19,0,0,208,227,2306877,213,209,60,12,15,100,-62,224,422,60,583,3,359,2307460
fd00::20d:d:d:d,19,0,0,208,227,2317459,214,210,60,12,97,100,-62,225,424,60,593,3,466,2318052
fd00::20d:d:d:d,19,0,0,208,227,2328041,215,211,60,12,131,100,-62,226,426,60,573,3,386,2328614
fd00::20d:d:d:d,19,0,0,208,227,2338623,216,212,60,12,18446744073709551541,100,-62,227,428,60,599,3,277,2339222
fd00::20d:d:d:d,19,0,0,208,227,2349205,217,213,60,12,18446744073709551544,100,-62,228,430,60,619,3,354,2349824
fd00::20d:d:d:d,19,0,0,208,227,2359787,218,214,60,12,144,100,-62,230,432,60,690,3,372,2360477
fd00::20d:d:d:d,19,0,0,208,227,2370369,219,215,60,12,21,100,-62,231,434,60,622,3,324,2370991
fd00::20d:d:d:d,19,0,0,208,227,2380951,220,216,60,12,18446744073709551542,100,-62,232,436,60,635,3,284,2381586
fd00::20d:d:d:d,19,0,0,208,227,2391533,221,217,60,12,18446744073709551518,100,-62,233,438,60,639,3,330,2392172
fd00::20d:d:d:d,19,0,0,208,227,2402115,222,217,60,12,18446744073709551518,100,-62,234,439,60,642,3,330,2402757
fd00::20d:d:d:d,19,0,0,208,227,2412697,223,218,60,12,130,100,-62,235,441,60,563,3,379,2413260
fd00::20d:d:d:d,19,0,0,208,227,2423279,224,219,60,12,3,100,-62,236,443,60,633,3,364,2423912
fd00::20d:d:d:d,19,0,0,208,227,2433861,225,220,60,12,18446744073709551470,100,-62,237,445,60,595,3,286,2434456
fd00::20d:d:d:d,19,0,0,208,227,2444443,226,221,60,12,18446744073709551568,100,-62,238,447,60,628,3,329,2445071
fd00::20d:d:d:d,19,0,0,208,227,2455025,227,222,60,12,234,100,-62,239,449,60,609,3,437,2455634
fd00::20d:d:d:d,19,0,0,208,227,2465607,228,222,60,12,234,100,-62,240,450,60,621,3,437,2466228
fd00::20d:d:d:d,19,0,0,208,227,2476189,229,223,60,12,18446744073709551353,100,-62,241,452,60,594,3,177,2476783
fd00::20d:d:d:d,19,0,0,208,227,2486771,230,223,60,12,18446744073709551353,100,-62,242,453,60,612,3,177,2487383
fd00::20d:d:d:d,19,0,0,208,227,2497353,231,224,60,12,55,100,-62,243,455,60,564,3,323,2497917
fd00::20d:d:d:d,19,0,0,208,227,2507935,232,224,60,12,55,100,-62,244,456,60,606,3,323,2508541
fd00::20d:d:d:d,19,0,0,208,227,2518517,233,225,60,12,18446744073709551609,100,-62,245,458,60,600,3,294,2519117
fd00::20d:d:d:d,19,0,0,208,227,2529099,234,226,60,12,277,100,-62,246,460,60,598,3,457,2529697
fd00::20d:d:d:d,19,0,0,208,227,2539681,235,227,60,12,105,100,-62,248,462,60,786,3,377,2540467
fd00::20d:d:d:d,19,0,0,208,227,2550263,236,229,60,12,180,100,-62,249,465,60,721,3,442,2550984
fd00::20d:d:d:d,19,0,0,208,227,2560845,237,230,60,12,49,100,-62,250,467,60,624,3,354,2561469
fd00::20d:d:d:d,19,0,0,208,227,2571427,238,231,60,12,18446744073709551454,100,-62,251,469,60,639,3,270,2572066
fd00::20d:d:d:d,19,0,0,208,227,2582009,239,232,60,12,2,100,-62,252,471,60,659,3,317,2582668
fd00::20d:d:d:d,19,0,0,208,227,2592591,240,233,60,12,18446744073709551613,100,-62,253,473,60,598,3,348,2593189
fd00::20d:d:d:d,19,0,0,208,227,2603173,241,234,60,12,34,100,-62,254,475,60,631,3,378,2603804
fd00::20d:d:d:d,19,0,0,208,227,2613755,242,235,60,12,24,100,-62,255,477,60,607,3,366,2614362
fd00::20d:d:d:d,19,0,0,208,227,2624337,243,236,60,12,18446744073709551511,100,-62,256,479,60,614,3,295,2624951
fd00::20d:d:d:d,19,0,0,208,227,2634919,244,237,60,12,52,100,-62,257,481,60,580,3,336,2635499
fd00::20d:d:d:d,19,0,0,208,227,2645501,245,238,60,12,45,100,-62,258,483,60,574,3,319,2646075
fd00::20d:d:d:d,19,0,0,208,227,2656083,246,239,60,12,53,100,-62,259,485,60,634,3,379,2656717
fd00::20d:d:d:d,19,0,0,208,227,2666665,247,240,60,12,18446744073709551463,100,-62,260,487,60,640,3,233,2667305
fd00::20d:d:d:d,19,0,0,208,227,2677247,248,241,60,12,100,100,-62,261,489,60,573,3,357,2677820
fd00::20d:d:d:d,19,0,0,208,227,2687829,249,242,60,12,250,100,-62,262,491,60,622,3,428,2688451
fd00::20d:d:d:d,19,0,0,208,227,2698411,250,243,60,12,18446744073709551598,100,-62,263,493,60,622,3,287,2699033
fd00::20d:d:d:d,19,0,0,208,227,2708993,251,244,60,12,18446744073709551490,100,-62,264,495,60,569,3,210,2709562
fd00::20d:d:d:d,19,0,0,208,227,2719575,252,245,60,12,51,100,-62,266,497,60,741,3,320,2720316
fd00::20d:d:d:d,19,0,0,208,227,2730157,253,247,60,12,18446744073709551513,100,-62,267,500,60,612,3,278,2730769
fd00::20d:d:d:d,19,0,0,208,227,2740739,254,248,60,12,262,100,-62,268,502,60,628,3,483,2741367
fd00::20d:d:d:d,19,0,0,208,227,2751321,255,249,60,12,95,100,-62,269,504,60,603,3,404,2751924
fd00::20d:d:d:d,19,0,0,208,227,2761903,256,250,60,12,348,100,-62,270,506,60,616,3,482,2762519
fd00::20d:d:d:d,19,0,0,208,227,2772485,257,251,60,12,58,100,-62,271,508,60,605,3,353,2773090
fd00::20d:d:d:d,19,0,0,208,227,2783067,258,252,60,12,29,100,-62,272,510,60,640,3,331,2783707
fd00::20d:d:d:d,19,0,0,208,227,2793649,259,253,60,12,18446744073709551610,100,-62,273,512,60,577,3,352,2794226
fd00::20d:d:d:d,19,0,0,208,227,2804231,260,254,60,12,18446744073709551608,100,-62,274,514,60,616,3,309,2804847
fd00::20d:d:d:d,19,0,0,208,227,2814813,261,255,60,12,2,100,-62,275,516,60,605,3,306,2815418
fd00::20d:d:d:d,19,0,0,208,227,2825395,262,256,60,12,18446744073709551486,100,-62,276,518,60,697,3,228,2826092
fd00::20d:d:d:d,19,0,0,208,227,2835977,263,257,60,12,135,100,-62,277,520,60,635,3,378,2836612
fd00::20d:d:d:d,19,0,0,208,227,2846559,264,258,60,12,48,100,-62,278,522,60,627,3,335,2847186
fd00::20d:d:d:d,19,0,0,208,227,2857141,265,259,60,12,18446744073709551517,100,-62,279,524,60,566,3,257,2857707
fd00::20d:d:d:d,19,0,0,208,227,2867723,266,260,60,12,18446744073709551556,100,-62,280,526,60,597,3,296,2868320
fd00::20d:d:d:d,19,0,0,208,227,2878305,267,261,60,12,18446744073709551460,100,-62,281,528,60,572,3,327,2878877
fd00::20d:d:d:d,19,0,0,207,226,2888887,268,262,60,12,18446744073709551376,100,-62,282,530,60,573,3,238,2889460
fd00::20d:d:d:d,19,0,0,208,227,2910051,270,265,60,12,18446744073709551544,100,-62,285,534,60,622,3,267,2910673
fd00::20d:d:d:d,19,0,0,208,227,2920633,271,266,60,12,18446744073709551603,100,-62,286,536,60,649,3,316,2921282
fd00::20d:d:d:d,19,0,0,208,227,2931215,272,267,60,12,39,100,-62,287,538,60,566,3,316,2931781
fd00::20d:d:d:d,19,0,0,208,227,2941797,273,267,60,12,39,100,-62,288,539,60,593,3,316,2942390
fd00::20d:d:d:d,19,0,0,208,227,2952379,274,268,60,12,18446744073709551605,100,-62,289,541,60,600,3,309,2952979
fd00::20d:d:d:d,19,0,0,208,227,2962961,275,269,60,12,18446744073709551441,100,-62,290,543,60,613,3,273,2963574
fd00::20d:d:d:d,19,0,0,208,227,2973543,276,269,60,12,18446744073709551441,100,-62,291,544,60,606,3,273,2974149
fd00::20d:d:d:d,19,0,0,208,227,2984125,277,269,60,12,18446744073709551441,100,-62,292,545,60,642,3,273,2984767
fd00::20d:d:d:d,19,0,0,208,227,2994707,278,270,60,12,39,100,-62,293,547,60,578,3,334,2995285
fd00::20d:d:d:d,19,0,0,208,227,3005289,279,271,60,12,18446744073709551567,100,-62,294,549,60,616,3,292,3005905
fd00::20d:d:d:d,19,0,0,208,227,3015871,280,272,60,12,53,100,-62,295,551,60,638,3,327,3016509
fd00::20d:d:d:d,19,0,0,208,227,3026453,281,273,60,12,18446744073709551567,100,-62,296,553,60,602,3,349,3027055
fd00::20d:d:d:d,19,0,0,208,227,3037035,282,274,60,12,94,100,-62,297,555,60,604,3,340,3037639
fd00::20d:d:d:d,19,0,0,208,227,3047617,283,275,60,12,92,100,-62,298,557,60,636,3,382,3048253
fd00::20d:d:d:d,19,0,0,208,227,3058199,284,276,60,12,77,100,-62,299,559,60,586,3,362,3058785
fd00::20d:d:d:d,19,0,0,208,227,3068781,285,277,60,12,165,100,-62,300,561,60,610,3,411,3069391
fd00::20d:d:d:d,19,0,0,208,227,3079363,286,278,60,12,18446744073709551594,100,-62,301,563,60,617,3,368,3079980
fd00::20d:d:d:d,19,0,0,208,227,3089945,287,279,60,12,128,100,-62,303,565,60,637,3,387,3090582
fd00::20d:d:d:d,19,0,0,208,227,3100527,288,279,60,12,128,100,-62,304,566,60,640,3,387,3101167
fd00::20d:d:d:d,19,0,0,208,227,3111109,289,280,60,12,68,100,-62,305,568,60,616,3,394,3111725
fd00::20d:d:d:d,19,0,0,208,227,3121691,290,281,60,12,96,100,-62,306,570,60,575,3,375,3122266
fd00::20d:d:d:d,19,0,0,208,227,3132273,291,282,60,12,309,100,-62,307,572,60,595,3,452,3132868
fd00::20d:d:d:d,19,0,0,208,227,3142855,292,283,60,12,18446744073709551381,100,-62,308,574,60,605,3,262,3143460
fd00::20d:d:d:d,19,0,0,208,227,3153437,293,283,60,12,18446744073709551381,100,-62,309,575,60,618,3,262,3154055
fd00::20d:d:d:d,19,0,0,208,227,3164019,294,284,60,12,195,100,-62,310,577,60,630,3,438,3164649
fd00::20d:d:d:d,19,0,0,208,227,3174601,295,285,60,12,9,100,-62,311,579,60,558,3,384,3175159
fd00::20d:d:d:d,19,0,0,208,227,3185183,296,286,60,12,18446744073709551424,100,-62,312,581,60,663,3,214,3185846
fd00::20d:d:d:d,19,0,0,208,227,3195765,297,286,60,12,18446744073709551424,100,-62,313,582,60,644,3,214,3196409
fd00::20d:d:d:d,19,0,0,208,227,3206347,298,287,60,12,71,100,-62,314,584,60,601,3,334,3206948
fd00::20d:d:d:d,19,0,0,208,227,3216929,299,288,60,12,46,100,-62,315,586,60,635,3,376,3217564
fd00::20d:d:d:d,19,0,0,208,227,3227511,300,289,60,12,18446744073709551484,100,-62,316,588,60,595,3,226,3228106
fd00::20d:d:d:d,19,0,0,208,227,3238093,301,290,60,12,18446744073709551602,100,-62,317,590,60,583,3,343,3238676
fd00::20d:d:d:d,19,0,0,208,227,3248675,302,291,60,12,18446744073709551446,100,-62,318,592,60,620,3,257,3249295
fd00::20d:d:d:d,19,0,0,208,227,3259257,303,292,60,12,120,100,-62,319,594,60,569,3,384,3259826
fd00::20d:d:d:d,19,0,0,208,227,3269839,304,293,60,12,175,100,-62,321,596,60,980,3,394,3270819
fd00::20d:d:d:d,19,0,0,207,226,3280421,305,295,60,12,18446744073709551543,100,-62,322,599,60,660,3,283,3281081
fd00::20d:d:d:d,19,0,0,208,227,3291003,306,296,60,12,18446744073709551588,100,-62,323,601,60,642,3,278,3291645
fd00::20d:d:d:d,19,0,0,208,227,3301585,307,297,60,12,146,100,-62,324,603,60,635,3,393,3302220
fd00::20d:d:d:d,19,0,0,208,227,3312167,308,297,60,12,146,100,-62,325,604,60,574,3,393,3312741
fd00::20d:d:d:d,19,0,0,208,227,3322749,309,298,60,12,18446744073709551417,100,-62,326,606,60,605,3,348,3323354
fd00::20d:d:d:d,19,0,0,208,227,3333331,310,299,60,12,353,100,-62,327,608,60,613,3,491,3333944
fd00::20d:d:d:d,19,0,0,208,227,3343913,311,300,60,12,58,100,-62,328,610,60,601,3,402,3344514
fd00::20d:d:d:d,19,0,0,208,227,3354495,312,301,60,12,3,100,-62,329,612,60,611,3,328,3355106
fd00::20d:d:d:d,19,0,0,208,227,3365077,313,302,60,12,18446744073709551505,100,-62,330,614,60,619,3,244,3365696
fd00::20d:d:d:d,19,0,0,208,227,3375659,314,303,60,12,18446744073709551530,100,-62,331,616,60,598,3,290,3376257
fd00::20d:d:d:d,19,0,0,208,227,3386241,315,304,60,12,48,100,-62,332,618,60,672,3,384,3386913
fd00::20d:d:d:d,19,0,0,208,227,3396823,316,305,60,12,75,100,-62,333,620,60,580,3,425,3397403
fd00::20d:d:d:d,19,0,0,208,227,3407405,317,306,60,12,65,100,-62,334,622,60,584,3,359,3407989
fd00::20d:d:d:d,19,0,0,208,227,3417987,318,306,60,12,65,100,-62,335,623,60,609,3,359,3418596
fd00::20d:d:d:d,19,0,0,208,227,3428569,319,307,60,12,18446744073709551518,100,-62,336,625,60,643,3,301,3429212
fd00::20d:d:d:d,19,0,0,208,227,3439151,320,308,60,12,38,100,-62,337,627,60,580,3,321,3439731
fd00::20d:d:d:d,19,0,0,208,227,3449733,321,308,60,12,38,100,-62,339,628,60,744,3,321,3450477
fd00::20d:d:d:d,19,0,0,208,227,3460315,322,310,60,12,56,100,-62,340,631,60,562,3,381,3460877
fd00::20d:d:d:d,19,0,0,208,227,3470897,323,311,60,12,18446744073709551421,100,-62,341,633,60,635,3,278,3471532
fd00::20d:d:d:d,19,0,0,208,227,3481479,324,311,60,12,18446744073709551421,100,-62,342,634,60,635,3,278,3482114
fd00::20d:d:d:d,19,0,0,208,227,3492061,325,312,60,12,36,100,-62,343,636,60,628,3,344,3492689
fd00::20d:d:d:d,19,0,0,208,227,3502643,326,313,60,12,18446744073709551487,100,-62,344,638,60,578,3,284,3503221
fd00::20d:d:d:d,19,0,0,208,227,3513225,327,314,60,12,18446744073709551576,100,-62,345,640,60,590,3,298,3513815
fd00::20d:d:d:d,19,0,0,208,227,3523807,328,315,60,12,90,100,-62,346,642,60,564,3,326,3524371
fd00::20d:d:d:d,19,0,0,208,227,3534389,329,316,60,12,133,100,-62,347,644,60,561,3,364,3534950
fd00::20d:d:d:d,19,0,0,208,227,3544971,330,316,60,12,133,100,-62,348,645,60,591,3,364,3545562
fd00::20d:d:d:d,19,0,0,208,227,3555553,331,317,60,12,85,100,-62,349,647,60,598,3,404,3556151
fd00::20d:d:d:d,19,0,0,208,227,3566135,332,318,60,12,352,100,-62,350,649,60,618,3,484,3566753
fd00::20d:d:d:d,19,0,0,208,227,3576717,333,319,60,12,47,100,-62,351,651,60,597,3,326,3577314
fd00::20d:d:d:d,19,0,0,208,227,3587299,334,319,60,12,47,100,-62,352,652,60,616,3,326,3587915
fd00::20d:d:d:d,19,0,0,208,227,3597881,335,320,60,12,18446744073709551568,100,-62,353,654,60,598,3,286,3598479
fd00::20e:e:e:e,77,0,0,844,921,42893,1,0,60,0,0,0,0,0,1,60,185,2,0,43078
fd00::20e:e:e:e,19,0,0,210,229,53616,2,1,60,12,96,100,-83,1,3,60,160,2,148,53776
fd00::20e:e:e:e,19,0,0,211,230,64339,3,2,60,12,175,100,-83,2,5,60,152,2,229,64491
fd00::20e:e:e:e,19,0,0,211,230,75062,4,2,60,12,175,100,-83,3,6,60,155,2,229,75217
fd00::20e:e:e:e,19,0,0,211,230,85785,5,2,60,12,175,100,-83,4,7,60,142,2,229,85927
fd00::20e:e:e:e,19,0,0,210,229,96508,6,3,60,12,110,100,-83,5,9,60,115,2,246,96623
fd00::20e:e:e:e,19,0,0,211,230,107231,7,4,60,12,167,100,-83,6,11,60,140,2,237,107371
fd00::20e:e:e:e,19,0,0,211,230,117954,8,5,60,12,142,100,-83,7,13,60,131,2,153,118085
fd00::20e:e:e:e,19,0,0,211,230,128677,9,6,60,12,156,100,-83,8,15,60,129,2,245,128806
fd00::20e:e:e:e,19,0,0,210,229,139400,10,7,60,12,383,100,-83,9,17,60,158,2,305,139558
fd00::20e:e:e:e,19,0,0,210,229,150123,11,8,60,12,99,100,-83,11,19,60,655,2,235,150778
fd00::20e:e:e:e,19,0,0,210,229,160846,12,10,60,12,260,100,-83,12,22,60,157,2,332,161003
fd00::20e:e:e:e,19,0,0,210,229,171569,13,11,60,12,226,100,-83,13,24,60,150,2,229,171719
fd00::20e:e:e:e,19,0,0,211,230,182292,14,11,60,12,226,100,-83,14,25,60,149,2,229,182441
fd00::20e:e:e:e,19,0,0,211,230,193015,15,11,60,12,226,100,-83,15,26,60,167,2,229,193182
fd00::20e:e:e:e,19,0,0,210,229,203738,16,12,60,12,179,100,-83,16,28,60,102,2,223,203840
fd00::20e:e:e:e,19,0,0,211,230,214461,17,13,60,12,450,100,-83,17,30,60,123,2,307,214584
fd00::20e:e:e:e,19,0,0,210,229,225184,18,14,60,12,170,100,-83,18,32,60,160,2,333,225344
fd00::20e:e:e:e,19,0,0,211,230,235907,19,15,60,12,339,100,-83,19,34,60,149,2,296,236056
fd00::20e:e:e:e,19,0,0,210,229,246630,20,16,60,12,161,100,-83,20,36,60,143,2,222,246773
fd00::20e:e:e:e,19,0,0,210,229,257353,21,17,60,12,275,100,-83,21,38,60,136,2,279,257489
fd00::20e:e:e:e,19,0,0,210,229,268076,22,18,60,12,215,100,-83,22,40,60,154,2,260,268230
fd00::20e:e:e:e,19,0,0,211,230,278799,23,19,60,12,417,100,-83,23,42,60,136,2,269,278935
fd00::20e:e:e:e,19,0,0,210,229,289522,24,20,60,12,174,100,-83,24,44,60,138,2,286,289660
fd00::20e:e:e:e,19,0,0,211,230,300245,25,21,60,12,221,100,-83,26,46,60,238,2,194,300483
fd00::20e:e:e:e,19,0,0,210,229,310968,26,23,60,12,162,100,-83,27,49,60,153,2,157,311121
fd00::20e:e:e:e,19,0,0,210,229,321691,27,24,60,12,62,100,-83,28,51,60,142,2,139,321833
fd00::20e:e:e:e,19,0,0,211,230,332414,28,25,60,12,606,100,-83,29,53,60,137,2,362,332551
fd00::20e:e:e:e,19,0,0,211,230,343137,29,25,60,12,606,100,-83,30,54,60,184,2,362,343321
fd00::20e:e:e:e,19,0,0,210,229,353860,30,26,60,12,271,100,-83,31,56,60,185,2,325,354045
fd00::20e:e:e:e,19,0,0,210,229,364583,31,27,60,12,169,100,-83,32,58,60,159,2,275,364742
fd00::20e:e:e:e,19,0,0,210,229,375306,32,28,60,12,230,100,-83,33,60,60,159,2,336,375465
fd00::20e:e:e:e,19,0,0,211,230,386029,33,29,60,12,609,100,-83,34,62,60,182,2,384,386211
fd00::20e:e:e:e,19,0,0,211,230,396752,34,30,60,12,202,100,-83,35,64,60,183,2,180,396935
fd00::20e:e:e:e,19,0,0,210,229,407475,35,31,60,12,91,100,-83,36,66,60,113,2,277,407588
fd00::20e:e:e:e,19,0,0,211,230,418198,36,32,60,12,192,100,-83,37,68,60,161,2,182,418359
fd00::20e:e:e:e,19,0,0,211,230,428921,37,32,60,12,192,100,-83,38,69,60,172,2,182,429093
fd00::20e:e:e:e,19,0,0,211,230,439644,38,33,60,12,228,100,-83,39,71,60,129,2,247,439773
fd00::20e:e:e:e,19,0,0,210,229,450367,39,34,60,12,253,100,-83,41,73,60,225,2,221,450592
fd00::20e:e:e:e,19,0,0,210,229,461090,40,36,60,12,188,100,-83,42,76,60,141,2,220,461231
fd00::20e:e:e:e,19,0,0,211,230,471813,41,37,60,12,149,100,-83,43,78,60,146,2,308,471959
fd00::20e:e:e:e,19,0,0,211,230,482536,42,38,60,12,418,100,-83,44,80,60,147,2,353,482683
fd00::20e:e:e:e,19,0,0,211,230,493259,43,39,60,12,442,100,-83,45,82,60,170,2,338,493429
fd00::20e:e:e:e,19,0,0,211,230,503982,44,40,60,12,93,100,-83,46,84,60,170,2,126,504152
fd00::20e:e:e:e,19,0,0,210,229,514705,45,41,60,12,174,100,-83,47,86,60,142,2,256,514847
fd00::20e:e:e:e,19,0,0,211,230,525428,46,42,60,12,156,100,-83,48,88,60,173,2,167,525601
fd00::20e:e:e:e,19,0,0,211,230,536151,47,42,60,12,156,100,-83,49,89,60,182,2,167,536333
fd00::20e:e:e:e,19,0,0,211,230,546874,48,43,60,12,75,100,-83,50,91,60,160,2,144,547034
fd00::20e:e:e:e,19,0,0,211,230,557597,49,44,60,12,347,100,-83,51,93,60,128,2,281,557725
fd00::20e:e:e:e,19,0,0,211,230,568320,50,45,60,12,347,100,-83,52,95,60,118,2,359,568438
fd00::20e:e:e:e,19,0,0,211,230,579043,51,46,60,12,252,100,-83,53,97,60,122,2,237,579165
fd00::20e:e:e:e,19,0,0,211,230,589766,52,46,60,12,252,100,-83,54,98,60,169,2,237,589935
fd00::20e:e:e:e,19,0,0,210,229,600489,53,48,60,12,161,100,-83,56,101,60,202,2,224,600691
fd00::20e:e:e:e,19,0,0,210,229,611212,54,48,60,12,161,100,-83,57,102,60,134,2,224,611346
fd00::20e:e:e:e,19,0,0,211,230,621935,55,48,60,12,161,100,-83,58,103,60,175,2,224,622110
fd00::20e:e:e:e,19,0,0,210,229,632658,56,49,60,12,144,100,-83,59,105,60,175,2,269,632833
fd00::20e:e:e:e,19,0,0,210,229,643381,57,50,60,12,224,100,-83,60,107,60,164,2,324,643545
fd00::20e:e:e:e,19,0,0,211,230,654104,58,51,60,12,260,100,-83,61,109,60,147,2,216,654251
fd00::20e:e:e:e,19,0,0,210,229,664827,59,52,60,12,257,100,-83,62,111,60,152,2,212,664979
fd00::20e:e:e:e,19,0,0,211,230,675550,60,53,60,12,181,100,-83,63,113,60,168,2,199,675718
fd00::20e:e:e:e,19,0,0,211,230,686273,61,54,60,12,348,100,-83,64,115,60,134,2,303,686407
fd00::20e:e:e:e,19,0,0,211,230,696996,62,54,60,12,348,100,-83,65,116,60,139,2,303,697135
fd00::20e:e:e:e,19,0,0,210,229,707719,63,55,60,12,336,100,-83,66,118,60,182,2,312,707901
fd00::20e:e:e:e,19,0,0,211,230,718442,64,56,60,12,239,100,-83,67,120,60,177,2,253,718619
fd00::20e:e:e:e,19,0,0,210,229,729165,65,57,60,12,314,100,-83,68,122,60,115,2,306,729280
fd00::20e:e:e:e,19,0,0,211,230,739888,66,58,60,12,194,100,-83,70,124,60,235,2,159,740123
fd00::20e:e:e:e,19,0,0,210,229,750611,67,60,60,12,310,100,-83,71,127,60,257,2,304,750868
fd00::20e:e:e:e,19,0,0,210,229,761334,68,61,60,12,202,100,-83,72,129,60,162,2,195,761496
fd00::20e:e:e:e,19,0,0,211,230,772057,69,61,60,12,202,100,-83,73,130,60,131,2,195,772188
fd00::20e:e:e:e,19,0,0,211,230,782780,70,62,60,12,201,100,-83,74,132,60,122,2,340,782902
fd00::20e:e:e:e,19,0,0,210,229,793503,71,63,60,12,200,100,-83,75,134,60,135,2,190,793638
fd00::20e:e:e:e,19,0,0,211,230,804226,72,64,60,12,520,100,-83,76,136,60,136,2,395,804362
fd00::20e:e:e:e,19,0,0,210,229,814949,73,65,60,12,123,100,-83,77,138,60,184,2,308,815133
fd00::20e:e:e:e,19,0,0,210,229,825672,74,66,60,12,248,100,-83,78,140,60,167,2,221,825839
fd00::20e:e:e:e,19,0,0,211,230,836395,75,66,60,12,248,100,-83,79,141,60,163,2,221,836558
fd00::20e:e:e:e,19,0,0,211,230,847118,76,67,60,12,176,100,-83,80,143,60,139,2,353,847257
fd00::20e:e:e:e,19,0,0,210,229,857841,77,68,60,12,130,100,-83,81,145,60,131,2,139,857972
fd00::20e:e:e:e,19,0,0,211,230,868564,78,69,60,12,449,100,-83,82,147,60,136,2,352,868700
fd00::20e:e:e:e,19,0,0,210,229,879287,79,70,60,12,236,100,-83,83,149,60,140,2,234,879427
fd00::20e:e:e:e,19,0,0,210,229,890010,80,71,60,12,180,100,-83,85,151,60,410,2,302,890420
fd00::20e:e:e:e,19,0,0,210,229,900733,81,72,60,12,272,100,-83,86,153,60,159,2,361,900892
fd00::20e:e:e:e,19,0,0,210,229,911456,82,73,60,12,159,100,-83,87,155,60,182,2,255,911638
fd00::20e:e:e:e,19,0,0,211,230,922179,83,74,60,12,178,100,-83,88,157,60,133,2,158,922312
fd00::20e:e:e:e,19,0,0,210,229,932902,84,75,60,12,230,100,-83,89,159,60,117,2,204,933019
fd00::20e:e:e:e,19,0,0,210,229,943625,85,76,60,12,69,100,-83,90,161,60,180,2,124,943805
fd00::20e:e:e:e,19,0,0,211,230,954348,86,77,60,12,127,100,-83,91,163,60,169,2,143,954517
fd00::20e:e:e:e,19,0,0,210,229,965071,87,78,60,12,191,100,-83,92,165,60,172,2,206,965243
fd00::20e:e:e:e,19,0,0,210,229,975794,88,79,60,12,281,100,-83,93,167,60,196,2,234,975990
fd00::20e:e:e:e,19,0,0,210,229,986517,89,80,60,12,39,100,-83,94,169,60,121,2,176,986638
fd00::20e:e:e:e,19,0,0,211,230,997240,90,81,60,12,86,100,-83,95,171,60,173,2,296,997413
fd00::20e:e:e:e,19,0,0,211,230,1007963,91,82,60,12,315,100,-83,96,173,60,132,2,261,1008095
fd00::20e:e:e:e,19,0,0,211,230,1018686,92,83,60,12,129,100,-83,97,175,60,146,2,163,1018832
fd00::20e:e:e:e,19,0,0,211,230,1029409,93,84,60,12,112,100,-83,98,177,60,158,2,135,1029567
fd00::20e:e:e:e,19,0,0,211,230,1040132,94,85,60,12,76,100,-83,100,179,60,171,2,208,1040303
fd00::20e:e:e:e,19,0,0,211,230,1050855,95,85,60,12,76,100,-83,101,180,60,144,2,208,1050999
fd00::20e:e:e:e,19,0,0,210,229,1061578,96,86,60,12,211,100,-83,102,182,60,148,2,220,1061726
fd00::20e:e:e:e,19,0,0,211,230,1072301,97,87,60,12,180,100,-83,103,184,60,120,2,232,1072421
fd00::20e:e:e:e,19,0,0,210,229,1083024,98,88,60,12,159,100,-83,104,186,60,122,2,296,1083146
fd00::20e:e:e:e,19,0,0,211,230,1093747,99,88,60,12,159,100,-83,105,187,60,93,2,296,1093840
fd00::20e:e:e:e,19,0,0,211,230,1104470,100,89,60,12,379,100,-83,106,189,60,175,2,380,1104645
fd00::20e:e:e:e,19,0,0,211,230,1115193,101,90,60,12,271,100,-83,107,191,60,133,2,231,1115326
fd00::20e:e:e:e,19,0,0,210,229,1125916,102,91,60,12,368,100,-83,108,193,60,169,2,349,1126085
fd00::20e:e:e:e,19,0,0,211,230,1136639,103,92,60,12,150,100,-83,109,195,60,179,2,219,1136818
fd00::20e:e:e:e,19,0,0,211,230,1147362,104,93,60,12,227,100,-83,110,197,60,166,2,188,1147528
fd00::20e:e:e:e,19,0,0,210,229,1158085,105,94,60,12,102,100,-83,111,199,60,191,2,245,1158276
fd00::20e:e:e:e,19,0,0,211,230,1168808,106,95,60,12,106,100,-83,112,201,60,158,2,117,1168966
fd00::20e:e:e:e,19,0,0,210,229,1179531,107,96,60,12,297,100,-83,113,203,60,168,2,256,1179699
fd00::20e:e:e:e,19,0,0,210,229,1190254,108,98,60,12,152,100,-83,115,206,60,435,2,313,1190689
fd00::20e:e:e:e,19,0,0,210,229,1200977,109,99,60,12,176,100,-83,116,208,60,175,2,169,1201152
fd00::20e:e:e:e,19,0,0,210,229,1211700,110,100,60,12,138,100,-83,117,210,60,117,2,304,1211817
fd00::20e:e:e:e,19,0,0,211,230,1222423,111,100,60,12,138,100,-83,118,211,60,164,2,304,1222587
fd00::20e:e:e:e,19,0,0,211,230,1233146,112,101,60,12,141,100,-83,119,213,60,218,2,210,1233364
fd00::20e:e:e:e,19,0,0,210,229,1243869,113,102,60,12,309,100,-83,120,215,60,224,2,224,1244093
fd00::20e:e:e:e,19,0,0,210,229,1254592,114,103,60,12,118,100,-83,121,217,60,151,2,106,1254743
fd00::20e:e:e:e,19,0,0,211,230,1265315,115,104,60,12,252,100,-83,122,219,60,159,2,294,1265474
fd00::20e:e:e:e,19,0,0,210,229,1276038,116,105,60,12,178,100,-83,123,221,60,149,2,310,1276187
fd00::20e:e:e:e,19,0,0,211,230,1286761,117,106,60,12,51,100,-83,124,223,60,153,2,179,1286914
fd00::20e:e:e:e,19,0,0,210,229,1297484,118,107,60,12,135,100,-83,125,225,60,205,2,161,1297689
fd00::20e:e:e:e,19,0,0,210,229,1308207,119,108,60,12,59,100,-83,126,227,60,155,2,228,1308362
fd00::20e:e:e:e,19,0,0,211,230,1318930,120,109,60,12,282,100,-83,127,229,60,147,2,211,1319077
fd00::20e:e:e:e,19,0,0,210,229,1329653,121,110,60,12,118,100,-83,128,231,60,147,2,250,1329800
fd00::20e:e:e:e,19,0,0,210,229,1340376,122,112,60,12,129,100,-83,130,234,60,315,2,155,1340691
fd00::20e:e:e:e,19,0,0,210,229,1351099,123,113,60,12,98,100,-83,131,236,60,144,2,277,1351243
fd00::20e:e:e:e,19,0,0,211,230,1361822,124,114,60,12,173,100,-83,132,238,60,180,2,150,1362002
fd00::20e:e:e:e,19,0,0,210,229,1372545,125,115,60,12,167,100,-83,133,240,60,192,2,246,1372737
fd00::20e:e:e:e,19,0,0,211,230,1383268,126,115,60,12,167,100,-83,134,241,60,167,2,246,1383435
fd00::20e:e:e:e,19,0,0,211,230,1393991,127,115,60,12,167,100,-83,135,242,60,134,2,246,1394125
fd00::20e:e:e:e,19,0,0,211,230,1404714,128,115,60,12,167,100,-83,136,243,60,138,2,246,1404852
fd00::20e:e:e:e,19,0,0,211,230,1415437,129,116,60,12,405,100,-83,137,245,60,151,2,272,1415588
fd00::20e:e:e:e,19,0,0,211,230,1426160,130,116,60,12,405,100,-83,138,246,60,209,2,272,1426369
fd00::20e:e:e:e,19,0,0,210,229,1436883,131,117,60,12,240,100,-83,139,248,60,216,2,231,1437099
fd00::20e:e:e:e,19,0,0,210,229,1447606,132,118,60,12,186,100,-83,140,250,60,191,2,192,1447797
fd00::20e:e:e:e,19,0,0,210,229,1458329,133,119,60,12,37,100,-83,141,252,60,153,2,118,1458482
fd00::20e:e:e:e,19,0,0,210,229,1469052,134,120,60,12,328,100,-83,142,254,60,160,2,270,1469212
fd00::20e:e:e:e,19,0,0,211,230,1479775,135,120,60,12,328,100,-83,143,255,60,165,2,270,1479940
fd00::20e:e:e:e,19,0,0,211,230,1490498,136,121,60,12,196,100,-83,145,257,60,353,2,243,1490851
fd00::20e:e:e:e,19,0,0,210,229,1501221,137,121,60,12,196,100,-83,146,258,60,153,2,243,1501374
fd00::20e:e:e:e,19,0,0,211,230,1511944,138,121,60,12,196,100,-83,147,259,60,162,2,243,1512106
fd00::20e:e:e:e,19,0,0,211,230,1522667,139,122,60,12,278,100,-83,148,261,60,206,2,209,1522873
fd00::20e:e:e:e,19,0,0,210,229,1533390,140,123,60,12,197,100,-83,149,263,60,166,2,172,1533556
fd00::20e:e:e:e,19,0,0,211,230,1544113,141,124,60,12,105,100,-83,150,265,60,139,2,251,1544252
fd00::20e:e:e:e,19,0,0,211,230,1554836,142,125,60,12,210,100,-83,151,267,60,132,2,260,1554968
fd00::20e:e:e:e,19,0,0,211,230,1565559,143,126,60,12,143,100,-83,152,269,60,135,2,168,1565694
fd00::20e:e:e:e,19,0,0,211,230,1576282,144,127,60,12,140,100,-83,153,271,60,146,2,201,1576428
fd00::20e:e:e:e,19,0,0,211,230,1587005,145,127,60,12,140,100,-83,154,272,60,176,2,201,1587181
fd00::20e:e:e:e,19,0,0,211,230,1597728,146,128,60,12,273,100,-83,155,274,60,169,2,265,1597897
fd00::20e:e:e:e,19,0,0,211,230,1608451,147,128,60,12,273,100,-83,156,275,60,167,2,265,1608618
fd00::20e:e:e:e,19,0,0,210,229,1619174,148,129,60,12,80,100,-83,157,277,60,158,2,179,1619332
fd00::20e:e:e:e,19,0,0,211,230,1629897,149,130,60,12,187,100,-83,159,279,60,130,2,177,1630027
fd00::20e:e:e:e,19,0,0,210,229,1640620,150,132,60,12,207,100,-83,160,282,60,176,2,234,1640796
fd00::20e:e:e:e,19,0,0,211,230,1651343,151,133,60,12,143,100,-83,161,284,60,153,2,150,1651496
fd00::20e:e:e:e,19,0,0,210,229,1662066,152,134,60,12,257,100,-83,162,286,60,144,2,236,1662210
fd00::20e:e:e:e,19,0,0,210,229,1672789,153,135,60,12,155,100,-83,163,288,60,154,2,226,1672943
fd00::20e:e:e:e,19,0,0,211,230,1683512,154,136,60,12,143,100,-83,164,290,60,180,2,182,1683692
fd00::20e:e:e:e,19,0,0,210,229,1694235,155,137,60,12,202,100,-83,165,292,60,117,2,248,1694352
fd00::20e:e:e:e,19,0,0,211,230,1704958,156,138,60,12,182,100,-83,166,294,60,141,2,206,1705099
fd00::20e:e:e:e,19,0,0,210,229,1715681,157,139,60,12,111,100,-83,167,296,60,126,2,131,1715807
fd00::20e:e:e:e,19,0,0,211,230,1726404,158,139,60,12,111,100,-83,168,297,60,166,2,131,1726570
fd00::20e:e:e:e,19,0,0,210,229,1737127,159,140,60,12,216,100,-83,169,299,60,123,2,215,1737250
fd00::20e:e:e:e,19,0,0,210,229,1747850,160,141,60,12,180,100,-83,170,301,60,176,2,230,1748026
fd00::20e:e:e:e,19,0,0,211,230,1758573,161,141,60,12,180,100,-83,171,302,60,178,2,230,1758751
fd00::20e:e:e:e,19,0,0,211,230,1769296,162,142,60,12,291,100,-83,172,304,60,141,2,276,1769437
fd00::20e:e:e:e,19,0,0,211,230,1780019,163,143,60,12,203,100,-83,174,306,60,672,2,174,1780691
fd00::20e:e:e:e,19,0,0,210,229,1790742,164,144,60,12,227,100,-83,175,308,60,161,2,295,1790903
fd00::20e:e:e:e,19,0,0,210,229,1801465,165,145,60,12,156,100,-83,176,310,60,125,2,222,1801590
fd00::20e:e:e:e,19,0,0,211,230,1812188,166,146,60,12,362,100,-83,177,312,60,156,2,335,1812344
fd00::20e:e:e:e,19,0,0,211,230,1822911,167,147,60,12,205,100,-83,178,314,60,158,2,177,1823069
fd00::20e:e:e:e,19,0,0,210,229,1833634,168,148,60,12,222,100,-83,179,316,60,137,2,221,1833771
fd00::20e:e:e:e,19,0,0,210,229,1844357,169,149,60,12,195,100,-83,180,318,60,158,2,258,1844515
fd00::20e:e:e:e,19,0,0,211,230,1855080,170,150,60,12,156,100,-83,181,320,60,148,2,143,1855228
fd00::20e:e:e:e,19,0,0,210,229,1865803,171,151,60,12,87,100,-83,182,322,60,153,2,207,1865956
fd00::20e:e:e:e,19,0,0,211,230,1876526,172,152,60,12,225,100,-83,183,324,60,145,2,224,1876671
fd00::20e:e:e:e,19,0,0,211,230,1887249,173,153,60,12,169,100,-83,184,326,60,163,2,173,1887412
fd00::20e:e:e:e,19,0,0,211,230,1897972,174,154,60,12,313,100,-83,185,328,60,134,2,262,1898106
fd00::20e:e:e:e,19,0,0,211,230,1908695,175,154,60,12,313,100,-83,186,329,60,160,2,262,1908855
fd00::20e:e:e:e,19,0,0,211,230,1919418,176,155,60,12,149,100,-83,187,331,60,93,2,158,1919511
fd00::20e:e:e:e,19,0,0,211,230,1930141,177,156,60,12,284,100,-83,189,333,60,205,2,210,1930346
fd00::20e:e:e:e,19,0,0,210,229,1940864,178,158,60,12,363,100,-83,190,336,60,177,2,243,1941041
fd00::20e:e:e:e,19,0,0,211,230,1951587,179,159,60,12,375,100,-83,191,338,60,152,2,282,1951739
fd00::20e:e:e:e,19,0,0,211,230,1962310,180,159,60,12,375,100,-83,192,339,60,134,2,282,1962444
fd00::20e:e:e:e,19,0,0,211,230,1973033,181,160,60,12,342,100,-83,193,341,60,174,2,256,1973207
fd00::20e:e:e:e,19,0,0,211,230,1983756,182,161,60,12,243,100,-83,194,343,60,190,2,283,1983946
fd00::20e:e:e:e,19,0,0,211,230,1994479,183,162,60,12,427,100,-83,195,345,60,122,2,269,1994601
fd00::20e:e:e:e,19,0,0,211,230,2005202,184,163,60,12,129,100,-83,196,347,60,163,2,203,2005365
fd00::20e:e:e:e,19,0,0,211,230,2015925,185,164,60,12,267,100,-83,197,349,60,186,2,249,2016111
fd00::20e:e:e:e,19,0,0,210,229,2026648,186,165,60,12,203,100,-83,198,351,60,130,2,181,2026778
fd00::20e:e:e:e,19,0,0,210,229,2037371,187,166,60,12,302,100,-83,199,353,60,163,2,272,2037534
fd00::20e:e:e:e,19,0,0,211,230,2048094,188,167,60,12,218,100,-83,200,355,60,121,2,264,2048215
fd00::20e:e:e:e,19,0,0,210,229,2058817,189,168,60,12,263,100,-83,201,357,60,134,2,260,2058951
fd00::20e:e:e:e,19,0,0,211,230,2069540,190,169,60,12,154,100,-83,202,359,60,130,2,158,2069670
fd00::20e:e:e:e,19,0,0,211,230,2080263,191,169,60,12,154,100,-83,204,360,60,319,2,158,2080582
fd00::20e:e:e:e,19,0,0,210,229,2090986,192,171,60,12,195,100,-83,205,363,60,160,2,150,2091146
fd00::20e:e:e:e,19,0,0,211,230,2101709,193,172,60,12,250,100,-83,206,365,60,150,2,195,2101859
fd00::20e:e:e:e,19,0,0,210,229,2112432,194,173,60,12,136,100,-83,207,367,60,138,2,163,2112570
fd00::20e:e:e:e,19,0,0,211,230,2123155,195,174,60,12,79,100,-83,208,369,60,139,2,125,2123294
fd00::20e:e:e:e,19,0,0,210,229,2133878,196,175,60,12,215,100,-83,209,371,60,145,2,176,2134023
fd00::20e:e:e:e,19,0,0,211,230,2144601,197,176,60,12,355,100,-83,210,373,60,153,2,278,2144754
fd00::20e:e:e:e,19,0,0,211,230,2155324,198,177,60,12,229,100,-83,211,375,60,178,2,192,2155502
fd00::20e:e:e:e,19,0,0,211,230,2166047,199,178,60,12,237,100,-83,212,377,60,190,2,184,2166237
fd00::20e:e:e:e,19,0,0,211,230,2176770,200,179,60,12,390,100,-83,213,379,60,99,2,261,2176869
fd00::20e:e:e:e,19,0,0,211,230,2187493,201,180,60,12,132,100,-83,214,381,60,166,2,130,2187659
fd00::20e:e:e:e,19,0,0,211,230,2198216,202,181,60,12,226,100,-83,215,383,60,130,2,211,2198346
fd00::20e:e:e:e,19,0,0,210,229,2208939,203,182,60,12,323,100,-83,216,385,60,134,2,271,2209073
fd00::20e:e:e:e,19,0,0,210,229,2219662,204,183,60,12,88,100,-83,217,387,60,202,2,241,2219864
fd00::20e:e:e:e,19,0,0,211,230,2230385,205,184,60,12,300,100,-83,219,389,60,155,2,222,2230540
fd00::20e:e:e:e,19,0,0,211,230,2241108,206,184,60,12,300,100,-83,220,390,60,161,2,222,2241269
fd00::20e:e:e:e,19,0,0,211,230,2251831,207,185,60,12,194,100,-83,221,392,60,135,2,315,2251966
fd00::20e:e:e:e,19,0,0,211,230,2262554,208,186,60,12,330,100,-83,222,394,60,178,2,298,2262732
fd00::20e:e:e:e,19,0,0,210,229,2273277,209,187,60,12,440,100,-83,223,396,60,129,2,331,2273406
fd00::20e:e:e:e,19,0,0,210,229,2284000,210,188,60,12,95,100,-83,224,398,60,190,2,144,2284190
fd00::20e:e:e:e,19,0,0,210,229,2294723,211,189,60,12,208,100,-83,225,400,60,122,2,200,2294845
fd00::20e:e:e:e,19,0,0,211,230,2305446,212,190,60,12,487,100,-83,226,402,60,120,2,334,2305566
fd00::20e:e:e:e,19,0,0,210,229,2316169,213,191,60,12,107,100,-83,227,404,60,139,2,213,2316308
fd00::20e:e:e:e,19,0,0,210,229,2326892,214,192,60,12,219,100,-83,228,406,60,151,2,244,2327043
fd00::20e:e:e:e,19,0,0,210,229,2337615,215,193,60,12,185,100,-83,229,408,60,113,2,256,2337728
fd00::20e:e:e:e,19,0,0,210,229,2348338,216,194,60,12,220,100,-83,230,410,60,160,2,198,2348498
fd00::20e:e:e:e,19,0,0,211,230,2359061,217,195,60,12,225,100,-83,231,412,60,137,2,229,2359198
fd00::20e:e:e:e,19,0,0,211,230,2369784,218,195,60,12,225,100,-83,232,413,60,148,2,229,2369932
fd00::20e:e:e:e,19,0,0,210,229,2380507,219,196,60,12,50,100,-83,234,415,60,193,2,156,2380700
fd00::20e:e:e:e,19,0,0,211,230,2391230,220,197,60,12,71,100,-83,235,417,60,166,2,263,2391396
fd00::20e:e:e:e,19,0,0,210,229,2401953,221,198,60,12,241,100,-83,236,419,60,113,2,297,2402066
fd00::20e:e:e:e,19,0,0,210,229,2412676,222,199,60,12,155,100,-83,237,421,60,139,2,273,2412815
fd00::20e:e:e:e,19,0,0,211,230,2423399,223,200,60,12,286,100,-83,238,423,60,134,2,292,2423533
fd00::20e:e:e:e,19,0,0,211,230,2434122,224,200,60,12,286,100,-83,239,424,60,186,2,292,2434308
fd00::20e:e:e:e,19,0,0,211,230,2444845,225,201,60,12,97,100,-83,240,426,60,217,2,124,2445062
fd00::20e:e:e:e,19,0,0,210,229,2455568,226,202,60,12,304,100,-83,241,428,60,175,2,252,2455743
fd00::20e:e:e:e,19,0,0,211,230,2466291,227,203,60,12,279,100,-83,242,430,60,174,2,240,2466465
fd00::20e:e:e:e,19,0,0,210,229,2477014,228,204,60,12,278,100,-83,243,432,60,177,2,202,2477191
fd00::20e:e:e:e,19,0,0,211,230,2487737,229,205,60,12,448,100,-83,244,434,60,165,2,293,2487902
fd00::20e:e:e:e,19,0,0,211,230,2498460,230,206,60,12,256,100,-83,245,436,60,154,2,218,2498614
fd00::20e:e:e:e,19,0,0,210,229,2509183,231,207,60,12,234,100,-83,246,438,60,176,2,230,2509359
fd00::20e:e:e:e,19,0,0,210,229,2519906,232,208,60,12,178,100,-83,248,440,60,298,2,196,2520204
fd00::20e:e:e:e,19,0,0,210,229,2530629,233,210,60,12,304,100,-83,249,443,60,152,2,318,2530781
fd00::20e:e:e:e,19,0,0,211,230,2541352,234,210,60,12,304,100,-83,250,444,60,165,2,318,2541517
fd00::20e:e:e:e,19,0,0,211,230,2552075,235,211,60,12,356,100,-83,251,446,60,183,2,430,2552258
fd00::20e:e:e:e,19,0,0,211,230,2562798,236,212,60,12,95,100,-83,252,448,60,159,2,168,2562957
fd00::20e:e:e:e,19,0,0,210,229,2573521,237,213,60,12,285,100,-83,253,450,60,124,2,261,2573645
fd00::20e:e:e:e,19,0,0,211,230,2584244,238,214,60,12,97,100,-83,254,452,60,166,2,133,2584410
fd00::20e:e:e:e,19,0,0,210,229,2594967,239,215,60,12,265,100,-83,255,454,60,124,2,278,2595091
fd00::20e:e:e:e,19,0,0,211,230,2605690,240,216,60,12,176,100,-83,256,456,60,151,2,350,2605841
fd00::20e:e:e:e,19,0,0,210,229,2616413,241,217,60,12,406,100,-83,257,458,60,116,2,295,2616529
fd00::20e:e:e:e,19,0,0,211,230,2627136,242,218,60,12,123,100,-83,258,460,60,169,2,213,2627305
fd00::20e:e:e:e,19,0,0,210,229,2637859,243,219,60,12,89,100,-83,259,462,60,147,2,246,2638006
fd00::20e:e:e:e,19,0,0,211,230,2648582,244,219,60,12,89,100,-83,260,463,60,112,2,246,2648694
fd00::20e:e:e:e,19,0,0,211,230,2659305,245,220,60,12,175,100,-83,261,465,60,150,2,237,2659455
fd00::20e:e:e:e,19,0,0,211,230,2670028,246,221,60,12,60,100,-83,263,467,60,350,2,116,2670378
fd00::20e:e:e:e,19,0,0,210,229,2680751,247,222,60,12,215,100,-83,264,469,60,135,2,213,2680886
fd00::20e:e:e:e,19,0,0,211,230,2691474,248,223,60,12,296,100,-83,265,471,60,141,2,233,2691615
fd00::20e:e:e:e,19,0,0,210,229,2702197,249,224,60,12,152,100,-83,266,473,60,156,2,131,2702353
fd00::20e:e:e:e,19,0,0,211,230,2712920,250,224,60,12,152,100,-83,267,474,60,97,2,131,2713017
fd00::20e:e:e:e,19,0,0,210,229,2723643,251,225,60,12,320,100,-83,268,476,60,166,2,248,2723809
fd00::20e:e:e:e,19,0,0,210,229,2734366,252,226,60,12,183,100,-83,269,478,60,136,2,250,2734502
fd00::20e:e:e:e,19,0,0,211,230,2745089,253,227,60,12,184,100,-83,270,480,60,142,2,145,2745231
fd00::20e:e:e:e,19,0,0,211,230,2755812,254,227,60,12,184,100,-83,271,481,60,156,2,145,2755968
fd00::20e:e:e:e,19,0,0,211,230,2766535,255,228,60,12,196,100,-83,272,483,60,174,2,179,2766709
fd00::20e:e:e:e,19,0,0,210,229,2777258,256,229,60,12,91,100,-83,273,485,60,143,2,177,2777401
fd00::20e:e:e:e,19,0,0,211,230,2787981,257,230,60,12,69,100,-83,274,487,60,125,2,122,2788106
fd00::20e:e:e:e,19,0,0,211,230,2798704,258,231,60,12,377,100,-83,275,489,60,154,2,297,2798858
fd00::20e:e:e:e,19,0,0,211,230,2809427,259,232,60,12,87,100,-83,276,491,60,155,2,285,2809582
fd00::20e:e:e:e,19,0,0,211,230,2820150,260,232,60,12,87,100,-83,278,492,60,127,2,285,2820277
fd00::20e:e:e:e,19,0,0,210,229,2830873,261,234,60,12,187,100,-83,279,495,60,181,2,175,2831054
fd00::20e:e:e:e,19,0,0,211,230,2841596,262,235,60,12,317,100,-83,280,497,60,154,2,231,2841750
fd00::20e:e:e:e,19,0,0,211,230,2852319,263,236,60,12,119,100,-83,281,499,60,157,2,185,2852476
fd00::20e:e:e:e,19,0,0,210,229,2863042,264,237,60,12,222,100,-83,282,501,60,130,2,207,2863172
fd00::20e:e:e:e,19,0,0,211,230,2873765,265,238,60,12,192,100,-83,283,503,60,128,2,297,2873893
fd00::20e:e:e:e,19,0,0,211,230,2884488,266,239,60,12,185,100,-83,284,505,60,148,2,188,2884636
fd00::20e:e:e:e,19,0,0,211,230,2895211,267,240,60,12,205,100,-83,285,507,60,157,2,209,2895368
fd00::20e:e:e:e,19,0,0,211,230,2905934,268,241,60,12,103,100,-83,286,509,60,134,2,209,2906068
fd00::20e:e:e:e,19,0,0,210,229,2916657,269,242,60,12,130,100,-83,287,511,60,149,2,203,2916806
fd00::20e:e:e:e,19,0,0,210,229,2927380,270,243,60,12,224,100,-83,288,513,60,139,2,289,2927519
fd00::20e:e:e:e,19,0,0,211,230,2938103,271,244,60,12,292,100,-83,289,515,60,172,2,207,2938275
fd00::20e:e:e:e,19,0,0,211,230,2948826,272,245,60,12,170,100,-83,290,517,60,173,2,164,2948999
fd00::20e:e:e:e,19,0,0,210,229,2959549,273,246,60,12,275,100,-83,291,519,60,124,2,258,2959673
fd00::20e:e:e:e,19,0,0,210,229,2970272,274,247,60,12,159,100,-83,293,521,60,433,2,211,2970705
fd00::20e:e:e:e,19,0,0,210,229,2980995,275,249,60,12,208,100,-83,294,524,60,156,2,211,2981151
fd00::20e:e:e:e,19,0,0,211,230,2991718,276,250,60,12,106,100,-83,295,526,60,188,2,242,2991906
fd00::20e:e:e:e,19,0,0,211,230,3002441,277,251,60,12,458,100,-83,296,528,60,115,2,315,3002556
fd00::20e:e:e:e,19,0,0,210,229,3013164,278,252,60,12,111,100,-83,297,530,60,157,2,240,3013321
fd00::20e:e:e:e,19,0,0,211,230,3023887,279,253,60,12,220,100,-83,298,532,60,129,2,251,3024016
fd00::20e:e:e:e,19,0,0,210,229,3034610,280,254,60,12,187,100,-83,299,534,60,176,2,213,3034786
fd00::20e:e:e:e,19,0,0,211,230,3045333,281,255,60,12,242,100,-83,300,536,60,191,2,254,3045524
fd00::20e:e:e:e,19,0,0,210,229,3056056,282,256,60,12,151,100,-83,301,538,60,165,2,188,3056221
fd00::20e:e:e:e,19,0,0,210,229,3066779,283,257,60,12,394,100,-83,302,540,60,129,2,290,3066908
fd00::20e:e:e:e,19,0,0,210,229,3077502,284,258,60,12,139,100,-83,303,542,60,174,2,276,3077676
fd00::20e:e:e:e,19,0,0,210,229,3088225,285,259,60,12,318,100,-83,304,544,60,167,2,249,3088392
fd00::20e:e:e:e,19,0,0,211,230,3098948,286,260,60,12,307,100,-83,305,546,60,169,2,225,3099117
fd00::20e:e:e:e,19,0,0,211,230,3109671,287,261,60,12,441,100,-83,306,548,60,125,2,277,3109796
fd00::20e:e:e:e,19,0,0,211,230,3120394,288,262,60,12,74,100,-83,308,550,60,171,2,105,3120565
fd00::20e:e:e:e,19,0,0,211,230,3131117,289,263,60,12,362,100,-83,309,552,60,132,2,289,3131249
fd00::20e:e:e:e,19,0,0,210,229,3141840,290,264,60,12,149,100,-83,310,554,60,163,2,256,3142003
fd00::20e:e:e:e,19,0,0,211,230,3152563,291,265,60,12,142,100,-83,311,556,60,134,2,163,3152697
fd00::20e:e:e:e,19,0,0,210,229,3163286,292,266,60,12,217,100,-83,312,558,60,153,2,249,3163439
fd00::20e:e:e:e,19,0,0,211,230,3174009,293,266,60,12,217,100,-83,313,559,60,131,2,249,3174140
fd00::20e:e:e:e,19,0,0,211,230,3184732,294,267,60,12,103,100,-83,314,561,60,173,2,131,3184905
fd00::20e:e:e:e,19,0,0,210,229,3195455,295,268,60,12,330,100,-83,315,563,60,141,2,241,3195596
fd00::20e:e:e:e,19,0,0,210,229,3206178,296,269,60,12,151,100,-83,316,565,60,139,2,222,3206317
fd00::20e:e:e:e,19,0,0,210,229,3216901,297,270,60,12,346,100,-83,317,567,60,180,2,341,3217081
fd00::20e:e:e:e,19,0,0,211,230,3227624,298,271,60,12,135,100,-83,318,569,60,150,2,156,3227774
fd00::20e:e:e:e,19,0,0,211,230,3238347,299,272,60,12,223,100,-83,319,571,60,126,2,240,3238473
fd00::20e:e:e:e,19,0,0,210,229,3249070,300,273,60,12,139,100,-83,320,573,60,153,2,179,3249223
fd00::20e:e:e:e,19,0,0,210,229,3259793,301,274,60,12,214,100,-83,321,575,60,161,2,269,3259954
fd00::20e:e:e:e,19,0,0,210,229,3270516,302,276,60,12,394,100,-83,323,578,60,316,2,369,3270832
fd00::20e:e:e:e,19,0,0,210,229,3281239,303,277,60,12,201,100,-83,324,580,60,165,2,221,3281404
fd00::20e:e:e:e,19,0,0,211,230,3291962,304,278,60,12,269,100,-83,325,582,60,178,2,223,3292140
fd00::20e:e:e:e,19,0,0,210,229,3302685,305,279,60,12,331,100,-83,326,584,60,171,2,266,3302856
fd00::20e:e:e:e,19,0,0,211,230,3313408,306,280,60,12,172,100,-83,327,586,60,117,2,199,3313525
fd00::20e:e:e:e,19,0,0,211,230,3324131,307,281,60,12,54,100,-83,328,588,60,165,2,200,3324296
fd00::20e:e:e:e,19,0,0,211,230,3334854,308,282,60,12,317,100,-83,329,590,60,138,2,349,3334992
fd00::20e:e:e:e,19,0,0,210,229,3345577,309,283,60,12,177,100,-83,330,592,60,172,2,197,3345749
fd00::20e:e:e:e,19,0,0,210,229,3356300,310,284,60,12,225,100,-83,331,594,60,128,2,243,3356428
fd00::20e:e:e:e,19,0,0,211,230,3367023,311,284,60,12,225,100,-83,332,595,60,157,2,243,3367180
fd00::20e:e:e:e,19,0,0,211,230,3377746,312,285,60,12,109,100,-83,333,597,60,148,2,134,3377894
fd00::20e:e:e:e,19,0,0,211,230,3388469,313,286,60,12,146,100,-83,334,599,60,133,2,141,3388602
fd00::20e:e:e:e,19,0,0,211,230,3399192,314,287,60,12,188,100,-83,335,601,60,110,2,183,3399302
fd00::20e:e:e:e,19,0,0,210,229,3409915,315,288,60,12,138,100,-83,337,603,60,460,2,255,3410375
fd00::20e:e:e:e,19,0,0,210,229,3420638,316,289,60,12,260,100,-83,338,605,60,129,2,228,3420767
fd00::20e:e:e:e,19,0,0,211,230,3431361,317,290,60,12,239,100,-83,339,607,60,108,2,242,3431469
fd00::20e:e:e:e,19,0,0,210,229,3442084,318,291,60,12,111,100,-83,340,609,60,114,2,233,3442198
fd00::20e:e:e:e,19,0,0,211,230,3452807,319,292,60,12,189,100,-83,341,611,60,165,2,243,3452972
fd00::20e:e:e:e,19,0,0,210,229,3463530,320,293,60,12,235,100,-83,342,613,60,177,2,228,3463707
fd00::20e:e:e:e,19,0,0,210,229,3474253,321,294,60,12,138,100,-83,343,615,60,168,2,248,3474421
fd00::20e:e:e:e,19,0,0,211,230,3484976,322,295,60,12,202,100,-83,344,617,60,146,2,191,3485122
fd00::20e:e:e:e,19,0,0,211,230,3495699,323,296,60,12,97,100,-83,345,619,60,154,2,306,3495853
fd00::20e:e:e:e,19,0,0,210,229,3506422,324,297,60,12,126,100,-83,346,621,60,136,2,148,3506558
fd00::20e:e:e:e,19,0,0,210,229,3517145,325,298,60,12,107,100,-83,347,623,60,147,2,167,3517292
fd00::20e:e:e:e,19,0,0,211,230,3527868,326,299,60,12,313,100,-83,348,625,60,130,2,248,3527998
fd00::20e:e:e:e,19,0,0,211,230,3538591,327,300,60,12,281,100,-83,349,627,60,146,2,212,3538737
fd00::20e:e:e:e,19,0,0,210,229,3549314,328,301,60,12,224,100,-83,350,629,60,110,2,239,3549424
fd00::20e:e:e:e,19,0,0,210,229,3560037,329,302,60,12,150,100,-83,352,631,60,349,2,263,3560386
fd00::20e:e:e:e,19,0,0,210,229,3570760,330,304,60,12,262,100,-83,353,634,60,171,2,306,3570931
fd00::20e:e:e:e,19,0,0,211,230,3581483,331,305,60,12,226,100,-83,354,636,60,132,2,187,3581615
fd00::20e:e:e:e,19,0,0,210,229,3592206,332,306,60,12,209,100,-83,355,638,60,138,2,215,3592344
fd00::20f:f:f:f,37,0,0,414,451,21055,1,0,60,0,0,0,0,0,1,60,124,0,0,21179
fd00::20f:f:f:f,18,0,0,207,225,31582,2,1,60,12,18446744073709551565,100,-93,1,3,60,102,0,25,31684
fd00::20f:f:f:f,18,0,0,206,224,42109,3,2,60,12,18446744073709551549,100,-93,2,5,60,96,0,98,42205
fd00::20f:f:f:f,18,0,0,206,224,52636,4,3,60,12,18446744073709551564,100,-93,3,7,60,91,0,24,52727
fd00::20f:f:f:f,18,0,1,205,224,63163,5,4,60,12,18446744073709551558,100,-93,4,9,60,88,0,17,63251
fd00::20f:f:f:f,18,0,1,205,224,73690,6,5,60,12,57,100,-93,5,11,60,115,0,103,73805
fd00::20f:f:f:f,18,0,1,205,224,84217,7,6,60,12,18446744073709551566,100,-93,6,13,60,110,0,140,84327
fd00::20f:f:f:f,18,0,1,205,224,94744,8,7,60,12,18446744073709551576,100,-93,7,15,60,89,0,83,94833
fd00::20f:f:f:f,18,0,1,205,224,105271,9,8,60,12,18446744073709551567,100,-93,8,17,60,91,0,32,105362
fd00::20f:f:f:f,18,0,1,205,224,115798,10,9,60,12,18446744073709551562,100,-93,9,19,60,112,0,20,115910
fd00::20f:f:f:f,18,0,1,205,224,126325,11,10,60,12,18446744073709551572,100,-93,10,21,60,101,0,40,126426
fd00::20f:f:f:f,18,0,1,205,224,136852,12,11,60,12,18446744073709551580,100,-93,11,23,60,115,0,53,136967
fd00::20f:f:f:f,18,0,1,205,224,147379,13,12,60,12,18446744073709551557,100,-93,12,25,60,102,0,31,147481
fd00::20f:f:f:f,18,0,1,205,224,157906,14,13,60,12,18446744073709551562,100,-93,13,27,60,110,0,34,158016
fd00::20f:f:f:f,18,0,1,205,224,168433,15,14,60,12,18446744073709551557,100,-93,14,29,60,95,0,21,168528
fd00::20f:f:f:f,18,0,2,205,225,178960,16,15,60,12,18446744073709551557,100,-93,15,31,60,123,0,15,179083
fd00::20f:f:f:f,18,0,2,204,224,189487,17,16,60,12,18446744073709551560,100,-93,16,33,60,123,0,102,189610
fd00::20f:f:f:f,18,0,1,205,224,200014,18,18,60,12,18446744073709551557,100,-93,18,36,60,136,0,50,200150
fd00::20f:f:f:f,18,0,2,204,224,210541,19,19,60,12,18446744073709551557,100,-93,19,38,60,105,0,31,210646
fd00::20f:f:f:f,18,0,1,205,224,221068,20,20,60,12,18446744073709551576,100,-93,20,40,60,87,0,30,221155
fd00::20f:f:f:f,18,0,1,205,224,231595,21,21,60,12,18446744073709551563,100,-93,21,42,60,100,0,33,231695
fd00::20f:f:f:f,18,0,1,205,224,242122,22,22,60,12,18446744073709551557,100,-93,22,44,60,116,0,31,242238
fd00::20f:f:f:f,18,0,1,205,224,252649,23,23,60,12,18446744073709551582,100,-93,23,46,60,139,0,35,252788
fd00::20f:f:f:f,18,0,1,205,224,263176,24,24,60,12,18446744073709551557,100,-93,24,48,60,96,0,21,263272
fd00::20f:f:f:f,18,0,1,205,224,273703,25,25,60,12,18446744073709551557,100,-93,25,50,60,125,0,29,273828
fd00::20f:f:f:f,18,0,1,205,224,284230,26,26,60,12,18446744073709551570,100,-93,26,52,60,116,0,20,284346
fd00::20f:f:f:f,18,0,1,205,224,294757,27,27,60,12,18446744073709551557,100,-93,27,54,60,105,0,29,294862
fd00::20f:f:f:f,18,0,1,205,224,305284,28,28,60,12,18446744073709551557,100,-93,28,56,60,113,0,32,305397
fd00::20f:f:f:f,18,0,1,205,224,315811,29,29,60,12,18446744073709551563,100,-93,29,58,60,102,0,32,315913
fd00::20f:f:f:f,18,0,2,204,224,326338,30,30,60,12,18446744073709551564,100,-93,30,60,60,88,0,21,326426
fd00::20f:f:f:f,18,0,1,205,224,336865,31,31,60,12,18446744073709551566,100,-93,31,62,60,103,0,18,336968
fd00::20f:f:f:f,18,0,1,205,224,347392,32,32,60,12,18446744073709551557,100,-93,32,64,60,89,0,30,347481
fd00::20f:f:f:f,18,0,1,205,224,357919,33,33,60,12,18446744073709551582,100,-93,33,66,60,102,0,27,358021
fd00::20f:f:f:f,18,0,2,204,224,368446,34,34,60,12,18446744073709551573,100,-93,34,68,60,125,0,92,368571
fd00::20f:f:f:f,18,0,1,205,224,378973,35,35,60,12,18446744073709551557,100,-93,35,70,60,94,0,13,379067
fd00::20f:f:f:f,18,0,1,205,224,389500,36,36,60,12,18446744073709551568,100,-93,36,72,60,87,0,26,389587
fd00::20f:f:f:f,18,0,1,205,224,400027,37,37,60,12,18446744073709551557,100,-93,38,74,60,164,0,15,400191
fd00::20f:f:f:f,18,0,2,204,224,410554,38,39,60,12,18446744073709551557,100,-93,39,77,60,107,0,23,410661
fd00::20f:f:f:f,18,0,2,205,225,421081,39,40,60,12,18446744073709551582,100,-93,40,79,60,90,0,37,421171
fd00::20f:f:f:f,18,0,1,205,224,431608,40,41,60,12,18446744073709551605,100,-93,41,81,60,125,0,84,431733
fd00::20f:f:f:f,18,0,1,205,224,442135,41,42,60,12,18446744073709551558,100,-93,42,83,60,122,0,68,442257
fd00::20f:f:f:f,18,0,1,205,224,452662,42,43,60,12,18446744073709551557,100,-93,43,85,60,117,0,40,452779
fd00::20f:f:f:f,18,0,1,205,224,463189,43,44,60,12,18446744073709551557,100,-93,44,87,60,109,0,46,463298
fd00::20f:f:f:f,18,0,1,205,224,473716,44,45,60,12,18446744073709551564,100,-93,45,89,60,92,0,34,473808
fd00::20f:f:f:f,18,0,1,205,224,484243,45,46,60,12,18446744073709551580,100,-93,46,91,60,90,0,38,484333
fd00::20f:f:f:f,18,0,1,205,224,494770,46,47,60,12,18446744073709551557,100,-93,47,93,60,118,0,31,494888
fd00::20f:f:f:f,18,0,1,205,224,505297,47,48,60,12,18446744073709551572,100,-93,48,95,60,102,0,40,505399
fd00::20f:f:f:f,18,0,1,205,224,515824,48,49,60,12,18446744073709551574,100,-93,49,97,60,124,0,34,515948
fd00::20f:f:f:f,18,0,1,205,224,526351,49,50,60,12,18446744073709551574,100,-93,50,99,60,116,0,36,526467
fd00::20f:f:f:f,18,0,1,205,224,536878,50,51,60,12,18446744073709551565,100,-93,51,101,60,90,0,28,536968
fd00::20f:f:f:f,18,0,1,205,224,547405,51,52,60,12,18446744073709551563,100,-93,52,103,60,123,0,27,547528
fd00::20f:f:f:f,18,0,1,205,224,557932,52,53,60,12,18446744073709551557,100,-93,53,105,60,105,0,53,558037
fd00::20f:f:f:f,18,0,1,205,224,568459,53,54,60,12,18446744073709551564,100,-93,54,107,60,125,0,33,568584
fd00::20f:f:f:f,18,0,1,205,224,578986,54,55,60,12,18446744073709551557,100,-93,55,109,60,122,0,61,579108
fd00::20f:f:f:f,18,0,2,204,224,589513,55,56,60,12,18446744073709551597,100,-93,56,111,60,125,0,99,589638
fd00::20f:f:f:f,18,0,2,204,224,600040,56,58,60,12,18446744073709551570,100,-93,58,114,60,110,0,31,600150
fd00::20f:f:f:f,18,0,3,203,224,610567,57,59,60,12,18446744073709551557,100,-93,59,116,60,126,0,15,610693
fd00::20f:f:f:f,18,0,2,205,225,621094,58,60,60,12,18446744073709551569,100,-93,60,118,60,94,0,86,621188
fd00::20f:f:f:f,18,0,2,204,224,631621,59,61,60,12,18446744073709551557,100,-93,61,120,60,98,0,16,631719
fd00::20f:f:f:f,18,0,2,204,224,642148,60,62,60,12,18446744073709551580,100,-93,62,122,60,117,0,39,642265
fd00::20f:f:f:f,18,0,1,205,224,652675,61,63,60,12,18446744073709551562,100,-93,63,124,60,102,0,30,652777
fd00::20f:f:f:f,18,0,2,204,224,663202,62,64,60,12,18446744073709551565,100,-93,64,126,60,102,0,28,663304
fd00::20f:f:f:f,18,0,1,205,224,673729,63,65,60,12,18446744073709551581,100,-93,65,128,60,125,0,134,673854
fd00::20f:f:f:f,18,0,2,204,224,684256,64,66,60,12,18446744073709551557,100,-93,66,130,60,125,0,18,684381
fd00::20f:f:f:f,18,0,2,204,224,694783,65,67,60,12,18446744073709551576,100,-93,67,132,60,175,0,28,694958
fd00::20f:f:f:f,18,0,2,204,224,705310,66,68,60,12,18446744073709551557,100,-93,68,134,60,106,0,16,705416
fd00::20f:f:f:f,18,0,1,205,224,715837,67,69,60,12,18446744073709551557,100,-93,69,136,60,102,0,13,715939
fd00::20f:f:f:f,18,0,2,205,225,726364,68,70,60,12,18446744073709551557,100,-93,70,138,60,103,0,64,726467
fd00::20f:f:f:f,18,0,1,205,224,736891,69,71,60,12,18446744073709551557,100,-93,71,140,60,88,0,17,736979
fd00::20f:f:f:f,18,0,2,204,224,747418,70,72,60,12,18446744073709551556,100,-93,72,142,60,111,0,92,747529
fd00::20f:f:f:f,18,0,2,204,224,757945,71,73,60,12,18446744073709551557,100,-93,73,144,60,106,0,14,758051
fd00::20f:f:f:f,18,0,2,204,224,768472,72,74,60,12,18446744073709551557,100,-93,74,146,60,92,0,43,768564
fd00::20f:f:f:f,18,0,1,205,224,778999,73,75,60,12,18446744073709551570,100,-93,75,148,60,96,0,29,779095
fd00::20f:f:f:f,18,0,2,204,224,789526,74,76,60,12,18446744073709551557,100,-93,76,150,60,111,0,25,789637
fd00::20f:f:f:f,18,0,2,204,224,800053,75,78,60,12,18446744073709551557,100,-93,78,153,60,123,0,44,800176
fd00::20f:f:f:f,18,0,3,203,224,810580,76,79,60,12,18446744073709551568,100,-93,79,155,60,113,0,26,810693
fd00::20f:f:f:f,18,0,2,204,224,821107,77,80,60,12,18446744073709551557,100,-93,80,157,60,121,0,27,821228
fd00::20f:f:f:f,18,0,2,204,224,831634,78,81,60,12,18446744073709551572,100,-93,81,159,60,96,0,44,831730
fd00::20f:f:f:f,18,0,2,204,224,842161,79,82,60,12,18446744073709551556,100,-93,82,161,60,93,0,58,842254
fd00::20f:f:f:f,18,0,1,205,224,852688,80,83,60,12,18446744073709551557,100,-93,83,163,60,137,0,122,852825
fd00::20f:f:f:f,18,0,2,204,224,863215,81,84,60,12,18446744073709551557,100,-93,84,165,60,115,0,18,863330
fd00::20f:f:f:f,18,0,2,204,224,873742,82,85,60,12,18446744073709551562,100,-93,85,167,60,90,0,36,873832
fd00::20f:f:f:f,18,0,2,204,224,884269,83,86,60,12,18446744073709551568,100,-93,86,169,60,114,0,36,884383
fd00::20f:f:f:f,18,0,2,204,224,894796,84,87,60,12,18446744073709551570,100,-93,87,171,60,91,0,45,894887
fd00::20f:f:f:f,18,0,2,204,224,905323,85,88,60,12,18446744073709551583,100,-93,88,173,60,114,0,41,905437
fd00::20f:f:f:f,18,0,2,204,224,915850,86,89,60,12,18446744073709551557,100,-93,89,175,60,118,0,84,915968
fd00::20f:f:f:f,18,0,2,204,224,926377,87,90,60,12,18446744073709551575,100,-93,90,177,60,115,0,33,926492
fd00::20f:f:f:f,18,0,2,204,224,936904,88,91,60,12,18446744073709551557,100,-93,91,179,60,95,0,19,936999
fd00::20f:f:f:f,18,0,2,204,224,947431,89,92,60,12,18446744073709551573,100,-93,92,181,60,93,0,41,947524
fd00::20f:f:f:f,18,0,2,204,224,957958,90,93,60,12,18446744073709551557,100,-93,93,183,60,124,0,16,958082
fd00::20f:f:f:f,18,0,2,204,224,968485,91,94,60,12,18446744073709551557,100,-93,94,185,60,107,0,26,968592
fd00::20f:f:f:f,18,0,2,204,224,979012,92,95,60,12,18446744073709551565,100,-93,95,187,60,119,0,36,979131
fd00::20f:f:f:f,18,0,2,204,224,989539,93,96,60,12,18446744073709551557,100,-93,96,189,60,112,0,26,989651
fd00::20f:f:f:f,18,0,2,204,224,1000066,94,98,60,12,18446744073709551564,100,-93,98,192,60,159,0,45,1000225
fd00::20f:f:f:f,18,0,2,204,224,1010593,95,99,60,12,18446744073709551584,100,-93,99,194,60,181,0,35,1010774
fd00::20f:f:f:f,18,0,3,203,224,1021120,96,100,60,12,18446744073709551559,100,-93,100,196,60,125,0,64,1021245
fd00::20f:f:f:f,18,0,3,203,224,1031647,97,101,60,12,18446744073709551557,100,-93,101,198,60,115,0,19,1031762
fd00::20f:f:f:f,18,0,2,204,224,1042174,98,102,60,12,18446744073709551557,100,-93,102,200,60,109,0,96,1042283
fd00::20f:f:f:f,18,0,2,204,224,1052701,99,103,60,12,18446744073709551557,100,-93,103,202,60,103,0,21,1052804
fd00::20f:f:f:f,18,0,2,204,224,1063228,100,104,60,12,18446744073709551569,100,-93,104,204,60,125,0,19,1063353
fd00::20f:f:f:f,18,0,2,204,224,1073755,101,105,60,12,18446744073709551557,100,-93,105,206,60,125,0,23,1073880
fd00::20f:f:f:f,18,0,2,204,224,1084282,102,106,60,12,18446744073709551557,100,-93,106,208,60,110,0,16,1084392
fd00::20f:f:f:f,18,0,2,204,224,1094809,103,107,60,12,18446744073709551579,100,-93,107,210,60,89,0,91,1094898
fd00::20f:f:f:f,18,0,2,204,224,1105336,104,108,60,12,18446744073709551557,100,-93,108,212,60,111,0,25,1105447
fd00::20f:f:f:f,18,0,2,205,225,1115863,105,109,60,12,18446744073709551557,100,-93,109,214,60,94,0,21,1115957
fd00::20f:f:f:f,18,0,2,204,224,1126390,106,110,60,12,26,100,-93,110,216,60,106,0,60,1126496
fd00::20f:f:f:f,18,0,2,204,224,1136917,107,111,60,12,18446744073709551557,100,-93,111,218,60,87,0,14,1137004
fd00::20f:f:f:f,18,0,2,205,225,1147449,108,112,60,12,18446744073709551582,100,-93,112,220,60,162,0,45,1147611
fd00::20f:f:f:f,18,0,2,204,224,1157971,109,113,60,12,18446744073709551561,100,-93,113,222,60,88,0,144,1158059
fd00::20f:f:f:f,18,0,2,204,224,1168498,110,114,60,12,18446744073709551557,100,-93,114,224,60,111,0,33,1168609
fd00::20f:f:f:f,18,0,2,204,224,1179025,111,115,60,12,18446744073709551579,100,-93,115,226,60,115,0,49,1179140
fd00::20f:f:f:f,18,0,1,205,224,1189552,112,116,60,12,18446744073709551570,100,-93,116,228,60,87,0,134,1189639
fd00::20f:f:f:f,18,0,2,204,224,1200079,113,118,60,12,18446744073709551572,100,-93,118,231,60,137,0,63,1200216
fd00::20f:f:f:f,18,0,3,203,224,1210606,114,119,60,12,18446744073709551557,100,-93,119,233,60,129,0,29,1210735
fd00::20f:f:f:f,18,0,2,204,224,1221133,115,120,60,12,18446744073709551557,100,-93,120,235,60,123,0,20,1221256
fd00::20f:f:f:f,18,0,2,204,224,1231660,116,121,60,12,18446744073709551557,100,-93,121,237,60,96,0,110,1231756
fd00::20f:f:f:f,18,0,2,204,224,1242187,117,122,60,12,24,100,-93,122,239,60,93,0,57,1242280
fd00::20f:f:f:f,18,0,2,205,225,1252714,118,123,60,12,18446744073709551563,100,-93,123,241,60,111,0,36,1252825
fd00::20f:f:f:f,18,0,2,204,224,1263241,119,124,60,12,18446744073709551573,100,-93,124,243,60,104,0,26,1263345
fd00::20f:f:f:f,18,0,2,204,224,1273768,120,125,60,12,18446744073709551559,100,-93,125,245,60,106,0,26,1273874
fd00::20f:f:f:f,18,0,2,205,225,1284295,121,126,60,12,18446744073709551557,100,-93,126,247,60,113,0,56,1284408
fd00::20f:f:f:f,18,0,2,204,224,1294822,122,127,60,12,18446744073709551578,100,-93,127,249,60,106,0,25,1294928
fd00::20f:f:f:f,18,0,2,204,224,1305349,123,128,60,12,18446744073709551563,100,-93,128,251,60,112,0,36,1305461
fd00::20f:f:f:f,18,0,2,204,224,1315876,124,129,60,12,3,100,-93,129,253,60,115,0,72,1315991
fd00::20f:f:f:f,18,0,2,204,224,1326403,125,130,60,12,18446744073709551557,100,-93,130,255,60,90,0,21,1326493
fd00::20f:f:f:f,18,0,2,204,224,1336930,126,131,60,12,18446744073709551557,100,-93,131,257,60,101,0,25,1337031
fd00::20f:f:f:f,18,0,2,204,224,1347457,127,132,60,12,18446744073709551560,100,-93,132,259,60,93,0,36,1347550
fd00::20f:f:f:f,18,0,2,204,224,1357984,128,133,60,12,18446744073709551557,100,-93,133,261,60,87,0,20,1358071
fd00::20f:f:f:f,18,0,1,205,224,1368511,129,134,60,12,18446744073709551557,100,-93,134,263,60,96,0,101,1368607
fd00::20f:f:f:f,18,0,2,204,224,1379038,130,135,60,12,18446744073709551565,100,-93,135,265,60,114,0,27,1379152
fd00::20f:f:f:f,18,0,2,205,225,1389565,131,136,60,12,18446744073709551569,100,-93,136,267,60,126,0,41,1389691
fd00::20f:f:f:f,18,0,2,204,224,1400092,132,138,60,12,18446744073709551557,100,-93,138,270,60,217,0,19,1400309
fd00::20f:f:f:f,18,0,3,203,224,1410619,133,139,60,12,18446744073709551557,100,-93,139,272,60,105,0,153,1410724
fd00::20f:f:f:f,18,0,2,205,225,1421146,134,140,60,12,18446744073709551557,100,-93,140,274,60,116,0,22,1421262
fd00::20f:f:f:f,18,0,2,205,225,1431673,135,141,60,12,18446744073709551573,100,-93,141,276,60,111,0,28,1431784
fd00::20f:f:f:f,18,0,2,204,224,1442200,136,142,60,12,18446744073709551557,100,-93,142,278,60,137,0,53,1442337
fd00::20f:f:f:f,18,0,2,204,224,1452727,137,143,60,12,18446744073709551557,100,-93,143,280,60,120,0,31,1452847
fd00::20f:f:f:f,18,0,2,204,224,1463254,138,144,60,12,18446744073709551586,100,-93,144,282,60,110,0,38,1463364
fd00::20f:f:f:f,18,0,2,205,225,1473781,139,145,60,12,18446744073709551557,100,-93,145,284,60,91,0,62,1473872
fd00::20f:f:f:f,18,0,2,205,225,1484308,140,146,60,12,18446744073709551573,100,-93,146,286,60,114,0,75,1484422
fd00::20f:f:f:f,18,0,2,204,224,1494835,141,147,60,12,18446744073709551567,100,-93,147,288,60,121,0,37,1494956
fd00::20f:f:f:f,18,0,2,205,225,1505362,142,148,60,12,18446744073709551570,100,-93,148,290,60,96,0,27,1505458
fd00::20f:f:f:f,18,0,2,204,224,1515889,143,149,60,12,18446744073709551566,100,-93,149,292,60,87,0,36,1515976
fd00::20f:f:f:f,18,0,2,204,224,1526416,144,150,60,12,18446744073709551576,100,-93,150,294,60,110,0,38,1526526
fd00::20f:f:f:f,18,0,2,204,224,1536943,145,151,60,12,18446744073709551567,100,-93,151,296,60,87,0,24,1537030
fd00::20f:f:f:f,18,0,2,204,224,1547470,146,152,60,12,18446744073709551562,100,-93,152,298,60,111,0,32,1547581
fd00::20f:f:f:f,18,0,1,205,224,1557997,147,153,60,12,18446744073709551558,100,-93,153,300,60,104,0,46,1558101
fd00::20f:f:f:f,18,0,2,205,225,1568524,148,154,60,12,18446744073709551580,100,-93,154,302,60,106,0,33,1568630
fd00::20f:f:f:f,18,0,2,205,225,1579051,149,155,60,12,18446744073709551567,100,-93,155,304,60,119,0,44,1579170
fd00::20f:f:f:f,18,0,1,205,224,1589578,150,156,60,12,18446744073709551580,100,-93,156,306,60,105,0,32,1589683
fd00::20f:f:f:f,18,0,2,204,224,1600105,151,158,60,12,18446744073709551561,100,-93,158,309,60,143,0,18,1600248
fd00::20f:f:f:f,18,0,2,204,224,1610632,152,159,60,12,18446744073709551572,100,-93,159,311,60,129,0,40,1610761
fd00::20f:f:f:f,18,0,2,204,224,1621159,153,160,60,12,18446744073709551579,100,-93,160,313,60,127,0,33,1621286
fd00::20f:f:f:f,18,0,2,204,224,1631686,154,161,60,12,18446744073709551584,100,-93,161,315,60,116,0,53,1631802
fd00::20f:f:f:f,18,0,2,204,224,1642213,155,162,60,12,18446744073709551563,100,-93,162,317,60,103,0,44,1642316
fd00::20f:f:f:f,18,0,1,205,224,1652740,156,163,60,12,18446744073709551579,100,-93,163,319,60,107,0,37,1652847
fd00::20f:f:f:f,18,0,2,204,224,1663267,157,164,60,12,18446744073709551557,100,-93,164,321,60,101,0,22,1663368
fd00::20f:f:f:f,18,0,2,204,224,1673794,158,165,60,12,18446744073709551568,100,-93,165,323,60,116,0,19,1673910
fd00::20f:f:f:f,18,0,2,204,224,1684321,159,166,60,12,18446744073709551557,100,-93,166,325,60,108,0,67,1684429
fd00::20f:f:f:f,18,0,2,204,224,1694848,160,167,60,12,18446744073709551563,100,-93,167,327,60,99,0,118,1694947
fd00::20f:f:f:f,18,0,2,204,224,1705375,161,168,60,12,18446744073709551568,100,-93,168,329,60,109,0,98,1705484
fd00::20f:f:f:f,18,0,2,205,225,1715902,162,169,60,12,18446744073709551560,100,-93,169,331,60,98,0,55,1716000
fd00::20f:f:f:f,18,0,2,204,224,1726429,163,170,60,12,18446744073709551581,100,-93,170,333,60,122,0,124,1726551
fd00::20f:f:f:f,18,0,2,205,225,1736956,164,171,60,12,18446744073709551570,100,-93,171,335,60,94,0,54,1737050
fd00::20f:f:f:f,18,0,2,204,224,1747483,165,172,60,12,18446744073709551563,100,-93,172,337,60,111,0,18,1747594
fd00::20f:f:f:f,18,0,2,204,224,1758010,166,173,60,12,18446744073709551557,100,-93,173,339,60,119,0,15,1758129
fd00::20f:f:f:f,18,0,2,204,224,1768537,167,174,60,12,18446744073709551557,100,-93,174,341,60,112,0,60,1768649
fd00::20f:f:f:f,18,0,2,204,224,1779064,168,175,60,12,18446744073709551564,100,-93,175,343,60,106,0,26,1779170
fd00::20f:f:f:f,18,0,2,204,224,1789591,169,176,60,12,18446744073709551564,100,-93,176,345,60,87,0,28,1789678
fd00::20f:f:f:f,18,0,3,203,224,1810645,171,179,60,12,18446744073709551595,100,-93,179,349,60,108,0,41,1810753
fd00::20f:f:f:f,18,0,2,204,224,1821172,172,180,60,12,18446744073709551560,100,-93,180,351,60,91,0,28,1821263
fd00::20f:f:f:f,18,0,2,204,224,1831699,173,181,60,12,18446744073709551576,100,-93,181,353,60,89,0,31,1831788
fd00::20f:f:f:f,18,0,2,205,225,1842226,174,182,60,12,18446744073709551557,100,-93,182,355,60,91,0,19,1842317
fd00::20f:f:f:f,18,0,1,205,224,1852753,175,183,60,12,18446744073709551557,100,-93,183,357,60,109,0,41,1852862
fd00::20f:f:f:f,18,0,2,204,224,1863280,176,184,60,12,18446744073709551557,100,-93,184,359,60,103,0,59,1863383
fd00::20f:f:f:f,18,0,2,204,224,1873807,177,185,60,12,18446744073709551571,100,-93,185,361,60,96,0,43,1873903
fd00::20f:f:f:f,18,0,2,204,224,1884334,178,186,60,12,18446744073709551573,100,-93,186,363,60,123,0,35,1884457
fd00::20f:f:f:f,18,0,2,205,225,1894861,179,187,60,12,18446744073709551557,100,-93,187,365,60,98,0,27,1894959
fd00::20f:f:f:f,18,0,2,205,225,1905388,180,188,60,12,18446744073709551557,100,-93,188,367,60,105,0,21,1905493
fd00::20f:f:f:f,18,0,1,205,224,1915915,181,189,60,12,18446744073709551576,100,-93,189,369,60,121,0,26,1916036
fd00::20f:f:f:f,18,0,1,205,224,1926442,182,190,60,12,18446744073709551570,100,-93,190,371,60,126,0,20,1926568
fd00::20f:f:f:f,18,0,2,204,224,1936969,183,191,60,12,18446744073709551612,100,-93,191,373,60,119,0,108,1937088
fd00::20f:f:f:f,18,0,2,204,224,1947496,184,192,60,12,18446744073709551557,100,-93,192,375,60,116,0,19,1947612
fd00::20f:f:f:f,18,0,2,204,224,1958023,185,193,60,12,18446744073709551557,100,-93,193,377,60,102,0,28,1958125
fd00::20f:f:f:f,18,0,1,205,224,1968550,186,194,60,12,18446744073709551581,100,-93,194,379,60,114,0,25,1968664
fd00::20f:f:f:f,18,0,2,204,224,1979077,187,195,60,12,18446744073709551560,100,-93,195,381,60,88,0,23,1979165
fd00::20f:f:f:f,18,0,2,204,224,1989604,188,196,60,12,18446744073709551557,100,-93,196,383,60,104,0,22,1989708
fd00::20f:f:f:f,18,0,3,203,224,2000131,189,198,60,12,11,100,-93,198,386,60,193,0,90,2000324
fd00::20f:f:f:f,18,0,2,204,224,2010658,190,199,60,12,18446744073709551600,100,-93,199,388,60,117,0,41,2010775
fd00::20f:f:f:f,18,0,2,205,225,2021185,191,200,60,12,18446744073709551566,100,-93,200,390,60,110,0,64,2021295
fd00::20f:f:f:f,18,0,2,204,224,2031712,192,201,60,12,18446744073709551571,100,-93,201,392,60,105,0,28,2031817
fd00::20f:f:f:f,18,0,2,204,224,2042239,193,202,60,12,18446744073709551576,100,-93,202,394,60,95,0,37,2042334
fd00::20f:f:f:f,18,0,2,204,224,2052766,194,203,60,12,18446744073709551557,100,-93,203,396,60,88,0,20,2052854
fd00::20f:f:f:f,18,0,1,205,224,2063293,195,204,60,12,18446744073709551558,100,-93,204,398,60,107,0,84,2063400
fd00::20f:f:f:f,18,0,2,204,224,2073820,196,205,60,12,18446744073709551567,100,-93,205,400,60,119,0,32,2073939
fd00::20f:f:f:f,18,0,2,205,225,2084347,197,206,60,12,18446744073709551568,100,-93,206,402,60,105,0,74,2084452
fd00::20f:f:f:f,18,0,2,204,224,2094874,198,207,60,12,18446744073709551576,100,-93,207,404,60,87,0,29,2094961
fd00::20f:f:f:f,18,0,2,204,224,2105401,199,208,60,12,18446744073709551572,100,-93,208,406,60,89,0,33,2105490
fd00::20f:f:f:f,18,0,2,205,225,2115928,200,209,60,12,18446744073709551557,100,-93,209,408,60,101,0,23,2116029
fd00::20f:f:f:f,18,0,2,205,225,2126455,201,210,60,12,18446744073709551557,100,-93,210,410,60,90,0,24,2126545
fd00::20f:f:f:f,18,0,1,205,224,2136982,202,211,60,12,18446744073709551570,100,-93,211,412,60,94,0,116,2137076
fd00::20f:f:f:f,18,0,2,205,225,2147509,203,212,60,12,18446744073709551586,100,-93,212,414,60,109,0,28,2147618
fd00::20f:f:f:f,18,0,2,204,224,2158036,204,213,60,12,18446744073709551557,100,-93,213,416,60,87,0,29,2158123
fd00::20f:f:f:f,18,0,2,205,225,2168563,205,214,60,12,18446744073709551562,100,-93,214,418,60,104,0,59,2168667
fd00::20f:f:f:f,18,0,1,205,224,2179090,206,215,60,12,15,100,-93,215,420,60,107,0,63,2179197
fd00::20f:f:f:f,18,0,2,204,224,2189617,207,216,60,12,18446744073709551564,100,-93,216,422,60,87,0,23,2189704
fd00::20f:f:f:f,18,0,2,203,223,2210671,209,219,60,12,18446744073709551557,100,-93,219,426,60,94,0,36,2210765
fd00::20f:f:f:f,18,0,1,205,224,2221198,210,220,60,12,18446744073709551574,100,-93,220,428,60,101,0,89,2221299
fd00::20f:f:f:f,18,0,2,204,224,2231725,211,221,60,12,18446744073709551570,100,-93,221,430,60,121,0,27,2231846
fd00::20f:f:f:f,18,0,2,204,224,2242252,212,222,60,12,18446744073709551580,100,-93,222,432,60,112,0,42,2242364
fd00::20f:f:f:f,18,0,2,204,224,2252779,213,223,60,12,18446744073709551568,100,-93,223,434,60,88,0,59,2252867
fd00::20f:f:f:f,18,0,2,204,224,2263306,214,224,60,12,18446744073709551562,100,-93,224,436,60,124,0,56,2263430
fd00::20f:f:f:f,18,0,1,205,224,2273833,215,225,60,12,18446744073709551557,100,-93,225,438,60,110,0,24,2273943
fd00::20f:f:f:f,18,0,2,205,225,2284360,216,226,60,12,18446744073709551572,100,-93,226,440,60,126,0,31,2284486
fd00::20f:f:f:f,18,0,2,204,224,2294887,217,227,60,12,18446744073709551557,100,-93,227,442,60,109,0,18,2294996
fd00::20f:f:f:f,18,0,2,204,224,2305414,218,228,60,12,18446744073709551557,100,-93,228,444,60,117,0,23,2305531
fd00::20f:f:f:f,18,0,2,204,224,2315941,219,229,60,12,18446744073709551569,100,-93,229,446,60,116,0,25,2316057
fd00::20f:f:f:f,18,0,2,204,224,2326468,220,230,60,12,18446744073709551557,100,-93,230,448,60,93,0,26,2326561
fd00::20f:f:f:f,18,0,2,204,224,2336995,221,231,60,12,18446744073709551557,100,-93,231,450,60,123,0,26,2337118
fd00::20f:f:f:f,18,0,2,205,225,2347522,222,232,60,12,18446744073709551566,100,-93,232,452,60,127,0,33,2347649
fd00::20f:f:f:f,18,0,2,204,224,2358049,223,233,60,12,18446744073709551557,100,-93,233,454,60,118,0,38,2358167
fd00::20f:f:f:f,18,0,1,205,224,2368576,224,234,60,12,18446744073709551557,100,-93,234,456,60,124,0,90,2368700
fd00::20f:f:f:f,18,0,2,204,224,2379103,225,235,60,12,18446744073709551566,100,-93,235,458,60,116,0,93,2379219
fd00::20f:f:f:f,18,0,2,205,225,2389630,226,236,60,12,18446744073709551557,100,-93,236,460,60,194,0,93,2389824
fd00::20f:f:f:f,18,0,3,203,224,2400158,227,238,60,12,18446744073709551567,100,-93,238,463,60,350,0,26,2400508
fd00::20f:f:f:f,18,0,3,203,224,2410684,228,239,60,12,18446744073709551582,100,-93,239,465,60,132,0,26,2410816
fd00::20f:f:f:f,18,0,2,204,224,2421211,229,240,60,12,18446744073709551557,100,-93,240,467,60,127,0,34,2421338
fd00::20f:f:f:f,18,0,1,205,224,2431738,230,241,60,12,18446744073709551567,100,-93,241,469,60,111,0,59,2431849
fd00::20f:f:f:f,18,0,2,204,224,2442265,231,242,60,12,18446744073709551557,100,-93,242,471,60,87,0,25,2442352
fd00::20f:f:f:f,18,0,2,204,224,2452792,232,243,60,12,18446744073709551557,100,-93,243,473,60,126,0,32,2452918
fd00::20f:f:f:f,18,0,1,205,224,2463319,233,244,60,12,18446744073709551575,100,-93,244,475,60,108,0,190,2463427
fd00::20f:f:f:f,18,0,1,205,224,2473846,234,245,60,12,18446744073709551565,100,-93,245,477,60,114,0,69,2473960
fd00::20f:f:f:f,18,0,1,205,224,2484373,235,246,60,12,18446744073709551570,100,-93,246,479,60,90,0,35,2484463
fd00::20f:f:f:f,18,0,2,204,224,2494900,236,247,60,12,18446744073709551563,100,-93,247,481,60,91,0,25,2494991
fd00::20f:f:f:f,18,0,2,204,224,2505427,237,248,60,12,18446744073709551570,100,-93,248,483,60,88,0,34,2505515
fd00::20f:f:f:f,18,0,2,205,225,2515954,238,249,60,12,18446744073709551566,100,-93,249,485,60,106,0,48,2516060
fd00::20f:f:f:f,18,0,2,204,224,2526481,239,250,60,12,18446744073709551571,100,-93,250,487,60,115,0,65,2526596
fd00::20f:f:f:f,18,0,2,204,224,2537008,240,251,60,12,18446744073709551558,100,-93,251,489,60,106,0,60,2537114
fd00::20f:f:f:f,18,0,2,204,224,2547535,241,252,60,12,18446744073709551557,100,-93,252,491,60,124,0,33,2547659
fd00::20f:f:f:f,18,0,2,204,224,2558062,242,253,60,12,18446744073709551557,100,-93,253,493,60,126,0,21,2558188
fd00::20f:f:f:f,18,0,2,205,225,2568589,243,254,60,12,18446744073709551557,100,-93,254,495,60,100,0,19,2568689
fd00::20f:f:f:f,18,0,2,204,224,2579116,244,255,60,12,18446744073709551570,100,-93,255,497,60,94,0,33,2579210
fd00::20f:f:f:f,18,0,2,204,224,2589643,245,256,60,12,18446744073709551563,100,-93,256,499,60,87,0,31,2589730
fd00::20f:f:f:f,18,0,2,204,224,2600170,246,258,60,12,18446744073709551570,100,-93,258,502,60,421,0,66,2600591
fd00::20f:f:f:f,18,0,3,203,224,2610697,247,259,60,12,18446744073709551563,100,-93,259,504,60,88,0,62,2610785
fd00::20f:f:f:f,18,0,1,205,224,2621224,248,260,60,12,18446744073709551557,100,-93,260,506,60,120,0,144,2621344
fd00::20f:f:f:f,18,0,2,204,224,2631751,249,261,60,12,18446744073709551557,100,-93,261,508,60,122,0,17,2631873
fd00::20f:f:f:f,18,0,1,205,224,2642278,250,262,60,12,18446744073709551557,100,-93,262,510,60,114,0,15,2642392
fd00::20f:f:f:f,18,0,2,204,224,2652805,251,263,60,12,18446744073709551569,100,-93,263,512,60,118,0,19,2652923
fd00::20f:f:f:f,18,0,2,204,224,2663332,252,264,60,12,18446744073709551557,100,-93,264,514,60,127,0,20,2663459
fd00::20f:f:f:f,18,0,2,204,224,2673859,253,265,60,12,18446744073709551562,100,-93,265,516,60,117,0,42,2673976
fd00::20f:f:f:f,18,0,2,204,224,2684386,254,266,60,12,18446744073709551571,100,-93,266,518,60,120,0,116,2684506
fd00::20f:f:f:f,18,0,1,205,224,2694913,255,267,60,12,18446744073709551557,100,-93,267,520,60,87,0,58,2695000
fd00::20f:f:f:f,18,0,1,205,224,2705440,256,268,60,12,18446744073709551576,100,-93,268,522,60,88,0,31,2705528
fd00::20f:f:f:f,18,0,2,204,224,2715967,257,269,60,12,18446744073709551563,100,-93,269,524,60,126,0,27,2716093
fd00::20f:f:f:f,18,0,1,205,224,2726494,258,270,60,12,18446744073709551577,100,-93,270,526,60,98,0,50,2726592
fd00::20f:f:f:f,18,0,1,205,224,2737021,259,271,60,12,18446744073709551565,100,-93,271,528,60,95,0,83,2737116
fd00::20f:f:f:f,18,0,1,205,224,2747548,260,272,60,12,18446744073709551578,100,-93,272,530,60,123,0,48,2747671
fd00::20f:f:f:f,18,0,2,205,225,2758075,261,273,60,12,18446744073709551582,100,-93,273,532,60,158,0,49,2758233
fd00::20f:f:f:f,18,0,2,204,224,2768603,262,274,60,12,18446744073709551578,100,-93,274,534,60,96,0,105,2768699
fd00::20f:f:f:f,18,0,2,204,224,2779129,263,275,60,12,18446744073709551557,100,-93,275,536,60,87,0,16,2779216
fd00::20f:f:f:f,18,0,2,204,224,2789656,264,276,60,12,18446744073709551566,100,-93,276,538,60,112,0,23,2789768
fd00::20f:f:f:f,18,0,3,203,224,2800183,265,278,60,12,18446744073709551561,100,-93,278,541,60,117,0,34,2800300
fd00::20f:f:f:f,18,0,2,204,224,2810710,266,279,60,12,18446744073709551581,100,-93,279,543,60,126,0,70,2810836
fd00::20f:f:f:f,18,0,1,205,224,2821237,267,280,60,12,18446744073709551583,100,-93,280,545,60,108,0,47,2821345
fd00::20f:f:f:f,18,0,2,204,224,2831764,268,281,60,12,18446744073709551564,100,-93,281,547,60,101,0,32,2831865
fd00::20f:f:f:f,18,0,2,204,224,2842291,269,282,60,12,18446744073709551563,100,-93,282,549,60,109,0,23,2842400
fd00::20f:f:f:f,18,0,1,205,224,2852818,270,283,60,12,18446744073709551563,100,-93,283,551,60,121,0,60,2852939
fd00::20f:f:f:f,18,0,2,204,224,2863345,271,284,60,12,18446744073709551565,100,-93,284,553,60,107,0,19,2863452
fd00::20f:f:f:f,18,0,2,205,225,2873872,272,285,60,12,18446744073709551557,100,-93,285,555,60,92,0,37,2873964
fd00::20f:f:f:f,18,0,1,205,224,2884399,273,286,60,12,18446744073709551557,100,-93,286,557,60,118,0,81,2884517
fd00::20f:f:f:f,18,0,1,205,224,2894926,274,287,60,12,18446744073709551579,100,-93,287,559,60,108,0,26,2895034
fd00::20f:f:f:f,18,0,2,205,225,2905453,275,288,60,12,18446744073709551557,100,-93,288,561,60,93,0,16,2905546
fd00::20f:f:f:f,18,0,2,204,224,2915980,276,289,60,12,18446744073709551557,100,-93,289,563,60,99,0,24,2916079
fd00::20f:f:f:f,18,0,2,204,224,2926507,277,290,60,12,18446744073709551571,100,-93,290,565,60,237,0,60,2926744
fd00::20f:f:f:f,18,0,2,204,224,2937034,278,291,60,12,18446744073709551559,100,-93,291,567,60,91,0,42,2937125
fd00::20f:f:f:f,18,0,1,205,224,2947561,279,292,60,12,18446744073709551564,100,-93,292,569,60,106,0,110,2947667
fd00::20f:f:f:f,18,0,2,204,224,2958088,280,293,60,12,18446744073709551576,100,-93,293,571,60,92,0,26,2958180
fd00::20f:f:f:f,18,0,1,205,224,2968615,281,294,60,12,18446744073709551576,100,-93,294,573,60,123,0,38,2968738
fd00::20f:f:f:f,18,0,2,204,224,2979142,282,295,60,12,18446744073709551557,100,-93,295,575,60,116,0,25,2979258
fd00::20f:f:f:f,18,0,2,204,224,2989669,283,296,60,12,18446744073709551563,100,-93,296,577,60,110,0,18,2989779
fd00::20f:f:f:f,18,0,2,204,224,3000196,284,298,60,12,18446744073709551563,100,-93,298,580,60,126,0,32,3000322
fd00::20f:f:f:f,18,0,3,203,224,3010723,285,299,60,12,18446744073709551557,100,-93,299,582,60,108,0,32,3010831
fd00::20f:f:f:f,18,0,2,204,224,3021250,286,300,60,12,18446744073709551577,100,-93,300,584,60,92,0,73,3021342
fd00::20f:f:f:f,18,0,2,204,224,3031777,287,301,60,12,18446744073709551558,100,-93,301,586,60,102,0,120,3031879
fd00::20f:f:f:f,18,0,2,205,225,3042304,288,302,60,12,18446744073709551575,100,-93,302,588,60,98,0,35,3042402
fd00::20f:f:f:f,18,0,2,204,224,3052831,289,303,60,12,18446744073709551563,100,-93,303,590,60,89,0,18,3052920
fd00::20f:f:f:f,18,0,2,205,225,3063358,290,304,60,12,18446744073709551569,100,-93,304,592,60,122,0,125,3063480
fd00::20f:f:f:f,18,0,2,204,224,3073885,291,305,60,12,18446744073709551557,100,-93,305,594,60,88,0,24,3073973
fd00::20f:f:f:f,18,0,2,204,224,3084412,292,306,60,12,18446744073709551557,100,-93,306,596,60,109,0,27,3084521
fd00::20f:f:f:f,18,0,2,205,225,3094939,293,307,60,12,18446744073709551569,100,-93,307,598,60,126,0,37,3095065
fd00::20f:f:f:f,18,0,1,205,224,3105466,294,308,60,12,18446744073709551557,100,-93,308,600,60,111,0,29,3105577
fd00::20f:f:f:f,18,0,1,205,224,3115993,295,309,60,12,18446744073709551595,100,-93,309,602,60,109,0,59,3116102
fd00::20f:f:f:f,18,0,2,204,224,3126520,296,310,60,12,18446744073709551562,100,-93,310,604,60,118,0,59,3126638
fd00::20f:f:f:f,18,0,2,204,224,3137047,297,311,60,12,18446744073709551557,100,-93,311,606,60,116,0,31,3137163
fd00::20f:f:f:f,18,0,1,205,224,3147574,298,312,60,12,18446744073709551570,100,-93,312,608,60,111,0,43,3147685
fd00::20f:f:f:f,18,0,1,205,224,3158101,299,313,60,12,18446744073709551565,100,-93,313,610,60,87,0,107,3158188
fd00::20f:f:f:f,18,0,2,204,224,3168628,300,314,60,12,18446744073709551557,100,-93,314,612,60,90,0,18,3168718
fd00::20f:f:f:f,18,0,2,205,225,3179155,301,315,60,12,18446744073709551564,100,-93,315,614,60,95,0,23,3179250
fd00::20f:f:f:f,18,0,1,205,224,3189682,302,316,60,12,18446744073709551557,100,-93,316,616,60,95,0,55,3189777
fd00::20f:f:f:f,18,0,2,204,224,3200212,303,318,60,12,18446744073709551557,100,-93,318,619,60,179,0,27,3200391
fd00::20f:f:f:f,18,0,3,203,224,3210736,304,319,60,12,18446744073709551563,100,-93,319,621,60,127,0,31,3210863
fd00::20f:f:f:f,18,0,2,204,224,3221263,305,320,60,12,18446744073709551575,100,-93,320,623,60,87,0,27,3221350
fd00::20f:f:f:f,18,0,2,204,224,3231790,306,321,60,12,26,100,-93,321,625,60,115,0,63,3231905
fd00::20f:f:f:f,18,0,1,205,224,3242317,307,322,60,12,18446744073709551557,100,-93,322,627,60,97,0,60,3242414
fd00::20f:f:f:f,18,0,1,205,224,3252844,308,323,60,12,18446744073709551557,100,-93,323,629,60,87,0,29,3252931
fd00::20f:f:f:f,18,0,2,204,224,3263371,309,324,60,12,18446744073709551562,100,-93,324,631,60,87,0,29,3263458
fd00::20f:f:f:f,18,0,2,204,224,3273898,310,325,60,12,18446744073709551557,100,-93,325,633,60,98,0,27,3273996
fd00::20f:f:f:f,18,0,2,204,224,3284425,311,326,60,12,18446744073709551564,100,-93,326,635,60,87,0,23,3284512
fd00::20f:f:f:f,18,0,1,205,224,3294952,312,327,60,12,18446744073709551574,100,-93,327,637,60,121,0,25,3295073
fd00::20f:f:f:f,18,0,1,205,224,3305479,313,328,60,12,18446744073709551557,100,-93,328,639,60,100,0,91,3305579
fd00::20f:f:f:f,18,0,2,205,225,3316006,314,329,60,12,18446744073709551578,100,-93,329,641,60,118,0,43,3316124
fd00::20f:f:f:f,18,0,2,204,224,3326533,315,330,60,12,18446744073709551569,100,-93,330,643,60,125,0,148,3326658
fd00::20f:f:f:f,18,0,2,204,224,3337060,316,331,60,12,18446744073709551557,100,-93,331,645,60,101,0,14,3337161
fd00::20f:f:f:f,18,0,2,204,224,3347587,317,332,60,12,18446744073709551557,100,-93,332,647,60,120,0,57,3347707
fd00::20f:f:f:f,18,0,2,204,224,3358114,318,333,60,12,18446744073709551579,100,-93,333,649,60,98,0,73,3358212
fd00::20f:f:f:f,18,0,1,205,224,3368641,319,334,60,12,18446744073709551568,100,-93,334,651,60,109,0,63,3368750
fd00::20f:f:f:f,18,0,1,205,224,3379168,320,335,60,12,18446744073709551570,100,-93,335,653,60,98,0,56,3379266
fd00::20f:f:f:f,18,0,2,204,224,3389695,321,336,60,12,18446744073709551557,100,-93,336,655,60,95,0,26,3389790
fd00::20f:f:f:f,18,0,3,203,224,3400222,322,338,60,12,18446744073709551557,100,-93,338,658,60,97,0,26,3400319
fd00::20f:f:f:f,18,0,2,204,224,3410749,323,339,60,12,18446744073709551557,100,-93,339,660,60,121,0,36,3410870
fd00::20f:f:f:f,18,0,2,204,224,3421276,324,340,60,12,18446744073709551557,100,-93,340,662,60,127,0,18,3421403
fd00::20f:f:f:f,18,0,2,204,224,3431803,325,341,60,12,18446744073709551557,100,-93,341,664,60,116,0,18,3431919
fd00::20f:f:f:f,18,0,2,204,224,3442330,326,342,60,12,18446744073709551557,100,-93,342,666,60,99,0,22,3442429
fd00::20f:f:f:f,18,0,2,204,224,3452857,327,343,60,12,18446744073709551564,100,-93,343,668,60,105,0,34,3452962
fd00::20f:f:f:f,18,0,2,204,224,3463384,328,344,60,12,18446744073709551557,100,-93,344,670,60,98,0,42,3463482
fd00::20f:f:f:f,18,0,2,205,225,3473911,329,345,60,12,18446744073709551557,100,-93,345,672,60,97,0,13,3474008
fd00::20f:f:f:f,18,0,1,205,224,3484438,330,346,60,12,18446744073709551580,100,-93,346,674,60,102,0,88,3484540
fd00::20f:f:f:f,18,0,1,205,224,3494965,331,347,60,12,18446744073709551557,100,-93,347,676,60,100,0,44,3495065
fd00::20f:f:f:f,18,0,1,205,224,3505492,332,348,60,12,18446744073709551557,100,-93,348,678,60,101,0,85,3505593
fd00::20f:f:f:f,18,0,2,204,224,3516019,333,349,60,12,18446744073709551563,100,-93,349,680,60,101,0,59,3516120
fd00::20f:f:f:f,18,0,2,204,224,3526546,334,350,60,12,18446744073709551557,100,-93,350,682,60,95,0,15,3526641
fd00::20f:f:f:f,18,0,2,204,224,3537073,335,351,60,12,18446744073709551578,100,-93,351,684,60,123,0,52,3537196
fd00::20f:f:f:f,18,0,2,204,224,3547600,336,352,60,12,18446744073709551581,100,-93,352,686,60,112,0,56,3547712
fd00::20f:f:f:f,18,0,2,204,224,3558127,337,353,60,12,18446744073709551567,100,-93,353,688,60,96,0,54,3558223
fd00::20f:f:f:f,18,0,2,204,224,3568654,338,354,60,12,18446744073709551580,100,-93,354,690,60,88,0,25,3568742
fd00::20f:f:f:f,18,0,2,204,224,3579181,339,355,60,12,18446744073709551557,100,-93,355,692,60,95,0,13,3579276
fd00::20f:f:f:f,18,0,1,205,224,3589708,340,356,60,12,18446744073709551578,100,-93,356,694,60,103,0,33,3589811
fd00::210:10:10:10,93,0,0,1020,1113,51846,1,0,60,0,0,0,0,0,1,60,177,2,0,52023
fd00::210:10:10:10,18,0,0,203,221,62215,2,1,60,12,162,100,-67,1,3,60,153,2,198,62368
fd00::210:10:10:10,18,0,1,203,222,72584,3,2,60,12,243,100,-67,2,5,60,152,2,211,72736
fd00::210:10:10:10,18,0,0,203,221,82953,4,3,60,12,278,100,-67,3,7,60,162,2,206,83115
fd00::210:10:10:10,18,0,0,203,221,93322,5,4,60,12,226,100,-67,4,9,60,188,2,221,93510
fd00::210:10:10:10,18,0,0,203,221,103691,6,5,60,12,335,100,-67,5,11,60,175,2,257,103866
fd00::210:10:10:10,18,0,1,203,222,114060,7,6,60,12,114,100,-67,6,13,60,164,2,181,114224
fd00::210:10:10:10,18,0,0,203,221,124429,8,7,60,12,181,100,-67,7,15,60,189,2,230,124618
fd00::210:10:10:10,18,0,1,202,221,134798,9,8,60,12,156,100,-67,8,17,60,183,2,159,134981
fd00::210:10:10:10,18,0,0,203,221,145167,10,9,60,12,210,100,-67,9,19,60,195,2,243,145362
fd00::210:10:10:10,18,0,0,203,221,155536,11,10,60,12,94,100,-67,10,21,60,182,2,159,155718
fd00::210:10:10:10,18,0,1,202,221,165905,12,11,60,12,158,100,-67,11,23,60,132,2,207,166037
fd00::210:10:10:10,18,0,1,203,222,176274,13,12,60,12,257,100,-67,12,25,60,172,2,275,176446
fd00::210:10:10:10,18,0,0,203,221,186643,14,13,60,12,227,100,-67,13,27,60,194,2,250,186837
fd00::210:10:10:10,18,0,0,203,221,197012,15,14,60,12,152,100,-67,14,29,60,133,2,157,197145
fd00::210:10:10:10,18,0,0,203,221,207381,16,15,60,12,121,100,-67,15,31,60,137,2,218,207518
fd00::210:10:10:10,18,0,1,202,221,217750,17,16,60,12,145,100,-67,16,33,60,221,2,262,217971
fd00::210:10:10:10,18,0,1,202,221,228119,18,17,60,12,209,100,-67,17,35,60,174,2,188,228293
fd00::210:10:10:10,18,0,0,203,221,238488,19,18,60,12,206,100,-67,18,37,60,213,2,252,238701
fd00::210:10:10:10,18,0,0,203,221,248857,20,19,60,12,310,100,-67,19,39,60,149,2,298,249006
fd00::210:10:10:10,18,0,1,203,222,259226,21,20,60,12,241,100,-67,20,41,60,184,2,239,259410
fd00::210:10:10:10,18,0,1,202,221,269595,22,21,60,12,40,100,-67,21,43,60,240,2,222,269835
fd00::210:10:10:10,18,0,1,203,222,279964,23,22,60,12,175,100,-67,23,45,60,390,2,171,280354
fd00::210:10:10:10,18,0,2,201,221,290334,24,24,60,12,106,100,-67,24,48,60,358,2,237,290692
fd00::210:10:10:10,18,0,1,202,221,300702,25,25,60,12,75,100,-67,25,50,60,186,2,189,300888
fd00::210:10:10:10,18,0,0,203,221,311071,26,26,60,12,90,100,-67,26,52,60,236,2,197,311307
fd00::210:10:10:10,18,0,0,203,221,321440,27,27,60,12,242,100,-67,27,54,60,232,2,238,321672
fd00::210:10:10:10,18,0,1,203,222,331809,28,28,60,12,158,100,-67,28,56,60,152,2,222,331961
fd00::210:10:10:10,18,0,1,202,221,342178,29,29,60,12,135,100,-67,29,58,60,161,2,220,342339
fd00::210:10:10:10,18,0,1,203,222,352547,30,30,60,12,153,100,-67,30,60,60,187,2,246,352734
fd00::210:10:10:10,18,0,1,203,222,362916,31,31,60,12,413,100,-67,31,62,60,203,2,398,363119
fd00::210:10:10:10,18,0,0,203,221,373285,32,32,60,12,155,100,-67,32,64,60,172,2,254,373457
fd00::210:10:10:10,18,0,1,202,221,383654,33,33,60,12,46,100,-67,33,66,60,151,2,155,383805
fd00::210:10:10:10,18,0,1,203,222,394023,34,34,60,12,113,100,-67,34,68,60,317,2,278,394340
fd00::210:10:10:10,18,0,0,203,221,404392,35,35,60,12,388,100,-67,35,70,60,160,2,275,404552
fd00::210:10:10:10,18,0,0,203,221,414761,36,36,60,12,145,100,-67,36,72,60,140,2,159,414901
fd00::210:10:10:10,18,0,1,202,221,425130,37,37,60,12,54,100,-67,37,74,60,171,2,122,425301
fd00::210:10:10:10,18,0,1,203,222,435499,38,38,60,12,140,100,-67,38,76,60,177,2,213,435676
fd00::210:10:10:10,18,0,0,203,221,445868,39,39,60,12,175,100,-67,39,78,60,158,2,266,446026
fd00::210:10:10:10,18,0,0,203,221,456237,40,40,60,12,169,100,-67,40,80,60,193,2,290,456430
fd00::210:10:10:10,18,0,0,203,221,466606,41,41,60,12,152,100,-67,41,82,60,217,2,161,466823
fd00::210:10:10:10,18,0,1,202,221,476975,42,42,60,12,195,100,-67,42,84,60,176,2,214,477151
fd00::210:10:10:10,18,0,1,202,221,487344,43,43,60,12,65,100,-67,43,86,60,187,2,143,487531
fd00::210:10:10:10,18,0,0,203,221,497713,44,44,60,12,289,100,-67,44,88,60,369,2,244,498082
fd00::210:10:10:10,18,0,0,203,221,508082,45,45,60,12,345,100,-67,45,90,60,183,2,324,508265
fd00::210:10:10:10,18,0,1,202,221,518451,46,46,60,12,66,100,-67,46,92,60,163,2,167,518614
fd00::210:10:10:10,18,0,1,203,222,528820,47,47,60,12,295,100,-67,47,94,60,185,2,315,529005
fd00::210:10:10:10,18,0,1,203,222,539189,48,48,60,12,220,100,-67,48,96,60,166,2,291,539355
fd00::210:10:10:10,18,0,1,203,222,549558,49,49,60,12,83,100,-67,49,98,60,167,2,197,549725
fd00::210:10:10:10,18,0,1,202,221,559927,50,50,60,12,57,100,-67,51,100,60,233,2,186,560160
fd00::210:10:10:10,18,0,1,202,221,570296,51,52,60,12,158,100,-67,52,103,60,168,2,158,570464
fd00::210:10:10:10,18,0,1,202,221,580665,52,53,60,12,175,100,-67,53,105,60,177,2,255,580842
fd00::210:10:10:10,18,0,0,203,221,591034,53,54,60,12,244,100,-67,54,107,60,172,2,341,591206
fd00::210:10:10:10,18,0,0,203,221,601403,54,54,60,12,244,100,-67,55,108,60,182,2,341,601585
fd00::210:10:10:10,18,0,1,203,222,611772,55,55,60,12,219,100,-67,56,110,60,165,2,223,611937
fd00::210:10:10:10,18,0,0,203,221,622141,56,56,60,12,325,100,-67,57,112,60,191,2,255,622332
fd00::210:10:10:10,18,0,0,203,221,632510,57,57,60,12,273,100,-67,58,114,60,141,2,319,632651
fd00::210:10:10:10,18,0,0,203,221,642879,58,58,60,12,228,100,-67,59,116,60,212,2,353,643091
fd00::210:10:10:10,18,0,0,203,221,653248,59,58,60,12,228,100,-67,60,117,60,184,2,353,653432
fd00::210:10:10:10,18,0,1,202,221,663617,60,59,60,12,379,100,-67,61,119,60,189,2,284,663806
fd00::210:10:10:10,18,0,0,203,221,673986,61,59,60,12,379,100,-67,62,120,60,161,2,284,674147
fd00::210:10:10:10,18,0,0,203,221,684355,62,59,60,12,379,100,-67,63,121,60,172,2,284,684527
fd00::210:10:10:10,18,0,0,203,221,694724,63,60,60,12,173,100,-67,64,123,60,265,2,162,694989
fd00::210:10:10:10,18,0,1,202,221,705093,64,61,60,12,363,100,-67,65,125,60,163,2,350,705256
fd00::210:10:10:10,18,0,0,203,221,715462,65,61,60,12,363,100,-67,66,126,60,164,2,350,715626
fd00::210:10:10:10,18,0,1,203,222,725831,66,61,60,12,363,100,-67,67,127,60,220,2,350,726051
fd00::210:10:10:10,18,0,0,203,221,736200,67,61,60,12,363,100,-67,68,128,60,141,2,350,736341
fd00::210:10:10:10,18,0,0,203,221,746569,68,62,60,12,201,100,-67,69,130,60,192,2,217,746761
fd00::210:10:10:10,18,0,1,202,221,756938,69,63,60,12,152,100,-67,70,132,60,152,2,174,757090
fd00::210:10:10:10,18,0,0,203,221,767307,70,64,60,12,165,100,-67,71,134,60,151,2,219,767458
fd00::210:10:10:10,18,0,0,203,221,777676,71,65,60,12,191,100,-67,72,136,60,167,2,200,777843
fd00::210:10:10:10,18,0,1,203,222,788045,72,66,60,12,103,100,-67,73,138,60,165,2,131,788210
fd00::210:10:10:10,18,0,0,203,221,798414,73,67,60,12,390,100,-67,74,140,60,164,2,275,798578
fd00::210:10:10:10,18,0,0,203,221,808783,74,68,60,12,269,100,-67,75,142,60,131,2,215,808914
fd00::210:10:10:10,18,0,1,203,222,819152,75,69,60,12,117,100,-67,76,144,60,162,2,218,819314
fd00::210:10:10:10,18,0,1,203,222,829521,76,70,60,12,63,100,-67,77,145,60,183,2,218,829704
fd00::210:10:10:10,18,0,0,203,221,839890,77,71,60,12,340,100,-67,79,147,60,125,2,233,840015
fd00::210:10:10:10,18,0,1,202,221,850259,78,72,60,12,197,100,-67,80,149,60,233,2,366,850492
fd00::210:10:10:10,18,0,1,202,221,860628,79,73,60,12,158,100,-67,81,151,60,127,2,153,860755
fd00::210:10:10:10,18,0,1,203,222,870997,80,74,60,12,168,100,-67,82,153,60,177,2,207,871174
fd00::210:10:10:10,18,0,1,202,221,881366,81,75,60,12,162,100,-67,83,155,60,186,2,257,881552
fd00::210:10:10:10,18,0,0,203,221,891735,82,76,60,12,212,100,-67,84,157,60,173,2,345,891908
fd00::210:10:10:10,18,0,0,203,221,902104,83,77,60,12,241,100,-67,85,159,60,129,2,325,902233
fd00::210:10:10:10,18,0,1,202,221,912473,84,78,60,12,177,100,-67,86,161,60,211,2,199,912684
fd00::210:10:10:10,18,0,0,203,221,922842,85,79,60,12,320,100,-67,87,163,60,206,2,249,923048
fd00::210:10:10:10,18,0,0,203,221,933211,86,80,60,12,290,100,-67,88,165,60,156,2,239,933367
fd00::210:10:10:10,18,0,0,203,221,943580,87,81,60,12,320,100,-67,89,167,60,183,2,244,943763
fd00::210:10:10:10,18,0,1,203,222,953949,88,82,60,12,319,100,-67,90,169,60,234,2,257,954183
fd00::210:10:10:10,18,0,1,202,221,964318,89,83,60,12,208,100,-67,91,171,60,240,2,260,964558
fd00::210:10:10:10,18,0,0,203,221,974687,90,84,60,12,307,100,-67,92,173,60,177,2,262,974864
fd00::210:10:10:10,18,0,0,203,221,985056,91,85,60,12,117,100,-67,93,175,60,128,2,191,985184
fd00::210:10:10:10,18,0,0,203,221,995425,92,85,60,12,117,100,-67,94,176,60,180,2,191,995605
fd00::210:10:10:10,18,0,0,203,221,1005794,93,86,60,12,108,100,-67,95,178,60,176,2,143,1005970
fd00::210:10:10:10,18,0,1,203,222,1016163,94,87,60,12,291,100,-67,96,180,60,211,2,271,1016374
fd00::210:10:10:10,18,0,1,202,221,1026532,95,88,60,12,292,100,-67,97,182,60,196,2,212,1026728
fd00::210:10:10:10,18,0,2,201,221,1036901,96,89,60,12,189,100,-67,98,183,60,143,2,212,1037044
fd00::210:10:10:10,18,0,1,202,221,1047270,97,90,60,12,356,100,-67,99,185,60,204,2,363,1047474
fd00::210:10:10:10,18,0,0,203,221,1057639,98,91,60,12,199,100,-67,100,187,60,152,2,346,1057791
fd00::210:10:10:10,18,0,0,203,221,1068008,99,91,60,12,199,100,-67,101,188,60,150,2,346,1068158
fd00::210:10:10:10,18,0,1,202,221,1078377,100,92,60,12,308,100,-67,102,190,60,184,2,365,1078561
fd00::210:10:10:10,18,0,0,203,221,1088746,101,92,60,12,308,100,-67,103,191,60,197,2,365,1088943
fd00::210:10:10:10,18,0,1,202,221,1099115,102,93,60,12,256,100,-67,104,193,60,160,2,228,1099275
fd00::210:10:10:10,18,0,1,202,221,1109484,103,94,60,12,236,100,-67,105,195,60,153,2,244,1109637
fd00::210:10:10:10,18,0,1,203,222,1119853,104,94,60,12,236,100,-67,107,196,60,175,2,244,1120028
fd00::210:10:10:10,18,0,1,203,222,1130222,105,95,60,12,311,100,-67,108,198,60,420,2,341,1130642
fd00::210:10:10:10,18,0,2,201,221,1140591,106,97,60,12,216,100,-67,109,201,60,175,2,204,1140766
fd00::210:10:10:10,18,0,0,203,221,1150960,107,97,60,12,216,100,-67,110,202,60,184,2,204,1151144
fd00::210:10:10:10,18,0,1,203,222,1161329,108,98,60,12,129,100,-67,111,204,60,150,2,174,1161479
fd00::210:10:10:10,18,0,0,203,221,1171698,109,99,60,12,406,100,-67,112,206,60,162,2,285,1171860
fd00::210:10:10:10,18,0,0,203,221,1182067,110,99,60,12,406,100,-67,113,207,60,172,2,285,1182239
fd00::210:10:10:10,18,0,0,203,221,1192436,111,99,60,12,406,100,-67,114,208,60,190,2,285,1192626
fd00::210:10:10:10,18,0,0,203,221,1202805,112,100,60,12,192,100,-67,115,210,60,172,2,272,1202977
fd00::210:10:10:10,18,0,0,203,221,1213174,113,101,60,12,420,100,-67,116,212,60,171,2,321,1213345
fd00::210:10:10:10,18,0,0,203,221,1223543,114,102,60,12,200,100,-67,117,214,60,182,2,216,1223725
fd00::210:10:10:10,18,0,1,202,221,1233912,115,103,60,12,264,100,-67,118,216,60,160,2,260,1234072
fd00::210:10:10:10,18,0,1,202,221,1244281,116,104,60,12,246,100,-67,119,218,60,180,2,254,1244461
fd00::210:10:10:10,18,0,0,203,221,1254650,117,105,60,12,307,100,-67,120,220,60,199,2,250,1254849
fd00::210:10:10:10,18,0,0,203,221,1265019,118,106,60,12,275,100,-67,121,222,60,206,2,298,1265225
fd00::210:10:10:10,18,0,0,203,221,1275388,119,107,60,12,91,100,-67,122,224,60,182,2,281,1275570
fd00::210:10:10:10,18,0,0,203,221,1285757,120,108,60,12,132,100,-67,123,226,60,159,2,276,1285916
fd00::210:10:10:10,18,0,1,203,222,1296126,121,109,60,12,180,100,-67,124,228,60,164,2,169,1296290
fd00::210:10:10:10,18,0,0,203,221,1306495,122,110,60,12,108,100,-67,125,230,60,166,2,183,1306661
fd00::210:10:10:10,18,0,0,203,221,1316864,123,111,60,12,113,100,-67,126,231,60,158,2,183,1317022
fd00::210:10:10:10,18,0,0,203,221,1327233,124,112,60,12,238,100,-67,127,233,60,161,2,207,1327394
fd00::210:10:10:10,18,0,0,203,221,1337602,125,113,60,12,206,100,-67,128,235,60,158,2,217,1337760
fd00::210:10:10:10,18,0,1,203,222,1347971,126,114,60,12,210,100,-67,129,237,60,167,2,186,1348138
fd00::210:10:10:10,18,0,1,202,221,1358340,127,115,60,12,117,100,-67,130,239,60,178,2,189,1358518
fd00::210:10:10:10,18,0,0,203,221,1368709,128,115,60,12,117,100,-67,131,240,60,153,2,189,1368862
fd00::210:10:10:10,18,0,0,203,221,1379078,129,116,60,12,127,100,-67,132,242,60,180,2,153,1379258
fd00::210:10:10:10,18,0,0,203,221,1389447,130,117,60,12,303,100,-67,133,244,60,160,2,238,1389607
fd00::210:10:10:10,18,0,0,203,221,1399816,131,118,60,12,215,100,-67,134,246,60,147,2,225,1399963
fd00::210:10:10:10,18,0,1,202,221,1410185,132,119,60,12,276,100,-67,136,248,60,165,2,283,1410350
fd00::210:10:10:10,18,0,1,203,222,1420554,133,120,60,12,105,100,-67,137,250,60,203,2,157,1420757
fd00::210:10:10:10,18,0,1,202,221,1430923,134,121,60,12,242,100,-67,138,252,60,153,2,265,1431076
fd00::210:10:10:10,18,0,0,203,221,1441292,135,122,60,12,207,100,-67,139,254,60,171,2,181,1441463
fd00::210:10:10:10,18,0,1,202,221,1451661,136,123,60,12,152,100,-67,140,256,60,165,2,317,1451826
fd00::210:10:10:10,18,0,1,202,221,1462030,137,124,60,12,152,100,-67,141,258,60,166,2,183,1462196
fd00::210:10:10:10,18,0,0,203,221,1472399,138,125,60,12,341,100,-67,142,260,60,174,2,329,1472573
fd00::210:10:10:10,18,0,0,203,221,1482768,139,126,60,12,234,100,-67,143,262,60,165,2,216,1482933
fd00::210:10:10:10,18,0,0,203,221,1493137,140,127,60,12,262,100,-67,144,264,60,186,2,338,1493323
fd00::210:10:10:10,18,0,1,203,222,1503506,141,128,60,12,210,100,-67,145,266,60,172,2,206,1503678
fd00::210:10:10:10,18,0,0,203,221,1513875,142,129,60,12,264,100,-67,146,268,60,193,2,233,1514068
fd00::210:10:10:10,18,0,0,203,221,1524244,143,129,60,12,264,100,-67,147,269,60,338,2,233,1524582
fd00::210:10:10:10,18,0,0,203,221,1534613,144,129,60,12,264,100,-67,148,270,60,185,2,233,1534798
fd00::210:10:10:10,18,0,1,202,221,1544982,145,130,60,12,164,100,-67,149,272,60,183,2,321,1545165
fd00::210:10:10:10,18,0,0,203,221,1555351,146,130,60,12,164,100,-67,150,273,60,170,2,321,1555521
fd00::210:10:10:10,18,0,0,203,221,1565720,147,130,60,12,164,100,-67,151,274,60,203,2,321,1565923
fd00::210:10:10:10,18,0,1,203,222,1576089,148,131,60,12,137,100,-67,152,276,60,163,2,190,1576252
fd00::210:10:10:10,18,0,0,203,221,1586458,149,132,60,12,172,100,-67,153,278,60,144,2,174,1586602
fd00::210:10:10:10,18,0,0,203,221,1596827,150,132,60,12,172,100,-67,154,279,60,141,2,174,1596968
fd00::210:10:10:10,18,0,0,203,221,1607196,151,133,60,12,225,100,-67,155,281,60,163,2,284,1607359
fd00::210:10:10:10,18,0,1,203,222,1617565,152,134,60,12,127,100,-67,156,283,60,188,2,240,1617753
fd00::210:10:10:10,18,0,0,203,221,1627934,153,135,60,12,419,100,-67,157,285,60,156,2,300,1628090
fd00::210:10:10:10,18,0,1,202,221,1638303,154,136,60,12,414,100,-67,158,287,60,180,2,465,1638483
fd00::210:10:10:10,18,0,1,202,221,1648672,155,137,60,12,180,100,-67,159,289,60,160,2,174,1648832
fd00::210:10:10:10,18,0,1,203,222,1659041,156,137,60,12,180,100,-67,160,290,60,147,2,174,1659188
fd00::210:10:10:10,18,0,0,203,221,1669410,157,138,60,12,205,100,-67,161,292,60,165,2,221,1669575
fd00::210:10:10:10,18,0,1,203,222,1679779,158,139,60,12,438,100,-67,162,294,60,141,2,309,1679920
fd00::210:10:10:10,18,0,1,203,222,1690148,159,140,60,12,71,100,-67,164,296,60,325,2,192,1690473
fd00::210:10:10:10,18,0,1,202,221,1700517,160,141,60,12,226,100,-67,165,298,60,228,2,179,1700745
fd00::210:10:10:10,18,0,0,203,221,1710886,161,142,60,12,280,100,-67,166,300,60,136,2,253,1711022
fd00::210:10:10:10,18,0,0,203,221,1721255,162,143,60,12,274,100,-67,167,302,60,180,2,294,1721435
fd00::210:10:10:10,18,0,1,203,222,1731624,163,144,60,12,187,100,-67,168,304,60,154,2,197,1731778
fd00::210:10:10:10,18,0,0,203,221,1741993,164,145,60,12,193,100,-67,169,306,60,161,2,183,1742154
fd00::210:10:10:10,18,0,1,203,222,1752362,165,146,60,12,163,100,-67,170,308,60,179,2,240,1752541
fd00::210:10:10:10,18,0,1,202,221,1762731,166,147,60,12,407,100,-67,171,310,60,181,2,341,1762912
fd00::210:10:10:10,18,0,0,203,221,1773100,167,148,60,12,521,100,-67,172,312,60,169,2,371,1773269
fd00::210:10:10:10,18,0,0,203,221,1783469,168,149,60,12,235,100,-67,173,314,60,187,2,334,1783656
fd00::210:10:10:10,18,0,1,203,222,1793838,169,150,60,12,164,100,-67,174,316,60,176,2,223,1794014
fd00::210:10:10:10,18,0,0,203,221,1804207,170,151,60,12,245,100,-67,175,318,60,187,2,205,1804394
fd00::210:10:10:10,18,0,0,203,221,1814576,171,152,60,12,262,100,-67,176,320,60,170,2,216,1814746
fd00::210:10:10:10,18,0,1,202,221,1824945,172,153,60,12,286,100,-67,177,322,60,151,2,224,1825096
fd00::210:10:10:10,18,0,0,203,221,1835314,173,154,60,12,361,100,-67,178,324,60,165,2,276,1835479
fd00::210:10:10:10,18,0,0,203,221,1845683,174,154,60,12,361,100,-67,179,325,60,169,2,276,1845852
fd00::210:10:10:10,18,0,0,203,221,1856052,175,155,60,12,180,100,-67,180,327,60,169,2,178,1856221
fd00::210:10:10:10,18,0,0,203,221,1866421,176,156,60,12,88,100,-67,181,329,60,180,2,185,1866601
fd00::210:10:10:10,18,0,0,203,221,1876790,177,157,60,12,256,100,-67,182,331,60,208,2,251,1876998
fd00::210:10:10:10,18,0,1,202,221,1887159,178,158,60,12,88,100,-67,183,333,60,167,2,165,1887326
fd00::210:10:10:10,18,0,0,203,221,1897528,179,159,60,12,258,100,-67,184,335,60,187,2,250,1897715
fd00::210:10:10:10,18,0,0,203,221,1907897,180,160,60,12,175,100,-67,185,337,60,185,2,217,1908082
fd00::210:10:10:10,18,0,0,203,221,1918266,181,161,60,12,270,100,-67,186,339,60,172,2,242,1918438
fd00::210:10:10:10,18,0,0,203,221,1928635,182,161,60,12,270,100,-67,187,340,60,151,2,242,1928786
fd00::210:10:10:10,18,0,1,202,221,1939004,183,162,60,12,378,100,-67,188,342,60,150,2,259,1939154
fd00::210:10:10:10,18,0,0,203,221,1949373,184,162,60,12,378,100,-67,189,343,60,171,2,259,1949544
fd00::210:10:10:10,18,0,0,203,221,1959742,185,163,60,12,61,100,-67,190,345,60,174,2,109,1959916
fd00::210:10:10:10,18,0,1,202,221,1980480,187,166,60,12,298,100,-67,193,349,60,199,2,252,1980679
fd00::210:10:10:10,18,0,1,203,222,1990849,188,167,60,12,308,100,-67,194,351,60,182,2,232,1991031
fd00::210:10:10:10,18,0,0,203,221,2001218,189,167,60,12,308,100,-67,195,352,60,179,2,232,2001397
fd00::210:10:10:10,18,0,0,203,221,2011587,190,167,60,12,308,100,-67,196,353,60,133,2,232,2011720
fd00::210:10:10:10,18,0,0,203,221,2021956,191,167,60,12,308,100,-67,197,354,60,187,2,232,2022143
fd00::210:10:10:10,18,0,0,203,221,2032325,192,168,60,12,307,100,-67,198,356,60,158,2,224,2032483
fd00::210:10:10:10,18,0,1,202,221,2042694,193,169,60,12,295,100,-67,199,358,60,187,2,292,2042881
fd00::210:10:10:10,18,0,0,203,221,2053063,194,170,60,12,281,100,-67,200,360,60,185,2,308,2053248
fd00::210:10:10:10,18,0,0,203,221,2063432,195,170,60,12,281,100,-67,201,361,60,176,2,308,2063608
fd00::210:10:10:10,18,0,0,203,221,2073801,196,171,60,12,195,100,-67,202,363,60,213,2,205,2074014
fd00::210:10:10:10,18,0,0,203,221,2084170,197,172,60,12,275,100,-67,203,365,60,168,2,300,2084338
fd00::210:10:10:10,18,0,1,203,222,2094539,198,173,60,12,274,100,-67,204,367,60,161,2,274,2094700
fd00::210:10:10:10,18,0,0,203,221,2104908,199,174,60,12,385,100,-67,205,369,60,120,2,291,2105028
fd00::210:10:10:10,18,0,0,203,221,2115277,200,175,60,12,127,100,-67,206,371,60,174,2,128,2115451
fd00::210:10:10:10,18,0,0,203,221,2125646,201,176,60,12,201,100,-67,207,373,60,204,2,209,2125850
fd00::210:10:10:10,18,0,0,203,221,2136015,202,176,60,12,201,100,-67,208,374,60,197,2,209,2136212
fd00::210:10:10:10,18,0,0,203,221,2146384,203,177,60,12,381,100,-67,209,376,60,165,2,290,2146549
fd00::210:10:10:10,18,0,0,203,221,2156753,204,178,60,12,405,100,-67,210,378,60,161,2,341,2156914
fd00::210:10:10:10,18,0,0,203,221,2167122,205,178,60,12,405,100,-67,211,379,60,141,2,341,2167263
fd00::210:10:10:10,18,0,0,203,221,2177491,206,178,60,12,405,100,-67,212,380,60,181,2,341,2177672
fd00::210:10:10:10,18,0,0,203,221,2187860,207,179,60,12,219,100,-67,213,382,60,178,2,307,2188038
fd00::210:10:10:10,18,0,1,203,222,2198229,208,180,60,12,263,100,-67,214,384,60,272,2,260,2198501
fd00::210:10:10:10,18,0,0,203,221,2208598,209,181,60,12,196,100,-67,215,386,60,183,2,191,2208781
fd00::210:10:10:10,18,0,0,203,221,2218967,210,182,60,12,141,100,-67,216,388,60,152,2,155,2219119
fd00::210:10:10:10,18,0,0,203,221,2229336,211,182,60,12,141,100,-67,217,389,60,196,2,155,2229532
fd00::210:10:10:10,18,0,0,203,221,2239705,212,183,60,12,332,100,-67,218,391,60,178,2,251,2239883
fd00::210:10:10:10,18,0,1,203,222,2250074,213,184,60,12,300,100,-67,220,393,60,524,2,340,2250598
fd00::210:10:10:10,18,0,1,202,221,2260443,214,186,60,12,114,100,-67,221,396,60,214,2,257,2260657
fd00::210:10:10:10,18,0,0,203,221,2270812,215,187,60,12,233,100,-67,222,397,60,159,2,257,2270971
fd00::210:10:10:10,18,0,1,203,222,2281181,216,188,60,12,424,100,-67,223,399,60,214,2,293,2281395
fd00::210:10:10:10,18,0,1,202,221,2291550,217,189,60,12,293,100,-67,224,401,60,192,2,302,2291742
fd00::210:10:10:10,18,0,1,203,222,2301925,218,190,60,12,134,100,-67,225,402,60,198,2,302,2302123
fd00::210:10:10:10,18,0,0,203,221,2312288,219,191,60,12,243,100,-67,226,404,60,161,2,235,2312449
fd00::210:10:10:10,18,0,0,203,221,2322657,220,192,60,12,141,100,-67,227,406,60,187,2,187,2322844
fd00::210:10:10:10,18,0,0,203,221,2333026,221,193,60,12,171,100,-67,228,408,60,161,2,237,2333187
fd00::210:10:10:10,18,0,1,203,222,2343395,222,194,60,12,54,100,-67,229,410,60,173,2,148,2343568
fd00::210:10:10:10,18,0,1,203,222,2353764,223,195,60,12,297,100,-67,230,412,60,150,2,271,2353914
fd00::210:10:10:10,18,0,0,203,221,2364133,224,196,60,12,86,100,-67,231,414,60,176,2,216,2364309
fd00::210:10:10:10,18,0,0,203,221,2374502,225,197,60,12,121,100,-67,232,416,60,191,2,198,2374693
fd00::210:10:10:10,18,0,0,203,221,2384871,226,197,60,12,121,100,-67,233,417,60,149,2,198,2385020
fd00::210:10:10:10,18,0,0,203,221,2395240,227,198,60,12,121,100,-67,234,419,60,178,2,194,2395418
fd00::210:10:10:10,18,0,0,203,221,2405609,228,199,60,12,151,100,-67,235,421,60,146,2,294,2405755
fd00::210:10:10:10,18,0,0,203,221,2415978,229,200,60,12,258,100,-67,236,423,60,201,2,207,2416179
fd00::210:10:10:10,18,0,0,203,221,2426347,230,201,60,12,160,100,-67,237,425,60,167,2,184,2426514
fd00::210:10:10:10,18,0,0,203,221,2436716,231,202,60,12,111,100,-67,238,427,60,184,2,137,2436900
fd00::210:10:10:10,18,0,0,203,221,2447085,232,203,60,12,262,100,-67,239,429,60,170,2,252,2447255
fd00::210:10:10:10,18,0,1,202,221,2457454,233,204,60,12,383,100,-67,240,431,60,198,2,400,2457652
fd00::210:10:10:10,18,0,0,203,221,2467823,234,204,60,12,383,100,-67,241,432,60,154,2,400,2467977
fd00::210:10:10:10,18,0,0,203,221,2478192,235,204,60,12,383,100,-67,242,433,60,196,2,400,2478388
fd00::210:10:10:10,18,0,0,203,221,2488561,236,204,60,12,383,100,-67,243,434,60,123,2,400,2488684
fd00::210:10:10:10,18,0,0,203,221,2498930,237,204,60,12,383,100,-67,244,435,60,182,2,400,2499112
fd00::210:10:10:10,18,0,0,203,221,2509299,238,205,60,12,218,100,-67,245,437,60,176,2,238,2509475
fd00::210:10:10:10,18,0,1,202,221,2519668,239,206,60,12,144,100,-67,246,439,60,173,2,168,2519841
fd00::210:10:10:10,18,0,0,203,221,2530037,240,207,60,12,309,100,-67,248,441,60,175,2,274,2530212
fd00::210:10:10:10,18,0,1,202,221,2540406,241,209,60,12,258,100,-67,249,444,60,267,2,246,2540673
fd00::210:10:10:10,18,0,1,202,221,2550775,242,210,60,12,432,100,-67,250,446,60,241,2,292,2551016
fd00::210:10:10:10,18,0,0,203,221,2561144,243,211,60,12,360,100,-67,251,448,60,199,2,265,2561343
fd00::210:10:10:10,18,0,0,203,221,2571513,244,211,60,12,360,100,-67,252,449,60,197,2,265,2571710
fd00::210:10:10:10,18,0,1,203,222,2581882,245,212,60,12,188,100,-67,253,451,60,168,2,194,2582050
fd00::210:10:10:10,18,0,0,203,221,2592251,246,212,60,12,188,100,-67,254,452,60,154,2,194,2592405
fd00::210:10:10:10,18,0,0,203,221,2602620,247,212,60,12,188,100,-67,255,453,60,197,2,194,2602817
fd00::210:10:10:10,18,0,0,203,221,2612989,248,212,60,12,188,100,-67,256,454,60,151,2,194,2613140
fd00::210:10:10:10,18,0,0,203,221,2623358,249,212,60,12,188,100,-67,257,455,60,182,2,194,2623540
fd00::210:10:10:10,18,0,1,202,221,2633727,250,213,60,12,190,100,-67,258,457,60,129,2,265,2633856
fd00::210:10:10:10,18,0,0,203,221,2644096,251,214,60,12,183,100,-67,259,459,60,149,2,212,2644245
fd00::210:10:10:10,18,0,0,203,221,2654465,252,215,60,12,365,100,-67,260,461,60,186,2,281,2654651
fd00::210:10:10:10,18,0,0,203,221,2664834,253,216,60,12,172,100,-67,261,463,60,197,2,190,2665031
fd00::210:10:10:10,18,0,0,203,221,2675203,254,217,60,12,353,100,-67,262,465,60,153,2,252,2675356
fd00::210:10:10:10,18,0,0,203,221,2685572,255,218,60,12,289,100,-67,263,467,60,184,2,257,2685756
fd00::210:10:10:10,18,0,0,203,221,2695941,256,218,60,12,289,100,-67,264,468,60,167,2,257,2696108
fd00::210:10:10:10,18,0,0,203,221,2706310,257,218,60,12,289,100,-67,265,469,60,193,2,257,2706503
fd00::210:10:10:10,18,0,0,203,221,2716679,258,219,60,12,214,100,-67,266,471,60,206,2,194,2716885
fd00::210:10:10:10,18,0,1,202,221,2727048,259,220,60,12,421,100,-67,267,473,60,167,2,295,2727215
fd00::210:10:10:10,18,0,0,203,221,2737417,260,220,60,12,421,100,-67,268,474,60,199,2,295,2737616
fd00::210:10:10:10,18,0,0,203,221,2747786,261,221,60,12,422,100,-67,269,476,60,166,2,284,2747952
fd00::210:10:10:10,18,0,0,203,221,2758155,262,222,60,12,202,100,-67,270,478,60,242,2,214,2758397
fd00::210:10:10:10,18,0,0,203,221,2768524,263,223,60,12,364,100,-67,271,480,60,158,2,338,2768682
fd00::210:10:10:10,18,0,0,203,221,2778893,264,224,60,12,327,100,-67,272,482,60,186,2,267,2779079
fd00::210:10:10:10,18,0,0,203,221,2789262,265,225,60,12,190,100,-67,273,484,60,164,2,189,2789426
fd00::210:10:10:10,18,0,1,202,221,2799631,266,226,60,12,239,100,-67,274,486,60,160,2,250,2799791
fd00::210:10:10:10,18,0,0,203,221,2810000,267,227,60,12,97,100,-67,276,488,60,296,2,211,2810296
fd00::210:10:10:10,18,0,1,202,221,2820369,268,228,60,12,292,100,-67,277,490,60,177,2,289,2820546
fd00::210:10:10:10,18,0,0,203,221,2830738,269,229,60,12,305,100,-67,278,492,60,177,2,251,2830915
fd00::210:10:10:10,18,0,1,203,222,2841107,270,230,60,12,227,100,-67,279,494,60,211,2,259,2841318
fd00::210:10:10:10,18,0,0,203,221,2851476,271,230,60,12,227,100,-67,280,495,60,178,2,259,2851654
fd00::210:10:10:10,18,0,0,203,221,2861845,272,231,60,12,176,100,-67,281,497,60,166,2,272,2862011
fd00::210:10:10:10,18,0,0,203,221,2872214,273,232,60,12,171,100,-67,282,499,60,173,2,268,2872387
fd00::210:10:10:10,18,0,0,203,221,2882583,274,232,60,12,171,100,-67,283,500,60,145,2,268,2882728
fd00::210:10:10:10,18,0,0,203,221,2892952,275,232,60,12,171,100,-67,284,501,60,143,2,268,2893095
fd00::210:10:10:10,18,0,1,203,222,2903321,276,233,60,12,208,100,-67,285,503,60,158,2,232,2903479
fd00::210:10:10:10,18,0,1,203,222,2913690,277,234,60,12,142,100,-67,286,505,60,157,2,194,2913847
fd00::210:10:10:10,18,0,0,203,221,2924059,278,235,60,12,321,100,-67,287,507,60,195,2,274,2924254
fd00::210:10:10:10,18,0,0,203,221,2934428,279,236,60,12,335,100,-67,288,509,60,227,2,274,2934655
fd00::210:10:10:10,18,0,0,203,221,2944797,280,236,60,12,335,100,-67,289,510,60,177,2,274,2944974
fd00::210:10:10:10,18,0,0,203,221,2955166,281,237,60,12,134,100,-67,290,512,60,145,2,215,2955311
fd00::210:10:10:10,18,0,0,203,221,2965535,282,237,60,12,134,100,-67,291,513,60,121,2,215,2965656
fd00::210:10:10:10,18,0,1,202,221,2975904,283,238,60,12,298,100,-67,292,515,60,146,2,290,2976050
fd00::210:10:10:10,18,0,0,203,221,2986273,284,239,60,12,96,100,-67,293,517,60,207,2,180,2986480
fd00::210:10:10:10,18,0,0,203,221,2996642,285,240,60,12,146,100,-67,294,519,60,146,2,219,2996788
fd00::210:10:10:10,18,0,0,203,221,3007011,286,240,60,12,146,100,-67,295,520,60,152,2,219,3007163
fd00::210:10:10:10,18,0,1,202,221,3017380,287,241,60,12,201,100,-67,296,522,60,180,2,220,3017560
fd00::210:10:10:10,18,0,1,203,222,3027749,288,242,60,12,183,100,-67,297,524,60,173,2,162,3027922
fd00::210:10:10:10,18,0,0,203,221,3038118,289,242,60,12,183,100,-67,298,525,60,190,2,162,3038308
fd00::210:10:10:10,18,0,0,203,221,3048487,290,243,60,12,324,100,-67,299,527,60,224,2,270,3048711
fd00::210:10:10:10,18,0,0,203,221,3058856,291,244,60,12,150,100,-67,300,529,60,175,2,213,3059031
fd00::210:10:10:10,18,0,0,203,221,3069225,292,245,60,12,425,100,-67,301,531,60,209,2,326,3069434
fd00::210:10:10:10,18,0,1,202,221,3079594,293,246,60,12,214,100,-67,302,533,60,153,2,217,3079747
fd00::210:10:10:10,18,0,0,203,221,3089963,294,247,60,12,336,100,-67,304,535,60,360,2,290,3090323
fd00::210:10:10:10,18,0,0,203,221,3100332,295,247,60,12,336,100,-67,305,536,60,341,2,290,3100673
fd00::210:10:10:10,18,0,0,203,221,3110701,296,248,60,12,369,100,-67,306,538,60,169,2,271,3110870
fd00::210:10:10:10,18,0,0,203,221,3121070,297,249,60,12,433,100,-67,307,540,60,137,2,327,3121207
fd00::210:10:10:10,18,0,1,203,222,3131439,298,250,60,12,381,100,-67,308,542,60,138,2,300,3131577
fd00::210:10:10:10,18,0,0,203,221,3141808,299,250,60,12,381,100,-67,309,543,60,156,2,300,3141964
fd00::210:10:10:10,18,0,0,203,221,3152177,300,250,60,12,381,100,-67,310,544,60,186,2,300,3152363
fd00::210:10:10:10,18,0,1,202,221,3162546,301,251,60,12,246,100,-67,311,546,60,174,2,329,3162720
fd00::210:10:10:10,18,0,0,203,221,3172915,302,252,60,12,269,100,-67,312,548,60,178,2,299,3173093
fd00::210:10:10:10,18,0,0,203,221,3183284,303,252,60,12,269,100,-67,313,549,60,180,2,299,3183464
fd00::210:10:10:10,18,0,0,203,221,3193653,304,252,60,12,269,100,-67,314,550,60,204,2,299,3193857
fd00::210:10:10:10,18,0,0,203,221,3204022,305,253,60,12,343,100,-67,315,552,60,159,2,278,3204181
fd00::210:10:10:10,18,0,1,202,221,3214391,306,254,60,12,302,100,-67,316,554,60,202,2,290,3214593
fd00::210:10:10:10,18,0,0,203,221,3224760,307,254,60,12,302,100,-67,317,555,60,170,2,290,3224930
fd00::210:10:10:10,18,0,0,203,221,3235129,308,255,60,12,190,100,-67,318,557,60,205,2,280,3235334
fd00::210:10:10:10,18,0,0,203,221,3245498,309,255,60,12,190,100,-67,319,558,60,137,2,280,3245635
fd00::210:10:10:10,18,0,0,203,221,3255867,310,256,60,12,291,100,-67,320,560,60,162,2,238,3256029
fd00::210:10:10:10,18,0,1,202,221,3266236,311,257,60,12,185,100,-67,321,562,60,129,2,237,3266365
fd00::210:10:10:10,18,0,1,203,222,3276605,312,258,60,12,373,100,-67,322,564,60,165,2,390,3276770
fd00::210:10:10:10,18,0,1,203,222,3286974,313,259,60,12,149,100,-67,323,566,60,199,2,152,3287173
fd00::210:10:10:10,18,0,0,203,221,3297343,314,260,60,12,175,100,-67,324,568,60,158,2,202,3297501
fd00::210:10:10:10,18,0,0,203,221,3307712,315,261,60,12,302,100,-67,325,570,60,167,2,273,3307879
fd00::210:10:10:10,18,0,0,203,221,3318081,316,262,60,12,290,100,-67,326,572,60,159,2,246,3318240
fd00::210:10:10:10,18,0,1,202,221,3328450,317,263,60,12,114,100,-67,327,574,60,172,2,232,3328622
fd00::210:10:10:10,18,0,0,203,221,3338819,318,264,60,12,464,100,-67,328,576,60,161,2,355,3338980
fd00::210:10:10:10,18,0,1,203,222,3349188,319,265,60,12,284,100,-67,329,578,60,172,2,267,3349360
fd00::210:10:10:10,18,0,0,203,221,3359557,320,265,60,12,284,100,-67,330,579,60,203,2,267,3359760
fd00::210:10:10:10,18,0,0,203,221,3369926,321,266,60,12,207,100,-67,332,581,60,197,2,219,3370123
fd00::210:10:10:10,18,0,1,203,222,3380300,322,268,60,12,224,100,-67,333,584,60,435,2,251,3380735
fd00::210:10:10:10,18,0,1,202,221,3390664,323,269,60,12,212,100,-67,334,586,60,210,2,224,3390874
fd00::210:10:10:10,18,0,1,202,221,3401033,324,270,60,12,165,100,-67,335,588,60,182,2,245,3401215
fd00::210:10:10:10,18,0,0,203,221,3411402,325,271,60,12,304,100,-67,336,590,60,181,2,269,3411583
fd00::210:10:10:10,18,0,0,203,221,3421771,326,272,60,12,160,100,-67,337,592,60,207,2,284,3421978
fd00::210:10:10:10,18,0,0,203,221,3432140,327,272,60,12,160,100,-67,338,593,60,169,2,284,3432309
fd00::210:10:10:10,18,0,0,203,221,3442509,328,273,60,12,189,100,-67,339,595,60,247,2,282,3442756
fd00::210:10:10:10,18,0,0,203,221,3452878,329,274,60,12,138,100,-67,340,597,60,173,2,184,3453051
fd00::210:10:10:10,18,0,0,203,221,3463247,330,275,60,12,123,100,-67,341,599,60,148,2,139,3463395
fd00::210:10:10:10,18,0,1,202,221,3473616,331,276,60,12,98,100,-67,342,601,60,181,2,184,3473797
fd00::210:10:10:10,18,0,0,203,221,3483985,332,276,60,12,98,100,-67,343,602,60,157,2,184,3484142
fd00::210:10:10:10,18,0,1,203,222,3494354,333,277,60,12,81,100,-67,344,604,60,165,2,139,3494519
fd00::210:10:10:10,18,0,0,203,221,3504723,334,277,60,12,81,100,-67,345,605,60,131,2,139,3504854
fd00::210:10:10:10,18,0,0,203,221,3515092,335,277,60,12,81,100,-67,346,606,60,185,2,139,3515277
fd00::210:10:10:10,18,0,0,203,221,3525461,336,278,60,12,303,100,-67,347,608,60,210,2,238,3525671
fd00::210:10:10:10,18,0,0,203,221,3535830,337,279,60,12,178,100,-67,348,610,60,265,2,167,3536095
fd00::210:10:10:10,18,0,0,203,221,3546199,338,280,60,12,357,100,-67,349,612,60,150,2,286,3546349
fd00::210:10:10:10,18,0,0,203,221,3556568,339,281,60,12,290,100,-67,350,614,60,144,2,285,3556712
fd00::210:10:10:10,18,0,1,203,222,3566937,340,282,60,12,426,100,-67,351,616,60,142,2,273,3567079
fd00::210:10:10:10,18,0,0,203,221,3577306,341,283,60,12,125,100,-67,352,618,60,187,2,258,3577493
fd00::210:10:10:10,18,0,0,204,222,3587675,342,283,60,12,125,100,-67,353,619,60,193,2,258,3587868
fd00::210:10:10:10,18,0,0,203,221,3598044,343,283,60,12,125,100,-67,354,620,60,156,2,258,3598200
fd00::211:11:11:11,57,0,0,633,690,32161,1,0,60,0,0,0,0,0,1,60,503,1,0,32664
fd00::211:11:11:11,19,0,0,210,229,42881,2,1,60,12,18446744073709551255,100,-61,1,3,60,479,1,118,43360
fd00::211:11:11:11,19,0,0,210,229,53601,3,2,60,12,18446744073709551277,100,-61,2,5,60,449,1,88,54050
fd00::211:11:11:11,19,0,1,209,229,64321,4,3,60,12,18446744073709551366,100,-61,3,7,60,465,1,131,64786
fd00::211:11:11:11,19,0,1,209,229,75041,5,4,60,12,18446744073709551421,100,-61,4,9,60,492,1,143,75533
fd00::211:11:11:11,19,0,1,209,229,85761,6,5,60,12,18446744073709551300,100,-61,5,11,60,486,1,163,86247
fd00::211:11:11:11,19,0,1,209,229,96481,7,6,60,12,18446744073709551386,100,-61,6,13,60,512,1,167,96993
fd00::211:11:11:11,19,0,1,209,229,107201,8,7,60,12,18446744073709551408,100,-61,7,15,60,470,1,143,107671
fd00::211:11:11:11,19,0,1,209,229,117921,9,8,60,12,18446744073709551315,100,-61,8,17,60,518,1,178,118439
fd00::211:11:11:11,19,0,1,209,229,128641,10,9,60,12,18446744073709551282,100,-61,9,19,60,479,1,68,129120
fd00::211:11:11:11,19,0,2,208,229,139361,11,10,60,12,18446744073709551288,100,-61,10,21,60,470,1,156,139831
fd00::211:11:11:11,19,0,2,208,229,150081,12,12,60,12,18446744073709551278,100,-61,12,24,60,524,1,82,150605
fd00::211:11:11:11,19,0,1,209,229,160801,13,13,60,12,18446744073709551307,100,-61,13,26,60,493,1,94,161294
fd00::211:11:11:11,19,0,1,209,229,171521,14,14,60,12,18446744073709551409,100,-61,14,28,60,469,1,164,171990
fd00::211:11:11:11,19,0,1,209,229,182241,15,15,60,12,18446744073709551284,100,-61,15,30,60,477,1,161,182718
fd00::211:11:11:11,19,0,1,209,229,192961,16,16,60,12,18446744073709551282,100,-61,16,32,60,453,1,94,193414
fd00::211:11:11:11,19,0,1,209,229,203681,17,17,60,12,18446744073709551331,100,-61,17,34,60,468,1,93,204149
fd00::211:11:11:11,19,0,1,209,229,214401,18,18,60,12,18446744073709551292,100,-61,18,36,60,481,1,114,214882
fd00::211:11:11:11,19,0,1,209,229,225121,19,19,60,12,18446744073709551292,100,-61,19,38,60,492,1,103,225613
fd00::211:11:11:11,19,0,1,209,229,235841,20,20,60,12,18446744073709551399,100,-61,20,40,60,474,1,140,236315
fd00::211:11:11:11,19,0,1,209,229,246561,21,21,60,12,18446744073709551323,100,-61,21,42,60,491,1,122,247052
fd00::211:11:11:11,19,0,1,209,229,257281,22,22,60,12,18446744073709551349,100,-61,22,44,60,507,1,112,257788
fd00::211:11:11:11,19,0,1,209,229,268001,23,23,60,12,18446744073709551288,100,-61,23,46,60,488,1,113,268489
fd00::211:11:11:11,19,0,1,209,229,278721,24,24,60,12,18446744073709551302,100,-61,24,48,60,490,1,80,279211
fd00::211:11:11:11,19,0,1,209,229,289441,25,25,60,12,18446744073709551325,100,-61,25,50,60,454,1,126,289895
fd00::211:11:11:11,19,0,3,207,229,300161,26,27,60,12,18446744073709551261,100,-61,27,53,60,600,1,134,300761
fd00::211:11:11:11,19,0,2,208,229,310881,27,28,60,12,18446744073709551271,100,-61,28,55,60,445,1,188,311326
fd00::211:11:11:11,19,0,1,209,229,321601,28,29,60,12,18446744073709551306,100,-61,29,57,60,503,1,94,322104
fd00::211:11:11:11,19,0,1,209,229,332321,29,30,60,12,18446744073709551326,100,-61,30,59,60,461,1,114,332782
fd00::211:11:11:11,19,0,1,209,229,343041,30,31,60,12,18446744073709551277,100,-61,31,61,60,480,1,99,343521
fd00::211:11:11:11,19,0,1,209,229,353761,31,32,60,12,18446744073709551350,100,-61,32,63,60,487,1,186,354248
fd00::211:11:11:11,19,0,1,209,229,364481,32,33,60,12,18446744073709551419,100,-61,33,65,60,474,1,254,364955
fd00::211:11:11:11,19,0,1,209,229,375201,33,34,60,12,18446744073709551315,100,-61,34,67,60,493,1,124,375694
fd00::211:11:11:11,19,0,1,209,229,385921,34,35,60,12,18446744073709551233,100,-61,35,69,60,480,1,52,386401
fd00::211:11:11:11,19,0,1,209,229,396641,35,36,60,12,18446744073709551350,100,-61,36,71,60,464,1,104,397105
fd00::211:11:11:11,19,0,1,209,229,407361,36,37,60,12,18446744073709551550,100,-61,37,73,60,484,1,222,407845
fd00::211:11:11:11,19,0,1,209,229,418081,37,38,60,12,18446744073709551340,100,-61,38,75,60,446,1,97,418527
fd00::211:11:11:11,19,0,1,209,229,428801,38,39,60,12,18446744073709551259,100,-61,39,77,60,451,1,117,429252
fd00::211:11:11:11,19,0,1,209,229,439521,39,40,60,12,18446744073709551324,100,-61,41,79,60,496,1,119,440017
fd00::211:11:11:11,19,0,2,208,229,450241,40,42,60,12,18446744073709551244,100,-61,42,82,60,520,1,54,450761
fd00::211:11:11:11,19,0,1,209,229,460961,41,43,60,12,18446744073709551339,100,-61,43,84,60,487,1,103,461448
fd00::211:11:11:11,19,0,1,209,229,471681,42,44,60,12,18446744073709551286,100,-61,44,86,60,474,1,136,472155
fd00::211:11:11:11,19,0,1,209,229,482401,43,45,60,12,18446744073709551271,100,-61,45,88,60,475,1,76,482876
fd00::211:11:11:11,19,0,1,209,229,493121,44,46,60,12,18446744073709551277,100,-61,46,90,60,478,1,63,493599
fd00::211:11:11:11,19,0,1,209,229,503841,45,47,60,12,18446744073709551262,100,-61,47,92,60,468,1,85,504309
fd00::211:11:11:11,19,0,1,209,229,514561,46,48,60,12,18446744073709551285,100,-61,48,94,60,456,1,101,515017
fd00::211:11:11:11,19,0,1,209,229,525281,47,49,60,12,18446744073709551271,100,-61,49,96,60,453,1,65,525734
fd00::211:11:11:11,19,0,1,209,229,536001,48,50,60,12,18446744073709551339,100,-61,50,98,60,460,1,113,536461
fd00::211:11:11:11,19,0,1,209,229,546721,49,51,60,12,18446744073709551306,100,-61,51,100,60,463,1,170,547184
fd00::211:11:11:11,19,0,1,209,229,557441,50,52,60,12,18446744073709551302,100,-61,52,102,60,477,1,94,557918
fd00::211:11:11:11,19,0,1,209,229,568161,51,53,60,12,18446744073709551294,100,-61,53,104,60,465,1,118,568626
fd00::211:11:11:11,19,0,1,209,229,578881,52,54,60,12,18446744073709551287,100,-61,54,106,60,502,1,72,579383
fd00::211:11:11:11,19,0,2,208,229,600321,54,56,60,12,18446744073709551359,100,-61,57,109,60,491,1,110,600812
fd00::211:11:11:11,19,0,1,209,229,611041,55,57,60,12,18446744073709551311,100,-61,58,111,60,513,1,114,611554
fd00::211:11:11:11,19,0,1,209,229,621761,56,58,60,12,18446744073709551464,100,-61,59,113,60,470,1,172,622231
fd00::211:11:11:11,19,0,1,209,229,632481,57,59,60,12,18446744073709551305,100,-61,60,115,60,506,1,154,632987
fd00::211:11:11:11,19,0,1,209,229,643201,58,60,60,12,18446744073709551387,100,-61,61,117,60,466,1,200,643667
fd00::211:11:11:11,19,0,0,210,229,653921,59,61,60,12,18446744073709551266,100,-61,62,119,60,485,1,109,654406
fd00::211:11:11:11,19,0,1,209,229,664641,60,62,60,12,18446744073709551468,100,-61,63,121,60,499,1,247,665140
fd00::211:11:11:11,19,0,0,210,229,675361,61,62,60,12,18446744073709551468,100,-61,64,122,60,465,1,247,675826
fd00::211:11:11:11,19,0,1,209,229,686081,62,63,60,12,18446744073709551318,100,-61,65,124,60,478,1,106,686559
fd00::211:11:11:11,19,0,1,209,229,696801,63,64,60,12,18446744073709551395,100,-61,66,126,60,501,1,151,697302
fd00::211:11:11:11,19,0,1,209,229,707521,64,65,60,12,18446744073709551414,100,-61,67,128,60,495,1,150,708016
fd00::211:11:11:11,19,0,0,210,229,718241,65,66,60,12,18446744073709551359,100,-61,68,130,60,517,1,159,718758
fd00::211:11:11:11,19,0,1,209,229,728961,66,67,60,12,18446744073709551312,100,-61,69,132,60,466,1,131,729427
fd00::211:11:11:11,19,0,0,210,229,739681,67,68,60,12,18446744073709551295,100,-61,71,134,60,554,1,101,740235
fd00::211:11:11:11,19,0,2,208,229,750401,68,69,60,12,18446744073709551314,100,-61,72,135,60,492,1,101,750893
fd00::211:11:11:11,19,0,1,209,229,761121,69,69,60,12,18446744073709551314,100,-61,73,136,60,464,1,101,761585
fd00::211:11:11:11,19,0,1,209,229,771841,70,70,60,12,18446744073709551311,100,-61,74,138,60,482,1,103,772323
fd00::211:11:11:11,19,0,1,209,229,782561,71,70,60,12,18446744073709551311,100,-61,75,139,60,537,1,103,783098
fd00::211:11:11:11,19,0,1,209,229,793281,72,71,60,12,18446744073709551442,100,-61,76,141,60,494,1,193,793775
fd00::211:11:11:11,19,0,1,209,229,804001,73,71,60,12,18446744073709551442,100,-61,77,142,60,452,1,193,804453
fd00::211:11:11:11,19,0,1,209,229,814721,74,71,60,12,18446744073709551442,100,-61,78,143,60,467,1,193,815188
fd00::211:11:11:11,19,0,1,209,229,825441,75,72,60,12,18446744073709551311,100,-61,79,144,60,485,1,193,825926
fd00::211:11:11:11,19,0,1,209,229,836161,76,73,60,12,18446744073709551511,100,-61,80,146,60,522,1,185,836683
fd00::211:11:11:11,19,0,1,209,229,846881,77,74,60,12,18446744073709551381,100,-61,81,148,60,446,1,227,847327
fd00::211:11:11:11,19,0,1,210,230,857601,78,74,60,12,18446744073709551381,100,-61,82,149,60,487,1,227,858088
fd00::211:11:11:11,19,0,1,209,229,868321,79,75,60,12,18446744073709551352,100,-61,83,150,60,447,1,227,868768
fd00::211:11:11:11,19,0,1,209,229,879041,80,76,60,12,18446744073709551351,100,-61,84,152,60,459,1,97,879500
fd00::211:11:11:11,19,0,1,209,229,889762,81,77,60,12,18446744073709551361,100,-61,86,154,60,919,1,324,890681
fd00::211:11:11:11,19,0,2,208,229,900481,82,78,60,12,18446744073709551415,100,-61,87,156,60,489,1,290,900970
fd00::211:11:11:11,19,0,1,209,229,911201,83,78,60,12,18446744073709551415,100,-61,88,157,60,492,1,290,911693
fd00::211:11:11:11,19,0,1,209,229,921921,84,79,60,12,18446744073709551375,100,-61,89,159,60,477,1,114,922398
fd00::211:11:11:11,19,0,1,209,229,932641,85,80,60,12,18446744073709551298,100,-61,90,161,60,472,1,128,933113
fd00::211:11:11:11,19,0,1,209,229,943361,86,81,60,12,18446744073709551432,100,-61,91,163,60,489,1,155,943850
fd00::211:11:11:11,19,0,1,209,229,954081,87,82,60,12,18446744073709551470,100,-61,92,165,60,472,1,173,954553
fd00::211:11:11:11,19,0,1,209,229,964801,88,83,60,12,18446744073709551408,100,-61,93,167,60,470,1,223,965271
fd00::211:11:11:11,19,0,1,209,229,975521,89,83,60,12,18446744073709551408,100,-61,94,168,60,539,1,223,976060
fd00::211:11:11:11,19,0,1,209,229,986241,90,84,60,12,18446744073709551287,100,-61,95,170,60,509,1,95,986750
fd00::211:11:11:11,19,0,0,210,229,996961,91,84,60,12,18446744073709551287,100,-61,96,171,60,509,1,95,997470
fd00::211:11:11:11,19,0,0,210,229,1007681,92,84,60,12,18446744073709551287,100,-61,97,172,60,449,1,95,1008130
fd00::211:11:11:11,19,0,1,209,229,1018401,93,85,60,12,18446744073709551357,100,-61,98,174,60,472,1,111,1018873
fd00::211:11:11:11,19,0,1,209,229,1029121,94,85,60,12,18446744073709551357,100,-61,99,175,60,479,1,111,1029600
fd00::211:11:11:11,19,0,1,209,229,1039841,95,86,60,12,18446744073709551317,100,-61,101,177,60,537,1,92,1040378
fd00::211:11:11:11,19,0,3,207,229,1050561,96,88,60,12,18446744073709551435,100,-61,102,180,60,500,1,323,1051061
fd00::211:11:11:11,19,0,0,210,229,1061281,97,89,60,12,18446744073709551398,100,-61,103,182,60,455,1,144,1061736
fd00::211:11:11:11,19,0,1,209,229,1072001,98,90,60,12,18446744073709551316,100,-61,104,184,60,478,1,217,1072479
fd00::211:11:11:11,19,0,1,209,229,1082721,99,91,60,12,18446744073709551282,100,-61,105,186,60,487,1,90,1083208
fd00::211:11:11:11,19,0,1,209,229,1093441,100,92,60,12,18446744073709551377,100,-61,106,188,60,510,1,162,1093951
fd00::211:11:11:11,19,0,1,209,229,1104161,101,93,60,12,18446744073709551347,100,-61,107,189,60,498,1,162,1104659
fd00::211:11:11:11,19,0,1,209,229,1114881,102,94,60,12,18446744073709551294,100,-61,108,191,60,572,1,90,1115453
fd00::211:11:11:11,19,0,1,209,229,1125601,103,95,60,12,18446744073709551494,100,-61,109,193,60,500,1,224,1126101
fd00::211:11:11:11,19,0,1,209,229,1136321,104,96,60,12,18446744073709551364,100,-61,110,195,60,525,1,249,1136846
fd00::211:11:11:11,19,0,1,209,229,1147041,105,97,60,12,18446744073709551381,100,-61,111,197,60,536,1,109,1147577
fd00::211:11:11:11,19,0,0,210,229,1157761,106,97,60,12,18446744073709551381,100,-61,112,198,60,503,1,109,1158264
fd00::211:11:11:11,19,0,1,209,229,1168481,107,97,60,12,18446744073709551381,100,-61,113,199,60,463,1,109,1168944
fd00::211:11:11:11,19,0,1,209,229,1179201,108,98,60,12,18446744073709551322,100,-61,114,201,60,510,1,85,1179711
fd00::211:11:11:11,19,0,0,210,229,1189921,109,99,60,12,18446744073709551327,100,-61,116,203,60,728,1,228,1190649
fd00::211:11:11:11,19,0,1,209,229,1200641,110,100,60,12,18446744073709551340,100,-61,117,205,60,475,1,138,1201116
fd00::211:11:11:11,19,0,1,209,229,1211361,111,101,60,12,18446744073709551372,100,-61,118,207,60,537,1,115,1211898
fd00::211:11:11:11,19,0,1,209,229,1222081,112,102,60,12,18446744073709551355,100,-61,119,209,60,546,1,203,1222627
fd00::211:11:11:11,19,0,1,209,229,1232801,113,103,60,12,18446744073709551295,100,-61,120,211,60,467,1,175,1233268
fd00::211:11:11:11,19,0,1,209,229,1243521,114,104,60,12,18446744073709551468,100,-61,121,213,60,505,1,182,1244026
fd00::211:11:11:11,19,0,1,209,229,1254241,115,105,60,12,18446744073709551316,100,-61,122,214,60,478,1,182,1254719
fd00::211:11:11:11,19,0,1,209,229,1264961,116,106,60,12,18446744073709551405,100,-61,123,216,60,496,1,135,1265457
fd00::211:11:11:11,19,0,1,208,228,1275681,117,107,60,12,18446744073709551301,100,-61,124,218,60,482,1,260,1276163
fd00::211:11:11:11,19,0,1,209,229,1286401,118,107,60,12,18446744073709551301,100,-61,125,219,60,459,1,260,1286860
fd00::211:11:11:11,19,0,1,209,229,1297121,119,108,60,12,18446744073709551339,100,-61,126,221,60,538,1,112,1297659
fd00::211:11:11:11,19,0,1,209,229,1307841,120,108,60,12,18446744073709551339,100,-61,127,222,60,497,1,112,1308338
fd00::211:11:11:11,19,0,1,209,229,1318561,121,108,60,12,18446744073709551339,100,-61,128,223,60,486,1,112,1319047
fd00::211:11:11:11,19,0,1,209,229,1329281,122,109,60,12,18446744073709551344,100,-61,129,225,60,498,1,86,1329779
fd00::211:11:11:11,19,0,1,209,229,1340001,123,110,60,12,18446744073709551352,100,-61,131,227,60,652,1,198,1340653
fd00::211:11:11:11,19,0,1,209,229,1350721,124,111,60,12,18446744073709551282,100,-61,132,229,60,502,1,74,1351223
fd00::211:11:11:11,19,0,0,210,229,1361441,125,111,60,12,18446744073709551282,100,-61,133,230,60,508,1,74,1361949
fd00::211:11:11:11,19,0,1,209,229,1372161,126,112,60,12,18446744073709551337,100,-61,134,232,60,490,1,96,1372651
fd00::211:11:11:11,19,0,1,209,229,1382881,127,113,60,12,18446744073709551343,100,-61,135,234,60,492,1,111,1383373
fd00::211:11:11:11,19,0,1,209,229,1393601,128,114,60,12,18446744073709551460,100,-61,136,236,60,496,1,208,1394097
fd00::211:11:11:11,19,0,1,209,229,1404321,129,115,60,12,18446744073709551490,100,-61,137,238,60,485,1,178,1404806
fd00::211:11:11:11,19,0,0,210,229,1415041,130,115,60,12,18446744073709551490,100,-61,138,239,60,514,1,178,1415555
fd00::211:11:11:11,19,0,1,209,229,1425761,131,116,60,12,18446744073709551316,100,-61,139,241,60,569,1,96,1426330
fd00::211:11:11:11,19,0,1,209,229,1436481,132,117,60,12,18446744073709551425,100,-61,140,243,60,592,1,135,1437073
fd00::211:11:11:11,19,0,1,209,229,1447201,133,118,60,12,18446744073709551334,100,-61,141,245,60,490,1,98,1447691
fd00::211:11:11:11,19,0,1,209,229,1457921,134,118,60,12,18446744073709551334,100,-61,142,246,60,479,1,98,1458400
fd00::211:11:11:11,19,0,1,209,229,1468641,135,119,60,12,18446744073709551335,100,-61,143,247,60,486,1,98,1469127
fd00::211:11:11:11,19,0,1,209,229,1479361,136,120,60,12,18446744073709551352,100,-61,144,249,60,505,1,100,1479866
fd00::211:11:11:11,19,0,1,209,229,1490081,137,122,60,12,18446744073709551371,100,-61,146,252,60,678,1,269,1490759
fd00::211:11:11:11,19,0,1,209,229,1500801,138,123,60,12,18446744073709551386,100,-61,147,254,60,498,1,121,1501299
fd00::211:11:11:11,19,0,1,209,229,1511521,139,124,60,12,18446744073709551324,100,-61,148,256,60,483,1,142,1512004
fd00::211:11:11:11,19,0,0,210,229,1522241,140,125,60,12,18446744073709551375,100,-61,149,258,60,499,1,131,1522740
fd00::211:11:11:11,19,0,0,210,229,1532961,141,126,60,12,18446744073709551270,100,-61,150,260,60,489,1,61,1533450
fd00::211:11:11:11,19,0,1,209,229,1543681,142,127,60,12,18446744073709551324,100,-61,151,262,60,475,1,116,1544156
fd00::211:11:11:11,19,0,0,210,229,1554401,143,128,60,12,18446744073709551259,100,-61,152,264,60,496,1,161,1554897
fd00::211:11:11:11,19,0,0,210,229,1565121,144,129,60,12,18446744073709551302,100,-61,153,266,60,507,1,114,1565628
fd00::211:11:11:11,19,0,1,209,229,1575841,145,129,60,12,18446744073709551302,100,-61,154,267,60,506,1,114,1576347
fd00::211:11:11:11,19,0,1,209,229,1586561,146,130,60,12,18446744073709551378,100,-61,155,269,60,465,1,124,1587026
fd00::211:11:11:11,19,0,1,209,229,1597281,147,131,60,12,18446744073709551287,100,-61,156,271,60,492,1,196,1597773
fd00::211:11:11:11,19,0,1,209,229,1608001,148,132,60,12,18446744073709551407,100,-61,157,273,60,506,1,187,1608507
fd00::211:11:11:11,19,0,1,209,229,1618721,149,132,60,12,18446744073709551407,100,-61,158,274,60,476,1,187,1619197
fd00::211:11:11:11,19,0,1,209,229,1629441,150,133,60,12,18446744073709551345,100,-61,159,276,60,471,1,143,1629912
fd00::211:11:11:11,19,0,2,208,229,1640161,151,134,60,12,54,100,-61,161,278,60,527,1,425,1640688
fd00::211:11:11:11,19,0,1,209,229,1650881,152,135,60,12,18446744073709551288,100,-61,162,280,60,517,1,129,1651398
fd00::211:11:11:11,19,0,1,209,229,1661601,153,136,60,12,18446744073709551277,100,-61,163,281,60,478,1,129,1662079
fd00::211:11:11:11,19,0,1,209,229,1672321,154,137,60,12,18446744073709551347,100,-61,164,283,60,466,1,165,1672787
fd00::211:11:11:11,19,0,1,209,229,1683041,155,137,60,12,18446744073709551347,100,-61,165,284,60,486,1,165,1683527
fd00::211:11:11:11,19,0,1,210,230,1693761,156,138,60,12,18446744073709551316,100,-61,166,286,60,501,1,191,1694262
fd00::211:11:11:11,19,0,1,209,229,1704481,157,138,60,12,18446744073709551316,100,-61,167,287,60,478,1,191,1704959
fd00::211:11:11:11,19,0,1,209,229,1715201,158,138,60,12,18446744073709551316,100,-61,168,288,60,479,1,191,1715680
fd00::211:11:11:11,19,0,1,209,229,1725921,159,139,60,12,18446744073709551401,100,-61,169,290,60,449,1,257,1726370
fd00::211:11:11:11,19,0,1,210,230,1736641,160,139,60,12,18446744073709551401,100,-61,170,291,60,467,1,257,1737108
fd00::211:11:11:11,19,0,1,209,229,1747361,161,140,60,12,18446744073709551299,100,-61,171,293,60,471,1,74,1747832
fd00::211:11:11:11,19,0,1,209,229,1758081,162,141,60,12,18446744073709551394,100,-61,172,295,60,478,1,123,1758559
fd00::211:11:11:11,19,0,1,209,229,1768801,163,142,60,12,18446744073709551492,100,-61,173,297,60,509,1,198,1769310
fd00::211:11:11:11,19,0,1,209,229,1779521,164,143,60,12,18446744073709551362,100,-61,174,299,60,453,1,160,1779974
fd00::211:11:11:11,19,0,2,208,229,1790241,165,144,60,12,18446744073709551307,100,-61,176,301,60,514,1,110,1790755
fd00::211:11:11:11,19,0,1,209,229,1800961,166,145,60,12,18446744073709551330,100,-61,177,303,60,477,1,153,1801438
fd00::211:11:11:11,19,0,1,209,229,1811681,167,146,60,12,18446744073709551433,100,-61,178,305,60,494,1,152,1812175
fd00::211:11:11:11,19,0,1,209,229,1822401,168,147,60,12,18446744073709551317,100,-61,179,307,60,521,1,95,1822922
fd00::211:11:11:11,19,0,1,209,229,1833121,169,148,60,12,18446744073709551386,100,-61,180,309,60,466,1,169,1833587
fd00::211:11:11:11,19,0,1,209,229,1843841,170,149,60,12,18446744073709551291,100,-61,181,311,60,462,1,103,1844303
fd00::211:11:11:11,19,0,1,209,229,1854561,171,150,60,12,18446744073709551317,100,-61,182,313,60,483,1,89,1855044
fd00::211:11:11:11,19,0,1,209,229,1865281,172,151,60,12,18446744073709551294,100,-61,183,315,60,450,1,112,1865731
fd00::211:11:11:11,19,0,1,209,229,1876001,173,152,60,12,18446744073709551392,100,-61,184,316,60,514,1,112,1876515
fd00::211:11:11:11,19,0,1,209,229,1886721,174,152,60,12,18446744073709551392,100,-61,185,317,60,468,1,112,1887189
fd00::211:11:11:11,19,0,1,209,229,1897441,175,153,60,12,18446744073709551265,100,-61,186,319,60,453,1,102,1897894
fd00::211:11:11:11,19,0,1,209,229,1908161,176,154,60,12,18446744073709551382,100,-61,187,321,60,449,1,136,1908610
fd00::211:11:11:11,19,0,1,209,229,1918881,177,155,60,12,18446744073709551512,100,-61,188,323,60,475,1,179,1919356
fd00::211:11:11:11,19,0,1,210,230,1929601,178,156,60,12,18446744073709551281,100,-61,190,325,60,661,1,83,1930262
fd00::211:11:11:11,19,0,2,208,229,1940321,179,158,60,12,18446744073709551435,100,-61,191,327,60,466,1,138,1940787
fd00::211:11:11:11,19,0,1,209,229,1951041,180,158,60,12,18446744073709551435,100,-61,192,328,60,492,1,138,1951533
fd00::211:11:11:11,19,0,1,209,229,1961761,181,159,60,12,18446744073709551349,100,-61,193,330,60,489,1,119,1962250
fd00::211:11:11:11,19,0,1,209,229,1972481,182,160,60,12,18446744073709551399,100,-61,194,331,60,452,1,119,1972933
fd00::211:11:11:11,19,0,1,209,229,1983201,183,161,60,12,18446744073709551389,100,-61,195,333,60,470,1,127,1983671
fd00::211:11:11:11,19,0,1,209,229,1993921,184,162,60,12,18446744073709551443,100,-61,196,335,60,460,1,167,1994381
fd00::211:11:11:11,19,0,1,210,230,2004641,185,162,60,12,18446744073709551443,100,-61,197,336,60,454,1,167,2005095
fd00::211:11:11:11,19,0,0,210,229,2015361,186,163,60,12,18446744073709551315,100,-61,198,338,60,467,1,105,2015828
fd00::211:11:11:11,19,0,0,210,229,2026081,187,163,60,12,18446744073709551315,100,-61,199,339,60,495,1,105,2026576
fd00::211:11:11:11,19,0,1,209,229,2036801,188,164,60,12,18446744073709551421,100,-61,200,341,60,459,1,150,2037260
fd00::211:11:11:11,19,0,1,209,229,2047521,189,165,60,12,18446744073709551325,100,-61,201,343,60,468,1,101,2047989
fd00::211:11:11:11,19,0,1,209,229,2058241,190,166,60,12,18446744073709551298,100,-61,202,345,60,475,1,101,2058716
fd00::211:11:11:11,19,0,0,210,229,2068961,191,166,60,12,18446744073709551298,100,-61,203,346,60,456,1,101,2069417
fd00::211:11:11:11,19,0,1,209,229,2079681,192,167,60,12,18446744073709551424,100,-61,205,348,60,599,1,167,2080280
fd00::211:11:11:11,19,0,1,208,228,2090401,193,169,60,12,18446744073709551483,100,-61,206,351,60,536,1,231,2090937
fd00::211:11:11:11,19,0,1,209,229,2101121,194,170,60,12,18446744073709551292,100,-61,207,353,60,486,1,77,2101607
fd00::211:11:11:11,19,0,1,209,229,2111841,195,171,60,12,18446744073709551329,100,-61,208,355,60,457,1,92,2112298
fd00::211:11:11:11,19,0,1,209,229,2122561,196,172,60,12,18446744073709551362,100,-61,209,357,60,452,1,138,2123013
fd00::211:11:11:11,19,0,0,210,229,2133281,197,172,60,12,18446744073709551362,100,-61,210,358,60,491,1,138,2133772
fd00::211:11:11:11,19,0,1,209,229,2144001,198,173,60,12,18446744073709551334,100,-61,211,359,60,518,1,138,2144519
fd00::211:11:11:11,19,0,1,209,229,2154721,199,174,60,12,18446744073709551349,100,-61,212,361,60,471,1,104,2155192
fd00::211:11:11:11,19,0,1,210,230,2165441,200,175,60,12,18446744073709551382,100,-61,213,363,60,510,1,132,2165951
fd00::211:11:11:11,19,0,0,210,229,2176161,201,176,60,12,18446744073709551474,100,-61,214,365,60,469,1,192,2176630
fd00::211:11:11:11,19,0,1,209,229,2186881,202,177,60,12,18446744073709551443,100,-61,215,367,60,487,1,296,2187368
fd00::211:11:11:11,19,0,1,209,229,2197601,203,178,60,12,18446744073709551361,100,-61,216,369,60,495,1,131,2198096
fd00::211:11:11:11,19,0,1,209,229,2208321,204,179,60,12,18446744073709551417,100,-61,217,371,60,468,1,188,2208789
fd00::211:11:11:11,19,0,1,209,229,2219041,205,179,60,12,18446744073709551417,100,-61,218,372,60,492,1,188,2219533
fd00::211:11:11:11,19,0,0,210,229,2229761,206,179,60,12,18446744073709551417,100,-61,220,373,60,588,1,188,2230349
fd00::211:11:11:11,19,0,2,208,229,2240481,207,181,60,12,18446744073709551517,100,-61,221,376,60,517,1,268,2240998
fd00::211:11:11:11,19,0,1,208,228,2251201,208,182,60,12,18446744073709551354,100,-61,222,378,60,492,1,285,2251693
fd00::211:11:11:11,19,0,1,209,229,2261921,209,182,60,12,18446744073709551354,100,-61,223,379,60,455,1,285,2262376
fd00::211:11:11:11,19,0,1,209,229,2272641,210,183,60,12,18446744073709551460,100,-61,224,380,60,488,1,285,2273129
fd00::211:11:11:11,19,0,1,209,229,2283361,211,184,60,12,18446744073709551408,100,-61,225,382,60,466,1,178,2283827
fd00::211:11:11:11,19,0,1,209,229,2294081,212,185,60,12,18446744073709551459,100,-61,226,384,60,492,1,206,2294573
fd00::211:11:11:11,19,0,1,209,229,2304801,213,186,60,12,18446744073709551316,100,-61,227,385,60,496,1,206,2305297
fd00::211:11:11:11,19,0,1,209,229,2315521,214,187,60,12,18446744073709551493,100,-61,228,387,60,490,1,186,2316011
fd00::211:11:11:11,19,0,1,209,229,2326241,215,188,60,12,18446744073709551325,100,-61,229,389,60,486,1,87,2326727
fd00::211:11:11:11,19,0,1,209,229,2336961,216,189,60,12,18446744073709551286,100,-61,230,391,60,496,1,145,2337457
fd00::211:11:11:11,19,0,1,209,229,2347681,217,189,60,12,18446744073709551286,100,-61,231,392,60,455,1,145,2348136
fd00::211:11:11:11,19,0,1,209,229,2358401,218,190,60,12,18446744073709551438,100,-61,232,394,60,462,1,216,2358863
fd00::211:11:11:11,19,0,1,210,230,2369121,219,191,60,12,18446744073709551311,100,-61,233,396,60,507,1,93,2369628
fd00::211:11:11:11,19,0,1,209,229,2379841,220,192,60,12,18446744073709551346,100,-61,235,398,60,519,1,175,2380360
fd00::211:11:11:11,19,0,1,209,229,2390561,221,192,60,12,18446744073709551346,100,-61,236,399,60,486,1,175,2391047
fd00::211:11:11:11,19,0,1,209,229,2401281,222,193,60,12,18446744073709551344,100,-61,237,401,60,487,1,265,2401768
fd00::211:11:11:11,19,0,1,209,229,2412001,223,194,60,12,18446744073709551396,100,-61,238,403,60,507,1,138,2412508
fd00::211:11:11:11,19,0,1,209,229,2422721,224,195,60,12,18446744073709551405,100,-61,239,405,60,511,1,170,2423232
fd00::211:11:11:11,19,0,1,209,229,2433441,225,196,60,12,18446744073709551280,100,-61,240,407,60,469,1,76,2433910
fd00::211:11:11:11,19,0,1,209,229,2444161,226,197,60,12,18446744073709551432,100,-61,241,409,60,503,1,172,2444664
fd00::211:11:11:11,19,0,1,209,229,2454881,227,198,60,12,18446744073709551569,100,-61,242,411,60,495,1,330,2455376
fd00::211:11:11:11,19,0,0,210,229,2465601,228,198,60,12,18446744073709551569,100,-61,243,412,60,477,1,330,2466078
fd00::211:11:11:11,19,0,0,210,229,2476321,229,198,60,12,18446744073709551569,100,-61,244,413,60,517,1,330,2476838
fd00::211:11:11:11,19,0,0,210,229,2487041,230,199,60,12,18446744073709551280,100,-61,245,415,60,477,1,108,2487518
fd00::211:11:11:11,19,0,0,210,229,2497761,231,200,60,12,18446744073709551304,100,-61,246,417,60,470,1,87,2498231
fd00::211:11:11:11,19,0,1,209,229,2508481,232,201,60,12,18446744073709551386,100,-61,247,419,60,471,1,183,2508952
fd00::211:11:11:11,19,0,1,209,229,2519201,233,201,60,12,18446744073709551386,100,-61,248,420,60,503,1,183,2519704
fd00::211:11:11:11,19,0,1,209,229,2529921,234,202,60,12,18446744073709551358,100,-61,250,422,60,449,1,182,2530370
fd00::211:11:11:11,19,0,1,209,229,2540641,235,203,60,12,18446744073709551306,100,-61,251,424,60,471,1,168,2541112
fd00::211:11:11:11,19,0,1,209,229,2551361,236,204,60,12,18446744073709551287,100,-61,252,425,60,480,1,168,2551841
fd00::211:11:11:11,19,0,1,209,229,2562081,237,205,60,12,18446744073709551290,100,-61,253,427,60,489,1,124,2562570
fd00::211:11:11:11,19,0,1,209,229,2572801,238,206,60,12,18446744073709551301,100,-61,254,429,60,479,1,73,2573280
fd00::211:11:11:11,19,0,1,209,229,2583521,239,206,60,12,18446744073709551301,100,-61,255,430,60,484,1,73,2584005
fd00::211:11:11:11,19,0,1,209,229,2594241,240,207,60,12,18446744073709551327,100,-61,256,432,60,492,1,257,2594733
fd00::211:11:11:11,19,0,0,210,229,2604961,241,207,60,12,18446744073709551327,100,-61,257,433,60,506,1,257,2605467
fd00::211:11:11:11,19,0,1,209,229,2615681,242,208,60,12,18446744073709551402,100,-61,258,435,60,472,1,155,2616153
fd00::211:11:11:11,19,0,0,210,229,2626401,243,208,60,12,18446744073709551402,100,-61,259,436,60,481,1,155,2626882
fd00::211:11:11:11,19,0,1,209,229,2637121,244,209,60,12,18446744073709551297,100,-61,260,438,60,490,1,193,2637611
fd00::211:11:11:11,19,0,1,209,229,2647841,245,210,60,12,18446744073709551420,100,-61,261,440,60,483,1,197,2648324
fd00::211:11:11:11,19,0,1,209,229,2658561,246,211,60,12,18446744073709551343,100,-61,262,442,60,445,1,191,2659006
fd00::211:11:11:11,19,0,1,209,229,2669281,247,212,60,12,18446744073709551360,100,-61,263,444,60,472,1,102,2669753
fd00::211:11:11:11,19,0,1,209,229,2680001,248,214,60,12,18446744073709551386,100,-61,265,447,60,609,1,228,2680610
fd00::211:11:11:11,19,0,1,209,229,2690721,249,214,60,12,18446744073709551386,100,-61,266,448,60,474,1,228,2691195
fd00::211:11:11:11,19,0,0,210,229,2701441,250,214,60,12,18446744073709551386,100,-61,267,449,60,454,1,228,2701895
fd00::211:11:11:11,19,0,1,209,229,2712161,251,215,60,12,18446744073709551426,100,-61,268,451,60,495,1,160,2712656
fd00::211:11:11:11,19,0,1,209,229,2722881,252,215,60,12,18446744073709551426,100,-61,269,452,60,481,1,160,2723362
fd00::211:11:11:11,19,0,0,210,229,2733601,253,215,60,12,18446744073709551426,100,-61,270,453,60,454,1,160,2734055
fd00::211:11:11:11,19,0,1,210,230,2744321,254,215,60,12,18446744073709551426,100,-61,271,454,60,480,1,160,2744801
fd00::211:11:11:11,19,0,1,209,229,2755041,255,216,60,12,18446744073709551311,100,-61,272,456,60,491,1,113,2755532
fd00::211:11:11:11,19,0,1,209,229,2765761,256,217,60,12,18446744073709551349,100,-61,273,458,60,495,1,242,2766256
fd00::211:11:11:11,19,0,1,209,229,2776481,257,218,60,12,18446744073709551260,100,-61,274,460,60,468,1,53,2776949
fd00::211:11:11:11,19,0,1,209,229,2787201,258,219,60,12,18446744073709551402,100,-61,275,462,60,477,1,134,2787678
fd00::211:11:11:11,19,0,1,209,229,2797921,259,220,60,12,18446744073709551362,100,-61,276,463,60,476,1,134,2798397
fd00::211:11:11:11,19,0,1,209,229,2808641,260,221,60,12,18446744073709551308,100,-61,277,465,60,449,1,108,2809090
fd00::211:11:11:11,19,0,1,209,229,2819361,261,222,60,12,18446744073709551354,100,-61,278,467,60,472,1,115,2819833
fd00::211:11:11:11,19,0,1,209,229,2830081,262,224,60,12,18446744073709551299,100,-61,280,470,60,488,1,63,2830569
fd00::211:11:11:11,19,0,1,209,229,2840801,263,225,60,12,18446744073709551447,100,-61,281,472,60,447,1,161,2841248
fd00::211:11:11:11,19,0,0,210,229,2851521,264,225,60,12,18446744073709551447,100,-61,282,473,60,492,1,161,2852013
fd00::211:11:11:11,19,0,1,209,229,2862241,265,226,60,12,18446744073709551307,100,-61,283,475,60,486,1,98,2862727
fd00::211:11:11:11,19,0,1,209,229,2872961,266,226,60,12,18446744073709551307,100,-61,284,476,60,487,1,98,2873448
fd00::211:11:11:11,19,0,0,210,229,2883681,267,226,60,12,18446744073709551307,100,-61,285,477,60,500,1,98,2884181
fd00::211:11:11:11,19,0,0,210,229,2894401,268,227,60,12,18446744073709551330,100,-61,286,479,60,490,1,143,2894891
fd00::211:11:11:11,19,0,1,209,229,2905121,269,228,60,12,18446744073709551315,100,-61,287,481,60,484,1,118,2905605
fd00::211:11:11:11,19,0,1,209,229,2915841,270,229,60,12,18446744073709551315,100,-61,288,483,60,508,1,133,2916349
fd00::211:11:11:11,19,0,1,209,229,2926561,271,230,60,12,18446744073709551546,100,-61,289,485,60,510,1,258,2927071
fd00::211:11:11:11,19,0,1,209,229,2937281,272,231,60,12,18446744073709551335,100,-61,290,487,60,483,1,90,2937764
fd00::211:11:11:11,19,0,0,210,229,2948001,273,231,60,12,18446744073709551335,100,-61,291,488,60,452,1,90,2948453
fd00::211:11:11:11,19,0,1,209,229,2958721,274,232,60,12,18446744073709551322,100,-61,292,489,60,497,1,90,2959218
fd00::211:11:11:11,19,0,1,209,229,2969441,275,233,60,12,18446744073709551342,100,-61,293,491,60,478,1,193,2969919
fd00::211:11:11:11,19,0,1,209,229,2980161,276,235,60,12,18446744073709551321,100,-61,295,494,60,516,1,102,2980677
fd00::211:11:11:11,19,0,1,209,229,2990881,277,236,60,12,18446744073709551277,100,-61,296,496,60,519,1,194,2991400
fd00::211:11:11:11,19,0,1,210,230,3001601,278,237,60,12,18446744073709551390,100,-61,297,498,60,486,1,118,3002087
fd00::211:11:11:11,19,0,1,209,229,3012321,279,238,60,12,18446744073709551335,100,-61,298,500,60,482,1,98,3012803
fd00::211:11:11:11,19,0,1,209,229,3023041,280,238,60,12,18446744073709551335,100,-61,299,501,60,476,1,98,3023517
fd00::211:11:11:11,19,0,0,210,229,3033761,281,239,60,12,18446744073709551309,100,-61,300,503,60,515,1,210,3034276
fd00::211:11:11:11,19,0,1,209,229,3044481,282,240,60,12,18446744073709551302,100,-61,301,505,60,462,1,130,3044943
fd00::211:11:11:11,19,0,1,209,229,3055201,283,241,60,12,18446744073709551387,100,-61,302,507,60,461,1,169,3055662
fd00::211:11:11:11,19,0,1,209,229,3065921,284,242,60,12,18446744073709551600,100,-61,303,509,60,496,1,272,3066417
fd00::211:11:11:11,19,0,1,209,229,3076641,285,243,60,12,18446744073709551318,100,-61,304,511,60,495,1,95,3077136
fd00::211:11:11:11,19,0,1,209,229,3087361,286,244,60,12,18446744073709551303,100,-61,305,513,60,475,1,164,3087836
fd00::211:11:11:11,19,0,0,210,229,3098081,287,245,60,12,18446744073709551317,100,-61,306,515,60,502,1,170,3098583
fd00::211:11:11:11,19,0,0,210,229,3108801,288,246,60,12,18446744073709551521,100,-61,307,517,60,462,1,230,3109263
fd00::211:11:11:11,19,0,1,209,229,3119521,289,246,60,12,18446744073709551521,100,-61,309,518,60,496,1,230,3120017
fd00::211:11:11:11,19,0,2,208,229,3130241,290,248,60,12,18446744073709551531,100,-61,310,521,60,504,1,273,3130745
fd00::211:11:11:11,19,0,1,209,229,3140961,291,249,60,12,18446744073709551317,100,-61,311,523,60,486,1,91,3141447
fd00::211:11:11:11,19,0,0,210,229,3151681,292,249,60,12,18446744073709551317,100,-61,312,524,60,455,1,91,3152136
fd00::211:11:11:11,19,0,1,209,229,3162401,293,250,60,12,18446744073709551442,100,-61,313,526,60,489,1,137,3162890
fd00::211:11:11:11,19,0,1,209,229,3173121,294,251,60,12,18446744073709551366,100,-61,314,528,60,470,1,131,3173591
fd00::211:11:11:11,19,0,0,210,229,3183841,295,251,60,12,18446744073709551366,100,-61,315,529,60,484,1,131,3184325
fd00::211:11:11:11,19,0,0,210,229,3194561,296,252,60,12,18446744073709551346,100,-61,316,531,60,503,1,153,3195064
fd00::211:11:11:11,19,0,1,209,229,3205281,297,253,60,12,18446744073709551318,100,-61,317,533,60,516,1,145,3205797
fd00::211:11:11:11,19,0,1,209,229,3216001,298,254,60,12,18446744073709551482,100,-61,318,535,60,479,1,248,3216480
fd00::211:11:11:11,19,0,1,209,229,3226721,299,255,60,12,18446744073709551303,100,-61,319,537,60,496,1,119,3227217
fd00::211:11:11:11,19,0,1,209,229,3237441,300,256,60,12,18446744073709551418,100,-61,320,539,60,484,1,259,3237925
fd00::211:11:11:11,19,0,1,210,230,3248161,301,256,60,12,18446744073709551418,100,-61,321,540,60,495,1,259,3248656
fd00::211:11:11:11,19,0,1,209,229,3258881,302,257,60,12,18446744073709551279,100,-61,322,541,60,482,1,259,3259363
fd00::211:11:11:11,19,0,1,209,229,3269601,303,258,60,12,18446744073709551275,100,-61,324,543,60,550,1,93,3270151
fd00::211:11:11:11,19,0,2,208,229,3280321,304,260,60,12,18446744073709551326,100,-61,325,545,60,457,1,281,3280778
fd00::211:11:11:11,19,0,1,209,229,3291041,305,261,60,12,18446744073709551339,100,-61,326,546,60,485,1,281,3291526
fd00::211:11:11:11,19,0,1,209,229,3301764,306,261,60,12,18446744073709551339,100,-61,327,547,60,474,1,281,3302238
fd00::211:11:11:11,19,0,1,209,229,3312481,307,262,60,12,18446744073709551392,100,-61,328,549,60,476,1,164,3312957
fd00::211:11:11:11,19,0,1,209,229,3323201,308,262,60,12,18446744073709551392,100,-61,329,550,60,503,1,164,3323704
fd00::211:11:11:11,19,0,1,209,229,3333921,309,263,60,12,18446744073709551440,100,-61,330,552,60,458,1,212,3334379
fd00::211:11:11:11,19,0,1,209,229,3344641,310,263,60,12,18446744073709551440,100,-61,331,553,60,456,1,212,3345097
fd00::211:11:11:11,19,0,1,210,230,3355361,311,263,60,12,18446744073709551440,100,-61,332,554,60,475,1,212,3355836
fd00::211:11:11:11,19,0,1,209,229,3366081,312,264,60,12,18446744073709551416,100,-61,333,556,60,445,1,138,3366526
fd00::211:11:11:11,19,0,1,209,229,3376801,313,264,60,12,18446744073709551416,100,-61,334,557,60,484,1,138,3377285
fd00::211:11:11:11,19,0,1,209,229,3387521,314,265,60,12,18446744073709551302,100,-61,335,559,60,481,1,111,3388002
fd00::211:11:11:11,19,0,1,209,229,3398241,315,266,60,12,18446744073709551360,100,-61,336,561,60,443,1,131,3398684
fd00::211:11:11:11,19,0,1,209,229,3408961,316,267,60,12,18446744073709551382,100,-61,337,563,60,484,1,135,3409445
fd00::211:11:11:11,19,0,2,208,229,3430401,318,270,60,12,18446744073709551330,100,-61,340,566,60,493,1,232,3430894
fd00::211:11:11:11,19,0,1,209,229,3441121,319,271,60,12,18446744073709551315,100,-61,341,568,60,511,1,122,3441632
fd00::211:11:11:11,19,0,1,209,229,3451841,320,272,60,12,18446744073709551271,100,-61,342,570,60,461,1,66,3452302
fd00::211:11:11:11,19,0,1,209,229,3462561,321,272,60,12,18446744073709551271,100,-61,343,571,60,483,1,66,3463044
fd00::211:11:11:11,19,0,1,209,229,3473281,322,273,60,12,18446744073709551301,100,-61,344,572,60,479,1,66,3473760
fd00::211:11:11:11,19,0,0,210,229,3484001,323,273,60,12,18446744073709551301,100,-61,345,573,60,470,1,66,3484471
fd00::211:11:11:11,19,0,1,209,229,3494721,324,273,60,12,18446744073709551301,100,-61,346,574,60,460,1,66,3495181
fd00::211:11:11:11,19,0,0,210,229,3505441,325,273,60,12,18446744073709551301,100,-61,347,575,60,508,1,66,3505949
fd00::211:11:11:11,19,0,1,209,229,3516161,326,273,60,12,18446744073709551301,100,-61,348,576,60,484,1,66,3516645
fd00::211:11:11:11,19,0,1,209,229,3526881,327,274,60,12,18446744073709551340,100,-61,349,577,60,503,1,66,3527384
fd00::211:11:11:11,19,0,1,209,229,3537601,328,274,60,12,18446744073709551340,100,-61,350,578,60,482,1,66,3538083
fd00::211:11:11:11,19,0,1,209,229,3548321,329,274,60,12,18446744073709551340,100,-61,351,579,60,463,1,66,3548784
fd00::211:11:11:11,19,0,1,210,230,3559041,330,274,60,12,18446744073709551340,100,-61,352,580,60,480,1,66,3559521
fd00::211:11:11:11,19,0,1,209,229,3569761,331,276,60,12,18446744073709551361,100,-61,354,583,60,665,1,196,3570426
fd00::211:11:11:11,19,0,1,209,229,3580481,332,277,60,12,18446744073709551285,100,-61,355,585,60,478,1,133,3580959
fd00::211:11:11:11,19,0,0,210,229,3591201,333,277,60,12,18446744073709551285,100,-61,356,586,60,513,1,133,3591714
