Random seed: 123456
Initializing simulation script
Time: 73000
[Mote:8] [INFO: Main      ] - Routing: RPL Lite
[Mote:8] [INFO: Main      ] - Net: sicslowpan
[Mote:8] [INFO: Main      ] - MAC: TSCH
[Mote:8] [INFO: Main      ] - 802.15.4 PANID: 0xabcd
[Mote:8] [INFO: Main      ] - 802.15.4 TSCH default hopping sequence length: 4
[Mote:8] [INFO: Main      ] Node ID: 8
[Mote:8] [INFO: Main      ] Link-layer address: 0008.0008.0008.0008
[Mote:8] [INFO: Main      ] Tentative link-local IPv6 address: fe80::208:8:8:8
[Mote:11] [INFO: Main      ] Starting Contiki-NG-develop/v5.0
[Mote:11] [INFO: Main      ] - Routing: RPL Lite
[Mote:11] [INFO: Main      ] - Net: sicslowpan
[Mote:11] [INFO: Main      ] - MAC: TSCH
[Mote:11] [INFO: Main      ] - 802.15.4 PANID: 0xabcd
[Mote:11] [INFO: Main      ] - 802.15.4 TSCH default hopping sequence length: 4
[Mote:11] [INFO: Main      ] Node ID: 11
[Mote:11] [INFO: Main      ] Link-layer address: 000b.000b.000b.000b
[Mote:11] [INFO: Main      ] Tentative link-local IPv6 address: fe80::20b:b:b:b
[Mote:2] [INFO: Main      ] Starting Contiki-NG-develop/v5.0
[Mote:2] [INFO: Main      ] - Routing: RPL Lite
[Mote:2] [INFO: Main      ] - Net: sicslowpan
[Mote:2] [INFO: Main      ] - MAC: TSCH
[Mote:2] [INFO: Main      ] - 802.15.4 PANID: 0xabcd
[Mote:2] [INFO: Main      ] - 802.15.4 TSCH default hopping sequence length: 4
[Mote:2] [INFO: Main      ] Node ID: 2
[Mote:2] [INFO: Main      ] Link-layer address: 0002.0002.0002.0002
[Mote:2] [INFO: Main      ] Tentative link-local IPv6 address: fe80::202:2:2:2
[Mote:6] [INFO: Main      ] Starting Contiki-NG-develop/v5.0
[Mote:6] [INFO: Main      ] - Routing: RPL Lite
[Mote:6] [INFO: Main      ] - Net: sicslowpan
[Mote:6] [INFO: Main      ] - MAC: TSCH
[Mote:6] [INFO: Main      ] - 802.15.4 PANID: 0xabcd
[Mote:6] [INFO: Main      ] - 802.15.4 TSCH default hopping sequence length: 4
[Mote:6] [INFO: Main      ] Node ID: 6
[Mote:6] [INFO: Main      ] Link-layer address: 0006.0006.0006.0006
[Mote:6] [INFO: Main      ] Tentative link-local IPv6 address: fe80::206:6:6:6
[Mote:18] [INFO: Main      ] Starting Contiki-NG-develop/v5.0
[Mote:18] [INFO: Main      ] - Routing: RPL Lite
[Mote:18] [INFO: Main      ] - Net: sicslowpan
[Mote:18] [INFO: Main      ] - MAC: TSCH
[Mote:18] [INFO: Main      ] - 802.15.4 PANID: 0xabcd
[Mote:18] [INFO: Main      ] - 802.15.4 TSCH default hopping sequence length: 4
[Mote:18] [INFO: Main      ] Node ID: 18
[Mote:18] [INFO: Main      ] Link-layer address: 0012.0012.0012.0012
[Mote:18] [INFO: Main      ] Tentative link-local IPv6 address: fe80::212:12:12:12
[Mote:4] [INFO: Main      ] Starting Contiki-NG-develop/v5.0
[Mote:4] [INFO: Main      ] - Routing: RPL Lite
[Mote:4] [INFO: Main      ] - Net: sicslowpan
[Mote:4] [INFO: Main      ] - MAC: TSCH
[Mote:4] [INFO: Main      ] - 802.15.4 PANID: 0xabcd
[Mote:4] [INFO: Main      ] - 802.15.4 TSCH default hopping sequence length: 4
[Mote:4] [INFO: Main      ] Node ID: 4
[Mote:4] [INFO: Main      ] Link-layer address: 0004.0004.0004.0004
[Mote:4] [INFO: Main      ] Tentative link-local IPv6 address: fe80::204:4:4:4
[Mote:1] [INFO: Main      ] Starting Contiki-NG-develop/v5.0
[Mote:1] [INFO: Main      ] - Routing: RPL Lite
[Mote:1] [INFO: Main      ] - Net: sicslowpan
[Mote:1] [INFO: Main      ] - MAC: TSCH
[Mote:1] [INFO: Main      ] - 802.15.4 PANID: 0xabcd
[Mote:1] [INFO: Main      ] - 802.15.4 TSCH default hopping sequence length: 4
[Mote:1] [INFO: Main      ] Node ID: 1
[Mote:1] [INFO: Main      ] Link-layer address: 0001.0001.0001.0001
[Mote:1] [INFO: Main      ] Tentative link-local IPv6 address: fe80::201:1:1:1
[Mote:1] UDP Root process started
[Mote:7] [INFO: Main      ] Starting Contiki-NG-develop/v5.0
[Mote:7] [INFO: Main      ] - Routing: RPL Lite
[Mote:7] [INFO: Main      ] - Net: sicslowpan
[Mote:7] [INFO: Main      ] - MAC: TSCH
[Mote:7] [INFO: Main      ] - 802.15.4 PANID: 0xabcd
[Mote:7] [INFO: Main      ] - 802.15.4 TSCH default hopping sequence length: 4
[Mote:7] [INFO: Main      ] Node ID: 7
[Mote:7] [INFO: Main      ] Link-layer address: 0007.0007.0007.0007
[Mote:7] [INFO: Main      ] Tentative link-local IPv6 address: fe80::207:7:7:7
[Mote:14] [INFO: Main      ] Starting Contiki-NG-develop/v5.0
[Mote:14] [INFO: Main      ] - Routing: RPL Lite
[Mote:14] [INFO: Main      ] - Net: sicslowpan
[Mote:14] [INFO: Main      ] - MAC: TSCH
[Mote:14] [INFO: Main      ] - 802.15.4 PANID: 0xabcd
[Mote:14] [INFO: Main      ] - 802.15.4 TSCH default hopping sequence length: 4
[Mote:14] [INFO: Main      ] Node ID: 14
[Mote:14] [INFO: Main      ] Link-layer address: 000e.000e.000e.000e
[Mote:14] [INFO: Main      ] Tentative link-local IPv6 address: fe80::20e:e:e:e
[Mote:15] [INFO: Main      ] Starting Contiki-NG-develop/v5.0
[Mote:15] [INFO: Main      ] - Routing: RPL Lite
[Mote:15] [INFO: Main      ] - Net: sicslowpan
[Mote:15] [INFO: Main      ] - MAC: TSCH
[Mote:15] [INFO: Main      ] - 802.15.4 PANID: 0xabcd
[Mote:15] [INFO: Main      ] - 802.15.4 TSCH default hopping sequence length: 4
[Mote:15] [INFO: Main      ] Node ID: 15
[Mote:15] [INFO: Main      ] Link-layer address: 000f.000f.000f.000f
[Mote:15] [INFO: Main      ] Tentative link-local IPv6 address: fe80::20f:f:f:f
[Mote:16] [INFO: Main      ] Starting Contiki-NG-develop/v5.0
[Mote:16] [INFO: Main      ] - Routing: RPL Lite
[Mote:16] [INFO: Main      ] - Net: sicslowpan
[Mote:16] [INFO: Main      ] - MAC: TSCH
[Mote:16] [INFO: Main      ] - 802.15.4 PANID: 0xabcd
[Mote:16] [INFO: Main      ] - 802.15.4 TSCH default hopping sequence length: 4
[Mote:16] [INFO: Main      ] Node ID: 16
[Mote:16] [INFO: Main      ] Link-layer address: 0010.0010.0010.0010
[Mote:16] [INFO: Main      ] Tentative link-local IPv6 address: fe80::210:10:10:10
[Mote:10] [INFO: Main      ] Starting Contiki-NG-develop/v5.0
[Mote:10] [INFO: Main      ] - Routing: RPL Lite
[Mote:10] [INFO: Main      ] - Net: sicslowpan
[Mote:10] [INFO: Main      ] - MAC: TSCH
[Mote:10] [INFO: Main      ] - 802.15.4 PANID: 0xabcd
[Mote:10] [INFO: Main      ] - 802.15.4 TSCH default hopping sequence length: 4
[Mote:10] [INFO: Main      ] Node ID: 10
[Mote:10] [INFO: Main      ] Link-layer address: 000a.000a.000a.000a
[Mote:10] [INFO: Main      ] Tentative link-local IPv6 address: fe80::20a:a:a:a
[Mote:12] [INFO: Main      ] Starting Contiki-NG-develop/v5.0
[Mote:12] [INFO: Main      ] - Routing: RPL Lite
[Mote:12] [INFO: Main      ] - Net: sicslowpan
[Mote:12] [INFO: Main      ] - MAC: TSCH
[Mote:12] [INFO: Main      ] - 802.15.4 PANID: 0xabcd
[Mote:12] [INFO: Main      ] - 802.15.4 TSCH default hopping sequence length: 4
[Mote:12] [INFO: Main      ] Node ID: 12
[Mote:12] [INFO: Main      ] Link-layer address: 000c.000c.000c.000c
[Mote:12] [INFO: Main      ] Tentative link-local IPv6 address: fe80::20c:c:c:c
[Mote:9] [INFO: Main      ] Starting Contiki-NG-develop/v5.0
[Mote:9] [INFO: Main      ] - Routing: RPL Lite
[Mote:9] [INFO: Main      ] - Net: sicslowpan
[Mote:9] [INFO: Main      ] - MAC: TSCH
[Mote:9] [INFO: Main      ] - 802.15.4 PANID: 0xabcd
[Mote:9] [INFO: Main      ] - 802.15.4 TSCH default hopping sequence length: 4
[Mote:9] [INFO: Main      ] Node ID: 9
[Mote:9] [INFO: Main      ] Link-layer address: 0009.0009.0009.0009
[Mote:9] [INFO: Main      ] Tentative link-local IPv6 address: fe80::209:9:9:9
[Mote:5] [INFO: Main      ] Starting Contiki-NG-develop/v5.0
[Mote:5] [INFO: Main      ] - Routing: RPL Lite
[Mote:5] [INFO: Main      ] - Net: sicslowpan
[Mote:5] [INFO: Main      ] - MAC: TSCH
[Mote:5] [INFO: Main      ] - 802.15.4 PANID: 0xabcd
[Mote:5] [INFO: Main      ] - 802.15.4 TSCH default hopping sequence length: 4
[Mote:5] [INFO: Main      ] Node ID: 5
[Mote:5] [INFO: Main      ] Link-layer address: 0005.0005.0005.0005
[Mote:5] [INFO: Main      ] Tentative link-local IPv6 address: fe80::205:5:5:5
[Mote:19] [INFO: Main      ] Starting Contiki-NG-develop/v5.0
[Mote:19] [INFO: Main      ] - Routing: RPL Lite
[Mote:19] [INFO: Main      ] - Net: sicslowpan
[Mote:19] [INFO: Main      ] - MAC: TSCH
[Mote:19] [INFO: Main      ] - 802.15.4 PANID: 0xabcd
[Mote:19] [INFO: Main      ] - 802.15.4 TSCH default hopping sequence length: 4
[Mote:19] [INFO: Main      ] Node ID: 19
[Mote:19] [INFO: Main      ] Link-layer address: 0013.0013.0013.0013
[Mote:19] [INFO: Main      ] Tentative link-local IPv6 address: fe80::213:13:13:13
[Mote:17] [INFO: Main      ] Starting Contiki-NG-develop/v5.0
[Mote:17] [INFO: Main      ] - Routing: RPL Lite
[Mote:17] [INFO: Main      ] - Net: sicslowpan
[Mote:17] [INFO: Main      ] - MAC: TSCH
[Mote:17] [INFO: Main      ] - 802.15.4 PANID: 0xabcd
[Mote:17] [INFO: Main      ] - 802.15.4 TSCH default hopping sequence length: 4
[Mote:17] [INFO: Main      ] Node ID: 17
[Mote:17] [INFO: Main      ] Link-layer address: 0011.0011.0011.0011
[Mote:17] [INFO: Main      ] Tentative link-local IPv6 address: fe80::211:11:11:11
[Mote:13] [INFO: Main      ] Starting Contiki-NG-develop/v5.0
[Mote:13] [INFO: Main      ] - Routing: RPL Lite
[Mote:13] [INFO: Main      ] - Net: sicslowpan
[Mote:13] [INFO: Main      ] - MAC: TSCH
[Mote:13] [INFO: Main      ] - 802.15.4 PANID: 0xabcd
[Mote:13] [INFO: Main      ] - 802.15.4 TSCH default hopping sequence length: 4
[Mote:13] [INFO: Main      ] Node ID: 13
[Mote:13] [INFO: Main      ] Link-layer address: 000d.000d.000d.000d
[Mote:13] [INFO: Main      ] Tentative link-local IPv6 address: fe80::20d:d:d:d
[Mote:3] [INFO: Main      ] Starting Contiki-NG-develop/v5.0
[Mote:3] [INFO: Main      ] - Routing: RPL Lite
[Mote:3] [INFO: Main      ] - Net: sicslowpan
[Mote:3] [INFO: Main      ] - MAC: TSCH
[Mote:3] [INFO: Main      ] - 802.15.4 PANID: 0xabcd
[Mote:3] [INFO: Main      ] - 802.15.4 TSCH default hopping sequence length: 4
[Mote:3] [INFO: Main      ] Node ID: 3
[Mote:3] [INFO: Main      ] Link-layer address: 0003.0003.0003.0003
[Mote:3] [INFO: Main      ] Tentative link-local IPv6 address: fe80::203:3:3:3
[Mote:11] Not reachable yet
[Mote:16] Not reachable yet
[Mote:8] Not reachable yet
[Mote:10] Not reachable yet
[Mote:2] Not reachable yet
[Mote:18] Not reachable yet
[Mote:7] Not reachable yet
[Mote:4] Not reachable yet
[Mote:15] Not reachable yet
[Mote:13] Not reachable yet
[Mote:17] Not reachable yet
[Mote:3] Not reachable yet
[Mote:6] Not reachable yet
[Mote:14] Not reachable yet
[Mote:9] Not reachable yet
[Mote:12] Not reachable yet
[Mote:5] Not reachable yet
[Mote:19] Not reachable yet
[Mote:11] Not reachable yet
[Mote:16] Not reachable yet
[Mote:10] Not reachable yet
[Mote:8] Not reachable yet
[Mote:13] Not reachable yet
[Mote:17] Not reachable yet
[Mote:2] Sensor IPv6 = fe80::202:2:2:2
[Mote:1] {"node":"fd00::202:2:2:2", "cpu_energy_mj":37, "lpm_energy_mj":0, "radio_tx_energy_mj":0, "radio_rx_energy_mj":22, "node_time":20903, "total_sent":1, "total_received":0, "bytes_tx":60, "bytes_rx":0, "r2n_latency":0, "lqi":0, "rssi":0, "server_sent":0, "server_received":1, "server_bytes_rx":60, "n2r_latency":27, "hops":0, "rtt_latency":0, "root_time_now":20930}
[Mote:7] Not reachable yet
[Mote:18] Not reachable yet
[Mote:3] Not reachable yet
[Mote:4] Not reachable yet
[Mote:15] Not reachable yet
[Mote:9] Not reachable yet
[Mote:14] Not reachable yet
[Mote:6] Not reachable yet
[Mote:12] Not reachable yet
[Mote:5] Sensor IPv6 = fe80::205:5:5:5
[Mote:1] {"node":"fd00::205:5:5:5", "cpu_energy_mj":38, "lpm_energy_mj":0, "radio_tx_energy_mj":0, "radio_rx_energy_mj":17, "node_time":21904, "total_sent":1, "total_received":0, "bytes_tx":60, "bytes_rx":0, "r2n_latency":0, "lqi":0, "rssi":0, "server_sent":0, "server_received":1, "server_bytes_rx":60, "n2r_latency":6, "hops":0, "rtt_latency":0, "root_time_now":21910}
[Mote:19] Not reachable yet
[Mote:11] Not reachable yet
[Mote:16] Not reachable yet
[Mote:10] Not reachable yet
[Mote:13] Not reachable yet
[Mote:17] Not reachable yet
[Mote:8] Not reachable yet
[Mote:3] Not reachable yet
[Mote:7] Not reachable yet
[Mote:2] Sensor IPv6 = fe80::202:2:2:2
[Mote:1] {"node":"fd00::202:2:2:2", "cpu_energy_mj":18, "lpm_energy_mj":0, "radio_tx_energy_mj":0, "radio_rx_energy_mj":8, "node_time":31432, "total_sent":2, "total_received":1, "bytes_tx":60, "bytes_rx":12, "r2n_latency":114, "lqi":100, "rssi":-83, "server_sent":1, "server_received":3, "server_bytes_rx":60, "n2r_latency":68, "hops":0, "rtt_latency":92, "root_time_now":31500}
[Mote:18] Not reachable yet
[Mote:4] Not reachable yet
[Mote:15] Not reachable yet
[Mote:9] Not reachable yet
[Mote:14] Not reachable yet
[Mote:6] Not reachable yet
[Mote:5] Sensor IPv6 = fe80::205:5:5:5
[Mote:12] Not reachable yet
[Mote:1] {"node":"fd00::205:5:5:5", "cpu_energy_mj":19, "lpm_energy_mj":0, "radio_tx_energy_mj":0, "radio_rx_energy_mj":8, "node_time":32696, "total_sent":2, "total_received":1, "bytes_tx":60, "bytes_rx":12, "r2n_latency":44, "lqi":100, "rssi":-89, "server_sent":1, "server_received":3, "server_bytes_rx":60, "n2r_latency":64, "hops":0, "rtt_latency":197, "root_time_now":32760}
[Mote:19] Not reachable yet
[Mote:16] Not reachable yet
[Mote:11] Not reachable yet
[Mote:10] Not reachable yet
[Mote:13] Not reachable yet
[Mote:17] Not reachable yet
[Mote:3] Not reachable yet
[Mote:8] Not reachable yet
[Mote:7] Not reachable yet
[Mote:2] Sensor IPv6 = fe80::202:2:2:2
[Mote:1] {"node":"fd00::202:2:2:2", "cpu_energy_mj":18, "lpm_energy_mj":0, "radio_tx_energy_mj":0, "radio_rx_energy_mj":8, "node_time":41963, "total_sent":3, "total_received":2, "bytes_tx":60, "bytes_rx":12, "r2n_latency":124, "lqi":100, "rssi":-83, "server_sent":2, "server_received":5, "server_bytes_rx":60, "n2r_latency":37, "hops":0, "rtt_latency":97, "root_time_now":42000}
[Mote:18] Not reachable yet
[Mote:15] Not reachable yet
[Mote:4] Not reachable yet
[Mote:9] Not reachable yet
[Mote:14] Not reachable yet
[Mote:5] Sensor IPv6 = fe80::205:5:5:5
[Mote:12] Sensor IPv6 = fe80::20c:c:c:c
[Mote:1] {"node":"fd00::205:5:5:5", "cpu_energy_mj":19, "lpm_energy_mj":0, "radio_tx_energy_mj":0, "radio_rx_energy_mj":8, "node_time":43486, "total_sent":3, "total_received":2, "bytes_tx":60, "bytes_rx":12, "r2n_latency":54, "lqi":100, "rssi":-89, "server_sent":2, "server_received":5, "server_bytes_rx":60, "n2r_latency":54, "hops":0, "rtt_latency":167, "root_time_now":43540}
[Mote:6] Sensor IPv6 = fe80::206:6:6:6
[Mote:1] {"node":"fd00::206:6:6:6", "cpu_energy_mj":78, "lpm_energy_mj":0, "radio_tx_energy_mj":0, "radio_rx_energy_mj":393, "node_time":43569, "total_sent":1, "total_received":0, "bytes_tx":60, "bytes_rx":0, "r2n_latency":0, "lqi":0, "rssi":0, "server_sent":0, "server_received":1, "server_bytes_rx":60, "n2r_latency":41, "hops":0, "rtt_latency":0, "root_time_now":43610}
[Mote:1] {"node":"fd00::20c:c:c:c", "cpu_energy_mj":77, "lpm_energy_mj":0, "radio_tx_energy_mj":0, "radio_rx_energy_mj":394, "node_time":43531, "total_sent":1, "total_received":0, "bytes_tx":60, "bytes_rx":0, "r2n_latency":0, "lqi":0, "rssi":0, "server_sent":0, "server_received":1, "server_bytes_rx":60, "n2r_latency":289, "hops":1, "rtt_latency":0, "root_time_now":43820}
[Mote:19] Not reachable yet
[Mote:16] Not reachable yet
[Mote:11] Sensor IPv6 = fe80::20b:b:b:b
[Mote:13] Not reachable yet
[Mote:10] Not reachable yet
[Mote:1] {"node":"fd00::20b:b:b:b", "cpu_energy_mj":91, "lpm_energy_mj":0, "radio_tx_energy_mj":0, "radio_rx_energy_mj":483, "node_time":50410, "total_sent":1, "total_received":0, "bytes_tx":60, "bytes_rx":0, "r2n_latency":0, "lqi":0, "rssi":0, "server_sent":0, "server_received":1, "server_bytes_rx":60, "n2r_latency":970, "hops":1, "rtt_latency":0, "root_time_now":51380}
[Mote:17] Not reachable yet
[Mote:3] Not reachable yet
[Mote:8] Not reachable yet
[Mote:7] Not reachable yet
[Mote:2] Sensor IPv6 = fe80::202:2:2:2
[Mote:1] {"node":"fd00::202:2:2:2", "cpu_energy_mj":18, "lpm_energy_mj":0, "radio_tx_energy_mj":0, "radio_rx_energy_mj":8, "node_time":52494, "total_sent":4, "total_received":3, "bytes_tx":60, "bytes_rx":12, "r2n_latency":274, "lqi":100, "rssi":-83, "server_sent":3, "server_received":7, "server_bytes_rx":60, "n2r_latency":6, "hops":0, "rtt_latency":277, "root_time_now":52500}
[Mote:18] Not reachable yet
[Mote:15] Not reachable yet
[Mote:4] Not reachable yet
[Mote:9] Not reachable yet
[Mote:14] Not reachable yet
[Mote:5] Sensor IPv6 = fe80::205:5:5:5
[Mote:1] {"node":"fd00::205:5:5:5", "cpu_energy_mj":19, "lpm_energy_mj":0, "radio_tx_energy_mj":0, "radio_rx_energy_mj":8, "node_time":54278, "total_sent":4, "total_received":3, "bytes_tx":60, "bytes_rx":12, "r2n_latency":64, "lqi":100, "rssi":-89, "server_sent":3, "server_received":7, "server_bytes_rx":60, "n2r_latency":42, "hops":0, "rtt_latency":452, "root_time_now":54320}
[Mote:12] Sensor IPv6 = fe80::20c:c:c:c
[Mote:1] {"node":"fd00::20c:c:c:c", "cpu_energy_mj":19, "lpm_energy_mj":0, "radio_tx_energy_mj":0, "radio_rx_energy_mj":8, "node_time":54362, "total_sent":2, "total_received":1, "bytes_tx":60, "bytes_rx":12, "r2n_latency":274, "lqi":100, "rssi":-72, "server_sent":1, "server_received":3, "server_bytes_rx":60, "n2r_latency":98, "hops":1, "rtt_latency":627, "root_time_now":54460}
[Mote:6] Sensor IPv6 = fe80::206:6:6:6
[Mote:1] {"node":"fd00::206:6:6:6", "cpu_energy_mj":19, "lpm_energy_mj":0, "radio_tx_energy_mj":0, "radio_rx_energy_mj":9, "node_time":54498, "total_sent":2, "total_received":1, "bytes_tx":60, "bytes_rx":12, "r2n_latency":764, "lqi":100, "rssi":-90, "server_sent":1, "server_received":3, "server_bytes_rx":60, "n2r_latency":32, "hops":0, "rtt_latency":557, "root_time_now":54530}
[Mote:19] Not reachable yet
[Mote:16] Sensor IPv6 = fe80::210:10:10:10
[Mote:11] Sensor IPv6 = fe80::20b:b:b:b
[Mote:13] Not reachable yet
[Mote:1] {"node":"fd00::210:10:10:10", "cpu_energy_mj":108, "lpm_energy_mj":0, "radio_tx_energy_mj":0, "radio_rx_energy_mj":510, "node_time":60274, "total_sent":1, "total_received":0, "bytes_tx":60, "bytes_rx":0, "r2n_latency":0, "lqi":0, "rssi":0, "server_sent":0, "server_received":1, "server_bytes_rx":60, "n2r_latency":976, "hops":2, "rtt_latency":0, "root_time_now":61250}
[Mote:10] Not reachable yet
[Mote:17] Not reachable yet
[Mote:3] Not reachable yet
[Mote:8] Not reachable yet
[Mote:7] Not reachable yet
[Mote:1] {"node":"fd00::20b:b:b:b", "cpu_energy_mj":18, "lpm_energy_mj":0, "radio_tx_energy_mj":0, "radio_rx_energy_mj":8, "node_time":60529, "total_sent":2, "total_received":0, "bytes_tx":60, "bytes_rx":0, "r2n_latency":0, "lqi":0, "rssi":0, "server_sent":1, "server_received":2, "server_bytes_rx":60, "n2r_latency":2401, "hops":1, "rtt_latency":0, "root_time_now":62930}
[Mote:2] Sensor IPv6 = fe80::202:2:2:2
[Mote:1] {"node":"fd00::202:2:2:2", "cpu_energy_mj":18, "lpm_energy_mj":0, "radio_tx_energy_mj":0, "radio_rx_energy_mj":8, "node_time":63023, "total_sent":5, "total_received":4, "bytes_tx":60, "bytes_rx":12, "r2n_latency":284, "lqi":100, "rssi":-83, "server_sent":4, "server_received":9, "server_bytes_rx":60, "n2r_latency":47, "hops":0, "rtt_latency":667, "root_time_now":63070}
[Mote:15] Not reachable yet
[Mote:18] Not reachable yet
[Mote:4] Not reachable yet
[Mote:9] Not reachable yet
[Mote:14] Not reachable yet
[Mote:5] Sensor IPv6 = fe80::205:5:5:5
[Mote:1] {"node":"fd00::205:5:5:5", "cpu_energy_mj":19, "lpm_energy_mj":0, "radio_tx_energy_mj":0, "radio_rx_energy_mj":8, "node_time":65072, "total_sent":5, "total_received":4, "bytes_tx":60, "bytes_rx":12, "r2n_latency":74, "lqi":100, "rssi":-89, "server_sent":4, "server_received":9, "server_bytes_rx":60, "n2r_latency":28, "hops":0, "rtt_latency":352, "root_time_now":65100}
[Mote:12] Sensor IPv6 = fe80::20c:c:c:c
[Mote:1] {"node":"fd00::20c:c:c:c", "cpu_energy_mj":19, "lpm_energy_mj":0, "radio_tx_energy_mj":0, "radio_rx_energy_mj":8, "node_time":65193, "total_sent":3, "total_received":2, "bytes_tx":60, "bytes_rx":12, "r2n_latency":284, "lqi":100, "rssi":-72, "server_sent":2, "server_received":5, "server_bytes_rx":60, "n2r_latency":117, "hops":1, "rtt_latency":597, "root_time_now":65310}
[Mote:6] Sensor IPv6 = fe80::206:6:6:6
[Mote:1] {"node":"fd00::206:6:6:6", "cpu_energy_mj":19, "lpm_energy_mj":0, "radio_tx_energy_mj":0, "radio_rx_energy_mj":9, "node_time":65427, "total_sent":3, "total_received":2, "bytes_tx":60, "bytes_rx":12, "r2n_latency":424, "lqi":100, "rssi":-90, "server_sent":2, "server_received":5, "server_bytes_rx":60, "n2r_latency":23, "hops":0, "rtt_latency":247, "root_time_now":65450}
[Mote:19] Not reachable yet
[Mote:16] Sensor IPv6 = fe80::210:10:10:10
[Mote:11] Sensor IPv6 = fe80::20b:b:b:b
[Mote:13] Not reachable yet
[Mote:10] Not reachable yet
[Mote:17] Not reachable yet
[Mote:3] Not reachable yet
[Mote:1] {"node":"fd00::20b:b:b:b", "cpu_energy_mj":18, "lpm_energy_mj":0, "radio_tx_energy_mj":0, "radio_rx_energy_mj":8, "node_time":70654, "total_sent":3, "total_received":2, "bytes_tx":60, "bytes_rx":12, "r2n_latency":504, "lqi":100, "rssi":-87, "server_sent":2, "server_received":5, "server_bytes_rx":60, "n2r_latency":1796, "hops":1, "rtt_latency":1197, "root_time_now":72450}
[Mote:1] {"node":"fd00::210:10:10:10", "cpu_energy_mj":18, "lpm_energy_mj":0, "radio_tx_energy_mj":0, "radio_rx_energy_mj":8, "node_time":70309, "total_sent":2, "total_received":0, "bytes_tx":60, "bytes_rx":0, "r2n_latency":0, "lqi":0, "rssi":0, "server_sent":1, "server_received":2, "server_bytes_rx":60, "n2r_latency":2281, "hops":2, "rtt_latency":0, "root_time_now":72590}
[Mote:8] Not reachable yet
[Mote:7] Not reachable yet
[Mote:2] Sensor IPv6 = fe80::202:2:2:2
[Mote:1] {"node":"fd00::202:2:2:2", "cpu_energy_mj":18, "lpm_energy_mj":0, "radio_tx_energy_mj":0, "radio_rx_energy_mj":8, "node_time":73554, "total_sent":6, "total_received":5, "bytes_tx":60, "bytes_rx":12, "r2n_latency":154, "lqi":100, "rssi":-83, "server_sent":5, "server_received":11, "server_bytes_rx":60, "n2r_latency":156, "hops":0, "rtt_latency":847, "root_time_now":73710}
[Mote:15] Not reachable yet
[Mote:18] Not reachable yet
[Mote:4] Not reachable yet
[Mote:9] Not reachable yet
[Mote:14] Sensor IPv6 = fe80::20e:e:e:e
[Mote:1] {"node":"fd00::20e:e:e:e", "cpu_energy_mj":135, "lpm_energy_mj":0, "radio_tx_energy_mj":2, "radio_rx_energy_mj":915, "node_time":75394, "total_sent":1, "total_received":0, "bytes_tx":60, "bytes_rx":0, "r2n_latency":0, "lqi":0, "rssi":0, "server_sent":0, "server_received":1, "server_bytes_rx":60, "n2r_latency":136, "hops":1, "rtt_latency":0, "root_time_now":75530}
[Mote:5] Sensor IPv6 = fe80::205:5:5:5
[Mote:1] {"node":"fd00::205:5:5:5", "cpu_energy_mj":19, "lpm_energy_mj":0, "radio_tx_energy_mj":0, "radio_rx_energy_mj":8, "node_time":75864, "total_sent":6, "total_received":5, "bytes_tx":60, "bytes_rx":12, "r2n_latency":14, "lqi":100, "rssi":-89, "server_sent":5, "server_received":11, "server_bytes_rx":60, "n2r_latency":16, "hops":0, "rtt_latency":462, "root_time_now":75880}
[Mote:12] Sensor IPv6 = fe80::20c:c:c:c
[Mote:1] {"node":"fd00::20c:c:c:c", "cpu_energy_mj":19, "lpm_energy_mj":0, "radio_tx_energy_mj":0, "radio_rx_energy_mj":8, "node_time":76028, "total_sent":4, "total_received":3, "bytes_tx":60, "bytes_rx":12, "r2n_latency":434, "lqi":100, "rssi":-72, "server_sent":3, "server_received":7, "server_bytes_rx":60, "n2r_latency":132, "hops":1, "rtt_latency":1092, "root_time_now":76160}
[Mote:6] Sensor IPv6 = fe80::206:6:6:6
[Mote:1] {"node":"fd00::206:6:6:6", "cpu_energy_mj":19, "lpm_energy_mj":0, "radio_tx_energy_mj":0, "radio_rx_energy_mj":9, "node_time":76358, "total_sent":4, "total_received":3, "bytes_tx":60, "bytes_rx":12, "r2n_latency":784, "lqi":100, "rssi":-90, "server_sent":3, "server_received":7, "server_bytes_rx":60, "n2r_latency":12, "hops":0, "rtt_latency":427, "root_time_now":76370}
[Mote:19] Not reachable yet
[Mote:16] Sensor IPv6 = fe80::210:10:10:10
[Mote:11] Sensor IPv6 = fe80::20b:b:b:b
[Mote:13] Not reachable yet
[Mote:10] Not reachable yet
[Mote:17] Not reachable yet
[Mote:3] Not reachable yet
[Mote:8] Not reachable yet
[Mote:7] Sensor IPv6 = fe80::207:7:7:7
[Mote:2] Sensor IPv6 = fe80::202:2:2:2
[Mote:15] Not reachable yet
[Mote:18] Not reachable yet
[Mote:1] {"node":"fd00::207:7:7:7", "cpu_energy_mj":150, "lpm_energy_mj":0, "radio_tx_energy_mj":0, "radio_rx_energy_mj":1008, "node_time":83815, "total_sent":1, "total_received":0, "bytes_tx":60, "bytes_rx":0, "r2n_latency":0, "lqi":0, "rssi":0, "server_sent":0, "server_received":1, "server_bytes_rx":60, "n2r_latency":535, "hops":1, "rtt_latency":0, "root_time_now":84350}
[Mote:4] Not reachable yet
[Mote:9] Not reachable yet
[Mote:1] {"node":"fd00::20b:b:b:b", "cpu_energy_mj":18, "lpm_energy_mj":0, "radio_tx_energy_mj":0, "radio_rx_energy_mj":8, "node_time":80779, "total_sent":4, "total_received":3, "bytes_tx":60, "bytes_rx":12, "r2n_latency":444, "lqi":100, "rssi":-87, "server_sent":3, "server_received":7, "server_bytes_rx":60, "n2r_latency":4831, "hops":1, "rtt_latency":782, "root_time_now":85610}
[Mote:1] {"node":"fd00::202:2:2:2", "cpu_energy_mj":18, "lpm_energy_mj":0, "radio_tx_energy_mj":0, "radio_rx_energy_mj":8, "node_time":84087, "total_sent":7, "total_received":6, "bytes_tx":60, "bytes_rx":12, "r2n_latency":164, "lqi":100, "rssi":-83, "server_sent":6, "server_received":13, "server_bytes_rx":60, "n2r_latency":1593, "hops":0, "rtt_latency":572, "root_time_now":85680}
[Mote:14] Sensor IPv6 = fe80::20e:e:e:e
[Mote:1] {"node":"fd00::20e:e:e:e", "cpu_energy_mj":19, "lpm_energy_mj":0, "radio_tx_energy_mj":0, "radio_rx_energy_mj":8, "node_time":86157, "total_sent":2, "total_received":1, "bytes_tx":60, "bytes_rx":12, "r2n_latency":1004, "lqi":100, "rssi":-83, "server_sent":1, "server_received":3, "server_bytes_rx":60, "n2r_latency":83, "hops":1, "rtt_latency":642, "root_time_now":86240}
[Mote:5] Sensor IPv6 = fe80::205:5:5:5
[Mote:1] {"node":"fd00::205:5:5:5", "cpu_energy_mj":19, "lpm_energy_mj":0, "radio_tx_energy_mj":0, "radio_rx_energy_mj":8, "node_time":86654, "total_sent":7, "total_received":6, "bytes_tx":60, "bytes_rx":12, "r2n_latency":24, "lqi":100, "rssi":-89, "server_sent":6, "server_received":13, "server_bytes_rx":60, "n2r_latency":76, "hops":0, "rtt_latency":922, "root_time_now":86730}
[Mote:12] Sensor IPv6 = fe80::20c:c:c:c
[Mote:1] {"node":"fd00::20c:c:c:c", "cpu_energy_mj":19, "lpm_energy_mj":0, "radio_tx_energy_mj":0, "radio_rx_energy_mj":8, "node_time":86863, "total_sent":5, "total_received":4, "bytes_tx":60, "bytes_rx":12, "r2n_latency":304, "lqi":100, "rssi":-72, "server_sent":4, "server_received":9, "server_bytes_rx":60, "n2r_latency":147, "hops":1, "rtt_latency":1062, "root_time_now":87010}
[Mote:6] Sensor IPv6 = fe80::206:6:6:6
[Mote:1] {"node":"fd00::206:6:6:6", "cpu_energy_mj":19, "lpm_energy_mj":0, "radio_tx_energy_mj":0, "radio_rx_energy_mj":8, "node_time":87284, "total_sent":5, "total_received":4, "bytes_tx":60, "bytes_rx":12, "r2n_latency":654, "lqi":100, "rssi":-90, "server_sent":4, "server_received":9, "server_bytes_rx":60, "n2r_latency":76, "hops":0, "rtt_latency":607, "root_time_now":87360}
[Mote:19] Not reachable yet
[Mote:16] Not reachable yet
[Mote:11] Sensor IPv6 = fe80::20b:b:b:b
[Mote:13] Not reachable yet
[Mote:10] Sensor IPv6 = fe80::20a:a:a:a
[Mote:1] {"node":"fd00::20b:b:b:b", "cpu_energy_mj":18, "lpm_energy_mj":0, "radio_tx_energy_mj":0, "radio_rx_energy_mj":8, "node_time":90900, "total_sent":5, "total_received":4, "bytes_tx":60, "bytes_rx":12, "r2n_latency":664, "lqi":100, "rssi":-87, "server_sent":4, "server_received":9, "server_bytes_rx":60, "n2r_latency":1360, "hops":1, "rtt_latency":1102, "root_time_now":92260}
[Mote:17] Not reachable yet
[Mote:1] {"node":"fd00::20a:a:a:a", "cpu_energy_mj":165, "lpm_energy_mj":0, "radio_tx_energy_mj":0, "radio_rx_energy_mj":1464, "node_time":91844, "total_sent":1, "total_received":0, "bytes_tx":60, "bytes_rx":0, "r2n_latency":0, "lqi":0, "rssi":0, "server_sent":0, "server_received":1, "server_bytes_rx":60, "n2r_latency":556, "hops":2, "rtt_latency":0, "root_time_now":92400}
[Mote:3] Not reachable yet
[Mote:8] Sensor IPv6 = fe80::208:8:8:8
[Mote:1] {"node":"fd00::208:8:8:8", "cpu_energy_mj":169, "lpm_energy_mj":0, "radio_tx_energy_mj":0, "radio_rx_energy_mj":1194, "node_time":94025, "total_sent":1, "total_received":0, "bytes_tx":60, "bytes_rx":0, "r2n_latency":0, "lqi":0, "rssi":0, "server_sent":0, "server_received":1, "server_bytes_rx":60, "n2r_latency":195, "hops":2, "rtt_latency":0, "root_time_now":94220}
[Mote:7] Sensor IPv6 = fe80::207:7:7:7
[Mote:1] {"node":"fd00::207:7:7:7", "cpu_energy_mj":18, "lpm_energy_mj":0, "radio_tx_energy_mj":0, "radio_rx_energy_mj":8, "node_time":94287, "total_sent":2, "total_received":1, "bytes_tx":60, "bytes_rx":12, "r2n_latency":1784, "lqi":100, "rssi":-91, "server_sent":1, "server_received":3, "server_bytes_rx":60, "n2r_latency":143, "hops":1, "rtt_latency":962, "root_time_now":94430}
[Mote:2] Sensor IPv6 = fe80::202:2:2:2
[Mote:1] {"node":"fd00::202:2:2:2", "cpu_energy_mj":18, "lpm_energy_mj":0, "radio_tx_energy_mj":0, "radio_rx_energy_mj":8, "node_time":94616, "total_sent":8, "total_received":7, "bytes_tx":60, "bytes_rx":12, "r2n_latency":384, "lqi":100, "rssi":-83, "server_sent":7, "server_received":15, "server_bytes_rx":60, "n2r_latency":24, "hops":0, "rtt_latency":1067, "root_time_now":94640}
[Mote:15] Not reachable yet
[Mote:18] Not reachable yet
[Mote:4] Not reachable yet
[Mote:9] Not reachable yet
[Mote:14] Sensor IPv6 = fe80::20e:e:e:e
[Mote:1] {"node":"fd00::20e:e:e:e", "cpu_energy_mj":19, "lpm_energy_mj":0, "radio_tx_energy_mj":0, "radio_rx_energy_mj":9, "node_time":96920, "total_sent":3, "total_received":2, "bytes_tx":60, "bytes_rx":12, "r2n_latency":1154, "lqi":100, "rssi":-83, "server_sent":2, "server_received":5, "server_bytes_rx":60, "n2r_latency":100, "hops":1, "rtt_latency":787, "root_time_now":97020}
[Mote:5] Sensor IPv6 = fe80::205:5:5:5
[Mote:1] {"node":"fd00::205:5:5:5", "cpu_energy_mj":19, "lpm_energy_mj":0, "radio_tx_energy_mj":0, "radio_rx_energy_mj":8, "node_time":97446, "total_sent":8, "total_received":7, "bytes_tx":60, "bytes_rx":12, "r2n_latency":34, "lqi":100, "rssi":-89, "server_sent":7, "server_received":15, "server_bytes_rx":60, "n2r_latency":64, "hops":0, "rtt_latency":682, "root_time_now":97510}
[Mote:12] Sensor IPv6 = fe80::20c:c:c:c
[Mote:1] {"node":"fd00::20c:c:c:c", "cpu_energy_mj":19, "lpm_energy_mj":0, "radio_tx_energy_mj":0, "radio_rx_energy_mj":8, "node_time":97694, "total_sent":6, "total_received":5, "bytes_tx":60, "bytes_rx":12, "r2n_latency":244, "lqi":100, "rssi":-72, "server_sent":5, "server_received":11, "server_bytes_rx":60, "n2r_latency":96, "hops":1, "rtt_latency":1032, "root_time_now":97790}
[Mote:6] Sensor IPv6 = fe80::206:6:6:6
[Mote:1] {"node":"fd00::206:6:6:6", "cpu_energy_mj":19, "lpm_energy_mj":0, "radio_tx_energy_mj":0, "radio_rx_energy_mj":8, "node_time":98212, "total_sent":6, "total_received":5, "bytes_tx":60, "bytes_rx":12, "r2n_latency":804, "lqi":100, "rssi":-90, "server_sent":5, "server_received":11, "server_bytes_rx":60, "n2r_latency":68, "hops":0, "rtt_latency":752, "root_time_now":98280}
[Mote:19] Not reachable yet
[Mote:16] Sensor IPv6 = fe80::210:10:10:10
[Mote:11] Sensor IPv6 = fe80::20b:b:b:b
[Mote:13] Sensor IPv6 = fe80::20d:d:d:d
[Mote:1] {"node":"fd00::210:10:10:10", "cpu_energy_mj":36, "lpm_energy_mj":0, "radio_tx_energy_mj":0, "radio_rx_energy_mj":16, "node_time":100406, "total_sent":4, "total_received":1, "bytes_tx":60, "bytes_rx":12, "r2n_latency":1064, "lqi":100, "rssi":-86, "server_sent":4, "server_received":4, "server_bytes_rx":60, "n2r_latency":1234, "hops":2, "rtt_latency":1372, "root_time_now":101640}
[Mote:10] Sensor IPv6 = fe80::20a:a:a:a
[Mote:1] {"node":"fd00::20b:b:b:b", "cpu_energy_mj":18, "lpm_energy_mj":0, "radio_tx_energy_mj":0, "radio_rx_energy_mj":8, "node_time":101023, "total_sent":6, "total_received":4, "bytes_tx":60, "bytes_rx":12, "r2n_latency":664, "lqi":100, "rssi":-87, "server_sent":5, "server_received":10, "server_bytes_rx":60, "n2r_latency":1527, "hops":1, "rtt_latency":1102, "root_time_now":102550}
[Mote:17] Not reachable yet
[Mote:1] {"node":"fd00::20d:d:d:d", "cpu_energy_mj":182, "lpm_energy_mj":0, "radio_tx_energy_mj":0, "radio_rx_energy_mj":1670, "node_time":101616, "total_sent":1, "total_received":0, "bytes_tx":60, "bytes_rx":0, "r2n_latency":0, "lqi":0, "rssi":0, "server_sent":0, "server_received":1, "server_bytes_rx":60, "n2r_latency":1004, "hops":1, "rtt_latency":0, "root_time_now":102620}
[Mote:3] Not reachable yet
[Mote:1] {"node":"fd00::20a:a:a:a", "cpu_energy_mj":18, "lpm_energy_mj":0, "radio_tx_energy_mj":0, "radio_rx_energy_mj":8, "node_time":102028, "total_sent":2, "total_received":0, "bytes_tx":60, "bytes_rx":0, "r2n_latency":0, "lqi":0, "rssi":0, "server_sent":1, "server_received":2, "server_bytes_rx":60, "n2r_latency":2202, "hops":2, "rtt_latency":0, "root_time_now":104230}
[Mote:8] Sensor IPv6 = fe80::208:8:8:8
[Mote:1] {"node":"fd00::208:8:8:8", "cpu_energy_mj":18, "lpm_energy_mj":0, "radio_tx_energy_mj":0, "radio_rx_energy_mj":8, "node_time":104508, "total_sent":2, "total_received":0, "bytes_tx":60, "bytes_rx":0, "r2n_latency":0, "lqi":0, "rssi":0, "server_sent":1, "server_received":2, "server_bytes_rx":60, "n2r_latency":212, "hops":2, "rtt_latency":0, "root_time_now":104720}
[Mote:7] Sensor IPv6 = fe80::207:7:7:7
[Mote:1] {"node":"fd00::207:7:7:7", "cpu_energy_mj":18, "lpm_energy_mj":0, "radio_tx_energy_mj":0, "radio_rx_energy_mj":8, "node_time":104763, "total_sent":3, "total_received":2, "bytes_tx":60, "bytes_rx":12, "r2n_latency":1304, "lqi":100, "rssi":-91, "server_sent":2, "server_received":5, "server_bytes_rx":60, "n2r_latency":97, "hops":1, "rtt_latency":2087, "root_time_now":104860}
[Mote:2] Sensor IPv6 = fe80::202:2:2:2
[Mote:1] {"node":"fd00::202:2:2:2", "cpu_energy_mj":18, "lpm_energy_mj":0, "radio_tx_energy_mj":0, "radio_rx_energy_mj":8, "node_time":105149, "total_sent":9, "total_received":8, "bytes_tx":60, "bytes_rx":12, "r2n_latency":184, "lqi":100, "rssi":-83, "server_sent":8, "server_received":17, "server_bytes_rx":60, "n2r_latency":61, "hops":0, "rtt_latency":687, "root_time_now":105210}
[Mote:15] Not reachable yet
[Mote:18] Not reachable yet
[Mote:4] Not reachable yet
[Mote:9] Not reachable yet
[Mote:14] Sensor IPv6 = fe80::20e:e:e:e
[Mote:1] {"node":"fd00::20e:e:e:e", "cpu_energy_mj":19, "lpm_energy_mj":0, "radio_tx_energy_mj":0, "radio_rx_energy_mj":9, "node_time":107685, "total_sent":4, "total_received":3, "bytes_tx":60, "bytes_rx":12, "r2n_latency":884, "lqi":100, "rssi":-83, "server_sent":3, "server_received":7, "server_bytes_rx":60, "n2r_latency":115, "hops":1, "rtt_latency":1982, "root_time_now":107800}
[Mote:5] Sensor IPv6 = fe80::205:5:5:5
[Mote:1] {"node":"fd00::205:5:5:5", "cpu_energy_mj":19, "lpm_energy_mj":0, "radio_tx_energy_mj":0, "radio_rx_energy_mj":8, "node_time":108236, "total_sent":9, "total_received":8, "bytes_tx":60, "bytes_rx":12, "r2n_latency":44, "lqi":100, "rssi":-89, "server_sent":8, "server_received":17, "server_bytes_rx":60, "n2r_latency":54, "hops":0, "rtt_latency":932, "root_time_now":108290}
[Mote:12] Sensor IPv6 = fe80::20c:c:c:c
[Mote:1] {"node":"fd00::20c:c:c:c", "cpu_energy_mj":19, "lpm_energy_mj":0, "radio_tx_energy_mj":0, "radio_rx_energy_mj":8, "node_time":108527, "total_sent":7, "total_received":6, "bytes_tx":60, "bytes_rx":12, "r2n_latency":1094, "lqi":100, "rssi":-72, "server_sent":6, "server_received":13, "server_bytes_rx":60, "n2r_latency":113, "hops":1, "rtt_latency":1107, "root_time_now":108640}
[Mote:6] Sensor IPv6 = fe80::206:6:6:6
[Mote:1] {"node":"fd00::206:6:6:6", "cpu_energy_mj":19, "lpm_energy_mj":0, "radio_tx_energy_mj":1, "radio_rx_energy_mj":8, "node_time":109141, "total_sent":7, "total_received":6, "bytes_tx":60, "bytes_rx":12, "r2n_latency":464, "lqi":100, "rssi":-90, "server_sent":6, "server_received":13, "server_bytes_rx":60, "n2r_latency":59, "hops":0, "rtt_latency":1947, "root_time_now":109200}
[Mote:19] Not reachable yet
[Mote:16] Sensor IPv6 = fe80::210:10:10:10
[Mote:11] Sensor IPv6 = fe80::20b:b:b:b
[Mote:13] Sensor IPv6 = fe80::20d:d:d:d
[Mote:1] {"node":"fd00::20d:d:d:d", "cpu_energy_mj":18, "lpm_energy_mj":0, "radio_tx_energy_mj":0, "radio_rx_energy_mj":8, "node_time":111730, "total_sent":2, "total_received":1, "bytes_tx":60, "bytes_rx":12, "r2n_latency":754, "lqi":100, "rssi":-86, "server_sent":1, "server_received":3, "server_bytes_rx":60, "n2r_latency":270, "hops":1, "rtt_latency":727, "root_time_now":112000}
[Mote:10] Sensor IPv6 = fe80::20a:a:a:a
[Mote:17] Not reachable yet
[Mote:3] Not reachable yet
[Mote:1] {"node":"fd00::210:10:10:10", "cpu_energy_mj":18, "lpm_energy_mj":0, "radio_tx_energy_mj":0, "radio_rx_energy_mj":8, "node_time":110439, "total_sent":5, "total_received":2, "bytes_tx":60, "bytes_rx":12, "r2n_latency":6974, "lqi":100, "rssi":-92, "server_sent":5, "server_received":6, "server_bytes_rx":60, "n2r_latency":4361, "hops":2, "rtt_latency":3592, "root_time_now":114800}
[Mote:1] {"node":"fd00::20b:b:b:b", "cpu_energy_mj":18, "lpm_energy_mj":0, "radio_tx_energy_mj":0, "radio_rx_energy_mj":7, "node_time":111146, "total_sent":7, "total_received":6, "bytes_tx":60, "bytes_rx":12, "r2n_latency":684, "lqi":100, "rssi":-87, "server_sent":6, "server_received":13, "server_bytes_rx":60, "n2r_latency":3724, "hops":1, "rtt_latency":1392, "root_time_now":114870}
[Mote:8] Sensor IPv6 = fe80::208:8:8:8
[Mote:1] {"node":"fd00::208:8:8:8", "cpu_energy_mj":18, "lpm_energy_mj":0, "radio_tx_energy_mj":0, "radio_rx_energy_mj":8, "node_time":114989, "total_sent":3, "total_received":2, "bytes_tx":60, "bytes_rx":12, "r2n_latency":2714, "lqi":100, "rssi":-94, "server_sent":2, "server_received":5, "server_bytes_rx":60, "n2r_latency":161, "hops":2, "rtt_latency":1672, "root_time_now":115150}
[Mote:7] Sensor IPv6 = fe80::207:7:7:7
[Mote:1] {"node":"fd00::207:7:7:7", "cpu_energy_mj":18, "lpm_energy_mj":0, "radio_tx_energy_mj":0, "radio_rx_energy_mj":8, "node_time":115239, "total_sent":4, "total_received":3, "bytes_tx":60, "bytes_rx":12, "r2n_latency":1804, "lqi":100, "rssi":-91, "server_sent":3, "server_received":7, "server_bytes_rx":60, "n2r_latency":121, "hops":1, "rtt_latency":1497, "root_time_now":115360}
[Mote:2] Sensor IPv6 = fe80::202:2:2:2
[Mote:1] {"node":"fd00::202:2:2:2", "cpu_energy_mj":18, "lpm_energy_mj":0, "radio_tx_energy_mj":0, "radio_rx_energy_mj":8, "node_time":115678, "total_sent":10, "total_received":9, "bytes_tx":60, "bytes_rx":12, "r2n_latency":194, "lqi":100, "rssi":-83, "server_sent":9, "server_received":19, "server_bytes_rx":60, "n2r_latency":32, "hops":0, "rtt_latency":1357, "root_time_now":115710}
[Mote:15] Not reachable yet
[Mote:18] Sensor IPv6 = fe80::212:12:12:12
[Mote:1] {"node":"fd00::20a:a:a:a", "cpu_energy_mj":18, "lpm_energy_mj":0, "radio_tx_energy_mj":0, "radio_rx_energy_mj":8, "node_time":112215, "total_sent":3, "total_received":2, "bytes_tx":60, "bytes_rx":12, "r2n_latency":2224, "lqi":100, "rssi":-43, "server_sent":2, "server_received":5, "server_bytes_rx":60, "n2r_latency":3775, "hops":2, "rtt_latency":1602, "root_time_now":115990}
[Mote:4] Not reachable yet
[Mote:1] {"node":"fd00::212:12:12:12", "cpu_energy_mj":208, "lpm_energy_mj":0, "radio_tx_energy_mj":1, "radio_rx_energy_mj":882, "node_time":115981, "total_sent":1, "total_received":0, "bytes_tx":60, "bytes_rx":0, "r2n_latency":0, "lqi":0, "rssi":0, "server_sent":0, "server_received":1, "server_bytes_rx":60, "n2r_latency":289, "hops":3, "rtt_latency":0, "root_time_now":116270}
[Mote:9] Not reachable yet
[Mote:14] Sensor IPv6 = fe80::20e:e:e:e
[Mote:1] {"node":"fd00::20e:e:e:e", "cpu_energy_mj":19, "lpm_energy_mj":0, "radio_tx_energy_mj":0, "radio_rx_energy_mj":9, "node_time":118446, "total_sent":5, "total_received":4, "bytes_tx":60, "bytes_rx":12, "r2n_latency":7684, "lqi":100, "rssi":-77, "server_sent":4, "server_received":9, "server_bytes_rx":60, "n2r_latency":134, "hops":1, "rtt_latency":3912, "root_time_now":118580}
[Mote:5] Sensor IPv6 = fe80::205:5:5:5
[Mote:1] {"node":"fd00::205:5:5:5", "cpu_energy_mj":19, "lpm_energy_mj":0, "radio_tx_energy_mj":0, "radio_rx_energy_mj":8, "node_time":119030, "total_sent":10, "total_received":9, "bytes_tx":60, "bytes_rx":12, "r2n_latency":54, "lqi":100, "rssi":-89, "server_sent":9, "server_received":19, "server_bytes_rx":60, "n2r_latency":40, "hops":0, "rtt_latency":622, "root_time_now":119070}
[Mote:12] Sensor IPv6 = fe80::20c:c:c:c
[Mote:1] {"node":"fd00::20c:c:c:c", "cpu_energy_mj":19, "lpm_energy_mj":0, "radio_tx_energy_mj":0, "radio_rx_energy_mj":8, "node_time":119362, "total_sent":8, "total_received":7, "bytes_tx":60, "bytes_rx":12, "r2n_latency":474, "lqi":100, "rssi":-72, "server_sent":7, "server_received":15, "server_bytes_rx":60, "n2r_latency":128, "hops":1, "rtt_latency":2827, "root_time_now":119490}
[Mote:6] Sensor IPv6 = fe80::206:6:6:6
[Mote:16] Sensor IPv6 = fe80::210:10:10:10
[Mote:19] Not reachable yet
[Mote:11] Sensor IPv6 = fe80::20b:b:b:b
[Mote:13] Sensor IPv6 = fe80::20d:d:d:d
[Mote:1] {"node":"fd00::210:10:10:10", "cpu_energy_mj":18, "lpm_energy_mj":0, "radio_tx_energy_mj":0, "radio_rx_energy_mj":8, "node_time":120474, "total_sent":6, "total_received":3, "bytes_tx":60, "bytes_rx":12, "r2n_latency":6914, "lqi":100, "rssi":-27, "server_sent":6, "server_received":8, "server_bytes_rx":60, "n2r_latency":1816, "hops":2, "rtt_latency":3562, "root_time_now":122290}
[Mote:10] Sensor IPv6 = fe80::20a:a:a:a
[Mote:1] {"node":"fd00::20b:b:b:b", "cpu_energy_mj":18, "lpm_energy_mj":0, "radio_tx_energy_mj":0, "radio_rx_energy_mj":8, "node_time":121267, "total_sent":8, "total_received":6, "bytes_tx":60, "bytes_rx":12, "r2n_latency":684, "lqi":100, "rssi":-87, "server_sent":7, "server_received":14, "server_bytes_rx":60, "n2r_latency":1163, "hops":1, "rtt_latency":1392, "root_time_now":122430}
[Mote:17] Not reachable yet
[Mote:3] Not reachable yet
[Mote:1] {"node":"fd00::20d:d:d:d", "cpu_energy_mj":18, "lpm_energy_mj":0, "radio_tx_energy_mj":0, "radio_rx_energy_mj":8, "node_time":121843, "total_sent":3, "total_received":2, "bytes_tx":60, "bytes_rx":12, "r2n_latency":1184, "lqi":100, "rssi":-86, "server_sent":2, "server_received":5, "server_bytes_rx":60, "n2r_latency":3247, "hops":1, "rtt_latency":1852, "root_time_now":125090}
[Mote:8] Sensor IPv6 = fe80::208:8:8:8
[Mote:7] Sensor IPv6 = fe80::207:7:7:7
[Mote:1] {"node":"fd00::206:6:6:6", "cpu_energy_mj":19, "lpm_energy_mj":0, "radio_tx_energy_mj":1, "radio_rx_energy_mj":8, "node_time":120070, "total_sent":8, "total_received":7, "bytes_tx":60, "bytes_rx":12, "r2n_latency":334, "lqi":100, "rssi":-90, "server_sent":8, "server_received":15, "server_bytes_rx":60, "n2r_latency":5720, "hops":0, "rtt_latency":1462, "root_time_now":125790}
[Mote:1] {"node":"fd00::20a:a:a:a", "cpu_energy_mj":18, "lpm_energy_mj":0, "radio_tx_energy_mj":0, "radio_rx_energy_mj":8, "node_time":122405, "total_sent":4, "total_received":2, "bytes_tx":60, "bytes_rx":12, "r2n_latency":2224, "lqi":100, "rssi":-43, "server_sent":3, "server_received":6, "server_bytes_rx":60, "n2r_latency":3595, "hops":2, "rtt_latency":1602, "root_time_now":126000}
[Mote:2] Sensor IPv6 = fe80::202:2:2:2
[Mote:1] {"node":"fd00::202:2:2:2", "cpu_energy_mj":18, "lpm_energy_mj":0, "radio_tx_energy_mj":0, "radio_rx_energy_mj":8, "node_time":126211, "total_sent":11, "total_received":10, "bytes_tx":60, "bytes_rx":12, "r2n_latency":204, "lqi":100, "rssi":-83, "server_sent":10, "server_received":21, "server_bytes_rx":60, "n2r_latency":139, "hops":0, "rtt_latency":1117, "root_time_now":126350}
[Mote:15] Not reachable yet
[Mote:18] Sensor IPv6 = fe80::212:12:12:12
[Mote:4] Not reachable yet
[Mote:1] {"node":"fd00::208:8:8:8", "cpu_energy_mj":18, "lpm_energy_mj":0, "radio_tx_energy_mj":0, "radio_rx_energy_mj":9, "node_time":125472, "total_sent":4, "total_received":3, "bytes_tx":60, "bytes_rx":12, "r2n_latency":3984, "lqi":100, "rssi":-94, "server_sent":3, "server_received":7, "server_bytes_rx":60, "n2r_latency":1578, "hops":2, "rtt_latency":3497, "root_time_now":127050}
[Mote:9] Not reachable yet
[Mote:1] {"node":"fd00::207:7:7:7", "cpu_energy_mj":18, "lpm_energy_mj":0, "radio_tx_energy_mj":0, "radio_rx_energy_mj":8, "node_time":125717, "total_sent":5, "total_received":4, "bytes_tx":60, "bytes_rx":12, "r2n_latency":2724, "lqi":100, "rssi":-91, "server_sent":4, "server_received":9, "server_bytes_rx":60, "n2r_latency":1683, "hops":1, "rtt_latency":3042, "root_time_now":127400}
[Mote:14] Sensor IPv6 = fe80::20e:e:e:e
[Mote:5] Sensor IPv6 = fe80::205:5:5:5
[Mote:1] {"node":"fd00::205:5:5:5", "cpu_energy_mj":19, "lpm_energy_mj":0, "radio_tx_energy_mj":0, "radio_rx_energy_mj":8, "node_time":129824, "total_sent":11, "total_received":10, "bytes_tx":60, "bytes_rx":12, "r2n_latency":64, "lqi":100, "rssi":-89, "server_sent":10, "server_received":21, "server_bytes_rx":60, "n2r_latency":26, "hops":0, "rtt_latency":1817, "root_time_now":129850}
[Mote:12] Sensor IPv6 = fe80::20c:c:c:c
[Mote:16] Sensor IPv6 = fe80::210:10:10:10
[Mote:6] Sensor IPv6 = fe80::206:6:6:6
[Mote:1] {"node":"fd00::206:6:6:6", "cpu_energy_mj":19, "lpm_energy_mj":0, "radio_tx_energy_mj":1, "radio_rx_energy_mj":8, "node_time":131001, "total_sent":9, "total_received":9, "bytes_tx":60, "bytes_rx":12, "r2n_latency":774, "lqi":100, "rssi":-90, "server_sent":9, "server_received":18, "server_bytes_rx":60, "n2r_latency":319, "hops":0, "rtt_latency":597, "root_time_now":131320}
[Mote:11] Sensor IPv6 = fe80::20b:b:b:b
[Mote:19] Not reachable yet
[Mote:13] Sensor IPv6 = fe80::20d:d:d:d
[Mote:10] Sensor IPv6 = fe80::20a:a:a:a
[Mote:1] {"node":"fd00::20a:a:a:a", "cpu_energy_mj":18, "lpm_energy_mj":0, "radio_tx_energy_mj":0, "radio_rx_energy_mj":8, "node_time":132592, "total_sent":5, "total_received":3, "bytes_tx":60, "bytes_rx":12, "r2n_latency":3354, "lqi":100, "rssi":-43, "server_sent":4, "server_received":8, "server_bytes_rx":60, "n2r_latency":548, "hops":2, "rtt_latency":3462, "root_time_now":133140}
[Mote:17] Sensor IPv6 = fe80::211:11:11:11
[Mote:3] Not reachable yet
[Mote:1] {"node":"fd00::20c:c:c:c", "cpu_energy_mj":19, "lpm_energy_mj":0, "radio_tx_energy_mj":0, "radio_rx_energy_mj":9, "node_time":130195, "total_sent":9, "total_received":8, "bytes_tx":60, "bytes_rx":12, "r2n_latency":414, "lqi":100, "rssi":-72, "server_sent":9, "server_received":17, "server_bytes_rx":60, "n2r_latency":5465, "hops":1, "rtt_latency":2587, "root_time_now":135660}
[Mote:1] {"node":"fd00::20d:d:d:d", "cpu_energy_mj":18, "lpm_energy_mj":0, "radio_tx_energy_mj":0, "radio_rx_energy_mj":8, "node_time":131958, "total_sent":4, "total_received":2, "bytes_tx":60, "bytes_rx":12, "r2n_latency":1184, "lqi":100, "rssi":-86, "server_sent":3, "server_received":6, "server_bytes_rx":60, "n2r_latency":3772, "hops":1, "rtt_latency":1852, "root_time_now":135730}
[Mote:8] Sensor IPv6 = fe80::208:8:8:8
[Mote:1] {"node":"fd00::208:8:8:8", "cpu_energy_mj":18, "lpm_energy_mj":0, "radio_tx_energy_mj":0, "radio_rx_energy_mj":9, "node_time":135955, "total_sent":5, "total_received":4, "bytes_tx":60, "bytes_rx":12, "r2n_latency":3994, "lqi":100, "rssi":-94, "server_sent":4, "server_received":9, "server_bytes_rx":60, "n2r_latency":195, "hops":2, "rtt_latency":2102, "root_time_now":136150}
[Mote:7] Sensor IPv6 = fe80::207:7:7:7
[Mote:1] {"node":"fd00::207:7:7:7", "cpu_energy_mj":18, "lpm_energy_mj":0, "radio_tx_energy_mj":1, "radio_rx_energy_mj":8, "node_time":136191, "total_sent":6, "total_received":5, "bytes_tx":60, "bytes_rx":12, "r2n_latency":1684, "lqi":100, "rssi":-91, "server_sent":5, "server_received":11, "server_bytes_rx":60, "n2r_latency":99, "hops":1, "rtt_latency":912, "root_time_now":136290}
[Mote:2] Sensor IPv6 = fe80::202:2:2:2
[Mote:1] {"node":"fd00::20b:b:b:b", "cpu_energy_mj":18, "lpm_energy_mj":0, "radio_tx_energy_mj":0, "radio_rx_energy_mj":8, "node_time":131392, "total_sent":9, "total_received":8, "bytes_tx":60, "bytes_rx":12, "r2n_latency":564, "lqi":100, "rssi":-87, "server_sent":8, "server_received":17, "server_bytes_rx":60, "n2r_latency":5388, "hops":1, "rtt_latency":3292, "root_time_now":136780}
[Mote:15] Not reachable yet
[Mote:1] {"node":"fd00::202:2:2:2", "cpu_energy_mj":18, "lpm_energy_mj":0, "radio_tx_energy_mj":0, "radio_rx_energy_mj":8, "node_time":136742, "total_sent":12, "total_received":11, "bytes_tx":60, "bytes_rx":12, "r2n_latency":284, "lqi":100, "rssi":-83, "server_sent":11, "server_received":23, "server_bytes_rx":60, "n2r_latency":178, "hops":0, "rtt_latency":1262, "root_time_now":136920}
[Mote:18] Sensor IPv6 = fe80::212:12:12:12
[Mote:4] Not reachable yet
[Mote:9] Not reachable yet
[Mote:14] Sensor IPv6 = fe80::20e:e:e:e
[Mote:16] Sensor IPv6 = fe80::210:10:10:10
[Mote:5] Sensor IPv6 = fe80::205:5:5:5
[Mote:12] Sensor IPv6 = fe80::20c:c:c:c
[Mote:11] Sensor IPv6 = fe80::20b:b:b:b
[Mote:6] Sensor IPv6 = fe80::206:6:6:6
[Mote:13] Sensor IPv6 = fe80::20d:d:d:d
[Mote:19] Not reachable yet
[Mote:10] Sensor IPv6 = fe80::20a:a:a:a
[Mote:1] {"node":"fd00::206:6:6:6", "cpu_energy_mj":19, "lpm_energy_mj":0, "radio_tx_energy_mj":1, "radio_rx_energy_mj":8, "node_time":141930, "total_sent":10, "total_received":10, "bytes_tx":60, "bytes_rx":12, "r2n_latency":784, "lqi":100, "rssi":-90, "server_sent":10, "server_received":20, "server_bytes_rx":60, "n2r_latency":1220, "hops":0, "rtt_latency":1547, "root_time_now":143150}
[Mote:17] Sensor IPv6 = fe80::211:11:11:11
[Mote:3] Not reachable yet
[Mote:1] {"node":"fd00::205:5:5:5", "cpu_energy_mj":19, "lpm_energy_mj":0, "radio_tx_energy_mj":1, "radio_rx_energy_mj":8, "node_time":140614, "total_sent":12, "total_received":12, "bytes_tx":60, "bytes_rx":12, "r2n_latency":14, "lqi":100, "rssi":-89, "server_sent":12, "server_received":24, "server_bytes_rx":60, "n2r_latency":3936, "hops":0, "rtt_latency":2247, "root_time_now":144550}
[Mote:1] {"node":"fd00::20c:c:c:c", "cpu_energy_mj":19, "lpm_energy_mj":0, "radio_tx_energy_mj":0, "radio_rx_energy_mj":8, "node_time":141026, "total_sent":10, "total_received":10, "bytes_tx":60, "bytes_rx":12, "r2n_latency":434, "lqi":100, "rssi":-72, "server_sent":10, "server_received":20, "server_bytes_rx":60, "n2r_latency":3804, "hops":1, "rtt_latency":2387, "root_time_now":144830}
[Mote:1] {"node":"fd00::20a:a:a:a", "cpu_energy_mj":18, "lpm_energy_mj":0, "radio_tx_energy_mj":0, "radio_rx_energy_mj":8, "node_time":142777, "total_sent":6, "total_received":5, "bytes_tx":60, "bytes_rx":12, "r2n_latency":2044, "lqi":100, "rssi":-43, "server_sent":5, "server_received":11, "server_bytes_rx":60, "n2r_latency":2543, "hops":2, "rtt_latency":1827, "root_time_now":145320}
[Mote:1] {"node":"fd00::20d:d:d:d", "cpu_energy_mj":18, "lpm_energy_mj":0, "radio_tx_energy_mj":0, "radio_rx_energy_mj":8, "node_time":142071, "total_sent":5, "total_received":4, "bytes_tx":60, "bytes_rx":12, "r2n_latency":714, "lqi":100, "rssi":-86, "server_sent":4, "server_received":9, "server_bytes_rx":60, "n2r_latency":3459, "hops":1, "rtt_latency":2737, "root_time_now":145530}
[Mote:8] Sensor IPv6 = fe80::208:8:8:8
[Mote:1] {"node":"fd00::208:8:8:8", "cpu_energy_mj":18, "lpm_energy_mj":0, "radio_tx_energy_mj":0, "radio_rx_energy_mj":8, "node_time":146441, "total_sent":6, "total_received":5, "bytes_tx":60, "bytes_rx":12, "r2n_latency":2394, "lqi":100, "rssi":-94, "server_sent":5, "server_received":11, "server_bytes_rx":60, "n2r_latency":209, "hops":2, "rtt_latency":2107, "root_time_now":146650}
[Mote:7] Sensor IPv6 = fe80::207:7:7:7
[Mote:1] {"node":"fd00::207:7:7:7", "cpu_energy_mj":18, "lpm_energy_mj":0, "radio_tx_energy_mj":1, "radio_rx_energy_mj":8, "node_time":146667, "total_sent":7, "total_received":6, "bytes_tx":60, "bytes_rx":12, "r2n_latency":1414, "lqi":100, "rssi":-91, "server_sent":6, "server_received":13, "server_bytes_rx":60, "n2r_latency":123, "hops":1, "rtt_latency":1617, "root_time_now":146790}
[Mote:2] Sensor IPv6 = fe80::202:2:2:2
[Mote:1] {"node":"fd00::202:2:2:2", "cpu_energy_mj":18, "lpm_energy_mj":0, "radio_tx_energy_mj":0, "radio_rx_energy_mj":8, "node_time":147273, "total_sent":13, "total_received":12, "bytes_tx":60, "bytes_rx":12, "r2n_latency":154, "lqi":100, "rssi":-83, "server_sent":12, "server_received":25, "server_bytes_rx":60, "n2r_latency":7, "hops":0, "rtt_latency":2807, "root_time_now":147280}
[Mote:15] Not reachable yet
[Mote:18] Not reachable yet
[Mote:4] Not reachable yet
[Mote:9] Not reachable yet
[Mote:1] {"node":"fd00::20b:b:b:b", "cpu_energy_mj":18, "lpm_energy_mj":0, "radio_tx_energy_mj":0, "radio_rx_energy_mj":7, "node_time":141515, "total_sent":10, "total_received":9, "bytes_tx":60, "bytes_rx":12, "r2n_latency":644, "lqi":100, "rssi":-87, "server_sent":9, "server_received":18, "server_bytes_rx":60, "n2r_latency":7865, "hops":1, "rtt_latency":3292, "root_time_now":149380}
[Mote:16] Sensor IPv6 = fe80::210:10:10:10
[Mote:14] Sensor IPv6 = fe80::20e:e:e:e
[Mote:5] Sensor IPv6 = fe80::205:5:5:5
[Mote:1] {"node":"fd00::205:5:5:5", "cpu_energy_mj":19, "lpm_energy_mj":0, "radio_tx_energy_mj":0, "radio_rx_energy_mj":8, "node_time":151406, "total_sent":13, "total_received":13, "bytes_tx":60, "bytes_rx":12, "r2n_latency":24, "lqi":100, "rssi":-89, "server_sent":13, "server_received":26, "server_bytes_rx":60, "n2r_latency":74, "hops":0, "rtt_latency":467, "root_time_now":151480}
[Mote:11] Not reachable yet
[Mote:12] Sensor IPv6 = fe80::20c:c:c:c
[Mote:13] Sensor IPv6 = fe80::20d:d:d:d
[Mote:6] Sensor IPv6 = fe80::206:6:6:6
[Mote:10] Sensor IPv6 = fe80::20a:a:a:a
[Mote:19] Not reachable yet
[Mote:1] {"node":"fd00::206:6:6:6", "cpu_energy_mj":19, "lpm_energy_mj":0, "radio_tx_energy_mj":1, "radio_rx_energy_mj":7, "node_time":152859, "total_sent":11, "total_received":11, "bytes_tx":60, "bytes_rx":12, "r2n_latency":514, "lqi":100, "rssi":-90, "server_sent":11, "server_received":22, "server_bytes_rx":60, "n2r_latency":721, "hops":0, "rtt_latency":1097, "root_time_now":153580}
[Mote:17] Sensor IPv6 = fe80::211:11:11:11
[Mote:1] {"node":"fd00::20e:e:e:e", "cpu_energy_mj":19, "lpm_energy_mj":0, "radio_tx_energy_mj":0, "radio_rx_energy_mj":8, "node_time":150735, "total_sent":8, "total_received":5, "bytes_tx":60, "bytes_rx":12, "r2n_latency":694, "lqi":100, "rssi":-71, "server_sent":8, "server_received":11, "server_bytes_rx":60, "n2r_latency":3125, "hops":1, "rtt_latency":2972, "root_time_now":153860}
[Mote:3] Not reachable yet
[Mote:1] {"node":"fd00::20a:a:a:a", "cpu_energy_mj":18, "lpm_energy_mj":0, "radio_tx_energy_mj":0, "radio_rx_energy_mj":8, "node_time":152963, "total_sent":7, "total_received":6, "bytes_tx":60, "bytes_rx":12, "r2n_latency":1494, "lqi":100, "rssi":-43, "server_sent":6, "server_received":13, "server_bytes_rx":60, "n2r_latency":2787, "hops":2, "rtt_latency":1342, "root_time_now":155750}
[Mote:1] {"node":"fd00::20c:c:c:c", "cpu_energy_mj":19, "lpm_energy_mj":0, "radio_tx_energy_mj":0, "radio_rx_energy_mj":8, "node_time":151859, "total_sent":11, "total_received":11, "bytes_tx":60, "bytes_rx":12, "r2n_latency":234, "lqi":100, "rssi":-72, "server_sent":11, "server_received":22, "server_bytes_rx":60, "n2r_latency":4451, "hops":1, "rtt_latency":2532, "root_time_now":156310}
[Mote:8] Sensor IPv6 = fe80::208:8:8:8
[Mote:7] Sensor IPv6 = fe80::207:7:7:7
[Mote:1] {"node":"fd00::208:8:8:8", "cpu_energy_mj":18, "lpm_energy_mj":0, "radio_tx_energy_mj":0, "radio_rx_energy_mj":8, "node_time":156920, "total_sent":7, "total_received":6, "bytes_tx":60, "bytes_rx":12, "r2n_latency":1914, "lqi":100, "rssi":-94, "server_sent":6, "server_received":13, "server_bytes_rx":60, "n2r_latency":300, "hops":2, "rtt_latency":1412, "root_time_now":157220}
[Mote:1] {"node":"fd00::207:7:7:7", "cpu_energy_mj":18, "lpm_energy_mj":0, "radio_tx_energy_mj":1, "radio_rx_energy_mj":8, "node_time":157144, "total_sent":8, "total_received":7, "bytes_tx":60, "bytes_rx":12, "r2n_latency":864, "lqi":100, "rssi":-91, "server_sent":7, "server_received":15, "server_bytes_rx":60, "n2r_latency":356, "hops":1, "rtt_latency":1132, "root_time_now":157500}
[Mote:1] {"node":"fd00::20d:d:d:d", "cpu_energy_mj":18, "lpm_energy_mj":0, "radio_tx_energy_mj":0, "radio_rx_energy_mj":8, "node_time":152182, "total_sent":6, "total_received":5, "bytes_tx":60, "bytes_rx":12, "r2n_latency":1284, "lqi":100, "rssi":-86, "server_sent":5, "server_received":11, "server_bytes_rx":60, "n2r_latency":5388, "hops":1, "rtt_latency":3302, "root_time_now":157570}
[Mote:2] Sensor IPv6 = fe80::202:2:2:2
[Mote:1] {"node":"fd00::202:2:2:2", "cpu_energy_mj":18, "lpm_energy_mj":0, "radio_tx_energy_mj":0, "radio_rx_energy_mj":8, "node_time":157804, "total_sent":14, "total_received":13, "bytes_tx":60, "bytes_rx":12, "r2n_latency":304, "lqi":100, "rssi":-83, "server_sent":13, "server_received":27, "server_bytes_rx":60, "n2r_latency":46, "hops":0, "rtt_latency":327, "root_time_now":157850}
[Mote:15] Not reachable yet
[Mote:18] Not reachable yet
[Mote:4] Sensor IPv6 = fe80::204:4:4:4
[Mote:1] {"node":"fd00::204:4:4:4", "cpu_energy_mj":285, "lpm_energy_mj":0, "radio_tx_energy_mj":0, "radio_rx_energy_mj":2603, "node_time":158291, "total_sent":1, "total_received":0, "bytes_tx":60, "bytes_rx":0, "r2n_latency":0, "lqi":0, "rssi":0, "server_sent":0, "server_received":1, "server_bytes_rx":60, "n2r_latency":189, "hops":2, "rtt_latency":0, "root_time_now":158480}
[Mote:9] Sensor IPv6 = fe80::209:9:9:9
[Mote:1] {"node":"fd00::209:9:9:9", "cpu_energy_mj":285, "lpm_energy_mj":0, "radio_tx_energy_mj":0, "radio_rx_energy_mj":2401, "node_time":158875, "total_sent":1, "total_received":0, "bytes_tx":60, "bytes_rx":0, "r2n_latency":0, "lqi":0, "rssi":0, "server_sent":0, "server_received":1, "server_bytes_rx":60, "n2r_latency":515, "hops":3, "rtt_latency":0, "root_time_now":159390}
[Mote:16] Sensor IPv6 = fe80::210:10:10:10
[Mote:14] Sensor IPv6 = fe80::20e:e:e:e
[Mote:11] Not reachable yet
[Mote:5] Sensor IPv6 = fe80::205:5:5:5
[Mote:13] Sensor IPv6 = fe80::20d:d:d:d
[Mote:12] Sensor IPv6 = fe80::20c:c:c:c
[Mote:1] {"node":"fd00::20e:e:e:e", "cpu_energy_mj":19, "lpm_energy_mj":0, "radio_tx_energy_mj":0, "radio_rx_energy_mj":8, "node_time":161498, "total_sent":9, "total_received":6, "bytes_tx":60, "bytes_rx":12, "r2n_latency":5274, "lqi":100, "rssi":-34, "server_sent":9, "server_received":13, "server_bytes_rx":60, "n2r_latency":1392, "hops":1, "rtt_latency":3512, "root_time_now":162890}
[Mote:10] Sensor IPv6 = fe80::20a:a:a:a
[Mote:6] Sensor IPv6 = fe80::206:6:6:6
[Mote:1] {"node":"fd00::206:6:6:6", "cpu_energy_mj":19, "lpm_energy_mj":0, "radio_tx_energy_mj":1, "radio_rx_energy_mj":8, "node_time":163788, "total_sent":12, "total_received":12, "bytes_tx":60, "bytes_rx":12, "r2n_latency":314, "lqi":100, "rssi":-90, "server_sent":12, "server_received":24, "server_bytes_rx":60, "n2r_latency":82, "hops":0, "rtt_latency":1872, "root_time_now":163870}
[Mote:17] Not reachable yet
[Mote:19] Not reachable yet
[Mote:1] {"node":"fd00::205:5:5:5", "cpu_energy_mj":19, "lpm_energy_mj":0, "radio_tx_energy_mj":1, "radio_rx_energy_mj":7, "node_time":162198, "total_sent":14, "total_received":14, "bytes_tx":60, "bytes_rx":12, "r2n_latency":34, "lqi":100, "rssi":-89, "server_sent":14, "server_received":28, "server_bytes_rx":60, "n2r_latency":2162, "hops":0, "rtt_latency":1837, "root_time_now":164360}
[Mote:1] {"node":"fd00::20d:d:d:d", "cpu_energy_mj":18, "lpm_energy_mj":0, "radio_tx_energy_mj":0, "radio_rx_energy_mj":7, "node_time":162294, "total_sent":7, "total_received":6, "bytes_tx":60, "bytes_rx":12, "r2n_latency":2064, "lqi":100, "rssi":-86, "server_sent":6, "server_received":13, "server_bytes_rx":60, "n2r_latency":2136, "hops":1, "rtt_latency":2152, "root_time_now":164430}
[Mote:3] Not reachable yet
[Mote:1] {"node":"fd00::20c:c:c:c", "cpu_energy_mj":19, "lpm_energy_mj":0, "radio_tx_energy_mj":0, "radio_rx_energy_mj":9, "node_time":162692, "total_sent":12, "total_received":12, "bytes_tx":60, "bytes_rx":12, "r2n_latency":524, "lqi":100, "rssi":-72, "server_sent":12, "server_received":24, "server_bytes_rx":60, "n2r_latency":2228, "hops":3, "rtt_latency":2327, "root_time_now":164920}
[Mote:1] {"node":"fd00::20a:a:a:a", "cpu_energy_mj":18, "lpm_energy_mj":0, "radio_tx_energy_mj":0, "radio_rx_energy_mj":8, "node_time":163151, "total_sent":8, "total_received":7, "bytes_tx":60, "bytes_rx":12, "r2n_latency":2484, "lqi":100, "rssi":-43, "server_sent":7, "server_received":15, "server_bytes_rx":60, "n2r_latency":3169, "hops":2, "rtt_latency":2817, "root_time_now":166320}
[Mote:8] Sensor IPv6 = fe80::208:8:8:8
[Mote:7] Sensor IPv6 = fe80::207:7:7:7
[Mote:2] Sensor IPv6 = fe80::202:2:2:2
[Mote:1] {"node":"fd00::202:2:2:2", "cpu_energy_mj":18, "lpm_energy_mj":0, "radio_tx_energy_mj":0, "radio_rx_energy_mj":8, "node_time":168335, "total_sent":15, "total_received":14, "bytes_tx":60, "bytes_rx":12, "r2n_latency":174, "lqi":100, "rssi":-83, "server_sent":14, "server_received":29, "server_bytes_rx":60, "n2r_latency":15, "hops":0, "rtt_latency":1417, "root_time_now":168350}
[Mote:15] Not reachable yet
[Mote:1] {"node":"fd00::207:7:7:7", "cpu_energy_mj":18, "lpm_energy_mj":0, "radio_tx_energy_mj":1, "radio_rx_energy_mj":8, "node_time":167620, "total_sent":9, "total_received":8, "bytes_tx":60, "bytes_rx":12, "r2n_latency":2064, "lqi":100, "rssi":-91, "server_sent":8, "server_received":17, "server_bytes_rx":60, "n2r_latency":1080, "hops":1, "rtt_latency":1907, "root_time_now":168700}
[Mote:18] Not reachable yet
[Mote:4] Sensor IPv6 = fe80::204:4:4:4
[Mote:1] {"node":"fd00::208:8:8:8", "cpu_energy_mj":18, "lpm_energy_mj":0, "radio_tx_energy_mj":0, "radio_rx_energy_mj":8, "node_time":167404, "total_sent":8, "total_received":7, "bytes_tx":60, "bytes_rx":12, "r2n_latency":3044, "lqi":100, "rssi":-94, "server_sent":7, "server_received":15, "server_bytes_rx":60, "n2r_latency":1716, "hops":2, "rtt_latency":3027, "root_time_now":169120}
[Mote:1] {"node":"fd00::204:4:4:4", "cpu_energy_mj":19, "lpm_energy_mj":0, "radio_tx_energy_mj":0, "radio_rx_energy_mj":8, "node_time":168849, "total_sent":2, "total_received":1, "bytes_tx":60, "bytes_rx":12, "r2n_latency":2554, "lqi":100, "rssi":-83, "server_sent":1, "server_received":3, "server_bytes_rx":60, "n2r_latency":411, "hops":2, "rtt_latency":2292, "root_time_now":169260}
[Mote:9] Sensor IPv6 = fe80::209:9:9:9
[Mote:1] {"node":"fd00::209:9:9:9", "cpu_energy_mj":19, "lpm_energy_mj":0, "radio_tx_energy_mj":0, "radio_rx_energy_mj":9, "node_time":169447, "total_sent":2, "total_received":1, "bytes_tx":60, "bytes_rx":12, "r2n_latency":4654, "lqi":100, "rssi":-51, "server_sent":1, "server_received":3, "server_bytes_rx":60, "n2r_latency":233, "hops":3, "rtt_latency":3342, "root_time_now":169680}
[Mote:16] Not reachable yet
[Mote:11] Not reachable yet
[Mote:14] Sensor IPv6 = fe80::20e:e:e:e
[Mote:13] Sensor IPv6 = fe80::20d:d:d:d
[Mote:5] Sensor IPv6 = fe80::205:5:5:5
[Mote:1] {"node":"fd00::205:5:5:5", "cpu_energy_mj":19, "lpm_energy_mj":0, "radio_tx_energy_mj":1, "radio_rx_energy_mj":8, "node_time":172990, "total_sent":15, "total_received":15, "bytes_tx":60, "bytes_rx":12, "r2n_latency":604, "lqi":100, "rssi":-89, "server_sent":15, "server_received":30, "server_bytes_rx":60, "n2r_latency":50, "hops":0, "rtt_latency":722, "root_time_now":173040}
[Mote:10] Sensor IPv6 = fe80::20a:a:a:a
[Mote:1] {"node":"fd00::20d:d:d:d", "cpu_energy_mj":18, "lpm_energy_mj":0, "radio_tx_energy_mj":1, "radio_rx_energy_mj":8, "node_time":172409, "total_sent":8, "total_received":7, "bytes_tx":60, "bytes_rx":12, "r2n_latency":1654, "lqi":100, "rssi":-86, "server_sent":7, "server_received":15, "server_bytes_rx":60, "n2r_latency":1051, "hops":1, "rtt_latency":1597, "root_time_now":173460}
[Mote:12] Sensor IPv6 = fe80::20c:c:c:c
[Mote:17] Not reachable yet
[Mote:1] {"node":"fd00::20a:a:a:a", "cpu_energy_mj":18, "lpm_energy_mj":0, "radio_tx_energy_mj":0, "radio_rx_energy_mj":8, "node_time":173338, "total_sent":9, "total_received":8, "bytes_tx":60, "bytes_rx":12, "r2n_latency":1934, "lqi":100, "rssi":-43, "server_sent":8, "server_received":17, "server_bytes_rx":60, "n2r_latency":1102, "hops":2, "rtt_latency":2122, "root_time_now":174440}
[Mote:6] Sensor IPv6 = fe80::206:6:6:6
[Mote:1] {"node":"fd00::206:6:6:6", "cpu_energy_mj":19, "lpm_energy_mj":0, "radio_tx_energy_mj":1, "radio_rx_energy_mj":7, "node_time":174717, "total_sent":13, "total_received":13, "bytes_tx":60, "bytes_rx":12, "r2n_latency":324, "lqi":100, "rssi":-90, "server_sent":13, "server_received":26, "server_bytes_rx":60, "n2r_latency":73, "hops":0, "rtt_latency":1947, "root_time_now":174790}
[Mote:3] Not reachable yet
[Mote:19] Sensor IPv6 = fe80::213:13:13:13
[Mote:1] {"node":"fd00::20c:c:c:c", "cpu_energy_mj":19, "lpm_energy_mj":0, "radio_tx_energy_mj":0, "radio_rx_energy_mj":9, "node_time":173525, "total_sent":13, "total_received":13, "bytes_tx":60, "bytes_rx":12, "r2n_latency":884, "lqi":100, "rssi":-72, "server_sent":13, "server_received":26, "server_bytes_rx":60, "n2r_latency":2525, "hops":1, "rtt_latency":1352, "root_time_now":176050}
[Mote:1] {"node":"fd00::213:13:13:13", "cpu_energy_mj":314, "lpm_energy_mj":0, "radio_tx_energy_mj":2, "radio_rx_energy_mj":2073, "node_time":175170, "total_sent":1, "total_received":0, "bytes_tx":60, "bytes_rx":0, "r2n_latency":0, "lqi":0, "rssi":0, "server_sent":0, "server_received":1, "server_bytes_rx":60, "n2r_latency":2000, "hops":2, "rtt_latency":0, "root_time_now":177170}
[Mote:8] Sensor IPv6 = fe80::208:8:8:8
[Mote:1] {"node":"fd00::208:8:8:8", "cpu_energy_mj":18, "lpm_energy_mj":0, "radio_tx_energy_mj":0, "radio_rx_energy_mj":8, "node_time":177887, "total_sent":9, "total_received":8, "bytes_tx":60, "bytes_rx":12, "r2n_latency":3894, "lqi":100, "rssi":-94, "server_sent":8, "server_received":17, "server_bytes_rx":60, "n2r_latency":193, "hops":2, "rtt_latency":2682, "root_time_now":178080}
[Mote:7] Sensor IPv6 = fe80::207:7:7:7
[Mote:1] {"node":"fd00::207:7:7:7", "cpu_energy_mj":18, "lpm_energy_mj":0, "radio_tx_energy_mj":1, "radio_rx_energy_mj":8, "node_time":178095, "total_sent":10, "total_received":9, "bytes_tx":60, "bytes_rx":12, "r2n_latency":1094, "lqi":100, "rssi":-91, "server_sent":9, "server_received":19, "server_bytes_rx":60, "n2r_latency":195, "hops":1, "rtt_latency":2087, "root_time_now":178290}
[Mote:2] Sensor IPv6 = fe80::202:2:2:2
[Mote:1] {"node":"fd00::202:2:2:2", "cpu_energy_mj":18, "lpm_energy_mj":0, "radio_tx_energy_mj":0, "radio_rx_energy_mj":8, "node_time":178866, "total_sent":16, "total_received":15, "bytes_tx":60, "bytes_rx":12, "r2n_latency":184, "lqi":100, "rssi":-83, "server_sent":15, "server_received":31, "server_bytes_rx":60, "n2r_latency":54, "hops":0, "rtt_latency":1177, "root_time_now":178920}
[Mote:15] Sensor IPv6 = fe80::20f:f:f:f
[Mote:18] Not reachable yet
[Mote:4] Sensor IPv6 = fe80::204:4:4:4
[Mote:1] {"node":"fd00::20f:f:f:f", "cpu_energy_mj":322, "lpm_energy_mj":0, "radio_tx_energy_mj":3, "radio_rx_energy_mj":2306, "node_time":178992, "total_sent":1, "total_received":0, "bytes_tx":60, "bytes_rx":0, "r2n_latency":0, "lqi":0, "rssi":0, "server_sent":0, "server_received":1, "server_bytes_rx":60, "n2r_latency":908, "hops":3, "rtt_latency":0, "root_time_now":179900}
[Mote:9] Sensor IPv6 = fe80::209:9:9:9
[Mote:16] Not reachable yet
[Mote:11] Not reachable yet
[Mote:13] Sensor IPv6 = fe80::20d:d:d:d
[Mote:14] Sensor IPv6 = fe80::20e:e:e:e
[Mote:1] {"node":"fd00::209:9:9:9", "cpu_energy_mj":19, "lpm_energy_mj":0, "radio_tx_energy_mj":0, "radio_rx_energy_mj":9, "node_time":180020, "total_sent":3, "total_received":1, "bytes_tx":60, "bytes_rx":12, "r2n_latency":4654, "lqi":100, "rssi":-51, "server_sent":3, "server_received":4, "server_bytes_rx":60, "n2r_latency":3310, "hops":3, "rtt_latency":3342, "root_time_now":183330}
[Mote:10] Sensor IPv6 = fe80::20a:a:a:a
[Mote:5] Sensor IPv6 = fe80::205:5:5:5
[Mote:12] Sensor IPv6 = fe80::20c:c:c:c
[Mote:17] Not reachable yet
[Mote:1] {"node":"fd00::20e:e:e:e", "cpu_energy_mj":19, "lpm_energy_mj":0, "radio_tx_energy_mj":1, "radio_rx_energy_mj":8, "node_time":183023, "total_sent":11, "total_received":7, "bytes_tx":60, "bytes_rx":12, "r2n_latency":1644, "lqi":100, "rssi":-89, "server_sent":11, "server_received":15, "server_bytes_rx":60, "n2r_latency":1357, "hops":3, "rtt_latency":1627, "root_time_now":184380}
[Mote:1] {"node":"fd00::204:4:4:4", "cpu_energy_mj":19, "lpm_energy_mj":0, "radio_tx_energy_mj":0, "radio_rx_energy_mj":9, "node_time":179403, "total_sent":3, "total_received":2, "bytes_tx":60, "bytes_rx":12, "r2n_latency":3054, "lqi":100, "rssi":-83, "server_sent":3, "server_received":5, "server_bytes_rx":60, "n2r_latency":5327, "hops":2, "rtt_latency":2997, "root_time_now":184730}
[Mote:3] Not reachable yet
[Mote:6] Sensor IPv6 = fe80::206:6:6:6
[Mote:19] Sensor IPv6 = fe80::213:13:13:13
[Mote:1] {"node":"fd00::20d:d:d:d", "cpu_energy_mj":18, "lpm_energy_mj":0, "radio_tx_energy_mj":1, "radio_rx_energy_mj":8, "node_time":182521, "total_sent":9, "total_received":8, "bytes_tx":60, "bytes_rx":12, "r2n_latency":754, "lqi":100, "rssi":-86, "server_sent":8, "server_received":17, "server_bytes_rx":60, "n2r_latency":4869, "hops":1, "rtt_latency":3142, "root_time_now":187390}
[Mote:1] {"node":"fd00::205:5:5:5", "cpu_energy_mj":19, "lpm_energy_mj":0, "radio_tx_energy_mj":1, "radio_rx_energy_mj":8, "node_time":183784, "total_sent":16, "total_received":16, "bytes_tx":60, "bytes_rx":12, "r2n_latency":54, "lqi":100, "rssi":-89, "server_sent":16, "server_received":32, "server_bytes_rx":60, "n2r_latency":3746, "hops":0, "rtt_latency":2547, "root_time_now":187530}
[Mote:1] {"node":"fd00::20a:a:a:a", "cpu_energy_mj":18, "lpm_energy_mj":0, "radio_tx_energy_mj":0, "radio_rx_energy_mj":8, "node_time":183524, "total_sent":10, "total_received":8, "bytes_tx":60, "bytes_rx":12, "r2n_latency":1934, "lqi":100, "rssi":-43, "server_sent":9, "server_received":18, "server_bytes_rx":60, "n2r_latency":4146, "hops":2, "rtt_latency":2122, "root_time_now":187670}
[Mote:1] {"node":"fd00::206:6:6:6", "cpu_energy_mj":19, "lpm_energy_mj":0, "radio_tx_energy_mj":1, "radio_rx_energy_mj":8, "node_time":185645, "total_sent":14, "total_received":13, "bytes_tx":60, "bytes_rx":12, "r2n_latency":324, "lqi":100, "rssi":-90, "server_sent":14, "server_received":27, "server_bytes_rx":60, "n2r_latency":2095, "hops":0, "rtt_latency":1947, "root_time_now":187740}
[Mote:1] {"node":"fd00::20c:c:c:c", "cpu_energy_mj":19, "lpm_energy_mj":0, "radio_tx_energy_mj":0, "radio_rx_energy_mj":9, "node_time":184358, "total_sent":14, "total_received":14, "bytes_tx":60, "bytes_rx":12, "r2n_latency":194, "lqi":100, "rssi":-72, "server_sent":14, "server_received":28, "server_bytes_rx":60, "n2r_latency":3942, "hops":1, "rtt_latency":4122, "root_time_now":188300}
[Mote:8] Sensor IPv6 = fe80::208:8:8:8
[Mote:7] Sensor IPv6 = fe80::207:7:7:7
[Mote:1] {"node":"fd00::213:13:13:13", "cpu_energy_mj":19, "lpm_energy_mj":0, "radio_tx_energy_mj":0, "radio_rx_energy_mj":8, "node_time":186098, "total_sent":2, "total_received":1, "bytes_tx":60, "bytes_rx":12, "r2n_latency":2924, "lqi":100, "rssi":-30, "server_sent":1, "server_received":3, "server_bytes_rx":60, "n2r_latency":2552, "hops":2, "rtt_latency":3737, "root_time_now":188650}
[Mote:2] Sensor IPv6 = fe80::202:2:2:2
[Mote:1] {"node":"fd00::202:2:2:2", "cpu_energy_mj":18, "lpm_energy_mj":0, "radio_tx_energy_mj":0, "radio_rx_energy_mj":8, "node_time":189399, "total_sent":17, "total_received":16, "bytes_tx":60, "bytes_rx":12, "r2n_latency":474, "lqi":100, "rssi":-83, "server_sent":16, "server_received":33, "server_bytes_rx":60, "n2r_latency":91, "hops":0, "rtt_latency":762, "root_time_now":189490}
[Mote:15] Sensor IPv6 = fe80::20f:f:f:f
[Mote:1] {"node":"fd00::208:8:8:8", "cpu_energy_mj":18, "lpm_energy_mj":0, "radio_tx_energy_mj":0, "radio_rx_energy_mj":9, "node_time":188370, "total_sent":10, "total_received":9, "bytes_tx":60, "bytes_rx":12, "r2n_latency":7054, "lqi":100, "rssi":-94, "server_sent":9, "server_received":19, "server_bytes_rx":60, "n2r_latency":1400, "hops":2, "rtt_latency":4857, "root_time_now":189770}
[Mote:18] Not reachable yet
[Mote:1] {"node":"fd00::207:7:7:7", "cpu_energy_mj":18, "lpm_energy_mj":0, "radio_tx_energy_mj":1, "radio_rx_energy_mj":8, "node_time":188571, "total_sent":11, "total_received":10, "bytes_tx":60, "bytes_rx":12, "r2n_latency":6144, "lqi":100, "rssi":-91, "server_sent":10, "server_received":21, "server_bytes_rx":60, "n2r_latency":1269, "hops":1, "rtt_latency":4577, "root_time_now":189840}
[Mote:4] Sensor IPv6 = fe80::204:4:4:4
[Mote:9] Sensor IPv6 = fe80::209:9:9:9
[Mote:16] Not reachable yet
[Mote:11] Not reachable yet
[Mote:1] {"node":"fd00::20f:f:f:f", "cpu_energy_mj":18, "lpm_energy_mj":0, "radio_tx_energy_mj":0, "radio_rx_energy_mj":8, "node_time":189517, "total_sent":2, "total_received":0, "bytes_tx":60, "bytes_rx":0, "r2n_latency":0, "lqi":0, "rssi":0, "server_sent":2, "server_received":2, "server_bytes_rx":60, "n2r_latency":2983, "hops":3, "rtt_latency":0, "root_time_now":192500}
[Mote:1] {"node":"fd00::209:9:9:9", "cpu_energy_mj":19, "lpm_energy_mj":0, "radio_tx_energy_mj":0, "radio_rx_energy_mj":8, "node_time":190591, "total_sent":4, "total_received":2, "bytes_tx":60, "bytes_rx":12, "r2n_latency":15514, "lqi":100, "rssi":-51, "server_sent":4, "server_received":6, "server_bytes_rx":60, "n2r_latency":1979, "hops":3, "rtt_latency":9472, "root_time_now":192570}
[Mote:13] Sensor IPv6 = fe80::20d:d:d:d
[Mote:10] Sensor IPv6 = fe80::20a:a:a:a
[Mote:1] {"node":"fd00::204:4:4:4", "cpu_energy_mj":19, "lpm_energy_mj":0, "radio_tx_energy_mj":0, "radio_rx_energy_mj":9, "node_time":189958, "total_sent":4, "total_received":3, "bytes_tx":60, "bytes_rx":12, "r2n_latency":2084, "lqi":100, "rssi":-83, "server_sent":4, "server_received":7, "server_bytes_rx":60, "n2r_latency":3802, "hops":2, "rtt_latency":3282, "root_time_now":193760}
[Mote:14] Sensor IPv6 = fe80::20e:e:e:e
[Mote:5] Sensor IPv6 = fe80::205:5:5:5
[Mote:17] Not reachable yet
[Mote:1] {"node":"fd00::20a:a:a:a", "cpu_energy_mj":18, "lpm_energy_mj":0, "radio_tx_energy_mj":0, "radio_rx_energy_mj":8, "node_time":193711, "total_sent":11, "total_received":9, "bytes_tx":60, "bytes_rx":12, "r2n_latency":6494, "lqi":100, "rssi":-43, "server_sent":10, "server_received":20, "server_bytes_rx":60, "n2r_latency":1379, "hops":2, "rtt_latency":4787, "root_time_now":195090}
[Mote:1] {"node":"fd00::20e:e:e:e", "cpu_energy_mj":19, "lpm_energy_mj":0, "radio_tx_energy_mj":0, "radio_rx_energy_mj":9, "node_time":193786, "total_sent":12, "total_received":7, "bytes_tx":60, "bytes_rx":12, "r2n_latency":1644, "lqi":100, "rssi":-89, "server_sent":12, "server_received":16, "server_bytes_rx":60, "n2r_latency":1374, "hops":3, "rtt_latency":1627, "root_time_now":195160}
[Mote:12] Sensor IPv6 = fe80::20c:c:c:c
[Mote:1] {"node":"fd00::205:5:5:5", "cpu_energy_mj":19, "lpm_energy_mj":0, "radio_tx_energy_mj":1, "radio_rx_energy_mj":7, "node_time":194574, "total_sent":17, "total_received":17, "bytes_tx":60, "bytes_rx":12, "r2n_latency":624, "lqi":100, "rssi":-89, "server_sent":17, "server_received":34, "server_bytes_rx":60, "n2r_latency":796, "hops":0, "rtt_latency":1117, "root_time_now":195370}
[Mote:3] Sensor IPv6 = fe80::203:3:3:3
[Mote:1] {"node":"fd00::20d:d:d:d", "cpu_energy_mj":18, "lpm_energy_mj":0, "radio_tx_energy_mj":1, "radio_rx_energy_mj":8, "node_time":192633, "total_sent":10, "total_received":9, "bytes_tx":60, "bytes_rx":12, "r2n_latency":1674, "lqi":100, "rssi":-86, "server_sent":9, "server_received":19, "server_bytes_rx":60, "n2r_latency":2947, "hops":1, "rtt_latency":2167, "root_time_now":195580}
[Mote:1] {"node":"fd00::20c:c:c:c", "cpu_energy_mj":19, "lpm_energy_mj":0, "radio_tx_energy_mj":0, "radio_rx_energy_mj":9, "node_time":195191, "total_sent":15, "total_received":15, "bytes_tx":60, "bytes_rx":12, "r2n_latency":1044, "lqi":100, "rssi":-72, "server_sent":15, "server_received":30, "server_bytes_rx":60, "n2r_latency":459, "hops":1, "rtt_latency":2657, "root_time_now":195650}
[Mote:1] {"node":"fd00::203:3:3:3", "cpu_energy_mj":351, "lpm_energy_mj":0, "radio_tx_energy_mj":0, "radio_rx_energy_mj":3325, "node_time":195517, "total_sent":1, "total_received":0, "bytes_tx":60, "bytes_rx":0, "r2n_latency":0, "lqi":0, "rssi":0, "server_sent":0, "server_received":1, "server_bytes_rx":60, "n2r_latency":413, "hops":3, "rtt_latency":0, "root_time_now":195930}
[Mote:6] Sensor IPv6 = fe80::206:6:6:6
[Mote:1] {"node":"fd00::206:6:6:6", "cpu_energy_mj":19, "lpm_energy_mj":0, "radio_tx_energy_mj":1, "radio_rx_energy_mj":8, "node_time":196574, "total_sent":15, "total_received":14, "bytes_tx":60, "bytes_rx":12, "r2n_latency":6004, "lqi":100, "rssi":-90, "server_sent":15, "server_received":29, "server_bytes_rx":60, "n2r_latency":56, "hops":0, "rtt_latency":4542, "root_time_now":196630}
[Mote:19] Sensor IPv6 = fe80::213:13:13:13
[Mote:8] Sensor IPv6 = fe80::208:8:8:8
[Mote:1] {"node":"fd00::213:13:13:13", "cpu_energy_mj":19, "lpm_energy_mj":0, "radio_tx_energy_mj":0, "radio_rx_energy_mj":9, "node_time":197026, "total_sent":3, "total_received":2, "bytes_tx":60, "bytes_rx":12, "r2n_latency":2374, "lqi":100, "rssi":-30, "server_sent":2, "server_received":5, "server_bytes_rx":60, "n2r_latency":1984, "hops":2, "rtt_latency":2762, "root_time_now":199010}
[Mote:7] Sensor IPv6 = fe80::207:7:7:7
[Mote:2] Sensor IPv6 = fe80::202:2:2:2
[Mote:15] Sensor IPv6 = fe80::20f:f:f:f
[Mote:18] Not reachable yet
[Mote:4] Sensor IPv6 = fe80::204:4:4:4
[Mote:16] Not reachable yet
[Mote:9] Sensor IPv6 = fe80::209:9:9:9
[Mote:11] Not reachable yet
[Mote:13] Sensor IPv6 = fe80::20d:d:d:d
[Mote:1] {"node":"fd00::202:2:2:2", "cpu_energy_mj":18, "lpm_energy_mj":0, "radio_tx_energy_mj":0, "radio_rx_energy_mj":8, "node_time":199928, "total_sent":18, "total_received":17, "bytes_tx":60, "bytes_rx":12, "r2n_latency":134, "lqi":100, "rssi":-83, "server_sent":18, "server_received":35, "server_bytes_rx":60, "n2r_latency":3352, "hops":0, "rtt_latency":1432, "root_time_now":203280}
[Mote:10] Sensor IPv6 = fe80::20a:a:a:a
[Mote:14] Sensor IPv6 = fe80::20e:e:e:e
[Mote:17] Not reachable yet
[Mote:5] Sensor IPv6 = fe80::205:5:5:5
[Mote:1] {"node":"fd00::205:5:5:5", "cpu_energy_mj":19, "lpm_energy_mj":0, "radio_tx_energy_mj":1, "radio_rx_energy_mj":8, "node_time":205366, "total_sent":18, "total_received":18, "bytes_tx":60, "bytes_rx":12, "r2n_latency":76, "lqi":100, "rssi":-89, "server_sent":18, "server_received":36, "server_bytes_rx":60, "n2r_latency":84, "hops":0, "rtt_latency":1998, "root_time_now":205450}
[Mote:3] Sensor IPv6 = fe80::203:3:3:3
[Mote:12] Sensor IPv6 = fe80::20c:c:c:c
[Mote:1] {"node":"fd00::204:4:4:4", "cpu_energy_mj":19, "lpm_energy_mj":0, "radio_tx_energy_mj":0, "radio_rx_energy_mj":9, "node_time":200517, "total_sent":5, "total_received":4, "bytes_tx":60, "bytes_rx":12, "r2n_latency":1884, "lqi":100, "rssi":-83, "server_sent":5, "server_received":9, "server_bytes_rx":60, "n2r_latency":6263, "hops":2, "rtt_latency":2727, "root_time_now":206780}
[Mote:6] Sensor IPv6 = fe80::206:6:6:6
[Mote:19] Sensor IPv6 = fe80::213:13:13:13
[Mote:1] {"node":"fd00::208:8:8:8", "cpu_energy_mj":18, "lpm_energy_mj":0, "radio_tx_energy_mj":0, "radio_rx_energy_mj":8, "node_time":198853, "total_sent":11, "total_received":9, "bytes_tx":60, "bytes_rx":12, "r2n_latency":7054, "lqi":100, "rssi":-94, "server_sent":11, "server_received":20, "server_bytes_rx":60, "n2r_latency":9957, "hops":2, "rtt_latency":4857, "root_time_now":208810}
[Mote:8] Sensor IPv6 = fe80::208:8:8:8
[Mote:7] Sensor IPv6 = fe80::207:7:7:7
[Mote:1] {"node":"fd00::20c:c:c:c", "cpu_energy_mj":19, "lpm_energy_mj":0, "radio_tx_energy_mj":0, "radio_rx_energy_mj":9, "node_time":206024, "total_sent":16, "total_received":16, "bytes_tx":60, "bytes_rx":12, "r2n_latency":356, "lqi":100, "rssi":-72, "server_sent":16, "server_received":32, "server_bytes_rx":60, "n2r_latency":3556, "hops":1, "rtt_latency":2103, "root_time_now":209580}
[Mote:1] {"node":"fd00::20d:d:d:d", "cpu_energy_mj":18, "lpm_energy_mj":0, "radio_tx_energy_mj":1, "radio_rx_energy_mj":7, "node_time":202746, "total_sent":11, "total_received":10, "bytes_tx":60, "bytes_rx":12, "r2n_latency":2316, "lqi":100, "rssi":-86, "server_sent":10, "server_received":21, "server_bytes_rx":60, "n2r_latency":7184, "hops":1, "rtt_latency":4833, "root_time_now":209930}
[Mote:2] Sensor IPv6 = fe80::202:2:2:2
[Mote:15] Sensor IPv6 = fe80::20f:f:f:f
[Mote:16] Not reachable yet
[Mote:18] Not reachable yet
[Mote:4] Sensor IPv6 = fe80::204:4:4:4
[Mote:9] Sensor IPv6 = fe80::209:9:9:9
[Mote:1] {"node":"fd00::202:2:2:2", "cpu_energy_mj":18, "lpm_energy_mj":0, "radio_tx_energy_mj":0, "radio_rx_energy_mj":8, "node_time":210459, "total_sent":19, "total_received":19, "bytes_tx":60, "bytes_rx":12, "r2n_latency":157, "lqi":100, "rssi":-83, "server_sent":19, "server_received":38, "server_bytes_rx":60, "n2r_latency":1851, "hops":0, "rtt_latency":1128, "root_time_now":212310}
[Mote:11] Not reachable yet
[Mote:13] Sensor IPv6 = fe80::20d:d:d:d
[Mote:10] Sensor IPv6 = fe80::20a:a:a:a
[Mote:1] {"node":"fd00::203:3:3:3", "cpu_energy_mj":18, "lpm_energy_mj":0, "radio_tx_energy_mj":0, "radio_rx_energy_mj":8, "node_time":205781, "total_sent":2, "total_received":1, "bytes_tx":60, "bytes_rx":12, "r2n_latency":4276, "lqi":100, "rssi":-77, "server_sent":2, "server_received":3, "server_bytes_rx":60, "n2r_latency":8979, "hops":3, "rtt_latency":7073, "root_time_now":214760}
[Mote:17] Not reachable yet
[Mote:14] Sensor IPv6 = fe80::20e:e:e:e
[Mote:1] {"node":"fd00::207:7:7:7", "cpu_energy_mj":18, "lpm_energy_mj":0, "radio_tx_energy_mj":1, "radio_rx_energy_mj":8, "node_time":199049, "total_sent":12, "total_received":11, "bytes_tx":60, "bytes_rx":12, "r2n_latency":8674, "lqi":100, "rssi":-91, "server_sent":13, "server_received":23, "server_bytes_rx":60, "n2r_latency":16901, "hops":1, "rtt_latency":9377, "root_time_now":215950}
[Mote:3] Sensor IPv6 = fe80::203:3:3:3
[Mote:5] Sensor IPv6 = fe80::205:5:5:5
[Mote:1] {"node":"fd00::205:5:5:5", "cpu_energy_mj":19, "lpm_energy_mj":0, "radio_tx_energy_mj":2, "radio_rx_energy_mj":7, "node_time":216157, "total_sent":19, "total_received":19, "bytes_tx":60, "bytes_rx":12, "r2n_latency":437, "lqi":100, "rssi":-89, "server_sent":19, "server_received":38, "server_bytes_rx":60, "n2r_latency":73, "hops":0, "rtt_latency":1303, "root_time_now":216230}
[Mote:12] Sensor IPv6 = fe80::20c:c:c:c
[Mote:1] {"node":"fd00::20f:f:f:f", "cpu_energy_mj":18, "lpm_energy_mj":0, "radio_tx_energy_mj":0, "radio_rx_energy_mj":8, "node_time":200040, "total_sent":3, "total_received":1, "bytes_tx":60, "bytes_rx":12, "r2n_latency":16644, "lqi":100, "rssi":-81, "server_sent":4, "server_received":4, "server_bytes_rx":60, "n2r_latency":16960, "hops":3, "rtt_latency":8462, "root_time_now":217000}
[Mote:1] {"node":"fd00::209:9:9:9", "cpu_energy_mj":19, "lpm_energy_mj":0, "radio_tx_energy_mj":0, "radio_rx_energy_mj":8, "node_time":201160, "total_sent":5, "total_received":4, "bytes_tx":60, "bytes_rx":12, "r2n_latency":10424, "lqi":100, "rssi":-51, "server_sent":6, "server_received":9, "server_bytes_rx":60, "n2r_latency":16050, "hops":3, "rtt_latency":13542, "root_time_now":217210}
[Mote:1] {"node":"fd00::20c:c:c:c", "cpu_energy_mj":19, "lpm_energy_mj":0, "radio_tx_energy_mj":0, "radio_rx_energy_mj":9, "node_time":216859, "total_sent":17, "total_received":17, "bytes_tx":60, "bytes_rx":12, "r2n_latency":577, "lqi":100, "rssi":-72, "server_sent":17, "server_received":34, "server_bytes_rx":60, "n2r_latency":561, "hops":1, "rtt_latency":1688, "root_time_now":217420}
[Mote:1] {"node":"fd00::20a:a:a:a", "cpu_energy_mj":18, "lpm_energy_mj":0, "radio_tx_energy_mj":0, "radio_rx_energy_mj":8, "node_time":203898, "total_sent":12, "total_received":10, "bytes_tx":60, "bytes_rx":12, "r2n_latency":9234, "lqi":100, "rssi":-43, "server_sent":12, "server_received":22, "server_bytes_rx":60, "n2r_latency":13732, "hops":2, "rtt_latency":13017, "root_time_now":217630}
[Mote:1] {"node":"fd00::20e:e:e:e", "cpu_energy_mj":19, "lpm_energy_mj":0, "radio_tx_energy_mj":0, "radio_rx_energy_mj":9, "node_time":204550, "total_sent":13, "total_received":9, "bytes_tx":60, "bytes_rx":12, "r2n_latency":3366, "lqi":100, "rssi":-38, "server_sent":14, "server_received":19, "server_bytes_rx":60, "n2r_latency":13220, "hops":3, "rtt_latency":8788, "root_time_now":217770}
[Mote:6] Sensor IPv6 = fe80::206:6:6:6
[Mote:1] {"node":"fd00::213:13:13:13", "cpu_energy_mj":19, "lpm_energy_mj":0, "radio_tx_energy_mj":0, "radio_rx_energy_mj":9, "node_time":207956, "total_sent":4, "total_received":3, "bytes_tx":60, "bytes_rx":12, "r2n_latency":3436, "lqi":100, "rssi":-30, "server_sent":4, "server_received":7, "server_bytes_rx":60, "n2r_latency":10654, "hops":2, "rtt_latency":6723, "root_time_now":218610}
[Mote:19] Sensor IPv6 = fe80::213:13:13:13
[Mote:8] Sensor IPv6 = fe80::208:8:8:8
[Mote:1] {"node":"fd00::20d:d:d:d", "cpu_energy_mj":18, "lpm_energy_mj":0, "radio_tx_energy_mj":1, "radio_rx_energy_mj":8, "node_time":212859, "total_sent":12, "total_received":11, "bytes_tx":60, "bytes_rx":12, "r2n_latency":927, "lqi":100, "rssi":-86, "server_sent":11, "server_received":23, "server_bytes_rx":60, "n2r_latency":7011, "hops":1, "rtt_latency":4593, "root_time_now":219870}
[Mote:7] Sensor IPv6 = fe80::207:7:7:7
[Mote:16] Not reachable yet
[Mote:2] Sensor IPv6 = fe80::202:2:2:2
[Mote:15] Sensor IPv6 = fe80::20f:f:f:f
[Mote:18] Not reachable yet
[Mote:4] Sensor IPv6 = fe80::204:4:4:4
[Mote:9] Sensor IPv6 = fe80::209:9:9:9
[Mote:11] Not reachable yet
[Mote:13] Sensor IPv6 = fe80::20d:d:d:d
[Mote:10] Sensor IPv6 = fe80::20a:a:a:a
[Mote:1] {"node":"fd00::204:4:4:4", "cpu_energy_mj":19, "lpm_energy_mj":0, "radio_tx_energy_mj":0, "radio_rx_energy_mj":8, "node_time":211070, "total_sent":6, "total_received":5, "bytes_tx":60, "bytes_rx":12, "r2n_latency":2596, "lqi":100, "rssi":-83, "server_sent":7, "server_received":11, "server_bytes_rx":60, "n2r_latency":13280, "hops":2, "rtt_latency":4868, "root_time_now":224350}
[Mote:17] Not reachable yet
[Mote:1] {"node":"fd00::206:6:6:6", "cpu_energy_mj":19, "lpm_energy_mj":0, "radio_tx_energy_mj":1, "radio_rx_energy_mj":7, "node_time":207503, "total_sent":16, "total_received":16, "bytes_tx":60, "bytes_rx":12, "r2n_latency":2106, "lqi":100, "rssi":-90, "server_sent":18, "server_received":32, "server_bytes_rx":60, "n2r_latency":18037, "hops":0, "rtt_latency":1543, "root_time_now":225540}
[Mote:14] Sensor IPv6 = fe80::20e:e:e:e
[Mote:1] {"node":"fd00::202:2:2:2", "cpu_energy_mj":18, "lpm_energy_mj":0, "radio_tx_energy_mj":0, "radio_rx_energy_mj":8, "node_time":220990, "total_sent":20, "total_received":20, "bytes_tx":60, "bytes_rx":12, "r2n_latency":95, "lqi":100, "rssi":-83, "server_sent":20, "server_received":40, "server_bytes_rx":60, "n2r_latency":5180, "hops":0, "rtt_latency":2532, "root_time_now":226170}
[Mote:3] Sensor IPv6 = fe80::203:3:3:3
[Mote:5] Sensor IPv6 = fe80::205:5:5:5
[Mote:1] {"node":"fd00::208:8:8:8", "cpu_energy_mj":18, "lpm_energy_mj":0, "radio_tx_energy_mj":1, "radio_rx_energy_mj":8, "node_time":209336, "total_sent":12, "total_received":11, "bytes_tx":60, "bytes_rx":12, "r2n_latency":6236, "lqi":100, "rssi":-94, "server_sent":13, "server_received":22, "server_bytes_rx":60, "n2r_latency":17744, "hops":2, "rtt_latency":13472, "root_time_now":227080}
[Mote:1] {"node":"fd00::207:7:7:7", "cpu_energy_mj":18, "lpm_energy_mj":0, "radio_tx_energy_mj":2, "radio_rx_energy_mj":7, "node_time":209523, "total_sent":13, "total_received":12, "bytes_tx":60, "bytes_rx":12, "r2n_latency":5116, "lqi":100, "rssi":-91, "server_sent":14, "server_received":25, "server_bytes_rx":60, "n2r_latency":17697, "hops":1, "rtt_latency":9103, "root_time_now":227220}
[Mote:1] {"node":"fd00::20a:a:a:a", "cpu_energy_mj":18, "lpm_energy_mj":0, "radio_tx_energy_mj":0, "radio_rx_energy_mj":8, "node_time":214085, "total_sent":13, "total_received":12, "bytes_tx":60, "bytes_rx":12, "r2n_latency":4077, "lqi":100, "rssi":-43, "server_sent":13, "server_received":25, "server_bytes_rx":60, "n2r_latency":13485, "hops":2, "rtt_latency":8758, "root_time_now":227570}
[Mote:1] {"node":"fd00::20e:e:e:e", "cpu_energy_mj":19, "lpm_energy_mj":0, "radio_tx_energy_mj":0, "radio_rx_energy_mj":9, "node_time":215313, "total_sent":14, "total_received":10, "bytes_tx":60, "bytes_rx":12, "r2n_latency":997, "lqi":100, "rssi":-38, "server_sent":15, "server_received":21, "server_bytes_rx":60, "n2r_latency":12327, "hops":3, "rtt_latency":8688, "root_time_now":227640}
[Mote:12] Not reachable yet
[Mote:1] {"node":"fd00::20f:f:f:f", "cpu_energy_mj":18, "lpm_energy_mj":0, "radio_tx_energy_mj":0, "radio_rx_energy_mj":9, "node_time":210565, "total_sent":4, "total_received":3, "bytes_tx":60, "bytes_rx":12, "r2n_latency":8686, "lqi":100, "rssi":-81, "server_sent":5, "server_received":7, "server_bytes_rx":60, "n2r_latency":17145, "hops":3, "rtt_latency":12848, "root_time_now":227710}
[Mote:1] {"node":"fd00::209:9:9:9", "cpu_energy_mj":19, "lpm_energy_mj":0, "radio_tx_energy_mj":0, "radio_rx_energy_mj":9, "node_time":211731, "total_sent":6, "total_received":5, "bytes_tx":60, "bytes_rx":12, "r2n_latency":6726, "lqi":100, "rssi":-51, "server_sent":7, "server_received":11, "server_bytes_rx":60, "n2r_latency":16049, "hops":3, "rtt_latency":12813, "root_time_now":227780}
[Mote:1] {"node":"fd00::206:6:6:6", "cpu_energy_mj":19, "lpm_energy_mj":0, "radio_tx_energy_mj":1, "radio_rx_energy_mj":8, "node_time":218433, "total_sent":17, "total_received":17, "bytes_tx":60, "bytes_rx":12, "r2n_latency":577, "lqi":100, "rssi":-90, "server_sent":18, "server_received":34, "server_bytes_rx":60, "n2r_latency":9417, "hops":0, "rtt_latency":8653, "root_time_now":227850}
[Mote:1] {"node":"fd00::208:8:8:8", "cpu_energy_mj":18, "lpm_energy_mj":0, "radio_tx_energy_mj":1, "radio_rx_energy_mj":8, "node_time":219819, "total_sent":13, "total_received":12, "bytes_tx":60, "bytes_rx":12, "r2n_latency":4637, "lqi":100, "rssi":-94, "server_sent":13, "server_received":24, "server_bytes_rx":60, "n2r_latency":8591, "hops":2, "rtt_latency":8968, "root_time_now":228410}
[Mote:1] {"node":"fd00::203:3:3:3", "cpu_energy_mj":18, "lpm_energy_mj":0, "radio_tx_energy_mj":0, "radio_rx_energy_mj":8, "node_time":216046, "total_sent":3, "total_received":2, "bytes_tx":60, "bytes_rx":12, "r2n_latency":5967, "lqi":100, "rssi":-77, "server_sent":3, "server_received":5, "server_bytes_rx":60, "n2r_latency":12434, "hops":3, "rtt_latency":7918, "root_time_now":228480}
[Mote:1] {"node":"fd00::213:13:13:13", "cpu_energy_mj":19, "lpm_energy_mj":0, "radio_tx_energy_mj":0, "radio_rx_energy_mj":9, "node_time":218882, "total_sent":5, "total_received":4, "bytes_tx":60, "bytes_rx":12, "r2n_latency":2957, "lqi":100, "rssi":-30, "server_sent":5, "server_received":9, "server_bytes_rx":60, "n2r_latency":9668, "hops":2, "rtt_latency":4978, "root_time_now":228550}
[Mote:1] {"node":"fd00::204:4:4:4", "cpu_energy_mj":19, "lpm_energy_mj":0, "radio_tx_energy_mj":1, "radio_rx_energy_mj":8, "node_time":221629, "total_sent":7, "total_received":6, "bytes_tx":60, "bytes_rx":12, "r2n_latency":1487, "lqi":100, "rssi":-83, "server_sent":7, "server_received":13, "server_bytes_rx":60, "n2r_latency":6991, "hops":2, "rtt_latency":7218, "root_time_now":228620}
[Mote:1] {"node":"fd00::205:5:5:5", "cpu_energy_mj":19, "lpm_energy_mj":0, "radio_tx_energy_mj":2, "radio_rx_energy_mj":7, "node_time":226949, "total_sent":20, "total_received":20, "bytes_tx":60, "bytes_rx":12, "r2n_latency":305, "lqi":100, "rssi":-89, "server_sent":20, "server_received":40, "server_bytes_rx":60, "n2r_latency":1811, "hops":0, "rtt_latency":1902, "root_time_now":228760}
[Mote:1] {"node":"fd00::20d:d:d:d", "cpu_energy_mj":18, "lpm_energy_mj":0, "radio_tx_energy_mj":2, "radio_rx_energy_mj":7, "node_time":222972, "total_sent":13, "total_received":12, "bytes_tx":60, "bytes_rx":12, "r2n_latency":2125, "lqi":100, "rssi":-86, "server_sent":12, "server_received":25, "server_bytes_rx":60, "n2r_latency":6068, "hops":1, "rtt_latency":4352, "root_time_now":229040}
[Mote:1] {"node":"fd00::203:3:3:3", "cpu_energy_mj":18, "lpm_energy_mj":0, "radio_tx_energy_mj":0, "radio_rx_energy_mj":8, "node_time":226309, "total_sent":4, "total_received":3, "bytes_tx":60, "bytes_rx":12, "r2n_latency":3945, "lqi":100, "rssi":-77, "server_sent":3, "server_received":7, "server_bytes_rx":60, "n2r_latency":2941, "hops":3, "rtt_latency":4597, "root_time_now":229250}
[Mote:6] Sensor IPv6 = fe80::206:6:6:6
[Mote:1] {"node":"fd00::206:6:6:6", "cpu_energy_mj":19, "lpm_energy_mj":0, "radio_tx_energy_mj":2, "radio_rx_energy_mj":7, "node_time":229360, "total_sent":18, "total_received":18, "bytes_tx":60, "bytes_rx":12, "r2n_latency":865, "lqi":100, "rssi":-90, "server_sent":18, "server_received":36, "server_bytes_rx":60, "n2r_latency":30, "hops":0, "rtt_latency":4002, "root_time_now":229390}
[Mote:19] Sensor IPv6 = fe80::213:13:13:13
[Mote:8] Sensor IPv6 = fe80::208:8:8:8
[Mote:7] Sensor IPv6 = fe80::207:7:7:7
[Mote:16] Not reachable yet
[Mote:2] Sensor IPv6 = fe80::202:2:2:2
[Mote:15] Sensor IPv6 = fe80::20f:f:f:f
[Mote:18] Not reachable yet
[Mote:4] Sensor IPv6 = fe80::204:4:4:4
[Mote:1] {"node":"fd00::202:2:2:2", "cpu_energy_mj":18, "lpm_energy_mj":0, "radio_tx_energy_mj":0, "radio_rx_energy_mj":8, "node_time":231520, "total_sent":21, "total_received":21, "bytes_tx":60, "bytes_rx":12, "r2n_latency":174, "lqi":100, "rssi":-83, "server_sent":21, "server_received":42, "server_bytes_rx":60, "n2r_latency":880, "hops":0, "rtt_latency":1067, "root_time_now":232400}
[Mote:11] Not reachable yet
[Mote:9] Sensor IPv6 = fe80::209:9:9:9
[Mote:13] Sensor IPv6 = fe80::20d:d:d:d
[Mote:10] Sensor IPv6 = fe80::20a:a:a:a
[Mote:17] Not reachable yet
[Mote:3] Sensor IPv6 = fe80::203:3:3:3
[Mote:14] Sensor IPv6 = fe80::20e:e:e:e
[Mote:1] {"node":"fd00::20a:a:a:a", "cpu_energy_mj":18, "lpm_energy_mj":0, "radio_tx_energy_mj":0, "radio_rx_energy_mj":8, "node_time":224273, "total_sent":14, "total_received":13, "bytes_tx":60, "bytes_rx":12, "r2n_latency":2195, "lqi":100, "rssi":-43, "server_sent":14, "server_received":27, "server_bytes_rx":60, "n2r_latency":13237, "hops":2, "rtt_latency":7502, "root_time_now":237510}
[Mote:5] Sensor IPv6 = fe80::205:5:5:5
[Mote:1] {"node":"fd00::205:5:5:5", "cpu_energy_mj":19, "lpm_energy_mj":0, "radio_tx_energy_mj":1, "radio_rx_energy_mj":8, "node_time":237742, "total_sent":21, "total_received":21, "bytes_tx":60, "bytes_rx":12, "r2n_latency":34, "lqi":100, "rssi":-89, "server_sent":21, "server_received":42, "server_bytes_rx":60, "n2r_latency":258, "hops":0, "rtt_latency":1697, "root_time_now":238000}
[Mote:1] {"node":"fd00::209:9:9:9", "cpu_energy_mj":19, "lpm_energy_mj":0, "radio_tx_energy_mj":0, "radio_rx_energy_mj":9, "node_time":222304, "total_sent":7, "total_received":6, "bytes_tx":60, "bytes_rx":12, "r2n_latency":5057, "lqi":100, "rssi":-51, "server_sent":8, "server_received":13, "server_bytes_rx":60, "n2r_latency":16046, "hops":3, "rtt_latency":9143, "root_time_now":238350}
[Mote:12] Not reachable yet
[Mote:1] {"node":"fd00::20f:f:f:f", "cpu_energy_mj":18, "lpm_energy_mj":0, "radio_tx_energy_mj":0, "radio_rx_energy_mj":9, "node_time":221090, "total_sent":5, "total_received":4, "bytes_tx":60, "bytes_rx":12, "r2n_latency":5337, "lqi":100, "rssi":-77, "server_sent":6, "server_received":9, "server_bytes_rx":60, "n2r_latency":17610, "hops":3, "rtt_latency":9178, "root_time_now":238700}
[Mote:6] Sensor IPv6 = fe80::206:6:6:6
[Mote:19] Sensor IPv6 = fe80::213:13:13:13
[Mote:8] Sensor IPv6 = fe80::208:8:8:8
[Mote:16] Not reachable yet
[Mote:7] Sensor IPv6 = fe80::207:7:7:7
[Mote:2] Sensor IPv6 = fe80::202:2:2:2
[Mote:15] Sensor IPv6 = fe80::20f:f:f:f
[Mote:18] Not reachable yet
[Mote:4] Sensor IPv6 = fe80::204:4:4:4
[Mote:11] Not reachable yet
[Mote:13] Sensor IPv6 = fe80::20d:d:d:d
[Mote:9] Not reachable yet
[Mote:1] {"node":"fd00::202:2:2:2", "cpu_energy_mj":18, "lpm_energy_mj":0, "radio_tx_energy_mj":0, "radio_rx_energy_mj":8, "node_time":242052, "total_sent":22, "total_received":22, "bytes_tx":60, "bytes_rx":12, "r2n_latency":464, "lqi":100, "rssi":-83, "server_sent":22, "server_received":44, "server_bytes_rx":60, "n2r_latency":1758, "hops":0, "rtt_latency":1877, "root_time_now":243810}
[Mote:1] {"node":"fd00::206:6:6:6", "cpu_energy_mj":19, "lpm_energy_mj":0, "radio_tx_energy_mj":1, "radio_rx_energy_mj":8, "node_time":240290, "total_sent":19, "total_received":19, "bytes_tx":60, "bytes_rx":12, "r2n_latency":1574, "lqi":100, "rssi":-90, "server_sent":20, "server_received":38, "server_bytes_rx":60, "n2r_latency":3590, "hops":0, "rtt_latency":1312, "root_time_now":243880}
[Mote:1] {"node":"fd00::207:7:7:7", "cpu_energy_mj":18, "lpm_energy_mj":0, "radio_tx_energy_mj":3, "radio_rx_energy_mj":6, "node_time":240952, "total_sent":16, "total_received":15, "bytes_tx":60, "bytes_rx":12, "r2n_latency":4023, "lqi":100, "rssi":-91, "server_sent":16, "server_received":28, "server_bytes_rx":60, "n2r_latency":3068, "hops":1, "rtt_latency":4912, "root_time_now":244020}
[Mote:10] Sensor IPv6 = fe80::20a:a:a:a
[Mote:17] Not reachable yet
[Mote:1] {"node":"fd00::20a:a:a:a", "cpu_energy_mj":18, "lpm_energy_mj":0, "radio_tx_energy_mj":1, "radio_rx_energy_mj":8, "node_time":244648, "total_sent":16, "total_received":14, "bytes_tx":60, "bytes_rx":12, "r2n_latency":5845, "lqi":100, "rssi":-43, "server_sent":15, "server_received":28, "server_bytes_rx":60, "n2r_latency":1052, "hops":2, "rtt_latency":7502, "root_time_now":245700}
[Mote:3] Sensor IPv6 = fe80::203:3:3:3
[Mote:14] Not reachable yet
[Mote:1] {"node":"fd00::204:4:4:4", "cpu_energy_mj":19, "lpm_energy_mj":0, "radio_tx_energy_mj":1, "radio_rx_energy_mj":8, "node_time":232183, "total_sent":8, "total_received":8, "bytes_tx":60, "bytes_rx":12, "r2n_latency":1294, "lqi":100, "rssi":-83, "server_sent":9, "server_received":16, "server_bytes_rx":60, "n2r_latency":16317, "hops":2, "rtt_latency":8732, "root_time_now":248500}
[Mote:5] Sensor IPv6 = fe80::205:5:5:5
[Mote:1] {"node":"fd00::20d:d:d:d", "cpu_energy_mj":18, "lpm_energy_mj":0, "radio_tx_energy_mj":2, "radio_rx_energy_mj":7, "node_time":233085, "total_sent":14, "total_received":13, "bytes_tx":60, "bytes_rx":12, "r2n_latency":1014, "lqi":100, "rssi":-86, "server_sent":14, "server_received":26, "server_bytes_rx":60, "n2r_latency":15625, "hops":1, "rtt_latency":4352, "root_time_now":248710}
[Mote:1] {"node":"fd00::203:3:3:3", "cpu_energy_mj":18, "lpm_energy_mj":0, "radio_tx_energy_mj":0, "radio_rx_energy_mj":8, "node_time":236574, "total_sent":5, "total_received":4, "bytes_tx":60, "bytes_rx":12, "r2n_latency":2484, "lqi":100, "rssi":-77, "server_sent":5, "server_received":9, "server_bytes_rx":60, "n2r_latency":12206, "hops":3, "rtt_latency":9327, "root_time_now":248780}
[Mote:12] Not reachable yet
[Mote:16] Not reachable yet
[Mote:6] Sensor IPv6 = fe80::206:6:6:6
[Mote:8] Not reachable yet
[Mote:7] Sensor IPv6 = fe80::207:7:7:7
[Mote:19] Not reachable yet
[Mote:2] Sensor IPv6 = fe80::202:2:2:2
[Mote:15] Not reachable yet
[Mote:11] Not reachable yet
[Mote:18] Not reachable yet
[Mote:4] Sensor IPv6 = fe80::204:4:4:4
[Mote:13] Sensor IPv6 = fe80::20d:d:d:d
[Mote:1] {"node":"fd00::20d:d:d:d", "cpu_energy_mj":18, "lpm_energy_mj":0, "radio_tx_energy_mj":1, "radio_rx_energy_mj":7, "node_time":243198, "total_sent":15, "total_received":14, "bytes_tx":60, "bytes_rx":12, "r2n_latency":2354, "lqi":100, "rssi":-86, "server_sent":15, "server_received":28, "server_bytes_rx":60, "n2r_latency":10132, "hops":1, "rtt_latency":4817, "root_time_now":253330}
[Mote:9] Not reachable yet
[Mote:1] {"node":"fd00::204:4:4:4", "cpu_energy_mj":19, "lpm_energy_mj":0, "radio_tx_energy_mj":0, "radio_rx_energy_mj":8, "node_time":242738, "total_sent":9, "total_received":8, "bytes_tx":60, "bytes_rx":12, "r2n_latency":1294, "lqi":100, "rssi":-83, "server_sent":10, "server_received":17, "server_bytes_rx":60, "n2r_latency":11292, "hops":2, "rtt_latency":8732, "root_time_now":254030}
[Mote:1] {"node":"fd00::205:5:5:5", "cpu_energy_mj":19, "lpm_energy_mj":0, "radio_tx_energy_mj":1, "radio_rx_energy_mj":8, "node_time":248532, "total_sent":22, "total_received":22, "bytes_tx":60, "bytes_rx":12, "r2n_latency":44, "lqi":100, "rssi":-89, "server_sent":23, "server_received":44, "server_bytes_rx":60, "n2r_latency":5848, "hops":0, "rtt_latency":722, "root_time_now":254380}
[Mote:10] Sensor IPv6 = fe80::20a:a:a:a
[Mote:17] Not reachable yet
[Mote:1] {"node":"fd00::202:2:2:2", "cpu_energy_mj":18, "lpm_energy_mj":0, "radio_tx_energy_mj":0, "radio_rx_energy_mj":8, "node_time":252583, "total_sent":23, "total_received":23, "bytes_tx":60, "bytes_rx":12, "r2n_latency":264, "lqi":100, "rssi":-83, "server_sent":23, "server_received":46, "server_bytes_rx":60, "n2r_latency":3547, "hops":0, "rtt_latency":1392, "root_time_now":256130}
[Mote:1] {"node":"fd00::206:6:6:6", "cpu_energy_mj":19, "lpm_energy_mj":0, "radio_tx_energy_mj":2, "radio_rx_energy_mj":7, "node_time":251220, "total_sent":20, "total_received":21, "bytes_tx":60, "bytes_rx":12, "r2n_latency":754, "lqi":100, "rssi":-90, "server_sent":21, "server_received":41, "server_bytes_rx":60, "n2r_latency":5680, "hops":0, "rtt_latency":3177, "root_time_now":256900}
[Mote:3] Sensor IPv6 = fe80::203:3:3:3
[Mote:1] {"node":"fd00::20d:d:d:d", "cpu_energy_mj":18, "lpm_energy_mj":0, "radio_tx_energy_mj":2, "radio_rx_energy_mj":6, "node_time":253311, "total_sent":16, "total_received":15, "bytes_tx":60, "bytes_rx":12, "r2n_latency":1664, "lqi":100, "rssi":-86, "server_sent":15, "server_received":30, "server_bytes_rx":60, "n2r_latency":4639, "hops":1, "rtt_latency":3842, "root_time_now":257950}
[Mote:14] Not reachable yet
[Mote:5] Sensor IPv6 = fe80::205:5:5:5
[Mote:1] {"node":"fd00::204:4:4:4", "cpu_energy_mj":19, "lpm_energy_mj":0, "radio_tx_energy_mj":1, "radio_rx_energy_mj":8, "node_time":253294, "total_sent":10, "total_received":10, "bytes_tx":60, "bytes_rx":12, "r2n_latency":3204, "lqi":100, "rssi":-83, "server_sent":10, "server_received":20, "server_bytes_rx":60, "n2r_latency":6056, "hops":4, "rtt_latency":4647, "root_time_now":259350}
[Mote:12] Not reachable yet
[Mote:16] Not reachable yet
[Mote:1] {"node":"fd00::205:5:5:5", "cpu_energy_mj":19, "lpm_energy_mj":0, "radio_tx_energy_mj":2, "radio_rx_energy_mj":7, "node_time":259326, "total_sent":23, "total_received":23, "bytes_tx":60, "bytes_rx":12, "r2n_latency":54, "lqi":100, "rssi":-89, "server_sent":24, "server_received":46, "server_bytes_rx":60, "n2r_latency":2404, "hops":0, "rtt_latency":2652, "root_time_now":261730}
[Mote:8] Not reachable yet
[Mote:7] Sensor IPv6 = fe80::207:7:7:7
[Mote:6] Sensor IPv6 = fe80::206:6:6:6
[Mote:19] Not reachable yet
[Mote:11] Not reachable yet
[Mote:2] Sensor IPv6 = fe80::202:2:2:2
[Mote:15] Not reachable yet
[Mote:13] Sensor IPv6 = fe80::20d:d:d:d
[Mote:18] Not reachable yet
[Mote:4] Not reachable yet
[Mote:9] Not reachable yet
[Mote:1] {"node":"fd00::202:2:2:2", "cpu_energy_mj":18, "lpm_energy_mj":0, "radio_tx_energy_mj":0, "radio_rx_energy_mj":8, "node_time":263114, "total_sent":24, "total_received":24, "bytes_tx":60, "bytes_rx":12, "r2n_latency":344, "lqi":100, "rssi":-83, "server_sent":24, "server_received":48, "server_bytes_rx":60, "n2r_latency":1626, "hops":0, "rtt_latency":487, "root_time_now":264740}
[Mote:10] Sensor IPv6 = fe80::20a:a:a:a
[Mote:17] Not reachable yet
[Mote:1] {"node":"fd00::20a:a:a:a", "cpu_energy_mj":18, "lpm_energy_mj":0, "radio_tx_energy_mj":0, "radio_rx_energy_mj":8, "node_time":254834, "total_sent":17, "total_received":16, "bytes_tx":60, "bytes_rx":12, "r2n_latency":2714, "lqi":100, "rssi":-43, "server_sent":17, "server_received":31, "server_bytes_rx":60, "n2r_latency":11656, "hops":2, "rtt_latency":8147, "root_time_now":266490}
[Mote:1] {"node":"fd00::206:6:6:6", "cpu_energy_mj":19, "lpm_energy_mj":0, "radio_tx_energy_mj":1, "radio_rx_energy_mj":8, "node_time":262149, "total_sent":21, "total_received":22, "bytes_tx":60, "bytes_rx":12, "r2n_latency":134, "lqi":100, "rssi":-90, "server_sent":22, "server_received":43, "server_bytes_rx":60, "n2r_latency":4551, "hops":0, "rtt_latency":3287, "root_time_now":266700}
[Mote:1] {"node":"fd00::207:7:7:7", "cpu_energy_mj":18, "lpm_energy_mj":0, "radio_tx_energy_mj":1, "radio_rx_energy_mj":8, "node_time":261903, "total_sent":18, "total_received":17, "bytes_tx":60, "bytes_rx":12, "r2n_latency":2364, "lqi":100, "rssi":-91, "server_sent":18, "server_received":31, "server_bytes_rx":60, "n2r_latency":4867, "hops":1, "rtt_latency":8112, "root_time_now":266770}
[Mote:1] {"node":"fd00::20a:a:a:a", "cpu_energy_mj":18, "lpm_energy_mj":0, "radio_tx_energy_mj":0, "radio_rx_energy_mj":8, "node_time":265021, "total_sent":18, "total_received":17, "bytes_tx":60, "bytes_rx":12, "r2n_latency":3914, "lqi":100, "rssi":-43, "server_sent":17, "server_received":33, "server_bytes_rx":60, "n2r_latency":2029, "hops":2, "rtt_latency":3497, "root_time_now":267050}
[Mote:3] Sensor IPv6 = fe80::203:3:3:3
[Mote:1] {"node":"fd00::20d:d:d:d", "cpu_energy_mj":18, "lpm_energy_mj":0, "radio_tx_energy_mj":1, "radio_rx_energy_mj":7, "node_time":263425, "total_sent":17, "total_received":15, "bytes_tx":60, "bytes_rx":12, "r2n_latency":1664, "lqi":100, "rssi":-86, "server_sent":16, "server_received":31, "server_bytes_rx":60, "n2r_latency":4325, "hops":1, "rtt_latency":3842, "root_time_now":267750}
[Mote:14] Not reachable yet
[Mote:5] Sensor IPv6 = fe80::205:5:5:5
[Mote:16] Not reachable yet
[Mote:12] Not reachable yet
[Mote:8] Not reachable yet
[Mote:7] Sensor IPv6 = fe80::207:7:7:7
[Mote:1] {"node":"fd00::207:7:7:7", "cpu_energy_mj":18, "lpm_energy_mj":0, "radio_tx_energy_mj":1, "radio_rx_energy_mj":8, "node_time":272380, "total_sent":19, "total_received":19, "bytes_tx":60, "bytes_rx":12, "r2n_latency":914, "lqi":100, "rssi":-91, "server_sent":19, "server_received":34, "server_bytes_rx":60, "n2r_latency":130, "hops":1, "rtt_latency":527, "root_time_now":272510}
[Mote:6] Sensor IPv6 = fe80::206:6:6:6
[Mote:11] Not reachable yet
[Mote:1] {"node":"fd00::206:6:6:6", "cpu_energy_mj":19, "lpm_energy_mj":0, "radio_tx_energy_mj":1, "radio_rx_energy_mj":7, "node_time":273077, "total_sent":22, "total_received":23, "bytes_tx":60, "bytes_rx":12, "r2n_latency":284, "lqi":100, "rssi":-90, "server_sent":23, "server_received":45, "server_bytes_rx":60, "n2r_latency":63, "hops":0, "rtt_latency":387, "root_time_now":273140}
[Mote:19] Not reachable yet
[Mote:13] Sensor IPv6 = fe80::20d:d:d:d
[Mote:2] Not reachable yet
[Mote:15] Not reachable yet
[Mote:18] Not reachable yet
[Mote:4] Not reachable yet
[Mote:1] {"node":"fd00::203:3:3:3", "cpu_energy_mj":18, "lpm_energy_mj":0, "radio_tx_energy_mj":0, "radio_rx_energy_mj":8, "node_time":267365, "total_sent":8, "total_received":6, "bytes_tx":60, "bytes_rx":12, "r2n_latency":6424, "lqi":100, "rssi":-77, "server_sent":8, "server_received":11, "server_bytes_rx":60, "n2r_latency":7315, "hops":3, "rtt_latency":7687, "root_time_now":274680}
[Mote:1] {"node":"fd00::205:5:5:5", "cpu_energy_mj":19, "lpm_energy_mj":0, "radio_tx_energy_mj":1, "radio_rx_energy_mj":8, "node_time":270118, "total_sent":24, "total_received":24, "bytes_tx":60, "bytes_rx":12, "r2n_latency":2304, "lqi":100, "rssi":-89, "server_sent":25, "server_received":48, "server_bytes_rx":60, "n2r_latency":4702, "hops":0, "rtt_latency":2027, "root_time_now":274820}
[Mote:1] {"node":"fd00::20d:d:d:d", "cpu_energy_mj":18, "lpm_energy_mj":0, "radio_tx_energy_mj":2, "radio_rx_energy_mj":7, "node_time":273537, "total_sent":18, "total_received":16, "bytes_tx":60, "bytes_rx":12, "r2n_latency":5664, "lqi":100, "rssi":-86, "server_sent":17, "server_received":33, "server_bytes_rx":60, "n2r_latency":1563, "hops":1, "rtt_latency":4197, "root_time_now":275100}
[Mote:9] Not reachable yet
[Mote:10] Sensor IPv6 = fe80::20a:a:a:a
[Mote:1] {"node":"fd00::20a:a:a:a", "cpu_energy_mj":18, "lpm_energy_mj":0, "radio_tx_energy_mj":0, "radio_rx_energy_mj":8, "node_time":275208, "total_sent":19, "total_received":18, "bytes_tx":60, "bytes_rx":12, "r2n_latency":1404, "lqi":100, "rssi":-43, "server_sent":18, "server_received":35, "server_bytes_rx":60, "n2r_latency":172, "hops":2, "rtt_latency":912, "root_time_now":275380}
[Mote:17] Not reachable yet
[Mote:3] Sensor IPv6 = fe80::203:3:3:3
[Mote:14] Not reachable yet
[Mote:5] Sensor IPv6 = fe80::205:5:5:5
[Mote:1] {"node":"fd00::205:5:5:5", "cpu_energy_mj":19, "lpm_energy_mj":0, "radio_tx_energy_mj":2, "radio_rx_energy_mj":7, "node_time":280910, "total_sent":25, "total_received":25, "bytes_tx":60, "bytes_rx":12, "r2n_latency":3224, "lqi":100, "rssi":-89, "server_sent":26, "server_received":50, "server_bytes_rx":60, "n2r_latency":70, "hops":0, "rtt_latency":2522, "root_time_now":280980}
[Mote:16] Not reachable yet
[Mote:12] Not reachable yet
[Mote:1] {"node":"fd00::203:3:3:3", "cpu_energy_mj":18, "lpm_energy_mj":0, "radio_tx_energy_mj":0, "radio_rx_energy_mj":8, "node_time":277629, "total_sent":9, "total_received":7, "bytes_tx":60, "bytes_rx":12, "r2n_latency":12454, "lqi":100, "rssi":-77, "server_sent":9, "server_received":13, "server_bytes_rx":60, "n2r_latency":5031, "hops":3, "rtt_latency":7487, "root_time_now":282660}
[Mote:8] Not reachable yet
[Mote:7] Sensor IPv6 = fe80::207:7:7:7
[Mote:1] {"node":"fd00::207:7:7:7", "cpu_energy_mj":18, "lpm_energy_mj":0, "radio_tx_energy_mj":0, "radio_rx_energy_mj":9, "node_time":282855, "total_sent":20, "total_received":19, "bytes_tx":60, "bytes_rx":12, "r2n_latency":914, "lqi":100, "rssi":-91, "server_sent":20, "server_received":35, "server_bytes_rx":60, "n2r_latency":295, "hops":1, "rtt_latency":527, "root_time_now":283150}
[Mote:11] Not reachable yet
[Mote:13] Sensor IPv6 = fe80::20d:d:d:d
[Mote:6] Sensor IPv6 = fe80::206:6:6:6
[Mote:2] Not reachable yet
[Mote:15] Not reachable yet
[Mote:1] {"node":"fd00::206:6:6:6", "cpu_energy_mj":19, "lpm_energy_mj":0, "radio_tx_energy_mj":0, "radio_rx_energy_mj":9, "node_time":284005, "total_sent":23, "total_received":24, "bytes_tx":60, "bytes_rx":12, "r2n_latency":434, "lqi":100, "rssi":-90, "server_sent":24, "server_received":47, "server_bytes_rx":60, "n2r_latency":265, "hops":0, "rtt_latency":322, "root_time_now":284270}
[Mote:19] Sensor IPv6 = fe80::213:13:13:13
[Mote:18] Not reachable yet
[Mote:4] Sensor IPv6 = fe80::204:4:4:4
[Mote:1] {"node":"fd00::20d:d:d:d", "cpu_energy_mj":18, "lpm_energy_mj":0, "radio_tx_energy_mj":2, "radio_rx_energy_mj":7, "node_time":283651, "total_sent":19, "total_received":17, "bytes_tx":60, "bytes_rx":12, "r2n_latency":6654, "lqi":100, "rssi":-86, "server_sent":18, "server_received":35, "server_bytes_rx":60, "n2r_latency":1599, "hops":1, "rtt_latency":3432, "root_time_now":285250}
[Mote:1] {"node":"fd00::213:13:13:13", "cpu_energy_mj":78, "lpm_energy_mj":0, "radio_tx_energy_mj":1, "radio_rx_energy_mj":38, "node_time":284450, "total_sent":8, "total_received":9, "bytes_tx":60, "bytes_rx":12, "r2n_latency":8474, "lqi":100, "rssi":-30, "server_sent":11, "server_received":13, "server_bytes_rx":60, "n2r_latency":870, "hops":2, "rtt_latency":6302, "root_time_now":285320}
[Mote:10] Sensor IPv6 = fe80::20a:a:a:a
[Mote:9] Not reachable yet
[Mote:1] {"node":"fd00::20a:a:a:a", "cpu_energy_mj":18, "lpm_energy_mj":0, "radio_tx_energy_mj":0, "radio_rx_energy_mj":8, "node_time":285395, "total_sent":20, "total_received":19, "bytes_tx":60, "bytes_rx":12, "r2n_latency":4564, "lqi":100, "rssi":-43, "server_sent":19, "server_received":37, "server_bytes_rx":60, "n2r_latency":835, "hops":2, "rtt_latency":3017, "root_time_now":286230}
[Mote:17] Not reachable yet
[Mote:1] {"node":"fd00::204:4:4:4", "cpu_energy_mj":57, "lpm_energy_mj":0, "radio_tx_energy_mj":2, "radio_rx_energy_mj":27, "node_time":284963, "total_sent":11, "total_received":12, "bytes_tx":60, "bytes_rx":12, "r2n_latency":8127, "lqi":100, "rssi":-83, "server_sent":13, "server_received":23, "server_bytes_rx":60, "n2r_latency":2037, "hops":2, "rtt_latency":5427, "root_time_now":287000}
[Mote:3] Sensor IPv6 = fe80::203:3:3:3
[Mote:14] Not reachable yet
[Mote:16] Not reachable yet
[Mote:5] Sensor IPv6 = fe80::205:5:5:5
[Mote:12] Not reachable yet
[Mote:8] Not reachable yet
[Mote:7] Sensor IPv6 = fe80::207:7:7:7
[Mote:11] Not reachable yet
[Mote:1] {"node":"fd00::207:7:7:7", "cpu_energy_mj":18, "lpm_energy_mj":0, "radio_tx_energy_mj":1, "radio_rx_energy_mj":8, "node_time":293332, "total_sent":21, "total_received":21, "bytes_tx":60, "bytes_rx":12, "r2n_latency":934, "lqi":100, "rssi":-91, "server_sent":21, "server_received":38, "server_bytes_rx":60, "n2r_latency":108, "hops":1, "rtt_latency":747, "root_time_now":293440}
[Mote:13] Sensor IPv6 = fe80::20d:d:d:d
[Mote:2] Not reachable yet
[Mote:15] Not reachable yet
[Mote:6] Sensor IPv6 = fe80::206:6:6:6
[Mote:1] {"node":"fd00::206:6:6:6", "cpu_energy_mj":19, "lpm_energy_mj":0, "radio_tx_energy_mj":1, "radio_rx_energy_mj":7, "node_time":294934, "total_sent":24, "total_received":25, "bytes_tx":60, "bytes_rx":12, "r2n_latency":514, "lqi":100, "rssi":-90, "server_sent":25, "server_received":49, "server_bytes_rx":60, "n2r_latency":46, "hops":0, "rtt_latency":712, "root_time_now":294980}
[Mote:18] Not reachable yet
[Mote:19] Sensor IPv6 = fe80::213:13:13:13
[Mote:4] Sensor IPv6 = fe80::204:4:4:4
[Mote:10] Sensor IPv6 = fe80::20a:a:a:a
[Mote:1] {"node":"fd00::20a:a:a:a", "cpu_energy_mj":18, "lpm_energy_mj":0, "radio_tx_energy_mj":0, "radio_rx_energy_mj":8, "node_time":295582, "total_sent":21, "total_received":20, "bytes_tx":60, "bytes_rx":12, "r2n_latency":1704, "lqi":100, "rssi":-43, "server_sent":20, "server_received":39, "server_bytes_rx":60, "n2r_latency":448, "hops":2, "rtt_latency":1412, "root_time_now":296030}
[Mote:1] {"node":"fd00::203:3:3:3", "cpu_energy_mj":18, "lpm_energy_mj":0, "radio_tx_energy_mj":0, "radio_rx_energy_mj":8, "node_time":287896, "total_sent":10, "total_received":8, "bytes_tx":60, "bytes_rx":12, "r2n_latency":10294, "lqi":100, "rssi":-77, "server_sent":10, "server_received":15, "server_bytes_rx":60, "n2r_latency":8204, "hops":3, "rtt_latency":6442, "root_time_now":296100}
[Mote:1] {"node":"fd00::205:5:5:5", "cpu_energy_mj":19, "lpm_energy_mj":0, "radio_tx_energy_mj":2, "radio_rx_energy_mj":7, "node_time":291702, "total_sent":26, "total_received":26, "bytes_tx":60, "bytes_rx":12, "r2n_latency":7434, "lqi":100, "rssi":-89, "server_sent":27, "server_received":52, "server_bytes_rx":60, "n2r_latency":4468, "hops":0, "rtt_latency":4032, "root_time_now":296170}
[Mote:9] Not reachable yet
[Mote:17] Not reachable yet
[Mote:1] {"node":"fd00::20d:d:d:d", "cpu_energy_mj":18, "lpm_energy_mj":0, "radio_tx_energy_mj":1, "radio_rx_energy_mj":7, "node_time":293764, "total_sent":20, "total_received":18, "bytes_tx":60, "bytes_rx":12, "r2n_latency":8764, "lqi":100, "rssi":-86, "server_sent":19, "server_received":37, "server_bytes_rx":60, "n2r_latency":4156, "hops":1, "rtt_latency":8162, "root_time_now":297920}
[Mote:3] Sensor IPv6 = fe80::203:3:3:3
[Mote:1] {"node":"fd00::213:13:13:13", "cpu_energy_mj":19, "lpm_energy_mj":0, "radio_tx_energy_mj":0, "radio_rx_energy_mj":9, "node_time":295378, "total_sent":9, "total_received":10, "bytes_tx":60, "bytes_rx":12, "r2n_latency":11984, "lqi":100, "rssi":-30, "server_sent":12, "server_received":15, "server_bytes_rx":60, "n2r_latency":3382, "hops":2, "rtt_latency":8477, "root_time_now":298760}
[Mote:1] {"node":"fd00::204:4:4:4", "cpu_energy_mj":19, "lpm_energy_mj":0, "radio_tx_energy_mj":1, "radio_rx_energy_mj":8, "node_time":295518, "total_sent":12, "total_received":13, "bytes_tx":60, "bytes_rx":12, "r2n_latency":9814, "lqi":100, "rssi":-83, "server_sent":14, "server_received":25, "server_bytes_rx":60, "n2r_latency":3312, "hops":2, "rtt_latency":8302, "root_time_now":298830}
[Mote:1] {"node":"fd00::203:3:3:3", "cpu_energy_mj":18, "lpm_energy_mj":0, "radio_tx_energy_mj":0, "radio_rx_energy_mj":8, "node_time":298157, "total_sent":11, "total_received":9, "bytes_tx":60, "bytes_rx":12, "r2n_latency":12334, "lqi":100, "rssi":-77, "server_sent":10, "server_received":17, "server_bytes_rx":60, "n2r_latency":953, "hops":3, "rtt_latency":8827, "root_time_now":299110}
[Mote:16] Not reachable yet
[Mote:14] Not reachable yet
[Mote:5] Sensor IPv6 = fe80::205:5:5:5
[Mote:11] Not reachable yet
[Mote:12] Not reachable yet
[Mote:8] Not reachable yet
[Mote:7] Sensor IPv6 = fe80::207:7:7:7
[Mote:13] Sensor IPv6 = fe80::20d:d:d:d
[Mote:1] {"node":"fd00::207:7:7:7", "cpu_energy_mj":18, "lpm_energy_mj":0, "radio_tx_energy_mj":0, "radio_rx_energy_mj":8, "node_time":303808, "total_sent":22, "total_received":22, "bytes_tx":60, "bytes_rx":12, "r2n_latency":1856, "lqi":100, "rssi":-91, "server_sent":22, "server_received":40, "server_bytes_rx":60, "n2r_latency":342, "hops":1, "rtt_latency":1418, "root_time_now":304150}
[Mote:1] {"node":"fd00::205:5:5:5", "cpu_energy_mj":19, "lpm_energy_mj":0, "radio_tx_energy_mj":2, "radio_rx_energy_mj":7, "node_time":302494, "total_sent":27, "total_received":28, "bytes_tx":60, "bytes_rx":12, "r2n_latency":1226, "lqi":100, "rssi":-89, "server_sent":28, "server_received":55, "server_bytes_rx":60, "n2r_latency":2706, "hops":0, "rtt_latency":2433, "root_time_now":305200}
[Mote:2] Not reachable yet
[Mote:15] Not reachable yet
[Mote:10] Sensor IPv6 = fe80::20a:a:a:a
[Mote:6] Sensor IPv6 = fe80::206:6:6:6
[Mote:18] Not reachable yet
[Mote:1] {"node":"fd00::206:6:6:6", "cpu_energy_mj":19, "lpm_energy_mj":0, "radio_tx_energy_mj":0, "radio_rx_energy_mj":8, "node_time":305865, "total_sent":25, "total_received":26, "bytes_tx":60, "bytes_rx":12, "r2n_latency":946, "lqi":100, "rssi":-90, "server_sent":26, "server_received":51, "server_bytes_rx":60, "n2r_latency":105, "hops":0, "rtt_latency":1383, "root_time_now":305970}
[Mote:4] Sensor IPv6 = fe80::204:4:4:4
[Mote:19] Sensor IPv6 = fe80::213:13:13:13
[Mote:9] Not reachable yet
[Mote:17] Sensor IPv6 = fe80::211:11:11:11
[Mote:1] {"node":"fd00::20a:a:a:a", "cpu_energy_mj":18, "lpm_energy_mj":0, "radio_tx_energy_mj":0, "radio_rx_energy_mj":8, "node_time":305769, "total_sent":22, "total_received":21, "bytes_tx":60, "bytes_rx":12, "r2n_latency":2556, "lqi":100, "rssi":-43, "server_sent":21, "server_received":41, "server_bytes_rx":60, "n2r_latency":1811, "hops":2, "rtt_latency":1453, "root_time_now":307580}
[Mote:3] Sensor IPv6 = fe80::203:3:3:3
[Mote:1] {"node":"fd00::20d:d:d:d", "cpu_energy_mj":18, "lpm_energy_mj":0, "radio_tx_energy_mj":1, "radio_rx_energy_mj":7, "node_time":303877, "total_sent":21, "total_received":20, "bytes_tx":60, "bytes_rx":12, "r2n_latency":3536, "lqi":100, "rssi":-86, "server_sent":20, "server_received":40, "server_bytes_rx":60, "n2r_latency":4683, "hops":1, "rtt_latency":4253, "root_time_now":308560}
[Mote:1] {"node":"fd00::204:4:4:4", "cpu_energy_mj":19, "lpm_energy_mj":0, "radio_tx_energy_mj":0, "radio_rx_energy_mj":9, "node_time":306075, "total_sent":13, "total_received":14, "bytes_tx":60, "bytes_rx":12, "r2n_latency":4446, "lqi":100, "rssi":-83, "server_sent":15, "server_received":27, "server_bytes_rx":60, "n2r_latency":2695, "hops":2, "rtt_latency":4323, "root_time_now":308770}
[Mote:1] {"node":"fd00::211:11:11:11", "cpu_energy_mj":275, "lpm_energy_mj":0, "radio_tx_energy_mj":4, "radio_rx_energy_mj":129, "node_time":307012, "total_sent":4, "total_received":0, "bytes_tx":60, "bytes_rx":0, "r2n_latency":0, "lqi":0, "rssi":0, "server_sent":0, "server_received":1, "server_bytes_rx":60, "n2r_latency":2248, "hops":4, "rtt_latency":0, "root_time_now":309260}
[Mote:1] {"node":"fd00::213:13:13:13", "cpu_energy_mj":19, "lpm_energy_mj":0, "radio_tx_energy_mj":0, "radio_rx_energy_mj":8, "node_time":306306, "total_sent":10, "total_received":12, "bytes_tx":60, "bytes_rx":12, "r2n_latency":4796, "lqi":100, "rssi":-30, "server_sent":13, "server_received":18, "server_bytes_rx":60, "n2r_latency":3164, "hops":2, "rtt_latency":4358, "root_time_now":309470}
[Mote:1] {"node":"fd00::203:3:3:3", "cpu_energy_mj":18, "lpm_energy_mj":0, "radio_tx_energy_mj":1, "radio_rx_energy_mj":8, "node_time":308420, "total_sent":12, "total_received":11, "bytes_tx":60, "bytes_rx":12, "r2n_latency":6546, "lqi":100, "rssi":-77, "server_sent":11, "server_received":20, "server_bytes_rx":60, "n2r_latency":1330, "hops":3, "rtt_latency":4568, "root_time_now":309750}
[Mote:16] Not reachable yet
[Mote:14] Not reachable yet
[Mote:5] Sensor IPv6 = fe80::205:5:5:5
[Mote:1] {"node":"fd00::205:5:5:5", "cpu_energy_mj":19, "lpm_energy_mj":0, "radio_tx_energy_mj":1, "radio_rx_energy_mj":7, "node_time":313285, "total_sent":28, "total_received":29, "bytes_tx":60, "bytes_rx":12, "r2n_latency":44, "lqi":100, "rssi":-89, "server_sent":29, "server_received":57, "server_bytes_rx":60, "n2r_latency":175, "hops":0, "rtt_latency":477, "root_time_now":313460}
[Mote:11] Not reachable yet
[Mote:13] Sensor IPv6 = fe80::20d:d:d:d
[Mote:1] {"node":"fd00::20d:d:d:d", "cpu_energy_mj":18, "lpm_energy_mj":0, "radio_tx_energy_mj":1, "radio_rx_energy_mj":7, "node_time":313989, "total_sent":22, "total_received":20, "bytes_tx":60, "bytes_rx":12, "r2n_latency":3536, "lqi":100, "rssi":-86, "server_sent":21, "server_received":41, "server_bytes_rx":60, "n2r_latency":101, "hops":1, "rtt_latency":4253, "root_time_now":314090}
[Mote:8] Not reachable yet
[Mote:7] Sensor IPv6 = fe80::207:7:7:7
[Mote:12] Not reachable yet
[Mote:2] Not reachable yet
[Mote:15] Not reachable yet
[Mote:10] Sensor IPv6 = fe80::20a:a:a:a
[Mote:18] Not reachable yet
[Mote:4] Sensor IPv6 = fe80::204:4:4:4
[Mote:6] Sensor IPv6 = fe80::206:6:6:6
[Mote:1] {"node":"fd00::206:6:6:6", "cpu_energy_mj":19, "lpm_energy_mj":0, "radio_tx_energy_mj":1, "radio_rx_energy_mj":8, "node_time":316793, "total_sent":26, "total_received":27, "bytes_tx":60, "bytes_rx":12, "r2n_latency":744, "lqi":100, "rssi":-90, "server_sent":27, "server_received":53, "server_bytes_rx":60, "n2r_latency":97, "hops":0, "rtt_latency":722, "root_time_now":316890}
[Mote:17] Sensor IPv6 = fe80::211:11:11:11
[Mote:19] Sensor IPv6 = fe80::213:13:13:13
[Mote:9] Not reachable yet
[Mote:1] {"node":"fd00::204:4:4:4", "cpu_energy_mj":19, "lpm_energy_mj":0, "radio_tx_energy_mj":0, "radio_rx_energy_mj":8, "node_time":316631, "total_sent":14, "total_received":15, "bytes_tx":60, "bytes_rx":12, "r2n_latency":6064, "lqi":100, "rssi":-83, "server_sent":16, "server_received":29, "server_bytes_rx":60, "n2r_latency":2009, "hops":3, "rtt_latency":3837, "root_time_now":318640}
[Mote:3] Sensor IPv6 = fe80::203:3:3:3
[Mote:1] {"node":"fd00::207:7:7:7", "cpu_energy_mj":18, "lpm_energy_mj":0, "radio_tx_energy_mj":0, "radio_rx_energy_mj":8, "node_time":314285, "total_sent":23, "total_received":23, "bytes_tx":60, "bytes_rx":12, "r2n_latency":1724, "lqi":100, "rssi":-91, "server_sent":23, "server_received":42, "server_bytes_rx":60, "n2r_latency":4635, "hops":1, "rtt_latency":1037, "root_time_now":318920}
[Mote:1] {"node":"fd00::20a:a:a:a", "cpu_energy_mj":18, "lpm_energy_mj":0, "radio_tx_energy_mj":0, "radio_rx_energy_mj":8, "node_time":315956, "total_sent":23, "total_received":22, "bytes_tx":60, "bytes_rx":12, "r2n_latency":2494, "lqi":100, "rssi":-43, "server_sent":22, "server_received":43, "server_bytes_rx":60, "n2r_latency":3034, "hops":2, "rtt_latency":1772, "root_time_now":318990}
[Mote:16] Not reachable yet
[Mote:14] Not reachable yet
[Mote:11] Not reachable yet
[Mote:5] Sensor IPv6 = fe80::205:5:5:5
[Mote:13] Sensor IPv6 = fe80::20d:d:d:d
[Mote:1] {"node":"fd00::213:13:13:13", "cpu_energy_mj":19, "lpm_energy_mj":0, "radio_tx_energy_mj":0, "radio_rx_energy_mj":8, "node_time":317233, "total_sent":11, "total_received":13, "bytes_tx":60, "bytes_rx":12, "r2n_latency":6904, "lqi":100, "rssi":-30, "server_sent":15, "server_received":20, "server_bytes_rx":60, "n2r_latency":7077, "hops":2, "rtt_latency":7127, "root_time_now":324310}
[Mote:8] Not reachable yet
[Mote:1] {"node":"fd00::211:11:11:11", "cpu_energy_mj":18, "lpm_energy_mj":0, "radio_tx_energy_mj":0, "radio_rx_energy_mj":8, "node_time":317234, "total_sent":5, "total_received":0, "bytes_tx":60, "bytes_rx":0, "r2n_latency":0, "lqi":0, "rssi":0, "server_sent":2, "server_received":2, "server_bytes_rx":60, "n2r_latency":7426, "hops":5, "rtt_latency":0, "root_time_now":324660}
[Mote:7] Sensor IPv6 = fe80::207:7:7:7
[Mote:1] {"node":"fd00::205:5:5:5", "cpu_energy_mj":19, "lpm_energy_mj":0, "radio_tx_energy_mj":1, "radio_rx_energy_mj":8, "node_time":324077, "total_sent":29, "total_received":30, "bytes_tx":60, "bytes_rx":12, "r2n_latency":334, "lqi":100, "rssi":-89, "server_sent":30, "server_received":59, "server_bytes_rx":60, "n2r_latency":793, "hops":0, "rtt_latency":867, "root_time_now":324870}
[Mote:12] Not reachable yet
[Mote:10] Sensor IPv6 = fe80::20a:a:a:a
[Mote:2] Not reachable yet
[Mote:15] Not reachable yet
[Mote:18] Not reachable yet
[Mote:4] Sensor IPv6 = fe80::204:4:4:4
[Mote:17] Sensor IPv6 = fe80::211:11:11:11
[Mote:6] Sensor IPv6 = fe80::206:6:6:6
[Mote:1] {"node":"fd00::20d:d:d:d", "cpu_energy_mj":18, "lpm_energy_mj":0, "radio_tx_energy_mj":1, "radio_rx_energy_mj":7, "node_time":324102, "total_sent":23, "total_received":22, "bytes_tx":60, "bytes_rx":12, "r2n_latency":2294, "lqi":100, "rssi":-86, "server_sent":22, "server_received":44, "server_bytes_rx":60, "n2r_latency":3708, "hops":1, "rtt_latency":3492, "root_time_now":327810}
[Mote:9] Not reachable yet
[Mote:19] Sensor IPv6 = fe80::213:13:13:13
[Mote:1] {"node":"fd00::213:13:13:13", "cpu_energy_mj":19, "lpm_energy_mj":0, "radio_tx_energy_mj":1, "radio_rx_energy_mj":8, "node_time":328164, "total_sent":12, "total_received":14, "bytes_tx":60, "bytes_rx":12, "r2n_latency":5864, "lqi":100, "rssi":-52, "server_sent":15, "server_received":22, "server_bytes_rx":60, "n2r_latency":206, "hops":2, "rtt_latency":3947, "root_time_now":328370}
[Mote:1] {"node":"fd00::207:7:7:7", "cpu_energy_mj":18, "lpm_energy_mj":0, "radio_tx_energy_mj":1, "radio_rx_energy_mj":8, "node_time":324760, "total_sent":24, "total_received":24, "bytes_tx":60, "bytes_rx":12, "r2n_latency":2434, "lqi":100, "rssi":-91, "server_sent":24, "server_received":44, "server_bytes_rx":60, "n2r_latency":3890, "hops":1, "rtt_latency":3177, "root_time_now":328650}
[Mote:1] {"node":"fd00::206:6:6:6", "cpu_energy_mj":19, "lpm_energy_mj":0, "radio_tx_energy_mj":1, "radio_rx_energy_mj":8, "node_time":327723, "total_sent":27, "total_received":28, "bytes_tx":60, "bytes_rx":12, "r2n_latency":1874, "lqi":100, "rssi":-90, "server_sent":28, "server_received":55, "server_bytes_rx":60, "n2r_latency":997, "hops":0, "rtt_latency":1427, "root_time_now":328720}
[Mote:1] {"node":"fd00::20a:a:a:a", "cpu_energy_mj":18, "lpm_energy_mj":0, "radio_tx_energy_mj":0, "radio_rx_energy_mj":8, "node_time":326143, "total_sent":24, "total_received":23, "bytes_tx":60, "bytes_rx":12, "r2n_latency":3834, "lqi":100, "rssi":-43, "server_sent":23, "server_received":45, "server_bytes_rx":60, "n2r_latency":2647, "hops":2, "rtt_latency":3317, "root_time_now":328790}
[Mote:3] Sensor IPv6 = fe80::203:3:3:3
[Mote:16] Not reachable yet
[Mote:14] Not reachable yet
[Mote:11] Not reachable yet
[Mote:13] Sensor IPv6 = fe80::20d:d:d:d
[Mote:5] Sensor IPv6 = fe80::205:5:5:5
[Mote:8] Not reachable yet
[Mote:7] Sensor IPv6 = fe80::207:7:7:7
[Mote:1] {"node":"fd00::207:7:7:7", "cpu_energy_mj":18, "lpm_energy_mj":0, "radio_tx_energy_mj":1, "radio_rx_energy_mj":8, "node_time":335236, "total_sent":25, "total_received":25, "bytes_tx":60, "bytes_rx":12, "r2n_latency":1884, "lqi":100, "rssi":-91, "server_sent":25, "server_received":46, "server_bytes_rx":60, "n2r_latency":274, "hops":1, "rtt_latency":2552, "root_time_now":335510}
[Mote:1] {"node":"fd00::20d:d:d:d", "cpu_energy_mj":18, "lpm_energy_mj":0, "radio_tx_energy_mj":1, "radio_rx_energy_mj":8, "node_time":334215, "total_sent":24, "total_received":23, "bytes_tx":60, "bytes_rx":12, "r2n_latency":2234, "lqi":100, "rssi":-86, "server_sent":23, "server_received":46, "server_bytes_rx":60, "n2r_latency":1575, "hops":1, "rtt_latency":2867, "root_time_now":335790}
[Mote:1] {"node":"fd00::205:5:5:5", "cpu_energy_mj":19, "lpm_energy_mj":0, "radio_tx_energy_mj":1, "radio_rx_energy_mj":7, "node_time":334869, "total_sent":30, "total_received":31, "bytes_tx":60, "bytes_rx":12, "r2n_latency":344, "lqi":100, "rssi":-89, "server_sent":31, "server_received":61, "server_bytes_rx":60, "n2r_latency":991, "hops":0, "rtt_latency":2832, "root_time_now":335860}
[Mote:12] Not reachable yet
[Mote:10] Sensor IPv6 = fe80::20a:a:a:a
[Mote:1] {"node":"fd00::20a:a:a:a", "cpu_energy_mj":18, "lpm_energy_mj":0, "radio_tx_energy_mj":0, "radio_rx_energy_mj":8, "node_time":336330, "total_sent":25, "total_received":24, "bytes_tx":60, "bytes_rx":12, "r2n_latency":2304, "lqi":100, "rssi":-43, "server_sent":24, "server_received":47, "server_bytes_rx":60, "n2r_latency":160, "hops":2, "rtt_latency":2727, "root_time_now":336490}
[Mote:2] Not reachable yet
[Mote:15] Not reachable yet
[Mote:18] Not reachable yet
[Mote:17] Sensor IPv6 = fe80::211:11:11:11
[Mote:4] Sensor IPv6 = fe80::204:4:4:4
[Mote:1] {"node":"fd00::204:4:4:4", "cpu_energy_mj":19, "lpm_energy_mj":0, "radio_tx_energy_mj":0, "radio_rx_energy_mj":8, "node_time":337743, "total_sent":16, "total_received":15, "bytes_tx":60, "bytes_rx":12, "r2n_latency":6064, "lqi":100, "rssi":-83, "server_sent":18, "server_received":30, "server_bytes_rx":60, "n2r_latency":147, "hops":2, "rtt_latency":3837, "root_time_now":337890}
[Mote:1] {"node":"fd00::211:11:11:11", "cpu_energy_mj":18, "lpm_energy_mj":0, "radio_tx_energy_mj":0, "radio_rx_energy_mj":8, "node_time":337674, "total_sent":7, "total_received":1, "bytes_tx":60, "bytes_rx":12, "r2n_latency":8934, "lqi":100, "rssi":-93, "server_sent":3, "server_received":3, "server_bytes_rx":60, "n2r_latency":636, "hops":4, "rtt_latency":0, "root_time_now":338310}
[Mote:9] Not reachable yet
[Mote:6] Sensor IPv6 = fe80::206:6:6:6
[Mote:1] {"node":"fd00::206:6:6:6", "cpu_energy_mj":19, "lpm_energy_mj":0, "radio_tx_energy_mj":1, "radio_rx_energy_mj":8, "node_time":338650, "total_sent":28, "total_received":29, "bytes_tx":60, "bytes_rx":12, "r2n_latency":904, "lqi":100, "rssi":-90, "server_sent":29, "server_received":57, "server_bytes_rx":60, "n2r_latency":10, "hops":0, "rtt_latency":2517, "root_time_now":338660}
[Mote:19] Sensor IPv6 = fe80::213:13:13:13
[Mote:3] Sensor IPv6 = fe80::203:3:3:3
[Mote:1] {"node":"fd00::203:3:3:3", "cpu_energy_mj":18, "lpm_energy_mj":0, "radio_tx_energy_mj":0, "radio_rx_energy_mj":8, "node_time":339213, "total_sent":15, "total_received":12, "bytes_tx":60, "bytes_rx":12, "r2n_latency":8024, "lqi":100, "rssi":-77, "server_sent":14, "server_received":22, "server_bytes_rx":60, "n2r_latency":217, "hops":3, "rtt_latency":7372, "root_time_now":339430}
[Mote:16] Not reachable yet
[Mote:11] Not reachable yet
[Mote:13] Sensor IPv6 = fe80::20d:d:d:d
[Mote:14] Not reachable yet
[Mote:1] {"node":"fd00::20d:d:d:d", "cpu_energy_mj":18, "lpm_energy_mj":0, "radio_tx_energy_mj":1, "radio_rx_energy_mj":8, "node_time":344329, "total_sent":25, "total_received":24, "bytes_tx":60, "bytes_rx":12, "r2n_latency":1896, "lqi":100, "rssi":-86, "server_sent":24, "server_received":48, "server_bytes_rx":60, "n2r_latency":141, "hops":1, "rtt_latency":1403, "root_time_now":344470}
[Mote:8] Not reachable yet
[Mote:5] Sensor IPv6 = fe80::205:5:5:5
[Mote:7] Sensor IPv6 = fe80::207:7:7:7
[Mote:1] {"node":"fd00::205:5:5:5", "cpu_energy_mj":19, "lpm_energy_mj":0, "radio_tx_energy_mj":1, "radio_rx_energy_mj":8, "node_time":345662, "total_sent":31, "total_received":32, "bytes_tx":60, "bytes_rx":12, "r2n_latency":496, "lqi":100, "rssi":-89, "server_sent":32, "server_received":63, "server_bytes_rx":60, "n2r_latency":68, "hops":0, "rtt_latency":668, "root_time_now":345730}
[Mote:1] {"node":"fd00::207:7:7:7", "cpu_energy_mj":18, "lpm_energy_mj":0, "radio_tx_energy_mj":0, "radio_rx_energy_mj":8, "node_time":345713, "total_sent":26, "total_received":26, "bytes_tx":60, "bytes_rx":12, "r2n_latency":1616, "lqi":100, "rssi":-91, "server_sent":26, "server_received":48, "server_bytes_rx":60, "n2r_latency":87, "hops":1, "rtt_latency":2138, "root_time_now":345800}
[Mote:10] Sensor IPv6 = fe80::20a:a:a:a
[Mote:12] Not reachable yet
[Mote:1] {"node":"fd00::20a:a:a:a", "cpu_energy_mj":18, "lpm_energy_mj":0, "radio_tx_energy_mj":0, "radio_rx_energy_mj":8, "node_time":346517, "total_sent":26, "total_received":25, "bytes_tx":60, "bytes_rx":12, "r2n_latency":2106, "lqi":100, "rssi":-43, "server_sent":25, "server_received":49, "server_bytes_rx":60, "n2r_latency":473, "hops":2, "rtt_latency":2313, "root_time_now":346990}
[Mote:2] Not reachable yet
[Mote:15] Not reachable yet
[Mote:17] Sensor IPv6 = fe80::211:11:11:11
[Mote:18] Not reachable yet
[Mote:4] Sensor IPv6 = fe80::204:4:4:4
[Mote:1] {"node":"fd00::204:4:4:4", "cpu_energy_mj":19, "lpm_energy_mj":0, "radio_tx_energy_mj":1, "radio_rx_energy_mj":8, "node_time":348299, "total_sent":17, "total_received":16, "bytes_tx":60, "bytes_rx":12, "r2n_latency":3016, "lqi":100, "rssi":-83, "server_sent":19, "server_received":32, "server_bytes_rx":60, "n2r_latency":161, "hops":2, "rtt_latency":1718, "root_time_now":348460}
[Mote:9] Not reachable yet
[Mote:3] Sensor IPv6 = fe80::203:3:3:3
[Mote:6] Sensor IPv6 = fe80::206:6:6:6
[Mote:1] {"node":"fd00::206:6:6:6", "cpu_energy_mj":19, "lpm_energy_mj":0, "radio_tx_energy_mj":0, "radio_rx_energy_mj":8, "node_time":349579, "total_sent":29, "total_received":30, "bytes_tx":60, "bytes_rx":12, "r2n_latency":636, "lqi":100, "rssi":-90, "server_sent":30, "server_received":59, "server_bytes_rx":60, "n2r_latency":71, "hops":0, "rtt_latency":388, "root_time_now":349650}
[Mote:1] {"node":"fd00::203:3:3:3", "cpu_energy_mj":18, "lpm_energy_mj":0, "radio_tx_energy_mj":0, "radio_rx_energy_mj":8, "node_time":349478, "total_sent":16, "total_received":13, "bytes_tx":60, "bytes_rx":12, "r2n_latency":4066, "lqi":100, "rssi":-77, "server_sent":15, "server_received":24, "server_bytes_rx":60, "n2r_latency":242, "hops":3, "rtt_latency":2558, "root_time_now":349720}
[Mote:19] Not reachable yet
[Mote:16] Not reachable yet
[Mote:11] Not reachable yet
[Mote:13] Sensor IPv6 = fe80::20d:d:d:d
[Mote:14] Not reachable yet
[Mote:8] Not reachable yet
[Mote:7] Sensor IPv6 = fe80::207:7:7:7
[Mote:1] {"node":"fd00::207:7:7:7", "cpu_energy_mj":18, "lpm_energy_mj":0, "radio_tx_energy_mj":0, "radio_rx_energy_mj":8, "node_time":356188, "total_sent":27, "total_received":27, "bytes_tx":60, "bytes_rx":12, "r2n_latency":1344, "lqi":100, "rssi":-91, "server_sent":27, "server_received":50, "server_bytes_rx":60, "n2r_latency":112, "hops":1, "rtt_latency":2912, "root_time_now":356300}
[Mote:5] Sensor IPv6 = fe80::205:5:5:5
[Mote:10] Sensor IPv6 = fe80::20a:a:a:a
[Mote:1] {"node":"fd00::20a:a:a:a", "cpu_energy_mj":18, "lpm_energy_mj":0, "radio_tx_energy_mj":0, "radio_rx_energy_mj":8, "node_time":356704, "total_sent":27, "total_received":26, "bytes_tx":60, "bytes_rx":12, "r2n_latency":1904, "lqi":100, "rssi":-43, "server_sent":26, "server_received":51, "server_bytes_rx":60, "n2r_latency":436, "hops":2, "rtt_latency":2947, "root_time_now":357140}
[Mote:12] Not reachable yet
[Mote:2] Not reachable yet
[Mote:15] Not reachable yet
[Mote:17] Sensor IPv6 = fe80::211:11:11:11
[Mote:1] {"node":"fd00::205:5:5:5", "cpu_energy_mj":19, "lpm_energy_mj":0, "radio_tx_energy_mj":0, "radio_rx_energy_mj":8, "node_time":356453, "total_sent":32, "total_received":33, "bytes_tx":60, "bytes_rx":12, "r2n_latency":14, "lqi":100, "rssi":-89, "server_sent":33, "server_received":64, "server_bytes_rx":60, "n2r_latency":2017, "hops":0, "rtt_latency":668, "root_time_now":358470}
[Mote:1] {"node":"fd00::20d:d:d:d", "cpu_energy_mj":18, "lpm_energy_mj":0, "radio_tx_energy_mj":1, "radio_rx_energy_mj":7, "node_time":354442, "total_sent":26, "total_received":25, "bytes_tx":60, "bytes_rx":12, "r2n_latency":1484, "lqi":100, "rssi":-86, "server_sent":25, "server_received":50, "server_bytes_rx":60, "n2r_latency":4168, "hops":1, "rtt_latency":4207, "root_time_now":358610}
[Mote:18] Not reachable yet
[Mote:4] Sensor IPv6 = fe80::204:4:4:4
[Mote:1] {"node":"fd00::204:4:4:4", "cpu_energy_mj":19, "lpm_energy_mj":0, "radio_tx_energy_mj":0, "radio_rx_energy_mj":8, "node_time":358854, "total_sent":18, "total_received":17, "bytes_tx":60, "bytes_rx":12, "r2n_latency":6734, "lqi":100, "rssi":-83, "server_sent":20, "server_received":34, "server_bytes_rx":60, "n2r_latency":456, "hops":2, "rtt_latency":4382, "root_time_now":359310}
[Mote:9] Not reachable yet
[Mote:3] Sensor IPv6 = fe80::203:3:3:3
[Mote:6] Sensor IPv6 = fe80::206:6:6:6
[Mote:19] Not reachable yet
[Mote:1] {"node":"fd00::206:6:6:6", "cpu_energy_mj":19, "lpm_energy_mj":0, "radio_tx_energy_mj":1, "radio_rx_energy_mj":8, "node_time":360510, "total_sent":30, "total_received":32, "bytes_tx":60, "bytes_rx":12, "r2n_latency":374, "lqi":100, "rssi":-90, "server_sent":32, "server_received":62, "server_bytes_rx":60, "n2r_latency":690, "hops":0, "rtt_latency":432, "root_time_now":361200}
[Mote:16] Not reachable yet
[Mote:1] {"node":"fd00::203:3:3:3", "cpu_energy_mj":18, "lpm_energy_mj":0, "radio_tx_energy_mj":0, "radio_rx_energy_mj":8, "node_time":359744, "total_sent":17, "total_received":13, "bytes_tx":60, "bytes_rx":12, "r2n_latency":4066, "lqi":100, "rssi":-77, "server_sent":17, "server_received":25, "server_bytes_rx":60, "n2r_latency":2016, "hops":3, "rtt_latency":2558, "root_time_now":361760}
[Mote:11] Not reachable yet
[Mote:13] Sensor IPv6 = fe80::20d:d:d:d
[Mote:1] {"node":"fd00::20d:d:d:d", "cpu_energy_mj":18, "lpm_energy_mj":0, "radio_tx_energy_mj":1, "radio_rx_energy_mj":7, "node_time":364554, "total_sent":27, "total_received":25, "bytes_tx":60, "bytes_rx":12, "r2n_latency":1484, "lqi":100, "rssi":-86, "server_sent":26, "server_received":51, "server_bytes_rx":60, "n2r_latency":846, "hops":1, "rtt_latency":4207, "root_time_now":365400}
[Mote:14] Not reachable yet
[Mote:8] Not reachable yet
[Mote:7] Sensor IPv6 = fe80::207:7:7:7
[Mote:10] Sensor IPv6 = fe80::20a:a:a:a
[Mote:1] {"node":"fd00::207:7:7:7", "cpu_energy_mj":18, "lpm_energy_mj":0, "radio_tx_energy_mj":0, "radio_rx_energy_mj":8, "node_time":366667, "total_sent":28, "total_received":28, "bytes_tx":60, "bytes_rx":12, "r2n_latency":1074, "lqi":100, "rssi":-91, "server_sent":28, "server_received":52, "server_bytes_rx":60, "n2r_latency":413, "hops":1, "rtt_latency":3337, "root_time_now":367080}
[Mote:5] Sensor IPv6 = fe80::205:5:5:5
[Mote:1] {"node":"fd00::205:5:5:5", "cpu_energy_mj":19, "lpm_energy_mj":0, "radio_tx_energy_mj":2, "radio_rx_energy_mj":7, "node_time":367245, "total_sent":33, "total_received":34, "bytes_tx":60, "bytes_rx":12, "r2n_latency":2124, "lqi":100, "rssi":-89, "server_sent":34, "server_received":66, "server_bytes_rx":60, "n2r_latency":115, "hops":0, "rtt_latency":2042, "root_time_now":367360}
[Mote:1] {"node":"fd00::20a:a:a:a", "cpu_energy_mj":18, "lpm_energy_mj":0, "radio_tx_energy_mj":0, "radio_rx_energy_mj":8, "node_time":366891, "total_sent":28, "total_received":27, "bytes_tx":60, "bytes_rx":12, "r2n_latency":3594, "lqi":100, "rssi":-43, "server_sent":27, "server_received":53, "server_bytes_rx":60, "n2r_latency":889, "hops":2, "rtt_latency":3477, "root_time_now":367780}
[Mote:17] Sensor IPv6 = fe80::211:11:11:11
[Mote:2] Not reachable yet
[Mote:15] Not reachable yet
[Mote:12] Not reachable yet
[Mote:18] Not reachable yet
[Mote:4] Sensor IPv6 = fe80::204:4:4:4
[Mote:1] {"node":"fd00::211:11:11:11", "cpu_energy_mj":18, "lpm_energy_mj":0, "radio_tx_energy_mj":0, "radio_rx_energy_mj":8, "node_time":358112, "total_sent":9, "total_received":2, "bytes_tx":60, "bytes_rx":12, "r2n_latency":5396, "lqi":100, "rssi":-91, "server_sent":6, "server_received":5, "server_bytes_rx":60, "n2r_latency":11418, "hops":4, "rtt_latency":3223, "root_time_now":369530}
[Mote:3] Sensor IPv6 = fe80::203:3:3:3
[Mote:9] Not reachable yet
[Mote:16] Not reachable yet
[Mote:6] Sensor IPv6 = fe80::206:6:6:6
[Mote:19] Not reachable yet
[Mote:1] {"node":"fd00::206:6:6:6", "cpu_energy_mj":19, "lpm_energy_mj":0, "radio_tx_energy_mj":1, "radio_rx_energy_mj":8, "node_time":371438, "total_sent":31, "total_received":33, "bytes_tx":60, "bytes_rx":12, "r2n_latency":1084, "lqi":100, "rssi":-90, "server_sent":33, "server_received":64, "server_bytes_rx":60, "n2r_latency":2152, "hops":0, "rtt_latency":1277, "root_time_now":373590}
[Mote:11] Not reachable yet
[Mote:13] Sensor IPv6 = fe80::20d:d:d:d
[Mote:14] Not reachable yet
[Mote:8] Not reachable yet
[Mote:10] Sensor IPv6 = fe80::20a:a:a:a
[Mote:7] Sensor IPv6 = fe80::207:7:7:7
[Mote:1] {"node":"fd00::20d:d:d:d", "cpu_energy_mj":18, "lpm_energy_mj":0, "radio_tx_energy_mj":1, "radio_rx_energy_mj":7, "node_time":374668, "total_sent":28, "total_received":27, "bytes_tx":60, "bytes_rx":12, "r2n_latency":1854, "lqi":100, "rssi":-86, "server_sent":27, "server_received":54, "server_bytes_rx":60, "n2r_latency":2562, "hops":1, "rtt_latency":1942, "root_time_now":377230}
[Mote:1] {"node":"fd00::211:11:11:11", "cpu_energy_mj":18, "lpm_energy_mj":0, "radio_tx_energy_mj":0, "radio_rx_energy_mj":8, "node_time":368332, "total_sent":10, "total_received":5, "bytes_tx":60, "bytes_rx":12, "r2n_latency":8214, "lqi":100, "rssi":-65, "server_sent":7, "server_received":9, "server_bytes_rx":60, "n2r_latency":9108, "hops":4, "rtt_latency":8692, "root_time_now":377440}
[Mote:5] Sensor IPv6 = fe80::205:5:5:5
[Mote:1] {"node":"fd00::204:4:4:4", "cpu_energy_mj":19, "lpm_energy_mj":0, "radio_tx_energy_mj":1, "radio_rx_energy_mj":8, "node_time":369409, "total_sent":19, "total_received":18, "bytes_tx":60, "bytes_rx":12, "r2n_latency":5834, "lqi":100, "rssi":-83, "server_sent":22, "server_received":36, "server_bytes_rx":60, "n2r_latency":8731, "hops":2, "rtt_latency":7222, "root_time_now":378140}
[Mote:1] {"node":"fd00::205:5:5:5", "cpu_energy_mj":19, "lpm_energy_mj":0, "radio_tx_energy_mj":2, "radio_rx_energy_mj":7, "node_time":378036, "total_sent":34, "total_received":35, "bytes_tx":60, "bytes_rx":12, "r2n_latency":454, "lqi":100, "rssi":-89, "server_sent":35, "server_received":68, "server_bytes_rx":60, "n2r_latency":174, "hops":0, "rtt_latency":1872, "root_time_now":378210}
[Mote:1] {"node":"fd00::20a:a:a:a", "cpu_energy_mj":18, "lpm_energy_mj":0, "radio_tx_energy_mj":0, "radio_rx_energy_mj":8, "node_time":377078, "total_sent":29, "total_received":28, "bytes_tx":60, "bytes_rx":12, "r2n_latency":4374, "lqi":100, "rssi":-43, "server_sent":28, "server_received":55, "server_bytes_rx":60, "n2r_latency":1272, "hops":2, "rtt_latency":3867, "root_time_now":378350}
[Mote:1] {"node":"fd00::207:7:7:7", "cpu_energy_mj":18, "lpm_energy_mj":0, "radio_tx_energy_mj":0, "radio_rx_energy_mj":8, "node_time":377140, "total_sent":29, "total_received":29, "bytes_tx":60, "bytes_rx":12, "r2n_latency":2834, "lqi":100, "rssi":-91, "server_sent":29, "server_received":54, "server_bytes_rx":60, "n2r_latency":1280, "hops":1, "rtt_latency":1837, "root_time_now":378420}
[Mote:17] Sensor IPv6 = fe80::211:11:11:11
[Mote:2] Not reachable yet
[Mote:15] Not reachable yet
[Mote:12] Not reachable yet
[Mote:1] {"node":"fd00::203:3:3:3", "cpu_energy_mj":18, "lpm_energy_mj":0, "radio_tx_energy_mj":1, "radio_rx_energy_mj":7, "node_time":370004, "total_sent":18, "total_received":16, "bytes_tx":60, "bytes_rx":12, "r2n_latency":6534, "lqi":100, "rssi":-77, "server_sent":18, "server_received":29, "server_bytes_rx":60, "n2r_latency":9466, "hops":3, "rtt_latency":8657, "root_time_now":379470}
[Mote:18] Not reachable yet
[Mote:4] Sensor IPv6 = fe80::204:4:4:4
[Mote:3] Sensor IPv6 = fe80::203:3:3:3
[Mote:9] Not reachable yet
[Mote:16] Not reachable yet
[Mote:6] Sensor IPv6 = fe80::206:6:6:6
[Mote:19] Not reachable yet
[Mote:1] {"node":"fd00::206:6:6:6", "cpu_energy_mj":19, "lpm_energy_mj":0, "radio_tx_energy_mj":1, "radio_rx_energy_mj":8, "node_time":382368, "total_sent":32, "total_received":34, "bytes_tx":60, "bytes_rx":12, "r2n_latency":604, "lqi":100, "rssi":-90, "server_sent":34, "server_received":66, "server_bytes_rx":60, "n2r_latency":1932, "hops":0, "rtt_latency":582, "root_time_now":384300}
[Mote:11] Not reachable yet
[Mote:13] Sensor IPv6 = fe80::20d:d:d:d
[Mote:1] {"node":"fd00::211:11:11:11", "cpu_energy_mj":18, "lpm_energy_mj":0, "radio_tx_energy_mj":0, "radio_rx_energy_mj":8, "node_time":378552, "total_sent":11, "total_received":6, "bytes_tx":60, "bytes_rx":12, "r2n_latency":6124, "lqi":100, "rssi":-93, "server_sent":8, "server_received":11, "server_bytes_rx":60, "n2r_latency":6938, "hops":4, "rtt_latency":6632, "root_time_now":385490}
[Mote:1] {"node":"fd00::204:4:4:4", "cpu_energy_mj":19, "lpm_energy_mj":0, "radio_tx_energy_mj":1, "radio_rx_energy_mj":8, "node_time":379967, "total_sent":20, "total_received":19, "bytes_tx":60, "bytes_rx":12, "r2n_latency":2134, "lqi":100, "rssi":-83, "server_sent":23, "server_received":38, "server_bytes_rx":60, "n2r_latency":5593, "hops":2, "rtt_latency":4847, "root_time_now":385560}
[Mote:1] {"node":"fd00::203:3:3:3", "cpu_energy_mj":18, "lpm_energy_mj":0, "radio_tx_energy_mj":0, "radio_rx_energy_mj":8, "node_time":380268, "total_sent":19, "total_received":17, "bytes_tx":60, "bytes_rx":12, "r2n_latency":5844, "lqi":100, "rssi":-77, "server_sent":19, "server_received":31, "server_bytes_rx":60, "n2r_latency":5362, "hops":3, "rtt_latency":6492, "root_time_now":385630}
[Mote:1] {"node":"fd00::20d:d:d:d", "cpu_energy_mj":18, "lpm_energy_mj":0, "radio_tx_energy_mj":1, "radio_rx_energy_mj":8, "node_time":384781, "total_sent":29, "total_received":28, "bytes_tx":60, "bytes_rx":12, "r2n_latency":1864, "lqi":100, "rssi":-86, "server_sent":28, "server_received":56, "server_bytes_rx":60, "n2r_latency":1619, "hops":1, "rtt_latency":1702, "root_time_now":386400}
[Mote:10] Sensor IPv6 = fe80::20a:a:a:a
[Mote:1] {"node":"fd00::20a:a:a:a", "cpu_energy_mj":18, "lpm_energy_mj":0, "radio_tx_energy_mj":0, "radio_rx_energy_mj":8, "node_time":387267, "total_sent":30, "total_received":29, "bytes_tx":60, "bytes_rx":12, "r2n_latency":2354, "lqi":100, "rssi":-43, "server_sent":29, "server_received":57, "server_bytes_rx":60, "n2r_latency":183, "hops":2, "rtt_latency":2577, "root_time_now":387450}
[Mote:14] Not reachable yet
[Mote:8] Not reachable yet
[Mote:7] Sensor IPv6 = fe80::207:7:7:7
[Mote:1] {"node":"fd00::207:7:7:7", "cpu_energy_mj":18, "lpm_energy_mj":0, "radio_tx_energy_mj":0, "radio_rx_energy_mj":8, "node_time":387615, "total_sent":30, "total_received":30, "bytes_tx":60, "bytes_rx":12, "r2n_latency":2004, "lqi":100, "rssi":-91, "server_sent":30, "server_received":56, "server_bytes_rx":60, "n2r_latency":115, "hops":1, "rtt_latency":2367, "root_time_now":387730}
[Mote:17] Sensor IPv6 = fe80::211:11:11:11
[Mote:5] Sensor IPv6 = fe80::205:5:5:5
[Mote:1] {"node":"fd00::205:5:5:5", "cpu_energy_mj":19, "lpm_energy_mj":0, "radio_tx_energy_mj":2, "radio_rx_energy_mj":7, "node_time":388832, "total_sent":35, "total_received":36, "bytes_tx":60, "bytes_rx":12, "r2n_latency":954, "lqi":100, "rssi":-89, "server_sent":36, "server_received":70, "server_bytes_rx":60, "n2r_latency":18, "hops":0, "rtt_latency":1667, "root_time_now":388850}
[Mote:1] {"node":"fd00::211:11:11:11", "cpu_energy_mj":18, "lpm_energy_mj":0, "radio_tx_energy_mj":0, "radio_rx_energy_mj":8, "node_time":388774, "total_sent":12, "total_received":6, "bytes_tx":60, "bytes_rx":12, "r2n_latency":6124, "lqi":100, "rssi":-93, "server_sent":8, "server_received":12, "server_bytes_rx":60, "n2r_latency":286, "hops":4, "rtt_latency":6632, "root_time_now":389060}
[Mote:2] Not reachable yet
[Mote:15] Not reachable yet
[Mote:12] Not reachable yet
[Mote:18] Not reachable yet
[Mote:4] Sensor IPv6 = fe80::204:4:4:4
[Mote:3] Sensor IPv6 = fe80::203:3:3:3
[Mote:16] Not reachable yet
[Mote:9] Not reachable yet
[Mote:6] Sensor IPv6 = fe80::206:6:6:6
[Mote:1] {"node":"fd00::206:6:6:6", "cpu_energy_mj":19, "lpm_energy_mj":0, "radio_tx_energy_mj":1, "radio_rx_energy_mj":8, "node_time":393297, "total_sent":33, "total_received":35, "bytes_tx":60, "bytes_rx":12, "r2n_latency":194, "lqi":100, "rssi":-90, "server_sent":35, "server_received":68, "server_bytes_rx":60, "n2r_latency":33, "hops":0, "rtt_latency":692, "root_time_now":393330}
[Mote:19] Not reachable yet
[Mote:11] Not reachable yet
[Mote:13] Sensor IPv6 = fe80::20d:d:d:d
[Mote:1] {"node":"fd00::20d:d:d:d", "cpu_energy_mj":18, "lpm_energy_mj":0, "radio_tx_energy_mj":1, "radio_rx_energy_mj":7, "node_time":394893, "total_sent":30, "total_received":29, "bytes_tx":60, "bytes_rx":12, "r2n_latency":1664, "lqi":100, "rssi":-86, "server_sent":29, "server_received":58, "server_bytes_rx":60, "n2r_latency":1447, "hops":1, "rtt_latency":2792, "root_time_now":396340}
[Mote:1] {"node":"fd00::204:4:4:4", "cpu_energy_mj":19, "lpm_energy_mj":0, "radio_tx_energy_mj":1, "radio_rx_energy_mj":8, "node_time":390523, "total_sent":21, "total_received":20, "bytes_tx":60, "bytes_rx":12, "r2n_latency":3264, "lqi":100, "rssi":-83, "server_sent":24, "server_received":40, "server_bytes_rx":60, "n2r_latency":6167, "hops":2, "rtt_latency":2857, "root_time_now":396690}
[Mote:1] {"node":"fd00::203:3:3:3", "cpu_energy_mj":18, "lpm_energy_mj":0, "radio_tx_energy_mj":0, "radio_rx_energy_mj":8, "node_time":390534, "total_sent":20, "total_received":18, "bytes_tx":60, "bytes_rx":12, "r2n_latency":7534, "lqi":100, "rssi":-77, "server_sent":20, "server_received":33, "server_bytes_rx":60, "n2r_latency":6366, "hops":3, "rtt_latency":4257, "root_time_now":396900}
[Mote:10] Sensor IPv6 = fe80::20a:a:a:a
[Mote:1] {"node":"fd00::20a:a:a:a", "cpu_energy_mj":18, "lpm_energy_mj":0, "radio_tx_energy_mj":0, "radio_rx_energy_mj":8, "node_time":397454, "total_sent":31, "total_received":30, "bytes_tx":60, "bytes_rx":12, "r2n_latency":2224, "lqi":100, "rssi":-43, "server_sent":30, "server_received":59, "server_bytes_rx":60, "n2r_latency":286, "hops":2, "rtt_latency":1567, "root_time_now":397740}
[Mote:8] Not reachable yet
[Mote:7] Sensor IPv6 = fe80::207:7:7:7
[Mote:1] {"node":"fd00::207:7:7:7", "cpu_energy_mj":18, "lpm_energy_mj":0, "radio_tx_energy_mj":0, "radio_rx_energy_mj":8, "node_time":398091, "total_sent":31, "total_received":31, "bytes_tx":60, "bytes_rx":12, "r2n_latency":1594, "lqi":100, "rssi":-91, "server_sent":31, "server_received":58, "server_bytes_rx":60, "n2r_latency":139, "hops":1, "rtt_latency":1427, "root_time_now":398230}
[Mote:14] Not reachable yet
[Mote:17] Sensor IPv6 = fe80::211:11:11:11
[Mote:1] {"node":"fd00::211:11:11:11", "cpu_energy_mj":18, "lpm_energy_mj":0, "radio_tx_energy_mj":0, "radio_rx_energy_mj":8, "node_time":398992, "total_sent":13, "total_received":8, "bytes_tx":60, "bytes_rx":12, "r2n_latency":4744, "lqi":100, "rssi":-93, "server_sent":9, "server_received":15, "server_bytes_rx":60, "n2r_latency":288, "hops":4, "rtt_latency":3947, "root_time_now":399280}
[Mote:5] Sensor IPv6 = fe80::205:5:5:5
[Mote:1] {"node":"fd00::205:5:5:5", "cpu_energy_mj":19, "lpm_energy_mj":0, "radio_tx_energy_mj":1, "radio_rx_energy_mj":7, "node_time":399620, "total_sent":36, "total_received":37, "bytes_tx":60, "bytes_rx":12, "r2n_latency":334, "lqi":100, "rssi":-89, "server_sent":37, "server_received":72, "server_bytes_rx":60, "n2r_latency":10, "hops":0, "rtt_latency":377, "root_time_now":399630}
[Mote:15] Not reachable yet
[Mote:2] Not reachable yet
[Mote:3] Sensor IPv6 = fe80::203:3:3:3
[Mote:18] Not reachable yet
[Mote:12] Not reachable yet
[Mote:4] Sensor IPv6 = fe80::204:4:4:4
[Mote:16] Not reachable yet
[Mote:9] Not reachable yet
[Mote:6] Sensor IPv6 = fe80::206:6:6:6
[Mote:1] {"node":"fd00::206:6:6:6", "cpu_energy_mj":19, "lpm_energy_mj":0, "radio_tx_energy_mj":0, "radio_rx_energy_mj":8, "node_time":404225, "total_sent":34, "total_received":36, "bytes_tx":60, "bytes_rx":12, "r2n_latency":344, "lqi":100, "rssi":-90, "server_sent":36, "server_received":70, "server_bytes_rx":60, "n2r_latency":165, "hops":0, "rtt_latency":1712, "root_time_now":404390}
[Mote:19] Not reachable yet
[Mote:11] Not reachable yet
[Mote:1] {"node":"fd00::204:4:4:4", "cpu_energy_mj":19, "lpm_energy_mj":0, "radio_tx_energy_mj":0, "radio_rx_energy_mj":8, "node_time":401077, "total_sent":22, "total_received":21, "bytes_tx":60, "bytes_rx":12, "r2n_latency":2504, "lqi":100, "rssi":-83, "server_sent":25, "server_received":42, "server_bytes_rx":60, "n2r_latency":3663, "hops":2, "rtt_latency":3597, "root_time_now":404740}
[Mote:1] {"node":"fd00::203:3:3:3", "cpu_energy_mj":18, "lpm_energy_mj":0, "radio_tx_energy_mj":0, "radio_rx_energy_mj":8, "node_time":400796, "total_sent":21, "total_received":19, "bytes_tx":60, "bytes_rx":12, "r2n_latency":4324, "lqi":100, "rssi":-77, "server_sent":21, "server_received":35, "server_bytes_rx":60, "n2r_latency":4084, "hops":3, "rtt_latency":3772, "root_time_now":404880}
[Mote:13] Sensor IPv6 = fe80::20d:d:d:d
[Mote:1] {"node":"fd00::20d:d:d:d", "cpu_energy_mj":18, "lpm_energy_mj":0, "radio_tx_energy_mj":2, "radio_rx_energy_mj":7, "node_time":405007, "total_sent":31, "total_received":30, "bytes_tx":60, "bytes_rx":12, "r2n_latency":2164, "lqi":100, "rssi":-86, "server_sent":30, "server_received":60, "server_bytes_rx":60, "n2r_latency":2043, "hops":1, "rtt_latency":2517, "root_time_now":407050}
[Mote:10] Sensor IPv6 = fe80::20a:a:a:a
[Mote:1] {"node":"fd00::20a:a:a:a", "cpu_energy_mj":18, "lpm_energy_mj":0, "radio_tx_energy_mj":0, "radio_rx_energy_mj":8, "node_time":407639, "total_sent":32, "total_received":31, "bytes_tx":60, "bytes_rx":12, "r2n_latency":1884, "lqi":100, "rssi":-43, "server_sent":31, "server_received":61, "server_bytes_rx":60, "n2r_latency":321, "hops":2, "rtt_latency":2342, "root_time_now":407960}
[Mote:8] Not reachable yet
[Mote:7] Sensor IPv6 = fe80::207:7:7:7
[Mote:1] {"node":"fd00::207:7:7:7", "cpu_energy_mj":18, "lpm_energy_mj":0, "radio_tx_energy_mj":0, "radio_rx_energy_mj":8, "node_time":408567, "total_sent":32, "total_received":32, "bytes_tx":60, "bytes_rx":12, "r2n_latency":1464, "lqi":100, "rssi":-91, "server_sent":32, "server_received":60, "server_bytes_rx":60, "n2r_latency":93, "hops":1, "rtt_latency":2167, "root_time_now":408660}
[Mote:14] Not reachable yet
[Mote:17] Sensor IPv6 = fe80::211:11:11:11
[Mote:1] {"node":"fd00::211:11:11:11", "cpu_energy_mj":18, "lpm_energy_mj":0, "radio_tx_energy_mj":0, "radio_rx_energy_mj":8, "node_time":409214, "total_sent":14, "total_received":9, "bytes_tx":60, "bytes_rx":12, "r2n_latency":4334, "lqi":100, "rssi":-93, "server_sent":10, "server_received":17, "server_bytes_rx":60, "n2r_latency":356, "hops":4, "rtt_latency":3707, "root_time_now":409570}
[Mote:5] Sensor IPv6 = fe80::205:5:5:5
[Mote:15] Not reachable yet
[Mote:2] Not reachable yet
[Mote:3] Sensor IPv6 = fe80::203:3:3:3
[Mote:18] Not reachable yet
[Mote:16] Not reachable yet
[Mote:4] Sensor IPv6 = fe80::204:4:4:4
[Mote:12] Not reachable yet
[Mote:9] Not reachable yet
[Mote:1] {"node":"fd00::205:5:5:5", "cpu_energy_mj":19, "lpm_energy_mj":0, "radio_tx_energy_mj":1, "radio_rx_energy_mj":7, "node_time":410414, "total_sent":37, "total_received":39, "bytes_tx":60, "bytes_rx":12, "r2n_latency":214, "lqi":100, "rssi":-89, "server_sent":39, "server_received":75, "server_bytes_rx":60, "n2r_latency":2796, "hops":0, "rtt_latency":632, "root_time_now":413210}
[Mote:1] {"node":"fd00::203:3:3:3", "cpu_energy_mj":18, "lpm_energy_mj":0, "radio_tx_energy_mj":0, "radio_rx_energy_mj":8, "node_time":411060, "total_sent":22, "total_received":20, "bytes_tx":60, "bytes_rx":12, "r2n_latency":3704, "lqi":100, "rssi":-77, "server_sent":22, "server_received":37, "server_bytes_rx":60, "n2r_latency":2220, "hops":3, "rtt_latency":3252, "root_time_now":413280}
[Mote:1] {"node":"fd00::204:4:4:4", "cpu_energy_mj":19, "lpm_energy_mj":0, "radio_tx_energy_mj":0, "radio_rx_energy_mj":9, "node_time":411633, "total_sent":23, "total_received":22, "bytes_tx":60, "bytes_rx":12, "r2n_latency":2444, "lqi":100, "rssi":-83, "server_sent":26, "server_received":44, "server_bytes_rx":60, "n2r_latency":2487, "hops":2, "rtt_latency":2797, "root_time_now":414120}
[Mote:11] Not reachable yet
[Mote:13] Sensor IPv6 = fe80::20d:d:d:d
[Mote:6] Sensor IPv6 = fe80::206:6:6:6
[Mote:1] {"node":"fd00::206:6:6:6", "cpu_energy_mj":19, "lpm_energy_mj":0, "radio_tx_energy_mj":1, "radio_rx_energy_mj":8, "node_time":415155, "total_sent":35, "total_received":37, "bytes_tx":60, "bytes_rx":12, "r2n_latency":494, "lqi":100, "rssi":-90, "server_sent":37, "server_received":72, "server_bytes_rx":60, "n2r_latency":225, "hops":0, "rtt_latency":2102, "root_time_now":415380}
[Mote:19] Not reachable yet
[Mote:1] {"node":"fd00::20d:d:d:d", "cpu_energy_mj":18, "lpm_energy_mj":0, "radio_tx_energy_mj":1, "radio_rx_energy_mj":7, "node_time":415119, "total_sent":32, "total_received":31, "bytes_tx":60, "bytes_rx":12, "r2n_latency":2524, "lqi":100, "rssi":-86, "server_sent":31, "server_received":62, "server_bytes_rx":60, "n2r_latency":2011, "hops":1, "rtt_latency":3327, "root_time_now":417130}
[Mote:10] Sensor IPv6 = fe80::20a:a:a:a
[Mote:1] {"node":"fd00::20a:a:a:a", "cpu_energy_mj":18, "lpm_energy_mj":0, "radio_tx_energy_mj":0, "radio_rx_energy_mj":8, "node_time":417828, "total_sent":33, "total_received":32, "bytes_tx":60, "bytes_rx":12, "r2n_latency":3224, "lqi":100, "rssi":-43, "server_sent":32, "server_received":63, "server_bytes_rx":60, "n2r_latency":842, "hops":2, "rtt_latency":2452, "root_time_now":418670}
[Mote:8] Not reachable yet
[Mote:7] Sensor IPv6 = fe80::207:7:7:7
[Mote:1] {"node":"fd00::207:7:7:7", "cpu_energy_mj":18, "lpm_energy_mj":0, "radio_tx_energy_mj":0, "radio_rx_energy_mj":8, "node_time":419043, "total_sent":33, "total_received":33, "bytes_tx":60, "bytes_rx":12, "r2n_latency":2874, "lqi":100, "rssi":-91, "server_sent":33, "server_received":62, "server_bytes_rx":60, "n2r_latency":117, "hops":1, "rtt_latency":2417, "root_time_now":419160}
[Mote:17] Sensor IPv6 = fe80::211:11:11:11
[Mote:1] {"node":"fd00::211:11:11:11", "cpu_energy_mj":18, "lpm_energy_mj":0, "radio_tx_energy_mj":0, "radio_rx_energy_mj":8, "node_time":419432, "total_sent":15, "total_received":10, "bytes_tx":60, "bytes_rx":12, "r2n_latency":5954, "lqi":100, "rssi":-93, "server_sent":11, "server_received":19, "server_bytes_rx":60, "n2r_latency":288, "hops":4, "rtt_latency":3747, "root_time_now":419720}
[Mote:14] Not reachable yet
[Mote:15] Not reachable yet
[Mote:2] Not reachable yet
[Mote:5] Sensor IPv6 = fe80::205:5:5:5
[Mote:3] Sensor IPv6 = fe80::203:3:3:3
[Mote:16] Not reachable yet
[Mote:18] Not reachable yet
[Mote:4] Sensor IPv6 = fe80::204:4:4:4
[Mote:12] Not reachable yet
[Mote:9] Not reachable yet
[Mote:11] Not reachable yet
[Mote:13] Sensor IPv6 = fe80::20d:d:d:d
[Mote:1] {"node":"fd00::205:5:5:5", "cpu_energy_mj":19, "lpm_energy_mj":0, "radio_tx_energy_mj":1, "radio_rx_energy_mj":7, "node_time":421206, "total_sent":38, "total_received":40, "bytes_tx":60, "bytes_rx":12, "r2n_latency":14, "lqi":100, "rssi":-89, "server_sent":40, "server_received":77, "server_bytes_rx":60, "n2r_latency":4534, "hops":0, "rtt_latency":2842, "root_time_now":425740}
[Mote:1] {"node":"fd00::203:3:3:3", "cpu_energy_mj":18, "lpm_energy_mj":0, "radio_tx_energy_mj":0, "radio_rx_energy_mj":8, "node_time":421324, "total_sent":23, "total_received":21, "bytes_tx":60, "bytes_rx":12, "r2n_latency":5394, "lqi":100, "rssi":-77, "server_sent":23, "server_received":39, "server_bytes_rx":60, "n2r_latency":4626, "hops":3, "rtt_latency":3642, "root_time_now":425950}
[Mote:1] {"node":"fd00::204:4:4:4", "cpu_energy_mj":19, "lpm_energy_mj":0, "radio_tx_energy_mj":0, "radio_rx_energy_mj":8, "node_time":422193, "total_sent":24, "total_received":24, "bytes_tx":60, "bytes_rx":12, "r2n_latency":1624, "lqi":100, "rssi":-83, "server_sent":27, "server_received":47, "server_bytes_rx":60, "n2r_latency":3827, "hops":2, "rtt_latency":2947, "root_time_now":426020}
[Mote:6] Sensor IPv6 = fe80::206:6:6:6
[Mote:1] {"node":"fd00::206:6:6:6", "cpu_energy_mj":19, "lpm_energy_mj":0, "radio_tx_energy_mj":1, "radio_rx_energy_mj":8, "node_time":426084, "total_sent":36, "total_received":38, "bytes_tx":60, "bytes_rx":12, "r2n_latency":434, "lqi":100, "rssi":-90, "server_sent":38, "server_received":74, "server_bytes_rx":60, "n2r_latency":76, "hops":0, "rtt_latency":1932, "root_time_now":426160}
[Mote:1] {"node":"fd00::20d:d:d:d", "cpu_energy_mj":18, "lpm_energy_mj":0, "radio_tx_energy_mj":1, "radio_rx_energy_mj":7, "node_time":425233, "total_sent":33, "total_received":32, "bytes_tx":60, "bytes_rx":12, "r2n_latency":924, "lqi":100, "rssi":-86, "server_sent":32, "server_received":64, "server_bytes_rx":60, "n2r_latency":1207, "hops":1, "rtt_latency":2912, "root_time_now":426440}
[Mote:19] Not reachable yet
[Mote:10] Sensor IPv6 = fe80::20a:a:a:a
[Mote:1] {"node":"fd00::20a:a:a:a", "cpu_energy_mj":18, "lpm_energy_mj":0, "radio_tx_energy_mj":0, "radio_rx_energy_mj":8, "node_time":428013, "total_sent":34, "total_received":33, "bytes_tx":60, "bytes_rx":12, "r2n_latency":1554, "lqi":100, "rssi":-43, "server_sent":33, "server_received":65, "server_bytes_rx":60, "n2r_latency":247, "hops":2, "rtt_latency":2177, "root_time_now":428260}
[Mote:8] Not reachable yet
[Mote:7] Sensor IPv6 = fe80::207:7:7:7
[Mote:17] Sensor IPv6 = fe80::211:11:11:11
[Mote:1] {"node":"fd00::207:7:7:7", "cpu_energy_mj":18, "lpm_energy_mj":0, "radio_tx_energy_mj":1, "radio_rx_energy_mj":8, "node_time":429519, "total_sent":34, "total_received":34, "bytes_tx":60, "bytes_rx":12, "r2n_latency":1134, "lqi":100, "rssi":-91, "server_sent":34, "server_received":64, "server_bytes_rx":60, "n2r_latency":141, "hops":1, "rtt_latency":2037, "root_time_now":429660}
[Mote:14] Sensor IPv6 = fe80::20e:e:e:e
[Mote:16] Not reachable yet
[Mote:15] Not reachable yet
[Mote:3] Sensor IPv6 = fe80::203:3:3:3
[Mote:2] Sensor IPv6 = fe80::202:2:2:2
[Mote:5] Sensor IPv6 = fe80::205:5:5:5
[Mote:18] Not reachable yet
[Mote:4] Sensor IPv6 = fe80::204:4:4:4
[Mote:12] Not reachable yet
[Mote:9] Not reachable yet
[Mote:1] {"node":"fd00::20e:e:e:e", "cpu_energy_mj":348, "lpm_energy_mj":0, "radio_tx_energy_mj":1, "radio_rx_energy_mj":1441, "node_time":430575, "total_sent":17, "total_received":23, "bytes_tx":60, "bytes_rx":12, "r2n_latency":995, "lqi":100, "rssi":-38, "server_sent":36, "server_received":24, "server_bytes_rx":60, "n2r_latency":3355, "hops":2, "rtt_latency":2212, "root_time_now":433930}
[Mote:1] {"node":"fd00::205:5:5:5", "cpu_energy_mj":19, "lpm_energy_mj":0, "radio_tx_energy_mj":1, "radio_rx_energy_mj":8, "node_time":431997, "total_sent":39, "total_received":41, "bytes_tx":60, "bytes_rx":12, "r2n_latency":24, "lqi":100, "rssi":-89, "server_sent":41, "server_received":79, "server_bytes_rx":60, "n2r_latency":2773, "hops":0, "rtt_latency":2112, "root_time_now":434770}
[Mote:11] Not reachable yet
[Mote:13] Sensor IPv6 = fe80::20d:d:d:d
[Mote:1] {"node":"fd00::211:11:11:11", "cpu_energy_mj":18, "lpm_energy_mj":0, "radio_tx_energy_mj":0, "radio_rx_energy_mj":8, "node_time":429654, "total_sent":16, "total_received":11, "bytes_tx":60, "bytes_rx":12, "r2n_latency":3654, "lqi":100, "rssi":-93, "server_sent":13, "server_received":21, "server_bytes_rx":60, "n2r_latency":5746, "hops":4, "rtt_latency":3192, "root_time_now":435400}
[Mote:1] {"node":"fd00::203:3:3:3", "cpu_energy_mj":18, "lpm_energy_mj":0, "radio_tx_energy_mj":0, "radio_rx_energy_mj":8, "node_time":431588, "total_sent":24, "total_received":22, "bytes_tx":60, "bytes_rx":12, "r2n_latency":3094, "lqi":100, "rssi":-77, "server_sent":24, "server_received":41, "server_bytes_rx":60, "n2r_latency":3882, "hops":3, "rtt_latency":3157, "root_time_now":435470}
[Mote:1] {"node":"fd00::204:4:4:4", "cpu_energy_mj":19, "lpm_energy_mj":0, "radio_tx_energy_mj":0, "radio_rx_energy_mj":8, "node_time":432745, "total_sent":25, "total_received":24, "bytes_tx":60, "bytes_rx":12, "r2n_latency":1624, "lqi":100, "rssi":-83, "server_sent":28, "server_received":48, "server_bytes_rx":60, "n2r_latency":3425, "hops":2, "rtt_latency":2947, "root_time_now":436170}
[Mote:1] {"node":"fd00::20d:d:d:d", "cpu_energy_mj":18, "lpm_energy_mj":0, "radio_tx_energy_mj":1, "radio_rx_energy_mj":8, "node_time":435344, "total_sent":34, "total_received":33, "bytes_tx":60, "bytes_rx":12, "r2n_latency":2054, "lqi":100, "rssi":-86, "server_sent":33, "server_received":66, "server_bytes_rx":60, "n2r_latency":1386, "hops":1, "rtt_latency":2917, "root_time_now":436730}
[Mote:6] Sensor IPv6 = fe80::206:6:6:6
[Mote:1] {"node":"fd00::206:6:6:6", "cpu_energy_mj":19, "lpm_energy_mj":0, "radio_tx_energy_mj":1, "radio_rx_energy_mj":8, "node_time":437013, "total_sent":37, "total_received":39, "bytes_tx":60, "bytes_rx":12, "r2n_latency":374, "lqi":100, "rssi":-90, "server_sent":39, "server_received":76, "server_bytes_rx":60, "n2r_latency":277, "hops":0, "rtt_latency":537, "root_time_now":437290}
[Mote:19] Not reachable yet
[Mote:10] Sensor IPv6 = fe80::20a:a:a:a
[Mote:1] {"node":"fd00::20a:a:a:a", "cpu_energy_mj":18, "lpm_energy_mj":0, "radio_tx_energy_mj":0, "radio_rx_energy_mj":8, "node_time":438200, "total_sent":35, "total_received":34, "bytes_tx":60, "bytes_rx":12, "r2n_latency":2614, "lqi":100, "rssi":-43, "server_sent":34, "server_received":67, "server_bytes_rx":60, "n2r_latency":420, "hops":2, "rtt_latency":3617, "root_time_now":438620}
[Mote:1] {"node":"fd00::202:2:2:2", "cpu_energy_mj":303, "lpm_energy_mj":0, "radio_tx_energy_mj":5, "radio_rx_energy_mj":461, "node_time":431610, "total_sent":25, "total_received":40, "bytes_tx":60, "bytes_rx":12, "r2n_latency":164, "lqi":100, "rssi":-83, "server_sent":41, "server_received":49, "server_bytes_rx":60, "n2r_latency":7220, "hops":0, "rtt_latency":487, "root_time_now":438830}
[Mote:17] Sensor IPv6 = fe80::211:11:11:11
[Mote:8] Not reachable yet
[Mote:7] Sensor IPv6 = fe80::207:7:7:7
[Mote:14] Sensor IPv6 = fe80::20e:e:e:e
[Mote:16] Not reachable yet
[Mote:3] Sensor IPv6 = fe80::203:3:3:3
[Mote:15] Not reachable yet
[Mote:2] Sensor IPv6 = fe80::202:2:2:2
[Mote:5] Sensor IPv6 = fe80::205:5:5:5
[Mote:18] Not reachable yet
[Mote:4] Sensor IPv6 = fe80::204:4:4:4
[Mote:1] {"node":"fd00::202:2:2:2", "cpu_energy_mj":18, "lpm_energy_mj":0, "radio_tx_energy_mj":0, "radio_rx_energy_mj":8, "node_time":442141, "total_sent":26, "total_received":41, "bytes_tx":60, "bytes_rx":12, "r2n_latency":244, "lqi":100, "rssi":-83, "server_sent":42, "server_received":51, "server_bytes_rx":60, "n2r_latency":1659, "hops":0, "rtt_latency":1557, "root_time_now":443800}
[Mote:9] Not reachable yet
[Mote:12] Not reachable yet
[Mote:11] Not reachable yet
[Mote:13] Sensor IPv6 = fe80::20d:d:d:d
[Mote:1] {"node":"fd00::207:7:7:7", "cpu_energy_mj":18, "lpm_energy_mj":0, "radio_tx_energy_mj":1, "radio_rx_energy_mj":7, "node_time":439995, "total_sent":35, "total_received":35, "bytes_tx":60, "bytes_rx":12, "r2n_latency":1774, "lqi":100, "rssi":-91, "server_sent":36, "server_received":66, "server_bytes_rx":60, "n2r_latency":5485, "hops":1, "rtt_latency":2777, "root_time_now":445480}
[Mote:1] {"node":"fd00::211:11:11:11", "cpu_energy_mj":18, "lpm_energy_mj":0, "radio_tx_energy_mj":0, "radio_rx_energy_mj":8, "node_time":439872, "total_sent":17, "total_received":12, "bytes_tx":60, "bytes_rx":12, "r2n_latency":4644, "lqi":100, "rssi":-75, "server_sent":14, "server_received":23, "server_bytes_rx":60, "n2r_latency":6728, "hops":4, "rtt_latency":3582, "root_time_now":446600}
[Mote:1] {"node":"fd00::205:5:5:5", "cpu_energy_mj":19, "lpm_energy_mj":0, "radio_tx_energy_mj":2, "radio_rx_energy_mj":7, "node_time":442790, "total_sent":40, "total_received":42, "bytes_tx":60, "bytes_rx":12, "r2n_latency":34, "lqi":100, "rssi":-89, "server_sent":42, "server_received":81, "server_bytes_rx":60, "n2r_latency":3950, "hops":0, "rtt_latency":3062, "root_time_now":446740}
[Mote:1] {"node":"fd00::203:3:3:3", "cpu_energy_mj":18, "lpm_energy_mj":0, "radio_tx_energy_mj":0, "radio_rx_energy_mj":8, "node_time":441852, "total_sent":25, "total_received":23, "bytes_tx":60, "bytes_rx":12, "r2n_latency":4154, "lqi":100, "rssi":-77, "server_sent":25, "server_received":43, "server_bytes_rx":60, "n2r_latency":4958, "hops":3, "rtt_latency":3442, "root_time_now":446810}
[Mote:1] {"node":"fd00::204:4:4:4", "cpu_energy_mj":19, "lpm_energy_mj":0, "radio_tx_energy_mj":1, "radio_rx_energy_mj":8, "node_time":443302, "total_sent":26, "total_received":26, "bytes_tx":60, "bytes_rx":12, "r2n_latency":2414, "lqi":100, "rssi":-83, "server_sent":29, "server_received":51, "server_bytes_rx":60, "n2r_latency":3928, "hops":2, "rtt_latency":3587, "root_time_now":447230}
[Mote:1] {"node":"fd00::20d:d:d:d", "cpu_energy_mj":18, "lpm_energy_mj":0, "radio_tx_energy_mj":1, "radio_rx_energy_mj":7, "node_time":445457, "total_sent":35, "total_received":34, "bytes_tx":60, "bytes_rx":12, "r2n_latency":1574, "lqi":100, "rssi":-86, "server_sent":34, "server_received":68, "server_bytes_rx":60, "n2r_latency":1843, "hops":1, "rtt_latency":3342, "root_time_now":447300}
[Mote:6] Sensor IPv6 = fe80::206:6:6:6
[Mote:19] Not reachable yet
[Mote:10] Sensor IPv6 = fe80::20a:a:a:a
[Mote:1] {"node":"fd00::206:6:6:6", "cpu_energy_mj":19, "lpm_energy_mj":0, "radio_tx_energy_mj":1, "radio_rx_energy_mj":8, "node_time":447942, "total_sent":38, "total_received":40, "bytes_tx":60, "bytes_rx":12, "r2n_latency":1014, "lqi":100, "rssi":-90, "server_sent":40, "server_received":78, "server_bytes_rx":60, "n2r_latency":758, "hops":0, "rtt_latency":2362, "root_time_now":448700}
[Mote:1] {"node":"fd00::20a:a:a:a", "cpu_energy_mj":18, "lpm_energy_mj":0, "radio_tx_energy_mj":0, "radio_rx_energy_mj":8, "node_time":448387, "total_sent":36, "total_received":35, "bytes_tx":60, "bytes_rx":12, "r2n_latency":5354, "lqi":100, "rssi":-43, "server_sent":35, "server_received":69, "server_bytes_rx":60, "n2r_latency":383, "hops":2, "rtt_latency":3797, "root_time_now":448770}
[Mote:17] Sensor IPv6 = fe80::211:11:11:11
[Mote:8] Not reachable yet
[Mote:7] Sensor IPv6 = fe80::207:7:7:7
[Mote:16] Not reachable yet
[Mote:1] {"node":"fd00::211:11:11:11", "cpu_energy_mj":18, "lpm_energy_mj":0, "radio_tx_energy_mj":0, "radio_rx_energy_mj":8, "node_time":450094, "total_sent":18, "total_received":13, "bytes_tx":60, "bytes_rx":12, "r2n_latency":4374, "lqi":100, "rssi":-40, "server_sent":15, "server_received":25, "server_bytes_rx":60, "n2r_latency":1756, "hops":4, "rtt_latency":3832, "root_time_now":451850}
[Mote:14] Sensor IPv6 = fe80::20e:e:e:e
[Mote:3] Sensor IPv6 = fe80::203:3:3:3
[Mote:1] {"node":"fd00::203:3:3:3", "cpu_energy_mj":18, "lpm_energy_mj":0, "radio_tx_energy_mj":0, "radio_rx_energy_mj":8, "node_time":452116, "total_sent":26, "total_received":24, "bytes_tx":60, "bytes_rx":12, "r2n_latency":3534, "lqi":100, "rssi":-77, "server_sent":26, "server_received":45, "server_bytes_rx":60, "n2r_latency":224, "hops":3, "rtt_latency":3692, "root_time_now":452340}
[Mote:15] Not reachable yet
[Mote:2] Sensor IPv6 = fe80::202:2:2:2
[Mote:1] {"node":"fd00::20e:e:e:e", "cpu_energy_mj":19, "lpm_energy_mj":0, "radio_tx_energy_mj":0, "radio_rx_energy_mj":8, "node_time":452099, "total_sent":19, "total_received":24, "bytes_tx":60, "bytes_rx":12, "r2n_latency":1354, "lqi":100, "rssi":-67, "server_sent":38, "server_received":26, "server_bytes_rx":60, "n2r_latency":941, "hops":1, "rtt_latency":2077, "root_time_now":453040}
[Mote:18] Not reachable yet
[Mote:5] Sensor IPv6 = fe80::205:5:5:5
[Mote:1] {"node":"fd00::202:2:2:2", "cpu_energy_mj":18, "lpm_energy_mj":0, "radio_tx_energy_mj":0, "radio_rx_energy_mj":7, "node_time":452672, "total_sent":27, "total_received":42, "bytes_tx":60, "bytes_rx":12, "r2n_latency":184, "lqi":100, "rssi":-83, "server_sent":43, "server_received":53, "server_bytes_rx":60, "n2r_latency":998, "hops":0, "rtt_latency":1492, "root_time_now":453670}
[Mote:4] Sensor IPv6 = fe80::204:4:4:4
[Mote:1] {"node":"fd00::207:7:7:7", "cpu_energy_mj":18, "lpm_energy_mj":0, "radio_tx_energy_mj":1, "radio_rx_energy_mj":7, "node_time":450475, "total_sent":36, "total_received":36, "bytes_tx":60, "bytes_rx":12, "r2n_latency":5004, "lqi":100, "rssi":-91, "server_sent":37, "server_received":68, "server_bytes_rx":60, "n2r_latency":3685, "hops":1, "rtt_latency":2992, "root_time_now":454160}
[Mote:9] Not reachable yet
[Mote:12] Sensor IPv6 = fe80::20c:c:c:c
[Mote:11] Not reachable yet
[Mote:13] Sensor IPv6 = fe80::20d:d:d:d
[Mote:1] {"node":"fd00::205:5:5:5", "cpu_energy_mj":19, "lpm_energy_mj":0, "radio_tx_energy_mj":1, "radio_rx_energy_mj":8, "node_time":453580, "total_sent":41, "total_received":43, "bytes_tx":60, "bytes_rx":12, "r2n_latency":44, "lqi":100, "rssi":-89, "server_sent":43, "server_received":83, "server_bytes_rx":60, "n2r_latency":2750, "hops":0, "rtt_latency":267, "root_time_now":456330}
[Mote:1] {"node":"fd00::204:4:4:4", "cpu_energy_mj":19, "lpm_energy_mj":0, "radio_tx_energy_mj":0, "radio_rx_energy_mj":8, "node_time":453857, "total_sent":27, "total_received":26, "bytes_tx":60, "bytes_rx":12, "r2n_latency":2414, "lqi":100, "rssi":-83, "server_sent":30, "server_received":52, "server_bytes_rx":60, "n2r_latency":2543, "hops":2, "rtt_latency":3587, "root_time_now":456400}
[Mote:1] {"node":"fd00::20d:d:d:d", "cpu_energy_mj":18, "lpm_energy_mj":0, "radio_tx_energy_mj":1, "radio_rx_energy_mj":8, "node_time":455571, "total_sent":36, "total_received":34, "bytes_tx":60, "bytes_rx":12, "r2n_latency":1574, "lqi":100, "rssi":-86, "server_sent":35, "server_received":69, "server_bytes_rx":60, "n2r_latency":899, "hops":1, "rtt_latency":3342, "root_time_now":456470}
[Mote:1] {"node":"fd00::20c:c:c:c", "cpu_energy_mj":428, "lpm_energy_mj":0, "radio_tx_energy_mj":1, "radio_rx_energy_mj":1593, "node_time":455183, "total_sent":18, "total_received":35, "bytes_tx":60, "bytes_rx":12, "r2n_latency":954, "lqi":100, "rssi":-72, "server_sent":41, "server_received":36, "server_bytes_rx":60, "n2r_latency":1917, "hops":1, "rtt_latency":3137, "root_time_now":457100}
[Mote:10] Sensor IPv6 = fe80::20a:a:a:a
[Mote:6] Sensor IPv6 = fe80::206:6:6:6
[Mote:19] Not reachable yet
[Mote:17] Sensor IPv6 = fe80::211:11:11:11
[Mote:8] Not reachable yet
[Mote:7] Sensor IPv6 = fe80::207:7:7:7
[Mote:16] Not reachable yet
[Mote:3] Sensor IPv6 = fe80::203:3:3:3
[Mote:14] Sensor IPv6 = fe80::20e:e:e:e
[Mote:15] Not reachable yet
[Mote:2] Sensor IPv6 = fe80::202:2:2:2
[Mote:1] {"node":"fd00::202:2:2:2", "cpu_energy_mj":18, "lpm_energy_mj":0, "radio_tx_energy_mj":1, "radio_rx_energy_mj":8, "node_time":463203, "total_sent":28, "total_received":43, "bytes_tx":60, "bytes_rx":12, "r2n_latency":474, "lqi":100, "rssi":-83, "server_sent":44, "server_received":55, "server_bytes_rx":60, "n2r_latency":197, "hops":0, "rtt_latency":552, "root_time_now":463400}
[Mote:18] Not reachable yet
[Mote:5] Sensor IPv6 = fe80::205:5:5:5
[Mote:4] Sensor IPv6 = fe80::204:4:4:4
[Mote:9] Not reachable yet
[Mote:11] Not reachable yet
[Mote:13] Sensor IPv6 = fe80::20d:d:d:d
[Mote:1] {"node":"fd00::20e:e:e:e", "cpu_energy_mj":19, "lpm_energy_mj":0, "radio_tx_energy_mj":1, "radio_rx_energy_mj":8, "node_time":462861, "total_sent":20, "total_received":24, "bytes_tx":60, "bytes_rx":12, "r2n_latency":1354, "lqi":100, "rssi":-67, "server_sent":39, "server_received":27, "server_bytes_rx":60, "n2r_latency":3059, "hops":1, "rtt_latency":2077, "root_time_now":465920}
[Mote:12] Sensor IPv6 = fe80::20c:c:c:c
[Mote:1] {"node":"fd00::20a:a:a:a", "cpu_energy_mj":18, "lpm_energy_mj":0, "radio_tx_energy_mj":0, "radio_rx_energy_mj":8, "node_time":458576, "total_sent":37, "total_received":36, "bytes_tx":60, "bytes_rx":12, "r2n_latency":3824, "lqi":100, "rssi":-43, "server_sent":37, "server_received":71, "server_bytes_rx":60, "n2r_latency":7904, "hops":2, "rtt_latency":2717, "root_time_now":466480}
[Mote:1] {"node":"fd00::207:7:7:7", "cpu_energy_mj":18, "lpm_energy_mj":0, "radio_tx_energy_mj":1, "radio_rx_energy_mj":7, "node_time":460948, "total_sent":37, "total_received":38, "bytes_tx":60, "bytes_rx":12, "r2n_latency":404, "lqi":100, "rssi":-91, "server_sent":38, "server_received":71, "server_bytes_rx":60, "n2r_latency":6792, "hops":1, "rtt_latency":3667, "root_time_now":467740}
[Mote:10] Sensor IPv6 = fe80::20a:a:a:a
[Mote:1] {"node":"fd00::20a:a:a:a", "cpu_energy_mj":18, "lpm_energy_mj":0, "radio_tx_energy_mj":0, "radio_rx_energy_mj":8, "node_time":468761, "total_sent":38, "total_received":37, "bytes_tx":60, "bytes_rx":12, "r2n_latency":964, "lqi":100, "rssi":-43, "server_sent":37, "server_received":73, "server_bytes_rx":60, "n2r_latency":169, "hops":2, "rtt_latency":3912, "root_time_now":468930}
[Mote:6] Sensor IPv6 = fe80::206:6:6:6
[Mote:1] {"node":"fd00::206:6:6:6", "cpu_energy_mj":19, "lpm_energy_mj":0, "radio_tx_energy_mj":1, "radio_rx_energy_mj":8, "node_time":469798, "total_sent":40, "total_received":42, "bytes_tx":60, "bytes_rx":12, "r2n_latency":264, "lqi":100, "rssi":-90, "server_sent":42, "server_received":81, "server_bytes_rx":60, "n2r_latency":42, "hops":0, "rtt_latency":3632, "root_time_now":469840}
[Mote:19] Not reachable yet
[Mote:17] Sensor IPv6 = fe80::211:11:11:11
[Mote:8] Not reachable yet
[Mote:7] Sensor IPv6 = fe80::207:7:7:7
[Mote:16] Not reachable yet
[Mote:1] {"node":"fd00::205:5:5:5", "cpu_energy_mj":19, "lpm_energy_mj":0, "radio_tx_energy_mj":1, "radio_rx_energy_mj":7, "node_time":464374, "total_sent":42, "total_received":44, "bytes_tx":60, "bytes_rx":12, "r2n_latency":1524, "lqi":100, "rssi":-89, "server_sent":45, "server_received":85, "server_bytes_rx":60, "n2r_latency":7496, "hops":0, "rtt_latency":2162, "root_time_now":471870}
[Mote:1] {"node":"fd00::20c:c:c:c", "cpu_energy_mj":19, "lpm_energy_mj":0, "radio_tx_energy_mj":0, "radio_rx_energy_mj":8, "node_time":466016, "total_sent":19, "total_received":36, "bytes_tx":60, "bytes_rx":12, "r2n_latency":2434, "lqi":100, "rssi":-72, "server_sent":43, "server_received":38, "server_bytes_rx":60, "n2r_latency":6344, "hops":1, "rtt_latency":2862, "root_time_now":472360}
[Mote:3] Sensor IPv6 = fe80::203:3:3:3
[Mote:14] Sensor IPv6 = fe80::20e:e:e:e
[Mote:15] Not reachable yet
[Mote:2] Sensor IPv6 = fe80::202:2:2:2
[Mote:18] Not reachable yet
[Mote:4] Sensor IPv6 = fe80::204:4:4:4
[Mote:5] Sensor IPv6 = fe80::205:5:5:5
[Mote:11] Not reachable yet
[Mote:13] Sensor IPv6 = fe80::20d:d:d:d
[Mote:9] Not reachable yet
[Mote:12] Not reachable yet
[Mote:1] {"node":"fd00::207:7:7:7", "cpu_energy_mj":18, "lpm_energy_mj":0, "radio_tx_energy_mj":0, "radio_rx_energy_mj":8, "node_time":471425, "total_sent":38, "total_received":38, "bytes_tx":60, "bytes_rx":12, "r2n_latency":404, "lqi":100, "rssi":-91, "server_sent":39, "server_received":72, "server_bytes_rx":60, "n2r_latency":6535, "hops":1, "rtt_latency":3667, "root_time_now":477960}
[Mote:10] Sensor IPv6 = fe80::20a:a:a:a
[Mote:1] {"node":"fd00::20a:a:a:a", "cpu_energy_mj":18, "lpm_energy_mj":0, "radio_tx_energy_mj":0, "radio_rx_energy_mj":8, "node_time":478948, "total_sent":39, "total_received":38, "bytes_tx":60, "bytes_rx":12, "r2n_latency":3495, "lqi":100, "rssi":-43, "server_sent":38, "server_received":75, "server_bytes_rx":60, "n2r_latency":342, "hops":2, "rtt_latency":4512, "root_time_now":479290}
[Mote:1] {"node":"fd00::20d:d:d:d", "cpu_energy_mj":18, "lpm_energy_mj":0, "radio_tx_energy_mj":1, "radio_rx_energy_mj":7, "node_time":465684, "total_sent":37, "total_received":36, "bytes_tx":60, "bytes_rx":12, "r2n_latency":4114, "lqi":100, "rssi":-86, "server_sent":37, "server_received":72, "server_bytes_rx":60, "n2r_latency":13956, "hops":1, "rtt_latency":6152, "root_time_now":479640}
[Mote:6] Sensor IPv6 = fe80::206:6:6:6
[Mote:17] Sensor IPv6 = fe80::211:11:11:11
[Mote:19] Not reachable yet
[Mote:16] Not reachable yet
[Mote:8] Not reachable yet
[Mote:7] Sensor IPv6 = fe80::207:7:7:7
[Mote:1] {"node":"fd00::204:4:4:4", "cpu_energy_mj":19, "lpm_energy_mj":0, "radio_tx_energy_mj":0, "radio_rx_energy_mj":9, "node_time":464417, "total_sent":28, "total_received":27, "bytes_tx":60, "bytes_rx":12, "r2n_latency":8234, "lqi":100, "rssi":-83, "server_sent":33, "server_received":54, "server_bytes_rx":60, "n2r_latency":18443, "hops":2, "rtt_latency":4537, "root_time_now":482860}
[Mote:3] Sensor IPv6 = fe80::203:3:3:3
[Mote:1] {"node":"fd00::205:5:5:5", "cpu_energy_mj":19, "lpm_energy_mj":0, "radio_tx_energy_mj":2, "radio_rx_energy_mj":7, "node_time":475165, "total_sent":43, "total_received":45, "bytes_tx":60, "bytes_rx":12, "r2n_latency":835, "lqi":100, "rssi":-89, "server_sent":46, "server_received":87, "server_bytes_rx":60, "n2r_latency":7765, "hops":0, "rtt_latency":5011, "root_time_now":482930}
[Mote:15] Not reachable yet
[Mote:2] Not reachable yet
[Mote:14] Not reachable yet
[Mote:18] Not reachable yet
[Mote:1] {"node":"fd00::20d:d:d:d", "cpu_energy_mj":18, "lpm_energy_mj":0, "radio_tx_energy_mj":1, "radio_rx_energy_mj":7, "node_time":475797, "total_sent":38, "total_received":37, "bytes_tx":60, "bytes_rx":12, "r2n_latency":4685, "lqi":100, "rssi":-86, "server_sent":38, "server_received":74, "server_bytes_rx":60, "n2r_latency":9653, "hops":1, "rtt_latency":7697, "root_time_now":485450}
[Mote:4] Sensor IPv6 = fe80::204:4:4:4
[Mote:11] Not reachable yet
[Mote:13] Sensor IPv6 = fe80::20d:d:d:d
[Mote:5] Sensor IPv6 = fe80::205:5:5:5
[Mote:1] {"node":"fd00::203:3:3:3", "cpu_energy_mj":18, "lpm_energy_mj":0, "radio_tx_energy_mj":0, "radio_rx_energy_mj":8, "node_time":472645, "total_sent":28, "total_received":26, "bytes_tx":60, "bytes_rx":12, "r2n_latency":10834, "lqi":100, "rssi":-77, "server_sent":29, "server_received":48, "server_bytes_rx":60, "n2r_latency":13575, "hops":3, "rtt_latency":12452, "root_time_now":486220}
[Mote:1] {"node":"fd00::211:11:11:11", "cpu_energy_mj":18, "lpm_energy_mj":0, "radio_tx_energy_mj":0, "radio_rx_energy_mj":8, "node_time":470532, "total_sent":20, "total_received":13, "bytes_tx":60, "bytes_rx":12, "r2n_latency":4374, "lqi":100, "rssi":-40, "server_sent":18, "server_received":26, "server_bytes_rx":60, "n2r_latency":15758, "hops":4, "rtt_latency":3832, "root_time_now":486290}
[Mote:9] Not reachable yet
[Mote:1] {"node":"fd00::204:4:4:4", "cpu_energy_mj":19, "lpm_energy_mj":0, "radio_tx_energy_mj":1, "radio_rx_energy_mj":8, "node_time":474971, "total_sent":29, "total_received":28, "bytes_tx":60, "bytes_rx":12, "r2n_latency":6984, "lqi":100, "rssi":-83, "server_sent":33, "server_received":56, "server_bytes_rx":60, "n2r_latency":11879, "hops":2, "rtt_latency":12417, "root_time_now":486850}
[Mote:1] {"node":"fd00::205:5:5:5", "cpu_energy_mj":19, "lpm_energy_mj":0, "radio_tx_energy_mj":2, "radio_rx_energy_mj":6, "node_time":485956, "total_sent":44, "total_received":46, "bytes_tx":60, "bytes_rx":12, "r2n_latency":845, "lqi":100, "rssi":-89, "server_sent":46, "server_received":89, "server_bytes_rx":60, "n2r_latency":1384, "hops":0, "rtt_latency":3642, "root_time_now":487340}
[Mote:12] Not reachable yet
[Mote:1] {"node":"fd00::206:6:6:6", "cpu_energy_mj":19, "lpm_energy_mj":0, "radio_tx_energy_mj":1, "radio_rx_energy_mj":8, "node_time":480729, "total_sent":41, "total_received":44, "bytes_tx":60, "bytes_rx":12, "r2n_latency":425, "lqi":100, "rssi":-90, "server_sent":44, "server_received":84, "server_bytes_rx":60, "n2r_latency":8361, "hops":0, "rtt_latency":1157, "root_time_now":489090}
[Mote:10] Sensor IPv6 = fe80::20a:a:a:a
[Mote:17] Sensor IPv6 = fe80::211:11:11:11
[Mote:6] Sensor IPv6 = fe80::206:6:6:6
[Mote:16] Not reachable yet
[Mote:19] Not reachable yet
[Mote:8] Not reachable yet
[Mote:7] Sensor IPv6 = fe80::207:7:7:7
[Mote:3] Sensor IPv6 = fe80::203:3:3:3
[Mote:1] {"node":"fd00::211:11:11:11", "cpu_energy_mj":18, "lpm_energy_mj":0, "radio_tx_energy_mj":0, "radio_rx_energy_mj":8, "node_time":480752, "total_sent":21, "total_received":15, "bytes_tx":60, "bytes_rx":12, "r2n_latency":8115, "lqi":100, "rssi":-66, "server_sent":19, "server_received":28, "server_bytes_rx":60, "n2r_latency":13098, "hops":4, "rtt_latency":13187, "root_time_now":493850}
[Mote:1] {"node":"fd00::203:3:3:3", "cpu_energy_mj":18, "lpm_energy_mj":0, "radio_tx_energy_mj":0, "radio_rx_energy_mj":8, "node_time":482908, "total_sent":29, "total_received":27, "bytes_tx":60, "bytes_rx":12, "r2n_latency":5945, "lqi":100, "rssi":-77, "server_sent":30, "server_received":50, "server_bytes_rx":60, "n2r_latency":11082, "hops":3, "rtt_latency":8607, "root_time_now":493990}
[Mote:15] Not reachable yet
[Mote:2] Not reachable yet
[Mote:14] Not reachable yet
[Mote:1] {"node":"fd00::204:4:4:4", "cpu_energy_mj":19, "lpm_energy_mj":0, "radio_tx_energy_mj":1, "radio_rx_energy_mj":7, "node_time":485526, "total_sent":30, "total_received":30, "bytes_tx":60, "bytes_rx":12, "r2n_latency":3785, "lqi":100, "rssi":-83, "server_sent":34, "server_received":59, "server_bytes_rx":60, "n2r_latency":9934, "hops":2, "rtt_latency":7562, "root_time_now":495460}
[Mote:1] {"node":"fd00::20d:d:d:d", "cpu_energy_mj":18, "lpm_energy_mj":0, "radio_tx_energy_mj":1, "radio_rx_energy_mj":7, "node_time":485910, "total_sent":39, "total_received":38, "bytes_tx":60, "bytes_rx":12, "r2n_latency":1545, "lqi":100, "rssi":-86, "server_sent":39, "server_received":76, "server_bytes_rx":60, "n2r_latency":9620, "hops":1, "rtt_latency":6757, "root_time_now":495530}
[Mote:1] {"node":"fd00::211:11:11:11", "cpu_energy_mj":18, "lpm_energy_mj":0, "radio_tx_energy_mj":0, "radio_rx_energy_mj":8, "node_time":490974, "total_sent":22, "total_received":16, "bytes_tx":60, "bytes_rx":12, "r2n_latency":5535, "lqi":100, "rssi":-93, "server_sent":19, "server_received":30, "server_bytes_rx":60, "n2r_latency":4696, "hops":4, "rtt_latency":7807, "root_time_now":495670}
[Mote:18] Not reachable yet
[Mote:11] Not reachable yet
[Mote:1] {"node":"fd00::207:7:7:7", "cpu_energy_mj":18, "lpm_energy_mj":0, "radio_tx_energy_mj":1, "radio_rx_energy_mj":7, "node_time":481903, "total_sent":39, "total_received":40, "bytes_tx":60, "bytes_rx":12, "r2n_latency":1265, "lqi":100, "rssi":-91, "server_sent":41, "server_received":75, "server_bytes_rx":60, "n2r_latency":13977, "hops":1, "rtt_latency":4587, "root_time_now":495880}
[Mote:13] Sensor IPv6 = fe80::20d:d:d:d
[Mote:4] Sensor IPv6 = fe80::204:4:4:4
[Mote:1] {"node":"fd00::20a:a:a:a", "cpu_energy_mj":18, "lpm_energy_mj":0, "radio_tx_energy_mj":0, "radio_rx_energy_mj":8, "node_time":489137, "total_sent":40, "total_received":39, "bytes_tx":60, "bytes_rx":12, "r2n_latency":2875, "lqi":100, "rssi":-43, "server_sent":40, "server_received":77, "server_bytes_rx":60, "n2r_latency":7233, "hops":2, "rtt_latency":7982, "root_time_now":496370}
[Mote:1] {"node":"fd00::20d:d:d:d", "cpu_energy_mj":18, "lpm_energy_mj":0, "radio_tx_energy_mj":0, "radio_rx_energy_mj":8, "node_time":496024, "total_sent":40, "total_received":39, "bytes_tx":60, "bytes_rx":12, "r2n_latency":4704, "lqi":100, "rssi":-86, "server_sent":39, "server_received":78, "server_bytes_rx":60, "n2r_latency":626, "hops":1, "rtt_latency":2912, "root_time_now":496650}
[Mote:5] Sensor IPv6 = fe80::205:5:5:5
[Mote:1] {"node":"fd00::205:5:5:5", "cpu_energy_mj":19, "lpm_energy_mj":0, "radio_tx_energy_mj":2, "radio_rx_energy_mj":6, "node_time":496748, "total_sent":45, "total_received":47, "bytes_tx":60, "bytes_rx":12, "r2n_latency":2044, "lqi":100, "rssi":-89, "server_sent":47, "server_received":91, "server_bytes_rx":60, "n2r_latency":182, "hops":0, "rtt_latency":2877, "root_time_now":496930}
[Mote:9] Not reachable yet
[Mote:1] {"node":"fd00::206:6:6:6", "cpu_energy_mj":19, "lpm_energy_mj":0, "radio_tx_energy_mj":1, "radio_rx_energy_mj":8, "node_time":491658, "total_sent":42, "total_received":45, "bytes_tx":60, "bytes_rx":12, "r2n_latency":224, "lqi":100, "rssi":-90, "server_sent":45, "server_received":86, "server_bytes_rx":60, "n2r_latency":6462, "hops":0, "rtt_latency":3262, "root_time_now":498120}
[Mote:12] Not reachable yet
[Mote:10] Sensor IPv6 = fe80::20a:a:a:a
[Mote:1] {"node":"fd00::203:3:3:3", "cpu_energy_mj":18, "lpm_energy_mj":0, "radio_tx_energy_mj":0, "radio_rx_energy_mj":8, "node_time":493176, "total_sent":30, "total_received":28, "bytes_tx":60, "bytes_rx":12, "r2n_latency":4765, "lqi":100, "rssi":-77, "server_sent":30, "server_received":52, "server_bytes_rx":60, "n2r_latency":6204, "hops":3, "rtt_latency":7597, "root_time_now":499380}
[Mote:1] {"node":"fd00::207:7:7:7", "cpu_energy_mj":18, "lpm_energy_mj":0, "radio_tx_energy_mj":1, "radio_rx_energy_mj":8, "node_time":492378, "total_sent":40, "total_received":41, "bytes_tx":60, "bytes_rx":12, "r2n_latency":434, "lqi":100, "rssi":-91, "server_sent":41, "server_received":77, "server_bytes_rx":60, "n2r_latency":7492, "hops":1, "rtt_latency":3367, "root_time_now":499870}
[Mote:17] Sensor IPv6 = fe80::211:11:11:11
[Mote:1] {"node":"fd00::204:4:4:4", "cpu_energy_mj":19, "lpm_energy_mj":0, "radio_tx_energy_mj":0, "radio_rx_energy_mj":8, "node_time":496085, "total_sent":31, "total_received":30, "bytes_tx":60, "bytes_rx":12, "r2n_latency":3785, "lqi":100, "rssi":-83, "server_sent":35, "server_received":60, "server_bytes_rx":60, "n2r_latency":5185, "hops":2, "rtt_latency":7562, "root_time_now":501270}
[Mote:16] Not reachable yet
[Mote:6] Sensor IPv6 = fe80::206:6:6:6
[Mote:7] Sensor IPv6 = fe80::207:7:7:7
[Mote:8] Not reachable yet
[Mote:19] Not reachable yet
[Mote:3] Sensor IPv6 = fe80::203:3:3:3
[Mote:15] Not reachable yet
[Mote:2] Not reachable yet
[Mote:14] Sensor IPv6 = fe80::20e:e:e:e
[Mote:11] Not reachable yet
[Mote:13] Sensor IPv6 = fe80::20d:d:d:d
[Mote:18] Not reachable yet
[Mote:4] Sensor IPv6 = fe80::204:4:4:4
[Mote:5] Sensor IPv6 = fe80::205:5:5:5
[Mote:9] Not reachable yet
[Mote:1] {"node":"fd00::20a:a:a:a", "cpu_energy_mj":18, "lpm_energy_mj":0, "radio_tx_energy_mj":0, "radio_rx_energy_mj":8, "node_time":499322, "total_sent":41, "total_received":40, "bytes_tx":60, "bytes_rx":12, "r2n_latency":1624, "lqi":100, "rssi":-43, "server_sent":41, "server_received":79, "server_bytes_rx":60, "n2r_latency":8528, "hops":2, "rtt_latency":4102, "root_time_now":507850}
[Mote:1] {"node":"fd00::206:6:6:6", "cpu_energy_mj":19, "lpm_energy_mj":0, "radio_tx_energy_mj":2, "radio_rx_energy_mj":7, "node_time":502587, "total_sent":43, "total_received":46, "bytes_tx":60, "bytes_rx":12, "r2n_latency":515, "lqi":100, "rssi":-90, "server_sent":46, "server_received":88, "server_bytes_rx":60, "n2r_latency":5683, "hops":0, "rtt_latency":3967, "root_time_now":508270}
[Mote:1] {"node":"fd00::207:7:7:7", "cpu_energy_mj":18, "lpm_energy_mj":0, "radio_tx_energy_mj":0, "radio_rx_energy_mj":8, "node_time":502851, "total_sent":41, "total_received":41, "bytes_tx":60, "bytes_rx":12, "r2n_latency":434, "lqi":100, "rssi":-91, "server_sent":42, "server_received":78, "server_bytes_rx":60, "n2r_latency":6399, "hops":1, "rtt_latency":3367, "root_time_now":509250}
[Mote:12] Not reachable yet
[Mote:10] Sensor IPv6 = fe80::20a:a:a:a
[Mote:17] Sensor IPv6 = fe80::211:11:11:11
[Mote:16] Not reachable yet
[Mote:1] {"node":"fd00::211:11:11:11", "cpu_energy_mj":18, "lpm_energy_mj":0, "radio_tx_energy_mj":0, "radio_rx_energy_mj":8, "node_time":501192, "total_sent":23, "total_received":17, "bytes_tx":60, "bytes_rx":12, "r2n_latency":8834, "lqi":100, "rssi":-93, "server_sent":21, "server_received":32, "server_bytes_rx":60, "n2r_latency":10718, "hops":4, "rtt_latency":8162, "root_time_now":511910}
[Mote:7] Sensor IPv6 = fe80::207:7:7:7
[Mote:8] Not reachable yet
[Mote:6] Sensor IPv6 = fe80::206:6:6:6
[Mote:1] {"node":"fd00::20e:e:e:e", "cpu_energy_mj":58, "lpm_energy_mj":0, "radio_tx_energy_mj":2, "radio_rx_energy_mj":26, "node_time":505914, "total_sent":22, "total_received":27, "bytes_tx":60, "bytes_rx":12, "r2n_latency":2615, "lqi":100, "rssi":-83, "server_sent":44, "server_received":31, "server_bytes_rx":60, "n2r_latency":7746, "hops":1, "rtt_latency":4422, "root_time_now":513660}
[Mote:3] Sensor IPv6 = fe80::203:3:3:3
[Mote:19] Not reachable yet
[Mote:1] {"node":"fd00::20a:a:a:a", "cpu_energy_mj":18, "lpm_energy_mj":0, "radio_tx_energy_mj":0, "radio_rx_energy_mj":8, "node_time":509509, "total_sent":42, "total_received":41, "bytes_tx":60, "bytes_rx":12, "r2n_latency":4575, "lqi":100, "rssi":-43, "server_sent":42, "server_received":81, "server_bytes_rx":60, "n2r_latency":4921, "hops":2, "rtt_latency":7187, "root_time_now":514430}
[Mote:15] Not reachable yet
[Mote:2] Not reachable yet
[Mote:11] Not reachable yet
[Mote:13] Sensor IPv6 = fe80::20d:d:d:d
[Mote:14] Sensor IPv6 = fe80::20e:e:e:e
[Mote:18] Not reachable yet
[Mote:4] Sensor IPv6 = fe80::204:4:4:4
[Mote:1] {"node":"fd00::203:3:3:3", "cpu_energy_mj":18, "lpm_energy_mj":0, "radio_tx_energy_mj":0, "radio_rx_energy_mj":8, "node_time":503437, "total_sent":31, "total_received":29, "bytes_tx":60, "bytes_rx":12, "r2n_latency":8134, "lqi":100, "rssi":-77, "server_sent":32, "server_received":54, "server_bytes_rx":60, "n2r_latency":14493, "hops":3, "rtt_latency":7917, "root_time_now":517930}
[Mote:9] Not reachable yet
[Mote:5] Sensor IPv6 = fe80::205:5:5:5
[Mote:1] {"node":"fd00::206:6:6:6", "cpu_energy_mj":19, "lpm_energy_mj":0, "radio_tx_energy_mj":1, "radio_rx_energy_mj":8, "node_time":513516, "total_sent":44, "total_received":47, "bytes_tx":60, "bytes_rx":12, "r2n_latency":314, "lqi":100, "rssi":-90, "server_sent":47, "server_received":90, "server_bytes_rx":60, "n2r_latency":4904, "hops":0, "rtt_latency":2992, "root_time_now":518420}
[Mote:1] {"node":"fd00::207:7:7:7", "cpu_energy_mj":18, "lpm_energy_mj":0, "radio_tx_energy_mj":1, "radio_rx_energy_mj":8, "node_time":513329, "total_sent":42, "total_received":43, "bytes_tx":60, "bytes_rx":12, "r2n_latency":804, "lqi":100, "rssi":-91, "server_sent":43, "server_received":81, "server_bytes_rx":60, "n2r_latency":5301, "hops":1, "rtt_latency":3797, "root_time_now":518630}
[Mote:1] {"node":"fd00::20e:e:e:e", "cpu_energy_mj":19, "lpm_energy_mj":0, "radio_tx_energy_mj":0, "radio_rx_energy_mj":9, "node_time":516677, "total_sent":23, "total_received":28, "bytes_tx":60, "bytes_rx":12, "r2n_latency":454, "lqi":100, "rssi":-83, "server_sent":44, "server_received":33, "server_bytes_rx":60, "n2r_latency":2303, "hops":1, "rtt_latency":3762, "root_time_now":518980}
[Mote:1] {"node":"fd00::20d:d:d:d", "cpu_energy_mj":18, "lpm_energy_mj":0, "radio_tx_energy_mj":1, "radio_rx_energy_mj":8, "node_time":506137, "total_sent":41, "total_received":39, "bytes_tx":60, "bytes_rx":12, "r2n_latency":4704, "lqi":100, "rssi":-86, "server_sent":41, "server_received":79, "server_bytes_rx":60, "n2r_latency":12913, "hops":1, "rtt_latency":2912, "root_time_now":519050}
[Mote:1] {"node":"fd00::204:4:4:4", "cpu_energy_mj":19, "lpm_energy_mj":0, "radio_tx_energy_mj":1, "radio_rx_energy_mj":8, "node_time":506641, "total_sent":32, "total_received":31, "bytes_tx":60, "bytes_rx":12, "r2n_latency":7154, "lqi":100, "rssi":-83, "server_sent":36, "server_received":62, "server_bytes_rx":60, "n2r_latency":12479, "hops":2, "rtt_latency":5712, "root_time_now":519120}
[Mote:1] {"node":"fd00::205:5:5:5", "cpu_energy_mj":19, "lpm_energy_mj":0, "radio_tx_energy_mj":1, "radio_rx_energy_mj":8, "node_time":507542, "total_sent":46, "total_received":48, "bytes_tx":60, "bytes_rx":12, "r2n_latency":165, "lqi":100, "rssi":-89, "server_sent":49, "server_received":93, "server_bytes_rx":60, "n2r_latency":11648, "hops":0, "rtt_latency":607, "root_time_now":519190}
[Mote:1] {"node":"fd00::211:11:11:11", "cpu_energy_mj":18, "lpm_energy_mj":0, "radio_tx_energy_mj":0, "radio_rx_energy_mj":8, "node_time":511410, "total_sent":24, "total_received":17, "bytes_tx":60, "bytes_rx":12, "r2n_latency":8834, "lqi":100, "rssi":-93, "server_sent":21, "server_received":33, "server_bytes_rx":60, "n2r_latency":8270, "hops":4, "rtt_latency":8162, "root_time_now":519680}
[Mote:10] Sensor IPv6 = fe80::20a:a:a:a
[Mote:1] {"node":"fd00::203:3:3:3", "cpu_energy_mj":18, "lpm_energy_mj":0, "radio_tx_energy_mj":0, "radio_rx_energy_mj":8, "node_time":513702, "total_sent":32, "total_received":30, "bytes_tx":60, "bytes_rx":12, "r2n_latency":13115, "lqi":100, "rssi":-77, "server_sent":32, "server_received":56, "server_bytes_rx":60, "n2r_latency":6188, "hops":3, "rtt_latency":9917, "root_time_now":519890}
[Mote:12] Not reachable yet
[Mote:1] {"node":"fd00::20d:d:d:d", "cpu_energy_mj":18, "lpm_energy_mj":0, "radio_tx_energy_mj":1, "radio_rx_energy_mj":8, "node_time":516249, "total_sent":42, "total_received":41, "bytes_tx":60, "bytes_rx":12, "r2n_latency":4794, "lqi":100, "rssi":-86, "server_sent":42, "server_received":82, "server_bytes_rx":60, "n2r_latency":4831, "hops":1, "rtt_latency":5337, "root_time_now":521080}
[Mote:1] {"node":"fd00::205:5:5:5", "cpu_energy_mj":19, "lpm_energy_mj":0, "radio_tx_energy_mj":2, "radio_rx_energy_mj":7, "node_time":518332, "total_sent":47, "total_received":49, "bytes_tx":60, "bytes_rx":12, "r2n_latency":3814, "lqi":100, "rssi":-89, "server_sent":50, "server_received":95, "server_bytes_rx":60, "n2r_latency":3168, "hops":0, "rtt_latency":4882, "root_time_now":521500}
[Mote:1] {"node":"fd00::204:4:4:4", "cpu_energy_mj":19, "lpm_energy_mj":0, "radio_tx_energy_mj":0, "radio_rx_energy_mj":8, "node_time":517194, "total_sent":33, "total_received":33, "bytes_tx":60, "bytes_rx":12, "r2n_latency":5144, "lqi":100, "rssi":-83, "server_sent":37, "server_received":65, "server_bytes_rx":60, "n2r_latency":4376, "hops":2, "rtt_latency":5372, "root_time_now":521570}
[Mote:17] Sensor IPv6 = fe80::211:11:11:11
[Mote:16] Not reachable yet
[Mote:1] {"node":"fd00::211:11:11:11", "cpu_energy_mj":18, "lpm_energy_mj":0, "radio_tx_energy_mj":0, "radio_rx_energy_mj":8, "node_time":521632, "total_sent":25, "total_received":19, "bytes_tx":60, "bytes_rx":12, "r2n_latency":7244, "lqi":100, "rssi":-93, "server_sent":22, "server_received":36, "server_bytes_rx":60, "n2r_latency":1128, "hops":4, "rtt_latency":6002, "root_time_now":522760}
[Mote:7] Sensor IPv6 = fe80::207:7:7:7
[Mote:8] Not reachable yet
[Mote:3] Sensor IPv6 = fe80::203:3:3:3
[Mote:6] Sensor IPv6 = fe80::206:6:6:6
[Mote:1] {"node":"fd00::206:6:6:6", "cpu_energy_mj":19, "lpm_energy_mj":0, "radio_tx_energy_mj":1, "radio_rx_energy_mj":8, "node_time":524445, "total_sent":45, "total_received":48, "bytes_tx":60, "bytes_rx":12, "r2n_latency":465, "lqi":100, "rssi":-90, "server_sent":48, "server_received":92, "server_bytes_rx":60, "n2r_latency":135, "hops":0, "rtt_latency":1072, "root_time_now":524580}
[Mote:19] Not reachable yet
[Mote:11] Not reachable yet
[Mote:15] Not reachable yet
[Mote:13] Sensor IPv6 = fe80::20d:d:d:d
[Mote:2] Not reachable yet
[Mote:1] {"node":"fd00::20d:d:d:d", "cpu_energy_mj":18, "lpm_energy_mj":0, "radio_tx_energy_mj":1, "radio_rx_energy_mj":8, "node_time":526362, "total_sent":43, "total_received":42, "bytes_tx":60, "bytes_rx":12, "r2n_latency":4945, "lqi":100, "rssi":-86, "server_sent":42, "server_received":84, "server_bytes_rx":60, "n2r_latency":248, "hops":1, "rtt_latency":2542, "root_time_now":526610}
[Mote:1] {"node":"fd00::207:7:7:7", "cpu_energy_mj":18, "lpm_energy_mj":0, "radio_tx_energy_mj":2, "radio_rx_energy_mj":7, "node_time":523807, "total_sent":43, "total_received":43, "bytes_tx":60, "bytes_rx":12, "r2n_latency":804, "lqi":100, "rssi":-91, "server_sent":44, "server_received":82, "server_bytes_rx":60, "n2r_latency":2943, "hops":1, "rtt_latency":3797, "root_time_now":526750}
[Mote:1] {"node":"fd00::203:3:3:3", "cpu_energy_mj":18, "lpm_energy_mj":0, "radio_tx_energy_mj":0, "radio_rx_energy_mj":8, "node_time":523964, "total_sent":33, "total_received":31, "bytes_tx":60, "bytes_rx":12, "r2n_latency":6404, "lqi":100, "rssi":-77, "server_sent":33, "server_received":58, "server_bytes_rx":60, "n2r_latency":3136, "hops":3, "rtt_latency":5582, "root_time_now":527100}
[Mote:18] Not reachable yet
[Mote:14] Sensor IPv6 = fe80::20e:e:e:e
[Mote:4] Sensor IPv6 = fe80::204:4:4:4
[Mote:9] Not reachable yet
[Mote:5] Sensor IPv6 = fe80::205:5:5:5
[Mote:10] Not reachable yet
[Mote:12] Not reachable yet
[Mote:16] Not reachable yet
[Mote:17] Sensor IPv6 = fe80::211:11:11:11
[Mote:1] {"node":"fd00::20e:e:e:e", "cpu_energy_mj":19, "lpm_energy_mj":0, "radio_tx_energy_mj":0, "radio_rx_energy_mj":9, "node_time":527440, "total_sent":24, "total_received":29, "bytes_tx":60, "bytes_rx":12, "r2n_latency":5505, "lqi":100, "rssi":-83, "server_sent":46, "server_received":35, "server_bytes_rx":60, "n2r_latency":5260, "hops":1, "rtt_latency":4922, "root_time_now":532700}
[Mote:3] Sensor IPv6 = fe80::203:3:3:3
[Mote:7] Not reachable yet
[Mote:8] Not reachable yet
[Mote:1] {"node":"fd00::205:5:5:5", "cpu_energy_mj":19, "lpm_energy_mj":0, "radio_tx_energy_mj":3, "radio_rx_energy_mj":6, "node_time":529124, "total_sent":48, "total_received":50, "bytes_tx":60, "bytes_rx":12, "r2n_latency":3615, "lqi":100, "rssi":-89, "server_sent":51, "server_received":97, "server_bytes_rx":60, "n2r_latency":5326, "hops":0, "rtt_latency":1877, "root_time_now":534450}
[Mote:1] {"node":"fd00::204:4:4:4", "cpu_energy_mj":19, "lpm_energy_mj":0, "radio_tx_energy_mj":1, "radio_rx_energy_mj":8, "node_time":527751, "total_sent":34, "total_received":34, "bytes_tx":60, "bytes_rx":12, "r2n_latency":5505, "lqi":100, "rssi":-83, "server_sent":38, "server_received":67, "server_bytes_rx":60, "n2r_latency":6839, "hops":2, "rtt_latency":4537, "root_time_now":534590}
[Mote:6] Sensor IPv6 = fe80::206:6:6:6
[Mote:1] {"node":"fd00::206:6:6:6", "cpu_energy_mj":19, "lpm_energy_mj":0, "radio_tx_energy_mj":1, "radio_rx_energy_mj":7, "node_time":535374, "total_sent":46, "total_received":49, "bytes_tx":60, "bytes_rx":12, "r2n_latency":824, "lqi":100, "rssi":-90, "server_sent":49, "server_received":94, "server_bytes_rx":60, "n2r_latency":56, "hops":0, "rtt_latency":1532, "root_time_now":535430}
[Mote:19] Not reachable yet
[Mote:11] Not reachable yet
[Mote:13] Sensor IPv6 = fe80::20d:d:d:d
[Mote:1] {"node":"fd00::20d:d:d:d", "cpu_energy_mj":18, "lpm_energy_mj":0, "radio_tx_energy_mj":1, "radio_rx_energy_mj":7, "node_time":536476, "total_sent":44, "total_received":43, "bytes_tx":60, "bytes_rx":12, "r2n_latency":824, "lqi":100, "rssi":-86, "server_sent":43, "server_received":86, "server_bytes_rx":60, "n2r_latency":144, "hops":1, "rtt_latency":2862, "root_time_now":536620}
[Mote:15] Not reachable yet
[Mote:2] Not reachable yet
[Mote:18] Not reachable yet
[Mote:14] Sensor IPv6 = fe80::20e:e:e:e
[Mote:1] {"node":"fd00::20e:e:e:e", "cpu_energy_mj":19, "lpm_energy_mj":0, "radio_tx_energy_mj":0, "radio_rx_energy_mj":8, "node_time":538205, "total_sent":25, "total_received":30, "bytes_tx":60, "bytes_rx":12, "r2n_latency":1034, "lqi":100, "rssi":-83, "server_sent":46, "server_received":37, "server_bytes_rx":60, "n2r_latency":95, "hops":1, "rtt_latency":2057, "root_time_now":538300}
[Mote:4] Sensor IPv6 = fe80::204:4:4:4
[Mote:1] {"node":"fd00::211:11:11:11", "cpu_energy_mj":18, "lpm_energy_mj":0, "radio_tx_energy_mj":0, "radio_rx_energy_mj":8, "node_time":531854, "total_sent":26, "total_received":20, "bytes_tx":60, "bytes_rx":12, "r2n_latency":6415, "lqi":100, "rssi":-93, "server_sent":23, "server_received":38, "server_bytes_rx":60, "n2r_latency":7006, "hops":4, "rtt_latency":7197, "root_time_now":538860}
[Mote:9] Not reachable yet
[Mote:5] Sensor IPv6 = fe80::205:5:5:5
[Mote:10] Not reachable yet
[Mote:12] Not reachable yet
[Mote:16] Not reachable yet
[Mote:17] Sensor IPv6 = fe80::211:11:11:11
[Mote:3] Sensor IPv6 = fe80::203:3:3:3
[Mote:7] Not reachable yet
[Mote:8] Not reachable yet
[Mote:1] {"node":"fd00::203:3:3:3", "cpu_energy_mj":18, "lpm_energy_mj":0, "radio_tx_energy_mj":0, "radio_rx_energy_mj":8, "node_time":534232, "total_sent":34, "total_received":33, "bytes_tx":60, "bytes_rx":12, "r2n_latency":2504, "lqi":100, "rssi":-77, "server_sent":35, "server_received":61, "server_bytes_rx":60, "n2r_latency":10998, "hops":3, "rtt_latency":4542, "root_time_now":545230}
[Mote:1] {"node":"fd00::205:5:5:5", "cpu_energy_mj":19, "lpm_energy_mj":0, "radio_tx_energy_mj":1, "radio_rx_energy_mj":7, "node_time":539918, "total_sent":49, "total_received":51, "bytes_tx":60, "bytes_rx":12, "r2n_latency":54, "lqi":100, "rssi":-89, "server_sent":52, "server_received":99, "server_bytes_rx":60, "n2r_latency":5592, "hops":0, "rtt_latency":2337, "root_time_now":545510}
[Mote:1] {"node":"fd00::204:4:4:4", "cpu_energy_mj":19, "lpm_energy_mj":0, "radio_tx_energy_mj":1, "radio_rx_energy_mj":8, "node_time":538307, "total_sent":35, "total_received":35, "bytes_tx":60, "bytes_rx":12, "r2n_latency":1804, "lqi":100, "rssi":-83, "server_sent":39, "server_received":69, "server_bytes_rx":60, "n2r_latency":7553, "hops":2, "rtt_latency":3002, "root_time_now":545860}
[Mote:1] {"node":"fd00::211:11:11:11", "cpu_energy_mj":18, "lpm_energy_mj":0, "radio_tx_energy_mj":0, "radio_rx_energy_mj":8, "node_time":542074, "total_sent":27, "total_received":21, "bytes_tx":60, "bytes_rx":12, "r2n_latency":2924, "lqi":100, "rssi":-93, "server_sent":24, "server_received":40, "server_bytes_rx":60, "n2r_latency":4206, "hops":4, "rtt_latency":4927, "root_time_now":546280}
[Mote:6] Sensor IPv6 = fe80::206:6:6:6
[Mote:1] {"node":"fd00::206:6:6:6", "cpu_energy_mj":19, "lpm_energy_mj":0, "radio_tx_energy_mj":0, "radio_rx_energy_mj":8, "node_time":546305, "total_sent":47, "total_received":50, "bytes_tx":60, "bytes_rx":12, "r2n_latency":344, "lqi":100, "rssi":-90, "server_sent":50, "server_received":96, "server_bytes_rx":60, "n2r_latency":115, "hops":0, "rtt_latency":1327, "root_time_now":546420}
[Mote:11] Not reachable yet
[Mote:13] Sensor IPv6 = fe80::20d:d:d:d
[Mote:19] Not reachable yet
[Mote:15] Not reachable yet
[Mote:2] Not reachable yet
[Mote:18] Not reachable yet
[Mote:4] Sensor IPv6 = fe80::204:4:4:4
[Mote:14] Sensor IPv6 = fe80::20e:e:e:e
[Mote:1] {"node":"fd00::20e:e:e:e", "cpu_energy_mj":19, "lpm_energy_mj":0, "radio_tx_energy_mj":0, "radio_rx_energy_mj":8, "node_time":548966, "total_sent":26, "total_received":31, "bytes_tx":60, "bytes_rx":12, "r2n_latency":2794, "lqi":100, "rssi":-92, "server_sent":47, "server_received":39, "server_bytes_rx":60, "n2r_latency":114, "hops":1, "rtt_latency":1747, "root_time_now":549080}
[Mote:9] Not reachable yet
[Mote:10] Not reachable yet
[Mote:5] Sensor IPv6 = fe80::205:5:5:5
[Mote:16] Not reachable yet
[Mote:17] Sensor IPv6 = fe80::211:11:11:11
[Mote:12] Not reachable yet
[Mote:1] {"node":"fd00::205:5:5:5", "cpu_energy_mj":19, "lpm_energy_mj":0, "radio_tx_energy_mj":1, "radio_rx_energy_mj":7, "node_time":550709, "total_sent":50, "total_received":53, "bytes_tx":60, "bytes_rx":12, "r2n_latency":73, "lqi":100, "rssi":-89, "server_sent":53, "server_received":102, "server_bytes_rx":60, "n2r_latency":2781, "hops":0, "rtt_latency":1716, "root_time_now":553490}
[Mote:1] {"node":"fd00::203:3:3:3", "cpu_energy_mj":18, "lpm_energy_mj":0, "radio_tx_energy_mj":0, "radio_rx_energy_mj":9, "node_time":544494, "total_sent":35, "total_received":33, "bytes_tx":60, "bytes_rx":12, "r2n_latency":2504, "lqi":100, "rssi":-77, "server_sent":36, "server_received":62, "server_bytes_rx":60, "n2r_latency":9906, "hops":3, "rtt_latency":4542, "root_time_now":554400}
[Mote:3] Sensor IPv6 = fe80::203:3:3:3
[Mote:1] {"node":"fd00::20d:d:d:d", "cpu_energy_mj":18, "lpm_energy_mj":0, "radio_tx_energy_mj":1, "radio_rx_energy_mj":8, "node_time":546591, "total_sent":45, "total_received":44, "bytes_tx":60, "bytes_rx":12, "r2n_latency":974, "lqi":100, "rssi":-86, "server_sent":45, "server_received":88, "server_bytes_rx":60, "n2r_latency":8299, "hops":1, "rtt_latency":3077, "root_time_now":554890}
[Mote:7] Not reachable yet
[Mote:1] {"node":"fd00::204:4:4:4", "cpu_energy_mj":19, "lpm_energy_mj":0, "radio_tx_energy_mj":1, "radio_rx_energy_mj":8, "node_time":548865, "total_sent":36, "total_received":36, "bytes_tx":60, "bytes_rx":12, "r2n_latency":1534, "lqi":100, "rssi":-83, "server_sent":40, "server_received":71, "server_bytes_rx":60, "n2r_latency":6375, "hops":2, "rtt_latency":3112, "root_time_now":555240}
[Mote:8] Not reachable yet
[Mote:1] {"node":"fd00::211:11:11:11", "cpu_energy_mj":18, "lpm_energy_mj":0, "radio_tx_energy_mj":0, "radio_rx_energy_mj":8, "node_time":552292, "total_sent":28, "total_received":22, "bytes_tx":60, "bytes_rx":12, "r2n_latency":9654, "lqi":100, "rssi":-41, "server_sent":25, "server_received":42, "server_bytes_rx":60, "n2r_latency":4138, "hops":4, "rtt_latency":7802, "root_time_now":556430}
[Mote:11] Not reachable yet
[Mote:13] Sensor IPv6 = fe80::20d:d:d:d
[Mote:1] {"node":"fd00::20d:d:d:d", "cpu_energy_mj":18, "lpm_energy_mj":0, "radio_tx_energy_mj":1, "radio_rx_energy_mj":7, "node_time":556704, "total_sent":46, "total_received":45, "bytes_tx":60, "bytes_rx":12, "r2n_latency":913, "lqi":100, "rssi":-86, "server_sent":45, "server_received":90, "server_bytes_rx":60, "n2r_latency":76, "hops":1, "rtt_latency":2906, "root_time_now":556780}
[Mote:6] Sensor IPv6 = fe80::206:6:6:6
[Mote:1] {"node":"fd00::206:6:6:6", "cpu_energy_mj":19, "lpm_energy_mj":0, "radio_tx_energy_mj":0, "radio_rx_energy_mj":8, "node_time":557231, "total_sent":48, "total_received":51, "bytes_tx":60, "bytes_rx":12, "r2n_latency":703, "lqi":100, "rssi":-90, "server_sent":51, "server_received":98, "server_bytes_rx":60, "n2r_latency":319, "hops":0, "rtt_latency":1961, "root_time_now":557550}
[Mote:19] Not reachable yet
[Mote:15] Not reachable yet
[Mote:1] {"node":"fd00::203:3:3:3", "cpu_energy_mj":18, "lpm_energy_mj":0, "radio_tx_energy_mj":0, "radio_rx_energy_mj":8, "node_time":554757, "total_sent":36, "total_received":35, "bytes_tx":60, "bytes_rx":12, "r2n_latency":2663, "lqi":100, "rssi":-77, "server_sent":36, "server_received":65, "server_bytes_rx":60, "n2r_latency":3213, "hops":3, "rtt_latency":3501, "root_time_now":557970}
[Mote:2] Not reachable yet
[Mote:18] Not reachable yet
[Mote:4] Sensor IPv6 = fe80::204:4:4:4
[Mote:14] Sensor IPv6 = fe80::20e:e:e:e
[Mote:10] Not reachable yet
[Mote:9] Not reachable yet
[Mote:5] Sensor IPv6 = fe80::205:5:5:5
[Mote:16] Not reachable yet
[Mote:17] Sensor IPv6 = fe80::211:11:11:11
[Mote:12] Not reachable yet
[Mote:3] Sensor IPv6 = fe80::203:3:3:3
[Mote:7] Not reachable yet
[Mote:8] Not reachable yet
[Mote:11] Not reachable yet
[Mote:13] Sensor IPv6 = fe80::20d:d:d:d
[Mote:1] {"node":"fd00::205:5:5:5", "cpu_energy_mj":19, "lpm_energy_mj":0, "radio_tx_energy_mj":1, "radio_rx_energy_mj":7, "node_time":561502, "total_sent":51, "total_received":54, "bytes_tx":60, "bytes_rx":12, "r2n_latency":224, "lqi":100, "rssi":-89, "server_sent":54, "server_received":103, "server_bytes_rx":60, "n2r_latency":5848, "hops":0, "rtt_latency":1716, "root_time_now":567350}
[Mote:1] {"node":"fd00::204:4:4:4", "cpu_energy_mj":19, "lpm_energy_mj":0, "radio_tx_energy_mj":1, "radio_rx_energy_mj":8, "node_time":559418, "total_sent":37, "total_received":37, "bytes_tx":60, "bytes_rx":12, "r2n_latency":1893, "lqi":100, "rssi":-83, "server_sent":41, "server_received":73, "server_bytes_rx":60, "n2r_latency":8002, "hops":2, "rtt_latency":3011, "root_time_now":567420}
[Mote:1] {"node":"fd00::203:3:3:3", "cpu_energy_mj":18, "lpm_energy_mj":0, "radio_tx_energy_mj":1, "radio_rx_energy_mj":7, "node_time":565021, "total_sent":37, "total_received":35, "bytes_tx":60, "bytes_rx":12, "r2n_latency":2663, "lqi":100, "rssi":-77, "server_sent":37, "server_received":66, "server_bytes_rx":60, "n2r_latency":2609, "hops":3, "rtt_latency":3501, "root_time_now":567630}
[Mote:1] {"node":"fd00::20d:d:d:d", "cpu_energy_mj":18, "lpm_energy_mj":0, "radio_tx_energy_mj":1, "radio_rx_energy_mj":8, "node_time":566814, "total_sent":47, "total_received":46, "bytes_tx":60, "bytes_rx":12, "r2n_latency":3514, "lqi":100, "rssi":-86, "server_sent":46, "server_received":92, "server_bytes_rx":60, "n2r_latency":886, "hops":1, "rtt_latency":3752, "root_time_now":567700}
[Mote:6] Sensor IPv6 = fe80::206:6:6:6
[Mote:1] {"node":"fd00::206:6:6:6", "cpu_energy_mj":19, "lpm_energy_mj":0, "radio_tx_energy_mj":0, "radio_rx_energy_mj":8, "node_time":568160, "total_sent":49, "total_received":52, "bytes_tx":60, "bytes_rx":12, "r2n_latency":504, "lqi":100, "rssi":-90, "server_sent":52, "server_received":100, "server_bytes_rx":60, "n2r_latency":30, "hops":0, "rtt_latency":392, "root_time_now":568190}
[Mote:15] Not reachable yet
[Mote:2] Not reachable yet
[Mote:19] Not reachable yet
[Mote:18] Not reachable yet
[Mote:4] Sensor IPv6 = fe80::204:4:4:4
[Mote:14] Not reachable yet
[Mote:10] Not reachable yet
[Mote:9] Not reachable yet
[Mote:16] Not reachable yet
[Mote:5] Sensor IPv6 = fe80::205:5:5:5
[Mote:17] Sensor IPv6 = fe80::211:11:11:11
[Mote:12] Not reachable yet
[Mote:3] Sensor IPv6 = fe80::203:3:3:3
[Mote:1] {"node":"fd00::205:5:5:5", "cpu_energy_mj":19, "lpm_energy_mj":0, "radio_tx_energy_mj":1, "radio_rx_energy_mj":8, "node_time":572294, "total_sent":52, "total_received":55, "bytes_tx":60, "bytes_rx":12, "r2n_latency":24, "lqi":100, "rssi":-89, "server_sent":55, "server_received":104, "server_bytes_rx":60, "n2r_latency":3596, "hops":0, "rtt_latency":1716, "root_time_now":575890}
[Mote:1] {"node":"fd00::204:4:4:4", "cpu_energy_mj":19, "lpm_energy_mj":0, "radio_tx_energy_mj":0, "radio_rx_energy_mj":9, "node_time":569975, "total_sent":38, "total_received":38, "bytes_tx":60, "bytes_rx":12, "r2n_latency":3864, "lqi":100, "rssi":-83, "server_sent":42, "server_received":75, "server_bytes_rx":60, "n2r_latency":5985, "hops":2, "rtt_latency":3787, "root_time_now":575960}
[Mote:7] Not reachable yet
[Mote:8] Not reachable yet
[Mote:11] Not reachable yet
[Mote:13] Sensor IPv6 = fe80::20d:d:d:d
[Mote:1] {"node":"fd00::203:3:3:3", "cpu_energy_mj":18, "lpm_energy_mj":0, "radio_tx_energy_mj":0, "radio_rx_energy_mj":8, "node_time":575285, "total_sent":38, "total_received":37, "bytes_tx":60, "bytes_rx":12, "r2n_latency":4154, "lqi":100, "rssi":-77, "server_sent":38, "server_received":69, "server_bytes_rx":60, "n2r_latency":1795, "hops":3, "rtt_latency":3407, "root_time_now":577080}
[Mote:1] {"node":"fd00::20d:d:d:d", "cpu_energy_mj":18, "lpm_energy_mj":0, "radio_tx_energy_mj":1, "radio_rx_energy_mj":7, "node_time":576928, "total_sent":48, "total_received":47, "bytes_tx":60, "bytes_rx":12, "r2n_latency":3034, "lqi":100, "rssi":-86, "server_sent":47, "server_received":94, "server_bytes_rx":60, "n2r_latency":432, "hops":1, "rtt_latency":3197, "root_time_now":577360}
[Mote:15] Not reachable yet
[Mote:2] Not reachable yet
[Mote:6] Sensor IPv6 = fe80::206:6:6:6
[Mote:1] {"node":"fd00::206:6:6:6", "cpu_energy_mj":19, "lpm_energy_mj":0, "radio_tx_energy_mj":0, "radio_rx_energy_mj":8, "node_time":579092, "total_sent":50, "total_received":53, "bytes_tx":60, "bytes_rx":12, "r2n_latency":794, "lqi":100, "rssi":-90, "server_sent":53, "server_received":102, "server_bytes_rx":60, "n2r_latency":18, "hops":0, "rtt_latency":537, "root_time_now":579110}
[Mote:19] Not reachable yet
[Mote:18] Not reachable yet
[Mote:4] Sensor IPv6 = fe80::204:4:4:4
[Mote:10] Not reachable yet
[Mote:14] Not reachable yet
[Mote:9] Not reachable yet
[Mote:16] Not reachable yet
[Mote:17] Sensor IPv6 = fe80::211:11:11:11
[Mote:5] Sensor IPv6 = fe80::205:5:5:5
[Mote:1] {"node":"fd00::211:11:11:11", "cpu_energy_mj":18, "lpm_energy_mj":0, "radio_tx_energy_mj":0, "radio_rx_energy_mj":9, "node_time":562511, "total_sent":29, "total_received":23, "bytes_tx":60, "bytes_rx":12, "r2n_latency":6093, "lqi":100, "rssi":-67, "server_sent":28, "server_received":44, "server_bytes_rx":60, "n2r_latency":21779, "hops":4, "rtt_latency":4376, "root_time_now":584290}
[Mote:1] {"node":"fd00::211:11:11:11", "cpu_energy_mj":18, "lpm_energy_mj":0, "radio_tx_energy_mj":0, "radio_rx_energy_mj":8, "node_time":572731, "total_sent":30, "total_received":23, "bytes_tx":60, "bytes_rx":12, "r2n_latency":6093, "lqi":100, "rssi":-67, "server_sent":28, "server_received":45, "server_bytes_rx":60, "n2r_latency":11839, "hops":4, "rtt_latency":4376, "root_time_now":584570}
[Mote:1] {"node":"fd00::205:5:5:5", "cpu_energy_mj":19, "lpm_energy_mj":0, "radio_tx_energy_mj":1, "radio_rx_energy_mj":8, "node_time":583086, "total_sent":53, "total_received":56, "bytes_tx":60, "bytes_rx":12, "r2n_latency":34, "lqi":100, "rssi":-89, "server_sent":56, "server_received":106, "server_bytes_rx":60, "n2r_latency":1694, "hops":0, "rtt_latency":2117, "root_time_now":584780}
[Mote:12] Not reachable yet
[Mote:3] Sensor IPv6 = fe80::203:3:3:3
[Mote:7] Not reachable yet
[Mote:8] Not reachable yet
[Mote:11] Not reachable yet
[Mote:13] Sensor IPv6 = fe80::20d:d:d:d
[Mote:1] {"node":"fd00::204:4:4:4", "cpu_energy_mj":19, "lpm_energy_mj":0, "radio_tx_energy_mj":1, "radio_rx_energy_mj":9, "node_time":580529, "total_sent":39, "total_received":39, "bytes_tx":60, "bytes_rx":12, "r2n_latency":3454, "lqi":100, "rssi":-83, "server_sent":43, "server_received":77, "server_bytes_rx":60, "n2r_latency":6701, "hops":2, "rtt_latency":3337, "root_time_now":587230}
[Mote:1] {"node":"fd00::211:11:11:11", "cpu_energy_mj":18, "lpm_energy_mj":0, "radio_tx_energy_mj":0, "radio_rx_energy_mj":8, "node_time":582951, "total_sent":31, "total_received":25, "bytes_tx":60, "bytes_rx":12, "r2n_latency":7724, "lqi":100, "rssi":-82, "server_sent":28, "server_received":48, "server_bytes_rx":60, "n2r_latency":4769, "hops":4, "rtt_latency":7362, "root_time_now":587720}
[Mote:15] Not reachable yet
[Mote:2] Not reachable yet
[Mote:1] {"node":"fd00::20d:d:d:d", "cpu_energy_mj":18, "lpm_energy_mj":0, "radio_tx_energy_mj":1, "radio_rx_energy_mj":7, "node_time":587040, "total_sent":49, "total_received":48, "bytes_tx":60, "bytes_rx":12, "r2n_latency":2764, "lqi":100, "rssi":-86, "server_sent":48, "server_received":96, "server_bytes_rx":60, "n2r_latency":2570, "hops":1, "rtt_latency":3692, "root_time_now":589610}
[Mote:6] Sensor IPv6 = fe80::206:6:6:6
[Mote:19] Not reachable yet
[Mote:18] Not reachable yet
[Mote:10] Not reachable yet
[Mote:4] Sensor IPv6 = fe80::204:4:4:4
[Mote:14] Not reachable yet
[Mote:16] Not reachable yet
[Mote:9] Not reachable yet
[Mote:1] {"node":"fd00::206:6:6:6", "cpu_energy_mj":19, "lpm_energy_mj":0, "radio_tx_energy_mj":1, "radio_rx_energy_mj":8, "node_time":590021, "total_sent":51, "total_received":54, "bytes_tx":60, "bytes_rx":12, "r2n_latency":594, "lqi":100, "rssi":-90, "server_sent":55, "server_received":104, "server_bytes_rx":60, "n2r_latency":2599, "hops":0, "rtt_latency":437, "root_time_now":592620}
[Mote:17] Sensor IPv6 = fe80::211:11:11:11
[Mote:1] {"node":"fd00::203:3:3:3", "cpu_energy_mj":18, "lpm_energy_mj":0, "radio_tx_energy_mj":1, "radio_rx_energy_mj":8, "node_time":585550, "total_sent":39, "total_received":38, "bytes_tx":60, "bytes_rx":12, "r2n_latency":4304, "lqi":100, "rssi":-77, "server_sent":40, "server_received":71, "server_bytes_rx":60, "n2r_latency":7980, "hops":3, "rtt_latency":4182, "root_time_now":593530}
[Mote:5] Sensor IPv6 = fe80::205:5:5:5
[Mote:1] {"node":"fd00::205:5:5:5", "cpu_energy_mj":19, "lpm_energy_mj":0, "radio_tx_energy_mj":2, "radio_rx_energy_mj":7, "node_time":593879, "total_sent":54, "total_received":57, "bytes_tx":60, "bytes_rx":12, "r2n_latency":744, "lqi":100, "rssi":-89, "server_sent":57, "server_received":108, "server_bytes_rx":60, "n2r_latency":701, "hops":0, "rtt_latency":1807, "root_time_now":594580}
[Mote:1] {"node":"fd00::204:4:4:4", "cpu_energy_mj":19, "lpm_energy_mj":0, "radio_tx_energy_mj":1, "radio_rx_energy_mj":8, "node_time":591086, "total_sent":40, "total_received":40, "bytes_tx":60, "bytes_rx":12, "r2n_latency":3884, "lqi":100, "rssi":-83, "server_sent":44, "server_received":79, "server_bytes_rx":60, "n2r_latency":3844, "hops":2, "rtt_latency":3972, "root_time_now":594930}
[Mote:3] Sensor IPv6 = fe80::203:3:3:3
[Mote:1] {"node":"fd00::211:11:11:11", "cpu_energy_mj":18, "lpm_energy_mj":0, "radio_tx_energy_mj":0, "radio_rx_energy_mj":8, "node_time":593171, "total_sent":32, "total_received":26, "bytes_tx":60, "bytes_rx":12, "r2n_latency":5144, "lqi":100, "rssi":-66, "server_sent":29, "server_received":50, "server_bytes_rx":60, "n2r_latency":2809, "hops":4, "rtt_latency":4357, "root_time_now":595980}
[Mote:12] Not reachable yet
[Mote:11] Not reachable yet
[Mote:7] Not reachable yet
[Mote:13] Sensor IPv6 = fe80::20d:d:d:d
[Mote:8] Not reachable yet
[Mote:1] {"node":"fd00::20d:d:d:d", "cpu_energy_mj":18, "lpm_energy_mj":0, "radio_tx_energy_mj":2, "radio_rx_energy_mj":7, "node_time":597154, "total_sent":50, "total_received":49, "bytes_tx":60, "bytes_rx":12, "r2n_latency":2214, "lqi":100, "rssi":-86, "server_sent":49, "server_received":98, "server_bytes_rx":60, "n2r_latency":86, "hops":1, "rtt_latency":2822, "root_time_now":597240}
[Mote:1] {"node":"fd00::203:3:3:3", "cpu_energy_mj":18, "lpm_energy_mj":0, "radio_tx_energy_mj":0, "radio_rx_energy_mj":8, "node_time":595814, "total_sent":40, "total_received":39, "bytes_tx":60, "bytes_rx":12, "r2n_latency":4804, "lqi":100, "rssi":-77, "server_sent":40, "server_received":73, "server_bytes_rx":60, "n2r_latency":3246, "hops":3, "rtt_latency":4012, "root_time_now":599060}
[Mote:15] Not reachable yet
[Mote:2] Not reachable yet
[Mote:6] Sensor IPv6 = fe80::206:6:6:6
[Mote:10] Not reachable yet
[Mote:18] Not reachable yet
[Mote:19] Not reachable yet
[Mote:4] Sensor IPv6 = fe80::204:4:4:4
[Mote:1] {"node":"fd00::206:6:6:6", "cpu_energy_mj":19, "lpm_energy_mj":0, "radio_tx_energy_mj":0, "radio_rx_energy_mj":8, "node_time":600951, "total_sent":52, "total_received":55, "bytes_tx":60, "bytes_rx":12, "r2n_latency":184, "lqi":100, "rssi":-90, "server_sent":56, "server_received":106, "server_bytes_rx":60, "n2r_latency":839, "hops":0, "rtt_latency":1422, "root_time_now":601790}
[Mote:16] Not reachable yet
[Mote:14] Not reachable yet
[Mote:9] Not reachable yet
[Mote:17] Sensor IPv6 = fe80::211:11:11:11
[Mote:5] Sensor IPv6 = fe80::205:5:5:5
[Mote:1] {"node":"fd00::205:5:5:5", "cpu_energy_mj":19, "lpm_energy_mj":0, "radio_tx_energy_mj":2, "radio_rx_energy_mj":7, "node_time":604670, "total_sent":55, "total_received":58, "bytes_tx":60, "bytes_rx":12, "r2n_latency":54, "lqi":100, "rssi":-89, "server_sent":58, "server_received":110, "server_bytes_rx":60, "n2r_latency":130, "hops":0, "rtt_latency":1917, "root_time_now":604800}
[Mote:1] {"node":"fd00::204:4:4:4", "cpu_energy_mj":19, "lpm_energy_mj":0, "radio_tx_energy_mj":1, "radio_rx_energy_mj":8, "node_time":601642, "total_sent":41, "total_received":42, "bytes_tx":60, "bytes_rx":12, "r2n_latency":1594, "lqi":100, "rssi":-83, "server_sent":45, "server_received":82, "server_bytes_rx":60, "n2r_latency":4068, "hops":2, "rtt_latency":2477, "root_time_now":605710}
[Mote:3] Sensor IPv6 = fe80::203:3:3:3
[Mote:12] Not reachable yet
[Mote:11] Not reachable yet
[Mote:13] Sensor IPv6 = fe80::20d:d:d:d
[Mote:1] {"node":"fd00::211:11:11:11", "cpu_energy_mj":18, "lpm_energy_mj":0, "radio_tx_energy_mj":0, "radio_rx_energy_mj":8, "node_time":603391, "total_sent":33, "total_received":28, "bytes_tx":60, "bytes_rx":12, "r2n_latency":3344, "lqi":100, "rssi":-93, "server_sent":30, "server_received":53, "server_bytes_rx":60, "n2r_latency":4209, "hops":4, "rtt_latency":3387, "root_time_now":607600}
[Mote:7] Not reachable yet
[Mote:8] Not reachable yet
[Mote:1] {"node":"fd00::203:3:3:3", "cpu_energy_mj":18, "lpm_energy_mj":0, "radio_tx_energy_mj":0, "radio_rx_energy_mj":8, "node_time":606076, "total_sent":41, "total_received":40, "bytes_tx":60, "bytes_rx":12, "r2n_latency":2924, "lqi":100, "rssi":-77, "server_sent":41, "server_received":75, "server_bytes_rx":60, "n2r_latency":1734, "hops":3, "rtt_latency":3247, "root_time_now":607810}
[Mote:1] {"node":"fd00::20d:d:d:d", "cpu_energy_mj":18, "lpm_energy_mj":0, "radio_tx_energy_mj":1, "radio_rx_energy_mj":7, "node_time":607267, "total_sent":51, "total_received":50, "bytes_tx":60, "bytes_rx":12, "r2n_latency":894, "lqi":100, "rssi":-86, "server_sent":50, "server_received":100, "server_bytes_rx":60, "n2r_latency":683, "hops":1, "rtt_latency":2372, "root_time_now":607950}
[Mote:15] Not reachable yet
[Mote:2] Not reachable yet
[Mote:10] Not reachable yet
[Mote:18] Not reachable yet
[Mote:6] Sensor IPv6 = fe80::206:6:6:6
[Mote:16] Not reachable yet
[Mote:4] Sensor IPv6 = fe80::204:4:4:4
[Mote:19] Not reachable yet
[Mote:1] {"node":"fd00::206:6:6:6", "cpu_energy_mj":19, "lpm_energy_mj":0, "radio_tx_energy_mj":1, "radio_rx_energy_mj":8, "node_time":611877, "total_sent":53, "total_received":57, "bytes_tx":60, "bytes_rx":12, "r2n_latency":344, "lqi":100, "rssi":-90, "server_sent":57, "server_received":109, "server_bytes_rx":60, "n2r_latency":693, "hops":0, "rtt_latency":627, "root_time_now":612570}
[Mote:9] Not reachable yet
[Mote:14] Not reachable yet
[Mote:17] Sensor IPv6 = fe80::211:11:11:11
[Mote:1] {"node":"fd00::204:4:4:4", "cpu_energy_mj":19, "lpm_energy_mj":0, "radio_tx_energy_mj":1, "radio_rx_energy_mj":8, "node_time":612198, "total_sent":42, "total_received":42, "bytes_tx":60, "bytes_rx":12, "r2n_latency":1594, "lqi":100, "rssi":-83, "server_sent":46, "server_received":83, "server_bytes_rx":60, "n2r_latency":2122, "hops":2, "rtt_latency":2477, "root_time_now":614320}
[Mote:1] {"node":"fd00::211:11:11:11", "cpu_energy_mj":18, "lpm_energy_mj":0, "radio_tx_energy_mj":0, "radio_rx_energy_mj":8, "node_time":613611, "total_sent":34, "total_received":28, "bytes_tx":60, "bytes_rx":12, "r2n_latency":3344, "lqi":100, "rssi":-93, "server_sent":31, "server_received":54, "server_bytes_rx":60, "n2r_latency":1059, "hops":4, "rtt_latency":3387, "root_time_now":614670}
[Mote:5] Sensor IPv6 = fe80::205:5:5:5
[Mote:1] {"node":"fd00::205:5:5:5", "cpu_energy_mj":19, "lpm_energy_mj":0, "radio_tx_energy_mj":2, "radio_rx_energy_mj":7, "node_time":615461, "total_sent":56, "total_received":59, "bytes_tx":60, "bytes_rx":12, "r2n_latency":204, "lqi":100, "rssi":-89, "server_sent":59, "server_received":112, "server_bytes_rx":60, "n2r_latency":329, "hops":0, "rtt_latency":592, "root_time_now":615790}
[Mote:3] Sensor IPv6 = fe80::203:3:3:3
[Mote:1] {"node":"fd00::203:3:3:3", "cpu_energy_mj":18, "lpm_energy_mj":0, "radio_tx_energy_mj":0, "radio_rx_energy_mj":8, "node_time":616342, "total_sent":42, "total_received":41, "bytes_tx":60, "bytes_rx":12, "r2n_latency":5104, "lqi":100, "rssi":-77, "server_sent":42, "server_received":77, "server_bytes_rx":60, "n2r_latency":708, "hops":3, "rtt_latency":2762, "root_time_now":617050}
[Mote:11] Not reachable yet
[Mote:13] Sensor IPv6 = fe80::20d:d:d:d
[Mote:1] {"node":"fd00::20d:d:d:d", "cpu_energy_mj":18, "lpm_energy_mj":0, "radio_tx_energy_mj":1, "radio_rx_energy_mj":7, "node_time":617378, "total_sent":52, "total_received":51, "bytes_tx":60, "bytes_rx":12, "r2n_latency":2164, "lqi":100, "rssi":-86, "server_sent":51, "server_received":102, "server_bytes_rx":60, "n2r_latency":92, "hops":1, "rtt_latency":1327, "root_time_now":617470}
[Mote:12] Not reachable yet
[Mote:7] Not reachable yet
[Mote:8] Not reachable yet
[Mote:15] Not reachable yet
[Mote:2] Not reachable yet
[Mote:10] Not reachable yet
[Mote:16] Sensor IPv6 = fe80::210:10:10:10
[Mote:18] Not reachable yet
[Mote:4] Sensor IPv6 = fe80::204:4:4:4
[Mote:6] Sensor IPv6 = fe80::206:6:6:6
[Mote:19] Not reachable yet
[Mote:1] {"node":"fd00::206:6:6:6", "cpu_energy_mj":19, "lpm_energy_mj":0, "radio_tx_energy_mj":0, "radio_rx_energy_mj":8, "node_time":622805, "total_sent":54, "total_received":58, "bytes_tx":60, "bytes_rx":12, "r2n_latency":214, "lqi":100, "rssi":-90, "server_sent":58, "server_received":111, "server_bytes_rx":60, "n2r_latency":615, "hops":0, "rtt_latency":1612, "root_time_now":623420}
[Mote:17] Sensor IPv6 = fe80::211:11:11:11
[Mote:9] Not reachable yet
[Mote:14] Not reachable yet
[Mote:5] Sensor IPv6 = fe80::205:5:5:5
[Mote:1] {"node":"fd00::205:5:5:5", "cpu_energy_mj":19, "lpm_energy_mj":0, "radio_tx_energy_mj":1, "radio_rx_energy_mj":7, "node_time":626254, "total_sent":57, "total_received":60, "bytes_tx":60, "bytes_rx":12, "r2n_latency":74, "lqi":100, "rssi":-89, "server_sent":60, "server_received":114, "server_bytes_rx":60, "n2r_latency":36, "hops":0, "rtt_latency":1192, "root_time_now":626290}
[Mote:1] {"node":"fd00::210:10:10:10", "cpu_energy_mj":830, "lpm_energy_mj":0, "radio_tx_energy_mj":20, "radio_rx_energy_mj":791, "node_time":622122, "total_sent":11, "total_received":24, "bytes_tx":60, "bytes_rx":12, "r2n_latency":844, "lqi":100, "rssi":-83, "server_sent":56, "server_received":17, "server_bytes_rx":60, "n2r_latency":4378, "hops":2, "rtt_latency":2837, "root_time_now":626500}
[Mote:3] Sensor IPv6 = fe80::203:3:3:3
[Mote:1] {"node":"fd00::204:4:4:4", "cpu_energy_mj":19, "lpm_energy_mj":0, "radio_tx_energy_mj":1, "radio_rx_energy_mj":8, "node_time":622755, "total_sent":43, "total_received":43, "bytes_tx":60, "bytes_rx":12, "r2n_latency":3564, "lqi":100, "rssi":-83, "server_sent":47, "server_received":85, "server_bytes_rx":60, "n2r_latency":4025, "hops":2, "rtt_latency":2237, "root_time_now":626780}
[Mote:1] {"node":"fd00::211:11:11:11", "cpu_energy_mj":18, "lpm_energy_mj":0, "radio_tx_energy_mj":0, "radio_rx_energy_mj":8, "node_time":623832, "total_sent":35, "total_received":29, "bytes_tx":60, "bytes_rx":12, "r2n_latency":5804, "lqi":100, "rssi":-93, "server_sent":32, "server_received":56, "server_bytes_rx":60, "n2r_latency":3438, "hops":4, "rtt_latency":3217, "root_time_now":627270}
[Mote:11] Not reachable yet
[Mote:13] Sensor IPv6 = fe80::20d:d:d:d
[Mote:1] {"node":"fd00::20d:d:d:d", "cpu_energy_mj":18, "lpm_energy_mj":0, "radio_tx_energy_mj":1, "radio_rx_energy_mj":7, "node_time":627491, "total_sent":53, "total_received":52, "bytes_tx":60, "bytes_rx":12, "r2n_latency":1544, "lqi":100, "rssi":-86, "server_sent":52, "server_received":104, "server_bytes_rx":60, "n2r_latency":969, "hops":1, "rtt_latency":3047, "root_time_now":628460}
[Mote:12] Not reachable yet
[Mote:7] Not reachable yet
[Mote:8] Not reachable yet
[Mote:1] {"node":"fd00::203:3:3:3", "cpu_energy_mj":18, "lpm_energy_mj":0, "radio_tx_energy_mj":0, "radio_rx_energy_mj":8, "node_time":626606, "total_sent":43, "total_received":42, "bytes_tx":60, "bytes_rx":12, "r2n_latency":4274, "lqi":100, "rssi":-77, "server_sent":43, "server_received":79, "server_bytes_rx":60, "n2r_latency":2344, "hops":3, "rtt_latency":3747, "root_time_now":628950}
[Mote:15] Not reachable yet
[Mote:2] Not reachable yet
[Mote:10] Not reachable yet
[Mote:16] Sensor IPv6 = fe80::210:10:10:10
[Mote:18] Not reachable yet
[Mote:4] Sensor IPv6 = fe80::204:4:4:4
[Mote:6] Sensor IPv6 = fe80::206:6:6:6
[Mote:1] {"node":"fd00::206:6:6:6", "cpu_energy_mj":19, "lpm_energy_mj":0, "radio_tx_energy_mj":0, "radio_rx_energy_mj":8, "node_time":633734, "total_sent":55, "total_received":59, "bytes_tx":60, "bytes_rx":12, "r2n_latency":155, "lqi":100, "rssi":-90, "server_sent":59, "server_received":113, "server_bytes_rx":60, "n2r_latency":186, "hops":0, "rtt_latency":217, "root_time_now":633920}
[Mote:17] Sensor IPv6 = fe80::211:11:11:11
[Mote:19] Not reachable yet
[Mote:1] {"node":"fd00::204:4:4:4", "cpu_energy_mj":19, "lpm_energy_mj":0, "radio_tx_energy_mj":1, "radio_rx_energy_mj":8, "node_time":633309, "total_sent":44, "total_received":44, "bytes_tx":60, "bytes_rx":12, "r2n_latency":2874, "lqi":100, "rssi":-83, "server_sent":48, "server_received":87, "server_bytes_rx":60, "n2r_latency":891, "hops":2, "rtt_latency":3467, "root_time_now":634200}
[Mote:9] Not reachable yet
[Mote:14] Not reachable yet
[Mote:1] {"node":"fd00::211:11:11:11", "cpu_energy_mj":18, "lpm_energy_mj":0, "radio_tx_energy_mj":0, "radio_rx_energy_mj":8, "node_time":634054, "total_sent":36, "total_received":30, "bytes_tx":60, "bytes_rx":12, "r2n_latency":4694, "lqi":100, "rssi":-93, "server_sent":33, "server_received":58, "server_bytes_rx":60, "n2r_latency":1966, "hops":4, "rtt_latency":4062, "root_time_now":636020}
[Mote:3] Sensor IPv6 = fe80::203:3:3:3
[Mote:5] Sensor IPv6 = fe80::205:5:5:5
[Mote:1] {"node":"fd00::205:5:5:5", "cpu_energy_mj":19, "lpm_energy_mj":0, "radio_tx_energy_mj":2, "radio_rx_energy_mj":7, "node_time":637046, "total_sent":58, "total_received":61, "bytes_tx":60, "bytes_rx":12, "r2n_latency":15, "lqi":100, "rssi":-89, "server_sent":61, "server_received":116, "server_bytes_rx":60, "n2r_latency":94, "hops":0, "rtt_latency":1162, "root_time_now":637140}
[Mote:1] {"node":"fd00::203:3:3:3", "cpu_energy_mj":18, "lpm_energy_mj":0, "radio_tx_energy_mj":0, "radio_rx_energy_mj":8, "node_time":636870, "total_sent":44, "total_received":43, "bytes_tx":60, "bytes_rx":12, "r2n_latency":5335, "lqi":100, "rssi":-77, "server_sent":44, "server_received":81, "server_bytes_rx":60, "n2r_latency":620, "hops":3, "rtt_latency":3122, "root_time_now":637490}
[Mote:11] Not reachable yet
[Mote:13] Sensor IPv6 = fe80::20d:d:d:d
[Mote:1] {"node":"fd00::20d:d:d:d", "cpu_energy_mj":18, "lpm_energy_mj":0, "radio_tx_energy_mj":1, "radio_rx_energy_mj":7, "node_time":637604, "total_sent":54, "total_received":53, "bytes_tx":60, "bytes_rx":12, "r2n_latency":1345, "lqi":100, "rssi":-86, "server_sent":53, "server_received":106, "server_bytes_rx":60, "n2r_latency":96, "hops":1, "rtt_latency":1267, "root_time_now":637700}
[Mote:7] Not reachable yet
[Mote:8] Not reachable yet
[Mote:12] Not reachable yet
[Mote:10] Not reachable yet
[Mote:15] Not reachable yet
[Mote:16] Not reachable yet
[Mote:2] Not reachable yet
[Mote:18] Not reachable yet
[Mote:4] Sensor IPv6 = fe80::204:4:4:4
[Mote:17] Sensor IPv6 = fe80::211:11:11:11
[Mote:6] Sensor IPv6 = fe80::206:6:6:6
[Mote:1] {"node":"fd00::206:6:6:6", "cpu_energy_mj":19, "lpm_energy_mj":0, "radio_tx_energy_mj":0, "radio_rx_energy_mj":8, "node_time":644663, "total_sent":56, "total_received":60, "bytes_tx":60, "bytes_rx":12, "r2n_latency":164, "lqi":100, "rssi":-90, "server_sent":60, "server_received":115, "server_bytes_rx":60, "n2r_latency":247, "hops":0, "rtt_latency":467, "root_time_now":644910}
[Mote:19] Not reachable yet
[Mote:9] Not reachable yet
[Mote:14] Not reachable yet
[Mote:1] {"node":"fd00::204:4:4:4", "cpu_energy_mj":19, "lpm_energy_mj":0, "radio_tx_energy_mj":1, "radio_rx_energy_mj":8, "node_time":643867, "total_sent":45, "total_received":46, "bytes_tx":60, "bytes_rx":12, "r2n_latency":3594, "lqi":100, "rssi":-83, "server_sent":49, "server_received":90, "server_bytes_rx":60, "n2r_latency":2163, "hops":2, "rtt_latency":2987, "root_time_now":646030}
[Mote:1] {"node":"fd00::211:11:11:11", "cpu_energy_mj":18, "lpm_energy_mj":0, "radio_tx_energy_mj":0, "radio_rx_energy_mj":8, "node_time":644274, "total_sent":37, "total_received":31, "bytes_tx":60, "bytes_rx":12, "r2n_latency":6035, "lqi":100, "rssi":-93, "server_sent":34, "server_received":60, "server_bytes_rx":60, "n2r_latency":1896, "hops":4, "rtt_latency":3542, "root_time_now":646170}
[Mote:3] Sensor IPv6 = fe80::203:3:3:3
[Mote:1] {"node":"fd00::203:3:3:3", "cpu_energy_mj":18, "lpm_energy_mj":0, "radio_tx_energy_mj":0, "radio_rx_energy_mj":8, "node_time":647136, "total_sent":45, "total_received":43, "bytes_tx":60, "bytes_rx":12, "r2n_latency":5335, "lqi":100, "rssi":-77, "server_sent":45, "server_received":82, "server_bytes_rx":60, "n2r_latency":504, "hops":3, "rtt_latency":3122, "root_time_now":647640}
[Mote:11] Not reachable yet
[Mote:13] Sensor IPv6 = fe80::20d:d:d:d
[Mote:5] Sensor IPv6 = fe80::205:5:5:5
[Mote:1] {"node":"fd00::20d:d:d:d", "cpu_energy_mj":18, "lpm_energy_mj":0, "radio_tx_energy_mj":1, "radio_rx_energy_mj":7, "node_time":647717, "total_sent":55, "total_received":54, "bytes_tx":60, "bytes_rx":12, "r2n_latency":2054, "lqi":100, "rssi":-86, "server_sent":54, "server_received":108, "server_bytes_rx":60, "n2r_latency":133, "hops":1, "rtt_latency":2952, "root_time_now":647850}
[Mote:1] {"node":"fd00::205:5:5:5", "cpu_energy_mj":19, "lpm_energy_mj":0, "radio_tx_energy_mj":2, "radio_rx_energy_mj":7, "node_time":647836, "total_sent":59, "total_received":62, "bytes_tx":60, "bytes_rx":12, "r2n_latency":24, "lqi":100, "rssi":-89, "server_sent":62, "server_received":118, "server_bytes_rx":60, "n2r_latency":84, "hops":0, "rtt_latency":747, "root_time_now":647920}
[Mote:7] Not reachable yet
[Mote:8] Not reachable yet
[Mote:12] Not reachable yet
[Mote:10] Not reachable yet
[Mote:16] Not reachable yet
[Mote:15] Not reachable yet
[Mote:2] Not reachable yet
[Mote:18] Not reachable yet
[Mote:4] Sensor IPv6 = fe80::204:4:4:4
[Mote:17] Sensor IPv6 = fe80::211:11:11:11
[Mote:1] {"node":"fd00::204:4:4:4", "cpu_energy_mj":19, "lpm_energy_mj":0, "radio_tx_energy_mj":1, "radio_rx_energy_mj":8, "node_time":654425, "total_sent":46, "total_received":46, "bytes_tx":60, "bytes_rx":12, "r2n_latency":3594, "lqi":100, "rssi":-83, "server_sent":50, "server_received":91, "server_bytes_rx":60, "n2r_latency":355, "hops":2, "rtt_latency":2987, "root_time_now":654780}
[Mote:6] Sensor IPv6 = fe80::206:6:6:6
[Mote:1] {"node":"fd00::206:6:6:6", "cpu_energy_mj":19, "lpm_energy_mj":0, "radio_tx_energy_mj":0, "radio_rx_energy_mj":8, "node_time":655592, "total_sent":57, "total_received":61, "bytes_tx":60, "bytes_rx":12, "r2n_latency":244, "lqi":100, "rssi":-90, "server_sent":61, "server_received":117, "server_bytes_rx":60, "n2r_latency":28, "hops":0, "rtt_latency":437, "root_time_now":655620}
[Mote:9] Not reachable yet
[Mote:19] Not reachable yet
[Mote:1] {"node":"fd00::211:11:11:11", "cpu_energy_mj":18, "lpm_energy_mj":0, "radio_tx_energy_mj":0, "radio_rx_energy_mj":8, "node_time":654494, "total_sent":38, "total_received":32, "bytes_tx":60, "bytes_rx":12, "r2n_latency":8564, "lqi":100, "rssi":-73, "server_sent":35, "server_received":62, "server_bytes_rx":60, "n2r_latency":1616, "hops":4, "rtt_latency":4457, "root_time_now":656110}
[Mote:14] Not reachable yet
[Mote:3] Sensor IPv6 = fe80::203:3:3:3
[Mote:11] Not reachable yet
[Mote:13] Sensor IPv6 = fe80::20d:d:d:d
[Mote:1] {"node":"fd00::20d:d:d:d", "cpu_energy_mj":18, "lpm_energy_mj":0, "radio_tx_energy_mj":1, "radio_rx_energy_mj":7, "node_time":657831, "total_sent":56, "total_received":55, "bytes_tx":60, "bytes_rx":12, "r2n_latency":3534, "lqi":100, "rssi":-86, "server_sent":55, "server_received":110, "server_bytes_rx":60, "n2r_latency":99, "hops":1, "rtt_latency":2222, "root_time_now":657930}
[Mote:5] Sensor IPv6 = fe80::205:5:5:5
[Mote:1] {"node":"fd00::203:3:3:3", "cpu_energy_mj":18, "lpm_energy_mj":0, "radio_tx_energy_mj":0, "radio_rx_energy_mj":8, "node_time":657396, "total_sent":46, "total_received":44, "bytes_tx":60, "bytes_rx":12, "r2n_latency":7794, "lqi":100, "rssi":-77, "server_sent":46, "server_received":84, "server_bytes_rx":60, "n2r_latency":1304, "hops":3, "rtt_latency":4317, "root_time_now":658700}
[Mote:1] {"node":"fd00::205:5:5:5", "cpu_energy_mj":19, "lpm_energy_mj":0, "radio_tx_energy_mj":1, "radio_rx_energy_mj":7, "node_time":658630, "total_sent":60, "total_received":63, "bytes_tx":60, "bytes_rx":12, "r2n_latency":34, "lqi":100, "rssi":-89, "server_sent":63, "server_received":120, "server_bytes_rx":60, "n2r_latency":140, "hops":0, "rtt_latency":2082, "root_time_now":658770}
[Mote:7] Not reachable yet
[Mote:8] Not reachable yet
[Mote:12] Sensor IPv6 = fe80::20c:c:c:c
[Mote:16] Not reachable yet
[Mote:10] Not reachable yet
[Mote:15] Not reachable yet
[Mote:2] Not reachable yet
[Mote:18] Not reachable yet
[Mote:17] Sensor IPv6 = fe80::211:11:11:11
[Mote:4] Sensor IPv6 = fe80::204:4:4:4
[Mote:1] {"node":"fd00::20c:c:c:c", "cpu_energy_mj":350, "lpm_energy_mj":0, "radio_tx_energy_mj":1, "radio_rx_energy_mj":977, "node_time":661010, "total_sent":20, "total_received":53, "bytes_tx":60, "bytes_rx":12, "r2n_latency":464, "lqi":100, "rssi":-72, "server_sent":62, "server_received":41, "server_bytes_rx":60, "n2r_latency":4410, "hops":1, "rtt_latency":1002, "root_time_now":665420}
[Mote:9] Not reachable yet
[Mote:6] Sensor IPv6 = fe80::206:6:6:6
[Mote:1] {"node":"fd00::206:6:6:6", "cpu_energy_mj":19, "lpm_energy_mj":0, "radio_tx_energy_mj":0, "radio_rx_energy_mj":8, "node_time":666522, "total_sent":58, "total_received":62, "bytes_tx":60, "bytes_rx":12, "r2n_latency":184, "lqi":100, "rssi":-90, "server_sent":62, "server_received":119, "server_bytes_rx":60, "n2r_latency":18, "hops":0, "rtt_latency":2262, "root_time_now":666540}
[Mote:1] {"node":"fd00::211:11:11:11", "cpu_energy_mj":18, "lpm_energy_mj":0, "radio_tx_energy_mj":0, "radio_rx_energy_mj":8, "node_time":664712, "total_sent":39, "total_received":33, "bytes_tx":60, "bytes_rx":12, "r2n_latency":8644, "lqi":100, "rssi":-42, "server_sent":36, "server_received":63, "server_bytes_rx":60, "n2r_latency":1968, "hops":4, "rtt_latency":4457, "root_time_now":666680}
[Mote:19] Not reachable yet
[Mote:1] {"node":"fd00::204:4:4:4", "cpu_energy_mj":19, "lpm_energy_mj":0, "radio_tx_energy_mj":1, "radio_rx_energy_mj":7, "node_time":664978, "total_sent":47, "total_received":48, "bytes_tx":60, "bytes_rx":12, "r2n_latency":3684, "lqi":100, "rssi":-83, "server_sent":51, "server_received":94, "server_bytes_rx":60, "n2r_latency":1982, "hops":2, "rtt_latency":2927, "root_time_now":666960}
[Mote:14] Not reachable yet
[Mote:3] Sensor IPv6 = fe80::203:3:3:3
[Mote:11] Not reachable yet
[Mote:13] Sensor IPv6 = fe80::20d:d:d:d
[Mote:1] {"node":"fd00::20d:d:d:d", "cpu_energy_mj":18, "lpm_energy_mj":0, "radio_tx_energy_mj":1, "radio_rx_energy_mj":7, "node_time":667945, "total_sent":57, "total_received":56, "bytes_tx":60, "bytes_rx":12, "r2n_latency":2634, "lqi":100, "rssi":-86, "server_sent":56, "server_received":112, "server_bytes_rx":60, "n2r_latency":135, "hops":1, "rtt_latency":2857, "root_time_now":668080}
[Mote:5] Sensor IPv6 = fe80::205:5:5:5
[Mote:1] {"node":"fd00::205:5:5:5", "cpu_energy_mj":19, "lpm_energy_mj":0, "radio_tx_energy_mj":1, "radio_rx_energy_mj":7, "node_time":669420, "total_sent":61, "total_received":64, "bytes_tx":60, "bytes_rx":12, "r2n_latency":44, "lqi":100, "rssi":-89, "server_sent":64, "server_received":122, "server_bytes_rx":60, "n2r_latency":60, "hops":0, "rtt_latency":512, "root_time_now":669480}
[Mote:1] {"node":"fd00::203:3:3:3", "cpu_energy_mj":18, "lpm_energy_mj":0, "radio_tx_energy_mj":0, "radio_rx_energy_mj":8, "node_time":667662, "total_sent":47, "total_received":46, "bytes_tx":60, "bytes_rx":12, "r2n_latency":5574, "lqi":100, "rssi":-77, "server_sent":47, "server_received":87, "server_bytes_rx":60, "n2r_latency":2308, "hops":3, "rtt_latency":3837, "root_time_now":669970}
[Mote:7] Not reachable yet
[Mote:8] Not reachable yet
[Mote:12] Sensor IPv6 = fe80::20c:c:c:c
[Mote:16] Not reachable yet
[Mote:10] Not reachable yet
[Mote:15] Not reachable yet
[Mote:2] Not reachable yet
[Mote:17] Sensor IPv6 = fe80::211:11:11:11
[Mote:18] Not reachable yet
[Mote:4] Sensor IPv6 = fe80::204:4:4:4
[Mote:1] {"node":"fd00::204:4:4:4", "cpu_energy_mj":19, "lpm_energy_mj":0, "radio_tx_energy_mj":1, "radio_rx_energy_mj":8, "node_time":675535, "total_sent":48, "total_received":49, "bytes_tx":60, "bytes_rx":12, "r2n_latency":1877, "lqi":100, "rssi":-83, "server_sent":52, "server_received":96, "server_bytes_rx":60, "n2r_latency":175, "hops":2, "rtt_latency":2513, "root_time_now":675710}
[Mote:9] Not reachable yet
[Mote:6] Sensor IPv6 = fe80::206:6:6:6
[Mote:1] {"node":"fd00::206:6:6:6", "cpu_energy_mj":19, "lpm_energy_mj":0, "radio_tx_energy_mj":0, "radio_rx_energy_mj":8, "node_time":677450, "total_sent":59, "total_received":63, "bytes_tx":60, "bytes_rx":12, "r2n_latency":547, "lqi":100, "rssi":-90, "server_sent":63, "server_received":121, "server_bytes_rx":60, "n2r_latency":10, "hops":0, "rtt_latency":728, "root_time_now":677460}
[Mote:19] Not reachable yet
[Mote:3] Sensor IPv6 = fe80::203:3:3:3
[Mote:11] Not reachable yet
[Mote:13] Sensor IPv6 = fe80::20d:d:d:d
[Mote:1] {"node":"fd00::20c:c:c:c", "cpu_energy_mj":19, "lpm_energy_mj":0, "radio_tx_energy_mj":0, "radio_rx_energy_mj":8, "node_time":671843, "total_sent":21, "total_received":54, "bytes_tx":60, "bytes_rx":12, "r2n_latency":477, "lqi":100, "rssi":-72, "server_sent":63, "server_received":43, "server_bytes_rx":60, "n2r_latency":6247, "hops":1, "rtt_latency":3878, "root_time_now":678090}
[Mote:14] Not reachable yet
[Mote:1] {"node":"fd00::203:3:3:3", "cpu_energy_mj":18, "lpm_energy_mj":0, "radio_tx_energy_mj":0, "radio_rx_energy_mj":8, "node_time":677928, "total_sent":48, "total_received":47, "bytes_tx":60, "bytes_rx":12, "r2n_latency":2717, "lqi":100, "rssi":-77, "server_sent":48, "server_received":89, "server_bytes_rx":60, "n2r_latency":512, "hops":3, "rtt_latency":2583, "root_time_now":678440}
[Mote:1] {"node":"fd00::20d:d:d:d", "cpu_energy_mj":18, "lpm_energy_mj":0, "radio_tx_energy_mj":1, "radio_rx_energy_mj":7, "node_time":678056, "total_sent":58, "total_received":57, "bytes_tx":60, "bytes_rx":12, "r2n_latency":967, "lqi":100, "rssi":-86, "server_sent":57, "server_received":114, "server_bytes_rx":60, "n2r_latency":524, "hops":1, "rtt_latency":1428, "root_time_now":678580}
[Mote:5] Sensor IPv6 = fe80::205:5:5:5
[Mote:7] Not reachable yet
[Mote:8] Not reachable yet
[Mote:16] Not reachable yet
[Mote:12] Sensor IPv6 = fe80::20c:c:c:c
[Mote:10] Not reachable yet
[Mote:15] Not reachable yet
[Mote:2] Not reachable yet
[Mote:17] Sensor IPv6 = fe80::211:11:11:11
[Mote:18] Not reachable yet
[Mote:4] Sensor IPv6 = fe80::204:4:4:4
[Mote:1] {"node":"fd00::205:5:5:5", "cpu_energy_mj":19, "lpm_energy_mj":0, "radio_tx_energy_mj":1, "radio_rx_energy_mj":7, "node_time":680214, "total_sent":62, "total_received":66, "bytes_tx":60, "bytes_rx":12, "r2n_latency":64, "lqi":100, "rssi":-89, "server_sent":66, "server_received":125, "server_bytes_rx":60, "n2r_latency":5996, "hops":0, "rtt_latency":1747, "root_time_now":686210}
[Mote:1] {"node":"fd00::20c:c:c:c", "cpu_energy_mj":19, "lpm_energy_mj":0, "radio_tx_energy_mj":0, "radio_rx_energy_mj":8, "node_time":682676, "total_sent":22, "total_received":55, "bytes_tx":60, "bytes_rx":12, "r2n_latency":484, "lqi":100, "rssi":-72, "server_sent":64, "server_received":45, "server_bytes_rx":60, "n2r_latency":3814, "hops":1, "rtt_latency":3182, "root_time_now":686490}
[Mote:1] {"node":"fd00::211:11:11:11", "cpu_energy_mj":18, "lpm_energy_mj":0, "radio_tx_energy_mj":0, "radio_rx_energy_mj":8, "node_time":685152, "total_sent":41, "total_received":34, "bytes_tx":60, "bytes_rx":12, "r2n_latency":6414, "lqi":100, "rssi":-91, "server_sent":38, "server_received":65, "server_bytes_rx":60, "n2r_latency":1478, "hops":4, "rtt_latency":4887, "root_time_now":686630}
[Mote:9] Not reachable yet
[Mote:1] {"node":"fd00::204:4:4:4", "cpu_energy_mj":19, "lpm_energy_mj":0, "radio_tx_energy_mj":0, "radio_rx_energy_mj":8, "node_time":686091, "total_sent":49, "total_received":50, "bytes_tx":60, "bytes_rx":12, "r2n_latency":2864, "lqi":100, "rssi":-83, "server_sent":53, "server_received":98, "server_bytes_rx":60, "n2r_latency":1379, "hops":2, "rtt_latency":3217, "root_time_now":687470}
[Mote:11] Not reachable yet
[Mote:13] Sensor IPv6 = fe80::20d:d:d:d
[Mote:3] Sensor IPv6 = fe80::203:3:3:3
[Mote:1] {"node":"fd00::20d:d:d:d", "cpu_energy_mj":18, "lpm_energy_mj":0, "radio_tx_energy_mj":1, "radio_rx_energy_mj":7, "node_time":688169, "total_sent":59, "total_received":58, "bytes_tx":60, "bytes_rx":12, "r2n_latency":1884, "lqi":100, "rssi":-86, "server_sent":58, "server_received":116, "server_bytes_rx":60, "n2r_latency":141, "hops":1, "rtt_latency":3147, "root_time_now":688310}
[Mote:6] Sensor IPv6 = fe80::206:6:6:6
[Mote:1] {"node":"fd00::206:6:6:6", "cpu_energy_mj":19, "lpm_energy_mj":0, "radio_tx_energy_mj":1, "radio_rx_energy_mj":8, "node_time":688382, "total_sent":60, "total_received":64, "bytes_tx":60, "bytes_rx":12, "r2n_latency":554, "lqi":100, "rssi":-90, "server_sent":64, "server_received":123, "server_bytes_rx":60, "n2r_latency":68, "hops":0, "rtt_latency":557, "root_time_now":688450}
[Mote:1] {"node":"fd00::203:3:3:3", "cpu_energy_mj":18, "lpm_energy_mj":0, "radio_tx_energy_mj":0, "radio_rx_energy_mj":8, "node_time":688190, "total_sent":49, "total_received":48, "bytes_tx":60, "bytes_rx":12, "r2n_latency":4754, "lqi":100, "rssi":-77, "server_sent":49, "server_received":91, "server_bytes_rx":60, "n2r_latency":540, "hops":3, "rtt_latency":3287, "root_time_now":688730}
[Mote:19] Not reachable yet
[Mote:14] Not reachable yet
[Mote:5] Sensor IPv6 = fe80::205:5:5:5
[Mote:7] Not reachable yet
[Mote:8] Not reachable yet
[Mote:16] Not reachable yet
[Mote:10] Not reachable yet
[Mote:12] Sensor IPv6 = fe80::20c:c:c:c
[Mote:1] {"node":"fd00::205:5:5:5", "cpu_energy_mj":19, "lpm_energy_mj":0, "radio_tx_energy_mj":2, "radio_rx_energy_mj":7, "node_time":691006, "total_sent":63, "total_received":67, "bytes_tx":60, "bytes_rx":12, "r2n_latency":354, "lqi":100, "rssi":-89, "server_sent":67, "server_received":127, "server_bytes_rx":60, "n2r_latency":3324, "hops":0, "rtt_latency":1612, "root_time_now":694330}
[Mote:1] {"node":"fd00::20c:c:c:c", "cpu_energy_mj":19, "lpm_energy_mj":0, "radio_tx_energy_mj":0, "radio_rx_energy_mj":9, "node_time":693509, "total_sent":23, "total_received":56, "bytes_tx":60, "bytes_rx":12, "r2n_latency":704, "lqi":100, "rssi":-72, "server_sent":65, "server_received":47, "server_bytes_rx":60, "n2r_latency":1101, "hops":1, "rtt_latency":1647, "root_time_now":694610}
[Mote:15] Not reachable yet
[Mote:2] Not reachable yet
[Mote:17] Sensor IPv6 = fe80::211:11:11:11
[Mote:18] Not reachable yet
[Mote:4] Sensor IPv6 = fe80::204:4:4:4
[Mote:1] {"node":"fd00::211:11:11:11", "cpu_energy_mj":18, "lpm_energy_mj":0, "radio_tx_energy_mj":0, "radio_rx_energy_mj":8, "node_time":695374, "total_sent":42, "total_received":35, "bytes_tx":60, "bytes_rx":12, "r2n_latency":5874, "lqi":100, "rssi":-76, "server_sent":39, "server_received":67, "server_bytes_rx":60, "n2r_latency":2106, "hops":4, "rtt_latency":3357, "root_time_now":697480}
[Mote:1] {"node":"fd00::204:4:4:4", "cpu_energy_mj":19, "lpm_energy_mj":0, "radio_tx_energy_mj":1, "radio_rx_energy_mj":8, "node_time":696645, "total_sent":50, "total_received":51, "bytes_tx":60, "bytes_rx":12, "r2n_latency":2384, "lqi":100, "rssi":-83, "server_sent":54, "server_received":100, "server_bytes_rx":60, "n2r_latency":1185, "hops":2, "rtt_latency":3222, "root_time_now":697830}
[Mote:9] Not reachable yet
[Mote:11] Not reachable yet
[Mote:13] Sensor IPv6 = fe80::20d:d:d:d
[Mote:1] {"node":"fd00::20d:d:d:d", "cpu_energy_mj":18, "lpm_energy_mj":0, "radio_tx_energy_mj":1, "radio_rx_energy_mj":7, "node_time":698282, "total_sent":60, "total_received":59, "bytes_tx":60, "bytes_rx":12, "r2n_latency":1614, "lqi":100, "rssi":-86, "server_sent":59, "server_received":118, "server_bytes_rx":60, "n2r_latency":108, "hops":1, "rtt_latency":2837, "root_time_now":698390}
[Mote:3] Sensor IPv6 = fe80::203:3:3:3
[Mote:1] {"node":"fd00::203:3:3:3", "cpu_energy_mj":18, "lpm_energy_mj":0, "radio_tx_energy_mj":0, "radio_rx_energy_mj":8, "node_time":698454, "total_sent":50, "total_received":49, "bytes_tx":60, "bytes_rx":12, "r2n_latency":3294, "lqi":100, "rssi":-77, "server_sent":50, "server_received":93, "server_bytes_rx":60, "n2r_latency":426, "hops":3, "rtt_latency":3537, "root_time_now":698880}
[Mote:6] Sensor IPv6 = fe80::206:6:6:6
[Mote:1] {"node":"fd00::206:6:6:6", "cpu_energy_mj":19, "lpm_energy_mj":0, "radio_tx_energy_mj":0, "radio_rx_energy_mj":8, "node_time":699311, "total_sent":61, "total_received":65, "bytes_tx":60, "bytes_rx":12, "r2n_latency":774, "lqi":100, "rssi":-90, "server_sent":65, "server_received":125, "server_bytes_rx":60, "n2r_latency":59, "hops":0, "rtt_latency":492, "root_time_now":699370}
[Mote:14] Not reachable yet
[Mote:19] Not reachable yet
[Mote:5] Sensor IPv6 = fe80::205:5:5:5
[Mote:7] Sensor IPv6 = fe80::207:7:7:7
[Mote:8] Not reachable yet
[Mote:16] Sensor IPv6 = fe80::210:10:10:10
[Mote:10] Not reachable yet
[Mote:1] {"node":"fd00::207:7:7:7", "cpu_energy_mj":320, "lpm_energy_mj":0, "radio_tx_energy_mj":6, "radio_rx_energy_mj":298, "node_time":701897, "total_sent":44, "total_received":60, "bytes_tx":60, "bytes_rx":12, "r2n_latency":1334, "lqi":100, "rssi":-91, "server_sent":62, "server_received":83, "server_bytes_rx":60, "n2r_latency":2303, "hops":1, "rtt_latency":3797, "root_time_now":704200}
[Mote:12] Sensor IPv6 = fe80::20c:c:c:c
[Mote:15] Not reachable yet
[Mote:2] Sensor IPv6 = fe80::202:2:2:2
[Mote:17] Sensor IPv6 = fe80::211:11:11:11
[Mote:1] {"node":"fd00::202:2:2:2", "cpu_energy_mj":417, "lpm_energy_mj":0, "radio_tx_energy_mj":9, "radio_rx_energy_mj":1258, "node_time":705416, "total_sent":30, "total_received":64, "bytes_tx":60, "bytes_rx":12, "r2n_latency":154, "lqi":100, "rssi":-83, "server_sent":68, "server_received":56, "server_bytes_rx":60, "n2r_latency":744, "hops":0, "rtt_latency":552, "root_time_now":706160}
[Mote:18] Not reachable yet
[Mote:4] Sensor IPv6 = fe80::204:4:4:4
[Mote:1] {"node":"fd00::205:5:5:5", "cpu_energy_mj":19, "lpm_energy_mj":0, "radio_tx_energy_mj":2, "radio_rx_energy_mj":7, "node_time":701798, "total_sent":64, "total_received":68, "bytes_tx":60, "bytes_rx":12, "r2n_latency":14, "lqi":100, "rssi":-89, "server_sent":68, "server_received":129, "server_bytes_rx":60, "n2r_latency":5412, "hops":0, "rtt_latency":3472, "root_time_now":707210}
[Mote:1] {"node":"fd00::211:11:11:11", "cpu_energy_mj":18, "lpm_energy_mj":0, "radio_tx_energy_mj":0, "radio_rx_energy_mj":8, "node_time":705590, "total_sent":43, "total_received":35, "bytes_tx":60, "bytes_rx":12, "r2n_latency":5874, "lqi":100, "rssi":-76, "server_sent":40, "server_received":68, "server_bytes_rx":60, "n2r_latency":2040, "hops":4, "rtt_latency":3357, "root_time_now":707630}
[Mote:1] {"node":"fd00::210:10:10:10", "cpu_energy_mj":126, "lpm_energy_mj":0, "radio_tx_energy_mj":1, "radio_rx_energy_mj":58, "node_time":702386, "total_sent":13, "total_received":27, "bytes_tx":60, "bytes_rx":12, "r2n_latency":1694, "lqi":100, "rssi":-37, "server_sent":64, "server_received":19, "server_bytes_rx":60, "n2r_latency":5314, "hops":2, "rtt_latency":3647, "root_time_now":707700}
[Mote:1] {"node":"fd00::20c:c:c:c", "cpu_energy_mj":19, "lpm_energy_mj":0, "radio_tx_energy_mj":0, "radio_rx_energy_mj":8, "node_time":704342, "total_sent":24, "total_received":57, "bytes_tx":60, "bytes_rx":12, "r2n_latency":294, "lqi":100, "rssi":-72, "server_sent":66, "server_received":49, "server_bytes_rx":60, "n2r_latency":3428, "hops":1, "rtt_latency":3577, "root_time_now":707770}
[Mote:13] Sensor IPv6 = fe80::20d:d:d:d
[Mote:11] Not reachable yet
[Mote:1] {"node":"fd00::20d:d:d:d", "cpu_energy_mj":18, "lpm_energy_mj":0, "radio_tx_energy_mj":0, "radio_rx_energy_mj":8, "node_time":708396, "total_sent":61, "total_received":60, "bytes_tx":60, "bytes_rx":12, "r2n_latency":1974, "lqi":100, "rssi":-86, "server_sent":60, "server_received":120, "server_bytes_rx":60, "n2r_latency":144, "hops":1, "rtt_latency":3682, "root_time_now":708540}
[Mote:9] Not reachable yet
[Mote:3] Sensor IPv6 = fe80::203:3:3:3
[Mote:6] Sensor IPv6 = fe80::206:6:6:6
[Mote:14] Not reachable yet
[Mote:1] {"node":"fd00::206:6:6:6", "cpu_energy_mj":19, "lpm_energy_mj":0, "radio_tx_energy_mj":1, "radio_rx_energy_mj":8, "node_time":710237, "total_sent":62, "total_received":66, "bytes_tx":60, "bytes_rx":12, "r2n_latency":574, "lqi":100, "rssi":-90, "server_sent":67, "server_received":127, "server_bytes_rx":60, "n2r_latency":193, "hops":0, "rtt_latency":882, "root_time_now":710430}
[Mote:19] Sensor IPv6 = fe80::213:13:13:13
[Mote:7] Sensor IPv6 = fe80::207:7:7:7
[Mote:16] Sensor IPv6 = fe80::210:10:10:10
[Mote:8] Not reachable yet
[Mote:5] Sensor IPv6 = fe80::205:5:5:5
[Mote:10] Not reachable yet
[Mote:1] {"node":"fd00::204:4:4:4", "cpu_energy_mj":19, "lpm_energy_mj":0, "radio_tx_energy_mj":0, "radio_rx_energy_mj":8, "node_time":707202, "total_sent":51, "total_received":52, "bytes_tx":60, "bytes_rx":12, "r2n_latency":2534, "lqi":100, "rssi":-83, "server_sent":56, "server_received":102, "server_bytes_rx":60, "n2r_latency":6938, "hops":2, "rtt_latency":3717, "root_time_now":714140}
[Mote:1] {"node":"fd00::205:5:5:5", "cpu_energy_mj":19, "lpm_energy_mj":0, "radio_tx_energy_mj":1, "radio_rx_energy_mj":7, "node_time":712590, "total_sent":65, "total_received":69, "bytes_tx":60, "bytes_rx":12, "r2n_latency":164, "lqi":100, "rssi":-89, "server_sent":69, "server_received":131, "server_bytes_rx":60, "n2r_latency":2180, "hops":0, "rtt_latency":677, "root_time_now":714770}
[Mote:1] {"node":"fd00::210:10:10:10", "cpu_energy_mj":18, "lpm_energy_mj":0, "radio_tx_energy_mj":0, "radio_rx_energy_mj":8, "node_time":712421, "total_sent":14, "total_received":27, "bytes_tx":60, "bytes_rx":12, "r2n_latency":1694, "lqi":100, "rssi":-37, "server_sent":65, "server_received":20, "server_bytes_rx":60, "n2r_latency":2419, "hops":2, "rtt_latency":3647, "root_time_now":714840}
[Mote:1] {"node":"fd00::203:3:3:3", "cpu_energy_mj":18, "lpm_energy_mj":0, "radio_tx_energy_mj":0, "radio_rx_energy_mj":8, "node_time":708717, "total_sent":51, "total_received":50, "bytes_tx":60, "bytes_rx":12, "r2n_latency":6874, "lqi":100, "rssi":-77, "server_sent":52, "server_received":95, "server_bytes_rx":60, "n2r_latency":6193, "hops":3, "rtt_latency":5712, "root_time_now":714910}
[Mote:1] {"node":"fd00::213:13:13:13", "cpu_energy_mj":668, "lpm_energy_mj":0, "radio_tx_energy_mj":12, "radio_rx_energy_mj":874, "node_time":710641, "total_sent":14, "total_received":47, "bytes_tx":60, "bytes_rx":12, "r2n_latency":4074, "lqi":100, "rssi":-83, "server_sent":54, "server_received":26, "server_bytes_rx":60, "n2r_latency":4339, "hops":3, "rtt_latency":3787, "root_time_now":714980}
[Mote:12] Sensor IPv6 = fe80::20c:c:c:c
[Mote:15] Not reachable yet
[Mote:17] Sensor IPv6 = fe80::211:11:11:11
[Mote:1] {"node":"fd00::20c:c:c:c", "cpu_energy_mj":19, "lpm_energy_mj":0, "radio_tx_energy_mj":0, "radio_rx_energy_mj":9, "node_time":715174, "total_sent":25, "total_received":58, "bytes_tx":60, "bytes_rx":12, "r2n_latency":584, "lqi":100, "rssi":-72, "server_sent":67, "server_received":51, "server_bytes_rx":60, "n2r_latency":716, "hops":1, "rtt_latency":2322, "root_time_now":715890}
[Mote:2] Sensor IPv6 = fe80::202:2:2:2
[Mote:1] {"node":"fd00::207:7:7:7", "cpu_energy_mj":18, "lpm_energy_mj":0, "radio_tx_energy_mj":0, "radio_rx_energy_mj":8, "node_time":712373, "total_sent":45, "total_received":62, "bytes_tx":60, "bytes_rx":12, "r2n_latency":2054, "lqi":100, "rssi":-91, "server_sent":63, "server_received":86, "server_bytes_rx":60, "n2r_latency":4147, "hops":1, "rtt_latency":1202, "root_time_now":716520}
[Mote:1] {"node":"fd00::211:11:11:11", "cpu_energy_mj":18, "lpm_energy_mj":0, "radio_tx_energy_mj":0, "radio_rx_energy_mj":8, "node_time":715812, "total_sent":44, "total_received":36, "bytes_tx":60, "bytes_rx":12, "r2n_latency":8274, "lqi":100, "rssi":-93, "server_sent":41, "server_received":70, "server_bytes_rx":60, "n2r_latency":778, "hops":4, "rtt_latency":7287, "root_time_now":716590}
[Mote:18] Not reachable yet
[Mote:4] Sensor IPv6 = fe80::204:4:4:4
[Mote:1] {"node":"fd00::204:4:4:4", "cpu_energy_mj":19, "lpm_energy_mj":0, "radio_tx_energy_mj":1, "radio_rx_energy_mj":8, "node_time":717758, "total_sent":52, "total_received":53, "bytes_tx":60, "bytes_rx":12, "r2n_latency":6954, "lqi":100, "rssi":-83, "server_sent":56, "server_received":104, "server_bytes_rx":60, "n2r_latency":162, "hops":2, "rtt_latency":3687, "root_time_now":717920}
[Mote:13] Sensor IPv6 = fe80::20d:d:d:d
[Mote:11] Not reachable yet
[Mote:3] Sensor IPv6 = fe80::203:3:3:3
[Mote:9] Not reachable yet
[Mote:6] Sensor IPv6 = fe80::206:6:6:6
[Mote:14] Not reachable yet
[Mote:19] Sensor IPv6 = fe80::213:13:13:13
[Mote:16] Sensor IPv6 = fe80::210:10:10:10
[Mote:7] Sensor IPv6 = fe80::207:7:7:7
[Mote:8] Not reachable yet
[Mote:1] {"node":"fd00::20d:d:d:d", "cpu_energy_mj":18, "lpm_energy_mj":0, "radio_tx_energy_mj":1, "radio_rx_energy_mj":8, "node_time":718508, "total_sent":62, "total_received":61, "bytes_tx":60, "bytes_rx":12, "r2n_latency":5554, "lqi":100, "rssi":-86, "server_sent":62, "server_received":122, "server_bytes_rx":60, "n2r_latency":4662, "hops":1, "rtt_latency":2987, "root_time_now":723170}
[Mote:1] {"node":"fd00::202:2:2:2", "cpu_energy_mj":18, "lpm_energy_mj":0, "radio_tx_energy_mj":0, "radio_rx_energy_mj":8, "node_time":715947, "total_sent":31, "total_received":65, "bytes_tx":60, "bytes_rx":12, "r2n_latency":94, "lqi":100, "rssi":-83, "server_sent":70, "server_received":57, "server_bytes_rx":60, "n2r_latency":7433, "hops":0, "rtt_latency":552, "root_time_now":723380}
[Mote:5] Sensor IPv6 = fe80::205:5:5:5
[Mote:10] Not reachable yet
[Mote:1] {"node":"fd00::206:6:6:6", "cpu_energy_mj":19, "lpm_energy_mj":0, "radio_tx_energy_mj":1, "radio_rx_energy_mj":7, "node_time":721167, "total_sent":63, "total_received":68, "bytes_tx":60, "bytes_rx":12, "r2n_latency":314, "lqi":100, "rssi":-90, "server_sent":68, "server_received":130, "server_bytes_rx":60, "n2r_latency":3403, "hops":0, "rtt_latency":857, "root_time_now":724570}
[Mote:1] {"node":"fd00::205:5:5:5", "cpu_energy_mj":19, "lpm_energy_mj":0, "radio_tx_energy_mj":2, "radio_rx_energy_mj":7, "node_time":723380, "total_sent":66, "total_received":70, "bytes_tx":60, "bytes_rx":12, "r2n_latency":2134, "lqi":100, "rssi":-89, "server_sent":70, "server_received":133, "server_bytes_rx":60, "n2r_latency":1890, "hops":0, "rtt_latency":2572, "root_time_now":725270}
[Mote:1] {"node":"fd00::203:3:3:3", "cpu_energy_mj":18, "lpm_energy_mj":0, "radio_tx_energy_mj":0, "radio_rx_energy_mj":9, "node_time":718984, "total_sent":52, "total_received":50, "bytes_tx":60, "bytes_rx":12, "r2n_latency":6874, "lqi":100, "rssi":-77, "server_sent":53, "server_received":96, "server_bytes_rx":60, "n2r_latency":6356, "hops":3, "rtt_latency":5712, "root_time_now":725340}
[Mote:12] Sensor IPv6 = fe80::20c:c:c:c
[Mote:17] Sensor IPv6 = fe80::211:11:11:11
[Mote:15] Not reachable yet
[Mote:1] {"node":"fd00::20c:c:c:c", "cpu_energy_mj":19, "lpm_energy_mj":0, "radio_tx_energy_mj":0, "radio_rx_energy_mj":9, "node_time":726007, "total_sent":26, "total_received":59, "bytes_tx":60, "bytes_rx":12, "r2n_latency":2274, "lqi":100, "rssi":-72, "server_sent":68, "server_received":53, "server_bytes_rx":60, "n2r_latency":313, "hops":1, "rtt_latency":2607, "root_time_now":726320}
[Mote:2] Not reachable yet
[Mote:1] {"node":"fd00::207:7:7:7", "cpu_energy_mj":18, "lpm_energy_mj":0, "radio_tx_energy_mj":1, "radio_rx_energy_mj":8, "node_time":722848, "total_sent":46, "total_received":63, "bytes_tx":60, "bytes_rx":12, "r2n_latency":734, "lqi":100, "rssi":-91, "server_sent":64, "server_received":88, "server_bytes_rx":60, "n2r_latency":4312, "hops":1, "rtt_latency":3552, "root_time_now":727160}
[Mote:18] Not reachable yet
[Mote:4] Sensor IPv6 = fe80::204:4:4:4
[Mote:13] Sensor IPv6 = fe80::20d:d:d:d
[Mote:11] Not reachable yet
[Mote:3] Sensor IPv6 = fe80::203:3:3:3
[Mote:1] {"node":"fd00::213:13:13:13", "cpu_energy_mj":19, "lpm_energy_mj":0, "radio_tx_energy_mj":0, "radio_rx_energy_mj":9, "node_time":721570, "total_sent":15, "total_received":48, "bytes_tx":60, "bytes_rx":12, "r2n_latency":8144, "lqi":100, "rssi":-83, "server_sent":55, "server_received":28, "server_bytes_rx":60, "n2r_latency":8040, "hops":3, "rtt_latency":4702, "root_time_now":729610}
[Mote:9] Not reachable yet
[Mote:14] Not reachable yet
[Mote:6] Sensor IPv6 = fe80::206:6:6:6
[Mote:1] {"node":"fd00::206:6:6:6", "cpu_energy_mj":19, "lpm_energy_mj":0, "radio_tx_energy_mj":0, "radio_rx_energy_mj":8, "node_time":732096, "total_sent":64, "total_received":69, "bytes_tx":60, "bytes_rx":12, "r2n_latency":464, "lqi":100, "rssi":-90, "server_sent":69, "server_received":132, "server_bytes_rx":60, "n2r_latency":314, "hops":0, "rtt_latency":1177, "root_time_now":732410}
[Mote:16] Sensor IPv6 = fe80::210:10:10:10
[Mote:19] Sensor IPv6 = fe80::213:13:13:13
[Mote:7] Sensor IPv6 = fe80::207:7:7:7
[Mote:8] Not reachable yet
[Mote:10] Not reachable yet
[Mote:1] {"node":"fd00::207:7:7:7", "cpu_energy_mj":18, "lpm_energy_mj":0, "radio_tx_energy_mj":0, "radio_rx_energy_mj":8, "node_time":733324, "total_sent":47, "total_received":64, "bytes_tx":60, "bytes_rx":12, "r2n_latency":2214, "lqi":100, "rssi":-91, "server_sent":65, "server_received":90, "server_bytes_rx":60, "n2r_latency":766, "hops":1, "rtt_latency":1667, "root_time_now":734090}
[Mote:5] Sensor IPv6 = fe80::205:5:5:5
[Mote:1] {"node":"fd00::20d:d:d:d", "cpu_energy_mj":18, "lpm_energy_mj":0, "radio_tx_energy_mj":1, "radio_rx_energy_mj":7, "node_time":728623, "total_sent":63, "total_received":62, "bytes_tx":60, "bytes_rx":12, "r2n_latency":3604, "lqi":100, "rssi":-86, "server_sent":63, "server_received":124, "server_bytes_rx":60, "n2r_latency":6027, "hops":1, "rtt_latency":4917, "root_time_now":734650}
[Mote:1] {"node":"fd00::205:5:5:5", "cpu_energy_mj":19, "lpm_energy_mj":0, "radio_tx_energy_mj":1, "radio_rx_energy_mj":7, "node_time":734174, "total_sent":67, "total_received":71, "bytes_tx":60, "bytes_rx":12, "r2n_latency":44, "lqi":100, "rssi":-89, "server_sent":71, "server_received":135, "server_bytes_rx":60, "n2r_latency":616, "hops":0, "rtt_latency":2122, "root_time_now":734790}
[Mote:1] {"node":"fd00::204:4:4:4", "cpu_energy_mj":19, "lpm_energy_mj":0, "radio_tx_energy_mj":1, "radio_rx_energy_mj":7, "node_time":728314, "total_sent":53, "total_received":54, "bytes_tx":60, "bytes_rx":12, "r2n_latency":4584, "lqi":100, "rssi":-83, "server_sent":58, "server_received":106, "server_bytes_rx":60, "n2r_latency":6966, "hops":2, "rtt_latency":7297, "root_time_now":735280}
[Mote:1] {"node":"fd00::211:11:11:11", "cpu_energy_mj":18, "lpm_energy_mj":0, "radio_tx_energy_mj":0, "radio_rx_energy_mj":8, "node_time":726034, "total_sent":45, "total_received":37, "bytes_tx":60, "bytes_rx":12, "r2n_latency":11574, "lqi":100, "rssi":-93, "server_sent":43, "server_received":72, "server_bytes_rx":60, "n2r_latency":9526, "hops":4, "rtt_latency":9462, "root_time_now":735560}
[Mote:17] Sensor IPv6 = fe80::211:11:11:11
[Mote:1] {"node":"fd00::203:3:3:3", "cpu_energy_mj":18, "lpm_energy_mj":0, "radio_tx_energy_mj":0, "radio_rx_energy_mj":8, "node_time":729245, "total_sent":53, "total_received":52, "bytes_tx":60, "bytes_rx":12, "r2n_latency":5844, "lqi":100, "rssi":-77, "server_sent":54, "server_received":99, "server_bytes_rx":60, "n2r_latency":7365, "hops":3, "rtt_latency":7367, "root_time_now":736610}
[Mote:15] Not reachable yet
[Mote:12] Sensor IPv6 = fe80::20c:c:c:c
[Mote:2] Not reachable yet
[Mote:1] {"node":"fd00::20c:c:c:c", "cpu_energy_mj":19, "lpm_energy_mj":0, "radio_tx_energy_mj":0, "radio_rx_energy_mj":9, "node_time":736840, "total_sent":27, "total_received":60, "bytes_tx":60, "bytes_rx":12, "r2n_latency":884, "lqi":100, "rssi":-72, "server_sent":69, "server_received":55, "server_bytes_rx":60, "n2r_latency":1310, "hops":1, "rtt_latency":2262, "root_time_now":738150}
[Mote:1] {"node":"fd00::213:13:13:13", "cpu_energy_mj":19, "lpm_energy_mj":0, "radio_tx_energy_mj":0, "radio_rx_energy_mj":9, "node_time":732500, "total_sent":16, "total_received":49, "bytes_tx":60, "bytes_rx":12, "r2n_latency":6054, "lqi":100, "rssi":-83, "server_sent":56, "server_received":30, "server_bytes_rx":60, "n2r_latency":5720, "hops":3, "rtt_latency":7472, "root_time_now":738220}
[Mote:1] {"node":"fd00::211:11:11:11", "cpu_energy_mj":18, "lpm_energy_mj":0, "radio_tx_energy_mj":0, "radio_rx_energy_mj":8, "node_time":736252, "total_sent":46, "total_received":38, "bytes_tx":60, "bytes_rx":12, "r2n_latency":8084, "lqi":100, "rssi":-93, "server_sent":43, "server_received":74, "server_bytes_rx":60, "n2r_latency":2038, "hops":4, "rtt_latency":7892, "root_time_now":738290}
[Mote:18] Not reachable yet
[Mote:13] Sensor IPv6 = fe80::20d:d:d:d
[Mote:11] Not reachable yet
[Mote:4] Sensor IPv6 = fe80::204:4:4:4
[Mote:3] Sensor IPv6 = fe80::203:3:3:3
[Mote:9] Not reachable yet
[Mote:16] Sensor IPv6 = fe80::210:10:10:10
[Mote:14] Not reachable yet
[Mote:6] Sensor IPv6 = fe80::206:6:6:6
[Mote:1] {"node":"fd00::206:6:6:6", "cpu_energy_mj":19, "lpm_energy_mj":0, "radio_tx_energy_mj":1, "radio_rx_energy_mj":8, "node_time":743024, "total_sent":65, "total_received":70, "bytes_tx":60, "bytes_rx":12, "r2n_latency":684, "lqi":100, "rssi":-90, "server_sent":70, "server_received":134, "server_bytes_rx":60, "n2r_latency":306, "hops":0, "rtt_latency":447, "root_time_now":743330}
[Mote:19] Sensor IPv6 = fe80::213:13:13:13
[Mote:7] Sensor IPv6 = fe80::207:7:7:7
[Mote:10] Not reachable yet
[Mote:8] Not reachable yet
[Mote:5] Sensor IPv6 = fe80::205:5:5:5
[Mote:1] {"node":"fd00::20d:d:d:d", "cpu_energy_mj":18, "lpm_energy_mj":0, "radio_tx_energy_mj":2, "radio_rx_energy_mj":7, "node_time":738734, "total_sent":64, "total_received":63, "bytes_tx":60, "bytes_rx":12, "r2n_latency":1304, "lqi":100, "rssi":-86, "server_sent":64, "server_received":126, "server_bytes_rx":60, "n2r_latency":6276, "hops":1, "rtt_latency":3347, "root_time_now":745010}
[Mote:1] {"node":"fd00::207:7:7:7", "cpu_energy_mj":18, "lpm_energy_mj":0, "radio_tx_energy_mj":0, "radio_rx_energy_mj":8, "node_time":743800, "total_sent":48, "total_received":65, "bytes_tx":60, "bytes_rx":12, "r2n_latency":2014, "lqi":100, "rssi":-91, "server_sent":66, "server_received":92, "server_bytes_rx":60, "n2r_latency":1630, "hops":1, "rtt_latency":2582, "root_time_now":745430}
[Mote:1] {"node":"fd00::205:5:5:5", "cpu_energy_mj":19, "lpm_energy_mj":0, "radio_tx_energy_mj":2, "radio_rx_energy_mj":7, "node_time":744965, "total_sent":68, "total_received":72, "bytes_tx":60, "bytes_rx":12, "r2n_latency":54, "lqi":100, "rssi":-89, "server_sent":72, "server_received":137, "server_bytes_rx":60, "n2r_latency":535, "hops":0, "rtt_latency":1392, "root_time_now":745500}
[Mote:17] Sensor IPv6 = fe80::211:11:11:11
[Mote:15] Not reachable yet
[Mote:2] Not reachable yet
[Mote:1] {"node":"fd00::204:4:4:4", "cpu_energy_mj":19, "lpm_energy_mj":0, "radio_tx_energy_mj":1, "radio_rx_energy_mj":8, "node_time":738869, "total_sent":54, "total_received":55, "bytes_tx":60, "bytes_rx":12, "r2n_latency":1654, "lqi":100, "rssi":-83, "server_sent":59, "server_received":108, "server_bytes_rx":60, "n2r_latency":8801, "hops":2, "rtt_latency":3732, "root_time_now":747670}
[Mote:12] Sensor IPv6 = fe80::20c:c:c:c
[Mote:1] {"node":"fd00::20c:c:c:c", "cpu_energy_mj":19, "lpm_energy_mj":0, "radio_tx_energy_mj":0, "radio_rx_energy_mj":8, "node_time":747673, "total_sent":28, "total_received":61, "bytes_tx":60, "bytes_rx":12, "r2n_latency":334, "lqi":100, "rssi":-72, "server_sent":70, "server_received":57, "server_bytes_rx":60, "n2r_latency":137, "hops":1, "rtt_latency":2162, "root_time_now":747810}
[Mote:1] {"node":"fd00::203:3:3:3", "cpu_energy_mj":18, "lpm_energy_mj":0, "radio_tx_energy_mj":0, "radio_rx_energy_mj":8, "node_time":739509, "total_sent":54, "total_received":53, "bytes_tx":60, "bytes_rx":12, "r2n_latency":9284, "lqi":100, "rssi":-77, "server_sent":55, "server_received":101, "server_bytes_rx":60, "n2r_latency":8861, "hops":3, "rtt_latency":9087, "root_time_now":748370}
[Mote:13] Sensor IPv6 = fe80::20d:d:d:d
[Mote:11] Not reachable yet
[Mote:18] Not reachable yet
[Mote:4] Sensor IPv6 = fe80::204:4:4:4
[Mote:3] Sensor IPv6 = fe80::203:3:3:3
[Mote:1] {"node":"fd00::213:13:13:13", "cpu_energy_mj":19, "lpm_energy_mj":0, "radio_tx_energy_mj":0, "radio_rx_energy_mj":9, "node_time":743427, "total_sent":17, "total_received":49, "bytes_tx":60, "bytes_rx":12, "r2n_latency":6054, "lqi":100, "rssi":-83, "server_sent":57, "server_received":31, "server_bytes_rx":60, "n2r_latency":6413, "hops":3, "rtt_latency":7472, "root_time_now":749840}
[Mote:1] {"node":"fd00::211:11:11:11", "cpu_energy_mj":18, "lpm_energy_mj":0, "radio_tx_energy_mj":0, "radio_rx_energy_mj":8, "node_time":746472, "total_sent":47, "total_received":39, "bytes_tx":60, "bytes_rx":12, "r2n_latency":10124, "lqi":100, "rssi":-93, "server_sent":45, "server_received":76, "server_bytes_rx":60, "n2r_latency":4138, "hops":4, "rtt_latency":9402, "root_time_now":750610}
[Mote:9] Not reachable yet
[Mote:1] {"node":"fd00::20d:d:d:d", "cpu_energy_mj":18, "lpm_energy_mj":0, "radio_tx_energy_mj":1, "radio_rx_energy_mj":7, "node_time":748849, "total_sent":65, "total_received":64, "bytes_tx":60, "bytes_rx":12, "r2n_latency":2224, "lqi":100, "rssi":-86, "server_sent":65, "server_received":128, "server_bytes_rx":60, "n2r_latency":3161, "hops":1, "rtt_latency":4472, "root_time_now":752010}
[Mote:16] Not reachable yet
[Mote:14] Sensor IPv6 = fe80::20e:e:e:e
[Mote:6] Sensor IPv6 = fe80::206:6:6:6
[Mote:1] {"node":"fd00::206:6:6:6", "cpu_energy_mj":19, "lpm_energy_mj":0, "radio_tx_energy_mj":1, "radio_rx_energy_mj":8, "node_time":753953, "total_sent":66, "total_received":71, "bytes_tx":60, "bytes_rx":12, "r2n_latency":695, "lqi":100, "rssi":-90, "server_sent":71, "server_received":136, "server_bytes_rx":60, "n2r_latency":17, "hops":0, "rtt_latency":1537, "root_time_now":753970}
[Mote:10] Not reachable yet
[Mote:7] Sensor IPv6 = fe80::207:7:7:7
[Mote:19] Sensor IPv6 = fe80::213:13:13:13
[Mote:8] Not reachable yet
[Mote:5] Sensor IPv6 = fe80::205:5:5:5
[Mote:17] Sensor IPv6 = fe80::211:11:11:11
[Mote:1] {"node":"fd00::207:7:7:7", "cpu_energy_mj":18, "lpm_energy_mj":0, "radio_tx_energy_mj":0, "radio_rx_energy_mj":8, "node_time":754276, "total_sent":49, "total_received":66, "bytes_tx":60, "bytes_rx":12, "r2n_latency":3005, "lqi":100, "rssi":-91, "server_sent":67, "server_received":94, "server_bytes_rx":60, "n2r_latency":2494, "hops":1, "rtt_latency":2692, "root_time_now":756770}
[Mote:15] Not reachable yet
[Mote:2] Not reachable yet
[Mote:1] {"node":"fd00::204:4:4:4", "cpu_energy_mj":19, "lpm_energy_mj":0, "radio_tx_energy_mj":1, "radio_rx_energy_mj":8, "node_time":749426, "total_sent":55, "total_received":56, "bytes_tx":60, "bytes_rx":12, "r2n_latency":4604, "lqi":100, "rssi":-83, "server_sent":60, "server_received":110, "server_bytes_rx":60, "n2r_latency":8814, "hops":2, "rtt_latency":4962, "root_time_now":758240}
[Mote:1] {"node":"fd00::203:3:3:3", "cpu_energy_mj":18, "lpm_energy_mj":0, "radio_tx_energy_mj":0, "radio_rx_energy_mj":8, "node_time":749774, "total_sent":55, "total_received":54, "bytes_tx":60, "bytes_rx":12, "r2n_latency":6914, "lqi":100, "rssi":-77, "server_sent":56, "server_received":103, "server_bytes_rx":60, "n2r_latency":8536, "hops":3, "rtt_latency":6747, "root_time_now":758310}
[Mote:12] Sensor IPv6 = fe80::20c:c:c:c
[Mote:1] {"node":"fd00::205:5:5:5", "cpu_energy_mj":19, "lpm_energy_mj":0, "radio_tx_energy_mj":2, "radio_rx_energy_mj":7, "node_time":755758, "total_sent":69, "total_received":73, "bytes_tx":60, "bytes_rx":12, "r2n_latency":345, "lqi":100, "rssi":-89, "server_sent":73, "server_received":139, "server_bytes_rx":60, "n2r_latency":2972, "hops":0, "rtt_latency":1047, "root_time_now":758730}
[Mote:1] {"node":"fd00::211:11:11:11", "cpu_energy_mj":18, "lpm_energy_mj":0, "radio_tx_energy_mj":0, "radio_rx_energy_mj":8, "node_time":756694, "total_sent":48, "total_received":40, "bytes_tx":60, "bytes_rx":12, "r2n_latency":7404, "lqi":100, "rssi":-93, "server_sent":45, "server_received":78, "server_bytes_rx":60, "n2r_latency":2176, "hops":4, "rtt_latency":7622, "root_time_now":758870}
[Mote:1] {"node":"fd00::20c:c:c:c", "cpu_energy_mj":19, "lpm_energy_mj":0, "radio_tx_energy_mj":0, "radio_rx_energy_mj":9, "node_time":758509, "total_sent":29, "total_received":62, "bytes_tx":60, "bytes_rx":12, "r2n_latency":485, "lqi":100, "rssi":-72, "server_sent":71, "server_received":59, "server_bytes_rx":60, "n2r_latency":431, "hops":1, "rtt_latency":1432, "root_time_now":758940}
[Mote:13] Sensor IPv6 = fe80::20d:d:d:d
[Mote:11] Not reachable yet
[Mote:18] Not reachable yet
[Mote:4] Sensor IPv6 = fe80::204:4:4:4
[Mote:3] Sensor IPv6 = fe80::203:3:3:3
[Mote:9] Not reachable yet
[Mote:16] Not reachable yet
[Mote:10] Not reachable yet
[Mote:14] Sensor IPv6 = fe80::20e:e:e:e
[Mote:7] Sensor IPv6 = fe80::207:7:7:7
[Mote:1] {"node":"fd00::20e:e:e:e", "cpu_energy_mj":19, "lpm_energy_mj":0, "radio_tx_energy_mj":0, "radio_rx_energy_mj":8, "node_time":764226, "total_sent":29, "total_received":46, "bytes_tx":60, "bytes_rx":12, "r2n_latency":494, "lqi":100, "rssi":-77, "server_sent":69, "server_received":44, "server_bytes_rx":60, "n2r_latency":594, "hops":1, "rtt_latency":912, "root_time_now":764820}
[Mote:6] Sensor IPv6 = fe80::206:6:6:6
[Mote:1] {"node":"fd00::206:6:6:6", "cpu_energy_mj":19, "lpm_energy_mj":0, "radio_tx_energy_mj":1, "radio_rx_energy_mj":7, "node_time":764881, "total_sent":67, "total_received":72, "bytes_tx":60, "bytes_rx":12, "r2n_latency":284, "lqi":100, "rssi":-90, "server_sent":72, "server_received":138, "server_bytes_rx":60, "n2r_latency":9, "hops":0, "rtt_latency":562, "root_time_now":764890}
[Mote:8] Not reachable yet
[Mote:1] {"node":"fd00::207:7:7:7", "cpu_energy_mj":18, "lpm_energy_mj":0, "radio_tx_energy_mj":0, "radio_rx_energy_mj":8, "node_time":764752, "total_sent":50, "total_received":67, "bytes_tx":60, "bytes_rx":12, "r2n_latency":704, "lqi":100, "rssi":-91, "server_sent":68, "server_received":96, "server_bytes_rx":60, "n2r_latency":488, "hops":1, "rtt_latency":702, "root_time_now":765240}
[Mote:19] Sensor IPv6 = fe80::213:13:13:13
[Mote:5] Sensor IPv6 = fe80::205:5:5:5
[Mote:1] {"node":"fd00::205:5:5:5", "cpu_energy_mj":19, "lpm_energy_mj":0, "radio_tx_energy_mj":2, "radio_rx_energy_mj":7, "node_time":766549, "total_sent":70, "total_received":74, "bytes_tx":60, "bytes_rx":12, "r2n_latency":2314, "lqi":100, "rssi":-89, "server_sent":74, "server_received":141, "server_bytes_rx":60, "n2r_latency":21, "hops":0, "rtt_latency":2662, "root_time_now":766570}
[Mote:17] Sensor IPv6 = fe80::211:11:11:11
[Mote:1] {"node":"fd00::204:4:4:4", "cpu_energy_mj":19, "lpm_energy_mj":0, "radio_tx_energy_mj":0, "radio_rx_energy_mj":8, "node_time":759983, "total_sent":56, "total_received":57, "bytes_tx":60, "bytes_rx":12, "r2n_latency":6225, "lqi":100, "rssi":-83, "server_sent":61, "server_received":112, "server_bytes_rx":60, "n2r_latency":7007, "hops":2, "rtt_latency":4407, "root_time_now":766990}
[Mote:1] {"node":"fd00::203:3:3:3", "cpu_energy_mj":18, "lpm_energy_mj":0, "radio_tx_energy_mj":0, "radio_rx_energy_mj":8, "node_time":760038, "total_sent":56, "total_received":55, "bytes_tx":60, "bytes_rx":12, "r2n_latency":9305, "lqi":100, "rssi":-77, "server_sent":57, "server_received":105, "server_bytes_rx":60, "n2r_latency":7162, "hops":3, "rtt_latency":7767, "root_time_now":767200}
[Mote:15] Not reachable yet
[Mote:2] Not reachable yet
[Mote:13] Sensor IPv6 = fe80::20d:d:d:d
[Mote:11] Not reachable yet
[Mote:12] Sensor IPv6 = fe80::20c:c:c:c
[Mote:18] Not reachable yet
[Mote:3] Sensor IPv6 = fe80::203:3:3:3
[Mote:4] Sensor IPv6 = fe80::204:4:4:4
[Mote:1] {"node":"fd00::211:11:11:11", "cpu_energy_mj":18, "lpm_energy_mj":0, "radio_tx_energy_mj":0, "radio_rx_energy_mj":8, "node_time":766914, "total_sent":49, "total_received":41, "bytes_tx":60, "bytes_rx":12, "r2n_latency":12385, "lqi":100, "rssi":-50, "server_sent":47, "server_received":80, "server_bytes_rx":60, "n2r_latency":4766, "hops":4, "rtt_latency":8712, "root_time_now":771680}
[Mote:1] {"node":"fd00::20d:d:d:d", "cpu_energy_mj":18, "lpm_energy_mj":0, "radio_tx_energy_mj":1, "radio_rx_energy_mj":7, "node_time":769073, "total_sent":67, "total_received":66, "bytes_tx":60, "bytes_rx":12, "r2n_latency":3294, "lqi":100, "rssi":-86, "server_sent":67, "server_received":131, "server_bytes_rx":60, "n2r_latency":2887, "hops":1, "rtt_latency":4377, "root_time_now":771960}
[Mote:9] Not reachable yet
[Mote:16] Not reachable yet
[Mote:10] Not reachable yet
[Mote:1] {"node":"fd00::20c:c:c:c", "cpu_energy_mj":19, "lpm_energy_mj":0, "radio_tx_energy_mj":0, "radio_rx_energy_mj":8, "node_time":769339, "total_sent":30, "total_received":63, "bytes_tx":60, "bytes_rx":12, "r2n_latency":2594, "lqi":100, "rssi":-72, "server_sent":73, "server_received":61, "server_bytes_rx":60, "n2r_latency":5561, "hops":1, "rtt_latency":6057, "root_time_now":774900}
[Mote:14] Sensor IPv6 = fe80::20e:e:e:e
[Mote:1] {"node":"fd00::203:3:3:3", "cpu_energy_mj":18, "lpm_energy_mj":0, "radio_tx_energy_mj":0, "radio_rx_energy_mj":8, "node_time":770301, "total_sent":57, "total_received":56, "bytes_tx":60, "bytes_rx":12, "r2n_latency":7144, "lqi":100, "rssi":-77, "server_sent":58, "server_received":107, "server_bytes_rx":60, "n2r_latency":4809, "hops":3, "rtt_latency":5952, "root_time_now":775110}
[Mote:7] Sensor IPv6 = fe80::207:7:7:7
[Mote:1] {"node":"fd00::207:7:7:7", "cpu_energy_mj":18, "lpm_energy_mj":0, "radio_tx_energy_mj":0, "radio_rx_energy_mj":8, "node_time":775228, "total_sent":51, "total_received":68, "bytes_tx":60, "bytes_rx":12, "r2n_latency":2464, "lqi":100, "rssi":-91, "server_sent":69, "server_received":98, "server_bytes_rx":60, "n2r_latency":92, "hops":1, "rtt_latency":1652, "root_time_now":775320}
[Mote:8] Not reachable yet
[Mote:6] Sensor IPv6 = fe80::206:6:6:6
[Mote:1] {"node":"fd00::206:6:6:6", "cpu_energy_mj":19, "lpm_energy_mj":0, "radio_tx_energy_mj":0, "radio_rx_energy_mj":8, "node_time":775810, "total_sent":68, "total_received":73, "bytes_tx":60, "bytes_rx":12, "r2n_latency":504, "lqi":100, "rssi":-90, "server_sent":73, "server_received":140, "server_bytes_rx":60, "n2r_latency":70, "hops":0, "rtt_latency":532, "root_time_now":775880}
[Mote:19] Not reachable yet
[Mote:1] {"node":"fd00::204:4:4:4", "cpu_energy_mj":19, "lpm_energy_mj":0, "radio_tx_energy_mj":1, "radio_rx_energy_mj":8, "node_time":770539, "total_sent":57, "total_received":58, "bytes_tx":60, "bytes_rx":12, "r2n_latency":4764, "lqi":100, "rssi":-83, "server_sent":62, "server_received":114, "server_bytes_rx":60, "n2r_latency":5831, "hops":2, "rtt_latency":4482, "root_time_now":776370}
[Mote:17] Sensor IPv6 = fe80::211:11:11:11
[Mote:5] Sensor IPv6 = fe80::205:5:5:5
[Mote:1] {"node":"fd00::205:5:5:5", "cpu_energy_mj":19, "lpm_energy_mj":0, "radio_tx_energy_mj":2, "radio_rx_energy_mj":7, "node_time":777340, "total_sent":71, "total_received":75, "bytes_tx":60, "bytes_rx":12, "r2n_latency":84, "lqi":100, "rssi":-89, "server_sent":75, "server_received":143, "server_bytes_rx":60, "n2r_latency":10, "hops":0, "rtt_latency":1092, "root_time_now":777350}
[Mote:15] Not reachable yet
[Mote:2] Not reachable yet
[Mote:13] Sensor IPv6 = fe80::20d:d:d:d
[Mote:11] Not reachable yet
[Mote:1] {"node":"fd00::20d:d:d:d", "cpu_energy_mj":18, "lpm_energy_mj":0, "radio_tx_energy_mj":1, "radio_rx_energy_mj":8, "node_time":779190, "total_sent":68, "total_received":67, "bytes_tx":60, "bytes_rx":12, "r2n_latency":1204, "lqi":100, "rssi":-86, "server_sent":67, "server_received":133, "server_bytes_rx":60, "n2r_latency":400, "hops":1, "rtt_latency":2597, "root_time_now":779590}
[Mote:12] Sensor IPv6 = fe80::20c:c:c:c
[Mote:3] Sensor IPv6 = fe80::203:3:3:3
[Mote:18] Not reachable yet
[Mote:4] Sensor IPv6 = fe80::204:4:4:4
[Mote:1] {"node":"fd00::20c:c:c:c", "cpu_energy_mj":19, "lpm_energy_mj":0, "radio_tx_energy_mj":0, "radio_rx_energy_mj":8, "node_time":780175, "total_sent":31, "total_received":64, "bytes_tx":60, "bytes_rx":12, "r2n_latency":434, "lqi":100, "rssi":-72, "server_sent":74, "server_received":63, "server_bytes_rx":60, "n2r_latency":955, "hops":1, "rtt_latency":2492, "root_time_now":781130}
[Mote:1] {"node":"fd00::203:3:3:3", "cpu_energy_mj":18, "lpm_energy_mj":0, "radio_tx_energy_mj":0, "radio_rx_energy_mj":9, "node_time":780568, "total_sent":58, "total_received":56, "bytes_tx":60, "bytes_rx":12, "r2n_latency":7144, "lqi":100, "rssi":-77, "server_sent":59, "server_received":108, "server_bytes_rx":60, "n2r_latency":1052, "hops":3, "rtt_latency":5952, "root_time_now":781620}
[Mote:9] Not reachable yet
[Mote:16] Not reachable yet
[Mote:1] {"node":"fd00::210:10:10:10", "cpu_energy_mj":18, "lpm_energy_mj":0, "radio_tx_energy_mj":0, "radio_rx_energy_mj":7, "node_time":742516, "total_sent":17, "total_received":27, "bytes_tx":60, "bytes_rx":12, "r2n_latency":1694, "lqi":100, "rssi":-37, "server_sent":72, "server_received":21, "server_bytes_rx":60, "n2r_latency":41204, "hops":2, "rtt_latency":3647, "root_time_now":783720}
[Mote:10] Not reachable yet
[Mote:7] Sensor IPv6 = fe80::207:7:7:7
[Mote:14] Not reachable yet
[Mote:8] Not reachable yet
[Mote:1] {"node":"fd00::204:4:4:4", "cpu_energy_mj":19, "lpm_energy_mj":0, "radio_tx_energy_mj":0, "radio_rx_energy_mj":9, "node_time":781093, "total_sent":58, "total_received":59, "bytes_tx":60, "bytes_rx":12, "r2n_latency":7714, "lqi":100, "rssi":-83, "server_sent":63, "server_received":116, "server_bytes_rx":60, "n2r_latency":5217, "hops":2, "rtt_latency":4312, "root_time_now":786310}
[Mote:6] Sensor IPv6 = fe80::206:6:6:6
[Mote:19] Not reachable yet
[Mote:1] {"node":"fd00::206:6:6:6", "cpu_energy_mj":19, "lpm_energy_mj":0, "radio_tx_energy_mj":0, "radio_rx_energy_mj":8, "node_time":786741, "total_sent":69, "total_received":74, "bytes_tx":60, "bytes_rx":12, "r2n_latency":304, "lqi":100, "rssi":-90, "server_sent":74, "server_received":142, "server_bytes_rx":60, "n2r_latency":409, "hops":0, "rtt_latency":3267, "root_time_now":787150}
[Mote:1] {"node":"fd00::207:7:7:7", "cpu_energy_mj":18, "lpm_energy_mj":0, "radio_tx_energy_mj":0, "radio_rx_energy_mj":8, "node_time":785707, "total_sent":52, "total_received":69, "bytes_tx":60, "bytes_rx":12, "r2n_latency":1984, "lqi":100, "rssi":-91, "server_sent":70, "server_received":100, "server_bytes_rx":60, "n2r_latency":1513, "hops":1, "rtt_latency":3407, "root_time_now":787220}
[Mote:17] Sensor IPv6 = fe80::211:11:11:11
[Mote:5] Sensor IPv6 = fe80::205:5:5:5
[Mote:1] {"node":"fd00::205:5:5:5", "cpu_energy_mj":19, "lpm_energy_mj":0, "radio_tx_energy_mj":1, "radio_rx_energy_mj":8, "node_time":788134, "total_sent":72, "total_received":76, "bytes_tx":60, "bytes_rx":12, "r2n_latency":4154, "lqi":100, "rssi":-89, "server_sent":76, "server_received":145, "server_bytes_rx":60, "n2r_latency":276, "hops":0, "rtt_latency":2357, "root_time_now":788410}
[Mote:13] Sensor IPv6 = fe80::20d:d:d:d
[Mote:11] Not reachable yet
[Mote:15] Not reachable yet
[Mote:2] Not reachable yet
[Mote:1] {"node":"fd00::20d:d:d:d", "cpu_energy_mj":18, "lpm_energy_mj":0, "radio_tx_energy_mj":1, "radio_rx_energy_mj":8, "node_time":789301, "total_sent":69, "total_received":68, "bytes_tx":60, "bytes_rx":12, "r2n_latency":9124, "lqi":100, "rssi":-86, "server_sent":69, "server_received":135, "server_bytes_rx":60, "n2r_latency":999, "hops":1, "rtt_latency":4737, "root_time_now":790300}
[Mote:3] Sensor IPv6 = fe80::203:3:3:3
[Mote:12] Sensor IPv6 = fe80::20c:c:c:c
[Mote:18] Not reachable yet
[Mote:4] Sensor IPv6 = fe80::204:4:4:4
[Mote:16] Not reachable yet
[Mote:9] Not reachable yet
[Mote:1] {"node":"fd00::203:3:3:3", "cpu_energy_mj":18, "lpm_energy_mj":0, "radio_tx_energy_mj":0, "radio_rx_energy_mj":8, "node_time":790830, "total_sent":59, "total_received":57, "bytes_tx":60, "bytes_rx":12, "r2n_latency":12964, "lqi":100, "rssi":-77, "server_sent":60, "server_received":110, "server_bytes_rx":60, "n2r_latency":2620, "hops":3, "rtt_latency":8232, "root_time_now":793450}
[Mote:1] {"node":"fd00::211:11:11:11", "cpu_energy_mj":18, "lpm_energy_mj":0, "radio_tx_energy_mj":0, "radio_rx_energy_mj":8, "node_time":787352, "total_sent":51, "total_received":42, "bytes_tx":60, "bytes_rx":12, "r2n_latency":8824, "lqi":100, "rssi":-59, "server_sent":49, "server_received":82, "server_bytes_rx":60, "n2r_latency":6168, "hops":4, "rtt_latency":7527, "root_time_now":793520}
[Mote:1] {"node":"fd00::204:4:4:4", "cpu_energy_mj":19, "lpm_energy_mj":0, "radio_tx_energy_mj":0, "radio_rx_energy_mj":9, "node_time":791649, "total_sent":59, "total_received":59, "bytes_tx":60, "bytes_rx":12, "r2n_latency":7714, "lqi":100, "rssi":-83, "server_sent":64, "server_received":117, "server_bytes_rx":60, "n2r_latency":1941, "hops":2, "rtt_latency":4312, "root_time_now":793590}
[Mote:10] Not reachable yet
[Mote:7] Sensor IPv6 = fe80::207:7:7:7
[Mote:8] Not reachable yet
[Mote:14] Not reachable yet
[Mote:1] {"node":"fd00::207:7:7:7", "cpu_energy_mj":18, "lpm_energy_mj":0, "radio_tx_energy_mj":0, "radio_rx_energy_mj":8, "node_time":796181, "total_sent":53, "total_received":70, "bytes_tx":60, "bytes_rx":12, "r2n_latency":1015, "lqi":100, "rssi":-91, "server_sent":71, "server_received":102, "server_bytes_rx":60, "n2r_latency":1329, "hops":1, "rtt_latency":1557, "root_time_now":797510}
[Mote:17] Sensor IPv6 = fe80::211:11:11:11
[Mote:6] Sensor IPv6 = fe80::206:6:6:6
[Mote:1] {"node":"fd00::206:6:6:6", "cpu_energy_mj":19, "lpm_energy_mj":0, "radio_tx_energy_mj":1, "radio_rx_energy_mj":8, "node_time":797668, "total_sent":70, "total_received":75, "bytes_tx":60, "bytes_rx":12, "r2n_latency":455, "lqi":100, "rssi":-90, "server_sent":75, "server_received":144, "server_bytes_rx":60, "n2r_latency":52, "hops":0, "rtt_latency":542, "root_time_now":797720}
[Mote:19] Not reachable yet
[Mote:5] Sensor IPv6 = fe80::205:5:5:5
[Mote:13] Sensor IPv6 = fe80::20d:d:d:d
[Mote:11] Not reachable yet
[Mote:15] Not reachable yet
[Mote:2] Not reachable yet
[Mote:3] Sensor IPv6 = fe80::203:3:3:3
[Mote:18] Not reachable yet
[Mote:12] Sensor IPv6 = fe80::20c:c:c:c
[Mote:4] Sensor IPv6 = fe80::204:4:4:4
[Mote:16] Not reachable yet
[Mote:9] Not reachable yet
[Mote:1] {"node":"fd00::20c:c:c:c", "cpu_energy_mj":19, "lpm_energy_mj":0, "radio_tx_energy_mj":0, "radio_rx_energy_mj":9, "node_time":791005, "total_sent":32, "total_received":65, "bytes_tx":60, "bytes_rx":12, "r2n_latency":7654, "lqi":100, "rssi":-72, "server_sent":76, "server_received":65, "server_bytes_rx":60, "n2r_latency":12945, "hops":1, "rtt_latency":3897, "root_time_now":803950}
[Mote:1] {"node":"fd00::211:11:11:11", "cpu_energy_mj":18, "lpm_energy_mj":0, "radio_tx_energy_mj":0, "radio_rx_energy_mj":8, "node_time":797572, "total_sent":52, "total_received":43, "bytes_tx":60, "bytes_rx":12, "r2n_latency":16614, "lqi":100, "rssi":-65, "server_sent":50, "server_received":84, "server_bytes_rx":60, "n2r_latency":6868, "hops":4, "rtt_latency":12192, "root_time_now":804440}
[Mote:1] {"node":"fd00::205:5:5:5", "cpu_energy_mj":19, "lpm_energy_mj":0, "radio_tx_energy_mj":1, "radio_rx_energy_mj":7, "node_time":798926, "total_sent":73, "total_received":77, "bytes_tx":60, "bytes_rx":12, "r2n_latency":6755, "lqi":100, "rssi":-89, "server_sent":78, "server_received":147, "server_bytes_rx":60, "n2r_latency":5584, "hops":0, "rtt_latency":7122, "root_time_now":804510}
[Mote:1] {"node":"fd00::20d:d:d:d", "cpu_energy_mj":18, "lpm_energy_mj":0, "radio_tx_energy_mj":1, "radio_rx_energy_mj":8, "node_time":799412, "total_sent":70, "total_received":68, "bytes_tx":60, "bytes_rx":12, "r2n_latency":9124, "lqi":100, "rssi":-86, "server_sent":70, "server_received":136, "server_bytes_rx":60, "n2r_latency":5168, "hops":1, "rtt_latency":4737, "root_time_now":804580}
[Mote:1] {"node":"fd00::20c:c:c:c", "cpu_energy_mj":19, "lpm_energy_mj":0, "radio_tx_energy_mj":0, "radio_rx_energy_mj":9, "node_time":801838, "total_sent":33, "total_received":66, "bytes_tx":60, "bytes_rx":12, "r2n_latency":7315, "lqi":100, "rssi":-72, "server_sent":76, "server_received":67, "server_bytes_rx":60, "n2r_latency":2812, "hops":1, "rtt_latency":7157, "root_time_now":804650}
[Mote:10] Not reachable yet
[Mote:7] Sensor IPv6 = fe80::207:7:7:7
[Mote:1] {"node":"fd00::207:7:7:7", "cpu_energy_mj":18, "lpm_energy_mj":0, "radio_tx_energy_mj":0, "radio_rx_energy_mj":8, "node_time":806656, "total_sent":54, "total_received":71, "bytes_tx":60, "bytes_rx":12, "r2n_latency":1515, "lqi":100, "rssi":-91, "server_sent":72, "server_received":104, "server_bytes_rx":60, "n2r_latency":94, "hops":1, "rtt_latency":1107, "root_time_now":806750}
[Mote:8] Not reachable yet
[Mote:14] Not reachable yet
[Mote:1] {"node":"fd00::203:3:3:3", "cpu_energy_mj":18, "lpm_energy_mj":0, "radio_tx_energy_mj":0, "radio_rx_energy_mj":8, "node_time":801096, "total_sent":60, "total_received":58, "bytes_tx":60, "bytes_rx":12, "r2n_latency":16054, "lqi":100, "rssi":-77, "server_sent":61, "server_received":112, "server_bytes_rx":60, "n2r_latency":6634, "hops":3, "rtt_latency":12087, "root_time_now":807730}
[Mote:17] Sensor IPv6 = fe80::211:11:11:11
[Mote:1] {"node":"fd00::204:4:4:4", "cpu_energy_mj":19, "lpm_energy_mj":0, "radio_tx_energy_mj":0, "radio_rx_energy_mj":8, "node_time":802207, "total_sent":60, "total_received":61, "bytes_tx":60, "bytes_rx":12, "r2n_latency":11655, "lqi":100, "rssi":-83, "server_sent":65, "server_received":120, "server_bytes_rx":60, "n2r_latency":6223, "hops":2, "rtt_latency":8977, "root_time_now":808430}
[Mote:6] Sensor IPv6 = fe80::206:6:6:6
[Mote:1] {"node":"fd00::206:6:6:6", "cpu_energy_mj":19, "lpm_energy_mj":0, "radio_tx_energy_mj":0, "radio_rx_energy_mj":8, "node_time":808597, "total_sent":71, "total_received":76, "bytes_tx":60, "bytes_rx":12, "r2n_latency":675, "lqi":100, "rssi":-90, "server_sent":76, "server_received":146, "server_bytes_rx":60, "n2r_latency":43, "hops":0, "rtt_latency":652, "root_time_now":808640}
[Mote:19] Not reachable yet
[Mote:1] {"node":"fd00::211:11:11:11", "cpu_energy_mj":18, "lpm_energy_mj":0, "radio_tx_energy_mj":0, "radio_rx_energy_mj":8, "node_time":807794, "total_sent":53, "total_received":44, "bytes_tx":60, "bytes_rx":12, "r2n_latency":13335, "lqi":100, "rssi":-86, "server_sent":50, "server_received":86, "server_bytes_rx":60, "n2r_latency":1686, "hops":4, "rtt_latency":9572, "root_time_now":809480}
[Mote:13] Sensor IPv6 = fe80::20d:d:d:d
[Mote:1] {"node":"fd00::20d:d:d:d", "cpu_energy_mj":18, "lpm_energy_mj":0, "radio_tx_energy_mj":1, "radio_rx_energy_mj":7, "node_time":809525, "total_sent":71, "total_received":69, "bytes_tx":60, "bytes_rx":12, "r2n_latency":10115, "lqi":100, "rssi":-86, "server_sent":70, "server_received":138, "server_bytes_rx":60, "n2r_latency":95, "hops":1, "rtt_latency":7367, "root_time_now":809620}
[Mote:11] Not reachable yet
[Mote:5] Sensor IPv6 = fe80::205:5:5:5
[Mote:1] {"node":"fd00::205:5:5:5", "cpu_energy_mj":19, "lpm_energy_mj":0, "radio_tx_energy_mj":2, "radio_rx_energy_mj":6, "node_time":809716, "total_sent":74, "total_received":78, "bytes_tx":60, "bytes_rx":12, "r2n_latency":4945, "lqi":100, "rssi":-89, "server_sent":78, "server_received":149, "server_bytes_rx":60, "n2r_latency":44, "hops":0, "rtt_latency":2717, "root_time_now":809760}
[Mote:15] Not reachable yet
[Mote:2] Not reachable yet
[Mote:3] Sensor IPv6 = fe80::203:3:3:3
[Mote:18] Not reachable yet
[Mote:12] Sensor IPv6 = fe80::20c:c:c:c
[Mote:16] Not reachable yet
[Mote:4] Sensor IPv6 = fe80::204:4:4:4
[Mote:1] {"node":"fd00::20c:c:c:c", "cpu_energy_mj":19, "lpm_energy_mj":0, "radio_tx_energy_mj":0, "radio_rx_energy_mj":9, "node_time":812671, "total_sent":34, "total_received":67, "bytes_tx":60, "bytes_rx":12, "r2n_latency":6135, "lqi":100, "rssi":-72, "server_sent":77, "server_received":69, "server_bytes_rx":60, "n2r_latency":729, "hops":1, "rtt_latency":3417, "root_time_now":813400}
[Mote:9] Not reachable yet
[Mote:10] Not reachable yet
[Mote:7] Sensor IPv6 = fe80::207:7:7:7
[Mote:1] {"node":"fd00::207:7:7:7", "cpu_energy_mj":18, "lpm_energy_mj":0, "radio_tx_energy_mj":0, "radio_rx_energy_mj":8, "node_time":817132, "total_sent":55, "total_received":72, "bytes_tx":60, "bytes_rx":12, "r2n_latency":1384, "lqi":100, "rssi":-91, "server_sent":73, "server_received":106, "server_bytes_rx":60, "n2r_latency":118, "hops":1, "rtt_latency":2932, "root_time_now":817250}
[Mote:8] Not reachable yet
[Mote:17] Sensor IPv6 = fe80::211:11:11:11
[Mote:14] Not reachable yet
[Mote:1] {"node":"fd00::203:3:3:3", "cpu_energy_mj":18, "lpm_energy_mj":0, "radio_tx_energy_mj":0, "radio_rx_energy_mj":8, "node_time":811360, "total_sent":61, "total_received":59, "bytes_tx":60, "bytes_rx":12, "r2n_latency":12985, "lqi":100, "rssi":-77, "server_sent":62, "server_received":114, "server_bytes_rx":60, "n2r_latency":7150, "hops":3, "rtt_latency":9292, "root_time_now":818510}
[Mote:6] Sensor IPv6 = fe80::206:6:6:6
[Mote:13] Sensor IPv6 = fe80::20d:d:d:d
[Mote:1] {"node":"fd00::204:4:4:4", "cpu_energy_mj":19, "lpm_energy_mj":0, "radio_tx_energy_mj":0, "radio_rx_energy_mj":8, "node_time":812763, "total_sent":61, "total_received":62, "bytes_tx":60, "bytes_rx":12, "r2n_latency":12085, "lqi":100, "rssi":-83, "server_sent":66, "server_received":122, "server_bytes_rx":60, "n2r_latency":6937, "hops":2, "rtt_latency":9367, "root_time_now":819700}
[Mote:11] Not reachable yet
[Mote:19] Not reachable yet
[Mote:5] Sensor IPv6 = fe80::205:5:5:5
[Mote:1] {"node":"fd00::205:5:5:5", "cpu_energy_mj":19, "lpm_energy_mj":0, "radio_tx_energy_mj":1, "radio_rx_energy_mj":7, "node_time":820510, "total_sent":75, "total_received":79, "bytes_tx":60, "bytes_rx":12, "r2n_latency":4534, "lqi":100, "rssi":-89, "server_sent":80, "server_received":151, "server_bytes_rx":60, "n2r_latency":100, "hops":0, "rtt_latency":2372, "root_time_now":820610}
[Mote:1] {"node":"fd00::206:6:6:6", "cpu_energy_mj":19, "lpm_energy_mj":0, "radio_tx_energy_mj":0, "radio_rx_energy_mj":8, "node_time":819526, "total_sent":72, "total_received":77, "bytes_tx":60, "bytes_rx":12, "r2n_latency":614, "lqi":100, "rssi":-90, "server_sent":78, "server_received":148, "server_bytes_rx":60, "n2r_latency":1154, "hops":0, "rtt_latency":1777, "root_time_now":820680}
[Mote:15] Not reachable yet
[Mote:2] Not reachable yet
[Mote:3] Sensor IPv6 = fe80::203:3:3:3
[Mote:16] Not reachable yet
[Mote:18] Not reachable yet
[Mote:4] Sensor IPv6 = fe80::204:4:4:4
[Mote:12] Sensor IPv6 = fe80::20c:c:c:c
[Mote:1] {"node":"fd00::211:11:11:11", "cpu_energy_mj":18, "lpm_energy_mj":0, "radio_tx_energy_mj":0, "radio_rx_energy_mj":8, "node_time":818012, "total_sent":54, "total_received":45, "bytes_tx":60, "bytes_rx":12, "r2n_latency":14395, "lqi":100, "rssi":-93, "server_sent":52, "server_received":88, "server_bytes_rx":60, "n2r_latency":6378, "hops":4, "rtt_latency":9962, "root_time_now":824390}
[Mote:1] {"node":"fd00::20d:d:d:d", "cpu_energy_mj":18, "lpm_energy_mj":0, "radio_tx_energy_mj":1, "radio_rx_energy_mj":7, "node_time":819640, "total_sent":72, "total_received":71, "bytes_tx":60, "bytes_rx":12, "r2n_latency":8034, "lqi":100, "rssi":-86, "server_sent":72, "server_received":141, "server_bytes_rx":60, "n2r_latency":5100, "hops":1, "rtt_latency":7027, "root_time_now":824740}
[Mote:9] Not reachable yet
[Mote:10] Not reachable yet
[Mote:1] {"node":"fd00::20c:c:c:c", "cpu_energy_mj":19, "lpm_energy_mj":0, "radio_tx_energy_mj":0, "radio_rx_energy_mj":8, "node_time":823504, "total_sent":35, "total_received":69, "bytes_tx":60, "bytes_rx":12, "r2n_latency":2374, "lqi":100, "rssi":-72, "server_sent":78, "server_received":72, "server_bytes_rx":60, "n2r_latency":3896, "hops":1, "rtt_latency":3357, "root_time_now":827400}
[Mote:7] Sensor IPv6 = fe80::207:7:7:7
[Mote:8] Not reachable yet
[Mote:17] Sensor IPv6 = fe80::211:11:11:11
[Mote:1] {"node":"fd00::207:7:7:7", "cpu_energy_mj":18, "lpm_energy_mj":0, "radio_tx_energy_mj":0, "radio_rx_energy_mj":8, "node_time":827611, "total_sent":56, "total_received":73, "bytes_tx":60, "bytes_rx":12, "r2n_latency":1114, "lqi":100, "rssi":-91, "server_sent":74, "server_received":108, "server_bytes_rx":60, "n2r_latency":839, "hops":1, "rtt_latency":1922, "root_time_now":828450}
[Mote:1] {"node":"fd00::203:3:3:3", "cpu_energy_mj":18, "lpm_energy_mj":0, "radio_tx_energy_mj":0, "radio_rx_energy_mj":8, "node_time":821622, "total_sent":62, "total_received":61, "bytes_tx":60, "bytes_rx":12, "r2n_latency":11324, "lqi":100, "rssi":-77, "server_sent":63, "server_received":117, "server_bytes_rx":60, "n2r_latency":6968, "hops":3, "rtt_latency":8042, "root_time_now":828590}
[Mote:14] Not reachable yet
[Mote:1] {"node":"fd00::204:4:4:4", "cpu_energy_mj":19, "lpm_energy_mj":0, "radio_tx_energy_mj":1, "radio_rx_energy_mj":8, "node_time":823318, "total_sent":62, "total_received":63, "bytes_tx":60, "bytes_rx":12, "r2n_latency":9294, "lqi":100, "rssi":-83, "server_sent":67, "server_received":124, "server_bytes_rx":60, "n2r_latency":6042, "hops":2, "rtt_latency":7552, "root_time_now":829360}
[Mote:13] Sensor IPv6 = fe80::20d:d:d:d
[Mote:1] {"node":"fd00::20d:d:d:d", "cpu_energy_mj":18, "lpm_energy_mj":0, "radio_tx_energy_mj":1, "radio_rx_energy_mj":7, "node_time":829753, "total_sent":73, "total_received":72, "bytes_tx":60, "bytes_rx":12, "r2n_latency":3144, "lqi":100, "rssi":-86, "server_sent":72, "server_received":143, "server_bytes_rx":60, "n2r_latency":97, "hops":1, "rtt_latency":3917, "root_time_now":829850}
[Mote:11] Not reachable yet
[Mote:6] Sensor IPv6 = fe80::206:6:6:6
[Mote:1] {"node":"fd00::206:6:6:6", "cpu_energy_mj":19, "lpm_energy_mj":0, "radio_tx_energy_mj":1, "radio_rx_energy_mj":8, "node_time":830457, "total_sent":73, "total_received":79, "bytes_tx":60, "bytes_rx":12, "r2n_latency":284, "lqi":100, "rssi":-90, "server_sent":79, "server_received":151, "server_bytes_rx":60, "n2r_latency":373, "hops":0, "rtt_latency":282, "root_time_now":830830}
[Mote:19] Not reachable yet
[Mote:1] {"node":"fd00::211:11:11:11", "cpu_energy_mj":18, "lpm_energy_mj":0, "radio_tx_energy_mj":0, "radio_rx_energy_mj":8, "node_time":828232, "total_sent":55, "total_received":46, "bytes_tx":60, "bytes_rx":12, "r2n_latency":12584, "lqi":100, "rssi":-93, "server_sent":53, "server_received":90, "server_bytes_rx":60, "n2r_latency":2808, "hops":4, "rtt_latency":9512, "root_time_now":831040}
[Mote:5] Sensor IPv6 = fe80::205:5:5:5
[Mote:1] {"node":"fd00::205:5:5:5", "cpu_energy_mj":19, "lpm_energy_mj":0, "radio_tx_energy_mj":2, "radio_rx_energy_mj":6, "node_time":831300, "total_sent":76, "total_received":80, "bytes_tx":60, "bytes_rx":12, "r2n_latency":2094, "lqi":100, "rssi":-89, "server_sent":81, "server_received":153, "server_bytes_rx":60, "n2r_latency":90, "hops":0, "rtt_latency":1117, "root_time_now":831390}
[Mote:15] Not reachable yet
[Mote:2] Not reachable yet
[Mote:3] Sensor IPv6 = fe80::203:3:3:3
[Mote:16] Not reachable yet
[Mote:18] Not reachable yet
[Mote:1] {"node":"fd00::203:3:3:3", "cpu_energy_mj":18, "lpm_energy_mj":0, "radio_tx_energy_mj":0, "radio_rx_energy_mj":8, "node_time":831886, "total_sent":63, "total_received":62, "bytes_tx":60, "bytes_rx":12, "r2n_latency":9304, "lqi":100, "rssi":-77, "server_sent":64, "server_received":119, "server_bytes_rx":60, "n2r_latency":1604, "hops":3, "rtt_latency":5667, "root_time_now":833490}
[Mote:4] Sensor IPv6 = fe80::204:4:4:4
[Mote:12] Sensor IPv6 = fe80::20c:c:c:c
[Mote:1] {"node":"fd00::204:4:4:4", "cpu_energy_mj":19, "lpm_energy_mj":0, "radio_tx_energy_mj":0, "radio_rx_energy_mj":8, "node_time":833874, "total_sent":63, "total_received":64, "bytes_tx":60, "bytes_rx":12, "r2n_latency":5804, "lqi":100, "rssi":-83, "server_sent":68, "server_received":126, "server_bytes_rx":60, "n2r_latency":666, "hops":2, "rtt_latency":4757, "root_time_now":834540}
[Mote:1] {"node":"fd00::20c:c:c:c", "cpu_energy_mj":19, "lpm_energy_mj":0, "radio_tx_energy_mj":0, "radio_rx_energy_mj":9, "node_time":834340, "total_sent":36, "total_received":69, "bytes_tx":60, "bytes_rx":12, "r2n_latency":2374, "lqi":100, "rssi":-72, "server_sent":79, "server_received":73, "server_bytes_rx":60, "n2r_latency":550, "hops":1, "rtt_latency":3357, "root_time_now":834890}
[Mote:9] Not reachable yet
[Mote:10] Not reachable yet
[Mote:7] Sensor IPv6 = fe80::207:7:7:7
[Mote:1] {"node":"fd00::207:7:7:7", "cpu_energy_mj":18, "lpm_energy_mj":0, "radio_tx_energy_mj":0, "radio_rx_energy_mj":8, "node_time":838084, "total_sent":57, "total_received":74, "bytes_tx":60, "bytes_rx":12, "r2n_latency":1544, "lqi":100, "rssi":-91, "server_sent":75, "server_received":110, "server_bytes_rx":60, "n2r_latency":96, "hops":1, "rtt_latency":842, "root_time_now":838180}
[Mote:8] Not reachable yet
[Mote:17] Sensor IPv6 = fe80::211:11:11:11
[Mote:1] {"node":"fd00::211:11:11:11", "cpu_energy_mj":18, "lpm_energy_mj":0, "radio_tx_energy_mj":0, "radio_rx_energy_mj":8, "node_time":838454, "total_sent":56, "total_received":47, "bytes_tx":60, "bytes_rx":12, "r2n_latency":14064, "lqi":100, "rssi":-93, "server_sent":53, "server_received":92, "server_bytes_rx":60, "n2r_latency":776, "hops":4, "rtt_latency":7872, "root_time_now":839230}
[Mote:14] Not reachable yet
[Mote:13] Sensor IPv6 = fe80::20d:d:d:d
[Mote:11] Not reachable yet
[Mote:6] Sensor IPv6 = fe80::206:6:6:6
[Mote:19] Not reachable yet
[Mote:15] Not reachable yet
[Mote:5] Sensor IPv6 = fe80::205:5:5:5
[Mote:3] Sensor IPv6 = fe80::203:3:3:3
[Mote:2] Not reachable yet
[Mote:16] Not reachable yet
[Mote:1] {"node":"fd00::206:6:6:6", "cpu_energy_mj":19, "lpm_energy_mj":0, "radio_tx_energy_mj":0, "radio_rx_energy_mj":8, "node_time":841386, "total_sent":74, "total_received":80, "bytes_tx":60, "bytes_rx":12, "r2n_latency":434, "lqi":100, "rssi":-90, "server_sent":80, "server_received":153, "server_bytes_rx":60, "n2r_latency":1834, "hops":0, "rtt_latency":1582, "root_time_now":843220}
[Mote:18] Not reachable yet
[Mote:4] Sensor IPv6 = fe80::204:4:4:4
[Mote:12] Sensor IPv6 = fe80::20c:c:c:c
[Mote:10] Not reachable yet
[Mote:9] Not reachable yet
[Mote:1] {"node":"fd00::205:5:5:5", "cpu_energy_mj":19, "lpm_energy_mj":0, "radio_tx_energy_mj":2, "radio_rx_energy_mj":7, "node_time":842092, "total_sent":77, "total_received":81, "bytes_tx":60, "bytes_rx":12, "r2n_latency":4064, "lqi":100, "rssi":-89, "server_sent":82, "server_received":155, "server_bytes_rx":60, "n2r_latency":5748, "hops":0, "rtt_latency":2137, "root_time_now":847840}
[Mote:1] {"node":"fd00::20d:d:d:d", "cpu_energy_mj":18, "lpm_energy_mj":0, "radio_tx_energy_mj":1, "radio_rx_energy_mj":8, "node_time":839864, "total_sent":74, "total_received":73, "bytes_tx":60, "bytes_rx":12, "r2n_latency":5884, "lqi":100, "rssi":-86, "server_sent":74, "server_received":145, "server_bytes_rx":60, "n2r_latency":8116, "hops":1, "rtt_latency":3047, "root_time_now":847980}
[Mote:1] {"node":"fd00::20c:c:c:c", "cpu_energy_mj":19, "lpm_energy_mj":0, "radio_tx_energy_mj":0, "radio_rx_energy_mj":8, "node_time":845170, "total_sent":37, "total_received":71, "bytes_tx":60, "bytes_rx":12, "r2n_latency":3934, "lqi":100, "rssi":-72, "server_sent":80, "server_received":76, "server_bytes_rx":60, "n2r_latency":2950, "hops":1, "rtt_latency":4032, "root_time_now":848120}
[Mote:1] {"node":"fd00::203:3:3:3", "cpu_energy_mj":18, "lpm_energy_mj":0, "radio_tx_energy_mj":0, "radio_rx_energy_mj":8, "node_time":842150, "total_sent":64, "total_received":63, "bytes_tx":60, "bytes_rx":12, "r2n_latency":7914, "lqi":100, "rssi":-77, "server_sent":65, "server_received":121, "server_bytes_rx":60, "n2r_latency":6040, "hops":3, "rtt_latency":4447, "root_time_now":848190}
[Mote:1] {"node":"fd00::204:4:4:4", "cpu_energy_mj":19, "lpm_energy_mj":0, "radio_tx_energy_mj":0, "radio_rx_energy_mj":8, "node_time":844429, "total_sent":64, "total_received":65, "bytes_tx":60, "bytes_rx":12, "r2n_latency":6584, "lqi":100, "rssi":-83, "server_sent":69, "server_received":128, "server_bytes_rx":60, "n2r_latency":3831, "hops":2, "rtt_latency":3467, "root_time_now":848260}
[Mote:7] Sensor IPv6 = fe80::207:7:7:7
[Mote:17] Sensor IPv6 = fe80::211:11:11:11
[Mote:8] Not reachable yet
[Mote:1] {"node":"fd00::211:11:11:11", "cpu_energy_mj":18, "lpm_energy_mj":0, "radio_tx_energy_mj":0, "radio_rx_energy_mj":8, "node_time":848672, "total_sent":57, "total_received":48, "bytes_tx":60, "bytes_rx":12, "r2n_latency":8964, "lqi":100, "rssi":-93, "server_sent":54, "server_received":94, "server_bytes_rx":60, "n2r_latency":428, "hops":4, "rtt_latency":7877, "root_time_now":849100}
[Mote:1] {"node":"fd00::207:7:7:7", "cpu_energy_mj":18, "lpm_energy_mj":0, "radio_tx_energy_mj":0, "radio_rx_energy_mj":8, "node_time":848563, "total_sent":58, "total_received":75, "bytes_tx":60, "bytes_rx":12, "r2n_latency":1694, "lqi":100, "rssi":-91, "server_sent":76, "server_received":112, "server_bytes_rx":60, "n2r_latency":607, "hops":1, "rtt_latency":1652, "root_time_now":849170}
[Mote:13] Sensor IPv6 = fe80::20d:d:d:d
[Mote:11] Not reachable yet
[Mote:14] Not reachable yet
[Mote:1] {"node":"fd00::20d:d:d:d", "cpu_energy_mj":18, "lpm_energy_mj":0, "radio_tx_energy_mj":1, "radio_rx_energy_mj":8, "node_time":849978, "total_sent":75, "total_received":74, "bytes_tx":60, "bytes_rx":12, "r2n_latency":4984, "lqi":100, "rssi":-86, "server_sent":75, "server_received":147, "server_bytes_rx":60, "n2r_latency":802, "hops":1, "rtt_latency":4172, "root_time_now":850780}
[Mote:6] Sensor IPv6 = fe80::206:6:6:6
[Mote:3] Sensor IPv6 = fe80::203:3:3:3
[Mote:15] Not reachable yet
[Mote:19] Not reachable yet
[Mote:2] Not reachable yet
[Mote:16] Not reachable yet
[Mote:5] Sensor IPv6 = fe80::205:5:5:5
[Mote:1] {"node":"fd00::205:5:5:5", "cpu_energy_mj":19, "lpm_energy_mj":0, "radio_tx_energy_mj":2, "radio_rx_energy_mj":7, "node_time":852886, "total_sent":78, "total_received":83, "bytes_tx":60, "bytes_rx":12, "r2n_latency":1566, "lqi":100, "rssi":-89, "server_sent":83, "server_received":158, "server_bytes_rx":60, "n2r_latency":414, "hops":0, "rtt_latency":1448, "root_time_now":853300}
[Mote:18] Not reachable yet
[Mote:4] Sensor IPv6 = fe80::204:4:4:4
[Mote:10] Not reachable yet
[Mote:1] {"node":"fd00::206:6:6:6", "cpu_energy_mj":19, "lpm_energy_mj":0, "radio_tx_energy_mj":0, "radio_rx_energy_mj":8, "node_time":852315, "total_sent":75, "total_received":81, "bytes_tx":60, "bytes_rx":12, "r2n_latency":236, "lqi":100, "rssi":-90, "server_sent":81, "server_received":155, "server_bytes_rx":60, "n2r_latency":3645, "hops":0, "rtt_latency":503, "root_time_now":855960}
[Mote:12] Sensor IPv6 = fe80::20c:c:c:c
[Mote:1] {"node":"fd00::20c:c:c:c", "cpu_energy_mj":19, "lpm_energy_mj":0, "radio_tx_energy_mj":0, "radio_rx_energy_mj":8, "node_time":856003, "total_sent":38, "total_received":72, "bytes_tx":60, "bytes_rx":12, "r2n_latency":2196, "lqi":100, "rssi":-72, "server_sent":81, "server_received":78, "server_bytes_rx":60, "n2r_latency":307, "hops":1, "rtt_latency":1623, "root_time_now":856310}
[Mote:9] Not reachable yet
[Mote:1] {"node":"fd00::203:3:3:3", "cpu_energy_mj":18, "lpm_energy_mj":0, "radio_tx_energy_mj":0, "radio_rx_energy_mj":8, "node_time":852416, "total_sent":65, "total_received":64, "bytes_tx":60, "bytes_rx":12, "r2n_latency":10024, "lqi":100, "rssi":-77, "server_sent":66, "server_received":123, "server_bytes_rx":60, "n2r_latency":5084, "hops":3, "rtt_latency":8442, "root_time_now":857500}
[Mote:1] {"node":"fd00::204:4:4:4", "cpu_energy_mj":19, "lpm_energy_mj":0, "radio_tx_energy_mj":0, "radio_rx_energy_mj":8, "node_time":854987, "total_sent":65, "total_received":67, "bytes_tx":60, "bytes_rx":12, "r2n_latency":4086, "lqi":100, "rssi":-83, "server_sent":70, "server_received":131, "server_bytes_rx":60, "n2r_latency":3703, "hops":2, "rtt_latency":3933, "root_time_now":858690}
[Mote:17] Sensor IPv6 = fe80::211:11:11:11
[Mote:7] Sensor IPv6 = fe80::207:7:7:7
[Mote:8] Not reachable yet
[Mote:1] {"node":"fd00::211:11:11:11", "cpu_energy_mj":18, "lpm_energy_mj":0, "radio_tx_energy_mj":0, "radio_rx_energy_mj":8, "node_time":858892, "total_sent":58, "total_received":50, "bytes_tx":60, "bytes_rx":12, "r2n_latency":5486, "lqi":100, "rssi":-93, "server_sent":55, "server_received":97, "server_bytes_rx":60, "n2r_latency":848, "hops":4, "rtt_latency":4423, "root_time_now":859740}
[Mote:1] {"node":"fd00::207:7:7:7", "cpu_energy_mj":18, "lpm_energy_mj":0, "radio_tx_energy_mj":0, "radio_rx_energy_mj":8, "node_time":859038, "total_sent":59, "total_received":76, "bytes_tx":60, "bytes_rx":12, "r2n_latency":1496, "lqi":100, "rssi":-91, "server_sent":77, "server_received":114, "server_bytes_rx":60, "n2r_latency":772, "hops":1, "rtt_latency":3023, "root_time_now":859810}
[Mote:13] Sensor IPv6 = fe80::20d:d:d:d
[Mote:11] Not reachable yet
[Mote:14] Not reachable yet
[Mote:3] Sensor IPv6 = fe80::203:3:3:3
[Mote:16] Not reachable yet
[Mote:15] Not reachable yet
[Mote:6] Sensor IPv6 = fe80::206:6:6:6
[Mote:2] Not reachable yet
[Mote:1] {"node":"fd00::206:6:6:6", "cpu_energy_mj":19, "lpm_energy_mj":0, "radio_tx_energy_mj":1, "radio_rx_energy_mj":8, "node_time":863244, "total_sent":76, "total_received":82, "bytes_tx":60, "bytes_rx":12, "r2n_latency":384, "lqi":100, "rssi":-90, "server_sent":82, "server_received":157, "server_bytes_rx":60, "n2r_latency":276, "hops":0, "rtt_latency":1522, "root_time_now":863520}
[Mote:19] Not reachable yet
[Mote:5] Sensor IPv6 = fe80::205:5:5:5
[Mote:18] Not reachable yet
[Mote:4] Sensor IPv6 = fe80::204:4:4:4
[Mote:10] Not reachable yet
[Mote:1] {"node":"fd00::20d:d:d:d", "cpu_energy_mj":18, "lpm_energy_mj":0, "radio_tx_energy_mj":1, "radio_rx_energy_mj":7, "node_time":860090, "total_sent":76, "total_received":75, "bytes_tx":60, "bytes_rx":12, "r2n_latency":3456, "lqi":100, "rssi":-86, "server_sent":76, "server_received":149, "server_bytes_rx":60, "n2r_latency":6160, "hops":1, "rtt_latency":3828, "root_time_now":866250}
[Mote:1] {"node":"fd00::203:3:3:3", "cpu_energy_mj":18, "lpm_energy_mj":0, "radio_tx_energy_mj":0, "radio_rx_energy_mj":8, "node_time":862681, "total_sent":66, "total_received":65, "bytes_tx":60, "bytes_rx":12, "r2n_latency":4646, "lqi":100, "rssi":-77, "server_sent":67, "server_received":125, "server_bytes_rx":60, "n2r_latency":3709, "hops":3, "rtt_latency":4073, "root_time_now":866390}
[Mote:1] {"node":"fd00::205:5:5:5", "cpu_energy_mj":19, "lpm_energy_mj":0, "radio_tx_energy_mj":2, "radio_rx_energy_mj":7, "node_time":863678, "total_sent":79, "total_received":84, "bytes_tx":60, "bytes_rx":12, "r2n_latency":34, "lqi":100, "rssi":-89, "server_sent":84, "server_received":160, "server_bytes_rx":60, "n2r_latency":2782, "hops":0, "rtt_latency":1032, "root_time_now":866460}
[Mote:12] Sensor IPv6 = fe80::20c:c:c:c
[Mote:1] {"node":"fd00::20c:c:c:c", "cpu_energy_mj":19, "lpm_energy_mj":0, "radio_tx_energy_mj":0, "radio_rx_energy_mj":8, "node_time":866839, "total_sent":39, "total_received":73, "bytes_tx":60, "bytes_rx":12, "r2n_latency":734, "lqi":100, "rssi":-72, "server_sent":82, "server_received":80, "server_bytes_rx":60, "n2r_latency":111, "hops":1, "rtt_latency":3097, "root_time_now":866950}
[Mote:9] Not reachable yet
[Mote:1] {"node":"fd00::204:4:4:4", "cpu_energy_mj":19, "lpm_energy_mj":0, "radio_tx_energy_mj":0, "radio_rx_energy_mj":8, "node_time":865543, "total_sent":66, "total_received":68, "bytes_tx":60, "bytes_rx":12, "r2n_latency":3394, "lqi":100, "rssi":-83, "server_sent":71, "server_received":133, "server_bytes_rx":60, "n2r_latency":3227, "hops":2, "rtt_latency":3272, "root_time_now":868770}
[Mote:17] Sensor IPv6 = fe80::211:11:11:11
[Mote:1] {"node":"fd00::211:11:11:11", "cpu_energy_mj":18, "lpm_energy_mj":0, "radio_tx_energy_mj":0, "radio_rx_energy_mj":8, "node_time":869112, "total_sent":59, "total_received":51, "bytes_tx":60, "bytes_rx":12, "r2n_latency":5914, "lqi":100, "rssi":-71, "server_sent":56, "server_received":99, "server_bytes_rx":60, "n2r_latency":288, "hops":4, "rtt_latency":4532, "root_time_now":869400}
[Mote:7] Sensor IPv6 = fe80::207:7:7:7
[Mote:1] {"node":"fd00::207:7:7:7", "cpu_energy_mj":18, "lpm_energy_mj":0, "radio_tx_energy_mj":0, "radio_rx_energy_mj":8, "node_time":869515, "total_sent":60, "total_received":77, "bytes_tx":60, "bytes_rx":12, "r2n_latency":4024, "lqi":100, "rssi":-91, "server_sent":78, "server_received":116, "server_bytes_rx":60, "n2r_latency":95, "hops":1, "rtt_latency":2082, "root_time_now":869610}
[Mote:8] Not reachable yet
[Mote:13] Sensor IPv6 = fe80::20d:d:d:d
[Mote:11] Not reachable yet
[Mote:1] {"node":"fd00::20d:d:d:d", "cpu_energy_mj":18, "lpm_energy_mj":0, "radio_tx_energy_mj":1, "radio_rx_energy_mj":7, "node_time":870203, "total_sent":77, "total_received":76, "bytes_tx":60, "bytes_rx":12, "r2n_latency":2344, "lqi":100, "rssi":-86, "server_sent":77, "server_received":151, "server_bytes_rx":60, "n2r_latency":807, "hops":1, "rtt_latency":3167, "root_time_now":871010}
[Mote:14] Not reachable yet
[Mote:3] Sensor IPv6 = fe80::203:3:3:3
[Mote:16] Not reachable yet
[Mote:15] Not reachable yet
[Mote:2] Not reachable yet
[Mote:6] Sensor IPv6 = fe80::206:6:6:6
[Mote:5] Sensor IPv6 = fe80::205:5:5:5
[Mote:19] Not reachable yet
[Mote:1] {"node":"fd00::206:6:6:6", "cpu_energy_mj":19, "lpm_energy_mj":0, "radio_tx_energy_mj":0, "radio_rx_energy_mj":8, "node_time":874175, "total_sent":77, "total_received":83, "bytes_tx":60, "bytes_rx":12, "r2n_latency":744, "lqi":100, "rssi":-90, "server_sent":83, "server_received":159, "server_bytes_rx":60, "n2r_latency":1315, "hops":0, "rtt_latency":547, "root_time_now":875490}
[Mote:18] Not reachable yet
[Mote:1] {"node":"fd00::205:5:5:5", "cpu_energy_mj":19, "lpm_energy_mj":0, "radio_tx_energy_mj":1, "radio_rx_energy_mj":7, "node_time":874470, "total_sent":80, "total_received":85, "bytes_tx":60, "bytes_rx":12, "r2n_latency":44, "lqi":100, "rssi":-89, "server_sent":85, "server_received":162, "server_bytes_rx":60, "n2r_latency":1230, "hops":0, "rtt_latency":267, "root_time_now":875700}
[Mote:4] Sensor IPv6 = fe80::204:4:4:4
[Mote:10] Not reachable yet
[Mote:12] Sensor IPv6 = fe80::20c:c:c:c
[Mote:9] Not reachable yet
[Mote:1] {"node":"fd00::203:3:3:3", "cpu_energy_mj":18, "lpm_energy_mj":0, "radio_tx_energy_mj":0, "radio_rx_energy_mj":8, "node_time":872942, "total_sent":67, "total_received":66, "bytes_tx":60, "bytes_rx":12, "r2n_latency":5354, "lqi":100, "rssi":-77, "server_sent":68, "server_received":127, "server_bytes_rx":60, "n2r_latency":5138, "hops":3, "rtt_latency":3307, "root_time_now":878080}
[Mote:17] Sensor IPv6 = fe80::211:11:11:11
[Mote:7] Sensor IPv6 = fe80::207:7:7:7
[Mote:8] Not reachable yet
[Mote:13] Sensor IPv6 = fe80::20d:d:d:d
[Mote:11] Not reachable yet
[Mote:14] Not reachable yet
[Mote:16] Not reachable yet
[Mote:3] Sensor IPv6 = fe80::203:3:3:3
[Mote:1] {"node":"fd00::20c:c:c:c", "cpu_energy_mj":19, "lpm_energy_mj":0, "radio_tx_energy_mj":0, "radio_rx_energy_mj":8, "node_time":877672, "total_sent":40, "total_received":74, "bytes_tx":60, "bytes_rx":12, "r2n_latency":2774, "lqi":100, "rssi":-72, "server_sent":84, "server_received":82, "server_bytes_rx":60, "n2r_latency":5658, "hops":1, "rtt_latency":1597, "root_time_now":883330}
[Mote:1] {"node":"fd00::204:4:4:4", "cpu_energy_mj":19, "lpm_energy_mj":0, "radio_tx_energy_mj":0, "radio_rx_energy_mj":8, "node_time":876097, "total_sent":67, "total_received":69, "bytes_tx":60, "bytes_rx":12, "r2n_latency":3964, "lqi":100, "rssi":-83, "server_sent":73, "server_received":134, "server_bytes_rx":60, "n2r_latency":7583, "hops":2, "rtt_latency":3272, "root_time_now":883680}
[Mote:1] {"node":"fd00::211:11:11:11", "cpu_energy_mj":18, "lpm_energy_mj":0, "radio_tx_energy_mj":0, "radio_rx_energy_mj":8, "node_time":879334, "total_sent":60, "total_received":51, "bytes_tx":60, "bytes_rx":12, "r2n_latency":5914, "lqi":100, "rssi":-71, "server_sent":58, "server_received":100, "server_bytes_rx":60, "n2r_latency":4696, "hops":4, "rtt_latency":4532, "root_time_now":884030}
[Mote:15] Not reachable yet
[Mote:1] {"node":"fd00::20d:d:d:d", "cpu_energy_mj":18, "lpm_energy_mj":0, "radio_tx_energy_mj":1, "radio_rx_energy_mj":8, "node_time":880319, "total_sent":78, "total_received":77, "bytes_tx":60, "bytes_rx":12, "r2n_latency":3334, "lqi":100, "rssi":-86, "server_sent":78, "server_received":153, "server_bytes_rx":60, "n2r_latency":3851, "hops":1, "rtt_latency":2822, "root_time_now":884170}
[Mote:2] Not reachable yet
[Mote:6] Sensor IPv6 = fe80::206:6:6:6
[Mote:1] {"node":"fd00::206:6:6:6", "cpu_energy_mj":19, "lpm_energy_mj":0, "radio_tx_energy_mj":1, "radio_rx_energy_mj":8, "node_time":885101, "total_sent":78, "total_received":84, "bytes_tx":60, "bytes_rx":12, "r2n_latency":544, "lqi":100, "rssi":-90, "server_sent":84, "server_received":161, "server_bytes_rx":60, "n2r_latency":49, "hops":0, "rtt_latency":517, "root_time_now":885150}
[Mote:5] Sensor IPv6 = fe80::205:5:5:5
[Mote:1] {"node":"fd00::205:5:5:5", "cpu_energy_mj":19, "lpm_energy_mj":0, "radio_tx_energy_mj":2, "radio_rx_energy_mj":7, "node_time":885262, "total_sent":81, "total_received":86, "bytes_tx":60, "bytes_rx":12, "r2n_latency":54, "lqi":100, "rssi":-89, "server_sent":86, "server_received":164, "server_bytes_rx":60, "n2r_latency":28, "hops":0, "rtt_latency":2057, "root_time_now":885290}
[Mote:19] Not reachable yet
[Mote:1] {"node":"fd00::207:7:7:7", "cpu_energy_mj":18, "lpm_energy_mj":0, "radio_tx_energy_mj":0, "radio_rx_energy_mj":8, "node_time":879988, "total_sent":61, "total_received":78, "bytes_tx":60, "bytes_rx":12, "r2n_latency":2494, "lqi":100, "rssi":-91, "server_sent":80, "server_received":118, "server_bytes_rx":60, "n2r_latency":5722, "hops":1, "rtt_latency":1317, "root_time_now":885710}
[Mote:18] Not reachable yet
[Mote:10] Not reachable yet
[Mote:4] Sensor IPv6 = fe80::204:4:4:4
[Mote:9] Not reachable yet
[Mote:12] Sensor IPv6 = fe80::20c:c:c:c
[Mote:1] {"node":"fd00::20c:c:c:c", "cpu_energy_mj":19, "lpm_energy_mj":0, "radio_tx_energy_mj":1, "radio_rx_energy_mj":8, "node_time":888502, "total_sent":41, "total_received":75, "bytes_tx":60, "bytes_rx":12, "r2n_latency":264, "lqi":100, "rssi":-72, "server_sent":84, "server_received":84, "server_bytes_rx":60, "n2r_latency":568, "hops":1, "rtt_latency":2162, "root_time_now":889070}
[Mote:17] Sensor IPv6 = fe80::211:11:11:11
[Mote:1] {"node":"fd00::203:3:3:3", "cpu_energy_mj":18, "lpm_energy_mj":0, "radio_tx_energy_mj":0, "radio_rx_energy_mj":8, "node_time":883205, "total_sent":68, "total_received":68, "bytes_tx":60, "bytes_rx":12, "r2n_latency":3204, "lqi":100, "rssi":-77, "server_sent":69, "server_received":130, "server_bytes_rx":60, "n2r_latency":6775, "hops":3, "rtt_latency":4822, "root_time_now":889980}
[Mote:13] Not reachable yet
[Mote:7] Sensor IPv6 = fe80::207:7:7:7
[Mote:11] Not reachable yet
[Mote:8] Not reachable yet
[Mote:16] Not reachable yet
[Mote:14] Not reachable yet
[Mote:3] Sensor IPv6 = fe80::203:3:3:3
[Mote:1] {"node":"fd00::207:7:7:7", "cpu_energy_mj":18, "lpm_energy_mj":0, "radio_tx_energy_mj":0, "radio_rx_energy_mj":8, "node_time":890467, "total_sent":62, "total_received":79, "bytes_tx":60, "bytes_rx":12, "r2n_latency":2154, "lqi":100, "rssi":-91, "server_sent":81, "server_received":120, "server_bytes_rx":60, "n2r_latency":3573, "hops":1, "rtt_latency":3037, "root_time_now":894040}
[Mote:15] Not reachable yet
[Mote:2] Not reachable yet
[Mote:6] Sensor IPv6 = fe80::206:6:6:6
[Mote:5] Sensor IPv6 = fe80::205:5:5:5
[Mote:1] {"node":"fd00::206:6:6:6", "cpu_energy_mj":19, "lpm_energy_mj":0, "radio_tx_energy_mj":1, "radio_rx_energy_mj":8, "node_time":896031, "total_sent":79, "total_received":85, "bytes_tx":60, "bytes_rx":12, "r2n_latency":767, "lqi":100, "rssi":-90, "server_sent":85, "server_received":163, "server_bytes_rx":60, "n2r_latency":39, "hops":0, "rtt_latency":1048, "root_time_now":896070}
[Mote:19] Sensor IPv6 = fe80::213:13:13:13
[Mote:10] Not reachable yet
[Mote:18] Sensor IPv6 = fe80::212:12:12:12
[Mote:4] Sensor IPv6 = fe80::204:4:4:4
[Mote:1] {"node":"fd00::205:5:5:5", "cpu_energy_mj":19, "lpm_energy_mj":0, "radio_tx_energy_mj":1, "radio_rx_energy_mj":7, "node_time":896054, "total_sent":82, "total_received":87, "bytes_tx":60, "bytes_rx":12, "r2n_latency":67, "lqi":100, "rssi":-89, "server_sent":87, "server_received":166, "server_bytes_rx":60, "n2r_latency":1696, "hops":0, "rtt_latency":2343, "root_time_now":897750}
[Mote:1] {"node":"fd00::212:12:12:12", "cpu_energy_mj":1367, "lpm_energy_mj":0, "radio_tx_energy_mj":10, "radio_rx_energy_mj":3540, "node_time":896679, "total_sent":4, "total_received":15, "bytes_tx":60, "bytes_rx":12, "r2n_latency":2937, "lqi":100, "rssi":-87, "server_sent":78, "server_received":6, "server_bytes_rx":60, "n2r_latency":1421, "hops":2, "rtt_latency":3848, "root_time_now":898100}
[Mote:9] Not reachable yet
[Mote:12] Sensor IPv6 = fe80::20c:c:c:c
[Mote:1] {"node":"fd00::203:3:3:3", "cpu_energy_mj":18, "lpm_energy_mj":0, "radio_tx_energy_mj":0, "radio_rx_energy_mj":8, "node_time":893472, "total_sent":69, "total_received":68, "bytes_tx":60, "bytes_rx":12, "r2n_latency":3204, "lqi":100, "rssi":-77, "server_sent":70, "server_received":131, "server_bytes_rx":60, "n2r_latency":5888, "hops":3, "rtt_latency":4822, "root_time_now":899360}
[Mote:1] {"node":"fd00::20c:c:c:c", "cpu_energy_mj":19, "lpm_energy_mj":0, "radio_tx_energy_mj":1, "radio_rx_energy_mj":7, "node_time":899334, "total_sent":42, "total_received":76, "bytes_tx":60, "bytes_rx":12, "r2n_latency":347, "lqi":100, "rssi":-72, "server_sent":85, "server_received":86, "server_bytes_rx":60, "n2r_latency":236, "hops":1, "rtt_latency":2868, "root_time_now":899570}
[Mote:17] Sensor IPv6 = fe80::211:11:11:11
[Mote:13] Not reachable yet
[Mote:11] Not reachable yet
[Mote:7] Sensor IPv6 = fe80::207:7:7:7
[Mote:8] Not reachable yet
[Mote:16] Not reachable yet
[Mote:3] Sensor IPv6 = fe80::203:3:3:3
[Mote:14] Not reachable yet
[Mote:15] Not reachable yet
[Mote:1] {"node":"fd00::204:4:4:4", "cpu_energy_mj":19, "lpm_energy_mj":0, "radio_tx_energy_mj":0, "radio_rx_energy_mj":8, "node_time":897211, "total_sent":69, "total_received":71, "bytes_tx":60, "bytes_rx":12, "r2n_latency":2447, "lqi":100, "rssi":-83, "server_sent":75, "server_received":137, "server_bytes_rx":60, "n2r_latency":8239, "hops":2, "rtt_latency":4548, "root_time_now":905450}
[Mote:2] Not reachable yet
[Mote:1] {"node":"fd00::207:7:7:7", "cpu_energy_mj":18, "lpm_energy_mj":0, "radio_tx_energy_mj":0, "radio_rx_energy_mj":8, "node_time":900941, "total_sent":63, "total_received":80, "bytes_tx":60, "bytes_rx":12, "r2n_latency":1397, "lqi":100, "rssi":-91, "server_sent":82, "server_received":122, "server_bytes_rx":60, "n2r_latency":5069, "hops":1, "rtt_latency":2378, "root_time_now":906010}
[Mote:10] Not reachable yet
[Mote:5] Sensor IPv6 = fe80::205:5:5:5
[Mote:6] Sensor IPv6 = fe80::206:6:6:6
[Mote:1] {"node":"fd00::206:6:6:6", "cpu_energy_mj":19, "lpm_energy_mj":0, "radio_tx_energy_mj":1, "radio_rx_energy_mj":8, "node_time":906960, "total_sent":80, "total_received":86, "bytes_tx":60, "bytes_rx":12, "r2n_latency":144, "lqi":100, "rssi":-90, "server_sent":86, "server_received":165, "server_bytes_rx":60, "n2r_latency":100, "hops":0, "rtt_latency":2837, "root_time_now":907060}
[Mote:18] Sensor IPv6 = fe80::212:12:12:12
[Mote:19] Not reachable yet
[Mote:4] Sensor IPv6 = fe80::204:4:4:4
[Mote:9] Not reachable yet
[Mote:17] Sensor IPv6 = fe80::211:11:11:11
[Mote:12] Sensor IPv6 = fe80::20c:c:c:c
[Mote:13] Not reachable yet
[Mote:11] Not reachable yet
[Mote:7] Sensor IPv6 = fe80::207:7:7:7
[Mote:8] Not reachable yet
[Mote:16] Not reachable yet
[Mote:3] Sensor IPv6 = fe80::203:3:3:3
[Mote:1] {"node":"fd00::205:5:5:5", "cpu_energy_mj":19, "lpm_energy_mj":0, "radio_tx_energy_mj":1, "radio_rx_energy_mj":8, "node_time":906846, "total_sent":83, "total_received":88, "bytes_tx":60, "bytes_rx":12, "r2n_latency":494, "lqi":100, "rssi":-89, "server_sent":89, "server_received":168, "server_bytes_rx":60, "n2r_latency":7424, "hops":0, "rtt_latency":772, "root_time_now":914270}
[Mote:1] {"node":"fd00::212:12:12:12", "cpu_energy_mj":18, "lpm_energy_mj":0, "radio_tx_energy_mj":0, "radio_rx_energy_mj":9, "node_time":907228, "total_sent":5, "total_received":15, "bytes_tx":60, "bytes_rx":12, "r2n_latency":2937, "lqi":100, "rssi":-87, "server_sent":80, "server_received":7, "server_bytes_rx":60, "n2r_latency":7112, "hops":2, "rtt_latency":3848, "root_time_now":914340}
[Mote:1] {"node":"fd00::211:11:11:11", "cpu_energy_mj":18, "lpm_energy_mj":0, "radio_tx_energy_mj":0, "radio_rx_energy_mj":8, "node_time":899772, "total_sent":62, "total_received":53, "bytes_tx":60, "bytes_rx":12, "r2n_latency":8467, "lqi":100, "rssi":-89, "server_sent":61, "server_received":103, "server_bytes_rx":60, "n2r_latency":14638, "hops":4, "rtt_latency":7943, "root_time_now":914410}
[Mote:1] {"node":"fd00::203:3:3:3", "cpu_energy_mj":18, "lpm_energy_mj":0, "radio_tx_energy_mj":0, "radio_rx_energy_mj":8, "node_time":903732, "total_sent":70, "total_received":69, "bytes_tx":60, "bytes_rx":12, "r2n_latency":4547, "lqi":100, "rssi":-77, "server_sent":72, "server_received":133, "server_bytes_rx":60, "n2r_latency":10748, "hops":3, "rtt_latency":6928, "root_time_now":914480}
[Mote:1] {"node":"fd00::204:4:4:4", "cpu_energy_mj":19, "lpm_energy_mj":0, "radio_tx_energy_mj":0, "radio_rx_energy_mj":8, "node_time":907765, "total_sent":70, "total_received":71, "bytes_tx":60, "bytes_rx":12, "r2n_latency":2447, "lqi":100, "rssi":-83, "server_sent":76, "server_received":138, "server_bytes_rx":60, "n2r_latency":6995, "hops":2, "rtt_latency":4548, "root_time_now":914760}
[Mote:1] {"node":"fd00::211:11:11:11", "cpu_energy_mj":18, "lpm_energy_mj":0, "radio_tx_energy_mj":0, "radio_rx_energy_mj":8, "node_time":909994, "total_sent":63, "total_received":53, "bytes_tx":60, "bytes_rx":12, "r2n_latency":8467, "lqi":100, "rssi":-89, "server_sent":61, "server_received":104, "server_bytes_rx":60, "n2r_latency":4836, "hops":4, "rtt_latency":7943, "root_time_now":914830}
[Mote:14] Not reachable yet
[Mote:1] {"node":"fd00::20c:c:c:c", "cpu_energy_mj":19, "lpm_energy_mj":0, "radio_tx_energy_mj":1, "radio_rx_energy_mj":8, "node_time":910167, "total_sent":43, "total_received":77, "bytes_tx":60, "bytes_rx":12, "r2n_latency":774, "lqi":100, "rssi":-72, "server_sent":87, "server_received":88, "server_bytes_rx":60, "n2r_latency":5363, "hops":1, "rtt_latency":1297, "root_time_now":915530}
[Mote:15] Not reachable yet
[Mote:1] {"node":"fd00::207:7:7:7", "cpu_energy_mj":18, "lpm_energy_mj":0, "radio_tx_energy_mj":0, "radio_rx_energy_mj":8, "node_time":911417, "total_sent":64, "total_received":82, "bytes_tx":60, "bytes_rx":12, "r2n_latency":1204, "lqi":100, "rssi":-91, "server_sent":83, "server_received":125, "server_bytes_rx":60, "n2r_latency":4393, "hops":1, "rtt_latency":1617, "root_time_now":915810}
[Mote:2] Not reachable yet
[Mote:1] {"node":"fd00::203:3:3:3", "cpu_energy_mj":18, "lpm_energy_mj":0, "radio_tx_energy_mj":0, "radio_rx_energy_mj":8, "node_time":913998, "total_sent":71, "total_received":70, "bytes_tx":60, "bytes_rx":12, "r2n_latency":12604, "lqi":100, "rssi":-77, "server_sent":72, "server_received":135, "server_bytes_rx":60, "n2r_latency":2512, "hops":3, "rtt_latency":7737, "root_time_now":916510}
[Mote:10] Not reachable yet
[Mote:5] Sensor IPv6 = fe80::205:5:5:5
[Mote:1] {"node":"fd00::205:5:5:5", "cpu_energy_mj":19, "lpm_energy_mj":0, "radio_tx_energy_mj":1, "radio_rx_energy_mj":8, "node_time":917638, "total_sent":84, "total_received":88, "bytes_tx":60, "bytes_rx":12, "r2n_latency":494, "lqi":100, "rssi":-89, "server_sent":89, "server_received":169, "server_bytes_rx":60, "n2r_latency":132, "hops":0, "rtt_latency":772, "root_time_now":917770}
[Mote:18] Sensor IPv6 = fe80::212:12:12:12
[Mote:6] Sensor IPv6 = fe80::206:6:6:6
[Mote:1] {"node":"fd00::206:6:6:6", "cpu_energy_mj":19, "lpm_energy_mj":0, "radio_tx_energy_mj":1, "radio_rx_energy_mj":8, "node_time":917887, "total_sent":81, "total_received":87, "bytes_tx":60, "bytes_rx":12, "r2n_latency":14, "lqi":100, "rssi":-90, "server_sent":87, "server_received":167, "server_bytes_rx":60, "n2r_latency":23, "hops":0, "rtt_latency":462, "root_time_now":917910}
[Mote:19] Not reachable yet
[Mote:4] Sensor IPv6 = fe80::204:4:4:4
[Mote:1] {"node":"fd00::204:4:4:4", "cpu_energy_mj":19, "lpm_energy_mj":0, "radio_tx_energy_mj":0, "radio_rx_energy_mj":9, "node_time":918323, "total_sent":71, "total_received":72, "bytes_tx":60, "bytes_rx":12, "r2n_latency":12044, "lqi":100, "rssi":-83, "server_sent":76, "server_received":140, "server_bytes_rx":60, "n2r_latency":217, "hops":2, "rtt_latency":7702, "root_time_now":918540}
[Mote:9] Not reachable yet
[Mote:17] Sensor IPv6 = fe80::211:11:11:11
[Mote:13] Sensor IPv6 = fe80::20d:d:d:d
[Mote:11] Not reachable yet
[Mote:12] Sensor IPv6 = fe80::20c:c:c:c
[Mote:7] Sensor IPv6 = fe80::207:7:7:7
[Mote:8] Not reachable yet
[Mote:16] Not reachable yet
[Mote:1] {"node":"fd00::20c:c:c:c", "cpu_energy_mj":19, "lpm_energy_mj":0, "radio_tx_energy_mj":1, "radio_rx_energy_mj":8, "node_time":921001, "total_sent":44, "total_received":78, "bytes_tx":60, "bytes_rx":12, "r2n_latency":8974, "lqi":100, "rssi":-72, "server_sent":88, "server_received":90, "server_bytes_rx":60, "n2r_latency":2369, "hops":1, "rtt_latency":6307, "root_time_now":923370}
[Mote:3] Sensor IPv6 = fe80::203:3:3:3
[Mote:14] Not reachable yet
[Mote:15] Not reachable yet
[Mote:2] Not reachable yet
[Mote:1] {"node":"fd00::207:7:7:7", "cpu_energy_mj":18, "lpm_energy_mj":0, "radio_tx_energy_mj":0, "radio_rx_energy_mj":8, "node_time":921893, "total_sent":65, "total_received":83, "bytes_tx":60, "bytes_rx":12, "r2n_latency":1354, "lqi":100, "rssi":-91, "server_sent":84, "server_received":127, "server_bytes_rx":60, "n2r_latency":5047, "hops":1, "rtt_latency":3442, "root_time_now":926940}
[Mote:10] Not reachable yet
[Mote:18] Not reachable yet
[Mote:1] {"node":"fd00::20d:d:d:d", "cpu_energy_mj":72, "lpm_energy_mj":0, "radio_tx_energy_mj":5, "radio_rx_energy_mj":30, "node_time":920770, "total_sent":79, "total_received":81, "bytes_tx":60, "bytes_rx":12, "r2n_latency":9604, "lqi":100, "rssi":-86, "server_sent":82, "server_received":158, "server_bytes_rx":60, "n2r_latency":7640, "hops":1, "rtt_latency":5222, "root_time_now":928410}
[Mote:5] Sensor IPv6 = fe80::205:5:5:5
[Mote:1] {"node":"fd00::205:5:5:5", "cpu_energy_mj":19, "lpm_energy_mj":0, "radio_tx_energy_mj":1, "radio_rx_energy_mj":7, "node_time":928428, "total_sent":85, "total_received":89, "bytes_tx":60, "bytes_rx":12, "r2n_latency":8764, "lqi":100, "rssi":-89, "server_sent":90, "server_received":171, "server_bytes_rx":60, "n2r_latency":122, "hops":0, "rtt_latency":4522, "root_time_now":928550}
[Mote:6] Sensor IPv6 = fe80::206:6:6:6
[Mote:4] Not reachable yet
[Mote:19] Not reachable yet
[Mote:1] {"node":"fd00::206:6:6:6", "cpu_energy_mj":19, "lpm_energy_mj":0, "radio_tx_energy_mj":0, "radio_rx_energy_mj":8, "node_time":928820, "total_sent":82, "total_received":88, "bytes_tx":60, "bytes_rx":12, "r2n_latency":24, "lqi":100, "rssi":-90, "server_sent":88, "server_received":169, "server_bytes_rx":60, "n2r_latency":430, "hops":0, "rtt_latency":3407, "root_time_now":929250}
[Mote:17] Sensor IPv6 = fe80::211:11:11:11
[Mote:9] Not reachable yet
[Mote:13] Not reachable yet
[Mote:11] Not reachable yet
[Mote:12] Sensor IPv6 = fe80::20c:c:c:c
[Mote:7] Sensor IPv6 = fe80::207:7:7:7
[Mote:8] Not reachable yet
[Mote:16] Not reachable yet
[Mote:1] {"node":"fd00::207:7:7:7", "cpu_energy_mj":18, "lpm_energy_mj":0, "radio_tx_energy_mj":0, "radio_rx_energy_mj":8, "node_time":932368, "total_sent":66, "total_received":84, "bytes_tx":60, "bytes_rx":12, "r2n_latency":945, "lqi":100, "rssi":-91, "server_sent":85, "server_received":129, "server_bytes_rx":60, "n2r_latency":872, "hops":1, "rtt_latency":892, "root_time_now":933240}
[Mote:3] Not reachable yet
[Mote:1] {"node":"fd00::20c:c:c:c", "cpu_energy_mj":19, "lpm_energy_mj":0, "radio_tx_energy_mj":1, "radio_rx_energy_mj":8, "node_time":931835, "total_sent":45, "total_received":79, "bytes_tx":60, "bytes_rx":12, "r2n_latency":10244, "lqi":100, "rssi":-72, "server_sent":89, "server_received":92, "server_bytes_rx":60, "n2r_latency":2735, "hops":1, "rtt_latency":7082, "root_time_now":934570}
[Mote:14] Not reachable yet
[Mote:15] Not reachable yet
[Mote:2] Not reachable yet
[Mote:10] Not reachable yet
[Mote:18] Not reachable yet
[Mote:5] Sensor IPv6 = fe80::205:5:5:5
[Mote:4] Not reachable yet
[Mote:6] Sensor IPv6 = fe80::206:6:6:6
[Mote:1] {"node":"fd00::206:6:6:6", "cpu_energy_mj":19, "lpm_energy_mj":0, "radio_tx_energy_mj":0, "radio_rx_energy_mj":8, "node_time":939747, "total_sent":83, "total_received":89, "bytes_tx":60, "bytes_rx":12, "r2n_latency":105, "lqi":100, "rssi":-90, "server_sent":89, "server_received":171, "server_bytes_rx":60, "n2r_latency":73, "hops":0, "rtt_latency":857, "root_time_now":939820}
[Mote:19] Not reachable yet
[Mote:17] Not reachable yet
[Mote:13] Not reachable yet
[Mote:9] Not reachable yet
[Mote:11] Not reachable yet
[Mote:12] Sensor IPv6 = fe80::20c:c:c:c
[Mote:7] Sensor IPv6 = fe80::207:7:7:7
[Mote:1] {"node":"fd00::207:7:7:7", "cpu_energy_mj":18, "lpm_energy_mj":0, "radio_tx_energy_mj":0, "radio_rx_energy_mj":8, "node_time":942844, "total_sent":67, "total_received":85, "bytes_tx":60, "bytes_rx":12, "r2n_latency":744, "lqi":100, "rssi":-91, "server_sent":86, "server_received":131, "server_bytes_rx":60, "n2r_latency":126, "hops":1, "rtt_latency":1422, "root_time_now":942970}
[Mote:8] Not reachable yet
[Mote:16] Not reachable yet
[Mote:3] Not reachable yet
[Mote:1] {"node":"fd00::205:5:5:5", "cpu_energy_mj":19, "lpm_energy_mj":0, "radio_tx_energy_mj":1, "radio_rx_energy_mj":7, "node_time":939222, "total_sent":86, "total_received":91, "bytes_tx":60, "bytes_rx":12, "r2n_latency":7595, "lqi":100, "rssi":-89, "server_sent":92, "server_received":174, "server_bytes_rx":60, "n2r_latency":6548, "hops":0, "rtt_latency":4602, "root_time_now":945770}
[Mote:1] {"node":"fd00::20c:c:c:c", "cpu_energy_mj":19, "lpm_energy_mj":0, "radio_tx_energy_mj":1, "radio_rx_energy_mj":7, "node_time":942667, "total_sent":46, "total_received":80, "bytes_tx":60, "bytes_rx":12, "r2n_latency":8015, "lqi":100, "rssi":-72, "server_sent":90, "server_received":94, "server_bytes_rx":60, "n2r_latency":3173, "hops":1, "rtt_latency":7367, "root_time_now":945840}
[Mote:14] Not reachable yet
[Mote:15] Not reachable yet
[Mote:10] Not reachable yet
[Mote:2] Not reachable yet
[Mote:18] Not reachable yet
[Mote:4] Not reachable yet
[Mote:5] Sensor IPv6 = fe80::205:5:5:5
[Mote:6] Sensor IPv6 = fe80::206:6:6:6
[Mote:17] Not reachable yet
[Mote:1] {"node":"fd00::206:6:6:6", "cpu_energy_mj":19, "lpm_energy_mj":0, "radio_tx_energy_mj":0, "radio_rx_energy_mj":8, "node_time":950676, "total_sent":84, "total_received":91, "bytes_tx":60, "bytes_rx":12, "r2n_latency":335, "lqi":100, "rssi":-90, "server_sent":91, "server_received":174, "server_bytes_rx":60, "n2r_latency":274, "hops":0, "rtt_latency":272, "root_time_now":950950}
[Mote:19] Not reachable yet
[Mote:13] Sensor IPv6 = fe80::20d:d:d:d
[Mote:11] Not reachable yet
[Mote:9] Not reachable yet
[Mote:16] Not reachable yet
[Mote:7] Sensor IPv6 = fe80::207:7:7:7
[Mote:12] Sensor IPv6 = fe80::20c:c:c:c
[Mote:8] Not reachable yet
[Mote:3] Not reachable yet
[Mote:1] {"node":"fd00::207:7:7:7", "cpu_energy_mj":18, "lpm_energy_mj":0, "radio_tx_energy_mj":0, "radio_rx_energy_mj":8, "node_time":953320, "total_sent":68, "total_received":86, "bytes_tx":60, "bytes_rx":12, "r2n_latency":1175, "lqi":100, "rssi":-91, "server_sent":87, "server_received":132, "server_bytes_rx":60, "n2r_latency":3650, "hops":1, "rtt_latency":1422, "root_time_now":956970}
[Mote:1] {"node":"fd00::205:5:5:5", "cpu_energy_mj":19, "lpm_energy_mj":0, "radio_tx_energy_mj":1, "radio_rx_energy_mj":8, "node_time":950014, "total_sent":87, "total_received":91, "bytes_tx":60, "bytes_rx":12, "r2n_latency":7595, "lqi":100, "rssi":-89, "server_sent":93, "server_received":175, "server_bytes_rx":60, "n2r_latency":7656, "hops":0, "rtt_latency":4602, "root_time_now":957670}
[Mote:10] Not reachable yet
[Mote:15] Not reachable yet
[Mote:1] {"node":"fd00::20d:d:d:d", "cpu_energy_mj":54, "lpm_energy_mj":0, "radio_tx_energy_mj":4, "radio_rx_energy_mj":22, "node_time":951108, "total_sent":80, "total_received":83, "bytes_tx":60, "bytes_rx":12, "r2n_latency":11865, "lqi":100, "rssi":-86, "server_sent":85, "server_received":161, "server_bytes_rx":60, "n2r_latency":6772, "hops":1, "rtt_latency":9222, "root_time_now":957880}
[Mote:14] Not reachable yet
[Mote:1] {"node":"fd00::20c:c:c:c", "cpu_energy_mj":19, "lpm_energy_mj":0, "radio_tx_energy_mj":1, "radio_rx_energy_mj":8, "node_time":953503, "total_sent":47, "total_received":81, "bytes_tx":60, "bytes_rx":12, "r2n_latency":11944, "lqi":100, "rssi":-72, "server_sent":91, "server_received":96, "server_bytes_rx":60, "n2r_latency":4587, "hops":1, "rtt_latency":9017, "root_time_now":958090}
[Mote:2] Not reachable yet
[Mote:18] Not reachable yet
[Mote:4] Sensor IPv6 = fe80::204:4:4:4
[Mote:5] Sensor IPv6 = fe80::205:5:5:5
[Mote:17] Not reachable yet
[Mote:13] Sensor IPv6 = fe80::20d:d:d:d
[Mote:11] Not reachable yet
[Mote:6] Sensor IPv6 = fe80::206:6:6:6
[Mote:19] Not reachable yet
[Mote:9] Not reachable yet
[Mote:1] {"node":"fd00::205:5:5:5", "cpu_energy_mj":19, "lpm_energy_mj":0, "radio_tx_energy_mj":2, "radio_rx_energy_mj":7, "node_time":960806, "total_sent":88, "total_received":93, "bytes_tx":60, "bytes_rx":12, "r2n_latency":9995, "lqi":100, "rssi":-89, "server_sent":94, "server_received":178, "server_bytes_rx":60, "n2r_latency":2394, "hops":0, "rtt_latency":6572, "root_time_now":963200}
[Mote:16] Not reachable yet
[Mote:1] {"node":"fd00::204:4:4:4", "cpu_energy_mj":76, "lpm_energy_mj":0, "radio_tx_energy_mj":3, "radio_rx_energy_mj":34, "node_time":960549, "total_sent":72, "total_received":76, "bytes_tx":60, "bytes_rx":12, "r2n_latency":14954, "lqi":100, "rssi":-83, "server_sent":81, "server_received":144, "server_bytes_rx":60, "n2r_latency":2791, "hops":2, "rtt_latency":9397, "root_time_now":963340}
[Mote:7] Not reachable yet
[Mote:1] {"node":"fd00::20d:d:d:d", "cpu_energy_mj":18, "lpm_energy_mj":0, "radio_tx_energy_mj":0, "radio_rx_energy_mj":8, "node_time":961222, "total_sent":81, "total_received":84, "bytes_tx":60, "bytes_rx":12, "r2n_latency":14464, "lqi":100, "rssi":-86, "server_sent":86, "server_received":163, "server_bytes_rx":60, "n2r_latency":2818, "hops":1, "rtt_latency":9087, "root_time_now":964040}
[Mote:8] Not reachable yet
[Mote:12] Sensor IPv6 = fe80::20c:c:c:c
[Mote:3] Not reachable yet
[Mote:1] {"node":"fd00::20c:c:c:c", "cpu_energy_mj":19, "lpm_energy_mj":0, "radio_tx_energy_mj":1, "radio_rx_energy_mj":8, "node_time":964333, "total_sent":48, "total_received":82, "bytes_tx":60, "bytes_rx":12, "r2n_latency":10975, "lqi":100, "rssi":-72, "server_sent":92, "server_received":98, "server_bytes_rx":60, "n2r_latency":1177, "hops":1, "rtt_latency":6642, "root_time_now":965510}
[Mote:1] {"node":"fd00::206:6:6:6", "cpu_energy_mj":19, "lpm_energy_mj":0, "radio_tx_energy_mj":1, "radio_rx_energy_mj":8, "node_time":961605, "total_sent":85, "total_received":92, "bytes_tx":60, "bytes_rx":12, "r2n_latency":415, "lqi":100, "rssi":-90, "server_sent":92, "server_received":176, "server_bytes_rx":60, "n2r_latency":4325, "hops":0, "rtt_latency":557, "root_time_now":965930}
[Mote:10] Not reachable yet
[Mote:15] Not reachable yet
[Mote:2] Not reachable yet
[Mote:14] Not reachable yet
[Mote:18] Not reachable yet
[Mote:4] Sensor IPv6 = fe80::204:4:4:4
[Mote:17] Not reachable yet
[Mote:13] Sensor IPv6 = fe80::20d:d:d:d
[Mote:1] {"node":"fd00::204:4:4:4", "cpu_energy_mj":19, "lpm_energy_mj":0, "radio_tx_energy_mj":0, "radio_rx_energy_mj":8, "node_time":971105, "total_sent":73, "total_received":77, "bytes_tx":60, "bytes_rx":12, "r2n_latency":14615, "lqi":100, "rssi":-83, "server_sent":82, "server_received":146, "server_bytes_rx":60, "n2r_latency":355, "hops":2, "rtt_latency":7517, "root_time_now":971460}
[Mote:5] Sensor IPv6 = fe80::205:5:5:5
[Mote:11] Not reachable yet
[Mote:1] {"node":"fd00::205:5:5:5", "cpu_energy_mj":19, "lpm_energy_mj":0, "radio_tx_energy_mj":1, "radio_rx_energy_mj":7, "node_time":971601, "total_sent":89, "total_received":94, "bytes_tx":60, "bytes_rx":12, "r2n_latency":10355, "lqi":100, "rssi":-89, "server_sent":95, "server_received":180, "server_bytes_rx":60, "n2r_latency":699, "hops":0, "rtt_latency":5282, "root_time_now":972300}
[Mote:6] Sensor IPv6 = fe80::206:6:6:6
[Mote:9] Not reachable yet
[Mote:19] Not reachable yet
[Mote:1] {"node":"fd00::206:6:6:6", "cpu_energy_mj":19, "lpm_energy_mj":0, "radio_tx_energy_mj":1, "radio_rx_energy_mj":8, "node_time":972534, "total_sent":86, "total_received":93, "bytes_tx":60, "bytes_rx":12, "r2n_latency":914, "lqi":100, "rssi":-90, "server_sent":93, "server_received":178, "server_bytes_rx":60, "n2r_latency":396, "hops":0, "rtt_latency":1402, "root_time_now":972930}
[Mote:16] Not reachable yet
[Mote:7] Sensor IPv6 = fe80::207:7:7:7
[Mote:8] Not reachable yet
[Mote:1] {"node":"fd00::207:7:7:7", "cpu_energy_mj":37, "lpm_energy_mj":0, "radio_tx_energy_mj":1, "radio_rx_energy_mj":16, "node_time":974272, "total_sent":69, "total_received":88, "bytes_tx":60, "bytes_rx":12, "r2n_latency":2034, "lqi":100, "rssi":-91, "server_sent":89, "server_received":135, "server_bytes_rx":60, "n2r_latency":548, "hops":1, "rtt_latency":1437, "root_time_now":974820}
[Mote:12] Not reachable yet
[Mote:3] Not reachable yet
[Mote:10] Not reachable yet
[Mote:15] Not reachable yet
[Mote:2] Not reachable yet
[Mote:14] Not reachable yet
[Mote:18] Not reachable yet
[Mote:13] Not reachable yet
[Mote:17] Not reachable yet
[Mote:4] Sensor IPv6 = fe80::204:4:4:4
[Mote:11] Not reachable yet
[Mote:5] Sensor IPv6 = fe80::205:5:5:5
[Mote:16] Not reachable yet
[Mote:9] Not reachable yet
[Mote:6] Sensor IPv6 = fe80::206:6:6:6
[Mote:19] Not reachable yet
[Mote:1] {"node":"fd00::205:5:5:5", "cpu_energy_mj":19, "lpm_energy_mj":0, "radio_tx_energy_mj":1, "radio_rx_energy_mj":7, "node_time":982390, "total_sent":90, "total_received":96, "bytes_tx":60, "bytes_rx":12, "r2n_latency":226, "lqi":100, "rssi":-89, "server_sent":96, "server_received":183, "server_bytes_rx":60, "n2r_latency":1670, "hops":0, "rtt_latency":2003, "root_time_now":984060}
[Mote:7] Sensor IPv6 = fe80::207:7:7:7
[Mote:1] {"node":"fd00::206:6:6:6", "cpu_energy_mj":19, "lpm_energy_mj":0, "radio_tx_energy_mj":1, "radio_rx_energy_mj":8, "node_time":983462, "total_sent":87, "total_received":94, "bytes_tx":60, "bytes_rx":12, "r2n_latency":576, "lqi":100, "rssi":-90, "server_sent":94, "server_received":180, "server_bytes_rx":60, "n2r_latency":1368, "hops":0, "rtt_latency":2388, "root_time_now":984830}
[Mote:8] Not reachable yet
[Mote:3] Not reachable yet
[Mote:12] Not reachable yet
[Mote:1] {"node":"fd00::207:7:7:7", "cpu_energy_mj":18, "lpm_energy_mj":0, "radio_tx_energy_mj":0, "radio_rx_energy_mj":8, "node_time":984748, "total_sent":70, "total_received":89, "bytes_tx":60, "bytes_rx":12, "r2n_latency":1416, "lqi":100, "rssi":-91, "server_sent":90, "server_received":137, "server_bytes_rx":60, "n2r_latency":2462, "hops":1, "rtt_latency":2668, "root_time_now":987210}
[Mote:10] Not reachable yet
[Mote:15] Not reachable yet
[Mote:2] Sensor IPv6 = fe80::202:2:2:2
[Mote:1] {"node":"fd00::202:2:2:2", "cpu_energy_mj":492, "lpm_energy_mj":0, "radio_tx_energy_mj":5, "radio_rx_energy_mj":1347, "node_time":989755, "total_sent":32, "total_received":89, "bytes_tx":60, "bytes_rx":12, "r2n_latency":366, "lqi":100, "rssi":-83, "server_sent":96, "server_received":59, "server_bytes_rx":60, "n2r_latency":45, "hops":0, "rtt_latency":883, "root_time_now":989800}
[Mote:14] Not reachable yet
[Mote:13] Not reachable yet
[Mote:18] Not reachable yet
[Mote:17] Not reachable yet
[Mote:11] Not reachable yet
[Mote:4] Sensor IPv6 = fe80::204:4:4:4
[Mote:5] Sensor IPv6 = fe80::205:5:5:5
[Mote:1] {"node":"fd00::205:5:5:5", "cpu_energy_mj":19, "lpm_energy_mj":0, "radio_tx_energy_mj":0, "radio_rx_energy_mj":8, "node_time":993182, "total_sent":91, "total_received":97, "bytes_tx":60, "bytes_rx":12, "r2n_latency":24, "lqi":100, "rssi":-89, "server_sent":97, "server_received":185, "server_bytes_rx":60, "n2r_latency":48, "hops":0, "rtt_latency":1552, "root_time_now":993230}
[Mote:16] Not reachable yet
[Mote:9] Not reachable yet
[Mote:6] Sensor IPv6 = fe80::206:6:6:6
[Mote:1] {"node":"fd00::206:6:6:6", "cpu_energy_mj":19, "lpm_energy_mj":0, "radio_tx_energy_mj":0, "radio_rx_energy_mj":8, "node_time":994392, "total_sent":88, "total_received":95, "bytes_tx":60, "bytes_rx":12, "r2n_latency":444, "lqi":100, "rssi":-90, "server_sent":95, "server_received":182, "server_bytes_rx":60, "n2r_latency":28, "hops":0, "rtt_latency":1482, "root_time_now":994420}
[Mote:19] Not reachable yet
[Mote:7] Sensor IPv6 = fe80::207:7:7:7
[Mote:8] Not reachable yet
[Mote:3] Not reachable yet
[Mote:12] Not reachable yet
[Mote:1] {"node":"fd00::207:7:7:7", "cpu_energy_mj":18, "lpm_energy_mj":0, "radio_tx_energy_mj":0, "radio_rx_energy_mj":8, "node_time":995224, "total_sent":71, "total_received":90, "bytes_tx":60, "bytes_rx":12, "r2n_latency":1704, "lqi":100, "rssi":-91, "server_sent":91, "server_received":139, "server_bytes_rx":60, "n2r_latency":3186, "hops":1, "rtt_latency":2812, "root_time_now":998410}
[Mote:10] Not reachable yet
[Mote:15] Not reachable yet
[Mote:2] Sensor IPv6 = fe80::202:2:2:2
[Mote:14] Not reachable yet
[Mote:1] {"node":"fd00::202:2:2:2", "cpu_energy_mj":18, "lpm_energy_mj":0, "radio_tx_energy_mj":0, "radio_rx_energy_mj":8, "node_time":1000284, "total_sent":33, "total_received":91, "bytes_tx":60, "bytes_rx":12, "r2n_latency":174, "lqi":100, "rssi":-83, "server_sent":98, "server_received":62, "server_bytes_rx":60, "n2r_latency":1276, "hops":0, "rtt_latency":472, "root_time_now":1001560}
[Mote:13] Not reachable yet
[Mote:11] Not reachable yet
[Mote:17] Not reachable yet
[Mote:18] Not reachable yet
[Mote:4] Sensor IPv6 = fe80::204:4:4:4
[Mote:16] Not reachable yet
[Mote:5] Sensor IPv6 = fe80::205:5:5:5
[Mote:1] {"node":"fd00::205:5:5:5", "cpu_energy_mj":19, "lpm_energy_mj":0, "radio_tx_energy_mj":0, "radio_rx_energy_mj":8, "node_time":1003973, "total_sent":92, "total_received":98, "bytes_tx":60, "bytes_rx":12, "r2n_latency":34, "lqi":100, "rssi":-89, "server_sent":98, "server_received":187, "server_bytes_rx":60, "n2r_latency":37, "hops":0, "rtt_latency":1522, "root_time_now":1004010}
[Mote:9] Not reachable yet
[Mote:6] Sensor IPv6 = fe80::206:6:6:6
[Mote:1] {"node":"fd00::206:6:6:6", "cpu_energy_mj":19, "lpm_energy_mj":0, "radio_tx_energy_mj":1, "radio_rx_energy_mj":8, "node_time":1005321, "total_sent":89, "total_received":96, "bytes_tx":60, "bytes_rx":12, "r2n_latency":1154, "lqi":100, "rssi":-90, "server_sent":96, "server_received":184, "server_bytes_rx":60, "n2r_latency":19, "hops":0, "rtt_latency":2082, "root_time_now":1005340}
[Mote:19] Not reachable yet
[Mote:7] Sensor IPv6 = fe80::207:7:7:7
[Mote:1] {"node":"fd00::207:7:7:7", "cpu_energy_mj":18, "lpm_energy_mj":0, "radio_tx_energy_mj":0, "radio_rx_energy_mj":8, "node_time":1005703, "total_sent":72, "total_received":91, "bytes_tx":60, "bytes_rx":12, "r2n_latency":1924, "lqi":100, "rssi":-91, "server_sent":92, "server_received":141, "server_bytes_rx":60, "n2r_latency":127, "hops":1, "rtt_latency":2117, "root_time_now":1005830}
[Mote:8] Not reachable yet
[Mote:3] Not reachable yet
[Mote:12] Not reachable yet
[Mote:10] Not reachable yet
[Mote:15] Not reachable yet
[Mote:2] Sensor IPv6 = fe80::202:2:2:2
[Mote:14] Not reachable yet
[Mote:13] Not reachable yet
[Mote:1] {"node":"fd00::202:2:2:2", "cpu_energy_mj":18, "lpm_energy_mj":0, "radio_tx_energy_mj":0, "radio_rx_energy_mj":8, "node_time":1010815, "total_sent":34, "total_received":92, "bytes_tx":60, "bytes_rx":12, "r2n_latency":184, "lqi":100, "rssi":-83, "server_sent":99, "server_received":64, "server_bytes_rx":60, "n2r_latency":1245, "hops":0, "rtt_latency":722, "root_time_now":1012060}
[Mote:11] Not reachable yet
[Mote:17] Not reachable yet
[Mote:18] Not reachable yet
[Mote:4] Not reachable yet
[Mote:16] Not reachable yet
[Mote:5] Sensor IPv6 = fe80::205:5:5:5
[Mote:1] {"node":"fd00::205:5:5:5", "cpu_energy_mj":19, "lpm_energy_mj":0, "radio_tx_energy_mj":0, "radio_rx_energy_mj":8, "node_time":1014765, "total_sent":93, "total_received":99, "bytes_tx":60, "bytes_rx":12, "r2n_latency":44, "lqi":100, "rssi":-89, "server_sent":99, "server_received":189, "server_bytes_rx":60, "n2r_latency":25, "hops":0, "rtt_latency":1457, "root_time_now":1014790}
[Mote:9] Not reachable yet
[Mote:7] Sensor IPv6 = fe80::207:7:7:7
[Mote:6] Sensor IPv6 = fe80::206:6:6:6
[Mote:1] {"node":"fd00::207:7:7:7", "cpu_energy_mj":18, "lpm_energy_mj":0, "radio_tx_energy_mj":0, "radio_rx_energy_mj":8, "node_time":1016177, "total_sent":73, "total_received":92, "bytes_tx":60, "bytes_rx":12, "r2n_latency":1234, "lqi":100, "rssi":-91, "server_sent":93, "server_received":143, "server_bytes_rx":60, "n2r_latency":83, "hops":1, "rtt_latency":2052, "root_time_now":1016260}
[Mote:1] {"node":"fd00::206:6:6:6", "cpu_energy_mj":19, "lpm_energy_mj":0, "radio_tx_energy_mj":0, "radio_rx_energy_mj":8, "node_time":1016250, "total_sent":90, "total_received":97, "bytes_tx":60, "bytes_rx":12, "r2n_latency":324, "lqi":100, "rssi":-90, "server_sent":97, "server_received":186, "server_bytes_rx":60, "n2r_latency":80, "hops":0, "rtt_latency":1072, "root_time_now":1016330}
[Mote:8] Not reachable yet
[Mote:19] Not reachable yet
[Mote:3] Not reachable yet
[Mote:12] Not reachable yet
[Mote:10] Not reachable yet
[Mote:15] Not reachable yet
[Mote:2] Sensor IPv6 = fe80::202:2:2:2
[Mote:13] Not reachable yet
[Mote:11] Not reachable yet
[Mote:17] Not reachable yet
[Mote:14] Not reachable yet
[Mote:18] Not reachable yet
[Mote:16] Not reachable yet
[Mote:4] Not reachable yet
[Mote:1] {"node":"fd00::202:2:2:2", "cpu_energy_mj":18, "lpm_energy_mj":0, "radio_tx_energy_mj":0, "radio_rx_energy_mj":8, "node_time":1021346, "total_sent":35, "total_received":93, "bytes_tx":60, "bytes_rx":12, "r2n_latency":334, "lqi":100, "rssi":-83, "server_sent":100, "server_received":66, "server_bytes_rx":60, "n2r_latency":2964, "hops":0, "rtt_latency":2057, "root_time_now":1024310}
[Mote:5] Sensor IPv6 = fe80::205:5:5:5
[Mote:1] {"node":"fd00::205:5:5:5", "cpu_energy_mj":19, "lpm_energy_mj":0, "radio_tx_energy_mj":0, "radio_rx_energy_mj":8, "node_time":1025557, "total_sent":94, "total_received":100, "bytes_tx":60, "bytes_rx":12, "r2n_latency":54, "lqi":100, "rssi":-89, "server_sent":100, "server_received":191, "server_bytes_rx":60, "n2r_latency":83, "hops":0, "rtt_latency":2792, "root_time_now":1025640}
[Mote:9] Not reachable yet
[Mote:7] Sensor IPv6 = fe80::207:7:7:7
[Mote:1] {"node":"fd00::207:7:7:7", "cpu_energy_mj":18, "lpm_energy_mj":0, "radio_tx_energy_mj":0, "radio_rx_energy_mj":8, "node_time":1026652, "total_sent":74, "total_received":93, "bytes_tx":60, "bytes_rx":12, "r2n_latency":1314, "lqi":100, "rssi":-91, "server_sent":94, "server_received":145, "server_bytes_rx":60, "n2r_latency":108, "hops":1, "rtt_latency":1672, "root_time_now":1026760}
[Mote:3] Not reachable yet
[Mote:8] Not reachable yet
[Mote:6] Sensor IPv6 = fe80::206:6:6:6
[Mote:1] {"node":"fd00::206:6:6:6", "cpu_energy_mj":19, "lpm_energy_mj":0, "radio_tx_energy_mj":0, "radio_rx_energy_mj":8, "node_time":1027177, "total_sent":91, "total_received":98, "bytes_tx":60, "bytes_rx":12, "r2n_latency":474, "lqi":100, "rssi":-90, "server_sent":98, "server_received":188, "server_bytes_rx":60, "n2r_latency":73, "hops":0, "rtt_latency":1637, "root_time_now":1027250}
[Mote:19] Not reachable yet
[Mote:10] Not reachable yet
[Mote:12] Not reachable yet
[Mote:15] Not reachable yet
[Mote:2] Sensor IPv6 = fe80::202:2:2:2
[Mote:13] Not reachable yet
[Mote:11] Not reachable yet
[Mote:1] {"node":"fd00::202:2:2:2", "cpu_energy_mj":18, "lpm_energy_mj":0, "radio_tx_energy_mj":0, "radio_rx_energy_mj":8, "node_time":1031877, "total_sent":36, "total_received":94, "bytes_tx":60, "bytes_rx":12, "r2n_latency":204, "lqi":100, "rssi":-83, "server_sent":101, "server_received":68, "server_bytes_rx":60, "n2r_latency":483, "hops":0, "rtt_latency":942, "root_time_now":1032360}
[Mote:17] Not reachable yet
[Mote:14] Not reachable yet
[Mote:16] Not reachable yet
[Mote:18] Not reachable yet
[Mote:4] Not reachable yet
[Mote:9] Not reachable yet
[Mote:5] Sensor IPv6 = fe80::205:5:5:5
[Mote:1] {"node":"fd00::205:5:5:5", "cpu_energy_mj":19, "lpm_energy_mj":0, "radio_tx_energy_mj":0, "radio_rx_energy_mj":8, "node_time":1036350, "total_sent":95, "total_received":101, "bytes_tx":60, "bytes_rx":12, "r2n_latency":64, "lqi":100, "rssi":-89, "server_sent":101, "server_received":193, "server_bytes_rx":60, "n2r_latency":70, "hops":0, "rtt_latency":2237, "root_time_now":1036420}
[Mote:7] Sensor IPv6 = fe80::207:7:7:7
[Mote:3] Not reachable yet
[Mote:1] {"node":"fd00::207:7:7:7", "cpu_energy_mj":18, "lpm_energy_mj":0, "radio_tx_energy_mj":0, "radio_rx_energy_mj":8, "node_time":1037128, "total_sent":75, "total_received":94, "bytes_tx":60, "bytes_rx":12, "r2n_latency":1254, "lqi":100, "rssi":-91, "server_sent":95, "server_received":147, "server_bytes_rx":60, "n2r_latency":202, "hops":1, "rtt_latency":2342, "root_time_now":1037330}
[Mote:8] Not reachable yet
[Mote:6] Sensor IPv6 = fe80::206:6:6:6
[Mote:1] {"node":"fd00::206:6:6:6", "cpu_energy_mj":19, "lpm_energy_mj":0, "radio_tx_energy_mj":0, "radio_rx_energy_mj":8, "node_time":1038106, "total_sent":92, "total_received":99, "bytes_tx":60, "bytes_rx":12, "r2n_latency":834, "lqi":100, "rssi":-90, "server_sent":99, "server_received":190, "server_bytes_rx":60, "n2r_latency":64, "hops":0, "rtt_latency":2307, "root_time_now":1038170}
[Mote:19] Not reachable yet
[Mote:10] Not reachable yet
[Mote:12] Not reachable yet
[Mote:15] Not reachable yet
[Mote:13] Not reachable yet
[Mote:2] Sensor IPv6 = fe80::202:2:2:2
[Mote:11] Not reachable yet
[Mote:17] Not reachable yet
[Mote:16] Sensor IPv6 = fe80::210:10:10:10
[Mote:14] Not reachable yet
[Mote:18] Not reachable yet
[Mote:4] Not reachable yet
[Mote:1] {"node":"fd00::202:2:2:2", "cpu_energy_mj":18, "lpm_energy_mj":0, "radio_tx_energy_mj":0, "radio_rx_energy_mj":8, "node_time":1042408, "total_sent":37, "total_received":95, "bytes_tx":60, "bytes_rx":12, "r2n_latency":214, "lqi":100, "rssi":-83, "server_sent":102, "server_received":70, "server_bytes_rx":60, "n2r_latency":3602, "hops":0, "rtt_latency":2872, "root_time_now":1046010}
[Mote:9] Not reachable yet
[Mote:5] Sensor IPv6 = fe80::205:5:5:5
[Mote:1] {"node":"fd00::205:5:5:5", "cpu_energy_mj":19, "lpm_energy_mj":0, "radio_tx_energy_mj":1, "radio_rx_energy_mj":8, "node_time":1047141, "total_sent":96, "total_received":102, "bytes_tx":60, "bytes_rx":12, "r2n_latency":74, "lqi":100, "rssi":-89, "server_sent":102, "server_received":195, "server_bytes_rx":60, "n2r_latency":59, "hops":0, "rtt_latency":1717, "root_time_now":1047200}
[Mote:3] Not reachable yet
[Mote:7] Sensor IPv6 = fe80::207:7:7:7
[Mote:1] {"node":"fd00::207:7:7:7", "cpu_energy_mj":18, "lpm_energy_mj":0, "radio_tx_energy_mj":0, "radio_rx_energy_mj":8, "node_time":1047605, "total_sent":76, "total_received":95, "bytes_tx":60, "bytes_rx":12, "r2n_latency":1194, "lqi":100, "rssi":-91, "server_sent":96, "server_received":149, "server_bytes_rx":60, "n2r_latency":85, "hops":1, "rtt_latency":3467, "root_time_now":1047690}
[Mote:8] Not reachable yet
[Mote:6] Sensor IPv6 = fe80::206:6:6:6
[Mote:1] {"node":"fd00::206:6:6:6", "cpu_energy_mj":19, "lpm_energy_mj":0, "radio_tx_energy_mj":0, "radio_rx_energy_mj":8, "node_time":1049035, "total_sent":93, "total_received":100, "bytes_tx":60, "bytes_rx":12, "r2n_latency":494, "lqi":100, "rssi":-90, "server_sent":100, "server_received":192, "server_bytes_rx":60, "n2r_latency":55, "hops":0, "rtt_latency":457, "root_time_now":1049090}
[Mote:19] Not reachable yet
[Mote:10] Not reachable yet
[Mote:12] Not reachable yet
[Mote:13] Not reachable yet
[Mote:15] Not reachable yet
[Mote:11] Not reachable yet
[Mote:2] Sensor IPv6 = fe80::202:2:2:2
[Mote:17] Not reachable yet
[Mote:1] {"node":"fd00::202:2:2:2", "cpu_energy_mj":18, "lpm_energy_mj":0, "radio_tx_energy_mj":0, "radio_rx_energy_mj":8, "node_time":1052939, "total_sent":38, "total_received":96, "bytes_tx":60, "bytes_rx":12, "r2n_latency":154, "lqi":100, "rssi":-83, "server_sent":103, "server_received":72, "server_bytes_rx":60, "n2r_latency":281, "hops":0, "rtt_latency":1582, "root_time_now":1053220}
[Mote:16] Sensor IPv6 = fe80::210:10:10:10
[Mote:14] Not reachable yet
[Mote:18] Not reachable yet
[Mote:4] Not reachable yet
[Mote:9] Not reachable yet
[Mote:3] Not reachable yet
[Mote:5] Sensor IPv6 = fe80::205:5:5:5
[Mote:1] {"node":"fd00::205:5:5:5", "cpu_energy_mj":19, "lpm_energy_mj":0, "radio_tx_energy_mj":1, "radio_rx_energy_mj":8, "node_time":1057933, "total_sent":97, "total_received":103, "bytes_tx":60, "bytes_rx":12, "r2n_latency":14, "lqi":100, "rssi":-89, "server_sent":103, "server_received":197, "server_bytes_rx":60, "n2r_latency":47, "hops":0, "rtt_latency":1512, "root_time_now":1057980}
[Mote:7] Sensor IPv6 = fe80::207:7:7:7
[Mote:1] {"node":"fd00::207:7:7:7", "cpu_energy_mj":18, "lpm_energy_mj":0, "radio_tx_energy_mj":0, "radio_rx_energy_mj":8, "node_time":1058080, "total_sent":77, "total_received":96, "bytes_tx":60, "bytes_rx":12, "r2n_latency":1344, "lqi":100, "rssi":-91, "server_sent":97, "server_received":151, "server_bytes_rx":60, "n2r_latency":110, "hops":1, "rtt_latency":2072, "root_time_now":1058190}
[Mote:8] Not reachable yet
[Mote:10] Not reachable yet
[Mote:6] Sensor IPv6 = fe80::206:6:6:6
[Mote:19] Not reachable yet
[Mote:12] Not reachable yet
[Mote:13] Not reachable yet
[Mote:11] Not reachable yet
[Mote:15] Not reachable yet
[Mote:17] Not reachable yet
[Mote:2] Sensor IPv6 = fe80::202:2:2:2
[Mote:16] Not reachable yet
[Mote:1] {"node":"fd00::202:2:2:2", "cpu_energy_mj":18, "lpm_energy_mj":0, "radio_tx_energy_mj":0, "radio_rx_energy_mj":7, "node_time":1063470, "total_sent":39, "total_received":97, "bytes_tx":60, "bytes_rx":12, "r2n_latency":94, "lqi":100, "rssi":-83, "server_sent":104, "server_received":74, "server_bytes_rx":60, "n2r_latency":1090, "hops":0, "rtt_latency":2252, "root_time_now":1064560}
[Mote:1] {"node":"fd00::206:6:6:6", "cpu_energy_mj":19, "lpm_energy_mj":0, "radio_tx_energy_mj":0, "radio_rx_energy_mj":8, "node_time":1059964, "total_sent":94, "total_received":101, "bytes_tx":60, "bytes_rx":12, "r2n_latency":714, "lqi":100, "rssi":-90, "server_sent":102, "server_received":194, "server_bytes_rx":60, "n2r_latency":4946, "hops":0, "rtt_latency":1967, "root_time_now":1064910}
[Mote:18] Not reachable yet
[Mote:14] Not reachable yet
[Mote:4] Not reachable yet
[Mote:3] Not reachable yet
[Mote:9] Not reachable yet
[Mote:7] Sensor IPv6 = fe80::207:7:7:7
[Mote:1] {"node":"fd00::207:7:7:7", "cpu_energy_mj":18, "lpm_energy_mj":0, "radio_tx_energy_mj":0, "radio_rx_energy_mj":8, "node_time":1068559, "total_sent":78, "total_received":97, "bytes_tx":60, "bytes_rx":12, "r2n_latency":1144, "lqi":100, "rssi":-91, "server_sent":98, "server_received":153, "server_bytes_rx":60, "n2r_latency":131, "hops":1, "rtt_latency":2672, "root_time_now":1068690}
[Mote:5] Sensor IPv6 = fe80::205:5:5:5
[Mote:1] {"node":"fd00::205:5:5:5", "cpu_energy_mj":19, "lpm_energy_mj":0, "radio_tx_energy_mj":1, "radio_rx_energy_mj":8, "node_time":1068728, "total_sent":98, "total_received":104, "bytes_tx":60, "bytes_rx":12, "r2n_latency":24, "lqi":100, "rssi":-89, "server_sent":104, "server_received":199, "server_bytes_rx":60, "n2r_latency":32, "hops":0, "rtt_latency":1482, "root_time_now":1068760}
[Mote:8] Not reachable yet
[Mote:10] Not reachable yet
[Mote:6] Sensor IPv6 = fe80::206:6:6:6
[Mote:19] Not reachable yet
[Mote:13] Not reachable yet
[Mote:12] Not reachable yet
[Mote:11] Not reachable yet
[Mote:17] Not reachable yet
[Mote:1] {"node":"fd00::206:6:6:6", "cpu_energy_mj":19, "lpm_energy_mj":0, "radio_tx_energy_mj":0, "radio_rx_energy_mj":8, "node_time":1070895, "total_sent":95, "total_received":103, "bytes_tx":60, "bytes_rx":12, "r2n_latency":594, "lqi":100, "rssi":-90, "server_sent":103, "server_received":197, "server_bytes_rx":60, "n2r_latency":2625, "hops":0, "rtt_latency":1382, "root_time_now":1073520}
[Mote:16] Not reachable yet
[Mote:15] Not reachable yet
[Mote:2] Sensor IPv6 = fe80::202:2:2:2
[Mote:18] Not reachable yet
[Mote:14] Not reachable yet
[Mote:4] Not reachable yet
[Mote:1] {"node":"fd00::202:2:2:2", "cpu_energy_mj":18, "lpm_energy_mj":0, "radio_tx_energy_mj":0, "radio_rx_energy_mj":8, "node_time":1074001, "total_sent":40, "total_received":98, "bytes_tx":60, "bytes_rx":12, "r2n_latency":174, "lqi":100, "rssi":-83, "server_sent":105, "server_received":76, "server_bytes_rx":60, "n2r_latency":2739, "hops":0, "rtt_latency":3342, "root_time_now":1076740}
[Mote:3] Not reachable yet
[Mote:9] Not reachable yet
[Mote:7] Sensor IPv6 = fe80::207:7:7:7
[Mote:1] {"node":"fd00::207:7:7:7", "cpu_energy_mj":18, "lpm_energy_mj":0, "radio_tx_energy_mj":0, "radio_rx_energy_mj":8, "node_time":1079032, "total_sent":79, "total_received":98, "bytes_tx":60, "bytes_rx":12, "r2n_latency":1224, "lqi":100, "rssi":-91, "server_sent":99, "server_received":155, "server_bytes_rx":60, "n2r_latency":88, "hops":1, "rtt_latency":1942, "root_time_now":1079120}
[Mote:8] Not reachable yet
[Mote:5] Sensor IPv6 = fe80::205:5:5:5
[Mote:1] {"node":"fd00::205:5:5:5", "cpu_energy_mj":19, "lpm_energy_mj":0, "radio_tx_energy_mj":0, "radio_rx_energy_mj":8, "node_time":1079517, "total_sent":99, "total_received":105, "bytes_tx":60, "bytes_rx":12, "r2n_latency":34, "lqi":100, "rssi":-89, "server_sent":105, "server_received":201, "server_bytes_rx":60, "n2r_latency":23, "hops":0, "rtt_latency":1487, "root_time_now":1079540}
[Mote:10] Not reachable yet
[Mote:6] Sensor IPv6 = fe80::206:6:6:6
[Mote:19] Not reachable yet
[Mote:13] Not reachable yet
[Mote:11] Not reachable yet
[Mote:12] Not reachable yet
[Mote:16] Not reachable yet
[Mote:17] Not reachable yet
[Mote:15] Not reachable yet
[Mote:1] {"node":"fd00::206:6:6:6", "cpu_energy_mj":19, "lpm_energy_mj":0, "radio_tx_energy_mj":0, "radio_rx_energy_mj":8, "node_time":1081824, "total_sent":96, "total_received":104, "bytes_tx":60, "bytes_rx":12, "r2n_latency":1514, "lqi":100, "rssi":-90, "server_sent":104, "server_received":199, "server_bytes_rx":60, "n2r_latency":2616, "hops":0, "rtt_latency":2017, "root_time_now":1084440}
[Mote:2] Sensor IPv6 = fe80::202:2:2:2
[Mote:1] {"node":"fd00::202:2:2:2", "cpu_energy_mj":18, "lpm_energy_mj":0, "radio_tx_energy_mj":0, "radio_rx_energy_mj":8, "node_time":1084532, "total_sent":41, "total_received":99, "bytes_tx":60, "bytes_rx":12, "r2n_latency":254, "lqi":100, "rssi":-83, "server_sent":106, "server_received":78, "server_bytes_rx":60, "n2r_latency":118, "hops":0, "rtt_latency":547, "root_time_now":1084650}
[Mote:18] Not reachable yet
[Mote:14] Not reachable yet
[Mote:4] Not reachable yet
[Mote:3] Not reachable yet
[Mote:9] Not reachable yet
[Mote:7] Sensor IPv6 = fe80::207:7:7:7
[Mote:1] {"node":"fd00::207:7:7:7", "cpu_energy_mj":18, "lpm_energy_mj":0, "radio_tx_energy_mj":0, "radio_rx_energy_mj":8, "node_time":1089508, "total_sent":80, "total_received":99, "bytes_tx":60, "bytes_rx":12, "r2n_latency":2424, "lqi":100, "rssi":-91, "server_sent":100, "server_received":157, "server_bytes_rx":60, "n2r_latency":182, "hops":1, "rtt_latency":2262, "root_time_now":1089690}
[Mote:8] Not reachable yet
[Mote:10] Not reachable yet
[Mote:5] Sensor IPv6 = fe80::205:5:5:5
[Mote:13] Not reachable yet
[Mote:6] Sensor IPv6 = fe80::206:6:6:6
[Mote:11] Not reachable yet
[Mote:19] Not reachable yet
[Mote:16] Not reachable yet
[Mote:17] Not reachable yet
[Mote:12] Not reachable yet
[Mote:15] Not reachable yet
[Mote:2] Sensor IPv6 = fe80::202:2:2:2
[Mote:1] {"node":"fd00::202:2:2:2", "cpu_energy_mj":18, "lpm_energy_mj":0, "radio_tx_energy_mj":0, "radio_rx_energy_mj":8, "node_time":1095063, "total_sent":42, "total_received":100, "bytes_tx":60, "bytes_rx":12, "r2n_latency":194, "lqi":100, "rssi":-83, "server_sent":107, "server_received":80, "server_bytes_rx":60, "n2r_latency":17, "hops":0, "rtt_latency":2092, "root_time_now":1095080}
[Mote:1] {"node":"fd00::206:6:6:6", "cpu_energy_mj":19, "lpm_energy_mj":0, "radio_tx_energy_mj":1, "radio_rx_energy_mj":8, "node_time":1092753, "total_sent":97, "total_received":105, "bytes_tx":60, "bytes_rx":12, "r2n_latency":474, "lqi":100, "rssi":-90, "server_sent":105, "server_received":201, "server_bytes_rx":60, "n2r_latency":2887, "hops":0, "rtt_latency":1742, "root_time_now":1095640}
[Mote:1] {"node":"fd00::205:5:5:5", "cpu_energy_mj":19, "lpm_energy_mj":0, "radio_tx_energy_mj":1, "radio_rx_energy_mj":7, "node_time":1090310, "total_sent":100, "total_received":107, "bytes_tx":60, "bytes_rx":12, "r2n_latency":54, "lqi":100, "rssi":-89, "server_sent":107, "server_received":203, "server_bytes_rx":60, "n2r_latency":6520, "hops":0, "rtt_latency":1107, "root_time_now":1096830}
[Mote:18] Not reachable yet
[Mote:4] Not reachable yet
[Mote:14] Not reachable yet
[Mote:3] Not reachable yet
[Mote:9] Not reachable yet
[Mote:7] Sensor IPv6 = fe80::207:7:7:7
[Mote:10] Not reachable yet
[Mote:8] Not reachable yet
[Mote:5] Sensor IPv6 = fe80::205:5:5:5
[Mote:1] {"node":"fd00::207:7:7:7", "cpu_energy_mj":18, "lpm_energy_mj":0, "radio_tx_energy_mj":0, "radio_rx_energy_mj":8, "node_time":1099984, "total_sent":81, "total_received":100, "bytes_tx":60, "bytes_rx":12, "r2n_latency":1804, "lqi":100, "rssi":-91, "server_sent":102, "server_received":159, "server_bytes_rx":60, "n2r_latency":2726, "hops":1, "rtt_latency":2792, "root_time_now":1102710}
[Mote:13] Not reachable yet
[Mote:11] Not reachable yet
[Mote:6] Sensor IPv6 = fe80::206:6:6:6
[Mote:1] {"node":"fd00::206:6:6:6", "cpu_energy_mj":19, "lpm_energy_mj":0, "radio_tx_energy_mj":1, "radio_rx_energy_mj":8, "node_time":1103682, "total_sent":98, "total_received":106, "bytes_tx":60, "bytes_rx":12, "r2n_latency":1184, "lqi":100, "rssi":-90, "server_sent":106, "server_received":203, "server_bytes_rx":60, "n2r_latency":8, "hops":0, "rtt_latency":1187, "root_time_now":1103690}
[Mote:16] Not reachable yet
[Mote:19] Not reachable yet
[Mote:17] Not reachable yet
[Mote:12] Not reachable yet
[Mote:15] Not reachable yet
[Mote:2] Sensor IPv6 = fe80::202:2:2:2
[Mote:1] {"node":"fd00::202:2:2:2", "cpu_energy_mj":18, "lpm_energy_mj":0, "radio_tx_energy_mj":0, "radio_rx_energy_mj":8, "node_time":1105594, "total_sent":43, "total_received":101, "bytes_tx":60, "bytes_rx":12, "r2n_latency":344, "lqi":100, "rssi":-83, "server_sent":108, "server_received":82, "server_bytes_rx":60, "n2r_latency":56, "hops":0, "rtt_latency":487, "root_time_now":1105650}
[Mote:18] Not reachable yet
[Mote:4] Not reachable yet
[Mote:14] Not reachable yet
[Mote:3] Not reachable yet
[Mote:9] Not reachable yet
[Mote:7] Sensor IPv6 = fe80::207:7:7:7
[Mote:10] Not reachable yet
[Mote:8] Not reachable yet
[Mote:1] {"node":"fd00::207:7:7:7", "cpu_energy_mj":18, "lpm_energy_mj":0, "radio_tx_energy_mj":0, "radio_rx_energy_mj":8, "node_time":1110463, "total_sent":82, "total_received":101, "bytes_tx":60, "bytes_rx":12, "r2n_latency":1954, "lqi":100, "rssi":-91, "server_sent":103, "server_received":161, "server_bytes_rx":60, "n2r_latency":927, "hops":1, "rtt_latency":1502, "root_time_now":1111390}
[Mote:5] Sensor IPv6 = fe80::205:5:5:5
[Mote:13] Not reachable yet
[Mote:11] Not reachable yet
[Mote:16] Not reachable yet
[Mote:17] Not reachable yet
[Mote:6] Sensor IPv6 = fe80::206:6:6:6
[Mote:19] Not reachable yet
[Mote:1] {"node":"fd00::206:6:6:6", "cpu_energy_mj":19, "lpm_energy_mj":0, "radio_tx_energy_mj":1, "radio_rx_energy_mj":8, "node_time":1114611, "total_sent":99, "total_received":107, "bytes_tx":60, "bytes_rx":12, "r2n_latency":774, "lqi":100, "rssi":-90, "server_sent":107, "server_received":205, "server_bytes_rx":60, "n2r_latency":839, "hops":0, "rtt_latency":2662, "root_time_now":1115450}
[Mote:15] Not reachable yet
[Mote:12] Not reachable yet
[Mote:2] Sensor IPv6 = fe80::202:2:2:2
[Mote:1] {"node":"fd00::202:2:2:2", "cpu_energy_mj":18, "lpm_energy_mj":0, "radio_tx_energy_mj":0, "radio_rx_energy_mj":8, "node_time":1116125, "total_sent":44, "total_received":102, "bytes_tx":60, "bytes_rx":12, "r2n_latency":424, "lqi":100, "rssi":-83, "server_sent":109, "server_received":84, "server_bytes_rx":60, "n2r_latency":25, "hops":0, "rtt_latency":1857, "root_time_now":1116150}
[Mote:18] Not reachable yet
[Mote:4] Not reachable yet
[Mote:3] Not reachable yet
[Mote:14] Not reachable yet
[Mote:10] Not reachable yet
[Mote:9] Not reachable yet
[Mote:7] Sensor IPv6 = fe80::207:7:7:7
[Mote:8] Not reachable yet
[Mote:5] Not reachable yet
[Mote:13] Not reachable yet
[Mote:1] {"node":"fd00::207:7:7:7", "cpu_energy_mj":18, "lpm_energy_mj":0, "radio_tx_energy_mj":0, "radio_rx_energy_mj":8, "node_time":1120936, "total_sent":83, "total_received":102, "bytes_tx":60, "bytes_rx":12, "r2n_latency":1824, "lqi":100, "rssi":-91, "server_sent":104, "server_received":163, "server_bytes_rx":60, "n2r_latency":2424, "hops":1, "rtt_latency":2697, "root_time_now":1123360}
[Mote:11] Not reachable yet
[Mote:16] Not reachable yet
[Mote:17] Not reachable yet
[Mote:6] Sensor IPv6 = fe80::206:6:6:6
[Mote:1] {"node":"fd00::206:6:6:6", "cpu_energy_mj":19, "lpm_energy_mj":0, "radio_tx_energy_mj":1, "radio_rx_energy_mj":7, "node_time":1125539, "total_sent":100, "total_received":108, "bytes_tx":60, "bytes_rx":12, "r2n_latency":294, "lqi":100, "rssi":-90, "server_sent":108, "server_received":207, "server_bytes_rx":60, "n2r_latency":61, "hops":0, "rtt_latency":707, "root_time_now":1125600}
[Mote:19] Not reachable yet
[Mote:15] Not reachable yet
[Mote:2] Sensor IPv6 = fe80::202:2:2:2
[Mote:12] Not reachable yet
[Mote:18] Not reachable yet
[Mote:4] Not reachable yet
[Mote:3] Not reachable yet
[Mote:14] Not reachable yet
[Mote:10] Not reachable yet
[Mote:9] Not reachable yet
[Mote:7] Sensor IPv6 = fe80::207:7:7:7
[Mote:8] Not reachable yet
[Mote:1] {"node":"fd00::207:7:7:7", "cpu_energy_mj":18, "lpm_energy_mj":0, "radio_tx_energy_mj":0, "radio_rx_energy_mj":8, "node_time":1131413, "total_sent":84, "total_received":103, "bytes_tx":60, "bytes_rx":12, "r2n_latency":2464, "lqi":100, "rssi":-91, "server_sent":105, "server_received":165, "server_bytes_rx":60, "n2r_latency":627, "hops":1, "rtt_latency":1862, "root_time_now":1132040}
[Mote:13] Not reachable yet
[Mote:5] Not reachable yet
[Mote:11] Not reachable yet
[Mote:16] Not reachable yet
[Mote:17] Not reachable yet
[Mote:6] Sensor IPv6 = fe80::206:6:6:6
[Mote:15] Not reachable yet
[Mote:19] Not reachable yet
[Mote:1] {"node":"fd00::206:6:6:6", "cpu_energy_mj":19, "lpm_energy_mj":0, "radio_tx_energy_mj":1, "radio_rx_energy_mj":8, "node_time":1136469, "total_sent":101, "total_received":109, "bytes_tx":60, "bytes_rx":12, "r2n_latency":654, "lqi":100, "rssi":-90, "server_sent":109, "server_received":209, "server_bytes_rx":60, "n2r_latency":681, "hops":0, "rtt_latency":992, "root_time_now":1137150}
[Mote:2] Not reachable yet
[Mote:12] Not reachable yet
[Mote:18] Not reachable yet
[Mote:3] Not reachable yet
[Mote:4] Not reachable yet
[Mote:14] Not reachable yet
[Mote:10] Not reachable yet
[Mote:7] Sensor IPv6 = fe80::207:7:7:7
[Mote:9] Not reachable yet
[Mote:8] Not reachable yet
[Mote:13] Not reachable yet
[Mote:11] Not reachable yet
[Mote:16] Not reachable yet
[Mote:5] Not reachable yet
[Mote:17] Not reachable yet
[Mote:1] {"node":"fd00::207:7:7:7", "cpu_energy_mj":18, "lpm_energy_mj":0, "radio_tx_energy_mj":0, "radio_rx_energy_mj":7, "node_time":1141889, "total_sent":85, "total_received":105, "bytes_tx":60, "bytes_rx":12, "r2n_latency":1084, "lqi":100, "rssi":-91, "server_sent":106, "server_received":168, "server_bytes_rx":60, "n2r_latency":3311, "hops":1, "rtt_latency":2502, "root_time_now":1145200}
[Mote:15] Not reachable yet
[Mote:6] Sensor IPv6 = fe80::206:6:6:6
[Mote:2] Not reachable yet
[Mote:19] Not reachable yet
[Mote:1] {"node":"fd00::206:6:6:6", "cpu_energy_mj":19, "lpm_energy_mj":0, "radio_tx_energy_mj":1, "radio_rx_energy_mj":8, "node_time":1147396, "total_sent":102, "total_received":110, "bytes_tx":60, "bytes_rx":12, "r2n_latency":384, "lqi":100, "rssi":-90, "server_sent":110, "server_received":211, "server_bytes_rx":60, "n2r_latency":604, "hops":0, "rtt_latency":1312, "root_time_now":1148000}
[Mote:12] Not reachable yet
[Mote:18] Not reachable yet
[Mote:3] Not reachable yet
[Mote:4] Not reachable yet
[Mote:10] Not reachable yet
[Mote:14] Not reachable yet
[Mote:7] Sensor IPv6 = fe80::207:7:7:7
[Mote:9] Not reachable yet
[Mote:1] {"node":"fd00::207:7:7:7", "cpu_energy_mj":18, "lpm_energy_mj":0, "radio_tx_energy_mj":0, "radio_rx_energy_mj":8, "node_time":1152364, "total_sent":86, "total_received":106, "bytes_tx":60, "bytes_rx":12, "r2n_latency":1585, "lqi":100, "rssi":-91, "server_sent":107, "server_received":170, "server_bytes_rx":60, "n2r_latency":396, "hops":1, "rtt_latency":1317, "root_time_now":1152760}
[Mote:8] Not reachable yet
[Mote:13] Not reachable yet
[Mote:11] Not reachable yet
[Mote:16] Not reachable yet
[Mote:5] Not reachable yet
[Mote:17] Not reachable yet
[Mote:15] Not reachable yet
[Mote:2] Not reachable yet
[Mote:6] Sensor IPv6 = fe80::206:6:6:6
[Mote:1] {"node":"fd00::206:6:6:6", "cpu_energy_mj":19, "lpm_energy_mj":0, "radio_tx_energy_mj":0, "radio_rx_energy_mj":8, "node_time":1158327, "total_sent":103, "total_received":111, "bytes_tx":60, "bytes_rx":12, "r2n_latency":675, "lqi":100, "rssi":-90, "server_sent":111, "server_received":213, "server_bytes_rx":60, "n2r_latency":33, "hops":0, "rtt_latency":512, "root_time_now":1158360}
[Mote:19] Not reachable yet
[Mote:12] Not reachable yet
[Mote:3] Not reachable yet
[Mote:18] Not reachable yet
[Mote:4] Not reachable yet
[Mote:10] Not reachable yet
[Mote:14] Not reachable yet
[Mote:7] Sensor IPv6 = fe80::207:7:7:7
[Mote:9] Not reachable yet
[Mote:8] Not reachable yet
[Mote:13] Not reachable yet
[Mote:16] Not reachable yet
[Mote:11] Not reachable yet
[Mote:1] {"node":"fd00::207:7:7:7", "cpu_energy_mj":18, "lpm_energy_mj":0, "radio_tx_energy_mj":0, "radio_rx_energy_mj":8, "node_time":1162840, "total_sent":87, "total_received":107, "bytes_tx":60, "bytes_rx":12, "r2n_latency":1384, "lqi":100, "rssi":-91, "server_sent":108, "server_received":172, "server_bytes_rx":60, "n2r_latency":2030, "hops":1, "rtt_latency":2197, "root_time_now":1164870}
[Mote:17] Not reachable yet
[Mote:5] Not reachable yet
[Mote:15] Not reachable yet
[Mote:2] Not reachable yet
[Mote:6] Sensor IPv6 = fe80::206:6:6:6
[Mote:1] {"node":"fd00::206:6:6:6", "cpu_energy_mj":19, "lpm_energy_mj":0, "radio_tx_energy_mj":0, "radio_rx_energy_mj":8, "node_time":1169256, "total_sent":104, "total_received":112, "bytes_tx":60, "bytes_rx":12, "r2n_latency":684, "lqi":100, "rssi":-90, "server_sent":112, "server_received":215, "server_bytes_rx":60, "n2r_latency":24, "hops":0, "rtt_latency":867, "root_time_now":1169280}
[Mote:19] Not reachable yet
[Mote:12] Not reachable yet
[Mote:3] Not reachable yet
[Mote:18] Not reachable yet
[Mote:10] Not reachable yet
[Mote:4] Not reachable yet
[Mote:14] Not reachable yet
[Mote:7] Sensor IPv6 = fe80::207:7:7:7
[Mote:13] Not reachable yet
[Mote:9] Not reachable yet
[Mote:8] Not reachable yet
[Mote:16] Not reachable yet
[Mote:11] Not reachable yet
[Mote:1] {"node":"fd00::207:7:7:7", "cpu_energy_mj":18, "lpm_energy_mj":0, "radio_tx_energy_mj":0, "radio_rx_energy_mj":8, "node_time":1173317, "total_sent":88, "total_received":108, "bytes_tx":60, "bytes_rx":12, "r2n_latency":1954, "lqi":100, "rssi":-91, "server_sent":109, "server_received":174, "server_bytes_rx":60, "n2r_latency":1353, "hops":1, "rtt_latency":1642, "root_time_now":1174670}
[Mote:17] Not reachable yet
[Mote:5] Not reachable yet
[Mote:15] Not reachable yet
[Mote:2] Not reachable yet
[Mote:6] Sensor IPv6 = fe80::206:6:6:6
[Mote:19] Not reachable yet
[Mote:1] {"node":"fd00::206:6:6:6", "cpu_energy_mj":19, "lpm_energy_mj":0, "radio_tx_energy_mj":0, "radio_rx_energy_mj":8, "node_time":1180187, "total_sent":105, "total_received":113, "bytes_tx":60, "bytes_rx":12, "r2n_latency":1044, "lqi":100, "rssi":-90, "server_sent":114, "server_received":217, "server_bytes_rx":60, "n2r_latency":433, "hops":0, "rtt_latency":662, "root_time_now":1180620}
[Mote:3] Not reachable yet
[Mote:12] Not reachable yet
[Mote:18] Not reachable yet
[Mote:10] Not reachable yet
[Mote:4] Not reachable yet
[Mote:13] Not reachable yet
[Mote:7] Sensor IPv6 = fe80::207:7:7:7
[Mote:1] {"node":"fd00::207:7:7:7", "cpu_energy_mj":18, "lpm_energy_mj":0, "radio_tx_energy_mj":0, "radio_rx_energy_mj":8, "node_time":1183792, "total_sent":89, "total_received":109, "bytes_tx":60, "bytes_rx":12, "r2n_latency":2384, "lqi":100, "rssi":-91, "server_sent":110, "server_received":176, "server_bytes_rx":60, "n2r_latency":118, "hops":1, "rtt_latency":1647, "root_time_now":1183910}
[Mote:16] Not reachable yet
[Mote:14] Not reachable yet
[Mote:11] Not reachable yet
[Mote:8] Not reachable yet
[Mote:9] Not reachable yet
[Mote:17] Not reachable yet
[Mote:5] Not reachable yet
[Mote:15] Not reachable yet
[Mote:2] Not reachable yet
[Mote:6] Sensor IPv6 = fe80::206:6:6:6
[Mote:3] Not reachable yet
[Mote:19] Not reachable yet
[Mote:12] Not reachable yet
[Mote:10] Not reachable yet
[Mote:18] Not reachable yet
[Mote:4] Not reachable yet
[Mote:1] {"node":"fd00::206:6:6:6", "cpu_energy_mj":19, "lpm_energy_mj":0, "radio_tx_energy_mj":1, "radio_rx_energy_mj":7, "node_time":1191114, "total_sent":106, "total_received":115, "bytes_tx":60, "bytes_rx":12, "r2n_latency":504, "lqi":100, "rssi":-90, "server_sent":115, "server_received":220, "server_bytes_rx":60, "n2r_latency":2386, "hops":0, "rtt_latency":1722, "root_time_now":1193500}
[Mote:13] Not reachable yet
[Mote:16] Not reachable yet
[Mote:7] Sensor IPv6 = fe80::207:7:7:7
[Mote:11] Not reachable yet
[Mote:1] {"node":"fd00::207:7:7:7", "cpu_energy_mj":18, "lpm_energy_mj":0, "radio_tx_energy_mj":0, "radio_rx_energy_mj":8, "node_time":1194268, "total_sent":90, "total_received":110, "bytes_tx":60, "bytes_rx":12, "r2n_latency":1064, "lqi":100, "rssi":-91, "server_sent":111, "server_received":178, "server_bytes_rx":60, "n2r_latency":142, "hops":1, "rtt_latency":1932, "root_time_now":1194410}
[Mote:8] Not reachable yet
[Mote:14] Not reachable yet
[Mote:9] Not reachable yet
[Mote:17] Not reachable yet
[Mote:5] Not reachable yet
[Mote:15] Not reachable yet
[Mote:2] Not reachable yet
[Mote:3] Not reachable yet
[Mote:6] Sensor IPv6 = fe80::206:6:6:6
[Mote:10] Not reachable yet
[Mote:1] {"node":"fd00::206:6:6:6", "cpu_energy_mj":19, "lpm_energy_mj":0, "radio_tx_energy_mj":0, "radio_rx_energy_mj":8, "node_time":1202043, "total_sent":107, "total_received":116, "bytes_tx":60, "bytes_rx":12, "r2n_latency":795, "lqi":100, "rssi":-90, "server_sent":116, "server_received":222, "server_bytes_rx":60, "n2r_latency":277, "hops":0, "rtt_latency":1097, "root_time_now":1202320}
[Mote:19] Not reachable yet
[Mote:18] Not reachable yet
[Mote:12] Not reachable yet
[Mote:4] Not reachable yet
[Mote:13] Not reachable yet
[Mote:16] Not reachable yet
[Mote:11] Not reachable yet
[Mote:7] Sensor IPv6 = fe80::207:7:7:7
[Mote:8] Not reachable yet
[Mote:9] Not reachable yet
[Mote:1] {"node":"fd00::207:7:7:7", "cpu_energy_mj":18, "lpm_energy_mj":0, "radio_tx_energy_mj":0, "radio_rx_energy_mj":8, "node_time":1204744, "total_sent":91, "total_received":111, "bytes_tx":60, "bytes_rx":12, "r2n_latency":1845, "lqi":100, "rssi":-91, "server_sent":112, "server_received":180, "server_bytes_rx":60, "n2r_latency":726, "hops":1, "rtt_latency":1132, "root_time_now":1205470}
[Mote:14] Not reachable yet
[Mote:17] Not reachable yet
[Mote:5] Not reachable yet
[Mote:15] Not reachable yet
[Mote:2] Not reachable yet
[Mote:3] Not reachable yet
[Mote:10] Not reachable yet
[Mote:6] Sensor IPv6 = fe80::206:6:6:6
[Mote:18] Not reachable yet
[Mote:19] Not reachable yet
[Mote:12] Not reachable yet
[Mote:4] Not reachable yet
[Mote:13] Not reachable yet
[Mote:16] Not reachable yet
[Mote:1] {"node":"fd00::206:6:6:6", "cpu_energy_mj":19, "lpm_energy_mj":0, "radio_tx_energy_mj":1, "radio_rx_energy_mj":8, "node_time":1212972, "total_sent":108, "total_received":117, "bytes_tx":60, "bytes_rx":12, "r2n_latency":804, "lqi":100, "rssi":-90, "server_sent":117, "server_received":224, "server_bytes_rx":60, "n2r_latency":1108, "hops":0, "rtt_latency":1977, "root_time_now":1214080}
[Mote:11] Not reachable yet
[Mote:7] Sensor IPv6 = fe80::207:7:7:7
[Mote:1] {"node":"fd00::207:7:7:7", "cpu_energy_mj":18, "lpm_energy_mj":0, "radio_tx_energy_mj":0, "radio_rx_energy_mj":8, "node_time":1215220, "total_sent":92, "total_received":112, "bytes_tx":60, "bytes_rx":12, "r2n_latency":1504, "lqi":100, "rssi":-91, "server_sent":113, "server_received":182, "server_bytes_rx":60, "n2r_latency":120, "hops":1, "rtt_latency":2012, "root_time_now":1215340}
[Mote:8] Not reachable yet
[Mote:9] Not reachable yet
[Mote:14] Not reachable yet
[Mote:17] Not reachable yet
[Mote:5] Not reachable yet
[Mote:15] Not reachable yet
[Mote:2] Not reachable yet
[Mote:3] Not reachable yet
[Mote:10] Not reachable yet
[Mote:18] Not reachable yet
[Mote:6] Sensor IPv6 = fe80::206:6:6:6
[Mote:1] {"node":"fd00::206:6:6:6", "cpu_energy_mj":19, "lpm_energy_mj":0, "radio_tx_energy_mj":1, "radio_rx_energy_mj":8, "node_time":1223900, "total_sent":109, "total_received":118, "bytes_tx":60, "bytes_rx":12, "r2n_latency":464, "lqi":100, "rssi":-90, "server_sent":118, "server_received":226, "server_bytes_rx":60, "n2r_latency":50, "hops":0, "rtt_latency":1107, "root_time_now":1223950}
[Mote:16] Not reachable yet
[Mote:13] Not reachable yet
[Mote:19] Not reachable yet
[Mote:12] Not reachable yet
[Mote:4] Not reachable yet
[Mote:11] Not reachable yet
[Mote:7] Sensor IPv6 = fe80::207:7:7:7
[Mote:1] {"node":"fd00::207:7:7:7", "cpu_energy_mj":18, "lpm_energy_mj":0, "radio_tx_energy_mj":0, "radio_rx_energy_mj":8, "node_time":1225699, "total_sent":93, "total_received":113, "bytes_tx":60, "bytes_rx":12, "r2n_latency":1724, "lqi":100, "rssi":-91, "server_sent":114, "server_received":184, "server_bytes_rx":60, "n2r_latency":141, "hops":1, "rtt_latency":1457, "root_time_now":1225840}
[Mote:8] Not reachable yet
[Mote:9] Not reachable yet
[Mote:17] Not reachable yet
[Mote:14] Not reachable yet
[Mote:5] Not reachable yet
[Mote:15] Not reachable yet
[Mote:2] Not reachable yet
[Mote:3] Not reachable yet
[Mote:10] Not reachable yet
[Mote:16] Not reachable yet
[Mote:13] Not reachable yet
[Mote:18] Not reachable yet
[Mote:11] Not reachable yet
[Mote:6] Sensor IPv6 = fe80::206:6:6:6
[Mote:4] Not reachable yet
[Mote:12] Not reachable yet
[Mote:19] Not reachable yet
[Mote:1] {"node":"fd00::206:6:6:6", "cpu_energy_mj":19, "lpm_energy_mj":0, "radio_tx_energy_mj":1, "radio_rx_energy_mj":8, "node_time":1234829, "total_sent":110, "total_received":119, "bytes_tx":60, "bytes_rx":12, "r2n_latency":544, "lqi":100, "rssi":-90, "server_sent":119, "server_received":228, "server_bytes_rx":60, "n2r_latency":461, "hops":0, "rtt_latency":1182, "root_time_now":1235290}
[Mote:7] Sensor IPv6 = fe80::207:7:7:7
[Mote:1] {"node":"fd00::207:7:7:7", "cpu_energy_mj":18, "lpm_energy_mj":0, "radio_tx_energy_mj":0, "radio_rx_energy_mj":8, "node_time":1236172, "total_sent":94, "total_received":114, "bytes_tx":60, "bytes_rx":12, "r2n_latency":2014, "lqi":100, "rssi":-91, "server_sent":115, "server_received":186, "server_bytes_rx":60, "n2r_latency":238, "hops":1, "rtt_latency":1252, "root_time_now":1236410}
[Mote:8] Not reachable yet
[Mote:17] Not reachable yet
[Mote:9] Not reachable yet
[Mote:14] Not reachable yet
[Mote:5] Not reachable yet
[Mote:15] Not reachable yet
[Mote:3] Not reachable yet
[Mote:2] Not reachable yet
[Mote:10] Not reachable yet
[Mote:16] Not reachable yet
[Mote:13] Not reachable yet
[Mote:18] Not reachable yet
[Mote:11] Not reachable yet
[Mote:4] Not reachable yet
[Mote:6] Sensor IPv6 = fe80::206:6:6:6
[Mote:1] {"node":"fd00::206:6:6:6", "cpu_energy_mj":19, "lpm_energy_mj":0, "radio_tx_energy_mj":0, "radio_rx_energy_mj":8, "node_time":1245758, "total_sent":111, "total_received":120, "bytes_tx":60, "bytes_rx":12, "r2n_latency":484, "lqi":100, "rssi":-90, "server_sent":120, "server_received":230, "server_bytes_rx":60, "n2r_latency":32, "hops":0, "rtt_latency":977, "root_time_now":1245790}
[Mote:12] Not reachable yet
[Mote:19] Not reachable yet
[Mote:7] Sensor IPv6 = fe80::207:7:7:7
[Mote:1] {"node":"fd00::207:7:7:7", "cpu_energy_mj":18, "lpm_energy_mj":0, "radio_tx_energy_mj":0, "radio_rx_energy_mj":8, "node_time":1246648, "total_sent":95, "total_received":115, "bytes_tx":60, "bytes_rx":12, "r2n_latency":1114, "lqi":100, "rssi":-91, "server_sent":116, "server_received":188, "server_bytes_rx":60, "n2r_latency":122, "hops":1, "rtt_latency":1607, "root_time_now":1246770}
[Mote:8] Not reachable yet
[Mote:17] Not reachable yet
[Mote:9] Not reachable yet
[Mote:14] Not reachable yet
[Mote:5] Not reachable yet
[Mote:15] Not reachable yet
[Mote:3] Not reachable yet
[Mote:2] Not reachable yet
[Mote:10] Not reachable yet
[Mote:16] Not reachable yet
[Mote:13] Not reachable yet
[Mote:11] Not reachable yet
[Mote:18] Not reachable yet
[Mote:4] Not reachable yet
[Mote:6] Sensor IPv6 = fe80::206:6:6:6
[Mote:1] {"node":"fd00::206:6:6:6", "cpu_energy_mj":19, "lpm_energy_mj":0, "radio_tx_energy_mj":0, "radio_rx_energy_mj":8, "node_time":1256688, "total_sent":112, "total_received":121, "bytes_tx":60, "bytes_rx":12, "r2n_latency":284, "lqi":100, "rssi":-90, "server_sent":121, "server_received":232, "server_bytes_rx":60, "n2r_latency":22, "hops":0, "rtt_latency":2207, "root_time_now":1256710}
[Mote:12] Not reachable yet
[Mote:19] Not reachable yet
[Mote:7] Sensor IPv6 = fe80::207:7:7:7
[Mote:1] {"node":"fd00::207:7:7:7", "cpu_energy_mj":18, "lpm_energy_mj":0, "radio_tx_energy_mj":0, "radio_rx_energy_mj":8, "node_time":1257124, "total_sent":96, "total_received":116, "bytes_tx":60, "bytes_rx":12, "r2n_latency":1684, "lqi":100, "rssi":-91, "server_sent":117, "server_received":190, "server_bytes_rx":60, "n2r_latency":146, "hops":1, "rtt_latency":2242, "root_time_now":1257270}
[Mote:17] Not reachable yet
[Mote:8] Not reachable yet
[Mote:9] Not reachable yet
[Mote:14] Not reachable yet
[Mote:3] Not reachable yet
[Mote:5] Not reachable yet
[Mote:15] Not reachable yet
[Mote:10] Not reachable yet
[Mote:2] Not reachable yet
[Mote:16] Not reachable yet
[Mote:13] Not reachable yet
[Mote:11] Not reachable yet
[Mote:18] Not reachable yet
[Mote:4] Not reachable yet
[Mote:7] Sensor IPv6 = fe80::207:7:7:7
[Mote:6] Sensor IPv6 = fe80::206:6:6:6
[Mote:1] {"node":"fd00::206:6:6:6", "cpu_energy_mj":19, "lpm_energy_mj":0, "radio_tx_energy_mj":0, "radio_rx_energy_mj":8, "node_time":1267616, "total_sent":113, "total_received":122, "bytes_tx":60, "bytes_rx":12, "r2n_latency":434, "lqi":100, "rssi":-90, "server_sent":122, "server_received":234, "server_bytes_rx":60, "n2r_latency":14, "hops":0, "rtt_latency":847, "root_time_now":1267630}
[Mote:12] Not reachable yet
[Mote:17] Not reachable yet
[Mote:1] {"node":"fd00::207:7:7:7", "cpu_energy_mj":18, "lpm_energy_mj":0, "radio_tx_energy_mj":0, "radio_rx_energy_mj":8, "node_time":1267603, "total_sent":97, "total_received":117, "bytes_tx":60, "bytes_rx":12, "r2n_latency":924, "lqi":100, "rssi":-91, "server_sent":118, "server_received":192, "server_bytes_rx":60, "n2r_latency":307, "hops":1, "rtt_latency":882, "root_time_now":1267910}
[Mote:19] Not reachable yet
[Mote:8] Not reachable yet
[Mote:9] Not reachable yet
[Mote:14] Not reachable yet
[Mote:3] Not reachable yet
[Mote:10] Not reachable yet
[Mote:15] Not reachable yet
[Mote:5] Not reachable yet
[Mote:2] Not reachable yet
[Mote:16] Not reachable yet
[Mote:13] Not reachable yet
[Mote:11] Not reachable yet
[Mote:18] Not reachable yet
[Mote:4] Not reachable yet
[Mote:17] Not reachable yet
[Mote:7] Sensor IPv6 = fe80::207:7:7:7
[Mote:1] {"node":"fd00::207:7:7:7", "cpu_energy_mj":18, "lpm_energy_mj":0, "radio_tx_energy_mj":0, "radio_rx_energy_mj":8, "node_time":1278076, "total_sent":98, "total_received":118, "bytes_tx":60, "bytes_rx":12, "r2n_latency":2054, "lqi":100, "rssi":-91, "server_sent":119, "server_received":194, "server_bytes_rx":60, "n2r_latency":124, "hops":1, "rtt_latency":3302, "root_time_now":1278200}
[Mote:12] Not reachable yet
[Mote:6] Sensor IPv6 = fe80::206:6:6:6
[Mote:8] Not reachable yet
[Mote:1] {"node":"fd00::206:6:6:6", "cpu_energy_mj":19, "lpm_energy_mj":0, "radio_tx_energy_mj":0, "radio_rx_energy_mj":8, "node_time":1278544, "total_sent":114, "total_received":123, "bytes_tx":60, "bytes_rx":12, "r2n_latency":164, "lqi":100, "rssi":-90, "server_sent":123, "server_received":236, "server_bytes_rx":60, "n2r_latency":76, "hops":0, "rtt_latency":1482, "root_time_now":1278620}
[Mote:19] Not reachable yet
[Mote:9] Not reachable yet
[Mote:14] Not reachable yet
[Mote:3] Not reachable yet
[Mote:10] Not reachable yet
[Mote:15] Not reachable yet
[Mote:16] Not reachable yet
[Mote:5] Not reachable yet
[Mote:2] Not reachable yet
[Mote:13] Not reachable yet
[Mote:11] Not reachable yet
[Mote:18] Not reachable yet
[Mote:4] Not reachable yet
[Mote:17] Not reachable yet
[Mote:7] Sensor IPv6 = fe80::207:7:7:7
[Mote:1] {"node":"fd00::207:7:7:7", "cpu_energy_mj":18, "lpm_energy_mj":0, "radio_tx_energy_mj":0, "radio_rx_energy_mj":8, "node_time":1288552, "total_sent":99, "total_received":119, "bytes_tx":60, "bytes_rx":12, "r2n_latency":804, "lqi":100, "rssi":-91, "server_sent":120, "server_received":196, "server_bytes_rx":60, "n2r_latency":78, "hops":1, "rtt_latency":1767, "root_time_now":1288630}
[Mote:8] Not reachable yet
[Mote:12] Not reachable yet
[Mote:6] Sensor IPv6 = fe80::206:6:6:6
[Mote:1] {"node":"fd00::206:6:6:6", "cpu_energy_mj":19, "lpm_energy_mj":0, "radio_tx_energy_mj":0, "radio_rx_energy_mj":8, "node_time":1289473, "total_sent":115, "total_received":124, "bytes_tx":60, "bytes_rx":12, "r2n_latency":314, "lqi":100, "rssi":-90, "server_sent":124, "server_received":238, "server_bytes_rx":60, "n2r_latency":277, "hops":0, "rtt_latency":1732, "root_time_now":1289750}
[Mote:19] Not reachable yet
[Mote:9] Not reachable yet
[Mote:14] Not reachable yet
[Mote:3] Not reachable yet
[Mote:10] Not reachable yet
[Mote:16] Not reachable yet
[Mote:15] Not reachable yet
[Mote:13] Not reachable yet
[Mote:2] Not reachable yet
[Mote:5] Not reachable yet
[Mote:11] Not reachable yet
[Mote:18] Not reachable yet
[Mote:4] Not reachable yet
[Mote:17] Not reachable yet
[Mote:7] Sensor IPv6 = fe80::207:7:7:7
[Mote:1] {"node":"fd00::207:7:7:7", "cpu_energy_mj":18, "lpm_energy_mj":0, "radio_tx_energy_mj":0, "radio_rx_energy_mj":8, "node_time":1299029, "total_sent":100, "total_received":120, "bytes_tx":60, "bytes_rx":12, "r2n_latency":1024, "lqi":100, "rssi":-91, "server_sent":121, "server_received":198, "server_bytes_rx":60, "n2r_latency":171, "hops":1, "rtt_latency":2017, "root_time_now":1299200}
[Mote:8] Not reachable yet
[Mote:12] Not reachable yet
[Mote:6] Sensor IPv6 = fe80::206:6:6:6
[Mote:9] Not reachable yet
[Mote:19] Not reachable yet
[Mote:14] Not reachable yet
[Mote:1] {"node":"fd00::206:6:6:6", "cpu_energy_mj":19, "lpm_energy_mj":0, "radio_tx_energy_mj":0, "radio_rx_energy_mj":8, "node_time":1300404, "total_sent":116, "total_received":125, "bytes_tx":60, "bytes_rx":12, "r2n_latency":464, "lqi":100, "rssi":-90, "server_sent":126, "server_received":240, "server_bytes_rx":60, "n2r_latency":2646, "hops":0, "rtt_latency":337, "root_time_now":1303050}
[Mote:3] Not reachable yet
[Mote:10] Not reachable yet
[Mote:16] Not reachable yet
[Mote:13] Not reachable yet
[Mote:15] Not reachable yet
[Mote:11] Not reachable yet
[Mote:2] Not reachable yet
[Mote:5] Not reachable yet
[Mote:18] Not reachable yet
[Mote:17] Not reachable yet
[Mote:4] Not reachable yet
[Mote:7] Sensor IPv6 = fe80::207:7:7:7
[Mote:1] {"node":"fd00::207:7:7:7", "cpu_energy_mj":18, "lpm_energy_mj":0, "radio_tx_energy_mj":0, "radio_rx_energy_mj":8, "node_time":1309507, "total_sent":101, "total_received":121, "bytes_tx":60, "bytes_rx":12, "r2n_latency":1805, "lqi":100, "rssi":-91, "server_sent":122, "server_received":200, "server_bytes_rx":60, "n2r_latency":123, "hops":1, "rtt_latency":1637, "root_time_now":1309630}
[Mote:8] Not reachable yet
[Mote:12] Not reachable yet
[Mote:9] Not reachable yet
[Mote:6] Sensor IPv6 = fe80::206:6:6:6
[Mote:19] Not reachable yet
[Mote:14] Not reachable yet
[Mote:1] {"node":"fd00::206:6:6:6", "cpu_energy_mj":19, "lpm_energy_mj":0, "radio_tx_energy_mj":0, "radio_rx_energy_mj":8, "node_time":1311333, "total_sent":117, "total_received":127, "bytes_tx":60, "bytes_rx":12, "r2n_latency":624, "lqi":100, "rssi":-90, "server_sent":127, "server_received":243, "server_bytes_rx":60, "n2r_latency":2147, "hops":0, "rtt_latency":1712, "root_time_now":1313480}
[Mote:10] Not reachable yet
[Mote:3] Not reachable yet
[Mote:16] Not reachable yet
[Mote:13] Not reachable yet
[Mote:15] Not reachable yet
[Mote:11] Not reachable yet
[Mote:2] Sensor IPv6 = fe80::202:2:2:2
[Mote:1] {"node":"fd00::202:2:2:2", "cpu_energy_mj":341, "lpm_energy_mj":0, "radio_tx_energy_mj":6, "radio_rx_energy_mj":1393, "node_time":1316214, "total_sent":46, "total_received":119, "bytes_tx":60, "bytes_rx":12, "r2n_latency":204, "lqi":100, "rssi":-83, "server_sent":129, "server_received":85, "server_bytes_rx":60, "n2r_latency":276, "hops":0, "rtt_latency":1857, "root_time_now":1316490}
[Mote:5] Not reachable yet
[Mote:18] Not reachable yet
[Mote:17] Not reachable yet
[Mote:4] Not reachable yet
[Mote:7] Sensor IPv6 = fe80::207:7:7:7
[Mote:8] Not reachable yet
[Mote:1] {"node":"fd00::207:7:7:7", "cpu_energy_mj":18, "lpm_energy_mj":0, "radio_tx_energy_mj":0, "radio_rx_energy_mj":8, "node_time":1319981, "total_sent":102, "total_received":122, "bytes_tx":60, "bytes_rx":12, "r2n_latency":2024, "lqi":100, "rssi":-91, "server_sent":124, "server_received":202, "server_bytes_rx":60, "n2r_latency":569, "hops":1, "rtt_latency":1782, "root_time_now":1320550}
[Mote:9] Not reachable yet
[Mote:12] Not reachable yet
[Mote:6] Sensor IPv6 = fe80::206:6:6:6
[Mote:19] Not reachable yet
[Mote:1] {"node":"fd00::206:6:6:6", "cpu_energy_mj":19, "lpm_energy_mj":0, "radio_tx_energy_mj":1, "radio_rx_energy_mj":8, "node_time":1322262, "total_sent":118, "total_received":128, "bytes_tx":60, "bytes_rx":12, "r2n_latency":354, "lqi":100, "rssi":-90, "server_sent":128, "server_received":245, "server_bytes_rx":60, "n2r_latency":1228, "hops":0, "rtt_latency":422, "root_time_now":1323490}
[Mote:14] Not reachable yet
[Mote:16] Not reachable yet
[Mote:10] Not reachable yet
[Mote:3] Not reachable yet
[Mote:13] Not reachable yet
[Mote:11] Not reachable yet
[Mote:15] Not reachable yet
[Mote:2] Sensor IPv6 = fe80::202:2:2:2
[Mote:1] {"node":"fd00::202:2:2:2", "cpu_energy_mj":18, "lpm_energy_mj":0, "radio_tx_energy_mj":0, "radio_rx_energy_mj":8, "node_time":1326745, "total_sent":47, "total_received":120, "bytes_tx":60, "bytes_rx":12, "r2n_latency":144, "lqi":100, "rssi":-83, "server_sent":130, "server_received":87, "server_bytes_rx":60, "n2r_latency":245, "hops":0, "rtt_latency":1577, "root_time_now":1326990}
[Mote:5] Not reachable yet
[Mote:17] Not reachable yet
[Mote:18] Sensor IPv6 = fe80::212:12:12:12
[Mote:1] {"node":"fd00::212:12:12:12", "cpu_energy_mj":740, "lpm_energy_mj":0, "radio_tx_energy_mj":4, "radio_rx_energy_mj":340, "node_time":1329229, "total_sent":7, "total_received":23, "bytes_tx":60, "bytes_rx":12, "r2n_latency":1666, "lqi":100, "rssi":-85, "server_sent":121, "server_received":8, "server_bytes_rx":60, "n2r_latency":141, "hops":0, "rtt_latency":3848, "root_time_now":1329370}
[Mote:4] Not reachable yet
[Mote:7] Sensor IPv6 = fe80::207:7:7:7
[Mote:8] Not reachable yet
[Mote:9] Not reachable yet
[Mote:12] Not reachable yet
[Mote:6] Sensor IPv6 = fe80::206:6:6:6
[Mote:1] {"node":"fd00::206:6:6:6", "cpu_energy_mj":19, "lpm_energy_mj":0, "radio_tx_energy_mj":0, "radio_rx_energy_mj":8, "node_time":1333191, "total_sent":119, "total_received":129, "bytes_tx":60, "bytes_rx":12, "r2n_latency":994, "lqi":100, "rssi":-90, "server_sent":129, "server_received":247, "server_bytes_rx":60, "n2r_latency":309, "hops":0, "rtt_latency":1197, "root_time_now":1333500}
[Mote:19] Not reachable yet
[Mote:1] {"node":"fd00::207:7:7:7", "cpu_energy_mj":18, "lpm_energy_mj":0, "radio_tx_energy_mj":0, "radio_rx_energy_mj":8, "node_time":1330457, "total_sent":103, "total_received":123, "bytes_tx":60, "bytes_rx":12, "r2n_latency":1474, "lqi":100, "rssi":-91, "server_sent":125, "server_received":204, "server_bytes_rx":60, "n2r_latency":3183, "hops":1, "rtt_latency":2872, "root_time_now":1333640}
[Mote:16] Not reachable yet
[Mote:10] Not reachable yet
[Mote:14] Not reachable yet
[Mote:3] Not reachable yet
[Mote:13] Not reachable yet
[Mote:11] Not reachable yet
[Mote:15] Not reachable yet
[Mote:2] Sensor IPv6 = fe80::202:2:2:2
[Mote:1] {"node":"fd00::202:2:2:2", "cpu_energy_mj":18, "lpm_energy_mj":0, "radio_tx_energy_mj":0, "radio_rx_energy_mj":8, "node_time":1337276, "total_sent":48, "total_received":121, "bytes_tx":60, "bytes_rx":12, "r2n_latency":574, "lqi":100, "rssi":-83, "server_sent":131, "server_received":89, "server_bytes_rx":60, "n2r_latency":74, "hops":0, "rtt_latency":707, "root_time_now":1337350}
[Mote:5] Not reachable yet
[Mote:17] Not reachable yet
[Mote:18] Sensor IPv6 = fe80::212:12:12:12
[Mote:4] Not reachable yet
[Mote:7] Sensor IPv6 = fe80::207:7:7:7
[Mote:8] Not reachable yet
[Mote:9] Not reachable yet
[Mote:1] {"node":"fd00::207:7:7:7", "cpu_energy_mj":18, "lpm_energy_mj":0, "radio_tx_energy_mj":0, "radio_rx_energy_mj":8, "node_time":1340932, "total_sent":104, "total_received":124, "bytes_tx":60, "bytes_rx":12, "r2n_latency":4074, "lqi":100, "rssi":-91, "server_sent":126, "server_received":206, "server_bytes_rx":60, "n2r_latency":2088, "hops":1, "rtt_latency":2247, "root_time_now":1343020}
[Mote:12] Not reachable yet
[Mote:6] Sensor IPv6 = fe80::206:6:6:6
[Mote:19] Not reachable yet
[Mote:16] Not reachable yet
[Mote:10] Not reachable yet
[Mote:1] {"node":"fd00::206:6:6:6", "cpu_energy_mj":19, "lpm_energy_mj":0, "radio_tx_energy_mj":1, "radio_rx_energy_mj":8, "node_time":1344120, "total_sent":120, "total_received":130, "bytes_tx":60, "bytes_rx":12, "r2n_latency":794, "lqi":100, "rssi":-90, "server_sent":130, "server_received":249, "server_bytes_rx":60, "n2r_latency":790, "hops":0, "rtt_latency":1027, "root_time_now":1344910}
[Mote:3] Not reachable yet
[Mote:14] Not reachable yet
[Mote:13] Not reachable yet
[Mote:11] Not reachable yet
[Mote:15] Not reachable yet
[Mote:2] Sensor IPv6 = fe80::202:2:2:2
[Mote:1] {"node":"fd00::202:2:2:2", "cpu_energy_mj":18, "lpm_energy_mj":0, "radio_tx_energy_mj":0, "radio_rx_energy_mj":8, "node_time":1347809, "total_sent":49, "total_received":122, "bytes_tx":60, "bytes_rx":12, "r2n_latency":164, "lqi":100, "rssi":-83, "server_sent":132, "server_received":91, "server_bytes_rx":60, "n2r_latency":181, "hops":0, "rtt_latency":1377, "root_time_now":1347990}
[Mote:5] Not reachable yet
[Mote:17] Not reachable yet
[Mote:18] Sensor IPv6 = fe80::212:12:12:12
[Mote:4] Not reachable yet
[Mote:7] Sensor IPv6 = fe80::207:7:7:7
[Mote:8] Not reachable yet
[Mote:9] Not reachable yet
[Mote:1] {"node":"fd00::207:7:7:7", "cpu_energy_mj":18, "lpm_energy_mj":0, "radio_tx_energy_mj":0, "radio_rx_energy_mj":8, "node_time":1351411, "total_sent":105, "total_received":125, "bytes_tx":60, "bytes_rx":12, "r2n_latency":2404, "lqi":100, "rssi":-91, "server_sent":127, "server_received":208, "server_bytes_rx":60, "n2r_latency":2879, "hops":1, "rtt_latency":1622, "root_time_now":1354290}
[Mote:12] Not reachable yet
[Mote:16] Not reachable yet
[Mote:10] Not reachable yet
[Mote:6] Sensor IPv6 = fe80::206:6:6:6
[Mote:1] {"node":"fd00::206:6:6:6", "cpu_energy_mj":19, "lpm_energy_mj":0, "radio_tx_energy_mj":0, "radio_rx_energy_mj":8, "node_time":1355047, "total_sent":121, "total_received":131, "bytes_tx":60, "bytes_rx":12, "r2n_latency":524, "lqi":100, "rssi":-90, "server_sent":131, "server_received":251, "server_bytes_rx":60, "n2r_latency":153, "hops":0, "rtt_latency":2117, "root_time_now":1355200}
[Mote:3] Not reachable yet
[Mote:19] Not reachable yet
[Mote:13] Not reachable yet
[Mote:14] Not reachable yet
[Mote:11] Not reachable yet
[Mote:15] Not reachable yet
[Mote:2] Not reachable yet
[Mote:17] Not reachable yet
[Mote:5] Not reachable yet
[Mote:18] Not reachable yet
[Mote:4] Not reachable yet
[Mote:7] Sensor IPv6 = fe80::207:7:7:7
[Mote:8] Not reachable yet
[Mote:1] {"node":"fd00::207:7:7:7", "cpu_energy_mj":18, "lpm_energy_mj":0, "radio_tx_energy_mj":0, "radio_rx_energy_mj":8, "node_time":1361884, "total_sent":106, "total_received":127, "bytes_tx":60, "bytes_rx":12, "r2n_latency":1584, "lqi":100, "rssi":-91, "server_sent":128, "server_received":211, "server_bytes_rx":60, "n2r_latency":876, "hops":1, "rtt_latency":1177, "root_time_now":1362760}
[Mote:9] Not reachable yet
[Mote:16] Not reachable yet
[Mote:12] Not reachable yet
[Mote:10] Not reachable yet
[Mote:3] Not reachable yet
[Mote:13] Not reachable yet
[Mote:6] Sensor IPv6 = fe80::206:6:6:6
[Mote:1] {"node":"fd00::206:6:6:6", "cpu_energy_mj":19, "lpm_energy_mj":0, "radio_tx_energy_mj":0, "radio_rx_energy_mj":8, "node_time":1365978, "total_sent":122, "total_received":132, "bytes_tx":60, "bytes_rx":12, "r2n_latency":674, "lqi":100, "rssi":-90, "server_sent":132, "server_received":253, "server_bytes_rx":60, "n2r_latency":72, "hops":0, "rtt_latency":1107, "root_time_now":1366050}
[Mote:19] Not reachable yet
[Mote:11] Not reachable yet
[Mote:14] Not reachable yet
[Mote:15] Not reachable yet
[Mote:2] Not reachable yet
[Mote:17] Not reachable yet
[Mote:5] Not reachable yet
[Mote:18] Not reachable yet
[Mote:4] Not reachable yet
[Mote:7] Sensor IPv6 = fe80::207:7:7:7
[Mote:8] Not reachable yet
[Mote:1] {"node":"fd00::207:7:7:7", "cpu_energy_mj":18, "lpm_energy_mj":0, "radio_tx_energy_mj":0, "radio_rx_energy_mj":8, "node_time":1372361, "total_sent":107, "total_received":128, "bytes_tx":60, "bytes_rx":12, "r2n_latency":1804, "lqi":100, "rssi":-91, "server_sent":129, "server_received":213, "server_bytes_rx":60, "n2r_latency":1739, "hops":1, "rtt_latency":1602, "root_time_now":1374100}
[Mote:9] Not reachable yet
[Mote:16] Not reachable yet
[Mote:10] Not reachable yet
[Mote:13] Not reachable yet
[Mote:3] Not reachable yet
[Mote:12] Not reachable yet
[Mote:11] Not reachable yet
[Mote:6] Sensor IPv6 = fe80::206:6:6:6
[Mote:1] {"node":"fd00::206:6:6:6", "cpu_energy_mj":19, "lpm_energy_mj":0, "radio_tx_energy_mj":0, "radio_rx_energy_mj":8, "node_time":1376909, "total_sent":123, "total_received":133, "bytes_tx":60, "bytes_rx":12, "r2n_latency":964, "lqi":100, "rssi":-90, "server_sent":133, "server_received":255, "server_bytes_rx":60, "n2r_latency":201, "hops":0, "rtt_latency":1182, "root_time_now":1377110}
[Mote:19] Not reachable yet
[Mote:14] Not reachable yet
[Mote:15] Not reachable yet
[Mote:2] Not reachable yet
[Mote:17] Not reachable yet
[Mote:5] Not reachable yet
[Mote:18] Not reachable yet
[Mote:4] Not reachable yet
[Mote:7] Sensor IPv6 = fe80::207:7:7:7
[Mote:8] Not reachable yet
[Mote:1] {"node":"fd00::207:7:7:7", "cpu_energy_mj":18, "lpm_energy_mj":0, "radio_tx_energy_mj":0, "radio_rx_energy_mj":8, "node_time":1382836, "total_sent":108, "total_received":129, "bytes_tx":60, "bytes_rx":12, "r2n_latency":1394, "lqi":100, "rssi":-91, "server_sent":130, "server_received":215, "server_bytes_rx":60, "n2r_latency":994, "hops":1, "rtt_latency":1747, "root_time_now":1383830}
[Mote:16] Not reachable yet
[Mote:9] Not reachable yet
[Mote:10] Not reachable yet
[Mote:13] Not reachable yet
[Mote:3] Not reachable yet
[Mote:11] Not reachable yet
[Mote:12] Not reachable yet
[Mote:6] Sensor IPv6 = fe80::206:6:6:6
[Mote:1] {"node":"fd00::206:6:6:6", "cpu_energy_mj":19, "lpm_energy_mj":0, "radio_tx_energy_mj":0, "radio_rx_energy_mj":8, "node_time":1387834, "total_sent":124, "total_received":134, "bytes_tx":60, "bytes_rx":12, "r2n_latency":624, "lqi":100, "rssi":-90, "server_sent":134, "server_received":257, "server_bytes_rx":60, "n2r_latency":56, "hops":0, "rtt_latency":1712, "root_time_now":1387890}
[Mote:19] Not reachable yet
[Mote:14] Not reachable yet
[Mote:15] Not reachable yet
[Mote:2] Not reachable yet
[Mote:17] Not reachable yet
[Mote:5] Not reachable yet
[Mote:18] Not reachable yet
[Mote:7] Sensor IPv6 = fe80::207:7:7:7
[Mote:4] Not reachable yet
[Mote:8] Not reachable yet
[Mote:16] Not reachable yet
[Mote:1] {"node":"fd00::207:7:7:7", "cpu_energy_mj":18, "lpm_energy_mj":0, "radio_tx_energy_mj":0, "radio_rx_energy_mj":8, "node_time":1393312, "total_sent":109, "total_received":130, "bytes_tx":60, "bytes_rx":12, "r2n_latency":1334, "lqi":100, "rssi":-91, "server_sent":131, "server_received":217, "server_bytes_rx":60, "n2r_latency":2348, "hops":1, "rtt_latency":2697, "root_time_now":1395660}
[Mote:9] Not reachable yet
[Mote:10] Not reachable yet
[Mote:13] Not reachable yet
[Mote:3] Not reachable yet
[Mote:11] Not reachable yet
[Mote:12] Not reachable yet
[Mote:6] Sensor IPv6 = fe80::206:6:6:6
[Mote:1] {"node":"fd00::206:6:6:6", "cpu_energy_mj":19, "lpm_energy_mj":0, "radio_tx_energy_mj":0, "radio_rx_energy_mj":8, "node_time":1398765, "total_sent":125, "total_received":135, "bytes_tx":60, "bytes_rx":12, "r2n_latency":634, "lqi":100, "rssi":-90, "server_sent":135, "server_received":259, "server_bytes_rx":60, "n2r_latency":45, "hops":0, "rtt_latency":527, "root_time_now":1398810}
[Mote:19] Not reachable yet
[Mote:14] Not reachable yet
[Mote:15] Not reachable yet
[Mote:2] Not reachable yet
[Mote:17] Not reachable yet
[Mote:18] Not reachable yet
[Mote:5] Not reachable yet
[Mote:7] Sensor IPv6 = fe80::207:7:7:7
[Mote:4] Not reachable yet
[Mote:1] {"node":"fd00::207:7:7:7", "cpu_energy_mj":18, "lpm_energy_mj":0, "radio_tx_energy_mj":0, "radio_rx_energy_mj":8, "node_time":1403788, "total_sent":110, "total_received":131, "bytes_tx":60, "bytes_rx":12, "r2n_latency":1624, "lqi":100, "rssi":-91, "server_sent":132, "server_received":219, "server_bytes_rx":60, "n2r_latency":132, "hops":1, "rtt_latency":1127, "root_time_now":1403920}
[Mote:8] Not reachable yet
[Mote:16] Not reachable yet
[Mote:10] Not reachable yet
[Mote:13] Not reachable yet
[Mote:9] Not reachable yet
[Mote:3] Not reachable yet
[Mote:11] Not reachable yet
[Mote:12] Not reachable yet
[Mote:6] Sensor IPv6 = fe80::206:6:6:6
[Mote:1] {"node":"fd00::206:6:6:6", "cpu_energy_mj":19, "lpm_energy_mj":0, "radio_tx_energy_mj":0, "radio_rx_energy_mj":8, "node_time":1409696, "total_sent":126, "total_received":136, "bytes_tx":60, "bytes_rx":12, "r2n_latency":784, "lqi":100, "rssi":-90, "server_sent":136, "server_received":261, "server_bytes_rx":60, "n2r_latency":34, "hops":0, "rtt_latency":1092, "root_time_now":1409730}
[Mote:14] Not reachable yet
[Mote:19] Not reachable yet
[Mote:15] Not reachable yet
[Mote:17] Not reachable yet
[Mote:2] Not reachable yet
[Mote:18] Not reachable yet
[Mote:5] Not reachable yet
[Mote:7] Sensor IPv6 = fe80::207:7:7:7
[Mote:1] {"node":"fd00::207:7:7:7", "cpu_energy_mj":18, "lpm_energy_mj":0, "radio_tx_energy_mj":0, "radio_rx_energy_mj":8, "node_time":1414264, "total_sent":111, "total_received":132, "bytes_tx":60, "bytes_rx":12, "r2n_latency":1424, "lqi":100, "rssi":-91, "server_sent":133, "server_received":221, "server_bytes_rx":60, "n2r_latency":86, "hops":1, "rtt_latency":1132, "root_time_now":1414350}
[Mote:4] Not reachable yet
[Mote:16] Not reachable yet
[Mote:8] Not reachable yet
[Mote:10] Not reachable yet
[Mote:13] Not reachable yet
[Mote:9] Not reachable yet
[Mote:3] Not reachable yet
[Mote:11] Not reachable yet
[Mote:12] Not reachable yet
[Mote:6] Sensor IPv6 = fe80::206:6:6:6
[Mote:14] Not reachable yet
[Mote:15] Not reachable yet
[Mote:19] Not reachable yet
[Mote:17] Not reachable yet
[Mote:1] {"node":"fd00::206:6:6:6", "cpu_energy_mj":19, "lpm_energy_mj":0, "radio_tx_energy_mj":0, "radio_rx_energy_mj":8, "node_time":1420625, "total_sent":127, "total_received":137, "bytes_tx":60, "bytes_rx":12, "r2n_latency":514, "lqi":100, "rssi":-90, "server_sent":138, "server_received":263, "server_bytes_rx":60, "n2r_latency":865, "hops":0, "rtt_latency":747, "root_time_now":1421490}
[Mote:2] Not reachable yet
[Mote:18] Not reachable yet
[Mote:7] Sensor IPv6 = fe80::207:7:7:7
[Mote:16] Not reachable yet
[Mote:5] Not reachable yet
[Mote:4] Not reachable yet
[Mote:1] {"node":"fd00::207:7:7:7", "cpu_energy_mj":18, "lpm_energy_mj":0, "radio_tx_energy_mj":0, "radio_rx_energy_mj":8, "node_time":1424740, "total_sent":112, "total_received":133, "bytes_tx":60, "bytes_rx":12, "r2n_latency":2204, "lqi":100, "rssi":-91, "server_sent":134, "server_received":223, "server_bytes_rx":60, "n2r_latency":320, "hops":1, "rtt_latency":1312, "root_time_now":1425060}
[Mote:8] Not reachable yet
[Mote:10] Not reachable yet
[Mote:13] Not reachable yet
[Mote:11] Not reachable yet
[Mote:3] Not reachable yet
[Mote:9] Not reachable yet
[Mote:12] Not reachable yet
[Mote:17] Not reachable yet
[Mote:15] Not reachable yet
[Mote:14] Not reachable yet
[Mote:6] Sensor IPv6 = fe80::206:6:6:6
[Mote:1] {"node":"fd00::206:6:6:6", "cpu_energy_mj":19, "lpm_energy_mj":0, "radio_tx_energy_mj":1, "radio_rx_energy_mj":8, "node_time":1431552, "total_sent":128, "total_received":139, "bytes_tx":60, "bytes_rx":12, "r2n_latency":954, "lqi":100, "rssi":-90, "server_sent":139, "server_received":266, "server_bytes_rx":60, "n2r_latency":158, "hops":0, "rtt_latency":652, "root_time_now":1431710}
[Mote:19] Not reachable yet
[Mote:2] Not reachable yet
[Mote:18] Not reachable yet
[Mote:16] Not reachable yet
[Mote:7] Sensor IPv6 = fe80::207:7:7:7
[Mote:4] Not reachable yet
[Mote:5] Not reachable yet
[Mote:8] Not reachable yet
[Mote:1] {"node":"fd00::207:7:7:7", "cpu_energy_mj":18, "lpm_energy_mj":0, "radio_tx_energy_mj":0, "radio_rx_energy_mj":8, "node_time":1435216, "total_sent":113, "total_received":134, "bytes_tx":60, "bytes_rx":12, "r2n_latency":2494, "lqi":100, "rssi":-91, "server_sent":135, "server_received":225, "server_bytes_rx":60, "n2r_latency":904, "hops":1, "rtt_latency":1457, "root_time_now":1436120}
[Mote:10] Not reachable yet
[Mote:13] Not reachable yet
[Mote:11] Not reachable yet
[Mote:3] Not reachable yet
[Mote:9] Not reachable yet
[Mote:12] Not reachable yet
[Mote:17] Not reachable yet
[Mote:15] Not reachable yet
[Mote:14] Not reachable yet
[Mote:6] Sensor IPv6 = fe80::206:6:6:6
[Mote:2] Not reachable yet
[Mote:1] {"node":"fd00::206:6:6:6", "cpu_energy_mj":19, "lpm_energy_mj":0, "radio_tx_energy_mj":1, "radio_rx_energy_mj":8, "node_time":1442481, "total_sent":129, "total_received":140, "bytes_tx":60, "bytes_rx":12, "r2n_latency":684, "lqi":100, "rssi":-90, "server_sent":140, "server_received":268, "server_bytes_rx":60, "n2r_latency":219, "hops":0, "rtt_latency":1322, "root_time_now":1442700}
[Mote:19] Not reachable yet
[Mote:16] Not reachable yet
[Mote:18] Not reachable yet
[Mote:7] Sensor IPv6 = fe80::207:7:7:7
[Mote:4] Not reachable yet
[Mote:8] Not reachable yet
[Mote:5] Not reachable yet
[Mote:13] Not reachable yet
[Mote:10] Not reachable yet
[Mote:1] {"node":"fd00::207:7:7:7", "cpu_energy_mj":18, "lpm_energy_mj":0, "radio_tx_energy_mj":0, "radio_rx_energy_mj":8, "node_time":1445693, "total_sent":114, "total_received":135, "bytes_tx":60, "bytes_rx":12, "r2n_latency":1594, "lqi":100, "rssi":-91, "server_sent":136, "server_received":227, "server_bytes_rx":60, "n2r_latency":1067, "hops":1, "rtt_latency":3317, "root_time_now":1446760}
[Mote:11] Not reachable yet
[Mote:3] Not reachable yet
[Mote:9] Not reachable yet
[Mote:17] Not reachable yet
[Mote:12] Not reachable yet
[Mote:15] Not reachable yet
[Mote:14] Not reachable yet
[Mote:2] Not reachable yet
[Mote:6] Sensor IPv6 = fe80::206:6:6:6
[Mote:19] Not reachable yet
[Mote:16] Not reachable yet
[Mote:1] {"node":"fd00::206:6:6:6", "cpu_energy_mj":19, "lpm_energy_mj":0, "radio_tx_energy_mj":1, "radio_rx_energy_mj":8, "node_time":1453410, "total_sent":130, "total_received":141, "bytes_tx":60, "bytes_rx":12, "r2n_latency":414, "lqi":100, "rssi":-90, "server_sent":141, "server_received":270, "server_bytes_rx":60, "n2r_latency":2170, "hops":0, "rtt_latency":487, "root_time_now":1455580}
[Mote:18] Not reachable yet
[Mote:7] Sensor IPv6 = fe80::207:7:7:7
[Mote:4] Not reachable yet
[Mote:1] {"node":"fd00::207:7:7:7", "cpu_energy_mj":18, "lpm_energy_mj":0, "radio_tx_energy_mj":0, "radio_rx_energy_mj":8, "node_time":1456168, "total_sent":115, "total_received":136, "bytes_tx":60, "bytes_rx":12, "r2n_latency":1394, "lqi":100, "rssi":-91, "server_sent":137, "server_received":229, "server_bytes_rx":60, "n2r_latency":532, "hops":1, "rtt_latency":2937, "root_time_now":1456700}
[Mote:13] Not reachable yet
[Mote:8] Not reachable yet
[Mote:10] Not reachable yet
[Mote:5] Sensor IPv6 = fe80::205:5:5:5
[Mote:11] Not reachable yet
[Mote:1] {"node":"fd00::205:5:5:5", "cpu_energy_mj":621, "lpm_energy_mj":0, "radio_tx_energy_mj":39, "radio_rx_energy_mj":257, "node_time":1457237, "total_sent":103, "total_received":142, "bytes_tx":60, "bytes_rx":12, "r2n_latency":274, "lqi":100, "rssi":-89, "server_sent":143, "server_received":205, "server_bytes_rx":60, "n2r_latency":373, "hops":0, "rtt_latency":2902, "root_time_now":1457610}
[Mote:3] Not reachable yet
[Mote:9] Not reachable yet
[Mote:17] Not reachable yet
[Mote:12] Not reachable yet
[Mote:15] Not reachable yet
[Mote:2] Not reachable yet
[Mote:14] Not reachable yet
[Mote:6] Sensor IPv6 = fe80::206:6:6:6
[Mote:1] {"node":"fd00::206:6:6:6", "cpu_energy_mj":19, "lpm_energy_mj":0, "radio_tx_energy_mj":1, "radio_rx_energy_mj":8, "node_time":1464339, "total_sent":131, "total_received":142, "bytes_tx":60, "bytes_rx":12, "r2n_latency":844, "lqi":100, "rssi":-90, "server_sent":142, "server_received":272, "server_bytes_rx":60, "n2r_latency":61, "hops":0, "rtt_latency":2102, "root_time_now":1464400}
[Mote:19] Not reachable yet
[Mote:16] Not reachable yet
[Mote:18] Not reachable yet
[Mote:7] Sensor IPv6 = fe80::207:7:7:7
[Mote:1] {"node":"fd00::207:7:7:7", "cpu_energy_mj":18, "lpm_energy_mj":0, "radio_tx_energy_mj":0, "radio_rx_energy_mj":8, "node_time":1466645, "total_sent":116, "total_received":137, "bytes_tx":60, "bytes_rx":12, "r2n_latency":1894, "lqi":100, "rssi":-91, "server_sent":138, "server_received":231, "server_bytes_rx":60, "n2r_latency":135, "hops":1, "rtt_latency":2802, "root_time_now":1466780}
[Mote:13] Sensor IPv6 = fe80::20d:d:d:d
[Mote:1] {"node":"fd00::20d:d:d:d", "cpu_energy_mj":891, "lpm_energy_mj":0, "radio_tx_energy_mj":6, "radio_rx_energy_mj":6486, "node_time":1466874, "total_sent":83, "total_received":104, "bytes_tx":60, "bytes_rx":12, "r2n_latency":1404, "lqi":100, "rssi":-86, "server_sent":136, "server_received":167, "server_bytes_rx":60, "n2r_latency":116, "hops":1, "rtt_latency":807, "root_time_now":1466990}
[Mote:10] Not reachable yet
[Mote:4] Not reachable yet
[Mote:8] Not reachable yet
[Mote:11] Not reachable yet
[Mote:5] Sensor IPv6 = fe80::205:5:5:5
[Mote:1] {"node":"fd00::205:5:5:5", "cpu_energy_mj":19, "lpm_energy_mj":0, "radio_tx_energy_mj":1, "radio_rx_energy_mj":7, "node_time":1468028, "total_sent":104, "total_received":143, "bytes_tx":60, "bytes_rx":12, "r2n_latency":214, "lqi":100, "rssi":-89, "server_sent":144, "server_received":207, "server_bytes_rx":60, "n2r_latency":12, "hops":0, "rtt_latency":387, "root_time_now":1468040}
[Mote:3] Not reachable yet
[Mote:9] Not reachable yet
[Mote:17] Not reachable yet
[Mote:12] Not reachable yet
[Mote:15] Not reachable yet
[Mote:2] Not reachable yet
[Mote:14] Not reachable yet
[Mote:16] Not reachable yet
[Mote:6] Sensor IPv6 = fe80::206:6:6:6
[Mote:1] {"node":"fd00::206:6:6:6", "cpu_energy_mj":19, "lpm_energy_mj":0, "radio_tx_energy_mj":0, "radio_rx_energy_mj":8, "node_time":1475267, "total_sent":132, "total_received":143, "bytes_tx":60, "bytes_rx":12, "r2n_latency":574, "lqi":100, "rssi":-90, "server_sent":143, "server_received":274, "server_bytes_rx":60, "n2r_latency":193, "hops":0, "rtt_latency":1092, "root_time_now":1475460}
[Mote:19] Sensor IPv6 = fe80::213:13:13:13
[Mote:18] Not reachable yet
[Mote:13] Sensor IPv6 = fe80::20d:d:d:d
[Mote:7] Sensor IPv6 = fe80::207:7:7:7
[Mote:1] {"node":"fd00::207:7:7:7", "cpu_energy_mj":18, "lpm_energy_mj":0, "radio_tx_energy_mj":0, "radio_rx_energy_mj":8, "node_time":1477120, "total_sent":117, "total_received":138, "bytes_tx":60, "bytes_rx":12, "r2n_latency":1064, "lqi":100, "rssi":-91, "server_sent":139, "server_received":233, "server_bytes_rx":60, "n2r_latency":90, "hops":1, "rtt_latency":1407, "root_time_now":1477210}
[Mote:10] Not reachable yet
[Mote:11] Not reachable yet
[Mote:8] Not reachable yet
[Mote:4] Not reachable yet
[Mote:3] Not reachable yet
[Mote:1] {"node":"fd00::213:13:13:13", "cpu_energy_mj":1042, "lpm_energy_mj":0, "radio_tx_energy_mj":4, "radio_rx_energy_mj":486, "node_time":1475602, "total_sent":21, "total_received":63, "bytes_tx":60, "bytes_rx":12, "r2n_latency":3094, "lqi":100, "rssi":-30, "server_sent":130, "server_received":35, "server_bytes_rx":60, "n2r_latency":3078, "hops":2, "rtt_latency":4207, "root_time_now":1478680}
[Mote:5] Sensor IPv6 = fe80::205:5:5:5
[Mote:1] {"node":"fd00::205:5:5:5", "cpu_energy_mj":19, "lpm_energy_mj":0, "radio_tx_energy_mj":1, "radio_rx_energy_mj":7, "node_time":1478820, "total_sent":105, "total_received":144, "bytes_tx":60, "bytes_rx":12, "r2n_latency":14, "lqi":100, "rssi":-89, "server_sent":145, "server_received":209, "server_bytes_rx":60, "n2r_latency":70, "hops":0, "rtt_latency":2562, "root_time_now":1478890}
[Mote:9] Not reachable yet
[Mote:17] Not reachable yet
[Mote:15] Not reachable yet
[Mote:12] Not reachable yet
[Mote:2] Not reachable yet
[Mote:16] Not reachable yet
[Mote:14] Not reachable yet
[Mote:6] Sensor IPv6 = fe80::206:6:6:6
[Mote:1] {"node":"fd00::206:6:6:6", "cpu_energy_mj":19, "lpm_energy_mj":0, "radio_tx_energy_mj":1, "radio_rx_energy_mj":8, "node_time":1486197, "total_sent":133, "total_received":144, "bytes_tx":60, "bytes_rx":12, "r2n_latency":584, "lqi":100, "rssi":-90, "server_sent":144, "server_received":276, "server_bytes_rx":60, "n2r_latency":183, "hops":0, "rtt_latency":2287, "root_time_now":1486380}
[Mote:19] Sensor IPv6 = fe80::213:13:13:13
[Mote:1] {"node":"fd00::213:13:13:13", "cpu_energy_mj":19, "lpm_energy_mj":0, "radio_tx_energy_mj":0, "radio_rx_energy_mj":9, "node_time":1486530, "total_sent":22, "total_received":64, "bytes_tx":60, "bytes_rx":12, "r2n_latency":2124, "lqi":100, "rssi":-30, "server_sent":131, "server_received":37, "server_bytes_rx":60, "n2r_latency":200, "hops":2, "rtt_latency":2497, "root_time_now":1486730}
[Mote:13] Sensor IPv6 = fe80::20d:d:d:d
[Mote:1] {"node":"fd00::20d:d:d:d", "cpu_energy_mj":18, "lpm_energy_mj":0, "radio_tx_energy_mj":1, "radio_rx_energy_mj":7, "node_time":1487096, "total_sent":85, "total_received":106, "bytes_tx":60, "bytes_rx":12, "r2n_latency":934, "lqi":100, "rssi":-86, "server_sent":138, "server_received":169, "server_bytes_rx":60, "n2r_latency":124, "hops":1, "rtt_latency":2462, "root_time_now":1487220}
[Mote:10] Not reachable yet
[Mote:18] Not reachable yet
[Mote:7] Sensor IPv6 = fe80::207:7:7:7
[Mote:1] {"node":"fd00::207:7:7:7", "cpu_energy_mj":18, "lpm_energy_mj":0, "radio_tx_energy_mj":0, "radio_rx_energy_mj":8, "node_time":1487597, "total_sent":118, "total_received":139, "bytes_tx":60, "bytes_rx":12, "r2n_latency":1284, "lqi":100, "rssi":-91, "server_sent":140, "server_received":235, "server_bytes_rx":60, "n2r_latency":183, "hops":1, "rtt_latency":3162, "root_time_now":1487780}
[Mote:11] Not reachable yet
[Mote:8] Not reachable yet
[Mote:4] Sensor IPv6 = fe80::204:4:4:4
[Mote:3] Not reachable yet
[Mote:1] {"node":"fd00::204:4:4:4", "cpu_energy_mj":874, "lpm_energy_mj":0, "radio_tx_energy_mj":4, "radio_rx_energy_mj":6948, "node_time":1488346, "total_sent":77, "total_received":94, "bytes_tx":60, "bytes_rx":12, "r2n_latency":1634, "lqi":100, "rssi":-83, "server_sent":133, "server_received":148, "server_bytes_rx":60, "n2r_latency":554, "hops":3, "rtt_latency":12562, "root_time_now":1488900}
[Mote:5] Sensor IPv6 = fe80::205:5:5:5
[Mote:1] {"node":"fd00::205:5:5:5", "cpu_energy_mj":19, "lpm_energy_mj":0, "radio_tx_energy_mj":1, "radio_rx_energy_mj":7, "node_time":1489612, "total_sent":106, "total_received":145, "bytes_tx":60, "bytes_rx":12, "r2n_latency":24, "lqi":100, "rssi":-89, "server_sent":146, "server_received":211, "server_bytes_rx":60, "n2r_latency":58, "hops":0, "rtt_latency":1727, "root_time_now":1489670}
[Mote:9] Not reachable yet
[Mote:17] Not reachable yet
[Mote:15] Not reachable yet
[Mote:16] Not reachable yet
[Mote:12] Not reachable yet
[Mote:2] Not reachable yet
[Mote:14] Not reachable yet
[Mote:6] Sensor IPv6 = fe80::206:6:6:6
[Mote:1] {"node":"fd00::206:6:6:6", "cpu_energy_mj":19, "lpm_energy_mj":0, "radio_tx_energy_mj":1, "radio_rx_energy_mj":8, "node_time":1497128, "total_sent":134, "total_received":145, "bytes_tx":60, "bytes_rx":12, "r2n_latency":245, "lqi":100, "rssi":-90, "server_sent":145, "server_received":278, "server_bytes_rx":60, "n2r_latency":32, "hops":0, "rtt_latency":2082, "root_time_now":1497160}
[Mote:13] Sensor IPv6 = fe80::20d:d:d:d
[Mote:1] {"node":"fd00::20d:d:d:d", "cpu_energy_mj":18, "lpm_energy_mj":0, "radio_tx_energy_mj":1, "radio_rx_energy_mj":7, "node_time":1497210, "total_sent":86, "total_received":107, "bytes_tx":60, "bytes_rx":12, "r2n_latency":665, "lqi":100, "rssi":-86, "server_sent":139, "server_received":171, "server_bytes_rx":60, "n2r_latency":230, "hops":1, "rtt_latency":2432, "root_time_now":1497440}
[Mote:19] Sensor IPv6 = fe80::213:13:13:13
[Mote:10] Not reachable yet
[Mote:1] {"node":"fd00::213:13:13:13", "cpu_energy_mj":19, "lpm_energy_mj":0, "radio_tx_energy_mj":0, "radio_rx_energy_mj":8, "node_time":1497457, "total_sent":23, "total_received":65, "bytes_tx":60, "bytes_rx":12, "r2n_latency":4725, "lqi":100, "rssi":-30, "server_sent":132, "server_received":39, "server_bytes_rx":60, "n2r_latency":193, "hops":2, "rtt_latency":2712, "root_time_now":1497650}
[Mote:11] Not reachable yet
[Mote:18] Not reachable yet
[Mote:7] Sensor IPv6 = fe80::207:7:7:7
[Mote:1] {"node":"fd00::207:7:7:7", "cpu_energy_mj":18, "lpm_energy_mj":0, "radio_tx_energy_mj":0, "radio_rx_energy_mj":8, "node_time":1498075, "total_sent":119, "total_received":140, "bytes_tx":60, "bytes_rx":12, "r2n_latency":1225, "lqi":100, "rssi":-91, "server_sent":141, "server_received":237, "server_bytes_rx":60, "n2r_latency":135, "hops":1, "rtt_latency":2117, "root_time_now":1498210}
[Mote:8] Not reachable yet
[Mote:4] Sensor IPv6 = fe80::204:4:4:4
[Mote:3] Not reachable yet
[Mote:1] {"node":"fd00::204:4:4:4", "cpu_energy_mj":19, "lpm_energy_mj":0, "radio_tx_energy_mj":0, "radio_rx_energy_mj":8, "node_time":1498902, "total_sent":78, "total_received":95, "bytes_tx":60, "bytes_rx":12, "r2n_latency":2275, "lqi":100, "rssi":-83, "server_sent":134, "server_received":150, "server_bytes_rx":60, "n2r_latency":218, "hops":3, "rtt_latency":2467, "root_time_now":1499120}
[Mote:5] Sensor IPv6 = fe80::205:5:5:5
[Mote:9] Not reachable yet
[Mote:17] Not reachable yet
[Mote:1] {"node":"fd00::205:5:5:5", "cpu_energy_mj":19, "lpm_energy_mj":0, "radio_tx_energy_mj":1, "radio_rx_energy_mj":7, "node_time":1500406, "total_sent":107, "total_received":147, "bytes_tx":60, "bytes_rx":12, "r2n_latency":44, "lqi":100, "rssi":-89, "server_sent":148, "server_received":214, "server_bytes_rx":60, "n2r_latency":3544, "hops":0, "rtt_latency":1912, "root_time_now":1503950}
[Mote:16] Not reachable yet
[Mote:15] Not reachable yet
[Mote:2] Not reachable yet
[Mote:12] Not reachable yet
[Mote:14] Not reachable yet
[Mote:13] Sensor IPv6 = fe80::20d:d:d:d
[Mote:1] {"node":"fd00::20d:d:d:d", "cpu_energy_mj":18, "lpm_energy_mj":0, "radio_tx_energy_mj":1, "radio_rx_energy_mj":7, "node_time":1507324, "total_sent":87, "total_received":108, "bytes_tx":60, "bytes_rx":12, "r2n_latency":1234, "lqi":100, "rssi":-86, "server_sent":140, "server_received":173, "server_bytes_rx":60, "n2r_latency":336, "hops":1, "rtt_latency":2577, "root_time_now":1507660}
[Mote:10] Not reachable yet
[Mote:6] Sensor IPv6 = fe80::206:6:6:6
[Mote:1] {"node":"fd00::206:6:6:6", "cpu_energy_mj":19, "lpm_energy_mj":0, "radio_tx_energy_mj":0, "radio_rx_energy_mj":8, "node_time":1508057, "total_sent":135, "total_received":146, "bytes_tx":60, "bytes_rx":12, "r2n_latency":184, "lqi":100, "rssi":-90, "server_sent":146, "server_received":280, "server_bytes_rx":60, "n2r_latency":23, "hops":0, "rtt_latency":547, "root_time_now":1508080}
[Mote:11] Not reachable yet
[Mote:19] Sensor IPv6 = fe80::213:13:13:13
[Mote:7] Sensor IPv6 = fe80::207:7:7:7
[Mote:18] Not reachable yet
[Mote:1] {"node":"fd00::207:7:7:7", "cpu_energy_mj":18, "lpm_energy_mj":0, "radio_tx_energy_mj":0, "radio_rx_energy_mj":8, "node_time":1508551, "total_sent":120, "total_received":141, "bytes_tx":60, "bytes_rx":12, "r2n_latency":1374, "lqi":100, "rssi":-91, "server_sent":142, "server_received":239, "server_bytes_rx":60, "n2r_latency":299, "hops":1, "rtt_latency":1842, "root_time_now":1508850}
[Mote:8] Not reachable yet
[Mote:3] Not reachable yet
[Mote:4] Sensor IPv6 = fe80::204:4:4:4
[Mote:5] Sensor IPv6 = fe80::205:5:5:5
[Mote:9] Not reachable yet
[Mote:17] Not reachable yet
[Mote:16] Not reachable yet
[Mote:1] {"node":"fd00::205:5:5:5", "cpu_energy_mj":19, "lpm_energy_mj":0, "radio_tx_energy_mj":1, "radio_rx_energy_mj":7, "node_time":1511198, "total_sent":108, "total_received":148, "bytes_tx":60, "bytes_rx":12, "r2n_latency":54, "lqi":100, "rssi":-89, "server_sent":149, "server_received":216, "server_bytes_rx":60, "n2r_latency":4302, "hops":0, "rtt_latency":2722, "root_time_now":1515500}
[Mote:15] Not reachable yet
[Mote:2] Not reachable yet
[Mote:12] Not reachable yet
[Mote:13] Sensor IPv6 = fe80::20d:d:d:d
[Mote:1] {"node":"fd00::20d:d:d:d", "cpu_energy_mj":18, "lpm_energy_mj":0, "radio_tx_energy_mj":0, "radio_rx_energy_mj":7, "node_time":1517436, "total_sent":88, "total_received":109, "bytes_tx":60, "bytes_rx":12, "r2n_latency":1874, "lqi":100, "rssi":-86, "server_sent":141, "server_received":175, "server_bytes_rx":60, "n2r_latency":94, "hops":1, "rtt_latency":2792, "root_time_now":1517530}
[Mote:14] Not reachable yet
[Mote:10] Not reachable yet
[Mote:11] Not reachable yet
[Mote:6] Sensor IPv6 = fe80::206:6:6:6
[Mote:1] {"node":"fd00::206:6:6:6", "cpu_energy_mj":19, "lpm_energy_mj":0, "radio_tx_energy_mj":0, "radio_rx_energy_mj":8, "node_time":1518984, "total_sent":136, "total_received":147, "bytes_tx":60, "bytes_rx":12, "r2n_latency":194, "lqi":100, "rssi":-90, "server_sent":147, "server_received":282, "server_bytes_rx":60, "n2r_latency":16, "hops":0, "rtt_latency":657, "root_time_now":1519000}
[Mote:7] Sensor IPv6 = fe80::207:7:7:7
[Mote:18] Not reachable yet
[Mote:1] {"node":"fd00::207:7:7:7", "cpu_energy_mj":18, "lpm_energy_mj":0, "radio_tx_energy_mj":0, "radio_rx_energy_mj":8, "node_time":1519025, "total_sent":121, "total_received":142, "bytes_tx":60, "bytes_rx":12, "r2n_latency":614, "lqi":100, "rssi":-91, "server_sent":143, "server_received":241, "server_bytes_rx":60, "n2r_latency":115, "hops":1, "rtt_latency":1742, "root_time_now":1519140}
[Mote:19] Sensor IPv6 = fe80::213:13:13:13
[Mote:3] Not reachable yet
[Mote:8] Not reachable yet
[Mote:4] Sensor IPv6 = fe80::204:4:4:4
[Mote:5] Sensor IPv6 = fe80::205:5:5:5
[Mote:9] Not reachable yet
[Mote:17] Not reachable yet
[Mote:1] {"node":"fd00::205:5:5:5", "cpu_energy_mj":19, "lpm_energy_mj":0, "radio_tx_energy_mj":1, "radio_rx_energy_mj":7, "node_time":1521990, "total_sent":109, "total_received":149, "bytes_tx":60, "bytes_rx":12, "r2n_latency":64, "lqi":100, "rssi":-89, "server_sent":150, "server_received":218, "server_bytes_rx":60, "n2r_latency":1840, "hops":0, "rtt_latency":1747, "root_time_now":1523830}
[Mote:16] Not reachable yet
[Mote:15] Not reachable yet
[Mote:1] {"node":"fd00::213:13:13:13", "cpu_energy_mj":19, "lpm_energy_mj":0, "radio_tx_energy_mj":1, "radio_rx_energy_mj":8, "node_time":1519316, "total_sent":25, "total_received":66, "bytes_tx":60, "bytes_rx":12, "r2n_latency":2564, "lqi":100, "rssi":-44, "server_sent":135, "server_received":41, "server_bytes_rx":60, "n2r_latency":7384, "hops":1, "rtt_latency":3662, "root_time_now":1526700}
[Mote:2] Not reachable yet
[Mote:13] Sensor IPv6 = fe80::20d:d:d:d
[Mote:12] Not reachable yet
[Mote:1] {"node":"fd00::20d:d:d:d", "cpu_energy_mj":18, "lpm_energy_mj":0, "radio_tx_energy_mj":0, "radio_rx_energy_mj":8, "node_time":1527549, "total_sent":89, "total_received":110, "bytes_tx":60, "bytes_rx":12, "r2n_latency":904, "lqi":100, "rssi":-86, "server_sent":142, "server_received":177, "server_bytes_rx":60, "n2r_latency":201, "hops":1, "rtt_latency":1782, "root_time_now":1527750}
[Mote:10] Not reachable yet
[Mote:11] Not reachable yet
[Mote:14] Not reachable yet
[Mote:7] Sensor IPv6 = fe80::207:7:7:7
[Mote:1] {"node":"fd00::207:7:7:7", "cpu_energy_mj":18, "lpm_energy_mj":0, "radio_tx_energy_mj":0, "radio_rx_energy_mj":8, "node_time":1529500, "total_sent":122, "total_received":143, "bytes_tx":60, "bytes_rx":12, "r2n_latency":1254, "lqi":100, "rssi":-91, "server_sent":144, "server_received":243, "server_bytes_rx":60, "n2r_latency":140, "hops":1, "rtt_latency":1677, "root_time_now":1529640}
[Mote:18] Not reachable yet
[Mote:3] Not reachable yet
[Mote:6] Sensor IPv6 = fe80::206:6:6:6
[Mote:8] Not reachable yet
[Mote:19] Sensor IPv6 = fe80::213:13:13:13
[Mote:4] Not reachable yet
[Mote:1] {"node":"fd00::206:6:6:6", "cpu_energy_mj":19, "lpm_energy_mj":0, "radio_tx_energy_mj":1, "radio_rx_energy_mj":8, "node_time":1529911, "total_sent":137, "total_received":148, "bytes_tx":60, "bytes_rx":12, "r2n_latency":204, "lqi":100, "rssi":-90, "server_sent":149, "server_received":284, "server_bytes_rx":60, "n2r_latency":1899, "hops":0, "rtt_latency":977, "root_time_now":1531810}
[Mote:5] Sensor IPv6 = fe80::205:5:5:5
[Mote:9] Not reachable yet
[Mote:17] Not reachable yet
[Mote:1] {"node":"fd00::205:5:5:5", "cpu_energy_mj":19, "lpm_energy_mj":0, "radio_tx_energy_mj":1, "radio_rx_energy_mj":7, "node_time":1532782, "total_sent":110, "total_received":150, "bytes_tx":60, "bytes_rx":12, "r2n_latency":635, "lqi":100, "rssi":-89, "server_sent":151, "server_received":220, "server_bytes_rx":60, "n2r_latency":1548, "hops":0, "rtt_latency":1332, "root_time_now":1534330}
[Mote:16] Not reachable yet
[Mote:1] {"node":"fd00::213:13:13:13", "cpu_energy_mj":19, "lpm_energy_mj":0, "radio_tx_energy_mj":1, "radio_rx_energy_mj":8, "node_time":1530242, "total_sent":26, "total_received":66, "bytes_tx":60, "bytes_rx":12, "r2n_latency":2564, "lqi":100, "rssi":-44, "server_sent":136, "server_received":42, "server_bytes_rx":60, "n2r_latency":5488, "hops":1, "rtt_latency":3662, "root_time_now":1535730}
[Mote:15] Not reachable yet
[Mote:2] Not reachable yet
[Mote:13] Sensor IPv6 = fe80::20d:d:d:d
[Mote:1] {"node":"fd00::20d:d:d:d", "cpu_energy_mj":18, "lpm_energy_mj":0, "radio_tx_energy_mj":0, "radio_rx_energy_mj":7, "node_time":1537663, "total_sent":90, "total_received":111, "bytes_tx":60, "bytes_rx":12, "r2n_latency":3155, "lqi":100, "rssi":-86, "server_sent":143, "server_received":179, "server_bytes_rx":60, "n2r_latency":97, "hops":1, "rtt_latency":2347, "root_time_now":1537760}
[Mote:10] Not reachable yet
[Mote:12] Not reachable yet
[Mote:11] Not reachable yet
[Mote:14] Not reachable yet
[Mote:7] Sensor IPv6 = fe80::207:7:7:7
[Mote:3] Not reachable yet
[Mote:18] Not reachable yet
[Mote:8] Not reachable yet
[Mote:6] Sensor IPv6 = fe80::206:6:6:6
[Mote:4] Not reachable yet
[Mote:19] Sensor IPv6 = fe80::213:13:13:13
[Mote:1] {"node":"fd00::206:6:6:6", "cpu_energy_mj":19, "lpm_energy_mj":0, "radio_tx_energy_mj":1, "radio_rx_energy_mj":8, "node_time":1540842, "total_sent":138, "total_received":150, "bytes_tx":60, "bytes_rx":12, "r2n_latency":154, "lqi":100, "rssi":-90, "server_sent":150, "server_received":287, "server_bytes_rx":60, "n2r_latency":1888, "hops":0, "rtt_latency":357, "root_time_now":1542730}
[Mote:5] Sensor IPv6 = fe80::205:5:5:5
[Mote:17] Not reachable yet
[Mote:9] Not reachable yet
[Mote:1] {"node":"fd00::205:5:5:5", "cpu_energy_mj":19, "lpm_energy_mj":0, "radio_tx_energy_mj":1, "radio_rx_energy_mj":7, "node_time":1543574, "total_sent":111, "total_received":151, "bytes_tx":60, "bytes_rx":12, "r2n_latency":14, "lqi":100, "rssi":-89, "server_sent":152, "server_received":222, "server_bytes_rx":60, "n2r_latency":556, "hops":0, "rtt_latency":1967, "root_time_now":1544130}
[Mote:16] Not reachable yet
[Mote:1] {"node":"fd00::207:7:7:7", "cpu_energy_mj":18, "lpm_energy_mj":0, "radio_tx_energy_mj":0, "radio_rx_energy_mj":8, "node_time":1539977, "total_sent":123, "total_received":144, "bytes_tx":60, "bytes_rx":12, "r2n_latency":635, "lqi":100, "rssi":-91, "server_sent":146, "server_received":245, "server_bytes_rx":60, "n2r_latency":5693, "hops":1, "rtt_latency":2732, "root_time_now":1545670}
[Mote:15] Not reachable yet
[Mote:13] Sensor IPv6 = fe80::20d:d:d:d
[Mote:2] Not reachable yet
[Mote:1] {"node":"fd00::20d:d:d:d", "cpu_energy_mj":18, "lpm_energy_mj":0, "radio_tx_energy_mj":0, "radio_rx_energy_mj":8, "node_time":1547776, "total_sent":91, "total_received":112, "bytes_tx":60, "bytes_rx":12, "r2n_latency":2254, "lqi":100, "rssi":-86, "server_sent":144, "server_received":181, "server_bytes_rx":60, "n2r_latency":134, "hops":1, "rtt_latency":2107, "root_time_now":1547910}
[Mote:10] Not reachable yet
[Mote:11] Not reachable yet
[Mote:12] Not reachable yet
[Mote:14] Not reachable yet
[Mote:3] Not reachable yet
[Mote:7] Sensor IPv6 = fe80::207:7:7:7
[Mote:18] Not reachable yet
[Mote:8] Not reachable yet
[Mote:4] Not reachable yet
[Mote:6] Sensor IPv6 = fe80::206:6:6:6
[Mote:19] Not reachable yet
[Mote:17] Not reachable yet
[Mote:9] Not reachable yet
[Mote:5] Sensor IPv6 = fe80::205:5:5:5
[Mote:1] {"node":"fd00::207:7:7:7", "cpu_energy_mj":18, "lpm_energy_mj":0, "radio_tx_energy_mj":0, "radio_rx_energy_mj":8, "node_time":1550455, "total_sent":124, "total_received":145, "bytes_tx":60, "bytes_rx":12, "r2n_latency":2604, "lqi":100, "rssi":-91, "server_sent":147, "server_received":247, "server_bytes_rx":60, "n2r_latency":4105, "hops":1, "rtt_latency":2912, "root_time_now":1554560}
[Mote:1] {"node":"fd00::206:6:6:6", "cpu_energy_mj":19, "lpm_energy_mj":0, "radio_tx_energy_mj":1, "radio_rx_energy_mj":8, "node_time":1551771, "total_sent":139, "total_received":151, "bytes_tx":60, "bytes_rx":12, "r2n_latency":1214, "lqi":100, "rssi":-90, "server_sent":151, "server_received":289, "server_bytes_rx":60, "n2r_latency":2929, "hops":0, "rtt_latency":2322, "root_time_now":1554700}
[Mote:16] Not reachable yet
[Mote:1] {"node":"fd00::205:5:5:5", "cpu_energy_mj":19, "lpm_energy_mj":0, "radio_tx_energy_mj":1, "radio_rx_energy_mj":7, "node_time":1554366, "total_sent":112, "total_received":152, "bytes_tx":60, "bytes_rx":12, "r2n_latency":24, "lqi":100, "rssi":-89, "server_sent":153, "server_received":224, "server_bytes_rx":60, "n2r_latency":1384, "hops":0, "rtt_latency":2707, "root_time_now":1555750}
[Mote:15] Not reachable yet
[Mote:13] Sensor IPv6 = fe80::20d:d:d:d
[Mote:1] {"node":"fd00::20d:d:d:d", "cpu_energy_mj":18, "lpm_energy_mj":0, "radio_tx_energy_mj":0, "radio_rx_energy_mj":7, "node_time":1557891, "total_sent":92, "total_received":113, "bytes_tx":60, "bytes_rx":12, "r2n_latency":2754, "lqi":100, "rssi":-86, "server_sent":145, "server_received":183, "server_bytes_rx":60, "n2r_latency":99, "hops":1, "rtt_latency":2742, "root_time_now":1557990}
[Mote:2] Not reachable yet
[Mote:11] Not reachable yet
[Mote:10] Not reachable yet
[Mote:12] Not reachable yet
[Mote:3] Not reachable yet
[Mote:14] Not reachable yet
[Mote:7] Sensor IPv6 = fe80::207:7:7:7
[Mote:18] Not reachable yet
[Mote:8] Not reachable yet
[Mote:4] Not reachable yet
[Mote:6] Sensor IPv6 = fe80::206:6:6:6
[Mote:19] Not reachable yet
[Mote:17] Not reachable yet
[Mote:1] {"node":"fd00::206:6:6:6", "cpu_energy_mj":19, "lpm_energy_mj":0, "radio_tx_energy_mj":1, "radio_rx_energy_mj":8, "node_time":1562700, "total_sent":140, "total_received":152, "bytes_tx":60, "bytes_rx":12, "r2n_latency":734, "lqi":100, "rssi":-90, "server_sent":152, "server_received":291, "server_bytes_rx":60, "n2r_latency":1380, "hops":0, "rtt_latency":612, "root_time_now":1564080}
[Mote:1] {"node":"fd00::207:7:7:7", "cpu_energy_mj":18, "lpm_energy_mj":0, "radio_tx_energy_mj":0, "radio_rx_energy_mj":8, "node_time":1560928, "total_sent":125, "total_received":146, "bytes_tx":60, "bytes_rx":12, "r2n_latency":2334, "lqi":100, "rssi":-91, "server_sent":148, "server_received":249, "server_bytes_rx":60, "n2r_latency":3642, "hops":1, "rtt_latency":3547, "root_time_now":1564570}
[Mote:9] Not reachable yet
[Mote:5] Sensor IPv6 = fe80::205:5:5:5
[Mote:16] Not reachable yet
[Mote:1] {"node":"fd00::205:5:5:5", "cpu_energy_mj":19, "lpm_energy_mj":0, "radio_tx_energy_mj":1, "radio_rx_energy_mj":7, "node_time":1565157, "total_sent":113, "total_received":153, "bytes_tx":60, "bytes_rx":12, "r2n_latency":244, "lqi":100, "rssi":-89, "server_sent":154, "server_received":226, "server_bytes_rx":60, "n2r_latency":813, "hops":0, "rtt_latency":2817, "root_time_now":1565970}
[Mote:13] Sensor IPv6 = fe80::20d:d:d:d
[Mote:1] {"node":"fd00::20d:d:d:d", "cpu_energy_mj":18, "lpm_energy_mj":0, "radio_tx_energy_mj":0, "radio_rx_energy_mj":8, "node_time":1568002, "total_sent":93, "total_received":114, "bytes_tx":60, "bytes_rx":12, "r2n_latency":1434, "lqi":100, "rssi":-86, "server_sent":146, "server_received":185, "server_bytes_rx":60, "n2r_latency":138, "hops":1, "rtt_latency":2957, "root_time_now":1568140}
[Mote:15] Not reachable yet
[Mote:11] Not reachable yet
[Mote:10] Not reachable yet
[Mote:2] Not reachable yet
[Mote:3] Not reachable yet
[Mote:12] Not reachable yet
[Mote:7] Sensor IPv6 = fe80::207:7:7:7
[Mote:14] Not reachable yet
[Mote:1] {"node":"fd00::207:7:7:7", "cpu_energy_mj":18, "lpm_energy_mj":0, "radio_tx_energy_mj":0, "radio_rx_energy_mj":8, "node_time":1571405, "total_sent":126, "total_received":147, "bytes_tx":60, "bytes_rx":12, "r2n_latency":1644, "lqi":100, "rssi":-91, "server_sent":149, "server_received":251, "server_bytes_rx":60, "n2r_latency":165, "hops":1, "rtt_latency":2397, "root_time_now":1571570}
[Mote:18] Not reachable yet
[Mote:8] Not reachable yet
[Mote:4] Not reachable yet
[Mote:6] Sensor IPv6 = fe80::206:6:6:6
[Mote:1] {"node":"fd00::206:6:6:6", "cpu_energy_mj":19, "lpm_energy_mj":0, "radio_tx_energy_mj":1, "radio_rx_energy_mj":8, "node_time":1573628, "total_sent":141, "total_received":153, "bytes_tx":60, "bytes_rx":12, "r2n_latency":254, "lqi":100, "rssi":-90, "server_sent":153, "server_received":293, "server_bytes_rx":60, "n2r_latency":42, "hops":0, "rtt_latency":757, "root_time_now":1573670}
[Mote:19] Not reachable yet
[Mote:17] Not reachable yet
[Mote:16] Not reachable yet
[Mote:9] Not reachable yet
[Mote:5] Sensor IPv6 = fe80::205:5:5:5
[Mote:1] {"node":"fd00::205:5:5:5", "cpu_energy_mj":19, "lpm_energy_mj":0, "radio_tx_energy_mj":1, "radio_rx_energy_mj":7, "node_time":1575950, "total_sent":114, "total_received":154, "bytes_tx":60, "bytes_rx":12, "r2n_latency":44, "lqi":100, "rssi":-89, "server_sent":155, "server_received":228, "server_bytes_rx":60, "n2r_latency":30, "hops":0, "rtt_latency":1457, "root_time_now":1575980}
[Mote:13] Sensor IPv6 = fe80::20d:d:d:d
[Mote:1] {"node":"fd00::20d:d:d:d", "cpu_energy_mj":18, "lpm_energy_mj":0, "radio_tx_energy_mj":0, "radio_rx_energy_mj":8, "node_time":1578115, "total_sent":94, "total_received":115, "bytes_tx":60, "bytes_rx":12, "r2n_latency":1094, "lqi":100, "rssi":-86, "server_sent":147, "server_received":187, "server_bytes_rx":60, "n2r_latency":105, "hops":1, "rtt_latency":2157, "root_time_now":1578220}
[Mote:15] Not reachable yet
[Mote:11] Not reachable yet
[Mote:10] Not reachable yet
[Mote:2] Not reachable yet
[Mote:3] Not reachable yet
[Mote:12] Not reachable yet
[Mote:7] Sensor IPv6 = fe80::207:7:7:7
[Mote:14] Not reachable yet
[Mote:18] Not reachable yet
[Mote:8] Not reachable yet
[Mote:4] Not reachable yet
[Mote:17] Not reachable yet
[Mote:6] Sensor IPv6 = fe80::206:6:6:6
[Mote:19] Not reachable yet
[Mote:16] Not reachable yet
[Mote:1] {"node":"fd00::207:7:7:7", "cpu_energy_mj":18, "lpm_energy_mj":0, "radio_tx_energy_mj":0, "radio_rx_energy_mj":8, "node_time":1581880, "total_sent":127, "total_received":149, "bytes_tx":60, "bytes_rx":12, "r2n_latency":1174, "lqi":100, "rssi":-91, "server_sent":150, "server_received":254, "server_bytes_rx":60, "n2r_latency":3970, "hops":1, "rtt_latency":2897, "root_time_now":1585850}
[Mote:1] {"node":"fd00::206:6:6:6", "cpu_energy_mj":19, "lpm_energy_mj":0, "radio_tx_energy_mj":0, "radio_rx_energy_mj":8, "node_time":1584557, "total_sent":142, "total_received":154, "bytes_tx":60, "bytes_rx":12, "r2n_latency":474, "lqi":100, "rssi":-90, "server_sent":154, "server_received":295, "server_bytes_rx":60, "n2r_latency":1363, "hops":0, "rtt_latency":2862, "root_time_now":1585920}
[Mote:9] Not reachable yet
[Mote:5] Sensor IPv6 = fe80::205:5:5:5
[Mote:1] {"node":"fd00::205:5:5:5", "cpu_energy_mj":19, "lpm_energy_mj":0, "radio_tx_energy_mj":1, "radio_rx_energy_mj":8, "node_time":1586742, "total_sent":115, "total_received":155, "bytes_tx":60, "bytes_rx":12, "r2n_latency":54, "lqi":100, "rssi":-89, "server_sent":156, "server_received":230, "server_bytes_rx":60, "n2r_latency":18, "hops":0, "rtt_latency":1112, "root_time_now":1586760}
[Mote:13] Sensor IPv6 = fe80::20d:d:d:d
[Mote:1] {"node":"fd00::20d:d:d:d", "cpu_energy_mj":18, "lpm_energy_mj":0, "radio_tx_energy_mj":0, "radio_rx_energy_mj":8, "node_time":1588231, "total_sent":95, "total_received":116, "bytes_tx":60, "bytes_rx":12, "r2n_latency":1034, "lqi":100, "rssi":-86, "server_sent":148, "server_received":189, "server_bytes_rx":60, "n2r_latency":139, "hops":1, "rtt_latency":1567, "root_time_now":1588370}
[Mote:11] Not reachable yet
[Mote:10] Not reachable yet
[Mote:15] Not reachable yet
[Mote:2] Not reachable yet
[Mote:3] Not reachable yet
[Mote:7] Sensor IPv6 = fe80::207:7:7:7
[Mote:12] Not reachable yet
[Mote:14] Not reachable yet
[Mote:18] Not reachable yet
[Mote:8] Not reachable yet
[Mote:1] {"node":"fd00::207:7:7:7", "cpu_energy_mj":18, "lpm_energy_mj":0, "radio_tx_energy_mj":0, "radio_rx_energy_mj":8, "node_time":1592358, "total_sent":128, "total_received":150, "bytes_tx":60, "bytes_rx":12, "r2n_latency":1254, "lqi":100, "rssi":-91, "server_sent":151, "server_received":256, "server_bytes_rx":60, "n2r_latency":1262, "hops":1, "rtt_latency":1537, "root_time_now":1593620}
[Mote:4] Not reachable yet
[Mote:17] Not reachable yet
[Mote:16] Not reachable yet
[Mote:6] Sensor IPv6 = fe80::206:6:6:6
[Mote:1] {"node":"fd00::206:6:6:6", "cpu_energy_mj":19, "lpm_energy_mj":0, "radio_tx_energy_mj":0, "radio_rx_energy_mj":8, "node_time":1595485, "total_sent":143, "total_received":155, "bytes_tx":60, "bytes_rx":12, "r2n_latency":414, "lqi":100, "rssi":-90, "server_sent":155, "server_received":297, "server_bytes_rx":60, "n2r_latency":25, "hops":0, "rtt_latency":312, "root_time_now":1595510}
[Mote:19] Not reachable yet
[Mote:9] Not reachable yet
[Mote:5] Sensor IPv6 = fe80::205:5:5:5
[Mote:1] {"node":"fd00::205:5:5:5", "cpu_energy_mj":19, "lpm_energy_mj":0, "radio_tx_energy_mj":1, "radio_rx_energy_mj":7, "node_time":1597534, "total_sent":116, "total_received":156, "bytes_tx":60, "bytes_rx":12, "r2n_latency":64, "lqi":100, "rssi":-89, "server_sent":157, "server_received":232, "server_bytes_rx":60, "n2r_latency":6, "hops":0, "rtt_latency":1572, "root_time_now":1597540}
[Mote:13] Sensor IPv6 = fe80::20d:d:d:d
[Mote:1] {"node":"fd00::20d:d:d:d", "cpu_energy_mj":18, "lpm_energy_mj":0, "radio_tx_energy_mj":0, "radio_rx_energy_mj":7, "node_time":1598343, "total_sent":96, "total_received":117, "bytes_tx":60, "bytes_rx":12, "r2n_latency":1604, "lqi":100, "rssi":-86, "server_sent":149, "server_received":191, "server_bytes_rx":60, "n2r_latency":107, "hops":1, "rtt_latency":1642, "root_time_now":1598450}
[Mote:11] Not reachable yet
[Mote:10] Not reachable yet
[Mote:15] Not reachable yet
[Mote:2] Not reachable yet
[Mote:3] Not reachable yet
[Mote:7] Sensor IPv6 = fe80::207:7:7:7
[Mote:12] Not reachable yet
[Mote:18] Not reachable yet
[Mote:8] Not reachable yet
[Mote:14] Not reachable yet
[Mote:4] Not reachable yet
[Mote:17] Not reachable yet
[Mote:16] Not reachable yet
[Mote:1] {"node":"fd00::207:7:7:7", "cpu_energy_mj":18, "lpm_energy_mj":0, "radio_tx_energy_mj":0, "radio_rx_energy_mj":8, "node_time":1602833, "total_sent":129, "total_received":151, "bytes_tx":60, "bytes_rx":12, "r2n_latency":1894, "lqi":100, "rssi":-91, "server_sent":152, "server_received":258, "server_bytes_rx":60, "n2r_latency":2687, "hops":1, "rtt_latency":2592, "root_time_now":1605520}
[Mote:6] Sensor IPv6 = fe80::206:6:6:6
[Mote:1] {"node":"fd00::206:6:6:6", "cpu_energy_mj":19, "lpm_energy_mj":0, "radio_tx_energy_mj":0, "radio_rx_energy_mj":8, "node_time":1606414, "total_sent":144, "total_received":156, "bytes_tx":60, "bytes_rx":12, "r2n_latency":704, "lqi":100, "rssi":-90, "server_sent":156, "server_received":299, "server_bytes_rx":60, "n2r_latency":16, "hops":0, "rtt_latency":2032, "root_time_now":1606430}
[Mote:19] Not reachable yet
[Mote:9] Not reachable yet
[Mote:5] Sensor IPv6 = fe80::205:5:5:5
[Mote:1] {"node":"fd00::205:5:5:5", "cpu_energy_mj":19, "lpm_energy_mj":0, "radio_tx_energy_mj":1, "radio_rx_energy_mj":7, "node_time":1608328, "total_sent":117, "total_received":157, "bytes_tx":60, "bytes_rx":12, "r2n_latency":74, "lqi":100, "rssi":-89, "server_sent":158, "server_received":234, "server_bytes_rx":60, "n2r_latency":62, "hops":0, "rtt_latency":1472, "root_time_now":1608390}
[Mote:13] Sensor IPv6 = fe80::20d:d:d:d
[Mote:11] Not reachable yet
[Mote:10] Not reachable yet
[Mote:15] Not reachable yet
[Mote:2] Not reachable yet
[Mote:3] Not reachable yet
[Mote:1] {"node":"fd00::20d:d:d:d", "cpu_energy_mj":18, "lpm_energy_mj":0, "radio_tx_energy_mj":0, "radio_rx_energy_mj":8, "node_time":1608454, "total_sent":97, "total_received":118, "bytes_tx":60, "bytes_rx":12, "r2n_latency":1264, "lqi":100, "rssi":-86, "server_sent":151, "server_received":193, "server_bytes_rx":60, "n2r_latency":4696, "hops":1, "rtt_latency":2207, "root_time_now":1613150}
[Mote:7] Sensor IPv6 = fe80::207:7:7:7
[Mote:1] {"node":"fd00::207:7:7:7", "cpu_energy_mj":18, "lpm_energy_mj":0, "radio_tx_energy_mj":0, "radio_rx_energy_mj":8, "node_time":1613308, "total_sent":130, "total_received":152, "bytes_tx":60, "bytes_rx":12, "r2n_latency":1624, "lqi":100, "rssi":-91, "server_sent":153, "server_received":260, "server_bytes_rx":60, "n2r_latency":402, "hops":1, "rtt_latency":1827, "root_time_now":1613710}
[Mote:8] Not reachable yet
[Mote:18] Not reachable yet
[Mote:12] Not reachable yet
[Mote:14] Not reachable yet
[Mote:4] Not reachable yet
[Mote:17] Not reachable yet
[Mote:16] Not reachable yet
[Mote:6] Sensor IPv6 = fe80::206:6:6:6
[Mote:1] {"node":"fd00::206:6:6:6", "cpu_energy_mj":19, "lpm_energy_mj":0, "radio_tx_energy_mj":1, "radio_rx_energy_mj":8, "node_time":1617345, "total_sent":145, "total_received":157, "bytes_tx":60, "bytes_rx":12, "r2n_latency":784, "lqi":100, "rssi":-90, "server_sent":157, "server_received":301, "server_bytes_rx":60, "n2r_latency":75, "hops":0, "rtt_latency":1792, "root_time_now":1617420}
[Mote:19] Not reachable yet
[Mote:9] Not reachable yet
[Mote:13] Sensor IPv6 = fe80::20d:d:d:d
[Mote:1] {"node":"fd00::20d:d:d:d", "cpu_energy_mj":18, "lpm_energy_mj":0, "radio_tx_energy_mj":0, "radio_rx_energy_mj":8, "node_time":1618567, "total_sent":98, "total_received":119, "bytes_tx":60, "bytes_rx":12, "r2n_latency":2394, "lqi":100, "rssi":-86, "server_sent":151, "server_received":195, "server_bytes_rx":60, "n2r_latency":113, "hops":1, "rtt_latency":1757, "root_time_now":1618680}
[Mote:5] Sensor IPv6 = fe80::205:5:5:5
[Mote:1] {"node":"fd00::205:5:5:5", "cpu_energy_mj":19, "lpm_energy_mj":0, "radio_tx_energy_mj":1, "radio_rx_energy_mj":7, "node_time":1619116, "total_sent":118, "total_received":158, "bytes_tx":60, "bytes_rx":12, "r2n_latency":14, "lqi":100, "rssi":-89, "server_sent":159, "server_received":236, "server_bytes_rx":60, "n2r_latency":54, "hops":0, "rtt_latency":1547, "root_time_now":1619170}
[Mote:11] Not reachable yet
[Mote:10] Not reachable yet
[Mote:15] Not reachable yet
[Mote:2] Not reachable yet
[Mote:3] Not reachable yet
[Mote:7] Sensor IPv6 = fe80::207:7:7:7
[Mote:1] {"node":"fd00::207:7:7:7", "cpu_energy_mj":18, "lpm_energy_mj":0, "radio_tx_energy_mj":0, "radio_rx_energy_mj":8, "node_time":1623785, "total_sent":131, "total_received":153, "bytes_tx":60, "bytes_rx":12, "r2n_latency":1284, "lqi":100, "rssi":-91, "server_sent":154, "server_received":262, "server_bytes_rx":60, "n2r_latency":145, "hops":1, "rtt_latency":1902, "root_time_now":1623930}
[Mote:8] Not reachable yet
[Mote:18] Not reachable yet
[Mote:12] Not reachable yet
[Mote:14] Sensor IPv6 = fe80::20e:e:e:e
[Mote:17] Not reachable yet
[Mote:16] Not reachable yet
[Mote:4] Not reachable yet
[Mote:9] Not reachable yet
[Mote:6] Sensor IPv6 = fe80::206:6:6:6
[Mote:1] {"node":"fd00::206:6:6:6", "cpu_energy_mj":19, "lpm_energy_mj":0, "radio_tx_energy_mj":0, "radio_rx_energy_mj":8, "node_time":1628272, "total_sent":146, "total_received":158, "bytes_tx":60, "bytes_rx":12, "r2n_latency":374, "lqi":100, "rssi":-90, "server_sent":158, "server_received":303, "server_bytes_rx":60, "n2r_latency":68, "hops":0, "rtt_latency":1482, "root_time_now":1628340}
[Mote:19] Not reachable yet
[Mote:13] Sensor IPv6 = fe80::20d:d:d:d
[Mote:1] {"node":"fd00::20d:d:d:d", "cpu_energy_mj":18, "lpm_energy_mj":0, "radio_tx_energy_mj":0, "radio_rx_energy_mj":7, "node_time":1628680, "total_sent":99, "total_received":120, "bytes_tx":60, "bytes_rx":12, "r2n_latency":1984, "lqi":100, "rssi":-86, "server_sent":152, "server_received":197, "server_bytes_rx":60, "n2r_latency":80, "hops":1, "rtt_latency":2602, "root_time_now":1628760}
[Mote:11] Not reachable yet
[Mote:5] Sensor IPv6 = fe80::205:5:5:5
[Mote:1] {"node":"fd00::205:5:5:5", "cpu_energy_mj":19, "lpm_energy_mj":0, "radio_tx_energy_mj":1, "radio_rx_energy_mj":8, "node_time":1629908, "total_sent":119, "total_received":159, "bytes_tx":60, "bytes_rx":12, "r2n_latency":24, "lqi":100, "rssi":-89, "server_sent":160, "server_received":238, "server_bytes_rx":60, "n2r_latency":42, "hops":0, "rtt_latency":1202, "root_time_now":1629950}
[Mote:10] Not reachable yet
[Mote:15] Not reachable yet
[Mote:2] Not reachable yet
[Mote:3] Not reachable yet
[Mote:7] Sensor IPv6 = fe80::207:7:7:7
[Mote:8] Not reachable yet
[Mote:18] Not reachable yet
[Mote:16] Not reachable yet
[Mote:17] Not reachable yet
[Mote:12] Not reachable yet
[Mote:14] Not reachable yet
[Mote:4] Not reachable yet
[Mote:1] {"node":"fd00::207:7:7:7", "cpu_energy_mj":18, "lpm_energy_mj":0, "radio_tx_energy_mj":0, "radio_rx_energy_mj":8, "node_time":1634260, "total_sent":132, "total_received":154, "bytes_tx":60, "bytes_rx":12, "r2n_latency":1436, "lqi":100, "rssi":-91, "server_sent":155, "server_received":264, "server_bytes_rx":60, "n2r_latency":2270, "hops":1, "rtt_latency":3238, "root_time_now":1636530}
[Mote:13] Sensor IPv6 = fe80::20d:d:d:d
[Mote:9] Not reachable yet
[Mote:1] {"node":"fd00::20d:d:d:d", "cpu_energy_mj":18, "lpm_energy_mj":0, "radio_tx_energy_mj":0, "radio_rx_energy_mj":8, "node_time":1638793, "total_sent":100, "total_received":121, "bytes_tx":60, "bytes_rx":12, "r2n_latency":1296, "lqi":100, "rssi":-86, "server_sent":153, "server_received":199, "server_bytes_rx":60, "n2r_latency":117, "hops":1, "rtt_latency":3448, "root_time_now":1638910}
[Mote:6] Sensor IPv6 = fe80::206:6:6:6
[Mote:1] {"node":"fd00::206:6:6:6", "cpu_energy_mj":19, "lpm_energy_mj":0, "radio_tx_energy_mj":1, "radio_rx_energy_mj":8, "node_time":1639201, "total_sent":147, "total_received":159, "bytes_tx":60, "bytes_rx":12, "r2n_latency":456, "lqi":100, "rssi":-90, "server_sent":159, "server_received":305, "server_bytes_rx":60, "n2r_latency":59, "hops":0, "rtt_latency":3168, "root_time_now":1639260}
[Mote:19] Not reachable yet
[Mote:11] Not reachable yet
[Mote:10] Not reachable yet
[Mote:5] Sensor IPv6 = fe80::205:5:5:5
[Mote:15] Not reachable yet
[Mote:2] Not reachable yet
[Mote:3] Not reachable yet
[Mote:7] Sensor IPv6 = fe80::207:7:7:7
[Mote:16] Not reachable yet
[Mote:8] Not reachable yet
[Mote:1] {"node":"fd00::207:7:7:7", "cpu_energy_mj":18, "lpm_energy_mj":0, "radio_tx_energy_mj":0, "radio_rx_energy_mj":8, "node_time":1644737, "total_sent":133, "total_received":155, "bytes_tx":60, "bytes_rx":12, "r2n_latency":1654, "lqi":100, "rssi":-91, "server_sent":156, "server_received":266, "server_bytes_rx":60, "n2r_latency":963, "hops":1, "rtt_latency":2822, "root_time_now":1645700}
[Mote:18] Not reachable yet
[Mote:17] Not reachable yet
[Mote:1] {"node":"fd00::205:5:5:5", "cpu_energy_mj":19, "lpm_energy_mj":0, "radio_tx_energy_mj":1, "radio_rx_energy_mj":7, "node_time":1640702, "total_sent":120, "total_received":161, "bytes_tx":60, "bytes_rx":12, "r2n_latency":44, "lqi":100, "rssi":-89, "server_sent":162, "server_received":241, "server_bytes_rx":60, "n2r_latency":5138, "hops":0, "rtt_latency":2262, "root_time_now":1645840}
[Mote:4] Not reachable yet
[Mote:14] Not reachable yet
[Mote:12] Not reachable yet
[Mote:13] Sensor IPv6 = fe80::20d:d:d:d
[Mote:9] Not reachable yet
[Mote:11] Not reachable yet
[Mote:6] Sensor IPv6 = fe80::206:6:6:6
[Mote:19] Not reachable yet
[Mote:10] Not reachable yet
[Mote:5] Sensor IPv6 = fe80::205:5:5:5
[Mote:15] Not reachable yet
[Mote:3] Not reachable yet
[Mote:2] Sensor IPv6 = fe80::202:2:2:2
[Mote:1] {"node":"fd00::205:5:5:5", "cpu_energy_mj":19, "lpm_energy_mj":0, "radio_tx_energy_mj":2, "radio_rx_energy_mj":6, "node_time":1651494, "total_sent":121, "total_received":162, "bytes_tx":60, "bytes_rx":12, "r2n_latency":54, "lqi":100, "rssi":-89, "server_sent":163, "server_received":243, "server_bytes_rx":60, "n2r_latency":2746, "hops":0, "rtt_latency":1952, "root_time_now":1654240}
[Mote:1] {"node":"fd00::20d:d:d:d", "cpu_energy_mj":18, "lpm_energy_mj":0, "radio_tx_energy_mj":0, "radio_rx_energy_mj":8, "node_time":1648906, "total_sent":101, "total_received":122, "bytes_tx":60, "bytes_rx":12, "r2n_latency":604, "lqi":100, "rssi":-86, "server_sent":155, "server_received":201, "server_bytes_rx":60, "n2r_latency":5614, "hops":1, "rtt_latency":2962, "root_time_now":1654520}
[Mote:1] {"node":"fd00::202:2:2:2", "cpu_energy_mj":549, "lpm_energy_mj":0, "radio_tx_energy_mj":2, "radio_rx_energy_mj":1691, "node_time":1653206, "total_sent":50, "total_received":149, "bytes_tx":60, "bytes_rx":12, "r2n_latency":754, "lqi":100, "rssi":-83, "server_sent":163, "server_received":94, "server_bytes_rx":60, "n2r_latency":1804, "hops":0, "rtt_latency":1847, "root_time_now":1655010}
[Mote:1] {"node":"fd00::206:6:6:6", "cpu_energy_mj":19, "lpm_energy_mj":0, "radio_tx_energy_mj":1, "radio_rx_energy_mj":8, "node_time":1650130, "total_sent":148, "total_received":160, "bytes_tx":60, "bytes_rx":12, "r2n_latency":674, "lqi":100, "rssi":-90, "server_sent":161, "server_received":307, "server_bytes_rx":60, "n2r_latency":5020, "hops":0, "rtt_latency":2682, "root_time_now":1655150}
[Mote:7] Sensor IPv6 = fe80::207:7:7:7
[Mote:16] Not reachable yet
[Mote:1] {"node":"fd00::207:7:7:7", "cpu_energy_mj":18, "lpm_energy_mj":0, "radio_tx_energy_mj":0, "radio_rx_energy_mj":8, "node_time":1655212, "total_sent":134, "total_received":156, "bytes_tx":60, "bytes_rx":12, "r2n_latency":1384, "lqi":100, "rssi":-91, "server_sent":157, "server_received":268, "server_bytes_rx":60, "n2r_latency":708, "hops":1, "rtt_latency":2862, "root_time_now":1655920}
[Mote:8] Not reachable yet
[Mote:17] Not reachable yet
[Mote:18] Not reachable yet
[Mote:4] Not reachable yet
[Mote:14] Not reachable yet
[Mote:12] Not reachable yet
[Mote:13] Sensor IPv6 = fe80::20d:d:d:d
[Mote:1] {"node":"fd00::20d:d:d:d", "cpu_energy_mj":18, "lpm_energy_mj":0, "radio_tx_energy_mj":0, "radio_rx_energy_mj":8, "node_time":1659019, "total_sent":102, "total_received":123, "bytes_tx":60, "bytes_rx":12, "r2n_latency":2224, "lqi":100, "rssi":-86, "server_sent":155, "server_received":203, "server_bytes_rx":60, "n2r_latency":121, "hops":1, "rtt_latency":2302, "root_time_now":1659140}
[Mote:9] Not reachable yet
[Mote:11] Not reachable yet
[Mote:10] Not reachable yet
[Mote:6] Sensor IPv6 = fe80::206:6:6:6
[Mote:19] Not reachable yet
[Mote:5] Sensor IPv6 = fe80::205:5:5:5
[Mote:1] {"node":"fd00::206:6:6:6", "cpu_energy_mj":19, "lpm_energy_mj":0, "radio_tx_energy_mj":1, "radio_rx_energy_mj":8, "node_time":1661061, "total_sent":149, "total_received":162, "bytes_tx":60, "bytes_rx":12, "r2n_latency":904, "lqi":100, "rssi":-90, "server_sent":162, "server_received":310, "server_bytes_rx":60, "n2r_latency":1859, "hops":0, "rtt_latency":1432, "root_time_now":1662920}
[Mote:15] Not reachable yet
[Mote:3] Not reachable yet
[Mote:2] Sensor IPv6 = fe80::202:2:2:2
[Mote:1] {"node":"fd00::202:2:2:2", "cpu_energy_mj":18, "lpm_energy_mj":0, "radio_tx_energy_mj":0, "radio_rx_energy_mj":8, "node_time":1663737, "total_sent":51, "total_received":150, "bytes_tx":60, "bytes_rx":12, "r2n_latency":344, "lqi":100, "rssi":-83, "server_sent":164, "server_received":96, "server_bytes_rx":60, "n2r_latency":583, "hops":0, "rtt_latency":1992, "root_time_now":1664320}
[Mote:1] {"node":"fd00::205:5:5:5", "cpu_energy_mj":19, "lpm_energy_mj":0, "radio_tx_energy_mj":1, "radio_rx_energy_mj":7, "node_time":1662286, "total_sent":122, "total_received":163, "bytes_tx":60, "bytes_rx":12, "r2n_latency":64, "lqi":100, "rssi":-89, "server_sent":164, "server_received":244, "server_bytes_rx":60, "n2r_latency":2734, "hops":0, "rtt_latency":1952, "root_time_now":1665020}
[Mote:16] Not reachable yet
[Mote:7] Sensor IPv6 = fe80::207:7:7:7
[Mote:1] {"node":"fd00::207:7:7:7", "cpu_energy_mj":18, "lpm_energy_mj":0, "radio_tx_energy_mj":0, "radio_rx_energy_mj":8, "node_time":1665689, "total_sent":135, "total_received":157, "bytes_tx":60, "bytes_rx":12, "r2n_latency":1534, "lqi":100, "rssi":-91, "server_sent":158, "server_received":270, "server_bytes_rx":60, "n2r_latency":171, "hops":1, "rtt_latency":1852, "root_time_now":1665860}
[Mote:17] Not reachable yet
[Mote:8] Not reachable yet
[Mote:18] Not reachable yet
[Mote:4] Not reachable yet
[Mote:14] Not reachable yet
[Mote:12] Sensor IPv6 = fe80::20c:c:c:c
[Mote:1] {"node":"fd00::20c:c:c:c", "cpu_energy_mj":1267, "lpm_energy_mj":0, "radio_tx_energy_mj":10, "radio_rx_energy_mj":11005, "node_time":1668479, "total_sent":49, "total_received":97, "bytes_tx":60, "bytes_rx":12, "r2n_latency":834, "lqi":100, "rssi":-72, "server_sent":162, "server_received":99, "server_bytes_rx":60, "n2r_latency":111, "hops":1, "rtt_latency":6642, "root_time_now":1668590}
[Mote:13] Sensor IPv6 = fe80::20d:d:d:d
[Mote:1] {"node":"fd00::20d:d:d:d", "cpu_energy_mj":18, "lpm_energy_mj":0, "radio_tx_energy_mj":0, "radio_rx_energy_mj":8, "node_time":1669134, "total_sent":103, "total_received":124, "bytes_tx":60, "bytes_rx":12, "r2n_latency":1604, "lqi":100, "rssi":-86, "server_sent":156, "server_received":205, "server_bytes_rx":60, "n2r_latency":86, "hops":1, "rtt_latency":2552, "root_time_now":1669220}
[Mote:11] Not reachable yet
[Mote:9] Not reachable yet
[Mote:10] Not reachable yet
[Mote:6] Sensor IPv6 = fe80::206:6:6:6
[Mote:1] {"node":"fd00::206:6:6:6", "cpu_energy_mj":19, "lpm_energy_mj":0, "radio_tx_energy_mj":1, "radio_rx_energy_mj":8, "node_time":1671990, "total_sent":150, "total_received":163, "bytes_tx":60, "bytes_rx":12, "r2n_latency":774, "lqi":100, "rssi":-90, "server_sent":163, "server_received":312, "server_bytes_rx":60, "n2r_latency":240, "hops":0, "rtt_latency":527, "root_time_now":1672230}
[Mote:19] Not reachable yet
[Mote:5] Sensor IPv6 = fe80::205:5:5:5
[Mote:3] Not reachable yet
[Mote:15] Not reachable yet
[Mote:1] {"node":"fd00::205:5:5:5", "cpu_energy_mj":19, "lpm_energy_mj":0, "radio_tx_energy_mj":1, "radio_rx_energy_mj":7, "node_time":1673077, "total_sent":123, "total_received":164, "bytes_tx":60, "bytes_rx":12, "r2n_latency":74, "lqi":100, "rssi":-89, "server_sent":165, "server_received":246, "server_bytes_rx":60, "n2r_latency":553, "hops":0, "rtt_latency":807, "root_time_now":1673630}
[Mote:2] Sensor IPv6 = fe80::202:2:2:2
[Mote:16] Not reachable yet
[Mote:7] Sensor IPv6 = fe80::207:7:7:7
[Mote:1] {"node":"fd00::207:7:7:7", "cpu_energy_mj":18, "lpm_energy_mj":0, "radio_tx_energy_mj":0, "radio_rx_energy_mj":8, "node_time":1676164, "total_sent":136, "total_received":158, "bytes_tx":60, "bytes_rx":12, "r2n_latency":1544, "lqi":100, "rssi":-91, "server_sent":159, "server_received":272, "server_bytes_rx":60, "n2r_latency":126, "hops":1, "rtt_latency":1157, "root_time_now":1676290}
[Mote:17] Not reachable yet
[Mote:8] Not reachable yet
[Mote:18] Not reachable yet
[Mote:4] Not reachable yet
[Mote:14] Not reachable yet
[Mote:13] Sensor IPv6 = fe80::20d:d:d:d
[Mote:12] Sensor IPv6 = fe80::20c:c:c:c
[Mote:1] {"node":"fd00::20d:d:d:d", "cpu_energy_mj":18, "lpm_energy_mj":0, "radio_tx_energy_mj":0, "radio_rx_energy_mj":8, "node_time":1679247, "total_sent":104, "total_received":125, "bytes_tx":60, "bytes_rx":12, "r2n_latency":2594, "lqi":100, "rssi":-86, "server_sent":157, "server_received":207, "server_bytes_rx":60, "n2r_latency":123, "hops":1, "rtt_latency":2207, "root_time_now":1679370}
[Mote:1] {"node":"fd00::20c:c:c:c", "cpu_energy_mj":19, "lpm_energy_mj":0, "radio_tx_energy_mj":0, "radio_rx_energy_mj":9, "node_time":1679314, "total_sent":50, "total_received":98, "bytes_tx":60, "bytes_rx":12, "r2n_latency":424, "lqi":100, "rssi":-72, "server_sent":163, "server_received":101, "server_bytes_rx":60, "n2r_latency":196, "hops":1, "rtt_latency":982, "root_time_now":1679510}
[Mote:11] Not reachable yet
[Mote:10] Not reachable yet
[Mote:9] Not reachable yet
[Mote:6] Sensor IPv6 = fe80::206:6:6:6
[Mote:19] Not reachable yet
[Mote:3] Not reachable yet
[Mote:5] Sensor IPv6 = fe80::205:5:5:5
[Mote:15] Not reachable yet
[Mote:2] Sensor IPv6 = fe80::202:2:2:2
[Mote:16] Not reachable yet
[Mote:7] Sensor IPv6 = fe80::207:7:7:7
[Mote:17] Not reachable yet
[Mote:1] {"node":"fd00::205:5:5:5", "cpu_energy_mj":19, "lpm_energy_mj":0, "radio_tx_energy_mj":1, "radio_rx_energy_mj":8, "node_time":1683870, "total_sent":124, "total_received":165, "bytes_tx":60, "bytes_rx":12, "r2n_latency":14, "lqi":100, "rssi":-89, "server_sent":166, "server_received":248, "server_bytes_rx":60, "n2r_latency":2920, "hops":0, "rtt_latency":3367, "root_time_now":1686790}
[Mote:1] {"node":"fd00::206:6:6:6", "cpu_energy_mj":19, "lpm_energy_mj":0, "radio_tx_energy_mj":0, "radio_rx_energy_mj":8, "node_time":1682919, "total_sent":151, "total_received":164, "bytes_tx":60, "bytes_rx":12, "r2n_latency":434, "lqi":100, "rssi":-90, "server_sent":164, "server_received":314, "server_bytes_rx":60, "n2r_latency":4151, "hops":0, "rtt_latency":2737, "root_time_now":1687070}
[Mote:1] {"node":"fd00::207:7:7:7", "cpu_energy_mj":18, "lpm_energy_mj":0, "radio_tx_energy_mj":0, "radio_rx_energy_mj":8, "node_time":1686640, "total_sent":137, "total_received":159, "bytes_tx":60, "bytes_rx":12, "r2n_latency":1064, "lqi":100, "rssi":-91, "server_sent":160, "server_received":274, "server_bytes_rx":60, "n2r_latency":500, "hops":1, "rtt_latency":3507, "root_time_now":1687140}
[Mote:8] Not reachable yet
[Mote:18] Not reachable yet
[Mote:4] Not reachable yet
[Mote:13] Sensor IPv6 = fe80::20d:d:d:d
[Mote:1] {"node":"fd00::20d:d:d:d", "cpu_energy_mj":18, "lpm_energy_mj":0, "radio_tx_energy_mj":0, "radio_rx_energy_mj":8, "node_time":1689360, "total_sent":105, "total_received":126, "bytes_tx":60, "bytes_rx":12, "r2n_latency":1834, "lqi":100, "rssi":-86, "server_sent":158, "server_received":209, "server_bytes_rx":60, "n2r_latency":90, "hops":1, "rtt_latency":3437, "root_time_now":1689450}
[Mote:14] Not reachable yet
[Mote:12] Sensor IPv6 = fe80::20c:c:c:c
[Mote:11] Not reachable yet
[Mote:10] Not reachable yet
[Mote:9] Not reachable yet
[Mote:1] {"node":"fd00::20c:c:c:c", "cpu_energy_mj":19, "lpm_energy_mj":0, "radio_tx_energy_mj":0, "radio_rx_energy_mj":8, "node_time":1690147, "total_sent":51, "total_received":99, "bytes_tx":60, "bytes_rx":12, "r2n_latency":364, "lqi":100, "rssi":-72, "server_sent":165, "server_received":103, "server_bytes_rx":60, "n2r_latency":3013, "hops":1, "rtt_latency":3472, "root_time_now":1693160}
[Mote:6] Sensor IPv6 = fe80::206:6:6:6
[Mote:3] Not reachable yet
[Mote:19] Not reachable yet
[Mote:1] {"node":"fd00::206:6:6:6", "cpu_energy_mj":19, "lpm_energy_mj":0, "radio_tx_energy_mj":0, "radio_rx_energy_mj":8, "node_time":1693847, "total_sent":152, "total_received":165, "bytes_tx":60, "bytes_rx":12, "r2n_latency":444, "lqi":100, "rssi":-90, "server_sent":165, "server_received":316, "server_bytes_rx":60, "n2r_latency":643, "hops":0, "rtt_latency":1062, "root_time_now":1694490}
[Mote:15] Not reachable yet
[Mote:5] Sensor IPv6 = fe80::205:5:5:5
[Mote:1] {"node":"fd00::205:5:5:5", "cpu_energy_mj":19, "lpm_energy_mj":0, "radio_tx_energy_mj":1, "radio_rx_energy_mj":7, "node_time":1694661, "total_sent":125, "total_received":166, "bytes_tx":60, "bytes_rx":12, "r2n_latency":24, "lqi":100, "rssi":-89, "server_sent":167, "server_received":250, "server_bytes_rx":60, "n2r_latency":249, "hops":0, "rtt_latency":1272, "root_time_now":1694910}
[Mote:2] Not reachable yet
[Mote:16] Not reachable yet
[Mote:17] Not reachable yet
[Mote:7] Sensor IPv6 = fe80::207:7:7:7
[Mote:1] {"node":"fd00::207:7:7:7", "cpu_energy_mj":18, "lpm_energy_mj":0, "radio_tx_energy_mj":0, "radio_rx_energy_mj":8, "node_time":1697116, "total_sent":138, "total_received":160, "bytes_tx":60, "bytes_rx":12, "r2n_latency":1634, "lqi":100, "rssi":-91, "server_sent":161, "server_received":276, "server_bytes_rx":60, "n2r_latency":384, "hops":1, "rtt_latency":1202, "root_time_now":1697500}
[Mote:8] Not reachable yet
[Mote:18] Not reachable yet
[Mote:4] Not reachable yet
[Mote:13] Sensor IPv6 = fe80::20d:d:d:d
[Mote:1] {"node":"fd00::20d:d:d:d", "cpu_energy_mj":18, "lpm_energy_mj":0, "radio_tx_energy_mj":0, "radio_rx_energy_mj":8, "node_time":1699473, "total_sent":106, "total_received":127, "bytes_tx":60, "bytes_rx":12, "r2n_latency":4084, "lqi":100, "rssi":-86, "server_sent":159, "server_received":211, "server_bytes_rx":60, "n2r_latency":127, "hops":1, "rtt_latency":2217, "root_time_now":1699600}
[Mote:11] Not reachable yet
[Mote:14] Not reachable yet
[Mote:12] Sensor IPv6 = fe80::20c:c:c:c
[Mote:10] Not reachable yet
[Mote:9] Not reachable yet
[Mote:3] Not reachable yet
[Mote:1] {"node":"fd00::20c:c:c:c", "cpu_energy_mj":19, "lpm_energy_mj":0, "radio_tx_energy_mj":0, "radio_rx_energy_mj":8, "node_time":1700978, "total_sent":52, "total_received":101, "bytes_tx":60, "bytes_rx":12, "r2n_latency":384, "lqi":100, "rssi":-72, "server_sent":166, "server_received":105, "server_bytes_rx":60, "n2r_latency":3382, "hops":1, "rtt_latency":1622, "root_time_now":1704360}
[Mote:6] Sensor IPv6 = fe80::206:6:6:6
[Mote:1] {"node":"fd00::206:6:6:6", "cpu_energy_mj":19, "lpm_energy_mj":0, "radio_tx_energy_mj":1, "radio_rx_energy_mj":8, "node_time":1704779, "total_sent":153, "total_received":166, "bytes_tx":60, "bytes_rx":12, "r2n_latency":664, "lqi":100, "rssi":-90, "server_sent":166, "server_received":318, "server_bytes_rx":60, "n2r_latency":71, "hops":0, "rtt_latency":1382, "root_time_now":1704850}
[Mote:19] Not reachable yet
[Mote:15] Not reachable yet
[Mote:5] Sensor IPv6 = fe80::205:5:5:5
[Mote:16] Not reachable yet
[Mote:1] {"node":"fd00::205:5:5:5", "cpu_energy_mj":19, "lpm_energy_mj":0, "radio_tx_energy_mj":1, "radio_rx_energy_mj":7, "node_time":1705452, "total_sent":126, "total_received":167, "bytes_tx":60, "bytes_rx":12, "r2n_latency":34, "lqi":100, "rssi":-89, "server_sent":168, "server_received":252, "server_bytes_rx":60, "n2r_latency":308, "hops":0, "rtt_latency":1627, "root_time_now":1705760}
[Mote:2] Not reachable yet
[Mote:17] Not reachable yet
[Mote:7] Sensor IPv6 = fe80::207:7:7:7
[Mote:1] {"node":"fd00::207:7:7:7", "cpu_energy_mj":18, "lpm_energy_mj":0, "radio_tx_energy_mj":0, "radio_rx_energy_mj":8, "node_time":1707595, "total_sent":139, "total_received":161, "bytes_tx":60, "bytes_rx":12, "r2n_latency":1364, "lqi":100, "rssi":-91, "server_sent":162, "server_received":278, "server_bytes_rx":60, "n2r_latency":195, "hops":1, "rtt_latency":2362, "root_time_now":1707790}
[Mote:8] Not reachable yet
[Mote:18] Not reachable yet
[Mote:13] Sensor IPv6 = fe80::20d:d:d:d
[Mote:1] {"node":"fd00::20d:d:d:d", "cpu_energy_mj":18, "lpm_energy_mj":0, "radio_tx_energy_mj":0, "radio_rx_energy_mj":7, "node_time":1709586, "total_sent":107, "total_received":128, "bytes_tx":60, "bytes_rx":12, "r2n_latency":1224, "lqi":100, "rssi":-86, "server_sent":160, "server_received":213, "server_bytes_rx":60, "n2r_latency":94, "hops":1, "rtt_latency":1872, "root_time_now":1709680}
[Mote:4] Not reachable yet
[Mote:11] Not reachable yet
[Mote:14] Not reachable yet
[Mote:10] Not reachable yet
[Mote:12] Not reachable yet
[Mote:9] Not reachable yet
[Mote:3] Not reachable yet
[Mote:15] Not reachable yet
[Mote:6] Sensor IPv6 = fe80::206:6:6:6
[Mote:16] Not reachable yet
[Mote:19] Not reachable yet
[Mote:5] Sensor IPv6 = fe80::205:5:5:5
[Mote:2] Not reachable yet
[Mote:17] Not reachable yet
[Mote:1] {"node":"fd00::205:5:5:5", "cpu_energy_mj":19, "lpm_energy_mj":0, "radio_tx_energy_mj":1, "radio_rx_energy_mj":7, "node_time":1716248, "total_sent":127, "total_received":168, "bytes_tx":60, "bytes_rx":12, "r2n_latency":44, "lqi":100, "rssi":-89, "server_sent":169, "server_received":254, "server_bytes_rx":60, "n2r_latency":1342, "hops":0, "rtt_latency":3732, "root_time_now":1717590}
[Mote:7] Sensor IPv6 = fe80::207:7:7:7
[Mote:1] {"node":"fd00::206:6:6:6", "cpu_energy_mj":19, "lpm_energy_mj":0, "radio_tx_energy_mj":0, "radio_rx_energy_mj":8, "node_time":1715706, "total_sent":154, "total_received":167, "bytes_tx":60, "bytes_rx":12, "r2n_latency":1024, "lqi":100, "rssi":-90, "server_sent":167, "server_received":320, "server_bytes_rx":60, "n2r_latency":3144, "hops":0, "rtt_latency":1947, "root_time_now":1718850}
[Mote:8] Not reachable yet
[Mote:1] {"node":"fd00::207:7:7:7", "cpu_energy_mj":18, "lpm_energy_mj":0, "radio_tx_energy_mj":0, "radio_rx_energy_mj":8, "node_time":1718071, "total_sent":140, "total_received":162, "bytes_tx":60, "bytes_rx":12, "r2n_latency":2074, "lqi":100, "rssi":-91, "server_sent":163, "server_received":280, "server_bytes_rx":60, "n2r_latency":849, "hops":1, "rtt_latency":1982, "root_time_now":1718920}
[Mote:18] Not reachable yet
[Mote:13] Sensor IPv6 = fe80::20d:d:d:d
[Mote:1] {"node":"fd00::20d:d:d:d", "cpu_energy_mj":18, "lpm_energy_mj":0, "radio_tx_energy_mj":0, "radio_rx_energy_mj":8, "node_time":1719699, "total_sent":108, "total_received":129, "bytes_tx":60, "bytes_rx":12, "r2n_latency":1304, "lqi":100, "rssi":-86, "server_sent":161, "server_received":215, "server_bytes_rx":60, "n2r_latency":131, "hops":1, "rtt_latency":3767, "root_time_now":1719830}
[Mote:4] Not reachable yet
[Mote:11] Not reachable yet
[Mote:10] Not reachable yet
[Mote:14] Not reachable yet
[Mote:12] Not reachable yet
[Mote:9] Not reachable yet
[Mote:3] Not reachable yet
[Mote:16] Not reachable yet
[Mote:15] Not reachable yet
[Mote:6] Sensor IPv6 = fe80::206:6:6:6
[Mote:1] {"node":"fd00::206:6:6:6", "cpu_energy_mj":19, "lpm_energy_mj":0, "radio_tx_energy_mj":1, "radio_rx_energy_mj":8, "node_time":1726637, "total_sent":155, "total_received":168, "bytes_tx":60, "bytes_rx":12, "r2n_latency":544, "lqi":100, "rssi":-90, "server_sent":168, "server_received":322, "server_bytes_rx":60, "n2r_latency":53, "hops":0, "rtt_latency":2932, "root_time_now":1726690}
[Mote:2] Not reachable yet
[Mote:19] Not reachable yet
[Mote:5] Sensor IPv6 = fe80::205:5:5:5
[Mote:1] {"node":"fd00::205:5:5:5", "cpu_energy_mj":19, "lpm_energy_mj":0, "radio_tx_energy_mj":1, "radio_rx_energy_mj":7, "node_time":1727041, "total_sent":128, "total_received":169, "bytes_tx":60, "bytes_rx":12, "r2n_latency":54, "lqi":100, "rssi":-89, "server_sent":170, "server_received":256, "server_bytes_rx":60, "n2r_latency":69, "hops":0, "rtt_latency":2617, "root_time_now":1727110}
[Mote:17] Not reachable yet
[Mote:7] Sensor IPv6 = fe80::207:7:7:7
[Mote:1] {"node":"fd00::207:7:7:7", "cpu_energy_mj":18, "lpm_energy_mj":0, "radio_tx_energy_mj":0, "radio_rx_energy_mj":8, "node_time":1728545, "total_sent":141, "total_received":163, "bytes_tx":60, "bytes_rx":12, "r2n_latency":1244, "lqi":100, "rssi":-91, "server_sent":164, "server_received":282, "server_bytes_rx":60, "n2r_latency":105, "hops":1, "rtt_latency":2967, "root_time_now":1728650}
[Mote:8] Not reachable yet
[Mote:13] Sensor IPv6 = fe80::20d:d:d:d
[Mote:1] {"node":"fd00::20d:d:d:d", "cpu_energy_mj":18, "lpm_energy_mj":0, "radio_tx_energy_mj":0, "radio_rx_energy_mj":7, "node_time":1729812, "total_sent":109, "total_received":130, "bytes_tx":60, "bytes_rx":12, "r2n_latency":2224, "lqi":100, "rssi":-86, "server_sent":162, "server_received":217, "server_bytes_rx":60, "n2r_latency":168, "hops":1, "rtt_latency":2652, "root_time_now":1729980}
[Mote:18] Not reachable yet
[Mote:11] Not reachable yet
[Mote:4] Not reachable yet
[Mote:10] Not reachable yet
[Mote:14] Not reachable yet
[Mote:12] Not reachable yet
[Mote:9] Not reachable yet
[Mote:3] Not reachable yet
[Mote:16] Not reachable yet
[Mote:15] Not reachable yet
[Mote:2] Not reachable yet
[Mote:6] Sensor IPv6 = fe80::206:6:6:6
[Mote:1] {"node":"fd00::206:6:6:6", "cpu_energy_mj":19, "lpm_energy_mj":0, "radio_tx_energy_mj":0, "radio_rx_energy_mj":8, "node_time":1737564, "total_sent":156, "total_received":169, "bytes_tx":60, "bytes_rx":12, "r2n_latency":487, "lqi":100, "rssi":-90, "server_sent":169, "server_received":324, "server_bytes_rx":60, "n2r_latency":46, "hops":0, "rtt_latency":873, "root_time_now":1737610}
[Mote:17] Not reachable yet
[Mote:5] Sensor IPv6 = fe80::205:5:5:5
[Mote:19] Not reachable yet
[Mote:1] {"node":"fd00::205:5:5:5", "cpu_energy_mj":19, "lpm_energy_mj":0, "radio_tx_energy_mj":0, "radio_rx_energy_mj":8, "node_time":1737829, "total_sent":129, "total_received":170, "bytes_tx":60, "bytes_rx":12, "r2n_latency":67, "lqi":100, "rssi":-89, "server_sent":171, "server_received":258, "server_bytes_rx":60, "n2r_latency":61, "hops":0, "rtt_latency":2028, "root_time_now":1737890}
[Mote:7] Sensor IPv6 = fe80::207:7:7:7
[Mote:1] {"node":"fd00::207:7:7:7", "cpu_energy_mj":18, "lpm_energy_mj":0, "radio_tx_energy_mj":0, "radio_rx_energy_mj":8, "node_time":1739021, "total_sent":142, "total_received":164, "bytes_tx":60, "bytes_rx":12, "r2n_latency":1257, "lqi":100, "rssi":-91, "server_sent":165, "server_received":284, "server_bytes_rx":60, "n2r_latency":129, "hops":1, "rtt_latency":2623, "root_time_now":1739150}
[Mote:8] Not reachable yet
[Mote:13] Sensor IPv6 = fe80::20d:d:d:d
[Mote:18] Not reachable yet
[Mote:11] Not reachable yet
[Mote:4] Not reachable yet
[Mote:10] Not reachable yet
[Mote:14] Not reachable yet
[Mote:12] Not reachable yet
[Mote:9] Not reachable yet
[Mote:3] Not reachable yet
[Mote:1] {"node":"fd00::20d:d:d:d", "cpu_energy_mj":18, "lpm_energy_mj":0, "radio_tx_energy_mj":0, "radio_rx_energy_mj":8, "node_time":1739925, "total_sent":110, "total_received":131, "bytes_tx":60, "bytes_rx":12, "r2n_latency":3707, "lqi":100, "rssi":-86, "server_sent":164, "server_received":219, "server_bytes_rx":60, "n2r_latency":5875, "hops":1, "rtt_latency":2448, "root_time_now":1745800}
[Mote:16] Not reachable yet
[Mote:15] Not reachable yet
[Mote:2] Not reachable yet
[Mote:17] Not reachable yet
[Mote:6] Sensor IPv6 = fe80::206:6:6:6
[Mote:1] {"node":"fd00::206:6:6:6", "cpu_energy_mj":19, "lpm_energy_mj":0, "radio_tx_energy_mj":0, "radio_rx_energy_mj":8, "node_time":1748493, "total_sent":157, "total_received":170, "bytes_tx":60, "bytes_rx":12, "r2n_latency":353, "lqi":100, "rssi":-90, "server_sent":170, "server_received":326, "server_bytes_rx":60, "n2r_latency":37, "hops":0, "rtt_latency":1506, "root_time_now":1748530}
[Mote:5] Sensor IPv6 = fe80::205:5:5:5
[Mote:1] {"node":"fd00::205:5:5:5", "cpu_energy_mj":19, "lpm_energy_mj":0, "radio_tx_energy_mj":0, "radio_rx_energy_mj":7, "node_time":1748622, "total_sent":130, "total_received":171, "bytes_tx":60, "bytes_rx":12, "r2n_latency":703, "lqi":100, "rssi":-89, "server_sent":172, "server_received":260, "server_bytes_rx":60, "n2r_latency":48, "hops":0, "rtt_latency":2731, "root_time_now":1748670}
[Mote:19] Not reachable yet
[Mote:7] Sensor IPv6 = fe80::207:7:7:7
[Mote:1] {"node":"fd00::207:7:7:7", "cpu_energy_mj":18, "lpm_energy_mj":0, "radio_tx_energy_mj":0, "radio_rx_energy_mj":8, "node_time":1749497, "total_sent":143, "total_received":165, "bytes_tx":60, "bytes_rx":12, "r2n_latency":1053, "lqi":100, "rssi":-91, "server_sent":166, "server_received":286, "server_bytes_rx":60, "n2r_latency":223, "hops":1, "rtt_latency":1541, "root_time_now":1749720}
[Mote:13] Sensor IPv6 = fe80::20d:d:d:d
[Mote:8] Not reachable yet
[Mote:11] Not reachable yet
[Mote:18] Not reachable yet
[Mote:4] Not reachable yet
[Mote:10] Not reachable yet
[Mote:1] {"node":"fd00::20d:d:d:d", "cpu_energy_mj":18, "lpm_energy_mj":0, "radio_tx_energy_mj":0, "radio_rx_energy_mj":7, "node_time":1750038, "total_sent":111, "total_received":132, "bytes_tx":60, "bytes_rx":12, "r2n_latency":1613, "lqi":100, "rssi":-86, "server_sent":165, "server_received":221, "server_bytes_rx":60, "n2r_latency":3462, "hops":1, "rtt_latency":3011, "root_time_now":1753500}
[Mote:14] Not reachable yet
[Mote:9] Not reachable yet
[Mote:12] Not reachable yet
[Mote:3] Not reachable yet
[Mote:16] Not reachable yet
[Mote:15] Not reachable yet
[Mote:17] Not reachable yet
[Mote:2] Not reachable yet
[Mote:5] Sensor IPv6 = fe80::205:5:5:5
[Mote:6] Sensor IPv6 = fe80::206:6:6:6
[Mote:1] {"node":"fd00::206:6:6:6", "cpu_energy_mj":19, "lpm_energy_mj":0, "radio_tx_energy_mj":1, "radio_rx_energy_mj":8, "node_time":1759422, "total_sent":158, "total_received":171, "bytes_tx":60, "bytes_rx":12, "r2n_latency":364, "lqi":100, "rssi":-90, "server_sent":171, "server_received":328, "server_bytes_rx":60, "n2r_latency":238, "hops":0, "rtt_latency":1827, "root_time_now":1759660}
[Mote:19] Not reachable yet
[Mote:1] {"node":"fd00::205:5:5:5", "cpu_energy_mj":19, "lpm_energy_mj":0, "radio_tx_energy_mj":0, "radio_rx_energy_mj":8, "node_time":1759413, "total_sent":131, "total_received":172, "bytes_tx":60, "bytes_rx":12, "r2n_latency":14, "lqi":100, "rssi":-89, "server_sent":173, "server_received":262, "server_bytes_rx":60, "n2r_latency":317, "hops":0, "rtt_latency":1407, "root_time_now":1759730}
[Mote:7] Sensor IPv6 = fe80::207:7:7:7
[Mote:13] Sensor IPv6 = fe80::20d:d:d:d
[Mote:8] Not reachable yet
[Mote:11] Not reachable yet
[Mote:18] Not reachable yet
[Mote:10] Not reachable yet
[Mote:4] Not reachable yet
[Mote:1] {"node":"fd00::20d:d:d:d", "cpu_energy_mj":18, "lpm_energy_mj":0, "radio_tx_energy_mj":0, "radio_rx_energy_mj":8, "node_time":1760151, "total_sent":112, "total_received":133, "bytes_tx":60, "bytes_rx":12, "r2n_latency":1134, "lqi":100, "rssi":-86, "server_sent":166, "server_received":223, "server_bytes_rx":60, "n2r_latency":3919, "hops":1, "rtt_latency":2142, "root_time_now":1764070}
[Mote:14] Not reachable yet
[Mote:1] {"node":"fd00::207:7:7:7", "cpu_energy_mj":18, "lpm_energy_mj":0, "radio_tx_energy_mj":0, "radio_rx_energy_mj":8, "node_time":1759975, "total_sent":144, "total_received":166, "bytes_tx":60, "bytes_rx":12, "r2n_latency":924, "lqi":100, "rssi":-91, "server_sent":168, "server_received":288, "server_bytes_rx":60, "n2r_latency":5285, "hops":1, "rtt_latency":1862, "root_time_now":1765260}
[Mote:9] Not reachable yet
[Mote:16] Not reachable yet
[Mote:3] Not reachable yet
[Mote:12] Not reachable yet
[Mote:15] Not reachable yet
[Mote:17] Not reachable yet
[Mote:2] Not reachable yet
[Mote:5] Sensor IPv6 = fe80::205:5:5:5
[Mote:13] Sensor IPv6 = fe80::20d:d:d:d
[Mote:6] Sensor IPv6 = fe80::206:6:6:6
[Mote:7] Sensor IPv6 = fe80::207:7:7:7
[Mote:19] Not reachable yet
[Mote:8] Not reachable yet
[Mote:11] Not reachable yet
[Mote:18] Not reachable yet
[Mote:10] Not reachable yet
[Mote:4] Not reachable yet
[Mote:1] {"node":"fd00::205:5:5:5", "cpu_energy_mj":19, "lpm_energy_mj":0, "radio_tx_energy_mj":1, "radio_rx_energy_mj":7, "node_time":1770208, "total_sent":132, "total_received":173, "bytes_tx":60, "bytes_rx":12, "r2n_latency":1214, "lqi":100, "rssi":-89, "server_sent":175, "server_received":264, "server_bytes_rx":60, "n2r_latency":4642, "hops":0, "rtt_latency":2007, "root_time_now":1774850}
[Mote:1] {"node":"fd00::20d:d:d:d", "cpu_energy_mj":18, "lpm_energy_mj":0, "radio_tx_energy_mj":0, "radio_rx_energy_mj":7, "node_time":1770264, "total_sent":113, "total_received":134, "bytes_tx":60, "bytes_rx":12, "r2n_latency":3034, "lqi":100, "rssi":-86, "server_sent":167, "server_received":225, "server_bytes_rx":60, "n2r_latency":4726, "hops":1, "rtt_latency":2077, "root_time_now":1774990}
[Mote:1] {"node":"fd00::206:6:6:6", "cpu_energy_mj":19, "lpm_energy_mj":0, "radio_tx_energy_mj":0, "radio_rx_energy_mj":8, "node_time":1770353, "total_sent":159, "total_received":172, "bytes_tx":60, "bytes_rx":12, "r2n_latency":304, "lqi":100, "rssi":-90, "server_sent":173, "server_received":330, "server_bytes_rx":60, "n2r_latency":5337, "hops":0, "rtt_latency":2602, "root_time_now":1775690}
[Mote:1] {"node":"fd00::207:7:7:7", "cpu_energy_mj":18, "lpm_energy_mj":0, "radio_tx_energy_mj":0, "radio_rx_energy_mj":8, "node_time":1770449, "total_sent":145, "total_received":167, "bytes_tx":60, "bytes_rx":12, "r2n_latency":1144, "lqi":100, "rssi":-91, "server_sent":169, "server_received":290, "server_bytes_rx":60, "n2r_latency":5311, "hops":1, "rtt_latency":2672, "root_time_now":1775760}
[Mote:16] Not reachable yet
[Mote:14] Not reachable yet
[Mote:3] Not reachable yet
[Mote:9] Not reachable yet
[Mote:12] Not reachable yet
[Mote:17] Not reachable yet
[Mote:15] Not reachable yet
[Mote:2] Not reachable yet
[Mote:13] Sensor IPv6 = fe80::20d:d:d:d
[Mote:7] Sensor IPv6 = fe80::207:7:7:7
[Mote:5] Sensor IPv6 = fe80::205:5:5:5
[Mote:6] Sensor IPv6 = fe80::206:6:6:6
[Mote:11] Not reachable yet
[Mote:19] Not reachable yet
[Mote:8] Not reachable yet
[Mote:18] Not reachable yet
[Mote:10] Not reachable yet
[Mote:1] {"node":"fd00::205:5:5:5", "cpu_energy_mj":19, "lpm_energy_mj":0, "radio_tx_energy_mj":1, "radio_rx_energy_mj":7, "node_time":1780998, "total_sent":133, "total_received":175, "bytes_tx":60, "bytes_rx":12, "r2n_latency":44, "lqi":100, "rssi":-89, "server_sent":176, "server_received":267, "server_bytes_rx":60, "n2r_latency":2882, "hops":0, "rtt_latency":1912, "root_time_now":1783880}
[Mote:4] Not reachable yet
[Mote:1] {"node":"fd00::20d:d:d:d", "cpu_energy_mj":18, "lpm_energy_mj":0, "radio_tx_energy_mj":0, "radio_rx_energy_mj":7, "node_time":1780377, "total_sent":114, "total_received":135, "bytes_tx":60, "bytes_rx":12, "r2n_latency":2834, "lqi":100, "rssi":-86, "server_sent":168, "server_received":227, "server_bytes_rx":60, "n2r_latency":4763, "hops":1, "rtt_latency":2537, "root_time_now":1785140}
[Mote:16] Not reachable yet
[Mote:3] Not reachable yet
[Mote:14] Not reachable yet
[Mote:9] Not reachable yet
[Mote:1] {"node":"fd00::206:6:6:6", "cpu_energy_mj":19, "lpm_energy_mj":0, "radio_tx_energy_mj":1, "radio_rx_energy_mj":8, "node_time":1781280, "total_sent":160, "total_received":174, "bytes_tx":60, "bytes_rx":12, "r2n_latency":814, "lqi":100, "rssi":-90, "server_sent":174, "server_received":332, "server_bytes_rx":60, "n2r_latency":5540, "hops":0, "rtt_latency":2922, "root_time_now":1786820}
[Mote:12] Not reachable yet
[Mote:17] Not reachable yet
[Mote:15] Not reachable yet
[Mote:2] Not reachable yet
[Mote:13] Sensor IPv6 = fe80::20d:d:d:d
[Mote:7] Not reachable yet
[Mote:11] Not reachable yet
[Mote:5] Sensor IPv6 = fe80::205:5:5:5
[Mote:1] {"node":"fd00::205:5:5:5", "cpu_energy_mj":19, "lpm_energy_mj":0, "radio_tx_energy_mj":1, "radio_rx_energy_mj":8, "node_time":1791790, "total_sent":134, "total_received":176, "bytes_tx":60, "bytes_rx":12, "r2n_latency":54, "lqi":100, "rssi":-89, "server_sent":177, "server_received":269, "server_bytes_rx":60, "n2r_latency":280, "hops":0, "rtt_latency":1007, "root_time_now":1792070}
[Mote:1] {"node":"fd00::20d:d:d:d", "cpu_energy_mj":18, "lpm_energy_mj":0, "radio_tx_energy_mj":0, "radio_rx_energy_mj":8, "node_time":1790490, "total_sent":115, "total_received":136, "bytes_tx":60, "bytes_rx":12, "r2n_latency":1024, "lqi":100, "rssi":-86, "server_sent":169, "server_received":229, "server_bytes_rx":60, "n2r_latency":1650, "hops":1, "rtt_latency":2647, "root_time_now":1792140}
[Mote:6] Not reachable yet
[Mote:8] Not reachable yet
[Mote:19] Not reachable yet
[Mote:10] Not reachable yet
[Mote:18] Not reachable yet
[Mote:4] Not reachable yet
[Mote:16] Not reachable yet
[Mote:3] Not reachable yet
[Mote:9] Not reachable yet
[Mote:14] Sensor IPv6 = fe80::20e:e:e:e
[Mote:1] {"node":"fd00::20e:e:e:e", "cpu_energy_mj":309, "lpm_energy_mj":0, "radio_tx_energy_mj":2, "radio_rx_energy_mj":601, "node_time":1797474, "total_sent":32, "total_received":121, "bytes_tx":60, "bytes_rx":12, "r2n_latency":964, "lqi":100, "rssi":-83, "server_sent":172, "server_received":48, "server_bytes_rx":60, "n2r_latency":126, "hops":1, "rtt_latency":1987, "root_time_now":1797600}
[Mote:12] Not reachable yet
[Mote:17] Not reachable yet
[Mote:15] Not reachable yet
[Mote:13] Sensor IPv6 = fe80::20d:d:d:d
[Mote:2] Not reachable yet
[Mote:11] Not reachable yet
[Mote:7] Not reachable yet
[Mote:5] Sensor IPv6 = fe80::205:5:5:5
[Mote:8] Not reachable yet
[Mote:6] Not reachable yet
[Mote:10] Not reachable yet
[Mote:19] Not reachable yet
[Mote:1] {"node":"fd00::205:5:5:5", "cpu_energy_mj":19, "lpm_energy_mj":0, "radio_tx_energy_mj":0, "radio_rx_energy_mj":8, "node_time":1802582, "total_sent":135, "total_received":177, "bytes_tx":60, "bytes_rx":12, "r2n_latency":64, "lqi":100, "rssi":-89, "server_sent":178, "server_received":271, "server_bytes_rx":60, "n2r_latency":1038, "hops":0, "rtt_latency":1782, "root_time_now":1803620}
[Mote:18] Not reachable yet
[Mote:1] {"node":"fd00::20d:d:d:d", "cpu_energy_mj":18, "lpm_energy_mj":0, "radio_tx_energy_mj":0, "radio_rx_energy_mj":8, "node_time":1800603, "total_sent":116, "total_received":137, "bytes_tx":60, "bytes_rx":12, "r2n_latency":2854, "lqi":100, "rssi":-86, "server_sent":170, "server_received":231, "server_bytes_rx":60, "n2r_latency":4207, "hops":1, "rtt_latency":2197, "root_time_now":1804810}
[Mote:4] Not reachable yet
[Mote:16] Not reachable yet
[Mote:3] Not reachable yet
[Mote:9] Not reachable yet
[Mote:14] Not reachable yet
[Mote:12] Not reachable yet
[Mote:17] Not reachable yet
[Mote:15] Not reachable yet
[Mote:13] Sensor IPv6 = fe80::20d:d:d:d
[Mote:2] Not reachable yet
[Mote:11] Not reachable yet
[Mote:7] Not reachable yet
[Mote:8] Not reachable yet
[Mote:5] Sensor IPv6 = fe80::205:5:5:5
[Mote:10] Not reachable yet
[Mote:6] Not reachable yet
[Mote:19] Not reachable yet
[Mote:1] {"node":"fd00::20d:d:d:d", "cpu_energy_mj":18, "lpm_energy_mj":0, "radio_tx_energy_mj":0, "radio_rx_energy_mj":7, "node_time":1810716, "total_sent":117, "total_received":138, "bytes_tx":60, "bytes_rx":12, "r2n_latency":2304, "lqi":100, "rssi":-86, "server_sent":171, "server_received":233, "server_bytes_rx":60, "n2r_latency":3754, "hops":1, "rtt_latency":2587, "root_time_now":1814470}
[Mote:18] Not reachable yet
[Mote:1] {"node":"fd00::205:5:5:5", "cpu_energy_mj":19, "lpm_energy_mj":0, "radio_tx_energy_mj":1, "radio_rx_energy_mj":8, "node_time":1813373, "total_sent":136, "total_received":178, "bytes_tx":60, "bytes_rx":12, "r2n_latency":74, "lqi":100, "rssi":-89, "server_sent":179, "server_received":273, "server_bytes_rx":60, "n2r_latency":1587, "hops":0, "rtt_latency":2207, "root_time_now":1814960}
[Mote:4] Not reachable yet
[Mote:16] Not reachable yet
[Mote:3] Not reachable yet
[Mote:9] Not reachable yet
[Mote:14] Not reachable yet
[Mote:17] Not reachable yet
[Mote:12] Not reachable yet
[Mote:13] Sensor IPv6 = fe80::20d:d:d:d
[Mote:15] Not reachable yet
[Mote:2] Not reachable yet
[Mote:11] Not reachable yet
[Mote:7] Not reachable yet
[Mote:1] {"node":"fd00::20d:d:d:d", "cpu_energy_mj":18, "lpm_energy_mj":0, "radio_tx_energy_mj":0, "radio_rx_energy_mj":7, "node_time":1820826, "total_sent":118, "total_received":139, "bytes_tx":60, "bytes_rx":12, "r2n_latency":2104, "lqi":100, "rssi":-86, "server_sent":172, "server_received":235, "server_bytes_rx":60, "n2r_latency":2464, "hops":1, "rtt_latency":2277, "root_time_now":1823290}
[Mote:10] Not reachable yet
[Mote:8] Not reachable yet
[Mote:5] Sensor IPv6 = fe80::205:5:5:5
[Mote:1] {"node":"fd00::205:5:5:5", "cpu_energy_mj":19, "lpm_energy_mj":0, "radio_tx_energy_mj":2, "radio_rx_energy_mj":7, "node_time":1824164, "total_sent":137, "total_received":179, "bytes_tx":60, "bytes_rx":12, "r2n_latency":14, "lqi":100, "rssi":-89, "server_sent":180, "server_received":275, "server_bytes_rx":60, "n2r_latency":36, "hops":0, "rtt_latency":1617, "root_time_now":1824200}
[Mote:6] Not reachable yet
[Mote:18] Not reachable yet
[Mote:19] Not reachable yet
[Mote:16] Not reachable yet
[Mote:4] Not reachable yet
[Mote:3] Not reachable yet
[Mote:9] Not reachable yet
[Mote:14] Not reachable yet
[Mote:17] Not reachable yet
[Mote:13] Sensor IPv6 = fe80::20d:d:d:d
[Mote:12] Not reachable yet
[Mote:15] Not reachable yet
[Mote:11] Not reachable yet
[Mote:2] Sensor IPv6 = fe80::202:2:2:2
[Mote:7] Not reachable yet
[Mote:10] Not reachable yet
[Mote:8] Not reachable yet
[Mote:1] {"node":"fd00::202:2:2:2", "cpu_energy_mj":265, "lpm_energy_mj":0, "radio_tx_energy_mj":3, "radio_rx_energy_mj":291, "node_time":1832233, "total_sent":54, "total_received":167, "bytes_tx":60, "bytes_rx":12, "r2n_latency":164, "lqi":100, "rssi":-83, "server_sent":181, "server_received":98, "server_bytes_rx":60, "n2r_latency":2397, "hops":0, "rtt_latency":1797, "root_time_now":1834630}
[Mote:5] Sensor IPv6 = fe80::205:5:5:5
[Mote:1] {"node":"fd00::20d:d:d:d", "cpu_energy_mj":18, "lpm_energy_mj":0, "radio_tx_energy_mj":0, "radio_rx_energy_mj":8, "node_time":1830940, "total_sent":119, "total_received":140, "bytes_tx":60, "bytes_rx":12, "r2n_latency":1414, "lqi":100, "rssi":-86, "server_sent":173, "server_received":237, "server_bytes_rx":60, "n2r_latency":4250, "hops":1, "rtt_latency":3717, "root_time_now":1835190}
[Mote:1] {"node":"fd00::205:5:5:5", "cpu_energy_mj":19, "lpm_energy_mj":0, "radio_tx_energy_mj":1, "radio_rx_energy_mj":7, "node_time":1834957, "total_sent":138, "total_received":180, "bytes_tx":60, "bytes_rx":12, "r2n_latency":24, "lqi":100, "rssi":-89, "server_sent":181, "server_received":277, "server_bytes_rx":60, "n2r_latency":373, "hops":0, "rtt_latency":2567, "root_time_now":1835330}
[Mote:18] Not reachable yet
[Mote:6] Not reachable yet
[Mote:16] Not reachable yet
[Mote:19] Not reachable yet
[Mote:4] Not reachable yet
[Mote:3] Not reachable yet
[Mote:9] Not reachable yet
[Mote:17] Not reachable yet
[Mote:14] Not reachable yet
[Mote:13] Sensor IPv6 = fe80::20d:d:d:d
[Mote:12] Not reachable yet
[Mote:15] Not reachable yet
[Mote:11] Not reachable yet
[Mote:2] Sensor IPv6 = fe80::202:2:2:2
[Mote:7] Not reachable yet
[Mote:10] Not reachable yet
[Mote:8] Not reachable yet
[Mote:1] {"node":"fd00::202:2:2:2", "cpu_energy_mj":18, "lpm_energy_mj":0, "radio_tx_energy_mj":0, "radio_rx_energy_mj":8, "node_time":1842764, "total_sent":55, "total_received":168, "bytes_tx":60, "bytes_rx":12, "r2n_latency":174, "lqi":100, "rssi":-83, "server_sent":182, "server_received":100, "server_bytes_rx":60, "n2r_latency":2156, "hops":0, "rtt_latency":2432, "root_time_now":1844920}
[Mote:1] {"node":"fd00::20d:d:d:d", "cpu_energy_mj":18, "lpm_energy_mj":0, "radio_tx_energy_mj":0, "radio_rx_energy_mj":7, "node_time":1841055, "total_sent":120, "total_received":141, "bytes_tx":60, "bytes_rx":12, "r2n_latency":2684, "lqi":100, "rssi":-86, "server_sent":174, "server_received":239, "server_bytes_rx":60, "n2r_latency":4495, "hops":1, "rtt_latency":2637, "root_time_now":1845550}
[Mote:5] Sensor IPv6 = fe80::205:5:5:5
[Mote:1] {"node":"fd00::205:5:5:5", "cpu_energy_mj":19, "lpm_energy_mj":0, "radio_tx_energy_mj":1, "radio_rx_energy_mj":7, "node_time":1845750, "total_sent":139, "total_received":181, "bytes_tx":60, "bytes_rx":12, "r2n_latency":34, "lqi":100, "rssi":-89, "server_sent":182, "server_received":278, "server_bytes_rx":60, "n2r_latency":10, "hops":0, "rtt_latency":2567, "root_time_now":1845760}
[Mote:16] Not reachable yet
[Mote:18] Not reachable yet
[Mote:6] Not reachable yet
[Mote:19] Not reachable yet
[Mote:4] Not reachable yet
[Mote:3] Not reachable yet
[Mote:17] Not reachable yet
[Mote:9] Not reachable yet
[Mote:13] Sensor IPv6 = fe80::20d:d:d:d
[Mote:14] Not reachable yet
[Mote:11] Not reachable yet
[Mote:15] Not reachable yet
[Mote:12] Not reachable yet
[Mote:2] Sensor IPv6 = fe80::202:2:2:2
[Mote:10] Not reachable yet
[Mote:1] {"node":"fd00::202:2:2:2", "cpu_energy_mj":18, "lpm_energy_mj":0, "radio_tx_energy_mj":0, "radio_rx_energy_mj":8, "node_time":1853295, "total_sent":56, "total_received":169, "bytes_tx":60, "bytes_rx":12, "r2n_latency":184, "lqi":100, "rssi":-83, "server_sent":183, "server_received":102, "server_bytes_rx":60, "n2r_latency":935, "hops":0, "rtt_latency":1527, "root_time_now":1854230}
[Mote:7] Not reachable yet
[Mote:8] Not reachable yet
[Mote:16] Not reachable yet
[Mote:5] Sensor IPv6 = fe80::205:5:5:5
[Mote:18] Not reachable yet
[Mote:1] {"node":"fd00::205:5:5:5", "cpu_energy_mj":19, "lpm_energy_mj":0, "radio_tx_energy_mj":1, "radio_rx_energy_mj":7, "node_time":1856541, "total_sent":140, "total_received":182, "bytes_tx":60, "bytes_rx":12, "r2n_latency":44, "lqi":100, "rssi":-89, "server_sent":183, "server_received":280, "server_bytes_rx":60, "n2r_latency":699, "hops":0, "rtt_latency":1457, "root_time_now":1857240}
[Mote:6] Not reachable yet
[Mote:4] Not reachable yet
[Mote:19] Not reachable yet
[Mote:1] {"node":"fd00::20d:d:d:d", "cpu_energy_mj":18, "lpm_energy_mj":0, "radio_tx_energy_mj":0, "radio_rx_energy_mj":7, "node_time":1851166, "total_sent":121, "total_received":143, "bytes_tx":60, "bytes_rx":12, "r2n_latency":954, "lqi":100, "rssi":-86, "server_sent":175, "server_received":242, "server_bytes_rx":60, "n2r_latency":7054, "hops":1, "rtt_latency":2822, "root_time_now":1858220}
[Mote:3] Not reachable yet
[Mote:17] Not reachable yet
[Mote:9] Not reachable yet
[Mote:13] Sensor IPv6 = fe80::20d:d:d:d
[Mote:14] Not reachable yet
[Mote:11] Not reachable yet
[Mote:15] Not reachable yet
[Mote:12] Not reachable yet
[Mote:2] Sensor IPv6 = fe80::202:2:2:2
[Mote:1] {"node":"fd00::202:2:2:2", "cpu_energy_mj":18, "lpm_energy_mj":0, "radio_tx_energy_mj":0, "radio_rx_energy_mj":8, "node_time":1863826, "total_sent":57, "total_received":170, "bytes_tx":60, "bytes_rx":12, "r2n_latency":334, "lqi":100, "rssi":-83, "server_sent":184, "server_received":104, "server_bytes_rx":60, "n2r_latency":64, "hops":0, "rtt_latency":762, "root_time_now":1863890}
[Mote:10] Not reachable yet
[Mote:7] Not reachable yet
[Mote:8] Not reachable yet
[Mote:16] Not reachable yet
[Mote:18] Not reachable yet
[Mote:5] Sensor IPv6 = fe80::205:5:5:5
[Mote:1] {"node":"fd00::205:5:5:5", "cpu_energy_mj":19, "lpm_energy_mj":0, "radio_tx_energy_mj":1, "radio_rx_energy_mj":7, "node_time":1867336, "total_sent":141, "total_received":183, "bytes_tx":60, "bytes_rx":12, "r2n_latency":54, "lqi":100, "rssi":-89, "server_sent":184, "server_received":282, "server_bytes_rx":60, "n2r_latency":124, "hops":0, "rtt_latency":1637, "root_time_now":1867460}
[Mote:4] Not reachable yet
[Mote:3] Not reachable yet
[Mote:6] Not reachable yet
[Mote:19] Not reachable yet
[Mote:17] Not reachable yet
[Mote:9] Not reachable yet
[Mote:13] Sensor IPv6 = fe80::20d:d:d:d
[Mote:11] Not reachable yet
[Mote:14] Not reachable yet
[Mote:15] Not reachable yet
[Mote:12] Not reachable yet
[Mote:2] Sensor IPv6 = fe80::202:2:2:2
[Mote:1] {"node":"fd00::202:2:2:2", "cpu_energy_mj":18, "lpm_energy_mj":0, "radio_tx_energy_mj":0, "radio_rx_energy_mj":8, "node_time":1874357, "total_sent":58, "total_received":171, "bytes_tx":60, "bytes_rx":12, "r2n_latency":134, "lqi":100, "rssi":-83, "server_sent":185, "server_received":106, "server_bytes_rx":60, "n2r_latency":103, "hops":0, "rtt_latency":1502, "root_time_now":1874460}
[Mote:10] Not reachable yet
[Mote:7] Not reachable yet
[Mote:8] Not reachable yet
[Mote:16] Not reachable yet
[Mote:18] Not reachable yet
[Mote:5] Sensor IPv6 = fe80::205:5:5:5
[Mote:1] {"node":"fd00::205:5:5:5", "cpu_energy_mj":19, "lpm_energy_mj":0, "radio_tx_energy_mj":0, "radio_rx_energy_mj":8, "node_time":1878126, "total_sent":142, "total_received":184, "bytes_tx":60, "bytes_rx":12, "r2n_latency":414, "lqi":100, "rssi":-89, "server_sent":185, "server_received":284, "server_bytes_rx":60, "n2r_latency":44, "hops":0, "rtt_latency":1047, "root_time_now":1878170}
[Mote:3] Not reachable yet
[Mote:4] Not reachable yet
[Mote:6] Not reachable yet
[Mote:19] Not reachable yet
[Mote:17] Not reachable yet
[Mote:13] Sensor IPv6 = fe80::20d:d:d:d
[Mote:9] Not reachable yet
[Mote:11] Not reachable yet
[Mote:14] Not reachable yet
[Mote:15] Not reachable yet
[Mote:10] Not reachable yet
[Mote:2] Sensor IPv6 = fe80::202:2:2:2
[Mote:1] {"node":"fd00::202:2:2:2", "cpu_energy_mj":18, "lpm_energy_mj":0, "radio_tx_energy_mj":0, "radio_rx_energy_mj":8, "node_time":1884889, "total_sent":59, "total_received":172, "bytes_tx":60, "bytes_rx":12, "r2n_latency":284, "lqi":100, "rssi":-83, "server_sent":186, "server_received":108, "server_bytes_rx":60, "n2r_latency":71, "hops":0, "rtt_latency":1892, "root_time_now":1884960}
[Mote:12] Not reachable yet
[Mote:7] Not reachable yet
[Mote:16] Not reachable yet
[Mote:8] Not reachable yet
[Mote:18] Not reachable yet
[Mote:5] Sensor IPv6 = fe80::205:5:5:5
[Mote:1] {"node":"fd00::205:5:5:5", "cpu_energy_mj":19, "lpm_energy_mj":0, "radio_tx_energy_mj":0, "radio_rx_energy_mj":8, "node_time":1888918, "total_sent":143, "total_received":185, "bytes_tx":60, "bytes_rx":12, "r2n_latency":74, "lqi":100, "rssi":-89, "server_sent":186, "server_received":286, "server_bytes_rx":60, "n2r_latency":32, "hops":0, "rtt_latency":1577, "root_time_now":1888950}
[Mote:3] Not reachable yet
[Mote:4] Not reachable yet
[Mote:6] Not reachable yet
[Mote:19] Not reachable yet
[Mote:17] Not reachable yet
[Mote:13] Not reachable yet
[Mote:9] Not reachable yet
[Mote:11] Not reachable yet
[Mote:14] Not reachable yet
[Mote:15] Not reachable yet
[Mote:10] Not reachable yet
[Mote:2] Sensor IPv6 = fe80::202:2:2:2
[Mote:1] {"node":"fd00::202:2:2:2", "cpu_energy_mj":18, "lpm_energy_mj":0, "radio_tx_energy_mj":0, "radio_rx_energy_mj":8, "node_time":1895419, "total_sent":60, "total_received":173, "bytes_tx":60, "bytes_rx":12, "r2n_latency":154, "lqi":100, "rssi":-83, "server_sent":187, "server_received":110, "server_bytes_rx":60, "n2r_latency":41, "hops":0, "rtt_latency":2667, "root_time_now":1895460}
[Mote:12] Not reachable yet
[Mote:7] Not reachable yet
[Mote:16] Not reachable yet
[Mote:8] Not reachable yet
[Mote:18] Not reachable yet
[Mote:3] Not reachable yet
[Mote:5] Sensor IPv6 = fe80::205:5:5:5
[Mote:1] {"node":"fd00::205:5:5:5", "cpu_energy_mj":19, "lpm_energy_mj":0, "radio_tx_energy_mj":1, "radio_rx_energy_mj":7, "node_time":1899712, "total_sent":144, "total_received":186, "bytes_tx":60, "bytes_rx":12, "r2n_latency":14, "lqi":100, "rssi":-89, "server_sent":187, "server_received":288, "server_bytes_rx":60, "n2r_latency":18, "hops":0, "rtt_latency":1827, "root_time_now":1899730}
[Mote:4] Not reachable yet
[Mote:17] Not reachable yet
[Mote:6] Not reachable yet
[Mote:13] Not reachable yet
[Mote:19] Not reachable yet
[Mote:11] Not reachable yet
[Mote:9] Not reachable yet
[Mote:15] Not reachable yet
[Mote:14] Not reachable yet
[Mote:10] Not reachable yet
[Mote:2] Sensor IPv6 = fe80::202:2:2:2
[Mote:1] {"node":"fd00::202:2:2:2", "cpu_energy_mj":18, "lpm_energy_mj":0, "radio_tx_energy_mj":0, "radio_rx_energy_mj":8, "node_time":1905950, "total_sent":61, "total_received":174, "bytes_tx":60, "bytes_rx":12, "r2n_latency":164, "lqi":100, "rssi":-83, "server_sent":188, "server_received":112, "server_bytes_rx":60, "n2r_latency":10, "hops":0, "rtt_latency":1202, "root_time_now":1905960}
[Mote:16] Not reachable yet
[Mote:7] Not reachable yet
[Mote:12] Not reachable yet
[Mote:8] Not reachable yet
[Mote:18] Not reachable yet
[Mote:3] Not reachable yet
[Mote:5] Sensor IPv6 = fe80::205:5:5:5
[Mote:4] Not reachable yet
[Mote:17] Not reachable yet
[Mote:13] Not reachable yet
[Mote:6] Not reachable yet
[Mote:19] Not reachable yet
[Mote:11] Not reachable yet
[Mote:1] {"node":"fd00::205:5:5:5", "cpu_energy_mj":19, "lpm_energy_mj":0, "radio_tx_energy_mj":0, "radio_rx_energy_mj":8, "node_time":1910502, "total_sent":145, "total_received":188, "bytes_tx":60, "bytes_rx":12, "r2n_latency":34, "lqi":100, "rssi":-89, "server_sent":189, "server_received":291, "server_bytes_rx":60, "n2r_latency":2808, "hops":0, "rtt_latency":1627, "root_time_now":1913310}
[Mote:9] Not reachable yet
[Mote:10] Not reachable yet
[Mote:15] Not reachable yet
[Mote:14] Not reachable yet
[Mote:16] Not reachable yet
[Mote:2] Sensor IPv6 = fe80::202:2:2:2
[Mote:1] {"node":"fd00::202:2:2:2", "cpu_energy_mj":18, "lpm_energy_mj":0, "radio_tx_energy_mj":0, "radio_rx_energy_mj":8, "node_time":1916481, "total_sent":62, "total_received":175, "bytes_tx":60, "bytes_rx":12, "r2n_latency":174, "lqi":100, "rssi":-83, "server_sent":189, "server_received":114, "server_bytes_rx":60, "n2r_latency":49, "hops":0, "rtt_latency":682, "root_time_now":1916530}
[Mote:7] Not reachable yet
[Mote:12] Not reachable yet
[Mote:8] Not reachable yet
[Mote:3] Not reachable yet
[Mote:18] Not reachable yet
[Mote:4] Not reachable yet
[Mote:5] Sensor IPv6 = fe80::205:5:5:5
[Mote:17] Not reachable yet
[Mote:13] Not reachable yet
[Mote:11] Not reachable yet
[Mote:1] {"node":"fd00::205:5:5:5", "cpu_energy_mj":19, "lpm_energy_mj":0, "radio_tx_energy_mj":0, "radio_rx_energy_mj":8, "node_time":1921294, "total_sent":146, "total_received":189, "bytes_tx":60, "bytes_rx":12, "r2n_latency":44, "lqi":100, "rssi":-89, "server_sent":190, "server_received":293, "server_bytes_rx":60, "n2r_latency":2026, "hops":0, "rtt_latency":1632, "root_time_now":1923320}
[Mote:6] Not reachable yet
[Mote:19] Not reachable yet
[Mote:9] Not reachable yet
[Mote:10] Not reachable yet
[Mote:15] Not reachable yet
[Mote:16] Not reachable yet
[Mote:14] Not reachable yet
[Mote:2] Sensor IPv6 = fe80::202:2:2:2
[Mote:1] {"node":"fd00::202:2:2:2", "cpu_energy_mj":18, "lpm_energy_mj":0, "radio_tx_energy_mj":0, "radio_rx_energy_mj":8, "node_time":1927012, "total_sent":63, "total_received":176, "bytes_tx":60, "bytes_rx":12, "r2n_latency":324, "lqi":100, "rssi":-83, "server_sent":190, "server_received":116, "server_bytes_rx":60, "n2r_latency":158, "hops":0, "rtt_latency":2227, "root_time_now":1927170}
[Mote:7] Not reachable yet
[Mote:12] Not reachable yet
[Mote:8] Not reachable yet
[Mote:3] Not reachable yet
[Mote:18] Not reachable yet
[Mote:4] Not reachable yet
[Mote:17] Not reachable yet
[Mote:13] Not reachable yet
[Mote:5] Sensor IPv6 = fe80::205:5:5:5
[Mote:1] {"node":"fd00::205:5:5:5", "cpu_energy_mj":19, "lpm_energy_mj":0, "radio_tx_energy_mj":1, "radio_rx_energy_mj":7, "node_time":1932086, "total_sent":147, "total_received":190, "bytes_tx":60, "bytes_rx":12, "r2n_latency":684, "lqi":100, "rssi":-89, "server_sent":191, "server_received":295, "server_bytes_rx":60, "n2r_latency":334, "hops":0, "rtt_latency":1182, "root_time_now":1932420}
[Mote:11] Not reachable yet
[Mote:6] Not reachable yet
[Mote:19] Not reachable yet
[Mote:9] Not reachable yet
[Mote:10] Not reachable yet
[Mote:16] Not reachable yet
[Mote:15] Not reachable yet
[Mote:14] Not reachable yet
[Mote:2] Sensor IPv6 = fe80::202:2:2:2
[Mote:1] {"node":"fd00::202:2:2:2", "cpu_energy_mj":18, "lpm_energy_mj":0, "radio_tx_energy_mj":0, "radio_rx_energy_mj":8, "node_time":1937545, "total_sent":64, "total_received":177, "bytes_tx":60, "bytes_rx":12, "r2n_latency":124, "lqi":100, "rssi":-83, "server_sent":191, "server_received":118, "server_bytes_rx":60, "n2r_latency":55, "hops":0, "rtt_latency":1812, "root_time_now":1937600}
[Mote:7] Not reachable yet
[Mote:8] Not reachable yet
[Mote:12] Not reachable yet
[Mote:3] Not reachable yet
[Mote:18] Not reachable yet
[Mote:13] Not reachable yet
[Mote:17] Not reachable yet
[Mote:4] Not reachable yet
[Mote:5] Sensor IPv6 = fe80::205:5:5:5
[Mote:1] {"node":"fd00::205:5:5:5", "cpu_energy_mj":19, "lpm_energy_mj":0, "radio_tx_energy_mj":0, "radio_rx_energy_mj":8, "node_time":1942878, "total_sent":148, "total_received":191, "bytes_tx":60, "bytes_rx":12, "r2n_latency":64, "lqi":100, "rssi":-89, "server_sent":192, "server_received":297, "server_bytes_rx":60, "n2r_latency":42, "hops":0, "rtt_latency":1257, "root_time_now":1942920}
[Mote:11] Not reachable yet
[Mote:6] Not reachable yet
[Mote:9] Not reachable yet
[Mote:19] Not reachable yet
[Mote:10] Not reachable yet
[Mote:16] Not reachable yet
[Mote:15] Not reachable yet
[Mote:2] Sensor IPv6 = fe80::202:2:2:2
[Mote:1] {"node":"fd00::202:2:2:2", "cpu_energy_mj":18, "lpm_energy_mj":0, "radio_tx_energy_mj":0, "radio_rx_energy_mj":8, "node_time":1948074, "total_sent":65, "total_received":178, "bytes_tx":60, "bytes_rx":12, "r2n_latency":204, "lqi":100, "rssi":-83, "server_sent":192, "server_received":120, "server_bytes_rx":60, "n2r_latency":26, "hops":0, "rtt_latency":2132, "root_time_now":1948100}
[Mote:14] Not reachable yet
[Mote:7] Not reachable yet
[Mote:8] Not reachable yet
[Mote:12] Not reachable yet
[Mote:3] Not reachable yet
[Mote:18] Not reachable yet
[Mote:13] Not reachable yet
[Mote:17] Not reachable yet
[Mote:4] Not reachable yet
[Mote:11] Not reachable yet
[Mote:5] Sensor IPv6 = fe80::205:5:5:5
[Mote:1] {"node":"fd00::205:5:5:5", "cpu_energy_mj":19, "lpm_energy_mj":0, "radio_tx_energy_mj":0, "radio_rx_energy_mj":8, "node_time":1953670, "total_sent":149, "total_received":192, "bytes_tx":60, "bytes_rx":12, "r2n_latency":74, "lqi":100, "rssi":-89, "server_sent":193, "server_received":299, "server_bytes_rx":60, "n2r_latency":1360, "hops":0, "rtt_latency":2487, "root_time_now":1955030}
[Mote:9] Not reachable yet
[Mote:10] Not reachable yet
[Mote:6] Not reachable yet
[Mote:19] Not reachable yet
[Mote:16] Not reachable yet
[Mote:15] Not reachable yet
[Mote:2] Sensor IPv6 = fe80::202:2:2:2
[Mote:1] {"node":"fd00::202:2:2:2", "cpu_energy_mj":18, "lpm_energy_mj":0, "radio_tx_energy_mj":0, "radio_rx_energy_mj":8, "node_time":1958607, "total_sent":66, "total_received":179, "bytes_tx":60, "bytes_rx":12, "r2n_latency":214, "lqi":100, "rssi":-83, "server_sent":193, "server_received":122, "server_bytes_rx":60, "n2r_latency":63, "hops":0, "rtt_latency":807, "root_time_now":1958670}
[Mote:14] Not reachable yet
[Mote:7] Not reachable yet
[Mote:8] Not reachable yet
[Mote:3] Not reachable yet
[Mote:12] Not reachable yet
[Mote:18] Not reachable yet
[Mote:13] Not reachable yet
[Mote:17] Not reachable yet
[Mote:4] Not reachable yet
[Mote:11] Not reachable yet
[Mote:5] Sensor IPv6 = fe80::205:5:5:5
[Mote:1] {"node":"fd00::205:5:5:5", "cpu_energy_mj":19, "lpm_energy_mj":0, "radio_tx_energy_mj":1, "radio_rx_energy_mj":8, "node_time":1964461, "total_sent":150, "total_received":193, "bytes_tx":60, "bytes_rx":12, "r2n_latency":13, "lqi":100, "rssi":-89, "server_sent":194, "server_received":301, "server_bytes_rx":60, "n2r_latency":89, "hops":0, "rtt_latency":2246, "root_time_now":1964550}
[Mote:10] Not reachable yet
[Mote:9] Not reachable yet
[Mote:16] Not reachable yet
[Mote:6] Not reachable yet
[Mote:19] Not reachable yet
[Mote:15] Not reachable yet
[Mote:2] Sensor IPv6 = fe80::202:2:2:2
[Mote:1] {"node":"fd00::202:2:2:2", "cpu_energy_mj":18, "lpm_energy_mj":0, "radio_tx_energy_mj":0, "radio_rx_energy_mj":8, "node_time":1969138, "total_sent":67, "total_received":180, "bytes_tx":60, "bytes_rx":12, "r2n_latency":223, "lqi":100, "rssi":-83, "server_sent":194, "server_received":124, "server_bytes_rx":60, "n2r_latency":32, "hops":0, "rtt_latency":1441, "root_time_now":1969170}
[Mote:7] Not reachable yet
[Mote:14] Not reachable yet
[Mote:8] Not reachable yet
[Mote:3] Not reachable yet
[Mote:12] Not reachable yet
[Mote:13] Not reachable yet
[Mote:18] Not reachable yet
[Mote:17] Not reachable yet
[Mote:11] Not reachable yet
[Mote:4] Not reachable yet
[Mote:5] Sensor IPv6 = fe80::205:5:5:5
[Mote:1] {"node":"fd00::205:5:5:5", "cpu_energy_mj":19, "lpm_energy_mj":0, "radio_tx_energy_mj":0, "radio_rx_energy_mj":8, "node_time":1975253, "total_sent":151, "total_received":194, "bytes_tx":60, "bytes_rx":12, "r2n_latency":24, "lqi":100, "rssi":-89, "server_sent":195, "server_received":303, "server_bytes_rx":60, "n2r_latency":7, "hops":0, "rtt_latency":1622, "root_time_now":1975260}
[Mote:10] Not reachable yet
[Mote:16] Not reachable yet
[Mote:9] Not reachable yet
[Mote:6] Sensor IPv6 = fe80::206:6:6:6
[Mote:1] {"node":"fd00::206:6:6:6", "cpu_energy_mj":354, "lpm_energy_mj":0, "radio_tx_energy_mj":12, "radio_rx_energy_mj":247, "node_time":1978004, "total_sent":161, "total_received":193, "bytes_tx":60, "bytes_rx":12, "r2n_latency":444, "lqi":100, "rssi":-90, "server_sent":193, "server_received":335, "server_bytes_rx":60, "n2r_latency":56, "hops":0, "rtt_latency":607, "root_time_now":1978060}
[Mote:19] Not reachable yet
[Mote:15] Not reachable yet
[Mote:2] Sensor IPv6 = fe80::202:2:2:2
[Mote:1] {"node":"fd00::202:2:2:2", "cpu_energy_mj":18, "lpm_energy_mj":0, "radio_tx_energy_mj":0, "radio_rx_energy_mj":8, "node_time":1979671, "total_sent":68, "total_received":181, "bytes_tx":60, "bytes_rx":12, "r2n_latency":164, "lqi":100, "rssi":-83, "server_sent":195, "server_received":126, "server_bytes_rx":60, "n2r_latency":69, "hops":0, "rtt_latency":1517, "root_time_now":1979740}
[Mote:7] Not reachable yet
[Mote:14] Not reachable yet
[Mote:8] Not reachable yet
[Mote:3] Not reachable yet
[Mote:13] Not reachable yet
[Mote:12] Not reachable yet
[Mote:17] Not reachable yet
[Mote:18] Not reachable yet
[Mote:11] Not reachable yet
[Mote:4] Not reachable yet
[Mote:5] Sensor IPv6 = fe80::205:5:5:5
[Mote:1] {"node":"fd00::205:5:5:5", "cpu_energy_mj":19, "lpm_energy_mj":0, "radio_tx_energy_mj":0, "radio_rx_energy_mj":8, "node_time":1986045, "total_sent":152, "total_received":195, "bytes_tx":60, "bytes_rx":12, "r2n_latency":34, "lqi":100, "rssi":-89, "server_sent":196, "server_received":305, "server_bytes_rx":60, "n2r_latency":135, "hops":0, "rtt_latency":402, "root_time_now":1986180}
[Mote:16] Not reachable yet
[Mote:10] Not reachable yet
[Mote:9] Not reachable yet
[Mote:6] Sensor IPv6 = fe80::206:6:6:6
[Mote:1] {"node":"fd00::206:6:6:6", "cpu_energy_mj":19, "lpm_energy_mj":0, "radio_tx_energy_mj":0, "radio_rx_energy_mj":8, "node_time":1988930, "total_sent":162, "total_received":194, "bytes_tx":60, "bytes_rx":12, "r2n_latency":1224, "lqi":100, "rssi":-90, "server_sent":194, "server_received":337, "server_bytes_rx":60, "n2r_latency":50, "hops":0, "rtt_latency":1067, "root_time_now":1988980}
[Mote:19] Not reachable yet
[Mote:15] Not reachable yet
[Mote:2] Sensor IPv6 = fe80::202:2:2:2
[Mote:7] Not reachable yet
[Mote:14] Not reachable yet
[Mote:8] Not reachable yet
[Mote:3] Not reachable yet
[Mote:13] Not reachable yet
[Mote:17] Not reachable yet
[Mote:12] Not reachable yet
[Mote:18] Not reachable yet
[Mote:11] Not reachable yet
[Mote:1] {"node":"fd00::202:2:2:2", "cpu_energy_mj":18, "lpm_energy_mj":0, "radio_tx_energy_mj":0, "radio_rx_energy_mj":8, "node_time":1990198, "total_sent":69, "total_received":183, "bytes_tx":60, "bytes_rx":12, "r2n_latency":184, "lqi":100, "rssi":-83, "server_sent":197, "server_received":129, "server_bytes_rx":60, "n2r_latency":4312, "hops":0, "rtt_latency":967, "root_time_now":1994510}
[Mote:4] Not reachable yet
[Mote:16] Not reachable yet
[Mote:10] Not reachable yet
[Mote:5] Sensor IPv6 = fe80::205:5:5:5
[Mote:1] {"node":"fd00::205:5:5:5", "cpu_energy_mj":19, "lpm_energy_mj":0, "radio_tx_energy_mj":1, "radio_rx_energy_mj":8, "node_time":1996837, "total_sent":153, "total_received":196, "bytes_tx":60, "bytes_rx":12, "r2n_latency":44, "lqi":100, "rssi":-89, "server_sent":197, "server_received":307, "server_bytes_rx":60, "n2r_latency":53, "hops":0, "rtt_latency":1037, "root_time_now":1996890}
[Mote:9] Not reachable yet
[Mote:15] Not reachable yet
[Mote:6] Sensor IPv6 = fe80::206:6:6:6
[Mote:1] {"node":"fd00::206:6:6:6", "cpu_energy_mj":19, "lpm_energy_mj":0, "radio_tx_energy_mj":0, "radio_rx_energy_mj":8, "node_time":1999860, "total_sent":163, "total_received":195, "bytes_tx":60, "bytes_rx":12, "r2n_latency":464, "lqi":100, "rssi":-90, "server_sent":195, "server_received":339, "server_bytes_rx":60, "n2r_latency":40, "hops":0, "rtt_latency":827, "root_time_now":1999900}
[Mote:19] Not reachable yet
[Mote:2] Sensor IPv6 = fe80::202:2:2:2
[Mote:7] Not reachable yet
[Mote:8] Not reachable yet
[Mote:14] Sensor IPv6 = fe80::20e:e:e:e
[Mote:3] Not reachable yet
[Mote:1] {"node":"fd00::202:2:2:2", "cpu_energy_mj":18, "lpm_energy_mj":0, "radio_tx_energy_mj":0, "radio_rx_energy_mj":8, "node_time":2000729, "total_sent":70, "total_received":183, "bytes_tx":60, "bytes_rx":12, "r2n_latency":184, "lqi":100, "rssi":-83, "server_sent":198, "server_received":130, "server_bytes_rx":60, "n2r_latency":1411, "hops":0, "rtt_latency":967, "root_time_now":2002140}
[Mote:1] {"node":"fd00::20e:e:e:e", "cpu_energy_mj":368, "lpm_energy_mj":0, "radio_tx_energy_mj":2, "radio_rx_energy_mj":677, "node_time":2001973, "total_sent":33, "total_received":135, "bytes_tx":60, "bytes_rx":12, "r2n_latency":1864, "lqi":100, "rssi":-83, "server_sent":193, "server_received":50, "server_bytes_rx":60, "n2r_latency":377, "hops":1, "rtt_latency":1632, "root_time_now":2002350}
[Mote:13] Not reachable yet
[Mote:17] Not reachable yet
[Mote:11] Not reachable yet
[Mote:12] Not reachable yet
[Mote:18] Not reachable yet
[Mote:4] Not reachable yet
[Mote:16] Not reachable yet
[Mote:10] Not reachable yet
[Mote:5] Sensor IPv6 = fe80::205:5:5:5
[Mote:1] {"node":"fd00::205:5:5:5", "cpu_energy_mj":19, "lpm_energy_mj":0, "radio_tx_energy_mj":0, "radio_rx_energy_mj":8, "node_time":2007632, "total_sent":154, "total_received":197, "bytes_tx":60, "bytes_rx":12, "r2n_latency":54, "lqi":100, "rssi":-89, "server_sent":198, "server_received":309, "server_bytes_rx":60, "n2r_latency":38, "hops":0, "rtt_latency":1672, "root_time_now":2007670}
[Mote:9] Not reachable yet
[Mote:15] Not reachable yet
[Mote:6] Sensor IPv6 = fe80::206:6:6:6
[Mote:19] Not reachable yet
[Mote:2] Sensor IPv6 = fe80::202:2:2:2
[Mote:7] Not reachable yet
[Mote:1] {"node":"fd00::206:6:6:6", "cpu_energy_mj":19, "lpm_energy_mj":0, "radio_tx_energy_mj":0, "radio_rx_energy_mj":8, "node_time":2010791, "total_sent":164, "total_received":196, "bytes_tx":60, "bytes_rx":12, "r2n_latency":544, "lqi":100, "rssi":-90, "server_sent":197, "server_received":341, "server_bytes_rx":60, "n2r_latency":939, "hops":0, "rtt_latency":622, "root_time_now":2011730}
[Mote:3] Not reachable yet
[Mote:8] Not reachable yet
[Mote:14] Sensor IPv6 = fe80::20e:e:e:e
[Mote:13] Not reachable yet
[Mote:1] {"node":"fd00::20e:e:e:e", "cpu_energy_mj":19, "lpm_energy_mj":0, "radio_tx_energy_mj":0, "radio_rx_energy_mj":8, "node_time":2012734, "total_sent":34, "total_received":137, "bytes_tx":60, "bytes_rx":12, "r2n_latency":2094, "lqi":100, "rssi":-83, "server_sent":194, "server_received":53, "server_bytes_rx":60, "n2r_latency":326, "hops":1, "rtt_latency":1222, "root_time_now":2013060}
[Mote:17] Not reachable yet
[Mote:11] Not reachable yet
[Mote:18] Not reachable yet
[Mote:12] Not reachable yet
[Mote:1] {"node":"fd00::202:2:2:2", "cpu_energy_mj":18, "lpm_energy_mj":0, "radio_tx_energy_mj":0, "radio_rx_energy_mj":8, "node_time":2011260, "total_sent":71, "total_received":185, "bytes_tx":60, "bytes_rx":12, "r2n_latency":134, "lqi":100, "rssi":-83, "server_sent":199, "server_received":133, "server_bytes_rx":60, "n2r_latency":4670, "hops":0, "rtt_latency":2937, "root_time_now":2015930}
[Mote:4] Not reachable yet
[Mote:16] Not reachable yet
[Mote:10] Not reachable yet
[Mote:5] Sensor IPv6 = fe80::205:5:5:5
[Mote:1] {"node":"fd00::205:5:5:5", "cpu_energy_mj":19, "lpm_energy_mj":0, "radio_tx_energy_mj":0, "radio_rx_energy_mj":8, "node_time":2018421, "total_sent":155, "total_received":198, "bytes_tx":60, "bytes_rx":12, "r2n_latency":204, "lqi":100, "rssi":-89, "server_sent":199, "server_received":311, "server_bytes_rx":60, "n2r_latency":29, "hops":0, "rtt_latency":242, "root_time_now":2018450}
[Mote:9] Not reachable yet
[Mote:15] Not reachable yet
[Mote:6] Sensor IPv6 = fe80::206:6:6:6
[Mote:2] Sensor IPv6 = fe80::202:2:2:2
[Mote:7] Not reachable yet
[Mote:19] Not reachable yet
[Mote:3] Not reachable yet
[Mote:8] Not reachable yet
[Mote:13] Not reachable yet
[Mote:1] {"node":"fd00::206:6:6:6", "cpu_energy_mj":19, "lpm_energy_mj":0, "radio_tx_energy_mj":1, "radio_rx_energy_mj":8, "node_time":2021718, "total_sent":165, "total_received":198, "bytes_tx":60, "bytes_rx":12, "r2n_latency":424, "lqi":100, "rssi":-90, "server_sent":198, "server_received":344, "server_bytes_rx":60, "n2r_latency":1422, "hops":0, "rtt_latency":1542, "root_time_now":2023140}
[Mote:14] Sensor IPv6 = fe80::20e:e:e:e
[Mote:1] {"node":"fd00::20e:e:e:e", "cpu_energy_mj":19, "lpm_energy_mj":0, "radio_tx_energy_mj":0, "radio_rx_energy_mj":8, "node_time":2023497, "total_sent":35, "total_received":138, "bytes_tx":60, "bytes_rx":12, "r2n_latency":1334, "lqi":100, "rssi":-83, "server_sent":195, "server_received":55, "server_bytes_rx":60, "n2r_latency":273, "hops":1, "rtt_latency":1612, "root_time_now":2023770}
[Mote:17] Not reachable yet
[Mote:1] {"node":"fd00::202:2:2:2", "cpu_energy_mj":18, "lpm_energy_mj":0, "radio_tx_energy_mj":0, "radio_rx_energy_mj":8, "node_time":2021791, "total_sent":72, "total_received":186, "bytes_tx":60, "bytes_rx":12, "r2n_latency":214, "lqi":100, "rssi":-83, "server_sent":200, "server_received":135, "server_bytes_rx":60, "n2r_latency":2189, "hops":0, "rtt_latency":1647, "root_time_now":2023980}
[Mote:11] Not reachable yet
[Mote:18] Not reachable yet
[Mote:12] Not reachable yet
[Mote:4] Not reachable yet
[Mote:16] Not reachable yet
[Mote:10] Not reachable yet
[Mote:5] Sensor IPv6 = fe80::205:5:5:5
[Mote:1] {"node":"fd00::205:5:5:5", "cpu_energy_mj":19, "lpm_energy_mj":0, "radio_tx_energy_mj":0, "radio_rx_energy_mj":8, "node_time":2029214, "total_sent":156, "total_received":199, "bytes_tx":60, "bytes_rx":12, "r2n_latency":74, "lqi":100, "rssi":-89, "server_sent":200, "server_received":313, "server_bytes_rx":60, "n2r_latency":86, "hops":0, "rtt_latency":1402, "root_time_now":2029300}
[Mote:9] Not reachable yet
[Mote:15] Not reachable yet
[Mote:2] Sensor IPv6 = fe80::202:2:2:2
[Mote:7] Not reachable yet
[Mote:1] {"node":"fd00::202:2:2:2", "cpu_energy_mj":18, "lpm_energy_mj":0, "radio_tx_energy_mj":0, "radio_rx_energy_mj":8, "node_time":2032321, "total_sent":73, "total_received":186, "bytes_tx":60, "bytes_rx":12, "r2n_latency":214, "lqi":100, "rssi":-83, "server_sent":201, "server_received":136, "server_bytes_rx":60, "n2r_latency":199, "hops":0, "rtt_latency":1647, "root_time_now":2032520}
[Mote:6] Sensor IPv6 = fe80::206:6:6:6
[Mote:3] Not reachable yet
[Mote:19] Not reachable yet
[Mote:13] Not reachable yet
[Mote:8] Not reachable yet
[Mote:17] Not reachable yet
[Mote:14] Sensor IPv6 = fe80::20e:e:e:e
[Mote:11] Not reachable yet
[Mote:18] Not reachable yet
[Mote:16] Not reachable yet
[Mote:12] Not reachable yet
[Mote:4] Not reachable yet
[Mote:1] {"node":"fd00::206:6:6:6", "cpu_energy_mj":19, "lpm_energy_mj":0, "radio_tx_energy_mj":2, "radio_rx_energy_mj":6, "node_time":2032647, "total_sent":166, "total_received":199, "bytes_tx":60, "bytes_rx":12, "r2n_latency":1064, "lqi":100, "rssi":-90, "server_sent":199, "server_received":346, "server_bytes_rx":60, "n2r_latency":4633, "hops":0, "rtt_latency":2667, "root_time_now":2037280}
[Mote:10] Sensor IPv6 = fe80::20a:a:a:a
[Mote:1] {"node":"fd00::20e:e:e:e", "cpu_energy_mj":19, "lpm_energy_mj":0, "radio_tx_energy_mj":0, "radio_rx_energy_mj":8, "node_time":2034260, "total_sent":36, "total_received":139, "bytes_tx":60, "bytes_rx":12, "r2n_latency":2394, "lqi":100, "rssi":-83, "server_sent":196, "server_received":57, "server_bytes_rx":60, "n2r_latency":3580, "hops":1, "rtt_latency":3892, "root_time_now":2037840}
[Mote:5] Sensor IPv6 = fe80::205:5:5:5
[Mote:9] Not reachable yet
[Mote:15] Not reachable yet
[Mote:1] {"node":"fd00::205:5:5:5", "cpu_energy_mj":19, "lpm_energy_mj":0, "radio_tx_energy_mj":1, "radio_rx_energy_mj":7, "node_time":2040006, "total_sent":157, "total_received":200, "bytes_tx":60, "bytes_rx":12, "r2n_latency":14, "lqi":100, "rssi":-89, "server_sent":202, "server_received":315, "server_bytes_rx":60, "n2r_latency":2174, "hops":0, "rtt_latency":2562, "root_time_now":2042180}
[Mote:7] Not reachable yet
[Mote:2] Sensor IPv6 = fe80::202:2:2:2
[Mote:3] Not reachable yet
[Mote:13] Not reachable yet
[Mote:6] Sensor IPv6 = fe80::206:6:6:6
[Mote:1] {"node":"fd00::206:6:6:6", "cpu_energy_mj":19, "lpm_energy_mj":0, "radio_tx_energy_mj":1, "radio_rx_energy_mj":7, "node_time":2043576, "total_sent":167, "total_received":200, "bytes_tx":60, "bytes_rx":12, "r2n_latency":444, "lqi":100, "rssi":-90, "server_sent":200, "server_received":348, "server_bytes_rx":60, "n2r_latency":74, "hops":0, "rtt_latency":992, "root_time_now":2043650}
[Mote:19] Not reachable yet
[Mote:8] Not reachable yet
[Mote:17] Not reachable yet
[Mote:11] Not reachable yet
[Mote:14] Sensor IPv6 = fe80::20e:e:e:e
[Mote:18] Not reachable yet
[Mote:16] Not reachable yet
[Mote:12] Not reachable yet
[Mote:10] Sensor IPv6 = fe80::20a:a:a:a
[Mote:4] Not reachable yet
[Mote:1] {"node":"fd00::202:2:2:2", "cpu_energy_mj":18, "lpm_energy_mj":0, "radio_tx_energy_mj":0, "radio_rx_energy_mj":8, "node_time":2042853, "total_sent":74, "total_received":187, "bytes_tx":60, "bytes_rx":12, "r2n_latency":164, "lqi":100, "rssi":-83, "server_sent":202, "server_received":137, "server_bytes_rx":60, "n2r_latency":5067, "hops":0, "rtt_latency":1647, "root_time_now":2047920}
[Mote:1] {"node":"fd00::20a:a:a:a", "cpu_energy_mj":2732, "lpm_energy_mj":0, "radio_tx_energy_mj":4, "radio_rx_energy_mj":6176, "node_time":2037559, "total_sent":44, "total_received":144, "bytes_tx":60, "bytes_rx":12, "r2n_latency":3234, "lqi":100, "rssi":-38, "server_sent":195, "server_received":90, "server_bytes_rx":60, "n2r_latency":10571, "hops":2, "rtt_latency":8897, "root_time_now":2048130}
[Mote:1] {"node":"fd00::20e:e:e:e", "cpu_energy_mj":19, "lpm_energy_mj":0, "radio_tx_energy_mj":0, "radio_rx_energy_mj":8, "node_time":2045022, "total_sent":37, "total_received":140, "bytes_tx":60, "bytes_rx":12, "r2n_latency":1144, "lqi":100, "rssi":-92, "server_sent":197, "server_received":59, "server_bytes_rx":60, "n2r_latency":4298, "hops":1, "rtt_latency":4527, "root_time_now":2049320}
[Mote:5] Sensor IPv6 = fe80::205:5:5:5
[Mote:9] Not reachable yet
[Mote:15] Not reachable yet
[Mote:7] Not reachable yet
[Mote:3] Not reachable yet
[Mote:2] Not reachable yet
[Mote:13] Not reachable yet
[Mote:1] {"node":"fd00::205:5:5:5", "cpu_energy_mj":19, "lpm_energy_mj":0, "radio_tx_energy_mj":1, "radio_rx_energy_mj":8, "node_time":2050798, "total_sent":158, "total_received":202, "bytes_tx":60, "bytes_rx":12, "r2n_latency":34, "lqi":100, "rssi":-89, "server_sent":203, "server_received":318, "server_bytes_rx":60, "n2r_latency":3142, "hops":0, "rtt_latency":1942, "root_time_now":2053940}
[Mote:8] Not reachable yet
[Mote:6] Sensor IPv6 = fe80::206:6:6:6
[Mote:1] {"node":"fd00::206:6:6:6", "cpu_energy_mj":19, "lpm_energy_mj":0, "radio_tx_energy_mj":1, "radio_rx_energy_mj":8, "node_time":2054505, "total_sent":168, "total_received":201, "bytes_tx":60, "bytes_rx":12, "r2n_latency":384, "lqi":100, "rssi":-90, "server_sent":201, "server_received":350, "server_bytes_rx":60, "n2r_latency":65, "hops":0, "rtt_latency":2152, "root_time_now":2054570}
[Mote:17] Not reachable yet
[Mote:11] Not reachable yet
[Mote:19] Not reachable yet
[Mote:14] Sensor IPv6 = fe80::20e:e:e:e
[Mote:16] Not reachable yet
[Mote:18] Not reachable yet
[Mote:10] Sensor IPv6 = fe80::20a:a:a:a
[Mote:4] Not reachable yet
[Mote:12] Not reachable yet
[Mote:5] Sensor IPv6 = fe80::205:5:5:5
[Mote:9] Not reachable yet
[Mote:15] Not reachable yet
[Mote:1] {"node":"fd00::205:5:5:5", "cpu_energy_mj":19, "lpm_energy_mj":0, "radio_tx_energy_mj":1, "radio_rx_energy_mj":8, "node_time":2061590, "total_sent":159, "total_received":203, "bytes_tx":60, "bytes_rx":12, "r2n_latency":44, "lqi":100, "rssi":-89, "server_sent":204, "server_received":320, "server_bytes_rx":60, "n2r_latency":1870, "hops":0, "rtt_latency":1702, "root_time_now":2063460}
[Mote:13] Not reachable yet
[Mote:3] Not reachable yet
[Mote:7] Not reachable yet
[Mote:2] Not reachable yet
[Mote:8] Not reachable yet
[Mote:17] Not reachable yet
[Mote:11] Not reachable yet
[Mote:6] Sensor IPv6 = fe80::206:6:6:6
[Mote:1] {"node":"fd00::206:6:6:6", "cpu_energy_mj":19, "lpm_energy_mj":0, "radio_tx_energy_mj":0, "radio_rx_energy_mj":8, "node_time":2065436, "total_sent":169, "total_received":202, "bytes_tx":60, "bytes_rx":12, "r2n_latency":184, "lqi":100, "rssi":-90, "server_sent":202, "server_received":352, "server_bytes_rx":60, "n2r_latency":194, "hops":0, "rtt_latency":477, "root_time_now":2065630}
[Mote:19] Not reachable yet
[Mote:14] Not reachable yet
[Mote:16] Not reachable yet
[Mote:18] Not reachable yet
[Mote:10] Not reachable yet
[Mote:4] Not reachable yet
[Mote:12] Not reachable yet
[Mote:9] Not reachable yet
[Mote:5] Sensor IPv6 = fe80::205:5:5:5
[Mote:1] {"node":"fd00::205:5:5:5", "cpu_energy_mj":19, "lpm_energy_mj":0, "radio_tx_energy_mj":0, "radio_rx_energy_mj":8, "node_time":2072382, "total_sent":160, "total_received":204, "bytes_tx":60, "bytes_rx":12, "r2n_latency":54, "lqi":100, "rssi":-89, "server_sent":205, "server_received":322, "server_bytes_rx":60, "n2r_latency":598, "hops":0, "rtt_latency":1147, "root_time_now":2072980}
[Mote:15] Not reachable yet
[Mote:13] Not reachable yet
[Mote:3] Not reachable yet
[Mote:7] Not reachable yet
[Mote:2] Not reachable yet
[Mote:11] Not reachable yet
[Mote:17] Not reachable yet
[Mote:8] Not reachable yet
[Mote:6] Sensor IPv6 = fe80::206:6:6:6
[Mote:1] {"node":"fd00::206:6:6:6", "cpu_energy_mj":19, "lpm_energy_mj":0, "radio_tx_energy_mj":1, "radio_rx_energy_mj":8, "node_time":2076362, "total_sent":170, "total_received":203, "bytes_tx":60, "bytes_rx":12, "r2n_latency":404, "lqi":100, "rssi":-90, "server_sent":203, "server_received":354, "server_bytes_rx":60, "n2r_latency":48, "hops":0, "rtt_latency":447, "root_time_now":2076410}
[Mote:19] Not reachable yet
[Mote:16] Not reachable yet
[Mote:14] Not reachable yet
[Mote:18] Not reachable yet
[Mote:10] Not reachable yet
[Mote:4] Not reachable yet
[Mote:12] Not reachable yet
[Mote:9] Not reachable yet
[Mote:5] Sensor IPv6 = fe80::205:5:5:5
[Mote:1] {"node":"fd00::205:5:5:5", "cpu_energy_mj":19, "lpm_energy_mj":0, "radio_tx_energy_mj":0, "radio_rx_energy_mj":8, "node_time":2083174, "total_sent":161, "total_received":205, "bytes_tx":60, "bytes_rx":12, "r2n_latency":64, "lqi":100, "rssi":-89, "server_sent":206, "server_received":324, "server_bytes_rx":60, "n2r_latency":26, "hops":0, "rtt_latency":347, "root_time_now":2083200}
[Mote:13] Not reachable yet
[Mote:15] Not reachable yet
[Mote:3] Not reachable yet
[Mote:7] Sensor IPv6 = fe80::207:7:7:7
[Mote:2] Not reachable yet
[Mote:11] Not reachable yet
[Mote:17] Not reachable yet
[Mote:1] {"node":"fd00::207:7:7:7", "cpu_energy_mj":546, "lpm_energy_mj":0, "radio_tx_energy_mj":6, "radio_rx_energy_mj":2102, "node_time":2084729, "total_sent":147, "total_received":195, "bytes_tx":60, "bytes_rx":12, "r2n_latency":2234, "lqi":100, "rssi":-91, "server_sent":200, "server_received":293, "server_bytes_rx":60, "n2r_latency":1061, "hops":1, "rtt_latency":2762, "root_time_now":2085790}
[Mote:8] Not reachable yet
[Mote:16] Not reachable yet
[Mote:6] Sensor IPv6 = fe80::206:6:6:6
[Mote:1] {"node":"fd00::206:6:6:6", "cpu_energy_mj":19, "lpm_energy_mj":0, "radio_tx_energy_mj":1, "radio_rx_energy_mj":8, "node_time":2087290, "total_sent":171, "total_received":204, "bytes_tx":60, "bytes_rx":12, "r2n_latency":344, "lqi":100, "rssi":-90, "server_sent":204, "server_received":356, "server_bytes_rx":60, "n2r_latency":40, "hops":0, "rtt_latency":2062, "root_time_now":2087330}
[Mote:19] Not reachable yet
[Mote:14] Not reachable yet
[Mote:10] Not reachable yet
[Mote:18] Not reachable yet
[Mote:4] Not reachable yet
[Mote:12] Not reachable yet
[Mote:9] Not reachable yet
[Mote:13] Not reachable yet
[Mote:5] Sensor IPv6 = fe80::205:5:5:5
[Mote:1] {"node":"fd00::205:5:5:5", "cpu_energy_mj":19, "lpm_energy_mj":0, "radio_tx_energy_mj":0, "radio_rx_energy_mj":8, "node_time":2093966, "total_sent":162, "total_received":206, "bytes_tx":60, "bytes_rx":12, "r2n_latency":74, "lqi":100, "rssi":-89, "server_sent":207, "server_received":326, "server_bytes_rx":60, "n2r_latency":14, "hops":0, "rtt_latency":1752, "root_time_now":2093980}
[Mote:3] Not reachable yet
[Mote:15] Not reachable yet
[Mote:7] Sensor IPv6 = fe80::207:7:7:7
[Mote:11] Not reachable yet
[Mote:2] Not reachable yet
[Mote:17] Not reachable yet
[Mote:1] {"node":"fd00::207:7:7:7", "cpu_energy_mj":18, "lpm_energy_mj":0, "radio_tx_energy_mj":0, "radio_rx_energy_mj":8, "node_time":2095205, "total_sent":148, "total_received":196, "bytes_tx":60, "bytes_rx":12, "r2n_latency":1474, "lqi":100, "rssi":-91, "server_sent":201, "server_received":295, "server_bytes_rx":60, "n2r_latency":385, "hops":1, "rtt_latency":2137, "root_time_now":2095590}
[Mote:8] Not reachable yet
[Mote:16] Not reachable yet
[Mote:6] Sensor IPv6 = fe80::206:6:6:6
[Mote:1] {"node":"fd00::206:6:6:6", "cpu_energy_mj":19, "lpm_energy_mj":0, "radio_tx_energy_mj":0, "radio_rx_energy_mj":8, "node_time":2098219, "total_sent":172, "total_received":205, "bytes_tx":60, "bytes_rx":12, "r2n_latency":634, "lqi":100, "rssi":-90, "server_sent":205, "server_received":358, "server_bytes_rx":60, "n2r_latency":31, "hops":0, "rtt_latency":2102, "root_time_now":2098250}
[Mote:19] Not reachable yet
[Mote:10] Not reachable yet
[Mote:14] Not reachable yet
[Mote:18] Not reachable yet
[Mote:4] Not reachable yet
[Mote:12] Not reachable yet
[Mote:9] Not reachable yet
[Mote:13] Not reachable yet
[Mote:3] Not reachable yet
[Mote:5] Sensor IPv6 = fe80::205:5:5:5
[Mote:1] {"node":"fd00::205:5:5:5", "cpu_energy_mj":19, "lpm_energy_mj":0, "radio_tx_energy_mj":1, "radio_rx_energy_mj":8, "node_time":2104758, "total_sent":163, "total_received":207, "bytes_tx":60, "bytes_rx":12, "r2n_latency":14, "lqi":100, "rssi":-89, "server_sent":208, "server_received":328, "server_bytes_rx":60, "n2r_latency":72, "hops":0, "rtt_latency":252, "root_time_now":2104830}
[Mote:15] Not reachable yet
[Mote:11] Not reachable yet
[Mote:7] Sensor IPv6 = fe80::207:7:7:7
[Mote:17] Not reachable yet
[Mote:1] {"node":"fd00::207:7:7:7", "cpu_energy_mj":18, "lpm_energy_mj":0, "radio_tx_energy_mj":0, "radio_rx_energy_mj":8, "node_time":2105681, "total_sent":149, "total_received":197, "bytes_tx":60, "bytes_rx":12, "r2n_latency":1484, "lqi":100, "rssi":-91, "server_sent":202, "server_received":297, "server_bytes_rx":60, "n2r_latency":129, "hops":1, "rtt_latency":1827, "root_time_now":2105810}
[Mote:2] Not reachable yet
[Mote:8] Not reachable yet
[Mote:16] Not reachable yet
[Mote:10] Not reachable yet
[Mote:6] Sensor IPv6 = fe80::206:6:6:6
[Mote:1] {"node":"fd00::206:6:6:6", "cpu_energy_mj":19, "lpm_energy_mj":0, "radio_tx_energy_mj":0, "radio_rx_energy_mj":8, "node_time":2109152, "total_sent":173, "total_received":206, "bytes_tx":60, "bytes_rx":12, "r2n_latency":294, "lqi":100, "rssi":-90, "server_sent":206, "server_received":360, "server_bytes_rx":60, "n2r_latency":18, "hops":0, "rtt_latency":672, "root_time_now":2109170}
[Mote:19] Not reachable yet
[Mote:14] Not reachable yet
[Mote:18] Not reachable yet
[Mote:4] Not reachable yet
[Mote:12] Not reachable yet
[Mote:13] Not reachable yet
[Mote:9] Not reachable yet
[Mote:3] Not reachable yet
[Mote:11] Not reachable yet
[Mote:5] Sensor IPv6 = fe80::205:5:5:5
[Mote:15] Not reachable yet
[Mote:1] {"node":"fd00::205:5:5:5", "cpu_energy_mj":19, "lpm_energy_mj":0, "radio_tx_energy_mj":0, "radio_rx_energy_mj":8, "node_time":2115549, "total_sent":164, "total_received":208, "bytes_tx":60, "bytes_rx":12, "r2n_latency":1704, "lqi":100, "rssi":-89, "server_sent":209, "server_received":330, "server_bytes_rx":60, "n2r_latency":61, "hops":0, "rtt_latency":1132, "root_time_now":2115610}
[Mote:17] Not reachable yet
[Mote:7] Sensor IPv6 = fe80::207:7:7:7
[Mote:1] {"node":"fd00::207:7:7:7", "cpu_energy_mj":18, "lpm_energy_mj":0, "radio_tx_energy_mj":0, "radio_rx_energy_mj":8, "node_time":2116159, "total_sent":150, "total_received":198, "bytes_tx":60, "bytes_rx":12, "r2n_latency":864, "lqi":100, "rssi":-91, "server_sent":203, "server_received":299, "server_bytes_rx":60, "n2r_latency":81, "hops":1, "rtt_latency":712, "root_time_now":2116240}
[Mote:2] Not reachable yet
[Mote:16] Not reachable yet
[Mote:8] Not reachable yet
[Mote:10] Not reachable yet
[Mote:6] Sensor IPv6 = fe80::206:6:6:6
[Mote:19] Not reachable yet
[Mote:14] Not reachable yet
[Mote:18] Not reachable yet
[Mote:1] {"node":"fd00::206:6:6:6", "cpu_energy_mj":19, "lpm_energy_mj":0, "radio_tx_energy_mj":0, "radio_rx_energy_mj":8, "node_time":2120077, "total_sent":174, "total_received":207, "bytes_tx":60, "bytes_rx":12, "r2n_latency":164, "lqi":100, "rssi":-90, "server_sent":208, "server_received":362, "server_bytes_rx":60, "n2r_latency":1133, "hops":0, "rtt_latency":502, "root_time_now":2121210}
[Mote:4] Not reachable yet
[Mote:12] Not reachable yet
[Mote:13] Not reachable yet
[Mote:9] Not reachable yet
[Mote:3] Not reachable yet
[Mote:11] Not reachable yet
[Mote:15] Not reachable yet
[Mote:17] Not reachable yet
[Mote:5] Sensor IPv6 = fe80::205:5:5:5
[Mote:1] {"node":"fd00::205:5:5:5", "cpu_energy_mj":19, "lpm_energy_mj":0, "radio_tx_energy_mj":0, "radio_rx_energy_mj":8, "node_time":2126342, "total_sent":165, "total_received":209, "bytes_tx":60, "bytes_rx":12, "r2n_latency":34, "lqi":100, "rssi":-89, "server_sent":210, "server_received":332, "server_bytes_rx":60, "n2r_latency":48, "hops":0, "rtt_latency":1277, "root_time_now":2126390}
[Mote:7] Sensor IPv6 = fe80::207:7:7:7
[Mote:1] {"node":"fd00::207:7:7:7", "cpu_energy_mj":18, "lpm_energy_mj":0, "radio_tx_energy_mj":0, "radio_rx_energy_mj":8, "node_time":2126633, "total_sent":151, "total_received":199, "bytes_tx":60, "bytes_rx":12, "r2n_latency":1014, "lqi":100, "rssi":-91, "server_sent":204, "server_received":301, "server_bytes_rx":60, "n2r_latency":107, "hops":1, "rtt_latency":1347, "root_time_now":2126740}
[Mote:16] Not reachable yet
[Mote:2] Not reachable yet
[Mote:8] Not reachable yet
[Mote:10] Not reachable yet
[Mote:6] Sensor IPv6 = fe80::206:6:6:6
[Mote:18] Not reachable yet
[Mote:14] Not reachable yet
[Mote:19] Not reachable yet
[Mote:4] Not reachable yet
[Mote:1] {"node":"fd00::206:6:6:6", "cpu_energy_mj":19, "lpm_energy_mj":0, "radio_tx_energy_mj":0, "radio_rx_energy_mj":8, "node_time":2131009, "total_sent":175, "total_received":209, "bytes_tx":60, "bytes_rx":12, "r2n_latency":674, "lqi":100, "rssi":-90, "server_sent":209, "server_received":365, "server_bytes_rx":60, "n2r_latency":1261, "hops":0, "rtt_latency":1107, "root_time_now":2132270}
[Mote:12] Not reachable yet
[Mote:13] Not reachable yet
[Mote:3] Not reachable yet
[Mote:9] Not reachable yet
[Mote:11] Not reachable yet
[Mote:17] Not reachable yet
[Mote:15] Not reachable yet
[Mote:16] Not reachable yet
[Mote:7] Sensor IPv6 = fe80::207:7:7:7
[Mote:5] Sensor IPv6 = fe80::205:5:5:5
[Mote:1] {"node":"fd00::205:5:5:5", "cpu_energy_mj":19, "lpm_energy_mj":0, "radio_tx_energy_mj":0, "radio_rx_energy_mj":8, "node_time":2137133, "total_sent":166, "total_received":210, "bytes_tx":60, "bytes_rx":12, "r2n_latency":254, "lqi":100, "rssi":-89, "server_sent":211, "server_received":334, "server_bytes_rx":60, "n2r_latency":37, "hops":0, "rtt_latency":1387, "root_time_now":2137170}
[Mote:1] {"node":"fd00::207:7:7:7", "cpu_energy_mj":18, "lpm_energy_mj":0, "radio_tx_energy_mj":0, "radio_rx_energy_mj":9, "node_time":2137109, "total_sent":152, "total_received":200, "bytes_tx":60, "bytes_rx":12, "r2n_latency":2144, "lqi":100, "rssi":-91, "server_sent":205, "server_received":303, "server_bytes_rx":60, "n2r_latency":131, "hops":1, "rtt_latency":1527, "root_time_now":2137240}
[Mote:2] Not reachable yet
[Mote:8] Not reachable yet
[Mote:10] Not reachable yet
[Mote:18] Not reachable yet
[Mote:14] Not reachable yet
[Mote:6] Sensor IPv6 = fe80::206:6:6:6
[Mote:19] Not reachable yet
[Mote:4] Not reachable yet
[Mote:13] Not reachable yet
[Mote:12] Not reachable yet
[Mote:3] Not reachable yet
[Mote:11] Not reachable yet
[Mote:9] Not reachable yet
[Mote:1] {"node":"fd00::206:6:6:6", "cpu_energy_mj":19, "lpm_energy_mj":0, "radio_tx_energy_mj":0, "radio_rx_energy_mj":8, "node_time":2141937, "total_sent":176, "total_received":210, "bytes_tx":60, "bytes_rx":12, "r2n_latency":404, "lqi":100, "rssi":-90, "server_sent":210, "server_received":367, "server_bytes_rx":60, "n2r_latency":4543, "hops":0, "rtt_latency":3212, "root_time_now":2146480}
[Mote:17] Not reachable yet
[Mote:16] Not reachable yet
[Mote:15] Not reachable yet
[Mote:7] Sensor IPv6 = fe80::207:7:7:7
[Mote:1] {"node":"fd00::207:7:7:7", "cpu_energy_mj":18, "lpm_energy_mj":0, "radio_tx_energy_mj":0, "radio_rx_energy_mj":8, "node_time":2147585, "total_sent":153, "total_received":201, "bytes_tx":60, "bytes_rx":12, "r2n_latency":1524, "lqi":100, "rssi":-91, "server_sent":206, "server_received":305, "server_bytes_rx":60, "n2r_latency":85, "hops":1, "rtt_latency":3282, "root_time_now":2147670}
[Mote:5] Sensor IPv6 = fe80::205:5:5:5
[Mote:1] {"node":"fd00::205:5:5:5", "cpu_energy_mj":19, "lpm_energy_mj":0, "radio_tx_energy_mj":1, "radio_rx_energy_mj":7, "node_time":2147925, "total_sent":167, "total_received":211, "bytes_tx":60, "bytes_rx":12, "r2n_latency":54, "lqi":100, "rssi":-89, "server_sent":212, "server_received":336, "server_bytes_rx":60, "n2r_latency":25, "hops":0, "rtt_latency":1847, "root_time_now":2147950}
[Mote:2] Not reachable yet
[Mote:8] Not reachable yet
[Mote:10] Not reachable yet
[Mote:18] Not reachable yet
[Mote:14] Not reachable yet
[Mote:6] Sensor IPv6 = fe80::206:6:6:6
[Mote:19] Not reachable yet
[Mote:4] Not reachable yet
[Mote:1] {"node":"fd00::206:6:6:6", "cpu_energy_mj":19, "lpm_energy_mj":0, "radio_tx_energy_mj":0, "radio_rx_energy_mj":8, "node_time":2152865, "total_sent":177, "total_received":211, "bytes_tx":60, "bytes_rx":12, "r2n_latency":344, "lqi":100, "rssi":-90, "server_sent":211, "server_received":369, "server_bytes_rx":60, "n2r_latency":685, "hops":0, "rtt_latency":1572, "root_time_now":2153550}
[Mote:13] Not reachable yet
[Mote:3] Not reachable yet
[Mote:12] Not reachable yet
[Mote:11] Not reachable yet
[Mote:9] Not reachable yet
[Mote:17] Not reachable yet
[Mote:16] Not reachable yet
[Mote:15] Not reachable yet
[Mote:7] Sensor IPv6 = fe80::207:7:7:7
[Mote:1] {"node":"fd00::207:7:7:7", "cpu_energy_mj":18, "lpm_energy_mj":0, "radio_tx_energy_mj":0, "radio_rx_energy_mj":8, "node_time":2158063, "total_sent":154, "total_received":202, "bytes_tx":60, "bytes_rx":12, "r2n_latency":1534, "lqi":100, "rssi":-91, "server_sent":207, "server_received":307, "server_bytes_rx":60, "n2r_latency":107, "hops":1, "rtt_latency":1747, "root_time_now":2158170}
[Mote:2] Not reachable yet
[Mote:5] Sensor IPv6 = fe80::205:5:5:5
[Mote:1] {"node":"fd00::205:5:5:5", "cpu_energy_mj":19, "lpm_energy_mj":0, "radio_tx_energy_mj":0, "radio_rx_energy_mj":8, "node_time":2158718, "total_sent":168, "total_received":212, "bytes_tx":60, "bytes_rx":12, "r2n_latency":64, "lqi":100, "rssi":-89, "server_sent":213, "server_received":338, "server_bytes_rx":60, "n2r_latency":12, "hops":0, "rtt_latency":802, "root_time_now":2158730}
[Mote:8] Not reachable yet
[Mote:10] Not reachable yet
[Mote:18] Not reachable yet
[Mote:14] Not reachable yet
[Mote:6] Sensor IPv6 = fe80::206:6:6:6
[Mote:4] Not reachable yet
[Mote:19] Not reachable yet
[Mote:1] {"node":"fd00::206:6:6:6", "cpu_energy_mj":19, "lpm_energy_mj":0, "radio_tx_energy_mj":0, "radio_rx_energy_mj":8, "node_time":2163794, "total_sent":178, "total_received":212, "bytes_tx":60, "bytes_rx":12, "r2n_latency":284, "lqi":100, "rssi":-90, "server_sent":212, "server_received":371, "server_bytes_rx":60, "n2r_latency":326, "hops":0, "rtt_latency":1997, "root_time_now":2164120}
[Mote:13] Not reachable yet
[Mote:11] Not reachable yet
[Mote:3] Not reachable yet
[Mote:12] Not reachable yet
[Mote:17] Not reachable yet
[Mote:16] Not reachable yet
[Mote:9] Not reachable yet
[Mote:15] Not reachable yet
[Mote:7] Sensor IPv6 = fe80::207:7:7:7
[Mote:1] {"node":"fd00::207:7:7:7", "cpu_energy_mj":18, "lpm_energy_mj":0, "radio_tx_energy_mj":0, "radio_rx_energy_mj":8, "node_time":2168537, "total_sent":155, "total_received":203, "bytes_tx":60, "bytes_rx":12, "r2n_latency":1684, "lqi":100, "rssi":-91, "server_sent":208, "server_received":309, "server_bytes_rx":60, "n2r_latency":133, "hops":1, "rtt_latency":2032, "root_time_now":2168670}
[Mote:2] Not reachable yet
[Mote:5] Sensor IPv6 = fe80::205:5:5:5
[Mote:1] {"node":"fd00::205:5:5:5", "cpu_energy_mj":19, "lpm_energy_mj":0, "radio_tx_energy_mj":0, "radio_rx_energy_mj":8, "node_time":2169509, "total_sent":169, "total_received":213, "bytes_tx":60, "bytes_rx":12, "r2n_latency":74, "lqi":100, "rssi":-89, "server_sent":214, "server_received":340, "server_bytes_rx":60, "n2r_latency":71, "hops":0, "rtt_latency":702, "root_time_now":2169580}
[Mote:8] Not reachable yet
[Mote:10] Not reachable yet
[Mote:18] Not reachable yet
[Mote:14] Not reachable yet
[Mote:4] Not reachable yet
[Mote:6] Sensor IPv6 = fe80::206:6:6:6
[Mote:1] {"node":"fd00::206:6:6:6", "cpu_energy_mj":19, "lpm_energy_mj":0, "radio_tx_energy_mj":0, "radio_rx_energy_mj":8, "node_time":2174723, "total_sent":179, "total_received":213, "bytes_tx":60, "bytes_rx":12, "r2n_latency":364, "lqi":100, "rssi":-90, "server_sent":213, "server_received":373, "server_bytes_rx":60, "n2r_latency":37, "hops":0, "rtt_latency":847, "root_time_now":2174760}
[Mote:13] Not reachable yet
[Mote:19] Not reachable yet
[Mote:11] Not reachable yet
[Mote:3] Not reachable yet
[Mote:16] Not reachable yet
[Mote:17] Not reachable yet
[Mote:12] Not reachable yet
[Mote:9] Not reachable yet
[Mote:15] Not reachable yet
[Mote:7] Sensor IPv6 = fe80::207:7:7:7
[Mote:1] {"node":"fd00::207:7:7:7", "cpu_energy_mj":18, "lpm_energy_mj":0, "radio_tx_energy_mj":0, "radio_rx_energy_mj":8, "node_time":2179013, "total_sent":156, "total_received":204, "bytes_tx":60, "bytes_rx":12, "r2n_latency":1554, "lqi":100, "rssi":-91, "server_sent":209, "server_received":311, "server_bytes_rx":60, "n2r_latency":157, "hops":1, "rtt_latency":1197, "root_time_now":2179170}
[Mote:2] Not reachable yet
[Mote:8] Not reachable yet
[Mote:10] Not reachable yet
[Mote:5] Sensor IPv6 = fe80::205:5:5:5
[Mote:18] Not reachable yet
[Mote:13] Not reachable yet
[Mote:14] Not reachable yet
[Mote:4] Not reachable yet
[Mote:6] Sensor IPv6 = fe80::206:6:6:6
[Mote:1] {"node":"fd00::206:6:6:6", "cpu_energy_mj":19, "lpm_energy_mj":0, "radio_tx_energy_mj":0, "radio_rx_energy_mj":8, "node_time":2185653, "total_sent":180, "total_received":214, "bytes_tx":60, "bytes_rx":12, "r2n_latency":234, "lqi":100, "rssi":-90, "server_sent":214, "server_received":375, "server_bytes_rx":60, "n2r_latency":97, "hops":0, "rtt_latency":957, "root_time_now":2185750}
[Mote:1] {"node":"fd00::205:5:5:5", "cpu_energy_mj":19, "lpm_energy_mj":0, "radio_tx_energy_mj":0, "radio_rx_energy_mj":8, "node_time":2180302, "total_sent":170, "total_received":215, "bytes_tx":60, "bytes_rx":12, "r2n_latency":24, "lqi":100, "rssi":-89, "server_sent":216, "server_received":343, "server_bytes_rx":60, "n2r_latency":5588, "hops":0, "rtt_latency":2812, "root_time_now":2185890}
[Mote:19] Not reachable yet
[Mote:11] Not reachable yet
[Mote:3] Not reachable yet
[Mote:16] Not reachable yet
[Mote:17] Not reachable yet
[Mote:12] Not reachable yet
[Mote:9] Not reachable yet
[Mote:15] Not reachable yet
[Mote:7] Sensor IPv6 = fe80::207:7:7:7
[Mote:1] {"node":"fd00::207:7:7:7", "cpu_energy_mj":18, "lpm_energy_mj":0, "radio_tx_energy_mj":0, "radio_rx_energy_mj":8, "node_time":2189491, "total_sent":157, "total_received":205, "bytes_tx":60, "bytes_rx":12, "r2n_latency":864, "lqi":100, "rssi":-91, "server_sent":210, "server_received":313, "server_bytes_rx":60, "n2r_latency":109, "hops":1, "rtt_latency":1412, "root_time_now":2189600}
[Mote:2] Not reachable yet
[Mote:10] Not reachable yet
[Mote:8] Not reachable yet
[Mote:5] Sensor IPv6 = fe80::205:5:5:5
[Mote:1] {"node":"fd00::205:5:5:5", "cpu_energy_mj":19, "lpm_energy_mj":0, "radio_tx_energy_mj":1, "radio_rx_energy_mj":7, "node_time":2191094, "total_sent":171, "total_received":216, "bytes_tx":60, "bytes_rx":12, "r2n_latency":34, "lqi":100, "rssi":-89, "server_sent":217, "server_received":345, "server_bytes_rx":60, "n2r_latency":2146, "hops":0, "rtt_latency":1592, "root_time_now":2193240}
[Mote:18] Not reachable yet
[Mote:13] Not reachable yet
[Mote:4] Not reachable yet
[Mote:14] Not reachable yet
[Mote:11] Not reachable yet
[Mote:6] Sensor IPv6 = fe80::206:6:6:6
[Mote:1] {"node":"fd00::206:6:6:6", "cpu_energy_mj":19, "lpm_energy_mj":0, "radio_tx_energy_mj":1, "radio_rx_energy_mj":8, "node_time":2196582, "total_sent":181, "total_received":215, "bytes_tx":60, "bytes_rx":12, "r2n_latency":244, "lqi":100, "rssi":-90, "server_sent":215, "server_received":377, "server_bytes_rx":60, "n2r_latency":18, "hops":0, "rtt_latency":1452, "root_time_now":2196600}
[Mote:19] Not reachable yet
[Mote:3] Not reachable yet
[Mote:16] Not reachable yet
[Mote:17] Not reachable yet
[Mote:9] Not reachable yet
[Mote:12] Not reachable yet
[Mote:15] Not reachable yet
[Mote:7] Sensor IPv6 = fe80::207:7:7:7
[Mote:10] Not reachable yet
[Mote:2] Not reachable yet
[Mote:8] Not reachable yet
[Mote:5] Sensor IPv6 = fe80::205:5:5:5
[Mote:1] {"node":"fd00::205:5:5:5", "cpu_energy_mj":19, "lpm_energy_mj":0, "radio_tx_energy_mj":1, "radio_rx_energy_mj":7, "node_time":2201886, "total_sent":172, "total_received":217, "bytes_tx":60, "bytes_rx":12, "r2n_latency":44, "lqi":100, "rssi":-89, "server_sent":218, "server_received":347, "server_bytes_rx":60, "n2r_latency":734, "hops":0, "rtt_latency":302, "root_time_now":2202620}
[Mote:1] {"node":"fd00::207:7:7:7", "cpu_energy_mj":18, "lpm_energy_mj":0, "radio_tx_energy_mj":0, "radio_rx_energy_mj":8, "node_time":2199967, "total_sent":158, "total_received":206, "bytes_tx":60, "bytes_rx":12, "r2n_latency":1154, "lqi":100, "rssi":-91, "server_sent":212, "server_received":315, "server_bytes_rx":60, "n2r_latency":3843, "hops":1, "rtt_latency":1487, "root_time_now":2203810}
[Mote:18] Not reachable yet
[Mote:13] Not reachable yet
[Mote:4] Not reachable yet
[Mote:14] Not reachable yet
[Mote:11] Not reachable yet
[Mote:3] Not reachable yet
[Mote:16] Not reachable yet
[Mote:6] Sensor IPv6 = fe80::206:6:6:6
[Mote:1] {"node":"fd00::206:6:6:6", "cpu_energy_mj":19, "lpm_energy_mj":0, "radio_tx_energy_mj":0, "radio_rx_energy_mj":8, "node_time":2207511, "total_sent":182, "total_received":216, "bytes_tx":60, "bytes_rx":12, "r2n_latency":394, "lqi":100, "rssi":-90, "server_sent":216, "server_received":379, "server_bytes_rx":60, "n2r_latency":9, "hops":0, "rtt_latency":337, "root_time_now":2207520}
[Mote:19] Not reachable yet
[Mote:17] Not reachable yet
[Mote:9] Not reachable yet
[Mote:12] Not reachable yet
[Mote:15] Not reachable yet
[Mote:7] Sensor IPv6 = fe80::207:7:7:7
[Mote:10] Not reachable yet
[Mote:2] Not reachable yet
[Mote:8] Not reachable yet
[Mote:5] Sensor IPv6 = fe80::205:5:5:5
[Mote:1] {"node":"fd00::207:7:7:7", "cpu_energy_mj":18, "lpm_energy_mj":0, "radio_tx_energy_mj":0, "radio_rx_energy_mj":8, "node_time":2210441, "total_sent":159, "total_received":207, "bytes_tx":60, "bytes_rx":12, "r2n_latency":1024, "lqi":100, "rssi":-91, "server_sent":213, "server_received":317, "server_bytes_rx":60, "n2r_latency":3099, "hops":1, "rtt_latency":2052, "root_time_now":2213540}
[Mote:1] {"node":"fd00::205:5:5:5", "cpu_energy_mj":19, "lpm_energy_mj":0, "radio_tx_energy_mj":1, "radio_rx_energy_mj":8, "node_time":2212677, "total_sent":173, "total_received":218, "bytes_tx":60, "bytes_rx":12, "r2n_latency":54, "lqi":100, "rssi":-89, "server_sent":219, "server_received":349, "server_bytes_rx":60, "n2r_latency":1143, "hops":0, "rtt_latency":1882, "root_time_now":2213820}
[Mote:13] Not reachable yet
[Mote:18] Not reachable yet
[Mote:4] Not reachable yet
[Mote:11] Not reachable yet
[Mote:14] Not reachable yet
[Mote:16] Not reachable yet
[Mote:3] Not reachable yet
[Mote:17] Not reachable yet
[Mote:6] Sensor IPv6 = fe80::206:6:6:6
[Mote:1] {"node":"fd00::206:6:6:6", "cpu_energy_mj":19, "lpm_energy_mj":0, "radio_tx_energy_mj":0, "radio_rx_energy_mj":8, "node_time":2218440, "total_sent":183, "total_received":217, "bytes_tx":60, "bytes_rx":12, "r2n_latency":264, "lqi":100, "rssi":-90, "server_sent":217, "server_received":381, "server_bytes_rx":60, "n2r_latency":70, "hops":0, "rtt_latency":1742, "root_time_now":2218510}
[Mote:19] Not reachable yet
[Mote:9] Not reachable yet
[Mote:15] Not reachable yet
[Mote:7] Sensor IPv6 = fe80::207:7:7:7
[Mote:10] Not reachable yet
[Mote:12] Not reachable yet
[Mote:2] Not reachable yet
[Mote:8] Not reachable yet
[Mote:5] Sensor IPv6 = fe80::205:5:5:5
[Mote:1] {"node":"fd00::205:5:5:5", "cpu_energy_mj":19, "lpm_energy_mj":0, "radio_tx_energy_mj":0, "radio_rx_energy_mj":8, "node_time":2223470, "total_sent":174, "total_received":219, "bytes_tx":60, "bytes_rx":12, "r2n_latency":64, "lqi":100, "rssi":-89, "server_sent":220, "server_received":351, "server_bytes_rx":60, "n2r_latency":80, "hops":0, "rtt_latency":1117, "root_time_now":2223550}
[Mote:1] {"node":"fd00::207:7:7:7", "cpu_energy_mj":18, "lpm_energy_mj":0, "radio_tx_energy_mj":0, "radio_rx_energy_mj":8, "node_time":2220919, "total_sent":160, "total_received":208, "bytes_tx":60, "bytes_rx":12, "r2n_latency":1524, "lqi":100, "rssi":-91, "server_sent":214, "server_received":319, "server_bytes_rx":60, "n2r_latency":3191, "hops":1, "rtt_latency":1812, "root_time_now":2224110}
[Mote:13] Not reachable yet
[Mote:18] Not reachable yet
[Mote:11] Not reachable yet
[Mote:4] Not reachable yet
[Mote:16] Not reachable yet
[Mote:3] Not reachable yet
[Mote:14] Not reachable yet
[Mote:17] Not reachable yet
[Mote:6] Sensor IPv6 = fe80::206:6:6:6
[Mote:1] {"node":"fd00::206:6:6:6", "cpu_energy_mj":19, "lpm_energy_mj":0, "radio_tx_energy_mj":0, "radio_rx_energy_mj":8, "node_time":2229369, "total_sent":184, "total_received":218, "bytes_tx":60, "bytes_rx":12, "r2n_latency":904, "lqi":100, "rssi":-90, "server_sent":218, "server_received":383, "server_bytes_rx":60, "n2r_latency":61, "hops":0, "rtt_latency":1362, "root_time_now":2229430}
[Mote:19] Not reachable yet
[Mote:9] Not reachable yet
[Mote:10] Not reachable yet
[Mote:15] Not reachable yet
[Mote:7] Sensor IPv6 = fe80::207:7:7:7
[Mote:12] Not reachable yet
[Mote:1] {"node":"fd00::207:7:7:7", "cpu_energy_mj":18, "lpm_energy_mj":0, "radio_tx_energy_mj":0, "radio_rx_energy_mj":8, "node_time":2231395, "total_sent":161, "total_received":209, "bytes_tx":60, "bytes_rx":12, "r2n_latency":1744, "lqi":100, "rssi":-91, "server_sent":215, "server_received":321, "server_bytes_rx":60, "n2r_latency":555, "hops":1, "rtt_latency":2132, "root_time_now":2231950}
[Mote:2] Sensor IPv6 = fe80::202:2:2:2
[Mote:8] Not reachable yet
[Mote:1] {"node":"fd00::202:2:2:2", "cpu_energy_mj":341, "lpm_energy_mj":0, "radio_tx_energy_mj":1, "radio_rx_energy_mj":503, "node_time":2232411, "total_sent":75, "total_received":205, "bytes_tx":60, "bytes_rx":12, "r2n_latency":284, "lqi":100, "rssi":-83, "server_sent":221, "server_received":139, "server_bytes_rx":60, "n2r_latency":1429, "hops":0, "rtt_latency":1892, "root_time_now":2233840}
[Mote:5] Sensor IPv6 = fe80::205:5:5:5
[Mote:1] {"node":"fd00::205:5:5:5", "cpu_energy_mj":19, "lpm_energy_mj":0, "radio_tx_energy_mj":1, "radio_rx_energy_mj":7, "node_time":2234261, "total_sent":175, "total_received":220, "bytes_tx":60, "bytes_rx":12, "r2n_latency":74, "lqi":100, "rssi":-89, "server_sent":221, "server_received":353, "server_bytes_rx":60, "n2r_latency":69, "hops":0, "rtt_latency":492, "root_time_now":2234330}
[Mote:13] Not reachable yet
[Mote:18] Not reachable yet
[Mote:11] Not reachable yet
[Mote:16] Not reachable yet
[Mote:4] Not reachable yet
[Mote:3] Not reachable yet
[Mote:17] Not reachable yet
[Mote:14] Not reachable yet
[Mote:6] Sensor IPv6 = fe80::206:6:6:6
[Mote:1] {"node":"fd00::206:6:6:6", "cpu_energy_mj":19, "lpm_energy_mj":0, "radio_tx_energy_mj":0, "radio_rx_energy_mj":8, "node_time":2240300, "total_sent":185, "total_received":219, "bytes_tx":60, "bytes_rx":12, "r2n_latency":704, "lqi":100, "rssi":-90, "server_sent":220, "server_received":385, "server_bytes_rx":60, "n2r_latency":50, "hops":0, "rtt_latency":842, "root_time_now":2240350}
[Mote:19] Not reachable yet
[Mote:10] Not reachable yet
[Mote:9] Not reachable yet
[Mote:7] Sensor IPv6 = fe80::207:7:7:7
[Mote:15] Not reachable yet
[Mote:12] Not reachable yet
[Mote:2] Sensor IPv6 = fe80::202:2:2:2
[Mote:1] {"node":"fd00::202:2:2:2", "cpu_energy_mj":18, "lpm_energy_mj":0, "radio_tx_energy_mj":0, "radio_rx_energy_mj":8, "node_time":2242942, "total_sent":76, "total_received":206, "bytes_tx":60, "bytes_rx":12, "r2n_latency":154, "lqi":100, "rssi":-83, "server_sent":222, "server_received":141, "server_bytes_rx":60, "n2r_latency":68, "hops":0, "rtt_latency":987, "root_time_now":2243010}
[Mote:8] Not reachable yet
[Mote:1] {"node":"fd00::207:7:7:7", "cpu_energy_mj":18, "lpm_energy_mj":0, "radio_tx_energy_mj":0, "radio_rx_energy_mj":8, "node_time":2241871, "total_sent":162, "total_received":210, "bytes_tx":60, "bytes_rx":12, "r2n_latency":5534, "lqi":100, "rssi":-91, "server_sent":216, "server_received":323, "server_bytes_rx":60, "n2r_latency":1839, "hops":1, "rtt_latency":2837, "root_time_now":2243710}
[Mote:5] Sensor IPv6 = fe80::205:5:5:5
[Mote:1] {"node":"fd00::205:5:5:5", "cpu_energy_mj":19, "lpm_energy_mj":0, "radio_tx_energy_mj":0, "radio_rx_energy_mj":8, "node_time":2245053, "total_sent":176, "total_received":221, "bytes_tx":60, "bytes_rx":12, "r2n_latency":14, "lqi":100, "rssi":-89, "server_sent":222, "server_received":355, "server_bytes_rx":60, "n2r_latency":57, "hops":0, "rtt_latency":287, "root_time_now":2245110}
[Mote:13] Not reachable yet
[Mote:18] Not reachable yet
[Mote:11] Not reachable yet
[Mote:16] Not reachable yet
[Mote:3] Not reachable yet
[Mote:4] Not reachable yet
[Mote:17] Not reachable yet
[Mote:14] Sensor IPv6 = fe80::20e:e:e:e
[Mote:1] {"node":"fd00::20e:e:e:e", "cpu_energy_mj":348, "lpm_energy_mj":0, "radio_tx_energy_mj":9, "radio_rx_energy_mj":488, "node_time":2249520, "total_sent":39, "total_received":157, "bytes_tx":60, "bytes_rx":12, "r2n_latency":2534, "lqi":100, "rssi":-83, "server_sent":217, "server_received":60, "server_bytes_rx":60, "n2r_latency":420, "hops":1, "rtt_latency":4527, "root_time_now":2249940}
[Mote:6] Sensor IPv6 = fe80::206:6:6:6
[Mote:10] Not reachable yet
[Mote:19] Not reachable yet
[Mote:9] Not reachable yet
[Mote:7] Sensor IPv6 = fe80::207:7:7:7
[Mote:15] Not reachable yet
[Mote:1] {"node":"fd00::206:6:6:6", "cpu_energy_mj":19, "lpm_energy_mj":0, "radio_tx_energy_mj":1, "radio_rx_energy_mj":8, "node_time":2251227, "total_sent":186, "total_received":221, "bytes_tx":60, "bytes_rx":12, "r2n_latency":657, "lqi":100, "rssi":-90, "server_sent":221, "server_received":388, "server_bytes_rx":60, "n2r_latency":1653, "hops":0, "rtt_latency":643, "root_time_now":2252880}
[Mote:1] {"node":"fd00::207:7:7:7", "cpu_energy_mj":18, "lpm_energy_mj":0, "radio_tx_energy_mj":0, "radio_rx_energy_mj":8, "node_time":2252345, "total_sent":163, "total_received":212, "bytes_tx":60, "bytes_rx":12, "r2n_latency":1707, "lqi":100, "rssi":-91, "server_sent":217, "server_received":326, "server_bytes_rx":60, "n2r_latency":675, "hops":1, "rtt_latency":1483, "root_time_now":2253020}
[Mote:12] Not reachable yet
[Mote:2] Sensor IPv6 = fe80::202:2:2:2
[Mote:8] Not reachable yet
[Mote:1] {"node":"fd00::202:2:2:2", "cpu_energy_mj":18, "lpm_energy_mj":0, "radio_tx_energy_mj":0, "radio_rx_energy_mj":8, "node_time":2253475, "total_sent":77, "total_received":207, "bytes_tx":60, "bytes_rx":12, "r2n_latency":167, "lqi":100, "rssi":-83, "server_sent":223, "server_received":143, "server_bytes_rx":60, "n2r_latency":315, "hops":0, "rtt_latency":1868, "root_time_now":2253790}
[Mote:13] Not reachable yet
[Mote:5] Sensor IPv6 = fe80::205:5:5:5
[Mote:1] {"node":"fd00::205:5:5:5", "cpu_energy_mj":19, "lpm_energy_mj":0, "radio_tx_energy_mj":1, "radio_rx_energy_mj":7, "node_time":2255846, "total_sent":177, "total_received":222, "bytes_tx":60, "bytes_rx":12, "r2n_latency":27, "lqi":100, "rssi":-89, "server_sent":223, "server_received":357, "server_bytes_rx":60, "n2r_latency":44, "hops":0, "rtt_latency":1028, "root_time_now":2255890}
[Mote:11] Not reachable yet
[Mote:16] Not reachable yet
[Mote:18] Not reachable yet
[Mote:3] Not reachable yet
[Mote:4] Not reachable yet
[Mote:17] Not reachable yet
[Mote:14] Sensor IPv6 = fe80::20e:e:e:e
[Mote:10] Not reachable yet
[Mote:6] Sensor IPv6 = fe80::206:6:6:6
[Mote:1] {"node":"fd00::206:6:6:6", "cpu_energy_mj":19, "lpm_energy_mj":0, "radio_tx_energy_mj":1, "radio_rx_energy_mj":7, "node_time":2262156, "total_sent":187, "total_received":222, "bytes_tx":60, "bytes_rx":12, "r2n_latency":384, "lqi":100, "rssi":-90, "server_sent":222, "server_received":390, "server_bytes_rx":60, "n2r_latency":104, "hops":0, "rtt_latency":682, "root_time_now":2262260}
[Mote:19] Not reachable yet
[Mote:9] Not reachable yet
[Mote:7] Sensor IPv6 = fe80::207:7:7:7
[Mote:15] Not reachable yet
[Mote:1] {"node":"fd00::20e:e:e:e", "cpu_energy_mj":19, "lpm_energy_mj":0, "radio_tx_energy_mj":0, "radio_rx_energy_mj":8, "node_time":2260283, "total_sent":40, "total_received":158, "bytes_tx":60, "bytes_rx":12, "r2n_latency":4857, "lqi":100, "rssi":-92, "server_sent":219, "server_received":62, "server_bytes_rx":60, "n2r_latency":3097, "hops":1, "rtt_latency":2708, "root_time_now":2263380}
[Mote:1] {"node":"fd00::207:7:7:7", "cpu_energy_mj":18, "lpm_energy_mj":0, "radio_tx_energy_mj":0, "radio_rx_energy_mj":9, "node_time":2262821, "total_sent":164, "total_received":213, "bytes_tx":60, "bytes_rx":12, "r2n_latency":1994, "lqi":100, "rssi":-91, "server_sent":218, "server_received":328, "server_bytes_rx":60, "n2r_latency":979, "hops":1, "rtt_latency":1102, "root_time_now":2263800}
[Mote:8] Not reachable yet
[Mote:2] Sensor IPv6 = fe80::202:2:2:2
[Mote:1] {"node":"fd00::202:2:2:2", "cpu_energy_mj":18, "lpm_energy_mj":0, "radio_tx_energy_mj":0, "radio_rx_energy_mj":8, "node_time":2264004, "total_sent":78, "total_received":208, "bytes_tx":60, "bytes_rx":12, "r2n_latency":174, "lqi":100, "rssi":-83, "server_sent":224, "server_received":145, "server_bytes_rx":60, "n2r_latency":216, "hops":0, "rtt_latency":1242, "root_time_now":2264220}
[Mote:12] Not reachable yet
[Mote:13] Not reachable yet
[Mote:5] Sensor IPv6 = fe80::205:5:5:5
[Mote:1] {"node":"fd00::205:5:5:5", "cpu_energy_mj":19, "lpm_energy_mj":0, "radio_tx_energy_mj":0, "radio_rx_energy_mj":8, "node_time":2266640, "total_sent":178, "total_received":223, "bytes_tx":60, "bytes_rx":12, "r2n_latency":34, "lqi":100, "rssi":-89, "server_sent":224, "server_received":359, "server_bytes_rx":60, "n2r_latency":30, "hops":0, "rtt_latency":1172, "root_time_now":2266670}
[Mote:11] Not reachable yet
[Mote:16] Not reachable yet
[Mote:18] Not reachable yet
[Mote:3] Not reachable yet
[Mote:17] Not reachable yet
[Mote:4] Not reachable yet
[Mote:14] Sensor IPv6 = fe80::20e:e:e:e
[Mote:10] Not reachable yet
[Mote:9] Not reachable yet
[Mote:6] Sensor IPv6 = fe80::206:6:6:6
[Mote:7] Sensor IPv6 = fe80::207:7:7:7
[Mote:19] Not reachable yet
[Mote:15] Not reachable yet
[Mote:1] {"node":"fd00::206:6:6:6", "cpu_energy_mj":19, "lpm_energy_mj":0, "radio_tx_energy_mj":0, "radio_rx_energy_mj":8, "node_time":2273084, "total_sent":188, "total_received":223, "bytes_tx":60, "bytes_rx":12, "r2n_latency":464, "lqi":100, "rssi":-90, "server_sent":223, "server_received":392, "server_bytes_rx":60, "n2r_latency":796, "hops":0, "rtt_latency":1877, "root_time_now":2273880}
[Mote:1] {"node":"fd00::207:7:7:7", "cpu_energy_mj":18, "lpm_energy_mj":0, "radio_tx_energy_mj":0, "radio_rx_energy_mj":8, "node_time":2273297, "total_sent":165, "total_received":214, "bytes_tx":60, "bytes_rx":12, "r2n_latency":1514, "lqi":100, "rssi":-91, "server_sent":219, "server_received":330, "server_bytes_rx":60, "n2r_latency":653, "hops":1, "rtt_latency":1912, "root_time_now":2273950}
[Mote:8] Not reachable yet
[Mote:2] Sensor IPv6 = fe80::202:2:2:2
[Mote:1] {"node":"fd00::202:2:2:2", "cpu_energy_mj":18, "lpm_energy_mj":0, "radio_tx_energy_mj":0, "radio_rx_energy_mj":8, "node_time":2274535, "total_sent":79, "total_received":209, "bytes_tx":60, "bytes_rx":12, "r2n_latency":324, "lqi":100, "rssi":-83, "server_sent":225, "server_received":147, "server_bytes_rx":60, "n2r_latency":325, "hops":0, "rtt_latency":2402, "root_time_now":2274860}
[Mote:12] Not reachable yet
[Mote:13] Not reachable yet
[Mote:5] Sensor IPv6 = fe80::205:5:5:5
[Mote:1] {"node":"fd00::205:5:5:5", "cpu_energy_mj":19, "lpm_energy_mj":0, "radio_tx_energy_mj":0, "radio_rx_energy_mj":8, "node_time":2277430, "total_sent":179, "total_received":224, "bytes_tx":60, "bytes_rx":12, "r2n_latency":114, "lqi":100, "rssi":-89, "server_sent":225, "server_received":361, "server_bytes_rx":60, "n2r_latency":20, "hops":0, "rtt_latency":1317, "root_time_now":2277450}
[Mote:11] Not reachable yet
[Mote:16] Not reachable yet
[Mote:18] Not reachable yet
[Mote:3] Not reachable yet
[Mote:17] Not reachable yet
[Mote:4] Not reachable yet
[Mote:14] Not reachable yet
[Mote:10] Not reachable yet
[Mote:9] Not reachable yet
[Mote:7] Sensor IPv6 = fe80::207:7:7:7
[Mote:15] Not reachable yet
[Mote:6] Sensor IPv6 = fe80::206:6:6:6
[Mote:1] {"node":"fd00::207:7:7:7", "cpu_energy_mj":18, "lpm_energy_mj":0, "radio_tx_energy_mj":0, "radio_rx_energy_mj":8, "node_time":2283773, "total_sent":166, "total_received":215, "bytes_tx":60, "bytes_rx":12, "r2n_latency":1524, "lqi":100, "rssi":-91, "server_sent":220, "server_received":332, "server_bytes_rx":60, "n2r_latency":467, "hops":1, "rtt_latency":2022, "root_time_now":2284240}
[Mote:19] Not reachable yet
[Mote:1] {"node":"fd00::206:6:6:6", "cpu_energy_mj":19, "lpm_energy_mj":0, "radio_tx_energy_mj":0, "radio_rx_energy_mj":8, "node_time":2284013, "total_sent":189, "total_received":224, "bytes_tx":60, "bytes_rx":12, "r2n_latency":544, "lqi":100, "rssi":-90, "server_sent":224, "server_received":394, "server_bytes_rx":60, "n2r_latency":297, "hops":0, "rtt_latency":342, "root_time_now":2284310}
[Mote:8] Not reachable yet
[Mote:2] Sensor IPv6 = fe80::202:2:2:2
[Mote:1] {"node":"fd00::202:2:2:2", "cpu_energy_mj":18, "lpm_energy_mj":0, "radio_tx_energy_mj":0, "radio_rx_energy_mj":8, "node_time":2285066, "total_sent":80, "total_received":210, "bytes_tx":60, "bytes_rx":12, "r2n_latency":124, "lqi":100, "rssi":-83, "server_sent":226, "server_received":149, "server_bytes_rx":60, "n2r_latency":14, "hops":0, "rtt_latency":1112, "root_time_now":2285080}
[Mote:12] Not reachable yet
[Mote:13] Not reachable yet
[Mote:11] Not reachable yet
[Mote:16] Not reachable yet
[Mote:5] Sensor IPv6 = fe80::205:5:5:5
[Mote:1] {"node":"fd00::205:5:5:5", "cpu_energy_mj":19, "lpm_energy_mj":0, "radio_tx_energy_mj":0, "radio_rx_energy_mj":8, "node_time":2288222, "total_sent":180, "total_received":225, "bytes_tx":60, "bytes_rx":12, "r2n_latency":334, "lqi":100, "rssi":-89, "server_sent":226, "server_received":363, "server_bytes_rx":60, "n2r_latency":78, "hops":0, "rtt_latency":1322, "root_time_now":2288300}
[Mote:18] Not reachable yet
[Mote:3] Not reachable yet
[Mote:17] Not reachable yet
[Mote:4] Not reachable yet
[Mote:10] Not reachable yet
[Mote:14] Not reachable yet
[Mote:9] Not reachable yet
[Mote:7] Sensor IPv6 = fe80::207:7:7:7
[Mote:1] {"node":"fd00::207:7:7:7", "cpu_energy_mj":18, "lpm_energy_mj":0, "radio_tx_energy_mj":0, "radio_rx_energy_mj":8, "node_time":2294249, "total_sent":167, "total_received":216, "bytes_tx":60, "bytes_rx":12, "r2n_latency":1183, "lqi":100, "rssi":-91, "server_sent":221, "server_received":334, "server_bytes_rx":60, "n2r_latency":141, "hops":1, "rtt_latency":1186, "root_time_now":2294390}
[Mote:15] Not reachable yet
[Mote:6] Sensor IPv6 = fe80::206:6:6:6
[Mote:1] {"node":"fd00::206:6:6:6", "cpu_energy_mj":19, "lpm_energy_mj":0, "radio_tx_energy_mj":0, "radio_rx_energy_mj":8, "node_time":2294941, "total_sent":190, "total_received":225, "bytes_tx":60, "bytes_rx":12, "r2n_latency":763, "lqi":100, "rssi":-90, "server_sent":225, "server_received":396, "server_bytes_rx":60, "n2r_latency":9, "hops":0, "rtt_latency":1151, "root_time_now":2294950}
[Mote:19] Not reachable yet
[Mote:8] Not reachable yet
[Mote:2] Sensor IPv6 = fe80::202:2:2:2
[Mote:1] {"node":"fd00::202:2:2:2", "cpu_energy_mj":18, "lpm_energy_mj":0, "radio_tx_energy_mj":0, "radio_rx_energy_mj":8, "node_time":2295599, "total_sent":81, "total_received":211, "bytes_tx":60, "bytes_rx":12, "r2n_latency":413, "lqi":100, "rssi":-83, "server_sent":227, "server_received":151, "server_bytes_rx":60, "n2r_latency":331, "hops":0, "rtt_latency":276, "root_time_now":2295930}
[Mote:13] Not reachable yet
[Mote:12] Not reachable yet
[Mote:16] Not reachable yet
[Mote:11] Not reachable yet
[Mote:5] Sensor IPv6 = fe80::205:5:5:5
[Mote:1] {"node":"fd00::205:5:5:5", "cpu_energy_mj":19, "lpm_energy_mj":0, "radio_tx_energy_mj":0, "radio_rx_energy_mj":8, "node_time":2299014, "total_sent":181, "total_received":226, "bytes_tx":60, "bytes_rx":12, "r2n_latency":63, "lqi":100, "rssi":-89, "server_sent":227, "server_received":365, "server_bytes_rx":60, "n2r_latency":66, "hops":0, "rtt_latency":1046, "root_time_now":2299080}
[Mote:3] Not reachable yet
[Mote:18] Not reachable yet
[Mote:17] Not reachable yet
[Mote:4] Not reachable yet
[Mote:10] Not reachable yet
[Mote:14] Not reachable yet
[Mote:7] Sensor IPv6 = fe80::207:7:7:7
[Mote:9] Not reachable yet
[Mote:1] {"node":"fd00::207:7:7:7", "cpu_energy_mj":18, "lpm_energy_mj":0, "radio_tx_energy_mj":0, "radio_rx_energy_mj":9, "node_time":2304727, "total_sent":168, "total_received":217, "bytes_tx":60, "bytes_rx":12, "r2n_latency":1054, "lqi":100, "rssi":-91, "server_sent":222, "server_received":336, "server_bytes_rx":60, "n2r_latency":93, "hops":1, "rtt_latency":1227, "root_time_now":2304820}
[Mote:15] Not reachable yet
[Mote:6] Sensor IPv6 = fe80::206:6:6:6
[Mote:8] Not reachable yet
[Mote:1] {"node":"fd00::206:6:6:6", "cpu_energy_mj":19, "lpm_energy_mj":0, "radio_tx_energy_mj":1, "radio_rx_energy_mj":8, "node_time":2305870, "total_sent":191, "total_received":226, "bytes_tx":60, "bytes_rx":12, "r2n_latency":634, "lqi":100, "rssi":-90, "server_sent":226, "server_received":398, "server_bytes_rx":60, "n2r_latency":70, "hops":0, "rtt_latency":1192, "root_time_now":2305940}
[Mote:2] Sensor IPv6 = fe80::202:2:2:2
[Mote:19] Not reachable yet
[Mote:1] {"node":"fd00::202:2:2:2", "cpu_energy_mj":18, "lpm_energy_mj":0, "radio_tx_energy_mj":0, "radio_rx_energy_mj":8, "node_time":2306130, "total_sent":82, "total_received":212, "bytes_tx":60, "bytes_rx":12, "r2n_latency":214, "lqi":100, "rssi":-83, "server_sent":228, "server_received":153, "server_bytes_rx":60, "n2r_latency":20, "hops":0, "rtt_latency":947, "root_time_now":2306150}
[Mote:13] Not reachable yet
[Mote:12] Not reachable yet
[Mote:16] Not reachable yet
[Mote:11] Not reachable yet
[Mote:5] Sensor IPv6 = fe80::205:5:5:5
[Mote:3] Not reachable yet
[Mote:17] Not reachable yet
[Mote:18] Not reachable yet
[Mote:4] Not reachable yet
[Mote:10] Not reachable yet
[Mote:14] Not reachable yet
[Mote:7] Sensor IPv6 = fe80::207:7:7:7
[Mote:9] Not reachable yet
[Mote:15] Not reachable yet
[Mote:1] {"node":"fd00::207:7:7:7", "cpu_energy_mj":18, "lpm_energy_mj":0, "radio_tx_energy_mj":0, "radio_rx_energy_mj":8, "node_time":2315201, "total_sent":169, "total_received":218, "bytes_tx":60, "bytes_rx":12, "r2n_latency":1414, "lqi":100, "rssi":-91, "server_sent":223, "server_received":338, "server_bytes_rx":60, "n2r_latency":399, "hops":1, "rtt_latency":1162, "root_time_now":2315600}
[Mote:13] Not reachable yet
[Mote:8] Not reachable yet
[Mote:2] Sensor IPv6 = fe80::202:2:2:2
[Mote:6] Sensor IPv6 = fe80::206:6:6:6
[Mote:1] {"node":"fd00::206:6:6:6", "cpu_energy_mj":19, "lpm_energy_mj":0, "radio_tx_energy_mj":0, "radio_rx_energy_mj":8, "node_time":2316799, "total_sent":192, "total_received":227, "bytes_tx":60, "bytes_rx":12, "r2n_latency":574, "lqi":100, "rssi":-90, "server_sent":227, "server_received":400, "server_bytes_rx":60, "n2r_latency":61, "hops":0, "rtt_latency":1127, "root_time_now":2316860}
[Mote:1] {"node":"fd00::202:2:2:2", "cpu_energy_mj":18, "lpm_energy_mj":0, "radio_tx_energy_mj":0, "radio_rx_energy_mj":8, "node_time":2316659, "total_sent":83, "total_received":213, "bytes_tx":60, "bytes_rx":12, "r2n_latency":154, "lqi":100, "rssi":-83, "server_sent":229, "server_received":155, "server_bytes_rx":60, "n2r_latency":341, "hops":0, "rtt_latency":1337, "root_time_now":2317000}
[Mote:19] Not reachable yet
[Mote:16] Not reachable yet
[Mote:11] Not reachable yet
[Mote:12] Not reachable yet
[Mote:3] Not reachable yet
[Mote:17] Not reachable yet
[Mote:5] Sensor IPv6 = fe80::205:5:5:5
[Mote:18] Not reachable yet
[Mote:4] Not reachable yet
[Mote:10] Not reachable yet
[Mote:14] Not reachable yet
[Mote:7] Sensor IPv6 = fe80::207:7:7:7
[Mote:1] {"node":"fd00::207:7:7:7", "cpu_energy_mj":18, "lpm_energy_mj":0, "radio_tx_energy_mj":0, "radio_rx_energy_mj":8, "node_time":2325679, "total_sent":170, "total_received":219, "bytes_tx":60, "bytes_rx":12, "r2n_latency":1424, "lqi":100, "rssi":-91, "server_sent":224, "server_received":340, "server_bytes_rx":60, "n2r_latency":141, "hops":1, "rtt_latency":1517, "root_time_now":2325820}
[Mote:9] Not reachable yet
[Mote:15] Not reachable yet
[Mote:13] Not reachable yet
[Mote:8] Not reachable yet
[Mote:2] Sensor IPv6 = fe80::202:2:2:2
[Mote:1] {"node":"fd00::202:2:2:2", "cpu_energy_mj":18, "lpm_energy_mj":0, "radio_tx_energy_mj":0, "radio_rx_energy_mj":8, "node_time":2327190, "total_sent":84, "total_received":214, "bytes_tx":60, "bytes_rx":12, "r2n_latency":234, "lqi":100, "rssi":-83, "server_sent":230, "server_received":157, "server_bytes_rx":60, "n2r_latency":30, "hops":0, "rtt_latency":1972, "root_time_now":2327220}
[Mote:6] Sensor IPv6 = fe80::206:6:6:6
[Mote:16] Not reachable yet
[Mote:1] {"node":"fd00::206:6:6:6", "cpu_energy_mj":19, "lpm_energy_mj":0, "radio_tx_energy_mj":0, "radio_rx_energy_mj":8, "node_time":2327728, "total_sent":193, "total_received":228, "bytes_tx":60, "bytes_rx":12, "r2n_latency":724, "lqi":100, "rssi":-90, "server_sent":228, "server_received":402, "server_bytes_rx":60, "n2r_latency":52, "hops":0, "rtt_latency":782, "root_time_now":2327780}
[Mote:19] Not reachable yet
[Mote:11] Not reachable yet
[Mote:12] Not reachable yet
[Mote:3] Not reachable yet
[Mote:17] Not reachable yet
[Mote:5] Sensor IPv6 = fe80::205:5:5:5
[Mote:18] Not reachable yet
[Mote:4] Not reachable yet
[Mote:10] Not reachable yet
[Mote:14] Not reachable yet
[Mote:7] Sensor IPv6 = fe80::207:7:7:7
[Mote:1] {"node":"fd00::207:7:7:7", "cpu_energy_mj":18, "lpm_energy_mj":0, "radio_tx_energy_mj":0, "radio_rx_energy_mj":8, "node_time":2336153, "total_sent":171, "total_received":220, "bytes_tx":60, "bytes_rx":12, "r2n_latency":1574, "lqi":100, "rssi":-91, "server_sent":225, "server_received":342, "server_bytes_rx":60, "n2r_latency":97, "hops":1, "rtt_latency":2572, "root_time_now":2336250}
[Mote:9] Not reachable yet
[Mote:13] Not reachable yet
[Mote:15] Not reachable yet
[Mote:8] Not reachable yet
[Mote:2] Sensor IPv6 = fe80::202:2:2:2
[Mote:16] Not reachable yet
[Mote:1] {"node":"fd00::202:2:2:2", "cpu_energy_mj":18, "lpm_energy_mj":0, "radio_tx_energy_mj":0, "radio_rx_energy_mj":8, "node_time":2337721, "total_sent":85, "total_received":215, "bytes_tx":60, "bytes_rx":12, "r2n_latency":804, "lqi":100, "rssi":-83, "server_sent":231, "server_received":159, "server_bytes_rx":60, "n2r_latency":69, "hops":0, "rtt_latency":1557, "root_time_now":2337790}
[Mote:11] Not reachable yet
[Mote:6] Sensor IPv6 = fe80::206:6:6:6
[Mote:1] {"node":"fd00::206:6:6:6", "cpu_energy_mj":19, "lpm_energy_mj":0, "radio_tx_energy_mj":0, "radio_rx_energy_mj":8, "node_time":2338657, "total_sent":194, "total_received":229, "bytes_tx":60, "bytes_rx":12, "r2n_latency":1084, "lqi":100, "rssi":-90, "server_sent":229, "server_received":404, "server_bytes_rx":60, "n2r_latency":43, "hops":0, "rtt_latency":962, "root_time_now":2338700}
[Mote:19] Not reachable yet
[Mote:12] Not reachable yet
[Mote:3] Not reachable yet
[Mote:17] Not reachable yet
[Mote:18] Not reachable yet
[Mote:5] Not reachable yet
[Mote:10] Not reachable yet
[Mote:4] Not reachable yet
[Mote:14] Not reachable yet
[Mote:7] Sensor IPv6 = fe80::207:7:7:7
[Mote:13] Not reachable yet
[Mote:1] {"node":"fd00::207:7:7:7", "cpu_energy_mj":18, "lpm_energy_mj":0, "radio_tx_energy_mj":0, "radio_rx_energy_mj":8, "node_time":2346631, "total_sent":172, "total_received":221, "bytes_tx":60, "bytes_rx":12, "r2n_latency":1164, "lqi":100, "rssi":-91, "server_sent":226, "server_received":344, "server_bytes_rx":60, "n2r_latency":119, "hops":1, "rtt_latency":722, "root_time_now":2346750}
[Mote:9] Not reachable yet
[Mote:15] Not reachable yet
[Mote:16] Not reachable yet
[Mote:8] Not reachable yet
[Mote:2] Sensor IPv6 = fe80::202:2:2:2
[Mote:1] {"node":"fd00::202:2:2:2", "cpu_energy_mj":18, "lpm_energy_mj":0, "radio_tx_energy_mj":0, "radio_rx_energy_mj":8, "node_time":2348254, "total_sent":86, "total_received":216, "bytes_tx":60, "bytes_rx":12, "r2n_latency":254, "lqi":100, "rssi":-83, "server_sent":232, "server_received":161, "server_bytes_rx":60, "n2r_latency":36, "hops":0, "rtt_latency":1142, "root_time_now":2348290}
[Mote:11] Not reachable yet
[Mote:6] Sensor IPv6 = fe80::206:6:6:6
[Mote:1] {"node":"fd00::206:6:6:6", "cpu_energy_mj":19, "lpm_energy_mj":0, "radio_tx_energy_mj":0, "radio_rx_energy_mj":8, "node_time":2349586, "total_sent":195, "total_received":230, "bytes_tx":60, "bytes_rx":12, "r2n_latency":464, "lqi":100, "rssi":-90, "server_sent":230, "server_received":406, "server_bytes_rx":60, "n2r_latency":34, "hops":0, "rtt_latency":302, "root_time_now":2349620}
[Mote:19] Not reachable yet
[Mote:3] Not reachable yet
[Mote:12] Not reachable yet
[Mote:17] Not reachable yet
[Mote:18] Not reachable yet
[Mote:5] Not reachable yet
[Mote:10] Not reachable yet
[Mote:4] Not reachable yet
[Mote:13] Not reachable yet
[Mote:7] Sensor IPv6 = fe80::207:7:7:7
[Mote:14] Not reachable yet
[Mote:1] {"node":"fd00::207:7:7:7", "cpu_energy_mj":18, "lpm_energy_mj":0, "radio_tx_energy_mj":0, "radio_rx_energy_mj":8, "node_time":2357105, "total_sent":173, "total_received":222, "bytes_tx":60, "bytes_rx":12, "r2n_latency":2294, "lqi":100, "rssi":-91, "server_sent":227, "server_received":346, "server_bytes_rx":60, "n2r_latency":285, "hops":1, "rtt_latency":1357, "root_time_now":2357390}
[Mote:9] Not reachable yet
[Mote:15] Not reachable yet
[Mote:16] Not reachable yet
[Mote:8] Not reachable yet
[Mote:11] Not reachable yet
[Mote:2] Sensor IPv6 = fe80::202:2:2:2
[Mote:1] {"node":"fd00::202:2:2:2", "cpu_energy_mj":18, "lpm_energy_mj":0, "radio_tx_energy_mj":0, "radio_rx_energy_mj":8, "node_time":2358783, "total_sent":87, "total_received":217, "bytes_tx":60, "bytes_rx":12, "r2n_latency":124, "lqi":100, "rssi":-83, "server_sent":233, "server_received":163, "server_bytes_rx":60, "n2r_latency":7, "hops":0, "rtt_latency":797, "root_time_now":2358790}
[Mote:6] Sensor IPv6 = fe80::206:6:6:6
[Mote:19] Not reachable yet
[Mote:3] Not reachable yet
[Mote:17] Not reachable yet
[Mote:12] Not reachable yet
[Mote:1] {"node":"fd00::206:6:6:6", "cpu_energy_mj":19, "lpm_energy_mj":0, "radio_tx_energy_mj":0, "radio_rx_energy_mj":8, "node_time":2360519, "total_sent":196, "total_received":231, "bytes_tx":60, "bytes_rx":12, "r2n_latency":334, "lqi":100, "rssi":-90, "server_sent":232, "server_received":408, "server_bytes_rx":60, "n2r_latency":1491, "hops":0, "rtt_latency":622, "root_time_now":2362010}
[Mote:18] Not reachable yet
[Mote:10] Not reachable yet
[Mote:5] Not reachable yet
[Mote:4] Not reachable yet
[Mote:13] Not reachable yet
[Mote:7] Sensor IPv6 = fe80::207:7:7:7
[Mote:1] {"node":"fd00::207:7:7:7", "cpu_energy_mj":18, "lpm_energy_mj":0, "radio_tx_energy_mj":0, "radio_rx_energy_mj":8, "node_time":2367581, "total_sent":174, "total_received":223, "bytes_tx":60, "bytes_rx":12, "r2n_latency":1253, "lqi":100, "rssi":-91, "server_sent":228, "server_received":348, "server_bytes_rx":60, "n2r_latency":99, "hops":1, "rtt_latency":1081, "root_time_now":2367680}
[Mote:16] Not reachable yet
[Mote:14] Not reachable yet
[Mote:15] Not reachable yet
[Mote:9] Not reachable yet
[Mote:11] Not reachable yet
[Mote:8] Not reachable yet
[Mote:2] Sensor IPv6 = fe80::202:2:2:2
[Mote:1] {"node":"fd00::202:2:2:2", "cpu_energy_mj":18, "lpm_energy_mj":0, "radio_tx_energy_mj":0, "radio_rx_energy_mj":8, "node_time":2369314, "total_sent":88, "total_received":218, "bytes_tx":60, "bytes_rx":12, "r2n_latency":343, "lqi":100, "rssi":-83, "server_sent":234, "server_received":165, "server_bytes_rx":60, "n2r_latency":46, "hops":0, "rtt_latency":2866, "root_time_now":2369360}
[Mote:6] Sensor IPv6 = fe80::206:6:6:6
[Mote:17] Not reachable yet
[Mote:3] Not reachable yet
[Mote:19] Not reachable yet
[Mote:1] {"node":"fd00::206:6:6:6", "cpu_energy_mj":19, "lpm_energy_mj":0, "radio_tx_energy_mj":0, "radio_rx_energy_mj":8, "node_time":2371446, "total_sent":197, "total_received":233, "bytes_tx":60, "bytes_rx":12, "r2n_latency":634, "lqi":100, "rssi":-90, "server_sent":233, "server_received":411, "server_bytes_rx":60, "n2r_latency":714, "hops":0, "rtt_latency":982, "root_time_now":2372160}
[Mote:12] Not reachable yet
[Mote:18] Not reachable yet
[Mote:10] Not reachable yet
[Mote:5] Not reachable yet
[Mote:4] Not reachable yet
[Mote:13] Not reachable yet
[Mote:16] Not reachable yet
[Mote:7] Sensor IPv6 = fe80::207:7:7:7
[Mote:1] {"node":"fd00::207:7:7:7", "cpu_energy_mj":18, "lpm_energy_mj":0, "radio_tx_energy_mj":0, "radio_rx_energy_mj":8, "node_time":2378057, "total_sent":175, "total_received":224, "bytes_tx":60, "bytes_rx":12, "r2n_latency":1894, "lqi":100, "rssi":-91, "server_sent":229, "server_received":350, "server_bytes_rx":60, "n2r_latency":123, "hops":1, "rtt_latency":1122, "root_time_now":2378180}
[Mote:14] Not reachable yet
[Mote:11] Not reachable yet
[Mote:15] Not reachable yet
[Mote:9] Not reachable yet
[Mote:8] Not reachable yet
[Mote:2] Sensor IPv6 = fe80::202:2:2:2
[Mote:1] {"node":"fd00::202:2:2:2", "cpu_energy_mj":18, "lpm_energy_mj":0, "radio_tx_energy_mj":0, "radio_rx_energy_mj":8, "node_time":2379847, "total_sent":89, "total_received":219, "bytes_tx":60, "bytes_rx":12, "r2n_latency":284, "lqi":100, "rssi":-83, "server_sent":235, "server_received":167, "server_bytes_rx":60, "n2r_latency":13, "hops":0, "rtt_latency":1612, "root_time_now":2379860}
[Mote:17] Not reachable yet
[Mote:3] Not reachable yet
[Mote:6] Sensor IPv6 = fe80::206:6:6:6
[Mote:19] Not reachable yet
[Mote:1] {"node":"fd00::206:6:6:6", "cpu_energy_mj":19, "lpm_energy_mj":0, "radio_tx_energy_mj":0, "radio_rx_energy_mj":8, "node_time":2382375, "total_sent":198, "total_received":234, "bytes_tx":60, "bytes_rx":12, "r2n_latency":574, "lqi":100, "rssi":-90, "server_sent":234, "server_received":413, "server_bytes_rx":60, "n2r_latency":425, "hops":0, "rtt_latency":1337, "root_time_now":2382800}
[Mote:12] Not reachable yet
[Mote:10] Not reachable yet
[Mote:18] Not reachable yet
[Mote:5] Not reachable yet
[Mote:4] Not reachable yet
[Mote:13] Not reachable yet
[Mote:16] Not reachable yet
[Mote:7] Sensor IPv6 = fe80::207:7:7:7
[Mote:1] {"node":"fd00::207:7:7:7", "cpu_energy_mj":18, "lpm_energy_mj":0, "radio_tx_energy_mj":0, "radio_rx_energy_mj":8, "node_time":2388535, "total_sent":176, "total_received":225, "bytes_tx":60, "bytes_rx":12, "r2n_latency":2184, "lqi":100, "rssi":-91, "server_sent":230, "server_received":352, "server_bytes_rx":60, "n2r_latency":75, "hops":1, "rtt_latency":1372, "root_time_now":2388610}
[Mote:11] Not reachable yet
[Mote:15] Not reachable yet
[Mote:9] Not reachable yet
[Mote:14] Not reachable yet
[Mote:8] Not reachable yet
[Mote:2] Sensor IPv6 = fe80::202:2:2:2
[Mote:17] Not reachable yet
[Mote:3] Not reachable yet
[Mote:1] {"node":"fd00::202:2:2:2", "cpu_energy_mj":18, "lpm_energy_mj":0, "radio_tx_energy_mj":0, "radio_rx_energy_mj":8, "node_time":2390376, "total_sent":90, "total_received":221, "bytes_tx":60, "bytes_rx":12, "r2n_latency":374, "lqi":100, "rssi":-83, "server_sent":237, "server_received":170, "server_bytes_rx":60, "n2r_latency":1804, "hops":0, "rtt_latency":1062, "root_time_now":2392180}
[Mote:6] Sensor IPv6 = fe80::206:6:6:6
[Mote:1] {"node":"fd00::206:6:6:6", "cpu_energy_mj":19, "lpm_energy_mj":0, "radio_tx_energy_mj":0, "radio_rx_energy_mj":8, "node_time":2393303, "total_sent":199, "total_received":235, "bytes_tx":60, "bytes_rx":12, "r2n_latency":1004, "lqi":100, "rssi":-90, "server_sent":235, "server_received":415, "server_bytes_rx":60, "n2r_latency":67, "hops":0, "rtt_latency":572, "root_time_now":2393370}
[Mote:19] Not reachable yet
[Mote:10] Not reachable yet
[Mote:12] Not reachable yet
[Mote:18] Not reachable yet
[Mote:5] Not reachable yet
[Mote:4] Not reachable yet
[Mote:13] Not reachable yet
[Mote:16] Not reachable yet
[Mote:11] Not reachable yet
[Mote:7] Sensor IPv6 = fe80::207:7:7:7
[Mote:1] {"node":"fd00::207:7:7:7", "cpu_energy_mj":18, "lpm_energy_mj":0, "radio_tx_energy_mj":0, "radio_rx_energy_mj":8, "node_time":2399011, "total_sent":177, "total_received":226, "bytes_tx":60, "bytes_rx":12, "r2n_latency":1774, "lqi":100, "rssi":-91, "server_sent":231, "server_received":354, "server_bytes_rx":60, "n2r_latency":99, "hops":1, "rtt_latency":957, "root_time_now":2399110}
[Mote:15] Not reachable yet
[Mote:9] Not reachable yet
[Mote:14] Not reachable yet
[Mote:8] Not reachable yet
[Mote:2] Sensor IPv6 = fe80::202:2:2:2
[Mote:17] Not reachable yet
[Mote:3] Not reachable yet
[Mote:1] {"node":"fd00::202:2:2:2", "cpu_energy_mj":18, "lpm_energy_mj":0, "radio_tx_energy_mj":0, "radio_rx_energy_mj":8, "node_time":2400907, "total_sent":91, "total_received":222, "bytes_tx":60, "bytes_rx":12, "r2n_latency":244, "lqi":100, "rssi":-83, "server_sent":238, "server_received":172, "server_bytes_rx":60, "n2r_latency":1563, "hops":0, "rtt_latency":1067, "root_time_now":2402470}
[Mote:6] Sensor IPv6 = fe80::206:6:6:6
[Mote:10] Not reachable yet
[Mote:1] {"node":"fd00::206:6:6:6", "cpu_energy_mj":19, "lpm_energy_mj":0, "radio_tx_energy_mj":0, "radio_rx_energy_mj":8, "node_time":2404235, "total_sent":200, "total_received":236, "bytes_tx":60, "bytes_rx":12, "r2n_latency":524, "lqi":100, "rssi":-90, "server_sent":236, "server_received":417, "server_bytes_rx":60, "n2r_latency":55, "hops":0, "rtt_latency":437, "root_time_now":2404290}
[Mote:19] Not reachable yet
[Mote:12] Not reachable yet
[Mote:18] Not reachable yet
[Mote:4] Not reachable yet
[Mote:5] Not reachable yet
[Mote:13] Not reachable yet
[Mote:16] Not reachable yet
[Mote:11] Not reachable yet
[Mote:7] Sensor IPv6 = fe80::207:7:7:7
[Mote:1] {"node":"fd00::207:7:7:7", "cpu_energy_mj":18, "lpm_energy_mj":0, "radio_tx_energy_mj":0, "radio_rx_energy_mj":8, "node_time":2409485, "total_sent":178, "total_received":227, "bytes_tx":60, "bytes_rx":12, "r2n_latency":1364, "lqi":100, "rssi":-91, "server_sent":232, "server_received":356, "server_bytes_rx":60, "n2r_latency":335, "hops":1, "rtt_latency":997, "root_time_now":2409820}
[Mote:15] Not reachable yet
[Mote:9] Not reachable yet
[Mote:8] Not reachable yet
[Mote:14] Not reachable yet
[Mote:2] Sensor IPv6 = fe80::202:2:2:2
[Mote:1] {"node":"fd00::202:2:2:2", "cpu_energy_mj":18, "lpm_energy_mj":0, "radio_tx_energy_mj":0, "radio_rx_energy_mj":8, "node_time":2411438, "total_sent":92, "total_received":223, "bytes_tx":60, "bytes_rx":12, "r2n_latency":184, "lqi":100, "rssi":-83, "server_sent":239, "server_received":174, "server_bytes_rx":60, "n2r_latency":692, "hops":0, "rtt_latency":477, "root_time_now":2412130}
[Mote:17] Not reachable yet
[Mote:3] Not reachable yet
[Mote:10] Not reachable yet
[Mote:6] Sensor IPv6 = fe80::206:6:6:6
[Mote:1] {"node":"fd00::206:6:6:6", "cpu_energy_mj":19, "lpm_energy_mj":0, "radio_tx_energy_mj":0, "radio_rx_energy_mj":8, "node_time":2415162, "total_sent":201, "total_received":237, "bytes_tx":60, "bytes_rx":12, "r2n_latency":534, "lqi":100, "rssi":-90, "server_sent":237, "server_received":419, "server_bytes_rx":60, "n2r_latency":48, "hops":0, "rtt_latency":1597, "root_time_now":2415210}
[Mote:19] Not reachable yet
[Mote:18] Not reachable yet
[Mote:12] Not reachable yet
[Mote:4] Not reachable yet
[Mote:13] Not reachable yet
[Mote:5] Not reachable yet
[Mote:16] Not reachable yet
[Mote:11] Not reachable yet
[Mote:7] Sensor IPv6 = fe80::207:7:7:7
[Mote:15] Not reachable yet
[Mote:9] Not reachable yet
[Mote:8] Not reachable yet
[Mote:14] Not reachable yet
[Mote:2] Sensor IPv6 = fe80::202:2:2:2
[Mote:17] Not reachable yet
[Mote:3] Not reachable yet
[Mote:1] {"node":"fd00::202:2:2:2", "cpu_energy_mj":18, "lpm_energy_mj":0, "radio_tx_energy_mj":0, "radio_rx_energy_mj":8, "node_time":2421969, "total_sent":93, "total_received":224, "bytes_tx":60, "bytes_rx":12, "r2n_latency":404, "lqi":100, "rssi":-83, "server_sent":240, "server_received":176, "server_bytes_rx":60, "n2r_latency":871, "hops":0, "rtt_latency":1392, "root_time_now":2422840}
[Mote:1] {"node":"fd00::207:7:7:7", "cpu_energy_mj":18, "lpm_energy_mj":0, "radio_tx_energy_mj":0, "radio_rx_energy_mj":8, "node_time":2419963, "total_sent":179, "total_received":228, "bytes_tx":60, "bytes_rx":12, "r2n_latency":1304, "lqi":100, "rssi":-91, "server_sent":234, "server_received":358, "server_bytes_rx":60, "n2r_latency":3157, "hops":1, "rtt_latency":1632, "root_time_now":2423120}
[Mote:10] Not reachable yet
[Mote:6] Sensor IPv6 = fe80::206:6:6:6
[Mote:1] {"node":"fd00::206:6:6:6", "cpu_energy_mj":19, "lpm_energy_mj":0, "radio_tx_energy_mj":0, "radio_rx_energy_mj":8, "node_time":2426093, "total_sent":202, "total_received":238, "bytes_tx":60, "bytes_rx":12, "r2n_latency":194, "lqi":100, "rssi":-90, "server_sent":238, "server_received":421, "server_bytes_rx":60, "n2r_latency":37, "hops":0, "rtt_latency":1602, "root_time_now":2426130}
[Mote:19] Not reachable yet
[Mote:18] Not reachable yet
[Mote:12] Not reachable yet
[Mote:13] Not reachable yet
[Mote:4] Not reachable yet
[Mote:16] Not reachable yet
[Mote:5] Not reachable yet
[Mote:11] Not reachable yet
[Mote:7] Sensor IPv6 = fe80::207:7:7:7
[Mote:15] Not reachable yet
[Mote:9] Not reachable yet
[Mote:8] Not reachable yet
[Mote:14] Not reachable yet
[Mote:2] Sensor IPv6 = fe80::202:2:2:2
[Mote:1] {"node":"fd00::202:2:2:2", "cpu_energy_mj":18, "lpm_energy_mj":0, "radio_tx_energy_mj":0, "radio_rx_energy_mj":8, "node_time":2432500, "total_sent":94, "total_received":225, "bytes_tx":60, "bytes_rx":12, "r2n_latency":274, "lqi":100, "rssi":-83, "server_sent":241, "server_received":178, "server_bytes_rx":60, "n2r_latency":70, "hops":0, "rtt_latency":767, "root_time_now":2432570}
[Mote:17] Not reachable yet
[Mote:3] Not reachable yet
[Mote:1] {"node":"fd00::207:7:7:7", "cpu_energy_mj":18, "lpm_energy_mj":0, "radio_tx_energy_mj":0, "radio_rx_energy_mj":9, "node_time":2430439, "total_sent":180, "total_received":229, "bytes_tx":60, "bytes_rx":12, "r2n_latency":1734, "lqi":100, "rssi":-91, "server_sent":235, "server_received":360, "server_bytes_rx":60, "n2r_latency":2761, "hops":1, "rtt_latency":1637, "root_time_now":2433200}
[Mote:10] Not reachable yet
[Mote:18] Not reachable yet
[Mote:6] Sensor IPv6 = fe80::206:6:6:6
[Mote:1] {"node":"fd00::206:6:6:6", "cpu_energy_mj":19, "lpm_energy_mj":0, "radio_tx_energy_mj":1, "radio_rx_energy_mj":7, "node_time":2437020, "total_sent":203, "total_received":239, "bytes_tx":60, "bytes_rx":12, "r2n_latency":624, "lqi":100, "rssi":-90, "server_sent":239, "server_received":423, "server_bytes_rx":60, "n2r_latency":30, "hops":0, "rtt_latency":1117, "root_time_now":2437050}
[Mote:19] Not reachable yet
[Mote:12] Not reachable yet
[Mote:13] Not reachable yet
[Mote:16] Not reachable yet
[Mote:4] Not reachable yet
[Mote:5] Not reachable yet
[Mote:11] Not reachable yet
[Mote:7] Sensor IPv6 = fe80::207:7:7:7
[Mote:1] {"node":"fd00::207:7:7:7", "cpu_energy_mj":18, "lpm_energy_mj":0, "radio_tx_energy_mj":0, "radio_rx_energy_mj":8, "node_time":2440913, "total_sent":181, "total_received":230, "bytes_tx":60, "bytes_rx":12, "r2n_latency":1324, "lqi":100, "rssi":-91, "server_sent":236, "server_received":362, "server_bytes_rx":60, "n2r_latency":687, "hops":1, "rtt_latency":1677, "root_time_now":2441600}
[Mote:15] Not reachable yet
[Mote:9] Not reachable yet
[Mote:8] Not reachable yet
[Mote:17] Not reachable yet
[Mote:2] Sensor IPv6 = fe80::202:2:2:2
[Mote:1] {"node":"fd00::202:2:2:2", "cpu_energy_mj":18, "lpm_energy_mj":0, "radio_tx_energy_mj":0, "radio_rx_energy_mj":8, "node_time":2443031, "total_sent":95, "total_received":226, "bytes_tx":60, "bytes_rx":12, "r2n_latency":354, "lqi":100, "rssi":-83, "server_sent":242, "server_received":180, "server_bytes_rx":60, "n2r_latency":39, "hops":0, "rtt_latency":317, "root_time_now":2443070}
[Mote:14] Not reachable yet
[Mote:3] Not reachable yet
[Mote:10] Not reachable yet
[Mote:18] Not reachable yet
[Mote:13] Not reachable yet
[Mote:6] Sensor IPv6 = fe80::206:6:6:6
[Mote:1] {"node":"fd00::206:6:6:6", "cpu_energy_mj":19, "lpm_energy_mj":0, "radio_tx_energy_mj":0, "radio_rx_energy_mj":8, "node_time":2447949, "total_sent":204, "total_received":240, "bytes_tx":60, "bytes_rx":12, "r2n_latency":704, "lqi":100, "rssi":-90, "server_sent":240, "server_received":425, "server_bytes_rx":60, "n2r_latency":21, "hops":0, "rtt_latency":737, "root_time_now":2447970}
[Mote:16] Not reachable yet
[Mote:19] Not reachable yet
[Mote:12] Not reachable yet
[Mote:4] Not reachable yet
[Mote:11] Not reachable yet
[Mote:5] Not reachable yet
[Mote:7] Sensor IPv6 = fe80::207:7:7:7
[Mote:15] Not reachable yet
[Mote:8] Not reachable yet
[Mote:9] Not reachable yet
[Mote:17] Not reachable yet
[Mote:1] {"node":"fd00::207:7:7:7", "cpu_energy_mj":18, "lpm_energy_mj":0, "radio_tx_energy_mj":0, "radio_rx_energy_mj":8, "node_time":2451389, "total_sent":182, "total_received":232, "bytes_tx":60, "bytes_rx":12, "r2n_latency":1274, "lqi":100, "rssi":-91, "server_sent":237, "server_received":365, "server_bytes_rx":60, "n2r_latency":1831, "hops":1, "rtt_latency":1582, "root_time_now":2453220}
[Mote:2] Sensor IPv6 = fe80::202:2:2:2
[Mote:1] {"node":"fd00::202:2:2:2", "cpu_energy_mj":18, "lpm_energy_mj":0, "radio_tx_energy_mj":0, "radio_rx_energy_mj":8, "node_time":2453562, "total_sent":96, "total_received":227, "bytes_tx":60, "bytes_rx":12, "r2n_latency":224, "lqi":100, "rssi":-83, "server_sent":243, "server_received":182, "server_bytes_rx":60, "n2r_latency":8, "hops":0, "rtt_latency":812, "root_time_now":2453570}
[Mote:3] Not reachable yet
[Mote:14] Not reachable yet
[Mote:10] Not reachable yet
[Mote:13] Not reachable yet
[Mote:18] Not reachable yet
[Mote:16] Not reachable yet
[Mote:6] Sensor IPv6 = fe80::206:6:6:6
[Mote:1] {"node":"fd00::206:6:6:6", "cpu_energy_mj":19, "lpm_energy_mj":0, "radio_tx_energy_mj":0, "radio_rx_energy_mj":8, "node_time":2458876, "total_sent":205, "total_received":241, "bytes_tx":60, "bytes_rx":12, "r2n_latency":434, "lqi":100, "rssi":-90, "server_sent":241, "server_received":427, "server_bytes_rx":60, "n2r_latency":14, "hops":0, "rtt_latency":1547, "root_time_now":2458890}
[Mote:19] Not reachable yet
[Mote:12] Not reachable yet
[Mote:4] Not reachable yet
[Mote:11] Not reachable yet
[Mote:5] Not reachable yet
[Mote:7] Sensor IPv6 = fe80::207:7:7:7
[Mote:15] Not reachable yet
[Mote:8] Not reachable yet
[Mote:9] Not reachable yet
[Mote:17] Not reachable yet
[Mote:1] {"node":"fd00::207:7:7:7", "cpu_energy_mj":18, "lpm_energy_mj":0, "radio_tx_energy_mj":0, "radio_rx_energy_mj":8, "node_time":2461865, "total_sent":183, "total_received":233, "bytes_tx":60, "bytes_rx":12, "r2n_latency":934, "lqi":100, "rssi":-91, "server_sent":238, "server_received":367, "server_bytes_rx":60, "n2r_latency":1715, "hops":1, "rtt_latency":642, "root_time_now":2463580}
[Mote:3] Not reachable yet
[Mote:2] Sensor IPv6 = fe80::202:2:2:2
[Mote:1] {"node":"fd00::202:2:2:2", "cpu_energy_mj":18, "lpm_energy_mj":0, "radio_tx_energy_mj":0, "radio_rx_energy_mj":8, "node_time":2464093, "total_sent":97, "total_received":228, "bytes_tx":60, "bytes_rx":12, "r2n_latency":164, "lqi":100, "rssi":-83, "server_sent":244, "server_received":184, "server_bytes_rx":60, "n2r_latency":47, "hops":0, "rtt_latency":327, "root_time_now":2464140}
[Mote:14] Not reachable yet
[Mote:10] Not reachable yet
[Mote:13] Not reachable yet
[Mote:16] Not reachable yet
[Mote:18] Not reachable yet
[Mote:11] Not reachable yet
[Mote:6] Sensor IPv6 = fe80::206:6:6:6
[Mote:1] {"node":"fd00::206:6:6:6", "cpu_energy_mj":19, "lpm_energy_mj":0, "radio_tx_energy_mj":0, "radio_rx_energy_mj":8, "node_time":2469811, "total_sent":206, "total_received":242, "bytes_tx":60, "bytes_rx":12, "r2n_latency":374, "lqi":100, "rssi":-90, "server_sent":242, "server_received":429, "server_bytes_rx":60, "n2r_latency":69, "hops":0, "rtt_latency":257, "root_time_now":2469880}
[Mote:19] Not reachable yet
[Mote:4] Not reachable yet
[Mote:12] Not reachable yet
[Mote:5] Not reachable yet
[Mote:7] Sensor IPv6 = fe80::207:7:7:7
[Mote:1] {"node":"fd00::207:7:7:7", "cpu_energy_mj":18, "lpm_energy_mj":0, "radio_tx_energy_mj":0, "radio_rx_energy_mj":8, "node_time":2472341, "total_sent":184, "total_received":234, "bytes_tx":60, "bytes_rx":12, "r2n_latency":944, "lqi":100, "rssi":-91, "server_sent":239, "server_received":369, "server_bytes_rx":60, "n2r_latency":129, "hops":1, "rtt_latency":822, "root_time_now":2472470}
[Mote:15] Not reachable yet
[Mote:17] Not reachable yet
[Mote:8] Not reachable yet
[Mote:9] Not reachable yet
[Mote:3] Not reachable yet
[Mote:2] Sensor IPv6 = fe80::202:2:2:2
[Mote:1] {"node":"fd00::202:2:2:2", "cpu_energy_mj":18, "lpm_energy_mj":0, "radio_tx_energy_mj":0, "radio_rx_energy_mj":8, "node_time":2474624, "total_sent":98, "total_received":229, "bytes_tx":60, "bytes_rx":12, "r2n_latency":104, "lqi":100, "rssi":-83, "server_sent":245, "server_received":186, "server_bytes_rx":60, "n2r_latency":16, "hops":0, "rtt_latency":122, "root_time_now":2474640}
[Mote:14] Not reachable yet
[Mote:10] Not reachable yet
[Mote:13] Not reachable yet
[Mote:16] Not reachable yet
[Mote:18] Not reachable yet
[Mote:11] Not reachable yet
[Mote:4] Not reachable yet
[Mote:6] Sensor IPv6 = fe80::206:6:6:6
[Mote:12] Not reachable yet
[Mote:19] Not reachable yet
[Mote:1] {"node":"fd00::206:6:6:6", "cpu_energy_mj":19, "lpm_energy_mj":0, "radio_tx_energy_mj":0, "radio_rx_energy_mj":8, "node_time":2480736, "total_sent":207, "total_received":244, "bytes_tx":60, "bytes_rx":12, "r2n_latency":394, "lqi":100, "rssi":-90, "server_sent":244, "server_received":432, "server_bytes_rx":60, "n2r_latency":1464, "hops":0, "rtt_latency":1072, "root_time_now":2482200}
[Mote:5] Not reachable yet
[Mote:7] Sensor IPv6 = fe80::207:7:7:7
[Mote:1] {"node":"fd00::207:7:7:7", "cpu_energy_mj":18, "lpm_energy_mj":0, "radio_tx_energy_mj":0, "radio_rx_energy_mj":8, "node_time":2482817, "total_sent":185, "total_received":235, "bytes_tx":60, "bytes_rx":12, "r2n_latency":1024, "lqi":100, "rssi":-91, "server_sent":240, "server_received":371, "server_bytes_rx":60, "n2r_latency":713, "hops":1, "rtt_latency":1142, "root_time_now":2483530}
[Mote:17] Not reachable yet
[Mote:15] Not reachable yet
[Mote:8] Not reachable yet
[Mote:3] Not reachable yet
[Mote:9] Not reachable yet
[Mote:2] Sensor IPv6 = fe80::202:2:2:2
[Mote:1] {"node":"fd00::202:2:2:2", "cpu_energy_mj":18, "lpm_energy_mj":0, "radio_tx_energy_mj":0, "radio_rx_energy_mj":8, "node_time":2485155, "total_sent":99, "total_received":230, "bytes_tx":60, "bytes_rx":12, "r2n_latency":44, "lqi":100, "rssi":-83, "server_sent":246, "server_received":188, "server_bytes_rx":60, "n2r_latency":55, "hops":0, "rtt_latency":1702, "root_time_now":2485210}
[Mote:10] Not reachable yet
[Mote:14] Not reachable yet
[Mote:16] Not reachable yet
[Mote:13] Not reachable yet
[Mote:18] Not reachable yet
[Mote:11] Not reachable yet
[Mote:4] Not reachable yet
[Mote:6] Sensor IPv6 = fe80::206:6:6:6
[Mote:1] {"node":"fd00::206:6:6:6", "cpu_energy_mj":19, "lpm_energy_mj":0, "radio_tx_energy_mj":1, "radio_rx_energy_mj":8, "node_time":2491665, "total_sent":208, "total_received":245, "bytes_tx":60, "bytes_rx":12, "r2n_latency":404, "lqi":100, "rssi":-90, "server_sent":245, "server_received":434, "server_bytes_rx":60, "n2r_latency":55, "hops":0, "rtt_latency":377, "root_time_now":2491720}
[Mote:12] Not reachable yet
[Mote:19] Not reachable yet
[Mote:5] Not reachable yet
[Mote:7] Sensor IPv6 = fe80::207:7:7:7
[Mote:1] {"node":"fd00::207:7:7:7", "cpu_energy_mj":18, "lpm_energy_mj":0, "radio_tx_energy_mj":0, "radio_rx_energy_mj":8, "node_time":2493293, "total_sent":186, "total_received":236, "bytes_tx":60, "bytes_rx":12, "r2n_latency":1944, "lqi":100, "rssi":-91, "server_sent":241, "server_received":373, "server_bytes_rx":60, "n2r_latency":177, "hops":1, "rtt_latency":1322, "root_time_now":2493470}
[Mote:17] Not reachable yet
[Mote:15] Not reachable yet
[Mote:8] Not reachable yet
[Mote:3] Not reachable yet
[Mote:9] Not reachable yet
[Mote:2] Sensor IPv6 = fe80::202:2:2:2
[Mote:1] {"node":"fd00::202:2:2:2", "cpu_energy_mj":18, "lpm_energy_mj":0, "radio_tx_energy_mj":0, "radio_rx_energy_mj":8, "node_time":2495688, "total_sent":100, "total_received":231, "bytes_tx":60, "bytes_rx":12, "r2n_latency":54, "lqi":100, "rssi":-83, "server_sent":247, "server_received":190, "server_bytes_rx":60, "n2r_latency":22, "hops":0, "rtt_latency":447, "root_time_now":2495710}
[Mote:10] Not reachable yet
[Mote:14] Not reachable yet
[Mote:16] Not reachable yet
[Mote:13] Not reachable yet
[Mote:11] Not reachable yet
[Mote:18] Not reachable yet
[Mote:4] Not reachable yet
[Mote:6] Sensor IPv6 = fe80::206:6:6:6
[Mote:12] Not reachable yet
[Mote:1] {"node":"fd00::206:6:6:6", "cpu_energy_mj":19, "lpm_energy_mj":0, "radio_tx_energy_mj":0, "radio_rx_energy_mj":8, "node_time":2502593, "total_sent":209, "total_received":246, "bytes_tx":60, "bytes_rx":12, "r2n_latency":344, "lqi":100, "rssi":-90, "server_sent":246, "server_received":436, "server_bytes_rx":60, "n2r_latency":47, "hops":0, "rtt_latency":242, "root_time_now":2502640}
[Mote:19] Not reachable yet
[Mote:7] Sensor IPv6 = fe80::207:7:7:7
[Mote:1] {"node":"fd00::207:7:7:7", "cpu_energy_mj":18, "lpm_energy_mj":0, "radio_tx_energy_mj":0, "radio_rx_energy_mj":8, "node_time":2503769, "total_sent":187, "total_received":237, "bytes_tx":60, "bytes_rx":12, "r2n_latency":834, "lqi":100, "rssi":-91, "server_sent":242, "server_received":375, "server_bytes_rx":60, "n2r_latency":131, "hops":1, "rtt_latency":522, "root_time_now":2503900}
[Mote:5] Not reachable yet
[Mote:17] Not reachable yet
[Mote:3] Not reachable yet
[Mote:15] Not reachable yet
[Mote:8] Not reachable yet
[Mote:9] Not reachable yet
[Mote:10] Not reachable yet
[Mote:2] Sensor IPv6 = fe80::202:2:2:2
[Mote:1] {"node":"fd00::202:2:2:2", "cpu_energy_mj":18, "lpm_energy_mj":0, "radio_tx_energy_mj":0, "radio_rx_energy_mj":8, "node_time":2506217, "total_sent":101, "total_received":232, "bytes_tx":60, "bytes_rx":12, "r2n_latency":134, "lqi":100, "rssi":-83, "server_sent":248, "server_received":192, "server_bytes_rx":60, "n2r_latency":63, "hops":0, "rtt_latency":312, "root_time_now":2506280}
[Mote:14] Not reachable yet
[Mote:16] Not reachable yet
[Mote:13] Not reachable yet
[Mote:11] Not reachable yet
[Mote:18] Not reachable yet
[Mote:4] Not reachable yet
[Mote:12] Not reachable yet
[Mote:6] Sensor IPv6 = fe80::206:6:6:6
[Mote:1] {"node":"fd00::206:6:6:6", "cpu_energy_mj":19, "lpm_energy_mj":0, "radio_tx_energy_mj":1, "radio_rx_energy_mj":8, "node_time":2513523, "total_sent":210, "total_received":247, "bytes_tx":60, "bytes_rx":12, "r2n_latency":424, "lqi":100, "rssi":-90, "server_sent":247, "server_received":438, "server_bytes_rx":60, "n2r_latency":177, "hops":0, "rtt_latency":387, "root_time_now":2513700}
[Mote:19] Not reachable yet
[Mote:7] Sensor IPv6 = fe80::207:7:7:7
[Mote:1] {"node":"fd00::207:7:7:7", "cpu_energy_mj":18, "lpm_energy_mj":0, "radio_tx_energy_mj":0, "radio_rx_energy_mj":8, "node_time":2514247, "total_sent":188, "total_received":238, "bytes_tx":60, "bytes_rx":12, "r2n_latency":1124, "lqi":100, "rssi":-91, "server_sent":243, "server_received":377, "server_bytes_rx":60, "n2r_latency":83, "hops":1, "rtt_latency":807, "root_time_now":2514330}
[Mote:17] Not reachable yet
[Mote:5] Not reachable yet
[Mote:3] Not reachable yet
[Mote:15] Not reachable yet
[Mote:8] Not reachable yet
[Mote:9] Not reachable yet
[Mote:10] Not reachable yet
[Mote:2] Sensor IPv6 = fe80::202:2:2:2
[Mote:1] {"node":"fd00::202:2:2:2", "cpu_energy_mj":18, "lpm_energy_mj":0, "radio_tx_energy_mj":0, "radio_rx_energy_mj":8, "node_time":2516748, "total_sent":102, "total_received":233, "bytes_tx":60, "bytes_rx":12, "r2n_latency":74, "lqi":100, "rssi":-83, "server_sent":249, "server_received":194, "server_bytes_rx":60, "n2r_latency":32, "hops":0, "rtt_latency":1227, "root_time_now":2516780}
[Mote:16] Not reachable yet
[Mote:14] Not reachable yet
[Mote:13] Not reachable yet
[Mote:11] Not reachable yet
[Mote:18] Not reachable yet
[Mote:4] Not reachable yet
[Mote:12] Not reachable yet
[Mote:6] Sensor IPv6 = fe80::206:6:6:6
[Mote:1] {"node":"fd00::206:6:6:6", "cpu_energy_mj":19, "lpm_energy_mj":0, "radio_tx_energy_mj":0, "radio_rx_energy_mj":8, "node_time":2524451, "total_sent":211, "total_received":248, "bytes_tx":60, "bytes_rx":12, "r2n_latency":1204, "lqi":100, "rssi":-90, "server_sent":248, "server_received":440, "server_bytes_rx":60, "n2r_latency":29, "hops":0, "rtt_latency":707, "root_time_now":2524480}
[Mote:19] Not reachable yet
[Mote:7] Sensor IPv6 = fe80::207:7:7:7
[Mote:17] Not reachable yet
[Mote:1] {"node":"fd00::207:7:7:7", "cpu_energy_mj":18, "lpm_energy_mj":0, "radio_tx_energy_mj":0, "radio_rx_energy_mj":9, "node_time":2524721, "total_sent":189, "total_received":239, "bytes_tx":60, "bytes_rx":12, "r2n_latency":1834, "lqi":100, "rssi":-91, "server_sent":244, "server_received":379, "server_bytes_rx":60, "n2r_latency":179, "hops":1, "rtt_latency":1092, "root_time_now":2524900}
[Mote:3] Not reachable yet
[Mote:5] Not reachable yet
[Mote:15] Not reachable yet
[Mote:8] Not reachable yet
[Mote:10] Not reachable yet
[Mote:9] Not reachable yet
[Mote:2] Sensor IPv6 = fe80::202:2:2:2
[Mote:1] {"node":"fd00::202:2:2:2", "cpu_energy_mj":18, "lpm_energy_mj":0, "radio_tx_energy_mj":0, "radio_rx_energy_mj":8, "node_time":2527279, "total_sent":103, "total_received":234, "bytes_tx":60, "bytes_rx":12, "r2n_latency":14, "lqi":100, "rssi":-83, "server_sent":250, "server_received":196, "server_bytes_rx":60, "n2r_latency":211, "hops":0, "rtt_latency":2737, "root_time_now":2527490}
[Mote:16] Not reachable yet
[Mote:13] Not reachable yet
[Mote:14] Not reachable yet
[Mote:11] Not reachable yet
[Mote:18] Not reachable yet
[Mote:4] Not reachable yet
[Mote:17] Not reachable yet
[Mote:12] Not reachable yet
[Mote:7] Sensor IPv6 = fe80::207:7:7:7
[Mote:1] {"node":"fd00::207:7:7:7", "cpu_energy_mj":18, "lpm_energy_mj":0, "radio_tx_energy_mj":0, "radio_rx_energy_mj":8, "node_time":2535199, "total_sent":190, "total_received":240, "bytes_tx":60, "bytes_rx":12, "r2n_latency":2124, "lqi":100, "rssi":-91, "server_sent":245, "server_received":381, "server_bytes_rx":60, "n2r_latency":131, "hops":1, "rtt_latency":1132, "root_time_now":2535330}
[Mote:6] Sensor IPv6 = fe80::206:6:6:6
[Mote:1] {"node":"fd00::206:6:6:6", "cpu_energy_mj":19, "lpm_energy_mj":0, "radio_tx_energy_mj":0, "radio_rx_energy_mj":8, "node_time":2535379, "total_sent":212, "total_received":249, "bytes_tx":60, "bytes_rx":12, "r2n_latency":864, "lqi":100, "rssi":-90, "server_sent":249, "server_received":442, "server_bytes_rx":60, "n2r_latency":21, "hops":0, "rtt_latency":642, "root_time_now":2535400}
[Mote:19] Not reachable yet
[Mote:3] Not reachable yet
[Mote:5] Not reachable yet
[Mote:8] Not reachable yet
[Mote:15] Not reachable yet
[Mote:10] Not reachable yet
[Mote:9] Not reachable yet
[Mote:2] Sensor IPv6 = fe80::202:2:2:2
[Mote:1] {"node":"fd00::202:2:2:2", "cpu_energy_mj":18, "lpm_energy_mj":0, "radio_tx_energy_mj":0, "radio_rx_energy_mj":8, "node_time":2537812, "total_sent":104, "total_received":235, "bytes_tx":60, "bytes_rx":12, "r2n_latency":24, "lqi":100, "rssi":-83, "server_sent":251, "server_received":198, "server_bytes_rx":60, "n2r_latency":38, "hops":0, "rtt_latency":292, "root_time_now":2537850}
[Mote:16] Not reachable yet
[Mote:13] Not reachable yet
[Mote:14] Not reachable yet
[Mote:11] Not reachable yet
[Mote:18] Not reachable yet
[Mote:4] Not reachable yet
[Mote:17] Not reachable yet
[Mote:7] Sensor IPv6 = fe80::207:7:7:7
[Mote:1] {"node":"fd00::207:7:7:7", "cpu_energy_mj":18, "lpm_energy_mj":0, "radio_tx_energy_mj":0, "radio_rx_energy_mj":8, "node_time":2545673, "total_sent":191, "total_received":241, "bytes_tx":60, "bytes_rx":12, "r2n_latency":944, "lqi":100, "rssi":-91, "server_sent":246, "server_received":383, "server_bytes_rx":60, "n2r_latency":87, "hops":1, "rtt_latency":612, "root_time_now":2545760}
[Mote:12] Not reachable yet
[Mote:3] Not reachable yet
[Mote:6] Sensor IPv6 = fe80::206:6:6:6
[Mote:1] {"node":"fd00::206:6:6:6", "cpu_energy_mj":19, "lpm_energy_mj":0, "radio_tx_energy_mj":0, "radio_rx_energy_mj":8, "node_time":2546308, "total_sent":213, "total_received":250, "bytes_tx":60, "bytes_rx":12, "r2n_latency":314, "lqi":100, "rssi":-90, "server_sent":250, "server_received":444, "server_bytes_rx":60, "n2r_latency":12, "hops":0, "rtt_latency":332, "root_time_now":2546320}
[Mote:19] Not reachable yet
[Mote:10] Not reachable yet
[Mote:8] Not reachable yet
[Mote:15] Not reachable yet
[Mote:5] Not reachable yet
[Mote:9] Not reachable yet
[Mote:2] Sensor IPv6 = fe80::202:2:2:2
[Mote:1] {"node":"fd00::202:2:2:2", "cpu_energy_mj":18, "lpm_energy_mj":0, "radio_tx_energy_mj":0, "radio_rx_energy_mj":8, "node_time":2548341, "total_sent":105, "total_received":236, "bytes_tx":60, "bytes_rx":12, "r2n_latency":34, "lqi":100, "rssi":-83, "server_sent":252, "server_received":200, "server_bytes_rx":60, "n2r_latency":9, "hops":0, "rtt_latency":122, "root_time_now":2548350}
[Mote:16] Not reachable yet
[Mote:13] Not reachable yet
[Mote:11] Not reachable yet
[Mote:14] Sensor IPv6 = fe80::20e:e:e:e
[Mote:18] Not reachable yet
[Mote:4] Not reachable yet
[Mote:1] {"node":"fd00::20e:e:e:e", "cpu_energy_mj":503, "lpm_energy_mj":0, "radio_tx_energy_mj":8, "radio_rx_energy_mj":1010, "node_time":2550884, "total_sent":42, "total_received":184, "bytes_tx":60, "bytes_rx":12, "r2n_latency":534, "lqi":100, "rssi":-83, "server_sent":248, "server_received":65, "server_bytes_rx":60, "n2r_latency":3906, "hops":1, "rtt_latency":2367, "root_time_now":2554790}
[Mote:17] Not reachable yet
[Mote:7] Sensor IPv6 = fe80::207:7:7:7
[Mote:3] Not reachable yet
[Mote:1] {"node":"fd00::207:7:7:7", "cpu_energy_mj":18, "lpm_energy_mj":0, "radio_tx_energy_mj":0, "radio_rx_energy_mj":8, "node_time":2556151, "total_sent":192, "total_received":242, "bytes_tx":60, "bytes_rx":12, "r2n_latency":1304, "lqi":100, "rssi":-91, "server_sent":247, "server_received":385, "server_bytes_rx":60, "n2r_latency":109, "hops":1, "rtt_latency":2437, "root_time_now":2556260}
[Mote:12] Not reachable yet
[Mote:10] Not reachable yet
[Mote:6] Sensor IPv6 = fe80::206:6:6:6
[Mote:1] {"node":"fd00::206:6:6:6", "cpu_energy_mj":19, "lpm_energy_mj":0, "radio_tx_energy_mj":0, "radio_rx_energy_mj":8, "node_time":2557237, "total_sent":214, "total_received":251, "bytes_tx":60, "bytes_rx":12, "r2n_latency":184, "lqi":100, "rssi":-90, "server_sent":251, "server_received":446, "server_bytes_rx":60, "n2r_latency":73, "hops":0, "rtt_latency":1247, "root_time_now":2557310}
[Mote:19] Not reachable yet
[Mote:8] Not reachable yet
[Mote:15] Not reachable yet
[Mote:5] Not reachable yet
[Mote:16] Not reachable yet
[Mote:9] Not reachable yet
[Mote:2] Sensor IPv6 = fe80::202:2:2:2
[Mote:1] {"node":"fd00::202:2:2:2", "cpu_energy_mj":18, "lpm_energy_mj":0, "radio_tx_energy_mj":0, "radio_rx_energy_mj":8, "node_time":2558872, "total_sent":106, "total_received":237, "bytes_tx":60, "bytes_rx":12, "r2n_latency":44, "lqi":100, "rssi":-83, "server_sent":253, "server_received":202, "server_bytes_rx":60, "n2r_latency":48, "hops":0, "rtt_latency":1142, "root_time_now":2558920}
[Mote:13] Not reachable yet
[Mote:11] Not reachable yet
[Mote:14] Sensor IPv6 = fe80::20e:e:e:e
[Mote:1] {"node":"fd00::20e:e:e:e", "cpu_energy_mj":19, "lpm_energy_mj":0, "radio_tx_energy_mj":0, "radio_rx_energy_mj":8, "node_time":2561649, "total_sent":43, "total_received":185, "bytes_tx":60, "bytes_rx":12, "r2n_latency":614, "lqi":100, "rssi":-83, "server_sent":249, "server_received":67, "server_bytes_rx":60, "n2r_latency":141, "hops":1, "rtt_latency":517, "root_time_now":2561790}
[Mote:18] Not reachable yet
[Mote:4] Not reachable yet
[Mote:17] Not reachable yet
[Mote:3] Not reachable yet
[Mote:7] Sensor IPv6 = fe80::207:7:7:7
[Mote:10] Not reachable yet
[Mote:12] Not reachable yet
[Mote:8] Not reachable yet
[Mote:15] Not reachable yet
[Mote:6] Sensor IPv6 = fe80::206:6:6:6
[Mote:1] {"node":"fd00::206:6:6:6", "cpu_energy_mj":19, "lpm_energy_mj":0, "radio_tx_energy_mj":0, "radio_rx_energy_mj":8, "node_time":2568170, "total_sent":215, "total_received":252, "bytes_tx":60, "bytes_rx":12, "r2n_latency":194, "lqi":100, "rssi":-90, "server_sent":252, "server_received":448, "server_bytes_rx":60, "n2r_latency":60, "hops":0, "rtt_latency":202, "root_time_now":2568230}
[Mote:19] Not reachable yet
[Mote:16] Not reachable yet
[Mote:5] Not reachable yet
[Mote:9] Not reachable yet
[Mote:13] Not reachable yet
[Mote:2] Sensor IPv6 = fe80::202:2:2:2
[Mote:11] Not reachable yet
[Mote:14] Sensor IPv6 = fe80::20e:e:e:e
[Mote:18] Not reachable yet
[Mote:4] Not reachable yet
[Mote:17] Not reachable yet
[Mote:3] Not reachable yet
[Mote:7] Sensor IPv6 = fe80::207:7:7:7
[Mote:10] Not reachable yet
[Mote:12] Not reachable yet
[Mote:8] Not reachable yet
[Mote:16] Not reachable yet
[Mote:15] Not reachable yet
[Mote:1] {"node":"fd00::20e:e:e:e", "cpu_energy_mj":19, "lpm_energy_mj":0, "radio_tx_energy_mj":0, "radio_rx_energy_mj":9, "node_time":2572410, "total_sent":44, "total_received":186, "bytes_tx":60, "bytes_rx":12, "r2n_latency":834, "lqi":100, "rssi":-93, "server_sent":250, "server_received":68, "server_bytes_rx":60, "n2r_latency":6530, "hops":1, "rtt_latency":517, "root_time_now":2578940}
[Mote:1] {"node":"fd00::207:7:7:7", "cpu_energy_mj":18, "lpm_energy_mj":0, "radio_tx_energy_mj":0, "radio_rx_energy_mj":8, "node_time":2577101, "total_sent":194, "total_received":244, "bytes_tx":60, "bytes_rx":12, "r2n_latency":1744, "lqi":100, "rssi":-91, "server_sent":249, "server_received":388, "server_bytes_rx":60, "n2r_latency":1909, "hops":1, "rtt_latency":4442, "root_time_now":2579010}
[Mote:6] Sensor IPv6 = fe80::206:6:6:6
[Mote:1] {"node":"fd00::206:6:6:6", "cpu_energy_mj":19, "lpm_energy_mj":0, "radio_tx_energy_mj":1, "radio_rx_energy_mj":8, "node_time":2579095, "total_sent":216, "total_received":253, "bytes_tx":60, "bytes_rx":12, "r2n_latency":134, "lqi":100, "rssi":-90, "server_sent":253, "server_received":450, "server_bytes_rx":60, "n2r_latency":55, "hops":0, "rtt_latency":3042, "root_time_now":2579150}
[Mote:13] Not reachable yet
[Mote:19] Not reachable yet
[Mote:5] Not reachable yet
[Mote:9] Not reachable yet
[Mote:2] Sensor IPv6 = fe80::202:2:2:2
[Mote:11] Not reachable yet
[Mote:14] Not reachable yet
[Mote:18] Not reachable yet
[Mote:17] Not reachable yet
[Mote:4] Not reachable yet
[Mote:3] Not reachable yet
[Mote:7] Sensor IPv6 = fe80::207:7:7:7
[Mote:10] Not reachable yet
[Mote:1] {"node":"fd00::207:7:7:7", "cpu_energy_mj":18, "lpm_energy_mj":0, "radio_tx_energy_mj":0, "radio_rx_energy_mj":8, "node_time":2587577, "total_sent":195, "total_received":245, "bytes_tx":60, "bytes_rx":12, "r2n_latency":984, "lqi":100, "rssi":-91, "server_sent":250, "server_received":390, "server_bytes_rx":60, "n2r_latency":113, "hops":1, "rtt_latency":1822, "root_time_now":2587690}
[Mote:16] Not reachable yet
[Mote:8] Not reachable yet
[Mote:15] Not reachable yet
[Mote:12] Not reachable yet
[Mote:13] Not reachable yet
[Mote:6] Sensor IPv6 = fe80::206:6:6:6
[Mote:9] Not reachable yet
[Mote:19] Not reachable yet
[Mote:5] Not reachable yet
[Mote:2] Not reachable yet
[Mote:11] Not reachable yet
[Mote:1] {"node":"fd00::206:6:6:6", "cpu_energy_mj":19, "lpm_energy_mj":0, "radio_tx_energy_mj":0, "radio_rx_energy_mj":8, "node_time":2590024, "total_sent":217, "total_received":254, "bytes_tx":60, "bytes_rx":12, "r2n_latency":424, "lqi":100, "rssi":-90, "server_sent":255, "server_received":452, "server_bytes_rx":60, "n2r_latency":1726, "hops":0, "rtt_latency":1787, "root_time_now":2591750}
[Mote:14] Not reachable yet
[Mote:18] Not reachable yet
[Mote:17] Not reachable yet
[Mote:4] Not reachable yet
[Mote:3] Not reachable yet
[Mote:10] Not reachable yet
[Mote:7] Sensor IPv6 = fe80::207:7:7:7
[Mote:1] {"node":"fd00::207:7:7:7", "cpu_energy_mj":18, "lpm_energy_mj":0, "radio_tx_energy_mj":0, "radio_rx_energy_mj":8, "node_time":2598055, "total_sent":196, "total_received":246, "bytes_tx":60, "bytes_rx":12, "r2n_latency":994, "lqi":100, "rssi":-91, "server_sent":251, "server_received":392, "server_bytes_rx":60, "n2r_latency":135, "hops":1, "rtt_latency":952, "root_time_now":2598190}
[Mote:16] Not reachable yet
[Mote:8] Not reachable yet
[Mote:13] Not reachable yet
[Mote:15] Not reachable yet
[Mote:12] Not reachable yet
[Mote:9] Not reachable yet
[Mote:6] Sensor IPv6 = fe80::206:6:6:6
[Mote:2] Not reachable yet
[Mote:19] Not reachable yet
[Mote:5] Not reachable yet
[Mote:11] Not reachable yet
[Mote:14] Not reachable yet
[Mote:1] {"node":"fd00::206:6:6:6", "cpu_energy_mj":19, "lpm_energy_mj":0, "radio_tx_energy_mj":0, "radio_rx_energy_mj":8, "node_time":2600955, "total_sent":218, "total_received":256, "bytes_tx":60, "bytes_rx":12, "r2n_latency":584, "lqi":100, "rssi":-90, "server_sent":256, "server_received":455, "server_bytes_rx":60, "n2r_latency":4095, "hops":0, "rtt_latency":2497, "root_time_now":2605050}
[Mote:18] Not reachable yet
[Mote:17] Not reachable yet
[Mote:4] Not reachable yet
[Mote:3] Not reachable yet
[Mote:10] Not reachable yet
[Mote:7] Sensor IPv6 = fe80::207:7:7:7
[Mote:1] {"node":"fd00::207:7:7:7", "cpu_energy_mj":18, "lpm_energy_mj":0, "radio_tx_energy_mj":0, "radio_rx_energy_mj":8, "node_time":2608529, "total_sent":197, "total_received":247, "bytes_tx":60, "bytes_rx":12, "r2n_latency":1424, "lqi":100, "rssi":-91, "server_sent":252, "server_received":394, "server_bytes_rx":60, "n2r_latency":91, "hops":1, "rtt_latency":2567, "root_time_now":2608620}
[Mote:16] Not reachable yet
[Mote:13] Not reachable yet
[Mote:8] Not reachable yet
[Mote:15] Not reachable yet
[Mote:12] Not reachable yet
[Mote:9] Not reachable yet
[Mote:11] Not reachable yet
[Mote:2] Not reachable yet
[Mote:6] Sensor IPv6 = fe80::206:6:6:6
[Mote:1] {"node":"fd00::206:6:6:6", "cpu_energy_mj":19, "lpm_energy_mj":0, "radio_tx_energy_mj":1, "radio_rx_energy_mj":8, "node_time":2611884, "total_sent":219, "total_received":257, "bytes_tx":60, "bytes_rx":12, "r2n_latency":384, "lqi":100, "rssi":-90, "server_sent":257, "server_received":457, "server_bytes_rx":60, "n2r_latency":26, "hops":0, "rtt_latency":822, "root_time_now":2611910}
[Mote:5] Not reachable yet
[Mote:19] Not reachable yet
[Mote:14] Not reachable yet
[Mote:18] Not reachable yet
[Mote:17] Not reachable yet
[Mote:3] Not reachable yet
[Mote:4] Not reachable yet
[Mote:10] Not reachable yet
[Mote:16] Not reachable yet
[Mote:7] Sensor IPv6 = fe80::207:7:7:7
[Mote:1] {"node":"fd00::207:7:7:7", "cpu_energy_mj":18, "lpm_energy_mj":0, "radio_tx_energy_mj":0, "radio_rx_energy_mj":8, "node_time":2619007, "total_sent":198, "total_received":248, "bytes_tx":60, "bytes_rx":12, "r2n_latency":944, "lqi":100, "rssi":-91, "server_sent":253, "server_received":396, "server_bytes_rx":60, "n2r_latency":113, "hops":1, "rtt_latency":892, "root_time_now":2619120}
[Mote:13] Not reachable yet
[Mote:8] Not reachable yet
[Mote:15] Not reachable yet
[Mote:11] Not reachable yet
[Mote:12] Not reachable yet
[Mote:9] Not reachable yet
[Mote:2] Not reachable yet
[Mote:5] Sensor IPv6 = fe80::205:5:5:5
[Mote:6] Sensor IPv6 = fe80::206:6:6:6
[Mote:19] Not reachable yet
[Mote:1] {"node":"fd00::205:5:5:5", "cpu_energy_mj":524, "lpm_energy_mj":0, "radio_tx_energy_mj":12, "radio_rx_energy_mj":2380, "node_time":2622776, "total_sent":185, "total_received":257, "bytes_tx":60, "bytes_rx":12, "r2n_latency":43, "lqi":100, "rssi":-89, "server_sent":260, "server_received":368, "server_bytes_rx":60, "n2r_latency":334, "hops":0, "rtt_latency":826, "root_time_now":2623110}
[Mote:1] {"node":"fd00::206:6:6:6", "cpu_energy_mj":19, "lpm_energy_mj":0, "radio_tx_energy_mj":1, "radio_rx_energy_mj":8, "node_time":2622812, "total_sent":220, "total_received":258, "bytes_tx":60, "bytes_rx":12, "r2n_latency":393, "lqi":100, "rssi":-90, "server_sent":258, "server_received":459, "server_bytes_rx":60, "n2r_latency":1208, "hops":0, "rtt_latency":686, "root_time_now":2624020}
[Mote:14] Not reachable yet
[Mote:18] Not reachable yet
[Mote:17] Not reachable yet
[Mote:3] Not reachable yet
[Mote:4] Not reachable yet
[Mote:10] Not reachable yet
[Mote:16] Not reachable yet
[Mote:7] Sensor IPv6 = fe80::207:7:7:7
[Mote:1] {"node":"fd00::207:7:7:7", "cpu_energy_mj":18, "lpm_energy_mj":0, "radio_tx_energy_mj":0, "radio_rx_energy_mj":8, "node_time":2629483, "total_sent":199, "total_received":249, "bytes_tx":60, "bytes_rx":12, "r2n_latency":1513, "lqi":100, "rssi":-91, "server_sent":254, "server_received":398, "server_bytes_rx":60, "n2r_latency":137, "hops":1, "rtt_latency":966, "root_time_now":2629620}
[Mote:13] Not reachable yet
[Mote:8] Not reachable yet
[Mote:15] Not reachable yet
[Mote:11] Not reachable yet
[Mote:9] Not reachable yet
[Mote:2] Not reachable yet
[Mote:12] Not reachable yet
[Mote:5] Sensor IPv6 = fe80::205:5:5:5
[Mote:1] {"node":"fd00::205:5:5:5", "cpu_energy_mj":19, "lpm_energy_mj":0, "radio_tx_energy_mj":0, "radio_rx_energy_mj":8, "node_time":2633565, "total_sent":186, "total_received":258, "bytes_tx":60, "bytes_rx":12, "r2n_latency":54, "lqi":100, "rssi":-89, "server_sent":261, "server_received":370, "server_bytes_rx":60, "n2r_latency":45, "hops":0, "rtt_latency":447, "root_time_now":2633610}
[Mote:6] Sensor IPv6 = fe80::206:6:6:6
[Mote:1] {"node":"fd00::206:6:6:6", "cpu_energy_mj":19, "lpm_energy_mj":0, "radio_tx_energy_mj":0, "radio_rx_energy_mj":8, "node_time":2633742, "total_sent":221, "total_received":259, "bytes_tx":60, "bytes_rx":12, "r2n_latency":264, "lqi":100, "rssi":-90, "server_sent":259, "server_received":461, "server_bytes_rx":60, "n2r_latency":8, "hops":0, "rtt_latency":1497, "root_time_now":2633750}
[Mote:19] Not reachable yet
[Mote:14] Not reachable yet
[Mote:17] Not reachable yet
[Mote:18] Not reachable yet
[Mote:3] Not reachable yet
[Mote:10] Not reachable yet
[Mote:16] Not reachable yet
[Mote:4] Not reachable yet
[Mote:7] Sensor IPv6 = fe80::207:7:7:7
[Mote:13] Not reachable yet
[Mote:8] Not reachable yet
[Mote:15] Not reachable yet
[Mote:11] Not reachable yet
[Mote:9] Not reachable yet
[Mote:2] Not reachable yet
[Mote:12] Not reachable yet
[Mote:5] Sensor IPv6 = fe80::205:5:5:5
[Mote:1] {"node":"fd00::205:5:5:5", "cpu_energy_mj":19, "lpm_energy_mj":0, "radio_tx_energy_mj":0, "radio_rx_energy_mj":8, "node_time":2644357, "total_sent":187, "total_received":259, "bytes_tx":60, "bytes_rx":12, "r2n_latency":64, "lqi":100, "rssi":-89, "server_sent":262, "server_received":372, "server_bytes_rx":60, "n2r_latency":103, "hops":0, "rtt_latency":732, "root_time_now":2644460}
[Mote:6] Sensor IPv6 = fe80::206:6:6:6
[Mote:19] Not reachable yet
[Mote:17] Not reachable yet
[Mote:14] Sensor IPv6 = fe80::20e:e:e:e
[Mote:1] {"node":"fd00::20e:e:e:e", "cpu_energy_mj":135, "lpm_energy_mj":0, "radio_tx_energy_mj":2, "radio_rx_energy_mj":62, "node_time":2647751, "total_sent":45, "total_received":192, "bytes_tx":60, "bytes_rx":12, "r2n_latency":624, "lqi":100, "rssi":-83, "server_sent":257, "server_received":69, "server_bytes_rx":60, "n2r_latency":139, "hops":1, "rtt_latency":517, "root_time_now":2647890}
[Mote:18] Not reachable yet
[Mote:3] Not reachable yet
[Mote:10] Not reachable yet
[Mote:16] Not reachable yet
[Mote:4] Not reachable yet
[Mote:13] Not reachable yet
[Mote:7] Sensor IPv6 = fe80::207:7:7:7
[Mote:8] Not reachable yet
[Mote:11] Not reachable yet
[Mote:15] Not reachable yet
[Mote:1] {"node":"fd00::207:7:7:7", "cpu_energy_mj":18, "lpm_energy_mj":0, "radio_tx_energy_mj":0, "radio_rx_energy_mj":9, "node_time":2650433, "total_sent":201, "total_received":251, "bytes_tx":60, "bytes_rx":12, "r2n_latency":834, "lqi":100, "rssi":-91, "server_sent":257, "server_received":401, "server_bytes_rx":60, "n2r_latency":3057, "hops":1, "rtt_latency":3077, "root_time_now":2653490}
[Mote:9] Not reachable yet
[Mote:2] Not reachable yet
[Mote:12] Not reachable yet
[Mote:5] Sensor IPv6 = fe80::205:5:5:5
[Mote:1] {"node":"fd00::205:5:5:5", "cpu_energy_mj":19, "lpm_energy_mj":0, "radio_tx_energy_mj":0, "radio_rx_energy_mj":8, "node_time":2655150, "total_sent":188, "total_received":260, "bytes_tx":60, "bytes_rx":12, "r2n_latency":74, "lqi":100, "rssi":-89, "server_sent":263, "server_received":374, "server_bytes_rx":60, "n2r_latency":20, "hops":0, "rtt_latency":1472, "root_time_now":2655170}
[Mote:6] Sensor IPv6 = fe80::206:6:6:6
[Mote:1] {"node":"fd00::206:6:6:6", "cpu_energy_mj":19, "lpm_energy_mj":0, "radio_tx_energy_mj":0, "radio_rx_energy_mj":8, "node_time":2655600, "total_sent":223, "total_received":261, "bytes_tx":60, "bytes_rx":12, "r2n_latency":284, "lqi":100, "rssi":-90, "server_sent":261, "server_received":464, "server_bytes_rx":60, "n2r_latency":130, "hops":0, "rtt_latency":1717, "root_time_now":2655730}
[Mote:19] Not reachable yet
[Mote:17] Not reachable yet
[Mote:14] Sensor IPv6 = fe80::20e:e:e:e
[Mote:18] Not reachable yet
[Mote:1] {"node":"fd00::20e:e:e:e", "cpu_energy_mj":19, "lpm_energy_mj":0, "radio_tx_energy_mj":0, "radio_rx_energy_mj":9, "node_time":2658516, "total_sent":46, "total_received":193, "bytes_tx":60, "bytes_rx":12, "r2n_latency":774, "lqi":100, "rssi":-83, "server_sent":258, "server_received":71, "server_bytes_rx":60, "n2r_latency":84, "hops":1, "rtt_latency":1787, "root_time_now":2658600}
[Mote:16] Not reachable yet
[Mote:3] Not reachable yet
[Mote:10] Not reachable yet
[Mote:4] Not reachable yet
[Mote:13] Not reachable yet
[Mote:7] Sensor IPv6 = fe80::207:7:7:7
[Mote:11] Not reachable yet
[Mote:8] Not reachable yet
[Mote:15] Not reachable yet
[Mote:2] Not reachable yet
[Mote:9] Not reachable yet
[Mote:12] Not reachable yet
[Mote:1] {"node":"fd00::207:7:7:7", "cpu_energy_mj":18, "lpm_energy_mj":0, "radio_tx_energy_mj":0, "radio_rx_energy_mj":9, "node_time":2660911, "total_sent":202, "total_received":252, "bytes_tx":60, "bytes_rx":12, "r2n_latency":1614, "lqi":100, "rssi":-91, "server_sent":258, "server_received":403, "server_bytes_rx":60, "n2r_latency":4619, "hops":1, "rtt_latency":1822, "root_time_now":2665530}
[Mote:5] Sensor IPv6 = fe80::205:5:5:5
[Mote:1] {"node":"fd00::205:5:5:5", "cpu_energy_mj":19, "lpm_energy_mj":0, "radio_tx_energy_mj":0, "radio_rx_energy_mj":8, "node_time":2665942, "total_sent":189, "total_received":261, "bytes_tx":60, "bytes_rx":12, "r2n_latency":14, "lqi":100, "rssi":-89, "server_sent":264, "server_received":376, "server_bytes_rx":60, "n2r_latency":8, "hops":0, "rtt_latency":2002, "root_time_now":2665950}
[Mote:6] Sensor IPv6 = fe80::206:6:6:6
[Mote:1] {"node":"fd00::206:6:6:6", "cpu_energy_mj":19, "lpm_energy_mj":0, "radio_tx_energy_mj":0, "radio_rx_energy_mj":8, "node_time":2666529, "total_sent":224, "total_received":262, "bytes_tx":60, "bytes_rx":12, "r2n_latency":224, "lqi":100, "rssi":-90, "server_sent":262, "server_received":466, "server_bytes_rx":60, "n2r_latency":51, "hops":0, "rtt_latency":217, "root_time_now":2666580}
[Mote:19] Not reachable yet
[Mote:17] Not reachable yet
[Mote:16] Not reachable yet
[Mote:18] Not reachable yet
[Mote:3] Not reachable yet
[Mote:10] Sensor IPv6 = fe80::20a:a:a:a
[Mote:14] Sensor IPv6 = fe80::20e:e:e:e
[Mote:1] {"node":"fd00::20a:a:a:a", "cpu_energy_mj":1100, "lpm_energy_mj":0, "radio_tx_energy_mj":10, "radio_rx_energy_mj":561, "node_time":2669153, "total_sent":47, "total_received":186, "bytes_tx":60, "bytes_rx":12, "r2n_latency":2884, "lqi":100, "rssi":-38, "server_sent":257, "server_received":93, "server_bytes_rx":60, "n2r_latency":157, "hops":2, "rtt_latency":1582, "root_time_now":2669310}
[Mote:13] Not reachable yet
[Mote:4] Not reachable yet
[Mote:7] Sensor IPv6 = fe80::207:7:7:7
[Mote:1] {"node":"fd00::207:7:7:7", "cpu_energy_mj":18, "lpm_energy_mj":0, "radio_tx_energy_mj":0, "radio_rx_energy_mj":8, "node_time":2671385, "total_sent":203, "total_received":254, "bytes_tx":60, "bytes_rx":12, "r2n_latency":1214, "lqi":100, "rssi":-91, "server_sent":259, "server_received":406, "server_bytes_rx":60, "n2r_latency":725, "hops":1, "rtt_latency":1027, "root_time_now":2672110}
[Mote:11] Not reachable yet
[Mote:8] Not reachable yet
[Mote:1] {"node":"fd00::20e:e:e:e", "cpu_energy_mj":19, "lpm_energy_mj":0, "radio_tx_energy_mj":0, "radio_rx_energy_mj":8, "node_time":2669275, "total_sent":47, "total_received":194, "bytes_tx":60, "bytes_rx":12, "r2n_latency":644, "lqi":100, "rssi":-83, "server_sent":260, "server_received":73, "server_bytes_rx":60, "n2r_latency":3745, "hops":1, "rtt_latency":987, "root_time_now":2673020}
[Mote:15] Not reachable yet
[Mote:2] Not reachable yet
[Mote:9] Not reachable yet
[Mote:12] Not reachable yet
[Mote:5] Sensor IPv6 = fe80::205:5:5:5
[Mote:1] {"node":"fd00::205:5:5:5", "cpu_energy_mj":19, "lpm_energy_mj":0, "radio_tx_energy_mj":0, "radio_rx_energy_mj":8, "node_time":2676736, "total_sent":190, "total_received":262, "bytes_tx":60, "bytes_rx":12, "r2n_latency":24, "lqi":100, "rssi":-89, "server_sent":265, "server_received":378, "server_bytes_rx":60, "n2r_latency":64, "hops":0, "rtt_latency":1377, "root_time_now":2676800}
[Mote:6] Sensor IPv6 = fe80::206:6:6:6
[Mote:1] {"node":"fd00::206:6:6:6", "cpu_energy_mj":19, "lpm_energy_mj":0, "radio_tx_energy_mj":0, "radio_rx_energy_mj":8, "node_time":2677460, "total_sent":225, "total_received":263, "bytes_tx":60, "bytes_rx":12, "r2n_latency":234, "lqi":100, "rssi":-90, "server_sent":263, "server_received":468, "server_bytes_rx":60, "n2r_latency":40, "hops":0, "rtt_latency":957, "root_time_now":2677500}
[Mote:19] Not reachable yet
[Mote:17] Not reachable yet
[Mote:16] Not reachable yet
[Mote:10] Sensor IPv6 = fe80::20a:a:a:a
[Mote:3] Not reachable yet
[Mote:18] Not reachable yet
[Mote:14] Sensor IPv6 = fe80::20e:e:e:e
[Mote:13] Not reachable yet
[Mote:4] Not reachable yet
[Mote:7] Sensor IPv6 = fe80::207:7:7:7
[Mote:11] Not reachable yet
[Mote:8] Not reachable yet
[Mote:15] Not reachable yet
[Mote:1] {"node":"fd00::207:7:7:7", "cpu_energy_mj":18, "lpm_energy_mj":0, "radio_tx_energy_mj":0, "radio_rx_energy_mj":9, "node_time":2681861, "total_sent":204, "total_received":255, "bytes_tx":60, "bytes_rx":12, "r2n_latency":1504, "lqi":100, "rssi":-91, "server_sent":260, "server_received":408, "server_bytes_rx":60, "n2r_latency":2639, "hops":1, "rtt_latency":2222, "root_time_now":2684500}
[Mote:1] {"node":"fd00::20e:e:e:e", "cpu_energy_mj":19, "lpm_energy_mj":0, "radio_tx_energy_mj":0, "radio_rx_energy_mj":8, "node_time":2680042, "total_sent":48, "total_received":195, "bytes_tx":60, "bytes_rx":12, "r2n_latency":724, "lqi":100, "rssi":-83, "server_sent":261, "server_received":75, "server_bytes_rx":60, "n2r_latency":4738, "hops":1, "rtt_latency":1587, "root_time_now":2684780}
[Mote:2] Not reachable yet
[Mote:9] Not reachable yet
[Mote:12] Not reachable yet
[Mote:5] Sensor IPv6 = fe80::205:5:5:5
[Mote:1] {"node":"fd00::205:5:5:5", "cpu_energy_mj":19, "lpm_energy_mj":0, "radio_tx_energy_mj":0, "radio_rx_energy_mj":8, "node_time":2687528, "total_sent":191, "total_received":263, "bytes_tx":60, "bytes_rx":12, "r2n_latency":34, "lqi":100, "rssi":-89, "server_sent":266, "server_received":380, "server_bytes_rx":60, "n2r_latency":682, "hops":0, "rtt_latency":297, "root_time_now":2688210}
[Mote:17] Not reachable yet
[Mote:6] Sensor IPv6 = fe80::206:6:6:6
[Mote:1] {"node":"fd00::206:6:6:6", "cpu_energy_mj":19, "lpm_energy_mj":0, "radio_tx_energy_mj":1, "radio_rx_energy_mj":7, "node_time":2688387, "total_sent":226, "total_received":264, "bytes_tx":60, "bytes_rx":12, "r2n_latency":244, "lqi":100, "rssi":-90, "server_sent":264, "server_received":470, "server_bytes_rx":60, "n2r_latency":33, "hops":0, "rtt_latency":437, "root_time_now":2688420}
[Mote:19] Not reachable yet
[Mote:16] Not reachable yet
[Mote:10] Sensor IPv6 = fe80::20a:a:a:a
[Mote:3] Not reachable yet
[Mote:18] Not reachable yet
[Mote:13] Not reachable yet
[Mote:14] Sensor IPv6 = fe80::20e:e:e:e
[Mote:4] Not reachable yet
[Mote:7] Sensor IPv6 = fe80::207:7:7:7
[Mote:11] Not reachable yet
[Mote:1] {"node":"fd00::207:7:7:7", "cpu_energy_mj":18, "lpm_energy_mj":0, "radio_tx_energy_mj":0, "radio_rx_energy_mj":9, "node_time":2692339, "total_sent":205, "total_received":256, "bytes_tx":60, "bytes_rx":12, "r2n_latency":1444, "lqi":100, "rssi":-91, "server_sent":261, "server_received":410, "server_bytes_rx":60, "n2r_latency":491, "hops":1, "rtt_latency":1387, "root_time_now":2692830}
[Mote:1] {"node":"fd00::20e:e:e:e", "cpu_energy_mj":19, "lpm_energy_mj":0, "radio_tx_energy_mj":0, "radio_rx_energy_mj":8, "node_time":2690803, "total_sent":49, "total_received":197, "bytes_tx":60, "bytes_rx":12, "r2n_latency":674, "lqi":100, "rssi":-73, "server_sent":262, "server_received":78, "server_bytes_rx":60, "n2r_latency":2797, "hops":1, "rtt_latency":1632, "root_time_now":2693600}
[Mote:8] Not reachable yet
[Mote:15] Not reachable yet
[Mote:2] Not reachable yet
[Mote:9] Not reachable yet
[Mote:12] Not reachable yet
[Mote:5] Sensor IPv6 = fe80::205:5:5:5
[Mote:1] {"node":"fd00::205:5:5:5", "cpu_energy_mj":19, "lpm_energy_mj":0, "radio_tx_energy_mj":0, "radio_rx_energy_mj":8, "node_time":2698320, "total_sent":192, "total_received":264, "bytes_tx":60, "bytes_rx":12, "r2n_latency":44, "lqi":100, "rssi":-89, "server_sent":267, "server_received":382, "server_bytes_rx":60, "n2r_latency":40, "hops":0, "rtt_latency":442, "root_time_now":2698360}
[Mote:17] Not reachable yet
[Mote:16] Not reachable yet
[Mote:6] Sensor IPv6 = fe80::206:6:6:6
[Mote:1] {"node":"fd00::206:6:6:6", "cpu_energy_mj":19, "lpm_energy_mj":0, "radio_tx_energy_mj":0, "radio_rx_energy_mj":8, "node_time":2699318, "total_sent":227, "total_received":265, "bytes_tx":60, "bytes_rx":12, "r2n_latency":324, "lqi":100, "rssi":-90, "server_sent":265, "server_received":472, "server_bytes_rx":60, "n2r_latency":22, "hops":0, "rtt_latency":1352, "root_time_now":2699340}
[Mote:19] Not reachable yet
[Mote:10] Sensor IPv6 = fe80::20a:a:a:a
[Mote:3] Not reachable yet
[Mote:13] Not reachable yet
[Mote:18] Not reachable yet
[Mote:14] Sensor IPv6 = fe80::20e:e:e:e
[Mote:4] Not reachable yet
[Mote:11] Not reachable yet
[Mote:7] Sensor IPv6 = fe80::207:7:7:7
[Mote:1] {"node":"fd00::207:7:7:7", "cpu_energy_mj":18, "lpm_energy_mj":0, "radio_tx_energy_mj":0, "radio_rx_energy_mj":8, "node_time":2702813, "total_sent":206, "total_received":257, "bytes_tx":60, "bytes_rx":12, "r2n_latency":1384, "lqi":100, "rssi":-91, "server_sent":262, "server_received":412, "server_bytes_rx":60, "n2r_latency":97, "hops":1, "rtt_latency":1112, "root_time_now":2702910}
[Mote:8] Not reachable yet
[Mote:15] Not reachable yet
[Mote:2] Not reachable yet
[Mote:9] Not reachable yet
[Mote:12] Not reachable yet
[Mote:17] Not reachable yet
[Mote:16] Not reachable yet
[Mote:5] Sensor IPv6 = fe80::205:5:5:5
[Mote:1] {"node":"fd00::205:5:5:5", "cpu_energy_mj":19, "lpm_energy_mj":0, "radio_tx_energy_mj":0, "radio_rx_energy_mj":8, "node_time":2709112, "total_sent":193, "total_received":265, "bytes_tx":60, "bytes_rx":12, "r2n_latency":54, "lqi":100, "rssi":-89, "server_sent":268, "server_received":384, "server_bytes_rx":60, "n2r_latency":28, "hops":0, "rtt_latency":1322, "root_time_now":2709140}
[Mote:10] Not reachable yet
[Mote:3] Not reachable yet
[Mote:6] Sensor IPv6 = fe80::206:6:6:6
[Mote:19] Not reachable yet
[Mote:13] Not reachable yet
[Mote:18] Not reachable yet
[Mote:14] Not reachable yet
[Mote:1] {"node":"fd00::206:6:6:6", "cpu_energy_mj":19, "lpm_energy_mj":0, "radio_tx_energy_mj":0, "radio_rx_energy_mj":8, "node_time":2710247, "total_sent":228, "total_received":266, "bytes_tx":60, "bytes_rx":12, "r2n_latency":544, "lqi":100, "rssi":-90, "server_sent":267, "server_received":474, "server_bytes_rx":60, "n2r_latency":2463, "hops":0, "rtt_latency":1077, "root_time_now":2712710}
[Mote:11] Not reachable yet
[Mote:4] Not reachable yet
[Mote:7] Sensor IPv6 = fe80::207:7:7:7
[Mote:1] {"node":"fd00::207:7:7:7", "cpu_energy_mj":18, "lpm_energy_mj":0, "radio_tx_energy_mj":0, "radio_rx_energy_mj":8, "node_time":2713289, "total_sent":207, "total_received":258, "bytes_tx":60, "bytes_rx":12, "r2n_latency":1324, "lqi":100, "rssi":-91, "server_sent":263, "server_received":414, "server_bytes_rx":60, "n2r_latency":121, "hops":1, "rtt_latency":1432, "root_time_now":2713410}
[Mote:8] Not reachable yet
[Mote:15] Not reachable yet
[Mote:2] Not reachable yet
[Mote:9] Not reachable yet
[Mote:17] Not reachable yet
[Mote:16] Not reachable yet
[Mote:12] Not reachable yet
[Mote:5] Sensor IPv6 = fe80::205:5:5:5
[Mote:1] {"node":"fd00::205:5:5:5", "cpu_energy_mj":19, "lpm_energy_mj":0, "radio_tx_energy_mj":0, "radio_rx_energy_mj":8, "node_time":2719904, "total_sent":194, "total_received":266, "bytes_tx":60, "bytes_rx":12, "r2n_latency":64, "lqi":100, "rssi":-89, "server_sent":269, "server_received":386, "server_bytes_rx":60, "n2r_latency":16, "hops":0, "rtt_latency":2167, "root_time_now":2719920}
[Mote:10] Sensor IPv6 = fe80::20a:a:a:a
[Mote:3] Not reachable yet
[Mote:13] Not reachable yet
[Mote:6] Sensor IPv6 = fe80::206:6:6:6
[Mote:19] Not reachable yet
[Mote:1] {"node":"fd00::20a:a:a:a", "cpu_energy_mj":36, "lpm_energy_mj":0, "radio_tx_energy_mj":0, "radio_rx_energy_mj":16, "node_time":2720088, "total_sent":51, "total_received":188, "bytes_tx":60, "bytes_rx":12, "r2n_latency":3954, "lqi":100, "rssi":-87, "server_sent":263, "server_received":96, "server_bytes_rx":60, "n2r_latency":1652, "hops":2, "rtt_latency":3027, "root_time_now":2721740}
[Mote:1] {"node":"fd00::206:6:6:6", "cpu_energy_mj":19, "lpm_energy_mj":0, "radio_tx_energy_mj":1, "radio_rx_energy_mj":8, "node_time":2721174, "total_sent":229, "total_received":268, "bytes_tx":60, "bytes_rx":12, "r2n_latency":286, "lqi":100, "rssi":-90, "server_sent":268, "server_received":477, "server_bytes_rx":60, "n2r_latency":636, "hops":0, "rtt_latency":843, "root_time_now":2721810}
[Mote:18] Not reachable yet
[Mote:11] Not reachable yet
[Mote:14] Not reachable yet
[Mote:4] Not reachable yet
[Mote:7] Sensor IPv6 = fe80::207:7:7:7
[Mote:8] Not reachable yet
[Mote:1] {"node":"fd00::207:7:7:7", "cpu_energy_mj":18, "lpm_energy_mj":0, "radio_tx_energy_mj":0, "radio_rx_energy_mj":8, "node_time":2723765, "total_sent":208, "total_received":259, "bytes_tx":60, "bytes_rx":12, "r2n_latency":1196, "lqi":100, "rssi":-91, "server_sent":264, "server_received":416, "server_bytes_rx":60, "n2r_latency":1685, "hops":1, "rtt_latency":2068, "root_time_now":2725450}
[Mote:15] Not reachable yet
[Mote:2] Not reachable yet
[Mote:9] Not reachable yet
[Mote:16] Not reachable yet
[Mote:17] Not reachable yet
[Mote:12] Not reachable yet
[Mote:10] Sensor IPv6 = fe80::20a:a:a:a
[Mote:5] Sensor IPv6 = fe80::205:5:5:5
[Mote:3] Not reachable yet
[Mote:13] Not reachable yet
[Mote:1] {"node":"fd00::205:5:5:5", "cpu_energy_mj":19, "lpm_energy_mj":0, "radio_tx_energy_mj":0, "radio_rx_energy_mj":8, "node_time":2730694, "total_sent":195, "total_received":268, "bytes_tx":60, "bytes_rx":12, "r2n_latency":14, "lqi":100, "rssi":-89, "server_sent":271, "server_received":389, "server_bytes_rx":60, "n2r_latency":1056, "hops":0, "rtt_latency":707, "root_time_now":2731750}
[Mote:6] Sensor IPv6 = fe80::206:6:6:6
[Mote:1] {"node":"fd00::20a:a:a:a", "cpu_energy_mj":18, "lpm_energy_mj":0, "radio_tx_energy_mj":0, "radio_rx_energy_mj":8, "node_time":2730277, "total_sent":52, "total_received":189, "bytes_tx":60, "bytes_rx":12, "r2n_latency":1546, "lqi":100, "rssi":-43, "server_sent":264, "server_received":98, "server_bytes_rx":60, "n2r_latency":1893, "hops":2, "rtt_latency":2698, "root_time_now":2732170}
[Mote:19] Not reachable yet
[Mote:18] Not reachable yet
[Mote:1] {"node":"fd00::206:6:6:6", "cpu_energy_mj":19, "lpm_energy_mj":0, "radio_tx_energy_mj":1, "radio_rx_energy_mj":7, "node_time":2732103, "total_sent":230, "total_received":269, "bytes_tx":60, "bytes_rx":12, "r2n_latency":224, "lqi":100, "rssi":-90, "server_sent":269, "server_received":479, "server_bytes_rx":60, "n2r_latency":557, "hops":0, "rtt_latency":1057, "root_time_now":2732660}
[Mote:11] Not reachable yet
[Mote:14] Not reachable yet
[Mote:4] Not reachable yet
[Mote:7] Sensor IPv6 = fe80::207:7:7:7
[Mote:1] {"node":"fd00::207:7:7:7", "cpu_energy_mj":18, "lpm_energy_mj":0, "radio_tx_energy_mj":0, "radio_rx_energy_mj":8, "node_time":2734240, "total_sent":209, "total_received":260, "bytes_tx":60, "bytes_rx":12, "r2n_latency":1064, "lqi":100, "rssi":-91, "server_sent":265, "server_received":418, "server_bytes_rx":60, "n2r_latency":100, "hops":1, "rtt_latency":1127, "root_time_now":2734340}
[Mote:8] Not reachable yet
[Mote:15] Not reachable yet
[Mote:2] Sensor IPv6 = fe80::202:2:2:2
[Mote:1] {"node":"fd00::202:2:2:2", "cpu_energy_mj":284, "lpm_energy_mj":0, "radio_tx_energy_mj":1, "radio_rx_energy_mj":654, "node_time":2737899, "total_sent":109, "total_received":252, "bytes_tx":60, "bytes_rx":12, "r2n_latency":154, "lqi":100, "rssi":-83, "server_sent":271, "server_received":205, "server_bytes_rx":60, "n2r_latency":11, "hops":0, "rtt_latency":6927, "root_time_now":2737910}
[Mote:9] Not reachable yet
[Mote:16] Not reachable yet
[Mote:17] Not reachable yet
[Mote:10] Sensor IPv6 = fe80::20a:a:a:a
[Mote:12] Not reachable yet
[Mote:3] Not reachable yet
[Mote:13] Not reachable yet
[Mote:5] Sensor IPv6 = fe80::205:5:5:5
[Mote:1] {"node":"fd00::205:5:5:5", "cpu_energy_mj":19, "lpm_energy_mj":0, "radio_tx_energy_mj":0, "radio_rx_energy_mj":8, "node_time":2741485, "total_sent":196, "total_received":269, "bytes_tx":60, "bytes_rx":12, "r2n_latency":24, "lqi":100, "rssi":-89, "server_sent":272, "server_received":391, "server_bytes_rx":60, "n2r_latency":1395, "hops":0, "rtt_latency":1307, "root_time_now":2742880}
[Mote:18] Not reachable yet
[Mote:1] {"node":"fd00::20a:a:a:a", "cpu_energy_mj":18, "lpm_energy_mj":0, "radio_tx_energy_mj":0, "radio_rx_energy_mj":8, "node_time":2740464, "total_sent":53, "total_received":190, "bytes_tx":60, "bytes_rx":12, "r2n_latency":1694, "lqi":100, "rssi":-43, "server_sent":265, "server_received":100, "server_bytes_rx":60, "n2r_latency":2556, "hops":2, "rtt_latency":1302, "root_time_now":2743020}
[Mote:6] Sensor IPv6 = fe80::206:6:6:6
[Mote:11] Not reachable yet
[Mote:19] Not reachable yet
[Mote:1] {"node":"fd00::206:6:6:6", "cpu_energy_mj":19, "lpm_energy_mj":0, "radio_tx_energy_mj":0, "radio_rx_energy_mj":8, "node_time":2743030, "total_sent":231, "total_received":270, "bytes_tx":60, "bytes_rx":12, "r2n_latency":514, "lqi":100, "rssi":-90, "server_sent":270, "server_received":481, "server_bytes_rx":60, "n2r_latency":830, "hops":0, "rtt_latency":1482, "root_time_now":2743860}
[Mote:4] Not reachable yet
[Mote:14] Not reachable yet
[Mote:7] Sensor IPv6 = fe80::207:7:7:7
[Mote:1] {"node":"fd00::207:7:7:7", "cpu_energy_mj":18, "lpm_energy_mj":0, "radio_tx_energy_mj":0, "radio_rx_energy_mj":8, "node_time":2744716, "total_sent":210, "total_received":261, "bytes_tx":60, "bytes_rx":12, "r2n_latency":1284, "lqi":100, "rssi":-91, "server_sent":266, "server_received":420, "server_bytes_rx":60, "n2r_latency":124, "hops":1, "rtt_latency":1867, "root_time_now":2744840}
[Mote:8] Not reachable yet
[Mote:15] Not reachable yet
[Mote:2] Sensor IPv6 = fe80::202:2:2:2
[Mote:1] {"node":"fd00::202:2:2:2", "cpu_energy_mj":18, "lpm_energy_mj":0, "radio_tx_energy_mj":0, "radio_rx_energy_mj":8, "node_time":2748430, "total_sent":110, "total_received":253, "bytes_tx":60, "bytes_rx":12, "r2n_latency":164, "lqi":100, "rssi":-83, "server_sent":272, "server_received":207, "server_bytes_rx":60, "n2r_latency":50, "hops":0, "rtt_latency":1727, "root_time_now":2748480}
[Mote:9] Not reachable yet
[Mote:16] Not reachable yet
[Mote:17] Not reachable yet
[Mote:10] Sensor IPv6 = fe80::20a:a:a:a
[Mote:13] Not reachable yet
[Mote:3] Not reachable yet
[Mote:12] Not reachable yet
[Mote:5] Sensor IPv6 = fe80::205:5:5:5
[Mote:11] Not reachable yet
[Mote:1] {"node":"fd00::20a:a:a:a", "cpu_energy_mj":18, "lpm_energy_mj":0, "radio_tx_energy_mj":0, "radio_rx_energy_mj":8, "node_time":2750648, "total_sent":54, "total_received":191, "bytes_tx":60, "bytes_rx":12, "r2n_latency":1844, "lqi":100, "rssi":-43, "server_sent":266, "server_received":102, "server_bytes_rx":60, "n2r_latency":2662, "hops":2, "rtt_latency":1902, "root_time_now":2753310}
[Mote:18] Not reachable yet
[Mote:6] Sensor IPv6 = fe80::206:6:6:6
[Mote:1] {"node":"fd00::206:6:6:6", "cpu_energy_mj":19, "lpm_energy_mj":0, "radio_tx_energy_mj":0, "radio_rx_energy_mj":8, "node_time":2753961, "total_sent":232, "total_received":271, "bytes_tx":60, "bytes_rx":12, "r2n_latency":174, "lqi":100, "rssi":-90, "server_sent":271, "server_received":483, "server_bytes_rx":60, "n2r_latency":119, "hops":0, "rtt_latency":262, "root_time_now":2754080}
[Mote:19] Not reachable yet
[Mote:4] Not reachable yet
[Mote:7] Sensor IPv6 = fe80::207:7:7:7
[Mote:1] {"node":"fd00::207:7:7:7", "cpu_energy_mj":18, "lpm_energy_mj":0, "radio_tx_energy_mj":0, "radio_rx_energy_mj":8, "node_time":2755193, "total_sent":211, "total_received":262, "bytes_tx":60, "bytes_rx":12, "r2n_latency":1084, "lqi":100, "rssi":-91, "server_sent":267, "server_received":422, "server_bytes_rx":60, "n2r_latency":77, "hops":1, "rtt_latency":1837, "root_time_now":2755270}
[Mote:14] Not reachable yet
[Mote:8] Not reachable yet
[Mote:15] Not reachable yet
[Mote:2] Sensor IPv6 = fe80::202:2:2:2
[Mote:1] {"node":"fd00::202:2:2:2", "cpu_energy_mj":18, "lpm_energy_mj":0, "radio_tx_energy_mj":0, "radio_rx_energy_mj":8, "node_time":2758963, "total_sent":111, "total_received":254, "bytes_tx":60, "bytes_rx":12, "r2n_latency":384, "lqi":100, "rssi":-83, "server_sent":273, "server_received":209, "server_bytes_rx":60, "n2r_latency":17, "hops":0, "rtt_latency":1067, "root_time_now":2758980}
[Mote:16] Not reachable yet
[Mote:9] Not reachable yet
[Mote:17] Not reachable yet
[Mote:10] Sensor IPv6 = fe80::20a:a:a:a
[Mote:13] Not reachable yet
[Mote:3] Not reachable yet
[Mote:12] Not reachable yet
[Mote:5] Sensor IPv6 = fe80::205:5:5:5
[Mote:1] {"node":"fd00::205:5:5:5", "cpu_energy_mj":19, "lpm_energy_mj":0, "radio_tx_energy_mj":0, "radio_rx_energy_mj":8, "node_time":2763069, "total_sent":198, "total_received":271, "bytes_tx":60, "bytes_rx":12, "r2n_latency":44, "lqi":100, "rssi":-89, "server_sent":274, "server_received":394, "server_bytes_rx":60, "n2r_latency":41, "hops":0, "rtt_latency":267, "root_time_now":2763110}
[Mote:11] Not reachable yet
[Mote:1] {"node":"fd00::20a:a:a:a", "cpu_energy_mj":18, "lpm_energy_mj":0, "radio_tx_energy_mj":0, "radio_rx_energy_mj":8, "node_time":2760835, "total_sent":55, "total_received":192, "bytes_tx":60, "bytes_rx":12, "r2n_latency":1644, "lqi":100, "rssi":-43, "server_sent":267, "server_received":104, "server_bytes_rx":60, "n2r_latency":2835, "hops":2, "rtt_latency":2012, "root_time_now":2763670}
[Mote:18] Not reachable yet
[Mote:6] Sensor IPv6 = fe80::206:6:6:6
[Mote:1] {"node":"fd00::206:6:6:6", "cpu_energy_mj":19, "lpm_energy_mj":0, "radio_tx_energy_mj":0, "radio_rx_energy_mj":8, "node_time":2764890, "total_sent":233, "total_received":272, "bytes_tx":60, "bytes_rx":12, "r2n_latency":744, "lqi":100, "rssi":-90, "server_sent":272, "server_received":485, "server_bytes_rx":60, "n2r_latency":40, "hops":0, "rtt_latency":1772, "root_time_now":2764930}
[Mote:19] Not reachable yet
[Mote:4] Not reachable yet
[Mote:7] Sensor IPv6 = fe80::207:7:7:7
[Mote:1] {"node":"fd00::207:7:7:7", "cpu_energy_mj":18, "lpm_energy_mj":0, "radio_tx_energy_mj":0, "radio_rx_energy_mj":8, "node_time":2765671, "total_sent":212, "total_received":263, "bytes_tx":60, "bytes_rx":12, "r2n_latency":1374, "lqi":100, "rssi":-91, "server_sent":268, "server_received":424, "server_bytes_rx":60, "n2r_latency":309, "hops":1, "rtt_latency":1807, "root_time_now":2765980}
[Mote:14] Not reachable yet
[Mote:8] Not reachable yet
[Mote:15] Not reachable yet
[Mote:16] Not reachable yet
[Mote:2] Sensor IPv6 = fe80::202:2:2:2
[Mote:1] {"node":"fd00::202:2:2:2", "cpu_energy_mj":18, "lpm_energy_mj":0, "radio_tx_energy_mj":0, "radio_rx_energy_mj":8, "node_time":2769492, "total_sent":112, "total_received":255, "bytes_tx":60, "bytes_rx":12, "r2n_latency":184, "lqi":100, "rssi":-83, "server_sent":274, "server_received":211, "server_bytes_rx":60, "n2r_latency":58, "hops":0, "rtt_latency":897, "root_time_now":2769550}
[Mote:9] Not reachable yet
[Mote:17] Not reachable yet
[Mote:10] Sensor IPv6 = fe80::20a:a:a:a
[Mote:13] Not reachable yet
[Mote:3] Not reachable yet
[Mote:12] Not reachable yet
[Mote:11] Not reachable yet
[Mote:1] {"node":"fd00::20a:a:a:a", "cpu_energy_mj":18, "lpm_energy_mj":0, "radio_tx_energy_mj":0, "radio_rx_energy_mj":7, "node_time":2771025, "total_sent":56, "total_received":193, "bytes_tx":60, "bytes_rx":12, "r2n_latency":1794, "lqi":100, "rssi":-43, "server_sent":268, "server_received":106, "server_bytes_rx":60, "n2r_latency":2725, "hops":2, "rtt_latency":1877, "root_time_now":2773750}
[Mote:5] Sensor IPv6 = fe80::205:5:5:5
[Mote:1] {"node":"fd00::205:5:5:5", "cpu_energy_mj":19, "lpm_energy_mj":0, "radio_tx_energy_mj":0, "radio_rx_energy_mj":8, "node_time":2773862, "total_sent":199, "total_received":272, "bytes_tx":60, "bytes_rx":12, "r2n_latency":334, "lqi":100, "rssi":-89, "server_sent":275, "server_received":396, "server_bytes_rx":60, "n2r_latency":308, "hops":0, "rtt_latency":1917, "root_time_now":2774170}
[Mote:18] Not reachable yet
[Mote:6] Sensor IPv6 = fe80::206:6:6:6
[Mote:1] {"node":"fd00::206:6:6:6", "cpu_energy_mj":19, "lpm_energy_mj":0, "radio_tx_energy_mj":0, "radio_rx_energy_mj":8, "node_time":2775819, "total_sent":234, "total_received":273, "bytes_tx":60, "bytes_rx":12, "r2n_latency":964, "lqi":100, "rssi":-90, "server_sent":273, "server_received":487, "server_bytes_rx":60, "n2r_latency":31, "hops":0, "rtt_latency":1112, "root_time_now":2775850}
[Mote:19] Not reachable yet
[Mote:7] Sensor IPv6 = fe80::207:7:7:7
[Mote:4] Not reachable yet
[Mote:1] {"node":"fd00::207:7:7:7", "cpu_energy_mj":18, "lpm_energy_mj":0, "radio_tx_energy_mj":0, "radio_rx_energy_mj":8, "node_time":2776147, "total_sent":213, "total_received":264, "bytes_tx":60, "bytes_rx":12, "r2n_latency":2294, "lqi":100, "rssi":-91, "server_sent":269, "server_received":426, "server_bytes_rx":60, "n2r_latency":123, "hops":1, "rtt_latency":2022, "root_time_now":2776270}
[Mote:14] Not reachable yet
[Mote:8] Not reachable yet
[Mote:15] Not reachable yet
[Mote:16] Not reachable yet
[Mote:2] Sensor IPv6 = fe80::202:2:2:2
[Mote:17] Not reachable yet
[Mote:9] Not reachable yet
[Mote:10] Sensor IPv6 = fe80::20a:a:a:a
[Mote:13] Not reachable yet
[Mote:1] {"node":"fd00::202:2:2:2", "cpu_energy_mj":18, "lpm_energy_mj":0, "radio_tx_energy_mj":0, "radio_rx_energy_mj":8, "node_time":2780023, "total_sent":113, "total_received":256, "bytes_tx":60, "bytes_rx":12, "r2n_latency":124, "lqi":100, "rssi":-83, "server_sent":276, "server_received":213, "server_bytes_rx":60, "n2r_latency":1567, "hops":0, "rtt_latency":1217, "root_time_now":2781590}
[Mote:3] Not reachable yet
[Mote:1] {"node":"fd00::20a:a:a:a", "cpu_energy_mj":18, "lpm_energy_mj":0, "radio_tx_energy_mj":0, "radio_rx_energy_mj":8, "node_time":2781212, "total_sent":57, "total_received":194, "bytes_tx":60, "bytes_rx":12, "r2n_latency":2854, "lqi":100, "rssi":-43, "server_sent":269, "server_received":108, "server_bytes_rx":60, "n2r_latency":1428, "hops":2, "rtt_latency":2197, "root_time_now":2782640}
[Mote:11] Not reachable yet
[Mote:12] Not reachable yet
[Mote:5] Sensor IPv6 = fe80::205:5:5:5
[Mote:1] {"node":"fd00::205:5:5:5", "cpu_energy_mj":19, "lpm_energy_mj":0, "radio_tx_energy_mj":0, "radio_rx_energy_mj":8, "node_time":2784654, "total_sent":200, "total_received":273, "bytes_tx":60, "bytes_rx":12, "r2n_latency":64, "lqi":100, "rssi":-89, "server_sent":276, "server_received":398, "server_bytes_rx":60, "n2r_latency":16, "hops":0, "rtt_latency":977, "root_time_now":2784670}
[Mote:18] Not reachable yet
[Mote:7] Sensor IPv6 = fe80::207:7:7:7
[Mote:1] {"node":"fd00::207:7:7:7", "cpu_energy_mj":18, "lpm_energy_mj":0, "radio_tx_energy_mj":0, "radio_rx_energy_mj":8, "node_time":2786623, "total_sent":214, "total_received":265, "bytes_tx":60, "bytes_rx":12, "r2n_latency":834, "lqi":100, "rssi":-91, "server_sent":270, "server_received":428, "server_bytes_rx":60, "n2r_latency":77, "hops":1, "rtt_latency":1222, "root_time_now":2786700}
[Mote:4] Not reachable yet
[Mote:6] Sensor IPv6 = fe80::206:6:6:6
[Mote:19] Not reachable yet
[Mote:1] {"node":"fd00::206:6:6:6", "cpu_energy_mj":19, "lpm_energy_mj":0, "radio_tx_energy_mj":0, "radio_rx_energy_mj":8, "node_time":2786746, "total_sent":235, "total_received":274, "bytes_tx":60, "bytes_rx":12, "r2n_latency":204, "lqi":100, "rssi":-90, "server_sent":274, "server_received":489, "server_bytes_rx":60, "n2r_latency":304, "hops":0, "rtt_latency":942, "root_time_now":2787050}
[Mote:14] Not reachable yet
[Mote:8] Not reachable yet
[Mote:15] Not reachable yet
[Mote:16] Not reachable yet
[Mote:17] Not reachable yet
[Mote:2] Sensor IPv6 = fe80::202:2:2:2
[Mote:9] Not reachable yet
[Mote:10] Sensor IPv6 = fe80::20a:a:a:a
[Mote:13] Not reachable yet
[Mote:3] Not reachable yet
[Mote:1] {"node":"fd00::202:2:2:2", "cpu_energy_mj":18, "lpm_energy_mj":0, "radio_tx_energy_mj":0, "radio_rx_energy_mj":8, "node_time":2790554, "total_sent":114, "total_received":258, "bytes_tx":60, "bytes_rx":12, "r2n_latency":214, "lqi":100, "rssi":-83, "server_sent":277, "server_received":216, "server_bytes_rx":60, "n2r_latency":2586, "hops":0, "rtt_latency":1542, "root_time_now":2793140}
[Mote:1] {"node":"fd00::20a:a:a:a", "cpu_energy_mj":18, "lpm_energy_mj":0, "radio_tx_energy_mj":0, "radio_rx_energy_mj":8, "node_time":2791397, "total_sent":58, "total_received":195, "bytes_tx":60, "bytes_rx":12, "r2n_latency":1604, "lqi":100, "rssi":-43, "server_sent":270, "server_received":110, "server_bytes_rx":60, "n2r_latency":1953, "hops":2, "rtt_latency":1397, "root_time_now":2793350}
[Mote:11] Not reachable yet
[Mote:12] Not reachable yet
[Mote:5] Sensor IPv6 = fe80::205:5:5:5
[Mote:18] Not reachable yet
[Mote:7] Sensor IPv6 = fe80::207:7:7:7
[Mote:1] {"node":"fd00::207:7:7:7", "cpu_energy_mj":18, "lpm_energy_mj":0, "radio_tx_energy_mj":0, "radio_rx_energy_mj":8, "node_time":2797097, "total_sent":215, "total_received":266, "bytes_tx":60, "bytes_rx":12, "r2n_latency":2454, "lqi":100, "rssi":-91, "server_sent":271, "server_received":430, "server_bytes_rx":60, "n2r_latency":103, "hops":1, "rtt_latency":1822, "root_time_now":2797200}
[Mote:4] Not reachable yet
[Mote:6] Sensor IPv6 = fe80::206:6:6:6
[Mote:19] Not reachable yet
[Mote:1] {"node":"fd00::206:6:6:6", "cpu_energy_mj":19, "lpm_energy_mj":0, "radio_tx_energy_mj":1, "radio_rx_energy_mj":8, "node_time":2797675, "total_sent":236, "total_received":275, "bytes_tx":60, "bytes_rx":12, "r2n_latency":494, "lqi":100, "rssi":-90, "server_sent":275, "server_received":491, "server_bytes_rx":60, "n2r_latency":295, "hops":0, "rtt_latency":562, "root_time_now":2797970}
[Mote:14] Not reachable yet
[Mote:8] Not reachable yet
[Mote:16] Not reachable yet
[Mote:15] Not reachable yet
[Mote:17] Not reachable yet
[Mote:2] Sensor IPv6 = fe80::202:2:2:2
[Mote:10] Sensor IPv6 = fe80::20a:a:a:a
[Mote:9] Not reachable yet
[Mote:13] Not reachable yet
[Mote:3] Not reachable yet
[Mote:1] {"node":"fd00::20a:a:a:a", "cpu_energy_mj":18, "lpm_energy_mj":0, "radio_tx_energy_mj":0, "radio_rx_energy_mj":8, "node_time":2801583, "total_sent":59, "total_received":197, "bytes_tx":60, "bytes_rx":12, "r2n_latency":1064, "lqi":100, "rssi":-43, "server_sent":271, "server_received":113, "server_bytes_rx":60, "n2r_latency":1847, "hops":2, "rtt_latency":1582, "root_time_now":2803430}
[Mote:11] Not reachable yet
[Mote:1] {"node":"fd00::202:2:2:2", "cpu_energy_mj":18, "lpm_energy_mj":0, "radio_tx_energy_mj":0, "radio_rx_energy_mj":8, "node_time":2801085, "total_sent":115, "total_received":259, "bytes_tx":60, "bytes_rx":12, "r2n_latency":84, "lqi":100, "rssi":-83, "server_sent":278, "server_received":218, "server_bytes_rx":60, "n2r_latency":3255, "hops":0, "rtt_latency":2142, "root_time_now":2804340}
[Mote:12] Not reachable yet
[Mote:18] Not reachable yet
[Mote:5] Sensor IPv6 = fe80::205:5:5:5
[Mote:1] {"node":"fd00::205:5:5:5", "cpu_energy_mj":19, "lpm_energy_mj":0, "radio_tx_energy_mj":0, "radio_rx_energy_mj":8, "node_time":2806238, "total_sent":202, "total_received":275, "bytes_tx":60, "bytes_rx":12, "r2n_latency":154, "lqi":100, "rssi":-89, "server_sent":278, "server_received":401, "server_bytes_rx":60, "n2r_latency":62, "hops":0, "rtt_latency":1792, "root_time_now":2806300}
[Mote:7] Sensor IPv6 = fe80::207:7:7:7
[Mote:1] {"node":"fd00::207:7:7:7", "cpu_energy_mj":18, "lpm_energy_mj":0, "radio_tx_energy_mj":0, "radio_rx_energy_mj":8, "node_time":2807575, "total_sent":216, "total_received":267, "bytes_tx":60, "bytes_rx":12, "r2n_latency":714, "lqi":100, "rssi":-91, "server_sent":272, "server_received":432, "server_bytes_rx":60, "n2r_latency":125, "hops":1, "rtt_latency":1442, "root_time_now":2807700}
[Mote:4] Not reachable yet
[Mote:6] Sensor IPv6 = fe80::206:6:6:6
[Mote:1] {"node":"fd00::206:6:6:6", "cpu_energy_mj":19, "lpm_energy_mj":0, "radio_tx_energy_mj":0, "radio_rx_energy_mj":8, "node_time":2808604, "total_sent":237, "total_received":276, "bytes_tx":60, "bytes_rx":12, "r2n_latency":294, "lqi":100, "rssi":-90, "server_sent":276, "server_received":493, "server_bytes_rx":60, "n2r_latency":76, "hops":0, "rtt_latency":532, "root_time_now":2808680}
[Mote:19] Not reachable yet
[Mote:8] Not reachable yet
[Mote:14] Not reachable yet
[Mote:16] Not reachable yet
[Mote:15] Not reachable yet
[Mote:17] Not reachable yet
[Mote:2] Sensor IPv6 = fe80::202:2:2:2
[Mote:10] Sensor IPv6 = fe80::20a:a:a:a
[Mote:13] Not reachable yet
[Mote:1] {"node":"fd00::20a:a:a:a", "cpu_energy_mj":18, "lpm_energy_mj":0, "radio_tx_energy_mj":0, "radio_rx_energy_mj":8, "node_time":2811773, "total_sent":60, "total_received":197, "bytes_tx":60, "bytes_rx":12, "r2n_latency":1064, "lqi":100, "rssi":-43, "server_sent":272, "server_received":114, "server_bytes_rx":60, "n2r_latency":197, "hops":2, "rtt_latency":1582, "root_time_now":2811970}
[Mote:1] {"node":"fd00::202:2:2:2", "cpu_energy_mj":18, "lpm_energy_mj":0, "radio_tx_energy_mj":0, "radio_rx_energy_mj":8, "node_time":2811616, "total_sent":116, "total_received":260, "bytes_tx":60, "bytes_rx":12, "r2n_latency":444, "lqi":100, "rssi":-83, "server_sent":279, "server_received":220, "server_bytes_rx":60, "n2r_latency":564, "hops":0, "rtt_latency":1062, "root_time_now":2812180}
[Mote:9] Not reachable yet
[Mote:3] Not reachable yet
[Mote:11] Not reachable yet
[Mote:12] Not reachable yet
[Mote:18] Not reachable yet
[Mote:5] Sensor IPv6 = fe80::205:5:5:5
[Mote:1] {"node":"fd00::205:5:5:5", "cpu_energy_mj":19, "lpm_energy_mj":0, "radio_tx_energy_mj":0, "radio_rx_energy_mj":8, "node_time":2817030, "total_sent":203, "total_received":276, "bytes_tx":60, "bytes_rx":12, "r2n_latency":24, "lqi":100, "rssi":-89, "server_sent":279, "server_received":403, "server_bytes_rx":60, "n2r_latency":50, "hops":0, "rtt_latency":2322, "root_time_now":2817080}
[Mote:7] Sensor IPv6 = fe80::207:7:7:7
[Mote:1] {"node":"fd00::207:7:7:7", "cpu_energy_mj":18, "lpm_energy_mj":0, "radio_tx_energy_mj":0, "radio_rx_energy_mj":8, "node_time":2818051, "total_sent":217, "total_received":268, "bytes_tx":60, "bytes_rx":12, "r2n_latency":3244, "lqi":100, "rssi":-91, "server_sent":273, "server_received":434, "server_bytes_rx":60, "n2r_latency":79, "hops":1, "rtt_latency":2077, "root_time_now":2818130}
[Mote:4] Not reachable yet
[Mote:16] Not reachable yet
[Mote:6] Sensor IPv6 = fe80::206:6:6:6
[Mote:8] Not reachable yet
[Mote:19] Not reachable yet
[Mote:1] {"node":"fd00::206:6:6:6", "cpu_energy_mj":19, "lpm_energy_mj":0, "radio_tx_energy_mj":1, "radio_rx_energy_mj":8, "node_time":2819533, "total_sent":238, "total_received":277, "bytes_tx":60, "bytes_rx":12, "r2n_latency":2334, "lqi":100, "rssi":-90, "server_sent":277, "server_received":495, "server_bytes_rx":60, "n2r_latency":347, "hops":0, "rtt_latency":1237, "root_time_now":2819880}
[Mote:14] Not reachable yet
[Mote:15] Not reachable yet
[Mote:17] Not reachable yet
[Mote:10] Sensor IPv6 = fe80::20a:a:a:a
[Mote:13] Not reachable yet
[Mote:2] Sensor IPv6 = fe80::202:2:2:2
[Mote:1] {"node":"fd00::202:2:2:2", "cpu_energy_mj":18, "lpm_energy_mj":0, "radio_tx_energy_mj":0, "radio_rx_energy_mj":8, "node_time":2822147, "total_sent":117, "total_received":261, "bytes_tx":60, "bytes_rx":12, "r2n_latency":174, "lqi":100, "rssi":-83, "server_sent":280, "server_received":222, "server_bytes_rx":60, "n2r_latency":43, "hops":0, "rtt_latency":227, "root_time_now":2822190}
[Mote:9] Not reachable yet
[Mote:1] {"node":"fd00::20a:a:a:a", "cpu_energy_mj":18, "lpm_energy_mj":0, "radio_tx_energy_mj":0, "radio_rx_energy_mj":8, "node_time":2821957, "total_sent":61, "total_received":199, "bytes_tx":60, "bytes_rx":12, "r2n_latency":1644, "lqi":100, "rssi":-43, "server_sent":273, "server_received":117, "server_bytes_rx":60, "n2r_latency":863, "hops":2, "rtt_latency":1312, "root_time_now":2822820}
[Mote:3] Not reachable yet
[Mote:11] Not reachable yet
[Mote:18] Not reachable yet
[Mote:12] Not reachable yet
[Mote:5] Sensor IPv6 = fe80::205:5:5:5
[Mote:1] {"node":"fd00::205:5:5:5", "cpu_energy_mj":19, "lpm_energy_mj":0, "radio_tx_energy_mj":0, "radio_rx_energy_mj":8, "node_time":2827822, "total_sent":204, "total_received":277, "bytes_tx":60, "bytes_rx":12, "r2n_latency":34, "lqi":100, "rssi":-89, "server_sent":280, "server_received":405, "server_bytes_rx":60, "n2r_latency":38, "hops":0, "rtt_latency":2502, "root_time_now":2827860}
[Mote:7] Sensor IPv6 = fe80::207:7:7:7
[Mote:1] {"node":"fd00::207:7:7:7", "cpu_energy_mj":18, "lpm_energy_mj":0, "radio_tx_energy_mj":0, "radio_rx_energy_mj":8, "node_time":2828527, "total_sent":218, "total_received":269, "bytes_tx":60, "bytes_rx":12, "r2n_latency":1294, "lqi":100, "rssi":-91, "server_sent":274, "server_received":436, "server_bytes_rx":60, "n2r_latency":103, "hops":1, "rtt_latency":1067, "root_time_now":2828630}
[Mote:4] Not reachable yet
[Mote:16] Not reachable yet
[Mote:8] Not reachable yet
[Mote:6] Sensor IPv6 = fe80::206:6:6:6
[Mote:19] Not reachable yet
[Mote:14] Not reachable yet
[Mote:15] Not reachable yet
[Mote:17] Not reachable yet
[Mote:13] Not reachable yet
[Mote:10] Sensor IPv6 = fe80::20a:a:a:a
[Mote:2] Sensor IPv6 = fe80::202:2:2:2
[Mote:1] {"node":"fd00::202:2:2:2", "cpu_energy_mj":18, "lpm_energy_mj":0, "radio_tx_energy_mj":0, "radio_rx_energy_mj":8, "node_time":2832678, "total_sent":118, "total_received":262, "bytes_tx":60, "bytes_rx":12, "r2n_latency":184, "lqi":100, "rssi":-83, "server_sent":281, "server_received":224, "server_bytes_rx":60, "n2r_latency":12, "hops":0, "rtt_latency":337, "root_time_now":2832690}
[Mote:9] Not reachable yet
[Mote:3] Not reachable yet
[Mote:1] {"node":"fd00::206:6:6:6", "cpu_energy_mj":19, "lpm_energy_mj":0, "radio_tx_energy_mj":1, "radio_rx_energy_mj":8, "node_time":2830462, "total_sent":239, "total_received":278, "bytes_tx":60, "bytes_rx":12, "r2n_latency":314, "lqi":100, "rssi":-90, "server_sent":279, "server_received":497, "server_bytes_rx":60, "n2r_latency":3558, "hops":0, "rtt_latency":927, "root_time_now":2834020}
[Mote:1] {"node":"fd00::20a:a:a:a", "cpu_energy_mj":18, "lpm_energy_mj":0, "radio_tx_energy_mj":0, "radio_rx_energy_mj":8, "node_time":2832147, "total_sent":62, "total_received":199, "bytes_tx":60, "bytes_rx":12, "r2n_latency":1644, "lqi":100, "rssi":-43, "server_sent":274, "server_received":118, "server_bytes_rx":60, "n2r_latency":2083, "hops":2, "rtt_latency":1312, "root_time_now":2834230}
[Mote:11] Not reachable yet
[Mote:18] Not reachable yet
[Mote:12] Not reachable yet
[Mote:5] Sensor IPv6 = fe80::205:5:5:5
[Mote:1] {"node":"fd00::205:5:5:5", "cpu_energy_mj":19, "lpm_energy_mj":0, "radio_tx_energy_mj":0, "radio_rx_energy_mj":8, "node_time":2838614, "total_sent":205, "total_received":278, "bytes_tx":60, "bytes_rx":12, "r2n_latency":44, "lqi":100, "rssi":-89, "server_sent":281, "server_received":407, "server_bytes_rx":60, "n2r_latency":26, "hops":0, "rtt_latency":1737, "root_time_now":2838640}
[Mote:7] Sensor IPv6 = fe80::207:7:7:7
[Mote:1] {"node":"fd00::207:7:7:7", "cpu_energy_mj":18, "lpm_energy_mj":0, "radio_tx_energy_mj":0, "radio_rx_energy_mj":8, "node_time":2839003, "total_sent":219, "total_received":270, "bytes_tx":60, "bytes_rx":12, "r2n_latency":1654, "lqi":100, "rssi":-91, "server_sent":275, "server_received":438, "server_bytes_rx":60, "n2r_latency":127, "hops":1, "rtt_latency":2087, "root_time_now":2839130}
[Mote:16] Not reachable yet
[Mote:4] Not reachable yet
[Mote:8] Not reachable yet
[Mote:6] Sensor IPv6 = fe80::206:6:6:6
[Mote:1] {"node":"fd00::206:6:6:6", "cpu_energy_mj":19, "lpm_energy_mj":0, "radio_tx_energy_mj":1, "radio_rx_energy_mj":8, "node_time":2841393, "total_sent":240, "total_received":280, "bytes_tx":60, "bytes_rx":12, "r2n_latency":404, "lqi":100, "rssi":-90, "server_sent":280, "server_received":500, "server_bytes_rx":60, "n2r_latency":47, "hops":0, "rtt_latency":272, "root_time_now":2841440}
[Mote:14] Not reachable yet
[Mote:17] Not reachable yet
[Mote:19] Not reachable yet
[Mote:15] Not reachable yet
[Mote:13] Not reachable yet
[Mote:10] Sensor IPv6 = fe80::20a:a:a:a
[Mote:1] {"node":"fd00::20a:a:a:a", "cpu_energy_mj":18, "lpm_energy_mj":0, "radio_tx_energy_mj":0, "radio_rx_energy_mj":8, "node_time":2842334, "total_sent":63, "total_received":200, "bytes_tx":60, "bytes_rx":12, "r2n_latency":5084, "lqi":100, "rssi":-43, "server_sent":275, "server_received":120, "server_bytes_rx":60, "n2r_latency":436, "hops":2, "rtt_latency":2787, "root_time_now":2842770}
[Mote:2] Sensor IPv6 = fe80::202:2:2:2
[Mote:3] Not reachable yet
[Mote:1] {"node":"fd00::202:2:2:2", "cpu_energy_mj":18, "lpm_energy_mj":0, "radio_tx_energy_mj":0, "radio_rx_energy_mj":8, "node_time":2843209, "total_sent":119, "total_received":263, "bytes_tx":60, "bytes_rx":12, "r2n_latency":194, "lqi":100, "rssi":-83, "server_sent":282, "server_received":226, "server_bytes_rx":60, "n2r_latency":541, "hops":0, "rtt_latency":1847, "root_time_now":2843750}
[Mote:9] Not reachable yet
[Mote:11] Not reachable yet
[Mote:18] Not reachable yet
[Mote:12] Not reachable yet
[Mote:5] Sensor IPv6 = fe80::205:5:5:5
[Mote:1] {"node":"fd00::205:5:5:5", "cpu_energy_mj":19, "lpm_energy_mj":0, "radio_tx_energy_mj":0, "radio_rx_energy_mj":8, "node_time":2849406, "total_sent":206, "total_received":279, "bytes_tx":60, "bytes_rx":12, "r2n_latency":54, "lqi":100, "rssi":-89, "server_sent":282, "server_received":409, "server_bytes_rx":60, "n2r_latency":14, "hops":0, "rtt_latency":2232, "root_time_now":2849420}
[Mote:16] Not reachable yet
[Mote:7] Sensor IPv6 = fe80::207:7:7:7
[Mote:1] {"node":"fd00::207:7:7:7", "cpu_energy_mj":18, "lpm_energy_mj":0, "radio_tx_energy_mj":0, "radio_rx_energy_mj":8, "node_time":2849479, "total_sent":220, "total_received":271, "bytes_tx":60, "bytes_rx":12, "r2n_latency":1804, "lqi":100, "rssi":-91, "server_sent":276, "server_received":440, "server_bytes_rx":60, "n2r_latency":81, "hops":1, "rtt_latency":1007, "root_time_now":2849560}
[Mote:4] Not reachable yet
[Mote:8] Not reachable yet
[Mote:17] Not reachable yet
[Mote:14] Not reachable yet
[Mote:6] Sensor IPv6 = fe80::206:6:6:6
[Mote:15] Not reachable yet
[Mote:13] Not reachable yet
[Mote:10] Sensor IPv6 = fe80::20a:a:a:a
[Mote:19] Not reachable yet
[Mote:1] {"node":"fd00::206:6:6:6", "cpu_energy_mj":19, "lpm_energy_mj":0, "radio_tx_energy_mj":1, "radio_rx_energy_mj":8, "node_time":2852322, "total_sent":241, "total_received":281, "bytes_tx":60, "bytes_rx":12, "r2n_latency":624, "lqi":100, "rssi":-90, "server_sent":281, "server_received":502, "server_bytes_rx":60, "n2r_latency":248, "hops":0, "rtt_latency":1047, "root_time_now":2852570}
[Mote:1] {"node":"fd00::20a:a:a:a", "cpu_energy_mj":18, "lpm_energy_mj":0, "radio_tx_energy_mj":0, "radio_rx_energy_mj":8, "node_time":2852519, "total_sent":64, "total_received":201, "bytes_tx":60, "bytes_rx":12, "r2n_latency":2504, "lqi":100, "rssi":-43, "server_sent":276, "server_received":122, "server_bytes_rx":60, "n2r_latency":821, "hops":2, "rtt_latency":1637, "root_time_now":2853340}
[Mote:2] Sensor IPv6 = fe80::202:2:2:2
[Mote:1] {"node":"fd00::202:2:2:2", "cpu_energy_mj":18, "lpm_energy_mj":0, "radio_tx_energy_mj":0, "radio_rx_energy_mj":8, "node_time":2853742, "total_sent":120, "total_received":264, "bytes_tx":60, "bytes_rx":12, "r2n_latency":204, "lqi":100, "rssi":-83, "server_sent":283, "server_received":228, "server_bytes_rx":60, "n2r_latency":88, "hops":0, "rtt_latency":382, "root_time_now":2853830}
[Mote:3] Not reachable yet
[Mote:11] Not reachable yet
[Mote:9] Not reachable yet
[Mote:18] Not reachable yet
[Mote:16] Not reachable yet
[Mote:7] Sensor IPv6 = fe80::207:7:7:7
[Mote:12] Not reachable yet
[Mote:5] Sensor IPv6 = fe80::205:5:5:5
[Mote:4] Not reachable yet
[Mote:8] Not reachable yet
[Mote:17] Not reachable yet
[Mote:13] Not reachable yet
[Mote:10] Sensor IPv6 = fe80::20a:a:a:a
[Mote:15] Not reachable yet
[Mote:14] Not reachable yet
[Mote:6] Sensor IPv6 = fe80::206:6:6:6
[Mote:19] Not reachable yet
[Mote:3] Not reachable yet
[Mote:2] Sensor IPv6 = fe80::202:2:2:2
[Mote:1] {"node":"fd00::202:2:2:2", "cpu_energy_mj":18, "lpm_energy_mj":0, "radio_tx_energy_mj":0, "radio_rx_energy_mj":8, "node_time":2864271, "total_sent":121, "total_received":265, "bytes_tx":60, "bytes_rx":12, "r2n_latency":144, "lqi":100, "rssi":-83, "server_sent":284, "server_received":230, "server_bytes_rx":60, "n2r_latency":59, "hops":0, "rtt_latency":772, "root_time_now":2864330}
[Mote:11] Not reachable yet
[Mote:9] Not reachable yet
[Mote:1] {"node":"fd00::207:7:7:7", "cpu_energy_mj":18, "lpm_energy_mj":0, "radio_tx_energy_mj":0, "radio_rx_energy_mj":8, "node_time":2859955, "total_sent":221, "total_received":272, "bytes_tx":60, "bytes_rx":12, "r2n_latency":1534, "lqi":100, "rssi":-91, "server_sent":278, "server_received":442, "server_bytes_rx":60, "n2r_latency":5635, "hops":1, "rtt_latency":1257, "root_time_now":2865590}
[Mote:1] {"node":"fd00::20a:a:a:a", "cpu_energy_mj":18, "lpm_energy_mj":0, "radio_tx_energy_mj":0, "radio_rx_energy_mj":7, "node_time":2862705, "total_sent":65, "total_received":203, "bytes_tx":60, "bytes_rx":12, "r2n_latency":1614, "lqi":100, "rssi":-43, "server_sent":277, "server_received":125, "server_bytes_rx":60, "n2r_latency":3445, "hops":2, "rtt_latency":2907, "root_time_now":2866150}
[Mote:1] {"node":"fd00::206:6:6:6", "cpu_energy_mj":19, "lpm_energy_mj":0, "radio_tx_energy_mj":0, "radio_rx_energy_mj":8, "node_time":2863250, "total_sent":242, "total_received":282, "bytes_tx":60, "bytes_rx":12, "r2n_latency":774, "lqi":100, "rssi":-90, "server_sent":282, "server_received":504, "server_bytes_rx":60, "n2r_latency":2970, "hops":0, "rtt_latency":2837, "root_time_now":2866220}
[Mote:16] Not reachable yet
[Mote:18] Not reachable yet
[Mote:7] Sensor IPv6 = fe80::207:7:7:7
[Mote:12] Not reachable yet
[Mote:5] Sensor IPv6 = fe80::205:5:5:5
[Mote:4] Not reachable yet
[Mote:8] Not reachable yet
[Mote:1] {"node":"fd00::207:7:7:7", "cpu_energy_mj":18, "lpm_energy_mj":0, "radio_tx_energy_mj":0, "radio_rx_energy_mj":8, "node_time":2870431, "total_sent":222, "total_received":273, "bytes_tx":60, "bytes_rx":12, "r2n_latency":1264, "lqi":100, "rssi":-91, "server_sent":279, "server_received":444, "server_bytes_rx":60, "n2r_latency":1739, "hops":1, "rtt_latency":2872, "root_time_now":2872170}
[Mote:17] Not reachable yet
[Mote:13] Not reachable yet
[Mote:10] Sensor IPv6 = fe80::20a:a:a:a
[Mote:1] {"node":"fd00::20a:a:a:a", "cpu_energy_mj":18, "lpm_energy_mj":0, "radio_tx_energy_mj":0, "radio_rx_energy_mj":8, "node_time":2872893, "total_sent":66, "total_received":204, "bytes_tx":60, "bytes_rx":12, "r2n_latency":2674, "lqi":100, "rssi":-43, "server_sent":278, "server_received":127, "server_bytes_rx":60, "n2r_latency":257, "hops":2, "rtt_latency":1442, "root_time_now":2873150}
[Mote:15] Not reachable yet
[Mote:14] Not reachable yet
[Mote:6] Sensor IPv6 = fe80::206:6:6:6
[Mote:19] Not reachable yet
[Mote:3] Not reachable yet
[Mote:11] Not reachable yet
[Mote:2] Sensor IPv6 = fe80::202:2:2:2
[Mote:1] {"node":"fd00::206:6:6:6", "cpu_energy_mj":19, "lpm_energy_mj":0, "radio_tx_energy_mj":1, "radio_rx_energy_mj":8, "node_time":2874178, "total_sent":243, "total_received":283, "bytes_tx":60, "bytes_rx":12, "r2n_latency":714, "lqi":100, "rssi":-90, "server_sent":283, "server_received":506, "server_bytes_rx":60, "n2r_latency":652, "hops":0, "rtt_latency":777, "root_time_now":2874830}
[Mote:9] Not reachable yet
[Mote:1] {"node":"fd00::202:2:2:2", "cpu_energy_mj":18, "lpm_energy_mj":0, "radio_tx_energy_mj":0, "radio_rx_energy_mj":8, "node_time":2874802, "total_sent":122, "total_received":266, "bytes_tx":60, "bytes_rx":12, "r2n_latency":504, "lqi":100, "rssi":-83, "server_sent":285, "server_received":232, "server_bytes_rx":60, "n2r_latency":1078, "hops":0, "rtt_latency":2912, "root_time_now":2875880}
[Mote:16] Not reachable yet
[Mote:18] Not reachable yet
[Mote:7] Sensor IPv6 = fe80::207:7:7:7
[Mote:4] Not reachable yet
[Mote:12] Not reachable yet
[Mote:5] Sensor IPv6 = fe80::205:5:5:5
[Mote:17] Not reachable yet
[Mote:8] Not reachable yet
[Mote:13] Not reachable yet
[Mote:10] Sensor IPv6 = fe80::20a:a:a:a
[Mote:1] {"node":"fd00::205:5:5:5", "cpu_energy_mj":19, "lpm_energy_mj":0, "radio_tx_energy_mj":0, "radio_rx_energy_mj":8, "node_time":2881782, "total_sent":209, "total_received":283, "bytes_tx":60, "bytes_rx":12, "r2n_latency":94, "lqi":100, "rssi":-89, "server_sent":286, "server_received":414, "server_bytes_rx":60, "n2r_latency":1518, "hops":0, "rtt_latency":1482, "root_time_now":2883300}
[Mote:1] {"node":"fd00::207:7:7:7", "cpu_energy_mj":18, "lpm_energy_mj":0, "radio_tx_energy_mj":0, "radio_rx_energy_mj":8, "node_time":2880907, "total_sent":223, "total_received":274, "bytes_tx":60, "bytes_rx":12, "r2n_latency":1344, "lqi":100, "rssi":-91, "server_sent":280, "server_received":446, "server_bytes_rx":60, "n2r_latency":2533, "hops":1, "rtt_latency":1162, "root_time_now":2883440}
[Mote:15] Not reachable yet
[Mote:14] Sensor IPv6 = fe80::20e:e:e:e
[Mote:3] Not reachable yet
[Mote:11] Not reachable yet
[Mote:6] Sensor IPv6 = fe80::206:6:6:6
[Mote:19] Not reachable yet
[Mote:2] Sensor IPv6 = fe80::202:2:2:2
[Mote:1] {"node":"fd00::202:2:2:2", "cpu_energy_mj":18, "lpm_energy_mj":0, "radio_tx_energy_mj":0, "radio_rx_energy_mj":8, "node_time":2885333, "total_sent":123, "total_received":267, "bytes_tx":60, "bytes_rx":12, "r2n_latency":304, "lqi":100, "rssi":-83, "server_sent":286, "server_received":234, "server_bytes_rx":60, "n2r_latency":67, "hops":0, "rtt_latency":1377, "root_time_now":2885400}
[Mote:1] {"node":"fd00::20a:a:a:a", "cpu_energy_mj":18, "lpm_energy_mj":0, "radio_tx_energy_mj":0, "radio_rx_energy_mj":8, "node_time":2883080, "total_sent":67, "total_received":204, "bytes_tx":60, "bytes_rx":12, "r2n_latency":2674, "lqi":100, "rssi":-43, "server_sent":279, "server_received":128, "server_bytes_rx":60, "n2r_latency":2530, "hops":2, "rtt_latency":1442, "root_time_now":2885610}
[Mote:1] {"node":"fd00::206:6:6:6", "cpu_energy_mj":19, "lpm_energy_mj":0, "radio_tx_energy_mj":1, "radio_rx_energy_mj":8, "node_time":2885108, "total_sent":244, "total_received":284, "bytes_tx":60, "bytes_rx":12, "r2n_latency":864, "lqi":100, "rssi":-90, "server_sent":284, "server_received":508, "server_bytes_rx":60, "n2r_latency":572, "hops":0, "rtt_latency":1587, "root_time_now":2885680}
[Mote:1] {"node":"fd00::20e:e:e:e", "cpu_energy_mj":329, "lpm_energy_mj":0, "radio_tx_energy_mj":2, "radio_rx_energy_mj":755, "node_time":2884539, "total_sent":51, "total_received":211, "bytes_tx":60, "bytes_rx":12, "r2n_latency":1704, "lqi":100, "rssi":-38, "server_sent":281, "server_received":81, "server_bytes_rx":60, "n2r_latency":1281, "hops":3, "rtt_latency":2742, "root_time_now":2885820}
[Mote:9] Not reachable yet
[Mote:16] Not reachable yet
[Mote:18] Not reachable yet
[Mote:7] Sensor IPv6 = fe80::207:7:7:7
[Mote:1] {"node":"fd00::207:7:7:7", "cpu_energy_mj":18, "lpm_energy_mj":0, "radio_tx_energy_mj":0, "radio_rx_energy_mj":8, "node_time":2891383, "total_sent":224, "total_received":275, "bytes_tx":60, "bytes_rx":12, "r2n_latency":2404, "lqi":100, "rssi":-91, "server_sent":281, "server_received":448, "server_bytes_rx":60, "n2r_latency":107, "hops":1, "rtt_latency":2777, "root_time_now":2891490}
[Mote:4] Not reachable yet
[Mote:5] Sensor IPv6 = fe80::205:5:5:5
[Mote:12] Not reachable yet
[Mote:17] Not reachable yet
[Mote:1] {"node":"fd00::205:5:5:5", "cpu_energy_mj":19, "lpm_energy_mj":0, "radio_tx_energy_mj":0, "radio_rx_energy_mj":8, "node_time":2892574, "total_sent":210, "total_received":284, "bytes_tx":60, "bytes_rx":12, "r2n_latency":34, "lqi":100, "rssi":-89, "server_sent":287, "server_received":416, "server_bytes_rx":60, "n2r_latency":106, "hops":0, "rtt_latency":227, "root_time_now":2892680}
[Mote:13] Not reachable yet
[Mote:8] Not reachable yet
[Mote:10] Sensor IPv6 = fe80::20a:a:a:a
[Mote:15] Not reachable yet
[Mote:1] {"node":"fd00::20a:a:a:a", "cpu_energy_mj":18, "lpm_energy_mj":0, "radio_tx_energy_mj":0, "radio_rx_energy_mj":8, "node_time":2893269, "total_sent":68, "total_received":205, "bytes_tx":60, "bytes_rx":12, "r2n_latency":4224, "lqi":100, "rssi":-43, "server_sent":280, "server_received":130, "server_bytes_rx":60, "n2r_latency":1511, "hops":2, "rtt_latency":2882, "root_time_now":2894780}
[Mote:3] Not reachable yet
[Mote:11] Not reachable yet
[Mote:14] Sensor IPv6 = fe80::20e:e:e:e
[Mote:2] Sensor IPv6 = fe80::202:2:2:2
[Mote:1] {"node":"fd00::202:2:2:2", "cpu_energy_mj":18, "lpm_energy_mj":0, "radio_tx_energy_mj":0, "radio_rx_energy_mj":8, "node_time":2895866, "total_sent":124, "total_received":268, "bytes_tx":60, "bytes_rx":12, "r2n_latency":314, "lqi":100, "rssi":-83, "server_sent":287, "server_received":236, "server_bytes_rx":60, "n2r_latency":34, "hops":0, "rtt_latency":1592, "root_time_now":2895900}
[Mote:6] Sensor IPv6 = fe80::206:6:6:6
[Mote:1] {"node":"fd00::20e:e:e:e", "cpu_energy_mj":19, "lpm_energy_mj":0, "radio_tx_energy_mj":0, "radio_rx_energy_mj":9, "node_time":2895302, "total_sent":52, "total_received":212, "bytes_tx":60, "bytes_rx":12, "r2n_latency":1924, "lqi":100, "rssi":-52, "server_sent":282, "server_received":83, "server_bytes_rx":60, "n2r_latency":878, "hops":3, "rtt_latency":1487, "root_time_now":2896180}
[Mote:19] Not reachable yet
[Mote:1] {"node":"fd00::206:6:6:6", "cpu_energy_mj":19, "lpm_energy_mj":0, "radio_tx_energy_mj":1, "radio_rx_energy_mj":8, "node_time":2896038, "total_sent":245, "total_received":285, "bytes_tx":60, "bytes_rx":12, "r2n_latency":664, "lqi":100, "rssi":-90, "server_sent":285, "server_received":510, "server_bytes_rx":60, "n2r_latency":212, "hops":0, "rtt_latency":612, "root_time_now":2896250}
[Mote:9] Not reachable yet
[Mote:16] Not reachable yet
[Mote:18] Not reachable yet
[Mote:7] Sensor IPv6 = fe80::207:7:7:7
[Mote:4] Not reachable yet
[Mote:17] Not reachable yet
[Mote:13] Not reachable yet
[Mote:5] Sensor IPv6 = fe80::205:5:5:5
[Mote:1] {"node":"fd00::205:5:5:5", "cpu_energy_mj":19, "lpm_energy_mj":0, "radio_tx_energy_mj":0, "radio_rx_energy_mj":8, "node_time":2903366, "total_sent":211, "total_received":285, "bytes_tx":60, "bytes_rx":12, "r2n_latency":44, "lqi":100, "rssi":-89, "server_sent":288, "server_received":418, "server_bytes_rx":60, "n2r_latency":24, "hops":0, "rtt_latency":372, "root_time_now":2903390}
[Mote:12] Not reachable yet
[Mote:10] Sensor IPv6 = fe80::20a:a:a:a
[Mote:8] Not reachable yet
[Mote:1] {"node":"fd00::207:7:7:7", "cpu_energy_mj":18, "lpm_energy_mj":0, "radio_tx_energy_mj":1, "radio_rx_energy_mj":8, "node_time":2901857, "total_sent":225, "total_received":277, "bytes_tx":60, "bytes_rx":12, "r2n_latency":1444, "lqi":100, "rssi":-91, "server_sent":282, "server_received":451, "server_bytes_rx":60, "n2r_latency":2373, "hops":1, "rtt_latency":2087, "root_time_now":2904230}
[Mote:1] {"node":"fd00::20a:a:a:a", "cpu_energy_mj":18, "lpm_energy_mj":0, "radio_tx_energy_mj":0, "radio_rx_energy_mj":8, "node_time":2903453, "total_sent":69, "total_received":207, "bytes_tx":60, "bytes_rx":12, "r2n_latency":2214, "lqi":100, "rssi":-43, "server_sent":281, "server_received":133, "server_bytes_rx":60, "n2r_latency":1197, "hops":2, "rtt_latency":2157, "root_time_now":2904650}
[Mote:15] Not reachable yet
[Mote:11] Not reachable yet
[Mote:3] Not reachable yet
[Mote:14] Sensor IPv6 = fe80::20e:e:e:e
[Mote:2] Sensor IPv6 = fe80::202:2:2:2
[Mote:1] {"node":"fd00::202:2:2:2", "cpu_energy_mj":18, "lpm_energy_mj":0, "radio_tx_energy_mj":0, "radio_rx_energy_mj":8, "node_time":2906395, "total_sent":125, "total_received":269, "bytes_tx":60, "bytes_rx":12, "r2n_latency":464, "lqi":100, "rssi":-83, "server_sent":288, "server_received":238, "server_bytes_rx":60, "n2r_latency":75, "hops":0, "rtt_latency":407, "root_time_now":2906470}
[Mote:6] Sensor IPv6 = fe80::206:6:6:6
[Mote:1] {"node":"fd00::206:6:6:6", "cpu_energy_mj":19, "lpm_energy_mj":0, "radio_tx_energy_mj":0, "radio_rx_energy_mj":8, "node_time":2906965, "total_sent":246, "total_received":286, "bytes_tx":60, "bytes_rx":12, "r2n_latency":604, "lqi":100, "rssi":-90, "server_sent":286, "server_received":512, "server_bytes_rx":60, "n2r_latency":65, "hops":0, "rtt_latency":967, "root_time_now":2907030}
[Mote:19] Not reachable yet
[Mote:9] Not reachable yet
[Mote:16] Not reachable yet
[Mote:18] Not reachable yet
[Mote:7] Sensor IPv6 = fe80::207:7:7:7
[Mote:13] Not reachable yet
[Mote:17] Not reachable yet
[Mote:1] {"node":"fd00::207:7:7:7", "cpu_energy_mj":18, "lpm_energy_mj":0, "radio_tx_energy_mj":0, "radio_rx_energy_mj":8, "node_time":2912333, "total_sent":226, "total_received":278, "bytes_tx":60, "bytes_rx":12, "r2n_latency":2084, "lqi":100, "rssi":-91, "server_sent":283, "server_received":453, "server_bytes_rx":60, "n2r_latency":927, "hops":1, "rtt_latency":1252, "root_time_now":2913260}
[Mote:4] Not reachable yet
[Mote:10] Sensor IPv6 = fe80::20a:a:a:a
[Mote:1] {"node":"fd00::20a:a:a:a", "cpu_energy_mj":18, "lpm_energy_mj":0, "radio_tx_energy_mj":0, "radio_rx_energy_mj":8, "node_time":2913640, "total_sent":70, "total_received":207, "bytes_tx":60, "bytes_rx":12, "r2n_latency":2214, "lqi":100, "rssi":-43, "server_sent":282, "server_received":134, "server_bytes_rx":60, "n2r_latency":180, "hops":2, "rtt_latency":2157, "root_time_now":2913820}
[Mote:8] Not reachable yet
[Mote:5] Sensor IPv6 = fe80::205:5:5:5
[Mote:12] Not reachable yet
[Mote:1] {"node":"fd00::205:5:5:5", "cpu_energy_mj":19, "lpm_energy_mj":0, "radio_tx_energy_mj":0, "radio_rx_energy_mj":8, "node_time":2914158, "total_sent":212, "total_received":286, "bytes_tx":60, "bytes_rx":12, "r2n_latency":54, "lqi":100, "rssi":-89, "server_sent":289, "server_received":420, "server_bytes_rx":60, "n2r_latency":362, "hops":0, "rtt_latency":482, "root_time_now":2914520}
[Mote:11] Not reachable yet
[Mote:3] Not reachable yet
[Mote:15] Not reachable yet
[Mote:14] Sensor IPv6 = fe80::20e:e:e:e
[Mote:2] Sensor IPv6 = fe80::202:2:2:2
[Mote:1] {"node":"fd00::202:2:2:2", "cpu_energy_mj":18, "lpm_energy_mj":0, "radio_tx_energy_mj":0, "radio_rx_energy_mj":8, "node_time":2916926, "total_sent":126, "total_received":270, "bytes_tx":60, "bytes_rx":12, "r2n_latency":194, "lqi":100, "rssi":-83, "server_sent":289, "server_received":240, "server_bytes_rx":60, "n2r_latency":44, "hops":0, "rtt_latency":1742, "root_time_now":2916970}
[Mote:6] Sensor IPv6 = fe80::206:6:6:6
[Mote:9] Not reachable yet
[Mote:1] {"node":"fd00::206:6:6:6", "cpu_energy_mj":19, "lpm_energy_mj":0, "radio_tx_energy_mj":0, "radio_rx_energy_mj":8, "node_time":2917896, "total_sent":247, "total_received":287, "bytes_tx":60, "bytes_rx":12, "r2n_latency":404, "lqi":100, "rssi":-90, "server_sent":287, "server_received":514, "server_bytes_rx":60, "n2r_latency":54, "hops":0, "rtt_latency":797, "root_time_now":2917950}
[Mote:19] Not reachable yet
[Mote:16] Not reachable yet
[Mote:18] Not reachable yet
[Mote:7] Sensor IPv6 = fe80::207:7:7:7
[Mote:13] Not reachable yet
[Mote:17] Not reachable yet
[Mote:10] Sensor IPv6 = fe80::20a:a:a:a
[Mote:4] Not reachable yet
[Mote:8] Not reachable yet
[Mote:5] Sensor IPv6 = fe80::205:5:5:5
[Mote:1] {"node":"fd00::205:5:5:5", "cpu_energy_mj":19, "lpm_energy_mj":0, "radio_tx_energy_mj":2, "radio_rx_energy_mj":6, "node_time":2924950, "total_sent":213, "total_received":287, "bytes_tx":60, "bytes_rx":12, "r2n_latency":64, "lqi":100, "rssi":-89, "server_sent":290, "server_received":422, "server_bytes_rx":60, "n2r_latency":70, "hops":0, "rtt_latency":1922, "root_time_now":2925020}
[Mote:12] Not reachable yet
[Mote:11] Not reachable yet
[Mote:3] Not reachable yet
[Mote:15] Not reachable yet
[Mote:1] {"node":"fd00::207:7:7:7", "cpu_energy_mj":18, "lpm_energy_mj":0, "radio_tx_energy_mj":0, "radio_rx_energy_mj":8, "node_time":2922809, "total_sent":227, "total_received":279, "bytes_tx":60, "bytes_rx":12, "r2n_latency":974, "lqi":100, "rssi":-91, "server_sent":284, "server_received":455, "server_bytes_rx":60, "n2r_latency":4521, "hops":1, "rtt_latency":3602, "root_time_now":2927330}
[Mote:1] {"node":"fd00::20a:a:a:a", "cpu_energy_mj":18, "lpm_energy_mj":0, "radio_tx_energy_mj":1, "radio_rx_energy_mj":7, "node_time":2923828, "total_sent":71, "total_received":209, "bytes_tx":60, "bytes_rx":12, "r2n_latency":1534, "lqi":100, "rssi":-43, "server_sent":283, "server_received":137, "server_bytes_rx":60, "n2r_latency":3572, "hops":2, "rtt_latency":3637, "root_time_now":2927400}
[Mote:2] Not reachable yet
[Mote:14] Not reachable yet
[Mote:9] Not reachable yet
[Mote:6] Sensor IPv6 = fe80::206:6:6:6
[Mote:1] {"node":"fd00::206:6:6:6", "cpu_energy_mj":19, "lpm_energy_mj":0, "radio_tx_energy_mj":0, "radio_rx_energy_mj":8, "node_time":2928823, "total_sent":248, "total_received":288, "bytes_tx":60, "bytes_rx":12, "r2n_latency":484, "lqi":100, "rssi":-90, "server_sent":288, "server_received":515, "server_bytes_rx":60, "n2r_latency":47, "hops":0, "rtt_latency":797, "root_time_now":2928870}
[Mote:19] Not reachable yet
[Mote:16] Not reachable yet
[Mote:18] Not reachable yet
[Mote:13] Not reachable yet
[Mote:7] Sensor IPv6 = fe80::207:7:7:7
[Mote:17] Not reachable yet
[Mote:10] Sensor IPv6 = fe80::20a:a:a:a
[Mote:1] {"node":"fd00::207:7:7:7", "cpu_energy_mj":18, "lpm_energy_mj":0, "radio_tx_energy_mj":0, "radio_rx_energy_mj":8, "node_time":2933284, "total_sent":228, "total_received":280, "bytes_tx":60, "bytes_rx":12, "r2n_latency":2454, "lqi":100, "rssi":-91, "server_sent":285, "server_received":457, "server_bytes_rx":60, "n2r_latency":976, "hops":1, "rtt_latency":1332, "root_time_now":2934260}
[Mote:1] {"node":"fd00::20a:a:a:a", "cpu_energy_mj":18, "lpm_energy_mj":0, "radio_tx_energy_mj":0, "radio_rx_energy_mj":7, "node_time":2934015, "total_sent":72, "total_received":210, "bytes_tx":60, "bytes_rx":12, "r2n_latency":3224, "lqi":100, "rssi":-43, "server_sent":284, "server_received":139, "server_bytes_rx":60, "n2r_latency":455, "hops":2, "rtt_latency":1822, "root_time_now":2934470}
[Mote:4] Not reachable yet
[Mote:8] Not reachable yet
[Mote:11] Not reachable yet
[Mote:5] Sensor IPv6 = fe80::205:5:5:5
[Mote:12] Not reachable yet
[Mote:1] {"node":"fd00::205:5:5:5", "cpu_energy_mj":19, "lpm_energy_mj":0, "radio_tx_energy_mj":2, "radio_rx_energy_mj":6, "node_time":2935742, "total_sent":214, "total_received":288, "bytes_tx":60, "bytes_rx":12, "r2n_latency":74, "lqi":100, "rssi":-89, "server_sent":291, "server_received":424, "server_bytes_rx":60, "n2r_latency":198, "hops":0, "rtt_latency":2942, "root_time_now":2935940}
[Mote:3] Not reachable yet
[Mote:15] Not reachable yet
[Mote:2] Not reachable yet
[Mote:14] Not reachable yet
[Mote:9] Not reachable yet
[Mote:16] Not reachable yet
[Mote:6] Sensor IPv6 = fe80::206:6:6:6
[Mote:1] {"node":"fd00::206:6:6:6", "cpu_energy_mj":19, "lpm_energy_mj":0, "radio_tx_energy_mj":0, "radio_rx_energy_mj":8, "node_time":2939756, "total_sent":249, "total_received":289, "bytes_tx":60, "bytes_rx":12, "r2n_latency":354, "lqi":100, "rssi":-90, "server_sent":289, "server_received":517, "server_bytes_rx":60, "n2r_latency":34, "hops":0, "rtt_latency":947, "root_time_now":2939790}
[Mote:19] Not reachable yet
[Mote:13] Not reachable yet
[Mote:18] Not reachable yet
[Mote:7] Sensor IPv6 = fe80::207:7:7:7
[Mote:17] Not reachable yet
[Mote:1] {"node":"fd00::207:7:7:7", "cpu_energy_mj":18, "lpm_energy_mj":0, "radio_tx_energy_mj":0, "radio_rx_energy_mj":8, "node_time":2943761, "total_sent":229, "total_received":281, "bytes_tx":60, "bytes_rx":12, "r2n_latency":1344, "lqi":100, "rssi":-91, "server_sent":286, "server_received":459, "server_bytes_rx":60, "n2r_latency":89, "hops":1, "rtt_latency":1547, "root_time_now":2943850}
[Mote:10] Sensor IPv6 = fe80::20a:a:a:a
[Mote:1] {"node":"fd00::20a:a:a:a", "cpu_energy_mj":18, "lpm_energy_mj":0, "radio_tx_energy_mj":1, "radio_rx_energy_mj":7, "node_time":2944201, "total_sent":73, "total_received":211, "bytes_tx":60, "bytes_rx":12, "r2n_latency":1764, "lqi":100, "rssi":-43, "server_sent":285, "server_received":141, "server_bytes_rx":60, "n2r_latency":489, "hops":2, "rtt_latency":1687, "root_time_now":2944690}
[Mote:4] Not reachable yet
[Mote:8] Not reachable yet
[Mote:11] Not reachable yet
[Mote:3] Not reachable yet
[Mote:5] Sensor IPv6 = fe80::205:5:5:5
[Mote:1] {"node":"fd00::205:5:5:5", "cpu_energy_mj":19, "lpm_energy_mj":0, "radio_tx_energy_mj":0, "radio_rx_energy_mj":8, "node_time":2946534, "total_sent":215, "total_received":289, "bytes_tx":60, "bytes_rx":12, "r2n_latency":154, "lqi":100, "rssi":-89, "server_sent":292, "server_received":426, "server_bytes_rx":60, "n2r_latency":46, "hops":0, "rtt_latency":1127, "root_time_now":2946580}
[Mote:12] Not reachable yet
[Mote:15] Not reachable yet
[Mote:2] Not reachable yet
[Mote:14] Not reachable yet
[Mote:9] Not reachable yet
[Mote:16] Not reachable yet
[Mote:6] Sensor IPv6 = fe80::206:6:6:6
[Mote:19] Not reachable yet
[Mote:1] {"node":"fd00::206:6:6:6", "cpu_energy_mj":19, "lpm_energy_mj":0, "radio_tx_energy_mj":0, "radio_rx_energy_mj":8, "node_time":2950685, "total_sent":250, "total_received":291, "bytes_tx":60, "bytes_rx":12, "r2n_latency":373, "lqi":100, "rssi":-90, "server_sent":291, "server_received":520, "server_bytes_rx":60, "n2r_latency":1635, "hops":0, "rtt_latency":1131, "root_time_now":2952320}
[Mote:13] Not reachable yet
[Mote:18] Not reachable yet
[Mote:17] Not reachable yet
[Mote:7] Sensor IPv6 = fe80::207:7:7:7
[Mote:1] {"node":"fd00::207:7:7:7", "cpu_energy_mj":18, "lpm_energy_mj":0, "radio_tx_energy_mj":0, "radio_rx_energy_mj":8, "node_time":2954239, "total_sent":230, "total_received":282, "bytes_tx":60, "bytes_rx":12, "r2n_latency":1633, "lqi":100, "rssi":-91, "server_sent":287, "server_received":461, "server_bytes_rx":60, "n2r_latency":111, "hops":1, "rtt_latency":1201, "root_time_now":2954350}
[Mote:10] Sensor IPv6 = fe80::20a:a:a:a
[Mote:1] {"node":"fd00::20a:a:a:a", "cpu_energy_mj":18, "lpm_energy_mj":0, "radio_tx_energy_mj":0, "radio_rx_energy_mj":8, "node_time":2954388, "total_sent":74, "total_received":212, "bytes_tx":60, "bytes_rx":12, "r2n_latency":2053, "lqi":100, "rssi":-43, "server_sent":286, "server_received":143, "server_bytes_rx":60, "n2r_latency":172, "hops":2, "rtt_latency":1236, "root_time_now":2954560}
[Mote:4] Not reachable yet
[Mote:11] Not reachable yet
[Mote:8] Not reachable yet
[Mote:3] Not reachable yet
[Mote:5] Sensor IPv6 = fe80::205:5:5:5
[Mote:1] {"node":"fd00::205:5:5:5", "cpu_energy_mj":19, "lpm_energy_mj":0, "radio_tx_energy_mj":0, "radio_rx_energy_mj":8, "node_time":2957326, "total_sent":216, "total_received":290, "bytes_tx":60, "bytes_rx":12, "r2n_latency":23, "lqi":100, "rssi":-89, "server_sent":293, "server_received":428, "server_bytes_rx":60, "n2r_latency":34, "hops":0, "rtt_latency":501, "root_time_now":2957360}
[Mote:15] Not reachable yet
[Mote:12] Not reachable yet
[Mote:2] Not reachable yet
[Mote:16] Not reachable yet
[Mote:14] Not reachable yet
[Mote:9] Not reachable yet
[Mote:6] Sensor IPv6 = fe80::206:6:6:6
[Mote:19] Not reachable yet
[Mote:1] {"node":"fd00::206:6:6:6", "cpu_energy_mj":19, "lpm_energy_mj":0, "radio_tx_energy_mj":0, "radio_rx_energy_mj":8, "node_time":2961612, "total_sent":251, "total_received":292, "bytes_tx":60, "bytes_rx":12, "r2n_latency":384, "lqi":100, "rssi":-90, "server_sent":292, "server_received":522, "server_bytes_rx":60, "n2r_latency":368, "hops":0, "rtt_latency":437, "root_time_now":2961980}
[Mote:13] Not reachable yet
[Mote:17] Not reachable yet
[Mote:18] Not reachable yet
[Mote:10] Sensor IPv6 = fe80::20a:a:a:a
[Mote:7] Sensor IPv6 = fe80::207:7:7:7
[Mote:1] {"node":"fd00::20a:a:a:a", "cpu_energy_mj":18, "lpm_energy_mj":0, "radio_tx_energy_mj":0, "radio_rx_energy_mj":8, "node_time":2964578, "total_sent":75, "total_received":213, "bytes_tx":60, "bytes_rx":12, "r2n_latency":1504, "lqi":100, "rssi":-43, "server_sent":287, "server_received":145, "server_bytes_rx":60, "n2r_latency":342, "hops":2, "rtt_latency":1032, "root_time_now":2964920}
[Mote:1] {"node":"fd00::207:7:7:7", "cpu_energy_mj":18, "lpm_energy_mj":0, "radio_tx_energy_mj":0, "radio_rx_energy_mj":8, "node_time":2964711, "total_sent":231, "total_received":283, "bytes_tx":60, "bytes_rx":12, "r2n_latency":1224, "lqi":100, "rssi":-91, "server_sent":288, "server_received":463, "server_bytes_rx":60, "n2r_latency":699, "hops":1, "rtt_latency":822, "root_time_now":2965410}
[Mote:11] Not reachable yet
[Mote:4] Not reachable yet
[Mote:8] Not reachable yet
[Mote:3] Not reachable yet
[Mote:15] Not reachable yet
[Mote:5] Sensor IPv6 = fe80::205:5:5:5
[Mote:1] {"node":"fd00::205:5:5:5", "cpu_energy_mj":19, "lpm_energy_mj":0, "radio_tx_energy_mj":0, "radio_rx_energy_mj":8, "node_time":2968120, "total_sent":217, "total_received":291, "bytes_tx":60, "bytes_rx":12, "r2n_latency":34, "lqi":100, "rssi":-89, "server_sent":294, "server_received":430, "server_bytes_rx":60, "n2r_latency":20, "hops":0, "rtt_latency":892, "root_time_now":2968140}
[Mote:12] Not reachable yet
[Mote:2] Not reachable yet
[Mote:16] Not reachable yet
[Mote:14] Not reachable yet
[Mote:9] Not reachable yet
[Mote:6] Sensor IPv6 = fe80::206:6:6:6
[Mote:1] {"node":"fd00::206:6:6:6", "cpu_energy_mj":19, "lpm_energy_mj":0, "radio_tx_energy_mj":0, "radio_rx_energy_mj":8, "node_time":2972541, "total_sent":252, "total_received":293, "bytes_tx":60, "bytes_rx":12, "r2n_latency":395, "lqi":100, "rssi":-90, "server_sent":293, "server_received":524, "server_bytes_rx":60, "n2r_latency":149, "hops":0, "rtt_latency":442, "root_time_now":2972690}
[Mote:19] Not reachable yet
[Mote:13] Not reachable yet
[Mote:17] Not reachable yet
[Mote:10] Sensor IPv6 = fe80::20a:a:a:a
[Mote:1] {"node":"fd00::20a:a:a:a", "cpu_energy_mj":18, "lpm_energy_mj":0, "radio_tx_energy_mj":0, "radio_rx_energy_mj":8, "node_time":2974762, "total_sent":76, "total_received":214, "bytes_tx":60, "bytes_rx":12, "r2n_latency":2285, "lqi":100, "rssi":-43, "server_sent":288, "server_received":147, "server_bytes_rx":60, "n2r_latency":168, "hops":2, "rtt_latency":1317, "root_time_now":2974930}
[Mote:18] Not reachable yet
[Mote:7] Sensor IPv6 = fe80::207:7:7:7
[Mote:1] {"node":"fd00::207:7:7:7", "cpu_energy_mj":18, "lpm_energy_mj":0, "radio_tx_energy_mj":0, "radio_rx_energy_mj":8, "node_time":2975191, "total_sent":232, "total_received":284, "bytes_tx":60, "bytes_rx":12, "r2n_latency":1795, "lqi":100, "rssi":-91, "server_sent":289, "server_received":465, "server_bytes_rx":60, "n2r_latency":89, "hops":1, "rtt_latency":1002, "root_time_now":2975280}
[Mote:11] Not reachable yet
[Mote:4] Not reachable yet
[Mote:8] Not reachable yet
[Mote:3] Not reachable yet
[Mote:15] Not reachable yet
[Mote:5] Sensor IPv6 = fe80::205:5:5:5
[Mote:1] {"node":"fd00::205:5:5:5", "cpu_energy_mj":19, "lpm_energy_mj":0, "radio_tx_energy_mj":0, "radio_rx_energy_mj":8, "node_time":2978912, "total_sent":218, "total_received":292, "bytes_tx":60, "bytes_rx":12, "r2n_latency":45, "lqi":100, "rssi":-89, "server_sent":295, "server_received":432, "server_bytes_rx":60, "n2r_latency":8, "hops":0, "rtt_latency":1212, "root_time_now":2978920}
[Mote:12] Not reachable yet
[Mote:16] Not reachable yet
[Mote:2] Not reachable yet
[Mote:9] Not reachable yet
[Mote:14] Not reachable yet
[Mote:6] Sensor IPv6 = fe80::206:6:6:6
[Mote:1] {"node":"fd00::206:6:6:6", "cpu_energy_mj":19, "lpm_energy_mj":0, "radio_tx_energy_mj":0, "radio_rx_energy_mj":8, "node_time":2983470, "total_sent":253, "total_received":294, "bytes_tx":60, "bytes_rx":12, "r2n_latency":264, "lqi":100, "rssi":-90, "server_sent":294, "server_received":526, "server_bytes_rx":60, "n2r_latency":70, "hops":0, "rtt_latency":1147, "root_time_now":2983540}
[Mote:19] Not reachable yet
[Mote:13] Not reachable yet
[Mote:17] Not reachable yet
[Mote:10] Sensor IPv6 = fe80::20a:a:a:a
[Mote:1] {"node":"fd00::20a:a:a:a", "cpu_energy_mj":18, "lpm_energy_mj":0, "radio_tx_energy_mj":0, "radio_rx_energy_mj":8, "node_time":2984949, "total_sent":77, "total_received":215, "bytes_tx":60, "bytes_rx":12, "r2n_latency":1874, "lqi":100, "rssi":-43, "server_sent":289, "server_received":149, "server_bytes_rx":60, "n2r_latency":201, "hops":2, "rtt_latency":1742, "root_time_now":2985150}
[Mote:18] Not reachable yet
[Mote:7] Sensor IPv6 = fe80::207:7:7:7
[Mote:1] {"node":"fd00::207:7:7:7", "cpu_energy_mj":18, "lpm_energy_mj":0, "radio_tx_energy_mj":0, "radio_rx_energy_mj":8, "node_time":2985663, "total_sent":233, "total_received":285, "bytes_tx":60, "bytes_rx":12, "r2n_latency":1454, "lqi":100, "rssi":-91, "server_sent":290, "server_received":467, "server_bytes_rx":60, "n2r_latency":117, "hops":1, "rtt_latency":1567, "root_time_now":2985780}
[Mote:11] Not reachable yet
[Mote:4] Not reachable yet
[Mote:3] Not reachable yet
[Mote:8] Not reachable yet
[Mote:15] Not reachable yet
[Mote:5] Sensor IPv6 = fe80::205:5:5:5
[Mote:1] {"node":"fd00::205:5:5:5", "cpu_energy_mj":19, "lpm_energy_mj":0, "radio_tx_energy_mj":0, "radio_rx_energy_mj":8, "node_time":2989704, "total_sent":219, "total_received":293, "bytes_tx":60, "bytes_rx":12, "r2n_latency":54, "lqi":100, "rssi":-89, "server_sent":296, "server_received":434, "server_bytes_rx":60, "n2r_latency":66, "hops":0, "rtt_latency":1252, "root_time_now":2989770}
[Mote:16] Not reachable yet
[Mote:12] Not reachable yet
[Mote:2] Not reachable yet
[Mote:9] Not reachable yet
[Mote:14] Not reachable yet
[Mote:13] Not reachable yet
[Mote:6] Sensor IPv6 = fe80::206:6:6:6
[Mote:1] {"node":"fd00::206:6:6:6", "cpu_energy_mj":19, "lpm_energy_mj":0, "radio_tx_energy_mj":0, "radio_rx_energy_mj":8, "node_time":2994399, "total_sent":254, "total_received":295, "bytes_tx":60, "bytes_rx":12, "r2n_latency":274, "lqi":100, "rssi":-90, "server_sent":295, "server_received":528, "server_bytes_rx":60, "n2r_latency":61, "hops":0, "rtt_latency":417, "root_time_now":2994460}
[Mote:19] Not reachable yet
[Mote:17] Not reachable yet
[Mote:10] Sensor IPv6 = fe80::20a:a:a:a
[Mote:1] {"node":"fd00::20a:a:a:a", "cpu_energy_mj":18, "lpm_energy_mj":0, "radio_tx_energy_mj":0, "radio_rx_energy_mj":8, "node_time":2995137, "total_sent":78, "total_received":216, "bytes_tx":60, "bytes_rx":12, "r2n_latency":2724, "lqi":100, "rssi":-43, "server_sent":290, "server_received":151, "server_bytes_rx":60, "n2r_latency":163, "hops":2, "rtt_latency":2167, "root_time_now":2995300}
[Mote:18] Not reachable yet
[Mote:7] Sensor IPv6 = fe80::207:7:7:7
[Mote:11] Not reachable yet
[Mote:1] {"node":"fd00::207:7:7:7", "cpu_energy_mj":18, "lpm_energy_mj":0, "radio_tx_energy_mj":0, "radio_rx_energy_mj":8, "node_time":2996143, "total_sent":234, "total_received":286, "bytes_tx":60, "bytes_rx":12, "r2n_latency":974, "lqi":100, "rssi":-91, "server_sent":291, "server_received":469, "server_bytes_rx":60, "n2r_latency":137, "hops":1, "rtt_latency":1537, "root_time_now":2996280}
[Mote:3] Not reachable yet
[Mote:8] Not reachable yet
[Mote:4] Not reachable yet
[Mote:15] Not reachable yet
[Mote:16] Not reachable yet
[Mote:5] Sensor IPv6 = fe80::205:5:5:5
[Mote:12] Not reachable yet
[Mote:2] Not reachable yet
[Mote:9] Not reachable yet
[Mote:14] Not reachable yet
[Mote:1] {"node":"fd00::205:5:5:5", "cpu_energy_mj":19, "lpm_energy_mj":0, "radio_tx_energy_mj":1, "radio_rx_energy_mj":7, "node_time":3000494, "total_sent":220, "total_received":295, "bytes_tx":60, "bytes_rx":12, "r2n_latency":74, "lqi":100, "rssi":-89, "server_sent":298, "server_received":437, "server_bytes_rx":60, "n2r_latency":2856, "hops":0, "rtt_latency":247, "root_time_now":3003350}
[Mote:13] Not reachable yet
[Mote:17] Not reachable yet
[Mote:10] Sensor IPv6 = fe80::20a:a:a:a
[Mote:6] Sensor IPv6 = fe80::206:6:6:6
[Mote:1] {"node":"fd00::206:6:6:6", "cpu_energy_mj":19, "lpm_energy_mj":0, "radio_tx_energy_mj":0, "radio_rx_energy_mj":8, "node_time":3005327, "total_sent":255, "total_received":296, "bytes_tx":60, "bytes_rx":12, "r2n_latency":284, "lqi":100, "rssi":-90, "server_sent":296, "server_received":530, "server_bytes_rx":60, "n2r_latency":53, "hops":0, "rtt_latency":982, "root_time_now":3005380}
[Mote:19] Not reachable yet
[Mote:1] {"node":"fd00::20a:a:a:a", "cpu_energy_mj":18, "lpm_energy_mj":0, "radio_tx_energy_mj":0, "radio_rx_energy_mj":8, "node_time":3005323, "total_sent":79, "total_received":217, "bytes_tx":60, "bytes_rx":12, "r2n_latency":3084, "lqi":100, "rssi":-43, "server_sent":291, "server_received":153, "server_bytes_rx":60, "n2r_latency":407, "hops":2, "rtt_latency":1647, "root_time_now":3005730}
[Mote:11] Not reachable yet
[Mote:7] Sensor IPv6 = fe80::207:7:7:7
[Mote:18] Not reachable yet
[Mote:1] {"node":"fd00::207:7:7:7", "cpu_energy_mj":18, "lpm_energy_mj":0, "radio_tx_energy_mj":0, "radio_rx_energy_mj":8, "node_time":3006615, "total_sent":235, "total_received":287, "bytes_tx":60, "bytes_rx":12, "r2n_latency":1614, "lqi":100, "rssi":-91, "server_sent":292, "server_received":471, "server_bytes_rx":60, "n2r_latency":95, "hops":1, "rtt_latency":1157, "root_time_now":3006710}
[Mote:3] Not reachable yet
[Mote:8] Not reachable yet
[Mote:4] Not reachable yet
[Mote:16] Not reachable yet
[Mote:15] Not reachable yet
[Mote:5] Sensor IPv6 = fe80::205:5:5:5
[Mote:2] Not reachable yet
[Mote:12] Not reachable yet
[Mote:1] {"node":"fd00::205:5:5:5", "cpu_energy_mj":19, "lpm_energy_mj":0, "radio_tx_energy_mj":0, "radio_rx_energy_mj":8, "node_time":3011286, "total_sent":221, "total_received":296, "bytes_tx":60, "bytes_rx":12, "r2n_latency":14, "lqi":100, "rssi":-89, "server_sent":299, "server_received":439, "server_bytes_rx":60, "n2r_latency":1444, "hops":0, "rtt_latency":1337, "root_time_now":3012730}
[Mote:9] Not reachable yet
[Mote:14] Not reachable yet
[Mote:13] Not reachable yet
[Mote:17] Not reachable yet
[Mote:10] Sensor IPv6 = fe80::20a:a:a:a
[Mote:1] {"node":"fd00::20a:a:a:a", "cpu_energy_mj":18, "lpm_energy_mj":0, "radio_tx_energy_mj":0, "radio_rx_energy_mj":7, "node_time":3015510, "total_sent":80, "total_received":218, "bytes_tx":60, "bytes_rx":12, "r2n_latency":2044, "lqi":100, "rssi":-43, "server_sent":292, "server_received":155, "server_bytes_rx":60, "n2r_latency":160, "hops":2, "rtt_latency":1442, "root_time_now":3015670}
[Mote:6] Sensor IPv6 = fe80::206:6:6:6
[Mote:1] {"node":"fd00::206:6:6:6", "cpu_energy_mj":19, "lpm_energy_mj":0, "radio_tx_energy_mj":0, "radio_rx_energy_mj":8, "node_time":3016255, "total_sent":256, "total_received":297, "bytes_tx":60, "bytes_rx":12, "r2n_latency":364, "lqi":100, "rssi":-90, "server_sent":297, "server_received":532, "server_bytes_rx":60, "n2r_latency":45, "hops":0, "rtt_latency":357, "root_time_now":3016300}
[Mote:11] Not reachable yet
[Mote:19] Not reachable yet
[Mote:7] Sensor IPv6 = fe80::207:7:7:7
[Mote:1] {"node":"fd00::207:7:7:7", "cpu_energy_mj":18, "lpm_energy_mj":0, "radio_tx_energy_mj":0, "radio_rx_energy_mj":8, "node_time":3017091, "total_sent":236, "total_received":288, "bytes_tx":60, "bytes_rx":12, "r2n_latency":1274, "lqi":100, "rssi":-91, "server_sent":293, "server_received":473, "server_bytes_rx":60, "n2r_latency":119, "hops":1, "rtt_latency":1267, "root_time_now":3017210}
[Mote:18] Not reachable yet
[Mote:3] Not reachable yet
[Mote:8] Not reachable yet
[Mote:4] Not reachable yet
[Mote:16] Not reachable yet
[Mote:15] Not reachable yet
[Mote:5] Sensor IPv6 = fe80::205:5:5:5
[Mote:1] {"node":"fd00::205:5:5:5", "cpu_energy_mj":19, "lpm_energy_mj":0, "radio_tx_energy_mj":0, "radio_rx_energy_mj":8, "node_time":3022078, "total_sent":222, "total_received":297, "bytes_tx":60, "bytes_rx":12, "r2n_latency":24, "lqi":100, "rssi":-89, "server_sent":300, "server_received":441, "server_bytes_rx":60, "n2r_latency":32, "hops":0, "rtt_latency":397, "root_time_now":3022110}
[Mote:2] Not reachable yet
[Mote:12] Not reachable yet
[Mote:9] Not reachable yet
[Mote:13] Not reachable yet
[Mote:14] Not reachable yet
[Mote:17] Not reachable yet
[Mote:10] Sensor IPv6 = fe80::20a:a:a:a
[Mote:1] {"node":"fd00::20a:a:a:a", "cpu_energy_mj":18, "lpm_energy_mj":0, "radio_tx_energy_mj":0, "radio_rx_energy_mj":7, "node_time":3025697, "total_sent":81, "total_received":219, "bytes_tx":60, "bytes_rx":12, "r2n_latency":1704, "lqi":100, "rssi":-43, "server_sent":293, "server_received":157, "server_bytes_rx":60, "n2r_latency":193, "hops":2, "rtt_latency":1517, "root_time_now":3025890}
[Mote:11] Not reachable yet
[Mote:6] Sensor IPv6 = fe80::206:6:6:6
[Mote:1] {"node":"fd00::206:6:6:6", "cpu_energy_mj":19, "lpm_energy_mj":0, "radio_tx_energy_mj":0, "radio_rx_energy_mj":8, "node_time":3027184, "total_sent":257, "total_received":298, "bytes_tx":60, "bytes_rx":12, "r2n_latency":514, "lqi":100, "rssi":-90, "server_sent":298, "server_received":534, "server_bytes_rx":60, "n2r_latency":36, "hops":0, "rtt_latency":1412, "root_time_now":3027220}
[Mote:19] Not reachable yet
[Mote:7] Sensor IPv6 = fe80::207:7:7:7
[Mote:1] {"node":"fd00::207:7:7:7", "cpu_energy_mj":18, "lpm_energy_mj":0, "radio_tx_energy_mj":0, "radio_rx_energy_mj":8, "node_time":3027567, "total_sent":237, "total_received":289, "bytes_tx":60, "bytes_rx":12, "r2n_latency":1284, "lqi":100, "rssi":-91, "server_sent":294, "server_received":475, "server_bytes_rx":60, "n2r_latency":143, "hops":1, "rtt_latency":1447, "root_time_now":3027710}
[Mote:18] Not reachable yet
[Mote:3] Not reachable yet
[Mote:8] Not reachable yet
[Mote:4] Not reachable yet
[Mote:16] Not reachable yet
[Mote:15] Not reachable yet
[Mote:2] Not reachable yet
[Mote:5] Sensor IPv6 = fe80::205:5:5:5
[Mote:1] {"node":"fd00::205:5:5:5", "cpu_energy_mj":19, "lpm_energy_mj":0, "radio_tx_energy_mj":0, "radio_rx_energy_mj":8, "node_time":3032870, "total_sent":223, "total_received":298, "bytes_tx":60, "bytes_rx":12, "r2n_latency":34, "lqi":100, "rssi":-89, "server_sent":301, "server_received":443, "server_bytes_rx":60, "n2r_latency":20, "hops":0, "rtt_latency":1207, "root_time_now":3032890}
[Mote:12] Not reachable yet
[Mote:9] Not reachable yet
[Mote:13] Not reachable yet
[Mote:14] Not reachable yet
[Mote:17] Not reachable yet
[Mote:10] Sensor IPv6 = fe80::20a:a:a:a
[Mote:1] {"node":"fd00::20a:a:a:a", "cpu_energy_mj":18, "lpm_energy_mj":0, "radio_tx_energy_mj":0, "radio_rx_energy_mj":7, "node_time":3035884, "total_sent":82, "total_received":220, "bytes_tx":60, "bytes_rx":12, "r2n_latency":1574, "lqi":100, "rssi":-43, "server_sent":294, "server_received":159, "server_bytes_rx":60, "n2r_latency":156, "hops":2, "rtt_latency":1242, "root_time_now":3036040}
[Mote:11] Not reachable yet
[Mote:7] Sensor IPv6 = fe80::207:7:7:7
[Mote:6] Sensor IPv6 = fe80::206:6:6:6
[Mote:1] {"node":"fd00::207:7:7:7", "cpu_energy_mj":18, "lpm_energy_mj":0, "radio_tx_energy_mj":0, "radio_rx_energy_mj":8, "node_time":3038043, "total_sent":238, "total_received":290, "bytes_tx":60, "bytes_rx":12, "r2n_latency":1364, "lqi":100, "rssi":-91, "server_sent":295, "server_received":477, "server_bytes_rx":60, "n2r_latency":97, "hops":1, "rtt_latency":892, "root_time_now":3038140}
[Mote:1] {"node":"fd00::206:6:6:6", "cpu_energy_mj":19, "lpm_energy_mj":0, "radio_tx_energy_mj":0, "radio_rx_energy_mj":8, "node_time":3038113, "total_sent":258, "total_received":299, "bytes_tx":60, "bytes_rx":12, "r2n_latency":244, "lqi":100, "rssi":-90, "server_sent":299, "server_received":536, "server_bytes_rx":60, "n2r_latency":97, "hops":0, "rtt_latency":717, "root_time_now":3038210}
[Mote:19] Not reachable yet
[Mote:18] Not reachable yet
[Mote:3] Not reachable yet
[Mote:8] Not reachable yet
[Mote:16] Not reachable yet
[Mote:4] Not reachable yet
[Mote:15] Not reachable yet
[Mote:2] Not reachable yet
[Mote:5] Sensor IPv6 = fe80::205:5:5:5
[Mote:1] {"node":"fd00::205:5:5:5", "cpu_energy_mj":19, "lpm_energy_mj":0, "radio_tx_energy_mj":0, "radio_rx_energy_mj":8, "node_time":3043662, "total_sent":224, "total_received":299, "bytes_tx":60, "bytes_rx":12, "r2n_latency":44, "lqi":100, "rssi":-89, "server_sent":302, "server_received":445, "server_bytes_rx":60, "n2r_latency":8, "hops":0, "rtt_latency":1142, "root_time_now":3043670}
[Mote:12] Not reachable yet
[Mote:13] Not reachable yet
[Mote:9] Not reachable yet
[Mote:17] Not reachable yet
[Mote:14] Not reachable yet
[Mote:10] Sensor IPv6 = fe80::20a:a:a:a
[Mote:1] {"node":"fd00::20a:a:a:a", "cpu_energy_mj":18, "lpm_energy_mj":0, "radio_tx_energy_mj":0, "radio_rx_energy_mj":7, "node_time":3046074, "total_sent":83, "total_received":221, "bytes_tx":60, "bytes_rx":12, "r2n_latency":1654, "lqi":100, "rssi":-43, "server_sent":295, "server_received":161, "server_bytes_rx":60, "n2r_latency":186, "hops":2, "rtt_latency":1562, "root_time_now":3046260}
[Mote:11] Not reachable yet
[Mote:7] Sensor IPv6 = fe80::207:7:7:7
[Mote:18] Not reachable yet
[Mote:3] Not reachable yet
[Mote:1] {"node":"fd00::207:7:7:7", "cpu_energy_mj":18, "lpm_energy_mj":0, "radio_tx_energy_mj":0, "radio_rx_energy_mj":8, "node_time":3048523, "total_sent":239, "total_received":291, "bytes_tx":60, "bytes_rx":12, "r2n_latency":1094, "lqi":100, "rssi":-91, "server_sent":296, "server_received":479, "server_bytes_rx":60, "n2r_latency":397, "hops":1, "rtt_latency":1527, "root_time_now":3048920}
[Mote:6] Sensor IPv6 = fe80::206:6:6:6
[Mote:1] {"node":"fd00::206:6:6:6", "cpu_energy_mj":19, "lpm_energy_mj":0, "radio_tx_energy_mj":0, "radio_rx_energy_mj":8, "node_time":3049042, "total_sent":259, "total_received":300, "bytes_tx":60, "bytes_rx":12, "r2n_latency":394, "lqi":100, "rssi":-90, "server_sent":300, "server_received":538, "server_bytes_rx":60, "n2r_latency":18, "hops":0, "rtt_latency":1492, "root_time_now":3049060}
[Mote:19] Not reachable yet
[Mote:16] Not reachable yet
[Mote:8] Not reachable yet
[Mote:4] Not reachable yet
[Mote:15] Not reachable yet
[Mote:2] Not reachable yet
[Mote:5] Sensor IPv6 = fe80::205:5:5:5
[Mote:1] {"node":"fd00::205:5:5:5", "cpu_energy_mj":19, "lpm_energy_mj":0, "radio_tx_energy_mj":0, "radio_rx_energy_mj":8, "node_time":3054454, "total_sent":225, "total_received":300, "bytes_tx":60, "bytes_rx":12, "r2n_latency":54, "lqi":100, "rssi":-89, "server_sent":303, "server_received":447, "server_bytes_rx":60, "n2r_latency":66, "hops":0, "rtt_latency":1427, "root_time_now":3054520}
[Mote:13] Not reachable yet
[Mote:12] Not reachable yet
[Mote:9] Not reachable yet
[Mote:17] Not reachable yet
[Mote:10] Sensor IPv6 = fe80::20a:a:a:a
[Mote:1] {"node":"fd00::20a:a:a:a", "cpu_energy_mj":18, "lpm_energy_mj":0, "radio_tx_energy_mj":1, "radio_rx_energy_mj":7, "node_time":3056258, "total_sent":84, "total_received":222, "bytes_tx":60, "bytes_rx":12, "r2n_latency":2084, "lqi":100, "rssi":-43, "server_sent":296, "server_received":163, "server_bytes_rx":60, "n2r_latency":152, "hops":2, "rtt_latency":1882, "root_time_now":3056410}
[Mote:14] Not reachable yet
[Mote:11] Not reachable yet
[Mote:7] Sensor IPv6 = fe80::207:7:7:7
[Mote:1] {"node":"fd00::207:7:7:7", "cpu_energy_mj":18, "lpm_energy_mj":0, "radio_tx_energy_mj":0, "radio_rx_energy_mj":8, "node_time":3059001, "total_sent":240, "total_received":292, "bytes_tx":60, "bytes_rx":12, "r2n_latency":1384, "lqi":100, "rssi":-91, "server_sent":297, "server_received":481, "server_bytes_rx":60, "n2r_latency":139, "hops":1, "rtt_latency":1847, "root_time_now":3059140}
[Mote:3] Not reachable yet
[Mote:18] Not reachable yet
[Mote:6] Sensor IPv6 = fe80::206:6:6:6
[Mote:1] {"node":"fd00::206:6:6:6", "cpu_energy_mj":19, "lpm_energy_mj":0, "radio_tx_energy_mj":0, "radio_rx_energy_mj":8, "node_time":3059971, "total_sent":260, "total_received":301, "bytes_tx":60, "bytes_rx":12, "r2n_latency":264, "lqi":100, "rssi":-90, "server_sent":301, "server_received":540, "server_bytes_rx":60, "n2r_latency":9, "hops":0, "rtt_latency":1812, "root_time_now":3059980}
[Mote:16] Not reachable yet
[Mote:19] Not reachable yet
[Mote:8] Not reachable yet
[Mote:4] Not reachable yet
[Mote:15] Not reachable yet
[Mote:2] Not reachable yet
[Mote:13] Not reachable yet
[Mote:5] Sensor IPv6 = fe80::205:5:5:5
[Mote:1] {"node":"fd00::205:5:5:5", "cpu_energy_mj":19, "lpm_energy_mj":0, "radio_tx_energy_mj":0, "radio_rx_energy_mj":8, "node_time":3065246, "total_sent":226, "total_received":301, "bytes_tx":60, "bytes_rx":12, "r2n_latency":66, "lqi":100, "rssi":-89, "server_sent":304, "server_received":449, "server_bytes_rx":60, "n2r_latency":54, "hops":0, "rtt_latency":1433, "root_time_now":3065300}
[Mote:9] Not reachable yet
[Mote:12] Not reachable yet
[Mote:17] Not reachable yet
[Mote:10] Sensor IPv6 = fe80::20a:a:a:a
[Mote:1] {"node":"fd00::20a:a:a:a", "cpu_energy_mj":18, "lpm_energy_mj":0, "radio_tx_energy_mj":0, "radio_rx_energy_mj":7, "node_time":3066446, "total_sent":85, "total_received":223, "bytes_tx":60, "bytes_rx":12, "r2n_latency":1816, "lqi":100, "rssi":-43, "server_sent":297, "server_received":165, "server_bytes_rx":60, "n2r_latency":184, "hops":2, "rtt_latency":1153, "root_time_now":3066630}
[Mote:11] Not reachable yet
[Mote:14] Not reachable yet
[Mote:3] Not reachable yet
[Mote:7] Sensor IPv6 = fe80::207:7:7:7
[Mote:1] {"node":"fd00::207:7:7:7", "cpu_energy_mj":18, "lpm_energy_mj":0, "radio_tx_energy_mj":0, "radio_rx_energy_mj":8, "node_time":3069475, "total_sent":241, "total_received":293, "bytes_tx":60, "bytes_rx":12, "r2n_latency":1186, "lqi":100, "rssi":-91, "server_sent":298, "server_received":483, "server_bytes_rx":60, "n2r_latency":95, "hops":1, "rtt_latency":943, "root_time_now":3069570}
[Mote:18] Not reachable yet
[Mote:16] Not reachable yet
[Mote:6] Sensor IPv6 = fe80::206:6:6:6
[Mote:19] Not reachable yet
[Mote:8] Not reachable yet
[Mote:4] Not reachable yet
[Mote:1] {"node":"fd00::206:6:6:6", "cpu_energy_mj":19, "lpm_energy_mj":0, "radio_tx_energy_mj":0, "radio_rx_energy_mj":8, "node_time":3070901, "total_sent":261, "total_received":303, "bytes_tx":60, "bytes_rx":12, "r2n_latency":424, "lqi":100, "rssi":-90, "server_sent":303, "server_received":543, "server_bytes_rx":60, "n2r_latency":1189, "hops":0, "rtt_latency":912, "root_time_now":3072090}
[Mote:15] Not reachable yet
[Mote:13] Not reachable yet
[Mote:2] Not reachable yet
[Mote:5] Sensor IPv6 = fe80::205:5:5:5
[Mote:1] {"node":"fd00::205:5:5:5", "cpu_energy_mj":19, "lpm_energy_mj":0, "radio_tx_energy_mj":0, "radio_rx_energy_mj":8, "node_time":3076038, "total_sent":227, "total_received":302, "bytes_tx":60, "bytes_rx":12, "r2n_latency":74, "lqi":100, "rssi":-89, "server_sent":305, "server_received":451, "server_bytes_rx":60, "n2r_latency":42, "hops":0, "rtt_latency":807, "root_time_now":3076080}
[Mote:9] Not reachable yet
[Mote:17] Not reachable yet
[Mote:10] Sensor IPv6 = fe80::20a:a:a:a
[Mote:12] Not reachable yet
[Mote:1] {"node":"fd00::20a:a:a:a", "cpu_energy_mj":18, "lpm_energy_mj":0, "radio_tx_energy_mj":0, "radio_rx_energy_mj":7, "node_time":3076632, "total_sent":86, "total_received":224, "bytes_tx":60, "bytes_rx":12, "r2n_latency":1824, "lqi":100, "rssi":-43, "server_sent":298, "server_received":167, "server_bytes_rx":60, "n2r_latency":288, "hops":2, "rtt_latency":1332, "root_time_now":3076920}
[Mote:11] Not reachable yet
[Mote:14] Not reachable yet
[Mote:3] Not reachable yet
[Mote:7] Sensor IPv6 = fe80::207:7:7:7
[Mote:16] Not reachable yet
[Mote:18] Not reachable yet
[Mote:8] Not reachable yet
[Mote:6] Sensor IPv6 = fe80::206:6:6:6
[Mote:19] Not reachable yet
[Mote:4] Not reachable yet
[Mote:15] Not reachable yet
[Mote:1] {"node":"fd00::207:7:7:7", "cpu_energy_mj":18, "lpm_energy_mj":0, "radio_tx_energy_mj":0, "radio_rx_energy_mj":8, "node_time":3079947, "total_sent":242, "total_received":294, "bytes_tx":60, "bytes_rx":12, "r2n_latency":1194, "lqi":100, "rssi":-91, "server_sent":300, "server_received":485, "server_bytes_rx":60, "n2r_latency":4883, "hops":1, "rtt_latency":1087, "root_time_now":3084830}
[Mote:1] {"node":"fd00::206:6:6:6", "cpu_energy_mj":19, "lpm_energy_mj":0, "radio_tx_energy_mj":0, "radio_rx_energy_mj":8, "node_time":3081831, "total_sent":262, "total_received":304, "bytes_tx":60, "bytes_rx":12, "r2n_latency":364, "lqi":100, "rssi":-90, "server_sent":304, "server_received":545, "server_bytes_rx":60, "n2r_latency":3069, "hops":0, "rtt_latency":2387, "root_time_now":3084900}
[Mote:13] Not reachable yet
[Mote:2] Not reachable yet
[Mote:10] Sensor IPv6 = fe80::20a:a:a:a
[Mote:5] Sensor IPv6 = fe80::205:5:5:5
[Mote:17] Not reachable yet
[Mote:1] {"node":"fd00::205:5:5:5", "cpu_energy_mj":19, "lpm_energy_mj":0, "radio_tx_energy_mj":0, "radio_rx_energy_mj":8, "node_time":3086832, "total_sent":228, "total_received":303, "bytes_tx":60, "bytes_rx":12, "r2n_latency":14, "lqi":100, "rssi":-89, "server_sent":306, "server_received":453, "server_bytes_rx":60, "n2r_latency":28, "hops":0, "rtt_latency":1512, "root_time_now":3086860}
[Mote:1] {"node":"fd00::20a:a:a:a", "cpu_energy_mj":18, "lpm_energy_mj":0, "radio_tx_energy_mj":0, "radio_rx_energy_mj":8, "node_time":3086822, "total_sent":87, "total_received":225, "bytes_tx":60, "bytes_rx":12, "r2n_latency":3304, "lqi":100, "rssi":-43, "server_sent":299, "server_received":169, "server_bytes_rx":60, "n2r_latency":178, "hops":2, "rtt_latency":2527, "root_time_now":3087000}
[Mote:9] Not reachable yet
[Mote:11] Not reachable yet
[Mote:12] Not reachable yet
[Mote:14] Not reachable yet
[Mote:3] Not reachable yet
[Mote:16] Not reachable yet
[Mote:7] Sensor IPv6 = fe80::207:7:7:7
[Mote:18] Not reachable yet
[Mote:8] Not reachable yet
[Mote:6] Sensor IPv6 = fe80::206:6:6:6
[Mote:1] {"node":"fd00::206:6:6:6", "cpu_energy_mj":19, "lpm_energy_mj":0, "radio_tx_energy_mj":0, "radio_rx_energy_mj":8, "node_time":3092760, "total_sent":263, "total_received":305, "bytes_tx":60, "bytes_rx":12, "r2n_latency":1214, "lqi":100, "rssi":-90, "server_sent":305, "server_received":547, "server_bytes_rx":60, "n2r_latency":50, "hops":0, "rtt_latency":677, "root_time_now":3092810}
[Mote:4] Not reachable yet
[Mote:19] Not reachable yet
[Mote:15] Not reachable yet
[Mote:1] {"node":"fd00::207:7:7:7", "cpu_energy_mj":18, "lpm_energy_mj":0, "radio_tx_energy_mj":0, "radio_rx_energy_mj":8, "node_time":3090427, "total_sent":243, "total_received":295, "bytes_tx":60, "bytes_rx":12, "r2n_latency":2884, "lqi":100, "rssi":-91, "server_sent":301, "server_received":487, "server_bytes_rx":60, "n2r_latency":4343, "hops":1, "rtt_latency":2492, "root_time_now":3094770}
[Mote:13] Not reachable yet
[Mote:2] Sensor IPv6 = fe80::202:2:2:2
[Mote:1] {"node":"fd00::202:2:2:2", "cpu_energy_mj":322, "lpm_energy_mj":0, "radio_tx_energy_mj":1, "radio_rx_energy_mj":447, "node_time":3095953, "total_sent":127, "total_received":286, "bytes_tx":60, "bytes_rx":12, "r2n_latency":164, "lqi":100, "rssi":-83, "server_sent":307, "server_received":242, "server_bytes_rx":60, "n2r_latency":7, "hops":0, "rtt_latency":467, "root_time_now":3095960}
[Mote:10] Sensor IPv6 = fe80::20a:a:a:a
[Mote:17] Not reachable yet
[Mote:1] {"node":"fd00::20a:a:a:a", "cpu_energy_mj":18, "lpm_energy_mj":0, "radio_tx_energy_mj":0, "radio_rx_energy_mj":8, "node_time":3097008, "total_sent":88, "total_received":226, "bytes_tx":60, "bytes_rx":12, "r2n_latency":2544, "lqi":100, "rssi":-43, "server_sent":300, "server_received":171, "server_bytes_rx":60, "n2r_latency":212, "hops":2, "rtt_latency":2777, "root_time_now":3097220}
[Mote:11] Not reachable yet
[Mote:9] Not reachable yet
[Mote:5] Sensor IPv6 = fe80::205:5:5:5
[Mote:1] {"node":"fd00::205:5:5:5", "cpu_energy_mj":19, "lpm_energy_mj":0, "radio_tx_energy_mj":0, "radio_rx_energy_mj":8, "node_time":3097622, "total_sent":229, "total_received":304, "bytes_tx":60, "bytes_rx":12, "r2n_latency":24, "lqi":100, "rssi":-89, "server_sent":307, "server_received":455, "server_bytes_rx":60, "n2r_latency":18, "hops":0, "rtt_latency":152, "root_time_now":3097640}
[Mote:12] Not reachable yet
[Mote:14] Sensor IPv6 = fe80::20e:e:e:e
[Mote:3] Not reachable yet
[Mote:16] Not reachable yet
[Mote:7] Sensor IPv6 = fe80::207:7:7:7
[Mote:1] {"node":"fd00::20e:e:e:e", "cpu_energy_mj":329, "lpm_energy_mj":0, "radio_tx_energy_mj":1, "radio_rx_energy_mj":1230, "node_time":3099796, "total_sent":55, "total_received":221, "bytes_tx":60, "bytes_rx":12, "r2n_latency":1704, "lqi":100, "rssi":-38, "server_sent":303, "server_received":85, "server_bytes_rx":60, "n2r_latency":1484, "hops":3, "rtt_latency":2567, "root_time_now":3101280}
[Mote:18] Not reachable yet
[Mote:1] {"node":"fd00::207:7:7:7", "cpu_energy_mj":18, "lpm_energy_mj":0, "radio_tx_energy_mj":1, "radio_rx_energy_mj":8, "node_time":3100899, "total_sent":244, "total_received":296, "bytes_tx":60, "bytes_rx":12, "r2n_latency":2334, "lqi":100, "rssi":-91, "server_sent":302, "server_received":489, "server_bytes_rx":60, "n2r_latency":1291, "hops":1, "rtt_latency":2672, "root_time_now":3102190}
[Mote:8] Not reachable yet
[Mote:4] Not reachable yet
[Mote:6] Sensor IPv6 = fe80::206:6:6:6
[Mote:1] {"node":"fd00::206:6:6:6", "cpu_energy_mj":19, "lpm_energy_mj":0, "radio_tx_energy_mj":1, "radio_rx_energy_mj":8, "node_time":3103689, "total_sent":264, "total_received":306, "bytes_tx":60, "bytes_rx":12, "r2n_latency":1574, "lqi":100, "rssi":-90, "server_sent":306, "server_received":549, "server_bytes_rx":60, "n2r_latency":41, "hops":0, "rtt_latency":1487, "root_time_now":3103730}
[Mote:19] Not reachable yet
[Mote:15] Not reachable yet
[Mote:13] Not reachable yet
[Mote:2] Sensor IPv6 = fe80::202:2:2:2
[Mote:1] {"node":"fd00::202:2:2:2", "cpu_energy_mj":18, "lpm_energy_mj":0, "radio_tx_energy_mj":0, "radio_rx_energy_mj":8, "node_time":3106484, "total_sent":128, "total_received":287, "bytes_tx":60, "bytes_rx":12, "r2n_latency":104, "lqi":100, "rssi":-83, "server_sent":308, "server_received":244, "server_bytes_rx":60, "n2r_latency":46, "hops":0, "rtt_latency":752, "root_time_now":3106530}
[Mote:10] Sensor IPv6 = fe80::20a:a:a:a
[Mote:17] Not reachable yet
[Mote:1] {"node":"fd00::20a:a:a:a", "cpu_energy_mj":18, "lpm_energy_mj":0, "radio_tx_energy_mj":0, "radio_rx_energy_mj":8, "node_time":3107194, "total_sent":89, "total_received":227, "bytes_tx":60, "bytes_rx":12, "r2n_latency":2834, "lqi":100, "rssi":-43, "server_sent":301, "server_received":173, "server_bytes_rx":60, "n2r_latency":176, "hops":2, "rtt_latency":2642, "root_time_now":3107370}
[Mote:11] Not reachable yet
[Mote:9] Not reachable yet
[Mote:5] Sensor IPv6 = fe80::205:5:5:5
[Mote:1] {"node":"fd00::205:5:5:5", "cpu_energy_mj":19, "lpm_energy_mj":0, "radio_tx_energy_mj":0, "radio_rx_energy_mj":8, "node_time":3108414, "total_sent":230, "total_received":305, "bytes_tx":60, "bytes_rx":12, "r2n_latency":244, "lqi":100, "rssi":-89, "server_sent":308, "server_received":457, "server_bytes_rx":60, "n2r_latency":6, "hops":0, "rtt_latency":927, "root_time_now":3108420}
[Mote:12] Not reachable yet
[Mote:16] Not reachable yet
[Mote:3] Not reachable yet
[Mote:14] Sensor IPv6 = fe80::20e:e:e:e
[Mote:7] Sensor IPv6 = fe80::207:7:7:7
[Mote:1] {"node":"fd00::20e:e:e:e", "cpu_energy_mj":19, "lpm_energy_mj":0, "radio_tx_energy_mj":0, "radio_rx_energy_mj":9, "node_time":3110560, "total_sent":56, "total_received":222, "bytes_tx":60, "bytes_rx":12, "r2n_latency":1924, "lqi":100, "rssi":-38, "server_sent":304, "server_received":87, "server_bytes_rx":60, "n2r_latency":1220, "hops":3, "rtt_latency":1627, "root_time_now":3111780}
[Mote:1] {"node":"fd00::207:7:7:7", "cpu_energy_mj":18, "lpm_energy_mj":0, "radio_tx_energy_mj":0, "radio_rx_energy_mj":8, "node_time":3111379, "total_sent":245, "total_received":297, "bytes_tx":60, "bytes_rx":12, "r2n_latency":2414, "lqi":100, "rssi":-91, "server_sent":303, "server_received":491, "server_bytes_rx":60, "n2r_latency":611, "hops":1, "rtt_latency":1662, "root_time_now":3111990}
[Mote:18] Not reachable yet
[Mote:8] Not reachable yet
[Mote:4] Not reachable yet
[Mote:6] Sensor IPv6 = fe80::206:6:6:6
[Mote:1] {"node":"fd00::206:6:6:6", "cpu_energy_mj":19, "lpm_energy_mj":0, "radio_tx_energy_mj":0, "radio_rx_energy_mj":8, "node_time":3114618, "total_sent":265, "total_received":307, "bytes_tx":60, "bytes_rx":12, "r2n_latency":2354, "lqi":100, "rssi":-90, "server_sent":307, "server_received":551, "server_bytes_rx":60, "n2r_latency":32, "hops":0, "rtt_latency":1667, "root_time_now":3114650}
[Mote:19] Not reachable yet
[Mote:13] Not reachable yet
[Mote:15] Not reachable yet
[Mote:2] Sensor IPv6 = fe80::202:2:2:2
[Mote:1] {"node":"fd00::202:2:2:2", "cpu_energy_mj":18, "lpm_energy_mj":0, "radio_tx_energy_mj":0, "radio_rx_energy_mj":8, "node_time":3117017, "total_sent":129, "total_received":288, "bytes_tx":60, "bytes_rx":12, "r2n_latency":184, "lqi":100, "rssi":-83, "server_sent":309, "server_received":246, "server_bytes_rx":60, "n2r_latency":13, "hops":0, "rtt_latency":442, "root_time_now":3117030}
[Mote:10] Sensor IPv6 = fe80::20a:a:a:a
[Mote:17] Not reachable yet
[Mote:1] {"node":"fd00::20a:a:a:a", "cpu_energy_mj":18, "lpm_energy_mj":0, "radio_tx_energy_mj":0, "radio_rx_energy_mj":8, "node_time":3117380, "total_sent":90, "total_received":228, "bytes_tx":60, "bytes_rx":12, "r2n_latency":4664, "lqi":100, "rssi":-43, "server_sent":302, "server_received":175, "server_bytes_rx":60, "n2r_latency":210, "hops":2, "rtt_latency":2577, "root_time_now":3117590}
[Mote:11] Not reachable yet
[Mote:9] Not reachable yet
[Mote:5] Sensor IPv6 = fe80::205:5:5:5
[Mote:1] {"node":"fd00::205:5:5:5", "cpu_energy_mj":19, "lpm_energy_mj":0, "radio_tx_energy_mj":0, "radio_rx_energy_mj":8, "node_time":3119206, "total_sent":231, "total_received":306, "bytes_tx":60, "bytes_rx":12, "r2n_latency":44, "lqi":100, "rssi":-89, "server_sent":309, "server_received":459, "server_bytes_rx":60, "n2r_latency":64, "hops":0, "rtt_latency":2122, "root_time_now":3119270}
[Mote:12] Not reachable yet
[Mote:16] Not reachable yet
[Mote:3] Not reachable yet
[Mote:14] Sensor IPv6 = fe80::20e:e:e:e
[Mote:7] Sensor IPv6 = fe80::207:7:7:7
[Mote:1] {"node":"fd00::207:7:7:7", "cpu_energy_mj":18, "lpm_energy_mj":0, "radio_tx_energy_mj":0, "radio_rx_energy_mj":8, "node_time":3121855, "total_sent":246, "total_received":298, "bytes_tx":60, "bytes_rx":12, "r2n_latency":3404, "lqi":100, "rssi":-91, "server_sent":304, "server_received":493, "server_bytes_rx":60, "n2r_latency":425, "hops":1, "rtt_latency":2017, "root_time_now":3122280}
[Mote:18] Not reachable yet
[Mote:8] Not reachable yet
[Mote:4] Not reachable yet
[Mote:13] Not reachable yet
[Mote:6] Sensor IPv6 = fe80::206:6:6:6
[Mote:1] {"node":"fd00::206:6:6:6", "cpu_energy_mj":19, "lpm_energy_mj":0, "radio_tx_energy_mj":1, "radio_rx_energy_mj":8, "node_time":3125547, "total_sent":266, "total_received":308, "bytes_tx":60, "bytes_rx":12, "r2n_latency":1034, "lqi":100, "rssi":-90, "server_sent":308, "server_received":553, "server_bytes_rx":60, "n2r_latency":23, "hops":0, "rtt_latency":972, "root_time_now":3125570}
[Mote:19] Not reachable yet
[Mote:15] Not reachable yet
[Mote:2] Sensor IPv6 = fe80::202:2:2:2
[Mote:10] Sensor IPv6 = fe80::20a:a:a:a
[Mote:1] {"node":"fd00::202:2:2:2", "cpu_energy_mj":18, "lpm_energy_mj":0, "radio_tx_energy_mj":0, "radio_rx_energy_mj":8, "node_time":3127546, "total_sent":130, "total_received":289, "bytes_tx":60, "bytes_rx":12, "r2n_latency":194, "lqi":100, "rssi":-83, "server_sent":310, "server_received":248, "server_bytes_rx":60, "n2r_latency":54, "hops":0, "rtt_latency":1497, "root_time_now":3127600}
[Mote:17] Not reachable yet
[Mote:1] {"node":"fd00::20a:a:a:a", "cpu_energy_mj":18, "lpm_energy_mj":0, "radio_tx_energy_mj":0, "radio_rx_energy_mj":8, "node_time":3127570, "total_sent":91, "total_received":229, "bytes_tx":60, "bytes_rx":12, "r2n_latency":3484, "lqi":100, "rssi":-43, "server_sent":303, "server_received":177, "server_bytes_rx":60, "n2r_latency":170, "hops":2, "rtt_latency":2197, "root_time_now":3127740}
[Mote:11] Not reachable yet
[Mote:9] Not reachable yet
[Mote:5] Sensor IPv6 = fe80::205:5:5:5
[Mote:16] Not reachable yet
[Mote:12] Not reachable yet
[Mote:3] Not reachable yet
[Mote:14] Sensor IPv6 = fe80::20e:e:e:e
[Mote:7] Sensor IPv6 = fe80::207:7:7:7
[Mote:1] {"node":"fd00::207:7:7:7", "cpu_energy_mj":18, "lpm_energy_mj":0, "radio_tx_energy_mj":0, "radio_rx_energy_mj":8, "node_time":3132328, "total_sent":247, "total_received":299, "bytes_tx":60, "bytes_rx":12, "r2n_latency":2434, "lqi":100, "rssi":-91, "server_sent":305, "server_received":495, "server_bytes_rx":60, "n2r_latency":312, "hops":1, "rtt_latency":1427, "root_time_now":3132640}
[Mote:1] {"node":"fd00::205:5:5:5", "cpu_energy_mj":19, "lpm_energy_mj":0, "radio_tx_energy_mj":0, "radio_rx_energy_mj":8, "node_time":3130000, "total_sent":232, "total_received":307, "bytes_tx":60, "bytes_rx":12, "r2n_latency":54, "lqi":100, "rssi":-89, "server_sent":311, "server_received":461, "server_bytes_rx":60, "n2r_latency":2850, "hops":0, "rtt_latency":167, "root_time_now":3132850}
[Mote:18] Not reachable yet
[Mote:8] Not reachable yet
[Mote:4] Not reachable yet
[Mote:13] Not reachable yet
[Mote:6] Sensor IPv6 = fe80::206:6:6:6
[Mote:1] {"node":"fd00::206:6:6:6", "cpu_energy_mj":19, "lpm_energy_mj":0, "radio_tx_energy_mj":0, "radio_rx_energy_mj":8, "node_time":3136475, "total_sent":267, "total_received":309, "bytes_tx":60, "bytes_rx":12, "r2n_latency":1884, "lqi":100, "rssi":-90, "server_sent":309, "server_received":555, "server_bytes_rx":60, "n2r_latency":15, "hops":0, "rtt_latency":1047, "root_time_now":3136490}
[Mote:15] Not reachable yet
[Mote:19] Not reachable yet
[Mote:10] Sensor IPv6 = fe80::20a:a:a:a
[Mote:11] Not reachable yet
[Mote:17] Not reachable yet
[Mote:1] {"node":"fd00::20a:a:a:a", "cpu_energy_mj":18, "lpm_energy_mj":0, "radio_tx_energy_mj":0, "radio_rx_energy_mj":7, "node_time":3137754, "total_sent":92, "total_received":230, "bytes_tx":60, "bytes_rx":12, "r2n_latency":3634, "lqi":100, "rssi":-43, "server_sent":304, "server_received":179, "server_bytes_rx":60, "n2r_latency":206, "hops":2, "rtt_latency":2027, "root_time_now":3137960}
[Mote:2] Sensor IPv6 = fe80::202:2:2:2
[Mote:1] {"node":"fd00::202:2:2:2", "cpu_energy_mj":18, "lpm_energy_mj":0, "radio_tx_energy_mj":0, "radio_rx_energy_mj":8, "node_time":3138077, "total_sent":131, "total_received":290, "bytes_tx":60, "bytes_rx":12, "r2n_latency":344, "lqi":100, "rssi":-83, "server_sent":311, "server_received":250, "server_bytes_rx":60, "n2r_latency":23, "hops":0, "rtt_latency":697, "root_time_now":3138100}
[Mote:9] Not reachable yet
[Mote:16] Not reachable yet
[Mote:5] Sensor IPv6 = fe80::205:5:5:5
[Mote:3] Not reachable yet
[Mote:12] Not reachable yet
[Mote:1] {"node":"fd00::205:5:5:5", "cpu_energy_mj":19, "lpm_energy_mj":0, "radio_tx_energy_mj":0, "radio_rx_energy_mj":8, "node_time":3140790, "total_sent":233, "total_received":309, "bytes_tx":60, "bytes_rx":12, "r2n_latency":74, "lqi":100, "rssi":-89, "server_sent":312, "server_received":464, "server_bytes_rx":60, "n2r_latency":1930, "hops":0, "rtt_latency":1122, "root_time_now":3142720}
[Mote:7] Sensor IPv6 = fe80::207:7:7:7
[Mote:14] Not reachable yet
[Mote:18] Not reachable yet
[Mote:1] {"node":"fd00::207:7:7:7", "cpu_energy_mj":18, "lpm_energy_mj":0, "radio_tx_energy_mj":0, "radio_rx_energy_mj":8, "node_time":3142804, "total_sent":248, "total_received":301, "bytes_tx":60, "bytes_rx":12, "r2n_latency":1614, "lqi":100, "rssi":-91, "server_sent":306, "server_received":498, "server_bytes_rx":60, "n2r_latency":1596, "hops":1, "rtt_latency":2137, "root_time_now":3144400}
[Mote:8] Not reachable yet
[Mote:13] Not reachable yet
[Mote:4] Not reachable yet
[Mote:15] Not reachable yet
[Mote:6] Sensor IPv6 = fe80::206:6:6:6
[Mote:1] {"node":"fd00::206:6:6:6", "cpu_energy_mj":19, "lpm_energy_mj":0, "radio_tx_energy_mj":0, "radio_rx_energy_mj":8, "node_time":3147403, "total_sent":268, "total_received":310, "bytes_tx":60, "bytes_rx":12, "r2n_latency":704, "lqi":100, "rssi":-90, "server_sent":310, "server_received":557, "server_bytes_rx":60, "n2r_latency":77, "hops":0, "rtt_latency":2102, "root_time_now":3147480}
[Mote:19] Not reachable yet
[Mote:10] Sensor IPv6 = fe80::20a:a:a:a
[Mote:11] Not reachable yet
[Mote:1] {"node":"fd00::20a:a:a:a", "cpu_energy_mj":18, "lpm_energy_mj":0, "radio_tx_energy_mj":1, "radio_rx_energy_mj":7, "node_time":3147944, "total_sent":93, "total_received":231, "bytes_tx":60, "bytes_rx":12, "r2n_latency":2314, "lqi":100, "rssi":-43, "server_sent":305, "server_received":181, "server_bytes_rx":60, "n2r_latency":166, "hops":2, "rtt_latency":2172, "root_time_now":3148110}
[Mote:17] Not reachable yet
[Mote:2] Sensor IPv6 = fe80::202:2:2:2
[Mote:1] {"node":"fd00::202:2:2:2", "cpu_energy_mj":18, "lpm_energy_mj":0, "radio_tx_energy_mj":0, "radio_rx_energy_mj":8, "node_time":3148608, "total_sent":132, "total_received":291, "bytes_tx":60, "bytes_rx":12, "r2n_latency":214, "lqi":100, "rssi":-83, "server_sent":312, "server_received":252, "server_bytes_rx":60, "n2r_latency":62, "hops":0, "rtt_latency":1997, "root_time_now":3148670}
[Mote:16] Not reachable yet
[Mote:9] Not reachable yet
[Mote:3] Not reachable yet
[Mote:5] Sensor IPv6 = fe80::205:5:5:5
[Mote:12] Not reachable yet
[Mote:7] Sensor IPv6 = fe80::207:7:7:7
[Mote:14] Not reachable yet
[Mote:1] {"node":"fd00::207:7:7:7", "cpu_energy_mj":18, "lpm_energy_mj":0, "radio_tx_energy_mj":0, "radio_rx_energy_mj":8, "node_time":3153280, "total_sent":249, "total_received":302, "bytes_tx":60, "bytes_rx":12, "r2n_latency":1343, "lqi":100, "rssi":-91, "server_sent":307, "server_received":500, "server_bytes_rx":60, "n2r_latency":920, "hops":1, "rtt_latency":2036, "root_time_now":3154200}
[Mote:18] Not reachable yet
[Mote:1] {"node":"fd00::205:5:5:5", "cpu_energy_mj":19, "lpm_energy_mj":0, "radio_tx_energy_mj":0, "radio_rx_energy_mj":8, "node_time":3151582, "total_sent":234, "total_received":310, "bytes_tx":60, "bytes_rx":12, "r2n_latency":13, "lqi":100, "rssi":-89, "server_sent":313, "server_received":466, "server_bytes_rx":60, "n2r_latency":2968, "hops":0, "rtt_latency":2246, "root_time_now":3154550}
[Mote:8] Not reachable yet
[Mote:13] Not reachable yet
[Mote:4] Not reachable yet
[Mote:15] Not reachable yet
[Mote:10] Sensor IPv6 = fe80::20a:a:a:a
[Mote:11] Not reachable yet
[Mote:1] {"node":"fd00::20a:a:a:a", "cpu_energy_mj":18, "lpm_energy_mj":0, "radio_tx_energy_mj":0, "radio_rx_energy_mj":7, "node_time":3158131, "total_sent":94, "total_received":232, "bytes_tx":60, "bytes_rx":12, "r2n_latency":2183, "lqi":100, "rssi":-43, "server_sent":306, "server_received":183, "server_bytes_rx":60, "n2r_latency":199, "hops":2, "rtt_latency":2071, "root_time_now":3158330}
[Mote:6] Sensor IPv6 = fe80::206:6:6:6
[Mote:17] Not reachable yet
[Mote:1] {"node":"fd00::206:6:6:6", "cpu_energy_mj":19, "lpm_energy_mj":0, "radio_tx_energy_mj":0, "radio_rx_energy_mj":8, "node_time":3158332, "total_sent":269, "total_received":311, "bytes_tx":60, "bytes_rx":12, "r2n_latency":433, "lqi":100, "rssi":-90, "server_sent":311, "server_received":559, "server_bytes_rx":60, "n2r_latency":68, "hops":0, "rtt_latency":1966, "root_time_now":3158400}
[Mote:19] Not reachable yet
[Mote:2] Sensor IPv6 = fe80::202:2:2:2
[Mote:1] {"node":"fd00::202:2:2:2", "cpu_energy_mj":18, "lpm_energy_mj":0, "radio_tx_energy_mj":0, "radio_rx_energy_mj":8, "node_time":3159141, "total_sent":133, "total_received":292, "bytes_tx":60, "bytes_rx":12, "r2n_latency":153, "lqi":100, "rssi":-83, "server_sent":313, "server_received":254, "server_bytes_rx":60, "n2r_latency":29, "hops":0, "rtt_latency":1406, "root_time_now":3159170}
[Mote:16] Not reachable yet
[Mote:9] Not reachable yet
[Mote:3] Not reachable yet
[Mote:5] Sensor IPv6 = fe80::205:5:5:5
[Mote:12] Not reachable yet
[Mote:7] Sensor IPv6 = fe80::207:7:7:7
[Mote:1] {"node":"fd00::207:7:7:7", "cpu_energy_mj":18, "lpm_energy_mj":0, "radio_tx_energy_mj":0, "radio_rx_energy_mj":8, "node_time":3163756, "total_sent":250, "total_received":303, "bytes_tx":60, "bytes_rx":12, "r2n_latency":1844, "lqi":100, "rssi":-91, "server_sent":308, "server_received":502, "server_bytes_rx":60, "n2r_latency":104, "hops":1, "rtt_latency":1342, "root_time_now":3163860}
[Mote:14] Not reachable yet
[Mote:18] Not reachable yet
[Mote:8] Not reachable yet
[Mote:13] Not reachable yet
[Mote:1] {"node":"fd00::205:5:5:5", "cpu_energy_mj":19, "lpm_energy_mj":0, "radio_tx_energy_mj":0, "radio_rx_energy_mj":8, "node_time":3162374, "total_sent":235, "total_received":311, "bytes_tx":60, "bytes_rx":12, "r2n_latency":24, "lqi":100, "rssi":-89, "server_sent":314, "server_received":468, "server_bytes_rx":60, "n2r_latency":3796, "hops":0, "rtt_latency":3057, "root_time_now":3166170}
[Mote:4] Not reachable yet
[Mote:15] Not reachable yet
[Mote:11] Not reachable yet
[Mote:10] Sensor IPv6 = fe80::20a:a:a:a
[Mote:17] Not reachable yet
[Mote:1] {"node":"fd00::20a:a:a:a", "cpu_energy_mj":18, "lpm_energy_mj":0, "radio_tx_energy_mj":0, "radio_rx_energy_mj":8, "node_time":3168315, "total_sent":95, "total_received":233, "bytes_tx":60, "bytes_rx":12, "r2n_latency":3734, "lqi":100, "rssi":-43, "server_sent":307, "server_received":185, "server_bytes_rx":60, "n2r_latency":375, "hops":2, "rtt_latency":2112, "root_time_now":3168690}
[Mote:6] Sensor IPv6 = fe80::206:6:6:6
[Mote:1] {"node":"fd00::206:6:6:6", "cpu_energy_mj":19, "lpm_energy_mj":0, "radio_tx_energy_mj":0, "radio_rx_energy_mj":8, "node_time":3169261, "total_sent":270, "total_received":312, "bytes_tx":60, "bytes_rx":12, "r2n_latency":934, "lqi":100, "rssi":-90, "server_sent":312, "server_received":561, "server_bytes_rx":60, "n2r_latency":59, "hops":0, "rtt_latency":1307, "root_time_now":3169320}
[Mote:19] Not reachable yet
[Mote:2] Sensor IPv6 = fe80::202:2:2:2
[Mote:1] {"node":"fd00::202:2:2:2", "cpu_energy_mj":18, "lpm_energy_mj":0, "radio_tx_energy_mj":0, "radio_rx_energy_mj":8, "node_time":3169670, "total_sent":134, "total_received":293, "bytes_tx":60, "bytes_rx":12, "r2n_latency":164, "lqi":100, "rssi":-83, "server_sent":314, "server_received":256, "server_bytes_rx":60, "n2r_latency":70, "hops":0, "rtt_latency":1062, "root_time_now":3169740}
[Mote:16] Not reachable yet
[Mote:9] Not reachable yet
[Mote:3] Not reachable yet
[Mote:5] Sensor IPv6 = fe80::205:5:5:5
[Mote:1] {"node":"fd00::205:5:5:5", "cpu_energy_mj":19, "lpm_energy_mj":0, "radio_tx_energy_mj":0, "radio_rx_energy_mj":8, "node_time":3173166, "total_sent":236, "total_received":312, "bytes_tx":60, "bytes_rx":12, "r2n_latency":34, "lqi":100, "rssi":-89, "server_sent":315, "server_received":470, "server_bytes_rx":60, "n2r_latency":74, "hops":0, "rtt_latency":1487, "root_time_now":3173240}
[Mote:7] Sensor IPv6 = fe80::207:7:7:7
[Mote:12] Not reachable yet
[Mote:1] {"node":"fd00::207:7:7:7", "cpu_energy_mj":18, "lpm_energy_mj":0, "radio_tx_energy_mj":0, "radio_rx_energy_mj":8, "node_time":3174232, "total_sent":251, "total_received":304, "bytes_tx":60, "bytes_rx":12, "r2n_latency":1504, "lqi":100, "rssi":-91, "server_sent":309, "server_received":504, "server_bytes_rx":60, "n2r_latency":128, "hops":1, "rtt_latency":1697, "root_time_now":3174360}
[Mote:14] Not reachable yet
[Mote:18] Not reachable yet
[Mote:13] Not reachable yet
[Mote:8] Not reachable yet
[Mote:4] Not reachable yet
[Mote:11] Not reachable yet
[Mote:10] Sensor IPv6 = fe80::20a:a:a:a
[Mote:15] Not reachable yet
[Mote:17] Not reachable yet
[Mote:1] {"node":"fd00::20a:a:a:a", "cpu_energy_mj":18, "lpm_energy_mj":0, "radio_tx_energy_mj":0, "radio_rx_energy_mj":8, "node_time":3178502, "total_sent":96, "total_received":234, "bytes_tx":60, "bytes_rx":12, "r2n_latency":1924, "lqi":100, "rssi":-43, "server_sent":308, "server_received":187, "server_bytes_rx":60, "n2r_latency":478, "hops":2, "rtt_latency":1732, "root_time_now":3178980}
[Mote:6] Sensor IPv6 = fe80::206:6:6:6
[Mote:2] Sensor IPv6 = fe80::202:2:2:2
[Mote:19] Not reachable yet
[Mote:16] Not reachable yet
[Mote:1] {"node":"fd00::202:2:2:2", "cpu_energy_mj":18, "lpm_energy_mj":0, "radio_tx_energy_mj":0, "radio_rx_energy_mj":8, "node_time":3180201, "total_sent":135, "total_received":295, "bytes_tx":60, "bytes_rx":12, "r2n_latency":184, "lqi":100, "rssi":-83, "server_sent":316, "server_received":259, "server_bytes_rx":60, "n2r_latency":809, "hops":0, "rtt_latency":477, "root_time_now":3181010}
[Mote:9] Not reachable yet
[Mote:3] Not reachable yet
[Mote:5] Sensor IPv6 = fe80::205:5:5:5
[Mote:1] {"node":"fd00::205:5:5:5", "cpu_energy_mj":19, "lpm_energy_mj":0, "radio_tx_energy_mj":0, "radio_rx_energy_mj":8, "node_time":3183960, "total_sent":237, "total_received":313, "bytes_tx":60, "bytes_rx":12, "r2n_latency":44, "lqi":100, "rssi":-89, "server_sent":316, "server_received":472, "server_bytes_rx":60, "n2r_latency":60, "hops":0, "rtt_latency":442, "root_time_now":3184020}
[Mote:1] {"node":"fd00::206:6:6:6", "cpu_energy_mj":19, "lpm_energy_mj":0, "radio_tx_energy_mj":0, "radio_rx_energy_mj":8, "node_time":3180190, "total_sent":271, "total_received":313, "bytes_tx":60, "bytes_rx":12, "r2n_latency":804, "lqi":100, "rssi":-90, "server_sent":314, "server_received":563, "server_bytes_rx":60, "n2r_latency":3900, "hops":0, "rtt_latency":1662, "root_time_now":3184090}
[Mote:7] Sensor IPv6 = fe80::207:7:7:7
[Mote:1] {"node":"fd00::207:7:7:7", "cpu_energy_mj":18, "lpm_energy_mj":0, "radio_tx_energy_mj":0, "radio_rx_energy_mj":8, "node_time":3184709, "total_sent":252, "total_received":305, "bytes_tx":60, "bytes_rx":12, "r2n_latency":2284, "lqi":100, "rssi":-91, "server_sent":310, "server_received":506, "server_bytes_rx":60, "n2r_latency":81, "hops":1, "rtt_latency":2122, "root_time_now":3184790}
[Mote:12] Not reachable yet
[Mote:14] Not reachable yet
[Mote:18] Not reachable yet
[Mote:13] Not reachable yet
[Mote:8] Not reachable yet
[Mote:4] Not reachable yet
[Mote:11] Not reachable yet
[Mote:10] Sensor IPv6 = fe80::20a:a:a:a
[Mote:1] {"node":"fd00::20a:a:a:a", "cpu_energy_mj":18, "lpm_energy_mj":0, "radio_tx_energy_mj":0, "radio_rx_energy_mj":7, "node_time":3188689, "total_sent":97, "total_received":235, "bytes_tx":60, "bytes_rx":12, "r2n_latency":2914, "lqi":100, "rssi":-43, "server_sent":309, "server_received":189, "server_bytes_rx":60, "n2r_latency":161, "hops":2, "rtt_latency":2157, "root_time_now":3188850}
[Mote:17] Not reachable yet
[Mote:15] Not reachable yet
[Mote:16] Not reachable yet
[Mote:2] Sensor IPv6 = fe80::202:2:2:2
[Mote:6] Sensor IPv6 = fe80::206:6:6:6
[Mote:1] {"node":"fd00::202:2:2:2", "cpu_energy_mj":18, "lpm_energy_mj":0, "radio_tx_energy_mj":0, "radio_rx_energy_mj":8, "node_time":3190732, "total_sent":136, "total_received":296, "bytes_tx":60, "bytes_rx":12, "r2n_latency":264, "lqi":100, "rssi":-83, "server_sent":317, "server_received":261, "server_bytes_rx":60, "n2r_latency":498, "hops":0, "rtt_latency":237, "root_time_now":3191230}
[Mote:19] Not reachable yet
[Mote:1] {"node":"fd00::206:6:6:6", "cpu_energy_mj":19, "lpm_energy_mj":0, "radio_tx_energy_mj":1, "radio_rx_energy_mj":8, "node_time":3191120, "total_sent":272, "total_received":315, "bytes_tx":60, "bytes_rx":12, "r2n_latency":614, "lqi":100, "rssi":-90, "server_sent":315, "server_received":566, "server_bytes_rx":60, "n2r_latency":740, "hops":0, "rtt_latency":902, "root_time_now":3191860}
[Mote:3] Not reachable yet
[Mote:9] Not reachable yet
[Mote:5] Sensor IPv6 = fe80::205:5:5:5
[Mote:1] {"node":"fd00::205:5:5:5", "cpu_energy_mj":19, "lpm_energy_mj":0, "radio_tx_energy_mj":0, "radio_rx_energy_mj":8, "node_time":3194750, "total_sent":238, "total_received":314, "bytes_tx":60, "bytes_rx":12, "r2n_latency":54, "lqi":100, "rssi":-89, "server_sent":317, "server_received":474, "server_bytes_rx":60, "n2r_latency":50, "hops":0, "rtt_latency":2232, "root_time_now":3194800}
[Mote:7] Sensor IPv6 = fe80::207:7:7:7
[Mote:1] {"node":"fd00::207:7:7:7", "cpu_energy_mj":18, "lpm_energy_mj":0, "radio_tx_energy_mj":0, "radio_rx_energy_mj":8, "node_time":3195185, "total_sent":253, "total_received":306, "bytes_tx":60, "bytes_rx":12, "r2n_latency":1734, "lqi":100, "rssi":-91, "server_sent":311, "server_received":508, "server_bytes_rx":60, "n2r_latency":105, "hops":1, "rtt_latency":1322, "root_time_now":3195290}
[Mote:12] Not reachable yet
[Mote:13] Not reachable yet
[Mote:18] Sensor IPv6 = fe80::212:12:12:12
[Mote:14] Not reachable yet
[Mote:1] {"node":"fd00::212:12:12:12", "cpu_energy_mj":3323, "lpm_energy_mj":0, "radio_tx_energy_mj":11, "radio_rx_energy_mj":9559, "node_time":3196579, "total_sent":10, "total_received":90, "bytes_tx":60, "bytes_rx":12, "r2n_latency":3344, "lqi":100, "rssi":-86, "server_sent":308, "server_received":13, "server_bytes_rx":60, "n2r_latency":391, "hops":3, "rtt_latency":2057, "root_time_now":3196970}
[Mote:8] Not reachable yet
[Mote:4] Not reachable yet
[Mote:11] Not reachable yet
[Mote:10] Sensor IPv6 = fe80::20a:a:a:a
[Mote:1] {"node":"fd00::20a:a:a:a", "cpu_energy_mj":18, "lpm_energy_mj":0, "radio_tx_energy_mj":0, "radio_rx_energy_mj":8, "node_time":3198875, "total_sent":98, "total_received":236, "bytes_tx":60, "bytes_rx":12, "r2n_latency":2644, "lqi":100, "rssi":-43, "server_sent":310, "server_received":191, "server_bytes_rx":60, "n2r_latency":195, "hops":2, "rtt_latency":1882, "root_time_now":3199070}
[Mote:17] Not reachable yet
[Mote:15] Not reachable yet
[Mote:16] Not reachable yet
[Mote:2] Sensor IPv6 = fe80::202:2:2:2
[Mote:6] Sensor IPv6 = fe80::206:6:6:6
[Mote:19] Not reachable yet
[Mote:1] {"node":"fd00::206:6:6:6", "cpu_energy_mj":19, "lpm_energy_mj":0, "radio_tx_energy_mj":1, "radio_rx_energy_mj":8, "node_time":3202049, "total_sent":273, "total_received":316, "bytes_tx":60, "bytes_rx":12, "r2n_latency":344, "lqi":100, "rssi":-90, "server_sent":316, "server_received":568, "server_bytes_rx":60, "n2r_latency":241, "hops":0, "rtt_latency":1117, "root_time_now":3202290}
[Mote:3] Not reachable yet
[Mote:9] Not reachable yet
[Mote:1] {"node":"fd00::202:2:2:2", "cpu_energy_mj":18, "lpm_energy_mj":0, "radio_tx_energy_mj":0, "radio_rx_energy_mj":8, "node_time":3201263, "total_sent":137, "total_received":297, "bytes_tx":60, "bytes_rx":12, "r2n_latency":204, "lqi":100, "rssi":-83, "server_sent":318, "server_received":263, "server_bytes_rx":60, "n2r_latency":2427, "hops":0, "rtt_latency":1817, "root_time_now":3203690}
[Mote:5] Sensor IPv6 = fe80::205:5:5:5
[Mote:1] {"node":"fd00::205:5:5:5", "cpu_energy_mj":19, "lpm_energy_mj":0, "radio_tx_energy_mj":0, "radio_rx_energy_mj":8, "node_time":3205542, "total_sent":239, "total_received":315, "bytes_tx":60, "bytes_rx":12, "r2n_latency":64, "lqi":100, "rssi":-89, "server_sent":318, "server_received":476, "server_bytes_rx":60, "n2r_latency":38, "hops":0, "rtt_latency":382, "root_time_now":3205580}
[Mote:7] Sensor IPv6 = fe80::207:7:7:7
[Mote:1] {"node":"fd00::207:7:7:7", "cpu_energy_mj":18, "lpm_energy_mj":0, "radio_tx_energy_mj":0, "radio_rx_energy_mj":8, "node_time":3205661, "total_sent":254, "total_received":307, "bytes_tx":60, "bytes_rx":12, "r2n_latency":904, "lqi":100, "rssi":-91, "server_sent":312, "server_received":510, "server_bytes_rx":60, "n2r_latency":129, "hops":1, "rtt_latency":1187, "root_time_now":3205790}
[Mote:13] Not reachable yet
[Mote:12] Not reachable yet
[Mote:18] Sensor IPv6 = fe80::212:12:12:12
[Mote:1] {"node":"fd00::212:12:12:12", "cpu_energy_mj":18, "lpm_energy_mj":0, "radio_tx_energy_mj":0, "radio_rx_energy_mj":8, "node_time":3207129, "total_sent":11, "total_received":91, "bytes_tx":60, "bytes_rx":12, "r2n_latency":2234, "lqi":100, "rssi":-86, "server_sent":309, "server_received":15, "server_bytes_rx":60, "n2r_latency":271, "hops":3, "rtt_latency":1712, "root_time_now":3207400}
[Mote:14] Not reachable yet
[Mote:8] Not reachable yet
[Mote:11] Not reachable yet
[Mote:4] Not reachable yet
[Mote:10] Sensor IPv6 = fe80::20a:a:a:a
[Mote:1] {"node":"fd00::20a:a:a:a", "cpu_energy_mj":18, "lpm_energy_mj":0, "radio_tx_energy_mj":0, "radio_rx_energy_mj":8, "node_time":3209062, "total_sent":99, "total_received":237, "bytes_tx":60, "bytes_rx":12, "r2n_latency":1184, "lqi":100, "rssi":-43, "server_sent":311, "server_received":193, "server_bytes_rx":60, "n2r_latency":158, "hops":2, "rtt_latency":1432, "root_time_now":3209220}
[Mote:17] Not reachable yet
[Mote:15] Not reachable yet
[Mote:16] Not reachable yet
[Mote:2] Sensor IPv6 = fe80::202:2:2:2
[Mote:6] Sensor IPv6 = fe80::206:6:6:6
[Mote:3] Not reachable yet
[Mote:19] Not reachable yet
[Mote:1] {"node":"fd00::206:6:6:6", "cpu_energy_mj":19, "lpm_energy_mj":0, "radio_tx_energy_mj":0, "radio_rx_energy_mj":8, "node_time":3212978, "total_sent":274, "total_received":317, "bytes_tx":60, "bytes_rx":12, "r2n_latency":354, "lqi":100, "rssi":-90, "server_sent":317, "server_received":570, "server_bytes_rx":60, "n2r_latency":582, "hops":0, "rtt_latency":317, "root_time_now":3213560}
[Mote:9] Not reachable yet
[Mote:1] {"node":"fd00::202:2:2:2", "cpu_energy_mj":18, "lpm_energy_mj":0, "radio_tx_energy_mj":0, "radio_rx_energy_mj":8, "node_time":3211794, "total_sent":138, "total_received":298, "bytes_tx":60, "bytes_rx":12, "r2n_latency":214, "lqi":100, "rssi":-83, "server_sent":319, "server_received":265, "server_bytes_rx":60, "n2r_latency":3166, "hops":0, "rtt_latency":2452, "root_time_now":3214960}
[Mote:7] Sensor IPv6 = fe80::207:7:7:7
[Mote:1] {"node":"fd00::207:7:7:7", "cpu_energy_mj":18, "lpm_energy_mj":0, "radio_tx_energy_mj":0, "radio_rx_energy_mj":8, "node_time":3216139, "total_sent":255, "total_received":308, "bytes_tx":60, "bytes_rx":12, "r2n_latency":1124, "lqi":100, "rssi":-91, "server_sent":313, "server_received":512, "server_bytes_rx":60, "n2r_latency":81, "hops":1, "rtt_latency":772, "root_time_now":3216220}
[Mote:5] Sensor IPv6 = fe80::205:5:5:5
[Mote:1] {"node":"fd00::205:5:5:5", "cpu_energy_mj":19, "lpm_energy_mj":0, "radio_tx_energy_mj":1, "radio_rx_energy_mj":7, "node_time":3216334, "total_sent":240, "total_received":316, "bytes_tx":60, "bytes_rx":12, "r2n_latency":74, "lqi":100, "rssi":-89, "server_sent":319, "server_received":478, "server_bytes_rx":60, "n2r_latency":26, "hops":0, "rtt_latency":1542, "root_time_now":3216360}
[Mote:13] Not reachable yet
[Mote:12] Not reachable yet
[Mote:18] Sensor IPv6 = fe80::212:12:12:12
[Mote:8] Not reachable yet
[Mote:1] {"node":"fd00::212:12:12:12", "cpu_energy_mj":18, "lpm_energy_mj":0, "radio_tx_energy_mj":0, "radio_rx_energy_mj":8, "node_time":3217679, "total_sent":12, "total_received":92, "bytes_tx":60, "bytes_rx":12, "r2n_latency":2664, "lqi":100, "rssi":-58, "server_sent":310, "server_received":17, "server_bytes_rx":60, "n2r_latency":431, "hops":3, "rtt_latency":1962, "root_time_now":3218110}
[Mote:14] Not reachable yet
[Mote:11] Not reachable yet
[Mote:10] Sensor IPv6 = fe80::20a:a:a:a
[Mote:1] {"node":"fd00::20a:a:a:a", "cpu_energy_mj":18, "lpm_energy_mj":0, "radio_tx_energy_mj":0, "radio_rx_energy_mj":8, "node_time":3219249, "total_sent":100, "total_received":238, "bytes_tx":60, "bytes_rx":12, "r2n_latency":1964, "lqi":100, "rssi":-43, "server_sent":312, "server_received":195, "server_bytes_rx":60, "n2r_latency":191, "hops":2, "rtt_latency":1752, "root_time_now":3219440}
[Mote:4] Not reachable yet
[Mote:17] Not reachable yet
[Mote:16] Not reachable yet
[Mote:15] Not reachable yet
[Mote:2] Sensor IPv6 = fe80::202:2:2:2
[Mote:1] {"node":"fd00::202:2:2:2", "cpu_energy_mj":18, "lpm_energy_mj":0, "radio_tx_energy_mj":0, "radio_rx_energy_mj":8, "node_time":3222325, "total_sent":139, "total_received":299, "bytes_tx":60, "bytes_rx":12, "r2n_latency":294, "lqi":100, "rssi":-83, "server_sent":320, "server_received":267, "server_bytes_rx":60, "n2r_latency":825, "hops":0, "rtt_latency":1547, "root_time_now":3223150}
[Mote:3] Not reachable yet
[Mote:6] Sensor IPv6 = fe80::206:6:6:6
[Mote:19] Not reachable yet
[Mote:1] {"node":"fd00::206:6:6:6", "cpu_energy_mj":19, "lpm_energy_mj":0, "radio_tx_energy_mj":1, "radio_rx_energy_mj":8, "node_time":3223908, "total_sent":275, "total_received":318, "bytes_tx":60, "bytes_rx":12, "r2n_latency":504, "lqi":100, "rssi":-90, "server_sent":318, "server_received":572, "server_bytes_rx":60, "n2r_latency":292, "hops":0, "rtt_latency":1477, "root_time_now":3224200}
[Mote:9] Not reachable yet
[Mote:13] Not reachable yet
[Mote:7] Sensor IPv6 = fe80::207:7:7:7
[Mote:1] {"node":"fd00::207:7:7:7", "cpu_energy_mj":18, "lpm_energy_mj":0, "radio_tx_energy_mj":0, "radio_rx_energy_mj":8, "node_time":3226615, "total_sent":256, "total_received":309, "bytes_tx":60, "bytes_rx":12, "r2n_latency":1274, "lqi":100, "rssi":-91, "server_sent":314, "server_received":514, "server_bytes_rx":60, "n2r_latency":105, "hops":1, "rtt_latency":1617, "root_time_now":3226720}
[Mote:5] Sensor IPv6 = fe80::205:5:5:5
[Mote:1] {"node":"fd00::205:5:5:5", "cpu_energy_mj":19, "lpm_energy_mj":0, "radio_tx_energy_mj":0, "radio_rx_energy_mj":8, "node_time":3227128, "total_sent":241, "total_received":317, "bytes_tx":60, "bytes_rx":12, "r2n_latency":14, "lqi":100, "rssi":-89, "server_sent":320, "server_received":480, "server_bytes_rx":60, "n2r_latency":12, "hops":0, "rtt_latency":2422, "root_time_now":3227140}
[Mote:18] Sensor IPv6 = fe80::212:12:12:12
[Mote:12] Not reachable yet
[Mote:8] Not reachable yet
[Mote:14] Not reachable yet
[Mote:11] Not reachable yet
[Mote:10] Sensor IPv6 = fe80::20a:a:a:a
[Mote:1] {"node":"fd00::20a:a:a:a", "cpu_energy_mj":18, "lpm_energy_mj":0, "radio_tx_energy_mj":0, "radio_rx_energy_mj":7, "node_time":3229440, "total_sent":101, "total_received":239, "bytes_tx":60, "bytes_rx":12, "r2n_latency":1694, "lqi":100, "rssi":-43, "server_sent":313, "server_received":197, "server_bytes_rx":60, "n2r_latency":150, "hops":2, "rtt_latency":1792, "root_time_now":3229590}
[Mote:17] Not reachable yet
[Mote:4] Not reachable yet
[Mote:16] Not reachable yet
[Mote:15] Not reachable yet
[Mote:2] Sensor IPv6 = fe80::202:2:2:2
[Mote:3] Not reachable yet
[Mote:6] Sensor IPv6 = fe80::206:6:6:6
[Mote:1] {"node":"fd00::206:6:6:6", "cpu_energy_mj":19, "lpm_energy_mj":0, "radio_tx_energy_mj":0, "radio_rx_energy_mj":8, "node_time":3234839, "total_sent":276, "total_received":319, "bytes_tx":60, "bytes_rx":12, "r2n_latency":864, "lqi":100, "rssi":-90, "server_sent":319, "server_received":574, "server_bytes_rx":60, "n2r_latency":71, "hops":0, "rtt_latency":2042, "root_time_now":3234910}
[Mote:19] Not reachable yet
[Mote:9] Not reachable yet
[Mote:13] Not reachable yet
[Mote:7] Sensor IPv6 = fe80::207:7:7:7
[Mote:1] {"node":"fd00::207:7:7:7", "cpu_energy_mj":18, "lpm_energy_mj":0, "radio_tx_energy_mj":0, "radio_rx_energy_mj":8, "node_time":3237091, "total_sent":257, "total_received":310, "bytes_tx":60, "bytes_rx":12, "r2n_latency":2264, "lqi":100, "rssi":-91, "server_sent":315, "server_received":516, "server_bytes_rx":60, "n2r_latency":129, "hops":1, "rtt_latency":2077, "root_time_now":3237220}
[Mote:1] {"node":"fd00::202:2:2:2", "cpu_energy_mj":18, "lpm_energy_mj":0, "radio_tx_energy_mj":0, "radio_rx_energy_mj":8, "node_time":3232856, "total_sent":140, "total_received":300, "bytes_tx":60, "bytes_rx":12, "r2n_latency":304, "lqi":100, "rssi":-83, "server_sent":321, "server_received":268, "server_bytes_rx":60, "n2r_latency":4714, "hops":0, "rtt_latency":1547, "root_time_now":3237570}
[Mote:5] Sensor IPv6 = fe80::205:5:5:5
[Mote:1] {"node":"fd00::205:5:5:5", "cpu_energy_mj":19, "lpm_energy_mj":0, "radio_tx_energy_mj":0, "radio_rx_energy_mj":8, "node_time":3237918, "total_sent":242, "total_received":318, "bytes_tx":60, "bytes_rx":12, "r2n_latency":24, "lqi":100, "rssi":-89, "server_sent":321, "server_received":482, "server_bytes_rx":60, "n2r_latency":72, "hops":0, "rtt_latency":1412, "root_time_now":3237990}
[Mote:18] Sensor IPv6 = fe80::212:12:12:12
[Mote:8] Not reachable yet
[Mote:11] Not reachable yet
[Mote:12] Not reachable yet
[Mote:10] Sensor IPv6 = fe80::20a:a:a:a
[Mote:14] Not reachable yet
[Mote:1] {"node":"fd00::20a:a:a:a", "cpu_energy_mj":18, "lpm_energy_mj":0, "radio_tx_energy_mj":0, "radio_rx_energy_mj":7, "node_time":3239624, "total_sent":102, "total_received":240, "bytes_tx":60, "bytes_rx":12, "r2n_latency":2824, "lqi":100, "rssi":-43, "server_sent":314, "server_received":199, "server_bytes_rx":60, "n2r_latency":186, "hops":2, "rtt_latency":2112, "root_time_now":3239810}
[Mote:17] Not reachable yet
[Mote:4] Not reachable yet
[Mote:16] Not reachable yet
[Mote:15] Not reachable yet
[Mote:2] Not reachable yet
[Mote:3] Not reachable yet
[Mote:9] Not reachable yet
[Mote:6] Sensor IPv6 = fe80::206:6:6:6
[Mote:19] Not reachable yet
[Mote:1] {"node":"fd00::206:6:6:6", "cpu_energy_mj":19, "lpm_energy_mj":0, "radio_tx_energy_mj":0, "radio_rx_energy_mj":8, "node_time":3245766, "total_sent":277, "total_received":320, "bytes_tx":60, "bytes_rx":12, "r2n_latency":384, "lqi":100, "rssi":-90, "server_sent":320, "server_received":576, "server_bytes_rx":60, "n2r_latency":204, "hops":0, "rtt_latency":1627, "root_time_now":3245970}
[Mote:13] Not reachable yet
[Mote:7] Sensor IPv6 = fe80::207:7:7:7
[Mote:1] {"node":"fd00::207:7:7:7", "cpu_energy_mj":18, "lpm_energy_mj":0, "radio_tx_energy_mj":0, "radio_rx_energy_mj":8, "node_time":3247567, "total_sent":258, "total_received":311, "bytes_tx":60, "bytes_rx":12, "r2n_latency":874, "lqi":100, "rssi":-91, "server_sent":316, "server_received":518, "server_bytes_rx":60, "n2r_latency":83, "hops":1, "rtt_latency":1662, "root_time_now":3247650}
[Mote:5] Sensor IPv6 = fe80::205:5:5:5
[Mote:1] {"node":"fd00::205:5:5:5", "cpu_energy_mj":19, "lpm_energy_mj":0, "radio_tx_energy_mj":0, "radio_rx_energy_mj":8, "node_time":3248710, "total_sent":243, "total_received":319, "bytes_tx":60, "bytes_rx":12, "r2n_latency":174, "lqi":100, "rssi":-89, "server_sent":322, "server_received":484, "server_bytes_rx":60, "n2r_latency":60, "hops":0, "rtt_latency":1837, "root_time_now":3248770}
[Mote:11] Not reachable yet
[Mote:18] Not reachable yet
[Mote:8] Not reachable yet
[Mote:10] Sensor IPv6 = fe80::20a:a:a:a
[Mote:1] {"node":"fd00::20a:a:a:a", "cpu_energy_mj":18, "lpm_energy_mj":0, "radio_tx_energy_mj":0, "radio_rx_energy_mj":7, "node_time":3249814, "total_sent":103, "total_received":241, "bytes_tx":60, "bytes_rx":12, "r2n_latency":1574, "lqi":100, "rssi":-43, "server_sent":315, "server_received":201, "server_bytes_rx":60, "n2r_latency":146, "hops":2, "rtt_latency":1697, "root_time_now":3249960}
[Mote:12] Not reachable yet
[Mote:17] Not reachable yet
[Mote:14] Not reachable yet
[Mote:16] Not reachable yet
[Mote:4] Not reachable yet
[Mote:15] Not reachable yet
[Mote:2] Not reachable yet
[Mote:3] Not reachable yet
[Mote:9] Not reachable yet
[Mote:6] Sensor IPv6 = fe80::206:6:6:6
[Mote:1] {"node":"fd00::206:6:6:6", "cpu_energy_mj":19, "lpm_energy_mj":0, "radio_tx_energy_mj":0, "radio_rx_energy_mj":8, "node_time":3256697, "total_sent":278, "total_received":321, "bytes_tx":60, "bytes_rx":12, "r2n_latency":327, "lqi":100, "rssi":-90, "server_sent":321, "server_received":578, "server_bytes_rx":60, "n2r_latency":53, "hops":0, "rtt_latency":723, "root_time_now":3256750}
[Mote:19] Not reachable yet
[Mote:13] Not reachable yet
[Mote:7] Sensor IPv6 = fe80::207:7:7:7
[Mote:1] {"node":"fd00::207:7:7:7", "cpu_energy_mj":18, "lpm_energy_mj":0, "radio_tx_energy_mj":0, "radio_rx_energy_mj":8, "node_time":3258043, "total_sent":259, "total_received":312, "bytes_tx":60, "bytes_rx":12, "r2n_latency":1307, "lqi":100, "rssi":-91, "server_sent":317, "server_received":520, "server_bytes_rx":60, "n2r_latency":107, "hops":1, "rtt_latency":1108, "root_time_now":3258150}
[Mote:11] Not reachable yet
[Mote:5] Sensor IPv6 = fe80::205:5:5:5
[Mote:1] {"node":"fd00::205:5:5:5", "cpu_energy_mj":19, "lpm_energy_mj":0, "radio_tx_energy_mj":0, "radio_rx_energy_mj":8, "node_time":3259502, "total_sent":244, "total_received":320, "bytes_tx":60, "bytes_rx":12, "r2n_latency":47, "lqi":100, "rssi":-89, "server_sent":323, "server_received":486, "server_bytes_rx":60, "n2r_latency":48, "hops":0, "rtt_latency":1283, "root_time_now":3259550}
[Mote:18] Not reachable yet
[Mote:8] Not reachable yet
[Mote:10] Sensor IPv6 = fe80::20a:a:a:a
[Mote:17] Not reachable yet
[Mote:16] Not reachable yet
[Mote:12] Not reachable yet
[Mote:14] Not reachable yet
[Mote:4] Not reachable yet
[Mote:15] Not reachable yet
[Mote:1] {"node":"fd00::20a:a:a:a", "cpu_energy_mj":18, "lpm_energy_mj":0, "radio_tx_energy_mj":0, "radio_rx_energy_mj":8, "node_time":3259998, "total_sent":104, "total_received":242, "bytes_tx":60, "bytes_rx":12, "r2n_latency":2007, "lqi":100, "rssi":-43, "server_sent":317, "server_received":203, "server_bytes_rx":60, "n2r_latency":3332, "hops":2, "rtt_latency":1178, "root_time_now":3263330}
[Mote:2] Not reachable yet
[Mote:3] Not reachable yet
[Mote:9] Not reachable yet
[Mote:13] Not reachable yet
[Mote:6] Sensor IPv6 = fe80::206:6:6:6
[Mote:1] {"node":"fd00::206:6:6:6", "cpu_energy_mj":19, "lpm_energy_mj":0, "radio_tx_energy_mj":0, "radio_rx_energy_mj":8, "node_time":3267626, "total_sent":279, "total_received":322, "bytes_tx":60, "bytes_rx":12, "r2n_latency":264, "lqi":100, "rssi":-90, "server_sent":322, "server_received":580, "server_bytes_rx":60, "n2r_latency":44, "hops":0, "rtt_latency":482, "root_time_now":3267670}
[Mote:19] Not reachable yet
[Mote:7] Sensor IPv6 = fe80::207:7:7:7
[Mote:1] {"node":"fd00::207:7:7:7", "cpu_energy_mj":18, "lpm_energy_mj":0, "radio_tx_energy_mj":1, "radio_rx_energy_mj":8, "node_time":3268519, "total_sent":260, "total_received":313, "bytes_tx":60, "bytes_rx":12, "r2n_latency":1454, "lqi":100, "rssi":-91, "server_sent":318, "server_received":522, "server_bytes_rx":60, "n2r_latency":131, "hops":1, "rtt_latency":1812, "root_time_now":3268650}
[Mote:11] Not reachable yet
[Mote:10] Sensor IPv6 = fe80::20a:a:a:a
[Mote:5] Sensor IPv6 = fe80::205:5:5:5
[Mote:8] Not reachable yet
[Mote:18] Not reachable yet
[Mote:17] Not reachable yet
[Mote:16] Not reachable yet
[Mote:12] Not reachable yet
[Mote:14] Not reachable yet
[Mote:4] Not reachable yet
[Mote:1] {"node":"fd00::20a:a:a:a", "cpu_energy_mj":18, "lpm_energy_mj":0, "radio_tx_energy_mj":0, "radio_rx_energy_mj":8, "node_time":3270185, "total_sent":105, "total_received":243, "bytes_tx":60, "bytes_rx":12, "r2n_latency":1594, "lqi":100, "rssi":-43, "server_sent":318, "server_received":205, "server_bytes_rx":60, "n2r_latency":2315, "hops":2, "rtt_latency":1987, "root_time_now":3272500}
[Mote:1] {"node":"fd00::205:5:5:5", "cpu_energy_mj":19, "lpm_energy_mj":0, "radio_tx_energy_mj":0, "radio_rx_energy_mj":8, "node_time":3270294, "total_sent":245, "total_received":322, "bytes_tx":60, "bytes_rx":12, "r2n_latency":64, "lqi":100, "rssi":-89, "server_sent":325, "server_received":489, "server_bytes_rx":60, "n2r_latency":2416, "hops":0, "rtt_latency":1327, "root_time_now":3272710}
[Mote:15] Not reachable yet
[Mote:3] Not reachable yet
[Mote:2] Not reachable yet
[Mote:13] Not reachable yet
[Mote:9] Not reachable yet
[Mote:6] Sensor IPv6 = fe80::206:6:6:6
[Mote:1] {"node":"fd00::206:6:6:6", "cpu_energy_mj":19, "lpm_energy_mj":0, "radio_tx_energy_mj":0, "radio_rx_energy_mj":8, "node_time":3278553, "total_sent":280, "total_received":323, "bytes_tx":60, "bytes_rx":12, "r2n_latency":274, "lqi":100, "rssi":-90, "server_sent":323, "server_received":582, "server_bytes_rx":60, "n2r_latency":37, "hops":0, "rtt_latency":767, "root_time_now":3278590}
[Mote:19] Not reachable yet
[Mote:7] Sensor IPv6 = fe80::207:7:7:7
[Mote:1] {"node":"fd00::207:7:7:7", "cpu_energy_mj":18, "lpm_energy_mj":0, "radio_tx_energy_mj":0, "radio_rx_energy_mj":8, "node_time":3278995, "total_sent":261, "total_received":314, "bytes_tx":60, "bytes_rx":12, "r2n_latency":834, "lqi":100, "rssi":-91, "server_sent":319, "server_received":524, "server_bytes_rx":60, "n2r_latency":85, "hops":1, "rtt_latency":1012, "root_time_now":3279080}
[Mote:11] Not reachable yet
[Mote:10] Sensor IPv6 = fe80::20a:a:a:a
[Mote:8] Not reachable yet
[Mote:16] Not reachable yet
[Mote:18] Not reachable yet
[Mote:17] Not reachable yet
[Mote:5] Sensor IPv6 = fe80::205:5:5:5
[Mote:12] Not reachable yet
[Mote:1] {"node":"fd00::205:5:5:5", "cpu_energy_mj":19, "lpm_energy_mj":0, "radio_tx_energy_mj":0, "radio_rx_energy_mj":8, "node_time":3281086, "total_sent":246, "total_received":323, "bytes_tx":60, "bytes_rx":12, "r2n_latency":73, "lqi":100, "rssi":-89, "server_sent":326, "server_received":491, "server_bytes_rx":60, "n2r_latency":1564, "hops":0, "rtt_latency":1296, "root_time_now":3282650}
[Mote:1] {"node":"fd00::20a:a:a:a", "cpu_energy_mj":18, "lpm_energy_mj":0, "radio_tx_energy_mj":0, "radio_rx_energy_mj":8, "node_time":3280372, "total_sent":106, "total_received":244, "bytes_tx":60, "bytes_rx":12, "r2n_latency":1324, "lqi":100, "rssi":-43, "server_sent":319, "server_received":207, "server_bytes_rx":60, "n2r_latency":2348, "hops":2, "rtt_latency":1572, "root_time_now":3282720}
[Mote:14] Not reachable yet
[Mote:4] Not reachable yet
[Mote:15] Not reachable yet
[Mote:3] Not reachable yet
[Mote:2] Not reachable yet
[Mote:13] Not reachable yet
[Mote:9] Not reachable yet
[Mote:7] Sensor IPv6 = fe80::207:7:7:7
[Mote:6] Sensor IPv6 = fe80::206:6:6:6
[Mote:1] {"node":"fd00::206:6:6:6", "cpu_energy_mj":19, "lpm_energy_mj":0, "radio_tx_energy_mj":0, "radio_rx_energy_mj":8, "node_time":3289482, "total_sent":281, "total_received":324, "bytes_tx":60, "bytes_rx":12, "r2n_latency":283, "lqi":100, "rssi":-90, "server_sent":324, "server_received":584, "server_bytes_rx":60, "n2r_latency":28, "hops":0, "rtt_latency":701, "root_time_now":3289510}
[Mote:19] Not reachable yet
[Mote:1] {"node":"fd00::207:7:7:7", "cpu_energy_mj":18, "lpm_energy_mj":0, "radio_tx_energy_mj":0, "radio_rx_energy_mj":8, "node_time":3289471, "total_sent":262, "total_received":315, "bytes_tx":60, "bytes_rx":12, "r2n_latency":1473, "lqi":100, "rssi":-91, "server_sent":320, "server_received":526, "server_bytes_rx":60, "n2r_latency":249, "hops":1, "rtt_latency":1471, "root_time_now":3289720}
[Mote:11] Not reachable yet
[Mote:10] Sensor IPv6 = fe80::20a:a:a:a
[Mote:16] Not reachable yet
[Mote:17] Not reachable yet
[Mote:8] Not reachable yet
[Mote:18] Not reachable yet
[Mote:5] Sensor IPv6 = fe80::205:5:5:5
[Mote:1] {"node":"fd00::205:5:5:5", "cpu_energy_mj":19, "lpm_energy_mj":0, "radio_tx_energy_mj":0, "radio_rx_energy_mj":8, "node_time":3291878, "total_sent":247, "total_received":324, "bytes_tx":60, "bytes_rx":12, "r2n_latency":14, "lqi":100, "rssi":-89, "server_sent":327, "server_received":493, "server_bytes_rx":60, "n2r_latency":502, "hops":0, "rtt_latency":1162, "root_time_now":3292380}
[Mote:4] Not reachable yet
[Mote:12] Not reachable yet
[Mote:14] Not reachable yet
[Mote:1] {"node":"fd00::20a:a:a:a", "cpu_energy_mj":18, "lpm_energy_mj":0, "radio_tx_energy_mj":0, "radio_rx_energy_mj":8, "node_time":3290562, "total_sent":107, "total_received":245, "bytes_tx":60, "bytes_rx":12, "r2n_latency":1613, "lqi":100, "rssi":-43, "server_sent":320, "server_received":209, "server_bytes_rx":60, "n2r_latency":3428, "hops":2, "rtt_latency":1611, "root_time_now":3293990}
[Mote:15] Not reachable yet
[Mote:3] Not reachable yet
[Mote:2] Not reachable yet
[Mote:13] Not reachable yet
[Mote:9] Not reachable yet
[Mote:11] Not reachable yet
[Mote:7] Sensor IPv6 = fe80::207:7:7:7
[Mote:6] Sensor IPv6 = fe80::206:6:6:6
[Mote:19] Not reachable yet
[Mote:10] Sensor IPv6 = fe80::20a:a:a:a
[Mote:16] Not reachable yet
[Mote:17] Not reachable yet
[Mote:8] Not reachable yet
[Mote:18] Not reachable yet
[Mote:5] Sensor IPv6 = fe80::205:5:5:5
[Mote:1] {"node":"fd00::205:5:5:5", "cpu_energy_mj":19, "lpm_energy_mj":0, "radio_tx_energy_mj":0, "radio_rx_energy_mj":8, "node_time":3302670, "total_sent":248, "total_received":325, "bytes_tx":60, "bytes_rx":12, "r2n_latency":24, "lqi":100, "rssi":-89, "server_sent":328, "server_received":495, "server_bytes_rx":60, "n2r_latency":70, "hops":0, "rtt_latency":467, "root_time_now":3302740}
[Mote:1] {"node":"fd00::206:6:6:6", "cpu_energy_mj":19, "lpm_energy_mj":0, "radio_tx_energy_mj":0, "radio_rx_energy_mj":8, "node_time":3300411, "total_sent":282, "total_received":326, "bytes_tx":60, "bytes_rx":12, "r2n_latency":234, "lqi":100, "rssi":-90, "server_sent":326, "server_received":587, "server_bytes_rx":60, "n2r_latency":2539, "hops":0, "rtt_latency":292, "root_time_now":3302950}
[Mote:1] {"node":"fd00::207:7:7:7", "cpu_energy_mj":18, "lpm_energy_mj":0, "radio_tx_energy_mj":0, "radio_rx_energy_mj":8, "node_time":3299947, "total_sent":263, "total_received":316, "bytes_tx":60, "bytes_rx":12, "r2n_latency":994, "lqi":100, "rssi":-91, "server_sent":322, "server_received":528, "server_bytes_rx":60, "n2r_latency":3073, "hops":1, "rtt_latency":1547, "root_time_now":3303020}
[Mote:1] {"node":"fd00::20a:a:a:a", "cpu_energy_mj":18, "lpm_energy_mj":0, "radio_tx_energy_mj":0, "radio_rx_energy_mj":8, "node_time":3300747, "total_sent":108, "total_received":246, "bytes_tx":60, "bytes_rx":12, "r2n_latency":1904, "lqi":100, "rssi":-43, "server_sent":321, "server_received":211, "server_bytes_rx":60, "n2r_latency":2343, "hops":2, "rtt_latency":2107, "root_time_now":3303090}
[Mote:4] Not reachable yet
[Mote:12] Not reachable yet
[Mote:14] Not reachable yet
[Mote:15] Not reachable yet
[Mote:3] Not reachable yet
[Mote:2] Not reachable yet
[Mote:13] Not reachable yet
[Mote:9] Not reachable yet
[Mote:11] Not reachable yet
[Mote:7] Sensor IPv6 = fe80::207:7:7:7
[Mote:10] Sensor IPv6 = fe80::20a:a:a:a
[Mote:16] Not reachable yet
[Mote:6] Sensor IPv6 = fe80::206:6:6:6
[Mote:1] {"node":"fd00::206:6:6:6", "cpu_energy_mj":19, "lpm_energy_mj":0, "radio_tx_energy_mj":1, "radio_rx_energy_mj":8, "node_time":3311340, "total_sent":283, "total_received":327, "bytes_tx":60, "bytes_rx":12, "r2n_latency":384, "lqi":100, "rssi":-90, "server_sent":327, "server_received":589, "server_bytes_rx":60, "n2r_latency":10, "hops":0, "rtt_latency":367, "root_time_now":3311350}
[Mote:19] Not reachable yet
[Mote:17] Not reachable yet
[Mote:1] {"node":"fd00::207:7:7:7", "cpu_energy_mj":18, "lpm_energy_mj":0, "radio_tx_energy_mj":0, "radio_rx_energy_mj":8, "node_time":3310420, "total_sent":264, "total_received":317, "bytes_tx":60, "bytes_rx":12, "r2n_latency":3664, "lqi":100, "rssi":-91, "server_sent":323, "server_received":530, "server_bytes_rx":60, "n2r_latency":1490, "hops":1, "rtt_latency":2007, "root_time_now":3311910}
[Mote:8] Not reachable yet
[Mote:18] Not reachable yet
[Mote:5] Sensor IPv6 = fe80::205:5:5:5
[Mote:1] {"node":"fd00::205:5:5:5", "cpu_energy_mj":19, "lpm_energy_mj":0, "radio_tx_energy_mj":0, "radio_rx_energy_mj":8, "node_time":3313462, "total_sent":249, "total_received":326, "bytes_tx":60, "bytes_rx":12, "r2n_latency":34, "lqi":100, "rssi":-89, "server_sent":329, "server_received":497, "server_bytes_rx":60, "n2r_latency":58, "hops":0, "rtt_latency":857, "root_time_now":3313520}
[Mote:1] {"node":"fd00::20a:a:a:a", "cpu_energy_mj":18, "lpm_energy_mj":0, "radio_tx_energy_mj":0, "radio_rx_energy_mj":8, "node_time":3310933, "total_sent":109, "total_received":247, "bytes_tx":60, "bytes_rx":12, "r2n_latency":4294, "lqi":100, "rssi":-43, "server_sent":322, "server_received":213, "server_bytes_rx":60, "n2r_latency":2727, "hops":2, "rtt_latency":2287, "root_time_now":3313660}
[Mote:4] Not reachable yet
[Mote:14] Sensor IPv6 = fe80::20e:e:e:e
[Mote:12] Not reachable yet
[Mote:15] Not reachable yet
[Mote:3] Not reachable yet
[Mote:1] {"node":"fd00::20e:e:e:e", "cpu_energy_mj":329, "lpm_energy_mj":0, "radio_tx_energy_mj":1, "radio_rx_energy_mj":1288, "node_time":3315059, "total_sent":59, "total_received":232, "bytes_tx":60, "bytes_rx":12, "r2n_latency":1224, "lqi":100, "rssi":-38, "server_sent":324, "server_received":90, "server_bytes_rx":60, "n2r_latency":1051, "hops":3, "rtt_latency":2047, "root_time_now":3316110}
[Mote:2] Not reachable yet
[Mote:13] Not reachable yet
[Mote:9] Not reachable yet
[Mote:11] Not reachable yet
[Mote:7] Sensor IPv6 = fe80::207:7:7:7
[Mote:16] Not reachable yet
[Mote:10] Sensor IPv6 = fe80::20a:a:a:a
[Mote:17] Not reachable yet
[Mote:6] Sensor IPv6 = fe80::206:6:6:6
[Mote:19] Not reachable yet
[Mote:8] Not reachable yet
[Mote:1] {"node":"fd00::207:7:7:7", "cpu_energy_mj":18, "lpm_energy_mj":0, "radio_tx_energy_mj":0, "radio_rx_energy_mj":8, "node_time":3320896, "total_sent":265, "total_received":318, "bytes_tx":60, "bytes_rx":12, "r2n_latency":1854, "lqi":100, "rssi":-91, "server_sent":324, "server_received":532, "server_bytes_rx":60, "n2r_latency":2144, "hops":1, "rtt_latency":1102, "root_time_now":3323040}
[Mote:18] Not reachable yet
[Mote:1] {"node":"fd00::206:6:6:6", "cpu_energy_mj":19, "lpm_energy_mj":0, "radio_tx_energy_mj":1, "radio_rx_energy_mj":8, "node_time":3322270, "total_sent":284, "total_received":328, "bytes_tx":60, "bytes_rx":12, "r2n_latency":394, "lqi":100, "rssi":-90, "server_sent":328, "server_received":591, "server_bytes_rx":60, "n2r_latency":910, "hops":0, "rtt_latency":477, "root_time_now":3323180}
[Mote:1] {"node":"fd00::20a:a:a:a", "cpu_energy_mj":18, "lpm_energy_mj":0, "radio_tx_energy_mj":0, "radio_rx_energy_mj":7, "node_time":3321120, "total_sent":110, "total_received":248, "bytes_tx":60, "bytes_rx":12, "r2n_latency":4864, "lqi":100, "rssi":-43, "server_sent":323, "server_received":215, "server_bytes_rx":60, "n2r_latency":2130, "hops":2, "rtt_latency":2887, "root_time_now":3323250}
[Mote:5] Sensor IPv6 = fe80::205:5:5:5
[Mote:1] {"node":"fd00::205:5:5:5", "cpu_energy_mj":19, "lpm_energy_mj":0, "radio_tx_energy_mj":0, "radio_rx_energy_mj":8, "node_time":3324256, "total_sent":250, "total_received":327, "bytes_tx":60, "bytes_rx":12, "r2n_latency":44, "lqi":100, "rssi":-89, "server_sent":330, "server_received":499, "server_bytes_rx":60, "n2r_latency":44, "hops":0, "rtt_latency":617, "root_time_now":3324300}
[Mote:4] Not reachable yet
[Mote:14] Sensor IPv6 = fe80::20e:e:e:e
[Mote:12] Not reachable yet
[Mote:15] Not reachable yet
[Mote:3] Not reachable yet
[Mote:1] {"node":"fd00::20e:e:e:e", "cpu_energy_mj":19, "lpm_energy_mj":0, "radio_tx_energy_mj":0, "radio_rx_energy_mj":9, "node_time":3325820, "total_sent":60, "total_received":233, "bytes_tx":60, "bytes_rx":12, "r2n_latency":1094, "lqi":100, "rssi":-61, "server_sent":325, "server_received":92, "server_bytes_rx":60, "n2r_latency":230, "hops":3, "rtt_latency":1667, "root_time_now":3326050}
[Mote:2] Not reachable yet
[Mote:13] Not reachable yet
[Mote:9] Not reachable yet
[Mote:11] Not reachable yet
[Mote:16] Not reachable yet
[Mote:10] Sensor IPv6 = fe80::20a:a:a:a
[Mote:7] Sensor IPv6 = fe80::207:7:7:7
[Mote:17] Not reachable yet
[Mote:1] {"node":"fd00::207:7:7:7", "cpu_energy_mj":18, "lpm_energy_mj":0, "radio_tx_energy_mj":0, "radio_rx_energy_mj":8, "node_time":3331373, "total_sent":266, "total_received":320, "bytes_tx":60, "bytes_rx":12, "r2n_latency":1244, "lqi":100, "rssi":-91, "server_sent":325, "server_received":535, "server_bytes_rx":60, "n2r_latency":1467, "hops":1, "rtt_latency":727, "root_time_now":3332840}
[Mote:1] {"node":"fd00::20a:a:a:a", "cpu_energy_mj":18, "lpm_energy_mj":0, "radio_tx_energy_mj":0, "radio_rx_energy_mj":8, "node_time":3331307, "total_sent":111, "total_received":249, "bytes_tx":60, "bytes_rx":12, "r2n_latency":1794, "lqi":100, "rssi":-43, "server_sent":324, "server_received":217, "server_bytes_rx":60, "n2r_latency":1743, "hops":2, "rtt_latency":1807, "root_time_now":3333050}
[Mote:6] Sensor IPv6 = fe80::206:6:6:6
[Mote:1] {"node":"fd00::206:6:6:6", "cpu_energy_mj":19, "lpm_energy_mj":0, "radio_tx_energy_mj":1, "radio_rx_energy_mj":8, "node_time":3333196, "total_sent":285, "total_received":329, "bytes_tx":60, "bytes_rx":12, "r2n_latency":264, "lqi":100, "rssi":-90, "server_sent":329, "server_received":593, "server_bytes_rx":60, "n2r_latency":64, "hops":0, "rtt_latency":482, "root_time_now":3333260}
[Mote:8] Not reachable yet
[Mote:19] Not reachable yet
[Mote:18] Not reachable yet
[Mote:5] Sensor IPv6 = fe80::205:5:5:5
[Mote:1] {"node":"fd00::205:5:5:5", "cpu_energy_mj":19, "lpm_energy_mj":0, "radio_tx_energy_mj":0, "radio_rx_energy_mj":8, "node_time":3335048, "total_sent":251, "total_received":328, "bytes_tx":60, "bytes_rx":12, "r2n_latency":54, "lqi":100, "rssi":-89, "server_sent":331, "server_received":501, "server_bytes_rx":60, "n2r_latency":32, "hops":0, "rtt_latency":1287, "root_time_now":3335080}
[Mote:4] Not reachable yet
[Mote:3] Not reachable yet
[Mote:15] Not reachable yet
[Mote:14] Sensor IPv6 = fe80::20e:e:e:e
[Mote:12] Not reachable yet
[Mote:13] Not reachable yet
[Mote:2] Not reachable yet
[Mote:11] Not reachable yet
[Mote:9] Not reachable yet
[Mote:16] Not reachable yet
[Mote:10] Sensor IPv6 = fe80::20a:a:a:a
[Mote:7] Sensor IPv6 = fe80::207:7:7:7
[Mote:17] Not reachable yet
[Mote:1] {"node":"fd00::207:7:7:7", "cpu_energy_mj":18, "lpm_energy_mj":0, "radio_tx_energy_mj":0, "radio_rx_energy_mj":8, "node_time":3341848, "total_sent":267, "total_received":321, "bytes_tx":60, "bytes_rx":12, "r2n_latency":974, "lqi":100, "rssi":-91, "server_sent":326, "server_received":537, "server_bytes_rx":60, "n2r_latency":582, "hops":1, "rtt_latency":872, "root_time_now":3342430}
[Mote:1] {"node":"fd00::20a:a:a:a", "cpu_energy_mj":18, "lpm_energy_mj":0, "radio_tx_energy_mj":0, "radio_rx_energy_mj":8, "node_time":3341495, "total_sent":112, "total_received":251, "bytes_tx":60, "bytes_rx":12, "r2n_latency":1254, "lqi":100, "rssi":-43, "server_sent":325, "server_received":220, "server_bytes_rx":60, "n2r_latency":1145, "hops":2, "rtt_latency":1012, "root_time_now":3342640}
[Mote:8] Not reachable yet
[Mote:6] Sensor IPv6 = fe80::206:6:6:6
[Mote:1] {"node":"fd00::206:6:6:6", "cpu_energy_mj":19, "lpm_energy_mj":0, "radio_tx_energy_mj":0, "radio_rx_energy_mj":8, "node_time":3344126, "total_sent":286, "total_received":330, "bytes_tx":60, "bytes_rx":12, "r2n_latency":414, "lqi":100, "rssi":-90, "server_sent":330, "server_received":595, "server_bytes_rx":60, "n2r_latency":54, "hops":0, "rtt_latency":837, "root_time_now":3344180}
[Mote:18] Not reachable yet
[Mote:19] Not reachable yet
[Mote:5] Sensor IPv6 = fe80::205:5:5:5
[Mote:1] {"node":"fd00::205:5:5:5", "cpu_energy_mj":19, "lpm_energy_mj":0, "radio_tx_energy_mj":0, "radio_rx_energy_mj":8, "node_time":3345840, "total_sent":252, "total_received":329, "bytes_tx":60, "bytes_rx":12, "r2n_latency":64, "lqi":100, "rssi":-89, "server_sent":332, "server_received":503, "server_bytes_rx":60, "n2r_latency":20, "hops":0, "rtt_latency":802, "root_time_now":3345860}
[Mote:4] Not reachable yet
[Mote:3] Not reachable yet
[Mote:15] Not reachable yet
[Mote:14] Sensor IPv6 = fe80::20e:e:e:e
[Mote:12] Not reachable yet
[Mote:13] Not reachable yet
[Mote:2] Not reachable yet
[Mote:11] Not reachable yet
[Mote:16] Not reachable yet
[Mote:9] Not reachable yet
[Mote:10] Sensor IPv6 = fe80::20a:a:a:a
[Mote:7] Sensor IPv6 = fe80::207:7:7:7
[Mote:1] {"node":"fd00::20a:a:a:a", "cpu_energy_mj":18, "lpm_energy_mj":0, "radio_tx_energy_mj":1, "radio_rx_energy_mj":7, "node_time":3351681, "total_sent":113, "total_received":251, "bytes_tx":60, "bytes_rx":12, "r2n_latency":1254, "lqi":100, "rssi":-43, "server_sent":326, "server_received":221, "server_bytes_rx":60, "n2r_latency":689, "hops":2, "rtt_latency":1012, "root_time_now":3352370}
[Mote:17] Not reachable yet
[Mote:1] {"node":"fd00::207:7:7:7", "cpu_energy_mj":18, "lpm_energy_mj":0, "radio_tx_energy_mj":0, "radio_rx_energy_mj":8, "node_time":3352323, "total_sent":268, "total_received":322, "bytes_tx":60, "bytes_rx":12, "r2n_latency":1264, "lqi":100, "rssi":-91, "server_sent":327, "server_received":539, "server_bytes_rx":60, "n2r_latency":397, "hops":1, "rtt_latency":1052, "root_time_now":3352720}
[Mote:8] Not reachable yet
[Mote:18] Not reachable yet
[Mote:6] Sensor IPv6 = fe80::206:6:6:6
[Mote:1] {"node":"fd00::206:6:6:6", "cpu_energy_mj":19, "lpm_energy_mj":0, "radio_tx_energy_mj":0, "radio_rx_energy_mj":8, "node_time":3355056, "total_sent":287, "total_received":331, "bytes_tx":60, "bytes_rx":12, "r2n_latency":284, "lqi":100, "rssi":-90, "server_sent":331, "server_received":597, "server_bytes_rx":60, "n2r_latency":44, "hops":0, "rtt_latency":562, "root_time_now":3355100}
[Mote:19] Not reachable yet
[Mote:5] Sensor IPv6 = fe80::205:5:5:5
[Mote:1] {"node":"fd00::205:5:5:5", "cpu_energy_mj":19, "lpm_energy_mj":0, "radio_tx_energy_mj":0, "radio_rx_energy_mj":8, "node_time":3356630, "total_sent":253, "total_received":330, "bytes_tx":60, "bytes_rx":12, "r2n_latency":74, "lqi":100, "rssi":-89, "server_sent":333, "server_received":505, "server_bytes_rx":60, "n2r_latency":10, "hops":0, "rtt_latency":1262, "root_time_now":3356640}
[Mote:4] Not reachable yet
[Mote:3] Not reachable yet
[Mote:15] Not reachable yet
[Mote:13] Not reachable yet
[Mote:14] Not reachable yet
[Mote:12] Not reachable yet
[Mote:2] Not reachable yet
[Mote:11] Not reachable yet
[Mote:16] Not reachable yet
[Mote:10] Sensor IPv6 = fe80::20a:a:a:a
[Mote:9] Not reachable yet
[Mote:17] Not reachable yet
[Mote:7] Sensor IPv6 = fe80::207:7:7:7
[Mote:1] {"node":"fd00::20a:a:a:a", "cpu_energy_mj":18, "lpm_energy_mj":0, "radio_tx_energy_mj":1, "radio_rx_energy_mj":7, "node_time":3361868, "total_sent":114, "total_received":253, "bytes_tx":60, "bytes_rx":12, "r2n_latency":1414, "lqi":100, "rssi":-43, "server_sent":327, "server_received":224, "server_bytes_rx":60, "n2r_latency":2052, "hops":2, "rtt_latency":1792, "root_time_now":3363920}
[Mote:1] {"node":"fd00::207:7:7:7", "cpu_energy_mj":18, "lpm_energy_mj":0, "radio_tx_energy_mj":1, "radio_rx_energy_mj":8, "node_time":3362803, "total_sent":269, "total_received":323, "bytes_tx":60, "bytes_rx":12, "r2n_latency":994, "lqi":100, "rssi":-91, "server_sent":328, "server_received":541, "server_bytes_rx":60, "n2r_latency":1187, "hops":1, "rtt_latency":1757, "root_time_now":3363990}
[Mote:8] Not reachable yet
[Mote:18] Not reachable yet
[Mote:6] Sensor IPv6 = fe80::206:6:6:6
[Mote:1] {"node":"fd00::206:6:6:6", "cpu_energy_mj":19, "lpm_energy_mj":0, "radio_tx_energy_mj":0, "radio_rx_energy_mj":8, "node_time":3365983, "total_sent":288, "total_received":332, "bytes_tx":60, "bytes_rx":12, "r2n_latency":294, "lqi":100, "rssi":-90, "server_sent":332, "server_received":599, "server_bytes_rx":60, "n2r_latency":37, "hops":0, "rtt_latency":1407, "root_time_now":3366020}
[Mote:19] Not reachable yet
[Mote:3] Not reachable yet
[Mote:4] Not reachable yet
[Mote:5] Sensor IPv6 = fe80::205:5:5:5
[Mote:1] {"node":"fd00::205:5:5:5", "cpu_energy_mj":19, "lpm_energy_mj":0, "radio_tx_energy_mj":0, "radio_rx_energy_mj":8, "node_time":3367422, "total_sent":254, "total_received":331, "bytes_tx":60, "bytes_rx":12, "r2n_latency":14, "lqi":100, "rssi":-89, "server_sent":334, "server_received":507, "server_bytes_rx":60, "n2r_latency":68, "hops":0, "rtt_latency":2142, "root_time_now":3367490}
[Mote:15] Not reachable yet
[Mote:13] Not reachable yet
[Mote:14] Not reachable yet
[Mote:12] Not reachable yet
[Mote:2] Not reachable yet
[Mote:11] Not reachable yet
[Mote:16] Not reachable yet
[Mote:10] Sensor IPv6 = fe80::20a:a:a:a
[Mote:9] Not reachable yet
[Mote:1] {"node":"fd00::20a:a:a:a", "cpu_energy_mj":18, "lpm_energy_mj":0, "radio_tx_energy_mj":0, "radio_rx_energy_mj":7, "node_time":3372056, "total_sent":115, "total_received":254, "bytes_tx":60, "bytes_rx":12, "r2n_latency":1634, "lqi":100, "rssi":-43, "server_sent":328, "server_received":226, "server_bytes_rx":60, "n2r_latency":614, "hops":2, "rtt_latency":1062, "root_time_now":3372670}
[Mote:17] Not reachable yet
[Mote:7] Sensor IPv6 = fe80::207:7:7:7
[Mote:1] {"node":"fd00::207:7:7:7", "cpu_energy_mj":18, "lpm_energy_mj":0, "radio_tx_energy_mj":0, "radio_rx_energy_mj":8, "node_time":3373279, "total_sent":270, "total_received":324, "bytes_tx":60, "bytes_rx":12, "r2n_latency":1284, "lqi":100, "rssi":-91, "server_sent":329, "server_received":543, "server_bytes_rx":60, "n2r_latency":91, "hops":1, "rtt_latency":712, "root_time_now":3373370}
[Mote:8] Not reachable yet
[Mote:18] Not reachable yet
[Mote:6] Sensor IPv6 = fe80::206:6:6:6
[Mote:19] Not reachable yet
[Mote:1] {"node":"fd00::206:6:6:6", "cpu_energy_mj":19, "lpm_energy_mj":0, "radio_tx_energy_mj":0, "radio_rx_energy_mj":8, "node_time":3376914, "total_sent":289, "total_received":333, "bytes_tx":60, "bytes_rx":12, "r2n_latency":444, "lqi":100, "rssi":-90, "server_sent":333, "server_received":601, "server_bytes_rx":60, "n2r_latency":166, "hops":0, "rtt_latency":362, "root_time_now":3377080}
[Mote:3] Not reachable yet
[Mote:4] Not reachable yet
[Mote:5] Sensor IPv6 = fe80::205:5:5:5
[Mote:13] Not reachable yet
[Mote:1] {"node":"fd00::205:5:5:5", "cpu_energy_mj":19, "lpm_energy_mj":0, "radio_tx_energy_mj":0, "radio_rx_energy_mj":8, "node_time":3378216, "total_sent":255, "total_received":332, "bytes_tx":60, "bytes_rx":12, "r2n_latency":94, "lqi":100, "rssi":-89, "server_sent":335, "server_received":509, "server_bytes_rx":60, "n2r_latency":54, "hops":0, "rtt_latency":1832, "root_time_now":3378270}
[Mote:15] Not reachable yet
[Mote:14] Not reachable yet
[Mote:12] Not reachable yet
[Mote:2] Sensor IPv6 = fe80::202:2:2:2
[Mote:11] Not reachable yet
[Mote:16] Not reachable yet
[Mote:1] {"node":"fd00::202:2:2:2", "cpu_energy_mj":265, "lpm_energy_mj":0, "radio_tx_energy_mj":0, "radio_rx_energy_mj":247, "node_time":3380290, "total_sent":141, "total_received":314, "bytes_tx":60, "bytes_rx":12, "r2n_latency":1074, "lqi":100, "rssi":-83, "server_sent":336, "server_received":269, "server_bytes_rx":60, "n2r_latency":1410, "hops":0, "rtt_latency":1547, "root_time_now":3381700}
[Mote:10] Sensor IPv6 = fe80::20a:a:a:a
[Mote:1] {"node":"fd00::20a:a:a:a", "cpu_energy_mj":18, "lpm_energy_mj":0, "radio_tx_energy_mj":0, "radio_rx_energy_mj":7, "node_time":3382241, "total_sent":116, "total_received":254, "bytes_tx":60, "bytes_rx":12, "r2n_latency":1634, "lqi":100, "rssi":-43, "server_sent":329, "server_received":227, "server_bytes_rx":60, "n2r_latency":159, "hops":2, "rtt_latency":1062, "root_time_now":3382400}
[Mote:9] Not reachable yet
[Mote:17] Not reachable yet
[Mote:7] Sensor IPv6 = fe80::207:7:7:7
[Mote:1] {"node":"fd00::207:7:7:7", "cpu_energy_mj":18, "lpm_energy_mj":0, "radio_tx_energy_mj":0, "radio_rx_energy_mj":8, "node_time":3383752, "total_sent":271, "total_received":324, "bytes_tx":60, "bytes_rx":12, "r2n_latency":1284, "lqi":100, "rssi":-91, "server_sent":330, "server_received":544, "server_bytes_rx":60, "n2r_latency":118, "hops":1, "rtt_latency":712, "root_time_now":3383870}
[Mote:8] Not reachable yet
[Mote:18] Not reachable yet
[Mote:3] Not reachable yet
[Mote:6] Sensor IPv6 = fe80::206:6:6:6
[Mote:1] {"node":"fd00::206:6:6:6", "cpu_energy_mj":19, "lpm_energy_mj":0, "radio_tx_energy_mj":0, "radio_rx_energy_mj":8, "node_time":3387843, "total_sent":290, "total_received":334, "bytes_tx":60, "bytes_rx":12, "r2n_latency":244, "lqi":100, "rssi":-90, "server_sent":334, "server_received":603, "server_bytes_rx":60, "n2r_latency":17, "hops":0, "rtt_latency":297, "root_time_now":3387860}
[Mote:19] Not reachable yet
[Mote:13] Not reachable yet
[Mote:4] Not reachable yet
[Mote:5] Sensor IPv6 = fe80::205:5:5:5
[Mote:1] {"node":"fd00::205:5:5:5", "cpu_energy_mj":19, "lpm_energy_mj":0, "radio_tx_energy_mj":0, "radio_rx_energy_mj":8, "node_time":3389006, "total_sent":256, "total_received":333, "bytes_tx":60, "bytes_rx":12, "r2n_latency":34, "lqi":100, "rssi":-89, "server_sent":336, "server_received":511, "server_bytes_rx":60, "n2r_latency":44, "hops":0, "rtt_latency":787, "root_time_now":3389050}
[Mote:15] Not reachable yet
[Mote:14] Not reachable yet
[Mote:2] Sensor IPv6 = fe80::202:2:2:2
[Mote:12] Not reachable yet
[Mote:11] Not reachable yet
[Mote:16] Not reachable yet
[Mote:10] Sensor IPv6 = fe80::20a:a:a:a
[Mote:17] Not reachable yet
[Mote:9] Not reachable yet
[Mote:1] {"node":"fd00::20a:a:a:a", "cpu_energy_mj":18, "lpm_energy_mj":0, "radio_tx_energy_mj":0, "radio_rx_energy_mj":7, "node_time":3392430, "total_sent":117, "total_received":256, "bytes_tx":60, "bytes_rx":12, "r2n_latency":2354, "lqi":100, "rssi":-43, "server_sent":330, "server_received":230, "server_bytes_rx":60, "n2r_latency":1590, "hops":2, "rtt_latency":1282, "root_time_now":3394020}
[Mote:7] Sensor IPv6 = fe80::207:7:7:7
[Mote:1] {"node":"fd00::207:7:7:7", "cpu_energy_mj":18, "lpm_energy_mj":0, "radio_tx_energy_mj":0, "radio_rx_energy_mj":8, "node_time":3394227, "total_sent":272, "total_received":326, "bytes_tx":60, "bytes_rx":12, "r2n_latency":1934, "lqi":100, "rssi":-91, "server_sent":331, "server_received":547, "server_bytes_rx":60, "n2r_latency":143, "hops":1, "rtt_latency":1107, "root_time_now":3394370}
[Mote:1] {"node":"fd00::202:2:2:2", "cpu_energy_mj":18, "lpm_energy_mj":0, "radio_tx_energy_mj":0, "radio_rx_energy_mj":8, "node_time":3390821, "total_sent":142, "total_received":316, "bytes_tx":60, "bytes_rx":12, "r2n_latency":184, "lqi":100, "rssi":-83, "server_sent":337, "server_received":272, "server_bytes_rx":60, "n2r_latency":4389, "hops":0, "rtt_latency":2577, "root_time_now":3395210}
[Mote:8] Not reachable yet
[Mote:18] Not reachable yet
[Mote:3] Not reachable yet
[Mote:13] Not reachable yet
[Mote:6] Sensor IPv6 = fe80::206:6:6:6
[Mote:1] {"node":"fd00::206:6:6:6", "cpu_energy_mj":19, "lpm_energy_mj":0, "radio_tx_energy_mj":0, "radio_rx_energy_mj":8, "node_time":3398770, "total_sent":291, "total_received":335, "bytes_tx":60, "bytes_rx":12, "r2n_latency":534, "lqi":100, "rssi":-90, "server_sent":335, "server_received":605, "server_bytes_rx":60, "n2r_latency":10, "hops":0, "rtt_latency":477, "root_time_now":3398780}
[Mote:19] Not reachable yet
[Mote:4] Not reachable yet
[Mote:15] Not reachable yet
[Mote:5] Sensor IPv6 = fe80::205:5:5:5
[Mote:1] {"node":"fd00::205:5:5:5", "cpu_energy_mj":19, "lpm_energy_mj":0, "radio_tx_energy_mj":0, "radio_rx_energy_mj":8, "node_time":3399798, "total_sent":257, "total_received":334, "bytes_tx":60, "bytes_rx":12, "r2n_latency":44, "lqi":100, "rssi":-89, "server_sent":337, "server_received":513, "server_bytes_rx":60, "n2r_latency":32, "hops":0, "rtt_latency":792, "root_time_now":3399830}
[Mote:11] Not reachable yet
[Mote:14] Not reachable yet
[Mote:16] Not reachable yet
[Mote:2] Sensor IPv6 = fe80::202:2:2:2
[Mote:1] {"node":"fd00::202:2:2:2", "cpu_energy_mj":18, "lpm_energy_mj":0, "radio_tx_energy_mj":0, "radio_rx_energy_mj":8, "node_time":3401352, "total_sent":143, "total_received":317, "bytes_tx":60, "bytes_rx":12, "r2n_latency":194, "lqi":100, "rssi":-83, "server_sent":338, "server_received":274, "server_bytes_rx":60, "n2r_latency":228, "hops":0, "rtt_latency":167, "root_time_now":3401580}
[Mote:12] Not reachable yet
[Mote:10] Sensor IPv6 = fe80::20a:a:a:a
[Mote:17] Not reachable yet
[Mote:1] {"node":"fd00::20a:a:a:a", "cpu_energy_mj":18, "lpm_energy_mj":0, "radio_tx_energy_mj":0, "radio_rx_energy_mj":8, "node_time":3402617, "total_sent":118, "total_received":257, "bytes_tx":60, "bytes_rx":12, "r2n_latency":2084, "lqi":100, "rssi":-43, "server_sent":331, "server_received":232, "server_bytes_rx":60, "n2r_latency":1343, "hops":2, "rtt_latency":1952, "root_time_now":3403960}
[Mote:9] Not reachable yet
[Mote:7] Sensor IPv6 = fe80::207:7:7:7
[Mote:1] {"node":"fd00::207:7:7:7", "cpu_energy_mj":18, "lpm_energy_mj":0, "radio_tx_energy_mj":0, "radio_rx_energy_mj":8, "node_time":3404707, "total_sent":273, "total_received":327, "bytes_tx":60, "bytes_rx":12, "r2n_latency":1174, "lqi":100, "rssi":-91, "server_sent":332, "server_received":549, "server_bytes_rx":60, "n2r_latency":93, "hops":1, "rtt_latency":1917, "root_time_now":3404800}
[Mote:8] Not reachable yet
[Mote:18] Not reachable yet
[Mote:3] Not reachable yet
[Mote:13] Not reachable yet
[Mote:4] Not reachable yet
[Mote:6] Sensor IPv6 = fe80::206:6:6:6
[Mote:1] {"node":"fd00::206:6:6:6", "cpu_energy_mj":19, "lpm_energy_mj":0, "radio_tx_energy_mj":0, "radio_rx_energy_mj":8, "node_time":3409699, "total_sent":292, "total_received":336, "bytes_tx":60, "bytes_rx":12, "r2n_latency":474, "lqi":100, "rssi":-90, "server_sent":336, "server_received":607, "server_bytes_rx":60, "n2r_latency":71, "hops":0, "rtt_latency":1882, "root_time_now":3409770}
[Mote:19] Not reachable yet
[Mote:15] Not reachable yet
[Mote:5] Sensor IPv6 = fe80::205:5:5:5
[Mote:11] Not reachable yet
[Mote:16] Not reachable yet
[Mote:2] Sensor IPv6 = fe80::202:2:2:2
[Mote:14] Not reachable yet
[Mote:1] {"node":"fd00::202:2:2:2", "cpu_energy_mj":18, "lpm_energy_mj":0, "radio_tx_energy_mj":0, "radio_rx_energy_mj":8, "node_time":3411883, "total_sent":144, "total_received":318, "bytes_tx":60, "bytes_rx":12, "r2n_latency":204, "lqi":100, "rssi":-83, "server_sent":339, "server_received":276, "server_bytes_rx":60, "n2r_latency":57, "hops":0, "rtt_latency":487, "root_time_now":3411940}
[Mote:12] Not reachable yet
[Mote:1] {"node":"fd00::205:5:5:5", "cpu_energy_mj":19, "lpm_energy_mj":0, "radio_tx_energy_mj":0, "radio_rx_energy_mj":8, "node_time":3410590, "total_sent":258, "total_received":336, "bytes_tx":60, "bytes_rx":12, "r2n_latency":64, "lqi":100, "rssi":-89, "server_sent":339, "server_received":516, "server_bytes_rx":60, "n2r_latency":2190, "hops":0, "rtt_latency":1362, "root_time_now":3412780}
[Mote:10] Sensor IPv6 = fe80::20a:a:a:a
[Mote:1] {"node":"fd00::20a:a:a:a", "cpu_energy_mj":18, "lpm_energy_mj":0, "radio_tx_energy_mj":0, "radio_rx_energy_mj":8, "node_time":3412803, "total_sent":119, "total_received":258, "bytes_tx":60, "bytes_rx":12, "r2n_latency":1534, "lqi":100, "rssi":-43, "server_sent":332, "server_received":234, "server_bytes_rx":60, "n2r_latency":187, "hops":2, "rtt_latency":1152, "root_time_now":3412990}
[Mote:17] Not reachable yet
[Mote:9] Not reachable yet
[Mote:7] Sensor IPv6 = fe80::207:7:7:7
[Mote:1] {"node":"fd00::207:7:7:7", "cpu_energy_mj":18, "lpm_energy_mj":0, "radio_tx_energy_mj":0, "radio_rx_energy_mj":8, "node_time":3415183, "total_sent":274, "total_received":328, "bytes_tx":60, "bytes_rx":12, "r2n_latency":1184, "lqi":100, "rssi":-91, "server_sent":333, "server_received":551, "server_bytes_rx":60, "n2r_latency":117, "hops":1, "rtt_latency":837, "root_time_now":3415300}
[Mote:8] Not reachable yet
[Mote:18] Not reachable yet
[Mote:3] Not reachable yet
[Mote:13] Not reachable yet
[Mote:4] Not reachable yet
[Mote:6] Sensor IPv6 = fe80::206:6:6:6
[Mote:15] Not reachable yet
[Mote:19] Not reachable yet
[Mote:16] Not reachable yet
[Mote:11] Not reachable yet
[Mote:5] Sensor IPv6 = fe80::205:5:5:5
[Mote:1] {"node":"fd00::206:6:6:6", "cpu_energy_mj":19, "lpm_energy_mj":0, "radio_tx_energy_mj":0, "radio_rx_energy_mj":8, "node_time":3420630, "total_sent":293, "total_received":338, "bytes_tx":60, "bytes_rx":12, "r2n_latency":494, "lqi":100, "rssi":-90, "server_sent":338, "server_received":610, "server_bytes_rx":60, "n2r_latency":1320, "hops":0, "rtt_latency":947, "root_time_now":3421950}
[Mote:1] {"node":"fd00::205:5:5:5", "cpu_energy_mj":19, "lpm_energy_mj":0, "radio_tx_energy_mj":0, "radio_rx_energy_mj":8, "node_time":3421382, "total_sent":259, "total_received":337, "bytes_tx":60, "bytes_rx":12, "r2n_latency":74, "lqi":100, "rssi":-89, "server_sent":340, "server_received":518, "server_bytes_rx":60, "n2r_latency":918, "hops":0, "rtt_latency":212, "root_time_now":3422300}
[Mote:2] Sensor IPv6 = fe80::202:2:2:2
[Mote:1] {"node":"fd00::202:2:2:2", "cpu_energy_mj":18, "lpm_energy_mj":0, "radio_tx_energy_mj":0, "radio_rx_energy_mj":8, "node_time":3422414, "total_sent":145, "total_received":319, "bytes_tx":60, "bytes_rx":12, "r2n_latency":284, "lqi":100, "rssi":-83, "server_sent":340, "server_received":278, "server_bytes_rx":60, "n2r_latency":26, "hops":0, "rtt_latency":492, "root_time_now":3422440}
[Mote:14] Not reachable yet
[Mote:10] Sensor IPv6 = fe80::20a:a:a:a
[Mote:1] {"node":"fd00::20a:a:a:a", "cpu_energy_mj":18, "lpm_energy_mj":0, "radio_tx_energy_mj":0, "radio_rx_energy_mj":8, "node_time":3422990, "total_sent":120, "total_received":259, "bytes_tx":60, "bytes_rx":12, "r2n_latency":1684, "lqi":100, "rssi":-43, "server_sent":333, "server_received":236, "server_bytes_rx":60, "n2r_latency":150, "hops":2, "rtt_latency":1192, "root_time_now":3423140}
[Mote:12] Not reachable yet
[Mote:17] Not reachable yet
[Mote:9] Not reachable yet
[Mote:7] Sensor IPv6 = fe80::207:7:7:7
[Mote:1] {"node":"fd00::207:7:7:7", "cpu_energy_mj":18, "lpm_energy_mj":0, "radio_tx_energy_mj":0, "radio_rx_energy_mj":8, "node_time":3425661, "total_sent":275, "total_received":329, "bytes_tx":60, "bytes_rx":12, "r2n_latency":1124, "lqi":100, "rssi":-91, "server_sent":334, "server_received":553, "server_bytes_rx":60, "n2r_latency":209, "hops":1, "rtt_latency":1017, "root_time_now":3425870}
[Mote:8] Not reachable yet
[Mote:3] Not reachable yet
[Mote:18] Not reachable yet
[Mote:13] Not reachable yet
[Mote:4] Not reachable yet
[Mote:15] Not reachable yet
[Mote:16] Not reachable yet
[Mote:11] Not reachable yet
[Mote:6] Sensor IPv6 = fe80::206:6:6:6
[Mote:1] {"node":"fd00::206:6:6:6", "cpu_energy_mj":19, "lpm_energy_mj":0, "radio_tx_energy_mj":1, "radio_rx_energy_mj":8, "node_time":3431558, "total_sent":294, "total_received":339, "bytes_tx":60, "bytes_rx":12, "r2n_latency":364, "lqi":100, "rssi":-90, "server_sent":339, "server_received":612, "server_bytes_rx":60, "n2r_latency":52, "hops":0, "rtt_latency":672, "root_time_now":3431610}
[Mote:19] Not reachable yet
[Mote:5] Sensor IPv6 = fe80::205:5:5:5
[Mote:2] Sensor IPv6 = fe80::202:2:2:2
[Mote:1] {"node":"fd00::202:2:2:2", "cpu_energy_mj":18, "lpm_energy_mj":0, "radio_tx_energy_mj":0, "radio_rx_energy_mj":8, "node_time":3432947, "total_sent":146, "total_received":320, "bytes_tx":60, "bytes_rx":12, "r2n_latency":154, "lqi":100, "rssi":-83, "server_sent":341, "server_received":280, "server_bytes_rx":60, "n2r_latency":63, "hops":0, "rtt_latency":252, "root_time_now":3433010}
[Mote:10] Sensor IPv6 = fe80::20a:a:a:a
[Mote:1] {"node":"fd00::205:5:5:5", "cpu_energy_mj":19, "lpm_energy_mj":0, "radio_tx_energy_mj":0, "radio_rx_energy_mj":8, "node_time":3432176, "total_sent":260, "total_received":338, "bytes_tx":60, "bytes_rx":12, "r2n_latency":14, "lqi":100, "rssi":-89, "server_sent":341, "server_received":520, "server_bytes_rx":60, "n2r_latency":1114, "hops":0, "rtt_latency":1617, "root_time_now":3433290}
[Mote:1] {"node":"fd00::20a:a:a:a", "cpu_energy_mj":18, "lpm_energy_mj":0, "radio_tx_energy_mj":1, "radio_rx_energy_mj":7, "node_time":3433178, "total_sent":121, "total_received":260, "bytes_tx":60, "bytes_rx":12, "r2n_latency":1344, "lqi":100, "rssi":-43, "server_sent":334, "server_received":238, "server_bytes_rx":60, "n2r_latency":182, "hops":2, "rtt_latency":1057, "root_time_now":3433360}
[Mote:14] Not reachable yet
[Mote:12] Not reachable yet
[Mote:17] Not reachable yet
[Mote:9] Not reachable yet
[Mote:7] Sensor IPv6 = fe80::207:7:7:7
[Mote:1] {"node":"fd00::207:7:7:7", "cpu_energy_mj":18, "lpm_energy_mj":0, "radio_tx_energy_mj":0, "radio_rx_energy_mj":8, "node_time":3436135, "total_sent":276, "total_received":330, "bytes_tx":60, "bytes_rx":12, "r2n_latency":994, "lqi":100, "rssi":-91, "server_sent":335, "server_received":555, "server_bytes_rx":60, "n2r_latency":95, "hops":1, "rtt_latency":707, "root_time_now":3436230}
[Mote:8] Not reachable yet
[Mote:13] Not reachable yet
[Mote:3] Not reachable yet
[Mote:18] Not reachable yet
[Mote:4] Not reachable yet
[Mote:16] Not reachable yet
[Mote:11] Not reachable yet
[Mote:15] Not reachable yet
[Mote:6] Sensor IPv6 = fe80::206:6:6:6
[Mote:19] Not reachable yet
[Mote:5] Sensor IPv6 = fe80::205:5:5:5
[Mote:1] {"node":"fd00::205:5:5:5", "cpu_energy_mj":19, "lpm_energy_mj":0, "radio_tx_energy_mj":0, "radio_rx_energy_mj":8, "node_time":3442966, "total_sent":261, "total_received":339, "bytes_tx":60, "bytes_rx":12, "r2n_latency":23, "lqi":100, "rssi":-89, "server_sent":342, "server_received":522, "server_bytes_rx":60, "n2r_latency":54, "hops":0, "rtt_latency":186, "root_time_now":3443020}
[Mote:10] Sensor IPv6 = fe80::20a:a:a:a
[Mote:2] Sensor IPv6 = fe80::202:2:2:2
[Mote:1] {"node":"fd00::202:2:2:2", "cpu_energy_mj":18, "lpm_energy_mj":0, "radio_tx_energy_mj":0, "radio_rx_energy_mj":8, "node_time":3443476, "total_sent":147, "total_received":321, "bytes_tx":60, "bytes_rx":12, "r2n_latency":163, "lqi":100, "rssi":-83, "server_sent":342, "server_received":282, "server_bytes_rx":60, "n2r_latency":34, "hops":0, "rtt_latency":1726, "root_time_now":3443510}
[Mote:14] Not reachable yet
[Mote:1] {"node":"fd00::206:6:6:6", "cpu_energy_mj":19, "lpm_energy_mj":0, "radio_tx_energy_mj":0, "radio_rx_energy_mj":8, "node_time":3442487, "total_sent":295, "total_received":340, "bytes_tx":60, "bytes_rx":12, "r2n_latency":513, "lqi":100, "rssi":-90, "server_sent":340, "server_received":614, "server_bytes_rx":60, "n2r_latency":1933, "hops":0, "rtt_latency":2041, "root_time_now":3444420}
[Mote:1] {"node":"fd00::20a:a:a:a", "cpu_energy_mj":18, "lpm_energy_mj":0, "radio_tx_energy_mj":0, "radio_rx_energy_mj":8, "node_time":3443364, "total_sent":122, "total_received":261, "bytes_tx":60, "bytes_rx":12, "r2n_latency":1983, "lqi":100, "rssi":-43, "server_sent":335, "server_received":240, "server_bytes_rx":60, "n2r_latency":1126, "hops":2, "rtt_latency":2181, "root_time_now":3444490}
[Mote:17] Not reachable yet
[Mote:12] Not reachable yet
[Mote:9] Not reachable yet
[Mote:7] Sensor IPv6 = fe80::207:7:7:7
[Mote:1] {"node":"fd00::207:7:7:7", "cpu_energy_mj":18, "lpm_energy_mj":0, "radio_tx_energy_mj":0, "radio_rx_energy_mj":8, "node_time":3446611, "total_sent":277, "total_received":331, "bytes_tx":60, "bytes_rx":12, "r2n_latency":1703, "lqi":100, "rssi":-91, "server_sent":336, "server_received":557, "server_bytes_rx":60, "n2r_latency":119, "hops":1, "rtt_latency":2146, "root_time_now":3446730}
[Mote:8] Not reachable yet
[Mote:13] Not reachable yet
[Mote:3] Not reachable yet
[Mote:18] Not reachable yet
[Mote:16] Not reachable yet
[Mote:11] Not reachable yet
[Mote:4] Not reachable yet
[Mote:15] Not reachable yet
[Mote:6] Sensor IPv6 = fe80::206:6:6:6
[Mote:10] Sensor IPv6 = fe80::20a:a:a:a
[Mote:19] Not reachable yet
[Mote:5] Sensor IPv6 = fe80::205:5:5:5
[Mote:2] Sensor IPv6 = fe80::202:2:2:2
[Mote:1] {"node":"fd00::205:5:5:5", "cpu_energy_mj":19, "lpm_energy_mj":0, "radio_tx_energy_mj":0, "radio_rx_energy_mj":8, "node_time":3453758, "total_sent":262, "total_received":340, "bytes_tx":60, "bytes_rx":12, "r2n_latency":34, "lqi":100, "rssi":-89, "server_sent":343, "server_received":524, "server_bytes_rx":60, "n2r_latency":392, "hops":0, "rtt_latency":192, "root_time_now":3454150}
[Mote:1] {"node":"fd00::206:6:6:6", "cpu_energy_mj":19, "lpm_energy_mj":0, "radio_tx_energy_mj":0, "radio_rx_energy_mj":8, "node_time":3453416, "total_sent":296, "total_received":341, "bytes_tx":60, "bytes_rx":12, "r2n_latency":454, "lqi":100, "rssi":-90, "server_sent":341, "server_received":616, "server_bytes_rx":60, "n2r_latency":804, "hops":0, "rtt_latency":1837, "root_time_now":3454220}
[Mote:1] {"node":"fd00::20a:a:a:a", "cpu_energy_mj":18, "lpm_energy_mj":0, "radio_tx_energy_mj":0, "radio_rx_energy_mj":7, "node_time":3453551, "total_sent":123, "total_received":262, "bytes_tx":60, "bytes_rx":12, "r2n_latency":1994, "lqi":100, "rssi":-43, "server_sent":336, "server_received":242, "server_bytes_rx":60, "n2r_latency":739, "hops":2, "rtt_latency":1942, "root_time_now":3454290}
[Mote:17] Not reachable yet
[Mote:1] {"node":"fd00::202:2:2:2", "cpu_energy_mj":18, "lpm_energy_mj":0, "radio_tx_energy_mj":0, "radio_rx_energy_mj":8, "node_time":3454009, "total_sent":148, "total_received":322, "bytes_tx":60, "bytes_rx":12, "r2n_latency":174, "lqi":100, "rssi":-83, "server_sent":343, "server_received":284, "server_bytes_rx":60, "n2r_latency":911, "hops":0, "rtt_latency":2432, "root_time_now":3454920}
[Mote:14] Not reachable yet
[Mote:12] Not reachable yet
[Mote:9] Not reachable yet
[Mote:7] Sensor IPv6 = fe80::207:7:7:7
[Mote:1] {"node":"fd00::207:7:7:7", "cpu_energy_mj":18, "lpm_energy_mj":0, "radio_tx_energy_mj":0, "radio_rx_energy_mj":8, "node_time":3457083, "total_sent":278, "total_received":332, "bytes_tx":60, "bytes_rx":12, "r2n_latency":1644, "lqi":100, "rssi":-91, "server_sent":337, "server_received":559, "server_bytes_rx":60, "n2r_latency":357, "hops":1, "rtt_latency":1872, "root_time_now":3457440}
[Mote:8] Not reachable yet
[Mote:13] Not reachable yet
[Mote:3] Not reachable yet
[Mote:18] Not reachable yet
[Mote:16] Not reachable yet
[Mote:11] Not reachable yet
[Mote:4] Not reachable yet
[Mote:15] Not reachable yet
[Mote:10] Sensor IPv6 = fe80::20a:a:a:a
[Mote:1] {"node":"fd00::20a:a:a:a", "cpu_energy_mj":18, "lpm_energy_mj":0, "radio_tx_energy_mj":1, "radio_rx_energy_mj":7, "node_time":3463738, "total_sent":124, "total_received":263, "bytes_tx":60, "bytes_rx":12, "r2n_latency":1794, "lqi":100, "rssi":-43, "server_sent":337, "server_received":244, "server_bytes_rx":60, "n2r_latency":212, "hops":2, "rtt_latency":1002, "root_time_now":3463950}
[Mote:6] Sensor IPv6 = fe80::206:6:6:6
[Mote:19] Not reachable yet
[Mote:2] Sensor IPv6 = fe80::202:2:2:2
[Mote:5] Sensor IPv6 = fe80::205:5:5:5
[Mote:1] {"node":"fd00::205:5:5:5", "cpu_energy_mj":19, "lpm_energy_mj":0, "radio_tx_energy_mj":0, "radio_rx_energy_mj":8, "node_time":3464550, "total_sent":263, "total_received":341, "bytes_tx":60, "bytes_rx":12, "r2n_latency":44, "lqi":100, "rssi":-89, "server_sent":344, "server_received":526, "server_bytes_rx":60, "n2r_latency":170, "hops":0, "rtt_latency":722, "root_time_now":3464720}
[Mote:1] {"node":"fd00::202:2:2:2", "cpu_energy_mj":18, "lpm_energy_mj":0, "radio_tx_energy_mj":0, "radio_rx_energy_mj":8, "node_time":3464538, "total_sent":149, "total_received":323, "bytes_tx":60, "bytes_rx":12, "r2n_latency":324, "lqi":100, "rssi":-83, "server_sent":344, "server_received":286, "server_bytes_rx":60, "n2r_latency":322, "hops":0, "rtt_latency":337, "root_time_now":3464860}
[Mote:17] Not reachable yet
[Mote:1] {"node":"fd00::206:6:6:6", "cpu_energy_mj":19, "lpm_energy_mj":0, "radio_tx_energy_mj":0, "radio_rx_energy_mj":8, "node_time":3464344, "total_sent":297, "total_received":342, "bytes_tx":60, "bytes_rx":12, "r2n_latency":464, "lqi":100, "rssi":-90, "server_sent":342, "server_received":618, "server_bytes_rx":60, "n2r_latency":656, "hops":0, "rtt_latency":302, "root_time_now":3465000}
[Mote:14] Not reachable yet
[Mote:12] Not reachable yet
[Mote:7] Sensor IPv6 = fe80::207:7:7:7
[Mote:9] Not reachable yet
[Mote:1] {"node":"fd00::207:7:7:7", "cpu_energy_mj":18, "lpm_energy_mj":0, "radio_tx_energy_mj":0, "radio_rx_energy_mj":8, "node_time":3467563, "total_sent":279, "total_received":333, "bytes_tx":60, "bytes_rx":12, "r2n_latency":1094, "lqi":100, "rssi":-91, "server_sent":338, "server_received":561, "server_bytes_rx":60, "n2r_latency":97, "hops":1, "rtt_latency":652, "root_time_now":3467660}
[Mote:13] Not reachable yet
[Mote:8] Not reachable yet
[Mote:3] Not reachable yet
[Mote:18] Not reachable yet
[Mote:16] Not reachable yet
[Mote:11] Not reachable yet
[Mote:4] Not reachable yet
[Mote:15] Not reachable yet
[Mote:10] Sensor IPv6 = fe80::20a:a:a:a
[Mote:1] {"node":"fd00::20a:a:a:a", "cpu_energy_mj":18, "lpm_energy_mj":0, "radio_tx_energy_mj":0, "radio_rx_energy_mj":7, "node_time":3473925, "total_sent":125, "total_received":264, "bytes_tx":60, "bytes_rx":12, "r2n_latency":2084, "lqi":100, "rssi":-43, "server_sent":338, "server_received":246, "server_bytes_rx":60, "n2r_latency":175, "hops":2, "rtt_latency":1427, "root_time_now":3474100}
[Mote:2] Sensor IPv6 = fe80::202:2:2:2
[Mote:1] {"node":"fd00::202:2:2:2", "cpu_energy_mj":18, "lpm_energy_mj":0, "radio_tx_energy_mj":0, "radio_rx_energy_mj":8, "node_time":3475069, "total_sent":150, "total_received":324, "bytes_tx":60, "bytes_rx":12, "r2n_latency":264, "lqi":100, "rssi":-83, "server_sent":345, "server_received":288, "server_bytes_rx":60, "n2r_latency":11, "hops":0, "rtt_latency":552, "root_time_now":3475080}
[Mote:17] Not reachable yet
[Mote:6] Sensor IPv6 = fe80::206:6:6:6
[Mote:1] {"node":"fd00::206:6:6:6", "cpu_energy_mj":19, "lpm_energy_mj":0, "radio_tx_energy_mj":0, "radio_rx_energy_mj":8, "node_time":3475273, "total_sent":298, "total_received":343, "bytes_tx":60, "bytes_rx":12, "r2n_latency":544, "lqi":100, "rssi":-90, "server_sent":343, "server_received":620, "server_bytes_rx":60, "n2r_latency":17, "hops":0, "rtt_latency":447, "root_time_now":3475290}
[Mote:5] Sensor IPv6 = fe80::205:5:5:5
[Mote:1] {"node":"fd00::205:5:5:5", "cpu_energy_mj":19, "lpm_energy_mj":0, "radio_tx_energy_mj":0, "radio_rx_energy_mj":8, "node_time":3475342, "total_sent":264, "total_received":342, "bytes_tx":60, "bytes_rx":12, "r2n_latency":54, "lqi":100, "rssi":-89, "server_sent":345, "server_received":528, "server_bytes_rx":60, "n2r_latency":18, "hops":0, "rtt_latency":202, "root_time_now":3475360}
[Mote:19] Not reachable yet
[Mote:14] Not reachable yet
[Mote:12] Not reachable yet
[Mote:7] Sensor IPv6 = fe80::207:7:7:7
[Mote:1] {"node":"fd00::207:7:7:7", "cpu_energy_mj":18, "lpm_energy_mj":0, "radio_tx_energy_mj":0, "radio_rx_energy_mj":8, "node_time":3478039, "total_sent":280, "total_received":334, "bytes_tx":60, "bytes_rx":12, "r2n_latency":1384, "lqi":100, "rssi":-91, "server_sent":339, "server_received":563, "server_bytes_rx":60, "n2r_latency":121, "hops":1, "rtt_latency":867, "root_time_now":3478160}
[Mote:9] Not reachable yet
[Mote:13] Not reachable yet
[Mote:3] Not reachable yet
[Mote:8] Not reachable yet
[Mote:18] Not reachable yet
[Mote:16] Not reachable yet
[Mote:11] Not reachable yet
[Mote:4] Not reachable yet
[Mote:15] Not reachable yet
[Mote:10] Sensor IPv6 = fe80::20a:a:a:a
[Mote:1] {"node":"fd00::20a:a:a:a", "cpu_energy_mj":18, "lpm_energy_mj":0, "radio_tx_energy_mj":0, "radio_rx_energy_mj":8, "node_time":3484113, "total_sent":126, "total_received":265, "bytes_tx":60, "bytes_rx":12, "r2n_latency":3424, "lqi":100, "rssi":-43, "server_sent":339, "server_received":248, "server_bytes_rx":60, "n2r_latency":347, "hops":2, "rtt_latency":1817, "root_time_now":3484460}
[Mote:17] Not reachable yet
[Mote:2] Sensor IPv6 = fe80::202:2:2:2
[Mote:1] {"node":"fd00::202:2:2:2", "cpu_energy_mj":18, "lpm_energy_mj":0, "radio_tx_energy_mj":0, "radio_rx_energy_mj":8, "node_time":3485600, "total_sent":151, "total_received":325, "bytes_tx":60, "bytes_rx":12, "r2n_latency":204, "lqi":100, "rssi":-83, "server_sent":346, "server_received":290, "server_bytes_rx":60, "n2r_latency":50, "hops":0, "rtt_latency":942, "root_time_now":3485650}
[Mote:5] Sensor IPv6 = fe80::205:5:5:5
[Mote:1] {"node":"fd00::205:5:5:5", "cpu_energy_mj":19, "lpm_energy_mj":0, "radio_tx_energy_mj":0, "radio_rx_energy_mj":8, "node_time":3486136, "total_sent":265, "total_received":343, "bytes_tx":60, "bytes_rx":12, "r2n_latency":64, "lqi":100, "rssi":-89, "server_sent":346, "server_received":530, "server_bytes_rx":60, "n2r_latency":4, "hops":0, "rtt_latency":732, "root_time_now":3486140}
[Mote:6] Sensor IPv6 = fe80::206:6:6:6
[Mote:1] {"node":"fd00::206:6:6:6", "cpu_energy_mj":19, "lpm_energy_mj":0, "radio_tx_energy_mj":0, "radio_rx_energy_mj":8, "node_time":3486202, "total_sent":299, "total_received":344, "bytes_tx":60, "bytes_rx":12, "r2n_latency":554, "lqi":100, "rssi":-90, "server_sent":344, "server_received":622, "server_bytes_rx":60, "n2r_latency":8, "hops":0, "rtt_latency":1397, "root_time_now":3486210}
[Mote:19] Not reachable yet
[Mote:14] Not reachable yet
[Mote:12] Not reachable yet
[Mote:7] Sensor IPv6 = fe80::207:7:7:7
[Mote:1] {"node":"fd00::207:7:7:7", "cpu_energy_mj":18, "lpm_energy_mj":0, "radio_tx_energy_mj":0, "radio_rx_energy_mj":8, "node_time":3488515, "total_sent":281, "total_received":335, "bytes_tx":60, "bytes_rx":12, "r2n_latency":2304, "lqi":100, "rssi":-91, "server_sent":340, "server_received":565, "server_bytes_rx":60, "n2r_latency":75, "hops":1, "rtt_latency":1432, "root_time_now":3488590}
[Mote:9] Not reachable yet
[Mote:13] Not reachable yet
[Mote:3] Not reachable yet
[Mote:8] Not reachable yet
[Mote:16] Not reachable yet
[Mote:18] Not reachable yet
[Mote:11] Not reachable yet
[Mote:4] Not reachable yet
[Mote:10] Sensor IPv6 = fe80::20a:a:a:a
[Mote:15] Not reachable yet
[Mote:1] {"node":"fd00::20a:a:a:a", "cpu_energy_mj":18, "lpm_energy_mj":0, "radio_tx_energy_mj":0, "radio_rx_energy_mj":8, "node_time":3494299, "total_sent":127, "total_received":266, "bytes_tx":60, "bytes_rx":12, "r2n_latency":2174, "lqi":100, "rssi":-43, "server_sent":340, "server_received":250, "server_bytes_rx":60, "n2r_latency":171, "hops":2, "rtt_latency":1682, "root_time_now":3494470}
[Mote:17] Not reachable yet
[Mote:2] Sensor IPv6 = fe80::202:2:2:2
[Mote:1] {"node":"fd00::202:2:2:2", "cpu_energy_mj":18, "lpm_energy_mj":0, "radio_tx_energy_mj":0, "radio_rx_energy_mj":8, "node_time":3496133, "total_sent":152, "total_received":326, "bytes_tx":60, "bytes_rx":12, "r2n_latency":144, "lqi":100, "rssi":-83, "server_sent":347, "server_received":292, "server_bytes_rx":60, "n2r_latency":17, "hops":0, "rtt_latency":562, "root_time_now":3496150}
[Mote:5] Sensor IPv6 = fe80::205:5:5:5
[Mote:1] {"node":"fd00::205:5:5:5", "cpu_energy_mj":19, "lpm_energy_mj":0, "radio_tx_energy_mj":0, "radio_rx_energy_mj":8, "node_time":3496928, "total_sent":266, "total_received":344, "bytes_tx":60, "bytes_rx":12, "r2n_latency":74, "lqi":100, "rssi":-89, "server_sent":347, "server_received":532, "server_bytes_rx":60, "n2r_latency":62, "hops":0, "rtt_latency":2067, "root_time_now":3496990}
[Mote:6] Sensor IPv6 = fe80::206:6:6:6
[Mote:1] {"node":"fd00::206:6:6:6", "cpu_energy_mj":19, "lpm_energy_mj":0, "radio_tx_energy_mj":0, "radio_rx_energy_mj":8, "node_time":3497135, "total_sent":300, "total_received":345, "bytes_tx":60, "bytes_rx":12, "r2n_latency":844, "lqi":100, "rssi":-90, "server_sent":345, "server_received":624, "server_bytes_rx":60, "n2r_latency":135, "hops":0, "rtt_latency":597, "root_time_now":3497270}
[Mote:19] Not reachable yet
[Mote:14] Not reachable yet
[Mote:7] Sensor IPv6 = fe80::207:7:7:7
[Mote:1] {"node":"fd00::207:7:7:7", "cpu_energy_mj":18, "lpm_energy_mj":0, "radio_tx_energy_mj":0, "radio_rx_energy_mj":8, "node_time":3498991, "total_sent":282, "total_received":336, "bytes_tx":60, "bytes_rx":12, "r2n_latency":1614, "lqi":100, "rssi":-91, "server_sent":341, "server_received":567, "server_bytes_rx":60, "n2r_latency":99, "hops":1, "rtt_latency":912, "root_time_now":3499090}
[Mote:12] Not reachable yet
[Mote:9] Not reachable yet
[Mote:13] Not reachable yet
[Mote:3] Not reachable yet
[Mote:8] Not reachable yet
[Mote:16] Not reachable yet
[Mote:11] Not reachable yet
[Mote:18] Not reachable yet
[Mote:10] Sensor IPv6 = fe80::20a:a:a:a
[Mote:4] Not reachable yet
[Mote:15] Not reachable yet
[Mote:17] Not reachable yet
[Mote:2] Sensor IPv6 = fe80::202:2:2:2
[Mote:1] {"node":"fd00::202:2:2:2", "cpu_energy_mj":18, "lpm_energy_mj":0, "radio_tx_energy_mj":0, "radio_rx_energy_mj":8, "node_time":3506662, "total_sent":153, "total_received":327, "bytes_tx":60, "bytes_rx":12, "r2n_latency":84, "lqi":100, "rssi":-83, "server_sent":348, "server_received":294, "server_bytes_rx":60, "n2r_latency":58, "hops":0, "rtt_latency":112, "root_time_now":3506720}
[Mote:1] {"node":"fd00::20a:a:a:a", "cpu_energy_mj":18, "lpm_energy_mj":0, "radio_tx_energy_mj":0, "radio_rx_energy_mj":8, "node_time":3504487, "total_sent":128, "total_received":267, "bytes_tx":60, "bytes_rx":12, "r2n_latency":2674, "lqi":100, "rssi":-43, "server_sent":341, "server_received":252, "server_bytes_rx":60, "n2r_latency":3073, "hops":2, "rtt_latency":1827, "root_time_now":3507560}
[Mote:5] Sensor IPv6 = fe80::205:5:5:5
[Mote:1] {"node":"fd00::205:5:5:5", "cpu_energy_mj":19, "lpm_energy_mj":0, "radio_tx_energy_mj":0, "radio_rx_energy_mj":8, "node_time":3507718, "total_sent":267, "total_received":345, "bytes_tx":60, "bytes_rx":12, "r2n_latency":14, "lqi":100, "rssi":-89, "server_sent":348, "server_received":534, "server_bytes_rx":60, "n2r_latency":52, "hops":0, "rtt_latency":1547, "root_time_now":3507770}
[Mote:6] Sensor IPv6 = fe80::206:6:6:6
[Mote:1] {"node":"fd00::206:6:6:6", "cpu_energy_mj":19, "lpm_energy_mj":0, "radio_tx_energy_mj":1, "radio_rx_energy_mj":8, "node_time":3508062, "total_sent":301, "total_received":346, "bytes_tx":60, "bytes_rx":12, "r2n_latency":434, "lqi":100, "rssi":-90, "server_sent":346, "server_received":626, "server_bytes_rx":60, "n2r_latency":58, "hops":0, "rtt_latency":1617, "root_time_now":3508120}
[Mote:19] Not reachable yet
[Mote:14] Sensor IPv6 = fe80::20e:e:e:e
[Mote:1] {"node":"fd00::20e:e:e:e", "cpu_energy_mj":290, "lpm_energy_mj":0, "radio_tx_energy_mj":3, "radio_rx_energy_mj":541, "node_time":3508790, "total_sent":63, "total_received":243, "bytes_tx":60, "bytes_rx":12, "r2n_latency":1134, "lqi":100, "rssi":-38, "server_sent":343, "server_received":94, "server_bytes_rx":60, "n2r_latency":520, "hops":3, "rtt_latency":1792, "root_time_now":3509310}
[Mote:7] Sensor IPv6 = fe80::207:7:7:7
[Mote:1] {"node":"fd00::207:7:7:7", "cpu_energy_mj":18, "lpm_energy_mj":0, "radio_tx_energy_mj":1, "radio_rx_energy_mj":8, "node_time":3509464, "total_sent":283, "total_received":337, "bytes_tx":60, "bytes_rx":12, "r2n_latency":1344, "lqi":100, "rssi":-91, "server_sent":342, "server_received":569, "server_bytes_rx":60, "n2r_latency":126, "hops":1, "rtt_latency":1757, "root_time_now":3509590}
[Mote:13] Not reachable yet
[Mote:9] Not reachable yet
[Mote:12] Not reachable yet
[Mote:3] Not reachable yet
[Mote:8] Not reachable yet
[Mote:16] Not reachable yet
[Mote:11] Not reachable yet
[Mote:18] Sensor IPv6 = fe80::212:12:12:12
[Mote:1] {"node":"fd00::212:12:12:12", "cpu_energy_mj":493, "lpm_energy_mj":0, "radio_tx_energy_mj":2, "radio_rx_energy_mj":2034, "node_time":3513079, "total_sent":15, "total_received":105, "bytes_tx":60, "bytes_rx":12, "r2n_latency":2334, "lqi":100, "rssi":-86, "server_sent":340, "server_received":21, "server_bytes_rx":60, "n2r_latency":571, "hops":3, "rtt_latency":1622, "root_time_now":3513650}
[Mote:10] Sensor IPv6 = fe80::20a:a:a:a
[Mote:1] {"node":"fd00::20a:a:a:a", "cpu_energy_mj":18, "lpm_energy_mj":0, "radio_tx_energy_mj":1, "radio_rx_energy_mj":7, "node_time":3514672, "total_sent":129, "total_received":268, "bytes_tx":60, "bytes_rx":12, "r2n_latency":1914, "lqi":100, "rssi":-43, "server_sent":342, "server_received":254, "server_bytes_rx":60, "n2r_latency":168, "hops":2, "rtt_latency":1377, "root_time_now":3514840}
[Mote:4] Not reachable yet
[Mote:15] Not reachable yet
[Mote:17] Not reachable yet
[Mote:2] Sensor IPv6 = fe80::202:2:2:2
[Mote:1] {"node":"fd00::202:2:2:2", "cpu_energy_mj":18, "lpm_energy_mj":0, "radio_tx_energy_mj":0, "radio_rx_energy_mj":8, "node_time":3517195, "total_sent":154, "total_received":328, "bytes_tx":60, "bytes_rx":12, "r2n_latency":94, "lqi":100, "rssi":-83, "server_sent":349, "server_received":296, "server_bytes_rx":60, "n2r_latency":25, "hops":0, "rtt_latency":222, "root_time_now":3517220}
[Mote:5] Sensor IPv6 = fe80::205:5:5:5
[Mote:1] {"node":"fd00::205:5:5:5", "cpu_energy_mj":19, "lpm_energy_mj":0, "radio_tx_energy_mj":0, "radio_rx_energy_mj":8, "node_time":3518512, "total_sent":268, "total_received":346, "bytes_tx":60, "bytes_rx":12, "r2n_latency":24, "lqi":100, "rssi":-89, "server_sent":349, "server_received":536, "server_bytes_rx":60, "n2r_latency":38, "hops":0, "rtt_latency":187, "root_time_now":3518550}
[Mote:6] Sensor IPv6 = fe80::206:6:6:6
[Mote:1] {"node":"fd00::206:6:6:6", "cpu_energy_mj":19, "lpm_energy_mj":0, "radio_tx_energy_mj":1, "radio_rx_energy_mj":8, "node_time":3518989, "total_sent":302, "total_received":347, "bytes_tx":60, "bytes_rx":12, "r2n_latency":234, "lqi":100, "rssi":-90, "server_sent":347, "server_received":628, "server_bytes_rx":60, "n2r_latency":51, "hops":0, "rtt_latency":257, "root_time_now":3519040}
[Mote:19] Not reachable yet
[Mote:14] Sensor IPv6 = fe80::20e:e:e:e
[Mote:13] Not reachable yet
[Mote:1] {"node":"fd00::20e:e:e:e", "cpu_energy_mj":19, "lpm_energy_mj":0, "radio_tx_energy_mj":0, "radio_rx_energy_mj":9, "node_time":3519554, "total_sent":64, "total_received":244, "bytes_tx":60, "bytes_rx":12, "r2n_latency":1564, "lqi":100, "rssi":-38, "server_sent":344, "server_received":96, "server_bytes_rx":60, "n2r_latency":326, "hops":3, "rtt_latency":1307, "root_time_now":3519880}
[Mote:7] Sensor IPv6 = fe80::207:7:7:7
[Mote:9] Not reachable yet
[Mote:1] {"node":"fd00::207:7:7:7", "cpu_energy_mj":18, "lpm_energy_mj":0, "radio_tx_energy_mj":1, "radio_rx_energy_mj":8, "node_time":3519943, "total_sent":284, "total_received":338, "bytes_tx":60, "bytes_rx":12, "r2n_latency":864, "lqi":100, "rssi":-91, "server_sent":344, "server_received":571, "server_bytes_rx":60, "n2r_latency":777, "hops":1, "rtt_latency":537, "root_time_now":3520720}
[Mote:12] Not reachable yet
[Mote:3] Not reachable yet
[Mote:16] Not reachable yet
[Mote:8] Not reachable yet
[Mote:11] Not reachable yet
[Mote:18] Sensor IPv6 = fe80::212:12:12:12
[Mote:1] {"node":"fd00::212:12:12:12", "cpu_energy_mj":18, "lpm_energy_mj":0, "radio_tx_energy_mj":0, "radio_rx_energy_mj":8, "node_time":3523629, "total_sent":16, "total_received":106, "bytes_tx":60, "bytes_rx":12, "r2n_latency":2344, "lqi":100, "rssi":-86, "server_sent":341, "server_received":23, "server_bytes_rx":60, "n2r_latency":241, "hops":3, "rtt_latency":1312, "root_time_now":3523870}
[Mote:10] Sensor IPv6 = fe80::20a:a:a:a
[Mote:1] {"node":"fd00::20a:a:a:a", "cpu_energy_mj":18, "lpm_energy_mj":0, "radio_tx_energy_mj":0, "radio_rx_energy_mj":8, "node_time":3524859, "total_sent":130, "total_received":269, "bytes_tx":60, "bytes_rx":12, "r2n_latency":1644, "lqi":100, "rssi":-43, "server_sent":343, "server_received":256, "server_bytes_rx":60, "n2r_latency":201, "hops":2, "rtt_latency":1137, "root_time_now":3525060}
[Mote:4] Not reachable yet
[Mote:15] Not reachable yet
[Mote:17] Not reachable yet
[Mote:2] Sensor IPv6 = fe80::202:2:2:2
[Mote:1] {"node":"fd00::202:2:2:2", "cpu_energy_mj":18, "lpm_energy_mj":0, "radio_tx_energy_mj":0, "radio_rx_energy_mj":8, "node_time":3527726, "total_sent":155, "total_received":329, "bytes_tx":60, "bytes_rx":12, "r2n_latency":174, "lqi":100, "rssi":-83, "server_sent":350, "server_received":298, "server_bytes_rx":60, "n2r_latency":64, "hops":0, "rtt_latency":157, "root_time_now":3527790}
[Mote:5] Sensor IPv6 = fe80::205:5:5:5
[Mote:1] {"node":"fd00::205:5:5:5", "cpu_energy_mj":19, "lpm_energy_mj":0, "radio_tx_energy_mj":0, "radio_rx_energy_mj":8, "node_time":3529304, "total_sent":269, "total_received":347, "bytes_tx":60, "bytes_rx":12, "r2n_latency":34, "lqi":100, "rssi":-89, "server_sent":350, "server_received":538, "server_bytes_rx":60, "n2r_latency":26, "hops":0, "rtt_latency":1277, "root_time_now":3529330}
[Mote:6] Sensor IPv6 = fe80::206:6:6:6
[Mote:13] Not reachable yet
[Mote:1] {"node":"fd00::206:6:6:6", "cpu_energy_mj":19, "lpm_energy_mj":0, "radio_tx_energy_mj":1, "radio_rx_energy_mj":8, "node_time":3529922, "total_sent":303, "total_received":348, "bytes_tx":60, "bytes_rx":12, "r2n_latency":454, "lqi":100, "rssi":-90, "server_sent":348, "server_received":630, "server_bytes_rx":60, "n2r_latency":38, "hops":0, "rtt_latency":402, "root_time_now":3529960}
[Mote:19] Not reachable yet
[Mote:14] Sensor IPv6 = fe80::20e:e:e:e
[Mote:7] Sensor IPv6 = fe80::207:7:7:7
[Mote:9] Not reachable yet
[Mote:3] Not reachable yet
[Mote:1] {"node":"fd00::207:7:7:7", "cpu_energy_mj":18, "lpm_energy_mj":0, "radio_tx_energy_mj":0, "radio_rx_energy_mj":8, "node_time":3530419, "total_sent":285, "total_received":339, "bytes_tx":60, "bytes_rx":12, "r2n_latency":1224, "lqi":100, "rssi":-91, "server_sent":345, "server_received":573, "server_bytes_rx":60, "n2r_latency":1221, "hops":1, "rtt_latency":1032, "root_time_now":3531640}
[Mote:16] Not reachable yet
[Mote:12] Not reachable yet
[Mote:1] {"node":"fd00::20e:e:e:e", "cpu_energy_mj":19, "lpm_energy_mj":0, "radio_tx_energy_mj":0, "radio_rx_energy_mj":9, "node_time":3530319, "total_sent":65, "total_received":245, "bytes_tx":60, "bytes_rx":12, "r2n_latency":874, "lqi":100, "rssi":-38, "server_sent":346, "server_received":98, "server_bytes_rx":60, "n2r_latency":1671, "hops":3, "rtt_latency":962, "root_time_now":3531990}
[Mote:8] Not reachable yet
[Mote:11] Not reachable yet
[Mote:18] Sensor IPv6 = fe80::212:12:12:12
[Mote:1] {"node":"fd00::212:12:12:12", "cpu_energy_mj":18, "lpm_energy_mj":0, "radio_tx_energy_mj":0, "radio_rx_energy_mj":8, "node_time":3534181, "total_sent":17, "total_received":106, "bytes_tx":60, "bytes_rx":12, "r2n_latency":2344, "lqi":100, "rssi":-86, "server_sent":342, "server_received":24, "server_bytes_rx":60, "n2r_latency":609, "hops":3, "rtt_latency":1312, "root_time_now":3534790}
[Mote:10] Sensor IPv6 = fe80::20a:a:a:a
[Mote:1] {"node":"fd00::20a:a:a:a", "cpu_energy_mj":18, "lpm_energy_mj":0, "radio_tx_energy_mj":0, "radio_rx_energy_mj":8, "node_time":3535046, "total_sent":131, "total_received":269, "bytes_tx":60, "bytes_rx":12, "r2n_latency":1644, "lqi":100, "rssi":-43, "server_sent":344, "server_received":257, "server_bytes_rx":60, "n2r_latency":234, "hops":2, "rtt_latency":1137, "root_time_now":3535280}
[Mote:4] Not reachable yet
[Mote:15] Not reachable yet
[Mote:17] Not reachable yet
[Mote:2] Sensor IPv6 = fe80::202:2:2:2
[Mote:1] {"node":"fd00::202:2:2:2", "cpu_energy_mj":18, "lpm_energy_mj":0, "radio_tx_energy_mj":0, "radio_rx_energy_mj":8, "node_time":3538255, "total_sent":156, "total_received":330, "bytes_tx":60, "bytes_rx":12, "r2n_latency":116, "lqi":100, "rssi":-83, "server_sent":351, "server_received":300, "server_bytes_rx":60, "n2r_latency":35, "hops":0, "rtt_latency":723, "root_time_now":3538290}
[Mote:13] Not reachable yet
[Mote:5] Sensor IPv6 = fe80::205:5:5:5
[Mote:6] Sensor IPv6 = fe80::206:6:6:6
[Mote:7] Sensor IPv6 = fe80::207:7:7:7
[Mote:19] Not reachable yet
[Mote:14] Sensor IPv6 = fe80::20e:e:e:e
[Mote:3] Not reachable yet
[Mote:9] Not reachable yet
[Mote:16] Not reachable yet
[Mote:1] {"node":"fd00::206:6:6:6", "cpu_energy_mj":19, "lpm_energy_mj":0, "radio_tx_energy_mj":1, "radio_rx_energy_mj":8, "node_time":3540848, "total_sent":304, "total_received":350, "bytes_tx":60, "bytes_rx":12, "r2n_latency":264, "lqi":100, "rssi":-90, "server_sent":350, "server_received":633, "server_bytes_rx":60, "n2r_latency":1572, "hops":0, "rtt_latency":1182, "root_time_now":3542420}
[Mote:1] {"node":"fd00::207:7:7:7", "cpu_energy_mj":18, "lpm_energy_mj":0, "radio_tx_energy_mj":1, "radio_rx_energy_mj":8, "node_time":3540892, "total_sent":286, "total_received":340, "bytes_tx":60, "bytes_rx":12, "r2n_latency":5576, "lqi":100, "rssi":-91, "server_sent":346, "server_received":575, "server_bytes_rx":60, "n2r_latency":1598, "hops":1, "rtt_latency":2858, "root_time_now":3542490}
[Mote:1] {"node":"fd00::20e:e:e:e", "cpu_energy_mj":19, "lpm_energy_mj":0, "radio_tx_energy_mj":0, "radio_rx_energy_mj":9, "node_time":3541080, "total_sent":66, "total_received":246, "bytes_tx":60, "bytes_rx":12, "r2n_latency":4036, "lqi":100, "rssi":-52, "server_sent":347, "server_received":100, "server_bytes_rx":60, "n2r_latency":1480, "hops":3, "rtt_latency":2298, "root_time_now":3542560}
[Mote:12] Not reachable yet
[Mote:11] Not reachable yet
[Mote:8] Not reachable yet
[Mote:18] Sensor IPv6 = fe80::212:12:12:12
[Mote:10] Sensor IPv6 = fe80::20a:a:a:a
[Mote:1] {"node":"fd00::205:5:5:5", "cpu_energy_mj":19, "lpm_energy_mj":0, "radio_tx_energy_mj":0, "radio_rx_energy_mj":8, "node_time":3540094, "total_sent":270, "total_received":349, "bytes_tx":60, "bytes_rx":12, "r2n_latency":54, "lqi":100, "rssi":-89, "server_sent":352, "server_received":541, "server_bytes_rx":60, "n2r_latency":5476, "hops":0, "rtt_latency":2757, "root_time_now":3545570}
[Mote:1] {"node":"fd00::212:12:12:12", "cpu_energy_mj":18, "lpm_energy_mj":0, "radio_tx_energy_mj":0, "radio_rx_energy_mj":9, "node_time":3544729, "total_sent":18, "total_received":108, "bytes_tx":60, "bytes_rx":12, "r2n_latency":4604, "lqi":100, "rssi":-58, "server_sent":343, "server_received":27, "server_bytes_rx":60, "n2r_latency":1821, "hops":3, "rtt_latency":2547, "root_time_now":3546550}
[Mote:17] Not reachable yet
[Mote:4] Not reachable yet
[Mote:1] {"node":"fd00::20a:a:a:a", "cpu_energy_mj":18, "lpm_energy_mj":0, "radio_tx_energy_mj":0, "radio_rx_energy_mj":8, "node_time":3545235, "total_sent":132, "total_received":271, "bytes_tx":60, "bytes_rx":12, "r2n_latency":3344, "lqi":100, "rssi":-43, "server_sent":345, "server_received":260, "server_bytes_rx":60, "n2r_latency":1665, "hops":2, "rtt_latency":2057, "root_time_now":3546900}
[Mote:15] Not reachable yet
[Mote:2] Sensor IPv6 = fe80::202:2:2:2
[Mote:1] {"node":"fd00::202:2:2:2", "cpu_energy_mj":18, "lpm_energy_mj":0, "radio_tx_energy_mj":0, "radio_rx_energy_mj":8, "node_time":3548786, "total_sent":157, "total_received":331, "bytes_tx":60, "bytes_rx":12, "r2n_latency":124, "lqi":100, "rssi":-83, "server_sent":352, "server_received":302, "server_bytes_rx":60, "n2r_latency":74, "hops":0, "rtt_latency":587, "root_time_now":3548860}
[Mote:13] Not reachable yet
[Mote:5] Sensor IPv6 = fe80::205:5:5:5
[Mote:7] Sensor IPv6 = fe80::207:7:7:7
[Mote:1] {"node":"fd00::205:5:5:5", "cpu_energy_mj":19, "lpm_energy_mj":0, "radio_tx_energy_mj":0, "radio_rx_energy_mj":8, "node_time":3550886, "total_sent":271, "total_received":350, "bytes_tx":60, "bytes_rx":12, "r2n_latency":64, "lqi":100, "rssi":-89, "server_sent":353, "server_received":543, "server_bytes_rx":60, "n2r_latency":634, "hops":0, "rtt_latency":627, "root_time_now":3551520}
[Mote:16] Not reachable yet
[Mote:6] Sensor IPv6 = fe80::206:6:6:6
[Mote:14] Sensor IPv6 = fe80::20e:e:e:e
[Mote:3] Not reachable yet
[Mote:19] Not reachable yet
[Mote:9] Not reachable yet
[Mote:1] {"node":"fd00::207:7:7:7", "cpu_energy_mj":18, "lpm_energy_mj":0, "radio_tx_energy_mj":1, "radio_rx_energy_mj":8, "node_time":3551369, "total_sent":287, "total_received":342, "bytes_tx":60, "bytes_rx":12, "r2n_latency":1184, "lqi":100, "rssi":-91, "server_sent":347, "server_received":578, "server_bytes_rx":60, "n2r_latency":921, "hops":1, "rtt_latency":732, "root_time_now":3552290}
[Mote:1] {"node":"fd00::206:6:6:6", "cpu_energy_mj":19, "lpm_energy_mj":0, "radio_tx_energy_mj":1, "radio_rx_energy_mj":8, "node_time":3551777, "total_sent":305, "total_received":351, "bytes_tx":60, "bytes_rx":12, "r2n_latency":414, "lqi":100, "rssi":-90, "server_sent":351, "server_received":635, "server_bytes_rx":60, "n2r_latency":583, "hops":0, "rtt_latency":312, "root_time_now":3552360}
[Mote:11] Not reachable yet
[Mote:8] Not reachable yet
[Mote:12] Not reachable yet
[Mote:18] Sensor IPv6 = fe80::212:12:12:12
[Mote:10] Sensor IPv6 = fe80::20a:a:a:a
[Mote:1] {"node":"fd00::20a:a:a:a", "cpu_energy_mj":18, "lpm_energy_mj":0, "radio_tx_energy_mj":0, "radio_rx_energy_mj":8, "node_time":3555422, "total_sent":133, "total_received":272, "bytes_tx":60, "bytes_rx":12, "r2n_latency":4334, "lqi":100, "rssi":-43, "server_sent":346, "server_received":262, "server_bytes_rx":60, "n2r_latency":298, "hops":2, "rtt_latency":2342, "root_time_now":3555720}
[Mote:17] Not reachable yet
[Mote:4] Not reachable yet
[Mote:15] Not reachable yet
[Mote:2] Sensor IPv6 = fe80::202:2:2:2
[Mote:1] {"node":"fd00::202:2:2:2", "cpu_energy_mj":18, "lpm_energy_mj":0, "radio_tx_energy_mj":0, "radio_rx_energy_mj":8, "node_time":3559317, "total_sent":158, "total_received":332, "bytes_tx":60, "bytes_rx":12, "r2n_latency":134, "lqi":100, "rssi":-83, "server_sent":353, "server_received":304, "server_bytes_rx":60, "n2r_latency":43, "hops":0, "rtt_latency":172, "root_time_now":3559360}
[Mote:13] Not reachable yet
[Mote:5] Sensor IPv6 = fe80::205:5:5:5
[Mote:16] Not reachable yet
[Mote:7] Sensor IPv6 = fe80::207:7:7:7
[Mote:3] Not reachable yet
[Mote:14] Sensor IPv6 = fe80::20e:e:e:e
[Mote:1] {"node":"fd00::207:7:7:7", "cpu_energy_mj":18, "lpm_energy_mj":0, "radio_tx_energy_mj":0, "radio_rx_energy_mj":8, "node_time":3561845, "total_sent":288, "total_received":343, "bytes_tx":60, "bytes_rx":12, "r2n_latency":1195, "lqi":100, "rssi":-91, "server_sent":348, "server_received":580, "server_bytes_rx":60, "n2r_latency":805, "hops":1, "rtt_latency":842, "root_time_now":3562650}
[Mote:6] Sensor IPv6 = fe80::206:6:6:6
[Mote:1] {"node":"fd00::206:6:6:6", "cpu_energy_mj":19, "lpm_energy_mj":0, "radio_tx_energy_mj":1, "radio_rx_energy_mj":7, "node_time":3562705, "total_sent":306, "total_received":352, "bytes_tx":60, "bytes_rx":12, "r2n_latency":355, "lqi":100, "rssi":-90, "server_sent":352, "server_received":637, "server_bytes_rx":60, "n2r_latency":15, "hops":0, "rtt_latency":247, "root_time_now":3562720}
[Mote:9] Not reachable yet
[Mote:19] Not reachable yet
[Mote:1] {"node":"fd00::205:5:5:5", "cpu_energy_mj":19, "lpm_energy_mj":0, "radio_tx_energy_mj":0, "radio_rx_energy_mj":8, "node_time":3561678, "total_sent":272, "total_received":351, "bytes_tx":60, "bytes_rx":12, "r2n_latency":75, "lqi":100, "rssi":-89, "server_sent":354, "server_received":545, "server_bytes_rx":60, "n2r_latency":1322, "hops":0, "rtt_latency":1472, "root_time_now":3563000}
[Mote:11] Not reachable yet
[Mote:8] Not reachable yet
[Mote:12] Not reachable yet
[Mote:10] Sensor IPv6 = fe80::20a:a:a:a
[Mote:1] {"node":"fd00::20a:a:a:a", "cpu_energy_mj":18, "lpm_energy_mj":0, "radio_tx_energy_mj":1, "radio_rx_energy_mj":7, "node_time":3565609, "total_sent":134, "total_received":273, "bytes_tx":60, "bytes_rx":12, "r2n_latency":1475, "lqi":100, "rssi":-43, "server_sent":347, "server_received":264, "server_bytes_rx":60, "n2r_latency":191, "hops":2, "rtt_latency":2172, "root_time_now":3565800}
[Mote:18] Sensor IPv6 = fe80::212:12:12:12
[Mote:17] Not reachable yet
[Mote:4] Not reachable yet
[Mote:15] Not reachable yet
[Mote:2] Sensor IPv6 = fe80::202:2:2:2
[Mote:1] {"node":"fd00::202:2:2:2", "cpu_energy_mj":18, "lpm_energy_mj":0, "radio_tx_energy_mj":0, "radio_rx_energy_mj":8, "node_time":3569850, "total_sent":159, "total_received":333, "bytes_tx":60, "bytes_rx":12, "r2n_latency":145, "lqi":100, "rssi":-83, "server_sent":354, "server_received":306, "server_bytes_rx":60, "n2r_latency":10, "hops":0, "rtt_latency":1647, "root_time_now":3569860}
[Mote:13] Not reachable yet
[Mote:16] Not reachable yet
[Mote:7] Sensor IPv6 = fe80::207:7:7:7
[Mote:3] Not reachable yet
[Mote:5] Sensor IPv6 = fe80::205:5:5:5
[Mote:11] Not reachable yet
[Mote:9] Not reachable yet
[Mote:14] Sensor IPv6 = fe80::20e:e:e:e
[Mote:6] Sensor IPv6 = fe80::206:6:6:6
[Mote:1] {"node":"fd00::207:7:7:7", "cpu_energy_mj":18, "lpm_energy_mj":0, "radio_tx_energy_mj":0, "radio_rx_energy_mj":8, "node_time":3572320, "total_sent":289, "total_received":344, "bytes_tx":60, "bytes_rx":12, "r2n_latency":1204, "lqi":100, "rssi":-91, "server_sent":349, "server_received":582, "server_bytes_rx":60, "n2r_latency":1390, "hops":1, "rtt_latency":1827, "root_time_now":3573710}
[Mote:19] Not reachable yet
[Mote:1] {"node":"fd00::206:6:6:6", "cpu_energy_mj":19, "lpm_energy_mj":0, "radio_tx_energy_mj":0, "radio_rx_energy_mj":8, "node_time":3573636, "total_sent":307, "total_received":353, "bytes_tx":60, "bytes_rx":12, "r2n_latency":434, "lqi":100, "rssi":-90, "server_sent":353, "server_received":639, "server_bytes_rx":60, "n2r_latency":494, "hops":0, "rtt_latency":1792, "root_time_now":3574130}
[Mote:8] Not reachable yet
[Mote:12] Not reachable yet
[Mote:1] {"node":"fd00::205:5:5:5", "cpu_energy_mj":19, "lpm_energy_mj":0, "radio_tx_energy_mj":0, "radio_rx_energy_mj":8, "node_time":3572470, "total_sent":273, "total_received":352, "bytes_tx":60, "bytes_rx":12, "r2n_latency":14, "lqi":100, "rssi":-89, "server_sent":355, "server_received":547, "server_bytes_rx":60, "n2r_latency":2850, "hops":0, "rtt_latency":462, "root_time_now":3575320}
[Mote:10] Sensor IPv6 = fe80::20a:a:a:a
[Mote:1] {"node":"fd00::20a:a:a:a", "cpu_energy_mj":18, "lpm_energy_mj":0, "radio_tx_energy_mj":0, "radio_rx_energy_mj":8, "node_time":3575796, "total_sent":135, "total_received":274, "bytes_tx":60, "bytes_rx":12, "r2n_latency":2044, "lqi":100, "rssi":-43, "server_sent":348, "server_received":266, "server_bytes_rx":60, "n2r_latency":154, "hops":2, "rtt_latency":1897, "root_time_now":3575950}
[Mote:18] Not reachable yet
[Mote:17] Not reachable yet
[Mote:4] Not reachable yet
[Mote:15] Not reachable yet
[Mote:1] {"node":"fd00::20e:e:e:e", "cpu_energy_mj":19, "lpm_energy_mj":0, "radio_tx_energy_mj":0, "radio_rx_energy_mj":8, "node_time":3562605, "total_sent":68, "total_received":246, "bytes_tx":60, "bytes_rx":12, "r2n_latency":4036, "lqi":100, "rssi":-52, "server_sent":350, "server_received":101, "server_bytes_rx":60, "n2r_latency":16915, "hops":1, "rtt_latency":2298, "root_time_now":3579520}
[Mote:2] Sensor IPv6 = fe80::202:2:2:2
[Mote:1] {"node":"fd00::202:2:2:2", "cpu_energy_mj":18, "lpm_energy_mj":0, "radio_tx_energy_mj":0, "radio_rx_energy_mj":8, "node_time":3580379, "total_sent":160, "total_received":335, "bytes_tx":60, "bytes_rx":12, "r2n_latency":95, "lqi":100, "rssi":-83, "server_sent":356, "server_received":308, "server_bytes_rx":60, "n2r_latency":51, "hops":0, "rtt_latency":152, "root_time_now":3580430}
[Mote:13] Not reachable yet
[Mote:16] Not reachable yet
[Mote:3] Not reachable yet
[Mote:7] Sensor IPv6 = fe80::207:7:7:7
[Mote:1] {"node":"fd00::207:7:7:7", "cpu_energy_mj":18, "lpm_energy_mj":0, "radio_tx_energy_mj":0, "radio_rx_energy_mj":8, "node_time":3582796, "total_sent":290, "total_received":345, "bytes_tx":60, "bytes_rx":12, "r2n_latency":1635, "lqi":100, "rssi":-91, "server_sent":350, "server_received":584, "server_bytes_rx":60, "n2r_latency":224, "hops":1, "rtt_latency":887, "root_time_now":3583020}
[Mote:5] Sensor IPv6 = fe80::205:5:5:5
[Mote:1] {"node":"fd00::205:5:5:5", "cpu_energy_mj":19, "lpm_energy_mj":0, "radio_tx_energy_mj":0, "radio_rx_energy_mj":9, "node_time":3583262, "total_sent":274, "total_received":353, "bytes_tx":60, "bytes_rx":12, "r2n_latency":25, "lqi":100, "rssi":-89, "server_sent":356, "server_received":549, "server_bytes_rx":60, "n2r_latency":38, "hops":0, "rtt_latency":187, "root_time_now":3583300}
[Mote:11] Not reachable yet
[Mote:9] Not reachable yet
[Mote:14] Sensor IPv6 = fe80::20e:e:e:e
[Mote:6] Sensor IPv6 = fe80::206:6:6:6
[Mote:19] Not reachable yet
[Mote:1] {"node":"fd00::206:6:6:6", "cpu_energy_mj":19, "lpm_energy_mj":0, "radio_tx_energy_mj":1, "radio_rx_energy_mj":8, "node_time":3584567, "total_sent":308, "total_received":354, "bytes_tx":60, "bytes_rx":12, "r2n_latency":655, "lqi":100, "rssi":-90, "server_sent":354, "server_received":641, "server_bytes_rx":60, "n2r_latency":203, "hops":0, "rtt_latency":607, "root_time_now":3584770}
[Mote:8] Not reachable yet
[Mote:12] Not reachable yet
[Mote:10] Sensor IPv6 = fe80::20a:a:a:a
[Mote:1] {"node":"fd00::20a:a:a:a", "cpu_energy_mj":18, "lpm_energy_mj":0, "radio_tx_energy_mj":0, "radio_rx_energy_mj":8, "node_time":3585982, "total_sent":136, "total_received":275, "bytes_tx":60, "bytes_rx":12, "r2n_latency":2755, "lqi":100, "rssi":-43, "server_sent":349, "server_received":268, "server_bytes_rx":60, "n2r_latency":188, "hops":2, "rtt_latency":1832, "root_time_now":3586170}
[Mote:18] Not reachable yet
[Mote:17] Not reachable yet
[Mote:4] Not reachable yet
[Mote:15] Not reachable yet
[Mote:13] Not reachable yet
[Mote:2] Sensor IPv6 = fe80::202:2:2:2
[Mote:1] {"node":"fd00::202:2:2:2", "cpu_energy_mj":18, "lpm_energy_mj":0, "radio_tx_energy_mj":0, "radio_rx_energy_mj":8, "node_time":3590910, "total_sent":161, "total_received":336, "bytes_tx":60, "bytes_rx":12, "r2n_latency":104, "lqi":100, "rssi":-83, "server_sent":357, "server_received":310, "server_bytes_rx":60, "n2r_latency":160, "hops":0, "rtt_latency":507, "root_time_now":3591070}
[Mote:16] Not reachable yet
[Mote:3] Not reachable yet
[Mote:7] Sensor IPv6 = fe80::207:7:7:7
[Mote:11] Not reachable yet
[Mote:5] Sensor IPv6 = fe80::205:5:5:5
[Mote:1] {"node":"fd00::205:5:5:5", "cpu_energy_mj":19, "lpm_energy_mj":0, "radio_tx_energy_mj":0, "radio_rx_energy_mj":9, "node_time":3594054, "total_sent":275, "total_received":354, "bytes_tx":60, "bytes_rx":12, "r2n_latency":34, "lqi":100, "rssi":-89, "server_sent":357, "server_received":551, "server_bytes_rx":60, "n2r_latency":236, "hops":0, "rtt_latency":192, "root_time_now":3594290}
[Mote:9] Not reachable yet
[Mote:14] Sensor IPv6 = fe80::20e:e:e:e
[Mote:8] Not reachable yet
[Mote:6] Sensor IPv6 = fe80::206:6:6:6
[Mote:19] Not reachable yet
[Mote:1] {"node":"fd00::206:6:6:6", "cpu_energy_mj":19, "lpm_energy_mj":0, "radio_tx_energy_mj":1, "radio_rx_energy_mj":8, "node_time":3595494, "total_sent":309, "total_received":355, "bytes_tx":60, "bytes_rx":12, "r2n_latency":244, "lqi":100, "rssi":-90, "server_sent":355, "server_received":643, "server_bytes_rx":60, "n2r_latency":266, "hops":0, "rtt_latency":367, "root_time_now":3595760}
[Mote:10] Sensor IPv6 = fe80::20a:a:a:a
[Mote:1] {"node":"fd00::20e:e:e:e", "cpu_energy_mj":19, "lpm_energy_mj":0, "radio_tx_energy_mj":1, "radio_rx_energy_mj":8, "node_time":3584131, "total_sent":70, "total_received":247, "bytes_tx":60, "bytes_rx":12, "r2n_latency":1144, "lqi":100, "rssi":-74, "server_sent":352, "server_received":103, "server_bytes_rx":60, "n2r_latency":12399, "hops":3, "rtt_latency":7362, "root_time_now":3596530}
[Mote:12] Not reachable yet
[Mote:18] Not reachable yet
[Mote:1] {"node":"fd00::207:7:7:7", "cpu_energy_mj":18, "lpm_energy_mj":0, "radio_tx_energy_mj":0, "radio_rx_energy_mj":8, "node_time":3593273, "total_sent":291, "total_received":346, "bytes_tx":60, "bytes_rx":12, "r2n_latency":2204, "lqi":100, "rssi":-91, "server_sent":351, "server_received":586, "server_bytes_rx":60, "n2r_latency":4377, "hops":1, "rtt_latency":1557, "root_time_now":3597650}
[Mote:17] Not reachable yet
[Mote:1] {"node":"fd00::20e:e:e:e", "cpu_energy_mj":19, "lpm_energy_mj":0, "radio_tx_energy_mj":0, "radio_rx_energy_mj":8, "node_time":3594894, "total_sent":71, "total_received":248, "bytes_tx":60, "bytes_rx":12, "r2n_latency":1853, "lqi":100, "rssi":-47, "server_sent":352, "server_received":105, "server_bytes_rx":60, "n2r_latency":3176, "hops":3, "rtt_latency":3342, "root_time_now":3598070}
[Mote:1] {"node":"fd00::20a:a:a:a", "cpu_energy_mj":18, "lpm_energy_mj":0, "radio_tx_energy_mj":1, "radio_rx_energy_mj":7, "node_time":3596169, "total_sent":137, "total_received":276, "bytes_tx":60, "bytes_rx":12, "r2n_latency":2904, "lqi":100, "rssi":-43, "server_sent":350, "server_received":270, "server_bytes_rx":60, "n2r_latency":2041, "hops":2, "rtt_latency":3412, "root_time_now":3598210}
[Mote:4] Not reachable yet
[Mote:15] Not reachable yet
[Mote:13] Not reachable yet
Final simulation time: 3601112000 ms
Test ended at simulation time: 3601112000
