node,bin,bin_start_ms,bin_end_ms,rate_pkts_per_s,kind
fd00::202:2:2:2,20,20000,21000,0.0,server_sent
fd00::202:2:2:2,31,31000,32000,1.0,server_sent
fd00::202:2:2:2,42,42000,43000,1.0,server_sent
fd00::202:2:2:2,52,52000,53000,1.0,server_sent
fd00::202:2:2:2,63,63000,64000,1.0,server_sent
fd00::202:2:2:2,73,73000,74000,1.0,server_sent
fd00::202:2:2:2,84,84000,85000,1.0,server_sent
fd00::202:2:2:2,94,94000,95000,1.0,server_sent
fd00::202:2:2:2,105,105000,106000,1.0,server_sent
fd00::202:2:2:2,115,115000,116000,1.0,server_sent
fd00::202:2:2:2,126,126000,127000,1.0,server_sent
fd00::202:2:2:2,136,136000,137000,1.0,server_sent
fd00::202:2:2:2,147,147000,148000,1.0,server_sent
fd00::202:2:2:2,157,157000,158000,1.0,server_sent
fd00::202:2:2:2,168,168000,169000,1.0,server_sent
fd00::202:2:2:2,179,179000,180000,1.0,server_sent
fd00::202:2:2:2,189,189000,190000,1.0,server_sent
fd00::202:2:2:2,222,222000,223000,4.0,server_sent
fd00::202:2:2:2,235,235000,236000,1.0,server_sent
fd00::202:2:2:2,248,248000,249000,1.0,server_sent
fd00::202:2:2:2,257,257000,258000,1.0,server_sent
fd00::202:2:2:2,263,263000,264000,1.0,server_sent
fd00::202:2:2:2,279,279000,280000,1.0,server_sent
fd00::202:2:2:2,285,285000,286000,1.0,server_sent
fd00::202:2:2:2,303,303000,304000,2.0,server_sent
fd00::202:2:2:2,473,473000,474000,17.0,server_sent
fd00::202:2:2:2,484,484000,485000,1.0,server_sent
fd00::202:2:2:2,494,494000,495000,1.0,server_sent
fd00::202:2:2:2,507,507000,508000,1.0,server_sent
fd00::202:2:2:2,515,515000,516000,1.0,server_sent
fd00::202:2:2:2,526,526000,527000,1.0,server_sent
fd00::202:2:2:2,537,537000,538000,1.0,server_sent
fd00::202:2:2:2,547,547000,548000,1.0,server_sent
fd00::202:2:2:2,563,563000,564000,2.0,server_sent
fd00::202:2:2:2,568,568000,569000,0.0,server_sent
fd00::202:2:2:2,584,584000,585000,2.0,server_sent
fd00::202:2:2:2,589,589000,590000,0.0,server_sent
fd00::202:2:2:2,600,600000,601000,2.0,server_sent
fd00::202:2:2:2,617,617000,618000,1.0,server_sent
fd00::202:2:2:2,626,626000,627000,1.0,server_sent
fd00::202:2:2:2,631,631000,632000,1.0,server_sent
fd00::202:2:2:2,642,642000,643000,1.0,server_sent
fd00::202:2:2:2,655,655000,656000,1.0,server_sent
fd00::202:2:2:2,664,664000,665000,1.0,server_sent
fd00::202:2:2:2,675,675000,676000,1.0,server_sent
fd00::202:2:2:2,684,684000,685000,1.0,server_sent
fd00::202:2:2:2,694,694000,695000,1.0,server_sent
fd00::202:2:2:2,705,705000,706000,1.0,server_sent
fd00::202:2:2:2,718,718000,719000,1.0,server_sent
fd00::202:2:2:2,726,726000,727000,1.0,server_sent
fd00::202:2:2:2,737,737000,738000,1.0,server_sent
fd00::202:2:2:2,747,747000,748000,1.0,server_sent
fd00::202:2:2:2,758,758000,759000,1.0,server_sent
fd00::202:2:2:2,769,769000,770000,1.0,server_sent
fd00::202:2:2:2,779,779000,780000,1.0,server_sent
fd00::202:2:2:2,802,802000,803000,3.0,server_sent
fd00::202:2:2:2,816,816000,817000,1.0,server_sent
fd00::202:2:2:2,822,822000,823000,1.0,server_sent
fd00::202:2:2:2,835,835000,836000,1.0,server_sent
fd00::202:2:2:2,845,845000,846000,1.0,server_sent
fd00::202:2:2:2,854,854000,855000,1.0,server_sent
fd00::202:2:2:2,866,866000,867000,1.0,server_sent
fd00::202:2:2:2,873,873000,874000,1.0,server_sent
fd00::202:2:2:2,886,886000,887000,1.0,server_sent
fd00::202:2:2:2,895,895000,896000,1.0,server_sent
fd00::202:2:2:2,906,906000,907000,1.0,server_sent
fd00::202:2:2:2,916,916000,917000,1.0,server_sent
fd00::202:2:2:2,926,926000,927000,1.0,server_sent
fd00::202:2:2:2,937,937000,938000,1.0,server_sent
fd00::202:2:2:2,947,947000,948000,1.0,server_sent
fd00::202:2:2:2,958,958000,959000,1.0,server_sent
fd00::202:2:2:2,968,968000,969000,1.0,server_sent
fd00::202:2:2:2,986,986000,987000,2.0,server_sent
fd00::202:2:2:2,989,989000,990000,0.0,server_sent
fd00::202:2:2:2,1007,1007000,1008000,2.0,server_sent
fd00::202:2:2:2,1122,1122000,1123000,12.0,server_sent
fd00::202:2:2:2,1348,1348000,1349000,22.0,server_sent
fd00::202:2:2:2,1358,1358000,1359000,1.0,server_sent
fd00::202:2:2:2,1369,1369000,1370000,1.0,server_sent
fd00::202:2:2:2,1422,1422000,1423000,6.0,server_sent
fd00::202:2:2:2,1465,1465000,1466000,4.0,server_sent
fd00::202:2:2:2,1481,1481000,1482000,2.0,server_sent
fd00::202:2:2:2,1487,1487000,1488000,0.0,server_sent
fd00::202:2:2:2,1495,1495000,1496000,1.0,server_sent
fd00::202:2:2:2,1506,1506000,1507000,1.0,server_sent
fd00::202:2:2:2,1522,1522000,1523000,2.0,server_sent
fd00::202:2:2:2,1526,1526000,1527000,0.0,server_sent
fd00::202:2:2:2,1537,1537000,1538000,1.0,server_sent
fd00::202:2:2:2,1549,1549000,1550000,1.0,server_sent
fd00::202:2:2:2,1558,1558000,1559000,1.0,server_sent
fd00::202:2:2:2,1570,1570000,1571000,2.0,server_sent
fd00::202:2:2:2,1580,1580000,1581000,1.0,server_sent
fd00::202:2:2:2,1598,1598000,1599000,1.0,server_sent
fd00::202:2:2:2,1606,1606000,1607000,1.0,server_sent
fd00::202:2:2:2,1616,1616000,1617000,1.0,server_sent
fd00::202:2:2:2,1625,1625000,1626000,1.0,server_sent
fd00::202:2:2:2,1638,1638000,1639000,1.0,server_sent
fd00::202:2:2:2,1649,1649000,1650000,1.0,server_sent
fd00::202:2:2:2,1657,1657000,1658000,1.0,server_sent
fd00::202:2:2:2,1665,1665000,1666000,1.0,server_sent
fd00::202:2:2:2,1675,1675000,1676000,1.0,server_sent
fd00::202:2:2:2,1685,1685000,1686000,1.0,server_sent
fd00::202:2:2:2,1695,1695000,1696000,1.0,server_sent
fd00::202:2:2:2,1706,1706000,1707000,1.0,server_sent
fd00::202:2:2:2,1717,1717000,1718000,1.0,server_sent
fd00::202:2:2:2,1732,1732000,1733000,2.0,server_sent
fd00::202:2:2:2,1737,1737000,1738000,0.0,server_sent
fd00::202:2:2:2,1906,1906000,1907000,17.0,server_sent
fd00::202:2:2:2,1916,1916000,1917000,1.0,server_sent
fd00::202:2:2:2,1927,1927000,1928000,1.0,server_sent
fd00::202:2:2:2,2306,2306000,2307000,38.0,server_sent
fd00::202:2:2:2,2316,2316000,2317000,1.0,server_sent
fd00::202:2:2:2,2327,2327000,2328000,1.0,server_sent
fd00::202:2:2:2,2343,2343000,2344000,2.0,server_sent
fd00::202:2:2:2,2348,2348000,2349000,0.0,server_sent
fd00::202:2:2:2,2358,2358000,2359000,1.0,server_sent
fd00::202:2:2:2,2369,2369000,2370000,1.0,server_sent
fd00::202:2:2:2,2379,2379000,2380000,1.0,server_sent
fd00::202:2:2:2,2391,2391000,2392000,2.0,server_sent
fd00::202:2:2:2,2408,2408000,2409000,1.0,server_sent
fd00::202:2:2:2,2415,2415000,2416000,1.0,server_sent
fd00::202:2:2:2,2425,2425000,2426000,1.0,server_sent
fd00::202:2:2:2,2432,2432000,2433000,1.0,server_sent
fd00::202:2:2:2,2443,2443000,2444000,1.0,server_sent
fd00::202:2:2:2,2453,2453000,2454000,1.0,server_sent
fd00::202:2:2:2,2467,2467000,2468000,1.0,server_sent
fd00::202:2:2:2,2475,2475000,2476000,1.0,server_sent
fd00::202:2:2:2,2492,2492000,2493000,2.0,server_sent
fd00::202:2:2:2,2495,2495000,2496000,0.0,server_sent
fd00::202:2:2:2,2508,2508000,2509000,1.0,server_sent
fd00::202:2:2:2,2521,2521000,2522000,2.0,server_sent
fd00::202:2:2:2,2528,2528000,2529000,0.0,server_sent
fd00::202:2:2:2,2539,2539000,2540000,1.0,server_sent
fd00::202:2:2:2,2548,2548000,2549000,1.0,server_sent
fd00::202:2:2:2,2559,2559000,2560000,1.0,server_sent
fd00::202:2:2:2,2572,2572000,2573000,2.0,server_sent
fd00::202:2:2:2,2580,2580000,2581000,1.0,server_sent
fd00::202:2:2:2,2591,2591000,2592000,1.0,server_sent
fd00::202:2:2:2,2601,2601000,2602000,1.0,server_sent
fd00::202:2:2:2,2614,2614000,2615000,1.0,server_sent
fd00::202:2:2:2,2623,2623000,2624000,1.0,server_sent
fd00::202:2:2:2,2632,2632000,2633000,1.0,server_sent
fd00::202:2:2:2,2646,2646000,2647000,1.0,server_sent
fd00::202:2:2:2,2811,2811000,2812000,17.0,server_sent
fd00::202:2:2:2,2822,2822000,2823000,1.0,server_sent
fd00::202:2:2:2,2832,2832000,2833000,1.0,server_sent
fd00::202:2:2:2,2844,2844000,2845000,1.0,server_sent
fd00::202:2:2:2,2854,2854000,2855000,1.0,server_sent
fd00::202:2:2:2,2864,2864000,2865000,1.0,server_sent
fd00::202:2:2:2,2881,2881000,2882000,2.0,server_sent
fd00::202:2:2:2,2887,2887000,2888000,0.0,server_sent
fd00::202:2:2:2,2898,2898000,2899000,1.0,server_sent
fd00::202:2:2:2,2906,2906000,2907000,1.0,server_sent
fd00::202:2:2:2,2916,2916000,2917000,1.0,server_sent
fd00::202:2:2:2,2928,2928000,2929000,1.0,server_sent
fd00::202:2:2:2,2938,2938000,2939000,1.0,server_sent
fd00::202:2:2:2,2951,2951000,2952000,2.0,server_sent
fd00::202:2:2:2,2959,2959000,2960000,0.0,server_sent
fd00::202:2:2:2,2969,2969000,2970000,1.0,server_sent
fd00::202:2:2:2,2980,2980000,2981000,2.0,server_sent
fd00::202:2:2:2,2992,2992000,2993000,1.0,server_sent
fd00::202:2:2:2,3023,3023000,3024000,3.0,server_sent
fd00::202:2:2:2,3032,3032000,3033000,1.0,server_sent
fd00::202:2:2:2,3047,3047000,3048000,1.0,server_sent
fd00::202:2:2:2,3054,3054000,3055000,1.0,server_sent
fd00::202:2:2:2,3065,3065000,3066000,1.0,server_sent
fd00::202:2:2:2,3078,3078000,3079000,1.0,server_sent
fd00::202:2:2:2,3085,3085000,3086000,1.0,server_sent
fd00::202:2:2:2,3096,3096000,3097000,1.0,server_sent
fd00::202:2:2:2,3112,3112000,3113000,2.0,server_sent
fd00::202:2:2:2,3119,3119000,3120000,0.0,server_sent
fd00::202:2:2:2,3127,3127000,3128000,1.0,server_sent
fd00::202:2:2:2,3138,3138000,3139000,1.0,server_sent
fd00::202:2:2:2,3169,3169000,3170000,3.0,server_sent
fd00::202:2:2:2,3180,3180000,3181000,2.0,server_sent
fd00::202:2:2:2,3190,3190000,3191000,1.0,server_sent
fd00::202:2:2:2,3201,3201000,3202000,1.0,server_sent
fd00::202:2:2:2,3211,3211000,3212000,1.0,server_sent
fd00::202:2:2:2,3222,3222000,3223000,1.0,server_sent
fd00::202:2:2:2,3232,3232000,3233000,1.0,server_sent
fd00::202:2:2:2,3244,3244000,3245000,1.0,server_sent
fd00::202:2:2:2,3254,3254000,3255000,1.0,server_sent
fd00::202:2:2:2,3268,3268000,3269000,1.0,server_sent
fd00::202:2:2:2,3275,3275000,3276000,1.0,server_sent
fd00::202:2:2:2,3285,3285000,3286000,1.0,server_sent
fd00::202:2:2:2,3296,3296000,3297000,1.0,server_sent
fd00::202:2:2:2,3306,3306000,3307000,1.0,server_sent
fd00::202:2:2:2,3317,3317000,3318000,1.0,server_sent
fd00::202:2:2:2,3327,3327000,3328000,1.0,server_sent
fd00::202:2:2:2,3338,3338000,3339000,1.0,server_sent
fd00::202:2:2:2,3348,3348000,3349000,1.0,server_sent
fd00::202:2:2:2,3359,3359000,3360000,1.0,server_sent
fd00::202:2:2:2,3373,3373000,3374000,2.0,server_sent
fd00::202:2:2:2,3380,3380000,3381000,1.0,server_sent
fd00::202:2:2:2,3391,3391000,3392000,1.0,server_sent
fd00::202:2:2:2,3401,3401000,3402000,1.0,server_sent
fd00::202:2:2:2,3412,3412000,3413000,1.0,server_sent
fd00::202:2:2:2,3427,3427000,3428000,1.0,server_sent
fd00::202:2:2:2,3444,3444000,3445000,2.0,server_sent
fd00::202:2:2:2,3454,3454000,3455000,1.0,server_sent
fd00::202:2:2:2,3465,3465000,3466000,1.0,server_sent
fd00::202:2:2:2,3482,3482000,3483000,2.0,server_sent
fd00::202:2:2:2,3497,3497000,3498000,1.0,server_sent
fd00::202:2:2:2,3508,3508000,3509000,1.0,server_sent
fd00::202:2:2:2,3517,3517000,3518000,1.0,server_sent
fd00::202:2:2:2,3531,3531000,3532000,2.0,server_sent
fd00::202:2:2:2,3538,3538000,3539000,0.0,server_sent
fd00::202:2:2:2,3548,3548000,3549000,1.0,server_sent
fd00::202:2:2:2,3559,3559000,3560000,1.0,server_sent
fd00::202:2:2:2,3569,3569000,3570000,1.0,server_sent
fd00::202:2:2:2,3586,3586000,3587000,2.0,server_sent
fd00::202:2:2:2,3597,3597000,3598000,1.0,server_sent
fd00::203:3:3:3,159,159000,160000,0.0,server_sent
fd00::203:3:3:3,169,169000,170000,1.0,server_sent
fd00::203:3:3:3,184,184000,185000,2.0,server_sent
fd00::203:3:3:3,187,187000,188000,0.0,server_sent
fd00::203:3:3:3,199,199000,200000,1.0,server_sent
fd00::203:3:3:3,236,236000,237000,4.0,server_sent
fd00::203:3:3:3,258,258000,259000,2.0,server_sent
fd00::203:3:3:3,269,269000,270000,1.0,server_sent
fd00::203:3:3:3,270,270000,271000,1.0,server_sent
fd00::203:3:3:3,278,278000,279000,0.0,server_sent
fd00::203:3:3:3,529,529000,530000,25.0,server_sent
fd00::203:3:3:3,539,539000,540000,1.0,server_sent
fd00::203:3:3:3,547,547000,548000,1.0,server_sent
fd00::203:3:3:3,568,568000,569000,2.0,server_sent
fd00::203:3:3:3,577,577000,578000,1.0,server_sent
fd00::203:3:3:3,598,598000,599000,2.0,server_sent
fd00::203:3:3:3,615,615000,616000,2.0,server_sent
fd00::203:3:3:3,828,828000,829000,21.0,server_sent
fd00::203:3:3:3,835,835000,836000,1.0,server_sent
fd00::203:3:3:3,846,846000,847000,1.0,server_sent
fd00::203:3:3:3,857,857000,858000,1.0,server_sent
fd00::203:3:3:3,864,864000,865000,1.0,server_sent
fd00::203:3:3:3,886,886000,887000,2.0,server_sent
fd00::203:3:3:3,887,887000,888000,0.0,server_sent
fd00::203:3:3:3,897,897000,898000,1.0,server_sent
fd00::203:3:3:3,906,906000,907000,1.0,server_sent
fd00::203:3:3:3,918,918000,919000,1.0,server_sent
fd00::203:3:3:3,927,927000,928000,1.0,server_sent
fd00::203:3:3:3,936,936000,937000,1.0,server_sent
fd00::203:3:3:3,948,948000,949000,1.0,server_sent
fd00::203:3:3:3,955,955000,956000,1.0,server_sent
fd00::203:3:3:3,973,973000,974000,2.0,server_sent
fd00::203:3:3:3,3439,3439000,3440000,246.0,server_sent
fd00::203:3:3:3,3455,3455000,3456000,2.0,server_sent
fd00::203:3:3:3,3463,3463000,3464000,1.0,server_sent
fd00::203:3:3:3,3488,3488000,3489000,2.0,server_sent
fd00::203:3:3:3,3498,3498000,3499000,1.0,server_sent
fd00::203:3:3:3,3518,3518000,3519000,2.0,server_sent
fd00::203:3:3:3,3522,3522000,3523000,1.0,server_sent
fd00::203:3:3:3,3523,3523000,3524000,0.0,server_sent
fd00::203:3:3:3,3527,3527000,3528000,0.0,server_sent
fd00::203:3:3:3,3533,3533000,3534000,1.0,server_sent
fd00::203:3:3:3,3548,3548000,3549000,1.0,server_sent
fd00::203:3:3:3,3557,3557000,3558000,1.0,server_sent
fd00::203:3:3:3,3566,3566000,3567000,1.0,server_sent
fd00::203:3:3:3,3576,3576000,3577000,1.0,server_sent
fd00::203:3:3:3,3588,3588000,3589000,1.0,server_sent
fd00::203:3:3:3,3594,3594000,3595000,1.0,server_sent
fd00::204:4:4:4,127,127000,128000,0.0,server_sent
fd00::204:4:4:4,137,137000,138000,1.0,server_sent
fd00::204:4:4:4,149,149000,150000,1.0,server_sent
fd00::204:4:4:4,159,159000,160000,1.0,server_sent
fd00::204:4:4:4,169,169000,170000,1.0,server_sent
fd00::204:4:4:4,186,186000,187000,2.0,server_sent
fd00::204:4:4:4,193,193000,194000,1.0,server_sent
fd00::204:4:4:4,207,207000,208000,1.0,server_sent
fd00::204:4:4:4,218,218000,219000,1.0,server_sent
fd00::204:4:4:4,236,236000,237000,2.0,server_sent
fd00::204:4:4:4,262,262000,263000,3.0,server_sent
fd00::204:4:4:4,277,277000,278000,1.0,server_sent
fd00::204:4:4:4,337,337000,338000,6.0,server_sent
fd00::204:4:4:4,348,348000,349000,1.0,server_sent
fd00::204:4:4:4,359,359000,360000,1.0,server_sent
fd00::204:4:4:4,369,369000,370000,1.0,server_sent
fd00::204:4:4:4,384,384000,385000,2.0,server_sent
fd00::204:4:4:4,395,395000,396000,1.0,server_sent
fd00::204:4:4:4,403,403000,404000,1.0,server_sent
fd00::204:4:4:4,418,418000,419000,1.0,server_sent
fd00::204:4:4:4,424,424000,425000,1.0,server_sent
fd00::204:4:4:4,436,436000,437000,1.0,server_sent
fd00::204:4:4:4,446,446000,447000,1.0,server_sent
fd00::204:4:4:4,458,458000,459000,1.0,server_sent
fd00::204:4:4:4,467,467000,468000,1.0,server_sent
fd00::204:4:4:4,475,475000,476000,1.0,server_sent
fd00::204:4:4:4,485,485000,486000,1.0,server_sent
fd00::204:4:4:4,496,496000,497000,1.0,server_sent
fd00::204:4:4:4,517,517000,518000,2.0,server_sent
fd00::204:4:4:4,518,518000,519000,0.0,server_sent
fd00::204:4:4:4,529,529000,530000,1.0,server_sent
fd00::204:4:4:4,541,541000,542000,2.0,server_sent
fd00::204:4:4:4,561,561000,562000,2.0,server_sent
fd00::204:4:4:4,577,577000,578000,1.0,server_sent
fd00::204:4:4:4,588,588000,589000,1.0,server_sent
fd00::204:4:4:4,595,595000,596000,1.0,server_sent
fd00::204:4:4:4,615,615000,616000,2.0,server_sent
fd00::204:4:4:4,777,777000,778000,16.0,server_sent
fd00::204:4:4:4,787,787000,788000,1.0,server_sent
fd00::204:4:4:4,796,796000,797000,1.0,server_sent
fd00::204:4:4:4,808,808000,809000,1.0,server_sent
fd00::204:4:4:4,815,815000,816000,1.0,server_sent
fd00::204:4:4:4,828,828000,829000,1.0,server_sent
fd00::204:4:4:4,836,836000,837000,1.0,server_sent
fd00::204:4:4:4,848,848000,849000,1.0,server_sent
fd00::204:4:4:4,858,858000,859000,1.0,server_sent
fd00::204:4:4:4,865,865000,866000,1.0,server_sent
fd00::204:4:4:4,886,886000,887000,2.0,server_sent
fd00::204:4:4:4,888,888000,889000,0.0,server_sent
fd00::204:4:4:4,898,898000,899000,1.0,server_sent
fd00::204:4:4:4,907,907000,908000,1.0,server_sent
fd00::204:4:4:4,919,919000,920000,1.0,server_sent
fd00::204:4:4:4,929,929000,930000,1.0,server_sent
fd00::204:4:4:4,939,939000,940000,1.0,server_sent
fd00::204:4:4:4,952,952000,953000,2.0,server_sent
fd00::204:4:4:4,962,962000,963000,1.0,server_sent
fd00::204:4:4:4,985,985000,986000,2.0,server_sent
fd00::204:4:4:4,3425,3425000,3426000,244.0,server_sent
fd00::204:4:4:4,3438,3438000,3439000,1.0,server_sent
fd00::204:4:4:4,3447,3447000,3448000,1.0,server_sent
fd00::204:4:4:4,3457,3457000,3458000,1.0,server_sent
fd00::204:4:4:4,3465,3465000,3466000,1.0,server_sent
fd00::204:4:4:4,3489,3489000,3490000,2.0,server_sent
fd00::204:4:4:4,3499,3499000,3500000,1.0,server_sent
fd00::204:4:4:4,3518,3518000,3519000,2.0,server_sent
fd00::204:4:4:4,3521,3521000,3522000,1.0,server_sent
fd00::204:4:4:4,3532,3532000,3533000,1.0,server_sent
fd00::204:4:4:4,3541,3541000,3542000,1.0,server_sent
fd00::204:4:4:4,3548,3548000,3549000,0.0,server_sent
fd00::204:4:4:4,3557,3557000,3558000,1.0,server_sent
fd00::204:4:4:4,3568,3568000,3569000,1.0,server_sent
fd00::204:4:4:4,3578,3578000,3579000,1.0,server_sent
fd00::204:4:4:4,3589,3589000,3590000,1.0,server_sent
fd00::204:4:4:4,3599,3599000,3600000,1.0,server_sent
fd00::205:5:5:5,21,21000,22000,0.0,server_sent
fd00::205:5:5:5,32,32000,33000,1.0,server_sent
fd00::205:5:5:5,43,43000,44000,1.0,server_sent
fd00::205:5:5:5,54,54000,55000,1.0,server_sent
fd00::205:5:5:5,65,65000,66000,1.0,server_sent
fd00::205:5:5:5,75,75000,76000,1.0,server_sent
fd00::205:5:5:5,86,86000,87000,1.0,server_sent
fd00::205:5:5:5,97,97000,98000,1.0,server_sent
fd00::205:5:5:5,108,108000,109000,1.0,server_sent
fd00::205:5:5:5,119,119000,120000,1.0,server_sent
fd00::205:5:5:5,129,129000,130000,1.0,server_sent
fd00::205:5:5:5,147,147000,148000,2.0,server_sent
fd00::205:5:5:5,153,153000,154000,1.0,server_sent
fd00::205:5:5:5,167,167000,168000,1.0,server_sent
fd00::205:5:5:5,173,173000,174000,1.0,server_sent
fd00::205:5:5:5,187,187000,188000,1.0,server_sent
fd00::205:5:5:5,194,194000,195000,1.0,server_sent
fd00::205:5:5:5,210,210000,211000,2.0,server_sent
fd00::205:5:5:5,216,216000,217000,0.0,server_sent
fd00::205:5:5:5,228,228000,229000,1.0,server_sent
fd00::205:5:5:5,253,253000,254000,3.0,server_sent
fd00::205:5:5:5,259,259000,260000,0.0,server_sent
fd00::205:5:5:5,278,278000,279000,2.0,server_sent
fd00::205:5:5:5,288,288000,289000,1.0,server_sent
fd00::205:5:5:5,292,292000,293000,1.0,server_sent
fd00::205:5:5:5,304,304000,305000,1.0,server_sent
fd00::205:5:5:5,315,315000,316000,1.0,server_sent
fd00::205:5:5:5,324,324000,325000,1.0,server_sent
fd00::205:5:5:5,335,335000,336000,1.0,server_sent
fd00::205:5:5:5,345,345000,346000,1.0,server_sent
fd00::205:5:5:5,356,356000,357000,1.0,server_sent
fd00::205:5:5:5,367,367000,368000,1.0,server_sent
fd00::205:5:5:5,378,378000,379000,1.0,server_sent
fd00::205:5:5:5,389,389000,390000,1.0,server_sent
fd00::205:5:5:5,399,399000,400000,1.0,server_sent
fd00::205:5:5:5,412,412000,413000,2.0,server_sent
fd00::205:5:5:5,422,422000,423000,1.0,server_sent
fd00::205:5:5:5,435,435000,436000,1.0,server_sent
fd00::205:5:5:5,445,445000,446000,1.0,server_sent
fd00::205:5:5:5,453,453000,454000,1.0,server_sent
fd00::205:5:5:5,466,466000,467000,1.0,server_sent
fd00::205:5:5:5,475,475000,476000,1.0,server_sent
fd00::205:5:5:5,487,487000,488000,1.0,server_sent
fd00::205:5:5:5,496,496000,497000,1.0,server_sent
fd00::205:5:5:5,507,507000,508000,1.0,server_sent
fd00::205:5:5:5,519,519000,520000,1.0,server_sent
fd00::205:5:5:5,529,529000,530000,1.0,server_sent
fd00::205:5:5:5,542,542000,543000,2.0,server_sent
fd00::205:5:5:5,551,551000,552000,1.0,server_sent
fd00::205:5:5:5,562,562000,563000,1.0,server_sent
fd00::205:5:5:5,573,573000,574000,1.0,server_sent
fd00::205:5:5:5,588,588000,589000,1.0,server_sent
fd00::205:5:5:5,597,597000,598000,1.0,server_sent
fd00::205:5:5:5,615,615000,616000,2.0,server_sent
fd00::205:5:5:5,745,745000,746000,13.0,server_sent
fd00::205:5:5:5,755,755000,756000,1.0,server_sent
fd00::205:5:5:5,766,766000,767000,1.0,server_sent
fd00::205:5:5:5,777,777000,778000,1.0,server_sent
fd00::205:5:5:5,788,788000,789000,1.0,server_sent
fd00::205:5:5:5,798,798000,799000,1.0,server_sent
fd00::205:5:5:5,815,815000,816000,2.0,server_sent
fd00::205:5:5:5,820,820000,821000,1.0,server_sent
fd00::205:5:5:5,831,831000,832000,1.0,server_sent
fd00::205:5:5:5,843,843000,844000,1.0,server_sent
fd00::205:5:5:5,853,853000,854000,1.0,server_sent
fd00::205:5:5:5,863,863000,864000,1.0,server_sent
fd00::205:5:5:5,874,874000,875000,1.0,server_sent
fd00::205:5:5:5,885,885000,886000,1.0,server_sent
fd00::205:5:5:5,896,896000,897000,1.0,server_sent
fd00::205:5:5:5,906,906000,907000,1.0,server_sent
fd00::205:5:5:5,918,918000,919000,1.0,server_sent
fd00::205:5:5:5,928,928000,929000,1.0,server_sent
fd00::205:5:5:5,939,939000,940000,1.0,server_sent
fd00::205:5:5:5,952,952000,953000,2.0,server_sent
fd00::205:5:5:5,961,961000,962000,1.0,server_sent
fd00::205:5:5:5,985,985000,986000,2.0,server_sent
fd00::205:5:5:5,3367,3367000,3368000,238.0,server_sent
fd00::205:5:5:5,3379,3379000,3380000,1.0,server_sent
fd00::205:5:5:5,3389,3389000,3390000,1.0,server_sent
fd00::205:5:5:5,3399,3399000,3400000,1.0,server_sent
fd00::205:5:5:5,3416,3416000,3417000,2.0,server_sent
fd00::205:5:5:5,3424,3424000,3425000,1.0,server_sent
fd00::205:5:5:5,3435,3435000,3436000,1.0,server_sent
fd00::205:5:5:5,3443,3443000,3444000,1.0,server_sent
fd00::205:5:5:5,3455,3455000,3456000,1.0,server_sent
fd00::205:5:5:5,3465,3465000,3466000,1.0,server_sent
fd00::205:5:5:5,3475,3475000,3476000,1.0,server_sent
fd00::205:5:5:5,3489,3489000,3490000,1.0,server_sent
fd00::205:5:5:5,3498,3498000,3499000,1.0,server_sent
fd00::205:5:5:5,3518,3518000,3519000,2.0,server_sent
fd00::205:5:5:5,3524,3524000,3525000,1.0,server_sent
fd00::205:5:5:5,3532,3532000,3533000,1.0,server_sent
fd00::205:5:5:5,3543,3543000,3544000,1.0,server_sent
fd00::205:5:5:5,3550,3550000,3551000,1.0,server_sent
fd00::205:5:5:5,3566,3566000,3567000,1.0,server_sent
fd00::205:5:5:5,3574,3574000,3575000,1.0,server_sent
fd00::205:5:5:5,3585,3585000,3586000,1.0,server_sent
fd00::205:5:5:5,3594,3594000,3595000,1.0,server_sent
fd00::206:6:6:6,43,43000,44000,0.0,server_sent
fd00::206:6:6:6,54,54000,55000,1.0,server_sent
fd00::206:6:6:6,65,65000,66000,1.0,server_sent
fd00::206:6:6:6,76,76000,77000,1.0,server_sent
fd00::206:6:6:6,87,87000,88000,1.0,server_sent
fd00::206:6:6:6,98,98000,99000,1.0,server_sent
fd00::206:6:6:6,109,109000,110000,1.0,server_sent
fd00::206:6:6:6,122,122000,123000,2.0,server_sent
fd00::206:6:6:6,133,133000,134000,1.0,server_sent
fd00::206:6:6:6,142,142000,143000,1.0,server_sent
fd00::206:6:6:6,158,158000,159000,1.0,server_sent
fd00::206:6:6:6,163,163000,164000,1.0,server_sent
fd00::206:6:6:6,178,178000,179000,1.0,server_sent
fd00::206:6:6:6,185,185000,186000,1.0,server_sent
fd00::206:6:6:6,196,196000,197000,1.0,server_sent
fd00::206:6:6:6,209,209000,210000,1.0,server_sent
fd00::206:6:6:6,218,218000,219000,1.0,server_sent
fd00::206:6:6:6,229,229000,230000,1.0,server_sent
fd00::206:6:6:6,240,240000,241000,2.0,server_sent
fd00::206:6:6:6,255,255000,256000,1.0,server_sent
fd00::206:6:6:6,262,262000,263000,1.0,server_sent
fd00::206:6:6:6,273,273000,274000,1.0,server_sent
fd00::206:6:6:6,284,284000,285000,1.0,server_sent
fd00::206:6:6:6,295,295000,296000,1.0,server_sent
fd00::206:6:6:6,305,305000,306000,1.0,server_sent
fd00::206:6:6:6,316,316000,317000,1.0,server_sent
fd00::206:6:6:6,327,327000,328000,1.0,server_sent
fd00::206:6:6:6,338,338000,339000,1.0,server_sent
fd00::206:6:6:6,349,349000,350000,1.0,server_sent
fd00::206:6:6:6,360,360000,361000,2.0,server_sent
fd00::206:6:6:6,371,371000,372000,1.0,server_sent
fd00::206:6:6:6,383,383000,384000,1.0,server_sent
fd00::206:6:6:6,393,393000,394000,1.0,server_sent
fd00::206:6:6:6,404,404000,405000,1.0,server_sent
fd00::206:6:6:6,415,415000,416000,1.0,server_sent
fd00::206:6:6:6,426,426000,427000,1.0,server_sent
fd00::206:6:6:6,437,437000,438000,1.0,server_sent
fd00::206:6:6:6,448,448000,449000,1.0,server_sent
fd00::206:6:6:6,458,458000,459000,1.0,server_sent
fd00::206:6:6:6,469,469000,470000,1.0,server_sent
fd00::206:6:6:6,483,483000,484000,2.0,server_sent
fd00::206:6:6:6,492,492000,493000,1.0,server_sent
fd00::206:6:6:6,505,505000,506000,1.0,server_sent
fd00::206:6:6:6,524,524000,525000,2.0,server_sent
fd00::206:6:6:6,537,537000,538000,1.0,server_sent
fd00::206:6:6:6,546,546000,547000,1.0,server_sent
fd00::206:6:6:6,563,563000,564000,2.0,server_sent
fd00::206:6:6:6,568,568000,569000,0.0,server_sent
fd00::206:6:6:6,584,584000,585000,2.0,server_sent
fd00::206:6:6:6,595,595000,596000,1.0,server_sent
fd00::206:6:6:6,601,601000,602000,1.0,server_sent
fd00::206:6:6:6,617,617000,618000,1.0,server_sent
fd00::206:6:6:6,627,627000,628000,1.0,server_sent
fd00::206:6:6:6,634,634000,635000,1.0,server_sent
fd00::206:6:6:6,647,647000,648000,1.0,server_sent
fd00::206:6:6:6,666,666000,667000,2.0,server_sent
fd00::206:6:6:6,677,677000,678000,1.0,server_sent
fd00::206:6:6:6,688,688000,689000,1.0,server_sent
fd00::206:6:6:6,699,699000,700000,1.0,server_sent
fd00::206:6:6:6,1002,1002000,1003000,31.0,server_sent
fd00::206:6:6:6,1104,1104000,1105000,10.0,server_sent
fd00::206:6:6:6,1409,1409000,1410000,30.0,server_sent
fd00::206:6:6:6,1420,1420000,1421000,2.0,server_sent
fd00::206:6:6:6,1434,1434000,1435000,1.0,server_sent
fd00::206:6:6:6,1444,1444000,1445000,1.0,server_sent
fd00::206:6:6:6,1454,1454000,1455000,1.0,server_sent
fd00::206:6:6:6,1464,1464000,1465000,1.0,server_sent
fd00::206:6:6:6,1475,1475000,1476000,1.0,server_sent
fd00::206:6:6:6,1487,1487000,1488000,1.0,server_sent
fd00::206:6:6:6,1497,1497000,1498000,1.0,server_sent
fd00::206:6:6:6,1508,1508000,1509000,1.0,server_sent
fd00::206:6:6:6,1519,1519000,1520000,1.0,server_sent
fd00::206:6:6:6,1530,1530000,1531000,2.0,server_sent
fd00::206:6:6:6,1540,1540000,1541000,1.0,server_sent
fd00::206:6:6:6,1553,1553000,1554000,1.0,server_sent
fd00::206:6:6:6,1563,1563000,1564000,1.0,server_sent
fd00::206:6:6:6,1574,1574000,1575000,1.0,server_sent
fd00::206:6:6:6,1584,1584000,1585000,1.0,server_sent
fd00::206:6:6:6,1598,1598000,1599000,1.0,server_sent
fd00::206:6:6:6,1607,1607000,1608000,1.0,server_sent
fd00::206:6:6:6,1617,1617000,1618000,1.0,server_sent
fd00::206:6:6:6,1628,1628000,1629000,1.0,server_sent
fd00::206:6:6:6,1640,1640000,1641000,2.0,server_sent
fd00::206:6:6:6,1664,1664000,1665000,2.0,server_sent
fd00::206:6:6:6,1674,1674000,1675000,1.0,server_sent
fd00::206:6:6:6,1683,1683000,1684000,1.0,server_sent
fd00::206:6:6:6,1694,1694000,1695000,1.0,server_sent
fd00::206:6:6:6,1704,1704000,1705000,1.0,server_sent
fd00::206:6:6:6,1717,1717000,1718000,1.0,server_sent
fd00::206:6:6:6,1726,1726000,1727000,1.0,server_sent
fd00::206:6:6:6,1737,1737000,1738000,1.0,server_sent
fd00::206:6:6:6,1748,1748000,1749000,1.0,server_sent
fd00::206:6:6:6,1759,1759000,1760000,1.0,server_sent
fd00::206:6:6:6,1782,1782000,1783000,3.0,server_sent
fd00::206:6:6:6,1784,1784000,1785000,0.0,server_sent
fd00::206:6:6:6,1799,1799000,1800000,1.0,server_sent
fd00::206:6:6:6,1804,1804000,1805000,1.0,server_sent
fd00::206:6:6:6,1817,1817000,1818000,1.0,server_sent
fd00::206:6:6:6,1829,1829000,1830000,1.0,server_sent
fd00::206:6:6:6,1836,1836000,1837000,1.0,server_sent
fd00::206:6:6:6,1848,1848000,1849000,1.0,server_sent
fd00::206:6:6:6,1858,1858000,1859000,1.0,server_sent
fd00::206:6:6:6,1869,1869000,1870000,1.0,server_sent
fd00::206:6:6:6,1879,1879000,1880000,1.0,server_sent
fd00::206:6:6:6,1897,1897000,1898000,2.0,server_sent
fd00::206:6:6:6,1904,1904000,1905000,1.0,server_sent
fd00::206:6:6:6,1912,1912000,1913000,1.0,server_sent
fd00::206:6:6:6,1923,1923000,1924000,1.0,server_sent
fd00::206:6:6:6,1934,1934000,1935000,1.0,server_sent
fd00::206:6:6:6,1959,1959000,1960000,2.0,server_sent
fd00::206:6:6:6,1967,1967000,1968000,1.0,server_sent
fd00::206:6:6:6,2035,2035000,2036000,7.0,server_sent
fd00::206:6:6:6,2047,2047000,2048000,1.0,server_sent
fd00::206:6:6:6,2056,2056000,2057000,1.0,server_sent
fd00::206:6:6:6,2065,2065000,2066000,1.0,server_sent
fd00::206:6:6:6,2078,2078000,2079000,1.0,server_sent
fd00::206:6:6:6,2087,2087000,2088000,1.0,server_sent
fd00::206:6:6:6,2098,2098000,2099000,1.0,server_sent
fd00::206:6:6:6,2109,2109000,2110000,1.0,server_sent
fd00::206:6:6:6,2130,2130000,2131000,3.0,server_sent
fd00::206:6:6:6,2153,2153000,2154000,2.0,server_sent
fd00::206:6:6:6,2166,2166000,2167000,1.0,server_sent
fd00::206:6:6:6,2175,2175000,2176000,1.0,server_sent
fd00::206:6:6:6,2186,2186000,2187000,1.0,server_sent
fd00::206:6:6:6,2196,2196000,2197000,1.0,server_sent
fd00::206:6:6:6,2207,2207000,2208000,1.0,server_sent
fd00::206:6:6:6,2218,2218000,2219000,1.0,server_sent
fd00::206:6:6:6,2349,2349000,2350000,13.0,server_sent
fd00::206:6:6:6,2365,2365000,2366000,2.0,server_sent
fd00::206:6:6:6,2376,2376000,2377000,1.0,server_sent
fd00::206:6:6:6,2385,2385000,2386000,1.0,server_sent
fd00::206:6:6:6,2396,2396000,2397000,1.0,server_sent
fd00::206:6:6:6,2408,2408000,2409000,1.0,server_sent
fd00::206:6:6:6,2416,2416000,2417000,1.0,server_sent
fd00::206:6:6:6,2426,2426000,2427000,1.0,server_sent
fd00::206:6:6:6,2437,2437000,2438000,1.0,server_sent
fd00::206:6:6:6,2448,2448000,2449000,1.0,server_sent
fd00::206:6:6:6,2459,2459000,2460000,1.0,server_sent
fd00::206:6:6:6,2471,2471000,2472000,2.0,server_sent
fd00::206:6:6:6,2492,2492000,2493000,2.0,server_sent
fd00::206:6:6:6,2493,2493000,2494000,0.0,server_sent
fd00::206:6:6:6,2504,2504000,2505000,1.0,server_sent
fd00::206:6:6:6,2518,2518000,2519000,1.0,server_sent
fd00::206:6:6:6,2525,2525000,2526000,1.0,server_sent
fd00::206:6:6:6,2535,2535000,2536000,1.0,server_sent
fd00::206:6:6:6,2549,2549000,2550000,1.0,server_sent
fd00::206:6:6:6,2558,2558000,2559000,1.0,server_sent
fd00::206:6:6:6,2568,2568000,2569000,1.0,server_sent
fd00::206:6:6:6,2579,2579000,2580000,1.0,server_sent
fd00::206:6:6:6,2591,2591000,2592000,2.0,server_sent
fd00::206:6:6:6,2602,2602000,2603000,1.0,server_sent
fd00::206:6:6:6,2614,2614000,2615000,1.0,server_sent
fd00::206:6:6:6,2623,2623000,2624000,1.0,server_sent
fd00::206:6:6:6,2634,2634000,2635000,1.0,server_sent
fd00::206:6:6:6,2665,2665000,2666000,3.0,server_sent
fd00::206:6:6:6,2666,2666000,2667000,0.0,server_sent
fd00::206:6:6:6,2808,2808000,2809000,14.0,server_sent
fd00::206:6:6:6,2819,2819000,2820000,1.0,server_sent
fd00::206:6:6:6,2831,2831000,2832000,2.0,server_sent
fd00::206:6:6:6,2844,2844000,2845000,1.0,server_sent
fd00::206:6:6:6,2854,2854000,2855000,1.0,server_sent
fd00::206:6:6:6,2864,2864000,2865000,1.0,server_sent
fd00::206:6:6:6,2874,2874000,2875000,1.0,server_sent
fd00::206:6:6:6,2887,2887000,2888000,1.0,server_sent
fd00::206:6:6:6,2898,2898000,2899000,1.0,server_sent
fd00::206:6:6:6,2909,2909000,2910000,1.0,server_sent
fd00::206:6:6:6,2918,2918000,2919000,1.0,server_sent
fd00::206:6:6:6,2928,2928000,2929000,1.0,server_sent
fd00::206:6:6:6,2939,2939000,2940000,1.0,server_sent
fd00::206:6:6:6,2952,2952000,2953000,2.0,server_sent
fd00::206:6:6:6,2962,2962000,2963000,1.0,server_sent
fd00::206:6:6:6,2972,2972000,2973000,1.0,server_sent
fd00::206:6:6:6,2984,2984000,2985000,1.0,server_sent
fd00::206:6:6:6,3013,3013000,3014000,3.0,server_sent
fd00::206:6:6:6,3016,3016000,3017000,0.0,server_sent
fd00::206:6:6:6,3027,3027000,3028000,1.0,server_sent
fd00::206:6:6:6,3038,3038000,3039000,1.0,server_sent
fd00::206:6:6:6,3049,3049000,3050000,1.0,server_sent
fd00::206:6:6:6,3060,3060000,3061000,2.0,server_sent
fd00::206:6:6:6,3077,3077000,3078000,1.0,server_sent
fd00::206:6:6:6,3083,3083000,3084000,1.0,server_sent
fd00::206:6:6:6,3096,3096000,3097000,1.0,server_sent
fd00::206:6:6:6,3109,3109000,3110000,1.0,server_sent
fd00::206:6:6:6,3114,3114000,3115000,1.0,server_sent
fd00::206:6:6:6,3125,3125000,3126000,1.0,server_sent
fd00::206:6:6:6,3138,3138000,3139000,1.0,server_sent
fd00::206:6:6:6,3159,3159000,3160000,2.0,server_sent
fd00::206:6:6:6,3169,3169000,3170000,1.0,server_sent
fd00::206:6:6:6,3180,3180000,3181000,2.0,server_sent
fd00::206:6:6:6,3195,3195000,3196000,1.0,server_sent
fd00::206:6:6:6,3202,3202000,3203000,1.0,server_sent
fd00::206:6:6:6,3214,3214000,3215000,1.0,server_sent
fd00::206:6:6:6,3223,3223000,3224000,1.0,server_sent
fd00::206:6:6:6,3236,3236000,3237000,1.0,server_sent
fd00::206:6:6:6,3245,3245000,3246000,1.0,server_sent
fd00::206:6:6:6,3256,3256000,3257000,1.0,server_sent
fd00::206:6:6:6,3268,3268000,3269000,1.0,server_sent
fd00::206:6:6:6,3278,3278000,3279000,1.0,server_sent
fd00::206:6:6:6,3289,3289000,3290000,1.0,server_sent
fd00::206:6:6:6,3301,3301000,3302000,2.0,server_sent
fd00::206:6:6:6,3312,3312000,3313000,1.0,server_sent
fd00::206:6:6:6,3322,3322000,3323000,1.0,server_sent
fd00::206:6:6:6,3335,3335000,3336000,1.0,server_sent
fd00::206:6:6:6,3344,3344000,3345000,1.0,server_sent
fd00::206:6:6:6,3355,3355000,3356000,1.0,server_sent
fd00::206:6:6:6,3366,3366000,3367000,1.0,server_sent
fd00::206:6:6:6,3377,3377000,3378000,1.0,server_sent
fd00::206:6:6:6,3388,3388000,3389000,1.0,server_sent
fd00::206:6:6:6,3399,3399000,3400000,1.0,server_sent
fd00::206:6:6:6,3412,3412000,3413000,2.0,server_sent
fd00::206:6:6:6,3427,3427000,3428000,1.0,server_sent
fd00::206:6:6:6,3444,3444000,3445000,2.0,server_sent
fd00::206:6:6:6,3453,3453000,3454000,1.0,server_sent
fd00::206:6:6:6,3465,3465000,3466000,1.0,server_sent
fd00::206:6:6:6,3482,3482000,3483000,2.0,server_sent
fd00::206:6:6:6,3486,3486000,3487000,0.0,server_sent
fd00::206:6:6:6,3498,3498000,3499000,1.0,server_sent
fd00::206:6:6:6,3508,3508000,3509000,1.0,server_sent
fd00::206:6:6:6,3519,3519000,3520000,1.0,server_sent
fd00::206:6:6:6,3531,3531000,3532000,2.0,server_sent
fd00::206:6:6:6,3543,3543000,3544000,1.0,server_sent
fd00::206:6:6:6,3552,3552000,3553000,1.0,server_sent
fd00::206:6:6:6,3563,3563000,3564000,1.0,server_sent
fd00::206:6:6:6,3573,3573000,3574000,1.0,server_sent
fd00::206:6:6:6,3586,3586000,3587000,1.0,server_sent
fd00::206:6:6:6,3597,3597000,3598000,1.0,server_sent
fd00::207:7:7:7,84,84000,85000,0.0,server_sent
fd00::207:7:7:7,94,94000,95000,1.0,server_sent
fd00::207:7:7:7,104,104000,105000,1.0,server_sent
fd00::207:7:7:7,115,115000,116000,1.0,server_sent
fd00::207:7:7:7,125,125000,126000,1.0,server_sent
fd00::207:7:7:7,136,136000,137000,1.0,server_sent
fd00::207:7:7:7,147,147000,148000,1.0,server_sent
fd00::207:7:7:7,159,159000,160000,1.0,server_sent
fd00::207:7:7:7,168,168000,169000,1.0,server_sent
fd00::207:7:7:7,182,182000,183000,2.0,server_sent
fd00::207:7:7:7,195,195000,196000,1.0,server_sent
fd00::207:7:7:7,206,206000,207000,1.0,server_sent
fd00::207:7:7:7,216,216000,217000,1.0,server_sent
fd00::207:7:7:7,1425,1425000,1426000,121.0,server_sent
fd00::207:7:7:7,1435,1435000,1436000,1.0,server_sent
fd00::207:7:7:7,1454,1454000,1455000,2.0,server_sent
fd00::207:7:7:7,1460,1460000,1461000,1.0,server_sent
fd00::207:7:7:7,1468,1468000,1469000,0.0,server_sent
fd00::207:7:7:7,1485,1485000,1486000,2.0,server_sent
fd00::207:7:7:7,1488,1488000,1489000,0.0,server_sent
fd00::207:7:7:7,1504,1504000,1505000,2.0,server_sent
fd00::207:7:7:7,1524,1524000,1525000,2.0,server_sent
fd00::207:7:7:7,1707,1707000,1708000,18.0,server_sent
fd00::207:7:7:7,1722,1722000,1723000,2.0,server_sent
fd00::207:7:7:7,1728,1728000,1729000,0.0,server_sent
fd00::207:7:7:7,1739,1739000,1740000,1.0,server_sent
fd00::207:7:7:7,1749,1749000,1750000,1.0,server_sent
fd00::207:7:7:7,1763,1763000,1764000,2.0,server_sent
fd00::207:7:7:7,1783,1783000,1784000,2.0,server_sent
fd00::207:7:7:7,1799,1799000,1800000,1.0,server_sent
fd00::207:7:7:7,1804,1804000,1805000,1.0,server_sent
fd00::207:7:7:7,1816,1816000,1817000,1.0,server_sent
fd00::207:7:7:7,1829,1829000,1830000,1.0,server_sent
fd00::207:7:7:7,1846,1846000,1847000,2.0,server_sent
fd00::207:7:7:7,1848,1848000,1849000,0.0,server_sent
fd00::207:7:7:7,1862,1862000,1863000,2.0,server_sent
fd00::207:7:7:7,1876,1876000,1877000,1.0,server_sent
fd00::207:7:7:7,1879,1879000,1880000,0.0,server_sent
fd00::207:7:7:7,1887,1887000,1888000,1.0,server_sent
fd00::207:7:7:7,1898,1898000,1899000,1.0,server_sent
fd00::207:7:7:7,1916,1916000,1917000,2.0,server_sent
fd00::207:7:7:7,1947,1947000,1948000,3.0,server_sent
fd00::207:7:7:7,1956,1956000,1957000,1.0,server_sent
fd00::207:7:7:7,1959,1959000,1960000,0.0,server_sent
fd00::207:7:7:7,2046,2046000,2047000,9.0,server_sent
fd00::207:7:7:7,2056,2056000,2057000,1.0,server_sent
fd00::207:7:7:7,2064,2064000,2065000,1.0,server_sent
fd00::207:7:7:7,2077,2077000,2078000,1.0,server_sent
fd00::207:7:7:7,2086,2086000,2087000,1.0,server_sent
fd00::207:7:7:7,2098,2098000,2099000,1.0,server_sent
fd00::207:7:7:7,2109,2109000,2110000,1.0,server_sent
fd00::207:7:7:7,2129,2129000,2130000,2.0,server_sent
fd00::207:7:7:7,2139,2139000,2140000,1.0,server_sent
fd00::207:7:7:7,2148,2148000,2149000,1.0,server_sent
fd00::208:8:8:8,115,115000,116000,0.0,server_sent
fd00::208:8:8:8,126,126000,127000,1.0,server_sent
fd00::208:8:8:8,136,136000,137000,1.0,server_sent
fd00::208:8:8:8,146,146000,147000,1.0,server_sent
fd00::208:8:8:8,159,159000,160000,1.0,server_sent
fd00::208:8:8:8,167,167000,168000,1.0,server_sent
fd00::208:8:8:8,182,182000,183000,2.0,server_sent
fd00::208:8:8:8,206,206000,207000,2.0,server_sent
fd00::208:8:8:8,216,216000,217000,1.0,server_sent
fd00::208:8:8:8,1759,1759000,1760000,154.0,server_sent
fd00::208:8:8:8,1763,1763000,1764000,1.0,server_sent
fd00::208:8:8:8,1783,1783000,1784000,2.0,server_sent
fd00::208:8:8:8,1789,1789000,1790000,0.0,server_sent
fd00::208:8:8:8,1799,1799000,1800000,1.0,server_sent
fd00::208:8:8:8,1804,1804000,1805000,1.0,server_sent
fd00::208:8:8:8,1817,1817000,1818000,1.0,server_sent
fd00::208:8:8:8,1830,1830000,1831000,2.0,server_sent
fd00::208:8:8:8,1847,1847000,1848000,1.0,server_sent
fd00::208:8:8:8,1848,1848000,1849000,0.0,server_sent
fd00::208:8:8:8,1867,1867000,1868000,2.0,server_sent
fd00::208:8:8:8,1876,1876000,1877000,1.0,server_sent
fd00::208:8:8:8,1884,1884000,1885000,1.0,server_sent
fd00::208:8:8:8,1888,1888000,1889000,0.0,server_sent
fd00::208:8:8:8,1898,1898000,1899000,1.0,server_sent
fd00::208:8:8:8,1922,1922000,1923000,3.0,server_sent
fd00::208:8:8:8,1948,1948000,1949000,2.0,server_sent
fd00::208:8:8:8,1956,1956000,1957000,1.0,server_sent
fd00::208:8:8:8,1963,1963000,1964000,1.0,server_sent
fd00::208:8:8:8,2062,2062000,2063000,10.0,server_sent
fd00::208:8:8:8,2065,2065000,2066000,0.0,server_sent
fd00::208:8:8:8,2077,2077000,2078000,1.0,server_sent
fd00::208:8:8:8,2099,2099000,2100000,2.0,server_sent
fd00::208:8:8:8,2108,2108000,2109000,1.0,server_sent
fd00::208:8:8:8,2127,2127000,2128000,2.0,server_sent
fd00::208:8:8:8,2136,2136000,2137000,1.0,server_sent
fd00::208:8:8:8,2169,2169000,2170000,3.0,server_sent
fd00::208:8:8:8,2175,2175000,2176000,1.0,server_sent
fd00::209:9:9:9,1783,1783000,1784000,0.0,server_sent
fd00::209:9:9:9,1792,1792000,1793000,1.0,server_sent
fd00::209:9:9:9,1799,1799000,1800000,0.0,server_sent
fd00::209:9:9:9,1816,1816000,1817000,2.0,server_sent
fd00::209:9:9:9,1818,1818000,1819000,0.0,server_sent
fd00::209:9:9:9,1845,1845000,1846000,3.0,server_sent
fd00::209:9:9:9,1848,1848000,1849000,0.0,server_sent
fd00::209:9:9:9,1875,1875000,1876000,3.0,server_sent
fd00::209:9:9:9,1878,1878000,1879000,0.0,server_sent
fd00::209:9:9:9,1884,1884000,1885000,1.0,server_sent
fd00::209:9:9:9,1898,1898000,1899000,1.0,server_sent
fd00::209:9:9:9,1911,1911000,1912000,2.0,server_sent
fd00::209:9:9:9,1934,1934000,1935000,2.0,server_sent
fd00::209:9:9:9,1955,1955000,1956000,2.0,server_sent
fd00::209:9:9:9,1962,1962000,1963000,1.0,server_sent
fd00::209:9:9:9,2066,2066000,2067000,10.0,server_sent
fd00::209:9:9:9,2077,2077000,2078000,1.0,server_sent
fd00::209:9:9:9,2106,2106000,2107000,3.0,server_sent
fd00::209:9:9:9,2127,2127000,2128000,2.0,server_sent
fd00::209:9:9:9,2130,2130000,2131000,1.0,server_sent
fd00::209:9:9:9,2158,2158000,2159000,2.0,server_sent
fd00::20a:a:a:a,133,133000,134000,0.0,server_sent
fd00::20a:a:a:a,144,144000,145000,1.0,server_sent
fd00::20a:a:a:a,158,158000,159000,1.0,server_sent
fd00::20a:a:a:a,164,164000,165000,1.0,server_sent
fd00::20a:a:a:a,178,178000,179000,1.0,server_sent
fd00::20a:a:a:a,188,188000,189000,1.0,server_sent
fd00::20a:a:a:a,204,204000,205000,2.0,server_sent
fd00::20a:a:a:a,209,209000,210000,0.0,server_sent
fd00::20a:a:a:a,1734,1734000,1735000,153.0,server_sent
fd00::20a:a:a:a,1743,1743000,1744000,1.0,server_sent
fd00::20a:a:a:a,1759,1759000,1760000,1.0,server_sent
fd00::20a:a:a:a,1764,1764000,1765000,1.0,server_sent
fd00::20a:a:a:a,1783,1783000,1784000,2.0,server_sent
fd00::20a:a:a:a,1788,1788000,1789000,0.0,server_sent
fd00::20a:a:a:a,1799,1799000,1800000,1.0,server_sent
fd00::20a:a:a:a,1804,1804000,1805000,1.0,server_sent
fd00::20a:a:a:a,1816,1816000,1817000,1.0,server_sent
fd00::20a:a:a:a,1829,1829000,1830000,1.0,server_sent
fd00::20a:a:a:a,1847,1847000,1848000,2.0,server_sent
fd00::20a:a:a:a,1848,1848000,1849000,0.0,server_sent
fd00::20a:a:a:a,1862,1862000,1863000,2.0,server_sent
fd00::20a:a:a:a,1876,1876000,1877000,1.0,server_sent
fd00::20a:a:a:a,1879,1879000,1880000,0.0,server_sent
fd00::20a:a:a:a,1887,1887000,1888000,1.0,server_sent
fd00::20a:a:a:a,1898,1898000,1899000,1.0,server_sent
fd00::20a:a:a:a,1916,1916000,1917000,2.0,server_sent
fd00::20a:a:a:a,1955,1955000,1956000,4.0,server_sent
fd00::20a:a:a:a,1958,1958000,1959000,0.0,server_sent
fd00::20a:a:a:a,1967,1967000,1968000,1.0,server_sent
fd00::20a:a:a:a,2062,2062000,2063000,10.0,server_sent
fd00::20a:a:a:a,2069,2069000,2070000,0.0,server_sent
fd00::20a:a:a:a,2078,2078000,2079000,1.0,server_sent
fd00::20a:a:a:a,2088,2088000,2089000,1.0,server_sent
fd00::20a:a:a:a,2128,2128000,2129000,4.0,server_sent
fd00::20a:a:a:a,2136,2136000,2137000,1.0,server_sent
fd00::20a:a:a:a,2144,2144000,2145000,1.0,server_sent
fd00::20b:b:b:b,60,60000,61000,0.0,server_sent
fd00::20b:b:b:b,71,71000,72000,1.0,server_sent
fd00::20b:b:b:b,81,81000,82000,1.0,server_sent
fd00::20b:b:b:b,92,92000,93000,1.0,server_sent
fd00::20b:b:b:b,102,102000,103000,1.0,server_sent
fd00::20b:b:b:b,111,111000,112000,1.0,server_sent
fd00::20b:b:b:b,123,123000,124000,1.0,server_sent
fd00::20b:b:b:b,132,132000,133000,1.0,server_sent
fd00::20b:b:b:b,145,145000,146000,1.0,server_sent
fd00::20b:b:b:b,157,157000,158000,1.0,server_sent
fd00::20b:b:b:b,163,163000,164000,1.0,server_sent
fd00::20b:b:b:b,173,173000,174000,1.0,server_sent
fd00::20b:b:b:b,182,182000,183000,1.0,server_sent
fd00::20b:b:b:b,193,193000,194000,1.0,server_sent
fd00::20b:b:b:b,211,211000,212000,2.0,server_sent
fd00::20b:b:b:b,219,219000,220000,0.0,server_sent
fd00::20b:b:b:b,222,222000,223000,1.0,server_sent
fd00::20b:b:b:b,236,236000,237000,1.0,server_sent
fd00::20b:b:b:b,248,248000,249000,1.0,server_sent
fd00::20b:b:b:b,257,257000,258000,1.0,server_sent
fd00::20b:b:b:b,268,268000,269000,1.0,server_sent
fd00::20b:b:b:b,285,285000,286000,2.0,server_sent
fd00::20b:b:b:b,303,303000,304000,2.0,server_sent
fd00::20b:b:b:b,546,546000,547000,24.0,server_sent
fd00::20b:b:b:b,563,563000,564000,2.0,server_sent
fd00::20b:b:b:b,567,567000,568000,0.0,server_sent
fd00::20b:b:b:b,577,577000,578000,1.0,server_sent
fd00::20b:b:b:b,589,589000,590000,1.0,server_sent
fd00::20b:b:b:b,599,599000,600000,1.0,server_sent
fd00::20b:b:b:b,608,608000,609000,1.0,server_sent
fd00::20b:b:b:b,617,617000,618000,1.0,server_sent
fd00::20b:b:b:b,628,628000,629000,1.0,server_sent
fd00::20b:b:b:b,638,638000,639000,1.0,server_sent
fd00::20b:b:b:b,648,648000,649000,1.0,server_sent
fd00::20b:b:b:b,658,658000,659000,1.0,server_sent
fd00::20b:b:b:b,668,668000,669000,1.0,server_sent
fd00::20b:b:b:b,678,678000,679000,1.0,server_sent
fd00::20b:b:b:b,688,688000,689000,1.0,server_sent
fd00::20b:b:b:b,698,698000,699000,1.0,server_sent
fd00::20b:b:b:b,708,708000,709000,1.0,server_sent
fd00::20b:b:b:b,718,718000,719000,1.0,server_sent
fd00::20b:b:b:b,728,728000,729000,1.0,server_sent
fd00::20b:b:b:b,738,738000,739000,1.0,server_sent
fd00::20b:b:b:b,749,749000,750000,1.0,server_sent
fd00::20b:b:b:b,759,759000,760000,1.0,server_sent
fd00::20b:b:b:b,769,769000,770000,1.0,server_sent
fd00::20b:b:b:b,779,779000,780000,1.0,server_sent
fd00::20b:b:b:b,789,789000,790000,1.0,server_sent
fd00::20b:b:b:b,806,806000,807000,2.0,server_sent
fd00::20b:b:b:b,812,812000,813000,1.0,server_sent
fd00::20b:b:b:b,822,822000,823000,1.0,server_sent
fd00::20b:b:b:b,834,834000,835000,1.0,server_sent
fd00::20b:b:b:b,845,845000,846000,1.0,server_sent
fd00::20b:b:b:b,852,852000,853000,1.0,server_sent
fd00::20b:b:b:b,866,866000,867000,1.0,server_sent
fd00::20b:b:b:b,872,872000,873000,1.0,server_sent
fd00::20b:b:b:b,882,882000,883000,1.0,server_sent
fd00::20b:b:b:b,894,894000,895000,1.0,server_sent
fd00::20b:b:b:b,906,906000,907000,1.0,server_sent
fd00::20b:b:b:b,915,915000,916000,1.0,server_sent
fd00::20b:b:b:b,923,923000,924000,1.0,server_sent
fd00::20b:b:b:b,933,933000,934000,1.0,server_sent
fd00::20b:b:b:b,943,943000,944000,1.0,server_sent
fd00::20b:b:b:b,951,951000,952000,1.0,server_sent
fd00::20b:b:b:b,962,962000,963000,1.0,server_sent
fd00::20b:b:b:b,974,974000,975000,1.0,server_sent
fd00::20b:b:b:b,986,986000,987000,1.0,server_sent
fd00::20b:b:b:b,997,997000,998000,1.0,server_sent
fd00::20b:b:b:b,1009,1009000,1010000,1.0,server_sent
fd00::20b:b:b:b,1036,1036000,1037000,3.0,server_sent
fd00::20b:b:b:b,2318,2318000,2319000,128.0,server_sent
fd00::20b:b:b:b,2328,2328000,2329000,1.0,server_sent
fd00::20b:b:b:b,2348,2348000,2349000,2.0,server_sent
fd00::20b:b:b:b,2349,2349000,2350000,0.0,server_sent
fd00::20b:b:b:b,2358,2358000,2359000,1.0,server_sent
fd00::20b:b:b:b,2368,2368000,2369000,1.0,server_sent
fd00::20b:b:b:b,2378,2378000,2379000,1.0,server_sent
fd00::20b:b:b:b,2389,2389000,2390000,1.0,server_sent
fd00::20b:b:b:b,2399,2399000,2400000,1.0,server_sent
fd00::20b:b:b:b,2409,2409000,2410000,1.0,server_sent
fd00::20b:b:b:b,2424,2424000,2425000,2.0,server_sent
fd00::20b:b:b:b,2429,2429000,2430000,0.0,server_sent
fd00::20b:b:b:b,2439,2439000,2440000,1.0,server_sent
fd00::20b:b:b:b,2449,2449000,2450000,1.0,server_sent
fd00::20b:b:b:b,2459,2459000,2460000,1.0,server_sent
fd00::20b:b:b:b,2472,2472000,2473000,2.0,server_sent
fd00::20b:b:b:b,2488,2488000,2489000,1.0,server_sent
fd00::20b:b:b:b,2493,2493000,2494000,1.0,server_sent
fd00::20b:b:b:b,2503,2503000,2504000,1.0,server_sent
fd00::20b:b:b:b,2511,2511000,2512000,1.0,server_sent
fd00::20b:b:b:b,2521,2521000,2522000,1.0,server_sent
fd00::20b:b:b:b,2535,2535000,2536000,1.0,server_sent
fd00::20b:b:b:b,2542,2542000,2543000,1.0,server_sent
fd00::20b:b:b:b,2552,2552000,2553000,1.0,server_sent
fd00::20b:b:b:b,2561,2561000,2562000,1.0,server_sent
fd00::20b:b:b:b,2574,2574000,2575000,1.0,server_sent
fd00::20b:b:b:b,2583,2583000,2584000,1.0,server_sent
fd00::20b:b:b:b,2598,2598000,2599000,1.0,server_sent
fd00::20b:b:b:b,2678,2678000,2679000,8.0,server_sent
fd00::20b:b:b:b,2881,2881000,2882000,21.0,server_sent
fd00::20b:b:b:b,2887,2887000,2888000,0.0,server_sent
fd00::20b:b:b:b,2898,2898000,2899000,1.0,server_sent
fd00::20b:b:b:b,2905,2905000,2906000,1.0,server_sent
fd00::20b:b:b:b,2917,2917000,2918000,1.0,server_sent
fd00::20b:b:b:b,2928,2928000,2929000,1.0,server_sent
fd00::20b:b:b:b,2936,2936000,2937000,1.0,server_sent
fd00::20b:b:b:b,2946,2946000,2947000,1.0,server_sent
fd00::20b:b:b:b,2955,2955000,2956000,1.0,server_sent
fd00::20b:b:b:b,2966,2966000,2967000,1.0,server_sent
fd00::20b:b:b:b,2977,2977000,2978000,1.0,server_sent
fd00::20b:b:b:b,2986,2986000,2987000,1.0,server_sent
fd00::20b:b:b:b,3000,3000000,3001000,2.0,server_sent
fd00::20b:b:b:b,3013,3013000,3014000,1.0,server_sent
fd00::20b:b:b:b,3016,3016000,3017000,0.0,server_sent
fd00::20b:b:b:b,3026,3026000,3027000,1.0,server_sent
fd00::20b:b:b:b,3037,3037000,3038000,1.0,server_sent
fd00::20b:b:b:b,3047,3047000,3048000,1.0,server_sent
fd00::20b:b:b:b,3057,3057000,3058000,1.0,server_sent
fd00::20b:b:b:b,3067,3067000,3068000,1.0,server_sent
fd00::20b:b:b:b,3078,3078000,3079000,1.0,server_sent
fd00::20b:b:b:b,3087,3087000,3088000,1.0,server_sent
fd00::20b:b:b:b,3097,3097000,3098000,1.0,server_sent
fd00::20b:b:b:b,3113,3113000,3114000,2.0,server_sent
fd00::20b:b:b:b,3119,3119000,3120000,0.0,server_sent
fd00::20b:b:b:b,3127,3127000,3128000,1.0,server_sent
fd00::20b:b:b:b,3138,3138000,3139000,1.0,server_sent
fd00::20b:b:b:b,3169,3169000,3170000,3.0,server_sent
fd00::20b:b:b:b,3178,3178000,3179000,1.0,server_sent
fd00::20b:b:b:b,3188,3188000,3189000,1.0,server_sent
fd00::20b:b:b:b,3198,3198000,3199000,1.0,server_sent
fd00::20b:b:b:b,3208,3208000,3209000,1.0,server_sent
fd00::20b:b:b:b,3219,3219000,3220000,1.0,server_sent
fd00::20b:b:b:b,3229,3229000,3230000,1.0,server_sent
fd00::20b:b:b:b,3239,3239000,3240000,1.0,server_sent
fd00::20b:b:b:b,3249,3249000,3250000,1.0,server_sent
fd00::20b:b:b:b,3259,3259000,3260000,1.0,server_sent
fd00::20b:b:b:b,3269,3269000,3270000,1.0,server_sent
fd00::20b:b:b:b,3280,3280000,3281000,2.0,server_sent
fd00::20b:b:b:b,3289,3289000,3290000,0.0,server_sent
fd00::20b:b:b:b,3300,3300000,3301000,2.0,server_sent
fd00::20b:b:b:b,3310,3310000,3311000,1.0,server_sent
fd00::20b:b:b:b,3320,3320000,3321000,1.0,server_sent
fd00::20b:b:b:b,3331,3331000,3332000,1.0,server_sent
fd00::20b:b:b:b,3343,3343000,3344000,1.0,server_sent
fd00::20b:b:b:b,3352,3352000,3353000,1.0,server_sent
fd00::20b:b:b:b,3364,3364000,3365000,1.0,server_sent
fd00::20b:b:b:b,3373,3373000,3374000,1.0,server_sent
fd00::20b:b:b:b,3382,3382000,3383000,1.0,server_sent
fd00::20b:b:b:b,3394,3394000,3395000,1.0,server_sent
fd00::20b:b:b:b,3401,3401000,3402000,1.0,server_sent
fd00::20b:b:b:b,3416,3416000,3417000,1.0,server_sent
fd00::20b:b:b:b,3427,3427000,3428000,1.0,server_sent
fd00::20b:b:b:b,3444,3444000,3445000,2.0,server_sent
fd00::20b:b:b:b,3445,3445000,3446000,0.0,server_sent
fd00::20b:b:b:b,3456,3456000,3457000,1.0,server_sent
fd00::20b:b:b:b,3463,3463000,3464000,1.0,server_sent
fd00::20b:b:b:b,3480,3480000,3481000,2.0,server_sent
fd00::20b:b:b:b,3487,3487000,3488000,0.0,server_sent
fd00::20b:b:b:b,3497,3497000,3498000,1.0,server_sent
fd00::20b:b:b:b,3508,3508000,3509000,1.0,server_sent
fd00::20b:b:b:b,3512,3512000,3513000,1.0,server_sent
fd00::20b:b:b:b,3527,3527000,3528000,1.0,server_sent
fd00::20b:b:b:b,3533,3533000,3534000,1.0,server_sent
fd00::20c:c:c:c,33,33000,34000,0.0,server_sent
fd00::20c:c:c:c,43,43000,44000,1.0,server_sent
fd00::20c:c:c:c,54,54000,55000,1.0,server_sent
fd00::20c:c:c:c,65,65000,66000,1.0,server_sent
fd00::20c:c:c:c,76,76000,77000,1.0,server_sent
fd00::20c:c:c:c,87,87000,88000,1.0,server_sent
fd00::20c:c:c:c,97,97000,98000,1.0,server_sent
fd00::20c:c:c:c,108,108000,109000,1.0,server_sent
fd00::20c:c:c:c,119,119000,120000,1.0,server_sent
fd00::20c:c:c:c,135,135000,136000,2.0,server_sent
fd00::20c:c:c:c,148,148000,149000,1.0,server_sent
fd00::20c:c:c:c,159,159000,160000,1.0,server_sent
fd00::20c:c:c:c,553,553000,554000,40.0,server_sent
fd00::20c:c:c:c,563,563000,564000,1.0,server_sent
fd00::20c:c:c:c,575,575000,576000,1.0,server_sent
fd00::20c:c:c:c,588,588000,589000,1.0,server_sent
fd00::20c:c:c:c,598,598000,599000,1.0,server_sent
fd00::20c:c:c:c,616,616000,617000,2.0,server_sent
fd00::20c:c:c:c,807,807000,808000,19.0,server_sent
fd00::20c:c:c:c,815,815000,816000,1.0,server_sent
fd00::20c:c:c:c,828,828000,829000,1.0,server_sent
fd00::20c:c:c:c,834,834000,835000,1.0,server_sent
fd00::20c:c:c:c,845,845000,846000,1.0,server_sent
fd00::20c:c:c:c,856,856000,857000,1.0,server_sent
fd00::20c:c:c:c,867,867000,868000,1.0,server_sent
fd00::20c:c:c:c,878,878000,879000,1.0,server_sent
fd00::20c:c:c:c,888,888000,889000,1.0,server_sent
fd00::20c:c:c:c,903,903000,904000,2.0,server_sent
fd00::20c:c:c:c,917,917000,918000,1.0,server_sent
fd00::20c:c:c:c,924,924000,925000,1.0,server_sent
fd00::20c:c:c:c,939,939000,940000,1.0,server_sent
fd00::20c:c:c:c,3369,3369000,3370000,243.0,server_sent
fd00::20c:c:c:c,3381,3381000,3382000,2.0,server_sent
fd00::20c:c:c:c,3395,3395000,3396000,1.0,server_sent
fd00::20c:c:c:c,3402,3402000,3403000,1.0,server_sent
fd00::20c:c:c:c,3416,3416000,3417000,1.0,server_sent
fd00::20c:c:c:c,3425,3425000,3426000,1.0,server_sent
fd00::20c:c:c:c,3437,3437000,3438000,1.0,server_sent
fd00::20c:c:c:c,3445,3445000,3446000,1.0,server_sent
fd00::20c:c:c:c,3458,3458000,3459000,1.0,server_sent
fd00::20d:d:d:d,91,91000,92000,0.0,server_sent
fd00::20d:d:d:d,103,103000,104000,1.0,server_sent
fd00::20d:d:d:d,114,114000,115000,1.0,server_sent
fd00::20d:d:d:d,123,123000,124000,1.0,server_sent
fd00::20d:d:d:d,135,135000,136000,1.0,server_sent
fd00::20d:d:d:d,148,148000,149000,1.0,server_sent
fd00::20d:d:d:d,159,159000,160000,1.0,server_sent
fd00::20d:d:d:d,168,168000,169000,1.0,server_sent
fd00::20d:d:d:d,179,179000,180000,1.0,server_sent
fd00::20d:d:d:d,186,186000,187000,1.0,server_sent
fd00::20d:d:d:d,198,198000,199000,1.0,server_sent
fd00::20d:d:d:d,208,208000,209000,1.0,server_sent
fd00::20d:d:d:d,224,224000,225000,2.0,server_sent
fd00::20d:d:d:d,251,251000,252000,3.0,server_sent
fd00::20d:d:d:d,307,307000,308000,5.0,server_sent
fd00::20d:d:d:d,315,315000,316000,1.0,server_sent
fd00::20d:d:d:d,324,324000,325000,1.0,server_sent
fd00::20d:d:d:d,335,335000,336000,1.0,server_sent
fd00::20d:d:d:d,344,344000,345000,1.0,server_sent
fd00::20d:d:d:d,355,355000,356000,1.0,server_sent
fd00::20d:d:d:d,365,365000,366000,1.0,server_sent
fd00::20d:d:d:d,374,374000,375000,1.0,server_sent
fd00::20d:d:d:d,384,384000,385000,1.0,server_sent
fd00::20d:d:d:d,396,396000,397000,1.0,server_sent
fd00::20d:d:d:d,405,405000,406000,1.0,server_sent
fd00::20d:d:d:d,418,418000,419000,1.0,server_sent
fd00::20d:d:d:d,425,425000,426000,1.0,server_sent
fd00::20d:d:d:d,436,436000,437000,1.0,server_sent
fd00::20d:d:d:d,447,447000,448000,1.0,server_sent
fd00::20d:d:d:d,458,458000,459000,1.0,server_sent
fd00::20d:d:d:d,467,467000,468000,1.0,server_sent
fd00::20d:d:d:d,475,475000,476000,1.0,server_sent
fd00::20d:d:d:d,486,486000,487000,1.0,server_sent
fd00::20d:d:d:d,496,496000,497000,1.0,server_sent
fd00::20d:d:d:d,506,506000,507000,1.0,server_sent
fd00::20d:d:d:d,518,518000,519000,1.0,server_sent
fd00::20d:d:d:d,529,529000,530000,1.0,server_sent
fd00::20d:d:d:d,539,539000,540000,1.0,server_sent
fd00::20d:d:d:d,551,551000,552000,2.0,server_sent
fd00::20d:d:d:d,569,569000,570000,1.0,server_sent
fd00::20d:d:d:d,578,578000,579000,1.0,server_sent
fd00::20d:d:d:d,589,589000,590000,1.0,server_sent
fd00::20d:d:d:d,759,759000,760000,17.0,server_sent
fd00::20d:d:d:d,769,769000,770000,1.0,server_sent
fd00::20d:d:d:d,779,779000,780000,1.0,server_sent
fd00::20d:d:d:d,794,794000,795000,2.0,server_sent
fd00::20d:d:d:d,807,807000,808000,1.0,server_sent
fd00::20d:d:d:d,815,815000,816000,1.0,server_sent
fd00::20d:d:d:d,827,827000,828000,1.0,server_sent
fd00::20d:d:d:d,835,835000,836000,1.0,server_sent
fd00::20d:d:d:d,842,842000,843000,1.0,server_sent
fd00::20d:d:d:d,853,853000,854000,1.0,server_sent
fd00::20d:d:d:d,861,861000,862000,1.0,server_sent
fd00::20d:d:d:d,872,872000,873000,1.0,server_sent
fd00::20d:d:d:d,886,886000,887000,1.0,server_sent
fd00::20d:d:d:d,892,892000,893000,1.0,server_sent
fd00::20d:d:d:d,901,901000,902000,1.0,server_sent
fd00::20d:d:d:d,917,917000,918000,1.0,server_sent
fd00::20d:d:d:d,924,924000,925000,1.0,server_sent
fd00::20d:d:d:d,934,934000,935000,1.0,server_sent
fd00::20d:d:d:d,941,941000,942000,1.0,server_sent
fd00::20d:d:d:d,952,952000,953000,1.0,server_sent
fd00::20d:d:d:d,962,962000,963000,1.0,server_sent
fd00::20d:d:d:d,985,985000,986000,2.0,server_sent
fd00::20d:d:d:d,3398,3398000,3399000,241.0,server_sent
fd00::20d:d:d:d,3408,3408000,3409000,1.0,server_sent
fd00::20d:d:d:d,3418,3418000,3419000,1.0,server_sent
fd00::20d:d:d:d,3437,3437000,3438000,2.0,server_sent
fd00::20d:d:d:d,3439,3439000,3440000,0.0,server_sent
fd00::20d:d:d:d,3452,3452000,3453000,2.0,server_sent
fd00::20d:d:d:d,3463,3463000,3464000,1.0,server_sent
fd00::20d:d:d:d,3476,3476000,3477000,1.0,server_sent
fd00::20d:d:d:d,3496,3496000,3497000,2.0,server_sent
fd00::20d:d:d:d,3513,3513000,3514000,2.0,server_sent
fd00::20d:d:d:d,3522,3522000,3523000,1.0,server_sent
fd00::20d:d:d:d,3532,3532000,3533000,1.0,server_sent
fd00::20d:d:d:d,3544,3544000,3545000,1.0,server_sent
fd00::20d:d:d:d,3553,3553000,3554000,1.0,server_sent
fd00::20d:d:d:d,3565,3565000,3566000,1.0,server_sent
fd00::20d:d:d:d,3575,3575000,3576000,1.0,server_sent
fd00::20d:d:d:d,3585,3585000,3586000,1.0,server_sent
fd00::20d:d:d:d,3593,3593000,3594000,1.0,server_sent
fd00::20e:e:e:e,97,97000,98000,0.0,server_sent
fd00::20e:e:e:e,107,107000,108000,1.0,server_sent
fd00::20e:e:e:e,146,146000,147000,4.0,server_sent
fd00::20e:e:e:e,154,154000,155000,1.0,server_sent
fd00::20e:e:e:e,204,204000,205000,5.0,server_sent
fd00::20e:e:e:e,1668,1668000,1669000,146.0,server_sent
fd00::20e:e:e:e,1724,1724000,1725000,6.0,server_sent
fd00::20f:f:f:f,159,159000,160000,0.0,server_sent
fd00::20f:f:f:f,1816,1816000,1817000,166.0,server_sent
fd00::20f:f:f:f,1829,1829000,1830000,1.0,server_sent
fd00::20f:f:f:f,1845,1845000,1846000,2.0,server_sent
fd00::20f:f:f:f,1847,1847000,1848000,0.0,server_sent
fd00::20f:f:f:f,1877,1877000,1878000,3.0,server_sent
fd00::20f:f:f:f,1887,1887000,1888000,1.0,server_sent
fd00::20f:f:f:f,1898,1898000,1899000,1.0,server_sent
fd00::20f:f:f:f,2098,2098000,2099000,20.0,server_sent
fd00::20f:f:f:f,2107,2107000,2108000,1.0,server_sent
fd00::20f:f:f:f,2127,2127000,2128000,2.0,server_sent
fd00::20f:f:f:f,2135,2135000,2136000,1.0,server_sent
fd00::20f:f:f:f,2175,2175000,2176000,4.0,server_sent
fd00::210:10:10:10,148,148000,149000,0.0,server_sent
fd00::210:10:10:10,174,174000,175000,3.0,server_sent
fd00::210:10:10:10,181,181000,182000,1.0,server_sent
fd00::210:10:10:10,495,495000,496000,31.0,server_sent
fd00::210:10:10:10,503,503000,504000,1.0,server_sent
fd00::210:10:10:10,2358,2358000,2359000,185.0,server_sent
fd00::210:10:10:10,2368,2368000,2369000,1.0,server_sent
fd00::210:10:10:10,2572,2572000,2573000,21.0,server_sent
fd00::210:10:10:10,2578,2578000,2579000,0.0,server_sent
fd00::210:10:10:10,2899,2899000,2900000,32.0,server_sent
fd00::210:10:10:10,3114,3114000,3115000,22.0,server_sent
fd00::210:10:10:10,3120,3120000,3121000,1.0,server_sent
fd00::211:11:11:11,187,187000,188000,0.0,server_sent
fd00::211:11:11:11,199,199000,200000,1.0,server_sent
fd00::211:11:11:11,214,214000,215000,2.0,server_sent
fd00::211:11:11:11,231,231000,232000,2.0,server_sent
fd00::211:11:11:11,288,288000,289000,5.0,server_sent
fd00::211:11:11:11,788,788000,789000,50.0,server_sent
fd00::211:11:11:11,839,839000,840000,5.0,server_sent
fd00::211:11:11:11,848,848000,849000,1.0,server_sent
fd00::211:11:11:11,859,859000,860000,1.0,server_sent
fd00::211:11:11:11,878,878000,879000,2.0,server_sent
fd00::211:11:11:11,886,886000,887000,1.0,server_sent
fd00::211:11:11:11,917,917000,918000,3.0,server_sent
fd00::211:11:11:11,924,924000,925000,1.0,server_sent
fd00::211:11:11:11,934,934000,935000,1.0,server_sent
fd00::211:11:11:11,941,941000,942000,1.0,server_sent
fd00::211:11:11:11,952,952000,953000,1.0,server_sent
fd00::211:11:11:11,966,966000,967000,1.0,server_sent
fd00::212:12:12:12,206,206000,207000,0.0,server_sent
fd00::212:12:12:12,217,217000,218000,1.0,server_sent
fd00::213:13:13:13,136,136000,137000,0.0,server_sent
fd00::213:13:13:13,148,148000,149000,1.0,server_sent
fd00::213:13:13:13,169,169000,170000,2.0,server_sent
fd00::213:13:13:13,186,186000,187000,2.0,server_sent
fd00::213:13:13:13,188,188000,189000,0.0,server_sent
fd00::213:13:13:13,218,218000,219000,3.0,server_sent
fd00::213:13:13:13,225,225000,226000,1.0,server_sent
fd00::213:13:13:13,328,328000,329000,10.0,server_sent
fd00::213:13:13:13,519,519000,520000,19.0,server_sent
fd00::213:13:13:13,529,529000,530000,1.0,server_sent
fd00::213:13:13:13,539,539000,540000,1.0,server_sent
fd00::213:13:13:13,966,966000,967000,43.0,server_sent
fd00::213:13:13:13,3438,3438000,3439000,247.0,server_sent
fd00::213:13:13:13,3464,3464000,3465000,3.0,server_sent
fd00::213:13:13:13,3493,3493000,3494000,3.0,server_sent
fd00::213:13:13:13,3505,3505000,3506000,1.0,server_sent
fd00::213:13:13:13,3588,3588000,3589000,8.0,server_sent
fd00::213:13:13:13,3597,3597000,3598000,1.0,server_sent
fd00::202:2:2:2,20,20000,21000,0.0,server_received
fd00::202:2:2:2,31,31000,32000,2.0,server_received
fd00::202:2:2:2,42,42000,43000,2.0,server_received
fd00::202:2:2:2,52,52000,53000,2.0,server_received
fd00::202:2:2:2,63,63000,64000,2.0,server_received
fd00::202:2:2:2,73,73000,74000,2.0,server_received
fd00::202:2:2:2,84,84000,85000,2.0,server_received
fd00::202:2:2:2,94,94000,95000,2.0,server_received
fd00::202:2:2:2,105,105000,106000,2.0,server_received
fd00::202:2:2:2,115,115000,116000,2.0,server_received
fd00::202:2:2:2,126,126000,127000,2.0,server_received
fd00::202:2:2:2,136,136000,137000,2.0,server_received
fd00::202:2:2:2,147,147000,148000,2.0,server_received
fd00::202:2:2:2,157,157000,158000,2.0,server_received
fd00::202:2:2:2,168,168000,169000,2.0,server_received
fd00::202:2:2:2,179,179000,180000,2.0,server_received
fd00::202:2:2:2,189,189000,190000,2.0,server_received
fd00::202:2:2:2,222,222000,223000,4.0,server_received
fd00::202:2:2:2,235,235000,236000,2.0,server_received
fd00::202:2:2:2,248,248000,249000,1.0,server_received
fd00::202:2:2:2,257,257000,258000,4.0,server_received
fd00::202:2:2:2,263,263000,264000,2.0,server_received
fd00::202:2:2:2,279,279000,280000,2.0,server_received
fd00::202:2:2:2,285,285000,286000,1.0,server_received
fd00::202:2:2:2,303,303000,304000,2.0,server_received
fd00::202:2:2:2,473,473000,474000,3.0,server_received
fd00::202:2:2:2,484,484000,485000,2.0,server_received
fd00::202:2:2:2,494,494000,495000,2.0,server_received
fd00::202:2:2:2,507,507000,508000,2.0,server_received
fd00::202:2:2:2,515,515000,516000,2.0,server_received
fd00::202:2:2:2,526,526000,527000,2.0,server_received
fd00::202:2:2:2,537,537000,538000,2.0,server_received
fd00::202:2:2:2,547,547000,548000,2.0,server_received
fd00::202:2:2:2,563,563000,564000,2.0,server_received
fd00::202:2:2:2,568,568000,569000,2.0,server_received
fd00::202:2:2:2,584,584000,585000,2.0,server_received
fd00::202:2:2:2,589,589000,590000,2.0,server_received
fd00::202:2:2:2,600,600000,601000,3.0,server_received
fd00::202:2:2:2,617,617000,618000,2.0,server_received
fd00::202:2:2:2,626,626000,627000,2.0,server_received
fd00::202:2:2:2,631,631000,632000,2.0,server_received
fd00::202:2:2:2,642,642000,643000,2.0,server_received
fd00::202:2:2:2,655,655000,656000,2.0,server_received
fd00::202:2:2:2,664,664000,665000,2.0,server_received
fd00::202:2:2:2,675,675000,676000,2.0,server_received
fd00::202:2:2:2,684,684000,685000,2.0,server_received
fd00::202:2:2:2,694,694000,695000,2.0,server_received
fd00::202:2:2:2,705,705000,706000,2.0,server_received
fd00::202:2:2:2,718,718000,719000,2.0,server_received
fd00::202:2:2:2,726,726000,727000,2.0,server_received
fd00::202:2:2:2,737,737000,738000,2.0,server_received
fd00::202:2:2:2,747,747000,748000,2.0,server_received
fd00::202:2:2:2,758,758000,759000,2.0,server_received
fd00::202:2:2:2,769,769000,770000,2.0,server_received
fd00::202:2:2:2,779,779000,780000,2.0,server_received
fd00::202:2:2:2,802,802000,803000,4.0,server_received
fd00::202:2:2:2,816,816000,817000,2.0,server_received
fd00::202:2:2:2,822,822000,823000,2.0,server_received
fd00::202:2:2:2,835,835000,836000,2.0,server_received
fd00::202:2:2:2,845,845000,846000,2.0,server_received
fd00::202:2:2:2,854,854000,855000,2.0,server_received
fd00::202:2:2:2,866,866000,867000,2.0,server_received
fd00::202:2:2:2,873,873000,874000,2.0,server_received
fd00::202:2:2:2,886,886000,887000,2.0,server_received
fd00::202:2:2:2,895,895000,896000,2.0,server_received
fd00::202:2:2:2,906,906000,907000,1.0,server_received
fd00::202:2:2:2,916,916000,917000,2.0,server_received
fd00::202:2:2:2,926,926000,927000,2.0,server_received
fd00::202:2:2:2,937,937000,938000,2.0,server_received
fd00::202:2:2:2,947,947000,948000,2.0,server_received
fd00::202:2:2:2,958,958000,959000,2.0,server_received
fd00::202:2:2:2,968,968000,969000,2.0,server_received
fd00::202:2:2:2,986,986000,987000,2.0,server_received
fd00::202:2:2:2,989,989000,990000,2.0,server_received
fd00::202:2:2:2,1007,1007000,1008000,2.0,server_received
fd00::202:2:2:2,1122,1122000,1123000,4.0,server_received
fd00::202:2:2:2,1348,1348000,1349000,4.0,server_received
fd00::202:2:2:2,1358,1358000,1359000,3.0,server_received
fd00::202:2:2:2,1369,1369000,1370000,3.0,server_received
fd00::202:2:2:2,1422,1422000,1423000,1.0,server_received
fd00::202:2:2:2,1465,1465000,1466000,1.0,server_received
fd00::202:2:2:2,1481,1481000,1482000,1.0,server_received
fd00::202:2:2:2,1487,1487000,1488000,3.0,server_received
fd00::202:2:2:2,1495,1495000,1496000,1.0,server_received
fd00::202:2:2:2,1506,1506000,1507000,1.0,server_received
fd00::202:2:2:2,1522,1522000,1523000,3.0,server_received
fd00::202:2:2:2,1526,1526000,1527000,2.0,server_received
fd00::202:2:2:2,1537,1537000,1538000,3.0,server_received
fd00::202:2:2:2,1549,1549000,1550000,3.0,server_received
fd00::202:2:2:2,1558,1558000,1559000,2.0,server_received
fd00::202:2:2:2,1570,1570000,1571000,2.0,server_received
fd00::202:2:2:2,1580,1580000,1581000,2.0,server_received
fd00::202:2:2:2,1598,1598000,1599000,2.0,server_received
fd00::202:2:2:2,1606,1606000,1607000,3.0,server_received
fd00::202:2:2:2,1616,1616000,1617000,2.0,server_received
fd00::202:2:2:2,1625,1625000,1626000,2.0,server_received
fd00::202:2:2:2,1638,1638000,1639000,2.0,server_received
fd00::202:2:2:2,1649,1649000,1650000,2.0,server_received
fd00::202:2:2:2,1657,1657000,1658000,2.0,server_received
fd00::202:2:2:2,1665,1665000,1666000,2.0,server_received
fd00::202:2:2:2,1675,1675000,1676000,2.0,server_received
fd00::202:2:2:2,1685,1685000,1686000,2.0,server_received
fd00::202:2:2:2,1695,1695000,1696000,2.0,server_received
fd00::202:2:2:2,1706,1706000,1707000,2.0,server_received
fd00::202:2:2:2,1717,1717000,1718000,2.0,server_received
fd00::202:2:2:2,1732,1732000,1733000,2.0,server_received
fd00::202:2:2:2,1737,1737000,1738000,2.0,server_received
fd00::202:2:2:2,1906,1906000,1907000,3.0,server_received
fd00::202:2:2:2,1916,1916000,1917000,3.0,server_received
fd00::202:2:2:2,1927,1927000,1928000,2.0,server_received
fd00::202:2:2:2,2306,2306000,2307000,3.0,server_received
fd00::202:2:2:2,2316,2316000,2317000,2.0,server_received
fd00::202:2:2:2,2327,2327000,2328000,2.0,server_received
fd00::202:2:2:2,2343,2343000,2344000,2.0,server_received
fd00::202:2:2:2,2348,2348000,2349000,2.0,server_received
fd00::202:2:2:2,2358,2358000,2359000,2.0,server_received
fd00::202:2:2:2,2369,2369000,2370000,2.0,server_received
fd00::202:2:2:2,2379,2379000,2380000,2.0,server_received
fd00::202:2:2:2,2391,2391000,2392000,3.0,server_received
fd00::202:2:2:2,2408,2408000,2409000,2.0,server_received
fd00::202:2:2:2,2415,2415000,2416000,2.0,server_received
fd00::202:2:2:2,2425,2425000,2426000,2.0,server_received
fd00::202:2:2:2,2432,2432000,2433000,2.0,server_received
fd00::202:2:2:2,2443,2443000,2444000,2.0,server_received
fd00::202:2:2:2,2453,2453000,2454000,2.0,server_received
fd00::202:2:2:2,2467,2467000,2468000,2.0,server_received
fd00::202:2:2:2,2475,2475000,2476000,2.0,server_received
fd00::202:2:2:2,2492,2492000,2493000,2.0,server_received
fd00::202:2:2:2,2495,2495000,2496000,2.0,server_received
fd00::202:2:2:2,2508,2508000,2509000,2.0,server_received
fd00::202:2:2:2,2521,2521000,2522000,2.0,server_received
fd00::202:2:2:2,2528,2528000,2529000,2.0,server_received
fd00::202:2:2:2,2539,2539000,2540000,2.0,server_received
fd00::202:2:2:2,2548,2548000,2549000,2.0,server_received
fd00::202:2:2:2,2559,2559000,2560000,2.0,server_received
fd00::202:2:2:2,2572,2572000,2573000,2.0,server_received
fd00::202:2:2:2,2580,2580000,2581000,2.0,server_received
fd00::202:2:2:2,2591,2591000,2592000,2.0,server_received
fd00::202:2:2:2,2601,2601000,2602000,2.0,server_received
fd00::202:2:2:2,2614,2614000,2615000,2.0,server_received
fd00::202:2:2:2,2623,2623000,2624000,3.0,server_received
fd00::202:2:2:2,2632,2632000,2633000,2.0,server_received
fd00::202:2:2:2,2646,2646000,2647000,1.0,server_received
fd00::202:2:2:2,2811,2811000,2812000,2.0,server_received
fd00::202:2:2:2,2822,2822000,2823000,3.0,server_received
fd00::202:2:2:2,2832,2832000,2833000,2.0,server_received
fd00::202:2:2:2,2844,2844000,2845000,2.0,server_received
fd00::202:2:2:2,2854,2854000,2855000,2.0,server_received
fd00::202:2:2:2,2864,2864000,2865000,2.0,server_received
fd00::202:2:2:2,2881,2881000,2882000,1.0,server_received
fd00::202:2:2:2,2887,2887000,2888000,3.0,server_received
fd00::202:2:2:2,2898,2898000,2899000,2.0,server_received
fd00::202:2:2:2,2906,2906000,2907000,2.0,server_received
fd00::202:2:2:2,2916,2916000,2917000,2.0,server_received
fd00::202:2:2:2,2928,2928000,2929000,2.0,server_received
fd00::202:2:2:2,2938,2938000,2939000,2.0,server_received
fd00::202:2:2:2,2951,2951000,2952000,2.0,server_received
fd00::202:2:2:2,2959,2959000,2960000,2.0,server_received
fd00::202:2:2:2,2969,2969000,2970000,2.0,server_received
fd00::202:2:2:2,2980,2980000,2981000,2.0,server_received
fd00::202:2:2:2,2992,2992000,2993000,2.0,server_received
fd00::202:2:2:2,3023,3023000,3024000,4.0,server_received
fd00::202:2:2:2,3032,3032000,3033000,2.0,server_received
fd00::202:2:2:2,3047,3047000,3048000,2.0,server_received
fd00::202:2:2:2,3054,3054000,3055000,2.0,server_received
fd00::202:2:2:2,3065,3065000,3066000,2.0,server_received
fd00::202:2:2:2,3078,3078000,3079000,2.0,server_received
fd00::202:2:2:2,3085,3085000,3086000,2.0,server_received
fd00::202:2:2:2,3096,3096000,3097000,2.0,server_received
fd00::202:2:2:2,3112,3112000,3113000,2.0,server_received
fd00::202:2:2:2,3119,3119000,3120000,2.0,server_received
fd00::202:2:2:2,3127,3127000,3128000,2.0,server_received
fd00::202:2:2:2,3138,3138000,3139000,1.0,server_received
fd00::202:2:2:2,3169,3169000,3170000,3.0,server_received
fd00::202:2:2:2,3180,3180000,3181000,2.0,server_received
fd00::202:2:2:2,3190,3190000,3191000,2.0,server_received
fd00::202:2:2:2,3201,3201000,3202000,3.0,server_received
fd00::202:2:2:2,3211,3211000,3212000,2.0,server_received
fd00::202:2:2:2,3222,3222000,3223000,2.0,server_received
fd00::202:2:2:2,3232,3232000,3233000,2.0,server_received
fd00::202:2:2:2,3244,3244000,3245000,2.0,server_received
fd00::202:2:2:2,3254,3254000,3255000,2.0,server_received
fd00::202:2:2:2,3268,3268000,3269000,2.0,server_received
fd00::202:2:2:2,3275,3275000,3276000,2.0,server_received
fd00::202:2:2:2,3285,3285000,3286000,2.0,server_received
fd00::202:2:2:2,3296,3296000,3297000,2.0,server_received
fd00::202:2:2:2,3306,3306000,3307000,2.0,server_received
fd00::202:2:2:2,3317,3317000,3318000,2.0,server_received
fd00::202:2:2:2,3327,3327000,3328000,2.0,server_received
fd00::202:2:2:2,3338,3338000,3339000,2.0,server_received
fd00::202:2:2:2,3348,3348000,3349000,2.0,server_received
fd00::202:2:2:2,3359,3359000,3360000,2.0,server_received
fd00::202:2:2:2,3373,3373000,3374000,2.0,server_received
fd00::202:2:2:2,3380,3380000,3381000,2.0,server_received
fd00::202:2:2:2,3391,3391000,3392000,3.0,server_received
fd00::202:2:2:2,3401,3401000,3402000,2.0,server_received
fd00::202:2:2:2,3412,3412000,3413000,2.0,server_received
fd00::202:2:2:2,3427,3427000,3428000,2.0,server_received
fd00::202:2:2:2,3444,3444000,3445000,3.0,server_received
fd00::202:2:2:2,3454,3454000,3455000,2.0,server_received
fd00::202:2:2:2,3465,3465000,3466000,2.0,server_received
fd00::202:2:2:2,3482,3482000,3483000,1.0,server_received
fd00::202:2:2:2,3497,3497000,3498000,3.0,server_received
fd00::202:2:2:2,3508,3508000,3509000,2.0,server_received
fd00::202:2:2:2,3517,3517000,3518000,2.0,server_received
fd00::202:2:2:2,3531,3531000,3532000,2.0,server_received
fd00::202:2:2:2,3538,3538000,3539000,2.0,server_received
fd00::202:2:2:2,3548,3548000,3549000,2.0,server_received
fd00::202:2:2:2,3559,3559000,3560000,2.0,server_received
fd00::202:2:2:2,3569,3569000,3570000,2.0,server_received
fd00::202:2:2:2,3586,3586000,3587000,3.0,server_received
fd00::202:2:2:2,3597,3597000,3598000,2.0,server_received
fd00::203:3:3:3,159,159000,160000,0.0,server_received
fd00::203:3:3:3,169,169000,170000,1.0,server_received
fd00::203:3:3:3,184,184000,185000,2.0,server_received
fd00::203:3:3:3,187,187000,188000,2.0,server_received
fd00::203:3:3:3,199,199000,200000,2.0,server_received
fd00::203:3:3:3,236,236000,237000,3.0,server_received
fd00::203:3:3:3,258,258000,259000,1.0,server_received
fd00::203:3:3:3,269,269000,270000,1.0,server_received
fd00::203:3:3:3,270,270000,271000,2.0,server_received
fd00::203:3:3:3,278,278000,279000,3.0,server_received
fd00::203:3:3:3,529,529000,530000,3.0,server_received
fd00::203:3:3:3,539,539000,540000,3.0,server_received
fd00::203:3:3:3,547,547000,548000,1.0,server_received
fd00::203:3:3:3,568,568000,569000,2.0,server_received
fd00::203:3:3:3,577,577000,578000,2.0,server_received
fd00::203:3:3:3,598,598000,599000,1.0,server_received
fd00::203:3:3:3,615,615000,616000,2.0,server_received
fd00::203:3:3:3,828,828000,829000,6.0,server_received
fd00::203:3:3:3,835,835000,836000,2.0,server_received
fd00::203:3:3:3,846,846000,847000,2.0,server_received
fd00::203:3:3:3,857,857000,858000,2.0,server_received
fd00::203:3:3:3,864,864000,865000,2.0,server_received
fd00::203:3:3:3,886,886000,887000,2.0,server_received
fd00::203:3:3:3,887,887000,888000,2.0,server_received
fd00::203:3:3:3,897,897000,898000,2.0,server_received
fd00::203:3:3:3,906,906000,907000,2.0,server_received
fd00::203:3:3:3,918,918000,919000,2.0,server_received
fd00::203:3:3:3,927,927000,928000,2.0,server_received
fd00::203:3:3:3,936,936000,937000,3.0,server_received
fd00::203:3:3:3,948,948000,949000,1.0,server_received
fd00::203:3:3:3,955,955000,956000,2.0,server_received
fd00::203:3:3:3,973,973000,974000,3.0,server_received
fd00::203:3:3:3,3439,3439000,3440000,1.0,server_received
fd00::203:3:3:3,3455,3455000,3456000,2.0,server_received
fd00::203:3:3:3,3463,3463000,3464000,2.0,server_received
fd00::203:3:3:3,3488,3488000,3489000,1.0,server_received
fd00::203:3:3:3,3498,3498000,3499000,2.0,server_received
fd00::203:3:3:3,3518,3518000,3519000,3.0,server_received
fd00::203:3:3:3,3522,3522000,3523000,2.0,server_received
fd00::203:3:3:3,3523,3523000,3524000,2.0,server_received
fd00::203:3:3:3,3527,3527000,3528000,2.0,server_received
fd00::203:3:3:3,3533,3533000,3534000,2.0,server_received
fd00::203:3:3:3,3548,3548000,3549000,2.0,server_received
fd00::203:3:3:3,3557,3557000,3558000,2.0,server_received
fd00::203:3:3:3,3566,3566000,3567000,2.0,server_received
fd00::203:3:3:3,3576,3576000,3577000,2.0,server_received
fd00::203:3:3:3,3588,3588000,3589000,2.0,server_received
fd00::203:3:3:3,3594,3594000,3595000,2.0,server_received
fd00::204:4:4:4,127,127000,128000,0.0,server_received
fd00::204:4:4:4,137,137000,138000,2.0,server_received
fd00::204:4:4:4,149,149000,150000,2.0,server_received
fd00::204:4:4:4,159,159000,160000,2.0,server_received
fd00::204:4:4:4,169,169000,170000,2.0,server_received
fd00::204:4:4:4,186,186000,187000,2.0,server_received
fd00::204:4:4:4,193,193000,194000,1.0,server_received
fd00::204:4:4:4,207,207000,208000,3.0,server_received
fd00::204:4:4:4,218,218000,219000,1.0,server_received
fd00::204:4:4:4,236,236000,237000,3.0,server_received
fd00::204:4:4:4,262,262000,263000,2.0,server_received
fd00::204:4:4:4,277,277000,278000,1.0,server_received
fd00::204:4:4:4,337,337000,338000,3.0,server_received
fd00::204:4:4:4,348,348000,349000,2.0,server_received
fd00::204:4:4:4,359,359000,360000,2.0,server_received
fd00::204:4:4:4,369,369000,370000,2.0,server_received
fd00::204:4:4:4,384,384000,385000,2.0,server_received
fd00::204:4:4:4,395,395000,396000,2.0,server_received
fd00::204:4:4:4,403,403000,404000,2.0,server_received
fd00::204:4:4:4,418,418000,419000,3.0,server_received
fd00::204:4:4:4,424,424000,425000,2.0,server_received
fd00::204:4:4:4,436,436000,437000,2.0,server_received
fd00::204:4:4:4,446,446000,447000,2.0,server_received
fd00::204:4:4:4,458,458000,459000,2.0,server_received
fd00::204:4:4:4,467,467000,468000,2.0,server_received
fd00::204:4:4:4,475,475000,476000,2.0,server_received
fd00::204:4:4:4,485,485000,486000,2.0,server_received
fd00::204:4:4:4,496,496000,497000,2.0,server_received
fd00::204:4:4:4,517,517000,518000,2.0,server_received
fd00::204:4:4:4,518,518000,519000,2.0,server_received
fd00::204:4:4:4,529,529000,530000,2.0,server_received
fd00::204:4:4:4,541,541000,542000,2.0,server_received
fd00::204:4:4:4,561,561000,562000,2.0,server_received
fd00::204:4:4:4,577,577000,578000,1.0,server_received
fd00::204:4:4:4,588,588000,589000,2.0,server_received
fd00::204:4:4:4,595,595000,596000,2.0,server_received
fd00::204:4:4:4,615,615000,616000,1.0,server_received
fd00::204:4:4:4,777,777000,778000,2.0,server_received
fd00::204:4:4:4,787,787000,788000,2.0,server_received
fd00::204:4:4:4,796,796000,797000,2.0,server_received
fd00::204:4:4:4,808,808000,809000,2.0,server_received
fd00::204:4:4:4,815,815000,816000,2.0,server_received
fd00::204:4:4:4,828,828000,829000,2.0,server_received
fd00::204:4:4:4,836,836000,837000,2.0,server_received
fd00::204:4:4:4,848,848000,849000,3.0,server_received
fd00::204:4:4:4,858,858000,859000,2.0,server_received
fd00::204:4:4:4,865,865000,866000,1.0,server_received
fd00::204:4:4:4,886,886000,887000,2.0,server_received
fd00::204:4:4:4,888,888000,889000,2.0,server_received
fd00::204:4:4:4,898,898000,899000,2.0,server_received
fd00::204:4:4:4,907,907000,908000,2.0,server_received
fd00::204:4:4:4,919,919000,920000,2.0,server_received
fd00::204:4:4:4,929,929000,930000,2.0,server_received
fd00::204:4:4:4,939,939000,940000,2.0,server_received
fd00::204:4:4:4,952,952000,953000,2.0,server_received
fd00::204:4:4:4,962,962000,963000,2.0,server_received
fd00::204:4:4:4,985,985000,986000,2.0,server_received
fd00::204:4:4:4,3425,3425000,3426000,3.0,server_received
fd00::204:4:4:4,3438,3438000,3439000,2.0,server_received
fd00::204:4:4:4,3447,3447000,3448000,2.0,server_received
fd00::204:4:4:4,3457,3457000,3458000,3.0,server_received
fd00::204:4:4:4,3465,3465000,3466000,1.0,server_received
fd00::204:4:4:4,3489,3489000,3490000,2.0,server_received
fd00::204:4:4:4,3499,3499000,3500000,2.0,server_received
fd00::204:4:4:4,3518,3518000,3519000,3.0,server_received
fd00::204:4:4:4,3521,3521000,3522000,2.0,server_received
fd00::204:4:4:4,3532,3532000,3533000,3.0,server_received
fd00::204:4:4:4,3541,3541000,3542000,1.0,server_received
fd00::204:4:4:4,3548,3548000,3549000,3.0,server_received
fd00::204:4:4:4,3557,3557000,3558000,2.0,server_received
fd00::204:4:4:4,3568,3568000,3569000,2.0,server_received
fd00::204:4:4:4,3578,3578000,3579000,2.0,server_received
fd00::204:4:4:4,3589,3589000,3590000,2.0,server_received
fd00::204:4:4:4,3599,3599000,3600000,2.0,server_received
fd00::205:5:5:5,21,21000,22000,0.0,server_received
fd00::205:5:5:5,32,32000,33000,2.0,server_received
fd00::205:5:5:5,43,43000,44000,2.0,server_received
fd00::205:5:5:5,54,54000,55000,2.0,server_received
fd00::205:5:5:5,65,65000,66000,2.0,server_received
fd00::205:5:5:5,75,75000,76000,2.0,server_received
fd00::205:5:5:5,86,86000,87000,2.0,server_received
fd00::205:5:5:5,97,97000,98000,2.0,server_received
fd00::205:5:5:5,108,108000,109000,2.0,server_received
fd00::205:5:5:5,119,119000,120000,2.0,server_received
fd00::205:5:5:5,129,129000,130000,2.0,server_received
fd00::205:5:5:5,147,147000,148000,3.0,server_received
fd00::205:5:5:5,153,153000,154000,2.0,server_received
fd00::205:5:5:5,167,167000,168000,2.0,server_received
fd00::205:5:5:5,173,173000,174000,2.0,server_received
fd00::205:5:5:5,187,187000,188000,1.0,server_received
fd00::205:5:5:5,194,194000,195000,2.0,server_received
fd00::205:5:5:5,210,210000,211000,3.0,server_received
fd00::205:5:5:5,216,216000,217000,2.0,server_received
fd00::205:5:5:5,228,228000,229000,2.0,server_received
fd00::205:5:5:5,253,253000,254000,2.0,server_received
fd00::205:5:5:5,259,259000,260000,2.0,server_received
fd00::205:5:5:5,278,278000,279000,1.0,server_received
fd00::205:5:5:5,288,288000,289000,3.0,server_received
fd00::205:5:5:5,292,292000,293000,2.0,server_received
fd00::205:5:5:5,304,304000,305000,3.0,server_received
fd00::205:5:5:5,315,315000,316000,2.0,server_received
fd00::205:5:5:5,324,324000,325000,2.0,server_received
fd00::205:5:5:5,335,335000,336000,2.0,server_received
fd00::205:5:5:5,345,345000,346000,2.0,server_received
fd00::205:5:5:5,356,356000,357000,2.0,server_received
fd00::205:5:5:5,367,367000,368000,2.0,server_received
fd00::205:5:5:5,378,378000,379000,2.0,server_received
fd00::205:5:5:5,389,389000,390000,2.0,server_received
fd00::205:5:5:5,399,399000,400000,2.0,server_received
fd00::205:5:5:5,412,412000,413000,3.0,server_received
fd00::205:5:5:5,422,422000,423000,2.0,server_received
fd00::205:5:5:5,435,435000,436000,2.0,server_received
fd00::205:5:5:5,445,445000,446000,2.0,server_received
fd00::205:5:5:5,453,453000,454000,2.0,server_received
fd00::205:5:5:5,466,466000,467000,2.0,server_received
fd00::205:5:5:5,475,475000,476000,2.0,server_received
fd00::205:5:5:5,487,487000,488000,2.0,server_received
fd00::205:5:5:5,496,496000,497000,2.0,server_received
fd00::205:5:5:5,507,507000,508000,2.0,server_received
fd00::205:5:5:5,519,519000,520000,2.0,server_received
fd00::205:5:5:5,529,529000,530000,2.0,server_received
fd00::205:5:5:5,542,542000,543000,2.0,server_received
fd00::205:5:5:5,551,551000,552000,2.0,server_received
fd00::205:5:5:5,562,562000,563000,2.0,server_received
fd00::205:5:5:5,573,573000,574000,1.0,server_received
fd00::205:5:5:5,588,588000,589000,2.0,server_received
fd00::205:5:5:5,597,597000,598000,2.0,server_received
fd00::205:5:5:5,615,615000,616000,1.0,server_received
fd00::205:5:5:5,745,745000,746000,4.0,server_received
fd00::205:5:5:5,755,755000,756000,2.0,server_received
fd00::205:5:5:5,766,766000,767000,2.0,server_received
fd00::205:5:5:5,777,777000,778000,2.0,server_received
fd00::205:5:5:5,788,788000,789000,2.0,server_received
fd00::205:5:5:5,798,798000,799000,2.0,server_received
fd00::205:5:5:5,815,815000,816000,2.0,server_received
fd00::205:5:5:5,820,820000,821000,2.0,server_received
fd00::205:5:5:5,831,831000,832000,3.0,server_received
fd00::205:5:5:5,843,843000,844000,2.0,server_received
fd00::205:5:5:5,853,853000,854000,2.0,server_received
fd00::205:5:5:5,863,863000,864000,2.0,server_received
fd00::205:5:5:5,874,874000,875000,2.0,server_received
fd00::205:5:5:5,885,885000,886000,2.0,server_received
fd00::205:5:5:5,896,896000,897000,2.0,server_received
fd00::205:5:5:5,906,906000,907000,2.0,server_received
fd00::205:5:5:5,918,918000,919000,2.0,server_received
fd00::205:5:5:5,928,928000,929000,2.0,server_received
fd00::205:5:5:5,939,939000,940000,2.0,server_received
fd00::205:5:5:5,952,952000,953000,2.0,server_received
fd00::205:5:5:5,961,961000,962000,2.0,server_received
fd00::205:5:5:5,985,985000,986000,3.0,server_received
fd00::205:5:5:5,3367,3367000,3368000,4.0,server_received
fd00::205:5:5:5,3379,3379000,3380000,2.0,server_received
fd00::205:5:5:5,3389,3389000,3390000,2.0,server_received
fd00::205:5:5:5,3399,3399000,3400000,2.0,server_received
fd00::205:5:5:5,3416,3416000,3417000,3.0,server_received
fd00::205:5:5:5,3424,3424000,3425000,2.0,server_received
fd00::205:5:5:5,3435,3435000,3436000,2.0,server_received
fd00::205:5:5:5,3443,3443000,3444000,2.0,server_received
fd00::205:5:5:5,3455,3455000,3456000,2.0,server_received
fd00::205:5:5:5,3465,3465000,3466000,2.0,server_received
fd00::205:5:5:5,3475,3475000,3476000,2.0,server_received
fd00::205:5:5:5,3489,3489000,3490000,2.0,server_received
fd00::205:5:5:5,3498,3498000,3499000,2.0,server_received
fd00::205:5:5:5,3518,3518000,3519000,2.0,server_received
fd00::205:5:5:5,3524,3524000,3525000,2.0,server_received
fd00::205:5:5:5,3532,3532000,3533000,2.0,server_received
fd00::205:5:5:5,3543,3543000,3544000,2.0,server_received
fd00::205:5:5:5,3550,3550000,3551000,3.0,server_received
fd00::205:5:5:5,3566,3566000,3567000,2.0,server_received
fd00::205:5:5:5,3574,3574000,3575000,2.0,server_received
fd00::205:5:5:5,3585,3585000,3586000,1.0,server_received
fd00::205:5:5:5,3594,3594000,3595000,2.0,server_received
fd00::206:6:6:6,43,43000,44000,0.0,server_received
fd00::206:6:6:6,54,54000,55000,2.0,server_received
fd00::206:6:6:6,65,65000,66000,2.0,server_received
fd00::206:6:6:6,76,76000,77000,2.0,server_received
fd00::206:6:6:6,87,87000,88000,2.0,server_received
fd00::206:6:6:6,98,98000,99000,2.0,server_received
fd00::206:6:6:6,109,109000,110000,2.0,server_received
fd00::206:6:6:6,122,122000,123000,2.0,server_received
fd00::206:6:6:6,133,133000,134000,3.0,server_received
fd00::206:6:6:6,142,142000,143000,2.0,server_received
fd00::206:6:6:6,158,158000,159000,2.0,server_received
fd00::206:6:6:6,163,163000,164000,2.0,server_received
fd00::206:6:6:6,178,178000,179000,2.0,server_received
fd00::206:6:6:6,185,185000,186000,2.0,server_received
fd00::206:6:6:6,196,196000,197000,2.0,server_received
fd00::206:6:6:6,209,209000,210000,2.0,server_received
fd00::206:6:6:6,218,218000,219000,2.0,server_received
fd00::206:6:6:6,229,229000,230000,2.0,server_received
fd00::206:6:6:6,240,240000,241000,2.0,server_received
fd00::206:6:6:6,255,255000,256000,2.0,server_received
fd00::206:6:6:6,262,262000,263000,3.0,server_received
fd00::206:6:6:6,273,273000,274000,1.0,server_received
fd00::206:6:6:6,284,284000,285000,3.0,server_received
fd00::206:6:6:6,295,295000,296000,2.0,server_received
fd00::206:6:6:6,305,305000,306000,2.0,server_received
fd00::206:6:6:6,316,316000,317000,2.0,server_received
fd00::206:6:6:6,327,327000,328000,2.0,server_received
fd00::206:6:6:6,338,338000,339000,2.0,server_received
fd00::206:6:6:6,349,349000,350000,2.0,server_received
fd00::206:6:6:6,360,360000,361000,2.0,server_received
fd00::206:6:6:6,371,371000,372000,3.0,server_received
fd00::206:6:6:6,383,383000,384000,2.0,server_received
fd00::206:6:6:6,393,393000,394000,2.0,server_received
fd00::206:6:6:6,404,404000,405000,2.0,server_received
fd00::206:6:6:6,415,415000,416000,2.0,server_received
fd00::206:6:6:6,426,426000,427000,2.0,server_received
fd00::206:6:6:6,437,437000,438000,2.0,server_received
fd00::206:6:6:6,448,448000,449000,2.0,server_received
fd00::206:6:6:6,458,458000,459000,2.0,server_received
fd00::206:6:6:6,469,469000,470000,2.0,server_received
fd00::206:6:6:6,483,483000,484000,3.0,server_received
fd00::206:6:6:6,492,492000,493000,1.0,server_received
fd00::206:6:6:6,505,505000,506000,3.0,server_received
fd00::206:6:6:6,524,524000,525000,2.0,server_received
fd00::206:6:6:6,537,537000,538000,3.0,server_received
fd00::206:6:6:6,546,546000,547000,2.0,server_received
fd00::206:6:6:6,563,563000,564000,2.0,server_received
fd00::206:6:6:6,568,568000,569000,2.0,server_received
fd00::206:6:6:6,584,584000,585000,2.0,server_received
fd00::206:6:6:6,595,595000,596000,2.0,server_received
fd00::206:6:6:6,601,601000,602000,3.0,server_received
fd00::206:6:6:6,617,617000,618000,2.0,server_received
fd00::206:6:6:6,627,627000,628000,2.0,server_received
fd00::206:6:6:6,634,634000,635000,2.0,server_received
fd00::206:6:6:6,647,647000,648000,1.0,server_received
fd00::206:6:6:6,666,666000,667000,3.0,server_received
fd00::206:6:6:6,677,677000,678000,2.0,server_received
fd00::206:6:6:6,688,688000,689000,2.0,server_received
fd00::206:6:6:6,699,699000,700000,2.0,server_received
fd00::206:6:6:6,1002,1002000,1003000,10.0,server_received
fd00::206:6:6:6,1104,1104000,1105000,5.0,server_received
fd00::206:6:6:6,1409,1409000,1410000,9.0,server_received
fd00::206:6:6:6,1420,1420000,1421000,1.0,server_received
fd00::206:6:6:6,1434,1434000,1435000,2.0,server_received
fd00::206:6:6:6,1444,1444000,1445000,1.0,server_received
fd00::206:6:6:6,1454,1454000,1455000,2.0,server_received
fd00::206:6:6:6,1464,1464000,1465000,2.0,server_received
fd00::206:6:6:6,1475,1475000,1476000,2.0,server_received
fd00::206:6:6:6,1487,1487000,1488000,2.0,server_received
fd00::206:6:6:6,1497,1497000,1498000,2.0,server_received
fd00::206:6:6:6,1508,1508000,1509000,3.0,server_received
fd00::206:6:6:6,1519,1519000,1520000,2.0,server_received
fd00::206:6:6:6,1530,1530000,1531000,3.0,server_received
fd00::206:6:6:6,1540,1540000,1541000,3.0,server_received
fd00::206:6:6:6,1553,1553000,1554000,3.0,server_received
fd00::206:6:6:6,1563,1563000,1564000,2.0,server_received
fd00::206:6:6:6,1574,1574000,1575000,2.0,server_received
fd00::206:6:6:6,1584,1584000,1585000,2.0,server_received
fd00::206:6:6:6,1598,1598000,1599000,2.0,server_received
fd00::206:6:6:6,1607,1607000,1608000,2.0,server_received
fd00::206:6:6:6,1617,1617000,1618000,2.0,server_received
fd00::206:6:6:6,1628,1628000,1629000,2.0,server_received
fd00::206:6:6:6,1640,1640000,1641000,2.0,server_received
fd00::206:6:6:6,1664,1664000,1665000,4.0,server_received
fd00::206:6:6:6,1674,1674000,1675000,2.0,server_received
fd00::206:6:6:6,1683,1683000,1684000,2.0,server_received
fd00::206:6:6:6,1694,1694000,1695000,2.0,server_received
fd00::206:6:6:6,1704,1704000,1705000,2.0,server_received
fd00::206:6:6:6,1717,1717000,1718000,2.0,server_received
fd00::206:6:6:6,1726,1726000,1727000,2.0,server_received
fd00::206:6:6:6,1737,1737000,1738000,2.0,server_received
fd00::206:6:6:6,1748,1748000,1749000,2.0,server_received
fd00::206:6:6:6,1759,1759000,1760000,2.0,server_received
fd00::206:6:6:6,1782,1782000,1783000,2.0,server_received
fd00::206:6:6:6,1784,1784000,1785000,2.0,server_received
fd00::206:6:6:6,1799,1799000,1800000,2.0,server_received
fd00::206:6:6:6,1804,1804000,1805000,3.0,server_received
fd00::206:6:6:6,1817,1817000,1818000,1.0,server_received
fd00::206:6:6:6,1829,1829000,1830000,3.0,server_received
fd00::206:6:6:6,1836,1836000,1837000,2.0,server_received
fd00::206:6:6:6,1848,1848000,1849000,1.0,server_received
fd00::206:6:6:6,1858,1858000,1859000,3.0,server_received
fd00::206:6:6:6,1869,1869000,1870000,2.0,server_received
fd00::206:6:6:6,1879,1879000,1880000,2.0,server_received
fd00::206:6:6:6,1897,1897000,1898000,1.0,server_received
fd00::206:6:6:6,1904,1904000,1905000,2.0,server_received
fd00::206:6:6:6,1912,1912000,1913000,2.0,server_received
fd00::206:6:6:6,1923,1923000,1924000,2.0,server_received
fd00::206:6:6:6,1934,1934000,1935000,3.0,server_received
fd00::206:6:6:6,1959,1959000,1960000,1.0,server_received
fd00::206:6:6:6,1967,1967000,1968000,3.0,server_received
fd00::206:6:6:6,2035,2035000,2036000,4.0,server_received
fd00::206:6:6:6,2047,2047000,2048000,2.0,server_received
fd00::206:6:6:6,2056,2056000,2057000,2.0,server_received
fd00::206:6:6:6,2065,2065000,2066000,2.0,server_received
fd00::206:6:6:6,2078,2078000,2079000,2.0,server_received
fd00::206:6:6:6,2087,2087000,2088000,2.0,server_received
fd00::206:6:6:6,2098,2098000,2099000,2.0,server_received
fd00::206:6:6:6,2109,2109000,2110000,2.0,server_received
fd00::206:6:6:6,2130,2130000,2131000,2.0,server_received
fd00::206:6:6:6,2153,2153000,2154000,4.0,server_received
fd00::206:6:6:6,2166,2166000,2167000,3.0,server_received
fd00::206:6:6:6,2175,2175000,2176000,2.0,server_received
fd00::206:6:6:6,2186,2186000,2187000,2.0,server_received
fd00::206:6:6:6,2196,2196000,2197000,2.0,server_received
fd00::206:6:6:6,2207,2207000,2208000,2.0,server_received
fd00::206:6:6:6,2218,2218000,2219000,2.0,server_received
fd00::206:6:6:6,2349,2349000,2350000,3.0,server_received
fd00::206:6:6:6,2365,2365000,2366000,3.0,server_received
fd00::206:6:6:6,2376,2376000,2377000,1.0,server_received
fd00::206:6:6:6,2385,2385000,2386000,2.0,server_received
fd00::206:6:6:6,2396,2396000,2397000,3.0,server_received
fd00::206:6:6:6,2408,2408000,2409000,2.0,server_received
fd00::206:6:6:6,2416,2416000,2417000,2.0,server_received
fd00::206:6:6:6,2426,2426000,2427000,2.0,server_received
fd00::206:6:6:6,2437,2437000,2438000,2.0,server_received
fd00::206:6:6:6,2448,2448000,2449000,2.0,server_received
fd00::206:6:6:6,2459,2459000,2460000,2.0,server_received
fd00::206:6:6:6,2471,2471000,2472000,2.0,server_received
fd00::206:6:6:6,2492,2492000,2493000,3.0,server_received
fd00::206:6:6:6,2493,2493000,2494000,1.0,server_received
fd00::206:6:6:6,2504,2504000,2505000,2.0,server_received
fd00::206:6:6:6,2518,2518000,2519000,2.0,server_received
fd00::206:6:6:6,2525,2525000,2526000,1.0,server_received
fd00::206:6:6:6,2535,2535000,2536000,3.0,server_received
fd00::206:6:6:6,2549,2549000,2550000,3.0,server_received
fd00::206:6:6:6,2558,2558000,2559000,1.0,server_received
fd00::206:6:6:6,2568,2568000,2569000,2.0,server_received
fd00::206:6:6:6,2579,2579000,2580000,3.0,server_received
fd00::206:6:6:6,2591,2591000,2592000,1.0,server_received
fd00::206:6:6:6,2602,2602000,2603000,3.0,server_received
fd00::206:6:6:6,2614,2614000,2615000,2.0,server_received
fd00::206:6:6:6,2623,2623000,2624000,3.0,server_received
fd00::206:6:6:6,2634,2634000,2635000,2.0,server_received
fd00::206:6:6:6,2665,2665000,2666000,3.0,server_received
fd00::206:6:6:6,2666,2666000,2667000,1.0,server_received
fd00::206:6:6:6,2808,2808000,2809000,1.0,server_received
fd00::206:6:6:6,2819,2819000,2820000,2.0,server_received
fd00::206:6:6:6,2831,2831000,2832000,2.0,server_received
fd00::206:6:6:6,2844,2844000,2845000,2.0,server_received
fd00::206:6:6:6,2854,2854000,2855000,3.0,server_received
fd00::206:6:6:6,2864,2864000,2865000,2.0,server_received
fd00::206:6:6:6,2874,2874000,2875000,1.0,server_received
fd00::206:6:6:6,2887,2887000,2888000,3.0,server_received
fd00::206:6:6:6,2898,2898000,2899000,1.0,server_received
fd00::206:6:6:6,2909,2909000,2910000,3.0,server_received
fd00::206:6:6:6,2918,2918000,2919000,2.0,server_received
fd00::206:6:6:6,2928,2928000,2929000,2.0,server_received
fd00::206:6:6:6,2939,2939000,2940000,2.0,server_received
fd00::206:6:6:6,2952,2952000,2953000,2.0,server_received
fd00::206:6:6:6,2962,2962000,2963000,2.0,server_received
fd00::206:6:6:6,2972,2972000,2973000,2.0,server_received
fd00::206:6:6:6,2984,2984000,2985000,2.0,server_received
fd00::206:6:6:6,3013,3013000,3014000,4.0,server_received
fd00::206:6:6:6,3016,3016000,3017000,2.0,server_received
fd00::206:6:6:6,3027,3027000,3028000,2.0,server_received
fd00::206:6:6:6,3038,3038000,3039000,2.0,server_received
fd00::206:6:6:6,3049,3049000,3050000,2.0,server_received
fd00::206:6:6:6,3060,3060000,3061000,2.0,server_received
fd00::206:6:6:6,3077,3077000,3078000,2.0,server_received
fd00::206:6:6:6,3083,3083000,3084000,2.0,server_received
fd00::206:6:6:6,3096,3096000,3097000,3.0,server_received
fd00::206:6:6:6,3109,3109000,3110000,2.0,server_received
fd00::206:6:6:6,3114,3114000,3115000,2.0,server_received
fd00::206:6:6:6,3125,3125000,3126000,2.0,server_received
fd00::206:6:6:6,3138,3138000,3139000,1.0,server_received
fd00::206:6:6:6,3159,3159000,3160000,4.0,server_received
fd00::206:6:6:6,3169,3169000,3170000,2.0,server_received
fd00::206:6:6:6,3180,3180000,3181000,2.0,server_received
fd00::206:6:6:6,3195,3195000,3196000,2.0,server_received
fd00::206:6:6:6,3202,3202000,3203000,3.0,server_received
fd00::206:6:6:6,3214,3214000,3215000,2.0,server_received
fd00::206:6:6:6,3223,3223000,3224000,2.0,server_received
fd00::206:6:6:6,3236,3236000,3237000,2.0,server_received
fd00::206:6:6:6,3245,3245000,3246000,2.0,server_received
fd00::206:6:6:6,3256,3256000,3257000,2.0,server_received
fd00::206:6:6:6,3268,3268000,3269000,2.0,server_received
fd00::206:6:6:6,3278,3278000,3279000,2.0,server_received
fd00::206:6:6:6,3289,3289000,3290000,2.0,server_received
fd00::206:6:6:6,3301,3301000,3302000,2.0,server_received
fd00::206:6:6:6,3312,3312000,3313000,3.0,server_received
fd00::206:6:6:6,3322,3322000,3323000,1.0,server_received
fd00::206:6:6:6,3335,3335000,3336000,2.0,server_received
fd00::206:6:6:6,3344,3344000,3345000,3.0,server_received
fd00::206:6:6:6,3355,3355000,3356000,2.0,server_received
fd00::206:6:6:6,3366,3366000,3367000,2.0,server_received
fd00::206:6:6:6,3377,3377000,3378000,2.0,server_received
fd00::206:6:6:6,3388,3388000,3389000,2.0,server_received
fd00::206:6:6:6,3399,3399000,3400000,2.0,server_received
fd00::206:6:6:6,3412,3412000,3413000,2.0,server_received
fd00::206:6:6:6,3427,3427000,3428000,2.0,server_received
fd00::206:6:6:6,3444,3444000,3445000,5.0,server_received
fd00::206:6:6:6,3453,3453000,3454000,2.0,server_received
fd00::206:6:6:6,3465,3465000,3466000,2.0,server_received
fd00::206:6:6:6,3482,3482000,3483000,2.0,server_received
fd00::206:6:6:6,3486,3486000,3487000,2.0,server_received
fd00::206:6:6:6,3498,3498000,3499000,2.0,server_received
fd00::206:6:6:6,3508,3508000,3509000,2.0,server_received
fd00::206:6:6:6,3519,3519000,3520000,2.0,server_received
fd00::206:6:6:6,3531,3531000,3532000,2.0,server_received
fd00::206:6:6:6,3543,3543000,3544000,2.0,server_received
fd00::206:6:6:6,3552,3552000,3553000,3.0,server_received
fd00::206:6:6:6,3563,3563000,3564000,1.0,server_received
fd00::206:6:6:6,3573,3573000,3574000,3.0,server_received
fd00::206:6:6:6,3586,3586000,3587000,2.0,server_received
fd00::206:6:6:6,3597,3597000,3598000,2.0,server_received
fd00::207:7:7:7,84,84000,85000,0.0,server_received
fd00::207:7:7:7,94,94000,95000,2.0,server_received
fd00::207:7:7:7,104,104000,105000,2.0,server_received
fd00::207:7:7:7,115,115000,116000,2.0,server_received
fd00::207:7:7:7,125,125000,126000,2.0,server_received
fd00::207:7:7:7,136,136000,137000,2.0,server_received
fd00::207:7:7:7,147,147000,148000,2.0,server_received
fd00::207:7:7:7,159,159000,160000,2.0,server_received
fd00::207:7:7:7,168,168000,169000,2.0,server_received
fd00::207:7:7:7,182,182000,183000,2.0,server_received
fd00::207:7:7:7,195,195000,196000,2.0,server_received
fd00::207:7:7:7,206,206000,207000,2.0,server_received
fd00::207:7:7:7,216,216000,217000,2.0,server_received
fd00::207:7:7:7,1425,1425000,1426000,7.0,server_received
fd00::207:7:7:7,1435,1435000,1436000,4.0,server_received
fd00::207:7:7:7,1454,1454000,1455000,1.0,server_received
fd00::207:7:7:7,1460,1460000,1461000,3.0,server_received
fd00::207:7:7:7,1468,1468000,1469000,2.0,server_received
fd00::207:7:7:7,1485,1485000,1486000,1.0,server_received
fd00::207:7:7:7,1488,1488000,1489000,2.0,server_received
fd00::207:7:7:7,1504,1504000,1505000,2.0,server_received
fd00::207:7:7:7,1524,1524000,1525000,4.0,server_received
fd00::207:7:7:7,1707,1707000,1708000,2.0,server_received
fd00::207:7:7:7,1722,1722000,1723000,2.0,server_received
fd00::207:7:7:7,1728,1728000,1729000,2.0,server_received
fd00::207:7:7:7,1739,1739000,1740000,2.0,server_received
fd00::207:7:7:7,1749,1749000,1750000,2.0,server_received
fd00::207:7:7:7,1763,1763000,1764000,2.0,server_received
fd00::207:7:7:7,1783,1783000,1784000,2.0,server_received
fd00::207:7:7:7,1799,1799000,1800000,3.0,server_received
fd00::207:7:7:7,1804,1804000,1805000,2.0,server_received
fd00::207:7:7:7,1816,1816000,1817000,2.0,server_received
fd00::207:7:7:7,1829,1829000,1830000,2.0,server_received
fd00::207:7:7:7,1846,1846000,1847000,1.0,server_received
fd00::207:7:7:7,1848,1848000,1849000,2.0,server_received
fd00::207:7:7:7,1862,1862000,1863000,2.0,server_received
fd00::207:7:7:7,1876,1876000,1877000,2.0,server_received
fd00::207:7:7:7,1879,1879000,1880000,3.0,server_received
fd00::207:7:7:7,1887,1887000,1888000,1.0,server_received
fd00::207:7:7:7,1898,1898000,1899000,2.0,server_received
fd00::207:7:7:7,1916,1916000,1917000,1.0,server_received
fd00::207:7:7:7,1947,1947000,1948000,2.0,server_received
fd00::207:7:7:7,1956,1956000,1957000,4.0,server_received
fd00::207:7:7:7,1959,1959000,1960000,3.0,server_received
fd00::207:7:7:7,2046,2046000,2047000,3.0,server_received
fd00::207:7:7:7,2056,2056000,2057000,2.0,server_received
fd00::207:7:7:7,2064,2064000,2065000,2.0,server_received
fd00::207:7:7:7,2077,2077000,2078000,2.0,server_received
fd00::207:7:7:7,2086,2086000,2087000,2.0,server_received
fd00::207:7:7:7,2098,2098000,2099000,2.0,server_received
fd00::207:7:7:7,2109,2109000,2110000,2.0,server_received
fd00::207:7:7:7,2129,2129000,2130000,2.0,server_received
fd00::207:7:7:7,2139,2139000,2140000,1.0,server_received
fd00::207:7:7:7,2148,2148000,2149000,1.0,server_received
fd00::208:8:8:8,115,115000,116000,0.0,server_received
fd00::208:8:8:8,126,126000,127000,2.0,server_received
fd00::208:8:8:8,136,136000,137000,2.0,server_received
fd00::208:8:8:8,146,146000,147000,2.0,server_received
fd00::208:8:8:8,159,159000,160000,2.0,server_received
fd00::208:8:8:8,167,167000,168000,2.0,server_received
fd00::208:8:8:8,182,182000,183000,2.0,server_received
fd00::208:8:8:8,206,206000,207000,3.0,server_received
fd00::208:8:8:8,216,216000,217000,2.0,server_received
fd00::208:8:8:8,1759,1759000,1760000,10.0,server_received
fd00::208:8:8:8,1763,1763000,1764000,2.0,server_received
fd00::208:8:8:8,1783,1783000,1784000,2.0,server_received
fd00::208:8:8:8,1789,1789000,1790000,2.0,server_received
fd00::208:8:8:8,1799,1799000,1800000,2.0,server_received
fd00::208:8:8:8,1804,1804000,1805000,2.0,server_received
fd00::208:8:8:8,1817,1817000,1818000,2.0,server_received
fd00::208:8:8:8,1830,1830000,1831000,2.0,server_received
fd00::208:8:8:8,1847,1847000,1848000,3.0,server_received
fd00::208:8:8:8,1848,1848000,1849000,1.0,server_received
fd00::208:8:8:8,1867,1867000,1868000,2.0,server_received
fd00::208:8:8:8,1876,1876000,1877000,2.0,server_received
fd00::208:8:8:8,1884,1884000,1885000,3.0,server_received
fd00::208:8:8:8,1888,1888000,1889000,1.0,server_received
fd00::208:8:8:8,1898,1898000,1899000,1.0,server_received
fd00::208:8:8:8,1922,1922000,1923000,2.0,server_received
fd00::208:8:8:8,1948,1948000,1949000,2.0,server_received
fd00::208:8:8:8,1956,1956000,1957000,2.0,server_received
fd00::208:8:8:8,1963,1963000,1964000,2.0,server_received
fd00::208:8:8:8,2062,2062000,2063000,3.0,server_received
fd00::208:8:8:8,2065,2065000,2066000,2.0,server_received
fd00::208:8:8:8,2077,2077000,2078000,2.0,server_received
fd00::208:8:8:8,2099,2099000,2100000,3.0,server_received
fd00::208:8:8:8,2108,2108000,2109000,1.0,server_received
fd00::208:8:8:8,2127,2127000,2128000,2.0,server_received
fd00::208:8:8:8,2136,2136000,2137000,2.0,server_received
fd00::208:8:8:8,2169,2169000,2170000,1.0,server_received
fd00::208:8:8:8,2175,2175000,2176000,1.0,server_received
fd00::209:9:9:9,1783,1783000,1784000,0.0,server_received
fd00::209:9:9:9,1792,1792000,1793000,1.0,server_received
fd00::209:9:9:9,1799,1799000,1800000,1.0,server_received
fd00::209:9:9:9,1816,1816000,1817000,2.0,server_received
fd00::209:9:9:9,1818,1818000,1819000,2.0,server_received
fd00::209:9:9:9,1845,1845000,1846000,2.0,server_received
fd00::209:9:9:9,1848,1848000,1849000,2.0,server_received
fd00::209:9:9:9,1875,1875000,1876000,3.0,server_received
fd00::209:9:9:9,1878,1878000,1879000,2.0,server_received
fd00::209:9:9:9,1884,1884000,1885000,2.0,server_received
fd00::209:9:9:9,1898,1898000,1899000,2.0,server_received
fd00::209:9:9:9,1911,1911000,1912000,1.0,server_received
fd00::209:9:9:9,1934,1934000,1935000,2.0,server_received
fd00::209:9:9:9,1955,1955000,1956000,3.0,server_received
fd00::209:9:9:9,1962,1962000,1963000,2.0,server_received
fd00::209:9:9:9,2066,2066000,2067000,3.0,server_received
fd00::209:9:9:9,2077,2077000,2078000,2.0,server_received
fd00::209:9:9:9,2106,2106000,2107000,3.0,server_received
fd00::209:9:9:9,2127,2127000,2128000,1.0,server_received
fd00::209:9:9:9,2130,2130000,2131000,3.0,server_received
fd00::209:9:9:9,2158,2158000,2159000,1.0,server_received
fd00::20a:a:a:a,133,133000,134000,0.0,server_received
fd00::20a:a:a:a,144,144000,145000,1.0,server_received
fd00::20a:a:a:a,158,158000,159000,2.0,server_received
fd00::20a:a:a:a,164,164000,165000,2.0,server_received
fd00::20a:a:a:a,178,178000,179000,3.0,server_received
fd00::20a:a:a:a,188,188000,189000,1.0,server_received
fd00::20a:a:a:a,204,204000,205000,3.0,server_received
fd00::20a:a:a:a,209,209000,210000,2.0,server_received
fd00::20a:a:a:a,1734,1734000,1735000,5.0,server_received
fd00::20a:a:a:a,1743,1743000,1744000,1.0,server_received
fd00::20a:a:a:a,1759,1759000,1760000,3.0,server_received
fd00::20a:a:a:a,1764,1764000,1765000,2.0,server_received
fd00::20a:a:a:a,1783,1783000,1784000,1.0,server_received
fd00::20a:a:a:a,1788,1788000,1789000,2.0,server_received
fd00::20a:a:a:a,1799,1799000,1800000,2.0,server_received
fd00::20a:a:a:a,1804,1804000,1805000,2.0,server_received
fd00::20a:a:a:a,1816,1816000,1817000,2.0,server_received
fd00::20a:a:a:a,1829,1829000,1830000,2.0,server_received
fd00::20a:a:a:a,1847,1847000,1848000,2.0,server_received
fd00::20a:a:a:a,1848,1848000,1849000,2.0,server_received
fd00::20a:a:a:a,1862,1862000,1863000,2.0,server_received
fd00::20a:a:a:a,1876,1876000,1877000,2.0,server_received
fd00::20a:a:a:a,1879,1879000,1880000,2.0,server_received
fd00::20a:a:a:a,1887,1887000,1888000,2.0,server_received
fd00::20a:a:a:a,1898,1898000,1899000,1.0,server_received
fd00::20a:a:a:a,1916,1916000,1917000,2.0,server_received
fd00::20a:a:a:a,1955,1955000,1956000,2.0,server_received
fd00::20a:a:a:a,1958,1958000,1959000,2.0,server_received
fd00::20a:a:a:a,1967,1967000,1968000,2.0,server_received
fd00::20a:a:a:a,2062,2062000,2063000,3.0,server_received
fd00::20a:a:a:a,2069,2069000,2070000,2.0,server_received
fd00::20a:a:a:a,2078,2078000,2079000,2.0,server_received
fd00::20a:a:a:a,2088,2088000,2089000,2.0,server_received
fd00::20a:a:a:a,2128,2128000,2129000,2.0,server_received
fd00::20a:a:a:a,2136,2136000,2137000,2.0,server_received
fd00::20a:a:a:a,2144,2144000,2145000,1.0,server_received
fd00::20b:b:b:b,60,60000,61000,0.0,server_received
fd00::20b:b:b:b,71,71000,72000,2.0,server_received
fd00::20b:b:b:b,81,81000,82000,2.0,server_received
fd00::20b:b:b:b,92,92000,93000,2.0,server_received
fd00::20b:b:b:b,102,102000,103000,2.0,server_received
fd00::20b:b:b:b,111,111000,112000,2.0,server_received
fd00::20b:b:b:b,123,123000,124000,2.0,server_received
fd00::20b:b:b:b,132,132000,133000,2.0,server_received
fd00::20b:b:b:b,145,145000,146000,2.0,server_received
fd00::20b:b:b:b,157,157000,158000,2.0,server_received
fd00::20b:b:b:b,163,163000,164000,2.0,server_received
fd00::20b:b:b:b,173,173000,174000,2.0,server_received
fd00::20b:b:b:b,182,182000,183000,2.0,server_received
fd00::20b:b:b:b,193,193000,194000,2.0,server_received
fd00::20b:b:b:b,211,211000,212000,2.0,server_received
fd00::20b:b:b:b,219,219000,220000,1.0,server_received
fd00::20b:b:b:b,222,222000,223000,2.0,server_received
fd00::20b:b:b:b,236,236000,237000,2.0,server_received
fd00::20b:b:b:b,248,248000,249000,1.0,server_received
fd00::20b:b:b:b,257,257000,258000,3.0,server_received
fd00::20b:b:b:b,268,268000,269000,3.0,server_received
fd00::20b:b:b:b,285,285000,286000,2.0,server_received
fd00::20b:b:b:b,303,303000,304000,3.0,server_received
fd00::20b:b:b:b,546,546000,547000,2.0,server_received
fd00::20b:b:b:b,563,563000,564000,2.0,server_received
fd00::20b:b:b:b,567,567000,568000,2.0,server_received
fd00::20b:b:b:b,577,577000,578000,2.0,server_received
fd00::20b:b:b:b,589,589000,590000,2.0,server_received
fd00::20b:b:b:b,599,599000,600000,2.0,server_received
fd00::20b:b:b:b,608,608000,609000,2.0,server_received
fd00::20b:b:b:b,617,617000,618000,2.0,server_received
fd00::20b:b:b:b,628,628000,629000,2.0,server_received
fd00::20b:b:b:b,638,638000,639000,2.0,server_received
fd00::20b:b:b:b,648,648000,649000,2.0,server_received
fd00::20b:b:b:b,658,658000,659000,2.0,server_received
fd00::20b:b:b:b,668,668000,669000,2.0,server_received
fd00::20b:b:b:b,678,678000,679000,2.0,server_received
fd00::20b:b:b:b,688,688000,689000,2.0,server_received
fd00::20b:b:b:b,698,698000,699000,2.0,server_received
fd00::20b:b:b:b,708,708000,709000,2.0,server_received
fd00::20b:b:b:b,718,718000,719000,2.0,server_received
fd00::20b:b:b:b,728,728000,729000,2.0,server_received
fd00::20b:b:b:b,738,738000,739000,2.0,server_received
fd00::20b:b:b:b,749,749000,750000,2.0,server_received
fd00::20b:b:b:b,759,759000,760000,2.0,server_received
fd00::20b:b:b:b,769,769000,770000,2.0,server_received
fd00::20b:b:b:b,779,779000,780000,2.0,server_received
fd00::20b:b:b:b,789,789000,790000,2.0,server_received
fd00::20b:b:b:b,806,806000,807000,2.0,server_received
fd00::20b:b:b:b,812,812000,813000,2.0,server_received
fd00::20b:b:b:b,822,822000,823000,2.0,server_received
fd00::20b:b:b:b,834,834000,835000,2.0,server_received
fd00::20b:b:b:b,845,845000,846000,2.0,server_received
fd00::20b:b:b:b,852,852000,853000,2.0,server_received
fd00::20b:b:b:b,866,866000,867000,2.0,server_received
fd00::20b:b:b:b,872,872000,873000,2.0,server_received
fd00::20b:b:b:b,882,882000,883000,2.0,server_received
fd00::20b:b:b:b,894,894000,895000,2.0,server_received
fd00::20b:b:b:b,906,906000,907000,3.0,server_received
fd00::20b:b:b:b,915,915000,916000,2.0,server_received
fd00::20b:b:b:b,923,923000,924000,2.0,server_received
fd00::20b:b:b:b,933,933000,934000,2.0,server_received
fd00::20b:b:b:b,943,943000,944000,2.0,server_received
fd00::20b:b:b:b,951,951000,952000,2.0,server_received
fd00::20b:b:b:b,962,962000,963000,1.0,server_received
fd00::20b:b:b:b,974,974000,975000,2.0,server_received
fd00::20b:b:b:b,986,986000,987000,3.0,server_received
fd00::20b:b:b:b,997,997000,998000,2.0,server_received
fd00::20b:b:b:b,1009,1009000,1010000,2.0,server_received
fd00::20b:b:b:b,1036,1036000,1037000,1.0,server_received
fd00::20b:b:b:b,2318,2318000,2319000,3.0,server_received
fd00::20b:b:b:b,2328,2328000,2329000,2.0,server_received
fd00::20b:b:b:b,2348,2348000,2349000,2.0,server_received
fd00::20b:b:b:b,2349,2349000,2350000,2.0,server_received
fd00::20b:b:b:b,2358,2358000,2359000,2.0,server_received
fd00::20b:b:b:b,2368,2368000,2369000,2.0,server_received
fd00::20b:b:b:b,2378,2378000,2379000,2.0,server_received
fd00::20b:b:b:b,2389,2389000,2390000,1.0,server_received
fd00::20b:b:b:b,2399,2399000,2400000,2.0,server_received
fd00::20b:b:b:b,2409,2409000,2410000,2.0,server_received
fd00::20b:b:b:b,2424,2424000,2425000,2.0,server_received
fd00::20b:b:b:b,2429,2429000,2430000,2.0,server_received
fd00::20b:b:b:b,2439,2439000,2440000,2.0,server_received
fd00::20b:b:b:b,2449,2449000,2450000,2.0,server_received
fd00::20b:b:b:b,2459,2459000,2460000,2.0,server_received
fd00::20b:b:b:b,2472,2472000,2473000,2.0,server_received
fd00::20b:b:b:b,2488,2488000,2489000,2.0,server_received
fd00::20b:b:b:b,2493,2493000,2494000,2.0,server_received
fd00::20b:b:b:b,2503,2503000,2504000,2.0,server_received
fd00::20b:b:b:b,2511,2511000,2512000,2.0,server_received
fd00::20b:b:b:b,2521,2521000,2522000,2.0,server_received
fd00::20b:b:b:b,2535,2535000,2536000,2.0,server_received
fd00::20b:b:b:b,2542,2542000,2543000,2.0,server_received
fd00::20b:b:b:b,2552,2552000,2553000,2.0,server_received
fd00::20b:b:b:b,2561,2561000,2562000,2.0,server_received
fd00::20b:b:b:b,2574,2574000,2575000,2.0,server_received
fd00::20b:b:b:b,2583,2583000,2584000,2.0,server_received
fd00::20b:b:b:b,2598,2598000,2599000,1.0,server_received
fd00::20b:b:b:b,2678,2678000,2679000,5.0,server_received
fd00::20b:b:b:b,2881,2881000,2882000,2.0,server_received
fd00::20b:b:b:b,2887,2887000,2888000,3.0,server_received
fd00::20b:b:b:b,2898,2898000,2899000,2.0,server_received
fd00::20b:b:b:b,2905,2905000,2906000,2.0,server_received
fd00::20b:b:b:b,2917,2917000,2918000,2.0,server_received
fd00::20b:b:b:b,2928,2928000,2929000,2.0,server_received
fd00::20b:b:b:b,2936,2936000,2937000,2.0,server_received
fd00::20b:b:b:b,2946,2946000,2947000,2.0,server_received
fd00::20b:b:b:b,2955,2955000,2956000,2.0,server_received
fd00::20b:b:b:b,2966,2966000,2967000,2.0,server_received
fd00::20b:b:b:b,2977,2977000,2978000,1.0,server_received
fd00::20b:b:b:b,2986,2986000,2987000,2.0,server_received
fd00::20b:b:b:b,3000,3000000,3001000,2.0,server_received
fd00::20b:b:b:b,3013,3013000,3014000,3.0,server_received
fd00::20b:b:b:b,3016,3016000,3017000,2.0,server_received
fd00::20b:b:b:b,3026,3026000,3027000,2.0,server_received
fd00::20b:b:b:b,3037,3037000,3038000,2.0,server_received
fd00::20b:b:b:b,3047,3047000,3048000,2.0,server_received
fd00::20b:b:b:b,3057,3057000,3058000,2.0,server_received
fd00::20b:b:b:b,3067,3067000,3068000,2.0,server_received
fd00::20b:b:b:b,3078,3078000,3079000,2.0,server_received
fd00::20b:b:b:b,3087,3087000,3088000,2.0,server_received
fd00::20b:b:b:b,3097,3097000,3098000,2.0,server_received
fd00::20b:b:b:b,3113,3113000,3114000,2.0,server_received
fd00::20b:b:b:b,3119,3119000,3120000,2.0,server_received
fd00::20b:b:b:b,3127,3127000,3128000,2.0,server_received
fd00::20b:b:b:b,3138,3138000,3139000,1.0,server_received
fd00::20b:b:b:b,3169,3169000,3170000,4.0,server_received
fd00::20b:b:b:b,3178,3178000,3179000,2.0,server_received
fd00::20b:b:b:b,3188,3188000,3189000,3.0,server_received
fd00::20b:b:b:b,3198,3198000,3199000,2.0,server_received
fd00::20b:b:b:b,3208,3208000,3209000,2.0,server_received
fd00::20b:b:b:b,3219,3219000,3220000,2.0,server_received
fd00::20b:b:b:b,3229,3229000,3230000,2.0,server_received
fd00::20b:b:b:b,3239,3239000,3240000,2.0,server_received
fd00::20b:b:b:b,3249,3249000,3250000,2.0,server_received
fd00::20b:b:b:b,3259,3259000,3260000,2.0,server_received
fd00::20b:b:b:b,3269,3269000,3270000,2.0,server_received
fd00::20b:b:b:b,3280,3280000,3281000,2.0,server_received
fd00::20b:b:b:b,3289,3289000,3290000,2.0,server_received
fd00::20b:b:b:b,3300,3300000,3301000,2.0,server_received
fd00::20b:b:b:b,3310,3310000,3311000,2.0,server_received
fd00::20b:b:b:b,3320,3320000,3321000,2.0,server_received
fd00::20b:b:b:b,3331,3331000,3332000,2.0,server_received
fd00::20b:b:b:b,3343,3343000,3344000,2.0,server_received
fd00::20b:b:b:b,3352,3352000,3353000,2.0,server_received
fd00::20b:b:b:b,3364,3364000,3365000,2.0,server_received
fd00::20b:b:b:b,3373,3373000,3374000,2.0,server_received
fd00::20b:b:b:b,3382,3382000,3383000,2.0,server_received
fd00::20b:b:b:b,3394,3394000,3395000,2.0,server_received
fd00::20b:b:b:b,3401,3401000,3402000,2.0,server_received
fd00::20b:b:b:b,3416,3416000,3417000,3.0,server_received
fd00::20b:b:b:b,3427,3427000,3428000,1.0,server_received
fd00::20b:b:b:b,3444,3444000,3445000,3.0,server_received
fd00::20b:b:b:b,3445,3445000,3446000,2.0,server_received
fd00::20b:b:b:b,3456,3456000,3457000,2.0,server_received
fd00::20b:b:b:b,3463,3463000,3464000,2.0,server_received
fd00::20b:b:b:b,3480,3480000,3481000,2.0,server_received
fd00::20b:b:b:b,3487,3487000,3488000,2.0,server_received
fd00::20b:b:b:b,3497,3497000,3498000,2.0,server_received
fd00::20b:b:b:b,3508,3508000,3509000,2.0,server_received
fd00::20b:b:b:b,3512,3512000,3513000,1.0,server_received
fd00::20b:b:b:b,3527,3527000,3528000,2.0,server_received
fd00::20b:b:b:b,3533,3533000,3534000,2.0,server_received
fd00::20c:c:c:c,33,33000,34000,0.0,server_received
fd00::20c:c:c:c,43,43000,44000,2.0,server_received
fd00::20c:c:c:c,54,54000,55000,2.0,server_received
fd00::20c:c:c:c,65,65000,66000,2.0,server_received
fd00::20c:c:c:c,76,76000,77000,2.0,server_received
fd00::20c:c:c:c,87,87000,88000,2.0,server_received
fd00::20c:c:c:c,97,97000,98000,2.0,server_received
fd00::20c:c:c:c,108,108000,109000,2.0,server_received
fd00::20c:c:c:c,119,119000,120000,2.0,server_received
fd00::20c:c:c:c,135,135000,136000,2.0,server_received
fd00::20c:c:c:c,148,148000,149000,3.0,server_received
fd00::20c:c:c:c,159,159000,160000,2.0,server_received
fd00::20c:c:c:c,553,553000,554000,3.0,server_received
fd00::20c:c:c:c,563,563000,564000,3.0,server_received
fd00::20c:c:c:c,575,575000,576000,1.0,server_received
fd00::20c:c:c:c,588,588000,589000,2.0,server_received
fd00::20c:c:c:c,598,598000,599000,2.0,server_received
fd00::20c:c:c:c,616,616000,617000,1.0,server_received
fd00::20c:c:c:c,807,807000,808000,3.0,server_received
fd00::20c:c:c:c,815,815000,816000,1.0,server_received
fd00::20c:c:c:c,828,828000,829000,3.0,server_received
fd00::20c:c:c:c,834,834000,835000,2.0,server_received
fd00::20c:c:c:c,845,845000,846000,2.0,server_received
fd00::20c:c:c:c,856,856000,857000,2.0,server_received
fd00::20c:c:c:c,867,867000,868000,2.0,server_received
fd00::20c:c:c:c,878,878000,879000,2.0,server_received
fd00::20c:c:c:c,888,888000,889000,2.0,server_received
fd00::20c:c:c:c,903,903000,904000,2.0,server_received
fd00::20c:c:c:c,917,917000,918000,2.0,server_received
fd00::20c:c:c:c,924,924000,925000,2.0,server_received
fd00::20c:c:c:c,939,939000,940000,2.0,server_received
fd00::20c:c:c:c,3369,3369000,3370000,1.0,server_received
fd00::20c:c:c:c,3381,3381000,3382000,1.0,server_received
fd00::20c:c:c:c,3395,3395000,3396000,3.0,server_received
fd00::20c:c:c:c,3402,3402000,3403000,2.0,server_received
fd00::20c:c:c:c,3416,3416000,3417000,2.0,server_received
fd00::20c:c:c:c,3425,3425000,3426000,2.0,server_received
fd00::20c:c:c:c,3437,3437000,3438000,2.0,server_received
fd00::20c:c:c:c,3445,3445000,3446000,2.0,server_received
fd00::20c:c:c:c,3458,3458000,3459000,1.0,server_received
fd00::20d:d:d:d,91,91000,92000,0.0,server_received
fd00::20d:d:d:d,103,103000,104000,2.0,server_received
fd00::20d:d:d:d,114,114000,115000,2.0,server_received
fd00::20d:d:d:d,123,123000,124000,2.0,server_received
fd00::20d:d:d:d,135,135000,136000,2.0,server_received
fd00::20d:d:d:d,148,148000,149000,2.0,server_received
fd00::20d:d:d:d,159,159000,160000,2.0,server_received
fd00::20d:d:d:d,168,168000,169000,2.0,server_received
fd00::20d:d:d:d,179,179000,180000,1.0,server_received
fd00::20d:d:d:d,186,186000,187000,2.0,server_received
fd00::20d:d:d:d,198,198000,199000,2.0,server_received
fd00::20d:d:d:d,208,208000,209000,2.0,server_received
fd00::20d:d:d:d,224,224000,225000,2.0,server_received
fd00::20d:d:d:d,251,251000,252000,3.0,server_received
fd00::20d:d:d:d,307,307000,308000,6.0,server_received
fd00::20d:d:d:d,315,315000,316000,2.0,server_received
fd00::20d:d:d:d,324,324000,325000,2.0,server_received
fd00::20d:d:d:d,335,335000,336000,2.0,server_received
fd00::20d:d:d:d,344,344000,345000,2.0,server_received
fd00::20d:d:d:d,355,355000,356000,2.0,server_received
fd00::20d:d:d:d,365,365000,366000,2.0,server_received
fd00::20d:d:d:d,374,374000,375000,2.0,server_received
fd00::20d:d:d:d,384,384000,385000,2.0,server_received
fd00::20d:d:d:d,396,396000,397000,2.0,server_received
fd00::20d:d:d:d,405,405000,406000,2.0,server_received
fd00::20d:d:d:d,418,418000,419000,2.0,server_received
fd00::20d:d:d:d,425,425000,426000,2.0,server_received
fd00::20d:d:d:d,436,436000,437000,2.0,server_received
fd00::20d:d:d:d,447,447000,448000,2.0,server_received
fd00::20d:d:d:d,458,458000,459000,2.0,server_received
fd00::20d:d:d:d,467,467000,468000,2.0,server_received
fd00::20d:d:d:d,475,475000,476000,2.0,server_received
fd00::20d:d:d:d,486,486000,487000,2.0,server_received
fd00::20d:d:d:d,496,496000,497000,2.0,server_received
fd00::20d:d:d:d,506,506000,507000,2.0,server_received
fd00::20d:d:d:d,518,518000,519000,2.0,server_received
fd00::20d:d:d:d,529,529000,530000,2.0,server_received
fd00::20d:d:d:d,539,539000,540000,1.0,server_received
fd00::20d:d:d:d,551,551000,552000,2.0,server_received
fd00::20d:d:d:d,569,569000,570000,2.0,server_received
fd00::20d:d:d:d,578,578000,579000,1.0,server_received
fd00::20d:d:d:d,589,589000,590000,1.0,server_received
fd00::20d:d:d:d,759,759000,760000,5.0,server_received
fd00::20d:d:d:d,769,769000,770000,2.0,server_received
fd00::20d:d:d:d,779,779000,780000,2.0,server_received
fd00::20d:d:d:d,794,794000,795000,2.0,server_received
fd00::20d:d:d:d,807,807000,808000,2.0,server_received
fd00::20d:d:d:d,815,815000,816000,2.0,server_received
fd00::20d:d:d:d,827,827000,828000,2.0,server_received
fd00::20d:d:d:d,835,835000,836000,2.0,server_received
fd00::20d:d:d:d,842,842000,843000,2.0,server_received
fd00::20d:d:d:d,853,853000,854000,2.0,server_received
fd00::20d:d:d:d,861,861000,862000,2.0,server_received
fd00::20d:d:d:d,872,872000,873000,2.0,server_received
fd00::20d:d:d:d,886,886000,887000,2.0,server_received
fd00::20d:d:d:d,892,892000,893000,2.0,server_received
fd00::20d:d:d:d,901,901000,902000,2.0,server_received
fd00::20d:d:d:d,917,917000,918000,2.0,server_received
fd00::20d:d:d:d,924,924000,925000,2.0,server_received
fd00::20d:d:d:d,934,934000,935000,2.0,server_received
fd00::20d:d:d:d,941,941000,942000,2.0,server_received
fd00::20d:d:d:d,952,952000,953000,2.0,server_received
fd00::20d:d:d:d,962,962000,963000,2.0,server_received
fd00::20d:d:d:d,985,985000,986000,3.0,server_received
fd00::20d:d:d:d,3398,3398000,3399000,1.0,server_received
fd00::20d:d:d:d,3408,3408000,3409000,2.0,server_received
fd00::20d:d:d:d,3418,3418000,3419000,2.0,server_received
fd00::20d:d:d:d,3437,3437000,3438000,2.0,server_received
fd00::20d:d:d:d,3439,3439000,3440000,2.0,server_received
fd00::20d:d:d:d,3452,3452000,3453000,1.0,server_received
fd00::20d:d:d:d,3463,3463000,3464000,2.0,server_received
fd00::20d:d:d:d,3476,3476000,3477000,2.0,server_received
fd00::20d:d:d:d,3496,3496000,3497000,2.0,server_received
fd00::20d:d:d:d,3513,3513000,3514000,3.0,server_received
fd00::20d:d:d:d,3522,3522000,3523000,3.0,server_received
fd00::20d:d:d:d,3532,3532000,3533000,3.0,server_received
fd00::20d:d:d:d,3544,3544000,3545000,2.0,server_received
fd00::20d:d:d:d,3553,3553000,3554000,2.0,server_received
fd00::20d:d:d:d,3565,3565000,3566000,2.0,server_received
fd00::20d:d:d:d,3575,3575000,3576000,2.0,server_received
fd00::20d:d:d:d,3585,3585000,3586000,2.0,server_received
fd00::20d:d:d:d,3593,3593000,3594000,2.0,server_received
fd00::20e:e:e:e,97,97000,98000,0.0,server_received
fd00::20e:e:e:e,107,107000,108000,2.0,server_received
fd00::20e:e:e:e,146,146000,147000,2.0,server_received
fd00::20e:e:e:e,154,154000,155000,1.0,server_received
fd00::20e:e:e:e,204,204000,205000,2.0,server_received
fd00::20e:e:e:e,1668,1668000,1669000,5.0,server_received
fd00::20e:e:e:e,1724,1724000,1725000,1.0,server_received
fd00::20f:f:f:f,159,159000,160000,0.0,server_received
fd00::20f:f:f:f,1816,1816000,1817000,3.0,server_received
fd00::20f:f:f:f,1829,1829000,1830000,2.0,server_received
fd00::20f:f:f:f,1845,1845000,1846000,2.0,server_received
fd00::20f:f:f:f,1847,1847000,1848000,1.0,server_received
fd00::20f:f:f:f,1877,1877000,1878000,2.0,server_received
fd00::20f:f:f:f,1887,1887000,1888000,1.0,server_received
fd00::20f:f:f:f,1898,1898000,1899000,2.0,server_received
fd00::20f:f:f:f,2098,2098000,2099000,5.0,server_received
fd00::20f:f:f:f,2107,2107000,2108000,2.0,server_received
fd00::20f:f:f:f,2127,2127000,2128000,2.0,server_received
fd00::20f:f:f:f,2135,2135000,2136000,2.0,server_received
fd00::20f:f:f:f,2175,2175000,2176000,2.0,server_received
fd00::210:10:10:10,148,148000,149000,0.0,server_received
fd00::210:10:10:10,174,174000,175000,1.0,server_received
fd00::210:10:10:10,181,181000,182000,2.0,server_received
fd00::210:10:10:10,495,495000,496000,1.0,server_received
fd00::210:10:10:10,503,503000,504000,2.0,server_received
fd00::210:10:10:10,2358,2358000,2359000,3.0,server_received
fd00::210:10:10:10,2368,2368000,2369000,2.0,server_received
fd00::210:10:10:10,2572,2572000,2573000,3.0,server_received
fd00::210:10:10:10,2578,2578000,2579000,2.0,server_received
fd00::210:10:10:10,2899,2899000,2900000,4.0,server_received
fd00::210:10:10:10,3114,3114000,3115000,2.0,server_received
fd00::210:10:10:10,3120,3120000,3121000,2.0,server_received
fd00::211:11:11:11,187,187000,188000,0.0,server_received
fd00::211:11:11:11,199,199000,200000,1.0,server_received
fd00::211:11:11:11,214,214000,215000,2.0,server_received
fd00::211:11:11:11,231,231000,232000,2.0,server_received
fd00::211:11:11:11,288,288000,289000,4.0,server_received
fd00::211:11:11:11,788,788000,789000,2.0,server_received
fd00::211:11:11:11,839,839000,840000,2.0,server_received
fd00::211:11:11:11,848,848000,849000,2.0,server_received
fd00::211:11:11:11,859,859000,860000,2.0,server_received
fd00::211:11:11:11,878,878000,879000,1.0,server_received
fd00::211:11:11:11,886,886000,887000,3.0,server_received
fd00::211:11:11:11,917,917000,918000,2.0,server_received
fd00::211:11:11:11,924,924000,925000,2.0,server_received
fd00::211:11:11:11,934,934000,935000,2.0,server_received
fd00::211:11:11:11,941,941000,942000,2.0,server_received
fd00::211:11:11:11,952,952000,953000,2.0,server_received
fd00::211:11:11:11,966,966000,967000,2.0,server_received
fd00::212:12:12:12,206,206000,207000,0.0,server_received
fd00::212:12:12:12,217,217000,218000,1.0,server_received
fd00::213:13:13:13,136,136000,137000,0.0,server_received
fd00::213:13:13:13,148,148000,149000,2.0,server_received
fd00::213:13:13:13,169,169000,170000,1.0,server_received
fd00::213:13:13:13,186,186000,187000,2.0,server_received
fd00::213:13:13:13,188,188000,189000,1.0,server_received
fd00::213:13:13:13,218,218000,219000,3.0,server_received
fd00::213:13:13:13,225,225000,226000,2.0,server_received
fd00::213:13:13:13,328,328000,329000,2.0,server_received
fd00::213:13:13:13,519,519000,520000,2.0,server_received
fd00::213:13:13:13,529,529000,530000,2.0,server_received
fd00::213:13:13:13,539,539000,540000,2.0,server_received
fd00::213:13:13:13,966,966000,967000,1.0,server_received
fd00::213:13:13:13,3438,3438000,3439000,2.0,server_received
fd00::213:13:13:13,3464,3464000,3465000,3.0,server_received
fd00::213:13:13:13,3493,3493000,3494000,1.0,server_received
fd00::213:13:13:13,3505,3505000,3506000,1.0,server_received
fd00::213:13:13:13,3588,3588000,3589000,2.0,server_received
fd00::213:13:13:13,3597,3597000,3598000,2.0,server_received
fd00::202:2:2:2,20,20000,21000,0.0,total_sent
fd00::202:2:2:2,31,31000,32000,1.0,total_sent
fd00::202:2:2:2,42,42000,43000,1.0,total_sent
fd00::202:2:2:2,52,52000,53000,1.0,total_sent
fd00::202:2:2:2,63,63000,64000,1.0,total_sent
fd00::202:2:2:2,73,73000,74000,1.0,total_sent
fd00::202:2:2:2,84,84000,85000,1.0,total_sent
fd00::202:2:2:2,94,94000,95000,1.0,total_sent
fd00::202:2:2:2,105,105000,106000,1.0,total_sent
fd00::202:2:2:2,115,115000,116000,1.0,total_sent
fd00::202:2:2:2,126,126000,127000,1.0,total_sent
fd00::202:2:2:2,136,136000,137000,1.0,total_sent
fd00::202:2:2:2,147,147000,148000,1.0,total_sent
fd00::202:2:2:2,157,157000,158000,1.0,total_sent
fd00::202:2:2:2,168,168000,169000,1.0,total_sent
fd00::202:2:2:2,179,179000,180000,1.0,total_sent
fd00::202:2:2:2,189,189000,190000,1.0,total_sent
fd00::202:2:2:2,222,222000,223000,3.0,total_sent
fd00::202:2:2:2,235,235000,236000,1.0,total_sent
fd00::202:2:2:2,248,248000,249000,1.0,total_sent
fd00::202:2:2:2,257,257000,258000,1.0,total_sent
fd00::202:2:2:2,263,263000,264000,1.0,total_sent
fd00::202:2:2:2,279,279000,280000,1.0,total_sent
fd00::202:2:2:2,285,285000,286000,1.0,total_sent
fd00::202:2:2:2,303,303000,304000,1.0,total_sent
fd00::202:2:2:2,473,473000,474000,1.0,total_sent
fd00::202:2:2:2,484,484000,485000,1.0,total_sent
fd00::202:2:2:2,494,494000,495000,1.0,total_sent
fd00::202:2:2:2,507,507000,508000,1.0,total_sent
fd00::202:2:2:2,515,515000,516000,1.0,total_sent
fd00::202:2:2:2,526,526000,527000,1.0,total_sent
fd00::202:2:2:2,537,537000,538000,1.0,total_sent
fd00::202:2:2:2,547,547000,548000,1.0,total_sent
fd00::202:2:2:2,563,563000,564000,1.0,total_sent
fd00::202:2:2:2,568,568000,569000,1.0,total_sent
fd00::202:2:2:2,584,584000,585000,1.0,total_sent
fd00::202:2:2:2,589,589000,590000,1.0,total_sent
fd00::202:2:2:2,600,600000,601000,1.0,total_sent
fd00::202:2:2:2,617,617000,618000,1.0,total_sent
fd00::202:2:2:2,626,626000,627000,1.0,total_sent
fd00::202:2:2:2,631,631000,632000,1.0,total_sent
fd00::202:2:2:2,642,642000,643000,1.0,total_sent
fd00::202:2:2:2,655,655000,656000,1.0,total_sent
fd00::202:2:2:2,664,664000,665000,1.0,total_sent
fd00::202:2:2:2,675,675000,676000,1.0,total_sent
fd00::202:2:2:2,684,684000,685000,1.0,total_sent
fd00::202:2:2:2,694,694000,695000,1.0,total_sent
fd00::202:2:2:2,705,705000,706000,1.0,total_sent
fd00::202:2:2:2,718,718000,719000,1.0,total_sent
fd00::202:2:2:2,726,726000,727000,1.0,total_sent
fd00::202:2:2:2,737,737000,738000,1.0,total_sent
fd00::202:2:2:2,747,747000,748000,1.0,total_sent
fd00::202:2:2:2,758,758000,759000,1.0,total_sent
fd00::202:2:2:2,769,769000,770000,1.0,total_sent
fd00::202:2:2:2,779,779000,780000,1.0,total_sent
fd00::202:2:2:2,802,802000,803000,2.0,total_sent
fd00::202:2:2:2,816,816000,817000,1.0,total_sent
fd00::202:2:2:2,822,822000,823000,1.0,total_sent
fd00::202:2:2:2,835,835000,836000,1.0,total_sent
fd00::202:2:2:2,845,845000,846000,1.0,total_sent
fd00::202:2:2:2,854,854000,855000,1.0,total_sent
fd00::202:2:2:2,866,866000,867000,1.0,total_sent
fd00::202:2:2:2,873,873000,874000,1.0,total_sent
fd00::202:2:2:2,886,886000,887000,1.0,total_sent
fd00::202:2:2:2,895,895000,896000,1.0,total_sent
fd00::202:2:2:2,906,906000,907000,1.0,total_sent
fd00::202:2:2:2,916,916000,917000,1.0,total_sent
fd00::202:2:2:2,926,926000,927000,1.0,total_sent
fd00::202:2:2:2,937,937000,938000,1.0,total_sent
fd00::202:2:2:2,947,947000,948000,1.0,total_sent
fd00::202:2:2:2,958,958000,959000,1.0,total_sent
fd00::202:2:2:2,968,968000,969000,1.0,total_sent
fd00::202:2:2:2,986,986000,987000,1.0,total_sent
fd00::202:2:2:2,989,989000,990000,1.0,total_sent
fd00::202:2:2:2,1007,1007000,1008000,1.0,total_sent
fd00::202:2:2:2,1122,1122000,1123000,2.0,total_sent
fd00::202:2:2:2,1348,1348000,1349000,6.0,total_sent
fd00::202:2:2:2,1358,1358000,1359000,1.0,total_sent
fd00::202:2:2:2,1369,1369000,1370000,1.0,total_sent
fd00::202:2:2:2,1422,1422000,1423000,0.0,total_sent
fd00::202:2:2:2,1465,1465000,1466000,8.0,total_sent
fd00::202:2:2:2,1481,1481000,1482000,1.0,total_sent
fd00::202:2:2:2,1487,1487000,1488000,1.0,total_sent
fd00::202:2:2:2,1495,1495000,1496000,1.0,total_sent
fd00::202:2:2:2,1506,1506000,1507000,1.0,total_sent
fd00::202:2:2:2,1522,1522000,1523000,1.0,total_sent
fd00::202:2:2:2,1526,1526000,1527000,1.0,total_sent
fd00::202:2:2:2,1537,1537000,1538000,1.0,total_sent
fd00::202:2:2:2,1549,1549000,1550000,1.0,total_sent
fd00::202:2:2:2,1558,1558000,1559000,1.0,total_sent
fd00::202:2:2:2,1570,1570000,1571000,1.0,total_sent
fd00::202:2:2:2,1580,1580000,1581000,1.0,total_sent
fd00::202:2:2:2,1598,1598000,1599000,1.0,total_sent
fd00::202:2:2:2,1606,1606000,1607000,1.0,total_sent
fd00::202:2:2:2,1616,1616000,1617000,1.0,total_sent
fd00::202:2:2:2,1625,1625000,1626000,1.0,total_sent
fd00::202:2:2:2,1638,1638000,1639000,1.0,total_sent
fd00::202:2:2:2,1649,1649000,1650000,1.0,total_sent
fd00::202:2:2:2,1657,1657000,1658000,1.0,total_sent
fd00::202:2:2:2,1665,1665000,1666000,1.0,total_sent
fd00::202:2:2:2,1675,1675000,1676000,1.0,total_sent
fd00::202:2:2:2,1685,1685000,1686000,1.0,total_sent
fd00::202:2:2:2,1695,1695000,1696000,1.0,total_sent
fd00::202:2:2:2,1706,1706000,1707000,1.0,total_sent
fd00::202:2:2:2,1717,1717000,1718000,1.0,total_sent
fd00::202:2:2:2,1732,1732000,1733000,1.0,total_sent
fd00::202:2:2:2,1737,1737000,1738000,1.0,total_sent
fd00::202:2:2:2,1906,1906000,1907000,2.0,total_sent
fd00::202:2:2:2,1916,1916000,1917000,1.0,total_sent
fd00::202:2:2:2,1927,1927000,1928000,1.0,total_sent
fd00::202:2:2:2,2306,2306000,2307000,1.0,total_sent
fd00::202:2:2:2,2316,2316000,2317000,1.0,total_sent
fd00::202:2:2:2,2327,2327000,2328000,1.0,total_sent
fd00::202:2:2:2,2343,2343000,2344000,1.0,total_sent
fd00::202:2:2:2,2348,2348000,2349000,1.0,total_sent
fd00::202:2:2:2,2358,2358000,2359000,1.0,total_sent
fd00::202:2:2:2,2369,2369000,2370000,1.0,total_sent
fd00::202:2:2:2,2379,2379000,2380000,1.0,total_sent
fd00::202:2:2:2,2391,2391000,2392000,1.0,total_sent
fd00::202:2:2:2,2408,2408000,2409000,1.0,total_sent
fd00::202:2:2:2,2415,2415000,2416000,1.0,total_sent
fd00::202:2:2:2,2425,2425000,2426000,1.0,total_sent
fd00::202:2:2:2,2432,2432000,2433000,1.0,total_sent
fd00::202:2:2:2,2443,2443000,2444000,1.0,total_sent
fd00::202:2:2:2,2453,2453000,2454000,1.0,total_sent
fd00::202:2:2:2,2467,2467000,2468000,1.0,total_sent
fd00::202:2:2:2,2475,2475000,2476000,1.0,total_sent
fd00::202:2:2:2,2492,2492000,2493000,1.0,total_sent
fd00::202:2:2:2,2495,2495000,2496000,1.0,total_sent
fd00::202:2:2:2,2508,2508000,2509000,1.0,total_sent
fd00::202:2:2:2,2521,2521000,2522000,1.0,total_sent
fd00::202:2:2:2,2528,2528000,2529000,1.0,total_sent
fd00::202:2:2:2,2539,2539000,2540000,1.0,total_sent
fd00::202:2:2:2,2548,2548000,2549000,1.0,total_sent
fd00::202:2:2:2,2559,2559000,2560000,1.0,total_sent
fd00::202:2:2:2,2572,2572000,2573000,1.0,total_sent
fd00::202:2:2:2,2580,2580000,2581000,1.0,total_sent
fd00::202:2:2:2,2591,2591000,2592000,1.0,total_sent
fd00::202:2:2:2,2601,2601000,2602000,1.0,total_sent
fd00::202:2:2:2,2614,2614000,2615000,1.0,total_sent
fd00::202:2:2:2,2623,2623000,2624000,1.0,total_sent
fd00::202:2:2:2,2632,2632000,2633000,1.0,total_sent
fd00::202:2:2:2,2646,2646000,2647000,1.0,total_sent
fd00::202:2:2:2,2811,2811000,2812000,1.0,total_sent
fd00::202:2:2:2,2822,2822000,2823000,1.0,total_sent
fd00::202:2:2:2,2832,2832000,2833000,1.0,total_sent
fd00::202:2:2:2,2844,2844000,2845000,1.0,total_sent
fd00::202:2:2:2,2854,2854000,2855000,1.0,total_sent
fd00::202:2:2:2,2864,2864000,2865000,1.0,total_sent
fd00::202:2:2:2,2881,2881000,2882000,1.0,total_sent
fd00::202:2:2:2,2887,2887000,2888000,1.0,total_sent
fd00::202:2:2:2,2898,2898000,2899000,1.0,total_sent
fd00::202:2:2:2,2906,2906000,2907000,1.0,total_sent
fd00::202:2:2:2,2916,2916000,2917000,1.0,total_sent
fd00::202:2:2:2,2928,2928000,2929000,1.0,total_sent
fd00::202:2:2:2,2938,2938000,2939000,1.0,total_sent
fd00::202:2:2:2,2951,2951000,2952000,1.0,total_sent
fd00::202:2:2:2,2959,2959000,2960000,1.0,total_sent
fd00::202:2:2:2,2969,2969000,2970000,1.0,total_sent
fd00::202:2:2:2,2980,2980000,2981000,1.0,total_sent
fd00::202:2:2:2,2992,2992000,2993000,1.0,total_sent
fd00::202:2:2:2,3023,3023000,3024000,1.0,total_sent
fd00::202:2:2:2,3032,3032000,3033000,1.0,total_sent
fd00::202:2:2:2,3047,3047000,3048000,1.0,total_sent
fd00::202:2:2:2,3054,3054000,3055000,1.0,total_sent
fd00::202:2:2:2,3065,3065000,3066000,1.0,total_sent
fd00::202:2:2:2,3078,3078000,3079000,1.0,total_sent
fd00::202:2:2:2,3085,3085000,3086000,1.0,total_sent
fd00::202:2:2:2,3096,3096000,3097000,1.0,total_sent
fd00::202:2:2:2,3112,3112000,3113000,1.0,total_sent
fd00::202:2:2:2,3119,3119000,3120000,1.0,total_sent
fd00::202:2:2:2,3127,3127000,3128000,1.0,total_sent
fd00::202:2:2:2,3138,3138000,3139000,1.0,total_sent
fd00::202:2:2:2,3169,3169000,3170000,1.0,total_sent
fd00::202:2:2:2,3180,3180000,3181000,1.0,total_sent
fd00::202:2:2:2,3190,3190000,3191000,1.0,total_sent
fd00::202:2:2:2,3201,3201000,3202000,1.0,total_sent
fd00::202:2:2:2,3211,3211000,3212000,1.0,total_sent
fd00::202:2:2:2,3222,3222000,3223000,1.0,total_sent
fd00::202:2:2:2,3232,3232000,3233000,1.0,total_sent
fd00::202:2:2:2,3244,3244000,3245000,1.0,total_sent
fd00::202:2:2:2,3254,3254000,3255000,1.0,total_sent
fd00::202:2:2:2,3268,3268000,3269000,1.0,total_sent
fd00::202:2:2:2,3275,3275000,3276000,1.0,total_sent
fd00::202:2:2:2,3285,3285000,3286000,1.0,total_sent
fd00::202:2:2:2,3296,3296000,3297000,1.0,total_sent
fd00::202:2:2:2,3306,3306000,3307000,1.0,total_sent
fd00::202:2:2:2,3317,3317000,3318000,1.0,total_sent
fd00::202:2:2:2,3327,3327000,3328000,1.0,total_sent
fd00::202:2:2:2,3338,3338000,3339000,1.0,total_sent
fd00::202:2:2:2,3348,3348000,3349000,1.0,total_sent
fd00::202:2:2:2,3359,3359000,3360000,1.0,total_sent
fd00::202:2:2:2,3373,3373000,3374000,1.0,total_sent
fd00::202:2:2:2,3380,3380000,3381000,1.0,total_sent
fd00::202:2:2:2,3391,3391000,3392000,1.0,total_sent
fd00::202:2:2:2,3401,3401000,3402000,1.0,total_sent
fd00::202:2:2:2,3412,3412000,3413000,1.0,total_sent
fd00::202:2:2:2,3427,3427000,3428000,1.0,total_sent
fd00::202:2:2:2,3444,3444000,3445000,2.0,total_sent
fd00::202:2:2:2,3454,3454000,3455000,1.0,total_sent
fd00::202:2:2:2,3465,3465000,3466000,1.0,total_sent
fd00::202:2:2:2,3482,3482000,3483000,1.0,total_sent
fd00::202:2:2:2,3497,3497000,3498000,1.0,total_sent
fd00::202:2:2:2,3508,3508000,3509000,1.0,total_sent
fd00::202:2:2:2,3517,3517000,3518000,1.0,total_sent
fd00::202:2:2:2,3531,3531000,3532000,1.0,total_sent
fd00::202:2:2:2,3538,3538000,3539000,1.0,total_sent
fd00::202:2:2:2,3548,3548000,3549000,1.0,total_sent
fd00::202:2:2:2,3559,3559000,3560000,1.0,total_sent
fd00::202:2:2:2,3569,3569000,3570000,1.0,total_sent
fd00::202:2:2:2,3586,3586000,3587000,1.0,total_sent
fd00::202:2:2:2,3597,3597000,3598000,1.0,total_sent
fd00::203:3:3:3,159,159000,160000,0.0,total_sent
fd00::203:3:3:3,169,169000,170000,1.0,total_sent
fd00::203:3:3:3,184,184000,185000,1.0,total_sent
fd00::203:3:3:3,187,187000,188000,1.0,total_sent
fd00::203:3:3:3,199,199000,200000,1.0,total_sent
fd00::203:3:3:3,236,236000,237000,2.0,total_sent
fd00::203:3:3:3,258,258000,259000,2.0,total_sent
fd00::203:3:3:3,269,269000,270000,1.0,total_sent
fd00::203:3:3:3,270,270000,271000,0.0,total_sent
fd00::203:3:3:3,278,278000,279000,3.0,total_sent
fd00::203:3:3:3,529,529000,530000,5.0,total_sent
fd00::203:3:3:3,539,539000,540000,1.0,total_sent
fd00::203:3:3:3,547,547000,548000,1.0,total_sent
fd00::203:3:3:3,568,568000,569000,1.0,total_sent
fd00::203:3:3:3,577,577000,578000,1.0,total_sent
fd00::203:3:3:3,598,598000,599000,2.0,total_sent
fd00::203:3:3:3,615,615000,616000,1.0,total_sent
fd00::203:3:3:3,828,828000,829000,1.0,total_sent
fd00::203:3:3:3,835,835000,836000,1.0,total_sent
fd00::203:3:3:3,846,846000,847000,1.0,total_sent
fd00::203:3:3:3,857,857000,858000,1.0,total_sent
fd00::203:3:3:3,864,864000,865000,1.0,total_sent
fd00::203:3:3:3,886,886000,887000,1.0,total_sent
fd00::203:3:3:3,887,887000,888000,1.0,total_sent
fd00::203:3:3:3,897,897000,898000,1.0,total_sent
fd00::203:3:3:3,906,906000,907000,1.0,total_sent
fd00::203:3:3:3,918,918000,919000,1.0,total_sent
fd00::203:3:3:3,927,927000,928000,1.0,total_sent
fd00::203:3:3:3,936,936000,937000,1.0,total_sent
fd00::203:3:3:3,948,948000,949000,1.0,total_sent
fd00::203:3:3:3,955,955000,956000,1.0,total_sent
fd00::203:3:3:3,973,973000,974000,1.0,total_sent
fd00::203:3:3:3,3439,3439000,3440000,4.0,total_sent
fd00::203:3:3:3,3455,3455000,3456000,1.0,total_sent
fd00::203:3:3:3,3463,3463000,3464000,1.0,total_sent
fd00::203:3:3:3,3488,3488000,3489000,1.0,total_sent
fd00::203:3:3:3,3498,3498000,3499000,1.0,total_sent
fd00::203:3:3:3,3518,3518000,3519000,1.0,total_sent
fd00::203:3:3:3,3522,3522000,3523000,1.0,total_sent
fd00::203:3:3:3,3523,3523000,3524000,1.0,total_sent
fd00::203:3:3:3,3527,3527000,3528000,1.0,total_sent
fd00::203:3:3:3,3533,3533000,3534000,1.0,total_sent
fd00::203:3:3:3,3548,3548000,3549000,1.0,total_sent
fd00::203:3:3:3,3557,3557000,3558000,1.0,total_sent
fd00::203:3:3:3,3566,3566000,3567000,1.0,total_sent
fd00::203:3:3:3,3576,3576000,3577000,1.0,total_sent
fd00::203:3:3:3,3588,3588000,3589000,1.0,total_sent
fd00::203:3:3:3,3594,3594000,3595000,1.0,total_sent
fd00::204:4:4:4,127,127000,128000,0.0,total_sent
fd00::204:4:4:4,137,137000,138000,1.0,total_sent
fd00::204:4:4:4,149,149000,150000,1.0,total_sent
fd00::204:4:4:4,159,159000,160000,1.0,total_sent
fd00::204:4:4:4,169,169000,170000,1.0,total_sent
fd00::204:4:4:4,186,186000,187000,1.0,total_sent
fd00::204:4:4:4,193,193000,194000,1.0,total_sent
fd00::204:4:4:4,207,207000,208000,1.0,total_sent
fd00::204:4:4:4,218,218000,219000,1.0,total_sent
fd00::204:4:4:4,236,236000,237000,1.0,total_sent
fd00::204:4:4:4,262,262000,263000,2.0,total_sent
fd00::204:4:4:4,277,277000,278000,1.0,total_sent
fd00::204:4:4:4,337,337000,338000,2.0,total_sent
fd00::204:4:4:4,348,348000,349000,1.0,total_sent
fd00::204:4:4:4,359,359000,360000,1.0,total_sent
fd00::204:4:4:4,369,369000,370000,1.0,total_sent
fd00::204:4:4:4,384,384000,385000,1.0,total_sent
fd00::204:4:4:4,395,395000,396000,1.0,total_sent
fd00::204:4:4:4,403,403000,404000,1.0,total_sent
fd00::204:4:4:4,418,418000,419000,1.0,total_sent
fd00::204:4:4:4,424,424000,425000,1.0,total_sent
fd00::204:4:4:4,436,436000,437000,1.0,total_sent
fd00::204:4:4:4,446,446000,447000,1.0,total_sent
fd00::204:4:4:4,458,458000,459000,1.0,total_sent
fd00::204:4:4:4,467,467000,468000,1.0,total_sent
fd00::204:4:4:4,475,475000,476000,1.0,total_sent
fd00::204:4:4:4,485,485000,486000,1.0,total_sent
fd00::204:4:4:4,496,496000,497000,1.0,total_sent
fd00::204:4:4:4,517,517000,518000,1.0,total_sent
fd00::204:4:4:4,518,518000,519000,1.0,total_sent
fd00::204:4:4:4,529,529000,530000,1.0,total_sent
fd00::204:4:4:4,541,541000,542000,1.0,total_sent
fd00::204:4:4:4,561,561000,562000,1.0,total_sent
fd00::204:4:4:4,577,577000,578000,1.0,total_sent
fd00::204:4:4:4,588,588000,589000,1.0,total_sent
fd00::204:4:4:4,595,595000,596000,1.0,total_sent
fd00::204:4:4:4,615,615000,616000,1.0,total_sent
fd00::204:4:4:4,777,777000,778000,2.0,total_sent
fd00::204:4:4:4,787,787000,788000,1.0,total_sent
fd00::204:4:4:4,796,796000,797000,1.0,total_sent
fd00::204:4:4:4,808,808000,809000,1.0,total_sent
fd00::204:4:4:4,815,815000,816000,1.0,total_sent
fd00::204:4:4:4,828,828000,829000,1.0,total_sent
fd00::204:4:4:4,836,836000,837000,1.0,total_sent
fd00::204:4:4:4,848,848000,849000,1.0,total_sent
fd00::204:4:4:4,858,858000,859000,1.0,total_sent
fd00::204:4:4:4,865,865000,866000,1.0,total_sent
fd00::204:4:4:4,886,886000,887000,1.0,total_sent
fd00::204:4:4:4,888,888000,889000,1.0,total_sent
fd00::204:4:4:4,898,898000,899000,1.0,total_sent
fd00::204:4:4:4,907,907000,908000,1.0,total_sent
fd00::204:4:4:4,919,919000,920000,1.0,total_sent
fd00::204:4:4:4,929,929000,930000,1.0,total_sent
fd00::204:4:4:4,939,939000,940000,1.0,total_sent
fd00::204:4:4:4,952,952000,953000,1.0,total_sent
fd00::204:4:4:4,962,962000,963000,1.0,total_sent
fd00::204:4:4:4,985,985000,986000,1.0,total_sent
fd00::204:4:4:4,3425,3425000,3426000,3.0,total_sent
fd00::204:4:4:4,3438,3438000,3439000,1.0,total_sent
fd00::204:4:4:4,3447,3447000,3448000,1.0,total_sent
fd00::204:4:4:4,3457,3457000,3458000,1.0,total_sent
fd00::204:4:4:4,3465,3465000,3466000,1.0,total_sent
fd00::204:4:4:4,3489,3489000,3490000,1.0,total_sent
fd00::204:4:4:4,3499,3499000,3500000,1.0,total_sent
fd00::204:4:4:4,3518,3518000,3519000,1.0,total_sent
fd00::204:4:4:4,3521,3521000,3522000,1.0,total_sent
fd00::204:4:4:4,3532,3532000,3533000,2.0,total_sent
fd00::204:4:4:4,3541,3541000,3542000,1.0,total_sent
fd00::204:4:4:4,3548,3548000,3549000,1.0,total_sent
fd00::204:4:4:4,3557,3557000,3558000,1.0,total_sent
fd00::204:4:4:4,3568,3568000,3569000,1.0,total_sent
fd00::204:4:4:4,3578,3578000,3579000,1.0,total_sent
fd00::204:4:4:4,3589,3589000,3590000,1.0,total_sent
fd00::204:4:4:4,3599,3599000,3600000,1.0,total_sent
fd00::205:5:5:5,21,21000,22000,0.0,total_sent
fd00::205:5:5:5,32,32000,33000,1.0,total_sent
fd00::205:5:5:5,43,43000,44000,1.0,total_sent
fd00::205:5:5:5,54,54000,55000,1.0,total_sent
fd00::205:5:5:5,65,65000,66000,1.0,total_sent
fd00::205:5:5:5,75,75000,76000,1.0,total_sent
fd00::205:5:5:5,86,86000,87000,1.0,total_sent
fd00::205:5:5:5,97,97000,98000,1.0,total_sent
fd00::205:5:5:5,108,108000,109000,1.0,total_sent
fd00::205:5:5:5,119,119000,120000,1.0,total_sent
fd00::205:5:5:5,129,129000,130000,1.0,total_sent
fd00::205:5:5:5,147,147000,148000,1.0,total_sent
fd00::205:5:5:5,153,153000,154000,1.0,total_sent
fd00::205:5:5:5,167,167000,168000,1.0,total_sent
fd00::205:5:5:5,173,173000,174000,1.0,total_sent
fd00::205:5:5:5,187,187000,188000,1.0,total_sent
fd00::205:5:5:5,194,194000,195000,1.0,total_sent
fd00::205:5:5:5,210,210000,211000,1.0,total_sent
fd00::205:5:5:5,216,216000,217000,1.0,total_sent
fd00::205:5:5:5,228,228000,229000,1.0,total_sent
fd00::205:5:5:5,253,253000,254000,1.0,total_sent
fd00::205:5:5:5,259,259000,260000,2.0,total_sent
fd00::205:5:5:5,278,278000,279000,0.0,total_sent
fd00::205:5:5:5,288,288000,289000,3.0,total_sent
fd00::205:5:5:5,292,292000,293000,1.0,total_sent
fd00::205:5:5:5,304,304000,305000,1.0,total_sent
fd00::205:5:5:5,315,315000,316000,1.0,total_sent
fd00::205:5:5:5,324,324000,325000,1.0,total_sent
fd00::205:5:5:5,335,335000,336000,1.0,total_sent
fd00::205:5:5:5,345,345000,346000,1.0,total_sent
fd00::205:5:5:5,356,356000,357000,1.0,total_sent
fd00::205:5:5:5,367,367000,368000,1.0,total_sent
fd00::205:5:5:5,378,378000,379000,1.0,total_sent
fd00::205:5:5:5,389,389000,390000,1.0,total_sent
fd00::205:5:5:5,399,399000,400000,1.0,total_sent
fd00::205:5:5:5,412,412000,413000,1.0,total_sent
fd00::205:5:5:5,422,422000,423000,1.0,total_sent
fd00::205:5:5:5,435,435000,436000,1.0,total_sent
fd00::205:5:5:5,445,445000,446000,1.0,total_sent
fd00::205:5:5:5,453,453000,454000,1.0,total_sent
fd00::205:5:5:5,466,466000,467000,1.0,total_sent
fd00::205:5:5:5,475,475000,476000,1.0,total_sent
fd00::205:5:5:5,487,487000,488000,1.0,total_sent
fd00::205:5:5:5,496,496000,497000,1.0,total_sent
fd00::205:5:5:5,507,507000,508000,1.0,total_sent
fd00::205:5:5:5,519,519000,520000,1.0,total_sent
fd00::205:5:5:5,529,529000,530000,1.0,total_sent
fd00::205:5:5:5,542,542000,543000,1.0,total_sent
fd00::205:5:5:5,551,551000,552000,1.0,total_sent
fd00::205:5:5:5,562,562000,563000,1.0,total_sent
fd00::205:5:5:5,573,573000,574000,1.0,total_sent
fd00::205:5:5:5,588,588000,589000,1.0,total_sent
fd00::205:5:5:5,597,597000,598000,1.0,total_sent
fd00::205:5:5:5,615,615000,616000,1.0,total_sent
fd00::205:5:5:5,745,745000,746000,1.0,total_sent
fd00::205:5:5:5,755,755000,756000,1.0,total_sent
fd00::205:5:5:5,766,766000,767000,1.0,total_sent
fd00::205:5:5:5,777,777000,778000,1.0,total_sent
fd00::205:5:5:5,788,788000,789000,1.0,total_sent
fd00::205:5:5:5,798,798000,799000,1.0,total_sent
fd00::205:5:5:5,815,815000,816000,1.0,total_sent
fd00::205:5:5:5,820,820000,821000,1.0,total_sent
fd00::205:5:5:5,831,831000,832000,1.0,total_sent
fd00::205:5:5:5,843,843000,844000,1.0,total_sent
fd00::205:5:5:5,853,853000,854000,1.0,total_sent
fd00::205:5:5:5,863,863000,864000,1.0,total_sent
fd00::205:5:5:5,874,874000,875000,1.0,total_sent
fd00::205:5:5:5,885,885000,886000,1.0,total_sent
fd00::205:5:5:5,896,896000,897000,1.0,total_sent
fd00::205:5:5:5,906,906000,907000,1.0,total_sent
fd00::205:5:5:5,918,918000,919000,1.0,total_sent
fd00::205:5:5:5,928,928000,929000,1.0,total_sent
fd00::205:5:5:5,939,939000,940000,1.0,total_sent
fd00::205:5:5:5,952,952000,953000,1.0,total_sent
fd00::205:5:5:5,961,961000,962000,1.0,total_sent
fd00::205:5:5:5,985,985000,986000,1.0,total_sent
fd00::205:5:5:5,3367,3367000,3368000,2.0,total_sent
fd00::205:5:5:5,3379,3379000,3380000,1.0,total_sent
fd00::205:5:5:5,3389,3389000,3390000,1.0,total_sent
fd00::205:5:5:5,3399,3399000,3400000,1.0,total_sent
fd00::205:5:5:5,3416,3416000,3417000,1.0,total_sent
fd00::205:5:5:5,3424,3424000,3425000,1.0,total_sent
fd00::205:5:5:5,3435,3435000,3436000,1.0,total_sent
fd00::205:5:5:5,3443,3443000,3444000,1.0,total_sent
fd00::205:5:5:5,3455,3455000,3456000,1.0,total_sent
fd00::205:5:5:5,3465,3465000,3466000,1.0,total_sent
fd00::205:5:5:5,3475,3475000,3476000,1.0,total_sent
fd00::205:5:5:5,3489,3489000,3490000,1.0,total_sent
fd00::205:5:5:5,3498,3498000,3499000,1.0,total_sent
fd00::205:5:5:5,3518,3518000,3519000,1.0,total_sent
fd00::205:5:5:5,3524,3524000,3525000,1.0,total_sent
fd00::205:5:5:5,3532,3532000,3533000,1.0,total_sent
fd00::205:5:5:5,3543,3543000,3544000,1.0,total_sent
fd00::205:5:5:5,3550,3550000,3551000,1.0,total_sent
fd00::205:5:5:5,3566,3566000,3567000,1.0,total_sent
fd00::205:5:5:5,3574,3574000,3575000,1.0,total_sent
fd00::205:5:5:5,3585,3585000,3586000,1.0,total_sent
fd00::205:5:5:5,3594,3594000,3595000,1.0,total_sent
fd00::206:6:6:6,43,43000,44000,0.0,total_sent
fd00::206:6:6:6,54,54000,55000,1.0,total_sent
fd00::206:6:6:6,65,65000,66000,1.0,total_sent
fd00::206:6:6:6,76,76000,77000,1.0,total_sent
fd00::206:6:6:6,87,87000,88000,1.0,total_sent
fd00::206:6:6:6,98,98000,99000,1.0,total_sent
fd00::206:6:6:6,109,109000,110000,1.0,total_sent
fd00::206:6:6:6,122,122000,123000,1.0,total_sent
fd00::206:6:6:6,133,133000,134000,1.0,total_sent
fd00::206:6:6:6,142,142000,143000,1.0,total_sent
fd00::206:6:6:6,158,158000,159000,1.0,total_sent
fd00::206:6:6:6,163,163000,164000,1.0,total_sent
fd00::206:6:6:6,178,178000,179000,1.0,total_sent
fd00::206:6:6:6,185,185000,186000,1.0,total_sent
fd00::206:6:6:6,196,196000,197000,1.0,total_sent
fd00::206:6:6:6,209,209000,210000,1.0,total_sent
fd00::206:6:6:6,218,218000,219000,1.0,total_sent
fd00::206:6:6:6,229,229000,230000,1.0,total_sent
fd00::206:6:6:6,240,240000,241000,1.0,total_sent
fd00::206:6:6:6,255,255000,256000,1.0,total_sent
fd00::206:6:6:6,262,262000,263000,1.0,total_sent
fd00::206:6:6:6,273,273000,274000,1.0,total_sent
fd00::206:6:6:6,284,284000,285000,1.0,total_sent
fd00::206:6:6:6,295,295000,296000,1.0,total_sent
fd00::206:6:6:6,305,305000,306000,1.0,total_sent
fd00::206:6:6:6,316,316000,317000,1.0,total_sent
fd00::206:6:6:6,327,327000,328000,1.0,total_sent
fd00::206:6:6:6,338,338000,339000,1.0,total_sent
fd00::206:6:6:6,349,349000,350000,1.0,total_sent
fd00::206:6:6:6,360,360000,361000,1.0,total_sent
fd00::206:6:6:6,371,371000,372000,1.0,total_sent
fd00::206:6:6:6,383,383000,384000,1.0,total_sent
fd00::206:6:6:6,393,393000,394000,1.0,total_sent
fd00::206:6:6:6,404,404000,405000,1.0,total_sent
fd00::206:6:6:6,415,415000,416000,1.0,total_sent
fd00::206:6:6:6,426,426000,427000,1.0,total_sent
fd00::206:6:6:6,437,437000,438000,1.0,total_sent
fd00::206:6:6:6,448,448000,449000,1.0,total_sent
fd00::206:6:6:6,458,458000,459000,1.0,total_sent
fd00::206:6:6:6,469,469000,470000,1.0,total_sent
fd00::206:6:6:6,483,483000,484000,1.0,total_sent
fd00::206:6:6:6,492,492000,493000,1.0,total_sent
fd00::206:6:6:6,505,505000,506000,1.0,total_sent
fd00::206:6:6:6,524,524000,525000,2.0,total_sent
fd00::206:6:6:6,537,537000,538000,1.0,total_sent
fd00::206:6:6:6,546,546000,547000,1.0,total_sent
fd00::206:6:6:6,563,563000,564000,1.0,total_sent
fd00::206:6:6:6,568,568000,569000,1.0,total_sent
fd00::206:6:6:6,584,584000,585000,1.0,total_sent
fd00::206:6:6:6,595,595000,596000,1.0,total_sent
fd00::206:6:6:6,601,601000,602000,1.0,total_sent
fd00::206:6:6:6,617,617000,618000,1.0,total_sent
fd00::206:6:6:6,627,627000,628000,1.0,total_sent
fd00::206:6:6:6,634,634000,635000,1.0,total_sent
fd00::206:6:6:6,647,647000,648000,1.0,total_sent
fd00::206:6:6:6,666,666000,667000,1.0,total_sent
fd00::206:6:6:6,677,677000,678000,1.0,total_sent
fd00::206:6:6:6,688,688000,689000,1.0,total_sent
fd00::206:6:6:6,699,699000,700000,1.0,total_sent
fd00::206:6:6:6,1002,1002000,1003000,2.0,total_sent
fd00::206:6:6:6,1104,1104000,1105000,3.0,total_sent
fd00::206:6:6:6,1409,1409000,1410000,2.0,total_sent
fd00::206:6:6:6,1420,1420000,1421000,1.0,total_sent
fd00::206:6:6:6,1434,1434000,1435000,1.0,total_sent
fd00::206:6:6:6,1444,1444000,1445000,1.0,total_sent
fd00::206:6:6:6,1454,1454000,1455000,1.0,total_sent
fd00::206:6:6:6,1464,1464000,1465000,1.0,total_sent
fd00::206:6:6:6,1475,1475000,1476000,1.0,total_sent
fd00::206:6:6:6,1487,1487000,1488000,1.0,total_sent
fd00::206:6:6:6,1497,1497000,1498000,1.0,total_sent
fd00::206:6:6:6,1508,1508000,1509000,1.0,total_sent
fd00::206:6:6:6,1519,1519000,1520000,1.0,total_sent
fd00::206:6:6:6,1530,1530000,1531000,1.0,total_sent
fd00::206:6:6:6,1540,1540000,1541000,1.0,total_sent
fd00::206:6:6:6,1553,1553000,1554000,1.0,total_sent
fd00::206:6:6:6,1563,1563000,1564000,1.0,total_sent
fd00::206:6:6:6,1574,1574000,1575000,1.0,total_sent
fd00::206:6:6:6,1584,1584000,1585000,1.0,total_sent
fd00::206:6:6:6,1598,1598000,1599000,1.0,total_sent
fd00::206:6:6:6,1607,1607000,1608000,1.0,total_sent
fd00::206:6:6:6,1617,1617000,1618000,1.0,total_sent
fd00::206:6:6:6,1628,1628000,1629000,1.0,total_sent
fd00::206:6:6:6,1640,1640000,1641000,1.0,total_sent
fd00::206:6:6:6,1664,1664000,1665000,2.0,total_sent
fd00::206:6:6:6,1674,1674000,1675000,1.0,total_sent
fd00::206:6:6:6,1683,1683000,1684000,1.0,total_sent
fd00::206:6:6:6,1694,1694000,1695000,1.0,total_sent
fd00::206:6:6:6,1704,1704000,1705000,1.0,total_sent
fd00::206:6:6:6,1717,1717000,1718000,1.0,total_sent
fd00::206:6:6:6,1726,1726000,1727000,1.0,total_sent
fd00::206:6:6:6,1737,1737000,1738000,1.0,total_sent
fd00::206:6:6:6,1748,1748000,1749000,1.0,total_sent
fd00::206:6:6:6,1759,1759000,1760000,1.0,total_sent
fd00::206:6:6:6,1782,1782000,1783000,1.0,total_sent
fd00::206:6:6:6,1784,1784000,1785000,1.0,total_sent
fd00::206:6:6:6,1799,1799000,1800000,1.0,total_sent
fd00::206:6:6:6,1804,1804000,1805000,1.0,total_sent
fd00::206:6:6:6,1817,1817000,1818000,1.0,total_sent
fd00::206:6:6:6,1829,1829000,1830000,1.0,total_sent
fd00::206:6:6:6,1836,1836000,1837000,1.0,total_sent
fd00::206:6:6:6,1848,1848000,1849000,1.0,total_sent
fd00::206:6:6:6,1858,1858000,1859000,1.0,total_sent
fd00::206:6:6:6,1869,1869000,1870000,1.0,total_sent
fd00::206:6:6:6,1879,1879000,1880000,1.0,total_sent
fd00::206:6:6:6,1897,1897000,1898000,1.0,total_sent
fd00::206:6:6:6,1904,1904000,1905000,1.0,total_sent
fd00::206:6:6:6,1912,1912000,1913000,1.0,total_sent
fd00::206:6:6:6,1923,1923000,1924000,1.0,total_sent
fd00::206:6:6:6,1934,1934000,1935000,1.0,total_sent
fd00::206:6:6:6,1959,1959000,1960000,1.0,total_sent
fd00::206:6:6:6,1967,1967000,1968000,1.0,total_sent
fd00::206:6:6:6,2035,2035000,2036000,1.0,total_sent
fd00::206:6:6:6,2047,2047000,2048000,1.0,total_sent
fd00::206:6:6:6,2056,2056000,2057000,1.0,total_sent
fd00::206:6:6:6,2065,2065000,2066000,1.0,total_sent
fd00::206:6:6:6,2078,2078000,2079000,1.0,total_sent
fd00::206:6:6:6,2087,2087000,2088000,1.0,total_sent
fd00::206:6:6:6,2098,2098000,2099000,1.0,total_sent
fd00::206:6:6:6,2109,2109000,2110000,1.0,total_sent
fd00::206:6:6:6,2130,2130000,2131000,1.0,total_sent
fd00::206:6:6:6,2153,2153000,2154000,1.0,total_sent
fd00::206:6:6:6,2166,2166000,2167000,1.0,total_sent
fd00::206:6:6:6,2175,2175000,2176000,1.0,total_sent
fd00::206:6:6:6,2186,2186000,2187000,1.0,total_sent
fd00::206:6:6:6,2196,2196000,2197000,1.0,total_sent
fd00::206:6:6:6,2207,2207000,2208000,1.0,total_sent
fd00::206:6:6:6,2218,2218000,2219000,1.0,total_sent
fd00::206:6:6:6,2349,2349000,2350000,1.0,total_sent
fd00::206:6:6:6,2365,2365000,2366000,1.0,total_sent
fd00::206:6:6:6,2376,2376000,2377000,1.0,total_sent
fd00::206:6:6:6,2385,2385000,2386000,1.0,total_sent
fd00::206:6:6:6,2396,2396000,2397000,1.0,total_sent
fd00::206:6:6:6,2408,2408000,2409000,1.0,total_sent
fd00::206:6:6:6,2416,2416000,2417000,1.0,total_sent
fd00::206:6:6:6,2426,2426000,2427000,1.0,total_sent
fd00::206:6:6:6,2437,2437000,2438000,1.0,total_sent
fd00::206:6:6:6,2448,2448000,2449000,1.0,total_sent
fd00::206:6:6:6,2459,2459000,2460000,1.0,total_sent
fd00::206:6:6:6,2471,2471000,2472000,1.0,total_sent
fd00::206:6:6:6,2492,2492000,2493000,1.0,total_sent
fd00::206:6:6:6,2493,2493000,2494000,1.0,total_sent
fd00::206:6:6:6,2504,2504000,2505000,1.0,total_sent
fd00::206:6:6:6,2518,2518000,2519000,1.0,total_sent
fd00::206:6:6:6,2525,2525000,2526000,1.0,total_sent
fd00::206:6:6:6,2535,2535000,2536000,1.0,total_sent
fd00::206:6:6:6,2549,2549000,2550000,1.0,total_sent
fd00::206:6:6:6,2558,2558000,2559000,1.0,total_sent
fd00::206:6:6:6,2568,2568000,2569000,1.0,total_sent
fd00::206:6:6:6,2579,2579000,2580000,1.0,total_sent
fd00::206:6:6:6,2591,2591000,2592000,1.0,total_sent
fd00::206:6:6:6,2602,2602000,2603000,1.0,total_sent
fd00::206:6:6:6,2614,2614000,2615000,1.0,total_sent
fd00::206:6:6:6,2623,2623000,2624000,1.0,total_sent
fd00::206:6:6:6,2634,2634000,2635000,1.0,total_sent
fd00::206:6:6:6,2665,2665000,2666000,2.0,total_sent
fd00::206:6:6:6,2666,2666000,2667000,1.0,total_sent
fd00::206:6:6:6,2808,2808000,2809000,13.0,total_sent
fd00::206:6:6:6,2819,2819000,2820000,1.0,total_sent
fd00::206:6:6:6,2831,2831000,2832000,1.0,total_sent
fd00::206:6:6:6,2844,2844000,2845000,1.0,total_sent
fd00::206:6:6:6,2854,2854000,2855000,1.0,total_sent
fd00::206:6:6:6,2864,2864000,2865000,1.0,total_sent
fd00::206:6:6:6,2874,2874000,2875000,1.0,total_sent
fd00::206:6:6:6,2887,2887000,2888000,1.0,total_sent
fd00::206:6:6:6,2898,2898000,2899000,1.0,total_sent
fd00::206:6:6:6,2909,2909000,2910000,1.0,total_sent
fd00::206:6:6:6,2918,2918000,2919000,1.0,total_sent
fd00::206:6:6:6,2928,2928000,2929000,1.0,total_sent
fd00::206:6:6:6,2939,2939000,2940000,1.0,total_sent
fd00::206:6:6:6,2952,2952000,2953000,1.0,total_sent
fd00::206:6:6:6,2962,2962000,2963000,1.0,total_sent
fd00::206:6:6:6,2972,2972000,2973000,1.0,total_sent
fd00::206:6:6:6,2984,2984000,2985000,1.0,total_sent
fd00::206:6:6:6,3013,3013000,3014000,2.0,total_sent
fd00::206:6:6:6,3016,3016000,3017000,1.0,total_sent
fd00::206:6:6:6,3027,3027000,3028000,1.0,total_sent
fd00::206:6:6:6,3038,3038000,3039000,1.0,total_sent
fd00::206:6:6:6,3049,3049000,3050000,1.0,total_sent
fd00::206:6:6:6,3060,3060000,3061000,1.0,total_sent
fd00::206:6:6:6,3077,3077000,3078000,1.0,total_sent
fd00::206:6:6:6,3083,3083000,3084000,1.0,total_sent
fd00::206:6:6:6,3096,3096000,3097000,1.0,total_sent
fd00::206:6:6:6,3109,3109000,3110000,1.0,total_sent
fd00::206:6:6:6,3114,3114000,3115000,1.0,total_sent
fd00::206:6:6:6,3125,3125000,3126000,1.0,total_sent
fd00::206:6:6:6,3138,3138000,3139000,1.0,total_sent
fd00::206:6:6:6,3159,3159000,3160000,2.0,total_sent
fd00::206:6:6:6,3169,3169000,3170000,1.0,total_sent
fd00::206:6:6:6,3180,3180000,3181000,1.0,total_sent
fd00::206:6:6:6,3195,3195000,3196000,1.0,total_sent
fd00::206:6:6:6,3202,3202000,3203000,1.0,total_sent
fd00::206:6:6:6,3214,3214000,3215000,1.0,total_sent
fd00::206:6:6:6,3223,3223000,3224000,1.0,total_sent
fd00::206:6:6:6,3236,3236000,3237000,1.0,total_sent
fd00::206:6:6:6,3245,3245000,3246000,1.0,total_sent
fd00::206:6:6:6,3256,3256000,3257000,1.0,total_sent
fd00::206:6:6:6,3268,3268000,3269000,1.0,total_sent
fd00::206:6:6:6,3278,3278000,3279000,1.0,total_sent
fd00::206:6:6:6,3289,3289000,3290000,1.0,total_sent
fd00::206:6:6:6,3301,3301000,3302000,1.0,total_sent
fd00::206:6:6:6,3312,3312000,3313000,1.0,total_sent
fd00::206:6:6:6,3322,3322000,3323000,1.0,total_sent
fd00::206:6:6:6,3335,3335000,3336000,1.0,total_sent
fd00::206:6:6:6,3344,3344000,3345000,1.0,total_sent
fd00::206:6:6:6,3355,3355000,3356000,1.0,total_sent
fd00::206:6:6:6,3366,3366000,3367000,1.0,total_sent
fd00::206:6:6:6,3377,3377000,3378000,1.0,total_sent
fd00::206:6:6:6,3388,3388000,3389000,1.0,total_sent
fd00::206:6:6:6,3399,3399000,3400000,1.0,total_sent
fd00::206:6:6:6,3412,3412000,3413000,1.0,total_sent
fd00::206:6:6:6,3427,3427000,3428000,1.0,total_sent
fd00::206:6:6:6,3444,3444000,3445000,2.0,total_sent
fd00::206:6:6:6,3453,3453000,3454000,1.0,total_sent
fd00::206:6:6:6,3465,3465000,3466000,1.0,total_sent
fd00::206:6:6:6,3482,3482000,3483000,1.0,total_sent
fd00::206:6:6:6,3486,3486000,3487000,1.0,total_sent
fd00::206:6:6:6,3498,3498000,3499000,1.0,total_sent
fd00::206:6:6:6,3508,3508000,3509000,1.0,total_sent
fd00::206:6:6:6,3519,3519000,3520000,1.0,total_sent
fd00::206:6:6:6,3531,3531000,3532000,1.0,total_sent
fd00::206:6:6:6,3543,3543000,3544000,1.0,total_sent
fd00::206:6:6:6,3552,3552000,3553000,1.0,total_sent
fd00::206:6:6:6,3563,3563000,3564000,1.0,total_sent
fd00::206:6:6:6,3573,3573000,3574000,1.0,total_sent
fd00::206:6:6:6,3586,3586000,3587000,1.0,total_sent
fd00::206:6:6:6,3597,3597000,3598000,1.0,total_sent
fd00::207:7:7:7,84,84000,85000,0.0,total_sent
fd00::207:7:7:7,94,94000,95000,1.0,total_sent
fd00::207:7:7:7,104,104000,105000,1.0,total_sent
fd00::207:7:7:7,115,115000,116000,1.0,total_sent
fd00::207:7:7:7,125,125000,126000,1.0,total_sent
fd00::207:7:7:7,136,136000,137000,1.0,total_sent
fd00::207:7:7:7,147,147000,148000,1.0,total_sent
fd00::207:7:7:7,159,159000,160000,1.0,total_sent
fd00::207:7:7:7,168,168000,169000,1.0,total_sent
fd00::207:7:7:7,182,182000,183000,1.0,total_sent
fd00::207:7:7:7,195,195000,196000,1.0,total_sent
fd00::207:7:7:7,206,206000,207000,1.0,total_sent
fd00::207:7:7:7,216,216000,217000,1.0,total_sent
fd00::207:7:7:7,1425,1425000,1426000,5.0,total_sent
fd00::207:7:7:7,1435,1435000,1436000,1.0,total_sent
fd00::207:7:7:7,1454,1454000,1455000,1.0,total_sent
fd00::207:7:7:7,1460,1460000,1461000,1.0,total_sent
fd00::207:7:7:7,1468,1468000,1469000,1.0,total_sent
fd00::207:7:7:7,1485,1485000,1486000,1.0,total_sent
fd00::207:7:7:7,1488,1488000,1489000,1.0,total_sent
fd00::207:7:7:7,1504,1504000,1505000,1.0,total_sent
fd00::207:7:7:7,1524,1524000,1525000,2.0,total_sent
fd00::207:7:7:7,1707,1707000,1708000,1.0,total_sent
fd00::207:7:7:7,1722,1722000,1723000,1.0,total_sent
fd00::207:7:7:7,1728,1728000,1729000,1.0,total_sent
fd00::207:7:7:7,1739,1739000,1740000,1.0,total_sent
fd00::207:7:7:7,1749,1749000,1750000,1.0,total_sent
fd00::207:7:7:7,1763,1763000,1764000,1.0,total_sent
fd00::207:7:7:7,1783,1783000,1784000,1.0,total_sent
fd00::207:7:7:7,1799,1799000,1800000,2.0,total_sent
fd00::207:7:7:7,1804,1804000,1805000,1.0,total_sent
fd00::207:7:7:7,1816,1816000,1817000,1.0,total_sent
fd00::207:7:7:7,1829,1829000,1830000,1.0,total_sent
fd00::207:7:7:7,1846,1846000,1847000,1.0,total_sent
fd00::207:7:7:7,1848,1848000,1849000,1.0,total_sent
fd00::207:7:7:7,1862,1862000,1863000,1.0,total_sent
fd00::207:7:7:7,1876,1876000,1877000,1.0,total_sent
fd00::207:7:7:7,1879,1879000,1880000,1.0,total_sent
fd00::207:7:7:7,1887,1887000,1888000,1.0,total_sent
fd00::207:7:7:7,1898,1898000,1899000,1.0,total_sent
fd00::207:7:7:7,1916,1916000,1917000,1.0,total_sent
fd00::207:7:7:7,1947,1947000,1948000,1.0,total_sent
fd00::207:7:7:7,1956,1956000,1957000,2.0,total_sent
fd00::207:7:7:7,1959,1959000,1960000,1.0,total_sent
fd00::207:7:7:7,2046,2046000,2047000,2.0,total_sent
fd00::207:7:7:7,2056,2056000,2057000,1.0,total_sent
fd00::207:7:7:7,2064,2064000,2065000,1.0,total_sent
fd00::207:7:7:7,2077,2077000,2078000,1.0,total_sent
fd00::207:7:7:7,2086,2086000,2087000,1.0,total_sent
fd00::207:7:7:7,2098,2098000,2099000,1.0,total_sent
fd00::207:7:7:7,2109,2109000,2110000,1.0,total_sent
fd00::207:7:7:7,2129,2129000,2130000,1.0,total_sent
fd00::207:7:7:7,2139,2139000,2140000,1.0,total_sent
fd00::207:7:7:7,2148,2148000,2149000,1.0,total_sent
fd00::208:8:8:8,115,115000,116000,0.0,total_sent
fd00::208:8:8:8,126,126000,127000,1.0,total_sent
fd00::208:8:8:8,136,136000,137000,1.0,total_sent
fd00::208:8:8:8,146,146000,147000,1.0,total_sent
fd00::208:8:8:8,159,159000,160000,1.0,total_sent
fd00::208:8:8:8,167,167000,168000,1.0,total_sent
fd00::208:8:8:8,182,182000,183000,1.0,total_sent
fd00::208:8:8:8,206,206000,207000,2.0,total_sent
fd00::208:8:8:8,216,216000,217000,1.0,total_sent
fd00::208:8:8:8,1759,1759000,1760000,2.0,total_sent
fd00::208:8:8:8,1763,1763000,1764000,1.0,total_sent
fd00::208:8:8:8,1783,1783000,1784000,1.0,total_sent
fd00::208:8:8:8,1789,1789000,1790000,1.0,total_sent
fd00::208:8:8:8,1799,1799000,1800000,1.0,total_sent
fd00::208:8:8:8,1804,1804000,1805000,1.0,total_sent
fd00::208:8:8:8,1817,1817000,1818000,1.0,total_sent
fd00::208:8:8:8,1830,1830000,1831000,1.0,total_sent
fd00::208:8:8:8,1847,1847000,1848000,1.0,total_sent
fd00::208:8:8:8,1848,1848000,1849000,1.0,total_sent
fd00::208:8:8:8,1867,1867000,1868000,1.0,total_sent
fd00::208:8:8:8,1876,1876000,1877000,1.0,total_sent
fd00::208:8:8:8,1884,1884000,1885000,1.0,total_sent
fd00::208:8:8:8,1888,1888000,1889000,1.0,total_sent
fd00::208:8:8:8,1898,1898000,1899000,1.0,total_sent
fd00::208:8:8:8,1922,1922000,1923000,1.0,total_sent
fd00::208:8:8:8,1948,1948000,1949000,1.0,total_sent
fd00::208:8:8:8,1956,1956000,1957000,1.0,total_sent
fd00::208:8:8:8,1963,1963000,1964000,1.0,total_sent
fd00::208:8:8:8,2062,2062000,2063000,3.0,total_sent
fd00::208:8:8:8,2065,2065000,2066000,1.0,total_sent
fd00::208:8:8:8,2077,2077000,2078000,1.0,total_sent
fd00::208:8:8:8,2099,2099000,2100000,1.0,total_sent
fd00::208:8:8:8,2108,2108000,2109000,1.0,total_sent
fd00::208:8:8:8,2127,2127000,2128000,1.0,total_sent
fd00::208:8:8:8,2136,2136000,2137000,1.0,total_sent
fd00::208:8:8:8,2169,2169000,2170000,1.0,total_sent
fd00::208:8:8:8,2175,2175000,2176000,1.0,total_sent
fd00::209:9:9:9,1783,1783000,1784000,0.0,total_sent
fd00::209:9:9:9,1792,1792000,1793000,1.0,total_sent
fd00::209:9:9:9,1799,1799000,1800000,1.0,total_sent
fd00::209:9:9:9,1816,1816000,1817000,1.0,total_sent
fd00::209:9:9:9,1818,1818000,1819000,1.0,total_sent
fd00::209:9:9:9,1845,1845000,1846000,1.0,total_sent
fd00::209:9:9:9,1848,1848000,1849000,1.0,total_sent
fd00::209:9:9:9,1875,1875000,1876000,2.0,total_sent
fd00::209:9:9:9,1878,1878000,1879000,1.0,total_sent
fd00::209:9:9:9,1884,1884000,1885000,1.0,total_sent
fd00::209:9:9:9,1898,1898000,1899000,1.0,total_sent
fd00::209:9:9:9,1911,1911000,1912000,1.0,total_sent
fd00::209:9:9:9,1934,1934000,1935000,1.0,total_sent
fd00::209:9:9:9,1955,1955000,1956000,1.0,total_sent
fd00::209:9:9:9,1962,1962000,1963000,1.0,total_sent
fd00::209:9:9:9,2066,2066000,2067000,9.0,total_sent
fd00::209:9:9:9,2077,2077000,2078000,1.0,total_sent
fd00::209:9:9:9,2106,2106000,2107000,2.0,total_sent
fd00::209:9:9:9,2127,2127000,2128000,1.0,total_sent
fd00::209:9:9:9,2130,2130000,2131000,1.0,total_sent
fd00::209:9:9:9,2158,2158000,2159000,2.0,total_sent
fd00::20a:a:a:a,133,133000,134000,0.0,total_sent
fd00::20a:a:a:a,144,144000,145000,1.0,total_sent
fd00::20a:a:a:a,158,158000,159000,1.0,total_sent
fd00::20a:a:a:a,164,164000,165000,1.0,total_sent
fd00::20a:a:a:a,178,178000,179000,1.0,total_sent
fd00::20a:a:a:a,188,188000,189000,1.0,total_sent
fd00::20a:a:a:a,204,204000,205000,1.0,total_sent
fd00::20a:a:a:a,209,209000,210000,1.0,total_sent
fd00::20a:a:a:a,1734,1734000,1735000,3.0,total_sent
fd00::20a:a:a:a,1743,1743000,1744000,1.0,total_sent
fd00::20a:a:a:a,1759,1759000,1760000,1.0,total_sent
fd00::20a:a:a:a,1764,1764000,1765000,1.0,total_sent
fd00::20a:a:a:a,1783,1783000,1784000,1.0,total_sent
fd00::20a:a:a:a,1788,1788000,1789000,1.0,total_sent
fd00::20a:a:a:a,1799,1799000,1800000,1.0,total_sent
fd00::20a:a:a:a,1804,1804000,1805000,1.0,total_sent
fd00::20a:a:a:a,1816,1816000,1817000,1.0,total_sent
fd00::20a:a:a:a,1829,1829000,1830000,1.0,total_sent
fd00::20a:a:a:a,1847,1847000,1848000,1.0,total_sent
fd00::20a:a:a:a,1848,1848000,1849000,1.0,total_sent
fd00::20a:a:a:a,1862,1862000,1863000,1.0,total_sent
fd00::20a:a:a:a,1876,1876000,1877000,1.0,total_sent
fd00::20a:a:a:a,1879,1879000,1880000,1.0,total_sent
fd00::20a:a:a:a,1887,1887000,1888000,1.0,total_sent
fd00::20a:a:a:a,1898,1898000,1899000,1.0,total_sent
fd00::20a:a:a:a,1916,1916000,1917000,1.0,total_sent
fd00::20a:a:a:a,1955,1955000,1956000,2.0,total_sent
fd00::20a:a:a:a,1958,1958000,1959000,1.0,total_sent
fd00::20a:a:a:a,1967,1967000,1968000,1.0,total_sent
fd00::20a:a:a:a,2062,2062000,2063000,2.0,total_sent
fd00::20a:a:a:a,2069,2069000,2070000,1.0,total_sent
fd00::20a:a:a:a,2078,2078000,2079000,1.0,total_sent
fd00::20a:a:a:a,2088,2088000,2089000,1.0,total_sent
fd00::20a:a:a:a,2128,2128000,2129000,2.0,total_sent
fd00::20a:a:a:a,2136,2136000,2137000,1.0,total_sent
fd00::20a:a:a:a,2144,2144000,2145000,1.0,total_sent
fd00::20b:b:b:b,60,60000,61000,0.0,total_sent
fd00::20b:b:b:b,71,71000,72000,1.0,total_sent
fd00::20b:b:b:b,81,81000,82000,1.0,total_sent
fd00::20b:b:b:b,92,92000,93000,1.0,total_sent
fd00::20b:b:b:b,102,102000,103000,1.0,total_sent
fd00::20b:b:b:b,111,111000,112000,1.0,total_sent
fd00::20b:b:b:b,123,123000,124000,1.0,total_sent
fd00::20b:b:b:b,132,132000,133000,1.0,total_sent
fd00::20b:b:b:b,145,145000,146000,1.0,total_sent
fd00::20b:b:b:b,157,157000,158000,1.0,total_sent
fd00::20b:b:b:b,163,163000,164000,1.0,total_sent
fd00::20b:b:b:b,173,173000,174000,1.0,total_sent
fd00::20b:b:b:b,182,182000,183000,1.0,total_sent
fd00::20b:b:b:b,193,193000,194000,1.0,total_sent
fd00::20b:b:b:b,211,211000,212000,1.0,total_sent
fd00::20b:b:b:b,219,219000,220000,1.0,total_sent
fd00::20b:b:b:b,222,222000,223000,1.0,total_sent
fd00::20b:b:b:b,236,236000,237000,1.0,total_sent
fd00::20b:b:b:b,248,248000,249000,1.0,total_sent
fd00::20b:b:b:b,257,257000,258000,1.0,total_sent
fd00::20b:b:b:b,268,268000,269000,1.0,total_sent
fd00::20b:b:b:b,285,285000,286000,2.0,total_sent
fd00::20b:b:b:b,303,303000,304000,1.0,total_sent
fd00::20b:b:b:b,546,546000,547000,1.0,total_sent
fd00::20b:b:b:b,563,563000,564000,1.0,total_sent
fd00::20b:b:b:b,567,567000,568000,1.0,total_sent
fd00::20b:b:b:b,577,577000,578000,1.0,total_sent
fd00::20b:b:b:b,589,589000,590000,1.0,total_sent
fd00::20b:b:b:b,599,599000,600000,1.0,total_sent
fd00::20b:b:b:b,608,608000,609000,1.0,total_sent
fd00::20b:b:b:b,617,617000,618000,1.0,total_sent
fd00::20b:b:b:b,628,628000,629000,1.0,total_sent
fd00::20b:b:b:b,638,638000,639000,1.0,total_sent
fd00::20b:b:b:b,648,648000,649000,1.0,total_sent
fd00::20b:b:b:b,658,658000,659000,1.0,total_sent
fd00::20b:b:b:b,668,668000,669000,1.0,total_sent
fd00::20b:b:b:b,678,678000,679000,1.0,total_sent
fd00::20b:b:b:b,688,688000,689000,1.0,total_sent
fd00::20b:b:b:b,698,698000,699000,1.0,total_sent
fd00::20b:b:b:b,708,708000,709000,1.0,total_sent
fd00::20b:b:b:b,718,718000,719000,1.0,total_sent
fd00::20b:b:b:b,728,728000,729000,1.0,total_sent
fd00::20b:b:b:b,738,738000,739000,1.0,total_sent
fd00::20b:b:b:b,749,749000,750000,1.0,total_sent
fd00::20b:b:b:b,759,759000,760000,1.0,total_sent
fd00::20b:b:b:b,769,769000,770000,1.0,total_sent
fd00::20b:b:b:b,779,779000,780000,1.0,total_sent
fd00::20b:b:b:b,789,789000,790000,1.0,total_sent
fd00::20b:b:b:b,806,806000,807000,1.0,total_sent
fd00::20b:b:b:b,812,812000,813000,1.0,total_sent
fd00::20b:b:b:b,822,822000,823000,1.0,total_sent
fd00::20b:b:b:b,834,834000,835000,1.0,total_sent
fd00::20b:b:b:b,845,845000,846000,1.0,total_sent
fd00::20b:b:b:b,852,852000,853000,1.0,total_sent
fd00::20b:b:b:b,866,866000,867000,1.0,total_sent
fd00::20b:b:b:b,872,872000,873000,1.0,total_sent
fd00::20b:b:b:b,882,882000,883000,1.0,total_sent
fd00::20b:b:b:b,894,894000,895000,1.0,total_sent
fd00::20b:b:b:b,906,906000,907000,1.0,total_sent
fd00::20b:b:b:b,915,915000,916000,1.0,total_sent
fd00::20b:b:b:b,923,923000,924000,1.0,total_sent
fd00::20b:b:b:b,933,933000,934000,1.0,total_sent
fd00::20b:b:b:b,943,943000,944000,1.0,total_sent
fd00::20b:b:b:b,951,951000,952000,1.0,total_sent
fd00::20b:b:b:b,962,962000,963000,1.0,total_sent
fd00::20b:b:b:b,974,974000,975000,1.0,total_sent
fd00::20b:b:b:b,986,986000,987000,1.0,total_sent
fd00::20b:b:b:b,997,997000,998000,1.0,total_sent
fd00::20b:b:b:b,1009,1009000,1010000,1.0,total_sent
fd00::20b:b:b:b,1036,1036000,1037000,1.0,total_sent
fd00::20b:b:b:b,2318,2318000,2319000,1.0,total_sent
fd00::20b:b:b:b,2328,2328000,2329000,1.0,total_sent
fd00::20b:b:b:b,2348,2348000,2349000,1.0,total_sent
fd00::20b:b:b:b,2349,2349000,2350000,1.0,total_sent
fd00::20b:b:b:b,2358,2358000,2359000,1.0,total_sent
fd00::20b:b:b:b,2368,2368000,2369000,1.0,total_sent
fd00::20b:b:b:b,2378,2378000,2379000,1.0,total_sent
fd00::20b:b:b:b,2389,2389000,2390000,1.0,total_sent
fd00::20b:b:b:b,2399,2399000,2400000,1.0,total_sent
fd00::20b:b:b:b,2409,2409000,2410000,1.0,total_sent
fd00::20b:b:b:b,2424,2424000,2425000,1.0,total_sent
fd00::20b:b:b:b,2429,2429000,2430000,1.0,total_sent
fd00::20b:b:b:b,2439,2439000,2440000,1.0,total_sent
fd00::20b:b:b:b,2449,2449000,2450000,1.0,total_sent
fd00::20b:b:b:b,2459,2459000,2460000,1.0,total_sent
fd00::20b:b:b:b,2472,2472000,2473000,1.0,total_sent
fd00::20b:b:b:b,2488,2488000,2489000,1.0,total_sent
fd00::20b:b:b:b,2493,2493000,2494000,1.0,total_sent
fd00::20b:b:b:b,2503,2503000,2504000,1.0,total_sent
fd00::20b:b:b:b,2511,2511000,2512000,1.0,total_sent
fd00::20b:b:b:b,2521,2521000,2522000,1.0,total_sent
fd00::20b:b:b:b,2535,2535000,2536000,1.0,total_sent
fd00::20b:b:b:b,2542,2542000,2543000,1.0,total_sent
fd00::20b:b:b:b,2552,2552000,2553000,1.0,total_sent
fd00::20b:b:b:b,2561,2561000,2562000,1.0,total_sent
fd00::20b:b:b:b,2574,2574000,2575000,1.0,total_sent
fd00::20b:b:b:b,2583,2583000,2584000,1.0,total_sent
fd00::20b:b:b:b,2598,2598000,2599000,1.0,total_sent
fd00::20b:b:b:b,2678,2678000,2679000,1.0,total_sent
fd00::20b:b:b:b,2881,2881000,2882000,2.0,total_sent
fd00::20b:b:b:b,2887,2887000,2888000,1.0,total_sent
fd00::20b:b:b:b,2898,2898000,2899000,1.0,total_sent
fd00::20b:b:b:b,2905,2905000,2906000,1.0,total_sent
fd00::20b:b:b:b,2917,2917000,2918000,1.0,total_sent
fd00::20b:b:b:b,2928,2928000,2929000,1.0,total_sent
fd00::20b:b:b:b,2936,2936000,2937000,1.0,total_sent
fd00::20b:b:b:b,2946,2946000,2947000,1.0,total_sent
fd00::20b:b:b:b,2955,2955000,2956000,1.0,total_sent
fd00::20b:b:b:b,2966,2966000,2967000,1.0,total_sent
fd00::20b:b:b:b,2977,2977000,2978000,1.0,total_sent
fd00::20b:b:b:b,2986,2986000,2987000,1.0,total_sent
fd00::20b:b:b:b,3000,3000000,3001000,1.0,total_sent
fd00::20b:b:b:b,3013,3013000,3014000,1.0,total_sent
fd00::20b:b:b:b,3016,3016000,3017000,1.0,total_sent
fd00::20b:b:b:b,3026,3026000,3027000,1.0,total_sent
fd00::20b:b:b:b,3037,3037000,3038000,1.0,total_sent
fd00::20b:b:b:b,3047,3047000,3048000,1.0,total_sent
fd00::20b:b:b:b,3057,3057000,3058000,1.0,total_sent
fd00::20b:b:b:b,3067,3067000,3068000,1.0,total_sent
fd00::20b:b:b:b,3078,3078000,3079000,1.0,total_sent
fd00::20b:b:b:b,3087,3087000,3088000,1.0,total_sent
fd00::20b:b:b:b,3097,3097000,3098000,1.0,total_sent
fd00::20b:b:b:b,3113,3113000,3114000,1.0,total_sent
fd00::20b:b:b:b,3119,3119000,3120000,1.0,total_sent
fd00::20b:b:b:b,3127,3127000,3128000,1.0,total_sent
fd00::20b:b:b:b,3138,3138000,3139000,1.0,total_sent
fd00::20b:b:b:b,3169,3169000,3170000,2.0,total_sent
fd00::20b:b:b:b,3178,3178000,3179000,1.0,total_sent
fd00::20b:b:b:b,3188,3188000,3189000,1.0,total_sent
fd00::20b:b:b:b,3198,3198000,3199000,1.0,total_sent
fd00::20b:b:b:b,3208,3208000,3209000,1.0,total_sent
fd00::20b:b:b:b,3219,3219000,3220000,1.0,total_sent
fd00::20b:b:b:b,3229,3229000,3230000,1.0,total_sent
fd00::20b:b:b:b,3239,3239000,3240000,1.0,total_sent
fd00::20b:b:b:b,3249,3249000,3250000,1.0,total_sent
fd00::20b:b:b:b,3259,3259000,3260000,1.0,total_sent
fd00::20b:b:b:b,3269,3269000,3270000,1.0,total_sent
fd00::20b:b:b:b,3280,3280000,3281000,1.0,total_sent
fd00::20b:b:b:b,3289,3289000,3290000,1.0,total_sent
fd00::20b:b:b:b,3300,3300000,3301000,1.0,total_sent
fd00::20b:b:b:b,3310,3310000,3311000,1.0,total_sent
fd00::20b:b:b:b,3320,3320000,3321000,1.0,total_sent
fd00::20b:b:b:b,3331,3331000,3332000,1.0,total_sent
fd00::20b:b:b:b,3343,3343000,3344000,1.0,total_sent
fd00::20b:b:b:b,3352,3352000,3353000,1.0,total_sent
fd00::20b:b:b:b,3364,3364000,3365000,1.0,total_sent
fd00::20b:b:b:b,3373,3373000,3374000,1.0,total_sent
fd00::20b:b:b:b,3382,3382000,3383000,1.0,total_sent
fd00::20b:b:b:b,3394,3394000,3395000,1.0,total_sent
fd00::20b:b:b:b,3401,3401000,3402000,1.0,total_sent
fd00::20b:b:b:b,3416,3416000,3417000,1.0,total_sent
fd00::20b:b:b:b,3427,3427000,3428000,1.0,total_sent
fd00::20b:b:b:b,3444,3444000,3445000,1.0,total_sent
fd00::20b:b:b:b,3445,3445000,3446000,1.0,total_sent
fd00::20b:b:b:b,3456,3456000,3457000,1.0,total_sent
fd00::20b:b:b:b,3463,3463000,3464000,1.0,total_sent
fd00::20b:b:b:b,3480,3480000,3481000,1.0,total_sent
fd00::20b:b:b:b,3487,3487000,3488000,1.0,total_sent
fd00::20b:b:b:b,3497,3497000,3498000,1.0,total_sent
fd00::20b:b:b:b,3508,3508000,3509000,1.0,total_sent
fd00::20b:b:b:b,3512,3512000,3513000,1.0,total_sent
fd00::20b:b:b:b,3527,3527000,3528000,1.0,total_sent
fd00::20b:b:b:b,3533,3533000,3534000,1.0,total_sent
fd00::20c:c:c:c,33,33000,34000,0.0,total_sent
fd00::20c:c:c:c,43,43000,44000,1.0,total_sent
fd00::20c:c:c:c,54,54000,55000,1.0,total_sent
fd00::20c:c:c:c,65,65000,66000,1.0,total_sent
fd00::20c:c:c:c,76,76000,77000,1.0,total_sent
fd00::20c:c:c:c,87,87000,88000,1.0,total_sent
fd00::20c:c:c:c,97,97000,98000,1.0,total_sent
fd00::20c:c:c:c,108,108000,109000,1.0,total_sent
fd00::20c:c:c:c,119,119000,120000,1.0,total_sent
fd00::20c:c:c:c,135,135000,136000,1.0,total_sent
fd00::20c:c:c:c,148,148000,149000,1.0,total_sent
fd00::20c:c:c:c,159,159000,160000,1.0,total_sent
fd00::20c:c:c:c,553,553000,554000,3.0,total_sent
fd00::20c:c:c:c,563,563000,564000,1.0,total_sent
fd00::20c:c:c:c,575,575000,576000,1.0,total_sent
fd00::20c:c:c:c,588,588000,589000,1.0,total_sent
fd00::20c:c:c:c,598,598000,599000,1.0,total_sent
fd00::20c:c:c:c,616,616000,617000,1.0,total_sent
fd00::20c:c:c:c,807,807000,808000,1.0,total_sent
fd00::20c:c:c:c,815,815000,816000,1.0,total_sent
fd00::20c:c:c:c,828,828000,829000,1.0,total_sent
fd00::20c:c:c:c,834,834000,835000,1.0,total_sent
fd00::20c:c:c:c,845,845000,846000,1.0,total_sent
fd00::20c:c:c:c,856,856000,857000,1.0,total_sent
fd00::20c:c:c:c,867,867000,868000,1.0,total_sent
fd00::20c:c:c:c,878,878000,879000,1.0,total_sent
fd00::20c:c:c:c,888,888000,889000,1.0,total_sent
fd00::20c:c:c:c,903,903000,904000,1.0,total_sent
fd00::20c:c:c:c,917,917000,918000,1.0,total_sent
fd00::20c:c:c:c,924,924000,925000,1.0,total_sent
fd00::20c:c:c:c,939,939000,940000,1.0,total_sent
fd00::20c:c:c:c,3369,3369000,3370000,1.0,total_sent
fd00::20c:c:c:c,3381,3381000,3382000,1.0,total_sent
fd00::20c:c:c:c,3395,3395000,3396000,1.0,total_sent
fd00::20c:c:c:c,3402,3402000,3403000,1.0,total_sent
fd00::20c:c:c:c,3416,3416000,3417000,1.0,total_sent
fd00::20c:c:c:c,3425,3425000,3426000,1.0,total_sent
fd00::20c:c:c:c,3437,3437000,3438000,1.0,total_sent
fd00::20c:c:c:c,3445,3445000,3446000,1.0,total_sent
fd00::20c:c:c:c,3458,3458000,3459000,1.0,total_sent
fd00::20d:d:d:d,91,91000,92000,0.0,total_sent
fd00::20d:d:d:d,103,103000,104000,1.0,total_sent
fd00::20d:d:d:d,114,114000,115000,1.0,total_sent
fd00::20d:d:d:d,123,123000,124000,1.0,total_sent
fd00::20d:d:d:d,135,135000,136000,1.0,total_sent
fd00::20d:d:d:d,148,148000,149000,1.0,total_sent
fd00::20d:d:d:d,159,159000,160000,1.0,total_sent
fd00::20d:d:d:d,168,168000,169000,1.0,total_sent
fd00::20d:d:d:d,179,179000,180000,1.0,total_sent
fd00::20d:d:d:d,186,186000,187000,1.0,total_sent
fd00::20d:d:d:d,198,198000,199000,1.0,total_sent
fd00::20d:d:d:d,208,208000,209000,1.0,total_sent
fd00::20d:d:d:d,224,224000,225000,1.0,total_sent
fd00::20d:d:d:d,251,251000,252000,1.0,total_sent
fd00::20d:d:d:d,307,307000,308000,1.0,total_sent
fd00::20d:d:d:d,315,315000,316000,1.0,total_sent
fd00::20d:d:d:d,324,324000,325000,1.0,total_sent
fd00::20d:d:d:d,335,335000,336000,1.0,total_sent
fd00::20d:d:d:d,344,344000,345000,1.0,total_sent
fd00::20d:d:d:d,355,355000,356000,1.0,total_sent
fd00::20d:d:d:d,365,365000,366000,1.0,total_sent
fd00::20d:d:d:d,374,374000,375000,1.0,total_sent
fd00::20d:d:d:d,384,384000,385000,1.0,total_sent
fd00::20d:d:d:d,396,396000,397000,1.0,total_sent
fd00::20d:d:d:d,405,405000,406000,1.0,total_sent
fd00::20d:d:d:d,418,418000,419000,1.0,total_sent
fd00::20d:d:d:d,425,425000,426000,1.0,total_sent
fd00::20d:d:d:d,436,436000,437000,1.0,total_sent
fd00::20d:d:d:d,447,447000,448000,1.0,total_sent
fd00::20d:d:d:d,458,458000,459000,1.0,total_sent
fd00::20d:d:d:d,467,467000,468000,1.0,total_sent
fd00::20d:d:d:d,475,475000,476000,1.0,total_sent
fd00::20d:d:d:d,486,486000,487000,1.0,total_sent
fd00::20d:d:d:d,496,496000,497000,1.0,total_sent
fd00::20d:d:d:d,506,506000,507000,1.0,total_sent
fd00::20d:d:d:d,518,518000,519000,1.0,total_sent
fd00::20d:d:d:d,529,529000,530000,1.0,total_sent
fd00::20d:d:d:d,539,539000,540000,1.0,total_sent
fd00::20d:d:d:d,551,551000,552000,1.0,total_sent
fd00::20d:d:d:d,569,569000,570000,1.0,total_sent
fd00::20d:d:d:d,578,578000,579000,1.0,total_sent
fd00::20d:d:d:d,589,589000,590000,1.0,total_sent
fd00::20d:d:d:d,759,759000,760000,1.0,total_sent
fd00::20d:d:d:d,769,769000,770000,1.0,total_sent
fd00::20d:d:d:d,779,779000,780000,1.0,total_sent
fd00::20d:d:d:d,794,794000,795000,1.0,total_sent
fd00::20d:d:d:d,807,807000,808000,1.0,total_sent
fd00::20d:d:d:d,815,815000,816000,1.0,total_sent
fd00::20d:d:d:d,827,827000,828000,1.0,total_sent
fd00::20d:d:d:d,835,835000,836000,1.0,total_sent
fd00::20d:d:d:d,842,842000,843000,1.0,total_sent
fd00::20d:d:d:d,853,853000,854000,1.0,total_sent
fd00::20d:d:d:d,861,861000,862000,1.0,total_sent
fd00::20d:d:d:d,872,872000,873000,1.0,total_sent
fd00::20d:d:d:d,886,886000,887000,1.0,total_sent
fd00::20d:d:d:d,892,892000,893000,1.0,total_sent
fd00::20d:d:d:d,901,901000,902000,1.0,total_sent
fd00::20d:d:d:d,917,917000,918000,1.0,total_sent
fd00::20d:d:d:d,924,924000,925000,1.0,total_sent
fd00::20d:d:d:d,934,934000,935000,1.0,total_sent
fd00::20d:d:d:d,941,941000,942000,1.0,total_sent
fd00::20d:d:d:d,952,952000,953000,1.0,total_sent
fd00::20d:d:d:d,962,962000,963000,1.0,total_sent
fd00::20d:d:d:d,985,985000,986000,1.0,total_sent
fd00::20d:d:d:d,3398,3398000,3399000,3.0,total_sent
fd00::20d:d:d:d,3408,3408000,3409000,1.0,total_sent
fd00::20d:d:d:d,3418,3418000,3419000,1.0,total_sent
fd00::20d:d:d:d,3437,3437000,3438000,1.0,total_sent
fd00::20d:d:d:d,3439,3439000,3440000,1.0,total_sent
fd00::20d:d:d:d,3452,3452000,3453000,1.0,total_sent
fd00::20d:d:d:d,3463,3463000,3464000,1.0,total_sent
fd00::20d:d:d:d,3476,3476000,3477000,1.0,total_sent
fd00::20d:d:d:d,3496,3496000,3497000,1.0,total_sent
fd00::20d:d:d:d,3513,3513000,3514000,2.0,total_sent
fd00::20d:d:d:d,3522,3522000,3523000,1.0,total_sent
fd00::20d:d:d:d,3532,3532000,3533000,1.0,total_sent
fd00::20d:d:d:d,3544,3544000,3545000,1.0,total_sent
fd00::20d:d:d:d,3553,3553000,3554000,1.0,total_sent
fd00::20d:d:d:d,3565,3565000,3566000,1.0,total_sent
fd00::20d:d:d:d,3575,3575000,3576000,1.0,total_sent
fd00::20d:d:d:d,3585,3585000,3586000,1.0,total_sent
fd00::20d:d:d:d,3593,3593000,3594000,1.0,total_sent
fd00::20e:e:e:e,97,97000,98000,0.0,total_sent
fd00::20e:e:e:e,107,107000,108000,1.0,total_sent
fd00::20e:e:e:e,146,146000,147000,3.0,total_sent
fd00::20e:e:e:e,154,154000,155000,1.0,total_sent
fd00::20e:e:e:e,204,204000,205000,1.0,total_sent
fd00::20e:e:e:e,1668,1668000,1669000,5.0,total_sent
fd00::20e:e:e:e,1724,1724000,1725000,2.0,total_sent
fd00::20f:f:f:f,159,159000,160000,0.0,total_sent
fd00::20f:f:f:f,1816,1816000,1817000,1.0,total_sent
fd00::20f:f:f:f,1829,1829000,1830000,1.0,total_sent
fd00::20f:f:f:f,1845,1845000,1846000,1.0,total_sent
fd00::20f:f:f:f,1847,1847000,1848000,1.0,total_sent
fd00::20f:f:f:f,1877,1877000,1878000,2.0,total_sent
fd00::20f:f:f:f,1887,1887000,1888000,2.0,total_sent
fd00::20f:f:f:f,1898,1898000,1899000,1.0,total_sent
fd00::20f:f:f:f,2098,2098000,2099000,1.0,total_sent
fd00::20f:f:f:f,2107,2107000,2108000,1.0,total_sent
fd00::20f:f:f:f,2127,2127000,2128000,1.0,total_sent
fd00::20f:f:f:f,2135,2135000,2136000,1.0,total_sent
fd00::20f:f:f:f,2175,2175000,2176000,2.0,total_sent
fd00::210:10:10:10,148,148000,149000,0.0,total_sent
fd00::210:10:10:10,174,174000,175000,3.0,total_sent
fd00::210:10:10:10,181,181000,182000,1.0,total_sent
fd00::210:10:10:10,495,495000,496000,3.0,total_sent
fd00::210:10:10:10,503,503000,504000,1.0,total_sent
fd00::210:10:10:10,2358,2358000,2359000,2.0,total_sent
fd00::210:10:10:10,2368,2368000,2369000,1.0,total_sent
fd00::210:10:10:10,2572,2572000,2573000,3.0,total_sent
fd00::210:10:10:10,2578,2578000,2579000,1.0,total_sent
fd00::210:10:10:10,2899,2899000,2900000,3.0,total_sent
fd00::210:10:10:10,3114,3114000,3115000,4.0,total_sent
fd00::210:10:10:10,3120,3120000,3121000,1.0,total_sent
fd00::211:11:11:11,187,187000,188000,0.0,total_sent
fd00::211:11:11:11,199,199000,200000,1.0,total_sent
fd00::211:11:11:11,214,214000,215000,1.0,total_sent
fd00::211:11:11:11,231,231000,232000,1.0,total_sent
fd00::211:11:11:11,288,288000,289000,3.0,total_sent
fd00::211:11:11:11,788,788000,789000,1.0,total_sent
fd00::211:11:11:11,839,839000,840000,2.0,total_sent
fd00::211:11:11:11,848,848000,849000,1.0,total_sent
fd00::211:11:11:11,859,859000,860000,1.0,total_sent
fd00::211:11:11:11,878,878000,879000,1.0,total_sent
fd00::211:11:11:11,886,886000,887000,1.0,total_sent
fd00::211:11:11:11,917,917000,918000,3.0,total_sent
fd00::211:11:11:11,924,924000,925000,1.0,total_sent
fd00::211:11:11:11,934,934000,935000,1.0,total_sent
fd00::211:11:11:11,941,941000,942000,1.0,total_sent
fd00::211:11:11:11,952,952000,953000,1.0,total_sent
fd00::211:11:11:11,966,966000,967000,1.0,total_sent
fd00::212:12:12:12,206,206000,207000,0.0,total_sent
fd00::212:12:12:12,217,217000,218000,1.0,total_sent
fd00::213:13:13:13,136,136000,137000,0.0,total_sent
fd00::213:13:13:13,148,148000,149000,1.0,total_sent
fd00::213:13:13:13,169,169000,170000,2.0,total_sent
fd00::213:13:13:13,186,186000,187000,1.0,total_sent
fd00::213:13:13:13,188,188000,189000,1.0,total_sent
fd00::213:13:13:13,218,218000,219000,2.0,total_sent
fd00::213:13:13:13,225,225000,226000,1.0,total_sent
fd00::213:13:13:13,328,328000,329000,2.0,total_sent
fd00::213:13:13:13,519,519000,520000,2.0,total_sent
fd00::213:13:13:13,529,529000,530000,1.0,total_sent
fd00::213:13:13:13,539,539000,540000,1.0,total_sent
fd00::213:13:13:13,966,966000,967000,5.0,total_sent
fd00::213:13:13:13,3438,3438000,3439000,4.0,total_sent
fd00::213:13:13:13,3464,3464000,3465000,2.0,total_sent
fd00::213:13:13:13,3493,3493000,3494000,2.0,total_sent
fd00::213:13:13:13,3505,3505000,3506000,1.0,total_sent
fd00::213:13:13:13,3588,3588000,3589000,1.0,total_sent
fd00::213:13:13:13,3597,3597000,3598000,1.0,total_sent
fd00::202:2:2:2,20,20000,21000,0.0,total_received
fd00::202:2:2:2,31,31000,32000,1.0,total_received
fd00::202:2:2:2,42,42000,43000,1.0,total_received
fd00::202:2:2:2,52,52000,53000,1.0,total_received
fd00::202:2:2:2,63,63000,64000,1.0,total_received
fd00::202:2:2:2,73,73000,74000,1.0,total_received
fd00::202:2:2:2,84,84000,85000,1.0,total_received
fd00::202:2:2:2,94,94000,95000,1.0,total_received
fd00::202:2:2:2,105,105000,106000,1.0,total_received
fd00::202:2:2:2,115,115000,116000,1.0,total_received
fd00::202:2:2:2,126,126000,127000,1.0,total_received
fd00::202:2:2:2,136,136000,137000,1.0,total_received
fd00::202:2:2:2,147,147000,148000,1.0,total_received
fd00::202:2:2:2,157,157000,158000,1.0,total_received
fd00::202:2:2:2,168,168000,169000,1.0,total_received
fd00::202:2:2:2,179,179000,180000,1.0,total_received
fd00::202:2:2:2,189,189000,190000,1.0,total_received
fd00::202:2:2:2,222,222000,223000,3.0,total_received
fd00::202:2:2:2,235,235000,236000,1.0,total_received
fd00::202:2:2:2,248,248000,249000,0.0,total_received
fd00::202:2:2:2,257,257000,258000,3.0,total_received
fd00::202:2:2:2,263,263000,264000,1.0,total_received
fd00::202:2:2:2,279,279000,280000,1.0,total_received
fd00::202:2:2:2,285,285000,286000,0.0,total_received
fd00::202:2:2:2,303,303000,304000,2.0,total_received
fd00::202:2:2:2,473,473000,474000,16.0,total_received
fd00::202:2:2:2,484,484000,485000,1.0,total_received
fd00::202:2:2:2,494,494000,495000,1.0,total_received
fd00::202:2:2:2,507,507000,508000,1.0,total_received
fd00::202:2:2:2,515,515000,516000,1.0,total_received
fd00::202:2:2:2,526,526000,527000,1.0,total_received
fd00::202:2:2:2,537,537000,538000,1.0,total_received
fd00::202:2:2:2,547,547000,548000,1.0,total_received
fd00::202:2:2:2,563,563000,564000,1.0,total_received
fd00::202:2:2:2,568,568000,569000,1.0,total_received
fd00::202:2:2:2,584,584000,585000,1.0,total_received
fd00::202:2:2:2,589,589000,590000,1.0,total_received
fd00::202:2:2:2,600,600000,601000,2.0,total_received
fd00::202:2:2:2,617,617000,618000,1.0,total_received
fd00::202:2:2:2,626,626000,627000,1.0,total_received
fd00::202:2:2:2,631,631000,632000,1.0,total_received
fd00::202:2:2:2,642,642000,643000,1.0,total_received
fd00::202:2:2:2,655,655000,656000,1.0,total_received
fd00::202:2:2:2,664,664000,665000,1.0,total_received
fd00::202:2:2:2,675,675000,676000,1.0,total_received
fd00::202:2:2:2,684,684000,685000,1.0,total_received
fd00::202:2:2:2,694,694000,695000,1.0,total_received
fd00::202:2:2:2,705,705000,706000,1.0,total_received
fd00::202:2:2:2,718,718000,719000,1.0,total_received
fd00::202:2:2:2,726,726000,727000,1.0,total_received
fd00::202:2:2:2,737,737000,738000,1.0,total_received
fd00::202:2:2:2,747,747000,748000,1.0,total_received
fd00::202:2:2:2,758,758000,759000,1.0,total_received
fd00::202:2:2:2,769,769000,770000,1.0,total_received
fd00::202:2:2:2,779,779000,780000,1.0,total_received
fd00::202:2:2:2,802,802000,803000,3.0,total_received
fd00::202:2:2:2,816,816000,817000,1.0,total_received
fd00::202:2:2:2,822,822000,823000,1.0,total_received
fd00::202:2:2:2,835,835000,836000,1.0,total_received
fd00::202:2:2:2,845,845000,846000,1.0,total_received
fd00::202:2:2:2,854,854000,855000,1.0,total_received
fd00::202:2:2:2,866,866000,867000,1.0,total_received
fd00::202:2:2:2,873,873000,874000,1.0,total_received
fd00::202:2:2:2,886,886000,887000,1.0,total_received
fd00::202:2:2:2,895,895000,896000,1.0,total_received
fd00::202:2:2:2,906,906000,907000,1.0,total_received
fd00::202:2:2:2,916,916000,917000,1.0,total_received
fd00::202:2:2:2,926,926000,927000,1.0,total_received
fd00::202:2:2:2,937,937000,938000,1.0,total_received
fd00::202:2:2:2,947,947000,948000,1.0,total_received
fd00::202:2:2:2,958,958000,959000,1.0,total_received
fd00::202:2:2:2,968,968000,969000,1.0,total_received
fd00::202:2:2:2,986,986000,987000,1.0,total_received
fd00::202:2:2:2,989,989000,990000,1.0,total_received
fd00::202:2:2:2,1007,1007000,1008000,2.0,total_received
fd00::202:2:2:2,1122,1122000,1123000,11.0,total_received
fd00::202:2:2:2,1348,1348000,1349000,19.0,total_received
fd00::202:2:2:2,1358,1358000,1359000,2.0,total_received
fd00::202:2:2:2,1369,1369000,1370000,2.0,total_received
fd00::202:2:2:2,1422,1422000,1423000,0.0,total_received
fd00::202:2:2:2,1465,1465000,1466000,29.0,total_received
fd00::202:2:2:2,1481,1481000,1482000,1.0,total_received
fd00::202:2:2:2,1487,1487000,1488000,2.0,total_received
fd00::202:2:2:2,1495,1495000,1496000,0.0,total_received
fd00::202:2:2:2,1506,1506000,1507000,1.0,total_received
fd00::202:2:2:2,1522,1522000,1523000,2.0,total_received
fd00::202:2:2:2,1526,1526000,1527000,1.0,total_received
fd00::202:2:2:2,1537,1537000,1538000,2.0,total_received
fd00::202:2:2:2,1549,1549000,1550000,2.0,total_received
fd00::202:2:2:2,1558,1558000,1559000,1.0,total_received
fd00::202:2:2:2,1570,1570000,1571000,1.0,total_received
fd00::202:2:2:2,1580,1580000,1581000,1.0,total_received
fd00::202:2:2:2,1598,1598000,1599000,1.0,total_received
fd00::202:2:2:2,1606,1606000,1607000,2.0,total_received
fd00::202:2:2:2,1616,1616000,1617000,1.0,total_received
fd00::202:2:2:2,1625,1625000,1626000,1.0,total_received
fd00::202:2:2:2,1638,1638000,1639000,1.0,total_received
fd00::202:2:2:2,1649,1649000,1650000,1.0,total_received
fd00::202:2:2:2,1657,1657000,1658000,1.0,total_received
fd00::202:2:2:2,1665,1665000,1666000,1.0,total_received
fd00::202:2:2:2,1675,1675000,1676000,1.0,total_received
fd00::202:2:2:2,1685,1685000,1686000,1.0,total_received
fd00::202:2:2:2,1695,1695000,1696000,1.0,total_received
fd00::202:2:2:2,1706,1706000,1707000,1.0,total_received
fd00::202:2:2:2,1717,1717000,1718000,1.0,total_received
fd00::202:2:2:2,1732,1732000,1733000,1.0,total_received
fd00::202:2:2:2,1737,1737000,1738000,1.0,total_received
fd00::202:2:2:2,1906,1906000,1907000,15.0,total_received
fd00::202:2:2:2,1916,1916000,1917000,2.0,total_received
fd00::202:2:2:2,1927,1927000,1928000,1.0,total_received
fd00::202:2:2:2,2306,2306000,2307000,34.0,total_received
fd00::202:2:2:2,2316,2316000,2317000,1.0,total_received
fd00::202:2:2:2,2327,2327000,2328000,1.0,total_received
fd00::202:2:2:2,2343,2343000,2344000,1.0,total_received
fd00::202:2:2:2,2348,2348000,2349000,1.0,total_received
fd00::202:2:2:2,2358,2358000,2359000,1.0,total_received
fd00::202:2:2:2,2369,2369000,2370000,1.0,total_received
fd00::202:2:2:2,2379,2379000,2380000,1.0,total_received
fd00::202:2:2:2,2391,2391000,2392000,2.0,total_received
fd00::202:2:2:2,2408,2408000,2409000,1.0,total_received
fd00::202:2:2:2,2415,2415000,2416000,1.0,total_received
fd00::202:2:2:2,2425,2425000,2426000,1.0,total_received
fd00::202:2:2:2,2432,2432000,2433000,1.0,total_received
fd00::202:2:2:2,2443,2443000,2444000,1.0,total_received
fd00::202:2:2:2,2453,2453000,2454000,1.0,total_received
fd00::202:2:2:2,2467,2467000,2468000,1.0,total_received
fd00::202:2:2:2,2475,2475000,2476000,1.0,total_received
fd00::202:2:2:2,2492,2492000,2493000,1.0,total_received
fd00::202:2:2:2,2495,2495000,2496000,1.0,total_received
fd00::202:2:2:2,2508,2508000,2509000,1.0,total_received
fd00::202:2:2:2,2521,2521000,2522000,1.0,total_received
fd00::202:2:2:2,2528,2528000,2529000,1.0,total_received
fd00::202:2:2:2,2539,2539000,2540000,1.0,total_received
fd00::202:2:2:2,2548,2548000,2549000,1.0,total_received
fd00::202:2:2:2,2559,2559000,2560000,1.0,total_received
fd00::202:2:2:2,2572,2572000,2573000,1.0,total_received
fd00::202:2:2:2,2580,2580000,2581000,1.0,total_received
fd00::202:2:2:2,2591,2591000,2592000,1.0,total_received
fd00::202:2:2:2,2601,2601000,2602000,1.0,total_received
fd00::202:2:2:2,2614,2614000,2615000,1.0,total_received
fd00::202:2:2:2,2623,2623000,2624000,2.0,total_received
fd00::202:2:2:2,2632,2632000,2633000,1.0,total_received
fd00::202:2:2:2,2646,2646000,2647000,1.0,total_received
fd00::202:2:2:2,2811,2811000,2812000,16.0,total_received
fd00::202:2:2:2,2822,2822000,2823000,2.0,total_received
fd00::202:2:2:2,2832,2832000,2833000,1.0,total_received
fd00::202:2:2:2,2844,2844000,2845000,1.0,total_received
fd00::202:2:2:2,2854,2854000,2855000,1.0,total_received
fd00::202:2:2:2,2864,2864000,2865000,1.0,total_received
fd00::202:2:2:2,2881,2881000,2882000,0.0,total_received
fd00::202:2:2:2,2887,2887000,2888000,2.0,total_received
fd00::202:2:2:2,2898,2898000,2899000,1.0,total_received
fd00::202:2:2:2,2906,2906000,2907000,1.0,total_received
fd00::202:2:2:2,2916,2916000,2917000,1.0,total_received
fd00::202:2:2:2,2928,2928000,2929000,1.0,total_received
fd00::202:2:2:2,2938,2938000,2939000,1.0,total_received
fd00::202:2:2:2,2951,2951000,2952000,1.0,total_received
fd00::202:2:2:2,2959,2959000,2960000,1.0,total_received
fd00::202:2:2:2,2969,2969000,2970000,1.0,total_received
fd00::202:2:2:2,2980,2980000,2981000,1.0,total_received
fd00::202:2:2:2,2992,2992000,2993000,1.0,total_received
fd00::202:2:2:2,3023,3023000,3024000,4.0,total_received
fd00::202:2:2:2,3032,3032000,3033000,1.0,total_received
fd00::202:2:2:2,3047,3047000,3048000,1.0,total_received
fd00::202:2:2:2,3054,3054000,3055000,1.0,total_received
fd00::202:2:2:2,3065,3065000,3066000,1.0,total_received
fd00::202:2:2:2,3078,3078000,3079000,1.0,total_received
fd00::202:2:2:2,3085,3085000,3086000,1.0,total_received
fd00::202:2:2:2,3096,3096000,3097000,1.0,total_received
fd00::202:2:2:2,3112,3112000,3113000,1.0,total_received
fd00::202:2:2:2,3119,3119000,3120000,1.0,total_received
fd00::202:2:2:2,3127,3127000,3128000,1.0,total_received
fd00::202:2:2:2,3138,3138000,3139000,1.0,total_received
fd00::202:2:2:2,3169,3169000,3170000,3.0,total_received
fd00::202:2:2:2,3180,3180000,3181000,1.0,total_received
fd00::202:2:2:2,3190,3190000,3191000,1.0,total_received
fd00::202:2:2:2,3201,3201000,3202000,2.0,total_received
fd00::202:2:2:2,3211,3211000,3212000,1.0,total_received
fd00::202:2:2:2,3222,3222000,3223000,1.0,total_received
fd00::202:2:2:2,3232,3232000,3233000,1.0,total_received
fd00::202:2:2:2,3244,3244000,3245000,1.0,total_received
fd00::202:2:2:2,3254,3254000,3255000,1.0,total_received
fd00::202:2:2:2,3268,3268000,3269000,1.0,total_received
fd00::202:2:2:2,3275,3275000,3276000,1.0,total_received
fd00::202:2:2:2,3285,3285000,3286000,1.0,total_received
fd00::202:2:2:2,3296,3296000,3297000,1.0,total_received
fd00::202:2:2:2,3306,3306000,3307000,1.0,total_received
fd00::202:2:2:2,3317,3317000,3318000,1.0,total_received
fd00::202:2:2:2,3327,3327000,3328000,1.0,total_received
fd00::202:2:2:2,3338,3338000,3339000,1.0,total_received
fd00::202:2:2:2,3348,3348000,3349000,1.0,total_received
fd00::202:2:2:2,3359,3359000,3360000,1.0,total_received
fd00::202:2:2:2,3373,3373000,3374000,1.0,total_received
fd00::202:2:2:2,3380,3380000,3381000,1.0,total_received
fd00::202:2:2:2,3391,3391000,3392000,2.0,total_received
fd00::202:2:2:2,3401,3401000,3402000,1.0,total_received
fd00::202:2:2:2,3412,3412000,3413000,1.0,total_received
fd00::202:2:2:2,3427,3427000,3428000,1.0,total_received
fd00::202:2:2:2,3444,3444000,3445000,2.0,total_received
fd00::202:2:2:2,3454,3454000,3455000,1.0,total_received
fd00::202:2:2:2,3465,3465000,3466000,1.0,total_received
fd00::202:2:2:2,3482,3482000,3483000,1.0,total_received
fd00::202:2:2:2,3497,3497000,3498000,2.0,total_received
fd00::202:2:2:2,3508,3508000,3509000,1.0,total_received
fd00::202:2:2:2,3517,3517000,3518000,1.0,total_received
fd00::202:2:2:2,3531,3531000,3532000,1.0,total_received
fd00::202:2:2:2,3538,3538000,3539000,1.0,total_received
fd00::202:2:2:2,3548,3548000,3549000,1.0,total_received
fd00::202:2:2:2,3559,3559000,3560000,1.0,total_received
fd00::202:2:2:2,3569,3569000,3570000,1.0,total_received
fd00::202:2:2:2,3586,3586000,3587000,2.0,total_received
fd00::202:2:2:2,3597,3597000,3598000,1.0,total_received
fd00::203:3:3:3,159,159000,160000,0.0,total_received
fd00::203:3:3:3,169,169000,170000,0.0,total_received
fd00::203:3:3:3,184,184000,185000,1.0,total_received
fd00::203:3:3:3,187,187000,188000,1.0,total_received
fd00::203:3:3:3,199,199000,200000,1.0,total_received
fd00::203:3:3:3,236,236000,237000,2.0,total_received
fd00::203:3:3:3,258,258000,259000,3.0,total_received
fd00::203:3:3:3,269,269000,270000,0.0,total_received
fd00::203:3:3:3,270,270000,271000,0.0,total_received
fd00::203:3:3:3,278,278000,279000,3.0,total_received
fd00::203:3:3:3,529,529000,530000,24.0,total_received
fd00::203:3:3:3,539,539000,540000,2.0,total_received
fd00::203:3:3:3,547,547000,548000,0.0,total_received
fd00::203:3:3:3,568,568000,569000,1.0,total_received
fd00::203:3:3:3,577,577000,578000,1.0,total_received
fd00::203:3:3:3,598,598000,599000,1.0,total_received
fd00::203:3:3:3,615,615000,616000,1.0,total_received
fd00::203:3:3:3,828,828000,829000,21.0,total_received
fd00::203:3:3:3,835,835000,836000,1.0,total_received
fd00::203:3:3:3,846,846000,847000,1.0,total_received
fd00::203:3:3:3,857,857000,858000,1.0,total_received
fd00::203:3:3:3,864,864000,865000,1.0,total_received
fd00::203:3:3:3,886,886000,887000,1.0,total_received
fd00::203:3:3:3,887,887000,888000,1.0,total_received
fd00::203:3:3:3,897,897000,898000,1.0,total_received
fd00::203:3:3:3,906,906000,907000,1.0,total_received
fd00::203:3:3:3,918,918000,919000,1.0,total_received
fd00::203:3:3:3,927,927000,928000,1.0,total_received
fd00::203:3:3:3,936,936000,937000,2.0,total_received
fd00::203:3:3:3,948,948000,949000,0.0,total_received
fd00::203:3:3:3,955,955000,956000,1.0,total_received
fd00::203:3:3:3,973,973000,974000,2.0,total_received
fd00::203:3:3:3,3439,3439000,3440000,15.0,total_received
fd00::203:3:3:3,3455,3455000,3456000,1.0,total_received
fd00::203:3:3:3,3463,3463000,3464000,1.0,total_received
fd00::203:3:3:3,3488,3488000,3489000,0.0,total_received
fd00::203:3:3:3,3498,3498000,3499000,1.0,total_received
fd00::203:3:3:3,3518,3518000,3519000,2.0,total_received
fd00::203:3:3:3,3522,3522000,3523000,1.0,total_received
fd00::203:3:3:3,3523,3523000,3524000,1.0,total_received
fd00::203:3:3:3,3527,3527000,3528000,1.0,total_received
fd00::203:3:3:3,3533,3533000,3534000,1.0,total_received
fd00::203:3:3:3,3548,3548000,3549000,1.0,total_received
fd00::203:3:3:3,3557,3557000,3558000,1.0,total_received
fd00::203:3:3:3,3566,3566000,3567000,1.0,total_received
fd00::203:3:3:3,3576,3576000,3577000,1.0,total_received
fd00::203:3:3:3,3588,3588000,3589000,1.0,total_received
fd00::203:3:3:3,3594,3594000,3595000,1.0,total_received
fd00::204:4:4:4,127,127000,128000,0.0,total_received
fd00::204:4:4:4,137,137000,138000,1.0,total_received
fd00::204:4:4:4,149,149000,150000,1.0,total_received
fd00::204:4:4:4,159,159000,160000,1.0,total_received
fd00::204:4:4:4,169,169000,170000,1.0,total_received
fd00::204:4:4:4,186,186000,187000,1.0,total_received
fd00::204:4:4:4,193,193000,194000,0.0,total_received
fd00::204:4:4:4,207,207000,208000,2.0,total_received
fd00::204:4:4:4,218,218000,219000,0.0,total_received
fd00::204:4:4:4,236,236000,237000,2.0,total_received
fd00::204:4:4:4,262,262000,263000,3.0,total_received
fd00::204:4:4:4,277,277000,278000,0.0,total_received
fd00::204:4:4:4,337,337000,338000,9.0,total_received
fd00::204:4:4:4,348,348000,349000,1.0,total_received
fd00::204:4:4:4,359,359000,360000,1.0,total_received
fd00::204:4:4:4,369,369000,370000,1.0,total_received
fd00::204:4:4:4,384,384000,385000,1.0,total_received
fd00::204:4:4:4,395,395000,396000,1.0,total_received
fd00::204:4:4:4,403,403000,404000,1.0,total_received
fd00::204:4:4:4,418,418000,419000,2.0,total_received
fd00::204:4:4:4,424,424000,425000,1.0,total_received
fd00::204:4:4:4,436,436000,437000,1.0,total_received
fd00::204:4:4:4,446,446000,447000,1.0,total_received
fd00::204:4:4:4,458,458000,459000,1.0,total_received
fd00::204:4:4:4,467,467000,468000,1.0,total_received
fd00::204:4:4:4,475,475000,476000,1.0,total_received
fd00::204:4:4:4,485,485000,486000,1.0,total_received
fd00::204:4:4:4,496,496000,497000,1.0,total_received
fd00::204:4:4:4,517,517000,518000,1.0,total_received
fd00::204:4:4:4,518,518000,519000,1.0,total_received
fd00::204:4:4:4,529,529000,530000,1.0,total_received
fd00::204:4:4:4,541,541000,542000,1.0,total_received
fd00::204:4:4:4,561,561000,562000,1.0,total_received
fd00::204:4:4:4,577,577000,578000,1.0,total_received
fd00::204:4:4:4,588,588000,589000,0.0,total_received
fd00::204:4:4:4,595,595000,596000,1.0,total_received
fd00::204:4:4:4,615,615000,616000,1.0,total_received
fd00::204:4:4:4,777,777000,778000,19.0,total_received
fd00::204:4:4:4,787,787000,788000,1.0,total_received
fd00::204:4:4:4,796,796000,797000,1.0,total_received
fd00::204:4:4:4,808,808000,809000,1.0,total_received
fd00::204:4:4:4,815,815000,816000,1.0,total_received
fd00::204:4:4:4,828,828000,829000,1.0,total_received
fd00::204:4:4:4,836,836000,837000,1.0,total_received
fd00::204:4:4:4,848,848000,849000,2.0,total_received
fd00::204:4:4:4,858,858000,859000,1.0,total_received
fd00::204:4:4:4,865,865000,866000,0.0,total_received
fd00::204:4:4:4,886,886000,887000,2.0,total_received
fd00::204:4:4:4,888,888000,889000,1.0,total_received
fd00::204:4:4:4,898,898000,899000,1.0,total_received
fd00::204:4:4:4,907,907000,908000,1.0,total_received
fd00::204:4:4:4,919,919000,920000,1.0,total_received
fd00::204:4:4:4,929,929000,930000,1.0,total_received
fd00::204:4:4:4,939,939000,940000,1.0,total_received
fd00::204:4:4:4,952,952000,953000,1.0,total_received
fd00::204:4:4:4,962,962000,963000,1.0,total_received
fd00::204:4:4:4,985,985000,986000,1.0,total_received
fd00::204:4:4:4,3425,3425000,3426000,56.0,total_received
fd00::204:4:4:4,3438,3438000,3439000,1.0,total_received
fd00::204:4:4:4,3447,3447000,3448000,1.0,total_received
fd00::204:4:4:4,3457,3457000,3458000,2.0,total_received
fd00::204:4:4:4,3465,3465000,3466000,0.0,total_received
fd00::204:4:4:4,3489,3489000,3490000,1.0,total_received
fd00::204:4:4:4,3499,3499000,3500000,1.0,total_received
fd00::204:4:4:4,3518,3518000,3519000,2.0,total_received
fd00::204:4:4:4,3521,3521000,3522000,1.0,total_received
fd00::204:4:4:4,3532,3532000,3533000,2.0,total_received
fd00::204:4:4:4,3541,3541000,3542000,0.0,total_received
fd00::204:4:4:4,3548,3548000,3549000,2.0,total_received
fd00::204:4:4:4,3557,3557000,3558000,1.0,total_received
fd00::204:4:4:4,3568,3568000,3569000,1.0,total_received
fd00::204:4:4:4,3578,3578000,3579000,1.0,total_received
fd00::204:4:4:4,3589,3589000,3590000,1.0,total_received
fd00::204:4:4:4,3599,3599000,3600000,1.0,total_received
fd00::205:5:5:5,21,21000,22000,0.0,total_received
fd00::205:5:5:5,32,32000,33000,1.0,total_received
fd00::205:5:5:5,43,43000,44000,1.0,total_received
fd00::205:5:5:5,54,54000,55000,1.0,total_received
fd00::205:5:5:5,65,65000,66000,1.0,total_received
fd00::205:5:5:5,75,75000,76000,1.0,total_received
fd00::205:5:5:5,86,86000,87000,1.0,total_received
fd00::205:5:5:5,97,97000,98000,1.0,total_received
fd00::205:5:5:5,108,108000,109000,1.0,total_received
fd00::205:5:5:5,119,119000,120000,1.0,total_received
fd00::205:5:5:5,129,129000,130000,1.0,total_received
fd00::205:5:5:5,147,147000,148000,2.0,total_received
fd00::205:5:5:5,153,153000,154000,1.0,total_received
fd00::205:5:5:5,167,167000,168000,1.0,total_received
fd00::205:5:5:5,173,173000,174000,1.0,total_received
fd00::205:5:5:5,187,187000,188000,0.0,total_received
fd00::205:5:5:5,194,194000,195000,1.0,total_received
fd00::205:5:5:5,210,210000,211000,2.0,total_received
fd00::205:5:5:5,216,216000,217000,1.0,total_received
fd00::205:5:5:5,228,228000,229000,1.0,total_received
fd00::205:5:5:5,253,253000,254000,1.0,total_received
fd00::205:5:5:5,259,259000,260000,1.0,total_received
fd00::205:5:5:5,278,278000,279000,0.0,total_received
fd00::205:5:5:5,288,288000,289000,2.0,total_received
fd00::205:5:5:5,292,292000,293000,1.0,total_received
fd00::205:5:5:5,304,304000,305000,2.0,total_received
fd00::205:5:5:5,315,315000,316000,1.0,total_received
fd00::205:5:5:5,324,324000,325000,1.0,total_received
fd00::205:5:5:5,335,335000,336000,1.0,total_received
fd00::205:5:5:5,345,345000,346000,1.0,total_received
fd00::205:5:5:5,356,356000,357000,1.0,total_received
fd00::205:5:5:5,367,367000,368000,1.0,total_received
fd00::205:5:5:5,378,378000,379000,1.0,total_received
fd00::205:5:5:5,389,389000,390000,1.0,total_received
fd00::205:5:5:5,399,399000,400000,1.0,total_received
fd00::205:5:5:5,412,412000,413000,2.0,total_received
fd00::205:5:5:5,422,422000,423000,1.0,total_received
fd00::205:5:5:5,435,435000,436000,1.0,total_received
fd00::205:5:5:5,445,445000,446000,1.0,total_received
fd00::205:5:5:5,453,453000,454000,1.0,total_received
fd00::205:5:5:5,466,466000,467000,1.0,total_received
fd00::205:5:5:5,475,475000,476000,1.0,total_received
fd00::205:5:5:5,487,487000,488000,1.0,total_received
fd00::205:5:5:5,496,496000,497000,1.0,total_received
fd00::205:5:5:5,507,507000,508000,1.0,total_received
fd00::205:5:5:5,519,519000,520000,1.0,total_received
fd00::205:5:5:5,529,529000,530000,1.0,total_received
fd00::205:5:5:5,542,542000,543000,1.0,total_received
fd00::205:5:5:5,551,551000,552000,1.0,total_received
fd00::205:5:5:5,562,562000,563000,2.0,total_received
fd00::205:5:5:5,573,573000,574000,0.0,total_received
fd00::205:5:5:5,588,588000,589000,1.0,total_received
fd00::205:5:5:5,597,597000,598000,1.0,total_received
fd00::205:5:5:5,615,615000,616000,0.0,total_received
fd00::205:5:5:5,745,745000,746000,16.0,total_received
fd00::205:5:5:5,755,755000,756000,1.0,total_received
fd00::205:5:5:5,766,766000,767000,1.0,total_received
fd00::205:5:5:5,777,777000,778000,1.0,total_received
fd00::205:5:5:5,788,788000,789000,1.0,total_received
fd00::205:5:5:5,798,798000,799000,1.0,total_received
fd00::205:5:5:5,815,815000,816000,1.0,total_received
fd00::205:5:5:5,820,820000,821000,1.0,total_received
fd00::205:5:5:5,831,831000,832000,2.0,total_received
fd00::205:5:5:5,843,843000,844000,1.0,total_received
fd00::205:5:5:5,853,853000,854000,1.0,total_received
fd00::205:5:5:5,863,863000,864000,1.0,total_received
fd00::205:5:5:5,874,874000,875000,1.0,total_received
fd00::205:5:5:5,885,885000,886000,1.0,total_received
fd00::205:5:5:5,896,896000,897000,1.0,total_received
fd00::205:5:5:5,906,906000,907000,1.0,total_received
fd00::205:5:5:5,918,918000,919000,1.0,total_received
fd00::205:5:5:5,928,928000,929000,1.0,total_received
fd00::205:5:5:5,939,939000,940000,1.0,total_received
fd00::205:5:5:5,952,952000,953000,1.0,total_received
fd00::205:5:5:5,961,961000,962000,1.0,total_received
fd00::205:5:5:5,985,985000,986000,2.0,total_received
fd00::205:5:5:5,3367,3367000,3368000,202.0,total_received
fd00::205:5:5:5,3379,3379000,3380000,1.0,total_received
fd00::205:5:5:5,3389,3389000,3390000,1.0,total_received
fd00::205:5:5:5,3399,3399000,3400000,1.0,total_received
fd00::205:5:5:5,3416,3416000,3417000,2.0,total_received
fd00::205:5:5:5,3424,3424000,3425000,1.0,total_received
fd00::205:5:5:5,3435,3435000,3436000,1.0,total_received
fd00::205:5:5:5,3443,3443000,3444000,1.0,total_received
fd00::205:5:5:5,3455,3455000,3456000,1.0,total_received
fd00::205:5:5:5,3465,3465000,3466000,1.0,total_received
fd00::205:5:5:5,3475,3475000,3476000,1.0,total_received
fd00::205:5:5:5,3489,3489000,3490000,1.0,total_received
fd00::205:5:5:5,3498,3498000,3499000,1.0,total_received
fd00::205:5:5:5,3518,3518000,3519000,1.0,total_received
fd00::205:5:5:5,3524,3524000,3525000,1.0,total_received
fd00::205:5:5:5,3532,3532000,3533000,1.0,total_received
fd00::205:5:5:5,3543,3543000,3544000,1.0,total_received
fd00::205:5:5:5,3550,3550000,3551000,2.0,total_received
fd00::205:5:5:5,3566,3566000,3567000,1.0,total_received
fd00::205:5:5:5,3574,3574000,3575000,1.0,total_received
fd00::205:5:5:5,3585,3585000,3586000,1.0,total_received
fd00::205:5:5:5,3594,3594000,3595000,1.0,total_received
fd00::206:6:6:6,43,43000,44000,0.0,total_received
fd00::206:6:6:6,54,54000,55000,1.0,total_received
fd00::206:6:6:6,65,65000,66000,1.0,total_received
fd00::206:6:6:6,76,76000,77000,1.0,total_received
fd00::206:6:6:6,87,87000,88000,1.0,total_received
fd00::206:6:6:6,98,98000,99000,1.0,total_received
fd00::206:6:6:6,109,109000,110000,1.0,total_received
fd00::206:6:6:6,122,122000,123000,1.0,total_received
fd00::206:6:6:6,133,133000,134000,2.0,total_received
fd00::206:6:6:6,142,142000,143000,1.0,total_received
fd00::206:6:6:6,158,158000,159000,1.0,total_received
fd00::206:6:6:6,163,163000,164000,1.0,total_received
fd00::206:6:6:6,178,178000,179000,1.0,total_received
fd00::206:6:6:6,185,185000,186000,1.0,total_received
fd00::206:6:6:6,196,196000,197000,1.0,total_received
fd00::206:6:6:6,209,209000,210000,1.0,total_received
fd00::206:6:6:6,218,218000,219000,1.0,total_received
fd00::206:6:6:6,229,229000,230000,1.0,total_received
fd00::206:6:6:6,240,240000,241000,1.0,total_received
fd00::206:6:6:6,255,255000,256000,1.0,total_received
fd00::206:6:6:6,262,262000,263000,2.0,total_received
fd00::206:6:6:6,273,273000,274000,0.0,total_received
fd00::206:6:6:6,284,284000,285000,2.0,total_received
fd00::206:6:6:6,295,295000,296000,1.0,total_received
fd00::206:6:6:6,305,305000,306000,1.0,total_received
fd00::206:6:6:6,316,316000,317000,1.0,total_received
fd00::206:6:6:6,327,327000,328000,1.0,total_received
fd00::206:6:6:6,338,338000,339000,1.0,total_received
fd00::206:6:6:6,349,349000,350000,1.0,total_received
fd00::206:6:6:6,360,360000,361000,1.0,total_received
fd00::206:6:6:6,371,371000,372000,2.0,total_received
fd00::206:6:6:6,383,383000,384000,1.0,total_received
fd00::206:6:6:6,393,393000,394000,1.0,total_received
fd00::206:6:6:6,404,404000,405000,1.0,total_received
fd00::206:6:6:6,415,415000,416000,1.0,total_received
fd00::206:6:6:6,426,426000,427000,1.0,total_received
fd00::206:6:6:6,437,437000,438000,1.0,total_received
fd00::206:6:6:6,448,448000,449000,1.0,total_received
fd00::206:6:6:6,458,458000,459000,1.0,total_received
fd00::206:6:6:6,469,469000,470000,1.0,total_received
fd00::206:6:6:6,483,483000,484000,2.0,total_received
fd00::206:6:6:6,492,492000,493000,0.0,total_received
fd00::206:6:6:6,505,505000,506000,2.0,total_received
fd00::206:6:6:6,524,524000,525000,2.0,total_received
fd00::206:6:6:6,537,537000,538000,1.0,total_received
fd00::206:6:6:6,546,546000,547000,1.0,total_received
fd00::206:6:6:6,563,563000,564000,1.0,total_received
fd00::206:6:6:6,568,568000,569000,1.0,total_received
fd00::206:6:6:6,584,584000,585000,1.0,total_received
fd00::206:6:6:6,595,595000,596000,1.0,total_received
fd00::206:6:6:6,601,601000,602000,2.0,total_received
fd00::206:6:6:6,617,617000,618000,1.0,total_received
fd00::206:6:6:6,627,627000,628000,1.0,total_received
fd00::206:6:6:6,634,634000,635000,1.0,total_received
fd00::206:6:6:6,647,647000,648000,1.0,total_received
fd00::206:6:6:6,666,666000,667000,2.0,total_received
fd00::206:6:6:6,677,677000,678000,1.0,total_received
fd00::206:6:6:6,688,688000,689000,1.0,total_received
fd00::206:6:6:6,699,699000,700000,1.0,total_received
fd00::206:6:6:6,1002,1002000,1003000,25.0,total_received
fd00::206:6:6:6,1104,1104000,1105000,13.0,total_received
fd00::206:6:6:6,1409,1409000,1410000,28.0,total_received
fd00::206:6:6:6,1420,1420000,1421000,0.0,total_received
fd00::206:6:6:6,1434,1434000,1435000,1.0,total_received
fd00::206:6:6:6,1444,1444000,1445000,0.0,total_received
fd00::206:6:6:6,1454,1454000,1455000,1.0,total_received
fd00::206:6:6:6,1464,1464000,1465000,1.0,total_received
fd00::206:6:6:6,1475,1475000,1476000,1.0,total_received
fd00::206:6:6:6,1487,1487000,1488000,1.0,total_received
fd00::206:6:6:6,1497,1497000,1498000,1.0,total_received
fd00::206:6:6:6,1508,1508000,1509000,2.0,total_received
fd00::206:6:6:6,1519,1519000,1520000,1.0,total_received
fd00::206:6:6:6,1530,1530000,1531000,2.0,total_received
fd00::206:6:6:6,1540,1540000,1541000,2.0,total_received
fd00::206:6:6:6,1553,1553000,1554000,2.0,total_received
fd00::206:6:6:6,1563,1563000,1564000,1.0,total_received
fd00::206:6:6:6,1574,1574000,1575000,1.0,total_received
fd00::206:6:6:6,1584,1584000,1585000,1.0,total_received
fd00::206:6:6:6,1598,1598000,1599000,1.0,total_received
fd00::206:6:6:6,1607,1607000,1608000,1.0,total_received
fd00::206:6:6:6,1617,1617000,1618000,1.0,total_received
fd00::206:6:6:6,1628,1628000,1629000,1.0,total_received
fd00::206:6:6:6,1640,1640000,1641000,1.0,total_received
fd00::206:6:6:6,1664,1664000,1665000,3.0,total_received
fd00::206:6:6:6,1674,1674000,1675000,1.0,total_received
fd00::206:6:6:6,1683,1683000,1684000,1.0,total_received
fd00::206:6:6:6,1694,1694000,1695000,1.0,total_received
fd00::206:6:6:6,1704,1704000,1705000,1.0,total_received
fd00::206:6:6:6,1717,1717000,1718000,1.0,total_received
fd00::206:6:6:6,1726,1726000,1727000,1.0,total_received
fd00::206:6:6:6,1737,1737000,1738000,1.0,total_received
fd00::206:6:6:6,1748,1748000,1749000,1.0,total_received
fd00::206:6:6:6,1759,1759000,1760000,1.0,total_received
fd00::206:6:6:6,1782,1782000,1783000,1.0,total_received
fd00::206:6:6:6,1784,1784000,1785000,1.0,total_received
fd00::206:6:6:6,1799,1799000,1800000,1.0,total_received
fd00::206:6:6:6,1804,1804000,1805000,2.0,total_received
fd00::206:6:6:6,1817,1817000,1818000,0.0,total_received
fd00::206:6:6:6,1829,1829000,1830000,2.0,total_received
fd00::206:6:6:6,1836,1836000,1837000,1.0,total_received
fd00::206:6:6:6,1848,1848000,1849000,0.0,total_received
fd00::206:6:6:6,1858,1858000,1859000,2.0,total_received
fd00::206:6:6:6,1869,1869000,1870000,1.0,total_received
fd00::206:6:6:6,1879,1879000,1880000,1.0,total_received
fd00::206:6:6:6,1897,1897000,1898000,0.0,total_received
fd00::206:6:6:6,1904,1904000,1905000,1.0,total_received
fd00::206:6:6:6,1912,1912000,1913000,1.0,total_received
fd00::206:6:6:6,1923,1923000,1924000,1.0,total_received
fd00::206:6:6:6,1934,1934000,1935000,2.0,total_received
fd00::206:6:6:6,1959,1959000,1960000,0.0,total_received
fd00::206:6:6:6,1967,1967000,1968000,2.0,total_received
fd00::206:6:6:6,2035,2035000,2036000,9.0,total_received
fd00::206:6:6:6,2047,2047000,2048000,1.0,total_received
fd00::206:6:6:6,2056,2056000,2057000,1.0,total_received
fd00::206:6:6:6,2065,2065000,2066000,1.0,total_received
fd00::206:6:6:6,2078,2078000,2079000,1.0,total_received
fd00::206:6:6:6,2087,2087000,2088000,1.0,total_received
fd00::206:6:6:6,2098,2098000,2099000,1.0,total_received
fd00::206:6:6:6,2109,2109000,2110000,1.0,total_received
fd00::206:6:6:6,2130,2130000,2131000,1.0,total_received
fd00::206:6:6:6,2153,2153000,2154000,3.0,total_received
fd00::206:6:6:6,2166,2166000,2167000,2.0,total_received
fd00::206:6:6:6,2175,2175000,2176000,1.0,total_received
fd00::206:6:6:6,2186,2186000,2187000,1.0,total_received
fd00::206:6:6:6,2196,2196000,2197000,1.0,total_received
fd00::206:6:6:6,2207,2207000,2208000,1.0,total_received
fd00::206:6:6:6,2218,2218000,2219000,1.0,total_received
fd00::206:6:6:6,2349,2349000,2350000,13.0,total_received
fd00::206:6:6:6,2365,2365000,2366000,2.0,total_received
fd00::206:6:6:6,2376,2376000,2377000,0.0,total_received
fd00::206:6:6:6,2385,2385000,2386000,1.0,total_received
fd00::206:6:6:6,2396,2396000,2397000,2.0,total_received
fd00::206:6:6:6,2408,2408000,2409000,1.0,total_received
fd00::206:6:6:6,2416,2416000,2417000,1.0,total_received
fd00::206:6:6:6,2426,2426000,2427000,1.0,total_received
fd00::206:6:6:6,2437,2437000,2438000,1.0,total_received
fd00::206:6:6:6,2448,2448000,2449000,1.0,total_received
fd00::206:6:6:6,2459,2459000,2460000,1.0,total_received
fd00::206:6:6:6,2471,2471000,2472000,1.0,total_received
fd00::206:6:6:6,2492,2492000,2493000,2.0,total_received
fd00::206:6:6:6,2493,2493000,2494000,0.0,total_received
fd00::206:6:6:6,2504,2504000,2505000,1.0,total_received
fd00::206:6:6:6,2518,2518000,2519000,1.0,total_received
fd00::206:6:6:6,2525,2525000,2526000,0.0,total_received
fd00::206:6:6:6,2535,2535000,2536000,2.0,total_received
fd00::206:6:6:6,2549,2549000,2550000,2.0,total_received
fd00::206:6:6:6,2558,2558000,2559000,0.0,total_received
fd00::206:6:6:6,2568,2568000,2569000,1.0,total_received
fd00::206:6:6:6,2579,2579000,2580000,2.0,total_received
fd00::206:6:6:6,2591,2591000,2592000,0.0,total_received
fd00::206:6:6:6,2602,2602000,2603000,2.0,total_received
fd00::206:6:6:6,2614,2614000,2615000,1.0,total_received
fd00::206:6:6:6,2623,2623000,2624000,2.0,total_received
fd00::206:6:6:6,2634,2634000,2635000,1.0,total_received
fd00::206:6:6:6,2665,2665000,2666000,2.0,total_received
fd00::206:6:6:6,2666,2666000,2667000,1.0,total_received
fd00::206:6:6:6,2808,2808000,2809000,14.0,total_received
fd00::206:6:6:6,2819,2819000,2820000,1.0,total_received
fd00::206:6:6:6,2831,2831000,2832000,1.0,total_received
fd00::206:6:6:6,2844,2844000,2845000,1.0,total_received
fd00::206:6:6:6,2854,2854000,2855000,2.0,total_received
fd00::206:6:6:6,2864,2864000,2865000,1.0,total_received
fd00::206:6:6:6,2874,2874000,2875000,0.0,total_received
fd00::206:6:6:6,2887,2887000,2888000,2.0,total_received
fd00::206:6:6:6,2898,2898000,2899000,0.0,total_received
fd00::206:6:6:6,2909,2909000,2910000,2.0,total_received
fd00::206:6:6:6,2918,2918000,2919000,1.0,total_received
fd00::206:6:6:6,2928,2928000,2929000,1.0,total_received
fd00::206:6:6:6,2939,2939000,2940000,1.0,total_received
fd00::206:6:6:6,2952,2952000,2953000,1.0,total_received
fd00::206:6:6:6,2962,2962000,2963000,1.0,total_received
fd00::206:6:6:6,2972,2972000,2973000,1.0,total_received
fd00::206:6:6:6,2984,2984000,2985000,1.0,total_received
fd00::206:6:6:6,3013,3013000,3014000,3.0,total_received
fd00::206:6:6:6,3016,3016000,3017000,1.0,total_received
fd00::206:6:6:6,3027,3027000,3028000,1.0,total_received
fd00::206:6:6:6,3038,3038000,3039000,1.0,total_received
fd00::206:6:6:6,3049,3049000,3050000,1.0,total_received
fd00::206:6:6:6,3060,3060000,3061000,1.0,total_received
fd00::206:6:6:6,3077,3077000,3078000,1.0,total_received
fd00::206:6:6:6,3083,3083000,3084000,1.0,total_received
fd00::206:6:6:6,3096,3096000,3097000,2.0,total_received
fd00::206:6:6:6,3109,3109000,3110000,1.0,total_received
fd00::206:6:6:6,3114,3114000,3115000,1.0,total_received
fd00::206:6:6:6,3125,3125000,3126000,1.0,total_received
fd00::206:6:6:6,3138,3138000,3139000,0.0,total_received
fd00::206:6:6:6,3159,3159000,3160000,3.0,total_received
fd00::206:6:6:6,3169,3169000,3170000,1.0,total_received
fd00::206:6:6:6,3180,3180000,3181000,1.0,total_received
fd00::206:6:6:6,3195,3195000,3196000,1.0,total_received
fd00::206:6:6:6,3202,3202000,3203000,2.0,total_received
fd00::206:6:6:6,3214,3214000,3215000,1.0,total_received
fd00::206:6:6:6,3223,3223000,3224000,1.0,total_received
fd00::206:6:6:6,3236,3236000,3237000,1.0,total_received
fd00::206:6:6:6,3245,3245000,3246000,1.0,total_received
fd00::206:6:6:6,3256,3256000,3257000,1.0,total_received
fd00::206:6:6:6,3268,3268000,3269000,1.0,total_received
fd00::206:6:6:6,3278,3278000,3279000,1.0,total_received
fd00::206:6:6:6,3289,3289000,3290000,1.0,total_received
fd00::206:6:6:6,3301,3301000,3302000,1.0,total_received
fd00::206:6:6:6,3312,3312000,3313000,2.0,total_received
fd00::206:6:6:6,3322,3322000,3323000,0.0,total_received
fd00::206:6:6:6,3335,3335000,3336000,1.0,total_received
fd00::206:6:6:6,3344,3344000,3345000,2.0,total_received
fd00::206:6:6:6,3355,3355000,3356000,1.0,total_received
fd00::206:6:6:6,3366,3366000,3367000,1.0,total_received
fd00::206:6:6:6,3377,3377000,3378000,1.0,total_received
fd00::206:6:6:6,3388,3388000,3389000,1.0,total_received
fd00::206:6:6:6,3399,3399000,3400000,1.0,total_received
fd00::206:6:6:6,3412,3412000,3413000,1.0,total_received
fd00::206:6:6:6,3427,3427000,3428000,1.0,total_received
fd00::206:6:6:6,3444,3444000,3445000,3.0,total_received
fd00::206:6:6:6,3453,3453000,3454000,1.0,total_received
fd00::206:6:6:6,3465,3465000,3466000,1.0,total_received
fd00::206:6:6:6,3482,3482000,3483000,1.0,total_received
fd00::206:6:6:6,3486,3486000,3487000,1.0,total_received
fd00::206:6:6:6,3498,3498000,3499000,1.0,total_received
fd00::206:6:6:6,3508,3508000,3509000,1.0,total_received
fd00::206:6:6:6,3519,3519000,3520000,1.0,total_received
fd00::206:6:6:6,3531,3531000,3532000,1.0,total_received
fd00::206:6:6:6,3543,3543000,3544000,1.0,total_received
fd00::206:6:6:6,3552,3552000,3553000,2.0,total_received
fd00::206:6:6:6,3563,3563000,3564000,0.0,total_received
fd00::206:6:6:6,3573,3573000,3574000,2.0,total_received
fd00::206:6:6:6,3586,3586000,3587000,1.0,total_received
fd00::206:6:6:6,3597,3597000,3598000,1.0,total_received
fd00::207:7:7:7,84,84000,85000,0.0,total_received
fd00::207:7:7:7,94,94000,95000,1.0,total_received
fd00::207:7:7:7,104,104000,105000,1.0,total_received
fd00::207:7:7:7,115,115000,116000,1.0,total_received
fd00::207:7:7:7,125,125000,126000,1.0,total_received
fd00::207:7:7:7,136,136000,137000,1.0,total_received
fd00::207:7:7:7,147,147000,148000,1.0,total_received
fd00::207:7:7:7,159,159000,160000,1.0,total_received
fd00::207:7:7:7,168,168000,169000,1.0,total_received
fd00::207:7:7:7,182,182000,183000,1.0,total_received
fd00::207:7:7:7,195,195000,196000,1.0,total_received
fd00::207:7:7:7,206,206000,207000,1.0,total_received
fd00::207:7:7:7,216,216000,217000,1.0,total_received
fd00::207:7:7:7,1425,1425000,1426000,111.0,total_received
fd00::207:7:7:7,1435,1435000,1436000,1.0,total_received
fd00::207:7:7:7,1454,1454000,1455000,0.0,total_received
fd00::207:7:7:7,1460,1460000,1461000,2.0,total_received
fd00::207:7:7:7,1468,1468000,1469000,1.0,total_received
fd00::207:7:7:7,1485,1485000,1486000,0.0,total_received
fd00::207:7:7:7,1488,1488000,1489000,1.0,total_received
fd00::207:7:7:7,1504,1504000,1505000,1.0,total_received
fd00::207:7:7:7,1524,1524000,1525000,3.0,total_received
fd00::207:7:7:7,1707,1707000,1708000,20.0,total_received
fd00::207:7:7:7,1722,1722000,1723000,1.0,total_received
fd00::207:7:7:7,1728,1728000,1729000,1.0,total_received
fd00::207:7:7:7,1739,1739000,1740000,1.0,total_received
fd00::207:7:7:7,1749,1749000,1750000,1.0,total_received
fd00::207:7:7:7,1763,1763000,1764000,1.0,total_received
fd00::207:7:7:7,1783,1783000,1784000,1.0,total_received
fd00::207:7:7:7,1799,1799000,1800000,2.0,total_received
fd00::207:7:7:7,1804,1804000,1805000,1.0,total_received
fd00::207:7:7:7,1816,1816000,1817000,1.0,total_received
fd00::207:7:7:7,1829,1829000,1830000,1.0,total_received
fd00::207:7:7:7,1846,1846000,1847000,1.0,total_received
fd00::207:7:7:7,1848,1848000,1849000,1.0,total_received
fd00::207:7:7:7,1862,1862000,1863000,1.0,total_received
fd00::207:7:7:7,1876,1876000,1877000,1.0,total_received
fd00::207:7:7:7,1879,1879000,1880000,2.0,total_received
fd00::207:7:7:7,1887,1887000,1888000,0.0,total_received
fd00::207:7:7:7,1898,1898000,1899000,1.0,total_received
fd00::207:7:7:7,1916,1916000,1917000,0.0,total_received
fd00::207:7:7:7,1947,1947000,1948000,1.0,total_received
fd00::207:7:7:7,1956,1956000,1957000,3.0,total_received
fd00::207:7:7:7,1959,1959000,1960000,1.0,total_received
fd00::207:7:7:7,2046,2046000,2047000,11.0,total_received
fd00::207:7:7:7,2056,2056000,2057000,1.0,total_received
fd00::207:7:7:7,2064,2064000,2065000,1.0,total_received
fd00::207:7:7:7,2077,2077000,2078000,1.0,total_received
fd00::207:7:7:7,2086,2086000,2087000,1.0,total_received
fd00::207:7:7:7,2098,2098000,2099000,1.0,total_received
fd00::207:7:7:7,2109,2109000,2110000,1.0,total_received
fd00::207:7:7:7,2129,2129000,2130000,1.0,total_received
fd00::207:7:7:7,2139,2139000,2140000,1.0,total_received
fd00::207:7:7:7,2148,2148000,2149000,0.0,total_received
fd00::208:8:8:8,115,115000,116000,0.0,total_received
fd00::208:8:8:8,126,126000,127000,1.0,total_received
fd00::208:8:8:8,136,136000,137000,1.0,total_received
fd00::208:8:8:8,146,146000,147000,1.0,total_received
fd00::208:8:8:8,159,159000,160000,1.0,total_received
fd00::208:8:8:8,167,167000,168000,1.0,total_received
fd00::208:8:8:8,182,182000,183000,1.0,total_received
fd00::208:8:8:8,206,206000,207000,2.0,total_received
fd00::208:8:8:8,216,216000,217000,1.0,total_received
fd00::208:8:8:8,1759,1759000,1760000,129.0,total_received
fd00::208:8:8:8,1763,1763000,1764000,1.0,total_received
fd00::208:8:8:8,1783,1783000,1784000,1.0,total_received
fd00::208:8:8:8,1789,1789000,1790000,1.0,total_received
fd00::208:8:8:8,1799,1799000,1800000,1.0,total_received
fd00::208:8:8:8,1804,1804000,1805000,1.0,total_received
fd00::208:8:8:8,1817,1817000,1818000,1.0,total_received
fd00::208:8:8:8,1830,1830000,1831000,1.0,total_received
fd00::208:8:8:8,1847,1847000,1848000,1.0,total_received
fd00::208:8:8:8,1848,1848000,1849000,1.0,total_received
fd00::208:8:8:8,1867,1867000,1868000,1.0,total_received
fd00::208:8:8:8,1876,1876000,1877000,1.0,total_received
fd00::208:8:8:8,1884,1884000,1885000,2.0,total_received
fd00::208:8:8:8,1888,1888000,1889000,0.0,total_received
fd00::208:8:8:8,1898,1898000,1899000,0.0,total_received
fd00::208:8:8:8,1922,1922000,1923000,1.0,total_received
fd00::208:8:8:8,1948,1948000,1949000,1.0,total_received
fd00::208:8:8:8,1956,1956000,1957000,1.0,total_received
fd00::208:8:8:8,1963,1963000,1964000,1.0,total_received
fd00::208:8:8:8,2062,2062000,2063000,13.0,total_received
fd00::208:8:8:8,2065,2065000,2066000,1.0,total_received
fd00::208:8:8:8,2077,2077000,2078000,1.0,total_received
fd00::208:8:8:8,2099,2099000,2100000,1.0,total_received
fd00::208:8:8:8,2108,2108000,2109000,1.0,total_received
fd00::208:8:8:8,2127,2127000,2128000,1.0,total_received
fd00::208:8:8:8,2136,2136000,2137000,1.0,total_received
fd00::208:8:8:8,2169,2169000,2170000,1.0,total_received
fd00::208:8:8:8,2175,2175000,2176000,1.0,total_received
fd00::209:9:9:9,1783,1783000,1784000,0.0,total_received
fd00::209:9:9:9,1792,1792000,1793000,0.0,total_received
fd00::209:9:9:9,1799,1799000,1800000,0.0,total_received
fd00::209:9:9:9,1816,1816000,1817000,1.0,total_received
fd00::209:9:9:9,1818,1818000,1819000,1.0,total_received
fd00::209:9:9:9,1845,1845000,1846000,1.0,total_received
fd00::209:9:9:9,1848,1848000,1849000,1.0,total_received
fd00::209:9:9:9,1875,1875000,1876000,2.0,total_received
fd00::209:9:9:9,1878,1878000,1879000,1.0,total_received
fd00::209:9:9:9,1884,1884000,1885000,1.0,total_received
fd00::209:9:9:9,1898,1898000,1899000,1.0,total_received
fd00::209:9:9:9,1911,1911000,1912000,0.0,total_received
fd00::209:9:9:9,1934,1934000,1935000,1.0,total_received
fd00::209:9:9:9,1955,1955000,1956000,2.0,total_received
fd00::209:9:9:9,1962,1962000,1963000,1.0,total_received
fd00::209:9:9:9,2066,2066000,2067000,14.0,total_received
fd00::209:9:9:9,2077,2077000,2078000,1.0,total_received
fd00::209:9:9:9,2106,2106000,2107000,2.0,total_received
fd00::209:9:9:9,2127,2127000,2128000,1.0,total_received
fd00::209:9:9:9,2130,2130000,2131000,2.0,total_received
fd00::209:9:9:9,2158,2158000,2159000,0.0,total_received
fd00::20a:a:a:a,133,133000,134000,0.0,total_received
fd00::20a:a:a:a,144,144000,145000,0.0,total_received
fd00::20a:a:a:a,158,158000,159000,1.0,total_received
fd00::20a:a:a:a,164,164000,165000,1.0,total_received
fd00::20a:a:a:a,178,178000,179000,2.0,total_received
fd00::20a:a:a:a,188,188000,189000,0.0,total_received
fd00::20a:a:a:a,204,204000,205000,2.0,total_received
fd00::20a:a:a:a,209,209000,210000,1.0,total_received
fd00::20a:a:a:a,1734,1734000,1735000,131.0,total_received
fd00::20a:a:a:a,1743,1743000,1744000,0.0,total_received
fd00::20a:a:a:a,1759,1759000,1760000,2.0,total_received
fd00::20a:a:a:a,1764,1764000,1765000,1.0,total_received
fd00::20a:a:a:a,1783,1783000,1784000,1.0,total_received
fd00::20a:a:a:a,1788,1788000,1789000,1.0,total_received
fd00::20a:a:a:a,1799,1799000,1800000,1.0,total_received
fd00::20a:a:a:a,1804,1804000,1805000,1.0,total_received
fd00::20a:a:a:a,1816,1816000,1817000,1.0,total_received
fd00::20a:a:a:a,1829,1829000,1830000,1.0,total_received
fd00::20a:a:a:a,1847,1847000,1848000,1.0,total_received
fd00::20a:a:a:a,1848,1848000,1849000,1.0,total_received
fd00::20a:a:a:a,1862,1862000,1863000,1.0,total_received
fd00::20a:a:a:a,1876,1876000,1877000,1.0,total_received
fd00::20a:a:a:a,1879,1879000,1880000,1.0,total_received
fd00::20a:a:a:a,1887,1887000,1888000,1.0,total_received
fd00::20a:a:a:a,1898,1898000,1899000,0.0,total_received
fd00::20a:a:a:a,1916,1916000,1917000,1.0,total_received
fd00::20a:a:a:a,1955,1955000,1956000,2.0,total_received
fd00::20a:a:a:a,1958,1958000,1959000,1.0,total_received
fd00::20a:a:a:a,1967,1967000,1968000,1.0,total_received
fd00::20a:a:a:a,2062,2062000,2063000,13.0,total_received
fd00::20a:a:a:a,2069,2069000,2070000,1.0,total_received
fd00::20a:a:a:a,2078,2078000,2079000,1.0,total_received
fd00::20a:a:a:a,2088,2088000,2089000,1.0,total_received
fd00::20a:a:a:a,2128,2128000,2129000,2.0,total_received
fd00::20a:a:a:a,2136,2136000,2137000,1.0,total_received
fd00::20a:a:a:a,2144,2144000,2145000,0.0,total_received
fd00::20b:b:b:b,60,60000,61000,0.0,total_received
fd00::20b:b:b:b,71,71000,72000,1.0,total_received
fd00::20b:b:b:b,81,81000,82000,1.0,total_received
fd00::20b:b:b:b,92,92000,93000,1.0,total_received
fd00::20b:b:b:b,102,102000,103000,1.0,total_received
fd00::20b:b:b:b,111,111000,112000,1.0,total_received
fd00::20b:b:b:b,123,123000,124000,1.0,total_received
fd00::20b:b:b:b,132,132000,133000,1.0,total_received
fd00::20b:b:b:b,145,145000,146000,1.0,total_received
fd00::20b:b:b:b,157,157000,158000,1.0,total_received
fd00::20b:b:b:b,163,163000,164000,1.0,total_received
fd00::20b:b:b:b,173,173000,174000,1.0,total_received
fd00::20b:b:b:b,182,182000,183000,1.0,total_received
fd00::20b:b:b:b,193,193000,194000,1.0,total_received
fd00::20b:b:b:b,211,211000,212000,1.0,total_received
fd00::20b:b:b:b,219,219000,220000,0.0,total_received
fd00::20b:b:b:b,222,222000,223000,1.0,total_received
fd00::20b:b:b:b,236,236000,237000,1.0,total_received
fd00::20b:b:b:b,248,248000,249000,0.0,total_received
fd00::20b:b:b:b,257,257000,258000,2.0,total_received
fd00::20b:b:b:b,268,268000,269000,2.0,total_received
fd00::20b:b:b:b,285,285000,286000,1.0,total_received
fd00::20b:b:b:b,303,303000,304000,2.0,total_received
fd00::20b:b:b:b,546,546000,547000,17.0,total_received
fd00::20b:b:b:b,563,563000,564000,1.0,total_received
fd00::20b:b:b:b,567,567000,568000,1.0,total_received
fd00::20b:b:b:b,577,577000,578000,1.0,total_received
fd00::20b:b:b:b,589,589000,590000,1.0,total_received
fd00::20b:b:b:b,599,599000,600000,1.0,total_received
fd00::20b:b:b:b,608,608000,609000,1.0,total_received
fd00::20b:b:b:b,617,617000,618000,1.0,total_received
fd00::20b:b:b:b,628,628000,629000,1.0,total_received
fd00::20b:b:b:b,638,638000,639000,1.0,total_received
fd00::20b:b:b:b,648,648000,649000,1.0,total_received
fd00::20b:b:b:b,658,658000,659000,1.0,total_received
fd00::20b:b:b:b,668,668000,669000,1.0,total_received
fd00::20b:b:b:b,678,678000,679000,1.0,total_received
fd00::20b:b:b:b,688,688000,689000,1.0,total_received
fd00::20b:b:b:b,698,698000,699000,1.0,total_received
fd00::20b:b:b:b,708,708000,709000,1.0,total_received
fd00::20b:b:b:b,718,718000,719000,1.0,total_received
fd00::20b:b:b:b,728,728000,729000,1.0,total_received
fd00::20b:b:b:b,738,738000,739000,1.0,total_received
fd00::20b:b:b:b,749,749000,750000,1.0,total_received
fd00::20b:b:b:b,759,759000,760000,1.0,total_received
fd00::20b:b:b:b,769,769000,770000,1.0,total_received
fd00::20b:b:b:b,779,779000,780000,1.0,total_received
fd00::20b:b:b:b,789,789000,790000,1.0,total_received
fd00::20b:b:b:b,806,806000,807000,1.0,total_received
fd00::20b:b:b:b,812,812000,813000,1.0,total_received
fd00::20b:b:b:b,822,822000,823000,1.0,total_received
fd00::20b:b:b:b,834,834000,835000,1.0,total_received
fd00::20b:b:b:b,845,845000,846000,1.0,total_received
fd00::20b:b:b:b,852,852000,853000,1.0,total_received
fd00::20b:b:b:b,866,866000,867000,1.0,total_received
fd00::20b:b:b:b,872,872000,873000,1.0,total_received
fd00::20b:b:b:b,882,882000,883000,1.0,total_received
fd00::20b:b:b:b,894,894000,895000,1.0,total_received
fd00::20b:b:b:b,906,906000,907000,2.0,total_received
fd00::20b:b:b:b,915,915000,916000,1.0,total_received
fd00::20b:b:b:b,923,923000,924000,1.0,total_received
fd00::20b:b:b:b,933,933000,934000,1.0,total_received
fd00::20b:b:b:b,943,943000,944000,1.0,total_received
fd00::20b:b:b:b,951,951000,952000,1.0,total_received
fd00::20b:b:b:b,962,962000,963000,0.0,total_received
fd00::20b:b:b:b,974,974000,975000,1.0,total_received
fd00::20b:b:b:b,986,986000,987000,2.0,total_received
fd00::20b:b:b:b,997,997000,998000,1.0,total_received
fd00::20b:b:b:b,1009,1009000,1010000,1.0,total_received
fd00::20b:b:b:b,1036,1036000,1037000,0.0,total_received
fd00::20b:b:b:b,2318,2318000,2319000,44.0,total_received
fd00::20b:b:b:b,2328,2328000,2329000,1.0,total_received
fd00::20b:b:b:b,2348,2348000,2349000,1.0,total_received
fd00::20b:b:b:b,2349,2349000,2350000,1.0,total_received
fd00::20b:b:b:b,2358,2358000,2359000,1.0,total_received
fd00::20b:b:b:b,2368,2368000,2369000,1.0,total_received
fd00::20b:b:b:b,2378,2378000,2379000,1.0,total_received
fd00::20b:b:b:b,2389,2389000,2390000,1.0,total_received
fd00::20b:b:b:b,2399,2399000,2400000,1.0,total_received
fd00::20b:b:b:b,2409,2409000,2410000,1.0,total_received
fd00::20b:b:b:b,2424,2424000,2425000,1.0,total_received
fd00::20b:b:b:b,2429,2429000,2430000,1.0,total_received
fd00::20b:b:b:b,2439,2439000,2440000,1.0,total_received
fd00::20b:b:b:b,2449,2449000,2450000,1.0,total_received
fd00::20b:b:b:b,2459,2459000,2460000,1.0,total_received
fd00::20b:b:b:b,2472,2472000,2473000,1.0,total_received
fd00::20b:b:b:b,2488,2488000,2489000,1.0,total_received
fd00::20b:b:b:b,2493,2493000,2494000,1.0,total_received
fd00::20b:b:b:b,2503,2503000,2504000,1.0,total_received
fd00::20b:b:b:b,2511,2511000,2512000,1.0,total_received
fd00::20b:b:b:b,2521,2521000,2522000,1.0,total_received
fd00::20b:b:b:b,2535,2535000,2536000,1.0,total_received
fd00::20b:b:b:b,2542,2542000,2543000,1.0,total_received
fd00::20b:b:b:b,2552,2552000,2553000,1.0,total_received
fd00::20b:b:b:b,2561,2561000,2562000,1.0,total_received
fd00::20b:b:b:b,2574,2574000,2575000,1.0,total_received
fd00::20b:b:b:b,2583,2583000,2584000,1.0,total_received
fd00::20b:b:b:b,2598,2598000,2599000,0.0,total_received
fd00::20b:b:b:b,2678,2678000,2679000,10.0,total_received
fd00::20b:b:b:b,2881,2881000,2882000,16.0,total_received
fd00::20b:b:b:b,2887,2887000,2888000,2.0,total_received
fd00::20b:b:b:b,2898,2898000,2899000,1.0,total_received
fd00::20b:b:b:b,2905,2905000,2906000,1.0,total_received
fd00::20b:b:b:b,2917,2917000,2918000,1.0,total_received
fd00::20b:b:b:b,2928,2928000,2929000,1.0,total_received
fd00::20b:b:b:b,2936,2936000,2937000,1.0,total_received
fd00::20b:b:b:b,2946,2946000,2947000,1.0,total_received
fd00::20b:b:b:b,2955,2955000,2956000,1.0,total_received
fd00::20b:b:b:b,2966,2966000,2967000,1.0,total_received
fd00::20b:b:b:b,2977,2977000,2978000,0.0,total_received
fd00::20b:b:b:b,2986,2986000,2987000,1.0,total_received
fd00::20b:b:b:b,3000,3000000,3001000,1.0,total_received
fd00::20b:b:b:b,3013,3013000,3014000,2.0,total_received
fd00::20b:b:b:b,3016,3016000,3017000,1.0,total_received
fd00::20b:b:b:b,3026,3026000,3027000,1.0,total_received
fd00::20b:b:b:b,3037,3037000,3038000,1.0,total_received
fd00::20b:b:b:b,3047,3047000,3048000,1.0,total_received
fd00::20b:b:b:b,3057,3057000,3058000,1.0,total_received
fd00::20b:b:b:b,3067,3067000,3068000,1.0,total_received
fd00::20b:b:b:b,3078,3078000,3079000,1.0,total_received
fd00::20b:b:b:b,3087,3087000,3088000,1.0,total_received
fd00::20b:b:b:b,3097,3097000,3098000,1.0,total_received
fd00::20b:b:b:b,3113,3113000,3114000,1.0,total_received
fd00::20b:b:b:b,3119,3119000,3120000,1.0,total_received
fd00::20b:b:b:b,3127,3127000,3128000,1.0,total_received
fd00::20b:b:b:b,3138,3138000,3139000,0.0,total_received
fd00::20b:b:b:b,3169,3169000,3170000,3.0,total_received
fd00::20b:b:b:b,3178,3178000,3179000,1.0,total_received
fd00::20b:b:b:b,3188,3188000,3189000,2.0,total_received
fd00::20b:b:b:b,3198,3198000,3199000,1.0,total_received
fd00::20b:b:b:b,3208,3208000,3209000,1.0,total_received
fd00::20b:b:b:b,3219,3219000,3220000,1.0,total_received
fd00::20b:b:b:b,3229,3229000,3230000,1.0,total_received
fd00::20b:b:b:b,3239,3239000,3240000,1.0,total_received
fd00::20b:b:b:b,3249,3249000,3250000,1.0,total_received
fd00::20b:b:b:b,3259,3259000,3260000,1.0,total_received
fd00::20b:b:b:b,3269,3269000,3270000,1.0,total_received
fd00::20b:b:b:b,3280,3280000,3281000,1.0,total_received
fd00::20b:b:b:b,3289,3289000,3290000,1.0,total_received
fd00::20b:b:b:b,3300,3300000,3301000,1.0,total_received
fd00::20b:b:b:b,3310,3310000,3311000,1.0,total_received
fd00::20b:b:b:b,3320,3320000,3321000,1.0,total_received
fd00::20b:b:b:b,3331,3331000,3332000,1.0,total_received
fd00::20b:b:b:b,3343,3343000,3344000,1.0,total_received
fd00::20b:b:b:b,3352,3352000,3353000,1.0,total_received
fd00::20b:b:b:b,3364,3364000,3365000,1.0,total_received
fd00::20b:b:b:b,3373,3373000,3374000,1.0,total_received
fd00::20b:b:b:b,3382,3382000,3383000,1.0,total_received
fd00::20b:b:b:b,3394,3394000,3395000,1.0,total_received
fd00::20b:b:b:b,3401,3401000,3402000,1.0,total_received
fd00::20b:b:b:b,3416,3416000,3417000,2.0,total_received
fd00::20b:b:b:b,3427,3427000,3428000,0.0,total_received
fd00::20b:b:b:b,3444,3444000,3445000,2.0,total_received
fd00::20b:b:b:b,3445,3445000,3446000,1.0,total_received
fd00::20b:b:b:b,3456,3456000,3457000,1.0,total_received
fd00::20b:b:b:b,3463,3463000,3464000,1.0,total_received
fd00::20b:b:b:b,3480,3480000,3481000,1.0,total_received
fd00::20b:b:b:b,3487,3487000,3488000,1.0,total_received
fd00::20b:b:b:b,3497,3497000,3498000,1.0,total_received
fd00::20b:b:b:b,3508,3508000,3509000,1.0,total_received
fd00::20b:b:b:b,3512,3512000,3513000,0.0,total_received
fd00::20b:b:b:b,3527,3527000,3528000,1.0,total_received
fd00::20b:b:b:b,3533,3533000,3534000,1.0,total_received
fd00::20c:c:c:c,33,33000,34000,0.0,total_received
fd00::20c:c:c:c,43,43000,44000,1.0,total_received
fd00::20c:c:c:c,54,54000,55000,1.0,total_received
fd00::20c:c:c:c,65,65000,66000,1.0,total_received
fd00::20c:c:c:c,76,76000,77000,1.0,total_received
fd00::20c:c:c:c,87,87000,88000,1.0,total_received
fd00::20c:c:c:c,97,97000,98000,1.0,total_received
fd00::20c:c:c:c,108,108000,109000,1.0,total_received
fd00::20c:c:c:c,119,119000,120000,1.0,total_received
fd00::20c:c:c:c,135,135000,136000,1.0,total_received
fd00::20c:c:c:c,148,148000,149000,2.0,total_received
fd00::20c:c:c:c,159,159000,160000,1.0,total_received
fd00::20c:c:c:c,553,553000,554000,35.0,total_received
fd00::20c:c:c:c,563,563000,564000,2.0,total_received
fd00::20c:c:c:c,575,575000,576000,0.0,total_received
fd00::20c:c:c:c,588,588000,589000,1.0,total_received
fd00::20c:c:c:c,598,598000,599000,1.0,total_received
fd00::20c:c:c:c,616,616000,617000,0.0,total_received
fd00::20c:c:c:c,807,807000,808000,21.0,total_received
fd00::20c:c:c:c,815,815000,816000,0.0,total_received
fd00::20c:c:c:c,828,828000,829000,2.0,total_received
fd00::20c:c:c:c,834,834000,835000,1.0,total_received
fd00::20c:c:c:c,845,845000,846000,1.0,total_received
fd00::20c:c:c:c,856,856000,857000,1.0,total_received
fd00::20c:c:c:c,867,867000,868000,1.0,total_received
fd00::20c:c:c:c,878,878000,879000,1.0,total_received
fd00::20c:c:c:c,888,888000,889000,1.0,total_received
fd00::20c:c:c:c,903,903000,904000,1.0,total_received
fd00::20c:c:c:c,917,917000,918000,1.0,total_received
fd00::20c:c:c:c,924,924000,925000,1.0,total_received
fd00::20c:c:c:c,939,939000,940000,2.0,total_received
fd00::20c:c:c:c,3369,3369000,3370000,52.0,total_received
fd00::20c:c:c:c,3381,3381000,3382000,1.0,total_received
fd00::20c:c:c:c,3395,3395000,3396000,2.0,total_received
fd00::20c:c:c:c,3402,3402000,3403000,1.0,total_received
fd00::20c:c:c:c,3416,3416000,3417000,1.0,total_received
fd00::20c:c:c:c,3425,3425000,3426000,1.0,total_received
fd00::20c:c:c:c,3437,3437000,3438000,1.0,total_received
fd00::20c:c:c:c,3445,3445000,3446000,1.0,total_received
fd00::20c:c:c:c,3458,3458000,3459000,1.0,total_received
fd00::20d:d:d:d,91,91000,92000,0.0,total_received
fd00::20d:d:d:d,103,103000,104000,1.0,total_received
fd00::20d:d:d:d,114,114000,115000,1.0,total_received
fd00::20d:d:d:d,123,123000,124000,1.0,total_received
fd00::20d:d:d:d,135,135000,136000,1.0,total_received
fd00::20d:d:d:d,148,148000,149000,1.0,total_received
fd00::20d:d:d:d,159,159000,160000,1.0,total_received
fd00::20d:d:d:d,168,168000,169000,1.0,total_received
fd00::20d:d:d:d,179,179000,180000,0.0,total_received
fd00::20d:d:d:d,186,186000,187000,1.0,total_received
fd00::20d:d:d:d,198,198000,199000,1.0,total_received
fd00::20d:d:d:d,208,208000,209000,1.0,total_received
fd00::20d:d:d:d,224,224000,225000,1.0,total_received
fd00::20d:d:d:d,251,251000,252000,1.0,total_received
fd00::20d:d:d:d,307,307000,308000,9.0,total_received
fd00::20d:d:d:d,315,315000,316000,1.0,total_received
fd00::20d:d:d:d,324,324000,325000,1.0,total_received
fd00::20d:d:d:d,335,335000,336000,1.0,total_received
fd00::20d:d:d:d,344,344000,345000,1.0,total_received
fd00::20d:d:d:d,355,355000,356000,1.0,total_received
fd00::20d:d:d:d,365,365000,366000,1.0,total_received
fd00::20d:d:d:d,374,374000,375000,1.0,total_received
fd00::20d:d:d:d,384,384000,385000,1.0,total_received
fd00::20d:d:d:d,396,396000,397000,1.0,total_received
fd00::20d:d:d:d,405,405000,406000,1.0,total_received
fd00::20d:d:d:d,418,418000,419000,1.0,total_received
fd00::20d:d:d:d,425,425000,426000,1.0,total_received
fd00::20d:d:d:d,436,436000,437000,1.0,total_received
fd00::20d:d:d:d,447,447000,448000,1.0,total_received
fd00::20d:d:d:d,458,458000,459000,1.0,total_received
fd00::20d:d:d:d,467,467000,468000,1.0,total_received
fd00::20d:d:d:d,475,475000,476000,1.0,total_received
fd00::20d:d:d:d,486,486000,487000,1.0,total_received
fd00::20d:d:d:d,496,496000,497000,1.0,total_received
fd00::20d:d:d:d,506,506000,507000,1.0,total_received
fd00::20d:d:d:d,518,518000,519000,1.0,total_received
fd00::20d:d:d:d,529,529000,530000,1.0,total_received
fd00::20d:d:d:d,539,539000,540000,1.0,total_received
fd00::20d:d:d:d,551,551000,552000,1.0,total_received
fd00::20d:d:d:d,569,569000,570000,1.0,total_received
fd00::20d:d:d:d,578,578000,579000,0.0,total_received
fd00::20d:d:d:d,589,589000,590000,1.0,total_received
fd00::20d:d:d:d,759,759000,760000,19.0,total_received
fd00::20d:d:d:d,769,769000,770000,1.0,total_received
fd00::20d:d:d:d,779,779000,780000,1.0,total_received
fd00::20d:d:d:d,794,794000,795000,1.0,total_received
fd00::20d:d:d:d,807,807000,808000,1.0,total_received
fd00::20d:d:d:d,815,815000,816000,1.0,total_received
fd00::20d:d:d:d,827,827000,828000,1.0,total_received
fd00::20d:d:d:d,835,835000,836000,1.0,total_received
fd00::20d:d:d:d,842,842000,843000,1.0,total_received
fd00::20d:d:d:d,853,853000,854000,1.0,total_received
fd00::20d:d:d:d,861,861000,862000,1.0,total_received
fd00::20d:d:d:d,872,872000,873000,1.0,total_received
fd00::20d:d:d:d,886,886000,887000,1.0,total_received
fd00::20d:d:d:d,892,892000,893000,1.0,total_received
fd00::20d:d:d:d,901,901000,902000,1.0,total_received
fd00::20d:d:d:d,917,917000,918000,1.0,total_received
fd00::20d:d:d:d,924,924000,925000,1.0,total_received
fd00::20d:d:d:d,934,934000,935000,1.0,total_received
fd00::20d:d:d:d,941,941000,942000,1.0,total_received
fd00::20d:d:d:d,952,952000,953000,1.0,total_received
fd00::20d:d:d:d,962,962000,963000,1.0,total_received
fd00::20d:d:d:d,985,985000,986000,2.0,total_received
fd00::20d:d:d:d,3398,3398000,3399000,188.0,total_received
fd00::20d:d:d:d,3408,3408000,3409000,1.0,total_received
fd00::20d:d:d:d,3418,3418000,3419000,1.0,total_received
fd00::20d:d:d:d,3437,3437000,3438000,1.0,total_received
fd00::20d:d:d:d,3439,3439000,3440000,1.0,total_received
fd00::20d:d:d:d,3452,3452000,3453000,1.0,total_received
fd00::20d:d:d:d,3463,3463000,3464000,1.0,total_received
fd00::20d:d:d:d,3476,3476000,3477000,1.0,total_received
fd00::20d:d:d:d,3496,3496000,3497000,1.0,total_received
fd00::20d:d:d:d,3513,3513000,3514000,2.0,total_received
fd00::20d:d:d:d,3522,3522000,3523000,1.0,total_received
fd00::20d:d:d:d,3532,3532000,3533000,2.0,total_received
fd00::20d:d:d:d,3544,3544000,3545000,1.0,total_received
fd00::20d:d:d:d,3553,3553000,3554000,1.0,total_received
fd00::20d:d:d:d,3565,3565000,3566000,1.0,total_received
fd00::20d:d:d:d,3575,3575000,3576000,1.0,total_received
fd00::20d:d:d:d,3585,3585000,3586000,1.0,total_received
fd00::20d:d:d:d,3593,3593000,3594000,1.0,total_received
fd00::20e:e:e:e,97,97000,98000,0.0,total_received
fd00::20e:e:e:e,107,107000,108000,1.0,total_received
fd00::20e:e:e:e,146,146000,147000,1.0,total_received
fd00::20e:e:e:e,154,154000,155000,0.0,total_received
fd00::20e:e:e:e,204,204000,205000,2.0,total_received
fd00::20e:e:e:e,1668,1668000,1669000,51.0,total_received
fd00::20e:e:e:e,1724,1724000,1725000,0.0,total_received
fd00::20f:f:f:f,159,159000,160000,0.0,total_received
fd00::20f:f:f:f,1816,1816000,1817000,25.0,total_received
fd00::20f:f:f:f,1829,1829000,1830000,1.0,total_received
fd00::20f:f:f:f,1845,1845000,1846000,1.0,total_received
fd00::20f:f:f:f,1847,1847000,1848000,0.0,total_received
fd00::20f:f:f:f,1877,1877000,1878000,1.0,total_received
fd00::20f:f:f:f,1887,1887000,1888000,1.0,total_received
fd00::20f:f:f:f,1898,1898000,1899000,1.0,total_received
fd00::20f:f:f:f,2098,2098000,2099000,21.0,total_received
fd00::20f:f:f:f,2107,2107000,2108000,1.0,total_received
fd00::20f:f:f:f,2127,2127000,2128000,1.0,total_received
fd00::20f:f:f:f,2135,2135000,2136000,1.0,total_received
fd00::20f:f:f:f,2175,2175000,2176000,1.0,total_received
fd00::210:10:10:10,148,148000,149000,0.0,total_received
fd00::210:10:10:10,174,174000,175000,0.0,total_received
fd00::210:10:10:10,181,181000,182000,1.0,total_received
fd00::210:10:10:10,495,495000,496000,2.0,total_received
fd00::210:10:10:10,503,503000,504000,1.0,total_received
fd00::210:10:10:10,2358,2358000,2359000,27.0,total_received
fd00::210:10:10:10,2368,2368000,2369000,1.0,total_received
fd00::210:10:10:10,2572,2572000,2573000,8.0,total_received
fd00::210:10:10:10,2578,2578000,2579000,1.0,total_received
fd00::210:10:10:10,2899,2899000,2900000,10.0,total_received
fd00::210:10:10:10,3114,3114000,3115000,8.0,total_received
fd00::210:10:10:10,3120,3120000,3121000,1.0,total_received
fd00::211:11:11:11,187,187000,188000,0.0,total_received
fd00::211:11:11:11,199,199000,200000,0.0,total_received
fd00::211:11:11:11,214,214000,215000,1.0,total_received
fd00::211:11:11:11,231,231000,232000,1.0,total_received
fd00::211:11:11:11,288,288000,289000,3.0,total_received
fd00::211:11:11:11,788,788000,789000,26.0,total_received
fd00::211:11:11:11,839,839000,840000,1.0,total_received
fd00::211:11:11:11,848,848000,849000,1.0,total_received
fd00::211:11:11:11,859,859000,860000,1.0,total_received
fd00::211:11:11:11,878,878000,879000,0.0,total_received
fd00::211:11:11:11,886,886000,887000,2.0,total_received
fd00::211:11:11:11,917,917000,918000,2.0,total_received
fd00::211:11:11:11,924,924000,925000,1.0,total_received
fd00::211:11:11:11,934,934000,935000,1.0,total_received
fd00::211:11:11:11,941,941000,942000,1.0,total_received
fd00::211:11:11:11,952,952000,953000,1.0,total_received
fd00::211:11:11:11,966,966000,967000,1.0,total_received
fd00::212:12:12:12,206,206000,207000,0.0,total_received
fd00::212:12:12:12,217,217000,218000,0.0,total_received
fd00::213:13:13:13,136,136000,137000,0.0,total_received
fd00::213:13:13:13,148,148000,149000,1.0,total_received
fd00::213:13:13:13,169,169000,170000,0.0,total_received
fd00::213:13:13:13,186,186000,187000,1.0,total_received
fd00::213:13:13:13,188,188000,189000,0.0,total_received
fd00::213:13:13:13,218,218000,219000,2.0,total_received
fd00::213:13:13:13,225,225000,226000,1.0,total_received
fd00::213:13:13:13,328,328000,329000,10.0,total_received
fd00::213:13:13:13,519,519000,520000,13.0,total_received
fd00::213:13:13:13,529,529000,530000,1.0,total_received
fd00::213:13:13:13,539,539000,540000,1.0,total_received
fd00::213:13:13:13,966,966000,967000,18.0,total_received
fd00::213:13:13:13,3438,3438000,3439000,7.0,total_received
fd00::213:13:13:13,3464,3464000,3465000,1.0,total_received
fd00::213:13:13:13,3493,3493000,3494000,2.0,total_received
fd00::213:13:13:13,3505,3505000,3506000,0.0,total_received
fd00::213:13:13:13,3588,3588000,3589000,5.0,total_received
fd00::213:13:13:13,3597,3597000,3598000,1.0,total_received
