Random seed: 123456
Initializing simulation script
Time: 73000
[Mote:8] [INFO: Main      ] - Routing: RPL Lite
[Mote:8] [INFO: Main      ] - Net: sicslowpan
[Mote:8] [INFO: Main      ] - MAC: TSCH
[Mote:8] [INFO: Main      ] - 802.15.4 PANID: 0xabcd
[Mote:8] [INFO: Main      ] - 802.15.4 TSCH default hopping sequence length: 4
[Mote:8] [INFO: Main      ] Node ID: 8
[Mote:8] [INFO: Main      ] Link-layer address: 0008.0008.0008.0008
[Mote:8] [INFO: Main      ] Tentative link-local IPv6 address: fe80::208:8:8:8
[Mote:11] [INFO: Main      ] Starting Contiki-NG-develop/v5.0
[Mote:11] [INFO: Main      ] - Routing: RPL Lite
[Mote:11] [INFO: Main      ] - Net: sicslowpan
[Mote:11] [INFO: Main      ] - MAC: TSCH
[Mote:11] [INFO: Main      ] - 802.15.4 PANID: 0xabcd
[Mote:11] [INFO: Main      ] - 802.15.4 TSCH default hopping sequence length: 4
[Mote:11] [INFO: Main      ] Node ID: 11
[Mote:11] [INFO: Main      ] Link-layer address: 000b.000b.000b.000b
[Mote:11] [INFO: Main      ] Tentative link-local IPv6 address: fe80::20b:b:b:b
[Mote:2] [INFO: Main      ] Starting Contiki-NG-develop/v5.0
[Mote:2] [INFO: Main      ] - Routing: RPL Lite
[Mote:2] [INFO: Main      ] - Net: sicslowpan
[Mote:2] [INFO: Main      ] - MAC: TSCH
[Mote:2] [INFO: Main      ] - 802.15.4 PANID: 0xabcd
[Mote:2] [INFO: Main      ] - 802.15.4 TSCH default hopping sequence length: 4
[Mote:2] [INFO: Main      ] Node ID: 2
[Mote:2] [INFO: Main      ] Link-layer address: 0002.0002.0002.0002
[Mote:2] [INFO: Main      ] Tentative link-local IPv6 address: fe80::202:2:2:2
[Mote:6] [INFO: Main      ] Starting Contiki-NG-develop/v5.0
[Mote:6] [INFO: Main      ] - Routing: RPL Lite
[Mote:6] [INFO: Main      ] - Net: sicslowpan
[Mote:6] [INFO: Main      ] - MAC: TSCH
[Mote:6] [INFO: Main      ] - 802.15.4 PANID: 0xabcd
[Mote:6] [INFO: Main      ] - 802.15.4 TSCH default hopping sequence length: 4
[Mote:6] [INFO: Main      ] Node ID: 6
[Mote:6] [INFO: Main      ] Link-layer address: 0006.0006.0006.0006
[Mote:6] [INFO: Main      ] Tentative link-local IPv6 address: fe80::206:6:6:6
[Mote:18] [INFO: Main      ] Starting Contiki-NG-develop/v5.0
[Mote:18] [INFO: Main      ] - Routing: RPL Lite
[Mote:18] [INFO: Main      ] - Net: sicslowpan
[Mote:18] [INFO: Main      ] - MAC: TSCH
[Mote:18] [INFO: Main      ] - 802.15.4 PANID: 0xabcd
[Mote:18] [INFO: Main      ] - 802.15.4 TSCH default hopping sequence length: 4
[Mote:18] [INFO: Main      ] Node ID: 18
[Mote:18] [INFO: Main      ] Link-layer address: 0012.0012.0012.0012
[Mote:18] [INFO: Main      ] Tentative link-local IPv6 address: fe80::212:12:12:12
[Mote:4] [INFO: Main      ] Starting Contiki-NG-develop/v5.0
[Mote:4] [INFO: Main      ] - Routing: RPL Lite
[Mote:4] [INFO: Main      ] - Net: sicslowpan
[Mote:4] [INFO: Main      ] - MAC: TSCH
[Mote:4] [INFO: Main      ] - 802.15.4 PANID: 0xabcd
[Mote:4] [INFO: Main      ] - 802.15.4 TSCH default hopping sequence length: 4
[Mote:4] [INFO: Main      ] Node ID: 4
[Mote:4] [INFO: Main      ] Link-layer address: 0004.0004.0004.0004
[Mote:4] [INFO: Main      ] Tentative link-local IPv6 address: fe80::204:4:4:4
[Mote:1] [INFO: Main      ] Starting Contiki-NG-develop/v5.0
[Mote:1] [INFO: Main      ] - Routing: RPL Lite
[Mote:1] [INFO: Main      ] - Net: sicslowpan
[Mote:1] [INFO: Main      ] - MAC: TSCH
[Mote:1] [INFO: Main      ] - 802.15.4 PANID: 0xabcd
[Mote:1] [INFO: Main      ] - 802.15.4 TSCH default hopping sequence length: 4
[Mote:1] [INFO: Main      ] Node ID: 1
[Mote:1] [INFO: Main      ] Link-layer address: 0001.0001.0001.0001
[Mote:1] [INFO: Main      ] Tentative link-local IPv6 address: fe80::201:1:1:1
[Mote:1] UDP Root process started
[Mote:7] [INFO: Main      ] Starting Contiki-NG-develop/v5.0
[Mote:7] [INFO: Main      ] - Routing: RPL Lite
[Mote:7] [INFO: Main      ] - Net: sicslowpan
[Mote:7] [INFO: Main      ] - MAC: TSCH
[Mote:7] [INFO: Main      ] - 802.15.4 PANID: 0xabcd
[Mote:7] [INFO: Main      ] - 802.15.4 TSCH default hopping sequence length: 4
[Mote:7] [INFO: Main      ] Node ID: 7
[Mote:7] [INFO: Main      ] Link-layer address: 0007.0007.0007.0007
[Mote:7] [INFO: Main      ] Tentative link-local IPv6 address: fe80::207:7:7:7
[Mote:14] [INFO: Main      ] Starting Contiki-NG-develop/v5.0
[Mote:14] [INFO: Main      ] - Routing: RPL Lite
[Mote:14] [INFO: Main      ] - Net: sicslowpan
[Mote:14] [INFO: Main      ] - MAC: TSCH
[Mote:14] [INFO: Main      ] - 802.15.4 PANID: 0xabcd
[Mote:14] [INFO: Main      ] - 802.15.4 TSCH default hopping sequence length: 4
[Mote:14] [INFO: Main      ] Node ID: 14
[Mote:14] [INFO: Main      ] Link-layer address: 000e.000e.000e.000e
[Mote:14] [INFO: Main      ] Tentative link-local IPv6 address: fe80::20e:e:e:e
[Mote:15] [INFO: Main      ] Starting Contiki-NG-develop/v5.0
[Mote:15] [INFO: Main      ] - Routing: RPL Lite
[Mote:15] [INFO: Main      ] - Net: sicslowpan
[Mote:15] [INFO: Main      ] - MAC: TSCH
[Mote:15] [INFO: Main      ] - 802.15.4 PANID: 0xabcd
[Mote:15] [INFO: Main      ] - 802.15.4 TSCH default hopping sequence length: 4
[Mote:15] [INFO: Main      ] Node ID: 15
[Mote:15] [INFO: Main      ] Link-layer address: 000f.000f.000f.000f
[Mote:15] [INFO: Main      ] Tentative link-local IPv6 address: fe80::20f:f:f:f
[Mote:16] [INFO: Main      ] Starting Contiki-NG-develop/v5.0
[Mote:16] [INFO: Main      ] - Routing: RPL Lite
[Mote:16] [INFO: Main      ] - Net: sicslowpan
[Mote:16] [INFO: Main      ] - MAC: TSCH
[Mote:16] [INFO: Main      ] - 802.15.4 PANID: 0xabcd
[Mote:16] [INFO: Main      ] - 802.15.4 TSCH default hopping sequence length: 4
[Mote:16] [INFO: Main      ] Node ID: 16
[Mote:16] [INFO: Main      ] Link-layer address: 0010.0010.0010.0010
[Mote:16] [INFO: Main      ] Tentative link-local IPv6 address: fe80::210:10:10:10
[Mote:10] [INFO: Main      ] Starting Contiki-NG-develop/v5.0
[Mote:10] [INFO: Main      ] - Routing: RPL Lite
[Mote:10] [INFO: Main      ] - Net: sicslowpan
[Mote:10] [INFO: Main      ] - MAC: TSCH
[Mote:10] [INFO: Main      ] - 802.15.4 PANID: 0xabcd
[Mote:10] [INFO: Main      ] - 802.15.4 TSCH default hopping sequence length: 4
[Mote:10] [INFO: Main      ] Node ID: 10
[Mote:10] [INFO: Main      ] Link-layer address: 000a.000a.000a.000a
[Mote:10] [INFO: Main      ] Tentative link-local IPv6 address: fe80::20a:a:a:a
[Mote:12] [INFO: Main      ] Starting Contiki-NG-develop/v5.0
[Mote:12] [INFO: Main      ] - Routing: RPL Lite
[Mote:12] [INFO: Main      ] - Net: sicslowpan
[Mote:12] [INFO: Main      ] - MAC: TSCH
[Mote:12] [INFO: Main      ] - 802.15.4 PANID: 0xabcd
[Mote:12] [INFO: Main      ] - 802.15.4 TSCH default hopping sequence length: 4
[Mote:12] [INFO: Main      ] Node ID: 12
[Mote:12] [INFO: Main      ] Link-layer address: 000c.000c.000c.000c
[Mote:12] [INFO: Main      ] Tentative link-local IPv6 address: fe80::20c:c:c:c
[Mote:9] [INFO: Main      ] Starting Contiki-NG-develop/v5.0
[Mote:9] [INFO: Main      ] - Routing: RPL Lite
[Mote:9] [INFO: Main      ] - Net: sicslowpan
[Mote:9] [INFO: Main      ] - MAC: TSCH
[Mote:9] [INFO: Main      ] - 802.15.4 PANID: 0xabcd
[Mote:9] [INFO: Main      ] - 802.15.4 TSCH default hopping sequence length: 4
[Mote:9] [INFO: Main      ] Node ID: 9
[Mote:9] [INFO: Main      ] Link-layer address: 0009.0009.0009.0009
[Mote:9] [INFO: Main      ] Tentative link-local IPv6 address: fe80::209:9:9:9
[Mote:5] [INFO: Main      ] Starting Contiki-NG-develop/v5.0
[Mote:5] [INFO: Main      ] - Routing: RPL Lite
[Mote:5] [INFO: Main      ] - Net: sicslowpan
[Mote:5] [INFO: Main      ] - MAC: TSCH
[Mote:5] [INFO: Main      ] - 802.15.4 PANID: 0xabcd
[Mote:5] [INFO: Main      ] - 802.15.4 TSCH default hopping sequence length: 4
[Mote:5] [INFO: Main      ] Node ID: 5
[Mote:5] [INFO: Main      ] Link-layer address: 0005.0005.0005.0005
[Mote:5] [INFO: Main      ] Tentative link-local IPv6 address: fe80::205:5:5:5
[Mote:19] [INFO: Main      ] Starting Contiki-NG-develop/v5.0
[Mote:19] [INFO: Main      ] - Routing: RPL Lite
[Mote:19] [INFO: Main      ] - Net: sicslowpan
[Mote:19] [INFO: Main      ] - MAC: TSCH
[Mote:19] [INFO: Main      ] - 802.15.4 PANID: 0xabcd
[Mote:19] [INFO: Main      ] - 802.15.4 TSCH default hopping sequence length: 4
[Mote:19] [INFO: Main      ] Node ID: 19
[Mote:19] [INFO: Main      ] Link-layer address: 0013.0013.0013.0013
[Mote:19] [INFO: Main      ] Tentative link-local IPv6 address: fe80::213:13:13:13
[Mote:17] [INFO: Main      ] Starting Contiki-NG-develop/v5.0
[Mote:17] [INFO: Main      ] - Routing: RPL Lite
[Mote:17] [INFO: Main      ] - Net: sicslowpan
[Mote:17] [INFO: Main      ] - MAC: TSCH
[Mote:17] [INFO: Main      ] - 802.15.4 PANID: 0xabcd
[Mote:17] [INFO: Main      ] - 802.15.4 TSCH default hopping sequence length: 4
[Mote:17] [INFO: Main      ] Node ID: 17
[Mote:17] [INFO: Main      ] Link-layer address: 0011.0011.0011.0011
[Mote:17] [INFO: Main      ] Tentative link-local IPv6 address: fe80::211:11:11:11
[Mote:13] [INFO: Main      ] Starting Contiki-NG-develop/v5.0
[Mote:13] [INFO: Main      ] - Routing: RPL Lite
[Mote:13] [INFO: Main      ] - Net: sicslowpan
[Mote:13] [INFO: Main      ] - MAC: TSCH
[Mote:13] [INFO: Main      ] - 802.15.4 PANID: 0xabcd
[Mote:13] [INFO: Main      ] - 802.15.4 TSCH default hopping sequence length: 4
[Mote:13] [INFO: Main      ] Node ID: 13
[Mote:13] [INFO: Main      ] Link-layer address: 000d.000d.000d.000d
[Mote:13] [INFO: Main      ] Tentative link-local IPv6 address: fe80::20d:d:d:d
[Mote:3] [INFO: Main      ] Starting Contiki-NG-develop/v5.0
[Mote:3] [INFO: Main      ] - Routing: RPL Lite
[Mote:3] [INFO: Main      ] - Net: sicslowpan
[Mote:3] [INFO: Main      ] - MAC: TSCH
[Mote:3] [INFO: Main      ] - 802.15.4 PANID: 0xabcd
[Mote:3] [INFO: Main      ] - 802.15.4 TSCH default hopping sequence length: 4
[Mote:3] [INFO: Main      ] Node ID: 3
[Mote:3] [INFO: Main      ] Link-layer address: 0003.0003.0003.0003
[Mote:3] [INFO: Main      ] Tentative link-local IPv6 address: fe80::203:3:3:3
[Mote:11] Not reachable yet
[Mote:16] Not reachable yet
[Mote:8] Not reachable yet
[Mote:10] Not reachable yet
[Mote:2] Not reachable yet
[Mote:18] Not reachable yet
[Mote:7] Not reachable yet
[Mote:4] Not reachable yet
[Mote:15] Not reachable yet
[Mote:13] Not reachable yet
[Mote:17] Not reachable yet
[Mote:3] Not reachable yet
[Mote:6] Not reachable yet
[Mote:14] Not reachable yet
[Mote:9] Not reachable yet
[Mote:12] Not reachable yet
[Mote:5] Not reachable yet
[Mote:19] Not reachable yet
[Mote:11] Not reachable yet
[Mote:16] Not reachable yet
[Mote:10] Not reachable yet
[Mote:8] Not reachable yet
[Mote:13] Not reachable yet
[Mote:17] Not reachable yet
[Mote:2] Sensor IPv6 = fe80::202:2:2:2
[Mote:1] {"node":"fd00::202:2:2:2", "cpu_energy_mj":37, "lpm_energy_mj":0, "radio_tx_energy_mj":0, "radio_rx_energy_mj":22, "node_time":20903, "total_sent":1, "total_received":0, "bytes_tx":60, "bytes_rx":0, "r2n_latency":0, "lqi":0, "rssi":0, "server_sent":0, "server_received":1, "server_bytes_rx":60, "n2r_latency":27, "hops":0, "rtt_latency":0, "root_time_now":20930}
[Mote:7] Not reachable yet
[Mote:18] Not reachable yet
[Mote:3] Not reachable yet
[Mote:4] Not reachable yet
[Mote:15] Not reachable yet
[Mote:9] Not reachable yet
[Mote:14] Not reachable yet
[Mote:6] Not reachable yet
[Mote:12] Not reachable yet
[Mote:5] Sensor IPv6 = fe80::205:5:5:5
[Mote:1] {"node":"fd00::205:5:5:5", "cpu_energy_mj":38, "lpm_energy_mj":0, "radio_tx_energy_mj":0, "radio_rx_energy_mj":17, "node_time":21904, "total_sent":1, "total_received":0, "bytes_tx":60, "bytes_rx":0, "r2n_latency":0, "lqi":0, "rssi":0, "server_sent":0, "server_received":1, "server_bytes_rx":60, "n2r_latency":6, "hops":0, "rtt_latency":0, "root_time_now":21910}
[Mote:19] Not reachable yet
[Mote:11] Not reachable yet
[Mote:16] Not reachable yet
[Mote:10] Not reachable yet
[Mote:13] Not reachable yet
[Mote:17] Not reachable yet
[Mote:8] Not reachable yet
[Mote:3] Not reachable yet
[Mote:7] Not reachable yet
[Mote:2] Sensor IPv6 = fe80::202:2:2:2
[Mote:18] Not reachable yet
[Mote:4] Not reachable yet
[Mote:15] Not reachable yet
[Mote:1] {"node":"fd00::202:2:2:2", "cpu_energy_mj":18, "lpm_energy_mj":0, "radio_tx_energy_mj":0, "radio_rx_energy_mj":8, "node_time":31432, "total_sent":2, "total_received":1, "bytes_tx":60, "bytes_rx":12, "r2n_latency":324, "lqi":100, "rssi":-84, "server_sent":1, "server_received":3, "server_bytes_rx":60, "n2r_latency":348, "hops":0, "rtt_latency":442, "root_time_now":31780}
[Mote:9] Not reachable yet
[Mote:14] Not reachable yet
[Mote:6] Not reachable yet
[Mote:5] Sensor IPv6 = fe80::205:5:5:5
[Mote:12] Sensor IPv6 = fe80::20c:c:c:c
[Mote:1] {"node":"fd00::205:5:5:5", "cpu_energy_mj":19, "lpm_energy_mj":0, "radio_tx_energy_mj":0, "radio_rx_energy_mj":8, "node_time":32696, "total_sent":2, "total_received":1, "bytes_tx":60, "bytes_rx":12, "r2n_latency":44, "lqi":100, "rssi":-85, "server_sent":1, "server_received":3, "server_bytes_rx":60, "n2r_latency":64, "hops":0, "rtt_latency":92, "root_time_now":32760}
[Mote:1] {"node":"fd00::20c:c:c:c", "cpu_energy_mj":58, "lpm_energy_mj":0, "radio_tx_energy_mj":0, "radio_rx_energy_mj":385, "node_time":32696, "total_sent":1, "total_received":0, "bytes_tx":60, "bytes_rx":0, "r2n_latency":0, "lqi":0, "rssi":0, "server_sent":0, "server_received":1, "server_bytes_rx":60, "n2r_latency":344, "hops":1, "rtt_latency":0, "root_time_now":33040}
[Mote:19] Not reachable yet
[Mote:16] Not reachable yet
[Mote:11] Not reachable yet
[Mote:10] Not reachable yet
[Mote:13] Not reachable yet
[Mote:17] Not reachable yet
[Mote:3] Not reachable yet
[Mote:8] Not reachable yet
[Mote:7] Not reachable yet
[Mote:2] Sensor IPv6 = fe80::202:2:2:2
[Mote:1] {"node":"fd00::202:2:2:2", "cpu_energy_mj":18, "lpm_energy_mj":0, "radio_tx_energy_mj":0, "radio_rx_energy_mj":8, "node_time":41963, "total_sent":3, "total_received":2, "bytes_tx":60, "bytes_rx":12, "r2n_latency":124, "lqi":100, "rssi":-84, "server_sent":2, "server_received":5, "server_bytes_rx":60, "n2r_latency":37, "hops":0, "rtt_latency":97, "root_time_now":42000}
[Mote:18] Not reachable yet
[Mote:15] Not reachable yet
[Mote:4] Not reachable yet
[Mote:9] Not reachable yet
[Mote:14] Not reachable yet
[Mote:5] Sensor IPv6 = fe80::205:5:5:5
[Mote:12] Sensor IPv6 = fe80::20c:c:c:c
[Mote:1] {"node":"fd00::205:5:5:5", "cpu_energy_mj":19, "lpm_energy_mj":0, "radio_tx_energy_mj":0, "radio_rx_energy_mj":8, "node_time":43486, "total_sent":3, "total_received":2, "bytes_tx":60, "bytes_rx":12, "r2n_latency":264, "lqi":100, "rssi":-85, "server_sent":2, "server_received":5, "server_bytes_rx":60, "n2r_latency":54, "hops":0, "rtt_latency":237, "root_time_now":43540}
[Mote:6] Sensor IPv6 = fe80::206:6:6:6
[Mote:1] {"node":"fd00::206:6:6:6", "cpu_energy_mj":78, "lpm_energy_mj":0, "radio_tx_energy_mj":0, "radio_rx_energy_mj":476, "node_time":43569, "total_sent":1, "total_received":0, "bytes_tx":60, "bytes_rx":0, "r2n_latency":0, "lqi":0, "rssi":0, "server_sent":0, "server_received":1, "server_bytes_rx":60, "n2r_latency":41, "hops":0, "rtt_latency":0, "root_time_now":43610}
[Mote:1] {"node":"fd00::20c:c:c:c", "cpu_energy_mj":19, "lpm_energy_mj":0, "radio_tx_energy_mj":0, "radio_rx_energy_mj":8, "node_time":43529, "total_sent":2, "total_received":1, "bytes_tx":60, "bytes_rx":12, "r2n_latency":544, "lqi":100, "rssi":-85, "server_sent":1, "server_received":3, "server_bytes_rx":60, "n2r_latency":361, "hops":1, "rtt_latency":342, "root_time_now":43890}
[Mote:19] Not reachable yet
[Mote:16] Not reachable yet
[Mote:11] Not reachable yet
[Mote:13] Not reachable yet
[Mote:10] Not reachable yet
[Mote:17] Not reachable yet
[Mote:3] Not reachable yet
[Mote:8] Not reachable yet
[Mote:7] Not reachable yet
[Mote:2] Sensor IPv6 = fe80::202:2:2:2
[Mote:1] {"node":"fd00::202:2:2:2", "cpu_energy_mj":18, "lpm_energy_mj":0, "radio_tx_energy_mj":0, "radio_rx_energy_mj":8, "node_time":52494, "total_sent":4, "total_received":3, "bytes_tx":60, "bytes_rx":12, "r2n_latency":274, "lqi":100, "rssi":-84, "server_sent":3, "server_received":7, "server_bytes_rx":60, "n2r_latency":6, "hops":0, "rtt_latency":242, "root_time_now":52500}
[Mote:18] Not reachable yet
[Mote:15] Not reachable yet
[Mote:4] Not reachable yet
[Mote:9] Not reachable yet
[Mote:14] Not reachable yet
[Mote:5] Sensor IPv6 = fe80::205:5:5:5
[Mote:1] {"node":"fd00::205:5:5:5", "cpu_energy_mj":19, "lpm_energy_mj":0, "radio_tx_energy_mj":0, "radio_rx_energy_mj":8, "node_time":54278, "total_sent":4, "total_received":3, "bytes_tx":60, "bytes_rx":12, "r2n_latency":64, "lqi":100, "rssi":-85, "server_sent":3, "server_received":7, "server_bytes_rx":60, "n2r_latency":42, "hops":0, "rtt_latency":207, "root_time_now":54320}
[Mote:12] Sensor IPv6 = fe80::20c:c:c:c
[Mote:1] {"node":"fd00::20c:c:c:c", "cpu_energy_mj":19, "lpm_energy_mj":0, "radio_tx_energy_mj":0, "radio_rx_energy_mj":8, "node_time":54362, "total_sent":3, "total_received":2, "bytes_tx":60, "bytes_rx":12, "r2n_latency":274, "lqi":100, "rssi":-85, "server_sent":2, "server_received":5, "server_bytes_rx":60, "n2r_latency":98, "hops":1, "rtt_latency":1082, "root_time_now":54460}
[Mote:6] Sensor IPv6 = fe80::206:6:6:6
[Mote:1] {"node":"fd00::206:6:6:6", "cpu_energy_mj":19, "lpm_energy_mj":0, "radio_tx_energy_mj":0, "radio_rx_energy_mj":8, "node_time":54498, "total_sent":2, "total_received":1, "bytes_tx":60, "bytes_rx":12, "r2n_latency":624, "lqi":100, "rssi":-80, "server_sent":1, "server_received":3, "server_bytes_rx":60, "n2r_latency":32, "hops":0, "rtt_latency":452, "root_time_now":54530}
[Mote:19] Not reachable yet
[Mote:16] Not reachable yet
[Mote:11] Sensor IPv6 = fe80::20b:b:b:b
[Mote:1] {"node":"fd00::20b:b:b:b", "cpu_energy_mj":109, "lpm_energy_mj":0, "radio_tx_energy_mj":0, "radio_rx_energy_mj":491, "node_time":60531, "total_sent":1, "total_received":0, "bytes_tx":60, "bytes_rx":0, "r2n_latency":0, "lqi":0, "rssi":0, "server_sent":0, "server_received":1, "server_bytes_rx":60, "n2r_latency":369, "hops":1, "rtt_latency":0, "root_time_now":60900}
[Mote:13] Not reachable yet
[Mote:10] Not reachable yet
[Mote:17] Not reachable yet
[Mote:3] Not reachable yet
[Mote:8] Not reachable yet
[Mote:7] Not reachable yet
[Mote:2] Sensor IPv6 = fe80::202:2:2:2
[Mote:1] {"node":"fd00::202:2:2:2", "cpu_energy_mj":18, "lpm_energy_mj":0, "radio_tx_energy_mj":0, "radio_rx_energy_mj":8, "node_time":63027, "total_sent":5, "total_received":4, "bytes_tx":60, "bytes_rx":12, "r2n_latency":144, "lqi":100, "rssi":-84, "server_sent":4, "server_received":9, "server_bytes_rx":60, "n2r_latency":43, "hops":0, "rtt_latency":352, "root_time_now":63070}
[Mote:15] Not reachable yet
[Mote:18] Not reachable yet
[Mote:4] Not reachable yet
[Mote:9] Not reachable yet
[Mote:14] Not reachable yet
[Mote:5] Sensor IPv6 = fe80::205:5:5:5
[Mote:1] {"node":"fd00::205:5:5:5", "cpu_energy_mj":19, "lpm_energy_mj":0, "radio_tx_energy_mj":0, "radio_rx_energy_mj":8, "node_time":65072, "total_sent":5, "total_received":4, "bytes_tx":60, "bytes_rx":12, "r2n_latency":214, "lqi":100, "rssi":-85, "server_sent":4, "server_received":9, "server_bytes_rx":60, "n2r_latency":28, "hops":0, "rtt_latency":492, "root_time_now":65100}
[Mote:12] Sensor IPv6 = fe80::20c:c:c:c
[Mote:1] {"node":"fd00::20c:c:c:c", "cpu_energy_mj":19, "lpm_energy_mj":0, "radio_tx_energy_mj":0, "radio_rx_energy_mj":8, "node_time":65197, "total_sent":4, "total_received":3, "bytes_tx":60, "bytes_rx":12, "r2n_latency":494, "lqi":100, "rssi":-85, "server_sent":3, "server_received":7, "server_bytes_rx":60, "n2r_latency":113, "hops":1, "rtt_latency":527, "root_time_now":65310}
[Mote:6] Sensor IPv6 = fe80::206:6:6:6
[Mote:1] {"node":"fd00::206:6:6:6", "cpu_energy_mj":19, "lpm_energy_mj":0, "radio_tx_energy_mj":0, "radio_rx_energy_mj":8, "node_time":65429, "total_sent":3, "total_received":2, "bytes_tx":60, "bytes_rx":12, "r2n_latency":494, "lqi":100, "rssi":-80, "server_sent":2, "server_received":5, "server_bytes_rx":60, "n2r_latency":21, "hops":0, "rtt_latency":282, "root_time_now":65450}
[Mote:19] Not reachable yet
[Mote:16] Not reachable yet
[Mote:11] Sensor IPv6 = fe80::20b:b:b:b
[Mote:13] Not reachable yet
[Mote:10] Not reachable yet
[Mote:1] {"node":"fd00::20b:b:b:b", "cpu_energy_mj":18, "lpm_energy_mj":0, "radio_tx_energy_mj":0, "radio_rx_energy_mj":8, "node_time":70654, "total_sent":2, "total_received":1, "bytes_tx":60, "bytes_rx":12, "r2n_latency":504, "lqi":100, "rssi":-87, "server_sent":1, "server_received":3, "server_bytes_rx":60, "n2r_latency":956, "hops":1, "rtt_latency":777, "root_time_now":71610}
[Mote:17] Not reachable yet
[Mote:3] Not reachable yet
[Mote:8] Not reachable yet
[Mote:7] Not reachable yet
[Mote:2] Sensor IPv6 = fe80::202:2:2:2
[Mote:1] {"node":"fd00::202:2:2:2", "cpu_energy_mj":18, "lpm_energy_mj":0, "radio_tx_energy_mj":0, "radio_rx_energy_mj":8, "node_time":73554, "total_sent":6, "total_received":5, "bytes_tx":60, "bytes_rx":12, "r2n_latency":154, "lqi":100, "rssi":-84, "server_sent":5, "server_received":11, "server_bytes_rx":60, "n2r_latency":16, "hops":0, "rtt_latency":742, "root_time_now":73570}
[Mote:15] Not reachable yet
[Mote:18] Not reachable yet
[Mote:4] Not reachable yet
[Mote:9] Not reachable yet
[Mote:14] Not reachable yet
[Mote:5] Sensor IPv6 = fe80::205:5:5:5
[Mote:1] {"node":"fd00::205:5:5:5", "cpu_energy_mj":19, "lpm_energy_mj":0, "radio_tx_energy_mj":0, "radio_rx_energy_mj":8, "node_time":75864, "total_sent":6, "total_received":5, "bytes_tx":60, "bytes_rx":12, "r2n_latency":14, "lqi":100, "rssi":-85, "server_sent":5, "server_received":11, "server_bytes_rx":60, "n2r_latency":16, "hops":0, "rtt_latency":287, "root_time_now":75880}
[Mote:12] Sensor IPv6 = fe80::20c:c:c:c
[Mote:1] {"node":"fd00::20c:c:c:c", "cpu_energy_mj":19, "lpm_energy_mj":0, "radio_tx_energy_mj":0, "radio_rx_energy_mj":9, "node_time":76028, "total_sent":5, "total_received":4, "bytes_tx":60, "bytes_rx":12, "r2n_latency":434, "lqi":100, "rssi":-85, "server_sent":4, "server_received":9, "server_bytes_rx":60, "n2r_latency":132, "hops":1, "rtt_latency":707, "root_time_now":76160}
[Mote:6] Sensor IPv6 = fe80::206:6:6:6
[Mote:1] {"node":"fd00::206:6:6:6", "cpu_energy_mj":19, "lpm_energy_mj":0, "radio_tx_energy_mj":0, "radio_rx_energy_mj":8, "node_time":76358, "total_sent":4, "total_received":3, "bytes_tx":60, "bytes_rx":12, "r2n_latency":994, "lqi":100, "rssi":-80, "server_sent":3, "server_received":7, "server_bytes_rx":60, "n2r_latency":12, "hops":0, "rtt_latency":637, "root_time_now":76370}
[Mote:19] Not reachable yet
[Mote:16] Not reachable yet
[Mote:11] Sensor IPv6 = fe80::20b:b:b:b
[Mote:1] {"node":"fd00::20b:b:b:b", "cpu_energy_mj":18, "lpm_energy_mj":0, "radio_tx_energy_mj":0, "radio_rx_energy_mj":8, "node_time":80779, "total_sent":3, "total_received":2, "bytes_tx":60, "bytes_rx":12, "r2n_latency":514, "lqi":100, "rssi":-87, "server_sent":2, "server_received":5, "server_bytes_rx":60, "n2r_latency":281, "hops":1, "rtt_latency":502, "root_time_now":81060}
[Mote:13] Not reachable yet
[Mote:10] Not reachable yet
[Mote:17] Not reachable yet
[Mote:3] Not reachable yet
[Mote:8] Not reachable yet
[Mote:7] Sensor IPv6 = fe80::207:7:7:7
[Mote:2] Sensor IPv6 = fe80::202:2:2:2
[Mote:15] Not reachable yet
[Mote:18] Not reachable yet
[Mote:4] Not reachable yet
[Mote:1] {"node":"fd00::202:2:2:2", "cpu_energy_mj":18, "lpm_energy_mj":0, "radio_tx_energy_mj":0, "radio_rx_energy_mj":8, "node_time":84085, "total_sent":7, "total_received":6, "bytes_tx":60, "bytes_rx":12, "r2n_latency":164, "lqi":100, "rssi":-84, "server_sent":6, "server_received":13, "server_bytes_rx":60, "n2r_latency":685, "hops":0, "rtt_latency":467, "root_time_now":84770}
[Mote:9] Not reachable yet
[Mote:1] {"node":"fd00::207:7:7:7", "cpu_energy_mj":150, "lpm_energy_mj":0, "radio_tx_energy_mj":0, "radio_rx_energy_mj":1027, "node_time":83813, "total_sent":1, "total_received":0, "bytes_tx":60, "bytes_rx":0, "r2n_latency":0, "lqi":0, "rssi":0, "server_sent":0, "server_received":1, "server_bytes_rx":60, "n2r_latency":1167, "hops":1, "rtt_latency":0, "root_time_now":84980}
[Mote:14] Not reachable yet
[Mote:5] Sensor IPv6 = fe80::205:5:5:5
[Mote:1] {"node":"fd00::205:5:5:5", "cpu_energy_mj":19, "lpm_energy_mj":0, "radio_tx_energy_mj":0, "radio_rx_energy_mj":8, "node_time":86654, "total_sent":7, "total_received":6, "bytes_tx":60, "bytes_rx":12, "r2n_latency":24, "lqi":100, "rssi":-85, "server_sent":6, "server_received":13, "server_bytes_rx":60, "n2r_latency":146, "hops":0, "rtt_latency":712, "root_time_now":86800}
[Mote:12] Sensor IPv6 = fe80::20c:c:c:c
[Mote:1] {"node":"fd00::20c:c:c:c", "cpu_energy_mj":19, "lpm_energy_mj":0, "radio_tx_energy_mj":0, "radio_rx_energy_mj":8, "node_time":86863, "total_sent":6, "total_received":5, "bytes_tx":60, "bytes_rx":12, "r2n_latency":444, "lqi":100, "rssi":-85, "server_sent":5, "server_received":11, "server_bytes_rx":60, "n2r_latency":287, "hops":1, "rtt_latency":747, "root_time_now":87150}
[Mote:6] Sensor IPv6 = fe80::206:6:6:6
[Mote:1] {"node":"fd00::206:6:6:6", "cpu_energy_mj":19, "lpm_energy_mj":0, "radio_tx_energy_mj":0, "radio_rx_energy_mj":8, "node_time":87285, "total_sent":5, "total_received":4, "bytes_tx":60, "bytes_rx":12, "r2n_latency":304, "lqi":100, "rssi":-80, "server_sent":4, "server_received":9, "server_bytes_rx":60, "n2r_latency":75, "hops":0, "rtt_latency":327, "root_time_now":87360}
[Mote:19] Not reachable yet
[Mote:16] Not reachable yet
[Mote:11] Sensor IPv6 = fe80::20b:b:b:b
[Mote:13] Sensor IPv6 = fe80::20d:d:d:d
[Mote:10] Not reachable yet
[Mote:1] {"node":"fd00::20d:d:d:d", "cpu_energy_mj":163, "lpm_energy_mj":0, "radio_tx_energy_mj":0, "radio_rx_energy_mj":1267, "node_time":91504, "total_sent":1, "total_received":0, "bytes_tx":60, "bytes_rx":0, "r2n_latency":0, "lqi":0, "rssi":0, "server_sent":0, "server_received":1, "server_bytes_rx":60, "n2r_latency":406, "hops":1, "rtt_latency":0, "root_time_now":91910}
[Mote:1] {"node":"fd00::20b:b:b:b", "cpu_energy_mj":18, "lpm_energy_mj":0, "radio_tx_energy_mj":0, "radio_rx_energy_mj":8, "node_time":90900, "total_sent":4, "total_received":3, "bytes_tx":60, "bytes_rx":12, "r2n_latency":384, "lqi":100, "rssi":-87, "server_sent":3, "server_received":7, "server_bytes_rx":60, "n2r_latency":1150, "hops":1, "rtt_latency":857, "root_time_now":92050}
[Mote:17] Not reachable yet
[Mote:3] Not reachable yet
[Mote:8] Not reachable yet
[Mote:7] Sensor IPv6 = fe80::207:7:7:7
[Mote:1] {"node":"fd00::207:7:7:7", "cpu_energy_mj":18, "lpm_energy_mj":0, "radio_tx_energy_mj":0, "radio_rx_energy_mj":8, "node_time":94289, "total_sent":2, "total_received":1, "bytes_tx":60, "bytes_rx":12, "r2n_latency":1224, "lqi":100, "rssi":-88, "server_sent":1, "server_received":3, "server_bytes_rx":60, "n2r_latency":141, "hops":1, "rtt_latency":682, "root_time_now":94430}
[Mote:2] Sensor IPv6 = fe80::202:2:2:2
[Mote:1] {"node":"fd00::202:2:2:2", "cpu_energy_mj":18, "lpm_energy_mj":0, "radio_tx_energy_mj":0, "radio_rx_energy_mj":8, "node_time":94616, "total_sent":8, "total_received":7, "bytes_tx":60, "bytes_rx":12, "r2n_latency":174, "lqi":100, "rssi":-84, "server_sent":7, "server_received":15, "server_bytes_rx":60, "n2r_latency":24, "hops":0, "rtt_latency":297, "root_time_now":94640}
[Mote:15] Not reachable yet
[Mote:18] Not reachable yet
[Mote:4] Not reachable yet
[Mote:9] Not reachable yet
[Mote:14] Sensor IPv6 = fe80::20e:e:e:e
[Mote:1] {"node":"fd00::20e:e:e:e", "cpu_energy_mj":174, "lpm_energy_mj":0, "radio_tx_energy_mj":1, "radio_rx_energy_mj":956, "node_time":96920, "total_sent":1, "total_received":0, "bytes_tx":60, "bytes_rx":0, "r2n_latency":0, "lqi":0, "rssi":0, "server_sent":0, "server_received":1, "server_bytes_rx":60, "n2r_latency":170, "hops":2, "rtt_latency":0, "root_time_now":97090}
[Mote:5] Sensor IPv6 = fe80::205:5:5:5
[Mote:1] {"node":"fd00::205:5:5:5", "cpu_energy_mj":19, "lpm_energy_mj":0, "radio_tx_energy_mj":0, "radio_rx_energy_mj":8, "node_time":97446, "total_sent":8, "total_received":7, "bytes_tx":60, "bytes_rx":12, "r2n_latency":34, "lqi":100, "rssi":-85, "server_sent":7, "server_received":15, "server_bytes_rx":60, "n2r_latency":64, "hops":0, "rtt_latency":402, "root_time_now":97510}
[Mote:12] Sensor IPv6 = fe80::20c:c:c:c
[Mote:1] {"node":"fd00::20c:c:c:c", "cpu_energy_mj":19, "lpm_energy_mj":0, "radio_tx_energy_mj":0, "radio_rx_energy_mj":8, "node_time":97694, "total_sent":7, "total_received":6, "bytes_tx":60, "bytes_rx":12, "r2n_latency":454, "lqi":100, "rssi":-85, "server_sent":6, "server_received":13, "server_bytes_rx":60, "n2r_latency":96, "hops":1, "rtt_latency":1767, "root_time_now":97790}
[Mote:6] Sensor IPv6 = fe80::206:6:6:6
[Mote:1] {"node":"fd00::206:6:6:6", "cpu_energy_mj":19, "lpm_energy_mj":0, "radio_tx_energy_mj":0, "radio_rx_energy_mj":9, "node_time":98212, "total_sent":6, "total_received":5, "bytes_tx":60, "bytes_rx":12, "r2n_latency":454, "lqi":100, "rssi":-80, "server_sent":5, "server_received":11, "server_bytes_rx":60, "n2r_latency":68, "hops":0, "rtt_latency":332, "root_time_now":98280}
[Mote:19] Not reachable yet
[Mote:16] Not reachable yet
[Mote:11] Sensor IPv6 = fe80::20b:b:b:b
[Mote:13] Sensor IPv6 = fe80::20d:d:d:d
[Mote:10] Not reachable yet
[Mote:1] {"node":"fd00::20b:b:b:b", "cpu_energy_mj":18, "lpm_energy_mj":0, "radio_tx_energy_mj":0, "radio_rx_energy_mj":8, "node_time":101023, "total_sent":5, "total_received":4, "bytes_tx":60, "bytes_rx":12, "r2n_latency":534, "lqi":100, "rssi":-87, "server_sent":4, "server_received":9, "server_bytes_rx":60, "n2r_latency":1317, "hops":1, "rtt_latency":757, "root_time_now":102340}
[Mote:17] Not reachable yet
[Mote:3] Not reachable yet
[Mote:1] {"node":"fd00::20d:d:d:d", "cpu_energy_mj":18, "lpm_energy_mj":0, "radio_tx_energy_mj":0, "radio_rx_energy_mj":8, "node_time":101616, "total_sent":2, "total_received":1, "bytes_tx":60, "bytes_rx":12, "r2n_latency":534, "lqi":100, "rssi":-87, "server_sent":1, "server_received":3, "server_bytes_rx":60, "n2r_latency":1844, "hops":1, "rtt_latency":827, "root_time_now":103460}
[Mote:8] Not reachable yet
[Mote:7] Sensor IPv6 = fe80::207:7:7:7
[Mote:1] {"node":"fd00::207:7:7:7", "cpu_energy_mj":18, "lpm_energy_mj":0, "radio_tx_energy_mj":0, "radio_rx_energy_mj":8, "node_time":104765, "total_sent":3, "total_received":2, "bytes_tx":60, "bytes_rx":12, "r2n_latency":1164, "lqi":100, "rssi":-88, "server_sent":2, "server_received":5, "server_bytes_rx":60, "n2r_latency":95, "hops":1, "rtt_latency":1352, "root_time_now":104860}
[Mote:2] Sensor IPv6 = fe80::202:2:2:2
[Mote:15] Not reachable yet
[Mote:1] {"node":"fd00::202:2:2:2", "cpu_energy_mj":18, "lpm_energy_mj":0, "radio_tx_energy_mj":0, "radio_rx_energy_mj":8, "node_time":105147, "total_sent":9, "total_received":8, "bytes_tx":60, "bytes_rx":12, "r2n_latency":184, "lqi":100, "rssi":-84, "server_sent":8, "server_received":17, "server_bytes_rx":60, "n2r_latency":203, "hops":0, "rtt_latency":442, "root_time_now":105350}
[Mote:18] Not reachable yet
[Mote:4] Not reachable yet
[Mote:9] Not reachable yet
[Mote:14] Sensor IPv6 = fe80::20e:e:e:e
[Mote:1] {"node":"fd00::20e:e:e:e", "cpu_energy_mj":19, "lpm_energy_mj":0, "radio_tx_energy_mj":0, "radio_rx_energy_mj":8, "node_time":107683, "total_sent":2, "total_received":1, "bytes_tx":60, "bytes_rx":12, "r2n_latency":3684, "lqi":100, "rssi":-37, "server_sent":1, "server_received":3, "server_bytes_rx":60, "n2r_latency":187, "hops":2, "rtt_latency":1947, "root_time_now":107870}
[Mote:5] Sensor IPv6 = fe80::205:5:5:5
[Mote:1] {"node":"fd00::205:5:5:5", "cpu_energy_mj":19, "lpm_energy_mj":0, "radio_tx_energy_mj":0, "radio_rx_energy_mj":8, "node_time":108238, "total_sent":9, "total_received":8, "bytes_tx":60, "bytes_rx":12, "r2n_latency":44, "lqi":100, "rssi":-85, "server_sent":8, "server_received":17, "server_bytes_rx":60, "n2r_latency":52, "hops":0, "rtt_latency":792, "root_time_now":108290}
[Mote:12] Sensor IPv6 = fe80::20c:c:c:c
[Mote:1] {"node":"fd00::20c:c:c:c", "cpu_energy_mj":19, "lpm_energy_mj":0, "radio_tx_energy_mj":0, "radio_rx_energy_mj":8, "node_time":108527, "total_sent":8, "total_received":7, "bytes_tx":60, "bytes_rx":12, "r2n_latency":324, "lqi":100, "rssi":-85, "server_sent":7, "server_received":15, "server_bytes_rx":60, "n2r_latency":113, "hops":1, "rtt_latency":2122, "root_time_now":108640}
[Mote:6] Sensor IPv6 = fe80::206:6:6:6
[Mote:1] {"node":"fd00::206:6:6:6", "cpu_energy_mj":19, "lpm_energy_mj":0, "radio_tx_energy_mj":0, "radio_rx_energy_mj":8, "node_time":109141, "total_sent":7, "total_received":6, "bytes_tx":60, "bytes_rx":12, "r2n_latency":744, "lqi":100, "rssi":-80, "server_sent":6, "server_received":13, "server_bytes_rx":60, "n2r_latency":59, "hops":0, "rtt_latency":1317, "root_time_now":109200}
[Mote:19] Not reachable yet
[Mote:16] Not reachable yet
[Mote:11] Sensor IPv6 = fe80::20b:b:b:b
[Mote:1] {"node":"fd00::20b:b:b:b", "cpu_energy_mj":18, "lpm_energy_mj":0, "radio_tx_energy_mj":0, "radio_rx_energy_mj":8, "node_time":111146, "total_sent":6, "total_received":5, "bytes_tx":60, "bytes_rx":12, "r2n_latency":684, "lqi":100, "rssi":-87, "server_sent":5, "server_received":11, "server_bytes_rx":60, "n2r_latency":294, "hops":1, "rtt_latency":447, "root_time_now":111440}
[Mote:13] Sensor IPv6 = fe80::20d:d:d:d
[Mote:10] Not reachable yet
[Mote:17] Not reachable yet
[Mote:3] Not reachable yet
[Mote:1] {"node":"fd00::20d:d:d:d", "cpu_energy_mj":18, "lpm_energy_mj":0, "radio_tx_energy_mj":0, "radio_rx_energy_mj":8, "node_time":111730, "total_sent":3, "total_received":2, "bytes_tx":60, "bytes_rx":12, "r2n_latency":614, "lqi":100, "rssi":-87, "server_sent":2, "server_received":5, "server_bytes_rx":60, "n2r_latency":2650, "hops":1, "rtt_latency":2127, "root_time_now":114380}
[Mote:8] Sensor IPv6 = fe80::208:8:8:8
[Mote:1] {"node":"fd00::208:8:8:8", "cpu_energy_mj":207, "lpm_energy_mj":0, "radio_tx_energy_mj":0, "radio_rx_energy_mj":1775, "node_time":114989, "total_sent":1, "total_received":0, "bytes_tx":60, "bytes_rx":0, "r2n_latency":0, "lqi":0, "rssi":0, "server_sent":0, "server_received":1, "server_bytes_rx":60, "n2r_latency":161, "hops":2, "rtt_latency":0, "root_time_now":115150}
[Mote:7] Sensor IPv6 = fe80::207:7:7:7
[Mote:1] {"node":"fd00::207:7:7:7", "cpu_energy_mj":18, "lpm_energy_mj":0, "radio_tx_energy_mj":0, "radio_rx_energy_mj":8, "node_time":115239, "total_sent":4, "total_received":3, "bytes_tx":60, "bytes_rx":12, "r2n_latency":2574, "lqi":100, "rssi":-88, "server_sent":3, "server_received":7, "server_bytes_rx":60, "n2r_latency":121, "hops":1, "rtt_latency":1392, "root_time_now":115360}
[Mote:2] Sensor IPv6 = fe80::202:2:2:2
[Mote:1] {"node":"fd00::202:2:2:2", "cpu_energy_mj":18, "lpm_energy_mj":0, "radio_tx_energy_mj":0, "radio_rx_energy_mj":8, "node_time":115682, "total_sent":10, "total_received":9, "bytes_tx":60, "bytes_rx":12, "r2n_latency":194, "lqi":100, "rssi":-84, "server_sent":9, "server_received":19, "server_bytes_rx":60, "n2r_latency":28, "hops":0, "rtt_latency":412, "root_time_now":115710}
[Mote:15] Not reachable yet
[Mote:18] Not reachable yet
[Mote:4] Not reachable yet
[Mote:9] Not reachable yet
[Mote:14] Sensor IPv6 = fe80::20e:e:e:e
[Mote:5] Sensor IPv6 = fe80::205:5:5:5
[Mote:1] {"node":"fd00::205:5:5:5", "cpu_energy_mj":19, "lpm_energy_mj":0, "radio_tx_energy_mj":0, "radio_rx_energy_mj":8, "node_time":119030, "total_sent":10, "total_received":9, "bytes_tx":60, "bytes_rx":12, "r2n_latency":54, "lqi":100, "rssi":-85, "server_sent":9, "server_received":19, "server_bytes_rx":60, "n2r_latency":40, "hops":0, "rtt_latency":587, "root_time_now":119070}
[Mote:12] Sensor IPv6 = fe80::20c:c:c:c
[Mote:1] {"node":"fd00::20c:c:c:c", "cpu_energy_mj":19, "lpm_energy_mj":0, "radio_tx_energy_mj":0, "radio_rx_energy_mj":9, "node_time":119360, "total_sent":9, "total_received":8, "bytes_tx":60, "bytes_rx":12, "r2n_latency":404, "lqi":100, "rssi":-85, "server_sent":8, "server_received":17, "server_bytes_rx":60, "n2r_latency":130, "hops":1, "rtt_latency":2162, "root_time_now":119490}
[Mote:6] Sensor IPv6 = fe80::206:6:6:6
[Mote:16] Not reachable yet
[Mote:19] Sensor IPv6 = fe80::213:13:13:13
[Mote:11] Sensor IPv6 = fe80::20b:b:b:b
[Mote:13] Sensor IPv6 = fe80::20d:d:d:d
[Mote:10] Not reachable yet
[Mote:1] {"node":"fd00::206:6:6:6", "cpu_energy_mj":19, "lpm_energy_mj":0, "radio_tx_energy_mj":0, "radio_rx_energy_mj":8, "node_time":120074, "total_sent":8, "total_received":7, "bytes_tx":60, "bytes_rx":12, "r2n_latency":1524, "lqi":100, "rssi":-80, "server_sent":8, "server_received":15, "server_bytes_rx":60, "n2r_latency":2496, "hops":0, "rtt_latency":797, "root_time_now":122570}
[Mote:17] Not reachable yet
[Mote:1] {"node":"fd00::20d:d:d:d", "cpu_energy_mj":18, "lpm_energy_mj":0, "radio_tx_energy_mj":0, "radio_rx_energy_mj":8, "node_time":121843, "total_sent":4, "total_received":3, "bytes_tx":60, "bytes_rx":12, "r2n_latency":1254, "lqi":100, "rssi":-87, "server_sent":3, "server_received":7, "server_bytes_rx":60, "n2r_latency":1357, "hops":1, "rtt_latency":1572, "root_time_now":123200}
[Mote:1] {"node":"fd00::20b:b:b:b", "cpu_energy_mj":18, "lpm_energy_mj":0, "radio_tx_energy_mj":0, "radio_rx_energy_mj":8, "node_time":121271, "total_sent":7, "total_received":6, "bytes_tx":60, "bytes_rx":12, "r2n_latency":904, "lqi":100, "rssi":-87, "server_sent":6, "server_received":13, "server_bytes_rx":60, "n2r_latency":1999, "hops":1, "rtt_latency":1117, "root_time_now":123270}
[Mote:3] Not reachable yet
[Mote:8] Sensor IPv6 = fe80::208:8:8:8
[Mote:7] Sensor IPv6 = fe80::207:7:7:7
[Mote:1] {"node":"fd00::207:7:7:7", "cpu_energy_mj":18, "lpm_energy_mj":0, "radio_tx_energy_mj":0, "radio_rx_energy_mj":8, "node_time":125720, "total_sent":5, "total_received":4, "bytes_tx":60, "bytes_rx":12, "r2n_latency":1674, "lqi":100, "rssi":-88, "server_sent":4, "server_received":9, "server_bytes_rx":60, "n2r_latency":140, "hops":1, "rtt_latency":1362, "root_time_now":125860}
[Mote:1] {"node":"fd00::208:8:8:8", "cpu_energy_mj":18, "lpm_energy_mj":0, "radio_tx_energy_mj":0, "radio_rx_energy_mj":9, "node_time":125472, "total_sent":2, "total_received":1, "bytes_tx":60, "bytes_rx":12, "r2n_latency":4194, "lqi":100, "rssi":-88, "server_sent":1, "server_received":3, "server_bytes_rx":60, "n2r_latency":668, "hops":2, "rtt_latency":2202, "root_time_now":126140}
[Mote:2] Sensor IPv6 = fe80::202:2:2:2
[Mote:1] {"node":"fd00::202:2:2:2", "cpu_energy_mj":18, "lpm_energy_mj":0, "radio_tx_energy_mj":0, "radio_rx_energy_mj":8, "node_time":126209, "total_sent":11, "total_received":10, "bytes_tx":60, "bytes_rx":12, "r2n_latency":484, "lqi":100, "rssi":-84, "server_sent":10, "server_received":21, "server_bytes_rx":60, "n2r_latency":71, "hops":0, "rtt_latency":977, "root_time_now":126280}
[Mote:15] Not reachable yet
[Mote:18] Not reachable yet
[Mote:4] Sensor IPv6 = fe80::204:4:4:4
[Mote:1] {"node":"fd00::204:4:4:4", "cpu_energy_mj":228, "lpm_energy_mj":0, "radio_tx_energy_mj":0, "radio_rx_energy_mj":2207, "node_time":126623, "total_sent":1, "total_received":0, "bytes_tx":60, "bytes_rx":0, "r2n_latency":0, "lqi":0, "rssi":0, "server_sent":0, "server_received":1, "server_bytes_rx":60, "n2r_latency":497, "hops":2, "rtt_latency":0, "root_time_now":127120}
[Mote:9] Not reachable yet
[Mote:14] Sensor IPv6 = fe80::20e:e:e:e
[Mote:5] Sensor IPv6 = fe80::205:5:5:5
[Mote:1] {"node":"fd00::205:5:5:5", "cpu_energy_mj":19, "lpm_energy_mj":0, "radio_tx_energy_mj":0, "radio_rx_energy_mj":8, "node_time":129824, "total_sent":11, "total_received":10, "bytes_tx":60, "bytes_rx":12, "r2n_latency":64, "lqi":100, "rssi":-85, "server_sent":10, "server_received":21, "server_bytes_rx":60, "n2r_latency":26, "hops":0, "rtt_latency":1537, "root_time_now":129850}
[Mote:12] Sensor IPv6 = fe80::20c:c:c:c
[Mote:16] Not reachable yet
[Mote:6] Sensor IPv6 = fe80::206:6:6:6
[Mote:11] Sensor IPv6 = fe80::20b:b:b:b
[Mote:19] Sensor IPv6 = fe80::213:13:13:13
[Mote:13] Sensor IPv6 = fe80::20d:d:d:d
[Mote:10] Sensor IPv6 = fe80::20a:a:a:a
[Mote:1] {"node":"fd00::20b:b:b:b", "cpu_energy_mj":18, "lpm_energy_mj":0, "radio_tx_energy_mj":0, "radio_rx_energy_mj":8, "node_time":131392, "total_sent":8, "total_received":7, "bytes_tx":60, "bytes_rx":12, "r2n_latency":984, "lqi":100, "rssi":-87, "server_sent":7, "server_received":15, "server_bytes_rx":60, "n2r_latency":1398, "hops":1, "rtt_latency":912, "root_time_now":132790}
[Mote:17] Not reachable yet
[Mote:1] {"node":"fd00::206:6:6:6", "cpu_energy_mj":19, "lpm_energy_mj":0, "radio_tx_energy_mj":1, "radio_rx_energy_mj":8, "node_time":131001, "total_sent":9, "total_received":9, "bytes_tx":60, "bytes_rx":12, "r2n_latency":424, "lqi":100, "rssi":-80, "server_sent":9, "server_received":18, "server_bytes_rx":60, "n2r_latency":2629, "hops":0, "rtt_latency":1787, "root_time_now":133630}
[Mote:1] {"node":"fd00::20a:a:a:a", "cpu_energy_mj":238, "lpm_energy_mj":0, "radio_tx_energy_mj":0, "radio_rx_energy_mj":2162, "node_time":132590, "total_sent":1, "total_received":0, "bytes_tx":60, "bytes_rx":0, "r2n_latency":0, "lqi":0, "rssi":0, "server_sent":0, "server_received":1, "server_bytes_rx":60, "n2r_latency":1320, "hops":2, "rtt_latency":0, "root_time_now":133910}
[Mote:3] Not reachable yet
[Mote:1] {"node":"fd00::20c:c:c:c", "cpu_energy_mj":19, "lpm_energy_mj":0, "radio_tx_energy_mj":0, "radio_rx_energy_mj":9, "node_time":130195, "total_sent":10, "total_received":9, "bytes_tx":60, "bytes_rx":12, "r2n_latency":274, "lqi":100, "rssi":-85, "server_sent":10, "server_received":19, "server_bytes_rx":60, "n2r_latency":4905, "hops":1, "rtt_latency":1747, "root_time_now":135100}
[Mote:1] {"node":"fd00::20d:d:d:d", "cpu_energy_mj":18, "lpm_energy_mj":0, "radio_tx_energy_mj":0, "radio_rx_energy_mj":8, "node_time":131956, "total_sent":5, "total_received":4, "bytes_tx":60, "bytes_rx":12, "r2n_latency":1054, "lqi":100, "rssi":-87, "server_sent":4, "server_received":9, "server_bytes_rx":60, "n2r_latency":3354, "hops":1, "rtt_latency":2592, "root_time_now":135310}
[Mote:8] Sensor IPv6 = fe80::208:8:8:8
[Mote:1] {"node":"fd00::208:8:8:8", "cpu_energy_mj":18, "lpm_energy_mj":0, "radio_tx_energy_mj":0, "radio_rx_energy_mj":8, "node_time":135955, "total_sent":3, "total_received":2, "bytes_tx":60, "bytes_rx":12, "r2n_latency":2594, "lqi":100, "rssi":-88, "server_sent":2, "server_received":5, "server_bytes_rx":60, "n2r_latency":195, "hops":2, "rtt_latency":1997, "root_time_now":136150}
[Mote:7] Sensor IPv6 = fe80::207:7:7:7
[Mote:1] {"node":"fd00::207:7:7:7", "cpu_energy_mj":18, "lpm_energy_mj":0, "radio_tx_energy_mj":0, "radio_rx_energy_mj":8, "node_time":136191, "total_sent":6, "total_received":5, "bytes_tx":60, "bytes_rx":12, "r2n_latency":1194, "lqi":100, "rssi":-88, "server_sent":5, "server_received":11, "server_bytes_rx":60, "n2r_latency":99, "hops":1, "rtt_latency":1927, "root_time_now":136290}
[Mote:1] {"node":"fd00::213:13:13:13", "cpu_energy_mj":19, "lpm_energy_mj":0, "radio_tx_energy_mj":0, "radio_rx_energy_mj":8, "node_time":131461, "total_sent":2, "total_received":0, "bytes_tx":60, "bytes_rx":0, "r2n_latency":0, "lqi":0, "rssi":0, "server_sent":0, "server_received":1, "server_bytes_rx":60, "n2r_latency":5179, "hops":1, "rtt_latency":0, "root_time_now":136640}
[Mote:2] Sensor IPv6 = fe80::202:2:2:2
[Mote:15] Sensor IPv6 = fe80::20f:f:f:f
[Mote:1] {"node":"fd00::202:2:2:2", "cpu_energy_mj":18, "lpm_energy_mj":0, "radio_tx_energy_mj":0, "radio_rx_energy_mj":8, "node_time":136740, "total_sent":12, "total_received":11, "bytes_tx":60, "bytes_rx":12, "r2n_latency":284, "lqi":100, "rssi":-84, "server_sent":11, "server_received":23, "server_bytes_rx":60, "n2r_latency":180, "hops":0, "rtt_latency":877, "root_time_now":136920}
[Mote:18] Not reachable yet
[Mote:4] Sensor IPv6 = fe80::204:4:4:4
[Mote:1] {"node":"fd00::204:4:4:4", "cpu_energy_mj":19, "lpm_energy_mj":0, "radio_tx_energy_mj":0, "radio_rx_energy_mj":8, "node_time":137179, "total_sent":2, "total_received":1, "bytes_tx":60, "bytes_rx":12, "r2n_latency":1614, "lqi":100, "rssi":-83, "server_sent":1, "server_received":3, "server_bytes_rx":60, "n2r_latency":441, "hops":2, "rtt_latency":2627, "root_time_now":137620}
[Mote:9] Not reachable yet
[Mote:14] Sensor IPv6 = fe80::20e:e:e:e
[Mote:16] Sensor IPv6 = fe80::210:10:10:10
[Mote:5] Sensor IPv6 = fe80::205:5:5:5
[Mote:12] Sensor IPv6 = fe80::20c:c:c:c
[Mote:11] Sensor IPv6 = fe80::20b:b:b:b
[Mote:6] Sensor IPv6 = fe80::206:6:6:6
[Mote:13] Sensor IPv6 = fe80::20d:d:d:d
[Mote:1] {"node":"fd00::206:6:6:6", "cpu_energy_mj":19, "lpm_energy_mj":0, "radio_tx_energy_mj":0, "radio_rx_energy_mj":8, "node_time":141930, "total_sent":10, "total_received":10, "bytes_tx":60, "bytes_rx":12, "r2n_latency":854, "lqi":100, "rssi":-80, "server_sent":10, "server_received":20, "server_bytes_rx":60, "n2r_latency":170, "hops":0, "rtt_latency":987, "root_time_now":142100}
[Mote:19] Sensor IPv6 = fe80::213:13:13:13
[Mote:10] Sensor IPv6 = fe80::20a:a:a:a
[Mote:17] Not reachable yet
[Mote:3] Not reachable yet
[Mote:1] {"node":"fd00::20a:a:a:a", "cpu_energy_mj":18, "lpm_energy_mj":0, "radio_tx_energy_mj":0, "radio_rx_energy_mj":8, "node_time":142779, "total_sent":2, "total_received":0, "bytes_tx":60, "bytes_rx":0, "r2n_latency":0, "lqi":0, "rssi":0, "server_sent":1, "server_received":2, "server_bytes_rx":60, "n2r_latency":1981, "hops":2, "rtt_latency":0, "root_time_now":144760}
[Mote:1] {"node":"fd00::20b:b:b:b", "cpu_energy_mj":18, "lpm_energy_mj":0, "radio_tx_energy_mj":0, "radio_rx_energy_mj":8, "node_time":141515, "total_sent":9, "total_received":8, "bytes_tx":60, "bytes_rx":12, "r2n_latency":784, "lqi":100, "rssi":-87, "server_sent":8, "server_received":17, "server_bytes_rx":60, "n2r_latency":4015, "hops":1, "rtt_latency":2247, "root_time_now":145530}
[Mote:8] Sensor IPv6 = fe80::208:8:8:8
[Mote:1] {"node":"fd00::20e:e:e:e", "cpu_energy_mj":19, "lpm_energy_mj":0, "radio_tx_energy_mj":1, "radio_rx_energy_mj":8, "node_time":139974, "total_sent":5, "total_received":2, "bytes_tx":60, "bytes_rx":12, "r2n_latency":3344, "lqi":100, "rssi":-88, "server_sent":5, "server_received":5, "server_bytes_rx":60, "n2r_latency":6536, "hops":1, "rtt_latency":1812, "root_time_now":146510}
[Mote:7] Sensor IPv6 = fe80::207:7:7:7
[Mote:1] {"node":"fd00::208:8:8:8", "cpu_energy_mj":18, "lpm_energy_mj":0, "radio_tx_energy_mj":0, "radio_rx_energy_mj":9, "node_time":146439, "total_sent":4, "total_received":3, "bytes_tx":60, "bytes_rx":12, "r2n_latency":3724, "lqi":100, "rssi":-88, "server_sent":3, "server_received":7, "server_bytes_rx":60, "n2r_latency":281, "hops":2, "rtt_latency":2002, "root_time_now":146720}
[Mote:2] Sensor IPv6 = fe80::202:2:2:2
[Mote:1] {"node":"fd00::202:2:2:2", "cpu_energy_mj":18, "lpm_energy_mj":0, "radio_tx_energy_mj":0, "radio_rx_energy_mj":8, "node_time":147273, "total_sent":13, "total_received":12, "bytes_tx":60, "bytes_rx":12, "r2n_latency":294, "lqi":100, "rssi":-84, "server_sent":12, "server_received":25, "server_bytes_rx":60, "n2r_latency":77, "hops":0, "rtt_latency":497, "root_time_now":147350}
[Mote:15] Sensor IPv6 = fe80::20f:f:f:f
[Mote:1] {"node":"fd00::207:7:7:7", "cpu_energy_mj":18, "lpm_energy_mj":0, "radio_tx_energy_mj":1, "radio_rx_energy_mj":8, "node_time":146667, "total_sent":7, "total_received":6, "bytes_tx":60, "bytes_rx":12, "r2n_latency":1624, "lqi":100, "rssi":-88, "server_sent":6, "server_received":13, "server_bytes_rx":60, "n2r_latency":823, "hops":1, "rtt_latency":1022, "root_time_now":147490}
[Mote:18] Not reachable yet
[Mote:4] Sensor IPv6 = fe80::204:4:4:4
[Mote:1] {"node":"fd00::205:5:5:5", "cpu_energy_mj":19, "lpm_energy_mj":0, "radio_tx_energy_mj":1, "radio_rx_energy_mj":7, "node_time":140614, "total_sent":12, "total_received":12, "bytes_tx":60, "bytes_rx":12, "r2n_latency":154, "lqi":100, "rssi":-85, "server_sent":12, "server_received":24, "server_bytes_rx":60, "n2r_latency":7366, "hops":0, "rtt_latency":2072, "root_time_now":147980}
[Mote:9] Not reachable yet
[Mote:1] {"node":"fd00::210:10:10:10", "cpu_energy_mj":252, "lpm_energy_mj":0, "radio_tx_energy_mj":0, "radio_rx_energy_mj":2399, "node_time":140538, "total_sent":1, "total_received":0, "bytes_tx":60, "bytes_rx":0, "r2n_latency":0, "lqi":0, "rssi":0, "server_sent":0, "server_received":1, "server_bytes_rx":60, "n2r_latency":7862, "hops":2, "rtt_latency":0, "root_time_now":148400}
[Mote:1] {"node":"fd00::213:13:13:13", "cpu_energy_mj":19, "lpm_energy_mj":0, "radio_tx_energy_mj":0, "radio_rx_energy_mj":8, "node_time":142386, "total_sent":3, "total_received":1, "bytes_tx":60, "bytes_rx":12, "r2n_latency":1694, "lqi":100, "rssi":-76, "server_sent":1, "server_received":3, "server_bytes_rx":60, "n2r_latency":6154, "hops":1, "rtt_latency":4032, "root_time_now":148540}
[Mote:1] {"node":"fd00::20c:c:c:c", "cpu_energy_mj":19, "lpm_energy_mj":0, "radio_tx_energy_mj":0, "radio_rx_energy_mj":9, "node_time":141026, "total_sent":11, "total_received":11, "bytes_tx":60, "bytes_rx":12, "r2n_latency":644, "lqi":100, "rssi":-85, "server_sent":11, "server_received":22, "server_bytes_rx":60, "n2r_latency":7794, "hops":1, "rtt_latency":4312, "root_time_now":148820}
[Mote:1] {"node":"fd00::20d:d:d:d", "cpu_energy_mj":18, "lpm_energy_mj":0, "radio_tx_energy_mj":0, "radio_rx_energy_mj":8, "node_time":142068, "total_sent":6, "total_received":5, "bytes_tx":60, "bytes_rx":12, "r2n_latency":1134, "lqi":100, "rssi":-87, "server_sent":5, "server_received":11, "server_bytes_rx":60, "n2r_latency":6822, "hops":1, "rtt_latency":4242, "root_time_now":148890}
[Mote:1] {"node":"fd00::204:4:4:4", "cpu_energy_mj":19, "lpm_energy_mj":0, "radio_tx_energy_mj":0, "radio_rx_energy_mj":9, "node_time":147737, "total_sent":3, "total_received":2, "bytes_tx":60, "bytes_rx":12, "r2n_latency":1414, "lqi":100, "rssi":-83, "server_sent":2, "server_received":5, "server_bytes_rx":60, "n2r_latency":1293, "hops":2, "rtt_latency":4382, "root_time_now":149030}
[Mote:16] Sensor IPv6 = fe80::210:10:10:10
[Mote:14] Sensor IPv6 = fe80::20e:e:e:e
[Mote:5] Sensor IPv6 = fe80::205:5:5:5
[Mote:11] Sensor IPv6 = fe80::20b:b:b:b
[Mote:12] Sensor IPv6 = fe80::20c:c:c:c
[Mote:13] Sensor IPv6 = fe80::20d:d:d:d
[Mote:6] Sensor IPv6 = fe80::206:6:6:6
[Mote:10] Sensor IPv6 = fe80::20a:a:a:a
[Mote:19] Sensor IPv6 = fe80::213:13:13:13
[Mote:17] Not reachable yet
[Mote:1] {"node":"fd00::205:5:5:5", "cpu_energy_mj":19, "lpm_energy_mj":0, "radio_tx_energy_mj":1, "radio_rx_energy_mj":7, "node_time":151406, "total_sent":13, "total_received":13, "bytes_tx":60, "bytes_rx":12, "r2n_latency":304, "lqi":100, "rssi":-85, "server_sent":13, "server_received":26, "server_bytes_rx":60, "n2r_latency":2384, "hops":0, "rtt_latency":1762, "root_time_now":153790}
[Mote:1] {"node":"fd00::20e:e:e:e", "cpu_energy_mj":19, "lpm_energy_mj":0, "radio_tx_energy_mj":0, "radio_rx_energy_mj":8, "node_time":150735, "total_sent":6, "total_received":2, "bytes_tx":60, "bytes_rx":12, "r2n_latency":3344, "lqi":100, "rssi":-88, "server_sent":6, "server_received":6, "server_bytes_rx":60, "n2r_latency":3475, "hops":1, "rtt_latency":1812, "root_time_now":154210}
[Mote:3] Sensor IPv6 = fe80::203:3:3:3
[Mote:8] Sensor IPv6 = fe80::208:8:8:8
[Mote:7] Sensor IPv6 = fe80::207:7:7:7
[Mote:1] {"node":"fd00::20b:b:b:b", "cpu_energy_mj":18, "lpm_energy_mj":0, "radio_tx_energy_mj":0, "radio_rx_energy_mj":8, "node_time":151638, "total_sent":10, "total_received":9, "bytes_tx":60, "bytes_rx":12, "r2n_latency":514, "lqi":100, "rssi":-87, "server_sent":9, "server_received":19, "server_bytes_rx":60, "n2r_latency":5792, "hops":1, "rtt_latency":1062, "root_time_now":157430}
[Mote:2] Sensor IPv6 = fe80::202:2:2:2
[Mote:1] {"node":"fd00::202:2:2:2", "cpu_energy_mj":18, "lpm_energy_mj":0, "radio_tx_energy_mj":0, "radio_rx_energy_mj":8, "node_time":157802, "total_sent":14, "total_received":13, "bytes_tx":60, "bytes_rx":12, "r2n_latency":94, "lqi":100, "rssi":-84, "server_sent":13, "server_received":27, "server_bytes_rx":60, "n2r_latency":48, "hops":0, "rtt_latency":957, "root_time_now":157850}
[Mote:15] Not reachable yet
[Mote:18] Sensor IPv6 = fe80::212:12:12:12
[Mote:4] Sensor IPv6 = fe80::204:4:4:4
[Mote:1] {"node":"fd00::206:6:6:6", "cpu_energy_mj":19, "lpm_energy_mj":0, "radio_tx_energy_mj":1, "radio_rx_energy_mj":8, "node_time":152861, "total_sent":11, "total_received":11, "bytes_tx":60, "bytes_rx":12, "r2n_latency":864, "lqi":100, "rssi":-80, "server_sent":11, "server_received":22, "server_bytes_rx":60, "n2r_latency":5899, "hops":0, "rtt_latency":4352, "root_time_now":158760}
[Mote:1] {"node":"fd00::20a:a:a:a", "cpu_energy_mj":18, "lpm_energy_mj":0, "radio_tx_energy_mj":0, "radio_rx_energy_mj":8, "node_time":152966, "total_sent":3, "total_received":1, "bytes_tx":60, "bytes_rx":12, "r2n_latency":4424, "lqi":100, "rssi":-55, "server_sent":2, "server_received":4, "server_bytes_rx":60, "n2r_latency":5864, "hops":2, "rtt_latency":2632, "root_time_now":158830}
[Mote:9] Not reachable yet
[Mote:1] {"node":"fd00::20f:f:f:f", "cpu_energy_mj":18, "lpm_energy_mj":0, "radio_tx_energy_mj":0, "radio_rx_energy_mj":8, "node_time":147414, "total_sent":2, "total_received":0, "bytes_tx":60, "bytes_rx":0, "r2n_latency":0, "lqi":0, "rssi":0, "server_sent":0, "server_received":1, "server_bytes_rx":60, "n2r_latency":11626, "hops":3, "rtt_latency":0, "root_time_now":159040}
[Mote:1] {"node":"fd00::207:7:7:7", "cpu_energy_mj":18, "lpm_energy_mj":0, "radio_tx_energy_mj":0, "radio_rx_energy_mj":8, "node_time":157144, "total_sent":8, "total_received":7, "bytes_tx":60, "bytes_rx":12, "r2n_latency":4434, "lqi":100, "rssi":-88, "server_sent":7, "server_received":15, "server_bytes_rx":60, "n2r_latency":1966, "hops":1, "rtt_latency":4457, "root_time_now":159110}
[Mote:1] {"node":"fd00::208:8:8:8", "cpu_energy_mj":18, "lpm_energy_mj":0, "radio_tx_energy_mj":0, "radio_rx_energy_mj":8, "node_time":156920, "total_sent":5, "total_received":4, "bytes_tx":60, "bytes_rx":12, "r2n_latency":6114, "lqi":100, "rssi":-88, "server_sent":4, "server_received":9, "server_bytes_rx":60, "n2r_latency":2330, "hops":2, "rtt_latency":4597, "root_time_now":159250}
[Mote:1] {"node":"fd00::20d:d:d:d", "cpu_energy_mj":18, "lpm_energy_mj":0, "radio_tx_energy_mj":1, "radio_rx_energy_mj":8, "node_time":152181, "total_sent":7, "total_received":6, "bytes_tx":60, "bytes_rx":12, "r2n_latency":1144, "lqi":100, "rssi":-87, "server_sent":6, "server_received":13, "server_bytes_rx":60, "n2r_latency":7209, "hops":1, "rtt_latency":1972, "root_time_now":159390}
[Mote:1] {"node":"fd00::203:3:3:3", "cpu_energy_mj":277, "lpm_energy_mj":0, "radio_tx_energy_mj":0, "radio_rx_energy_mj":2673, "node_time":154461, "total_sent":1, "total_received":0, "bytes_tx":60, "bytes_rx":0, "r2n_latency":0, "lqi":0, "rssi":0, "server_sent":0, "server_received":1, "server_bytes_rx":60, "n2r_latency":4999, "hops":3, "rtt_latency":0, "root_time_now":159460}
[Mote:1] {"node":"fd00::20c:c:c:c", "cpu_energy_mj":19, "lpm_energy_mj":0, "radio_tx_energy_mj":0, "radio_rx_energy_mj":9, "node_time":151859, "total_sent":12, "total_received":12, "bytes_tx":60, "bytes_rx":12, "r2n_latency":584, "lqi":100, "rssi":-85, "server_sent":12, "server_received":24, "server_bytes_rx":60, "n2r_latency":7811, "hops":1, "rtt_latency":4807, "root_time_now":159670}
[Mote:1] {"node":"fd00::204:4:4:4", "cpu_energy_mj":19, "lpm_energy_mj":0, "radio_tx_energy_mj":0, "radio_rx_energy_mj":8, "node_time":158290, "total_sent":4, "total_received":3, "bytes_tx":60, "bytes_rx":12, "r2n_latency":1634, "lqi":100, "rssi":-83, "server_sent":3, "server_received":7, "server_bytes_rx":60, "n2r_latency":1450, "hops":2, "rtt_latency":2007, "root_time_now":159740}
[Mote:16] Sensor IPv6 = fe80::210:10:10:10
[Mote:14] Not reachable yet
[Mote:11] Sensor IPv6 = fe80::20b:b:b:b
[Mote:5] Sensor IPv6 = fe80::205:5:5:5
[Mote:13] Sensor IPv6 = fe80::20d:d:d:d
[Mote:12] Sensor IPv6 = fe80::20c:c:c:c
[Mote:10] Sensor IPv6 = fe80::20a:a:a:a
[Mote:6] Sensor IPv6 = fe80::206:6:6:6
[Mote:1] {"node":"fd00::206:6:6:6", "cpu_energy_mj":19, "lpm_energy_mj":0, "radio_tx_energy_mj":1, "radio_rx_energy_mj":8, "node_time":163787, "total_sent":12, "total_received":12, "bytes_tx":60, "bytes_rx":12, "r2n_latency":1014, "lqi":100, "rssi":-80, "server_sent":12, "server_received":24, "server_bytes_rx":60, "n2r_latency":13, "hops":0, "rtt_latency":577, "root_time_now":163800}
[Mote:17] Not reachable yet
[Mote:1] {"node":"fd00::20b:b:b:b", "cpu_energy_mj":18, "lpm_energy_mj":0, "radio_tx_energy_mj":0, "radio_rx_energy_mj":8, "node_time":161761, "total_sent":11, "total_received":10, "bytes_tx":60, "bytes_rx":12, "r2n_latency":454, "lqi":100, "rssi":-87, "server_sent":10, "server_received":21, "server_bytes_rx":60, "n2r_latency":2179, "hops":1, "rtt_latency":1137, "root_time_now":163940}
[Mote:19] Sensor IPv6 = fe80::213:13:13:13
[Mote:3] Sensor IPv6 = fe80::203:3:3:3
[Mote:1] {"node":"fd00::20a:a:a:a", "cpu_energy_mj":18, "lpm_energy_mj":0, "radio_tx_energy_mj":0, "radio_rx_energy_mj":8, "node_time":163151, "total_sent":4, "total_received":2, "bytes_tx":60, "bytes_rx":12, "r2n_latency":6534, "lqi":100, "rssi":-55, "server_sent":3, "server_received":6, "server_bytes_rx":60, "n2r_latency":1839, "hops":2, "rtt_latency":4492, "root_time_now":164990}
[Mote:8] Sensor IPv6 = fe80::208:8:8:8
[Mote:7] Sensor IPv6 = fe80::207:7:7:7
[Mote:1] {"node":"fd00::208:8:8:8", "cpu_energy_mj":18, "lpm_energy_mj":0, "radio_tx_energy_mj":0, "radio_rx_energy_mj":9, "node_time":167406, "total_sent":6, "total_received":5, "bytes_tx":60, "bytes_rx":12, "r2n_latency":2764, "lqi":100, "rssi":-88, "server_sent":5, "server_received":11, "server_bytes_rx":60, "n2r_latency":244, "hops":2, "rtt_latency":1487, "root_time_now":167650}
[Mote:1] {"node":"fd00::205:5:5:5", "cpu_energy_mj":19, "lpm_energy_mj":0, "radio_tx_energy_mj":1, "radio_rx_energy_mj":7, "node_time":162198, "total_sent":14, "total_received":14, "bytes_tx":60, "bytes_rx":12, "r2n_latency":34, "lqi":100, "rssi":-85, "server_sent":14, "server_received":28, "server_bytes_rx":60, "n2r_latency":5662, "hops":0, "rtt_latency":2817, "root_time_now":167860}
[Mote:1] {"node":"fd00::20d:d:d:d", "cpu_energy_mj":18, "lpm_energy_mj":0, "radio_tx_energy_mj":1, "radio_rx_energy_mj":8, "node_time":162295, "total_sent":8, "total_received":7, "bytes_tx":60, "bytes_rx":12, "r2n_latency":1784, "lqi":100, "rssi":-87, "server_sent":7, "server_received":15, "server_bytes_rx":60, "n2r_latency":5705, "hops":1, "rtt_latency":3902, "root_time_now":168000}
[Mote:2] Sensor IPv6 = fe80::202:2:2:2
[Mote:1] {"node":"fd00::202:2:2:2", "cpu_energy_mj":18, "lpm_energy_mj":0, "radio_tx_energy_mj":0, "radio_rx_energy_mj":8, "node_time":168337, "total_sent":15, "total_received":14, "bytes_tx":60, "bytes_rx":12, "r2n_latency":174, "lqi":100, "rssi":-84, "server_sent":14, "server_received":29, "server_bytes_rx":60, "n2r_latency":83, "hops":0, "rtt_latency":752, "root_time_now":168420}
[Mote:15] Not reachable yet
[Mote:1] {"node":"fd00::207:7:7:7", "cpu_energy_mj":18, "lpm_energy_mj":0, "radio_tx_energy_mj":1, "radio_rx_energy_mj":8, "node_time":167619, "total_sent":9, "total_received":8, "bytes_tx":60, "bytes_rx":12, "r2n_latency":1294, "lqi":100, "rssi":-88, "server_sent":8, "server_received":17, "server_bytes_rx":60, "n2r_latency":871, "hops":1, "rtt_latency":997, "root_time_now":168490}
[Mote:18] Sensor IPv6 = fe80::212:12:12:12
[Mote:4] Sensor IPv6 = fe80::204:4:4:4
[Mote:1] {"node":"fd00::203:3:3:3", "cpu_energy_mj":18, "lpm_energy_mj":0, "radio_tx_energy_mj":0, "radio_rx_energy_mj":8, "node_time":164728, "total_sent":2, "total_received":0, "bytes_tx":60, "bytes_rx":0, "r2n_latency":0, "lqi":0, "rssi":0, "server_sent":1, "server_received":2, "server_bytes_rx":60, "n2r_latency":4322, "hops":3, "rtt_latency":0, "root_time_now":169050}
[Mote:1] {"node":"fd00::213:13:13:13", "cpu_energy_mj":19, "lpm_energy_mj":0, "radio_tx_energy_mj":0, "radio_rx_energy_mj":9, "node_time":164241, "total_sent":5, "total_received":1, "bytes_tx":60, "bytes_rx":12, "r2n_latency":1694, "lqi":100, "rssi":-76, "server_sent":3, "server_received":4, "server_bytes_rx":60, "n2r_latency":4879, "hops":2, "rtt_latency":4032, "root_time_now":169120}
[Mote:9] Not reachable yet
[Mote:1] {"node":"fd00::204:4:4:4", "cpu_energy_mj":19, "lpm_energy_mj":0, "radio_tx_energy_mj":0, "radio_rx_energy_mj":8, "node_time":168849, "total_sent":5, "total_received":4, "bytes_tx":60, "bytes_rx":12, "r2n_latency":2554, "lqi":100, "rssi":-83, "server_sent":4, "server_received":9, "server_bytes_rx":60, "n2r_latency":971, "hops":2, "rtt_latency":4042, "root_time_now":169820}
[Mote:16] Sensor IPv6 = fe80::210:10:10:10
[Mote:11] Sensor IPv6 = fe80::20b:b:b:b
[Mote:14] Not reachable yet
[Mote:13] Sensor IPv6 = fe80::20d:d:d:d
[Mote:5] Sensor IPv6 = fe80::205:5:5:5
[Mote:1] {"node":"fd00::205:5:5:5", "cpu_energy_mj":19, "lpm_energy_mj":0, "radio_tx_energy_mj":1, "radio_rx_energy_mj":7, "node_time":172990, "total_sent":15, "total_received":15, "bytes_tx":60, "bytes_rx":12, "r2n_latency":254, "lqi":100, "rssi":-85, "server_sent":15, "server_received":30, "server_bytes_rx":60, "n2r_latency":120, "hops":0, "rtt_latency":792, "root_time_now":173110}
[Mote:10] Sensor IPv6 = fe80::20a:a:a:a
[Mote:1] {"node":"fd00::20b:b:b:b", "cpu_energy_mj":18, "lpm_energy_mj":0, "radio_tx_energy_mj":0, "radio_rx_energy_mj":8, "node_time":171884, "total_sent":12, "total_received":11, "bytes_tx":60, "bytes_rx":12, "r2n_latency":1304, "lqi":100, "rssi":-87, "server_sent":11, "server_received":23, "server_bytes_rx":60, "n2r_latency":1576, "hops":1, "rtt_latency":1667, "root_time_now":173460}
[Mote:12] Sensor IPv6 = fe80::20c:c:c:c
[Mote:17] Not reachable yet
[Mote:6] Sensor IPv6 = fe80::206:6:6:6
[Mote:1] {"node":"fd00::210:10:10:10", "cpu_energy_mj":18, "lpm_energy_mj":0, "radio_tx_energy_mj":1, "radio_rx_energy_mj":8, "node_time":170639, "total_sent":4, "total_received":0, "bytes_tx":60, "bytes_rx":0, "r2n_latency":0, "lqi":0, "rssi":0, "server_sent":3, "server_received":2, "server_bytes_rx":60, "n2r_latency":4151, "hops":1, "rtt_latency":0, "root_time_now":174790}
[Mote:3] Sensor IPv6 = fe80::203:3:3:3
[Mote:19] Sensor IPv6 = fe80::213:13:13:13
[Mote:8] Sensor IPv6 = fe80::208:8:8:8
[Mote:7] Sensor IPv6 = fe80::207:7:7:7
[Mote:1] {"node":"fd00::206:6:6:6", "cpu_energy_mj":19, "lpm_energy_mj":0, "radio_tx_energy_mj":1, "radio_rx_energy_mj":8, "node_time":174718, "total_sent":13, "total_received":13, "bytes_tx":60, "bytes_rx":12, "r2n_latency":464, "lqi":100, "rssi":-80, "server_sent":13, "server_received":26, "server_bytes_rx":60, "n2r_latency":4132, "hops":0, "rtt_latency":1107, "root_time_now":178850}
[Mote:2] Sensor IPv6 = fe80::202:2:2:2
[Mote:15] Not reachable yet
[Mote:1] {"node":"fd00::20a:a:a:a", "cpu_energy_mj":18, "lpm_energy_mj":0, "radio_tx_energy_mj":0, "radio_rx_energy_mj":8, "node_time":173338, "total_sent":5, "total_received":4, "bytes_tx":60, "bytes_rx":12, "r2n_latency":2144, "lqi":100, "rssi":-55, "server_sent":4, "server_received":9, "server_bytes_rx":60, "n2r_latency":5652, "hops":2, "rtt_latency":3557, "root_time_now":178990}
[Mote:1] {"node":"fd00::20d:d:d:d", "cpu_energy_mj":18, "lpm_energy_mj":0, "radio_tx_energy_mj":1, "radio_rx_energy_mj":7, "node_time":172409, "total_sent":9, "total_received":7, "bytes_tx":60, "bytes_rx":12, "r2n_latency":1784, "lqi":100, "rssi":-87, "server_sent":8, "server_received":16, "server_bytes_rx":60, "n2r_latency":6791, "hops":1, "rtt_latency":3902, "root_time_now":179200}
[Mote:18] Sensor IPv6 = fe80::212:12:12:12
[Mote:4] Sensor IPv6 = fe80::204:4:4:4
[Mote:1] {"node":"fd00::202:2:2:2", "cpu_energy_mj":18, "lpm_energy_mj":0, "radio_tx_energy_mj":0, "radio_rx_energy_mj":8, "node_time":178866, "total_sent":16, "total_received":15, "bytes_tx":60, "bytes_rx":12, "r2n_latency":114, "lqi":100, "rssi":-84, "server_sent":15, "server_received":31, "server_bytes_rx":60, "n2r_latency":684, "hops":0, "rtt_latency":1177, "root_time_now":179550}
[Mote:9] Not reachable yet
[Mote:16] Sensor IPv6 = fe80::210:10:10:10
[Mote:1] {"node":"fd00::210:10:10:10", "cpu_energy_mj":18, "lpm_energy_mj":0, "radio_tx_energy_mj":1, "radio_rx_energy_mj":7, "node_time":180672, "total_sent":5, "total_received":1, "bytes_tx":60, "bytes_rx":12, "r2n_latency":5854, "lqi":100, "rssi":-78, "server_sent":4, "server_received":4, "server_bytes_rx":60, "n2r_latency":348, "hops":1, "rtt_latency":4327, "root_time_now":181020}
[Mote:11] Sensor IPv6 = fe80::20b:b:b:b
[Mote:13] Sensor IPv6 = fe80::20d:d:d:d
[Mote:1] {"node":"fd00::20b:b:b:b", "cpu_energy_mj":18, "lpm_energy_mj":0, "radio_tx_energy_mj":0, "radio_rx_energy_mj":8, "node_time":182007, "total_sent":13, "total_received":12, "bytes_tx":60, "bytes_rx":12, "r2n_latency":616, "lqi":100, "rssi":-87, "server_sent":12, "server_received":25, "server_bytes_rx":60, "n2r_latency":763, "hops":1, "rtt_latency":588, "root_time_now":182770}
[Mote:1] {"node":"fd00::208:8:8:8", "cpu_energy_mj":18, "lpm_energy_mj":0, "radio_tx_energy_mj":0, "radio_rx_energy_mj":9, "node_time":177886, "total_sent":7, "total_received":6, "bytes_tx":60, "bytes_rx":12, "r2n_latency":1794, "lqi":100, "rssi":-88, "server_sent":7, "server_received":13, "server_bytes_rx":60, "n2r_latency":5024, "hops":2, "rtt_latency":3522, "root_time_now":182910}
[Mote:1] {"node":"fd00::207:7:7:7", "cpu_energy_mj":18, "lpm_energy_mj":0, "radio_tx_energy_mj":1, "radio_rx_energy_mj":8, "node_time":178095, "total_sent":10, "total_received":9, "bytes_tx":60, "bytes_rx":12, "r2n_latency":814, "lqi":100, "rssi":-88, "server_sent":10, "server_received":19, "server_bytes_rx":60, "n2r_latency":4885, "hops":1, "rtt_latency":1212, "root_time_now":182980}
[Mote:14] Not reachable yet
[Mote:10] Sensor IPv6 = fe80::20a:a:a:a
[Mote:5] Sensor IPv6 = fe80::205:5:5:5
[Mote:12] Not reachable yet
[Mote:17] Sensor IPv6 = fe80::211:11:11:11
[Mote:1] {"node":"fd00::203:3:3:3", "cpu_energy_mj":18, "lpm_energy_mj":0, "radio_tx_energy_mj":0, "radio_rx_energy_mj":8, "node_time":174990, "total_sent":3, "total_received":1, "bytes_tx":60, "bytes_rx":12, "r2n_latency":9554, "lqi":100, "rssi":-74, "server_sent":3, "server_received":4, "server_bytes_rx":60, "n2r_latency":9530, "hops":3, "rtt_latency":7682, "root_time_now":184520}
[Mote:3] Sensor IPv6 = fe80::203:3:3:3
[Mote:6] Sensor IPv6 = fe80::206:6:6:6
[Mote:1] {"node":"fd00::206:6:6:6", "cpu_energy_mj":19, "lpm_energy_mj":0, "radio_tx_energy_mj":1, "radio_rx_energy_mj":7, "node_time":185646, "total_sent":14, "total_received":14, "bytes_tx":60, "bytes_rx":12, "r2n_latency":1596, "lqi":100, "rssi":-80, "server_sent":14, "server_received":28, "server_bytes_rx":60, "n2r_latency":64, "hops":0, "rtt_latency":2198, "root_time_now":185710}
[Mote:19] Sensor IPv6 = fe80::213:13:13:13
[Mote:1] {"node":"fd00::204:4:4:4", "cpu_energy_mj":19, "lpm_energy_mj":0, "radio_tx_energy_mj":1, "radio_rx_energy_mj":8, "node_time":179403, "total_sent":6, "total_received":5, "bytes_tx":60, "bytes_rx":12, "r2n_latency":2914, "lqi":100, "rssi":-83, "server_sent":6, "server_received":11, "server_bytes_rx":60, "n2r_latency":6937, "hops":2, "rtt_latency":6182, "root_time_now":186340}
[Mote:1] {"node":"fd00::213:13:13:13", "cpu_energy_mj":19, "lpm_energy_mj":0, "radio_tx_energy_mj":0, "radio_rx_energy_mj":9, "node_time":175170, "total_sent":6, "total_received":2, "bytes_tx":60, "bytes_rx":12, "r2n_latency":3824, "lqi":100, "rssi":-30, "server_sent":5, "server_received":6, "server_bytes_rx":60, "n2r_latency":11240, "hops":2, "rtt_latency":6217, "root_time_now":186410}
[Mote:1] {"node":"fd00::20d:d:d:d", "cpu_energy_mj":18, "lpm_energy_mj":0, "radio_tx_energy_mj":1, "radio_rx_energy_mj":7, "node_time":182520, "total_sent":10, "total_received":8, "bytes_tx":60, "bytes_rx":12, "r2n_latency":2634, "lqi":100, "rssi":-87, "server_sent":9, "server_received":18, "server_bytes_rx":60, "n2r_latency":3960, "hops":1, "rtt_latency":4887, "root_time_now":186480}
[Mote:1] {"node":"fd00::205:5:5:5", "cpu_energy_mj":19, "lpm_energy_mj":0, "radio_tx_energy_mj":2, "radio_rx_energy_mj":7, "node_time":183781, "total_sent":16, "total_received":15, "bytes_tx":60, "bytes_rx":12, "r2n_latency":254, "lqi":100, "rssi":-85, "server_sent":16, "server_received":31, "server_bytes_rx":60, "n2r_latency":3539, "hops":0, "rtt_latency":792, "root_time_now":187320}
[Mote:1] {"node":"fd00::211:11:11:11", "cpu_energy_mj":331, "lpm_energy_mj":0, "radio_tx_energy_mj":2, "radio_rx_energy_mj":2698, "node_time":184371, "total_sent":1, "total_received":0, "bytes_tx":60, "bytes_rx":0, "r2n_latency":0, "lqi":0, "rssi":0, "server_sent":0, "server_received":1, "server_bytes_rx":60, "n2r_latency":3509, "hops":4, "rtt_latency":0, "root_time_now":187880}
[Mote:1] {"node":"fd00::203:3:3:3", "cpu_energy_mj":18, "lpm_energy_mj":0, "radio_tx_energy_mj":0, "radio_rx_energy_mj":8, "node_time":185253, "total_sent":4, "total_received":2, "bytes_tx":60, "bytes_rx":12, "r2n_latency":7814, "lqi":100, "rssi":-74, "server_sent":3, "server_received":6, "server_bytes_rx":60, "n2r_latency":2697, "hops":3, "rtt_latency":7372, "root_time_now":187950}
[Mote:1] {"node":"fd00::213:13:13:13", "cpu_energy_mj":19, "lpm_energy_mj":0, "radio_tx_energy_mj":0, "radio_rx_energy_mj":9, "node_time":186100, "total_sent":7, "total_received":2, "bytes_tx":60, "bytes_rx":12, "r2n_latency":3824, "lqi":100, "rssi":-30, "server_sent":5, "server_received":7, "server_bytes_rx":60, "n2r_latency":1920, "hops":2, "rtt_latency":6217, "root_time_now":188020}
[Mote:1] {"node":"fd00::20a:a:a:a", "cpu_energy_mj":18, "lpm_energy_mj":0, "radio_tx_energy_mj":0, "radio_rx_energy_mj":9, "node_time":183524, "total_sent":6, "total_received":4, "bytes_tx":60, "bytes_rx":12, "r2n_latency":2144, "lqi":100, "rssi":-55, "server_sent":5, "server_received":10, "server_bytes_rx":60, "n2r_latency":4636, "hops":2, "rtt_latency":3557, "root_time_now":188160}
[Mote:8] Sensor IPv6 = fe80::208:8:8:8
[Mote:7] Sensor IPv6 = fe80::207:7:7:7
[Mote:2] Sensor IPv6 = fe80::202:2:2:2
[Mote:1] {"node":"fd00::202:2:2:2", "cpu_energy_mj":18, "lpm_energy_mj":0, "radio_tx_energy_mj":0, "radio_rx_energy_mj":8, "node_time":189395, "total_sent":17, "total_received":16, "bytes_tx":60, "bytes_rx":12, "r2n_latency":196, "lqi":100, "rssi":-84, "server_sent":16, "server_received":33, "server_bytes_rx":60, "n2r_latency":25, "hops":0, "rtt_latency":238, "root_time_now":189420}
[Mote:15] Not reachable yet
[Mote:18] Sensor IPv6 = fe80::212:12:12:12
[Mote:4] Sensor IPv6 = fe80::204:4:4:4
[Mote:9] Not reachable yet
[Mote:16] Sensor IPv6 = fe80::210:10:10:10
[Mote:11] Sensor IPv6 = fe80::20b:b:b:b
[Mote:13] Sensor IPv6 = fe80::20d:d:d:d
[Mote:1] {"node":"fd00::204:4:4:4", "cpu_energy_mj":19, "lpm_energy_mj":0, "radio_tx_energy_mj":0, "radio_rx_energy_mj":8, "node_time":189957, "total_sent":7, "total_received":5, "bytes_tx":60, "bytes_rx":12, "r2n_latency":2914, "lqi":100, "rssi":-83, "server_sent":7, "server_received":12, "server_bytes_rx":60, "n2r_latency":3383, "hops":2, "rtt_latency":6182, "root_time_now":193340}
[Mote:1] {"node":"fd00::20b:b:b:b", "cpu_energy_mj":18, "lpm_energy_mj":0, "radio_tx_energy_mj":0, "radio_rx_energy_mj":8, "node_time":192130, "total_sent":14, "total_received":13, "bytes_tx":60, "bytes_rx":12, "r2n_latency":1534, "lqi":100, "rssi":-87, "server_sent":13, "server_received":27, "server_bytes_rx":60, "n2r_latency":1560, "hops":1, "rtt_latency":1432, "root_time_now":193690}
[Mote:10] Sensor IPv6 = fe80::20a:a:a:a
[Mote:14] Sensor IPv6 = fe80::20e:e:e:e
[Mote:5] Sensor IPv6 = fe80::205:5:5:5
[Mote:17] Sensor IPv6 = fe80::211:11:11:11
[Mote:1] {"node":"fd00::205:5:5:5", "cpu_energy_mj":19, "lpm_energy_mj":0, "radio_tx_energy_mj":2, "radio_rx_energy_mj":7, "node_time":194573, "total_sent":17, "total_received":16, "bytes_tx":60, "bytes_rx":12, "r2n_latency":8456, "lqi":100, "rssi":-85, "server_sent":17, "server_received":33, "server_bytes_rx":60, "n2r_latency":27, "hops":0, "rtt_latency":4333, "root_time_now":194600}
[Mote:12] Not reachable yet
[Mote:3] Sensor IPv6 = fe80::203:3:3:3
[Mote:1] {"node":"fd00::207:7:7:7", "cpu_energy_mj":18, "lpm_energy_mj":0, "radio_tx_energy_mj":1, "radio_rx_energy_mj":8, "node_time":188573, "total_sent":11, "total_received":10, "bytes_tx":60, "bytes_rx":12, "r2n_latency":2016, "lqi":100, "rssi":-88, "server_sent":11, "server_received":21, "server_bytes_rx":60, "n2r_latency":7357, "hops":1, "rtt_latency":2233, "root_time_now":195930}
[Mote:6] Sensor IPv6 = fe80::206:6:6:6
[Mote:1] {"node":"fd00::206:6:6:6", "cpu_energy_mj":19, "lpm_energy_mj":0, "radio_tx_energy_mj":1, "radio_rx_energy_mj":8, "node_time":196575, "total_sent":15, "total_received":15, "bytes_tx":60, "bytes_rx":12, "r2n_latency":414, "lqi":100, "rssi":-80, "server_sent":15, "server_received":30, "server_bytes_rx":60, "n2r_latency":265, "hops":0, "rtt_latency":2797, "root_time_now":196840}
[Mote:19] Sensor IPv6 = fe80::213:13:13:13
[Mote:1] {"node":"fd00::20d:d:d:d", "cpu_energy_mj":18, "lpm_energy_mj":0, "radio_tx_energy_mj":1, "radio_rx_energy_mj":8, "node_time":192633, "total_sent":11, "total_received":9, "bytes_tx":60, "bytes_rx":12, "r2n_latency":9296, "lqi":100, "rssi":-87, "server_sent":10, "server_received":20, "server_bytes_rx":60, "n2r_latency":5677, "hops":1, "rtt_latency":6503, "root_time_now":198310}
[Mote:8] Sensor IPv6 = fe80::208:8:8:8
[Mote:7] Sensor IPv6 = fe80::207:7:7:7
[Mote:1] {"node":"fd00::211:11:11:11", "cpu_energy_mj":18, "lpm_energy_mj":0, "radio_tx_energy_mj":0, "radio_rx_energy_mj":8, "node_time":194590, "total_sent":2, "total_received":0, "bytes_tx":60, "bytes_rx":0, "r2n_latency":0, "lqi":0, "rssi":0, "server_sent":1, "server_received":2, "server_bytes_rx":60, "n2r_latency":4770, "hops":4, "rtt_latency":0, "root_time_now":199360}
[Mote:1] {"node":"fd00::203:3:3:3", "cpu_energy_mj":18, "lpm_energy_mj":0, "radio_tx_energy_mj":0, "radio_rx_energy_mj":8, "node_time":195517, "total_sent":5, "total_received":3, "bytes_tx":60, "bytes_rx":12, "r2n_latency":14406, "lqi":100, "rssi":-74, "server_sent":4, "server_received":8, "server_bytes_rx":60, "n2r_latency":4123, "hops":3, "rtt_latency":9198, "root_time_now":199640}
[Mote:2] Sensor IPv6 = fe80::202:2:2:2
[Mote:15] Not reachable yet
[Mote:18] Sensor IPv6 = fe80::212:12:12:12
[Mote:4] Sensor IPv6 = fe80::204:4:4:4
[Mote:16] Sensor IPv6 = fe80::210:10:10:10
[Mote:9] Not reachable yet
[Mote:11] Sensor IPv6 = fe80::20b:b:b:b
[Mote:13] Sensor IPv6 = fe80::20d:d:d:d
[Mote:10] Sensor IPv6 = fe80::20a:a:a:a
[Mote:14] Sensor IPv6 = fe80::20e:e:e:e
[Mote:17] Sensor IPv6 = fe80::211:11:11:11
[Mote:1] {"node":"fd00::20a:a:a:a", "cpu_energy_mj":18, "lpm_energy_mj":0, "radio_tx_energy_mj":0, "radio_rx_energy_mj":8, "node_time":193712, "total_sent":7, "total_received":6, "bytes_tx":60, "bytes_rx":12, "r2n_latency":1814, "lqi":100, "rssi":-55, "server_sent":7, "server_received":13, "server_bytes_rx":60, "n2r_latency":11108, "hops":2, "rtt_latency":3707, "root_time_now":204820}
[Mote:1] {"node":"fd00::20e:e:e:e", "cpu_energy_mj":77, "lpm_energy_mj":0, "radio_tx_energy_mj":1, "radio_rx_energy_mj":36, "node_time":193787, "total_sent":7, "total_received":4, "bytes_tx":60, "bytes_rx":12, "r2n_latency":732, "lqi":100, "rssi":-78, "server_sent":11, "server_received":8, "server_bytes_rx":60, "n2r_latency":11103, "hops":3, "rtt_latency":3092, "root_time_now":204890}
[Mote:5] Sensor IPv6 = fe80::205:5:5:5
[Mote:3] Sensor IPv6 = fe80::203:3:3:3
[Mote:12] Not reachable yet
[Mote:1] {"node":"fd00::208:8:8:8", "cpu_energy_mj":18, "lpm_energy_mj":0, "radio_tx_energy_mj":0, "radio_rx_energy_mj":9, "node_time":198855, "total_sent":9, "total_received":8, "bytes_tx":60, "bytes_rx":12, "r2n_latency":2024, "lqi":100, "rssi":-88, "server_sent":9, "server_received":16, "server_bytes_rx":60, "n2r_latency":7225, "hops":2, "rtt_latency":3112, "root_time_now":206080}
[Mote:1] {"node":"fd00::207:7:7:7", "cpu_energy_mj":18, "lpm_energy_mj":0, "radio_tx_energy_mj":1, "radio_rx_energy_mj":7, "node_time":199047, "total_sent":12, "total_received":11, "bytes_tx":60, "bytes_rx":12, "r2n_latency":624, "lqi":100, "rssi":-88, "server_sent":12, "server_received":23, "server_bytes_rx":60, "n2r_latency":7103, "hops":1, "rtt_latency":3042, "root_time_now":206150}
[Mote:1] {"node":"fd00::212:12:12:12", "cpu_energy_mj":18, "lpm_energy_mj":0, "radio_tx_energy_mj":0, "radio_rx_energy_mj":8, "node_time":200378, "total_sent":5, "total_received":0, "bytes_tx":60, "bytes_rx":0, "r2n_latency":0, "lqi":0, "rssi":0, "server_sent":0, "server_received":1, "server_bytes_rx":60, "n2r_latency":6402, "hops":3, "rtt_latency":0, "root_time_now":206780}
[Mote:6] Sensor IPv6 = fe80::206:6:6:6
[Mote:1] {"node":"fd00::204:4:4:4", "cpu_energy_mj":19, "lpm_energy_mj":0, "radio_tx_energy_mj":0, "radio_rx_energy_mj":8, "node_time":200515, "total_sent":8, "total_received":7, "bytes_tx":60, "bytes_rx":12, "r2n_latency":8674, "lqi":100, "rssi":-83, "server_sent":8, "server_received":15, "server_bytes_rx":60, "n2r_latency":7315, "hops":2, "rtt_latency":8677, "root_time_now":207830}
[Mote:19] Sensor IPv6 = fe80::213:13:13:13
[Mote:1] {"node":"fd00::20d:d:d:d", "cpu_energy_mj":18, "lpm_energy_mj":0, "radio_tx_energy_mj":2, "radio_rx_energy_mj":7, "node_time":202746, "total_sent":12, "total_received":10, "bytes_tx":60, "bytes_rx":12, "r2n_latency":7834, "lqi":100, "rssi":-87, "server_sent":11, "server_received":22, "server_bytes_rx":60, "n2r_latency":5994, "hops":1, "rtt_latency":8292, "root_time_now":208740}
[Mote:1] {"node":"fd00::20a:a:a:a", "cpu_energy_mj":18, "lpm_energy_mj":0, "radio_tx_energy_mj":1, "radio_rx_energy_mj":8, "node_time":203898, "total_sent":8, "total_received":7, "bytes_tx":60, "bytes_rx":12, "r2n_latency":3575, "lqi":100, "rssi":-55, "server_sent":7, "server_received":15, "server_bytes_rx":60, "n2r_latency":5262, "hops":2, "rtt_latency":3572, "root_time_now":209160}
[Mote:1] {"node":"fd00::206:6:6:6", "cpu_energy_mj":19, "lpm_energy_mj":0, "radio_tx_energy_mj":2, "radio_rx_energy_mj":7, "node_time":207504, "total_sent":16, "total_received":16, "bytes_tx":60, "bytes_rx":12, "r2n_latency":285, "lqi":100, "rssi":-80, "server_sent":16, "server_received":32, "server_bytes_rx":60, "n2r_latency":1796, "hops":0, "rtt_latency":3117, "root_time_now":209300}
[Mote:8] Sensor IPv6 = fe80::208:8:8:8
[Mote:7] Sensor IPv6 = fe80::207:7:7:7
[Mote:1] {"node":"fd00::205:5:5:5", "cpu_energy_mj":19, "lpm_energy_mj":0, "radio_tx_energy_mj":2, "radio_rx_energy_mj":7, "node_time":205366, "total_sent":18, "total_received":18, "bytes_tx":60, "bytes_rx":12, "r2n_latency":2665, "lqi":100, "rssi":-85, "server_sent":19, "server_received":36, "server_bytes_rx":60, "n2r_latency":5054, "hops":0, "rtt_latency":3957, "root_time_now":210420}
[Mote:2] Sensor IPv6 = fe80::202:2:2:2
[Mote:15] Not reachable yet
[Mote:16] Not reachable yet
[Mote:18] Sensor IPv6 = fe80::212:12:12:12
[Mote:4] Sensor IPv6 = fe80::204:4:4:4
[Mote:1] {"node":"fd00::20b:b:b:b", "cpu_energy_mj":18, "lpm_energy_mj":0, "radio_tx_energy_mj":0, "radio_rx_energy_mj":8, "node_time":202253, "total_sent":15, "total_received":14, "bytes_tx":60, "bytes_rx":12, "r2n_latency":2035, "lqi":100, "rssi":-87, "server_sent":15, "server_received":29, "server_bytes_rx":60, "n2r_latency":9077, "hops":1, "rtt_latency":5567, "root_time_now":211330}
[Mote:9] Not reachable yet
[Mote:11] Sensor IPv6 = fe80::20b:b:b:b
[Mote:13] Sensor IPv6 = fe80::20d:d:d:d
[Mote:10] Sensor IPv6 = fe80::20a:a:a:a
[Mote:1] {"node":"fd00::211:11:11:11", "cpu_energy_mj":18, "lpm_energy_mj":0, "radio_tx_energy_mj":0, "radio_rx_energy_mj":8, "node_time":204812, "total_sent":3, "total_received":1, "bytes_tx":60, "bytes_rx":12, "r2n_latency":12804, "lqi":100, "rssi":-93, "server_sent":3, "server_received":4, "server_bytes_rx":60, "n2r_latency":10088, "hops":4, "rtt_latency":10182, "root_time_now":214900}
[Mote:17] Sensor IPv6 = fe80::211:11:11:11
[Mote:14] Sensor IPv6 = fe80::20e:e:e:e
[Mote:3] Sensor IPv6 = fe80::203:3:3:3
[Mote:5] Sensor IPv6 = fe80::205:5:5:5
[Mote:1] {"node":"fd00::205:5:5:5", "cpu_energy_mj":19, "lpm_energy_mj":0, "radio_tx_energy_mj":2, "radio_rx_energy_mj":7, "node_time":216159, "total_sent":19, "total_received":19, "bytes_tx":60, "bytes_rx":12, "r2n_latency":5124, "lqi":100, "rssi":-85, "server_sent":19, "server_received":38, "server_bytes_rx":60, "n2r_latency":71, "hops":0, "rtt_latency":2702, "root_time_now":216230}
[Mote:1] {"node":"fd00::208:8:8:8", "cpu_energy_mj":18, "lpm_energy_mj":0, "radio_tx_energy_mj":0, "radio_rx_energy_mj":9, "node_time":209338, "total_sent":10, "total_received":9, "bytes_tx":60, "bytes_rx":12, "r2n_latency":3015, "lqi":100, "rssi":-88, "server_sent":10, "server_received":18, "server_bytes_rx":60, "n2r_latency":7172, "hops":2, "rtt_latency":3537, "root_time_now":216510}
[Mote:12] Not reachable yet
[Mote:1] {"node":"fd00::207:7:7:7", "cpu_energy_mj":18, "lpm_energy_mj":0, "radio_tx_energy_mj":1, "radio_rx_energy_mj":8, "node_time":209524, "total_sent":13, "total_received":12, "bytes_tx":60, "bytes_rx":12, "r2n_latency":425, "lqi":100, "rssi":-88, "server_sent":13, "server_received":25, "server_bytes_rx":60, "n2r_latency":7336, "hops":1, "rtt_latency":3362, "root_time_now":216860}
[Mote:1] {"node":"fd00::212:12:12:12", "cpu_energy_mj":18, "lpm_energy_mj":0, "radio_tx_energy_mj":1, "radio_rx_energy_mj":7, "node_time":210928, "total_sent":6, "total_received":0, "bytes_tx":60, "bytes_rx":0, "r2n_latency":0, "lqi":0, "rssi":0, "server_sent":1, "server_received":2, "server_bytes_rx":60, "n2r_latency":6352, "hops":3, "rtt_latency":0, "root_time_now":217280}
[Mote:1] {"node":"fd00::213:13:13:13", "cpu_energy_mj":19, "lpm_energy_mj":0, "radio_tx_energy_mj":0, "radio_rx_energy_mj":9, "node_time":207954, "total_sent":9, "total_received":4, "bytes_tx":60, "bytes_rx":12, "r2n_latency":10214, "lqi":100, "rssi":-30, "server_sent":8, "server_received":10, "server_bytes_rx":60, "n2r_latency":10166, "hops":2, "rtt_latency":8782, "root_time_now":218120}
[Mote:1] {"node":"fd00::204:4:4:4", "cpu_energy_mj":19, "lpm_energy_mj":0, "radio_tx_energy_mj":1, "radio_rx_energy_mj":8, "node_time":211073, "total_sent":9, "total_received":7, "bytes_tx":60, "bytes_rx":12, "r2n_latency":8674, "lqi":100, "rssi":-83, "server_sent":9, "server_received":16, "server_bytes_rx":60, "n2r_latency":7327, "hops":2, "rtt_latency":8677, "root_time_now":218400}
[Mote:6] Sensor IPv6 = fe80::206:6:6:6
[Mote:1] {"node":"fd00::206:6:6:6", "cpu_energy_mj":19, "lpm_energy_mj":0, "radio_tx_energy_mj":1, "radio_rx_energy_mj":9, "node_time":218433, "total_sent":17, "total_received":17, "bytes_tx":60, "bytes_rx":12, "r2n_latency":784, "lqi":100, "rssi":-80, "server_sent":17, "server_received":34, "server_bytes_rx":60, "n2r_latency":317, "hops":0, "rtt_latency":1617, "root_time_now":218750}
[Mote:19] Sensor IPv6 = fe80::213:13:13:13
[Mote:1] {"node":"fd00::20b:b:b:b", "cpu_energy_mj":18, "lpm_energy_mj":0, "radio_tx_energy_mj":0, "radio_rx_energy_mj":8, "node_time":212376, "total_sent":16, "total_received":14, "bytes_tx":60, "bytes_rx":12, "r2n_latency":2035, "lqi":100, "rssi":-87, "server_sent":15, "server_received":30, "server_bytes_rx":60, "n2r_latency":6934, "hops":2, "rtt_latency":5567, "root_time_now":219310}
[Mote:8] Sensor IPv6 = fe80::208:8:8:8
[Mote:7] Sensor IPv6 = fe80::207:7:7:7
[Mote:16] Not reachable yet
[Mote:2] Sensor IPv6 = fe80::202:2:2:2
[Mote:15] Not reachable yet
[Mote:18] Not reachable yet
[Mote:4] Sensor IPv6 = fe80::204:4:4:4
[Mote:1] {"node":"fd00::202:2:2:2", "cpu_energy_mj":18, "lpm_energy_mj":0, "radio_tx_energy_mj":1, "radio_rx_energy_mj":8, "node_time":220989, "total_sent":20, "total_received":19, "bytes_tx":60, "bytes_rx":12, "r2n_latency":16, "lqi":100, "rssi":-84, "server_sent":20, "server_received":37, "server_bytes_rx":60, "n2r_latency":1121, "hops":1, "rtt_latency":1582, "root_time_now":222110}
[Mote:9] Not reachable yet
[Mote:11] Sensor IPv6 = fe80::20b:b:b:b
[Mote:1] {"node":"fd00::20b:b:b:b", "cpu_energy_mj":18, "lpm_energy_mj":0, "radio_tx_energy_mj":0, "radio_rx_energy_mj":8, "node_time":222501, "total_sent":17, "total_received":15, "bytes_tx":60, "bytes_rx":12, "r2n_latency":4214, "lqi":100, "rssi":-87, "server_sent":16, "server_received":32, "server_bytes_rx":60, "n2r_latency":309, "hops":2, "rtt_latency":4802, "root_time_now":222810}
[Mote:13] Sensor IPv6 = fe80::20d:d:d:d
[Mote:10] Sensor IPv6 = fe80::20a:a:a:a
[Mote:1] {"node":"fd00::20d:d:d:d", "cpu_energy_mj":18, "lpm_energy_mj":0, "radio_tx_energy_mj":1, "radio_rx_energy_mj":8, "node_time":212859, "total_sent":13, "total_received":11, "bytes_tx":60, "bytes_rx":12, "r2n_latency":7285, "lqi":100, "rssi":-87, "server_sent":13, "server_received":24, "server_bytes_rx":60, "n2r_latency":11631, "hops":1, "rtt_latency":8157, "root_time_now":224490}
[Mote:17] Sensor IPv6 = fe80::211:11:11:11
[Mote:1] {"node":"fd00::213:13:13:13", "cpu_energy_mj":19, "lpm_energy_mj":0, "radio_tx_energy_mj":0, "radio_rx_energy_mj":9, "node_time":218882, "total_sent":10, "total_received":5, "bytes_tx":60, "bytes_rx":12, "r2n_latency":12115, "lqi":100, "rssi":-30, "server_sent":9, "server_received":12, "server_bytes_rx":60, "n2r_latency":7078, "hops":2, "rtt_latency":11657, "root_time_now":225960}
[Mote:14] Sensor IPv6 = fe80::20e:e:e:e
[Mote:3] Sensor IPv6 = fe80::203:3:3:3
[Mote:5] Sensor IPv6 = fe80::205:5:5:5
[Mote:12] Not reachable yet
[Mote:1] {"node":"fd00::205:5:5:5", "cpu_energy_mj":19, "lpm_energy_mj":0, "radio_tx_energy_mj":1, "radio_rx_energy_mj":7, "node_time":226950, "total_sent":20, "total_received":20, "bytes_tx":60, "bytes_rx":12, "r2n_latency":6395, "lqi":100, "rssi":-85, "server_sent":20, "server_received":40, "server_bytes_rx":60, "n2r_latency":1950, "hops":0, "rtt_latency":4352, "root_time_now":228900}
[Mote:6] Sensor IPv6 = fe80::206:6:6:6
[Mote:1] {"node":"fd00::206:6:6:6", "cpu_energy_mj":19, "lpm_energy_mj":0, "radio_tx_energy_mj":2, "radio_rx_energy_mj":8, "node_time":229362, "total_sent":18, "total_received":18, "bytes_tx":60, "bytes_rx":12, "r2n_latency":6605, "lqi":100, "rssi":-80, "server_sent":18, "server_received":36, "server_bytes_rx":60, "n2r_latency":308, "hops":0, "rtt_latency":4807, "root_time_now":229670}
[Mote:19] Sensor IPv6 = fe80::213:13:13:13
[Mote:8] Not reachable yet
[Mote:7] Not reachable yet
[Mote:16] Not reachable yet
[Mote:1] {"node":"fd00::211:11:11:11", "cpu_energy_mj":18, "lpm_energy_mj":0, "radio_tx_energy_mj":0, "radio_rx_energy_mj":8, "node_time":215032, "total_sent":4, "total_received":2, "bytes_tx":60, "bytes_rx":12, "r2n_latency":14705, "lqi":100, "rssi":-87, "server_sent":5, "server_received":6, "server_bytes_rx":60, "n2r_latency":16248, "hops":16, "rtt_latency":12882, "root_time_now":231280}
[Mote:2] Sensor IPv6 = fe80::202:2:2:2
[Mote:15] Not reachable yet
[Mote:18] Not reachable yet
[Mote:4] Sensor IPv6 = fe80::204:4:4:4
[Mote:11] Sensor IPv6 = fe80::20b:b:b:b
[Mote:9] Not reachable yet
[Mote:13] Not reachable yet
[Mote:10] Not reachable yet
[Mote:17] Sensor IPv6 = fe80::211:11:11:11
[Mote:1] {"node":"fd00::202:2:2:2", "cpu_energy_mj":18, "lpm_energy_mj":0, "radio_tx_energy_mj":0, "radio_rx_energy_mj":8, "node_time":231521, "total_sent":21, "total_received":20, "bytes_tx":60, "bytes_rx":12, "r2n_latency":9895, "lqi":100, "rssi":-90, "server_sent":21, "server_received":39, "server_bytes_rx":60, "n2r_latency":4239, "hops":1, "rtt_latency":6837, "root_time_now":235760}
[Mote:1] {"node":"fd00::20b:b:b:b", "cpu_energy_mj":18, "lpm_energy_mj":0, "radio_tx_energy_mj":0, "radio_rx_energy_mj":8, "node_time":232622, "total_sent":18, "total_received":16, "bytes_tx":60, "bytes_rx":12, "r2n_latency":10315, "lqi":100, "rssi":-87, "server_sent":17, "server_received":34, "server_bytes_rx":60, "n2r_latency":3488, "hops":2, "rtt_latency":7012, "root_time_now":236110}
[Mote:1] {"node":"fd00::203:3:3:3", "cpu_energy_mj":18, "lpm_energy_mj":0, "radio_tx_energy_mj":0, "radio_rx_energy_mj":8, "node_time":216044, "total_sent":7, "total_received":5, "bytes_tx":60, "bytes_rx":12, "r2n_latency":13935, "lqi":100, "rssi":-74, "server_sent":8, "server_received":11, "server_bytes_rx":60, "n2r_latency":20416, "hops":7, "rtt_latency":12847, "root_time_now":236460}
[Mote:3] Sensor IPv6 = fe80::203:3:3:3
[Mote:14] Not reachable yet
[Mote:1] {"node":"fd00::204:4:4:4", "cpu_energy_mj":19, "lpm_energy_mj":0, "radio_tx_energy_mj":2, "radio_rx_energy_mj":8, "node_time":221625, "total_sent":10, "total_received":9, "bytes_tx":60, "bytes_rx":12, "r2n_latency":10514, "lqi":100, "rssi":-83, "server_sent":11, "server_received":19, "server_bytes_rx":60, "n2r_latency":15255, "hops":2, "rtt_latency":10577, "root_time_now":236880}
[Mote:5] Sensor IPv6 = fe80::205:5:5:5
[Mote:12] Not reachable yet
[Mote:6] Sensor IPv6 = fe80::206:6:6:6
[Mote:1] {"node":"fd00::206:6:6:6", "cpu_energy_mj":19, "lpm_energy_mj":0, "radio_tx_energy_mj":2, "radio_rx_energy_mj":7, "node_time":240291, "total_sent":19, "total_received":19, "bytes_tx":60, "bytes_rx":12, "r2n_latency":8714, "lqi":100, "rssi":-80, "server_sent":20, "server_received":38, "server_bytes_rx":60, "n2r_latency":369, "hops":0, "rtt_latency":4427, "root_time_now":240660}
[Mote:19] Not reachable yet
[Mote:8] Not reachable yet
[Mote:16] Not reachable yet
[Mote:7] Not reachable yet
[Mote:2] Sensor IPv6 = fe80::202:2:2:2
[Mote:15] Not reachable yet
[Mote:18] Not reachable yet
[Mote:4] Sensor IPv6 = fe80::204:4:4:4
[Mote:11] Sensor IPv6 = fe80::20b:b:b:b
[Mote:13] Not reachable yet
[Mote:9] Not reachable yet
[Mote:10] Not reachable yet
[Mote:17] Sensor IPv6 = fe80::211:11:11:11
[Mote:3] Sensor IPv6 = fe80::203:3:3:3
[Mote:14] Not reachable yet
[Mote:1] {"node":"fd00::202:2:2:2", "cpu_energy_mj":18, "lpm_energy_mj":0, "radio_tx_energy_mj":0, "radio_rx_energy_mj":8, "node_time":242052, "total_sent":22, "total_received":20, "bytes_tx":60, "bytes_rx":12, "r2n_latency":9895, "lqi":100, "rssi":-90, "server_sent":22, "server_received":40, "server_bytes_rx":60, "n2r_latency":5958, "hops":1, "rtt_latency":6837, "root_time_now":248010}
[Mote:1] {"node":"fd00::20b:b:b:b", "cpu_energy_mj":18, "lpm_energy_mj":0, "radio_tx_energy_mj":0, "radio_rx_energy_mj":8, "node_time":242747, "total_sent":19, "total_received":16, "bytes_tx":60, "bytes_rx":12, "r2n_latency":10315, "lqi":100, "rssi":-87, "server_sent":18, "server_received":35, "server_bytes_rx":60, "n2r_latency":5333, "hops":2, "rtt_latency":7012, "root_time_now":248080}
[Mote:5] Sensor IPv6 = fe80::205:5:5:5
[Mote:12] Not reachable yet
[Mote:16] Not reachable yet
[Mote:1] {"node":"fd00::20d:d:d:d", "cpu_energy_mj":18, "lpm_energy_mj":0, "radio_tx_energy_mj":2, "radio_rx_energy_mj":7, "node_time":222973, "total_sent":14, "total_received":12, "bytes_tx":60, "bytes_rx":12, "r2n_latency":10234, "lqi":100, "rssi":-87, "server_sent":16, "server_received":27, "server_bytes_rx":60, "n2r_latency":28187, "hops":3, "rtt_latency":8762, "root_time_now":251160}
[Mote:6] Sensor IPv6 = fe80::206:6:6:6
[Mote:8] Not reachable yet
[Mote:7] Not reachable yet
[Mote:19] Not reachable yet
[Mote:2] Sensor IPv6 = fe80::202:2:2:2
[Mote:15] Not reachable yet
[Mote:11] Sensor IPv6 = fe80::20b:b:b:b
[Mote:18] Not reachable yet
[Mote:4] Sensor IPv6 = fe80::204:4:4:4
[Mote:13] Not reachable yet
[Mote:1] {"node":"fd00::205:5:5:5", "cpu_energy_mj":19, "lpm_energy_mj":0, "radio_tx_energy_mj":3, "radio_rx_energy_mj":6, "node_time":237741, "total_sent":21, "total_received":21, "bytes_tx":60, "bytes_rx":12, "r2n_latency":34, "lqi":100, "rssi":-85, "server_sent":23, "server_received":42, "server_bytes_rx":60, "n2r_latency":16009, "hops":0, "rtt_latency":542, "root_time_now":253750}
[Mote:9] Not reachable yet
[Mote:10] Not reachable yet
[Mote:1] {"node":"fd00::206:6:6:6", "cpu_energy_mj":19, "lpm_energy_mj":0, "radio_tx_energy_mj":2, "radio_rx_energy_mj":7, "node_time":251220, "total_sent":20, "total_received":20, "bytes_tx":60, "bytes_rx":12, "r2n_latency":955, "lqi":100, "rssi":-80, "server_sent":21, "server_received":40, "server_bytes_rx":60, "n2r_latency":4420, "hops":0, "rtt_latency":547, "root_time_now":255640}
[Mote:17] Not reachable yet
[Mote:3] Sensor IPv6 = fe80::203:3:3:3
[Mote:1] {"node":"fd00::202:2:2:2", "cpu_energy_mj":18, "lpm_energy_mj":0, "radio_tx_energy_mj":1, "radio_rx_energy_mj":8, "node_time":252583, "total_sent":23, "total_received":23, "bytes_tx":60, "bytes_rx":12, "r2n_latency":614, "lqi":100, "rssi":-90, "server_sent":23, "server_received":44, "server_bytes_rx":60, "n2r_latency":4667, "hops":1, "rtt_latency":2687, "root_time_now":257250}
[Mote:1] {"node":"fd00::20b:b:b:b", "cpu_energy_mj":18, "lpm_energy_mj":0, "radio_tx_energy_mj":0, "radio_rx_energy_mj":8, "node_time":252868, "total_sent":20, "total_received":18, "bytes_tx":60, "bytes_rx":12, "r2n_latency":8865, "lqi":100, "rssi":-87, "server_sent":19, "server_received":38, "server_bytes_rx":60, "n2r_latency":4662, "hops":2, "rtt_latency":7477, "root_time_now":257530}
[Mote:14] Not reachable yet
[Mote:1] {"node":"fd00::203:3:3:3", "cpu_energy_mj":18, "lpm_energy_mj":0, "radio_tx_energy_mj":0, "radio_rx_energy_mj":8, "node_time":236573, "total_sent":9, "total_received":8, "bytes_tx":60, "bytes_rx":12, "r2n_latency":2834, "lqi":100, "rssi":-74, "server_sent":10, "server_received":12, "server_bytes_rx":60, "n2r_latency":22217, "hops":3, "rtt_latency":12847, "root_time_now":258790}
[Mote:5] Sensor IPv6 = fe80::205:5:5:5
[Mote:1] {"node":"fd00::205:5:5:5", "cpu_energy_mj":19, "lpm_energy_mj":0, "radio_tx_energy_mj":4, "radio_rx_energy_mj":5, "node_time":259325, "total_sent":23, "total_received":22, "bytes_tx":60, "bytes_rx":12, "r2n_latency":45, "lqi":100, "rssi":-85, "server_sent":23, "server_received":44, "server_bytes_rx":60, "n2r_latency":25, "hops":0, "rtt_latency":6952, "root_time_now":259350}
[Mote:12] Not reachable yet
[Mote:16] Not reachable yet
[Mote:8] Not reachable yet
[Mote:7] Not reachable yet
[Mote:6] Sensor IPv6 = fe80::206:6:6:6
[Mote:19] Not reachable yet
[Mote:1] {"node":"fd00::206:6:6:6", "cpu_energy_mj":19, "lpm_energy_mj":0, "radio_tx_energy_mj":2, "radio_rx_energy_mj":7, "node_time":262149, "total_sent":21, "total_received":22, "bytes_tx":60, "bytes_rx":12, "r2n_latency":694, "lqi":100, "rssi":-80, "server_sent":22, "server_received":43, "server_bytes_rx":60, "n2r_latency":561, "hops":0, "rtt_latency":382, "root_time_now":262710}
[Mote:1] {"node":"fd00::204:4:4:4", "cpu_energy_mj":19, "lpm_energy_mj":0, "radio_tx_energy_mj":2, "radio_rx_energy_mj":8, "node_time":242738, "total_sent":12, "total_received":12, "bytes_tx":60, "bytes_rx":12, "r2n_latency":2635, "lqi":100, "rssi":-83, "server_sent":14, "server_received":21, "server_bytes_rx":60, "n2r_latency":20042, "hops":2, "rtt_latency":9437, "root_time_now":262780}
[Mote:11] Sensor IPv6 = fe80::20b:b:b:b
[Mote:2] Sensor IPv6 = fe80::202:2:2:2
[Mote:15] Not reachable yet
[Mote:1] {"node":"fd00::202:2:2:2", "cpu_energy_mj":18, "lpm_energy_mj":0, "radio_tx_energy_mj":0, "radio_rx_energy_mj":8, "node_time":263113, "total_sent":24, "total_received":24, "bytes_tx":60, "bytes_rx":12, "r2n_latency":274, "lqi":100, "rssi":-90, "server_sent":24, "server_received":46, "server_bytes_rx":60, "n2r_latency":157, "hops":1, "rtt_latency":207, "root_time_now":263270}
[Mote:13] Not reachable yet
[Mote:18] Not reachable yet
[Mote:4] Sensor IPv6 = fe80::204:4:4:4
[Mote:9] Not reachable yet
[Mote:10] Not reachable yet
[Mote:17] Not reachable yet
[Mote:3] Sensor IPv6 = fe80::203:3:3:3
[Mote:1] {"node":"fd00::20b:b:b:b", "cpu_energy_mj":18, "lpm_energy_mj":0, "radio_tx_energy_mj":0, "radio_rx_energy_mj":8, "node_time":262990, "total_sent":21, "total_received":20, "bytes_tx":60, "bytes_rx":12, "r2n_latency":2304, "lqi":100, "rssi":-87, "server_sent":20, "server_received":41, "server_bytes_rx":60, "n2r_latency":5390, "hops":2, "rtt_latency":3182, "root_time_now":268380}
[Mote:14] Not reachable yet
[Mote:1] {"node":"fd00::203:3:3:3", "cpu_energy_mj":18, "lpm_energy_mj":0, "radio_tx_energy_mj":0, "radio_rx_energy_mj":8, "node_time":246838, "total_sent":10, "total_received":8, "bytes_tx":60, "bytes_rx":12, "r2n_latency":2834, "lqi":100, "rssi":-74, "server_sent":11, "server_received":13, "server_bytes_rx":60, "n2r_latency":23012, "hops":3, "rtt_latency":12847, "root_time_now":269850}
[Mote:5] Sensor IPv6 = fe80::205:5:5:5
[Mote:1] {"node":"fd00::203:3:3:3", "cpu_energy_mj":18, "lpm_energy_mj":0, "radio_tx_energy_mj":1, "radio_rx_energy_mj":8, "node_time":226309, "total_sent":8, "total_received":6, "bytes_tx":60, "bytes_rx":12, "r2n_latency":14434, "lqi":100, "rssi":-74, "server_sent":12, "server_received":15, "server_bytes_rx":60, "n2r_latency":44171, "hops":5, "rtt_latency":14967, "root_time_now":270480}
[Mote:16] Not reachable yet
[Mote:12] Not reachable yet
[Mote:8] Not reachable yet
[Mote:7] Not reachable yet
[Mote:6] Sensor IPv6 = fe80::206:6:6:6
[Mote:11] Sensor IPv6 = fe80::20b:b:b:b
[Mote:1] {"node":"fd00::206:6:6:6", "cpu_energy_mj":19, "lpm_energy_mj":0, "radio_tx_energy_mj":1, "radio_rx_energy_mj":7, "node_time":273078, "total_sent":22, "total_received":22, "bytes_tx":60, "bytes_rx":12, "r2n_latency":694, "lqi":100, "rssi":-80, "server_sent":23, "server_received":44, "server_bytes_rx":60, "n2r_latency":132, "hops":0, "rtt_latency":382, "root_time_now":273210}
[Mote:19] Not reachable yet
[Mote:13] Not reachable yet
[Mote:2] Sensor IPv6 = fe80::202:2:2:2
[Mote:15] Not reachable yet
[Mote:18] Not reachable yet
[Mote:4] Not reachable yet
[Mote:9] Not reachable yet
[Mote:10] Not reachable yet
[Mote:17] Not reachable yet
[Mote:3] Not reachable yet
[Mote:1] {"node":"fd00::204:4:4:4", "cpu_energy_mj":19, "lpm_energy_mj":0, "radio_tx_energy_mj":2, "radio_rx_energy_mj":7, "node_time":253294, "total_sent":13, "total_received":12, "bytes_tx":60, "bytes_rx":12, "r2n_latency":2635, "lqi":100, "rssi":-83, "server_sent":15, "server_received":22, "server_bytes_rx":60, "n2r_latency":24466, "hops":2, "rtt_latency":9437, "root_time_now":277760}
[Mote:1] {"node":"fd00::205:5:5:5", "cpu_energy_mj":19, "lpm_energy_mj":0, "radio_tx_energy_mj":1, "radio_rx_energy_mj":8, "node_time":248534, "total_sent":22, "total_received":22, "bytes_tx":60, "bytes_rx":12, "r2n_latency":45, "lqi":100, "rssi":-85, "server_sent":25, "server_received":45, "server_bytes_rx":60, "n2r_latency":29506, "hops":2, "rtt_latency":6952, "root_time_now":278040}
[Mote:1] {"node":"fd00::203:3:3:3", "cpu_energy_mj":18, "lpm_energy_mj":0, "radio_tx_energy_mj":0, "radio_rx_energy_mj":8, "node_time":257101, "total_sent":11, "total_received":9, "bytes_tx":60, "bytes_rx":12, "r2n_latency":9705, "lqi":100, "rssi":-74, "server_sent":12, "server_received":18, "server_bytes_rx":60, "n2r_latency":21289, "hops":3, "rtt_latency":23852, "root_time_now":278390}
[Mote:1] {"node":"fd00::202:2:2:2", "cpu_energy_mj":18, "lpm_energy_mj":0, "radio_tx_energy_mj":0, "radio_rx_energy_mj":8, "node_time":273645, "total_sent":25, "total_received":25, "bytes_tx":60, "bytes_rx":12, "r2n_latency":565, "lqi":100, "rssi":-90, "server_sent":25, "server_received":48, "server_bytes_rx":60, "n2r_latency":5795, "hops":1, "rtt_latency":737, "root_time_now":279440}
[Mote:14] Not reachable yet
[Mote:5] Sensor IPv6 = fe80::205:5:5:5
[Mote:16] Not reachable yet
[Mote:12] Not reachable yet
[Mote:8] Not reachable yet
[Mote:7] Not reachable yet
[Mote:11] Sensor IPv6 = fe80::20b:b:b:b
[Mote:13] Not reachable yet
[Mote:6] Sensor IPv6 = fe80::206:6:6:6
[Mote:2] Sensor IPv6 = fe80::202:2:2:2
[Mote:15] Not reachable yet
[Mote:1] {"node":"fd00::206:6:6:6", "cpu_energy_mj":19, "lpm_energy_mj":0, "radio_tx_energy_mj":1, "radio_rx_energy_mj":7, "node_time":284006, "total_sent":23, "total_received":24, "bytes_tx":60, "bytes_rx":12, "r2n_latency":1764, "lqi":100, "rssi":-80, "server_sent":24, "server_received":47, "server_bytes_rx":60, "n2r_latency":334, "hops":0, "rtt_latency":1302, "root_time_now":284340}
[Mote:19] Not reachable yet
[Mote:18] Not reachable yet
[Mote:4] Not reachable yet
[Mote:1] {"node":"fd00::20b:b:b:b", "cpu_energy_mj":18, "lpm_energy_mj":0, "radio_tx_energy_mj":0, "radio_rx_energy_mj":8, "node_time":283239, "total_sent":23, "total_received":21, "bytes_tx":60, "bytes_rx":12, "r2n_latency":6655, "lqi":100, "rssi":-87, "server_sent":22, "server_received":43, "server_bytes_rx":60, "n2r_latency":2081, "hops":2, "rtt_latency":4902, "root_time_now":285320}
[Mote:1] {"node":"fd00::202:2:2:2", "cpu_energy_mj":18, "lpm_energy_mj":0, "radio_tx_energy_mj":0, "radio_rx_energy_mj":8, "node_time":284178, "total_sent":26, "total_received":25, "bytes_tx":60, "bytes_rx":12, "r2n_latency":565, "lqi":100, "rssi":-90, "server_sent":26, "server_received":49, "server_bytes_rx":60, "n2r_latency":1212, "hops":1, "rtt_latency":737, "root_time_now":285390}
[Mote:10] Not reachable yet
[Mote:9] Not reachable yet
[Mote:17] Not reachable yet
[Mote:3] Sensor IPv6 = fe80::203:3:3:3
[Mote:1] {"node":"fd00::211:11:11:11", "cpu_energy_mj":18, "lpm_energy_mj":0, "radio_tx_energy_mj":0, "radio_rx_energy_mj":8, "node_time":245692, "total_sent":7, "total_received":5, "bytes_tx":60, "bytes_rx":12, "r2n_latency":4654, "lqi":100, "rssi":-66, "server_sent":10, "server_received":10, "server_bytes_rx":60, "n2r_latency":42848, "hops":4, "rtt_latency":25807, "root_time_now":288540}
[Mote:1] {"node":"fd00::205:5:5:5", "cpu_energy_mj":19, "lpm_energy_mj":0, "radio_tx_energy_mj":2, "radio_rx_energy_mj":7, "node_time":280910, "total_sent":25, "total_received":24, "bytes_tx":60, "bytes_rx":12, "r2n_latency":10295, "lqi":100, "rssi":-85, "server_sent":26, "server_received":48, "server_bytes_rx":60, "n2r_latency":8050, "hops":0, "rtt_latency":9417, "root_time_now":288960}
[Mote:14] Not reachable yet
[Mote:16] Not reachable yet
[Mote:5] Sensor IPv6 = fe80::205:5:5:5
[Mote:12] Not reachable yet
[Mote:1] {"node":"fd00::205:5:5:5", "cpu_energy_mj":19, "lpm_energy_mj":0, "radio_tx_energy_mj":2, "radio_rx_energy_mj":7, "node_time":291702, "total_sent":26, "total_received":25, "bytes_tx":60, "bytes_rx":12, "r2n_latency":9254, "lqi":100, "rssi":-85, "server_sent":27, "server_received":50, "server_bytes_rx":60, "n2r_latency":1038, "hops":0, "rtt_latency":4872, "root_time_now":292740}
[Mote:8] Not reachable yet
[Mote:7] Not reachable yet
[Mote:11] Sensor IPv6 = fe80::20b:b:b:b
[Mote:13] Not reachable yet
[Mote:2] Sensor IPv6 = fe80::202:2:2:2
[Mote:15] Not reachable yet
[Mote:6] Sensor IPv6 = fe80::206:6:6:6
[Mote:18] Not reachable yet
[Mote:19] Not reachable yet
[Mote:4] Not reachable yet
[Mote:10] Not reachable yet
[Mote:1] {"node":"fd00::206:6:6:6", "cpu_energy_mj":19, "lpm_energy_mj":0, "radio_tx_energy_mj":2, "radio_rx_energy_mj":7, "node_time":294935, "total_sent":24, "total_received":25, "bytes_tx":60, "bytes_rx":12, "r2n_latency":724, "lqi":100, "rssi":-80, "server_sent":25, "server_received":49, "server_bytes_rx":60, "n2r_latency":745, "hops":0, "rtt_latency":2812, "root_time_now":295680}
[Mote:9] Not reachable yet
[Mote:17] Not reachable yet
[Mote:3] Sensor IPv6 = fe80::203:3:3:3
[Mote:16] Not reachable yet
[Mote:14] Not reachable yet
[Mote:5] Sensor IPv6 = fe80::205:5:5:5
[Mote:1] {"node":"fd00::202:2:2:2", "cpu_energy_mj":18, "lpm_energy_mj":0, "radio_tx_energy_mj":0, "radio_rx_energy_mj":8, "node_time":294706, "total_sent":27, "total_received":27, "bytes_tx":60, "bytes_rx":12, "r2n_latency":514, "lqi":100, "rssi":-90, "server_sent":28, "server_received":51, "server_bytes_rx":60, "n2r_latency":8744, "hops":1, "rtt_latency":3227, "root_time_now":303450}
[Mote:11] Not reachable yet
[Mote:12] Not reachable yet
[Mote:1] {"node":"fd00::20b:b:b:b", "cpu_energy_mj":18, "lpm_energy_mj":0, "radio_tx_energy_mj":0, "radio_rx_energy_mj":8, "node_time":293359, "total_sent":24, "total_received":23, "bytes_tx":60, "bytes_rx":12, "r2n_latency":2894, "lqi":100, "rssi":-87, "server_sent":24, "server_received":46, "server_bytes_rx":60, "n2r_latency":10231, "hops":2, "rtt_latency":6767, "root_time_now":303590}
[Mote:8] Not reachable yet
[Mote:7] Not reachable yet
[Mote:13] Sensor IPv6 = fe80::20d:d:d:d
[Mote:1] {"node":"fd00::205:5:5:5", "cpu_energy_mj":19, "lpm_energy_mj":0, "radio_tx_energy_mj":1, "radio_rx_energy_mj":7, "node_time":302494, "total_sent":27, "total_received":27, "bytes_tx":60, "bytes_rx":12, "r2n_latency":35, "lqi":100, "rssi":-85, "server_sent":28, "server_received":53, "server_bytes_rx":60, "n2r_latency":1516, "hops":0, "rtt_latency":227, "root_time_now":304010}
[Mote:2] Not reachable yet
[Mote:15] Not reachable yet
[Mote:10] Not reachable yet
[Mote:6] Sensor IPv6 = fe80::206:6:6:6
[Mote:18] Not reachable yet
[Mote:1] {"node":"fd00::206:6:6:6", "cpu_energy_mj":19, "lpm_energy_mj":0, "radio_tx_energy_mj":2, "radio_rx_energy_mj":7, "node_time":305864, "total_sent":25, "total_received":26, "bytes_tx":60, "bytes_rx":12, "r2n_latency":1015, "lqi":100, "rssi":-80, "server_sent":26, "server_received":51, "server_bytes_rx":60, "n2r_latency":36, "hops":0, "rtt_latency":1837, "root_time_now":305900}
[Mote:4] Not reachable yet
[Mote:19] Not reachable yet
[Mote:9] Not reachable yet
[Mote:17] Not reachable yet
[Mote:1] {"node":"fd00::20d:d:d:d", "cpu_energy_mj":145, "lpm_energy_mj":0, "radio_tx_energy_mj":14, "radio_rx_energy_mj":61, "node_time":303876, "total_sent":15, "total_received":21, "bytes_tx":60, "bytes_rx":12, "r2n_latency":1365, "lqi":100, "rssi":-87, "server_sent":21, "server_received":33, "server_bytes_rx":60, "n2r_latency":3774, "hops":1, "rtt_latency":752, "root_time_now":307650}
[Mote:3] Sensor IPv6 = fe80::203:3:3:3
[Mote:16] Not reachable yet
[Mote:14] Not reachable yet
[Mote:5] Sensor IPv6 = fe80::205:5:5:5
[Mote:11] Not reachable yet
[Mote:13] Sensor IPv6 = fe80::20d:d:d:d
[Mote:8] Not reachable yet
[Mote:7] Not reachable yet
[Mote:12] Not reachable yet
[Mote:1] {"node":"fd00::205:5:5:5", "cpu_energy_mj":19, "lpm_energy_mj":0, "radio_tx_energy_mj":1, "radio_rx_energy_mj":8, "node_time":313285, "total_sent":28, "total_received":28, "bytes_tx":60, "bytes_rx":12, "r2n_latency":44, "lqi":100, "rssi":-85, "server_sent":29, "server_received":55, "server_bytes_rx":60, "n2r_latency":2345, "hops":0, "rtt_latency":2752, "root_time_now":315630}
[Mote:1] {"node":"fd00::20d:d:d:d", "cpu_energy_mj":18, "lpm_energy_mj":0, "radio_tx_energy_mj":1, "radio_rx_energy_mj":7, "node_time":313989, "total_sent":16, "total_received":22, "bytes_tx":60, "bytes_rx":12, "r2n_latency":954, "lqi":100, "rssi":-87, "server_sent":22, "server_received":35, "server_bytes_rx":60, "n2r_latency":1711, "hops":1, "rtt_latency":2787, "root_time_now":315700}
[Mote:2] Not reachable yet
[Mote:15] Not reachable yet
[Mote:10] Not reachable yet
[Mote:18] Not reachable yet
[Mote:4] Not reachable yet
[Mote:6] Sensor IPv6 = fe80::206:6:6:6
[Mote:1] {"node":"fd00::206:6:6:6", "cpu_energy_mj":19, "lpm_energy_mj":0, "radio_tx_energy_mj":1, "radio_rx_energy_mj":8, "node_time":316793, "total_sent":26, "total_received":27, "bytes_tx":60, "bytes_rx":12, "r2n_latency":464, "lqi":100, "rssi":-80, "server_sent":27, "server_received":53, "server_bytes_rx":60, "n2r_latency":27, "hops":0, "rtt_latency":2542, "root_time_now":316820}
[Mote:17] Not reachable yet
[Mote:19] Not reachable yet
[Mote:9] Not reachable yet
[Mote:3] Not reachable yet
[Mote:16] Not reachable yet
[Mote:14] Not reachable yet
[Mote:11] Not reachable yet
[Mote:5] Sensor IPv6 = fe80::205:5:5:5
[Mote:13] Sensor IPv6 = fe80::20d:d:d:d
[Mote:1] {"node":"fd00::205:5:5:5", "cpu_energy_mj":19, "lpm_energy_mj":0, "radio_tx_energy_mj":0, "radio_rx_energy_mj":8, "node_time":324077, "total_sent":29, "total_received":29, "bytes_tx":60, "bytes_rx":12, "r2n_latency":54, "lqi":100, "rssi":-85, "server_sent":30, "server_received":57, "server_bytes_rx":60, "n2r_latency":513, "hops":0, "rtt_latency":1392, "root_time_now":324590}
[Mote:8] Not reachable yet
[Mote:1] {"node":"fd00::20d:d:d:d", "cpu_energy_mj":18, "lpm_energy_mj":0, "radio_tx_energy_mj":0, "radio_rx_energy_mj":7, "node_time":324102, "total_sent":17, "total_received":23, "bytes_tx":60, "bytes_rx":12, "r2n_latency":544, "lqi":100, "rssi":-87, "server_sent":23, "server_received":37, "server_bytes_rx":60, "n2r_latency":558, "hops":1, "rtt_latency":2232, "root_time_now":324660}
[Mote:7] Not reachable yet
[Mote:12] Not reachable yet
[Mote:10] Not reachable yet
[Mote:2] Not reachable yet
[Mote:15] Not reachable yet
[Mote:18] Not reachable yet
[Mote:4] Not reachable yet
[Mote:17] Not reachable yet
[Mote:6] Sensor IPv6 = fe80::206:6:6:6
[Mote:1] {"node":"fd00::206:6:6:6", "cpu_energy_mj":19, "lpm_energy_mj":0, "radio_tx_energy_mj":2, "radio_rx_energy_mj":6, "node_time":327722, "total_sent":27, "total_received":28, "bytes_tx":60, "bytes_rx":12, "r2n_latency":614, "lqi":100, "rssi":-80, "server_sent":28, "server_received":55, "server_bytes_rx":60, "n2r_latency":18, "hops":0, "rtt_latency":1042, "root_time_now":327740}
[Mote:9] Not reachable yet
[Mote:19] Sensor IPv6 = fe80::213:13:13:13
[Mote:1] {"node":"fd00::213:13:13:13", "cpu_energy_mj":177, "lpm_energy_mj":0, "radio_tx_energy_mj":2, "radio_rx_energy_mj":85, "node_time":328162, "total_sent":12, "total_received":15, "bytes_tx":60, "bytes_rx":12, "r2n_latency":1944, "lqi":100, "rssi":-29, "server_sent":19, "server_received":14, "server_bytes_rx":60, "n2r_latency":208, "hops":2, "rtt_latency":2267, "root_time_now":328370}
[Mote:3] Not reachable yet
[Mote:16] Not reachable yet
[Mote:14] Not reachable yet
[Mote:11] Not reachable yet
[Mote:13] Sensor IPv6 = fe80::20d:d:d:d
[Mote:5] Sensor IPv6 = fe80::205:5:5:5
[Mote:8] Not reachable yet
[Mote:7] Not reachable yet
[Mote:1] {"node":"fd00::20d:d:d:d", "cpu_energy_mj":18, "lpm_energy_mj":0, "radio_tx_energy_mj":1, "radio_rx_energy_mj":7, "node_time":334215, "total_sent":18, "total_received":24, "bytes_tx":60, "bytes_rx":12, "r2n_latency":694, "lqi":100, "rssi":-87, "server_sent":24, "server_received":39, "server_bytes_rx":60, "n2r_latency":1085, "hops":1, "rtt_latency":2027, "root_time_now":335300}
[Mote:1] {"node":"fd00::205:5:5:5", "cpu_energy_mj":19, "lpm_energy_mj":0, "radio_tx_energy_mj":1, "radio_rx_energy_mj":8, "node_time":334870, "total_sent":30, "total_received":30, "bytes_tx":60, "bytes_rx":12, "r2n_latency":64, "lqi":100, "rssi":-85, "server_sent":31, "server_received":59, "server_bytes_rx":60, "n2r_latency":500, "hops":0, "rtt_latency":767, "root_time_now":335370}
[Mote:12] Not reachable yet
[Mote:10] Not reachable yet
[Mote:2] Not reachable yet
[Mote:15] Not reachable yet
[Mote:18] Not reachable yet
[Mote:17] Not reachable yet
[Mote:4] Sensor IPv6 = fe80::204:4:4:4
[Mote:1] {"node":"fd00::204:4:4:4", "cpu_energy_mj":133, "lpm_energy_mj":0, "radio_tx_energy_mj":4, "radio_rx_energy_mj":425, "node_time":337743, "total_sent":15, "total_received":21, "bytes_tx":60, "bytes_rx":12, "r2n_latency":1464, "lqi":100, "rssi":-83, "server_sent":21, "server_received":25, "server_bytes_rx":60, "n2r_latency":147, "hops":2, "rtt_latency":2517, "root_time_now":337890}
[Mote:9] Not reachable yet
[Mote:6] Sensor IPv6 = fe80::206:6:6:6
[Mote:1] {"node":"fd00::206:6:6:6", "cpu_energy_mj":19, "lpm_energy_mj":0, "radio_tx_energy_mj":1, "radio_rx_energy_mj":8, "node_time":338651, "total_sent":28, "total_received":29, "bytes_tx":60, "bytes_rx":12, "r2n_latency":1604, "lqi":100, "rssi":-80, "server_sent":29, "server_received":57, "server_bytes_rx":60, "n2r_latency":9, "hops":0, "rtt_latency":1012, "root_time_now":338660}
[Mote:19] Sensor IPv6 = fe80::213:13:13:13
[Mote:3] Not reachable yet
[Mote:16] Not reachable yet
[Mote:11] Not reachable yet
[Mote:13] Sensor IPv6 = fe80::20d:d:d:d
[Mote:14] Not reachable yet
[Mote:1] {"node":"fd00::20d:d:d:d", "cpu_energy_mj":18, "lpm_energy_mj":0, "radio_tx_energy_mj":0, "radio_rx_energy_mj":8, "node_time":344328, "total_sent":19, "total_received":25, "bytes_tx":60, "bytes_rx":12, "r2n_latency":2034, "lqi":100, "rssi":-87, "server_sent":25, "server_received":41, "server_bytes_rx":60, "n2r_latency":142, "hops":1, "rtt_latency":1087, "root_time_now":344470}
[Mote:8] Not reachable yet
[Mote:5] Sensor IPv6 = fe80::205:5:5:5
[Mote:7] Not reachable yet
[Mote:1] {"node":"fd00::205:5:5:5", "cpu_energy_mj":19, "lpm_energy_mj":0, "radio_tx_energy_mj":1, "radio_rx_energy_mj":8, "node_time":345661, "total_sent":31, "total_received":31, "bytes_tx":60, "bytes_rx":12, "r2n_latency":74, "lqi":100, "rssi":-85, "server_sent":32, "server_received":61, "server_bytes_rx":60, "n2r_latency":69, "hops":0, "rtt_latency":807, "root_time_now":345730}
[Mote:10] Not reachable yet
[Mote:12] Not reachable yet
[Mote:2] Not reachable yet
[Mote:15] Not reachable yet
[Mote:17] Not reachable yet
[Mote:18] Not reachable yet
[Mote:4] Sensor IPv6 = fe80::204:4:4:4
[Mote:1] {"node":"fd00::204:4:4:4", "cpu_energy_mj":19, "lpm_energy_mj":0, "radio_tx_energy_mj":0, "radio_rx_energy_mj":8, "node_time":348298, "total_sent":16, "total_received":22, "bytes_tx":60, "bytes_rx":12, "r2n_latency":2454, "lqi":100, "rssi":-83, "server_sent":22, "server_received":27, "server_bytes_rx":60, "n2r_latency":302, "hops":2, "rtt_latency":1402, "root_time_now":348600}
[Mote:9] Not reachable yet
[Mote:3] Not reachable yet
[Mote:6] Sensor IPv6 = fe80::206:6:6:6
[Mote:1] {"node":"fd00::206:6:6:6", "cpu_energy_mj":19, "lpm_energy_mj":0, "radio_tx_energy_mj":1, "radio_rx_energy_mj":8, "node_time":349581, "total_sent":29, "total_received":30, "bytes_tx":60, "bytes_rx":12, "r2n_latency":8964, "lqi":100, "rssi":-80, "server_sent":30, "server_received":59, "server_bytes_rx":60, "n2r_latency":209, "hops":0, "rtt_latency":4657, "root_time_now":349790}
[Mote:19] Not reachable yet
[Mote:16] Not reachable yet
[Mote:11] Not reachable yet
[Mote:13] Sensor IPv6 = fe80::20d:d:d:d
[Mote:14] Not reachable yet
[Mote:1] {"node":"fd00::20d:d:d:d", "cpu_energy_mj":18, "lpm_energy_mj":0, "radio_tx_energy_mj":1, "radio_rx_energy_mj":7, "node_time":354441, "total_sent":20, "total_received":26, "bytes_tx":60, "bytes_rx":12, "r2n_latency":574, "lqi":100, "rssi":-87, "server_sent":26, "server_received":43, "server_bytes_rx":60, "n2r_latency":1439, "hops":1, "rtt_latency":2247, "root_time_now":355880}
[Mote:8] Not reachable yet
[Mote:7] Not reachable yet
[Mote:5] Sensor IPv6 = fe80::205:5:5:5
[Mote:1] {"node":"fd00::205:5:5:5", "cpu_energy_mj":19, "lpm_energy_mj":0, "radio_tx_energy_mj":1, "radio_rx_energy_mj":8, "node_time":356452, "total_sent":32, "total_received":32, "bytes_tx":60, "bytes_rx":12, "r2n_latency":14, "lqi":100, "rssi":-85, "server_sent":33, "server_received":63, "server_bytes_rx":60, "n2r_latency":58, "hops":0, "rtt_latency":147, "root_time_now":356510}
[Mote:10] Not reachable yet
[Mote:12] Not reachable yet
[Mote:2] Not reachable yet
[Mote:15] Not reachable yet
[Mote:17] Not reachable yet
[Mote:18] Not reachable yet
[Mote:4] Sensor IPv6 = fe80::204:4:4:4
[Mote:1] {"node":"fd00::204:4:4:4", "cpu_energy_mj":19, "lpm_energy_mj":0, "radio_tx_energy_mj":0, "radio_rx_energy_mj":8, "node_time":358857, "total_sent":17, "total_received":23, "bytes_tx":60, "bytes_rx":12, "r2n_latency":1344, "lqi":100, "rssi":-83, "server_sent":23, "server_received":29, "server_bytes_rx":60, "n2r_latency":173, "hops":2, "rtt_latency":2912, "root_time_now":359030}
[Mote:9] Not reachable yet
[Mote:3] Not reachable yet
[Mote:6] Sensor IPv6 = fe80::206:6:6:6
[Mote:19] Not reachable yet
[Mote:1] {"node":"fd00::206:6:6:6", "cpu_energy_mj":19, "lpm_energy_mj":0, "radio_tx_energy_mj":1, "radio_rx_energy_mj":8, "node_time":360510, "total_sent":30, "total_received":31, "bytes_tx":60, "bytes_rx":12, "r2n_latency":3444, "lqi":100, "rssi":-80, "server_sent":32, "server_received":61, "server_bytes_rx":60, "n2r_latency":480, "hops":0, "rtt_latency":2002, "root_time_now":360990}
[Mote:16] Not reachable yet
[Mote:11] Not reachable yet
[Mote:13] Sensor IPv6 = fe80::20d:d:d:d
[Mote:1] {"node":"fd00::20d:d:d:d", "cpu_energy_mj":18, "lpm_energy_mj":0, "radio_tx_energy_mj":1, "radio_rx_energy_mj":7, "node_time":364554, "total_sent":21, "total_received":27, "bytes_tx":60, "bytes_rx":12, "r2n_latency":654, "lqi":100, "rssi":-87, "server_sent":27, "server_received":45, "server_bytes_rx":60, "n2r_latency":1266, "hops":1, "rtt_latency":397, "root_time_now":365820}
[Mote:14] Not reachable yet
[Mote:8] Not reachable yet
[Mote:7] Not reachable yet
[Mote:10] Not reachable yet
[Mote:5] Sensor IPv6 = fe80::205:5:5:5
[Mote:1] {"node":"fd00::205:5:5:5", "cpu_energy_mj":19, "lpm_energy_mj":0, "radio_tx_energy_mj":1, "radio_rx_energy_mj":8, "node_time":367248, "total_sent":33, "total_received":33, "bytes_tx":60, "bytes_rx":12, "r2n_latency":24, "lqi":100, "rssi":-85, "server_sent":34, "server_received":65, "server_bytes_rx":60, "n2r_latency":112, "hops":0, "rtt_latency":152, "root_time_now":367360}
[Mote:17] Not reachable yet
[Mote:2] Not reachable yet
[Mote:15] Not reachable yet
[Mote:12] Not reachable yet
[Mote:18] Not reachable yet
[Mote:4] Sensor IPv6 = fe80::204:4:4:4
[Mote:1] {"node":"fd00::204:4:4:4", "cpu_energy_mj":19, "lpm_energy_mj":0, "radio_tx_energy_mj":0, "radio_rx_energy_mj":8, "node_time":369411, "total_sent":18, "total_received":24, "bytes_tx":60, "bytes_rx":12, "r2n_latency":1354, "lqi":100, "rssi":-83, "server_sent":24, "server_received":31, "server_bytes_rx":60, "n2r_latency":189, "hops":2, "rtt_latency":2812, "root_time_now":369600}
[Mote:3] Not reachable yet
[Mote:9] Not reachable yet
[Mote:16] Not reachable yet
[Mote:6] Sensor IPv6 = fe80::206:6:6:6
[Mote:1] {"node":"fd00::206:6:6:6", "cpu_energy_mj":19, "lpm_energy_mj":0, "radio_tx_energy_mj":2, "radio_rx_energy_mj":6, "node_time":371439, "total_sent":31, "total_received":33, "bytes_tx":60, "bytes_rx":12, "r2n_latency":874, "lqi":100, "rssi":-80, "server_sent":33, "server_received":64, "server_bytes_rx":60, "n2r_latency":51, "hops":0, "rtt_latency":577, "root_time_now":371490}
[Mote:19] Not reachable yet
[Mote:11] Not reachable yet
[Mote:13] Sensor IPv6 = fe80::20d:d:d:d
[Mote:1] {"node":"fd00::20d:d:d:d", "cpu_energy_mj":18, "lpm_energy_mj":0, "radio_tx_energy_mj":0, "radio_rx_energy_mj":7, "node_time":374668, "total_sent":22, "total_received":28, "bytes_tx":60, "bytes_rx":12, "r2n_latency":734, "lqi":100, "rssi":-87, "server_sent":28, "server_received":47, "server_bytes_rx":60, "n2r_latency":112, "hops":1, "rtt_latency":2187, "root_time_now":374780}
[Mote:14] Not reachable yet
[Mote:8] Not reachable yet
[Mote:10] Not reachable yet
[Mote:7] Not reachable yet
[Mote:5] Sensor IPv6 = fe80::205:5:5:5
[Mote:1] {"node":"fd00::205:5:5:5", "cpu_energy_mj":19, "lpm_energy_mj":0, "radio_tx_energy_mj":0, "radio_rx_energy_mj":8, "node_time":378040, "total_sent":34, "total_received":34, "bytes_tx":60, "bytes_rx":12, "r2n_latency":34, "lqi":100, "rssi":-85, "server_sent":35, "server_received":67, "server_bytes_rx":60, "n2r_latency":30, "hops":0, "rtt_latency":157, "root_time_now":378070}
[Mote:17] Not reachable yet
[Mote:2] Not reachable yet
[Mote:15] Not reachable yet
[Mote:12] Not reachable yet
[Mote:18] Not reachable yet
[Mote:4] Sensor IPv6 = fe80::204:4:4:4
[Mote:3] Not reachable yet
[Mote:9] Not reachable yet
[Mote:16] Not reachable yet
[Mote:6] Sensor IPv6 = fe80::206:6:6:6
[Mote:19] Not reachable yet
[Mote:1] {"node":"fd00::206:6:6:6", "cpu_energy_mj":19, "lpm_energy_mj":0, "radio_tx_energy_mj":1, "radio_rx_energy_mj":7, "node_time":382368, "total_sent":32, "total_received":34, "bytes_tx":60, "bytes_rx":12, "r2n_latency":534, "lqi":100, "rssi":-80, "server_sent":34, "server_received":66, "server_bytes_rx":60, "n2r_latency":1302, "hops":0, "rtt_latency":582, "root_time_now":383670}
[Mote:1] {"node":"fd00::204:4:4:4", "cpu_energy_mj":19, "lpm_energy_mj":0, "radio_tx_energy_mj":0, "radio_rx_energy_mj":8, "node_time":379966, "total_sent":19, "total_received":25, "bytes_tx":60, "bytes_rx":12, "r2n_latency":1434, "lqi":100, "rssi":-83, "server_sent":26, "server_received":33, "server_bytes_rx":60, "n2r_latency":4264, "hops":2, "rtt_latency":2222, "root_time_now":384230}
[Mote:11] Not reachable yet
[Mote:13] Sensor IPv6 = fe80::20d:d:d:d
[Mote:1] {"node":"fd00::20d:d:d:d", "cpu_energy_mj":18, "lpm_energy_mj":0, "radio_tx_energy_mj":0, "radio_rx_energy_mj":8, "node_time":384781, "total_sent":23, "total_received":29, "bytes_tx":60, "bytes_rx":12, "r2n_latency":674, "lqi":100, "rssi":-87, "server_sent":29, "server_received":49, "server_bytes_rx":60, "n2r_latency":79, "hops":1, "rtt_latency":1912, "root_time_now":384860}
[Mote:10] Not reachable yet
[Mote:14] Not reachable yet
[Mote:8] Not reachable yet
[Mote:7] Not reachable yet
[Mote:17] Not reachable yet
[Mote:5] Sensor IPv6 = fe80::205:5:5:5
[Mote:1] {"node":"fd00::205:5:5:5", "cpu_energy_mj":19, "lpm_energy_mj":0, "radio_tx_energy_mj":1, "radio_rx_energy_mj":8, "node_time":388829, "total_sent":35, "total_received":35, "bytes_tx":60, "bytes_rx":12, "r2n_latency":44, "lqi":100, "rssi":-85, "server_sent":36, "server_received":69, "server_bytes_rx":60, "n2r_latency":231, "hops":0, "rtt_latency":1387, "root_time_now":389060}
[Mote:2] Not reachable yet
[Mote:15] Not reachable yet
[Mote:12] Not reachable yet
[Mote:18] Not reachable yet
[Mote:4] Sensor IPv6 = fe80::204:4:4:4
[Mote:3] Not reachable yet
[Mote:16] Not reachable yet
[Mote:9] Not reachable yet
[Mote:6] Sensor IPv6 = fe80::206:6:6:6
[Mote:1] {"node":"fd00::206:6:6:6", "cpu_energy_mj":19, "lpm_energy_mj":0, "radio_tx_energy_mj":1, "radio_rx_energy_mj":8, "node_time":393296, "total_sent":33, "total_received":35, "bytes_tx":60, "bytes_rx":12, "r2n_latency":544, "lqi":100, "rssi":-80, "server_sent":35, "server_received":68, "server_bytes_rx":60, "n2r_latency":174, "hops":0, "rtt_latency":377, "root_time_now":393470}
[Mote:19] Not reachable yet
[Mote:11] Not reachable yet
[Mote:13] Sensor IPv6 = fe80::20d:d:d:d
[Mote:1] {"node":"fd00::204:4:4:4", "cpu_energy_mj":19, "lpm_energy_mj":0, "radio_tx_energy_mj":0, "radio_rx_energy_mj":8, "node_time":390522, "total_sent":20, "total_received":26, "bytes_tx":60, "bytes_rx":12, "r2n_latency":1094, "lqi":100, "rssi":-83, "server_sent":27, "server_received":35, "server_bytes_rx":60, "n2r_latency":5328, "hops":2, "rtt_latency":2262, "root_time_now":395850}
[Mote:1] {"node":"fd00::20d:d:d:d", "cpu_energy_mj":18, "lpm_energy_mj":0, "radio_tx_energy_mj":0, "radio_rx_energy_mj":8, "node_time":394893, "total_sent":24, "total_received":30, "bytes_tx":60, "bytes_rx":12, "r2n_latency":1034, "lqi":100, "rssi":-87, "server_sent":30, "server_received":51, "server_bytes_rx":60, "n2r_latency":1447, "hops":1, "rtt_latency":2967, "root_time_now":396340}
[Mote:10] Not reachable yet
[Mote:8] Not reachable yet
[Mote:7] Not reachable yet
[Mote:14] Not reachable yet
[Mote:17] Not reachable yet
[Mote:5] Sensor IPv6 = fe80::205:5:5:5
[Mote:1] {"node":"fd00::205:5:5:5", "cpu_energy_mj":19, "lpm_energy_mj":0, "radio_tx_energy_mj":1, "radio_rx_energy_mj":8, "node_time":399620, "total_sent":36, "total_received":36, "bytes_tx":60, "bytes_rx":12, "r2n_latency":54, "lqi":100, "rssi":-85, "server_sent":37, "server_received":71, "server_bytes_rx":60, "n2r_latency":10, "hops":0, "rtt_latency":412, "root_time_now":399630}
[Mote:15] Not reachable yet
[Mote:2] Not reachable yet
[Mote:3] Not reachable yet
[Mote:18] Not reachable yet
[Mote:12] Not reachable yet
[Mote:4] Sensor IPv6 = fe80::204:4:4:4
[Mote:16] Not reachable yet
[Mote:9] Not reachable yet
[Mote:1] {"node":"fd00::204:4:4:4", "cpu_energy_mj":19, "lpm_energy_mj":0, "radio_tx_energy_mj":0, "radio_rx_energy_mj":8, "node_time":401078, "total_sent":21, "total_received":27, "bytes_tx":60, "bytes_rx":12, "r2n_latency":1314, "lqi":100, "rssi":-83, "server_sent":28, "server_received":37, "server_bytes_rx":60, "n2r_latency":1982, "hops":2, "rtt_latency":3037, "root_time_now":403060}
[Mote:6] Sensor IPv6 = fe80::206:6:6:6
[Mote:1] {"node":"fd00::206:6:6:6", "cpu_energy_mj":19, "lpm_energy_mj":0, "radio_tx_energy_mj":1, "radio_rx_energy_mj":8, "node_time":404226, "total_sent":34, "total_received":36, "bytes_tx":60, "bytes_rx":12, "r2n_latency":554, "lqi":100, "rssi":-80, "server_sent":36, "server_received":70, "server_bytes_rx":60, "n2r_latency":24, "hops":0, "rtt_latency":1082, "root_time_now":404250}
[Mote:19] Not reachable yet
[Mote:11] Not reachable yet
[Mote:13] Sensor IPv6 = fe80::20d:d:d:d
[Mote:1] {"node":"fd00::20d:d:d:d", "cpu_energy_mj":18, "lpm_energy_mj":0, "radio_tx_energy_mj":0, "radio_rx_energy_mj":8, "node_time":405006, "total_sent":25, "total_received":31, "bytes_tx":60, "bytes_rx":12, "r2n_latency":694, "lqi":100, "rssi":-87, "server_sent":31, "server_received":53, "server_bytes_rx":60, "n2r_latency":84, "hops":1, "rtt_latency":1432, "root_time_now":405090}
[Mote:10] Not reachable yet
[Mote:8] Not reachable yet
[Mote:7] Not reachable yet
[Mote:14] Not reachable yet
[Mote:17] Not reachable yet
[Mote:5] Sensor IPv6 = fe80::205:5:5:5
[Mote:15] Not reachable yet
[Mote:2] Not reachable yet
[Mote:3] Not reachable yet
[Mote:18] Not reachable yet
[Mote:16] Not reachable yet
[Mote:4] Sensor IPv6 = fe80::204:4:4:4
[Mote:12] Not reachable yet
[Mote:1] {"node":"fd00::205:5:5:5", "cpu_energy_mj":19, "lpm_energy_mj":0, "radio_tx_energy_mj":0, "radio_rx_energy_mj":8, "node_time":410414, "total_sent":37, "total_received":38, "bytes_tx":60, "bytes_rx":12, "r2n_latency":74, "lqi":100, "rssi":-85, "server_sent":39, "server_received":74, "server_bytes_rx":60, "n2r_latency":1816, "hops":0, "rtt_latency":1087, "root_time_now":412230}
[Mote:9] Not reachable yet
[Mote:11] Not reachable yet
[Mote:13] Sensor IPv6 = fe80::20d:d:d:d
[Mote:6] Sensor IPv6 = fe80::206:6:6:6
[Mote:1] {"node":"fd00::206:6:6:6", "cpu_energy_mj":19, "lpm_energy_mj":0, "radio_tx_energy_mj":1, "radio_rx_energy_mj":7, "node_time":415155, "total_sent":35, "total_received":37, "bytes_tx":60, "bytes_rx":12, "r2n_latency":424, "lqi":100, "rssi":-80, "server_sent":37, "server_received":72, "server_bytes_rx":60, "n2r_latency":295, "hops":0, "rtt_latency":2242, "root_time_now":415450}
[Mote:19] Not reachable yet
[Mote:10] Not reachable yet
[Mote:1] {"node":"fd00::204:4:4:4", "cpu_energy_mj":19, "lpm_energy_mj":0, "radio_tx_energy_mj":0, "radio_rx_energy_mj":8, "node_time":411635, "total_sent":22, "total_received":29, "bytes_tx":60, "bytes_rx":12, "r2n_latency":1194, "lqi":100, "rssi":-83, "server_sent":29, "server_received":40, "server_bytes_rx":60, "n2r_latency":6755, "hops":2, "rtt_latency":3782, "root_time_now":418390}
[Mote:1] {"node":"fd00::20d:d:d:d", "cpu_energy_mj":18, "lpm_energy_mj":0, "radio_tx_energy_mj":0, "radio_rx_energy_mj":7, "node_time":415118, "total_sent":26, "total_received":32, "bytes_tx":60, "bytes_rx":12, "r2n_latency":634, "lqi":100, "rssi":-87, "server_sent":32, "server_received":55, "server_bytes_rx":60, "n2r_latency":3342, "hops":1, "rtt_latency":3642, "root_time_now":418460}
[Mote:8] Not reachable yet
[Mote:7] Not reachable yet
[Mote:17] Not reachable yet
[Mote:14] Not reachable yet
[Mote:15] Not reachable yet
[Mote:2] Not reachable yet
[Mote:5] Sensor IPv6 = fe80::205:5:5:5
[Mote:3] Not reachable yet
[Mote:16] Not reachable yet
[Mote:18] Not reachable yet
[Mote:4] Sensor IPv6 = fe80::204:4:4:4
[Mote:1] {"node":"fd00::205:5:5:5", "cpu_energy_mj":19, "lpm_energy_mj":0, "radio_tx_energy_mj":1, "radio_rx_energy_mj":8, "node_time":421206, "total_sent":38, "total_received":39, "bytes_tx":60, "bytes_rx":12, "r2n_latency":14, "lqi":100, "rssi":-85, "server_sent":40, "server_received":76, "server_bytes_rx":60, "n2r_latency":1034, "hops":0, "rtt_latency":1092, "root_time_now":422240}
[Mote:12] Not reachable yet
[Mote:9] Not reachable yet
[Mote:1] {"node":"fd00::204:4:4:4", "cpu_energy_mj":19, "lpm_energy_mj":0, "radio_tx_energy_mj":0, "radio_rx_energy_mj":8, "node_time":422191, "total_sent":23, "total_received":30, "bytes_tx":60, "bytes_rx":12, "r2n_latency":1484, "lqi":100, "rssi":-83, "server_sent":30, "server_received":42, "server_bytes_rx":60, "n2r_latency":2569, "hops":2, "rtt_latency":2247, "root_time_now":424760}
[Mote:11] Not reachable yet
[Mote:13] Sensor IPv6 = fe80::20d:d:d:d
[Mote:1] {"node":"fd00::20d:d:d:d", "cpu_energy_mj":18, "lpm_energy_mj":0, "radio_tx_energy_mj":0, "radio_rx_energy_mj":8, "node_time":425231, "total_sent":27, "total_received":33, "bytes_tx":60, "bytes_rx":12, "r2n_latency":644, "lqi":100, "rssi":-87, "server_sent":33, "server_received":57, "server_bytes_rx":60, "n2r_latency":509, "hops":1, "rtt_latency":2072, "root_time_now":425740}
[Mote:6] Sensor IPv6 = fe80::206:6:6:6
[Mote:1] {"node":"fd00::206:6:6:6", "cpu_energy_mj":19, "lpm_energy_mj":0, "radio_tx_energy_mj":1, "radio_rx_energy_mj":7, "node_time":426086, "total_sent":36, "total_received":38, "bytes_tx":60, "bytes_rx":12, "r2n_latency":504, "lqi":100, "rssi":-80, "server_sent":38, "server_received":74, "server_bytes_rx":60, "n2r_latency":4, "hops":0, "rtt_latency":462, "root_time_now":426090}
[Mote:19] Not reachable yet
[Mote:10] Not reachable yet
[Mote:8] Not reachable yet
[Mote:7] Not reachable yet
[Mote:17] Not reachable yet
[Mote:14] Not reachable yet
[Mote:16] Not reachable yet
[Mote:15] Not reachable yet
[Mote:3] Not reachable yet
[Mote:2] Not reachable yet
[Mote:5] Sensor IPv6 = fe80::205:5:5:5
[Mote:18] Not reachable yet
[Mote:4] Sensor IPv6 = fe80::204:4:4:4
[Mote:12] Not reachable yet
[Mote:9] Not reachable yet
[Mote:11] Not reachable yet
[Mote:13] Sensor IPv6 = fe80::20d:d:d:d
[Mote:1] {"node":"fd00::205:5:5:5", "cpu_energy_mj":19, "lpm_energy_mj":0, "radio_tx_energy_mj":1, "radio_rx_energy_mj":7, "node_time":431997, "total_sent":39, "total_received":40, "bytes_tx":60, "bytes_rx":12, "r2n_latency":24, "lqi":100, "rssi":-85, "server_sent":41, "server_received":78, "server_bytes_rx":60, "n2r_latency":3613, "hops":0, "rtt_latency":292, "root_time_now":435610}
[Mote:1] {"node":"fd00::204:4:4:4", "cpu_energy_mj":19, "lpm_energy_mj":0, "radio_tx_energy_mj":0, "radio_rx_energy_mj":8, "node_time":432746, "total_sent":24, "total_received":31, "bytes_tx":60, "bytes_rx":12, "r2n_latency":1494, "lqi":100, "rssi":-83, "server_sent":31, "server_received":44, "server_bytes_rx":60, "n2r_latency":3564, "hops":2, "rtt_latency":3127, "root_time_now":436310}
[Mote:1] {"node":"fd00::20d:d:d:d", "cpu_energy_mj":18, "lpm_energy_mj":0, "radio_tx_energy_mj":0, "radio_rx_energy_mj":8, "node_time":435344, "total_sent":28, "total_received":34, "bytes_tx":60, "bytes_rx":12, "r2n_latency":934, "lqi":100, "rssi":-87, "server_sent":34, "server_received":59, "server_bytes_rx":60, "n2r_latency":1176, "hops":1, "rtt_latency":2987, "root_time_now":436520}
[Mote:6] Sensor IPv6 = fe80::206:6:6:6
[Mote:1] {"node":"fd00::206:6:6:6", "cpu_energy_mj":19, "lpm_energy_mj":0, "radio_tx_energy_mj":1, "radio_rx_energy_mj":7, "node_time":437013, "total_sent":37, "total_received":39, "bytes_tx":60, "bytes_rx":12, "r2n_latency":444, "lqi":100, "rssi":-80, "server_sent":39, "server_received":76, "server_bytes_rx":60, "n2r_latency":67, "hops":0, "rtt_latency":2462, "root_time_now":437080}
[Mote:19] Not reachable yet
[Mote:10] Not reachable yet
[Mote:17] Not reachable yet
[Mote:8] Not reachable yet
[Mote:7] Not reachable yet
[Mote:14] Not reachable yet
[Mote:16] Not reachable yet
[Mote:3] Not reachable yet
[Mote:15] Not reachable yet
[Mote:2] Not reachable yet
[Mote:5] Sensor IPv6 = fe80::205:5:5:5
[Mote:18] Not reachable yet
[Mote:4] Sensor IPv6 = fe80::204:4:4:4
[Mote:9] Not reachable yet
[Mote:12] Not reachable yet
[Mote:11] Not reachable yet
[Mote:13] Sensor IPv6 = fe80::20d:d:d:d
[Mote:1] {"node":"fd00::205:5:5:5", "cpu_energy_mj":19, "lpm_energy_mj":0, "radio_tx_energy_mj":1, "radio_rx_energy_mj":7, "node_time":442789, "total_sent":40, "total_received":41, "bytes_tx":60, "bytes_rx":12, "r2n_latency":34, "lqi":100, "rssi":-85, "server_sent":42, "server_received":80, "server_bytes_rx":60, "n2r_latency":2971, "hops":0, "rtt_latency":1417, "root_time_now":445760}
[Mote:1] {"node":"fd00::204:4:4:4", "cpu_energy_mj":19, "lpm_energy_mj":0, "radio_tx_energy_mj":0, "radio_rx_energy_mj":8, "node_time":443302, "total_sent":25, "total_received":32, "bytes_tx":60, "bytes_rx":12, "r2n_latency":944, "lqi":100, "rssi":-83, "server_sent":32, "server_received":46, "server_bytes_rx":60, "n2r_latency":3578, "hops":2, "rtt_latency":2747, "root_time_now":446880}
[Mote:1] {"node":"fd00::20d:d:d:d", "cpu_energy_mj":18, "lpm_energy_mj":0, "radio_tx_energy_mj":0, "radio_rx_energy_mj":8, "node_time":445461, "total_sent":29, "total_received":35, "bytes_tx":60, "bytes_rx":12, "r2n_latency":664, "lqi":100, "rssi":-87, "server_sent":35, "server_received":61, "server_bytes_rx":60, "n2r_latency":1699, "hops":1, "rtt_latency":2712, "root_time_now":447160}
[Mote:6] Sensor IPv6 = fe80::206:6:6:6
[Mote:1] {"node":"fd00::206:6:6:6", "cpu_energy_mj":19, "lpm_energy_mj":0, "radio_tx_energy_mj":1, "radio_rx_energy_mj":7, "node_time":447942, "total_sent":38, "total_received":40, "bytes_tx":60, "bytes_rx":12, "r2n_latency":244, "lqi":100, "rssi":-80, "server_sent":40, "server_received":78, "server_bytes_rx":60, "n2r_latency":58, "hops":0, "rtt_latency":1837, "root_time_now":448000}
[Mote:19] Not reachable yet
[Mote:10] Not reachable yet
[Mote:17] Not reachable yet
[Mote:8] Not reachable yet
[Mote:7] Not reachable yet
[Mote:16] Not reachable yet
[Mote:14] Not reachable yet
[Mote:3] Not reachable yet
[Mote:15] Not reachable yet
[Mote:2] Not reachable yet
[Mote:18] Not reachable yet
[Mote:5] Sensor IPv6 = fe80::205:5:5:5
[Mote:1] {"node":"fd00::205:5:5:5", "cpu_energy_mj":19, "lpm_energy_mj":0, "radio_tx_energy_mj":1, "radio_rx_energy_mj":8, "node_time":453581, "total_sent":41, "total_received":42, "bytes_tx":60, "bytes_rx":12, "r2n_latency":44, "lqi":100, "rssi":-85, "server_sent":43, "server_received":82, "server_bytes_rx":60, "n2r_latency":19, "hops":0, "rtt_latency":337, "root_time_now":453600}
[Mote:4] Sensor IPv6 = fe80::204:4:4:4
[Mote:9] Not reachable yet
[Mote:12] Not reachable yet
[Mote:11] Not reachable yet
[Mote:13] Sensor IPv6 = fe80::20d:d:d:d
[Mote:1] {"node":"fd00::204:4:4:4", "cpu_energy_mj":19, "lpm_energy_mj":0, "radio_tx_energy_mj":0, "radio_rx_energy_mj":8, "node_time":453858, "total_sent":26, "total_received":33, "bytes_tx":60, "bytes_rx":12, "r2n_latency":1094, "lqi":100, "rssi":-83, "server_sent":33, "server_received":48, "server_bytes_rx":60, "n2r_latency":4362, "hops":2, "rtt_latency":4082, "root_time_now":458220}
[Mote:1] {"node":"fd00::20d:d:d:d", "cpu_energy_mj":18, "lpm_energy_mj":0, "radio_tx_energy_mj":1, "radio_rx_energy_mj":8, "node_time":455571, "total_sent":30, "total_received":36, "bytes_tx":60, "bytes_rx":12, "r2n_latency":534, "lqi":100, "rssi":-87, "server_sent":36, "server_received":63, "server_bytes_rx":60, "n2r_latency":2719, "hops":1, "rtt_latency":1982, "root_time_now":458290}
[Mote:10] Not reachable yet
[Mote:6] Sensor IPv6 = fe80::206:6:6:6
[Mote:1] {"node":"fd00::206:6:6:6", "cpu_energy_mj":19, "lpm_energy_mj":0, "radio_tx_energy_mj":2, "radio_rx_energy_mj":7, "node_time":458870, "total_sent":39, "total_received":41, "bytes_tx":60, "bytes_rx":12, "r2n_latency":4594, "lqi":100, "rssi":-80, "server_sent":41, "server_received":80, "server_bytes_rx":60, "n2r_latency":50, "hops":0, "rtt_latency":2507, "root_time_now":458920}
[Mote:19] Not reachable yet
[Mote:17] Not reachable yet
[Mote:8] Not reachable yet
[Mote:7] Not reachable yet
[Mote:16] Not reachable yet
[Mote:3] Not reachable yet
[Mote:14] Not reachable yet
[Mote:15] Not reachable yet
[Mote:2] Not reachable yet
[Mote:18] Not reachable yet
[Mote:5] Sensor IPv6 = fe80::205:5:5:5
[Mote:4] Sensor IPv6 = fe80::204:4:4:4
[Mote:9] Not reachable yet
[Mote:11] Not reachable yet
[Mote:13] Sensor IPv6 = fe80::20d:d:d:d
[Mote:12] Not reachable yet
[Mote:1] {"node":"fd00::205:5:5:5", "cpu_energy_mj":19, "lpm_energy_mj":0, "radio_tx_energy_mj":0, "radio_rx_energy_mj":8, "node_time":464373, "total_sent":42, "total_received":43, "bytes_tx":60, "bytes_rx":12, "r2n_latency":54, "lqi":100, "rssi":-85, "server_sent":44, "server_received":84, "server_bytes_rx":60, "n2r_latency":2387, "hops":0, "rtt_latency":3317, "root_time_now":466760}
[Mote:1] {"node":"fd00::204:4:4:4", "cpu_energy_mj":19, "lpm_energy_mj":0, "radio_tx_energy_mj":0, "radio_rx_energy_mj":8, "node_time":464414, "total_sent":27, "total_received":34, "bytes_tx":60, "bytes_rx":12, "r2n_latency":2924, "lqi":100, "rssi":-83, "server_sent":34, "server_received":50, "server_bytes_rx":60, "n2r_latency":2766, "hops":2, "rtt_latency":3562, "root_time_now":467180}
[Mote:1] {"node":"fd00::20d:d:d:d", "cpu_energy_mj":18, "lpm_energy_mj":0, "radio_tx_energy_mj":1, "radio_rx_energy_mj":7, "node_time":465683, "total_sent":31, "total_received":37, "bytes_tx":60, "bytes_rx":12, "r2n_latency":1314, "lqi":100, "rssi":-87, "server_sent":37, "server_received":65, "server_bytes_rx":60, "n2r_latency":1567, "hops":1, "rtt_latency":3352, "root_time_now":467250}
[Mote:10] Not reachable yet
[Mote:6] Sensor IPv6 = fe80::206:6:6:6
[Mote:1] {"node":"fd00::206:6:6:6", "cpu_energy_mj":19, "lpm_energy_mj":0, "radio_tx_energy_mj":1, "radio_rx_energy_mj":8, "node_time":469800, "total_sent":40, "total_received":42, "bytes_tx":60, "bytes_rx":12, "r2n_latency":1454, "lqi":100, "rssi":-80, "server_sent":42, "server_received":82, "server_bytes_rx":60, "n2r_latency":40, "hops":0, "rtt_latency":2967, "root_time_now":469840}
[Mote:19] Not reachable yet
[Mote:17] Not reachable yet
[Mote:8] Not reachable yet
[Mote:7] Not reachable yet
[Mote:16] Not reachable yet
[Mote:3] Not reachable yet
[Mote:14] Not reachable yet
[Mote:15] Not reachable yet
[Mote:2] Sensor IPv6 = fe80::202:2:2:2
[Mote:1] {"node":"fd00::202:2:2:2", "cpu_energy_mj":322, "lpm_energy_mj":0, "radio_tx_energy_mj":4, "radio_rx_energy_mj":416, "node_time":473734, "total_sent":28, "total_received":43, "bytes_tx":60, "bytes_rx":12, "r2n_latency":1604, "lqi":100, "rssi":-90, "server_sent":45, "server_received":54, "server_bytes_rx":60, "n2r_latency":26, "hops":0, "rtt_latency":907, "root_time_now":473760}
[Mote:18] Not reachable yet
[Mote:4] Sensor IPv6 = fe80::204:4:4:4
[Mote:5] Sensor IPv6 = fe80::205:5:5:5
[Mote:11] Not reachable yet
[Mote:1] {"node":"fd00::205:5:5:5", "cpu_energy_mj":19, "lpm_energy_mj":0, "radio_tx_energy_mj":1, "radio_rx_energy_mj":8, "node_time":475166, "total_sent":43, "total_received":44, "bytes_tx":60, "bytes_rx":12, "r2n_latency":64, "lqi":100, "rssi":-85, "server_sent":45, "server_received":86, "server_bytes_rx":60, "n2r_latency":484, "hops":0, "rtt_latency":2447, "root_time_now":475650}
[Mote:1] {"node":"fd00::204:4:4:4", "cpu_energy_mj":19, "lpm_energy_mj":0, "radio_tx_energy_mj":0, "radio_rx_energy_mj":8, "node_time":474970, "total_sent":28, "total_received":35, "bytes_tx":60, "bytes_rx":12, "r2n_latency":2444, "lqi":100, "rssi":-83, "server_sent":35, "server_received":52, "server_bytes_rx":60, "n2r_latency":750, "hops":2, "rtt_latency":2692, "root_time_now":475720}
[Mote:13] Sensor IPv6 = fe80::20d:d:d:d
[Mote:1] {"node":"fd00::20d:d:d:d", "cpu_energy_mj":18, "lpm_energy_mj":0, "radio_tx_energy_mj":1, "radio_rx_energy_mj":7, "node_time":475796, "total_sent":32, "total_received":38, "bytes_tx":60, "bytes_rx":12, "r2n_latency":834, "lqi":100, "rssi":-87, "server_sent":38, "server_received":67, "server_bytes_rx":60, "n2r_latency":134, "hops":1, "rtt_latency":2517, "root_time_now":475930}
[Mote:9] Not reachable yet
[Mote:12] Not reachable yet
[Mote:10] Not reachable yet
[Mote:6] Sensor IPv6 = fe80::206:6:6:6
[Mote:17] Not reachable yet
[Mote:19] Not reachable yet
[Mote:16] Not reachable yet
[Mote:8] Not reachable yet
[Mote:7] Not reachable yet
[Mote:3] Not reachable yet
[Mote:1] {"node":"fd00::206:6:6:6", "cpu_energy_mj":19, "lpm_energy_mj":0, "radio_tx_energy_mj":1, "radio_rx_energy_mj":8, "node_time":480729, "total_sent":41, "total_received":44, "bytes_tx":60, "bytes_rx":12, "r2n_latency":355, "lqi":100, "rssi":-80, "server_sent":44, "server_received":85, "server_bytes_rx":60, "n2r_latency":2971, "hops":0, "rtt_latency":1822, "root_time_now":483700}
[Mote:15] Not reachable yet
[Mote:2] Sensor IPv6 = fe80::202:2:2:2
[Mote:1] {"node":"fd00::202:2:2:2", "cpu_energy_mj":18, "lpm_energy_mj":0, "radio_tx_energy_mj":0, "radio_rx_energy_mj":8, "node_time":484265, "total_sent":29, "total_received":44, "bytes_tx":60, "bytes_rx":12, "r2n_latency":215, "lqi":100, "rssi":-84, "server_sent":46, "server_received":56, "server_bytes_rx":60, "n2r_latency":65, "hops":0, "rtt_latency":1262, "root_time_now":484330}
[Mote:14] Sensor IPv6 = fe80::20e:e:e:e
[Mote:18] Not reachable yet
[Mote:4] Sensor IPv6 = fe80::204:4:4:4
[Mote:11] Not reachable yet
[Mote:1] {"node":"fd00::204:4:4:4", "cpu_energy_mj":19, "lpm_energy_mj":0, "radio_tx_energy_mj":1, "radio_rx_energy_mj":7, "node_time":485526, "total_sent":29, "total_received":36, "bytes_tx":60, "bytes_rx":12, "r2n_latency":1265, "lqi":100, "rssi":-83, "server_sent":36, "server_received":54, "server_bytes_rx":60, "n2r_latency":204, "hops":2, "rtt_latency":1787, "root_time_now":485730}
[Mote:13] Sensor IPv6 = fe80::20d:d:d:d
[Mote:5] Sensor IPv6 = fe80::205:5:5:5
[Mote:1] {"node":"fd00::20d:d:d:d", "cpu_energy_mj":18, "lpm_energy_mj":0, "radio_tx_energy_mj":0, "radio_rx_energy_mj":8, "node_time":485911, "total_sent":33, "total_received":39, "bytes_tx":60, "bytes_rx":12, "r2n_latency":845, "lqi":100, "rssi":-87, "server_sent":39, "server_received":69, "server_bytes_rx":60, "n2r_latency":99, "hops":1, "rtt_latency":1577, "root_time_now":486010}
[Mote:9] Not reachable yet
[Mote:1] {"node":"fd00::205:5:5:5", "cpu_energy_mj":19, "lpm_energy_mj":0, "radio_tx_energy_mj":1, "radio_rx_energy_mj":8, "node_time":485956, "total_sent":44, "total_received":45, "bytes_tx":60, "bytes_rx":12, "r2n_latency":75, "lqi":100, "rssi":-85, "server_sent":46, "server_received":88, "server_bytes_rx":60, "n2r_latency":1244, "hops":0, "rtt_latency":492, "root_time_now":487200}
[Mote:12] Not reachable yet
[Mote:10] Not reachable yet
[Mote:17] Not reachable yet
[Mote:6] Sensor IPv6 = fe80::206:6:6:6
[Mote:16] Sensor IPv6 = fe80::210:10:10:10
[Mote:1] {"node":"fd00::206:6:6:6", "cpu_energy_mj":19, "lpm_energy_mj":0, "radio_tx_energy_mj":1, "radio_rx_energy_mj":8, "node_time":491657, "total_sent":42, "total_received":44, "bytes_tx":60, "bytes_rx":12, "r2n_latency":355, "lqi":100, "rssi":-80, "server_sent":45, "server_received":86, "server_bytes_rx":60, "n2r_latency":373, "hops":0, "rtt_latency":1822, "root_time_now":492030}
[Mote:19] Not reachable yet
[Mote:7] Not reachable yet
[Mote:8] Not reachable yet
[Mote:3] Not reachable yet
[Mote:15] Not reachable yet
[Mote:2] Sensor IPv6 = fe80::202:2:2:2
[Mote:1] {"node":"fd00::202:2:2:2", "cpu_energy_mj":18, "lpm_energy_mj":0, "radio_tx_energy_mj":0, "radio_rx_energy_mj":8, "node_time":494796, "total_sent":30, "total_received":45, "bytes_tx":60, "bytes_rx":12, "r2n_latency":154, "lqi":100, "rssi":-84, "server_sent":47, "server_received":58, "server_bytes_rx":60, "n2r_latency":104, "hops":0, "rtt_latency":2317, "root_time_now":494900}
[Mote:14] Not reachable yet
[Mote:18] Not reachable yet
[Mote:1] {"node":"fd00::210:10:10:10", "cpu_energy_mj":523, "lpm_energy_mj":0, "radio_tx_energy_mj":7, "radio_rx_energy_mj":1801, "node_time":491695, "total_sent":8, "total_received":3, "bytes_tx":60, "bytes_rx":12, "r2n_latency":10754, "lqi":100, "rssi":-42, "server_sent":35, "server_received":5, "server_bytes_rx":60, "n2r_latency":4115, "hops":1, "rtt_latency":4327, "root_time_now":495810}
[Mote:11] Not reachable yet
[Mote:13] Sensor IPv6 = fe80::20d:d:d:d
[Mote:4] Sensor IPv6 = fe80::204:4:4:4
[Mote:1] {"node":"fd00::20d:d:d:d", "cpu_energy_mj":18, "lpm_energy_mj":0, "radio_tx_energy_mj":0, "radio_rx_energy_mj":8, "node_time":496023, "total_sent":34, "total_received":40, "bytes_tx":60, "bytes_rx":12, "r2n_latency":714, "lqi":100, "rssi":-87, "server_sent":40, "server_received":71, "server_bytes_rx":60, "n2r_latency":137, "hops":1, "rtt_latency":2842, "root_time_now":496160}
[Mote:1] {"node":"fd00::204:4:4:4", "cpu_energy_mj":19, "lpm_energy_mj":0, "radio_tx_energy_mj":0, "radio_rx_energy_mj":8, "node_time":496082, "total_sent":30, "total_received":37, "bytes_tx":60, "bytes_rx":12, "r2n_latency":2254, "lqi":100, "rssi":-83, "server_sent":37, "server_received":56, "server_bytes_rx":60, "n2r_latency":288, "hops":2, "rtt_latency":2877, "root_time_now":496370}
[Mote:5] Sensor IPv6 = fe80::205:5:5:5
[Mote:1] {"node":"fd00::205:5:5:5", "cpu_energy_mj":19, "lpm_energy_mj":0, "radio_tx_energy_mj":1, "radio_rx_energy_mj":7, "node_time":496748, "total_sent":45, "total_received":46, "bytes_tx":60, "bytes_rx":12, "r2n_latency":14, "lqi":100, "rssi":-85, "server_sent":47, "server_received":90, "server_bytes_rx":60, "n2r_latency":42, "hops":0, "rtt_latency":672, "root_time_now":496790}
[Mote:9] Not reachable yet
[Mote:12] Not reachable yet
[Mote:10] Not reachable yet
[Mote:17] Not reachable yet
[Mote:16] Sensor IPv6 = fe80::210:10:10:10
[Mote:6] Sensor IPv6 = fe80::206:6:6:6
[Mote:7] Not reachable yet
[Mote:8] Not reachable yet
[Mote:19] Not reachable yet
[Mote:1] {"node":"fd00::210:10:10:10", "cpu_energy_mj":18, "lpm_energy_mj":0, "radio_tx_energy_mj":0, "radio_rx_energy_mj":7, "node_time":501726, "total_sent":9, "total_received":4, "bytes_tx":60, "bytes_rx":12, "r2n_latency":3794, "lqi":100, "rssi":-55, "server_sent":36, "server_received":7, "server_bytes_rx":60, "n2r_latency":1294, "hops":1, "rtt_latency":2947, "root_time_now":503020}
[Mote:3] Not reachable yet
[Mote:15] Not reachable yet
[Mote:2] Sensor IPv6 = fe80::202:2:2:2
[Mote:1] {"node":"fd00::206:6:6:6", "cpu_energy_mj":19, "lpm_energy_mj":0, "radio_tx_energy_mj":0, "radio_rx_energy_mj":8, "node_time":502587, "total_sent":43, "total_received":46, "bytes_tx":60, "bytes_rx":12, "r2n_latency":584, "lqi":100, "rssi":-80, "server_sent":46, "server_received":89, "server_bytes_rx":60, "n2r_latency":2883, "hops":0, "rtt_latency":2532, "root_time_now":505470}
[Mote:14] Not reachable yet
[Mote:11] Not reachable yet
[Mote:13] Sensor IPv6 = fe80::20d:d:d:d
[Mote:1] {"node":"fd00::20d:d:d:d", "cpu_energy_mj":18, "lpm_energy_mj":0, "radio_tx_energy_mj":0, "radio_rx_energy_mj":8, "node_time":506136, "total_sent":35, "total_received":41, "bytes_tx":60, "bytes_rx":12, "r2n_latency":1074, "lqi":100, "rssi":-87, "server_sent":41, "server_received":73, "server_bytes_rx":60, "n2r_latency":104, "hops":1, "rtt_latency":1482, "root_time_now":506240}
[Mote:18] Not reachable yet
[Mote:4] Sensor IPv6 = fe80::204:4:4:4
[Mote:1] {"node":"fd00::202:2:2:2", "cpu_energy_mj":18, "lpm_energy_mj":0, "radio_tx_energy_mj":0, "radio_rx_energy_mj":8, "node_time":505328, "total_sent":31, "total_received":46, "bytes_tx":60, "bytes_rx":12, "r2n_latency":164, "lqi":100, "rssi":-84, "server_sent":48, "server_received":60, "server_bytes_rx":60, "n2r_latency":2032, "hops":0, "rtt_latency":3652, "root_time_now":507360}
[Mote:5] Sensor IPv6 = fe80::205:5:5:5
[Mote:9] Not reachable yet
[Mote:1] {"node":"fd00::205:5:5:5", "cpu_energy_mj":19, "lpm_energy_mj":0, "radio_tx_energy_mj":1, "radio_rx_energy_mj":8, "node_time":507542, "total_sent":46, "total_received":47, "bytes_tx":60, "bytes_rx":12, "r2n_latency":24, "lqi":100, "rssi":-85, "server_sent":48, "server_received":92, "server_bytes_rx":60, "n2r_latency":308, "hops":0, "rtt_latency":1447, "root_time_now":507850}
[Mote:12] Not reachable yet
[Mote:10] Not reachable yet
[Mote:17] Not reachable yet
[Mote:16] Sensor IPv6 = fe80::210:10:10:10
[Mote:7] Not reachable yet
[Mote:8] Not reachable yet
[Mote:6] Sensor IPv6 = fe80::206:6:6:6
[Mote:3] Not reachable yet
[Mote:19] Sensor IPv6 = fe80::213:13:13:13
[Mote:15] Not reachable yet
[Mote:2] Sensor IPv6 = fe80::202:2:2:2
[Mote:1] {"node":"fd00::202:2:2:2", "cpu_energy_mj":18, "lpm_energy_mj":0, "radio_tx_energy_mj":0, "radio_rx_energy_mj":8, "node_time":515858, "total_sent":32, "total_received":47, "bytes_tx":60, "bytes_rx":12, "r2n_latency":105, "lqi":100, "rssi":-84, "server_sent":49, "server_received":62, "server_bytes_rx":60, "n2r_latency":42, "hops":0, "rtt_latency":157, "root_time_now":515900}
[Mote:11] Not reachable yet
[Mote:13] Sensor IPv6 = fe80::20d:d:d:d
[Mote:14] Not reachable yet
[Mote:18] Not reachable yet
[Mote:4] Sensor IPv6 = fe80::204:4:4:4
[Mote:1] {"node":"fd00::204:4:4:4", "cpu_energy_mj":19, "lpm_energy_mj":0, "radio_tx_energy_mj":0, "radio_rx_energy_mj":8, "node_time":506639, "total_sent":31, "total_received":38, "bytes_tx":60, "bytes_rx":12, "r2n_latency":2544, "lqi":100, "rssi":-83, "server_sent":39, "server_received":58, "server_bytes_rx":60, "n2r_latency":11011, "hops":2, "rtt_latency":3722, "root_time_now":517650}
[Mote:9] Not reachable yet
[Mote:5] Sensor IPv6 = fe80::205:5:5:5
[Mote:1] {"node":"fd00::20d:d:d:d", "cpu_energy_mj":18, "lpm_energy_mj":0, "radio_tx_energy_mj":1, "radio_rx_energy_mj":8, "node_time":516250, "total_sent":36, "total_received":42, "bytes_tx":60, "bytes_rx":12, "r2n_latency":1855, "lqi":100, "rssi":-87, "server_sent":42, "server_received":75, "server_bytes_rx":60, "n2r_latency":2380, "hops":1, "rtt_latency":4007, "root_time_now":518630}
[Mote:1] {"node":"fd00::204:4:4:4", "cpu_energy_mj":19, "lpm_energy_mj":0, "radio_tx_energy_mj":2, "radio_rx_energy_mj":7, "node_time":517194, "total_sent":32, "total_received":39, "bytes_tx":60, "bytes_rx":12, "r2n_latency":2345, "lqi":100, "rssi":-83, "server_sent":39, "server_received":60, "server_bytes_rx":60, "n2r_latency":1576, "hops":2, "rtt_latency":4217, "root_time_now":518770}
[Mote:1] {"node":"fd00::205:5:5:5", "cpu_energy_mj":19, "lpm_energy_mj":0, "radio_tx_energy_mj":2, "radio_rx_energy_mj":7, "node_time":518333, "total_sent":47, "total_received":48, "bytes_tx":60, "bytes_rx":12, "r2n_latency":455, "lqi":100, "rssi":-85, "server_sent":49, "server_received":94, "server_bytes_rx":60, "n2r_latency":787, "hops":0, "rtt_latency":2012, "root_time_now":519120}
[Mote:1] {"node":"fd00::213:13:13:13", "cpu_energy_mj":314, "lpm_energy_mj":0, "radio_tx_energy_mj":1, "radio_rx_energy_mj":637, "node_time":513938, "total_sent":14, "total_received":28, "bytes_tx":60, "bytes_rx":12, "r2n_latency":1985, "lqi":100, "rssi":-30, "server_sent":38, "server_received":16, "server_bytes_rx":60, "n2r_latency":5252, "hops":3, "rtt_latency":1552, "root_time_now":519190}
[Mote:10] Not reachable yet
[Mote:12] Not reachable yet
[Mote:17] Not reachable yet
[Mote:16] Not reachable yet
[Mote:7] Not reachable yet
[Mote:8] Not reachable yet
[Mote:3] Sensor IPv6 = fe80::203:3:3:3
[Mote:6] Sensor IPv6 = fe80::206:6:6:6
[Mote:1] {"node":"fd00::206:6:6:6", "cpu_energy_mj":19, "lpm_energy_mj":0, "radio_tx_energy_mj":1, "radio_rx_energy_mj":8, "node_time":524444, "total_sent":45, "total_received":48, "bytes_tx":60, "bytes_rx":12, "r2n_latency":463, "lqi":100, "rssi":-80, "server_sent":48, "server_received":91, "server_bytes_rx":60, "n2r_latency":136, "hops":1, "rtt_latency":1102, "root_time_now":524580}
[Mote:19] Sensor IPv6 = fe80::213:13:13:13
[Mote:11] Not reachable yet
[Mote:15] Not reachable yet
[Mote:13] Sensor IPv6 = fe80::20d:d:d:d
[Mote:2] Sensor IPv6 = fe80::202:2:2:2
[Mote:1] {"node":"fd00::202:2:2:2", "cpu_energy_mj":18, "lpm_energy_mj":0, "radio_tx_energy_mj":0, "radio_rx_energy_mj":8, "node_time":526387, "total_sent":33, "total_received":48, "bytes_tx":60, "bytes_rx":12, "r2n_latency":43, "lqi":100, "rssi":-84, "server_sent":50, "server_received":64, "server_bytes_rx":60, "n2r_latency":573, "hops":0, "rtt_latency":336, "root_time_now":526960}
[Mote:18] Not reachable yet
[Mote:14] Not reachable yet
[Mote:4] Sensor IPv6 = fe80::204:4:4:4
[Mote:9] Not reachable yet
[Mote:5] Sensor IPv6 = fe80::205:5:5:5
[Mote:1] {"node":"fd00::203:3:3:3", "cpu_energy_mj":387, "lpm_energy_mj":0, "radio_tx_energy_mj":6, "radio_rx_energy_mj":1574, "node_time":523966, "total_sent":16, "total_received":33, "bytes_tx":60, "bytes_rx":12, "r2n_latency":4795, "lqi":100, "rssi":-74, "server_sent":37, "server_received":21, "server_bytes_rx":60, "n2r_latency":5234, "hops":3, "rtt_latency":4252, "root_time_now":529200}
[Mote:1] {"node":"fd00::213:13:13:13", "cpu_energy_mj":19, "lpm_energy_mj":0, "radio_tx_energy_mj":0, "radio_rx_energy_mj":9, "node_time":524866, "total_sent":15, "total_received":29, "bytes_tx":60, "bytes_rx":12, "r2n_latency":3893, "lqi":100, "rssi":-83, "server_sent":39, "server_received":18, "server_bytes_rx":60, "n2r_latency":4474, "hops":3, "rtt_latency":3906, "root_time_now":529340}
[Mote:1] {"node":"fd00::20d:d:d:d", "cpu_energy_mj":18, "lpm_energy_mj":0, "radio_tx_energy_mj":1, "radio_rx_energy_mj":7, "node_time":526363, "total_sent":37, "total_received":43, "bytes_tx":60, "bytes_rx":12, "r2n_latency":2843, "lqi":100, "rssi":-87, "server_sent":43, "server_received":77, "server_bytes_rx":60, "n2r_latency":3047, "hops":1, "rtt_latency":1666, "root_time_now":529410}
[Mote:1] {"node":"fd00::204:4:4:4", "cpu_energy_mj":19, "lpm_energy_mj":0, "radio_tx_energy_mj":1, "radio_rx_energy_mj":8, "node_time":527750, "total_sent":33, "total_received":40, "bytes_tx":60, "bytes_rx":12, "r2n_latency":3333, "lqi":100, "rssi":-83, "server_sent":40, "server_received":62, "server_bytes_rx":60, "n2r_latency":1870, "hops":2, "rtt_latency":3276, "root_time_now":529620}
[Mote:1] {"node":"fd00::205:5:5:5", "cpu_energy_mj":19, "lpm_energy_mj":0, "radio_tx_energy_mj":1, "radio_rx_energy_mj":7, "node_time":529126, "total_sent":48, "total_received":49, "bytes_tx":60, "bytes_rx":12, "r2n_latency":2353, "lqi":100, "rssi":-85, "server_sent":50, "server_received":96, "server_bytes_rx":60, "n2r_latency":564, "hops":0, "rtt_latency":1456, "root_time_now":529690}
[Mote:10] Not reachable yet
[Mote:12] Not reachable yet
[Mote:16] Not reachable yet
[Mote:17] Not reachable yet
[Mote:3] Sensor IPv6 = fe80::203:3:3:3
[Mote:7] Not reachable yet
[Mote:8] Not reachable yet
[Mote:6] Sensor IPv6 = fe80::206:6:6:6
[Mote:19] Sensor IPv6 = fe80::213:13:13:13
[Mote:11] Not reachable yet
[Mote:13] Sensor IPv6 = fe80::20d:d:d:d
[Mote:15] Not reachable yet
[Mote:2] Sensor IPv6 = fe80::202:2:2:2
[Mote:1] {"node":"fd00::206:6:6:6", "cpu_energy_mj":19, "lpm_energy_mj":0, "radio_tx_energy_mj":2, "radio_rx_energy_mj":7, "node_time":535373, "total_sent":46, "total_received":49, "bytes_tx":60, "bytes_rx":12, "r2n_latency":474, "lqi":100, "rssi":-90, "server_sent":49, "server_received":94, "server_bytes_rx":60, "n2r_latency":2367, "hops":1, "rtt_latency":3842, "root_time_now":537740}
[Mote:1] {"node":"fd00::202:2:2:2", "cpu_energy_mj":18, "lpm_energy_mj":0, "radio_tx_energy_mj":1, "radio_rx_energy_mj":7, "node_time":536919, "total_sent":34, "total_received":49, "bytes_tx":60, "bytes_rx":12, "r2n_latency":194, "lqi":100, "rssi":-84, "server_sent":51, "server_received":66, "server_bytes_rx":60, "n2r_latency":891, "hops":0, "rtt_latency":3807, "root_time_now":537810}
[Mote:18] Not reachable yet
[Mote:14] Not reachable yet
[Mote:4] Sensor IPv6 = fe80::204:4:4:4
[Mote:1] {"node":"fd00::203:3:3:3", "cpu_energy_mj":18, "lpm_energy_mj":0, "radio_tx_energy_mj":0, "radio_rx_energy_mj":8, "node_time":534229, "total_sent":17, "total_received":35, "bytes_tx":60, "bytes_rx":12, "r2n_latency":3274, "lqi":100, "rssi":-74, "server_sent":38, "server_received":24, "server_bytes_rx":60, "n2r_latency":4981, "hops":3, "rtt_latency":4577, "root_time_now":539210}
[Mote:9] Not reachable yet
[Mote:1] {"node":"fd00::213:13:13:13", "cpu_energy_mj":19, "lpm_energy_mj":0, "radio_tx_energy_mj":0, "radio_rx_energy_mj":9, "node_time":535794, "total_sent":16, "total_received":30, "bytes_tx":60, "bytes_rx":12, "r2n_latency":2014, "lqi":100, "rssi":-83, "server_sent":40, "server_received":20, "server_bytes_rx":60, "n2r_latency":3836, "hops":3, "rtt_latency":4542, "root_time_now":539630}
[Mote:5] Sensor IPv6 = fe80::205:5:5:5
[Mote:1] {"node":"fd00::20d:d:d:d", "cpu_energy_mj":18, "lpm_energy_mj":0, "radio_tx_energy_mj":1, "radio_rx_energy_mj":7, "node_time":536474, "total_sent":38, "total_received":44, "bytes_tx":60, "bytes_rx":12, "r2n_latency":894, "lqi":100, "rssi":-87, "server_sent":44, "server_received":78, "server_bytes_rx":60, "n2r_latency":3506, "hops":1, "rtt_latency":1666, "root_time_now":539980}
[Mote:10] Not reachable yet
[Mote:1] {"node":"fd00::204:4:4:4", "cpu_energy_mj":19, "lpm_energy_mj":0, "radio_tx_energy_mj":0, "radio_rx_energy_mj":9, "node_time":538305, "total_sent":34, "total_received":41, "bytes_tx":60, "bytes_rx":12, "r2n_latency":1314, "lqi":100, "rssi":-83, "server_sent":42, "server_received":64, "server_bytes_rx":60, "n2r_latency":3215, "hops":2, "rtt_latency":4227, "root_time_now":541520}
[Mote:12] Not reachable yet
[Mote:16] Not reachable yet
[Mote:17] Not reachable yet
[Mote:1] {"node":"fd00::205:5:5:5", "cpu_energy_mj":19, "lpm_energy_mj":0, "radio_tx_energy_mj":2, "radio_rx_energy_mj":7, "node_time":539916, "total_sent":49, "total_received":50, "bytes_tx":60, "bytes_rx":12, "r2n_latency":54, "lqi":100, "rssi":-85, "server_sent":52, "server_received":98, "server_bytes_rx":60, "n2r_latency":2164, "hops":0, "rtt_latency":1182, "root_time_now":542080}
[Mote:3] Sensor IPv6 = fe80::203:3:3:3
[Mote:7] Not reachable yet
[Mote:8] Not reachable yet
[Mote:6] Sensor IPv6 = fe80::206:6:6:6
[Mote:11] Sensor IPv6 = fe80::20b:b:b:b
[Mote:1] {"node":"fd00::206:6:6:6", "cpu_energy_mj":19, "lpm_energy_mj":0, "radio_tx_energy_mj":0, "radio_rx_energy_mj":8, "node_time":546305, "total_sent":47, "total_received":50, "bytes_tx":60, "bytes_rx":12, "r2n_latency":1117, "lqi":100, "rssi":-90, "server_sent":50, "server_received":96, "server_bytes_rx":60, "n2r_latency":185, "hops":1, "rtt_latency":628, "root_time_now":546490}
[Mote:13] Sensor IPv6 = fe80::20d:d:d:d
[Mote:19] Sensor IPv6 = fe80::213:13:13:13
[Mote:1] {"node":"fd00::20b:b:b:b", "cpu_energy_mj":455, "lpm_energy_mj":0, "radio_tx_energy_mj":1, "radio_rx_energy_mj":1937, "node_time":546437, "total_sent":25, "total_received":40, "bytes_tx":60, "bytes_rx":12, "r2n_latency":1677, "lqi":100, "rssi":-87, "server_sent":48, "server_received":48, "server_bytes_rx":60, "n2r_latency":473, "hops":1, "rtt_latency":908, "root_time_now":546910}
[Mote:15] Not reachable yet
[Mote:2] Sensor IPv6 = fe80::202:2:2:2
[Mote:1] {"node":"fd00::202:2:2:2", "cpu_energy_mj":18, "lpm_energy_mj":0, "radio_tx_energy_mj":1, "radio_rx_energy_mj":7, "node_time":547449, "total_sent":35, "total_received":50, "bytes_tx":60, "bytes_rx":12, "r2n_latency":67, "lqi":100, "rssi":-84, "server_sent":52, "server_received":68, "server_bytes_rx":60, "n2r_latency":21, "hops":0, "rtt_latency":68, "root_time_now":547470}
[Mote:1] {"node":"fd00::203:3:3:3", "cpu_energy_mj":18, "lpm_energy_mj":0, "radio_tx_energy_mj":0, "radio_rx_energy_mj":8, "node_time":544494, "total_sent":18, "total_received":35, "bytes_tx":60, "bytes_rx":12, "r2n_latency":3274, "lqi":100, "rssi":-74, "server_sent":39, "server_received":25, "server_bytes_rx":60, "n2r_latency":3326, "hops":3, "rtt_latency":4577, "root_time_now":547820}
[Mote:18] Not reachable yet
[Mote:4] Sensor IPv6 = fe80::204:4:4:4
[Mote:14] Not reachable yet
[Mote:9] Not reachable yet
[Mote:10] Not reachable yet
[Mote:5] Sensor IPv6 = fe80::205:5:5:5
[Mote:1] {"node":"fd00::205:5:5:5", "cpu_energy_mj":19, "lpm_energy_mj":0, "radio_tx_energy_mj":1, "radio_rx_energy_mj":7, "node_time":550710, "total_sent":50, "total_received":51, "bytes_tx":60, "bytes_rx":12, "r2n_latency":2867, "lqi":100, "rssi":-85, "server_sent":53, "server_received":100, "server_bytes_rx":60, "n2r_latency":400, "hops":0, "rtt_latency":1888, "root_time_now":551110}
[Mote:1] {"node":"fd00::20d:d:d:d", "cpu_energy_mj":18, "lpm_energy_mj":0, "radio_tx_energy_mj":0, "radio_rx_energy_mj":8, "node_time":546588, "total_sent":39, "total_received":45, "bytes_tx":60, "bytes_rx":12, "r2n_latency":4057, "lqi":100, "rssi":-87, "server_sent":46, "server_received":80, "server_bytes_rx":60, "n2r_latency":5152, "hops":1, "rtt_latency":3638, "root_time_now":551740}
[Mote:16] Not reachable yet
[Mote:17] Not reachable yet
[Mote:12] Sensor IPv6 = fe80::20c:c:c:c
[Mote:1] {"node":"fd00::20c:c:c:c", "cpu_energy_mj":682, "lpm_energy_mj":0, "radio_tx_energy_mj":4, "radio_rx_energy_mj":330, "node_time":552682, "total_sent":15, "total_received":47, "bytes_tx":60, "bytes_rx":12, "r2n_latency":3077, "lqi":100, "rssi":-85, "server_sent":52, "server_received":27, "server_bytes_rx":60, "n2r_latency":388, "hops":1, "rtt_latency":2343, "root_time_now":553070}
[Mote:3] Sensor IPv6 = fe80::203:3:3:3
[Mote:7] Not reachable yet
[Mote:8] Not reachable yet
[Mote:11] Sensor IPv6 = fe80::20b:b:b:b
[Mote:13] Sensor IPv6 = fe80::20d:d:d:d
[Mote:6] Sensor IPv6 = fe80::206:6:6:6
[Mote:19] Sensor IPv6 = fe80::213:13:13:13
[Mote:15] Not reachable yet
[Mote:2] Sensor IPv6 = fe80::202:2:2:2
[Mote:18] Not reachable yet
[Mote:4] Sensor IPv6 = fe80::204:4:4:4
[Mote:14] Not reachable yet
[Mote:10] Not reachable yet
[Mote:9] Not reachable yet
[Mote:5] Sensor IPv6 = fe80::205:5:5:5
[Mote:1] {"node":"fd00::204:4:4:4", "cpu_energy_mj":19, "lpm_energy_mj":0, "radio_tx_energy_mj":0, "radio_rx_energy_mj":8, "node_time":548862, "total_sent":35, "total_received":42, "bytes_tx":60, "bytes_rx":12, "r2n_latency":5527, "lqi":100, "rssi":-83, "server_sent":44, "server_received":66, "server_bytes_rx":60, "n2r_latency":12958, "hops":2, "rtt_latency":4233, "root_time_now":561820}
[Mote:16] Not reachable yet
[Mote:17] Not reachable yet
[Mote:1] {"node":"fd00::205:5:5:5", "cpu_energy_mj":19, "lpm_energy_mj":0, "radio_tx_energy_mj":1, "radio_rx_energy_mj":7, "node_time":561502, "total_sent":51, "total_received":53, "bytes_tx":60, "bytes_rx":12, "r2n_latency":13, "lqi":100, "rssi":-85, "server_sent":54, "server_received":102, "server_bytes_rx":60, "n2r_latency":1228, "hops":0, "rtt_latency":1336, "root_time_now":562730}
[Mote:1] {"node":"fd00::20b:b:b:b", "cpu_energy_mj":18, "lpm_energy_mj":0, "radio_tx_energy_mj":0, "radio_rx_energy_mj":8, "node_time":556558, "total_sent":26, "total_received":41, "bytes_tx":60, "bytes_rx":12, "r2n_latency":1264, "lqi":100, "rssi":-87, "server_sent":50, "server_received":50, "server_bytes_rx":60, "n2r_latency":6942, "hops":1, "rtt_latency":842, "root_time_now":563500}
[Mote:12] Sensor IPv6 = fe80::20c:c:c:c
[Mote:1] {"node":"fd00::202:2:2:2", "cpu_energy_mj":18, "lpm_energy_mj":0, "radio_tx_energy_mj":1, "radio_rx_energy_mj":8, "node_time":557982, "total_sent":36, "total_received":51, "bytes_tx":60, "bytes_rx":12, "r2n_latency":74, "lqi":100, "rssi":-84, "server_sent":54, "server_received":70, "server_bytes_rx":60, "n2r_latency":5588, "hops":0, "rtt_latency":352, "root_time_now":563570}
[Mote:1] {"node":"fd00::206:6:6:6", "cpu_energy_mj":19, "lpm_energy_mj":0, "radio_tx_energy_mj":1, "radio_rx_energy_mj":8, "node_time":557232, "total_sent":48, "total_received":51, "bytes_tx":60, "bytes_rx":12, "r2n_latency":1334, "lqi":100, "rssi":-90, "server_sent":52, "server_received":98, "server_bytes_rx":60, "n2r_latency":6408, "hops":1, "rtt_latency":737, "root_time_now":563640}
[Mote:1] {"node":"fd00::20c:c:c:c", "cpu_energy_mj":19, "lpm_energy_mj":0, "radio_tx_energy_mj":0, "radio_rx_energy_mj":8, "node_time":563513, "total_sent":16, "total_received":49, "bytes_tx":60, "bytes_rx":12, "r2n_latency":573, "lqi":100, "rssi":-85, "server_sent":53, "server_received":30, "server_bytes_rx":60, "n2r_latency":337, "hops":1, "rtt_latency":1441, "root_time_now":563850}
[Mote:3] Sensor IPv6 = fe80::203:3:3:3
[Mote:7] Not reachable yet
[Mote:8] Not reachable yet
[Mote:11] Sensor IPv6 = fe80::20b:b:b:b
[Mote:13] Sensor IPv6 = fe80::20d:d:d:d
[Mote:1] {"node":"fd00::20b:b:b:b", "cpu_energy_mj":18, "lpm_energy_mj":0, "radio_tx_energy_mj":0, "radio_rx_energy_mj":9, "node_time":566681, "total_sent":27, "total_received":42, "bytes_tx":60, "bytes_rx":12, "r2n_latency":993, "lqi":100, "rssi":-87, "server_sent":50, "server_received":52, "server_bytes_rx":60, "n2r_latency":459, "hops":1, "rtt_latency":2806, "root_time_now":567140}
[Mote:6] Sensor IPv6 = fe80::206:6:6:6
[Mote:1] {"node":"fd00::206:6:6:6", "cpu_energy_mj":19, "lpm_energy_mj":0, "radio_tx_energy_mj":1, "radio_rx_energy_mj":8, "node_time":568160, "total_sent":49, "total_received":52, "bytes_tx":60, "bytes_rx":12, "r2n_latency":4143, "lqi":100, "rssi":-90, "server_sent":52, "server_received":100, "server_bytes_rx":60, "n2r_latency":170, "hops":1, "rtt_latency":3191, "root_time_now":568330}
[Mote:15] Not reachable yet
[Mote:2] Sensor IPv6 = fe80::202:2:2:2
[Mote:19] Sensor IPv6 = fe80::213:13:13:13
[Mote:1] {"node":"fd00::202:2:2:2", "cpu_energy_mj":18, "lpm_energy_mj":0, "radio_tx_energy_mj":2, "radio_rx_energy_mj":7, "node_time":568511, "total_sent":37, "total_received":52, "bytes_tx":60, "bytes_rx":12, "r2n_latency":223, "lqi":100, "rssi":-84, "server_sent":54, "server_received":72, "server_bytes_rx":60, "n2r_latency":169, "hops":0, "rtt_latency":2771, "root_time_now":568680}
[Mote:1] {"node":"fd00::203:3:3:3", "cpu_energy_mj":18, "lpm_energy_mj":0, "radio_tx_energy_mj":0, "radio_rx_energy_mj":8, "node_time":554758, "total_sent":19, "total_received":36, "bytes_tx":60, "bytes_rx":12, "r2n_latency":12457, "lqi":100, "rssi":-74, "server_sent":41, "server_received":27, "server_bytes_rx":60, "n2r_latency":14062, "hops":3, "rtt_latency":10953, "root_time_now":568820}
[Mote:18] Not reachable yet
[Mote:1] {"node":"fd00::20d:d:d:d", "cpu_energy_mj":18, "lpm_energy_mj":0, "radio_tx_energy_mj":1, "radio_rx_energy_mj":7, "node_time":556702, "total_sent":40, "total_received":46, "bytes_tx":60, "bytes_rx":12, "r2n_latency":4554, "lqi":100, "rssi":-87, "server_sent":47, "server_received":82, "server_bytes_rx":60, "n2r_latency":13098, "hops":1, "rtt_latency":6302, "root_time_now":569800}
[Mote:4] Sensor IPv6 = fe80::204:4:4:4
[Mote:14] Not reachable yet
[Mote:10] Not reachable yet
[Mote:9] Not reachable yet
[Mote:16] Not reachable yet
[Mote:5] Sensor IPv6 = fe80::205:5:5:5
[Mote:17] Not reachable yet
[Mote:1] {"node":"fd00::205:5:5:5", "cpu_energy_mj":19, "lpm_energy_mj":0, "radio_tx_energy_mj":1, "radio_rx_energy_mj":8, "node_time":572292, "total_sent":52, "total_received":53, "bytes_tx":60, "bytes_rx":12, "r2n_latency":13, "lqi":100, "rssi":-85, "server_sent":55, "server_received":103, "server_bytes_rx":60, "n2r_latency":1148, "hops":0, "rtt_latency":1336, "root_time_now":573440}
[Mote:12] Sensor IPv6 = fe80::20c:c:c:c
[Mote:1] {"node":"fd00::20c:c:c:c", "cpu_energy_mj":19, "lpm_energy_mj":0, "radio_tx_energy_mj":0, "radio_rx_energy_mj":8, "node_time":574348, "total_sent":17, "total_received":49, "bytes_tx":60, "bytes_rx":12, "r2n_latency":573, "lqi":100, "rssi":-85, "server_sent":54, "server_received":31, "server_bytes_rx":60, "n2r_latency":772, "hops":1, "rtt_latency":1441, "root_time_now":575120}
[Mote:3] Sensor IPv6 = fe80::203:3:3:3
[Mote:7] Not reachable yet
[Mote:8] Not reachable yet
[Mote:11] Sensor IPv6 = fe80::20b:b:b:b
[Mote:13] Sensor IPv6 = fe80::20d:d:d:d
[Mote:1] {"node":"fd00::20b:b:b:b", "cpu_energy_mj":18, "lpm_energy_mj":0, "radio_tx_energy_mj":0, "radio_rx_energy_mj":8, "node_time":576806, "total_sent":28, "total_received":43, "bytes_tx":60, "bytes_rx":12, "r2n_latency":1214, "lqi":100, "rssi":-87, "server_sent":51, "server_received":54, "server_bytes_rx":60, "n2r_latency":344, "hops":1, "rtt_latency":677, "root_time_now":577150}
[Mote:1] {"node":"fd00::204:4:4:4", "cpu_energy_mj":19, "lpm_energy_mj":0, "radio_tx_energy_mj":1, "radio_rx_energy_mj":8, "node_time":559418, "total_sent":36, "total_received":43, "bytes_tx":60, "bytes_rx":12, "r2n_latency":4764, "lqi":100, "rssi":-83, "server_sent":45, "server_received":67, "server_bytes_rx":60, "n2r_latency":17942, "hops":2, "rtt_latency":4233, "root_time_now":577360}
[Mote:1] {"node":"fd00::203:3:3:3", "cpu_energy_mj":18, "lpm_energy_mj":0, "radio_tx_energy_mj":1, "radio_rx_energy_mj":7, "node_time":565022, "total_sent":20, "total_received":37, "bytes_tx":60, "bytes_rx":12, "r2n_latency":7284, "lqi":100, "rssi":-74, "server_sent":42, "server_received":29, "server_bytes_rx":60, "n2r_latency":12968, "hops":3, "rtt_latency":11692, "root_time_now":577990}
[Mote:1] {"node":"fd00::20d:d:d:d", "cpu_energy_mj":18, "lpm_energy_mj":0, "radio_tx_energy_mj":1, "radio_rx_energy_mj":8, "node_time":566813, "total_sent":41, "total_received":46, "bytes_tx":60, "bytes_rx":12, "r2n_latency":4554, "lqi":100, "rssi":-87, "server_sent":48, "server_received":83, "server_bytes_rx":60, "n2r_latency":11527, "hops":1, "rtt_latency":6302, "root_time_now":578340}
[Mote:15] Not reachable yet
[Mote:2] Sensor IPv6 = fe80::202:2:2:2
[Mote:6] Sensor IPv6 = fe80::206:6:6:6
[Mote:19] Sensor IPv6 = fe80::213:13:13:13
[Mote:18] Not reachable yet
[Mote:4] Sensor IPv6 = fe80::204:4:4:4
[Mote:10] Not reachable yet
[Mote:14] Not reachable yet
[Mote:9] Not reachable yet
[Mote:16] Not reachable yet
[Mote:17] Not reachable yet
[Mote:5] Sensor IPv6 = fe80::205:5:5:5
[Mote:1] {"node":"fd00::202:2:2:2", "cpu_energy_mj":18, "lpm_energy_mj":0, "radio_tx_energy_mj":1, "radio_rx_energy_mj":7, "node_time":579042, "total_sent":38, "total_received":53, "bytes_tx":60, "bytes_rx":12, "r2n_latency":24, "lqi":100, "rssi":-84, "server_sent":56, "server_received":74, "server_bytes_rx":60, "n2r_latency":5038, "hops":0, "rtt_latency":327, "root_time_now":584080}
[Mote:1] {"node":"fd00::206:6:6:6", "cpu_energy_mj":19, "lpm_energy_mj":0, "radio_tx_energy_mj":1, "radio_rx_energy_mj":8, "node_time":579089, "total_sent":50, "total_received":53, "bytes_tx":60, "bytes_rx":12, "r2n_latency":864, "lqi":100, "rssi":-90, "server_sent":54, "server_received":102, "server_bytes_rx":60, "n2r_latency":5061, "hops":1, "rtt_latency":502, "root_time_now":584150}
[Mote:12] Sensor IPv6 = fe80::20c:c:c:c
[Mote:3] Sensor IPv6 = fe80::203:3:3:3
[Mote:7] Not reachable yet
[Mote:8] Not reachable yet
[Mote:11] Sensor IPv6 = fe80::20b:b:b:b
[Mote:13] Not reachable yet
[Mote:1] {"node":"fd00::205:5:5:5", "cpu_energy_mj":19, "lpm_energy_mj":0, "radio_tx_energy_mj":1, "radio_rx_energy_mj":7, "node_time":583085, "total_sent":53, "total_received":54, "bytes_tx":60, "bytes_rx":12, "r2n_latency":8214, "lqi":100, "rssi":-85, "server_sent":56, "server_received":105, "server_bytes_rx":60, "n2r_latency":5125, "hops":0, "rtt_latency":4247, "root_time_now":588210}
[Mote:1] {"node":"fd00::204:4:4:4", "cpu_energy_mj":19, "lpm_energy_mj":0, "radio_tx_energy_mj":0, "radio_rx_energy_mj":9, "node_time":569973, "total_sent":37, "total_received":43, "bytes_tx":60, "bytes_rx":12, "r2n_latency":4764, "lqi":100, "rssi":-83, "server_sent":46, "server_received":69, "server_bytes_rx":60, "n2r_latency":18727, "hops":2, "rtt_latency":13932, "root_time_now":588700}
[Mote:1] {"node":"fd00::20c:c:c:c", "cpu_energy_mj":19, "lpm_energy_mj":0, "radio_tx_energy_mj":0, "radio_rx_energy_mj":9, "node_time":585179, "total_sent":18, "total_received":50, "bytes_tx":60, "bytes_rx":12, "r2n_latency":9544, "lqi":100, "rssi":-85, "server_sent":55, "server_received":33, "server_bytes_rx":60, "n2r_latency":3801, "hops":1, "rtt_latency":4842, "root_time_now":588980}
[Mote:1] {"node":"fd00::20d:d:d:d", "cpu_energy_mj":18, "lpm_energy_mj":0, "radio_tx_energy_mj":1, "radio_rx_energy_mj":7, "node_time":576927, "total_sent":42, "total_received":47, "bytes_tx":60, "bytes_rx":12, "r2n_latency":6943, "lqi":100, "rssi":-87, "server_sent":49, "server_received":84, "server_bytes_rx":60, "n2r_latency":12123, "hops":1, "rtt_latency":6302, "root_time_now":589050}
[Mote:15] Not reachable yet
[Mote:2] Sensor IPv6 = fe80::202:2:2:2
[Mote:1] {"node":"fd00::20b:b:b:b", "cpu_energy_mj":18, "lpm_energy_mj":0, "radio_tx_energy_mj":0, "radio_rx_energy_mj":8, "node_time":586927, "total_sent":29, "total_received":44, "bytes_tx":60, "bytes_rx":12, "r2n_latency":2134, "lqi":100, "rssi":-87, "server_sent":52, "server_received":56, "server_bytes_rx":60, "n2r_latency":2683, "hops":1, "rtt_latency":2362, "root_time_now":589610}
[Mote:1] {"node":"fd00::202:2:2:2", "cpu_energy_mj":18, "lpm_energy_mj":0, "radio_tx_energy_mj":2, "radio_rx_energy_mj":7, "node_time":589575, "total_sent":39, "total_received":54, "bytes_tx":60, "bytes_rx":12, "r2n_latency":384, "lqi":100, "rssi":-84, "server_sent":56, "server_received":76, "server_bytes_rx":60, "n2r_latency":105, "hops":0, "rtt_latency":2257, "root_time_now":589680}
[Mote:6] Sensor IPv6 = fe80::206:6:6:6
[Mote:19] Not reachable yet
[Mote:18] Not reachable yet
[Mote:10] Not reachable yet
[Mote:4] Sensor IPv6 = fe80::204:4:4:4
[Mote:14] Not reachable yet
[Mote:16] Not reachable yet
[Mote:9] Not reachable yet
[Mote:17] Not reachable yet
[Mote:5] Sensor IPv6 = fe80::205:5:5:5
[Mote:1] {"node":"fd00::206:6:6:6", "cpu_energy_mj":19, "lpm_energy_mj":0, "radio_tx_energy_mj":0, "radio_rx_energy_mj":8, "node_time":590018, "total_sent":51, "total_received":54, "bytes_tx":60, "bytes_rx":12, "r2n_latency":1364, "lqi":100, "rssi":-90, "server_sent":55, "server_received":104, "server_bytes_rx":60, "n2r_latency":5402, "hops":1, "rtt_latency":2327, "root_time_now":595420}
[Mote:1] {"node":"fd00::204:4:4:4", "cpu_energy_mj":19, "lpm_energy_mj":0, "radio_tx_energy_mj":0, "radio_rx_energy_mj":9, "node_time":580533, "total_sent":38, "total_received":44, "bytes_tx":60, "bytes_rx":12, "r2n_latency":13733, "lqi":100, "rssi":-83, "server_sent":47, "server_received":71, "server_bytes_rx":60, "n2r_latency":15097, "hops":2, "rtt_latency":14391, "root_time_now":595630}
[Mote:3] Sensor IPv6 = fe80::203:3:3:3
[Mote:12] Sensor IPv6 = fe80::20c:c:c:c
[Mote:11] Sensor IPv6 = fe80::20b:b:b:b
[Mote:7] Not reachable yet
[Mote:13] Not reachable yet
[Mote:8] Not reachable yet
[Mote:1] {"node":"fd00::205:5:5:5", "cpu_energy_mj":19, "lpm_energy_mj":0, "radio_tx_energy_mj":2, "radio_rx_energy_mj":7, "node_time":593879, "total_sent":54, "total_received":55, "bytes_tx":60, "bytes_rx":12, "r2n_latency":13474, "lqi":100, "rssi":-85, "server_sent":57, "server_received":107, "server_bytes_rx":60, "n2r_latency":3431, "hops":0, "rtt_latency":8102, "root_time_now":597310}
[Mote:1] {"node":"fd00::203:3:3:3", "cpu_energy_mj":18, "lpm_energy_mj":0, "radio_tx_energy_mj":0, "radio_rx_energy_mj":8, "node_time":585549, "total_sent":22, "total_received":38, "bytes_tx":60, "bytes_rx":12, "r2n_latency":16462, "lqi":100, "rssi":-74, "server_sent":44, "server_received":30, "server_bytes_rx":60, "n2r_latency":12531, "hops":3, "rtt_latency":11692, "root_time_now":598080}
[Mote:1] {"node":"fd00::20c:c:c:c", "cpu_energy_mj":19, "lpm_energy_mj":0, "radio_tx_energy_mj":0, "radio_rx_energy_mj":9, "node_time":596012, "total_sent":19, "total_received":51, "bytes_tx":60, "bytes_rx":12, "r2n_latency":13614, "lqi":100, "rssi":-85, "server_sent":56, "server_received":35, "server_bytes_rx":60, "n2r_latency":2418, "hops":1, "rtt_latency":8592, "root_time_now":598430}
[Mote:1] {"node":"fd00::20b:b:b:b", "cpu_energy_mj":18, "lpm_energy_mj":0, "radio_tx_energy_mj":0, "radio_rx_energy_mj":8, "node_time":597049, "total_sent":30, "total_received":45, "bytes_tx":60, "bytes_rx":12, "r2n_latency":4524, "lqi":100, "rssi":-87, "server_sent":53, "server_received":58, "server_bytes_rx":60, "n2r_latency":2851, "hops":1, "rtt_latency":4922, "root_time_now":599900}
[Mote:15] Not reachable yet
[Mote:2] Sensor IPv6 = fe80::202:2:2:2
[Mote:1] {"node":"fd00::202:2:2:2", "cpu_energy_mj":18, "lpm_energy_mj":0, "radio_tx_energy_mj":1, "radio_rx_energy_mj":7, "node_time":600106, "total_sent":40, "total_received":56, "bytes_tx":60, "bytes_rx":12, "r2n_latency":55, "lqi":100, "rssi":-84, "server_sent":58, "server_received":79, "server_bytes_rx":60, "n2r_latency":214, "hops":0, "rtt_latency":132, "root_time_now":600320}
[Mote:6] Sensor IPv6 = fe80::206:6:6:6
[Mote:10] Not reachable yet
[Mote:18] Not reachable yet
[Mote:19] Not reachable yet
[Mote:1] {"node":"fd00::206:6:6:6", "cpu_energy_mj":19, "lpm_energy_mj":0, "radio_tx_energy_mj":0, "radio_rx_energy_mj":8, "node_time":600949, "total_sent":52, "total_received":56, "bytes_tx":60, "bytes_rx":12, "r2n_latency":825, "lqi":100, "rssi":-90, "server_sent":56, "server_received":107, "server_bytes_rx":60, "n2r_latency":631, "hops":1, "rtt_latency":762, "root_time_now":601580}
[Mote:4] Sensor IPv6 = fe80::204:4:4:4
[Mote:16] Not reachable yet
[Mote:14] Not reachable yet
[Mote:9] Not reachable yet
[Mote:17] Not reachable yet
[Mote:5] Sensor IPv6 = fe80::205:5:5:5
[Mote:3] Not reachable yet
[Mote:12] Sensor IPv6 = fe80::20c:c:c:c
[Mote:11] Sensor IPv6 = fe80::20b:b:b:b
[Mote:13] Not reachable yet
[Mote:7] Not reachable yet
[Mote:8] Not reachable yet
[Mote:1] {"node":"fd00::20b:b:b:b", "cpu_energy_mj":18, "lpm_energy_mj":0, "radio_tx_energy_mj":1, "radio_rx_energy_mj":7, "node_time":607172, "total_sent":31, "total_received":46, "bytes_tx":60, "bytes_rx":12, "r2n_latency":615, "lqi":100, "rssi":-87, "server_sent":54, "server_received":60, "server_bytes_rx":60, "n2r_latency":988, "hops":1, "rtt_latency":727, "root_time_now":608160}
[Mote:15] Not reachable yet
[Mote:2] Sensor IPv6 = fe80::202:2:2:2
[Mote:10] Not reachable yet
[Mote:18] Not reachable yet
[Mote:6] Sensor IPv6 = fe80::206:6:6:6
[Mote:16] Not reachable yet
[Mote:4] Not reachable yet
[Mote:19] Not reachable yet
[Mote:9] Not reachable yet
[Mote:14] Not reachable yet
[Mote:17] Not reachable yet
[Mote:1] {"node":"fd00::204:4:4:4", "cpu_energy_mj":19, "lpm_energy_mj":0, "radio_tx_energy_mj":1, "radio_rx_energy_mj":8, "node_time":591086, "total_sent":39, "total_received":45, "bytes_tx":60, "bytes_rx":12, "r2n_latency":12694, "lqi":100, "rssi":-83, "server_sent":49, "server_received":72, "server_bytes_rx":60, "n2r_latency":23934, "hops":2, "rtt_latency":14391, "root_time_now":615020}
[Mote:5] Not reachable yet
[Mote:1] {"node":"fd00::203:3:3:3", "cpu_energy_mj":18, "lpm_energy_mj":0, "radio_tx_energy_mj":0, "radio_rx_energy_mj":8, "node_time":595813, "total_sent":23, "total_received":39, "bytes_tx":60, "bytes_rx":12, "r2n_latency":22074, "lqi":100, "rssi":-74, "server_sent":46, "server_received":32, "server_bytes_rx":60, "n2r_latency":19837, "hops":3, "rtt_latency":22552, "root_time_now":615650}
[Mote:1] {"node":"fd00::205:5:5:5", "cpu_energy_mj":19, "lpm_energy_mj":0, "radio_tx_energy_mj":1, "radio_rx_energy_mj":8, "node_time":604669, "total_sent":55, "total_received":55, "bytes_tx":60, "bytes_rx":12, "r2n_latency":13474, "lqi":100, "rssi":-85, "server_sent":59, "server_received":108, "server_bytes_rx":60, "n2r_latency":11051, "hops":0, "rtt_latency":8102, "root_time_now":615720}
[Mote:3] Not reachable yet
[Mote:1] {"node":"fd00::20c:c:c:c", "cpu_energy_mj":19, "lpm_energy_mj":0, "radio_tx_energy_mj":0, "radio_rx_energy_mj":9, "node_time":606844, "total_sent":20, "total_received":51, "bytes_tx":60, "bytes_rx":12, "r2n_latency":13614, "lqi":100, "rssi":-85, "server_sent":58, "server_received":36, "server_bytes_rx":60, "n2r_latency":9646, "hops":1, "rtt_latency":8592, "root_time_now":616490}
[Mote:11] Sensor IPv6 = fe80::20b:b:b:b
[Mote:13] Not reachable yet
[Mote:1] {"node":"fd00::202:2:2:2", "cpu_energy_mj":18, "lpm_energy_mj":0, "radio_tx_energy_mj":1, "radio_rx_energy_mj":8, "node_time":610637, "total_sent":41, "total_received":57, "bytes_tx":60, "bytes_rx":12, "r2n_latency":64, "lqi":100, "rssi":-84, "server_sent":59, "server_received":81, "server_bytes_rx":60, "n2r_latency":6833, "hops":0, "rtt_latency":1257, "root_time_now":617470}
[Mote:12] Not reachable yet
[Mote:1] {"node":"fd00::206:6:6:6", "cpu_energy_mj":19, "lpm_energy_mj":0, "radio_tx_energy_mj":1, "radio_rx_energy_mj":8, "node_time":611877, "total_sent":53, "total_received":57, "bytes_tx":60, "bytes_rx":12, "r2n_latency":484, "lqi":100, "rssi":-90, "server_sent":57, "server_received":109, "server_bytes_rx":60, "n2r_latency":5803, "hops":1, "rtt_latency":3777, "root_time_now":617680}
[Mote:1] {"node":"fd00::20b:b:b:b", "cpu_energy_mj":18, "lpm_energy_mj":0, "radio_tx_energy_mj":0, "radio_rx_energy_mj":8, "node_time":617298, "total_sent":32, "total_received":47, "bytes_tx":60, "bytes_rx":12, "r2n_latency":1324, "lqi":100, "rssi":-87, "server_sent":55, "server_received":62, "server_bytes_rx":60, "n2r_latency":452, "hops":1, "rtt_latency":3812, "root_time_now":617750}
[Mote:7] Not reachable yet
[Mote:8] Not reachable yet
[Mote:15] Not reachable yet
[Mote:2] Sensor IPv6 = fe80::202:2:2:2
[Mote:10] Not reachable yet
[Mote:16] Not reachable yet
[Mote:18] Not reachable yet
[Mote:4] Not reachable yet
[Mote:6] Sensor IPv6 = fe80::206:6:6:6
[Mote:19] Not reachable yet
[Mote:17] Not reachable yet
[Mote:9] Not reachable yet
[Mote:14] Not reachable yet
[Mote:5] Not reachable yet
[Mote:3] Not reachable yet
[Mote:1] {"node":"fd00::202:2:2:2", "cpu_energy_mj":18, "lpm_energy_mj":0, "radio_tx_energy_mj":1, "radio_rx_energy_mj":7, "node_time":621168, "total_sent":42, "total_received":58, "bytes_tx":60, "bytes_rx":12, "r2n_latency":75, "lqi":100, "rssi":-84, "server_sent":60, "server_received":83, "server_bytes_rx":60, "n2r_latency":5822, "hops":0, "rtt_latency":3117, "root_time_now":626990}
[Mote:11] Sensor IPv6 = fe80::20b:b:b:b
[Mote:13] Not reachable yet
[Mote:1] {"node":"fd00::206:6:6:6", "cpu_energy_mj":19, "lpm_energy_mj":0, "radio_tx_energy_mj":0, "radio_rx_energy_mj":9, "node_time":622806, "total_sent":54, "total_received":58, "bytes_tx":60, "bytes_rx":12, "r2n_latency":635, "lqi":100, "rssi":-90, "server_sent":58, "server_received":111, "server_bytes_rx":60, "n2r_latency":5164, "hops":1, "rtt_latency":3152, "root_time_now":627970}
[Mote:1] {"node":"fd00::20b:b:b:b", "cpu_energy_mj":18, "lpm_energy_mj":0, "radio_tx_energy_mj":0, "radio_rx_energy_mj":8, "node_time":627421, "total_sent":33, "total_received":48, "bytes_tx":60, "bytes_rx":12, "r2n_latency":1825, "lqi":100, "rssi":-87, "server_sent":56, "server_received":64, "server_bytes_rx":60, "n2r_latency":619, "hops":1, "rtt_latency":3957, "root_time_now":628040}
[Mote:12] Not reachable yet
[Mote:7] Not reachable yet
[Mote:8] Not reachable yet
[Mote:15] Not reachable yet
[Mote:2] Sensor IPv6 = fe80::202:2:2:2
[Mote:1] {"node":"fd00::202:2:2:2", "cpu_energy_mj":18, "lpm_energy_mj":0, "radio_tx_energy_mj":1, "radio_rx_energy_mj":7, "node_time":631699, "total_sent":43, "total_received":59, "bytes_tx":60, "bytes_rx":12, "r2n_latency":364, "lqi":100, "rssi":-84, "server_sent":61, "server_received":85, "server_bytes_rx":60, "n2r_latency":51, "hops":0, "rtt_latency":357, "root_time_now":631750}
[Mote:10] Not reachable yet
[Mote:16] Not reachable yet
[Mote:18] Not reachable yet
[Mote:4] Not reachable yet
[Mote:6] Sensor IPv6 = fe80::206:6:6:6
[Mote:17] Not reachable yet
[Mote:19] Not reachable yet
[Mote:1] {"node":"fd00::206:6:6:6", "cpu_energy_mj":19, "lpm_energy_mj":0, "radio_tx_energy_mj":1, "radio_rx_energy_mj":8, "node_time":633734, "total_sent":55, "total_received":59, "bytes_tx":60, "bytes_rx":12, "r2n_latency":2324, "lqi":100, "rssi":-90, "server_sent":59, "server_received":113, "server_bytes_rx":60, "n2r_latency":816, "hops":1, "rtt_latency":1932, "root_time_now":634550}
[Mote:9] Not reachable yet
[Mote:14] Not reachable yet
[Mote:3] Not reachable yet
[Mote:5] Not reachable yet
[Mote:11] Sensor IPv6 = fe80::20b:b:b:b
[Mote:13] Not reachable yet
[Mote:1] {"node":"fd00::20b:b:b:b", "cpu_energy_mj":18, "lpm_energy_mj":0, "radio_tx_energy_mj":0, "radio_rx_energy_mj":8, "node_time":637542, "total_sent":34, "total_received":49, "bytes_tx":60, "bytes_rx":12, "r2n_latency":1554, "lqi":100, "rssi":-87, "server_sent":57, "server_received":66, "server_bytes_rx":60, "n2r_latency":1348, "hops":1, "rtt_latency":2807, "root_time_now":638890}
[Mote:7] Not reachable yet
[Mote:8] Not reachable yet
[Mote:12] Not reachable yet
[Mote:10] Not reachable yet
[Mote:15] Not reachable yet
[Mote:16] Not reachable yet
[Mote:2] Sensor IPv6 = fe80::202:2:2:2
[Mote:1] {"node":"fd00::202:2:2:2", "cpu_energy_mj":18, "lpm_energy_mj":0, "radio_tx_energy_mj":1, "radio_rx_energy_mj":7, "node_time":642230, "total_sent":44, "total_received":60, "bytes_tx":60, "bytes_rx":12, "r2n_latency":24, "lqi":100, "rssi":-84, "server_sent":62, "server_received":87, "server_bytes_rx":60, "n2r_latency":160, "hops":0, "rtt_latency":117, "root_time_now":642390}
[Mote:18] Not reachable yet
[Mote:4] Not reachable yet
[Mote:17] Not reachable yet
[Mote:6] Sensor IPv6 = fe80::206:6:6:6
[Mote:19] Not reachable yet
[Mote:9] Not reachable yet
[Mote:14] Not reachable yet
[Mote:3] Not reachable yet
[Mote:1] {"node":"fd00::206:6:6:6", "cpu_energy_mj":19, "lpm_energy_mj":0, "radio_tx_energy_mj":0, "radio_rx_energy_mj":8, "node_time":644664, "total_sent":56, "total_received":60, "bytes_tx":60, "bytes_rx":12, "r2n_latency":1284, "lqi":100, "rssi":-90, "server_sent":60, "server_received":114, "server_bytes_rx":60, "n2r_latency":2556, "hops":1, "rtt_latency":1932, "root_time_now":647220}
[Mote:11] Sensor IPv6 = fe80::20b:b:b:b
[Mote:13] Not reachable yet
[Mote:5] Not reachable yet
[Mote:1] {"node":"fd00::20b:b:b:b", "cpu_energy_mj":18, "lpm_energy_mj":0, "radio_tx_energy_mj":0, "radio_rx_energy_mj":7, "node_time":647665, "total_sent":35, "total_received":50, "bytes_tx":60, "bytes_rx":12, "r2n_latency":1074, "lqi":100, "rssi":-87, "server_sent":58, "server_received":68, "server_bytes_rx":60, "n2r_latency":395, "hops":1, "rtt_latency":2322, "root_time_now":648060}
[Mote:7] Not reachable yet
[Mote:8] Not reachable yet
[Mote:12] Not reachable yet
[Mote:10] Not reachable yet
[Mote:16] Not reachable yet
[Mote:15] Not reachable yet
[Mote:2] Sensor IPv6 = fe80::202:2:2:2
[Mote:18] Not reachable yet
[Mote:4] Not reachable yet
[Mote:17] Not reachable yet
[Mote:6] Not reachable yet
[Mote:9] Not reachable yet
[Mote:1] {"node":"fd00::202:2:2:2", "cpu_energy_mj":18, "lpm_energy_mj":0, "radio_tx_energy_mj":1, "radio_rx_energy_mj":8, "node_time":652761, "total_sent":45, "total_received":61, "bytes_tx":60, "bytes_rx":12, "r2n_latency":34, "lqi":100, "rssi":-84, "server_sent":63, "server_received":89, "server_bytes_rx":60, "n2r_latency":3139, "hops":0, "rtt_latency":227, "root_time_now":655900}
[Mote:19] Not reachable yet
[Mote:14] Not reachable yet
[Mote:3] Not reachable yet
[Mote:11] Sensor IPv6 = fe80::20b:b:b:b
[Mote:13] Not reachable yet
[Mote:1] {"node":"fd00::20b:b:b:b", "cpu_energy_mj":18, "lpm_energy_mj":0, "radio_tx_energy_mj":0, "radio_rx_energy_mj":8, "node_time":657791, "total_sent":36, "total_received":51, "bytes_tx":60, "bytes_rx":12, "r2n_latency":2344, "lqi":100, "rssi":-87, "server_sent":59, "server_received":70, "server_bytes_rx":60, "n2r_latency":559, "hops":1, "rtt_latency":3272, "root_time_now":658350}
[Mote:5] Not reachable yet
[Mote:7] Not reachable yet
[Mote:8] Not reachable yet
[Mote:12] Not reachable yet
[Mote:16] Not reachable yet
[Mote:10] Not reachable yet
[Mote:15] Not reachable yet
[Mote:2] Sensor IPv6 = fe80::202:2:2:2
[Mote:18] Not reachable yet
[Mote:17] Not reachable yet
[Mote:1] {"node":"fd00::202:2:2:2", "cpu_energy_mj":18, "lpm_energy_mj":0, "radio_tx_energy_mj":2, "radio_rx_energy_mj":7, "node_time":663291, "total_sent":46, "total_received":62, "bytes_tx":60, "bytes_rx":12, "r2n_latency":255, "lqi":100, "rssi":-84, "server_sent":64, "server_received":91, "server_bytes_rx":60, "n2r_latency":1499, "hops":0, "rtt_latency":2332, "root_time_now":664790}
[Mote:4] Not reachable yet
[Mote:9] Not reachable yet
[Mote:6] Sensor IPv6 = fe80::206:6:6:6
[Mote:1] {"node":"fd00::206:6:6:6", "cpu_energy_mj":39, "lpm_energy_mj":0, "radio_tx_energy_mj":2, "radio_rx_energy_mj":16, "node_time":666522, "total_sent":57, "total_received":62, "bytes_tx":60, "bytes_rx":12, "r2n_latency":2705, "lqi":100, "rssi":-90, "server_sent":62, "server_received":117, "server_bytes_rx":60, "n2r_latency":298, "hops":1, "rtt_latency":2437, "root_time_now":666820}
[Mote:19] Not reachable yet
[Mote:14] Not reachable yet
[Mote:3] Not reachable yet
[Mote:11] Sensor IPv6 = fe80::20b:b:b:b
[Mote:13] Not reachable yet
[Mote:1] {"node":"fd00::20b:b:b:b", "cpu_energy_mj":18, "lpm_energy_mj":0, "radio_tx_energy_mj":0, "radio_rx_energy_mj":8, "node_time":667913, "total_sent":37, "total_received":52, "bytes_tx":60, "bytes_rx":12, "r2n_latency":465, "lqi":100, "rssi":-87, "server_sent":60, "server_received":72, "server_bytes_rx":60, "n2r_latency":97, "hops":1, "rtt_latency":2367, "root_time_now":668010}
[Mote:5] Not reachable yet
[Mote:7] Not reachable yet
[Mote:8] Not reachable yet
[Mote:12] Not reachable yet
[Mote:16] Not reachable yet
[Mote:10] Not reachable yet
[Mote:15] Not reachable yet
[Mote:2] Sensor IPv6 = fe80::202:2:2:2
[Mote:17] Not reachable yet
[Mote:18] Not reachable yet
[Mote:1] {"node":"fd00::202:2:2:2", "cpu_energy_mj":18, "lpm_energy_mj":0, "radio_tx_energy_mj":1, "radio_rx_energy_mj":7, "node_time":673822, "total_sent":47, "total_received":63, "bytes_tx":60, "bytes_rx":12, "r2n_latency":404, "lqi":100, "rssi":-84, "server_sent":65, "server_received":93, "server_bytes_rx":60, "n2r_latency":1328, "hops":0, "rtt_latency":342, "root_time_now":675150}
[Mote:4] Not reachable yet
[Mote:9] Not reachable yet
[Mote:6] Sensor IPv6 = fe80::206:6:6:6
[Mote:1] {"node":"fd00::206:6:6:6", "cpu_energy_mj":19, "lpm_energy_mj":0, "radio_tx_energy_mj":1, "radio_rx_energy_mj":8, "node_time":677450, "total_sent":58, "total_received":63, "bytes_tx":60, "bytes_rx":12, "r2n_latency":1034, "lqi":100, "rssi":-90, "server_sent":63, "server_received":119, "server_bytes_rx":60, "n2r_latency":80, "hops":1, "rtt_latency":1217, "root_time_now":677530}
[Mote:19] Not reachable yet
[Mote:3] Not reachable yet
[Mote:11] Sensor IPv6 = fe80::20b:b:b:b
[Mote:13] Not reachable yet
[Mote:14] Not reachable yet
[Mote:1] {"node":"fd00::20b:b:b:b", "cpu_energy_mj":18, "lpm_energy_mj":0, "radio_tx_energy_mj":0, "radio_rx_energy_mj":8, "node_time":678034, "total_sent":38, "total_received":53, "bytes_tx":60, "bytes_rx":12, "r2n_latency":1524, "lqi":100, "rssi":-87, "server_sent":61, "server_received":74, "server_bytes_rx":60, "n2r_latency":126, "hops":1, "rtt_latency":2617, "root_time_now":678160}
[Mote:5] Not reachable yet
[Mote:7] Not reachable yet
[Mote:8] Not reachable yet
[Mote:16] Not reachable yet
[Mote:12] Not reachable yet
[Mote:10] Not reachable yet
[Mote:15] Not reachable yet
[Mote:2] Sensor IPv6 = fe80::202:2:2:2
[Mote:1] {"node":"fd00::202:2:2:2", "cpu_energy_mj":18, "lpm_energy_mj":0, "radio_tx_energy_mj":1, "radio_rx_energy_mj":7, "node_time":684354, "total_sent":48, "total_received":64, "bytes_tx":60, "bytes_rx":12, "r2n_latency":274, "lqi":100, "rssi":-84, "server_sent":66, "server_received":95, "server_bytes_rx":60, "n2r_latency":36, "hops":0, "rtt_latency":1292, "root_time_now":684390}
[Mote:17] Not reachable yet
[Mote:18] Not reachable yet
[Mote:4] Not reachable yet
[Mote:9] Not reachable yet
[Mote:11] Sensor IPv6 = fe80::20b:b:b:b
[Mote:13] Not reachable yet
[Mote:3] Not reachable yet
[Mote:1] {"node":"fd00::20b:b:b:b", "cpu_energy_mj":18, "lpm_energy_mj":0, "radio_tx_energy_mj":0, "radio_rx_energy_mj":8, "node_time":688157, "total_sent":39, "total_received":54, "bytes_tx":60, "bytes_rx":12, "r2n_latency":2164, "lqi":100, "rssi":-87, "server_sent":62, "server_received":76, "server_bytes_rx":60, "n2r_latency":83, "hops":1, "rtt_latency":2762, "root_time_now":688240}
[Mote:6] Sensor IPv6 = fe80::206:6:6:6
[Mote:1] {"node":"fd00::206:6:6:6", "cpu_energy_mj":19, "lpm_energy_mj":0, "radio_tx_energy_mj":1, "radio_rx_energy_mj":8, "node_time":688379, "total_sent":59, "total_received":64, "bytes_tx":60, "bytes_rx":12, "r2n_latency":1254, "lqi":100, "rssi":-90, "server_sent":64, "server_received":121, "server_bytes_rx":60, "n2r_latency":141, "hops":1, "rtt_latency":1922, "root_time_now":688520}
[Mote:19] Not reachable yet
[Mote:14] Not reachable yet
[Mote:5] Not reachable yet
[Mote:7] Not reachable yet
[Mote:8] Not reachable yet
[Mote:16] Not reachable yet
[Mote:10] Not reachable yet
[Mote:12] Not reachable yet
[Mote:15] Not reachable yet
[Mote:2] Sensor IPv6 = fe80::202:2:2:2
[Mote:1] {"node":"fd00::202:2:2:2", "cpu_energy_mj":18, "lpm_energy_mj":0, "radio_tx_energy_mj":1, "radio_rx_energy_mj":7, "node_time":694885, "total_sent":49, "total_received":65, "bytes_tx":60, "bytes_rx":12, "r2n_latency":284, "lqi":100, "rssi":-84, "server_sent":67, "server_received":97, "server_bytes_rx":60, "n2r_latency":75, "hops":0, "rtt_latency":1997, "root_time_now":694960}
[Mote:17] Not reachable yet
[Mote:18] Not reachable yet
[Mote:4] Not reachable yet
[Mote:9] Not reachable yet
[Mote:11] Sensor IPv6 = fe80::20b:b:b:b
[Mote:13] Not reachable yet
[Mote:1] {"node":"fd00::20b:b:b:b", "cpu_energy_mj":18, "lpm_energy_mj":0, "radio_tx_energy_mj":0, "radio_rx_energy_mj":8, "node_time":698280, "total_sent":40, "total_received":55, "bytes_tx":60, "bytes_rx":12, "r2n_latency":1544, "lqi":100, "rssi":-87, "server_sent":63, "server_received":78, "server_bytes_rx":60, "n2r_latency":110, "hops":1, "rtt_latency":2697, "root_time_now":698390}
[Mote:3] Not reachable yet
[Mote:6] Sensor IPv6 = fe80::206:6:6:6
[Mote:14] Not reachable yet
[Mote:19] Not reachable yet
[Mote:1] {"node":"fd00::206:6:6:6", "cpu_energy_mj":19, "lpm_energy_mj":0, "radio_tx_energy_mj":0, "radio_rx_energy_mj":8, "node_time":699309, "total_sent":60, "total_received":65, "bytes_tx":60, "bytes_rx":12, "r2n_latency":3014, "lqi":100, "rssi":-90, "server_sent":65, "server_received":123, "server_bytes_rx":60, "n2r_latency":621, "hops":1, "rtt_latency":2627, "root_time_now":699930}
[Mote:5] Not reachable yet
[Mote:7] Not reachable yet
[Mote:8] Not reachable yet
[Mote:16] Not reachable yet
[Mote:10] Not reachable yet
[Mote:12] Not reachable yet
[Mote:15] Not reachable yet
[Mote:2] Sensor IPv6 = fe80::202:2:2:2
[Mote:17] Not reachable yet
[Mote:1] {"node":"fd00::202:2:2:2", "cpu_energy_mj":18, "lpm_energy_mj":0, "radio_tx_energy_mj":1, "radio_rx_energy_mj":8, "node_time":705416, "total_sent":50, "total_received":66, "bytes_tx":60, "bytes_rx":12, "r2n_latency":297, "lqi":100, "rssi":-84, "server_sent":68, "server_received":99, "server_bytes_rx":60, "n2r_latency":534, "hops":0, "rtt_latency":568, "root_time_now":705950}
[Mote:18] Not reachable yet
[Mote:4] Not reachable yet
[Mote:13] Not reachable yet
[Mote:11] Sensor IPv6 = fe80::20b:b:b:b
[Mote:1] {"node":"fd00::20b:b:b:b", "cpu_energy_mj":18, "lpm_energy_mj":0, "radio_tx_energy_mj":0, "radio_rx_energy_mj":8, "node_time":708405, "total_sent":41, "total_received":56, "bytes_tx":60, "bytes_rx":12, "r2n_latency":1557, "lqi":100, "rssi":-87, "server_sent":64, "server_received":80, "server_bytes_rx":60, "n2r_latency":135, "hops":1, "rtt_latency":2178, "root_time_now":708540}
[Mote:9] Not reachable yet
[Mote:3] Not reachable yet
[Mote:6] Sensor IPv6 = fe80::206:6:6:6
[Mote:14] Not reachable yet
[Mote:19] Not reachable yet
[Mote:7] Not reachable yet
[Mote:16] Not reachable yet
[Mote:8] Not reachable yet
[Mote:5] Not reachable yet
[Mote:10] Not reachable yet
[Mote:12] Not reachable yet
[Mote:15] Not reachable yet
[Mote:17] Not reachable yet
[Mote:2] Sensor IPv6 = fe80::202:2:2:2
[Mote:18] Not reachable yet
[Mote:4] Not reachable yet
[Mote:1] {"node":"fd00::202:2:2:2", "cpu_energy_mj":18, "lpm_energy_mj":0, "radio_tx_energy_mj":1, "radio_rx_energy_mj":8, "node_time":715946, "total_sent":51, "total_received":67, "bytes_tx":60, "bytes_rx":12, "r2n_latency":234, "lqi":100, "rssi":-84, "server_sent":69, "server_received":101, "server_bytes_rx":60, "n2r_latency":2184, "hops":0, "rtt_latency":3967, "root_time_now":718130}
[Mote:13] Not reachable yet
[Mote:11] Sensor IPv6 = fe80::20b:b:b:b
[Mote:1] {"node":"fd00::20b:b:b:b", "cpu_energy_mj":18, "lpm_energy_mj":0, "radio_tx_energy_mj":0, "radio_rx_energy_mj":8, "node_time":718526, "total_sent":42, "total_received":57, "bytes_tx":60, "bytes_rx":12, "r2n_latency":724, "lqi":100, "rssi":-87, "server_sent":65, "server_received":82, "server_bytes_rx":60, "n2r_latency":234, "hops":1, "rtt_latency":4002, "root_time_now":718760}
[Mote:3] Not reachable yet
[Mote:9] Not reachable yet
[Mote:6] Not reachable yet
[Mote:14] Not reachable yet
[Mote:19] Not reachable yet
[Mote:16] Not reachable yet
[Mote:7] Not reachable yet
[Mote:8] Not reachable yet
[Mote:5] Not reachable yet
[Mote:10] Not reachable yet
[Mote:12] Not reachable yet
[Mote:17] Not reachable yet
[Mote:15] Not reachable yet
[Mote:2] Sensor IPv6 = fe80::202:2:2:2
[Mote:1] {"node":"fd00::202:2:2:2", "cpu_energy_mj":18, "lpm_energy_mj":0, "radio_tx_energy_mj":1, "radio_rx_energy_mj":8, "node_time":726477, "total_sent":52, "total_received":68, "bytes_tx":60, "bytes_rx":12, "r2n_latency":244, "lqi":100, "rssi":-84, "server_sent":70, "server_received":103, "server_bytes_rx":60, "n2r_latency":53, "hops":0, "rtt_latency":1522, "root_time_now":726530}
[Mote:18] Not reachable yet
[Mote:4] Not reachable yet
[Mote:13] Not reachable yet
[Mote:11] Sensor IPv6 = fe80::20b:b:b:b
[Mote:1] {"node":"fd00::20b:b:b:b", "cpu_energy_mj":18, "lpm_energy_mj":0, "radio_tx_energy_mj":0, "radio_rx_energy_mj":8, "node_time":728648, "total_sent":43, "total_received":58, "bytes_tx":60, "bytes_rx":12, "r2n_latency":1994, "lqi":100, "rssi":-87, "server_sent":66, "server_received":84, "server_bytes_rx":60, "n2r_latency":122, "hops":1, "rtt_latency":1557, "root_time_now":728770}
[Mote:3] Not reachable yet
[Mote:9] Not reachable yet
[Mote:14] Not reachable yet
[Mote:6] Not reachable yet
[Mote:16] Not reachable yet
[Mote:19] Not reachable yet
[Mote:7] Not reachable yet
[Mote:8] Not reachable yet
[Mote:10] Not reachable yet
[Mote:5] Not reachable yet
[Mote:17] Not reachable yet
[Mote:15] Not reachable yet
[Mote:12] Not reachable yet
[Mote:2] Sensor IPv6 = fe80::202:2:2:2
[Mote:1] {"node":"fd00::202:2:2:2", "cpu_energy_mj":18, "lpm_energy_mj":0, "radio_tx_energy_mj":1, "radio_rx_energy_mj":7, "node_time":737011, "total_sent":53, "total_received":69, "bytes_tx":60, "bytes_rx":12, "r2n_latency":254, "lqi":100, "rssi":-84, "server_sent":71, "server_received":105, "server_bytes_rx":60, "n2r_latency":89, "hops":0, "rtt_latency":722, "root_time_now":737100}
[Mote:18] Not reachable yet
[Mote:13] Not reachable yet
[Mote:11] Sensor IPv6 = fe80::20b:b:b:b
[Mote:1] {"node":"fd00::20b:b:b:b", "cpu_energy_mj":18, "lpm_energy_mj":0, "radio_tx_energy_mj":0, "radio_rx_energy_mj":7, "node_time":738772, "total_sent":44, "total_received":59, "bytes_tx":60, "bytes_rx":12, "r2n_latency":1374, "lqi":100, "rssi":-87, "server_sent":67, "server_received":86, "server_bytes_rx":60, "n2r_latency":78, "hops":1, "rtt_latency":2402, "root_time_now":738850}
[Mote:4] Not reachable yet
[Mote:3] Not reachable yet
[Mote:9] Not reachable yet
[Mote:16] Not reachable yet
[Mote:14] Not reachable yet
[Mote:6] Not reachable yet
[Mote:19] Not reachable yet
[Mote:7] Not reachable yet
[Mote:10] Not reachable yet
[Mote:8] Not reachable yet
[Mote:5] Sensor IPv6 = fe80::205:5:5:5
[Mote:1] {"node":"fd00::205:5:5:5", "cpu_energy_mj":252, "lpm_energy_mj":0, "radio_tx_energy_mj":18, "radio_rx_energy_mj":103, "node_time":744966, "total_sent":56, "total_received":71, "bytes_tx":60, "bytes_rx":12, "r2n_latency":54, "lqi":100, "rssi":-85, "server_sent":72, "server_received":112, "server_bytes_rx":60, "n2r_latency":324, "hops":0, "rtt_latency":2232, "root_time_now":745290}
[Mote:17] Not reachable yet
[Mote:15] Not reachable yet
[Mote:2] Sensor IPv6 = fe80::202:2:2:2
[Mote:12] Not reachable yet
[Mote:1] {"node":"fd00::202:2:2:2", "cpu_energy_mj":18, "lpm_energy_mj":0, "radio_tx_energy_mj":1, "radio_rx_energy_mj":8, "node_time":747540, "total_sent":54, "total_received":70, "bytes_tx":60, "bytes_rx":12, "r2n_latency":194, "lqi":100, "rssi":-84, "server_sent":72, "server_received":107, "server_bytes_rx":60, "n2r_latency":200, "hops":0, "rtt_latency":3002, "root_time_now":747740}
[Mote:13] Not reachable yet
[Mote:11] Sensor IPv6 = fe80::20b:b:b:b
[Mote:18] Not reachable yet
[Mote:1] {"node":"fd00::20b:b:b:b", "cpu_energy_mj":18, "lpm_energy_mj":0, "radio_tx_energy_mj":0, "radio_rx_energy_mj":8, "node_time":748894, "total_sent":45, "total_received":60, "bytes_tx":60, "bytes_rx":12, "r2n_latency":1454, "lqi":100, "rssi":-87, "server_sent":68, "server_received":88, "server_bytes_rx":60, "n2r_latency":176, "hops":1, "rtt_latency":3037, "root_time_now":749070}
[Mote:4] Not reachable yet
[Mote:3] Not reachable yet
[Mote:9] Not reachable yet
[Mote:16] Not reachable yet
[Mote:14] Not reachable yet
[Mote:6] Not reachable yet
[Mote:10] Not reachable yet
[Mote:7] Not reachable yet
[Mote:19] Not reachable yet
[Mote:8] Not reachable yet
[Mote:5] Sensor IPv6 = fe80::205:5:5:5
[Mote:1] {"node":"fd00::205:5:5:5", "cpu_energy_mj":19, "lpm_energy_mj":0, "radio_tx_energy_mj":1, "radio_rx_energy_mj":7, "node_time":755758, "total_sent":57, "total_received":72, "bytes_tx":60, "bytes_rx":12, "r2n_latency":64, "lqi":100, "rssi":-85, "server_sent":73, "server_received":114, "server_bytes_rx":60, "n2r_latency":32, "hops":0, "rtt_latency":382, "root_time_now":755790}
[Mote:17] Not reachable yet
[Mote:15] Not reachable yet
[Mote:2] Sensor IPv6 = fe80::202:2:2:2
[Mote:1] {"node":"fd00::202:2:2:2", "cpu_energy_mj":18, "lpm_energy_mj":0, "radio_tx_energy_mj":1, "radio_rx_energy_mj":7, "node_time":758071, "total_sent":55, "total_received":71, "bytes_tx":60, "bytes_rx":12, "r2n_latency":274, "lqi":100, "rssi":-84, "server_sent":73, "server_received":109, "server_bytes_rx":60, "n2r_latency":29, "hops":0, "rtt_latency":662, "root_time_now":758100}
[Mote:12] Not reachable yet
[Mote:13] Sensor IPv6 = fe80::20d:d:d:d
[Mote:11] Sensor IPv6 = fe80::20b:b:b:b
[Mote:1] {"node":"fd00::20d:d:d:d", "cpu_energy_mj":327, "lpm_energy_mj":0, "radio_tx_energy_mj":15, "radio_rx_energy_mj":146, "node_time":758962, "total_sent":43, "total_received":66, "bytes_tx":60, "bytes_rx":12, "r2n_latency":554, "lqi":100, "rssi":-87, "server_sent":66, "server_received":89, "server_bytes_rx":60, "n2r_latency":118, "hops":1, "rtt_latency":2552, "root_time_now":759080}
[Mote:1] {"node":"fd00::20b:b:b:b", "cpu_energy_mj":18, "lpm_energy_mj":0, "radio_tx_energy_mj":0, "radio_rx_energy_mj":7, "node_time":759018, "total_sent":46, "total_received":61, "bytes_tx":60, "bytes_rx":12, "r2n_latency":1254, "lqi":100, "rssi":-87, "server_sent":69, "server_received":90, "server_bytes_rx":60, "n2r_latency":132, "hops":1, "rtt_latency":1887, "root_time_now":759150}
[Mote:18] Not reachable yet
[Mote:4] Not reachable yet
[Mote:3] Not reachable yet
[Mote:9] Not reachable yet
[Mote:16] Not reachable yet
[Mote:10] Not reachable yet
[Mote:14] Not reachable yet
[Mote:7] Not reachable yet
[Mote:6] Not reachable yet
[Mote:8] Not reachable yet
[Mote:19] Not reachable yet
[Mote:5] Sensor IPv6 = fe80::205:5:5:5
[Mote:1] {"node":"fd00::205:5:5:5", "cpu_energy_mj":19, "lpm_energy_mj":0, "radio_tx_energy_mj":1, "radio_rx_energy_mj":7, "node_time":766550, "total_sent":58, "total_received":73, "bytes_tx":60, "bytes_rx":12, "r2n_latency":74, "lqi":100, "rssi":-85, "server_sent":74, "server_received":116, "server_bytes_rx":60, "n2r_latency":20, "hops":0, "rtt_latency":1332, "root_time_now":766570}
[Mote:17] Not reachable yet
[Mote:15] Not reachable yet
[Mote:2] Sensor IPv6 = fe80::202:2:2:2
[Mote:1] {"node":"fd00::202:2:2:2", "cpu_energy_mj":18, "lpm_energy_mj":0, "radio_tx_energy_mj":1, "radio_rx_energy_mj":7, "node_time":768602, "total_sent":56, "total_received":72, "bytes_tx":60, "bytes_rx":12, "r2n_latency":214, "lqi":100, "rssi":-84, "server_sent":74, "server_received":111, "server_bytes_rx":60, "n2r_latency":418, "hops":0, "rtt_latency":3222, "root_time_now":769020}
[Mote:13] Sensor IPv6 = fe80::20d:d:d:d
[Mote:11] Sensor IPv6 = fe80::20b:b:b:b
[Mote:1] {"node":"fd00::20d:d:d:d", "cpu_energy_mj":18, "lpm_energy_mj":0, "radio_tx_energy_mj":0, "radio_rx_energy_mj":8, "node_time":769075, "total_sent":44, "total_received":67, "bytes_tx":60, "bytes_rx":12, "r2n_latency":2944, "lqi":100, "rssi":-87, "server_sent":67, "server_received":91, "server_bytes_rx":60, "n2r_latency":85, "hops":1, "rtt_latency":3677, "root_time_now":769160}
[Mote:1] {"node":"fd00::20b:b:b:b", "cpu_energy_mj":18, "lpm_energy_mj":0, "radio_tx_energy_mj":0, "radio_rx_energy_mj":8, "node_time":769140, "total_sent":47, "total_received":62, "bytes_tx":60, "bytes_rx":12, "r2n_latency":774, "lqi":100, "rssi":-87, "server_sent":70, "server_received":92, "server_bytes_rx":60, "n2r_latency":90, "hops":1, "rtt_latency":4202, "root_time_now":769230}
[Mote:12] Not reachable yet
[Mote:18] Not reachable yet
[Mote:3] Not reachable yet
[Mote:4] Sensor IPv6 = fe80::204:4:4:4
[Mote:9] Not reachable yet
[Mote:16] Not reachable yet
[Mote:10] Not reachable yet
[Mote:14] Not reachable yet
[Mote:7] Not reachable yet
[Mote:8] Not reachable yet
[Mote:6] Not reachable yet
[Mote:19] Not reachable yet
[Mote:17] Not reachable yet
[Mote:5] Sensor IPv6 = fe80::205:5:5:5
[Mote:1] {"node":"fd00::205:5:5:5", "cpu_energy_mj":19, "lpm_energy_mj":0, "radio_tx_energy_mj":1, "radio_rx_energy_mj":7, "node_time":777342, "total_sent":59, "total_received":74, "bytes_tx":60, "bytes_rx":12, "r2n_latency":14, "lqi":100, "rssi":-85, "server_sent":75, "server_received":118, "server_bytes_rx":60, "n2r_latency":8, "hops":0, "rtt_latency":287, "root_time_now":777350}
[Mote:1] {"node":"fd00::204:4:4:4", "cpu_energy_mj":304, "lpm_energy_mj":0, "radio_tx_energy_mj":10, "radio_rx_energy_mj":148, "node_time":770539, "total_sent":41, "total_received":64, "bytes_tx":60, "bytes_rx":12, "r2n_latency":3364, "lqi":100, "rssi":-83, "server_sent":65, "server_received":74, "server_bytes_rx":60, "n2r_latency":7021, "hops":2, "rtt_latency":17727, "root_time_now":777560}
[Mote:15] Not reachable yet
[Mote:2] Sensor IPv6 = fe80::202:2:2:2
[Mote:1] {"node":"fd00::202:2:2:2", "cpu_energy_mj":18, "lpm_energy_mj":0, "radio_tx_energy_mj":1, "radio_rx_energy_mj":7, "node_time":779133, "total_sent":57, "total_received":73, "bytes_tx":60, "bytes_rx":12, "r2n_latency":434, "lqi":100, "rssi":-84, "server_sent":75, "server_received":113, "server_bytes_rx":60, "n2r_latency":37, "hops":0, "rtt_latency":1092, "root_time_now":779170}
[Mote:13] Sensor IPv6 = fe80::20d:d:d:d
[Mote:11] Sensor IPv6 = fe80::20b:b:b:b
[Mote:1] {"node":"fd00::20b:b:b:b", "cpu_energy_mj":18, "lpm_energy_mj":0, "radio_tx_energy_mj":0, "radio_rx_energy_mj":7, "node_time":779264, "total_sent":48, "total_received":63, "bytes_tx":60, "bytes_rx":12, "r2n_latency":994, "lqi":100, "rssi":-87, "server_sent":71, "server_received":94, "server_bytes_rx":60, "n2r_latency":116, "hops":1, "rtt_latency":1547, "root_time_now":779380}
[Mote:1] {"node":"fd00::20d:d:d:d", "cpu_energy_mj":18, "lpm_energy_mj":0, "radio_tx_energy_mj":1, "radio_rx_energy_mj":8, "node_time":779188, "total_sent":45, "total_received":68, "bytes_tx":60, "bytes_rx":12, "r2n_latency":294, "lqi":100, "rssi":-87, "server_sent":68, "server_received":93, "server_bytes_rx":60, "n2r_latency":612, "hops":1, "rtt_latency":2527, "root_time_now":779800}
[Mote:12] Not reachable yet
[Mote:3] Not reachable yet
[Mote:18] Not reachable yet
[Mote:4] Sensor IPv6 = fe80::204:4:4:4
[Mote:9] Not reachable yet
[Mote:16] Not reachable yet
[Mote:10] Not reachable yet
[Mote:7] Not reachable yet
[Mote:14] Not reachable yet
[Mote:8] Not reachable yet
[Mote:6] Not reachable yet
[Mote:19] Not reachable yet
[Mote:17] Sensor IPv6 = fe80::211:11:11:11
[Mote:1] {"node":"fd00::204:4:4:4", "cpu_energy_mj":19, "lpm_energy_mj":0, "radio_tx_energy_mj":1, "radio_rx_energy_mj":7, "node_time":781094, "total_sent":42, "total_received":65, "bytes_tx":60, "bytes_rx":12, "r2n_latency":2394, "lqi":100, "rssi":-83, "server_sent":66, "server_received":76, "server_bytes_rx":60, "n2r_latency":6686, "hops":2, "rtt_latency":4277, "root_time_now":787780}
[Mote:5] Sensor IPv6 = fe80::205:5:5:5
[Mote:1] {"node":"fd00::205:5:5:5", "cpu_energy_mj":19, "lpm_energy_mj":0, "radio_tx_energy_mj":2, "radio_rx_energy_mj":7, "node_time":788134, "total_sent":60, "total_received":75, "bytes_tx":60, "bytes_rx":12, "r2n_latency":654, "lqi":100, "rssi":-85, "server_sent":76, "server_received":120, "server_bytes_rx":60, "n2r_latency":66, "hops":0, "rtt_latency":397, "root_time_now":788200}
[Mote:1] {"node":"fd00::211:11:11:11", "cpu_energy_mj":974, "lpm_energy_mj":0, "radio_tx_energy_mj":8, "radio_rx_energy_mj":6931, "node_time":787352, "total_sent":8, "total_received":31, "bytes_tx":60, "bytes_rx":12, "r2n_latency":6674, "lqi":100, "rssi":-88, "server_sent":60, "server_received":12, "server_bytes_rx":60, "n2r_latency":1478, "hops":3, "rtt_latency":4072, "root_time_now":788830}
[Mote:13] Sensor IPv6 = fe80::20d:d:d:d
[Mote:11] Sensor IPv6 = fe80::20b:b:b:b
[Mote:15] Not reachable yet
[Mote:2] Sensor IPv6 = fe80::202:2:2:2
[Mote:1] {"node":"fd00::20b:b:b:b", "cpu_energy_mj":18, "lpm_energy_mj":0, "radio_tx_energy_mj":0, "radio_rx_energy_mj":8, "node_time":789391, "total_sent":49, "total_received":64, "bytes_tx":60, "bytes_rx":12, "r2n_latency":1424, "lqi":100, "rssi":-87, "server_sent":72, "server_received":96, "server_bytes_rx":60, "n2r_latency":279, "hops":1, "rtt_latency":3022, "root_time_now":789670}
[Mote:3] Not reachable yet
[Mote:12] Not reachable yet
[Mote:18] Not reachable yet
[Mote:4] Sensor IPv6 = fe80::204:4:4:4
[Mote:16] Not reachable yet
[Mote:9] Not reachable yet
[Mote:1] {"node":"fd00::20d:d:d:d", "cpu_energy_mj":18, "lpm_energy_mj":0, "radio_tx_energy_mj":1, "radio_rx_energy_mj":7, "node_time":789299, "total_sent":46, "total_received":69, "bytes_tx":60, "bytes_rx":12, "r2n_latency":1914, "lqi":100, "rssi":-87, "server_sent":70, "server_received":95, "server_bytes_rx":60, "n2r_latency":5341, "hops":1, "rtt_latency":2217, "root_time_now":794640}
[Mote:10] Not reachable yet
[Mote:1] {"node":"fd00::204:4:4:4", "cpu_energy_mj":19, "lpm_energy_mj":0, "radio_tx_energy_mj":0, "radio_rx_energy_mj":8, "node_time":791649, "total_sent":43, "total_received":66, "bytes_tx":60, "bytes_rx":12, "r2n_latency":2194, "lqi":100, "rssi":-83, "server_sent":67, "server_received":78, "server_bytes_rx":60, "n2r_latency":4461, "hops":2, "rtt_latency":4002, "root_time_now":796110}
[Mote:7] Not reachable yet
[Mote:8] Not reachable yet
[Mote:14] Not reachable yet
[Mote:17] Sensor IPv6 = fe80::211:11:11:11
[Mote:6] Not reachable yet
[Mote:19] Not reachable yet
[Mote:5] Sensor IPv6 = fe80::205:5:5:5
[Mote:1] {"node":"fd00::205:5:5:5", "cpu_energy_mj":19, "lpm_energy_mj":0, "radio_tx_energy_mj":1, "radio_rx_energy_mj":7, "node_time":798925, "total_sent":61, "total_received":76, "bytes_tx":60, "bytes_rx":12, "r2n_latency":804, "lqi":100, "rssi":-85, "server_sent":77, "server_received":122, "server_bytes_rx":60, "n2r_latency":55, "hops":0, "rtt_latency":2362, "root_time_now":798980}
[Mote:13] Sensor IPv6 = fe80::20d:d:d:d
[Mote:11] Sensor IPv6 = fe80::20b:b:b:b
[Mote:15] Not reachable yet
[Mote:2] Sensor IPv6 = fe80::202:2:2:2
[Mote:3] Not reachable yet
[Mote:18] Not reachable yet
[Mote:12] Sensor IPv6 = fe80::20c:c:c:c
[Mote:4] Sensor IPv6 = fe80::204:4:4:4
[Mote:16] Not reachable yet
[Mote:1] {"node":"fd00::202:2:2:2", "cpu_energy_mj":18, "lpm_energy_mj":0, "radio_tx_energy_mj":1, "radio_rx_energy_mj":7, "node_time":800195, "total_sent":59, "total_received":76, "bytes_tx":60, "bytes_rx":12, "r2n_latency":184, "lqi":100, "rssi":-84, "server_sent":78, "server_received":117, "server_bytes_rx":60, "n2r_latency":2775, "hops":0, "rtt_latency":1457, "root_time_now":802970}
[Mote:9] Not reachable yet
[Mote:10] Not reachable yet
[Mote:1] {"node":"fd00::20b:b:b:b", "cpu_energy_mj":18, "lpm_energy_mj":0, "radio_tx_energy_mj":0, "radio_rx_energy_mj":8, "node_time":799510, "total_sent":50, "total_received":65, "bytes_tx":60, "bytes_rx":12, "r2n_latency":524, "lqi":100, "rssi":-87, "server_sent":74, "server_received":98, "server_bytes_rx":60, "n2r_latency":6610, "hops":1, "rtt_latency":2852, "root_time_now":806120}
[Mote:7] Not reachable yet
[Mote:8] Not reachable yet
[Mote:14] Not reachable yet
[Mote:17] Not reachable yet
[Mote:1] {"node":"fd00::20c:c:c:c", "cpu_energy_mj":350, "lpm_energy_mj":0, "radio_tx_energy_mj":7, "radio_rx_energy_mj":442, "node_time":801839, "total_sent":21, "total_received":72, "bytes_tx":60, "bytes_rx":12, "r2n_latency":1304, "lqi":100, "rssi":-85, "server_sent":77, "server_received":39, "server_bytes_rx":60, "n2r_latency":5961, "hops":1, "rtt_latency":3732, "root_time_now":807800}
[Mote:1] {"node":"fd00::20d:d:d:d", "cpu_energy_mj":18, "lpm_energy_mj":0, "radio_tx_energy_mj":0, "radio_rx_energy_mj":8, "node_time":799414, "total_sent":47, "total_received":70, "bytes_tx":60, "bytes_rx":12, "r2n_latency":2064, "lqi":100, "rssi":-87, "server_sent":71, "server_received":97, "server_bytes_rx":60, "n2r_latency":8456, "hops":1, "rtt_latency":3132, "root_time_now":807870}
[Mote:1] {"node":"fd00::204:4:4:4", "cpu_energy_mj":19, "lpm_energy_mj":0, "radio_tx_energy_mj":0, "radio_rx_energy_mj":8, "node_time":802206, "total_sent":44, "total_received":67, "bytes_tx":60, "bytes_rx":12, "r2n_latency":2974, "lqi":100, "rssi":-83, "server_sent":68, "server_received":80, "server_bytes_rx":60, "n2r_latency":6084, "hops":2, "rtt_latency":3167, "root_time_now":808290}
[Mote:6] Not reachable yet
[Mote:19] Not reachable yet
[Mote:13] Sensor IPv6 = fe80::20d:d:d:d
[Mote:11] Sensor IPv6 = fe80::20b:b:b:b
[Mote:5] Sensor IPv6 = fe80::205:5:5:5
[Mote:15] Not reachable yet
[Mote:2] Sensor IPv6 = fe80::202:2:2:2
[Mote:3] Not reachable yet
[Mote:18] Not reachable yet
[Mote:1] {"node":"fd00::20b:b:b:b", "cpu_energy_mj":18, "lpm_energy_mj":0, "radio_tx_energy_mj":0, "radio_rx_energy_mj":7, "node_time":809633, "total_sent":51, "total_received":66, "bytes_tx":60, "bytes_rx":12, "r2n_latency":1164, "lqi":100, "rssi":-87, "server_sent":75, "server_received":100, "server_bytes_rx":60, "n2r_latency":2927, "hops":1, "rtt_latency":3102, "root_time_now":812560}
[Mote:12] Sensor IPv6 = fe80::20c:c:c:c
[Mote:16] Not reachable yet
[Mote:4] Sensor IPv6 = fe80::204:4:4:4
[Mote:9] Not reachable yet
[Mote:10] Not reachable yet
[Mote:1] {"node":"fd00::205:5:5:5", "cpu_energy_mj":19, "lpm_energy_mj":0, "radio_tx_energy_mj":2, "radio_rx_energy_mj":7, "node_time":809718, "total_sent":62, "total_received":77, "bytes_tx":60, "bytes_rx":12, "r2n_latency":1094, "lqi":100, "rssi":-85, "server_sent":79, "server_received":124, "server_bytes_rx":60, "n2r_latency":5922, "hops":0, "rtt_latency":3627, "root_time_now":815640}
[Mote:1] {"node":"fd00::20d:d:d:d", "cpu_energy_mj":18, "lpm_energy_mj":0, "radio_tx_energy_mj":1, "radio_rx_energy_mj":7, "node_time":809527, "total_sent":48, "total_received":71, "bytes_tx":60, "bytes_rx":12, "r2n_latency":4034, "lqi":100, "rssi":-87, "server_sent":72, "server_received":99, "server_bytes_rx":60, "n2r_latency":6183, "hops":1, "rtt_latency":4257, "root_time_now":815710}
[Mote:1] {"node":"fd00::204:4:4:4", "cpu_energy_mj":19, "lpm_energy_mj":0, "radio_tx_energy_mj":0, "radio_rx_energy_mj":8, "node_time":812762, "total_sent":45, "total_received":68, "bytes_tx":60, "bytes_rx":12, "r2n_latency":4734, "lqi":100, "rssi":-83, "server_sent":69, "server_received":82, "server_bytes_rx":60, "n2r_latency":3018, "hops":2, "rtt_latency":4292, "root_time_now":815780}
[Mote:1] {"node":"fd00::20c:c:c:c", "cpu_energy_mj":19, "lpm_energy_mj":0, "radio_tx_energy_mj":0, "radio_rx_energy_mj":9, "node_time":812671, "total_sent":22, "total_received":72, "bytes_tx":60, "bytes_rx":12, "r2n_latency":1304, "lqi":100, "rssi":-85, "server_sent":78, "server_received":40, "server_bytes_rx":60, "n2r_latency":3179, "hops":1, "rtt_latency":3732, "root_time_now":815850}
[Mote:1] {"node":"fd00::202:2:2:2", "cpu_energy_mj":18, "lpm_energy_mj":0, "radio_tx_energy_mj":1, "radio_rx_energy_mj":7, "node_time":810726, "total_sent":60, "total_received":77, "bytes_tx":60, "bytes_rx":12, "r2n_latency":264, "lqi":100, "rssi":-84, "server_sent":79, "server_received":119, "server_bytes_rx":60, "n2r_latency":6244, "hops":0, "rtt_latency":3457, "root_time_now":816970}
[Mote:7] Not reachable yet
[Mote:8] Not reachable yet
[Mote:17] Not reachable yet
[Mote:14] Not reachable yet
[Mote:6] Not reachable yet
[Mote:13] Sensor IPv6 = fe80::20d:d:d:d
[Mote:11] Sensor IPv6 = fe80::20b:b:b:b
[Mote:19] Not reachable yet
[Mote:5] Sensor IPv6 = fe80::205:5:5:5
[Mote:1] {"node":"fd00::205:5:5:5", "cpu_energy_mj":19, "lpm_energy_mj":0, "radio_tx_energy_mj":2, "radio_rx_energy_mj":7, "node_time":820512, "total_sent":63, "total_received":78, "bytes_tx":60, "bytes_rx":12, "r2n_latency":3904, "lqi":100, "rssi":-85, "server_sent":80, "server_received":126, "server_bytes_rx":60, "n2r_latency":378, "hops":0, "rtt_latency":2967, "root_time_now":820890}
[Mote:15] Not reachable yet
[Mote:2] Sensor IPv6 = fe80::202:2:2:2
[Mote:3] Sensor IPv6 = fe80::203:3:3:3
[Mote:1] {"node":"fd00::20b:b:b:b", "cpu_energy_mj":18, "lpm_energy_mj":0, "radio_tx_energy_mj":0, "radio_rx_energy_mj":8, "node_time":819758, "total_sent":52, "total_received":67, "bytes_tx":60, "bytes_rx":12, "r2n_latency":684, "lqi":100, "rssi":-87, "server_sent":76, "server_received":102, "server_bytes_rx":60, "n2r_latency":2322, "hops":1, "rtt_latency":3597, "root_time_now":822080}
[Mote:1] {"node":"fd00::202:2:2:2", "cpu_energy_mj":18, "lpm_energy_mj":0, "radio_tx_energy_mj":1, "radio_rx_energy_mj":7, "node_time":821257, "total_sent":61, "total_received":78, "bytes_tx":60, "bytes_rx":12, "r2n_latency":134, "lqi":100, "rssi":-84, "server_sent":80, "server_received":121, "server_bytes_rx":60, "n2r_latency":1173, "hops":0, "rtt_latency":1082, "root_time_now":822430}
[Mote:16] Not reachable yet
[Mote:18] Not reachable yet
[Mote:4] Sensor IPv6 = fe80::204:4:4:4
[Mote:12] Sensor IPv6 = fe80::20c:c:c:c
[Mote:9] Not reachable yet
[Mote:10] Not reachable yet
[Mote:7] Not reachable yet
[Mote:8] Not reachable yet
[Mote:1] {"node":"fd00::20d:d:d:d", "cpu_energy_mj":18, "lpm_energy_mj":0, "radio_tx_energy_mj":0, "radio_rx_energy_mj":8, "node_time":819639, "total_sent":49, "total_received":72, "bytes_tx":60, "bytes_rx":12, "r2n_latency":5514, "lqi":100, "rssi":-87, "server_sent":73, "server_received":101, "server_bytes_rx":60, "n2r_latency":8251, "hops":1, "rtt_latency":4892, "root_time_now":827890}
[Mote:17] Not reachable yet
[Mote:1] {"node":"fd00::203:3:3:3", "cpu_energy_mj":406, "lpm_energy_mj":0, "radio_tx_energy_mj":6, "radio_rx_energy_mj":864, "node_time":821622, "total_sent":24, "total_received":60, "bytes_tx":60, "bytes_rx":12, "r2n_latency":7684, "lqi":100, "rssi":-74, "server_sent":67, "server_received":38, "server_bytes_rx":60, "n2r_latency":6898, "hops":3, "rtt_latency":8987, "root_time_now":828520}
[Mote:1] {"node":"fd00::204:4:4:4", "cpu_energy_mj":19, "lpm_energy_mj":0, "radio_tx_energy_mj":1, "radio_rx_energy_mj":8, "node_time":823317, "total_sent":46, "total_received":69, "bytes_tx":60, "bytes_rx":12, "r2n_latency":6634, "lqi":100, "rssi":-83, "server_sent":70, "server_received":84, "server_bytes_rx":60, "n2r_latency":5413, "hops":2, "rtt_latency":6852, "root_time_now":828730}
[Mote:14] Not reachable yet
[Mote:1] {"node":"fd00::20c:c:c:c", "cpu_energy_mj":19, "lpm_energy_mj":0, "radio_tx_energy_mj":0, "radio_rx_energy_mj":9, "node_time":823505, "total_sent":23, "total_received":74, "bytes_tx":60, "bytes_rx":12, "r2n_latency":2794, "lqi":100, "rssi":-85, "server_sent":79, "server_received":43, "server_bytes_rx":60, "n2r_latency":5365, "hops":1, "rtt_latency":4407, "root_time_now":828870}
[Mote:13] Sensor IPv6 = fe80::20d:d:d:d
[Mote:11] Sensor IPv6 = fe80::20b:b:b:b
[Mote:6] Not reachable yet
[Mote:19] Not reachable yet
[Mote:5] Sensor IPv6 = fe80::205:5:5:5
[Mote:15] Not reachable yet
[Mote:1] {"node":"fd00::205:5:5:5", "cpu_energy_mj":19, "lpm_energy_mj":0, "radio_tx_energy_mj":2, "radio_rx_energy_mj":7, "node_time":831302, "total_sent":64, "total_received":80, "bytes_tx":60, "bytes_rx":12, "r2n_latency":72, "lqi":100, "rssi":-85, "server_sent":81, "server_received":129, "server_bytes_rx":60, "n2r_latency":298, "hops":0, "rtt_latency":491, "root_time_now":831600}
[Mote:2] Sensor IPv6 = fe80::202:2:2:2
[Mote:3] Sensor IPv6 = fe80::203:3:3:3
[Mote:16] Not reachable yet
[Mote:18] Not reachable yet
[Mote:4] Sensor IPv6 = fe80::204:4:4:4
[Mote:12] Sensor IPv6 = fe80::20c:c:c:c
[Mote:1] {"node":"fd00::20b:b:b:b", "cpu_energy_mj":18, "lpm_energy_mj":0, "radio_tx_energy_mj":0, "radio_rx_energy_mj":8, "node_time":829879, "total_sent":53, "total_received":68, "bytes_tx":60, "bytes_rx":12, "r2n_latency":3004, "lqi":100, "rssi":-87, "server_sent":77, "server_received":104, "server_bytes_rx":60, "n2r_latency":4521, "hops":1, "rtt_latency":4652, "root_time_now":834400}
[Mote:1] {"node":"fd00::20c:c:c:c", "cpu_energy_mj":19, "lpm_energy_mj":0, "radio_tx_energy_mj":0, "radio_rx_energy_mj":9, "node_time":834338, "total_sent":24, "total_received":75, "bytes_tx":60, "bytes_rx":12, "r2n_latency":772, "lqi":100, "rssi":-85, "server_sent":80, "server_received":45, "server_bytes_rx":60, "n2r_latency":552, "hops":1, "rtt_latency":946, "root_time_now":834890}
[Mote:9] Not reachable yet
[Mote:1] {"node":"fd00::202:2:2:2", "cpu_energy_mj":18, "lpm_energy_mj":0, "radio_tx_energy_mj":1, "radio_rx_energy_mj":7, "node_time":831788, "total_sent":62, "total_received":79, "bytes_tx":60, "bytes_rx":12, "r2n_latency":422, "lqi":100, "rssi":-84, "server_sent":81, "server_received":123, "server_bytes_rx":60, "n2r_latency":3662, "hops":0, "rtt_latency":2696, "root_time_now":835450}
[Mote:10] Not reachable yet
[Mote:1] {"node":"fd00::20d:d:d:d", "cpu_energy_mj":18, "lpm_energy_mj":0, "radio_tx_energy_mj":1, "radio_rx_energy_mj":7, "node_time":829752, "total_sent":50, "total_received":73, "bytes_tx":60, "bytes_rx":12, "r2n_latency":3214, "lqi":100, "rssi":-87, "server_sent":74, "server_received":103, "server_bytes_rx":60, "n2r_latency":6048, "hops":1, "rtt_latency":4337, "root_time_now":835800}
[Mote:1] {"node":"fd00::203:3:3:3", "cpu_energy_mj":18, "lpm_energy_mj":0, "radio_tx_energy_mj":0, "radio_rx_energy_mj":8, "node_time":831885, "total_sent":25, "total_received":61, "bytes_tx":60, "bytes_rx":12, "r2n_latency":6854, "lqi":100, "rssi":-74, "server_sent":68, "server_received":40, "server_bytes_rx":60, "n2r_latency":3985, "hops":3, "rtt_latency":6192, "root_time_now":835870}
[Mote:1] {"node":"fd00::204:4:4:4", "cpu_energy_mj":19, "lpm_energy_mj":0, "radio_tx_energy_mj":1, "radio_rx_energy_mj":8, "node_time":833873, "total_sent":47, "total_received":70, "bytes_tx":60, "bytes_rx":12, "r2n_latency":4194, "lqi":100, "rssi":-83, "server_sent":71, "server_received":86, "server_bytes_rx":60, "n2r_latency":2137, "hops":2, "rtt_latency":4477, "root_time_now":836010}
[Mote:7] Not reachable yet
[Mote:8] Not reachable yet
[Mote:17] Sensor IPv6 = fe80::211:11:11:11
[Mote:1] {"node":"fd00::211:11:11:11", "cpu_energy_mj":73, "lpm_energy_mj":0, "radio_tx_energy_mj":1, "radio_rx_energy_mj":33, "node_time":838452, "total_sent":10, "total_received":32, "bytes_tx":60, "bytes_rx":12, "r2n_latency":8332, "lqi":100, "rssi":-93, "server_sent":65, "server_received":14, "server_bytes_rx":60, "n2r_latency":988, "hops":4, "rtt_latency":4341, "root_time_now":839440}
[Mote:14] Not reachable yet
[Mote:13] Sensor IPv6 = fe80::20d:d:d:d
[Mote:11] Sensor IPv6 = fe80::20b:b:b:b
[Mote:6] Not reachable yet
[Mote:19] Not reachable yet
[Mote:15] Not reachable yet
[Mote:5] Sensor IPv6 = fe80::205:5:5:5
[Mote:3] Sensor IPv6 = fe80::203:3:3:3
[Mote:2] Sensor IPv6 = fe80::202:2:2:2
[Mote:1] {"node":"fd00::20d:d:d:d", "cpu_energy_mj":18, "lpm_energy_mj":0, "radio_tx_energy_mj":1, "radio_rx_energy_mj":7, "node_time":839864, "total_sent":51, "total_received":74, "bytes_tx":60, "bytes_rx":12, "r2n_latency":3292, "lqi":100, "rssi":-87, "server_sent":75, "server_received":105, "server_bytes_rx":60, "n2r_latency":2796, "hops":1, "rtt_latency":2976, "root_time_now":842660}
[Mote:16] Not reachable yet
[Mote:1] {"node":"fd00::205:5:5:5", "cpu_energy_mj":19, "lpm_energy_mj":0, "radio_tx_energy_mj":2, "radio_rx_energy_mj":7, "node_time":842094, "total_sent":65, "total_received":81, "bytes_tx":60, "bytes_rx":12, "r2n_latency":434, "lqi":100, "rssi":-85, "server_sent":82, "server_received":131, "server_bytes_rx":60, "n2r_latency":1826, "hops":0, "rtt_latency":1372, "root_time_now":843920}
[Mote:18] Not reachable yet
[Mote:4] Sensor IPv6 = fe80::204:4:4:4
[Mote:12] Sensor IPv6 = fe80::20c:c:c:c
[Mote:1] {"node":"fd00::20b:b:b:b", "cpu_energy_mj":18, "lpm_energy_mj":0, "radio_tx_energy_mj":0, "radio_rx_energy_mj":8, "node_time":840001, "total_sent":54, "total_received":69, "bytes_tx":60, "bytes_rx":12, "r2n_latency":1472, "lqi":100, "rssi":-87, "server_sent":78, "server_received":106, "server_bytes_rx":60, "n2r_latency":5179, "hops":1, "rtt_latency":2766, "root_time_now":845180}
[Mote:1] {"node":"fd00::202:2:2:2", "cpu_energy_mj":18, "lpm_energy_mj":0, "radio_tx_energy_mj":1, "radio_rx_energy_mj":7, "node_time":842318, "total_sent":63, "total_received":80, "bytes_tx":60, "bytes_rx":12, "r2n_latency":224, "lqi":100, "rssi":-84, "server_sent":82, "server_received":125, "server_bytes_rx":60, "n2r_latency":3072, "hops":0, "rtt_latency":2562, "root_time_now":845390}
[Mote:1] {"node":"fd00::20c:c:c:c", "cpu_energy_mj":19, "lpm_energy_mj":0, "radio_tx_energy_mj":0, "radio_rx_energy_mj":9, "node_time":845171, "total_sent":25, "total_received":76, "bytes_tx":60, "bytes_rx":12, "r2n_latency":644, "lqi":100, "rssi":-85, "server_sent":81, "server_received":47, "server_bytes_rx":60, "n2r_latency":359, "hops":1, "rtt_latency":2352, "root_time_now":845530}
[Mote:10] Not reachable yet
[Mote:9] Not reachable yet
[Mote:1] {"node":"fd00::203:3:3:3", "cpu_energy_mj":18, "lpm_energy_mj":0, "radio_tx_energy_mj":0, "radio_rx_energy_mj":8, "node_time":842152, "total_sent":26, "total_received":62, "bytes_tx":60, "bytes_rx":12, "r2n_latency":7772, "lqi":100, "rssi":-74, "server_sent":69, "server_received":42, "server_bytes_rx":60, "n2r_latency":4568, "hops":3, "rtt_latency":4096, "root_time_now":846720}
[Mote:1] {"node":"fd00::204:4:4:4", "cpu_energy_mj":19, "lpm_energy_mj":0, "radio_tx_energy_mj":1, "radio_rx_energy_mj":8, "node_time":844431, "total_sent":48, "total_received":72, "bytes_tx":60, "bytes_rx":12, "r2n_latency":1484, "lqi":100, "rssi":-83, "server_sent":72, "server_received":89, "server_bytes_rx":60, "n2r_latency":3969, "hops":2, "rtt_latency":2282, "root_time_now":848400}
[Mote:7] Not reachable yet
[Mote:17] Sensor IPv6 = fe80::211:11:11:11
[Mote:8] Not reachable yet
[Mote:1] {"node":"fd00::211:11:11:11", "cpu_energy_mj":18, "lpm_energy_mj":0, "radio_tx_energy_mj":0, "radio_rx_energy_mj":8, "node_time":848674, "total_sent":11, "total_received":33, "bytes_tx":60, "bytes_rx":12, "r2n_latency":3584, "lqi":100, "rssi":-93, "server_sent":66, "server_received":16, "server_bytes_rx":60, "n2r_latency":286, "hops":4, "rtt_latency":3752, "root_time_now":848960}
[Mote:13] Sensor IPv6 = fe80::20d:d:d:d
[Mote:11] Sensor IPv6 = fe80::20b:b:b:b
[Mote:14] Not reachable yet
[Mote:1] {"node":"fd00::20b:b:b:b", "cpu_energy_mj":18, "lpm_energy_mj":0, "radio_tx_energy_mj":0, "radio_rx_energy_mj":8, "node_time":850125, "total_sent":55, "total_received":70, "bytes_tx":60, "bytes_rx":12, "r2n_latency":994, "lqi":100, "rssi":-87, "server_sent":79, "server_received":108, "server_bytes_rx":60, "n2r_latency":1985, "hops":1, "rtt_latency":2667, "root_time_now":852110}
[Mote:6] Not reachable yet
[Mote:3] Sensor IPv6 = fe80::203:3:3:3
[Mote:15] Not reachable yet
[Mote:19] Not reachable yet
[Mote:2] Sensor IPv6 = fe80::202:2:2:2
[Mote:16] Not reachable yet
[Mote:5] Sensor IPv6 = fe80::205:5:5:5
[Mote:1] {"node":"fd00::20d:d:d:d", "cpu_energy_mj":18, "lpm_energy_mj":0, "radio_tx_energy_mj":1, "radio_rx_energy_mj":8, "node_time":849981, "total_sent":52, "total_received":75, "bytes_tx":60, "bytes_rx":12, "r2n_latency":1064, "lqi":100, "rssi":-87, "server_sent":76, "server_received":107, "server_bytes_rx":60, "n2r_latency":3529, "hops":1, "rtt_latency":2177, "root_time_now":853510}
[Mote:1] {"node":"fd00::205:5:5:5", "cpu_energy_mj":19, "lpm_energy_mj":0, "radio_tx_energy_mj":2, "radio_rx_energy_mj":7, "node_time":852886, "total_sent":66, "total_received":82, "bytes_tx":60, "bytes_rx":12, "r2n_latency":514, "lqi":100, "rssi":-85, "server_sent":83, "server_received":133, "server_bytes_rx":60, "n2r_latency":764, "hops":0, "rtt_latency":1727, "root_time_now":853650}
[Mote:1] {"node":"fd00::202:2:2:2", "cpu_energy_mj":18, "lpm_energy_mj":0, "radio_tx_energy_mj":1, "radio_rx_energy_mj":7, "node_time":852850, "total_sent":64, "total_received":81, "bytes_tx":60, "bytes_rx":12, "r2n_latency":94, "lqi":100, "rssi":-84, "server_sent":83, "server_received":127, "server_bytes_rx":60, "n2r_latency":1360, "hops":0, "rtt_latency":1027, "root_time_now":854210}
[Mote:18] Not reachable yet
[Mote:4] Sensor IPv6 = fe80::204:4:4:4
[Mote:10] Not reachable yet
[Mote:12] Sensor IPv6 = fe80::20c:c:c:c
[Mote:1] {"node":"fd00::20c:c:c:c", "cpu_energy_mj":19, "lpm_energy_mj":0, "radio_tx_energy_mj":0, "radio_rx_energy_mj":8, "node_time":856003, "total_sent":26, "total_received":77, "bytes_tx":60, "bytes_rx":12, "r2n_latency":794, "lqi":100, "rssi":-85, "server_sent":82, "server_received":49, "server_bytes_rx":60, "n2r_latency":97, "hops":1, "rtt_latency":1797, "root_time_now":856100}
[Mote:9] Not reachable yet
[Mote:1] {"node":"fd00::203:3:3:3", "cpu_energy_mj":18, "lpm_energy_mj":0, "radio_tx_energy_mj":0, "radio_rx_energy_mj":8, "node_time":852412, "total_sent":27, "total_received":63, "bytes_tx":60, "bytes_rx":12, "r2n_latency":2674, "lqi":100, "rssi":-74, "server_sent":70, "server_received":44, "server_bytes_rx":60, "n2r_latency":5298, "hops":3, "rtt_latency":3542, "root_time_now":857710}
[Mote:1] {"node":"fd00::204:4:4:4", "cpu_energy_mj":19, "lpm_energy_mj":0, "radio_tx_energy_mj":0, "radio_rx_energy_mj":8, "node_time":854986, "total_sent":49, "total_received":73, "bytes_tx":60, "bytes_rx":12, "r2n_latency":3244, "lqi":100, "rssi":-83, "server_sent":73, "server_received":91, "server_bytes_rx":60, "n2r_latency":3354, "hops":2, "rtt_latency":4107, "root_time_now":858340}
[Mote:17] Sensor IPv6 = fe80::211:11:11:11
[Mote:7] Not reachable yet
[Mote:1] {"node":"fd00::211:11:11:11", "cpu_energy_mj":18, "lpm_energy_mj":0, "radio_tx_energy_mj":0, "radio_rx_energy_mj":8, "node_time":858894, "total_sent":12, "total_received":34, "bytes_tx":60, "bytes_rx":12, "r2n_latency":5064, "lqi":100, "rssi":-93, "server_sent":67, "server_received":18, "server_bytes_rx":60, "n2r_latency":286, "hops":4, "rtt_latency":4212, "root_time_now":859180}
[Mote:8] Not reachable yet
[Mote:13] Sensor IPv6 = fe80::20d:d:d:d
[Mote:11] Sensor IPv6 = fe80::20b:b:b:b
[Mote:1] {"node":"fd00::20d:d:d:d", "cpu_energy_mj":18, "lpm_energy_mj":0, "radio_tx_energy_mj":1, "radio_rx_energy_mj":7, "node_time":860090, "total_sent":53, "total_received":76, "bytes_tx":60, "bytes_rx":12, "r2n_latency":2964, "lqi":100, "rssi":-87, "server_sent":77, "server_received":109, "server_bytes_rx":60, "n2r_latency":980, "hops":1, "rtt_latency":3267, "root_time_now":861070}
[Mote:14] Not reachable yet
[Mote:3] Sensor IPv6 = fe80::203:3:3:3
[Mote:16] Not reachable yet
[Mote:15] Not reachable yet
[Mote:6] Not reachable yet
[Mote:2] Sensor IPv6 = fe80::202:2:2:2
[Mote:19] Not reachable yet
[Mote:5] Sensor IPv6 = fe80::205:5:5:5
[Mote:1] {"node":"fd00::205:5:5:5", "cpu_energy_mj":19, "lpm_energy_mj":0, "radio_tx_energy_mj":1, "radio_rx_energy_mj":7, "node_time":863678, "total_sent":67, "total_received":83, "bytes_tx":60, "bytes_rx":12, "r2n_latency":34, "lqi":100, "rssi":-85, "server_sent":84, "server_received":135, "server_bytes_rx":60, "n2r_latency":52, "hops":0, "rtt_latency":507, "root_time_now":863730}
[Mote:1] {"node":"fd00::203:3:3:3", "cpu_energy_mj":18, "lpm_energy_mj":0, "radio_tx_energy_mj":0, "radio_rx_energy_mj":8, "node_time":862677, "total_sent":28, "total_received":64, "bytes_tx":60, "bytes_rx":12, "r2n_latency":4644, "lqi":100, "rssi":-74, "server_sent":71, "server_received":46, "server_bytes_rx":60, "n2r_latency":1753, "hops":3, "rtt_latency":4142, "root_time_now":864430}
[Mote:18] Not reachable yet
[Mote:4] Sensor IPv6 = fe80::204:4:4:4
[Mote:1] {"node":"fd00::204:4:4:4", "cpu_energy_mj":19, "lpm_energy_mj":0, "radio_tx_energy_mj":0, "radio_rx_energy_mj":9, "node_time":865541, "total_sent":50, "total_received":73, "bytes_tx":60, "bytes_rx":12, "r2n_latency":3244, "lqi":100, "rssi":-83, "server_sent":74, "server_received":92, "server_bytes_rx":60, "n2r_latency":359, "hops":2, "rtt_latency":4107, "root_time_now":865900}
[Mote:10] Not reachable yet
[Mote:1] {"node":"fd00::20b:b:b:b", "cpu_energy_mj":18, "lpm_energy_mj":0, "radio_tx_energy_mj":0, "radio_rx_energy_mj":7, "node_time":860247, "total_sent":56, "total_received":71, "bytes_tx":60, "bytes_rx":12, "r2n_latency":1704, "lqi":100, "rssi":-87, "server_sent":80, "server_received":110, "server_bytes_rx":60, "n2r_latency":6213, "hops":1, "rtt_latency":1167, "root_time_now":866460}
[Mote:1] {"node":"fd00::202:2:2:2", "cpu_energy_mj":18, "lpm_energy_mj":0, "radio_tx_energy_mj":0, "radio_rx_energy_mj":8, "node_time":863380, "total_sent":65, "total_received":82, "bytes_tx":60, "bytes_rx":12, "r2n_latency":174, "lqi":100, "rssi":-84, "server_sent":84, "server_received":129, "server_bytes_rx":60, "n2r_latency":3220, "hops":0, "rtt_latency":892, "root_time_now":866600}
[Mote:12] Sensor IPv6 = fe80::20c:c:c:c
[Mote:9] Not reachable yet
[Mote:1] {"node":"fd00::20c:c:c:c", "cpu_energy_mj":19, "lpm_energy_mj":0, "radio_tx_energy_mj":0, "radio_rx_energy_mj":8, "node_time":866837, "total_sent":27, "total_received":78, "bytes_tx":60, "bytes_rx":12, "r2n_latency":2764, "lqi":100, "rssi":-85, "server_sent":83, "server_received":51, "server_bytes_rx":60, "n2r_latency":883, "hops":1, "rtt_latency":2047, "root_time_now":867720}
[Mote:17] Sensor IPv6 = fe80::211:11:11:11
[Mote:7] Not reachable yet
[Mote:8] Not reachable yet
[Mote:13] Sensor IPv6 = fe80::20d:d:d:d
[Mote:11] Sensor IPv6 = fe80::20b:b:b:b
[Mote:14] Not reachable yet
[Mote:1] {"node":"fd00::20d:d:d:d", "cpu_energy_mj":18, "lpm_energy_mj":0, "radio_tx_energy_mj":0, "radio_rx_energy_mj":8, "node_time":870204, "total_sent":54, "total_received":77, "bytes_tx":60, "bytes_rx":12, "r2n_latency":4934, "lqi":100, "rssi":-87, "server_sent":78, "server_received":111, "server_bytes_rx":60, "n2r_latency":1996, "hops":1, "rtt_latency":2537, "root_time_now":872200}
[Mote:1] {"node":"fd00::20b:b:b:b", "cpu_energy_mj":18, "lpm_energy_mj":0, "radio_tx_energy_mj":0, "radio_rx_energy_mj":7, "node_time":870373, "total_sent":57, "total_received":72, "bytes_tx":60, "bytes_rx":12, "r2n_latency":1504, "lqi":100, "rssi":-87, "server_sent":81, "server_received":112, "server_bytes_rx":60, "n2r_latency":2317, "hops":1, "rtt_latency":3272, "root_time_now":872690}
[Mote:3] Sensor IPv6 = fe80::203:3:3:3
[Mote:16] Not reachable yet
[Mote:15] Not reachable yet
[Mote:2] Sensor IPv6 = fe80::202:2:2:2
[Mote:1] {"node":"fd00::202:2:2:2", "cpu_energy_mj":18, "lpm_energy_mj":0, "radio_tx_energy_mj":1, "radio_rx_energy_mj":7, "node_time":873911, "total_sent":66, "total_received":83, "bytes_tx":60, "bytes_rx":12, "r2n_latency":464, "lqi":100, "rssi":-84, "server_sent":85, "server_received":131, "server_bytes_rx":60, "n2r_latency":39, "hops":0, "rtt_latency":582, "root_time_now":873950}
[Mote:6] Not reachable yet
[Mote:5] Sensor IPv6 = fe80::205:5:5:5
[Mote:1] {"node":"fd00::205:5:5:5", "cpu_energy_mj":19, "lpm_energy_mj":0, "radio_tx_energy_mj":2, "radio_rx_energy_mj":7, "node_time":874469, "total_sent":68, "total_received":84, "bytes_tx":60, "bytes_rx":12, "r2n_latency":44, "lqi":100, "rssi":-85, "server_sent":85, "server_received":137, "server_bytes_rx":60, "n2r_latency":41, "hops":0, "rtt_latency":652, "root_time_now":874510}
[Mote:19] Not reachable yet
[Mote:18] Not reachable yet
[Mote:4] Sensor IPv6 = fe80::204:4:4:4
[Mote:10] Not reachable yet
[Mote:12] Sensor IPv6 = fe80::20c:c:c:c
[Mote:9] Not reachable yet
[Mote:1] {"node":"fd00::211:11:11:11", "cpu_energy_mj":18, "lpm_energy_mj":0, "radio_tx_energy_mj":0, "radio_rx_energy_mj":8, "node_time":869110, "total_sent":13, "total_received":34, "bytes_tx":60, "bytes_rx":12, "r2n_latency":5064, "lqi":100, "rssi":-93, "server_sent":69, "server_received":19, "server_bytes_rx":60, "n2r_latency":9530, "hops":4, "rtt_latency":4212, "root_time_now":878640}
[Mote:1] {"node":"fd00::20c:c:c:c", "cpu_energy_mj":19, "lpm_energy_mj":0, "radio_tx_energy_mj":0, "radio_rx_energy_mj":8, "node_time":877670, "total_sent":28, "total_received":79, "bytes_tx":60, "bytes_rx":12, "r2n_latency":394, "lqi":100, "rssi":-85, "server_sent":84, "server_received":53, "server_bytes_rx":60, "n2r_latency":1320, "hops":1, "rtt_latency":1667, "root_time_now":878990}
[Mote:17] Sensor IPv6 = fe80::211:11:11:11
[Mote:7] Not reachable yet
[Mote:8] Not reachable yet
[Mote:13] Sensor IPv6 = fe80::20d:d:d:d
[Mote:11] Sensor IPv6 = fe80::20b:b:b:b
[Mote:1] {"node":"fd00::20b:b:b:b", "cpu_energy_mj":18, "lpm_energy_mj":0, "radio_tx_energy_mj":0, "radio_rx_energy_mj":7, "node_time":880494, "total_sent":58, "total_received":73, "bytes_tx":60, "bytes_rx":12, "r2n_latency":1724, "lqi":100, "rssi":-87, "server_sent":82, "server_received":114, "server_bytes_rx":60, "n2r_latency":1576, "hops":1, "rtt_latency":1387, "root_time_now":882070}
[Mote:14] Not reachable yet
[Mote:16] Not reachable yet
[Mote:3] Sensor IPv6 = fe80::203:3:3:3
[Mote:15] Not reachable yet
[Mote:2] Sensor IPv6 = fe80::202:2:2:2
[Mote:6] Not reachable yet
[Mote:5] Sensor IPv6 = fe80::205:5:5:5
[Mote:1] {"node":"fd00::205:5:5:5", "cpu_energy_mj":19, "lpm_energy_mj":0, "radio_tx_energy_mj":2, "radio_rx_energy_mj":7, "node_time":885262, "total_sent":69, "total_received":85, "bytes_tx":60, "bytes_rx":12, "r2n_latency":474, "lqi":100, "rssi":-85, "server_sent":86, "server_received":139, "server_bytes_rx":60, "n2r_latency":28, "hops":0, "rtt_latency":2407, "root_time_now":885290}
[Mote:19] Not reachable yet
[Mote:18] Not reachable yet
[Mote:1] {"node":"fd00::202:2:2:2", "cpu_energy_mj":18, "lpm_energy_mj":0, "radio_tx_energy_mj":0, "radio_rx_energy_mj":8, "node_time":884443, "total_sent":67, "total_received":84, "bytes_tx":60, "bytes_rx":12, "r2n_latency":264, "lqi":100, "rssi":-84, "server_sent":86, "server_received":133, "server_bytes_rx":60, "n2r_latency":1827, "hops":0, "rtt_latency":412, "root_time_now":886270}
[Mote:10] Not reachable yet
[Mote:1] {"node":"fd00::203:3:3:3", "cpu_energy_mj":18, "lpm_energy_mj":0, "radio_tx_energy_mj":0, "radio_rx_energy_mj":8, "node_time":872942, "total_sent":29, "total_received":65, "bytes_tx":60, "bytes_rx":12, "r2n_latency":8714, "lqi":100, "rssi":-74, "server_sent":73, "server_received":48, "server_bytes_rx":60, "n2r_latency":13678, "hops":3, "rtt_latency":8942, "root_time_now":886620}
[Mote:4] Sensor IPv6 = fe80::204:4:4:4
[Mote:1] {"node":"fd00::204:4:4:4", "cpu_energy_mj":19, "lpm_energy_mj":0, "radio_tx_energy_mj":1, "radio_rx_energy_mj":8, "node_time":876099, "total_sent":51, "total_received":75, "bytes_tx":60, "bytes_rx":12, "r2n_latency":954, "lqi":100, "rssi":-83, "server_sent":76, "server_received":94, "server_bytes_rx":60, "n2r_latency":10661, "hops":2, "rtt_latency":5722, "root_time_now":886760}
[Mote:1] {"node":"fd00::20d:d:d:d", "cpu_energy_mj":18, "lpm_energy_mj":0, "radio_tx_energy_mj":1, "radio_rx_energy_mj":7, "node_time":880320, "total_sent":55, "total_received":78, "bytes_tx":60, "bytes_rx":12, "r2n_latency":674, "lqi":100, "rssi":-87, "server_sent":79, "server_received":113, "server_bytes_rx":60, "n2r_latency":6580, "hops":1, "rtt_latency":1562, "root_time_now":886900}
[Mote:1] {"node":"fd00::211:11:11:11", "cpu_energy_mj":18, "lpm_energy_mj":0, "radio_tx_energy_mj":0, "radio_rx_energy_mj":8, "node_time":879332, "total_sent":14, "total_received":36, "bytes_tx":60, "bytes_rx":12, "r2n_latency":9214, "lqi":100, "rssi":-81, "server_sent":70, "server_received":22, "server_bytes_rx":60, "n2r_latency":7638, "hops":4, "rtt_latency":8422, "root_time_now":886970}
[Mote:1] {"node":"fd00::203:3:3:3", "cpu_energy_mj":18, "lpm_energy_mj":0, "radio_tx_energy_mj":0, "radio_rx_energy_mj":8, "node_time":883206, "total_sent":30, "total_received":66, "bytes_tx":60, "bytes_rx":12, "r2n_latency":4734, "lqi":100, "rssi":-74, "server_sent":73, "server_received":50, "server_bytes_rx":60, "n2r_latency":4604, "hops":3, "rtt_latency":8352, "root_time_now":887810}
[Mote:9] Not reachable yet
[Mote:12] Sensor IPv6 = fe80::20c:c:c:c
[Mote:1] {"node":"fd00::204:4:4:4", "cpu_energy_mj":19, "lpm_energy_mj":0, "radio_tx_energy_mj":0, "radio_rx_energy_mj":8, "node_time":886657, "total_sent":52, "total_received":76, "bytes_tx":60, "bytes_rx":12, "r2n_latency":3064, "lqi":100, "rssi":-83, "server_sent":76, "server_received":96, "server_bytes_rx":60, "n2r_latency":1923, "hops":2, "rtt_latency":3737, "root_time_now":888580}
[Mote:1] {"node":"fd00::20c:c:c:c", "cpu_energy_mj":19, "lpm_energy_mj":0, "radio_tx_energy_mj":0, "radio_rx_energy_mj":8, "node_time":888502, "total_sent":29, "total_received":80, "bytes_tx":60, "bytes_rx":12, "r2n_latency":1104, "lqi":100, "rssi":-85, "server_sent":85, "server_received":55, "server_bytes_rx":60, "n2r_latency":358, "hops":1, "rtt_latency":2617, "root_time_now":888860}
[Mote:17] Sensor IPv6 = fe80::211:11:11:11
[Mote:13] Sensor IPv6 = fe80::20d:d:d:d
[Mote:7] Not reachable yet
[Mote:11] Sensor IPv6 = fe80::20b:b:b:b
[Mote:8] Not reachable yet
[Mote:1] {"node":"fd00::20d:d:d:d", "cpu_energy_mj":18, "lpm_energy_mj":0, "radio_tx_energy_mj":1, "radio_rx_energy_mj":7, "node_time":890431, "total_sent":56, "total_received":79, "bytes_tx":60, "bytes_rx":12, "r2n_latency":2784, "lqi":100, "rssi":-87, "server_sent":80, "server_received":115, "server_bytes_rx":60, "n2r_latency":2489, "hops":1, "rtt_latency":3597, "root_time_now":892920}
[Mote:16] Not reachable yet
[Mote:14] Not reachable yet
[Mote:3] Sensor IPv6 = fe80::203:3:3:3
[Mote:1] {"node":"fd00::20b:b:b:b", "cpu_energy_mj":18, "lpm_energy_mj":0, "radio_tx_energy_mj":0, "radio_rx_energy_mj":8, "node_time":890617, "total_sent":59, "total_received":74, "bytes_tx":60, "bytes_rx":12, "r2n_latency":964, "lqi":100, "rssi":-87, "server_sent":83, "server_received":116, "server_bytes_rx":60, "n2r_latency":4053, "hops":1, "rtt_latency":1182, "root_time_now":894670}
[Mote:15] Not reachable yet
[Mote:2] Sensor IPv6 = fe80::202:2:2:2
[Mote:1] {"node":"fd00::202:2:2:2", "cpu_energy_mj":18, "lpm_energy_mj":0, "radio_tx_energy_mj":1, "radio_rx_energy_mj":7, "node_time":894972, "total_sent":68, "total_received":85, "bytes_tx":60, "bytes_rx":12, "r2n_latency":133, "lqi":100, "rssi":-84, "server_sent":87, "server_received":135, "server_bytes_rx":60, "n2r_latency":118, "hops":0, "rtt_latency":1921, "root_time_now":895090}
[Mote:6] Not reachable yet
[Mote:5] Sensor IPv6 = fe80::205:5:5:5
[Mote:1] {"node":"fd00::205:5:5:5", "cpu_energy_mj":19, "lpm_energy_mj":0, "radio_tx_energy_mj":2, "radio_rx_energy_mj":7, "node_time":896054, "total_sent":70, "total_received":86, "bytes_tx":60, "bytes_rx":12, "r2n_latency":273, "lqi":100, "rssi":-85, "server_sent":87, "server_received":141, "server_bytes_rx":60, "n2r_latency":16, "hops":0, "rtt_latency":1431, "root_time_now":896070}
[Mote:19] Not reachable yet
[Mote:10] Not reachable yet
[Mote:18] Not reachable yet
[Mote:1] {"node":"fd00::203:3:3:3", "cpu_energy_mj":18, "lpm_energy_mj":0, "radio_tx_energy_mj":0, "radio_rx_energy_mj":8, "node_time":893472, "total_sent":31, "total_received":67, "bytes_tx":60, "bytes_rx":12, "r2n_latency":4184, "lqi":100, "rssi":-74, "server_sent":74, "server_received":52, "server_bytes_rx":60, "n2r_latency":3648, "hops":3, "rtt_latency":4017, "root_time_now":897120}
[Mote:4] Sensor IPv6 = fe80::204:4:4:4
[Mote:9] Not reachable yet
[Mote:1] {"node":"fd00::204:4:4:4", "cpu_energy_mj":19, "lpm_energy_mj":0, "radio_tx_energy_mj":0, "radio_rx_energy_mj":8, "node_time":897211, "total_sent":53, "total_received":77, "bytes_tx":60, "bytes_rx":12, "r2n_latency":3703, "lqi":100, "rssi":-83, "server_sent":77, "server_received":98, "server_bytes_rx":60, "n2r_latency":1729, "hops":2, "rtt_latency":3846, "root_time_now":898940}
[Mote:12] Sensor IPv6 = fe80::20c:c:c:c
[Mote:17] Sensor IPv6 = fe80::211:11:11:11
[Mote:13] Sensor IPv6 = fe80::20d:d:d:d
[Mote:11] Sensor IPv6 = fe80::20b:b:b:b
[Mote:7] Not reachable yet
[Mote:8] Not reachable yet
[Mote:1] {"node":"fd00::20d:d:d:d", "cpu_energy_mj":18, "lpm_energy_mj":0, "radio_tx_energy_mj":1, "radio_rx_energy_mj":7, "node_time":900544, "total_sent":57, "total_received":80, "bytes_tx":60, "bytes_rx":12, "r2n_latency":3143, "lqi":100, "rssi":-87, "server_sent":81, "server_received":117, "server_bytes_rx":60, "n2r_latency":776, "hops":1, "rtt_latency":1676, "root_time_now":901320}
[Mote:16] Not reachable yet
[Mote:1] {"node":"fd00::20c:c:c:c", "cpu_energy_mj":19, "lpm_energy_mj":0, "radio_tx_energy_mj":0, "radio_rx_energy_mj":8, "node_time":899335, "total_sent":30, "total_received":81, "bytes_tx":60, "bytes_rx":12, "r2n_latency":483, "lqi":100, "rssi":-85, "server_sent":87, "server_received":57, "server_bytes_rx":60, "n2r_latency":3735, "hops":1, "rtt_latency":1501, "root_time_now":903070}
[Mote:3] Sensor IPv6 = fe80::203:3:3:3
[Mote:14] Not reachable yet
[Mote:15] Not reachable yet
[Mote:2] Sensor IPv6 = fe80::202:2:2:2
[Mote:1] {"node":"fd00::20b:b:b:b", "cpu_energy_mj":18, "lpm_energy_mj":0, "radio_tx_energy_mj":0, "radio_rx_energy_mj":8, "node_time":900740, "total_sent":60, "total_received":76, "bytes_tx":60, "bytes_rx":12, "r2n_latency":704, "lqi":100, "rssi":-87, "server_sent":84, "server_received":119, "server_bytes_rx":60, "n2r_latency":5340, "hops":1, "rtt_latency":3012, "root_time_now":906080}
[Mote:1] {"node":"fd00::202:2:2:2", "cpu_energy_mj":18, "lpm_energy_mj":0, "radio_tx_energy_mj":0, "radio_rx_energy_mj":8, "node_time":905504, "total_sent":69, "total_received":86, "bytes_tx":60, "bytes_rx":12, "r2n_latency":214, "lqi":100, "rssi":-84, "server_sent":88, "server_received":136, "server_bytes_rx":60, "n2r_latency":716, "hops":0, "rtt_latency":1921, "root_time_now":906220}
[Mote:1] {"node":"fd00::203:3:3:3", "cpu_energy_mj":18, "lpm_energy_mj":0, "radio_tx_energy_mj":0, "radio_rx_energy_mj":8, "node_time":903734, "total_sent":32, "total_received":68, "bytes_tx":60, "bytes_rx":12, "r2n_latency":9303, "lqi":100, "rssi":-74, "server_sent":75, "server_received":54, "server_bytes_rx":60, "n2r_latency":2836, "hops":3, "rtt_latency":4896, "root_time_now":906570}
[Mote:10] Not reachable yet
[Mote:5] Sensor IPv6 = fe80::205:5:5:5
[Mote:1] {"node":"fd00::205:5:5:5", "cpu_energy_mj":19, "lpm_energy_mj":0, "radio_tx_energy_mj":2, "radio_rx_energy_mj":7, "node_time":906844, "total_sent":71, "total_received":87, "bytes_tx":60, "bytes_rx":12, "r2n_latency":74, "lqi":100, "rssi":-85, "server_sent":88, "server_received":143, "server_bytes_rx":60, "n2r_latency":76, "hops":0, "rtt_latency":492, "root_time_now":906920}
[Mote:6] Not reachable yet
[Mote:18] Not reachable yet
[Mote:19] Not reachable yet
[Mote:4] Sensor IPv6 = fe80::204:4:4:4
[Mote:1] {"node":"fd00::204:4:4:4", "cpu_energy_mj":19, "lpm_energy_mj":0, "radio_tx_energy_mj":1, "radio_rx_energy_mj":8, "node_time":907767, "total_sent":54, "total_received":78, "bytes_tx":60, "bytes_rx":12, "r2n_latency":2104, "lqi":100, "rssi":-83, "server_sent":78, "server_received":100, "server_bytes_rx":60, "n2r_latency":203, "hops":2, "rtt_latency":2452, "root_time_now":907970}
[Mote:9] Not reachable yet
[Mote:17] Sensor IPv6 = fe80::211:11:11:11
[Mote:12] Sensor IPv6 = fe80::20c:c:c:c
[Mote:13] Sensor IPv6 = fe80::20d:d:d:d
[Mote:11] Sensor IPv6 = fe80::20b:b:b:b
[Mote:7] Not reachable yet
[Mote:8] Not reachable yet
[Mote:16] Not reachable yet
[Mote:3] Sensor IPv6 = fe80::203:3:3:3
[Mote:14] Not reachable yet
[Mote:1] {"node":"fd00::20b:b:b:b", "cpu_energy_mj":18, "lpm_energy_mj":0, "radio_tx_energy_mj":0, "radio_rx_energy_mj":8, "node_time":910863, "total_sent":61, "total_received":77, "bytes_tx":60, "bytes_rx":12, "r2n_latency":714, "lqi":100, "rssi":-87, "server_sent":85, "server_received":121, "server_bytes_rx":60, "n2r_latency":4317, "hops":1, "rtt_latency":2562, "root_time_now":915180}
[Mote:15] Not reachable yet
[Mote:2] Sensor IPv6 = fe80::202:2:2:2
[Mote:1] {"node":"fd00::202:2:2:2", "cpu_energy_mj":18, "lpm_energy_mj":0, "radio_tx_energy_mj":1, "radio_rx_energy_mj":7, "node_time":916034, "total_sent":70, "total_received":87, "bytes_tx":60, "bytes_rx":12, "r2n_latency":294, "lqi":100, "rssi":-84, "server_sent":89, "server_received":138, "server_bytes_rx":60, "n2r_latency":56, "hops":0, "rtt_latency":497, "root_time_now":916090}
[Mote:10] Not reachable yet
[Mote:5] Sensor IPv6 = fe80::205:5:5:5
[Mote:1] {"node":"fd00::20d:d:d:d", "cpu_energy_mj":18, "lpm_energy_mj":0, "radio_tx_energy_mj":1, "radio_rx_energy_mj":7, "node_time":910656, "total_sent":58, "total_received":81, "bytes_tx":60, "bytes_rx":12, "r2n_latency":1684, "lqi":100, "rssi":-87, "server_sent":82, "server_received":119, "server_bytes_rx":60, "n2r_latency":7044, "hops":1, "rtt_latency":2277, "root_time_now":917700}
[Mote:1] {"node":"fd00::211:11:11:11", "cpu_energy_mj":18, "lpm_energy_mj":0, "radio_tx_energy_mj":0, "radio_rx_energy_mj":8, "node_time":909991, "total_sent":17, "total_received":38, "bytes_tx":60, "bytes_rx":12, "r2n_latency":5604, "lqi":100, "rssi":-60, "server_sent":73, "server_received":24, "server_bytes_rx":60, "n2r_latency":7779, "hops":4, "rtt_latency":3887, "root_time_now":917770}
[Mote:18] Sensor IPv6 = fe80::212:12:12:12
[Mote:6] Not reachable yet
[Mote:1] {"node":"fd00::20c:c:c:c", "cpu_energy_mj":19, "lpm_energy_mj":0, "radio_tx_energy_mj":1, "radio_rx_energy_mj":8, "node_time":910169, "total_sent":31, "total_received":82, "bytes_tx":60, "bytes_rx":12, "r2n_latency":1544, "lqi":100, "rssi":-85, "server_sent":88, "server_received":59, "server_bytes_rx":60, "n2r_latency":7811, "hops":1, "rtt_latency":4587, "root_time_now":917980}
[Mote:19] Not reachable yet
[Mote:4] Sensor IPv6 = fe80::204:4:4:4
[Mote:1] {"node":"fd00::203:3:3:3", "cpu_energy_mj":18, "lpm_energy_mj":0, "radio_tx_energy_mj":0, "radio_rx_energy_mj":8, "node_time":913996, "total_sent":33, "total_received":69, "bytes_tx":60, "bytes_rx":12, "r2n_latency":5324, "lqi":100, "rssi":-74, "server_sent":76, "server_received":56, "server_bytes_rx":60, "n2r_latency":4544, "hops":3, "rtt_latency":3432, "root_time_now":918540}
[Mote:1] {"node":"fd00::205:5:5:5", "cpu_energy_mj":19, "lpm_energy_mj":0, "radio_tx_energy_mj":1, "radio_rx_energy_mj":7, "node_time":917637, "total_sent":72, "total_received":88, "bytes_tx":60, "bytes_rx":12, "r2n_latency":14, "lqi":100, "rssi":-85, "server_sent":89, "server_received":145, "server_bytes_rx":60, "n2r_latency":1043, "hops":0, "rtt_latency":742, "root_time_now":918680}
[Mote:1] {"node":"fd00::204:4:4:4", "cpu_energy_mj":19, "lpm_energy_mj":0, "radio_tx_energy_mj":0, "radio_rx_energy_mj":8, "node_time":918323, "total_sent":55, "total_received":79, "bytes_tx":60, "bytes_rx":12, "r2n_latency":2674, "lqi":100, "rssi":-83, "server_sent":79, "server_received":102, "server_bytes_rx":60, "n2r_latency":1267, "hops":2, "rtt_latency":3962, "root_time_now":919590}
[Mote:9] Not reachable yet
[Mote:17] Sensor IPv6 = fe80::211:11:11:11
[Mote:13] Sensor IPv6 = fe80::20d:d:d:d
[Mote:11] Sensor IPv6 = fe80::20b:b:b:b
[Mote:12] Sensor IPv6 = fe80::20c:c:c:c
[Mote:7] Not reachable yet
[Mote:8] Not reachable yet
[Mote:16] Not reachable yet
[Mote:1] {"node":"fd00::20b:b:b:b", "cpu_energy_mj":18, "lpm_energy_mj":0, "radio_tx_energy_mj":0, "radio_rx_energy_mj":7, "node_time":920986, "total_sent":62, "total_received":78, "bytes_tx":60, "bytes_rx":12, "r2n_latency":514, "lqi":100, "rssi":-87, "server_sent":86, "server_received":123, "server_bytes_rx":60, "n2r_latency":2314, "hops":1, "rtt_latency":1447, "root_time_now":923300}
[Mote:1] {"node":"fd00::20c:c:c:c", "cpu_energy_mj":19, "lpm_energy_mj":0, "radio_tx_energy_mj":0, "radio_rx_energy_mj":8, "node_time":921001, "total_sent":32, "total_received":83, "bytes_tx":60, "bytes_rx":12, "r2n_latency":574, "lqi":100, "rssi":-85, "server_sent":89, "server_received":61, "server_bytes_rx":60, "n2r_latency":3139, "hops":1, "rtt_latency":4032, "root_time_now":924140}
[Mote:1] {"node":"fd00::211:11:11:11", "cpu_energy_mj":18, "lpm_energy_mj":0, "radio_tx_energy_mj":0, "radio_rx_energy_mj":8, "node_time":920212, "total_sent":18, "total_received":39, "bytes_tx":60, "bytes_rx":12, "r2n_latency":9604, "lqi":100, "rssi":-93, "server_sent":74, "server_received":26, "server_bytes_rx":60, "n2r_latency":3998, "hops":4, "rtt_latency":5607, "root_time_now":924210}
[Mote:3] Sensor IPv6 = fe80::203:3:3:3
[Mote:1] {"node":"fd00::20d:d:d:d", "cpu_energy_mj":18, "lpm_energy_mj":0, "radio_tx_energy_mj":1, "radio_rx_energy_mj":7, "node_time":920770, "total_sent":59, "total_received":82, "bytes_tx":60, "bytes_rx":12, "r2n_latency":2534, "lqi":100, "rssi":-87, "server_sent":83, "server_received":121, "server_bytes_rx":60, "n2r_latency":3510, "hops":1, "rtt_latency":3927, "root_time_now":924280}
[Mote:14] Not reachable yet
[Mote:15] Not reachable yet
[Mote:2] Sensor IPv6 = fe80::202:2:2:2
[Mote:1] {"node":"fd00::202:2:2:2", "cpu_energy_mj":18, "lpm_energy_mj":0, "radio_tx_energy_mj":1, "radio_rx_energy_mj":7, "node_time":926565, "total_sent":71, "total_received":88, "bytes_tx":60, "bytes_rx":12, "r2n_latency":24, "lqi":100, "rssi":-84, "server_sent":90, "server_received":140, "server_bytes_rx":60, "n2r_latency":25, "hops":0, "rtt_latency":432, "root_time_now":926590}
[Mote:10] Not reachable yet
[Mote:1] {"node":"fd00::203:3:3:3", "cpu_energy_mj":18, "lpm_energy_mj":0, "radio_tx_energy_mj":0, "radio_rx_energy_mj":8, "node_time":924262, "total_sent":34, "total_received":70, "bytes_tx":60, "bytes_rx":12, "r2n_latency":5614, "lqi":100, "rssi":-74, "server_sent":77, "server_received":58, "server_bytes_rx":60, "n2r_latency":3378, "hops":3, "rtt_latency":4312, "root_time_now":927640}
[Mote:18] Not reachable yet
[Mote:5] Sensor IPv6 = fe80::205:5:5:5
[Mote:1] {"node":"fd00::205:5:5:5", "cpu_energy_mj":19, "lpm_energy_mj":0, "radio_tx_energy_mj":2, "radio_rx_energy_mj":7, "node_time":928430, "total_sent":73, "total_received":89, "bytes_tx":60, "bytes_rx":12, "r2n_latency":2964, "lqi":100, "rssi":-85, "server_sent":90, "server_received":147, "server_bytes_rx":60, "n2r_latency":50, "hops":0, "rtt_latency":2182, "root_time_now":928480}
[Mote:6] Not reachable yet
[Mote:4] Sensor IPv6 = fe80::204:4:4:4
[Mote:1] {"node":"fd00::204:4:4:4", "cpu_energy_mj":19, "lpm_energy_mj":0, "radio_tx_energy_mj":1, "radio_rx_energy_mj":8, "node_time":928881, "total_sent":56, "total_received":80, "bytes_tx":60, "bytes_rx":12, "r2n_latency":4084, "lqi":100, "rssi":-83, "server_sent":80, "server_received":104, "server_bytes_rx":60, "n2r_latency":229, "hops":2, "rtt_latency":2672, "root_time_now":929110}
[Mote:19] Not reachable yet
[Mote:17] Sensor IPv6 = fe80::211:11:11:11
[Mote:9] Not reachable yet
[Mote:13] Sensor IPv6 = fe80::20d:d:d:d
[Mote:11] Sensor IPv6 = fe80::20b:b:b:b
[Mote:12] Sensor IPv6 = fe80::20c:c:c:c
[Mote:7] Not reachable yet
[Mote:8] Not reachable yet
[Mote:1] {"node":"fd00::20b:b:b:b", "cpu_energy_mj":18, "lpm_energy_mj":0, "radio_tx_energy_mj":0, "radio_rx_energy_mj":8, "node_time":931109, "total_sent":63, "total_received":79, "bytes_tx":60, "bytes_rx":12, "r2n_latency":664, "lqi":100, "rssi":-87, "server_sent":87, "server_received":125, "server_bytes_rx":60, "n2r_latency":1991, "hops":1, "rtt_latency":1522, "root_time_now":933100}
[Mote:16] Not reachable yet
[Mote:3] Sensor IPv6 = fe80::203:3:3:3
[Mote:1] {"node":"fd00::211:11:11:11", "cpu_energy_mj":18, "lpm_energy_mj":0, "radio_tx_energy_mj":0, "radio_rx_energy_mj":7, "node_time":930432, "total_sent":19, "total_received":40, "bytes_tx":60, "bytes_rx":12, "r2n_latency":6394, "lqi":100, "rssi":-93, "server_sent":75, "server_received":28, "server_bytes_rx":60, "n2r_latency":4348, "hops":4, "rtt_latency":4072, "root_time_now":934780}
[Mote:1] {"node":"fd00::20d:d:d:d", "cpu_energy_mj":18, "lpm_energy_mj":0, "radio_tx_energy_mj":1, "radio_rx_energy_mj":8, "node_time":930881, "total_sent":60, "total_received":83, "bytes_tx":60, "bytes_rx":12, "r2n_latency":3804, "lqi":100, "rssi":-87, "server_sent":84, "server_received":123, "server_bytes_rx":60, "n2r_latency":4109, "hops":1, "rtt_latency":2252, "root_time_now":934990}
[Mote:14] Not reachable yet
[Mote:15] Not reachable yet
[Mote:1] {"node":"fd00::203:3:3:3", "cpu_energy_mj":18, "lpm_energy_mj":0, "radio_tx_energy_mj":0, "radio_rx_energy_mj":8, "node_time":934526, "total_sent":35, "total_received":72, "bytes_tx":60, "bytes_rx":12, "r2n_latency":3814, "lqi":100, "rssi":-74, "server_sent":78, "server_received":61, "server_bytes_rx":60, "n2r_latency":2424, "hops":3, "rtt_latency":2992, "root_time_now":936950}
[Mote:2] Sensor IPv6 = fe80::202:2:2:2
[Mote:1] {"node":"fd00::202:2:2:2", "cpu_energy_mj":18, "lpm_energy_mj":0, "radio_tx_energy_mj":0, "radio_rx_energy_mj":8, "node_time":937096, "total_sent":72, "total_received":89, "bytes_tx":60, "bytes_rx":12, "r2n_latency":244, "lqi":100, "rssi":-84, "server_sent":91, "server_received":142, "server_bytes_rx":60, "n2r_latency":64, "hops":0, "rtt_latency":472, "root_time_now":937160}
[Mote:10] Not reachable yet
[Mote:18] Not reachable yet
[Mote:1] {"node":"fd00::20c:c:c:c", "cpu_energy_mj":19, "lpm_energy_mj":0, "radio_tx_energy_mj":0, "radio_rx_energy_mj":8, "node_time":931835, "total_sent":33, "total_received":85, "bytes_tx":60, "bytes_rx":12, "r2n_latency":524, "lqi":100, "rssi":-85, "server_sent":90, "server_received":63, "server_bytes_rx":60, "n2r_latency":7285, "hops":1, "rtt_latency":2217, "root_time_now":939120}
[Mote:5] Sensor IPv6 = fe80::205:5:5:5
[Mote:1] {"node":"fd00::205:5:5:5", "cpu_energy_mj":19, "lpm_energy_mj":0, "radio_tx_energy_mj":1, "radio_rx_energy_mj":8, "node_time":939220, "total_sent":74, "total_received":90, "bytes_tx":60, "bytes_rx":12, "r2n_latency":34, "lqi":100, "rssi":-85, "server_sent":91, "server_received":149, "server_bytes_rx":60, "n2r_latency":40, "hops":0, "rtt_latency":402, "root_time_now":939260}
[Mote:4] Sensor IPv6 = fe80::204:4:4:4
[Mote:1] {"node":"fd00::204:4:4:4", "cpu_energy_mj":19, "lpm_energy_mj":0, "radio_tx_energy_mj":0, "radio_rx_energy_mj":8, "node_time":939433, "total_sent":57, "total_received":81, "bytes_tx":60, "bytes_rx":12, "r2n_latency":1644, "lqi":100, "rssi":-83, "server_sent":81, "server_received":106, "server_bytes_rx":60, "n2r_latency":177, "hops":2, "rtt_latency":2817, "root_time_now":939610}
[Mote:6] Not reachable yet
[Mote:19] Not reachable yet
[Mote:17] Sensor IPv6 = fe80::211:11:11:11
[Mote:13] Sensor IPv6 = fe80::20d:d:d:d
[Mote:9] Not reachable yet
[Mote:11] Sensor IPv6 = fe80::20b:b:b:b
[Mote:1] {"node":"fd00::211:11:11:11", "cpu_energy_mj":18, "lpm_energy_mj":0, "radio_tx_energy_mj":0, "radio_rx_energy_mj":8, "node_time":940652, "total_sent":20, "total_received":41, "bytes_tx":60, "bytes_rx":12, "r2n_latency":4234, "lqi":100, "rssi":-93, "server_sent":76, "server_received":30, "server_bytes_rx":60, "n2r_latency":708, "hops":4, "rtt_latency":3272, "root_time_now":941360}
[Mote:1] {"node":"fd00::20d:d:d:d", "cpu_energy_mj":18, "lpm_energy_mj":0, "radio_tx_energy_mj":1, "radio_rx_energy_mj":7, "node_time":940994, "total_sent":61, "total_received":84, "bytes_tx":60, "bytes_rx":12, "r2n_latency":1294, "lqi":100, "rssi":-87, "server_sent":85, "server_received":125, "server_bytes_rx":60, "n2r_latency":576, "hops":1, "rtt_latency":2642, "root_time_now":941570}
[Mote:12] Not reachable yet
[Mote:7] Not reachable yet
[Mote:8] Not reachable yet
[Mote:16] Not reachable yet
[Mote:1] {"node":"fd00::20b:b:b:b", "cpu_energy_mj":18, "lpm_energy_mj":0, "radio_tx_energy_mj":0, "radio_rx_energy_mj":8, "node_time":941232, "total_sent":64, "total_received":80, "bytes_tx":60, "bytes_rx":12, "r2n_latency":1164, "lqi":100, "rssi":-87, "server_sent":88, "server_received":127, "server_bytes_rx":60, "n2r_latency":2508, "hops":1, "rtt_latency":1842, "root_time_now":943740}
[Mote:3] Sensor IPv6 = fe80::203:3:3:3
[Mote:14] Not reachable yet
[Mote:15] Not reachable yet
[Mote:10] Not reachable yet
[Mote:2] Sensor IPv6 = fe80::202:2:2:2
[Mote:1] {"node":"fd00::202:2:2:2", "cpu_energy_mj":18, "lpm_energy_mj":0, "radio_tx_energy_mj":0, "radio_rx_energy_mj":8, "node_time":947627, "total_sent":73, "total_received":90, "bytes_tx":60, "bytes_rx":12, "r2n_latency":184, "lqi":100, "rssi":-84, "server_sent":92, "server_received":144, "server_bytes_rx":60, "n2r_latency":33, "hops":0, "rtt_latency":1772, "root_time_now":947660}
[Mote:1] {"node":"fd00::203:3:3:3", "cpu_energy_mj":18, "lpm_energy_mj":0, "radio_tx_energy_mj":0, "radio_rx_energy_mj":8, "node_time":944790, "total_sent":36, "total_received":72, "bytes_tx":60, "bytes_rx":12, "r2n_latency":3814, "lqi":100, "rssi":-74, "server_sent":79, "server_received":62, "server_bytes_rx":60, "n2r_latency":3640, "hops":3, "rtt_latency":2992, "root_time_now":948430}
[Mote:18] Not reachable yet
[Mote:4] Sensor IPv6 = fe80::204:4:4:4
[Mote:5] Sensor IPv6 = fe80::205:5:5:5
[Mote:6] Not reachable yet
[Mote:17] Sensor IPv6 = fe80::211:11:11:11
[Mote:19] Not reachable yet
[Mote:13] Sensor IPv6 = fe80::20d:d:d:d
[Mote:11] Sensor IPv6 = fe80::20b:b:b:b
[Mote:1] {"node":"fd00::20b:b:b:b", "cpu_energy_mj":18, "lpm_energy_mj":0, "radio_tx_energy_mj":0, "radio_rx_energy_mj":8, "node_time":951355, "total_sent":65, "total_received":81, "bytes_tx":60, "bytes_rx":12, "r2n_latency":754, "lqi":100, "rssi":-87, "server_sent":89, "server_received":129, "server_bytes_rx":60, "n2r_latency":225, "hops":1, "rtt_latency":482, "root_time_now":951580}
[Mote:9] Not reachable yet
[Mote:1] {"node":"fd00::205:5:5:5", "cpu_energy_mj":19, "lpm_energy_mj":0, "radio_tx_energy_mj":1, "radio_rx_energy_mj":8, "node_time":950014, "total_sent":75, "total_received":91, "bytes_tx":60, "bytes_rx":12, "r2n_latency":44, "lqi":100, "rssi":-85, "server_sent":93, "server_received":151, "server_bytes_rx":60, "n2r_latency":2546, "hops":0, "rtt_latency":267, "root_time_now":952560}
[Mote:1] {"node":"fd00::204:4:4:4", "cpu_energy_mj":19, "lpm_energy_mj":0, "radio_tx_energy_mj":0, "radio_rx_energy_mj":8, "node_time":949991, "total_sent":58, "total_received":82, "bytes_tx":60, "bytes_rx":12, "r2n_latency":4734, "lqi":100, "rssi":-83, "server_sent":83, "server_received":108, "server_bytes_rx":60, "n2r_latency":2709, "hops":2, "rtt_latency":2612, "root_time_now":952700}
[Mote:1] {"node":"fd00::211:11:11:11", "cpu_energy_mj":18, "lpm_energy_mj":0, "radio_tx_energy_mj":0, "radio_rx_energy_mj":8, "node_time":950872, "total_sent":21, "total_received":42, "bytes_tx":60, "bytes_rx":12, "r2n_latency":7184, "lqi":100, "rssi":-93, "server_sent":77, "server_received":32, "server_bytes_rx":60, "n2r_latency":1898, "hops":4, "rtt_latency":4537, "root_time_now":952770}
[Mote:1] {"node":"fd00::20d:d:d:d", "cpu_energy_mj":18, "lpm_energy_mj":0, "radio_tx_energy_mj":1, "radio_rx_energy_mj":7, "node_time":951109, "total_sent":62, "total_received":85, "bytes_tx":60, "bytes_rx":12, "r2n_latency":1864, "lqi":100, "rssi":-87, "server_sent":86, "server_received":127, "server_bytes_rx":60, "n2r_latency":1731, "hops":1, "rtt_latency":1282, "root_time_now":952840}
[Mote:16] Not reachable yet
[Mote:7] Not reachable yet
[Mote:12] Not reachable yet
[Mote:8] Not reachable yet
[Mote:3] Sensor IPv6 = fe80::203:3:3:3
[Mote:1] {"node":"fd00::203:3:3:3", "cpu_energy_mj":18, "lpm_energy_mj":0, "radio_tx_energy_mj":1, "radio_rx_energy_mj":7, "node_time":955054, "total_sent":37, "total_received":73, "bytes_tx":60, "bytes_rx":12, "r2n_latency":6904, "lqi":100, "rssi":-74, "server_sent":80, "server_received":64, "server_bytes_rx":60, "n2r_latency":586, "hops":3, "rtt_latency":4397, "root_time_now":955640}
[Mote:10] Not reachable yet
[Mote:15] Not reachable yet
[Mote:14] Not reachable yet
[Mote:2] Sensor IPv6 = fe80::202:2:2:2
[Mote:1] {"node":"fd00::202:2:2:2", "cpu_energy_mj":18, "lpm_energy_mj":0, "radio_tx_energy_mj":0, "radio_rx_energy_mj":8, "node_time":958159, "total_sent":74, "total_received":91, "bytes_tx":60, "bytes_rx":12, "r2n_latency":264, "lqi":100, "rssi":-84, "server_sent":93, "server_received":146, "server_bytes_rx":60, "n2r_latency":71, "hops":0, "rtt_latency":202, "root_time_now":958230}
[Mote:18] Not reachable yet
[Mote:4] Sensor IPv6 = fe80::204:4:4:4
[Mote:5] Sensor IPv6 = fe80::205:5:5:5
[Mote:17] Sensor IPv6 = fe80::211:11:11:11
[Mote:13] Sensor IPv6 = fe80::20d:d:d:d
[Mote:11] Sensor IPv6 = fe80::20b:b:b:b
[Mote:6] Not reachable yet
[Mote:1] {"node":"fd00::205:5:5:5", "cpu_energy_mj":19, "lpm_energy_mj":0, "radio_tx_energy_mj":1, "radio_rx_energy_mj":7, "node_time":960806, "total_sent":76, "total_received":92, "bytes_tx":60, "bytes_rx":12, "r2n_latency":124, "lqi":100, "rssi":-85, "server_sent":94, "server_received":153, "server_bytes_rx":60, "n2r_latency":1134, "hops":0, "rtt_latency":1322, "root_time_now":961940}
[Mote:19] Sensor IPv6 = fe80::213:13:13:13
[Mote:1] {"node":"fd00::204:4:4:4", "cpu_energy_mj":19, "lpm_energy_mj":0, "radio_tx_energy_mj":0, "radio_rx_energy_mj":8, "node_time":960547, "total_sent":59, "total_received":83, "bytes_tx":60, "bytes_rx":12, "r2n_latency":4324, "lqi":100, "rssi":-83, "server_sent":84, "server_received":110, "server_bytes_rx":60, "n2r_latency":1463, "hops":2, "rtt_latency":2442, "root_time_now":962010}
[Mote:9] Not reachable yet
[Mote:1] {"node":"fd00::20b:b:b:b", "cpu_energy_mj":18, "lpm_energy_mj":0, "radio_tx_energy_mj":0, "radio_rx_energy_mj":8, "node_time":961478, "total_sent":66, "total_received":81, "bytes_tx":60, "bytes_rx":12, "r2n_latency":754, "lqi":100, "rssi":-87, "server_sent":90, "server_received":130, "server_bytes_rx":60, "n2r_latency":882, "hops":1, "rtt_latency":482, "root_time_now":962360}
[Mote:1] {"node":"fd00::20d:d:d:d", "cpu_energy_mj":18, "lpm_energy_mj":0, "radio_tx_energy_mj":1, "radio_rx_energy_mj":7, "node_time":961221, "total_sent":63, "total_received":86, "bytes_tx":60, "bytes_rx":12, "r2n_latency":3904, "lqi":100, "rssi":-87, "server_sent":87, "server_received":129, "server_bytes_rx":60, "n2r_latency":1209, "hops":1, "rtt_latency":2022, "root_time_now":962430}
[Mote:16] Not reachable yet
[Mote:7] Not reachable yet
[Mote:8] Not reachable yet
[Mote:12] Not reachable yet
[Mote:3] Sensor IPv6 = fe80::203:3:3:3
[Mote:1] {"node":"fd00::211:11:11:11", "cpu_energy_mj":18, "lpm_energy_mj":0, "radio_tx_energy_mj":0, "radio_rx_energy_mj":8, "node_time":961092, "total_sent":22, "total_received":43, "bytes_tx":60, "bytes_rx":12, "r2n_latency":7544, "lqi":100, "rssi":-93, "server_sent":78, "server_received":34, "server_bytes_rx":60, "n2r_latency":5468, "hops":4, "rtt_latency":4367, "root_time_now":966560}
[Mote:1] {"node":"fd00::213:13:13:13", "cpu_energy_mj":688, "lpm_energy_mj":0, "radio_tx_energy_mj":4, "radio_rx_energy_mj":846, "node_time":961985, "total_sent":21, "total_received":48, "bytes_tx":60, "bytes_rx":12, "r2n_latency":7806, "lqi":100, "rssi":-85, "server_sent":83, "server_received":21, "server_bytes_rx":60, "n2r_latency":4715, "hops":3, "rtt_latency":4542, "root_time_now":966700}
[Mote:10] Not reachable yet
[Mote:15] Not reachable yet
[Mote:2] Sensor IPv6 = fe80::202:2:2:2
[Mote:14] Not reachable yet
[Mote:1] {"node":"fd00::202:2:2:2", "cpu_energy_mj":18, "lpm_energy_mj":0, "radio_tx_energy_mj":1, "radio_rx_energy_mj":7, "node_time":968693, "total_sent":75, "total_received":92, "bytes_tx":60, "bytes_rx":12, "r2n_latency":64, "lqi":100, "rssi":-84, "server_sent":94, "server_received":148, "server_bytes_rx":60, "n2r_latency":37, "hops":0, "rtt_latency":172, "root_time_now":968730}
[Mote:18] Not reachable yet
[Mote:4] Sensor IPv6 = fe80::204:4:4:4
[Mote:17] Sensor IPv6 = fe80::211:11:11:11
[Mote:13] Sensor IPv6 = fe80::20d:d:d:d
[Mote:5] Sensor IPv6 = fe80::205:5:5:5
[Mote:11] Sensor IPv6 = fe80::20b:b:b:b
[Mote:6] Not reachable yet
[Mote:9] Not reachable yet
[Mote:19] Sensor IPv6 = fe80::213:13:13:13
[Mote:16] Not reachable yet
[Mote:1] {"node":"fd00::203:3:3:3", "cpu_energy_mj":18, "lpm_energy_mj":0, "radio_tx_energy_mj":0, "radio_rx_energy_mj":8, "node_time":965318, "total_sent":38, "total_received":75, "bytes_tx":60, "bytes_rx":12, "r2n_latency":5244, "lqi":100, "rssi":-74, "server_sent":82, "server_received":67, "server_bytes_rx":60, "n2r_latency":8102, "hops":3, "rtt_latency":6297, "root_time_now":973420}
[Mote:1] {"node":"fd00::20b:b:b:b", "cpu_energy_mj":18, "lpm_energy_mj":0, "radio_tx_energy_mj":0, "radio_rx_energy_mj":8, "node_time":971601, "total_sent":67, "total_received":82, "bytes_tx":60, "bytes_rx":12, "r2n_latency":1604, "lqi":100, "rssi":-87, "server_sent":91, "server_received":132, "server_bytes_rx":60, "n2r_latency":2589, "hops":1, "rtt_latency":1432, "root_time_now":974190}
[Mote:7] Not reachable yet
[Mote:8] Not reachable yet
[Mote:12] Not reachable yet
[Mote:3] Sensor IPv6 = fe80::203:3:3:3
[Mote:10] Not reachable yet
[Mote:15] Not reachable yet
[Mote:2] Sensor IPv6 = fe80::202:2:2:2
[Mote:14] Not reachable yet
[Mote:18] Not reachable yet
[Mote:13] Sensor IPv6 = fe80::20d:d:d:d
[Mote:17] Not reachable yet
[Mote:4] Sensor IPv6 = fe80::204:4:4:4
[Mote:11] Sensor IPv6 = fe80::20b:b:b:b
[Mote:5] Sensor IPv6 = fe80::205:5:5:5
[Mote:16] Not reachable yet
[Mote:9] Not reachable yet
[Mote:6] Not reachable yet
[Mote:19] Sensor IPv6 = fe80::213:13:13:13
[Mote:7] Not reachable yet
[Mote:8] Not reachable yet
[Mote:1] {"node":"fd00::204:4:4:4", "cpu_energy_mj":19, "lpm_energy_mj":0, "radio_tx_energy_mj":1, "radio_rx_energy_mj":8, "node_time":971105, "total_sent":60, "total_received":84, "bytes_tx":60, "bytes_rx":12, "r2n_latency":4194, "lqi":100, "rssi":-83, "server_sent":86, "server_received":112, "server_bytes_rx":60, "n2r_latency":14635, "hops":2, "rtt_latency":6122, "root_time_now":985740}
[Mote:1] {"node":"fd00::20d:d:d:d", "cpu_energy_mj":18, "lpm_energy_mj":0, "radio_tx_energy_mj":1, "radio_rx_energy_mj":7, "node_time":971333, "total_sent":64, "total_received":88, "bytes_tx":60, "bytes_rx":12, "r2n_latency":844, "lqi":100, "rssi":-87, "server_sent":89, "server_received":132, "server_bytes_rx":60, "n2r_latency":14477, "hops":1, "rtt_latency":6512, "root_time_now":985810}
[Mote:3] Sensor IPv6 = fe80::203:3:3:3
[Mote:1] {"node":"fd00::205:5:5:5", "cpu_energy_mj":19, "lpm_energy_mj":0, "radio_tx_energy_mj":2, "radio_rx_energy_mj":7, "node_time":971599, "total_sent":77, "total_received":94, "bytes_tx":60, "bytes_rx":12, "r2n_latency":74, "lqi":100, "rssi":-85, "server_sent":96, "server_received":156, "server_bytes_rx":60, "n2r_latency":14351, "hops":0, "rtt_latency":2627, "root_time_now":985950}
[Mote:12] Not reachable yet
[Mote:1] {"node":"fd00::202:2:2:2", "cpu_energy_mj":18, "lpm_energy_mj":0, "radio_tx_energy_mj":2, "radio_rx_energy_mj":7, "node_time":979221, "total_sent":76, "total_received":93, "bytes_tx":60, "bytes_rx":12, "r2n_latency":284, "lqi":100, "rssi":-84, "server_sent":96, "server_received":150, "server_bytes_rx":60, "n2r_latency":7149, "hops":0, "rtt_latency":352, "root_time_now":986370}
[Mote:1] {"node":"fd00::20b:b:b:b", "cpu_energy_mj":18, "lpm_energy_mj":0, "radio_tx_energy_mj":0, "radio_rx_energy_mj":8, "node_time":981723, "total_sent":68, "total_received":84, "bytes_tx":60, "bytes_rx":12, "r2n_latency":854, "lqi":100, "rssi":-87, "server_sent":92, "server_received":135, "server_bytes_rx":60, "n2r_latency":5137, "hops":1, "rtt_latency":3262, "root_time_now":986860}
[Mote:10] Not reachable yet
[Mote:15] Not reachable yet
[Mote:2] Sensor IPv6 = fe80::202:2:2:2
[Mote:1] {"node":"fd00::202:2:2:2", "cpu_energy_mj":18, "lpm_energy_mj":0, "radio_tx_energy_mj":2, "radio_rx_energy_mj":6, "node_time":989753, "total_sent":77, "total_received":94, "bytes_tx":60, "bytes_rx":12, "r2n_latency":154, "lqi":100, "rssi":-84, "server_sent":96, "server_received":152, "server_bytes_rx":60, "n2r_latency":47, "hops":0, "rtt_latency":3227, "root_time_now":989800}
[Mote:14] Not reachable yet
[Mote:13] Sensor IPv6 = fe80::20d:d:d:d
[Mote:18] Not reachable yet
[Mote:17] Not reachable yet
[Mote:11] Sensor IPv6 = fe80::20b:b:b:b
[Mote:4] Sensor IPv6 = fe80::204:4:4:4
[Mote:5] Not reachable yet
[Mote:16] Not reachable yet
[Mote:9] Not reachable yet
[Mote:6] Sensor IPv6 = fe80::206:6:6:6
[Mote:19] Not reachable yet
[Mote:7] Not reachable yet
[Mote:8] Not reachable yet
[Mote:3] Sensor IPv6 = fe80::203:3:3:3
[Mote:12] Not reachable yet
[Mote:1] {"node":"fd00::20b:b:b:b", "cpu_energy_mj":18, "lpm_energy_mj":0, "radio_tx_energy_mj":0, "radio_rx_energy_mj":8, "node_time":991846, "total_sent":69, "total_received":85, "bytes_tx":60, "bytes_rx":12, "r2n_latency":1003, "lqi":100, "rssi":-87, "server_sent":93, "server_received":137, "server_bytes_rx":60, "n2r_latency":5374, "hops":1, "rtt_latency":3441, "root_time_now":997220}
[Mote:10] Not reachable yet
[Mote:15] Not reachable yet
[Mote:2] Sensor IPv6 = fe80::202:2:2:2
[Mote:14] Not reachable yet
[Mote:13] Not reachable yet
[Mote:11] Sensor IPv6 = fe80::20b:b:b:b
[Mote:17] Not reachable yet
[Mote:18] Not reachable yet
[Mote:4] Not reachable yet
[Mote:1] {"node":"fd00::206:6:6:6", "cpu_energy_mj":511, "lpm_energy_mj":0, "radio_tx_energy_mj":13, "radio_rx_energy_mj":2702, "node_time":994391, "total_sent":62, "total_received":90, "bytes_tx":60, "bytes_rx":12, "r2n_latency":44223, "lqi":100, "rssi":-90, "server_sent":96, "server_received":133, "server_bytes_rx":60, "n2r_latency":8429, "hops":0, "rtt_latency":26347, "root_time_now":1002820}
[Mote:16] Not reachable yet
[Mote:5] Not reachable yet
[Mote:9] Not reachable yet
[Mote:6] Sensor IPv6 = fe80::206:6:6:6
[Mote:19] Not reachable yet
[Mote:7] Not reachable yet
[Mote:8] Not reachable yet
[Mote:3] Not reachable yet
[Mote:12] Not reachable yet
[Mote:1] {"node":"fd00::202:2:2:2", "cpu_energy_mj":18, "lpm_energy_mj":0, "radio_tx_energy_mj":3, "radio_rx_energy_mj":5, "node_time":1000284, "total_sent":78, "total_received":96, "bytes_tx":60, "bytes_rx":12, "r2n_latency":174, "lqi":100, "rssi":-84, "server_sent":98, "server_received":154, "server_bytes_rx":60, "n2r_latency":7646, "hops":0, "rtt_latency":2706, "root_time_now":1007930}
[Mote:10] Not reachable yet
[Mote:1] {"node":"fd00::20b:b:b:b", "cpu_energy_mj":18, "lpm_energy_mj":0, "radio_tx_energy_mj":0, "radio_rx_energy_mj":8, "node_time":1001969, "total_sent":70, "total_received":86, "bytes_tx":60, "bytes_rx":12, "r2n_latency":384, "lqi":100, "rssi":-87, "server_sent":94, "server_received":139, "server_bytes_rx":60, "n2r_latency":7711, "hops":1, "rtt_latency":4812, "root_time_now":1009680}
[Mote:15] Not reachable yet
[Mote:2] Sensor IPv6 = fe80::202:2:2:2
[Mote:14] Not reachable yet
[Mote:13] Not reachable yet
[Mote:11] Sensor IPv6 = fe80::20b:b:b:b
[Mote:17] Not reachable yet
[Mote:18] Not reachable yet
[Mote:4] Not reachable yet
[Mote:16] Not reachable yet
[Mote:5] Not reachable yet
[Mote:9] Not reachable yet
[Mote:7] Not reachable yet
[Mote:6] Not reachable yet
[Mote:8] Not reachable yet
[Mote:19] Not reachable yet
[Mote:3] Not reachable yet
[Mote:12] Not reachable yet
[Mote:10] Not reachable yet
[Mote:15] Not reachable yet
[Mote:2] Not reachable yet
[Mote:13] Not reachable yet
[Mote:11] Not reachable yet
[Mote:17] Not reachable yet
[Mote:14] Not reachable yet
[Mote:18] Not reachable yet
[Mote:16] Not reachable yet
[Mote:4] Not reachable yet
[Mote:5] Not reachable yet
[Mote:9] Not reachable yet
[Mote:7] Not reachable yet
[Mote:3] Not reachable yet
[Mote:8] Not reachable yet
[Mote:6] Sensor IPv6 = fe80::206:6:6:6
[Mote:19] Not reachable yet
[Mote:10] Not reachable yet
[Mote:12] Not reachable yet
[Mote:15] Not reachable yet
[Mote:2] Not reachable yet
[Mote:13] Not reachable yet
[Mote:11] Not reachable yet
[Mote:17] Not reachable yet
[Mote:14] Not reachable yet
[Mote:16] Not reachable yet
[Mote:18] Not reachable yet
[Mote:4] Not reachable yet
[Mote:1] {"node":"fd00::20b:b:b:b", "cpu_energy_mj":18, "lpm_energy_mj":0, "radio_tx_energy_mj":0, "radio_rx_energy_mj":8, "node_time":1012095, "total_sent":71, "total_received":86, "bytes_tx":60, "bytes_rx":12, "r2n_latency":384, "lqi":100, "rssi":-87, "server_sent":97, "server_received":140, "server_bytes_rx":60, "n2r_latency":23905, "hops":1, "rtt_latency":4812, "root_time_now":1036000}
[Mote:9] Not reachable yet
[Mote:5] Not reachable yet
[Mote:7] Not reachable yet
[Mote:3] Not reachable yet
[Mote:8] Not reachable yet
[Mote:6] Not reachable yet
[Mote:19] Not reachable yet
[Mote:10] Not reachable yet
[Mote:12] Not reachable yet
[Mote:15] Not reachable yet
[Mote:13] Not reachable yet
[Mote:2] Not reachable yet
[Mote:11] Not reachable yet
[Mote:17] Not reachable yet
[Mote:16] Not reachable yet
[Mote:14] Not reachable yet
[Mote:18] Not reachable yet
[Mote:4] Not reachable yet
[Mote:9] Not reachable yet
[Mote:5] Not reachable yet
[Mote:3] Not reachable yet
[Mote:7] Not reachable yet
[Mote:8] Not reachable yet
[Mote:6] Not reachable yet
[Mote:19] Not reachable yet
[Mote:10] Not reachable yet
[Mote:12] Not reachable yet
[Mote:13] Not reachable yet
[Mote:15] Not reachable yet
[Mote:11] Not reachable yet
[Mote:2] Not reachable yet
[Mote:17] Not reachable yet
[Mote:16] Not reachable yet
[Mote:14] Not reachable yet
[Mote:18] Not reachable yet
[Mote:4] Not reachable yet
[Mote:9] Not reachable yet
[Mote:3] Not reachable yet
[Mote:5] Not reachable yet
[Mote:7] Not reachable yet
[Mote:8] Not reachable yet
[Mote:10] Not reachable yet
[Mote:6] Not reachable yet
[Mote:19] Not reachable yet
[Mote:12] Not reachable yet
[Mote:13] Not reachable yet
[Mote:11] Not reachable yet
[Mote:15] Not reachable yet
[Mote:17] Not reachable yet
[Mote:2] Not reachable yet
[Mote:16] Not reachable yet
[Mote:18] Not reachable yet
[Mote:14] Not reachable yet
[Mote:4] Not reachable yet
[Mote:3] Not reachable yet
[Mote:9] Not reachable yet
[Mote:7] Not reachable yet
[Mote:5] Not reachable yet
[Mote:8] Not reachable yet
[Mote:10] Not reachable yet
[Mote:6] Not reachable yet
[Mote:19] Not reachable yet
[Mote:13] Not reachable yet
[Mote:12] Not reachable yet
[Mote:11] Not reachable yet
[Mote:17] Not reachable yet
[Mote:16] Not reachable yet
[Mote:15] Not reachable yet
[Mote:2] Not reachable yet
[Mote:18] Not reachable yet
[Mote:14] Not reachable yet
[Mote:4] Not reachable yet
[Mote:3] Not reachable yet
[Mote:9] Not reachable yet
[Mote:7] Not reachable yet
[Mote:8] Not reachable yet
[Mote:5] Not reachable yet
[Mote:10] Not reachable yet
[Mote:6] Not reachable yet
[Mote:19] Not reachable yet
[Mote:13] Not reachable yet
[Mote:11] Not reachable yet
[Mote:12] Not reachable yet
[Mote:16] Not reachable yet
[Mote:17] Not reachable yet
[Mote:15] Not reachable yet
[Mote:2] Not reachable yet
[Mote:18] Not reachable yet
[Mote:14] Not reachable yet
[Mote:4] Not reachable yet
[Mote:3] Not reachable yet
[Mote:9] Not reachable yet
[Mote:7] Not reachable yet
[Mote:8] Not reachable yet
[Mote:10] Not reachable yet
[Mote:5] Not reachable yet
[Mote:13] Not reachable yet
[Mote:6] Not reachable yet
[Mote:11] Not reachable yet
[Mote:19] Not reachable yet
[Mote:16] Not reachable yet
[Mote:17] Not reachable yet
[Mote:12] Not reachable yet
[Mote:15] Not reachable yet
[Mote:2] Not reachable yet
[Mote:18] Not reachable yet
[Mote:4] Not reachable yet
[Mote:14] Not reachable yet
[Mote:3] Not reachable yet
[Mote:9] Not reachable yet
[Mote:7] Not reachable yet
[Mote:10] Not reachable yet
[Mote:8] Not reachable yet
[Mote:5] Not reachable yet
[Mote:13] Not reachable yet
[Mote:11] Not reachable yet
[Mote:6] Sensor IPv6 = fe80::206:6:6:6
[Mote:16] Not reachable yet
[Mote:19] Not reachable yet
[Mote:17] Not reachable yet
[Mote:1] {"node":"fd00::206:6:6:6", "cpu_energy_mj":137, "lpm_energy_mj":0, "radio_tx_energy_mj":15, "radio_rx_energy_mj":55, "node_time":1103682, "total_sent":65, "total_received":103, "bytes_tx":60, "bytes_rx":12, "r2n_latency":1322, "lqi":100, "rssi":-80, "server_sent":106, "server_received":138, "server_bytes_rx":60, "n2r_latency":1058, "hops":0, "rtt_latency":1011, "root_time_now":1104740}
[Mote:12] Not reachable yet
[Mote:15] Not reachable yet
[Mote:2] Not reachable yet
[Mote:18] Not reachable yet
[Mote:4] Not reachable yet
[Mote:14] Not reachable yet
[Mote:3] Not reachable yet
[Mote:9] Not reachable yet
[Mote:7] Not reachable yet
[Mote:10] Not reachable yet
[Mote:8] Not reachable yet
[Mote:5] Not reachable yet
[Mote:13] Not reachable yet
[Mote:11] Not reachable yet
[Mote:16] Not reachable yet
[Mote:17] Not reachable yet
[Mote:6] Sensor IPv6 = fe80::206:6:6:6
[Mote:19] Not reachable yet
[Mote:15] Not reachable yet
[Mote:12] Not reachable yet
[Mote:2] Sensor IPv6 = fe80::202:2:2:2
[Mote:18] Not reachable yet
[Mote:4] Not reachable yet
[Mote:3] Not reachable yet
[Mote:14] Not reachable yet
[Mote:10] Not reachable yet
[Mote:9] Not reachable yet
[Mote:7] Sensor IPv6 = fe80::207:7:7:7
[Mote:8] Not reachable yet
[Mote:1] {"node":"fd00::202:2:2:2", "cpu_energy_mj":189, "lpm_energy_mj":0, "radio_tx_energy_mj":17, "radio_rx_energy_mj":78, "node_time":1116125, "total_sent":80, "total_received":107, "bytes_tx":60, "bytes_rx":12, "r2n_latency":1755, "lqi":100, "rssi":-90, "server_sent":110, "server_received":158, "server_bytes_rx":60, "n2r_latency":6255, "hops":1, "rtt_latency":1787, "root_time_now":1122380}
[Mote:5] Not reachable yet
[Mote:13] Not reachable yet
[Mote:11] Not reachable yet
[Mote:16] Not reachable yet
[Mote:17] Not reachable yet
[Mote:6] Not reachable yet
[Mote:19] Not reachable yet
[Mote:15] Not reachable yet
[Mote:2] Sensor IPv6 = fe80::202:2:2:2
[Mote:12] Not reachable yet
[Mote:18] Not reachable yet
[Mote:4] Not reachable yet
[Mote:3] Not reachable yet
[Mote:14] Not reachable yet
[Mote:10] Not reachable yet
[Mote:9] Not reachable yet
[Mote:7] Sensor IPv6 = fe80::207:7:7:7
[Mote:8] Not reachable yet
[Mote:13] Not reachable yet
[Mote:5] Not reachable yet
[Mote:11] Not reachable yet
[Mote:16] Not reachable yet
[Mote:17] Not reachable yet
[Mote:6] Not reachable yet
[Mote:15] Not reachable yet
[Mote:19] Not reachable yet
[Mote:2] Sensor IPv6 = fe80::202:2:2:2
[Mote:12] Not reachable yet
[Mote:18] Not reachable yet
[Mote:3] Not reachable yet
[Mote:4] Not reachable yet
[Mote:14] Not reachable yet
[Mote:10] Not reachable yet
[Mote:7] Sensor IPv6 = fe80::207:7:7:7
[Mote:9] Not reachable yet
[Mote:8] Not reachable yet
[Mote:13] Not reachable yet
[Mote:11] Not reachable yet
[Mote:16] Not reachable yet
[Mote:5] Not reachable yet
[Mote:17] Not reachable yet
[Mote:15] Not reachable yet
[Mote:6] Not reachable yet
[Mote:2] Sensor IPv6 = fe80::202:2:2:2
[Mote:19] Not reachable yet
[Mote:12] Not reachable yet
[Mote:18] Not reachable yet
[Mote:3] Not reachable yet
[Mote:4] Not reachable yet
[Mote:10] Not reachable yet
[Mote:14] Not reachable yet
[Mote:7] Not reachable yet
[Mote:9] Not reachable yet
[Mote:8] Not reachable yet
[Mote:13] Not reachable yet
[Mote:11] Not reachable yet
[Mote:16] Not reachable yet
[Mote:5] Not reachable yet
[Mote:17] Not reachable yet
[Mote:15] Not reachable yet
[Mote:2] Sensor IPv6 = fe80::202:2:2:2
[Mote:6] Not reachable yet
[Mote:19] Not reachable yet
[Mote:12] Not reachable yet
[Mote:3] Not reachable yet
[Mote:18] Not reachable yet
[Mote:4] Not reachable yet
[Mote:10] Not reachable yet
[Mote:14] Not reachable yet
[Mote:7] Not reachable yet
[Mote:9] Not reachable yet
[Mote:8] Not reachable yet
[Mote:13] Not reachable yet
[Mote:16] Not reachable yet
[Mote:11] Not reachable yet
[Mote:17] Not reachable yet
[Mote:5] Not reachable yet
[Mote:15] Not reachable yet
[Mote:2] Not reachable yet
[Mote:6] Not reachable yet
[Mote:19] Not reachable yet
[Mote:12] Not reachable yet
[Mote:3] Not reachable yet
[Mote:18] Not reachable yet
[Mote:10] Not reachable yet
[Mote:4] Not reachable yet
[Mote:14] Not reachable yet
[Mote:7] Not reachable yet
[Mote:13] Not reachable yet
[Mote:9] Not reachable yet
[Mote:8] Not reachable yet
[Mote:16] Not reachable yet
[Mote:11] Not reachable yet
[Mote:17] Not reachable yet
[Mote:5] Not reachable yet
[Mote:15] Not reachable yet
[Mote:2] Not reachable yet
[Mote:6] Not reachable yet
[Mote:19] Not reachable yet
[Mote:3] Not reachable yet
[Mote:12] Not reachable yet
[Mote:18] Not reachable yet
[Mote:10] Not reachable yet
[Mote:4] Not reachable yet
[Mote:13] Not reachable yet
[Mote:7] Not reachable yet
[Mote:16] Not reachable yet
[Mote:14] Not reachable yet
[Mote:11] Not reachable yet
[Mote:8] Not reachable yet
[Mote:9] Not reachable yet
[Mote:17] Not reachable yet
[Mote:5] Not reachable yet
[Mote:15] Not reachable yet
[Mote:2] Not reachable yet
[Mote:6] Not reachable yet
[Mote:3] Not reachable yet
[Mote:19] Not reachable yet
[Mote:12] Not reachable yet
[Mote:10] Not reachable yet
[Mote:18] Not reachable yet
[Mote:4] Not reachable yet
[Mote:13] Not reachable yet
[Mote:16] Not reachable yet
[Mote:7] Not reachable yet
[Mote:11] Not reachable yet
[Mote:8] Not reachable yet
[Mote:14] Not reachable yet
[Mote:9] Not reachable yet
[Mote:17] Not reachable yet
[Mote:5] Not reachable yet
[Mote:15] Not reachable yet
[Mote:2] Not reachable yet
[Mote:3] Not reachable yet
[Mote:6] Not reachable yet
[Mote:10] Not reachable yet
[Mote:19] Not reachable yet
[Mote:18] Not reachable yet
[Mote:12] Not reachable yet
[Mote:4] Not reachable yet
[Mote:13] Not reachable yet
[Mote:16] Not reachable yet
[Mote:11] Not reachable yet
[Mote:7] Not reachable yet
[Mote:8] Not reachable yet
[Mote:9] Not reachable yet
[Mote:14] Not reachable yet
[Mote:17] Not reachable yet
[Mote:5] Not reachable yet
[Mote:15] Not reachable yet
[Mote:2] Not reachable yet
[Mote:3] Not reachable yet
[Mote:10] Not reachable yet
[Mote:6] Not reachable yet
[Mote:18] Not reachable yet
[Mote:19] Not reachable yet
[Mote:12] Not reachable yet
[Mote:4] Not reachable yet
[Mote:13] Not reachable yet
[Mote:16] Not reachable yet
[Mote:11] Not reachable yet
[Mote:7] Not reachable yet
[Mote:8] Not reachable yet
[Mote:9] Not reachable yet
[Mote:14] Not reachable yet
[Mote:17] Not reachable yet
[Mote:5] Not reachable yet
[Mote:15] Not reachable yet
[Mote:2] Not reachable yet
[Mote:3] Not reachable yet
[Mote:10] Not reachable yet
[Mote:18] Not reachable yet
[Mote:6] Not reachable yet
[Mote:16] Not reachable yet
[Mote:13] Not reachable yet
[Mote:19] Not reachable yet
[Mote:12] Not reachable yet
[Mote:4] Not reachable yet
[Mote:11] Not reachable yet
[Mote:7] Not reachable yet
[Mote:8] Not reachable yet
[Mote:9] Not reachable yet
[Mote:17] Not reachable yet
[Mote:14] Not reachable yet
[Mote:5] Not reachable yet
[Mote:15] Not reachable yet
[Mote:2] Not reachable yet
[Mote:3] Not reachable yet
[Mote:10] Not reachable yet
[Mote:16] Not reachable yet
[Mote:13] Not reachable yet
[Mote:18] Not reachable yet
[Mote:11] Not reachable yet
[Mote:6] Not reachable yet
[Mote:4] Not reachable yet
[Mote:12] Not reachable yet
[Mote:19] Not reachable yet
[Mote:7] Not reachable yet
[Mote:8] Not reachable yet
[Mote:17] Not reachable yet
[Mote:9] Not reachable yet
[Mote:14] Not reachable yet
[Mote:5] Not reachable yet
[Mote:15] Not reachable yet
[Mote:3] Not reachable yet
[Mote:2] Not reachable yet
[Mote:10] Not reachable yet
[Mote:16] Not reachable yet
[Mote:13] Not reachable yet
[Mote:18] Not reachable yet
[Mote:11] Not reachable yet
[Mote:4] Not reachable yet
[Mote:6] Not reachable yet
[Mote:12] Not reachable yet
[Mote:19] Not reachable yet
[Mote:7] Not reachable yet
[Mote:8] Not reachable yet
[Mote:17] Not reachable yet
[Mote:9] Not reachable yet
[Mote:14] Not reachable yet
[Mote:5] Not reachable yet
[Mote:15] Not reachable yet
[Mote:3] Not reachable yet
[Mote:2] Not reachable yet
[Mote:10] Not reachable yet
[Mote:16] Not reachable yet
[Mote:13] Not reachable yet
[Mote:11] Not reachable yet
[Mote:18] Not reachable yet
[Mote:4] Not reachable yet
[Mote:6] Not reachable yet
[Mote:12] Not reachable yet
[Mote:19] Not reachable yet
[Mote:7] Not reachable yet
[Mote:17] Not reachable yet
[Mote:8] Not reachable yet
[Mote:9] Not reachable yet
[Mote:14] Not reachable yet
[Mote:3] Not reachable yet
[Mote:5] Not reachable yet
[Mote:15] Not reachable yet
[Mote:10] Not reachable yet
[Mote:2] Not reachable yet
[Mote:16] Not reachable yet
[Mote:13] Not reachable yet
[Mote:11] Not reachable yet
[Mote:18] Not reachable yet
[Mote:4] Not reachable yet
[Mote:7] Not reachable yet
[Mote:6] Not reachable yet
[Mote:12] Not reachable yet
[Mote:17] Not reachable yet
[Mote:19] Not reachable yet
[Mote:8] Not reachable yet
[Mote:9] Not reachable yet
[Mote:14] Not reachable yet
[Mote:3] Not reachable yet
[Mote:10] Not reachable yet
[Mote:15] Not reachable yet
[Mote:5] Not reachable yet
[Mote:2] Not reachable yet
[Mote:16] Not reachable yet
[Mote:13] Not reachable yet
[Mote:11] Not reachable yet
[Mote:18] Not reachable yet
[Mote:4] Not reachable yet
[Mote:17] Not reachable yet
[Mote:7] Not reachable yet
[Mote:12] Not reachable yet
[Mote:6] Not reachable yet
[Mote:8] Not reachable yet
[Mote:19] Not reachable yet
[Mote:9] Not reachable yet
[Mote:14] Not reachable yet
[Mote:3] Not reachable yet
[Mote:10] Not reachable yet
[Mote:15] Not reachable yet
[Mote:16] Not reachable yet
[Mote:5] Not reachable yet
[Mote:2] Not reachable yet
[Mote:13] Not reachable yet
[Mote:11] Not reachable yet
[Mote:18] Not reachable yet
[Mote:4] Not reachable yet
[Mote:17] Not reachable yet
[Mote:7] Not reachable yet
[Mote:8] Not reachable yet
[Mote:12] Not reachable yet
[Mote:6] Not reachable yet
[Mote:19] Not reachable yet
[Mote:9] Not reachable yet
[Mote:14] Not reachable yet
[Mote:3] Not reachable yet
[Mote:10] Not reachable yet
[Mote:16] Not reachable yet
[Mote:15] Not reachable yet
[Mote:13] Not reachable yet
[Mote:2] Not reachable yet
[Mote:5] Not reachable yet
[Mote:11] Not reachable yet
[Mote:18] Not reachable yet
[Mote:4] Not reachable yet
[Mote:17] Not reachable yet
[Mote:7] Not reachable yet
[Mote:8] Not reachable yet
[Mote:12] Not reachable yet
[Mote:6] Not reachable yet
[Mote:9] Not reachable yet
[Mote:19] Not reachable yet
[Mote:14] Not reachable yet
[Mote:3] Not reachable yet
[Mote:10] Not reachable yet
[Mote:16] Not reachable yet
[Mote:13] Not reachable yet
[Mote:15] Not reachable yet
[Mote:11] Not reachable yet
[Mote:2] Not reachable yet
[Mote:5] Not reachable yet
[Mote:18] Not reachable yet
[Mote:17] Not reachable yet
[Mote:4] Not reachable yet
[Mote:7] Not reachable yet
[Mote:8] Not reachable yet
[Mote:12] Not reachable yet
[Mote:9] Not reachable yet
[Mote:6] Not reachable yet
[Mote:19] Not reachable yet
[Mote:14] Not reachable yet
[Mote:10] Not reachable yet
[Mote:3] Not reachable yet
[Mote:16] Not reachable yet
[Mote:13] Not reachable yet
[Mote:15] Not reachable yet
[Mote:11] Not reachable yet
[Mote:2] Not reachable yet
[Mote:5] Not reachable yet
[Mote:18] Not reachable yet
[Mote:17] Not reachable yet
[Mote:4] Not reachable yet
[Mote:7] Not reachable yet
[Mote:8] Not reachable yet
[Mote:9] Not reachable yet
[Mote:12] Not reachable yet
[Mote:6] Not reachable yet
[Mote:19] Not reachable yet
[Mote:14] Not reachable yet
[Mote:16] Not reachable yet
[Mote:10] Not reachable yet
[Mote:3] Not reachable yet
[Mote:13] Not reachable yet
[Mote:11] Not reachable yet
[Mote:15] Not reachable yet
[Mote:2] Not reachable yet
[Mote:5] Not reachable yet
[Mote:17] Not reachable yet
[Mote:18] Not reachable yet
[Mote:4] Not reachable yet
[Mote:7] Not reachable yet
[Mote:8] Not reachable yet
[Mote:9] Not reachable yet
[Mote:12] Not reachable yet
[Mote:6] Not reachable yet
[Mote:19] Not reachable yet
[Mote:16] Not reachable yet
[Mote:10] Not reachable yet
[Mote:14] Not reachable yet
[Mote:3] Not reachable yet
[Mote:13] Not reachable yet
[Mote:11] Not reachable yet
[Mote:15] Not reachable yet
[Mote:2] Sensor IPv6 = fe80::202:2:2:2
[Mote:5] Not reachable yet
[Mote:17] Not reachable yet
[Mote:18] Not reachable yet
[Mote:4] Not reachable yet
[Mote:7] Not reachable yet
[Mote:8] Not reachable yet
[Mote:9] Not reachable yet
[Mote:12] Not reachable yet
[Mote:6] Not reachable yet
[Mote:19] Not reachable yet
[Mote:16] Not reachable yet
[Mote:10] Not reachable yet
[Mote:3] Not reachable yet
[Mote:14] Not reachable yet
[Mote:13] Not reachable yet
[Mote:11] Not reachable yet
[Mote:15] Not reachable yet
[Mote:2] Sensor IPv6 = fe80::202:2:2:2
[Mote:1] {"node":"fd00::202:2:2:2", "cpu_energy_mj":18, "lpm_energy_mj":0, "radio_tx_energy_mj":1, "radio_rx_energy_mj":8, "node_time":1347807, "total_sent":86, "total_received":126, "bytes_tx":60, "bytes_rx":12, "r2n_latency":35906, "lqi":100, "rssi":-90, "server_sent":132, "server_received":162, "server_bytes_rx":60, "n2r_latency":323, "hops":0, "rtt_latency":18582, "root_time_now":1348130}
[Mote:5] Not reachable yet
[Mote:17] Not reachable yet
[Mote:18] Not reachable yet
[Mote:4] Not reachable yet
[Mote:7] Not reachable yet
[Mote:8] Not reachable yet
[Mote:9] Not reachable yet
[Mote:12] Not reachable yet
[Mote:16] Not reachable yet
[Mote:10] Not reachable yet
[Mote:6] Not reachable yet
[Mote:3] Not reachable yet
[Mote:19] Not reachable yet
[Mote:13] Not reachable yet
[Mote:14] Not reachable yet
[Mote:11] Not reachable yet
[Mote:15] Not reachable yet
[Mote:2] Sensor IPv6 = fe80::202:2:2:2
[Mote:1] {"node":"fd00::202:2:2:2", "cpu_energy_mj":18, "lpm_energy_mj":0, "radio_tx_energy_mj":0, "radio_rx_energy_mj":8, "node_time":1358338, "total_sent":87, "total_received":128, "bytes_tx":60, "bytes_rx":12, "r2n_latency":37736, "lqi":100, "rssi":-90, "server_sent":133, "server_received":165, "server_bytes_rx":60, "n2r_latency":222, "hops":0, "rtt_latency":18902, "root_time_now":1358560}
[Mote:17] Not reachable yet
[Mote:5] Not reachable yet
[Mote:18] Not reachable yet
[Mote:4] Not reachable yet
[Mote:7] Not reachable yet
[Mote:8] Not reachable yet
[Mote:9] Not reachable yet
[Mote:16] Not reachable yet
[Mote:12] Not reachable yet
[Mote:10] Not reachable yet
[Mote:3] Not reachable yet
[Mote:13] Not reachable yet
[Mote:6] Not reachable yet
[Mote:19] Not reachable yet
[Mote:11] Not reachable yet
[Mote:14] Not reachable yet
[Mote:15] Not reachable yet
[Mote:2] Sensor IPv6 = fe80::202:2:2:2
[Mote:1] {"node":"fd00::202:2:2:2", "cpu_energy_mj":18, "lpm_energy_mj":0, "radio_tx_energy_mj":0, "radio_rx_energy_mj":8, "node_time":1368869, "total_sent":88, "total_received":130, "bytes_tx":60, "bytes_rx":12, "r2n_latency":33405, "lqi":100, "rssi":-90, "server_sent":134, "server_received":168, "server_bytes_rx":60, "n2r_latency":261, "hops":0, "rtt_latency":17157, "root_time_now":1369130}
[Mote:17] Not reachable yet
[Mote:5] Not reachable yet
[Mote:18] Not reachable yet
[Mote:4] Not reachable yet
[Mote:7] Not reachable yet
[Mote:8] Not reachable yet
[Mote:9] Not reachable yet
[Mote:16] Not reachable yet
[Mote:10] Not reachable yet
[Mote:13] Not reachable yet
[Mote:3] Not reachable yet
[Mote:12] Not reachable yet
[Mote:11] Not reachable yet
[Mote:6] Not reachable yet
[Mote:19] Not reachable yet
[Mote:14] Not reachable yet
[Mote:15] Not reachable yet
[Mote:2] Not reachable yet
[Mote:17] Not reachable yet
[Mote:5] Not reachable yet
[Mote:18] Not reachable yet
[Mote:4] Not reachable yet
[Mote:7] Not reachable yet
[Mote:8] Not reachable yet
[Mote:16] Not reachable yet
[Mote:9] Not reachable yet
[Mote:10] Not reachable yet
[Mote:13] Not reachable yet
[Mote:3] Not reachable yet
[Mote:11] Not reachable yet
[Mote:12] Not reachable yet
[Mote:6] Not reachable yet
[Mote:19] Not reachable yet
[Mote:14] Not reachable yet
[Mote:15] Not reachable yet
[Mote:2] Not reachable yet
[Mote:17] Not reachable yet
[Mote:5] Not reachable yet
[Mote:18] Not reachable yet
[Mote:7] Not reachable yet
[Mote:4] Not reachable yet
[Mote:8] Not reachable yet
[Mote:16] Not reachable yet
[Mote:9] Not reachable yet
[Mote:10] Not reachable yet
[Mote:13] Not reachable yet
[Mote:3] Not reachable yet
[Mote:11] Not reachable yet
[Mote:12] Not reachable yet
[Mote:6] Not reachable yet
[Mote:19] Not reachable yet
[Mote:14] Not reachable yet
[Mote:15] Not reachable yet
[Mote:2] Not reachable yet
[Mote:17] Not reachable yet
[Mote:18] Not reachable yet
[Mote:5] Not reachable yet
[Mote:7] Not reachable yet
[Mote:4] Not reachable yet
[Mote:8] Not reachable yet
[Mote:16] Not reachable yet
[Mote:10] Not reachable yet
[Mote:13] Not reachable yet
[Mote:9] Not reachable yet
[Mote:3] Not reachable yet
[Mote:11] Not reachable yet
[Mote:12] Not reachable yet
[Mote:6] Sensor IPv6 = fe80::206:6:6:6
[Mote:1] {"node":"fd00::206:6:6:6", "cpu_energy_mj":531, "lpm_energy_mj":0, "radio_tx_energy_mj":32, "radio_rx_energy_mj":1151, "node_time":1409693, "total_sent":67, "total_received":131, "bytes_tx":60, "bytes_rx":12, "r2n_latency":2254, "lqi":100, "rssi":-80, "server_sent":136, "server_received":147, "server_bytes_rx":60, "n2r_latency":177, "hops":0, "rtt_latency":2492, "root_time_now":1409870}
[Mote:14] Not reachable yet
[Mote:19] Not reachable yet
[Mote:15] Not reachable yet
[Mote:17] Not reachable yet
[Mote:2] Not reachable yet
[Mote:18] Not reachable yet
[Mote:5] Not reachable yet
[Mote:7] Not reachable yet
[Mote:4] Not reachable yet
[Mote:16] Not reachable yet
[Mote:8] Not reachable yet
[Mote:10] Not reachable yet
[Mote:13] Not reachable yet
[Mote:9] Not reachable yet
[Mote:3] Not reachable yet
[Mote:11] Not reachable yet
[Mote:12] Not reachable yet
[Mote:6] Sensor IPv6 = fe80::206:6:6:6
[Mote:14] Not reachable yet
[Mote:1] {"node":"fd00::206:6:6:6", "cpu_energy_mj":19, "lpm_energy_mj":0, "radio_tx_energy_mj":2, "radio_rx_energy_mj":7, "node_time":1420622, "total_sent":68, "total_received":131, "bytes_tx":60, "bytes_rx":12, "r2n_latency":2254, "lqi":100, "rssi":-80, "server_sent":138, "server_received":148, "server_bytes_rx":60, "n2r_latency":308, "hops":0, "rtt_latency":2492, "root_time_now":1420930}
[Mote:15] Not reachable yet
[Mote:19] Not reachable yet
[Mote:17] Not reachable yet
[Mote:2] Not reachable yet
[Mote:1] {"node":"fd00::202:2:2:2", "cpu_energy_mj":18, "lpm_energy_mj":0, "radio_tx_energy_mj":0, "radio_rx_energy_mj":9, "node_time":1126656, "total_sent":81, "total_received":108, "bytes_tx":60, "bytes_rx":12, "r2n_latency":6454, "lqi":100, "rssi":-90, "server_sent":140, "server_received":169, "server_bytes_rx":60, "n2r_latency":295674, "hops":27, "rtt_latency":17157, "root_time_now":1422330}
[Mote:18] Not reachable yet
[Mote:7] Sensor IPv6 = fe80::207:7:7:7
[Mote:16] Not reachable yet
[Mote:5] Not reachable yet
[Mote:4] Not reachable yet
[Mote:8] Not reachable yet
[Mote:1] {"node":"fd00::207:7:7:7", "cpu_energy_mj":509, "lpm_energy_mj":0, "radio_tx_energy_mj":83, "radio_rx_energy_mj":198, "node_time":1424741, "total_sent":18, "total_received":123, "bytes_tx":60, "bytes_rx":12, "r2n_latency":2393, "lqi":100, "rssi":-88, "server_sent":134, "server_received":32, "server_bytes_rx":60, "n2r_latency":809, "hops":1, "rtt_latency":27187, "root_time_now":1425550}
[Mote:10] Not reachable yet
[Mote:13] Not reachable yet
[Mote:11] Not reachable yet
[Mote:3] Not reachable yet
[Mote:9] Not reachable yet
[Mote:12] Not reachable yet
[Mote:17] Not reachable yet
[Mote:15] Not reachable yet
[Mote:14] Not reachable yet
[Mote:6] Sensor IPv6 = fe80::206:6:6:6
[Mote:19] Not reachable yet
[Mote:2] Not reachable yet
[Mote:1] {"node":"fd00::206:6:6:6", "cpu_energy_mj":19, "lpm_energy_mj":0, "radio_tx_energy_mj":2, "radio_rx_energy_mj":7, "node_time":1431552, "total_sent":69, "total_received":132, "bytes_tx":60, "bytes_rx":12, "r2n_latency":15984, "lqi":100, "rssi":-80, "server_sent":139, "server_received":150, "server_bytes_rx":60, "n2r_latency":2958, "hops":0, "rtt_latency":10862, "root_time_now":1434510}
[Mote:18] Not reachable yet
[Mote:16] Not reachable yet
[Mote:7] Sensor IPv6 = fe80::207:7:7:7
[Mote:4] Not reachable yet
[Mote:5] Not reachable yet
[Mote:1] {"node":"fd00::207:7:7:7", "cpu_energy_mj":18, "lpm_energy_mj":0, "radio_tx_energy_mj":1, "radio_rx_energy_mj":8, "node_time":1435217, "total_sent":19, "total_received":124, "bytes_tx":60, "bytes_rx":12, "r2n_latency":17034, "lqi":100, "rssi":-88, "server_sent":135, "server_received":36, "server_bytes_rx":60, "n2r_latency":483, "hops":1, "rtt_latency":16597, "root_time_now":1435700}
[Mote:8] Not reachable yet
[Mote:10] Not reachable yet
[Mote:13] Not reachable yet
[Mote:11] Not reachable yet
[Mote:3] Not reachable yet
[Mote:9] Not reachable yet
[Mote:12] Not reachable yet
[Mote:17] Not reachable yet
[Mote:15] Not reachable yet
[Mote:14] Not reachable yet
[Mote:6] Sensor IPv6 = fe80::206:6:6:6
[Mote:2] Not reachable yet
[Mote:19] Not reachable yet
[Mote:1] {"node":"fd00::206:6:6:6", "cpu_energy_mj":19, "lpm_energy_mj":0, "radio_tx_energy_mj":2, "radio_rx_energy_mj":7, "node_time":1442481, "total_sent":70, "total_received":132, "bytes_tx":60, "bytes_rx":12, "r2n_latency":15984, "lqi":100, "rssi":-80, "server_sent":140, "server_received":151, "server_bytes_rx":60, "n2r_latency":2179, "hops":0, "rtt_latency":10862, "root_time_now":1444660}
[Mote:16] Not reachable yet
[Mote:18] Not reachable yet
[Mote:7] Sensor IPv6 = fe80::207:7:7:7
[Mote:4] Not reachable yet
[Mote:8] Not reachable yet
[Mote:5] Not reachable yet
[Mote:13] Not reachable yet
[Mote:10] Not reachable yet
[Mote:11] Not reachable yet
[Mote:3] Not reachable yet
[Mote:9] Not reachable yet
[Mote:17] Not reachable yet
[Mote:12] Not reachable yet
[Mote:15] Not reachable yet
[Mote:14] Not reachable yet
[Mote:2] Not reachable yet
[Mote:6] Sensor IPv6 = fe80::206:6:6:6
[Mote:19] Not reachable yet
[Mote:1] {"node":"fd00::207:7:7:7", "cpu_energy_mj":18, "lpm_energy_mj":0, "radio_tx_energy_mj":1, "radio_rx_energy_mj":8, "node_time":1445693, "total_sent":20, "total_received":124, "bytes_tx":60, "bytes_rx":12, "r2n_latency":17034, "lqi":100, "rssi":-88, "server_sent":137, "server_received":37, "server_bytes_rx":60, "n2r_latency":8417, "hops":1, "rtt_latency":16597, "root_time_now":1454110}
[Mote:1] {"node":"fd00::206:6:6:6", "cpu_energy_mj":19, "lpm_energy_mj":0, "radio_tx_energy_mj":2, "radio_rx_energy_mj":7, "node_time":1453410, "total_sent":71, "total_received":133, "bytes_tx":60, "bytes_rx":12, "r2n_latency":26634, "lqi":100, "rssi":-80, "server_sent":141, "server_received":153, "server_bytes_rx":60, "n2r_latency":910, "hops":0, "rtt_latency":17097, "root_time_now":1454320}
[Mote:16] Not reachable yet
[Mote:18] Not reachable yet
[Mote:7] Sensor IPv6 = fe80::207:7:7:7
[Mote:4] Not reachable yet
[Mote:13] Not reachable yet
[Mote:8] Not reachable yet
[Mote:10] Not reachable yet
[Mote:5] Not reachable yet
[Mote:11] Not reachable yet
[Mote:3] Not reachable yet
[Mote:9] Not reachable yet
[Mote:1] {"node":"fd00::207:7:7:7", "cpu_energy_mj":18, "lpm_energy_mj":0, "radio_tx_energy_mj":0, "radio_rx_energy_mj":8, "node_time":1456168, "total_sent":21, "total_received":126, "bytes_tx":60, "bytes_rx":12, "r2n_latency":24685, "lqi":100, "rssi":-88, "server_sent":138, "server_received":40, "server_bytes_rx":60, "n2r_latency":4172, "hops":1, "rtt_latency":12867, "root_time_now":1460340}
[Mote:17] Not reachable yet
[Mote:12] Not reachable yet
[Mote:15] Not reachable yet
[Mote:2] Sensor IPv6 = fe80::202:2:2:2
[Mote:14] Not reachable yet
[Mote:6] Sensor IPv6 = fe80::206:6:6:6
[Mote:19] Not reachable yet
[Mote:16] Not reachable yet
[Mote:1] {"node":"fd00::206:6:6:6", "cpu_energy_mj":19, "lpm_energy_mj":0, "radio_tx_energy_mj":1, "radio_rx_energy_mj":7, "node_time":1464339, "total_sent":72, "total_received":134, "bytes_tx":60, "bytes_rx":12, "r2n_latency":23635, "lqi":100, "rssi":-80, "server_sent":142, "server_received":155, "server_bytes_rx":60, "n2r_latency":621, "hops":0, "rtt_latency":12202, "root_time_now":1464960}
[Mote:1] {"node":"fd00::202:2:2:2", "cpu_energy_mj":170, "lpm_energy_mj":0, "radio_tx_energy_mj":2, "radio_rx_energy_mj":79, "node_time":1463648, "total_sent":89, "total_received":137, "bytes_tx":60, "bytes_rx":12, "r2n_latency":24054, "lqi":100, "rssi":-90, "server_sent":144, "server_received":170, "server_bytes_rx":60, "n2r_latency":1382, "hops":1, "rtt_latency":17157, "root_time_now":1465030}
[Mote:18] Not reachable yet
[Mote:7] Sensor IPv6 = fe80::207:7:7:7
[Mote:13] Not reachable yet
[Mote:10] Not reachable yet
[Mote:4] Not reachable yet
[Mote:8] Not reachable yet
[Mote:11] Not reachable yet
[Mote:5] Not reachable yet
[Mote:3] Not reachable yet
[Mote:1] {"node":"fd00::207:7:7:7", "cpu_energy_mj":18, "lpm_energy_mj":0, "radio_tx_energy_mj":0, "radio_rx_energy_mj":8, "node_time":1466645, "total_sent":22, "total_received":127, "bytes_tx":60, "bytes_rx":12, "r2n_latency":26374, "lqi":100, "rssi":-88, "server_sent":138, "server_received":42, "server_bytes_rx":60, "n2r_latency":2095, "hops":1, "rtt_latency":14342, "root_time_now":1468740}
[Mote:9] Not reachable yet
[Mote:17] Not reachable yet
[Mote:12] Not reachable yet
[Mote:15] Not reachable yet
[Mote:2] Sensor IPv6 = fe80::202:2:2:2
[Mote:14] Not reachable yet
[Mote:16] Not reachable yet
[Mote:6] Sensor IPv6 = fe80::206:6:6:6
[Mote:1] {"node":"fd00::206:6:6:6", "cpu_energy_mj":19, "lpm_energy_mj":0, "radio_tx_energy_mj":2, "radio_rx_energy_mj":7, "node_time":1475268, "total_sent":73, "total_received":135, "bytes_tx":60, "bytes_rx":12, "r2n_latency":26094, "lqi":100, "rssi":-80, "server_sent":143, "server_received":157, "server_bytes_rx":60, "n2r_latency":192, "hops":0, "rtt_latency":14132, "root_time_now":1475460}
[Mote:19] Not reachable yet
[Mote:18] Not reachable yet
[Mote:13] Not reachable yet
[Mote:7] Sensor IPv6 = fe80::207:7:7:7
[Mote:10] Not reachable yet
[Mote:11] Not reachable yet
[Mote:8] Not reachable yet
[Mote:4] Not reachable yet
[Mote:3] Not reachable yet
[Mote:5] Not reachable yet
[Mote:9] Not reachable yet
[Mote:1] {"node":"fd00::202:2:2:2", "cpu_energy_mj":18, "lpm_energy_mj":0, "radio_tx_energy_mj":0, "radio_rx_energy_mj":8, "node_time":1474178, "total_sent":90, "total_received":138, "bytes_tx":60, "bytes_rx":12, "r2n_latency":26584, "lqi":100, "rssi":-90, "server_sent":146, "server_received":171, "server_bytes_rx":60, "n2r_latency":7302, "hops":1, "rtt_latency":17157, "root_time_now":1481480}
[Mote:17] Not reachable yet
[Mote:15] Not reachable yet
[Mote:12] Not reachable yet
[Mote:2] Sensor IPv6 = fe80::202:2:2:2
[Mote:16] Not reachable yet
[Mote:14] Not reachable yet
[Mote:1] {"node":"fd00::207:7:7:7", "cpu_energy_mj":18, "lpm_energy_mj":0, "radio_tx_energy_mj":1, "radio_rx_energy_mj":8, "node_time":1477120, "total_sent":23, "total_received":127, "bytes_tx":60, "bytes_rx":12, "r2n_latency":26374, "lqi":100, "rssi":-88, "server_sent":140, "server_received":43, "server_bytes_rx":60, "n2r_latency":8630, "hops":1, "rtt_latency":14342, "root_time_now":1485750}
[Mote:6] Sensor IPv6 = fe80::206:6:6:6
[Mote:19] Not reachable yet
[Mote:13] Not reachable yet
[Mote:1] {"node":"fd00::202:2:2:2", "cpu_energy_mj":18, "lpm_energy_mj":0, "radio_tx_energy_mj":0, "radio_rx_energy_mj":8, "node_time":1484710, "total_sent":91, "total_received":140, "bytes_tx":60, "bytes_rx":12, "r2n_latency":24085, "lqi":100, "rssi":-90, "server_sent":146, "server_received":174, "server_bytes_rx":60, "n2r_latency":2510, "hops":1, "rtt_latency":13512, "root_time_now":1487220}
[Mote:10] Not reachable yet
[Mote:18] Not reachable yet
[Mote:1] {"node":"fd00::206:6:6:6", "cpu_energy_mj":19, "lpm_energy_mj":0, "radio_tx_energy_mj":2, "radio_rx_energy_mj":7, "node_time":1486197, "total_sent":74, "total_received":136, "bytes_tx":60, "bytes_rx":12, "r2n_latency":27363, "lqi":100, "rssi":-80, "server_sent":144, "server_received":159, "server_bytes_rx":60, "n2r_latency":1303, "hops":0, "rtt_latency":15921, "root_time_now":1487500}
[Mote:7] Sensor IPv6 = fe80::207:7:7:7
[Mote:11] Not reachable yet
[Mote:1] {"node":"fd00::207:7:7:7", "cpu_energy_mj":18, "lpm_energy_mj":0, "radio_tx_energy_mj":1, "radio_rx_energy_mj":8, "node_time":1487596, "total_sent":24, "total_received":128, "bytes_tx":60, "bytes_rx":12, "r2n_latency":27783, "lqi":100, "rssi":-88, "server_sent":140, "server_received":45, "server_bytes_rx":60, "n2r_latency":534, "hops":1, "rtt_latency":17916, "root_time_now":1488130}
[Mote:8] Not reachable yet
[Mote:4] Not reachable yet
[Mote:3] Not reachable yet
[Mote:5] Not reachable yet
[Mote:9] Not reachable yet
[Mote:17] Not reachable yet
[Mote:15] Not reachable yet
[Mote:16] Not reachable yet
[Mote:12] Not reachable yet
[Mote:2] Sensor IPv6 = fe80::202:2:2:2
[Mote:1] {"node":"fd00::202:2:2:2", "cpu_energy_mj":18, "lpm_energy_mj":0, "radio_tx_energy_mj":0, "radio_rx_energy_mj":9, "node_time":1495243, "total_sent":92, "total_received":140, "bytes_tx":60, "bytes_rx":12, "r2n_latency":24085, "lqi":100, "rssi":-90, "server_sent":147, "server_received":175, "server_bytes_rx":60, "n2r_latency":97, "hops":1, "rtt_latency":13512, "root_time_now":1495340}
[Mote:14] Not reachable yet
[Mote:6] Sensor IPv6 = fe80::206:6:6:6
[Mote:1] {"node":"fd00::206:6:6:6", "cpu_energy_mj":19, "lpm_energy_mj":0, "radio_tx_energy_mj":1, "radio_rx_energy_mj":7, "node_time":1497125, "total_sent":75, "total_received":137, "bytes_tx":60, "bytes_rx":12, "r2n_latency":29125, "lqi":100, "rssi":-80, "server_sent":145, "server_received":161, "server_bytes_rx":60, "n2r_latency":35, "hops":0, "rtt_latency":14842, "root_time_now":1497160}
[Mote:13] Not reachable yet
[Mote:19] Not reachable yet
[Mote:10] Not reachable yet
[Mote:11] Not reachable yet
[Mote:18] Not reachable yet
[Mote:7] Sensor IPv6 = fe80::207:7:7:7
[Mote:8] Not reachable yet
[Mote:4] Not reachable yet
[Mote:3] Not reachable yet
[Mote:5] Not reachable yet
[Mote:9] Not reachable yet
[Mote:17] Not reachable yet
[Mote:1] {"node":"fd00::207:7:7:7", "cpu_energy_mj":18, "lpm_energy_mj":0, "radio_tx_energy_mj":1, "radio_rx_energy_mj":8, "node_time":1498072, "total_sent":25, "total_received":129, "bytes_tx":60, "bytes_rx":12, "r2n_latency":35775, "lqi":100, "rssi":-88, "server_sent":142, "server_received":47, "server_bytes_rx":60, "n2r_latency":6368, "hops":1, "rtt_latency":19602, "root_time_now":1504440}
[Mote:16] Not reachable yet
[Mote:15] Not reachable yet
[Mote:2] Sensor IPv6 = fe80::202:2:2:2
[Mote:12] Not reachable yet
[Mote:1] {"node":"fd00::202:2:2:2", "cpu_energy_mj":18, "lpm_energy_mj":0, "radio_tx_energy_mj":0, "radio_rx_energy_mj":8, "node_time":1505771, "total_sent":93, "total_received":141, "bytes_tx":60, "bytes_rx":12, "r2n_latency":29484, "lqi":100, "rssi":-90, "server_sent":148, "server_received":176, "server_bytes_rx":60, "n2r_latency":419, "hops":1, "rtt_latency":13512, "root_time_now":1506190}
[Mote:14] Not reachable yet
[Mote:13] Not reachable yet
[Mote:10] Not reachable yet
[Mote:6] Sensor IPv6 = fe80::206:6:6:6
[Mote:11] Not reachable yet
[Mote:1] {"node":"fd00::206:6:6:6", "cpu_energy_mj":19, "lpm_energy_mj":0, "radio_tx_energy_mj":2, "radio_rx_energy_mj":7, "node_time":1508055, "total_sent":76, "total_received":139, "bytes_tx":60, "bytes_rx":12, "r2n_latency":27885, "lqi":100, "rssi":-80, "server_sent":146, "server_received":164, "server_bytes_rx":60, "n2r_latency":235, "hops":0, "rtt_latency":14012, "root_time_now":1508290}
[Mote:19] Not reachable yet
[Mote:7] Sensor IPv6 = fe80::207:7:7:7
[Mote:18] Not reachable yet
[Mote:8] Not reachable yet
[Mote:3] Not reachable yet
[Mote:4] Not reachable yet
[Mote:5] Not reachable yet
[Mote:9] Not reachable yet
[Mote:17] Not reachable yet
[Mote:16] Not reachable yet
[Mote:15] Not reachable yet
[Mote:2] Sensor IPv6 = fe80::202:2:2:2
[Mote:12] Not reachable yet
[Mote:13] Not reachable yet
[Mote:14] Not reachable yet
[Mote:10] Not reachable yet
[Mote:11] Not reachable yet
[Mote:6] Sensor IPv6 = fe80::206:6:6:6
[Mote:7] Sensor IPv6 = fe80::207:7:7:7
[Mote:18] Not reachable yet
[Mote:19] Not reachable yet
[Mote:3] Not reachable yet
[Mote:1] {"node":"fd00::206:6:6:6", "cpu_energy_mj":19, "lpm_energy_mj":0, "radio_tx_energy_mj":2, "radio_rx_energy_mj":7, "node_time":1518984, "total_sent":77, "total_received":140, "bytes_tx":60, "bytes_rx":12, "r2n_latency":26635, "lqi":100, "rssi":-80, "server_sent":147, "server_received":166, "server_bytes_rx":60, "n2r_latency":646, "hops":0, "rtt_latency":14752, "root_time_now":1519630}
[Mote:8] Not reachable yet
[Mote:4] Not reachable yet
[Mote:5] Not reachable yet
[Mote:1] {"node":"fd00::202:2:2:2", "cpu_energy_mj":18, "lpm_energy_mj":0, "radio_tx_energy_mj":0, "radio_rx_energy_mj":8, "node_time":1516303, "total_sent":94, "total_received":143, "bytes_tx":60, "bytes_rx":12, "r2n_latency":26285, "lqi":100, "rssi":-90, "server_sent":150, "server_received":179, "server_bytes_rx":60, "n2r_latency":6057, "hops":1, "rtt_latency":14262, "root_time_now":1522360}
[Mote:9] Not reachable yet
[Mote:17] Not reachable yet
[Mote:1] {"node":"fd00::207:7:7:7", "cpu_energy_mj":18, "lpm_energy_mj":0, "radio_tx_energy_mj":1, "radio_rx_energy_mj":7, "node_time":1519025, "total_sent":27, "total_received":132, "bytes_tx":60, "bytes_rx":12, "r2n_latency":27265, "lqi":100, "rssi":-88, "server_sent":144, "server_received":51, "server_bytes_rx":60, "n2r_latency":5855, "hops":1, "rtt_latency":17237, "root_time_now":1524880}
[Mote:16] Not reachable yet
[Mote:15] Not reachable yet
[Mote:2] Sensor IPv6 = fe80::202:2:2:2
[Mote:1] {"node":"fd00::202:2:2:2", "cpu_energy_mj":18, "lpm_energy_mj":0, "radio_tx_energy_mj":0, "radio_rx_energy_mj":8, "node_time":1526834, "total_sent":95, "total_received":144, "bytes_tx":60, "bytes_rx":12, "r2n_latency":19224, "lqi":100, "rssi":-90, "server_sent":150, "server_received":181, "server_bytes_rx":60, "n2r_latency":76, "hops":1, "rtt_latency":12342, "root_time_now":1526910}
[Mote:13] Not reachable yet
[Mote:12] Not reachable yet
[Mote:10] Not reachable yet
[Mote:11] Not reachable yet
[Mote:14] Not reachable yet
[Mote:7] Not reachable yet
[Mote:18] Not reachable yet
[Mote:3] Not reachable yet
[Mote:6] Sensor IPv6 = fe80::206:6:6:6
[Mote:8] Not reachable yet
[Mote:19] Not reachable yet
[Mote:1] {"node":"fd00::206:6:6:6", "cpu_energy_mj":19, "lpm_energy_mj":0, "radio_tx_energy_mj":2, "radio_rx_energy_mj":7, "node_time":1529913, "total_sent":78, "total_received":142, "bytes_tx":60, "bytes_rx":12, "r2n_latency":18956, "lqi":100, "rssi":-80, "server_sent":149, "server_received":169, "server_bytes_rx":60, "n2r_latency":357, "hops":0, "rtt_latency":9968, "root_time_now":1530270}
[Mote:4] Not reachable yet
[Mote:5] Not reachable yet
[Mote:9] Not reachable yet
[Mote:17] Not reachable yet
[Mote:16] Not reachable yet
[Mote:15] Not reachable yet
[Mote:2] Sensor IPv6 = fe80::202:2:2:2
[Mote:1] {"node":"fd00::202:2:2:2", "cpu_energy_mj":18, "lpm_energy_mj":0, "radio_tx_energy_mj":0, "radio_rx_energy_mj":8, "node_time":1537364, "total_sent":96, "total_received":146, "bytes_tx":60, "bytes_rx":12, "r2n_latency":14345, "lqi":100, "rssi":-90, "server_sent":151, "server_received":184, "server_bytes_rx":60, "n2r_latency":116, "hops":1, "rtt_latency":7242, "root_time_now":1537480}
[Mote:13] Not reachable yet
[Mote:10] Not reachable yet
[Mote:12] Not reachable yet
[Mote:11] Not reachable yet
[Mote:14] Not reachable yet
[Mote:7] Not reachable yet
[Mote:3] Not reachable yet
[Mote:18] Not reachable yet
[Mote:8] Not reachable yet
[Mote:6] Sensor IPv6 = fe80::206:6:6:6
[Mote:1] {"node":"fd00::206:6:6:6", "cpu_energy_mj":19, "lpm_energy_mj":0, "radio_tx_energy_mj":1, "radio_rx_energy_mj":7, "node_time":1540842, "total_sent":79, "total_received":144, "bytes_tx":60, "bytes_rx":12, "r2n_latency":8895, "lqi":100, "rssi":-80, "server_sent":150, "server_received":172, "server_bytes_rx":60, "n2r_latency":138, "hops":0, "rtt_latency":4727, "root_time_now":1540980}
[Mote:4] Not reachable yet
[Mote:19] Not reachable yet
[Mote:5] Not reachable yet
[Mote:17] Not reachable yet
[Mote:9] Not reachable yet
[Mote:16] Not reachable yet
[Mote:15] Not reachable yet
[Mote:13] Not reachable yet
[Mote:2] Sensor IPv6 = fe80::202:2:2:2
[Mote:10] Not reachable yet
[Mote:11] Not reachable yet
[Mote:1] {"node":"fd00::202:2:2:2", "cpu_energy_mj":18, "lpm_energy_mj":0, "radio_tx_energy_mj":0, "radio_rx_energy_mj":8, "node_time":1547895, "total_sent":97, "total_received":148, "bytes_tx":60, "bytes_rx":12, "r2n_latency":5824, "lqi":100, "rssi":-90, "server_sent":152, "server_received":187, "server_bytes_rx":60, "n2r_latency":1275, "hops":1, "rtt_latency":4557, "root_time_now":1549170}
[Mote:12] Not reachable yet
[Mote:14] Not reachable yet
[Mote:3] Not reachable yet
[Mote:7] Not reachable yet
[Mote:18] Not reachable yet
[Mote:8] Not reachable yet
[Mote:4] Not reachable yet
[Mote:6] Sensor IPv6 = fe80::206:6:6:6
[Mote:19] Not reachable yet
[Mote:1] {"node":"fd00::206:6:6:6", "cpu_energy_mj":19, "lpm_energy_mj":0, "radio_tx_energy_mj":1, "radio_rx_energy_mj":7, "node_time":1551771, "total_sent":80, "total_received":146, "bytes_tx":60, "bytes_rx":12, "r2n_latency":1704, "lqi":100, "rssi":-80, "server_sent":151, "server_received":175, "server_bytes_rx":60, "n2r_latency":1599, "hops":0, "rtt_latency":1657, "root_time_now":1553370}
[Mote:17] Not reachable yet
[Mote:9] Not reachable yet
[Mote:5] Not reachable yet
[Mote:16] Not reachable yet
[Mote:15] Not reachable yet
[Mote:13] Not reachable yet
[Mote:2] Sensor IPv6 = fe80::202:2:2:2
[Mote:11] Not reachable yet
[Mote:1] {"node":"fd00::202:2:2:2", "cpu_energy_mj":18, "lpm_energy_mj":0, "radio_tx_energy_mj":0, "radio_rx_energy_mj":8, "node_time":1558426, "total_sent":98, "total_received":149, "bytes_tx":60, "bytes_rx":12, "r2n_latency":2684, "lqi":100, "rssi":-90, "server_sent":153, "server_received":189, "server_bytes_rx":60, "n2r_latency":334, "hops":1, "rtt_latency":1727, "root_time_now":1558760}
[Mote:10] Not reachable yet
[Mote:12] Not reachable yet
[Mote:3] Not reachable yet
[Mote:14] Not reachable yet
[Mote:7] Not reachable yet
[Mote:18] Not reachable yet
[Mote:8] Not reachable yet
[Mote:4] Not reachable yet
[Mote:6] Sensor IPv6 = fe80::206:6:6:6
[Mote:19] Not reachable yet
[Mote:1] {"node":"fd00::206:6:6:6", "cpu_energy_mj":19, "lpm_energy_mj":0, "radio_tx_energy_mj":1, "radio_rx_energy_mj":8, "node_time":1562700, "total_sent":81, "total_received":147, "bytes_tx":60, "bytes_rx":12, "r2n_latency":735, "lqi":100, "rssi":-80, "server_sent":152, "server_received":177, "server_bytes_rx":60, "n2r_latency":330, "hops":0, "rtt_latency":787, "root_time_now":1563030}
[Mote:17] Not reachable yet
[Mote:9] Not reachable yet
[Mote:5] Not reachable yet
[Mote:16] Not reachable yet
[Mote:13] Not reachable yet
[Mote:15] Not reachable yet
[Mote:11] Not reachable yet
[Mote:10] Not reachable yet
[Mote:2] Sensor IPv6 = fe80::202:2:2:2
[Mote:1] {"node":"fd00::202:2:2:2", "cpu_energy_mj":18, "lpm_energy_mj":0, "radio_tx_energy_mj":0, "radio_rx_energy_mj":8, "node_time":1568960, "total_sent":99, "total_received":150, "bytes_tx":60, "bytes_rx":12, "r2n_latency":105, "lqi":100, "rssi":-90, "server_sent":155, "server_received":191, "server_bytes_rx":60, "n2r_latency":1210, "hops":1, "rtt_latency":192, "root_time_now":1570170}
[Mote:3] Not reachable yet
[Mote:12] Not reachable yet
[Mote:7] Not reachable yet
[Mote:14] Not reachable yet
[Mote:18] Not reachable yet
[Mote:8] Not reachable yet
[Mote:4] Not reachable yet
[Mote:6] Sensor IPv6 = fe80::206:6:6:6
[Mote:19] Not reachable yet
[Mote:17] Not reachable yet
[Mote:1] {"node":"fd00::206:6:6:6", "cpu_energy_mj":19, "lpm_energy_mj":0, "radio_tx_energy_mj":1, "radio_rx_energy_mj":8, "node_time":1573629, "total_sent":82, "total_received":148, "bytes_tx":60, "bytes_rx":12, "r2n_latency":746, "lqi":100, "rssi":-80, "server_sent":153, "server_received":179, "server_bytes_rx":60, "n2r_latency":881, "hops":0, "rtt_latency":723, "root_time_now":1574510}
[Mote:16] Not reachable yet
[Mote:9] Not reachable yet
[Mote:5] Not reachable yet
[Mote:13] Not reachable yet
[Mote:15] Not reachable yet
[Mote:11] Not reachable yet
[Mote:10] Not reachable yet
[Mote:2] Sensor IPv6 = fe80::202:2:2:2
[Mote:1] {"node":"fd00::202:2:2:2", "cpu_energy_mj":18, "lpm_energy_mj":0, "radio_tx_energy_mj":0, "radio_rx_energy_mj":9, "node_time":1579489, "total_sent":100, "total_received":151, "bytes_tx":60, "bytes_rx":12, "r2n_latency":256, "lqi":100, "rssi":-90, "server_sent":156, "server_received":193, "server_bytes_rx":60, "n2r_latency":1461, "hops":1, "rtt_latency":198, "root_time_now":1580950}
[Mote:3] Not reachable yet
[Mote:12] Not reachable yet
[Mote:7] Not reachable yet
[Mote:14] Not reachable yet
[Mote:18] Not reachable yet
[Mote:8] Not reachable yet
[Mote:4] Not reachable yet
[Mote:17] Not reachable yet
[Mote:6] Sensor IPv6 = fe80::206:6:6:6
[Mote:1] {"node":"fd00::206:6:6:6", "cpu_energy_mj":19, "lpm_energy_mj":0, "radio_tx_energy_mj":1, "radio_rx_energy_mj":7, "node_time":1584558, "total_sent":83, "total_received":149, "bytes_tx":60, "bytes_rx":12, "r2n_latency":335, "lqi":100, "rssi":-80, "server_sent":154, "server_received":181, "server_bytes_rx":60, "n2r_latency":32, "hops":0, "rtt_latency":1952, "root_time_now":1584590}
[Mote:19] Not reachable yet
[Mote:16] Not reachable yet
[Mote:9] Not reachable yet
[Mote:5] Not reachable yet
[Mote:13] Not reachable yet
[Mote:11] Not reachable yet
[Mote:10] Not reachable yet
[Mote:15] Not reachable yet
[Mote:2] Sensor IPv6 = fe80::202:2:2:2
[Mote:3] Not reachable yet
[Mote:7] Not reachable yet
[Mote:12] Not reachable yet
[Mote:14] Not reachable yet
[Mote:18] Not reachable yet
[Mote:8] Not reachable yet
[Mote:4] Not reachable yet
[Mote:17] Not reachable yet
[Mote:16] Not reachable yet
[Mote:6] Sensor IPv6 = fe80::206:6:6:6
[Mote:19] Not reachable yet
[Mote:9] Not reachable yet
[Mote:5] Not reachable yet
[Mote:1] {"node":"fd00::202:2:2:2", "cpu_energy_mj":18, "lpm_energy_mj":0, "radio_tx_energy_mj":0, "radio_rx_energy_mj":8, "node_time":1590022, "total_sent":101, "total_received":152, "bytes_tx":60, "bytes_rx":12, "r2n_latency":195, "lqi":100, "rssi":-90, "server_sent":157, "server_received":195, "server_bytes_rx":60, "n2r_latency":8218, "hops":1, "rtt_latency":1917, "root_time_now":1598240}
[Mote:13] Not reachable yet
[Mote:1] {"node":"fd00::206:6:6:6", "cpu_energy_mj":19, "lpm_energy_mj":0, "radio_tx_energy_mj":0, "radio_rx_energy_mj":8, "node_time":1595487, "total_sent":84, "total_received":150, "bytes_tx":60, "bytes_rx":12, "r2n_latency":1324, "lqi":100, "rssi":-80, "server_sent":155, "server_received":183, "server_bytes_rx":60, "n2r_latency":3103, "hops":0, "rtt_latency":837, "root_time_now":1598590}
[Mote:11] Not reachable yet
[Mote:10] Not reachable yet
[Mote:15] Not reachable yet
[Mote:2] Sensor IPv6 = fe80::202:2:2:2
[Mote:3] Not reachable yet
[Mote:7] Not reachable yet
[Mote:12] Not reachable yet
[Mote:18] Not reachable yet
[Mote:8] Not reachable yet
[Mote:14] Not reachable yet
[Mote:4] Not reachable yet
[Mote:17] Not reachable yet
[Mote:16] Not reachable yet
[Mote:6] Sensor IPv6 = fe80::206:6:6:6
[Mote:19] Not reachable yet
[Mote:1] {"node":"fd00::202:2:2:2", "cpu_energy_mj":18, "lpm_energy_mj":0, "radio_tx_energy_mj":0, "radio_rx_energy_mj":8, "node_time":1600551, "total_sent":102, "total_received":154, "bytes_tx":60, "bytes_rx":12, "r2n_latency":355, "lqi":100, "rssi":-90, "server_sent":158, "server_received":198, "server_bytes_rx":60, "n2r_latency":6439, "hops":1, "rtt_latency":2417, "root_time_now":1606990}
[Mote:1] {"node":"fd00::206:6:6:6", "cpu_energy_mj":19, "lpm_energy_mj":0, "radio_tx_energy_mj":1, "radio_rx_energy_mj":7, "node_time":1606416, "total_sent":85, "total_received":151, "bytes_tx":60, "bytes_rx":12, "r2n_latency":1195, "lqi":100, "rssi":-80, "server_sent":156, "server_received":185, "server_bytes_rx":60, "n2r_latency":644, "hops":0, "rtt_latency":2382, "root_time_now":1607060}
[Mote:9] Not reachable yet
[Mote:5] Not reachable yet
[Mote:13] Not reachable yet
[Mote:11] Not reachable yet
[Mote:10] Not reachable yet
[Mote:15] Not reachable yet
[Mote:2] Sensor IPv6 = fe80::202:2:2:2
[Mote:3] Not reachable yet
[Mote:7] Not reachable yet
[Mote:8] Not reachable yet
[Mote:18] Not reachable yet
[Mote:12] Not reachable yet
[Mote:14] Not reachable yet
[Mote:4] Not reachable yet
[Mote:17] Not reachable yet
[Mote:16] Not reachable yet
[Mote:1] {"node":"fd00::202:2:2:2", "cpu_energy_mj":18, "lpm_energy_mj":0, "radio_tx_energy_mj":0, "radio_rx_energy_mj":8, "node_time":1611082, "total_sent":103, "total_received":155, "bytes_tx":60, "bytes_rx":12, "r2n_latency":925, "lqi":100, "rssi":-90, "server_sent":159, "server_received":200, "server_bytes_rx":60, "n2r_latency":4938, "hops":1, "rtt_latency":2247, "root_time_now":1616020}
[Mote:6] Sensor IPv6 = fe80::206:6:6:6
[Mote:1] {"node":"fd00::206:6:6:6", "cpu_energy_mj":19, "lpm_energy_mj":0, "radio_tx_energy_mj":1, "radio_rx_energy_mj":7, "node_time":1617343, "total_sent":86, "total_received":152, "bytes_tx":60, "bytes_rx":12, "r2n_latency":785, "lqi":100, "rssi":-80, "server_sent":157, "server_received":187, "server_bytes_rx":60, "n2r_latency":77, "hops":0, "rtt_latency":2037, "root_time_now":1617420}
[Mote:19] Not reachable yet
[Mote:9] Not reachable yet
[Mote:13] Not reachable yet
[Mote:5] Not reachable yet
[Mote:11] Not reachable yet
[Mote:10] Not reachable yet
[Mote:15] Not reachable yet
[Mote:2] Sensor IPv6 = fe80::202:2:2:2
[Mote:3] Not reachable yet
[Mote:7] Not reachable yet
[Mote:8] Not reachable yet
[Mote:18] Not reachable yet
[Mote:12] Not reachable yet
[Mote:1] {"node":"fd00::202:2:2:2", "cpu_energy_mj":18, "lpm_energy_mj":0, "radio_tx_energy_mj":0, "radio_rx_energy_mj":8, "node_time":1621613, "total_sent":104, "total_received":156, "bytes_tx":60, "bytes_rx":12, "r2n_latency":724, "lqi":100, "rssi":-90, "server_sent":160, "server_received":202, "server_bytes_rx":60, "n2r_latency":3647, "hops":1, "rtt_latency":2462, "root_time_now":1625260}
[Mote:14] Not reachable yet
[Mote:17] Not reachable yet
[Mote:16] Not reachable yet
[Mote:4] Not reachable yet
[Mote:9] Not reachable yet
[Mote:6] Sensor IPv6 = fe80::206:6:6:6
[Mote:1] {"node":"fd00::206:6:6:6", "cpu_energy_mj":19, "lpm_energy_mj":0, "radio_tx_energy_mj":0, "radio_rx_energy_mj":8, "node_time":1628276, "total_sent":87, "total_received":153, "bytes_tx":60, "bytes_rx":12, "r2n_latency":584, "lqi":100, "rssi":-80, "server_sent":158, "server_received":189, "server_bytes_rx":60, "n2r_latency":64, "hops":0, "rtt_latency":537, "root_time_now":1628340}
[Mote:19] Not reachable yet
[Mote:13] Not reachable yet
[Mote:11] Not reachable yet
[Mote:5] Not reachable yet
[Mote:10] Not reachable yet
[Mote:15] Not reachable yet
[Mote:2] Sensor IPv6 = fe80::202:2:2:2
[Mote:3] Not reachable yet
[Mote:7] Not reachable yet
[Mote:8] Not reachable yet
[Mote:18] Not reachable yet
[Mote:16] Not reachable yet
[Mote:17] Not reachable yet
[Mote:12] Not reachable yet
[Mote:14] Not reachable yet
[Mote:4] Not reachable yet
[Mote:1] {"node":"fd00::202:2:2:2", "cpu_energy_mj":18, "lpm_energy_mj":0, "radio_tx_energy_mj":0, "radio_rx_energy_mj":8, "node_time":1632144, "total_sent":105, "total_received":157, "bytes_tx":60, "bytes_rx":12, "r2n_latency":1924, "lqi":100, "rssi":-90, "server_sent":161, "server_received":204, "server_bytes_rx":60, "n2r_latency":5926, "hops":1, "rtt_latency":4007, "root_time_now":1638070}
[Mote:13] Not reachable yet
[Mote:9] Not reachable yet
[Mote:6] Sensor IPv6 = fe80::206:6:6:6
[Mote:19] Not reachable yet
[Mote:11] Not reachable yet
[Mote:10] Not reachable yet
[Mote:1] {"node":"fd00::206:6:6:6", "cpu_energy_mj":19, "lpm_energy_mj":0, "radio_tx_energy_mj":1, "radio_rx_energy_mj":8, "node_time":1639201, "total_sent":88, "total_received":154, "bytes_tx":60, "bytes_rx":12, "r2n_latency":944, "lqi":100, "rssi":-80, "server_sent":160, "server_received":191, "server_bytes_rx":60, "n2r_latency":1179, "hops":0, "rtt_latency":1487, "root_time_now":1640380}
[Mote:5] Not reachable yet
[Mote:15] Not reachable yet
[Mote:2] Sensor IPv6 = fe80::202:2:2:2
[Mote:3] Not reachable yet
[Mote:7] Not reachable yet
[Mote:16] Not reachable yet
[Mote:8] Not reachable yet
[Mote:18] Not reachable yet
[Mote:17] Not reachable yet
[Mote:4] Not reachable yet
[Mote:14] Not reachable yet
[Mote:12] Not reachable yet
[Mote:13] Not reachable yet
[Mote:1] {"node":"fd00::202:2:2:2", "cpu_energy_mj":18, "lpm_energy_mj":0, "radio_tx_energy_mj":0, "radio_rx_energy_mj":8, "node_time":1642675, "total_sent":106, "total_received":158, "bytes_tx":60, "bytes_rx":12, "r2n_latency":1445, "lqi":100, "rssi":-90, "server_sent":162, "server_received":206, "server_bytes_rx":60, "n2r_latency":6665, "hops":1, "rtt_latency":4642, "root_time_now":1649340}
[Mote:9] Not reachable yet
[Mote:11] Not reachable yet
[Mote:6] Sensor IPv6 = fe80::206:6:6:6
[Mote:19] Not reachable yet
[Mote:10] Not reachable yet
[Mote:5] Not reachable yet
[Mote:15] Not reachable yet
[Mote:3] Not reachable yet
[Mote:2] Sensor IPv6 = fe80::202:2:2:2
[Mote:7] Not reachable yet
[Mote:16] Not reachable yet
[Mote:8] Not reachable yet
[Mote:17] Not reachable yet
[Mote:18] Not reachable yet
[Mote:4] Not reachable yet
[Mote:14] Not reachable yet
[Mote:12] Not reachable yet
[Mote:1] {"node":"fd00::202:2:2:2", "cpu_energy_mj":18, "lpm_energy_mj":0, "radio_tx_energy_mj":0, "radio_rx_energy_mj":8, "node_time":1653205, "total_sent":107, "total_received":159, "bytes_tx":60, "bytes_rx":12, "r2n_latency":2714, "lqi":100, "rssi":-90, "server_sent":163, "server_received":208, "server_bytes_rx":60, "n2r_latency":4675, "hops":1, "rtt_latency":3912, "root_time_now":1657880}
[Mote:13] Not reachable yet
[Mote:9] Not reachable yet
[Mote:11] Not reachable yet
[Mote:10] Not reachable yet
[Mote:6] Sensor IPv6 = fe80::206:6:6:6
[Mote:19] Not reachable yet
[Mote:5] Not reachable yet
[Mote:15] Not reachable yet
[Mote:3] Not reachable yet
[Mote:2] Sensor IPv6 = fe80::202:2:2:2
[Mote:1] {"node":"fd00::206:6:6:6", "cpu_energy_mj":19, "lpm_energy_mj":0, "radio_tx_energy_mj":1, "radio_rx_energy_mj":7, "node_time":1661061, "total_sent":90, "total_received":157, "bytes_tx":60, "bytes_rx":12, "r2n_latency":414, "lqi":100, "rssi":-80, "server_sent":162, "server_received":195, "server_bytes_rx":60, "n2r_latency":3259, "hops":0, "rtt_latency":2027, "root_time_now":1664320}
[Mote:1] {"node":"fd00::202:2:2:2", "cpu_energy_mj":18, "lpm_energy_mj":0, "radio_tx_energy_mj":0, "radio_rx_energy_mj":8, "node_time":1663736, "total_sent":108, "total_received":160, "bytes_tx":60, "bytes_rx":12, "r2n_latency":624, "lqi":100, "rssi":-90, "server_sent":164, "server_received":210, "server_bytes_rx":60, "n2r_latency":1774, "hops":1, "rtt_latency":2237, "root_time_now":1665510}
[Mote:16] Not reachable yet
[Mote:7] Not reachable yet
[Mote:17] Not reachable yet
[Mote:8] Not reachable yet
[Mote:18] Not reachable yet
[Mote:4] Not reachable yet
[Mote:14] Sensor IPv6 = fe80::20e:e:e:e
[Mote:12] Not reachable yet
[Mote:1] {"node":"fd00::20e:e:e:e", "cpu_energy_mj":2131, "lpm_energy_mj":0, "radio_tx_energy_mj":12, "radio_rx_energy_mj":2186, "node_time":1668318, "total_sent":12, "total_received":55, "bytes_tx":60, "bytes_rx":12, "r2n_latency":1955, "lqi":100, "rssi":-79, "server_sent":157, "server_received":13, "server_bytes_rx":60, "n2r_latency":552, "hops":1, "rtt_latency":2447, "root_time_now":1668870}
[Mote:13] Not reachable yet
[Mote:11] Not reachable yet
[Mote:9] Not reachable yet
[Mote:10] Not reachable yet
[Mote:6] Sensor IPv6 = fe80::206:6:6:6
[Mote:19] Not reachable yet
[Mote:5] Not reachable yet
[Mote:3] Not reachable yet
[Mote:15] Not reachable yet
[Mote:2] Sensor IPv6 = fe80::202:2:2:2
[Mote:1] {"node":"fd00::206:6:6:6", "cpu_energy_mj":19, "lpm_energy_mj":0, "radio_tx_energy_mj":1, "radio_rx_energy_mj":7, "node_time":1671990, "total_sent":91, "total_received":158, "bytes_tx":60, "bytes_rx":12, "r2n_latency":1194, "lqi":100, "rssi":-80, "server_sent":163, "server_received":197, "server_bytes_rx":60, "n2r_latency":2550, "hops":0, "rtt_latency":842, "root_time_now":1674540}
[Mote:1] {"node":"fd00::202:2:2:2", "cpu_energy_mj":18, "lpm_energy_mj":0, "radio_tx_energy_mj":0, "radio_rx_energy_mj":9, "node_time":1674267, "total_sent":109, "total_received":161, "bytes_tx":60, "bytes_rx":12, "r2n_latency":2104, "lqi":100, "rssi":-90, "server_sent":165, "server_received":212, "server_bytes_rx":60, "n2r_latency":903, "hops":1, "rtt_latency":2312, "root_time_now":1675170}
[Mote:16] Not reachable yet
[Mote:7] Not reachable yet
[Mote:17] Not reachable yet
[Mote:8] Not reachable yet
[Mote:18] Not reachable yet
[Mote:4] Not reachable yet
[Mote:14] Sensor IPv6 = fe80::20e:e:e:e
[Mote:13] Not reachable yet
[Mote:12] Not reachable yet
[Mote:11] Not reachable yet
[Mote:10] Not reachable yet
[Mote:9] Not reachable yet
[Mote:6] Sensor IPv6 = fe80::206:6:6:6
[Mote:1] {"node":"fd00::206:6:6:6", "cpu_energy_mj":19, "lpm_energy_mj":0, "radio_tx_energy_mj":2, "radio_rx_energy_mj":7, "node_time":1682919, "total_sent":92, "total_received":159, "bytes_tx":60, "bytes_rx":12, "r2n_latency":994, "lqi":100, "rssi":-80, "server_sent":164, "server_received":199, "server_bytes_rx":60, "n2r_latency":231, "hops":0, "rtt_latency":742, "root_time_now":1683150}
[Mote:19] Not reachable yet
[Mote:3] Not reachable yet
[Mote:5] Not reachable yet
[Mote:15] Not reachable yet
[Mote:2] Sensor IPv6 = fe80::202:2:2:2
[Mote:1] {"node":"fd00::202:2:2:2", "cpu_energy_mj":18, "lpm_energy_mj":0, "radio_tx_energy_mj":0, "radio_rx_energy_mj":9, "node_time":1684798, "total_sent":110, "total_received":162, "bytes_tx":60, "bytes_rx":12, "r2n_latency":2604, "lqi":100, "rssi":-90, "server_sent":166, "server_received":214, "server_bytes_rx":60, "n2r_latency":522, "hops":1, "rtt_latency":1442, "root_time_now":1685320}
[Mote:16] Not reachable yet
[Mote:7] Not reachable yet
[Mote:17] Not reachable yet
[Mote:8] Not reachable yet
[Mote:18] Not reachable yet
[Mote:4] Not reachable yet
[Mote:13] Not reachable yet
[Mote:14] Not reachable yet
[Mote:12] Not reachable yet
[Mote:11] Not reachable yet
[Mote:10] Not reachable yet
[Mote:9] Not reachable yet
[Mote:6] Sensor IPv6 = fe80::206:6:6:6
[Mote:3] Not reachable yet
[Mote:19] Not reachable yet
[Mote:1] {"node":"fd00::206:6:6:6", "cpu_energy_mj":19, "lpm_energy_mj":0, "radio_tx_energy_mj":1, "radio_rx_energy_mj":7, "node_time":1693847, "total_sent":93, "total_received":160, "bytes_tx":60, "bytes_rx":12, "r2n_latency":374, "lqi":100, "rssi":-80, "server_sent":165, "server_received":201, "server_bytes_rx":60, "n2r_latency":363, "hops":0, "rtt_latency":257, "root_time_now":1694210}
[Mote:15] Not reachable yet
[Mote:5] Not reachable yet
[Mote:2] Sensor IPv6 = fe80::202:2:2:2
[Mote:16] Not reachable yet
[Mote:1] {"node":"fd00::202:2:2:2", "cpu_energy_mj":18, "lpm_energy_mj":0, "radio_tx_energy_mj":0, "radio_rx_energy_mj":8, "node_time":1695330, "total_sent":111, "total_received":163, "bytes_tx":60, "bytes_rx":12, "r2n_latency":3874, "lqi":100, "rssi":-90, "server_sent":167, "server_received":216, "server_bytes_rx":60, "n2r_latency":420, "hops":1, "rtt_latency":2532, "root_time_now":1695750}
[Mote:17] Not reachable yet
[Mote:7] Not reachable yet
[Mote:8] Not reachable yet
[Mote:18] Not reachable yet
[Mote:4] Not reachable yet
[Mote:13] Not reachable yet
[Mote:11] Not reachable yet
[Mote:14] Not reachable yet
[Mote:12] Not reachable yet
[Mote:10] Not reachable yet
[Mote:9] Not reachable yet
[Mote:3] Not reachable yet
[Mote:6] Sensor IPv6 = fe80::206:6:6:6
[Mote:1] {"node":"fd00::206:6:6:6", "cpu_energy_mj":19, "lpm_energy_mj":0, "radio_tx_energy_mj":1, "radio_rx_energy_mj":7, "node_time":1704778, "total_sent":94, "total_received":161, "bytes_tx":60, "bytes_rx":12, "r2n_latency":1294, "lqi":100, "rssi":-80, "server_sent":166, "server_received":203, "server_bytes_rx":60, "n2r_latency":212, "hops":0, "rtt_latency":822, "root_time_now":1704990}
[Mote:19] Not reachable yet
[Mote:15] Not reachable yet
[Mote:5] Not reachable yet
[Mote:16] Not reachable yet
[Mote:2] Sensor IPv6 = fe80::202:2:2:2
[Mote:1] {"node":"fd00::202:2:2:2", "cpu_energy_mj":18, "lpm_energy_mj":0, "radio_tx_energy_mj":0, "radio_rx_energy_mj":8, "node_time":1705860, "total_sent":112, "total_received":164, "bytes_tx":60, "bytes_rx":12, "r2n_latency":804, "lqi":100, "rssi":-90, "server_sent":168, "server_received":218, "server_bytes_rx":60, "n2r_latency":180, "hops":1, "rtt_latency":507, "root_time_now":1706040}
[Mote:17] Not reachable yet
[Mote:7] Sensor IPv6 = fe80::207:7:7:7
[Mote:1] {"node":"fd00::207:7:7:7", "cpu_energy_mj":339, "lpm_energy_mj":0, "radio_tx_energy_mj":12, "radio_rx_energy_mj":546, "node_time":1707592, "total_sent":28, "total_received":152, "bytes_tx":60, "bytes_rx":12, "r2n_latency":1924, "lqi":100, "rssi":-88, "server_sent":162, "server_received":53, "server_bytes_rx":60, "n2r_latency":128, "hops":1, "rtt_latency":1522, "root_time_now":1707720}
[Mote:8] Not reachable yet
[Mote:18] Not reachable yet
[Mote:13] Not reachable yet
[Mote:4] Not reachable yet
[Mote:11] Not reachable yet
[Mote:14] Not reachable yet
[Mote:10] Not reachable yet
[Mote:12] Not reachable yet
[Mote:9] Not reachable yet
[Mote:3] Not reachable yet
[Mote:15] Not reachable yet
[Mote:6] Sensor IPv6 = fe80::206:6:6:6
[Mote:16] Not reachable yet
[Mote:19] Not reachable yet
[Mote:5] Not reachable yet
[Mote:2] Sensor IPv6 = fe80::202:2:2:2
[Mote:17] Not reachable yet
[Mote:1] {"node":"fd00::206:6:6:6", "cpu_energy_mj":19, "lpm_energy_mj":0, "radio_tx_energy_mj":1, "radio_rx_energy_mj":7, "node_time":1715706, "total_sent":95, "total_received":162, "bytes_tx":60, "bytes_rx":12, "r2n_latency":604, "lqi":100, "rssi":-80, "server_sent":167, "server_received":205, "server_bytes_rx":60, "n2r_latency":2094, "hops":0, "rtt_latency":372, "root_time_now":1717800}
[Mote:1] {"node":"fd00::202:2:2:2", "cpu_energy_mj":18, "lpm_energy_mj":0, "radio_tx_energy_mj":0, "radio_rx_energy_mj":8, "node_time":1716392, "total_sent":113, "total_received":165, "bytes_tx":60, "bytes_rx":12, "r2n_latency":1024, "lqi":100, "rssi":-90, "server_sent":169, "server_received":220, "server_bytes_rx":60, "n2r_latency":1478, "hops":1, "rtt_latency":1142, "root_time_now":1717870}
[Mote:7] Sensor IPv6 = fe80::207:7:7:7
[Mote:8] Not reachable yet
[Mote:18] Not reachable yet
[Mote:13] Not reachable yet
[Mote:4] Not reachable yet
[Mote:11] Not reachable yet
[Mote:10] Not reachable yet
[Mote:14] Sensor IPv6 = fe80::20e:e:e:e
[Mote:1] {"node":"fd00::207:7:7:7", "cpu_energy_mj":18, "lpm_energy_mj":0, "radio_tx_energy_mj":1, "radio_rx_energy_mj":8, "node_time":1718068, "total_sent":29, "total_received":153, "bytes_tx":60, "bytes_rx":12, "r2n_latency":1374, "lqi":100, "rssi":-88, "server_sent":164, "server_received":55, "server_bytes_rx":60, "n2r_latency":4562, "hops":1, "rtt_latency":1387, "root_time_now":1722630}
[Mote:12] Not reachable yet
[Mote:9] Not reachable yet
[Mote:1] {"node":"fd00::20e:e:e:e", "cpu_energy_mj":77, "lpm_energy_mj":0, "radio_tx_energy_mj":1, "radio_rx_energy_mj":35, "node_time":1722132, "total_sent":14, "total_received":55, "bytes_tx":60, "bytes_rx":12, "r2n_latency":1955, "lqi":100, "rssi":-79, "server_sent":163, "server_received":14, "server_bytes_rx":60, "n2r_latency":1968, "hops":2, "rtt_latency":2447, "root_time_now":1724100}
[Mote:3] Not reachable yet
[Mote:16] Not reachable yet
[Mote:15] Not reachable yet
[Mote:6] Sensor IPv6 = fe80::206:6:6:6
[Mote:1] {"node":"fd00::206:6:6:6", "cpu_energy_mj":19, "lpm_energy_mj":0, "radio_tx_energy_mj":2, "radio_rx_energy_mj":7, "node_time":1726635, "total_sent":96, "total_received":163, "bytes_tx":60, "bytes_rx":12, "r2n_latency":1105, "lqi":100, "rssi":-80, "server_sent":168, "server_received":207, "server_bytes_rx":60, "n2r_latency":55, "hops":0, "rtt_latency":1392, "root_time_now":1726690}
[Mote:2] Sensor IPv6 = fe80::202:2:2:2
[Mote:19] Not reachable yet
[Mote:5] Not reachable yet
[Mote:17] Not reachable yet
[Mote:7] Sensor IPv6 = fe80::207:7:7:7
[Mote:1] {"node":"fd00::207:7:7:7", "cpu_energy_mj":18, "lpm_energy_mj":0, "radio_tx_energy_mj":1, "radio_rx_energy_mj":8, "node_time":1728544, "total_sent":30, "total_received":154, "bytes_tx":60, "bytes_rx":12, "r2n_latency":1525, "lqi":100, "rssi":-88, "server_sent":164, "server_received":57, "server_bytes_rx":60, "n2r_latency":106, "hops":1, "rtt_latency":2022, "root_time_now":1728650}
[Mote:8] Not reachable yet
[Mote:13] Not reachable yet
[Mote:18] Not reachable yet
[Mote:11] Not reachable yet
[Mote:4] Not reachable yet
[Mote:10] Sensor IPv6 = fe80::20a:a:a:a
[Mote:14] Sensor IPv6 = fe80::20e:e:e:e
[Mote:1] {"node":"fd00::202:2:2:2", "cpu_energy_mj":18, "lpm_energy_mj":0, "radio_tx_energy_mj":0, "radio_rx_energy_mj":9, "node_time":1726922, "total_sent":114, "total_received":166, "bytes_tx":60, "bytes_rx":12, "r2n_latency":4255, "lqi":100, "rssi":-90, "server_sent":171, "server_received":222, "server_bytes_rx":60, "n2r_latency":5998, "hops":1, "rtt_latency":2582, "root_time_now":1732920}
[Mote:12] Not reachable yet
[Mote:9] Not reachable yet
[Mote:1] {"node":"fd00::20a:a:a:a", "cpu_energy_mj":2713, "lpm_energy_mj":0, "radio_tx_energy_mj":306, "radio_rx_energy_mj":3165, "node_time":1731949, "total_sent":11, "total_received":138, "bytes_tx":60, "bytes_rx":12, "r2n_latency":7475, "lqi":100, "rssi":-55, "server_sent":160, "server_received":20, "server_bytes_rx":60, "n2r_latency":3001, "hops":2, "rtt_latency":7447, "root_time_now":1734950}
[Mote:3] Not reachable yet
[Mote:16] Not reachable yet
[Mote:15] Not reachable yet
[Mote:2] Sensor IPv6 = fe80::202:2:2:2
[Mote:6] Sensor IPv6 = fe80::206:6:6:6
[Mote:1] {"node":"fd00::202:2:2:2", "cpu_energy_mj":18, "lpm_energy_mj":0, "radio_tx_energy_mj":0, "radio_rx_energy_mj":8, "node_time":1737456, "total_sent":115, "total_received":167, "bytes_tx":60, "bytes_rx":12, "r2n_latency":1043, "lqi":100, "rssi":-90, "server_sent":171, "server_received":224, "server_bytes_rx":60, "n2r_latency":224, "hops":1, "rtt_latency":2411, "root_time_now":1737680}
[Mote:17] Not reachable yet
[Mote:5] Not reachable yet
[Mote:19] Not reachable yet
[Mote:1] {"node":"fd00::206:6:6:6", "cpu_energy_mj":19, "lpm_energy_mj":0, "radio_tx_energy_mj":1, "radio_rx_energy_mj":7, "node_time":1737563, "total_sent":97, "total_received":164, "bytes_tx":60, "bytes_rx":12, "r2n_latency":553, "lqi":100, "rssi":-80, "server_sent":169, "server_received":209, "server_bytes_rx":60, "n2r_latency":327, "hops":0, "rtt_latency":556, "root_time_now":1737890}
[Mote:7] Sensor IPv6 = fe80::207:7:7:7
[Mote:1] {"node":"fd00::207:7:7:7", "cpu_energy_mj":18, "lpm_energy_mj":0, "radio_tx_energy_mj":1, "radio_rx_energy_mj":8, "node_time":1739020, "total_sent":31, "total_received":155, "bytes_tx":60, "bytes_rx":12, "r2n_latency":3143, "lqi":100, "rssi":-88, "server_sent":165, "server_received":59, "server_bytes_rx":60, "n2r_latency":410, "hops":1, "rtt_latency":2551, "root_time_now":1739430}
[Mote:8] Not reachable yet
[Mote:13] Not reachable yet
[Mote:18] Not reachable yet
[Mote:11] Not reachable yet
[Mote:4] Not reachable yet
[Mote:10] Sensor IPv6 = fe80::20a:a:a:a
[Mote:1] {"node":"fd00::20a:a:a:a", "cpu_energy_mj":18, "lpm_energy_mj":0, "radio_tx_energy_mj":0, "radio_rx_energy_mj":8, "node_time":1742138, "total_sent":12, "total_received":138, "bytes_tx":60, "bytes_rx":12, "r2n_latency":7475, "lqi":100, "rssi":-55, "server_sent":161, "server_received":21, "server_bytes_rx":60, "n2r_latency":1352, "hops":2, "rtt_latency":7447, "root_time_now":1743490}
[Mote:14] Sensor IPv6 = fe80::20e:e:e:e
[Mote:12] Not reachable yet
[Mote:9] Not reachable yet
[Mote:3] Not reachable yet
[Mote:16] Not reachable yet
[Mote:15] Not reachable yet
[Mote:2] Sensor IPv6 = fe80::202:2:2:2
[Mote:17] Not reachable yet
[Mote:6] Sensor IPv6 = fe80::206:6:6:6
[Mote:5] Not reachable yet
[Mote:19] Not reachable yet
[Mote:1] {"node":"fd00::206:6:6:6", "cpu_energy_mj":19, "lpm_energy_mj":0, "radio_tx_energy_mj":1, "radio_rx_energy_mj":7, "node_time":1748493, "total_sent":98, "total_received":165, "bytes_tx":60, "bytes_rx":12, "r2n_latency":6655, "lqi":100, "rssi":-80, "server_sent":170, "server_received":211, "server_bytes_rx":60, "n2r_latency":317, "hops":0, "rtt_latency":3572, "root_time_now":1748810}
[Mote:7] Sensor IPv6 = fe80::207:7:7:7
[Mote:1] {"node":"fd00::207:7:7:7", "cpu_energy_mj":18, "lpm_energy_mj":0, "radio_tx_energy_mj":1, "radio_rx_energy_mj":7, "node_time":1749497, "total_sent":32, "total_received":156, "bytes_tx":60, "bytes_rx":12, "r2n_latency":7355, "lqi":100, "rssi":-88, "server_sent":166, "server_received":61, "server_bytes_rx":60, "n2r_latency":83, "hops":1, "rtt_latency":3887, "root_time_now":1749580}
[Mote:13] Not reachable yet
[Mote:8] Sensor IPv6 = fe80::208:8:8:8
[Mote:11] Not reachable yet
[Mote:18] Not reachable yet
[Mote:4] Not reachable yet
[Mote:10] Sensor IPv6 = fe80::20a:a:a:a
[Mote:14] Not reachable yet
[Mote:9] Not reachable yet
[Mote:12] Not reachable yet
[Mote:3] Not reachable yet
[Mote:16] Not reachable yet
[Mote:15] Not reachable yet
[Mote:17] Not reachable yet
[Mote:2] Not reachable yet
[Mote:5] Not reachable yet
[Mote:6] Sensor IPv6 = fe80::206:6:6:6
[Mote:1] {"node":"fd00::206:6:6:6", "cpu_energy_mj":19, "lpm_energy_mj":0, "radio_tx_energy_mj":1, "radio_rx_energy_mj":7, "node_time":1759421, "total_sent":99, "total_received":166, "bytes_tx":60, "bytes_rx":12, "r2n_latency":2255, "lqi":100, "rssi":-80, "server_sent":171, "server_received":213, "server_bytes_rx":60, "n2r_latency":29, "hops":0, "rtt_latency":1792, "root_time_now":1759450}
[Mote:1] {"node":"fd00::208:8:8:8", "cpu_energy_mj":2754, "lpm_energy_mj":0, "radio_tx_energy_mj":385, "radio_rx_energy_mj":3021, "node_time":1750337, "total_sent":12, "total_received":138, "bytes_tx":60, "bytes_rx":12, "r2n_latency":8475, "lqi":100, "rssi":-88, "server_sent":164, "server_received":28, "server_bytes_rx":60, "n2r_latency":9253, "hops":2, "rtt_latency":4482, "root_time_now":1759590}
[Mote:19] Not reachable yet
[Mote:1] {"node":"fd00::20a:a:a:a", "cpu_energy_mj":18, "lpm_energy_mj":0, "radio_tx_energy_mj":0, "radio_rx_energy_mj":8, "node_time":1752323, "total_sent":13, "total_received":140, "bytes_tx":60, "bytes_rx":12, "r2n_latency":10085, "lqi":100, "rssi":-55, "server_sent":162, "server_received":24, "server_bytes_rx":60, "n2r_latency":7407, "hops":2, "rtt_latency":5777, "root_time_now":1759730}
[Mote:7] Sensor IPv6 = fe80::207:7:7:7
[Mote:13] Not reachable yet
[Mote:8] Sensor IPv6 = fe80::208:8:8:8
[Mote:11] Not reachable yet
[Mote:18] Not reachable yet
[Mote:10] Sensor IPv6 = fe80::20a:a:a:a
[Mote:4] Not reachable yet
[Mote:1] {"node":"fd00::207:7:7:7", "cpu_energy_mj":18, "lpm_energy_mj":0, "radio_tx_energy_mj":1, "radio_rx_energy_mj":7, "node_time":1759973, "total_sent":33, "total_received":157, "bytes_tx":60, "bytes_rx":12, "r2n_latency":3165, "lqi":100, "rssi":-88, "server_sent":168, "server_received":63, "server_bytes_rx":60, "n2r_latency":3887, "hops":1, "rtt_latency":6377, "root_time_now":1763860}
[Mote:1] {"node":"fd00::208:8:8:8", "cpu_energy_mj":18, "lpm_energy_mj":0, "radio_tx_energy_mj":1, "radio_rx_energy_mj":8, "node_time":1760819, "total_sent":13, "total_received":139, "bytes_tx":60, "bytes_rx":12, "r2n_latency":6245, "lqi":100, "rssi":-88, "server_sent":165, "server_received":30, "server_bytes_rx":60, "n2r_latency":3111, "hops":2, "rtt_latency":6447, "root_time_now":1763930}
[Mote:1] {"node":"fd00::20a:a:a:a", "cpu_energy_mj":18, "lpm_energy_mj":0, "radio_tx_energy_mj":0, "radio_rx_energy_mj":9, "node_time":1762510, "total_sent":14, "total_received":141, "bytes_tx":60, "bytes_rx":12, "r2n_latency":6525, "lqi":100, "rssi":-55, "server_sent":163, "server_received":26, "server_bytes_rx":60, "n2r_latency":2050, "hops":2, "rtt_latency":6657, "root_time_now":1764560}
[Mote:14] Not reachable yet
[Mote:9] Not reachable yet
[Mote:16] Not reachable yet
[Mote:3] Not reachable yet
[Mote:12] Not reachable yet
[Mote:15] Not reachable yet
[Mote:17] Not reachable yet
[Mote:2] Not reachable yet
[Mote:5] Not reachable yet
[Mote:13] Not reachable yet
[Mote:6] Sensor IPv6 = fe80::206:6:6:6
[Mote:7] Sensor IPv6 = fe80::207:7:7:7
[Mote:19] Not reachable yet
[Mote:8] Sensor IPv6 = fe80::208:8:8:8
[Mote:11] Not reachable yet
[Mote:18] Not reachable yet
[Mote:10] Sensor IPv6 = fe80::20a:a:a:a
[Mote:4] Not reachable yet
[Mote:16] Not reachable yet
[Mote:14] Not reachable yet
[Mote:3] Not reachable yet
[Mote:9] Sensor IPv6 = fe80::209:9:9:9
[Mote:12] Not reachable yet
[Mote:17] Not reachable yet
[Mote:15] Not reachable yet
[Mote:2] Not reachable yet
[Mote:13] Not reachable yet
[Mote:7] Sensor IPv6 = fe80::207:7:7:7
[Mote:5] Not reachable yet
[Mote:6] Sensor IPv6 = fe80::206:6:6:6
[Mote:11] Not reachable yet
[Mote:19] Not reachable yet
[Mote:8] Sensor IPv6 = fe80::208:8:8:8
[Mote:1] {"node":"fd00::206:6:6:6", "cpu_energy_mj":19, "lpm_energy_mj":0, "radio_tx_energy_mj":2, "radio_rx_energy_mj":7, "node_time":1770350, "total_sent":100, "total_received":167, "bytes_tx":60, "bytes_rx":12, "r2n_latency":3804, "lqi":100, "rssi":-80, "server_sent":174, "server_received":215, "server_bytes_rx":60, "n2r_latency":12340, "hops":0, "rtt_latency":2462, "root_time_now":1782690}
[Mote:18] Not reachable yet
[Mote:10] Sensor IPv6 = fe80::20a:a:a:a
[Mote:1] {"node":"fd00::207:7:7:7", "cpu_energy_mj":18, "lpm_energy_mj":0, "radio_tx_energy_mj":1, "radio_rx_energy_mj":7, "node_time":1770449, "total_sent":34, "total_received":158, "bytes_tx":60, "bytes_rx":12, "r2n_latency":5904, "lqi":100, "rssi":-88, "server_sent":170, "server_received":65, "server_bytes_rx":60, "n2r_latency":12591, "hops":1, "rtt_latency":3582, "root_time_now":1783040}
[Mote:1] {"node":"fd00::208:8:8:8", "cpu_energy_mj":18, "lpm_energy_mj":0, "radio_tx_energy_mj":0, "radio_rx_energy_mj":9, "node_time":1771302, "total_sent":14, "total_received":140, "bytes_tx":60, "bytes_rx":12, "r2n_latency":7584, "lqi":100, "rssi":-88, "server_sent":167, "server_received":32, "server_bytes_rx":60, "n2r_latency":11878, "hops":2, "rtt_latency":4142, "root_time_now":1783180}
[Mote:1] {"node":"fd00::20a:a:a:a", "cpu_energy_mj":18, "lpm_energy_mj":0, "radio_tx_energy_mj":0, "radio_rx_energy_mj":9, "node_time":1772697, "total_sent":15, "total_received":142, "bytes_tx":60, "bytes_rx":12, "r2n_latency":8704, "lqi":100, "rssi":-55, "server_sent":165, "server_received":27, "server_bytes_rx":60, "n2r_latency":10553, "hops":2, "rtt_latency":6657, "root_time_now":1783250}
[Mote:1] {"node":"fd00::209:9:9:9", "cpu_energy_mj":3196, "lpm_energy_mj":0, "radio_tx_energy_mj":3, "radio_rx_energy_mj":6861, "node_time":1776238, "total_sent":1, "total_received":0, "bytes_tx":60, "bytes_rx":0, "r2n_latency":0, "lqi":0, "rssi":0, "server_sent":0, "server_received":1, "server_bytes_rx":60, "n2r_latency":7642, "hops":3, "rtt_latency":0, "root_time_now":1783880}
[Mote:4] Not reachable yet
[Mote:1] {"node":"fd00::206:6:6:6", "cpu_energy_mj":19, "lpm_energy_mj":0, "radio_tx_energy_mj":1, "radio_rx_energy_mj":8, "node_time":1781279, "total_sent":101, "total_received":168, "bytes_tx":60, "bytes_rx":12, "r2n_latency":5495, "lqi":100, "rssi":-80, "server_sent":174, "server_received":217, "server_bytes_rx":60, "n2r_latency":3161, "hops":0, "rtt_latency":6912, "root_time_now":1784440}
[Mote:16] Not reachable yet
[Mote:3] Not reachable yet
[Mote:14] Not reachable yet
[Mote:9] Sensor IPv6 = fe80::209:9:9:9
[Mote:12] Not reachable yet
[Mote:1] {"node":"fd00::20a:a:a:a", "cpu_energy_mj":18, "lpm_energy_mj":0, "radio_tx_energy_mj":0, "radio_rx_energy_mj":9, "node_time":1782884, "total_sent":16, "total_received":143, "bytes_tx":60, "bytes_rx":12, "r2n_latency":9835, "lqi":100, "rssi":-55, "server_sent":165, "server_received":29, "server_bytes_rx":60, "n2r_latency":5266, "hops":2, "rtt_latency":7192, "root_time_now":1788150}
[Mote:17] Not reachable yet
[Mote:15] Not reachable yet
[Mote:1] {"node":"fd00::208:8:8:8", "cpu_energy_mj":18, "lpm_energy_mj":0, "radio_tx_energy_mj":1, "radio_rx_energy_mj":8, "node_time":1781785, "total_sent":15, "total_received":141, "bytes_tx":60, "bytes_rx":12, "r2n_latency":8715, "lqi":100, "rssi":-88, "server_sent":167, "server_received":34, "server_bytes_rx":60, "n2r_latency":7555, "hops":2, "rtt_latency":7017, "root_time_now":1789340}
[Mote:2] Not reachable yet
[Mote:13] Not reachable yet
[Mote:7] Sensor IPv6 = fe80::207:7:7:7
[Mote:11] Not reachable yet
[Mote:5] Not reachable yet
[Mote:6] Sensor IPv6 = fe80::206:6:6:6
[Mote:8] Sensor IPv6 = fe80::208:8:8:8
[Mote:1] {"node":"fd00::209:9:9:9", "cpu_energy_mj":19, "lpm_energy_mj":0, "radio_tx_energy_mj":0, "radio_rx_energy_mj":9, "node_time":1786808, "total_sent":2, "total_received":0, "bytes_tx":60, "bytes_rx":0, "r2n_latency":0, "lqi":0, "rssi":0, "server_sent":1, "server_received":2, "server_bytes_rx":60, "n2r_latency":5472, "hops":3, "rtt_latency":0, "root_time_now":1792280}
[Mote:19] Not reachable yet
[Mote:10] Sensor IPv6 = fe80::20a:a:a:a
[Mote:18] Not reachable yet
[Mote:4] Not reachable yet
[Mote:16] Not reachable yet
[Mote:3] Not reachable yet
[Mote:9] Sensor IPv6 = fe80::209:9:9:9
[Mote:14] Not reachable yet
[Mote:12] Not reachable yet
[Mote:1] {"node":"fd00::207:7:7:7", "cpu_energy_mj":18, "lpm_energy_mj":0, "radio_tx_energy_mj":2, "radio_rx_energy_mj":8, "node_time":1791400, "total_sent":36, "total_received":160, "bytes_tx":60, "bytes_rx":12, "r2n_latency":2354, "lqi":100, "rssi":-88, "server_sent":171, "server_received":68, "server_bytes_rx":60, "n2r_latency":7670, "hops":1, "rtt_latency":3242, "root_time_now":1799070}
[Mote:17] Not reachable yet
[Mote:1] {"node":"fd00::206:6:6:6", "cpu_energy_mj":19, "lpm_energy_mj":0, "radio_tx_energy_mj":2, "radio_rx_energy_mj":7, "node_time":1792209, "total_sent":102, "total_received":169, "bytes_tx":60, "bytes_rx":12, "r2n_latency":2074, "lqi":100, "rssi":-80, "server_sent":175, "server_received":219, "server_bytes_rx":60, "n2r_latency":7211, "hops":0, "rtt_latency":2262, "root_time_now":1799420}
[Mote:1] {"node":"fd00::208:8:8:8", "cpu_energy_mj":18, "lpm_energy_mj":0, "radio_tx_energy_mj":0, "radio_rx_energy_mj":8, "node_time":1792268, "total_sent":16, "total_received":142, "bytes_tx":60, "bytes_rx":12, "r2n_latency":3754, "lqi":100, "rssi":-88, "server_sent":168, "server_received":36, "server_bytes_rx":60, "n2r_latency":7222, "hops":2, "rtt_latency":6112, "root_time_now":1799490}
[Mote:1] {"node":"fd00::20a:a:a:a", "cpu_energy_mj":18, "lpm_energy_mj":0, "radio_tx_energy_mj":0, "radio_rx_energy_mj":9, "node_time":1793073, "total_sent":17, "total_received":144, "bytes_tx":60, "bytes_rx":12, "r2n_latency":4944, "lqi":100, "rssi":-55, "server_sent":166, "server_received":31, "server_bytes_rx":60, "n2r_latency":6487, "hops":2, "rtt_latency":4292, "root_time_now":1799560}
[Mote:15] Not reachable yet
[Mote:1] {"node":"fd00::209:9:9:9", "cpu_energy_mj":19, "lpm_energy_mj":0, "radio_tx_energy_mj":0, "radio_rx_energy_mj":8, "node_time":1797381, "total_sent":3, "total_received":0, "bytes_tx":60, "bytes_rx":0, "r2n_latency":0, "lqi":0, "rssi":0, "server_sent":1, "server_received":3, "server_bytes_rx":60, "n2r_latency":2599, "hops":3, "rtt_latency":0, "root_time_now":1799980}
[Mote:13] Not reachable yet
[Mote:2] Not reachable yet
[Mote:11] Not reachable yet
[Mote:7] Sensor IPv6 = fe80::207:7:7:7
[Mote:5] Not reachable yet
[Mote:8] Sensor IPv6 = fe80::208:8:8:8
[Mote:6] Sensor IPv6 = fe80::206:6:6:6
[Mote:10] Sensor IPv6 = fe80::20a:a:a:a
[Mote:19] Not reachable yet
[Mote:18] Not reachable yet
[Mote:1] {"node":"fd00::207:7:7:7", "cpu_energy_mj":18, "lpm_energy_mj":0, "radio_tx_energy_mj":1, "radio_rx_energy_mj":8, "node_time":1801876, "total_sent":37, "total_received":161, "bytes_tx":60, "bytes_rx":12, "r2n_latency":5514, "lqi":100, "rssi":-88, "server_sent":172, "server_received":70, "server_bytes_rx":60, "n2r_latency":2654, "hops":1, "rtt_latency":4857, "root_time_now":1804530}
[Mote:1] {"node":"fd00::206:6:6:6", "cpu_energy_mj":19, "lpm_energy_mj":0, "radio_tx_energy_mj":2, "radio_rx_energy_mj":7, "node_time":1803138, "total_sent":103, "total_received":171, "bytes_tx":60, "bytes_rx":12, "r2n_latency":2657, "lqi":100, "rssi":-80, "server_sent":176, "server_received":222, "server_bytes_rx":60, "n2r_latency":1532, "hops":0, "rtt_latency":2308, "root_time_now":1804670}
[Mote:1] {"node":"fd00::208:8:8:8", "cpu_energy_mj":18, "lpm_energy_mj":0, "radio_tx_energy_mj":0, "radio_rx_energy_mj":8, "node_time":1802752, "total_sent":17, "total_received":143, "bytes_tx":60, "bytes_rx":12, "r2n_latency":6844, "lqi":100, "rssi":-88, "server_sent":169, "server_received":38, "server_bytes_rx":60, "n2r_latency":1988, "hops":2, "rtt_latency":4962, "root_time_now":1804740}
[Mote:1] {"node":"fd00::20a:a:a:a", "cpu_energy_mj":18, "lpm_energy_mj":0, "radio_tx_energy_mj":0, "radio_rx_energy_mj":9, "node_time":1803258, "total_sent":18, "total_received":145, "bytes_tx":60, "bytes_rx":12, "r2n_latency":8174, "lqi":100, "rssi":-55, "server_sent":167, "server_received":33, "server_bytes_rx":60, "n2r_latency":1622, "hops":2, "rtt_latency":7027, "root_time_now":1804880}
[Mote:4] Not reachable yet
[Mote:16] Not reachable yet
[Mote:3] Not reachable yet
[Mote:9] Sensor IPv6 = fe80::209:9:9:9
[Mote:14] Not reachable yet
[Mote:12] Not reachable yet
[Mote:17] Not reachable yet
[Mote:15] Sensor IPv6 = fe80::20f:f:f:f
[Mote:13] Not reachable yet
[Mote:2] Not reachable yet
[Mote:11] Not reachable yet
[Mote:7] Sensor IPv6 = fe80::207:7:7:7
[Mote:8] Sensor IPv6 = fe80::208:8:8:8
[Mote:5] Not reachable yet
[Mote:10] Sensor IPv6 = fe80::20a:a:a:a
[Mote:6] Sensor IPv6 = fe80::206:6:6:6
[Mote:19] Not reachable yet
[Mote:18] Not reachable yet
[Mote:4] Not reachable yet
[Mote:16] Not reachable yet
[Mote:1] {"node":"fd00::209:9:9:9", "cpu_energy_mj":19, "lpm_energy_mj":0, "radio_tx_energy_mj":0, "radio_rx_energy_mj":8, "node_time":1807952, "total_sent":4, "total_received":1, "bytes_tx":60, "bytes_rx":12, "r2n_latency":11744, "lqi":100, "rssi":-78, "server_sent":3, "server_received":5, "server_bytes_rx":60, "n2r_latency":8198, "hops":3, "rtt_latency":7237, "root_time_now":1816150}
[Mote:1] {"node":"fd00::20f:f:f:f", "cpu_energy_mj":2993, "lpm_energy_mj":0, "radio_tx_energy_mj":4, "radio_rx_energy_mj":3452, "node_time":1810364, "total_sent":3, "total_received":25, "bytes_tx":60, "bytes_rx":12, "r2n_latency":8117, "lqi":100, "rssi":-93, "server_sent":166, "server_received":4, "server_bytes_rx":60, "n2r_latency":6346, "hops":3, "rtt_latency":6578, "root_time_now":1816710}
[Mote:1] {"node":"fd00::207:7:7:7", "cpu_energy_mj":18, "lpm_energy_mj":0, "radio_tx_energy_mj":2, "radio_rx_energy_mj":7, "node_time":1812352, "total_sent":38, "total_received":162, "bytes_tx":60, "bytes_rx":12, "r2n_latency":3147, "lqi":100, "rssi":-88, "server_sent":173, "server_received":72, "server_bytes_rx":60, "n2r_latency":4498, "hops":1, "rtt_latency":2413, "root_time_now":1816850}
[Mote:1] {"node":"fd00::20a:a:a:a", "cpu_energy_mj":18, "lpm_energy_mj":0, "radio_tx_energy_mj":0, "radio_rx_energy_mj":9, "node_time":1813445, "total_sent":19, "total_received":146, "bytes_tx":60, "bytes_rx":12, "r2n_latency":7277, "lqi":100, "rssi":-55, "server_sent":168, "server_received":35, "server_bytes_rx":60, "n2r_latency":3475, "hops":2, "rtt_latency":4583, "root_time_now":1816920}
[Mote:3] Not reachable yet
[Mote:1] {"node":"fd00::206:6:6:6", "cpu_energy_mj":19, "lpm_energy_mj":0, "radio_tx_energy_mj":2, "radio_rx_energy_mj":7, "node_time":1814067, "total_sent":104, "total_received":171, "bytes_tx":60, "bytes_rx":12, "r2n_latency":2657, "lqi":100, "rssi":-80, "server_sent":177, "server_received":223, "server_bytes_rx":60, "n2r_latency":3623, "hops":0, "rtt_latency":2308, "root_time_now":1817690}
[Mote:1] {"node":"fd00::208:8:8:8", "cpu_energy_mj":18, "lpm_energy_mj":0, "radio_tx_energy_mj":1, "radio_rx_energy_mj":8, "node_time":1813234, "total_sent":18, "total_received":144, "bytes_tx":60, "bytes_rx":12, "r2n_latency":6577, "lqi":100, "rssi":-88, "server_sent":170, "server_received":40, "server_bytes_rx":60, "n2r_latency":4666, "hops":2, "rtt_latency":4513, "root_time_now":1817900}
[Mote:9] Sensor IPv6 = fe80::209:9:9:9
[Mote:1] {"node":"fd00::209:9:9:9", "cpu_energy_mj":19, "lpm_energy_mj":0, "radio_tx_energy_mj":0, "radio_rx_energy_mj":8, "node_time":1818523, "total_sent":5, "total_received":2, "bytes_tx":60, "bytes_rx":12, "r2n_latency":9237, "lqi":100, "rssi":-78, "server_sent":3, "server_received":7, "server_bytes_rx":60, "n2r_latency":217, "hops":3, "rtt_latency":8398, "root_time_now":1818740}
[Mote:14] Not reachable yet
[Mote:17] Not reachable yet
[Mote:12] Not reachable yet
[Mote:13] Not reachable yet
[Mote:15] Sensor IPv6 = fe80::20f:f:f:f
[Mote:2] Not reachable yet
[Mote:11] Not reachable yet
[Mote:7] Sensor IPv6 = fe80::207:7:7:7
[Mote:10] Sensor IPv6 = fe80::20a:a:a:a
[Mote:8] Sensor IPv6 = fe80::208:8:8:8
[Mote:5] Not reachable yet
[Mote:6] Sensor IPv6 = fe80::206:6:6:6
[Mote:18] Not reachable yet
[Mote:19] Not reachable yet
[Mote:16] Not reachable yet
[Mote:4] Not reachable yet
[Mote:3] Not reachable yet
[Mote:9] Sensor IPv6 = fe80::209:9:9:9
[Mote:1] {"node":"fd00::206:6:6:6", "cpu_energy_mj":19, "lpm_energy_mj":0, "radio_tx_energy_mj":2, "radio_rx_energy_mj":6, "node_time":1824996, "total_sent":105, "total_received":173, "bytes_tx":60, "bytes_rx":12, "r2n_latency":3236, "lqi":100, "rssi":-80, "server_sent":178, "server_received":226, "server_bytes_rx":60, "n2r_latency":4594, "hops":0, "rtt_latency":4768, "root_time_now":1829590}
[Mote:1] {"node":"fd00::20f:f:f:f", "cpu_energy_mj":18, "lpm_energy_mj":0, "radio_tx_energy_mj":0, "radio_rx_energy_mj":8, "node_time":1820890, "total_sent":4, "total_received":26, "bytes_tx":60, "bytes_rx":12, "r2n_latency":10784, "lqi":100, "rssi":-80, "server_sent":167, "server_received":6, "server_bytes_rx":60, "n2r_latency":8840, "hops":3, "rtt_latency":9837, "root_time_now":1829730}
[Mote:14] Not reachable yet
[Mote:17] Not reachable yet
[Mote:1] {"node":"fd00::207:7:7:7", "cpu_energy_mj":18, "lpm_energy_mj":0, "radio_tx_energy_mj":1, "radio_rx_energy_mj":8, "node_time":1822831, "total_sent":39, "total_received":163, "bytes_tx":60, "bytes_rx":12, "r2n_latency":4624, "lqi":100, "rssi":-88, "server_sent":174, "server_received":74, "server_bytes_rx":60, "n2r_latency":7039, "hops":1, "rtt_latency":3922, "root_time_now":1829870}
[Mote:1] {"node":"fd00::20a:a:a:a", "cpu_energy_mj":18, "lpm_energy_mj":0, "radio_tx_energy_mj":0, "radio_rx_energy_mj":8, "node_time":1823632, "total_sent":20, "total_received":147, "bytes_tx":60, "bytes_rx":12, "r2n_latency":9944, "lqi":100, "rssi":-55, "server_sent":169, "server_received":37, "server_bytes_rx":60, "n2r_latency":6308, "hops":2, "rtt_latency":5602, "root_time_now":1829940}
[Mote:1] {"node":"fd00::208:8:8:8", "cpu_energy_mj":18, "lpm_energy_mj":0, "radio_tx_energy_mj":0, "radio_rx_energy_mj":8, "node_time":1823718, "total_sent":19, "total_received":145, "bytes_tx":60, "bytes_rx":12, "r2n_latency":9174, "lqi":100, "rssi":-88, "server_sent":172, "server_received":42, "server_bytes_rx":60, "n2r_latency":6362, "hops":2, "rtt_latency":4832, "root_time_now":1830080}
[Mote:13] Not reachable yet
[Mote:12] Not reachable yet
[Mote:15] Sensor IPv6 = fe80::20f:f:f:f
[Mote:11] Not reachable yet
[Mote:2] Not reachable yet
[Mote:7] Sensor IPv6 = fe80::207:7:7:7
[Mote:10] Sensor IPv6 = fe80::20a:a:a:a
[Mote:8] Sensor IPv6 = fe80::208:8:8:8
[Mote:5] Not reachable yet
[Mote:18] Not reachable yet
[Mote:6] Sensor IPv6 = fe80::206:6:6:6
[Mote:16] Not reachable yet
[Mote:19] Not reachable yet
[Mote:1] {"node":"fd00::206:6:6:6", "cpu_energy_mj":19, "lpm_energy_mj":0, "radio_tx_energy_mj":1, "radio_rx_energy_mj":8, "node_time":1835925, "total_sent":106, "total_received":174, "bytes_tx":60, "bytes_rx":12, "r2n_latency":3317, "lqi":100, "rssi":-80, "server_sent":179, "server_received":228, "server_bytes_rx":60, "n2r_latency":525, "hops":0, "rtt_latency":2043, "root_time_now":1836450}
[Mote:4] Not reachable yet
[Mote:3] Not reachable yet
[Mote:9] Sensor IPv6 = fe80::209:9:9:9
[Mote:17] Not reachable yet
[Mote:14] Not reachable yet
[Mote:13] Not reachable yet
[Mote:12] Not reachable yet
[Mote:15] Sensor IPv6 = fe80::20f:f:f:f
[Mote:11] Not reachable yet
[Mote:2] Not reachable yet
[Mote:7] Sensor IPv6 = fe80::207:7:7:7
[Mote:10] Sensor IPv6 = fe80::20a:a:a:a
[Mote:8] Sensor IPv6 = fe80::208:8:8:8
[Mote:1] {"node":"fd00::209:9:9:9", "cpu_energy_mj":19, "lpm_energy_mj":0, "radio_tx_energy_mj":0, "radio_rx_energy_mj":9, "node_time":1829096, "total_sent":6, "total_received":3, "bytes_tx":60, "bytes_rx":12, "r2n_latency":12254, "lqi":100, "rssi":-78, "server_sent":6, "server_received":9, "server_bytes_rx":60, "n2r_latency":16524, "hops":3, "rtt_latency":9907, "root_time_now":1845620}
[Mote:5] Not reachable yet
[Mote:1] {"node":"fd00::20f:f:f:f", "cpu_energy_mj":18, "lpm_energy_mj":0, "radio_tx_energy_mj":0, "radio_rx_energy_mj":8, "node_time":1831415, "total_sent":5, "total_received":27, "bytes_tx":60, "bytes_rx":12, "r2n_latency":11076, "lqi":100, "rssi":-53, "server_sent":169, "server_received":8, "server_bytes_rx":60, "n2r_latency":14485, "hops":3, "rtt_latency":12923, "root_time_now":1845900}
[Mote:16] Not reachable yet
[Mote:18] Not reachable yet
[Mote:1] {"node":"fd00::207:7:7:7", "cpu_energy_mj":18, "lpm_energy_mj":0, "radio_tx_energy_mj":1, "radio_rx_energy_mj":8, "node_time":1833304, "total_sent":40, "total_received":164, "bytes_tx":60, "bytes_rx":12, "r2n_latency":5056, "lqi":100, "rssi":-88, "server_sent":176, "server_received":75, "server_bytes_rx":60, "n2r_latency":13016, "hops":1, "rtt_latency":3922, "root_time_now":1846320}
[Mote:6] Sensor IPv6 = fe80::206:6:6:6
[Mote:19] Not reachable yet
[Mote:1] {"node":"fd00::20a:a:a:a", "cpu_energy_mj":18, "lpm_energy_mj":0, "radio_tx_energy_mj":0, "radio_rx_energy_mj":9, "node_time":1833821, "total_sent":21, "total_received":148, "bytes_tx":60, "bytes_rx":12, "r2n_latency":8906, "lqi":100, "rssi":-55, "server_sent":171, "server_received":39, "server_bytes_rx":60, "n2r_latency":13409, "hops":12, "rtt_latency":10298, "root_time_now":1847230}
[Mote:4] Not reachable yet
[Mote:1] {"node":"fd00::208:8:8:8", "cpu_energy_mj":18, "lpm_energy_mj":0, "radio_tx_energy_mj":0, "radio_rx_energy_mj":8, "node_time":1834199, "total_sent":20, "total_received":146, "bytes_tx":60, "bytes_rx":12, "r2n_latency":6176, "lqi":100, "rssi":-88, "server_sent":173, "server_received":45, "server_bytes_rx":60, "n2r_latency":13241, "hops":6, "rtt_latency":8658, "root_time_now":1847440}
[Mote:1] {"node":"fd00::20f:f:f:f", "cpu_energy_mj":18, "lpm_energy_mj":0, "radio_tx_energy_mj":0, "radio_rx_energy_mj":10, "node_time":1841940, "total_sent":6, "total_received":27, "bytes_tx":60, "bytes_rx":12, "r2n_latency":11076, "lqi":100, "rssi":-53, "server_sent":169, "server_received":9, "server_bytes_rx":60, "n2r_latency":5920, "hops":3, "rtt_latency":12923, "root_time_now":1847860}
[Mote:3] Not reachable yet
[Mote:1] {"node":"fd00::206:6:6:6", "cpu_energy_mj":19, "lpm_energy_mj":0, "radio_tx_energy_mj":2, "radio_rx_energy_mj":8, "node_time":1846852, "total_sent":107, "total_received":174, "bytes_tx":60, "bytes_rx":12, "r2n_latency":3317, "lqi":100, "rssi":-80, "server_sent":180, "server_received":229, "server_bytes_rx":60, "n2r_latency":1218, "hops":0, "rtt_latency":2043, "root_time_now":1848070}
[Mote:1] {"node":"fd00::207:7:7:7", "cpu_energy_mj":18, "lpm_energy_mj":0, "radio_tx_energy_mj":2, "radio_rx_energy_mj":7, "node_time":1843780, "total_sent":41, "total_received":165, "bytes_tx":60, "bytes_rx":12, "r2n_latency":5695, "lqi":100, "rssi":-88, "server_sent":176, "server_received":77, "server_bytes_rx":60, "n2r_latency":4360, "hops":1, "rtt_latency":8903, "root_time_now":1848140}
[Mote:1] {"node":"fd00::20a:a:a:a", "cpu_energy_mj":18, "lpm_energy_mj":0, "radio_tx_energy_mj":0, "radio_rx_energy_mj":9, "node_time":1844006, "total_sent":22, "total_received":149, "bytes_tx":60, "bytes_rx":12, "r2n_latency":12417, "lqi":100, "rssi":-55, "server_sent":171, "server_received":41, "server_bytes_rx":60, "n2r_latency":4204, "hops":2, "rtt_latency":8973, "root_time_now":1848210}
[Mote:1] {"node":"fd00::209:9:9:9", "cpu_energy_mj":19, "lpm_energy_mj":0, "radio_tx_energy_mj":0, "radio_rx_energy_mj":8, "node_time":1839663, "total_sent":7, "total_received":4, "bytes_tx":60, "bytes_rx":12, "r2n_latency":13106, "lqi":100, "rssi":-78, "server_sent":6, "server_received":11, "server_bytes_rx":60, "n2r_latency":8687, "hops":3, "rtt_latency":13098, "root_time_now":1848350}
[Mote:1] {"node":"fd00::208:8:8:8", "cpu_energy_mj":18, "lpm_energy_mj":0, "radio_tx_energy_mj":1, "radio_rx_energy_mj":8, "node_time":1844683, "total_sent":21, "total_received":147, "bytes_tx":60, "bytes_rx":12, "r2n_latency":9407, "lqi":100, "rssi":-88, "server_sent":173, "server_received":46, "server_bytes_rx":60, "n2r_latency":4017, "hops":2, "rtt_latency":8658, "root_time_now":1848700}
[Mote:17] Not reachable yet
[Mote:9] Sensor IPv6 = fe80::209:9:9:9
[Mote:13] Not reachable yet
[Mote:14] Not reachable yet
[Mote:11] Not reachable yet
[Mote:15] Sensor IPv6 = fe80::20f:f:f:f
[Mote:12] Not reachable yet
[Mote:2] Not reachable yet
[Mote:10] Sensor IPv6 = fe80::20a:a:a:a
[Mote:7] Sensor IPv6 = fe80::207:7:7:7
[Mote:8] Sensor IPv6 = fe80::208:8:8:8
[Mote:16] Not reachable yet
[Mote:5] Not reachable yet
[Mote:18] Not reachable yet
[Mote:6] Sensor IPv6 = fe80::206:6:6:6
[Mote:4] Not reachable yet
[Mote:19] Not reachable yet
[Mote:3] Not reachable yet
[Mote:1] {"node":"fd00::206:6:6:6", "cpu_energy_mj":19, "lpm_energy_mj":0, "radio_tx_energy_mj":2, "radio_rx_energy_mj":7, "node_time":1857782, "total_sent":108, "total_received":176, "bytes_tx":60, "bytes_rx":12, "r2n_latency":5085, "lqi":100, "rssi":-80, "server_sent":181, "server_received":232, "server_bytes_rx":60, "n2r_latency":648, "hops":0, "rtt_latency":2682, "root_time_now":1858430}
[Mote:17] Not reachable yet
[Mote:9] Sensor IPv6 = fe80::209:9:9:9
[Mote:13] Not reachable yet
[Mote:14] Not reachable yet
[Mote:11] Not reachable yet
[Mote:1] {"node":"fd00::207:7:7:7", "cpu_energy_mj":18, "lpm_energy_mj":0, "radio_tx_energy_mj":2, "radio_rx_energy_mj":7, "node_time":1854257, "total_sent":42, "total_received":166, "bytes_tx":60, "bytes_rx":12, "r2n_latency":11446, "lqi":100, "rssi":-88, "server_sent":178, "server_received":79, "server_bytes_rx":60, "n2r_latency":8233, "hops":1, "rtt_latency":9923, "root_time_now":1862490}
[Mote:1] {"node":"fd00::20a:a:a:a", "cpu_energy_mj":18, "lpm_energy_mj":0, "radio_tx_energy_mj":0, "radio_rx_energy_mj":9, "node_time":1854193, "total_sent":23, "total_received":150, "bytes_tx":60, "bytes_rx":12, "r2n_latency":12426, "lqi":100, "rssi":-55, "server_sent":173, "server_received":43, "server_bytes_rx":60, "n2r_latency":8367, "hops":2, "rtt_latency":11008, "root_time_now":1862560}
[Mote:15] Sensor IPv6 = fe80::20f:f:f:f
[Mote:12] Not reachable yet
[Mote:2] Not reachable yet
[Mote:10] Sensor IPv6 = fe80::20a:a:a:a
[Mote:7] Sensor IPv6 = fe80::207:7:7:7
[Mote:8] Sensor IPv6 = fe80::208:8:8:8
[Mote:16] Not reachable yet
[Mote:18] Not reachable yet
[Mote:5] Not reachable yet
[Mote:1] {"node":"fd00::208:8:8:8", "cpu_energy_mj":18, "lpm_energy_mj":0, "radio_tx_energy_mj":1, "radio_rx_energy_mj":8, "node_time":1855167, "total_sent":22, "total_received":148, "bytes_tx":60, "bytes_rx":12, "r2n_latency":12006, "lqi":100, "rssi":-88, "server_sent":175, "server_received":48, "server_bytes_rx":60, "n2r_latency":12783, "hops":2, "rtt_latency":13563, "root_time_now":1867950}
[Mote:4] Not reachable yet
[Mote:3] Not reachable yet
[Mote:6] Sensor IPv6 = fe80::206:6:6:6
[Mote:19] Not reachable yet
[Mote:1] {"node":"fd00::206:6:6:6", "cpu_energy_mj":19, "lpm_energy_mj":0, "radio_tx_energy_mj":2, "radio_rx_energy_mj":7, "node_time":1868712, "total_sent":109, "total_received":177, "bytes_tx":60, "bytes_rx":12, "r2n_latency":5794, "lqi":100, "rssi":-80, "server_sent":182, "server_received":234, "server_bytes_rx":60, "n2r_latency":1268, "hops":0, "rtt_latency":3597, "root_time_now":1869980}
[Mote:17] Not reachable yet
[Mote:9] Sensor IPv6 = fe80::209:9:9:9
[Mote:13] Not reachable yet
[Mote:11] Not reachable yet
[Mote:14] Not reachable yet
[Mote:15] Sensor IPv6 = fe80::20f:f:f:f
[Mote:12] Not reachable yet
[Mote:2] Not reachable yet
[Mote:10] Sensor IPv6 = fe80::20a:a:a:a
[Mote:1] {"node":"fd00::209:9:9:9", "cpu_energy_mj":19, "lpm_energy_mj":0, "radio_tx_energy_mj":0, "radio_rx_energy_mj":9, "node_time":1860809, "total_sent":9, "total_received":6, "bytes_tx":60, "bytes_rx":12, "r2n_latency":13756, "lqi":100, "rssi":-78, "server_sent":9, "server_received":14, "server_bytes_rx":60, "n2r_latency":14281, "hops":3, "rtt_latency":13808, "root_time_now":1875090}
[Mote:7] Sensor IPv6 = fe80::207:7:7:7
[Mote:8] Sensor IPv6 = fe80::208:8:8:8
[Mote:1] {"node":"fd00::207:7:7:7", "cpu_energy_mj":18, "lpm_energy_mj":0, "radio_tx_energy_mj":2, "radio_rx_energy_mj":7, "node_time":1864733, "total_sent":43, "total_received":167, "bytes_tx":60, "bytes_rx":12, "r2n_latency":5645, "lqi":100, "rssi":-88, "server_sent":179, "server_received":81, "server_bytes_rx":60, "n2r_latency":11477, "hops":1, "rtt_latency":6952, "root_time_now":1876210}
[Mote:16] Not reachable yet
[Mote:1] {"node":"fd00::20a:a:a:a", "cpu_energy_mj":18, "lpm_energy_mj":0, "radio_tx_energy_mj":0, "radio_rx_energy_mj":9, "node_time":1864382, "total_sent":24, "total_received":151, "bytes_tx":60, "bytes_rx":12, "r2n_latency":7045, "lqi":100, "rssi":-55, "server_sent":174, "server_received":45, "server_bytes_rx":60, "n2r_latency":11968, "hops":2, "rtt_latency":7757, "root_time_now":1876350}
[Mote:1] {"node":"fd00::208:8:8:8", "cpu_energy_mj":18, "lpm_energy_mj":0, "radio_tx_energy_mj":1, "radio_rx_energy_mj":8, "node_time":1865650, "total_sent":23, "total_received":149, "bytes_tx":60, "bytes_rx":12, "r2n_latency":6555, "lqi":100, "rssi":-88, "server_sent":176, "server_received":50, "server_bytes_rx":60, "n2r_latency":11050, "hops":2, "rtt_latency":9017, "root_time_now":1876700}
[Mote:1] {"node":"fd00::20f:f:f:f", "cpu_energy_mj":18, "lpm_energy_mj":0, "radio_tx_energy_mj":0, "radio_rx_energy_mj":8, "node_time":1862990, "total_sent":8, "total_received":28, "bytes_tx":60, "bytes_rx":12, "r2n_latency":13327, "lqi":100, "rssi":-65, "server_sent":172, "server_received":11, "server_bytes_rx":60, "n2r_latency":14620, "hops":3, "rtt_latency":9008, "root_time_now":1877610}
[Mote:18] Not reachable yet
[Mote:5] Not reachable yet
[Mote:3] Not reachable yet
[Mote:1] {"node":"fd00::209:9:9:9", "cpu_energy_mj":19, "lpm_energy_mj":0, "radio_tx_energy_mj":0, "radio_rx_energy_mj":9, "node_time":1871381, "total_sent":10, "total_received":7, "bytes_tx":60, "bytes_rx":12, "r2n_latency":12925, "lqi":100, "rssi":-78, "server_sent":9, "server_received":16, "server_bytes_rx":60, "n2r_latency":7489, "hops":3, "rtt_latency":12727, "root_time_now":1878870}
[Mote:4] Not reachable yet
[Mote:1] {"node":"fd00::207:7:7:7", "cpu_energy_mj":18, "lpm_energy_mj":0, "radio_tx_energy_mj":2, "radio_rx_energy_mj":7, "node_time":1875207, "total_sent":44, "total_received":169, "bytes_tx":60, "bytes_rx":12, "r2n_latency":3916, "lqi":100, "rssi":-88, "server_sent":179, "server_received":84, "server_bytes_rx":60, "n2r_latency":4223, "hops":1, "rtt_latency":4618, "root_time_now":1879430}
[Mote:6] Sensor IPv6 = fe80::206:6:6:6
[Mote:1] {"node":"fd00::206:6:6:6", "cpu_energy_mj":19, "lpm_energy_mj":0, "radio_tx_energy_mj":2, "radio_rx_energy_mj":7, "node_time":1879639, "total_sent":110, "total_received":178, "bytes_tx":60, "bytes_rx":12, "r2n_latency":3636, "lqi":100, "rssi":-80, "server_sent":183, "server_received":236, "server_bytes_rx":60, "n2r_latency":71, "hops":0, "rtt_latency":1993, "root_time_now":1879710}
[Mote:1] {"node":"fd00::20a:a:a:a", "cpu_energy_mj":18, "lpm_energy_mj":0, "radio_tx_energy_mj":0, "radio_rx_energy_mj":9, "node_time":1874569, "total_sent":25, "total_received":152, "bytes_tx":60, "bytes_rx":12, "r2n_latency":10974, "lqi":100, "rssi":-55, "server_sent":174, "server_received":47, "server_bytes_rx":60, "n2r_latency":5211, "hops":2, "rtt_latency":9267, "root_time_now":1879780}
[Mote:19] Not reachable yet
[Mote:17] Not reachable yet
[Mote:13] Not reachable yet
[Mote:9] Sensor IPv6 = fe80::209:9:9:9
[Mote:11] Not reachable yet
[Mote:14] Not reachable yet
[Mote:15] Sensor IPv6 = fe80::20f:f:f:f
[Mote:1] {"node":"fd00::208:8:8:8", "cpu_energy_mj":18, "lpm_energy_mj":0, "radio_tx_energy_mj":0, "radio_rx_energy_mj":9, "node_time":1876132, "total_sent":24, "total_received":151, "bytes_tx":60, "bytes_rx":12, "r2n_latency":5876, "lqi":100, "rssi":-88, "server_sent":177, "server_received":53, "server_bytes_rx":60, "n2r_latency":8338, "hops":2, "rtt_latency":7068, "root_time_now":1884470}
[Mote:1] {"node":"fd00::209:9:9:9", "cpu_energy_mj":19, "lpm_energy_mj":0, "radio_tx_energy_mj":0, "radio_rx_energy_mj":9, "node_time":1881951, "total_sent":11, "total_received":8, "bytes_tx":60, "bytes_rx":12, "r2n_latency":12654, "lqi":100, "rssi":-78, "server_sent":10, "server_received":18, "server_bytes_rx":60, "n2r_latency":2729, "hops":3, "rtt_latency":9547, "root_time_now":1884680}
[Mote:10] Sensor IPv6 = fe80::20a:a:a:a
[Mote:2] Not reachable yet
[Mote:12] Not reachable yet
[Mote:7] Sensor IPv6 = fe80::207:7:7:7
[Mote:16] Not reachable yet
[Mote:8] Sensor IPv6 = fe80::208:8:8:8
[Mote:1] {"node":"fd00::20a:a:a:a", "cpu_energy_mj":18, "lpm_energy_mj":0, "radio_tx_energy_mj":0, "radio_rx_energy_mj":9, "node_time":1884754, "total_sent":26, "total_received":153, "bytes_tx":60, "bytes_rx":12, "r2n_latency":10426, "lqi":100, "rssi":-55, "server_sent":175, "server_received":49, "server_bytes_rx":60, "n2r_latency":2796, "hops":2, "rtt_latency":6998, "root_time_now":1887550}
[Mote:1] {"node":"fd00::20f:f:f:f", "cpu_energy_mj":18, "lpm_energy_mj":0, "radio_tx_energy_mj":0, "radio_rx_energy_mj":8, "node_time":1884040, "total_sent":10, "total_received":29, "bytes_tx":60, "bytes_rx":12, "r2n_latency":12165, "lqi":100, "rssi":-93, "server_sent":173, "server_received":12, "server_bytes_rx":60, "n2r_latency":3580, "hops":4, "rtt_latency":9008, "root_time_now":1887620}
[Mote:1] {"node":"fd00::207:7:7:7", "cpu_energy_mj":18, "lpm_energy_mj":0, "radio_tx_energy_mj":3, "radio_rx_energy_mj":6, "node_time":1885683, "total_sent":45, "total_received":169, "bytes_tx":60, "bytes_rx":12, "r2n_latency":3916, "lqi":100, "rssi":-88, "server_sent":180, "server_received":85, "server_bytes_rx":60, "n2r_latency":2007, "hops":1, "rtt_latency":4618, "root_time_now":1887690}
[Mote:18] Not reachable yet
[Mote:1] {"node":"fd00::208:8:8:8", "cpu_energy_mj":18, "lpm_energy_mj":0, "radio_tx_energy_mj":0, "radio_rx_energy_mj":9, "node_time":1886618, "total_sent":25, "total_received":151, "bytes_tx":60, "bytes_rx":12, "r2n_latency":5876, "lqi":100, "rssi":-88, "server_sent":177, "server_received":54, "server_bytes_rx":60, "n2r_latency":1982, "hops":2, "rtt_latency":7068, "root_time_now":1888600}
[Mote:5] Not reachable yet
[Mote:3] Not reachable yet
[Mote:4] Not reachable yet
[Mote:6] Sensor IPv6 = fe80::206:6:6:6
[Mote:19] Not reachable yet
[Mote:17] Not reachable yet
[Mote:13] Not reachable yet
[Mote:9] Sensor IPv6 = fe80::209:9:9:9
[Mote:11] Not reachable yet
[Mote:14] Not reachable yet
[Mote:15] Sensor IPv6 = fe80::20f:f:f:f
[Mote:10] Sensor IPv6 = fe80::20a:a:a:a
[Mote:2] Not reachable yet
[Mote:12] Not reachable yet
[Mote:7] Sensor IPv6 = fe80::207:7:7:7
[Mote:16] Not reachable yet
[Mote:8] Sensor IPv6 = fe80::208:8:8:8
[Mote:1] {"node":"fd00::206:6:6:6", "cpu_energy_mj":19, "lpm_energy_mj":0, "radio_tx_energy_mj":1, "radio_rx_energy_mj":8, "node_time":1890570, "total_sent":111, "total_received":178, "bytes_tx":60, "bytes_rx":12, "r2n_latency":3636, "lqi":100, "rssi":-80, "server_sent":185, "server_received":237, "server_bytes_rx":60, "n2r_latency":6920, "hops":0, "rtt_latency":1993, "root_time_now":1897490}
[Mote:1] {"node":"fd00::209:9:9:9", "cpu_energy_mj":19, "lpm_energy_mj":0, "radio_tx_energy_mj":0, "radio_rx_energy_mj":9, "node_time":1892522, "total_sent":12, "total_received":9, "bytes_tx":60, "bytes_rx":12, "r2n_latency":21066, "lqi":100, "rssi":-78, "server_sent":11, "server_received":20, "server_bytes_rx":60, "n2r_latency":5598, "hops":3, "rtt_latency":13998, "root_time_now":1898120}
[Mote:1] {"node":"fd00::20f:f:f:f", "cpu_energy_mj":18, "lpm_energy_mj":0, "radio_tx_energy_mj":1, "radio_rx_energy_mj":8, "node_time":1894564, "total_sent":11, "total_received":30, "bytes_tx":60, "bytes_rx":12, "r2n_latency":19876, "lqi":100, "rssi":-93, "server_sent":174, "server_received":14, "server_bytes_rx":60, "n2r_latency":3696, "hops":4, "rtt_latency":13963, "root_time_now":1898260}
[Mote:1] {"node":"fd00::20a:a:a:a", "cpu_energy_mj":18, "lpm_energy_mj":0, "radio_tx_energy_mj":0, "radio_rx_energy_mj":9, "node_time":1894943, "total_sent":27, "total_received":153, "bytes_tx":60, "bytes_rx":12, "r2n_latency":10426, "lqi":100, "rssi":-55, "server_sent":176, "server_received":50, "server_bytes_rx":60, "n2r_latency":3387, "hops":2, "rtt_latency":6998, "root_time_now":1898330}
[Mote:1] {"node":"fd00::207:7:7:7", "cpu_energy_mj":18, "lpm_energy_mj":0, "radio_tx_energy_mj":2, "radio_rx_energy_mj":7, "node_time":1896159, "total_sent":46, "total_received":170, "bytes_tx":60, "bytes_rx":12, "r2n_latency":14284, "lqi":100, "rssi":-88, "server_sent":181, "server_received":87, "server_bytes_rx":60, "n2r_latency":2241, "hops":1, "rtt_latency":9102, "root_time_now":1898400}
[Mote:1] {"node":"fd00::208:8:8:8", "cpu_energy_mj":18, "lpm_energy_mj":0, "radio_tx_energy_mj":1, "radio_rx_energy_mj":8, "node_time":1897097, "total_sent":26, "total_received":151, "bytes_tx":60, "bytes_rx":12, "r2n_latency":5876, "lqi":100, "rssi":-88, "server_sent":178, "server_received":55, "server_bytes_rx":60, "n2r_latency":1373, "hops":2, "rtt_latency":7068, "root_time_now":1898470}
[Mote:18] Not reachable yet
[Mote:3] Not reachable yet
[Mote:5] Not reachable yet
[Mote:4] Not reachable yet
[Mote:17] Not reachable yet
[Mote:6] Sensor IPv6 = fe80::206:6:6:6
[Mote:13] Not reachable yet
[Mote:19] Not reachable yet
[Mote:11] Not reachable yet
[Mote:9] Sensor IPv6 = fe80::209:9:9:9
[Mote:1] {"node":"fd00::206:6:6:6", "cpu_energy_mj":19, "lpm_energy_mj":0, "radio_tx_energy_mj":1, "radio_rx_energy_mj":8, "node_time":1901498, "total_sent":112, "total_received":179, "bytes_tx":60, "bytes_rx":12, "r2n_latency":11134, "lqi":100, "rssi":-80, "server_sent":186, "server_received":239, "server_bytes_rx":60, "n2r_latency":2572, "hops":0, "rtt_latency":8857, "root_time_now":1904070}
[Mote:15] Not reachable yet
[Mote:14] Not reachable yet
[Mote:10] Sensor IPv6 = fe80::20a:a:a:a
[Mote:2] Sensor IPv6 = fe80::202:2:2:2
[Mote:1] {"node":"fd00::202:2:2:2", "cpu_energy_mj":284, "lpm_energy_mj":0, "radio_tx_energy_mj":4, "radio_rx_energy_mj":242, "node_time":1905950, "total_sent":117, "total_received":182, "bytes_tx":60, "bytes_rx":12, "r2n_latency":375, "lqi":100, "rssi":-84, "server_sent":188, "server_received":227, "server_bytes_rx":60, "n2r_latency":80, "hops":0, "rtt_latency":1552, "root_time_now":1906030}
[Mote:16] Not reachable yet
[Mote:7] Sensor IPv6 = fe80::207:7:7:7
[Mote:12] Not reachable yet
[Mote:8] Sensor IPv6 = fe80::208:8:8:8
[Mote:18] Not reachable yet
[Mote:3] Not reachable yet
[Mote:5] Not reachable yet
[Mote:4] Not reachable yet
[Mote:1] {"node":"fd00::209:9:9:9", "cpu_energy_mj":19, "lpm_energy_mj":0, "radio_tx_energy_mj":0, "radio_rx_energy_mj":8, "node_time":1903091, "total_sent":13, "total_received":9, "bytes_tx":60, "bytes_rx":12, "r2n_latency":21066, "lqi":100, "rssi":-78, "server_sent":13, "server_received":21, "server_bytes_rx":60, "n2r_latency":8119, "hops":3, "rtt_latency":13998, "root_time_now":1911210}
[Mote:17] Not reachable yet
[Mote:13] Not reachable yet
[Mote:6] Sensor IPv6 = fe80::206:6:6:6
[Mote:19] Not reachable yet
[Mote:1] {"node":"fd00::206:6:6:6", "cpu_energy_mj":19, "lpm_energy_mj":0, "radio_tx_energy_mj":1, "radio_rx_energy_mj":8, "node_time":1912428, "total_sent":113, "total_received":180, "bytes_tx":60, "bytes_rx":12, "r2n_latency":18566, "lqi":100, "rssi":-80, "server_sent":187, "server_received":241, "server_bytes_rx":60, "n2r_latency":392, "hops":0, "rtt_latency":9318, "root_time_now":1912820}
[Mote:11] Not reachable yet
[Mote:9] Sensor IPv6 = fe80::209:9:9:9
[Mote:10] Sensor IPv6 = fe80::20a:a:a:a
[Mote:15] Not reachable yet
[Mote:14] Not reachable yet
[Mote:1] {"node":"fd00::20a:a:a:a", "cpu_energy_mj":18, "lpm_energy_mj":0, "radio_tx_energy_mj":0, "radio_rx_energy_mj":9, "node_time":1905128, "total_sent":28, "total_received":154, "bytes_tx":60, "bytes_rx":12, "r2n_latency":19954, "lqi":100, "rssi":-55, "server_sent":178, "server_received":52, "server_bytes_rx":60, "n2r_latency":10912, "hops":2, "rtt_latency":12497, "root_time_now":1916040}
[Mote:16] Not reachable yet
[Mote:2] Sensor IPv6 = fe80::202:2:2:2
[Mote:1] {"node":"fd00::207:7:7:7", "cpu_energy_mj":18, "lpm_energy_mj":0, "radio_tx_energy_mj":1, "radio_rx_energy_mj":8, "node_time":1906636, "total_sent":47, "total_received":170, "bytes_tx":60, "bytes_rx":12, "r2n_latency":14284, "lqi":100, "rssi":-88, "server_sent":183, "server_received":88, "server_bytes_rx":60, "n2r_latency":10034, "hops":1, "rtt_latency":9102, "root_time_now":1916670}
[Mote:1] {"node":"fd00::202:2:2:2", "cpu_energy_mj":18, "lpm_energy_mj":0, "radio_tx_energy_mj":0, "radio_rx_energy_mj":8, "node_time":1916483, "total_sent":118, "total_received":184, "bytes_tx":60, "bytes_rx":12, "r2n_latency":384, "lqi":100, "rssi":-84, "server_sent":189, "server_received":230, "server_bytes_rx":60, "n2r_latency":327, "hops":0, "rtt_latency":1522, "root_time_now":1916810}
[Mote:7] Sensor IPv6 = fe80::207:7:7:7
[Mote:12] Not reachable yet
[Mote:8] Sensor IPv6 = fe80::208:8:8:8
[Mote:3] Not reachable yet
[Mote:18] Not reachable yet
[Mote:4] Not reachable yet
[Mote:5] Not reachable yet
[Mote:17] Not reachable yet
[Mote:13] Not reachable yet
[Mote:1] {"node":"fd00::208:8:8:8", "cpu_energy_mj":18, "lpm_energy_mj":0, "radio_tx_energy_mj":1, "radio_rx_energy_mj":8, "node_time":1907582, "total_sent":27, "total_received":152, "bytes_tx":60, "bytes_rx":12, "r2n_latency":19464, "lqi":100, "rssi":-88, "server_sent":181, "server_received":57, "server_bytes_rx":60, "n2r_latency":15248, "hops":2, "rtt_latency":12952, "root_time_now":1922830}
[Mote:11] Not reachable yet
[Mote:6] Sensor IPv6 = fe80::206:6:6:6
[Mote:1] {"node":"fd00::206:6:6:6", "cpu_energy_mj":19, "lpm_energy_mj":0, "radio_tx_energy_mj":1, "radio_rx_energy_mj":8, "node_time":1923356, "total_sent":114, "total_received":181, "bytes_tx":60, "bytes_rx":12, "r2n_latency":17945, "lqi":100, "rssi":-80, "server_sent":188, "server_received":243, "server_bytes_rx":60, "n2r_latency":104, "hops":0, "rtt_latency":9007, "root_time_now":1923460}
[Mote:19] Not reachable yet
[Mote:9] Sensor IPv6 = fe80::209:9:9:9
[Mote:10] Sensor IPv6 = fe80::20a:a:a:a
[Mote:15] Not reachable yet
[Mote:16] Not reachable yet
[Mote:14] Not reachable yet
[Mote:2] Sensor IPv6 = fe80::202:2:2:2
[Mote:1] {"node":"fd00::202:2:2:2", "cpu_energy_mj":18, "lpm_energy_mj":0, "radio_tx_energy_mj":0, "radio_rx_energy_mj":8, "node_time":1927012, "total_sent":119, "total_received":185, "bytes_tx":60, "bytes_rx":12, "r2n_latency":534, "lqi":100, "rssi":-84, "server_sent":190, "server_received":232, "server_bytes_rx":60, "n2r_latency":508, "hops":0, "rtt_latency":2612, "root_time_now":1927520}
[Mote:7] Sensor IPv6 = fe80::207:7:7:7
[Mote:12] Not reachable yet
[Mote:8] Sensor IPv6 = fe80::208:8:8:8
[Mote:3] Not reachable yet
[Mote:18] Not reachable yet
[Mote:4] Not reachable yet
[Mote:17] Not reachable yet
[Mote:13] Not reachable yet
[Mote:5] Not reachable yet
[Mote:11] Not reachable yet
[Mote:6] Sensor IPv6 = fe80::206:6:6:6
[Mote:19] Not reachable yet
[Mote:1] {"node":"fd00::206:6:6:6", "cpu_energy_mj":19, "lpm_energy_mj":0, "radio_tx_energy_mj":2, "radio_rx_energy_mj":7, "node_time":1934286, "total_sent":115, "total_received":183, "bytes_tx":60, "bytes_rx":12, "r2n_latency":9284, "lqi":100, "rssi":-80, "server_sent":189, "server_received":246, "server_bytes_rx":60, "n2r_latency":304, "hops":0, "rtt_latency":4887, "root_time_now":1934590}
[Mote:1] {"node":"fd00::209:9:9:9", "cpu_energy_mj":19, "lpm_energy_mj":0, "radio_tx_energy_mj":0, "radio_rx_energy_mj":9, "node_time":1913662, "total_sent":14, "total_received":10, "bytes_tx":60, "bytes_rx":12, "r2n_latency":27234, "lqi":100, "rssi":-78, "server_sent":15, "server_received":23, "server_bytes_rx":60, "n2r_latency":21068, "hops":3, "rtt_latency":21387, "root_time_now":1934730}
[Mote:9] Sensor IPv6 = fe80::209:9:9:9
[Mote:10] Sensor IPv6 = fe80::20a:a:a:a
[Mote:16] Not reachable yet
[Mote:15] Not reachable yet
[Mote:14] Not reachable yet
[Mote:2] Not reachable yet
[Mote:7] Sensor IPv6 = fe80::207:7:7:7
[Mote:8] Sensor IPv6 = fe80::208:8:8:8
[Mote:12] Not reachable yet
[Mote:3] Not reachable yet
[Mote:18] Not reachable yet
[Mote:13] Not reachable yet
[Mote:17] Not reachable yet
[Mote:4] Not reachable yet
[Mote:5] Not reachable yet
[Mote:11] Not reachable yet
[Mote:6] Sensor IPv6 = fe80::206:6:6:6
[Mote:9] Sensor IPv6 = fe80::209:9:9:9
[Mote:19] Not reachable yet
[Mote:10] Sensor IPv6 = fe80::20a:a:a:a
[Mote:16] Not reachable yet
[Mote:15] Not reachable yet
[Mote:1] {"node":"fd00::207:7:7:7", "cpu_energy_mj":18, "lpm_energy_mj":0, "radio_tx_energy_mj":1, "radio_rx_energy_mj":7, "node_time":1917111, "total_sent":48, "total_received":171, "bytes_tx":60, "bytes_rx":12, "r2n_latency":22206, "lqi":100, "rssi":-88, "server_sent":186, "server_received":90, "server_bytes_rx":60, "n2r_latency":30149, "hops":1, "rtt_latency":17193, "root_time_now":1947260}
[Mote:2] Not reachable yet
[Mote:1] {"node":"fd00::208:8:8:8", "cpu_energy_mj":18, "lpm_energy_mj":0, "radio_tx_energy_mj":0, "radio_rx_energy_mj":9, "node_time":1918064, "total_sent":28, "total_received":153, "bytes_tx":60, "bytes_rx":12, "r2n_latency":23396, "lqi":100, "rssi":-88, "server_sent":183, "server_received":59, "server_bytes_rx":60, "n2r_latency":30036, "hops":2, "rtt_latency":18908, "root_time_now":1948100}
[Mote:14] Not reachable yet
[Mote:7] Sensor IPv6 = fe80::207:7:7:7
[Mote:8] Sensor IPv6 = fe80::208:8:8:8
[Mote:12] Not reachable yet
[Mote:3] Not reachable yet
[Mote:18] Not reachable yet
[Mote:13] Not reachable yet
[Mote:17] Not reachable yet
[Mote:4] Not reachable yet
[Mote:11] Not reachable yet
[Mote:5] Not reachable yet
[Mote:1] {"node":"fd00::209:9:9:9", "cpu_energy_mj":19, "lpm_energy_mj":0, "radio_tx_energy_mj":0, "radio_rx_energy_mj":8, "node_time":1924233, "total_sent":15, "total_received":12, "bytes_tx":60, "bytes_rx":12, "r2n_latency":23685, "lqi":100, "rssi":-78, "server_sent":17, "server_received":26, "server_bytes_rx":60, "n2r_latency":31427, "hops":3, "rtt_latency":25807, "root_time_now":1955660}
[Mote:1] {"node":"fd00::20a:a:a:a", "cpu_energy_mj":18, "lpm_energy_mj":0, "radio_tx_energy_mj":1, "radio_rx_energy_mj":8, "node_time":1925501, "total_sent":30, "total_received":156, "bytes_tx":60, "bytes_rx":12, "r2n_latency":19695, "lqi":100, "rssi":-55, "server_sent":182, "server_received":54, "server_bytes_rx":60, "n2r_latency":30369, "hops":2, "rtt_latency":25702, "root_time_now":1955870}
[Mote:9] Sensor IPv6 = fe80::209:9:9:9
[Mote:10] Sensor IPv6 = fe80::20a:a:a:a
[Mote:6] Sensor IPv6 = fe80::206:6:6:6
[Mote:1] {"node":"fd00::207:7:7:7", "cpu_energy_mj":18, "lpm_energy_mj":0, "radio_tx_energy_mj":1, "radio_rx_energy_mj":7, "node_time":1927589, "total_sent":49, "total_received":173, "bytes_tx":60, "bytes_rx":12, "r2n_latency":16484, "lqi":100, "rssi":-88, "server_sent":187, "server_received":93, "server_bytes_rx":60, "n2r_latency":28631, "hops":1, "rtt_latency":22872, "root_time_now":1956220}
[Mote:1] {"node":"fd00::208:8:8:8", "cpu_energy_mj":18, "lpm_energy_mj":0, "radio_tx_energy_mj":0, "radio_rx_energy_mj":8, "node_time":1928548, "total_sent":29, "total_received":154, "bytes_tx":60, "bytes_rx":12, "r2n_latency":19485, "lqi":100, "rssi":-88, "server_sent":184, "server_received":61, "server_bytes_rx":60, "n2r_latency":27812, "hops":2, "rtt_latency":24232, "root_time_now":1956360}
[Mote:19] Not reachable yet
[Mote:16] Not reachable yet
[Mote:1] {"node":"fd00::207:7:7:7", "cpu_energy_mj":18, "lpm_energy_mj":0, "radio_tx_energy_mj":2, "radio_rx_energy_mj":7, "node_time":1938064, "total_sent":50, "total_received":174, "bytes_tx":60, "bytes_rx":12, "r2n_latency":13903, "lqi":100, "rssi":-88, "server_sent":187, "server_received":94, "server_bytes_rx":60, "n2r_latency":18786, "hops":1, "rtt_latency":22872, "root_time_now":1956850}
[Mote:15] Not reachable yet
[Mote:1] {"node":"fd00::20a:a:a:a", "cpu_energy_mj":18, "lpm_energy_mj":0, "radio_tx_energy_mj":0, "radio_rx_energy_mj":8, "node_time":1935689, "total_sent":31, "total_received":157, "bytes_tx":60, "bytes_rx":12, "r2n_latency":20404, "lqi":100, "rssi":-55, "server_sent":182, "server_received":56, "server_bytes_rx":60, "n2r_latency":22631, "hops":2, "rtt_latency":23327, "root_time_now":1958320}
[Mote:2] Not reachable yet
[Mote:14] Not reachable yet
[Mote:7] Sensor IPv6 = fe80::207:7:7:7
[Mote:1] {"node":"fd00::206:6:6:6", "cpu_energy_mj":19, "lpm_energy_mj":0, "radio_tx_energy_mj":1, "radio_rx_energy_mj":9, "node_time":1945214, "total_sent":116, "total_received":183, "bytes_tx":60, "bytes_rx":12, "r2n_latency":9284, "lqi":100, "rssi":-80, "server_sent":191, "server_received":247, "server_bytes_rx":60, "n2r_latency":14296, "hops":0, "rtt_latency":4887, "root_time_now":1959510}
[Mote:1] {"node":"fd00::207:7:7:7", "cpu_energy_mj":18, "lpm_energy_mj":0, "radio_tx_energy_mj":2, "radio_rx_energy_mj":7, "node_time":1948540, "total_sent":51, "total_received":175, "bytes_tx":60, "bytes_rx":12, "r2n_latency":16224, "lqi":100, "rssi":-88, "server_sent":187, "server_received":97, "server_bytes_rx":60, "n2r_latency":11320, "hops":1, "rtt_latency":14867, "root_time_now":1959860}
[Mote:8] Sensor IPv6 = fe80::208:8:8:8
[Mote:3] Not reachable yet
[Mote:12] Not reachable yet
[Mote:18] Not reachable yet
[Mote:13] Not reachable yet
[Mote:17] Not reachable yet
[Mote:1] {"node":"fd00::209:9:9:9", "cpu_energy_mj":19, "lpm_energy_mj":0, "radio_tx_energy_mj":0, "radio_rx_energy_mj":8, "node_time":1934803, "total_sent":16, "total_received":13, "bytes_tx":60, "bytes_rx":12, "r2n_latency":22434, "lqi":100, "rssi":-78, "server_sent":18, "server_received":28, "server_bytes_rx":60, "n2r_latency":27927, "hops":3, "rtt_latency":23992, "root_time_now":1962730}
[Mote:1] {"node":"fd00::208:8:8:8", "cpu_energy_mj":18, "lpm_energy_mj":0, "radio_tx_energy_mj":0, "radio_rx_energy_mj":9, "node_time":1939030, "total_sent":30, "total_received":155, "bytes_tx":60, "bytes_rx":12, "r2n_latency":19564, "lqi":100, "rssi":-88, "server_sent":185, "server_received":63, "server_bytes_rx":60, "n2r_latency":23980, "hops":2, "rtt_latency":23257, "root_time_now":1963010}
[Mote:4] Not reachable yet
[Mote:11] Not reachable yet
[Mote:5] Not reachable yet
[Mote:10] Not reachable yet
[Mote:9] Sensor IPv6 = fe80::209:9:9:9
[Mote:16] Not reachable yet
[Mote:6] Not reachable yet
[Mote:19] Not reachable yet
[Mote:1] {"node":"fd00::206:6:6:6", "cpu_energy_mj":19, "lpm_energy_mj":0, "radio_tx_energy_mj":2, "radio_rx_energy_mj":7, "node_time":1956142, "total_sent":117, "total_received":185, "bytes_tx":60, "bytes_rx":12, "r2n_latency":13645, "lqi":100, "rssi":-80, "server_sent":192, "server_received":250, "server_bytes_rx":60, "n2r_latency":11558, "hops":0, "rtt_latency":11267, "root_time_now":1967700}
[Mote:1] {"node":"fd00::20a:a:a:a", "cpu_energy_mj":18, "lpm_energy_mj":0, "radio_tx_energy_mj":1, "radio_rx_energy_mj":8, "node_time":1945876, "total_sent":32, "total_received":158, "bytes_tx":60, "bytes_rx":12, "r2n_latency":23564, "lqi":100, "rssi":-55, "server_sent":183, "server_received":58, "server_bytes_rx":60, "n2r_latency":22104, "hops":3, "rtt_latency":21547, "root_time_now":1967980}
[Mote:15] Not reachable yet
[Mote:2] Not reachable yet
[Mote:7] Not reachable yet
[Mote:14] Not reachable yet
[Mote:8] Not reachable yet
[Mote:3] Not reachable yet
[Mote:12] Not reachable yet
[Mote:13] Not reachable yet
[Mote:18] Not reachable yet
[Mote:17] Not reachable yet
[Mote:11] Not reachable yet
[Mote:4] Not reachable yet
[Mote:5] Not reachable yet
[Mote:10] Not reachable yet
[Mote:16] Not reachable yet
[Mote:9] Sensor IPv6 = fe80::209:9:9:9
[Mote:6] Not reachable yet
[Mote:19] Not reachable yet
[Mote:15] Not reachable yet
[Mote:2] Not reachable yet
[Mote:7] Not reachable yet
[Mote:14] Not reachable yet
[Mote:8] Not reachable yet
[Mote:3] Not reachable yet
[Mote:13] Not reachable yet
[Mote:12] Not reachable yet
[Mote:17] Not reachable yet
[Mote:18] Not reachable yet
[Mote:11] Not reachable yet
[Mote:4] Not reachable yet
[Mote:5] Not reachable yet
[Mote:16] Not reachable yet
[Mote:10] Not reachable yet
[Mote:9] Sensor IPv6 = fe80::209:9:9:9
[Mote:6] Not reachable yet
[Mote:19] Not reachable yet
[Mote:15] Not reachable yet
[Mote:2] Not reachable yet
[Mote:7] Not reachable yet
[Mote:14] Not reachable yet
[Mote:8] Not reachable yet
[Mote:3] Not reachable yet
[Mote:13] Not reachable yet
[Mote:17] Not reachable yet
[Mote:12] Not reachable yet
[Mote:18] Not reachable yet
[Mote:11] Not reachable yet
[Mote:4] Not reachable yet
[Mote:16] Not reachable yet
[Mote:10] Not reachable yet
[Mote:5] Not reachable yet
[Mote:9] Sensor IPv6 = fe80::209:9:9:9
[Mote:15] Not reachable yet
[Mote:6] Not reachable yet
[Mote:19] Not reachable yet
[Mote:2] Not reachable yet
[Mote:7] Not reachable yet
[Mote:8] Not reachable yet
[Mote:14] Not reachable yet
[Mote:3] Not reachable yet
[Mote:13] Not reachable yet
[Mote:17] Not reachable yet
[Mote:11] Not reachable yet
[Mote:12] Not reachable yet
[Mote:18] Not reachable yet
[Mote:4] Not reachable yet
[Mote:16] Not reachable yet
[Mote:10] Not reachable yet
[Mote:5] Not reachable yet
[Mote:9] Sensor IPv6 = fe80::209:9:9:9
[Mote:15] Not reachable yet
[Mote:6] Not reachable yet
[Mote:19] Not reachable yet
[Mote:2] Not reachable yet
[Mote:7] Not reachable yet
[Mote:3] Not reachable yet
[Mote:8] Not reachable yet
[Mote:14] Not reachable yet
[Mote:13] Not reachable yet
[Mote:17] Not reachable yet
[Mote:11] Not reachable yet
[Mote:18] Not reachable yet
[Mote:12] Not reachable yet
[Mote:4] Not reachable yet
[Mote:16] Not reachable yet
[Mote:10] Not reachable yet
[Mote:5] Not reachable yet
[Mote:9] Sensor IPv6 = fe80::209:9:9:9
[Mote:15] Not reachable yet
[Mote:6] Not reachable yet
[Mote:2] Not reachable yet
[Mote:7] Not reachable yet
[Mote:19] Not reachable yet
[Mote:3] Not reachable yet
[Mote:8] Not reachable yet
[Mote:13] Not reachable yet
[Mote:14] Not reachable yet
[Mote:17] Not reachable yet
[Mote:11] Not reachable yet
[Mote:18] Not reachable yet
[Mote:12] Not reachable yet
[Mote:4] Not reachable yet
[Mote:16] Not reachable yet
[Mote:10] Not reachable yet
[Mote:5] Not reachable yet
[Mote:9] Not reachable yet
[Mote:15] Not reachable yet
[Mote:2] Not reachable yet
[Mote:7] Not reachable yet
[Mote:6] Sensor IPv6 = fe80::206:6:6:6
[Mote:3] Not reachable yet
[Mote:19] Not reachable yet
[Mote:13] Not reachable yet
[Mote:8] Not reachable yet
[Mote:17] Not reachable yet
[Mote:14] Not reachable yet
[Mote:11] Not reachable yet
[Mote:1] {"node":"fd00::206:6:6:6", "cpu_energy_mj":137, "lpm_energy_mj":0, "radio_tx_energy_mj":9, "radio_rx_energy_mj":57, "node_time":2032647, "total_sent":118, "total_received":194, "bytes_tx":60, "bytes_rx":12, "r2n_latency":504, "lqi":100, "rssi":-80, "server_sent":199, "server_received":254, "server_bytes_rx":60, "n2r_latency":2813, "hops":0, "rtt_latency":322, "root_time_now":2035460}
[Mote:18] Not reachable yet
[Mote:16] Not reachable yet
[Mote:12] Not reachable yet
[Mote:4] Not reachable yet
[Mote:10] Not reachable yet
[Mote:5] Not reachable yet
[Mote:9] Not reachable yet
[Mote:15] Not reachable yet
[Mote:7] Sensor IPv6 = fe80::207:7:7:7
[Mote:2] Not reachable yet
[Mote:3] Not reachable yet
[Mote:13] Not reachable yet
[Mote:6] Sensor IPv6 = fe80::206:6:6:6
[Mote:19] Not reachable yet
[Mote:8] Not reachable yet
[Mote:17] Not reachable yet
[Mote:11] Not reachable yet
[Mote:14] Not reachable yet
[Mote:18] Not reachable yet
[Mote:1] {"node":"fd00::207:7:7:7", "cpu_energy_mj":150, "lpm_energy_mj":0, "radio_tx_energy_mj":8, "radio_rx_energy_mj":66, "node_time":2042824, "total_sent":53, "total_received":186, "bytes_tx":60, "bytes_rx":12, "r2n_latency":1704, "lqi":100, "rssi":-88, "server_sent":196, "server_received":100, "server_bytes_rx":60, "n2r_latency":3906, "hops":1, "rtt_latency":3232, "root_time_now":2046730}
[Mote:16] Not reachable yet
[Mote:1] {"node":"fd00::206:6:6:6", "cpu_energy_mj":19, "lpm_energy_mj":0, "radio_tx_energy_mj":1, "radio_rx_energy_mj":8, "node_time":2043575, "total_sent":119, "total_received":195, "bytes_tx":60, "bytes_rx":12, "r2n_latency":1004, "lqi":100, "rssi":-80, "server_sent":200, "server_received":256, "server_bytes_rx":60, "n2r_latency":3505, "hops":0, "rtt_latency":2077, "root_time_now":2047080}
[Mote:12] Not reachable yet
[Mote:10] Not reachable yet
[Mote:4] Not reachable yet
[Mote:5] Not reachable yet
[Mote:9] Not reachable yet
[Mote:15] Not reachable yet
[Mote:3] Not reachable yet
[Mote:7] Sensor IPv6 = fe80::207:7:7:7
[Mote:2] Not reachable yet
[Mote:13] Not reachable yet
[Mote:8] Sensor IPv6 = fe80::208:8:8:8
[Mote:6] Sensor IPv6 = fe80::206:6:6:6
[Mote:17] Not reachable yet
[Mote:11] Not reachable yet
[Mote:19] Not reachable yet
[Mote:14] Not reachable yet
[Mote:1] {"node":"fd00::207:7:7:7", "cpu_energy_mj":18, "lpm_energy_mj":0, "radio_tx_energy_mj":1, "radio_rx_energy_mj":7, "node_time":2053301, "total_sent":54, "total_received":187, "bytes_tx":60, "bytes_rx":12, "r2n_latency":2905, "lqi":100, "rssi":-88, "server_sent":197, "server_received":102, "server_bytes_rx":60, "n2r_latency":3299, "hops":1, "rtt_latency":3272, "root_time_now":2056600}
[Mote:1] {"node":"fd00::206:6:6:6", "cpu_energy_mj":19, "lpm_energy_mj":0, "radio_tx_energy_mj":2, "radio_rx_energy_mj":7, "node_time":2054504, "total_sent":120, "total_received":196, "bytes_tx":60, "bytes_rx":12, "r2n_latency":2275, "lqi":100, "rssi":-80, "server_sent":201, "server_received":258, "server_bytes_rx":60, "n2r_latency":2166, "hops":0, "rtt_latency":3237, "root_time_now":2056670}
[Mote:16] Not reachable yet
[Mote:18] Not reachable yet
[Mote:10] Sensor IPv6 = fe80::20a:a:a:a
[Mote:4] Not reachable yet
[Mote:12] Not reachable yet
[Mote:5] Not reachable yet
[Mote:9] Sensor IPv6 = fe80::209:9:9:9
[Mote:1] {"node":"fd00::20a:a:a:a", "cpu_energy_mj":183, "lpm_energy_mj":0, "radio_tx_energy_mj":1, "radio_rx_energy_mj":88, "node_time":2057933, "total_sent":34, "total_received":171, "bytes_tx":60, "bytes_rx":12, "r2n_latency":4795, "lqi":100, "rssi":-55, "server_sent":193, "server_received":61, "server_bytes_rx":60, "n2r_latency":4267, "hops":2, "rtt_latency":3377, "root_time_now":2062200}
[Mote:1] {"node":"fd00::208:8:8:8", "cpu_energy_mj":169, "lpm_energy_mj":0, "radio_tx_energy_mj":7, "radio_rx_energy_mj":76, "node_time":2054343, "total_sent":33, "total_received":168, "bytes_tx":60, "bytes_rx":12, "r2n_latency":4305, "lqi":100, "rssi":-88, "server_sent":195, "server_received":66, "server_bytes_rx":60, "n2r_latency":8347, "hops":2, "rtt_latency":3692, "root_time_now":2062690}
[Mote:15] Not reachable yet
[Mote:13] Not reachable yet
[Mote:3] Not reachable yet
[Mote:7] Sensor IPv6 = fe80::207:7:7:7
[Mote:2] Not reachable yet
[Mote:1] {"node":"fd00::207:7:7:7", "cpu_energy_mj":18, "lpm_energy_mj":0, "radio_tx_energy_mj":2, "radio_rx_energy_mj":7, "node_time":2063777, "total_sent":55, "total_received":188, "bytes_tx":60, "bytes_rx":12, "r2n_latency":674, "lqi":100, "rssi":-88, "server_sent":198, "server_received":104, "server_bytes_rx":60, "n2r_latency":1013, "hops":1, "rtt_latency":1877, "root_time_now":2064790}
[Mote:8] Sensor IPv6 = fe80::208:8:8:8
[Mote:17] Not reachable yet
[Mote:11] Not reachable yet
[Mote:6] Sensor IPv6 = fe80::206:6:6:6
[Mote:19] Not reachable yet
[Mote:1] {"node":"fd00::206:6:6:6", "cpu_energy_mj":19, "lpm_energy_mj":0, "radio_tx_energy_mj":2, "radio_rx_energy_mj":7, "node_time":2065433, "total_sent":121, "total_received":197, "bytes_tx":60, "bytes_rx":12, "r2n_latency":534, "lqi":100, "rssi":-80, "server_sent":202, "server_received":260, "server_bytes_rx":60, "n2r_latency":337, "hops":0, "rtt_latency":1422, "root_time_now":2065770}
[Mote:1] {"node":"fd00::208:8:8:8", "cpu_energy_mj":18, "lpm_energy_mj":0, "radio_tx_energy_mj":1, "radio_rx_energy_mj":7, "node_time":2064827, "total_sent":34, "total_received":169, "bytes_tx":60, "bytes_rx":12, "r2n_latency":1654, "lqi":100, "rssi":-88, "server_sent":195, "server_received":68, "server_bytes_rx":60, "n2r_latency":1013, "hops":2, "rtt_latency":2752, "root_time_now":2065840}
[Mote:1] {"node":"fd00::209:9:9:9", "cpu_energy_mj":76, "lpm_energy_mj":0, "radio_tx_energy_mj":2, "radio_rx_energy_mj":34, "node_time":2061655, "total_sent":25, "total_received":27, "bytes_tx":60, "bytes_rx":12, "r2n_latency":6265, "lqi":100, "rssi":-78, "server_sent":28, "server_received":31, "server_bytes_rx":60, "n2r_latency":4745, "hops":3, "rtt_latency":6387, "root_time_now":2066400}
[Mote:14] Not reachable yet
[Mote:16] Not reachable yet
[Mote:18] Not reachable yet
[Mote:10] Sensor IPv6 = fe80::20a:a:a:a
[Mote:4] Not reachable yet
[Mote:1] {"node":"fd00::20a:a:a:a", "cpu_energy_mj":18, "lpm_energy_mj":0, "radio_tx_energy_mj":0, "radio_rx_energy_mj":9, "node_time":2068122, "total_sent":35, "total_received":172, "bytes_tx":60, "bytes_rx":12, "r2n_latency":2074, "lqi":100, "rssi":-55, "server_sent":193, "server_received":63, "server_bytes_rx":60, "n2r_latency":938, "hops":2, "rtt_latency":2157, "root_time_now":2069060}
[Mote:12] Not reachable yet
[Mote:9] Sensor IPv6 = fe80::209:9:9:9
[Mote:5] Not reachable yet
[Mote:15] Not reachable yet
[Mote:13] Not reachable yet
[Mote:3] Not reachable yet
[Mote:7] Sensor IPv6 = fe80::207:7:7:7
[Mote:2] Not reachable yet
[Mote:11] Not reachable yet
[Mote:17] Not reachable yet
[Mote:8] Sensor IPv6 = fe80::208:8:8:8
[Mote:6] Sensor IPv6 = fe80::206:6:6:6
[Mote:19] Not reachable yet
[Mote:16] Not reachable yet
[Mote:14] Not reachable yet
[Mote:1] {"node":"fd00::209:9:9:9", "cpu_energy_mj":19, "lpm_energy_mj":0, "radio_tx_energy_mj":0, "radio_rx_energy_mj":8, "node_time":2072226, "total_sent":26, "total_received":28, "bytes_tx":60, "bytes_rx":12, "r2n_latency":5644, "lqi":100, "rssi":-78, "server_sent":29, "server_received":33, "server_bytes_rx":60, "n2r_latency":5234, "hops":3, "rtt_latency":3732, "root_time_now":2077460}
[Mote:1] {"node":"fd00::207:7:7:7", "cpu_energy_mj":18, "lpm_energy_mj":0, "radio_tx_energy_mj":1, "radio_rx_energy_mj":7, "node_time":2074253, "total_sent":56, "total_received":189, "bytes_tx":60, "bytes_rx":12, "r2n_latency":1735, "lqi":100, "rssi":-88, "server_sent":199, "server_received":106, "server_bytes_rx":60, "n2r_latency":3347, "hops":1, "rtt_latency":2932, "root_time_now":2077600}
[Mote:1] {"node":"fd00::208:8:8:8", "cpu_energy_mj":18, "lpm_energy_mj":0, "radio_tx_energy_mj":1, "radio_rx_energy_mj":8, "node_time":2075309, "total_sent":35, "total_received":170, "bytes_tx":60, "bytes_rx":12, "r2n_latency":2925, "lqi":100, "rssi":-88, "server_sent":196, "server_received":70, "server_bytes_rx":60, "n2r_latency":2431, "hops":2, "rtt_latency":3772, "root_time_now":2077740}
[Mote:1] {"node":"fd00::206:6:6:6", "cpu_energy_mj":19, "lpm_energy_mj":0, "radio_tx_energy_mj":1, "radio_rx_energy_mj":8, "node_time":2076362, "total_sent":122, "total_received":198, "bytes_tx":60, "bytes_rx":12, "r2n_latency":895, "lqi":100, "rssi":-80, "server_sent":203, "server_received":262, "server_bytes_rx":60, "n2r_latency":1728, "hops":0, "rtt_latency":2897, "root_time_now":2078090}
[Mote:18] Not reachable yet
[Mote:10] Sensor IPv6 = fe80::20a:a:a:a
[Mote:1] {"node":"fd00::20a:a:a:a", "cpu_energy_mj":18, "lpm_energy_mj":0, "radio_tx_energy_mj":0, "radio_rx_energy_mj":9, "node_time":2078307, "total_sent":36, "total_received":173, "bytes_tx":60, "bytes_rx":12, "r2n_latency":3135, "lqi":100, "rssi":-55, "server_sent":194, "server_received":65, "server_bytes_rx":60, "n2r_latency":343, "hops":2, "rtt_latency":3702, "root_time_now":2078650}
[Mote:4] Not reachable yet
[Mote:12] Not reachable yet
[Mote:9] Sensor IPv6 = fe80::209:9:9:9
[Mote:5] Not reachable yet
[Mote:13] Not reachable yet
[Mote:15] Sensor IPv6 = fe80::20f:f:f:f
[Mote:3] Not reachable yet
[Mote:7] Sensor IPv6 = fe80::207:7:7:7
[Mote:2] Not reachable yet
[Mote:11] Not reachable yet
[Mote:17] Not reachable yet
[Mote:8] Sensor IPv6 = fe80::208:8:8:8
[Mote:1] {"node":"fd00::207:7:7:7", "cpu_energy_mj":18, "lpm_energy_mj":0, "radio_tx_energy_mj":1, "radio_rx_energy_mj":7, "node_time":2084729, "total_sent":57, "total_received":190, "bytes_tx":60, "bytes_rx":12, "r2n_latency":1324, "lqi":100, "rssi":-88, "server_sent":200, "server_received":108, "server_bytes_rx":60, "n2r_latency":1481, "hops":1, "rtt_latency":837, "root_time_now":2086210}
[Mote:16] Not reachable yet
[Mote:6] Sensor IPv6 = fe80::206:6:6:6
[Mote:1] {"node":"fd00::206:6:6:6", "cpu_energy_mj":19, "lpm_energy_mj":0, "radio_tx_energy_mj":1, "radio_rx_energy_mj":7, "node_time":2087291, "total_sent":123, "total_received":199, "bytes_tx":60, "bytes_rx":12, "r2n_latency":834, "lqi":100, "rssi":-80, "server_sent":204, "server_received":264, "server_bytes_rx":60, "n2r_latency":249, "hops":0, "rtt_latency":802, "root_time_now":2087540}
[Mote:19] Not reachable yet
[Mote:14] Not reachable yet
[Mote:10] Sensor IPv6 = fe80::20a:a:a:a
[Mote:1] {"node":"fd00::20a:a:a:a", "cpu_energy_mj":18, "lpm_energy_mj":0, "radio_tx_energy_mj":0, "radio_rx_energy_mj":8, "node_time":2088494, "total_sent":37, "total_received":174, "bytes_tx":60, "bytes_rx":12, "r2n_latency":4264, "lqi":100, "rssi":-55, "server_sent":195, "server_received":67, "server_bytes_rx":60, "n2r_latency":236, "hops":2, "rtt_latency":3077, "root_time_now":2088730}
[Mote:18] Not reachable yet
[Mote:4] Not reachable yet
[Mote:12] Not reachable yet
[Mote:9] Sensor IPv6 = fe80::209:9:9:9
[Mote:13] Not reachable yet
[Mote:5] Not reachable yet
[Mote:3] Not reachable yet
[Mote:15] Sensor IPv6 = fe80::20f:f:f:f
[Mote:7] Sensor IPv6 = fe80::207:7:7:7
[Mote:11] Not reachable yet
[Mote:2] Not reachable yet
[Mote:17] Not reachable yet
[Mote:8] Sensor IPv6 = fe80::208:8:8:8
[Mote:16] Not reachable yet
[Mote:1] {"node":"fd00::207:7:7:7", "cpu_energy_mj":18, "lpm_energy_mj":0, "radio_tx_energy_mj":1, "radio_rx_energy_mj":7, "node_time":2095204, "total_sent":58, "total_received":191, "bytes_tx":60, "bytes_rx":12, "r2n_latency":843, "lqi":100, "rssi":-88, "server_sent":201, "server_received":110, "server_bytes_rx":60, "n2r_latency":2976, "hops":1, "rtt_latency":2241, "root_time_now":2098180}
[Mote:6] Sensor IPv6 = fe80::206:6:6:6
[Mote:19] Not reachable yet
[Mote:1] {"node":"fd00::20f:f:f:f", "cpu_energy_mj":341, "lpm_energy_mj":0, "radio_tx_energy_mj":4, "radio_rx_energy_mj":162, "node_time":2084015, "total_sent":12, "total_received":51, "bytes_tx":60, "bytes_rx":12, "r2n_latency":3914, "lqi":100, "rssi":-55, "server_sent":194, "server_received":19, "server_bytes_rx":60, "n2r_latency":14515, "hops":4, "rtt_latency":8922, "root_time_now":2098530}
[Mote:1] {"node":"fd00::206:6:6:6", "cpu_energy_mj":19, "lpm_energy_mj":0, "radio_tx_energy_mj":1, "radio_rx_energy_mj":8, "node_time":2098219, "total_sent":124, "total_received":200, "bytes_tx":60, "bytes_rx":12, "r2n_latency":283, "lqi":100, "rssi":-80, "server_sent":205, "server_received":266, "server_bytes_rx":60, "n2r_latency":451, "hops":0, "rtt_latency":2206, "root_time_now":2098670}
[Mote:10] Sensor IPv6 = fe80::20a:a:a:a
[Mote:14] Not reachable yet
[Mote:18] Not reachable yet
[Mote:1] {"node":"fd00::208:8:8:8", "cpu_energy_mj":18, "lpm_energy_mj":0, "radio_tx_energy_mj":1, "radio_rx_energy_mj":8, "node_time":2085792, "total_sent":36, "total_received":171, "bytes_tx":60, "bytes_rx":12, "r2n_latency":2724, "lqi":100, "rssi":-88, "server_sent":198, "server_received":73, "server_bytes_rx":60, "n2r_latency":14138, "hops":2, "rtt_latency":2276, "root_time_now":2099930}
[Mote:4] Not reachable yet
[Mote:12] Not reachable yet
[Mote:9] Sensor IPv6 = fe80::209:9:9:9
[Mote:13] Not reachable yet
[Mote:3] Not reachable yet
[Mote:5] Not reachable yet
[Mote:15] Sensor IPv6 = fe80::20f:f:f:f
[Mote:11] Not reachable yet
[Mote:7] Sensor IPv6 = fe80::207:7:7:7
[Mote:17] Not reachable yet
[Mote:2] Not reachable yet
[Mote:8] Sensor IPv6 = fe80::208:8:8:8
[Mote:1] {"node":"fd00::209:9:9:9", "cpu_energy_mj":19, "lpm_energy_mj":0, "radio_tx_energy_mj":0, "radio_rx_energy_mj":8, "node_time":2093369, "total_sent":28, "total_received":30, "bytes_tx":60, "bytes_rx":12, "r2n_latency":7414, "lqi":100, "rssi":-78, "server_sent":32, "server_received":36, "server_bytes_rx":60, "n2r_latency":13421, "hops":4, "rtt_latency":12807, "root_time_now":2106790}
[Mote:16] Not reachable yet
[Mote:1] {"node":"fd00::20f:f:f:f", "cpu_energy_mj":18, "lpm_energy_mj":0, "radio_tx_energy_mj":0, "radio_rx_energy_mj":9, "node_time":2094540, "total_sent":13, "total_received":52, "bytes_tx":60, "bytes_rx":12, "r2n_latency":3923, "lqi":100, "rssi":-55, "server_sent":195, "server_received":21, "server_bytes_rx":60, "n2r_latency":13160, "hops":5, "rtt_latency":8471, "root_time_now":2107700}
[Mote:10] Sensor IPv6 = fe80::20a:a:a:a
[Mote:1] {"node":"fd00::208:8:8:8", "cpu_energy_mj":18, "lpm_energy_mj":0, "radio_tx_energy_mj":1, "radio_rx_energy_mj":8, "node_time":2096276, "total_sent":37, "total_received":172, "bytes_tx":60, "bytes_rx":12, "r2n_latency":1964, "lqi":100, "rssi":-88, "server_sent":199, "server_received":74, "server_bytes_rx":60, "n2r_latency":12614, "hops":3, "rtt_latency":2276, "root_time_now":2108890}
[Mote:1] {"node":"fd00::207:7:7:7", "cpu_energy_mj":18, "lpm_energy_mj":0, "radio_tx_energy_mj":1, "radio_rx_energy_mj":8, "node_time":2105681, "total_sent":59, "total_received":192, "bytes_tx":60, "bytes_rx":12, "r2n_latency":857, "lqi":100, "rssi":-88, "server_sent":202, "server_received":112, "server_bytes_rx":60, "n2r_latency":3419, "hops":1, "rtt_latency":2948, "root_time_now":2109100}
[Mote:6] Sensor IPv6 = fe80::206:6:6:6
[Mote:1] {"node":"fd00::206:6:6:6", "cpu_energy_mj":19, "lpm_energy_mj":0, "radio_tx_energy_mj":1, "radio_rx_energy_mj":8, "node_time":2109148, "total_sent":125, "total_received":201, "bytes_tx":60, "bytes_rx":12, "r2n_latency":157, "lqi":100, "rssi":-80, "server_sent":206, "server_received":268, "server_bytes_rx":60, "n2r_latency":22, "hops":0, "rtt_latency":1513, "root_time_now":2109170}
[Mote:19] Not reachable yet
[Mote:14] Not reachable yet
[Mote:18] Not reachable yet
[Mote:4] Not reachable yet
[Mote:12] Not reachable yet
[Mote:13] Not reachable yet
[Mote:9] Sensor IPv6 = fe80::209:9:9:9
[Mote:3] Not reachable yet
[Mote:11] Not reachable yet
[Mote:5] Not reachable yet
[Mote:15] Sensor IPv6 = fe80::20f:f:f:f
[Mote:17] Not reachable yet
[Mote:7] Sensor IPv6 = fe80::207:7:7:7
[Mote:2] Not reachable yet
[Mote:16] Not reachable yet
[Mote:8] Sensor IPv6 = fe80::208:8:8:8
[Mote:10] Sensor IPv6 = fe80::20a:a:a:a
[Mote:6] Sensor IPv6 = fe80::206:6:6:6
[Mote:19] Not reachable yet
[Mote:14] Not reachable yet
[Mote:18] Not reachable yet
[Mote:4] Not reachable yet
[Mote:12] Not reachable yet
[Mote:13] Not reachable yet
[Mote:9] Sensor IPv6 = fe80::209:9:9:9
[Mote:3] Not reachable yet
[Mote:11] Not reachable yet
[Mote:15] Sensor IPv6 = fe80::20f:f:f:f
[Mote:17] Not reachable yet
[Mote:5] Not reachable yet
[Mote:7] Sensor IPv6 = fe80::207:7:7:7
[Mote:16] Not reachable yet
[Mote:2] Not reachable yet
[Mote:1] {"node":"fd00::209:9:9:9", "cpu_energy_mj":19, "lpm_energy_mj":0, "radio_tx_energy_mj":0, "radio_rx_energy_mj":9, "node_time":2103940, "total_sent":29, "total_received":31, "bytes_tx":60, "bytes_rx":12, "r2n_latency":10083, "lqi":100, "rssi":-78, "server_sent":34, "server_received":37, "server_bytes_rx":60, "n2r_latency":23570, "hops":4, "rtt_latency":12807, "root_time_now":2127510}
[Mote:1] {"node":"fd00::20f:f:f:f", "cpu_energy_mj":18, "lpm_energy_mj":0, "radio_tx_energy_mj":0, "radio_rx_energy_mj":9, "node_time":2105065, "total_sent":14, "total_received":53, "bytes_tx":60, "bytes_rx":12, "r2n_latency":3097, "lqi":100, "rssi":-55, "server_sent":197, "server_received":23, "server_bytes_rx":60, "n2r_latency":22585, "hops":5, "rtt_latency":13728, "root_time_now":2127650}
[Mote:8] Sensor IPv6 = fe80::208:8:8:8
[Mote:1] {"node":"fd00::208:8:8:8", "cpu_energy_mj":18, "lpm_energy_mj":0, "radio_tx_energy_mj":2, "radio_rx_energy_mj":7, "node_time":2106758, "total_sent":38, "total_received":173, "bytes_tx":60, "bytes_rx":12, "r2n_latency":2258, "lqi":100, "rssi":-88, "server_sent":201, "server_received":76, "server_bytes_rx":60, "n2r_latency":21172, "hops":3, "rtt_latency":9283, "root_time_now":2127930}
[Mote:1] {"node":"fd00::20a:a:a:a", "cpu_energy_mj":18, "lpm_energy_mj":0, "radio_tx_energy_mj":1, "radio_rx_energy_mj":7, "node_time":2108867, "total_sent":39, "total_received":176, "bytes_tx":60, "bytes_rx":12, "r2n_latency":2747, "lqi":100, "rssi":-55, "server_sent":199, "server_received":69, "server_bytes_rx":60, "n2r_latency":19623, "hops":2, "rtt_latency":2311, "root_time_now":2128490}
[Mote:10] Sensor IPv6 = fe80::20a:a:a:a
[Mote:1] {"node":"fd00::207:7:7:7", "cpu_energy_mj":18, "lpm_energy_mj":0, "radio_tx_energy_mj":2, "radio_rx_energy_mj":7, "node_time":2116157, "total_sent":60, "total_received":193, "bytes_tx":60, "bytes_rx":12, "r2n_latency":374, "lqi":100, "rssi":-88, "server_sent":204, "server_received":114, "server_bytes_rx":60, "n2r_latency":13803, "hops":1, "rtt_latency":8937, "root_time_now":2129960}
[Mote:1] {"node":"fd00::206:6:6:6", "cpu_energy_mj":19, "lpm_energy_mj":0, "radio_tx_energy_mj":1, "radio_rx_energy_mj":8, "node_time":2120079, "total_sent":126, "total_received":202, "bytes_tx":60, "bytes_rx":12, "r2n_latency":164, "lqi":100, "rssi":-80, "server_sent":209, "server_received":270, "server_bytes_rx":60, "n2r_latency":10581, "hops":0, "rtt_latency":4247, "root_time_now":2130660}
[Mote:1] {"node":"fd00::209:9:9:9", "cpu_energy_mj":19, "lpm_energy_mj":0, "radio_tx_energy_mj":0, "radio_rx_energy_mj":9, "node_time":2114511, "total_sent":30, "total_received":33, "bytes_tx":60, "bytes_rx":12, "r2n_latency":3454, "lqi":100, "rssi":-78, "server_sent":35, "server_received":40, "server_bytes_rx":60, "n2r_latency":16219, "hops":4, "rtt_latency":10232, "root_time_now":2130730}
[Mote:6] Not reachable yet
[Mote:18] Not reachable yet
[Mote:14] Not reachable yet
[Mote:19] Not reachable yet
[Mote:4] Not reachable yet
[Mote:12] Not reachable yet
[Mote:13] Not reachable yet
[Mote:3] Not reachable yet
[Mote:9] Sensor IPv6 = fe80::209:9:9:9
[Mote:11] Not reachable yet
[Mote:1] {"node":"fd00::20f:f:f:f", "cpu_energy_mj":18, "lpm_energy_mj":0, "radio_tx_energy_mj":0, "radio_rx_energy_mj":9, "node_time":2115590, "total_sent":15, "total_received":54, "bytes_tx":60, "bytes_rx":12, "r2n_latency":2194, "lqi":100, "rssi":-55, "server_sent":198, "server_received":25, "server_bytes_rx":60, "n2r_latency":20250, "hops":5, "rtt_latency":10162, "root_time_now":2135840}
[Mote:1] {"node":"fd00::208:8:8:8", "cpu_energy_mj":18, "lpm_energy_mj":0, "radio_tx_energy_mj":1, "radio_rx_energy_mj":9, "node_time":2117240, "total_sent":39, "total_received":174, "bytes_tx":60, "bytes_rx":12, "r2n_latency":1354, "lqi":100, "rssi":-84, "server_sent":202, "server_received":78, "server_bytes_rx":60, "n2r_latency":18880, "hops":3, "rtt_latency":9952, "root_time_now":2136120}
[Mote:17] Not reachable yet
[Mote:15] Sensor IPv6 = fe80::20f:f:f:f
[Mote:1] {"node":"fd00::20a:a:a:a", "cpu_energy_mj":18, "lpm_energy_mj":0, "radio_tx_energy_mj":1, "radio_rx_energy_mj":7, "node_time":2119055, "total_sent":40, "total_received":177, "bytes_tx":60, "bytes_rx":12, "r2n_latency":1704, "lqi":100, "rssi":-55, "server_sent":200, "server_received":71, "server_bytes_rx":60, "n2r_latency":17695, "hops":2, "rtt_latency":10092, "root_time_now":2136750}
[Mote:16] Not reachable yet
[Mote:7] Sensor IPv6 = fe80::207:7:7:7
[Mote:5] Not reachable yet
[Mote:2] Not reachable yet
[Mote:8] Not reachable yet
[Mote:10] Not reachable yet
[Mote:1] {"node":"fd00::207:7:7:7", "cpu_energy_mj":18, "lpm_energy_mj":0, "radio_tx_energy_mj":2, "radio_rx_energy_mj":7, "node_time":2126632, "total_sent":61, "total_received":194, "bytes_tx":60, "bytes_rx":12, "r2n_latency":3955, "lqi":100, "rssi":-88, "server_sent":205, "server_received":115, "server_bytes_rx":60, "n2r_latency":13058, "hops":1, "rtt_latency":8937, "root_time_now":2139690}
[Mote:18] Not reachable yet
[Mote:14] Not reachable yet
[Mote:6] Not reachable yet
[Mote:19] Not reachable yet
[Mote:4] Not reachable yet
[Mote:1] {"node":"fd00::20a:a:a:a", "cpu_energy_mj":18, "lpm_energy_mj":0, "radio_tx_energy_mj":1, "radio_rx_energy_mj":7, "node_time":2129241, "total_sent":41, "total_received":177, "bytes_tx":60, "bytes_rx":12, "r2n_latency":1704, "lqi":100, "rssi":-55, "server_sent":201, "server_received":72, "server_bytes_rx":60, "n2r_latency":15069, "hops":5, "rtt_latency":10092, "root_time_now":2144310}
[Mote:13] Not reachable yet
[Mote:12] Not reachable yet
[Mote:3] Not reachable yet
[Mote:11] Not reachable yet
[Mote:9] Not reachable yet
[Mote:17] Not reachable yet
[Mote:16] Not reachable yet
[Mote:15] Sensor IPv6 = fe80::20f:f:f:f
[Mote:7] Not reachable yet
[Mote:5] Not reachable yet
[Mote:2] Not reachable yet
[Mote:1] {"node":"fd00::207:7:7:7", "cpu_energy_mj":18, "lpm_energy_mj":0, "radio_tx_energy_mj":1, "radio_rx_energy_mj":8, "node_time":2137108, "total_sent":62, "total_received":194, "bytes_tx":60, "bytes_rx":12, "r2n_latency":3955, "lqi":100, "rssi":-88, "server_sent":206, "server_received":116, "server_bytes_rx":60, "n2r_latency":11472, "hops":4, "rtt_latency":8937, "root_time_now":2148580}
[Mote:8] Sensor IPv6 = fe80::208:8:8:8
[Mote:10] Not reachable yet
[Mote:18] Not reachable yet
[Mote:14] Not reachable yet
[Mote:6] Sensor IPv6 = fe80::206:6:6:6
[Mote:19] Not reachable yet
[Mote:4] Not reachable yet
[Mote:1] {"node":"fd00::206:6:6:6", "cpu_energy_mj":59, "lpm_energy_mj":0, "radio_tx_energy_mj":7, "radio_rx_energy_mj":22, "node_time":2152866, "total_sent":127, "total_received":205, "bytes_tx":60, "bytes_rx":12, "r2n_latency":3765, "lqi":100, "rssi":-80, "server_sent":211, "server_received":274, "server_bytes_rx":60, "n2r_latency":754, "hops":0, "rtt_latency":2022, "root_time_now":2153620}
[Mote:13] Not reachable yet
[Mote:3] Not reachable yet
[Mote:12] Not reachable yet
[Mote:11] Not reachable yet
[Mote:9] Not reachable yet
[Mote:17] Not reachable yet
[Mote:16] Not reachable yet
[Mote:15] Not reachable yet
[Mote:7] Not reachable yet
[Mote:2] Not reachable yet
[Mote:5] Not reachable yet
[Mote:1] {"node":"fd00::209:9:9:9", "cpu_energy_mj":19, "lpm_energy_mj":0, "radio_tx_energy_mj":1, "radio_rx_energy_mj":9, "node_time":2135652, "total_sent":32, "total_received":33, "bytes_tx":60, "bytes_rx":12, "r2n_latency":3454, "lqi":100, "rssi":-78, "server_sent":37, "server_received":41, "server_bytes_rx":60, "n2r_latency":23288, "hops":4, "rtt_latency":10232, "root_time_now":2158940}
[Mote:8] Sensor IPv6 = fe80::208:8:8:8
[Mote:10] Not reachable yet
[Mote:18] Not reachable yet
[Mote:14] Not reachable yet
[Mote:6] Sensor IPv6 = fe80::206:6:6:6
[Mote:4] Not reachable yet
[Mote:19] Not reachable yet
[Mote:13] Not reachable yet
[Mote:11] Not reachable yet
[Mote:3] Not reachable yet
[Mote:1] {"node":"fd00::206:6:6:6", "cpu_energy_mj":19, "lpm_energy_mj":0, "radio_tx_energy_mj":2, "radio_rx_energy_mj":7, "node_time":2163794, "total_sent":128, "total_received":207, "bytes_tx":60, "bytes_rx":12, "r2n_latency":775, "lqi":100, "rssi":-80, "server_sent":212, "server_received":277, "server_bytes_rx":60, "n2r_latency":2566, "hops":0, "rtt_latency":3047, "root_time_now":2166360}
[Mote:12] Not reachable yet
[Mote:17] Not reachable yet
[Mote:16] Not reachable yet
[Mote:9] Not reachable yet
[Mote:15] Not reachable yet
[Mote:7] Not reachable yet
[Mote:2] Not reachable yet
[Mote:5] Not reachable yet
[Mote:8] Sensor IPv6 = fe80::208:8:8:8
[Mote:1] {"node":"fd00::208:8:8:8", "cpu_energy_mj":18, "lpm_energy_mj":0, "radio_tx_energy_mj":0, "radio_rx_energy_mj":9, "node_time":2127723, "total_sent":40, "total_received":175, "bytes_tx":60, "bytes_rx":12, "r2n_latency":7384, "lqi":100, "rssi":-84, "server_sent":205, "server_received":79, "server_bytes_rx":60, "n2r_latency":42137, "hops":4, "rtt_latency":9952, "root_time_now":2169860}
[Mote:10] Not reachable yet
[Mote:18] Not reachable yet
[Mote:14] Not reachable yet
[Mote:4] Not reachable yet
[Mote:6] Sensor IPv6 = fe80::206:6:6:6
[Mote:13] Not reachable yet
[Mote:19] Not reachable yet
[Mote:1] {"node":"fd00::208:8:8:8", "cpu_energy_mj":37, "lpm_energy_mj":0, "radio_tx_energy_mj":5, "radio_rx_energy_mj":16, "node_time":2148690, "total_sent":41, "total_received":176, "bytes_tx":60, "bytes_rx":12, "r2n_latency":16987, "lqi":100, "rssi":-84, "server_sent":206, "server_received":80, "server_bytes_rx":60, "n2r_latency":26490, "hops":5, "rtt_latency":9952, "root_time_now":2175180}
[Mote:1] {"node":"fd00::20f:f:f:f", "cpu_energy_mj":18, "lpm_energy_mj":0, "radio_tx_energy_mj":0, "radio_rx_energy_mj":9, "node_time":2136640, "total_sent":17, "total_received":55, "bytes_tx":60, "bytes_rx":12, "r2n_latency":15085, "lqi":100, "rssi":-55, "server_sent":202, "server_received":27, "server_bytes_rx":60, "n2r_latency":38750, "hops":7, "rtt_latency":19302, "root_time_now":2175390}
[Mote:1] {"node":"fd00::206:6:6:6", "cpu_energy_mj":19, "lpm_energy_mj":0, "radio_tx_energy_mj":3, "radio_rx_energy_mj":6, "node_time":2174723, "total_sent":129, "total_received":208, "bytes_tx":60, "bytes_rx":12, "r2n_latency":2956, "lqi":100, "rssi":-80, "server_sent":213, "server_received":279, "server_bytes_rx":60, "n2r_latency":877, "hops":0, "rtt_latency":2773, "root_time_now":2175600}
[Mote:11] Not reachable yet
[Mote:3] Not reachable yet
[Mote:16] Not reachable yet
[Mote:17] Not reachable yet
[Mote:12] Not reachable yet
[Mote:9] Not reachable yet
[Mote:15] Not reachable yet
[Mote:7] Not reachable yet
[Mote:2] Not reachable yet
[Mote:8] Not reachable yet
[Mote:10] Not reachable yet
[Mote:5] Not reachable yet
[Mote:18] Not reachable yet
[Mote:13] Not reachable yet
[Mote:14] Not reachable yet
[Mote:4] Not reachable yet
[Mote:6] Sensor IPv6 = fe80::206:6:6:6
[Mote:19] Not reachable yet
[Mote:11] Not reachable yet
[Mote:1] {"node":"fd00::206:6:6:6", "cpu_energy_mj":19, "lpm_energy_mj":0, "radio_tx_energy_mj":2, "radio_rx_energy_mj":7, "node_time":2185653, "total_sent":130, "total_received":209, "bytes_tx":60, "bytes_rx":12, "r2n_latency":2686, "lqi":100, "rssi":-80, "server_sent":214, "server_received":281, "server_bytes_rx":60, "n2r_latency":727, "hops":0, "rtt_latency":2008, "root_time_now":2186380}
[Mote:3] Not reachable yet
[Mote:16] Not reachable yet
[Mote:17] Not reachable yet
[Mote:12] Not reachable yet
[Mote:9] Not reachable yet
[Mote:15] Not reachable yet
[Mote:7] Not reachable yet
[Mote:2] Not reachable yet
[Mote:10] Not reachable yet
[Mote:8] Not reachable yet
[Mote:5] Not reachable yet
[Mote:18] Not reachable yet
[Mote:13] Not reachable yet
[Mote:4] Not reachable yet
[Mote:14] Not reachable yet
[Mote:11] Not reachable yet
[Mote:6] Sensor IPv6 = fe80::206:6:6:6
[Mote:1] {"node":"fd00::206:6:6:6", "cpu_energy_mj":19, "lpm_energy_mj":0, "radio_tx_energy_mj":2, "radio_rx_energy_mj":6, "node_time":2196581, "total_sent":131, "total_received":210, "bytes_tx":60, "bytes_rx":12, "r2n_latency":944, "lqi":100, "rssi":-80, "server_sent":215, "server_received":283, "server_bytes_rx":60, "n2r_latency":19, "hops":0, "rtt_latency":1802, "root_time_now":2196600}
[Mote:19] Not reachable yet
[Mote:3] Not reachable yet
[Mote:16] Not reachable yet
[Mote:17] Not reachable yet
[Mote:9] Not reachable yet
[Mote:12] Not reachable yet
[Mote:15] Not reachable yet
[Mote:7] Not reachable yet
[Mote:10] Not reachable yet
[Mote:2] Not reachable yet
[Mote:8] Not reachable yet
[Mote:5] Not reachable yet
[Mote:18] Not reachable yet
[Mote:13] Not reachable yet
[Mote:4] Not reachable yet
[Mote:14] Not reachable yet
[Mote:11] Not reachable yet
[Mote:3] Not reachable yet
[Mote:16] Not reachable yet
[Mote:6] Sensor IPv6 = fe80::206:6:6:6
[Mote:1] {"node":"fd00::206:6:6:6", "cpu_energy_mj":19, "lpm_energy_mj":0, "radio_tx_energy_mj":0, "radio_rx_energy_mj":8, "node_time":2207510, "total_sent":132, "total_received":211, "bytes_tx":60, "bytes_rx":12, "r2n_latency":674, "lqi":100, "rssi":-80, "server_sent":216, "server_received":285, "server_bytes_rx":60, "n2r_latency":10, "hops":0, "rtt_latency":862, "root_time_now":2207520}
[Mote:19] Not reachable yet
[Mote:17] Not reachable yet
[Mote:9] Not reachable yet
[Mote:12] Not reachable yet
[Mote:15] Not reachable yet
[Mote:7] Not reachable yet
[Mote:10] Not reachable yet
[Mote:2] Not reachable yet
[Mote:8] Not reachable yet
[Mote:5] Not reachable yet
[Mote:13] Not reachable yet
[Mote:18] Not reachable yet
[Mote:4] Not reachable yet
[Mote:11] Not reachable yet
[Mote:14] Not reachable yet
[Mote:16] Not reachable yet
[Mote:3] Not reachable yet
[Mote:17] Not reachable yet
[Mote:6] Sensor IPv6 = fe80::206:6:6:6
[Mote:1] {"node":"fd00::206:6:6:6", "cpu_energy_mj":19, "lpm_energy_mj":0, "radio_tx_energy_mj":2, "radio_rx_energy_mj":7, "node_time":2218439, "total_sent":133, "total_received":212, "bytes_tx":60, "bytes_rx":12, "r2n_latency":1174, "lqi":100, "rssi":-80, "server_sent":217, "server_received":287, "server_bytes_rx":60, "n2r_latency":211, "hops":0, "rtt_latency":972, "root_time_now":2218650}
[Mote:19] Not reachable yet
[Mote:9] Not reachable yet
[Mote:15] Not reachable yet
[Mote:7] Not reachable yet
[Mote:10] Not reachable yet
[Mote:12] Not reachable yet
[Mote:2] Not reachable yet
[Mote:8] Not reachable yet
[Mote:5] Not reachable yet
[Mote:13] Not reachable yet
[Mote:18] Not reachable yet
[Mote:11] Not reachable yet
[Mote:4] Not reachable yet
[Mote:16] Not reachable yet
[Mote:3] Not reachable yet
[Mote:14] Not reachable yet
[Mote:17] Not reachable yet
[Mote:6] Not reachable yet
[Mote:19] Not reachable yet
[Mote:9] Not reachable yet
[Mote:10] Not reachable yet
[Mote:15] Not reachable yet
[Mote:7] Not reachable yet
[Mote:12] Not reachable yet
[Mote:2] Not reachable yet
[Mote:8] Not reachable yet
[Mote:5] Not reachable yet
[Mote:13] Not reachable yet
[Mote:18] Not reachable yet
[Mote:11] Not reachable yet
[Mote:16] Not reachable yet
[Mote:4] Not reachable yet
[Mote:3] Not reachable yet
[Mote:17] Not reachable yet
[Mote:14] Not reachable yet
[Mote:6] Not reachable yet
[Mote:19] Not reachable yet
[Mote:10] Not reachable yet
[Mote:9] Not reachable yet
[Mote:7] Not reachable yet
[Mote:15] Not reachable yet
[Mote:12] Not reachable yet
[Mote:2] Not reachable yet
[Mote:8] Not reachable yet
[Mote:5] Not reachable yet
[Mote:13] Not reachable yet
[Mote:18] Not reachable yet
[Mote:11] Not reachable yet
[Mote:16] Not reachable yet
[Mote:3] Not reachable yet
[Mote:4] Not reachable yet
[Mote:17] Not reachable yet
[Mote:14] Not reachable yet
[Mote:6] Not reachable yet
[Mote:10] Not reachable yet
[Mote:19] Not reachable yet
[Mote:9] Not reachable yet
[Mote:7] Not reachable yet
[Mote:15] Not reachable yet
[Mote:12] Not reachable yet
[Mote:2] Not reachable yet
[Mote:8] Not reachable yet
[Mote:13] Not reachable yet
[Mote:5] Not reachable yet
[Mote:11] Not reachable yet
[Mote:16] Not reachable yet
[Mote:18] Not reachable yet
[Mote:3] Not reachable yet
[Mote:4] Not reachable yet
[Mote:17] Not reachable yet
[Mote:14] Not reachable yet
[Mote:10] Not reachable yet
[Mote:6] Not reachable yet
[Mote:19] Not reachable yet
[Mote:9] Not reachable yet
[Mote:7] Not reachable yet
[Mote:15] Not reachable yet
[Mote:2] Not reachable yet
[Mote:8] Not reachable yet
[Mote:12] Not reachable yet
[Mote:13] Not reachable yet
[Mote:5] Not reachable yet
[Mote:11] Not reachable yet
[Mote:16] Not reachable yet
[Mote:18] Not reachable yet
[Mote:3] Not reachable yet
[Mote:17] Not reachable yet
[Mote:4] Not reachable yet
[Mote:14] Not reachable yet
[Mote:10] Not reachable yet
[Mote:9] Not reachable yet
[Mote:6] Not reachable yet
[Mote:7] Not reachable yet
[Mote:19] Not reachable yet
[Mote:15] Not reachable yet
[Mote:8] Not reachable yet
[Mote:2] Not reachable yet
[Mote:12] Not reachable yet
[Mote:13] Not reachable yet
[Mote:5] Not reachable yet
[Mote:11] Not reachable yet
[Mote:16] Not reachable yet
[Mote:18] Not reachable yet
[Mote:3] Not reachable yet
[Mote:17] Not reachable yet
[Mote:4] Not reachable yet
[Mote:14] Not reachable yet
[Mote:10] Not reachable yet
[Mote:9] Not reachable yet
[Mote:7] Not reachable yet
[Mote:15] Not reachable yet
[Mote:6] Not reachable yet
[Mote:19] Not reachable yet
[Mote:8] Not reachable yet
[Mote:2] Not reachable yet
[Mote:12] Not reachable yet
[Mote:13] Not reachable yet
[Mote:11] Not reachable yet
[Mote:16] Not reachable yet
[Mote:5] Not reachable yet
[Mote:18] Not reachable yet
[Mote:3] Not reachable yet
[Mote:17] Not reachable yet
[Mote:4] Not reachable yet
[Mote:10] Not reachable yet
[Mote:14] Not reachable yet
[Mote:9] Not reachable yet
[Mote:7] Not reachable yet
[Mote:15] Not reachable yet
[Mote:6] Not reachable yet
[Mote:19] Not reachable yet
[Mote:8] Not reachable yet
[Mote:2] Not reachable yet
[Mote:13] Not reachable yet
[Mote:12] Not reachable yet
[Mote:16] Not reachable yet
[Mote:11] Not reachable yet
[Mote:5] Not reachable yet
[Mote:3] Not reachable yet
[Mote:18] Not reachable yet
[Mote:17] Not reachable yet
[Mote:4] Not reachable yet
[Mote:10] Not reachable yet
[Mote:14] Not reachable yet
[Mote:7] Not reachable yet
[Mote:9] Not reachable yet
[Mote:15] Not reachable yet
[Mote:6] Not reachable yet
[Mote:8] Not reachable yet
[Mote:2] Sensor IPv6 = fe80::202:2:2:2
[Mote:19] Not reachable yet
[Mote:1] {"node":"fd00::202:2:2:2", "cpu_energy_mj":682, "lpm_energy_mj":0, "radio_tx_energy_mj":6, "radio_rx_energy_mj":1386, "node_time":2306128, "total_sent":120, "total_received":219, "bytes_tx":60, "bytes_rx":12, "r2n_latency":354, "lqi":100, "rssi":-84, "server_sent":228, "server_received":235, "server_bytes_rx":60, "n2r_latency":22, "hops":0, "rtt_latency":1647, "root_time_now":2306150}
[Mote:13] Not reachable yet
[Mote:12] Not reachable yet
[Mote:16] Not reachable yet
[Mote:11] Not reachable yet
[Mote:5] Not reachable yet
[Mote:3] Not reachable yet
[Mote:17] Not reachable yet
[Mote:18] Not reachable yet
[Mote:4] Not reachable yet
[Mote:10] Not reachable yet
[Mote:14] Not reachable yet
[Mote:7] Not reachable yet
[Mote:9] Not reachable yet
[Mote:15] Not reachable yet
[Mote:13] Not reachable yet
[Mote:8] Not reachable yet
[Mote:2] Sensor IPv6 = fe80::202:2:2:2
[Mote:6] Not reachable yet
[Mote:1] {"node":"fd00::202:2:2:2", "cpu_energy_mj":18, "lpm_energy_mj":0, "radio_tx_energy_mj":0, "radio_rx_energy_mj":8, "node_time":2316659, "total_sent":121, "total_received":220, "bytes_tx":60, "bytes_rx":12, "r2n_latency":85, "lqi":100, "rssi":-84, "server_sent":229, "server_received":237, "server_bytes_rx":60, "n2r_latency":271, "hops":0, "rtt_latency":2317, "root_time_now":2316930}
[Mote:19] Not reachable yet
[Mote:16] Not reachable yet
[Mote:11] Sensor IPv6 = fe80::20b:b:b:b
[Mote:1] {"node":"fd00::20b:b:b:b", "cpu_energy_mj":2350, "lpm_energy_mj":0, "radio_tx_energy_mj":22, "radio_rx_energy_mj":5259, "node_time":2317960, "total_sent":72, "total_received":130, "bytes_tx":60, "bytes_rx":12, "r2n_latency":6175, "lqi":100, "rssi":-87, "server_sent":225, "server_received":143, "server_bytes_rx":60, "n2r_latency":90, "hops":1, "rtt_latency":3437, "root_time_now":2318050}
[Mote:12] Not reachable yet
[Mote:3] Not reachable yet
[Mote:17] Not reachable yet
[Mote:5] Not reachable yet
[Mote:18] Not reachable yet
[Mote:4] Not reachable yet
[Mote:10] Not reachable yet
[Mote:14] Not reachable yet
[Mote:7] Not reachable yet
[Mote:9] Not reachable yet
[Mote:15] Not reachable yet
[Mote:13] Not reachable yet
[Mote:8] Not reachable yet
[Mote:2] Sensor IPv6 = fe80::202:2:2:2
[Mote:1] {"node":"fd00::202:2:2:2", "cpu_energy_mj":18, "lpm_energy_mj":0, "radio_tx_energy_mj":0, "radio_rx_energy_mj":8, "node_time":2327190, "total_sent":122, "total_received":221, "bytes_tx":60, "bytes_rx":12, "r2n_latency":24, "lqi":100, "rssi":-84, "server_sent":230, "server_received":239, "server_bytes_rx":60, "n2r_latency":30, "hops":0, "rtt_latency":3302, "root_time_now":2327220}
[Mote:6] Not reachable yet
[Mote:16] Not reachable yet
[Mote:19] Not reachable yet
[Mote:11] Sensor IPv6 = fe80::20b:b:b:b
[Mote:1] {"node":"fd00::20b:b:b:b", "cpu_energy_mj":18, "lpm_energy_mj":0, "radio_tx_energy_mj":0, "radio_rx_energy_mj":7, "node_time":2328083, "total_sent":73, "total_received":131, "bytes_tx":60, "bytes_rx":12, "r2n_latency":3664, "lqi":100, "rssi":-87, "server_sent":226, "server_received":145, "server_bytes_rx":60, "n2r_latency":117, "hops":1, "rtt_latency":3372, "root_time_now":2328200}
[Mote:12] Not reachable yet
[Mote:3] Not reachable yet
[Mote:17] Not reachable yet
[Mote:5] Not reachable yet
[Mote:18] Not reachable yet
[Mote:4] Not reachable yet
[Mote:10] Not reachable yet
[Mote:14] Not reachable yet
[Mote:7] Not reachable yet
[Mote:9] Not reachable yet
[Mote:13] Not reachable yet
[Mote:15] Not reachable yet
[Mote:8] Not reachable yet
[Mote:2] Sensor IPv6 = fe80::202:2:2:2
[Mote:16] Not reachable yet
[Mote:11] Sensor IPv6 = fe80::20b:b:b:b
[Mote:6] Not reachable yet
[Mote:19] Not reachable yet
[Mote:12] Not reachable yet
[Mote:3] Not reachable yet
[Mote:17] Not reachable yet
[Mote:18] Not reachable yet
[Mote:5] Not reachable yet
[Mote:10] Not reachable yet
[Mote:4] Not reachable yet
[Mote:1] {"node":"fd00::202:2:2:2", "cpu_energy_mj":18, "lpm_energy_mj":0, "radio_tx_energy_mj":0, "radio_rx_energy_mj":8, "node_time":2337721, "total_sent":123, "total_received":222, "bytes_tx":60, "bytes_rx":12, "r2n_latency":384, "lqi":100, "rssi":-84, "server_sent":232, "server_received":241, "server_bytes_rx":60, "n2r_latency":6229, "hops":0, "rtt_latency":1837, "root_time_now":2343950}
[Mote:14] Not reachable yet
[Mote:7] Not reachable yet
[Mote:13] Not reachable yet
[Mote:9] Not reachable yet
[Mote:15] Not reachable yet
[Mote:16] Not reachable yet
[Mote:8] Not reachable yet
[Mote:1] {"node":"fd00::20b:b:b:b", "cpu_energy_mj":18, "lpm_energy_mj":0, "radio_tx_energy_mj":0, "radio_rx_energy_mj":7, "node_time":2338208, "total_sent":74, "total_received":132, "bytes_tx":60, "bytes_rx":12, "r2n_latency":594, "lqi":100, "rssi":-87, "server_sent":228, "server_received":147, "server_bytes_rx":60, "n2r_latency":9802, "hops":1, "rtt_latency":4392, "root_time_now":2348010}
[Mote:2] Sensor IPv6 = fe80::202:2:2:2
[Mote:11] Sensor IPv6 = fe80::20b:b:b:b
[Mote:1] {"node":"fd00::202:2:2:2", "cpu_energy_mj":18, "lpm_energy_mj":0, "radio_tx_energy_mj":2, "radio_rx_energy_mj":7, "node_time":2348250, "total_sent":124, "total_received":223, "bytes_tx":60, "bytes_rx":12, "r2n_latency":114, "lqi":100, "rssi":-84, "server_sent":232, "server_received":243, "server_bytes_rx":60, "n2r_latency":460, "hops":0, "rtt_latency":4187, "root_time_now":2348710}
[Mote:1] {"node":"fd00::20b:b:b:b", "cpu_energy_mj":18, "lpm_energy_mj":0, "radio_tx_energy_mj":0, "radio_rx_energy_mj":9, "node_time":2348329, "total_sent":75, "total_received":133, "bytes_tx":60, "bytes_rx":12, "r2n_latency":2004, "lqi":100, "rssi":-87, "server_sent":228, "server_received":149, "server_bytes_rx":60, "n2r_latency":941, "hops":1, "rtt_latency":4292, "root_time_now":2349270}
[Mote:6] Sensor IPv6 = fe80::206:6:6:6
[Mote:1] {"node":"fd00::206:6:6:6", "cpu_energy_mj":236, "lpm_energy_mj":0, "radio_tx_energy_mj":13, "radio_rx_energy_mj":101, "node_time":2349588, "total_sent":134, "total_received":225, "bytes_tx":60, "bytes_rx":12, "r2n_latency":3474, "lqi":100, "rssi":-90, "server_sent":230, "server_received":290, "server_bytes_rx":60, "n2r_latency":102, "hops":1, "rtt_latency":4327, "root_time_now":2349690}
[Mote:19] Not reachable yet
[Mote:3] Not reachable yet
[Mote:12] Not reachable yet
[Mote:17] Not reachable yet
[Mote:18] Not reachable yet
[Mote:5] Not reachable yet
[Mote:10] Not reachable yet
[Mote:4] Not reachable yet
[Mote:13] Not reachable yet
[Mote:7] Not reachable yet
[Mote:14] Not reachable yet
[Mote:9] Not reachable yet
[Mote:15] Not reachable yet
[Mote:16] Sensor IPv6 = fe80::210:10:10:10
[Mote:1] {"node":"fd00::210:10:10:10", "cpu_energy_mj":3322, "lpm_energy_mj":0, "radio_tx_energy_mj":19, "radio_rx_energy_mj":1603, "node_time":2357831, "total_sent":11, "total_received":31, "bytes_tx":60, "bytes_rx":12, "r2n_latency":4674, "lqi":100, "rssi":-80, "server_sent":221, "server_received":10, "server_bytes_rx":60, "n2r_latency":399, "hops":2, "rtt_latency":2687, "root_time_now":2358230}
[Mote:8] Not reachable yet
[Mote:11] Sensor IPv6 = fe80::20b:b:b:b
[Mote:1] {"node":"fd00::20b:b:b:b", "cpu_energy_mj":18, "lpm_energy_mj":0, "radio_tx_energy_mj":0, "radio_rx_energy_mj":8, "node_time":2358450, "total_sent":76, "total_received":134, "bytes_tx":60, "bytes_rx":12, "r2n_latency":1174, "lqi":100, "rssi":-87, "server_sent":229, "server_received":151, "server_bytes_rx":60, "n2r_latency":130, "hops":1, "rtt_latency":1882, "root_time_now":2358580}
[Mote:2] Sensor IPv6 = fe80::202:2:2:2
[Mote:1] {"node":"fd00::202:2:2:2", "cpu_energy_mj":18, "lpm_energy_mj":0, "radio_tx_energy_mj":2, "radio_rx_energy_mj":7, "node_time":2358781, "total_sent":125, "total_received":224, "bytes_tx":60, "bytes_rx":12, "r2n_latency":124, "lqi":100, "rssi":-84, "server_sent":233, "server_received":245, "server_bytes_rx":60, "n2r_latency":9, "hops":0, "rtt_latency":727, "root_time_now":2358790}
[Mote:6] Sensor IPv6 = fe80::206:6:6:6
[Mote:19] Not reachable yet
[Mote:3] Not reachable yet
[Mote:17] Not reachable yet
[Mote:12] Not reachable yet
[Mote:18] Not reachable yet
[Mote:10] Not reachable yet
[Mote:5] Not reachable yet
[Mote:4] Not reachable yet
[Mote:1] {"node":"fd00::206:6:6:6", "cpu_energy_mj":19, "lpm_energy_mj":0, "radio_tx_energy_mj":1, "radio_rx_energy_mj":9, "node_time":2360517, "total_sent":135, "total_received":227, "bytes_tx":60, "bytes_rx":12, "r2n_latency":484, "lqi":100, "rssi":-90, "server_sent":232, "server_received":293, "server_bytes_rx":60, "n2r_latency":5413, "hops":1, "rtt_latency":2867, "root_time_now":2365930}
[Mote:13] Not reachable yet
[Mote:7] Not reachable yet
[Mote:16] Sensor IPv6 = fe80::210:10:10:10
[Mote:14] Not reachable yet
[Mote:1] {"node":"fd00::210:10:10:10", "cpu_energy_mj":18, "lpm_energy_mj":0, "radio_tx_energy_mj":0, "radio_rx_energy_mj":8, "node_time":2367864, "total_sent":12, "total_received":32, "bytes_tx":60, "bytes_rx":12, "r2n_latency":6784, "lqi":100, "rssi":-51, "server_sent":222, "server_received":12, "server_bytes_rx":60, "n2r_latency":236, "hops":2, "rtt_latency":3497, "root_time_now":2368100}
[Mote:15] Not reachable yet
[Mote:9] Not reachable yet
[Mote:11] Sensor IPv6 = fe80::20b:b:b:b
[Mote:1] {"node":"fd00::20b:b:b:b", "cpu_energy_mj":18, "lpm_energy_mj":0, "radio_tx_energy_mj":0, "radio_rx_energy_mj":8, "node_time":2368573, "total_sent":77, "total_received":135, "bytes_tx":60, "bytes_rx":12, "r2n_latency":974, "lqi":100, "rssi":-87, "server_sent":230, "server_received":153, "server_bytes_rx":60, "n2r_latency":87, "hops":1, "rtt_latency":2832, "root_time_now":2368660}
[Mote:8] Not reachable yet
[Mote:2] Sensor IPv6 = fe80::202:2:2:2
[Mote:1] {"node":"fd00::202:2:2:2", "cpu_energy_mj":18, "lpm_energy_mj":0, "radio_tx_energy_mj":1, "radio_rx_energy_mj":7, "node_time":2369313, "total_sent":126, "total_received":225, "bytes_tx":60, "bytes_rx":12, "r2n_latency":204, "lqi":100, "rssi":-84, "server_sent":234, "server_received":247, "server_bytes_rx":60, "n2r_latency":327, "hops":0, "rtt_latency":312, "root_time_now":2369640}
[Mote:6] Sensor IPv6 = fe80::206:6:6:6
[Mote:17] Not reachable yet
[Mote:3] Not reachable yet
[Mote:19] Not reachable yet
[Mote:12] Not reachable yet
[Mote:18] Not reachable yet
[Mote:10] Not reachable yet
[Mote:5] Not reachable yet
[Mote:4] Not reachable yet
[Mote:1] {"node":"fd00::206:6:6:6", "cpu_energy_mj":19, "lpm_energy_mj":0, "radio_tx_energy_mj":1, "radio_rx_energy_mj":8, "node_time":2371444, "total_sent":136, "total_received":227, "bytes_tx":60, "bytes_rx":12, "r2n_latency":484, "lqi":100, "rssi":-90, "server_sent":233, "server_received":294, "server_bytes_rx":60, "n2r_latency":5476, "hops":1, "rtt_latency":2867, "root_time_now":2376920}
[Mote:13] Not reachable yet
[Mote:16] Sensor IPv6 = fe80::210:10:10:10
[Mote:7] Not reachable yet
[Mote:14] Not reachable yet
[Mote:11] Sensor IPv6 = fe80::20b:b:b:b
[Mote:15] Not reachable yet
[Mote:9] Not reachable yet
[Mote:1] {"node":"fd00::20b:b:b:b", "cpu_energy_mj":18, "lpm_energy_mj":0, "radio_tx_energy_mj":0, "radio_rx_energy_mj":8, "node_time":2378697, "total_sent":78, "total_received":136, "bytes_tx":60, "bytes_rx":12, "r2n_latency":1264, "lqi":100, "rssi":-87, "server_sent":231, "server_received":155, "server_bytes_rx":60, "n2r_latency":113, "hops":1, "rtt_latency":3432, "root_time_now":2378810}
[Mote:8] Not reachable yet
[Mote:2] Sensor IPv6 = fe80::202:2:2:2
[Mote:1] {"node":"fd00::202:2:2:2", "cpu_energy_mj":18, "lpm_energy_mj":0, "radio_tx_energy_mj":2, "radio_rx_energy_mj":7, "node_time":2379843, "total_sent":127, "total_received":226, "bytes_tx":60, "bytes_rx":12, "r2n_latency":564, "lqi":100, "rssi":-84, "server_sent":235, "server_received":249, "server_bytes_rx":60, "n2r_latency":17, "hops":0, "rtt_latency":3397, "root_time_now":2379860}
[Mote:17] Not reachable yet
[Mote:3] Not reachable yet
[Mote:6] Sensor IPv6 = fe80::206:6:6:6
[Mote:19] Not reachable yet
[Mote:12] Not reachable yet
[Mote:10] Not reachable yet
[Mote:18] Not reachable yet
[Mote:5] Not reachable yet
[Mote:1] {"node":"fd00::206:6:6:6", "cpu_energy_mj":19, "lpm_energy_mj":0, "radio_tx_energy_mj":1, "radio_rx_energy_mj":8, "node_time":2382374, "total_sent":137, "total_received":228, "bytes_tx":60, "bytes_rx":12, "r2n_latency":4484, "lqi":100, "rssi":-90, "server_sent":234, "server_received":296, "server_bytes_rx":60, "n2r_latency":3226, "hops":1, "rtt_latency":3607, "root_time_now":2385600}
[Mote:4] Not reachable yet
[Mote:13] Not reachable yet
[Mote:16] Sensor IPv6 = fe80::210:10:10:10
[Mote:7] Not reachable yet
[Mote:11] Sensor IPv6 = fe80::20b:b:b:b
[Mote:15] Not reachable yet
[Mote:1] {"node":"fd00::20b:b:b:b", "cpu_energy_mj":18, "lpm_energy_mj":0, "radio_tx_energy_mj":0, "radio_rx_energy_mj":8, "node_time":2388821, "total_sent":79, "total_received":137, "bytes_tx":60, "bytes_rx":12, "r2n_latency":854, "lqi":100, "rssi":-87, "server_sent":232, "server_received":156, "server_bytes_rx":60, "n2r_latency":419, "hops":1, "rtt_latency":3432, "root_time_now":2389240}
[Mote:9] Not reachable yet
[Mote:14] Not reachable yet
[Mote:8] Not reachable yet
[Mote:2] Sensor IPv6 = fe80::202:2:2:2
[Mote:1] {"node":"fd00::202:2:2:2", "cpu_energy_mj":18, "lpm_energy_mj":0, "radio_tx_energy_mj":1, "radio_rx_energy_mj":7, "node_time":2390376, "total_sent":128, "total_received":228, "bytes_tx":60, "bytes_rx":12, "r2n_latency":233, "lqi":100, "rssi":-84, "server_sent":237, "server_received":252, "server_bytes_rx":60, "n2r_latency":684, "hops":0, "rtt_latency":186, "root_time_now":2391060}
[Mote:17] Not reachable yet
[Mote:3] Not reachable yet
[Mote:6] Sensor IPv6 = fe80::206:6:6:6
[Mote:19] Not reachable yet
[Mote:10] Not reachable yet
[Mote:12] Not reachable yet
[Mote:18] Not reachable yet
[Mote:1] {"node":"fd00::206:6:6:6", "cpu_energy_mj":19, "lpm_energy_mj":0, "radio_tx_energy_mj":1, "radio_rx_energy_mj":8, "node_time":2393304, "total_sent":138, "total_received":230, "bytes_tx":60, "bytes_rx":12, "r2n_latency":1143, "lqi":100, "rssi":-90, "server_sent":235, "server_received":299, "server_bytes_rx":60, "n2r_latency":2726, "hops":1, "rtt_latency":641, "root_time_now":2396030}
[Mote:5] Not reachable yet
[Mote:4] Not reachable yet
[Mote:13] Not reachable yet
[Mote:16] Not reachable yet
[Mote:11] Sensor IPv6 = fe80::20b:b:b:b
[Mote:7] Not reachable yet
[Mote:1] {"node":"fd00::20b:b:b:b", "cpu_energy_mj":18, "lpm_energy_mj":0, "radio_tx_energy_mj":0, "radio_rx_energy_mj":8, "node_time":2398944, "total_sent":80, "total_received":138, "bytes_tx":60, "bytes_rx":12, "r2n_latency":1773, "lqi":100, "rssi":-87, "server_sent":233, "server_received":158, "server_bytes_rx":60, "n2r_latency":306, "hops":1, "rtt_latency":3056, "root_time_now":2399250}
[Mote:15] Not reachable yet
[Mote:9] Not reachable yet
[Mote:14] Not reachable yet
[Mote:8] Not reachable yet
[Mote:2] Sensor IPv6 = fe80::202:2:2:2
[Mote:17] Not reachable yet
[Mote:3] Not reachable yet
[Mote:6] Sensor IPv6 = fe80::206:6:6:6
[Mote:10] Not reachable yet
[Mote:19] Not reachable yet
[Mote:12] Not reachable yet
[Mote:18] Not reachable yet
[Mote:4] Not reachable yet
[Mote:5] Not reachable yet
[Mote:13] Not reachable yet
[Mote:16] Not reachable yet
[Mote:1] {"node":"fd00::202:2:2:2", "cpu_energy_mj":18, "lpm_energy_mj":0, "radio_tx_energy_mj":2, "radio_rx_energy_mj":7, "node_time":2400907, "total_sent":129, "total_received":229, "bytes_tx":60, "bytes_rx":12, "r2n_latency":244, "lqi":100, "rssi":-84, "server_sent":238, "server_received":254, "server_bytes_rx":60, "n2r_latency":7093, "hops":0, "rtt_latency":227, "root_time_now":2408000}
[Mote:1] {"node":"fd00::206:6:6:6", "cpu_energy_mj":19, "lpm_energy_mj":0, "radio_tx_energy_mj":1, "radio_rx_energy_mj":8, "node_time":2404232, "total_sent":139, "total_received":231, "bytes_tx":60, "bytes_rx":12, "r2n_latency":804, "lqi":100, "rssi":-90, "server_sent":236, "server_received":301, "server_bytes_rx":60, "n2r_latency":3908, "hops":1, "rtt_latency":647, "root_time_now":2408140}
[Mote:11] Sensor IPv6 = fe80::20b:b:b:b
[Mote:1] {"node":"fd00::20b:b:b:b", "cpu_energy_mj":18, "lpm_energy_mj":0, "radio_tx_energy_mj":0, "radio_rx_energy_mj":8, "node_time":2409066, "total_sent":81, "total_received":139, "bytes_tx":60, "bytes_rx":12, "r2n_latency":734, "lqi":100, "rssi":-87, "server_sent":234, "server_received":160, "server_bytes_rx":60, "n2r_latency":404, "hops":1, "rtt_latency":4042, "root_time_now":2409470}
[Mote:7] Not reachable yet
[Mote:15] Not reachable yet
[Mote:9] Not reachable yet
[Mote:8] Not reachable yet
[Mote:14] Not reachable yet
[Mote:2] Sensor IPv6 = fe80::202:2:2:2
[Mote:17] Not reachable yet
[Mote:3] Not reachable yet
[Mote:10] Not reachable yet
[Mote:6] Sensor IPv6 = fe80::206:6:6:6
[Mote:19] Not reachable yet
[Mote:1] {"node":"fd00::202:2:2:2", "cpu_energy_mj":18, "lpm_energy_mj":0, "radio_tx_energy_mj":2, "radio_rx_energy_mj":7, "node_time":2411438, "total_sent":130, "total_received":230, "bytes_tx":60, "bytes_rx":12, "r2n_latency":44, "lqi":100, "rssi":-84, "server_sent":239, "server_received":256, "server_bytes_rx":60, "n2r_latency":4262, "hops":0, "rtt_latency":92, "root_time_now":2415700}
[Mote:18] Not reachable yet
[Mote:12] Not reachable yet
[Mote:1] {"node":"fd00::206:6:6:6", "cpu_energy_mj":19, "lpm_energy_mj":0, "radio_tx_energy_mj":0, "radio_rx_energy_mj":8, "node_time":2415164, "total_sent":140, "total_received":232, "bytes_tx":60, "bytes_rx":12, "r2n_latency":1094, "lqi":100, "rssi":-90, "server_sent":237, "server_received":303, "server_bytes_rx":60, "n2r_latency":1236, "hops":1, "rtt_latency":932, "root_time_now":2416400}
[Mote:4] Not reachable yet
[Mote:13] Not reachable yet
[Mote:5] Not reachable yet
[Mote:16] Not reachable yet
[Mote:11] Sensor IPv6 = fe80::20b:b:b:b
[Mote:7] Not reachable yet
[Mote:15] Not reachable yet
[Mote:9] Not reachable yet
[Mote:8] Not reachable yet
[Mote:14] Not reachable yet
[Mote:2] Sensor IPv6 = fe80::202:2:2:2
[Mote:17] Not reachable yet
[Mote:3] Not reachable yet
[Mote:1] {"node":"fd00::20b:b:b:b", "cpu_energy_mj":18, "lpm_energy_mj":0, "radio_tx_energy_mj":0, "radio_rx_energy_mj":8, "node_time":2419189, "total_sent":82, "total_received":140, "bytes_tx":60, "bytes_rx":12, "r2n_latency":1794, "lqi":100, "rssi":-87, "server_sent":236, "server_received":162, "server_bytes_rx":60, "n2r_latency":5261, "hops":1, "rtt_latency":3032, "root_time_now":2424450}
[Mote:10] Not reachable yet
[Mote:1] {"node":"fd00::202:2:2:2", "cpu_energy_mj":18, "lpm_energy_mj":0, "radio_tx_energy_mj":2, "radio_rx_energy_mj":7, "node_time":2421969, "total_sent":131, "total_received":231, "bytes_tx":60, "bytes_rx":12, "r2n_latency":266, "lqi":100, "rssi":-84, "server_sent":240, "server_received":258, "server_bytes_rx":60, "n2r_latency":3391, "hops":0, "rtt_latency":2653, "root_time_now":2425360}
[Mote:6] Sensor IPv6 = fe80::206:6:6:6
[Mote:19] Not reachable yet
[Mote:18] Not reachable yet
[Mote:1] {"node":"fd00::206:6:6:6", "cpu_energy_mj":19, "lpm_energy_mj":0, "radio_tx_energy_mj":1, "radio_rx_energy_mj":8, "node_time":2426090, "total_sent":141, "total_received":233, "bytes_tx":60, "bytes_rx":12, "r2n_latency":1946, "lqi":100, "rssi":-90, "server_sent":238, "server_received":305, "server_bytes_rx":60, "n2r_latency":530, "hops":1, "rtt_latency":2723, "root_time_now":2426620}
[Mote:12] Not reachable yet
[Mote:13] Not reachable yet
[Mote:4] Not reachable yet
[Mote:16] Not reachable yet
[Mote:5] Not reachable yet
[Mote:11] Sensor IPv6 = fe80::20b:b:b:b
[Mote:1] {"node":"fd00::20b:b:b:b", "cpu_energy_mj":18, "lpm_energy_mj":0, "radio_tx_energy_mj":0, "radio_rx_energy_mj":8, "node_time":2429312, "total_sent":83, "total_received":141, "bytes_tx":60, "bytes_rx":12, "r2n_latency":1666, "lqi":100, "rssi":-87, "server_sent":236, "server_received":164, "server_bytes_rx":60, "n2r_latency":318, "hops":1, "rtt_latency":2758, "root_time_now":2429630}
[Mote:7] Not reachable yet
[Mote:15] Not reachable yet
[Mote:9] Not reachable yet
[Mote:8] Not reachable yet
[Mote:14] Not reachable yet
[Mote:2] Sensor IPv6 = fe80::202:2:2:2
[Mote:17] Not reachable yet
[Mote:1] {"node":"fd00::202:2:2:2", "cpu_energy_mj":18, "lpm_energy_mj":0, "radio_tx_energy_mj":2, "radio_rx_energy_mj":7, "node_time":2432500, "total_sent":132, "total_received":232, "bytes_tx":60, "bytes_rx":12, "r2n_latency":344, "lqi":100, "rssi":-84, "server_sent":241, "server_received":260, "server_bytes_rx":60, "n2r_latency":280, "hops":0, "rtt_latency":1362, "root_time_now":2432780}
[Mote:3] Not reachable yet
[Mote:10] Not reachable yet
[Mote:18] Not reachable yet
[Mote:6] Sensor IPv6 = fe80::206:6:6:6
[Mote:1] {"node":"fd00::206:6:6:6", "cpu_energy_mj":19, "lpm_energy_mj":0, "radio_tx_energy_mj":0, "radio_rx_energy_mj":8, "node_time":2437019, "total_sent":142, "total_received":234, "bytes_tx":60, "bytes_rx":12, "r2n_latency":5244, "lqi":100, "rssi":-90, "server_sent":239, "server_received":307, "server_bytes_rx":60, "n2r_latency":101, "hops":1, "rtt_latency":3112, "root_time_now":2437120}
[Mote:19] Not reachable yet
[Mote:12] Not reachable yet
[Mote:13] Not reachable yet
[Mote:16] Not reachable yet
[Mote:4] Not reachable yet
[Mote:5] Not reachable yet
[Mote:11] Sensor IPv6 = fe80::20b:b:b:b
[Mote:1] {"node":"fd00::20b:b:b:b", "cpu_energy_mj":18, "lpm_energy_mj":0, "radio_tx_energy_mj":0, "radio_rx_energy_mj":8, "node_time":2439436, "total_sent":84, "total_received":142, "bytes_tx":60, "bytes_rx":12, "r2n_latency":2304, "lqi":100, "rssi":-87, "server_sent":237, "server_received":166, "server_bytes_rx":60, "n2r_latency":134, "hops":1, "rtt_latency":3987, "root_time_now":2439570}
[Mote:7] Not reachable yet
[Mote:15] Not reachable yet
[Mote:9] Not reachable yet
[Mote:8] Not reachable yet
[Mote:17] Not reachable yet
[Mote:2] Sensor IPv6 = fe80::202:2:2:2
[Mote:14] Not reachable yet
[Mote:3] Not reachable yet
[Mote:1] {"node":"fd00::202:2:2:2", "cpu_energy_mj":18, "lpm_energy_mj":0, "radio_tx_energy_mj":1, "radio_rx_energy_mj":7, "node_time":2443031, "total_sent":133, "total_received":233, "bytes_tx":60, "bytes_rx":12, "r2n_latency":144, "lqi":100, "rssi":-84, "server_sent":242, "server_received":262, "server_bytes_rx":60, "n2r_latency":319, "hops":0, "rtt_latency":1612, "root_time_now":2443350}
[Mote:10] Not reachable yet
[Mote:18] Not reachable yet
[Mote:13] Not reachable yet
[Mote:6] Sensor IPv6 = fe80::206:6:6:6
[Mote:16] Not reachable yet
[Mote:19] Not reachable yet
[Mote:12] Not reachable yet
[Mote:1] {"node":"fd00::206:6:6:6", "cpu_energy_mj":19, "lpm_energy_mj":0, "radio_tx_energy_mj":1, "radio_rx_energy_mj":8, "node_time":2447948, "total_sent":143, "total_received":235, "bytes_tx":60, "bytes_rx":12, "r2n_latency":2104, "lqi":100, "rssi":-90, "server_sent":240, "server_received":309, "server_bytes_rx":60, "n2r_latency":792, "hops":1, "rtt_latency":1647, "root_time_now":2448740}
[Mote:4] Not reachable yet
[Mote:11] Sensor IPv6 = fe80::20b:b:b:b
[Mote:1] {"node":"fd00::20b:b:b:b", "cpu_energy_mj":18, "lpm_energy_mj":0, "radio_tx_energy_mj":0, "radio_rx_energy_mj":8, "node_time":2449558, "total_sent":85, "total_received":143, "bytes_tx":60, "bytes_rx":12, "r2n_latency":1054, "lqi":100, "rssi":-87, "server_sent":238, "server_received":168, "server_bytes_rx":60, "n2r_latency":162, "hops":1, "rtt_latency":4342, "root_time_now":2449720}
[Mote:5] Not reachable yet
[Mote:7] Not reachable yet
[Mote:15] Not reachable yet
[Mote:8] Not reachable yet
[Mote:9] Not reachable yet
[Mote:17] Not reachable yet
[Mote:2] Sensor IPv6 = fe80::202:2:2:2
[Mote:3] Not reachable yet
[Mote:1] {"node":"fd00::202:2:2:2", "cpu_energy_mj":18, "lpm_energy_mj":0, "radio_tx_energy_mj":1, "radio_rx_energy_mj":7, "node_time":2453562, "total_sent":134, "total_received":234, "bytes_tx":60, "bytes_rx":12, "r2n_latency":223, "lqi":100, "rssi":-84, "server_sent":243, "server_received":264, "server_bytes_rx":60, "n2r_latency":428, "hops":0, "rtt_latency":1266, "root_time_now":2453990}
[Mote:14] Not reachable yet
[Mote:10] Not reachable yet
[Mote:13] Not reachable yet
[Mote:18] Not reachable yet
[Mote:16] Not reachable yet
[Mote:6] Sensor IPv6 = fe80::206:6:6:6
[Mote:1] {"node":"fd00::206:6:6:6", "cpu_energy_mj":19, "lpm_energy_mj":0, "radio_tx_energy_mj":0, "radio_rx_energy_mj":9, "node_time":2458877, "total_sent":144, "total_received":236, "bytes_tx":60, "bytes_rx":12, "r2n_latency":993, "lqi":100, "rssi":-90, "server_sent":241, "server_received":311, "server_bytes_rx":60, "n2r_latency":153, "hops":1, "rtt_latency":1301, "root_time_now":2459030}
[Mote:19] Not reachable yet
[Mote:12] Not reachable yet
[Mote:4] Not reachable yet
[Mote:11] Sensor IPv6 = fe80::20b:b:b:b
[Mote:1] {"node":"fd00::20b:b:b:b", "cpu_energy_mj":18, "lpm_energy_mj":0, "radio_tx_energy_mj":0, "radio_rx_energy_mj":8, "node_time":2459681, "total_sent":86, "total_received":144, "bytes_tx":60, "bytes_rx":12, "r2n_latency":1623, "lqi":100, "rssi":-87, "server_sent":239, "server_received":170, "server_bytes_rx":60, "n2r_latency":119, "hops":1, "rtt_latency":1966, "root_time_now":2459800}
[Mote:5] Not reachable yet
[Mote:7] Not reachable yet
[Mote:15] Not reachable yet
[Mote:8] Not reachable yet
[Mote:9] Not reachable yet
[Mote:17] Not reachable yet
[Mote:3] Not reachable yet
[Mote:2] Sensor IPv6 = fe80::202:2:2:2
[Mote:14] Not reachable yet
[Mote:10] Not reachable yet
[Mote:1] {"node":"fd00::202:2:2:2", "cpu_energy_mj":18, "lpm_energy_mj":0, "radio_tx_energy_mj":2, "radio_rx_energy_mj":7, "node_time":2464092, "total_sent":135, "total_received":235, "bytes_tx":60, "bytes_rx":12, "r2n_latency":164, "lqi":100, "rssi":-84, "server_sent":244, "server_received":266, "server_bytes_rx":60, "n2r_latency":3268, "hops":0, "rtt_latency":1762, "root_time_now":2467360}
[Mote:13] Not reachable yet
[Mote:16] Not reachable yet
[Mote:18] Not reachable yet
[Mote:11] Sensor IPv6 = fe80::20b:b:b:b
[Mote:6] Sensor IPv6 = fe80::206:6:6:6
[Mote:19] Not reachable yet
[Mote:4] Not reachable yet
[Mote:12] Not reachable yet
[Mote:5] Not reachable yet
[Mote:1] {"node":"fd00::206:6:6:6", "cpu_energy_mj":19, "lpm_energy_mj":0, "radio_tx_energy_mj":1, "radio_rx_energy_mj":8, "node_time":2469808, "total_sent":145, "total_received":237, "bytes_tx":60, "bytes_rx":12, "r2n_latency":1774, "lqi":100, "rssi":-90, "server_sent":243, "server_received":313, "server_bytes_rx":60, "n2r_latency":2032, "hops":1, "rtt_latency":3652, "root_time_now":2471840}
[Mote:7] Not reachable yet
[Mote:1] {"node":"fd00::20b:b:b:b", "cpu_energy_mj":18, "lpm_energy_mj":0, "radio_tx_energy_mj":0, "radio_rx_energy_mj":8, "node_time":2469804, "total_sent":87, "total_received":145, "bytes_tx":60, "bytes_rx":12, "r2n_latency":724, "lqi":100, "rssi":-87, "server_sent":241, "server_received":172, "server_bytes_rx":60, "n2r_latency":2806, "hops":1, "rtt_latency":3617, "root_time_now":2472610}
[Mote:15] Not reachable yet
[Mote:17] Not reachable yet
[Mote:8] Not reachable yet
[Mote:9] Not reachable yet
[Mote:3] Not reachable yet
[Mote:2] Sensor IPv6 = fe80::202:2:2:2
[Mote:1] {"node":"fd00::202:2:2:2", "cpu_energy_mj":18, "lpm_energy_mj":0, "radio_tx_energy_mj":1, "radio_rx_energy_mj":7, "node_time":2474623, "total_sent":136, "total_received":236, "bytes_tx":60, "bytes_rx":12, "r2n_latency":314, "lqi":100, "rssi":-84, "server_sent":245, "server_received":268, "server_bytes_rx":60, "n2r_latency":787, "hops":0, "rtt_latency":262, "root_time_now":2475410}
[Mote:14] Not reachable yet
[Mote:10] Not reachable yet
[Mote:13] Not reachable yet
[Mote:16] Not reachable yet
[Mote:18] Not reachable yet
[Mote:11] Sensor IPv6 = fe80::20b:b:b:b
[Mote:4] Not reachable yet
[Mote:6] Sensor IPv6 = fe80::206:6:6:6
[Mote:12] Not reachable yet
[Mote:19] Not reachable yet
[Mote:5] Not reachable yet
[Mote:7] Not reachable yet
[Mote:17] Not reachable yet
[Mote:15] Not reachable yet
[Mote:8] Not reachable yet
[Mote:3] Not reachable yet
[Mote:9] Not reachable yet
[Mote:2] Sensor IPv6 = fe80::202:2:2:2
[Mote:10] Not reachable yet
[Mote:14] Not reachable yet
[Mote:1] {"node":"fd00::20b:b:b:b", "cpu_energy_mj":18, "lpm_energy_mj":0, "radio_tx_energy_mj":0, "radio_rx_energy_mj":8, "node_time":2479927, "total_sent":88, "total_received":146, "bytes_tx":60, "bytes_rx":12, "r2n_latency":1014, "lqi":100, "rssi":-87, "server_sent":242, "server_received":174, "server_bytes_rx":60, "n2r_latency":8223, "hops":1, "rtt_latency":1452, "root_time_now":2488150}
[Mote:16] Not reachable yet
[Mote:13] Not reachable yet
[Mote:18] Not reachable yet
[Mote:11] Sensor IPv6 = fe80::20b:b:b:b
[Mote:4] Not reachable yet
[Mote:6] Sensor IPv6 = fe80::206:6:6:6
[Mote:12] Not reachable yet
[Mote:19] Not reachable yet
[Mote:1] {"node":"fd00::206:6:6:6", "cpu_energy_mj":19, "lpm_energy_mj":0, "radio_tx_energy_mj":0, "radio_rx_energy_mj":8, "node_time":2480736, "total_sent":146, "total_received":239, "bytes_tx":60, "bytes_rx":12, "r2n_latency":394, "lqi":100, "rssi":-90, "server_sent":245, "server_received":316, "server_bytes_rx":60, "n2r_latency":12174, "hops":1, "rtt_latency":6322, "root_time_now":2492910}
[Mote:1] {"node":"fd00::202:2:2:2", "cpu_energy_mj":18, "lpm_energy_mj":0, "radio_tx_energy_mj":1, "radio_rx_energy_mj":7, "node_time":2485155, "total_sent":137, "total_received":237, "bytes_tx":60, "bytes_rx":12, "r2n_latency":114, "lqi":100, "rssi":-84, "server_sent":247, "server_received":270, "server_bytes_rx":60, "n2r_latency":7825, "hops":0, "rtt_latency":4852, "root_time_now":2492980}
[Mote:5] Not reachable yet
[Mote:7] Not reachable yet
[Mote:1] {"node":"fd00::20b:b:b:b", "cpu_energy_mj":18, "lpm_energy_mj":0, "radio_tx_energy_mj":0, "radio_rx_energy_mj":8, "node_time":2490050, "total_sent":89, "total_received":147, "bytes_tx":60, "bytes_rx":12, "r2n_latency":2074, "lqi":100, "rssi":-87, "server_sent":243, "server_received":176, "server_bytes_rx":60, "n2r_latency":3280, "hops":1, "rtt_latency":6427, "root_time_now":2493330}
[Mote:1] {"node":"fd00::206:6:6:6", "cpu_energy_mj":19, "lpm_energy_mj":0, "radio_tx_energy_mj":1, "radio_rx_energy_mj":8, "node_time":2491664, "total_sent":147, "total_received":239, "bytes_tx":60, "bytes_rx":12, "r2n_latency":394, "lqi":100, "rssi":-90, "server_sent":245, "server_received":317, "server_bytes_rx":60, "n2r_latency":1806, "hops":1, "rtt_latency":6322, "root_time_now":2493470}
[Mote:17] Not reachable yet
[Mote:15] Not reachable yet
[Mote:8] Not reachable yet
[Mote:3] Not reachable yet
[Mote:9] Not reachable yet
[Mote:2] Sensor IPv6 = fe80::202:2:2:2
[Mote:1] {"node":"fd00::202:2:2:2", "cpu_energy_mj":18, "lpm_energy_mj":0, "radio_tx_energy_mj":1, "radio_rx_energy_mj":7, "node_time":2495686, "total_sent":138, "total_received":238, "bytes_tx":60, "bytes_rx":12, "r2n_latency":335, "lqi":100, "rssi":-84, "server_sent":247, "server_received":272, "server_bytes_rx":60, "n2r_latency":234, "hops":0, "rtt_latency":1707, "root_time_now":2495920}
[Mote:10] Not reachable yet
[Mote:14] Not reachable yet
[Mote:16] Not reachable yet
[Mote:13] Not reachable yet
[Mote:11] Sensor IPv6 = fe80::20b:b:b:b
[Mote:18] Not reachable yet
[Mote:4] Not reachable yet
[Mote:6] Sensor IPv6 = fe80::206:6:6:6
[Mote:12] Not reachable yet
[Mote:19] Not reachable yet
[Mote:1] {"node":"fd00::20b:b:b:b", "cpu_energy_mj":18, "lpm_energy_mj":0, "radio_tx_energy_mj":0, "radio_rx_energy_mj":8, "node_time":2500174, "total_sent":90, "total_received":148, "bytes_tx":60, "bytes_rx":12, "r2n_latency":6355, "lqi":100, "rssi":-87, "server_sent":244, "server_received":178, "server_bytes_rx":60, "n2r_latency":3516, "hops":1, "rtt_latency":6817, "root_time_now":2503690}
[Mote:7] Not reachable yet
[Mote:5] Not reachable yet
[Mote:17] Not reachable yet
[Mote:1] {"node":"fd00::206:6:6:6", "cpu_energy_mj":19, "lpm_energy_mj":0, "radio_tx_energy_mj":0, "radio_rx_energy_mj":9, "node_time":2502593, "total_sent":148, "total_received":240, "bytes_tx":60, "bytes_rx":12, "r2n_latency":8385, "lqi":100, "rssi":-90, "server_sent":246, "server_received":319, "server_bytes_rx":60, "n2r_latency":2007, "hops":1, "rtt_latency":5277, "root_time_now":2504600}
[Mote:3] Not reachable yet
[Mote:15] Not reachable yet
[Mote:8] Not reachable yet
[Mote:9] Not reachable yet
[Mote:10] Not reachable yet
[Mote:2] Sensor IPv6 = fe80::202:2:2:2
[Mote:14] Not reachable yet
[Mote:1] {"node":"fd00::202:2:2:2", "cpu_energy_mj":18, "lpm_energy_mj":0, "radio_tx_energy_mj":2, "radio_rx_energy_mj":7, "node_time":2506217, "total_sent":139, "total_received":239, "bytes_tx":60, "bytes_rx":12, "r2n_latency":3915, "lqi":100, "rssi":-84, "server_sent":248, "server_received":274, "server_bytes_rx":60, "n2r_latency":1813, "hops":0, "rtt_latency":2342, "root_time_now":2508030}
[Mote:16] Not reachable yet
[Mote:13] Not reachable yet
[Mote:11] Sensor IPv6 = fe80::20b:b:b:b
[Mote:18] Not reachable yet
[Mote:1] {"node":"fd00::20b:b:b:b", "cpu_energy_mj":18, "lpm_energy_mj":0, "radio_tx_energy_mj":0, "radio_rx_energy_mj":8, "node_time":2510296, "total_sent":91, "total_received":149, "bytes_tx":60, "bytes_rx":12, "r2n_latency":6785, "lqi":100, "rssi":-87, "server_sent":245, "server_received":180, "server_bytes_rx":60, "n2r_latency":1374, "hops":1, "rtt_latency":4057, "root_time_now":2511670}
[Mote:4] Not reachable yet
[Mote:12] Not reachable yet
[Mote:6] Sensor IPv6 = fe80::206:6:6:6
[Mote:19] Not reachable yet
[Mote:7] Not reachable yet
[Mote:17] Not reachable yet
[Mote:5] Not reachable yet
[Mote:3] Not reachable yet
[Mote:15] Not reachable yet
[Mote:8] Not reachable yet
[Mote:9] Not reachable yet
[Mote:10] Not reachable yet
[Mote:2] Sensor IPv6 = fe80::202:2:2:2
[Mote:16] Not reachable yet
[Mote:1] {"node":"fd00::206:6:6:6", "cpu_energy_mj":19, "lpm_energy_mj":0, "radio_tx_energy_mj":1, "radio_rx_energy_mj":8, "node_time":2513521, "total_sent":149, "total_received":241, "bytes_tx":60, "bytes_rx":12, "r2n_latency":8815, "lqi":100, "rssi":-90, "server_sent":247, "server_received":321, "server_bytes_rx":60, "n2r_latency":4939, "hops":1, "rtt_latency":4547, "root_time_now":2518460}
[Mote:14] Not reachable yet
[Mote:13] Not reachable yet
[Mote:11] Sensor IPv6 = fe80::20b:b:b:b
[Mote:1] {"node":"fd00::202:2:2:2", "cpu_energy_mj":18, "lpm_energy_mj":0, "radio_tx_energy_mj":2, "radio_rx_energy_mj":7, "node_time":2516748, "total_sent":140, "total_received":240, "bytes_tx":60, "bytes_rx":12, "r2n_latency":6657, "lqi":100, "rssi":-84, "server_sent":250, "server_received":276, "server_bytes_rx":60, "n2r_latency":4372, "hops":0, "rtt_latency":4693, "root_time_now":2521120}
[Mote:1] {"node":"fd00::20b:b:b:b", "cpu_energy_mj":18, "lpm_energy_mj":0, "radio_tx_energy_mj":0, "radio_rx_energy_mj":8, "node_time":2520419, "total_sent":92, "total_received":150, "bytes_tx":60, "bytes_rx":12, "r2n_latency":6937, "lqi":100, "rssi":-87, "server_sent":246, "server_received":182, "server_bytes_rx":60, "n2r_latency":841, "hops":1, "rtt_latency":5603, "root_time_now":2521260}
[Mote:18] Not reachable yet
[Mote:4] Not reachable yet
[Mote:12] Not reachable yet
[Mote:6] Sensor IPv6 = fe80::206:6:6:6
[Mote:19] Not reachable yet
[Mote:7] Not reachable yet
[Mote:17] Not reachable yet
[Mote:3] Not reachable yet
[Mote:5] Not reachable yet
[Mote:1] {"node":"fd00::206:6:6:6", "cpu_energy_mj":19, "lpm_energy_mj":0, "radio_tx_energy_mj":0, "radio_rx_energy_mj":9, "node_time":2524454, "total_sent":150, "total_received":241, "bytes_tx":60, "bytes_rx":12, "r2n_latency":8815, "lqi":100, "rssi":-90, "server_sent":248, "server_received":322, "server_bytes_rx":60, "n2r_latency":1496, "hops":1, "rtt_latency":4547, "root_time_now":2525950}
[Mote:15] Not reachable yet
[Mote:8] Not reachable yet
[Mote:10] Not reachable yet
[Mote:9] Not reachable yet
[Mote:2] Sensor IPv6 = fe80::202:2:2:2
[Mote:16] Not reachable yet
[Mote:1] {"node":"fd00::202:2:2:2", "cpu_energy_mj":18, "lpm_energy_mj":0, "radio_tx_energy_mj":2, "radio_rx_energy_mj":6, "node_time":2527279, "total_sent":141, "total_received":241, "bytes_tx":60, "bytes_rx":12, "r2n_latency":5124, "lqi":100, "rssi":-84, "server_sent":250, "server_received":278, "server_bytes_rx":60, "n2r_latency":1331, "hops":0, "rtt_latency":3017, "root_time_now":2528610}
[Mote:13] Not reachable yet
[Mote:14] Not reachable yet
[Mote:11] Sensor IPv6 = fe80::20b:b:b:b
[Mote:18] Not reachable yet
[Mote:4] Not reachable yet
[Mote:17] Not reachable yet
[Mote:12] Not reachable yet
[Mote:7] Not reachable yet
[Mote:6] Sensor IPv6 = fe80::206:6:6:6
[Mote:1] {"node":"fd00::206:6:6:6", "cpu_energy_mj":19, "lpm_energy_mj":0, "radio_tx_energy_mj":1, "radio_rx_energy_mj":8, "node_time":2535383, "total_sent":151, "total_received":243, "bytes_tx":60, "bytes_rx":12, "r2n_latency":11494, "lqi":100, "rssi":-90, "server_sent":249, "server_received":325, "server_bytes_rx":60, "n2r_latency":87, "hops":1, "rtt_latency":6237, "root_time_now":2535470}
[Mote:19] Not reachable yet
[Mote:1] {"node":"fd00::20b:b:b:b", "cpu_energy_mj":18, "lpm_energy_mj":0, "radio_tx_energy_mj":0, "radio_rx_energy_mj":8, "node_time":2530543, "total_sent":93, "total_received":151, "bytes_tx":60, "bytes_rx":12, "r2n_latency":9954, "lqi":100, "rssi":-87, "server_sent":247, "server_received":184, "server_bytes_rx":60, "n2r_latency":5137, "hops":1, "rtt_latency":5292, "root_time_now":2535680}
[Mote:3] Not reachable yet
[Mote:5] Not reachable yet
[Mote:8] Not reachable yet
[Mote:15] Not reachable yet
[Mote:10] Not reachable yet
[Mote:9] Not reachable yet
[Mote:2] Sensor IPv6 = fe80::202:2:2:2
[Mote:16] Not reachable yet
[Mote:13] Not reachable yet
[Mote:1] {"node":"fd00::202:2:2:2", "cpu_energy_mj":18, "lpm_energy_mj":0, "radio_tx_energy_mj":2, "radio_rx_energy_mj":7, "node_time":2537810, "total_sent":142, "total_received":242, "bytes_tx":60, "bytes_rx":12, "r2n_latency":7726, "lqi":100, "rssi":-84, "server_sent":251, "server_received":280, "server_bytes_rx":60, "n2r_latency":1930, "hops":0, "rtt_latency":4843, "root_time_now":2539740}
[Mote:14] Not reachable yet
[Mote:11] Sensor IPv6 = fe80::20b:b:b:b
[Mote:1] {"node":"fd00::20b:b:b:b", "cpu_energy_mj":18, "lpm_energy_mj":0, "radio_tx_energy_mj":0, "radio_rx_energy_mj":8, "node_time":2540666, "total_sent":94, "total_received":152, "bytes_tx":60, "bytes_rx":12, "r2n_latency":8146, "lqi":100, "rssi":-87, "server_sent":248, "server_received":186, "server_bytes_rx":60, "n2r_latency":1594, "hops":1, "rtt_latency":4913, "root_time_now":2542260}
[Mote:18] Not reachable yet
[Mote:4] Not reachable yet
[Mote:17] Not reachable yet
[Mote:7] Not reachable yet
[Mote:12] Not reachable yet
[Mote:3] Not reachable yet
[Mote:6] Sensor IPv6 = fe80::206:6:6:6
[Mote:19] Not reachable yet
[Mote:10] Not reachable yet
[Mote:8] Not reachable yet
[Mote:15] Not reachable yet
[Mote:5] Not reachable yet
[Mote:9] Not reachable yet
[Mote:2] Sensor IPv6 = fe80::202:2:2:2
[Mote:16] Not reachable yet
[Mote:1] {"node":"fd00::202:2:2:2", "cpu_energy_mj":18, "lpm_energy_mj":0, "radio_tx_energy_mj":2, "radio_rx_energy_mj":6, "node_time":2548341, "total_sent":143, "total_received":243, "bytes_tx":60, "bytes_rx":12, "r2n_latency":4444, "lqi":100, "rssi":-84, "server_sent":252, "server_received":282, "server_bytes_rx":60, "n2r_latency":359, "hops":0, "rtt_latency":3517, "root_time_now":2548700}
[Mote:13] Not reachable yet
[Mote:1] {"node":"fd00::206:6:6:6", "cpu_energy_mj":19, "lpm_energy_mj":0, "radio_tx_energy_mj":0, "radio_rx_energy_mj":9, "node_time":2546310, "total_sent":152, "total_received":245, "bytes_tx":60, "bytes_rx":12, "r2n_latency":5704, "lqi":100, "rssi":-90, "server_sent":250, "server_received":328, "server_bytes_rx":60, "n2r_latency":3300, "hops":1, "rtt_latency":3587, "root_time_now":2549610}
[Mote:11] Sensor IPv6 = fe80::20b:b:b:b
[Mote:14] Not reachable yet
[Mote:1] {"node":"fd00::20b:b:b:b", "cpu_energy_mj":18, "lpm_energy_mj":0, "radio_tx_energy_mj":0, "radio_rx_energy_mj":8, "node_time":2550791, "total_sent":95, "total_received":153, "bytes_tx":60, "bytes_rx":12, "r2n_latency":5074, "lqi":100, "rssi":-87, "server_sent":249, "server_received":188, "server_bytes_rx":60, "n2r_latency":1409, "hops":1, "rtt_latency":3552, "root_time_now":2552200}
[Mote:18] Not reachable yet
[Mote:4] Not reachable yet
[Mote:17] Not reachable yet
[Mote:7] Not reachable yet
[Mote:3] Not reachable yet
[Mote:12] Not reachable yet
[Mote:10] Not reachable yet
[Mote:6] Sensor IPv6 = fe80::206:6:6:6
[Mote:19] Not reachable yet
[Mote:8] Not reachable yet
[Mote:15] Not reachable yet
[Mote:5] Not reachable yet
[Mote:16] Not reachable yet
[Mote:9] Not reachable yet
[Mote:2] Sensor IPv6 = fe80::202:2:2:2
[Mote:1] {"node":"fd00::206:6:6:6", "cpu_energy_mj":19, "lpm_energy_mj":0, "radio_tx_energy_mj":1, "radio_rx_energy_mj":8, "node_time":2557238, "total_sent":153, "total_received":245, "bytes_tx":60, "bytes_rx":12, "r2n_latency":5704, "lqi":100, "rssi":-90, "server_sent":251, "server_received":329, "server_bytes_rx":60, "n2r_latency":1752, "hops":1, "rtt_latency":3587, "root_time_now":2558990}
[Mote:13] Not reachable yet
[Mote:1] {"node":"fd00::202:2:2:2", "cpu_energy_mj":18, "lpm_energy_mj":0, "radio_tx_energy_mj":1, "radio_rx_energy_mj":7, "node_time":2558872, "total_sent":144, "total_received":244, "bytes_tx":60, "bytes_rx":12, "r2n_latency":7744, "lqi":100, "rssi":-84, "server_sent":253, "server_received":284, "server_bytes_rx":60, "n2r_latency":398, "hops":0, "rtt_latency":4572, "root_time_now":2559270}
[Mote:11] Sensor IPv6 = fe80::20b:b:b:b
[Mote:1] {"node":"fd00::20b:b:b:b", "cpu_energy_mj":18, "lpm_energy_mj":0, "radio_tx_energy_mj":0, "radio_rx_energy_mj":8, "node_time":2560912, "total_sent":96, "total_received":154, "bytes_tx":60, "bytes_rx":12, "r2n_latency":9564, "lqi":100, "rssi":-87, "server_sent":250, "server_received":190, "server_bytes_rx":60, "n2r_latency":318, "hops":1, "rtt_latency":5202, "root_time_now":2561230}
[Mote:14] Not reachable yet
[Mote:18] Not reachable yet
[Mote:4] Not reachable yet
[Mote:17] Not reachable yet
[Mote:3] Not reachable yet
[Mote:7] Not reachable yet
[Mote:10] Not reachable yet
[Mote:12] Not reachable yet
[Mote:8] Not reachable yet
[Mote:15] Not reachable yet
[Mote:6] Sensor IPv6 = fe80::206:6:6:6
[Mote:19] Not reachable yet
[Mote:16] Sensor IPv6 = fe80::210:10:10:10
[Mote:5] Not reachable yet
[Mote:1] {"node":"fd00::206:6:6:6", "cpu_energy_mj":19, "lpm_energy_mj":0, "radio_tx_energy_mj":0, "radio_rx_energy_mj":9, "node_time":2568167, "total_sent":154, "total_received":246, "bytes_tx":60, "bytes_rx":12, "r2n_latency":8654, "lqi":100, "rssi":-90, "server_sent":252, "server_received":331, "server_bytes_rx":60, "n2r_latency":693, "hops":1, "rtt_latency":4607, "root_time_now":2568860}
[Mote:9] Not reachable yet
[Mote:13] Not reachable yet
[Mote:2] Sensor IPv6 = fe80::202:2:2:2
[Mote:11] Sensor IPv6 = fe80::20b:b:b:b
[Mote:1] {"node":"fd00::210:10:10:10", "cpu_energy_mj":325, "lpm_energy_mj":0, "radio_tx_energy_mj":2, "radio_rx_energy_mj":380, "node_time":2568526, "total_sent":15, "total_received":40, "bytes_tx":60, "bytes_rx":12, "r2n_latency":6004, "lqi":100, "rssi":-70, "server_sent":243, "server_received":15, "server_bytes_rx":60, "n2r_latency":3764, "hops":2, "rtt_latency":3177, "root_time_now":2572290}
[Mote:14] Not reachable yet
[Mote:1] {"node":"fd00::202:2:2:2", "cpu_energy_mj":18, "lpm_energy_mj":0, "radio_tx_energy_mj":2, "radio_rx_energy_mj":7, "node_time":2569401, "total_sent":145, "total_received":245, "bytes_tx":60, "bytes_rx":12, "r2n_latency":4394, "lqi":100, "rssi":-84, "server_sent":255, "server_received":286, "server_bytes_rx":60, "n2r_latency":3239, "hops":0, "rtt_latency":2267, "root_time_now":2572640}
[Mote:18] Not reachable yet
[Mote:1] {"node":"fd00::20b:b:b:b", "cpu_energy_mj":18, "lpm_energy_mj":0, "radio_tx_energy_mj":0, "radio_rx_energy_mj":8, "node_time":2571037, "total_sent":97, "total_received":155, "bytes_tx":60, "bytes_rx":12, "r2n_latency":5094, "lqi":100, "rssi":-87, "server_sent":251, "server_received":192, "server_bytes_rx":60, "n2r_latency":3773, "hops":1, "rtt_latency":2617, "root_time_now":2574810}
[Mote:4] Not reachable yet
[Mote:17] Not reachable yet
[Mote:3] Not reachable yet
[Mote:7] Not reachable yet
[Mote:10] Not reachable yet
[Mote:12] Not reachable yet
[Mote:8] Not reachable yet
[Mote:16] Sensor IPv6 = fe80::210:10:10:10
[Mote:15] Not reachable yet
[Mote:1] {"node":"fd00::210:10:10:10", "cpu_energy_mj":18, "lpm_energy_mj":0, "radio_tx_energy_mj":0, "radio_rx_energy_mj":8, "node_time":2578557, "total_sent":16, "total_received":41, "bytes_tx":60, "bytes_rx":12, "r2n_latency":6504, "lqi":100, "rssi":-22, "server_sent":243, "server_received":17, "server_bytes_rx":60, "n2r_latency":173, "hops":2, "rtt_latency":4092, "root_time_now":2578730}
[Mote:6] Sensor IPv6 = fe80::206:6:6:6
[Mote:13] Not reachable yet
[Mote:19] Not reachable yet
[Mote:1] {"node":"fd00::206:6:6:6", "cpu_energy_mj":19, "lpm_energy_mj":0, "radio_tx_energy_mj":2, "radio_rx_energy_mj":7, "node_time":2579097, "total_sent":155, "total_received":248, "bytes_tx":60, "bytes_rx":12, "r2n_latency":5734, "lqi":100, "rssi":-90, "server_sent":253, "server_received":334, "server_bytes_rx":60, "n2r_latency":263, "hops":1, "rtt_latency":4127, "root_time_now":2579360}
[Mote:5] Not reachable yet
[Mote:9] Not reachable yet
[Mote:2] Sensor IPv6 = fe80::202:2:2:2
[Mote:1] {"node":"fd00::202:2:2:2", "cpu_energy_mj":18, "lpm_energy_mj":0, "radio_tx_energy_mj":2, "radio_rx_energy_mj":6, "node_time":2579932, "total_sent":146, "total_received":246, "bytes_tx":60, "bytes_rx":12, "r2n_latency":274, "lqi":100, "rssi":-84, "server_sent":256, "server_received":288, "server_bytes_rx":60, "n2r_latency":75, "hops":0, "rtt_latency":2342, "root_time_now":2580007}
[Mote:11] Sensor IPv6 = fe80::20b:b:b:b
[Mote:14] Not reachable yet
[Mote:1] {"node":"fd00::20b:b:b:b", "cpu_energy_mj":18, "lpm_energy_mj":0, "radio_tx_energy_mj":0, "radio_rx_energy_mj":8, "node_time":2581156, "total_sent":98, "total_received":156, "bytes_tx":60, "bytes_rx":12, "r2n_latency":1744, "lqi":100, "rssi":-87, "server_sent":252, "server_received":194, "server_bytes_rx":60, "n2r_latency":2334, "hops":1, "rtt_latency":2447, "root_time_now":2583490}
[Mote:18] Not reachable yet
[Mote:17] Not reachable yet
[Mote:4] Not reachable yet
[Mote:3] Not reachable yet
[Mote:7] Not reachable yet
[Mote:10] Not reachable yet
[Mote:16] Sensor IPv6 = fe80::210:10:10:10
[Mote:8] Not reachable yet
[Mote:15] Not reachable yet
[Mote:12] Not reachable yet
[Mote:13] Not reachable yet
[Mote:6] Sensor IPv6 = fe80::206:6:6:6
[Mote:9] Not reachable yet
[Mote:19] Not reachable yet
[Mote:5] Not reachable yet
[Mote:2] Sensor IPv6 = fe80::202:2:2:2
[Mote:1] {"node":"fd00::206:6:6:6", "cpu_energy_mj":19, "lpm_energy_mj":0, "radio_tx_energy_mj":0, "radio_rx_energy_mj":9, "node_time":2590028, "total_sent":156, "total_received":248, "bytes_tx":60, "bytes_rx":12, "r2n_latency":5734, "lqi":100, "rssi":-90, "server_sent":255, "server_received":335, "server_bytes_rx":60, "n2r_latency":1162, "hops":1, "rtt_latency":4127, "root_time_now":2591190}
[Mote:1] {"node":"fd00::202:2:2:2", "cpu_energy_mj":18, "lpm_energy_mj":0, "radio_tx_energy_mj":1, "radio_rx_energy_mj":7, "node_time":2590465, "total_sent":147, "total_received":247, "bytes_tx":60, "bytes_rx":12, "r2n_latency":4274, "lqi":100, "rssi":-84, "server_sent":257, "server_received":290, "server_bytes_rx":60, "n2r_latency":795, "hops":0, "rtt_latency":2382, "root_time_now":2591260}
[Mote:11] Sensor IPv6 = fe80::20b:b:b:b
[Mote:14] Not reachable yet
[Mote:18] Not reachable yet
[Mote:17] Not reachable yet
[Mote:4] Not reachable yet
[Mote:3] Not reachable yet
[Mote:10] Not reachable yet
[Mote:7] Not reachable yet
[Mote:16] Sensor IPv6 = fe80::210:10:10:10
[Mote:1] {"node":"fd00::20b:b:b:b", "cpu_energy_mj":18, "lpm_energy_mj":0, "radio_tx_energy_mj":0, "radio_rx_energy_mj":8, "node_time":2591283, "total_sent":99, "total_received":156, "bytes_tx":60, "bytes_rx":12, "r2n_latency":1744, "lqi":100, "rssi":-87, "server_sent":253, "server_received":195, "server_bytes_rx":60, "n2r_latency":7397, "hops":1, "rtt_latency":2447, "root_time_now":2598680}
[Mote:8] Not reachable yet
[Mote:13] Not reachable yet
[Mote:15] Not reachable yet
[Mote:12] Not reachable yet
[Mote:9] Not reachable yet
[Mote:6] Sensor IPv6 = fe80::206:6:6:6
[Mote:2] Sensor IPv6 = fe80::202:2:2:2
[Mote:1] {"node":"fd00::202:2:2:2", "cpu_energy_mj":18, "lpm_energy_mj":0, "radio_tx_energy_mj":2, "radio_rx_energy_mj":7, "node_time":2600995, "total_sent":148, "total_received":248, "bytes_tx":60, "bytes_rx":12, "r2n_latency":5754, "lqi":100, "rssi":-84, "server_sent":258, "server_received":292, "server_bytes_rx":60, "n2r_latency":65, "hops":0, "rtt_latency":4487, "root_time_now":2601060}
[Mote:19] Not reachable yet
[Mote:5] Not reachable yet
[Mote:11] Not reachable yet
[Mote:1] {"node":"fd00::206:6:6:6", "cpu_energy_mj":19, "lpm_energy_mj":0, "radio_tx_energy_mj":1, "radio_rx_energy_mj":8, "node_time":2600955, "total_sent":157, "total_received":250, "bytes_tx":60, "bytes_rx":12, "r2n_latency":9184, "lqi":100, "rssi":-90, "server_sent":256, "server_received":338, "server_bytes_rx":60, "n2r_latency":1995, "hops":1, "rtt_latency":4977, "root_time_now":2602950}
[Mote:14] Not reachable yet
[Mote:18] Not reachable yet
[Mote:17] Not reachable yet
[Mote:4] Not reachable yet
[Mote:3] Not reachable yet
[Mote:10] Not reachable yet
[Mote:7] Not reachable yet
[Mote:16] Not reachable yet
[Mote:13] Not reachable yet
[Mote:8] Not reachable yet
[Mote:15] Not reachable yet
[Mote:12] Not reachable yet
[Mote:9] Not reachable yet
[Mote:11] Not reachable yet
[Mote:2] Sensor IPv6 = fe80::202:2:2:2
[Mote:6] Sensor IPv6 = fe80::206:6:6:6
[Mote:5] Not reachable yet
[Mote:19] Not reachable yet
[Mote:1] {"node":"fd00::202:2:2:2", "cpu_energy_mj":18, "lpm_energy_mj":0, "radio_tx_energy_mj":2, "radio_rx_energy_mj":7, "node_time":2611526, "total_sent":149, "total_received":249, "bytes_tx":60, "bytes_rx":12, "r2n_latency":5765, "lqi":100, "rssi":-84, "server_sent":259, "server_received":294, "server_bytes_rx":60, "n2r_latency":2484, "hops":0, "rtt_latency":3267, "root_time_now":2614010}
[Mote:1] {"node":"fd00::206:6:6:6", "cpu_energy_mj":19, "lpm_energy_mj":0, "radio_tx_energy_mj":1, "radio_rx_energy_mj":9, "node_time":2611883, "total_sent":158, "total_received":251, "bytes_tx":60, "bytes_rx":12, "r2n_latency":7025, "lqi":100, "rssi":-90, "server_sent":257, "server_received":340, "server_bytes_rx":60, "n2r_latency":2197, "hops":1, "rtt_latency":3722, "root_time_now":2614080}
[Mote:14] Not reachable yet
[Mote:18] Not reachable yet
[Mote:17] Not reachable yet
[Mote:3] Not reachable yet
[Mote:4] Not reachable yet
[Mote:10] Not reachable yet
[Mote:16] Not reachable yet
[Mote:7] Not reachable yet
[Mote:13] Not reachable yet
[Mote:8] Not reachable yet
[Mote:15] Not reachable yet
[Mote:11] Not reachable yet
[Mote:12] Not reachable yet
[Mote:9] Not reachable yet
[Mote:2] Sensor IPv6 = fe80::202:2:2:2
[Mote:5] Not reachable yet
[Mote:6] Sensor IPv6 = fe80::206:6:6:6
[Mote:19] Not reachable yet
[Mote:1] {"node":"fd00::202:2:2:2", "cpu_energy_mj":18, "lpm_energy_mj":0, "radio_tx_energy_mj":2, "radio_rx_energy_mj":6, "node_time":2622059, "total_sent":150, "total_received":251, "bytes_tx":60, "bytes_rx":12, "r2n_latency":114, "lqi":100, "rssi":-84, "server_sent":260, "server_received":297, "server_bytes_rx":60, "n2r_latency":1611, "hops":0, "rtt_latency":1772, "root_time_now":2623670}
[Mote:1] {"node":"fd00::206:6:6:6", "cpu_energy_mj":19, "lpm_energy_mj":0, "radio_tx_energy_mj":1, "radio_rx_energy_mj":8, "node_time":2622813, "total_sent":159, "total_received":253, "bytes_tx":60, "bytes_rx":12, "r2n_latency":604, "lqi":100, "rssi":-90, "server_sent":258, "server_received":343, "server_bytes_rx":60, "n2r_latency":927, "hops":1, "rtt_latency":1807, "root_time_now":2623740}
[Mote:14] Not reachable yet
[Mote:18] Not reachable yet
[Mote:17] Not reachable yet
[Mote:3] Not reachable yet
[Mote:4] Not reachable yet
[Mote:10] Not reachable yet
[Mote:16] Not reachable yet
[Mote:7] Not reachable yet
[Mote:13] Not reachable yet
[Mote:8] Not reachable yet
[Mote:15] Not reachable yet
[Mote:11] Not reachable yet
[Mote:9] Not reachable yet
[Mote:2] Sensor IPv6 = fe80::202:2:2:2
[Mote:12] Not reachable yet
[Mote:1] {"node":"fd00::202:2:2:2", "cpu_energy_mj":18, "lpm_energy_mj":0, "radio_tx_energy_mj":1, "radio_rx_energy_mj":7, "node_time":2632589, "total_sent":151, "total_received":252, "bytes_tx":60, "bytes_rx":12, "r2n_latency":264, "lqi":100, "rssi":-84, "server_sent":261, "server_received":299, "server_bytes_rx":60, "n2r_latency":41, "hops":0, "rtt_latency":902, "root_time_now":2632630}
[Mote:5] Not reachable yet
[Mote:6] Sensor IPv6 = fe80::206:6:6:6
[Mote:19] Not reachable yet
[Mote:1] {"node":"fd00::206:6:6:6", "cpu_energy_mj":19, "lpm_energy_mj":0, "radio_tx_energy_mj":0, "radio_rx_energy_mj":8, "node_time":2633742, "total_sent":160, "total_received":254, "bytes_tx":60, "bytes_rx":12, "r2n_latency":3694, "lqi":100, "rssi":-90, "server_sent":259, "server_received":345, "server_bytes_rx":60, "n2r_latency":568, "hops":1, "rtt_latency":2057, "root_time_now":2634310}
[Mote:14] Not reachable yet
[Mote:17] Not reachable yet
[Mote:18] Not reachable yet
[Mote:3] Not reachable yet
[Mote:10] Not reachable yet
[Mote:16] Not reachable yet
[Mote:4] Not reachable yet
[Mote:7] Not reachable yet
[Mote:13] Not reachable yet
[Mote:8] Not reachable yet
[Mote:15] Not reachable yet
[Mote:11] Not reachable yet
[Mote:9] Not reachable yet
[Mote:2] Sensor IPv6 = fe80::202:2:2:2
[Mote:12] Not reachable yet
[Mote:5] Not reachable yet
[Mote:6] Sensor IPv6 = fe80::206:6:6:6
[Mote:19] Not reachable yet
[Mote:1] {"node":"fd00::202:2:2:2", "cpu_energy_mj":18, "lpm_energy_mj":0, "radio_tx_energy_mj":1, "radio_rx_energy_mj":7, "node_time":2643120, "total_sent":152, "total_received":253, "bytes_tx":60, "bytes_rx":12, "r2n_latency":134, "lqi":100, "rssi":-84, "server_sent":262, "server_received":300, "server_bytes_rx":60, "n2r_latency":3370, "hops":0, "rtt_latency":902, "root_time_now":2646490}
[Mote:17] Not reachable yet
[Mote:14] Not reachable yet
[Mote:18] Not reachable yet
[Mote:3] Not reachable yet
[Mote:10] Not reachable yet
[Mote:16] Not reachable yet
[Mote:4] Not reachable yet
[Mote:13] Not reachable yet
[Mote:7] Not reachable yet
[Mote:8] Not reachable yet
[Mote:11] Not reachable yet
[Mote:15] Not reachable yet
[Mote:9] Not reachable yet
[Mote:2] Not reachable yet
[Mote:12] Not reachable yet
[Mote:5] Not reachable yet
[Mote:6] Sensor IPv6 = fe80::206:6:6:6
[Mote:19] Not reachable yet
[Mote:17] Not reachable yet
[Mote:14] Not reachable yet
[Mote:18] Not reachable yet
[Mote:16] Not reachable yet
[Mote:3] Not reachable yet
[Mote:10] Not reachable yet
[Mote:4] Not reachable yet
[Mote:13] Not reachable yet
[Mote:7] Not reachable yet
[Mote:11] Not reachable yet
[Mote:8] Not reachable yet
[Mote:15] Not reachable yet
[Mote:2] Not reachable yet
[Mote:9] Not reachable yet
[Mote:12] Not reachable yet
[Mote:1] {"node":"fd00::206:6:6:6", "cpu_energy_mj":19, "lpm_energy_mj":0, "radio_tx_energy_mj":0, "radio_rx_energy_mj":8, "node_time":2655599, "total_sent":162, "total_received":256, "bytes_tx":60, "bytes_rx":12, "r2n_latency":1965, "lqi":100, "rssi":-90, "server_sent":262, "server_received":348, "server_bytes_rx":60, "n2r_latency":9791, "hops":1, "rtt_latency":7597, "root_time_now":2665390}
[Mote:5] Not reachable yet
[Mote:6] Sensor IPv6 = fe80::206:6:6:6
[Mote:1] {"node":"fd00::206:6:6:6", "cpu_energy_mj":19, "lpm_energy_mj":0, "radio_tx_energy_mj":0, "radio_rx_energy_mj":8, "node_time":2666528, "total_sent":163, "total_received":257, "bytes_tx":60, "bytes_rx":12, "r2n_latency":4284, "lqi":100, "rssi":-90, "server_sent":262, "server_received":349, "server_bytes_rx":60, "n2r_latency":122, "hops":1, "rtt_latency":7597, "root_time_now":2666650}
[Mote:19] Not reachable yet
[Mote:17] Not reachable yet
[Mote:16] Not reachable yet
[Mote:18] Not reachable yet
[Mote:3] Not reachable yet
[Mote:10] Not reachable yet
[Mote:14] Not reachable yet
[Mote:13] Not reachable yet
[Mote:4] Not reachable yet
[Mote:7] Not reachable yet
[Mote:11] Sensor IPv6 = fe80::20b:b:b:b
[Mote:8] Not reachable yet
[Mote:15] Not reachable yet
[Mote:2] Not reachable yet
[Mote:9] Not reachable yet
[Mote:12] Not reachable yet
[Mote:5] Not reachable yet
[Mote:6] Sensor IPv6 = fe80::206:6:6:6
[Mote:19] Not reachable yet
[Mote:17] Not reachable yet
[Mote:1] {"node":"fd00::20b:b:b:b", "cpu_energy_mj":145, "lpm_energy_mj":0, "radio_tx_energy_mj":4, "radio_rx_energy_mj":67, "node_time":2672265, "total_sent":100, "total_received":166, "bytes_tx":60, "bytes_rx":12, "r2n_latency":1004, "lqi":100, "rssi":-87, "server_sent":261, "server_received":200, "server_bytes_rx":60, "n2r_latency":6215, "hops":1, "rtt_latency":4142, "root_time_now":2678480}
[Mote:16] Not reachable yet
[Mote:10] Not reachable yet
[Mote:3] Not reachable yet
[Mote:18] Not reachable yet
[Mote:14] Not reachable yet
[Mote:13] Not reachable yet
[Mote:4] Not reachable yet
[Mote:7] Not reachable yet
[Mote:11] Sensor IPv6 = fe80::20b:b:b:b
[Mote:8] Not reachable yet
[Mote:15] Not reachable yet
[Mote:2] Not reachable yet
[Mote:9] Not reachable yet
[Mote:12] Not reachable yet
[Mote:5] Not reachable yet
[Mote:17] Not reachable yet
[Mote:6] Sensor IPv6 = fe80::206:6:6:6
[Mote:19] Not reachable yet
[Mote:16] Not reachable yet
[Mote:10] Not reachable yet
[Mote:3] Not reachable yet
[Mote:18] Not reachable yet
[Mote:13] Not reachable yet
[Mote:14] Not reachable yet
[Mote:4] Not reachable yet
[Mote:7] Not reachable yet
[Mote:11] Not reachable yet
[Mote:8] Not reachable yet
[Mote:15] Not reachable yet
[Mote:2] Not reachable yet
[Mote:9] Not reachable yet
[Mote:12] Not reachable yet
[Mote:5] Not reachable yet
[Mote:17] Not reachable yet
[Mote:16] Not reachable yet
[Mote:6] Sensor IPv6 = fe80::206:6:6:6
[Mote:19] Not reachable yet
[Mote:10] Not reachable yet
[Mote:3] Not reachable yet
[Mote:13] Not reachable yet
[Mote:18] Not reachable yet
[Mote:14] Not reachable yet
[Mote:4] Not reachable yet
[Mote:11] Not reachable yet
[Mote:7] Not reachable yet
[Mote:8] Not reachable yet
[Mote:15] Not reachable yet
[Mote:2] Not reachable yet
[Mote:9] Not reachable yet
[Mote:12] Not reachable yet
[Mote:17] Not reachable yet
[Mote:16] Not reachable yet
[Mote:5] Not reachable yet
[Mote:10] Not reachable yet
[Mote:3] Not reachable yet
[Mote:6] Sensor IPv6 = fe80::206:6:6:6
[Mote:19] Not reachable yet
[Mote:13] Not reachable yet
[Mote:18] Not reachable yet
[Mote:14] Not reachable yet
[Mote:11] Not reachable yet
[Mote:4] Not reachable yet
[Mote:7] Not reachable yet
[Mote:8] Not reachable yet
[Mote:15] Not reachable yet
[Mote:2] Not reachable yet
[Mote:9] Not reachable yet
[Mote:17] Not reachable yet
[Mote:16] Not reachable yet
[Mote:12] Not reachable yet
[Mote:5] Not reachable yet
[Mote:10] Not reachable yet
[Mote:3] Not reachable yet
[Mote:13] Not reachable yet
[Mote:6] Sensor IPv6 = fe80::206:6:6:6
[Mote:19] Not reachable yet
[Mote:18] Not reachable yet
[Mote:11] Not reachable yet
[Mote:14] Not reachable yet
[Mote:4] Not reachable yet
[Mote:7] Not reachable yet
[Mote:8] Not reachable yet
[Mote:15] Not reachable yet
[Mote:2] Not reachable yet
[Mote:9] Not reachable yet
[Mote:16] Not reachable yet
[Mote:17] Not reachable yet
[Mote:12] Not reachable yet
[Mote:10] Not reachable yet
[Mote:5] Not reachable yet
[Mote:3] Not reachable yet
[Mote:13] Not reachable yet
[Mote:6] Sensor IPv6 = fe80::206:6:6:6
[Mote:19] Not reachable yet
[Mote:18] Not reachable yet
[Mote:11] Not reachable yet
[Mote:14] Not reachable yet
[Mote:4] Not reachable yet
[Mote:7] Not reachable yet
[Mote:8] Not reachable yet
[Mote:15] Not reachable yet
[Mote:2] Not reachable yet
[Mote:9] Not reachable yet
[Mote:16] Not reachable yet
[Mote:17] Not reachable yet
[Mote:10] Not reachable yet
[Mote:12] Not reachable yet
[Mote:3] Not reachable yet
[Mote:13] Not reachable yet
[Mote:5] Not reachable yet
[Mote:18] Not reachable yet
[Mote:6] Sensor IPv6 = fe80::206:6:6:6
[Mote:11] Not reachable yet
[Mote:19] Not reachable yet
[Mote:4] Not reachable yet
[Mote:14] Not reachable yet
[Mote:7] Not reachable yet
[Mote:8] Not reachable yet
[Mote:15] Not reachable yet
[Mote:2] Not reachable yet
[Mote:9] Not reachable yet
[Mote:16] Not reachable yet
[Mote:17] Not reachable yet
[Mote:10] Not reachable yet
[Mote:13] Not reachable yet
[Mote:3] Not reachable yet
[Mote:12] Not reachable yet
[Mote:5] Not reachable yet
[Mote:11] Not reachable yet
[Mote:18] Not reachable yet
[Mote:6] Sensor IPv6 = fe80::206:6:6:6
[Mote:19] Not reachable yet
[Mote:4] Not reachable yet
[Mote:7] Not reachable yet
[Mote:14] Not reachable yet
[Mote:8] Not reachable yet
[Mote:15] Not reachable yet
[Mote:2] Not reachable yet
[Mote:16] Not reachable yet
[Mote:9] Not reachable yet
[Mote:17] Not reachable yet
[Mote:10] Not reachable yet
[Mote:13] Not reachable yet
[Mote:3] Not reachable yet
[Mote:12] Not reachable yet
[Mote:5] Not reachable yet
[Mote:11] Not reachable yet
[Mote:18] Not reachable yet
[Mote:6] Sensor IPv6 = fe80::206:6:6:6
[Mote:19] Not reachable yet
[Mote:4] Not reachable yet
[Mote:7] Not reachable yet
[Mote:14] Not reachable yet
[Mote:8] Not reachable yet
[Mote:15] Not reachable yet
[Mote:16] Not reachable yet
[Mote:2] Not reachable yet
[Mote:9] Not reachable yet
[Mote:17] Not reachable yet
[Mote:10] Not reachable yet
[Mote:13] Not reachable yet
[Mote:3] Not reachable yet
[Mote:12] Not reachable yet
[Mote:11] Not reachable yet
[Mote:5] Not reachable yet
[Mote:18] Not reachable yet
[Mote:6] Sensor IPv6 = fe80::206:6:6:6
[Mote:19] Not reachable yet
[Mote:7] Not reachable yet
[Mote:4] Not reachable yet
[Mote:14] Not reachable yet
[Mote:8] Not reachable yet
[Mote:15] Not reachable yet
[Mote:16] Not reachable yet
[Mote:2] Not reachable yet
[Mote:17] Not reachable yet
[Mote:9] Not reachable yet
[Mote:10] Not reachable yet
[Mote:13] Not reachable yet
[Mote:3] Not reachable yet
[Mote:11] Not reachable yet
[Mote:12] Not reachable yet
[Mote:5] Not reachable yet
[Mote:18] Not reachable yet
[Mote:7] Not reachable yet
[Mote:4] Not reachable yet
[Mote:6] Sensor IPv6 = fe80::206:6:6:6
[Mote:19] Not reachable yet
[Mote:14] Not reachable yet
[Mote:8] Not reachable yet
[Mote:15] Not reachable yet
[Mote:16] Not reachable yet
[Mote:17] Not reachable yet
[Mote:2] Not reachable yet
[Mote:9] Not reachable yet
[Mote:10] Not reachable yet
[Mote:13] Not reachable yet
[Mote:3] Not reachable yet
[Mote:11] Not reachable yet
[Mote:12] Not reachable yet
[Mote:5] Not reachable yet
[Mote:18] Not reachable yet
[Mote:7] Not reachable yet
[Mote:4] Not reachable yet
[Mote:6] Sensor IPv6 = fe80::206:6:6:6
[Mote:19] Not reachable yet
[Mote:14] Not reachable yet
[Mote:8] Not reachable yet
[Mote:16] Not reachable yet
[Mote:15] Not reachable yet
[Mote:17] Not reachable yet
[Mote:2] Not reachable yet
[Mote:10] Not reachable yet
[Mote:9] Not reachable yet
[Mote:13] Not reachable yet
[Mote:3] Not reachable yet
[Mote:11] Not reachable yet
[Mote:12] Not reachable yet
[Mote:18] Not reachable yet
[Mote:5] Not reachable yet
[Mote:7] Not reachable yet
[Mote:4] Not reachable yet
[Mote:6] Sensor IPv6 = fe80::206:6:6:6
[Mote:19] Not reachable yet
[Mote:1] {"node":"fd00::206:6:6:6", "cpu_energy_mj":19, "lpm_energy_mj":0, "radio_tx_energy_mj":0, "radio_rx_energy_mj":9, "node_time":2808605, "total_sent":176, "total_received":271, "bytes_tx":60, "bytes_rx":12, "r2n_latency":4004, "lqi":100, "rssi":-90, "server_sent":276, "server_received":350, "server_bytes_rx":60, "n2r_latency":355, "hops":1, "rtt_latency":7597, "root_time_now":2808960}
[Mote:8] Not reachable yet
[Mote:14] Not reachable yet
[Mote:16] Not reachable yet
[Mote:15] Not reachable yet
[Mote:17] Not reachable yet
[Mote:2] Sensor IPv6 = fe80::202:2:2:2
[Mote:10] Not reachable yet
[Mote:13] Not reachable yet
[Mote:1] {"node":"fd00::202:2:2:2", "cpu_energy_mj":303, "lpm_energy_mj":0, "radio_tx_energy_mj":25, "radio_rx_energy_mj":209, "node_time":2811614, "total_sent":153, "total_received":269, "bytes_tx":60, "bytes_rx":12, "r2n_latency":3653, "lqi":100, "rssi":-84, "server_sent":279, "server_received":302, "server_bytes_rx":60, "n2r_latency":286, "hops":0, "rtt_latency":7492, "root_time_now":2811900}
[Mote:9] Not reachable yet
[Mote:3] Not reachable yet
[Mote:11] Not reachable yet
[Mote:12] Not reachable yet
[Mote:18] Not reachable yet
[Mote:5] Not reachable yet
[Mote:7] Not reachable yet
[Mote:4] Not reachable yet
[Mote:16] Not reachable yet
[Mote:6] Sensor IPv6 = fe80::206:6:6:6
[Mote:8] Not reachable yet
[Mote:1] {"node":"fd00::206:6:6:6", "cpu_energy_mj":19, "lpm_energy_mj":0, "radio_tx_energy_mj":1, "radio_rx_energy_mj":8, "node_time":2819534, "total_sent":177, "total_received":272, "bytes_tx":60, "bytes_rx":12, "r2n_latency":3174, "lqi":100, "rssi":-90, "server_sent":277, "server_received":352, "server_bytes_rx":60, "n2r_latency":206, "hops":1, "rtt_latency":4842, "root_time_now":2819740}
[Mote:19] Not reachable yet
[Mote:14] Not reachable yet
[Mote:15] Not reachable yet
[Mote:17] Not reachable yet
[Mote:10] Not reachable yet
[Mote:13] Not reachable yet
[Mote:2] Sensor IPv6 = fe80::202:2:2:2
[Mote:1] {"node":"fd00::202:2:2:2", "cpu_energy_mj":18, "lpm_energy_mj":0, "radio_tx_energy_mj":2, "radio_rx_energy_mj":6, "node_time":2822147, "total_sent":154, "total_received":271, "bytes_tx":60, "bytes_rx":12, "r2n_latency":104, "lqi":100, "rssi":-84, "server_sent":280, "server_received":305, "server_bytes_rx":60, "n2r_latency":113, "hops":0, "rtt_latency":997, "root_time_now":2822260}
[Mote:9] Not reachable yet
[Mote:3] Not reachable yet
[Mote:11] Not reachable yet
[Mote:18] Not reachable yet
[Mote:12] Not reachable yet
[Mote:5] Not reachable yet
[Mote:7] Not reachable yet
[Mote:4] Not reachable yet
[Mote:16] Not reachable yet
[Mote:8] Not reachable yet
[Mote:6] Sensor IPv6 = fe80::206:6:6:6
[Mote:19] Not reachable yet
[Mote:14] Not reachable yet
[Mote:15] Not reachable yet
[Mote:17] Not reachable yet
[Mote:1] {"node":"fd00::206:6:6:6", "cpu_energy_mj":19, "lpm_energy_mj":0, "radio_tx_energy_mj":0, "radio_rx_energy_mj":8, "node_time":2830463, "total_sent":178, "total_received":273, "bytes_tx":60, "bytes_rx":12, "r2n_latency":874, "lqi":100, "rssi":-90, "server_sent":279, "server_received":354, "server_bytes_rx":60, "n2r_latency":1177, "hops":1, "rtt_latency":1102, "root_time_now":2831640}
[Mote:13] Not reachable yet
[Mote:10] Not reachable yet
[Mote:2] Sensor IPv6 = fe80::202:2:2:2
[Mote:1] {"node":"fd00::202:2:2:2", "cpu_energy_mj":18, "lpm_energy_mj":0, "radio_tx_energy_mj":1, "radio_rx_energy_mj":7, "node_time":2832678, "total_sent":155, "total_received":272, "bytes_tx":60, "bytes_rx":12, "r2n_latency":115, "lqi":100, "rssi":-84, "server_sent":281, "server_received":307, "server_bytes_rx":60, "n2r_latency":292, "hops":0, "rtt_latency":792, "root_time_now":2832970}
[Mote:9] Not reachable yet
[Mote:3] Not reachable yet
[Mote:11] Not reachable yet
[Mote:18] Not reachable yet
[Mote:12] Not reachable yet
[Mote:5] Not reachable yet
[Mote:7] Not reachable yet
[Mote:16] Not reachable yet
[Mote:4] Not reachable yet
[Mote:8] Not reachable yet
[Mote:6] Sensor IPv6 = fe80::206:6:6:6
[Mote:14] Not reachable yet
[Mote:17] Not reachable yet
[Mote:19] Not reachable yet
[Mote:15] Not reachable yet
[Mote:13] Not reachable yet
[Mote:10] Not reachable yet
[Mote:2] Sensor IPv6 = fe80::202:2:2:2
[Mote:3] Not reachable yet
[Mote:9] Not reachable yet
[Mote:1] {"node":"fd00::206:6:6:6", "cpu_energy_mj":19, "lpm_energy_mj":0, "radio_tx_energy_mj":0, "radio_rx_energy_mj":8, "node_time":2841393, "total_sent":179, "total_received":274, "bytes_tx":60, "bytes_rx":12, "r2n_latency":4245, "lqi":100, "rssi":-90, "server_sent":280, "server_received":356, "server_bytes_rx":60, "n2r_latency":2777, "hops":1, "rtt_latency":4327, "root_time_now":2844170}
[Mote:1] {"node":"fd00::202:2:2:2", "cpu_energy_mj":18, "lpm_energy_mj":0, "radio_tx_energy_mj":2, "radio_rx_energy_mj":7, "node_time":2843208, "total_sent":156, "total_received":273, "bytes_tx":60, "bytes_rx":12, "r2n_latency":125, "lqi":100, "rssi":-84, "server_sent":282, "server_received":309, "server_bytes_rx":60, "n2r_latency":1102, "hops":0, "rtt_latency":2057, "root_time_now":2844310}
[Mote:11] Not reachable yet
[Mote:18] Not reachable yet
[Mote:12] Not reachable yet
[Mote:5] Not reachable yet
[Mote:16] Not reachable yet
[Mote:7] Not reachable yet
[Mote:4] Not reachable yet
[Mote:8] Not reachable yet
[Mote:17] Not reachable yet
[Mote:14] Not reachable yet
[Mote:6] Sensor IPv6 = fe80::206:6:6:6
[Mote:15] Not reachable yet
[Mote:13] Not reachable yet
[Mote:10] Not reachable yet
[Mote:19] Not reachable yet
[Mote:2] Sensor IPv6 = fe80::202:2:2:2
[Mote:3] Not reachable yet
[Mote:11] Not reachable yet
[Mote:9] Not reachable yet
[Mote:1] {"node":"fd00::206:6:6:6", "cpu_energy_mj":19, "lpm_energy_mj":0, "radio_tx_energy_mj":1, "radio_rx_energy_mj":8, "node_time":2852321, "total_sent":180, "total_received":276, "bytes_tx":60, "bytes_rx":12, "r2n_latency":1674, "lqi":100, "rssi":-90, "server_sent":281, "server_received":359, "server_bytes_rx":60, "n2r_latency":2279, "hops":1, "rtt_latency":2272, "root_time_now":2854600}
[Mote:1] {"node":"fd00::202:2:2:2", "cpu_energy_mj":18, "lpm_energy_mj":0, "radio_tx_energy_mj":1, "radio_rx_energy_mj":7, "node_time":2853740, "total_sent":157, "total_received":274, "bytes_tx":60, "bytes_rx":12, "r2n_latency":624, "lqi":100, "rssi":-84, "server_sent":283, "server_received":311, "server_bytes_rx":60, "n2r_latency":930, "hops":0, "rtt_latency":2097, "root_time_now":2854670}
[Mote:18] Not reachable yet
[Mote:16] Not reachable yet
[Mote:7] Not reachable yet
[Mote:12] Not reachable yet
[Mote:5] Not reachable yet
[Mote:4] Not reachable yet
[Mote:8] Not reachable yet
[Mote:17] Not reachable yet
[Mote:13] Not reachable yet
[Mote:10] Not reachable yet
[Mote:15] Not reachable yet
[Mote:14] Not reachable yet
[Mote:6] Sensor IPv6 = fe80::206:6:6:6
[Mote:19] Not reachable yet
[Mote:3] Not reachable yet
[Mote:1] {"node":"fd00::206:6:6:6", "cpu_energy_mj":19, "lpm_energy_mj":0, "radio_tx_energy_mj":0, "radio_rx_energy_mj":8, "node_time":2863250, "total_sent":181, "total_received":277, "bytes_tx":60, "bytes_rx":12, "r2n_latency":1965, "lqi":100, "rssi":-90, "server_sent":282, "server_received":361, "server_bytes_rx":60, "n2r_latency":940, "hops":1, "rtt_latency":1192, "root_time_now":2864190}
[Mote:2] Sensor IPv6 = fe80::202:2:2:2
[Mote:11] Not reachable yet
[Mote:1] {"node":"fd00::202:2:2:2", "cpu_energy_mj":18, "lpm_energy_mj":0, "radio_tx_energy_mj":1, "radio_rx_energy_mj":7, "node_time":2864269, "total_sent":158, "total_received":275, "bytes_tx":60, "bytes_rx":12, "r2n_latency":1125, "lqi":100, "rssi":-84, "server_sent":284, "server_received":313, "server_bytes_rx":60, "n2r_latency":621, "hops":0, "rtt_latency":842, "root_time_now":2864890}
[Mote:9] Not reachable yet
[Mote:16] Not reachable yet
[Mote:18] Not reachable yet
[Mote:7] Not reachable yet
[Mote:12] Not reachable yet
[Mote:5] Not reachable yet
[Mote:4] Not reachable yet
[Mote:8] Not reachable yet
[Mote:17] Not reachable yet
[Mote:13] Not reachable yet
[Mote:10] Not reachable yet
[Mote:15] Not reachable yet
[Mote:14] Not reachable yet
[Mote:6] Sensor IPv6 = fe80::206:6:6:6
[Mote:19] Not reachable yet
[Mote:3] Not reachable yet
[Mote:1] {"node":"fd00::206:6:6:6", "cpu_energy_mj":19, "lpm_energy_mj":0, "radio_tx_energy_mj":0, "radio_rx_energy_mj":8, "node_time":2874179, "total_sent":182, "total_received":277, "bytes_tx":60, "bytes_rx":12, "r2n_latency":1965, "lqi":100, "rssi":-90, "server_sent":283, "server_received":362, "server_bytes_rx":60, "n2r_latency":301, "hops":1, "rtt_latency":1192, "root_time_now":2874480}
[Mote:11] Sensor IPv6 = fe80::20b:b:b:b
[Mote:2] Sensor IPv6 = fe80::202:2:2:2
[Mote:9] Not reachable yet
[Mote:16] Not reachable yet
[Mote:18] Not reachable yet
[Mote:7] Not reachable yet
[Mote:1] {"node":"fd00::20b:b:b:b", "cpu_energy_mj":346, "lpm_energy_mj":0, "radio_tx_energy_mj":6, "radio_rx_energy_mj":1034, "node_time":2874725, "total_sent":102, "total_received":182, "bytes_tx":60, "bytes_rx":12, "r2n_latency":2105, "lqi":100, "rssi":-87, "server_sent":282, "server_received":202, "server_bytes_rx":60, "n2r_latency":6335, "hops":1, "rtt_latency":3012, "root_time_now":2881060}
[Mote:1] {"node":"fd00::202:2:2:2", "cpu_energy_mj":18, "lpm_energy_mj":0, "radio_tx_energy_mj":1, "radio_rx_energy_mj":7, "node_time":2874800, "total_sent":159, "total_received":275, "bytes_tx":60, "bytes_rx":12, "r2n_latency":1125, "lqi":100, "rssi":-84, "server_sent":286, "server_received":314, "server_bytes_rx":60, "n2r_latency":6330, "hops":0, "rtt_latency":842, "root_time_now":2881130}
[Mote:4] Not reachable yet
[Mote:12] Not reachable yet
[Mote:5] Not reachable yet
[Mote:17] Not reachable yet
[Mote:8] Not reachable yet
[Mote:13] Not reachable yet
[Mote:10] Not reachable yet
[Mote:15] Not reachable yet
[Mote:14] Not reachable yet
[Mote:3] Not reachable yet
[Mote:11] Sensor IPv6 = fe80::20b:b:b:b
[Mote:6] Sensor IPv6 = fe80::206:6:6:6
[Mote:19] Not reachable yet
[Mote:2] Sensor IPv6 = fe80::202:2:2:2
[Mote:9] Not reachable yet
[Mote:1] {"node":"fd00::20b:b:b:b", "cpu_energy_mj":18, "lpm_energy_mj":0, "radio_tx_energy_mj":0, "radio_rx_energy_mj":8, "node_time":2884847, "total_sent":103, "total_received":184, "bytes_tx":60, "bytes_rx":12, "r2n_latency":515, "lqi":100, "rssi":-87, "server_sent":282, "server_received":205, "server_bytes_rx":60, "n2r_latency":2793, "hops":1, "rtt_latency":1097, "root_time_now":2887640}
[Mote:1] {"node":"fd00::206:6:6:6", "cpu_energy_mj":19, "lpm_energy_mj":0, "radio_tx_energy_mj":0, "radio_rx_energy_mj":9, "node_time":2885109, "total_sent":183, "total_received":279, "bytes_tx":60, "bytes_rx":12, "r2n_latency":3875, "lqi":100, "rssi":-90, "server_sent":284, "server_received":365, "server_bytes_rx":60, "n2r_latency":2601, "hops":1, "rtt_latency":2392, "root_time_now":2887710}
[Mote:1] {"node":"fd00::202:2:2:2", "cpu_energy_mj":18, "lpm_energy_mj":0, "radio_tx_energy_mj":3, "radio_rx_energy_mj":6, "node_time":2885333, "total_sent":160, "total_received":277, "bytes_tx":60, "bytes_rx":12, "r2n_latency":165, "lqi":100, "rssi":-84, "server_sent":286, "server_received":317, "server_bytes_rx":60, "n2r_latency":2447, "hops":0, "rtt_latency":957, "root_time_now":2887780}
[Mote:16] Not reachable yet
[Mote:18] Not reachable yet
[Mote:7] Not reachable yet
[Mote:4] Not reachable yet
[Mote:5] Not reachable yet
[Mote:12] Not reachable yet
[Mote:17] Not reachable yet
[Mote:13] Not reachable yet
[Mote:8] Not reachable yet
[Mote:10] Not reachable yet
[Mote:15] Not reachable yet
[Mote:3] Not reachable yet
[Mote:11] Sensor IPv6 = fe80::20b:b:b:b
[Mote:14] Not reachable yet
[Mote:2] Sensor IPv6 = fe80::202:2:2:2
[Mote:6] Sensor IPv6 = fe80::206:6:6:6
[Mote:19] Not reachable yet
[Mote:9] Not reachable yet
[Mote:1] {"node":"fd00::20b:b:b:b", "cpu_energy_mj":18, "lpm_energy_mj":0, "radio_tx_energy_mj":0, "radio_rx_energy_mj":8, "node_time":2894971, "total_sent":104, "total_received":185, "bytes_tx":60, "bytes_rx":12, "r2n_latency":3605, "lqi":100, "rssi":-87, "server_sent":283, "server_received":207, "server_bytes_rx":60, "n2r_latency":3729, "hops":1, "rtt_latency":3342, "root_time_now":2898700}
[Mote:1] {"node":"fd00::202:2:2:2", "cpu_energy_mj":18, "lpm_energy_mj":0, "radio_tx_energy_mj":2, "radio_rx_energy_mj":7, "node_time":2895864, "total_sent":161, "total_received":278, "bytes_tx":60, "bytes_rx":12, "r2n_latency":3395, "lqi":100, "rssi":-84, "server_sent":287, "server_received":319, "server_bytes_rx":60, "n2r_latency":2906, "hops":0, "rtt_latency":3132, "root_time_now":2898770}
[Mote:1] {"node":"fd00::206:6:6:6", "cpu_energy_mj":19, "lpm_energy_mj":0, "radio_tx_energy_mj":0, "radio_rx_energy_mj":9, "node_time":2896037, "total_sent":184, "total_received":279, "bytes_tx":60, "bytes_rx":12, "r2n_latency":3875, "lqi":100, "rssi":-90, "server_sent":285, "server_received":366, "server_bytes_rx":60, "n2r_latency":2803, "hops":1, "rtt_latency":2392, "root_time_now":2898840}
[Mote:16] Sensor IPv6 = fe80::210:10:10:10
[Mote:1] {"node":"fd00::210:10:10:10", "cpu_energy_mj":541, "lpm_energy_mj":0, "radio_tx_energy_mj":2, "radio_rx_energy_mj":2851, "node_time":2899613, "total_sent":19, "total_received":51, "bytes_tx":60, "bytes_rx":12, "r2n_latency":4585, "lqi":100, "rssi":-41, "server_sent":275, "server_received":21, "server_bytes_rx":60, "n2r_latency":207, "hops":2, "rtt_latency":4322, "root_time_now":2899820}
[Mote:18] Not reachable yet
[Mote:7] Not reachable yet
[Mote:4] Not reachable yet
[Mote:17] Not reachable yet
[Mote:13] Not reachable yet
[Mote:5] Not reachable yet
[Mote:12] Not reachable yet
[Mote:10] Not reachable yet
[Mote:8] Not reachable yet
[Mote:15] Not reachable yet
[Mote:11] Sensor IPv6 = fe80::20b:b:b:b
[Mote:3] Not reachable yet
[Mote:1] {"node":"fd00::20b:b:b:b", "cpu_energy_mj":18, "lpm_energy_mj":0, "radio_tx_energy_mj":0, "radio_rx_energy_mj":8, "node_time":2905096, "total_sent":105, "total_received":186, "bytes_tx":60, "bytes_rx":12, "r2n_latency":3544, "lqi":100, "rssi":-87, "server_sent":284, "server_received":209, "server_bytes_rx":60, "n2r_latency":324, "hops":1, "rtt_latency":1982, "root_time_now":2905420}
[Mote:14] Not reachable yet
[Mote:2] Sensor IPv6 = fe80::202:2:2:2
[Mote:1] {"node":"fd00::202:2:2:2", "cpu_energy_mj":18, "lpm_energy_mj":0, "radio_tx_energy_mj":2, "radio_rx_energy_mj":6, "node_time":2906393, "total_sent":162, "total_received":279, "bytes_tx":60, "bytes_rx":12, "r2n_latency":2424, "lqi":100, "rssi":-84, "server_sent":288, "server_received":321, "server_bytes_rx":60, "n2r_latency":217, "hops":0, "rtt_latency":1282, "root_time_now":2906610}
[Mote:6] Sensor IPv6 = fe80::206:6:6:6
[Mote:19] Not reachable yet
[Mote:9] Not reachable yet
[Mote:16] Sensor IPv6 = fe80::210:10:10:10
[Mote:1] {"node":"fd00::206:6:6:6", "cpu_energy_mj":19, "lpm_energy_mj":0, "radio_tx_energy_mj":1, "radio_rx_energy_mj":8, "node_time":2906967, "total_sent":185, "total_received":281, "bytes_tx":60, "bytes_rx":12, "r2n_latency":2844, "lqi":100, "rssi":-90, "server_sent":286, "server_received":369, "server_bytes_rx":60, "n2r_latency":2863, "hops":1, "rtt_latency":1807, "root_time_now":2909830}
[Mote:18] Not reachable yet
[Mote:7] Not reachable yet
[Mote:13] Not reachable yet
[Mote:17] Not reachable yet
[Mote:4] Not reachable yet
[Mote:10] Not reachable yet
[Mote:8] Not reachable yet
[Mote:5] Not reachable yet
[Mote:12] Not reachable yet
[Mote:11] Sensor IPv6 = fe80::20b:b:b:b
[Mote:3] Not reachable yet
[Mote:15] Not reachable yet
[Mote:14] Not reachable yet
[Mote:2] Sensor IPv6 = fe80::202:2:2:2
[Mote:1] {"node":"fd00::202:2:2:2", "cpu_energy_mj":18, "lpm_energy_mj":0, "radio_tx_energy_mj":2, "radio_rx_energy_mj":7, "node_time":2916926, "total_sent":163, "total_received":280, "bytes_tx":60, "bytes_rx":12, "r2n_latency":266, "lqi":100, "rssi":-84, "server_sent":289, "server_received":323, "server_bytes_rx":60, "n2r_latency":44, "hops":0, "rtt_latency":273, "root_time_now":2916970}
[Mote:1] {"node":"fd00::20b:b:b:b", "cpu_energy_mj":18, "lpm_energy_mj":0, "radio_tx_energy_mj":0, "radio_rx_energy_mj":8, "node_time":2915218, "total_sent":106, "total_received":187, "bytes_tx":60, "bytes_rx":12, "r2n_latency":1316, "lqi":100, "rssi":-87, "server_sent":285, "server_received":211, "server_bytes_rx":60, "n2r_latency":2662, "hops":1, "rtt_latency":728, "root_time_now":2917880}
[Mote:6] Sensor IPv6 = fe80::206:6:6:6
[Mote:9] Not reachable yet
[Mote:1] {"node":"fd00::206:6:6:6", "cpu_energy_mj":19, "lpm_energy_mj":0, "radio_tx_energy_mj":1, "radio_rx_energy_mj":8, "node_time":2917898, "total_sent":186, "total_received":282, "bytes_tx":60, "bytes_rx":12, "r2n_latency":5096, "lqi":100, "rssi":-90, "server_sent":287, "server_received":371, "server_bytes_rx":60, "n2r_latency":122, "hops":1, "rtt_latency":3388, "root_time_now":2918020}
[Mote:19] Not reachable yet
[Mote:16] Sensor IPv6 = fe80::210:10:10:10
[Mote:18] Not reachable yet
[Mote:7] Not reachable yet
[Mote:13] Not reachable yet
[Mote:17] Not reachable yet
[Mote:10] Not reachable yet
[Mote:4] Not reachable yet
[Mote:8] Not reachable yet
[Mote:5] Not reachable yet
[Mote:12] Not reachable yet
[Mote:11] Sensor IPv6 = fe80::20b:b:b:b
[Mote:3] Not reachable yet
[Mote:15] Not reachable yet
[Mote:2] Sensor IPv6 = fe80::202:2:2:2
[Mote:14] Not reachable yet
[Mote:1] {"node":"fd00::20b:b:b:b", "cpu_energy_mj":18, "lpm_energy_mj":0, "radio_tx_energy_mj":0, "radio_rx_energy_mj":8, "node_time":2925340, "total_sent":107, "total_received":188, "bytes_tx":60, "bytes_rx":12, "r2n_latency":1604, "lqi":100, "rssi":-87, "server_sent":286, "server_received":213, "server_bytes_rx":60, "n2r_latency":2760, "hops":1, "rtt_latency":4022, "root_time_now":2928100}
[Mote:1] {"node":"fd00::202:2:2:2", "cpu_energy_mj":18, "lpm_energy_mj":0, "radio_tx_energy_mj":1, "radio_rx_energy_mj":7, "node_time":2927456, "total_sent":164, "total_received":281, "bytes_tx":60, "bytes_rx":12, "r2n_latency":204, "lqi":100, "rssi":-84, "server_sent":290, "server_received":325, "server_bytes_rx":60, "n2r_latency":714, "hops":0, "rtt_latency":382, "root_time_now":2928170}
[Mote:9] Not reachable yet
[Mote:6] Sensor IPv6 = fe80::206:6:6:6
[Mote:1] {"node":"fd00::206:6:6:6", "cpu_energy_mj":19, "lpm_energy_mj":0, "radio_tx_energy_mj":0, "radio_rx_energy_mj":8, "node_time":2928824, "total_sent":187, "total_received":283, "bytes_tx":60, "bytes_rx":12, "r2n_latency":624, "lqi":100, "rssi":-90, "server_sent":288, "server_received":373, "server_bytes_rx":60, "n2r_latency":116, "hops":1, "rtt_latency":1152, "root_time_now":2928940}
[Mote:19] Not reachable yet
[Mote:16] Sensor IPv6 = fe80::210:10:10:10
[Mote:18] Not reachable yet
[Mote:13] Not reachable yet
[Mote:7] Not reachable yet
[Mote:17] Not reachable yet
[Mote:10] Not reachable yet
[Mote:4] Not reachable yet
[Mote:8] Not reachable yet
[Mote:11] Sensor IPv6 = fe80::20b:b:b:b
[Mote:5] Not reachable yet
[Mote:12] Not reachable yet
[Mote:3] Not reachable yet
[Mote:15] Not reachable yet
[Mote:1] {"node":"fd00::20b:b:b:b", "cpu_energy_mj":18, "lpm_energy_mj":0, "radio_tx_energy_mj":0, "radio_rx_energy_mj":8, "node_time":2935463, "total_sent":108, "total_received":189, "bytes_tx":60, "bytes_rx":12, "r2n_latency":1614, "lqi":100, "rssi":-87, "server_sent":287, "server_received":215, "server_bytes_rx":60, "n2r_latency":1457, "hops":1, "rtt_latency":1542, "root_time_now":2936920}
[Mote:2] Sensor IPv6 = fe80::202:2:2:2
[Mote:1] {"node":"fd00::202:2:2:2", "cpu_energy_mj":18, "lpm_energy_mj":0, "radio_tx_energy_mj":2, "radio_rx_energy_mj":7, "node_time":2937986, "total_sent":165, "total_received":282, "bytes_tx":60, "bytes_rx":12, "r2n_latency":214, "lqi":100, "rssi":-84, "server_sent":291, "server_received":327, "server_bytes_rx":60, "n2r_latency":54, "hops":0, "rtt_latency":1402, "root_time_now":2938040}
[Mote:14] Not reachable yet
[Mote:9] Not reachable yet
[Mote:16] Not reachable yet
[Mote:6] Sensor IPv6 = fe80::206:6:6:6
[Mote:1] {"node":"fd00::206:6:6:6", "cpu_energy_mj":19, "lpm_energy_mj":0, "radio_tx_energy_mj":1, "radio_rx_energy_mj":8, "node_time":2939753, "total_sent":188, "total_received":284, "bytes_tx":60, "bytes_rx":12, "r2n_latency":634, "lqi":100, "rssi":-90, "server_sent":289, "server_received":375, "server_bytes_rx":60, "n2r_latency":177, "hops":1, "rtt_latency":1682, "root_time_now":2939930}
[Mote:19] Not reachable yet
[Mote:13] Not reachable yet
[Mote:18] Not reachable yet
[Mote:7] Not reachable yet
[Mote:17] Not reachable yet
[Mote:10] Not reachable yet
[Mote:4] Not reachable yet
[Mote:8] Not reachable yet
[Mote:11] Sensor IPv6 = fe80::20b:b:b:b
[Mote:3] Not reachable yet
[Mote:5] Not reachable yet
[Mote:1] {"node":"fd00::20b:b:b:b", "cpu_energy_mj":18, "lpm_energy_mj":0, "radio_tx_energy_mj":0, "radio_rx_energy_mj":8, "node_time":2945585, "total_sent":109, "total_received":190, "bytes_tx":60, "bytes_rx":12, "r2n_latency":1067, "lqi":100, "rssi":-87, "server_sent":288, "server_received":217, "server_bytes_rx":60, "n2r_latency":995, "hops":1, "rtt_latency":2913, "root_time_now":2946580}
[Mote:12] Not reachable yet
[Mote:15] Not reachable yet
[Mote:2] Sensor IPv6 = fe80::202:2:2:2
[Mote:14] Not reachable yet
[Mote:9] Not reachable yet
[Mote:16] Not reachable yet
[Mote:6] Sensor IPv6 = fe80::206:6:6:6
[Mote:19] Not reachable yet
[Mote:1] {"node":"fd00::202:2:2:2", "cpu_energy_mj":18, "lpm_energy_mj":0, "radio_tx_energy_mj":2, "radio_rx_energy_mj":7, "node_time":2948521, "total_sent":166, "total_received":283, "bytes_tx":60, "bytes_rx":12, "r2n_latency":87, "lqi":100, "rssi":-84, "server_sent":293, "server_received":329, "server_bytes_rx":60, "n2r_latency":3379, "hops":0, "rtt_latency":2878, "root_time_now":2951900}
[Mote:1] {"node":"fd00::206:6:6:6", "cpu_energy_mj":19, "lpm_energy_mj":0, "radio_tx_energy_mj":0, "radio_rx_energy_mj":8, "node_time":2950682, "total_sent":189, "total_received":285, "bytes_tx":60, "bytes_rx":12, "r2n_latency":6037, "lqi":100, "rssi":-90, "server_sent":291, "server_received":377, "server_bytes_rx":60, "n2r_latency":1708, "hops":1, "rtt_latency":5853, "root_time_now":2952390}
[Mote:13] Not reachable yet
[Mote:18] Not reachable yet
[Mote:17] Not reachable yet
[Mote:7] Not reachable yet
[Mote:10] Not reachable yet
[Mote:4] Not reachable yet
[Mote:11] Sensor IPv6 = fe80::20b:b:b:b
[Mote:1] {"node":"fd00::20b:b:b:b", "cpu_energy_mj":18, "lpm_energy_mj":0, "radio_tx_energy_mj":0, "radio_rx_energy_mj":8, "node_time":2955709, "total_sent":110, "total_received":191, "bytes_tx":60, "bytes_rx":12, "r2n_latency":3383, "lqi":100, "rssi":-87, "server_sent":289, "server_received":219, "server_bytes_rx":60, "n2r_latency":111, "hops":1, "rtt_latency":2111, "root_time_now":2955820}
[Mote:8] Not reachable yet
[Mote:3] Not reachable yet
[Mote:5] Not reachable yet
[Mote:15] Not reachable yet
[Mote:12] Not reachable yet
[Mote:2] Sensor IPv6 = fe80::202:2:2:2
[Mote:1] {"node":"fd00::202:2:2:2", "cpu_energy_mj":18, "lpm_energy_mj":0, "radio_tx_energy_mj":1, "radio_rx_energy_mj":7, "node_time":2959048, "total_sent":167, "total_received":284, "bytes_tx":60, "bytes_rx":12, "r2n_latency":1353, "lqi":100, "rssi":-84, "server_sent":293, "server_received":331, "server_bytes_rx":60, "n2r_latency":132, "hops":0, "rtt_latency":991, "root_time_now":2959180}
[Mote:16] Not reachable yet
[Mote:14] Not reachable yet
[Mote:9] Not reachable yet
[Mote:6] Sensor IPv6 = fe80::206:6:6:6
[Mote:19] Not reachable yet
[Mote:1] {"node":"fd00::206:6:6:6", "cpu_energy_mj":19, "lpm_energy_mj":0, "radio_tx_energy_mj":0, "radio_rx_energy_mj":8, "node_time":2961611, "total_sent":190, "total_received":286, "bytes_tx":60, "bytes_rx":12, "r2n_latency":1843, "lqi":100, "rssi":-90, "server_sent":292, "server_received":379, "server_bytes_rx":60, "n2r_latency":1279, "hops":1, "rtt_latency":1306, "root_time_now":2962890}
[Mote:13] Not reachable yet
[Mote:17] Not reachable yet
[Mote:18] Not reachable yet
[Mote:10] Not reachable yet
[Mote:7] Not reachable yet
[Mote:11] Sensor IPv6 = fe80::20b:b:b:b
[Mote:4] Not reachable yet
[Mote:8] Not reachable yet
[Mote:1] {"node":"fd00::20b:b:b:b", "cpu_energy_mj":18, "lpm_energy_mj":0, "radio_tx_energy_mj":0, "radio_rx_energy_mj":8, "node_time":2965832, "total_sent":111, "total_received":192, "bytes_tx":60, "bytes_rx":12, "r2n_latency":5215, "lqi":100, "rssi":-87, "server_sent":290, "server_received":221, "server_bytes_rx":60, "n2r_latency":558, "hops":1, "rtt_latency":2852, "root_time_now":2966390}
[Mote:3] Not reachable yet
[Mote:15] Not reachable yet
[Mote:5] Not reachable yet
[Mote:12] Not reachable yet
[Mote:2] Sensor IPv6 = fe80::202:2:2:2
[Mote:1] {"node":"fd00::202:2:2:2", "cpu_energy_mj":18, "lpm_energy_mj":0, "radio_tx_energy_mj":2, "radio_rx_energy_mj":7, "node_time":2969580, "total_sent":168, "total_received":285, "bytes_tx":60, "bytes_rx":12, "r2n_latency":4375, "lqi":100, "rssi":-84, "server_sent":294, "server_received":333, "server_bytes_rx":60, "n2r_latency":100, "hops":0, "rtt_latency":2327, "root_time_now":2969680}
[Mote:16] Not reachable yet
[Mote:14] Not reachable yet
[Mote:9] Not reachable yet
[Mote:6] Sensor IPv6 = fe80::206:6:6:6
[Mote:19] Not reachable yet
[Mote:1] {"node":"fd00::206:6:6:6", "cpu_energy_mj":19, "lpm_energy_mj":0, "radio_tx_energy_mj":0, "radio_rx_energy_mj":8, "node_time":2972539, "total_sent":191, "total_received":287, "bytes_tx":60, "bytes_rx":12, "r2n_latency":5775, "lqi":100, "rssi":-90, "server_sent":293, "server_received":381, "server_bytes_rx":60, "n2r_latency":431, "hops":1, "rtt_latency":2957, "root_time_now":2972970}
[Mote:13] Not reachable yet
[Mote:17] Not reachable yet
[Mote:10] Not reachable yet
[Mote:18] Not reachable yet
[Mote:7] Not reachable yet
[Mote:11] Sensor IPv6 = fe80::20b:b:b:b
[Mote:4] Not reachable yet
[Mote:8] Not reachable yet
[Mote:3] Not reachable yet
[Mote:1] {"node":"fd00::20b:b:b:b", "cpu_energy_mj":18, "lpm_energy_mj":0, "radio_tx_energy_mj":0, "radio_rx_energy_mj":8, "node_time":2975954, "total_sent":112, "total_received":192, "bytes_tx":60, "bytes_rx":12, "r2n_latency":5215, "lqi":100, "rssi":-87, "server_sent":291, "server_received":222, "server_bytes_rx":60, "n2r_latency":1146, "hops":1, "rtt_latency":2852, "root_time_now":2977100}
[Mote:15] Not reachable yet
[Mote:5] Not reachable yet
[Mote:12] Not reachable yet
[Mote:16] Not reachable yet
[Mote:2] Sensor IPv6 = fe80::202:2:2:2
[Mote:1] {"node":"fd00::202:2:2:2", "cpu_energy_mj":18, "lpm_energy_mj":0, "radio_tx_energy_mj":1, "radio_rx_energy_mj":7, "node_time":2980112, "total_sent":169, "total_received":286, "bytes_tx":60, "bytes_rx":12, "r2n_latency":4104, "lqi":100, "rssi":-84, "server_sent":296, "server_received":335, "server_bytes_rx":60, "n2r_latency":68, "hops":0, "rtt_latency":2507, "root_time_now":2980180}
[Mote:9] Not reachable yet
[Mote:14] Not reachable yet
[Mote:6] Sensor IPv6 = fe80::206:6:6:6
[Mote:19] Not reachable yet
[Mote:13] Not reachable yet
[Mote:1] {"node":"fd00::206:6:6:6", "cpu_energy_mj":19, "lpm_energy_mj":0, "radio_tx_energy_mj":1, "radio_rx_energy_mj":8, "node_time":2983469, "total_sent":192, "total_received":288, "bytes_tx":60, "bytes_rx":12, "r2n_latency":6904, "lqi":100, "rssi":-90, "server_sent":294, "server_received":383, "server_bytes_rx":60, "n2r_latency":631, "hops":1, "rtt_latency":3592, "root_time_now":2984100}
[Mote:17] Not reachable yet
[Mote:10] Not reachable yet
[Mote:18] Not reachable yet
[Mote:7] Not reachable yet
[Mote:11] Sensor IPv6 = fe80::20b:b:b:b
[Mote:1] {"node":"fd00::20b:b:b:b", "cpu_energy_mj":18, "lpm_energy_mj":0, "radio_tx_energy_mj":0, "radio_rx_energy_mj":8, "node_time":2986080, "total_sent":113, "total_received":193, "bytes_tx":60, "bytes_rx":12, "r2n_latency":7394, "lqi":100, "rssi":-87, "server_sent":292, "server_received":224, "server_bytes_rx":60, "n2r_latency":120, "hops":1, "rtt_latency":3977, "root_time_now":2986200}
[Mote:4] Not reachable yet
[Mote:3] Not reachable yet
[Mote:8] Not reachable yet
[Mote:15] Not reachable yet
[Mote:5] Not reachable yet
[Mote:16] Not reachable yet
[Mote:12] Not reachable yet
[Mote:2] Sensor IPv6 = fe80::202:2:2:2
[Mote:9] Not reachable yet
[Mote:14] Not reachable yet
[Mote:1] {"node":"fd00::202:2:2:2", "cpu_energy_mj":18, "lpm_energy_mj":0, "radio_tx_energy_mj":1, "radio_rx_energy_mj":7, "node_time":2990643, "total_sent":170, "total_received":287, "bytes_tx":60, "bytes_rx":12, "r2n_latency":1453, "lqi":100, "rssi":-84, "server_sent":297, "server_received":337, "server_bytes_rx":60, "n2r_latency":2207, "hops":0, "rtt_latency":2021, "root_time_now":2992850}
[Mote:13] Not reachable yet
[Mote:6] Sensor IPv6 = fe80::206:6:6:6
[Mote:19] Not reachable yet
[Mote:17] Not reachable yet
[Mote:10] Not reachable yet
[Mote:18] Not reachable yet
[Mote:7] Not reachable yet
[Mote:11] Sensor IPv6 = fe80::20b:b:b:b
[Mote:3] Not reachable yet
[Mote:8] Not reachable yet
[Mote:4] Not reachable yet
[Mote:15] Not reachable yet
[Mote:16] Not reachable yet
[Mote:5] Not reachable yet
[Mote:1] {"node":"fd00::20b:b:b:b", "cpu_energy_mj":18, "lpm_energy_mj":0, "radio_tx_energy_mj":0, "radio_rx_energy_mj":8, "node_time":2996203, "total_sent":114, "total_received":194, "bytes_tx":60, "bytes_rx":12, "r2n_latency":7753, "lqi":100, "rssi":-87, "server_sent":294, "server_received":226, "server_bytes_rx":60, "n2r_latency":4697, "hops":1, "rtt_latency":5836, "root_time_now":3000900}
[Mote:12] Not reachable yet
[Mote:2] Not reachable yet
[Mote:9] Not reachable yet
[Mote:14] Not reachable yet
[Mote:13] Not reachable yet
[Mote:17] Not reachable yet
[Mote:10] Not reachable yet
[Mote:6] Sensor IPv6 = fe80::206:6:6:6
[Mote:19] Not reachable yet
[Mote:11] Sensor IPv6 = fe80::20b:b:b:b
[Mote:7] Not reachable yet
[Mote:18] Not reachable yet
[Mote:3] Not reachable yet
[Mote:8] Not reachable yet
[Mote:4] Not reachable yet
[Mote:16] Not reachable yet
[Mote:15] Not reachable yet
[Mote:5] Not reachable yet
[Mote:2] Not reachable yet
[Mote:12] Not reachable yet
[Mote:9] Not reachable yet
[Mote:1] {"node":"fd00::206:6:6:6", "cpu_energy_mj":19, "lpm_energy_mj":0, "radio_tx_energy_mj":0, "radio_rx_energy_mj":8, "node_time":3005328, "total_sent":194, "total_received":291, "bytes_tx":60, "bytes_rx":12, "r2n_latency":4204, "lqi":100, "rssi":-90, "server_sent":297, "server_received":387, "server_bytes_rx":60, "n2r_latency":7822, "hops":1, "rtt_latency":4622, "root_time_now":3013150}
[Mote:1] {"node":"fd00::20b:b:b:b", "cpu_energy_mj":18, "lpm_energy_mj":0, "radio_tx_energy_mj":0, "radio_rx_energy_mj":8, "node_time":3006324, "total_sent":115, "total_received":196, "bytes_tx":60, "bytes_rx":12, "r2n_latency":1544, "lqi":100, "rssi":-87, "server_sent":295, "server_received":229, "server_bytes_rx":60, "n2r_latency":7176, "hops":1, "rtt_latency":982, "root_time_now":3013500}
[Mote:14] Not reachable yet
[Mote:13] Not reachable yet
[Mote:17] Not reachable yet
[Mote:10] Not reachable yet
[Mote:6] Sensor IPv6 = fe80::206:6:6:6
[Mote:1] {"node":"fd00::206:6:6:6", "cpu_energy_mj":19, "lpm_energy_mj":0, "radio_tx_energy_mj":1, "radio_rx_energy_mj":8, "node_time":3016256, "total_sent":195, "total_received":292, "bytes_tx":60, "bytes_rx":12, "r2n_latency":4425, "lqi":100, "rssi":-90, "server_sent":297, "server_received":389, "server_bytes_rx":60, "n2r_latency":114, "hops":1, "rtt_latency":2597, "root_time_now":3016370}
[Mote:11] Sensor IPv6 = fe80::20b:b:b:b
[Mote:19] Not reachable yet
[Mote:1] {"node":"fd00::20b:b:b:b", "cpu_energy_mj":18, "lpm_energy_mj":0, "radio_tx_energy_mj":0, "radio_rx_energy_mj":8, "node_time":3016449, "total_sent":116, "total_received":197, "bytes_tx":60, "bytes_rx":12, "r2n_latency":1275, "lqi":100, "rssi":-87, "server_sent":295, "server_received":231, "server_bytes_rx":60, "n2r_latency":271, "hops":1, "rtt_latency":1967, "root_time_now":3016720}
[Mote:7] Not reachable yet
[Mote:18] Not reachable yet
[Mote:3] Not reachable yet
[Mote:8] Not reachable yet
[Mote:4] Not reachable yet
[Mote:16] Not reachable yet
[Mote:15] Not reachable yet
[Mote:5] Not reachable yet
[Mote:2] Sensor IPv6 = fe80::202:2:2:2
[Mote:12] Not reachable yet
[Mote:9] Not reachable yet
[Mote:1] {"node":"fd00::202:2:2:2", "cpu_energy_mj":56, "lpm_energy_mj":0, "radio_tx_energy_mj":8, "radio_rx_energy_mj":20, "node_time":3022236, "total_sent":171, "total_received":291, "bytes_tx":60, "bytes_rx":12, "r2n_latency":24, "lqi":100, "rssi":-84, "server_sent":300, "server_received":341, "server_bytes_rx":60, "n2r_latency":1624, "hops":0, "rtt_latency":642, "root_time_now":3023860}
[Mote:13] Not reachable yet
[Mote:14] Not reachable yet
[Mote:17] Not reachable yet
[Mote:10] Not reachable yet
[Mote:11] Sensor IPv6 = fe80::20b:b:b:b
[Mote:1] {"node":"fd00::20b:b:b:b", "cpu_energy_mj":18, "lpm_energy_mj":0, "radio_tx_energy_mj":0, "radio_rx_energy_mj":8, "node_time":3026572, "total_sent":117, "total_received":198, "bytes_tx":60, "bytes_rx":12, "r2n_latency":794, "lqi":100, "rssi":-87, "server_sent":296, "server_received":233, "server_bytes_rx":60, "n2r_latency":88, "hops":1, "rtt_latency":1902, "root_time_now":3026660}
[Mote:6] Sensor IPv6 = fe80::206:6:6:6
[Mote:19] Not reachable yet
[Mote:7] Not reachable yet
[Mote:18] Not reachable yet
[Mote:1] {"node":"fd00::206:6:6:6", "cpu_energy_mj":19, "lpm_energy_mj":0, "radio_tx_energy_mj":0, "radio_rx_energy_mj":8, "node_time":3027185, "total_sent":196, "total_received":293, "bytes_tx":60, "bytes_rx":12, "r2n_latency":304, "lqi":100, "rssi":-90, "server_sent":298, "server_received":391, "server_bytes_rx":60, "n2r_latency":805, "hops":1, "rtt_latency":1867, "root_time_now":3027990}
[Mote:3] Not reachable yet
[Mote:8] Not reachable yet
[Mote:4] Not reachable yet
[Mote:16] Not reachable yet
[Mote:15] Not reachable yet
[Mote:2] Sensor IPv6 = fe80::202:2:2:2
[Mote:1] {"node":"fd00::202:2:2:2", "cpu_energy_mj":18, "lpm_energy_mj":0, "radio_tx_energy_mj":1, "radio_rx_energy_mj":7, "node_time":3032767, "total_sent":172, "total_received":292, "bytes_tx":60, "bytes_rx":12, "r2n_latency":35, "lqi":100, "rssi":-84, "server_sent":301, "server_received":343, "server_bytes_rx":60, "n2r_latency":53, "hops":0, "rtt_latency":367, "root_time_now":3032820}
[Mote:5] Not reachable yet
[Mote:12] Not reachable yet
[Mote:9] Not reachable yet
[Mote:13] Not reachable yet
[Mote:14] Not reachable yet
[Mote:17] Not reachable yet
[Mote:10] Not reachable yet
[Mote:11] Sensor IPv6 = fe80::20b:b:b:b
[Mote:1] {"node":"fd00::20b:b:b:b", "cpu_energy_mj":18, "lpm_energy_mj":0, "radio_tx_energy_mj":0, "radio_rx_energy_mj":8, "node_time":3036695, "total_sent":118, "total_received":199, "bytes_tx":60, "bytes_rx":12, "r2n_latency":1995, "lqi":100, "rssi":-87, "server_sent":297, "server_received":235, "server_bytes_rx":60, "n2r_latency":395, "hops":1, "rtt_latency":1067, "root_time_now":3037090}
[Mote:7] Not reachable yet
[Mote:6] Sensor IPv6 = fe80::206:6:6:6
[Mote:19] Not reachable yet
[Mote:18] Not reachable yet
[Mote:1] {"node":"fd00::206:6:6:6", "cpu_energy_mj":19, "lpm_energy_mj":0, "radio_tx_energy_mj":0, "radio_rx_energy_mj":9, "node_time":3038114, "total_sent":197, "total_received":294, "bytes_tx":60, "bytes_rx":12, "r2n_latency":2205, "lqi":100, "rssi":-90, "server_sent":299, "server_received":393, "server_bytes_rx":60, "n2r_latency":236, "hops":1, "rtt_latency":1242, "root_time_now":3038350}
[Mote:3] Not reachable yet
[Mote:8] Not reachable yet
[Mote:16] Not reachable yet
[Mote:4] Not reachable yet
[Mote:15] Not reachable yet
[Mote:2] Sensor IPv6 = fe80::202:2:2:2
[Mote:5] Not reachable yet
[Mote:12] Not reachable yet
[Mote:13] Not reachable yet
[Mote:9] Not reachable yet
[Mote:17] Not reachable yet
[Mote:14] Not reachable yet
[Mote:10] Not reachable yet
[Mote:11] Sensor IPv6 = fe80::20b:b:b:b
[Mote:1] {"node":"fd00::202:2:2:2", "cpu_energy_mj":18, "lpm_energy_mj":0, "radio_tx_energy_mj":1, "radio_rx_energy_mj":7, "node_time":3043297, "total_sent":173, "total_received":293, "bytes_tx":60, "bytes_rx":12, "r2n_latency":45, "lqi":100, "rssi":-84, "server_sent":302, "server_received":345, "server_bytes_rx":60, "n2r_latency":4503, "hops":0, "rtt_latency":92, "root_time_now":3047800}
[Mote:1] {"node":"fd00::20b:b:b:b", "cpu_energy_mj":18, "lpm_energy_mj":0, "radio_tx_energy_mj":0, "radio_rx_energy_mj":8, "node_time":3046818, "total_sent":119, "total_received":200, "bytes_tx":60, "bytes_rx":12, "r2n_latency":745, "lqi":100, "rssi":-87, "server_sent":298, "server_received":237, "server_bytes_rx":60, "n2r_latency":1052, "hops":1, "rtt_latency":2122, "root_time_now":3047870}
[Mote:7] Not reachable yet
[Mote:18] Not reachable yet
[Mote:3] Not reachable yet
[Mote:6] Sensor IPv6 = fe80::206:6:6:6
[Mote:1] {"node":"fd00::206:6:6:6", "cpu_energy_mj":19, "lpm_energy_mj":0, "radio_tx_energy_mj":1, "radio_rx_energy_mj":8, "node_time":3049043, "total_sent":198, "total_received":295, "bytes_tx":60, "bytes_rx":12, "r2n_latency":675, "lqi":100, "rssi":-90, "server_sent":300, "server_received":395, "server_bytes_rx":60, "n2r_latency":157, "hops":1, "rtt_latency":2192, "root_time_now":3049200}
[Mote:19] Not reachable yet
[Mote:16] Not reachable yet
[Mote:8] Not reachable yet
[Mote:4] Not reachable yet
[Mote:15] Not reachable yet
[Mote:2] Sensor IPv6 = fe80::202:2:2:2
[Mote:1] {"node":"fd00::202:2:2:2", "cpu_energy_mj":18, "lpm_energy_mj":0, "radio_tx_energy_mj":1, "radio_rx_energy_mj":7, "node_time":3053829, "total_sent":174, "total_received":294, "bytes_tx":60, "bytes_rx":12, "r2n_latency":54, "lqi":100, "rssi":-84, "server_sent":303, "server_received":347, "server_bytes_rx":60, "n2r_latency":271, "hops":0, "rtt_latency":937, "root_time_now":3054100}
[Mote:5] Not reachable yet
[Mote:13] Not reachable yet
[Mote:12] Not reachable yet
[Mote:9] Not reachable yet
[Mote:17] Not reachable yet
[Mote:10] Not reachable yet
[Mote:14] Not reachable yet
[Mote:11] Sensor IPv6 = fe80::20b:b:b:b
[Mote:1] {"node":"fd00::20b:b:b:b", "cpu_energy_mj":18, "lpm_energy_mj":0, "radio_tx_energy_mj":0, "radio_rx_energy_mj":8, "node_time":3056941, "total_sent":120, "total_received":201, "bytes_tx":60, "bytes_rx":12, "r2n_latency":4044, "lqi":100, "rssi":-87, "server_sent":299, "server_received":239, "server_bytes_rx":60, "n2r_latency":939, "hops":1, "rtt_latency":2407, "root_time_now":3057880}
[Mote:7] Not reachable yet
[Mote:3] Not reachable yet
[Mote:18] Not reachable yet
[Mote:6] Sensor IPv6 = fe80::206:6:6:6
[Mote:16] Not reachable yet
[Mote:19] Not reachable yet
[Mote:1] {"node":"fd00::206:6:6:6", "cpu_energy_mj":19, "lpm_energy_mj":0, "radio_tx_energy_mj":0, "radio_rx_energy_mj":9, "node_time":3059972, "total_sent":199, "total_received":296, "bytes_tx":60, "bytes_rx":12, "r2n_latency":2014, "lqi":100, "rssi":-90, "server_sent":302, "server_received":397, "server_bytes_rx":60, "n2r_latency":288, "hops":1, "rtt_latency":1077, "root_time_now":3060260}
[Mote:8] Not reachable yet
[Mote:4] Not reachable yet
[Mote:15] Not reachable yet
[Mote:2] Sensor IPv6 = fe80::202:2:2:2
[Mote:13] Not reachable yet
[Mote:1] {"node":"fd00::202:2:2:2", "cpu_energy_mj":18, "lpm_energy_mj":0, "radio_tx_energy_mj":1, "radio_rx_energy_mj":7, "node_time":3064360, "total_sent":175, "total_received":295, "bytes_tx":60, "bytes_rx":12, "r2n_latency":3425, "lqi":100, "rssi":-84, "server_sent":304, "server_received":349, "server_bytes_rx":60, "n2r_latency":800, "hops":0, "rtt_latency":2552, "root_time_now":3065160}
[Mote:5] Not reachable yet
[Mote:9] Not reachable yet
[Mote:12] Not reachable yet
[Mote:17] Not reachable yet
[Mote:10] Not reachable yet
[Mote:11] Sensor IPv6 = fe80::20b:b:b:b
[Mote:1] {"node":"fd00::20b:b:b:b", "cpu_energy_mj":18, "lpm_energy_mj":0, "radio_tx_energy_mj":0, "radio_rx_energy_mj":7, "node_time":3067062, "total_sent":121, "total_received":202, "bytes_tx":60, "bytes_rx":12, "r2n_latency":6295, "lqi":100, "rssi":-87, "server_sent":300, "server_received":241, "server_bytes_rx":60, "n2r_latency":128, "hops":1, "rtt_latency":3532, "root_time_now":3067190}
[Mote:14] Not reachable yet
[Mote:3] Not reachable yet
[Mote:7] Not reachable yet
[Mote:18] Not reachable yet
[Mote:16] Not reachable yet
[Mote:6] Sensor IPv6 = fe80::206:6:6:6
[Mote:19] Not reachable yet
[Mote:8] Not reachable yet
[Mote:4] Not reachable yet
[Mote:15] Not reachable yet
[Mote:13] Not reachable yet
[Mote:2] Sensor IPv6 = fe80::202:2:2:2
[Mote:5] Not reachable yet
[Mote:9] Not reachable yet
[Mote:17] Not reachable yet
[Mote:10] Not reachable yet
[Mote:12] Not reachable yet
[Mote:11] Sensor IPv6 = fe80::20b:b:b:b
[Mote:1] {"node":"fd00::206:6:6:6", "cpu_energy_mj":19, "lpm_energy_mj":0, "radio_tx_energy_mj":0, "radio_rx_energy_mj":8, "node_time":3070901, "total_sent":200, "total_received":297, "bytes_tx":60, "bytes_rx":12, "r2n_latency":6435, "lqi":100, "rssi":-90, "server_sent":303, "server_received":399, "server_bytes_rx":60, "n2r_latency":6509, "hops":1, "rtt_latency":3287, "root_time_now":3077410}
[Mote:14] Not reachable yet
[Mote:1] {"node":"fd00::202:2:2:2", "cpu_energy_mj":18, "lpm_energy_mj":0, "radio_tx_energy_mj":1, "radio_rx_energy_mj":7, "node_time":3074891, "total_sent":176, "total_received":296, "bytes_tx":60, "bytes_rx":12, "r2n_latency":706, "lqi":100, "rssi":-84, "server_sent":305, "server_received":351, "server_bytes_rx":60, "n2r_latency":3429, "hops":0, "rtt_latency":3678, "root_time_now":3078320}
[Mote:1] {"node":"fd00::20b:b:b:b", "cpu_energy_mj":18, "lpm_energy_mj":0, "radio_tx_energy_mj":1, "radio_rx_energy_mj":7, "node_time":3077184, "total_sent":122, "total_received":203, "bytes_tx":60, "bytes_rx":12, "r2n_latency":4416, "lqi":100, "rssi":-87, "server_sent":301, "server_received":243, "server_bytes_rx":60, "n2r_latency":1206, "hops":1, "rtt_latency":4133, "root_time_now":3078390}
[Mote:3] Not reachable yet
[Mote:7] Not reachable yet
[Mote:16] Not reachable yet
[Mote:18] Not reachable yet
[Mote:8] Not reachable yet
[Mote:6] Sensor IPv6 = fe80::206:6:6:6
[Mote:19] Not reachable yet
[Mote:4] Not reachable yet
[Mote:1] {"node":"fd00::206:6:6:6", "cpu_energy_mj":19, "lpm_energy_mj":0, "radio_tx_energy_mj":0, "radio_rx_energy_mj":8, "node_time":3081830, "total_sent":201, "total_received":298, "bytes_tx":60, "bytes_rx":12, "r2n_latency":7636, "lqi":100, "rssi":-90, "server_sent":304, "server_received":401, "server_bytes_rx":60, "n2r_latency":1740, "hops":1, "rtt_latency":4238, "root_time_now":3083570}
[Mote:15] Not reachable yet
[Mote:13] Not reachable yet
[Mote:2] Sensor IPv6 = fe80::202:2:2:2
[Mote:1] {"node":"fd00::202:2:2:2", "cpu_energy_mj":18, "lpm_energy_mj":0, "radio_tx_energy_mj":2, "radio_rx_energy_mj":7, "node_time":3085421, "total_sent":177, "total_received":297, "bytes_tx":60, "bytes_rx":12, "r2n_latency":14, "lqi":100, "rssi":-84, "server_sent":306, "server_received":353, "server_bytes_rx":60, "n2r_latency":39, "hops":0, "rtt_latency":462, "root_time_now":3085460}
[Mote:10] Not reachable yet
[Mote:5] Not reachable yet
[Mote:17] Not reachable yet
[Mote:9] Not reachable yet
[Mote:11] Sensor IPv6 = fe80::20b:b:b:b
[Mote:12] Not reachable yet
[Mote:1] {"node":"fd00::20b:b:b:b", "cpu_energy_mj":18, "lpm_energy_mj":0, "radio_tx_energy_mj":0, "radio_rx_energy_mj":8, "node_time":3087310, "total_sent":123, "total_received":204, "bytes_tx":60, "bytes_rx":12, "r2n_latency":994, "lqi":100, "rssi":-87, "server_sent":302, "server_received":245, "server_bytes_rx":60, "n2r_latency":670, "hops":1, "rtt_latency":1372, "root_time_now":3087980}
[Mote:14] Not reachable yet
[Mote:3] Not reachable yet
[Mote:16] Not reachable yet
[Mote:7] Not reachable yet
[Mote:18] Not reachable yet
[Mote:8] Not reachable yet
[Mote:6] Sensor IPv6 = fe80::206:6:6:6
[Mote:4] Not reachable yet
[Mote:19] Not reachable yet
[Mote:15] Not reachable yet
[Mote:13] Not reachable yet
[Mote:2] Sensor IPv6 = fe80::202:2:2:2
[Mote:1] {"node":"fd00::206:6:6:6", "cpu_energy_mj":19, "lpm_energy_mj":0, "radio_tx_energy_mj":1, "radio_rx_energy_mj":8, "node_time":3092760, "total_sent":202, "total_received":300, "bytes_tx":60, "bytes_rx":12, "r2n_latency":444, "lqi":100, "rssi":-90, "server_sent":305, "server_received":404, "server_bytes_rx":60, "n2r_latency":3760, "hops":1, "rtt_latency":2567, "root_time_now":3096520}
[Mote:1] {"node":"fd00::202:2:2:2", "cpu_energy_mj":18, "lpm_energy_mj":0, "radio_tx_energy_mj":2, "radio_rx_energy_mj":7, "node_time":3095953, "total_sent":178, "total_received":298, "bytes_tx":60, "bytes_rx":12, "r2n_latency":24, "lqi":100, "rssi":-84, "server_sent":307, "server_received":355, "server_bytes_rx":60, "n2r_latency":637, "hops":0, "rtt_latency":187, "root_time_now":3096590}
[Mote:10] Not reachable yet
[Mote:17] Not reachable yet
[Mote:11] Sensor IPv6 = fe80::20b:b:b:b
[Mote:1] {"node":"fd00::20b:b:b:b", "cpu_energy_mj":18, "lpm_energy_mj":0, "radio_tx_energy_mj":0, "radio_rx_energy_mj":7, "node_time":3097430, "total_sent":124, "total_received":205, "bytes_tx":60, "bytes_rx":12, "r2n_latency":724, "lqi":100, "rssi":-87, "server_sent":303, "server_received":247, "server_bytes_rx":60, "n2r_latency":140, "hops":1, "rtt_latency":2532, "root_time_now":3097570}
[Mote:9] Not reachable yet
[Mote:5] Not reachable yet
[Mote:12] Not reachable yet
[Mote:14] Not reachable yet
[Mote:3] Not reachable yet
[Mote:16] Not reachable yet
[Mote:7] Not reachable yet
[Mote:18] Not reachable yet
[Mote:8] Not reachable yet
[Mote:4] Not reachable yet
[Mote:6] Sensor IPv6 = fe80::206:6:6:6
[Mote:19] Not reachable yet
[Mote:15] Not reachable yet
[Mote:13] Not reachable yet
[Mote:2] Sensor IPv6 = fe80::202:2:2:2
[Mote:10] Not reachable yet
[Mote:17] Not reachable yet
[Mote:11] Sensor IPv6 = fe80::20b:b:b:b
[Mote:9] Not reachable yet
[Mote:5] Not reachable yet
[Mote:12] Not reachable yet
[Mote:1] {"node":"fd00::206:6:6:6", "cpu_energy_mj":19, "lpm_energy_mj":0, "radio_tx_energy_mj":1, "radio_rx_energy_mj":8, "node_time":3103691, "total_sent":203, "total_received":301, "bytes_tx":60, "bytes_rx":12, "r2n_latency":664, "lqi":100, "rssi":-90, "server_sent":306, "server_received":406, "server_bytes_rx":60, "n2r_latency":5779, "hops":1, "rtt_latency":4497, "root_time_now":3109470}
[Mote:16] Sensor IPv6 = fe80::210:10:10:10
[Mote:3] Not reachable yet
[Mote:14] Not reachable yet
[Mote:7] Not reachable yet
[Mote:18] Not reachable yet
[Mote:1] {"node":"fd00::202:2:2:2", "cpu_energy_mj":18, "lpm_energy_mj":0, "radio_tx_energy_mj":1, "radio_rx_energy_mj":8, "node_time":3106483, "total_sent":179, "total_received":299, "bytes_tx":60, "bytes_rx":12, "r2n_latency":34, "lqi":100, "rssi":-84, "server_sent":309, "server_received":357, "server_bytes_rx":60, "n2r_latency":5927, "hops":0, "rtt_latency":3272, "root_time_now":3112410}
[Mote:8] Not reachable yet
[Mote:1] {"node":"fd00::20b:b:b:b", "cpu_energy_mj":18, "lpm_energy_mj":0, "radio_tx_energy_mj":0, "radio_rx_energy_mj":7, "node_time":3107553, "total_sent":125, "total_received":206, "bytes_tx":60, "bytes_rx":12, "r2n_latency":1574, "lqi":100, "rssi":-87, "server_sent":305, "server_received":249, "server_bytes_rx":60, "n2r_latency":5837, "hops":1, "rtt_latency":4567, "root_time_now":3113390}
[Mote:4] Not reachable yet
[Mote:1] {"node":"fd00::210:10:10:10", "cpu_energy_mj":325, "lpm_energy_mj":0, "radio_tx_energy_mj":1, "radio_rx_energy_mj":1180, "node_time":3110306, "total_sent":23, "total_received":59, "bytes_tx":60, "bytes_rx":12, "r2n_latency":5564, "lqi":100, "rssi":-70, "server_sent":297, "server_received":23, "server_bytes_rx":60, "n2r_latency":3784, "hops":2, "rtt_latency":6142, "root_time_now":3114090}
[Mote:6] Sensor IPv6 = fe80::206:6:6:6
[Mote:19] Not reachable yet
[Mote:1] {"node":"fd00::206:6:6:6", "cpu_energy_mj":19, "lpm_energy_mj":0, "radio_tx_energy_mj":0, "radio_rx_energy_mj":8, "node_time":3114620, "total_sent":204, "total_received":302, "bytes_tx":60, "bytes_rx":12, "r2n_latency":254, "lqi":100, "rssi":-90, "server_sent":307, "server_received":408, "server_bytes_rx":60, "n2r_latency":310, "hops":1, "rtt_latency":1982, "root_time_now":3114930}
[Mote:13] Not reachable yet
[Mote:15] Not reachable yet
[Mote:2] Sensor IPv6 = fe80::202:2:2:2
[Mote:10] Not reachable yet
[Mote:17] Not reachable yet
[Mote:11] Sensor IPv6 = fe80::20b:b:b:b
[Mote:9] Not reachable yet
[Mote:5] Not reachable yet
[Mote:1] {"node":"fd00::202:2:2:2", "cpu_energy_mj":18, "lpm_energy_mj":0, "radio_tx_energy_mj":2, "radio_rx_energy_mj":6, "node_time":3117015, "total_sent":180, "total_received":300, "bytes_tx":60, "bytes_rx":12, "r2n_latency":44, "lqi":100, "rssi":-84, "server_sent":309, "server_received":359, "server_bytes_rx":60, "n2r_latency":2745, "hops":0, "rtt_latency":1947, "root_time_now":3119760}
[Mote:1] {"node":"fd00::20b:b:b:b", "cpu_energy_mj":18, "lpm_energy_mj":0, "radio_tx_energy_mj":0, "radio_rx_energy_mj":8, "node_time":3117679, "total_sent":126, "total_received":207, "bytes_tx":60, "bytes_rx":12, "r2n_latency":1094, "lqi":100, "rssi":-87, "server_sent":305, "server_received":251, "server_bytes_rx":60, "n2r_latency":2151, "hops":1, "rtt_latency":2087, "root_time_now":3119830}
[Mote:12] Not reachable yet
[Mote:16] Sensor IPv6 = fe80::210:10:10:10
[Mote:1] {"node":"fd00::210:10:10:10", "cpu_energy_mj":18, "lpm_energy_mj":0, "radio_tx_energy_mj":0, "radio_rx_energy_mj":8, "node_time":3120339, "total_sent":24, "total_received":60, "bytes_tx":60, "bytes_rx":12, "r2n_latency":6064, "lqi":100, "rssi":-51, "server_sent":298, "server_received":25, "server_bytes_rx":60, "n2r_latency":191, "hops":2, "rtt_latency":4852, "root_time_now":3120530}
[Mote:3] Not reachable yet
[Mote:14] Not reachable yet
[Mote:7] Not reachable yet
[Mote:18] Not reachable yet
[Mote:8] Not reachable yet
[Mote:4] Not reachable yet
[Mote:13] Not reachable yet
[Mote:6] Sensor IPv6 = fe80::206:6:6:6
[Mote:1] {"node":"fd00::206:6:6:6", "cpu_energy_mj":19, "lpm_energy_mj":0, "radio_tx_energy_mj":0, "radio_rx_energy_mj":9, "node_time":3125546, "total_sent":205, "total_received":303, "bytes_tx":60, "bytes_rx":12, "r2n_latency":1384, "lqi":100, "rssi":-90, "server_sent":308, "server_received":410, "server_bytes_rx":60, "n2r_latency":94, "hops":1, "rtt_latency":762, "root_time_now":3125640}
[Mote:19] Not reachable yet
[Mote:15] Not reachable yet
[Mote:2] Sensor IPv6 = fe80::202:2:2:2
[Mote:10] Not reachable yet
[Mote:1] {"node":"fd00::202:2:2:2", "cpu_energy_mj":18, "lpm_energy_mj":0, "radio_tx_energy_mj":1, "radio_rx_energy_mj":7, "node_time":3127544, "total_sent":181, "total_received":301, "bytes_tx":60, "bytes_rx":12, "r2n_latency":54, "lqi":100, "rssi":-84, "server_sent":310, "server_received":361, "server_bytes_rx":60, "n2r_latency":56, "hops":0, "rtt_latency":97, "root_time_now":3127600}
[Mote:17] Not reachable yet
[Mote:11] Sensor IPv6 = fe80::20b:b:b:b
[Mote:1] {"node":"fd00::20b:b:b:b", "cpu_energy_mj":18, "lpm_energy_mj":0, "radio_tx_energy_mj":0, "radio_rx_energy_mj":8, "node_time":3127802, "total_sent":127, "total_received":208, "bytes_tx":60, "bytes_rx":12, "r2n_latency":1104, "lqi":100, "rssi":-87, "server_sent":306, "server_received":253, "server_bytes_rx":60, "n2r_latency":78, "hops":1, "rtt_latency":622, "root_time_now":3127880}
[Mote:9] Not reachable yet
[Mote:5] Not reachable yet
[Mote:16] Sensor IPv6 = fe80::210:10:10:10
[Mote:12] Not reachable yet
[Mote:3] Not reachable yet
[Mote:14] Not reachable yet
[Mote:7] Not reachable yet
[Mote:18] Not reachable yet
[Mote:8] Not reachable yet
[Mote:4] Not reachable yet
[Mote:13] Not reachable yet
[Mote:6] Sensor IPv6 = fe80::206:6:6:6
[Mote:15] Not reachable yet
[Mote:19] Not reachable yet
[Mote:10] Not reachable yet
[Mote:11] Sensor IPv6 = fe80::20b:b:b:b
[Mote:17] Not reachable yet
[Mote:2] Sensor IPv6 = fe80::202:2:2:2
[Mote:1] {"node":"fd00::206:6:6:6", "cpu_energy_mj":19, "lpm_energy_mj":0, "radio_tx_energy_mj":0, "radio_rx_energy_mj":8, "node_time":3136478, "total_sent":206, "total_received":303, "bytes_tx":60, "bytes_rx":12, "r2n_latency":1384, "lqi":100, "rssi":-90, "server_sent":309, "server_received":411, "server_bytes_rx":60, "n2r_latency":1762, "hops":1, "rtt_latency":762, "root_time_now":3138240}
[Mote:1] {"node":"fd00::202:2:2:2", "cpu_energy_mj":18, "lpm_energy_mj":0, "radio_tx_energy_mj":0, "radio_rx_energy_mj":8, "node_time":3138077, "total_sent":182, "total_received":302, "bytes_tx":60, "bytes_rx":12, "r2n_latency":65, "lqi":100, "rssi":-84, "server_sent":311, "server_received":362, "server_bytes_rx":60, "n2r_latency":233, "hops":0, "rtt_latency":97, "root_time_now":3138310}
[Mote:1] {"node":"fd00::20b:b:b:b", "cpu_energy_mj":18, "lpm_energy_mj":0, "radio_tx_energy_mj":0, "radio_rx_energy_mj":8, "node_time":3137925, "total_sent":128, "total_received":208, "bytes_tx":60, "bytes_rx":12, "r2n_latency":1104, "lqi":100, "rssi":-87, "server_sent":307, "server_received":254, "server_bytes_rx":60, "n2r_latency":525, "hops":1, "rtt_latency":622, "root_time_now":3138450}
[Mote:9] Not reachable yet
[Mote:16] Sensor IPv6 = fe80::210:10:10:10
[Mote:5] Not reachable yet
[Mote:3] Not reachable yet
[Mote:12] Not reachable yet
[Mote:7] Not reachable yet
[Mote:14] Not reachable yet
[Mote:18] Not reachable yet
[Mote:8] Not reachable yet
[Mote:13] Not reachable yet
[Mote:4] Not reachable yet
[Mote:15] Not reachable yet
[Mote:6] Sensor IPv6 = fe80::206:6:6:6
[Mote:19] Not reachable yet
[Mote:10] Not reachable yet
[Mote:11] Sensor IPv6 = fe80::20b:b:b:b
[Mote:17] Not reachable yet
[Mote:2] Not reachable yet
[Mote:16] Not reachable yet
[Mote:9] Not reachable yet
[Mote:3] Not reachable yet
[Mote:5] Not reachable yet
[Mote:12] Not reachable yet
[Mote:7] Not reachable yet
[Mote:14] Not reachable yet
[Mote:18] Not reachable yet
[Mote:8] Not reachable yet
[Mote:13] Not reachable yet
[Mote:4] Not reachable yet
[Mote:15] Not reachable yet
[Mote:10] Not reachable yet
[Mote:11] Not reachable yet
[Mote:6] Sensor IPv6 = fe80::206:6:6:6
[Mote:17] Not reachable yet
[Mote:19] Not reachable yet
[Mote:2] Not reachable yet
[Mote:1] {"node":"fd00::206:6:6:6", "cpu_energy_mj":19, "lpm_energy_mj":0, "radio_tx_energy_mj":1, "radio_rx_energy_mj":8, "node_time":3158334, "total_sent":208, "total_received":306, "bytes_tx":60, "bytes_rx":12, "r2n_latency":6314, "lqi":100, "rssi":-90, "server_sent":311, "server_received":415, "server_bytes_rx":60, "n2r_latency":906, "hops":1, "rtt_latency":3962, "root_time_now":3159240}
[Mote:16] Not reachable yet
[Mote:9] Not reachable yet
[Mote:3] Not reachable yet
[Mote:5] Not reachable yet
[Mote:12] Not reachable yet
[Mote:7] Not reachable yet
[Mote:14] Not reachable yet
[Mote:18] Not reachable yet
[Mote:8] Not reachable yet
[Mote:13] Not reachable yet
[Mote:4] Not reachable yet
[Mote:15] Not reachable yet
[Mote:11] Sensor IPv6 = fe80::20b:b:b:b
[Mote:10] Not reachable yet
[Mote:17] Not reachable yet
[Mote:1] {"node":"fd00::20b:b:b:b", "cpu_energy_mj":36, "lpm_energy_mj":0, "radio_tx_energy_mj":1, "radio_rx_energy_mj":15, "node_time":3168292, "total_sent":130, "total_received":211, "bytes_tx":60, "bytes_rx":12, "r2n_latency":6384, "lqi":100, "rssi":-87, "server_sent":310, "server_received":258, "server_bytes_rx":60, "n2r_latency":958, "hops":1, "rtt_latency":3262, "root_time_now":3169250}
[Mote:6] Sensor IPv6 = fe80::206:6:6:6
[Mote:19] Not reachable yet
[Mote:2] Sensor IPv6 = fe80::202:2:2:2
[Mote:1] {"node":"fd00::206:6:6:6", "cpu_energy_mj":19, "lpm_energy_mj":0, "radio_tx_energy_mj":1, "radio_rx_energy_mj":8, "node_time":3169263, "total_sent":209, "total_received":307, "bytes_tx":60, "bytes_rx":12, "r2n_latency":9054, "lqi":100, "rssi":-90, "server_sent":312, "server_received":417, "server_bytes_rx":60, "n2r_latency":407, "hops":1, "rtt_latency":4737, "root_time_now":3169670}
[Mote:1] {"node":"fd00::202:2:2:2", "cpu_energy_mj":56, "lpm_energy_mj":0, "radio_tx_energy_mj":5, "radio_rx_energy_mj":22, "node_time":3169670, "total_sent":183, "total_received":305, "bytes_tx":60, "bytes_rx":12, "r2n_latency":8214, "lqi":100, "rssi":-84, "server_sent":314, "server_received":365, "server_bytes_rx":60, "n2r_latency":140, "hops":0, "rtt_latency":4457, "root_time_now":3169810}
[Mote:16] Not reachable yet
[Mote:9] Not reachable yet
[Mote:3] Not reachable yet
[Mote:5] Not reachable yet
[Mote:7] Not reachable yet
[Mote:12] Not reachable yet
[Mote:14] Not reachable yet
[Mote:18] Not reachable yet
[Mote:13] Not reachable yet
[Mote:8] Not reachable yet
[Mote:4] Not reachable yet
[Mote:11] Sensor IPv6 = fe80::20b:b:b:b
[Mote:10] Not reachable yet
[Mote:1] {"node":"fd00::20b:b:b:b", "cpu_energy_mj":18, "lpm_energy_mj":0, "radio_tx_energy_mj":0, "radio_rx_energy_mj":8, "node_time":3178417, "total_sent":131, "total_received":212, "bytes_tx":60, "bytes_rx":12, "r2n_latency":11504, "lqi":100, "rssi":-87, "server_sent":311, "server_received":260, "server_bytes_rx":60, "n2r_latency":143, "hops":1, "rtt_latency":6242, "root_time_now":3178560}
[Mote:15] Not reachable yet
[Mote:17] Not reachable yet
[Mote:6] Sensor IPv6 = fe80::206:6:6:6
[Mote:2] Sensor IPv6 = fe80::202:2:2:2
[Mote:19] Not reachable yet
[Mote:1] {"node":"fd00::202:2:2:2", "cpu_energy_mj":18, "lpm_energy_mj":0, "radio_tx_energy_mj":1, "radio_rx_energy_mj":7, "node_time":3180201, "total_sent":184, "total_received":306, "bytes_tx":60, "bytes_rx":12, "r2n_latency":9554, "lqi":100, "rssi":-84, "server_sent":316, "server_received":367, "server_bytes_rx":60, "n2r_latency":249, "hops":0, "rtt_latency":4847, "root_time_now":3180450}
[Mote:1] {"node":"fd00::206:6:6:6", "cpu_energy_mj":19, "lpm_energy_mj":0, "radio_tx_energy_mj":0, "radio_rx_energy_mj":8, "node_time":3180192, "total_sent":210, "total_received":308, "bytes_tx":60, "bytes_rx":12, "r2n_latency":9974, "lqi":100, "rssi":-90, "server_sent":314, "server_received":419, "server_bytes_rx":60, "n2r_latency":328, "hops":1, "rtt_latency":5197, "root_time_now":3180520}
[Mote:16] Not reachable yet
[Mote:9] Not reachable yet
[Mote:3] Not reachable yet
[Mote:5] Not reachable yet
[Mote:7] Not reachable yet
[Mote:12] Not reachable yet
[Mote:14] Not reachable yet
[Mote:18] Not reachable yet
[Mote:13] Not reachable yet
[Mote:8] Not reachable yet
[Mote:4] Not reachable yet
[Mote:11] Sensor IPv6 = fe80::20b:b:b:b
[Mote:10] Not reachable yet
[Mote:1] {"node":"fd00::20b:b:b:b", "cpu_energy_mj":18, "lpm_energy_mj":0, "radio_tx_energy_mj":0, "radio_rx_energy_mj":8, "node_time":3188540, "total_sent":132, "total_received":214, "bytes_tx":60, "bytes_rx":12, "r2n_latency":5924, "lqi":100, "rssi":-87, "server_sent":312, "server_received":263, "server_bytes_rx":60, "n2r_latency":380, "hops":1, "rtt_latency":3032, "root_time_now":3188920}
[Mote:17] Not reachable yet
[Mote:15] Not reachable yet
[Mote:16] Not reachable yet
[Mote:2] Sensor IPv6 = fe80::202:2:2:2
[Mote:1] {"node":"fd00::202:2:2:2", "cpu_energy_mj":18, "lpm_energy_mj":0, "radio_tx_energy_mj":2, "radio_rx_energy_mj":6, "node_time":3190730, "total_sent":185, "total_received":307, "bytes_tx":60, "bytes_rx":12, "r2n_latency":5434, "lqi":100, "rssi":-84, "server_sent":317, "server_received":369, "server_bytes_rx":60, "n2r_latency":10, "hops":0, "rtt_latency":2822, "root_time_now":3190740}
[Mote:6] Sensor IPv6 = fe80::206:6:6:6
[Mote:19] Not reachable yet
[Mote:3] Not reachable yet
[Mote:9] Not reachable yet
[Mote:5] Not reachable yet
[Mote:7] Not reachable yet
[Mote:1] {"node":"fd00::206:6:6:6", "cpu_energy_mj":19, "lpm_energy_mj":0, "radio_tx_energy_mj":1, "radio_rx_energy_mj":8, "node_time":3191120, "total_sent":211, "total_received":309, "bytes_tx":60, "bytes_rx":12, "r2n_latency":8304, "lqi":100, "rssi":-90, "server_sent":315, "server_received":421, "server_bytes_rx":60, "n2r_latency":4800, "hops":1, "rtt_latency":7897, "root_time_now":3195920}
[Mote:12] Not reachable yet
[Mote:13] Not reachable yet
[Mote:18] Not reachable yet
[Mote:14] Not reachable yet
[Mote:8] Not reachable yet
[Mote:4] Not reachable yet
[Mote:11] Sensor IPv6 = fe80::20b:b:b:b
[Mote:10] Not reachable yet
[Mote:1] {"node":"fd00::20b:b:b:b", "cpu_energy_mj":18, "lpm_energy_mj":0, "radio_tx_energy_mj":1, "radio_rx_energy_mj":8, "node_time":3198660, "total_sent":133, "total_received":215, "bytes_tx":60, "bytes_rx":12, "r2n_latency":3975, "lqi":100, "rssi":-87, "server_sent":313, "server_received":265, "server_bytes_rx":60, "n2r_latency":270, "hops":1, "rtt_latency":3002, "root_time_now":3198930}
[Mote:17] Not reachable yet
[Mote:15] Not reachable yet
[Mote:16] Not reachable yet
[Mote:2] Sensor IPv6 = fe80::202:2:2:2
[Mote:1] {"node":"fd00::202:2:2:2", "cpu_energy_mj":18, "lpm_energy_mj":0, "radio_tx_energy_mj":1, "radio_rx_energy_mj":7, "node_time":3201263, "total_sent":186, "total_received":309, "bytes_tx":60, "bytes_rx":12, "r2n_latency":64, "lqi":100, "rssi":-84, "server_sent":318, "server_received":372, "server_bytes_rx":60, "n2r_latency":117, "hops":0, "rtt_latency":102, "root_time_now":3201380}
[Mote:6] Sensor IPv6 = fe80::206:6:6:6
[Mote:1] {"node":"fd00::206:6:6:6", "cpu_energy_mj":19, "lpm_energy_mj":0, "radio_tx_energy_mj":1, "radio_rx_energy_mj":8, "node_time":3202050, "total_sent":212, "total_received":311, "bytes_tx":60, "bytes_rx":12, "r2n_latency":834, "lqi":100, "rssi":-90, "server_sent":316, "server_received":424, "server_bytes_rx":60, "n2r_latency":100, "hops":1, "rtt_latency":487, "root_time_now":3202150}
[Mote:19] Not reachable yet
[Mote:3] Not reachable yet
[Mote:9] Not reachable yet
[Mote:5] Not reachable yet
[Mote:7] Not reachable yet
[Mote:13] Not reachable yet
[Mote:12] Not reachable yet
[Mote:18] Not reachable yet
[Mote:14] Not reachable yet
[Mote:8] Not reachable yet
[Mote:11] Sensor IPv6 = fe80::20b:b:b:b
[Mote:1] {"node":"fd00::20b:b:b:b", "cpu_energy_mj":18, "lpm_energy_mj":0, "radio_tx_energy_mj":0, "radio_rx_energy_mj":8, "node_time":3208786, "total_sent":134, "total_received":216, "bytes_tx":60, "bytes_rx":12, "r2n_latency":694, "lqi":100, "rssi":-87, "server_sent":314, "server_received":267, "server_bytes_rx":60, "n2r_latency":84, "hops":1, "rtt_latency":557, "root_time_now":3208870}
[Mote:4] Not reachable yet
[Mote:10] Not reachable yet
[Mote:17] Not reachable yet
[Mote:15] Not reachable yet
[Mote:16] Not reachable yet
[Mote:2] Sensor IPv6 = fe80::202:2:2:2
[Mote:1] {"node":"fd00::202:2:2:2", "cpu_energy_mj":18, "lpm_energy_mj":0, "radio_tx_energy_mj":1, "radio_rx_energy_mj":7, "node_time":3211794, "total_sent":187, "total_received":310, "bytes_tx":60, "bytes_rx":12, "r2n_latency":144, "lqi":100, "rssi":-84, "server_sent":319, "server_received":374, "server_bytes_rx":60, "n2r_latency":86, "hops":0, "rtt_latency":492, "root_time_now":3211880}
[Mote:6] Sensor IPv6 = fe80::206:6:6:6
[Mote:3] Not reachable yet
[Mote:19] Not reachable yet
[Mote:9] Not reachable yet
[Mote:1] {"node":"fd00::206:6:6:6", "cpu_energy_mj":19, "lpm_energy_mj":0, "radio_tx_energy_mj":0, "radio_rx_energy_mj":8, "node_time":3212978, "total_sent":213, "total_received":312, "bytes_tx":60, "bytes_rx":12, "r2n_latency":494, "lqi":100, "rssi":-90, "server_sent":317, "server_received":426, "server_bytes_rx":60, "n2r_latency":1352, "hops":1, "rtt_latency":912, "root_time_now":3214330}
[Mote:7] Not reachable yet
[Mote:5] Not reachable yet
[Mote:13] Not reachable yet
[Mote:12] Not reachable yet
[Mote:18] Not reachable yet
[Mote:8] Not reachable yet
[Mote:14] Not reachable yet
[Mote:11] Sensor IPv6 = fe80::20b:b:b:b
[Mote:1] {"node":"fd00::20b:b:b:b", "cpu_energy_mj":18, "lpm_energy_mj":0, "radio_tx_energy_mj":0, "radio_rx_energy_mj":8, "node_time":3218909, "total_sent":135, "total_received":217, "bytes_tx":60, "bytes_rx":12, "r2n_latency":2104, "lqi":100, "rssi":-87, "server_sent":315, "server_received":269, "server_bytes_rx":60, "n2r_latency":111, "hops":1, "rtt_latency":1192, "root_time_now":3219020}
[Mote:10] Not reachable yet
[Mote:4] Not reachable yet
[Mote:17] Not reachable yet
[Mote:16] Not reachable yet
[Mote:15] Not reachable yet
[Mote:2] Sensor IPv6 = fe80::202:2:2:2
[Mote:1] {"node":"fd00::202:2:2:2", "cpu_energy_mj":18, "lpm_energy_mj":0, "radio_tx_energy_mj":1, "radio_rx_energy_mj":7, "node_time":3222324, "total_sent":188, "total_received":311, "bytes_tx":60, "bytes_rx":12, "r2n_latency":14, "lqi":100, "rssi":-84, "server_sent":320, "server_received":376, "server_bytes_rx":60, "n2r_latency":56, "hops":0, "rtt_latency":77, "root_time_now":3222380}
[Mote:3] Not reachable yet
[Mote:6] Sensor IPv6 = fe80::206:6:6:6
[Mote:1] {"node":"fd00::206:6:6:6", "cpu_energy_mj":19, "lpm_energy_mj":0, "radio_tx_energy_mj":0, "radio_rx_energy_mj":9, "node_time":3223907, "total_sent":214, "total_received":313, "bytes_tx":60, "bytes_rx":12, "r2n_latency":574, "lqi":100, "rssi":-90, "server_sent":318, "server_received":428, "server_bytes_rx":60, "n2r_latency":83, "hops":1, "rtt_latency":357, "root_time_now":3223990}
[Mote:19] Not reachable yet
[Mote:9] Not reachable yet
[Mote:13] Not reachable yet
[Mote:7] Not reachable yet
[Mote:5] Not reachable yet
[Mote:18] Not reachable yet
[Mote:12] Not reachable yet
[Mote:8] Not reachable yet
[Mote:14] Not reachable yet
[Mote:11] Sensor IPv6 = fe80::20b:b:b:b
[Mote:10] Not reachable yet
[Mote:1] {"node":"fd00::20b:b:b:b", "cpu_energy_mj":18, "lpm_energy_mj":0, "radio_tx_energy_mj":0, "radio_rx_energy_mj":8, "node_time":3229032, "total_sent":136, "total_received":218, "bytes_tx":60, "bytes_rx":12, "r2n_latency":1064, "lqi":100, "rssi":-87, "server_sent":316, "server_received":271, "server_bytes_rx":60, "n2r_latency":418, "hops":1, "rtt_latency":602, "root_time_now":3229450}
[Mote:17] Not reachable yet
[Mote:4] Not reachable yet
[Mote:16] Not reachable yet
[Mote:15] Not reachable yet
[Mote:2] Sensor IPv6 = fe80::202:2:2:2
[Mote:1] {"node":"fd00::202:2:2:2", "cpu_energy_mj":18, "lpm_energy_mj":0, "radio_tx_energy_mj":1, "radio_rx_energy_mj":8, "node_time":3232856, "total_sent":189, "total_received":312, "bytes_tx":60, "bytes_rx":12, "r2n_latency":24, "lqi":100, "rssi":-84, "server_sent":321, "server_received":378, "server_bytes_rx":60, "n2r_latency":24, "hops":0, "rtt_latency":1027, "root_time_now":3232880}
[Mote:3] Not reachable yet
[Mote:6] Sensor IPv6 = fe80::206:6:6:6
[Mote:19] Not reachable yet
[Mote:9] Not reachable yet
[Mote:1] {"node":"fd00::206:6:6:6", "cpu_energy_mj":19, "lpm_energy_mj":0, "radio_tx_energy_mj":1, "radio_rx_energy_mj":8, "node_time":3234838, "total_sent":215, "total_received":314, "bytes_tx":60, "bytes_rx":12, "r2n_latency":304, "lqi":100, "rssi":-90, "server_sent":319, "server_received":430, "server_bytes_rx":60, "n2r_latency":1612, "hops":1, "rtt_latency":1062, "root_time_now":3236450}
[Mote:13] Not reachable yet
[Mote:7] Not reachable yet
[Mote:5] Not reachable yet
[Mote:18] Not reachable yet
[Mote:8] Not reachable yet
[Mote:11] Sensor IPv6 = fe80::20b:b:b:b
[Mote:1] {"node":"fd00::20b:b:b:b", "cpu_energy_mj":18, "lpm_energy_mj":0, "radio_tx_energy_mj":1, "radio_rx_energy_mj":7, "node_time":3239155, "total_sent":137, "total_received":219, "bytes_tx":60, "bytes_rx":12, "r2n_latency":584, "lqi":100, "rssi":-87, "server_sent":317, "server_received":273, "server_bytes_rx":60, "n2r_latency":95, "hops":1, "rtt_latency":1342, "root_time_now":3239250}
[Mote:12] Not reachable yet
[Mote:10] Not reachable yet
[Mote:14] Not reachable yet
[Mote:17] Not reachable yet
[Mote:4] Not reachable yet
[Mote:16] Not reachable yet
[Mote:15] Not reachable yet
[Mote:2] Sensor IPv6 = fe80::202:2:2:2
[Mote:3] Not reachable yet
[Mote:1] {"node":"fd00::202:2:2:2", "cpu_energy_mj":18, "lpm_energy_mj":0, "radio_tx_energy_mj":1, "radio_rx_energy_mj":8, "node_time":3243387, "total_sent":190, "total_received":313, "bytes_tx":60, "bytes_rx":12, "r2n_latency":34, "lqi":100, "rssi":-84, "server_sent":322, "server_received":380, "server_bytes_rx":60, "n2r_latency":763, "hops":0, "rtt_latency":262, "root_time_now":3244150}
[Mote:9] Not reachable yet
[Mote:6] Sensor IPv6 = fe80::206:6:6:6
[Mote:1] {"node":"fd00::206:6:6:6", "cpu_energy_mj":19, "lpm_energy_mj":0, "radio_tx_energy_mj":1, "radio_rx_energy_mj":8, "node_time":3245765, "total_sent":216, "total_received":315, "bytes_tx":60, "bytes_rx":12, "r2n_latency":664, "lqi":100, "rssi":-90, "server_sent":320, "server_received":432, "server_bytes_rx":60, "n2r_latency":135, "hops":1, "rtt_latency":1207, "root_time_now":3245900}
[Mote:19] Not reachable yet
[Mote:13] Not reachable yet
[Mote:7] Not reachable yet
[Mote:5] Not reachable yet
[Mote:11] Sensor IPv6 = fe80::20b:b:b:b
[Mote:18] Not reachable yet
[Mote:1] {"node":"fd00::20b:b:b:b", "cpu_energy_mj":18, "lpm_energy_mj":0, "radio_tx_energy_mj":0, "radio_rx_energy_mj":8, "node_time":3249278, "total_sent":138, "total_received":220, "bytes_tx":60, "bytes_rx":12, "r2n_latency":1154, "lqi":100, "rssi":-87, "server_sent":318, "server_received":275, "server_bytes_rx":60, "n2r_latency":122, "hops":1, "rtt_latency":752, "root_time_now":3249400}
[Mote:8] Not reachable yet
[Mote:10] Not reachable yet
[Mote:12] Not reachable yet
[Mote:17] Not reachable yet
[Mote:14] Not reachable yet
[Mote:16] Not reachable yet
[Mote:4] Not reachable yet
[Mote:15] Not reachable yet
[Mote:2] Sensor IPv6 = fe80::202:2:2:2
[Mote:1] {"node":"fd00::202:2:2:2", "cpu_energy_mj":18, "lpm_energy_mj":0, "radio_tx_energy_mj":1, "radio_rx_energy_mj":7, "node_time":3253918, "total_sent":191, "total_received":314, "bytes_tx":60, "bytes_rx":12, "r2n_latency":44, "lqi":100, "rssi":-84, "server_sent":323, "server_received":382, "server_bytes_rx":60, "n2r_latency":102, "hops":0, "rtt_latency":92, "root_time_now":3254020}
[Mote:3] Not reachable yet
[Mote:9] Not reachable yet
[Mote:6] Sensor IPv6 = fe80::206:6:6:6
[Mote:1] {"node":"fd00::206:6:6:6", "cpu_energy_mj":19, "lpm_energy_mj":0, "radio_tx_energy_mj":0, "radio_rx_energy_mj":8, "node_time":3256694, "total_sent":217, "total_received":316, "bytes_tx":60, "bytes_rx":12, "r2n_latency":394, "lqi":100, "rssi":-90, "server_sent":321, "server_received":434, "server_bytes_rx":60, "n2r_latency":126, "hops":1, "rtt_latency":372, "root_time_now":3256820}
[Mote:19] Not reachable yet
[Mote:13] Not reachable yet
[Mote:7] Not reachable yet
[Mote:11] Sensor IPv6 = fe80::20b:b:b:b
[Mote:1] {"node":"fd00::20b:b:b:b", "cpu_energy_mj":18, "lpm_energy_mj":0, "radio_tx_energy_mj":0, "radio_rx_energy_mj":8, "node_time":3259401, "total_sent":139, "total_received":221, "bytes_tx":60, "bytes_rx":12, "r2n_latency":1094, "lqi":100, "rssi":-87, "server_sent":319, "server_received":277, "server_bytes_rx":60, "n2r_latency":79, "hops":1, "rtt_latency":617, "root_time_now":3259480}
[Mote:5] Not reachable yet
[Mote:18] Not reachable yet
[Mote:8] Not reachable yet
[Mote:10] Not reachable yet
[Mote:17] Not reachable yet
[Mote:16] Not reachable yet
[Mote:12] Not reachable yet
[Mote:14] Not reachable yet
[Mote:4] Not reachable yet
[Mote:15] Not reachable yet
[Mote:2] Sensor IPv6 = fe80::202:2:2:2
[Mote:3] Not reachable yet
[Mote:9] Not reachable yet
[Mote:13] Not reachable yet
[Mote:6] Sensor IPv6 = fe80::206:6:6:6
[Mote:19] Not reachable yet
[Mote:7] Not reachable yet
[Mote:1] {"node":"fd00::202:2:2:2", "cpu_energy_mj":18, "lpm_energy_mj":0, "radio_tx_energy_mj":2, "radio_rx_energy_mj":7, "node_time":3264448, "total_sent":192, "total_received":315, "bytes_tx":60, "bytes_rx":12, "r2n_latency":54, "lqi":100, "rssi":-84, "server_sent":324, "server_received":384, "server_bytes_rx":60, "n2r_latency":4412, "hops":0, "rtt_latency":272, "root_time_now":3268860}
[Mote:1] {"node":"fd00::206:6:6:6", "cpu_energy_mj":19, "lpm_energy_mj":0, "radio_tx_energy_mj":0, "radio_rx_energy_mj":8, "node_time":3267623, "total_sent":218, "total_received":317, "bytes_tx":60, "bytes_rx":12, "r2n_latency":1244, "lqi":100, "rssi":-90, "server_sent":322, "server_received":436, "server_bytes_rx":60, "n2r_latency":1307, "hops":1, "rtt_latency":902, "root_time_now":3268930}
[Mote:11] Sensor IPv6 = fe80::20b:b:b:b
[Mote:1] {"node":"fd00::20b:b:b:b", "cpu_energy_mj":18, "lpm_energy_mj":0, "radio_tx_energy_mj":0, "radio_rx_energy_mj":8, "node_time":3269524, "total_sent":140, "total_received":222, "bytes_tx":60, "bytes_rx":12, "r2n_latency":614, "lqi":100, "rssi":-87, "server_sent":320, "server_received":279, "server_bytes_rx":60, "n2r_latency":106, "hops":1, "rtt_latency":867, "root_time_now":3269630}
[Mote:10] Not reachable yet
[Mote:5] Not reachable yet
[Mote:8] Not reachable yet
[Mote:18] Not reachable yet
[Mote:17] Not reachable yet
[Mote:16] Not reachable yet
[Mote:12] Not reachable yet
[Mote:14] Not reachable yet
[Mote:4] Not reachable yet
[Mote:15] Not reachable yet
[Mote:3] Not reachable yet
[Mote:2] Sensor IPv6 = fe80::202:2:2:2
[Mote:1] {"node":"fd00::202:2:2:2", "cpu_energy_mj":18, "lpm_energy_mj":0, "radio_tx_energy_mj":2, "radio_rx_energy_mj":7, "node_time":3274980, "total_sent":193, "total_received":316, "bytes_tx":60, "bytes_rx":12, "r2n_latency":64, "lqi":100, "rssi":-84, "server_sent":325, "server_received":386, "server_bytes_rx":60, "n2r_latency":40, "hops":0, "rtt_latency":172, "root_time_now":3275020}
[Mote:13] Not reachable yet
[Mote:9] Not reachable yet
[Mote:6] Sensor IPv6 = fe80::206:6:6:6
[Mote:1] {"node":"fd00::206:6:6:6", "cpu_energy_mj":19, "lpm_energy_mj":0, "radio_tx_energy_mj":0, "radio_rx_energy_mj":8, "node_time":3278555, "total_sent":219, "total_received":318, "bytes_tx":60, "bytes_rx":12, "r2n_latency":1254, "lqi":100, "rssi":-90, "server_sent":323, "server_received":438, "server_bytes_rx":60, "n2r_latency":105, "hops":1, "rtt_latency":1852, "root_time_now":3278660}
[Mote:19] Not reachable yet
[Mote:7] Not reachable yet
[Mote:11] Sensor IPv6 = fe80::20b:b:b:b
[Mote:10] Not reachable yet
[Mote:1] {"node":"fd00::20b:b:b:b", "cpu_energy_mj":18, "lpm_energy_mj":0, "radio_tx_energy_mj":0, "radio_rx_energy_mj":7, "node_time":3279647, "total_sent":141, "total_received":223, "bytes_tx":60, "bytes_rx":12, "r2n_latency":694, "lqi":100, "rssi":-87, "server_sent":322, "server_received":281, "server_bytes_rx":60, "n2r_latency":973, "hops":1, "rtt_latency":1572, "root_time_now":3280620}
[Mote:8] Not reachable yet
[Mote:16] Not reachable yet
[Mote:18] Not reachable yet
[Mote:17] Not reachable yet
[Mote:5] Not reachable yet
[Mote:12] Not reachable yet
[Mote:14] Not reachable yet
[Mote:4] Not reachable yet
[Mote:15] Not reachable yet
[Mote:3] Not reachable yet
[Mote:2] Sensor IPv6 = fe80::202:2:2:2
[Mote:1] {"node":"fd00::202:2:2:2", "cpu_energy_mj":18, "lpm_energy_mj":0, "radio_tx_energy_mj":1, "radio_rx_energy_mj":8, "node_time":3285511, "total_sent":194, "total_received":317, "bytes_tx":60, "bytes_rx":12, "r2n_latency":74, "lqi":100, "rssi":-84, "server_sent":326, "server_received":388, "server_bytes_rx":60, "n2r_latency":219, "hops":0, "rtt_latency":282, "root_time_now":3285730}
[Mote:13] Not reachable yet
[Mote:9] Not reachable yet
[Mote:7] Not reachable yet
[Mote:6] Sensor IPv6 = fe80::206:6:6:6
[Mote:1] {"node":"fd00::206:6:6:6", "cpu_energy_mj":19, "lpm_energy_mj":0, "radio_tx_energy_mj":1, "radio_rx_energy_mj":8, "node_time":3289484, "total_sent":220, "total_received":319, "bytes_tx":60, "bytes_rx":12, "r2n_latency":1754, "lqi":100, "rssi":-90, "server_sent":324, "server_received":440, "server_bytes_rx":60, "n2r_latency":96, "hops":1, "rtt_latency":1787, "root_time_now":3289580}
[Mote:19] Not reachable yet
[Mote:11] Sensor IPv6 = fe80::20b:b:b:b
[Mote:1] {"node":"fd00::20b:b:b:b", "cpu_energy_mj":18, "lpm_energy_mj":0, "radio_tx_energy_mj":0, "radio_rx_energy_mj":8, "node_time":3289770, "total_sent":142, "total_received":224, "bytes_tx":60, "bytes_rx":12, "r2n_latency":1264, "lqi":100, "rssi":-87, "server_sent":322, "server_received":283, "server_bytes_rx":60, "n2r_latency":90, "hops":1, "rtt_latency":702, "root_time_now":3289860}
[Mote:10] Not reachable yet
[Mote:16] Not reachable yet
[Mote:17] Not reachable yet
[Mote:8] Not reachable yet
[Mote:18] Not reachable yet
[Mote:5] Not reachable yet
[Mote:4] Not reachable yet
[Mote:12] Not reachable yet
[Mote:14] Not reachable yet
[Mote:15] Not reachable yet
[Mote:3] Not reachable yet
[Mote:2] Sensor IPv6 = fe80::202:2:2:2
[Mote:1] {"node":"fd00::202:2:2:2", "cpu_energy_mj":18, "lpm_energy_mj":0, "radio_tx_energy_mj":1, "radio_rx_energy_mj":7, "node_time":3296041, "total_sent":195, "total_received":318, "bytes_tx":60, "bytes_rx":12, "r2n_latency":14, "lqi":100, "rssi":-84, "server_sent":327, "server_received":390, "server_bytes_rx":60, "n2r_latency":49, "hops":0, "rtt_latency":182, "root_time_now":3296090}
[Mote:13] Not reachable yet
[Mote:9] Not reachable yet
[Mote:11] Sensor IPv6 = fe80::20b:b:b:b
[Mote:7] Not reachable yet
[Mote:6] Sensor IPv6 = fe80::206:6:6:6
[Mote:19] Not reachable yet
[Mote:10] Not reachable yet
[Mote:1] {"node":"fd00::20b:b:b:b", "cpu_energy_mj":18, "lpm_energy_mj":0, "radio_tx_energy_mj":0, "radio_rx_energy_mj":8, "node_time":3299893, "total_sent":143, "total_received":225, "bytes_tx":60, "bytes_rx":12, "r2n_latency":1414, "lqi":100, "rssi":-87, "server_sent":324, "server_received":285, "server_bytes_rx":60, "n2r_latency":1027, "hops":1, "rtt_latency":777, "root_time_now":3300920}
[Mote:16] Not reachable yet
[Mote:1] {"node":"fd00::206:6:6:6", "cpu_energy_mj":19, "lpm_energy_mj":0, "radio_tx_energy_mj":0, "radio_rx_energy_mj":8, "node_time":3300413, "total_sent":221, "total_received":320, "bytes_tx":60, "bytes_rx":12, "r2n_latency":784, "lqi":100, "rssi":-90, "server_sent":326, "server_received":442, "server_bytes_rx":60, "n2r_latency":647, "hops":1, "rtt_latency":602, "root_time_now":3301060}
[Mote:17] Not reachable yet
[Mote:8] Not reachable yet
[Mote:18] Not reachable yet
[Mote:5] Not reachable yet
[Mote:4] Not reachable yet
[Mote:12] Not reachable yet
[Mote:14] Not reachable yet
[Mote:15] Not reachable yet
[Mote:3] Not reachable yet
[Mote:2] Sensor IPv6 = fe80::202:2:2:2
[Mote:1] {"node":"fd00::202:2:2:2", "cpu_energy_mj":18, "lpm_energy_mj":0, "radio_tx_energy_mj":1, "radio_rx_energy_mj":8, "node_time":3306573, "total_sent":196, "total_received":319, "bytes_tx":60, "bytes_rx":12, "r2n_latency":164, "lqi":100, "rssi":-84, "server_sent":328, "server_received":392, "server_bytes_rx":60, "n2r_latency":87, "hops":0, "rtt_latency":502, "root_time_now":3306660}
[Mote:13] Not reachable yet
[Mote:9] Not reachable yet
[Mote:11] Sensor IPv6 = fe80::20b:b:b:b
[Mote:7] Not reachable yet
[Mote:1] {"node":"fd00::20b:b:b:b", "cpu_energy_mj":18, "lpm_energy_mj":0, "radio_tx_energy_mj":1, "radio_rx_energy_mj":7, "node_time":3310016, "total_sent":144, "total_received":226, "bytes_tx":60, "bytes_rx":12, "r2n_latency":3944, "lqi":100, "rssi":-87, "server_sent":325, "server_received":287, "server_bytes_rx":60, "n2r_latency":774, "hops":1, "rtt_latency":2112, "root_time_now":3310790}
[Mote:10] Not reachable yet
[Mote:16] Not reachable yet
[Mote:6] Sensor IPv6 = fe80::206:6:6:6
[Mote:19] Not reachable yet
[Mote:17] Not reachable yet
[Mote:8] Not reachable yet
[Mote:18] Not reachable yet
[Mote:1] {"node":"fd00::206:6:6:6", "cpu_energy_mj":19, "lpm_energy_mj":0, "radio_tx_energy_mj":0, "radio_rx_energy_mj":8, "node_time":3311340, "total_sent":222, "total_received":322, "bytes_tx":60, "bytes_rx":12, "r2n_latency":594, "lqi":100, "rssi":-90, "server_sent":327, "server_received":445, "server_bytes_rx":60, "n2r_latency":1480, "hops":1, "rtt_latency":1382, "root_time_now":3312820}
[Mote:5] Not reachable yet
[Mote:4] Not reachable yet
[Mote:14] Not reachable yet
[Mote:12] Not reachable yet
[Mote:15] Not reachable yet
[Mote:3] Not reachable yet
[Mote:2] Sensor IPv6 = fe80::202:2:2:2
[Mote:1] {"node":"fd00::202:2:2:2", "cpu_energy_mj":18, "lpm_energy_mj":0, "radio_tx_energy_mj":1, "radio_rx_energy_mj":7, "node_time":3317103, "total_sent":197, "total_received":320, "bytes_tx":60, "bytes_rx":12, "r2n_latency":384, "lqi":100, "rssi":-84, "server_sent":329, "server_received":394, "server_bytes_rx":60, "n2r_latency":267, "hops":0, "rtt_latency":437, "root_time_now":3317370}
[Mote:13] Not reachable yet
[Mote:9] Not reachable yet
[Mote:11] Sensor IPv6 = fe80::20b:b:b:b
[Mote:1] {"node":"fd00::20b:b:b:b", "cpu_energy_mj":18, "lpm_energy_mj":0, "radio_tx_energy_mj":0, "radio_rx_energy_mj":8, "node_time":3320139, "total_sent":145, "total_received":227, "bytes_tx":60, "bytes_rx":12, "r2n_latency":2064, "lqi":100, "rssi":-87, "server_sent":326, "server_received":289, "server_bytes_rx":60, "n2r_latency":381, "hops":1, "rtt_latency":1207, "root_time_now":3320520}
[Mote:7] Not reachable yet
[Mote:16] Not reachable yet
[Mote:10] Not reachable yet
[Mote:17] Not reachable yet
[Mote:6] Sensor IPv6 = fe80::206:6:6:6
[Mote:19] Not reachable yet
[Mote:1] {"node":"fd00::206:6:6:6", "cpu_energy_mj":19, "lpm_energy_mj":0, "radio_tx_energy_mj":0, "radio_rx_energy_mj":8, "node_time":3322268, "total_sent":223, "total_received":322, "bytes_tx":60, "bytes_rx":12, "r2n_latency":594, "lqi":100, "rssi":-90, "server_sent":328, "server_received":446, "server_bytes_rx":60, "n2r_latency":212, "hops":1, "rtt_latency":1382, "root_time_now":3322480}
[Mote:8] Not reachable yet
[Mote:18] Not reachable yet
[Mote:5] Not reachable yet
[Mote:4] Not reachable yet
[Mote:14] Not reachable yet
[Mote:12] Not reachable yet
[Mote:15] Not reachable yet
[Mote:3] Not reachable yet
[Mote:2] Sensor IPv6 = fe80::202:2:2:2
[Mote:1] {"node":"fd00::202:2:2:2", "cpu_energy_mj":18, "lpm_energy_mj":0, "radio_tx_energy_mj":1, "radio_rx_energy_mj":7, "node_time":3327635, "total_sent":198, "total_received":321, "bytes_tx":60, "bytes_rx":12, "r2n_latency":3334, "lqi":100, "rssi":-84, "server_sent":330, "server_received":396, "server_bytes_rx":60, "n2r_latency":25, "hops":0, "rtt_latency":2017, "root_time_now":3327660}
[Mote:13] Not reachable yet
[Mote:9] Not reachable yet
[Mote:11] Sensor IPv6 = fe80::20b:b:b:b
[Mote:16] Not reachable yet
[Mote:1] {"node":"fd00::20b:b:b:b", "cpu_energy_mj":18, "lpm_energy_mj":0, "radio_tx_energy_mj":0, "radio_rx_energy_mj":8, "node_time":3330262, "total_sent":146, "total_received":228, "bytes_tx":60, "bytes_rx":12, "r2n_latency":4314, "lqi":100, "rssi":-87, "server_sent":327, "server_received":291, "server_bytes_rx":60, "n2r_latency":898, "hops":1, "rtt_latency":2507, "root_time_now":3331160}
[Mote:10] Not reachable yet
[Mote:7] Not reachable yet
[Mote:17] Not reachable yet
[Mote:6] Sensor IPv6 = fe80::206:6:6:6
[Mote:8] Not reachable yet
[Mote:19] Not reachable yet
[Mote:18] Not reachable yet
[Mote:5] Not reachable yet
[Mote:1] {"node":"fd00::206:6:6:6", "cpu_energy_mj":19, "lpm_energy_mj":0, "radio_tx_energy_mj":0, "radio_rx_energy_mj":8, "node_time":3333196, "total_sent":224, "total_received":323, "bytes_tx":60, "bytes_rx":12, "r2n_latency":3614, "lqi":100, "rssi":-90, "server_sent":329, "server_received":448, "server_bytes_rx":60, "n2r_latency":1884, "hops":1, "rtt_latency":2052, "root_time_now":3335080}
[Mote:4] Not reachable yet
[Mote:3] Not reachable yet
[Mote:15] Not reachable yet
[Mote:14] Not reachable yet
[Mote:12] Not reachable yet
[Mote:13] Not reachable yet
[Mote:2] Sensor IPv6 = fe80::202:2:2:2
[Mote:1] {"node":"fd00::202:2:2:2", "cpu_energy_mj":18, "lpm_energy_mj":0, "radio_tx_energy_mj":2, "radio_rx_energy_mj":7, "node_time":3338166, "total_sent":199, "total_received":322, "bytes_tx":60, "bytes_rx":12, "r2n_latency":196, "lqi":100, "rssi":-84, "server_sent":331, "server_received":398, "server_bytes_rx":60, "n2r_latency":64, "hops":0, "rtt_latency":413, "root_time_now":3338230}
[Mote:11] Sensor IPv6 = fe80::20b:b:b:b
[Mote:9] Not reachable yet
[Mote:16] Not reachable yet
[Mote:10] Not reachable yet
[Mote:7] Not reachable yet
[Mote:17] Not reachable yet
[Mote:1] {"node":"fd00::20b:b:b:b", "cpu_energy_mj":18, "lpm_energy_mj":0, "radio_tx_energy_mj":0, "radio_rx_energy_mj":8, "node_time":3340385, "total_sent":147, "total_received":229, "bytes_tx":60, "bytes_rx":12, "r2n_latency":1876, "lqi":100, "rssi":-87, "server_sent":328, "server_received":293, "server_bytes_rx":60, "n2r_latency":3025, "hops":1, "rtt_latency":1008, "root_time_now":3343410}
[Mote:8] Not reachable yet
[Mote:6] Sensor IPv6 = fe80::206:6:6:6
[Mote:18] Not reachable yet
[Mote:19] Not reachable yet
[Mote:1] {"node":"fd00::206:6:6:6", "cpu_energy_mj":19, "lpm_energy_mj":0, "radio_tx_energy_mj":1, "radio_rx_energy_mj":8, "node_time":3344126, "total_sent":225, "total_received":325, "bytes_tx":60, "bytes_rx":12, "r2n_latency":694, "lqi":100, "rssi":-90, "server_sent":330, "server_received":451, "server_bytes_rx":60, "n2r_latency":264, "hops":1, "rtt_latency":767, "root_time_now":3344390}
[Mote:5] Not reachable yet
[Mote:4] Not reachable yet
[Mote:3] Not reachable yet
[Mote:15] Not reachable yet
[Mote:14] Not reachable yet
[Mote:12] Not reachable yet
[Mote:13] Not reachable yet
[Mote:2] Sensor IPv6 = fe80::202:2:2:2
[Mote:1] {"node":"fd00::202:2:2:2", "cpu_energy_mj":18, "lpm_energy_mj":0, "radio_tx_energy_mj":1, "radio_rx_energy_mj":7, "node_time":3348696, "total_sent":200, "total_received":323, "bytes_tx":60, "bytes_rx":12, "r2n_latency":64, "lqi":100, "rssi":-84, "server_sent":332, "server_received":400, "server_bytes_rx":60, "n2r_latency":104, "hops":0, "rtt_latency":137, "root_time_now":3348800}
[Mote:11] Sensor IPv6 = fe80::20b:b:b:b
[Mote:16] Not reachable yet
[Mote:9] Not reachable yet
[Mote:10] Not reachable yet
[Mote:1] {"node":"fd00::20b:b:b:b", "cpu_energy_mj":18, "lpm_energy_mj":0, "radio_tx_energy_mj":0, "radio_rx_energy_mj":7, "node_time":3350508, "total_sent":148, "total_received":230, "bytes_tx":60, "bytes_rx":12, "r2n_latency":1884, "lqi":100, "rssi":-87, "server_sent":329, "server_received":295, "server_bytes_rx":60, "n2r_latency":1722, "hops":1, "rtt_latency":1852, "root_time_now":3352230}
[Mote:7] Not reachable yet
[Mote:17] Not reachable yet
[Mote:8] Not reachable yet
[Mote:18] Not reachable yet
[Mote:6] Sensor IPv6 = fe80::206:6:6:6
[Mote:1] {"node":"fd00::206:6:6:6", "cpu_energy_mj":19, "lpm_energy_mj":0, "radio_tx_energy_mj":0, "radio_rx_energy_mj":9, "node_time":3355055, "total_sent":226, "total_received":326, "bytes_tx":60, "bytes_rx":12, "r2n_latency":984, "lqi":100, "rssi":-90, "server_sent":331, "server_received":453, "server_bytes_rx":60, "n2r_latency":115, "hops":1, "rtt_latency":562, "root_time_now":3355170}
[Mote:19] Not reachable yet
[Mote:5] Not reachable yet
[Mote:4] Not reachable yet
[Mote:3] Not reachable yet
[Mote:15] Not reachable yet
[Mote:13] Not reachable yet
[Mote:14] Not reachable yet
[Mote:12] Not reachable yet
[Mote:2] Sensor IPv6 = fe80::202:2:2:2
[Mote:1] {"node":"fd00::202:2:2:2", "cpu_energy_mj":18, "lpm_energy_mj":0, "radio_tx_energy_mj":1, "radio_rx_energy_mj":7, "node_time":3359229, "total_sent":201, "total_received":324, "bytes_tx":60, "bytes_rx":12, "r2n_latency":74, "lqi":100, "rssi":-84, "server_sent":333, "server_received":402, "server_bytes_rx":60, "n2r_latency":71, "hops":0, "rtt_latency":142, "root_time_now":3359300}
[Mote:11] Sensor IPv6 = fe80::20b:b:b:b
[Mote:16] Not reachable yet
[Mote:10] Not reachable yet
[Mote:9] Not reachable yet
[Mote:17] Not reachable yet
[Mote:7] Not reachable yet
[Mote:1] {"node":"fd00::20b:b:b:b", "cpu_energy_mj":18, "lpm_energy_mj":0, "radio_tx_energy_mj":0, "radio_rx_energy_mj":8, "node_time":3360631, "total_sent":149, "total_received":231, "bytes_tx":60, "bytes_rx":12, "r2n_latency":774, "lqi":100, "rssi":-87, "server_sent":330, "server_received":297, "server_bytes_rx":60, "n2r_latency":3709, "hops":1, "rtt_latency":1192, "root_time_now":3364340}
[Mote:8] Not reachable yet
[Mote:18] Not reachable yet
[Mote:6] Sensor IPv6 = fe80::206:6:6:6
[Mote:19] Not reachable yet
[Mote:1] {"node":"fd00::206:6:6:6", "cpu_energy_mj":19, "lpm_energy_mj":0, "radio_tx_energy_mj":0, "radio_rx_energy_mj":8, "node_time":3365984, "total_sent":227, "total_received":327, "bytes_tx":60, "bytes_rx":12, "r2n_latency":3094, "lqi":100, "rssi":-90, "server_sent":332, "server_received":455, "server_bytes_rx":60, "n2r_latency":736, "hops":1, "rtt_latency":2422, "root_time_now":3366720}
[Mote:3] Not reachable yet
[Mote:4] Not reachable yet
[Mote:5] Sensor IPv6 = fe80::205:5:5:5
[Mote:1] {"node":"fd00::205:5:5:5", "cpu_energy_mj":4293, "lpm_energy_mj":0, "radio_tx_energy_mj":571, "radio_rx_energy_mj":2866, "node_time":3367422, "total_sent":79, "total_received":296, "bytes_tx":60, "bytes_rx":12, "r2n_latency":14, "lqi":100, "rssi":-85, "server_sent":334, "server_received":160, "server_bytes_rx":60, "n2r_latency":68, "hops":0, "rtt_latency":322, "root_time_now":3367490}
[Mote:15] Not reachable yet
[Mote:13] Not reachable yet
[Mote:14] Not reachable yet
[Mote:12] Sensor IPv6 = fe80::20c:c:c:c
[Mote:1] {"node":"fd00::20c:c:c:c", "cpu_energy_mj":4387, "lpm_energy_mj":0, "radio_tx_energy_mj":14, "radio_rx_energy_mj":3049, "node_time":3369262, "total_sent":34, "total_received":137, "bytes_tx":60, "bytes_rx":12, "r2n_latency":9514, "lqi":100, "rssi":-85, "server_sent":333, "server_received":64, "server_bytes_rx":60, "n2r_latency":118, "hops":1, "rtt_latency":2217, "root_time_now":3369380}
[Mote:2] Sensor IPv6 = fe80::202:2:2:2
[Mote:11] Sensor IPv6 = fe80::20b:b:b:b
[Mote:16] Not reachable yet
[Mote:10] Not reachable yet
[Mote:9] Not reachable yet
[Mote:17] Not reachable yet
[Mote:7] Not reachable yet
[Mote:1] {"node":"fd00::202:2:2:2", "cpu_energy_mj":18, "lpm_energy_mj":0, "radio_tx_energy_mj":1, "radio_rx_energy_mj":7, "node_time":3369758, "total_sent":202, "total_received":325, "bytes_tx":60, "bytes_rx":12, "r2n_latency":504, "lqi":100, "rssi":-84, "server_sent":335, "server_received":404, "server_bytes_rx":60, "n2r_latency":3752, "hops":0, "rtt_latency":357, "root_time_now":3373510}
[Mote:1] {"node":"fd00::20b:b:b:b", "cpu_energy_mj":18, "lpm_energy_mj":0, "radio_tx_energy_mj":0, "radio_rx_energy_mj":8, "node_time":3370754, "total_sent":150, "total_received":232, "bytes_tx":60, "bytes_rx":12, "r2n_latency":2954, "lqi":100, "rssi":-87, "server_sent":331, "server_received":299, "server_bytes_rx":60, "n2r_latency":3036, "hops":1, "rtt_latency":2317, "root_time_now":3373790}
[Mote:8] Not reachable yet
[Mote:18] Not reachable yet
[Mote:6] Sensor IPv6 = fe80::206:6:6:6
[Mote:19] Not reachable yet
[Mote:1] {"node":"fd00::206:6:6:6", "cpu_energy_mj":19, "lpm_energy_mj":0, "radio_tx_energy_mj":0, "radio_rx_energy_mj":8, "node_time":3376916, "total_sent":228, "total_received":328, "bytes_tx":60, "bytes_rx":12, "r2n_latency":4016, "lqi":100, "rssi":-90, "server_sent":333, "server_received":457, "server_bytes_rx":60, "n2r_latency":164, "hops":1, "rtt_latency":2148, "root_time_now":3377080}
[Mote:3] Not reachable yet
[Mote:4] Not reachable yet
[Mote:5] Sensor IPv6 = fe80::205:5:5:5
[Mote:13] Not reachable yet
[Mote:15] Not reachable yet
[Mote:1] {"node":"fd00::205:5:5:5", "cpu_energy_mj":19, "lpm_energy_mj":0, "radio_tx_energy_mj":0, "radio_rx_energy_mj":8, "node_time":3378214, "total_sent":80, "total_received":297, "bytes_tx":60, "bytes_rx":12, "r2n_latency":26, "lqi":100, "rssi":-85, "server_sent":335, "server_received":162, "server_bytes_rx":60, "n2r_latency":1036, "hops":0, "rtt_latency":363, "root_time_now":3379250}
[Mote:14] Not reachable yet
[Mote:12] Sensor IPv6 = fe80::20c:c:c:c
[Mote:2] Sensor IPv6 = fe80::202:2:2:2
[Mote:1] {"node":"fd00::202:2:2:2", "cpu_energy_mj":18, "lpm_energy_mj":0, "radio_tx_energy_mj":2, "radio_rx_energy_mj":7, "node_time":3380289, "total_sent":203, "total_received":326, "bytes_tx":60, "bytes_rx":12, "r2n_latency":446, "lqi":100, "rssi":-84, "server_sent":336, "server_received":406, "server_bytes_rx":60, "n2r_latency":81, "hops":0, "rtt_latency":1798, "root_time_now":3380370}
[Mote:11] Sensor IPv6 = fe80::20b:b:b:b
[Mote:16] Not reachable yet
[Mote:1] {"node":"fd00::20c:c:c:c", "cpu_energy_mj":19, "lpm_energy_mj":0, "radio_tx_energy_mj":0, "radio_rx_energy_mj":8, "node_time":3380095, "total_sent":35, "total_received":138, "bytes_tx":60, "bytes_rx":12, "r2n_latency":376, "lqi":100, "rssi":-85, "server_sent":335, "server_received":65, "server_bytes_rx":60, "n2r_latency":1115, "hops":1, "rtt_latency":2217, "root_time_now":3381210}
[Mote:1] {"node":"fd00::20b:b:b:b", "cpu_energy_mj":18, "lpm_energy_mj":0, "radio_tx_energy_mj":0, "radio_rx_energy_mj":8, "node_time":3380877, "total_sent":151, "total_received":233, "bytes_tx":60, "bytes_rx":12, "r2n_latency":1146, "lqi":100, "rssi":-87, "server_sent":332, "server_received":301, "server_bytes_rx":60, "n2r_latency":1173, "hops":1, "rtt_latency":1938, "root_time_now":3382050}
[Mote:10] Not reachable yet
[Mote:9] Not reachable yet
[Mote:17] Not reachable yet
[Mote:7] Not reachable yet
[Mote:8] Not reachable yet
[Mote:18] Not reachable yet
[Mote:3] Not reachable yet
[Mote:6] Sensor IPv6 = fe80::206:6:6:6
[Mote:19] Not reachable yet
[Mote:1] {"node":"fd00::206:6:6:6", "cpu_energy_mj":19, "lpm_energy_mj":0, "radio_tx_energy_mj":1, "radio_rx_energy_mj":8, "node_time":3387845, "total_sent":229, "total_received":329, "bytes_tx":60, "bytes_rx":12, "r2n_latency":1784, "lqi":100, "rssi":-90, "server_sent":334, "server_received":459, "server_bytes_rx":60, "n2r_latency":295, "hops":1, "rtt_latency":962, "root_time_now":3388140}
[Mote:13] Not reachable yet
[Mote:4] Not reachable yet
[Mote:5] Sensor IPv6 = fe80::205:5:5:5
[Mote:1] {"node":"fd00::205:5:5:5", "cpu_energy_mj":19, "lpm_energy_mj":0, "radio_tx_energy_mj":0, "radio_rx_energy_mj":8, "node_time":3389006, "total_sent":81, "total_received":298, "bytes_tx":60, "bytes_rx":12, "r2n_latency":34, "lqi":100, "rssi":-85, "server_sent":336, "server_received":164, "server_bytes_rx":60, "n2r_latency":44, "hops":0, "rtt_latency":577, "root_time_now":3389050}
[Mote:15] Not reachable yet
[Mote:14] Not reachable yet
[Mote:2] Sensor IPv6 = fe80::202:2:2:2
[Mote:12] Sensor IPv6 = fe80::20c:c:c:c
[Mote:11] Sensor IPv6 = fe80::20b:b:b:b
[Mote:16] Sensor IPv6 = fe80::210:10:10:10
[Mote:1] {"node":"fd00::202:2:2:2", "cpu_energy_mj":18, "lpm_energy_mj":0, "radio_tx_energy_mj":1, "radio_rx_energy_mj":7, "node_time":3390821, "total_sent":204, "total_received":328, "bytes_tx":60, "bytes_rx":12, "r2n_latency":464, "lqi":100, "rssi":-84, "server_sent":337, "server_received":409, "server_bytes_rx":60, "n2r_latency":959, "hops":0, "rtt_latency":862, "root_time_now":3391780}
[Mote:10] Not reachable yet
[Mote:17] Not reachable yet
[Mote:9] Not reachable yet
[Mote:7] Not reachable yet
[Mote:1] {"node":"fd00::20b:b:b:b", "cpu_energy_mj":18, "lpm_energy_mj":0, "radio_tx_energy_mj":1, "radio_rx_energy_mj":8, "node_time":3391000, "total_sent":152, "total_received":234, "bytes_tx":60, "bytes_rx":12, "r2n_latency":1014, "lqi":100, "rssi":-87, "server_sent":333, "server_received":303, "server_bytes_rx":60, "n2r_latency":3440, "hops":1, "rtt_latency":1242, "root_time_now":3394440}
[Mote:1] {"node":"fd00::20c:c:c:c", "cpu_energy_mj":19, "lpm_energy_mj":0, "radio_tx_energy_mj":0, "radio_rx_energy_mj":8, "node_time":3390926, "total_sent":36, "total_received":140, "bytes_tx":60, "bytes_rx":12, "r2n_latency":674, "lqi":100, "rssi":-85, "server_sent":336, "server_received":68, "server_bytes_rx":60, "n2r_latency":4774, "hops":1, "rtt_latency":1667, "root_time_now":3395700}
[Mote:8] Not reachable yet
[Mote:18] Not reachable yet
[Mote:3] Not reachable yet
[Mote:13] Sensor IPv6 = fe80::20d:d:d:d
[Mote:1] {"node":"fd00::20d:d:d:d", "cpu_energy_mj":4332, "lpm_energy_mj":0, "radio_tx_energy_mj":572, "radio_rx_energy_mj":3767, "node_time":3398455, "total_sent":67, "total_received":276, "bytes_tx":60, "bytes_rx":12, "r2n_latency":3867, "lqi":100, "rssi":-87, "server_sent":330, "server_received":133, "server_bytes_rx":60, "n2r_latency":115, "hops":1, "rtt_latency":6512, "root_time_now":3398570}
[Mote:6] Sensor IPv6 = fe80::206:6:6:6
[Mote:19] Not reachable yet
[Mote:4] Not reachable yet
[Mote:1] {"node":"fd00::206:6:6:6", "cpu_energy_mj":19, "lpm_energy_mj":0, "radio_tx_energy_mj":1, "radio_rx_energy_mj":8, "node_time":3398771, "total_sent":230, "total_received":330, "bytes_tx":60, "bytes_rx":12, "r2n_latency":954, "lqi":100, "rssi":-90, "server_sent":335, "server_received":461, "server_bytes_rx":60, "n2r_latency":289, "hops":1, "rtt_latency":932, "root_time_now":3399060}
[Mote:15] Not reachable yet
[Mote:5] Sensor IPv6 = fe80::205:5:5:5
[Mote:1] {"node":"fd00::205:5:5:5", "cpu_energy_mj":19, "lpm_energy_mj":0, "radio_tx_energy_mj":0, "radio_rx_energy_mj":8, "node_time":3399800, "total_sent":82, "total_received":299, "bytes_tx":60, "bytes_rx":12, "r2n_latency":44, "lqi":100, "rssi":-85, "server_sent":337, "server_received":166, "server_bytes_rx":60, "n2r_latency":30, "hops":0, "rtt_latency":652, "root_time_now":3399830}
[Mote:11] Sensor IPv6 = fe80::20b:b:b:b
[Mote:14] Not reachable yet
[Mote:16] Sensor IPv6 = fe80::210:10:10:10
[Mote:2] Sensor IPv6 = fe80::202:2:2:2
[Mote:1] {"node":"fd00::202:2:2:2", "cpu_energy_mj":18, "lpm_energy_mj":0, "radio_tx_energy_mj":1, "radio_rx_energy_mj":7, "node_time":3401352, "total_sent":205, "total_received":329, "bytes_tx":60, "bytes_rx":12, "r2n_latency":194, "lqi":100, "rssi":-84, "server_sent":338, "server_received":411, "server_bytes_rx":60, "n2r_latency":18, "hops":0, "rtt_latency":237, "root_time_now":3401370}
[Mote:1] {"node":"fd00::20b:b:b:b", "cpu_energy_mj":18, "lpm_energy_mj":0, "radio_tx_energy_mj":0, "radio_rx_energy_mj":8, "node_time":3401123, "total_sent":153, "total_received":235, "bytes_tx":60, "bytes_rx":12, "r2n_latency":2634, "lqi":100, "rssi":-87, "server_sent":334, "server_received":305, "server_bytes_rx":60, "n2r_latency":527, "hops":1, "rtt_latency":2647, "root_time_now":3401650}
[Mote:12] Sensor IPv6 = fe80::20c:c:c:c
[Mote:10] Not reachable yet
[Mote:1] {"node":"fd00::20c:c:c:c", "cpu_energy_mj":19, "lpm_energy_mj":0, "radio_tx_energy_mj":0, "radio_rx_energy_mj":8, "node_time":3401759, "total_sent":37, "total_received":141, "bytes_tx":60, "bytes_rx":12, "r2n_latency":334, "lqi":100, "rssi":-85, "server_sent":337, "server_received":70, "server_bytes_rx":60, "n2r_latency":871, "hops":1, "rtt_latency":867, "root_time_now":3402630}
[Mote:17] Not reachable yet
[Mote:9] Not reachable yet
[Mote:7] Not reachable yet
[Mote:8] Not reachable yet
[Mote:18] Not reachable yet
[Mote:3] Not reachable yet
[Mote:13] Sensor IPv6 = fe80::20d:d:d:d
[Mote:1] {"node":"fd00::20d:d:d:d", "cpu_energy_mj":18, "lpm_energy_mj":0, "radio_tx_energy_mj":0, "radio_rx_energy_mj":8, "node_time":3408568, "total_sent":68, "total_received":277, "bytes_tx":60, "bytes_rx":12, "r2n_latency":964, "lqi":100, "rssi":-87, "server_sent":331, "server_received":135, "server_bytes_rx":60, "n2r_latency":82, "hops":1, "rtt_latency":1287, "root_time_now":3408650}
[Mote:4] Not reachable yet
[Mote:6] Sensor IPv6 = fe80::206:6:6:6
[Mote:19] Not reachable yet
[Mote:15] Not reachable yet
[Mote:5] Sensor IPv6 = fe80::205:5:5:5
[Mote:11] Sensor IPv6 = fe80::20b:b:b:b
[Mote:16] Sensor IPv6 = fe80::210:10:10:10
[Mote:2] Sensor IPv6 = fe80::202:2:2:2
[Mote:14] Not reachable yet
[Mote:1] {"node":"fd00::206:6:6:6", "cpu_energy_mj":19, "lpm_energy_mj":0, "radio_tx_energy_mj":0, "radio_rx_energy_mj":8, "node_time":3409703, "total_sent":231, "total_received":331, "bytes_tx":60, "bytes_rx":12, "r2n_latency":2014, "lqi":100, "rssi":-90, "server_sent":337, "server_received":463, "server_bytes_rx":60, "n2r_latency":2517, "hops":1, "rtt_latency":1252, "root_time_now":3412220}
[Mote:1] {"node":"fd00::202:2:2:2", "cpu_energy_mj":18, "lpm_energy_mj":0, "radio_tx_energy_mj":1, "radio_rx_energy_mj":7, "node_time":3411883, "total_sent":206, "total_received":330, "bytes_tx":60, "bytes_rx":12, "r2n_latency":64, "lqi":100, "rssi":-84, "server_sent":339, "server_received":413, "server_bytes_rx":60, "n2r_latency":407, "hops":0, "rtt_latency":557, "root_time_now":3412290}
[Mote:12] Sensor IPv6 = fe80::20c:c:c:c
[Mote:10] Not reachable yet
[Mote:17] Not reachable yet
[Mote:9] Not reachable yet
[Mote:7] Not reachable yet
[Mote:1] {"node":"fd00::205:5:5:5", "cpu_energy_mj":19, "lpm_energy_mj":0, "radio_tx_energy_mj":0, "radio_rx_energy_mj":8, "node_time":3410590, "total_sent":83, "total_received":301, "bytes_tx":60, "bytes_rx":12, "r2n_latency":344, "lqi":100, "rssi":-85, "server_sent":339, "server_received":169, "server_bytes_rx":60, "n2r_latency":5690, "hops":0, "rtt_latency":2097, "root_time_now":3416280}
[Mote:1] {"node":"fd00::20c:c:c:c", "cpu_energy_mj":19, "lpm_energy_mj":0, "radio_tx_energy_mj":0, "radio_rx_energy_mj":8, "node_time":3412594, "total_sent":38, "total_received":142, "bytes_tx":60, "bytes_rx":12, "r2n_latency":694, "lqi":100, "rssi":-85, "server_sent":338, "server_received":72, "server_bytes_rx":60, "n2r_latency":4036, "hops":1, "rtt_latency":3182, "root_time_now":3416630}
[Mote:1] {"node":"fd00::20b:b:b:b", "cpu_energy_mj":18, "lpm_energy_mj":0, "radio_tx_energy_mj":0, "radio_rx_energy_mj":8, "node_time":3411244, "total_sent":154, "total_received":237, "bytes_tx":60, "bytes_rx":12, "r2n_latency":904, "lqi":100, "rssi":-87, "server_sent":335, "server_received":308, "server_bytes_rx":60, "n2r_latency":5736, "hops":1, "rtt_latency":592, "root_time_now":3416980}
[Mote:8] Not reachable yet
[Mote:18] Not reachable yet
[Mote:3] Not reachable yet
[Mote:13] Sensor IPv6 = fe80::20d:d:d:d
[Mote:1] {"node":"fd00::20d:d:d:d", "cpu_energy_mj":18, "lpm_energy_mj":0, "radio_tx_energy_mj":0, "radio_rx_energy_mj":8, "node_time":3418681, "total_sent":69, "total_received":278, "bytes_tx":60, "bytes_rx":12, "r2n_latency":1394, "lqi":100, "rssi":-87, "server_sent":332, "server_received":137, "server_bytes_rx":60, "n2r_latency":119, "hops":1, "rtt_latency":3252, "root_time_now":3418800}
[Mote:4] Sensor IPv6 = fe80::204:4:4:4
[Mote:6] Sensor IPv6 = fe80::206:6:6:6
[Mote:15] Not reachable yet
[Mote:19] Sensor IPv6 = fe80::213:13:13:13
[Mote:16] Not reachable yet
[Mote:11] Sensor IPv6 = fe80::20b:b:b:b
[Mote:5] Sensor IPv6 = fe80::205:5:5:5
[Mote:2] Sensor IPv6 = fe80::202:2:2:2
[Mote:14] Not reachable yet
[Mote:10] Not reachable yet
[Mote:12] Sensor IPv6 = fe80::20c:c:c:c
[Mote:17] Not reachable yet
[Mote:1] {"node":"fd00::205:5:5:5", "cpu_energy_mj":19, "lpm_energy_mj":0, "radio_tx_energy_mj":1, "radio_rx_energy_mj":8, "node_time":3421382, "total_sent":84, "total_received":302, "bytes_tx":60, "bytes_rx":12, "r2n_latency":284, "lqi":100, "rssi":-85, "server_sent":340, "server_received":171, "server_bytes_rx":60, "n2r_latency":3158, "hops":0, "rtt_latency":422, "root_time_now":3424540}
[Mote:9] Not reachable yet
[Mote:7] Not reachable yet
[Mote:1] {"node":"fd00::20c:c:c:c", "cpu_energy_mj":19, "lpm_energy_mj":0, "radio_tx_energy_mj":0, "radio_rx_energy_mj":8, "node_time":3423424, "total_sent":39, "total_received":143, "bytes_tx":60, "bytes_rx":12, "r2n_latency":1124, "lqi":100, "rssi":-85, "server_sent":339, "server_received":74, "server_bytes_rx":60, "n2r_latency":2446, "hops":1, "rtt_latency":2907, "root_time_now":3425870}
[Mote:1] {"node":"fd00::204:4:4:4", "cpu_energy_mj":4370, "lpm_energy_mj":0, "radio_tx_energy_mj":56, "radio_rx_energy_mj":3490, "node_time":3420095, "total_sent":63, "total_received":140, "bytes_tx":60, "bytes_rx":12, "r2n_latency":1814, "lqi":100, "rssi":-83, "server_sent":330, "server_received":115, "server_bytes_rx":60, "n2r_latency":5845, "hops":2, "rtt_latency":3287, "root_time_now":3425940}
[Mote:1] {"node":"fd00::206:6:6:6", "cpu_energy_mj":19, "lpm_energy_mj":0, "radio_tx_energy_mj":1, "radio_rx_energy_mj":8, "node_time":3420632, "total_sent":232, "total_received":332, "bytes_tx":60, "bytes_rx":12, "r2n_latency":1884, "lqi":100, "rssi":-90, "server_sent":338, "server_received":465, "server_bytes_rx":60, "n2r_latency":6428, "hops":1, "rtt_latency":1642, "root_time_now":3427060}
[Mote:1] {"node":"fd00::20b:b:b:b", "cpu_energy_mj":18, "lpm_energy_mj":0, "radio_tx_energy_mj":0, "radio_rx_energy_mj":8, "node_time":3421369, "total_sent":155, "total_received":237, "bytes_tx":60, "bytes_rx":12, "r2n_latency":904, "lqi":100, "rssi":-87, "server_sent":336, "server_received":309, "server_bytes_rx":60, "n2r_latency":6041, "hops":1, "rtt_latency":592, "root_time_now":3427410}
[Mote:1] {"node":"fd00::202:2:2:2", "cpu_energy_mj":18, "lpm_energy_mj":0, "radio_tx_energy_mj":1, "radio_rx_energy_mj":8, "node_time":3422414, "total_sent":207, "total_received":331, "bytes_tx":60, "bytes_rx":12, "r2n_latency":144, "lqi":100, "rssi":-84, "server_sent":340, "server_received":415, "server_bytes_rx":60, "n2r_latency":5066, "hops":0, "rtt_latency":3397, "root_time_now":3427480}
[Mote:8] Not reachable yet
[Mote:3] Not reachable yet
[Mote:18] Not reachable yet
[Mote:13] Sensor IPv6 = fe80::20d:d:d:d
[Mote:4] Sensor IPv6 = fe80::204:4:4:4
[Mote:15] Not reachable yet
[Mote:16] Not reachable yet
[Mote:11] Sensor IPv6 = fe80::20b:b:b:b
[Mote:6] Sensor IPv6 = fe80::206:6:6:6
[Mote:19] Sensor IPv6 = fe80::213:13:13:13
[Mote:5] Sensor IPv6 = fe80::205:5:5:5
[Mote:2] Sensor IPv6 = fe80::202:2:2:2
[Mote:10] Not reachable yet
[Mote:14] Not reachable yet
[Mote:12] Sensor IPv6 = fe80::20c:c:c:c
[Mote:17] Not reachable yet
[Mote:1] {"node":"fd00::205:5:5:5", "cpu_energy_mj":19, "lpm_energy_mj":0, "radio_tx_energy_mj":0, "radio_rx_energy_mj":8, "node_time":3432174, "total_sent":85, "total_received":303, "bytes_tx":60, "bytes_rx":12, "r2n_latency":14, "lqi":100, "rssi":-85, "server_sent":341, "server_received":173, "server_bytes_rx":60, "n2r_latency":3636, "hops":0, "rtt_latency":2877, "root_time_now":3435810}
[Mote:9] Not reachable yet
[Mote:7] Not reachable yet
[Mote:1] {"node":"fd00::20c:c:c:c", "cpu_energy_mj":19, "lpm_energy_mj":0, "radio_tx_energy_mj":0, "radio_rx_energy_mj":8, "node_time":3434258, "total_sent":40, "total_received":144, "bytes_tx":60, "bytes_rx":12, "r2n_latency":714, "lqi":100, "rssi":-85, "server_sent":340, "server_received":76, "server_bytes_rx":60, "n2r_latency":2882, "hops":1, "rtt_latency":2982, "root_time_now":3437140}
[Mote:1] {"node":"fd00::20d:d:d:d", "cpu_energy_mj":18, "lpm_energy_mj":0, "radio_tx_energy_mj":0, "radio_rx_energy_mj":8, "node_time":3428796, "total_sent":70, "total_received":279, "bytes_tx":60, "bytes_rx":12, "r2n_latency":1824, "lqi":100, "rssi":-87, "server_sent":334, "server_received":139, "server_bytes_rx":60, "n2r_latency":8764, "hops":1, "rtt_latency":7947, "root_time_now":3437560}
[Mote:1] {"node":"fd00::204:4:4:4", "cpu_energy_mj":19, "lpm_energy_mj":0, "radio_tx_energy_mj":0, "radio_rx_energy_mj":9, "node_time":3430650, "total_sent":64, "total_received":141, "bytes_tx":60, "bytes_rx":12, "r2n_latency":2104, "lqi":100, "rssi":-83, "server_sent":331, "server_received":117, "server_bytes_rx":60, "n2r_latency":7400, "hops":2, "rtt_latency":8087, "root_time_now":3438050}
[Mote:8] Not reachable yet
[Mote:1] {"node":"fd00::213:13:13:13", "cpu_energy_mj":19, "lpm_energy_mj":0, "radio_tx_energy_mj":0, "radio_rx_energy_mj":9, "node_time":3431714, "total_sent":25, "total_received":55, "bytes_tx":60, "bytes_rx":12, "r2n_latency":2454, "lqi":100, "rssi":-30, "server_sent":330, "server_received":23, "server_bytes_rx":60, "n2r_latency":6406, "hops":2, "rtt_latency":8542, "root_time_now":3438120}
[Mote:13] Sensor IPv6 = fe80::20d:d:d:d
[Mote:3] Sensor IPv6 = fe80::203:3:3:3
[Mote:1] {"node":"fd00::20d:d:d:d", "cpu_energy_mj":18, "lpm_energy_mj":0, "radio_tx_energy_mj":1, "radio_rx_energy_mj":7, "node_time":3438906, "total_sent":71, "total_received":280, "bytes_tx":60, "bytes_rx":12, "r2n_latency":784, "lqi":100, "rssi":-87, "server_sent":334, "server_received":141, "server_bytes_rx":60, "n2r_latency":124, "hops":1, "rtt_latency":3822, "root_time_now":3439030}
[Mote:18] Not reachable yet
[Mote:1] {"node":"fd00::203:3:3:3", "cpu_energy_mj":4397, "lpm_energy_mj":0, "radio_tx_energy_mj":5, "radio_rx_energy_mj":44176, "node_time":3438941, "total_sent":42, "total_received":90, "bytes_tx":60, "bytes_rx":12, "r2n_latency":4924, "lqi":100, "rssi":-74, "server_sent":328, "server_received":68, "server_bytes_rx":60, "n2r_latency":299, "hops":3, "rtt_latency":6297, "root_time_now":3439240}
[Mote:4] Sensor IPv6 = fe80::204:4:4:4
[Mote:16] Not reachable yet
[Mote:11] Sensor IPv6 = fe80::20b:b:b:b
[Mote:15] Not reachable yet
[Mote:6] Sensor IPv6 = fe80::206:6:6:6
[Mote:19] Sensor IPv6 = fe80::213:13:13:13
[Mote:5] Sensor IPv6 = fe80::205:5:5:5
[Mote:1] {"node":"fd00::205:5:5:5", "cpu_energy_mj":19, "lpm_energy_mj":0, "radio_tx_energy_mj":2, "radio_rx_energy_mj":7, "node_time":3442966, "total_sent":86, "total_received":304, "bytes_tx":60, "bytes_rx":12, "r2n_latency":24, "lqi":100, "rssi":-85, "server_sent":342, "server_received":175, "server_bytes_rx":60, "n2r_latency":54, "hops":0, "rtt_latency":1237, "root_time_now":3443020}
[Mote:10] Not reachable yet
[Mote:2] Sensor IPv6 = fe80::202:2:2:2
[Mote:1] {"node":"fd00::206:6:6:6", "cpu_energy_mj":19, "lpm_energy_mj":0, "radio_tx_energy_mj":1, "radio_rx_energy_mj":8, "node_time":3431561, "total_sent":233, "total_received":333, "bytes_tx":60, "bytes_rx":12, "r2n_latency":1264, "lqi":100, "rssi":-90, "server_sent":340, "server_received":467, "server_bytes_rx":60, "n2r_latency":12579, "hops":1, "rtt_latency":3677, "root_time_now":3444140}
[Mote:1] {"node":"fd00::202:2:2:2", "cpu_energy_mj":18, "lpm_energy_mj":0, "radio_tx_energy_mj":1, "radio_rx_energy_mj":7, "node_time":3432944, "total_sent":208, "total_received":332, "bytes_tx":60, "bytes_rx":12, "r2n_latency":154, "lqi":100, "rssi":-84, "server_sent":342, "server_received":416, "server_bytes_rx":60, "n2r_latency":11266, "hops":0, "rtt_latency":3397, "root_time_now":3444210}
[Mote:14] Not reachable yet
[Mote:1] {"node":"fd00::20b:b:b:b", "cpu_energy_mj":18, "lpm_energy_mj":0, "radio_tx_energy_mj":0, "radio_rx_energy_mj":8, "node_time":3431490, "total_sent":156, "total_received":239, "bytes_tx":60, "bytes_rx":12, "r2n_latency":994, "lqi":100, "rssi":-87, "server_sent":338, "server_received":312, "server_bytes_rx":60, "n2r_latency":13000, "hops":1, "rtt_latency":7147, "root_time_now":3444490}
[Mote:17] Not reachable yet
[Mote:1] {"node":"fd00::206:6:6:6", "cpu_energy_mj":19, "lpm_energy_mj":0, "radio_tx_energy_mj":0, "radio_rx_energy_mj":8, "node_time":3442488, "total_sent":234, "total_received":335, "bytes_tx":60, "bytes_rx":12, "r2n_latency":1214, "lqi":100, "rssi":-90, "server_sent":340, "server_received":470, "server_bytes_rx":60, "n2r_latency":2212, "hops":1, "rtt_latency":2322, "root_time_now":3444700}
[Mote:1] {"node":"fd00::202:2:2:2", "cpu_energy_mj":18, "lpm_energy_mj":0, "radio_tx_energy_mj":1, "radio_rx_energy_mj":7, "node_time":3443478, "total_sent":209, "total_received":333, "bytes_tx":60, "bytes_rx":12, "r2n_latency":514, "lqi":100, "rssi":-84, "server_sent":342, "server_received":418, "server_bytes_rx":60, "n2r_latency":1292, "hops":0, "rtt_latency":2287, "root_time_now":3444770}
[Mote:12] Sensor IPv6 = fe80::20c:c:c:c
[Mote:1] {"node":"fd00::20b:b:b:b", "cpu_energy_mj":18, "lpm_energy_mj":0, "radio_tx_energy_mj":0, "radio_rx_energy_mj":7, "node_time":3441613, "total_sent":157, "total_received":240, "bytes_tx":60, "bytes_rx":12, "r2n_latency":934, "lqi":100, "rssi":-87, "server_sent":338, "server_received":314, "server_bytes_rx":60, "n2r_latency":3927, "hops":1, "rtt_latency":2427, "root_time_now":3445540}
[Mote:1] {"node":"fd00::20c:c:c:c", "cpu_energy_mj":19, "lpm_energy_mj":0, "radio_tx_energy_mj":0, "radio_rx_energy_mj":9, "node_time":3445090, "total_sent":41, "total_received":145, "bytes_tx":60, "bytes_rx":12, "r2n_latency":514, "lqi":100, "rssi":-85, "server_sent":341, "server_received":78, "server_bytes_rx":60, "n2r_latency":800, "hops":1, "rtt_latency":1307, "root_time_now":3445890}
[Mote:9] Not reachable yet
[Mote:7] Not reachable yet
[Mote:1] {"node":"fd00::204:4:4:4", "cpu_energy_mj":19, "lpm_energy_mj":0, "radio_tx_energy_mj":0, "radio_rx_energy_mj":8, "node_time":3441205, "total_sent":65, "total_received":142, "bytes_tx":60, "bytes_rx":12, "r2n_latency":2114, "lqi":100, "rssi":-83, "server_sent":332, "server_received":119, "server_bytes_rx":60, "n2r_latency":6645, "hops":2, "rtt_latency":4242, "root_time_now":3447850}
[Mote:8] Not reachable yet
[Mote:13] Sensor IPv6 = fe80::20d:d:d:d
[Mote:3] Sensor IPv6 = fe80::203:3:3:3
[Mote:18] Not reachable yet
[Mote:16] Not reachable yet
[Mote:11] Sensor IPv6 = fe80::20b:b:b:b
[Mote:4] Sensor IPv6 = fe80::204:4:4:4
[Mote:15] Not reachable yet
[Mote:1] {"node":"fd00::20d:d:d:d", "cpu_energy_mj":18, "lpm_energy_mj":0, "radio_tx_energy_mj":1, "radio_rx_energy_mj":7, "node_time":3449020, "total_sent":72, "total_received":281, "bytes_tx":60, "bytes_rx":12, "r2n_latency":1074, "lqi":100, "rssi":-87, "server_sent":336, "server_received":142, "server_bytes_rx":60, "n2r_latency":3450, "hops":1, "rtt_latency":3822, "root_time_now":3452470}
[Mote:6] Sensor IPv6 = fe80::206:6:6:6
[Mote:10] Not reachable yet
[Mote:19] Sensor IPv6 = fe80::213:13:13:13
[Mote:5] Sensor IPv6 = fe80::205:5:5:5
[Mote:1] {"node":"fd00::206:6:6:6", "cpu_energy_mj":19, "lpm_energy_mj":0, "radio_tx_energy_mj":0, "radio_rx_energy_mj":8, "node_time":3453416, "total_sent":235, "total_received":336, "bytes_tx":60, "bytes_rx":12, "r2n_latency":1013, "lqi":100, "rssi":-90, "server_sent":341, "server_received":472, "server_bytes_rx":60, "n2r_latency":384, "hops":1, "rtt_latency":576, "root_time_now":3453800}
[Mote:2] Sensor IPv6 = fe80::202:2:2:2
[Mote:1] {"node":"fd00::202:2:2:2", "cpu_energy_mj":18, "lpm_energy_mj":0, "radio_tx_energy_mj":2, "radio_rx_energy_mj":7, "node_time":3454005, "total_sent":210, "total_received":334, "bytes_tx":60, "bytes_rx":12, "r2n_latency":103, "lqi":100, "rssi":-84, "server_sent":343, "server_received":420, "server_bytes_rx":60, "n2r_latency":75, "hops":0, "rtt_latency":226, "root_time_now":3454080}
[Mote:17] Not reachable yet
[Mote:14] Not reachable yet
[Mote:1] {"node":"fd00::205:5:5:5", "cpu_energy_mj":19, "lpm_energy_mj":0, "radio_tx_energy_mj":1, "radio_rx_energy_mj":8, "node_time":3453756, "total_sent":87, "total_received":305, "bytes_tx":60, "bytes_rx":12, "r2n_latency":173, "lqi":100, "rssi":-85, "server_sent":343, "server_received":177, "server_bytes_rx":60, "n2r_latency":2004, "hops":0, "rtt_latency":1696, "root_time_now":3455760}
[Mote:1] {"node":"fd00::203:3:3:3", "cpu_energy_mj":18, "lpm_energy_mj":0, "radio_tx_energy_mj":0, "radio_rx_energy_mj":8, "node_time":3449206, "total_sent":43, "total_received":91, "bytes_tx":60, "bytes_rx":12, "r2n_latency":2824, "lqi":100, "rssi":-74, "server_sent":330, "server_received":70, "server_bytes_rx":60, "n2r_latency":6694, "hops":3, "rtt_latency":4352, "root_time_now":3455900}
[Mote:12] Sensor IPv6 = fe80::20c:c:c:c
[Mote:1] {"node":"fd00::20b:b:b:b", "cpu_energy_mj":18, "lpm_energy_mj":0, "radio_tx_energy_mj":0, "radio_rx_energy_mj":8, "node_time":3451736, "total_sent":158, "total_received":241, "bytes_tx":60, "bytes_rx":12, "r2n_latency":1363, "lqi":100, "rssi":-87, "server_sent":339, "server_received":316, "server_bytes_rx":60, "n2r_latency":5144, "hops":1, "rtt_latency":2326, "root_time_now":3456880}
[Mote:9] Not reachable yet
[Mote:7] Not reachable yet
[Mote:1] {"node":"fd00::204:4:4:4", "cpu_energy_mj":19, "lpm_energy_mj":0, "radio_tx_energy_mj":0, "radio_rx_energy_mj":8, "node_time":3451762, "total_sent":66, "total_received":144, "bytes_tx":60, "bytes_rx":12, "r2n_latency":1713, "lqi":100, "rssi":-83, "server_sent":333, "server_received":122, "server_bytes_rx":60, "n2r_latency":6168, "hops":2, "rtt_latency":3936, "root_time_now":3457930}
[Mote:1] {"node":"fd00::20c:c:c:c", "cpu_energy_mj":19, "lpm_energy_mj":0, "radio_tx_energy_mj":0, "radio_rx_energy_mj":8, "node_time":3455924, "total_sent":42, "total_received":146, "bytes_tx":60, "bytes_rx":12, "r2n_latency":313, "lqi":100, "rssi":-85, "server_sent":342, "server_received":79, "server_bytes_rx":60, "n2r_latency":2076, "hops":2, "rtt_latency":1307, "root_time_now":3458000}
[Mote:8] Not reachable yet
[Mote:13] Sensor IPv6 = fe80::20d:d:d:d
[Mote:3] Sensor IPv6 = fe80::203:3:3:3
[Mote:18] Not reachable yet
[Mote:16] Not reachable yet
[Mote:11] Sensor IPv6 = fe80::20b:b:b:b
[Mote:4] Sensor IPv6 = fe80::204:4:4:4
[Mote:15] Not reachable yet
[Mote:1] {"node":"fd00::20d:d:d:d", "cpu_energy_mj":18, "lpm_energy_mj":0, "radio_tx_energy_mj":1, "radio_rx_energy_mj":8, "node_time":3459133, "total_sent":73, "total_received":282, "bytes_tx":60, "bytes_rx":12, "r2n_latency":1433, "lqi":100, "rssi":-87, "server_sent":337, "server_received":144, "server_bytes_rx":60, "n2r_latency":4047, "hops":1, "rtt_latency":3131, "root_time_now":3463180}
[Mote:1] {"node":"fd00::203:3:3:3", "cpu_energy_mj":18, "lpm_energy_mj":0, "radio_tx_energy_mj":0, "radio_rx_energy_mj":8, "node_time":3459470, "total_sent":44, "total_received":92, "bytes_tx":60, "bytes_rx":12, "r2n_latency":7943, "lqi":100, "rssi":-74, "server_sent":331, "server_received":72, "server_bytes_rx":60, "n2r_latency":3780, "hops":3, "rtt_latency":4951, "root_time_now":3463250}
[Mote:10] Not reachable yet
[Mote:1] {"node":"fd00::20b:b:b:b", "cpu_energy_mj":18, "lpm_energy_mj":0, "radio_tx_energy_mj":0, "radio_rx_energy_mj":8, "node_time":3461861, "total_sent":159, "total_received":242, "bytes_tx":60, "bytes_rx":12, "r2n_latency":744, "lqi":100, "rssi":-87, "server_sent":340, "server_received":318, "server_bytes_rx":60, "n2r_latency":1879, "hops":1, "rtt_latency":1842, "root_time_now":3463740}
[Mote:1] {"node":"fd00::213:13:13:13", "cpu_energy_mj":19, "lpm_energy_mj":0, "radio_tx_energy_mj":0, "radio_rx_energy_mj":8, "node_time":3453570, "total_sent":27, "total_received":56, "bytes_tx":60, "bytes_rx":12, "r2n_latency":2394, "lqi":100, "rssi":-77, "server_sent":333, "server_received":26, "server_bytes_rx":60, "n2r_latency":10520, "hops":2, "rtt_latency":4041, "root_time_now":3464090}
[Mote:6] Sensor IPv6 = fe80::206:6:6:6
[Mote:19] Sensor IPv6 = fe80::213:13:13:13
[Mote:2] Sensor IPv6 = fe80::202:2:2:2
[Mote:5] Sensor IPv6 = fe80::205:5:5:5
[Mote:17] Not reachable yet
[Mote:1] {"node":"fd00::204:4:4:4", "cpu_energy_mj":19, "lpm_energy_mj":0, "radio_tx_energy_mj":0, "radio_rx_energy_mj":8, "node_time":3462319, "total_sent":67, "total_received":144, "bytes_tx":60, "bytes_rx":12, "r2n_latency":1713, "lqi":100, "rssi":-83, "server_sent":334, "server_received":123, "server_bytes_rx":60, "n2r_latency":2821, "hops":2, "rtt_latency":3936, "root_time_now":3465140}
[Mote:1] {"node":"fd00::205:5:5:5", "cpu_energy_mj":19, "lpm_energy_mj":0, "radio_tx_energy_mj":1, "radio_rx_energy_mj":8, "node_time":3464550, "total_sent":88, "total_received":306, "bytes_tx":60, "bytes_rx":12, "r2n_latency":1794, "lqi":100, "rssi":-85, "server_sent":344, "server_received":179, "server_bytes_rx":60, "n2r_latency":1010, "hops":0, "rtt_latency":2087, "root_time_now":3465560}
[Mote:14] Not reachable yet
[Mote:1] {"node":"fd00::202:2:2:2", "cpu_energy_mj":18, "lpm_energy_mj":0, "radio_tx_energy_mj":1, "radio_rx_energy_mj":7, "node_time":3464536, "total_sent":211, "total_received":335, "bytes_tx":60, "bytes_rx":12, "r2n_latency":114, "lqi":100, "rssi":-84, "server_sent":344, "server_received":422, "server_bytes_rx":60, "n2r_latency":1234, "hops":0, "rtt_latency":197, "root_time_now":3465770}
[Mote:1] {"node":"fd00::206:6:6:6", "cpu_energy_mj":19, "lpm_energy_mj":0, "radio_tx_energy_mj":0, "radio_rx_energy_mj":8, "node_time":3464345, "total_sent":236, "total_received":337, "bytes_tx":60, "bytes_rx":12, "r2n_latency":1094, "lqi":100, "rssi":-90, "server_sent":342, "server_received":474, "server_bytes_rx":60, "n2r_latency":1495, "hops":1, "rtt_latency":1807, "root_time_now":3465840}
[Mote:12] Not reachable yet
[Mote:7] Not reachable yet
[Mote:9] Not reachable yet
[Mote:13] Sensor IPv6 = fe80::20d:d:d:d
[Mote:8] Not reachable yet
[Mote:3] Sensor IPv6 = fe80::203:3:3:3
[Mote:18] Not reachable yet
[Mote:16] Not reachable yet
[Mote:11] Sensor IPv6 = fe80::20b:b:b:b
[Mote:4] Sensor IPv6 = fe80::204:4:4:4
[Mote:15] Not reachable yet
[Mote:10] Not reachable yet
[Mote:2] Sensor IPv6 = fe80::202:2:2:2
[Mote:17] Not reachable yet
[Mote:6] Sensor IPv6 = fe80::206:6:6:6
[Mote:5] Sensor IPv6 = fe80::205:5:5:5
[Mote:19] Sensor IPv6 = fe80::213:13:13:13
[Mote:1] {"node":"fd00::205:5:5:5", "cpu_energy_mj":19, "lpm_energy_mj":0, "radio_tx_energy_mj":1, "radio_rx_energy_mj":8, "node_time":3475342, "total_sent":89, "total_received":307, "bytes_tx":60, "bytes_rx":12, "r2n_latency":4884, "lqi":100, "rssi":-85, "server_sent":345, "server_received":181, "server_bytes_rx":60, "n2r_latency":648, "hops":0, "rtt_latency":2967, "root_time_now":3475990}
[Mote:1] {"node":"fd00::20d:d:d:d", "cpu_energy_mj":18, "lpm_energy_mj":0, "radio_tx_energy_mj":1, "radio_rx_energy_mj":8, "node_time":3469246, "total_sent":74, "total_received":283, "bytes_tx":60, "bytes_rx":12, "r2n_latency":8934, "lqi":100, "rssi":-87, "server_sent":338, "server_received":146, "server_bytes_rx":60, "n2r_latency":6954, "hops":1, "rtt_latency":7092, "root_time_now":3476200}
[Mote:14] Not reachable yet
[Mote:12] Not reachable yet
[Mote:7] Not reachable yet
[Mote:9] Not reachable yet
[Mote:13] Sensor IPv6 = fe80::20d:d:d:d
[Mote:3] Sensor IPv6 = fe80::203:3:3:3
[Mote:8] Not reachable yet
[Mote:1] {"node":"fd00::20b:b:b:b", "cpu_energy_mj":18, "lpm_energy_mj":0, "radio_tx_energy_mj":0, "radio_rx_energy_mj":8, "node_time":3471982, "total_sent":160, "total_received":243, "bytes_tx":60, "bytes_rx":12, "r2n_latency":1174, "lqi":100, "rssi":-87, "server_sent":342, "server_received":320, "server_bytes_rx":60, "n2r_latency":8348, "hops":1, "rtt_latency":5137, "root_time_now":3480330}
[Mote:18] Not reachable yet
[Mote:16] Not reachable yet
[Mote:11] Sensor IPv6 = fe80::20b:b:b:b
[Mote:1] {"node":"fd00::202:2:2:2", "cpu_energy_mj":18, "lpm_energy_mj":0, "radio_tx_energy_mj":1, "radio_rx_energy_mj":7, "node_time":3475069, "total_sent":212, "total_received":336, "bytes_tx":60, "bytes_rx":12, "r2n_latency":194, "lqi":100, "rssi":-84, "server_sent":346, "server_received":423, "server_bytes_rx":60, "n2r_latency":7291, "hops":0, "rtt_latency":197, "root_time_now":3482360}
[Mote:1] {"node":"fd00::206:6:6:6", "cpu_energy_mj":19, "lpm_energy_mj":0, "radio_tx_energy_mj":0, "radio_rx_energy_mj":8, "node_time":3475274, "total_sent":237, "total_received":338, "bytes_tx":60, "bytes_rx":12, "r2n_latency":1244, "lqi":100, "rssi":-90, "server_sent":344, "server_received":476, "server_bytes_rx":60, "n2r_latency":7646, "hops":1, "rtt_latency":3492, "root_time_now":3482920}
[Mote:4] Sensor IPv6 = fe80::204:4:4:4
[Mote:15] Not reachable yet
[Mote:10] Not reachable yet
[Mote:17] Not reachable yet
[Mote:2] Not reachable yet
[Mote:5] Sensor IPv6 = fe80::205:5:5:5
[Mote:6] Sensor IPv6 = fe80::206:6:6:6
[Mote:1] {"node":"fd00::206:6:6:6", "cpu_energy_mj":19, "lpm_energy_mj":0, "radio_tx_energy_mj":0, "radio_rx_energy_mj":8, "node_time":3486203, "total_sent":238, "total_received":339, "bytes_tx":60, "bytes_rx":12, "r2n_latency":1955, "lqi":100, "rssi":-90, "server_sent":344, "server_received":478, "server_bytes_rx":60, "n2r_latency":77, "hops":1, "rtt_latency":1607, "root_time_now":3486280}
[Mote:19] Sensor IPv6 = fe80::213:13:13:13
[Mote:1] {"node":"fd00::20b:b:b:b", "cpu_energy_mj":18, "lpm_energy_mj":0, "radio_tx_energy_mj":0, "radio_rx_energy_mj":8, "node_time":3482105, "total_sent":161, "total_received":244, "bytes_tx":60, "bytes_rx":12, "r2n_latency":1605, "lqi":100, "rssi":-87, "server_sent":342, "server_received":322, "server_bytes_rx":60, "n2r_latency":5155, "hops":1, "rtt_latency":3392, "root_time_now":3487260}
[Mote:14] Not reachable yet
[Mote:12] Not reachable yet
[Mote:7] Not reachable yet
[Mote:9] Not reachable yet
[Mote:1] {"node":"fd00::203:3:3:3", "cpu_energy_mj":18, "lpm_energy_mj":0, "radio_tx_energy_mj":0, "radio_rx_energy_mj":8, "node_time":3469733, "total_sent":45, "total_received":92, "bytes_tx":60, "bytes_rx":12, "r2n_latency":7943, "lqi":100, "rssi":-74, "server_sent":333, "server_received":73, "server_bytes_rx":60, "n2r_latency":19137, "hops":3, "rtt_latency":4951, "root_time_now":3488870}
[Mote:1] {"node":"fd00::204:4:4:4", "cpu_energy_mj":19, "lpm_energy_mj":0, "radio_tx_energy_mj":0, "radio_rx_energy_mj":8, "node_time":3472875, "total_sent":68, "total_received":145, "bytes_tx":60, "bytes_rx":12, "r2n_latency":9704, "lqi":100, "rssi":-83, "server_sent":336, "server_received":125, "server_bytes_rx":60, "n2r_latency":16415, "hops":2, "rtt_latency":13462, "root_time_now":3489290}
[Mote:1] {"node":"fd00::205:5:5:5", "cpu_energy_mj":19, "lpm_energy_mj":0, "radio_tx_energy_mj":1, "radio_rx_energy_mj":8, "node_time":3486133, "total_sent":90, "total_received":308, "bytes_tx":60, "bytes_rx":12, "r2n_latency":3845, "lqi":100, "rssi":-85, "server_sent":346, "server_received":183, "server_bytes_rx":60, "n2r_latency":3297, "hops":0, "rtt_latency":4687, "root_time_now":3489430}
[Mote:13] Sensor IPv6 = fe80::20d:d:d:d
[Mote:3] Sensor IPv6 = fe80::203:3:3:3
[Mote:8] Not reachable yet
[Mote:16] Not reachable yet
[Mote:18] Not reachable yet
[Mote:11] Sensor IPv6 = fe80::20b:b:b:b
[Mote:1] {"node":"fd00::213:13:13:13", "cpu_energy_mj":19, "lpm_energy_mj":0, "radio_tx_energy_mj":0, "radio_rx_energy_mj":8, "node_time":3475425, "total_sent":29, "total_received":58, "bytes_tx":60, "bytes_rx":12, "r2n_latency":10404, "lqi":100, "rssi":-30, "server_sent":336, "server_received":27, "server_bytes_rx":60, "n2r_latency":17995, "hops":3, "rtt_latency":4041, "root_time_now":3493420}
[Mote:4] Sensor IPv6 = fe80::204:4:4:4
[Mote:10] Not reachable yet
[Mote:15] Not reachable yet
[Mote:17] Not reachable yet
[Mote:2] Sensor IPv6 = fe80::202:2:2:2
[Mote:1] {"node":"fd00::20d:d:d:d", "cpu_energy_mj":18, "lpm_energy_mj":0, "radio_tx_energy_mj":1, "radio_rx_energy_mj":7, "node_time":3479358, "total_sent":75, "total_received":284, "bytes_tx":60, "bytes_rx":12, "r2n_latency":7194, "lqi":100, "rssi":-87, "server_sent":340, "server_received":148, "server_bytes_rx":60, "n2r_latency":17072, "hops":1, "rtt_latency":12172, "root_time_now":3496430}
[Mote:5] Sensor IPv6 = fe80::205:5:5:5
[Mote:6] Sensor IPv6 = fe80::206:6:6:6
[Mote:19] Not reachable yet
[Mote:1] {"node":"fd00::20b:b:b:b", "cpu_energy_mj":18, "lpm_energy_mj":0, "radio_tx_energy_mj":0, "radio_rx_energy_mj":8, "node_time":3492231, "total_sent":162, "total_received":245, "bytes_tx":60, "bytes_rx":12, "r2n_latency":914, "lqi":100, "rssi":-87, "server_sent":343, "server_received":324, "server_bytes_rx":60, "n2r_latency":5389, "hops":1, "rtt_latency":3572, "root_time_now":3497620}
[Mote:1] {"node":"fd00::202:2:2:2", "cpu_energy_mj":37, "lpm_energy_mj":0, "radio_tx_energy_mj":4, "radio_rx_energy_mj":14, "node_time":3496130, "total_sent":213, "total_received":338, "bytes_tx":60, "bytes_rx":12, "r2n_latency":214, "lqi":100, "rssi":-84, "server_sent":347, "server_received":426, "server_bytes_rx":60, "n2r_latency":1560, "hops":0, "rtt_latency":3537, "root_time_now":3497690}
[Mote:14] Not reachable yet
[Mote:1] {"node":"fd00::206:6:6:6", "cpu_energy_mj":19, "lpm_energy_mj":0, "radio_tx_energy_mj":0, "radio_rx_energy_mj":8, "node_time":3497132, "total_sent":239, "total_received":340, "bytes_tx":60, "bytes_rx":12, "r2n_latency":1684, "lqi":100, "rssi":-90, "server_sent":345, "server_received":480, "server_bytes_rx":60, "n2r_latency":1118, "hops":1, "rtt_latency":3782, "root_time_now":3498250}
[Mote:1] {"node":"fd00::203:3:3:3", "cpu_energy_mj":18, "lpm_energy_mj":0, "radio_tx_energy_mj":0, "radio_rx_energy_mj":8, "node_time":3479998, "total_sent":46, "total_received":93, "bytes_tx":60, "bytes_rx":12, "r2n_latency":12154, "lqi":100, "rssi":-74, "server_sent":334, "server_received":75, "server_bytes_rx":60, "n2r_latency":18602, "hops":3, "rtt_latency":14477, "root_time_now":3498600}
[Mote:1] {"node":"fd00::205:5:5:5", "cpu_energy_mj":19, "lpm_energy_mj":0, "radio_tx_energy_mj":2, "radio_rx_energy_mj":7, "node_time":3496924, "total_sent":91, "total_received":309, "bytes_tx":60, "bytes_rx":12, "r2n_latency":74, "lqi":100, "rssi":-85, "server_sent":347, "server_received":185, "server_bytes_rx":60, "n2r_latency":1886, "hops":0, "rtt_latency":1227, "root_time_now":3498810}
[Mote:7] Not reachable yet
[Mote:1] {"node":"fd00::204:4:4:4", "cpu_energy_mj":19, "lpm_energy_mj":0, "radio_tx_energy_mj":1, "radio_rx_energy_mj":8, "node_time":3483430, "total_sent":69, "total_received":146, "bytes_tx":60, "bytes_rx":12, "r2n_latency":7544, "lqi":100, "rssi":-83, "server_sent":337, "server_received":127, "server_bytes_rx":60, "n2r_latency":15590, "hops":2, "rtt_latency":12697, "root_time_now":3499020}
[Mote:12] Not reachable yet
[Mote:9] Not reachable yet
[Mote:13] Sensor IPv6 = fe80::20d:d:d:d
[Mote:3] Sensor IPv6 = fe80::203:3:3:3
[Mote:8] Not reachable yet
[Mote:16] Not reachable yet
[Mote:11] Sensor IPv6 = fe80::20b:b:b:b
[Mote:18] Not reachable yet
[Mote:10] Not reachable yet
[Mote:4] Sensor IPv6 = fe80::204:4:4:4
[Mote:15] Not reachable yet
[Mote:17] Not reachable yet
[Mote:1] {"node":"fd00::213:13:13:13", "cpu_energy_mj":19, "lpm_energy_mj":0, "radio_tx_energy_mj":0, "radio_rx_energy_mj":8, "node_time":3486356, "total_sent":30, "total_received":58, "bytes_tx":60, "bytes_rx":12, "r2n_latency":10404, "lqi":100, "rssi":-30, "server_sent":337, "server_received":28, "server_bytes_rx":60, "n2r_latency":19594, "hops":3, "rtt_latency":4041, "root_time_now":3505950}
[Mote:2] Sensor IPv6 = fe80::202:2:2:2
[Mote:5] Sensor IPv6 = fe80::205:5:5:5
[Mote:6] Sensor IPv6 = fe80::206:6:6:6
[Mote:19] Not reachable yet
[Mote:14] Not reachable yet
[Mote:1] {"node":"fd00::20b:b:b:b", "cpu_energy_mj":18, "lpm_energy_mj":0, "radio_tx_energy_mj":0, "radio_rx_energy_mj":8, "node_time":3502351, "total_sent":163, "total_received":246, "bytes_tx":60, "bytes_rx":12, "r2n_latency":1764, "lqi":100, "rssi":-87, "server_sent":344, "server_received":326, "server_bytes_rx":60, "n2r_latency":6469, "hops":1, "rtt_latency":1057, "root_time_now":3508820}
[Mote:1] {"node":"fd00::202:2:2:2", "cpu_energy_mj":18, "lpm_energy_mj":0, "radio_tx_energy_mj":2, "radio_rx_energy_mj":7, "node_time":3506661, "total_sent":214, "total_received":339, "bytes_tx":60, "bytes_rx":12, "r2n_latency":14, "lqi":100, "rssi":-84, "server_sent":348, "server_received":428, "server_bytes_rx":60, "n2r_latency":2229, "hops":0, "rtt_latency":567, "root_time_now":3508890}
[Mote:1] {"node":"fd00::206:6:6:6", "cpu_energy_mj":19, "lpm_energy_mj":0, "radio_tx_energy_mj":1, "radio_rx_energy_mj":8, "node_time":3508061, "total_sent":240, "total_received":341, "bytes_tx":60, "bytes_rx":12, "r2n_latency":364, "lqi":100, "rssi":-90, "server_sent":346, "server_received":482, "server_bytes_rx":60, "n2r_latency":899, "hops":1, "rtt_latency":742, "root_time_now":3508960}
[Mote:7] Not reachable yet
[Mote:13] Sensor IPv6 = fe80::20d:d:d:d
[Mote:9] Not reachable yet
[Mote:12] Not reachable yet
[Mote:3] Sensor IPv6 = fe80::203:3:3:3
[Mote:8] Not reachable yet
[Mote:16] Not reachable yet
[Mote:11] Sensor IPv6 = fe80::20b:b:b:b
[Mote:1] {"node":"fd00::20b:b:b:b", "cpu_energy_mj":18, "lpm_energy_mj":0, "radio_tx_energy_mj":0, "radio_rx_energy_mj":8, "node_time":3512476, "total_sent":164, "total_received":246, "bytes_tx":60, "bytes_rx":12, "r2n_latency":1764, "lqi":100, "rssi":-87, "server_sent":345, "server_received":327, "server_bytes_rx":60, "n2r_latency":124, "hops":1, "rtt_latency":1057, "root_time_now":3512600}
[Mote:18] Not reachable yet
[Mote:1] {"node":"fd00::20d:d:d:d", "cpu_energy_mj":18, "lpm_energy_mj":0, "radio_tx_energy_mj":1, "radio_rx_energy_mj":7, "node_time":3489472, "total_sent":76, "total_received":285, "bytes_tx":60, "bytes_rx":12, "r2n_latency":4265, "lqi":100, "rssi":-87, "server_sent":342, "server_received":150, "server_bytes_rx":60, "n2r_latency":24038, "hops":1, "rtt_latency":9692, "root_time_now":3513510}
[Mote:1] {"node":"fd00::20d:d:d:d", "cpu_energy_mj":18, "lpm_energy_mj":0, "radio_tx_energy_mj":2, "radio_rx_energy_mj":7, "node_time":3499583, "total_sent":77, "total_received":286, "bytes_tx":60, "bytes_rx":12, "r2n_latency":914, "lqi":100, "rssi":-87, "server_sent":342, "server_received":151, "server_bytes_rx":60, "n2r_latency":13997, "hops":1, "rtt_latency":9692, "root_time_now":3513580}
[Mote:10] Not reachable yet
[Mote:4] Sensor IPv6 = fe80::204:4:4:4
[Mote:15] Not reachable yet
[Mote:17] Not reachable yet
[Mote:2] Sensor IPv6 = fe80::202:2:2:2
[Mote:1] {"node":"fd00::202:2:2:2", "cpu_energy_mj":18, "lpm_energy_mj":0, "radio_tx_energy_mj":1, "radio_rx_energy_mj":7, "node_time":3517193, "total_sent":215, "total_received":340, "bytes_tx":60, "bytes_rx":12, "r2n_latency":94, "lqi":100, "rssi":-84, "server_sent":349, "server_received":430, "server_bytes_rx":60, "n2r_latency":27, "hops":0, "rtt_latency":887, "root_time_now":3517220}
[Mote:1] {"node":"fd00::204:4:4:4", "cpu_energy_mj":19, "lpm_energy_mj":0, "radio_tx_energy_mj":1, "radio_rx_energy_mj":8, "node_time":3493986, "total_sent":70, "total_received":148, "bytes_tx":60, "bytes_rx":12, "r2n_latency":2874, "lqi":100, "rssi":-83, "server_sent":339, "server_received":130, "server_bytes_rx":60, "n2r_latency":24214, "hops":2, "rtt_latency":13722, "root_time_now":3518200}
[Mote:5] Sensor IPv6 = fe80::205:5:5:5
[Mote:1] {"node":"fd00::203:3:3:3", "cpu_energy_mj":18, "lpm_energy_mj":0, "radio_tx_energy_mj":0, "radio_rx_energy_mj":8, "node_time":3490261, "total_sent":47, "total_received":95, "bytes_tx":60, "bytes_rx":12, "r2n_latency":6155, "lqi":100, "rssi":-74, "server_sent":336, "server_received":78, "server_bytes_rx":60, "n2r_latency":28289, "hops":5, "rtt_latency":9832, "root_time_now":3518550}
[Mote:1] {"node":"fd00::205:5:5:5", "cpu_energy_mj":19, "lpm_energy_mj":0, "radio_tx_energy_mj":2, "radio_rx_energy_mj":7, "node_time":3507717, "total_sent":92, "total_received":310, "bytes_tx":60, "bytes_rx":12, "r2n_latency":504, "lqi":100, "rssi":-85, "server_sent":349, "server_received":187, "server_bytes_rx":60, "n2r_latency":11253, "hops":0, "rtt_latency":7707, "root_time_now":3518970}
[Mote:6] Sensor IPv6 = fe80::206:6:6:6
[Mote:19] Not reachable yet
[Mote:1] {"node":"fd00::206:6:6:6", "cpu_energy_mj":19, "lpm_energy_mj":0, "radio_tx_energy_mj":0, "radio_rx_energy_mj":8, "node_time":3518990, "total_sent":241, "total_received":342, "bytes_tx":60, "bytes_rx":12, "r2n_latency":584, "lqi":100, "rssi":-90, "server_sent":347, "server_received":484, "server_bytes_rx":60, "n2r_latency":330, "hops":1, "rtt_latency":922, "root_time_now":3519320}
[Mote:14] Not reachable yet
[Mote:13] Not reachable yet
[Mote:7] Not reachable yet
[Mote:9] Not reachable yet
[Mote:12] Not reachable yet
[Mote:3] Sensor IPv6 = fe80::203:3:3:3
[Mote:16] Not reachable yet
[Mote:1] {"node":"fd00::204:4:4:4", "cpu_energy_mj":19, "lpm_energy_mj":0, "radio_tx_energy_mj":2, "radio_rx_energy_mj":7, "node_time":3504542, "total_sent":71, "total_received":149, "bytes_tx":60, "bytes_rx":12, "r2n_latency":4354, "lqi":100, "rssi":-83, "server_sent":340, "server_received":132, "server_bytes_rx":60, "n2r_latency":17158, "hops":2, "rtt_latency":10822, "root_time_now":3521700}
[Mote:8] Not reachable yet
[Mote:1] {"node":"fd00::203:3:3:3", "cpu_energy_mj":18, "lpm_energy_mj":0, "radio_tx_energy_mj":0, "radio_rx_energy_mj":8, "node_time":3500528, "total_sent":48, "total_received":96, "bytes_tx":60, "bytes_rx":12, "r2n_latency":5044, "lqi":100, "rssi":-74, "server_sent":337, "server_received":80, "server_bytes_rx":60, "n2r_latency":21592, "hops":3, "rtt_latency":15577, "root_time_now":3522120}
[Mote:1] {"node":"fd00::20d:d:d:d", "cpu_energy_mj":18, "lpm_energy_mj":0, "radio_tx_energy_mj":2, "radio_rx_energy_mj":7, "node_time":3509697, "total_sent":78, "total_received":287, "bytes_tx":60, "bytes_rx":12, "r2n_latency":854, "lqi":100, "rssi":-87, "server_sent":343, "server_received":154, "server_bytes_rx":60, "n2r_latency":12563, "hops":1, "rtt_latency":13407, "root_time_now":3522260}
[Mote:11] Sensor IPv6 = fe80::20b:b:b:b
[Mote:1] {"node":"fd00::203:3:3:3", "cpu_energy_mj":18, "lpm_energy_mj":0, "radio_tx_energy_mj":0, "radio_rx_energy_mj":8, "node_time":3510789, "total_sent":49, "total_received":97, "bytes_tx":60, "bytes_rx":12, "r2n_latency":6594, "lqi":100, "rssi":-74, "server_sent":337, "server_received":82, "server_bytes_rx":60, "n2r_latency":12801, "hops":3, "rtt_latency":11382, "root_time_now":3523590}
[Mote:18] Not reachable yet
[Mote:1] {"node":"fd00::205:5:5:5", "cpu_energy_mj":19, "lpm_energy_mj":0, "radio_tx_energy_mj":2, "radio_rx_energy_mj":7, "node_time":3518509, "total_sent":93, "total_received":311, "bytes_tx":60, "bytes_rx":12, "r2n_latency":794, "lqi":100, "rssi":-85, "server_sent":350, "server_received":189, "server_bytes_rx":60, "n2r_latency":5501, "hops":0, "rtt_latency":6172, "root_time_now":3524010}
[Mote:10] Not reachable yet
[Mote:4] Sensor IPv6 = fe80::204:4:4:4
[Mote:15] Not reachable yet
[Mote:17] Not reachable yet
[Mote:1] {"node":"fd00::203:3:3:3", "cpu_energy_mj":18, "lpm_energy_mj":0, "radio_tx_energy_mj":0, "radio_rx_energy_mj":8, "node_time":3521053, "total_sent":50, "total_received":98, "bytes_tx":60, "bytes_rx":12, "r2n_latency":4854, "lqi":100, "rssi":-74, "server_sent":337, "server_received":84, "server_bytes_rx":60, "n2r_latency":6247, "hops":3, "rtt_latency":8132, "root_time_now":3527300}
[Mote:2] Sensor IPv6 = fe80::202:2:2:2
[Mote:1] {"node":"fd00::20b:b:b:b", "cpu_energy_mj":18, "lpm_energy_mj":0, "radio_tx_energy_mj":0, "radio_rx_energy_mj":8, "node_time":3522599, "total_sent":165, "total_received":247, "bytes_tx":60, "bytes_rx":12, "r2n_latency":3104, "lqi":100, "rssi":-87, "server_sent":346, "server_received":329, "server_bytes_rx":60, "n2r_latency":5261, "hops":1, "rtt_latency":2987, "root_time_now":3527860}
[Mote:5] Sensor IPv6 = fe80::205:5:5:5
[Mote:6] Sensor IPv6 = fe80::206:6:6:6
[Mote:13] Sensor IPv6 = fe80::20d:d:d:d
[Mote:19] Not reachable yet
[Mote:14] Not reachable yet
[Mote:7] Not reachable yet
[Mote:9] Not reachable yet
[Mote:3] Sensor IPv6 = fe80::203:3:3:3
[Mote:1] {"node":"fd00::202:2:2:2", "cpu_energy_mj":18, "lpm_energy_mj":0, "radio_tx_energy_mj":0, "radio_rx_energy_mj":8, "node_time":3527724, "total_sent":216, "total_received":341, "bytes_tx":60, "bytes_rx":12, "r2n_latency":104, "lqi":100, "rssi":-84, "server_sent":351, "server_received":432, "server_bytes_rx":60, "n2r_latency":3776, "hops":0, "rtt_latency":3902, "root_time_now":3531500}
[Mote:1] {"node":"fd00::206:6:6:6", "cpu_energy_mj":19, "lpm_energy_mj":0, "radio_tx_energy_mj":0, "radio_rx_energy_mj":8, "node_time":3529919, "total_sent":242, "total_received":343, "bytes_tx":60, "bytes_rx":12, "r2n_latency":3394, "lqi":100, "rssi":-90, "server_sent":349, "server_received":486, "server_bytes_rx":60, "n2r_latency":1651, "hops":1, "rtt_latency":4007, "root_time_now":3531570}
[Mote:16] Not reachable yet
[Mote:12] Not reachable yet
[Mote:8] Not reachable yet
[Mote:1] {"node":"fd00::204:4:4:4", "cpu_energy_mj":19, "lpm_energy_mj":0, "radio_tx_energy_mj":1, "radio_rx_energy_mj":8, "node_time":3525653, "total_sent":73, "total_received":151, "bytes_tx":60, "bytes_rx":12, "r2n_latency":5284, "lqi":100, "rssi":-83, "server_sent":341, "server_received":135, "server_bytes_rx":60, "n2r_latency":6827, "hops":2, "rtt_latency":6212, "root_time_now":3532480}
[Mote:1] {"node":"fd00::205:5:5:5", "cpu_energy_mj":19, "lpm_energy_mj":0, "radio_tx_energy_mj":3, "radio_rx_energy_mj":6, "node_time":3529301, "total_sent":94, "total_received":312, "bytes_tx":60, "bytes_rx":12, "r2n_latency":4304, "lqi":100, "rssi":-85, "server_sent":351, "server_received":191, "server_bytes_rx":60, "n2r_latency":3319, "hops":0, "rtt_latency":3237, "root_time_now":3532620}
[Mote:11] Sensor IPv6 = fe80::20b:b:b:b
[Mote:1] {"node":"fd00::20d:d:d:d", "cpu_energy_mj":36, "lpm_energy_mj":0, "radio_tx_energy_mj":2, "radio_rx_energy_mj":16, "node_time":3529924, "total_sent":79, "total_received":289, "bytes_tx":60, "bytes_rx":12, "r2n_latency":4584, "lqi":100, "rssi":-87, "server_sent":344, "server_received":157, "server_bytes_rx":60, "n2r_latency":2836, "hops":1, "rtt_latency":3622, "root_time_now":3532760}
[Mote:1] {"node":"fd00::203:3:3:3", "cpu_energy_mj":18, "lpm_energy_mj":0, "radio_tx_energy_mj":0, "radio_rx_energy_mj":8, "node_time":3531317, "total_sent":51, "total_received":99, "bytes_tx":60, "bytes_rx":12, "r2n_latency":8994, "lqi":100, "rssi":-74, "server_sent":338, "server_received":86, "server_bytes_rx":60, "n2r_latency":1723, "hops":3, "rtt_latency":6352, "root_time_now":3533040}
[Mote:1] {"node":"fd00::20b:b:b:b", "cpu_energy_mj":18, "lpm_energy_mj":0, "radio_tx_energy_mj":0, "radio_rx_energy_mj":8, "node_time":3532722, "total_sent":166, "total_received":248, "bytes_tx":60, "bytes_rx":12, "r2n_latency":3254, "lqi":100, "rssi":-87, "server_sent":347, "server_received":331, "server_bytes_rx":60, "n2r_latency":598, "hops":1, "rtt_latency":3972, "root_time_now":3533320}
[Mote:18] Not reachable yet
[Mote:10] Not reachable yet
[Mote:4] Sensor IPv6 = fe80::204:4:4:4
[Mote:15] Not reachable yet
[Mote:17] Not reachable yet
[Mote:2] Sensor IPv6 = fe80::202:2:2:2
[Mote:1] {"node":"fd00::202:2:2:2", "cpu_energy_mj":18, "lpm_energy_mj":0, "radio_tx_energy_mj":2, "radio_rx_energy_mj":6, "node_time":3538255, "total_sent":217, "total_received":342, "bytes_tx":60, "bytes_rx":12, "r2n_latency":3687, "lqi":100, "rssi":-84, "server_sent":351, "server_received":434, "server_bytes_rx":60, "n2r_latency":385, "hops":0, "rtt_latency":3313, "root_time_now":3538640}
[Mote:13] Sensor IPv6 = fe80::20d:d:d:d
[Mote:5] Sensor IPv6 = fe80::205:5:5:5
[Mote:6] Sensor IPv6 = fe80::206:6:6:6
[Mote:7] Not reachable yet
[Mote:19] Not reachable yet
[Mote:14] Not reachable yet
[Mote:1] {"node":"fd00::204:4:4:4", "cpu_energy_mj":19, "lpm_energy_mj":0, "radio_tx_energy_mj":1, "radio_rx_energy_mj":8, "node_time":3536213, "total_sent":74, "total_received":151, "bytes_tx":60, "bytes_rx":12, "r2n_latency":5284, "lqi":100, "rssi":-83, "server_sent":342, "server_received":136, "server_bytes_rx":60, "n2r_latency":4947, "hops":2, "rtt_latency":6212, "root_time_now":3541160}
[Mote:3] Sensor IPv6 = fe80::203:3:3:3
[Mote:9] Not reachable yet
[Mote:16] Not reachable yet
[Mote:12] Not reachable yet
[Mote:11] Not reachable yet
[Mote:8] Not reachable yet
[Mote:1] {"node":"fd00::205:5:5:5", "cpu_energy_mj":19, "lpm_energy_mj":0, "radio_tx_energy_mj":1, "radio_rx_energy_mj":7, "node_time":3540093, "total_sent":95, "total_received":313, "bytes_tx":60, "bytes_rx":12, "r2n_latency":5927, "lqi":100, "rssi":-85, "server_sent":352, "server_received":193, "server_bytes_rx":60, "n2r_latency":3167, "hops":0, "rtt_latency":4713, "root_time_now":3543260}
[Mote:1] {"node":"fd00::206:6:6:6", "cpu_energy_mj":19, "lpm_energy_mj":0, "radio_tx_energy_mj":0, "radio_rx_energy_mj":8, "node_time":3540851, "total_sent":243, "total_received":344, "bytes_tx":60, "bytes_rx":12, "r2n_latency":6697, "lqi":100, "rssi":-90, "server_sent":350, "server_received":488, "server_bytes_rx":60, "n2r_latency":2619, "hops":1, "rtt_latency":3803, "root_time_now":3543470}
[Mote:1] {"node":"fd00::20d:d:d:d", "cpu_energy_mj":18, "lpm_energy_mj":0, "radio_tx_energy_mj":1, "radio_rx_energy_mj":7, "node_time":3540037, "total_sent":80, "total_received":290, "bytes_tx":60, "bytes_rx":12, "r2n_latency":6977, "lqi":100, "rssi":-87, "server_sent":345, "server_received":159, "server_bytes_rx":60, "n2r_latency":4343, "hops":1, "rtt_latency":6428, "root_time_now":3544380}
[Mote:18] Not reachable yet
[Mote:10] Not reachable yet
[Mote:17] Not reachable yet
[Mote:4] Sensor IPv6 = fe80::204:4:4:4
[Mote:15] Not reachable yet
[Mote:1] {"node":"fd00::203:3:3:3", "cpu_energy_mj":18, "lpm_energy_mj":0, "radio_tx_energy_mj":0, "radio_rx_energy_mj":8, "node_time":3541582, "total_sent":52, "total_received":100, "bytes_tx":60, "bytes_rx":12, "r2n_latency":8797, "lqi":100, "rssi":-74, "server_sent":339, "server_received":88, "server_bytes_rx":60, "n2r_latency":7068, "hops":3, "rtt_latency":6498, "root_time_now":3548650}
[Mote:2] Sensor IPv6 = fe80::202:2:2:2
[Mote:1] {"node":"fd00::204:4:4:4", "cpu_energy_mj":19, "lpm_energy_mj":0, "radio_tx_energy_mj":2, "radio_rx_energy_mj":7, "node_time":3546765, "total_sent":75, "total_received":153, "bytes_tx":60, "bytes_rx":12, "r2n_latency":1526, "lqi":100, "rssi":-83, "server_sent":342, "server_received":139, "server_bytes_rx":60, "n2r_latency":2025, "hops":2, "rtt_latency":4298, "root_time_now":3548790}
[Mote:1] {"node":"fd00::202:2:2:2", "cpu_energy_mj":18, "lpm_energy_mj":0, "radio_tx_energy_mj":2, "radio_rx_energy_mj":7, "node_time":3548788, "total_sent":218, "total_received":343, "bytes_tx":60, "bytes_rx":12, "r2n_latency":616, "lqi":100, "rssi":-84, "server_sent":352, "server_received":436, "server_bytes_rx":60, "n2r_latency":72, "hops":0, "rtt_latency":378, "root_time_now":3548860}
[Mote:13] Sensor IPv6 = fe80::20d:d:d:d
[Mote:5] Sensor IPv6 = fe80::205:5:5:5
[Mote:1] {"node":"fd00::205:5:5:5", "cpu_energy_mj":19, "lpm_energy_mj":0, "radio_tx_energy_mj":2, "radio_rx_energy_mj":7, "node_time":3550886, "total_sent":96, "total_received":315, "bytes_tx":60, "bytes_rx":12, "r2n_latency":64, "lqi":100, "rssi":-85, "server_sent":353, "server_received":196, "server_bytes_rx":60, "n2r_latency":74, "hops":0, "rtt_latency":207, "root_time_now":3550960}
[Mote:7] Not reachable yet
[Mote:16] Not reachable yet
[Mote:6] Sensor IPv6 = fe80::206:6:6:6
[Mote:14] Not reachable yet
[Mote:3] Sensor IPv6 = fe80::203:3:3:3
[Mote:19] Not reachable yet
[Mote:9] Not reachable yet
[Mote:11] Not reachable yet
[Mote:1] {"node":"fd00::206:6:6:6", "cpu_energy_mj":19, "lpm_energy_mj":0, "radio_tx_energy_mj":1, "radio_rx_energy_mj":8, "node_time":3551778, "total_sent":244, "total_received":346, "bytes_tx":60, "bytes_rx":12, "r2n_latency":694, "lqi":100, "rssi":-90, "server_sent":351, "server_received":491, "server_bytes_rx":60, "n2r_latency":1212, "hops":1, "rtt_latency":1467, "root_time_now":3552990}
[Mote:1] {"node":"fd00::20d:d:d:d", "cpu_energy_mj":18, "lpm_energy_mj":0, "radio_tx_energy_mj":1, "radio_rx_energy_mj":8, "node_time":3550148, "total_sent":81, "total_received":291, "bytes_tx":60, "bytes_rx":12, "r2n_latency":966, "lqi":100, "rssi":-87, "server_sent":346, "server_received":161, "server_bytes_rx":60, "n2r_latency":3262, "hops":1, "rtt_latency":2303, "root_time_now":3553410}
[Mote:8] Not reachable yet
[Mote:12] Not reachable yet
[Mote:18] Not reachable yet
[Mote:10] Not reachable yet
[Mote:17] Not reachable yet
[Mote:4] Sensor IPv6 = fe80::204:4:4:4
[Mote:15] Not reachable yet
[Mote:1] {"node":"fd00::203:3:3:3", "cpu_energy_mj":18, "lpm_energy_mj":0, "radio_tx_energy_mj":0, "radio_rx_energy_mj":8, "node_time":3551846, "total_sent":53, "total_received":101, "bytes_tx":60, "bytes_rx":12, "r2n_latency":5586, "lqi":100, "rssi":-74, "server_sent":340, "server_received":90, "server_bytes_rx":60, "n2r_latency":5694, "hops":3, "rtt_latency":4368, "root_time_now":3557540}
[Mote:1] {"node":"fd00::204:4:4:4", "cpu_energy_mj":19, "lpm_energy_mj":0, "radio_tx_energy_mj":1, "radio_rx_energy_mj":7, "node_time":3557322, "total_sent":76, "total_received":154, "bytes_tx":60, "bytes_rx":12, "r2n_latency":2164, "lqi":100, "rssi":-83, "server_sent":343, "server_received":141, "server_bytes_rx":60, "n2r_latency":638, "hops":2, "rtt_latency":3812, "root_time_now":3557960}
[Mote:2] Sensor IPv6 = fe80::202:2:2:2
[Mote:1] {"node":"fd00::202:2:2:2", "cpu_energy_mj":18, "lpm_energy_mj":0, "radio_tx_energy_mj":1, "radio_rx_energy_mj":7, "node_time":3559316, "total_sent":219, "total_received":344, "bytes_tx":60, "bytes_rx":12, "r2n_latency":204, "lqi":100, "rssi":-84, "server_sent":353, "server_received":438, "server_bytes_rx":60, "n2r_latency":44, "hops":0, "rtt_latency":1082, "root_time_now":3559360}
[Mote:13] Sensor IPv6 = fe80::20d:d:d:d
[Mote:5] Sensor IPv6 = fe80::205:5:5:5
[Mote:16] Not reachable yet
[Mote:7] Not reachable yet
[Mote:3] Sensor IPv6 = fe80::203:3:3:3
[Mote:14] Not reachable yet
[Mote:6] Sensor IPv6 = fe80::206:6:6:6
[Mote:9] Not reachable yet
[Mote:19] Not reachable yet
[Mote:11] Not reachable yet
[Mote:1] {"node":"fd00::206:6:6:6", "cpu_energy_mj":19, "lpm_energy_mj":0, "radio_tx_energy_mj":0, "radio_rx_energy_mj":9, "node_time":3562709, "total_sent":245, "total_received":346, "bytes_tx":60, "bytes_rx":12, "r2n_latency":694, "lqi":100, "rssi":-90, "server_sent":352, "server_received":492, "server_bytes_rx":60, "n2r_latency":851, "hops":1, "rtt_latency":1467, "root_time_now":3563560}
[Mote:8] Not reachable yet
[Mote:12] Not reachable yet
[Mote:10] Not reachable yet
[Mote:18] Not reachable yet
[Mote:1] {"node":"fd00::20d:d:d:d", "cpu_energy_mj":18, "lpm_energy_mj":0, "radio_tx_energy_mj":1, "radio_rx_energy_mj":7, "node_time":3560265, "total_sent":82, "total_received":292, "bytes_tx":60, "bytes_rx":12, "r2n_latency":1394, "lqi":100, "rssi":-87, "server_sent":347, "server_received":163, "server_bytes_rx":60, "n2r_latency":5675, "hops":1, "rtt_latency":1957, "root_time_now":3565940}
[Mote:1] {"node":"fd00::205:5:5:5", "cpu_energy_mj":19, "lpm_energy_mj":0, "radio_tx_energy_mj":1, "radio_rx_energy_mj":8, "node_time":3561677, "total_sent":97, "total_received":316, "bytes_tx":60, "bytes_rx":12, "r2n_latency":74, "lqi":100, "rssi":-85, "server_sent":354, "server_received":198, "server_bytes_rx":60, "n2r_latency":4333, "hops":0, "rtt_latency":1262, "root_time_now":3566010}
[Mote:1] {"node":"fd00::203:3:3:3", "cpu_energy_mj":18, "lpm_energy_mj":0, "radio_tx_energy_mj":0, "radio_rx_energy_mj":8, "node_time":3562112, "total_sent":54, "total_received":102, "bytes_tx":60, "bytes_rx":12, "r2n_latency":4894, "lqi":100, "rssi":-74, "server_sent":341, "server_received":92, "server_bytes_rx":60, "n2r_latency":4038, "hops":3, "rtt_latency":3847, "root_time_now":3566150}
[Mote:17] Not reachable yet
[Mote:4] Sensor IPv6 = fe80::204:4:4:4
[Mote:15] Not reachable yet
[Mote:1] {"node":"fd00::204:4:4:4", "cpu_energy_mj":19, "lpm_energy_mj":0, "radio_tx_energy_mj":1, "radio_rx_energy_mj":8, "node_time":3567878, "total_sent":77, "total_received":155, "bytes_tx":60, "bytes_rx":12, "r2n_latency":3504, "lqi":100, "rssi":-83, "server_sent":344, "server_received":143, "server_bytes_rx":60, "n2r_latency":162, "hops":2, "rtt_latency":3117, "root_time_now":3568040}
[Mote:2] Sensor IPv6 = fe80::202:2:2:2
[Mote:1] {"node":"fd00::202:2:2:2", "cpu_energy_mj":18, "lpm_energy_mj":0, "radio_tx_energy_mj":1, "radio_rx_energy_mj":7, "node_time":3569847, "total_sent":220, "total_received":345, "bytes_tx":60, "bytes_rx":12, "r2n_latency":494, "lqi":100, "rssi":-84, "server_sent":354, "server_received":440, "server_bytes_rx":60, "n2r_latency":13, "hops":0, "rtt_latency":772, "root_time_now":3569860}
[Mote:13] Sensor IPv6 = fe80::20d:d:d:d
[Mote:16] Not reachable yet
[Mote:7] Not reachable yet
[Mote:3] Sensor IPv6 = fe80::203:3:3:3
[Mote:5] Sensor IPv6 = fe80::205:5:5:5
[Mote:11] Not reachable yet
[Mote:9] Not reachable yet
[Mote:14] Not reachable yet
[Mote:6] Sensor IPv6 = fe80::206:6:6:6
[Mote:19] Not reachable yet
[Mote:1] {"node":"fd00::206:6:6:6", "cpu_energy_mj":19, "lpm_energy_mj":0, "radio_tx_energy_mj":0, "radio_rx_energy_mj":8, "node_time":3573635, "total_sent":246, "total_received":348, "bytes_tx":60, "bytes_rx":12, "r2n_latency":1624, "lqi":100, "rssi":-90, "server_sent":353, "server_received":495, "server_bytes_rx":60, "n2r_latency":145, "hops":1, "rtt_latency":952, "root_time_now":3573780}
[Mote:8] Not reachable yet
[Mote:1] {"node":"fd00::205:5:5:5", "cpu_energy_mj":19, "lpm_energy_mj":0, "radio_tx_energy_mj":1, "radio_rx_energy_mj":7, "node_time":3572469, "total_sent":98, "total_received":317, "bytes_tx":60, "bytes_rx":12, "r2n_latency":14, "lqi":100, "rssi":-85, "server_sent":355, "server_received":200, "server_bytes_rx":60, "n2r_latency":2011, "hops":0, "rtt_latency":2212, "root_time_now":3574480}
[Mote:12] Not reachable yet
[Mote:1] {"node":"fd00::20d:d:d:d", "cpu_energy_mj":18, "lpm_energy_mj":0, "radio_tx_energy_mj":0, "radio_rx_energy_mj":8, "node_time":3570374, "total_sent":83, "total_received":293, "bytes_tx":60, "bytes_rx":12, "r2n_latency":914, "lqi":100, "rssi":-87, "server_sent":348, "server_received":165, "server_bytes_rx":60, "n2r_latency":5016, "hops":1, "rtt_latency":3047, "root_time_now":3575390}
[Mote:10] Not reachable yet
[Mote:18] Not reachable yet
[Mote:1] {"node":"fd00::203:3:3:3", "cpu_energy_mj":18, "lpm_energy_mj":0, "radio_tx_energy_mj":0, "radio_rx_energy_mj":8, "node_time":3572376, "total_sent":55, "total_received":103, "bytes_tx":60, "bytes_rx":12, "r2n_latency":4624, "lqi":100, "rssi":-74, "server_sent":342, "server_received":94, "server_bytes_rx":60, "n2r_latency":4064, "hops":3, "rtt_latency":3152, "root_time_now":3576440}
[Mote:17] Not reachable yet
[Mote:4] Sensor IPv6 = fe80::204:4:4:4
[Mote:15] Not reachable yet
[Mote:1] {"node":"fd00::204:4:4:4", "cpu_energy_mj":19, "lpm_energy_mj":0, "radio_tx_energy_mj":1, "radio_rx_energy_mj":8, "node_time":3578434, "total_sent":78, "total_received":156, "bytes_tx":60, "bytes_rx":12, "r2n_latency":1134, "lqi":100, "rssi":-83, "server_sent":345, "server_received":145, "server_bytes_rx":60, "n2r_latency":456, "hops":2, "rtt_latency":3192, "root_time_now":3578890}
[Mote:2] Sensor IPv6 = fe80::202:2:2:2
[Mote:13] Sensor IPv6 = fe80::20d:d:d:d
[Mote:16] Not reachable yet
[Mote:3] Sensor IPv6 = fe80::203:3:3:3
[Mote:7] Not reachable yet
[Mote:5] Sensor IPv6 = fe80::205:5:5:5
[Mote:11] Not reachable yet
[Mote:9] Not reachable yet
[Mote:14] Not reachable yet
[Mote:6] Sensor IPv6 = fe80::206:6:6:6
[Mote:19] Sensor IPv6 = fe80::213:13:13:13
[Mote:8] Not reachable yet
[Mote:1] {"node":"fd00::20d:d:d:d", "cpu_energy_mj":18, "lpm_energy_mj":0, "radio_tx_energy_mj":1, "radio_rx_energy_mj":7, "node_time":3580488, "total_sent":84, "total_received":294, "bytes_tx":60, "bytes_rx":12, "r2n_latency":784, "lqi":100, "rssi":-87, "server_sent":349, "server_received":167, "server_bytes_rx":60, "n2r_latency":4982, "hops":1, "rtt_latency":2737, "root_time_now":3585470}
[Mote:1] {"node":"fd00::205:5:5:5", "cpu_energy_mj":19, "lpm_energy_mj":0, "radio_tx_energy_mj":1, "radio_rx_energy_mj":7, "node_time":3583261, "total_sent":99, "total_received":318, "bytes_tx":60, "bytes_rx":12, "r2n_latency":24, "lqi":100, "rssi":-85, "server_sent":356, "server_received":201, "server_bytes_rx":60, "n2r_latency":2629, "hops":0, "rtt_latency":2212, "root_time_now":3585890}
[Mote:12] Not reachable yet
[Mote:10] Not reachable yet
[Mote:1] {"node":"fd00::202:2:2:2", "cpu_energy_mj":18, "lpm_energy_mj":0, "radio_tx_energy_mj":1, "radio_rx_energy_mj":7, "node_time":3580379, "total_sent":221, "total_received":347, "bytes_tx":60, "bytes_rx":12, "r2n_latency":164, "lqi":100, "rssi":-84, "server_sent":356, "server_received":443, "server_bytes_rx":60, "n2r_latency":6211, "hops":0, "rtt_latency":257, "root_time_now":3586590}
[Mote:18] Not reachable yet
[Mote:1] {"node":"fd00::206:6:6:6", "cpu_energy_mj":19, "lpm_energy_mj":0, "radio_tx_energy_mj":0, "radio_rx_energy_mj":9, "node_time":3584564, "total_sent":247, "total_received":349, "bytes_tx":60, "bytes_rx":12, "r2n_latency":1214, "lqi":100, "rssi":-90, "server_sent":354, "server_received":497, "server_bytes_rx":60, "n2r_latency":2376, "hops":1, "rtt_latency":3337, "root_time_now":3586940}
[Mote:17] Not reachable yet
[Mote:1] {"node":"fd00::203:3:3:3", "cpu_energy_mj":18, "lpm_energy_mj":0, "radio_tx_energy_mj":0, "radio_rx_energy_mj":8, "node_time":3582640, "total_sent":56, "total_received":104, "bytes_tx":60, "bytes_rx":12, "r2n_latency":3724, "lqi":100, "rssi":-74, "server_sent":343, "server_received":96, "server_bytes_rx":60, "n2r_latency":5560, "hops":3, "rtt_latency":3262, "root_time_now":3588200}
[Mote:1] {"node":"fd00::213:13:13:13", "cpu_energy_mj":177, "lpm_energy_mj":0, "radio_tx_energy_mj":0, "radio_rx_energy_mj":87, "node_time":3584706, "total_sent":31, "total_received":63, "bytes_tx":60, "bytes_rx":12, "r2n_latency":2684, "lqi":100, "rssi":-83, "server_sent":345, "server_received":30, "server_bytes_rx":60, "n2r_latency":3634, "hops":3, "rtt_latency":4072, "root_time_now":3588340}
[Mote:4] Sensor IPv6 = fe80::204:4:4:4
[Mote:15] Not reachable yet
[Mote:1] {"node":"fd00::204:4:4:4", "cpu_energy_mj":19, "lpm_energy_mj":0, "radio_tx_energy_mj":1, "radio_rx_energy_mj":8, "node_time":3588993, "total_sent":79, "total_received":157, "bytes_tx":60, "bytes_rx":12, "r2n_latency":1634, "lqi":100, "rssi":-83, "server_sent":346, "server_received":147, "server_bytes_rx":60, "n2r_latency":257, "hops":2, "rtt_latency":3722, "root_time_now":3589250}
[Mote:13] Sensor IPv6 = fe80::20d:d:d:d
[Mote:2] Sensor IPv6 = fe80::202:2:2:2
[Mote:16] Not reachable yet
[Mote:3] Sensor IPv6 = fe80::203:3:3:3
[Mote:7] Not reachable yet
[Mote:11] Not reachable yet
[Mote:1] {"node":"fd00::20d:d:d:d", "cpu_energy_mj":18, "lpm_energy_mj":0, "radio_tx_energy_mj":1, "radio_rx_energy_mj":7, "node_time":3590600, "total_sent":85, "total_received":295, "bytes_tx":60, "bytes_rx":12, "r2n_latency":794, "lqi":100, "rssi":-87, "server_sent":350, "server_received":169, "server_bytes_rx":60, "n2r_latency":3130, "hops":1, "rtt_latency":2917, "root_time_now":3593730}
[Mote:5] Sensor IPv6 = fe80::205:5:5:5
[Mote:1] {"node":"fd00::205:5:5:5", "cpu_energy_mj":19, "lpm_energy_mj":0, "radio_tx_energy_mj":2, "radio_rx_energy_mj":7, "node_time":3594054, "total_sent":100, "total_received":319, "bytes_tx":60, "bytes_rx":12, "r2n_latency":34, "lqi":100, "rssi":-85, "server_sent":357, "server_received":203, "server_bytes_rx":60, "n2r_latency":26, "hops":0, "rtt_latency":1697, "root_time_now":3594080}
[Mote:9] Not reachable yet
[Mote:1] {"node":"fd00::203:3:3:3", "cpu_energy_mj":18, "lpm_energy_mj":0, "radio_tx_energy_mj":0, "radio_rx_energy_mj":8, "node_time":3592904, "total_sent":57, "total_received":105, "bytes_tx":60, "bytes_rx":12, "r2n_latency":4574, "lqi":100, "rssi":-74, "server_sent":344, "server_received":98, "server_bytes_rx":60, "n2r_latency":1946, "hops":3, "rtt_latency":4142, "root_time_now":3594850}
[Mote:14] Not reachable yet
[Mote:8] Not reachable yet
[Mote:6] Sensor IPv6 = fe80::206:6:6:6
[Mote:19] Sensor IPv6 = fe80::213:13:13:13
[Mote:10] Not reachable yet
[Mote:12] Not reachable yet
[Mote:1] {"node":"fd00::213:13:13:13", "cpu_energy_mj":19, "lpm_energy_mj":0, "radio_tx_energy_mj":0, "radio_rx_energy_mj":9, "node_time":3595634, "total_sent":32, "total_received":64, "bytes_tx":60, "bytes_rx":12, "r2n_latency":2974, "lqi":100, "rssi":-83, "server_sent":346, "server_received":32, "server_bytes_rx":60, "n2r_latency":1386, "hops":3, "rtt_latency":1977, "root_time_now":3597020}
[Mote:18] Not reachable yet
[Mote:1] {"node":"fd00::202:2:2:2", "cpu_energy_mj":18, "lpm_energy_mj":0, "radio_tx_energy_mj":1, "radio_rx_energy_mj":7, "node_time":3590910, "total_sent":222, "total_received":348, "bytes_tx":60, "bytes_rx":12, "r2n_latency":244, "lqi":100, "rssi":-84, "server_sent":357, "server_received":445, "server_bytes_rx":60, "n2r_latency":6740, "hops":0, "rtt_latency":507, "root_time_now":3597650}
[Mote:1] {"node":"fd00::206:6:6:6", "cpu_energy_mj":19, "lpm_energy_mj":0, "radio_tx_energy_mj":0, "radio_rx_energy_mj":9, "node_time":3595493, "total_sent":248, "total_received":350, "bytes_tx":60, "bytes_rx":12, "r2n_latency":4724, "lqi":100, "rssi":-90, "server_sent":355, "server_received":499, "server_bytes_rx":60, "n2r_latency":2297, "hops":1, "rtt_latency":3867, "root_time_now":3597790}
[Mote:17] Not reachable yet
[Mote:4] Sensor IPv6 = fe80::204:4:4:4
[Mote:15] Not reachable yet
[Mote:1] {"node":"fd00::204:4:4:4", "cpu_energy_mj":19, "lpm_energy_mj":0, "radio_tx_energy_mj":1, "radio_rx_energy_mj":8, "node_time":3599545, "total_sent":80, "total_received":158, "bytes_tx":60, "bytes_rx":12, "r2n_latency":1364, "lqi":100, "rssi":-83, "server_sent":347, "server_received":149, "server_bytes_rx":60, "n2r_latency":205, "hops":2, "rtt_latency":1942, "root_time_now":3599750}
Final simulation time: 3600149216 ms
Test ended at simulation time: 3600149216
