node,cpu_energy_mj,lpm_energy_mj,radio_tx_energy_mj,radio_rx_energy_mj,node_time,total_sent,total_received,bytes_tx,bytes_rx,r2n_latency,lqi,rssi,server_sent,server_received,server_bytes_rx,n2r_latency,hops,rtt_latency,root_time_now
fd00::202:2:2:2,37,0,0,22,20903,1,0,60,0,0,0,0,0,1,60,27,0,0,20930
fd00::202:2:2:2,18,0,0,8,31432,2,1,60,12,324,100,-84,1,3,60,348,0,442,31780
fd00::202:2:2:2,18,0,0,8,41963,3,2,60,12,124,100,-84,2,5,60,37,0,97,42000
fd00::202:2:2:2,18,0,0,8,52494,4,3,60,12,274,100,-84,3,7,60,6,0,242,52500
fd00::202:2:2:2,18,0,0,8,63027,5,4,60,12,144,100,-84,4,9,60,43,0,352,63070
fd00::202:2:2:2,18,0,0,8,73554,6,5,60,12,154,100,-84,5,11,60,16,0,742,73570
fd00::202:2:2:2,18,0,0,8,84085,7,6,60,12,164,100,-84,6,13,60,685,0,467,84770
fd00::202:2:2:2,18,0,0,8,94616,8,7,60,12,174,100,-84,7,15,60,24,0,297,94640
fd00::202:2:2:2,18,0,0,8,105147,9,8,60,12,184,100,-84,8,17,60,203,0,442,105350
fd00::202:2:2:2,18,0,0,8,115682,10,9,60,12,194,100,-84,9,19,60,28,0,412,115710
fd00::202:2:2:2,18,0,0,8,126209,11,10,60,12,484,100,-84,10,21,60,71,0,977,126280
fd00::202:2:2:2,18,0,0,8,136740,12,11,60,12,284,100,-84,11,23,60,180,0,877,136920
fd00::202:2:2:2,18,0,0,8,147273,13,12,60,12,294,100,-84,12,25,60,77,0,497,147350
fd00::202:2:2:2,18,0,0,8,157802,14,13,60,12,94,100,-84,13,27,60,48,0,957,157850
fd00::202:2:2:2,18,0,0,8,168337,15,14,60,12,174,100,-84,14,29,60,83,0,752,168420
fd00::202:2:2:2,18,0,0,8,178866,16,15,60,12,114,100,-84,15,31,60,684,0,1177,179550
fd00::202:2:2:2,18,0,0,8,189395,17,16,60,12,196,100,-84,16,33,60,25,0,238,189420
fd00::202:2:2:2,18,0,1,8,220989,20,19,60,12,16,100,-84,20,37,60,1121,1,1582,222110
fd00::202:2:2:2,18,0,0,8,231521,21,20,60,12,9895,100,-90,21,39,60,4239,1,6837,235760
fd00::202:2:2:2,18,0,0,8,242052,22,20,60,12,9895,100,-90,22,40,60,5958,1,6837,248010
fd00::202:2:2:2,18,0,1,8,252583,23,23,60,12,614,100,-90,23,44,60,4667,1,2687,257250
fd00::202:2:2:2,18,0,0,8,263113,24,24,60,12,274,100,-90,24,46,60,157,1,207,263270
fd00::202:2:2:2,18,0,0,8,273645,25,25,60,12,565,100,-90,25,48,60,5795,1,737,279440
fd00::202:2:2:2,18,0,0,8,284178,26,25,60,12,565,100,-90,26,49,60,1212,1,737,285390
fd00::202:2:2:2,18,0,0,8,294706,27,27,60,12,514,100,-90,28,51,60,8744,1,3227,303450
fd00::202:2:2:2,322,0,4,416,473734,28,43,60,12,1604,100,-90,45,54,60,26,0,907,473760
fd00::202:2:2:2,18,0,0,8,484265,29,44,60,12,215,100,-84,46,56,60,65,0,1262,484330
fd00::202:2:2:2,18,0,0,8,494796,30,45,60,12,154,100,-84,47,58,60,104,0,2317,494900
fd00::202:2:2:2,18,0,0,8,505328,31,46,60,12,164,100,-84,48,60,60,2032,0,3652,507360
fd00::202:2:2:2,18,0,0,8,515858,32,47,60,12,105,100,-84,49,62,60,42,0,157,515900
fd00::202:2:2:2,18,0,0,8,526387,33,48,60,12,43,100,-84,50,64,60,573,0,336,526960
fd00::202:2:2:2,18,0,1,7,536919,34,49,60,12,194,100,-84,51,66,60,891,0,3807,537810
fd00::202:2:2:2,18,0,1,7,547449,35,50,60,12,67,100,-84,52,68,60,21,0,68,547470
fd00::202:2:2:2,18,0,1,8,557982,36,51,60,12,74,100,-84,54,70,60,5588,0,352,563570
fd00::202:2:2:2,18,0,2,7,568511,37,52,60,12,223,100,-84,54,72,60,169,0,2771,568680
fd00::202:2:2:2,18,0,1,7,579042,38,53,60,12,24,100,-84,56,74,60,5038,0,327,584080
fd00::202:2:2:2,18,0,2,7,589575,39,54,60,12,384,100,-84,56,76,60,105,0,2257,589680
fd00::202:2:2:2,18,0,1,7,600106,40,56,60,12,55,100,-84,58,79,60,214,0,132,600320
fd00::202:2:2:2,18,0,1,8,610637,41,57,60,12,64,100,-84,59,81,60,6833,0,1257,617470
fd00::202:2:2:2,18,0,1,7,621168,42,58,60,12,75,100,-84,60,83,60,5822,0,3117,626990
fd00::202:2:2:2,18,0,1,7,631699,43,59,60,12,364,100,-84,61,85,60,51,0,357,631750
fd00::202:2:2:2,18,0,1,7,642230,44,60,60,12,24,100,-84,62,87,60,160,0,117,642390
fd00::202:2:2:2,18,0,1,8,652761,45,61,60,12,34,100,-84,63,89,60,3139,0,227,655900
fd00::202:2:2:2,18,0,2,7,663291,46,62,60,12,255,100,-84,64,91,60,1499,0,2332,664790
fd00::202:2:2:2,18,0,1,7,673822,47,63,60,12,404,100,-84,65,93,60,1328,0,342,675150
fd00::202:2:2:2,18,0,1,7,684354,48,64,60,12,274,100,-84,66,95,60,36,0,1292,684390
fd00::202:2:2:2,18,0,1,7,694885,49,65,60,12,284,100,-84,67,97,60,75,0,1997,694960
fd00::202:2:2:2,18,0,1,8,705416,50,66,60,12,297,100,-84,68,99,60,534,0,568,705950
fd00::202:2:2:2,18,0,1,8,715946,51,67,60,12,234,100,-84,69,101,60,2184,0,3967,718130
fd00::202:2:2:2,18,0,1,8,726477,52,68,60,12,244,100,-84,70,103,60,53,0,1522,726530
fd00::202:2:2:2,18,0,1,7,737011,53,69,60,12,254,100,-84,71,105,60,89,0,722,737100
fd00::202:2:2:2,18,0,1,8,747540,54,70,60,12,194,100,-84,72,107,60,200,0,3002,747740
fd00::202:2:2:2,18,0,1,7,758071,55,71,60,12,274,100,-84,73,109,60,29,0,662,758100
fd00::202:2:2:2,18,0,1,7,768602,56,72,60,12,214,100,-84,74,111,60,418,0,3222,769020
fd00::202:2:2:2,18,0,1,7,779133,57,73,60,12,434,100,-84,75,113,60,37,0,1092,779170
fd00::202:2:2:2,18,0,1,7,800195,59,76,60,12,184,100,-84,78,117,60,2775,0,1457,802970
fd00::202:2:2:2,18,0,1,7,810726,60,77,60,12,264,100,-84,79,119,60,6244,0,3457,816970
fd00::202:2:2:2,18,0,1,7,821257,61,78,60,12,134,100,-84,80,121,60,1173,0,1082,822430
fd00::202:2:2:2,18,0,1,7,831788,62,79,60,12,422,100,-84,81,123,60,3662,0,2696,835450
fd00::202:2:2:2,18,0,1,7,842318,63,80,60,12,224,100,-84,82,125,60,3072,0,2562,845390
fd00::202:2:2:2,18,0,1,7,852850,64,81,60,12,94,100,-84,83,127,60,1360,0,1027,854210
fd00::202:2:2:2,18,0,0,8,863380,65,82,60,12,174,100,-84,84,129,60,3220,0,892,866600
fd00::202:2:2:2,18,0,1,7,873911,66,83,60,12,464,100,-84,85,131,60,39,0,582,873950
fd00::202:2:2:2,18,0,0,8,884443,67,84,60,12,264,100,-84,86,133,60,1827,0,412,886270
fd00::202:2:2:2,18,0,1,7,894972,68,85,60,12,133,100,-84,87,135,60,118,0,1921,895090
fd00::202:2:2:2,18,0,0,8,905504,69,86,60,12,214,100,-84,88,136,60,716,0,1921,906220
fd00::202:2:2:2,18,0,1,7,916034,70,87,60,12,294,100,-84,89,138,60,56,0,497,916090
fd00::202:2:2:2,18,0,1,7,926565,71,88,60,12,24,100,-84,90,140,60,25,0,432,926590
fd00::202:2:2:2,18,0,0,8,937096,72,89,60,12,244,100,-84,91,142,60,64,0,472,937160
fd00::202:2:2:2,18,0,0,8,947627,73,90,60,12,184,100,-84,92,144,60,33,0,1772,947660
fd00::202:2:2:2,18,0,0,8,958159,74,91,60,12,264,100,-84,93,146,60,71,0,202,958230
fd00::202:2:2:2,18,0,1,7,968693,75,92,60,12,64,100,-84,94,148,60,37,0,172,968730
fd00::202:2:2:2,18,0,2,7,979221,76,93,60,12,284,100,-84,96,150,60,7149,0,352,986370
fd00::202:2:2:2,18,0,2,6,989753,77,94,60,12,154,100,-84,96,152,60,47,0,3227,989800
fd00::202:2:2:2,18,0,3,5,1000284,78,96,60,12,174,100,-84,98,154,60,7646,0,2706,1007930
fd00::202:2:2:2,189,0,17,78,1116125,80,107,60,12,1755,100,-90,110,158,60,6255,1,1787,1122380
fd00::202:2:2:2,18,0,1,8,1347807,86,126,60,12,35906,100,-90,132,162,60,323,0,18582,1348130
fd00::202:2:2:2,18,0,0,8,1358338,87,128,60,12,37736,100,-90,133,165,60,222,0,18902,1358560
fd00::202:2:2:2,18,0,0,8,1368869,88,130,60,12,33405,100,-90,134,168,60,261,0,17157,1369130
fd00::202:2:2:2,18,0,0,9,1126656,81,108,60,12,6454,100,-90,140,169,60,295674,27,17157,1422330
fd00::202:2:2:2,170,0,2,79,1463648,89,137,60,12,24054,100,-90,144,170,60,1382,1,17157,1465030
fd00::202:2:2:2,18,0,0,8,1474178,90,138,60,12,26584,100,-90,146,171,60,7302,1,17157,1481480
fd00::202:2:2:2,18,0,0,8,1484710,91,140,60,12,24085,100,-90,146,174,60,2510,1,13512,1487220
fd00::202:2:2:2,18,0,0,9,1495243,92,140,60,12,24085,100,-90,147,175,60,97,1,13512,1495340
fd00::202:2:2:2,18,0,0,8,1505771,93,141,60,12,29484,100,-90,148,176,60,419,1,13512,1506190
fd00::202:2:2:2,18,0,0,8,1516303,94,143,60,12,26285,100,-90,150,179,60,6057,1,14262,1522360
fd00::202:2:2:2,18,0,0,8,1526834,95,144,60,12,19224,100,-90,150,181,60,76,1,12342,1526910
fd00::202:2:2:2,18,0,0,8,1537364,96,146,60,12,14345,100,-90,151,184,60,116,1,7242,1537480
fd00::202:2:2:2,18,0,0,8,1547895,97,148,60,12,5824,100,-90,152,187,60,1275,1,4557,1549170
fd00::202:2:2:2,18,0,0,8,1558426,98,149,60,12,2684,100,-90,153,189,60,334,1,1727,1558760
fd00::202:2:2:2,18,0,0,8,1568960,99,150,60,12,105,100,-90,155,191,60,1210,1,192,1570170
fd00::202:2:2:2,18,0,0,9,1579489,100,151,60,12,256,100,-90,156,193,60,1461,1,198,1580950
fd00::202:2:2:2,18,0,0,8,1590022,101,152,60,12,195,100,-90,157,195,60,8218,1,1917,1598240
fd00::202:2:2:2,18,0,0,8,1600551,102,154,60,12,355,100,-90,158,198,60,6439,1,2417,1606990
fd00::202:2:2:2,18,0,0,8,1611082,103,155,60,12,925,100,-90,159,200,60,4938,1,2247,1616020
fd00::202:2:2:2,18,0,0,8,1621613,104,156,60,12,724,100,-90,160,202,60,3647,1,2462,1625260
fd00::202:2:2:2,18,0,0,8,1632144,105,157,60,12,1924,100,-90,161,204,60,5926,1,4007,1638070
fd00::202:2:2:2,18,0,0,8,1642675,106,158,60,12,1445,100,-90,162,206,60,6665,1,4642,1649340
fd00::202:2:2:2,18,0,0,8,1653205,107,159,60,12,2714,100,-90,163,208,60,4675,1,3912,1657880
fd00::202:2:2:2,18,0,0,8,1663736,108,160,60,12,624,100,-90,164,210,60,1774,1,2237,1665510
fd00::202:2:2:2,18,0,0,9,1674267,109,161,60,12,2104,100,-90,165,212,60,903,1,2312,1675170
fd00::202:2:2:2,18,0,0,9,1684798,110,162,60,12,2604,100,-90,166,214,60,522,1,1442,1685320
fd00::202:2:2:2,18,0,0,8,1695330,111,163,60,12,3874,100,-90,167,216,60,420,1,2532,1695750
fd00::202:2:2:2,18,0,0,8,1705860,112,164,60,12,804,100,-90,168,218,60,180,1,507,1706040
fd00::202:2:2:2,18,0,0,8,1716392,113,165,60,12,1024,100,-90,169,220,60,1478,1,1142,1717870
fd00::202:2:2:2,18,0,0,9,1726922,114,166,60,12,4255,100,-90,171,222,60,5998,1,2582,1732920
fd00::202:2:2:2,18,0,0,8,1737456,115,167,60,12,1043,100,-90,171,224,60,224,1,2411,1737680
fd00::202:2:2:2,284,0,4,242,1905950,117,182,60,12,375,100,-84,188,227,60,80,0,1552,1906030
fd00::202:2:2:2,18,0,0,8,1916483,118,184,60,12,384,100,-84,189,230,60,327,0,1522,1916810
fd00::202:2:2:2,18,0,0,8,1927012,119,185,60,12,534,100,-84,190,232,60,508,0,2612,1927520
fd00::202:2:2:2,682,0,6,1386,2306128,120,219,60,12,354,100,-84,228,235,60,22,0,1647,2306150
fd00::202:2:2:2,18,0,0,8,2316659,121,220,60,12,85,100,-84,229,237,60,271,0,2317,2316930
fd00::202:2:2:2,18,0,0,8,2327190,122,221,60,12,24,100,-84,230,239,60,30,0,3302,2327220
fd00::202:2:2:2,18,0,0,8,2337721,123,222,60,12,384,100,-84,232,241,60,6229,0,1837,2343950
fd00::202:2:2:2,18,0,2,7,2348250,124,223,60,12,114,100,-84,232,243,60,460,0,4187,2348710
fd00::202:2:2:2,18,0,2,7,2358781,125,224,60,12,124,100,-84,233,245,60,9,0,727,2358790
fd00::202:2:2:2,18,0,1,7,2369313,126,225,60,12,204,100,-84,234,247,60,327,0,312,2369640
fd00::202:2:2:2,18,0,2,7,2379843,127,226,60,12,564,100,-84,235,249,60,17,0,3397,2379860
fd00::202:2:2:2,18,0,1,7,2390376,128,228,60,12,233,100,-84,237,252,60,684,0,186,2391060
fd00::202:2:2:2,18,0,2,7,2400907,129,229,60,12,244,100,-84,238,254,60,7093,0,227,2408000
fd00::202:2:2:2,18,0,2,7,2411438,130,230,60,12,44,100,-84,239,256,60,4262,0,92,2415700
fd00::202:2:2:2,18,0,2,7,2421969,131,231,60,12,266,100,-84,240,258,60,3391,0,2653,2425360
fd00::202:2:2:2,18,0,2,7,2432500,132,232,60,12,344,100,-84,241,260,60,280,0,1362,2432780
fd00::202:2:2:2,18,0,1,7,2443031,133,233,60,12,144,100,-84,242,262,60,319,0,1612,2443350
fd00::202:2:2:2,18,0,1,7,2453562,134,234,60,12,223,100,-84,243,264,60,428,0,1266,2453990
fd00::202:2:2:2,18,0,2,7,2464092,135,235,60,12,164,100,-84,244,266,60,3268,0,1762,2467360
fd00::202:2:2:2,18,0,1,7,2474623,136,236,60,12,314,100,-84,245,268,60,787,0,262,2475410
fd00::202:2:2:2,18,0,1,7,2485155,137,237,60,12,114,100,-84,247,270,60,7825,0,4852,2492980
fd00::202:2:2:2,18,0,1,7,2495686,138,238,60,12,335,100,-84,247,272,60,234,0,1707,2495920
fd00::202:2:2:2,18,0,2,7,2506217,139,239,60,12,3915,100,-84,248,274,60,1813,0,2342,2508030
fd00::202:2:2:2,18,0,2,7,2516748,140,240,60,12,6657,100,-84,250,276,60,4372,0,4693,2521120
fd00::202:2:2:2,18,0,2,6,2527279,141,241,60,12,5124,100,-84,250,278,60,1331,0,3017,2528610
fd00::202:2:2:2,18,0,2,7,2537810,142,242,60,12,7726,100,-84,251,280,60,1930,0,4843,2539740
fd00::202:2:2:2,18,0,2,6,2548341,143,243,60,12,4444,100,-84,252,282,60,359,0,3517,2548700
fd00::202:2:2:2,18,0,1,7,2558872,144,244,60,12,7744,100,-84,253,284,60,398,0,4572,2559270
fd00::202:2:2:2,18,0,2,7,2569401,145,245,60,12,4394,100,-84,255,286,60,3239,0,2267,2572640
fd00::202:2:2:2,18,0,2,6,2579932,146,246,60,12,274,100,-84,256,288,60,75,0,2342,2580007
fd00::202:2:2:2,18,0,1,7,2590465,147,247,60,12,4274,100,-84,257,290,60,795,0,2382,2591260
fd00::202:2:2:2,18,0,2,7,2600995,148,248,60,12,5754,100,-84,258,292,60,65,0,4487,2601060
fd00::202:2:2:2,18,0,2,7,2611526,149,249,60,12,5765,100,-84,259,294,60,2484,0,3267,2614010
fd00::202:2:2:2,18,0,2,6,2622059,150,251,60,12,114,100,-84,260,297,60,1611,0,1772,2623670
fd00::202:2:2:2,18,0,1,7,2632589,151,252,60,12,264,100,-84,261,299,60,41,0,902,2632630
fd00::202:2:2:2,18,0,1,7,2643120,152,253,60,12,134,100,-84,262,300,60,3370,0,902,2646490
fd00::202:2:2:2,303,0,25,209,2811614,153,269,60,12,3653,100,-84,279,302,60,286,0,7492,2811900
fd00::202:2:2:2,18,0,2,6,2822147,154,271,60,12,104,100,-84,280,305,60,113,0,997,2822260
fd00::202:2:2:2,18,0,1,7,2832678,155,272,60,12,115,100,-84,281,307,60,292,0,792,2832970
fd00::202:2:2:2,18,0,2,7,2843208,156,273,60,12,125,100,-84,282,309,60,1102,0,2057,2844310
fd00::202:2:2:2,18,0,1,7,2853740,157,274,60,12,624,100,-84,283,311,60,930,0,2097,2854670
fd00::202:2:2:2,18,0,1,7,2864269,158,275,60,12,1125,100,-84,284,313,60,621,0,842,2864890
fd00::202:2:2:2,18,0,1,7,2874800,159,275,60,12,1125,100,-84,286,314,60,6330,0,842,2881130
fd00::202:2:2:2,18,0,3,6,2885333,160,277,60,12,165,100,-84,286,317,60,2447,0,957,2887780
fd00::202:2:2:2,18,0,2,7,2895864,161,278,60,12,3395,100,-84,287,319,60,2906,0,3132,2898770
fd00::202:2:2:2,18,0,2,6,2906393,162,279,60,12,2424,100,-84,288,321,60,217,0,1282,2906610
fd00::202:2:2:2,18,0,2,7,2916926,163,280,60,12,266,100,-84,289,323,60,44,0,273,2916970
fd00::202:2:2:2,18,0,1,7,2927456,164,281,60,12,204,100,-84,290,325,60,714,0,382,2928170
fd00::202:2:2:2,18,0,2,7,2937986,165,282,60,12,214,100,-84,291,327,60,54,0,1402,2938040
fd00::202:2:2:2,18,0,2,7,2948521,166,283,60,12,87,100,-84,293,329,60,3379,0,2878,2951900
fd00::202:2:2:2,18,0,1,7,2959048,167,284,60,12,1353,100,-84,293,331,60,132,0,991,2959180
fd00::202:2:2:2,18,0,2,7,2969580,168,285,60,12,4375,100,-84,294,333,60,100,0,2327,2969680
fd00::202:2:2:2,18,0,1,7,2980112,169,286,60,12,4104,100,-84,296,335,60,68,0,2507,2980180
fd00::202:2:2:2,18,0,1,7,2990643,170,287,60,12,1453,100,-84,297,337,60,2207,0,2021,2992850
fd00::202:2:2:2,56,0,8,20,3022236,171,291,60,12,24,100,-84,300,341,60,1624,0,642,3023860
fd00::202:2:2:2,18,0,1,7,3032767,172,292,60,12,35,100,-84,301,343,60,53,0,367,3032820
fd00::202:2:2:2,18,0,1,7,3043297,173,293,60,12,45,100,-84,302,345,60,4503,0,92,3047800
fd00::202:2:2:2,18,0,1,7,3053829,174,294,60,12,54,100,-84,303,347,60,271,0,937,3054100
fd00::202:2:2:2,18,0,1,7,3064360,175,295,60,12,3425,100,-84,304,349,60,800,0,2552,3065160
fd00::202:2:2:2,18,0,1,7,3074891,176,296,60,12,706,100,-84,305,351,60,3429,0,3678,3078320
fd00::202:2:2:2,18,0,2,7,3085421,177,297,60,12,14,100,-84,306,353,60,39,0,462,3085460
fd00::202:2:2:2,18,0,2,7,3095953,178,298,60,12,24,100,-84,307,355,60,637,0,187,3096590
fd00::202:2:2:2,18,0,1,8,3106483,179,299,60,12,34,100,-84,309,357,60,5927,0,3272,3112410
fd00::202:2:2:2,18,0,2,6,3117015,180,300,60,12,44,100,-84,309,359,60,2745,0,1947,3119760
fd00::202:2:2:2,18,0,1,7,3127544,181,301,60,12,54,100,-84,310,361,60,56,0,97,3127600
fd00::202:2:2:2,18,0,0,8,3138077,182,302,60,12,65,100,-84,311,362,60,233,0,97,3138310
fd00::202:2:2:2,56,0,5,22,3169670,183,305,60,12,8214,100,-84,314,365,60,140,0,4457,3169810
fd00::202:2:2:2,18,0,1,7,3180201,184,306,60,12,9554,100,-84,316,367,60,249,0,4847,3180450
fd00::202:2:2:2,18,0,2,6,3190730,185,307,60,12,5434,100,-84,317,369,60,10,0,2822,3190740
fd00::202:2:2:2,18,0,1,7,3201263,186,309,60,12,64,100,-84,318,372,60,117,0,102,3201380
fd00::202:2:2:2,18,0,1,7,3211794,187,310,60,12,144,100,-84,319,374,60,86,0,492,3211880
fd00::202:2:2:2,18,0,1,7,3222324,188,311,60,12,14,100,-84,320,376,60,56,0,77,3222380
fd00::202:2:2:2,18,0,1,8,3232856,189,312,60,12,24,100,-84,321,378,60,24,0,1027,3232880
fd00::202:2:2:2,18,0,1,8,3243387,190,313,60,12,34,100,-84,322,380,60,763,0,262,3244150
fd00::202:2:2:2,18,0,1,7,3253918,191,314,60,12,44,100,-84,323,382,60,102,0,92,3254020
fd00::202:2:2:2,18,0,2,7,3264448,192,315,60,12,54,100,-84,324,384,60,4412,0,272,3268860
fd00::202:2:2:2,18,0,2,7,3274980,193,316,60,12,64,100,-84,325,386,60,40,0,172,3275020
fd00::202:2:2:2,18,0,1,8,3285511,194,317,60,12,74,100,-84,326,388,60,219,0,282,3285730
fd00::202:2:2:2,18,0,1,7,3296041,195,318,60,12,14,100,-84,327,390,60,49,0,182,3296090
fd00::202:2:2:2,18,0,1,8,3306573,196,319,60,12,164,100,-84,328,392,60,87,0,502,3306660
fd00::202:2:2:2,18,0,1,7,3317103,197,320,60,12,384,100,-84,329,394,60,267,0,437,3317370
fd00::202:2:2:2,18,0,1,7,3327635,198,321,60,12,3334,100,-84,330,396,60,25,0,2017,3327660
fd00::202:2:2:2,18,0,2,7,3338166,199,322,60,12,196,100,-84,331,398,60,64,0,413,3338230
fd00::202:2:2:2,18,0,1,7,3348696,200,323,60,12,64,100,-84,332,400,60,104,0,137,3348800
fd00::202:2:2:2,18,0,1,7,3359229,201,324,60,12,74,100,-84,333,402,60,71,0,142,3359300
fd00::202:2:2:2,18,0,1,7,3369758,202,325,60,12,504,100,-84,335,404,60,3752,0,357,3373510
fd00::202:2:2:2,18,0,2,7,3380289,203,326,60,12,446,100,-84,336,406,60,81,0,1798,3380370
fd00::202:2:2:2,18,0,1,7,3390821,204,328,60,12,464,100,-84,337,409,60,959,0,862,3391780
fd00::202:2:2:2,18,0,1,7,3401352,205,329,60,12,194,100,-84,338,411,60,18,0,237,3401370
fd00::202:2:2:2,18,0,1,7,3411883,206,330,60,12,64,100,-84,339,413,60,407,0,557,3412290
fd00::202:2:2:2,18,0,1,8,3422414,207,331,60,12,144,100,-84,340,415,60,5066,0,3397,3427480
fd00::202:2:2:2,18,0,1,7,3432944,208,332,60,12,154,100,-84,342,416,60,11266,0,3397,3444210
fd00::202:2:2:2,18,0,1,7,3443478,209,333,60,12,514,100,-84,342,418,60,1292,0,2287,3444770
fd00::202:2:2:2,18,0,2,7,3454005,210,334,60,12,103,100,-84,343,420,60,75,0,226,3454080
fd00::202:2:2:2,18,0,1,7,3464536,211,335,60,12,114,100,-84,344,422,60,1234,0,197,3465770
fd00::202:2:2:2,18,0,1,7,3475069,212,336,60,12,194,100,-84,346,423,60,7291,0,197,3482360
fd00::202:2:2:2,37,0,4,14,3496130,213,338,60,12,214,100,-84,347,426,60,1560,0,3537,3497690
fd00::202:2:2:2,18,0,2,7,3506661,214,339,60,12,14,100,-84,348,428,60,2229,0,567,3508890
fd00::202:2:2:2,18,0,1,7,3517193,215,340,60,12,94,100,-84,349,430,60,27,0,887,3517220
fd00::202:2:2:2,18,0,0,8,3527724,216,341,60,12,104,100,-84,351,432,60,3776,0,3902,3531500
fd00::202:2:2:2,18,0,2,6,3538255,217,342,60,12,3687,100,-84,351,434,60,385,0,3313,3538640
fd00::202:2:2:2,18,0,2,7,3548788,218,343,60,12,616,100,-84,352,436,60,72,0,378,3548860
fd00::202:2:2:2,18,0,1,7,3559316,219,344,60,12,204,100,-84,353,438,60,44,0,1082,3559360
fd00::202:2:2:2,18,0,1,7,3569847,220,345,60,12,494,100,-84,354,440,60,13,0,772,3569860
fd00::202:2:2:2,18,0,1,7,3580379,221,347,60,12,164,100,-84,356,443,60,6211,0,257,3586590
fd00::202:2:2:2,18,0,1,7,3590910,222,348,60,12,244,100,-84,357,445,60,6740,0,507,3597650
fd00::203:3:3:3,277,0,0,2673,154461,1,0,60,0,0,0,0,0,1,60,4999,3,0,159460
fd00::203:3:3:3,18,0,0,8,164728,2,0,60,0,0,0,0,1,2,60,4322,3,0,169050
fd00::203:3:3:3,18,0,0,8,174990,3,1,60,12,9554,100,-74,3,4,60,9530,3,7682,184520
fd00::203:3:3:3,18,0,0,8,185253,4,2,60,12,7814,100,-74,3,6,60,2697,3,7372,187950
fd00::203:3:3:3,18,0,0,8,195517,5,3,60,12,14406,100,-74,4,8,60,4123,3,9198,199640
fd00::203:3:3:3,18,0,0,8,216044,7,5,60,12,13935,100,-74,8,11,60,20416,7,12847,236460
fd00::203:3:3:3,18,0,0,8,236573,9,8,60,12,2834,100,-74,10,12,60,22217,3,12847,258790
fd00::203:3:3:3,18,0,0,8,246838,10,8,60,12,2834,100,-74,11,13,60,23012,3,12847,269850
fd00::203:3:3:3,18,0,1,8,226309,8,6,60,12,14434,100,-74,12,15,60,44171,5,14967,270480
fd00::203:3:3:3,18,0,0,8,257101,11,9,60,12,9705,100,-74,12,18,60,21289,3,23852,278390
fd00::203:3:3:3,387,0,6,1574,523966,16,33,60,12,4795,100,-74,37,21,60,5234,3,4252,529200
fd00::203:3:3:3,18,0,0,8,534229,17,35,60,12,3274,100,-74,38,24,60,4981,3,4577,539210
fd00::203:3:3:3,18,0,0,8,544494,18,35,60,12,3274,100,-74,39,25,60,3326,3,4577,547820
fd00::203:3:3:3,18,0,0,8,554758,19,36,60,12,12457,100,-74,41,27,60,14062,3,10953,568820
fd00::203:3:3:3,18,0,1,7,565022,20,37,60,12,7284,100,-74,42,29,60,12968,3,11692,577990
fd00::203:3:3:3,18,0,0,8,585549,22,38,60,12,16462,100,-74,44,30,60,12531,3,11692,598080
fd00::203:3:3:3,18,0,0,8,595813,23,39,60,12,22074,100,-74,46,32,60,19837,3,22552,615650
fd00::203:3:3:3,406,0,6,864,821622,24,60,60,12,7684,100,-74,67,38,60,6898,3,8987,828520
fd00::203:3:3:3,18,0,0,8,831885,25,61,60,12,6854,100,-74,68,40,60,3985,3,6192,835870
fd00::203:3:3:3,18,0,0,8,842152,26,62,60,12,7772,100,-74,69,42,60,4568,3,4096,846720
fd00::203:3:3:3,18,0,0,8,852412,27,63,60,12,2674,100,-74,70,44,60,5298,3,3542,857710
fd00::203:3:3:3,18,0,0,8,862677,28,64,60,12,4644,100,-74,71,46,60,1753,3,4142,864430
fd00::203:3:3:3,18,0,0,8,872942,29,65,60,12,8714,100,-74,73,48,60,13678,3,8942,886620
fd00::203:3:3:3,18,0,0,8,883206,30,66,60,12,4734,100,-74,73,50,60,4604,3,8352,887810
fd00::203:3:3:3,18,0,0,8,893472,31,67,60,12,4184,100,-74,74,52,60,3648,3,4017,897120
fd00::203:3:3:3,18,0,0,8,903734,32,68,60,12,9303,100,-74,75,54,60,2836,3,4896,906570
fd00::203:3:3:3,18,0,0,8,913996,33,69,60,12,5324,100,-74,76,56,60,4544,3,3432,918540
fd00::203:3:3:3,18,0,0,8,924262,34,70,60,12,5614,100,-74,77,58,60,3378,3,4312,927640
fd00::203:3:3:3,18,0,0,8,934526,35,72,60,12,3814,100,-74,78,61,60,2424,3,2992,936950
fd00::203:3:3:3,18,0,0,8,944790,36,72,60,12,3814,100,-74,79,62,60,3640,3,2992,948430
fd00::203:3:3:3,18,0,1,7,955054,37,73,60,12,6904,100,-74,80,64,60,586,3,4397,955640
fd00::203:3:3:3,18,0,0,8,965318,38,75,60,12,5244,100,-74,82,67,60,8102,3,6297,973420
fd00::203:3:3:3,4397,0,5,44176,3438941,42,90,60,12,4924,100,-74,328,68,60,299,3,6297,3439240
fd00::203:3:3:3,18,0,0,8,3449206,43,91,60,12,2824,100,-74,330,70,60,6694,3,4352,3455900
fd00::203:3:3:3,18,0,0,8,3459470,44,92,60,12,7943,100,-74,331,72,60,3780,3,4951,3463250
fd00::203:3:3:3,18,0,0,8,3469733,45,92,60,12,7943,100,-74,333,73,60,19137,3,4951,3488870
fd00::203:3:3:3,18,0,0,8,3479998,46,93,60,12,12154,100,-74,334,75,60,18602,3,14477,3498600
fd00::203:3:3:3,18,0,0,8,3490261,47,95,60,12,6155,100,-74,336,78,60,28289,5,9832,3518550
fd00::203:3:3:3,18,0,0,8,3500528,48,96,60,12,5044,100,-74,337,80,60,21592,3,15577,3522120
fd00::203:3:3:3,18,0,0,8,3510789,49,97,60,12,6594,100,-74,337,82,60,12801,3,11382,3523590
fd00::203:3:3:3,18,0,0,8,3521053,50,98,60,12,4854,100,-74,337,84,60,6247,3,8132,3527300
fd00::203:3:3:3,18,0,0,8,3531317,51,99,60,12,8994,100,-74,338,86,60,1723,3,6352,3533040
fd00::203:3:3:3,18,0,0,8,3541582,52,100,60,12,8797,100,-74,339,88,60,7068,3,6498,3548650
fd00::203:3:3:3,18,0,0,8,3551846,53,101,60,12,5586,100,-74,340,90,60,5694,3,4368,3557540
fd00::203:3:3:3,18,0,0,8,3562112,54,102,60,12,4894,100,-74,341,92,60,4038,3,3847,3566150
fd00::203:3:3:3,18,0,0,8,3572376,55,103,60,12,4624,100,-74,342,94,60,4064,3,3152,3576440
fd00::203:3:3:3,18,0,0,8,3582640,56,104,60,12,3724,100,-74,343,96,60,5560,3,3262,3588200
fd00::203:3:3:3,18,0,0,8,3592904,57,105,60,12,4574,100,-74,344,98,60,1946,3,4142,3594850
fd00::204:4:4:4,228,0,0,2207,126623,1,0,60,0,0,0,0,0,1,60,497,2,0,127120
fd00::204:4:4:4,19,0,0,8,137179,2,1,60,12,1614,100,-83,1,3,60,441,2,2627,137620
fd00::204:4:4:4,19,0,0,9,147737,3,2,60,12,1414,100,-83,2,5,60,1293,2,4382,149030
fd00::204:4:4:4,19,0,0,8,158290,4,3,60,12,1634,100,-83,3,7,60,1450,2,2007,159740
fd00::204:4:4:4,19,0,0,8,168849,5,4,60,12,2554,100,-83,4,9,60,971,2,4042,169820
fd00::204:4:4:4,19,0,1,8,179403,6,5,60,12,2914,100,-83,6,11,60,6937,2,6182,186340
fd00::204:4:4:4,19,0,0,8,189957,7,5,60,12,2914,100,-83,7,12,60,3383,2,6182,193340
fd00::204:4:4:4,19,0,0,8,200515,8,7,60,12,8674,100,-83,8,15,60,7315,2,8677,207830
fd00::204:4:4:4,19,0,1,8,211073,9,7,60,12,8674,100,-83,9,16,60,7327,2,8677,218400
fd00::204:4:4:4,19,0,2,8,221625,10,9,60,12,10514,100,-83,11,19,60,15255,2,10577,236880
fd00::204:4:4:4,19,0,2,8,242738,12,12,60,12,2635,100,-83,14,21,60,20042,2,9437,262780
fd00::204:4:4:4,19,0,2,7,253294,13,12,60,12,2635,100,-83,15,22,60,24466,2,9437,277760
fd00::204:4:4:4,133,0,4,425,337743,15,21,60,12,1464,100,-83,21,25,60,147,2,2517,337890
fd00::204:4:4:4,19,0,0,8,348298,16,22,60,12,2454,100,-83,22,27,60,302,2,1402,348600
fd00::204:4:4:4,19,0,0,8,358857,17,23,60,12,1344,100,-83,23,29,60,173,2,2912,359030
fd00::204:4:4:4,19,0,0,8,369411,18,24,60,12,1354,100,-83,24,31,60,189,2,2812,369600
fd00::204:4:4:4,19,0,0,8,379966,19,25,60,12,1434,100,-83,26,33,60,4264,2,2222,384230
fd00::204:4:4:4,19,0,0,8,390522,20,26,60,12,1094,100,-83,27,35,60,5328,2,2262,395850
fd00::204:4:4:4,19,0,0,8,401078,21,27,60,12,1314,100,-83,28,37,60,1982,2,3037,403060
fd00::204:4:4:4,19,0,0,8,411635,22,29,60,12,1194,100,-83,29,40,60,6755,2,3782,418390
fd00::204:4:4:4,19,0,0,8,422191,23,30,60,12,1484,100,-83,30,42,60,2569,2,2247,424760
fd00::204:4:4:4,19,0,0,8,432746,24,31,60,12,1494,100,-83,31,44,60,3564,2,3127,436310
fd00::204:4:4:4,19,0,0,8,443302,25,32,60,12,944,100,-83,32,46,60,3578,2,2747,446880
fd00::204:4:4:4,19,0,0,8,453858,26,33,60,12,1094,100,-83,33,48,60,4362,2,4082,458220
fd00::204:4:4:4,19,0,0,8,464414,27,34,60,12,2924,100,-83,34,50,60,2766,2,3562,467180
fd00::204:4:4:4,19,0,0,8,474970,28,35,60,12,2444,100,-83,35,52,60,750,2,2692,475720
fd00::204:4:4:4,19,0,1,7,485526,29,36,60,12,1265,100,-83,36,54,60,204,2,1787,485730
fd00::204:4:4:4,19,0,0,8,496082,30,37,60,12,2254,100,-83,37,56,60,288,2,2877,496370
fd00::204:4:4:4,19,0,0,8,506639,31,38,60,12,2544,100,-83,39,58,60,11011,2,3722,517650
fd00::204:4:4:4,19,0,2,7,517194,32,39,60,12,2345,100,-83,39,60,60,1576,2,4217,518770
fd00::204:4:4:4,19,0,1,8,527750,33,40,60,12,3333,100,-83,40,62,60,1870,2,3276,529620
fd00::204:4:4:4,19,0,0,9,538305,34,41,60,12,1314,100,-83,42,64,60,3215,2,4227,541520
fd00::204:4:4:4,19,0,0,8,548862,35,42,60,12,5527,100,-83,44,66,60,12958,2,4233,561820
fd00::204:4:4:4,19,0,1,8,559418,36,43,60,12,4764,100,-83,45,67,60,17942,2,4233,577360
fd00::204:4:4:4,19,0,0,9,569973,37,43,60,12,4764,100,-83,46,69,60,18727,2,13932,588700
fd00::204:4:4:4,19,0,0,9,580533,38,44,60,12,13733,100,-83,47,71,60,15097,2,14391,595630
fd00::204:4:4:4,19,0,1,8,591086,39,45,60,12,12694,100,-83,49,72,60,23934,2,14391,615020
fd00::204:4:4:4,304,0,10,148,770539,41,64,60,12,3364,100,-83,65,74,60,7021,2,17727,777560
fd00::204:4:4:4,19,0,1,7,781094,42,65,60,12,2394,100,-83,66,76,60,6686,2,4277,787780
fd00::204:4:4:4,19,0,0,8,791649,43,66,60,12,2194,100,-83,67,78,60,4461,2,4002,796110
fd00::204:4:4:4,19,0,0,8,802206,44,67,60,12,2974,100,-83,68,80,60,6084,2,3167,808290
fd00::204:4:4:4,19,0,0,8,812762,45,68,60,12,4734,100,-83,69,82,60,3018,2,4292,815780
fd00::204:4:4:4,19,0,1,8,823317,46,69,60,12,6634,100,-83,70,84,60,5413,2,6852,828730
fd00::204:4:4:4,19,0,1,8,833873,47,70,60,12,4194,100,-83,71,86,60,2137,2,4477,836010
fd00::204:4:4:4,19,0,1,8,844431,48,72,60,12,1484,100,-83,72,89,60,3969,2,2282,848400
fd00::204:4:4:4,19,0,0,8,854986,49,73,60,12,3244,100,-83,73,91,60,3354,2,4107,858340
fd00::204:4:4:4,19,0,0,9,865541,50,73,60,12,3244,100,-83,74,92,60,359,2,4107,865900
fd00::204:4:4:4,19,0,1,8,876099,51,75,60,12,954,100,-83,76,94,60,10661,2,5722,886760
fd00::204:4:4:4,19,0,0,8,886657,52,76,60,12,3064,100,-83,76,96,60,1923,2,3737,888580
fd00::204:4:4:4,19,0,0,8,897211,53,77,60,12,3703,100,-83,77,98,60,1729,2,3846,898940
fd00::204:4:4:4,19,0,1,8,907767,54,78,60,12,2104,100,-83,78,100,60,203,2,2452,907970
fd00::204:4:4:4,19,0,0,8,918323,55,79,60,12,2674,100,-83,79,102,60,1267,2,3962,919590
fd00::204:4:4:4,19,0,1,8,928881,56,80,60,12,4084,100,-83,80,104,60,229,2,2672,929110
fd00::204:4:4:4,19,0,0,8,939433,57,81,60,12,1644,100,-83,81,106,60,177,2,2817,939610
fd00::204:4:4:4,19,0,0,8,949991,58,82,60,12,4734,100,-83,83,108,60,2709,2,2612,952700
fd00::204:4:4:4,19,0,0,8,960547,59,83,60,12,4324,100,-83,84,110,60,1463,2,2442,962010
fd00::204:4:4:4,19,0,1,8,971105,60,84,60,12,4194,100,-83,86,112,60,14635,2,6122,985740
fd00::204:4:4:4,4370,0,56,3490,3420095,63,140,60,12,1814,100,-83,330,115,60,5845,2,3287,3425940
fd00::204:4:4:4,19,0,0,9,3430650,64,141,60,12,2104,100,-83,331,117,60,7400,2,8087,3438050
fd00::204:4:4:4,19,0,0,8,3441205,65,142,60,12,2114,100,-83,332,119,60,6645,2,4242,3447850
fd00::204:4:4:4,19,0,0,8,3451762,66,144,60,12,1713,100,-83,333,122,60,6168,2,3936,3457930
fd00::204:4:4:4,19,0,0,8,3462319,67,144,60,12,1713,100,-83,334,123,60,2821,2,3936,3465140
fd00::204:4:4:4,19,0,0,8,3472875,68,145,60,12,9704,100,-83,336,125,60,16415,2,13462,3489290
fd00::204:4:4:4,19,0,1,8,3483430,69,146,60,12,7544,100,-83,337,127,60,15590,2,12697,3499020
fd00::204:4:4:4,19,0,1,8,3493986,70,148,60,12,2874,100,-83,339,130,60,24214,2,13722,3518200
fd00::204:4:4:4,19,0,2,7,3504542,71,149,60,12,4354,100,-83,340,132,60,17158,2,10822,3521700
fd00::204:4:4:4,19,0,1,8,3525653,73,151,60,12,5284,100,-83,341,135,60,6827,2,6212,3532480
fd00::204:4:4:4,19,0,1,8,3536213,74,151,60,12,5284,100,-83,342,136,60,4947,2,6212,3541160
fd00::204:4:4:4,19,0,2,7,3546765,75,153,60,12,1526,100,-83,342,139,60,2025,2,4298,3548790
fd00::204:4:4:4,19,0,1,7,3557322,76,154,60,12,2164,100,-83,343,141,60,638,2,3812,3557960
fd00::204:4:4:4,19,0,1,8,3567878,77,155,60,12,3504,100,-83,344,143,60,162,2,3117,3568040
fd00::204:4:4:4,19,0,1,8,3578434,78,156,60,12,1134,100,-83,345,145,60,456,2,3192,3578890
fd00::204:4:4:4,19,0,1,8,3588993,79,157,60,12,1634,100,-83,346,147,60,257,2,3722,3589250
fd00::204:4:4:4,19,0,1,8,3599545,80,158,60,12,1364,100,-83,347,149,60,205,2,1942,3599750
fd00::205:5:5:5,38,0,0,17,21904,1,0,60,0,0,0,0,0,1,60,6,0,0,21910
fd00::205:5:5:5,19,0,0,8,32696,2,1,60,12,44,100,-85,1,3,60,64,0,92,32760
fd00::205:5:5:5,19,0,0,8,43486,3,2,60,12,264,100,-85,2,5,60,54,0,237,43540
fd00::205:5:5:5,19,0,0,8,54278,4,3,60,12,64,100,-85,3,7,60,42,0,207,54320
fd00::205:5:5:5,19,0,0,8,65072,5,4,60,12,214,100,-85,4,9,60,28,0,492,65100
fd00::205:5:5:5,19,0,0,8,75864,6,5,60,12,14,100,-85,5,11,60,16,0,287,75880
fd00::205:5:5:5,19,0,0,8,86654,7,6,60,12,24,100,-85,6,13,60,146,0,712,86800
fd00::205:5:5:5,19,0,0,8,97446,8,7,60,12,34,100,-85,7,15,60,64,0,402,97510
fd00::205:5:5:5,19,0,0,8,108238,9,8,60,12,44,100,-85,8,17,60,52,0,792,108290
fd00::205:5:5:5,19,0,0,8,119030,10,9,60,12,54,100,-85,9,19,60,40,0,587,119070
fd00::205:5:5:5,19,0,0,8,129824,11,10,60,12,64,100,-85,10,21,60,26,0,1537,129850
fd00::205:5:5:5,19,0,1,7,140614,12,12,60,12,154,100,-85,12,24,60,7366,0,2072,147980
fd00::205:5:5:5,19,0,1,7,151406,13,13,60,12,304,100,-85,13,26,60,2384,0,1762,153790
fd00::205:5:5:5,19,0,1,7,162198,14,14,60,12,34,100,-85,14,28,60,5662,0,2817,167860
fd00::205:5:5:5,19,0,1,7,172990,15,15,60,12,254,100,-85,15,30,60,120,0,792,173110
fd00::205:5:5:5,19,0,2,7,183781,16,15,60,12,254,100,-85,16,31,60,3539,0,792,187320
fd00::205:5:5:5,19,0,2,7,194573,17,16,60,12,8456,100,-85,17,33,60,27,0,4333,194600
fd00::205:5:5:5,19,0,2,7,205366,18,18,60,12,2665,100,-85,19,36,60,5054,0,3957,210420
fd00::205:5:5:5,19,0,2,7,216159,19,19,60,12,5124,100,-85,19,38,60,71,0,2702,216230
fd00::205:5:5:5,19,0,1,7,226950,20,20,60,12,6395,100,-85,20,40,60,1950,0,4352,228900
fd00::205:5:5:5,19,0,3,6,237741,21,21,60,12,34,100,-85,23,42,60,16009,0,542,253750
fd00::205:5:5:5,19,0,4,5,259325,23,22,60,12,45,100,-85,23,44,60,25,0,6952,259350
fd00::205:5:5:5,19,0,1,8,248534,22,22,60,12,45,100,-85,25,45,60,29506,2,6952,278040
fd00::205:5:5:5,19,0,2,7,280910,25,24,60,12,10295,100,-85,26,48,60,8050,0,9417,288960
fd00::205:5:5:5,19,0,2,7,291702,26,25,60,12,9254,100,-85,27,50,60,1038,0,4872,292740
fd00::205:5:5:5,19,0,1,7,302494,27,27,60,12,35,100,-85,28,53,60,1516,0,227,304010
fd00::205:5:5:5,19,0,1,8,313285,28,28,60,12,44,100,-85,29,55,60,2345,0,2752,315630
fd00::205:5:5:5,19,0,0,8,324077,29,29,60,12,54,100,-85,30,57,60,513,0,1392,324590
fd00::205:5:5:5,19,0,1,8,334870,30,30,60,12,64,100,-85,31,59,60,500,0,767,335370
fd00::205:5:5:5,19,0,1,8,345661,31,31,60,12,74,100,-85,32,61,60,69,0,807,345730
fd00::205:5:5:5,19,0,1,8,356452,32,32,60,12,14,100,-85,33,63,60,58,0,147,356510
fd00::205:5:5:5,19,0,1,8,367248,33,33,60,12,24,100,-85,34,65,60,112,0,152,367360
fd00::205:5:5:5,19,0,0,8,378040,34,34,60,12,34,100,-85,35,67,60,30,0,157,378070
fd00::205:5:5:5,19,0,1,8,388829,35,35,60,12,44,100,-85,36,69,60,231,0,1387,389060
fd00::205:5:5:5,19,0,1,8,399620,36,36,60,12,54,100,-85,37,71,60,10,0,412,399630
fd00::205:5:5:5,19,0,0,8,410414,37,38,60,12,74,100,-85,39,74,60,1816,0,1087,412230
fd00::205:5:5:5,19,0,1,8,421206,38,39,60,12,14,100,-85,40,76,60,1034,0,1092,422240
fd00::205:5:5:5,19,0,1,7,431997,39,40,60,12,24,100,-85,41,78,60,3613,0,292,435610
fd00::205:5:5:5,19,0,1,7,442789,40,41,60,12,34,100,-85,42,80,60,2971,0,1417,445760
fd00::205:5:5:5,19,0,1,8,453581,41,42,60,12,44,100,-85,43,82,60,19,0,337,453600
fd00::205:5:5:5,19,0,0,8,464373,42,43,60,12,54,100,-85,44,84,60,2387,0,3317,466760
fd00::205:5:5:5,19,0,1,8,475166,43,44,60,12,64,100,-85,45,86,60,484,0,2447,475650
fd00::205:5:5:5,19,0,1,8,485956,44,45,60,12,75,100,-85,46,88,60,1244,0,492,487200
fd00::205:5:5:5,19,0,1,7,496748,45,46,60,12,14,100,-85,47,90,60,42,0,672,496790
fd00::205:5:5:5,19,0,1,8,507542,46,47,60,12,24,100,-85,48,92,60,308,0,1447,507850
fd00::205:5:5:5,19,0,2,7,518333,47,48,60,12,455,100,-85,49,94,60,787,0,2012,519120
fd00::205:5:5:5,19,0,1,7,529126,48,49,60,12,2353,100,-85,50,96,60,564,0,1456,529690
fd00::205:5:5:5,19,0,2,7,539916,49,50,60,12,54,100,-85,52,98,60,2164,0,1182,542080
fd00::205:5:5:5,19,0,1,7,550710,50,51,60,12,2867,100,-85,53,100,60,400,0,1888,551110
fd00::205:5:5:5,19,0,1,7,561502,51,53,60,12,13,100,-85,54,102,60,1228,0,1336,562730
fd00::205:5:5:5,19,0,1,8,572292,52,53,60,12,13,100,-85,55,103,60,1148,0,1336,573440
fd00::205:5:5:5,19,0,1,7,583085,53,54,60,12,8214,100,-85,56,105,60,5125,0,4247,588210
fd00::205:5:5:5,19,0,2,7,593879,54,55,60,12,13474,100,-85,57,107,60,3431,0,8102,597310
fd00::205:5:5:5,19,0,1,8,604669,55,55,60,12,13474,100,-85,59,108,60,11051,0,8102,615720
fd00::205:5:5:5,252,0,18,103,744966,56,71,60,12,54,100,-85,72,112,60,324,0,2232,745290
fd00::205:5:5:5,19,0,1,7,755758,57,72,60,12,64,100,-85,73,114,60,32,0,382,755790
fd00::205:5:5:5,19,0,1,7,766550,58,73,60,12,74,100,-85,74,116,60,20,0,1332,766570
fd00::205:5:5:5,19,0,1,7,777342,59,74,60,12,14,100,-85,75,118,60,8,0,287,777350
fd00::205:5:5:5,19,0,2,7,788134,60,75,60,12,654,100,-85,76,120,60,66,0,397,788200
fd00::205:5:5:5,19,0,1,7,798925,61,76,60,12,804,100,-85,77,122,60,55,0,2362,798980
fd00::205:5:5:5,19,0,2,7,809718,62,77,60,12,1094,100,-85,79,124,60,5922,0,3627,815640
fd00::205:5:5:5,19,0,2,7,820512,63,78,60,12,3904,100,-85,80,126,60,378,0,2967,820890
fd00::205:5:5:5,19,0,2,7,831302,64,80,60,12,72,100,-85,81,129,60,298,0,491,831600
fd00::205:5:5:5,19,0,2,7,842094,65,81,60,12,434,100,-85,82,131,60,1826,0,1372,843920
fd00::205:5:5:5,19,0,2,7,852886,66,82,60,12,514,100,-85,83,133,60,764,0,1727,853650
fd00::205:5:5:5,19,0,1,7,863678,67,83,60,12,34,100,-85,84,135,60,52,0,507,863730
fd00::205:5:5:5,19,0,2,7,874469,68,84,60,12,44,100,-85,85,137,60,41,0,652,874510
fd00::205:5:5:5,19,0,2,7,885262,69,85,60,12,474,100,-85,86,139,60,28,0,2407,885290
fd00::205:5:5:5,19,0,2,7,896054,70,86,60,12,273,100,-85,87,141,60,16,0,1431,896070
fd00::205:5:5:5,19,0,2,7,906844,71,87,60,12,74,100,-85,88,143,60,76,0,492,906920
fd00::205:5:5:5,19,0,1,7,917637,72,88,60,12,14,100,-85,89,145,60,1043,0,742,918680
fd00::205:5:5:5,19,0,2,7,928430,73,89,60,12,2964,100,-85,90,147,60,50,0,2182,928480
fd00::205:5:5:5,19,0,1,8,939220,74,90,60,12,34,100,-85,91,149,60,40,0,402,939260
fd00::205:5:5:5,19,0,1,8,950014,75,91,60,12,44,100,-85,93,151,60,2546,0,267,952560
fd00::205:5:5:5,19,0,1,7,960806,76,92,60,12,124,100,-85,94,153,60,1134,0,1322,961940
fd00::205:5:5:5,19,0,2,7,971599,77,94,60,12,74,100,-85,96,156,60,14351,0,2627,985950
fd00::205:5:5:5,4293,0,571,2866,3367422,79,296,60,12,14,100,-85,334,160,60,68,0,322,3367490
fd00::205:5:5:5,19,0,0,8,3378214,80,297,60,12,26,100,-85,335,162,60,1036,0,363,3379250
fd00::205:5:5:5,19,0,0,8,3389006,81,298,60,12,34,100,-85,336,164,60,44,0,577,3389050
fd00::205:5:5:5,19,0,0,8,3399800,82,299,60,12,44,100,-85,337,166,60,30,0,652,3399830
fd00::205:5:5:5,19,0,0,8,3410590,83,301,60,12,344,100,-85,339,169,60,5690,0,2097,3416280
fd00::205:5:5:5,19,0,1,8,3421382,84,302,60,12,284,100,-85,340,171,60,3158,0,422,3424540
fd00::205:5:5:5,19,0,0,8,3432174,85,303,60,12,14,100,-85,341,173,60,3636,0,2877,3435810
fd00::205:5:5:5,19,0,2,7,3442966,86,304,60,12,24,100,-85,342,175,60,54,0,1237,3443020
fd00::205:5:5:5,19,0,1,8,3453756,87,305,60,12,173,100,-85,343,177,60,2004,0,1696,3455760
fd00::205:5:5:5,19,0,1,8,3464550,88,306,60,12,1794,100,-85,344,179,60,1010,0,2087,3465560
fd00::205:5:5:5,19,0,1,8,3475342,89,307,60,12,4884,100,-85,345,181,60,648,0,2967,3475990
fd00::205:5:5:5,19,0,1,8,3486133,90,308,60,12,3845,100,-85,346,183,60,3297,0,4687,3489430
fd00::205:5:5:5,19,0,2,7,3496924,91,309,60,12,74,100,-85,347,185,60,1886,0,1227,3498810
fd00::205:5:5:5,19,0,2,7,3507717,92,310,60,12,504,100,-85,349,187,60,11253,0,7707,3518970
fd00::205:5:5:5,19,0,2,7,3518509,93,311,60,12,794,100,-85,350,189,60,5501,0,6172,3524010
fd00::205:5:5:5,19,0,3,6,3529301,94,312,60,12,4304,100,-85,351,191,60,3319,0,3237,3532620
fd00::205:5:5:5,19,0,1,7,3540093,95,313,60,12,5927,100,-85,352,193,60,3167,0,4713,3543260
fd00::205:5:5:5,19,0,2,7,3550886,96,315,60,12,64,100,-85,353,196,60,74,0,207,3550960
fd00::205:5:5:5,19,0,1,8,3561677,97,316,60,12,74,100,-85,354,198,60,4333,0,1262,3566010
fd00::205:5:5:5,19,0,1,7,3572469,98,317,60,12,14,100,-85,355,200,60,2011,0,2212,3574480
fd00::205:5:5:5,19,0,1,7,3583261,99,318,60,12,24,100,-85,356,201,60,2629,0,2212,3585890
fd00::205:5:5:5,19,0,2,7,3594054,100,319,60,12,34,100,-85,357,203,60,26,0,1697,3594080
fd00::206:6:6:6,78,0,0,476,43569,1,0,60,0,0,0,0,0,1,60,41,0,0,43610
fd00::206:6:6:6,19,0,0,8,54498,2,1,60,12,624,100,-80,1,3,60,32,0,452,54530
fd00::206:6:6:6,19,0,0,8,65429,3,2,60,12,494,100,-80,2,5,60,21,0,282,65450
fd00::206:6:6:6,19,0,0,8,76358,4,3,60,12,994,100,-80,3,7,60,12,0,637,76370
fd00::206:6:6:6,19,0,0,8,87285,5,4,60,12,304,100,-80,4,9,60,75,0,327,87360
fd00::206:6:6:6,19,0,0,9,98212,6,5,60,12,454,100,-80,5,11,60,68,0,332,98280
fd00::206:6:6:6,19,0,0,8,109141,7,6,60,12,744,100,-80,6,13,60,59,0,1317,109200
fd00::206:6:6:6,19,0,0,8,120074,8,7,60,12,1524,100,-80,8,15,60,2496,0,797,122570
fd00::206:6:6:6,19,0,1,8,131001,9,9,60,12,424,100,-80,9,18,60,2629,0,1787,133630
fd00::206:6:6:6,19,0,0,8,141930,10,10,60,12,854,100,-80,10,20,60,170,0,987,142100
fd00::206:6:6:6,19,0,1,8,152861,11,11,60,12,864,100,-80,11,22,60,5899,0,4352,158760
fd00::206:6:6:6,19,0,1,8,163787,12,12,60,12,1014,100,-80,12,24,60,13,0,577,163800
fd00::206:6:6:6,19,0,1,8,174718,13,13,60,12,464,100,-80,13,26,60,4132,0,1107,178850
fd00::206:6:6:6,19,0,1,7,185646,14,14,60,12,1596,100,-80,14,28,60,64,0,2198,185710
fd00::206:6:6:6,19,0,1,8,196575,15,15,60,12,414,100,-80,15,30,60,265,0,2797,196840
fd00::206:6:6:6,19,0,2,7,207504,16,16,60,12,285,100,-80,16,32,60,1796,0,3117,209300
fd00::206:6:6:6,19,0,1,9,218433,17,17,60,12,784,100,-80,17,34,60,317,0,1617,218750
fd00::206:6:6:6,19,0,2,8,229362,18,18,60,12,6605,100,-80,18,36,60,308,0,4807,229670
fd00::206:6:6:6,19,0,2,7,240291,19,19,60,12,8714,100,-80,20,38,60,369,0,4427,240660
fd00::206:6:6:6,19,0,2,7,251220,20,20,60,12,955,100,-80,21,40,60,4420,0,547,255640
fd00::206:6:6:6,19,0,2,7,262149,21,22,60,12,694,100,-80,22,43,60,561,0,382,262710
fd00::206:6:6:6,19,0,1,7,273078,22,22,60,12,694,100,-80,23,44,60,132,0,382,273210
fd00::206:6:6:6,19,0,1,7,284006,23,24,60,12,1764,100,-80,24,47,60,334,0,1302,284340
fd00::206:6:6:6,19,0,2,7,294935,24,25,60,12,724,100,-80,25,49,60,745,0,2812,295680
fd00::206:6:6:6,19,0,2,7,305864,25,26,60,12,1015,100,-80,26,51,60,36,0,1837,305900
fd00::206:6:6:6,19,0,1,8,316793,26,27,60,12,464,100,-80,27,53,60,27,0,2542,316820
fd00::206:6:6:6,19,0,2,6,327722,27,28,60,12,614,100,-80,28,55,60,18,0,1042,327740
fd00::206:6:6:6,19,0,1,8,338651,28,29,60,12,1604,100,-80,29,57,60,9,0,1012,338660
fd00::206:6:6:6,19,0,1,8,349581,29,30,60,12,8964,100,-80,30,59,60,209,0,4657,349790
fd00::206:6:6:6,19,0,1,8,360510,30,31,60,12,3444,100,-80,32,61,60,480,0,2002,360990
fd00::206:6:6:6,19,0,2,6,371439,31,33,60,12,874,100,-80,33,64,60,51,0,577,371490
fd00::206:6:6:6,19,0,1,7,382368,32,34,60,12,534,100,-80,34,66,60,1302,0,582,383670
fd00::206:6:6:6,19,0,1,8,393296,33,35,60,12,544,100,-80,35,68,60,174,0,377,393470
fd00::206:6:6:6,19,0,1,8,404226,34,36,60,12,554,100,-80,36,70,60,24,0,1082,404250
fd00::206:6:6:6,19,0,1,7,415155,35,37,60,12,424,100,-80,37,72,60,295,0,2242,415450
fd00::206:6:6:6,19,0,1,7,426086,36,38,60,12,504,100,-80,38,74,60,4,0,462,426090
fd00::206:6:6:6,19,0,1,7,437013,37,39,60,12,444,100,-80,39,76,60,67,0,2462,437080
fd00::206:6:6:6,19,0,1,7,447942,38,40,60,12,244,100,-80,40,78,60,58,0,1837,448000
fd00::206:6:6:6,19,0,2,7,458870,39,41,60,12,4594,100,-80,41,80,60,50,0,2507,458920
fd00::206:6:6:6,19,0,1,8,469800,40,42,60,12,1454,100,-80,42,82,60,40,0,2967,469840
fd00::206:6:6:6,19,0,1,8,480729,41,44,60,12,355,100,-80,44,85,60,2971,0,1822,483700
fd00::206:6:6:6,19,0,1,8,491657,42,44,60,12,355,100,-80,45,86,60,373,0,1822,492030
fd00::206:6:6:6,19,0,0,8,502587,43,46,60,12,584,100,-80,46,89,60,2883,0,2532,505470
fd00::206:6:6:6,19,0,1,8,524444,45,48,60,12,463,100,-80,48,91,60,136,1,1102,524580
fd00::206:6:6:6,19,0,2,7,535373,46,49,60,12,474,100,-90,49,94,60,2367,1,3842,537740
fd00::206:6:6:6,19,0,0,8,546305,47,50,60,12,1117,100,-90,50,96,60,185,1,628,546490
fd00::206:6:6:6,19,0,1,8,557232,48,51,60,12,1334,100,-90,52,98,60,6408,1,737,563640
fd00::206:6:6:6,19,0,1,8,568160,49,52,60,12,4143,100,-90,52,100,60,170,1,3191,568330
fd00::206:6:6:6,19,0,1,8,579089,50,53,60,12,864,100,-90,54,102,60,5061,1,502,584150
fd00::206:6:6:6,19,0,0,8,590018,51,54,60,12,1364,100,-90,55,104,60,5402,1,2327,595420
fd00::206:6:6:6,19,0,0,8,600949,52,56,60,12,825,100,-90,56,107,60,631,1,762,601580
fd00::206:6:6:6,19,0,1,8,611877,53,57,60,12,484,100,-90,57,109,60,5803,1,3777,617680
fd00::206:6:6:6,19,0,0,9,622806,54,58,60,12,635,100,-90,58,111,60,5164,1,3152,627970
fd00::206:6:6:6,19,0,1,8,633734,55,59,60,12,2324,100,-90,59,113,60,816,1,1932,634550
fd00::206:6:6:6,19,0,0,8,644664,56,60,60,12,1284,100,-90,60,114,60,2556,1,1932,647220
fd00::206:6:6:6,39,0,2,16,666522,57,62,60,12,2705,100,-90,62,117,60,298,1,2437,666820
fd00::206:6:6:6,19,0,1,8,677450,58,63,60,12,1034,100,-90,63,119,60,80,1,1217,677530
fd00::206:6:6:6,19,0,1,8,688379,59,64,60,12,1254,100,-90,64,121,60,141,1,1922,688520
fd00::206:6:6:6,19,0,0,8,699309,60,65,60,12,3014,100,-90,65,123,60,621,1,2627,699930
fd00::206:6:6:6,511,0,13,2702,994391,62,90,60,12,44223,100,-90,96,133,60,8429,0,26347,1002820
fd00::206:6:6:6,137,0,15,55,1103682,65,103,60,12,1322,100,-80,106,138,60,1058,0,1011,1104740
fd00::206:6:6:6,531,0,32,1151,1409693,67,131,60,12,2254,100,-80,136,147,60,177,0,2492,1409870
fd00::206:6:6:6,19,0,2,7,1420622,68,131,60,12,2254,100,-80,138,148,60,308,0,2492,1420930
fd00::206:6:6:6,19,0,2,7,1431552,69,132,60,12,15984,100,-80,139,150,60,2958,0,10862,1434510
fd00::206:6:6:6,19,0,2,7,1442481,70,132,60,12,15984,100,-80,140,151,60,2179,0,10862,1444660
fd00::206:6:6:6,19,0,2,7,1453410,71,133,60,12,26634,100,-80,141,153,60,910,0,17097,1454320
fd00::206:6:6:6,19,0,1,7,1464339,72,134,60,12,23635,100,-80,142,155,60,621,0,12202,1464960
fd00::206:6:6:6,19,0,2,7,1475268,73,135,60,12,26094,100,-80,143,157,60,192,0,14132,1475460
fd00::206:6:6:6,19,0,2,7,1486197,74,136,60,12,27363,100,-80,144,159,60,1303,0,15921,1487500
fd00::206:6:6:6,19,0,1,7,1497125,75,137,60,12,29125,100,-80,145,161,60,35,0,14842,1497160
fd00::206:6:6:6,19,0,2,7,1508055,76,139,60,12,27885,100,-80,146,164,60,235,0,14012,1508290
fd00::206:6:6:6,19,0,2,7,1518984,77,140,60,12,26635,100,-80,147,166,60,646,0,14752,1519630
fd00::206:6:6:6,19,0,2,7,1529913,78,142,60,12,18956,100,-80,149,169,60,357,0,9968,1530270
fd00::206:6:6:6,19,0,1,7,1540842,79,144,60,12,8895,100,-80,150,172,60,138,0,4727,1540980
fd00::206:6:6:6,19,0,1,7,1551771,80,146,60,12,1704,100,-80,151,175,60,1599,0,1657,1553370
fd00::206:6:6:6,19,0,1,8,1562700,81,147,60,12,735,100,-80,152,177,60,330,0,787,1563030
fd00::206:6:6:6,19,0,1,8,1573629,82,148,60,12,746,100,-80,153,179,60,881,0,723,1574510
fd00::206:6:6:6,19,0,1,7,1584558,83,149,60,12,335,100,-80,154,181,60,32,0,1952,1584590
fd00::206:6:6:6,19,0,0,8,1595487,84,150,60,12,1324,100,-80,155,183,60,3103,0,837,1598590
fd00::206:6:6:6,19,0,1,7,1606416,85,151,60,12,1195,100,-80,156,185,60,644,0,2382,1607060
fd00::206:6:6:6,19,0,1,7,1617343,86,152,60,12,785,100,-80,157,187,60,77,0,2037,1617420
fd00::206:6:6:6,19,0,0,8,1628276,87,153,60,12,584,100,-80,158,189,60,64,0,537,1628340
fd00::206:6:6:6,19,0,1,8,1639201,88,154,60,12,944,100,-80,160,191,60,1179,0,1487,1640380
fd00::206:6:6:6,19,0,1,7,1661061,90,157,60,12,414,100,-80,162,195,60,3259,0,2027,1664320
fd00::206:6:6:6,19,0,1,7,1671990,91,158,60,12,1194,100,-80,163,197,60,2550,0,842,1674540
fd00::206:6:6:6,19,0,2,7,1682919,92,159,60,12,994,100,-80,164,199,60,231,0,742,1683150
fd00::206:6:6:6,19,0,1,7,1693847,93,160,60,12,374,100,-80,165,201,60,363,0,257,1694210
fd00::206:6:6:6,19,0,1,7,1704778,94,161,60,12,1294,100,-80,166,203,60,212,0,822,1704990
fd00::206:6:6:6,19,0,1,7,1715706,95,162,60,12,604,100,-80,167,205,60,2094,0,372,1717800
fd00::206:6:6:6,19,0,2,7,1726635,96,163,60,12,1105,100,-80,168,207,60,55,0,1392,1726690
fd00::206:6:6:6,19,0,1,7,1737563,97,164,60,12,553,100,-80,169,209,60,327,0,556,1737890
fd00::206:6:6:6,19,0,1,7,1748493,98,165,60,12,6655,100,-80,170,211,60,317,0,3572,1748810
fd00::206:6:6:6,19,0,1,7,1759421,99,166,60,12,2255,100,-80,171,213,60,29,0,1792,1759450
fd00::206:6:6:6,19,0,2,7,1770350,100,167,60,12,3804,100,-80,174,215,60,12340,0,2462,1782690
fd00::206:6:6:6,19,0,1,8,1781279,101,168,60,12,5495,100,-80,174,217,60,3161,0,6912,1784440
fd00::206:6:6:6,19,0,2,7,1792209,102,169,60,12,2074,100,-80,175,219,60,7211,0,2262,1799420
fd00::206:6:6:6,19,0,2,7,1803138,103,171,60,12,2657,100,-80,176,222,60,1532,0,2308,1804670
fd00::206:6:6:6,19,0,2,7,1814067,104,171,60,12,2657,100,-80,177,223,60,3623,0,2308,1817690
fd00::206:6:6:6,19,0,2,6,1824996,105,173,60,12,3236,100,-80,178,226,60,4594,0,4768,1829590
fd00::206:6:6:6,19,0,1,8,1835925,106,174,60,12,3317,100,-80,179,228,60,525,0,2043,1836450
fd00::206:6:6:6,19,0,2,8,1846852,107,174,60,12,3317,100,-80,180,229,60,1218,0,2043,1848070
fd00::206:6:6:6,19,0,2,7,1857782,108,176,60,12,5085,100,-80,181,232,60,648,0,2682,1858430
fd00::206:6:6:6,19,0,2,7,1868712,109,177,60,12,5794,100,-80,182,234,60,1268,0,3597,1869980
fd00::206:6:6:6,19,0,2,7,1879639,110,178,60,12,3636,100,-80,183,236,60,71,0,1993,1879710
fd00::206:6:6:6,19,0,1,8,1890570,111,178,60,12,3636,100,-80,185,237,60,6920,0,1993,1897490
fd00::206:6:6:6,19,0,1,8,1901498,112,179,60,12,11134,100,-80,186,239,60,2572,0,8857,1904070
fd00::206:6:6:6,19,0,1,8,1912428,113,180,60,12,18566,100,-80,187,241,60,392,0,9318,1912820
fd00::206:6:6:6,19,0,1,8,1923356,114,181,60,12,17945,100,-80,188,243,60,104,0,9007,1923460
fd00::206:6:6:6,19,0,2,7,1934286,115,183,60,12,9284,100,-80,189,246,60,304,0,4887,1934590
fd00::206:6:6:6,19,0,1,9,1945214,116,183,60,12,9284,100,-80,191,247,60,14296,0,4887,1959510
fd00::206:6:6:6,19,0,2,7,1956142,117,185,60,12,13645,100,-80,192,250,60,11558,0,11267,1967700
fd00::206:6:6:6,137,0,9,57,2032647,118,194,60,12,504,100,-80,199,254,60,2813,0,322,2035460
fd00::206:6:6:6,19,0,1,8,2043575,119,195,60,12,1004,100,-80,200,256,60,3505,0,2077,2047080
fd00::206:6:6:6,19,0,2,7,2054504,120,196,60,12,2275,100,-80,201,258,60,2166,0,3237,2056670
fd00::206:6:6:6,19,0,2,7,2065433,121,197,60,12,534,100,-80,202,260,60,337,0,1422,2065770
fd00::206:6:6:6,19,0,1,8,2076362,122,198,60,12,895,100,-80,203,262,60,1728,0,2897,2078090
fd00::206:6:6:6,19,0,1,7,2087291,123,199,60,12,834,100,-80,204,264,60,249,0,802,2087540
fd00::206:6:6:6,19,0,1,8,2098219,124,200,60,12,283,100,-80,205,266,60,451,0,2206,2098670
fd00::206:6:6:6,19,0,1,8,2109148,125,201,60,12,157,100,-80,206,268,60,22,0,1513,2109170
fd00::206:6:6:6,19,0,1,8,2120079,126,202,60,12,164,100,-80,209,270,60,10581,0,4247,2130660
fd00::206:6:6:6,59,0,7,22,2152866,127,205,60,12,3765,100,-80,211,274,60,754,0,2022,2153620
fd00::206:6:6:6,19,0,2,7,2163794,128,207,60,12,775,100,-80,212,277,60,2566,0,3047,2166360
fd00::206:6:6:6,19,0,3,6,2174723,129,208,60,12,2956,100,-80,213,279,60,877,0,2773,2175600
fd00::206:6:6:6,19,0,2,7,2185653,130,209,60,12,2686,100,-80,214,281,60,727,0,2008,2186380
fd00::206:6:6:6,19,0,2,6,2196581,131,210,60,12,944,100,-80,215,283,60,19,0,1802,2196600
fd00::206:6:6:6,19,0,0,8,2207510,132,211,60,12,674,100,-80,216,285,60,10,0,862,2207520
fd00::206:6:6:6,19,0,2,7,2218439,133,212,60,12,1174,100,-80,217,287,60,211,0,972,2218650
fd00::206:6:6:6,236,0,13,101,2349588,134,225,60,12,3474,100,-90,230,290,60,102,1,4327,2349690
fd00::206:6:6:6,19,0,1,9,2360517,135,227,60,12,484,100,-90,232,293,60,5413,1,2867,2365930
fd00::206:6:6:6,19,0,1,8,2371444,136,227,60,12,484,100,-90,233,294,60,5476,1,2867,2376920
fd00::206:6:6:6,19,0,1,8,2382374,137,228,60,12,4484,100,-90,234,296,60,3226,1,3607,2385600
fd00::206:6:6:6,19,0,1,8,2393304,138,230,60,12,1143,100,-90,235,299,60,2726,1,641,2396030
fd00::206:6:6:6,19,0,1,8,2404232,139,231,60,12,804,100,-90,236,301,60,3908,1,647,2408140
fd00::206:6:6:6,19,0,0,8,2415164,140,232,60,12,1094,100,-90,237,303,60,1236,1,932,2416400
fd00::206:6:6:6,19,0,1,8,2426090,141,233,60,12,1946,100,-90,238,305,60,530,1,2723,2426620
fd00::206:6:6:6,19,0,0,8,2437019,142,234,60,12,5244,100,-90,239,307,60,101,1,3112,2437120
fd00::206:6:6:6,19,0,1,8,2447948,143,235,60,12,2104,100,-90,240,309,60,792,1,1647,2448740
fd00::206:6:6:6,19,0,0,9,2458877,144,236,60,12,993,100,-90,241,311,60,153,1,1301,2459030
fd00::206:6:6:6,19,0,1,8,2469808,145,237,60,12,1774,100,-90,243,313,60,2032,1,3652,2471840
fd00::206:6:6:6,19,0,0,8,2480736,146,239,60,12,394,100,-90,245,316,60,12174,1,6322,2492910
fd00::206:6:6:6,19,0,1,8,2491664,147,239,60,12,394,100,-90,245,317,60,1806,1,6322,2493470
fd00::206:6:6:6,19,0,0,9,2502593,148,240,60,12,8385,100,-90,246,319,60,2007,1,5277,2504600
fd00::206:6:6:6,19,0,1,8,2513521,149,241,60,12,8815,100,-90,247,321,60,4939,1,4547,2518460
fd00::206:6:6:6,19,0,0,9,2524454,150,241,60,12,8815,100,-90,248,322,60,1496,1,4547,2525950
fd00::206:6:6:6,19,0,1,8,2535383,151,243,60,12,11494,100,-90,249,325,60,87,1,6237,2535470
fd00::206:6:6:6,19,0,0,9,2546310,152,245,60,12,5704,100,-90,250,328,60,3300,1,3587,2549610
fd00::206:6:6:6,19,0,1,8,2557238,153,245,60,12,5704,100,-90,251,329,60,1752,1,3587,2558990
fd00::206:6:6:6,19,0,0,9,2568167,154,246,60,12,8654,100,-90,252,331,60,693,1,4607,2568860
fd00::206:6:6:6,19,0,2,7,2579097,155,248,60,12,5734,100,-90,253,334,60,263,1,4127,2579360
fd00::206:6:6:6,19,0,0,9,2590028,156,248,60,12,5734,100,-90,255,335,60,1162,1,4127,2591190
fd00::206:6:6:6,19,0,1,8,2600955,157,250,60,12,9184,100,-90,256,338,60,1995,1,4977,2602950
fd00::206:6:6:6,19,0,1,9,2611883,158,251,60,12,7025,100,-90,257,340,60,2197,1,3722,2614080
fd00::206:6:6:6,19,0,1,8,2622813,159,253,60,12,604,100,-90,258,343,60,927,1,1807,2623740
fd00::206:6:6:6,19,0,0,8,2633742,160,254,60,12,3694,100,-90,259,345,60,568,1,2057,2634310
fd00::206:6:6:6,19,0,0,8,2655599,162,256,60,12,1965,100,-90,262,348,60,9791,1,7597,2665390
fd00::206:6:6:6,19,0,0,8,2666528,163,257,60,12,4284,100,-90,262,349,60,122,1,7597,2666650
fd00::206:6:6:6,19,0,0,9,2808605,176,271,60,12,4004,100,-90,276,350,60,355,1,7597,2808960
fd00::206:6:6:6,19,0,1,8,2819534,177,272,60,12,3174,100,-90,277,352,60,206,1,4842,2819740
fd00::206:6:6:6,19,0,0,8,2830463,178,273,60,12,874,100,-90,279,354,60,1177,1,1102,2831640
fd00::206:6:6:6,19,0,0,8,2841393,179,274,60,12,4245,100,-90,280,356,60,2777,1,4327,2844170
fd00::206:6:6:6,19,0,1,8,2852321,180,276,60,12,1674,100,-90,281,359,60,2279,1,2272,2854600
fd00::206:6:6:6,19,0,0,8,2863250,181,277,60,12,1965,100,-90,282,361,60,940,1,1192,2864190
fd00::206:6:6:6,19,0,0,8,2874179,182,277,60,12,1965,100,-90,283,362,60,301,1,1192,2874480
fd00::206:6:6:6,19,0,0,9,2885109,183,279,60,12,3875,100,-90,284,365,60,2601,1,2392,2887710
fd00::206:6:6:6,19,0,0,9,2896037,184,279,60,12,3875,100,-90,285,366,60,2803,1,2392,2898840
fd00::206:6:6:6,19,0,1,8,2906967,185,281,60,12,2844,100,-90,286,369,60,2863,1,1807,2909830
fd00::206:6:6:6,19,0,1,8,2917898,186,282,60,12,5096,100,-90,287,371,60,122,1,3388,2918020
fd00::206:6:6:6,19,0,0,8,2928824,187,283,60,12,624,100,-90,288,373,60,116,1,1152,2928940
fd00::206:6:6:6,19,0,1,8,2939753,188,284,60,12,634,100,-90,289,375,60,177,1,1682,2939930
fd00::206:6:6:6,19,0,0,8,2950682,189,285,60,12,6037,100,-90,291,377,60,1708,1,5853,2952390
fd00::206:6:6:6,19,0,0,8,2961611,190,286,60,12,1843,100,-90,292,379,60,1279,1,1306,2962890
fd00::206:6:6:6,19,0,0,8,2972539,191,287,60,12,5775,100,-90,293,381,60,431,1,2957,2972970
fd00::206:6:6:6,19,0,1,8,2983469,192,288,60,12,6904,100,-90,294,383,60,631,1,3592,2984100
fd00::206:6:6:6,19,0,0,8,3005328,194,291,60,12,4204,100,-90,297,387,60,7822,1,4622,3013150
fd00::206:6:6:6,19,0,1,8,3016256,195,292,60,12,4425,100,-90,297,389,60,114,1,2597,3016370
fd00::206:6:6:6,19,0,0,8,3027185,196,293,60,12,304,100,-90,298,391,60,805,1,1867,3027990
fd00::206:6:6:6,19,0,0,9,3038114,197,294,60,12,2205,100,-90,299,393,60,236,1,1242,3038350
fd00::206:6:6:6,19,0,1,8,3049043,198,295,60,12,675,100,-90,300,395,60,157,1,2192,3049200
fd00::206:6:6:6,19,0,0,9,3059972,199,296,60,12,2014,100,-90,302,397,60,288,1,1077,3060260
fd00::206:6:6:6,19,0,0,8,3070901,200,297,60,12,6435,100,-90,303,399,60,6509,1,3287,3077410
fd00::206:6:6:6,19,0,0,8,3081830,201,298,60,12,7636,100,-90,304,401,60,1740,1,4238,3083570
fd00::206:6:6:6,19,0,1,8,3092760,202,300,60,12,444,100,-90,305,404,60,3760,1,2567,3096520
fd00::206:6:6:6,19,0,1,8,3103691,203,301,60,12,664,100,-90,306,406,60,5779,1,4497,3109470
fd00::206:6:6:6,19,0,0,8,3114620,204,302,60,12,254,100,-90,307,408,60,310,1,1982,3114930
fd00::206:6:6:6,19,0,0,9,3125546,205,303,60,12,1384,100,-90,308,410,60,94,1,762,3125640
fd00::206:6:6:6,19,0,0,8,3136478,206,303,60,12,1384,100,-90,309,411,60,1762,1,762,3138240
fd00::206:6:6:6,19,0,1,8,3158334,208,306,60,12,6314,100,-90,311,415,60,906,1,3962,3159240
fd00::206:6:6:6,19,0,1,8,3169263,209,307,60,12,9054,100,-90,312,417,60,407,1,4737,3169670
fd00::206:6:6:6,19,0,0,8,3180192,210,308,60,12,9974,100,-90,314,419,60,328,1,5197,3180520
fd00::206:6:6:6,19,0,1,8,3191120,211,309,60,12,8304,100,-90,315,421,60,4800,1,7897,3195920
fd00::206:6:6:6,19,0,1,8,3202050,212,311,60,12,834,100,-90,316,424,60,100,1,487,3202150
fd00::206:6:6:6,19,0,0,8,3212978,213,312,60,12,494,100,-90,317,426,60,1352,1,912,3214330
fd00::206:6:6:6,19,0,0,9,3223907,214,313,60,12,574,100,-90,318,428,60,83,1,357,3223990
fd00::206:6:6:6,19,0,1,8,3234838,215,314,60,12,304,100,-90,319,430,60,1612,1,1062,3236450
fd00::206:6:6:6,19,0,1,8,3245765,216,315,60,12,664,100,-90,320,432,60,135,1,1207,3245900
fd00::206:6:6:6,19,0,0,8,3256694,217,316,60,12,394,100,-90,321,434,60,126,1,372,3256820
fd00::206:6:6:6,19,0,0,8,3267623,218,317,60,12,1244,100,-90,322,436,60,1307,1,902,3268930
fd00::206:6:6:6,19,0,0,8,3278555,219,318,60,12,1254,100,-90,323,438,60,105,1,1852,3278660
fd00::206:6:6:6,19,0,1,8,3289484,220,319,60,12,1754,100,-90,324,440,60,96,1,1787,3289580
fd00::206:6:6:6,19,0,0,8,3300413,221,320,60,12,784,100,-90,326,442,60,647,1,602,3301060
fd00::206:6:6:6,19,0,0,8,3311340,222,322,60,12,594,100,-90,327,445,60,1480,1,1382,3312820
fd00::206:6:6:6,19,0,0,8,3322268,223,322,60,12,594,100,-90,328,446,60,212,1,1382,3322480
fd00::206:6:6:6,19,0,0,8,3333196,224,323,60,12,3614,100,-90,329,448,60,1884,1,2052,3335080
fd00::206:6:6:6,19,0,1,8,3344126,225,325,60,12,694,100,-90,330,451,60,264,1,767,3344390
fd00::206:6:6:6,19,0,0,9,3355055,226,326,60,12,984,100,-90,331,453,60,115,1,562,3355170
fd00::206:6:6:6,19,0,0,8,3365984,227,327,60,12,3094,100,-90,332,455,60,736,1,2422,3366720
fd00::206:6:6:6,19,0,0,8,3376916,228,328,60,12,4016,100,-90,333,457,60,164,1,2148,3377080
fd00::206:6:6:6,19,0,1,8,3387845,229,329,60,12,1784,100,-90,334,459,60,295,1,962,3388140
fd00::206:6:6:6,19,0,1,8,3398771,230,330,60,12,954,100,-90,335,461,60,289,1,932,3399060
fd00::206:6:6:6,19,0,0,8,3409703,231,331,60,12,2014,100,-90,337,463,60,2517,1,1252,3412220
fd00::206:6:6:6,19,0,1,8,3420632,232,332,60,12,1884,100,-90,338,465,60,6428,1,1642,3427060
fd00::206:6:6:6,19,0,1,8,3431561,233,333,60,12,1264,100,-90,340,467,60,12579,1,3677,3444140
fd00::206:6:6:6,19,0,0,8,3442488,234,335,60,12,1214,100,-90,340,470,60,2212,1,2322,3444700
fd00::206:6:6:6,19,0,0,8,3453416,235,336,60,12,1013,100,-90,341,472,60,384,1,576,3453800
fd00::206:6:6:6,19,0,0,8,3464345,236,337,60,12,1094,100,-90,342,474,60,1495,1,1807,3465840
fd00::206:6:6:6,19,0,0,8,3475274,237,338,60,12,1244,100,-90,344,476,60,7646,1,3492,3482920
fd00::206:6:6:6,19,0,0,8,3486203,238,339,60,12,1955,100,-90,344,478,60,77,1,1607,3486280
fd00::206:6:6:6,19,0,0,8,3497132,239,340,60,12,1684,100,-90,345,480,60,1118,1,3782,3498250
fd00::206:6:6:6,19,0,1,8,3508061,240,341,60,12,364,100,-90,346,482,60,899,1,742,3508960
fd00::206:6:6:6,19,0,0,8,3518990,241,342,60,12,584,100,-90,347,484,60,330,1,922,3519320
fd00::206:6:6:6,19,0,0,8,3529919,242,343,60,12,3394,100,-90,349,486,60,1651,1,4007,3531570
fd00::206:6:6:6,19,0,0,8,3540851,243,344,60,12,6697,100,-90,350,488,60,2619,1,3803,3543470
fd00::206:6:6:6,19,0,1,8,3551778,244,346,60,12,694,100,-90,351,491,60,1212,1,1467,3552990
fd00::206:6:6:6,19,0,0,9,3562709,245,346,60,12,694,100,-90,352,492,60,851,1,1467,3563560
fd00::206:6:6:6,19,0,0,8,3573635,246,348,60,12,1624,100,-90,353,495,60,145,1,952,3573780
fd00::206:6:6:6,19,0,0,9,3584564,247,349,60,12,1214,100,-90,354,497,60,2376,1,3337,3586940
fd00::206:6:6:6,19,0,0,9,3595493,248,350,60,12,4724,100,-90,355,499,60,2297,1,3867,3597790
fd00::207:7:7:7,150,0,0,1027,83813,1,0,60,0,0,0,0,0,1,60,1167,1,0,84980
fd00::207:7:7:7,18,0,0,8,94289,2,1,60,12,1224,100,-88,1,3,60,141,1,682,94430
fd00::207:7:7:7,18,0,0,8,104765,3,2,60,12,1164,100,-88,2,5,60,95,1,1352,104860
fd00::207:7:7:7,18,0,0,8,115239,4,3,60,12,2574,100,-88,3,7,60,121,1,1392,115360
fd00::207:7:7:7,18,0,0,8,125720,5,4,60,12,1674,100,-88,4,9,60,140,1,1362,125860
fd00::207:7:7:7,18,0,0,8,136191,6,5,60,12,1194,100,-88,5,11,60,99,1,1927,136290
fd00::207:7:7:7,18,0,1,8,146667,7,6,60,12,1624,100,-88,6,13,60,823,1,1022,147490
fd00::207:7:7:7,18,0,0,8,157144,8,7,60,12,4434,100,-88,7,15,60,1966,1,4457,159110
fd00::207:7:7:7,18,0,1,8,167619,9,8,60,12,1294,100,-88,8,17,60,871,1,997,168490
fd00::207:7:7:7,18,0,1,8,178095,10,9,60,12,814,100,-88,10,19,60,4885,1,1212,182980
fd00::207:7:7:7,18,0,1,8,188573,11,10,60,12,2016,100,-88,11,21,60,7357,1,2233,195930
fd00::207:7:7:7,18,0,1,7,199047,12,11,60,12,624,100,-88,12,23,60,7103,1,3042,206150
fd00::207:7:7:7,18,0,1,8,209524,13,12,60,12,425,100,-88,13,25,60,7336,1,3362,216860
fd00::207:7:7:7,509,0,83,198,1424741,18,123,60,12,2393,100,-88,134,32,60,809,1,27187,1425550
fd00::207:7:7:7,18,0,1,8,1435217,19,124,60,12,17034,100,-88,135,36,60,483,1,16597,1435700
fd00::207:7:7:7,18,0,1,8,1445693,20,124,60,12,17034,100,-88,137,37,60,8417,1,16597,1454110
fd00::207:7:7:7,18,0,0,8,1456168,21,126,60,12,24685,100,-88,138,40,60,4172,1,12867,1460340
fd00::207:7:7:7,18,0,0,8,1466645,22,127,60,12,26374,100,-88,138,42,60,2095,1,14342,1468740
fd00::207:7:7:7,18,0,1,8,1477120,23,127,60,12,26374,100,-88,140,43,60,8630,1,14342,1485750
fd00::207:7:7:7,18,0,1,8,1487596,24,128,60,12,27783,100,-88,140,45,60,534,1,17916,1488130
fd00::207:7:7:7,18,0,1,8,1498072,25,129,60,12,35775,100,-88,142,47,60,6368,1,19602,1504440
fd00::207:7:7:7,18,0,1,7,1519025,27,132,60,12,27265,100,-88,144,51,60,5855,1,17237,1524880
fd00::207:7:7:7,339,0,12,546,1707592,28,152,60,12,1924,100,-88,162,53,60,128,1,1522,1707720
fd00::207:7:7:7,18,0,1,8,1718068,29,153,60,12,1374,100,-88,164,55,60,4562,1,1387,1722630
fd00::207:7:7:7,18,0,1,8,1728544,30,154,60,12,1525,100,-88,164,57,60,106,1,2022,1728650
fd00::207:7:7:7,18,0,1,8,1739020,31,155,60,12,3143,100,-88,165,59,60,410,1,2551,1739430
fd00::207:7:7:7,18,0,1,7,1749497,32,156,60,12,7355,100,-88,166,61,60,83,1,3887,1749580
fd00::207:7:7:7,18,0,1,7,1759973,33,157,60,12,3165,100,-88,168,63,60,3887,1,6377,1763860
fd00::207:7:7:7,18,0,1,7,1770449,34,158,60,12,5904,100,-88,170,65,60,12591,1,3582,1783040
fd00::207:7:7:7,18,0,2,8,1791400,36,160,60,12,2354,100,-88,171,68,60,7670,1,3242,1799070
fd00::207:7:7:7,18,0,1,8,1801876,37,161,60,12,5514,100,-88,172,70,60,2654,1,4857,1804530
fd00::207:7:7:7,18,0,2,7,1812352,38,162,60,12,3147,100,-88,173,72,60,4498,1,2413,1816850
fd00::207:7:7:7,18,0,1,8,1822831,39,163,60,12,4624,100,-88,174,74,60,7039,1,3922,1829870
fd00::207:7:7:7,18,0,1,8,1833304,40,164,60,12,5056,100,-88,176,75,60,13016,1,3922,1846320
fd00::207:7:7:7,18,0,2,7,1843780,41,165,60,12,5695,100,-88,176,77,60,4360,1,8903,1848140
fd00::207:7:7:7,18,0,2,7,1854257,42,166,60,12,11446,100,-88,178,79,60,8233,1,9923,1862490
fd00::207:7:7:7,18,0,2,7,1864733,43,167,60,12,5645,100,-88,179,81,60,11477,1,6952,1876210
fd00::207:7:7:7,18,0,2,7,1875207,44,169,60,12,3916,100,-88,179,84,60,4223,1,4618,1879430
fd00::207:7:7:7,18,0,3,6,1885683,45,169,60,12,3916,100,-88,180,85,60,2007,1,4618,1887690
fd00::207:7:7:7,18,0,2,7,1896159,46,170,60,12,14284,100,-88,181,87,60,2241,1,9102,1898400
fd00::207:7:7:7,18,0,1,8,1906636,47,170,60,12,14284,100,-88,183,88,60,10034,1,9102,1916670
fd00::207:7:7:7,18,0,1,7,1917111,48,171,60,12,22206,100,-88,186,90,60,30149,1,17193,1947260
fd00::207:7:7:7,18,0,1,7,1927589,49,173,60,12,16484,100,-88,187,93,60,28631,1,22872,1956220
fd00::207:7:7:7,18,0,2,7,1938064,50,174,60,12,13903,100,-88,187,94,60,18786,1,22872,1956850
fd00::207:7:7:7,18,0,2,7,1948540,51,175,60,12,16224,100,-88,187,97,60,11320,1,14867,1959860
fd00::207:7:7:7,150,0,8,66,2042824,53,186,60,12,1704,100,-88,196,100,60,3906,1,3232,2046730
fd00::207:7:7:7,18,0,1,7,2053301,54,187,60,12,2905,100,-88,197,102,60,3299,1,3272,2056600
fd00::207:7:7:7,18,0,2,7,2063777,55,188,60,12,674,100,-88,198,104,60,1013,1,1877,2064790
fd00::207:7:7:7,18,0,1,7,2074253,56,189,60,12,1735,100,-88,199,106,60,3347,1,2932,2077600
fd00::207:7:7:7,18,0,1,7,2084729,57,190,60,12,1324,100,-88,200,108,60,1481,1,837,2086210
fd00::207:7:7:7,18,0,1,7,2095204,58,191,60,12,843,100,-88,201,110,60,2976,1,2241,2098180
fd00::207:7:7:7,18,0,1,8,2105681,59,192,60,12,857,100,-88,202,112,60,3419,1,2948,2109100
fd00::207:7:7:7,18,0,2,7,2116157,60,193,60,12,374,100,-88,204,114,60,13803,1,8937,2129960
fd00::207:7:7:7,18,0,2,7,2126632,61,194,60,12,3955,100,-88,205,115,60,13058,1,8937,2139690
fd00::207:7:7:7,18,0,1,8,2137108,62,194,60,12,3955,100,-88,206,116,60,11472,4,8937,2148580
fd00::208:8:8:8,207,0,0,1775,114989,1,0,60,0,0,0,0,0,1,60,161,2,0,115150
fd00::208:8:8:8,18,0,0,9,125472,2,1,60,12,4194,100,-88,1,3,60,668,2,2202,126140
fd00::208:8:8:8,18,0,0,8,135955,3,2,60,12,2594,100,-88,2,5,60,195,2,1997,136150
fd00::208:8:8:8,18,0,0,9,146439,4,3,60,12,3724,100,-88,3,7,60,281,2,2002,146720
fd00::208:8:8:8,18,0,0,8,156920,5,4,60,12,6114,100,-88,4,9,60,2330,2,4597,159250
fd00::208:8:8:8,18,0,0,9,167406,6,5,60,12,2764,100,-88,5,11,60,244,2,1487,167650
fd00::208:8:8:8,18,0,0,9,177886,7,6,60,12,1794,100,-88,7,13,60,5024,2,3522,182910
fd00::208:8:8:8,18,0,0,9,198855,9,8,60,12,2024,100,-88,9,16,60,7225,2,3112,206080
fd00::208:8:8:8,18,0,0,9,209338,10,9,60,12,3015,100,-88,10,18,60,7172,2,3537,216510
fd00::208:8:8:8,2754,0,385,3021,1750337,12,138,60,12,8475,100,-88,164,28,60,9253,2,4482,1759590
fd00::208:8:8:8,18,0,1,8,1760819,13,139,60,12,6245,100,-88,165,30,60,3111,2,6447,1763930
fd00::208:8:8:8,18,0,0,9,1771302,14,140,60,12,7584,100,-88,167,32,60,11878,2,4142,1783180
fd00::208:8:8:8,18,0,1,8,1781785,15,141,60,12,8715,100,-88,167,34,60,7555,2,7017,1789340
fd00::208:8:8:8,18,0,0,8,1792268,16,142,60,12,3754,100,-88,168,36,60,7222,2,6112,1799490
fd00::208:8:8:8,18,0,0,8,1802752,17,143,60,12,6844,100,-88,169,38,60,1988,2,4962,1804740
fd00::208:8:8:8,18,0,1,8,1813234,18,144,60,12,6577,100,-88,170,40,60,4666,2,4513,1817900
fd00::208:8:8:8,18,0,0,8,1823718,19,145,60,12,9174,100,-88,172,42,60,6362,2,4832,1830080
fd00::208:8:8:8,18,0,0,8,1834199,20,146,60,12,6176,100,-88,173,45,60,13241,6,8658,1847440
fd00::208:8:8:8,18,0,1,8,1844683,21,147,60,12,9407,100,-88,173,46,60,4017,2,8658,1848700
fd00::208:8:8:8,18,0,1,8,1855167,22,148,60,12,12006,100,-88,175,48,60,12783,2,13563,1867950
fd00::208:8:8:8,18,0,1,8,1865650,23,149,60,12,6555,100,-88,176,50,60,11050,2,9017,1876700
fd00::208:8:8:8,18,0,0,9,1876132,24,151,60,12,5876,100,-88,177,53,60,8338,2,7068,1884470
fd00::208:8:8:8,18,0,0,9,1886618,25,151,60,12,5876,100,-88,177,54,60,1982,2,7068,1888600
fd00::208:8:8:8,18,0,1,8,1897097,26,151,60,12,5876,100,-88,178,55,60,1373,2,7068,1898470
fd00::208:8:8:8,18,0,1,8,1907582,27,152,60,12,19464,100,-88,181,57,60,15248,2,12952,1922830
fd00::208:8:8:8,18,0,0,9,1918064,28,153,60,12,23396,100,-88,183,59,60,30036,2,18908,1948100
fd00::208:8:8:8,18,0,0,8,1928548,29,154,60,12,19485,100,-88,184,61,60,27812,2,24232,1956360
fd00::208:8:8:8,18,0,0,9,1939030,30,155,60,12,19564,100,-88,185,63,60,23980,2,23257,1963010
fd00::208:8:8:8,169,0,7,76,2054343,33,168,60,12,4305,100,-88,195,66,60,8347,2,3692,2062690
fd00::208:8:8:8,18,0,1,7,2064827,34,169,60,12,1654,100,-88,195,68,60,1013,2,2752,2065840
fd00::208:8:8:8,18,0,1,8,2075309,35,170,60,12,2925,100,-88,196,70,60,2431,2,3772,2077740
fd00::208:8:8:8,18,0,1,8,2085792,36,171,60,12,2724,100,-88,198,73,60,14138,2,2276,2099930
fd00::208:8:8:8,18,0,1,8,2096276,37,172,60,12,1964,100,-88,199,74,60,12614,3,2276,2108890
fd00::208:8:8:8,18,0,2,7,2106758,38,173,60,12,2258,100,-88,201,76,60,21172,3,9283,2127930
fd00::208:8:8:8,18,0,1,9,2117240,39,174,60,12,1354,100,-84,202,78,60,18880,3,9952,2136120
fd00::208:8:8:8,18,0,0,9,2127723,40,175,60,12,7384,100,-84,205,79,60,42137,4,9952,2169860
fd00::208:8:8:8,37,0,5,16,2148690,41,176,60,12,16987,100,-84,206,80,60,26490,5,9952,2175180
fd00::209:9:9:9,3196,0,3,6861,1776238,1,0,60,0,0,0,0,0,1,60,7642,3,0,1783880
fd00::209:9:9:9,19,0,0,9,1786808,2,0,60,0,0,0,0,1,2,60,5472,3,0,1792280
fd00::209:9:9:9,19,0,0,8,1797381,3,0,60,0,0,0,0,1,3,60,2599,3,0,1799980
fd00::209:9:9:9,19,0,0,8,1807952,4,1,60,12,11744,100,-78,3,5,60,8198,3,7237,1816150
fd00::209:9:9:9,19,0,0,8,1818523,5,2,60,12,9237,100,-78,3,7,60,217,3,8398,1818740
fd00::209:9:9:9,19,0,0,9,1829096,6,3,60,12,12254,100,-78,6,9,60,16524,3,9907,1845620
fd00::209:9:9:9,19,0,0,8,1839663,7,4,60,12,13106,100,-78,6,11,60,8687,3,13098,1848350
fd00::209:9:9:9,19,0,0,9,1860809,9,6,60,12,13756,100,-78,9,14,60,14281,3,13808,1875090
fd00::209:9:9:9,19,0,0,9,1871381,10,7,60,12,12925,100,-78,9,16,60,7489,3,12727,1878870
fd00::209:9:9:9,19,0,0,9,1881951,11,8,60,12,12654,100,-78,10,18,60,2729,3,9547,1884680
fd00::209:9:9:9,19,0,0,9,1892522,12,9,60,12,21066,100,-78,11,20,60,5598,3,13998,1898120
fd00::209:9:9:9,19,0,0,8,1903091,13,9,60,12,21066,100,-78,13,21,60,8119,3,13998,1911210
fd00::209:9:9:9,19,0,0,9,1913662,14,10,60,12,27234,100,-78,15,23,60,21068,3,21387,1934730
fd00::209:9:9:9,19,0,0,8,1924233,15,12,60,12,23685,100,-78,17,26,60,31427,3,25807,1955660
fd00::209:9:9:9,19,0,0,8,1934803,16,13,60,12,22434,100,-78,18,28,60,27927,3,23992,1962730
fd00::209:9:9:9,76,0,2,34,2061655,25,27,60,12,6265,100,-78,28,31,60,4745,3,6387,2066400
fd00::209:9:9:9,19,0,0,8,2072226,26,28,60,12,5644,100,-78,29,33,60,5234,3,3732,2077460
fd00::209:9:9:9,19,0,0,8,2093369,28,30,60,12,7414,100,-78,32,36,60,13421,4,12807,2106790
fd00::209:9:9:9,19,0,0,9,2103940,29,31,60,12,10083,100,-78,34,37,60,23570,4,12807,2127510
fd00::209:9:9:9,19,0,0,9,2114511,30,33,60,12,3454,100,-78,35,40,60,16219,4,10232,2130730
fd00::209:9:9:9,19,0,1,9,2135652,32,33,60,12,3454,100,-78,37,41,60,23288,4,10232,2158940
fd00::20a:a:a:a,238,0,0,2162,132590,1,0,60,0,0,0,0,0,1,60,1320,2,0,133910
fd00::20a:a:a:a,18,0,0,8,142779,2,0,60,0,0,0,0,1,2,60,1981,2,0,144760
fd00::20a:a:a:a,18,0,0,8,152966,3,1,60,12,4424,100,-55,2,4,60,5864,2,2632,158830
fd00::20a:a:a:a,18,0,0,8,163151,4,2,60,12,6534,100,-55,3,6,60,1839,2,4492,164990
fd00::20a:a:a:a,18,0,0,8,173338,5,4,60,12,2144,100,-55,4,9,60,5652,2,3557,178990
fd00::20a:a:a:a,18,0,0,9,183524,6,4,60,12,2144,100,-55,5,10,60,4636,2,3557,188160
fd00::20a:a:a:a,18,0,0,8,193712,7,6,60,12,1814,100,-55,7,13,60,11108,2,3707,204820
fd00::20a:a:a:a,18,0,1,8,203898,8,7,60,12,3575,100,-55,7,15,60,5262,2,3572,209160
fd00::20a:a:a:a,2713,0,306,3165,1731949,11,138,60,12,7475,100,-55,160,20,60,3001,2,7447,1734950
fd00::20a:a:a:a,18,0,0,8,1742138,12,138,60,12,7475,100,-55,161,21,60,1352,2,7447,1743490
fd00::20a:a:a:a,18,0,0,8,1752323,13,140,60,12,10085,100,-55,162,24,60,7407,2,5777,1759730
fd00::20a:a:a:a,18,0,0,9,1762510,14,141,60,12,6525,100,-55,163,26,60,2050,2,6657,1764560
fd00::20a:a:a:a,18,0,0,9,1772697,15,142,60,12,8704,100,-55,165,27,60,10553,2,6657,1783250
fd00::20a:a:a:a,18,0,0,9,1782884,16,143,60,12,9835,100,-55,165,29,60,5266,2,7192,1788150
fd00::20a:a:a:a,18,0,0,9,1793073,17,144,60,12,4944,100,-55,166,31,60,6487,2,4292,1799560
fd00::20a:a:a:a,18,0,0,9,1803258,18,145,60,12,8174,100,-55,167,33,60,1622,2,7027,1804880
fd00::20a:a:a:a,18,0,0,9,1813445,19,146,60,12,7277,100,-55,168,35,60,3475,2,4583,1816920
fd00::20a:a:a:a,18,0,0,8,1823632,20,147,60,12,9944,100,-55,169,37,60,6308,2,5602,1829940
fd00::20a:a:a:a,18,0,0,9,1833821,21,148,60,12,8906,100,-55,171,39,60,13409,12,10298,1847230
fd00::20a:a:a:a,18,0,0,9,1844006,22,149,60,12,12417,100,-55,171,41,60,4204,2,8973,1848210
fd00::20a:a:a:a,18,0,0,9,1854193,23,150,60,12,12426,100,-55,173,43,60,8367,2,11008,1862560
fd00::20a:a:a:a,18,0,0,9,1864382,24,151,60,12,7045,100,-55,174,45,60,11968,2,7757,1876350
fd00::20a:a:a:a,18,0,0,9,1874569,25,152,60,12,10974,100,-55,174,47,60,5211,2,9267,1879780
fd00::20a:a:a:a,18,0,0,9,1884754,26,153,60,12,10426,100,-55,175,49,60,2796,2,6998,1887550
fd00::20a:a:a:a,18,0,0,9,1894943,27,153,60,12,10426,100,-55,176,50,60,3387,2,6998,1898330
fd00::20a:a:a:a,18,0,0,9,1905128,28,154,60,12,19954,100,-55,178,52,60,10912,2,12497,1916040
fd00::20a:a:a:a,18,0,1,8,1925501,30,156,60,12,19695,100,-55,182,54,60,30369,2,25702,1955870
fd00::20a:a:a:a,18,0,0,8,1935689,31,157,60,12,20404,100,-55,182,56,60,22631,2,23327,1958320
fd00::20a:a:a:a,18,0,1,8,1945876,32,158,60,12,23564,100,-55,183,58,60,22104,3,21547,1967980
fd00::20a:a:a:a,183,0,1,88,2057933,34,171,60,12,4795,100,-55,193,61,60,4267,2,3377,2062200
fd00::20a:a:a:a,18,0,0,9,2068122,35,172,60,12,2074,100,-55,193,63,60,938,2,2157,2069060
fd00::20a:a:a:a,18,0,0,9,2078307,36,173,60,12,3135,100,-55,194,65,60,343,2,3702,2078650
fd00::20a:a:a:a,18,0,0,8,2088494,37,174,60,12,4264,100,-55,195,67,60,236,2,3077,2088730
fd00::20a:a:a:a,18,0,1,7,2108867,39,176,60,12,2747,100,-55,199,69,60,19623,2,2311,2128490
fd00::20a:a:a:a,18,0,1,7,2119055,40,177,60,12,1704,100,-55,200,71,60,17695,2,10092,2136750
fd00::20a:a:a:a,18,0,1,7,2129241,41,177,60,12,1704,100,-55,201,72,60,15069,5,10092,2144310
fd00::20b:b:b:b,109,0,0,491,60531,1,0,60,0,0,0,0,0,1,60,369,1,0,60900
fd00::20b:b:b:b,18,0,0,8,70654,2,1,60,12,504,100,-87,1,3,60,956,1,777,71610
fd00::20b:b:b:b,18,0,0,8,80779,3,2,60,12,514,100,-87,2,5,60,281,1,502,81060
fd00::20b:b:b:b,18,0,0,8,90900,4,3,60,12,384,100,-87,3,7,60,1150,1,857,92050
fd00::20b:b:b:b,18,0,0,8,101023,5,4,60,12,534,100,-87,4,9,60,1317,1,757,102340
fd00::20b:b:b:b,18,0,0,8,111146,6,5,60,12,684,100,-87,5,11,60,294,1,447,111440
fd00::20b:b:b:b,18,0,0,8,121271,7,6,60,12,904,100,-87,6,13,60,1999,1,1117,123270
fd00::20b:b:b:b,18,0,0,8,131392,8,7,60,12,984,100,-87,7,15,60,1398,1,912,132790
fd00::20b:b:b:b,18,0,0,8,141515,9,8,60,12,784,100,-87,8,17,60,4015,1,2247,145530
fd00::20b:b:b:b,18,0,0,8,151638,10,9,60,12,514,100,-87,9,19,60,5792,1,1062,157430
fd00::20b:b:b:b,18,0,0,8,161761,11,10,60,12,454,100,-87,10,21,60,2179,1,1137,163940
fd00::20b:b:b:b,18,0,0,8,171884,12,11,60,12,1304,100,-87,11,23,60,1576,1,1667,173460
fd00::20b:b:b:b,18,0,0,8,182007,13,12,60,12,616,100,-87,12,25,60,763,1,588,182770
fd00::20b:b:b:b,18,0,0,8,192130,14,13,60,12,1534,100,-87,13,27,60,1560,1,1432,193690
fd00::20b:b:b:b,18,0,0,8,202253,15,14,60,12,2035,100,-87,15,29,60,9077,1,5567,211330
fd00::20b:b:b:b,18,0,0,8,212376,16,14,60,12,2035,100,-87,15,30,60,6934,2,5567,219310
fd00::20b:b:b:b,18,0,0,8,222501,17,15,60,12,4214,100,-87,16,32,60,309,2,4802,222810
fd00::20b:b:b:b,18,0,0,8,232622,18,16,60,12,10315,100,-87,17,34,60,3488,2,7012,236110
fd00::20b:b:b:b,18,0,0,8,242747,19,16,60,12,10315,100,-87,18,35,60,5333,2,7012,248080
fd00::20b:b:b:b,18,0,0,8,252868,20,18,60,12,8865,100,-87,19,38,60,4662,2,7477,257530
fd00::20b:b:b:b,18,0,0,8,262990,21,20,60,12,2304,100,-87,20,41,60,5390,2,3182,268380
fd00::20b:b:b:b,18,0,0,8,283239,23,21,60,12,6655,100,-87,22,43,60,2081,2,4902,285320
fd00::20b:b:b:b,18,0,0,8,293359,24,23,60,12,2894,100,-87,24,46,60,10231,2,6767,303590
fd00::20b:b:b:b,455,0,1,1937,546437,25,40,60,12,1677,100,-87,48,48,60,473,1,908,546910
fd00::20b:b:b:b,18,0,0,8,556558,26,41,60,12,1264,100,-87,50,50,60,6942,1,842,563500
fd00::20b:b:b:b,18,0,0,9,566681,27,42,60,12,993,100,-87,50,52,60,459,1,2806,567140
fd00::20b:b:b:b,18,0,0,8,576806,28,43,60,12,1214,100,-87,51,54,60,344,1,677,577150
fd00::20b:b:b:b,18,0,0,8,586927,29,44,60,12,2134,100,-87,52,56,60,2683,1,2362,589610
fd00::20b:b:b:b,18,0,0,8,597049,30,45,60,12,4524,100,-87,53,58,60,2851,1,4922,599900
fd00::20b:b:b:b,18,0,1,7,607172,31,46,60,12,615,100,-87,54,60,60,988,1,727,608160
fd00::20b:b:b:b,18,0,0,8,617298,32,47,60,12,1324,100,-87,55,62,60,452,1,3812,617750
fd00::20b:b:b:b,18,0,0,8,627421,33,48,60,12,1825,100,-87,56,64,60,619,1,3957,628040
fd00::20b:b:b:b,18,0,0,8,637542,34,49,60,12,1554,100,-87,57,66,60,1348,1,2807,638890
fd00::20b:b:b:b,18,0,0,7,647665,35,50,60,12,1074,100,-87,58,68,60,395,1,2322,648060
fd00::20b:b:b:b,18,0,0,8,657791,36,51,60,12,2344,100,-87,59,70,60,559,1,3272,658350
fd00::20b:b:b:b,18,0,0,8,667913,37,52,60,12,465,100,-87,60,72,60,97,1,2367,668010
fd00::20b:b:b:b,18,0,0,8,678034,38,53,60,12,1524,100,-87,61,74,60,126,1,2617,678160
fd00::20b:b:b:b,18,0,0,8,688157,39,54,60,12,2164,100,-87,62,76,60,83,1,2762,688240
fd00::20b:b:b:b,18,0,0,8,698280,40,55,60,12,1544,100,-87,63,78,60,110,1,2697,698390
fd00::20b:b:b:b,18,0,0,8,708405,41,56,60,12,1557,100,-87,64,80,60,135,1,2178,708540
fd00::20b:b:b:b,18,0,0,8,718526,42,57,60,12,724,100,-87,65,82,60,234,1,4002,718760
fd00::20b:b:b:b,18,0,0,8,728648,43,58,60,12,1994,100,-87,66,84,60,122,1,1557,728770
fd00::20b:b:b:b,18,0,0,7,738772,44,59,60,12,1374,100,-87,67,86,60,78,1,2402,738850
fd00::20b:b:b:b,18,0,0,8,748894,45,60,60,12,1454,100,-87,68,88,60,176,1,3037,749070
fd00::20b:b:b:b,18,0,0,7,759018,46,61,60,12,1254,100,-87,69,90,60,132,1,1887,759150
fd00::20b:b:b:b,18,0,0,8,769140,47,62,60,12,774,100,-87,70,92,60,90,1,4202,769230
fd00::20b:b:b:b,18,0,0,7,779264,48,63,60,12,994,100,-87,71,94,60,116,1,1547,779380
fd00::20b:b:b:b,18,0,0,8,789391,49,64,60,12,1424,100,-87,72,96,60,279,1,3022,789670
fd00::20b:b:b:b,18,0,0,8,799510,50,65,60,12,524,100,-87,74,98,60,6610,1,2852,806120
fd00::20b:b:b:b,18,0,0,7,809633,51,66,60,12,1164,100,-87,75,100,60,2927,1,3102,812560
fd00::20b:b:b:b,18,0,0,8,819758,52,67,60,12,684,100,-87,76,102,60,2322,1,3597,822080
fd00::20b:b:b:b,18,0,0,8,829879,53,68,60,12,3004,100,-87,77,104,60,4521,1,4652,834400
fd00::20b:b:b:b,18,0,0,8,840001,54,69,60,12,1472,100,-87,78,106,60,5179,1,2766,845180
fd00::20b:b:b:b,18,0,0,8,850125,55,70,60,12,994,100,-87,79,108,60,1985,1,2667,852110
fd00::20b:b:b:b,18,0,0,7,860247,56,71,60,12,1704,100,-87,80,110,60,6213,1,1167,866460
fd00::20b:b:b:b,18,0,0,7,870373,57,72,60,12,1504,100,-87,81,112,60,2317,1,3272,872690
fd00::20b:b:b:b,18,0,0,7,880494,58,73,60,12,1724,100,-87,82,114,60,1576,1,1387,882070
fd00::20b:b:b:b,18,0,0,8,890617,59,74,60,12,964,100,-87,83,116,60,4053,1,1182,894670
fd00::20b:b:b:b,18,0,0,8,900740,60,76,60,12,704,100,-87,84,119,60,5340,1,3012,906080
fd00::20b:b:b:b,18,0,0,8,910863,61,77,60,12,714,100,-87,85,121,60,4317,1,2562,915180
fd00::20b:b:b:b,18,0,0,7,920986,62,78,60,12,514,100,-87,86,123,60,2314,1,1447,923300
fd00::20b:b:b:b,18,0,0,8,931109,63,79,60,12,664,100,-87,87,125,60,1991,1,1522,933100
fd00::20b:b:b:b,18,0,0,8,941232,64,80,60,12,1164,100,-87,88,127,60,2508,1,1842,943740
fd00::20b:b:b:b,18,0,0,8,951355,65,81,60,12,754,100,-87,89,129,60,225,1,482,951580
fd00::20b:b:b:b,18,0,0,8,961478,66,81,60,12,754,100,-87,90,130,60,882,1,482,962360
fd00::20b:b:b:b,18,0,0,8,971601,67,82,60,12,1604,100,-87,91,132,60,2589,1,1432,974190
fd00::20b:b:b:b,18,0,0,8,981723,68,84,60,12,854,100,-87,92,135,60,5137,1,3262,986860
fd00::20b:b:b:b,18,0,0,8,991846,69,85,60,12,1003,100,-87,93,137,60,5374,1,3441,997220
fd00::20b:b:b:b,18,0,0,8,1001969,70,86,60,12,384,100,-87,94,139,60,7711,1,4812,1009680
fd00::20b:b:b:b,18,0,0,8,1012095,71,86,60,12,384,100,-87,97,140,60,23905,1,4812,1036000
fd00::20b:b:b:b,2350,0,22,5259,2317960,72,130,60,12,6175,100,-87,225,143,60,90,1,3437,2318050
fd00::20b:b:b:b,18,0,0,7,2328083,73,131,60,12,3664,100,-87,226,145,60,117,1,3372,2328200
fd00::20b:b:b:b,18,0,0,7,2338208,74,132,60,12,594,100,-87,228,147,60,9802,1,4392,2348010
fd00::20b:b:b:b,18,0,0,9,2348329,75,133,60,12,2004,100,-87,228,149,60,941,1,4292,2349270
fd00::20b:b:b:b,18,0,0,8,2358450,76,134,60,12,1174,100,-87,229,151,60,130,1,1882,2358580
fd00::20b:b:b:b,18,0,0,8,2368573,77,135,60,12,974,100,-87,230,153,60,87,1,2832,2368660
fd00::20b:b:b:b,18,0,0,8,2378697,78,136,60,12,1264,100,-87,231,155,60,113,1,3432,2378810
fd00::20b:b:b:b,18,0,0,8,2388821,79,137,60,12,854,100,-87,232,156,60,419,1,3432,2389240
fd00::20b:b:b:b,18,0,0,8,2398944,80,138,60,12,1773,100,-87,233,158,60,306,1,3056,2399250
fd00::20b:b:b:b,18,0,0,8,2409066,81,139,60,12,734,100,-87,234,160,60,404,1,4042,2409470
fd00::20b:b:b:b,18,0,0,8,2419189,82,140,60,12,1794,100,-87,236,162,60,5261,1,3032,2424450
fd00::20b:b:b:b,18,0,0,8,2429312,83,141,60,12,1666,100,-87,236,164,60,318,1,2758,2429630
fd00::20b:b:b:b,18,0,0,8,2439436,84,142,60,12,2304,100,-87,237,166,60,134,1,3987,2439570
fd00::20b:b:b:b,18,0,0,8,2449558,85,143,60,12,1054,100,-87,238,168,60,162,1,4342,2449720
fd00::20b:b:b:b,18,0,0,8,2459681,86,144,60,12,1623,100,-87,239,170,60,119,1,1966,2459800
fd00::20b:b:b:b,18,0,0,8,2469804,87,145,60,12,724,100,-87,241,172,60,2806,1,3617,2472610
fd00::20b:b:b:b,18,0,0,8,2479927,88,146,60,12,1014,100,-87,242,174,60,8223,1,1452,2488150
fd00::20b:b:b:b,18,0,0,8,2490050,89,147,60,12,2074,100,-87,243,176,60,3280,1,6427,2493330
fd00::20b:b:b:b,18,0,0,8,2500174,90,148,60,12,6355,100,-87,244,178,60,3516,1,6817,2503690
fd00::20b:b:b:b,18,0,0,8,2510296,91,149,60,12,6785,100,-87,245,180,60,1374,1,4057,2511670
fd00::20b:b:b:b,18,0,0,8,2520419,92,150,60,12,6937,100,-87,246,182,60,841,1,5603,2521260
fd00::20b:b:b:b,18,0,0,8,2530543,93,151,60,12,9954,100,-87,247,184,60,5137,1,5292,2535680
fd00::20b:b:b:b,18,0,0,8,2540666,94,152,60,12,8146,100,-87,248,186,60,1594,1,4913,2542260
fd00::20b:b:b:b,18,0,0,8,2550791,95,153,60,12,5074,100,-87,249,188,60,1409,1,3552,2552200
fd00::20b:b:b:b,18,0,0,8,2560912,96,154,60,12,9564,100,-87,250,190,60,318,1,5202,2561230
fd00::20b:b:b:b,18,0,0,8,2571037,97,155,60,12,5094,100,-87,251,192,60,3773,1,2617,2574810
fd00::20b:b:b:b,18,0,0,8,2581156,98,156,60,12,1744,100,-87,252,194,60,2334,1,2447,2583490
fd00::20b:b:b:b,18,0,0,8,2591283,99,156,60,12,1744,100,-87,253,195,60,7397,1,2447,2598680
fd00::20b:b:b:b,145,0,4,67,2672265,100,166,60,12,1004,100,-87,261,200,60,6215,1,4142,2678480
fd00::20b:b:b:b,346,0,6,1034,2874725,102,182,60,12,2105,100,-87,282,202,60,6335,1,3012,2881060
fd00::20b:b:b:b,18,0,0,8,2884847,103,184,60,12,515,100,-87,282,205,60,2793,1,1097,2887640
fd00::20b:b:b:b,18,0,0,8,2894971,104,185,60,12,3605,100,-87,283,207,60,3729,1,3342,2898700
fd00::20b:b:b:b,18,0,0,8,2905096,105,186,60,12,3544,100,-87,284,209,60,324,1,1982,2905420
fd00::20b:b:b:b,18,0,0,8,2915218,106,187,60,12,1316,100,-87,285,211,60,2662,1,728,2917880
fd00::20b:b:b:b,18,0,0,8,2925340,107,188,60,12,1604,100,-87,286,213,60,2760,1,4022,2928100
fd00::20b:b:b:b,18,0,0,8,2935463,108,189,60,12,1614,100,-87,287,215,60,1457,1,1542,2936920
fd00::20b:b:b:b,18,0,0,8,2945585,109,190,60,12,1067,100,-87,288,217,60,995,1,2913,2946580
fd00::20b:b:b:b,18,0,0,8,2955709,110,191,60,12,3383,100,-87,289,219,60,111,1,2111,2955820
fd00::20b:b:b:b,18,0,0,8,2965832,111,192,60,12,5215,100,-87,290,221,60,558,1,2852,2966390
fd00::20b:b:b:b,18,0,0,8,2975954,112,192,60,12,5215,100,-87,291,222,60,1146,1,2852,2977100
fd00::20b:b:b:b,18,0,0,8,2986080,113,193,60,12,7394,100,-87,292,224,60,120,1,3977,2986200
fd00::20b:b:b:b,18,0,0,8,2996203,114,194,60,12,7753,100,-87,294,226,60,4697,1,5836,3000900
fd00::20b:b:b:b,18,0,0,8,3006324,115,196,60,12,1544,100,-87,295,229,60,7176,1,982,3013500
fd00::20b:b:b:b,18,0,0,8,3016449,116,197,60,12,1275,100,-87,295,231,60,271,1,1967,3016720
fd00::20b:b:b:b,18,0,0,8,3026572,117,198,60,12,794,100,-87,296,233,60,88,1,1902,3026660
fd00::20b:b:b:b,18,0,0,8,3036695,118,199,60,12,1995,100,-87,297,235,60,395,1,1067,3037090
fd00::20b:b:b:b,18,0,0,8,3046818,119,200,60,12,745,100,-87,298,237,60,1052,1,2122,3047870
fd00::20b:b:b:b,18,0,0,8,3056941,120,201,60,12,4044,100,-87,299,239,60,939,1,2407,3057880
fd00::20b:b:b:b,18,0,0,7,3067062,121,202,60,12,6295,100,-87,300,241,60,128,1,3532,3067190
fd00::20b:b:b:b,18,0,1,7,3077184,122,203,60,12,4416,100,-87,301,243,60,1206,1,4133,3078390
fd00::20b:b:b:b,18,0,0,8,3087310,123,204,60,12,994,100,-87,302,245,60,670,1,1372,3087980
fd00::20b:b:b:b,18,0,0,7,3097430,124,205,60,12,724,100,-87,303,247,60,140,1,2532,3097570
fd00::20b:b:b:b,18,0,0,7,3107553,125,206,60,12,1574,100,-87,305,249,60,5837,1,4567,3113390
fd00::20b:b:b:b,18,0,0,8,3117679,126,207,60,12,1094,100,-87,305,251,60,2151,1,2087,3119830
fd00::20b:b:b:b,18,0,0,8,3127802,127,208,60,12,1104,100,-87,306,253,60,78,1,622,3127880
fd00::20b:b:b:b,18,0,0,8,3137925,128,208,60,12,1104,100,-87,307,254,60,525,1,622,3138450
fd00::20b:b:b:b,36,0,1,15,3168292,130,211,60,12,6384,100,-87,310,258,60,958,1,3262,3169250
fd00::20b:b:b:b,18,0,0,8,3178417,131,212,60,12,11504,100,-87,311,260,60,143,1,6242,3178560
fd00::20b:b:b:b,18,0,0,8,3188540,132,214,60,12,5924,100,-87,312,263,60,380,1,3032,3188920
fd00::20b:b:b:b,18,0,1,8,3198660,133,215,60,12,3975,100,-87,313,265,60,270,1,3002,3198930
fd00::20b:b:b:b,18,0,0,8,3208786,134,216,60,12,694,100,-87,314,267,60,84,1,557,3208870
fd00::20b:b:b:b,18,0,0,8,3218909,135,217,60,12,2104,100,-87,315,269,60,111,1,1192,3219020
fd00::20b:b:b:b,18,0,0,8,3229032,136,218,60,12,1064,100,-87,316,271,60,418,1,602,3229450
fd00::20b:b:b:b,18,0,1,7,3239155,137,219,60,12,584,100,-87,317,273,60,95,1,1342,3239250
fd00::20b:b:b:b,18,0,0,8,3249278,138,220,60,12,1154,100,-87,318,275,60,122,1,752,3249400
fd00::20b:b:b:b,18,0,0,8,3259401,139,221,60,12,1094,100,-87,319,277,60,79,1,617,3259480
fd00::20b:b:b:b,18,0,0,8,3269524,140,222,60,12,614,100,-87,320,279,60,106,1,867,3269630
fd00::20b:b:b:b,18,0,0,7,3279647,141,223,60,12,694,100,-87,322,281,60,973,1,1572,3280620
fd00::20b:b:b:b,18,0,0,8,3289770,142,224,60,12,1264,100,-87,322,283,60,90,1,702,3289860
fd00::20b:b:b:b,18,0,0,8,3299893,143,225,60,12,1414,100,-87,324,285,60,1027,1,777,3300920
fd00::20b:b:b:b,18,0,1,7,3310016,144,226,60,12,3944,100,-87,325,287,60,774,1,2112,3310790
fd00::20b:b:b:b,18,0,0,8,3320139,145,227,60,12,2064,100,-87,326,289,60,381,1,1207,3320520
fd00::20b:b:b:b,18,0,0,8,3330262,146,228,60,12,4314,100,-87,327,291,60,898,1,2507,3331160
fd00::20b:b:b:b,18,0,0,8,3340385,147,229,60,12,1876,100,-87,328,293,60,3025,1,1008,3343410
fd00::20b:b:b:b,18,0,0,7,3350508,148,230,60,12,1884,100,-87,329,295,60,1722,1,1852,3352230
fd00::20b:b:b:b,18,0,0,8,3360631,149,231,60,12,774,100,-87,330,297,60,3709,1,1192,3364340
fd00::20b:b:b:b,18,0,0,8,3370754,150,232,60,12,2954,100,-87,331,299,60,3036,1,2317,3373790
fd00::20b:b:b:b,18,0,0,8,3380877,151,233,60,12,1146,100,-87,332,301,60,1173,1,1938,3382050
fd00::20b:b:b:b,18,0,1,8,3391000,152,234,60,12,1014,100,-87,333,303,60,3440,1,1242,3394440
fd00::20b:b:b:b,18,0,0,8,3401123,153,235,60,12,2634,100,-87,334,305,60,527,1,2647,3401650
fd00::20b:b:b:b,18,0,0,8,3411244,154,237,60,12,904,100,-87,335,308,60,5736,1,592,3416980
fd00::20b:b:b:b,18,0,0,8,3421369,155,237,60,12,904,100,-87,336,309,60,6041,1,592,3427410
fd00::20b:b:b:b,18,0,0,8,3431490,156,239,60,12,994,100,-87,338,312,60,13000,1,7147,3444490
fd00::20b:b:b:b,18,0,0,7,3441613,157,240,60,12,934,100,-87,338,314,60,3927,1,2427,3445540
fd00::20b:b:b:b,18,0,0,8,3451736,158,241,60,12,1363,100,-87,339,316,60,5144,1,2326,3456880
fd00::20b:b:b:b,18,0,0,8,3461861,159,242,60,12,744,100,-87,340,318,60,1879,1,1842,3463740
fd00::20b:b:b:b,18,0,0,8,3471982,160,243,60,12,1174,100,-87,342,320,60,8348,1,5137,3480330
fd00::20b:b:b:b,18,0,0,8,3482105,161,244,60,12,1605,100,-87,342,322,60,5155,1,3392,3487260
fd00::20b:b:b:b,18,0,0,8,3492231,162,245,60,12,914,100,-87,343,324,60,5389,1,3572,3497620
fd00::20b:b:b:b,18,0,0,8,3502351,163,246,60,12,1764,100,-87,344,326,60,6469,1,1057,3508820
fd00::20b:b:b:b,18,0,0,8,3512476,164,246,60,12,1764,100,-87,345,327,60,124,1,1057,3512600
fd00::20b:b:b:b,18,0,0,8,3522599,165,247,60,12,3104,100,-87,346,329,60,5261,1,2987,3527860
fd00::20b:b:b:b,18,0,0,8,3532722,166,248,60,12,3254,100,-87,347,331,60,598,1,3972,3533320
fd00::20c:c:c:c,58,0,0,385,32696,1,0,60,0,0,0,0,0,1,60,344,1,0,33040
fd00::20c:c:c:c,19,0,0,8,43529,2,1,60,12,544,100,-85,1,3,60,361,1,342,43890
fd00::20c:c:c:c,19,0,0,8,54362,3,2,60,12,274,100,-85,2,5,60,98,1,1082,54460
fd00::20c:c:c:c,19,0,0,8,65197,4,3,60,12,494,100,-85,3,7,60,113,1,527,65310
fd00::20c:c:c:c,19,0,0,9,76028,5,4,60,12,434,100,-85,4,9,60,132,1,707,76160
fd00::20c:c:c:c,19,0,0,8,86863,6,5,60,12,444,100,-85,5,11,60,287,1,747,87150
fd00::20c:c:c:c,19,0,0,8,97694,7,6,60,12,454,100,-85,6,13,60,96,1,1767,97790
fd00::20c:c:c:c,19,0,0,8,108527,8,7,60,12,324,100,-85,7,15,60,113,1,2122,108640
fd00::20c:c:c:c,19,0,0,9,119360,9,8,60,12,404,100,-85,8,17,60,130,1,2162,119490
fd00::20c:c:c:c,19,0,0,9,130195,10,9,60,12,274,100,-85,10,19,60,4905,1,1747,135100
fd00::20c:c:c:c,19,0,0,9,141026,11,11,60,12,644,100,-85,11,22,60,7794,1,4312,148820
fd00::20c:c:c:c,19,0,0,9,151859,12,12,60,12,584,100,-85,12,24,60,7811,1,4807,159670
fd00::20c:c:c:c,682,0,4,330,552682,15,47,60,12,3077,100,-85,52,27,60,388,1,2343,553070
fd00::20c:c:c:c,19,0,0,8,563513,16,49,60,12,573,100,-85,53,30,60,337,1,1441,563850
fd00::20c:c:c:c,19,0,0,8,574348,17,49,60,12,573,100,-85,54,31,60,772,1,1441,575120
fd00::20c:c:c:c,19,0,0,9,585179,18,50,60,12,9544,100,-85,55,33,60,3801,1,4842,588980
fd00::20c:c:c:c,19,0,0,9,596012,19,51,60,12,13614,100,-85,56,35,60,2418,1,8592,598430
fd00::20c:c:c:c,19,0,0,9,606844,20,51,60,12,13614,100,-85,58,36,60,9646,1,8592,616490
fd00::20c:c:c:c,350,0,7,442,801839,21,72,60,12,1304,100,-85,77,39,60,5961,1,3732,807800
fd00::20c:c:c:c,19,0,0,9,812671,22,72,60,12,1304,100,-85,78,40,60,3179,1,3732,815850
fd00::20c:c:c:c,19,0,0,9,823505,23,74,60,12,2794,100,-85,79,43,60,5365,1,4407,828870
fd00::20c:c:c:c,19,0,0,9,834338,24,75,60,12,772,100,-85,80,45,60,552,1,946,834890
fd00::20c:c:c:c,19,0,0,9,845171,25,76,60,12,644,100,-85,81,47,60,359,1,2352,845530
fd00::20c:c:c:c,19,0,0,8,856003,26,77,60,12,794,100,-85,82,49,60,97,1,1797,856100
fd00::20c:c:c:c,19,0,0,8,866837,27,78,60,12,2764,100,-85,83,51,60,883,1,2047,867720
fd00::20c:c:c:c,19,0,0,8,877670,28,79,60,12,394,100,-85,84,53,60,1320,1,1667,878990
fd00::20c:c:c:c,19,0,0,8,888502,29,80,60,12,1104,100,-85,85,55,60,358,1,2617,888860
fd00::20c:c:c:c,19,0,0,8,899335,30,81,60,12,483,100,-85,87,57,60,3735,1,1501,903070
fd00::20c:c:c:c,19,0,1,8,910169,31,82,60,12,1544,100,-85,88,59,60,7811,1,4587,917980
fd00::20c:c:c:c,19,0,0,8,921001,32,83,60,12,574,100,-85,89,61,60,3139,1,4032,924140
fd00::20c:c:c:c,19,0,0,8,931835,33,85,60,12,524,100,-85,90,63,60,7285,1,2217,939120
fd00::20c:c:c:c,4387,0,14,3049,3369262,34,137,60,12,9514,100,-85,333,64,60,118,1,2217,3369380
fd00::20c:c:c:c,19,0,0,8,3380095,35,138,60,12,376,100,-85,335,65,60,1115,1,2217,3381210
fd00::20c:c:c:c,19,0,0,8,3390926,36,140,60,12,674,100,-85,336,68,60,4774,1,1667,3395700
fd00::20c:c:c:c,19,0,0,8,3401759,37,141,60,12,334,100,-85,337,70,60,871,1,867,3402630
fd00::20c:c:c:c,19,0,0,8,3412594,38,142,60,12,694,100,-85,338,72,60,4036,1,3182,3416630
fd00::20c:c:c:c,19,0,0,8,3423424,39,143,60,12,1124,100,-85,339,74,60,2446,1,2907,3425870
fd00::20c:c:c:c,19,0,0,8,3434258,40,144,60,12,714,100,-85,340,76,60,2882,1,2982,3437140
fd00::20c:c:c:c,19,0,0,9,3445090,41,145,60,12,514,100,-85,341,78,60,800,1,1307,3445890
fd00::20c:c:c:c,19,0,0,8,3455924,42,146,60,12,313,100,-85,342,79,60,2076,2,1307,3458000
fd00::20d:d:d:d,163,0,0,1267,91504,1,0,60,0,0,0,0,0,1,60,406,1,0,91910
fd00::20d:d:d:d,18,0,0,8,101616,2,1,60,12,534,100,-87,1,3,60,1844,1,827,103460
fd00::20d:d:d:d,18,0,0,8,111730,3,2,60,12,614,100,-87,2,5,60,2650,1,2127,114380
fd00::20d:d:d:d,18,0,0,8,121843,4,3,60,12,1254,100,-87,3,7,60,1357,1,1572,123200
fd00::20d:d:d:d,18,0,0,8,131956,5,4,60,12,1054,100,-87,4,9,60,3354,1,2592,135310
fd00::20d:d:d:d,18,0,0,8,142068,6,5,60,12,1134,100,-87,5,11,60,6822,1,4242,148890
fd00::20d:d:d:d,18,0,1,8,152181,7,6,60,12,1144,100,-87,6,13,60,7209,1,1972,159390
fd00::20d:d:d:d,18,0,1,8,162295,8,7,60,12,1784,100,-87,7,15,60,5705,1,3902,168000
fd00::20d:d:d:d,18,0,1,7,172409,9,7,60,12,1784,100,-87,8,16,60,6791,1,3902,179200
fd00::20d:d:d:d,18,0,1,7,182520,10,8,60,12,2634,100,-87,9,18,60,3960,1,4887,186480
fd00::20d:d:d:d,18,0,1,8,192633,11,9,60,12,9296,100,-87,10,20,60,5677,1,6503,198310
fd00::20d:d:d:d,18,0,2,7,202746,12,10,60,12,7834,100,-87,11,22,60,5994,1,8292,208740
fd00::20d:d:d:d,18,0,1,8,212859,13,11,60,12,7285,100,-87,13,24,60,11631,1,8157,224490
fd00::20d:d:d:d,18,0,2,7,222973,14,12,60,12,10234,100,-87,16,27,60,28187,3,8762,251160
fd00::20d:d:d:d,145,0,14,61,303876,15,21,60,12,1365,100,-87,21,33,60,3774,1,752,307650
fd00::20d:d:d:d,18,0,1,7,313989,16,22,60,12,954,100,-87,22,35,60,1711,1,2787,315700
fd00::20d:d:d:d,18,0,0,7,324102,17,23,60,12,544,100,-87,23,37,60,558,1,2232,324660
fd00::20d:d:d:d,18,0,1,7,334215,18,24,60,12,694,100,-87,24,39,60,1085,1,2027,335300
fd00::20d:d:d:d,18,0,0,8,344328,19,25,60,12,2034,100,-87,25,41,60,142,1,1087,344470
fd00::20d:d:d:d,18,0,1,7,354441,20,26,60,12,574,100,-87,26,43,60,1439,1,2247,355880
fd00::20d:d:d:d,18,0,1,7,364554,21,27,60,12,654,100,-87,27,45,60,1266,1,397,365820
fd00::20d:d:d:d,18,0,0,7,374668,22,28,60,12,734,100,-87,28,47,60,112,1,2187,374780
fd00::20d:d:d:d,18,0,0,8,384781,23,29,60,12,674,100,-87,29,49,60,79,1,1912,384860
fd00::20d:d:d:d,18,0,0,8,394893,24,30,60,12,1034,100,-87,30,51,60,1447,1,2967,396340
fd00::20d:d:d:d,18,0,0,8,405006,25,31,60,12,694,100,-87,31,53,60,84,1,1432,405090
fd00::20d:d:d:d,18,0,0,7,415118,26,32,60,12,634,100,-87,32,55,60,3342,1,3642,418460
fd00::20d:d:d:d,18,0,0,8,425231,27,33,60,12,644,100,-87,33,57,60,509,1,2072,425740
fd00::20d:d:d:d,18,0,0,8,435344,28,34,60,12,934,100,-87,34,59,60,1176,1,2987,436520
fd00::20d:d:d:d,18,0,0,8,445461,29,35,60,12,664,100,-87,35,61,60,1699,1,2712,447160
fd00::20d:d:d:d,18,0,1,8,455571,30,36,60,12,534,100,-87,36,63,60,2719,1,1982,458290
fd00::20d:d:d:d,18,0,1,7,465683,31,37,60,12,1314,100,-87,37,65,60,1567,1,3352,467250
fd00::20d:d:d:d,18,0,1,7,475796,32,38,60,12,834,100,-87,38,67,60,134,1,2517,475930
fd00::20d:d:d:d,18,0,0,8,485911,33,39,60,12,845,100,-87,39,69,60,99,1,1577,486010
fd00::20d:d:d:d,18,0,0,8,496023,34,40,60,12,714,100,-87,40,71,60,137,1,2842,496160
fd00::20d:d:d:d,18,0,0,8,506136,35,41,60,12,1074,100,-87,41,73,60,104,1,1482,506240
fd00::20d:d:d:d,18,0,1,8,516250,36,42,60,12,1855,100,-87,42,75,60,2380,1,4007,518630
fd00::20d:d:d:d,18,0,1,7,526363,37,43,60,12,2843,100,-87,43,77,60,3047,1,1666,529410
fd00::20d:d:d:d,18,0,1,7,536474,38,44,60,12,894,100,-87,44,78,60,3506,1,1666,539980
fd00::20d:d:d:d,18,0,0,8,546588,39,45,60,12,4057,100,-87,46,80,60,5152,1,3638,551740
fd00::20d:d:d:d,18,0,1,7,556702,40,46,60,12,4554,100,-87,47,82,60,13098,1,6302,569800
fd00::20d:d:d:d,18,0,1,8,566813,41,46,60,12,4554,100,-87,48,83,60,11527,1,6302,578340
fd00::20d:d:d:d,18,0,1,7,576927,42,47,60,12,6943,100,-87,49,84,60,12123,1,6302,589050
fd00::20d:d:d:d,327,0,15,146,758962,43,66,60,12,554,100,-87,66,89,60,118,1,2552,759080
fd00::20d:d:d:d,18,0,0,8,769075,44,67,60,12,2944,100,-87,67,91,60,85,1,3677,769160
fd00::20d:d:d:d,18,0,1,8,779188,45,68,60,12,294,100,-87,68,93,60,612,1,2527,779800
fd00::20d:d:d:d,18,0,1,7,789299,46,69,60,12,1914,100,-87,70,95,60,5341,1,2217,794640
fd00::20d:d:d:d,18,0,0,8,799414,47,70,60,12,2064,100,-87,71,97,60,8456,1,3132,807870
fd00::20d:d:d:d,18,0,1,7,809527,48,71,60,12,4034,100,-87,72,99,60,6183,1,4257,815710
fd00::20d:d:d:d,18,0,0,8,819639,49,72,60,12,5514,100,-87,73,101,60,8251,1,4892,827890
fd00::20d:d:d:d,18,0,1,7,829752,50,73,60,12,3214,100,-87,74,103,60,6048,1,4337,835800
fd00::20d:d:d:d,18,0,1,7,839864,51,74,60,12,3292,100,-87,75,105,60,2796,1,2976,842660
fd00::20d:d:d:d,18,0,1,8,849981,52,75,60,12,1064,100,-87,76,107,60,3529,1,2177,853510
fd00::20d:d:d:d,18,0,1,7,860090,53,76,60,12,2964,100,-87,77,109,60,980,1,3267,861070
fd00::20d:d:d:d,18,0,0,8,870204,54,77,60,12,4934,100,-87,78,111,60,1996,1,2537,872200
fd00::20d:d:d:d,18,0,1,7,880320,55,78,60,12,674,100,-87,79,113,60,6580,1,1562,886900
fd00::20d:d:d:d,18,0,1,7,890431,56,79,60,12,2784,100,-87,80,115,60,2489,1,3597,892920
fd00::20d:d:d:d,18,0,1,7,900544,57,80,60,12,3143,100,-87,81,117,60,776,1,1676,901320
fd00::20d:d:d:d,18,0,1,7,910656,58,81,60,12,1684,100,-87,82,119,60,7044,1,2277,917700
fd00::20d:d:d:d,18,0,1,7,920770,59,82,60,12,2534,100,-87,83,121,60,3510,1,3927,924280
fd00::20d:d:d:d,18,0,1,8,930881,60,83,60,12,3804,100,-87,84,123,60,4109,1,2252,934990
fd00::20d:d:d:d,18,0,1,7,940994,61,84,60,12,1294,100,-87,85,125,60,576,1,2642,941570
fd00::20d:d:d:d,18,0,1,7,951109,62,85,60,12,1864,100,-87,86,127,60,1731,1,1282,952840
fd00::20d:d:d:d,18,0,1,7,961221,63,86,60,12,3904,100,-87,87,129,60,1209,1,2022,962430
fd00::20d:d:d:d,18,0,1,7,971333,64,88,60,12,844,100,-87,89,132,60,14477,1,6512,985810
fd00::20d:d:d:d,4332,0,572,3767,3398455,67,276,60,12,3867,100,-87,330,133,60,115,1,6512,3398570
fd00::20d:d:d:d,18,0,0,8,3408568,68,277,60,12,964,100,-87,331,135,60,82,1,1287,3408650
fd00::20d:d:d:d,18,0,0,8,3418681,69,278,60,12,1394,100,-87,332,137,60,119,1,3252,3418800
fd00::20d:d:d:d,18,0,0,8,3428796,70,279,60,12,1824,100,-87,334,139,60,8764,1,7947,3437560
fd00::20d:d:d:d,18,0,1,7,3438906,71,280,60,12,784,100,-87,334,141,60,124,1,3822,3439030
fd00::20d:d:d:d,18,0,1,7,3449020,72,281,60,12,1074,100,-87,336,142,60,3450,1,3822,3452470
fd00::20d:d:d:d,18,0,1,8,3459133,73,282,60,12,1433,100,-87,337,144,60,4047,1,3131,3463180
fd00::20d:d:d:d,18,0,1,8,3469246,74,283,60,12,8934,100,-87,338,146,60,6954,1,7092,3476200
fd00::20d:d:d:d,18,0,1,7,3479358,75,284,60,12,7194,100,-87,340,148,60,17072,1,12172,3496430
fd00::20d:d:d:d,18,0,1,7,3489472,76,285,60,12,4265,100,-87,342,150,60,24038,1,9692,3513510
fd00::20d:d:d:d,18,0,2,7,3499583,77,286,60,12,914,100,-87,342,151,60,13997,1,9692,3513580
fd00::20d:d:d:d,18,0,2,7,3509697,78,287,60,12,854,100,-87,343,154,60,12563,1,13407,3522260
fd00::20d:d:d:d,36,0,2,16,3529924,79,289,60,12,4584,100,-87,344,157,60,2836,1,3622,3532760
fd00::20d:d:d:d,18,0,1,7,3540037,80,290,60,12,6977,100,-87,345,159,60,4343,1,6428,3544380
fd00::20d:d:d:d,18,0,1,8,3550148,81,291,60,12,966,100,-87,346,161,60,3262,1,2303,3553410
fd00::20d:d:d:d,18,0,1,7,3560265,82,292,60,12,1394,100,-87,347,163,60,5675,1,1957,3565940
fd00::20d:d:d:d,18,0,0,8,3570374,83,293,60,12,914,100,-87,348,165,60,5016,1,3047,3575390
fd00::20d:d:d:d,18,0,1,7,3580488,84,294,60,12,784,100,-87,349,167,60,4982,1,2737,3585470
fd00::20d:d:d:d,18,0,1,7,3590600,85,295,60,12,794,100,-87,350,169,60,3130,1,2917,3593730
fd00::20e:e:e:e,174,0,1,956,96920,1,0,60,0,0,0,0,0,1,60,170,2,0,97090
fd00::20e:e:e:e,19,0,0,8,107683,2,1,60,12,3684,100,-37,1,3,60,187,2,1947,107870
fd00::20e:e:e:e,19,0,1,8,139974,5,2,60,12,3344,100,-88,5,5,60,6536,1,1812,146510
fd00::20e:e:e:e,19,0,0,8,150735,6,2,60,12,3344,100,-88,6,6,60,3475,1,1812,154210
fd00::20e:e:e:e,77,0,1,36,193787,7,4,60,12,732,100,-78,11,8,60,11103,3,3092,204890
fd00::20e:e:e:e,2131,0,12,2186,1668318,12,55,60,12,1955,100,-79,157,13,60,552,1,2447,1668870
fd00::20e:e:e:e,77,0,1,35,1722132,14,55,60,12,1955,100,-79,163,14,60,1968,2,2447,1724100
fd00::20f:f:f:f,18,0,0,8,147414,2,0,60,0,0,0,0,0,1,60,11626,3,0,159040
fd00::20f:f:f:f,2993,0,4,3452,1810364,3,25,60,12,8117,100,-93,166,4,60,6346,3,6578,1816710
fd00::20f:f:f:f,18,0,0,8,1820890,4,26,60,12,10784,100,-80,167,6,60,8840,3,9837,1829730
fd00::20f:f:f:f,18,0,0,8,1831415,5,27,60,12,11076,100,-53,169,8,60,14485,3,12923,1845900
fd00::20f:f:f:f,18,0,0,10,1841940,6,27,60,12,11076,100,-53,169,9,60,5920,3,12923,1847860
fd00::20f:f:f:f,18,0,0,8,1862990,8,28,60,12,13327,100,-65,172,11,60,14620,3,9008,1877610
fd00::20f:f:f:f,18,0,0,8,1884040,10,29,60,12,12165,100,-93,173,12,60,3580,4,9008,1887620
fd00::20f:f:f:f,18,0,1,8,1894564,11,30,60,12,19876,100,-93,174,14,60,3696,4,13963,1898260
fd00::20f:f:f:f,341,0,4,162,2084015,12,51,60,12,3914,100,-55,194,19,60,14515,4,8922,2098530
fd00::20f:f:f:f,18,0,0,9,2094540,13,52,60,12,3923,100,-55,195,21,60,13160,5,8471,2107700
fd00::20f:f:f:f,18,0,0,9,2105065,14,53,60,12,3097,100,-55,197,23,60,22585,5,13728,2127650
fd00::20f:f:f:f,18,0,0,9,2115590,15,54,60,12,2194,100,-55,198,25,60,20250,5,10162,2135840
fd00::20f:f:f:f,18,0,0,9,2136640,17,55,60,12,15085,100,-55,202,27,60,38750,7,19302,2175390
fd00::210:10:10:10,252,0,0,2399,140538,1,0,60,0,0,0,0,0,1,60,7862,2,0,148400
fd00::210:10:10:10,18,0,1,8,170639,4,0,60,0,0,0,0,3,2,60,4151,1,0,174790
fd00::210:10:10:10,18,0,1,7,180672,5,1,60,12,5854,100,-78,4,4,60,348,1,4327,181020
fd00::210:10:10:10,523,0,7,1801,491695,8,3,60,12,10754,100,-42,35,5,60,4115,1,4327,495810
fd00::210:10:10:10,18,0,0,7,501726,9,4,60,12,3794,100,-55,36,7,60,1294,1,2947,503020
fd00::210:10:10:10,3322,0,19,1603,2357831,11,31,60,12,4674,100,-80,221,10,60,399,2,2687,2358230
fd00::210:10:10:10,18,0,0,8,2367864,12,32,60,12,6784,100,-51,222,12,60,236,2,3497,2368100
fd00::210:10:10:10,325,0,2,380,2568526,15,40,60,12,6004,100,-70,243,15,60,3764,2,3177,2572290
fd00::210:10:10:10,18,0,0,8,2578557,16,41,60,12,6504,100,-22,243,17,60,173,2,4092,2578730
fd00::210:10:10:10,541,0,2,2851,2899613,19,51,60,12,4585,100,-41,275,21,60,207,2,4322,2899820
fd00::210:10:10:10,325,0,1,1180,3110306,23,59,60,12,5564,100,-70,297,23,60,3784,2,6142,3114090
fd00::210:10:10:10,18,0,0,8,3120339,24,60,60,12,6064,100,-51,298,25,60,191,2,4852,3120530
fd00::211:11:11:11,331,0,2,2698,184371,1,0,60,0,0,0,0,0,1,60,3509,4,0,187880
fd00::211:11:11:11,18,0,0,8,194590,2,0,60,0,0,0,0,1,2,60,4770,4,0,199360
fd00::211:11:11:11,18,0,0,8,204812,3,1,60,12,12804,100,-93,3,4,60,10088,4,10182,214900
fd00::211:11:11:11,18,0,0,8,215032,4,2,60,12,14705,100,-87,5,6,60,16248,16,12882,231280
fd00::211:11:11:11,18,0,0,8,245692,7,5,60,12,4654,100,-66,10,10,60,42848,4,25807,288540
fd00::211:11:11:11,974,0,8,6931,787352,8,31,60,12,6674,100,-88,60,12,60,1478,3,4072,788830
fd00::211:11:11:11,73,0,1,33,838452,10,32,60,12,8332,100,-93,65,14,60,988,4,4341,839440
fd00::211:11:11:11,18,0,0,8,848674,11,33,60,12,3584,100,-93,66,16,60,286,4,3752,848960
fd00::211:11:11:11,18,0,0,8,858894,12,34,60,12,5064,100,-93,67,18,60,286,4,4212,859180
fd00::211:11:11:11,18,0,0,8,869110,13,34,60,12,5064,100,-93,69,19,60,9530,4,4212,878640
fd00::211:11:11:11,18,0,0,8,879332,14,36,60,12,9214,100,-81,70,22,60,7638,4,8422,886970
fd00::211:11:11:11,18,0,0,8,909991,17,38,60,12,5604,100,-60,73,24,60,7779,4,3887,917770
fd00::211:11:11:11,18,0,0,8,920212,18,39,60,12,9604,100,-93,74,26,60,3998,4,5607,924210
fd00::211:11:11:11,18,0,0,7,930432,19,40,60,12,6394,100,-93,75,28,60,4348,4,4072,934780
fd00::211:11:11:11,18,0,0,8,940652,20,41,60,12,4234,100,-93,76,30,60,708,4,3272,941360
fd00::211:11:11:11,18,0,0,8,950872,21,42,60,12,7184,100,-93,77,32,60,1898,4,4537,952770
fd00::211:11:11:11,18,0,0,8,961092,22,43,60,12,7544,100,-93,78,34,60,5468,4,4367,966560
fd00::212:12:12:12,18,0,0,8,200378,5,0,60,0,0,0,0,0,1,60,6402,3,0,206780
fd00::212:12:12:12,18,0,1,7,210928,6,0,60,0,0,0,0,1,2,60,6352,3,0,217280
fd00::213:13:13:13,19,0,0,8,131461,2,0,60,0,0,0,0,0,1,60,5179,1,0,136640
fd00::213:13:13:13,19,0,0,8,142386,3,1,60,12,1694,100,-76,1,3,60,6154,1,4032,148540
fd00::213:13:13:13,19,0,0,9,164241,5,1,60,12,1694,100,-76,3,4,60,4879,2,4032,169120
fd00::213:13:13:13,19,0,0,9,175170,6,2,60,12,3824,100,-30,5,6,60,11240,2,6217,186410
fd00::213:13:13:13,19,0,0,9,186100,7,2,60,12,3824,100,-30,5,7,60,1920,2,6217,188020
fd00::213:13:13:13,19,0,0,9,207954,9,4,60,12,10214,100,-30,8,10,60,10166,2,8782,218120
fd00::213:13:13:13,19,0,0,9,218882,10,5,60,12,12115,100,-30,9,12,60,7078,2,11657,225960
fd00::213:13:13:13,177,0,2,85,328162,12,15,60,12,1944,100,-29,19,14,60,208,2,2267,328370
fd00::213:13:13:13,314,0,1,637,513938,14,28,60,12,1985,100,-30,38,16,60,5252,3,1552,519190
fd00::213:13:13:13,19,0,0,9,524866,15,29,60,12,3893,100,-83,39,18,60,4474,3,3906,529340
fd00::213:13:13:13,19,0,0,9,535794,16,30,60,12,2014,100,-83,40,20,60,3836,3,4542,539630
fd00::213:13:13:13,688,0,4,846,961985,21,48,60,12,7806,100,-85,83,21,60,4715,3,4542,966700
fd00::213:13:13:13,19,0,0,9,3431714,25,55,60,12,2454,100,-30,330,23,60,6406,2,8542,3438120
fd00::213:13:13:13,19,0,0,8,3453570,27,56,60,12,2394,100,-77,333,26,60,10520,2,4041,3464090
fd00::213:13:13:13,19,0,0,8,3475425,29,58,60,12,10404,100,-30,336,27,60,17995,3,4041,3493420
fd00::213:13:13:13,19,0,0,8,3486356,30,58,60,12,10404,100,-30,337,28,60,19594,3,4041,3505950
fd00::213:13:13:13,177,0,0,87,3584706,31,63,60,12,2684,100,-83,345,30,60,3634,3,4072,3588340
fd00::213:13:13:13,19,0,0,9,3595634,32,64,60,12,2974,100,-83,346,32,60,1386,3,1977,3597020
