node,bin,bin_start_ms,bin_end_ms,rate_pkts_per_s,kind
fd00::202:2:2:2,20,20000,21000,0.0,server_sent
fd00::202:2:2:2,31,31000,32000,1.0,server_sent
fd00::202:2:2:2,42,42000,43000,1.0,server_sent
fd00::202:2:2:2,52,52000,53000,1.0,server_sent
fd00::202:2:2:2,63,63000,64000,1.0,server_sent
fd00::202:2:2:2,73,73000,74000,1.0,server_sent
fd00::202:2:2:2,84,84000,85000,1.0,server_sent
fd00::202:2:2:2,94,94000,95000,1.0,server_sent
fd00::202:2:2:2,105,105000,106000,1.0,server_sent
fd00::202:2:2:2,115,115000,116000,1.0,server_sent
fd00::202:2:2:2,126,126000,127000,1.0,server_sent
fd00::202:2:2:2,136,136000,137000,1.0,server_sent
fd00::202:2:2:2,147,147000,148000,1.0,server_sent
fd00::202:2:2:2,157,157000,158000,1.0,server_sent
fd00::202:2:2:2,168,168000,169000,1.0,server_sent
fd00::202:2:2:2,178,178000,179000,1.0,server_sent
fd00::202:2:2:2,189,189000,190000,1.0,server_sent
fd00::202:2:2:2,199,199000,200000,2.0,server_sent
fd00::202:2:2:2,213,213000,214000,1.0,server_sent
fd00::202:2:2:2,221,221000,222000,1.0,server_sent
fd00::202:2:2:2,231,231000,232000,1.0,server_sent
fd00::202:2:2:2,242,242000,243000,1.0,server_sent
fd00::202:2:2:2,252,252000,253000,1.0,server_sent
fd00::202:2:2:2,263,263000,264000,1.0,server_sent
fd00::202:2:2:2,273,273000,274000,1.0,server_sent
fd00::202:2:2:2,284,284000,285000,1.0,server_sent
fd00::202:2:2:2,294,294000,295000,1.0,server_sent
fd00::202:2:2:2,305,305000,306000,1.0,server_sent
fd00::202:2:2:2,315,315000,316000,1.0,server_sent
fd00::202:2:2:2,326,326000,327000,1.0,server_sent
fd00::202:2:2:2,336,336000,337000,1.0,server_sent
fd00::202:2:2:2,347,347000,348000,1.0,server_sent
fd00::202:2:2:2,357,357000,358000,1.0,server_sent
fd00::202:2:2:2,368,368000,369000,1.0,server_sent
fd00::202:2:2:2,378,378000,379000,1.0,server_sent
fd00::202:2:2:2,389,389000,390000,1.0,server_sent
fd00::202:2:2:2,401,401000,402000,2.0,server_sent
fd00::202:2:2:2,413,413000,414000,1.0,server_sent
fd00::202:2:2:2,421,421000,422000,1.0,server_sent
fd00::202:2:2:2,431,431000,432000,1.0,server_sent
fd00::202:2:2:2,442,442000,443000,1.0,server_sent
fd00::202:2:2:2,452,452000,453000,1.0,server_sent
fd00::202:2:2:2,463,463000,464000,1.0,server_sent
fd00::202:2:2:2,473,473000,474000,1.0,server_sent
fd00::202:2:2:2,484,484000,485000,1.0,server_sent
fd00::202:2:2:2,494,494000,495000,1.0,server_sent
fd00::202:2:2:2,505,505000,506000,1.0,server_sent
fd00::202:2:2:2,515,515000,516000,1.0,server_sent
fd00::202:2:2:2,526,526000,527000,1.0,server_sent
fd00::202:2:2:2,536,536000,537000,1.0,server_sent
fd00::202:2:2:2,547,547000,548000,1.0,server_sent
fd00::202:2:2:2,558,558000,559000,1.0,server_sent
fd00::202:2:2:2,568,568000,569000,1.0,server_sent
fd00::202:2:2:2,579,579000,580000,1.0,server_sent
fd00::202:2:2:2,589,589000,590000,1.0,server_sent
fd00::202:2:2:2,600,600000,601000,2.0,server_sent
fd00::202:2:2:2,613,613000,614000,1.0,server_sent
fd00::202:2:2:2,622,622000,623000,1.0,server_sent
fd00::202:2:2:2,631,631000,632000,1.0,server_sent
fd00::202:2:2:2,642,642000,643000,1.0,server_sent
fd00::202:2:2:2,652,652000,653000,1.0,server_sent
fd00::202:2:2:2,663,663000,664000,1.0,server_sent
fd00::202:2:2:2,674,674000,675000,1.0,server_sent
fd00::202:2:2:2,684,684000,685000,1.0,server_sent
fd00::202:2:2:2,694,694000,695000,1.0,server_sent
fd00::202:2:2:2,705,705000,706000,1.0,server_sent
fd00::202:2:2:2,715,715000,716000,1.0,server_sent
fd00::202:2:2:2,726,726000,727000,1.0,server_sent
fd00::202:2:2:2,737,737000,738000,1.0,server_sent
fd00::202:2:2:2,747,747000,748000,1.0,server_sent
fd00::202:2:2:2,758,758000,759000,1.0,server_sent
fd00::202:2:2:2,768,768000,769000,1.0,server_sent
fd00::202:2:2:2,779,779000,780000,1.0,server_sent
fd00::202:2:2:2,789,789000,790000,1.0,server_sent
fd00::202:2:2:2,803,803000,804000,2.0,server_sent
fd00::202:2:2:2,810,810000,811000,1.0,server_sent
fd00::202:2:2:2,821,821000,822000,1.0,server_sent
fd00::202:2:2:2,831,831000,832000,1.0,server_sent
fd00::202:2:2:2,842,842000,843000,1.0,server_sent
fd00::202:2:2:2,853,853000,854000,1.0,server_sent
fd00::202:2:2:2,863,863000,864000,1.0,server_sent
fd00::202:2:2:2,873,873000,874000,1.0,server_sent
fd00::202:2:2:2,884,884000,885000,1.0,server_sent
fd00::202:2:2:2,895,895000,896000,1.0,server_sent
fd00::202:2:2:2,905,905000,906000,1.0,server_sent
fd00::202:2:2:2,916,916000,917000,1.0,server_sent
fd00::202:2:2:2,926,926000,927000,1.0,server_sent
fd00::202:2:2:2,937,937000,938000,1.0,server_sent
fd00::202:2:2:2,947,947000,948000,1.0,server_sent
fd00::202:2:2:2,958,958000,959000,1.0,server_sent
fd00::202:2:2:2,968,968000,969000,1.0,server_sent
fd00::202:2:2:2,979,979000,980000,1.0,server_sent
fd00::202:2:2:2,989,989000,990000,1.0,server_sent
fd00::202:2:2:2,1000,1000000,1001000,2.0,server_sent
fd00::202:2:2:2,1011,1011000,1012000,1.0,server_sent
fd00::202:2:2:2,1021,1021000,1022000,1.0,server_sent
fd00::202:2:2:2,1032,1032000,1033000,1.0,server_sent
fd00::202:2:2:2,1042,1042000,1043000,1.0,server_sent
fd00::202:2:2:2,1053,1053000,1054000,1.0,server_sent
fd00::202:2:2:2,1063,1063000,1064000,1.0,server_sent
fd00::202:2:2:2,1074,1074000,1075000,1.0,server_sent
fd00::202:2:2:2,1084,1084000,1085000,1.0,server_sent
fd00::202:2:2:2,1095,1095000,1096000,1.0,server_sent
fd00::202:2:2:2,1105,1105000,1106000,1.0,server_sent
fd00::202:2:2:2,1116,1116000,1117000,1.0,server_sent
fd00::202:2:2:2,1126,1126000,1127000,1.0,server_sent
fd00::202:2:2:2,1137,1137000,1138000,1.0,server_sent
fd00::202:2:2:2,1147,1147000,1148000,1.0,server_sent
fd00::202:2:2:2,1158,1158000,1159000,1.0,server_sent
fd00::202:2:2:2,1168,1168000,1169000,1.0,server_sent
fd00::202:2:2:2,1179,1179000,1180000,1.0,server_sent
fd00::202:2:2:2,1189,1189000,1190000,1.0,server_sent
fd00::202:2:2:2,1200,1200000,1201000,2.0,server_sent
fd00::202:2:2:2,1210,1210000,1211000,1.0,server_sent
fd00::202:2:2:2,1221,1221000,1222000,1.0,server_sent
fd00::202:2:2:2,1232,1232000,1233000,1.0,server_sent
fd00::202:2:2:2,1242,1242000,1243000,1.0,server_sent
fd00::202:2:2:2,1253,1253000,1254000,1.0,server_sent
fd00::202:2:2:2,1263,1263000,1264000,1.0,server_sent
fd00::202:2:2:2,1274,1274000,1275000,1.0,server_sent
fd00::202:2:2:2,1285,1285000,1286000,1.0,server_sent
fd00::202:2:2:2,1295,1295000,1296000,1.0,server_sent
fd00::202:2:2:2,1305,1305000,1306000,1.0,server_sent
fd00::202:2:2:2,1316,1316000,1317000,1.0,server_sent
fd00::202:2:2:2,1326,1326000,1327000,1.0,server_sent
fd00::202:2:2:2,1337,1337000,1338000,1.0,server_sent
fd00::202:2:2:2,1347,1347000,1348000,1.0,server_sent
fd00::202:2:2:2,1358,1358000,1359000,1.0,server_sent
fd00::202:2:2:2,1368,1368000,1369000,1.0,server_sent
fd00::202:2:2:2,1379,1379000,1380000,1.0,server_sent
fd00::202:2:2:2,1389,1389000,1390000,2.0,server_sent
fd00::202:2:2:2,1400,1400000,1401000,1.0,server_sent
fd00::202:2:2:2,1411,1411000,1412000,1.0,server_sent
fd00::202:2:2:2,1421,1421000,1422000,1.0,server_sent
fd00::202:2:2:2,1432,1432000,1433000,1.0,server_sent
fd00::202:2:2:2,1442,1442000,1443000,1.0,server_sent
fd00::202:2:2:2,1453,1453000,1454000,1.0,server_sent
fd00::202:2:2:2,1463,1463000,1464000,1.0,server_sent
fd00::202:2:2:2,1474,1474000,1475000,1.0,server_sent
fd00::202:2:2:2,1484,1484000,1485000,1.0,server_sent
fd00::202:2:2:2,1495,1495000,1496000,1.0,server_sent
fd00::202:2:2:2,1505,1505000,1506000,1.0,server_sent
fd00::202:2:2:2,1516,1516000,1517000,1.0,server_sent
fd00::202:2:2:2,1526,1526000,1527000,1.0,server_sent
fd00::202:2:2:2,1537,1537000,1538000,1.0,server_sent
fd00::202:2:2:2,1547,1547000,1548000,1.0,server_sent
fd00::202:2:2:2,1558,1558000,1559000,1.0,server_sent
fd00::202:2:2:2,1568,1568000,1569000,1.0,server_sent
fd00::202:2:2:2,1579,1579000,1580000,1.0,server_sent
fd00::202:2:2:2,1593,1593000,1594000,2.0,server_sent
fd00::202:2:2:2,1602,1602000,1603000,1.0,server_sent
fd00::202:2:2:2,1611,1611000,1612000,1.0,server_sent
fd00::202:2:2:2,1623,1623000,1624000,1.0,server_sent
fd00::202:2:2:2,1632,1632000,1633000,1.0,server_sent
fd00::202:2:2:2,1644,1644000,1645000,1.0,server_sent
fd00::202:2:2:2,1653,1653000,1654000,1.0,server_sent
fd00::202:2:2:2,1663,1663000,1664000,1.0,server_sent
fd00::202:2:2:2,1674,1674000,1675000,1.0,server_sent
fd00::202:2:2:2,1684,1684000,1685000,1.0,server_sent
fd00::202:2:2:2,1695,1695000,1696000,1.0,server_sent
fd00::202:2:2:2,1705,1705000,1706000,1.0,server_sent
fd00::202:2:2:2,1716,1716000,1717000,1.0,server_sent
fd00::202:2:2:2,1726,1726000,1727000,1.0,server_sent
fd00::202:2:2:2,1737,1737000,1738000,1.0,server_sent
fd00::202:2:2:2,1748,1748000,1749000,1.0,server_sent
fd00::202:2:2:2,1758,1758000,1759000,1.0,server_sent
fd00::202:2:2:2,1769,1769000,1770000,1.0,server_sent
fd00::202:2:2:2,1779,1779000,1780000,1.0,server_sent
fd00::202:2:2:2,1790,1790000,1791000,2.0,server_sent
fd00::202:2:2:2,1801,1801000,1802000,1.0,server_sent
fd00::202:2:2:2,1811,1811000,1812000,1.0,server_sent
fd00::202:2:2:2,1821,1821000,1822000,1.0,server_sent
fd00::202:2:2:2,1832,1832000,1833000,1.0,server_sent
fd00::202:2:2:2,1842,1842000,1843000,1.0,server_sent
fd00::202:2:2:2,1853,1853000,1854000,1.0,server_sent
fd00::202:2:2:2,1863,1863000,1864000,1.0,server_sent
fd00::202:2:2:2,1874,1874000,1875000,1.0,server_sent
fd00::202:2:2:2,1884,1884000,1885000,1.0,server_sent
fd00::202:2:2:2,1895,1895000,1896000,1.0,server_sent
fd00::202:2:2:2,1905,1905000,1906000,1.0,server_sent
fd00::202:2:2:2,1916,1916000,1917000,1.0,server_sent
fd00::202:2:2:2,1927,1927000,1928000,1.0,server_sent
fd00::202:2:2:2,1937,1937000,1938000,1.0,server_sent
fd00::202:2:2:2,1948,1948000,1949000,1.0,server_sent
fd00::202:2:2:2,1958,1958000,1959000,1.0,server_sent
fd00::202:2:2:2,1969,1969000,1970000,1.0,server_sent
fd00::202:2:2:2,1979,1979000,1980000,1.0,server_sent
fd00::202:2:2:2,1990,1990000,1991000,2.0,server_sent
fd00::202:2:2:2,2000,2000000,2001000,1.0,server_sent
fd00::202:2:2:2,2011,2011000,2012000,1.0,server_sent
fd00::202:2:2:2,2021,2021000,2022000,1.0,server_sent
fd00::202:2:2:2,2032,2032000,2033000,1.0,server_sent
fd00::202:2:2:2,2045,2045000,2046000,1.0,server_sent
fd00::202:2:2:2,2053,2053000,2054000,1.0,server_sent
fd00::202:2:2:2,2063,2063000,2064000,1.0,server_sent
fd00::202:2:2:2,2074,2074000,2075000,1.0,server_sent
fd00::202:2:2:2,2085,2085000,2086000,1.0,server_sent
fd00::202:2:2:2,2095,2095000,2096000,1.0,server_sent
fd00::202:2:2:2,2106,2106000,2107000,1.0,server_sent
fd00::202:2:2:2,2116,2116000,2117000,1.0,server_sent
fd00::202:2:2:2,2127,2127000,2128000,1.0,server_sent
fd00::202:2:2:2,2137,2137000,2138000,1.0,server_sent
fd00::202:2:2:2,2148,2148000,2149000,1.0,server_sent
fd00::202:2:2:2,2159,2159000,2160000,1.0,server_sent
fd00::202:2:2:2,2169,2169000,2170000,1.0,server_sent
fd00::202:2:2:2,2179,2179000,2180000,1.0,server_sent
fd00::202:2:2:2,2190,2190000,2191000,2.0,server_sent
fd00::202:2:2:2,2200,2200000,2201000,1.0,server_sent
fd00::202:2:2:2,2211,2211000,2212000,1.0,server_sent
fd00::202:2:2:2,2224,2224000,2225000,1.0,server_sent
fd00::202:2:2:2,2233,2233000,2234000,1.0,server_sent
fd00::202:2:2:2,2243,2243000,2244000,1.0,server_sent
fd00::202:2:2:2,2253,2253000,2254000,1.0,server_sent
fd00::202:2:2:2,2264,2264000,2265000,1.0,server_sent
fd00::202:2:2:2,2274,2274000,2275000,1.0,server_sent
fd00::202:2:2:2,2285,2285000,2286000,1.0,server_sent
fd00::202:2:2:2,2295,2295000,2296000,1.0,server_sent
fd00::202:2:2:2,2306,2306000,2307000,1.0,server_sent
fd00::202:2:2:2,2316,2316000,2317000,1.0,server_sent
fd00::202:2:2:2,2327,2327000,2328000,1.0,server_sent
fd00::202:2:2:2,2337,2337000,2338000,1.0,server_sent
fd00::202:2:2:2,2348,2348000,2349000,1.0,server_sent
fd00::202:2:2:2,2358,2358000,2359000,1.0,server_sent
fd00::202:2:2:2,2369,2369000,2370000,1.0,server_sent
fd00::202:2:2:2,2379,2379000,2380000,1.0,server_sent
fd00::202:2:2:2,2390,2390000,2391000,2.0,server_sent
fd00::202:2:2:2,2401,2401000,2402000,1.0,server_sent
fd00::202:2:2:2,2411,2411000,2412000,1.0,server_sent
fd00::202:2:2:2,2422,2422000,2423000,1.0,server_sent
fd00::202:2:2:2,2432,2432000,2433000,1.0,server_sent
fd00::202:2:2:2,2443,2443000,2444000,1.0,server_sent
fd00::202:2:2:2,2453,2453000,2454000,1.0,server_sent
fd00::202:2:2:2,2464,2464000,2465000,1.0,server_sent
fd00::202:2:2:2,2474,2474000,2475000,1.0,server_sent
fd00::202:2:2:2,2485,2485000,2486000,1.0,server_sent
fd00::202:2:2:2,2495,2495000,2496000,1.0,server_sent
fd00::202:2:2:2,2506,2506000,2507000,1.0,server_sent
fd00::202:2:2:2,2516,2516000,2517000,1.0,server_sent
fd00::202:2:2:2,2527,2527000,2528000,1.0,server_sent
fd00::202:2:2:2,2537,2537000,2538000,1.0,server_sent
fd00::202:2:2:2,2548,2548000,2549000,1.0,server_sent
fd00::202:2:2:2,2558,2558000,2559000,1.0,server_sent
fd00::202:2:2:2,2569,2569000,2570000,1.0,server_sent
fd00::202:2:2:2,2579,2579000,2580000,2.0,server_sent
fd00::202:2:2:2,2591,2591000,2592000,1.0,server_sent
fd00::202:2:2:2,2601,2601000,2602000,1.0,server_sent
fd00::202:2:2:2,2611,2611000,2612000,1.0,server_sent
fd00::202:2:2:2,2622,2622000,2623000,1.0,server_sent
fd00::202:2:2:2,2632,2632000,2633000,1.0,server_sent
fd00::202:2:2:2,2643,2643000,2644000,1.0,server_sent
fd00::202:2:2:2,2653,2653000,2654000,1.0,server_sent
fd00::202:2:2:2,2664,2664000,2665000,1.0,server_sent
fd00::202:2:2:2,2674,2674000,2675000,1.0,server_sent
fd00::202:2:2:2,2685,2685000,2686000,1.0,server_sent
fd00::202:2:2:2,2695,2695000,2696000,1.0,server_sent
fd00::202:2:2:2,2706,2706000,2707000,1.0,server_sent
fd00::202:2:2:2,2716,2716000,2717000,1.0,server_sent
fd00::202:2:2:2,2727,2727000,2728000,1.0,server_sent
fd00::202:2:2:2,2737,2737000,2738000,1.0,server_sent
fd00::202:2:2:2,2748,2748000,2749000,1.0,server_sent
fd00::202:2:2:2,2758,2758000,2759000,1.0,server_sent
fd00::202:2:2:2,2769,2769000,2770000,1.0,server_sent
fd00::202:2:2:2,2782,2782000,2783000,2.0,server_sent
fd00::202:2:2:2,2790,2790000,2791000,1.0,server_sent
fd00::202:2:2:2,2801,2801000,2802000,1.0,server_sent
fd00::202:2:2:2,2811,2811000,2812000,1.0,server_sent
fd00::202:2:2:2,2822,2822000,2823000,1.0,server_sent
fd00::202:2:2:2,2832,2832000,2833000,1.0,server_sent
fd00::202:2:2:2,2843,2843000,2844000,1.0,server_sent
fd00::202:2:2:2,2854,2854000,2855000,1.0,server_sent
fd00::202:2:2:2,2864,2864000,2865000,1.0,server_sent
fd00::202:2:2:2,2875,2875000,2876000,1.0,server_sent
fd00::202:2:2:2,2885,2885000,2886000,1.0,server_sent
fd00::202:2:2:2,2895,2895000,2896000,1.0,server_sent
fd00::202:2:2:2,2906,2906000,2907000,1.0,server_sent
fd00::202:2:2:2,2916,2916000,2917000,1.0,server_sent
fd00::202:2:2:2,2927,2927000,2928000,1.0,server_sent
fd00::202:2:2:2,2938,2938000,2939000,1.0,server_sent
fd00::202:2:2:2,2948,2948000,2949000,1.0,server_sent
fd00::202:2:2:2,2959,2959000,2960000,1.0,server_sent
fd00::202:2:2:2,2969,2969000,2970000,1.0,server_sent
fd00::202:2:2:2,2980,2980000,2981000,2.0,server_sent
fd00::202:2:2:2,2991,2991000,2992000,1.0,server_sent
fd00::202:2:2:2,3002,3002000,3003000,1.0,server_sent
fd00::202:2:2:2,3012,3012000,3013000,1.0,server_sent
fd00::202:2:2:2,3022,3022000,3023000,1.0,server_sent
fd00::202:2:2:2,3033,3033000,3034000,1.0,server_sent
fd00::202:2:2:2,3044,3044000,3045000,1.0,server_sent
fd00::202:2:2:2,3053,3053000,3054000,1.0,server_sent
fd00::202:2:2:2,3064,3064000,3065000,1.0,server_sent
fd00::202:2:2:2,3074,3074000,3075000,1.0,server_sent
fd00::202:2:2:2,3085,3085000,3086000,1.0,server_sent
fd00::202:2:2:2,3095,3095000,3096000,1.0,server_sent
fd00::202:2:2:2,3106,3106000,3107000,1.0,server_sent
fd00::202:2:2:2,3117,3117000,3118000,1.0,server_sent
fd00::202:2:2:2,3127,3127000,3128000,1.0,server_sent
fd00::202:2:2:2,3138,3138000,3139000,1.0,server_sent
fd00::202:2:2:2,3148,3148000,3149000,1.0,server_sent
fd00::202:2:2:2,3159,3159000,3160000,1.0,server_sent
fd00::202:2:2:2,3169,3169000,3170000,1.0,server_sent
fd00::202:2:2:2,3180,3180000,3181000,2.0,server_sent
fd00::202:2:2:2,3191,3191000,3192000,1.0,server_sent
fd00::202:2:2:2,3201,3201000,3202000,1.0,server_sent
fd00::202:2:2:2,3211,3211000,3212000,1.0,server_sent
fd00::202:2:2:2,3222,3222000,3223000,1.0,server_sent
fd00::202:2:2:2,3232,3232000,3233000,1.0,server_sent
fd00::202:2:2:2,3243,3243000,3244000,1.0,server_sent
fd00::202:2:2:2,3253,3253000,3254000,1.0,server_sent
fd00::202:2:2:2,3264,3264000,3265000,1.0,server_sent
fd00::202:2:2:2,3275,3275000,3276000,1.0,server_sent
fd00::202:2:2:2,3285,3285000,3286000,1.0,server_sent
fd00::202:2:2:2,3296,3296000,3297000,1.0,server_sent
fd00::202:2:2:2,3306,3306000,3307000,1.0,server_sent
fd00::202:2:2:2,3317,3317000,3318000,1.0,server_sent
fd00::202:2:2:2,3327,3327000,3328000,1.0,server_sent
fd00::202:2:2:2,3338,3338000,3339000,1.0,server_sent
fd00::202:2:2:2,3348,3348000,3349000,1.0,server_sent
fd00::202:2:2:2,3359,3359000,3360000,1.0,server_sent
fd00::202:2:2:2,3369,3369000,3370000,1.0,server_sent
fd00::202:2:2:2,3380,3380000,3381000,2.0,server_sent
fd00::202:2:2:2,3390,3390000,3391000,1.0,server_sent
fd00::202:2:2:2,3401,3401000,3402000,1.0,server_sent
fd00::202:2:2:2,3412,3412000,3413000,1.0,server_sent
fd00::202:2:2:2,3422,3422000,3423000,1.0,server_sent
fd00::202:2:2:2,3433,3433000,3434000,1.0,server_sent
fd00::202:2:2:2,3444,3444000,3445000,1.0,server_sent
fd00::202:2:2:2,3454,3454000,3455000,1.0,server_sent
fd00::202:2:2:2,3464,3464000,3465000,1.0,server_sent
fd00::202:2:2:2,3475,3475000,3476000,1.0,server_sent
fd00::202:2:2:2,3485,3485000,3486000,1.0,server_sent
fd00::202:2:2:2,3496,3496000,3497000,1.0,server_sent
fd00::202:2:2:2,3506,3506000,3507000,1.0,server_sent
fd00::202:2:2:2,3517,3517000,3518000,1.0,server_sent
fd00::202:2:2:2,3527,3527000,3528000,1.0,server_sent
fd00::202:2:2:2,3538,3538000,3539000,1.0,server_sent
fd00::202:2:2:2,3548,3548000,3549000,1.0,server_sent
fd00::202:2:2:2,3559,3559000,3560000,1.0,server_sent
fd00::202:2:2:2,3569,3569000,3570000,1.0,server_sent
fd00::202:2:2:2,3585,3585000,3586000,2.0,server_sent
fd00::202:2:2:2,3591,3591000,3592000,1.0,server_sent
fd00::203:3:3:3,113,113000,114000,0.0,server_sent
fd00::203:3:3:3,123,123000,124000,1.0,server_sent
fd00::203:3:3:3,134,134000,135000,1.0,server_sent
fd00::203:3:3:3,144,144000,145000,1.0,server_sent
fd00::203:3:3:3,154,154000,155000,1.0,server_sent
fd00::203:3:3:3,164,164000,165000,1.0,server_sent
fd00::203:3:3:3,175,175000,176000,1.0,server_sent
fd00::203:3:3:3,185,185000,186000,1.0,server_sent
fd00::203:3:3:3,195,195000,196000,1.0,server_sent
fd00::203:3:3:3,205,205000,206000,1.0,server_sent
fd00::203:3:3:3,216,216000,217000,1.0,server_sent
fd00::203:3:3:3,228,228000,229000,1.0,server_sent
fd00::203:3:3:3,236,236000,237000,1.0,server_sent
fd00::203:3:3:3,247,247000,248000,1.0,server_sent
fd00::203:3:3:3,257,257000,258000,1.0,server_sent
fd00::203:3:3:3,267,267000,268000,1.0,server_sent
fd00::203:3:3:3,277,277000,278000,1.0,server_sent
fd00::203:3:3:3,287,287000,288000,1.0,server_sent
fd00::203:3:3:3,298,298000,299000,1.0,server_sent
fd00::203:3:3:3,308,308000,309000,1.0,server_sent
fd00::203:3:3:3,318,318000,319000,1.0,server_sent
fd00::203:3:3:3,329,329000,330000,1.0,server_sent
fd00::203:3:3:3,339,339000,340000,1.0,server_sent
fd00::203:3:3:3,349,349000,350000,1.0,server_sent
fd00::203:3:3:3,359,359000,360000,1.0,server_sent
fd00::203:3:3:3,372,372000,373000,2.0,server_sent
fd00::203:3:3:3,382,382000,383000,1.0,server_sent
fd00::203:3:3:3,390,390000,391000,1.0,server_sent
fd00::203:3:3:3,402,402000,403000,1.0,server_sent
fd00::203:3:3:3,411,411000,412000,1.0,server_sent
fd00::203:3:3:3,421,421000,422000,1.0,server_sent
fd00::203:3:3:3,431,431000,432000,1.0,server_sent
fd00::203:3:3:3,441,441000,442000,1.0,server_sent
fd00::203:3:3:3,453,453000,454000,1.0,server_sent
fd00::203:3:3:3,462,462000,463000,1.0,server_sent
fd00::203:3:3:3,472,472000,473000,1.0,server_sent
fd00::203:3:3:3,483,483000,484000,1.0,server_sent
fd00::203:3:3:3,493,493000,494000,1.0,server_sent
fd00::203:3:3:3,503,503000,504000,1.0,server_sent
fd00::203:3:3:3,513,513000,514000,1.0,server_sent
fd00::203:3:3:3,524,524000,525000,1.0,server_sent
fd00::203:3:3:3,534,534000,535000,1.0,server_sent
fd00::203:3:3:3,544,544000,545000,1.0,server_sent
fd00::203:3:3:3,554,554000,555000,1.0,server_sent
fd00::203:3:3:3,565,565000,566000,1.0,server_sent
fd00::203:3:3:3,575,575000,576000,1.0,server_sent
fd00::203:3:3:3,585,585000,586000,1.0,server_sent
fd00::203:3:3:3,595,595000,596000,1.0,server_sent
fd00::203:3:3:3,606,606000,607000,1.0,server_sent
fd00::203:3:3:3,616,616000,617000,1.0,server_sent
fd00::203:3:3:3,626,626000,627000,1.0,server_sent
fd00::203:3:3:3,637,637000,638000,1.0,server_sent
fd00::203:3:3:3,647,647000,648000,1.0,server_sent
fd00::203:3:3:3,657,657000,658000,1.0,server_sent
fd00::203:3:3:3,667,667000,668000,1.0,server_sent
fd00::203:3:3:3,678,678000,679000,1.0,server_sent
fd00::203:3:3:3,688,688000,689000,1.0,server_sent
fd00::203:3:3:3,698,698000,699000,1.0,server_sent
fd00::203:3:3:3,708,708000,709000,1.0,server_sent
fd00::203:3:3:3,719,719000,720000,1.0,server_sent
fd00::203:3:3:3,729,729000,730000,1.0,server_sent
fd00::203:3:3:3,739,739000,740000,1.0,server_sent
fd00::203:3:3:3,749,749000,750000,1.0,server_sent
fd00::203:3:3:3,760,760000,761000,2.0,server_sent
fd00::203:3:3:3,772,772000,773000,1.0,server_sent
fd00::203:3:3:3,780,780000,781000,1.0,server_sent
fd00::203:3:3:3,790,790000,791000,1.0,server_sent
fd00::203:3:3:3,801,801000,802000,1.0,server_sent
fd00::203:3:3:3,812,812000,813000,1.0,server_sent
fd00::203:3:3:3,823,823000,824000,1.0,server_sent
fd00::203:3:3:3,833,833000,834000,1.0,server_sent
fd00::203:3:3:3,842,842000,843000,1.0,server_sent
fd00::203:3:3:3,854,854000,855000,1.0,server_sent
fd00::203:3:3:3,862,862000,863000,1.0,server_sent
fd00::203:3:3:3,873,873000,874000,1.0,server_sent
fd00::203:3:3:3,883,883000,884000,1.0,server_sent
fd00::203:3:3:3,893,893000,894000,1.0,server_sent
fd00::203:3:3:3,903,903000,904000,1.0,server_sent
fd00::203:3:3:3,914,914000,915000,1.0,server_sent
fd00::203:3:3:3,924,924000,925000,1.0,server_sent
fd00::203:3:3:3,934,934000,935000,1.0,server_sent
fd00::203:3:3:3,944,944000,945000,1.0,server_sent
fd00::203:3:3:3,955,955000,956000,1.0,server_sent
fd00::203:3:3:3,965,965000,966000,1.0,server_sent
fd00::203:3:3:3,975,975000,976000,1.0,server_sent
fd00::203:3:3:3,985,985000,986000,1.0,server_sent
fd00::203:3:3:3,996,996000,997000,1.0,server_sent
fd00::203:3:3:3,1006,1006000,1007000,1.0,server_sent
fd00::203:3:3:3,1016,1016000,1017000,1.0,server_sent
fd00::203:3:3:3,1027,1027000,1028000,1.0,server_sent
fd00::203:3:3:3,1037,1037000,1038000,1.0,server_sent
fd00::203:3:3:3,1047,1047000,1048000,1.0,server_sent
fd00::203:3:3:3,1057,1057000,1058000,1.0,server_sent
fd00::203:3:3:3,1068,1068000,1069000,1.0,server_sent
fd00::203:3:3:3,1078,1078000,1079000,1.0,server_sent
fd00::203:3:3:3,1088,1088000,1089000,1.0,server_sent
fd00::203:3:3:3,1098,1098000,1099000,1.0,server_sent
fd00::203:3:3:3,1109,1109000,1110000,1.0,server_sent
fd00::203:3:3:3,1119,1119000,1120000,1.0,server_sent
fd00::203:3:3:3,1129,1129000,1130000,1.0,server_sent
fd00::203:3:3:3,1139,1139000,1140000,1.0,server_sent
fd00::203:3:3:3,1151,1151000,1152000,2.0,server_sent
fd00::203:3:3:3,1160,1160000,1161000,1.0,server_sent
fd00::203:3:3:3,1171,1171000,1172000,1.0,server_sent
fd00::203:3:3:3,1181,1181000,1182000,1.0,server_sent
fd00::203:3:3:3,1192,1192000,1193000,1.0,server_sent
fd00::203:3:3:3,1203,1203000,1204000,1.0,server_sent
fd00::203:3:3:3,1212,1212000,1213000,1.0,server_sent
fd00::203:3:3:3,1222,1222000,1223000,1.0,server_sent
fd00::203:3:3:3,1233,1233000,1234000,1.0,server_sent
fd00::203:3:3:3,1243,1243000,1244000,1.0,server_sent
fd00::203:3:3:3,1252,1252000,1253000,1.0,server_sent
fd00::203:3:3:3,1263,1263000,1264000,1.0,server_sent
fd00::203:3:3:3,1273,1273000,1274000,1.0,server_sent
fd00::203:3:3:3,1283,1283000,1284000,1.0,server_sent
fd00::203:3:3:3,1293,1293000,1294000,1.0,server_sent
fd00::203:3:3:3,1304,1304000,1305000,1.0,server_sent
fd00::203:3:3:3,1314,1314000,1315000,1.0,server_sent
fd00::203:3:3:3,1324,1324000,1325000,1.0,server_sent
fd00::203:3:3:3,1334,1334000,1335000,1.0,server_sent
fd00::203:3:3:3,1345,1345000,1346000,1.0,server_sent
fd00::203:3:3:3,1355,1355000,1356000,1.0,server_sent
fd00::203:3:3:3,1365,1365000,1366000,1.0,server_sent
fd00::203:3:3:3,1375,1375000,1376000,1.0,server_sent
fd00::203:3:3:3,1386,1386000,1387000,1.0,server_sent
fd00::203:3:3:3,1396,1396000,1397000,1.0,server_sent
fd00::203:3:3:3,1406,1406000,1407000,1.0,server_sent
fd00::203:3:3:3,1417,1417000,1418000,1.0,server_sent
fd00::203:3:3:3,1427,1427000,1428000,1.0,server_sent
fd00::203:3:3:3,1437,1437000,1438000,1.0,server_sent
fd00::203:3:3:3,1447,1447000,1448000,1.0,server_sent
fd00::203:3:3:3,1458,1458000,1459000,1.0,server_sent
fd00::203:3:3:3,1468,1468000,1469000,1.0,server_sent
fd00::203:3:3:3,1478,1478000,1479000,1.0,server_sent
fd00::203:3:3:3,1488,1488000,1489000,1.0,server_sent
fd00::203:3:3:3,1499,1499000,1500000,1.0,server_sent
fd00::203:3:3:3,1509,1509000,1510000,1.0,server_sent
fd00::203:3:3:3,1519,1519000,1520000,1.0,server_sent
fd00::203:3:3:3,1529,1529000,1530000,1.0,server_sent
fd00::203:3:3:3,1540,1540000,1541000,2.0,server_sent
fd00::203:3:3:3,1550,1550000,1551000,1.0,server_sent
fd00::203:3:3:3,1560,1560000,1561000,1.0,server_sent
fd00::203:3:3:3,1571,1571000,1572000,1.0,server_sent
fd00::203:3:3:3,1581,1581000,1582000,1.0,server_sent
fd00::203:3:3:3,1591,1591000,1592000,1.0,server_sent
fd00::203:3:3:3,1603,1603000,1604000,1.0,server_sent
fd00::203:3:3:3,1612,1612000,1613000,1.0,server_sent
fd00::203:3:3:3,1622,1622000,1623000,1.0,server_sent
fd00::203:3:3:3,1633,1633000,1634000,1.0,server_sent
fd00::203:3:3:3,1643,1643000,1644000,1.0,server_sent
fd00::203:3:3:3,1653,1653000,1654000,1.0,server_sent
fd00::203:3:3:3,1663,1663000,1664000,1.0,server_sent
fd00::203:3:3:3,1673,1673000,1674000,1.0,server_sent
fd00::203:3:3:3,1684,1684000,1685000,1.0,server_sent
fd00::203:3:3:3,1694,1694000,1695000,1.0,server_sent
fd00::203:3:3:3,1704,1704000,1705000,1.0,server_sent
fd00::203:3:3:3,1714,1714000,1715000,1.0,server_sent
fd00::203:3:3:3,1724,1724000,1725000,1.0,server_sent
fd00::203:3:3:3,1735,1735000,1736000,1.0,server_sent
fd00::203:3:3:3,1745,1745000,1746000,1.0,server_sent
fd00::203:3:3:3,1755,1755000,1756000,1.0,server_sent
fd00::203:3:3:3,1766,1766000,1767000,1.0,server_sent
fd00::203:3:3:3,1776,1776000,1777000,1.0,server_sent
fd00::203:3:3:3,1786,1786000,1787000,1.0,server_sent
fd00::203:3:3:3,1796,1796000,1797000,1.0,server_sent
fd00::203:3:3:3,1807,1807000,1808000,1.0,server_sent
fd00::203:3:3:3,1817,1817000,1818000,1.0,server_sent
fd00::203:3:3:3,1827,1827000,1828000,1.0,server_sent
fd00::203:3:3:3,1837,1837000,1838000,1.0,server_sent
fd00::203:3:3:3,1848,1848000,1849000,1.0,server_sent
fd00::203:3:3:3,1858,1858000,1859000,1.0,server_sent
fd00::203:3:3:3,1868,1868000,1869000,1.0,server_sent
fd00::203:3:3:3,1878,1878000,1879000,1.0,server_sent
fd00::203:3:3:3,1889,1889000,1890000,1.0,server_sent
fd00::203:3:3:3,1899,1899000,1900000,1.0,server_sent
fd00::203:3:3:3,1909,1909000,1910000,1.0,server_sent
fd00::203:3:3:3,1919,1919000,1920000,1.0,server_sent
fd00::203:3:3:3,1931,1931000,1932000,2.0,server_sent
fd00::203:3:3:3,1942,1942000,1943000,1.0,server_sent
fd00::203:3:3:3,1950,1950000,1951000,1.0,server_sent
fd00::203:3:3:3,1961,1961000,1962000,1.0,server_sent
fd00::203:3:3:3,1971,1971000,1972000,1.0,server_sent
fd00::203:3:3:3,1982,1982000,1983000,1.0,server_sent
fd00::203:3:3:3,1992,1992000,1993000,1.0,server_sent
fd00::203:3:3:3,2002,2002000,2003000,1.0,server_sent
fd00::203:3:3:3,2012,2012000,2013000,1.0,server_sent
fd00::203:3:3:3,2022,2022000,2023000,1.0,server_sent
fd00::203:3:3:3,2032,2032000,2033000,1.0,server_sent
fd00::203:3:3:3,2043,2043000,2044000,1.0,server_sent
fd00::203:3:3:3,2054,2054000,2055000,1.0,server_sent
fd00::203:3:3:3,2064,2064000,2065000,1.0,server_sent
fd00::203:3:3:3,2073,2073000,2074000,1.0,server_sent
fd00::203:3:3:3,2084,2084000,2085000,1.0,server_sent
fd00::203:3:3:3,2094,2094000,2095000,1.0,server_sent
fd00::203:3:3:3,2104,2104000,2105000,1.0,server_sent
fd00::203:3:3:3,2114,2114000,2115000,1.0,server_sent
fd00::203:3:3:3,2125,2125000,2126000,1.0,server_sent
fd00::203:3:3:3,2135,2135000,2136000,1.0,server_sent
fd00::203:3:3:3,2145,2145000,2146000,1.0,server_sent
fd00::203:3:3:3,2156,2156000,2157000,1.0,server_sent
fd00::203:3:3:3,2166,2166000,2167000,1.0,server_sent
fd00::203:3:3:3,2176,2176000,2177000,1.0,server_sent
fd00::203:3:3:3,2186,2186000,2187000,1.0,server_sent
fd00::203:3:3:3,2197,2197000,2198000,1.0,server_sent
fd00::203:3:3:3,2207,2207000,2208000,1.0,server_sent
fd00::203:3:3:3,2217,2217000,2218000,1.0,server_sent
fd00::203:3:3:3,2227,2227000,2228000,1.0,server_sent
fd00::203:3:3:3,2238,2238000,2239000,1.0,server_sent
fd00::203:3:3:3,2248,2248000,2249000,1.0,server_sent
fd00::203:3:3:3,2258,2258000,2259000,1.0,server_sent
fd00::203:3:3:3,2268,2268000,2269000,1.0,server_sent
fd00::203:3:3:3,2279,2279000,2280000,1.0,server_sent
fd00::203:3:3:3,2289,2289000,2290000,1.0,server_sent
fd00::203:3:3:3,2299,2299000,2300000,2.0,server_sent
fd00::203:3:3:3,2310,2310000,2311000,1.0,server_sent
fd00::203:3:3:3,2320,2320000,2321000,1.0,server_sent
fd00::203:3:3:3,2331,2331000,2332000,1.0,server_sent
fd00::203:3:3:3,2342,2342000,2343000,1.0,server_sent
fd00::203:3:3:3,2352,2352000,2353000,1.0,server_sent
fd00::203:3:3:3,2361,2361000,2362000,1.0,server_sent
fd00::203:3:3:3,2372,2372000,2373000,1.0,server_sent
fd00::203:3:3:3,2381,2381000,2382000,1.0,server_sent
fd00::203:3:3:3,2393,2393000,2394000,1.0,server_sent
fd00::203:3:3:3,2402,2402000,2403000,1.0,server_sent
fd00::203:3:3:3,2412,2412000,2413000,1.0,server_sent
fd00::203:3:3:3,2422,2422000,2423000,1.0,server_sent
fd00::203:3:3:3,2433,2433000,2434000,1.0,server_sent
fd00::203:3:3:3,2443,2443000,2444000,1.0,server_sent
fd00::203:3:3:3,2453,2453000,2454000,1.0,server_sent
fd00::203:3:3:3,2464,2464000,2465000,1.0,server_sent
fd00::203:3:3:3,2474,2474000,2475000,1.0,server_sent
fd00::203:3:3:3,2484,2484000,2485000,1.0,server_sent
fd00::203:3:3:3,2494,2494000,2495000,1.0,server_sent
fd00::203:3:3:3,2505,2505000,2506000,1.0,server_sent
fd00::203:3:3:3,2515,2515000,2516000,1.0,server_sent
fd00::203:3:3:3,2525,2525000,2526000,1.0,server_sent
fd00::203:3:3:3,2535,2535000,2536000,1.0,server_sent
fd00::203:3:3:3,2546,2546000,2547000,1.0,server_sent
fd00::203:3:3:3,2556,2556000,2557000,1.0,server_sent
fd00::203:3:3:3,2566,2566000,2567000,1.0,server_sent
fd00::203:3:3:3,2576,2576000,2577000,1.0,server_sent
fd00::203:3:3:3,2587,2587000,2588000,1.0,server_sent
fd00::203:3:3:3,2597,2597000,2598000,1.0,server_sent
fd00::203:3:3:3,2607,2607000,2608000,1.0,server_sent
fd00::203:3:3:3,2618,2618000,2619000,1.0,server_sent
fd00::203:3:3:3,2628,2628000,2629000,1.0,server_sent
fd00::203:3:3:3,2638,2638000,2639000,1.0,server_sent
fd00::203:3:3:3,2648,2648000,2649000,1.0,server_sent
fd00::203:3:3:3,2659,2659000,2660000,1.0,server_sent
fd00::203:3:3:3,2669,2669000,2670000,1.0,server_sent
fd00::203:3:3:3,2679,2679000,2680000,1.0,server_sent
fd00::203:3:3:3,2689,2689000,2690000,1.0,server_sent
fd00::203:3:3:3,2701,2701000,2702000,2.0,server_sent
fd00::203:3:3:3,2713,2713000,2714000,1.0,server_sent
fd00::203:3:3:3,2721,2721000,2722000,1.0,server_sent
fd00::203:3:3:3,2731,2731000,2732000,1.0,server_sent
fd00::203:3:3:3,2741,2741000,2742000,1.0,server_sent
fd00::203:3:3:3,2753,2753000,2754000,1.0,server_sent
fd00::203:3:3:3,2762,2762000,2763000,1.0,server_sent
fd00::203:3:3:3,2771,2771000,2772000,1.0,server_sent
fd00::203:3:3:3,2783,2783000,2784000,1.0,server_sent
fd00::203:3:3:3,2792,2792000,2793000,1.0,server_sent
fd00::203:3:3:3,2802,2802000,2803000,1.0,server_sent
fd00::203:3:3:3,2812,2812000,2813000,1.0,server_sent
fd00::203:3:3:3,2823,2823000,2824000,1.0,server_sent
fd00::203:3:3:3,2833,2833000,2834000,1.0,server_sent
fd00::203:3:3:3,2843,2843000,2844000,1.0,server_sent
fd00::203:3:3:3,2854,2854000,2855000,1.0,server_sent
fd00::203:3:3:3,2866,2866000,2867000,1.0,server_sent
fd00::203:3:3:3,2874,2874000,2875000,1.0,server_sent
fd00::203:3:3:3,2884,2884000,2885000,1.0,server_sent
fd00::203:3:3:3,2895,2895000,2896000,1.0,server_sent
fd00::203:3:3:3,2905,2905000,2906000,1.0,server_sent
fd00::203:3:3:3,2915,2915000,2916000,1.0,server_sent
fd00::203:3:3:3,2925,2925000,2926000,1.0,server_sent
fd00::203:3:3:3,2936,2936000,2937000,1.0,server_sent
fd00::203:3:3:3,2946,2946000,2947000,1.0,server_sent
fd00::203:3:3:3,2956,2956000,2957000,1.0,server_sent
fd00::203:3:3:3,2966,2966000,2967000,1.0,server_sent
fd00::203:3:3:3,2977,2977000,2978000,1.0,server_sent
fd00::203:3:3:3,2987,2987000,2988000,1.0,server_sent
fd00::203:3:3:3,2997,2997000,2998000,1.0,server_sent
fd00::203:3:3:3,3007,3007000,3008000,1.0,server_sent
fd00::203:3:3:3,3018,3018000,3019000,1.0,server_sent
fd00::203:3:3:3,3028,3028000,3029000,1.0,server_sent
fd00::203:3:3:3,3038,3038000,3039000,1.0,server_sent
fd00::203:3:3:3,3048,3048000,3049000,1.0,server_sent
fd00::203:3:3:3,3059,3059000,3060000,1.0,server_sent
fd00::203:3:3:3,3069,3069000,3070000,1.0,server_sent
fd00::203:3:3:3,3079,3079000,3080000,1.0,server_sent
fd00::203:3:3:3,3090,3090000,3091000,2.0,server_sent
fd00::203:3:3:3,3100,3100000,3101000,1.0,server_sent
fd00::203:3:3:3,3112,3112000,3113000,1.0,server_sent
fd00::203:3:3:3,3121,3121000,3122000,1.0,server_sent
fd00::203:3:3:3,3132,3132000,3133000,1.0,server_sent
fd00::203:3:3:3,3142,3142000,3143000,1.0,server_sent
fd00::203:3:3:3,3152,3152000,3153000,1.0,server_sent
fd00::203:3:3:3,3162,3162000,3163000,1.0,server_sent
fd00::203:3:3:3,3172,3172000,3173000,1.0,server_sent
fd00::203:3:3:3,3182,3182000,3183000,1.0,server_sent
fd00::203:3:3:3,3192,3192000,3193000,1.0,server_sent
fd00::203:3:3:3,3202,3202000,3203000,1.0,server_sent
fd00::203:3:3:3,3213,3213000,3214000,1.0,server_sent
fd00::203:3:3:3,3223,3223000,3224000,1.0,server_sent
fd00::203:3:3:3,3233,3233000,3234000,1.0,server_sent
fd00::203:3:3:3,3244,3244000,3245000,1.0,server_sent
fd00::203:3:3:3,3254,3254000,3255000,1.0,server_sent
fd00::203:3:3:3,3265,3265000,3266000,1.0,server_sent
fd00::203:3:3:3,3275,3275000,3276000,1.0,server_sent
fd00::203:3:3:3,3285,3285000,3286000,1.0,server_sent
fd00::203:3:3:3,3295,3295000,3296000,1.0,server_sent
fd00::203:3:3:3,3305,3305000,3306000,1.0,server_sent
fd00::203:3:3:3,3315,3315000,3316000,1.0,server_sent
fd00::203:3:3:3,3326,3326000,3327000,1.0,server_sent
fd00::203:3:3:3,3336,3336000,3337000,1.0,server_sent
fd00::203:3:3:3,3346,3346000,3347000,1.0,server_sent
fd00::203:3:3:3,3357,3357000,3358000,1.0,server_sent
fd00::203:3:3:3,3367,3367000,3368000,1.0,server_sent
fd00::203:3:3:3,3377,3377000,3378000,1.0,server_sent
fd00::203:3:3:3,3387,3387000,3388000,1.0,server_sent
fd00::203:3:3:3,3398,3398000,3399000,1.0,server_sent
fd00::203:3:3:3,3408,3408000,3409000,1.0,server_sent
fd00::203:3:3:3,3418,3418000,3419000,1.0,server_sent
fd00::203:3:3:3,3428,3428000,3429000,1.0,server_sent
fd00::203:3:3:3,3439,3439000,3440000,1.0,server_sent
fd00::203:3:3:3,3449,3449000,3450000,1.0,server_sent
fd00::203:3:3:3,3459,3459000,3460000,1.0,server_sent
fd00::203:3:3:3,3469,3469000,3470000,1.0,server_sent
fd00::203:3:3:3,3483,3483000,3484000,2.0,server_sent
fd00::203:3:3:3,3490,3490000,3491000,1.0,server_sent
fd00::203:3:3:3,3500,3500000,3501000,1.0,server_sent
fd00::203:3:3:3,3511,3511000,3512000,1.0,server_sent
fd00::203:3:3:3,3524,3524000,3525000,1.0,server_sent
fd00::203:3:3:3,3532,3532000,3533000,1.0,server_sent
fd00::203:3:3:3,3543,3543000,3544000,1.0,server_sent
fd00::203:3:3:3,3551,3551000,3552000,1.0,server_sent
fd00::203:3:3:3,3562,3562000,3563000,1.0,server_sent
fd00::203:3:3:3,3572,3572000,3573000,1.0,server_sent
fd00::203:3:3:3,3583,3583000,3584000,1.0,server_sent
fd00::203:3:3:3,3593,3593000,3594000,1.0,server_sent
fd00::204:4:4:4,21,21000,22000,0.0,server_sent
fd00::204:4:4:4,31,31000,32000,1.0,server_sent
fd00::204:4:4:4,42,42000,43000,1.0,server_sent
fd00::204:4:4:4,52,52000,53000,1.0,server_sent
fd00::204:4:4:4,63,63000,64000,1.0,server_sent
fd00::204:4:4:4,73,73000,74000,1.0,server_sent
fd00::204:4:4:4,84,84000,85000,1.0,server_sent
fd00::204:4:4:4,94,94000,95000,1.0,server_sent
fd00::204:4:4:4,105,105000,106000,1.0,server_sent
fd00::204:4:4:4,116,116000,117000,1.0,server_sent
fd00::204:4:4:4,126,126000,127000,1.0,server_sent
fd00::204:4:4:4,137,137000,138000,1.0,server_sent
fd00::204:4:4:4,147,147000,148000,1.0,server_sent
fd00::204:4:4:4,158,158000,159000,1.0,server_sent
fd00::204:4:4:4,168,168000,169000,1.0,server_sent
fd00::204:4:4:4,179,179000,180000,1.0,server_sent
fd00::204:4:4:4,189,189000,190000,1.0,server_sent
fd00::204:4:4:4,200,200000,201000,2.0,server_sent
fd00::204:4:4:4,212,212000,213000,1.0,server_sent
fd00::204:4:4:4,222,222000,223000,1.0,server_sent
fd00::204:4:4:4,232,232000,233000,1.0,server_sent
fd00::204:4:4:4,242,242000,243000,1.0,server_sent
fd00::204:4:4:4,253,253000,254000,1.0,server_sent
fd00::204:4:4:4,263,263000,264000,1.0,server_sent
fd00::204:4:4:4,274,274000,275000,1.0,server_sent
fd00::204:4:4:4,284,284000,285000,1.0,server_sent
fd00::204:4:4:4,295,295000,296000,1.0,server_sent
fd00::204:4:4:4,306,306000,307000,1.0,server_sent
fd00::204:4:4:4,316,316000,317000,1.0,server_sent
fd00::204:4:4:4,327,327000,328000,1.0,server_sent
fd00::204:4:4:4,337,337000,338000,1.0,server_sent
fd00::204:4:4:4,348,348000,349000,1.0,server_sent
fd00::204:4:4:4,358,358000,359000,1.0,server_sent
fd00::204:4:4:4,369,369000,370000,1.0,server_sent
fd00::204:4:4:4,381,381000,382000,2.0,server_sent
fd00::204:4:4:4,390,390000,391000,1.0,server_sent
fd00::204:4:4:4,401,401000,402000,1.0,server_sent
fd00::204:4:4:4,411,411000,412000,1.0,server_sent
fd00::204:4:4:4,422,422000,423000,1.0,server_sent
fd00::204:4:4:4,433,433000,434000,1.0,server_sent
fd00::204:4:4:4,443,443000,444000,1.0,server_sent
fd00::204:4:4:4,453,453000,454000,1.0,server_sent
fd00::204:4:4:4,464,464000,465000,1.0,server_sent
fd00::204:4:4:4,475,475000,476000,1.0,server_sent
fd00::204:4:4:4,485,485000,486000,1.0,server_sent
fd00::204:4:4:4,496,496000,497000,1.0,server_sent
fd00::204:4:4:4,506,506000,507000,1.0,server_sent
fd00::204:4:4:4,517,517000,518000,1.0,server_sent
fd00::204:4:4:4,527,527000,528000,1.0,server_sent
fd00::204:4:4:4,538,538000,539000,1.0,server_sent
fd00::204:4:4:4,548,548000,549000,1.0,server_sent
fd00::204:4:4:4,559,559000,560000,1.0,server_sent
fd00::204:4:4:4,570,570000,571000,2.0,server_sent
fd00::204:4:4:4,581,581000,582000,1.0,server_sent
fd00::204:4:4:4,592,592000,593000,1.0,server_sent
fd00::204:4:4:4,601,601000,602000,1.0,server_sent
fd00::204:4:4:4,612,612000,613000,1.0,server_sent
fd00::204:4:4:4,623,623000,624000,1.0,server_sent
fd00::204:4:4:4,633,633000,634000,1.0,server_sent
fd00::204:4:4:4,643,643000,644000,1.0,server_sent
fd00::204:4:4:4,654,654000,655000,1.0,server_sent
fd00::204:4:4:4,665,665000,666000,1.0,server_sent
fd00::204:4:4:4,675,675000,676000,1.0,server_sent
fd00::204:4:4:4,686,686000,687000,1.0,server_sent
fd00::204:4:4:4,696,696000,697000,1.0,server_sent
fd00::204:4:4:4,707,707000,708000,1.0,server_sent
fd00::204:4:4:4,717,717000,718000,1.0,server_sent
fd00::204:4:4:4,728,728000,729000,1.0,server_sent
fd00::204:4:4:4,738,738000,739000,1.0,server_sent
fd00::204:4:4:4,749,749000,750000,1.0,server_sent
fd00::204:4:4:4,759,759000,760000,2.0,server_sent
fd00::204:4:4:4,770,770000,771000,1.0,server_sent
fd00::204:4:4:4,781,781000,782000,1.0,server_sent
fd00::204:4:4:4,791,791000,792000,1.0,server_sent
fd00::204:4:4:4,802,802000,803000,1.0,server_sent
fd00::204:4:4:4,813,813000,814000,1.0,server_sent
fd00::204:4:4:4,823,823000,824000,1.0,server_sent
fd00::204:4:4:4,834,834000,835000,1.0,server_sent
fd00::204:4:4:4,844,844000,845000,1.0,server_sent
fd00::204:4:4:4,855,855000,856000,1.0,server_sent
fd00::204:4:4:4,865,865000,866000,1.0,server_sent
fd00::204:4:4:4,876,876000,877000,1.0,server_sent
fd00::204:4:4:4,886,886000,887000,1.0,server_sent
fd00::204:4:4:4,897,897000,898000,1.0,server_sent
fd00::204:4:4:4,907,907000,908000,1.0,server_sent
fd00::204:4:4:4,918,918000,919000,1.0,server_sent
fd00::204:4:4:4,928,928000,929000,1.0,server_sent
fd00::204:4:4:4,939,939000,940000,1.0,server_sent
fd00::204:4:4:4,950,950000,951000,2.0,server_sent
fd00::204:4:4:4,960,960000,961000,1.0,server_sent
fd00::204:4:4:4,971,971000,972000,1.0,server_sent
fd00::204:4:4:4,981,981000,982000,1.0,server_sent
fd00::204:4:4:4,992,992000,993000,1.0,server_sent
fd00::204:4:4:4,1002,1002000,1003000,1.0,server_sent
fd00::204:4:4:4,1013,1013000,1014000,1.0,server_sent
fd00::204:4:4:4,1023,1023000,1024000,1.0,server_sent
fd00::204:4:4:4,1034,1034000,1035000,1.0,server_sent
fd00::204:4:4:4,1045,1045000,1046000,1.0,server_sent
fd00::204:4:4:4,1055,1055000,1056000,1.0,server_sent
fd00::204:4:4:4,1066,1066000,1067000,1.0,server_sent
fd00::204:4:4:4,1076,1076000,1077000,1.0,server_sent
fd00::204:4:4:4,1087,1087000,1088000,1.0,server_sent
fd00::204:4:4:4,1097,1097000,1098000,1.0,server_sent
fd00::204:4:4:4,1108,1108000,1109000,1.0,server_sent
fd00::204:4:4:4,1118,1118000,1119000,1.0,server_sent
fd00::204:4:4:4,1129,1129000,1130000,1.0,server_sent
fd00::204:4:4:4,1140,1140000,1141000,2.0,server_sent
fd00::204:4:4:4,1150,1150000,1151000,1.0,server_sent
fd00::204:4:4:4,1161,1161000,1162000,1.0,server_sent
fd00::204:4:4:4,1172,1172000,1173000,1.0,server_sent
fd00::204:4:4:4,1182,1182000,1183000,1.0,server_sent
fd00::204:4:4:4,1193,1193000,1194000,1.0,server_sent
fd00::204:4:4:4,1203,1203000,1204000,1.0,server_sent
fd00::204:4:4:4,1214,1214000,1215000,1.0,server_sent
fd00::204:4:4:4,1224,1224000,1225000,1.0,server_sent
fd00::204:4:4:4,1235,1235000,1236000,1.0,server_sent
fd00::204:4:4:4,1245,1245000,1246000,1.0,server_sent
fd00::204:4:4:4,1256,1256000,1257000,1.0,server_sent
fd00::204:4:4:4,1266,1266000,1267000,1.0,server_sent
fd00::204:4:4:4,1277,1277000,1278000,1.0,server_sent
fd00::204:4:4:4,1287,1287000,1288000,1.0,server_sent
fd00::204:4:4:4,1298,1298000,1299000,1.0,server_sent
fd00::204:4:4:4,1308,1308000,1309000,1.0,server_sent
fd00::204:4:4:4,1319,1319000,1320000,1.0,server_sent
fd00::204:4:4:4,1330,1330000,1331000,2.0,server_sent
fd00::204:4:4:4,1340,1340000,1341000,1.0,server_sent
fd00::204:4:4:4,1351,1351000,1352000,1.0,server_sent
fd00::204:4:4:4,1361,1361000,1362000,1.0,server_sent
fd00::204:4:4:4,1372,1372000,1373000,1.0,server_sent
fd00::204:4:4:4,1382,1382000,1383000,1.0,server_sent
fd00::204:4:4:4,1393,1393000,1394000,1.0,server_sent
fd00::204:4:4:4,1404,1404000,1405000,1.0,server_sent
fd00::204:4:4:4,1414,1414000,1415000,1.0,server_sent
fd00::204:4:4:4,1425,1425000,1426000,1.0,server_sent
fd00::204:4:4:4,1435,1435000,1436000,1.0,server_sent
fd00::204:4:4:4,1446,1446000,1447000,1.0,server_sent
fd00::204:4:4:4,1456,1456000,1457000,1.0,server_sent
fd00::204:4:4:4,1467,1467000,1468000,1.0,server_sent
fd00::204:4:4:4,1477,1477000,1478000,1.0,server_sent
fd00::204:4:4:4,1488,1488000,1489000,1.0,server_sent
fd00::204:4:4:4,1498,1498000,1499000,1.0,server_sent
fd00::204:4:4:4,1509,1509000,1510000,1.0,server_sent
fd00::204:4:4:4,1522,1522000,1523000,2.0,server_sent
fd00::204:4:4:4,1530,1530000,1531000,1.0,server_sent
fd00::204:4:4:4,1541,1541000,1542000,1.0,server_sent
fd00::204:4:4:4,1551,1551000,1552000,1.0,server_sent
fd00::204:4:4:4,1563,1563000,1564000,1.0,server_sent
fd00::204:4:4:4,1572,1572000,1573000,1.0,server_sent
fd00::204:4:4:4,1583,1583000,1584000,1.0,server_sent
fd00::204:4:4:4,1593,1593000,1594000,1.0,server_sent
fd00::204:4:4:4,1604,1604000,1605000,1.0,server_sent
fd00::204:4:4:4,1615,1615000,1616000,1.0,server_sent
fd00::204:4:4:4,1625,1625000,1626000,1.0,server_sent
fd00::204:4:4:4,1636,1636000,1637000,1.0,server_sent
fd00::204:4:4:4,1646,1646000,1647000,1.0,server_sent
fd00::204:4:4:4,1657,1657000,1658000,1.0,server_sent
fd00::204:4:4:4,1667,1667000,1668000,1.0,server_sent
fd00::204:4:4:4,1678,1678000,1679000,1.0,server_sent
fd00::204:4:4:4,1689,1689000,1690000,1.0,server_sent
fd00::204:4:4:4,1699,1699000,1700000,1.0,server_sent
fd00::204:4:4:4,1711,1711000,1712000,2.0,server_sent
fd00::204:4:4:4,1722,1722000,1723000,1.0,server_sent
fd00::204:4:4:4,1731,1731000,1732000,1.0,server_sent
fd00::204:4:4:4,1741,1741000,1742000,1.0,server_sent
fd00::204:4:4:4,1752,1752000,1753000,1.0,server_sent
fd00::204:4:4:4,1762,1762000,1763000,1.0,server_sent
fd00::204:4:4:4,1773,1773000,1774000,1.0,server_sent
fd00::204:4:4:4,1783,1783000,1784000,1.0,server_sent
fd00::204:4:4:4,1794,1794000,1795000,1.0,server_sent
fd00::204:4:4:4,1805,1805000,1806000,1.0,server_sent
fd00::204:4:4:4,1815,1815000,1816000,1.0,server_sent
fd00::204:4:4:4,1826,1826000,1827000,1.0,server_sent
fd00::204:4:4:4,1836,1836000,1837000,1.0,server_sent
fd00::204:4:4:4,1847,1847000,1848000,1.0,server_sent
fd00::204:4:4:4,1857,1857000,1858000,1.0,server_sent
fd00::204:4:4:4,1868,1868000,1869000,1.0,server_sent
fd00::204:4:4:4,1879,1879000,1880000,1.0,server_sent
fd00::204:4:4:4,1889,1889000,1890000,1.0,server_sent
fd00::204:4:4:4,1903,1903000,1904000,2.0,server_sent
fd00::204:4:4:4,1911,1911000,1912000,1.0,server_sent
fd00::204:4:4:4,1921,1921000,1922000,1.0,server_sent
fd00::204:4:4:4,1931,1931000,1932000,1.0,server_sent
fd00::204:4:4:4,1942,1942000,1943000,1.0,server_sent
fd00::204:4:4:4,1952,1952000,1953000,1.0,server_sent
fd00::204:4:4:4,1963,1963000,1964000,1.0,server_sent
fd00::204:4:4:4,1973,1973000,1974000,1.0,server_sent
fd00::204:4:4:4,1984,1984000,1985000,1.0,server_sent
fd00::204:4:4:4,1995,1995000,1996000,1.0,server_sent
fd00::204:4:4:4,2005,2005000,2006000,1.0,server_sent
fd00::204:4:4:4,2016,2016000,2017000,1.0,server_sent
fd00::204:4:4:4,2026,2026000,2027000,1.0,server_sent
fd00::204:4:4:4,2037,2037000,2038000,1.0,server_sent
fd00::204:4:4:4,2047,2047000,2048000,1.0,server_sent
fd00::204:4:4:4,2058,2058000,2059000,1.0,server_sent
fd00::204:4:4:4,2068,2068000,2069000,1.0,server_sent
fd00::204:4:4:4,2079,2079000,2080000,1.0,server_sent
fd00::204:4:4:4,2090,2090000,2091000,2.0,server_sent
fd00::204:4:4:4,2100,2100000,2101000,1.0,server_sent
fd00::204:4:4:4,2111,2111000,2112000,1.0,server_sent
fd00::204:4:4:4,2121,2121000,2122000,1.0,server_sent
fd00::204:4:4:4,2134,2134000,2135000,1.0,server_sent
fd00::204:4:4:4,2143,2143000,2144000,1.0,server_sent
fd00::204:4:4:4,2153,2153000,2154000,1.0,server_sent
fd00::204:4:4:4,2163,2163000,2164000,1.0,server_sent
fd00::204:4:4:4,2174,2174000,2175000,1.0,server_sent
fd00::204:4:4:4,2185,2185000,2186000,1.0,server_sent
fd00::204:4:4:4,2195,2195000,2196000,1.0,server_sent
fd00::204:4:4:4,2206,2206000,2207000,1.0,server_sent
fd00::204:4:4:4,2216,2216000,2217000,1.0,server_sent
fd00::204:4:4:4,2227,2227000,2228000,1.0,server_sent
fd00::204:4:4:4,2237,2237000,2238000,1.0,server_sent
fd00::204:4:4:4,2248,2248000,2249000,1.0,server_sent
fd00::204:4:4:4,2258,2258000,2259000,1.0,server_sent
fd00::204:4:4:4,2269,2269000,2270000,1.0,server_sent
fd00::204:4:4:4,2280,2280000,2281000,2.0,server_sent
fd00::204:4:4:4,2291,2291000,2292000,1.0,server_sent
fd00::204:4:4:4,2301,2301000,2302000,1.0,server_sent
fd00::204:4:4:4,2311,2311000,2312000,1.0,server_sent
fd00::204:4:4:4,2322,2322000,2323000,1.0,server_sent
fd00::204:4:4:4,2333,2333000,2334000,1.0,server_sent
fd00::204:4:4:4,2343,2343000,2344000,1.0,server_sent
fd00::204:4:4:4,2353,2353000,2354000,1.0,server_sent
fd00::204:4:4:4,2364,2364000,2365000,1.0,server_sent
fd00::204:4:4:4,2375,2375000,2376000,1.0,server_sent
fd00::204:4:4:4,2385,2385000,2386000,1.0,server_sent
fd00::204:4:4:4,2396,2396000,2397000,1.0,server_sent
fd00::204:4:4:4,2406,2406000,2407000,1.0,server_sent
fd00::204:4:4:4,2417,2417000,2418000,1.0,server_sent
fd00::204:4:4:4,2427,2427000,2428000,1.0,server_sent
fd00::204:4:4:4,2438,2438000,2439000,1.0,server_sent
fd00::204:4:4:4,2448,2448000,2449000,1.0,server_sent
fd00::204:4:4:4,2459,2459000,2460000,1.0,server_sent
fd00::204:4:4:4,2470,2470000,2471000,2.0,server_sent
fd00::204:4:4:4,2481,2481000,2482000,1.0,server_sent
fd00::204:4:4:4,2491,2491000,2492000,1.0,server_sent
fd00::204:4:4:4,2501,2501000,2502000,1.0,server_sent
fd00::204:4:4:4,2512,2512000,2513000,1.0,server_sent
fd00::204:4:4:4,2522,2522000,2523000,1.0,server_sent
fd00::204:4:4:4,2533,2533000,2534000,1.0,server_sent
fd00::204:4:4:4,2544,2544000,2545000,1.0,server_sent
fd00::204:4:4:4,2554,2554000,2555000,1.0,server_sent
fd00::204:4:4:4,2565,2565000,2566000,1.0,server_sent
fd00::204:4:4:4,2575,2575000,2576000,1.0,server_sent
fd00::204:4:4:4,2586,2586000,2587000,1.0,server_sent
fd00::204:4:4:4,2596,2596000,2597000,1.0,server_sent
fd00::204:4:4:4,2607,2607000,2608000,1.0,server_sent
fd00::204:4:4:4,2618,2618000,2619000,1.0,server_sent
fd00::204:4:4:4,2628,2628000,2629000,1.0,server_sent
fd00::204:4:4:4,2639,2639000,2640000,1.0,server_sent
fd00::204:4:4:4,2649,2649000,2650000,1.0,server_sent
fd00::204:4:4:4,2660,2660000,2661000,2.0,server_sent
fd00::204:4:4:4,2673,2673000,2674000,1.0,server_sent
fd00::204:4:4:4,2681,2681000,2682000,1.0,server_sent
fd00::204:4:4:4,2691,2691000,2692000,1.0,server_sent
fd00::204:4:4:4,2702,2702000,2703000,1.0,server_sent
fd00::204:4:4:4,2712,2712000,2713000,1.0,server_sent
fd00::204:4:4:4,2723,2723000,2724000,1.0,server_sent
fd00::204:4:4:4,2734,2734000,2735000,1.0,server_sent
fd00::204:4:4:4,2744,2744000,2745000,1.0,server_sent
fd00::204:4:4:4,2755,2755000,2756000,1.0,server_sent
fd00::204:4:4:4,2765,2765000,2766000,1.0,server_sent
fd00::204:4:4:4,2776,2776000,2777000,1.0,server_sent
fd00::204:4:4:4,2786,2786000,2787000,1.0,server_sent
fd00::204:4:4:4,2797,2797000,2798000,1.0,server_sent
fd00::204:4:4:4,2807,2807000,2808000,1.0,server_sent
fd00::204:4:4:4,2818,2818000,2819000,1.0,server_sent
fd00::204:4:4:4,2828,2828000,2829000,1.0,server_sent
fd00::204:4:4:4,2839,2839000,2840000,1.0,server_sent
fd00::204:4:4:4,2850,2850000,2851000,2.0,server_sent
fd00::204:4:4:4,2865,2865000,2866000,1.0,server_sent
fd00::204:4:4:4,2871,2871000,2872000,1.0,server_sent
fd00::204:4:4:4,2881,2881000,2882000,1.0,server_sent
fd00::204:4:4:4,2892,2892000,2893000,1.0,server_sent
fd00::204:4:4:4,2902,2902000,2903000,1.0,server_sent
fd00::204:4:4:4,2913,2913000,2914000,1.0,server_sent
fd00::204:4:4:4,2923,2923000,2924000,1.0,server_sent
fd00::204:4:4:4,2934,2934000,2935000,1.0,server_sent
fd00::204:4:4:4,2945,2945000,2946000,1.0,server_sent
fd00::204:4:4:4,2955,2955000,2956000,1.0,server_sent
fd00::204:4:4:4,2966,2966000,2967000,1.0,server_sent
fd00::204:4:4:4,2976,2976000,2977000,1.0,server_sent
fd00::204:4:4:4,2987,2987000,2988000,1.0,server_sent
fd00::204:4:4:4,2998,2998000,2999000,1.0,server_sent
fd00::204:4:4:4,3008,3008000,3009000,1.0,server_sent
fd00::204:4:4:4,3019,3019000,3020000,1.0,server_sent
fd00::204:4:4:4,3029,3029000,3030000,1.0,server_sent
fd00::204:4:4:4,3040,3040000,3041000,2.0,server_sent
fd00::204:4:4:4,3050,3050000,3051000,1.0,server_sent
fd00::204:4:4:4,3061,3061000,3062000,1.0,server_sent
fd00::204:4:4:4,3071,3071000,3072000,1.0,server_sent
fd00::204:4:4:4,3082,3082000,3083000,1.0,server_sent
fd00::204:4:4:4,3092,3092000,3093000,1.0,server_sent
fd00::204:4:4:4,3103,3103000,3104000,1.0,server_sent
fd00::204:4:4:4,3114,3114000,3115000,1.0,server_sent
fd00::204:4:4:4,3124,3124000,3125000,1.0,server_sent
fd00::204:4:4:4,3135,3135000,3136000,1.0,server_sent
fd00::204:4:4:4,3145,3145000,3146000,1.0,server_sent
fd00::204:4:4:4,3156,3156000,3157000,1.0,server_sent
fd00::204:4:4:4,3166,3166000,3167000,1.0,server_sent
fd00::204:4:4:4,3177,3177000,3178000,1.0,server_sent
fd00::204:4:4:4,3187,3187000,3188000,1.0,server_sent
fd00::204:4:4:4,3198,3198000,3199000,1.0,server_sent
fd00::204:4:4:4,3209,3209000,3210000,1.0,server_sent
fd00::204:4:4:4,3219,3219000,3220000,1.0,server_sent
fd00::204:4:4:4,3232,3232000,3233000,2.0,server_sent
fd00::204:4:4:4,3240,3240000,3241000,1.0,server_sent
fd00::204:4:4:4,3252,3252000,3253000,1.0,server_sent
fd00::204:4:4:4,3263,3263000,3264000,1.0,server_sent
fd00::204:4:4:4,3272,3272000,3273000,1.0,server_sent
fd00::204:4:4:4,3282,3282000,3283000,1.0,server_sent
fd00::204:4:4:4,3293,3293000,3294000,1.0,server_sent
fd00::204:4:4:4,3304,3304000,3305000,1.0,server_sent
fd00::204:4:4:4,3314,3314000,3315000,1.0,server_sent
fd00::204:4:4:4,3325,3325000,3326000,1.0,server_sent
fd00::204:4:4:4,3335,3335000,3336000,1.0,server_sent
fd00::204:4:4:4,3346,3346000,3347000,1.0,server_sent
fd00::204:4:4:4,3357,3357000,3358000,1.0,server_sent
fd00::204:4:4:4,3367,3367000,3368000,1.0,server_sent
fd00::204:4:4:4,3377,3377000,3378000,1.0,server_sent
fd00::204:4:4:4,3388,3388000,3389000,1.0,server_sent
fd00::204:4:4:4,3398,3398000,3399000,1.0,server_sent
fd00::204:4:4:4,3409,3409000,3410000,1.0,server_sent
fd00::204:4:4:4,3420,3420000,3421000,2.0,server_sent
fd00::204:4:4:4,3431,3431000,3432000,1.0,server_sent
fd00::204:4:4:4,3441,3441000,3442000,1.0,server_sent
fd00::204:4:4:4,3451,3451000,3452000,1.0,server_sent
fd00::204:4:4:4,3462,3462000,3463000,1.0,server_sent
fd00::204:4:4:4,3472,3472000,3473000,1.0,server_sent
fd00::204:4:4:4,3483,3483000,3484000,1.0,server_sent
fd00::204:4:4:4,3494,3494000,3495000,1.0,server_sent
fd00::204:4:4:4,3504,3504000,3505000,1.0,server_sent
fd00::204:4:4:4,3515,3515000,3516000,1.0,server_sent
fd00::204:4:4:4,3525,3525000,3526000,1.0,server_sent
fd00::204:4:4:4,3536,3536000,3537000,1.0,server_sent
fd00::204:4:4:4,3546,3546000,3547000,1.0,server_sent
fd00::204:4:4:4,3557,3557000,3558000,1.0,server_sent
fd00::204:4:4:4,3567,3567000,3568000,1.0,server_sent
fd00::204:4:4:4,3578,3578000,3579000,1.0,server_sent
fd00::204:4:4:4,3589,3589000,3590000,1.0,server_sent
fd00::204:4:4:4,3599,3599000,3600000,1.0,server_sent
fd00::205:5:5:5,140,140000,141000,0.0,server_sent
fd00::205:5:5:5,151,151000,152000,1.0,server_sent
fd00::205:5:5:5,162,162000,163000,1.0,server_sent
fd00::205:5:5:5,173,173000,174000,1.0,server_sent
fd00::205:5:5:5,183,183000,184000,1.0,server_sent
fd00::205:5:5:5,194,194000,195000,1.0,server_sent
fd00::205:5:5:5,205,205000,206000,1.0,server_sent
fd00::205:5:5:5,216,216000,217000,1.0,server_sent
fd00::205:5:5:5,228,228000,229000,1.0,server_sent
fd00::205:5:5:5,237,237000,238000,1.0,server_sent
fd00::205:5:5:5,248,248000,249000,1.0,server_sent
fd00::205:5:5:5,259,259000,260000,1.0,server_sent
fd00::205:5:5:5,272,272000,273000,2.0,server_sent
fd00::205:5:5:5,282,282000,283000,1.0,server_sent
fd00::205:5:5:5,292,292000,293000,1.0,server_sent
fd00::205:5:5:5,302,302000,303000,1.0,server_sent
fd00::205:5:5:5,314,314000,315000,1.0,server_sent
fd00::205:5:5:5,324,324000,325000,1.0,server_sent
fd00::205:5:5:5,335,335000,336000,1.0,server_sent
fd00::205:5:5:5,345,345000,346000,1.0,server_sent
fd00::205:5:5:5,356,356000,357000,1.0,server_sent
fd00::205:5:5:5,367,367000,368000,1.0,server_sent
fd00::205:5:5:5,378,378000,379000,1.0,server_sent
fd00::205:5:5:5,388,388000,389000,1.0,server_sent
fd00::205:5:5:5,399,399000,400000,1.0,server_sent
fd00::205:5:5:5,413,413000,414000,2.0,server_sent
fd00::205:5:5:5,421,421000,422000,1.0,server_sent
fd00::205:5:5:5,432,432000,433000,1.0,server_sent
fd00::205:5:5:5,442,442000,443000,1.0,server_sent
fd00::205:5:5:5,453,453000,454000,1.0,server_sent
fd00::205:5:5:5,465,465000,466000,1.0,server_sent
fd00::205:5:5:5,475,475000,476000,1.0,server_sent
fd00::205:5:5:5,486,486000,487000,1.0,server_sent
fd00::205:5:5:5,496,496000,497000,1.0,server_sent
fd00::205:5:5:5,507,507000,508000,1.0,server_sent
fd00::205:5:5:5,518,518000,519000,1.0,server_sent
fd00::205:5:5:5,529,529000,530000,1.0,server_sent
fd00::205:5:5:5,541,541000,542000,2.0,server_sent
fd00::205:5:5:5,551,551000,552000,1.0,server_sent
fd00::205:5:5:5,561,561000,562000,1.0,server_sent
fd00::205:5:5:5,572,572000,573000,1.0,server_sent
fd00::205:5:5:5,583,583000,584000,1.0,server_sent
fd00::205:5:5:5,594,594000,595000,1.0,server_sent
fd00::205:5:5:5,604,604000,605000,1.0,server_sent
fd00::205:5:5:5,615,615000,616000,1.0,server_sent
fd00::205:5:5:5,626,626000,627000,1.0,server_sent
fd00::205:5:5:5,637,637000,638000,1.0,server_sent
fd00::205:5:5:5,647,647000,648000,1.0,server_sent
fd00::205:5:5:5,658,658000,659000,1.0,server_sent
fd00::205:5:5:5,669,669000,670000,1.0,server_sent
fd00::205:5:5:5,680,680000,681000,2.0,server_sent
fd00::205:5:5:5,691,691000,692000,1.0,server_sent
fd00::205:5:5:5,701,701000,702000,1.0,server_sent
fd00::205:5:5:5,712,712000,713000,1.0,server_sent
fd00::205:5:5:5,723,723000,724000,1.0,server_sent
fd00::205:5:5:5,734,734000,735000,1.0,server_sent
fd00::205:5:5:5,745,745000,746000,1.0,server_sent
fd00::205:5:5:5,755,755000,756000,1.0,server_sent
fd00::205:5:5:5,766,766000,767000,1.0,server_sent
fd00::205:5:5:5,777,777000,778000,1.0,server_sent
fd00::205:5:5:5,788,788000,789000,1.0,server_sent
fd00::205:5:5:5,799,799000,800000,1.0,server_sent
fd00::205:5:5:5,809,809000,810000,1.0,server_sent
fd00::205:5:5:5,821,821000,822000,2.0,server_sent
fd00::205:5:5:5,833,833000,834000,1.0,server_sent
fd00::205:5:5:5,842,842000,843000,1.0,server_sent
fd00::205:5:5:5,854,854000,855000,1.0,server_sent
fd00::205:5:5:5,863,863000,864000,1.0,server_sent
fd00::205:5:5:5,874,874000,875000,1.0,server_sent
fd00::205:5:5:5,885,885000,886000,1.0,server_sent
fd00::205:5:5:5,896,896000,897000,1.0,server_sent
fd00::205:5:5:5,907,907000,908000,1.0,server_sent
fd00::205:5:5:5,917,917000,918000,1.0,server_sent
fd00::205:5:5:5,928,928000,929000,1.0,server_sent
fd00::205:5:5:5,939,939000,940000,1.0,server_sent
fd00::205:5:5:5,951,951000,952000,2.0,server_sent
fd00::205:5:5:5,961,961000,962000,1.0,server_sent
fd00::205:5:5:5,974,974000,975000,1.0,server_sent
fd00::205:5:5:5,982,982000,983000,1.0,server_sent
fd00::205:5:5:5,993,993000,994000,1.0,server_sent
fd00::205:5:5:5,1004,1004000,1005000,1.0,server_sent
fd00::205:5:5:5,1014,1014000,1015000,1.0,server_sent
fd00::205:5:5:5,1025,1025000,1026000,1.0,server_sent
fd00::205:5:5:5,1036,1036000,1037000,1.0,server_sent
fd00::205:5:5:5,1047,1047000,1048000,1.0,server_sent
fd00::205:5:5:5,1058,1058000,1059000,1.0,server_sent
fd00::205:5:5:5,1068,1068000,1069000,1.0,server_sent
fd00::205:5:5:5,1079,1079000,1080000,1.0,server_sent
fd00::205:5:5:5,1090,1090000,1091000,2.0,server_sent
fd00::205:5:5:5,1101,1101000,1102000,1.0,server_sent
fd00::205:5:5:5,1112,1112000,1113000,1.0,server_sent
fd00::205:5:5:5,1123,1123000,1124000,1.0,server_sent
fd00::205:5:5:5,1133,1133000,1134000,1.0,server_sent
fd00::205:5:5:5,1144,1144000,1145000,1.0,server_sent
fd00::205:5:5:5,1155,1155000,1156000,1.0,server_sent
fd00::205:5:5:5,1166,1166000,1167000,1.0,server_sent
fd00::205:5:5:5,1176,1176000,1177000,1.0,server_sent
fd00::205:5:5:5,1187,1187000,1188000,1.0,server_sent
fd00::205:5:5:5,1198,1198000,1199000,1.0,server_sent
fd00::205:5:5:5,1209,1209000,1210000,1.0,server_sent
fd00::205:5:5:5,1219,1219000,1220000,1.0,server_sent
fd00::205:5:5:5,1233,1233000,1234000,2.0,server_sent
fd00::205:5:5:5,1241,1241000,1242000,1.0,server_sent
fd00::205:5:5:5,1253,1253000,1254000,1.0,server_sent
fd00::205:5:5:5,1263,1263000,1264000,1.0,server_sent
fd00::205:5:5:5,1273,1273000,1274000,1.0,server_sent
fd00::205:5:5:5,1285,1285000,1286000,1.0,server_sent
fd00::205:5:5:5,1295,1295000,1296000,1.0,server_sent
fd00::205:5:5:5,1306,1306000,1307000,1.0,server_sent
fd00::205:5:5:5,1317,1317000,1318000,1.0,server_sent
fd00::205:5:5:5,1327,1327000,1328000,1.0,server_sent
fd00::205:5:5:5,1338,1338000,1339000,1.0,server_sent
fd00::205:5:5:5,1349,1349000,1350000,1.0,server_sent
fd00::205:5:5:5,1361,1361000,1362000,2.0,server_sent
fd00::205:5:5:5,1371,1371000,1372000,1.0,server_sent
fd00::205:5:5:5,1382,1382000,1383000,1.0,server_sent
fd00::205:5:5:5,1392,1392000,1393000,1.0,server_sent
fd00::205:5:5:5,1403,1403000,1404000,1.0,server_sent
fd00::205:5:5:5,1414,1414000,1415000,1.0,server_sent
fd00::205:5:5:5,1425,1425000,1426000,1.0,server_sent
fd00::205:5:5:5,1435,1435000,1436000,1.0,server_sent
fd00::205:5:5:5,1446,1446000,1447000,1.0,server_sent
fd00::205:5:5:5,1457,1457000,1458000,1.0,server_sent
fd00::205:5:5:5,1468,1468000,1469000,1.0,server_sent
fd00::205:5:5:5,1479,1479000,1480000,1.0,server_sent
fd00::205:5:5:5,1491,1491000,1492000,2.0,server_sent
fd00::205:5:5:5,1500,1500000,1501000,1.0,server_sent
fd00::205:5:5:5,1512,1512000,1513000,1.0,server_sent
fd00::205:5:5:5,1523,1523000,1524000,1.0,server_sent
fd00::205:5:5:5,1532,1532000,1533000,1.0,server_sent
fd00::205:5:5:5,1543,1543000,1544000,1.0,server_sent
fd00::205:5:5:5,1554,1554000,1555000,1.0,server_sent
fd00::205:5:5:5,1565,1565000,1566000,1.0,server_sent
fd00::205:5:5:5,1576,1576000,1577000,1.0,server_sent
fd00::205:5:5:5,1586,1586000,1587000,1.0,server_sent
fd00::205:5:5:5,1597,1597000,1598000,1.0,server_sent
fd00::205:5:5:5,1608,1608000,1609000,1.0,server_sent
fd00::205:5:5:5,1619,1619000,1620000,1.0,server_sent
fd00::205:5:5:5,1631,1631000,1632000,2.0,server_sent
fd00::205:5:5:5,1641,1641000,1642000,1.0,server_sent
fd00::205:5:5:5,1652,1652000,1653000,1.0,server_sent
fd00::205:5:5:5,1662,1662000,1663000,1.0,server_sent
fd00::205:5:5:5,1673,1673000,1674000,1.0,server_sent
fd00::205:5:5:5,1684,1684000,1685000,1.0,server_sent
fd00::205:5:5:5,1694,1694000,1695000,1.0,server_sent
fd00::205:5:5:5,1705,1705000,1706000,1.0,server_sent
fd00::205:5:5:5,1716,1716000,1717000,1.0,server_sent
fd00::205:5:5:5,1727,1727000,1728000,1.0,server_sent
fd00::205:5:5:5,1738,1738000,1739000,1.0,server_sent
fd00::205:5:5:5,1748,1748000,1749000,1.0,server_sent
fd00::205:5:5:5,1759,1759000,1760000,1.0,server_sent
fd00::205:5:5:5,1771,1771000,1772000,2.0,server_sent
fd00::205:5:5:5,1781,1781000,1782000,1.0,server_sent
fd00::205:5:5:5,1792,1792000,1793000,1.0,server_sent
fd00::205:5:5:5,1802,1802000,1803000,1.0,server_sent
fd00::205:5:5:5,1813,1813000,1814000,1.0,server_sent
fd00::205:5:5:5,1825,1825000,1826000,1.0,server_sent
fd00::205:5:5:5,1835,1835000,1836000,1.0,server_sent
fd00::205:5:5:5,1845,1845000,1846000,1.0,server_sent
fd00::205:5:5:5,1856,1856000,1857000,1.0,server_sent
fd00::205:5:5:5,1867,1867000,1868000,1.0,server_sent
fd00::205:5:5:5,1878,1878000,1879000,1.0,server_sent
fd00::205:5:5:5,1889,1889000,1890000,1.0,server_sent
fd00::205:5:5:5,1903,1903000,1904000,2.0,server_sent
fd00::205:5:5:5,1911,1911000,1912000,1.0,server_sent
fd00::205:5:5:5,1921,1921000,1922000,1.0,server_sent
fd00::205:5:5:5,1932,1932000,1933000,1.0,server_sent
fd00::205:5:5:5,1944,1944000,1945000,1.0,server_sent
fd00::205:5:5:5,1954,1954000,1955000,1.0,server_sent
fd00::205:5:5:5,1964,1964000,1965000,1.0,server_sent
fd00::205:5:5:5,1975,1975000,1976000,1.0,server_sent
fd00::205:5:5:5,1986,1986000,1987000,1.0,server_sent
fd00::205:5:5:5,1997,1997000,1998000,1.0,server_sent
fd00::205:5:5:5,2007,2007000,2008000,1.0,server_sent
fd00::205:5:5:5,2018,2018000,2019000,1.0,server_sent
fd00::205:5:5:5,2029,2029000,2030000,1.0,server_sent
fd00::205:5:5:5,2041,2041000,2042000,2.0,server_sent
fd00::205:5:5:5,2051,2051000,2052000,1.0,server_sent
fd00::205:5:5:5,2064,2064000,2065000,1.0,server_sent
fd00::205:5:5:5,2072,2072000,2073000,1.0,server_sent
fd00::205:5:5:5,2083,2083000,2084000,1.0,server_sent
fd00::205:5:5:5,2094,2094000,2095000,1.0,server_sent
fd00::205:5:5:5,2104,2104000,2105000,1.0,server_sent
fd00::205:5:5:5,2115,2115000,2116000,1.0,server_sent
fd00::205:5:5:5,2126,2126000,2127000,1.0,server_sent
fd00::205:5:5:5,2137,2137000,2138000,1.0,server_sent
fd00::205:5:5:5,2148,2148000,2149000,1.0,server_sent
fd00::205:5:5:5,2159,2159000,2160000,1.0,server_sent
fd00::205:5:5:5,2169,2169000,2170000,1.0,server_sent
fd00::205:5:5:5,2181,2181000,2182000,2.0,server_sent
fd00::205:5:5:5,2194,2194000,2195000,1.0,server_sent
fd00::205:5:5:5,2202,2202000,2203000,1.0,server_sent
fd00::205:5:5:5,2212,2212000,2213000,1.0,server_sent
fd00::205:5:5:5,2223,2223000,2224000,1.0,server_sent
fd00::205:5:5:5,2234,2234000,2235000,1.0,server_sent
fd00::205:5:5:5,2245,2245000,2246000,1.0,server_sent
fd00::205:5:5:5,2256,2256000,2257000,1.0,server_sent
fd00::205:5:5:5,2266,2266000,2267000,1.0,server_sent
fd00::205:5:5:5,2277,2277000,2278000,1.0,server_sent
fd00::205:5:5:5,2288,2288000,2289000,1.0,server_sent
fd00::205:5:5:5,2299,2299000,2300000,1.0,server_sent
fd00::205:5:5:5,2310,2310000,2311000,2.0,server_sent
fd00::205:5:5:5,2321,2321000,2322000,1.0,server_sent
fd00::205:5:5:5,2332,2332000,2333000,1.0,server_sent
fd00::205:5:5:5,2342,2342000,2343000,1.0,server_sent
fd00::205:5:5:5,2353,2353000,2354000,1.0,server_sent
fd00::205:5:5:5,2363,2363000,2364000,1.0,server_sent
fd00::205:5:5:5,2374,2374000,2375000,1.0,server_sent
fd00::205:5:5:5,2385,2385000,2386000,1.0,server_sent
fd00::205:5:5:5,2396,2396000,2397000,1.0,server_sent
fd00::205:5:5:5,2407,2407000,2408000,1.0,server_sent
fd00::205:5:5:5,2417,2417000,2418000,1.0,server_sent
fd00::205:5:5:5,2428,2428000,2429000,1.0,server_sent
fd00::205:5:5:5,2439,2439000,2440000,1.0,server_sent
fd00::205:5:5:5,2451,2451000,2452000,2.0,server_sent
fd00::205:5:5:5,2461,2461000,2462000,1.0,server_sent
fd00::205:5:5:5,2472,2472000,2473000,1.0,server_sent
fd00::205:5:5:5,2483,2483000,2484000,1.0,server_sent
fd00::205:5:5:5,2493,2493000,2494000,1.0,server_sent
fd00::205:5:5:5,2504,2504000,2505000,1.0,server_sent
fd00::205:5:5:5,2515,2515000,2516000,1.0,server_sent
fd00::205:5:5:5,2525,2525000,2526000,1.0,server_sent
fd00::205:5:5:5,2536,2536000,2537000,1.0,server_sent
fd00::205:5:5:5,2547,2547000,2548000,1.0,server_sent
fd00::205:5:5:5,2558,2558000,2559000,1.0,server_sent
fd00::205:5:5:5,2569,2569000,2570000,1.0,server_sent
fd00::205:5:5:5,2579,2579000,2580000,1.0,server_sent
fd00::205:5:5:5,2590,2590000,2591000,2.0,server_sent
fd00::205:5:5:5,2602,2602000,2603000,1.0,server_sent
fd00::205:5:5:5,2612,2612000,2613000,1.0,server_sent
fd00::205:5:5:5,2623,2623000,2624000,1.0,server_sent
fd00::205:5:5:5,2633,2633000,2634000,1.0,server_sent
fd00::205:5:5:5,2646,2646000,2647000,1.0,server_sent
fd00::205:5:5:5,2655,2655000,2656000,1.0,server_sent
fd00::205:5:5:5,2666,2666000,2667000,1.0,server_sent
fd00::205:5:5:5,2676,2676000,2677000,1.0,server_sent
fd00::205:5:5:5,2687,2687000,2688000,1.0,server_sent
fd00::205:5:5:5,2698,2698000,2699000,1.0,server_sent
fd00::205:5:5:5,2709,2709000,2710000,1.0,server_sent
fd00::205:5:5:5,2721,2721000,2722000,2.0,server_sent
fd00::205:5:5:5,2734,2734000,2735000,1.0,server_sent
fd00::205:5:5:5,2741,2741000,2742000,1.0,server_sent
fd00::205:5:5:5,2753,2753000,2754000,1.0,server_sent
fd00::205:5:5:5,2763,2763000,2764000,1.0,server_sent
fd00::205:5:5:5,2774,2774000,2775000,1.0,server_sent
fd00::205:5:5:5,2785,2785000,2786000,1.0,server_sent
fd00::205:5:5:5,2795,2795000,2796000,1.0,server_sent
fd00::205:5:5:5,2806,2806000,2807000,1.0,server_sent
fd00::205:5:5:5,2817,2817000,2818000,1.0,server_sent
fd00::205:5:5:5,2828,2828000,2829000,1.0,server_sent
fd00::205:5:5:5,2838,2838000,2839000,1.0,server_sent
fd00::205:5:5:5,2849,2849000,2850000,1.0,server_sent
fd00::205:5:5:5,2865,2865000,2866000,2.0,server_sent
fd00::205:5:5:5,2871,2871000,2872000,1.0,server_sent
fd00::205:5:5:5,2881,2881000,2882000,1.0,server_sent
fd00::205:5:5:5,2892,2892000,2893000,1.0,server_sent
fd00::205:5:5:5,2903,2903000,2904000,1.0,server_sent
fd00::205:5:5:5,2914,2914000,2915000,1.0,server_sent
fd00::205:5:5:5,2925,2925000,2926000,1.0,server_sent
fd00::205:5:5:5,2935,2935000,2936000,1.0,server_sent
fd00::205:5:5:5,2946,2946000,2947000,1.0,server_sent
fd00::205:5:5:5,2957,2957000,2958000,1.0,server_sent
fd00::205:5:5:5,2968,2968000,2969000,1.0,server_sent
fd00::205:5:5:5,2979,2979000,2980000,1.0,server_sent
fd00::205:5:5:5,2989,2989000,2990000,1.0,server_sent
fd00::205:5:5:5,3001,3001000,3002000,2.0,server_sent
fd00::205:5:5:5,3014,3014000,3015000,1.0,server_sent
fd00::205:5:5:5,3023,3023000,3024000,1.0,server_sent
fd00::205:5:5:5,3033,3033000,3034000,1.0,server_sent
fd00::205:5:5:5,3043,3043000,3044000,1.0,server_sent
fd00::205:5:5:5,3054,3054000,3055000,1.0,server_sent
fd00::205:5:5:5,3065,3065000,3066000,1.0,server_sent
fd00::205:5:5:5,3076,3076000,3077000,1.0,server_sent
fd00::205:5:5:5,3087,3087000,3088000,1.0,server_sent
fd00::205:5:5:5,3097,3097000,3098000,1.0,server_sent
fd00::205:5:5:5,3108,3108000,3109000,1.0,server_sent
fd00::205:5:5:5,3119,3119000,3120000,1.0,server_sent
fd00::205:5:5:5,3132,3132000,3133000,2.0,server_sent
fd00::205:5:5:5,3141,3141000,3142000,1.0,server_sent
fd00::205:5:5:5,3152,3152000,3153000,1.0,server_sent
fd00::205:5:5:5,3162,3162000,3163000,1.0,server_sent
fd00::205:5:5:5,3173,3173000,3174000,1.0,server_sent
fd00::205:5:5:5,3184,3184000,3185000,1.0,server_sent
fd00::205:5:5:5,3194,3194000,3195000,1.0,server_sent
fd00::205:5:5:5,3205,3205000,3206000,1.0,server_sent
fd00::205:5:5:5,3216,3216000,3217000,1.0,server_sent
fd00::205:5:5:5,3227,3227000,3228000,1.0,server_sent
fd00::205:5:5:5,3238,3238000,3239000,1.0,server_sent
fd00::205:5:5:5,3248,3248000,3249000,1.0,server_sent
fd00::205:5:5:5,3259,3259000,3260000,1.0,server_sent
fd00::205:5:5:5,3271,3271000,3272000,2.0,server_sent
fd00::205:5:5:5,3282,3282000,3283000,1.0,server_sent
fd00::205:5:5:5,3294,3294000,3295000,1.0,server_sent
fd00::205:5:5:5,3302,3302000,3303000,1.0,server_sent
fd00::205:5:5:5,3313,3313000,3314000,1.0,server_sent
fd00::205:5:5:5,3324,3324000,3325000,1.0,server_sent
fd00::205:5:5:5,3335,3335000,3336000,1.0,server_sent
fd00::205:5:5:5,3346,3346000,3347000,1.0,server_sent
fd00::205:5:5:5,3356,3356000,3357000,1.0,server_sent
fd00::205:5:5:5,3367,3367000,3368000,1.0,server_sent
fd00::205:5:5:5,3378,3378000,3379000,1.0,server_sent
fd00::205:5:5:5,3389,3389000,3390000,1.0,server_sent
fd00::205:5:5:5,3399,3399000,3400000,1.0,server_sent
fd00::205:5:5:5,3413,3413000,3414000,2.0,server_sent
fd00::205:5:5:5,3421,3421000,3422000,1.0,server_sent
fd00::205:5:5:5,3432,3432000,3433000,1.0,server_sent
fd00::205:5:5:5,3443,3443000,3444000,1.0,server_sent
fd00::205:5:5:5,3453,3453000,3454000,1.0,server_sent
fd00::205:5:5:5,3465,3465000,3466000,1.0,server_sent
fd00::205:5:5:5,3475,3475000,3476000,1.0,server_sent
fd00::205:5:5:5,3486,3486000,3487000,1.0,server_sent
fd00::205:5:5:5,3497,3497000,3498000,1.0,server_sent
fd00::205:5:5:5,3507,3507000,3508000,1.0,server_sent
fd00::205:5:5:5,3518,3518000,3519000,1.0,server_sent
fd00::205:5:5:5,3529,3529000,3530000,1.0,server_sent
fd00::205:5:5:5,3540,3540000,3541000,2.0,server_sent
fd00::205:5:5:5,3551,3551000,3552000,1.0,server_sent
fd00::205:5:5:5,3562,3562000,3563000,1.0,server_sent
fd00::205:5:5:5,3572,3572000,3573000,1.0,server_sent
fd00::205:5:5:5,3583,3583000,3584000,1.0,server_sent
fd00::205:5:5:5,3594,3594000,3595000,1.0,server_sent
fd00::202:2:2:2,20,20000,21000,0.0,server_received
fd00::202:2:2:2,31,31000,32000,2.0,server_received
fd00::202:2:2:2,42,42000,43000,2.0,server_received
fd00::202:2:2:2,52,52000,53000,2.0,server_received
fd00::202:2:2:2,63,63000,64000,2.0,server_received
fd00::202:2:2:2,73,73000,74000,2.0,server_received
fd00::202:2:2:2,84,84000,85000,2.0,server_received
fd00::202:2:2:2,94,94000,95000,2.0,server_received
fd00::202:2:2:2,105,105000,106000,2.0,server_received
fd00::202:2:2:2,115,115000,116000,2.0,server_received
fd00::202:2:2:2,126,126000,127000,2.0,server_received
fd00::202:2:2:2,136,136000,137000,2.0,server_received
fd00::202:2:2:2,147,147000,148000,2.0,server_received
fd00::202:2:2:2,157,157000,158000,2.0,server_received
fd00::202:2:2:2,168,168000,169000,2.0,server_received
fd00::202:2:2:2,178,178000,179000,2.0,server_received
fd00::202:2:2:2,189,189000,190000,2.0,server_received
fd00::202:2:2:2,199,199000,200000,2.0,server_received
fd00::202:2:2:2,213,213000,214000,3.0,server_received
fd00::202:2:2:2,221,221000,222000,2.0,server_received
fd00::202:2:2:2,231,231000,232000,2.0,server_received
fd00::202:2:2:2,242,242000,243000,2.0,server_received
fd00::202:2:2:2,252,252000,253000,2.0,server_received
fd00::202:2:2:2,263,263000,264000,2.0,server_received
fd00::202:2:2:2,273,273000,274000,2.0,server_received
fd00::202:2:2:2,284,284000,285000,2.0,server_received
fd00::202:2:2:2,294,294000,295000,2.0,server_received
fd00::202:2:2:2,305,305000,306000,2.0,server_received
fd00::202:2:2:2,315,315000,316000,2.0,server_received
fd00::202:2:2:2,326,326000,327000,2.0,server_received
fd00::202:2:2:2,336,336000,337000,2.0,server_received
fd00::202:2:2:2,347,347000,348000,2.0,server_received
fd00::202:2:2:2,357,357000,358000,2.0,server_received
fd00::202:2:2:2,368,368000,369000,2.0,server_received
fd00::202:2:2:2,378,378000,379000,2.0,server_received
fd00::202:2:2:2,389,389000,390000,2.0,server_received
fd00::202:2:2:2,401,401000,402000,2.0,server_received
fd00::202:2:2:2,413,413000,414000,3.0,server_received
fd00::202:2:2:2,421,421000,422000,2.0,server_received
fd00::202:2:2:2,431,431000,432000,2.0,server_received
fd00::202:2:2:2,442,442000,443000,2.0,server_received
fd00::202:2:2:2,452,452000,453000,2.0,server_received
fd00::202:2:2:2,463,463000,464000,2.0,server_received
fd00::202:2:2:2,473,473000,474000,2.0,server_received
fd00::202:2:2:2,484,484000,485000,2.0,server_received
fd00::202:2:2:2,494,494000,495000,2.0,server_received
fd00::202:2:2:2,505,505000,506000,2.0,server_received
fd00::202:2:2:2,515,515000,516000,2.0,server_received
fd00::202:2:2:2,526,526000,527000,2.0,server_received
fd00::202:2:2:2,536,536000,537000,2.0,server_received
fd00::202:2:2:2,547,547000,548000,2.0,server_received
fd00::202:2:2:2,558,558000,559000,2.0,server_received
fd00::202:2:2:2,568,568000,569000,2.0,server_received
fd00::202:2:2:2,579,579000,580000,2.0,server_received
fd00::202:2:2:2,589,589000,590000,2.0,server_received
fd00::202:2:2:2,600,600000,601000,3.0,server_received
fd00::202:2:2:2,613,613000,614000,2.0,server_received
fd00::202:2:2:2,622,622000,623000,1.0,server_received
fd00::202:2:2:2,631,631000,632000,3.0,server_received
fd00::202:2:2:2,642,642000,643000,2.0,server_received
fd00::202:2:2:2,652,652000,653000,2.0,server_received
fd00::202:2:2:2,663,663000,664000,2.0,server_received
fd00::202:2:2:2,674,674000,675000,2.0,server_received
fd00::202:2:2:2,684,684000,685000,2.0,server_received
fd00::202:2:2:2,694,694000,695000,2.0,server_received
fd00::202:2:2:2,705,705000,706000,2.0,server_received
fd00::202:2:2:2,715,715000,716000,2.0,server_received
fd00::202:2:2:2,726,726000,727000,2.0,server_received
fd00::202:2:2:2,737,737000,738000,2.0,server_received
fd00::202:2:2:2,747,747000,748000,2.0,server_received
fd00::202:2:2:2,758,758000,759000,2.0,server_received
fd00::202:2:2:2,768,768000,769000,2.0,server_received
fd00::202:2:2:2,779,779000,780000,2.0,server_received
fd00::202:2:2:2,789,789000,790000,2.0,server_received
fd00::202:2:2:2,803,803000,804000,3.0,server_received
fd00::202:2:2:2,810,810000,811000,2.0,server_received
fd00::202:2:2:2,821,821000,822000,2.0,server_received
fd00::202:2:2:2,831,831000,832000,2.0,server_received
fd00::202:2:2:2,842,842000,843000,2.0,server_received
fd00::202:2:2:2,853,853000,854000,2.0,server_received
fd00::202:2:2:2,863,863000,864000,2.0,server_received
fd00::202:2:2:2,873,873000,874000,2.0,server_received
fd00::202:2:2:2,884,884000,885000,2.0,server_received
fd00::202:2:2:2,895,895000,896000,2.0,server_received
fd00::202:2:2:2,905,905000,906000,2.0,server_received
fd00::202:2:2:2,916,916000,917000,2.0,server_received
fd00::202:2:2:2,926,926000,927000,2.0,server_received
fd00::202:2:2:2,937,937000,938000,2.0,server_received
fd00::202:2:2:2,947,947000,948000,2.0,server_received
fd00::202:2:2:2,958,958000,959000,2.0,server_received
fd00::202:2:2:2,968,968000,969000,2.0,server_received
fd00::202:2:2:2,979,979000,980000,2.0,server_received
fd00::202:2:2:2,989,989000,990000,2.0,server_received
fd00::202:2:2:2,1000,1000000,1001000,3.0,server_received
fd00::202:2:2:2,1011,1011000,1012000,2.0,server_received
fd00::202:2:2:2,1021,1021000,1022000,2.0,server_received
fd00::202:2:2:2,1032,1032000,1033000,2.0,server_received
fd00::202:2:2:2,1042,1042000,1043000,2.0,server_received
fd00::202:2:2:2,1053,1053000,1054000,2.0,server_received
fd00::202:2:2:2,1063,1063000,1064000,2.0,server_received
fd00::202:2:2:2,1074,1074000,1075000,2.0,server_received
fd00::202:2:2:2,1084,1084000,1085000,2.0,server_received
fd00::202:2:2:2,1095,1095000,1096000,2.0,server_received
fd00::202:2:2:2,1105,1105000,1106000,2.0,server_received
fd00::202:2:2:2,1116,1116000,1117000,2.0,server_received
fd00::202:2:2:2,1126,1126000,1127000,2.0,server_received
fd00::202:2:2:2,1137,1137000,1138000,2.0,server_received
fd00::202:2:2:2,1147,1147000,1148000,2.0,server_received
fd00::202:2:2:2,1158,1158000,1159000,2.0,server_received
fd00::202:2:2:2,1168,1168000,1169000,2.0,server_received
fd00::202:2:2:2,1179,1179000,1180000,2.0,server_received
fd00::202:2:2:2,1189,1189000,1190000,2.0,server_received
fd00::202:2:2:2,1200,1200000,1201000,3.0,server_received
fd00::202:2:2:2,1210,1210000,1211000,2.0,server_received
fd00::202:2:2:2,1221,1221000,1222000,2.0,server_received
fd00::202:2:2:2,1232,1232000,1233000,2.0,server_received
fd00::202:2:2:2,1242,1242000,1243000,2.0,server_received
fd00::202:2:2:2,1253,1253000,1254000,2.0,server_received
fd00::202:2:2:2,1263,1263000,1264000,2.0,server_received
fd00::202:2:2:2,1274,1274000,1275000,2.0,server_received
fd00::202:2:2:2,1285,1285000,1286000,2.0,server_received
fd00::202:2:2:2,1295,1295000,1296000,2.0,server_received
fd00::202:2:2:2,1305,1305000,1306000,2.0,server_received
fd00::202:2:2:2,1316,1316000,1317000,2.0,server_received
fd00::202:2:2:2,1326,1326000,1327000,2.0,server_received
fd00::202:2:2:2,1337,1337000,1338000,2.0,server_received
fd00::202:2:2:2,1347,1347000,1348000,2.0,server_received
fd00::202:2:2:2,1358,1358000,1359000,2.0,server_received
fd00::202:2:2:2,1368,1368000,1369000,2.0,server_received
fd00::202:2:2:2,1379,1379000,1380000,2.0,server_received
fd00::202:2:2:2,1389,1389000,1390000,2.0,server_received
fd00::202:2:2:2,1400,1400000,1401000,3.0,server_received
fd00::202:2:2:2,1411,1411000,1412000,2.0,server_received
fd00::202:2:2:2,1421,1421000,1422000,2.0,server_received
fd00::202:2:2:2,1432,1432000,1433000,2.0,server_received
fd00::202:2:2:2,1442,1442000,1443000,2.0,server_received
fd00::202:2:2:2,1453,1453000,1454000,2.0,server_received
fd00::202:2:2:2,1463,1463000,1464000,2.0,server_received
fd00::202:2:2:2,1474,1474000,1475000,2.0,server_received
fd00::202:2:2:2,1484,1484000,1485000,2.0,server_received
fd00::202:2:2:2,1495,1495000,1496000,2.0,server_received
fd00::202:2:2:2,1505,1505000,1506000,2.0,server_received
fd00::202:2:2:2,1516,1516000,1517000,2.0,server_received
fd00::202:2:2:2,1526,1526000,1527000,2.0,server_received
fd00::202:2:2:2,1537,1537000,1538000,2.0,server_received
fd00::202:2:2:2,1547,1547000,1548000,2.0,server_received
fd00::202:2:2:2,1558,1558000,1559000,2.0,server_received
fd00::202:2:2:2,1568,1568000,1569000,2.0,server_received
fd00::202:2:2:2,1579,1579000,1580000,2.0,server_received
fd00::202:2:2:2,1593,1593000,1594000,2.0,server_received
fd00::202:2:2:2,1602,1602000,1603000,3.0,server_received
fd00::202:2:2:2,1611,1611000,1612000,2.0,server_received
fd00::202:2:2:2,1623,1623000,1624000,2.0,server_received
fd00::202:2:2:2,1632,1632000,1633000,1.0,server_received
fd00::202:2:2:2,1644,1644000,1645000,3.0,server_received
fd00::202:2:2:2,1653,1653000,1654000,2.0,server_received
fd00::202:2:2:2,1663,1663000,1664000,2.0,server_received
fd00::202:2:2:2,1674,1674000,1675000,2.0,server_received
fd00::202:2:2:2,1684,1684000,1685000,2.0,server_received
fd00::202:2:2:2,1695,1695000,1696000,2.0,server_received
fd00::202:2:2:2,1705,1705000,1706000,2.0,server_received
fd00::202:2:2:2,1716,1716000,1717000,2.0,server_received
fd00::202:2:2:2,1726,1726000,1727000,2.0,server_received
fd00::202:2:2:2,1737,1737000,1738000,2.0,server_received
fd00::202:2:2:2,1748,1748000,1749000,2.0,server_received
fd00::202:2:2:2,1758,1758000,1759000,2.0,server_received
fd00::202:2:2:2,1769,1769000,1770000,2.0,server_received
fd00::202:2:2:2,1779,1779000,1780000,2.0,server_received
fd00::202:2:2:2,1790,1790000,1791000,3.0,server_received
fd00::202:2:2:2,1801,1801000,1802000,2.0,server_received
fd00::202:2:2:2,1811,1811000,1812000,2.0,server_received
fd00::202:2:2:2,1821,1821000,1822000,2.0,server_received
fd00::202:2:2:2,1832,1832000,1833000,2.0,server_received
fd00::202:2:2:2,1842,1842000,1843000,2.0,server_received
fd00::202:2:2:2,1853,1853000,1854000,2.0,server_received
fd00::202:2:2:2,1863,1863000,1864000,2.0,server_received
fd00::202:2:2:2,1874,1874000,1875000,2.0,server_received
fd00::202:2:2:2,1884,1884000,1885000,2.0,server_received
fd00::202:2:2:2,1895,1895000,1896000,2.0,server_received
fd00::202:2:2:2,1905,1905000,1906000,2.0,server_received
fd00::202:2:2:2,1916,1916000,1917000,2.0,server_received
fd00::202:2:2:2,1927,1927000,1928000,2.0,server_received
fd00::202:2:2:2,1937,1937000,1938000,2.0,server_received
fd00::202:2:2:2,1948,1948000,1949000,2.0,server_received
fd00::202:2:2:2,1958,1958000,1959000,2.0,server_received
fd00::202:2:2:2,1969,1969000,1970000,2.0,server_received
fd00::202:2:2:2,1979,1979000,1980000,2.0,server_received
fd00::202:2:2:2,1990,1990000,1991000,3.0,server_received
fd00::202:2:2:2,2000,2000000,2001000,2.0,server_received
fd00::202:2:2:2,2011,2011000,2012000,2.0,server_received
fd00::202:2:2:2,2021,2021000,2022000,2.0,server_received
fd00::202:2:2:2,2032,2032000,2033000,2.0,server_received
fd00::202:2:2:2,2045,2045000,2046000,2.0,server_received
fd00::202:2:2:2,2053,2053000,2054000,2.0,server_received
fd00::202:2:2:2,2063,2063000,2064000,2.0,server_received
fd00::202:2:2:2,2074,2074000,2075000,2.0,server_received
fd00::202:2:2:2,2085,2085000,2086000,2.0,server_received
fd00::202:2:2:2,2095,2095000,2096000,2.0,server_received
fd00::202:2:2:2,2106,2106000,2107000,2.0,server_received
fd00::202:2:2:2,2116,2116000,2117000,2.0,server_received
fd00::202:2:2:2,2127,2127000,2128000,2.0,server_received
fd00::202:2:2:2,2137,2137000,2138000,2.0,server_received
fd00::202:2:2:2,2148,2148000,2149000,2.0,server_received
fd00::202:2:2:2,2159,2159000,2160000,2.0,server_received
fd00::202:2:2:2,2169,2169000,2170000,2.0,server_received
fd00::202:2:2:2,2179,2179000,2180000,2.0,server_received
fd00::202:2:2:2,2190,2190000,2191000,3.0,server_received
fd00::202:2:2:2,2200,2200000,2201000,2.0,server_received
fd00::202:2:2:2,2211,2211000,2212000,2.0,server_received
fd00::202:2:2:2,2224,2224000,2225000,2.0,server_received
fd00::202:2:2:2,2233,2233000,2234000,2.0,server_received
fd00::202:2:2:2,2243,2243000,2244000,2.0,server_received
fd00::202:2:2:2,2253,2253000,2254000,2.0,server_received
fd00::202:2:2:2,2264,2264000,2265000,2.0,server_received
fd00::202:2:2:2,2274,2274000,2275000,2.0,server_received
fd00::202:2:2:2,2285,2285000,2286000,2.0,server_received
fd00::202:2:2:2,2295,2295000,2296000,2.0,server_received
fd00::202:2:2:2,2306,2306000,2307000,2.0,server_received
fd00::202:2:2:2,2316,2316000,2317000,2.0,server_received
fd00::202:2:2:2,2327,2327000,2328000,2.0,server_received
fd00::202:2:2:2,2337,2337000,2338000,2.0,server_received
fd00::202:2:2:2,2348,2348000,2349000,2.0,server_received
fd00::202:2:2:2,2358,2358000,2359000,2.0,server_received
fd00::202:2:2:2,2369,2369000,2370000,2.0,server_received
fd00::202:2:2:2,2379,2379000,2380000,2.0,server_received
fd00::202:2:2:2,2390,2390000,2391000,3.0,server_received
fd00::202:2:2:2,2401,2401000,2402000,2.0,server_received
fd00::202:2:2:2,2411,2411000,2412000,2.0,server_received
fd00::202:2:2:2,2422,2422000,2423000,2.0,server_received
fd00::202:2:2:2,2432,2432000,2433000,2.0,server_received
fd00::202:2:2:2,2443,2443000,2444000,2.0,server_received
fd00::202:2:2:2,2453,2453000,2454000,2.0,server_received
fd00::202:2:2:2,2464,2464000,2465000,2.0,server_received
fd00::202:2:2:2,2474,2474000,2475000,2.0,server_received
fd00::202:2:2:2,2485,2485000,2486000,2.0,server_received
fd00::202:2:2:2,2495,2495000,2496000,2.0,server_received
fd00::202:2:2:2,2506,2506000,2507000,2.0,server_received
fd00::202:2:2:2,2516,2516000,2517000,2.0,server_received
fd00::202:2:2:2,2527,2527000,2528000,2.0,server_received
fd00::202:2:2:2,2537,2537000,2538000,2.0,server_received
fd00::202:2:2:2,2548,2548000,2549000,2.0,server_received
fd00::202:2:2:2,2558,2558000,2559000,2.0,server_received
fd00::202:2:2:2,2569,2569000,2570000,2.0,server_received
fd00::202:2:2:2,2579,2579000,2580000,2.0,server_received
fd00::202:2:2:2,2591,2591000,2592000,3.0,server_received
fd00::202:2:2:2,2601,2601000,2602000,2.0,server_received
fd00::202:2:2:2,2611,2611000,2612000,2.0,server_received
fd00::202:2:2:2,2622,2622000,2623000,2.0,server_received
fd00::202:2:2:2,2632,2632000,2633000,2.0,server_received
fd00::202:2:2:2,2643,2643000,2644000,2.0,server_received
fd00::202:2:2:2,2653,2653000,2654000,2.0,server_received
fd00::202:2:2:2,2664,2664000,2665000,2.0,server_received
fd00::202:2:2:2,2674,2674000,2675000,2.0,server_received
fd00::202:2:2:2,2685,2685000,2686000,2.0,server_received
fd00::202:2:2:2,2695,2695000,2696000,2.0,server_received
fd00::202:2:2:2,2706,2706000,2707000,2.0,server_received
fd00::202:2:2:2,2716,2716000,2717000,2.0,server_received
fd00::202:2:2:2,2727,2727000,2728000,2.0,server_received
fd00::202:2:2:2,2737,2737000,2738000,2.0,server_received
fd00::202:2:2:2,2748,2748000,2749000,2.0,server_received
fd00::202:2:2:2,2758,2758000,2759000,2.0,server_received
fd00::202:2:2:2,2769,2769000,2770000,2.0,server_received
fd00::202:2:2:2,2782,2782000,2783000,2.0,server_received
fd00::202:2:2:2,2790,2790000,2791000,3.0,server_received
fd00::202:2:2:2,2801,2801000,2802000,2.0,server_received
fd00::202:2:2:2,2811,2811000,2812000,2.0,server_received
fd00::202:2:2:2,2822,2822000,2823000,2.0,server_received
fd00::202:2:2:2,2832,2832000,2833000,2.0,server_received
fd00::202:2:2:2,2843,2843000,2844000,2.0,server_received
fd00::202:2:2:2,2854,2854000,2855000,2.0,server_received
fd00::202:2:2:2,2864,2864000,2865000,2.0,server_received
fd00::202:2:2:2,2875,2875000,2876000,2.0,server_received
fd00::202:2:2:2,2885,2885000,2886000,2.0,server_received
fd00::202:2:2:2,2895,2895000,2896000,2.0,server_received
fd00::202:2:2:2,2906,2906000,2907000,2.0,server_received
fd00::202:2:2:2,2916,2916000,2917000,2.0,server_received
fd00::202:2:2:2,2927,2927000,2928000,2.0,server_received
fd00::202:2:2:2,2938,2938000,2939000,2.0,server_received
fd00::202:2:2:2,2948,2948000,2949000,2.0,server_received
fd00::202:2:2:2,2959,2959000,2960000,2.0,server_received
fd00::202:2:2:2,2969,2969000,2970000,2.0,server_received
fd00::202:2:2:2,2980,2980000,2981000,3.0,server_received
fd00::202:2:2:2,2991,2991000,2992000,2.0,server_received
fd00::202:2:2:2,3002,3002000,3003000,2.0,server_received
fd00::202:2:2:2,3012,3012000,3013000,2.0,server_received
fd00::202:2:2:2,3022,3022000,3023000,2.0,server_received
fd00::202:2:2:2,3033,3033000,3034000,2.0,server_received
fd00::202:2:2:2,3044,3044000,3045000,2.0,server_received
fd00::202:2:2:2,3053,3053000,3054000,2.0,server_received
fd00::202:2:2:2,3064,3064000,3065000,2.0,server_received
fd00::202:2:2:2,3074,3074000,3075000,2.0,server_received
fd00::202:2:2:2,3085,3085000,3086000,2.0,server_received
fd00::202:2:2:2,3095,3095000,3096000,2.0,server_received
fd00::202:2:2:2,3106,3106000,3107000,2.0,server_received
fd00::202:2:2:2,3117,3117000,3118000,2.0,server_received
fd00::202:2:2:2,3127,3127000,3128000,2.0,server_received
fd00::202:2:2:2,3138,3138000,3139000,2.0,server_received
fd00::202:2:2:2,3148,3148000,3149000,2.0,server_received
fd00::202:2:2:2,3159,3159000,3160000,2.0,server_received
fd00::202:2:2:2,3169,3169000,3170000,2.0,server_received
fd00::202:2:2:2,3180,3180000,3181000,3.0,server_received
fd00::202:2:2:2,3191,3191000,3192000,2.0,server_received
fd00::202:2:2:2,3201,3201000,3202000,2.0,server_received
fd00::202:2:2:2,3211,3211000,3212000,2.0,server_received
fd00::202:2:2:2,3222,3222000,3223000,2.0,server_received
fd00::202:2:2:2,3232,3232000,3233000,2.0,server_received
fd00::202:2:2:2,3243,3243000,3244000,2.0,server_received
fd00::202:2:2:2,3253,3253000,3254000,2.0,server_received
fd00::202:2:2:2,3264,3264000,3265000,2.0,server_received
fd00::202:2:2:2,3275,3275000,3276000,2.0,server_received
fd00::202:2:2:2,3285,3285000,3286000,2.0,server_received
fd00::202:2:2:2,3296,3296000,3297000,2.0,server_received
fd00::202:2:2:2,3306,3306000,3307000,2.0,server_received
fd00::202:2:2:2,3317,3317000,3318000,2.0,server_received
fd00::202:2:2:2,3327,3327000,3328000,2.0,server_received
fd00::202:2:2:2,3338,3338000,3339000,2.0,server_received
fd00::202:2:2:2,3348,3348000,3349000,2.0,server_received
fd00::202:2:2:2,3359,3359000,3360000,2.0,server_received
fd00::202:2:2:2,3369,3369000,3370000,2.0,server_received
fd00::202:2:2:2,3380,3380000,3381000,3.0,server_received
fd00::202:2:2:2,3390,3390000,3391000,2.0,server_received
fd00::202:2:2:2,3401,3401000,3402000,2.0,server_received
fd00::202:2:2:2,3412,3412000,3413000,2.0,server_received
fd00::202:2:2:2,3422,3422000,3423000,2.0,server_received
fd00::202:2:2:2,3433,3433000,3434000,2.0,server_received
fd00::202:2:2:2,3444,3444000,3445000,2.0,server_received
fd00::202:2:2:2,3454,3454000,3455000,2.0,server_received
fd00::202:2:2:2,3464,3464000,3465000,2.0,server_received
fd00::202:2:2:2,3475,3475000,3476000,2.0,server_received
fd00::202:2:2:2,3485,3485000,3486000,2.0,server_received
fd00::202:2:2:2,3496,3496000,3497000,2.0,server_received
fd00::202:2:2:2,3506,3506000,3507000,2.0,server_received
fd00::202:2:2:2,3517,3517000,3518000,2.0,server_received
fd00::202:2:2:2,3527,3527000,3528000,2.0,server_received
fd00::202:2:2:2,3538,3538000,3539000,2.0,server_received
fd00::202:2:2:2,3548,3548000,3549000,2.0,server_received
fd00::202:2:2:2,3559,3559000,3560000,2.0,server_received
fd00::202:2:2:2,3569,3569000,3570000,2.0,server_received
fd00::202:2:2:2,3585,3585000,3586000,3.0,server_received
fd00::202:2:2:2,3591,3591000,3592000,2.0,server_received
fd00::203:3:3:3,113,113000,114000,0.0,server_received
fd00::203:3:3:3,123,123000,124000,2.0,server_received
fd00::203:3:3:3,134,134000,135000,2.0,server_received
fd00::203:3:3:3,144,144000,145000,2.0,server_received
fd00::203:3:3:3,154,154000,155000,2.0,server_received
fd00::203:3:3:3,164,164000,165000,2.0,server_received
fd00::203:3:3:3,175,175000,176000,2.0,server_received
fd00::203:3:3:3,185,185000,186000,2.0,server_received
fd00::203:3:3:3,195,195000,196000,2.0,server_received
fd00::203:3:3:3,205,205000,206000,2.0,server_received
fd00::203:3:3:3,216,216000,217000,2.0,server_received
fd00::203:3:3:3,228,228000,229000,2.0,server_received
fd00::203:3:3:3,236,236000,237000,2.0,server_received
fd00::203:3:3:3,247,247000,248000,2.0,server_received
fd00::203:3:3:3,257,257000,258000,2.0,server_received
fd00::203:3:3:3,267,267000,268000,2.0,server_received
fd00::203:3:3:3,277,277000,278000,2.0,server_received
fd00::203:3:3:3,287,287000,288000,2.0,server_received
fd00::203:3:3:3,298,298000,299000,2.0,server_received
fd00::203:3:3:3,308,308000,309000,2.0,server_received
fd00::203:3:3:3,318,318000,319000,2.0,server_received
fd00::203:3:3:3,329,329000,330000,2.0,server_received
fd00::203:3:3:3,339,339000,340000,2.0,server_received
fd00::203:3:3:3,349,349000,350000,2.0,server_received
fd00::203:3:3:3,359,359000,360000,2.0,server_received
fd00::203:3:3:3,372,372000,373000,2.0,server_received
fd00::203:3:3:3,382,382000,383000,2.0,server_received
fd00::203:3:3:3,390,390000,391000,2.0,server_received
fd00::203:3:3:3,402,402000,403000,2.0,server_received
fd00::203:3:3:3,411,411000,412000,3.0,server_received
fd00::203:3:3:3,421,421000,422000,1.0,server_received
fd00::203:3:3:3,431,431000,432000,2.0,server_received
fd00::203:3:3:3,441,441000,442000,3.0,server_received
fd00::203:3:3:3,453,453000,454000,2.0,server_received
fd00::203:3:3:3,462,462000,463000,2.0,server_received
fd00::203:3:3:3,472,472000,473000,2.0,server_received
fd00::203:3:3:3,483,483000,484000,2.0,server_received
fd00::203:3:3:3,493,493000,494000,2.0,server_received
fd00::203:3:3:3,503,503000,504000,2.0,server_received
fd00::203:3:3:3,513,513000,514000,2.0,server_received
fd00::203:3:3:3,524,524000,525000,2.0,server_received
fd00::203:3:3:3,534,534000,535000,2.0,server_received
fd00::203:3:3:3,544,544000,545000,2.0,server_received
fd00::203:3:3:3,554,554000,555000,2.0,server_received
fd00::203:3:3:3,565,565000,566000,2.0,server_received
fd00::203:3:3:3,575,575000,576000,2.0,server_received
fd00::203:3:3:3,585,585000,586000,2.0,server_received
fd00::203:3:3:3,595,595000,596000,2.0,server_received
fd00::203:3:3:3,606,606000,607000,2.0,server_received
fd00::203:3:3:3,616,616000,617000,2.0,server_received
fd00::203:3:3:3,626,626000,627000,2.0,server_received
fd00::203:3:3:3,637,637000,638000,2.0,server_received
fd00::203:3:3:3,647,647000,648000,2.0,server_received
fd00::203:3:3:3,657,657000,658000,2.0,server_received
fd00::203:3:3:3,667,667000,668000,2.0,server_received
fd00::203:3:3:3,678,678000,679000,2.0,server_received
fd00::203:3:3:3,688,688000,689000,2.0,server_received
fd00::203:3:3:3,698,698000,699000,2.0,server_received
fd00::203:3:3:3,708,708000,709000,2.0,server_received
fd00::203:3:3:3,719,719000,720000,2.0,server_received
fd00::203:3:3:3,729,729000,730000,2.0,server_received
fd00::203:3:3:3,739,739000,740000,2.0,server_received
fd00::203:3:3:3,749,749000,750000,2.0,server_received
fd00::203:3:3:3,760,760000,761000,2.0,server_received
fd00::203:3:3:3,772,772000,773000,2.0,server_received
fd00::203:3:3:3,780,780000,781000,2.0,server_received
fd00::203:3:3:3,790,790000,791000,2.0,server_received
fd00::203:3:3:3,801,801000,802000,3.0,server_received
fd00::203:3:3:3,812,812000,813000,1.0,server_received
fd00::203:3:3:3,823,823000,824000,3.0,server_received
fd00::203:3:3:3,833,833000,834000,2.0,server_received
fd00::203:3:3:3,842,842000,843000,2.0,server_received
fd00::203:3:3:3,854,854000,855000,2.0,server_received
fd00::203:3:3:3,862,862000,863000,2.0,server_received
fd00::203:3:3:3,873,873000,874000,2.0,server_received
fd00::203:3:3:3,883,883000,884000,2.0,server_received
fd00::203:3:3:3,893,893000,894000,2.0,server_received
fd00::203:3:3:3,903,903000,904000,2.0,server_received
fd00::203:3:3:3,914,914000,915000,2.0,server_received
fd00::203:3:3:3,924,924000,925000,2.0,server_received
fd00::203:3:3:3,934,934000,935000,2.0,server_received
fd00::203:3:3:3,944,944000,945000,2.0,server_received
fd00::203:3:3:3,955,955000,956000,2.0,server_received
fd00::203:3:3:3,965,965000,966000,2.0,server_received
fd00::203:3:3:3,975,975000,976000,2.0,server_received
fd00::203:3:3:3,985,985000,986000,2.0,server_received
fd00::203:3:3:3,996,996000,997000,2.0,server_received
fd00::203:3:3:3,1006,1006000,1007000,2.0,server_received
fd00::203:3:3:3,1016,1016000,1017000,2.0,server_received
fd00::203:3:3:3,1027,1027000,1028000,2.0,server_received
fd00::203:3:3:3,1037,1037000,1038000,2.0,server_received
fd00::203:3:3:3,1047,1047000,1048000,2.0,server_received
fd00::203:3:3:3,1057,1057000,1058000,2.0,server_received
fd00::203:3:3:3,1068,1068000,1069000,2.0,server_received
fd00::203:3:3:3,1078,1078000,1079000,2.0,server_received
fd00::203:3:3:3,1088,1088000,1089000,2.0,server_received
fd00::203:3:3:3,1098,1098000,1099000,2.0,server_received
fd00::203:3:3:3,1109,1109000,1110000,2.0,server_received
fd00::203:3:3:3,1119,1119000,1120000,2.0,server_received
fd00::203:3:3:3,1129,1129000,1130000,2.0,server_received
fd00::203:3:3:3,1139,1139000,1140000,2.0,server_received
fd00::203:3:3:3,1151,1151000,1152000,2.0,server_received
fd00::203:3:3:3,1160,1160000,1161000,2.0,server_received
fd00::203:3:3:3,1171,1171000,1172000,2.0,server_received
fd00::203:3:3:3,1181,1181000,1182000,2.0,server_received
fd00::203:3:3:3,1192,1192000,1193000,3.0,server_received
fd00::203:3:3:3,1203,1203000,1204000,2.0,server_received
fd00::203:3:3:3,1212,1212000,1213000,2.0,server_received
fd00::203:3:3:3,1222,1222000,1223000,1.0,server_received
fd00::203:3:3:3,1233,1233000,1234000,3.0,server_received
fd00::203:3:3:3,1243,1243000,1244000,2.0,server_received
fd00::203:3:3:3,1252,1252000,1253000,2.0,server_received
fd00::203:3:3:3,1263,1263000,1264000,2.0,server_received
fd00::203:3:3:3,1273,1273000,1274000,2.0,server_received
fd00::203:3:3:3,1283,1283000,1284000,2.0,server_received
fd00::203:3:3:3,1293,1293000,1294000,2.0,server_received
fd00::203:3:3:3,1304,1304000,1305000,2.0,server_received
fd00::203:3:3:3,1314,1314000,1315000,2.0,server_received
fd00::203:3:3:3,1324,1324000,1325000,2.0,server_received
fd00::203:3:3:3,1334,1334000,1335000,2.0,server_received
fd00::203:3:3:3,1345,1345000,1346000,2.0,server_received
fd00::203:3:3:3,1355,1355000,1356000,2.0,server_received
fd00::203:3:3:3,1365,1365000,1366000,2.0,server_received
fd00::203:3:3:3,1375,1375000,1376000,2.0,server_received
fd00::203:3:3:3,1386,1386000,1387000,2.0,server_received
fd00::203:3:3:3,1396,1396000,1397000,2.0,server_received
fd00::203:3:3:3,1406,1406000,1407000,2.0,server_received
fd00::203:3:3:3,1417,1417000,1418000,2.0,server_received
fd00::203:3:3:3,1427,1427000,1428000,2.0,server_received
fd00::203:3:3:3,1437,1437000,1438000,2.0,server_received
fd00::203:3:3:3,1447,1447000,1448000,2.0,server_received
fd00::203:3:3:3,1458,1458000,1459000,2.0,server_received
fd00::203:3:3:3,1468,1468000,1469000,2.0,server_received
fd00::203:3:3:3,1478,1478000,1479000,2.0,server_received
fd00::203:3:3:3,1488,1488000,1489000,2.0,server_received
fd00::203:3:3:3,1499,1499000,1500000,2.0,server_received
fd00::203:3:3:3,1509,1509000,1510000,2.0,server_received
fd00::203:3:3:3,1519,1519000,1520000,2.0,server_received
fd00::203:3:3:3,1529,1529000,1530000,2.0,server_received
fd00::203:3:3:3,1540,1540000,1541000,2.0,server_received
fd00::203:3:3:3,1550,1550000,1551000,2.0,server_received
fd00::203:3:3:3,1560,1560000,1561000,2.0,server_received
fd00::203:3:3:3,1571,1571000,1572000,2.0,server_received
fd00::203:3:3:3,1581,1581000,1582000,3.0,server_received
fd00::203:3:3:3,1591,1591000,1592000,2.0,server_received
fd00::203:3:3:3,1603,1603000,1604000,2.0,server_received
fd00::203:3:3:3,1612,1612000,1613000,2.0,server_received
fd00::203:3:3:3,1622,1622000,1623000,2.0,server_received
fd00::203:3:3:3,1633,1633000,1634000,2.0,server_received
fd00::203:3:3:3,1643,1643000,1644000,2.0,server_received
fd00::203:3:3:3,1653,1653000,1654000,2.0,server_received
fd00::203:3:3:3,1663,1663000,1664000,2.0,server_received
fd00::203:3:3:3,1673,1673000,1674000,2.0,server_received
fd00::203:3:3:3,1684,1684000,1685000,2.0,server_received
fd00::203:3:3:3,1694,1694000,1695000,2.0,server_received
fd00::203:3:3:3,1704,1704000,1705000,2.0,server_received
fd00::203:3:3:3,1714,1714000,1715000,2.0,server_received
fd00::203:3:3:3,1724,1724000,1725000,2.0,server_received
fd00::203:3:3:3,1735,1735000,1736000,2.0,server_received
fd00::203:3:3:3,1745,1745000,1746000,2.0,server_received
fd00::203:3:3:3,1755,1755000,1756000,2.0,server_received
fd00::203:3:3:3,1766,1766000,1767000,2.0,server_received
fd00::203:3:3:3,1776,1776000,1777000,2.0,server_received
fd00::203:3:3:3,1786,1786000,1787000,2.0,server_received
fd00::203:3:3:3,1796,1796000,1797000,2.0,server_received
fd00::203:3:3:3,1807,1807000,1808000,2.0,server_received
fd00::203:3:3:3,1817,1817000,1818000,2.0,server_received
fd00::203:3:3:3,1827,1827000,1828000,2.0,server_received
fd00::203:3:3:3,1837,1837000,1838000,2.0,server_received
fd00::203:3:3:3,1848,1848000,1849000,2.0,server_received
fd00::203:3:3:3,1858,1858000,1859000,2.0,server_received
fd00::203:3:3:3,1868,1868000,1869000,2.0,server_received
fd00::203:3:3:3,1878,1878000,1879000,2.0,server_received
fd00::203:3:3:3,1889,1889000,1890000,2.0,server_received
fd00::203:3:3:3,1899,1899000,1900000,2.0,server_received
fd00::203:3:3:3,1909,1909000,1910000,2.0,server_received
fd00::203:3:3:3,1919,1919000,1920000,2.0,server_received
fd00::203:3:3:3,1931,1931000,1932000,2.0,server_received
fd00::203:3:3:3,1942,1942000,1943000,2.0,server_received
fd00::203:3:3:3,1950,1950000,1951000,2.0,server_received
fd00::203:3:3:3,1961,1961000,1962000,3.0,server_received
fd00::203:3:3:3,1971,1971000,1972000,2.0,server_received
fd00::203:3:3:3,1982,1982000,1983000,2.0,server_received
fd00::203:3:3:3,1992,1992000,1993000,2.0,server_received
fd00::203:3:3:3,2002,2002000,2003000,2.0,server_received
fd00::203:3:3:3,2012,2012000,2013000,2.0,server_received
fd00::203:3:3:3,2022,2022000,2023000,2.0,server_received
fd00::203:3:3:3,2032,2032000,2033000,2.0,server_received
fd00::203:3:3:3,2043,2043000,2044000,2.0,server_received
fd00::203:3:3:3,2054,2054000,2055000,2.0,server_received
fd00::203:3:3:3,2064,2064000,2065000,2.0,server_received
fd00::203:3:3:3,2073,2073000,2074000,2.0,server_received
fd00::203:3:3:3,2084,2084000,2085000,2.0,server_received
fd00::203:3:3:3,2094,2094000,2095000,2.0,server_received
fd00::203:3:3:3,2104,2104000,2105000,2.0,server_received
fd00::203:3:3:3,2114,2114000,2115000,2.0,server_received
fd00::203:3:3:3,2125,2125000,2126000,2.0,server_received
fd00::203:3:3:3,2135,2135000,2136000,2.0,server_received
fd00::203:3:3:3,2145,2145000,2146000,2.0,server_received
fd00::203:3:3:3,2156,2156000,2157000,2.0,server_received
fd00::203:3:3:3,2166,2166000,2167000,2.0,server_received
fd00::203:3:3:3,2176,2176000,2177000,2.0,server_received
fd00::203:3:3:3,2186,2186000,2187000,2.0,server_received
fd00::203:3:3:3,2197,2197000,2198000,2.0,server_received
fd00::203:3:3:3,2207,2207000,2208000,2.0,server_received
fd00::203:3:3:3,2217,2217000,2218000,2.0,server_received
fd00::203:3:3:3,2227,2227000,2228000,2.0,server_received
fd00::203:3:3:3,2238,2238000,2239000,2.0,server_received
fd00::203:3:3:3,2248,2248000,2249000,2.0,server_received
fd00::203:3:3:3,2258,2258000,2259000,2.0,server_received
fd00::203:3:3:3,2268,2268000,2269000,2.0,server_received
fd00::203:3:3:3,2279,2279000,2280000,2.0,server_received
fd00::203:3:3:3,2289,2289000,2290000,2.0,server_received
fd00::203:3:3:3,2299,2299000,2300000,2.0,server_received
fd00::203:3:3:3,2310,2310000,2311000,2.0,server_received
fd00::203:3:3:3,2320,2320000,2321000,2.0,server_received
fd00::203:3:3:3,2331,2331000,2332000,2.0,server_received
fd00::203:3:3:3,2342,2342000,2343000,2.0,server_received
fd00::203:3:3:3,2352,2352000,2353000,3.0,server_received
fd00::203:3:3:3,2361,2361000,2362000,2.0,server_received
fd00::203:3:3:3,2372,2372000,2373000,2.0,server_received
fd00::203:3:3:3,2381,2381000,2382000,2.0,server_received
fd00::203:3:3:3,2393,2393000,2394000,2.0,server_received
fd00::203:3:3:3,2402,2402000,2403000,2.0,server_received
fd00::203:3:3:3,2412,2412000,2413000,2.0,server_received
fd00::203:3:3:3,2422,2422000,2423000,2.0,server_received
fd00::203:3:3:3,2433,2433000,2434000,2.0,server_received
fd00::203:3:3:3,2443,2443000,2444000,2.0,server_received
fd00::203:3:3:3,2453,2453000,2454000,2.0,server_received
fd00::203:3:3:3,2464,2464000,2465000,2.0,server_received
fd00::203:3:3:3,2474,2474000,2475000,2.0,server_received
fd00::203:3:3:3,2484,2484000,2485000,2.0,server_received
fd00::203:3:3:3,2494,2494000,2495000,2.0,server_received
fd00::203:3:3:3,2505,2505000,2506000,2.0,server_received
fd00::203:3:3:3,2515,2515000,2516000,2.0,server_received
fd00::203:3:3:3,2525,2525000,2526000,2.0,server_received
fd00::203:3:3:3,2535,2535000,2536000,2.0,server_received
fd00::203:3:3:3,2546,2546000,2547000,2.0,server_received
fd00::203:3:3:3,2556,2556000,2557000,2.0,server_received
fd00::203:3:3:3,2566,2566000,2567000,2.0,server_received
fd00::203:3:3:3,2576,2576000,2577000,2.0,server_received
fd00::203:3:3:3,2587,2587000,2588000,2.0,server_received
fd00::203:3:3:3,2597,2597000,2598000,2.0,server_received
fd00::203:3:3:3,2607,2607000,2608000,2.0,server_received
fd00::203:3:3:3,2618,2618000,2619000,2.0,server_received
fd00::203:3:3:3,2628,2628000,2629000,2.0,server_received
fd00::203:3:3:3,2638,2638000,2639000,2.0,server_received
fd00::203:3:3:3,2648,2648000,2649000,2.0,server_received
fd00::203:3:3:3,2659,2659000,2660000,2.0,server_received
fd00::203:3:3:3,2669,2669000,2670000,2.0,server_received
fd00::203:3:3:3,2679,2679000,2680000,2.0,server_received
fd00::203:3:3:3,2689,2689000,2690000,2.0,server_received
fd00::203:3:3:3,2701,2701000,2702000,2.0,server_received
fd00::203:3:3:3,2713,2713000,2714000,2.0,server_received
fd00::203:3:3:3,2721,2721000,2722000,3.0,server_received
fd00::203:3:3:3,2731,2731000,2732000,1.0,server_received
fd00::203:3:3:3,2741,2741000,2742000,2.0,server_received
fd00::203:3:3:3,2753,2753000,2754000,3.0,server_received
fd00::203:3:3:3,2762,2762000,2763000,2.0,server_received
fd00::203:3:3:3,2771,2771000,2772000,2.0,server_received
fd00::203:3:3:3,2783,2783000,2784000,2.0,server_received
fd00::203:3:3:3,2792,2792000,2793000,2.0,server_received
fd00::203:3:3:3,2802,2802000,2803000,2.0,server_received
fd00::203:3:3:3,2812,2812000,2813000,2.0,server_received
fd00::203:3:3:3,2823,2823000,2824000,2.0,server_received
fd00::203:3:3:3,2833,2833000,2834000,2.0,server_received
fd00::203:3:3:3,2843,2843000,2844000,2.0,server_received
fd00::203:3:3:3,2854,2854000,2855000,2.0,server_received
fd00::203:3:3:3,2866,2866000,2867000,2.0,server_received
fd00::203:3:3:3,2874,2874000,2875000,2.0,server_received
fd00::203:3:3:3,2884,2884000,2885000,2.0,server_received
fd00::203:3:3:3,2895,2895000,2896000,2.0,server_received
fd00::203:3:3:3,2905,2905000,2906000,2.0,server_received
fd00::203:3:3:3,2915,2915000,2916000,2.0,server_received
fd00::203:3:3:3,2925,2925000,2926000,2.0,server_received
fd00::203:3:3:3,2936,2936000,2937000,2.0,server_received
fd00::203:3:3:3,2946,2946000,2947000,2.0,server_received
fd00::203:3:3:3,2956,2956000,2957000,2.0,server_received
fd00::203:3:3:3,2966,2966000,2967000,2.0,server_received
fd00::203:3:3:3,2977,2977000,2978000,2.0,server_received
fd00::203:3:3:3,2987,2987000,2988000,2.0,server_received
fd00::203:3:3:3,2997,2997000,2998000,2.0,server_received
fd00::203:3:3:3,3007,3007000,3008000,2.0,server_received
fd00::203:3:3:3,3018,3018000,3019000,2.0,server_received
fd00::203:3:3:3,3028,3028000,3029000,2.0,server_received
fd00::203:3:3:3,3038,3038000,3039000,2.0,server_received
fd00::203:3:3:3,3048,3048000,3049000,2.0,server_received
fd00::203:3:3:3,3059,3059000,3060000,2.0,server_received
fd00::203:3:3:3,3069,3069000,3070000,2.0,server_received
fd00::203:3:3:3,3079,3079000,3080000,2.0,server_received
fd00::203:3:3:3,3090,3090000,3091000,2.0,server_received
fd00::203:3:3:3,3100,3100000,3101000,2.0,server_received
fd00::203:3:3:3,3112,3112000,3113000,2.0,server_received
fd00::203:3:3:3,3121,3121000,3122000,2.0,server_received
fd00::203:3:3:3,3132,3132000,3133000,3.0,server_received
fd00::203:3:3:3,3142,3142000,3143000,2.0,server_received
fd00::203:3:3:3,3152,3152000,3153000,2.0,server_received
fd00::203:3:3:3,3162,3162000,3163000,2.0,server_received
fd00::203:3:3:3,3172,3172000,3173000,2.0,server_received
fd00::203:3:3:3,3182,3182000,3183000,2.0,server_received
fd00::203:3:3:3,3192,3192000,3193000,2.0,server_received
fd00::203:3:3:3,3202,3202000,3203000,2.0,server_received
fd00::203:3:3:3,3213,3213000,3214000,2.0,server_received
fd00::203:3:3:3,3223,3223000,3224000,2.0,server_received
fd00::203:3:3:3,3233,3233000,3234000,2.0,server_received
fd00::203:3:3:3,3244,3244000,3245000,2.0,server_received
fd00::203:3:3:3,3254,3254000,3255000,2.0,server_received
fd00::203:3:3:3,3265,3265000,3266000,2.0,server_received
fd00::203:3:3:3,3275,3275000,3276000,2.0,server_received
fd00::203:3:3:3,3285,3285000,3286000,2.0,server_received
fd00::203:3:3:3,3295,3295000,3296000,2.0,server_received
fd00::203:3:3:3,3305,3305000,3306000,2.0,server_received
fd00::203:3:3:3,3315,3315000,3316000,2.0,server_received
fd00::203:3:3:3,3326,3326000,3327000,2.0,server_received
fd00::203:3:3:3,3336,3336000,3337000,2.0,server_received
fd00::203:3:3:3,3346,3346000,3347000,2.0,server_received
fd00::203:3:3:3,3357,3357000,3358000,2.0,server_received
fd00::203:3:3:3,3367,3367000,3368000,2.0,server_received
fd00::203:3:3:3,3377,3377000,3378000,2.0,server_received
fd00::203:3:3:3,3387,3387000,3388000,2.0,server_received
fd00::203:3:3:3,3398,3398000,3399000,2.0,server_received
fd00::203:3:3:3,3408,3408000,3409000,2.0,server_received
fd00::203:3:3:3,3418,3418000,3419000,2.0,server_received
fd00::203:3:3:3,3428,3428000,3429000,2.0,server_received
fd00::203:3:3:3,3439,3439000,3440000,2.0,server_received
fd00::203:3:3:3,3449,3449000,3450000,2.0,server_received
fd00::203:3:3:3,3459,3459000,3460000,2.0,server_received
fd00::203:3:3:3,3469,3469000,3470000,2.0,server_received
fd00::203:3:3:3,3483,3483000,3484000,2.0,server_received
fd00::203:3:3:3,3490,3490000,3491000,2.0,server_received
fd00::203:3:3:3,3500,3500000,3501000,2.0,server_received
fd00::203:3:3:3,3511,3511000,3512000,3.0,server_received
fd00::203:3:3:3,3524,3524000,3525000,2.0,server_received
fd00::203:3:3:3,3532,3532000,3533000,1.0,server_received
fd00::203:3:3:3,3543,3543000,3544000,2.0,server_received
fd00::203:3:3:3,3551,3551000,3552000,2.0,server_received
fd00::203:3:3:3,3562,3562000,3563000,2.0,server_received
fd00::203:3:3:3,3572,3572000,3573000,3.0,server_received
fd00::203:3:3:3,3583,3583000,3584000,2.0,server_received
fd00::203:3:3:3,3593,3593000,3594000,2.0,server_received
fd00::204:4:4:4,21,21000,22000,0.0,server_received
fd00::204:4:4:4,31,31000,32000,2.0,server_received
fd00::204:4:4:4,42,42000,43000,2.0,server_received
fd00::204:4:4:4,52,52000,53000,2.0,server_received
fd00::204:4:4:4,63,63000,64000,2.0,server_received
fd00::204:4:4:4,73,73000,74000,2.0,server_received
fd00::204:4:4:4,84,84000,85000,2.0,server_received
fd00::204:4:4:4,94,94000,95000,2.0,server_received
fd00::204:4:4:4,105,105000,106000,2.0,server_received
fd00::204:4:4:4,116,116000,117000,2.0,server_received
fd00::204:4:4:4,126,126000,127000,2.0,server_received
fd00::204:4:4:4,137,137000,138000,2.0,server_received
fd00::204:4:4:4,147,147000,148000,2.0,server_received
fd00::204:4:4:4,158,158000,159000,2.0,server_received
fd00::204:4:4:4,168,168000,169000,2.0,server_received
fd00::204:4:4:4,179,179000,180000,2.0,server_received
fd00::204:4:4:4,189,189000,190000,2.0,server_received
fd00::204:4:4:4,200,200000,201000,3.0,server_received
fd00::204:4:4:4,212,212000,213000,2.0,server_received
fd00::204:4:4:4,222,222000,223000,2.0,server_received
fd00::204:4:4:4,232,232000,233000,2.0,server_received
fd00::204:4:4:4,242,242000,243000,2.0,server_received
fd00::204:4:4:4,253,253000,254000,2.0,server_received
fd00::204:4:4:4,263,263000,264000,2.0,server_received
fd00::204:4:4:4,274,274000,275000,2.0,server_received
fd00::204:4:4:4,284,284000,285000,2.0,server_received
fd00::204:4:4:4,295,295000,296000,2.0,server_received
fd00::204:4:4:4,306,306000,307000,2.0,server_received
fd00::204:4:4:4,316,316000,317000,2.0,server_received
fd00::204:4:4:4,327,327000,328000,2.0,server_received
fd00::204:4:4:4,337,337000,338000,2.0,server_received
fd00::204:4:4:4,348,348000,349000,2.0,server_received
fd00::204:4:4:4,358,358000,359000,2.0,server_received
fd00::204:4:4:4,369,369000,370000,2.0,server_received
fd00::204:4:4:4,381,381000,382000,2.0,server_received
fd00::204:4:4:4,390,390000,391000,2.0,server_received
fd00::204:4:4:4,401,401000,402000,3.0,server_received
fd00::204:4:4:4,411,411000,412000,2.0,server_received
fd00::204:4:4:4,422,422000,423000,2.0,server_received
fd00::204:4:4:4,433,433000,434000,2.0,server_received
fd00::204:4:4:4,443,443000,444000,2.0,server_received
fd00::204:4:4:4,453,453000,454000,2.0,server_received
fd00::204:4:4:4,464,464000,465000,2.0,server_received
fd00::204:4:4:4,475,475000,476000,2.0,server_received
fd00::204:4:4:4,485,485000,486000,2.0,server_received
fd00::204:4:4:4,496,496000,497000,2.0,server_received
fd00::204:4:4:4,506,506000,507000,2.0,server_received
fd00::204:4:4:4,517,517000,518000,2.0,server_received
fd00::204:4:4:4,527,527000,528000,2.0,server_received
fd00::204:4:4:4,538,538000,539000,2.0,server_received
fd00::204:4:4:4,548,548000,549000,2.0,server_received
fd00::204:4:4:4,559,559000,560000,2.0,server_received
fd00::204:4:4:4,570,570000,571000,2.0,server_received
fd00::204:4:4:4,581,581000,582000,3.0,server_received
fd00::204:4:4:4,592,592000,593000,2.0,server_received
fd00::204:4:4:4,601,601000,602000,2.0,server_received
fd00::204:4:4:4,612,612000,613000,2.0,server_received
fd00::204:4:4:4,623,623000,624000,2.0,server_received
fd00::204:4:4:4,633,633000,634000,2.0,server_received
fd00::204:4:4:4,643,643000,644000,2.0,server_received
fd00::204:4:4:4,654,654000,655000,2.0,server_received
fd00::204:4:4:4,665,665000,666000,2.0,server_received
fd00::204:4:4:4,675,675000,676000,2.0,server_received
fd00::204:4:4:4,686,686000,687000,2.0,server_received
fd00::204:4:4:4,696,696000,697000,2.0,server_received
fd00::204:4:4:4,707,707000,708000,2.0,server_received
fd00::204:4:4:4,717,717000,718000,2.0,server_received
fd00::204:4:4:4,728,728000,729000,2.0,server_received
fd00::204:4:4:4,738,738000,739000,2.0,server_received
fd00::204:4:4:4,749,749000,750000,2.0,server_received
fd00::204:4:4:4,759,759000,760000,2.0,server_received
fd00::204:4:4:4,770,770000,771000,3.0,server_received
fd00::204:4:4:4,781,781000,782000,2.0,server_received
fd00::204:4:4:4,791,791000,792000,2.0,server_received
fd00::204:4:4:4,802,802000,803000,2.0,server_received
fd00::204:4:4:4,813,813000,814000,2.0,server_received
fd00::204:4:4:4,823,823000,824000,2.0,server_received
fd00::204:4:4:4,834,834000,835000,2.0,server_received
fd00::204:4:4:4,844,844000,845000,2.0,server_received
fd00::204:4:4:4,855,855000,856000,2.0,server_received
fd00::204:4:4:4,865,865000,866000,2.0,server_received
fd00::204:4:4:4,876,876000,877000,2.0,server_received
fd00::204:4:4:4,886,886000,887000,2.0,server_received
fd00::204:4:4:4,897,897000,898000,2.0,server_received
fd00::204:4:4:4,907,907000,908000,2.0,server_received
fd00::204:4:4:4,918,918000,919000,2.0,server_received
fd00::204:4:4:4,928,928000,929000,2.0,server_received
fd00::204:4:4:4,939,939000,940000,2.0,server_received
fd00::204:4:4:4,950,950000,951000,2.0,server_received
fd00::204:4:4:4,960,960000,961000,3.0,server_received
fd00::204:4:4:4,971,971000,972000,2.0,server_received
fd00::204:4:4:4,981,981000,982000,2.0,server_received
fd00::204:4:4:4,992,992000,993000,2.0,server_received
fd00::204:4:4:4,1002,1002000,1003000,2.0,server_received
fd00::204:4:4:4,1013,1013000,1014000,2.0,server_received
fd00::204:4:4:4,1023,1023000,1024000,2.0,server_received
fd00::204:4:4:4,1034,1034000,1035000,2.0,server_received
fd00::204:4:4:4,1045,1045000,1046000,2.0,server_received
fd00::204:4:4:4,1055,1055000,1056000,2.0,server_received
fd00::204:4:4:4,1066,1066000,1067000,2.0,server_received
fd00::204:4:4:4,1076,1076000,1077000,2.0,server_received
fd00::204:4:4:4,1087,1087000,1088000,2.0,server_received
fd00::204:4:4:4,1097,1097000,1098000,2.0,server_received
fd00::204:4:4:4,1108,1108000,1109000,2.0,server_received
fd00::204:4:4:4,1118,1118000,1119000,2.0,server_received
fd00::204:4:4:4,1129,1129000,1130000,2.0,server_received
fd00::204:4:4:4,1140,1140000,1141000,2.0,server_received
fd00::204:4:4:4,1150,1150000,1151000,3.0,server_received
fd00::204:4:4:4,1161,1161000,1162000,2.0,server_received
fd00::204:4:4:4,1172,1172000,1173000,2.0,server_received
fd00::204:4:4:4,1182,1182000,1183000,2.0,server_received
fd00::204:4:4:4,1193,1193000,1194000,2.0,server_received
fd00::204:4:4:4,1203,1203000,1204000,2.0,server_received
fd00::204:4:4:4,1214,1214000,1215000,2.0,server_received
fd00::204:4:4:4,1224,1224000,1225000,2.0,server_received
fd00::204:4:4:4,1235,1235000,1236000,2.0,server_received
fd00::204:4:4:4,1245,1245000,1246000,2.0,server_received
fd00::204:4:4:4,1256,1256000,1257000,2.0,server_received
fd00::204:4:4:4,1266,1266000,1267000,2.0,server_received
fd00::204:4:4:4,1277,1277000,1278000,2.0,server_received
fd00::204:4:4:4,1287,1287000,1288000,2.0,server_received
fd00::204:4:4:4,1298,1298000,1299000,2.0,server_received
fd00::204:4:4:4,1308,1308000,1309000,2.0,server_received
fd00::204:4:4:4,1319,1319000,1320000,2.0,server_received
fd00::204:4:4:4,1330,1330000,1331000,2.0,server_received
fd00::204:4:4:4,1340,1340000,1341000,3.0,server_received
fd00::204:4:4:4,1351,1351000,1352000,2.0,server_received
fd00::204:4:4:4,1361,1361000,1362000,2.0,server_received
fd00::204:4:4:4,1372,1372000,1373000,2.0,server_received
fd00::204:4:4:4,1382,1382000,1383000,2.0,server_received
fd00::204:4:4:4,1393,1393000,1394000,2.0,server_received
fd00::204:4:4:4,1404,1404000,1405000,2.0,server_received
fd00::204:4:4:4,1414,1414000,1415000,2.0,server_received
fd00::204:4:4:4,1425,1425000,1426000,2.0,server_received
fd00::204:4:4:4,1435,1435000,1436000,2.0,server_received
fd00::204:4:4:4,1446,1446000,1447000,2.0,server_received
fd00::204:4:4:4,1456,1456000,1457000,2.0,server_received
fd00::204:4:4:4,1467,1467000,1468000,2.0,server_received
fd00::204:4:4:4,1477,1477000,1478000,2.0,server_received
fd00::204:4:4:4,1488,1488000,1489000,2.0,server_received
fd00::204:4:4:4,1498,1498000,1499000,2.0,server_received
fd00::204:4:4:4,1509,1509000,1510000,2.0,server_received
fd00::204:4:4:4,1522,1522000,1523000,2.0,server_received
fd00::204:4:4:4,1530,1530000,1531000,3.0,server_received
fd00::204:4:4:4,1541,1541000,1542000,2.0,server_received
fd00::204:4:4:4,1551,1551000,1552000,2.0,server_received
fd00::204:4:4:4,1563,1563000,1564000,2.0,server_received
fd00::204:4:4:4,1572,1572000,1573000,2.0,server_received
fd00::204:4:4:4,1583,1583000,1584000,2.0,server_received
fd00::204:4:4:4,1593,1593000,1594000,2.0,server_received
fd00::204:4:4:4,1604,1604000,1605000,2.0,server_received
fd00::204:4:4:4,1615,1615000,1616000,2.0,server_received
fd00::204:4:4:4,1625,1625000,1626000,2.0,server_received
fd00::204:4:4:4,1636,1636000,1637000,2.0,server_received
fd00::204:4:4:4,1646,1646000,1647000,2.0,server_received
fd00::204:4:4:4,1657,1657000,1658000,2.0,server_received
fd00::204:4:4:4,1667,1667000,1668000,2.0,server_received
fd00::204:4:4:4,1678,1678000,1679000,2.0,server_received
fd00::204:4:4:4,1689,1689000,1690000,2.0,server_received
fd00::204:4:4:4,1699,1699000,1700000,2.0,server_received
fd00::204:4:4:4,1711,1711000,1712000,2.0,server_received
fd00::204:4:4:4,1722,1722000,1723000,3.0,server_received
fd00::204:4:4:4,1731,1731000,1732000,2.0,server_received
fd00::204:4:4:4,1741,1741000,1742000,2.0,server_received
fd00::204:4:4:4,1752,1752000,1753000,2.0,server_received
fd00::204:4:4:4,1762,1762000,1763000,2.0,server_received
fd00::204:4:4:4,1773,1773000,1774000,2.0,server_received
fd00::204:4:4:4,1783,1783000,1784000,2.0,server_received
fd00::204:4:4:4,1794,1794000,1795000,2.0,server_received
fd00::204:4:4:4,1805,1805000,1806000,2.0,server_received
fd00::204:4:4:4,1815,1815000,1816000,2.0,server_received
fd00::204:4:4:4,1826,1826000,1827000,2.0,server_received
fd00::204:4:4:4,1836,1836000,1837000,2.0,server_received
fd00::204:4:4:4,1847,1847000,1848000,2.0,server_received
fd00::204:4:4:4,1857,1857000,1858000,2.0,server_received
fd00::204:4:4:4,1868,1868000,1869000,2.0,server_received
fd00::204:4:4:4,1879,1879000,1880000,2.0,server_received
fd00::204:4:4:4,1889,1889000,1890000,2.0,server_received
fd00::204:4:4:4,1903,1903000,1904000,2.0,server_received
fd00::204:4:4:4,1911,1911000,1912000,3.0,server_received
fd00::204:4:4:4,1921,1921000,1922000,2.0,server_received
fd00::204:4:4:4,1931,1931000,1932000,2.0,server_received
fd00::204:4:4:4,1942,1942000,1943000,2.0,server_received
fd00::204:4:4:4,1952,1952000,1953000,2.0,server_received
fd00::204:4:4:4,1963,1963000,1964000,2.0,server_received
fd00::204:4:4:4,1973,1973000,1974000,2.0,server_received
fd00::204:4:4:4,1984,1984000,1985000,2.0,server_received
fd00::204:4:4:4,1995,1995000,1996000,2.0,server_received
fd00::204:4:4:4,2005,2005000,2006000,2.0,server_received
fd00::204:4:4:4,2016,2016000,2017000,2.0,server_received
fd00::204:4:4:4,2026,2026000,2027000,2.0,server_received
fd00::204:4:4:4,2037,2037000,2038000,2.0,server_received
fd00::204:4:4:4,2047,2047000,2048000,2.0,server_received
fd00::204:4:4:4,2058,2058000,2059000,2.0,server_received
fd00::204:4:4:4,2068,2068000,2069000,2.0,server_received
fd00::204:4:4:4,2079,2079000,2080000,2.0,server_received
fd00::204:4:4:4,2090,2090000,2091000,2.0,server_received
fd00::204:4:4:4,2100,2100000,2101000,3.0,server_received
fd00::204:4:4:4,2111,2111000,2112000,2.0,server_received
fd00::204:4:4:4,2121,2121000,2122000,2.0,server_received
fd00::204:4:4:4,2134,2134000,2135000,2.0,server_received
fd00::204:4:4:4,2143,2143000,2144000,2.0,server_received
fd00::204:4:4:4,2153,2153000,2154000,2.0,server_received
fd00::204:4:4:4,2163,2163000,2164000,2.0,server_received
fd00::204:4:4:4,2174,2174000,2175000,2.0,server_received
fd00::204:4:4:4,2185,2185000,2186000,2.0,server_received
fd00::204:4:4:4,2195,2195000,2196000,2.0,server_received
fd00::204:4:4:4,2206,2206000,2207000,2.0,server_received
fd00::204:4:4:4,2216,2216000,2217000,2.0,server_received
fd00::204:4:4:4,2227,2227000,2228000,2.0,server_received
fd00::204:4:4:4,2237,2237000,2238000,2.0,server_received
fd00::204:4:4:4,2248,2248000,2249000,2.0,server_received
fd00::204:4:4:4,2258,2258000,2259000,2.0,server_received
fd00::204:4:4:4,2269,2269000,2270000,2.0,server_received
fd00::204:4:4:4,2280,2280000,2281000,2.0,server_received
fd00::204:4:4:4,2291,2291000,2292000,3.0,server_received
fd00::204:4:4:4,2301,2301000,2302000,2.0,server_received
fd00::204:4:4:4,2311,2311000,2312000,1.0,server_received
fd00::204:4:4:4,2322,2322000,2323000,3.0,server_received
fd00::204:4:4:4,2333,2333000,2334000,2.0,server_received
fd00::204:4:4:4,2343,2343000,2344000,1.0,server_received
fd00::204:4:4:4,2353,2353000,2354000,3.0,server_received
fd00::204:4:4:4,2364,2364000,2365000,2.0,server_received
fd00::204:4:4:4,2375,2375000,2376000,2.0,server_received
fd00::204:4:4:4,2385,2385000,2386000,2.0,server_received
fd00::204:4:4:4,2396,2396000,2397000,2.0,server_received
fd00::204:4:4:4,2406,2406000,2407000,2.0,server_received
fd00::204:4:4:4,2417,2417000,2418000,2.0,server_received
fd00::204:4:4:4,2427,2427000,2428000,2.0,server_received
fd00::204:4:4:4,2438,2438000,2439000,2.0,server_received
fd00::204:4:4:4,2448,2448000,2449000,2.0,server_received
fd00::204:4:4:4,2459,2459000,2460000,2.0,server_received
fd00::204:4:4:4,2470,2470000,2471000,2.0,server_received
fd00::204:4:4:4,2481,2481000,2482000,3.0,server_received
fd00::204:4:4:4,2491,2491000,2492000,2.0,server_received
fd00::204:4:4:4,2501,2501000,2502000,2.0,server_received
fd00::204:4:4:4,2512,2512000,2513000,2.0,server_received
fd00::204:4:4:4,2522,2522000,2523000,2.0,server_received
fd00::204:4:4:4,2533,2533000,2534000,2.0,server_received
fd00::204:4:4:4,2544,2544000,2545000,2.0,server_received
fd00::204:4:4:4,2554,2554000,2555000,2.0,server_received
fd00::204:4:4:4,2565,2565000,2566000,2.0,server_received
fd00::204:4:4:4,2575,2575000,2576000,2.0,server_received
fd00::204:4:4:4,2586,2586000,2587000,2.0,server_received
fd00::204:4:4:4,2596,2596000,2597000,2.0,server_received
fd00::204:4:4:4,2607,2607000,2608000,2.0,server_received
fd00::204:4:4:4,2618,2618000,2619000,2.0,server_received
fd00::204:4:4:4,2628,2628000,2629000,2.0,server_received
fd00::204:4:4:4,2639,2639000,2640000,2.0,server_received
fd00::204:4:4:4,2649,2649000,2650000,2.0,server_received
fd00::204:4:4:4,2660,2660000,2661000,2.0,server_received
fd00::204:4:4:4,2673,2673000,2674000,3.0,server_received
fd00::204:4:4:4,2681,2681000,2682000,2.0,server_received
fd00::204:4:4:4,2691,2691000,2692000,2.0,server_received
fd00::204:4:4:4,2702,2702000,2703000,2.0,server_received
fd00::204:4:4:4,2712,2712000,2713000,2.0,server_received
fd00::204:4:4:4,2723,2723000,2724000,2.0,server_received
fd00::204:4:4:4,2734,2734000,2735000,2.0,server_received
fd00::204:4:4:4,2744,2744000,2745000,2.0,server_received
fd00::204:4:4:4,2755,2755000,2756000,2.0,server_received
fd00::204:4:4:4,2765,2765000,2766000,2.0,server_received
fd00::204:4:4:4,2776,2776000,2777000,2.0,server_received
fd00::204:4:4:4,2786,2786000,2787000,2.0,server_received
fd00::204:4:4:4,2797,2797000,2798000,2.0,server_received
fd00::204:4:4:4,2807,2807000,2808000,2.0,server_received
fd00::204:4:4:4,2818,2818000,2819000,2.0,server_received
fd00::204:4:4:4,2828,2828000,2829000,2.0,server_received
fd00::204:4:4:4,2839,2839000,2840000,2.0,server_received
fd00::204:4:4:4,2850,2850000,2851000,2.0,server_received
fd00::204:4:4:4,2865,2865000,2866000,2.0,server_received
fd00::204:4:4:4,2871,2871000,2872000,3.0,server_received
fd00::204:4:4:4,2881,2881000,2882000,2.0,server_received
fd00::204:4:4:4,2892,2892000,2893000,2.0,server_received
fd00::204:4:4:4,2902,2902000,2903000,2.0,server_received
fd00::204:4:4:4,2913,2913000,2914000,2.0,server_received
fd00::204:4:4:4,2923,2923000,2924000,2.0,server_received
fd00::204:4:4:4,2934,2934000,2935000,2.0,server_received
fd00::204:4:4:4,2945,2945000,2946000,2.0,server_received
fd00::204:4:4:4,2955,2955000,2956000,2.0,server_received
fd00::204:4:4:4,2966,2966000,2967000,2.0,server_received
fd00::204:4:4:4,2976,2976000,2977000,2.0,server_received
fd00::204:4:4:4,2987,2987000,2988000,2.0,server_received
fd00::204:4:4:4,2998,2998000,2999000,2.0,server_received
fd00::204:4:4:4,3008,3008000,3009000,2.0,server_received
fd00::204:4:4:4,3019,3019000,3020000,2.0,server_received
fd00::204:4:4:4,3029,3029000,3030000,2.0,server_received
fd00::204:4:4:4,3040,3040000,3041000,2.0,server_received
fd00::204:4:4:4,3050,3050000,3051000,3.0,server_received
fd00::204:4:4:4,3061,3061000,3062000,2.0,server_received
fd00::204:4:4:4,3071,3071000,3072000,2.0,server_received
fd00::204:4:4:4,3082,3082000,3083000,2.0,server_received
fd00::204:4:4:4,3092,3092000,3093000,2.0,server_received
fd00::204:4:4:4,3103,3103000,3104000,2.0,server_received
fd00::204:4:4:4,3114,3114000,3115000,2.0,server_received
fd00::204:4:4:4,3124,3124000,3125000,2.0,server_received
fd00::204:4:4:4,3135,3135000,3136000,2.0,server_received
fd00::204:4:4:4,3145,3145000,3146000,2.0,server_received
fd00::204:4:4:4,3156,3156000,3157000,2.0,server_received
fd00::204:4:4:4,3166,3166000,3167000,2.0,server_received
fd00::204:4:4:4,3177,3177000,3178000,2.0,server_received
fd00::204:4:4:4,3187,3187000,3188000,2.0,server_received
fd00::204:4:4:4,3198,3198000,3199000,2.0,server_received
fd00::204:4:4:4,3209,3209000,3210000,2.0,server_received
fd00::204:4:4:4,3219,3219000,3220000,2.0,server_received
fd00::204:4:4:4,3232,3232000,3233000,2.0,server_received
fd00::204:4:4:4,3240,3240000,3241000,3.0,server_received
fd00::204:4:4:4,3252,3252000,3253000,2.0,server_received
fd00::204:4:4:4,3263,3263000,3264000,2.0,server_received
fd00::204:4:4:4,3272,3272000,3273000,2.0,server_received
fd00::204:4:4:4,3282,3282000,3283000,2.0,server_received
fd00::204:4:4:4,3293,3293000,3294000,2.0,server_received
fd00::204:4:4:4,3304,3304000,3305000,2.0,server_received
fd00::204:4:4:4,3314,3314000,3315000,2.0,server_received
fd00::204:4:4:4,3325,3325000,3326000,2.0,server_received
fd00::204:4:4:4,3335,3335000,3336000,2.0,server_received
fd00::204:4:4:4,3346,3346000,3347000,2.0,server_received
fd00::204:4:4:4,3357,3357000,3358000,2.0,server_received
fd00::204:4:4:4,3367,3367000,3368000,2.0,server_received
fd00::204:4:4:4,3377,3377000,3378000,2.0,server_received
fd00::204:4:4:4,3388,3388000,3389000,2.0,server_received
fd00::204:4:4:4,3398,3398000,3399000,2.0,server_received
fd00::204:4:4:4,3409,3409000,3410000,2.0,server_received
fd00::204:4:4:4,3420,3420000,3421000,2.0,server_received
fd00::204:4:4:4,3431,3431000,3432000,3.0,server_received
fd00::204:4:4:4,3441,3441000,3442000,2.0,server_received
fd00::204:4:4:4,3451,3451000,3452000,2.0,server_received
fd00::204:4:4:4,3462,3462000,3463000,2.0,server_received
fd00::204:4:4:4,3472,3472000,3473000,2.0,server_received
fd00::204:4:4:4,3483,3483000,3484000,2.0,server_received
fd00::204:4:4:4,3494,3494000,3495000,2.0,server_received
fd00::204:4:4:4,3504,3504000,3505000,2.0,server_received
fd00::204:4:4:4,3515,3515000,3516000,2.0,server_received
fd00::204:4:4:4,3525,3525000,3526000,2.0,server_received
fd00::204:4:4:4,3536,3536000,3537000,2.0,server_received
fd00::204:4:4:4,3546,3546000,3547000,2.0,server_received
fd00::204:4:4:4,3557,3557000,3558000,2.0,server_received
fd00::204:4:4:4,3567,3567000,3568000,2.0,server_received
fd00::204:4:4:4,3578,3578000,3579000,2.0,server_received
fd00::204:4:4:4,3589,3589000,3590000,2.0,server_received
fd00::204:4:4:4,3599,3599000,3600000,2.0,server_received
fd00::205:5:5:5,140,140000,141000,0.0,server_received
fd00::205:5:5:5,151,151000,152000,2.0,server_received
fd00::205:5:5:5,162,162000,163000,1.0,server_received
fd00::205:5:5:5,173,173000,174000,3.0,server_received
fd00::205:5:5:5,183,183000,184000,2.0,server_received
fd00::205:5:5:5,194,194000,195000,2.0,server_received
fd00::205:5:5:5,205,205000,206000,2.0,server_received
fd00::205:5:5:5,216,216000,217000,2.0,server_received
fd00::205:5:5:5,228,228000,229000,2.0,server_received
fd00::205:5:5:5,237,237000,238000,2.0,server_received
fd00::205:5:5:5,248,248000,249000,2.0,server_received
fd00::205:5:5:5,259,259000,260000,2.0,server_received
fd00::205:5:5:5,272,272000,273000,2.0,server_received
fd00::205:5:5:5,282,282000,283000,2.0,server_received
fd00::205:5:5:5,292,292000,293000,2.0,server_received
fd00::205:5:5:5,302,302000,303000,3.0,server_received
fd00::205:5:5:5,314,314000,315000,2.0,server_received
fd00::205:5:5:5,324,324000,325000,2.0,server_received
fd00::205:5:5:5,335,335000,336000,2.0,server_received
fd00::205:5:5:5,345,345000,346000,2.0,server_received
fd00::205:5:5:5,356,356000,357000,2.0,server_received
fd00::205:5:5:5,367,367000,368000,2.0,server_received
fd00::205:5:5:5,378,378000,379000,2.0,server_received
fd00::205:5:5:5,388,388000,389000,2.0,server_received
fd00::205:5:5:5,399,399000,400000,2.0,server_received
fd00::205:5:5:5,413,413000,414000,2.0,server_received
fd00::205:5:5:5,421,421000,422000,2.0,server_received
fd00::205:5:5:5,432,432000,433000,2.0,server_received
fd00::205:5:5:5,442,442000,443000,3.0,server_received
fd00::205:5:5:5,453,453000,454000,2.0,server_received
fd00::205:5:5:5,465,465000,466000,2.0,server_received
fd00::205:5:5:5,475,475000,476000,2.0,server_received
fd00::205:5:5:5,486,486000,487000,2.0,server_received
fd00::205:5:5:5,496,496000,497000,2.0,server_received
fd00::205:5:5:5,507,507000,508000,2.0,server_received
fd00::205:5:5:5,518,518000,519000,2.0,server_received
fd00::205:5:5:5,529,529000,530000,2.0,server_received
fd00::205:5:5:5,541,541000,542000,2.0,server_received
fd00::205:5:5:5,551,551000,552000,2.0,server_received
fd00::205:5:5:5,561,561000,562000,2.0,server_received
fd00::205:5:5:5,572,572000,573000,2.0,server_received
fd00::205:5:5:5,583,583000,584000,3.0,server_received
fd00::205:5:5:5,594,594000,595000,2.0,server_received
fd00::205:5:5:5,604,604000,605000,2.0,server_received
fd00::205:5:5:5,615,615000,616000,2.0,server_received
fd00::205:5:5:5,626,626000,627000,2.0,server_received
fd00::205:5:5:5,637,637000,638000,2.0,server_received
fd00::205:5:5:5,647,647000,648000,2.0,server_received
fd00::205:5:5:5,658,658000,659000,2.0,server_received
fd00::205:5:5:5,669,669000,670000,2.0,server_received
fd00::205:5:5:5,680,680000,681000,2.0,server_received
fd00::205:5:5:5,691,691000,692000,2.0,server_received
fd00::205:5:5:5,701,701000,702000,3.0,server_received
fd00::205:5:5:5,712,712000,713000,2.0,server_received
fd00::205:5:5:5,723,723000,724000,2.0,server_received
fd00::205:5:5:5,734,734000,735000,2.0,server_received
fd00::205:5:5:5,745,745000,746000,2.0,server_received
fd00::205:5:5:5,755,755000,756000,2.0,server_received
fd00::205:5:5:5,766,766000,767000,2.0,server_received
fd00::205:5:5:5,777,777000,778000,2.0,server_received
fd00::205:5:5:5,788,788000,789000,2.0,server_received
fd00::205:5:5:5,799,799000,800000,2.0,server_received
fd00::205:5:5:5,809,809000,810000,2.0,server_received
fd00::205:5:5:5,821,821000,822000,2.0,server_received
fd00::205:5:5:5,833,833000,834000,2.0,server_received
fd00::205:5:5:5,842,842000,843000,3.0,server_received
fd00::205:5:5:5,854,854000,855000,2.0,server_received
fd00::205:5:5:5,863,863000,864000,2.0,server_received
fd00::205:5:5:5,874,874000,875000,2.0,server_received
fd00::205:5:5:5,885,885000,886000,2.0,server_received
fd00::205:5:5:5,896,896000,897000,2.0,server_received
fd00::205:5:5:5,907,907000,908000,2.0,server_received
fd00::205:5:5:5,917,917000,918000,2.0,server_received
fd00::205:5:5:5,928,928000,929000,2.0,server_received
fd00::205:5:5:5,939,939000,940000,2.0,server_received
fd00::205:5:5:5,951,951000,952000,2.0,server_received
fd00::205:5:5:5,961,961000,962000,2.0,server_received
fd00::205:5:5:5,974,974000,975000,2.0,server_received
fd00::205:5:5:5,982,982000,983000,3.0,server_received
fd00::205:5:5:5,993,993000,994000,2.0,server_received
fd00::205:5:5:5,1004,1004000,1005000,2.0,server_received
fd00::205:5:5:5,1014,1014000,1015000,2.0,server_received
fd00::205:5:5:5,1025,1025000,1026000,2.0,server_received
fd00::205:5:5:5,1036,1036000,1037000,2.0,server_received
fd00::205:5:5:5,1047,1047000,1048000,2.0,server_received
fd00::205:5:5:5,1058,1058000,1059000,2.0,server_received
fd00::205:5:5:5,1068,1068000,1069000,2.0,server_received
fd00::205:5:5:5,1079,1079000,1080000,2.0,server_received
fd00::205:5:5:5,1090,1090000,1091000,2.0,server_received
fd00::205:5:5:5,1101,1101000,1102000,2.0,server_received
fd00::205:5:5:5,1112,1112000,1113000,3.0,server_received
fd00::205:5:5:5,1123,1123000,1124000,2.0,server_received
fd00::205:5:5:5,1133,1133000,1134000,2.0,server_received
fd00::205:5:5:5,1144,1144000,1145000,2.0,server_received
fd00::205:5:5:5,1155,1155000,1156000,2.0,server_received
fd00::205:5:5:5,1166,1166000,1167000,2.0,server_received
fd00::205:5:5:5,1176,1176000,1177000,2.0,server_received
fd00::205:5:5:5,1187,1187000,1188000,2.0,server_received
fd00::205:5:5:5,1198,1198000,1199000,2.0,server_received
fd00::205:5:5:5,1209,1209000,1210000,2.0,server_received
fd00::205:5:5:5,1219,1219000,1220000,2.0,server_received
fd00::205:5:5:5,1233,1233000,1234000,2.0,server_received
fd00::205:5:5:5,1241,1241000,1242000,2.0,server_received
fd00::205:5:5:5,1253,1253000,1254000,2.0,server_received
fd00::205:5:5:5,1263,1263000,1264000,3.0,server_received
fd00::205:5:5:5,1273,1273000,1274000,2.0,server_received
fd00::205:5:5:5,1285,1285000,1286000,2.0,server_received
fd00::205:5:5:5,1295,1295000,1296000,2.0,server_received
fd00::205:5:5:5,1306,1306000,1307000,2.0,server_received
fd00::205:5:5:5,1317,1317000,1318000,2.0,server_received
fd00::205:5:5:5,1327,1327000,1328000,2.0,server_received
fd00::205:5:5:5,1338,1338000,1339000,2.0,server_received
fd00::205:5:5:5,1349,1349000,1350000,2.0,server_received
fd00::205:5:5:5,1361,1361000,1362000,2.0,server_received
fd00::205:5:5:5,1371,1371000,1372000,2.0,server_received
fd00::205:5:5:5,1382,1382000,1383000,3.0,server_received
fd00::205:5:5:5,1392,1392000,1393000,2.0,server_received
fd00::205:5:5:5,1403,1403000,1404000,2.0,server_received
fd00::205:5:5:5,1414,1414000,1415000,2.0,server_received
fd00::205:5:5:5,1425,1425000,1426000,2.0,server_received
fd00::205:5:5:5,1435,1435000,1436000,2.0,server_received
fd00::205:5:5:5,1446,1446000,1447000,2.0,server_received
fd00::205:5:5:5,1457,1457000,1458000,2.0,server_received
fd00::205:5:5:5,1468,1468000,1469000,2.0,server_received
fd00::205:5:5:5,1479,1479000,1480000,2.0,server_received
fd00::205:5:5:5,1491,1491000,1492000,2.0,server_received
fd00::205:5:5:5,1500,1500000,1501000,2.0,server_received
fd00::205:5:5:5,1512,1512000,1513000,2.0,server_received
fd00::205:5:5:5,1523,1523000,1524000,3.0,server_received
fd00::205:5:5:5,1532,1532000,1533000,2.0,server_received
fd00::205:5:5:5,1543,1543000,1544000,2.0,server_received
fd00::205:5:5:5,1554,1554000,1555000,2.0,server_received
fd00::205:5:5:5,1565,1565000,1566000,2.0,server_received
fd00::205:5:5:5,1576,1576000,1577000,2.0,server_received
fd00::205:5:5:5,1586,1586000,1587000,2.0,server_received
fd00::205:5:5:5,1597,1597000,1598000,2.0,server_received
fd00::205:5:5:5,1608,1608000,1609000,2.0,server_received
fd00::205:5:5:5,1619,1619000,1620000,2.0,server_received
fd00::205:5:5:5,1631,1631000,1632000,2.0,server_received
fd00::205:5:5:5,1641,1641000,1642000,2.0,server_received
fd00::205:5:5:5,1652,1652000,1653000,2.0,server_received
fd00::205:5:5:5,1662,1662000,1663000,2.0,server_received
fd00::205:5:5:5,1673,1673000,1674000,3.0,server_received
fd00::205:5:5:5,1684,1684000,1685000,2.0,server_received
fd00::205:5:5:5,1694,1694000,1695000,2.0,server_received
fd00::205:5:5:5,1705,1705000,1706000,2.0,server_received
fd00::205:5:5:5,1716,1716000,1717000,2.0,server_received
fd00::205:5:5:5,1727,1727000,1728000,2.0,server_received
fd00::205:5:5:5,1738,1738000,1739000,2.0,server_received
fd00::205:5:5:5,1748,1748000,1749000,2.0,server_received
fd00::205:5:5:5,1759,1759000,1760000,2.0,server_received
fd00::205:5:5:5,1771,1771000,1772000,2.0,server_received
fd00::205:5:5:5,1781,1781000,1782000,2.0,server_received
fd00::205:5:5:5,1792,1792000,1793000,3.0,server_received
fd00::205:5:5:5,1802,1802000,1803000,2.0,server_received
fd00::205:5:5:5,1813,1813000,1814000,2.0,server_received
fd00::205:5:5:5,1825,1825000,1826000,2.0,server_received
fd00::205:5:5:5,1835,1835000,1836000,2.0,server_received
fd00::205:5:5:5,1845,1845000,1846000,2.0,server_received
fd00::205:5:5:5,1856,1856000,1857000,2.0,server_received
fd00::205:5:5:5,1867,1867000,1868000,2.0,server_received
fd00::205:5:5:5,1878,1878000,1879000,2.0,server_received
fd00::205:5:5:5,1889,1889000,1890000,2.0,server_received
fd00::205:5:5:5,1903,1903000,1904000,2.0,server_received
fd00::205:5:5:5,1911,1911000,1912000,2.0,server_received
fd00::205:5:5:5,1921,1921000,1922000,2.0,server_received
fd00::205:5:5:5,1932,1932000,1933000,2.0,server_received
fd00::205:5:5:5,1944,1944000,1945000,3.0,server_received
fd00::205:5:5:5,1954,1954000,1955000,2.0,server_received
fd00::205:5:5:5,1964,1964000,1965000,2.0,server_received
fd00::205:5:5:5,1975,1975000,1976000,2.0,server_received
fd00::205:5:5:5,1986,1986000,1987000,2.0,server_received
fd00::205:5:5:5,1997,1997000,1998000,2.0,server_received
fd00::205:5:5:5,2007,2007000,2008000,2.0,server_received
fd00::205:5:5:5,2018,2018000,2019000,2.0,server_received
fd00::205:5:5:5,2029,2029000,2030000,2.0,server_received
fd00::205:5:5:5,2041,2041000,2042000,2.0,server_received
fd00::205:5:5:5,2051,2051000,2052000,2.0,server_received
fd00::205:5:5:5,2064,2064000,2065000,3.0,server_received
fd00::205:5:5:5,2072,2072000,2073000,2.0,server_received
fd00::205:5:5:5,2083,2083000,2084000,2.0,server_received
fd00::205:5:5:5,2094,2094000,2095000,2.0,server_received
fd00::205:5:5:5,2104,2104000,2105000,2.0,server_received
fd00::205:5:5:5,2115,2115000,2116000,2.0,server_received
fd00::205:5:5:5,2126,2126000,2127000,2.0,server_received
fd00::205:5:5:5,2137,2137000,2138000,2.0,server_received
fd00::205:5:5:5,2148,2148000,2149000,2.0,server_received
fd00::205:5:5:5,2159,2159000,2160000,2.0,server_received
fd00::205:5:5:5,2169,2169000,2170000,2.0,server_received
fd00::205:5:5:5,2181,2181000,2182000,2.0,server_received
fd00::205:5:5:5,2194,2194000,2195000,2.0,server_received
fd00::205:5:5:5,2202,2202000,2203000,3.0,server_received
fd00::205:5:5:5,2212,2212000,2213000,2.0,server_received
fd00::205:5:5:5,2223,2223000,2224000,2.0,server_received
fd00::205:5:5:5,2234,2234000,2235000,2.0,server_received
fd00::205:5:5:5,2245,2245000,2246000,2.0,server_received
fd00::205:5:5:5,2256,2256000,2257000,2.0,server_received
fd00::205:5:5:5,2266,2266000,2267000,2.0,server_received
fd00::205:5:5:5,2277,2277000,2278000,2.0,server_received
fd00::205:5:5:5,2288,2288000,2289000,2.0,server_received
fd00::205:5:5:5,2299,2299000,2300000,2.0,server_received
fd00::205:5:5:5,2310,2310000,2311000,2.0,server_received
fd00::205:5:5:5,2321,2321000,2322000,2.0,server_received
fd00::205:5:5:5,2332,2332000,2333000,2.0,server_received
fd00::205:5:5:5,2342,2342000,2343000,2.0,server_received
fd00::205:5:5:5,2353,2353000,2354000,3.0,server_received
fd00::205:5:5:5,2363,2363000,2364000,2.0,server_received
fd00::205:5:5:5,2374,2374000,2375000,2.0,server_received
fd00::205:5:5:5,2385,2385000,2386000,2.0,server_received
fd00::205:5:5:5,2396,2396000,2397000,2.0,server_received
fd00::205:5:5:5,2407,2407000,2408000,2.0,server_received
fd00::205:5:5:5,2417,2417000,2418000,2.0,server_received
fd00::205:5:5:5,2428,2428000,2429000,2.0,server_received
fd00::205:5:5:5,2439,2439000,2440000,2.0,server_received
fd00::205:5:5:5,2451,2451000,2452000,2.0,server_received
fd00::205:5:5:5,2461,2461000,2462000,2.0,server_received
fd00::205:5:5:5,2472,2472000,2473000,3.0,server_received
fd00::205:5:5:5,2483,2483000,2484000,1.0,server_received
fd00::205:5:5:5,2493,2493000,2494000,3.0,server_received
fd00::205:5:5:5,2504,2504000,2505000,2.0,server_received
fd00::205:5:5:5,2515,2515000,2516000,2.0,server_received
fd00::205:5:5:5,2525,2525000,2526000,2.0,server_received
fd00::205:5:5:5,2536,2536000,2537000,2.0,server_received
fd00::205:5:5:5,2547,2547000,2548000,2.0,server_received
fd00::205:5:5:5,2558,2558000,2559000,2.0,server_received
fd00::205:5:5:5,2569,2569000,2570000,2.0,server_received
fd00::205:5:5:5,2579,2579000,2580000,2.0,server_received
fd00::205:5:5:5,2590,2590000,2591000,2.0,server_received
fd00::205:5:5:5,2602,2602000,2603000,2.0,server_received
fd00::205:5:5:5,2612,2612000,2613000,2.0,server_received
fd00::205:5:5:5,2623,2623000,2624000,3.0,server_received
fd00::205:5:5:5,2633,2633000,2634000,2.0,server_received
fd00::205:5:5:5,2646,2646000,2647000,2.0,server_received
fd00::205:5:5:5,2655,2655000,2656000,2.0,server_received
fd00::205:5:5:5,2666,2666000,2667000,2.0,server_received
fd00::205:5:5:5,2676,2676000,2677000,2.0,server_received
fd00::205:5:5:5,2687,2687000,2688000,2.0,server_received
fd00::205:5:5:5,2698,2698000,2699000,2.0,server_received
fd00::205:5:5:5,2709,2709000,2710000,2.0,server_received
fd00::205:5:5:5,2721,2721000,2722000,2.0,server_received
fd00::205:5:5:5,2734,2734000,2735000,2.0,server_received
fd00::205:5:5:5,2741,2741000,2742000,2.0,server_received
fd00::205:5:5:5,2753,2753000,2754000,3.0,server_received
fd00::205:5:5:5,2763,2763000,2764000,2.0,server_received
fd00::205:5:5:5,2774,2774000,2775000,2.0,server_received
fd00::205:5:5:5,2785,2785000,2786000,1.0,server_received
fd00::205:5:5:5,2795,2795000,2796000,3.0,server_received
fd00::205:5:5:5,2806,2806000,2807000,2.0,server_received
fd00::205:5:5:5,2817,2817000,2818000,2.0,server_received
fd00::205:5:5:5,2828,2828000,2829000,2.0,server_received
fd00::205:5:5:5,2838,2838000,2839000,2.0,server_received
fd00::205:5:5:5,2849,2849000,2850000,2.0,server_received
fd00::205:5:5:5,2865,2865000,2866000,2.0,server_received
fd00::205:5:5:5,2871,2871000,2872000,2.0,server_received
fd00::205:5:5:5,2881,2881000,2882000,3.0,server_received
fd00::205:5:5:5,2892,2892000,2893000,2.0,server_received
fd00::205:5:5:5,2903,2903000,2904000,2.0,server_received
fd00::205:5:5:5,2914,2914000,2915000,2.0,server_received
fd00::205:5:5:5,2925,2925000,2926000,2.0,server_received
fd00::205:5:5:5,2935,2935000,2936000,2.0,server_received
fd00::205:5:5:5,2946,2946000,2947000,2.0,server_received
fd00::205:5:5:5,2957,2957000,2958000,2.0,server_received
fd00::205:5:5:5,2968,2968000,2969000,2.0,server_received
fd00::205:5:5:5,2979,2979000,2980000,2.0,server_received
fd00::205:5:5:5,2989,2989000,2990000,2.0,server_received
fd00::205:5:5:5,3001,3001000,3002000,2.0,server_received
fd00::205:5:5:5,3014,3014000,3015000,3.0,server_received
fd00::205:5:5:5,3023,3023000,3024000,1.0,server_received
fd00::205:5:5:5,3033,3033000,3034000,3.0,server_received
fd00::205:5:5:5,3043,3043000,3044000,2.0,server_received
fd00::205:5:5:5,3054,3054000,3055000,2.0,server_received
fd00::205:5:5:5,3065,3065000,3066000,2.0,server_received
fd00::205:5:5:5,3076,3076000,3077000,2.0,server_received
fd00::205:5:5:5,3087,3087000,3088000,2.0,server_received
fd00::205:5:5:5,3097,3097000,3098000,2.0,server_received
fd00::205:5:5:5,3108,3108000,3109000,2.0,server_received
fd00::205:5:5:5,3119,3119000,3120000,2.0,server_received
fd00::205:5:5:5,3132,3132000,3133000,2.0,server_received
fd00::205:5:5:5,3141,3141000,3142000,2.0,server_received
fd00::205:5:5:5,3152,3152000,3153000,2.0,server_received
fd00::205:5:5:5,3162,3162000,3163000,3.0,server_received
fd00::205:5:5:5,3173,3173000,3174000,2.0,server_received
fd00::205:5:5:5,3184,3184000,3185000,2.0,server_received
fd00::205:5:5:5,3194,3194000,3195000,2.0,server_received
fd00::205:5:5:5,3205,3205000,3206000,2.0,server_received
fd00::205:5:5:5,3216,3216000,3217000,2.0,server_received
fd00::205:5:5:5,3227,3227000,3228000,2.0,server_received
fd00::205:5:5:5,3238,3238000,3239000,2.0,server_received
fd00::205:5:5:5,3248,3248000,3249000,2.0,server_received
fd00::205:5:5:5,3259,3259000,3260000,2.0,server_received
fd00::205:5:5:5,3271,3271000,3272000,2.0,server_received
fd00::205:5:5:5,3282,3282000,3283000,2.0,server_received
fd00::205:5:5:5,3294,3294000,3295000,2.0,server_received
fd00::205:5:5:5,3302,3302000,3303000,3.0,server_received
fd00::205:5:5:5,3313,3313000,3314000,2.0,server_received
fd00::205:5:5:5,3324,3324000,3325000,2.0,server_received
fd00::205:5:5:5,3335,3335000,3336000,2.0,server_received
fd00::205:5:5:5,3346,3346000,3347000,2.0,server_received
fd00::205:5:5:5,3356,3356000,3357000,2.0,server_received
fd00::205:5:5:5,3367,3367000,3368000,2.0,server_received
fd00::205:5:5:5,3378,3378000,3379000,2.0,server_received
fd00::205:5:5:5,3389,3389000,3390000,2.0,server_received
fd00::205:5:5:5,3399,3399000,3400000,2.0,server_received
fd00::205:5:5:5,3413,3413000,3414000,2.0,server_received
fd00::205:5:5:5,3421,3421000,3422000,2.0,server_received
fd00::205:5:5:5,3432,3432000,3433000,3.0,server_received
fd00::205:5:5:5,3443,3443000,3444000,2.0,server_received
fd00::205:5:5:5,3453,3453000,3454000,2.0,server_received
fd00::205:5:5:5,3465,3465000,3466000,2.0,server_received
fd00::205:5:5:5,3475,3475000,3476000,2.0,server_received
fd00::205:5:5:5,3486,3486000,3487000,2.0,server_received
fd00::205:5:5:5,3497,3497000,3498000,2.0,server_received
fd00::205:5:5:5,3507,3507000,3508000,2.0,server_received
fd00::205:5:5:5,3518,3518000,3519000,2.0,server_received
fd00::205:5:5:5,3529,3529000,3530000,2.0,server_received
fd00::205:5:5:5,3540,3540000,3541000,2.0,server_received
fd00::205:5:5:5,3551,3551000,3552000,2.0,server_received
fd00::205:5:5:5,3562,3562000,3563000,2.0,server_received
fd00::205:5:5:5,3572,3572000,3573000,3.0,server_received
fd00::205:5:5:5,3583,3583000,3584000,1.0,server_received
fd00::205:5:5:5,3594,3594000,3595000,3.0,server_received
fd00::202:2:2:2,20,20000,21000,0.0,total_sent
fd00::202:2:2:2,31,31000,32000,1.0,total_sent
fd00::202:2:2:2,42,42000,43000,1.0,total_sent
fd00::202:2:2:2,52,52000,53000,1.0,total_sent
fd00::202:2:2:2,63,63000,64000,1.0,total_sent
fd00::202:2:2:2,73,73000,74000,1.0,total_sent
fd00::202:2:2:2,84,84000,85000,1.0,total_sent
fd00::202:2:2:2,94,94000,95000,1.0,total_sent
fd00::202:2:2:2,105,105000,106000,1.0,total_sent
fd00::202:2:2:2,115,115000,116000,1.0,total_sent
fd00::202:2:2:2,126,126000,127000,1.0,total_sent
fd00::202:2:2:2,136,136000,137000,1.0,total_sent
fd00::202:2:2:2,147,147000,148000,1.0,total_sent
fd00::202:2:2:2,157,157000,158000,1.0,total_sent
fd00::202:2:2:2,168,168000,169000,1.0,total_sent
fd00::202:2:2:2,178,178000,179000,1.0,total_sent
fd00::202:2:2:2,189,189000,190000,1.0,total_sent
fd00::202:2:2:2,199,199000,200000,1.0,total_sent
fd00::202:2:2:2,213,213000,214000,1.0,total_sent
fd00::202:2:2:2,221,221000,222000,1.0,total_sent
fd00::202:2:2:2,231,231000,232000,1.0,total_sent
fd00::202:2:2:2,242,242000,243000,1.0,total_sent
fd00::202:2:2:2,252,252000,253000,1.0,total_sent
fd00::202:2:2:2,263,263000,264000,1.0,total_sent
fd00::202:2:2:2,273,273000,274000,1.0,total_sent
fd00::202:2:2:2,284,284000,285000,1.0,total_sent
fd00::202:2:2:2,294,294000,295000,1.0,total_sent
fd00::202:2:2:2,305,305000,306000,1.0,total_sent
fd00::202:2:2:2,315,315000,316000,1.0,total_sent
fd00::202:2:2:2,326,326000,327000,1.0,total_sent
fd00::202:2:2:2,336,336000,337000,1.0,total_sent
fd00::202:2:2:2,347,347000,348000,1.0,total_sent
fd00::202:2:2:2,357,357000,358000,1.0,total_sent
fd00::202:2:2:2,368,368000,369000,1.0,total_sent
fd00::202:2:2:2,378,378000,379000,1.0,total_sent
fd00::202:2:2:2,389,389000,390000,1.0,total_sent
fd00::202:2:2:2,401,401000,402000,1.0,total_sent
fd00::202:2:2:2,413,413000,414000,1.0,total_sent
fd00::202:2:2:2,421,421000,422000,1.0,total_sent
fd00::202:2:2:2,431,431000,432000,1.0,total_sent
fd00::202:2:2:2,442,442000,443000,1.0,total_sent
fd00::202:2:2:2,452,452000,453000,1.0,total_sent
fd00::202:2:2:2,463,463000,464000,1.0,total_sent
fd00::202:2:2:2,473,473000,474000,1.0,total_sent
fd00::202:2:2:2,484,484000,485000,1.0,total_sent
fd00::202:2:2:2,494,494000,495000,1.0,total_sent
fd00::202:2:2:2,505,505000,506000,1.0,total_sent
fd00::202:2:2:2,515,515000,516000,1.0,total_sent
fd00::202:2:2:2,526,526000,527000,1.0,total_sent
fd00::202:2:2:2,536,536000,537000,1.0,total_sent
fd00::202:2:2:2,547,547000,548000,1.0,total_sent
fd00::202:2:2:2,558,558000,559000,1.0,total_sent
fd00::202:2:2:2,568,568000,569000,1.0,total_sent
fd00::202:2:2:2,579,579000,580000,1.0,total_sent
fd00::202:2:2:2,589,589000,590000,1.0,total_sent
fd00::202:2:2:2,600,600000,601000,1.0,total_sent
fd00::202:2:2:2,613,613000,614000,1.0,total_sent
fd00::202:2:2:2,622,622000,623000,1.0,total_sent
fd00::202:2:2:2,631,631000,632000,1.0,total_sent
fd00::202:2:2:2,642,642000,643000,1.0,total_sent
fd00::202:2:2:2,652,652000,653000,1.0,total_sent
fd00::202:2:2:2,663,663000,664000,1.0,total_sent
fd00::202:2:2:2,674,674000,675000,1.0,total_sent
fd00::202:2:2:2,684,684000,685000,1.0,total_sent
fd00::202:2:2:2,694,694000,695000,1.0,total_sent
fd00::202:2:2:2,705,705000,706000,1.0,total_sent
fd00::202:2:2:2,715,715000,716000,1.0,total_sent
fd00::202:2:2:2,726,726000,727000,1.0,total_sent
fd00::202:2:2:2,737,737000,738000,1.0,total_sent
fd00::202:2:2:2,747,747000,748000,1.0,total_sent
fd00::202:2:2:2,758,758000,759000,1.0,total_sent
fd00::202:2:2:2,768,768000,769000,1.0,total_sent
fd00::202:2:2:2,779,779000,780000,1.0,total_sent
fd00::202:2:2:2,789,789000,790000,1.0,total_sent
fd00::202:2:2:2,803,803000,804000,1.0,total_sent
fd00::202:2:2:2,810,810000,811000,1.0,total_sent
fd00::202:2:2:2,821,821000,822000,1.0,total_sent
fd00::202:2:2:2,831,831000,832000,1.0,total_sent
fd00::202:2:2:2,842,842000,843000,1.0,total_sent
fd00::202:2:2:2,853,853000,854000,1.0,total_sent
fd00::202:2:2:2,863,863000,864000,1.0,total_sent
fd00::202:2:2:2,873,873000,874000,1.0,total_sent
fd00::202:2:2:2,884,884000,885000,1.0,total_sent
fd00::202:2:2:2,895,895000,896000,1.0,total_sent
fd00::202:2:2:2,905,905000,906000,1.0,total_sent
fd00::202:2:2:2,916,916000,917000,1.0,total_sent
fd00::202:2:2:2,926,926000,927000,1.0,total_sent
fd00::202:2:2:2,937,937000,938000,1.0,total_sent
fd00::202:2:2:2,947,947000,948000,1.0,total_sent
fd00::202:2:2:2,958,958000,959000,1.0,total_sent
fd00::202:2:2:2,968,968000,969000,1.0,total_sent
fd00::202:2:2:2,979,979000,980000,1.0,total_sent
fd00::202:2:2:2,989,989000,990000,1.0,total_sent
fd00::202:2:2:2,1000,1000000,1001000,1.0,total_sent
fd00::202:2:2:2,1011,1011000,1012000,1.0,total_sent
fd00::202:2:2:2,1021,1021000,1022000,1.0,total_sent
fd00::202:2:2:2,1032,1032000,1033000,1.0,total_sent
fd00::202:2:2:2,1042,1042000,1043000,1.0,total_sent
fd00::202:2:2:2,1053,1053000,1054000,1.0,total_sent
fd00::202:2:2:2,1063,1063000,1064000,1.0,total_sent
fd00::202:2:2:2,1074,1074000,1075000,1.0,total_sent
fd00::202:2:2:2,1084,1084000,1085000,1.0,total_sent
fd00::202:2:2:2,1095,1095000,1096000,1.0,total_sent
fd00::202:2:2:2,1105,1105000,1106000,1.0,total_sent
fd00::202:2:2:2,1116,1116000,1117000,1.0,total_sent
fd00::202:2:2:2,1126,1126000,1127000,1.0,total_sent
fd00::202:2:2:2,1137,1137000,1138000,1.0,total_sent
fd00::202:2:2:2,1147,1147000,1148000,1.0,total_sent
fd00::202:2:2:2,1158,1158000,1159000,1.0,total_sent
fd00::202:2:2:2,1168,1168000,1169000,1.0,total_sent
fd00::202:2:2:2,1179,1179000,1180000,1.0,total_sent
fd00::202:2:2:2,1189,1189000,1190000,1.0,total_sent
fd00::202:2:2:2,1200,1200000,1201000,1.0,total_sent
fd00::202:2:2:2,1210,1210000,1211000,1.0,total_sent
fd00::202:2:2:2,1221,1221000,1222000,1.0,total_sent
fd00::202:2:2:2,1232,1232000,1233000,1.0,total_sent
fd00::202:2:2:2,1242,1242000,1243000,1.0,total_sent
fd00::202:2:2:2,1253,1253000,1254000,1.0,total_sent
fd00::202:2:2:2,1263,1263000,1264000,1.0,total_sent
fd00::202:2:2:2,1274,1274000,1275000,1.0,total_sent
fd00::202:2:2:2,1285,1285000,1286000,1.0,total_sent
fd00::202:2:2:2,1295,1295000,1296000,1.0,total_sent
fd00::202:2:2:2,1305,1305000,1306000,1.0,total_sent
fd00::202:2:2:2,1316,1316000,1317000,1.0,total_sent
fd00::202:2:2:2,1326,1326000,1327000,1.0,total_sent
fd00::202:2:2:2,1337,1337000,1338000,1.0,total_sent
fd00::202:2:2:2,1347,1347000,1348000,1.0,total_sent
fd00::202:2:2:2,1358,1358000,1359000,1.0,total_sent
fd00::202:2:2:2,1368,1368000,1369000,1.0,total_sent
fd00::202:2:2:2,1379,1379000,1380000,1.0,total_sent
fd00::202:2:2:2,1389,1389000,1390000,1.0,total_sent
fd00::202:2:2:2,1400,1400000,1401000,1.0,total_sent
fd00::202:2:2:2,1411,1411000,1412000,1.0,total_sent
fd00::202:2:2:2,1421,1421000,1422000,1.0,total_sent
fd00::202:2:2:2,1432,1432000,1433000,1.0,total_sent
fd00::202:2:2:2,1442,1442000,1443000,1.0,total_sent
fd00::202:2:2:2,1453,1453000,1454000,1.0,total_sent
fd00::202:2:2:2,1463,1463000,1464000,1.0,total_sent
fd00::202:2:2:2,1474,1474000,1475000,1.0,total_sent
fd00::202:2:2:2,1484,1484000,1485000,1.0,total_sent
fd00::202:2:2:2,1495,1495000,1496000,1.0,total_sent
fd00::202:2:2:2,1505,1505000,1506000,1.0,total_sent
fd00::202:2:2:2,1516,1516000,1517000,1.0,total_sent
fd00::202:2:2:2,1526,1526000,1527000,1.0,total_sent
fd00::202:2:2:2,1537,1537000,1538000,1.0,total_sent
fd00::202:2:2:2,1547,1547000,1548000,1.0,total_sent
fd00::202:2:2:2,1558,1558000,1559000,1.0,total_sent
fd00::202:2:2:2,1568,1568000,1569000,1.0,total_sent
fd00::202:2:2:2,1579,1579000,1580000,1.0,total_sent
fd00::202:2:2:2,1593,1593000,1594000,1.0,total_sent
fd00::202:2:2:2,1602,1602000,1603000,1.0,total_sent
fd00::202:2:2:2,1611,1611000,1612000,1.0,total_sent
fd00::202:2:2:2,1623,1623000,1624000,1.0,total_sent
fd00::202:2:2:2,1632,1632000,1633000,1.0,total_sent
fd00::202:2:2:2,1644,1644000,1645000,1.0,total_sent
fd00::202:2:2:2,1653,1653000,1654000,1.0,total_sent
fd00::202:2:2:2,1663,1663000,1664000,1.0,total_sent
fd00::202:2:2:2,1674,1674000,1675000,1.0,total_sent
fd00::202:2:2:2,1684,1684000,1685000,1.0,total_sent
fd00::202:2:2:2,1695,1695000,1696000,1.0,total_sent
fd00::202:2:2:2,1705,1705000,1706000,1.0,total_sent
fd00::202:2:2:2,1716,1716000,1717000,1.0,total_sent
fd00::202:2:2:2,1726,1726000,1727000,1.0,total_sent
fd00::202:2:2:2,1737,1737000,1738000,1.0,total_sent
fd00::202:2:2:2,1748,1748000,1749000,1.0,total_sent
fd00::202:2:2:2,1758,1758000,1759000,1.0,total_sent
fd00::202:2:2:2,1769,1769000,1770000,1.0,total_sent
fd00::202:2:2:2,1779,1779000,1780000,1.0,total_sent
fd00::202:2:2:2,1790,1790000,1791000,1.0,total_sent
fd00::202:2:2:2,1801,1801000,1802000,1.0,total_sent
fd00::202:2:2:2,1811,1811000,1812000,1.0,total_sent
fd00::202:2:2:2,1821,1821000,1822000,1.0,total_sent
fd00::202:2:2:2,1832,1832000,1833000,1.0,total_sent
fd00::202:2:2:2,1842,1842000,1843000,1.0,total_sent
fd00::202:2:2:2,1853,1853000,1854000,1.0,total_sent
fd00::202:2:2:2,1863,1863000,1864000,1.0,total_sent
fd00::202:2:2:2,1874,1874000,1875000,1.0,total_sent
fd00::202:2:2:2,1884,1884000,1885000,1.0,total_sent
fd00::202:2:2:2,1895,1895000,1896000,1.0,total_sent
fd00::202:2:2:2,1905,1905000,1906000,1.0,total_sent
fd00::202:2:2:2,1916,1916000,1917000,1.0,total_sent
fd00::202:2:2:2,1927,1927000,1928000,1.0,total_sent
fd00::202:2:2:2,1937,1937000,1938000,1.0,total_sent
fd00::202:2:2:2,1948,1948000,1949000,1.0,total_sent
fd00::202:2:2:2,1958,1958000,1959000,1.0,total_sent
fd00::202:2:2:2,1969,1969000,1970000,1.0,total_sent
fd00::202:2:2:2,1979,1979000,1980000,1.0,total_sent
fd00::202:2:2:2,1990,1990000,1991000,1.0,total_sent
fd00::202:2:2:2,2000,2000000,2001000,1.0,total_sent
fd00::202:2:2:2,2011,2011000,2012000,1.0,total_sent
fd00::202:2:2:2,2021,2021000,2022000,1.0,total_sent
fd00::202:2:2:2,2032,2032000,2033000,1.0,total_sent
fd00::202:2:2:2,2045,2045000,2046000,1.0,total_sent
fd00::202:2:2:2,2053,2053000,2054000,1.0,total_sent
fd00::202:2:2:2,2063,2063000,2064000,1.0,total_sent
fd00::202:2:2:2,2074,2074000,2075000,1.0,total_sent
fd00::202:2:2:2,2085,2085000,2086000,1.0,total_sent
fd00::202:2:2:2,2095,2095000,2096000,1.0,total_sent
fd00::202:2:2:2,2106,2106000,2107000,1.0,total_sent
fd00::202:2:2:2,2116,2116000,2117000,1.0,total_sent
fd00::202:2:2:2,2127,2127000,2128000,1.0,total_sent
fd00::202:2:2:2,2137,2137000,2138000,1.0,total_sent
fd00::202:2:2:2,2148,2148000,2149000,1.0,total_sent
fd00::202:2:2:2,2159,2159000,2160000,1.0,total_sent
fd00::202:2:2:2,2169,2169000,2170000,1.0,total_sent
fd00::202:2:2:2,2179,2179000,2180000,1.0,total_sent
fd00::202:2:2:2,2190,2190000,2191000,1.0,total_sent
fd00::202:2:2:2,2200,2200000,2201000,1.0,total_sent
fd00::202:2:2:2,2211,2211000,2212000,1.0,total_sent
fd00::202:2:2:2,2224,2224000,2225000,1.0,total_sent
fd00::202:2:2:2,2233,2233000,2234000,1.0,total_sent
fd00::202:2:2:2,2243,2243000,2244000,1.0,total_sent
fd00::202:2:2:2,2253,2253000,2254000,1.0,total_sent
fd00::202:2:2:2,2264,2264000,2265000,1.0,total_sent
fd00::202:2:2:2,2274,2274000,2275000,1.0,total_sent
fd00::202:2:2:2,2285,2285000,2286000,1.0,total_sent
fd00::202:2:2:2,2295,2295000,2296000,1.0,total_sent
fd00::202:2:2:2,2306,2306000,2307000,1.0,total_sent
fd00::202:2:2:2,2316,2316000,2317000,1.0,total_sent
fd00::202:2:2:2,2327,2327000,2328000,1.0,total_sent
fd00::202:2:2:2,2337,2337000,2338000,1.0,total_sent
fd00::202:2:2:2,2348,2348000,2349000,1.0,total_sent
fd00::202:2:2:2,2358,2358000,2359000,1.0,total_sent
fd00::202:2:2:2,2369,2369000,2370000,1.0,total_sent
fd00::202:2:2:2,2379,2379000,2380000,1.0,total_sent
fd00::202:2:2:2,2390,2390000,2391000,1.0,total_sent
fd00::202:2:2:2,2401,2401000,2402000,1.0,total_sent
fd00::202:2:2:2,2411,2411000,2412000,1.0,total_sent
fd00::202:2:2:2,2422,2422000,2423000,1.0,total_sent
fd00::202:2:2:2,2432,2432000,2433000,1.0,total_sent
fd00::202:2:2:2,2443,2443000,2444000,1.0,total_sent
fd00::202:2:2:2,2453,2453000,2454000,1.0,total_sent
fd00::202:2:2:2,2464,2464000,2465000,1.0,total_sent
fd00::202:2:2:2,2474,2474000,2475000,1.0,total_sent
fd00::202:2:2:2,2485,2485000,2486000,1.0,total_sent
fd00::202:2:2:2,2495,2495000,2496000,1.0,total_sent
fd00::202:2:2:2,2506,2506000,2507000,1.0,total_sent
fd00::202:2:2:2,2516,2516000,2517000,1.0,total_sent
fd00::202:2:2:2,2527,2527000,2528000,1.0,total_sent
fd00::202:2:2:2,2537,2537000,2538000,1.0,total_sent
fd00::202:2:2:2,2548,2548000,2549000,1.0,total_sent
fd00::202:2:2:2,2558,2558000,2559000,1.0,total_sent
fd00::202:2:2:2,2569,2569000,2570000,1.0,total_sent
fd00::202:2:2:2,2579,2579000,2580000,1.0,total_sent
fd00::202:2:2:2,2591,2591000,2592000,1.0,total_sent
fd00::202:2:2:2,2601,2601000,2602000,1.0,total_sent
fd00::202:2:2:2,2611,2611000,2612000,1.0,total_sent
fd00::202:2:2:2,2622,2622000,2623000,1.0,total_sent
fd00::202:2:2:2,2632,2632000,2633000,1.0,total_sent
fd00::202:2:2:2,2643,2643000,2644000,1.0,total_sent
fd00::202:2:2:2,2653,2653000,2654000,1.0,total_sent
fd00::202:2:2:2,2664,2664000,2665000,1.0,total_sent
fd00::202:2:2:2,2674,2674000,2675000,1.0,total_sent
fd00::202:2:2:2,2685,2685000,2686000,1.0,total_sent
fd00::202:2:2:2,2695,2695000,2696000,1.0,total_sent
fd00::202:2:2:2,2706,2706000,2707000,1.0,total_sent
fd00::202:2:2:2,2716,2716000,2717000,1.0,total_sent
fd00::202:2:2:2,2727,2727000,2728000,1.0,total_sent
fd00::202:2:2:2,2737,2737000,2738000,1.0,total_sent
fd00::202:2:2:2,2748,2748000,2749000,1.0,total_sent
fd00::202:2:2:2,2758,2758000,2759000,1.0,total_sent
fd00::202:2:2:2,2769,2769000,2770000,1.0,total_sent
fd00::202:2:2:2,2782,2782000,2783000,1.0,total_sent
fd00::202:2:2:2,2790,2790000,2791000,1.0,total_sent
fd00::202:2:2:2,2801,2801000,2802000,1.0,total_sent
fd00::202:2:2:2,2811,2811000,2812000,1.0,total_sent
fd00::202:2:2:2,2822,2822000,2823000,1.0,total_sent
fd00::202:2:2:2,2832,2832000,2833000,1.0,total_sent
fd00::202:2:2:2,2843,2843000,2844000,1.0,total_sent
fd00::202:2:2:2,2854,2854000,2855000,1.0,total_sent
fd00::202:2:2:2,2864,2864000,2865000,1.0,total_sent
fd00::202:2:2:2,2875,2875000,2876000,1.0,total_sent
fd00::202:2:2:2,2885,2885000,2886000,1.0,total_sent
fd00::202:2:2:2,2895,2895000,2896000,1.0,total_sent
fd00::202:2:2:2,2906,2906000,2907000,1.0,total_sent
fd00::202:2:2:2,2916,2916000,2917000,1.0,total_sent
fd00::202:2:2:2,2927,2927000,2928000,1.0,total_sent
fd00::202:2:2:2,2938,2938000,2939000,1.0,total_sent
fd00::202:2:2:2,2948,2948000,2949000,1.0,total_sent
fd00::202:2:2:2,2959,2959000,2960000,1.0,total_sent
fd00::202:2:2:2,2969,2969000,2970000,1.0,total_sent
fd00::202:2:2:2,2980,2980000,2981000,1.0,total_sent
fd00::202:2:2:2,2991,2991000,2992000,1.0,total_sent
fd00::202:2:2:2,3002,3002000,3003000,1.0,total_sent
fd00::202:2:2:2,3012,3012000,3013000,1.0,total_sent
fd00::202:2:2:2,3022,3022000,3023000,1.0,total_sent
fd00::202:2:2:2,3033,3033000,3034000,1.0,total_sent
fd00::202:2:2:2,3044,3044000,3045000,1.0,total_sent
fd00::202:2:2:2,3053,3053000,3054000,1.0,total_sent
fd00::202:2:2:2,3064,3064000,3065000,1.0,total_sent
fd00::202:2:2:2,3074,3074000,3075000,1.0,total_sent
fd00::202:2:2:2,3085,3085000,3086000,1.0,total_sent
fd00::202:2:2:2,3095,3095000,3096000,1.0,total_sent
fd00::202:2:2:2,3106,3106000,3107000,1.0,total_sent
fd00::202:2:2:2,3117,3117000,3118000,1.0,total_sent
fd00::202:2:2:2,3127,3127000,3128000,1.0,total_sent
fd00::202:2:2:2,3138,3138000,3139000,1.0,total_sent
fd00::202:2:2:2,3148,3148000,3149000,1.0,total_sent
fd00::202:2:2:2,3159,3159000,3160000,1.0,total_sent
fd00::202:2:2:2,3169,3169000,3170000,1.0,total_sent
fd00::202:2:2:2,3180,3180000,3181000,1.0,total_sent
fd00::202:2:2:2,3191,3191000,3192000,1.0,total_sent
fd00::202:2:2:2,3201,3201000,3202000,1.0,total_sent
fd00::202:2:2:2,3211,3211000,3212000,1.0,total_sent
fd00::202:2:2:2,3222,3222000,3223000,1.0,total_sent
fd00::202:2:2:2,3232,3232000,3233000,1.0,total_sent
fd00::202:2:2:2,3243,3243000,3244000,1.0,total_sent
fd00::202:2:2:2,3253,3253000,3254000,1.0,total_sent
fd00::202:2:2:2,3264,3264000,3265000,1.0,total_sent
fd00::202:2:2:2,3275,3275000,3276000,1.0,total_sent
fd00::202:2:2:2,3285,3285000,3286000,1.0,total_sent
fd00::202:2:2:2,3296,3296000,3297000,1.0,total_sent
fd00::202:2:2:2,3306,3306000,3307000,1.0,total_sent
fd00::202:2:2:2,3317,3317000,3318000,1.0,total_sent
fd00::202:2:2:2,3327,3327000,3328000,1.0,total_sent
fd00::202:2:2:2,3338,3338000,3339000,1.0,total_sent
fd00::202:2:2:2,3348,3348000,3349000,1.0,total_sent
fd00::202:2:2:2,3359,3359000,3360000,1.0,total_sent
fd00::202:2:2:2,3369,3369000,3370000,1.0,total_sent
fd00::202:2:2:2,3380,3380000,3381000,1.0,total_sent
fd00::202:2:2:2,3390,3390000,3391000,1.0,total_sent
fd00::202:2:2:2,3401,3401000,3402000,1.0,total_sent
fd00::202:2:2:2,3412,3412000,3413000,1.0,total_sent
fd00::202:2:2:2,3422,3422000,3423000,1.0,total_sent
fd00::202:2:2:2,3433,3433000,3434000,1.0,total_sent
fd00::202:2:2:2,3444,3444000,3445000,1.0,total_sent
fd00::202:2:2:2,3454,3454000,3455000,1.0,total_sent
fd00::202:2:2:2,3464,3464000,3465000,1.0,total_sent
fd00::202:2:2:2,3475,3475000,3476000,1.0,total_sent
fd00::202:2:2:2,3485,3485000,3486000,1.0,total_sent
fd00::202:2:2:2,3496,3496000,3497000,1.0,total_sent
fd00::202:2:2:2,3506,3506000,3507000,1.0,total_sent
fd00::202:2:2:2,3517,3517000,3518000,1.0,total_sent
fd00::202:2:2:2,3527,3527000,3528000,1.0,total_sent
fd00::202:2:2:2,3538,3538000,3539000,1.0,total_sent
fd00::202:2:2:2,3548,3548000,3549000,1.0,total_sent
fd00::202:2:2:2,3559,3559000,3560000,1.0,total_sent
fd00::202:2:2:2,3569,3569000,3570000,1.0,total_sent
fd00::202:2:2:2,3585,3585000,3586000,1.0,total_sent
fd00::202:2:2:2,3591,3591000,3592000,1.0,total_sent
fd00::203:3:3:3,113,113000,114000,0.0,total_sent
fd00::203:3:3:3,123,123000,124000,1.0,total_sent
fd00::203:3:3:3,134,134000,135000,1.0,total_sent
fd00::203:3:3:3,144,144000,145000,1.0,total_sent
fd00::203:3:3:3,154,154000,155000,1.0,total_sent
fd00::203:3:3:3,164,164000,165000,1.0,total_sent
fd00::203:3:3:3,175,175000,176000,1.0,total_sent
fd00::203:3:3:3,185,185000,186000,1.0,total_sent
fd00::203:3:3:3,195,195000,196000,1.0,total_sent
fd00::203:3:3:3,205,205000,206000,1.0,total_sent
fd00::203:3:3:3,216,216000,217000,1.0,total_sent
fd00::203:3:3:3,228,228000,229000,1.0,total_sent
fd00::203:3:3:3,236,236000,237000,1.0,total_sent
fd00::203:3:3:3,247,247000,248000,1.0,total_sent
fd00::203:3:3:3,257,257000,258000,1.0,total_sent
fd00::203:3:3:3,267,267000,268000,1.0,total_sent
fd00::203:3:3:3,277,277000,278000,1.0,total_sent
fd00::203:3:3:3,287,287000,288000,1.0,total_sent
fd00::203:3:3:3,298,298000,299000,1.0,total_sent
fd00::203:3:3:3,308,308000,309000,1.0,total_sent
fd00::203:3:3:3,318,318000,319000,1.0,total_sent
fd00::203:3:3:3,329,329000,330000,1.0,total_sent
fd00::203:3:3:3,339,339000,340000,1.0,total_sent
fd00::203:3:3:3,349,349000,350000,1.0,total_sent
fd00::203:3:3:3,359,359000,360000,1.0,total_sent
fd00::203:3:3:3,372,372000,373000,1.0,total_sent
fd00::203:3:3:3,382,382000,383000,1.0,total_sent
fd00::203:3:3:3,390,390000,391000,1.0,total_sent
fd00::203:3:3:3,402,402000,403000,1.0,total_sent
fd00::203:3:3:3,411,411000,412000,1.0,total_sent
fd00::203:3:3:3,421,421000,422000,1.0,total_sent
fd00::203:3:3:3,431,431000,432000,1.0,total_sent
fd00::203:3:3:3,441,441000,442000,1.0,total_sent
fd00::203:3:3:3,453,453000,454000,1.0,total_sent
fd00::203:3:3:3,462,462000,463000,1.0,total_sent
fd00::203:3:3:3,472,472000,473000,1.0,total_sent
fd00::203:3:3:3,483,483000,484000,1.0,total_sent
fd00::203:3:3:3,493,493000,494000,1.0,total_sent
fd00::203:3:3:3,503,503000,504000,1.0,total_sent
fd00::203:3:3:3,513,513000,514000,1.0,total_sent
fd00::203:3:3:3,524,524000,525000,1.0,total_sent
fd00::203:3:3:3,534,534000,535000,1.0,total_sent
fd00::203:3:3:3,544,544000,545000,1.0,total_sent
fd00::203:3:3:3,554,554000,555000,1.0,total_sent
fd00::203:3:3:3,565,565000,566000,1.0,total_sent
fd00::203:3:3:3,575,575000,576000,1.0,total_sent
fd00::203:3:3:3,585,585000,586000,1.0,total_sent
fd00::203:3:3:3,595,595000,596000,1.0,total_sent
fd00::203:3:3:3,606,606000,607000,1.0,total_sent
fd00::203:3:3:3,616,616000,617000,1.0,total_sent
fd00::203:3:3:3,626,626000,627000,1.0,total_sent
fd00::203:3:3:3,637,637000,638000,1.0,total_sent
fd00::203:3:3:3,647,647000,648000,1.0,total_sent
fd00::203:3:3:3,657,657000,658000,1.0,total_sent
fd00::203:3:3:3,667,667000,668000,1.0,total_sent
fd00::203:3:3:3,678,678000,679000,1.0,total_sent
fd00::203:3:3:3,688,688000,689000,1.0,total_sent
fd00::203:3:3:3,698,698000,699000,1.0,total_sent
fd00::203:3:3:3,708,708000,709000,1.0,total_sent
fd00::203:3:3:3,719,719000,720000,1.0,total_sent
fd00::203:3:3:3,729,729000,730000,1.0,total_sent
fd00::203:3:3:3,739,739000,740000,1.0,total_sent
fd00::203:3:3:3,749,749000,750000,1.0,total_sent
fd00::203:3:3:3,760,760000,761000,1.0,total_sent
fd00::203:3:3:3,772,772000,773000,1.0,total_sent
fd00::203:3:3:3,780,780000,781000,1.0,total_sent
fd00::203:3:3:3,790,790000,791000,1.0,total_sent
fd00::203:3:3:3,801,801000,802000,1.0,total_sent
fd00::203:3:3:3,812,812000,813000,1.0,total_sent
fd00::203:3:3:3,823,823000,824000,1.0,total_sent
fd00::203:3:3:3,833,833000,834000,1.0,total_sent
fd00::203:3:3:3,842,842000,843000,1.0,total_sent
fd00::203:3:3:3,854,854000,855000,1.0,total_sent
fd00::203:3:3:3,862,862000,863000,1.0,total_sent
fd00::203:3:3:3,873,873000,874000,1.0,total_sent
fd00::203:3:3:3,883,883000,884000,1.0,total_sent
fd00::203:3:3:3,893,893000,894000,1.0,total_sent
fd00::203:3:3:3,903,903000,904000,1.0,total_sent
fd00::203:3:3:3,914,914000,915000,1.0,total_sent
fd00::203:3:3:3,924,924000,925000,1.0,total_sent
fd00::203:3:3:3,934,934000,935000,1.0,total_sent
fd00::203:3:3:3,944,944000,945000,1.0,total_sent
fd00::203:3:3:3,955,955000,956000,1.0,total_sent
fd00::203:3:3:3,965,965000,966000,1.0,total_sent
fd00::203:3:3:3,975,975000,976000,1.0,total_sent
fd00::203:3:3:3,985,985000,986000,1.0,total_sent
fd00::203:3:3:3,996,996000,997000,1.0,total_sent
fd00::203:3:3:3,1006,1006000,1007000,1.0,total_sent
fd00::203:3:3:3,1016,1016000,1017000,1.0,total_sent
fd00::203:3:3:3,1027,1027000,1028000,1.0,total_sent
fd00::203:3:3:3,1037,1037000,1038000,1.0,total_sent
fd00::203:3:3:3,1047,1047000,1048000,1.0,total_sent
fd00::203:3:3:3,1057,1057000,1058000,1.0,total_sent
fd00::203:3:3:3,1068,1068000,1069000,1.0,total_sent
fd00::203:3:3:3,1078,1078000,1079000,1.0,total_sent
fd00::203:3:3:3,1088,1088000,1089000,1.0,total_sent
fd00::203:3:3:3,1098,1098000,1099000,1.0,total_sent
fd00::203:3:3:3,1109,1109000,1110000,1.0,total_sent
fd00::203:3:3:3,1119,1119000,1120000,1.0,total_sent
fd00::203:3:3:3,1129,1129000,1130000,1.0,total_sent
fd00::203:3:3:3,1139,1139000,1140000,1.0,total_sent
fd00::203:3:3:3,1151,1151000,1152000,1.0,total_sent
fd00::203:3:3:3,1160,1160000,1161000,1.0,total_sent
fd00::203:3:3:3,1171,1171000,1172000,1.0,total_sent
fd00::203:3:3:3,1181,1181000,1182000,1.0,total_sent
fd00::203:3:3:3,1192,1192000,1193000,1.0,total_sent
fd00::203:3:3:3,1203,1203000,1204000,1.0,total_sent
fd00::203:3:3:3,1212,1212000,1213000,1.0,total_sent
fd00::203:3:3:3,1222,1222000,1223000,1.0,total_sent
fd00::203:3:3:3,1233,1233000,1234000,1.0,total_sent
fd00::203:3:3:3,1243,1243000,1244000,1.0,total_sent
fd00::203:3:3:3,1252,1252000,1253000,1.0,total_sent
fd00::203:3:3:3,1263,1263000,1264000,1.0,total_sent
fd00::203:3:3:3,1273,1273000,1274000,1.0,total_sent
fd00::203:3:3:3,1283,1283000,1284000,1.0,total_sent
fd00::203:3:3:3,1293,1293000,1294000,1.0,total_sent
fd00::203:3:3:3,1304,1304000,1305000,1.0,total_sent
fd00::203:3:3:3,1314,1314000,1315000,1.0,total_sent
fd00::203:3:3:3,1324,1324000,1325000,1.0,total_sent
fd00::203:3:3:3,1334,1334000,1335000,1.0,total_sent
fd00::203:3:3:3,1345,1345000,1346000,1.0,total_sent
fd00::203:3:3:3,1355,1355000,1356000,1.0,total_sent
fd00::203:3:3:3,1365,1365000,1366000,1.0,total_sent
fd00::203:3:3:3,1375,1375000,1376000,1.0,total_sent
fd00::203:3:3:3,1386,1386000,1387000,1.0,total_sent
fd00::203:3:3:3,1396,1396000,1397000,1.0,total_sent
fd00::203:3:3:3,1406,1406000,1407000,1.0,total_sent
fd00::203:3:3:3,1417,1417000,1418000,1.0,total_sent
fd00::203:3:3:3,1427,1427000,1428000,1.0,total_sent
fd00::203:3:3:3,1437,1437000,1438000,1.0,total_sent
fd00::203:3:3:3,1447,1447000,1448000,1.0,total_sent
fd00::203:3:3:3,1458,1458000,1459000,1.0,total_sent
fd00::203:3:3:3,1468,1468000,1469000,1.0,total_sent
fd00::203:3:3:3,1478,1478000,1479000,1.0,total_sent
fd00::203:3:3:3,1488,1488000,1489000,1.0,total_sent
fd00::203:3:3:3,1499,1499000,1500000,1.0,total_sent
fd00::203:3:3:3,1509,1509000,1510000,1.0,total_sent
fd00::203:3:3:3,1519,1519000,1520000,1.0,total_sent
fd00::203:3:3:3,1529,1529000,1530000,1.0,total_sent
fd00::203:3:3:3,1540,1540000,1541000,1.0,total_sent
fd00::203:3:3:3,1550,1550000,1551000,1.0,total_sent
fd00::203:3:3:3,1560,1560000,1561000,1.0,total_sent
fd00::203:3:3:3,1571,1571000,1572000,1.0,total_sent
fd00::203:3:3:3,1581,1581000,1582000,1.0,total_sent
fd00::203:3:3:3,1591,1591000,1592000,1.0,total_sent
fd00::203:3:3:3,1603,1603000,1604000,1.0,total_sent
fd00::203:3:3:3,1612,1612000,1613000,1.0,total_sent
fd00::203:3:3:3,1622,1622000,1623000,1.0,total_sent
fd00::203:3:3:3,1633,1633000,1634000,1.0,total_sent
fd00::203:3:3:3,1643,1643000,1644000,1.0,total_sent
fd00::203:3:3:3,1653,1653000,1654000,1.0,total_sent
fd00::203:3:3:3,1663,1663000,1664000,1.0,total_sent
fd00::203:3:3:3,1673,1673000,1674000,1.0,total_sent
fd00::203:3:3:3,1684,1684000,1685000,1.0,total_sent
fd00::203:3:3:3,1694,1694000,1695000,1.0,total_sent
fd00::203:3:3:3,1704,1704000,1705000,1.0,total_sent
fd00::203:3:3:3,1714,1714000,1715000,1.0,total_sent
fd00::203:3:3:3,1724,1724000,1725000,1.0,total_sent
fd00::203:3:3:3,1735,1735000,1736000,1.0,total_sent
fd00::203:3:3:3,1745,1745000,1746000,1.0,total_sent
fd00::203:3:3:3,1755,1755000,1756000,1.0,total_sent
fd00::203:3:3:3,1766,1766000,1767000,1.0,total_sent
fd00::203:3:3:3,1776,1776000,1777000,1.0,total_sent
fd00::203:3:3:3,1786,1786000,1787000,1.0,total_sent
fd00::203:3:3:3,1796,1796000,1797000,1.0,total_sent
fd00::203:3:3:3,1807,1807000,1808000,1.0,total_sent
fd00::203:3:3:3,1817,1817000,1818000,1.0,total_sent
fd00::203:3:3:3,1827,1827000,1828000,1.0,total_sent
fd00::203:3:3:3,1837,1837000,1838000,1.0,total_sent
fd00::203:3:3:3,1848,1848000,1849000,1.0,total_sent
fd00::203:3:3:3,1858,1858000,1859000,1.0,total_sent
fd00::203:3:3:3,1868,1868000,1869000,1.0,total_sent
fd00::203:3:3:3,1878,1878000,1879000,1.0,total_sent
fd00::203:3:3:3,1889,1889000,1890000,1.0,total_sent
fd00::203:3:3:3,1899,1899000,1900000,1.0,total_sent
fd00::203:3:3:3,1909,1909000,1910000,1.0,total_sent
fd00::203:3:3:3,1919,1919000,1920000,1.0,total_sent
fd00::203:3:3:3,1931,1931000,1932000,1.0,total_sent
fd00::203:3:3:3,1942,1942000,1943000,1.0,total_sent
fd00::203:3:3:3,1950,1950000,1951000,1.0,total_sent
fd00::203:3:3:3,1961,1961000,1962000,1.0,total_sent
fd00::203:3:3:3,1971,1971000,1972000,1.0,total_sent
fd00::203:3:3:3,1982,1982000,1983000,1.0,total_sent
fd00::203:3:3:3,1992,1992000,1993000,1.0,total_sent
fd00::203:3:3:3,2002,2002000,2003000,1.0,total_sent
fd00::203:3:3:3,2012,2012000,2013000,1.0,total_sent
fd00::203:3:3:3,2022,2022000,2023000,1.0,total_sent
fd00::203:3:3:3,2032,2032000,2033000,1.0,total_sent
fd00::203:3:3:3,2043,2043000,2044000,1.0,total_sent
fd00::203:3:3:3,2054,2054000,2055000,1.0,total_sent
fd00::203:3:3:3,2064,2064000,2065000,1.0,total_sent
fd00::203:3:3:3,2073,2073000,2074000,1.0,total_sent
fd00::203:3:3:3,2084,2084000,2085000,1.0,total_sent
fd00::203:3:3:3,2094,2094000,2095000,1.0,total_sent
fd00::203:3:3:3,2104,2104000,2105000,1.0,total_sent
fd00::203:3:3:3,2114,2114000,2115000,1.0,total_sent
fd00::203:3:3:3,2125,2125000,2126000,1.0,total_sent
fd00::203:3:3:3,2135,2135000,2136000,1.0,total_sent
fd00::203:3:3:3,2145,2145000,2146000,1.0,total_sent
fd00::203:3:3:3,2156,2156000,2157000,1.0,total_sent
fd00::203:3:3:3,2166,2166000,2167000,1.0,total_sent
fd00::203:3:3:3,2176,2176000,2177000,1.0,total_sent
fd00::203:3:3:3,2186,2186000,2187000,1.0,total_sent
fd00::203:3:3:3,2197,2197000,2198000,1.0,total_sent
fd00::203:3:3:3,2207,2207000,2208000,1.0,total_sent
fd00::203:3:3:3,2217,2217000,2218000,1.0,total_sent
fd00::203:3:3:3,2227,2227000,2228000,1.0,total_sent
fd00::203:3:3:3,2238,2238000,2239000,1.0,total_sent
fd00::203:3:3:3,2248,2248000,2249000,1.0,total_sent
fd00::203:3:3:3,2258,2258000,2259000,1.0,total_sent
fd00::203:3:3:3,2268,2268000,2269000,1.0,total_sent
fd00::203:3:3:3,2279,2279000,2280000,1.0,total_sent
fd00::203:3:3:3,2289,2289000,2290000,1.0,total_sent
fd00::203:3:3:3,2299,2299000,2300000,1.0,total_sent
fd00::203:3:3:3,2310,2310000,2311000,1.0,total_sent
fd00::203:3:3:3,2320,2320000,2321000,1.0,total_sent
fd00::203:3:3:3,2331,2331000,2332000,1.0,total_sent
fd00::203:3:3:3,2342,2342000,2343000,1.0,total_sent
fd00::203:3:3:3,2352,2352000,2353000,1.0,total_sent
fd00::203:3:3:3,2361,2361000,2362000,1.0,total_sent
fd00::203:3:3:3,2372,2372000,2373000,1.0,total_sent
fd00::203:3:3:3,2381,2381000,2382000,1.0,total_sent
fd00::203:3:3:3,2393,2393000,2394000,1.0,total_sent
fd00::203:3:3:3,2402,2402000,2403000,1.0,total_sent
fd00::203:3:3:3,2412,2412000,2413000,1.0,total_sent
fd00::203:3:3:3,2422,2422000,2423000,1.0,total_sent
fd00::203:3:3:3,2433,2433000,2434000,1.0,total_sent
fd00::203:3:3:3,2443,2443000,2444000,1.0,total_sent
fd00::203:3:3:3,2453,2453000,2454000,1.0,total_sent
fd00::203:3:3:3,2464,2464000,2465000,1.0,total_sent
fd00::203:3:3:3,2474,2474000,2475000,1.0,total_sent
fd00::203:3:3:3,2484,2484000,2485000,1.0,total_sent
fd00::203:3:3:3,2494,2494000,2495000,1.0,total_sent
fd00::203:3:3:3,2505,2505000,2506000,1.0,total_sent
fd00::203:3:3:3,2515,2515000,2516000,1.0,total_sent
fd00::203:3:3:3,2525,2525000,2526000,1.0,total_sent
fd00::203:3:3:3,2535,2535000,2536000,1.0,total_sent
fd00::203:3:3:3,2546,2546000,2547000,1.0,total_sent
fd00::203:3:3:3,2556,2556000,2557000,1.0,total_sent
fd00::203:3:3:3,2566,2566000,2567000,1.0,total_sent
fd00::203:3:3:3,2576,2576000,2577000,1.0,total_sent
fd00::203:3:3:3,2587,2587000,2588000,1.0,total_sent
fd00::203:3:3:3,2597,2597000,2598000,1.0,total_sent
fd00::203:3:3:3,2607,2607000,2608000,1.0,total_sent
fd00::203:3:3:3,2618,2618000,2619000,1.0,total_sent
fd00::203:3:3:3,2628,2628000,2629000,1.0,total_sent
fd00::203:3:3:3,2638,2638000,2639000,1.0,total_sent
fd00::203:3:3:3,2648,2648000,2649000,1.0,total_sent
fd00::203:3:3:3,2659,2659000,2660000,1.0,total_sent
fd00::203:3:3:3,2669,2669000,2670000,1.0,total_sent
fd00::203:3:3:3,2679,2679000,2680000,1.0,total_sent
fd00::203:3:3:3,2689,2689000,2690000,1.0,total_sent
fd00::203:3:3:3,2701,2701000,2702000,1.0,total_sent
fd00::203:3:3:3,2713,2713000,2714000,1.0,total_sent
fd00::203:3:3:3,2721,2721000,2722000,1.0,total_sent
fd00::203:3:3:3,2731,2731000,2732000,1.0,total_sent
fd00::203:3:3:3,2741,2741000,2742000,1.0,total_sent
fd00::203:3:3:3,2753,2753000,2754000,1.0,total_sent
fd00::203:3:3:3,2762,2762000,2763000,1.0,total_sent
fd00::203:3:3:3,2771,2771000,2772000,1.0,total_sent
fd00::203:3:3:3,2783,2783000,2784000,1.0,total_sent
fd00::203:3:3:3,2792,2792000,2793000,1.0,total_sent
fd00::203:3:3:3,2802,2802000,2803000,1.0,total_sent
fd00::203:3:3:3,2812,2812000,2813000,1.0,total_sent
fd00::203:3:3:3,2823,2823000,2824000,1.0,total_sent
fd00::203:3:3:3,2833,2833000,2834000,1.0,total_sent
fd00::203:3:3:3,2843,2843000,2844000,1.0,total_sent
fd00::203:3:3:3,2854,2854000,2855000,1.0,total_sent
fd00::203:3:3:3,2866,2866000,2867000,1.0,total_sent
fd00::203:3:3:3,2874,2874000,2875000,1.0,total_sent
fd00::203:3:3:3,2884,2884000,2885000,1.0,total_sent
fd00::203:3:3:3,2895,2895000,2896000,1.0,total_sent
fd00::203:3:3:3,2905,2905000,2906000,1.0,total_sent
fd00::203:3:3:3,2915,2915000,2916000,1.0,total_sent
fd00::203:3:3:3,2925,2925000,2926000,1.0,total_sent
fd00::203:3:3:3,2936,2936000,2937000,1.0,total_sent
fd00::203:3:3:3,2946,2946000,2947000,1.0,total_sent
fd00::203:3:3:3,2956,2956000,2957000,1.0,total_sent
fd00::203:3:3:3,2966,2966000,2967000,1.0,total_sent
fd00::203:3:3:3,2977,2977000,2978000,1.0,total_sent
fd00::203:3:3:3,2987,2987000,2988000,1.0,total_sent
fd00::203:3:3:3,2997,2997000,2998000,1.0,total_sent
fd00::203:3:3:3,3007,3007000,3008000,1.0,total_sent
fd00::203:3:3:3,3018,3018000,3019000,1.0,total_sent
fd00::203:3:3:3,3028,3028000,3029000,1.0,total_sent
fd00::203:3:3:3,3038,3038000,3039000,1.0,total_sent
fd00::203:3:3:3,3048,3048000,3049000,1.0,total_sent
fd00::203:3:3:3,3059,3059000,3060000,1.0,total_sent
fd00::203:3:3:3,3069,3069000,3070000,1.0,total_sent
fd00::203:3:3:3,3079,3079000,3080000,1.0,total_sent
fd00::203:3:3:3,3090,3090000,3091000,1.0,total_sent
fd00::203:3:3:3,3100,3100000,3101000,1.0,total_sent
fd00::203:3:3:3,3112,3112000,3113000,1.0,total_sent
fd00::203:3:3:3,3121,3121000,3122000,1.0,total_sent
fd00::203:3:3:3,3132,3132000,3133000,1.0,total_sent
fd00::203:3:3:3,3142,3142000,3143000,1.0,total_sent
fd00::203:3:3:3,3152,3152000,3153000,1.0,total_sent
fd00::203:3:3:3,3162,3162000,3163000,1.0,total_sent
fd00::203:3:3:3,3172,3172000,3173000,1.0,total_sent
fd00::203:3:3:3,3182,3182000,3183000,1.0,total_sent
fd00::203:3:3:3,3192,3192000,3193000,1.0,total_sent
fd00::203:3:3:3,3202,3202000,3203000,1.0,total_sent
fd00::203:3:3:3,3213,3213000,3214000,1.0,total_sent
fd00::203:3:3:3,3223,3223000,3224000,1.0,total_sent
fd00::203:3:3:3,3233,3233000,3234000,1.0,total_sent
fd00::203:3:3:3,3244,3244000,3245000,1.0,total_sent
fd00::203:3:3:3,3254,3254000,3255000,1.0,total_sent
fd00::203:3:3:3,3265,3265000,3266000,1.0,total_sent
fd00::203:3:3:3,3275,3275000,3276000,1.0,total_sent
fd00::203:3:3:3,3285,3285000,3286000,1.0,total_sent
fd00::203:3:3:3,3295,3295000,3296000,1.0,total_sent
fd00::203:3:3:3,3305,3305000,3306000,1.0,total_sent
fd00::203:3:3:3,3315,3315000,3316000,1.0,total_sent
fd00::203:3:3:3,3326,3326000,3327000,1.0,total_sent
fd00::203:3:3:3,3336,3336000,3337000,1.0,total_sent
fd00::203:3:3:3,3346,3346000,3347000,1.0,total_sent
fd00::203:3:3:3,3357,3357000,3358000,1.0,total_sent
fd00::203:3:3:3,3367,3367000,3368000,1.0,total_sent
fd00::203:3:3:3,3377,3377000,3378000,1.0,total_sent
fd00::203:3:3:3,3387,3387000,3388000,1.0,total_sent
fd00::203:3:3:3,3398,3398000,3399000,1.0,total_sent
fd00::203:3:3:3,3408,3408000,3409000,1.0,total_sent
fd00::203:3:3:3,3418,3418000,3419000,1.0,total_sent
fd00::203:3:3:3,3428,3428000,3429000,1.0,total_sent
fd00::203:3:3:3,3439,3439000,3440000,1.0,total_sent
fd00::203:3:3:3,3449,3449000,3450000,1.0,total_sent
fd00::203:3:3:3,3459,3459000,3460000,1.0,total_sent
fd00::203:3:3:3,3469,3469000,3470000,1.0,total_sent
fd00::203:3:3:3,3483,3483000,3484000,1.0,total_sent
fd00::203:3:3:3,3490,3490000,3491000,1.0,total_sent
fd00::203:3:3:3,3500,3500000,3501000,1.0,total_sent
fd00::203:3:3:3,3511,3511000,3512000,1.0,total_sent
fd00::203:3:3:3,3524,3524000,3525000,1.0,total_sent
fd00::203:3:3:3,3532,3532000,3533000,1.0,total_sent
fd00::203:3:3:3,3543,3543000,3544000,1.0,total_sent
fd00::203:3:3:3,3551,3551000,3552000,1.0,total_sent
fd00::203:3:3:3,3562,3562000,3563000,1.0,total_sent
fd00::203:3:3:3,3572,3572000,3573000,1.0,total_sent
fd00::203:3:3:3,3583,3583000,3584000,1.0,total_sent
fd00::203:3:3:3,3593,3593000,3594000,1.0,total_sent
fd00::204:4:4:4,21,21000,22000,0.0,total_sent
fd00::204:4:4:4,31,31000,32000,1.0,total_sent
fd00::204:4:4:4,42,42000,43000,1.0,total_sent
fd00::204:4:4:4,52,52000,53000,1.0,total_sent
fd00::204:4:4:4,63,63000,64000,1.0,total_sent
fd00::204:4:4:4,73,73000,74000,1.0,total_sent
fd00::204:4:4:4,84,84000,85000,1.0,total_sent
fd00::204:4:4:4,94,94000,95000,1.0,total_sent
fd00::204:4:4:4,105,105000,106000,1.0,total_sent
fd00::204:4:4:4,116,116000,117000,1.0,total_sent
fd00::204:4:4:4,126,126000,127000,1.0,total_sent
fd00::204:4:4:4,137,137000,138000,1.0,total_sent
fd00::204:4:4:4,147,147000,148000,1.0,total_sent
fd00::204:4:4:4,158,158000,159000,1.0,total_sent
fd00::204:4:4:4,168,168000,169000,1.0,total_sent
fd00::204:4:4:4,179,179000,180000,1.0,total_sent
fd00::204:4:4:4,189,189000,190000,1.0,total_sent
fd00::204:4:4:4,200,200000,201000,1.0,total_sent
fd00::204:4:4:4,212,212000,213000,1.0,total_sent
fd00::204:4:4:4,222,222000,223000,1.0,total_sent
fd00::204:4:4:4,232,232000,233000,1.0,total_sent
fd00::204:4:4:4,242,242000,243000,1.0,total_sent
fd00::204:4:4:4,253,253000,254000,1.0,total_sent
fd00::204:4:4:4,263,263000,264000,1.0,total_sent
fd00::204:4:4:4,274,274000,275000,1.0,total_sent
fd00::204:4:4:4,284,284000,285000,1.0,total_sent
fd00::204:4:4:4,295,295000,296000,1.0,total_sent
fd00::204:4:4:4,306,306000,307000,1.0,total_sent
fd00::204:4:4:4,316,316000,317000,1.0,total_sent
fd00::204:4:4:4,327,327000,328000,1.0,total_sent
fd00::204:4:4:4,337,337000,338000,1.0,total_sent
fd00::204:4:4:4,348,348000,349000,1.0,total_sent
fd00::204:4:4:4,358,358000,359000,1.0,total_sent
fd00::204:4:4:4,369,369000,370000,1.0,total_sent
fd00::204:4:4:4,381,381000,382000,1.0,total_sent
fd00::204:4:4:4,390,390000,391000,1.0,total_sent
fd00::204:4:4:4,401,401000,402000,1.0,total_sent
fd00::204:4:4:4,411,411000,412000,1.0,total_sent
fd00::204:4:4:4,422,422000,423000,1.0,total_sent
fd00::204:4:4:4,433,433000,434000,1.0,total_sent
fd00::204:4:4:4,443,443000,444000,1.0,total_sent
fd00::204:4:4:4,453,453000,454000,1.0,total_sent
fd00::204:4:4:4,464,464000,465000,1.0,total_sent
fd00::204:4:4:4,475,475000,476000,1.0,total_sent
fd00::204:4:4:4,485,485000,486000,1.0,total_sent
fd00::204:4:4:4,496,496000,497000,1.0,total_sent
fd00::204:4:4:4,506,506000,507000,1.0,total_sent
fd00::204:4:4:4,517,517000,518000,1.0,total_sent
fd00::204:4:4:4,527,527000,528000,1.0,total_sent
fd00::204:4:4:4,538,538000,539000,1.0,total_sent
fd00::204:4:4:4,548,548000,549000,1.0,total_sent
fd00::204:4:4:4,559,559000,560000,1.0,total_sent
fd00::204:4:4:4,570,570000,571000,1.0,total_sent
fd00::204:4:4:4,581,581000,582000,1.0,total_sent
fd00::204:4:4:4,592,592000,593000,1.0,total_sent
fd00::204:4:4:4,601,601000,602000,1.0,total_sent
fd00::204:4:4:4,612,612000,613000,1.0,total_sent
fd00::204:4:4:4,623,623000,624000,1.0,total_sent
fd00::204:4:4:4,633,633000,634000,1.0,total_sent
fd00::204:4:4:4,643,643000,644000,1.0,total_sent
fd00::204:4:4:4,654,654000,655000,1.0,total_sent
fd00::204:4:4:4,665,665000,666000,1.0,total_sent
fd00::204:4:4:4,675,675000,676000,1.0,total_sent
fd00::204:4:4:4,686,686000,687000,1.0,total_sent
fd00::204:4:4:4,696,696000,697000,1.0,total_sent
fd00::204:4:4:4,707,707000,708000,1.0,total_sent
fd00::204:4:4:4,717,717000,718000,1.0,total_sent
fd00::204:4:4:4,728,728000,729000,1.0,total_sent
fd00::204:4:4:4,738,738000,739000,1.0,total_sent
fd00::204:4:4:4,749,749000,750000,1.0,total_sent
fd00::204:4:4:4,759,759000,760000,1.0,total_sent
fd00::204:4:4:4,770,770000,771000,1.0,total_sent
fd00::204:4:4:4,781,781000,782000,1.0,total_sent
fd00::204:4:4:4,791,791000,792000,1.0,total_sent
fd00::204:4:4:4,802,802000,803000,1.0,total_sent
fd00::204:4:4:4,813,813000,814000,1.0,total_sent
fd00::204:4:4:4,823,823000,824000,1.0,total_sent
fd00::204:4:4:4,834,834000,835000,1.0,total_sent
fd00::204:4:4:4,844,844000,845000,1.0,total_sent
fd00::204:4:4:4,855,855000,856000,1.0,total_sent
fd00::204:4:4:4,865,865000,866000,1.0,total_sent
fd00::204:4:4:4,876,876000,877000,1.0,total_sent
fd00::204:4:4:4,886,886000,887000,1.0,total_sent
fd00::204:4:4:4,897,897000,898000,1.0,total_sent
fd00::204:4:4:4,907,907000,908000,1.0,total_sent
fd00::204:4:4:4,918,918000,919000,1.0,total_sent
fd00::204:4:4:4,928,928000,929000,1.0,total_sent
fd00::204:4:4:4,939,939000,940000,1.0,total_sent
fd00::204:4:4:4,950,950000,951000,1.0,total_sent
fd00::204:4:4:4,960,960000,961000,1.0,total_sent
fd00::204:4:4:4,971,971000,972000,1.0,total_sent
fd00::204:4:4:4,981,981000,982000,1.0,total_sent
fd00::204:4:4:4,992,992000,993000,1.0,total_sent
fd00::204:4:4:4,1002,1002000,1003000,1.0,total_sent
fd00::204:4:4:4,1013,1013000,1014000,1.0,total_sent
fd00::204:4:4:4,1023,1023000,1024000,1.0,total_sent
fd00::204:4:4:4,1034,1034000,1035000,1.0,total_sent
fd00::204:4:4:4,1045,1045000,1046000,1.0,total_sent
fd00::204:4:4:4,1055,1055000,1056000,1.0,total_sent
fd00::204:4:4:4,1066,1066000,1067000,1.0,total_sent
fd00::204:4:4:4,1076,1076000,1077000,1.0,total_sent
fd00::204:4:4:4,1087,1087000,1088000,1.0,total_sent
fd00::204:4:4:4,1097,1097000,1098000,1.0,total_sent
fd00::204:4:4:4,1108,1108000,1109000,1.0,total_sent
fd00::204:4:4:4,1118,1118000,1119000,1.0,total_sent
fd00::204:4:4:4,1129,1129000,1130000,1.0,total_sent
fd00::204:4:4:4,1140,1140000,1141000,1.0,total_sent
fd00::204:4:4:4,1150,1150000,1151000,1.0,total_sent
fd00::204:4:4:4,1161,1161000,1162000,1.0,total_sent
fd00::204:4:4:4,1172,1172000,1173000,1.0,total_sent
fd00::204:4:4:4,1182,1182000,1183000,1.0,total_sent
fd00::204:4:4:4,1193,1193000,1194000,1.0,total_sent
fd00::204:4:4:4,1203,1203000,1204000,1.0,total_sent
fd00::204:4:4:4,1214,1214000,1215000,1.0,total_sent
fd00::204:4:4:4,1224,1224000,1225000,1.0,total_sent
fd00::204:4:4:4,1235,1235000,1236000,1.0,total_sent
fd00::204:4:4:4,1245,1245000,1246000,1.0,total_sent
fd00::204:4:4:4,1256,1256000,1257000,1.0,total_sent
fd00::204:4:4:4,1266,1266000,1267000,1.0,total_sent
fd00::204:4:4:4,1277,1277000,1278000,1.0,total_sent
fd00::204:4:4:4,1287,1287000,1288000,1.0,total_sent
fd00::204:4:4:4,1298,1298000,1299000,1.0,total_sent
fd00::204:4:4:4,1308,1308000,1309000,1.0,total_sent
fd00::204:4:4:4,1319,1319000,1320000,1.0,total_sent
fd00::204:4:4:4,1330,1330000,1331000,1.0,total_sent
fd00::204:4:4:4,1340,1340000,1341000,1.0,total_sent
fd00::204:4:4:4,1351,1351000,1352000,1.0,total_sent
fd00::204:4:4:4,1361,1361000,1362000,1.0,total_sent
fd00::204:4:4:4,1372,1372000,1373000,1.0,total_sent
fd00::204:4:4:4,1382,1382000,1383000,1.0,total_sent
fd00::204:4:4:4,1393,1393000,1394000,1.0,total_sent
fd00::204:4:4:4,1404,1404000,1405000,1.0,total_sent
fd00::204:4:4:4,1414,1414000,1415000,1.0,total_sent
fd00::204:4:4:4,1425,1425000,1426000,1.0,total_sent
fd00::204:4:4:4,1435,1435000,1436000,1.0,total_sent
fd00::204:4:4:4,1446,1446000,1447000,1.0,total_sent
fd00::204:4:4:4,1456,1456000,1457000,1.0,total_sent
fd00::204:4:4:4,1467,1467000,1468000,1.0,total_sent
fd00::204:4:4:4,1477,1477000,1478000,1.0,total_sent
fd00::204:4:4:4,1488,1488000,1489000,1.0,total_sent
fd00::204:4:4:4,1498,1498000,1499000,1.0,total_sent
fd00::204:4:4:4,1509,1509000,1510000,1.0,total_sent
fd00::204:4:4:4,1522,1522000,1523000,1.0,total_sent
fd00::204:4:4:4,1530,1530000,1531000,1.0,total_sent
fd00::204:4:4:4,1541,1541000,1542000,1.0,total_sent
fd00::204:4:4:4,1551,1551000,1552000,1.0,total_sent
fd00::204:4:4:4,1563,1563000,1564000,1.0,total_sent
fd00::204:4:4:4,1572,1572000,1573000,1.0,total_sent
fd00::204:4:4:4,1583,1583000,1584000,1.0,total_sent
fd00::204:4:4:4,1593,1593000,1594000,1.0,total_sent
fd00::204:4:4:4,1604,1604000,1605000,1.0,total_sent
fd00::204:4:4:4,1615,1615000,1616000,1.0,total_sent
fd00::204:4:4:4,1625,1625000,1626000,1.0,total_sent
fd00::204:4:4:4,1636,1636000,1637000,1.0,total_sent
fd00::204:4:4:4,1646,1646000,1647000,1.0,total_sent
fd00::204:4:4:4,1657,1657000,1658000,1.0,total_sent
fd00::204:4:4:4,1667,1667000,1668000,1.0,total_sent
fd00::204:4:4:4,1678,1678000,1679000,1.0,total_sent
fd00::204:4:4:4,1689,1689000,1690000,1.0,total_sent
fd00::204:4:4:4,1699,1699000,1700000,1.0,total_sent
fd00::204:4:4:4,1711,1711000,1712000,1.0,total_sent
fd00::204:4:4:4,1722,1722000,1723000,1.0,total_sent
fd00::204:4:4:4,1731,1731000,1732000,1.0,total_sent
fd00::204:4:4:4,1741,1741000,1742000,1.0,total_sent
fd00::204:4:4:4,1752,1752000,1753000,1.0,total_sent
fd00::204:4:4:4,1762,1762000,1763000,1.0,total_sent
fd00::204:4:4:4,1773,1773000,1774000,1.0,total_sent
fd00::204:4:4:4,1783,1783000,1784000,1.0,total_sent
fd00::204:4:4:4,1794,1794000,1795000,1.0,total_sent
fd00::204:4:4:4,1805,1805000,1806000,1.0,total_sent
fd00::204:4:4:4,1815,1815000,1816000,1.0,total_sent
fd00::204:4:4:4,1826,1826000,1827000,1.0,total_sent
fd00::204:4:4:4,1836,1836000,1837000,1.0,total_sent
fd00::204:4:4:4,1847,1847000,1848000,1.0,total_sent
fd00::204:4:4:4,1857,1857000,1858000,1.0,total_sent
fd00::204:4:4:4,1868,1868000,1869000,1.0,total_sent
fd00::204:4:4:4,1879,1879000,1880000,1.0,total_sent
fd00::204:4:4:4,1889,1889000,1890000,1.0,total_sent
fd00::204:4:4:4,1903,1903000,1904000,1.0,total_sent
fd00::204:4:4:4,1911,1911000,1912000,1.0,total_sent
fd00::204:4:4:4,1921,1921000,1922000,1.0,total_sent
fd00::204:4:4:4,1931,1931000,1932000,1.0,total_sent
fd00::204:4:4:4,1942,1942000,1943000,1.0,total_sent
fd00::204:4:4:4,1952,1952000,1953000,1.0,total_sent
fd00::204:4:4:4,1963,1963000,1964000,1.0,total_sent
fd00::204:4:4:4,1973,1973000,1974000,1.0,total_sent
fd00::204:4:4:4,1984,1984000,1985000,1.0,total_sent
fd00::204:4:4:4,1995,1995000,1996000,1.0,total_sent
fd00::204:4:4:4,2005,2005000,2006000,1.0,total_sent
fd00::204:4:4:4,2016,2016000,2017000,1.0,total_sent
fd00::204:4:4:4,2026,2026000,2027000,1.0,total_sent
fd00::204:4:4:4,2037,2037000,2038000,1.0,total_sent
fd00::204:4:4:4,2047,2047000,2048000,1.0,total_sent
fd00::204:4:4:4,2058,2058000,2059000,1.0,total_sent
fd00::204:4:4:4,2068,2068000,2069000,1.0,total_sent
fd00::204:4:4:4,2079,2079000,2080000,1.0,total_sent
fd00::204:4:4:4,2090,2090000,2091000,1.0,total_sent
fd00::204:4:4:4,2100,2100000,2101000,1.0,total_sent
fd00::204:4:4:4,2111,2111000,2112000,1.0,total_sent
fd00::204:4:4:4,2121,2121000,2122000,1.0,total_sent
fd00::204:4:4:4,2134,2134000,2135000,1.0,total_sent
fd00::204:4:4:4,2143,2143000,2144000,1.0,total_sent
fd00::204:4:4:4,2153,2153000,2154000,1.0,total_sent
fd00::204:4:4:4,2163,2163000,2164000,1.0,total_sent
fd00::204:4:4:4,2174,2174000,2175000,1.0,total_sent
fd00::204:4:4:4,2185,2185000,2186000,1.0,total_sent
fd00::204:4:4:4,2195,2195000,2196000,1.0,total_sent
fd00::204:4:4:4,2206,2206000,2207000,1.0,total_sent
fd00::204:4:4:4,2216,2216000,2217000,1.0,total_sent
fd00::204:4:4:4,2227,2227000,2228000,1.0,total_sent
fd00::204:4:4:4,2237,2237000,2238000,1.0,total_sent
fd00::204:4:4:4,2248,2248000,2249000,1.0,total_sent
fd00::204:4:4:4,2258,2258000,2259000,1.0,total_sent
fd00::204:4:4:4,2269,2269000,2270000,1.0,total_sent
fd00::204:4:4:4,2280,2280000,2281000,1.0,total_sent
fd00::204:4:4:4,2291,2291000,2292000,1.0,total_sent
fd00::204:4:4:4,2301,2301000,2302000,1.0,total_sent
fd00::204:4:4:4,2311,2311000,2312000,1.0,total_sent
fd00::204:4:4:4,2322,2322000,2323000,1.0,total_sent
fd00::204:4:4:4,2333,2333000,2334000,1.0,total_sent
fd00::204:4:4:4,2343,2343000,2344000,1.0,total_sent
fd00::204:4:4:4,2353,2353000,2354000,1.0,total_sent
fd00::204:4:4:4,2364,2364000,2365000,1.0,total_sent
fd00::204:4:4:4,2375,2375000,2376000,1.0,total_sent
fd00::204:4:4:4,2385,2385000,2386000,1.0,total_sent
fd00::204:4:4:4,2396,2396000,2397000,1.0,total_sent
fd00::204:4:4:4,2406,2406000,2407000,1.0,total_sent
fd00::204:4:4:4,2417,2417000,2418000,1.0,total_sent
fd00::204:4:4:4,2427,2427000,2428000,1.0,total_sent
fd00::204:4:4:4,2438,2438000,2439000,1.0,total_sent
fd00::204:4:4:4,2448,2448000,2449000,1.0,total_sent
fd00::204:4:4:4,2459,2459000,2460000,1.0,total_sent
fd00::204:4:4:4,2470,2470000,2471000,1.0,total_sent
fd00::204:4:4:4,2481,2481000,2482000,1.0,total_sent
fd00::204:4:4:4,2491,2491000,2492000,1.0,total_sent
fd00::204:4:4:4,2501,2501000,2502000,1.0,total_sent
fd00::204:4:4:4,2512,2512000,2513000,1.0,total_sent
fd00::204:4:4:4,2522,2522000,2523000,1.0,total_sent
fd00::204:4:4:4,2533,2533000,2534000,1.0,total_sent
fd00::204:4:4:4,2544,2544000,2545000,1.0,total_sent
fd00::204:4:4:4,2554,2554000,2555000,1.0,total_sent
fd00::204:4:4:4,2565,2565000,2566000,1.0,total_sent
fd00::204:4:4:4,2575,2575000,2576000,1.0,total_sent
fd00::204:4:4:4,2586,2586000,2587000,1.0,total_sent
fd00::204:4:4:4,2596,2596000,2597000,1.0,total_sent
fd00::204:4:4:4,2607,2607000,2608000,1.0,total_sent
fd00::204:4:4:4,2618,2618000,2619000,1.0,total_sent
fd00::204:4:4:4,2628,2628000,2629000,1.0,total_sent
fd00::204:4:4:4,2639,2639000,2640000,1.0,total_sent
fd00::204:4:4:4,2649,2649000,2650000,1.0,total_sent
fd00::204:4:4:4,2660,2660000,2661000,1.0,total_sent
fd00::204:4:4:4,2673,2673000,2674000,1.0,total_sent
fd00::204:4:4:4,2681,2681000,2682000,1.0,total_sent
fd00::204:4:4:4,2691,2691000,2692000,1.0,total_sent
fd00::204:4:4:4,2702,2702000,2703000,1.0,total_sent
fd00::204:4:4:4,2712,2712000,2713000,1.0,total_sent
fd00::204:4:4:4,2723,2723000,2724000,1.0,total_sent
fd00::204:4:4:4,2734,2734000,2735000,1.0,total_sent
fd00::204:4:4:4,2744,2744000,2745000,1.0,total_sent
fd00::204:4:4:4,2755,2755000,2756000,1.0,total_sent
fd00::204:4:4:4,2765,2765000,2766000,1.0,total_sent
fd00::204:4:4:4,2776,2776000,2777000,1.0,total_sent
fd00::204:4:4:4,2786,2786000,2787000,1.0,total_sent
fd00::204:4:4:4,2797,2797000,2798000,1.0,total_sent
fd00::204:4:4:4,2807,2807000,2808000,1.0,total_sent
fd00::204:4:4:4,2818,2818000,2819000,1.0,total_sent
fd00::204:4:4:4,2828,2828000,2829000,1.0,total_sent
fd00::204:4:4:4,2839,2839000,2840000,1.0,total_sent
fd00::204:4:4:4,2850,2850000,2851000,1.0,total_sent
fd00::204:4:4:4,2865,2865000,2866000,1.0,total_sent
fd00::204:4:4:4,2871,2871000,2872000,1.0,total_sent
fd00::204:4:4:4,2881,2881000,2882000,1.0,total_sent
fd00::204:4:4:4,2892,2892000,2893000,1.0,total_sent
fd00::204:4:4:4,2902,2902000,2903000,1.0,total_sent
fd00::204:4:4:4,2913,2913000,2914000,1.0,total_sent
fd00::204:4:4:4,2923,2923000,2924000,1.0,total_sent
fd00::204:4:4:4,2934,2934000,2935000,1.0,total_sent
fd00::204:4:4:4,2945,2945000,2946000,1.0,total_sent
fd00::204:4:4:4,2955,2955000,2956000,1.0,total_sent
fd00::204:4:4:4,2966,2966000,2967000,1.0,total_sent
fd00::204:4:4:4,2976,2976000,2977000,1.0,total_sent
fd00::204:4:4:4,2987,2987000,2988000,1.0,total_sent
fd00::204:4:4:4,2998,2998000,2999000,1.0,total_sent
fd00::204:4:4:4,3008,3008000,3009000,1.0,total_sent
fd00::204:4:4:4,3019,3019000,3020000,1.0,total_sent
fd00::204:4:4:4,3029,3029000,3030000,1.0,total_sent
fd00::204:4:4:4,3040,3040000,3041000,1.0,total_sent
fd00::204:4:4:4,3050,3050000,3051000,1.0,total_sent
fd00::204:4:4:4,3061,3061000,3062000,1.0,total_sent
fd00::204:4:4:4,3071,3071000,3072000,1.0,total_sent
fd00::204:4:4:4,3082,3082000,3083000,1.0,total_sent
fd00::204:4:4:4,3092,3092000,3093000,1.0,total_sent
fd00::204:4:4:4,3103,3103000,3104000,1.0,total_sent
fd00::204:4:4:4,3114,3114000,3115000,1.0,total_sent
fd00::204:4:4:4,3124,3124000,3125000,1.0,total_sent
fd00::204:4:4:4,3135,3135000,3136000,1.0,total_sent
fd00::204:4:4:4,3145,3145000,3146000,1.0,total_sent
fd00::204:4:4:4,3156,3156000,3157000,1.0,total_sent
fd00::204:4:4:4,3166,3166000,3167000,1.0,total_sent
fd00::204:4:4:4,3177,3177000,3178000,1.0,total_sent
fd00::204:4:4:4,3187,3187000,3188000,1.0,total_sent
fd00::204:4:4:4,3198,3198000,3199000,1.0,total_sent
fd00::204:4:4:4,3209,3209000,3210000,1.0,total_sent
fd00::204:4:4:4,3219,3219000,3220000,1.0,total_sent
fd00::204:4:4:4,3232,3232000,3233000,1.0,total_sent
fd00::204:4:4:4,3240,3240000,3241000,1.0,total_sent
fd00::204:4:4:4,3252,3252000,3253000,1.0,total_sent
fd00::204:4:4:4,3263,3263000,3264000,1.0,total_sent
fd00::204:4:4:4,3272,3272000,3273000,1.0,total_sent
fd00::204:4:4:4,3282,3282000,3283000,1.0,total_sent
fd00::204:4:4:4,3293,3293000,3294000,1.0,total_sent
fd00::204:4:4:4,3304,3304000,3305000,1.0,total_sent
fd00::204:4:4:4,3314,3314000,3315000,1.0,total_sent
fd00::204:4:4:4,3325,3325000,3326000,1.0,total_sent
fd00::204:4:4:4,3335,3335000,3336000,1.0,total_sent
fd00::204:4:4:4,3346,3346000,3347000,1.0,total_sent
fd00::204:4:4:4,3357,3357000,3358000,1.0,total_sent
fd00::204:4:4:4,3367,3367000,3368000,1.0,total_sent
fd00::204:4:4:4,3377,3377000,3378000,1.0,total_sent
fd00::204:4:4:4,3388,3388000,3389000,1.0,total_sent
fd00::204:4:4:4,3398,3398000,3399000,1.0,total_sent
fd00::204:4:4:4,3409,3409000,3410000,1.0,total_sent
fd00::204:4:4:4,3420,3420000,3421000,1.0,total_sent
fd00::204:4:4:4,3431,3431000,3432000,1.0,total_sent
fd00::204:4:4:4,3441,3441000,3442000,1.0,total_sent
fd00::204:4:4:4,3451,3451000,3452000,1.0,total_sent
fd00::204:4:4:4,3462,3462000,3463000,1.0,total_sent
fd00::204:4:4:4,3472,3472000,3473000,1.0,total_sent
fd00::204:4:4:4,3483,3483000,3484000,1.0,total_sent
fd00::204:4:4:4,3494,3494000,3495000,1.0,total_sent
fd00::204:4:4:4,3504,3504000,3505000,1.0,total_sent
fd00::204:4:4:4,3515,3515000,3516000,1.0,total_sent
fd00::204:4:4:4,3525,3525000,3526000,1.0,total_sent
fd00::204:4:4:4,3536,3536000,3537000,1.0,total_sent
fd00::204:4:4:4,3546,3546000,3547000,1.0,total_sent
fd00::204:4:4:4,3557,3557000,3558000,1.0,total_sent
fd00::204:4:4:4,3567,3567000,3568000,1.0,total_sent
fd00::204:4:4:4,3578,3578000,3579000,1.0,total_sent
fd00::204:4:4:4,3589,3589000,3590000,1.0,total_sent
fd00::204:4:4:4,3599,3599000,3600000,1.0,total_sent
fd00::205:5:5:5,140,140000,141000,0.0,total_sent
fd00::205:5:5:5,151,151000,152000,1.0,total_sent
fd00::205:5:5:5,162,162000,163000,1.0,total_sent
fd00::205:5:5:5,173,173000,174000,1.0,total_sent
fd00::205:5:5:5,183,183000,184000,1.0,total_sent
fd00::205:5:5:5,194,194000,195000,1.0,total_sent
fd00::205:5:5:5,205,205000,206000,1.0,total_sent
fd00::205:5:5:5,216,216000,217000,1.0,total_sent
fd00::205:5:5:5,228,228000,229000,1.0,total_sent
fd00::205:5:5:5,237,237000,238000,1.0,total_sent
fd00::205:5:5:5,248,248000,249000,1.0,total_sent
fd00::205:5:5:5,259,259000,260000,1.0,total_sent
fd00::205:5:5:5,272,272000,273000,1.0,total_sent
fd00::205:5:5:5,282,282000,283000,1.0,total_sent
fd00::205:5:5:5,292,292000,293000,1.0,total_sent
fd00::205:5:5:5,302,302000,303000,1.0,total_sent
fd00::205:5:5:5,314,314000,315000,1.0,total_sent
fd00::205:5:5:5,324,324000,325000,1.0,total_sent
fd00::205:5:5:5,335,335000,336000,1.0,total_sent
fd00::205:5:5:5,345,345000,346000,1.0,total_sent
fd00::205:5:5:5,356,356000,357000,1.0,total_sent
fd00::205:5:5:5,367,367000,368000,1.0,total_sent
fd00::205:5:5:5,378,378000,379000,1.0,total_sent
fd00::205:5:5:5,388,388000,389000,1.0,total_sent
fd00::205:5:5:5,399,399000,400000,1.0,total_sent
fd00::205:5:5:5,413,413000,414000,1.0,total_sent
fd00::205:5:5:5,421,421000,422000,1.0,total_sent
fd00::205:5:5:5,432,432000,433000,1.0,total_sent
fd00::205:5:5:5,442,442000,443000,1.0,total_sent
fd00::205:5:5:5,453,453000,454000,1.0,total_sent
fd00::205:5:5:5,465,465000,466000,1.0,total_sent
fd00::205:5:5:5,475,475000,476000,1.0,total_sent
fd00::205:5:5:5,486,486000,487000,1.0,total_sent
fd00::205:5:5:5,496,496000,497000,1.0,total_sent
fd00::205:5:5:5,507,507000,508000,1.0,total_sent
fd00::205:5:5:5,518,518000,519000,1.0,total_sent
fd00::205:5:5:5,529,529000,530000,1.0,total_sent
fd00::205:5:5:5,541,541000,542000,1.0,total_sent
fd00::205:5:5:5,551,551000,552000,1.0,total_sent
fd00::205:5:5:5,561,561000,562000,1.0,total_sent
fd00::205:5:5:5,572,572000,573000,1.0,total_sent
fd00::205:5:5:5,583,583000,584000,1.0,total_sent
fd00::205:5:5:5,594,594000,595000,1.0,total_sent
fd00::205:5:5:5,604,604000,605000,1.0,total_sent
fd00::205:5:5:5,615,615000,616000,1.0,total_sent
fd00::205:5:5:5,626,626000,627000,1.0,total_sent
fd00::205:5:5:5,637,637000,638000,1.0,total_sent
fd00::205:5:5:5,647,647000,648000,1.0,total_sent
fd00::205:5:5:5,658,658000,659000,1.0,total_sent
fd00::205:5:5:5,669,669000,670000,1.0,total_sent
fd00::205:5:5:5,680,680000,681000,1.0,total_sent
fd00::205:5:5:5,691,691000,692000,1.0,total_sent
fd00::205:5:5:5,701,701000,702000,1.0,total_sent
fd00::205:5:5:5,712,712000,713000,1.0,total_sent
fd00::205:5:5:5,723,723000,724000,1.0,total_sent
fd00::205:5:5:5,734,734000,735000,1.0,total_sent
fd00::205:5:5:5,745,745000,746000,1.0,total_sent
fd00::205:5:5:5,755,755000,756000,1.0,total_sent
fd00::205:5:5:5,766,766000,767000,1.0,total_sent
fd00::205:5:5:5,777,777000,778000,1.0,total_sent
fd00::205:5:5:5,788,788000,789000,1.0,total_sent
fd00::205:5:5:5,799,799000,800000,1.0,total_sent
fd00::205:5:5:5,809,809000,810000,1.0,total_sent
fd00::205:5:5:5,821,821000,822000,1.0,total_sent
fd00::205:5:5:5,833,833000,834000,1.0,total_sent
fd00::205:5:5:5,842,842000,843000,1.0,total_sent
fd00::205:5:5:5,854,854000,855000,1.0,total_sent
fd00::205:5:5:5,863,863000,864000,1.0,total_sent
fd00::205:5:5:5,874,874000,875000,1.0,total_sent
fd00::205:5:5:5,885,885000,886000,1.0,total_sent
fd00::205:5:5:5,896,896000,897000,1.0,total_sent
fd00::205:5:5:5,907,907000,908000,1.0,total_sent
fd00::205:5:5:5,917,917000,918000,1.0,total_sent
fd00::205:5:5:5,928,928000,929000,1.0,total_sent
fd00::205:5:5:5,939,939000,940000,1.0,total_sent
fd00::205:5:5:5,951,951000,952000,1.0,total_sent
fd00::205:5:5:5,961,961000,962000,1.0,total_sent
fd00::205:5:5:5,974,974000,975000,1.0,total_sent
fd00::205:5:5:5,982,982000,983000,1.0,total_sent
fd00::205:5:5:5,993,993000,994000,1.0,total_sent
fd00::205:5:5:5,1004,1004000,1005000,1.0,total_sent
fd00::205:5:5:5,1014,1014000,1015000,1.0,total_sent
fd00::205:5:5:5,1025,1025000,1026000,1.0,total_sent
fd00::205:5:5:5,1036,1036000,1037000,1.0,total_sent
fd00::205:5:5:5,1047,1047000,1048000,1.0,total_sent
fd00::205:5:5:5,1058,1058000,1059000,1.0,total_sent
fd00::205:5:5:5,1068,1068000,1069000,1.0,total_sent
fd00::205:5:5:5,1079,1079000,1080000,1.0,total_sent
fd00::205:5:5:5,1090,1090000,1091000,1.0,total_sent
fd00::205:5:5:5,1101,1101000,1102000,1.0,total_sent
fd00::205:5:5:5,1112,1112000,1113000,1.0,total_sent
fd00::205:5:5:5,1123,1123000,1124000,1.0,total_sent
fd00::205:5:5:5,1133,1133000,1134000,1.0,total_sent
fd00::205:5:5:5,1144,1144000,1145000,1.0,total_sent
fd00::205:5:5:5,1155,1155000,1156000,1.0,total_sent
fd00::205:5:5:5,1166,1166000,1167000,1.0,total_sent
fd00::205:5:5:5,1176,1176000,1177000,1.0,total_sent
fd00::205:5:5:5,1187,1187000,1188000,1.0,total_sent
fd00::205:5:5:5,1198,1198000,1199000,1.0,total_sent
fd00::205:5:5:5,1209,1209000,1210000,1.0,total_sent
fd00::205:5:5:5,1219,1219000,1220000,1.0,total_sent
fd00::205:5:5:5,1233,1233000,1234000,1.0,total_sent
fd00::205:5:5:5,1241,1241000,1242000,1.0,total_sent
fd00::205:5:5:5,1253,1253000,1254000,1.0,total_sent
fd00::205:5:5:5,1263,1263000,1264000,1.0,total_sent
fd00::205:5:5:5,1273,1273000,1274000,1.0,total_sent
fd00::205:5:5:5,1285,1285000,1286000,1.0,total_sent
fd00::205:5:5:5,1295,1295000,1296000,1.0,total_sent
fd00::205:5:5:5,1306,1306000,1307000,1.0,total_sent
fd00::205:5:5:5,1317,1317000,1318000,1.0,total_sent
fd00::205:5:5:5,1327,1327000,1328000,1.0,total_sent
fd00::205:5:5:5,1338,1338000,1339000,1.0,total_sent
fd00::205:5:5:5,1349,1349000,1350000,1.0,total_sent
fd00::205:5:5:5,1361,1361000,1362000,1.0,total_sent
fd00::205:5:5:5,1371,1371000,1372000,1.0,total_sent
fd00::205:5:5:5,1382,1382000,1383000,1.0,total_sent
fd00::205:5:5:5,1392,1392000,1393000,1.0,total_sent
fd00::205:5:5:5,1403,1403000,1404000,1.0,total_sent
fd00::205:5:5:5,1414,1414000,1415000,1.0,total_sent
fd00::205:5:5:5,1425,1425000,1426000,1.0,total_sent
fd00::205:5:5:5,1435,1435000,1436000,1.0,total_sent
fd00::205:5:5:5,1446,1446000,1447000,1.0,total_sent
fd00::205:5:5:5,1457,1457000,1458000,1.0,total_sent
fd00::205:5:5:5,1468,1468000,1469000,1.0,total_sent
fd00::205:5:5:5,1479,1479000,1480000,1.0,total_sent
fd00::205:5:5:5,1491,1491000,1492000,1.0,total_sent
fd00::205:5:5:5,1500,1500000,1501000,1.0,total_sent
fd00::205:5:5:5,1512,1512000,1513000,1.0,total_sent
fd00::205:5:5:5,1523,1523000,1524000,1.0,total_sent
fd00::205:5:5:5,1532,1532000,1533000,1.0,total_sent
fd00::205:5:5:5,1543,1543000,1544000,1.0,total_sent
fd00::205:5:5:5,1554,1554000,1555000,1.0,total_sent
fd00::205:5:5:5,1565,1565000,1566000,1.0,total_sent
fd00::205:5:5:5,1576,1576000,1577000,1.0,total_sent
fd00::205:5:5:5,1586,1586000,1587000,1.0,total_sent
fd00::205:5:5:5,1597,1597000,1598000,1.0,total_sent
fd00::205:5:5:5,1608,1608000,1609000,1.0,total_sent
fd00::205:5:5:5,1619,1619000,1620000,1.0,total_sent
fd00::205:5:5:5,1631,1631000,1632000,1.0,total_sent
fd00::205:5:5:5,1641,1641000,1642000,1.0,total_sent
fd00::205:5:5:5,1652,1652000,1653000,1.0,total_sent
fd00::205:5:5:5,1662,1662000,1663000,1.0,total_sent
fd00::205:5:5:5,1673,1673000,1674000,1.0,total_sent
fd00::205:5:5:5,1684,1684000,1685000,1.0,total_sent
fd00::205:5:5:5,1694,1694000,1695000,1.0,total_sent
fd00::205:5:5:5,1705,1705000,1706000,1.0,total_sent
fd00::205:5:5:5,1716,1716000,1717000,1.0,total_sent
fd00::205:5:5:5,1727,1727000,1728000,1.0,total_sent
fd00::205:5:5:5,1738,1738000,1739000,1.0,total_sent
fd00::205:5:5:5,1748,1748000,1749000,1.0,total_sent
fd00::205:5:5:5,1759,1759000,1760000,1.0,total_sent
fd00::205:5:5:5,1771,1771000,1772000,1.0,total_sent
fd00::205:5:5:5,1781,1781000,1782000,1.0,total_sent
fd00::205:5:5:5,1792,1792000,1793000,1.0,total_sent
fd00::205:5:5:5,1802,1802000,1803000,1.0,total_sent
fd00::205:5:5:5,1813,1813000,1814000,1.0,total_sent
fd00::205:5:5:5,1825,1825000,1826000,1.0,total_sent
fd00::205:5:5:5,1835,1835000,1836000,1.0,total_sent
fd00::205:5:5:5,1845,1845000,1846000,1.0,total_sent
fd00::205:5:5:5,1856,1856000,1857000,1.0,total_sent
fd00::205:5:5:5,1867,1867000,1868000,1.0,total_sent
fd00::205:5:5:5,1878,1878000,1879000,1.0,total_sent
fd00::205:5:5:5,1889,1889000,1890000,1.0,total_sent
fd00::205:5:5:5,1903,1903000,1904000,1.0,total_sent
fd00::205:5:5:5,1911,1911000,1912000,1.0,total_sent
fd00::205:5:5:5,1921,1921000,1922000,1.0,total_sent
fd00::205:5:5:5,1932,1932000,1933000,1.0,total_sent
fd00::205:5:5:5,1944,1944000,1945000,1.0,total_sent
fd00::205:5:5:5,1954,1954000,1955000,1.0,total_sent
fd00::205:5:5:5,1964,1964000,1965000,1.0,total_sent
fd00::205:5:5:5,1975,1975000,1976000,1.0,total_sent
fd00::205:5:5:5,1986,1986000,1987000,1.0,total_sent
fd00::205:5:5:5,1997,1997000,1998000,1.0,total_sent
fd00::205:5:5:5,2007,2007000,2008000,1.0,total_sent
fd00::205:5:5:5,2018,2018000,2019000,1.0,total_sent
fd00::205:5:5:5,2029,2029000,2030000,1.0,total_sent
fd00::205:5:5:5,2041,2041000,2042000,1.0,total_sent
fd00::205:5:5:5,2051,2051000,2052000,1.0,total_sent
fd00::205:5:5:5,2064,2064000,2065000,1.0,total_sent
fd00::205:5:5:5,2072,2072000,2073000,1.0,total_sent
fd00::205:5:5:5,2083,2083000,2084000,1.0,total_sent
fd00::205:5:5:5,2094,2094000,2095000,1.0,total_sent
fd00::205:5:5:5,2104,2104000,2105000,1.0,total_sent
fd00::205:5:5:5,2115,2115000,2116000,1.0,total_sent
fd00::205:5:5:5,2126,2126000,2127000,1.0,total_sent
fd00::205:5:5:5,2137,2137000,2138000,1.0,total_sent
fd00::205:5:5:5,2148,2148000,2149000,1.0,total_sent
fd00::205:5:5:5,2159,2159000,2160000,1.0,total_sent
fd00::205:5:5:5,2169,2169000,2170000,1.0,total_sent
fd00::205:5:5:5,2181,2181000,2182000,1.0,total_sent
fd00::205:5:5:5,2194,2194000,2195000,1.0,total_sent
fd00::205:5:5:5,2202,2202000,2203000,1.0,total_sent
fd00::205:5:5:5,2212,2212000,2213000,1.0,total_sent
fd00::205:5:5:5,2223,2223000,2224000,1.0,total_sent
fd00::205:5:5:5,2234,2234000,2235000,1.0,total_sent
fd00::205:5:5:5,2245,2245000,2246000,1.0,total_sent
fd00::205:5:5:5,2256,2256000,2257000,1.0,total_sent
fd00::205:5:5:5,2266,2266000,2267000,1.0,total_sent
fd00::205:5:5:5,2277,2277000,2278000,1.0,total_sent
fd00::205:5:5:5,2288,2288000,2289000,1.0,total_sent
fd00::205:5:5:5,2299,2299000,2300000,1.0,total_sent
fd00::205:5:5:5,2310,2310000,2311000,1.0,total_sent
fd00::205:5:5:5,2321,2321000,2322000,1.0,total_sent
fd00::205:5:5:5,2332,2332000,2333000,1.0,total_sent
fd00::205:5:5:5,2342,2342000,2343000,1.0,total_sent
fd00::205:5:5:5,2353,2353000,2354000,1.0,total_sent
fd00::205:5:5:5,2363,2363000,2364000,1.0,total_sent
fd00::205:5:5:5,2374,2374000,2375000,1.0,total_sent
fd00::205:5:5:5,2385,2385000,2386000,1.0,total_sent
fd00::205:5:5:5,2396,2396000,2397000,1.0,total_sent
fd00::205:5:5:5,2407,2407000,2408000,1.0,total_sent
fd00::205:5:5:5,2417,2417000,2418000,1.0,total_sent
fd00::205:5:5:5,2428,2428000,2429000,1.0,total_sent
fd00::205:5:5:5,2439,2439000,2440000,1.0,total_sent
fd00::205:5:5:5,2451,2451000,2452000,1.0,total_sent
fd00::205:5:5:5,2461,2461000,2462000,1.0,total_sent
fd00::205:5:5:5,2472,2472000,2473000,1.0,total_sent
fd00::205:5:5:5,2483,2483000,2484000,1.0,total_sent
fd00::205:5:5:5,2493,2493000,2494000,1.0,total_sent
fd00::205:5:5:5,2504,2504000,2505000,1.0,total_sent
fd00::205:5:5:5,2515,2515000,2516000,1.0,total_sent
fd00::205:5:5:5,2525,2525000,2526000,1.0,total_sent
fd00::205:5:5:5,2536,2536000,2537000,1.0,total_sent
fd00::205:5:5:5,2547,2547000,2548000,1.0,total_sent
fd00::205:5:5:5,2558,2558000,2559000,1.0,total_sent
fd00::205:5:5:5,2569,2569000,2570000,1.0,total_sent
fd00::205:5:5:5,2579,2579000,2580000,1.0,total_sent
fd00::205:5:5:5,2590,2590000,2591000,1.0,total_sent
fd00::205:5:5:5,2602,2602000,2603000,1.0,total_sent
fd00::205:5:5:5,2612,2612000,2613000,1.0,total_sent
fd00::205:5:5:5,2623,2623000,2624000,1.0,total_sent
fd00::205:5:5:5,2633,2633000,2634000,1.0,total_sent
fd00::205:5:5:5,2646,2646000,2647000,1.0,total_sent
fd00::205:5:5:5,2655,2655000,2656000,1.0,total_sent
fd00::205:5:5:5,2666,2666000,2667000,1.0,total_sent
fd00::205:5:5:5,2676,2676000,2677000,1.0,total_sent
fd00::205:5:5:5,2687,2687000,2688000,1.0,total_sent
fd00::205:5:5:5,2698,2698000,2699000,1.0,total_sent
fd00::205:5:5:5,2709,2709000,2710000,1.0,total_sent
fd00::205:5:5:5,2721,2721000,2722000,1.0,total_sent
fd00::205:5:5:5,2734,2734000,2735000,1.0,total_sent
fd00::205:5:5:5,2741,2741000,2742000,1.0,total_sent
fd00::205:5:5:5,2753,2753000,2754000,1.0,total_sent
fd00::205:5:5:5,2763,2763000,2764000,1.0,total_sent
fd00::205:5:5:5,2774,2774000,2775000,1.0,total_sent
fd00::205:5:5:5,2785,2785000,2786000,1.0,total_sent
fd00::205:5:5:5,2795,2795000,2796000,1.0,total_sent
fd00::205:5:5:5,2806,2806000,2807000,1.0,total_sent
fd00::205:5:5:5,2817,2817000,2818000,1.0,total_sent
fd00::205:5:5:5,2828,2828000,2829000,1.0,total_sent
fd00::205:5:5:5,2838,2838000,2839000,1.0,total_sent
fd00::205:5:5:5,2849,2849000,2850000,1.0,total_sent
fd00::205:5:5:5,2865,2865000,2866000,1.0,total_sent
fd00::205:5:5:5,2871,2871000,2872000,1.0,total_sent
fd00::205:5:5:5,2881,2881000,2882000,1.0,total_sent
fd00::205:5:5:5,2892,2892000,2893000,1.0,total_sent
fd00::205:5:5:5,2903,2903000,2904000,1.0,total_sent
fd00::205:5:5:5,2914,2914000,2915000,1.0,total_sent
fd00::205:5:5:5,2925,2925000,2926000,1.0,total_sent
fd00::205:5:5:5,2935,2935000,2936000,1.0,total_sent
fd00::205:5:5:5,2946,2946000,2947000,1.0,total_sent
fd00::205:5:5:5,2957,2957000,2958000,1.0,total_sent
fd00::205:5:5:5,2968,2968000,2969000,1.0,total_sent
fd00::205:5:5:5,2979,2979000,2980000,1.0,total_sent
fd00::205:5:5:5,2989,2989000,2990000,1.0,total_sent
fd00::205:5:5:5,3001,3001000,3002000,1.0,total_sent
fd00::205:5:5:5,3014,3014000,3015000,1.0,total_sent
fd00::205:5:5:5,3023,3023000,3024000,1.0,total_sent
fd00::205:5:5:5,3033,3033000,3034000,1.0,total_sent
fd00::205:5:5:5,3043,3043000,3044000,1.0,total_sent
fd00::205:5:5:5,3054,3054000,3055000,1.0,total_sent
fd00::205:5:5:5,3065,3065000,3066000,1.0,total_sent
fd00::205:5:5:5,3076,3076000,3077000,1.0,total_sent
fd00::205:5:5:5,3087,3087000,3088000,1.0,total_sent
fd00::205:5:5:5,3097,3097000,3098000,1.0,total_sent
fd00::205:5:5:5,3108,3108000,3109000,1.0,total_sent
fd00::205:5:5:5,3119,3119000,3120000,1.0,total_sent
fd00::205:5:5:5,3132,3132000,3133000,1.0,total_sent
fd00::205:5:5:5,3141,3141000,3142000,1.0,total_sent
fd00::205:5:5:5,3152,3152000,3153000,1.0,total_sent
fd00::205:5:5:5,3162,3162000,3163000,1.0,total_sent
fd00::205:5:5:5,3173,3173000,3174000,1.0,total_sent
fd00::205:5:5:5,3184,3184000,3185000,1.0,total_sent
fd00::205:5:5:5,3194,3194000,3195000,1.0,total_sent
fd00::205:5:5:5,3205,3205000,3206000,1.0,total_sent
fd00::205:5:5:5,3216,3216000,3217000,1.0,total_sent
fd00::205:5:5:5,3227,3227000,3228000,1.0,total_sent
fd00::205:5:5:5,3238,3238000,3239000,1.0,total_sent
fd00::205:5:5:5,3248,3248000,3249000,1.0,total_sent
fd00::205:5:5:5,3259,3259000,3260000,1.0,total_sent
fd00::205:5:5:5,3271,3271000,3272000,1.0,total_sent
fd00::205:5:5:5,3282,3282000,3283000,1.0,total_sent
fd00::205:5:5:5,3294,3294000,3295000,1.0,total_sent
fd00::205:5:5:5,3302,3302000,3303000,1.0,total_sent
fd00::205:5:5:5,3313,3313000,3314000,1.0,total_sent
fd00::205:5:5:5,3324,3324000,3325000,1.0,total_sent
fd00::205:5:5:5,3335,3335000,3336000,1.0,total_sent
fd00::205:5:5:5,3346,3346000,3347000,1.0,total_sent
fd00::205:5:5:5,3356,3356000,3357000,1.0,total_sent
fd00::205:5:5:5,3367,3367000,3368000,1.0,total_sent
fd00::205:5:5:5,3378,3378000,3379000,1.0,total_sent
fd00::205:5:5:5,3389,3389000,3390000,1.0,total_sent
fd00::205:5:5:5,3399,3399000,3400000,1.0,total_sent
fd00::205:5:5:5,3413,3413000,3414000,1.0,total_sent
fd00::205:5:5:5,3421,3421000,3422000,1.0,total_sent
fd00::205:5:5:5,3432,3432000,3433000,1.0,total_sent
fd00::205:5:5:5,3443,3443000,3444000,1.0,total_sent
fd00::205:5:5:5,3453,3453000,3454000,1.0,total_sent
fd00::205:5:5:5,3465,3465000,3466000,1.0,total_sent
fd00::205:5:5:5,3475,3475000,3476000,1.0,total_sent
fd00::205:5:5:5,3486,3486000,3487000,1.0,total_sent
fd00::205:5:5:5,3497,3497000,3498000,1.0,total_sent
fd00::205:5:5:5,3507,3507000,3508000,1.0,total_sent
fd00::205:5:5:5,3518,3518000,3519000,1.0,total_sent
fd00::205:5:5:5,3529,3529000,3530000,1.0,total_sent
fd00::205:5:5:5,3540,3540000,3541000,1.0,total_sent
fd00::205:5:5:5,3551,3551000,3552000,1.0,total_sent
fd00::205:5:5:5,3562,3562000,3563000,1.0,total_sent
fd00::205:5:5:5,3572,3572000,3573000,1.0,total_sent
fd00::205:5:5:5,3583,3583000,3584000,1.0,total_sent
fd00::205:5:5:5,3594,3594000,3595000,1.0,total_sent
fd00::202:2:2:2,20,20000,21000,0.0,total_received
fd00::202:2:2:2,31,31000,32000,1.0,total_received
fd00::202:2:2:2,42,42000,43000,1.0,total_received
fd00::202:2:2:2,52,52000,53000,1.0,total_received
fd00::202:2:2:2,63,63000,64000,1.0,total_received
fd00::202:2:2:2,73,73000,74000,1.0,total_received
fd00::202:2:2:2,84,84000,85000,1.0,total_received
fd00::202:2:2:2,94,94000,95000,1.0,total_received
fd00::202:2:2:2,105,105000,106000,1.0,total_received
fd00::202:2:2:2,115,115000,116000,1.0,total_received
fd00::202:2:2:2,126,126000,127000,1.0,total_received
fd00::202:2:2:2,136,136000,137000,1.0,total_received
fd00::202:2:2:2,147,147000,148000,1.0,total_received
fd00::202:2:2:2,157,157000,158000,1.0,total_received
fd00::202:2:2:2,168,168000,169000,1.0,total_received
fd00::202:2:2:2,178,178000,179000,1.0,total_received
fd00::202:2:2:2,189,189000,190000,1.0,total_received
fd00::202:2:2:2,199,199000,200000,1.0,total_received
fd00::202:2:2:2,213,213000,214000,2.0,total_received
fd00::202:2:2:2,221,221000,222000,1.0,total_received
fd00::202:2:2:2,231,231000,232000,1.0,total_received
fd00::202:2:2:2,242,242000,243000,1.0,total_received
fd00::202:2:2:2,252,252000,253000,1.0,total_received
fd00::202:2:2:2,263,263000,264000,1.0,total_received
fd00::202:2:2:2,273,273000,274000,1.0,total_received
fd00::202:2:2:2,284,284000,285000,1.0,total_received
fd00::202:2:2:2,294,294000,295000,1.0,total_received
fd00::202:2:2:2,305,305000,306000,1.0,total_received
fd00::202:2:2:2,315,315000,316000,1.0,total_received
fd00::202:2:2:2,326,326000,327000,1.0,total_received
fd00::202:2:2:2,336,336000,337000,1.0,total_received
fd00::202:2:2:2,347,347000,348000,1.0,total_received
fd00::202:2:2:2,357,357000,358000,1.0,total_received
fd00::202:2:2:2,368,368000,369000,1.0,total_received
fd00::202:2:2:2,378,378000,379000,1.0,total_received
fd00::202:2:2:2,389,389000,390000,1.0,total_received
fd00::202:2:2:2,401,401000,402000,1.0,total_received
fd00::202:2:2:2,413,413000,414000,2.0,total_received
fd00::202:2:2:2,421,421000,422000,1.0,total_received
fd00::202:2:2:2,431,431000,432000,1.0,total_received
fd00::202:2:2:2,442,442000,443000,1.0,total_received
fd00::202:2:2:2,452,452000,453000,1.0,total_received
fd00::202:2:2:2,463,463000,464000,1.0,total_received
fd00::202:2:2:2,473,473000,474000,1.0,total_received
fd00::202:2:2:2,484,484000,485000,1.0,total_received
fd00::202:2:2:2,494,494000,495000,1.0,total_received
fd00::202:2:2:2,505,505000,506000,1.0,total_received
fd00::202:2:2:2,515,515000,516000,1.0,total_received
fd00::202:2:2:2,526,526000,527000,1.0,total_received
fd00::202:2:2:2,536,536000,537000,1.0,total_received
fd00::202:2:2:2,547,547000,548000,1.0,total_received
fd00::202:2:2:2,558,558000,559000,1.0,total_received
fd00::202:2:2:2,568,568000,569000,1.0,total_received
fd00::202:2:2:2,579,579000,580000,1.0,total_received
fd00::202:2:2:2,589,589000,590000,1.0,total_received
fd00::202:2:2:2,600,600000,601000,2.0,total_received
fd00::202:2:2:2,613,613000,614000,1.0,total_received
fd00::202:2:2:2,622,622000,623000,0.0,total_received
fd00::202:2:2:2,631,631000,632000,2.0,total_received
fd00::202:2:2:2,642,642000,643000,1.0,total_received
fd00::202:2:2:2,652,652000,653000,1.0,total_received
fd00::202:2:2:2,663,663000,664000,1.0,total_received
fd00::202:2:2:2,674,674000,675000,1.0,total_received
fd00::202:2:2:2,684,684000,685000,1.0,total_received
fd00::202:2:2:2,694,694000,695000,1.0,total_received
fd00::202:2:2:2,705,705000,706000,1.0,total_received
fd00::202:2:2:2,715,715000,716000,1.0,total_received
fd00::202:2:2:2,726,726000,727000,1.0,total_received
fd00::202:2:2:2,737,737000,738000,1.0,total_received
fd00::202:2:2:2,747,747000,748000,1.0,total_received
fd00::202:2:2:2,758,758000,759000,1.0,total_received
fd00::202:2:2:2,768,768000,769000,1.0,total_received
fd00::202:2:2:2,779,779000,780000,1.0,total_received
fd00::202:2:2:2,789,789000,790000,1.0,total_received
fd00::202:2:2:2,803,803000,804000,2.0,total_received
fd00::202:2:2:2,810,810000,811000,1.0,total_received
fd00::202:2:2:2,821,821000,822000,1.0,total_received
fd00::202:2:2:2,831,831000,832000,1.0,total_received
fd00::202:2:2:2,842,842000,843000,1.0,total_received
fd00::202:2:2:2,853,853000,854000,1.0,total_received
fd00::202:2:2:2,863,863000,864000,1.0,total_received
fd00::202:2:2:2,873,873000,874000,1.0,total_received
fd00::202:2:2:2,884,884000,885000,1.0,total_received
fd00::202:2:2:2,895,895000,896000,1.0,total_received
fd00::202:2:2:2,905,905000,906000,1.0,total_received
fd00::202:2:2:2,916,916000,917000,1.0,total_received
fd00::202:2:2:2,926,926000,927000,1.0,total_received
fd00::202:2:2:2,937,937000,938000,1.0,total_received
fd00::202:2:2:2,947,947000,948000,1.0,total_received
fd00::202:2:2:2,958,958000,959000,1.0,total_received
fd00::202:2:2:2,968,968000,969000,1.0,total_received
fd00::202:2:2:2,979,979000,980000,1.0,total_received
fd00::202:2:2:2,989,989000,990000,1.0,total_received
fd00::202:2:2:2,1000,1000000,1001000,2.0,total_received
fd00::202:2:2:2,1011,1011000,1012000,1.0,total_received
fd00::202:2:2:2,1021,1021000,1022000,1.0,total_received
fd00::202:2:2:2,1032,1032000,1033000,1.0,total_received
fd00::202:2:2:2,1042,1042000,1043000,1.0,total_received
fd00::202:2:2:2,1053,1053000,1054000,1.0,total_received
fd00::202:2:2:2,1063,1063000,1064000,1.0,total_received
fd00::202:2:2:2,1074,1074000,1075000,1.0,total_received
fd00::202:2:2:2,1084,1084000,1085000,1.0,total_received
fd00::202:2:2:2,1095,1095000,1096000,1.0,total_received
fd00::202:2:2:2,1105,1105000,1106000,1.0,total_received
fd00::202:2:2:2,1116,1116000,1117000,1.0,total_received
fd00::202:2:2:2,1126,1126000,1127000,1.0,total_received
fd00::202:2:2:2,1137,1137000,1138000,1.0,total_received
fd00::202:2:2:2,1147,1147000,1148000,1.0,total_received
fd00::202:2:2:2,1158,1158000,1159000,1.0,total_received
fd00::202:2:2:2,1168,1168000,1169000,1.0,total_received
fd00::202:2:2:2,1179,1179000,1180000,1.0,total_received
fd00::202:2:2:2,1189,1189000,1190000,1.0,total_received
fd00::202:2:2:2,1200,1200000,1201000,2.0,total_received
fd00::202:2:2:2,1210,1210000,1211000,1.0,total_received
fd00::202:2:2:2,1221,1221000,1222000,1.0,total_received
fd00::202:2:2:2,1232,1232000,1233000,1.0,total_received
fd00::202:2:2:2,1242,1242000,1243000,1.0,total_received
fd00::202:2:2:2,1253,1253000,1254000,1.0,total_received
fd00::202:2:2:2,1263,1263000,1264000,1.0,total_received
fd00::202:2:2:2,1274,1274000,1275000,1.0,total_received
fd00::202:2:2:2,1285,1285000,1286000,1.0,total_received
fd00::202:2:2:2,1295,1295000,1296000,1.0,total_received
fd00::202:2:2:2,1305,1305000,1306000,1.0,total_received
fd00::202:2:2:2,1316,1316000,1317000,1.0,total_received
fd00::202:2:2:2,1326,1326000,1327000,1.0,total_received
fd00::202:2:2:2,1337,1337000,1338000,1.0,total_received
fd00::202:2:2:2,1347,1347000,1348000,1.0,total_received
fd00::202:2:2:2,1358,1358000,1359000,1.0,total_received
fd00::202:2:2:2,1368,1368000,1369000,1.0,total_received
fd00::202:2:2:2,1379,1379000,1380000,1.0,total_received
fd00::202:2:2:2,1389,1389000,1390000,1.0,total_received
fd00::202:2:2:2,1400,1400000,1401000,2.0,total_received
fd00::202:2:2:2,1411,1411000,1412000,1.0,total_received
fd00::202:2:2:2,1421,1421000,1422000,1.0,total_received
fd00::202:2:2:2,1432,1432000,1433000,1.0,total_received
fd00::202:2:2:2,1442,1442000,1443000,1.0,total_received
fd00::202:2:2:2,1453,1453000,1454000,1.0,total_received
fd00::202:2:2:2,1463,1463000,1464000,1.0,total_received
fd00::202:2:2:2,1474,1474000,1475000,1.0,total_received
fd00::202:2:2:2,1484,1484000,1485000,1.0,total_received
fd00::202:2:2:2,1495,1495000,1496000,1.0,total_received
fd00::202:2:2:2,1505,1505000,1506000,1.0,total_received
fd00::202:2:2:2,1516,1516000,1517000,1.0,total_received
fd00::202:2:2:2,1526,1526000,1527000,1.0,total_received
fd00::202:2:2:2,1537,1537000,1538000,1.0,total_received
fd00::202:2:2:2,1547,1547000,1548000,1.0,total_received
fd00::202:2:2:2,1558,1558000,1559000,1.0,total_received
fd00::202:2:2:2,1568,1568000,1569000,1.0,total_received
fd00::202:2:2:2,1579,1579000,1580000,1.0,total_received
fd00::202:2:2:2,1593,1593000,1594000,1.0,total_received
fd00::202:2:2:2,1602,1602000,1603000,2.0,total_received
fd00::202:2:2:2,1611,1611000,1612000,1.0,total_received
fd00::202:2:2:2,1623,1623000,1624000,1.0,total_received
fd00::202:2:2:2,1632,1632000,1633000,0.0,total_received
fd00::202:2:2:2,1644,1644000,1645000,2.0,total_received
fd00::202:2:2:2,1653,1653000,1654000,1.0,total_received
fd00::202:2:2:2,1663,1663000,1664000,1.0,total_received
fd00::202:2:2:2,1674,1674000,1675000,1.0,total_received
fd00::202:2:2:2,1684,1684000,1685000,1.0,total_received
fd00::202:2:2:2,1695,1695000,1696000,1.0,total_received
fd00::202:2:2:2,1705,1705000,1706000,1.0,total_received
fd00::202:2:2:2,1716,1716000,1717000,1.0,total_received
fd00::202:2:2:2,1726,1726000,1727000,1.0,total_received
fd00::202:2:2:2,1737,1737000,1738000,1.0,total_received
fd00::202:2:2:2,1748,1748000,1749000,1.0,total_received
fd00::202:2:2:2,1758,1758000,1759000,1.0,total_received
fd00::202:2:2:2,1769,1769000,1770000,1.0,total_received
fd00::202:2:2:2,1779,1779000,1780000,1.0,total_received
fd00::202:2:2:2,1790,1790000,1791000,2.0,total_received
fd00::202:2:2:2,1801,1801000,1802000,1.0,total_received
fd00::202:2:2:2,1811,1811000,1812000,1.0,total_received
fd00::202:2:2:2,1821,1821000,1822000,1.0,total_received
fd00::202:2:2:2,1832,1832000,1833000,1.0,total_received
fd00::202:2:2:2,1842,1842000,1843000,1.0,total_received
fd00::202:2:2:2,1853,1853000,1854000,1.0,total_received
fd00::202:2:2:2,1863,1863000,1864000,1.0,total_received
fd00::202:2:2:2,1874,1874000,1875000,1.0,total_received
fd00::202:2:2:2,1884,1884000,1885000,1.0,total_received
fd00::202:2:2:2,1895,1895000,1896000,1.0,total_received
fd00::202:2:2:2,1905,1905000,1906000,1.0,total_received
fd00::202:2:2:2,1916,1916000,1917000,1.0,total_received
fd00::202:2:2:2,1927,1927000,1928000,1.0,total_received
fd00::202:2:2:2,1937,1937000,1938000,1.0,total_received
fd00::202:2:2:2,1948,1948000,1949000,1.0,total_received
fd00::202:2:2:2,1958,1958000,1959000,1.0,total_received
fd00::202:2:2:2,1969,1969000,1970000,1.0,total_received
fd00::202:2:2:2,1979,1979000,1980000,1.0,total_received
fd00::202:2:2:2,1990,1990000,1991000,2.0,total_received
fd00::202:2:2:2,2000,2000000,2001000,1.0,total_received
fd00::202:2:2:2,2011,2011000,2012000,1.0,total_received
fd00::202:2:2:2,2021,2021000,2022000,1.0,total_received
fd00::202:2:2:2,2032,2032000,2033000,1.0,total_received
fd00::202:2:2:2,2045,2045000,2046000,1.0,total_received
fd00::202:2:2:2,2053,2053000,2054000,1.0,total_received
fd00::202:2:2:2,2063,2063000,2064000,1.0,total_received
fd00::202:2:2:2,2074,2074000,2075000,1.0,total_received
fd00::202:2:2:2,2085,2085000,2086000,1.0,total_received
fd00::202:2:2:2,2095,2095000,2096000,1.0,total_received
fd00::202:2:2:2,2106,2106000,2107000,1.0,total_received
fd00::202:2:2:2,2116,2116000,2117000,1.0,total_received
fd00::202:2:2:2,2127,2127000,2128000,1.0,total_received
fd00::202:2:2:2,2137,2137000,2138000,1.0,total_received
fd00::202:2:2:2,2148,2148000,2149000,1.0,total_received
fd00::202:2:2:2,2159,2159000,2160000,1.0,total_received
fd00::202:2:2:2,2169,2169000,2170000,1.0,total_received
fd00::202:2:2:2,2179,2179000,2180000,1.0,total_received
fd00::202:2:2:2,2190,2190000,2191000,2.0,total_received
fd00::202:2:2:2,2200,2200000,2201000,1.0,total_received
fd00::202:2:2:2,2211,2211000,2212000,1.0,total_received
fd00::202:2:2:2,2224,2224000,2225000,1.0,total_received
fd00::202:2:2:2,2233,2233000,2234000,1.0,total_received
fd00::202:2:2:2,2243,2243000,2244000,1.0,total_received
fd00::202:2:2:2,2253,2253000,2254000,1.0,total_received
fd00::202:2:2:2,2264,2264000,2265000,1.0,total_received
fd00::202:2:2:2,2274,2274000,2275000,1.0,total_received
fd00::202:2:2:2,2285,2285000,2286000,1.0,total_received
fd00::202:2:2:2,2295,2295000,2296000,1.0,total_received
fd00::202:2:2:2,2306,2306000,2307000,1.0,total_received
fd00::202:2:2:2,2316,2316000,2317000,1.0,total_received
fd00::202:2:2:2,2327,2327000,2328000,1.0,total_received
fd00::202:2:2:2,2337,2337000,2338000,1.0,total_received
fd00::202:2:2:2,2348,2348000,2349000,1.0,total_received
fd00::202:2:2:2,2358,2358000,2359000,1.0,total_received
fd00::202:2:2:2,2369,2369000,2370000,1.0,total_received
fd00::202:2:2:2,2379,2379000,2380000,1.0,total_received
fd00::202:2:2:2,2390,2390000,2391000,2.0,total_received
fd00::202:2:2:2,2401,2401000,2402000,1.0,total_received
fd00::202:2:2:2,2411,2411000,2412000,1.0,total_received
fd00::202:2:2:2,2422,2422000,2423000,1.0,total_received
fd00::202:2:2:2,2432,2432000,2433000,1.0,total_received
fd00::202:2:2:2,2443,2443000,2444000,1.0,total_received
fd00::202:2:2:2,2453,2453000,2454000,1.0,total_received
fd00::202:2:2:2,2464,2464000,2465000,1.0,total_received
fd00::202:2:2:2,2474,2474000,2475000,1.0,total_received
fd00::202:2:2:2,2485,2485000,2486000,1.0,total_received
fd00::202:2:2:2,2495,2495000,2496000,1.0,total_received
fd00::202:2:2:2,2506,2506000,2507000,1.0,total_received
fd00::202:2:2:2,2516,2516000,2517000,1.0,total_received
fd00::202:2:2:2,2527,2527000,2528000,1.0,total_received
fd00::202:2:2:2,2537,2537000,2538000,1.0,total_received
fd00::202:2:2:2,2548,2548000,2549000,1.0,total_received
fd00::202:2:2:2,2558,2558000,2559000,1.0,total_received
fd00::202:2:2:2,2569,2569000,2570000,1.0,total_received
fd00::202:2:2:2,2579,2579000,2580000,1.0,total_received
fd00::202:2:2:2,2591,2591000,2592000,2.0,total_received
fd00::202:2:2:2,2601,2601000,2602000,1.0,total_received
fd00::202:2:2:2,2611,2611000,2612000,1.0,total_received
fd00::202:2:2:2,2622,2622000,2623000,1.0,total_received
fd00::202:2:2:2,2632,2632000,2633000,1.0,total_received
fd00::202:2:2:2,2643,2643000,2644000,1.0,total_received
fd00::202:2:2:2,2653,2653000,2654000,1.0,total_received
fd00::202:2:2:2,2664,2664000,2665000,1.0,total_received
fd00::202:2:2:2,2674,2674000,2675000,1.0,total_received
fd00::202:2:2:2,2685,2685000,2686000,1.0,total_received
fd00::202:2:2:2,2695,2695000,2696000,1.0,total_received
fd00::202:2:2:2,2706,2706000,2707000,1.0,total_received
fd00::202:2:2:2,2716,2716000,2717000,1.0,total_received
fd00::202:2:2:2,2727,2727000,2728000,1.0,total_received
fd00::202:2:2:2,2737,2737000,2738000,1.0,total_received
fd00::202:2:2:2,2748,2748000,2749000,1.0,total_received
fd00::202:2:2:2,2758,2758000,2759000,1.0,total_received
fd00::202:2:2:2,2769,2769000,2770000,1.0,total_received
fd00::202:2:2:2,2782,2782000,2783000,1.0,total_received
fd00::202:2:2:2,2790,2790000,2791000,2.0,total_received
fd00::202:2:2:2,2801,2801000,2802000,1.0,total_received
fd00::202:2:2:2,2811,2811000,2812000,1.0,total_received
fd00::202:2:2:2,2822,2822000,2823000,1.0,total_received
fd00::202:2:2:2,2832,2832000,2833000,1.0,total_received
fd00::202:2:2:2,2843,2843000,2844000,1.0,total_received
fd00::202:2:2:2,2854,2854000,2855000,1.0,total_received
fd00::202:2:2:2,2864,2864000,2865000,1.0,total_received
fd00::202:2:2:2,2875,2875000,2876000,1.0,total_received
fd00::202:2:2:2,2885,2885000,2886000,1.0,total_received
fd00::202:2:2:2,2895,2895000,2896000,1.0,total_received
fd00::202:2:2:2,2906,2906000,2907000,1.0,total_received
fd00::202:2:2:2,2916,2916000,2917000,1.0,total_received
fd00::202:2:2:2,2927,2927000,2928000,1.0,total_received
fd00::202:2:2:2,2938,2938000,2939000,1.0,total_received
fd00::202:2:2:2,2948,2948000,2949000,1.0,total_received
fd00::202:2:2:2,2959,2959000,2960000,1.0,total_received
fd00::202:2:2:2,2969,2969000,2970000,1.0,total_received
fd00::202:2:2:2,2980,2980000,2981000,2.0,total_received
fd00::202:2:2:2,2991,2991000,2992000,1.0,total_received
fd00::202:2:2:2,3002,3002000,3003000,1.0,total_received
fd00::202:2:2:2,3012,3012000,3013000,1.0,total_received
fd00::202:2:2:2,3022,3022000,3023000,1.0,total_received
fd00::202:2:2:2,3033,3033000,3034000,1.0,total_received
fd00::202:2:2:2,3044,3044000,3045000,1.0,total_received
fd00::202:2:2:2,3053,3053000,3054000,1.0,total_received
fd00::202:2:2:2,3064,3064000,3065000,1.0,total_received
fd00::202:2:2:2,3074,3074000,3075000,1.0,total_received
fd00::202:2:2:2,3085,3085000,3086000,1.0,total_received
fd00::202:2:2:2,3095,3095000,3096000,1.0,total_received
fd00::202:2:2:2,3106,3106000,3107000,1.0,total_received
fd00::202:2:2:2,3117,3117000,3118000,1.0,total_received
fd00::202:2:2:2,3127,3127000,3128000,1.0,total_received
fd00::202:2:2:2,3138,3138000,3139000,1.0,total_received
fd00::202:2:2:2,3148,3148000,3149000,1.0,total_received
fd00::202:2:2:2,3159,3159000,3160000,1.0,total_received
fd00::202:2:2:2,3169,3169000,3170000,1.0,total_received
fd00::202:2:2:2,3180,3180000,3181000,2.0,total_received
fd00::202:2:2:2,3191,3191000,3192000,1.0,total_received
fd00::202:2:2:2,3201,3201000,3202000,1.0,total_received
fd00::202:2:2:2,3211,3211000,3212000,1.0,total_received
fd00::202:2:2:2,3222,3222000,3223000,1.0,total_received
fd00::202:2:2:2,3232,3232000,3233000,1.0,total_received
fd00::202:2:2:2,3243,3243000,3244000,1.0,total_received
fd00::202:2:2:2,3253,3253000,3254000,1.0,total_received
fd00::202:2:2:2,3264,3264000,3265000,1.0,total_received
fd00::202:2:2:2,3275,3275000,3276000,1.0,total_received
fd00::202:2:2:2,3285,3285000,3286000,1.0,total_received
fd00::202:2:2:2,3296,3296000,3297000,1.0,total_received
fd00::202:2:2:2,3306,3306000,3307000,1.0,total_received
fd00::202:2:2:2,3317,3317000,3318000,1.0,total_received
fd00::202:2:2:2,3327,3327000,3328000,1.0,total_received
fd00::202:2:2:2,3338,3338000,3339000,1.0,total_received
fd00::202:2:2:2,3348,3348000,3349000,1.0,total_received
fd00::202:2:2:2,3359,3359000,3360000,1.0,total_received
fd00::202:2:2:2,3369,3369000,3370000,1.0,total_received
fd00::202:2:2:2,3380,3380000,3381000,2.0,total_received
fd00::202:2:2:2,3390,3390000,3391000,1.0,total_received
fd00::202:2:2:2,3401,3401000,3402000,1.0,total_received
fd00::202:2:2:2,3412,3412000,3413000,1.0,total_received
fd00::202:2:2:2,3422,3422000,3423000,1.0,total_received
fd00::202:2:2:2,3433,3433000,3434000,1.0,total_received
fd00::202:2:2:2,3444,3444000,3445000,1.0,total_received
fd00::202:2:2:2,3454,3454000,3455000,1.0,total_received
fd00::202:2:2:2,3464,3464000,3465000,1.0,total_received
fd00::202:2:2:2,3475,3475000,3476000,1.0,total_received
fd00::202:2:2:2,3485,3485000,3486000,1.0,total_received
fd00::202:2:2:2,3496,3496000,3497000,1.0,total_received
fd00::202:2:2:2,3506,3506000,3507000,1.0,total_received
fd00::202:2:2:2,3517,3517000,3518000,1.0,total_received
fd00::202:2:2:2,3527,3527000,3528000,1.0,total_received
fd00::202:2:2:2,3538,3538000,3539000,1.0,total_received
fd00::202:2:2:2,3548,3548000,3549000,1.0,total_received
fd00::202:2:2:2,3559,3559000,3560000,1.0,total_received
fd00::202:2:2:2,3569,3569000,3570000,1.0,total_received
fd00::202:2:2:2,3585,3585000,3586000,2.0,total_received
fd00::202:2:2:2,3591,3591000,3592000,1.0,total_received
fd00::203:3:3:3,113,113000,114000,0.0,total_received
fd00::203:3:3:3,123,123000,124000,1.0,total_received
fd00::203:3:3:3,134,134000,135000,1.0,total_received
fd00::203:3:3:3,144,144000,145000,1.0,total_received
fd00::203:3:3:3,154,154000,155000,1.0,total_received
fd00::203:3:3:3,164,164000,165000,1.0,total_received
fd00::203:3:3:3,175,175000,176000,1.0,total_received
fd00::203:3:3:3,185,185000,186000,1.0,total_received
fd00::203:3:3:3,195,195000,196000,1.0,total_received
fd00::203:3:3:3,205,205000,206000,1.0,total_received
fd00::203:3:3:3,216,216000,217000,1.0,total_received
fd00::203:3:3:3,228,228000,229000,1.0,total_received
fd00::203:3:3:3,236,236000,237000,1.0,total_received
fd00::203:3:3:3,247,247000,248000,1.0,total_received
fd00::203:3:3:3,257,257000,258000,1.0,total_received
fd00::203:3:3:3,267,267000,268000,1.0,total_received
fd00::203:3:3:3,277,277000,278000,1.0,total_received
fd00::203:3:3:3,287,287000,288000,1.0,total_received
fd00::203:3:3:3,298,298000,299000,1.0,total_received
fd00::203:3:3:3,308,308000,309000,1.0,total_received
fd00::203:3:3:3,318,318000,319000,1.0,total_received
fd00::203:3:3:3,329,329000,330000,1.0,total_received
fd00::203:3:3:3,339,339000,340000,1.0,total_received
fd00::203:3:3:3,349,349000,350000,1.0,total_received
fd00::203:3:3:3,359,359000,360000,1.0,total_received
fd00::203:3:3:3,372,372000,373000,1.0,total_received
fd00::203:3:3:3,382,382000,383000,1.0,total_received
fd00::203:3:3:3,390,390000,391000,1.0,total_received
fd00::203:3:3:3,402,402000,403000,1.0,total_received
fd00::203:3:3:3,411,411000,412000,2.0,total_received
fd00::203:3:3:3,421,421000,422000,0.0,total_received
fd00::203:3:3:3,431,431000,432000,1.0,total_received
fd00::203:3:3:3,441,441000,442000,2.0,total_received
fd00::203:3:3:3,453,453000,454000,1.0,total_received
fd00::203:3:3:3,462,462000,463000,1.0,total_received
fd00::203:3:3:3,472,472000,473000,1.0,total_received
fd00::203:3:3:3,483,483000,484000,1.0,total_received
fd00::203:3:3:3,493,493000,494000,1.0,total_received
fd00::203:3:3:3,503,503000,504000,1.0,total_received
fd00::203:3:3:3,513,513000,514000,1.0,total_received
fd00::203:3:3:3,524,524000,525000,1.0,total_received
fd00::203:3:3:3,534,534000,535000,1.0,total_received
fd00::203:3:3:3,544,544000,545000,1.0,total_received
fd00::203:3:3:3,554,554000,555000,1.0,total_received
fd00::203:3:3:3,565,565000,566000,1.0,total_received
fd00::203:3:3:3,575,575000,576000,1.0,total_received
fd00::203:3:3:3,585,585000,586000,1.0,total_received
fd00::203:3:3:3,595,595000,596000,1.0,total_received
fd00::203:3:3:3,606,606000,607000,1.0,total_received
fd00::203:3:3:3,616,616000,617000,1.0,total_received
fd00::203:3:3:3,626,626000,627000,1.0,total_received
fd00::203:3:3:3,637,637000,638000,1.0,total_received
fd00::203:3:3:3,647,647000,648000,1.0,total_received
fd00::203:3:3:3,657,657000,658000,1.0,total_received
fd00::203:3:3:3,667,667000,668000,1.0,total_received
fd00::203:3:3:3,678,678000,679000,1.0,total_received
fd00::203:3:3:3,688,688000,689000,1.0,total_received
fd00::203:3:3:3,698,698000,699000,1.0,total_received
fd00::203:3:3:3,708,708000,709000,1.0,total_received
fd00::203:3:3:3,719,719000,720000,1.0,total_received
fd00::203:3:3:3,729,729000,730000,1.0,total_received
fd00::203:3:3:3,739,739000,740000,1.0,total_received
fd00::203:3:3:3,749,749000,750000,1.0,total_received
fd00::203:3:3:3,760,760000,761000,1.0,total_received
fd00::203:3:3:3,772,772000,773000,1.0,total_received
fd00::203:3:3:3,780,780000,781000,1.0,total_received
fd00::203:3:3:3,790,790000,791000,1.0,total_received
fd00::203:3:3:3,801,801000,802000,2.0,total_received
fd00::203:3:3:3,812,812000,813000,0.0,total_received
fd00::203:3:3:3,823,823000,824000,2.0,total_received
fd00::203:3:3:3,833,833000,834000,1.0,total_received
fd00::203:3:3:3,842,842000,843000,1.0,total_received
fd00::203:3:3:3,854,854000,855000,1.0,total_received
fd00::203:3:3:3,862,862000,863000,1.0,total_received
fd00::203:3:3:3,873,873000,874000,1.0,total_received
fd00::203:3:3:3,883,883000,884000,1.0,total_received
fd00::203:3:3:3,893,893000,894000,1.0,total_received
fd00::203:3:3:3,903,903000,904000,1.0,total_received
fd00::203:3:3:3,914,914000,915000,1.0,total_received
fd00::203:3:3:3,924,924000,925000,1.0,total_received
fd00::203:3:3:3,934,934000,935000,1.0,total_received
fd00::203:3:3:3,944,944000,945000,1.0,total_received
fd00::203:3:3:3,955,955000,956000,1.0,total_received
fd00::203:3:3:3,965,965000,966000,1.0,total_received
fd00::203:3:3:3,975,975000,976000,1.0,total_received
fd00::203:3:3:3,985,985000,986000,1.0,total_received
fd00::203:3:3:3,996,996000,997000,1.0,total_received
fd00::203:3:3:3,1006,1006000,1007000,1.0,total_received
fd00::203:3:3:3,1016,1016000,1017000,1.0,total_received
fd00::203:3:3:3,1027,1027000,1028000,1.0,total_received
fd00::203:3:3:3,1037,1037000,1038000,1.0,total_received
fd00::203:3:3:3,1047,1047000,1048000,1.0,total_received
fd00::203:3:3:3,1057,1057000,1058000,1.0,total_received
fd00::203:3:3:3,1068,1068000,1069000,1.0,total_received
fd00::203:3:3:3,1078,1078000,1079000,1.0,total_received
fd00::203:3:3:3,1088,1088000,1089000,1.0,total_received
fd00::203:3:3:3,1098,1098000,1099000,1.0,total_received
fd00::203:3:3:3,1109,1109000,1110000,1.0,total_received
fd00::203:3:3:3,1119,1119000,1120000,1.0,total_received
fd00::203:3:3:3,1129,1129000,1130000,1.0,total_received
fd00::203:3:3:3,1139,1139000,1140000,1.0,total_received
fd00::203:3:3:3,1151,1151000,1152000,1.0,total_received
fd00::203:3:3:3,1160,1160000,1161000,1.0,total_received
fd00::203:3:3:3,1171,1171000,1172000,1.0,total_received
fd00::203:3:3:3,1181,1181000,1182000,1.0,total_received
fd00::203:3:3:3,1192,1192000,1193000,2.0,total_received
fd00::203:3:3:3,1203,1203000,1204000,1.0,total_received
fd00::203:3:3:3,1212,1212000,1213000,1.0,total_received
fd00::203:3:3:3,1222,1222000,1223000,0.0,total_received
fd00::203:3:3:3,1233,1233000,1234000,2.0,total_received
fd00::203:3:3:3,1243,1243000,1244000,1.0,total_received
fd00::203:3:3:3,1252,1252000,1253000,1.0,total_received
fd00::203:3:3:3,1263,1263000,1264000,1.0,total_received
fd00::203:3:3:3,1273,1273000,1274000,1.0,total_received
fd00::203:3:3:3,1283,1283000,1284000,1.0,total_received
fd00::203:3:3:3,1293,1293000,1294000,1.0,total_received
fd00::203:3:3:3,1304,1304000,1305000,1.0,total_received
fd00::203:3:3:3,1314,1314000,1315000,1.0,total_received
fd00::203:3:3:3,1324,1324000,1325000,1.0,total_received
fd00::203:3:3:3,1334,1334000,1335000,1.0,total_received
fd00::203:3:3:3,1345,1345000,1346000,1.0,total_received
fd00::203:3:3:3,1355,1355000,1356000,1.0,total_received
fd00::203:3:3:3,1365,1365000,1366000,1.0,total_received
fd00::203:3:3:3,1375,1375000,1376000,1.0,total_received
fd00::203:3:3:3,1386,1386000,1387000,1.0,total_received
fd00::203:3:3:3,1396,1396000,1397000,1.0,total_received
fd00::203:3:3:3,1406,1406000,1407000,1.0,total_received
fd00::203:3:3:3,1417,1417000,1418000,1.0,total_received
fd00::203:3:3:3,1427,1427000,1428000,1.0,total_received
fd00::203:3:3:3,1437,1437000,1438000,1.0,total_received
fd00::203:3:3:3,1447,1447000,1448000,1.0,total_received
fd00::203:3:3:3,1458,1458000,1459000,1.0,total_received
fd00::203:3:3:3,1468,1468000,1469000,1.0,total_received
fd00::203:3:3:3,1478,1478000,1479000,1.0,total_received
fd00::203:3:3:3,1488,1488000,1489000,1.0,total_received
fd00::203:3:3:3,1499,1499000,1500000,1.0,total_received
fd00::203:3:3:3,1509,1509000,1510000,1.0,total_received
fd00::203:3:3:3,1519,1519000,1520000,1.0,total_received
fd00::203:3:3:3,1529,1529000,1530000,1.0,total_received
fd00::203:3:3:3,1540,1540000,1541000,1.0,total_received
fd00::203:3:3:3,1550,1550000,1551000,1.0,total_received
fd00::203:3:3:3,1560,1560000,1561000,1.0,total_received
fd00::203:3:3:3,1571,1571000,1572000,1.0,total_received
fd00::203:3:3:3,1581,1581000,1582000,2.0,total_received
fd00::203:3:3:3,1591,1591000,1592000,1.0,total_received
fd00::203:3:3:3,1603,1603000,1604000,1.0,total_received
fd00::203:3:3:3,1612,1612000,1613000,1.0,total_received
fd00::203:3:3:3,1622,1622000,1623000,1.0,total_received
fd00::203:3:3:3,1633,1633000,1634000,1.0,total_received
fd00::203:3:3:3,1643,1643000,1644000,1.0,total_received
fd00::203:3:3:3,1653,1653000,1654000,1.0,total_received
fd00::203:3:3:3,1663,1663000,1664000,1.0,total_received
fd00::203:3:3:3,1673,1673000,1674000,1.0,total_received
fd00::203:3:3:3,1684,1684000,1685000,1.0,total_received
fd00::203:3:3:3,1694,1694000,1695000,1.0,total_received
fd00::203:3:3:3,1704,1704000,1705000,1.0,total_received
fd00::203:3:3:3,1714,1714000,1715000,1.0,total_received
fd00::203:3:3:3,1724,1724000,1725000,1.0,total_received
fd00::203:3:3:3,1735,1735000,1736000,1.0,total_received
fd00::203:3:3:3,1745,1745000,1746000,1.0,total_received
fd00::203:3:3:3,1755,1755000,1756000,1.0,total_received
fd00::203:3:3:3,1766,1766000,1767000,1.0,total_received
fd00::203:3:3:3,1776,1776000,1777000,1.0,total_received
fd00::203:3:3:3,1786,1786000,1787000,1.0,total_received
fd00::203:3:3:3,1796,1796000,1797000,1.0,total_received
fd00::203:3:3:3,1807,1807000,1808000,1.0,total_received
fd00::203:3:3:3,1817,1817000,1818000,1.0,total_received
fd00::203:3:3:3,1827,1827000,1828000,1.0,total_received
fd00::203:3:3:3,1837,1837000,1838000,1.0,total_received
fd00::203:3:3:3,1848,1848000,1849000,1.0,total_received
fd00::203:3:3:3,1858,1858000,1859000,1.0,total_received
fd00::203:3:3:3,1868,1868000,1869000,1.0,total_received
fd00::203:3:3:3,1878,1878000,1879000,1.0,total_received
fd00::203:3:3:3,1889,1889000,1890000,1.0,total_received
fd00::203:3:3:3,1899,1899000,1900000,1.0,total_received
fd00::203:3:3:3,1909,1909000,1910000,1.0,total_received
fd00::203:3:3:3,1919,1919000,1920000,1.0,total_received
fd00::203:3:3:3,1931,1931000,1932000,1.0,total_received
fd00::203:3:3:3,1942,1942000,1943000,1.0,total_received
fd00::203:3:3:3,1950,1950000,1951000,1.0,total_received
fd00::203:3:3:3,1961,1961000,1962000,2.0,total_received
fd00::203:3:3:3,1971,1971000,1972000,1.0,total_received
fd00::203:3:3:3,1982,1982000,1983000,1.0,total_received
fd00::203:3:3:3,1992,1992000,1993000,1.0,total_received
fd00::203:3:3:3,2002,2002000,2003000,1.0,total_received
fd00::203:3:3:3,2012,2012000,2013000,1.0,total_received
fd00::203:3:3:3,2022,2022000,2023000,1.0,total_received
fd00::203:3:3:3,2032,2032000,2033000,1.0,total_received
fd00::203:3:3:3,2043,2043000,2044000,1.0,total_received
fd00::203:3:3:3,2054,2054000,2055000,1.0,total_received
fd00::203:3:3:3,2064,2064000,2065000,1.0,total_received
fd00::203:3:3:3,2073,2073000,2074000,1.0,total_received
fd00::203:3:3:3,2084,2084000,2085000,1.0,total_received
fd00::203:3:3:3,2094,2094000,2095000,1.0,total_received
fd00::203:3:3:3,2104,2104000,2105000,1.0,total_received
fd00::203:3:3:3,2114,2114000,2115000,1.0,total_received
fd00::203:3:3:3,2125,2125000,2126000,1.0,total_received
fd00::203:3:3:3,2135,2135000,2136000,1.0,total_received
fd00::203:3:3:3,2145,2145000,2146000,1.0,total_received
fd00::203:3:3:3,2156,2156000,2157000,1.0,total_received
fd00::203:3:3:3,2166,2166000,2167000,1.0,total_received
fd00::203:3:3:3,2176,2176000,2177000,1.0,total_received
fd00::203:3:3:3,2186,2186000,2187000,1.0,total_received
fd00::203:3:3:3,2197,2197000,2198000,1.0,total_received
fd00::203:3:3:3,2207,2207000,2208000,1.0,total_received
fd00::203:3:3:3,2217,2217000,2218000,1.0,total_received
fd00::203:3:3:3,2227,2227000,2228000,1.0,total_received
fd00::203:3:3:3,2238,2238000,2239000,1.0,total_received
fd00::203:3:3:3,2248,2248000,2249000,1.0,total_received
fd00::203:3:3:3,2258,2258000,2259000,1.0,total_received
fd00::203:3:3:3,2268,2268000,2269000,1.0,total_received
fd00::203:3:3:3,2279,2279000,2280000,1.0,total_received
fd00::203:3:3:3,2289,2289000,2290000,1.0,total_received
fd00::203:3:3:3,2299,2299000,2300000,1.0,total_received
fd00::203:3:3:3,2310,2310000,2311000,1.0,total_received
fd00::203:3:3:3,2320,2320000,2321000,1.0,total_received
fd00::203:3:3:3,2331,2331000,2332000,1.0,total_received
fd00::203:3:3:3,2342,2342000,2343000,1.0,total_received
fd00::203:3:3:3,2352,2352000,2353000,2.0,total_received
fd00::203:3:3:3,2361,2361000,2362000,1.0,total_received
fd00::203:3:3:3,2372,2372000,2373000,1.0,total_received
fd00::203:3:3:3,2381,2381000,2382000,1.0,total_received
fd00::203:3:3:3,2393,2393000,2394000,1.0,total_received
fd00::203:3:3:3,2402,2402000,2403000,1.0,total_received
fd00::203:3:3:3,2412,2412000,2413000,1.0,total_received
fd00::203:3:3:3,2422,2422000,2423000,1.0,total_received
fd00::203:3:3:3,2433,2433000,2434000,1.0,total_received
fd00::203:3:3:3,2443,2443000,2444000,1.0,total_received
fd00::203:3:3:3,2453,2453000,2454000,1.0,total_received
fd00::203:3:3:3,2464,2464000,2465000,1.0,total_received
fd00::203:3:3:3,2474,2474000,2475000,1.0,total_received
fd00::203:3:3:3,2484,2484000,2485000,1.0,total_received
fd00::203:3:3:3,2494,2494000,2495000,1.0,total_received
fd00::203:3:3:3,2505,2505000,2506000,1.0,total_received
fd00::203:3:3:3,2515,2515000,2516000,1.0,total_received
fd00::203:3:3:3,2525,2525000,2526000,1.0,total_received
fd00::203:3:3:3,2535,2535000,2536000,1.0,total_received
fd00::203:3:3:3,2546,2546000,2547000,1.0,total_received
fd00::203:3:3:3,2556,2556000,2557000,1.0,total_received
fd00::203:3:3:3,2566,2566000,2567000,1.0,total_received
fd00::203:3:3:3,2576,2576000,2577000,1.0,total_received
fd00::203:3:3:3,2587,2587000,2588000,1.0,total_received
fd00::203:3:3:3,2597,2597000,2598000,1.0,total_received
fd00::203:3:3:3,2607,2607000,2608000,1.0,total_received
fd00::203:3:3:3,2618,2618000,2619000,1.0,total_received
fd00::203:3:3:3,2628,2628000,2629000,1.0,total_received
fd00::203:3:3:3,2638,2638000,2639000,1.0,total_received
fd00::203:3:3:3,2648,2648000,2649000,1.0,total_received
fd00::203:3:3:3,2659,2659000,2660000,1.0,total_received
fd00::203:3:3:3,2669,2669000,2670000,1.0,total_received
fd00::203:3:3:3,2679,2679000,2680000,1.0,total_received
fd00::203:3:3:3,2689,2689000,2690000,1.0,total_received
fd00::203:3:3:3,2701,2701000,2702000,1.0,total_received
fd00::203:3:3:3,2713,2713000,2714000,1.0,total_received
fd00::203:3:3:3,2721,2721000,2722000,2.0,total_received
fd00::203:3:3:3,2731,2731000,2732000,0.0,total_received
fd00::203:3:3:3,2741,2741000,2742000,1.0,total_received
fd00::203:3:3:3,2753,2753000,2754000,2.0,total_received
fd00::203:3:3:3,2762,2762000,2763000,1.0,total_received
fd00::203:3:3:3,2771,2771000,2772000,1.0,total_received
fd00::203:3:3:3,2783,2783000,2784000,1.0,total_received
fd00::203:3:3:3,2792,2792000,2793000,1.0,total_received
fd00::203:3:3:3,2802,2802000,2803000,1.0,total_received
fd00::203:3:3:3,2812,2812000,2813000,1.0,total_received
fd00::203:3:3:3,2823,2823000,2824000,1.0,total_received
fd00::203:3:3:3,2833,2833000,2834000,1.0,total_received
fd00::203:3:3:3,2843,2843000,2844000,1.0,total_received
fd00::203:3:3:3,2854,2854000,2855000,1.0,total_received
fd00::203:3:3:3,2866,2866000,2867000,1.0,total_received
fd00::203:3:3:3,2874,2874000,2875000,1.0,total_received
fd00::203:3:3:3,2884,2884000,2885000,1.0,total_received
fd00::203:3:3:3,2895,2895000,2896000,1.0,total_received
fd00::203:3:3:3,2905,2905000,2906000,1.0,total_received
fd00::203:3:3:3,2915,2915000,2916000,1.0,total_received
fd00::203:3:3:3,2925,2925000,2926000,1.0,total_received
fd00::203:3:3:3,2936,2936000,2937000,1.0,total_received
fd00::203:3:3:3,2946,2946000,2947000,1.0,total_received
fd00::203:3:3:3,2956,2956000,2957000,1.0,total_received
fd00::203:3:3:3,2966,2966000,2967000,1.0,total_received
fd00::203:3:3:3,2977,2977000,2978000,1.0,total_received
fd00::203:3:3:3,2987,2987000,2988000,1.0,total_received
fd00::203:3:3:3,2997,2997000,2998000,1.0,total_received
fd00::203:3:3:3,3007,3007000,3008000,1.0,total_received
fd00::203:3:3:3,3018,3018000,3019000,1.0,total_received
fd00::203:3:3:3,3028,3028000,3029000,1.0,total_received
fd00::203:3:3:3,3038,3038000,3039000,1.0,total_received
fd00::203:3:3:3,3048,3048000,3049000,1.0,total_received
fd00::203:3:3:3,3059,3059000,3060000,1.0,total_received
fd00::203:3:3:3,3069,3069000,3070000,1.0,total_received
fd00::203:3:3:3,3079,3079000,3080000,1.0,total_received
fd00::203:3:3:3,3090,3090000,3091000,1.0,total_received
fd00::203:3:3:3,3100,3100000,3101000,1.0,total_received
fd00::203:3:3:3,3112,3112000,3113000,1.0,total_received
fd00::203:3:3:3,3121,3121000,3122000,1.0,total_received
fd00::203:3:3:3,3132,3132000,3133000,2.0,total_received
fd00::203:3:3:3,3142,3142000,3143000,1.0,total_received
fd00::203:3:3:3,3152,3152000,3153000,1.0,total_received
fd00::203:3:3:3,3162,3162000,3163000,1.0,total_received
fd00::203:3:3:3,3172,3172000,3173000,1.0,total_received
fd00::203:3:3:3,3182,3182000,3183000,1.0,total_received
fd00::203:3:3:3,3192,3192000,3193000,1.0,total_received
fd00::203:3:3:3,3202,3202000,3203000,1.0,total_received
fd00::203:3:3:3,3213,3213000,3214000,1.0,total_received
fd00::203:3:3:3,3223,3223000,3224000,1.0,total_received
fd00::203:3:3:3,3233,3233000,3234000,1.0,total_received
fd00::203:3:3:3,3244,3244000,3245000,1.0,total_received
fd00::203:3:3:3,3254,3254000,3255000,1.0,total_received
fd00::203:3:3:3,3265,3265000,3266000,1.0,total_received
fd00::203:3:3:3,3275,3275000,3276000,1.0,total_received
fd00::203:3:3:3,3285,3285000,3286000,1.0,total_received
fd00::203:3:3:3,3295,3295000,3296000,1.0,total_received
fd00::203:3:3:3,3305,3305000,3306000,1.0,total_received
fd00::203:3:3:3,3315,3315000,3316000,1.0,total_received
fd00::203:3:3:3,3326,3326000,3327000,1.0,total_received
fd00::203:3:3:3,3336,3336000,3337000,1.0,total_received
fd00::203:3:3:3,3346,3346000,3347000,1.0,total_received
fd00::203:3:3:3,3357,3357000,3358000,1.0,total_received
fd00::203:3:3:3,3367,3367000,3368000,1.0,total_received
fd00::203:3:3:3,3377,3377000,3378000,1.0,total_received
fd00::203:3:3:3,3387,3387000,3388000,1.0,total_received
fd00::203:3:3:3,3398,3398000,3399000,1.0,total_received
fd00::203:3:3:3,3408,3408000,3409000,1.0,total_received
fd00::203:3:3:3,3418,3418000,3419000,1.0,total_received
fd00::203:3:3:3,3428,3428000,3429000,1.0,total_received
fd00::203:3:3:3,3439,3439000,3440000,1.0,total_received
fd00::203:3:3:3,3449,3449000,3450000,1.0,total_received
fd00::203:3:3:3,3459,3459000,3460000,1.0,total_received
fd00::203:3:3:3,3469,3469000,3470000,1.0,total_received
fd00::203:3:3:3,3483,3483000,3484000,1.0,total_received
fd00::203:3:3:3,3490,3490000,3491000,1.0,total_received
fd00::203:3:3:3,3500,3500000,3501000,1.0,total_received
fd00::203:3:3:3,3511,3511000,3512000,2.0,total_received
fd00::203:3:3:3,3524,3524000,3525000,1.0,total_received
fd00::203:3:3:3,3532,3532000,3533000,0.0,total_received
fd00::203:3:3:3,3543,3543000,3544000,1.0,total_received
fd00::203:3:3:3,3551,3551000,3552000,1.0,total_received
fd00::203:3:3:3,3562,3562000,3563000,1.0,total_received
fd00::203:3:3:3,3572,3572000,3573000,2.0,total_received
fd00::203:3:3:3,3583,3583000,3584000,1.0,total_received
fd00::203:3:3:3,3593,3593000,3594000,1.0,total_received
fd00::204:4:4:4,21,21000,22000,0.0,total_received
fd00::204:4:4:4,31,31000,32000,1.0,total_received
fd00::204:4:4:4,42,42000,43000,1.0,total_received
fd00::204:4:4:4,52,52000,53000,1.0,total_received
fd00::204:4:4:4,63,63000,64000,1.0,total_received
fd00::204:4:4:4,73,73000,74000,1.0,total_received
fd00::204:4:4:4,84,84000,85000,1.0,total_received
fd00::204:4:4:4,94,94000,95000,1.0,total_received
fd00::204:4:4:4,105,105000,106000,1.0,total_received
fd00::204:4:4:4,116,116000,117000,1.0,total_received
fd00::204:4:4:4,126,126000,127000,1.0,total_received
fd00::204:4:4:4,137,137000,138000,1.0,total_received
fd00::204:4:4:4,147,147000,148000,1.0,total_received
fd00::204:4:4:4,158,158000,159000,1.0,total_received
fd00::204:4:4:4,168,168000,169000,1.0,total_received
fd00::204:4:4:4,179,179000,180000,1.0,total_received
fd00::204:4:4:4,189,189000,190000,1.0,total_received
fd00::204:4:4:4,200,200000,201000,2.0,total_received
fd00::204:4:4:4,212,212000,213000,1.0,total_received
fd00::204:4:4:4,222,222000,223000,1.0,total_received
fd00::204:4:4:4,232,232000,233000,1.0,total_received
fd00::204:4:4:4,242,242000,243000,1.0,total_received
fd00::204:4:4:4,253,253000,254000,1.0,total_received
fd00::204:4:4:4,263,263000,264000,1.0,total_received
fd00::204:4:4:4,274,274000,275000,1.0,total_received
fd00::204:4:4:4,284,284000,285000,1.0,total_received
fd00::204:4:4:4,295,295000,296000,1.0,total_received
fd00::204:4:4:4,306,306000,307000,1.0,total_received
fd00::204:4:4:4,316,316000,317000,1.0,total_received
fd00::204:4:4:4,327,327000,328000,1.0,total_received
fd00::204:4:4:4,337,337000,338000,1.0,total_received
fd00::204:4:4:4,348,348000,349000,1.0,total_received
fd00::204:4:4:4,358,358000,359000,1.0,total_received
fd00::204:4:4:4,369,369000,370000,1.0,total_received
fd00::204:4:4:4,381,381000,382000,1.0,total_received
fd00::204:4:4:4,390,390000,391000,1.0,total_received
fd00::204:4:4:4,401,401000,402000,2.0,total_received
fd00::204:4:4:4,411,411000,412000,1.0,total_received
fd00::204:4:4:4,422,422000,423000,1.0,total_received
fd00::204:4:4:4,433,433000,434000,1.0,total_received
fd00::204:4:4:4,443,443000,444000,1.0,total_received
fd00::204:4:4:4,453,453000,454000,1.0,total_received
fd00::204:4:4:4,464,464000,465000,1.0,total_received
fd00::204:4:4:4,475,475000,476000,1.0,total_received
fd00::204:4:4:4,485,485000,486000,1.0,total_received
fd00::204:4:4:4,496,496000,497000,1.0,total_received
fd00::204:4:4:4,506,506000,507000,1.0,total_received
fd00::204:4:4:4,517,517000,518000,1.0,total_received
fd00::204:4:4:4,527,527000,528000,1.0,total_received
fd00::204:4:4:4,538,538000,539000,1.0,total_received
fd00::204:4:4:4,548,548000,549000,1.0,total_received
fd00::204:4:4:4,559,559000,560000,1.0,total_received
fd00::204:4:4:4,570,570000,571000,1.0,total_received
fd00::204:4:4:4,581,581000,582000,2.0,total_received
fd00::204:4:4:4,592,592000,593000,1.0,total_received
fd00::204:4:4:4,601,601000,602000,1.0,total_received
fd00::204:4:4:4,612,612000,613000,1.0,total_received
fd00::204:4:4:4,623,623000,624000,1.0,total_received
fd00::204:4:4:4,633,633000,634000,1.0,total_received
fd00::204:4:4:4,643,643000,644000,1.0,total_received
fd00::204:4:4:4,654,654000,655000,1.0,total_received
fd00::204:4:4:4,665,665000,666000,1.0,total_received
fd00::204:4:4:4,675,675000,676000,1.0,total_received
fd00::204:4:4:4,686,686000,687000,1.0,total_received
fd00::204:4:4:4,696,696000,697000,1.0,total_received
fd00::204:4:4:4,707,707000,708000,1.0,total_received
fd00::204:4:4:4,717,717000,718000,1.0,total_received
fd00::204:4:4:4,728,728000,729000,1.0,total_received
fd00::204:4:4:4,738,738000,739000,1.0,total_received
fd00::204:4:4:4,749,749000,750000,1.0,total_received
fd00::204:4:4:4,759,759000,760000,1.0,total_received
fd00::204:4:4:4,770,770000,771000,2.0,total_received
fd00::204:4:4:4,781,781000,782000,1.0,total_received
fd00::204:4:4:4,791,791000,792000,1.0,total_received
fd00::204:4:4:4,802,802000,803000,1.0,total_received
fd00::204:4:4:4,813,813000,814000,1.0,total_received
fd00::204:4:4:4,823,823000,824000,1.0,total_received
fd00::204:4:4:4,834,834000,835000,1.0,total_received
fd00::204:4:4:4,844,844000,845000,1.0,total_received
fd00::204:4:4:4,855,855000,856000,1.0,total_received
fd00::204:4:4:4,865,865000,866000,1.0,total_received
fd00::204:4:4:4,876,876000,877000,1.0,total_received
fd00::204:4:4:4,886,886000,887000,1.0,total_received
fd00::204:4:4:4,897,897000,898000,1.0,total_received
fd00::204:4:4:4,907,907000,908000,1.0,total_received
fd00::204:4:4:4,918,918000,919000,1.0,total_received
fd00::204:4:4:4,928,928000,929000,1.0,total_received
fd00::204:4:4:4,939,939000,940000,1.0,total_received
fd00::204:4:4:4,950,950000,951000,1.0,total_received
fd00::204:4:4:4,960,960000,961000,2.0,total_received
fd00::204:4:4:4,971,971000,972000,1.0,total_received
fd00::204:4:4:4,981,981000,982000,1.0,total_received
fd00::204:4:4:4,992,992000,993000,1.0,total_received
fd00::204:4:4:4,1002,1002000,1003000,1.0,total_received
fd00::204:4:4:4,1013,1013000,1014000,1.0,total_received
fd00::204:4:4:4,1023,1023000,1024000,1.0,total_received
fd00::204:4:4:4,1034,1034000,1035000,1.0,total_received
fd00::204:4:4:4,1045,1045000,1046000,1.0,total_received
fd00::204:4:4:4,1055,1055000,1056000,1.0,total_received
fd00::204:4:4:4,1066,1066000,1067000,1.0,total_received
fd00::204:4:4:4,1076,1076000,1077000,1.0,total_received
fd00::204:4:4:4,1087,1087000,1088000,1.0,total_received
fd00::204:4:4:4,1097,1097000,1098000,1.0,total_received
fd00::204:4:4:4,1108,1108000,1109000,1.0,total_received
fd00::204:4:4:4,1118,1118000,1119000,1.0,total_received
fd00::204:4:4:4,1129,1129000,1130000,1.0,total_received
fd00::204:4:4:4,1140,1140000,1141000,1.0,total_received
fd00::204:4:4:4,1150,1150000,1151000,2.0,total_received
fd00::204:4:4:4,1161,1161000,1162000,1.0,total_received
fd00::204:4:4:4,1172,1172000,1173000,1.0,total_received
fd00::204:4:4:4,1182,1182000,1183000,1.0,total_received
fd00::204:4:4:4,1193,1193000,1194000,1.0,total_received
fd00::204:4:4:4,1203,1203000,1204000,1.0,total_received
fd00::204:4:4:4,1214,1214000,1215000,1.0,total_received
fd00::204:4:4:4,1224,1224000,1225000,1.0,total_received
fd00::204:4:4:4,1235,1235000,1236000,1.0,total_received
fd00::204:4:4:4,1245,1245000,1246000,1.0,total_received
fd00::204:4:4:4,1256,1256000,1257000,1.0,total_received
fd00::204:4:4:4,1266,1266000,1267000,1.0,total_received
fd00::204:4:4:4,1277,1277000,1278000,1.0,total_received
fd00::204:4:4:4,1287,1287000,1288000,1.0,total_received
fd00::204:4:4:4,1298,1298000,1299000,1.0,total_received
fd00::204:4:4:4,1308,1308000,1309000,1.0,total_received
fd00::204:4:4:4,1319,1319000,1320000,1.0,total_received
fd00::204:4:4:4,1330,1330000,1331000,1.0,total_received
fd00::204:4:4:4,1340,1340000,1341000,2.0,total_received
fd00::204:4:4:4,1351,1351000,1352000,1.0,total_received
fd00::204:4:4:4,1361,1361000,1362000,1.0,total_received
fd00::204:4:4:4,1372,1372000,1373000,1.0,total_received
fd00::204:4:4:4,1382,1382000,1383000,1.0,total_received
fd00::204:4:4:4,1393,1393000,1394000,1.0,total_received
fd00::204:4:4:4,1404,1404000,1405000,1.0,total_received
fd00::204:4:4:4,1414,1414000,1415000,1.0,total_received
fd00::204:4:4:4,1425,1425000,1426000,1.0,total_received
fd00::204:4:4:4,1435,1435000,1436000,1.0,total_received
fd00::204:4:4:4,1446,1446000,1447000,1.0,total_received
fd00::204:4:4:4,1456,1456000,1457000,1.0,total_received
fd00::204:4:4:4,1467,1467000,1468000,1.0,total_received
fd00::204:4:4:4,1477,1477000,1478000,1.0,total_received
fd00::204:4:4:4,1488,1488000,1489000,1.0,total_received
fd00::204:4:4:4,1498,1498000,1499000,1.0,total_received
fd00::204:4:4:4,1509,1509000,1510000,1.0,total_received
fd00::204:4:4:4,1522,1522000,1523000,1.0,total_received
fd00::204:4:4:4,1530,1530000,1531000,2.0,total_received
fd00::204:4:4:4,1541,1541000,1542000,1.0,total_received
fd00::204:4:4:4,1551,1551000,1552000,1.0,total_received
fd00::204:4:4:4,1563,1563000,1564000,1.0,total_received
fd00::204:4:4:4,1572,1572000,1573000,1.0,total_received
fd00::204:4:4:4,1583,1583000,1584000,1.0,total_received
fd00::204:4:4:4,1593,1593000,1594000,1.0,total_received
fd00::204:4:4:4,1604,1604000,1605000,1.0,total_received
fd00::204:4:4:4,1615,1615000,1616000,1.0,total_received
fd00::204:4:4:4,1625,1625000,1626000,1.0,total_received
fd00::204:4:4:4,1636,1636000,1637000,1.0,total_received
fd00::204:4:4:4,1646,1646000,1647000,1.0,total_received
fd00::204:4:4:4,1657,1657000,1658000,1.0,total_received
fd00::204:4:4:4,1667,1667000,1668000,1.0,total_received
fd00::204:4:4:4,1678,1678000,1679000,1.0,total_received
fd00::204:4:4:4,1689,1689000,1690000,1.0,total_received
fd00::204:4:4:4,1699,1699000,1700000,1.0,total_received
fd00::204:4:4:4,1711,1711000,1712000,1.0,total_received
fd00::204:4:4:4,1722,1722000,1723000,2.0,total_received
fd00::204:4:4:4,1731,1731000,1732000,1.0,total_received
fd00::204:4:4:4,1741,1741000,1742000,1.0,total_received
fd00::204:4:4:4,1752,1752000,1753000,1.0,total_received
fd00::204:4:4:4,1762,1762000,1763000,1.0,total_received
fd00::204:4:4:4,1773,1773000,1774000,1.0,total_received
fd00::204:4:4:4,1783,1783000,1784000,1.0,total_received
fd00::204:4:4:4,1794,1794000,1795000,1.0,total_received
fd00::204:4:4:4,1805,1805000,1806000,1.0,total_received
fd00::204:4:4:4,1815,1815000,1816000,1.0,total_received
fd00::204:4:4:4,1826,1826000,1827000,1.0,total_received
fd00::204:4:4:4,1836,1836000,1837000,1.0,total_received
fd00::204:4:4:4,1847,1847000,1848000,1.0,total_received
fd00::204:4:4:4,1857,1857000,1858000,1.0,total_received
fd00::204:4:4:4,1868,1868000,1869000,1.0,total_received
fd00::204:4:4:4,1879,1879000,1880000,1.0,total_received
fd00::204:4:4:4,1889,1889000,1890000,1.0,total_received
fd00::204:4:4:4,1903,1903000,1904000,1.0,total_received
fd00::204:4:4:4,1911,1911000,1912000,2.0,total_received
fd00::204:4:4:4,1921,1921000,1922000,1.0,total_received
fd00::204:4:4:4,1931,1931000,1932000,1.0,total_received
fd00::204:4:4:4,1942,1942000,1943000,1.0,total_received
fd00::204:4:4:4,1952,1952000,1953000,1.0,total_received
fd00::204:4:4:4,1963,1963000,1964000,1.0,total_received
fd00::204:4:4:4,1973,1973000,1974000,1.0,total_received
fd00::204:4:4:4,1984,1984000,1985000,1.0,total_received
fd00::204:4:4:4,1995,1995000,1996000,1.0,total_received
fd00::204:4:4:4,2005,2005000,2006000,1.0,total_received
fd00::204:4:4:4,2016,2016000,2017000,1.0,total_received
fd00::204:4:4:4,2026,2026000,2027000,1.0,total_received
fd00::204:4:4:4,2037,2037000,2038000,1.0,total_received
fd00::204:4:4:4,2047,2047000,2048000,1.0,total_received
fd00::204:4:4:4,2058,2058000,2059000,1.0,total_received
fd00::204:4:4:4,2068,2068000,2069000,1.0,total_received
fd00::204:4:4:4,2079,2079000,2080000,1.0,total_received
fd00::204:4:4:4,2090,2090000,2091000,1.0,total_received
fd00::204:4:4:4,2100,2100000,2101000,2.0,total_received
fd00::204:4:4:4,2111,2111000,2112000,1.0,total_received
fd00::204:4:4:4,2121,2121000,2122000,1.0,total_received
fd00::204:4:4:4,2134,2134000,2135000,1.0,total_received
fd00::204:4:4:4,2143,2143000,2144000,1.0,total_received
fd00::204:4:4:4,2153,2153000,2154000,1.0,total_received
fd00::204:4:4:4,2163,2163000,2164000,1.0,total_received
fd00::204:4:4:4,2174,2174000,2175000,1.0,total_received
fd00::204:4:4:4,2185,2185000,2186000,1.0,total_received
fd00::204:4:4:4,2195,2195000,2196000,1.0,total_received
fd00::204:4:4:4,2206,2206000,2207000,1.0,total_received
fd00::204:4:4:4,2216,2216000,2217000,1.0,total_received
fd00::204:4:4:4,2227,2227000,2228000,1.0,total_received
fd00::204:4:4:4,2237,2237000,2238000,1.0,total_received
fd00::204:4:4:4,2248,2248000,2249000,1.0,total_received
fd00::204:4:4:4,2258,2258000,2259000,1.0,total_received
fd00::204:4:4:4,2269,2269000,2270000,1.0,total_received
fd00::204:4:4:4,2280,2280000,2281000,1.0,total_received
fd00::204:4:4:4,2291,2291000,2292000,2.0,total_received
fd00::204:4:4:4,2301,2301000,2302000,1.0,total_received
fd00::204:4:4:4,2311,2311000,2312000,0.0,total_received
fd00::204:4:4:4,2322,2322000,2323000,2.0,total_received
fd00::204:4:4:4,2333,2333000,2334000,1.0,total_received
fd00::204:4:4:4,2343,2343000,2344000,0.0,total_received
fd00::204:4:4:4,2353,2353000,2354000,2.0,total_received
fd00::204:4:4:4,2364,2364000,2365000,1.0,total_received
fd00::204:4:4:4,2375,2375000,2376000,1.0,total_received
fd00::204:4:4:4,2385,2385000,2386000,1.0,total_received
fd00::204:4:4:4,2396,2396000,2397000,1.0,total_received
fd00::204:4:4:4,2406,2406000,2407000,1.0,total_received
fd00::204:4:4:4,2417,2417000,2418000,1.0,total_received
fd00::204:4:4:4,2427,2427000,2428000,1.0,total_received
fd00::204:4:4:4,2438,2438000,2439000,1.0,total_received
fd00::204:4:4:4,2448,2448000,2449000,1.0,total_received
fd00::204:4:4:4,2459,2459000,2460000,1.0,total_received
fd00::204:4:4:4,2470,2470000,2471000,1.0,total_received
fd00::204:4:4:4,2481,2481000,2482000,2.0,total_received
fd00::204:4:4:4,2491,2491000,2492000,1.0,total_received
fd00::204:4:4:4,2501,2501000,2502000,1.0,total_received
fd00::204:4:4:4,2512,2512000,2513000,1.0,total_received
fd00::204:4:4:4,2522,2522000,2523000,1.0,total_received
fd00::204:4:4:4,2533,2533000,2534000,1.0,total_received
fd00::204:4:4:4,2544,2544000,2545000,1.0,total_received
fd00::204:4:4:4,2554,2554000,2555000,1.0,total_received
fd00::204:4:4:4,2565,2565000,2566000,1.0,total_received
fd00::204:4:4:4,2575,2575000,2576000,1.0,total_received
fd00::204:4:4:4,2586,2586000,2587000,1.0,total_received
fd00::204:4:4:4,2596,2596000,2597000,1.0,total_received
fd00::204:4:4:4,2607,2607000,2608000,1.0,total_received
fd00::204:4:4:4,2618,2618000,2619000,1.0,total_received
fd00::204:4:4:4,2628,2628000,2629000,1.0,total_received
fd00::204:4:4:4,2639,2639000,2640000,1.0,total_received
fd00::204:4:4:4,2649,2649000,2650000,1.0,total_received
fd00::204:4:4:4,2660,2660000,2661000,1.0,total_received
fd00::204:4:4:4,2673,2673000,2674000,2.0,total_received
fd00::204:4:4:4,2681,2681000,2682000,1.0,total_received
fd00::204:4:4:4,2691,2691000,2692000,1.0,total_received
fd00::204:4:4:4,2702,2702000,2703000,1.0,total_received
fd00::204:4:4:4,2712,2712000,2713000,1.0,total_received
fd00::204:4:4:4,2723,2723000,2724000,1.0,total_received
fd00::204:4:4:4,2734,2734000,2735000,1.0,total_received
fd00::204:4:4:4,2744,2744000,2745000,1.0,total_received
fd00::204:4:4:4,2755,2755000,2756000,1.0,total_received
fd00::204:4:4:4,2765,2765000,2766000,1.0,total_received
fd00::204:4:4:4,2776,2776000,2777000,1.0,total_received
fd00::204:4:4:4,2786,2786000,2787000,1.0,total_received
fd00::204:4:4:4,2797,2797000,2798000,1.0,total_received
fd00::204:4:4:4,2807,2807000,2808000,1.0,total_received
fd00::204:4:4:4,2818,2818000,2819000,1.0,total_received
fd00::204:4:4:4,2828,2828000,2829000,1.0,total_received
fd00::204:4:4:4,2839,2839000,2840000,1.0,total_received
fd00::204:4:4:4,2850,2850000,2851000,1.0,total_received
fd00::204:4:4:4,2865,2865000,2866000,1.0,total_received
fd00::204:4:4:4,2871,2871000,2872000,2.0,total_received
fd00::204:4:4:4,2881,2881000,2882000,1.0,total_received
fd00::204:4:4:4,2892,2892000,2893000,1.0,total_received
fd00::204:4:4:4,2902,2902000,2903000,1.0,total_received
fd00::204:4:4:4,2913,2913000,2914000,1.0,total_received
fd00::204:4:4:4,2923,2923000,2924000,1.0,total_received
fd00::204:4:4:4,2934,2934000,2935000,1.0,total_received
fd00::204:4:4:4,2945,2945000,2946000,1.0,total_received
fd00::204:4:4:4,2955,2955000,2956000,1.0,total_received
fd00::204:4:4:4,2966,2966000,2967000,1.0,total_received
fd00::204:4:4:4,2976,2976000,2977000,1.0,total_received
fd00::204:4:4:4,2987,2987000,2988000,1.0,total_received
fd00::204:4:4:4,2998,2998000,2999000,1.0,total_received
fd00::204:4:4:4,3008,3008000,3009000,1.0,total_received
fd00::204:4:4:4,3019,3019000,3020000,1.0,total_received
fd00::204:4:4:4,3029,3029000,3030000,1.0,total_received
fd00::204:4:4:4,3040,3040000,3041000,1.0,total_received
fd00::204:4:4:4,3050,3050000,3051000,2.0,total_received
fd00::204:4:4:4,3061,3061000,3062000,1.0,total_received
fd00::204:4:4:4,3071,3071000,3072000,1.0,total_received
fd00::204:4:4:4,3082,3082000,3083000,1.0,total_received
fd00::204:4:4:4,3092,3092000,3093000,1.0,total_received
fd00::204:4:4:4,3103,3103000,3104000,1.0,total_received
fd00::204:4:4:4,3114,3114000,3115000,1.0,total_received
fd00::204:4:4:4,3124,3124000,3125000,1.0,total_received
fd00::204:4:4:4,3135,3135000,3136000,1.0,total_received
fd00::204:4:4:4,3145,3145000,3146000,1.0,total_received
fd00::204:4:4:4,3156,3156000,3157000,1.0,total_received
fd00::204:4:4:4,3166,3166000,3167000,1.0,total_received
fd00::204:4:4:4,3177,3177000,3178000,1.0,total_received
fd00::204:4:4:4,3187,3187000,3188000,1.0,total_received
fd00::204:4:4:4,3198,3198000,3199000,1.0,total_received
fd00::204:4:4:4,3209,3209000,3210000,1.0,total_received
fd00::204:4:4:4,3219,3219000,3220000,1.0,total_received
fd00::204:4:4:4,3232,3232000,3233000,1.0,total_received
fd00::204:4:4:4,3240,3240000,3241000,2.0,total_received
fd00::204:4:4:4,3252,3252000,3253000,1.0,total_received
fd00::204:4:4:4,3263,3263000,3264000,1.0,total_received
fd00::204:4:4:4,3272,3272000,3273000,1.0,total_received
fd00::204:4:4:4,3282,3282000,3283000,1.0,total_received
fd00::204:4:4:4,3293,3293000,3294000,1.0,total_received
fd00::204:4:4:4,3304,3304000,3305000,1.0,total_received
fd00::204:4:4:4,3314,3314000,3315000,1.0,total_received
fd00::204:4:4:4,3325,3325000,3326000,1.0,total_received
fd00::204:4:4:4,3335,3335000,3336000,1.0,total_received
fd00::204:4:4:4,3346,3346000,3347000,1.0,total_received
fd00::204:4:4:4,3357,3357000,3358000,1.0,total_received
fd00::204:4:4:4,3367,3367000,3368000,1.0,total_received
fd00::204:4:4:4,3377,3377000,3378000,1.0,total_received
fd00::204:4:4:4,3388,3388000,3389000,1.0,total_received
fd00::204:4:4:4,3398,3398000,3399000,1.0,total_received
fd00::204:4:4:4,3409,3409000,3410000,1.0,total_received
fd00::204:4:4:4,3420,3420000,3421000,1.0,total_received
fd00::204:4:4:4,3431,3431000,3432000,2.0,total_received
fd00::204:4:4:4,3441,3441000,3442000,1.0,total_received
fd00::204:4:4:4,3451,3451000,3452000,1.0,total_received
fd00::204:4:4:4,3462,3462000,3463000,1.0,total_received
fd00::204:4:4:4,3472,3472000,3473000,1.0,total_received
fd00::204:4:4:4,3483,3483000,3484000,1.0,total_received
fd00::204:4:4:4,3494,3494000,3495000,1.0,total_received
fd00::204:4:4:4,3504,3504000,3505000,1.0,total_received
fd00::204:4:4:4,3515,3515000,3516000,1.0,total_received
fd00::204:4:4:4,3525,3525000,3526000,1.0,total_received
fd00::204:4:4:4,3536,3536000,3537000,1.0,total_received
fd00::204:4:4:4,3546,3546000,3547000,1.0,total_received
fd00::204:4:4:4,3557,3557000,3558000,1.0,total_received
fd00::204:4:4:4,3567,3567000,3568000,1.0,total_received
fd00::204:4:4:4,3578,3578000,3579000,1.0,total_received
fd00::204:4:4:4,3589,3589000,3590000,1.0,total_received
fd00::204:4:4:4,3599,3599000,3600000,1.0,total_received
fd00::205:5:5:5,140,140000,141000,0.0,total_received
fd00::205:5:5:5,151,151000,152000,1.0,total_received
fd00::205:5:5:5,162,162000,163000,0.0,total_received
fd00::205:5:5:5,173,173000,174000,2.0,total_received
fd00::205:5:5:5,183,183000,184000,1.0,total_received
fd00::205:5:5:5,194,194000,195000,1.0,total_received
fd00::205:5:5:5,205,205000,206000,1.0,total_received
fd00::205:5:5:5,216,216000,217000,1.0,total_received
fd00::205:5:5:5,228,228000,229000,1.0,total_received
fd00::205:5:5:5,237,237000,238000,1.0,total_received
fd00::205:5:5:5,248,248000,249000,1.0,total_received
fd00::205:5:5:5,259,259000,260000,1.0,total_received
fd00::205:5:5:5,272,272000,273000,1.0,total_received
fd00::205:5:5:5,282,282000,283000,1.0,total_received
fd00::205:5:5:5,292,292000,293000,1.0,total_received
fd00::205:5:5:5,302,302000,303000,2.0,total_received
fd00::205:5:5:5,314,314000,315000,1.0,total_received
fd00::205:5:5:5,324,324000,325000,1.0,total_received
fd00::205:5:5:5,335,335000,336000,1.0,total_received
fd00::205:5:5:5,345,345000,346000,1.0,total_received
fd00::205:5:5:5,356,356000,357000,1.0,total_received
fd00::205:5:5:5,367,367000,368000,1.0,total_received
fd00::205:5:5:5,378,378000,379000,1.0,total_received
fd00::205:5:5:5,388,388000,389000,1.0,total_received
fd00::205:5:5:5,399,399000,400000,1.0,total_received
fd00::205:5:5:5,413,413000,414000,1.0,total_received
fd00::205:5:5:5,421,421000,422000,1.0,total_received
fd00::205:5:5:5,432,432000,433000,1.0,total_received
fd00::205:5:5:5,442,442000,443000,2.0,total_received
fd00::205:5:5:5,453,453000,454000,1.0,total_received
fd00::205:5:5:5,465,465000,466000,1.0,total_received
fd00::205:5:5:5,475,475000,476000,1.0,total_received
fd00::205:5:5:5,486,486000,487000,1.0,total_received
fd00::205:5:5:5,496,496000,497000,1.0,total_received
fd00::205:5:5:5,507,507000,508000,1.0,total_received
fd00::205:5:5:5,518,518000,519000,1.0,total_received
fd00::205:5:5:5,529,529000,530000,1.0,total_received
fd00::205:5:5:5,541,541000,542000,1.0,total_received
fd00::205:5:5:5,551,551000,552000,1.0,total_received
fd00::205:5:5:5,561,561000,562000,1.0,total_received
fd00::205:5:5:5,572,572000,573000,1.0,total_received
fd00::205:5:5:5,583,583000,584000,2.0,total_received
fd00::205:5:5:5,594,594000,595000,1.0,total_received
fd00::205:5:5:5,604,604000,605000,1.0,total_received
fd00::205:5:5:5,615,615000,616000,1.0,total_received
fd00::205:5:5:5,626,626000,627000,1.0,total_received
fd00::205:5:5:5,637,637000,638000,1.0,total_received
fd00::205:5:5:5,647,647000,648000,1.0,total_received
fd00::205:5:5:5,658,658000,659000,1.0,total_received
fd00::205:5:5:5,669,669000,670000,1.0,total_received
fd00::205:5:5:5,680,680000,681000,1.0,total_received
fd00::205:5:5:5,691,691000,692000,1.0,total_received
fd00::205:5:5:5,701,701000,702000,2.0,total_received
fd00::205:5:5:5,712,712000,713000,1.0,total_received
fd00::205:5:5:5,723,723000,724000,1.0,total_received
fd00::205:5:5:5,734,734000,735000,1.0,total_received
fd00::205:5:5:5,745,745000,746000,1.0,total_received
fd00::205:5:5:5,755,755000,756000,1.0,total_received
fd00::205:5:5:5,766,766000,767000,1.0,total_received
fd00::205:5:5:5,777,777000,778000,1.0,total_received
fd00::205:5:5:5,788,788000,789000,1.0,total_received
fd00::205:5:5:5,799,799000,800000,1.0,total_received
fd00::205:5:5:5,809,809000,810000,1.0,total_received
fd00::205:5:5:5,821,821000,822000,1.0,total_received
fd00::205:5:5:5,833,833000,834000,1.0,total_received
fd00::205:5:5:5,842,842000,843000,2.0,total_received
fd00::205:5:5:5,854,854000,855000,1.0,total_received
fd00::205:5:5:5,863,863000,864000,1.0,total_received
fd00::205:5:5:5,874,874000,875000,1.0,total_received
fd00::205:5:5:5,885,885000,886000,1.0,total_received
fd00::205:5:5:5,896,896000,897000,1.0,total_received
fd00::205:5:5:5,907,907000,908000,1.0,total_received
fd00::205:5:5:5,917,917000,918000,1.0,total_received
fd00::205:5:5:5,928,928000,929000,1.0,total_received
fd00::205:5:5:5,939,939000,940000,1.0,total_received
fd00::205:5:5:5,951,951000,952000,1.0,total_received
fd00::205:5:5:5,961,961000,962000,1.0,total_received
fd00::205:5:5:5,974,974000,975000,1.0,total_received
fd00::205:5:5:5,982,982000,983000,2.0,total_received
fd00::205:5:5:5,993,993000,994000,1.0,total_received
fd00::205:5:5:5,1004,1004000,1005000,1.0,total_received
fd00::205:5:5:5,1014,1014000,1015000,1.0,total_received
fd00::205:5:5:5,1025,1025000,1026000,1.0,total_received
fd00::205:5:5:5,1036,1036000,1037000,1.0,total_received
fd00::205:5:5:5,1047,1047000,1048000,1.0,total_received
fd00::205:5:5:5,1058,1058000,1059000,1.0,total_received
fd00::205:5:5:5,1068,1068000,1069000,1.0,total_received
fd00::205:5:5:5,1079,1079000,1080000,1.0,total_received
fd00::205:5:5:5,1090,1090000,1091000,1.0,total_received
fd00::205:5:5:5,1101,1101000,1102000,1.0,total_received
fd00::205:5:5:5,1112,1112000,1113000,2.0,total_received
fd00::205:5:5:5,1123,1123000,1124000,1.0,total_received
fd00::205:5:5:5,1133,1133000,1134000,1.0,total_received
fd00::205:5:5:5,1144,1144000,1145000,1.0,total_received
fd00::205:5:5:5,1155,1155000,1156000,1.0,total_received
fd00::205:5:5:5,1166,1166000,1167000,1.0,total_received
fd00::205:5:5:5,1176,1176000,1177000,1.0,total_received
fd00::205:5:5:5,1187,1187000,1188000,1.0,total_received
fd00::205:5:5:5,1198,1198000,1199000,1.0,total_received
fd00::205:5:5:5,1209,1209000,1210000,1.0,total_received
fd00::205:5:5:5,1219,1219000,1220000,1.0,total_received
fd00::205:5:5:5,1233,1233000,1234000,1.0,total_received
fd00::205:5:5:5,1241,1241000,1242000,1.0,total_received
fd00::205:5:5:5,1253,1253000,1254000,1.0,total_received
fd00::205:5:5:5,1263,1263000,1264000,2.0,total_received
fd00::205:5:5:5,1273,1273000,1274000,1.0,total_received
fd00::205:5:5:5,1285,1285000,1286000,1.0,total_received
fd00::205:5:5:5,1295,1295000,1296000,1.0,total_received
fd00::205:5:5:5,1306,1306000,1307000,1.0,total_received
fd00::205:5:5:5,1317,1317000,1318000,1.0,total_received
fd00::205:5:5:5,1327,1327000,1328000,1.0,total_received
fd00::205:5:5:5,1338,1338000,1339000,1.0,total_received
fd00::205:5:5:5,1349,1349000,1350000,1.0,total_received
fd00::205:5:5:5,1361,1361000,1362000,1.0,total_received
fd00::205:5:5:5,1371,1371000,1372000,1.0,total_received
fd00::205:5:5:5,1382,1382000,1383000,2.0,total_received
fd00::205:5:5:5,1392,1392000,1393000,1.0,total_received
fd00::205:5:5:5,1403,1403000,1404000,1.0,total_received
fd00::205:5:5:5,1414,1414000,1415000,1.0,total_received
fd00::205:5:5:5,1425,1425000,1426000,1.0,total_received
fd00::205:5:5:5,1435,1435000,1436000,1.0,total_received
fd00::205:5:5:5,1446,1446000,1447000,1.0,total_received
fd00::205:5:5:5,1457,1457000,1458000,1.0,total_received
fd00::205:5:5:5,1468,1468000,1469000,1.0,total_received
fd00::205:5:5:5,1479,1479000,1480000,1.0,total_received
fd00::205:5:5:5,1491,1491000,1492000,1.0,total_received
fd00::205:5:5:5,1500,1500000,1501000,1.0,total_received
fd00::205:5:5:5,1512,1512000,1513000,1.0,total_received
fd00::205:5:5:5,1523,1523000,1524000,2.0,total_received
fd00::205:5:5:5,1532,1532000,1533000,1.0,total_received
fd00::205:5:5:5,1543,1543000,1544000,1.0,total_received
fd00::205:5:5:5,1554,1554000,1555000,1.0,total_received
fd00::205:5:5:5,1565,1565000,1566000,1.0,total_received
fd00::205:5:5:5,1576,1576000,1577000,1.0,total_received
fd00::205:5:5:5,1586,1586000,1587000,1.0,total_received
fd00::205:5:5:5,1597,1597000,1598000,1.0,total_received
fd00::205:5:5:5,1608,1608000,1609000,1.0,total_received
fd00::205:5:5:5,1619,1619000,1620000,1.0,total_received
fd00::205:5:5:5,1631,1631000,1632000,1.0,total_received
fd00::205:5:5:5,1641,1641000,1642000,1.0,total_received
fd00::205:5:5:5,1652,1652000,1653000,1.0,total_received
fd00::205:5:5:5,1662,1662000,1663000,1.0,total_received
fd00::205:5:5:5,1673,1673000,1674000,2.0,total_received
fd00::205:5:5:5,1684,1684000,1685000,1.0,total_received
fd00::205:5:5:5,1694,1694000,1695000,1.0,total_received
fd00::205:5:5:5,1705,1705000,1706000,1.0,total_received
fd00::205:5:5:5,1716,1716000,1717000,1.0,total_received
fd00::205:5:5:5,1727,1727000,1728000,1.0,total_received
fd00::205:5:5:5,1738,1738000,1739000,1.0,total_received
fd00::205:5:5:5,1748,1748000,1749000,1.0,total_received
fd00::205:5:5:5,1759,1759000,1760000,1.0,total_received
fd00::205:5:5:5,1771,1771000,1772000,1.0,total_received
fd00::205:5:5:5,1781,1781000,1782000,1.0,total_received
fd00::205:5:5:5,1792,1792000,1793000,2.0,total_received
fd00::205:5:5:5,1802,1802000,1803000,1.0,total_received
fd00::205:5:5:5,1813,1813000,1814000,1.0,total_received
fd00::205:5:5:5,1825,1825000,1826000,1.0,total_received
fd00::205:5:5:5,1835,1835000,1836000,1.0,total_received
fd00::205:5:5:5,1845,1845000,1846000,1.0,total_received
fd00::205:5:5:5,1856,1856000,1857000,1.0,total_received
fd00::205:5:5:5,1867,1867000,1868000,1.0,total_received
fd00::205:5:5:5,1878,1878000,1879000,1.0,total_received
fd00::205:5:5:5,1889,1889000,1890000,1.0,total_received
fd00::205:5:5:5,1903,1903000,1904000,1.0,total_received
fd00::205:5:5:5,1911,1911000,1912000,1.0,total_received
fd00::205:5:5:5,1921,1921000,1922000,1.0,total_received
fd00::205:5:5:5,1932,1932000,1933000,1.0,total_received
fd00::205:5:5:5,1944,1944000,1945000,2.0,total_received
fd00::205:5:5:5,1954,1954000,1955000,1.0,total_received
fd00::205:5:5:5,1964,1964000,1965000,1.0,total_received
fd00::205:5:5:5,1975,1975000,1976000,1.0,total_received
fd00::205:5:5:5,1986,1986000,1987000,1.0,total_received
fd00::205:5:5:5,1997,1997000,1998000,1.0,total_received
fd00::205:5:5:5,2007,2007000,2008000,1.0,total_received
fd00::205:5:5:5,2018,2018000,2019000,1.0,total_received
fd00::205:5:5:5,2029,2029000,2030000,1.0,total_received
fd00::205:5:5:5,2041,2041000,2042000,1.0,total_received
fd00::205:5:5:5,2051,2051000,2052000,1.0,total_received
fd00::205:5:5:5,2064,2064000,2065000,2.0,total_received
fd00::205:5:5:5,2072,2072000,2073000,1.0,total_received
fd00::205:5:5:5,2083,2083000,2084000,1.0,total_received
fd00::205:5:5:5,2094,2094000,2095000,1.0,total_received
fd00::205:5:5:5,2104,2104000,2105000,1.0,total_received
fd00::205:5:5:5,2115,2115000,2116000,1.0,total_received
fd00::205:5:5:5,2126,2126000,2127000,1.0,total_received
fd00::205:5:5:5,2137,2137000,2138000,1.0,total_received
fd00::205:5:5:5,2148,2148000,2149000,1.0,total_received
fd00::205:5:5:5,2159,2159000,2160000,1.0,total_received
fd00::205:5:5:5,2169,2169000,2170000,1.0,total_received
fd00::205:5:5:5,2181,2181000,2182000,1.0,total_received
fd00::205:5:5:5,2194,2194000,2195000,1.0,total_received
fd00::205:5:5:5,2202,2202000,2203000,2.0,total_received
fd00::205:5:5:5,2212,2212000,2213000,1.0,total_received
fd00::205:5:5:5,2223,2223000,2224000,1.0,total_received
fd00::205:5:5:5,2234,2234000,2235000,1.0,total_received
fd00::205:5:5:5,2245,2245000,2246000,1.0,total_received
fd00::205:5:5:5,2256,2256000,2257000,1.0,total_received
fd00::205:5:5:5,2266,2266000,2267000,1.0,total_received
fd00::205:5:5:5,2277,2277000,2278000,1.0,total_received
fd00::205:5:5:5,2288,2288000,2289000,1.0,total_received
fd00::205:5:5:5,2299,2299000,2300000,1.0,total_received
fd00::205:5:5:5,2310,2310000,2311000,1.0,total_received
fd00::205:5:5:5,2321,2321000,2322000,1.0,total_received
fd00::205:5:5:5,2332,2332000,2333000,1.0,total_received
fd00::205:5:5:5,2342,2342000,2343000,1.0,total_received
fd00::205:5:5:5,2353,2353000,2354000,2.0,total_received
fd00::205:5:5:5,2363,2363000,2364000,1.0,total_received
fd00::205:5:5:5,2374,2374000,2375000,1.0,total_received
fd00::205:5:5:5,2385,2385000,2386000,1.0,total_received
fd00::205:5:5:5,2396,2396000,2397000,1.0,total_received
fd00::205:5:5:5,2407,2407000,2408000,1.0,total_received
fd00::205:5:5:5,2417,2417000,2418000,1.0,total_received
fd00::205:5:5:5,2428,2428000,2429000,1.0,total_received
fd00::205:5:5:5,2439,2439000,2440000,1.0,total_received
fd00::205:5:5:5,2451,2451000,2452000,1.0,total_received
fd00::205:5:5:5,2461,2461000,2462000,1.0,total_received
fd00::205:5:5:5,2472,2472000,2473000,2.0,total_received
fd00::205:5:5:5,2483,2483000,2484000,0.0,total_received
fd00::205:5:5:5,2493,2493000,2494000,2.0,total_received
fd00::205:5:5:5,2504,2504000,2505000,1.0,total_received
fd00::205:5:5:5,2515,2515000,2516000,1.0,total_received
fd00::205:5:5:5,2525,2525000,2526000,1.0,total_received
fd00::205:5:5:5,2536,2536000,2537000,1.0,total_received
fd00::205:5:5:5,2547,2547000,2548000,1.0,total_received
fd00::205:5:5:5,2558,2558000,2559000,1.0,total_received
fd00::205:5:5:5,2569,2569000,2570000,1.0,total_received
fd00::205:5:5:5,2579,2579000,2580000,1.0,total_received
fd00::205:5:5:5,2590,2590000,2591000,1.0,total_received
fd00::205:5:5:5,2602,2602000,2603000,1.0,total_received
fd00::205:5:5:5,2612,2612000,2613000,1.0,total_received
fd00::205:5:5:5,2623,2623000,2624000,2.0,total_received
fd00::205:5:5:5,2633,2633000,2634000,1.0,total_received
fd00::205:5:5:5,2646,2646000,2647000,1.0,total_received
fd00::205:5:5:5,2655,2655000,2656000,1.0,total_received
fd00::205:5:5:5,2666,2666000,2667000,1.0,total_received
fd00::205:5:5:5,2676,2676000,2677000,1.0,total_received
fd00::205:5:5:5,2687,2687000,2688000,1.0,total_received
fd00::205:5:5:5,2698,2698000,2699000,1.0,total_received
fd00::205:5:5:5,2709,2709000,2710000,1.0,total_received
fd00::205:5:5:5,2721,2721000,2722000,1.0,total_received
fd00::205:5:5:5,2734,2734000,2735000,1.0,total_received
fd00::205:5:5:5,2741,2741000,2742000,1.0,total_received
fd00::205:5:5:5,2753,2753000,2754000,2.0,total_received
fd00::205:5:5:5,2763,2763000,2764000,1.0,total_received
fd00::205:5:5:5,2774,2774000,2775000,1.0,total_received
fd00::205:5:5:5,2785,2785000,2786000,0.0,total_received
fd00::205:5:5:5,2795,2795000,2796000,2.0,total_received
fd00::205:5:5:5,2806,2806000,2807000,1.0,total_received
fd00::205:5:5:5,2817,2817000,2818000,1.0,total_received
fd00::205:5:5:5,2828,2828000,2829000,1.0,total_received
fd00::205:5:5:5,2838,2838000,2839000,1.0,total_received
fd00::205:5:5:5,2849,2849000,2850000,1.0,total_received
fd00::205:5:5:5,2865,2865000,2866000,1.0,total_received
fd00::205:5:5:5,2871,2871000,2872000,1.0,total_received
fd00::205:5:5:5,2881,2881000,2882000,2.0,total_received
fd00::205:5:5:5,2892,2892000,2893000,1.0,total_received
fd00::205:5:5:5,2903,2903000,2904000,1.0,total_received
fd00::205:5:5:5,2914,2914000,2915000,1.0,total_received
fd00::205:5:5:5,2925,2925000,2926000,1.0,total_received
fd00::205:5:5:5,2935,2935000,2936000,1.0,total_received
fd00::205:5:5:5,2946,2946000,2947000,1.0,total_received
fd00::205:5:5:5,2957,2957000,2958000,1.0,total_received
fd00::205:5:5:5,2968,2968000,2969000,1.0,total_received
fd00::205:5:5:5,2979,2979000,2980000,1.0,total_received
fd00::205:5:5:5,2989,2989000,2990000,1.0,total_received
fd00::205:5:5:5,3001,3001000,3002000,1.0,total_received
fd00::205:5:5:5,3014,3014000,3015000,2.0,total_received
fd00::205:5:5:5,3023,3023000,3024000,0.0,total_received
fd00::205:5:5:5,3033,3033000,3034000,2.0,total_received
fd00::205:5:5:5,3043,3043000,3044000,1.0,total_received
fd00::205:5:5:5,3054,3054000,3055000,1.0,total_received
fd00::205:5:5:5,3065,3065000,3066000,1.0,total_received
fd00::205:5:5:5,3076,3076000,3077000,1.0,total_received
fd00::205:5:5:5,3087,3087000,3088000,1.0,total_received
fd00::205:5:5:5,3097,3097000,3098000,1.0,total_received
fd00::205:5:5:5,3108,3108000,3109000,1.0,total_received
fd00::205:5:5:5,3119,3119000,3120000,1.0,total_received
fd00::205:5:5:5,3132,3132000,3133000,1.0,total_received
fd00::205:5:5:5,3141,3141000,3142000,1.0,total_received
fd00::205:5:5:5,3152,3152000,3153000,1.0,total_received
fd00::205:5:5:5,3162,3162000,3163000,2.0,total_received
fd00::205:5:5:5,3173,3173000,3174000,1.0,total_received
fd00::205:5:5:5,3184,3184000,3185000,1.0,total_received
fd00::205:5:5:5,3194,3194000,3195000,1.0,total_received
fd00::205:5:5:5,3205,3205000,3206000,1.0,total_received
fd00::205:5:5:5,3216,3216000,3217000,1.0,total_received
fd00::205:5:5:5,3227,3227000,3228000,1.0,total_received
fd00::205:5:5:5,3238,3238000,3239000,1.0,total_received
fd00::205:5:5:5,3248,3248000,3249000,1.0,total_received
fd00::205:5:5:5,3259,3259000,3260000,1.0,total_received
fd00::205:5:5:5,3271,3271000,3272000,1.0,total_received
fd00::205:5:5:5,3282,3282000,3283000,1.0,total_received
fd00::205:5:5:5,3294,3294000,3295000,1.0,total_received
fd00::205:5:5:5,3302,3302000,3303000,2.0,total_received
fd00::205:5:5:5,3313,3313000,3314000,1.0,total_received
fd00::205:5:5:5,3324,3324000,3325000,1.0,total_received
fd00::205:5:5:5,3335,3335000,3336000,1.0,total_received
fd00::205:5:5:5,3346,3346000,3347000,1.0,total_received
fd00::205:5:5:5,3356,3356000,3357000,1.0,total_received
fd00::205:5:5:5,3367,3367000,3368000,1.0,total_received
fd00::205:5:5:5,3378,3378000,3379000,1.0,total_received
fd00::205:5:5:5,3389,3389000,3390000,1.0,total_received
fd00::205:5:5:5,3399,3399000,3400000,1.0,total_received
fd00::205:5:5:5,3413,3413000,3414000,1.0,total_received
fd00::205:5:5:5,3421,3421000,3422000,1.0,total_received
fd00::205:5:5:5,3432,3432000,3433000,2.0,total_received
fd00::205:5:5:5,3443,3443000,3444000,1.0,total_received
fd00::205:5:5:5,3453,3453000,3454000,1.0,total_received
fd00::205:5:5:5,3465,3465000,3466000,1.0,total_received
fd00::205:5:5:5,3475,3475000,3476000,1.0,total_received
fd00::205:5:5:5,3486,3486000,3487000,1.0,total_received
fd00::205:5:5:5,3497,3497000,3498000,1.0,total_received
fd00::205:5:5:5,3507,3507000,3508000,1.0,total_received
fd00::205:5:5:5,3518,3518000,3519000,1.0,total_received
fd00::205:5:5:5,3529,3529000,3530000,1.0,total_received
fd00::205:5:5:5,3540,3540000,3541000,1.0,total_received
fd00::205:5:5:5,3551,3551000,3552000,1.0,total_received
fd00::205:5:5:5,3562,3562000,3563000,1.0,total_received
fd00::205:5:5:5,3572,3572000,3573000,2.0,total_received
fd00::205:5:5:5,3583,3583000,3584000,0.0,total_received
fd00::205:5:5:5,3594,3594000,3595000,2.0,total_received
