Random seed: 123456
Initializing simulation script
Time: 236000
[Mote:2] [INFO: Main      ] - Routing: RPL Lite
[Mote:2] [INFO: Main      ] - Net: sicslowpan
[Mote:2] [INFO: Main      ] - MAC: TSCH
[Mote:2] [INFO: Main      ] - 802.15.4 PANID: 0xabcd
[Mote:2] [INFO: Main      ] - 802.15.4 TSCH default hopping sequence length: 4
[Mote:2] [INFO: Main      ] Node ID: 2
[Mote:2] [INFO: Main      ] Link-layer address: 0002.0002.0002.0002
[Mote:2] [INFO: Main      ] Tentative link-local IPv6 address: fe80::202:2:2:2
[Mote:4] [INFO: Main      ] Starting Contiki-NG-develop/v5.0
[Mote:4] [INFO: Main      ] - Routing: RPL Lite
[Mote:4] [INFO: Main      ] - Net: sicslowpan
[Mote:4] [INFO: Main      ] - MAC: TSCH
[Mote:4] [INFO: Main      ] - 802.15.4 PANID: 0xabcd
[Mote:4] [INFO: Main      ] - 802.15.4 TSCH default hopping sequence length: 4
[Mote:4] [INFO: Main      ] Node ID: 4
[Mote:4] [INFO: Main      ] Link-layer address: 0004.0004.0004.0004
[Mote:4] [INFO: Main      ] Tentative link-local IPv6 address: fe80::204:4:4:4
[Mote:1] [INFO: Main      ] Starting Contiki-NG-develop/v5.0
[Mote:1] [INFO: Main      ] - Routing: RPL Lite
[Mote:1] [INFO: Main      ] - Net: sicslowpan
[Mote:1] [INFO: Main      ] - MAC: TSCH
[Mote:1] [INFO: Main      ] - 802.15.4 PANID: 0xabcd
[Mote:1] [INFO: Main      ] - 802.15.4 TSCH default hopping sequence length: 4
[Mote:1] [INFO: Main      ] Node ID: 1
[Mote:1] [INFO: Main      ] Link-layer address: 0001.0001.0001.0001
[Mote:1] [INFO: Main      ] Tentative link-local IPv6 address: fe80::201:1:1:1
[Mote:1] UDP Root process started
[Mote:5] [INFO: Main      ] Starting Contiki-NG-develop/v5.0
[Mote:5] [INFO: Main      ] - Routing: RPL Lite
[Mote:5] [INFO: Main      ] - Net: sicslowpan
[Mote:5] [INFO: Main      ] - MAC: TSCH
[Mote:5] [INFO: Main      ] - 802.15.4 PANID: 0xabcd
[Mote:5] [INFO: Main      ] - 802.15.4 TSCH default hopping sequence length: 4
[Mote:5] [INFO: Main      ] Node ID: 5
[Mote:5] [INFO: Main      ] Link-layer address: 0005.0005.0005.0005
[Mote:5] [INFO: Main      ] Tentative link-local IPv6 address: fe80::205:5:5:5
[Mote:3] [INFO: Main      ] Starting Contiki-NG-develop/v5.0
[Mote:3] [INFO: Main      ] - Routing: RPL Lite
[Mote:3] [INFO: Main      ] - Net: sicslowpan
[Mote:3] [INFO: Main      ] - MAC: TSCH
[Mote:3] [INFO: Main      ] - 802.15.4 PANID: 0xabcd
[Mote:3] [INFO: Main      ] - 802.15.4 TSCH default hopping sequence length: 4
[Mote:3] [INFO: Main      ] Node ID: 3
[Mote:3] [INFO: Main      ] Link-layer address: 0003.0003.0003.0003
[Mote:3] [INFO: Main      ] Tentative link-local IPv6 address: fe80::203:3:3:3
[Mote:2] Not reachable yet
[Mote:4] Not reachable yet
[Mote:3] Not reachable yet
[Mote:5] Not reachable yet
[Mote:2] Sensor IPv6 = fe80::202:2:2:2
[Mote:1] {"node":"fd00::202:2:2:2", "cpu_energy_mj":37, "lpm_energy_mj":0, "radio_tx_energy_mj":0, "radio_rx_energy_mj":23, "node_time":20901, "total_sent":1, "total_received":0, "bytes_tx":60, "bytes_rx":0, "r2n_latency":0, "lqi":0, "rssi":0, "server_sent":0, "server_received":1, "server_bytes_rx":60, "n2r_latency":29, "hops":0, "rtt_latency":0, "root_time_now":20930}
[Mote:3] Not reachable yet
[Mote:4] Sensor IPv6 = fe80::204:4:4:4
[Mote:1] {"node":"fd00::204:4:4:4", "cpu_energy_mj":38, "lpm_energy_mj":0, "radio_tx_energy_mj":0, "radio_rx_energy_mj":21, "node_time":21063, "total_sent":1, "total_received":0, "bytes_tx":60, "bytes_rx":0, "r2n_latency":0, "lqi":0, "rssi":0, "server_sent":0, "server_received":1, "server_bytes_rx":60, "n2r_latency":7, "hops":0, "rtt_latency":0, "root_time_now":21070}
[Mote:5] Not reachable yet
[Mote:3] Not reachable yet
[Mote:2] Sensor IPv6 = fe80::202:2:2:2
[Mote:1] {"node":"fd00::202:2:2:2", "cpu_energy_mj":18, "lpm_energy_mj":0, "radio_tx_energy_mj":0, "radio_rx_energy_mj":8, "node_time":31432, "total_sent":2, "total_received":1, "bytes_tx":60, "bytes_rx":12, "r2n_latency":44, "lqi":100, "rssi":-52, "server_sent":1, "server_received":3, "server_bytes_rx":60, "n2r_latency":68, "hops":0, "rtt_latency":162, "root_time_now":31500}
[Mote:4] Sensor IPv6 = fe80::204:4:4:4
[Mote:1] {"node":"fd00::204:4:4:4", "cpu_energy_mj":19, "lpm_energy_mj":0, "radio_tx_energy_mj":0, "radio_rx_energy_mj":8, "node_time":31619, "total_sent":2, "total_received":1, "bytes_tx":60, "bytes_rx":12, "r2n_latency":184, "lqi":100, "rssi":-74, "server_sent":1, "server_received":3, "server_bytes_rx":60, "n2r_latency":21, "hops":0, "rtt_latency":127, "root_time_now":31640}
[Mote:5] Not reachable yet
[Mote:3] Not reachable yet
[Mote:2] Sensor IPv6 = fe80::202:2:2:2
[Mote:1] {"node":"fd00::202:2:2:2", "cpu_energy_mj":18, "lpm_energy_mj":0, "radio_tx_energy_mj":0, "radio_rx_energy_mj":8, "node_time":41963, "total_sent":3, "total_received":2, "bytes_tx":60, "bytes_rx":12, "r2n_latency":54, "lqi":100, "rssi":-52, "server_sent":2, "server_received":5, "server_bytes_rx":60, "n2r_latency":37, "hops":0, "rtt_latency":97, "root_time_now":42000}
[Mote:4] Sensor IPv6 = fe80::204:4:4:4
[Mote:1] {"node":"fd00::204:4:4:4", "cpu_energy_mj":19, "lpm_energy_mj":0, "radio_tx_energy_mj":0, "radio_rx_energy_mj":8, "node_time":42175, "total_sent":3, "total_received":2, "bytes_tx":60, "bytes_rx":12, "r2n_latency":264, "lqi":100, "rssi":-74, "server_sent":2, "server_received":5, "server_bytes_rx":60, "n2r_latency":35, "hops":0, "rtt_latency":167, "root_time_now":42210}
[Mote:5] Not reachable yet
[Mote:3] Not reachable yet
[Mote:2] Sensor IPv6 = fe80::202:2:2:2
[Mote:1] {"node":"fd00::202:2:2:2", "cpu_energy_mj":18, "lpm_energy_mj":0, "radio_tx_energy_mj":0, "radio_rx_energy_mj":8, "node_time":52494, "total_sent":4, "total_received":3, "bytes_tx":60, "bytes_rx":12, "r2n_latency":64, "lqi":100, "rssi":-52, "server_sent":3, "server_received":7, "server_bytes_rx":60, "n2r_latency":6, "hops":0, "rtt_latency":172, "root_time_now":52500}
[Mote:4] Sensor IPv6 = fe80::204:4:4:4
[Mote:1] {"node":"fd00::204:4:4:4", "cpu_energy_mj":19, "lpm_energy_mj":0, "radio_tx_energy_mj":0, "radio_rx_energy_mj":8, "node_time":52731, "total_sent":4, "total_received":3, "bytes_tx":60, "bytes_rx":12, "r2n_latency":414, "lqi":100, "rssi":-74, "server_sent":3, "server_received":7, "server_bytes_rx":60, "n2r_latency":49, "hops":0, "rtt_latency":242, "root_time_now":52780}
[Mote:5] Not reachable yet
[Mote:3] Not reachable yet
[Mote:2] Sensor IPv6 = fe80::202:2:2:2
[Mote:1] {"node":"fd00::202:2:2:2", "cpu_energy_mj":18, "lpm_energy_mj":0, "radio_tx_energy_mj":0, "radio_rx_energy_mj":8, "node_time":63025, "total_sent":5, "total_received":4, "bytes_tx":60, "bytes_rx":12, "r2n_latency":74, "lqi":100, "rssi":-52, "server_sent":4, "server_received":9, "server_bytes_rx":60, "n2r_latency":45, "hops":0, "rtt_latency":492, "root_time_now":63070}
[Mote:4] Sensor IPv6 = fe80::204:4:4:4
[Mote:1] {"node":"fd00::204:4:4:4", "cpu_energy_mj":19, "lpm_energy_mj":0, "radio_tx_energy_mj":0, "radio_rx_energy_mj":8, "node_time":63287, "total_sent":5, "total_received":4, "bytes_tx":60, "bytes_rx":12, "r2n_latency":564, "lqi":100, "rssi":-74, "server_sent":4, "server_received":9, "server_bytes_rx":60, "n2r_latency":63, "hops":0, "rtt_latency":387, "root_time_now":63350}
[Mote:5] Not reachable yet
[Mote:3] Not reachable yet
[Mote:2] Sensor IPv6 = fe80::202:2:2:2
[Mote:1] {"node":"fd00::202:2:2:2", "cpu_energy_mj":18, "lpm_energy_mj":0, "radio_tx_energy_mj":0, "radio_rx_energy_mj":8, "node_time":73558, "total_sent":6, "total_received":5, "bytes_tx":60, "bytes_rx":12, "r2n_latency":14, "lqi":100, "rssi":-52, "server_sent":5, "server_received":11, "server_bytes_rx":60, "n2r_latency":12, "hops":0, "rtt_latency":147, "root_time_now":73570}
[Mote:4] Sensor IPv6 = fe80::204:4:4:4
[Mote:1] {"node":"fd00::204:4:4:4", "cpu_energy_mj":19, "lpm_energy_mj":0, "radio_tx_energy_mj":0, "radio_rx_energy_mj":8, "node_time":73845, "total_sent":6, "total_received":5, "bytes_tx":60, "bytes_rx":12, "r2n_latency":714, "lqi":100, "rssi":-74, "server_sent":5, "server_received":11, "server_bytes_rx":60, "n2r_latency":75, "hops":0, "rtt_latency":392, "root_time_now":73920}
[Mote:5] Not reachable yet
[Mote:3] Not reachable yet
[Mote:2] Sensor IPv6 = fe80::202:2:2:2
[Mote:1] {"node":"fd00::202:2:2:2", "cpu_energy_mj":18, "lpm_energy_mj":0, "radio_tx_energy_mj":0, "radio_rx_energy_mj":8, "node_time":84087, "total_sent":7, "total_received":6, "bytes_tx":60, "bytes_rx":12, "r2n_latency":304, "lqi":100, "rssi":-52, "server_sent":6, "server_received":13, "server_bytes_rx":60, "n2r_latency":53, "hops":0, "rtt_latency":187, "root_time_now":84140}
[Mote:4] Sensor IPv6 = fe80::204:4:4:4
[Mote:1] {"node":"fd00::204:4:4:4", "cpu_energy_mj":19, "lpm_energy_mj":0, "radio_tx_energy_mj":0, "radio_rx_energy_mj":8, "node_time":84399, "total_sent":7, "total_received":6, "bytes_tx":60, "bytes_rx":12, "r2n_latency":94, "lqi":100, "rssi":-74, "server_sent":6, "server_received":13, "server_bytes_rx":60, "n2r_latency":21, "hops":0, "rtt_latency":82, "root_time_now":84420}
[Mote:5] Not reachable yet
[Mote:3] Not reachable yet
[Mote:2] Sensor IPv6 = fe80::202:2:2:2
[Mote:1] {"node":"fd00::202:2:2:2", "cpu_energy_mj":18, "lpm_energy_mj":0, "radio_tx_energy_mj":0, "radio_rx_energy_mj":8, "node_time":94618, "total_sent":8, "total_received":7, "bytes_tx":60, "bytes_rx":12, "r2n_latency":34, "lqi":100, "rssi":-52, "server_sent":7, "server_received":15, "server_bytes_rx":60, "n2r_latency":22, "hops":0, "rtt_latency":437, "root_time_now":94640}
[Mote:4] Sensor IPv6 = fe80::204:4:4:4
[Mote:1] {"node":"fd00::204:4:4:4", "cpu_energy_mj":19, "lpm_energy_mj":0, "radio_tx_energy_mj":0, "radio_rx_energy_mj":8, "node_time":94955, "total_sent":8, "total_received":7, "bytes_tx":60, "bytes_rx":12, "r2n_latency":244, "lqi":100, "rssi":-74, "server_sent":7, "server_received":15, "server_bytes_rx":60, "n2r_latency":35, "hops":0, "rtt_latency":262, "root_time_now":94990}
[Mote:5] Not reachable yet
[Mote:3] Not reachable yet
[Mote:2] Sensor IPv6 = fe80::202:2:2:2
[Mote:1] {"node":"fd00::202:2:2:2", "cpu_energy_mj":18, "lpm_energy_mj":0, "radio_tx_energy_mj":0, "radio_rx_energy_mj":8, "node_time":105149, "total_sent":9, "total_received":8, "bytes_tx":60, "bytes_rx":12, "r2n_latency":44, "lqi":100, "rssi":-52, "server_sent":8, "server_received":17, "server_bytes_rx":60, "n2r_latency":61, "hops":0, "rtt_latency":232, "root_time_now":105210}
[Mote:4] Sensor IPv6 = fe80::204:4:4:4
[Mote:1] {"node":"fd00::204:4:4:4", "cpu_energy_mj":19, "lpm_energy_mj":0, "radio_tx_energy_mj":0, "radio_rx_energy_mj":8, "node_time":105511, "total_sent":9, "total_received":8, "bytes_tx":60, "bytes_rx":12, "r2n_latency":604, "lqi":100, "rssi":-74, "server_sent":8, "server_received":17, "server_bytes_rx":60, "n2r_latency":49, "hops":0, "rtt_latency":337, "root_time_now":105560}
[Mote:5] Not reachable yet
[Mote:3] Sensor IPv6 = fe80::203:3:3:3
[Mote:1] {"node":"fd00::203:3:3:3", "cpu_energy_mj":203, "lpm_energy_mj":0, "radio_tx_energy_mj":0, "radio_rx_energy_mj":1621, "node_time":113408, "total_sent":1, "total_received":0, "bytes_tx":60, "bytes_rx":0, "r2n_latency":0, "lqi":0, "rssi":0, "server_sent":0, "server_received":1, "server_bytes_rx":60, "n2r_latency":132, "hops":1, "rtt_latency":0, "root_time_now":113540}
[Mote:2] Sensor IPv6 = fe80::202:2:2:2
[Mote:1] {"node":"fd00::202:2:2:2", "cpu_energy_mj":18, "lpm_energy_mj":0, "radio_tx_energy_mj":0, "radio_rx_energy_mj":8, "node_time":115682, "total_sent":10, "total_received":9, "bytes_tx":60, "bytes_rx":12, "r2n_latency":54, "lqi":100, "rssi":-52, "server_sent":9, "server_received":19, "server_bytes_rx":60, "n2r_latency":28, "hops":0, "rtt_latency":307, "root_time_now":115710}
[Mote:4] Sensor IPv6 = fe80::204:4:4:4
[Mote:1] {"node":"fd00::204:4:4:4", "cpu_energy_mj":19, "lpm_energy_mj":0, "radio_tx_energy_mj":0, "radio_rx_energy_mj":8, "node_time":116065, "total_sent":10, "total_received":9, "bytes_tx":60, "bytes_rx":12, "r2n_latency":334, "lqi":100, "rssi":-74, "server_sent":9, "server_received":19, "server_bytes_rx":60, "n2r_latency":65, "hops":0, "rtt_latency":237, "root_time_now":116130}
[Mote:5] Not reachable yet
[Mote:3] Sensor IPv6 = fe80::203:3:3:3
[Mote:1] {"node":"fd00::203:3:3:3", "cpu_energy_mj":18, "lpm_energy_mj":0, "radio_tx_energy_mj":0, "radio_rx_energy_mj":8, "node_time":123670, "total_sent":2, "total_received":1, "bytes_tx":60, "bytes_rx":12, "r2n_latency":694, "lqi":100, "rssi":-85, "server_sent":1, "server_received":3, "server_bytes_rx":60, "n2r_latency":90, "hops":1, "rtt_latency":522, "root_time_now":123760}
[Mote:2] Sensor IPv6 = fe80::202:2:2:2
[Mote:1] {"node":"fd00::202:2:2:2", "cpu_energy_mj":18, "lpm_energy_mj":0, "radio_tx_energy_mj":0, "radio_rx_energy_mj":8, "node_time":126213, "total_sent":11, "total_received":10, "bytes_tx":60, "bytes_rx":12, "r2n_latency":64, "lqi":100, "rssi":-52, "server_sent":10, "server_received":21, "server_bytes_rx":60, "n2r_latency":67, "hops":0, "rtt_latency":137, "root_time_now":126280}
[Mote:4] Sensor IPv6 = fe80::204:4:4:4
[Mote:1] {"node":"fd00::204:4:4:4", "cpu_energy_mj":19, "lpm_energy_mj":0, "radio_tx_energy_mj":0, "radio_rx_energy_mj":8, "node_time":126625, "total_sent":11, "total_received":10, "bytes_tx":60, "bytes_rx":12, "r2n_latency":344, "lqi":100, "rssi":-74, "server_sent":10, "server_received":21, "server_bytes_rx":60, "n2r_latency":5, "hops":0, "rtt_latency":277, "root_time_now":126630}
[Mote:5] Not reachable yet
[Mote:3] Sensor IPv6 = fe80::203:3:3:3
[Mote:1] {"node":"fd00::203:3:3:3", "cpu_energy_mj":18, "lpm_energy_mj":0, "radio_tx_energy_mj":0, "radio_rx_energy_mj":8, "node_time":133934, "total_sent":3, "total_received":2, "bytes_tx":60, "bytes_rx":12, "r2n_latency":1194, "lqi":100, "rssi":-85, "server_sent":2, "server_received":5, "server_bytes_rx":60, "n2r_latency":116, "hops":1, "rtt_latency":667, "root_time_now":134050}
[Mote:2] Sensor IPv6 = fe80::202:2:2:2
[Mote:1] {"node":"fd00::202:2:2:2", "cpu_energy_mj":18, "lpm_energy_mj":0, "radio_tx_energy_mj":0, "radio_rx_energy_mj":8, "node_time":136742, "total_sent":12, "total_received":11, "bytes_tx":60, "bytes_rx":12, "r2n_latency":74, "lqi":100, "rssi":-52, "server_sent":11, "server_received":23, "server_bytes_rx":60, "n2r_latency":38, "hops":0, "rtt_latency":1402, "root_time_now":136780}
[Mote:4] Sensor IPv6 = fe80::204:4:4:4
[Mote:1] {"node":"fd00::204:4:4:4", "cpu_energy_mj":19, "lpm_energy_mj":0, "radio_tx_energy_mj":0, "radio_rx_energy_mj":8, "node_time":137177, "total_sent":12, "total_received":11, "bytes_tx":60, "bytes_rx":12, "r2n_latency":354, "lqi":100, "rssi":-74, "server_sent":11, "server_received":23, "server_bytes_rx":60, "n2r_latency":23, "hops":0, "rtt_latency":282, "root_time_now":137200}
[Mote:5] Sensor IPv6 = fe80::205:5:5:5
[Mote:1] {"node":"fd00::205:5:5:5", "cpu_energy_mj":252, "lpm_energy_mj":0, "radio_tx_energy_mj":0, "radio_rx_energy_mj":2210, "node_time":140614, "total_sent":1, "total_received":0, "bytes_tx":60, "bytes_rx":0, "r2n_latency":0, "lqi":0, "rssi":0, "server_sent":0, "server_received":1, "server_bytes_rx":60, "n2r_latency":226, "hops":2, "rtt_latency":0, "root_time_now":140840}
[Mote:3] Sensor IPv6 = fe80::203:3:3:3
[Mote:1] {"node":"fd00::203:3:3:3", "cpu_energy_mj":18, "lpm_energy_mj":0, "radio_tx_energy_mj":0, "radio_rx_energy_mj":8, "node_time":144199, "total_sent":4, "total_received":3, "bytes_tx":60, "bytes_rx":12, "r2n_latency":924, "lqi":100, "rssi":-85, "server_sent":3, "server_received":7, "server_bytes_rx":60, "n2r_latency":141, "hops":1, "rtt_latency":532, "root_time_now":144340}
[Mote:2] Sensor IPv6 = fe80::202:2:2:2
[Mote:1] {"node":"fd00::202:2:2:2", "cpu_energy_mj":18, "lpm_energy_mj":0, "radio_tx_energy_mj":0, "radio_rx_energy_mj":8, "node_time":147273, "total_sent":13, "total_received":12, "bytes_tx":60, "bytes_rx":12, "r2n_latency":14, "lqi":100, "rssi":-52, "server_sent":12, "server_received":25, "server_bytes_rx":60, "n2r_latency":7, "hops":0, "rtt_latency":147, "root_time_now":147280}
[Mote:4] Sensor IPv6 = fe80::204:4:4:4
[Mote:1] {"node":"fd00::204:4:4:4", "cpu_energy_mj":19, "lpm_energy_mj":0, "radio_tx_energy_mj":0, "radio_rx_energy_mj":8, "node_time":147733, "total_sent":13, "total_received":12, "bytes_tx":60, "bytes_rx":12, "r2n_latency":154, "lqi":100, "rssi":-74, "server_sent":12, "server_received":25, "server_bytes_rx":60, "n2r_latency":37, "hops":0, "rtt_latency":252, "root_time_now":147770}
[Mote:5] Sensor IPv6 = fe80::205:5:5:5
[Mote:1] {"node":"fd00::205:5:5:5", "cpu_energy_mj":19, "lpm_energy_mj":0, "radio_tx_energy_mj":0, "radio_rx_energy_mj":8, "node_time":151405, "total_sent":2, "total_received":1, "bytes_tx":60, "bytes_rx":12, "r2n_latency":1354, "lqi":100, "rssi":-30, "server_sent":1, "server_received":3, "server_bytes_rx":60, "n2r_latency":495, "hops":2, "rtt_latency":852, "root_time_now":151900}
[Mote:3] Sensor IPv6 = fe80::203:3:3:3
[Mote:1] {"node":"fd00::203:3:3:3", "cpu_energy_mj":18, "lpm_energy_mj":0, "radio_tx_energy_mj":0, "radio_rx_energy_mj":8, "node_time":154464, "total_sent":5, "total_received":4, "bytes_tx":60, "bytes_rx":12, "r2n_latency":724, "lqi":100, "rssi":-85, "server_sent":4, "server_received":9, "server_bytes_rx":60, "n2r_latency":96, "hops":1, "rtt_latency":817, "root_time_now":154560}
[Mote:2] Sensor IPv6 = fe80::202:2:2:2
[Mote:1] {"node":"fd00::202:2:2:2", "cpu_energy_mj":18, "lpm_energy_mj":0, "radio_tx_energy_mj":0, "radio_rx_energy_mj":8, "node_time":157806, "total_sent":14, "total_received":13, "bytes_tx":60, "bytes_rx":12, "r2n_latency":24, "lqi":100, "rssi":-52, "server_sent":13, "server_received":27, "server_bytes_rx":60, "n2r_latency":44, "hops":0, "rtt_latency":187, "root_time_now":157850}
[Mote:4] Sensor IPv6 = fe80::204:4:4:4
[Mote:1] {"node":"fd00::204:4:4:4", "cpu_energy_mj":19, "lpm_energy_mj":0, "radio_tx_energy_mj":0, "radio_rx_energy_mj":8, "node_time":158289, "total_sent":14, "total_received":13, "bytes_tx":60, "bytes_rx":12, "r2n_latency":164, "lqi":100, "rssi":-74, "server_sent":13, "server_received":27, "server_bytes_rx":60, "n2r_latency":51, "hops":0, "rtt_latency":152, "root_time_now":158340}
[Mote:5] Sensor IPv6 = fe80::205:5:5:5
[Mote:1] {"node":"fd00::205:5:5:5", "cpu_energy_mj":19, "lpm_energy_mj":0, "radio_tx_energy_mj":0, "radio_rx_energy_mj":8, "node_time":162198, "total_sent":3, "total_received":1, "bytes_tx":60, "bytes_rx":12, "r2n_latency":1354, "lqi":100, "rssi":-30, "server_sent":2, "server_received":4, "server_bytes_rx":60, "n2r_latency":552, "hops":2, "rtt_latency":852, "root_time_now":162750}
[Mote:3] Sensor IPv6 = fe80::203:3:3:3
[Mote:1] {"node":"fd00::203:3:3:3", "cpu_energy_mj":18, "lpm_energy_mj":0, "radio_tx_energy_mj":0, "radio_rx_energy_mj":8, "node_time":164726, "total_sent":6, "total_received":5, "bytes_tx":60, "bytes_rx":12, "r2n_latency":1224, "lqi":100, "rssi":-85, "server_sent":5, "server_received":11, "server_bytes_rx":60, "n2r_latency":124, "hops":1, "rtt_latency":822, "root_time_now":164850}
[Mote:2] Sensor IPv6 = fe80::202:2:2:2
[Mote:1] {"node":"fd00::202:2:2:2", "cpu_energy_mj":18, "lpm_energy_mj":0, "radio_tx_energy_mj":0, "radio_rx_energy_mj":8, "node_time":168337, "total_sent":15, "total_received":14, "bytes_tx":60, "bytes_rx":12, "r2n_latency":34, "lqi":100, "rssi":-52, "server_sent":14, "server_received":29, "server_bytes_rx":60, "n2r_latency":13, "hops":0, "rtt_latency":87, "root_time_now":168350}
[Mote:4] Sensor IPv6 = fe80::204:4:4:4
[Mote:1] {"node":"fd00::204:4:4:4", "cpu_energy_mj":19, "lpm_energy_mj":0, "radio_tx_energy_mj":0, "radio_rx_energy_mj":8, "node_time":168849, "total_sent":15, "total_received":14, "bytes_tx":60, "bytes_rx":12, "r2n_latency":244, "lqi":100, "rssi":-74, "server_sent":14, "server_received":29, "server_bytes_rx":60, "n2r_latency":61, "hops":0, "rtt_latency":787, "root_time_now":168910}
[Mote:5] Sensor IPv6 = fe80::205:5:5:5
[Mote:1] {"node":"fd00::205:5:5:5", "cpu_energy_mj":19, "lpm_energy_mj":0, "radio_tx_energy_mj":0, "radio_rx_energy_mj":8, "node_time":172990, "total_sent":4, "total_received":3, "bytes_tx":60, "bytes_rx":12, "r2n_latency":1724, "lqi":100, "rssi":-30, "server_sent":3, "server_received":7, "server_bytes_rx":60, "n2r_latency":190, "hops":2, "rtt_latency":967, "root_time_now":173180}
[Mote:3] Sensor IPv6 = fe80::203:3:3:3
[Mote:1] {"node":"fd00::203:3:3:3", "cpu_energy_mj":18, "lpm_energy_mj":0, "radio_tx_energy_mj":0, "radio_rx_energy_mj":8, "node_time":174988, "total_sent":7, "total_received":6, "bytes_tx":60, "bytes_rx":12, "r2n_latency":1374, "lqi":100, "rssi":-85, "server_sent":6, "server_received":13, "server_bytes_rx":60, "n2r_latency":82, "hops":1, "rtt_latency":757, "root_time_now":175070}
[Mote:2] Sensor IPv6 = fe80::202:2:2:2
[Mote:1] {"node":"fd00::202:2:2:2", "cpu_energy_mj":18, "lpm_energy_mj":0, "radio_tx_energy_mj":0, "radio_rx_energy_mj":8, "node_time":178866, "total_sent":16, "total_received":15, "bytes_tx":60, "bytes_rx":12, "r2n_latency":44, "lqi":100, "rssi":-52, "server_sent":15, "server_received":31, "server_bytes_rx":60, "n2r_latency":54, "hops":0, "rtt_latency":197, "root_time_now":178920}
[Mote:4] Sensor IPv6 = fe80::204:4:4:4
[Mote:1] {"node":"fd00::204:4:4:4", "cpu_energy_mj":19, "lpm_energy_mj":0, "radio_tx_energy_mj":0, "radio_rx_energy_mj":8, "node_time":179401, "total_sent":16, "total_received":15, "bytes_tx":60, "bytes_rx":12, "r2n_latency":814, "lqi":100, "rssi":-74, "server_sent":15, "server_received":31, "server_bytes_rx":60, "n2r_latency":9, "hops":0, "rtt_latency":582, "root_time_now":179410}
[Mote:5] Sensor IPv6 = fe80::205:5:5:5
[Mote:1] {"node":"fd00::205:5:5:5", "cpu_energy_mj":19, "lpm_energy_mj":0, "radio_tx_energy_mj":0, "radio_rx_energy_mj":8, "node_time":183782, "total_sent":5, "total_received":4, "bytes_tx":60, "bytes_rx":12, "r2n_latency":1874, "lqi":100, "rssi":-30, "server_sent":4, "server_received":9, "server_bytes_rx":60, "n2r_latency":178, "hops":2, "rtt_latency":1147, "root_time_now":183960}
[Mote:3] Sensor IPv6 = fe80::203:3:3:3
[Mote:1] {"node":"fd00::203:3:3:3", "cpu_energy_mj":18, "lpm_energy_mj":0, "radio_tx_energy_mj":0, "radio_rx_energy_mj":8, "node_time":185252, "total_sent":8, "total_received":7, "bytes_tx":60, "bytes_rx":12, "r2n_latency":1244, "lqi":100, "rssi":-85, "server_sent":7, "server_received":15, "server_bytes_rx":60, "n2r_latency":108, "hops":1, "rtt_latency":1112, "root_time_now":185360}
[Mote:2] Sensor IPv6 = fe80::202:2:2:2
[Mote:1] {"node":"fd00::202:2:2:2", "cpu_energy_mj":18, "lpm_energy_mj":0, "radio_tx_energy_mj":0, "radio_rx_energy_mj":8, "node_time":189397, "total_sent":17, "total_received":16, "bytes_tx":60, "bytes_rx":12, "r2n_latency":54, "lqi":100, "rssi":-52, "server_sent":16, "server_received":33, "server_bytes_rx":60, "n2r_latency":23, "hops":0, "rtt_latency":272, "root_time_now":189420}
[Mote:4] Sensor IPv6 = fe80::204:4:4:4
[Mote:1] {"node":"fd00::204:4:4:4", "cpu_energy_mj":19, "lpm_energy_mj":0, "radio_tx_energy_mj":0, "radio_rx_energy_mj":8, "node_time":189957, "total_sent":17, "total_received":16, "bytes_tx":60, "bytes_rx":12, "r2n_latency":894, "lqi":100, "rssi":-74, "server_sent":16, "server_received":33, "server_bytes_rx":60, "n2r_latency":23, "hops":0, "rtt_latency":1077, "root_time_now":189980}
[Mote:5] Sensor IPv6 = fe80::205:5:5:5
[Mote:1] {"node":"fd00::205:5:5:5", "cpu_energy_mj":19, "lpm_energy_mj":0, "radio_tx_energy_mj":0, "radio_rx_energy_mj":8, "node_time":194574, "total_sent":6, "total_received":5, "bytes_tx":60, "bytes_rx":12, "r2n_latency":1396, "lqi":100, "rssi":-30, "server_sent":5, "server_received":11, "server_bytes_rx":60, "n2r_latency":166, "hops":2, "rtt_latency":803, "root_time_now":194740}
[Mote:3] Sensor IPv6 = fe80::203:3:3:3
[Mote:1] {"node":"fd00::203:3:3:3", "cpu_energy_mj":18, "lpm_energy_mj":0, "radio_tx_energy_mj":0, "radio_rx_energy_mj":8, "node_time":195516, "total_sent":9, "total_received":8, "bytes_tx":60, "bytes_rx":12, "r2n_latency":976, "lqi":100, "rssi":-85, "server_sent":8, "server_received":17, "server_bytes_rx":60, "n2r_latency":134, "hops":1, "rtt_latency":663, "root_time_now":195650}
[Mote:2] Sensor IPv6 = fe80::202:2:2:2
[Mote:1] {"node":"fd00::202:2:2:2", "cpu_energy_mj":18, "lpm_energy_mj":0, "radio_tx_energy_mj":0, "radio_rx_energy_mj":8, "node_time":199930, "total_sent":18, "total_received":17, "bytes_tx":60, "bytes_rx":12, "r2n_latency":66, "lqi":100, "rssi":-52, "server_sent":18, "server_received":35, "server_bytes_rx":60, "n2r_latency":64, "hops":0, "rtt_latency":978, "root_time_now":199994}
[Mote:4] Sensor IPv6 = fe80::204:4:4:4
[Mote:1] {"node":"fd00::204:4:4:4", "cpu_energy_mj":19, "lpm_energy_mj":0, "radio_tx_energy_mj":0, "radio_rx_energy_mj":8, "node_time":200515, "total_sent":18, "total_received":18, "bytes_tx":60, "bytes_rx":12, "r2n_latency":424, "lqi":100, "rssi":-74, "server_sent":18, "server_received":36, "server_bytes_rx":60, "n2r_latency":385, "hops":0, "rtt_latency":282, "root_time_now":200900}
[Mote:5] Sensor IPv6 = fe80::205:5:5:5
[Mote:1] {"node":"fd00::205:5:5:5", "cpu_energy_mj":19, "lpm_energy_mj":0, "radio_tx_energy_mj":0, "radio_rx_energy_mj":9, "node_time":205366, "total_sent":7, "total_received":6, "bytes_tx":60, "bytes_rx":12, "r2n_latency":1824, "lqi":100, "rssi":-30, "server_sent":6, "server_received":13, "server_bytes_rx":60, "n2r_latency":154, "hops":2, "rtt_latency":1017, "root_time_now":205520}
[Mote:3] Sensor IPv6 = fe80::203:3:3:3
[Mote:1] {"node":"fd00::203:3:3:3", "cpu_energy_mj":18, "lpm_energy_mj":0, "radio_tx_energy_mj":0, "radio_rx_energy_mj":8, "node_time":205780, "total_sent":10, "total_received":9, "bytes_tx":60, "bytes_rx":12, "r2n_latency":1474, "lqi":100, "rssi":-85, "server_sent":9, "server_received":19, "server_bytes_rx":60, "n2r_latency":90, "hops":1, "rtt_latency":842, "root_time_now":205870}
[Mote:2] Sensor IPv6 = fe80::202:2:2:2
[Mote:4] Sensor IPv6 = fe80::204:4:4:4
[Mote:1] {"node":"fd00::204:4:4:4", "cpu_energy_mj":19, "lpm_energy_mj":0, "radio_tx_energy_mj":0, "radio_rx_energy_mj":8, "node_time":211071, "total_sent":19, "total_received":19, "bytes_tx":60, "bytes_rx":12, "r2n_latency":294, "lqi":100, "rssi":-74, "server_sent":19, "server_received":38, "server_bytes_rx":60, "n2r_latency":959, "hops":0, "rtt_latency":987, "root_time_now":212030}
[Mote:1] {"node":"fd00::202:2:2:2", "cpu_energy_mj":18, "lpm_energy_mj":0, "radio_tx_energy_mj":0, "radio_rx_energy_mj":8, "node_time":210459, "total_sent":19, "total_received":19, "bytes_tx":60, "bytes_rx":12, "r2n_latency":14, "lqi":100, "rssi":-52, "server_sent":19, "server_received":38, "server_bytes_rx":60, "n2r_latency":2761, "hops":0, "rtt_latency":1582, "root_time_now":213220}
[Mote:3] Sensor IPv6 = fe80::203:3:3:3
[Mote:5] Sensor IPv6 = fe80::205:5:5:5
[Mote:1] {"node":"fd00::203:3:3:3", "cpu_energy_mj":18, "lpm_energy_mj":0, "radio_tx_energy_mj":0, "radio_rx_energy_mj":8, "node_time":216046, "total_sent":11, "total_received":10, "bytes_tx":60, "bytes_rx":12, "r2n_latency":714, "lqi":100, "rssi":-85, "server_sent":10, "server_received":21, "server_bytes_rx":60, "n2r_latency":114, "hops":1, "rtt_latency":1302, "root_time_now":216160}
[Mote:1] {"node":"fd00::205:5:5:5", "cpu_energy_mj":19, "lpm_energy_mj":0, "radio_tx_energy_mj":0, "radio_rx_energy_mj":8, "node_time":216159, "total_sent":8, "total_received":7, "bytes_tx":60, "bytes_rx":12, "r2n_latency":1414, "lqi":100, "rssi":-30, "server_sent":7, "server_received":15, "server_bytes_rx":60, "n2r_latency":211, "hops":2, "rtt_latency":1337, "root_time_now":216370}
[Mote:2] Sensor IPv6 = fe80::202:2:2:2
[Mote:1] {"node":"fd00::202:2:2:2", "cpu_energy_mj":18, "lpm_energy_mj":0, "radio_tx_energy_mj":0, "radio_rx_energy_mj":8, "node_time":220990, "total_sent":20, "total_received":20, "bytes_tx":60, "bytes_rx":12, "r2n_latency":24, "lqi":100, "rssi":-52, "server_sent":20, "server_received":40, "server_bytes_rx":60, "n2r_latency":140, "hops":0, "rtt_latency":82, "root_time_now":221130}
[Mote:4] Sensor IPv6 = fe80::204:4:4:4
[Mote:1] {"node":"fd00::204:4:4:4", "cpu_energy_mj":19, "lpm_energy_mj":0, "radio_tx_energy_mj":0, "radio_rx_energy_mj":8, "node_time":221627, "total_sent":20, "total_received":20, "bytes_tx":60, "bytes_rx":12, "r2n_latency":304, "lqi":100, "rssi":-74, "server_sent":20, "server_received":40, "server_bytes_rx":60, "n2r_latency":413, "hops":0, "rtt_latency":922, "root_time_now":222040}
[Mote:3] Sensor IPv6 = fe80::203:3:3:3
[Mote:5] Sensor IPv6 = fe80::205:5:5:5
[Mote:1] {"node":"fd00::203:3:3:3", "cpu_energy_mj":18, "lpm_energy_mj":0, "radio_tx_energy_mj":0, "radio_rx_energy_mj":8, "node_time":226312, "total_sent":12, "total_received":11, "bytes_tx":60, "bytes_rx":12, "r2n_latency":934, "lqi":100, "rssi":-85, "server_sent":11, "server_received":23, "server_bytes_rx":60, "n2r_latency":1818, "hops":1, "rtt_latency":957, "root_time_now":228130}
[Mote:1] {"node":"fd00::205:5:5:5", "cpu_energy_mj":19, "lpm_energy_mj":0, "radio_tx_energy_mj":0, "radio_rx_energy_mj":8, "node_time":226950, "total_sent":9, "total_received":8, "bytes_tx":60, "bytes_rx":12, "r2n_latency":1354, "lqi":100, "rssi":-30, "server_sent":8, "server_received":17, "server_bytes_rx":60, "n2r_latency":1250, "hops":2, "rtt_latency":992, "root_time_now":228200}
[Mote:2] Sensor IPv6 = fe80::202:2:2:2
[Mote:1] {"node":"fd00::202:2:2:2", "cpu_energy_mj":18, "lpm_energy_mj":0, "radio_tx_energy_mj":0, "radio_rx_energy_mj":8, "node_time":231521, "total_sent":21, "total_received":21, "bytes_tx":60, "bytes_rx":12, "r2n_latency":34, "lqi":100, "rssi":-52, "server_sent":21, "server_received":42, "server_bytes_rx":60, "n2r_latency":39, "hops":0, "rtt_latency":367, "root_time_now":231560}
[Mote:4] Sensor IPv6 = fe80::204:4:4:4
[Mote:1] {"node":"fd00::204:4:4:4", "cpu_energy_mj":19, "lpm_energy_mj":0, "radio_tx_energy_mj":0, "radio_rx_energy_mj":8, "node_time":232183, "total_sent":21, "total_received":21, "bytes_tx":60, "bytes_rx":12, "r2n_latency":524, "lqi":100, "rssi":-74, "server_sent":21, "server_received":42, "server_bytes_rx":60, "n2r_latency":7, "hops":0, "rtt_latency":402, "root_time_now":232190}
[Mote:3] Sensor IPv6 = fe80::203:3:3:3
[Mote:1] {"node":"fd00::203:3:3:3", "cpu_energy_mj":18, "lpm_energy_mj":0, "radio_tx_energy_mj":0, "radio_rx_energy_mj":8, "node_time":236574, "total_sent":13, "total_received":12, "bytes_tx":60, "bytes_rx":12, "r2n_latency":1154, "lqi":100, "rssi":-85, "server_sent":12, "server_received":25, "server_bytes_rx":60, "n2r_latency":96, "hops":1, "rtt_latency":822, "root_time_now":236670}
[Mote:5] Sensor IPv6 = fe80::205:5:5:5
[Mote:1] {"node":"fd00::205:5:5:5", "cpu_energy_mj":19, "lpm_energy_mj":0, "radio_tx_energy_mj":0, "radio_rx_energy_mj":8, "node_time":237744, "total_sent":10, "total_received":9, "bytes_tx":60, "bytes_rx":12, "r2n_latency":1714, "lqi":100, "rssi":-30, "server_sent":9, "server_received":19, "server_bytes_rx":60, "n2r_latency":186, "hops":2, "rtt_latency":962, "root_time_now":237930}
[Mote:2] Sensor IPv6 = fe80::202:2:2:2
[Mote:1] {"node":"fd00::202:2:2:2", "cpu_energy_mj":18, "lpm_energy_mj":0, "radio_tx_energy_mj":0, "radio_rx_energy_mj":8, "node_time":242054, "total_sent":22, "total_received":22, "bytes_tx":60, "bytes_rx":12, "r2n_latency":44, "lqi":100, "rssi":-52, "server_sent":22, "server_received":44, "server_bytes_rx":60, "n2r_latency":6, "hops":0, "rtt_latency":92, "root_time_now":242060}
[Mote:4] Sensor IPv6 = fe80::204:4:4:4
[Mote:1] {"node":"fd00::204:4:4:4", "cpu_energy_mj":19, "lpm_energy_mj":0, "radio_tx_energy_mj":0, "radio_rx_energy_mj":8, "node_time":242739, "total_sent":22, "total_received":22, "bytes_tx":60, "bytes_rx":12, "r2n_latency":394, "lqi":100, "rssi":-74, "server_sent":22, "server_received":44, "server_bytes_rx":60, "n2r_latency":21, "hops":0, "rtt_latency":372, "root_time_now":242760}
[Mote:3] Sensor IPv6 = fe80::203:3:3:3
[Mote:1] {"node":"fd00::203:3:3:3", "cpu_energy_mj":18, "lpm_energy_mj":0, "radio_tx_energy_mj":0, "radio_rx_energy_mj":8, "node_time":246838, "total_sent":14, "total_received":13, "bytes_tx":60, "bytes_rx":12, "r2n_latency":814, "lqi":100, "rssi":-85, "server_sent":13, "server_received":27, "server_bytes_rx":60, "n2r_latency":192, "hops":1, "rtt_latency":512, "root_time_now":247030}
[Mote:5] Sensor IPv6 = fe80::205:5:5:5
[Mote:1] {"node":"fd00::205:5:5:5", "cpu_energy_mj":19, "lpm_energy_mj":0, "radio_tx_energy_mj":0, "radio_rx_energy_mj":8, "node_time":248534, "total_sent":11, "total_received":10, "bytes_tx":60, "bytes_rx":12, "r2n_latency":1234, "lqi":100, "rssi":-30, "server_sent":10, "server_received":21, "server_bytes_rx":60, "n2r_latency":176, "hops":2, "rtt_latency":722, "root_time_now":248710}
[Mote:2] Sensor IPv6 = fe80::202:2:2:2
[Mote:1] {"node":"fd00::202:2:2:2", "cpu_energy_mj":18, "lpm_energy_mj":0, "radio_tx_energy_mj":0, "radio_rx_energy_mj":8, "node_time":252583, "total_sent":23, "total_received":23, "bytes_tx":60, "bytes_rx":12, "r2n_latency":54, "lqi":100, "rssi":-52, "server_sent":23, "server_received":46, "server_bytes_rx":60, "n2r_latency":47, "hops":0, "rtt_latency":132, "root_time_now":252630}
[Mote:4] Sensor IPv6 = fe80::204:4:4:4
[Mote:1] {"node":"fd00::204:4:4:4", "cpu_energy_mj":19, "lpm_energy_mj":0, "radio_tx_energy_mj":0, "radio_rx_energy_mj":8, "node_time":253295, "total_sent":23, "total_received":23, "bytes_tx":60, "bytes_rx":12, "r2n_latency":334, "lqi":100, "rssi":-74, "server_sent":23, "server_received":46, "server_bytes_rx":60, "n2r_latency":35, "hops":0, "rtt_latency":937, "root_time_now":253330}
[Mote:3] Sensor IPv6 = fe80::203:3:3:3
[Mote:1] {"node":"fd00::203:3:3:3", "cpu_energy_mj":18, "lpm_energy_mj":0, "radio_tx_energy_mj":0, "radio_rx_energy_mj":8, "node_time":257102, "total_sent":15, "total_received":14, "bytes_tx":60, "bytes_rx":12, "r2n_latency":894, "lqi":100, "rssi":-85, "server_sent":14, "server_received":29, "server_bytes_rx":60, "n2r_latency":78, "hops":1, "rtt_latency":972, "root_time_now":257180}
[Mote:5] Sensor IPv6 = fe80::205:5:5:5
[Mote:1] {"node":"fd00::205:5:5:5", "cpu_energy_mj":19, "lpm_energy_mj":0, "radio_tx_energy_mj":0, "radio_rx_energy_mj":9, "node_time":259326, "total_sent":12, "total_received":11, "bytes_tx":60, "bytes_rx":12, "r2n_latency":2084, "lqi":100, "rssi":-30, "server_sent":11, "server_received":23, "server_bytes_rx":60, "n2r_latency":164, "hops":2, "rtt_latency":1147, "root_time_now":259490}
[Mote:2] Sensor IPv6 = fe80::202:2:2:2
[Mote:1] {"node":"fd00::202:2:2:2", "cpu_energy_mj":18, "lpm_energy_mj":0, "radio_tx_energy_mj":0, "radio_rx_energy_mj":8, "node_time":263114, "total_sent":24, "total_received":24, "bytes_tx":60, "bytes_rx":12, "r2n_latency":64, "lqi":100, "rssi":-52, "server_sent":24, "server_received":48, "server_bytes_rx":60, "n2r_latency":16, "hops":0, "rtt_latency":977, "root_time_now":263130}
[Mote:4] Sensor IPv6 = fe80::204:4:4:4
[Mote:1] {"node":"fd00::204:4:4:4", "cpu_energy_mj":19, "lpm_energy_mj":0, "radio_tx_energy_mj":0, "radio_rx_energy_mj":8, "node_time":263851, "total_sent":24, "total_received":24, "bytes_tx":60, "bytes_rx":12, "r2n_latency":204, "lqi":100, "rssi":-74, "server_sent":24, "server_received":48, "server_bytes_rx":60, "n2r_latency":49, "hops":0, "rtt_latency":627, "root_time_now":263900}
[Mote:3] Sensor IPv6 = fe80::203:3:3:3
[Mote:1] {"node":"fd00::203:3:3:3", "cpu_energy_mj":18, "lpm_energy_mj":0, "radio_tx_energy_mj":0, "radio_rx_energy_mj":8, "node_time":267368, "total_sent":16, "total_received":15, "bytes_tx":60, "bytes_rx":12, "r2n_latency":624, "lqi":100, "rssi":-85, "server_sent":15, "server_received":31, "server_bytes_rx":60, "n2r_latency":102, "hops":1, "rtt_latency":662, "root_time_now":267470}
[Mote:5] Sensor IPv6 = fe80::205:5:5:5
[Mote:1] {"node":"fd00::205:5:5:5", "cpu_energy_mj":19, "lpm_energy_mj":0, "radio_tx_energy_mj":0, "radio_rx_energy_mj":8, "node_time":270118, "total_sent":13, "total_received":12, "bytes_tx":60, "bytes_rx":12, "r2n_latency":1464, "lqi":100, "rssi":-30, "server_sent":13, "server_received":25, "server_bytes_rx":60, "n2r_latency":1972, "hops":2, "rtt_latency":837, "root_time_now":272090}
[Mote:2] Sensor IPv6 = fe80::202:2:2:2
[Mote:1] {"node":"fd00::202:2:2:2", "cpu_energy_mj":18, "lpm_energy_mj":0, "radio_tx_energy_mj":0, "radio_rx_energy_mj":8, "node_time":273645, "total_sent":25, "total_received":25, "bytes_tx":60, "bytes_rx":12, "r2n_latency":74, "lqi":100, "rssi":-52, "server_sent":25, "server_received":50, "server_bytes_rx":60, "n2r_latency":55, "hops":0, "rtt_latency":352, "root_time_now":273700}
[Mote:4] Sensor IPv6 = fe80::204:4:4:4
[Mote:1] {"node":"fd00::204:4:4:4", "cpu_energy_mj":19, "lpm_energy_mj":0, "radio_tx_energy_mj":0, "radio_rx_energy_mj":8, "node_time":274407, "total_sent":25, "total_received":25, "bytes_tx":60, "bytes_rx":12, "r2n_latency":354, "lqi":100, "rssi":-74, "server_sent":25, "server_received":50, "server_bytes_rx":60, "n2r_latency":63, "hops":0, "rtt_latency":1017, "root_time_now":274470}
[Mote:3] Sensor IPv6 = fe80::203:3:3:3
[Mote:1] {"node":"fd00::203:3:3:3", "cpu_energy_mj":18, "lpm_energy_mj":0, "radio_tx_energy_mj":0, "radio_rx_energy_mj":8, "node_time":277630, "total_sent":17, "total_received":16, "bytes_tx":60, "bytes_rx":12, "r2n_latency":1194, "lqi":100, "rssi":-85, "server_sent":16, "server_received":33, "server_bytes_rx":60, "n2r_latency":130, "hops":1, "rtt_latency":1087, "root_time_now":277760}
[Mote:5] Sensor IPv6 = fe80::205:5:5:5
[Mote:1] {"node":"fd00::205:5:5:5", "cpu_energy_mj":19, "lpm_energy_mj":0, "radio_tx_energy_mj":0, "radio_rx_energy_mj":8, "node_time":280912, "total_sent":14, "total_received":13, "bytes_tx":60, "bytes_rx":12, "r2n_latency":1684, "lqi":100, "rssi":-30, "server_sent":14, "server_received":27, "server_bytes_rx":60, "n2r_latency":1398, "hops":2, "rtt_latency":1122, "root_time_now":282310}
[Mote:2] Sensor IPv6 = fe80::202:2:2:2
[Mote:1] {"node":"fd00::202:2:2:2", "cpu_energy_mj":18, "lpm_energy_mj":0, "radio_tx_energy_mj":0, "radio_rx_energy_mj":8, "node_time":284178, "total_sent":26, "total_received":26, "bytes_tx":60, "bytes_rx":12, "r2n_latency":14, "lqi":100, "rssi":-52, "server_sent":26, "server_received":52, "server_bytes_rx":60, "n2r_latency":22, "hops":0, "rtt_latency":77, "root_time_now":284200}
[Mote:4] Sensor IPv6 = fe80::204:4:4:4
[Mote:1] {"node":"fd00::204:4:4:4", "cpu_energy_mj":19, "lpm_energy_mj":0, "radio_tx_energy_mj":0, "radio_rx_energy_mj":8, "node_time":284965, "total_sent":26, "total_received":26, "bytes_tx":60, "bytes_rx":12, "r2n_latency":294, "lqi":100, "rssi":-74, "server_sent":26, "server_received":52, "server_bytes_rx":60, "n2r_latency":5, "hops":0, "rtt_latency":217, "root_time_now":284970}
[Mote:3] Sensor IPv6 = fe80::203:3:3:3
[Mote:1] {"node":"fd00::203:3:3:3", "cpu_energy_mj":18, "lpm_energy_mj":0, "radio_tx_energy_mj":0, "radio_rx_energy_mj":8, "node_time":287894, "total_sent":18, "total_received":17, "bytes_tx":60, "bytes_rx":12, "r2n_latency":784, "lqi":100, "rssi":-85, "server_sent":17, "server_received":35, "server_bytes_rx":60, "n2r_latency":86, "hops":1, "rtt_latency":1127, "root_time_now":287980}
[Mote:5] Sensor IPv6 = fe80::205:5:5:5
[Mote:1] {"node":"fd00::205:5:5:5", "cpu_energy_mj":19, "lpm_energy_mj":0, "radio_tx_energy_mj":0, "radio_rx_energy_mj":8, "node_time":291704, "total_sent":15, "total_received":14, "bytes_tx":60, "bytes_rx":12, "r2n_latency":1624, "lqi":100, "rssi":-30, "server_sent":15, "server_received":29, "server_bytes_rx":60, "n2r_latency":406, "hops":2, "rtt_latency":1197, "root_time_now":292110}
[Mote:2] Sensor IPv6 = fe80::202:2:2:2
[Mote:1] {"node":"fd00::202:2:2:2", "cpu_energy_mj":18, "lpm_energy_mj":0, "radio_tx_energy_mj":0, "radio_rx_energy_mj":8, "node_time":294707, "total_sent":27, "total_received":27, "bytes_tx":60, "bytes_rx":12, "r2n_latency":24, "lqi":100, "rssi":-52, "server_sent":27, "server_received":54, "server_bytes_rx":60, "n2r_latency":63, "hops":0, "rtt_latency":432, "root_time_now":294770}
[Mote:4] Sensor IPv6 = fe80::204:4:4:4
[Mote:1] {"node":"fd00::204:4:4:4", "cpu_energy_mj":19, "lpm_energy_mj":0, "radio_tx_energy_mj":0, "radio_rx_energy_mj":8, "node_time":295519, "total_sent":27, "total_received":27, "bytes_tx":60, "bytes_rx":12, "r2n_latency":304, "lqi":100, "rssi":-74, "server_sent":27, "server_received":54, "server_bytes_rx":60, "n2r_latency":21, "hops":0, "rtt_latency":397, "root_time_now":295540}
[Mote:3] Sensor IPv6 = fe80::203:3:3:3
[Mote:1] {"node":"fd00::203:3:3:3", "cpu_energy_mj":18, "lpm_energy_mj":0, "radio_tx_energy_mj":0, "radio_rx_energy_mj":8, "node_time":298158, "total_sent":19, "total_received":18, "bytes_tx":60, "bytes_rx":12, "r2n_latency":1494, "lqi":100, "rssi":-85, "server_sent":18, "server_received":37, "server_bytes_rx":60, "n2r_latency":112, "hops":1, "rtt_latency":852, "root_time_now":298270}
[Mote:5] Sensor IPv6 = fe80::205:5:5:5
[Mote:1] {"node":"fd00::205:5:5:5", "cpu_energy_mj":19, "lpm_energy_mj":0, "radio_tx_energy_mj":0, "radio_rx_energy_mj":8, "node_time":302494, "total_sent":16, "total_received":16, "bytes_tx":60, "bytes_rx":12, "r2n_latency":1714, "lqi":100, "rssi":-30, "server_sent":16, "server_received":32, "server_bytes_rx":60, "n2r_latency":186, "hops":2, "rtt_latency":1067, "root_time_now":302680}
[Mote:2] Sensor IPv6 = fe80::202:2:2:2
[Mote:1] {"node":"fd00::202:2:2:2", "cpu_energy_mj":18, "lpm_energy_mj":0, "radio_tx_energy_mj":0, "radio_rx_energy_mj":8, "node_time":305238, "total_sent":28, "total_received":28, "bytes_tx":60, "bytes_rx":12, "r2n_latency":34, "lqi":100, "rssi":-52, "server_sent":28, "server_received":56, "server_bytes_rx":60, "n2r_latency":32, "hops":0, "rtt_latency":87, "root_time_now":305270}
[Mote:4] Sensor IPv6 = fe80::204:4:4:4
[Mote:1] {"node":"fd00::204:4:4:4", "cpu_energy_mj":19, "lpm_energy_mj":0, "radio_tx_energy_mj":0, "radio_rx_energy_mj":8, "node_time":306073, "total_sent":28, "total_received":28, "bytes_tx":60, "bytes_rx":12, "r2n_latency":384, "lqi":100, "rssi":-74, "server_sent":28, "server_received":56, "server_bytes_rx":60, "n2r_latency":37, "hops":0, "rtt_latency":262, "root_time_now":306110}
[Mote:3] Sensor IPv6 = fe80::203:3:3:3
[Mote:1] {"node":"fd00::203:3:3:3", "cpu_energy_mj":18, "lpm_energy_mj":0, "radio_tx_energy_mj":0, "radio_rx_energy_mj":8, "node_time":308424, "total_sent":20, "total_received":19, "bytes_tx":60, "bytes_rx":12, "r2n_latency":1154, "lqi":100, "rssi":-85, "server_sent":19, "server_received":39, "server_bytes_rx":60, "n2r_latency":136, "hops":1, "rtt_latency":647, "root_time_now":308560}
[Mote:5] Sensor IPv6 = fe80::205:5:5:5
[Mote:1] {"node":"fd00::205:5:5:5", "cpu_energy_mj":19, "lpm_energy_mj":0, "radio_tx_energy_mj":0, "radio_rx_energy_mj":8, "node_time":313286, "total_sent":17, "total_received":17, "bytes_tx":60, "bytes_rx":12, "r2n_latency":2424, "lqi":100, "rssi":-30, "server_sent":17, "server_received":34, "server_bytes_rx":60, "n2r_latency":874, "hops":2, "rtt_latency":2052, "root_time_now":314160}
[Mote:2] Sensor IPv6 = fe80::202:2:2:2
[Mote:1] {"node":"fd00::202:2:2:2", "cpu_energy_mj":18, "lpm_energy_mj":0, "radio_tx_energy_mj":0, "radio_rx_energy_mj":8, "node_time":315769, "total_sent":29, "total_received":29, "bytes_tx":60, "bytes_rx":12, "r2n_latency":44, "lqi":100, "rssi":-52, "server_sent":29, "server_received":58, "server_bytes_rx":60, "n2r_latency":71, "hops":0, "rtt_latency":127, "root_time_now":315840}
[Mote:4] Sensor IPv6 = fe80::204:4:4:4
[Mote:1] {"node":"fd00::204:4:4:4", "cpu_energy_mj":19, "lpm_energy_mj":0, "radio_tx_energy_mj":0, "radio_rx_energy_mj":8, "node_time":316629, "total_sent":29, "total_received":29, "bytes_tx":60, "bytes_rx":12, "r2n_latency":324, "lqi":100, "rssi":-74, "server_sent":29, "server_received":58, "server_bytes_rx":60, "n2r_latency":51, "hops":0, "rtt_latency":1982, "root_time_now":316680}
[Mote:3] Sensor IPv6 = fe80::203:3:3:3
[Mote:1] {"node":"fd00::203:3:3:3", "cpu_energy_mj":18, "lpm_energy_mj":0, "radio_tx_energy_mj":0, "radio_rx_energy_mj":8, "node_time":318684, "total_sent":21, "total_received":20, "bytes_tx":60, "bytes_rx":12, "r2n_latency":604, "lqi":100, "rssi":-85, "server_sent":20, "server_received":41, "server_bytes_rx":60, "n2r_latency":96, "hops":1, "rtt_latency":2017, "root_time_now":318780}
[Mote:5] Sensor IPv6 = fe80::205:5:5:5
[Mote:1] {"node":"fd00::205:5:5:5", "cpu_energy_mj":19, "lpm_energy_mj":0, "radio_tx_energy_mj":0, "radio_rx_energy_mj":8, "node_time":324078, "total_sent":18, "total_received":18, "bytes_tx":60, "bytes_rx":12, "r2n_latency":2084, "lqi":100, "rssi":-30, "server_sent":18, "server_received":36, "server_bytes_rx":60, "n2r_latency":162, "hops":2, "rtt_latency":1182, "root_time_now":324240}
[Mote:2] Sensor IPv6 = fe80::202:2:2:2
[Mote:1] {"node":"fd00::202:2:2:2", "cpu_energy_mj":18, "lpm_energy_mj":0, "radio_tx_energy_mj":0, "radio_rx_energy_mj":8, "node_time":326300, "total_sent":30, "total_received":30, "bytes_tx":60, "bytes_rx":12, "r2n_latency":54, "lqi":100, "rssi":-52, "server_sent":30, "server_received":60, "server_bytes_rx":60, "n2r_latency":40, "hops":0, "rtt_latency":727, "root_time_now":326340}
[Mote:4] Sensor IPv6 = fe80::204:4:4:4
[Mote:1] {"node":"fd00::204:4:4:4", "cpu_energy_mj":19, "lpm_energy_mj":0, "radio_tx_energy_mj":0, "radio_rx_energy_mj":8, "node_time":327185, "total_sent":30, "total_received":30, "bytes_tx":60, "bytes_rx":12, "r2n_latency":334, "lqi":100, "rssi":-74, "server_sent":30, "server_received":60, "server_bytes_rx":60, "n2r_latency":65, "hops":0, "rtt_latency":237, "root_time_now":327250}
[Mote:3] Sensor IPv6 = fe80::203:3:3:3
[Mote:1] {"node":"fd00::203:3:3:3", "cpu_energy_mj":18, "lpm_energy_mj":0, "radio_tx_energy_mj":0, "radio_rx_energy_mj":8, "node_time":328948, "total_sent":22, "total_received":21, "bytes_tx":60, "bytes_rx":12, "r2n_latency":894, "lqi":100, "rssi":-85, "server_sent":21, "server_received":43, "server_bytes_rx":60, "n2r_latency":122, "hops":1, "rtt_latency":622, "root_time_now":329070}
[Mote:5] Sensor IPv6 = fe80::205:5:5:5
[Mote:1] {"node":"fd00::205:5:5:5", "cpu_energy_mj":19, "lpm_energy_mj":0, "radio_tx_energy_mj":0, "radio_rx_energy_mj":8, "node_time":334870, "total_sent":19, "total_received":19, "bytes_tx":60, "bytes_rx":12, "r2n_latency":1674, "lqi":100, "rssi":-30, "server_sent":19, "server_received":38, "server_bytes_rx":60, "n2r_latency":150, "hops":2, "rtt_latency":942, "root_time_now":335020}
[Mote:2] Sensor IPv6 = fe80::202:2:2:2
[Mote:1] {"node":"fd00::202:2:2:2", "cpu_energy_mj":18, "lpm_energy_mj":0, "radio_tx_energy_mj":0, "radio_rx_energy_mj":8, "node_time":336831, "total_sent":31, "total_received":31, "bytes_tx":60, "bytes_rx":12, "r2n_latency":64, "lqi":100, "rssi":-52, "server_sent":31, "server_received":62, "server_bytes_rx":60, "n2r_latency":9, "hops":0, "rtt_latency":277, "root_time_now":336840}
[Mote:4] Sensor IPv6 = fe80::204:4:4:4
[Mote:1] {"node":"fd00::204:4:4:4", "cpu_energy_mj":19, "lpm_energy_mj":0, "radio_tx_energy_mj":0, "radio_rx_energy_mj":8, "node_time":337741, "total_sent":31, "total_received":31, "bytes_tx":60, "bytes_rx":12, "r2n_latency":204, "lqi":100, "rssi":-74, "server_sent":31, "server_received":62, "server_bytes_rx":60, "n2r_latency":9, "hops":0, "rtt_latency":242, "root_time_now":337750}
[Mote:3] Sensor IPv6 = fe80::203:3:3:3
[Mote:1] {"node":"fd00::203:3:3:3", "cpu_energy_mj":18, "lpm_energy_mj":0, "radio_tx_energy_mj":0, "radio_rx_energy_mj":8, "node_time":339216, "total_sent":23, "total_received":22, "bytes_tx":60, "bytes_rx":12, "r2n_latency":1044, "lqi":100, "rssi":-85, "server_sent":22, "server_received":45, "server_bytes_rx":60, "n2r_latency":74, "hops":1, "rtt_latency":662, "root_time_now":339290}
[Mote:5] Sensor IPv6 = fe80::205:5:5:5
[Mote:1] {"node":"fd00::205:5:5:5", "cpu_energy_mj":19, "lpm_energy_mj":0, "radio_tx_energy_mj":0, "radio_rx_energy_mj":8, "node_time":345664, "total_sent":20, "total_received":20, "bytes_tx":60, "bytes_rx":12, "r2n_latency":1544, "lqi":100, "rssi":-30, "server_sent":20, "server_received":40, "server_bytes_rx":60, "n2r_latency":206, "hops":2, "rtt_latency":877, "root_time_now":345870}
[Mote:2] Sensor IPv6 = fe80::202:2:2:2
[Mote:1] {"node":"fd00::202:2:2:2", "cpu_energy_mj":18, "lpm_energy_mj":0, "radio_tx_energy_mj":0, "radio_rx_energy_mj":8, "node_time":347364, "total_sent":32, "total_received":32, "bytes_tx":60, "bytes_rx":12, "r2n_latency":74, "lqi":100, "rssi":-52, "server_sent":32, "server_received":64, "server_bytes_rx":60, "n2r_latency":46, "hops":0, "rtt_latency":177, "root_time_now":347410}
[Mote:4] Sensor IPv6 = fe80::204:4:4:4
[Mote:1] {"node":"fd00::204:4:4:4", "cpu_energy_mj":19, "lpm_energy_mj":0, "radio_tx_energy_mj":0, "radio_rx_energy_mj":8, "node_time":348297, "total_sent":32, "total_received":32, "bytes_tx":60, "bytes_rx":12, "r2n_latency":214, "lqi":100, "rssi":-74, "server_sent":32, "server_received":64, "server_bytes_rx":60, "n2r_latency":23, "hops":0, "rtt_latency":212, "root_time_now":348320}
[Mote:3] Sensor IPv6 = fe80::203:3:3:3
[Mote:1] {"node":"fd00::203:3:3:3", "cpu_energy_mj":18, "lpm_energy_mj":0, "radio_tx_energy_mj":0, "radio_rx_energy_mj":8, "node_time":349476, "total_sent":24, "total_received":23, "bytes_tx":60, "bytes_rx":12, "r2n_latency":844, "lqi":100, "rssi":-85, "server_sent":23, "server_received":47, "server_bytes_rx":60, "n2r_latency":104, "hops":1, "rtt_latency":632, "root_time_now":349580}
[Mote:5] Sensor IPv6 = fe80::205:5:5:5
[Mote:1] {"node":"fd00::205:5:5:5", "cpu_energy_mj":19, "lpm_energy_mj":0, "radio_tx_energy_mj":0, "radio_rx_energy_mj":9, "node_time":356454, "total_sent":21, "total_received":21, "bytes_tx":60, "bytes_rx":12, "r2n_latency":1834, "lqi":100, "rssi":-30, "server_sent":21, "server_received":42, "server_bytes_rx":60, "n2r_latency":196, "hops":2, "rtt_latency":1372, "root_time_now":356650}
[Mote:2] Sensor IPv6 = fe80::202:2:2:2
[Mote:1] {"node":"fd00::202:2:2:2", "cpu_energy_mj":18, "lpm_energy_mj":0, "radio_tx_energy_mj":0, "radio_rx_energy_mj":8, "node_time":357895, "total_sent":33, "total_received":33, "bytes_tx":60, "bytes_rx":12, "r2n_latency":14, "lqi":100, "rssi":-52, "server_sent":33, "server_received":66, "server_bytes_rx":60, "n2r_latency":15, "hops":0, "rtt_latency":1057, "root_time_now":357910}
[Mote:4] Sensor IPv6 = fe80::204:4:4:4
[Mote:1] {"node":"fd00::204:4:4:4", "cpu_energy_mj":19, "lpm_energy_mj":0, "radio_tx_energy_mj":0, "radio_rx_energy_mj":8, "node_time":358857, "total_sent":33, "total_received":33, "bytes_tx":60, "bytes_rx":12, "r2n_latency":154, "lqi":100, "rssi":-74, "server_sent":33, "server_received":66, "server_bytes_rx":60, "n2r_latency":33, "hops":0, "rtt_latency":427, "root_time_now":358890}
[Mote:3] Sensor IPv6 = fe80::203:3:3:3
[Mote:1] {"node":"fd00::203:3:3:3", "cpu_energy_mj":18, "lpm_energy_mj":0, "radio_tx_energy_mj":0, "radio_rx_energy_mj":8, "node_time":359740, "total_sent":25, "total_received":24, "bytes_tx":60, "bytes_rx":12, "r2n_latency":924, "lqi":100, "rssi":-85, "server_sent":24, "server_received":49, "server_bytes_rx":60, "n2r_latency":130, "hops":1, "rtt_latency":1337, "root_time_now":359870}
[Mote:5] Sensor IPv6 = fe80::205:5:5:5
[Mote:1] {"node":"fd00::205:5:5:5", "cpu_energy_mj":19, "lpm_energy_mj":0, "radio_tx_energy_mj":0, "radio_rx_energy_mj":8, "node_time":367246, "total_sent":22, "total_received":22, "bytes_tx":60, "bytes_rx":12, "r2n_latency":2054, "lqi":100, "rssi":-30, "server_sent":22, "server_received":44, "server_bytes_rx":60, "n2r_latency":184, "hops":2, "rtt_latency":1132, "root_time_now":367430}
[Mote:2] Sensor IPv6 = fe80::202:2:2:2
[Mote:1] {"node":"fd00::202:2:2:2", "cpu_energy_mj":18, "lpm_energy_mj":0, "radio_tx_energy_mj":0, "radio_rx_energy_mj":8, "node_time":368424, "total_sent":34, "total_received":34, "bytes_tx":60, "bytes_rx":12, "r2n_latency":24, "lqi":100, "rssi":-52, "server_sent":34, "server_received":68, "server_bytes_rx":60, "n2r_latency":56, "hops":0, "rtt_latency":222, "root_time_now":368480}
[Mote:4] Sensor IPv6 = fe80::204:4:4:4
[Mote:1] {"node":"fd00::204:4:4:4", "cpu_energy_mj":19, "lpm_energy_mj":0, "radio_tx_energy_mj":0, "radio_rx_energy_mj":8, "node_time":369409, "total_sent":34, "total_received":34, "bytes_tx":60, "bytes_rx":12, "r2n_latency":794, "lqi":100, "rssi":-74, "server_sent":34, "server_received":68, "server_bytes_rx":60, "n2r_latency":51, "hops":0, "rtt_latency":537, "root_time_now":369460}
[Mote:3] Sensor IPv6 = fe80::203:3:3:3
[Mote:1] {"node":"fd00::203:3:3:3", "cpu_energy_mj":18, "lpm_energy_mj":0, "radio_tx_energy_mj":0, "radio_rx_energy_mj":8, "node_time":370008, "total_sent":26, "total_received":25, "bytes_tx":60, "bytes_rx":12, "r2n_latency":1284, "lqi":100, "rssi":-85, "server_sent":26, "server_received":51, "server_bytes_rx":60, "n2r_latency":2042, "hops":1, "rtt_latency":782, "root_time_now":372050}
[Mote:5] Sensor IPv6 = fe80::205:5:5:5
[Mote:1] {"node":"fd00::205:5:5:5", "cpu_energy_mj":19, "lpm_energy_mj":0, "radio_tx_energy_mj":0, "radio_rx_energy_mj":8, "node_time":378040, "total_sent":23, "total_received":23, "bytes_tx":60, "bytes_rx":12, "r2n_latency":1154, "lqi":100, "rssi":-30, "server_sent":23, "server_received":46, "server_bytes_rx":60, "n2r_latency":170, "hops":2, "rtt_latency":1102, "root_time_now":378210}
[Mote:2] Sensor IPv6 = fe80::202:2:2:2
[Mote:1] {"node":"fd00::202:2:2:2", "cpu_energy_mj":18, "lpm_energy_mj":0, "radio_tx_energy_mj":0, "radio_rx_energy_mj":8, "node_time":378957, "total_sent":35, "total_received":35, "bytes_tx":60, "bytes_rx":12, "r2n_latency":524, "lqi":100, "rssi":-52, "server_sent":35, "server_received":70, "server_bytes_rx":60, "n2r_latency":23, "hops":0, "rtt_latency":297, "root_time_now":378980}
[Mote:4] Sensor IPv6 = fe80::204:4:4:4
[Mote:3] Sensor IPv6 = fe80::203:3:3:3
[Mote:1] {"node":"fd00::204:4:4:4", "cpu_energy_mj":19, "lpm_energy_mj":0, "radio_tx_energy_mj":0, "radio_rx_energy_mj":8, "node_time":379965, "total_sent":35, "total_received":35, "bytes_tx":60, "bytes_rx":12, "r2n_latency":104, "lqi":100, "rssi":-74, "server_sent":36, "server_received":70, "server_bytes_rx":60, "n2r_latency":1465, "hops":0, "rtt_latency":192, "root_time_now":381430}
[Mote:1] {"node":"fd00::203:3:3:3", "cpu_energy_mj":18, "lpm_energy_mj":0, "radio_tx_energy_mj":0, "radio_rx_energy_mj":8, "node_time":380268, "total_sent":27, "total_received":26, "bytes_tx":60, "bytes_rx":12, "r2n_latency":1014, "lqi":100, "rssi":-85, "server_sent":27, "server_received":53, "server_bytes_rx":60, "n2r_latency":2632, "hops":1, "rtt_latency":1067, "root_time_now":382900}
[Mote:5] Sensor IPv6 = fe80::205:5:5:5
[Mote:1] {"node":"fd00::205:5:5:5", "cpu_energy_mj":19, "lpm_energy_mj":0, "radio_tx_energy_mj":0, "radio_rx_energy_mj":8, "node_time":388832, "total_sent":24, "total_received":24, "bytes_tx":60, "bytes_rx":12, "r2n_latency":1094, "lqi":100, "rssi":-30, "server_sent":24, "server_received":48, "server_bytes_rx":60, "n2r_latency":158, "hops":2, "rtt_latency":1702, "root_time_now":388990}
[Mote:2] Sensor IPv6 = fe80::202:2:2:2
[Mote:1] {"node":"fd00::202:2:2:2", "cpu_energy_mj":18, "lpm_energy_mj":0, "radio_tx_energy_mj":0, "radio_rx_energy_mj":8, "node_time":389488, "total_sent":36, "total_received":36, "bytes_tx":60, "bytes_rx":12, "r2n_latency":1794, "lqi":100, "rssi":-52, "server_sent":36, "server_received":72, "server_bytes_rx":60, "n2r_latency":62, "hops":0, "rtt_latency":932, "root_time_now":389550}
[Mote:4] Sensor IPv6 = fe80::204:4:4:4
[Mote:3] Sensor IPv6 = fe80::203:3:3:3
[Mote:1] {"node":"fd00::204:4:4:4", "cpu_energy_mj":19, "lpm_energy_mj":0, "radio_tx_energy_mj":0, "radio_rx_energy_mj":8, "node_time":390521, "total_sent":36, "total_received":36, "bytes_tx":60, "bytes_rx":12, "r2n_latency":394, "lqi":100, "rssi":-74, "server_sent":37, "server_received":72, "server_bytes_rx":60, "n2r_latency":219, "hops":0, "rtt_latency":757, "root_time_now":390740}
[Mote:1] {"node":"fd00::203:3:3:3", "cpu_energy_mj":18, "lpm_energy_mj":0, "radio_tx_energy_mj":0, "radio_rx_energy_mj":8, "node_time":390532, "total_sent":28, "total_received":27, "bytes_tx":60, "bytes_rx":12, "r2n_latency":884, "lqi":100, "rssi":-85, "server_sent":28, "server_received":55, "server_bytes_rx":60, "n2r_latency":278, "hops":1, "rtt_latency":1667, "root_time_now":390810}
[Mote:5] Sensor IPv6 = fe80::205:5:5:5
[Mote:1] {"node":"fd00::205:5:5:5", "cpu_energy_mj":19, "lpm_energy_mj":0, "radio_tx_energy_mj":0, "radio_rx_energy_mj":9, "node_time":399622, "total_sent":25, "total_received":25, "bytes_tx":60, "bytes_rx":12, "r2n_latency":2924, "lqi":100, "rssi":-30, "server_sent":25, "server_received":50, "server_bytes_rx":60, "n2r_latency":148, "hops":2, "rtt_latency":1567, "root_time_now":399770}
[Mote:2] Sensor IPv6 = fe80::202:2:2:2
[Mote:3] Sensor IPv6 = fe80::203:3:3:3
[Mote:4] Sensor IPv6 = fe80::204:4:4:4
[Mote:1] {"node":"fd00::204:4:4:4", "cpu_energy_mj":19, "lpm_energy_mj":0, "radio_tx_energy_mj":0, "radio_rx_energy_mj":8, "node_time":401079, "total_sent":37, "total_received":38, "bytes_tx":60, "bytes_rx":12, "r2n_latency":134, "lqi":100, "rssi":-74, "server_sent":38, "server_received":75, "server_bytes_rx":60, "n2r_latency":231, "hops":0, "rtt_latency":487, "root_time_now":401310}
[Mote:1] {"node":"fd00::202:2:2:2", "cpu_energy_mj":18, "lpm_energy_mj":0, "radio_tx_energy_mj":0, "radio_rx_energy_mj":8, "node_time":400019, "total_sent":37, "total_received":37, "bytes_tx":60, "bytes_rx":12, "r2n_latency":54, "lqi":100, "rssi":-52, "server_sent":38, "server_received":74, "server_bytes_rx":60, "n2r_latency":1781, "hops":0, "rtt_latency":447, "root_time_now":401800}
[Mote:1] {"node":"fd00::203:3:3:3", "cpu_energy_mj":18, "lpm_energy_mj":0, "radio_tx_energy_mj":0, "radio_rx_energy_mj":8, "node_time":400796, "total_sent":29, "total_received":28, "bytes_tx":60, "bytes_rx":12, "r2n_latency":2574, "lqi":100, "rssi":-85, "server_sent":29, "server_received":57, "server_bytes_rx":60, "n2r_latency":1214, "hops":1, "rtt_latency":1392, "root_time_now":402010}
[Mote:5] Sensor IPv6 = fe80::205:5:5:5
[Mote:2] Sensor IPv6 = fe80::202:2:2:2
[Mote:3] Sensor IPv6 = fe80::203:3:3:3
[Mote:1] {"node":"fd00::203:3:3:3", "cpu_energy_mj":18, "lpm_energy_mj":0, "radio_tx_energy_mj":0, "radio_rx_energy_mj":8, "node_time":411061, "total_sent":30, "total_received":30, "bytes_tx":60, "bytes_rx":12, "r2n_latency":564, "lqi":100, "rssi":-85, "server_sent":30, "server_received":60, "server_bytes_rx":60, "n2r_latency":539, "hops":1, "rtt_latency":772, "root_time_now":411600}
[Mote:4] Sensor IPv6 = fe80::204:4:4:4
[Mote:1] {"node":"fd00::204:4:4:4", "cpu_energy_mj":19, "lpm_energy_mj":0, "radio_tx_energy_mj":0, "radio_rx_energy_mj":8, "node_time":411633, "total_sent":38, "total_received":39, "bytes_tx":60, "bytes_rx":12, "r2n_latency":284, "lqi":100, "rssi":-74, "server_sent":39, "server_received":77, "server_bytes_rx":60, "n2r_latency":37, "hops":0, "rtt_latency":737, "root_time_now":411670}
[Mote:1] {"node":"fd00::202:2:2:2", "cpu_energy_mj":18, "lpm_energy_mj":0, "radio_tx_energy_mj":0, "radio_rx_energy_mj":8, "node_time":410549, "total_sent":38, "total_received":39, "bytes_tx":60, "bytes_rx":12, "r2n_latency":74, "lqi":100, "rssi":-52, "server_sent":39, "server_received":77, "server_bytes_rx":60, "n2r_latency":2661, "hops":0, "rtt_latency":107, "root_time_now":413210}
[Mote:1] {"node":"fd00::205:5:5:5", "cpu_energy_mj":19, "lpm_energy_mj":0, "radio_tx_energy_mj":0, "radio_rx_energy_mj":8, "node_time":410414, "total_sent":26, "total_received":26, "bytes_tx":60, "bytes_rx":12, "r2n_latency":2164, "lqi":100, "rssi":-30, "server_sent":27, "server_received":52, "server_bytes_rx":60, "n2r_latency":3146, "hops":2, "rtt_latency":2132, "root_time_now":413560}
[Mote:2] Sensor IPv6 = fe80::202:2:2:2
[Mote:1] {"node":"fd00::202:2:2:2", "cpu_energy_mj":18, "lpm_energy_mj":0, "radio_tx_energy_mj":0, "radio_rx_energy_mj":8, "node_time":421079, "total_sent":39, "total_received":40, "bytes_tx":60, "bytes_rx":12, "r2n_latency":14, "lqi":100, "rssi":-52, "server_sent":40, "server_received":79, "server_bytes_rx":60, "n2r_latency":41, "hops":0, "rtt_latency":77, "root_time_now":421120}
[Mote:5] Sensor IPv6 = fe80::205:5:5:5
[Mote:3] Sensor IPv6 = fe80::203:3:3:3
[Mote:1] {"node":"fd00::203:3:3:3", "cpu_energy_mj":18, "lpm_energy_mj":0, "radio_tx_energy_mj":0, "radio_rx_energy_mj":8, "node_time":421326, "total_sent":31, "total_received":30, "bytes_tx":60, "bytes_rx":12, "r2n_latency":564, "lqi":100, "rssi":-85, "server_sent":31, "server_received":61, "server_bytes_rx":60, "n2r_latency":424, "hops":1, "rtt_latency":772, "root_time_now":421750}
[Mote:1] {"node":"fd00::205:5:5:5", "cpu_energy_mj":19, "lpm_energy_mj":0, "radio_tx_energy_mj":0, "radio_rx_energy_mj":8, "node_time":421208, "total_sent":27, "total_received":27, "bytes_tx":60, "bytes_rx":12, "r2n_latency":1824, "lqi":100, "rssi":-30, "server_sent":28, "server_received":54, "server_bytes_rx":60, "n2r_latency":612, "hops":2, "rtt_latency":1822, "root_time_now":421820}
[Mote:4] Sensor IPv6 = fe80::204:4:4:4
[Mote:1] {"node":"fd00::204:4:4:4", "cpu_energy_mj":19, "lpm_energy_mj":0, "radio_tx_energy_mj":0, "radio_rx_energy_mj":8, "node_time":422189, "total_sent":39, "total_received":40, "bytes_tx":60, "bytes_rx":12, "r2n_latency":224, "lqi":100, "rssi":-74, "server_sent":40, "server_received":79, "server_bytes_rx":60, "n2r_latency":51, "hops":0, "rtt_latency":182, "root_time_now":422240}
[Mote:3] Sensor IPv6 = fe80::203:3:3:3
[Mote:2] Sensor IPv6 = fe80::202:2:2:2
[Mote:1] {"node":"fd00::202:2:2:2", "cpu_energy_mj":18, "lpm_energy_mj":0, "radio_tx_energy_mj":0, "radio_rx_energy_mj":8, "node_time":431610, "total_sent":40, "total_received":41, "bytes_tx":60, "bytes_rx":12, "r2n_latency":24, "lqi":100, "rssi":-52, "server_sent":41, "server_received":81, "server_bytes_rx":60, "n2r_latency":150, "hops":0, "rtt_latency":257, "root_time_now":431760}
[Mote:1] {"node":"fd00::203:3:3:3", "cpu_energy_mj":18, "lpm_energy_mj":0, "radio_tx_energy_mj":0, "radio_rx_energy_mj":8, "node_time":431592, "total_sent":32, "total_received":31, "bytes_tx":60, "bytes_rx":12, "r2n_latency":1904, "lqi":100, "rssi":-85, "server_sent":32, "server_received":63, "server_bytes_rx":60, "n2r_latency":308, "hops":1, "rtt_latency":1617, "root_time_now":431900}
[Mote:5] Sensor IPv6 = fe80::205:5:5:5
[Mote:1] {"node":"fd00::205:5:5:5", "cpu_energy_mj":19, "lpm_energy_mj":0, "radio_tx_energy_mj":0, "radio_rx_energy_mj":8, "node_time":431998, "total_sent":28, "total_received":28, "bytes_tx":60, "bytes_rx":12, "r2n_latency":2534, "lqi":100, "rssi":-30, "server_sent":29, "server_received":56, "server_bytes_rx":60, "n2r_latency":182, "hops":2, "rtt_latency":1652, "root_time_now":432180}
[Mote:4] Sensor IPv6 = fe80::204:4:4:4
[Mote:1] {"node":"fd00::204:4:4:4", "cpu_energy_mj":19, "lpm_energy_mj":0, "radio_tx_energy_mj":0, "radio_rx_energy_mj":8, "node_time":432747, "total_sent":40, "total_received":41, "bytes_tx":60, "bytes_rx":12, "r2n_latency":2684, "lqi":100, "rssi":-74, "server_sent":41, "server_received":81, "server_bytes_rx":60, "n2r_latency":623, "hops":0, "rtt_latency":1657, "root_time_now":433370}
[Mote:3] Sensor IPv6 = fe80::203:3:3:3
[Mote:1] {"node":"fd00::203:3:3:3", "cpu_energy_mj":18, "lpm_energy_mj":0, "radio_tx_energy_mj":0, "radio_rx_energy_mj":8, "node_time":441854, "total_sent":33, "total_received":33, "bytes_tx":60, "bytes_rx":12, "r2n_latency":944, "lqi":100, "rssi":-85, "server_sent":33, "server_received":66, "server_bytes_rx":60, "n2r_latency":126, "hops":1, "rtt_latency":612, "root_time_now":441980}
[Mote:2] Sensor IPv6 = fe80::202:2:2:2
[Mote:1] {"node":"fd00::202:2:2:2", "cpu_energy_mj":18, "lpm_energy_mj":0, "radio_tx_energy_mj":0, "radio_rx_energy_mj":8, "node_time":442141, "total_sent":41, "total_received":42, "bytes_tx":60, "bytes_rx":12, "r2n_latency":34, "lqi":100, "rssi":-52, "server_sent":42, "server_received":83, "server_bytes_rx":60, "n2r_latency":49, "hops":0, "rtt_latency":192, "root_time_now":442190}
[Mote:5] Sensor IPv6 = fe80::205:5:5:5
[Mote:1] {"node":"fd00::205:5:5:5", "cpu_energy_mj":19, "lpm_energy_mj":0, "radio_tx_energy_mj":0, "radio_rx_energy_mj":8, "node_time":442790, "total_sent":29, "total_received":30, "bytes_tx":60, "bytes_rx":12, "r2n_latency":1364, "lqi":100, "rssi":-30, "server_sent":30, "server_received":59, "server_bytes_rx":60, "n2r_latency":170, "hops":2, "rtt_latency":787, "root_time_now":442960}
[Mote:4] Sensor IPv6 = fe80::204:4:4:4
[Mote:1] {"node":"fd00::204:4:4:4", "cpu_energy_mj":19, "lpm_energy_mj":0, "radio_tx_energy_mj":0, "radio_rx_energy_mj":8, "node_time":443301, "total_sent":41, "total_received":42, "bytes_tx":60, "bytes_rx":12, "r2n_latency":174, "lqi":100, "rssi":-74, "server_sent":42, "server_received":83, "server_bytes_rx":60, "n2r_latency":9, "hops":0, "rtt_latency":437, "root_time_now":443310}
[Mote:3] Sensor IPv6 = fe80::203:3:3:3
[Mote:2] Sensor IPv6 = fe80::202:2:2:2
[Mote:1] {"node":"fd00::202:2:2:2", "cpu_energy_mj":18, "lpm_energy_mj":0, "radio_tx_energy_mj":0, "radio_rx_energy_mj":8, "node_time":452672, "total_sent":42, "total_received":43, "bytes_tx":60, "bytes_rx":12, "r2n_latency":44, "lqi":100, "rssi":-52, "server_sent":43, "server_received":85, "server_bytes_rx":60, "n2r_latency":88, "hops":0, "rtt_latency":162, "root_time_now":452760}
[Mote:1] {"node":"fd00::203:3:3:3", "cpu_energy_mj":18, "lpm_energy_mj":0, "radio_tx_energy_mj":0, "radio_rx_energy_mj":8, "node_time":452117, "total_sent":34, "total_received":34, "bytes_tx":60, "bytes_rx":12, "r2n_latency":1654, "lqi":100, "rssi":-85, "server_sent":34, "server_received":68, "server_bytes_rx":60, "n2r_latency":1273, "hops":1, "rtt_latency":1667, "root_time_now":453390}
[Mote:5] Sensor IPv6 = fe80::205:5:5:5
[Mote:1] {"node":"fd00::205:5:5:5", "cpu_energy_mj":19, "lpm_energy_mj":0, "radio_tx_energy_mj":0, "radio_rx_energy_mj":8, "node_time":453582, "total_sent":30, "total_received":31, "bytes_tx":60, "bytes_rx":12, "r2n_latency":1934, "lqi":100, "rssi":-30, "server_sent":31, "server_received":61, "server_bytes_rx":60, "n2r_latency":158, "hops":2, "rtt_latency":1737, "root_time_now":453740}
[Mote:4] Sensor IPv6 = fe80::204:4:4:4
[Mote:1] {"node":"fd00::204:4:4:4", "cpu_energy_mj":19, "lpm_energy_mj":0, "radio_tx_energy_mj":0, "radio_rx_energy_mj":8, "node_time":453857, "total_sent":42, "total_received":43, "bytes_tx":60, "bytes_rx":12, "r2n_latency":464, "lqi":100, "rssi":-74, "server_sent":43, "server_received":85, "server_bytes_rx":60, "n2r_latency":23, "hops":0, "rtt_latency":652, "root_time_now":453880}
[Mote:3] Sensor IPv6 = fe80::203:3:3:3
[Mote:1] {"node":"fd00::203:3:3:3", "cpu_energy_mj":18, "lpm_energy_mj":0, "radio_tx_energy_mj":0, "radio_rx_energy_mj":8, "node_time":462381, "total_sent":35, "total_received":35, "bytes_tx":60, "bytes_rx":12, "r2n_latency":754, "lqi":100, "rssi":-85, "server_sent":35, "server_received":70, "server_bytes_rx":60, "n2r_latency":459, "hops":1, "rtt_latency":762, "root_time_now":462840}
[Mote:2] Sensor IPv6 = fe80::202:2:2:2
[Mote:1] {"node":"fd00::202:2:2:2", "cpu_energy_mj":18, "lpm_energy_mj":0, "radio_tx_energy_mj":0, "radio_rx_energy_mj":8, "node_time":463203, "total_sent":43, "total_received":44, "bytes_tx":60, "bytes_rx":12, "r2n_latency":54, "lqi":100, "rssi":-52, "server_sent":44, "server_received":87, "server_bytes_rx":60, "n2r_latency":127, "hops":0, "rtt_latency":1637, "root_time_now":463330}
[Mote:5] Sensor IPv6 = fe80::205:5:5:5
[Mote:4] Sensor IPv6 = fe80::204:4:4:4
[Mote:1] {"node":"fd00::204:4:4:4", "cpu_energy_mj":19, "lpm_energy_mj":0, "radio_tx_energy_mj":0, "radio_rx_energy_mj":8, "node_time":464413, "total_sent":43, "total_received":44, "bytes_tx":60, "bytes_rx":12, "r2n_latency":264, "lqi":100, "rssi":-74, "server_sent":44, "server_received":87, "server_bytes_rx":60, "n2r_latency":527, "hops":0, "rtt_latency":447, "root_time_now":464940}
[Mote:1] {"node":"fd00::205:5:5:5", "cpu_energy_mj":19, "lpm_energy_mj":0, "radio_tx_energy_mj":0, "radio_rx_energy_mj":8, "node_time":464374, "total_sent":31, "total_received":32, "bytes_tx":60, "bytes_rx":12, "r2n_latency":2294, "lqi":100, "rssi":-30, "server_sent":32, "server_received":63, "server_bytes_rx":60, "n2r_latency":776, "hops":2, "rtt_latency":1392, "root_time_now":465150}
[Mote:3] Sensor IPv6 = fe80::203:3:3:3
[Mote:1] {"node":"fd00::203:3:3:3", "cpu_energy_mj":18, "lpm_energy_mj":0, "radio_tx_energy_mj":0, "radio_rx_energy_mj":8, "node_time":472646, "total_sent":36, "total_received":36, "bytes_tx":60, "bytes_rx":12, "r2n_latency":1394, "lqi":100, "rssi":-85, "server_sent":36, "server_received":72, "server_bytes_rx":60, "n2r_latency":134, "hops":1, "rtt_latency":977, "root_time_now":472780}
[Mote:2] Sensor IPv6 = fe80::202:2:2:2
[Mote:1] {"node":"fd00::202:2:2:2", "cpu_energy_mj":18, "lpm_energy_mj":0, "radio_tx_energy_mj":0, "radio_rx_energy_mj":8, "node_time":473734, "total_sent":44, "total_received":45, "bytes_tx":60, "bytes_rx":12, "r2n_latency":64, "lqi":100, "rssi":-52, "server_sent":45, "server_received":89, "server_bytes_rx":60, "n2r_latency":26, "hops":0, "rtt_latency":242, "root_time_now":473760}
[Mote:4] Sensor IPv6 = fe80::204:4:4:4
[Mote:1] {"node":"fd00::204:4:4:4", "cpu_energy_mj":19, "lpm_energy_mj":0, "radio_tx_energy_mj":0, "radio_rx_energy_mj":8, "node_time":474969, "total_sent":44, "total_received":45, "bytes_tx":60, "bytes_rx":12, "r2n_latency":624, "lqi":100, "rssi":-74, "server_sent":45, "server_received":89, "server_bytes_rx":60, "n2r_latency":51, "hops":0, "rtt_latency":662, "root_time_now":475020}
[Mote:5] Sensor IPv6 = fe80::205:5:5:5
[Mote:1] {"node":"fd00::205:5:5:5", "cpu_energy_mj":19, "lpm_energy_mj":0, "radio_tx_energy_mj":0, "radio_rx_energy_mj":9, "node_time":475166, "total_sent":32, "total_received":33, "bytes_tx":60, "bytes_rx":12, "r2n_latency":2094, "lqi":100, "rssi":-30, "server_sent":33, "server_received":65, "server_bytes_rx":60, "n2r_latency":484, "hops":2, "rtt_latency":1292, "root_time_now":475650}
[Mote:3] Sensor IPv6 = fe80::203:3:3:3
[Mote:1] {"node":"fd00::203:3:3:3", "cpu_energy_mj":18, "lpm_energy_mj":0, "radio_tx_energy_mj":0, "radio_rx_energy_mj":8, "node_time":482910, "total_sent":37, "total_received":37, "bytes_tx":60, "bytes_rx":12, "r2n_latency":774, "lqi":100, "rssi":-85, "server_sent":37, "server_received":74, "server_bytes_rx":60, "n2r_latency":90, "hops":1, "rtt_latency":457, "root_time_now":483000}
[Mote:2] Sensor IPv6 = fe80::202:2:2:2
[Mote:1] {"node":"fd00::202:2:2:2", "cpu_energy_mj":18, "lpm_energy_mj":0, "radio_tx_energy_mj":0, "radio_rx_energy_mj":8, "node_time":484267, "total_sent":45, "total_received":46, "bytes_tx":60, "bytes_rx":12, "r2n_latency":74, "lqi":100, "rssi":-52, "server_sent":46, "server_received":91, "server_bytes_rx":60, "n2r_latency":63, "hops":0, "rtt_latency":107, "root_time_now":484330}
[Mote:4] Sensor IPv6 = fe80::204:4:4:4
[Mote:1] {"node":"fd00::204:4:4:4", "cpu_energy_mj":19, "lpm_energy_mj":0, "radio_tx_energy_mj":0, "radio_rx_energy_mj":8, "node_time":485525, "total_sent":45, "total_received":46, "bytes_tx":60, "bytes_rx":12, "r2n_latency":284, "lqi":100, "rssi":-74, "server_sent":46, "server_received":91, "server_bytes_rx":60, "n2r_latency":65, "hops":0, "rtt_latency":212, "root_time_now":485590}
[Mote:5] Sensor IPv6 = fe80::205:5:5:5
[Mote:1] {"node":"fd00::205:5:5:5", "cpu_energy_mj":19, "lpm_energy_mj":0, "radio_tx_energy_mj":0, "radio_rx_energy_mj":8, "node_time":485960, "total_sent":33, "total_received":34, "bytes_tx":60, "bytes_rx":12, "r2n_latency":1124, "lqi":100, "rssi":-30, "server_sent":34, "server_received":67, "server_bytes_rx":60, "n2r_latency":190, "hops":2, "rtt_latency":667, "root_time_now":486150}
[Mote:3] Sensor IPv6 = fe80::203:3:3:3
[Mote:1] {"node":"fd00::203:3:3:3", "cpu_energy_mj":18, "lpm_energy_mj":0, "radio_tx_energy_mj":0, "radio_rx_energy_mj":8, "node_time":493174, "total_sent":38, "total_received":38, "bytes_tx":60, "bytes_rx":12, "r2n_latency":2114, "lqi":100, "rssi":-85, "server_sent":38, "server_received":76, "server_bytes_rx":60, "n2r_latency":116, "hops":1, "rtt_latency":1162, "root_time_now":493290}
[Mote:2] Sensor IPv6 = fe80::202:2:2:2
[Mote:1] {"node":"fd00::202:2:2:2", "cpu_energy_mj":18, "lpm_energy_mj":0, "radio_tx_energy_mj":0, "radio_rx_energy_mj":8, "node_time":494796, "total_sent":46, "total_received":47, "bytes_tx":60, "bytes_rx":12, "r2n_latency":14, "lqi":100, "rssi":-52, "server_sent":47, "server_received":93, "server_bytes_rx":60, "n2r_latency":34, "hops":0, "rtt_latency":182, "root_time_now":494830}
[Mote:4] Sensor IPv6 = fe80::204:4:4:4
[Mote:1] {"node":"fd00::204:4:4:4", "cpu_energy_mj":19, "lpm_energy_mj":0, "radio_tx_energy_mj":0, "radio_rx_energy_mj":8, "node_time":496081, "total_sent":46, "total_received":47, "bytes_tx":60, "bytes_rx":12, "r2n_latency":224, "lqi":100, "rssi":-74, "server_sent":47, "server_received":93, "server_bytes_rx":60, "n2r_latency":9, "hops":0, "rtt_latency":812, "root_time_now":496090}
[Mote:5] Sensor IPv6 = fe80::205:5:5:5
[Mote:1] {"node":"fd00::205:5:5:5", "cpu_energy_mj":19, "lpm_energy_mj":0, "radio_tx_energy_mj":0, "radio_rx_energy_mj":9, "node_time":496750, "total_sent":34, "total_received":35, "bytes_tx":60, "bytes_rx":12, "r2n_latency":2464, "lqi":100, "rssi":-30, "server_sent":35, "server_received":69, "server_bytes_rx":60, "n2r_latency":180, "hops":2, "rtt_latency":1337, "root_time_now":496930}
[Mote:3] Sensor IPv6 = fe80::203:3:3:3
[Mote:1] {"node":"fd00::203:3:3:3", "cpu_energy_mj":18, "lpm_energy_mj":0, "radio_tx_energy_mj":0, "radio_rx_energy_mj":8, "node_time":503439, "total_sent":39, "total_received":39, "bytes_tx":60, "bytes_rx":12, "r2n_latency":514, "lqi":100, "rssi":-85, "server_sent":39, "server_received":78, "server_bytes_rx":60, "n2r_latency":141, "hops":1, "rtt_latency":502, "root_time_now":503580}
[Mote:2] Sensor IPv6 = fe80::202:2:2:2
[Mote:1] {"node":"fd00::202:2:2:2", "cpu_energy_mj":18, "lpm_energy_mj":0, "radio_tx_energy_mj":0, "radio_rx_energy_mj":8, "node_time":505329, "total_sent":47, "total_received":48, "bytes_tx":60, "bytes_rx":12, "r2n_latency":24, "lqi":100, "rssi":-52, "server_sent":48, "server_received":95, "server_bytes_rx":60, "n2r_latency":71, "hops":0, "rtt_latency":82, "root_time_now":505400}
[Mote:4] Sensor IPv6 = fe80::204:4:4:4
[Mote:1] {"node":"fd00::204:4:4:4", "cpu_energy_mj":19, "lpm_energy_mj":0, "radio_tx_energy_mj":0, "radio_rx_energy_mj":8, "node_time":506637, "total_sent":47, "total_received":48, "bytes_tx":60, "bytes_rx":12, "r2n_latency":234, "lqi":100, "rssi":-74, "server_sent":48, "server_received":95, "server_bytes_rx":60, "n2r_latency":23, "hops":0, "rtt_latency":327, "root_time_now":506660}
[Mote:5] Sensor IPv6 = fe80::205:5:5:5
[Mote:1] {"node":"fd00::205:5:5:5", "cpu_energy_mj":19, "lpm_energy_mj":0, "radio_tx_energy_mj":0, "radio_rx_energy_mj":8, "node_time":507542, "total_sent":35, "total_received":36, "bytes_tx":60, "bytes_rx":12, "r2n_latency":1144, "lqi":100, "rssi":-30, "server_sent":36, "server_received":71, "server_bytes_rx":60, "n2r_latency":168, "hops":2, "rtt_latency":677, "root_time_now":507710}
[Mote:3] Sensor IPv6 = fe80::203:3:3:3
[Mote:1] {"node":"fd00::203:3:3:3", "cpu_energy_mj":18, "lpm_energy_mj":0, "radio_tx_energy_mj":0, "radio_rx_energy_mj":8, "node_time":513702, "total_sent":40, "total_received":40, "bytes_tx":60, "bytes_rx":12, "r2n_latency":874, "lqi":100, "rssi":-85, "server_sent":40, "server_received":80, "server_bytes_rx":60, "n2r_latency":98, "hops":1, "rtt_latency":577, "root_time_now":513800}
[Mote:2] Sensor IPv6 = fe80::202:2:2:2
[Mote:1] {"node":"fd00::202:2:2:2", "cpu_energy_mj":18, "lpm_energy_mj":0, "radio_tx_energy_mj":0, "radio_rx_energy_mj":8, "node_time":515858, "total_sent":48, "total_received":49, "bytes_tx":60, "bytes_rx":12, "r2n_latency":34, "lqi":100, "rssi":-52, "server_sent":49, "server_received":97, "server_bytes_rx":60, "n2r_latency":42, "hops":0, "rtt_latency":87, "root_time_now":515900}
[Mote:4] Sensor IPv6 = fe80::204:4:4:4
[Mote:1] {"node":"fd00::204:4:4:4", "cpu_energy_mj":19, "lpm_energy_mj":0, "radio_tx_energy_mj":0, "radio_rx_energy_mj":8, "node_time":517193, "total_sent":48, "total_received":49, "bytes_tx":60, "bytes_rx":12, "r2n_latency":384, "lqi":100, "rssi":-74, "server_sent":49, "server_received":97, "server_bytes_rx":60, "n2r_latency":37, "hops":0, "rtt_latency":402, "root_time_now":517230}
[Mote:5] Sensor IPv6 = fe80::205:5:5:5
[Mote:1] {"node":"fd00::205:5:5:5", "cpu_energy_mj":19, "lpm_energy_mj":0, "radio_tx_energy_mj":0, "radio_rx_energy_mj":8, "node_time":518336, "total_sent":36, "total_received":37, "bytes_tx":60, "bytes_rx":12, "r2n_latency":1714, "lqi":100, "rssi":-30, "server_sent":37, "server_received":73, "server_bytes_rx":60, "n2r_latency":154, "hops":2, "rtt_latency":962, "root_time_now":518490}
[Mote:3] Sensor IPv6 = fe80::203:3:3:3
[Mote:1] {"node":"fd00::203:3:3:3", "cpu_energy_mj":18, "lpm_energy_mj":0, "radio_tx_energy_mj":0, "radio_rx_energy_mj":8, "node_time":523966, "total_sent":41, "total_received":41, "bytes_tx":60, "bytes_rx":12, "r2n_latency":1164, "lqi":100, "rssi":-85, "server_sent":41, "server_received":82, "server_bytes_rx":60, "n2r_latency":124, "hops":1, "rtt_latency":792, "root_time_now":524090}
[Mote:2] Sensor IPv6 = fe80::202:2:2:2
[Mote:1] {"node":"fd00::202:2:2:2", "cpu_energy_mj":18, "lpm_energy_mj":0, "radio_tx_energy_mj":0, "radio_rx_energy_mj":8, "node_time":526391, "total_sent":49, "total_received":50, "bytes_tx":60, "bytes_rx":12, "r2n_latency":44, "lqi":100, "rssi":-52, "server_sent":50, "server_received":99, "server_bytes_rx":60, "n2r_latency":9, "hops":0, "rtt_latency":197, "root_time_now":526400}
[Mote:4] Sensor IPv6 = fe80::204:4:4:4
[Mote:1] {"node":"fd00::204:4:4:4", "cpu_energy_mj":19, "lpm_energy_mj":0, "radio_tx_energy_mj":0, "radio_rx_energy_mj":8, "node_time":527749, "total_sent":49, "total_received":50, "bytes_tx":60, "bytes_rx":12, "r2n_latency":604, "lqi":100, "rssi":-74, "server_sent":50, "server_received":99, "server_bytes_rx":60, "n2r_latency":51, "hops":0, "rtt_latency":652, "root_time_now":527800}
[Mote:5] Sensor IPv6 = fe80::205:5:5:5
[Mote:1] {"node":"fd00::205:5:5:5", "cpu_energy_mj":19, "lpm_energy_mj":0, "radio_tx_energy_mj":0, "radio_rx_energy_mj":8, "node_time":529126, "total_sent":37, "total_received":38, "bytes_tx":60, "bytes_rx":12, "r2n_latency":1724, "lqi":100, "rssi":-30, "server_sent":38, "server_received":75, "server_bytes_rx":60, "n2r_latency":214, "hops":2, "rtt_latency":967, "root_time_now":529340}
[Mote:3] Sensor IPv6 = fe80::203:3:3:3
[Mote:1] {"node":"fd00::203:3:3:3", "cpu_energy_mj":18, "lpm_energy_mj":0, "radio_tx_energy_mj":0, "radio_rx_energy_mj":8, "node_time":534230, "total_sent":42, "total_received":42, "bytes_tx":60, "bytes_rx":12, "r2n_latency":1524, "lqi":100, "rssi":-85, "server_sent":42, "server_received":84, "server_bytes_rx":60, "n2r_latency":80, "hops":1, "rtt_latency":1077, "root_time_now":534310}
[Mote:2] Sensor IPv6 = fe80::202:2:2:2
[Mote:1] {"node":"fd00::202:2:2:2", "cpu_energy_mj":18, "lpm_energy_mj":0, "radio_tx_energy_mj":0, "radio_rx_energy_mj":8, "node_time":536920, "total_sent":50, "total_received":51, "bytes_tx":60, "bytes_rx":12, "r2n_latency":54, "lqi":100, "rssi":-52, "server_sent":51, "server_received":101, "server_bytes_rx":60, "n2r_latency":50, "hops":0, "rtt_latency":237, "root_time_now":536970}
[Mote:4] Sensor IPv6 = fe80::204:4:4:4
[Mote:1] {"node":"fd00::204:4:4:4", "cpu_energy_mj":19, "lpm_energy_mj":0, "radio_tx_energy_mj":0, "radio_rx_energy_mj":8, "node_time":538309, "total_sent":50, "total_received":51, "bytes_tx":60, "bytes_rx":12, "r2n_latency":964, "lqi":100, "rssi":-74, "server_sent":51, "server_received":101, "server_bytes_rx":60, "n2r_latency":61, "hops":0, "rtt_latency":552, "root_time_now":538370}
[Mote:5] Sensor IPv6 = fe80::205:5:5:5
[Mote:1] {"node":"fd00::205:5:5:5", "cpu_energy_mj":19, "lpm_energy_mj":0, "radio_tx_energy_mj":0, "radio_rx_energy_mj":9, "node_time":539918, "total_sent":38, "total_received":39, "bytes_tx":60, "bytes_rx":12, "r2n_latency":2294, "lqi":100, "rssi":-30, "server_sent":40, "server_received":77, "server_bytes_rx":60, "n2r_latency":1882, "hops":2, "rtt_latency":1252, "root_time_now":541800}
[Mote:3] Sensor IPv6 = fe80::203:3:3:3
[Mote:1] {"node":"fd00::203:3:3:3", "cpu_energy_mj":18, "lpm_energy_mj":0, "radio_tx_energy_mj":0, "radio_rx_energy_mj":8, "node_time":544494, "total_sent":43, "total_received":43, "bytes_tx":60, "bytes_rx":12, "r2n_latency":484, "lqi":100, "rssi":-85, "server_sent":43, "server_received":86, "server_bytes_rx":60, "n2r_latency":106, "hops":1, "rtt_latency":942, "root_time_now":544600}
[Mote:2] Sensor IPv6 = fe80::202:2:2:2
[Mote:1] {"node":"fd00::202:2:2:2", "cpu_energy_mj":18, "lpm_energy_mj":0, "radio_tx_energy_mj":0, "radio_rx_energy_mj":8, "node_time":547451, "total_sent":51, "total_received":52, "bytes_tx":60, "bytes_rx":12, "r2n_latency":1394, "lqi":100, "rssi":-52, "server_sent":52, "server_received":103, "server_bytes_rx":60, "n2r_latency":19, "hops":0, "rtt_latency":732, "root_time_now":547470}
[Mote:4] Sensor IPv6 = fe80::204:4:4:4
[Mote:1] {"node":"fd00::204:4:4:4", "cpu_energy_mj":19, "lpm_energy_mj":0, "radio_tx_energy_mj":0, "radio_rx_energy_mj":8, "node_time":548861, "total_sent":51, "total_received":52, "bytes_tx":60, "bytes_rx":12, "r2n_latency":134, "lqi":100, "rssi":-74, "server_sent":52, "server_received":103, "server_bytes_rx":60, "n2r_latency":9, "hops":0, "rtt_latency":872, "root_time_now":548870}
[Mote:5] Sensor IPv6 = fe80::205:5:5:5
[Mote:1] {"node":"fd00::205:5:5:5", "cpu_energy_mj":19, "lpm_energy_mj":0, "radio_tx_energy_mj":0, "radio_rx_energy_mj":8, "node_time":550712, "total_sent":39, "total_received":40, "bytes_tx":60, "bytes_rx":12, "r2n_latency":1044, "lqi":100, "rssi":-30, "server_sent":41, "server_received":79, "server_bytes_rx":60, "n2r_latency":538, "hops":2, "rtt_latency":977, "root_time_now":551250}
[Mote:3] Sensor IPv6 = fe80::203:3:3:3
[Mote:1] {"node":"fd00::203:3:3:3", "cpu_energy_mj":18, "lpm_energy_mj":0, "radio_tx_energy_mj":0, "radio_rx_energy_mj":8, "node_time":554758, "total_sent":44, "total_received":44, "bytes_tx":60, "bytes_rx":12, "r2n_latency":1614, "lqi":100, "rssi":-85, "server_sent":44, "server_received":88, "server_bytes_rx":60, "n2r_latency":132, "hops":1, "rtt_latency":1017, "root_time_now":554890}
[Mote:2] Sensor IPv6 = fe80::202:2:2:2
[Mote:1] {"node":"fd00::202:2:2:2", "cpu_energy_mj":18, "lpm_energy_mj":0, "radio_tx_energy_mj":0, "radio_rx_energy_mj":8, "node_time":557982, "total_sent":52, "total_received":53, "bytes_tx":60, "bytes_rx":12, "r2n_latency":74, "lqi":100, "rssi":-52, "server_sent":53, "server_received":105, "server_bytes_rx":60, "n2r_latency":58, "hops":0, "rtt_latency":1227, "root_time_now":558040}
[Mote:4] Sensor IPv6 = fe80::204:4:4:4
[Mote:1] {"node":"fd00::204:4:4:4", "cpu_energy_mj":19, "lpm_energy_mj":0, "radio_tx_energy_mj":0, "radio_rx_energy_mj":8, "node_time":559417, "total_sent":52, "total_received":53, "bytes_tx":60, "bytes_rx":12, "r2n_latency":284, "lqi":100, "rssi":-74, "server_sent":53, "server_received":105, "server_bytes_rx":60, "n2r_latency":23, "hops":0, "rtt_latency":212, "root_time_now":559440}
[Mote:5] Sensor IPv6 = fe80::205:5:5:5
[Mote:1] {"node":"fd00::205:5:5:5", "cpu_energy_mj":19, "lpm_energy_mj":0, "radio_tx_energy_mj":0, "radio_rx_energy_mj":8, "node_time":561504, "total_sent":40, "total_received":41, "bytes_tx":60, "bytes_rx":12, "r2n_latency":4064, "lqi":100, "rssi":-30, "server_sent":42, "server_received":81, "server_bytes_rx":60, "n2r_latency":316, "hops":2, "rtt_latency":2137, "root_time_now":561820}
[Mote:3] Sensor IPv6 = fe80::203:3:3:3
[Mote:1] {"node":"fd00::203:3:3:3", "cpu_energy_mj":18, "lpm_energy_mj":0, "radio_tx_energy_mj":0, "radio_rx_energy_mj":8, "node_time":565022, "total_sent":45, "total_received":45, "bytes_tx":60, "bytes_rx":12, "r2n_latency":924, "lqi":100, "rssi":-85, "server_sent":45, "server_received":90, "server_bytes_rx":60, "n2r_latency":88, "hops":1, "rtt_latency":742, "root_time_now":565110}
[Mote:2] Sensor IPv6 = fe80::202:2:2:2
[Mote:1] {"node":"fd00::202:2:2:2", "cpu_energy_mj":18, "lpm_energy_mj":0, "radio_tx_energy_mj":0, "radio_rx_energy_mj":8, "node_time":568513, "total_sent":53, "total_received":54, "bytes_tx":60, "bytes_rx":12, "r2n_latency":14, "lqi":100, "rssi":-52, "server_sent":54, "server_received":107, "server_bytes_rx":60, "n2r_latency":27, "hops":0, "rtt_latency":182, "root_time_now":568540}
[Mote:4] Sensor IPv6 = fe80::204:4:4:4
[Mote:1] {"node":"fd00::204:4:4:4", "cpu_energy_mj":19, "lpm_energy_mj":0, "radio_tx_energy_mj":0, "radio_rx_energy_mj":8, "node_time":569973, "total_sent":53, "total_received":54, "bytes_tx":60, "bytes_rx":12, "r2n_latency":224, "lqi":100, "rssi":-74, "server_sent":55, "server_received":107, "server_bytes_rx":60, "n2r_latency":317, "hops":0, "rtt_latency":252, "root_time_now":570290}
[Mote:5] Sensor IPv6 = fe80::205:5:5:5
[Mote:1] {"node":"fd00::205:5:5:5", "cpu_energy_mj":19, "lpm_energy_mj":0, "radio_tx_energy_mj":0, "radio_rx_energy_mj":8, "node_time":572296, "total_sent":41, "total_received":42, "bytes_tx":60, "bytes_rx":12, "r2n_latency":1904, "lqi":100, "rssi":-30, "server_sent":43, "server_received":83, "server_bytes_rx":60, "n2r_latency":164, "hops":2, "rtt_latency":1057, "root_time_now":572460}
[Mote:3] Sensor IPv6 = fe80::203:3:3:3
[Mote:1] {"node":"fd00::203:3:3:3", "cpu_energy_mj":18, "lpm_energy_mj":0, "radio_tx_energy_mj":0, "radio_rx_energy_mj":8, "node_time":575286, "total_sent":46, "total_received":46, "bytes_tx":60, "bytes_rx":12, "r2n_latency":1634, "lqi":100, "rssi":-85, "server_sent":46, "server_received":92, "server_bytes_rx":60, "n2r_latency":114, "hops":1, "rtt_latency":1097, "root_time_now":575400}
[Mote:2] Sensor IPv6 = fe80::202:2:2:2
[Mote:1] {"node":"fd00::202:2:2:2", "cpu_energy_mj":18, "lpm_energy_mj":0, "radio_tx_energy_mj":0, "radio_rx_energy_mj":8, "node_time":579046, "total_sent":54, "total_received":55, "bytes_tx":60, "bytes_rx":12, "r2n_latency":164, "lqi":100, "rssi":-52, "server_sent":55, "server_received":109, "server_bytes_rx":60, "n2r_latency":64, "hops":0, "rtt_latency":502, "root_time_now":579110}
[Mote:4] Sensor IPv6 = fe80::204:4:4:4
[Mote:1] {"node":"fd00::204:4:4:4", "cpu_energy_mj":19, "lpm_energy_mj":0, "radio_tx_energy_mj":0, "radio_rx_energy_mj":8, "node_time":580531, "total_sent":54, "total_received":56, "bytes_tx":60, "bytes_rx":12, "r2n_latency":174, "lqi":100, "rssi":-74, "server_sent":56, "server_received":110, "server_bytes_rx":60, "n2r_latency":609, "hops":0, "rtt_latency":157, "root_time_now":581140}
[Mote:5] Sensor IPv6 = fe80::205:5:5:5
[Mote:1] {"node":"fd00::205:5:5:5", "cpu_energy_mj":19, "lpm_energy_mj":0, "radio_tx_energy_mj":0, "radio_rx_energy_mj":8, "node_time":583088, "total_sent":42, "total_received":44, "bytes_tx":60, "bytes_rx":12, "r2n_latency":1364, "lqi":100, "rssi":-30, "server_sent":44, "server_received":86, "server_bytes_rx":60, "n2r_latency":152, "hops":2, "rtt_latency":787, "root_time_now":583240}
[Mote:3] Sensor IPv6 = fe80::203:3:3:3
[Mote:1] {"node":"fd00::203:3:3:3", "cpu_energy_mj":18, "lpm_energy_mj":0, "radio_tx_energy_mj":0, "radio_rx_energy_mj":8, "node_time":585548, "total_sent":47, "total_received":47, "bytes_tx":60, "bytes_rx":12, "r2n_latency":874, "lqi":100, "rssi":-85, "server_sent":47, "server_received":94, "server_bytes_rx":60, "n2r_latency":142, "hops":1, "rtt_latency":612, "root_time_now":585690}
[Mote:2] Sensor IPv6 = fe80::202:2:2:2
[Mote:1] {"node":"fd00::202:2:2:2", "cpu_energy_mj":18, "lpm_energy_mj":0, "radio_tx_energy_mj":0, "radio_rx_energy_mj":8, "node_time":589577, "total_sent":55, "total_received":56, "bytes_tx":60, "bytes_rx":12, "r2n_latency":34, "lqi":100, "rssi":-52, "server_sent":56, "server_received":111, "server_bytes_rx":60, "n2r_latency":33, "hops":0, "rtt_latency":192, "root_time_now":589610}
[Mote:4] Sensor IPv6 = fe80::204:4:4:4
[Mote:1] {"node":"fd00::204:4:4:4", "cpu_energy_mj":19, "lpm_energy_mj":0, "radio_tx_energy_mj":0, "radio_rx_energy_mj":8, "node_time":591087, "total_sent":55, "total_received":57, "bytes_tx":60, "bytes_rx":12, "r2n_latency":674, "lqi":100, "rssi":-74, "server_sent":57, "server_received":112, "server_bytes_rx":60, "n2r_latency":1323, "hops":0, "rtt_latency":1142, "root_time_now":592410}
[Mote:5] Sensor IPv6 = fe80::205:5:5:5
[Mote:1] {"node":"fd00::205:5:5:5", "cpu_energy_mj":19, "lpm_energy_mj":0, "radio_tx_energy_mj":0, "radio_rx_energy_mj":9, "node_time":593879, "total_sent":43, "total_received":45, "bytes_tx":60, "bytes_rx":12, "r2n_latency":1654, "lqi":100, "rssi":-30, "server_sent":45, "server_received":88, "server_bytes_rx":60, "n2r_latency":211, "hops":2, "rtt_latency":1247, "root_time_now":594090}
[Mote:3] Sensor IPv6 = fe80::203:3:3:3
[Mote:1] {"node":"fd00::203:3:3:3", "cpu_energy_mj":18, "lpm_energy_mj":0, "radio_tx_energy_mj":0, "radio_rx_energy_mj":8, "node_time":595812, "total_sent":48, "total_received":48, "bytes_tx":60, "bytes_rx":12, "r2n_latency":1024, "lqi":100, "rssi":-85, "server_sent":48, "server_received":96, "server_bytes_rx":60, "n2r_latency":98, "hops":1, "rtt_latency":1177, "root_time_now":595910}
[Mote:2] Sensor IPv6 = fe80::202:2:2:2
[Mote:1] {"node":"fd00::202:2:2:2", "cpu_energy_mj":18, "lpm_energy_mj":0, "radio_tx_energy_mj":0, "radio_rx_energy_mj":8, "node_time":600106, "total_sent":56, "total_received":58, "bytes_tx":60, "bytes_rx":12, "r2n_latency":54, "lqi":100, "rssi":-52, "server_sent":58, "server_received":114, "server_bytes_rx":60, "n2r_latency":214, "hops":0, "rtt_latency":132, "root_time_now":600320}
[Mote:4] Sensor IPv6 = fe80::204:4:4:4
[Mote:1] {"node":"fd00::204:4:4:4", "cpu_energy_mj":19, "lpm_energy_mj":0, "radio_tx_energy_mj":0, "radio_rx_energy_mj":8, "node_time":601643, "total_sent":56, "total_received":58, "bytes_tx":60, "bytes_rx":12, "r2n_latency":474, "lqi":100, "rssi":-74, "server_sent":58, "server_received":114, "server_bytes_rx":60, "n2r_latency":287, "hops":0, "rtt_latency":377, "root_time_now":601930}
[Mote:5] Sensor IPv6 = fe80::205:5:5:5
[Mote:1] {"node":"fd00::205:5:5:5", "cpu_energy_mj":19, "lpm_energy_mj":0, "radio_tx_energy_mj":0, "radio_rx_energy_mj":9, "node_time":604670, "total_sent":44, "total_received":46, "bytes_tx":60, "bytes_rx":12, "r2n_latency":1524, "lqi":100, "rssi":-30, "server_sent":46, "server_received":90, "server_bytes_rx":60, "n2r_latency":200, "hops":2, "rtt_latency":1007, "root_time_now":604870}
[Mote:3] Sensor IPv6 = fe80::203:3:3:3
[Mote:1] {"node":"fd00::203:3:3:3", "cpu_energy_mj":18, "lpm_energy_mj":0, "radio_tx_energy_mj":0, "radio_rx_energy_mj":8, "node_time":606076, "total_sent":49, "total_received":49, "bytes_tx":60, "bytes_rx":12, "r2n_latency":894, "lqi":100, "rssi":-85, "server_sent":49, "server_received":98, "server_bytes_rx":60, "n2r_latency":124, "hops":1, "rtt_latency":657, "root_time_now":606200}
[Mote:2] Sensor IPv6 = fe80::202:2:2:2
[Mote:4] Sensor IPv6 = fe80::204:4:4:4
[Mote:1] {"node":"fd00::204:4:4:4", "cpu_energy_mj":19, "lpm_energy_mj":0, "radio_tx_energy_mj":0, "radio_rx_energy_mj":8, "node_time":612199, "total_sent":57, "total_received":59, "bytes_tx":60, "bytes_rx":12, "r2n_latency":204, "lqi":100, "rssi":-74, "server_sent":59, "server_received":116, "server_bytes_rx":60, "n2r_latency":301, "hops":0, "rtt_latency":207, "root_time_now":612500}
[Mote:1] {"node":"fd00::202:2:2:2", "cpu_energy_mj":18, "lpm_energy_mj":0, "radio_tx_energy_mj":0, "radio_rx_energy_mj":8, "node_time":610637, "total_sent":57, "total_received":59, "bytes_tx":60, "bytes_rx":12, "r2n_latency":64, "lqi":100, "rssi":-52, "server_sent":59, "server_received":116, "server_bytes_rx":60, "n2r_latency":2913, "hops":0, "rtt_latency":1747, "root_time_now":613550}
[Mote:5] Sensor IPv6 = fe80::205:5:5:5
[Mote:1] {"node":"fd00::205:5:5:5", "cpu_energy_mj":19, "lpm_energy_mj":0, "radio_tx_energy_mj":0, "radio_rx_energy_mj":8, "node_time":615462, "total_sent":45, "total_received":47, "bytes_tx":60, "bytes_rx":12, "r2n_latency":1534, "lqi":100, "rssi":-30, "server_sent":47, "server_received":92, "server_bytes_rx":60, "n2r_latency":188, "hops":2, "rtt_latency":872, "root_time_now":615650}
[Mote:3] Sensor IPv6 = fe80::203:3:3:3
[Mote:1] {"node":"fd00::203:3:3:3", "cpu_energy_mj":18, "lpm_energy_mj":0, "radio_tx_energy_mj":0, "radio_rx_energy_mj":8, "node_time":616340, "total_sent":50, "total_received":50, "bytes_tx":60, "bytes_rx":12, "r2n_latency":694, "lqi":100, "rssi":-85, "server_sent":50, "server_received":100, "server_bytes_rx":60, "n2r_latency":80, "hops":1, "rtt_latency":452, "root_time_now":616420}
[Mote:2] Sensor IPv6 = fe80::202:2:2:2
[Mote:1] {"node":"fd00::202:2:2:2", "cpu_energy_mj":18, "lpm_energy_mj":0, "radio_tx_energy_mj":0, "radio_rx_energy_mj":8, "node_time":621167, "total_sent":58, "total_received":59, "bytes_tx":60, "bytes_rx":12, "r2n_latency":64, "lqi":100, "rssi":-52, "server_sent":60, "server_received":117, "server_bytes_rx":60, "n2r_latency":993, "hops":0, "rtt_latency":1747, "root_time_now":622160}
[Mote:4] Sensor IPv6 = fe80::204:4:4:4
[Mote:1] {"node":"fd00::204:4:4:4", "cpu_energy_mj":19, "lpm_energy_mj":0, "radio_tx_energy_mj":0, "radio_rx_energy_mj":8, "node_time":622755, "total_sent":58, "total_received":60, "bytes_tx":60, "bytes_rx":12, "r2n_latency":144, "lqi":100, "rssi":-74, "server_sent":60, "server_received":118, "server_bytes_rx":60, "n2r_latency":245, "hops":0, "rtt_latency":457, "root_time_now":623000}
[Mote:5] Sensor IPv6 = fe80::205:5:5:5
[Mote:1] {"node":"fd00::205:5:5:5", "cpu_energy_mj":19, "lpm_energy_mj":0, "radio_tx_energy_mj":0, "radio_rx_energy_mj":8, "node_time":626256, "total_sent":46, "total_received":48, "bytes_tx":60, "bytes_rx":12, "r2n_latency":774, "lqi":100, "rssi":-30, "server_sent":48, "server_received":94, "server_bytes_rx":60, "n2r_latency":174, "hops":2, "rtt_latency":1472, "root_time_now":626430}
[Mote:3] Sensor IPv6 = fe80::203:3:3:3
[Mote:1] {"node":"fd00::203:3:3:3", "cpu_energy_mj":18, "lpm_energy_mj":0, "radio_tx_energy_mj":0, "radio_rx_energy_mj":8, "node_time":626604, "total_sent":51, "total_received":51, "bytes_tx":60, "bytes_rx":12, "r2n_latency":494, "lqi":100, "rssi":-85, "server_sent":51, "server_received":102, "server_bytes_rx":60, "n2r_latency":106, "hops":1, "rtt_latency":1437, "root_time_now":626710}
[Mote:2] Sensor IPv6 = fe80::202:2:2:2
[Mote:1] {"node":"fd00::202:2:2:2", "cpu_energy_mj":18, "lpm_energy_mj":0, "radio_tx_energy_mj":0, "radio_rx_energy_mj":8, "node_time":631699, "total_sent":59, "total_received":61, "bytes_tx":60, "bytes_rx":12, "r2n_latency":14, "lqi":100, "rssi":-52, "server_sent":61, "server_received":120, "server_bytes_rx":60, "n2r_latency":51, "hops":0, "rtt_latency":112, "root_time_now":631750}
[Mote:4] Sensor IPv6 = fe80::204:4:4:4
[Mote:1] {"node":"fd00::204:4:4:4", "cpu_energy_mj":19, "lpm_energy_mj":0, "radio_tx_energy_mj":0, "radio_rx_energy_mj":8, "node_time":633311, "total_sent":59, "total_received":61, "bytes_tx":60, "bytes_rx":12, "r2n_latency":364, "lqi":100, "rssi":-74, "server_sent":61, "server_received":120, "server_bytes_rx":60, "n2r_latency":49, "hops":0, "rtt_latency":392, "root_time_now":633360}
[Mote:3] Sensor IPv6 = fe80::203:3:3:3
[Mote:1] {"node":"fd00::203:3:3:3", "cpu_energy_mj":18, "lpm_energy_mj":0, "radio_tx_energy_mj":0, "radio_rx_energy_mj":8, "node_time":636872, "total_sent":52, "total_received":52, "bytes_tx":60, "bytes_rx":12, "r2n_latency":854, "lqi":100, "rssi":-85, "server_sent":52, "server_received":104, "server_bytes_rx":60, "n2r_latency":128, "hops":1, "rtt_latency":497, "root_time_now":637000}
[Mote:5] Sensor IPv6 = fe80::205:5:5:5
[Mote:1] {"node":"fd00::205:5:5:5", "cpu_energy_mj":19, "lpm_energy_mj":0, "radio_tx_energy_mj":0, "radio_rx_energy_mj":9, "node_time":637046, "total_sent":47, "total_received":49, "bytes_tx":60, "bytes_rx":12, "r2n_latency":1274, "lqi":100, "rssi":-30, "server_sent":49, "server_received":96, "server_bytes_rx":60, "n2r_latency":164, "hops":2, "rtt_latency":742, "root_time_now":637210}
[Mote:2] Sensor IPv6 = fe80::202:2:2:2
[Mote:1] {"node":"fd00::202:2:2:2", "cpu_energy_mj":18, "lpm_energy_mj":0, "radio_tx_energy_mj":0, "radio_rx_energy_mj":8, "node_time":642232, "total_sent":60, "total_received":62, "bytes_tx":60, "bytes_rx":12, "r2n_latency":24, "lqi":100, "rssi":-52, "server_sent":62, "server_received":122, "server_bytes_rx":60, "n2r_latency":18, "hops":0, "rtt_latency":82, "root_time_now":642250}
[Mote:4] Sensor IPv6 = fe80::204:4:4:4
[Mote:1] {"node":"fd00::204:4:4:4", "cpu_energy_mj":19, "lpm_energy_mj":0, "radio_tx_energy_mj":0, "radio_rx_energy_mj":8, "node_time":643867, "total_sent":60, "total_received":62, "bytes_tx":60, "bytes_rx":12, "r2n_latency":374, "lqi":100, "rssi":-74, "server_sent":62, "server_received":122, "server_bytes_rx":60, "n2r_latency":63, "hops":0, "rtt_latency":292, "root_time_now":643930}
[Mote:3] Sensor IPv6 = fe80::203:3:3:3
[Mote:1] {"node":"fd00::203:3:3:3", "cpu_energy_mj":18, "lpm_energy_mj":0, "radio_tx_energy_mj":0, "radio_rx_energy_mj":8, "node_time":647134, "total_sent":53, "total_received":53, "bytes_tx":60, "bytes_rx":12, "r2n_latency":934, "lqi":100, "rssi":-85, "server_sent":53, "server_received":106, "server_bytes_rx":60, "n2r_latency":86, "hops":1, "rtt_latency":607, "root_time_now":647220}
[Mote:5] Sensor IPv6 = fe80::205:5:5:5
[Mote:1] {"node":"fd00::205:5:5:5", "cpu_energy_mj":19, "lpm_energy_mj":0, "radio_tx_energy_mj":0, "radio_rx_energy_mj":8, "node_time":647838, "total_sent":48, "total_received":50, "bytes_tx":60, "bytes_rx":12, "r2n_latency":1354, "lqi":100, "rssi":-30, "server_sent":50, "server_received":98, "server_bytes_rx":60, "n2r_latency":152, "hops":2, "rtt_latency":782, "root_time_now":647990}
[Mote:2] Sensor IPv6 = fe80::202:2:2:2
[Mote:1] {"node":"fd00::202:2:2:2", "cpu_energy_mj":18, "lpm_energy_mj":0, "radio_tx_energy_mj":0, "radio_rx_energy_mj":8, "node_time":652763, "total_sent":61, "total_received":63, "bytes_tx":60, "bytes_rx":12, "r2n_latency":34, "lqi":100, "rssi":-52, "server_sent":63, "server_received":124, "server_bytes_rx":60, "n2r_latency":57, "hops":0, "rtt_latency":157, "root_time_now":652820}
[Mote:4] Sensor IPv6 = fe80::204:4:4:4
[Mote:1] {"node":"fd00::204:4:4:4", "cpu_energy_mj":19, "lpm_energy_mj":0, "radio_tx_energy_mj":0, "radio_rx_energy_mj":8, "node_time":654425, "total_sent":61, "total_received":63, "bytes_tx":60, "bytes_rx":12, "r2n_latency":454, "lqi":100, "rssi":-74, "server_sent":63, "server_received":124, "server_bytes_rx":60, "n2r_latency":5, "hops":0, "rtt_latency":297, "root_time_now":654430}
[Mote:3] Sensor IPv6 = fe80::203:3:3:3
[Mote:1] {"node":"fd00::203:3:3:3", "cpu_energy_mj":18, "lpm_energy_mj":0, "radio_tx_energy_mj":0, "radio_rx_energy_mj":8, "node_time":657398, "total_sent":54, "total_received":54, "bytes_tx":60, "bytes_rx":12, "r2n_latency":874, "lqi":100, "rssi":-85, "server_sent":54, "server_received":108, "server_bytes_rx":60, "n2r_latency":112, "hops":1, "rtt_latency":787, "root_time_now":657510}
[Mote:5] Sensor IPv6 = fe80::205:5:5:5
[Mote:1] {"node":"fd00::205:5:5:5", "cpu_energy_mj":19, "lpm_energy_mj":0, "radio_tx_energy_mj":0, "radio_rx_energy_mj":8, "node_time":658630, "total_sent":49, "total_received":51, "bytes_tx":60, "bytes_rx":12, "r2n_latency":1224, "lqi":100, "rssi":-30, "server_sent":51, "server_received":100, "server_bytes_rx":60, "n2r_latency":210, "hops":2, "rtt_latency":962, "root_time_now":658840}
[Mote:2] Sensor IPv6 = fe80::202:2:2:2
[Mote:1] {"node":"fd00::202:2:2:2", "cpu_energy_mj":18, "lpm_energy_mj":0, "radio_tx_energy_mj":0, "radio_rx_energy_mj":8, "node_time":663292, "total_sent":62, "total_received":64, "bytes_tx":60, "bytes_rx":12, "r2n_latency":44, "lqi":100, "rssi":-52, "server_sent":64, "server_received":126, "server_bytes_rx":60, "n2r_latency":28, "hops":0, "rtt_latency":92, "root_time_now":663320}
[Mote:4] Sensor IPv6 = fe80::204:4:4:4
[Mote:1] {"node":"fd00::204:4:4:4", "cpu_energy_mj":19, "lpm_energy_mj":0, "radio_tx_energy_mj":0, "radio_rx_energy_mj":8, "node_time":664979, "total_sent":62, "total_received":64, "bytes_tx":60, "bytes_rx":12, "r2n_latency":324, "lqi":100, "rssi":-74, "server_sent":64, "server_received":126, "server_bytes_rx":60, "n2r_latency":21, "hops":0, "rtt_latency":232, "root_time_now":665000}
[Mote:3] Sensor IPv6 = fe80::203:3:3:3
[Mote:1] {"node":"fd00::203:3:3:3", "cpu_energy_mj":18, "lpm_energy_mj":0, "radio_tx_energy_mj":0, "radio_rx_energy_mj":8, "node_time":667664, "total_sent":55, "total_received":55, "bytes_tx":60, "bytes_rx":12, "r2n_latency":674, "lqi":100, "rssi":-85, "server_sent":55, "server_received":110, "server_bytes_rx":60, "n2r_latency":136, "hops":1, "rtt_latency":407, "root_time_now":667800}
[Mote:5] Sensor IPv6 = fe80::205:5:5:5
[Mote:1] {"node":"fd00::205:5:5:5", "cpu_energy_mj":19, "lpm_energy_mj":0, "radio_tx_energy_mj":0, "radio_rx_energy_mj":8, "node_time":669424, "total_sent":50, "total_received":52, "bytes_tx":60, "bytes_rx":12, "r2n_latency":1024, "lqi":100, "rssi":-30, "server_sent":52, "server_received":102, "server_bytes_rx":60, "n2r_latency":196, "hops":2, "rtt_latency":617, "root_time_now":669620}
[Mote:2] Sensor IPv6 = fe80::202:2:2:2
[Mote:1] {"node":"fd00::202:2:2:2", "cpu_energy_mj":18, "lpm_energy_mj":0, "radio_tx_energy_mj":0, "radio_rx_energy_mj":8, "node_time":673823, "total_sent":63, "total_received":65, "bytes_tx":60, "bytes_rx":12, "r2n_latency":54, "lqi":100, "rssi":-52, "server_sent":65, "server_received":128, "server_bytes_rx":60, "n2r_latency":207, "hops":0, "rtt_latency":1987, "root_time_now":674030}
[Mote:4] Sensor IPv6 = fe80::204:4:4:4
[Mote:1] {"node":"fd00::204:4:4:4", "cpu_energy_mj":19, "lpm_energy_mj":0, "radio_tx_energy_mj":0, "radio_rx_energy_mj":8, "node_time":675535, "total_sent":63, "total_received":65, "bytes_tx":60, "bytes_rx":12, "r2n_latency":194, "lqi":100, "rssi":-74, "server_sent":65, "server_received":128, "server_bytes_rx":60, "n2r_latency":35, "hops":0, "rtt_latency":377, "root_time_now":675570}
[Mote:3] Sensor IPv6 = fe80::203:3:3:3
[Mote:1] {"node":"fd00::203:3:3:3", "cpu_energy_mj":18, "lpm_energy_mj":0, "radio_tx_energy_mj":0, "radio_rx_energy_mj":8, "node_time":677928, "total_sent":56, "total_received":56, "bytes_tx":60, "bytes_rx":12, "r2n_latency":1174, "lqi":100, "rssi":-85, "server_sent":56, "server_received":112, "server_bytes_rx":60, "n2r_latency":92, "hops":1, "rtt_latency":1392, "root_time_now":678020}
[Mote:5] Sensor IPv6 = fe80::205:5:5:5
[Mote:1] {"node":"fd00::205:5:5:5", "cpu_energy_mj":19, "lpm_energy_mj":0, "radio_tx_energy_mj":0, "radio_rx_energy_mj":8, "node_time":680216, "total_sent":51, "total_received":53, "bytes_tx":60, "bytes_rx":12, "r2n_latency":1874, "lqi":100, "rssi":-30, "server_sent":54, "server_received":104, "server_bytes_rx":60, "n2r_latency":534, "hops":2, "rtt_latency":1427, "root_time_now":680750}
[Mote:2] Sensor IPv6 = fe80::202:2:2:2
[Mote:1] {"node":"fd00::202:2:2:2", "cpu_energy_mj":18, "lpm_energy_mj":0, "radio_tx_energy_mj":0, "radio_rx_energy_mj":8, "node_time":684354, "total_sent":64, "total_received":66, "bytes_tx":60, "bytes_rx":12, "r2n_latency":64, "lqi":100, "rssi":-52, "server_sent":66, "server_received":130, "server_bytes_rx":60, "n2r_latency":36, "hops":0, "rtt_latency":102, "root_time_now":684390}
[Mote:4] Sensor IPv6 = fe80::204:4:4:4
[Mote:1] {"node":"fd00::204:4:4:4", "cpu_energy_mj":19, "lpm_energy_mj":0, "radio_tx_energy_mj":0, "radio_rx_energy_mj":8, "node_time":686091, "total_sent":64, "total_received":66, "bytes_tx":60, "bytes_rx":12, "r2n_latency":414, "lqi":100, "rssi":-74, "server_sent":66, "server_received":130, "server_bytes_rx":60, "n2r_latency":49, "hops":0, "rtt_latency":312, "root_time_now":686140}
[Mote:3] Sensor IPv6 = fe80::203:3:3:3
[Mote:1] {"node":"fd00::203:3:3:3", "cpu_energy_mj":18, "lpm_energy_mj":0, "radio_tx_energy_mj":0, "radio_rx_energy_mj":8, "node_time":688190, "total_sent":57, "total_received":57, "bytes_tx":60, "bytes_rx":12, "r2n_latency":1604, "lqi":100, "rssi":-85, "server_sent":57, "server_received":114, "server_bytes_rx":60, "n2r_latency":120, "hops":1, "rtt_latency":1747, "root_time_now":688310}
[Mote:5] Sensor IPv6 = fe80::205:5:5:5
[Mote:1] {"node":"fd00::205:5:5:5", "cpu_energy_mj":19, "lpm_energy_mj":0, "radio_tx_energy_mj":0, "radio_rx_energy_mj":8, "node_time":691008, "total_sent":52, "total_received":54, "bytes_tx":60, "bytes_rx":12, "r2n_latency":2024, "lqi":100, "rssi":-30, "server_sent":55, "server_received":106, "server_bytes_rx":60, "n2r_latency":452, "hops":2, "rtt_latency":1782, "root_time_now":691460}
[Mote:2] Sensor IPv6 = fe80::202:2:2:2
[Mote:1] {"node":"fd00::202:2:2:2", "cpu_energy_mj":18, "lpm_energy_mj":0, "radio_tx_energy_mj":0, "radio_rx_energy_mj":8, "node_time":694887, "total_sent":65, "total_received":67, "bytes_tx":60, "bytes_rx":12, "r2n_latency":74, "lqi":100, "rssi":-52, "server_sent":67, "server_received":132, "server_bytes_rx":60, "n2r_latency":73, "hops":0, "rtt_latency":282, "root_time_now":694960}
[Mote:4] Sensor IPv6 = fe80::204:4:4:4
[Mote:1] {"node":"fd00::204:4:4:4", "cpu_energy_mj":19, "lpm_energy_mj":0, "radio_tx_energy_mj":0, "radio_rx_energy_mj":8, "node_time":696649, "total_sent":65, "total_received":67, "bytes_tx":60, "bytes_rx":12, "r2n_latency":424, "lqi":100, "rssi":-74, "server_sent":67, "server_received":132, "server_bytes_rx":60, "n2r_latency":61, "hops":0, "rtt_latency":317, "root_time_now":696710}
[Mote:3] Sensor IPv6 = fe80::203:3:3:3
[Mote:1] {"node":"fd00::203:3:3:3", "cpu_energy_mj":18, "lpm_energy_mj":0, "radio_tx_energy_mj":0, "radio_rx_energy_mj":8, "node_time":698454, "total_sent":58, "total_received":58, "bytes_tx":60, "bytes_rx":12, "r2n_latency":914, "lqi":100, "rssi":-85, "server_sent":58, "server_received":116, "server_bytes_rx":60, "n2r_latency":76, "hops":1, "rtt_latency":702, "root_time_now":698530}
[Mote:5] Sensor IPv6 = fe80::205:5:5:5
[Mote:1] {"node":"fd00::205:5:5:5", "cpu_energy_mj":19, "lpm_energy_mj":0, "radio_tx_energy_mj":0, "radio_rx_energy_mj":8, "node_time":701798, "total_sent":53, "total_received":56, "bytes_tx":60, "bytes_rx":12, "r2n_latency":1554, "lqi":100, "rssi":-30, "server_sent":56, "server_received":109, "server_bytes_rx":60, "n2r_latency":162, "hops":2, "rtt_latency":882, "root_time_now":701960}
[Mote:2] Sensor IPv6 = fe80::202:2:2:2
[Mote:1] {"node":"fd00::202:2:2:2", "cpu_energy_mj":18, "lpm_energy_mj":0, "radio_tx_energy_mj":0, "radio_rx_energy_mj":8, "node_time":705416, "total_sent":66, "total_received":68, "bytes_tx":60, "bytes_rx":12, "r2n_latency":14, "lqi":100, "rssi":-52, "server_sent":68, "server_received":134, "server_bytes_rx":60, "n2r_latency":44, "hops":0, "rtt_latency":112, "root_time_now":705460}
[Mote:4] Sensor IPv6 = fe80::204:4:4:4
[Mote:1] {"node":"fd00::204:4:4:4", "cpu_energy_mj":19, "lpm_energy_mj":0, "radio_tx_energy_mj":0, "radio_rx_energy_mj":8, "node_time":707201, "total_sent":66, "total_received":68, "bytes_tx":60, "bytes_rx":12, "r2n_latency":294, "lqi":100, "rssi":-74, "server_sent":68, "server_received":134, "server_bytes_rx":60, "n2r_latency":9, "hops":0, "rtt_latency":287, "root_time_now":707210}
[Mote:3] Sensor IPv6 = fe80::203:3:3:3
[Mote:1] {"node":"fd00::203:3:3:3", "cpu_energy_mj":18, "lpm_energy_mj":0, "radio_tx_energy_mj":0, "radio_rx_energy_mj":8, "node_time":708720, "total_sent":59, "total_received":59, "bytes_tx":60, "bytes_rx":12, "r2n_latency":854, "lqi":100, "rssi":-85, "server_sent":59, "server_received":118, "server_bytes_rx":60, "n2r_latency":100, "hops":1, "rtt_latency":532, "root_time_now":708820}
[Mote:5] Sensor IPv6 = fe80::205:5:5:5
[Mote:1] {"node":"fd00::205:5:5:5", "cpu_energy_mj":19, "lpm_energy_mj":0, "radio_tx_energy_mj":0, "radio_rx_energy_mj":8, "node_time":712590, "total_sent":54, "total_received":57, "bytes_tx":60, "bytes_rx":12, "r2n_latency":1634, "lqi":100, "rssi":-30, "server_sent":57, "server_received":111, "server_bytes_rx":60, "n2r_latency":150, "hops":2, "rtt_latency":922, "root_time_now":712740}
[Mote:2] Sensor IPv6 = fe80::202:2:2:2
[Mote:1] {"node":"fd00::202:2:2:2", "cpu_energy_mj":18, "lpm_energy_mj":0, "radio_tx_energy_mj":0, "radio_rx_energy_mj":8, "node_time":715947, "total_sent":67, "total_received":69, "bytes_tx":60, "bytes_rx":12, "r2n_latency":24, "lqi":100, "rssi":-52, "server_sent":69, "server_received":136, "server_bytes_rx":60, "n2r_latency":13, "hops":0, "rtt_latency":187, "root_time_now":715960}
[Mote:4] Sensor IPv6 = fe80::204:4:4:4
[Mote:1] {"node":"fd00::204:4:4:4", "cpu_energy_mj":19, "lpm_energy_mj":0, "radio_tx_energy_mj":0, "radio_rx_energy_mj":8, "node_time":717757, "total_sent":67, "total_received":69, "bytes_tx":60, "bytes_rx":12, "r2n_latency":164, "lqi":100, "rssi":-74, "server_sent":69, "server_received":136, "server_bytes_rx":60, "n2r_latency":23, "hops":0, "rtt_latency":222, "root_time_now":717780}
[Mote:3] Sensor IPv6 = fe80::203:3:3:3
[Mote:1] {"node":"fd00::203:3:3:3", "cpu_energy_mj":18, "lpm_energy_mj":0, "radio_tx_energy_mj":0, "radio_rx_energy_mj":8, "node_time":718984, "total_sent":60, "total_received":60, "bytes_tx":60, "bytes_rx":12, "r2n_latency":1144, "lqi":100, "rssi":-85, "server_sent":60, "server_received":120, "server_bytes_rx":60, "n2r_latency":126, "hops":1, "rtt_latency":642, "root_time_now":719110}
[Mote:5] Sensor IPv6 = fe80::205:5:5:5
[Mote:1] {"node":"fd00::205:5:5:5", "cpu_energy_mj":19, "lpm_energy_mj":0, "radio_tx_energy_mj":0, "radio_rx_energy_mj":8, "node_time":723382, "total_sent":55, "total_received":58, "bytes_tx":60, "bytes_rx":12, "r2n_latency":1154, "lqi":100, "rssi":-30, "server_sent":58, "server_received":113, "server_bytes_rx":60, "n2r_latency":208, "hops":2, "rtt_latency":1137, "root_time_now":723590}
[Mote:2] Sensor IPv6 = fe80::202:2:2:2
[Mote:1] {"node":"fd00::202:2:2:2", "cpu_energy_mj":18, "lpm_energy_mj":0, "radio_tx_energy_mj":0, "radio_rx_energy_mj":8, "node_time":726480, "total_sent":68, "total_received":70, "bytes_tx":60, "bytes_rx":12, "r2n_latency":34, "lqi":100, "rssi":-52, "server_sent":70, "server_received":138, "server_bytes_rx":60, "n2r_latency":50, "hops":0, "rtt_latency":87, "root_time_now":726530}
[Mote:4] Sensor IPv6 = fe80::204:4:4:4
[Mote:1] {"node":"fd00::204:4:4:4", "cpu_energy_mj":19, "lpm_energy_mj":0, "radio_tx_energy_mj":0, "radio_rx_energy_mj":8, "node_time":728317, "total_sent":68, "total_received":70, "bytes_tx":60, "bytes_rx":12, "r2n_latency":314, "lqi":100, "rssi":-74, "server_sent":70, "server_received":138, "server_bytes_rx":60, "n2r_latency":33, "hops":0, "rtt_latency":297, "root_time_now":728350}
[Mote:3] Sensor IPv6 = fe80::203:3:3:3
[Mote:1] {"node":"fd00::203:3:3:3", "cpu_energy_mj":18, "lpm_energy_mj":0, "radio_tx_energy_mj":0, "radio_rx_energy_mj":8, "node_time":729244, "total_sent":61, "total_received":61, "bytes_tx":60, "bytes_rx":12, "r2n_latency":874, "lqi":100, "rssi":-85, "server_sent":61, "server_received":122, "server_bytes_rx":60, "n2r_latency":86, "hops":1, "rtt_latency":1102, "root_time_now":729330}
[Mote:5] Sensor IPv6 = fe80::205:5:5:5
[Mote:1] {"node":"fd00::205:5:5:5", "cpu_energy_mj":19, "lpm_energy_mj":0, "radio_tx_energy_mj":0, "radio_rx_energy_mj":8, "node_time":734174, "total_sent":56, "total_received":59, "bytes_tx":60, "bytes_rx":12, "r2n_latency":2354, "lqi":100, "rssi":-30, "server_sent":59, "server_received":115, "server_bytes_rx":60, "n2r_latency":196, "hops":2, "rtt_latency":1807, "root_time_now":734370}
[Mote:2] Sensor IPv6 = fe80::202:2:2:2
[Mote:1] {"node":"fd00::202:2:2:2", "cpu_energy_mj":18, "lpm_energy_mj":0, "radio_tx_energy_mj":0, "radio_rx_energy_mj":8, "node_time":737009, "total_sent":69, "total_received":71, "bytes_tx":60, "bytes_rx":12, "r2n_latency":44, "lqi":100, "rssi":-52, "server_sent":71, "server_received":140, "server_bytes_rx":60, "n2r_latency":21, "hops":0, "rtt_latency":1492, "root_time_now":737030}
[Mote:4] Sensor IPv6 = fe80::204:4:4:4
[Mote:1] {"node":"fd00::204:4:4:4", "cpu_energy_mj":19, "lpm_energy_mj":0, "radio_tx_energy_mj":0, "radio_rx_energy_mj":8, "node_time":738869, "total_sent":69, "total_received":71, "bytes_tx":60, "bytes_rx":12, "r2n_latency":604, "lqi":100, "rssi":-74, "server_sent":71, "server_received":140, "server_bytes_rx":60, "n2r_latency":51, "hops":0, "rtt_latency":1737, "root_time_now":738920}
[Mote:3] Sensor IPv6 = fe80::203:3:3:3
[Mote:1] {"node":"fd00::203:3:3:3", "cpu_energy_mj":18, "lpm_energy_mj":0, "radio_tx_energy_mj":0, "radio_rx_energy_mj":8, "node_time":739508, "total_sent":62, "total_received":62, "bytes_tx":60, "bytes_rx":12, "r2n_latency":1234, "lqi":100, "rssi":-85, "server_sent":62, "server_received":124, "server_bytes_rx":60, "n2r_latency":112, "hops":1, "rtt_latency":1772, "root_time_now":739620}
[Mote:5] Sensor IPv6 = fe80::205:5:5:5
[Mote:1] {"node":"fd00::205:5:5:5", "cpu_energy_mj":19, "lpm_energy_mj":0, "radio_tx_energy_mj":0, "radio_rx_energy_mj":8, "node_time":744966, "total_sent":57, "total_received":60, "bytes_tx":60, "bytes_rx":12, "r2n_latency":1174, "lqi":100, "rssi":-30, "server_sent":60, "server_received":117, "server_bytes_rx":60, "n2r_latency":184, "hops":2, "rtt_latency":937, "root_time_now":745150}
[Mote:2] Sensor IPv6 = fe80::202:2:2:2
[Mote:1] {"node":"fd00::202:2:2:2", "cpu_energy_mj":18, "lpm_energy_mj":0, "radio_tx_energy_mj":0, "radio_rx_energy_mj":8, "node_time":747540, "total_sent":70, "total_received":72, "bytes_tx":60, "bytes_rx":12, "r2n_latency":54, "lqi":100, "rssi":-52, "server_sent":72, "server_received":142, "server_bytes_rx":60, "n2r_latency":60, "hops":0, "rtt_latency":797, "root_time_now":747600}
[Mote:4] Sensor IPv6 = fe80::204:4:4:4
[Mote:1] {"node":"fd00::204:4:4:4", "cpu_energy_mj":19, "lpm_energy_mj":0, "radio_tx_energy_mj":0, "radio_rx_energy_mj":8, "node_time":749425, "total_sent":70, "total_received":72, "bytes_tx":60, "bytes_rx":12, "r2n_latency":264, "lqi":100, "rssi":-74, "server_sent":72, "server_received":142, "server_bytes_rx":60, "n2r_latency":65, "hops":0, "rtt_latency":867, "root_time_now":749490}
[Mote:3] Sensor IPv6 = fe80::203:3:3:3
[Mote:1] {"node":"fd00::203:3:3:3", "cpu_energy_mj":18, "lpm_energy_mj":0, "radio_tx_energy_mj":0, "radio_rx_energy_mj":8, "node_time":749776, "total_sent":63, "total_received":63, "bytes_tx":60, "bytes_rx":12, "r2n_latency":614, "lqi":100, "rssi":-85, "server_sent":63, "server_received":126, "server_bytes_rx":60, "n2r_latency":134, "hops":1, "rtt_latency":902, "root_time_now":749910}
[Mote:5] Sensor IPv6 = fe80::205:5:5:5
[Mote:1] {"node":"fd00::205:5:5:5", "cpu_energy_mj":19, "lpm_energy_mj":0, "radio_tx_energy_mj":0, "radio_rx_energy_mj":8, "node_time":755758, "total_sent":58, "total_received":61, "bytes_tx":60, "bytes_rx":12, "r2n_latency":1464, "lqi":100, "rssi":-30, "server_sent":61, "server_received":119, "server_bytes_rx":60, "n2r_latency":172, "hops":2, "rtt_latency":837, "root_time_now":755930}
[Mote:2] Sensor IPv6 = fe80::202:2:2:2
[Mote:1] {"node":"fd00::202:2:2:2", "cpu_energy_mj":18, "lpm_energy_mj":0, "radio_tx_energy_mj":0, "radio_rx_energy_mj":8, "node_time":758073, "total_sent":71, "total_received":73, "bytes_tx":60, "bytes_rx":12, "r2n_latency":64, "lqi":100, "rssi":-52, "server_sent":73, "server_received":144, "server_bytes_rx":60, "n2r_latency":27, "hops":0, "rtt_latency":172, "root_time_now":758100}
[Mote:4] Sensor IPv6 = fe80::204:4:4:4
[Mote:1] {"node":"fd00::204:4:4:4", "cpu_energy_mj":19, "lpm_energy_mj":0, "radio_tx_energy_mj":0, "radio_rx_energy_mj":8, "node_time":759981, "total_sent":71, "total_received":73, "bytes_tx":60, "bytes_rx":12, "r2n_latency":204, "lqi":100, "rssi":-74, "server_sent":74, "server_received":144, "server_bytes_rx":60, "n2r_latency":13, "hops":0, "rtt_latency":417, "root_time_now":759994}
[Mote:3] Sensor IPv6 = fe80::203:3:3:3
[Mote:1] {"node":"fd00::203:3:3:3", "cpu_energy_mj":18, "lpm_energy_mj":0, "radio_tx_energy_mj":0, "radio_rx_energy_mj":8, "node_time":760040, "total_sent":64, "total_received":64, "bytes_tx":60, "bytes_rx":12, "r2n_latency":904, "lqi":100, "rssi":-85, "server_sent":65, "server_received":128, "server_bytes_rx":60, "n2r_latency":230, "hops":1, "rtt_latency":662, "root_time_now":760270}
[Mote:5] Sensor IPv6 = fe80::205:5:5:5
[Mote:1] {"node":"fd00::205:5:5:5", "cpu_energy_mj":19, "lpm_energy_mj":0, "radio_tx_energy_mj":0, "radio_rx_energy_mj":8, "node_time":766550, "total_sent":59, "total_received":62, "bytes_tx":60, "bytes_rx":12, "r2n_latency":1964, "lqi":100, "rssi":-30, "server_sent":62, "server_received":121, "server_bytes_rx":60, "n2r_latency":160, "hops":2, "rtt_latency":1087, "root_time_now":766710}
[Mote:2] Sensor IPv6 = fe80::202:2:2:2
[Mote:1] {"node":"fd00::202:2:2:2", "cpu_energy_mj":18, "lpm_energy_mj":0, "radio_tx_energy_mj":0, "radio_rx_energy_mj":8, "node_time":768604, "total_sent":72, "total_received":74, "bytes_tx":60, "bytes_rx":12, "r2n_latency":354, "lqi":100, "rssi":-52, "server_sent":74, "server_received":146, "server_bytes_rx":60, "n2r_latency":66, "hops":0, "rtt_latency":247, "root_time_now":768670}
[Mote:3] Sensor IPv6 = fe80::203:3:3:3
[Mote:4] Sensor IPv6 = fe80::204:4:4:4
[Mote:1] {"node":"fd00::204:4:4:4", "cpu_energy_mj":19, "lpm_energy_mj":0, "radio_tx_energy_mj":0, "radio_rx_energy_mj":8, "node_time":770539, "total_sent":72, "total_received":75, "bytes_tx":60, "bytes_rx":12, "r2n_latency":154, "lqi":100, "rssi":-74, "server_sent":75, "server_received":147, "server_bytes_rx":60, "n2r_latency":161, "hops":0, "rtt_latency":147, "root_time_now":770700}
[Mote:1] {"node":"fd00::203:3:3:3", "cpu_energy_mj":18, "lpm_energy_mj":0, "radio_tx_energy_mj":0, "radio_rx_energy_mj":8, "node_time":770300, "total_sent":65, "total_received":65, "bytes_tx":60, "bytes_rx":12, "r2n_latency":1544, "lqi":100, "rssi":-85, "server_sent":66, "server_received":130, "server_bytes_rx":60, "n2r_latency":2360, "hops":1, "rtt_latency":912, "root_time_now":772660}
[Mote:5] Sensor IPv6 = fe80::205:5:5:5
[Mote:1] {"node":"fd00::205:5:5:5", "cpu_energy_mj":19, "lpm_energy_mj":0, "radio_tx_energy_mj":0, "radio_rx_energy_mj":9, "node_time":777344, "total_sent":60, "total_received":63, "bytes_tx":60, "bytes_rx":12, "r2n_latency":1624, "lqi":100, "rssi":-30, "server_sent":63, "server_received":123, "server_bytes_rx":60, "n2r_latency":146, "hops":2, "rtt_latency":1407, "root_time_now":777490}
[Mote:2] Sensor IPv6 = fe80::202:2:2:2
[Mote:1] {"node":"fd00::202:2:2:2", "cpu_energy_mj":18, "lpm_energy_mj":0, "radio_tx_energy_mj":0, "radio_rx_energy_mj":8, "node_time":779135, "total_sent":73, "total_received":75, "bytes_tx":60, "bytes_rx":12, "r2n_latency":14, "lqi":100, "rssi":-52, "server_sent":75, "server_received":148, "server_bytes_rx":60, "n2r_latency":35, "hops":0, "rtt_latency":532, "root_time_now":779170}
[Mote:3] Sensor IPv6 = fe80::203:3:3:3
[Mote:1] {"node":"fd00::203:3:3:3", "cpu_energy_mj":18, "lpm_energy_mj":0, "radio_tx_energy_mj":0, "radio_rx_energy_mj":8, "node_time":780564, "total_sent":66, "total_received":66, "bytes_tx":60, "bytes_rx":12, "r2n_latency":784, "lqi":100, "rssi":-85, "server_sent":67, "server_received":132, "server_bytes_rx":60, "n2r_latency":146, "hops":1, "rtt_latency":1372, "root_time_now":780710}
[Mote:4] Sensor IPv6 = fe80::204:4:4:4
[Mote:1] {"node":"fd00::204:4:4:4", "cpu_energy_mj":19, "lpm_energy_mj":0, "radio_tx_energy_mj":0, "radio_rx_energy_mj":8, "node_time":781095, "total_sent":73, "total_received":76, "bytes_tx":60, "bytes_rx":12, "r2n_latency":234, "lqi":100, "rssi":-74, "server_sent":76, "server_received":149, "server_bytes_rx":60, "n2r_latency":35, "hops":0, "rtt_latency":292, "root_time_now":781130}
[Mote:5] Sensor IPv6 = fe80::205:5:5:5
[Mote:1] {"node":"fd00::205:5:5:5", "cpu_energy_mj":19, "lpm_energy_mj":0, "radio_tx_energy_mj":0, "radio_rx_energy_mj":9, "node_time":788134, "total_sent":61, "total_received":64, "bytes_tx":60, "bytes_rx":12, "r2n_latency":2824, "lqi":100, "rssi":-30, "server_sent":64, "server_received":125, "server_bytes_rx":60, "n2r_latency":206, "hops":2, "rtt_latency":1517, "root_time_now":788340}
[Mote:2] Sensor IPv6 = fe80::202:2:2:2
[Mote:1] {"node":"fd00::202:2:2:2", "cpu_energy_mj":18, "lpm_energy_mj":0, "radio_tx_energy_mj":0, "radio_rx_energy_mj":8, "node_time":789664, "total_sent":74, "total_received":76, "bytes_tx":60, "bytes_rx":12, "r2n_latency":24, "lqi":100, "rssi":-52, "server_sent":76, "server_received":150, "server_bytes_rx":60, "n2r_latency":6, "hops":0, "rtt_latency":397, "root_time_now":789670}
[Mote:3] Sensor IPv6 = fe80::203:3:3:3
[Mote:1] {"node":"fd00::203:3:3:3", "cpu_energy_mj":18, "lpm_energy_mj":0, "radio_tx_energy_mj":0, "radio_rx_energy_mj":8, "node_time":790828, "total_sent":67, "total_received":67, "bytes_tx":60, "bytes_rx":12, "r2n_latency":1284, "lqi":100, "rssi":-85, "server_sent":68, "server_received":134, "server_bytes_rx":60, "n2r_latency":102, "hops":1, "rtt_latency":1377, "root_time_now":790930}
[Mote:4] Sensor IPv6 = fe80::204:4:4:4
[Mote:1] {"node":"fd00::204:4:4:4", "cpu_energy_mj":19, "lpm_energy_mj":0, "radio_tx_energy_mj":0, "radio_rx_energy_mj":8, "node_time":791651, "total_sent":74, "total_received":77, "bytes_tx":60, "bytes_rx":12, "r2n_latency":1224, "lqi":100, "rssi":-74, "server_sent":77, "server_received":151, "server_bytes_rx":60, "n2r_latency":49, "hops":0, "rtt_latency":752, "root_time_now":791700}
[Mote:5] Sensor IPv6 = fe80::205:5:5:5
[Mote:1] {"node":"fd00::205:5:5:5", "cpu_energy_mj":19, "lpm_energy_mj":0, "radio_tx_energy_mj":0, "radio_rx_energy_mj":8, "node_time":798926, "total_sent":62, "total_received":65, "bytes_tx":60, "bytes_rx":12, "r2n_latency":2834, "lqi":100, "rssi":-30, "server_sent":65, "server_received":127, "server_bytes_rx":60, "n2r_latency":194, "hops":2, "rtt_latency":1522, "root_time_now":799120}
[Mote:2] Sensor IPv6 = fe80::202:2:2:2
[Mote:3] Sensor IPv6 = fe80::203:3:3:3
[Mote:1] {"node":"fd00::203:3:3:3", "cpu_energy_mj":18, "lpm_energy_mj":0, "radio_tx_energy_mj":0, "radio_rx_energy_mj":8, "node_time":801093, "total_sent":68, "total_received":69, "bytes_tx":60, "bytes_rx":12, "r2n_latency":814, "lqi":100, "rssi":-85, "server_sent":69, "server_received":137, "server_bytes_rx":60, "n2r_latency":827, "hops":1, "rtt_latency":932, "root_time_now":801920}
[Mote:4] Sensor IPv6 = fe80::204:4:4:4
[Mote:1] {"node":"fd00::204:4:4:4", "cpu_energy_mj":19, "lpm_energy_mj":0, "radio_tx_energy_mj":0, "radio_rx_energy_mj":8, "node_time":802207, "total_sent":75, "total_received":78, "bytes_tx":60, "bytes_rx":12, "r2n_latency":394, "lqi":100, "rssi":-74, "server_sent":78, "server_received":153, "server_bytes_rx":60, "n2r_latency":343, "hops":0, "rtt_latency":477, "root_time_now":802550}
[Mote:1] {"node":"fd00::202:2:2:2", "cpu_energy_mj":18, "lpm_energy_mj":0, "radio_tx_energy_mj":0, "radio_rx_energy_mj":8, "node_time":800195, "total_sent":75, "total_received":78, "bytes_tx":60, "bytes_rx":12, "r2n_latency":44, "lqi":100, "rssi":-52, "server_sent":78, "server_received":153, "server_bytes_rx":60, "n2r_latency":3195, "hops":0, "rtt_latency":1667, "root_time_now":803390}
[Mote:5] Sensor IPv6 = fe80::205:5:5:5
[Mote:1] {"node":"fd00::205:5:5:5", "cpu_energy_mj":19, "lpm_energy_mj":0, "radio_tx_energy_mj":0, "radio_rx_energy_mj":8, "node_time":809720, "total_sent":63, "total_received":66, "bytes_tx":60, "bytes_rx":12, "r2n_latency":1374, "lqi":100, "rssi":-30, "server_sent":66, "server_received":129, "server_bytes_rx":60, "n2r_latency":180, "hops":2, "rtt_latency":1002, "root_time_now":809900}
[Mote:2] Sensor IPv6 = fe80::202:2:2:2
[Mote:1] {"node":"fd00::202:2:2:2", "cpu_energy_mj":18, "lpm_energy_mj":0, "radio_tx_energy_mj":0, "radio_rx_energy_mj":8, "node_time":810726, "total_sent":76, "total_received":79, "bytes_tx":60, "bytes_rx":12, "r2n_latency":54, "lqi":100, "rssi":-52, "server_sent":79, "server_received":155, "server_bytes_rx":60, "n2r_latency":224, "hops":0, "rtt_latency":97, "root_time_now":810950}
[Mote:3] Sensor IPv6 = fe80::203:3:3:3
[Mote:1] {"node":"fd00::203:3:3:3", "cpu_energy_mj":18, "lpm_energy_mj":0, "radio_tx_energy_mj":0, "radio_rx_energy_mj":8, "node_time":811356, "total_sent":69, "total_received":69, "bytes_tx":60, "bytes_rx":12, "r2n_latency":814, "lqi":100, "rssi":-85, "server_sent":70, "server_received":138, "server_bytes_rx":60, "n2r_latency":854, "hops":1, "rtt_latency":932, "root_time_now":812210}
[Mote:4] Sensor IPv6 = fe80::204:4:4:4
[Mote:1] {"node":"fd00::204:4:4:4", "cpu_energy_mj":19, "lpm_energy_mj":0, "radio_tx_energy_mj":0, "radio_rx_energy_mj":8, "node_time":812763, "total_sent":76, "total_received":79, "bytes_tx":60, "bytes_rx":12, "r2n_latency":404, "lqi":100, "rssi":-74, "server_sent":79, "server_received":155, "server_bytes_rx":60, "n2r_latency":567, "hops":0, "rtt_latency":272, "root_time_now":813330}
[Mote:5] Sensor IPv6 = fe80::205:5:5:5
[Mote:1] {"node":"fd00::205:5:5:5", "cpu_energy_mj":19, "lpm_energy_mj":0, "radio_tx_energy_mj":0, "radio_rx_energy_mj":8, "node_time":820512, "total_sent":64, "total_received":67, "bytes_tx":60, "bytes_rx":12, "r2n_latency":2854, "lqi":100, "rssi":-30, "server_sent":68, "server_received":131, "server_bytes_rx":60, "n2r_latency":518, "hops":2, "rtt_latency":1777, "root_time_now":821030}
[Mote:2] Sensor IPv6 = fe80::202:2:2:2
[Mote:1] {"node":"fd00::202:2:2:2", "cpu_energy_mj":18, "lpm_energy_mj":0, "radio_tx_energy_mj":0, "radio_rx_energy_mj":8, "node_time":821257, "total_sent":77, "total_received":80, "bytes_tx":60, "bytes_rx":12, "r2n_latency":64, "lqi":100, "rssi":-52, "server_sent":80, "server_received":157, "server_bytes_rx":60, "n2r_latency":53, "hops":0, "rtt_latency":102, "root_time_now":821310}
[Mote:3] Sensor IPv6 = fe80::203:3:3:3
[Mote:1] {"node":"fd00::203:3:3:3", "cpu_energy_mj":18, "lpm_energy_mj":0, "radio_tx_energy_mj":0, "radio_rx_energy_mj":8, "node_time":821622, "total_sent":70, "total_received":71, "bytes_tx":60, "bytes_rx":12, "r2n_latency":1534, "lqi":100, "rssi":-85, "server_sent":71, "server_received":141, "server_bytes_rx":60, "n2r_latency":1578, "hops":1, "rtt_latency":1222, "root_time_now":823200}
[Mote:4] Sensor IPv6 = fe80::204:4:4:4
[Mote:1] {"node":"fd00::204:4:4:4", "cpu_energy_mj":19, "lpm_energy_mj":0, "radio_tx_energy_mj":0, "radio_rx_energy_mj":8, "node_time":823319, "total_sent":77, "total_received":80, "bytes_tx":60, "bytes_rx":12, "r2n_latency":344, "lqi":100, "rssi":-74, "server_sent":80, "server_received":157, "server_bytes_rx":60, "n2r_latency":21, "hops":0, "rtt_latency":312, "root_time_now":823340}
[Mote:5] Sensor IPv6 = fe80::205:5:5:5
[Mote:2] Sensor IPv6 = fe80::202:2:2:2
[Mote:1] {"node":"fd00::202:2:2:2", "cpu_energy_mj":18, "lpm_energy_mj":0, "radio_tx_energy_mj":0, "radio_rx_energy_mj":8, "node_time":831790, "total_sent":78, "total_received":81, "bytes_tx":60, "bytes_rx":12, "r2n_latency":74, "lqi":100, "rssi":-52, "server_sent":81, "server_received":159, "server_bytes_rx":60, "n2r_latency":90, "hops":0, "rtt_latency":107, "root_time_now":831880}
[Mote:3] Sensor IPv6 = fe80::203:3:3:3
[Mote:1] {"node":"fd00::203:3:3:3", "cpu_energy_mj":18, "lpm_energy_mj":0, "radio_tx_energy_mj":0, "radio_rx_energy_mj":8, "node_time":831885, "total_sent":71, "total_received":72, "bytes_tx":60, "bytes_rx":12, "r2n_latency":1054, "lqi":100, "rssi":-85, "server_sent":72, "server_received":143, "server_bytes_rx":60, "n2r_latency":1815, "hops":1, "rtt_latency":1822, "root_time_now":833700}
[Mote:1] {"node":"fd00::205:5:5:5", "cpu_energy_mj":19, "lpm_energy_mj":0, "radio_tx_energy_mj":0, "radio_rx_energy_mj":8, "node_time":831304, "total_sent":65, "total_received":68, "bytes_tx":60, "bytes_rx":12, "r2n_latency":1744, "lqi":100, "rssi":-30, "server_sent":69, "server_received":133, "server_bytes_rx":60, "n2r_latency":2466, "hops":2, "rtt_latency":1642, "root_time_now":833770}
[Mote:4] Sensor IPv6 = fe80::204:4:4:4
[Mote:1] {"node":"fd00::204:4:4:4", "cpu_energy_mj":19, "lpm_energy_mj":0, "radio_tx_energy_mj":0, "radio_rx_energy_mj":8, "node_time":833873, "total_sent":78, "total_received":81, "bytes_tx":60, "bytes_rx":12, "r2n_latency":424, "lqi":100, "rssi":-74, "server_sent":81, "server_received":159, "server_bytes_rx":60, "n2r_latency":317, "hops":0, "rtt_latency":282, "root_time_now":834190}
[Mote:5] Sensor IPv6 = fe80::205:5:5:5
[Mote:3] Sensor IPv6 = fe80::203:3:3:3
[Mote:2] Sensor IPv6 = fe80::202:2:2:2
[Mote:1] {"node":"fd00::202:2:2:2", "cpu_energy_mj":18, "lpm_energy_mj":0, "radio_tx_energy_mj":0, "radio_rx_energy_mj":8, "node_time":842319, "total_sent":79, "total_received":82, "bytes_tx":60, "bytes_rx":12, "r2n_latency":14, "lqi":100, "rssi":-52, "server_sent":82, "server_received":161, "server_bytes_rx":60, "n2r_latency":61, "hops":0, "rtt_latency":77, "root_time_now":842380}
[Mote:1] {"node":"fd00::205:5:5:5", "cpu_energy_mj":19, "lpm_energy_mj":0, "radio_tx_energy_mj":0, "radio_rx_energy_mj":8, "node_time":842094, "total_sent":66, "total_received":70, "bytes_tx":60, "bytes_rx":12, "r2n_latency":854, "lqi":100, "rssi":-30, "server_sent":70, "server_received":136, "server_bytes_rx":60, "n2r_latency":356, "hops":2, "rtt_latency":777, "root_time_now":842450}
[Mote:1] {"node":"fd00::203:3:3:3", "cpu_energy_mj":18, "lpm_energy_mj":0, "radio_tx_energy_mj":0, "radio_rx_energy_mj":8, "node_time":842150, "total_sent":72, "total_received":73, "bytes_tx":60, "bytes_rx":12, "r2n_latency":504, "lqi":100, "rssi":-85, "server_sent":73, "server_received":145, "server_bytes_rx":60, "n2r_latency":370, "hops":1, "rtt_latency":742, "root_time_now":842520}
[Mote:4] Sensor IPv6 = fe80::204:4:4:4
[Mote:1] {"node":"fd00::204:4:4:4", "cpu_energy_mj":19, "lpm_energy_mj":0, "radio_tx_energy_mj":0, "radio_rx_energy_mj":8, "node_time":844429, "total_sent":79, "total_received":82, "bytes_tx":60, "bytes_rx":12, "r2n_latency":224, "lqi":100, "rssi":-74, "server_sent":82, "server_received":161, "server_bytes_rx":60, "n2r_latency":51, "hops":0, "rtt_latency":707, "root_time_now":844480}
[Mote:3] Sensor IPv6 = fe80::203:3:3:3
[Mote:2] Sensor IPv6 = fe80::202:2:2:2
[Mote:5] Sensor IPv6 = fe80::205:5:5:5
[Mote:1] {"node":"fd00::202:2:2:2", "cpu_energy_mj":18, "lpm_energy_mj":0, "radio_tx_energy_mj":0, "radio_rx_energy_mj":8, "node_time":852850, "total_sent":80, "total_received":83, "bytes_tx":60, "bytes_rx":12, "r2n_latency":24, "lqi":100, "rssi":-52, "server_sent":83, "server_received":163, "server_bytes_rx":60, "n2r_latency":240, "hops":0, "rtt_latency":292, "root_time_now":853090}
[Mote:1] {"node":"fd00::203:3:3:3", "cpu_energy_mj":18, "lpm_energy_mj":0, "radio_tx_energy_mj":0, "radio_rx_energy_mj":8, "node_time":852414, "total_sent":73, "total_received":74, "bytes_tx":60, "bytes_rx":12, "r2n_latency":1354, "lqi":100, "rssi":-85, "server_sent":74, "server_received":147, "server_bytes_rx":60, "n2r_latency":2356, "hops":1, "rtt_latency":2322, "root_time_now":854770}
[Mote:1] {"node":"fd00::205:5:5:5", "cpu_energy_mj":19, "lpm_energy_mj":0, "radio_tx_energy_mj":0, "radio_rx_energy_mj":9, "node_time":852886, "total_sent":67, "total_received":71, "bytes_tx":60, "bytes_rx":12, "r2n_latency":1634, "lqi":100, "rssi":-30, "server_sent":71, "server_received":138, "server_bytes_rx":60, "n2r_latency":1954, "hops":2, "rtt_latency":2357, "root_time_now":854840}
[Mote:4] Sensor IPv6 = fe80::204:4:4:4
[Mote:1] {"node":"fd00::204:4:4:4", "cpu_energy_mj":19, "lpm_energy_mj":0, "radio_tx_energy_mj":0, "radio_rx_energy_mj":8, "node_time":854985, "total_sent":80, "total_received":83, "bytes_tx":60, "bytes_rx":12, "r2n_latency":864, "lqi":100, "rssi":-74, "server_sent":83, "server_received":163, "server_bytes_rx":60, "n2r_latency":65, "hops":0, "rtt_latency":2287, "root_time_now":855050}
[Mote:3] Sensor IPv6 = fe80::203:3:3:3
[Mote:1] {"node":"fd00::203:3:3:3", "cpu_energy_mj":18, "lpm_energy_mj":0, "radio_tx_energy_mj":0, "radio_rx_energy_mj":8, "node_time":862679, "total_sent":74, "total_received":75, "bytes_tx":60, "bytes_rx":12, "r2n_latency":1224, "lqi":100, "rssi":-85, "server_sent":75, "server_received":149, "server_bytes_rx":60, "n2r_latency":141, "hops":1, "rtt_latency":717, "root_time_now":862820}
[Mote:2] Sensor IPv6 = fe80::202:2:2:2
[Mote:1] {"node":"fd00::202:2:2:2", "cpu_energy_mj":18, "lpm_energy_mj":0, "radio_tx_energy_mj":0, "radio_rx_energy_mj":8, "node_time":863381, "total_sent":81, "total_received":84, "bytes_tx":60, "bytes_rx":12, "r2n_latency":34, "lqi":100, "rssi":-52, "server_sent":84, "server_received":165, "server_bytes_rx":60, "n2r_latency":69, "hops":0, "rtt_latency":822, "root_time_now":863450}
[Mote:5] Sensor IPv6 = fe80::205:5:5:5
[Mote:1] {"node":"fd00::205:5:5:5", "cpu_energy_mj":19, "lpm_energy_mj":0, "radio_tx_energy_mj":0, "radio_rx_energy_mj":8, "node_time":863678, "total_sent":68, "total_received":72, "bytes_tx":60, "bytes_rx":12, "r2n_latency":2274, "lqi":100, "rssi":-30, "server_sent":72, "server_received":140, "server_bytes_rx":60, "n2r_latency":192, "hops":2, "rtt_latency":1242, "root_time_now":863870}
[Mote:4] Sensor IPv6 = fe80::204:4:4:4
[Mote:1] {"node":"fd00::204:4:4:4", "cpu_energy_mj":19, "lpm_energy_mj":0, "radio_tx_energy_mj":0, "radio_rx_energy_mj":8, "node_time":865541, "total_sent":81, "total_received":84, "bytes_tx":60, "bytes_rx":12, "r2n_latency":314, "lqi":100, "rssi":-74, "server_sent":84, "server_received":165, "server_bytes_rx":60, "n2r_latency":9, "hops":0, "rtt_latency":332, "root_time_now":865550}
[Mote:3] Sensor IPv6 = fe80::203:3:3:3
[Mote:1] {"node":"fd00::203:3:3:3", "cpu_energy_mj":18, "lpm_energy_mj":0, "radio_tx_energy_mj":0, "radio_rx_energy_mj":8, "node_time":872942, "total_sent":75, "total_received":76, "bytes_tx":60, "bytes_rx":12, "r2n_latency":1724, "lqi":100, "rssi":-85, "server_sent":76, "server_received":151, "server_bytes_rx":60, "n2r_latency":378, "hops":1, "rtt_latency":1002, "root_time_now":873320}
[Mote:2] Sensor IPv6 = fe80::202:2:2:2
[Mote:1] {"node":"fd00::202:2:2:2", "cpu_energy_mj":18, "lpm_energy_mj":0, "radio_tx_energy_mj":0, "radio_rx_energy_mj":8, "node_time":873914, "total_sent":82, "total_received":85, "bytes_tx":60, "bytes_rx":12, "r2n_latency":44, "lqi":100, "rssi":-52, "server_sent":85, "server_received":167, "server_bytes_rx":60, "n2r_latency":36, "hops":0, "rtt_latency":127, "root_time_now":873950}
[Mote:5] Sensor IPv6 = fe80::205:5:5:5
[Mote:1] {"node":"fd00::205:5:5:5", "cpu_energy_mj":19, "lpm_energy_mj":0, "radio_tx_energy_mj":0, "radio_rx_energy_mj":8, "node_time":874470, "total_sent":69, "total_received":73, "bytes_tx":60, "bytes_rx":12, "r2n_latency":2144, "lqi":100, "rssi":-30, "server_sent":73, "server_received":142, "server_bytes_rx":60, "n2r_latency":180, "hops":2, "rtt_latency":1177, "root_time_now":874650}
[Mote:4] Sensor IPv6 = fe80::204:4:4:4
[Mote:1] {"node":"fd00::204:4:4:4", "cpu_energy_mj":19, "lpm_energy_mj":0, "radio_tx_energy_mj":0, "radio_rx_energy_mj":8, "node_time":876097, "total_sent":82, "total_received":85, "bytes_tx":60, "bytes_rx":12, "r2n_latency":394, "lqi":100, "rssi":-74, "server_sent":85, "server_received":167, "server_bytes_rx":60, "n2r_latency":23, "hops":0, "rtt_latency":617, "root_time_now":876120}
[Mote:3] Sensor IPv6 = fe80::203:3:3:3
[Mote:1] {"node":"fd00::203:3:3:3", "cpu_energy_mj":18, "lpm_energy_mj":0, "radio_tx_energy_mj":0, "radio_rx_energy_mj":8, "node_time":883206, "total_sent":76, "total_received":77, "bytes_tx":60, "bytes_rx":12, "r2n_latency":754, "lqi":100, "rssi":-85, "server_sent":77, "server_received":153, "server_bytes_rx":60, "n2r_latency":124, "hops":1, "rtt_latency":972, "root_time_now":883330}
[Mote:2] Sensor IPv6 = fe80::202:2:2:2
[Mote:1] {"node":"fd00::202:2:2:2", "cpu_energy_mj":18, "lpm_energy_mj":0, "radio_tx_energy_mj":0, "radio_rx_energy_mj":8, "node_time":884443, "total_sent":83, "total_received":86, "bytes_tx":60, "bytes_rx":12, "r2n_latency":54, "lqi":100, "rssi":-52, "server_sent":86, "server_received":169, "server_bytes_rx":60, "n2r_latency":7, "hops":0, "rtt_latency":1357, "root_time_now":884450}
[Mote:5] Sensor IPv6 = fe80::205:5:5:5
[Mote:1] {"node":"fd00::205:5:5:5", "cpu_energy_mj":19, "lpm_energy_mj":0, "radio_tx_energy_mj":0, "radio_rx_energy_mj":8, "node_time":885262, "total_sent":70, "total_received":74, "bytes_tx":60, "bytes_rx":12, "r2n_latency":1454, "lqi":100, "rssi":-30, "server_sent":74, "server_received":144, "server_bytes_rx":60, "n2r_latency":168, "hops":2, "rtt_latency":1007, "root_time_now":885430}
[Mote:4] Sensor IPv6 = fe80::204:4:4:4
[Mote:1] {"node":"fd00::204:4:4:4", "cpu_energy_mj":19, "lpm_energy_mj":0, "radio_tx_energy_mj":0, "radio_rx_energy_mj":8, "node_time":886657, "total_sent":83, "total_received":86, "bytes_tx":60, "bytes_rx":12, "r2n_latency":264, "lqi":100, "rssi":-74, "server_sent":86, "server_received":169, "server_bytes_rx":60, "n2r_latency":33, "hops":0, "rtt_latency":937, "root_time_now":886690}
[Mote:3] Sensor IPv6 = fe80::203:3:3:3
[Mote:1] {"node":"fd00::203:3:3:3", "cpu_energy_mj":18, "lpm_energy_mj":0, "radio_tx_energy_mj":0, "radio_rx_energy_mj":8, "node_time":893470, "total_sent":77, "total_received":78, "bytes_tx":60, "bytes_rx":12, "r2n_latency":834, "lqi":100, "rssi":-85, "server_sent":78, "server_received":155, "server_bytes_rx":60, "n2r_latency":80, "hops":1, "rtt_latency":592, "root_time_now":893550}
[Mote:2] Sensor IPv6 = fe80::202:2:2:2
[Mote:1] {"node":"fd00::202:2:2:2", "cpu_energy_mj":18, "lpm_energy_mj":0, "radio_tx_energy_mj":0, "radio_rx_energy_mj":8, "node_time":894974, "total_sent":84, "total_received":87, "bytes_tx":60, "bytes_rx":12, "r2n_latency":64, "lqi":100, "rssi":-52, "server_sent":87, "server_received":171, "server_bytes_rx":60, "n2r_latency":46, "hops":0, "rtt_latency":242, "root_time_now":895020}
[Mote:5] Sensor IPv6 = fe80::205:5:5:5
[Mote:1] {"node":"fd00::205:5:5:5", "cpu_energy_mj":19, "lpm_energy_mj":0, "radio_tx_energy_mj":0, "radio_rx_energy_mj":8, "node_time":896054, "total_sent":71, "total_received":75, "bytes_tx":60, "bytes_rx":12, "r2n_latency":1744, "lqi":100, "rssi":-30, "server_sent":75, "server_received":146, "server_bytes_rx":60, "n2r_latency":156, "hops":2, "rtt_latency":977, "root_time_now":896210}
[Mote:4] Sensor IPv6 = fe80::204:4:4:4
[Mote:1] {"node":"fd00::204:4:4:4", "cpu_energy_mj":19, "lpm_energy_mj":0, "radio_tx_energy_mj":0, "radio_rx_energy_mj":8, "node_time":897209, "total_sent":84, "total_received":87, "bytes_tx":60, "bytes_rx":12, "r2n_latency":204, "lqi":100, "rssi":-74, "server_sent":87, "server_received":171, "server_bytes_rx":60, "n2r_latency":51, "hops":0, "rtt_latency":277, "root_time_now":897260}
[Mote:3] Sensor IPv6 = fe80::203:3:3:3
[Mote:1] {"node":"fd00::203:3:3:3", "cpu_energy_mj":18, "lpm_energy_mj":0, "radio_tx_energy_mj":0, "radio_rx_energy_mj":8, "node_time":903734, "total_sent":78, "total_received":79, "bytes_tx":60, "bytes_rx":12, "r2n_latency":1263, "lqi":100, "rssi":-85, "server_sent":79, "server_received":157, "server_bytes_rx":60, "n2r_latency":106, "hops":1, "rtt_latency":736, "root_time_now":903840}
[Mote:2] Sensor IPv6 = fe80::202:2:2:2
[Mote:1] {"node":"fd00::202:2:2:2", "cpu_energy_mj":18, "lpm_energy_mj":0, "radio_tx_energy_mj":0, "radio_rx_energy_mj":8, "node_time":905505, "total_sent":85, "total_received":88, "bytes_tx":60, "bytes_rx":12, "r2n_latency":73, "lqi":100, "rssi":-52, "server_sent":88, "server_received":173, "server_bytes_rx":60, "n2r_latency":15, "hops":0, "rtt_latency":176, "root_time_now":905520}
[Mote:5] Sensor IPv6 = fe80::205:5:5:5
[Mote:1] {"node":"fd00::205:5:5:5", "cpu_energy_mj":19, "lpm_energy_mj":0, "radio_tx_energy_mj":0, "radio_rx_energy_mj":8, "node_time":906846, "total_sent":72, "total_received":76, "bytes_tx":60, "bytes_rx":12, "r2n_latency":1613, "lqi":100, "rssi":-30, "server_sent":76, "server_received":148, "server_bytes_rx":60, "n2r_latency":424, "hops":2, "rtt_latency":911, "root_time_now":907270}
[Mote:4] Sensor IPv6 = fe80::204:4:4:4
[Mote:1] {"node":"fd00::204:4:4:4", "cpu_energy_mj":19, "lpm_energy_mj":0, "radio_tx_energy_mj":0, "radio_rx_energy_mj":8, "node_time":907765, "total_sent":85, "total_received":88, "bytes_tx":60, "bytes_rx":12, "r2n_latency":773, "lqi":100, "rssi":-74, "server_sent":88, "server_received":173, "server_bytes_rx":60, "n2r_latency":65, "hops":0, "rtt_latency":561, "root_time_now":907830}
[Mote:3] Sensor IPv6 = fe80::203:3:3:3
[Mote:1] {"node":"fd00::203:3:3:3", "cpu_energy_mj":18, "lpm_energy_mj":0, "radio_tx_energy_mj":0, "radio_rx_energy_mj":8, "node_time":913998, "total_sent":79, "total_received":80, "bytes_tx":60, "bytes_rx":12, "r2n_latency":1134, "lqi":100, "rssi":-85, "server_sent":80, "server_received":159, "server_bytes_rx":60, "n2r_latency":132, "hops":1, "rtt_latency":637, "root_time_now":914130}
[Mote:2] Sensor IPv6 = fe80::202:2:2:2
[Mote:1] {"node":"fd00::202:2:2:2", "cpu_energy_mj":18, "lpm_energy_mj":0, "radio_tx_energy_mj":0, "radio_rx_energy_mj":8, "node_time":916038, "total_sent":86, "total_received":89, "bytes_tx":60, "bytes_rx":12, "r2n_latency":14, "lqi":100, "rssi":-52, "server_sent":89, "server_received":175, "server_bytes_rx":60, "n2r_latency":52, "hops":0, "rtt_latency":77, "root_time_now":916090}
[Mote:5] Sensor IPv6 = fe80::205:5:5:5
[Mote:1] {"node":"fd00::205:5:5:5", "cpu_energy_mj":19, "lpm_energy_mj":0, "radio_tx_energy_mj":0, "radio_rx_energy_mj":9, "node_time":917640, "total_sent":73, "total_received":77, "bytes_tx":60, "bytes_rx":12, "r2n_latency":1834, "lqi":100, "rssi":-30, "server_sent":77, "server_received":150, "server_bytes_rx":60, "n2r_latency":200, "hops":2, "rtt_latency":1022, "root_time_now":917840}
[Mote:4] Sensor IPv6 = fe80::204:4:4:4
[Mote:1] {"node":"fd00::204:4:4:4", "cpu_energy_mj":19, "lpm_energy_mj":0, "radio_tx_energy_mj":0, "radio_rx_energy_mj":8, "node_time":918321, "total_sent":86, "total_received":89, "bytes_tx":60, "bytes_rx":12, "r2n_latency":364, "lqi":100, "rssi":-74, "server_sent":89, "server_received":175, "server_bytes_rx":60, "n2r_latency":9, "hops":0, "rtt_latency":252, "root_time_now":918330}
[Mote:3] Sensor IPv6 = fe80::203:3:3:3
[Mote:1] {"node":"fd00::203:3:3:3", "cpu_energy_mj":18, "lpm_energy_mj":0, "radio_tx_energy_mj":0, "radio_rx_energy_mj":8, "node_time":924262, "total_sent":80, "total_received":81, "bytes_tx":60, "bytes_rx":12, "r2n_latency":794, "lqi":100, "rssi":-85, "server_sent":81, "server_received":161, "server_bytes_rx":60, "n2r_latency":88, "hops":1, "rtt_latency":467, "root_time_now":924350}
[Mote:2] Sensor IPv6 = fe80::202:2:2:2
[Mote:1] {"node":"fd00::202:2:2:2", "cpu_energy_mj":18, "lpm_energy_mj":0, "radio_tx_energy_mj":0, "radio_rx_energy_mj":8, "node_time":926569, "total_sent":87, "total_received":90, "bytes_tx":60, "bytes_rx":12, "r2n_latency":24, "lqi":100, "rssi":-52, "server_sent":90, "server_received":177, "server_bytes_rx":60, "n2r_latency":21, "hops":0, "rtt_latency":117, "root_time_now":926590}
[Mote:5] Sensor IPv6 = fe80::205:5:5:5
[Mote:1] {"node":"fd00::205:5:5:5", "cpu_energy_mj":19, "lpm_energy_mj":0, "radio_tx_energy_mj":0, "radio_rx_energy_mj":8, "node_time":928432, "total_sent":74, "total_received":78, "bytes_tx":60, "bytes_rx":12, "r2n_latency":1144, "lqi":100, "rssi":-30, "server_sent":78, "server_received":152, "server_bytes_rx":60, "n2r_latency":188, "hops":2, "rtt_latency":677, "root_time_now":928620}
[Mote:4] Sensor IPv6 = fe80::204:4:4:4
[Mote:1] {"node":"fd00::204:4:4:4", "cpu_energy_mj":19, "lpm_energy_mj":0, "radio_tx_energy_mj":0, "radio_rx_energy_mj":8, "node_time":928877, "total_sent":87, "total_received":90, "bytes_tx":60, "bytes_rx":12, "r2n_latency":304, "lqi":100, "rssi":-74, "server_sent":90, "server_received":177, "server_bytes_rx":60, "n2r_latency":23, "hops":0, "rtt_latency":222, "root_time_now":928900}
[Mote:3] Sensor IPv6 = fe80::203:3:3:3
[Mote:1] {"node":"fd00::203:3:3:3", "cpu_energy_mj":18, "lpm_energy_mj":0, "radio_tx_energy_mj":0, "radio_rx_energy_mj":8, "node_time":934528, "total_sent":81, "total_received":82, "bytes_tx":60, "bytes_rx":12, "r2n_latency":944, "lqi":100, "rssi":-85, "server_sent":82, "server_received":163, "server_bytes_rx":60, "n2r_latency":112, "hops":1, "rtt_latency":542, "root_time_now":934640}
[Mote:2] Sensor IPv6 = fe80::202:2:2:2
[Mote:1] {"node":"fd00::202:2:2:2", "cpu_energy_mj":18, "lpm_energy_mj":0, "radio_tx_energy_mj":0, "radio_rx_energy_mj":8, "node_time":937098, "total_sent":88, "total_received":91, "bytes_tx":60, "bytes_rx":12, "r2n_latency":34, "lqi":100, "rssi":-52, "server_sent":91, "server_received":179, "server_bytes_rx":60, "n2r_latency":62, "hops":0, "rtt_latency":87, "root_time_now":937160}
[Mote:5] Sensor IPv6 = fe80::205:5:5:5
[Mote:4] Sensor IPv6 = fe80::204:4:4:4
[Mote:1] {"node":"fd00::204:4:4:4", "cpu_energy_mj":19, "lpm_energy_mj":0, "radio_tx_energy_mj":0, "radio_rx_energy_mj":8, "node_time":939437, "total_sent":88, "total_received":91, "bytes_tx":60, "bytes_rx":12, "r2n_latency":384, "lqi":100, "rssi":-74, "server_sent":91, "server_received":179, "server_bytes_rx":60, "n2r_latency":33, "hops":0, "rtt_latency":402, "root_time_now":939470}
[Mote:1] {"node":"fd00::205:5:5:5", "cpu_energy_mj":19, "lpm_energy_mj":0, "radio_tx_energy_mj":0, "radio_rx_energy_mj":8, "node_time":939222, "total_sent":75, "total_received":79, "bytes_tx":60, "bytes_rx":12, "r2n_latency":1434, "lqi":100, "rssi":-30, "server_sent":79, "server_received":154, "server_bytes_rx":60, "n2r_latency":458, "hops":2, "rtt_latency":822, "root_time_now":939680}
[Mote:3] Sensor IPv6 = fe80::203:3:3:3
[Mote:1] {"node":"fd00::203:3:3:3", "cpu_energy_mj":18, "lpm_energy_mj":0, "radio_tx_energy_mj":0, "radio_rx_energy_mj":8, "node_time":944790, "total_sent":82, "total_received":83, "bytes_tx":60, "bytes_rx":12, "r2n_latency":1164, "lqi":100, "rssi":-85, "server_sent":83, "server_received":165, "server_bytes_rx":60, "n2r_latency":140, "hops":1, "rtt_latency":1037, "root_time_now":944930}
[Mote:2] Sensor IPv6 = fe80::202:2:2:2
[Mote:1] {"node":"fd00::202:2:2:2", "cpu_energy_mj":18, "lpm_energy_mj":0, "radio_tx_energy_mj":0, "radio_rx_energy_mj":8, "node_time":947629, "total_sent":89, "total_received":92, "bytes_tx":60, "bytes_rx":12, "r2n_latency":44, "lqi":100, "rssi":-52, "server_sent":92, "server_received":181, "server_bytes_rx":60, "n2r_latency":31, "hops":0, "rtt_latency":547, "root_time_now":947660}
[Mote:4] Sensor IPv6 = fe80::204:4:4:4
[Mote:5] Sensor IPv6 = fe80::205:5:5:5
[Mote:1] {"node":"fd00::204:4:4:4", "cpu_energy_mj":19, "lpm_energy_mj":0, "radio_tx_energy_mj":0, "radio_rx_energy_mj":8, "node_time":949989, "total_sent":89, "total_received":92, "bytes_tx":60, "bytes_rx":12, "r2n_latency":254, "lqi":100, "rssi":-74, "server_sent":93, "server_received":181, "server_bytes_rx":60, "n2r_latency":681, "hops":0, "rtt_latency":372, "root_time_now":950670}
[Mote:1] {"node":"fd00::205:5:5:5", "cpu_energy_mj":19, "lpm_energy_mj":0, "radio_tx_energy_mj":0, "radio_rx_energy_mj":8, "node_time":950014, "total_sent":76, "total_received":80, "bytes_tx":60, "bytes_rx":12, "r2n_latency":1374, "lqi":100, "rssi":-30, "server_sent":81, "server_received":156, "server_bytes_rx":60, "n2r_latency":1846, "hops":2, "rtt_latency":1072, "root_time_now":951860}
[Mote:3] Sensor IPv6 = fe80::203:3:3:3
[Mote:1] {"node":"fd00::203:3:3:3", "cpu_energy_mj":18, "lpm_energy_mj":0, "radio_tx_energy_mj":0, "radio_rx_energy_mj":8, "node_time":955054, "total_sent":83, "total_received":84, "bytes_tx":60, "bytes_rx":12, "r2n_latency":2294, "lqi":100, "rssi":-85, "server_sent":84, "server_received":167, "server_bytes_rx":60, "n2r_latency":96, "hops":1, "rtt_latency":1462, "root_time_now":955150}
[Mote:2] Sensor IPv6 = fe80::202:2:2:2
[Mote:1] {"node":"fd00::202:2:2:2", "cpu_energy_mj":18, "lpm_energy_mj":0, "radio_tx_energy_mj":0, "radio_rx_energy_mj":8, "node_time":958160, "total_sent":90, "total_received":93, "bytes_tx":60, "bytes_rx":12, "r2n_latency":3204, "lqi":100, "rssi":-52, "server_sent":93, "server_received":183, "server_bytes_rx":60, "n2r_latency":70, "hops":0, "rtt_latency":1637, "root_time_now":958230}
[Mote:4] Sensor IPv6 = fe80::204:4:4:4
[Mote:1] {"node":"fd00::204:4:4:4", "cpu_energy_mj":19, "lpm_energy_mj":0, "radio_tx_energy_mj":0, "radio_rx_energy_mj":8, "node_time":960547, "total_sent":90, "total_received":94, "bytes_tx":60, "bytes_rx":12, "r2n_latency":274, "lqi":100, "rssi":-74, "server_sent":94, "server_received":184, "server_bytes_rx":60, "n2r_latency":203, "hops":0, "rtt_latency":277, "root_time_now":960750}
[Mote:5] Sensor IPv6 = fe80::205:5:5:5
[Mote:1] {"node":"fd00::205:5:5:5", "cpu_energy_mj":19, "lpm_energy_mj":0, "radio_tx_energy_mj":0, "radio_rx_energy_mj":8, "node_time":960806, "total_sent":77, "total_received":81, "bytes_tx":60, "bytes_rx":12, "r2n_latency":2714, "lqi":100, "rssi":-30, "server_sent":82, "server_received":158, "server_bytes_rx":60, "n2r_latency":434, "hops":2, "rtt_latency":1497, "root_time_now":961240}
[Mote:3] Sensor IPv6 = fe80::203:3:3:3
[Mote:1] {"node":"fd00::203:3:3:3", "cpu_energy_mj":18, "lpm_energy_mj":0, "radio_tx_energy_mj":0, "radio_rx_energy_mj":8, "node_time":965320, "total_sent":84, "total_received":85, "bytes_tx":60, "bytes_rx":12, "r2n_latency":1604, "lqi":100, "rssi":-85, "server_sent":85, "server_received":169, "server_bytes_rx":60, "n2r_latency":120, "hops":1, "rtt_latency":1082, "root_time_now":965440}
[Mote:2] Sensor IPv6 = fe80::202:2:2:2
[Mote:1] {"node":"fd00::202:2:2:2", "cpu_energy_mj":18, "lpm_energy_mj":0, "radio_tx_energy_mj":0, "radio_rx_energy_mj":8, "node_time":968693, "total_sent":91, "total_received":94, "bytes_tx":60, "bytes_rx":12, "r2n_latency":64, "lqi":100, "rssi":-52, "server_sent":94, "server_received":185, "server_bytes_rx":60, "n2r_latency":37, "hops":0, "rtt_latency":102, "root_time_now":968730}
[Mote:4] Sensor IPv6 = fe80::204:4:4:4
[Mote:1] {"node":"fd00::204:4:4:4", "cpu_energy_mj":19, "lpm_energy_mj":0, "radio_tx_energy_mj":0, "radio_rx_energy_mj":8, "node_time":971103, "total_sent":91, "total_received":95, "bytes_tx":60, "bytes_rx":12, "r2n_latency":844, "lqi":100, "rssi":-74, "server_sent":95, "server_received":186, "server_bytes_rx":60, "n2r_latency":7, "hops":0, "rtt_latency":527, "root_time_now":971110}
[Mote:5] Sensor IPv6 = fe80::205:5:5:5
[Mote:1] {"node":"fd00::205:5:5:5", "cpu_energy_mj":19, "lpm_energy_mj":0, "radio_tx_energy_mj":0, "radio_rx_energy_mj":8, "node_time":971601, "total_sent":78, "total_received":82, "bytes_tx":60, "bytes_rx":12, "r2n_latency":2234, "lqi":100, "rssi":-30, "server_sent":83, "server_received":160, "server_bytes_rx":60, "n2r_latency":2729, "hops":2, "rtt_latency":1222, "root_time_now":974330}
[Mote:3] Sensor IPv6 = fe80::203:3:3:3
[Mote:1] {"node":"fd00::203:3:3:3", "cpu_energy_mj":18, "lpm_energy_mj":0, "radio_tx_energy_mj":0, "radio_rx_energy_mj":8, "node_time":975582, "total_sent":85, "total_received":86, "bytes_tx":60, "bytes_rx":12, "r2n_latency":1334, "lqi":100, "rssi":-85, "server_sent":86, "server_received":171, "server_bytes_rx":60, "n2r_latency":78, "hops":1, "rtt_latency":1367, "root_time_now":975660}
[Mote:2] Sensor IPv6 = fe80::202:2:2:2
[Mote:1] {"node":"fd00::202:2:2:2", "cpu_energy_mj":18, "lpm_energy_mj":0, "radio_tx_energy_mj":0, "radio_rx_energy_mj":8, "node_time":979222, "total_sent":92, "total_received":95, "bytes_tx":60, "bytes_rx":12, "r2n_latency":74, "lqi":100, "rssi":-52, "server_sent":95, "server_received":187, "server_bytes_rx":60, "n2r_latency":8, "hops":0, "rtt_latency":282, "root_time_now":979230}
[Mote:4] Sensor IPv6 = fe80::204:4:4:4
[Mote:1] {"node":"fd00::204:4:4:4", "cpu_energy_mj":19, "lpm_energy_mj":0, "radio_tx_energy_mj":0, "radio_rx_energy_mj":8, "node_time":981659, "total_sent":92, "total_received":96, "bytes_tx":60, "bytes_rx":12, "r2n_latency":224, "lqi":100, "rssi":-74, "server_sent":96, "server_received":188, "server_bytes_rx":60, "n2r_latency":91, "hops":0, "rtt_latency":182, "root_time_now":981750}
[Mote:5] Sensor IPv6 = fe80::205:5:5:5
[Mote:1] {"node":"fd00::205:5:5:5", "cpu_energy_mj":19, "lpm_energy_mj":0, "radio_tx_energy_mj":0, "radio_rx_energy_mj":8, "node_time":982390, "total_sent":79, "total_received":84, "bytes_tx":60, "bytes_rx":12, "r2n_latency":1834, "lqi":100, "rssi":-30, "server_sent":84, "server_received":163, "server_bytes_rx":60, "n2r_latency":200, "hops":2, "rtt_latency":1022, "root_time_now":982590}
[Mote:3] Sensor IPv6 = fe80::203:3:3:3
[Mote:1] {"node":"fd00::203:3:3:3", "cpu_energy_mj":18, "lpm_energy_mj":0, "radio_tx_energy_mj":0, "radio_rx_energy_mj":8, "node_time":985844, "total_sent":86, "total_received":87, "bytes_tx":60, "bytes_rx":12, "r2n_latency":1204, "lqi":100, "rssi":-85, "server_sent":87, "server_received":173, "server_bytes_rx":60, "n2r_latency":106, "hops":1, "rtt_latency":847, "root_time_now":985950}
[Mote:2] Sensor IPv6 = fe80::202:2:2:2
[Mote:1] {"node":"fd00::202:2:2:2", "cpu_energy_mj":18, "lpm_energy_mj":0, "radio_tx_energy_mj":0, "radio_rx_energy_mj":8, "node_time":989753, "total_sent":93, "total_received":96, "bytes_tx":60, "bytes_rx":12, "r2n_latency":14, "lqi":100, "rssi":-52, "server_sent":96, "server_received":189, "server_bytes_rx":60, "n2r_latency":47, "hops":0, "rtt_latency":77, "root_time_now":989800}
[Mote:4] Sensor IPv6 = fe80::204:4:4:4
[Mote:1] {"node":"fd00::204:4:4:4", "cpu_energy_mj":19, "lpm_energy_mj":0, "radio_tx_energy_mj":0, "radio_rx_energy_mj":8, "node_time":992217, "total_sent":93, "total_received":97, "bytes_tx":60, "bytes_rx":12, "r2n_latency":374, "lqi":100, "rssi":-74, "server_sent":97, "server_received":190, "server_bytes_rx":60, "n2r_latency":33, "hops":0, "rtt_latency":257, "root_time_now":992250}
[Mote:5] Sensor IPv6 = fe80::205:5:5:5
[Mote:1] {"node":"fd00::205:5:5:5", "cpu_energy_mj":19, "lpm_energy_mj":0, "radio_tx_energy_mj":0, "radio_rx_energy_mj":9, "node_time":993184, "total_sent":80, "total_received":85, "bytes_tx":60, "bytes_rx":12, "r2n_latency":1984, "lqi":100, "rssi":-30, "server_sent":85, "server_received":165, "server_bytes_rx":60, "n2r_latency":186, "hops":2, "rtt_latency":1482, "root_time_now":993370}
[Mote:3] Sensor IPv6 = fe80::203:3:3:3
[Mote:1] {"node":"fd00::203:3:3:3", "cpu_energy_mj":18, "lpm_energy_mj":0, "radio_tx_energy_mj":0, "radio_rx_energy_mj":8, "node_time":996112, "total_sent":87, "total_received":88, "bytes_tx":60, "bytes_rx":12, "r2n_latency":934, "lqi":100, "rssi":-85, "server_sent":88, "server_received":175, "server_bytes_rx":60, "n2r_latency":128, "hops":1, "rtt_latency":1447, "root_time_now":996240}
[Mote:2] Sensor IPv6 = fe80::202:2:2:2
[Mote:1] {"node":"fd00::202:2:2:2", "cpu_energy_mj":18, "lpm_energy_mj":0, "radio_tx_energy_mj":0, "radio_rx_energy_mj":8, "node_time":1000284, "total_sent":94, "total_received":98, "bytes_tx":60, "bytes_rx":12, "r2n_latency":34, "lqi":100, "rssi":-52, "server_sent":98, "server_received":192, "server_bytes_rx":60, "n2r_latency":226, "hops":0, "rtt_latency":227, "root_time_now":1000510}
[Mote:4] Sensor IPv6 = fe80::204:4:4:4
[Mote:1] {"node":"fd00::204:4:4:4", "cpu_energy_mj":19, "lpm_energy_mj":0, "radio_tx_energy_mj":0, "radio_rx_energy_mj":8, "node_time":1002771, "total_sent":94, "total_received":98, "bytes_tx":60, "bytes_rx":12, "r2n_latency":944, "lqi":100, "rssi":-74, "server_sent":98, "server_received":192, "server_bytes_rx":60, "n2r_latency":49, "hops":0, "rtt_latency":822, "root_time_now":1002820}
[Mote:5] Sensor IPv6 = fe80::205:5:5:5
[Mote:1] {"node":"fd00::205:5:5:5", "cpu_energy_mj":19, "lpm_energy_mj":0, "radio_tx_energy_mj":0, "radio_rx_energy_mj":8, "node_time":1003974, "total_sent":81, "total_received":86, "bytes_tx":60, "bytes_rx":12, "r2n_latency":1854, "lqi":100, "rssi":-30, "server_sent":86, "server_received":167, "server_bytes_rx":60, "n2r_latency":176, "hops":2, "rtt_latency":1032, "root_time_now":1004150}
[Mote:3] Sensor IPv6 = fe80::203:3:3:3
[Mote:1] {"node":"fd00::203:3:3:3", "cpu_energy_mj":18, "lpm_energy_mj":0, "radio_tx_energy_mj":0, "radio_rx_energy_mj":8, "node_time":1006372, "total_sent":88, "total_received":89, "bytes_tx":60, "bytes_rx":12, "r2n_latency":1364, "lqi":100, "rssi":-85, "server_sent":89, "server_received":177, "server_bytes_rx":60, "n2r_latency":88, "hops":1, "rtt_latency":857, "root_time_now":1006460}
[Mote:2] Sensor IPv6 = fe80::202:2:2:2
[Mote:1] {"node":"fd00::202:2:2:2", "cpu_energy_mj":18, "lpm_energy_mj":0, "radio_tx_energy_mj":0, "radio_rx_energy_mj":8, "node_time":1010815, "total_sent":95, "total_received":99, "bytes_tx":60, "bytes_rx":12, "r2n_latency":44, "lqi":100, "rssi":-52, "server_sent":99, "server_received":194, "server_bytes_rx":60, "n2r_latency":265, "hops":0, "rtt_latency":197, "root_time_now":1011080}
[Mote:4] Sensor IPv6 = fe80::204:4:4:4
[Mote:1] {"node":"fd00::204:4:4:4", "cpu_energy_mj":19, "lpm_energy_mj":0, "radio_tx_energy_mj":0, "radio_rx_energy_mj":8, "node_time":1013327, "total_sent":95, "total_received":99, "bytes_tx":60, "bytes_rx":12, "r2n_latency":184, "lqi":100, "rssi":-74, "server_sent":99, "server_received":194, "server_bytes_rx":60, "n2r_latency":63, "hops":0, "rtt_latency":162, "root_time_now":1013390}
[Mote:5] Sensor IPv6 = fe80::205:5:5:5
[Mote:1] {"node":"fd00::205:5:5:5", "cpu_energy_mj":19, "lpm_energy_mj":0, "radio_tx_energy_mj":0, "radio_rx_energy_mj":8, "node_time":1014766, "total_sent":82, "total_received":87, "bytes_tx":60, "bytes_rx":12, "r2n_latency":1514, "lqi":100, "rssi":-30, "server_sent":87, "server_received":169, "server_bytes_rx":60, "n2r_latency":164, "hops":2, "rtt_latency":862, "root_time_now":1014930}
[Mote:3] Sensor IPv6 = fe80::203:3:3:3
[Mote:1] {"node":"fd00::203:3:3:3", "cpu_energy_mj":18, "lpm_energy_mj":0, "radio_tx_energy_mj":0, "radio_rx_energy_mj":8, "node_time":1016636, "total_sent":89, "total_received":90, "bytes_tx":60, "bytes_rx":12, "r2n_latency":744, "lqi":100, "rssi":-85, "server_sent":90, "server_received":179, "server_bytes_rx":60, "n2r_latency":114, "hops":1, "rtt_latency":477, "root_time_now":1016750}
[Mote:2] Sensor IPv6 = fe80::202:2:2:2
[Mote:1] {"node":"fd00::202:2:2:2", "cpu_energy_mj":18, "lpm_energy_mj":0, "radio_tx_energy_mj":0, "radio_rx_energy_mj":8, "node_time":1021346, "total_sent":96, "total_received":100, "bytes_tx":60, "bytes_rx":12, "r2n_latency":54, "lqi":100, "rssi":-52, "server_sent":100, "server_received":196, "server_bytes_rx":60, "n2r_latency":24, "hops":0, "rtt_latency":412, "root_time_now":1021370}
[Mote:4] Sensor IPv6 = fe80::204:4:4:4
[Mote:1] {"node":"fd00::204:4:4:4", "cpu_energy_mj":19, "lpm_energy_mj":0, "radio_tx_energy_mj":0, "radio_rx_energy_mj":8, "node_time":1023883, "total_sent":96, "total_received":100, "bytes_tx":60, "bytes_rx":12, "r2n_latency":264, "lqi":100, "rssi":-74, "server_sent":100, "server_received":196, "server_bytes_rx":60, "n2r_latency":7, "hops":0, "rtt_latency":447, "root_time_now":1023890}
[Mote:5] Sensor IPv6 = fe80::205:5:5:5
[Mote:1] {"node":"fd00::205:5:5:5", "cpu_energy_mj":19, "lpm_energy_mj":0, "radio_tx_energy_mj":0, "radio_rx_energy_mj":8, "node_time":1025560, "total_sent":83, "total_received":88, "bytes_tx":60, "bytes_rx":12, "r2n_latency":1734, "lqi":100, "rssi":-30, "server_sent":88, "server_received":171, "server_bytes_rx":60, "n2r_latency":150, "hops":2, "rtt_latency":972, "root_time_now":1025710}
[Mote:3] Sensor IPv6 = fe80::203:3:3:3
[Mote:1] {"node":"fd00::203:3:3:3", "cpu_energy_mj":18, "lpm_energy_mj":0, "radio_tx_energy_mj":0, "radio_rx_energy_mj":8, "node_time":1026900, "total_sent":90, "total_received":91, "bytes_tx":60, "bytes_rx":12, "r2n_latency":964, "lqi":100, "rssi":-85, "server_sent":91, "server_received":181, "server_bytes_rx":60, "n2r_latency":140, "hops":1, "rtt_latency":552, "root_time_now":1027040}
[Mote:2] Sensor IPv6 = fe80::202:2:2:2
[Mote:1] {"node":"fd00::202:2:2:2", "cpu_energy_mj":18, "lpm_energy_mj":0, "radio_tx_energy_mj":0, "radio_rx_energy_mj":8, "node_time":1031877, "total_sent":97, "total_received":101, "bytes_tx":60, "bytes_rx":12, "r2n_latency":64, "lqi":100, "rssi":-52, "server_sent":101, "server_received":198, "server_bytes_rx":60, "n2r_latency":273, "hops":0, "rtt_latency":102, "root_time_now":1032150}
[Mote:4] Sensor IPv6 = fe80::204:4:4:4
[Mote:1] {"node":"fd00::204:4:4:4", "cpu_energy_mj":19, "lpm_energy_mj":0, "radio_tx_energy_mj":0, "radio_rx_energy_mj":8, "node_time":1034439, "total_sent":97, "total_received":101, "bytes_tx":60, "bytes_rx":12, "r2n_latency":414, "lqi":100, "rssi":-74, "server_sent":101, "server_received":198, "server_bytes_rx":60, "n2r_latency":21, "hops":0, "rtt_latency":487, "root_time_now":1034460}
[Mote:5] Sensor IPv6 = fe80::205:5:5:5
[Mote:1] {"node":"fd00::205:5:5:5", "cpu_energy_mj":19, "lpm_energy_mj":0, "radio_tx_energy_mj":0, "radio_rx_energy_mj":9, "node_time":1036352, "total_sent":84, "total_received":89, "bytes_tx":60, "bytes_rx":12, "r2n_latency":2444, "lqi":100, "rssi":-30, "server_sent":89, "server_received":173, "server_bytes_rx":60, "n2r_latency":208, "hops":2, "rtt_latency":1327, "root_time_now":1036560}
[Mote:3] Sensor IPv6 = fe80::203:3:3:3
[Mote:1] {"node":"fd00::203:3:3:3", "cpu_energy_mj":18, "lpm_energy_mj":0, "radio_tx_energy_mj":0, "radio_rx_energy_mj":8, "node_time":1037164, "total_sent":91, "total_received":92, "bytes_tx":60, "bytes_rx":12, "r2n_latency":1114, "lqi":100, "rssi":-85, "server_sent":92, "server_received":183, "server_bytes_rx":60, "n2r_latency":96, "hops":1, "rtt_latency":627, "root_time_now":1037260}
[Mote:2] Sensor IPv6 = fe80::202:2:2:2
[Mote:1] {"node":"fd00::202:2:2:2", "cpu_energy_mj":18, "lpm_energy_mj":0, "radio_tx_energy_mj":0, "radio_rx_energy_mj":8, "node_time":1042408, "total_sent":98, "total_received":102, "bytes_tx":60, "bytes_rx":12, "r2n_latency":74, "lqi":100, "rssi":-52, "server_sent":102, "server_received":200, "server_bytes_rx":60, "n2r_latency":32, "hops":0, "rtt_latency":177, "root_time_now":1042440}
[Mote:4] Sensor IPv6 = fe80::204:4:4:4
[Mote:1] {"node":"fd00::204:4:4:4", "cpu_energy_mj":19, "lpm_energy_mj":0, "radio_tx_energy_mj":0, "radio_rx_energy_mj":8, "node_time":1044995, "total_sent":98, "total_received":102, "bytes_tx":60, "bytes_rx":12, "r2n_latency":214, "lqi":100, "rssi":-74, "server_sent":102, "server_received":200, "server_bytes_rx":60, "n2r_latency":105, "hops":0, "rtt_latency":422, "root_time_now":1045100}
[Mote:5] Sensor IPv6 = fe80::205:5:5:5
[Mote:1] {"node":"fd00::205:5:5:5", "cpu_energy_mj":19, "lpm_energy_mj":0, "radio_tx_energy_mj":0, "radio_rx_energy_mj":8, "node_time":1047142, "total_sent":85, "total_received":90, "bytes_tx":60, "bytes_rx":12, "r2n_latency":1754, "lqi":100, "rssi":-30, "server_sent":90, "server_received":175, "server_bytes_rx":60, "n2r_latency":198, "hops":2, "rtt_latency":982, "root_time_now":1047340}
[Mote:3] Sensor IPv6 = fe80::203:3:3:3
[Mote:1] {"node":"fd00::203:3:3:3", "cpu_energy_mj":18, "lpm_energy_mj":0, "radio_tx_energy_mj":0, "radio_rx_energy_mj":8, "node_time":1047428, "total_sent":92, "total_received":93, "bytes_tx":60, "bytes_rx":12, "r2n_latency":1404, "lqi":100, "rssi":-85, "server_sent":93, "server_received":185, "server_bytes_rx":60, "n2r_latency":122, "hops":1, "rtt_latency":807, "root_time_now":1047550}
[Mote:2] Sensor IPv6 = fe80::202:2:2:2
[Mote:1] {"node":"fd00::202:2:2:2", "cpu_energy_mj":18, "lpm_energy_mj":0, "radio_tx_energy_mj":0, "radio_rx_energy_mj":8, "node_time":1052939, "total_sent":99, "total_received":103, "bytes_tx":60, "bytes_rx":12, "r2n_latency":14, "lqi":100, "rssi":-52, "server_sent":103, "server_received":202, "server_bytes_rx":60, "n2r_latency":71, "hops":0, "rtt_latency":182, "root_time_now":1053010}
[Mote:4] Sensor IPv6 = fe80::204:4:4:4
[Mote:1] {"node":"fd00::204:4:4:4", "cpu_energy_mj":19, "lpm_energy_mj":0, "radio_tx_energy_mj":0, "radio_rx_energy_mj":8, "node_time":1055551, "total_sent":99, "total_received":103, "bytes_tx":60, "bytes_rx":12, "r2n_latency":644, "lqi":100, "rssi":-74, "server_sent":103, "server_received":202, "server_bytes_rx":60, "n2r_latency":49, "hops":0, "rtt_latency":1232, "root_time_now":1055600}
[Mote:3] Sensor IPv6 = fe80::203:3:3:3
[Mote:1] {"node":"fd00::203:3:3:3", "cpu_energy_mj":18, "lpm_energy_mj":0, "radio_tx_energy_mj":0, "radio_rx_energy_mj":8, "node_time":1057694, "total_sent":93, "total_received":94, "bytes_tx":60, "bytes_rx":12, "r2n_latency":1134, "lqi":100, "rssi":-85, "server_sent":94, "server_received":187, "server_bytes_rx":60, "n2r_latency":76, "hops":1, "rtt_latency":1267, "root_time_now":1057770}
[Mote:5] Sensor IPv6 = fe80::205:5:5:5
[Mote:1] {"node":"fd00::205:5:5:5", "cpu_energy_mj":19, "lpm_energy_mj":0, "radio_tx_energy_mj":0, "radio_rx_energy_mj":8, "node_time":1057934, "total_sent":86, "total_received":91, "bytes_tx":60, "bytes_rx":12, "r2n_latency":1764, "lqi":100, "rssi":-30, "server_sent":91, "server_received":177, "server_bytes_rx":60, "n2r_latency":186, "hops":2, "rtt_latency":1302, "root_time_now":1058120}
[Mote:2] Sensor IPv6 = fe80::202:2:2:2
[Mote:1] {"node":"fd00::202:2:2:2", "cpu_energy_mj":18, "lpm_energy_mj":0, "radio_tx_energy_mj":0, "radio_rx_energy_mj":8, "node_time":1063470, "total_sent":100, "total_received":104, "bytes_tx":60, "bytes_rx":12, "r2n_latency":24, "lqi":100, "rssi":-52, "server_sent":104, "server_received":204, "server_bytes_rx":60, "n2r_latency":40, "hops":0, "rtt_latency":187, "root_time_now":1063510}
[Mote:4] Sensor IPv6 = fe80::204:4:4:4
[Mote:1] {"node":"fd00::204:4:4:4", "cpu_energy_mj":19, "lpm_energy_mj":0, "radio_tx_energy_mj":0, "radio_rx_energy_mj":8, "node_time":1066107, "total_sent":100, "total_received":104, "bytes_tx":60, "bytes_rx":12, "r2n_latency":514, "lqi":100, "rssi":-74, "server_sent":104, "server_received":204, "server_bytes_rx":60, "n2r_latency":63, "hops":0, "rtt_latency":362, "root_time_now":1066170}
[Mote:3] Sensor IPv6 = fe80::203:3:3:3
[Mote:1] {"node":"fd00::203:3:3:3", "cpu_energy_mj":18, "lpm_energy_mj":0, "radio_tx_energy_mj":0, "radio_rx_energy_mj":8, "node_time":1067960, "total_sent":94, "total_received":95, "bytes_tx":60, "bytes_rx":12, "r2n_latency":1074, "lqi":100, "rssi":-85, "server_sent":95, "server_received":189, "server_bytes_rx":60, "n2r_latency":100, "hops":1, "rtt_latency":782, "root_time_now":1068060}
[Mote:5] Sensor IPv6 = fe80::205:5:5:5
[Mote:1] {"node":"fd00::205:5:5:5", "cpu_energy_mj":19, "lpm_energy_mj":0, "radio_tx_energy_mj":0, "radio_rx_energy_mj":8, "node_time":1068728, "total_sent":87, "total_received":92, "bytes_tx":60, "bytes_rx":12, "r2n_latency":1774, "lqi":100, "rssi":-30, "server_sent":92, "server_received":179, "server_bytes_rx":60, "n2r_latency":172, "hops":2, "rtt_latency":992, "root_time_now":1068900}
[Mote:2] Sensor IPv6 = fe80::202:2:2:2
[Mote:1] {"node":"fd00::202:2:2:2", "cpu_energy_mj":18, "lpm_energy_mj":0, "radio_tx_energy_mj":0, "radio_rx_energy_mj":8, "node_time":1074003, "total_sent":101, "total_received":105, "bytes_tx":60, "bytes_rx":12, "r2n_latency":34, "lqi":100, "rssi":-52, "server_sent":105, "server_received":206, "server_bytes_rx":60, "n2r_latency":7, "hops":0, "rtt_latency":157, "root_time_now":1074010}
[Mote:4] Sensor IPv6 = fe80::204:4:4:4
[Mote:1] {"node":"fd00::204:4:4:4", "cpu_energy_mj":19, "lpm_energy_mj":0, "radio_tx_energy_mj":0, "radio_rx_energy_mj":8, "node_time":1076665, "total_sent":101, "total_received":105, "bytes_tx":60, "bytes_rx":12, "r2n_latency":174, "lqi":100, "rssi":-74, "server_sent":105, "server_received":206, "server_bytes_rx":60, "n2r_latency":5, "hops":0, "rtt_latency":262, "root_time_now":1076670}
[Mote:3] Sensor IPv6 = fe80::203:3:3:3
[Mote:1] {"node":"fd00::203:3:3:3", "cpu_energy_mj":18, "lpm_energy_mj":0, "radio_tx_energy_mj":0, "radio_rx_energy_mj":8, "node_time":1078222, "total_sent":95, "total_received":96, "bytes_tx":60, "bytes_rx":12, "r2n_latency":594, "lqi":100, "rssi":-85, "server_sent":96, "server_received":191, "server_bytes_rx":60, "n2r_latency":128, "hops":1, "rtt_latency":472, "root_time_now":1078350}
[Mote:5] Sensor IPv6 = fe80::205:5:5:5
[Mote:1] {"node":"fd00::205:5:5:5", "cpu_energy_mj":19, "lpm_energy_mj":0, "radio_tx_energy_mj":0, "radio_rx_energy_mj":8, "node_time":1079520, "total_sent":88, "total_received":93, "bytes_tx":60, "bytes_rx":12, "r2n_latency":1294, "lqi":100, "rssi":-30, "server_sent":93, "server_received":181, "server_bytes_rx":60, "n2r_latency":160, "hops":2, "rtt_latency":752, "root_time_now":1079680}
[Mote:2] Sensor IPv6 = fe80::202:2:2:2
[Mote:1] {"node":"fd00::202:2:2:2", "cpu_energy_mj":18, "lpm_energy_mj":0, "radio_tx_energy_mj":0, "radio_rx_energy_mj":8, "node_time":1084532, "total_sent":102, "total_received":106, "bytes_tx":60, "bytes_rx":12, "r2n_latency":44, "lqi":100, "rssi":-52, "server_sent":106, "server_received":208, "server_bytes_rx":60, "n2r_latency":48, "hops":0, "rtt_latency":372, "root_time_now":1084580}
[Mote:4] Sensor IPv6 = fe80::204:4:4:4
[Mote:1] {"node":"fd00::204:4:4:4", "cpu_energy_mj":19, "lpm_energy_mj":0, "radio_tx_energy_mj":0, "radio_rx_energy_mj":8, "node_time":1087221, "total_sent":102, "total_received":106, "bytes_tx":60, "bytes_rx":12, "r2n_latency":534, "lqi":100, "rssi":-74, "server_sent":106, "server_received":208, "server_bytes_rx":60, "n2r_latency":19, "hops":0, "rtt_latency":652, "root_time_now":1087240}
[Mote:3] Sensor IPv6 = fe80::203:3:3:3
[Mote:1] {"node":"fd00::203:3:3:3", "cpu_energy_mj":18, "lpm_energy_mj":0, "radio_tx_energy_mj":0, "radio_rx_energy_mj":8, "node_time":1088488, "total_sent":96, "total_received":97, "bytes_tx":60, "bytes_rx":12, "r2n_latency":1164, "lqi":100, "rssi":-85, "server_sent":97, "server_received":193, "server_bytes_rx":60, "n2r_latency":82, "hops":1, "rtt_latency":722, "root_time_now":1088570}
[Mote:5] Sensor IPv6 = fe80::205:5:5:5
[Mote:1] {"node":"fd00::205:5:5:5", "cpu_energy_mj":19, "lpm_energy_mj":0, "radio_tx_energy_mj":0, "radio_rx_energy_mj":8, "node_time":1090310, "total_sent":89, "total_received":94, "bytes_tx":60, "bytes_rx":12, "r2n_latency":1794, "lqi":100, "rssi":-30, "server_sent":95, "server_received":183, "server_bytes_rx":60, "n2r_latency":150, "hops":2, "rtt_latency":1037, "root_time_now":1090460}
[Mote:2] Sensor IPv6 = fe80::202:2:2:2
[Mote:1] {"node":"fd00::202:2:2:2", "cpu_energy_mj":18, "lpm_energy_mj":0, "radio_tx_energy_mj":0, "radio_rx_energy_mj":8, "node_time":1095063, "total_sent":103, "total_received":107, "bytes_tx":60, "bytes_rx":12, "r2n_latency":54, "lqi":100, "rssi":-52, "server_sent":107, "server_received":210, "server_bytes_rx":60, "n2r_latency":17, "hops":0, "rtt_latency":2302, "root_time_now":1095080}
[Mote:4] Sensor IPv6 = fe80::204:4:4:4
[Mote:1] {"node":"fd00::204:4:4:4", "cpu_energy_mj":19, "lpm_energy_mj":0, "radio_tx_energy_mj":0, "radio_rx_energy_mj":8, "node_time":1097775, "total_sent":103, "total_received":107, "bytes_tx":60, "bytes_rx":12, "r2n_latency":1594, "lqi":100, "rssi":-74, "server_sent":107, "server_received":210, "server_bytes_rx":60, "n2r_latency":35, "hops":0, "rtt_latency":867, "root_time_now":1097810}
[Mote:3] Sensor IPv6 = fe80::203:3:3:3
[Mote:1] {"node":"fd00::203:3:3:3", "cpu_energy_mj":18, "lpm_energy_mj":0, "radio_tx_energy_mj":0, "radio_rx_energy_mj":8, "node_time":1098752, "total_sent":97, "total_received":98, "bytes_tx":60, "bytes_rx":12, "r2n_latency":2014, "lqi":100, "rssi":-85, "server_sent":98, "server_received":195, "server_bytes_rx":60, "n2r_latency":108, "hops":1, "rtt_latency":1357, "root_time_now":1098860}
[Mote:5] Sensor IPv6 = fe80::205:5:5:5
[Mote:1] {"node":"fd00::205:5:5:5", "cpu_energy_mj":19, "lpm_energy_mj":0, "radio_tx_energy_mj":0, "radio_rx_energy_mj":8, "node_time":1101102, "total_sent":90, "total_received":95, "bytes_tx":60, "bytes_rx":12, "r2n_latency":2854, "lqi":100, "rssi":-30, "server_sent":96, "server_received":185, "server_bytes_rx":60, "n2r_latency":348, "hops":2, "rtt_latency":1742, "root_time_now":1101450}
[Mote:2] Sensor IPv6 = fe80::202:2:2:2
[Mote:1] {"node":"fd00::202:2:2:2", "cpu_energy_mj":18, "lpm_energy_mj":0, "radio_tx_energy_mj":0, "radio_rx_energy_mj":8, "node_time":1105594, "total_sent":104, "total_received":108, "bytes_tx":60, "bytes_rx":12, "r2n_latency":64, "lqi":100, "rssi":-52, "server_sent":108, "server_received":212, "server_bytes_rx":60, "n2r_latency":56, "hops":0, "rtt_latency":417, "root_time_now":1105650}
[Mote:4] Sensor IPv6 = fe80::204:4:4:4
[Mote:1] {"node":"fd00::204:4:4:4", "cpu_energy_mj":19, "lpm_energy_mj":0, "radio_tx_energy_mj":0, "radio_rx_energy_mj":8, "node_time":1108331, "total_sent":104, "total_received":108, "bytes_tx":60, "bytes_rx":12, "r2n_latency":694, "lqi":100, "rssi":-74, "server_sent":108, "server_received":212, "server_bytes_rx":60, "n2r_latency":49, "hops":0, "rtt_latency":662, "root_time_now":1108380}
[Mote:3] Sensor IPv6 = fe80::203:3:3:3
[Mote:1] {"node":"fd00::203:3:3:3", "cpu_energy_mj":18, "lpm_energy_mj":0, "radio_tx_energy_mj":0, "radio_rx_energy_mj":8, "node_time":1109016, "total_sent":98, "total_received":99, "bytes_tx":60, "bytes_rx":12, "r2n_latency":1604, "lqi":100, "rssi":-85, "server_sent":99, "server_received":197, "server_bytes_rx":60, "n2r_latency":134, "hops":1, "rtt_latency":872, "root_time_now":1109150}
[Mote:5] Sensor IPv6 = fe80::205:5:5:5
[Mote:1] {"node":"fd00::205:5:5:5", "cpu_energy_mj":19, "lpm_energy_mj":0, "radio_tx_energy_mj":0, "radio_rx_energy_mj":8, "node_time":1111894, "total_sent":91, "total_received":97, "bytes_tx":60, "bytes_rx":12, "r2n_latency":1614, "lqi":100, "rssi":-30, "server_sent":97, "server_received":188, "server_bytes_rx":60, "n2r_latency":196, "hops":2, "rtt_latency":912, "root_time_now":1112090}
[Mote:2] Sensor IPv6 = fe80::202:2:2:2
[Mote:1] {"node":"fd00::202:2:2:2", "cpu_energy_mj":18, "lpm_energy_mj":0, "radio_tx_energy_mj":0, "radio_rx_energy_mj":8, "node_time":1116125, "total_sent":105, "total_received":109, "bytes_tx":60, "bytes_rx":12, "r2n_latency":74, "lqi":100, "rssi":-52, "server_sent":109, "server_received":214, "server_bytes_rx":60, "n2r_latency":25, "hops":0, "rtt_latency":1822, "root_time_now":1116150}
[Mote:4] Sensor IPv6 = fe80::204:4:4:4
[Mote:1] {"node":"fd00::204:4:4:4", "cpu_energy_mj":19, "lpm_energy_mj":0, "radio_tx_energy_mj":0, "radio_rx_energy_mj":8, "node_time":1118889, "total_sent":105, "total_received":109, "bytes_tx":60, "bytes_rx":12, "r2n_latency":214, "lqi":100, "rssi":-74, "server_sent":109, "server_received":214, "server_bytes_rx":60, "n2r_latency":61, "hops":0, "rtt_latency":212, "root_time_now":1118950}
[Mote:3] Sensor IPv6 = fe80::203:3:3:3
[Mote:1] {"node":"fd00::203:3:3:3", "cpu_energy_mj":18, "lpm_energy_mj":0, "radio_tx_energy_mj":0, "radio_rx_energy_mj":8, "node_time":1119276, "total_sent":99, "total_received":100, "bytes_tx":60, "bytes_rx":12, "r2n_latency":1054, "lqi":100, "rssi":-85, "server_sent":100, "server_received":199, "server_bytes_rx":60, "n2r_latency":94, "hops":1, "rtt_latency":702, "root_time_now":1119370}
[Mote:5] Sensor IPv6 = fe80::205:5:5:5
[Mote:1] {"node":"fd00::205:5:5:5", "cpu_energy_mj":19, "lpm_energy_mj":0, "radio_tx_energy_mj":0, "radio_rx_energy_mj":8, "node_time":1122686, "total_sent":92, "total_received":98, "bytes_tx":60, "bytes_rx":12, "r2n_latency":1414, "lqi":100, "rssi":-30, "server_sent":98, "server_received":190, "server_bytes_rx":60, "n2r_latency":324, "hops":2, "rtt_latency":1162, "root_time_now":1123010}
[Mote:2] Sensor IPv6 = fe80::202:2:2:2
[Mote:1] {"node":"fd00::202:2:2:2", "cpu_energy_mj":18, "lpm_energy_mj":0, "radio_tx_energy_mj":0, "radio_rx_energy_mj":8, "node_time":1126658, "total_sent":106, "total_received":110, "bytes_tx":60, "bytes_rx":12, "r2n_latency":14, "lqi":100, "rssi":-52, "server_sent":110, "server_received":216, "server_bytes_rx":60, "n2r_latency":62, "hops":0, "rtt_latency":2247, "root_time_now":1126720}
[Mote:4] Sensor IPv6 = fe80::204:4:4:4
[Mote:1] {"node":"fd00::204:4:4:4", "cpu_energy_mj":19, "lpm_energy_mj":0, "radio_tx_energy_mj":0, "radio_rx_energy_mj":8, "node_time":1129445, "total_sent":106, "total_received":110, "bytes_tx":60, "bytes_rx":12, "r2n_latency":224, "lqi":100, "rssi":-74, "server_sent":110, "server_received":216, "server_bytes_rx":60, "n2r_latency":5, "hops":0, "rtt_latency":252, "root_time_now":1129450}
[Mote:3] Sensor IPv6 = fe80::203:3:3:3
[Mote:1] {"node":"fd00::203:3:3:3", "cpu_energy_mj":18, "lpm_energy_mj":0, "radio_tx_energy_mj":0, "radio_rx_energy_mj":8, "node_time":1129540, "total_sent":100, "total_received":101, "bytes_tx":60, "bytes_rx":12, "r2n_latency":1064, "lqi":100, "rssi":-85, "server_sent":101, "server_received":201, "server_bytes_rx":60, "n2r_latency":120, "hops":1, "rtt_latency":1127, "root_time_now":1129660}
[Mote:5] Sensor IPv6 = fe80::205:5:5:5
[Mote:1] {"node":"fd00::205:5:5:5", "cpu_energy_mj":19, "lpm_energy_mj":0, "radio_tx_energy_mj":0, "radio_rx_energy_mj":9, "node_time":1133478, "total_sent":93, "total_received":99, "bytes_tx":60, "bytes_rx":12, "r2n_latency":2194, "lqi":100, "rssi":-30, "server_sent":99, "server_received":192, "server_bytes_rx":60, "n2r_latency":172, "hops":2, "rtt_latency":1202, "root_time_now":1133650}
[Mote:2] Sensor IPv6 = fe80::202:2:2:2
[Mote:1] {"node":"fd00::202:2:2:2", "cpu_energy_mj":18, "lpm_energy_mj":0, "radio_tx_energy_mj":0, "radio_rx_energy_mj":8, "node_time":1137187, "total_sent":107, "total_received":111, "bytes_tx":60, "bytes_rx":12, "r2n_latency":24, "lqi":100, "rssi":-52, "server_sent":111, "server_received":218, "server_bytes_rx":60, "n2r_latency":33, "hops":0, "rtt_latency":187, "root_time_now":1137220}
[Mote:3] Sensor IPv6 = fe80::203:3:3:3
[Mote:1] {"node":"fd00::203:3:3:3", "cpu_energy_mj":18, "lpm_energy_mj":0, "radio_tx_energy_mj":0, "radio_rx_energy_mj":8, "node_time":1139808, "total_sent":101, "total_received":102, "bytes_tx":60, "bytes_rx":12, "r2n_latency":724, "lqi":100, "rssi":-85, "server_sent":102, "server_received":203, "server_bytes_rx":60, "n2r_latency":142, "hops":1, "rtt_latency":677, "root_time_now":1139950}
[Mote:4] Sensor IPv6 = fe80::204:4:4:4
[Mote:1] {"node":"fd00::204:4:4:4", "cpu_energy_mj":19, "lpm_energy_mj":0, "radio_tx_energy_mj":0, "radio_rx_energy_mj":8, "node_time":1139997, "total_sent":107, "total_received":111, "bytes_tx":60, "bytes_rx":12, "r2n_latency":164, "lqi":100, "rssi":-74, "server_sent":112, "server_received":218, "server_bytes_rx":60, "n2r_latency":303, "hops":0, "rtt_latency":152, "root_time_now":1140300}
[Mote:5] Sensor IPv6 = fe80::205:5:5:5
[Mote:1] {"node":"fd00::205:5:5:5", "cpu_energy_mj":19, "lpm_energy_mj":0, "radio_tx_energy_mj":0, "radio_rx_energy_mj":8, "node_time":1144270, "total_sent":94, "total_received":100, "bytes_tx":60, "bytes_rx":12, "r2n_latency":2417, "lqi":100, "rssi":-30, "server_sent":100, "server_received":194, "server_bytes_rx":60, "n2r_latency":160, "hops":2, "rtt_latency":1523, "root_time_now":1144430}
[Mote:2] Sensor IPv6 = fe80::202:2:2:2
[Mote:1] {"node":"fd00::202:2:2:2", "cpu_energy_mj":18, "lpm_energy_mj":0, "radio_tx_energy_mj":0, "radio_rx_energy_mj":8, "node_time":1147719, "total_sent":108, "total_received":112, "bytes_tx":60, "bytes_rx":12, "r2n_latency":107, "lqi":100, "rssi":-52, "server_sent":112, "server_received":220, "server_bytes_rx":60, "n2r_latency":71, "hops":0, "rtt_latency":543, "root_time_now":1147790}
[Mote:3] Sensor IPv6 = fe80::203:3:3:3
[Mote:4] Sensor IPv6 = fe80::204:4:4:4
[Mote:1] {"node":"fd00::204:4:4:4", "cpu_energy_mj":19, "lpm_energy_mj":0, "radio_tx_energy_mj":0, "radio_rx_energy_mj":8, "node_time":1150555, "total_sent":108, "total_received":113, "bytes_tx":60, "bytes_rx":12, "r2n_latency":254, "lqi":100, "rssi":-74, "server_sent":113, "server_received":221, "server_bytes_rx":60, "n2r_latency":245, "hops":0, "rtt_latency":372, "root_time_now":1150800}
[Mote:1] {"node":"fd00::203:3:3:3", "cpu_energy_mj":18, "lpm_energy_mj":0, "radio_tx_energy_mj":0, "radio_rx_energy_mj":8, "node_time":1150068, "total_sent":102, "total_received":103, "bytes_tx":60, "bytes_rx":12, "r2n_latency":2067, "lqi":100, "rssi":-85, "server_sent":104, "server_received":205, "server_bytes_rx":60, "n2r_latency":1502, "hops":1, "rtt_latency":1488, "root_time_now":1151570}
[Mote:5] Sensor IPv6 = fe80::205:5:5:5
[Mote:1] {"node":"fd00::205:5:5:5", "cpu_energy_mj":19, "lpm_energy_mj":0, "radio_tx_energy_mj":0, "radio_rx_energy_mj":8, "node_time":1155062, "total_sent":95, "total_received":101, "bytes_tx":60, "bytes_rx":12, "r2n_latency":1094, "lqi":100, "rssi":-30, "server_sent":101, "server_received":196, "server_bytes_rx":60, "n2r_latency":148, "hops":2, "rtt_latency":1247, "root_time_now":1155210}
[Mote:2] Sensor IPv6 = fe80::202:2:2:2
[Mote:1] {"node":"fd00::202:2:2:2", "cpu_energy_mj":18, "lpm_energy_mj":0, "radio_tx_energy_mj":0, "radio_rx_energy_mj":8, "node_time":1158251, "total_sent":109, "total_received":113, "bytes_tx":60, "bytes_rx":12, "r2n_latency":44, "lqi":100, "rssi":-52, "server_sent":113, "server_received":222, "server_bytes_rx":60, "n2r_latency":39, "hops":0, "rtt_latency":92, "root_time_now":1158290}
[Mote:3] Sensor IPv6 = fe80::203:3:3:3
[Mote:1] {"node":"fd00::203:3:3:3", "cpu_energy_mj":18, "lpm_energy_mj":0, "radio_tx_energy_mj":0, "radio_rx_energy_mj":8, "node_time":1160332, "total_sent":103, "total_received":104, "bytes_tx":60, "bytes_rx":12, "r2n_latency":884, "lqi":100, "rssi":-85, "server_sent":105, "server_received":207, "server_bytes_rx":60, "n2r_latency":478, "hops":1, "rtt_latency":1212, "root_time_now":1160810}
[Mote:4] Sensor IPv6 = fe80::204:4:4:4
[Mote:1] {"node":"fd00::204:4:4:4", "cpu_energy_mj":19, "lpm_energy_mj":0, "radio_tx_energy_mj":0, "radio_rx_energy_mj":8, "node_time":1161109, "total_sent":109, "total_received":114, "bytes_tx":60, "bytes_rx":12, "r2n_latency":264, "lqi":100, "rssi":-74, "server_sent":114, "server_received":223, "server_bytes_rx":60, "n2r_latency":51, "hops":0, "rtt_latency":272, "root_time_now":1161160}
[Mote:5] Sensor IPv6 = fe80::205:5:5:5
[Mote:1] {"node":"fd00::205:5:5:5", "cpu_energy_mj":19, "lpm_energy_mj":0, "radio_tx_energy_mj":0, "radio_rx_energy_mj":9, "node_time":1165854, "total_sent":96, "total_received":102, "bytes_tx":60, "bytes_rx":12, "r2n_latency":3134, "lqi":100, "rssi":-30, "server_sent":102, "server_received":198, "server_bytes_rx":60, "n2r_latency":206, "hops":2, "rtt_latency":1672, "root_time_now":1166060}
[Mote:2] Sensor IPv6 = fe80::202:2:2:2
[Mote:1] {"node":"fd00::202:2:2:2", "cpu_energy_mj":18, "lpm_energy_mj":0, "radio_tx_energy_mj":0, "radio_rx_energy_mj":8, "node_time":1168782, "total_sent":110, "total_received":114, "bytes_tx":60, "bytes_rx":12, "r2n_latency":54, "lqi":100, "rssi":-52, "server_sent":114, "server_received":224, "server_bytes_rx":60, "n2r_latency":8, "hops":0, "rtt_latency":342, "root_time_now":1168790}
[Mote:3] Sensor IPv6 = fe80::203:3:3:3
[Mote:4] Sensor IPv6 = fe80::204:4:4:4
[Mote:1] {"node":"fd00::203:3:3:3", "cpu_energy_mj":18, "lpm_energy_mj":0, "radio_tx_energy_mj":0, "radio_rx_energy_mj":8, "node_time":1170600, "total_sent":104, "total_received":105, "bytes_tx":60, "bytes_rx":12, "r2n_latency":2294, "lqi":100, "rssi":-85, "server_sent":106, "server_received":209, "server_bytes_rx":60, "n2r_latency":1270, "hops":1, "rtt_latency":1217, "root_time_now":1171870}
[Mote:1] {"node":"fd00::204:4:4:4", "cpu_energy_mj":19, "lpm_energy_mj":0, "radio_tx_energy_mj":0, "radio_rx_energy_mj":8, "node_time":1171667, "total_sent":110, "total_received":115, "bytes_tx":60, "bytes_rx":12, "r2n_latency":344, "lqi":100, "rssi":-74, "server_sent":115, "server_received":225, "server_bytes_rx":60, "n2r_latency":343, "hops":0, "rtt_latency":907, "root_time_now":1172010}
[Mote:5] Sensor IPv6 = fe80::205:5:5:5
[Mote:1] {"node":"fd00::205:5:5:5", "cpu_energy_mj":19, "lpm_energy_mj":0, "radio_tx_energy_mj":0, "radio_rx_energy_mj":8, "node_time":1176648, "total_sent":97, "total_received":103, "bytes_tx":60, "bytes_rx":12, "r2n_latency":974, "lqi":100, "rssi":-30, "server_sent":103, "server_received":200, "server_bytes_rx":60, "n2r_latency":192, "hops":2, "rtt_latency":1152, "root_time_now":1176840}
[Mote:2] Sensor IPv6 = fe80::202:2:2:2
[Mote:1] {"node":"fd00::202:2:2:2", "cpu_energy_mj":18, "lpm_energy_mj":0, "radio_tx_energy_mj":0, "radio_rx_energy_mj":8, "node_time":1179311, "total_sent":111, "total_received":115, "bytes_tx":60, "bytes_rx":12, "r2n_latency":64, "lqi":100, "rssi":-52, "server_sent":115, "server_received":226, "server_bytes_rx":60, "n2r_latency":49, "hops":0, "rtt_latency":137, "root_time_now":1179360}
[Mote:3] Sensor IPv6 = fe80::203:3:3:3
[Mote:1] {"node":"fd00::203:3:3:3", "cpu_energy_mj":18, "lpm_energy_mj":0, "radio_tx_energy_mj":0, "radio_rx_energy_mj":8, "node_time":1180860, "total_sent":105, "total_received":106, "bytes_tx":60, "bytes_rx":12, "r2n_latency":834, "lqi":100, "rssi":-85, "server_sent":107, "server_received":211, "server_bytes_rx":60, "n2r_latency":810, "hops":1, "rtt_latency":977, "root_time_now":1181670}
[Mote:4] Sensor IPv6 = fe80::204:4:4:4
[Mote:1] {"node":"fd00::204:4:4:4", "cpu_energy_mj":19, "lpm_energy_mj":0, "radio_tx_energy_mj":0, "radio_rx_energy_mj":8, "node_time":1182221, "total_sent":111, "total_received":116, "bytes_tx":60, "bytes_rx":12, "r2n_latency":214, "lqi":100, "rssi":-74, "server_sent":116, "server_received":227, "server_bytes_rx":60, "n2r_latency":149, "hops":0, "rtt_latency":737, "root_time_now":1182370}
[Mote:5] Sensor IPv6 = fe80::205:5:5:5
[Mote:1] {"node":"fd00::205:5:5:5", "cpu_energy_mj":19, "lpm_energy_mj":0, "radio_tx_energy_mj":0, "radio_rx_energy_mj":9, "node_time":1187438, "total_sent":98, "total_received":104, "bytes_tx":60, "bytes_rx":12, "r2n_latency":4134, "lqi":100, "rssi":-30, "server_sent":104, "server_received":202, "server_bytes_rx":60, "n2r_latency":392, "hops":2, "rtt_latency":2172, "root_time_now":1187830}
[Mote:2] Sensor IPv6 = fe80::202:2:2:2
[Mote:1] {"node":"fd00::202:2:2:2", "cpu_energy_mj":18, "lpm_energy_mj":0, "radio_tx_energy_mj":0, "radio_rx_energy_mj":8, "node_time":1189842, "total_sent":112, "total_received":116, "bytes_tx":60, "bytes_rx":12, "r2n_latency":74, "lqi":100, "rssi":-52, "server_sent":116, "server_received":228, "server_bytes_rx":60, "n2r_latency":18, "hops":0, "rtt_latency":317, "root_time_now":1189860}
[Mote:3] Sensor IPv6 = fe80::203:3:3:3
[Mote:1] {"node":"fd00::203:3:3:3", "cpu_energy_mj":18, "lpm_energy_mj":0, "radio_tx_energy_mj":0, "radio_rx_energy_mj":8, "node_time":1191125, "total_sent":106, "total_received":108, "bytes_tx":60, "bytes_rx":12, "r2n_latency":644, "lqi":100, "rssi":-85, "server_sent":108, "server_received":214, "server_bytes_rx":60, "n2r_latency":1535, "hops":1, "rtt_latency":427, "root_time_now":1192660}
[Mote:4] Sensor IPv6 = fe80::204:4:4:4
[Mote:1] {"node":"fd00::204:4:4:4", "cpu_energy_mj":19, "lpm_energy_mj":0, "radio_tx_energy_mj":0, "radio_rx_energy_mj":8, "node_time":1192777, "total_sent":112, "total_received":117, "bytes_tx":60, "bytes_rx":12, "r2n_latency":294, "lqi":100, "rssi":-74, "server_sent":117, "server_received":229, "server_bytes_rx":60, "n2r_latency":373, "hops":0, "rtt_latency":392, "root_time_now":1193150}
[Mote:5] Sensor IPv6 = fe80::205:5:5:5
[Mote:1] {"node":"fd00::205:5:5:5", "cpu_energy_mj":19, "lpm_energy_mj":0, "radio_tx_energy_mj":0, "radio_rx_energy_mj":8, "node_time":1198230, "total_sent":99, "total_received":105, "bytes_tx":60, "bytes_rx":12, "r2n_latency":1134, "lqi":100, "rssi":-30, "server_sent":105, "server_received":204, "server_bytes_rx":60, "n2r_latency":170, "hops":2, "rtt_latency":1687, "root_time_now":1198400}
[Mote:2] Sensor IPv6 = fe80::202:2:2:2
[Mote:1] {"node":"fd00::202:2:2:2", "cpu_energy_mj":18, "lpm_energy_mj":0, "radio_tx_energy_mj":0, "radio_rx_energy_mj":8, "node_time":1200373, "total_sent":113, "total_received":118, "bytes_tx":60, "bytes_rx":12, "r2n_latency":24, "lqi":100, "rssi":-52, "server_sent":118, "server_received":231, "server_bytes_rx":60, "n2r_latency":127, "hops":0, "rtt_latency":222, "root_time_now":1200500}
[Mote:3] Sensor IPv6 = fe80::203:3:3:3
[Mote:4] Sensor IPv6 = fe80::204:4:4:4
[Mote:1] {"node":"fd00::203:3:3:3", "cpu_energy_mj":18, "lpm_energy_mj":0, "radio_tx_energy_mj":0, "radio_rx_energy_mj":8, "node_time":1201390, "total_sent":107, "total_received":109, "bytes_tx":60, "bytes_rx":12, "r2n_latency":1284, "lqi":100, "rssi":-85, "server_sent":109, "server_received":216, "server_bytes_rx":60, "n2r_latency":2260, "hops":1, "rtt_latency":1797, "root_time_now":1203650}
[Mote:1] {"node":"fd00::204:4:4:4", "cpu_energy_mj":19, "lpm_energy_mj":0, "radio_tx_energy_mj":0, "radio_rx_energy_mj":8, "node_time":1203335, "total_sent":113, "total_received":118, "bytes_tx":60, "bytes_rx":12, "r2n_latency":724, "lqi":100, "rssi":-74, "server_sent":118, "server_received":231, "server_bytes_rx":60, "n2r_latency":455, "hops":0, "rtt_latency":537, "root_time_now":1203790}
[Mote:5] Sensor IPv6 = fe80::205:5:5:5
[Mote:1] {"node":"fd00::205:5:5:5", "cpu_energy_mj":19, "lpm_energy_mj":0, "radio_tx_energy_mj":0, "radio_rx_energy_mj":8, "node_time":1209022, "total_sent":100, "total_received":106, "bytes_tx":60, "bytes_rx":12, "r2n_latency":1914, "lqi":100, "rssi":-30, "server_sent":106, "server_received":206, "server_bytes_rx":60, "n2r_latency":158, "hops":2, "rtt_latency":1867, "root_time_now":1209180}
[Mote:2] Sensor IPv6 = fe80::202:2:2:2
[Mote:1] {"node":"fd00::202:2:2:2", "cpu_energy_mj":18, "lpm_energy_mj":0, "radio_tx_energy_mj":0, "radio_rx_energy_mj":8, "node_time":1210904, "total_sent":114, "total_received":119, "bytes_tx":60, "bytes_rx":12, "r2n_latency":34, "lqi":100, "rssi":-52, "server_sent":119, "server_received":233, "server_bytes_rx":60, "n2r_latency":26, "hops":0, "rtt_latency":192, "root_time_now":1210930}
[Mote:3] Sensor IPv6 = fe80::203:3:3:3
[Mote:1] {"node":"fd00::203:3:3:3", "cpu_energy_mj":18, "lpm_energy_mj":0, "radio_tx_energy_mj":0, "radio_rx_energy_mj":8, "node_time":1211653, "total_sent":108, "total_received":110, "bytes_tx":60, "bytes_rx":12, "r2n_latency":1154, "lqi":100, "rssi":-85, "server_sent":110, "server_received":218, "server_bytes_rx":60, "n2r_latency":1307, "hops":1, "rtt_latency":1452, "root_time_now":1212960}
[Mote:4] Sensor IPv6 = fe80::204:4:4:4
[Mote:1] {"node":"fd00::204:4:4:4", "cpu_energy_mj":19, "lpm_energy_mj":0, "radio_tx_energy_mj":0, "radio_rx_energy_mj":8, "node_time":1213891, "total_sent":114, "total_received":119, "bytes_tx":60, "bytes_rx":12, "r2n_latency":804, "lqi":100, "rssi":-74, "server_sent":119, "server_received":233, "server_bytes_rx":60, "n2r_latency":259, "hops":0, "rtt_latency":682, "root_time_now":1214150}
[Mote:5] Sensor IPv6 = fe80::205:5:5:5
[Mote:1] {"node":"fd00::205:5:5:5", "cpu_energy_mj":19, "lpm_energy_mj":0, "radio_tx_energy_mj":0, "radio_rx_energy_mj":8, "node_time":1219816, "total_sent":101, "total_received":107, "bytes_tx":60, "bytes_rx":12, "r2n_latency":1644, "lqi":100, "rssi":-30, "server_sent":107, "server_received":208, "server_bytes_rx":60, "n2r_latency":144, "hops":2, "rtt_latency":1522, "root_time_now":1219960}
[Mote:2] Sensor IPv6 = fe80::202:2:2:2
[Mote:1] {"node":"fd00::202:2:2:2", "cpu_energy_mj":18, "lpm_energy_mj":0, "radio_tx_energy_mj":0, "radio_rx_energy_mj":8, "node_time":1221435, "total_sent":115, "total_received":120, "bytes_tx":60, "bytes_rx":12, "r2n_latency":47, "lqi":100, "rssi":-52, "server_sent":120, "server_received":235, "server_bytes_rx":60, "n2r_latency":65, "hops":0, "rtt_latency":443, "root_time_now":1221500}
[Mote:3] Sensor IPv6 = fe80::203:3:3:3
[Mote:1] {"node":"fd00::203:3:3:3", "cpu_energy_mj":18, "lpm_energy_mj":0, "radio_tx_energy_mj":0, "radio_rx_energy_mj":8, "node_time":1221917, "total_sent":109, "total_received":110, "bytes_tx":60, "bytes_rx":12, "r2n_latency":1154, "lqi":100, "rssi":-85, "server_sent":111, "server_received":219, "server_bytes_rx":60, "n2r_latency":493, "hops":1, "rtt_latency":1452, "root_time_now":1222410}
[Mote:4] Sensor IPv6 = fe80::204:4:4:4
[Mote:1] {"node":"fd00::204:4:4:4", "cpu_energy_mj":19, "lpm_energy_mj":0, "radio_tx_energy_mj":0, "radio_rx_energy_mj":8, "node_time":1224447, "total_sent":115, "total_received":120, "bytes_tx":60, "bytes_rx":12, "r2n_latency":1377, "lqi":100, "rssi":-74, "server_sent":120, "server_received":235, "server_bytes_rx":60, "n2r_latency":63, "hops":0, "rtt_latency":828, "root_time_now":1224510}
[Mote:5] Sensor IPv6 = fe80::205:5:5:5
[Mote:2] Sensor IPv6 = fe80::202:2:2:2
[Mote:1] {"node":"fd00::202:2:2:2", "cpu_energy_mj":18, "lpm_energy_mj":0, "radio_tx_energy_mj":0, "radio_rx_energy_mj":8, "node_time":1231966, "total_sent":116, "total_received":121, "bytes_tx":60, "bytes_rx":12, "r2n_latency":54, "lqi":100, "rssi":-52, "server_sent":121, "server_received":237, "server_bytes_rx":60, "n2r_latency":34, "hops":0, "rtt_latency":97, "root_time_now":1232000}
[Mote:3] Sensor IPv6 = fe80::203:3:3:3
[Mote:1] {"node":"fd00::205:5:5:5", "cpu_energy_mj":19, "lpm_energy_mj":0, "radio_tx_energy_mj":0, "radio_rx_energy_mj":8, "node_time":1230608, "total_sent":102, "total_received":108, "bytes_tx":60, "bytes_rx":12, "r2n_latency":2637, "lqi":100, "rssi":-30, "server_sent":109, "server_received":210, "server_bytes_rx":60, "n2r_latency":2582, "hops":2, "rtt_latency":1423, "root_time_now":1233190}
[Mote:1] {"node":"fd00::203:3:3:3", "cpu_energy_mj":18, "lpm_energy_mj":0, "radio_tx_energy_mj":0, "radio_rx_energy_mj":8, "node_time":1232182, "total_sent":110, "total_received":112, "bytes_tx":60, "bytes_rx":12, "r2n_latency":1314, "lqi":100, "rssi":-85, "server_sent":112, "server_received":222, "server_bytes_rx":60, "n2r_latency":1218, "hops":1, "rtt_latency":1637, "root_time_now":1233400}
[Mote:4] Sensor IPv6 = fe80::204:4:4:4
[Mote:1] {"node":"fd00::204:4:4:4", "cpu_energy_mj":19, "lpm_energy_mj":0, "radio_tx_energy_mj":0, "radio_rx_energy_mj":8, "node_time":1235001, "total_sent":116, "total_received":121, "bytes_tx":60, "bytes_rx":12, "r2n_latency":404, "lqi":100, "rssi":-74, "server_sent":121, "server_received":237, "server_bytes_rx":60, "n2r_latency":9, "hops":0, "rtt_latency":1567, "root_time_now":1235010}
[Mote:5] Sensor IPv6 = fe80::205:5:5:5
[Mote:1] {"node":"fd00::205:5:5:5", "cpu_energy_mj":19, "lpm_energy_mj":0, "radio_tx_energy_mj":0, "radio_rx_energy_mj":8, "node_time":1241398, "total_sent":103, "total_received":109, "bytes_tx":60, "bytes_rx":12, "r2n_latency":1804, "lqi":100, "rssi":-30, "server_sent":110, "server_received":212, "server_bytes_rx":60, "n2r_latency":332, "hops":2, "rtt_latency":1672, "root_time_now":1241730}
[Mote:3] Sensor IPv6 = fe80::203:3:3:3
[Mote:2] Sensor IPv6 = fe80::202:2:2:2
[Mote:1] {"node":"fd00::202:2:2:2", "cpu_energy_mj":18, "lpm_energy_mj":0, "radio_tx_energy_mj":0, "radio_rx_energy_mj":8, "node_time":1242499, "total_sent":117, "total_received":122, "bytes_tx":60, "bytes_rx":12, "r2n_latency":64, "lqi":100, "rssi":-52, "server_sent":122, "server_received":239, "server_bytes_rx":60, "n2r_latency":141, "hops":0, "rtt_latency":102, "root_time_now":1242640}
[Mote:1] {"node":"fd00::203:3:3:3", "cpu_energy_mj":18, "lpm_energy_mj":0, "radio_tx_energy_mj":0, "radio_rx_energy_mj":8, "node_time":1242445, "total_sent":111, "total_received":113, "bytes_tx":60, "bytes_rx":12, "r2n_latency":694, "lqi":100, "rssi":-85, "server_sent":113, "server_received":224, "server_bytes_rx":60, "n2r_latency":615, "hops":1, "rtt_latency":767, "root_time_now":1243060}
[Mote:4] Sensor IPv6 = fe80::204:4:4:4
[Mote:1] {"node":"fd00::204:4:4:4", "cpu_energy_mj":19, "lpm_energy_mj":0, "radio_tx_energy_mj":0, "radio_rx_energy_mj":8, "node_time":1245559, "total_sent":117, "total_received":122, "bytes_tx":60, "bytes_rx":12, "r2n_latency":414, "lqi":100, "rssi":-74, "server_sent":122, "server_received":239, "server_bytes_rx":60, "n2r_latency":21, "hops":0, "rtt_latency":557, "root_time_now":1245580}
[Mote:5] Sensor IPv6 = fe80::205:5:5:5
[Mote:3] Sensor IPv6 = fe80::203:3:3:3
[Mote:1] {"node":"fd00::203:3:3:3", "cpu_energy_mj":18, "lpm_energy_mj":0, "radio_tx_energy_mj":0, "radio_rx_energy_mj":8, "node_time":1252709, "total_sent":112, "total_received":114, "bytes_tx":60, "bytes_rx":12, "r2n_latency":1894, "lqi":100, "rssi":-85, "server_sent":114, "server_received":226, "server_bytes_rx":60, "n2r_latency":81, "hops":1, "rtt_latency":1192, "root_time_now":1252790}
[Mote:2] Sensor IPv6 = fe80::202:2:2:2
[Mote:1] {"node":"fd00::202:2:2:2", "cpu_energy_mj":18, "lpm_energy_mj":0, "radio_tx_energy_mj":0, "radio_rx_energy_mj":8, "node_time":1253028, "total_sent":118, "total_received":123, "bytes_tx":60, "bytes_rx":12, "r2n_latency":74, "lqi":100, "rssi":-52, "server_sent":123, "server_received":241, "server_bytes_rx":60, "n2r_latency":182, "hops":0, "rtt_latency":702, "root_time_now":1253210}
[Mote:1] {"node":"fd00::205:5:5:5", "cpu_energy_mj":19, "lpm_energy_mj":0, "radio_tx_energy_mj":0, "radio_rx_energy_mj":8, "node_time":1252190, "total_sent":104, "total_received":110, "bytes_tx":60, "bytes_rx":12, "r2n_latency":2444, "lqi":100, "rssi":-30, "server_sent":111, "server_received":214, "server_bytes_rx":60, "n2r_latency":1650, "hops":2, "rtt_latency":1712, "root_time_now":1253840}
[Mote:4] Sensor IPv6 = fe80::204:4:4:4
[Mote:1] {"node":"fd00::204:4:4:4", "cpu_energy_mj":19, "lpm_energy_mj":0, "radio_tx_energy_mj":0, "radio_rx_energy_mj":8, "node_time":1256115, "total_sent":118, "total_received":123, "bytes_tx":60, "bytes_rx":12, "r2n_latency":634, "lqi":100, "rssi":-74, "server_sent":123, "server_received":241, "server_bytes_rx":60, "n2r_latency":35, "hops":0, "rtt_latency":422, "root_time_now":1256150}
[Mote:3] Sensor IPv6 = fe80::203:3:3:3
[Mote:5] Sensor IPv6 = fe80::205:5:5:5
[Mote:1] {"node":"fd00::203:3:3:3", "cpu_energy_mj":18, "lpm_energy_mj":0, "radio_tx_energy_mj":0, "radio_rx_energy_mj":8, "node_time":1262974, "total_sent":113, "total_received":115, "bytes_tx":60, "bytes_rx":12, "r2n_latency":994, "lqi":100, "rssi":-85, "server_sent":115, "server_received":228, "server_bytes_rx":60, "n2r_latency":386, "hops":1, "rtt_latency":707, "root_time_now":1263360}
[Mote:2] Sensor IPv6 = fe80::202:2:2:2
[Mote:1] {"node":"fd00::202:2:2:2", "cpu_energy_mj":18, "lpm_energy_mj":0, "radio_tx_energy_mj":0, "radio_rx_energy_mj":8, "node_time":1263559, "total_sent":119, "total_received":124, "bytes_tx":60, "bytes_rx":12, "r2n_latency":14, "lqi":100, "rssi":-52, "server_sent":124, "server_received":243, "server_bytes_rx":60, "n2r_latency":291, "hops":0, "rtt_latency":952, "root_time_now":1263850}
[Mote:1] {"node":"fd00::205:5:5:5", "cpu_energy_mj":19, "lpm_energy_mj":0, "radio_tx_energy_mj":0, "radio_rx_energy_mj":8, "node_time":1262982, "total_sent":105, "total_received":112, "bytes_tx":60, "bytes_rx":12, "r2n_latency":2114, "lqi":100, "rssi":-30, "server_sent":112, "server_received":217, "server_bytes_rx":60, "n2r_latency":1008, "hops":2, "rtt_latency":1162, "root_time_now":1263990}
[Mote:4] Sensor IPv6 = fe80::204:4:4:4
[Mote:1] {"node":"fd00::204:4:4:4", "cpu_energy_mj":19, "lpm_energy_mj":0, "radio_tx_energy_mj":0, "radio_rx_energy_mj":8, "node_time":1266669, "total_sent":119, "total_received":124, "bytes_tx":60, "bytes_rx":12, "r2n_latency":434, "lqi":100, "rssi":-74, "server_sent":124, "server_received":243, "server_bytes_rx":60, "n2r_latency":51, "hops":0, "rtt_latency":322, "root_time_now":1266720}
[Mote:3] Sensor IPv6 = fe80::203:3:3:3
[Mote:1] {"node":"fd00::203:3:3:3", "cpu_energy_mj":18, "lpm_energy_mj":0, "radio_tx_energy_mj":0, "radio_rx_energy_mj":8, "node_time":1273238, "total_sent":114, "total_received":116, "bytes_tx":60, "bytes_rx":12, "r2n_latency":1354, "lqi":100, "rssi":-85, "server_sent":116, "server_received":230, "server_bytes_rx":60, "n2r_latency":132, "hops":1, "rtt_latency":852, "root_time_now":1273370}
[Mote:5] Sensor IPv6 = fe80::205:5:5:5
[Mote:1] {"node":"fd00::205:5:5:5", "cpu_energy_mj":19, "lpm_energy_mj":0, "radio_tx_energy_mj":0, "radio_rx_energy_mj":8, "node_time":1273774, "total_sent":106, "total_received":113, "bytes_tx":60, "bytes_rx":12, "r2n_latency":2754, "lqi":100, "rssi":-30, "server_sent":113, "server_received":219, "server_bytes_rx":60, "n2r_latency":156, "hops":2, "rtt_latency":1482, "root_time_now":1273930}
[Mote:2] Sensor IPv6 = fe80::202:2:2:2
[Mote:1] {"node":"fd00::202:2:2:2", "cpu_energy_mj":18, "lpm_energy_mj":0, "radio_tx_energy_mj":0, "radio_rx_energy_mj":8, "node_time":1274090, "total_sent":120, "total_received":125, "bytes_tx":60, "bytes_rx":12, "r2n_latency":24, "lqi":100, "rssi":-52, "server_sent":125, "server_received":245, "server_bytes_rx":60, "n2r_latency":50, "hops":0, "rtt_latency":82, "root_time_now":1274140}
[Mote:4] Sensor IPv6 = fe80::204:4:4:4
[Mote:1] {"node":"fd00::204:4:4:4", "cpu_energy_mj":19, "lpm_energy_mj":0, "radio_tx_energy_mj":0, "radio_rx_energy_mj":8, "node_time":1277225, "total_sent":120, "total_received":125, "bytes_tx":60, "bytes_rx":12, "r2n_latency":304, "lqi":100, "rssi":-74, "server_sent":125, "server_received":245, "server_bytes_rx":60, "n2r_latency":65, "hops":0, "rtt_latency":817, "root_time_now":1277290}
[Mote:3] Sensor IPv6 = fe80::203:3:3:3
[Mote:1] {"node":"fd00::203:3:3:3", "cpu_energy_mj":18, "lpm_energy_mj":0, "radio_tx_energy_mj":0, "radio_rx_energy_mj":8, "node_time":1283502, "total_sent":115, "total_received":117, "bytes_tx":60, "bytes_rx":12, "r2n_latency":1084, "lqi":100, "rssi":-85, "server_sent":117, "server_received":232, "server_bytes_rx":60, "n2r_latency":88, "hops":1, "rtt_latency":647, "root_time_now":1283590}
[Mote:5] Sensor IPv6 = fe80::205:5:5:5
[Mote:2] Sensor IPv6 = fe80::202:2:2:2
[Mote:1] {"node":"fd00::205:5:5:5", "cpu_energy_mj":19, "lpm_energy_mj":0, "radio_tx_energy_mj":0, "radio_rx_energy_mj":9, "node_time":1284568, "total_sent":107, "total_received":114, "bytes_tx":60, "bytes_rx":12, "r2n_latency":1504, "lqi":100, "rssi":-30, "server_sent":114, "server_received":221, "server_bytes_rx":60, "n2r_latency":492, "hops":2, "rtt_latency":857, "root_time_now":1285060}
[Mote:1] {"node":"fd00::202:2:2:2", "cpu_energy_mj":18, "lpm_energy_mj":0, "radio_tx_energy_mj":0, "radio_rx_energy_mj":8, "node_time":1284623, "total_sent":121, "total_received":126, "bytes_tx":60, "bytes_rx":12, "r2n_latency":34, "lqi":100, "rssi":-52, "server_sent":126, "server_received":247, "server_bytes_rx":60, "n2r_latency":717, "hops":0, "rtt_latency":157, "root_time_now":1285340}
[Mote:4] Sensor IPv6 = fe80::204:4:4:4
[Mote:1] {"node":"fd00::204:4:4:4", "cpu_energy_mj":19, "lpm_energy_mj":0, "radio_tx_energy_mj":0, "radio_rx_energy_mj":8, "node_time":1287781, "total_sent":121, "total_received":126, "bytes_tx":60, "bytes_rx":12, "r2n_latency":174, "lqi":100, "rssi":-74, "server_sent":126, "server_received":247, "server_bytes_rx":60, "n2r_latency":9, "hops":0, "rtt_latency":262, "root_time_now":1287790}
[Mote:3] Sensor IPv6 = fe80::203:3:3:3
[Mote:1] {"node":"fd00::203:3:3:3", "cpu_energy_mj":18, "lpm_energy_mj":0, "radio_tx_energy_mj":0, "radio_rx_energy_mj":8, "node_time":1293768, "total_sent":116, "total_received":118, "bytes_tx":60, "bytes_rx":12, "r2n_latency":1654, "lqi":100, "rssi":-85, "server_sent":118, "server_received":234, "server_bytes_rx":60, "n2r_latency":112, "hops":1, "rtt_latency":1037, "root_time_now":1293880}
[Mote:2] Sensor IPv6 = fe80::202:2:2:2
[Mote:1] {"node":"fd00::202:2:2:2", "cpu_energy_mj":18, "lpm_energy_mj":0, "radio_tx_energy_mj":0, "radio_rx_energy_mj":8, "node_time":1295152, "total_sent":122, "total_received":127, "bytes_tx":60, "bytes_rx":12, "r2n_latency":44, "lqi":100, "rssi":-52, "server_sent":127, "server_received":249, "server_bytes_rx":60, "n2r_latency":58, "hops":0, "rtt_latency":197, "root_time_now":1295210}
[Mote:5] Sensor IPv6 = fe80::205:5:5:5
[Mote:1] {"node":"fd00::205:5:5:5", "cpu_energy_mj":19, "lpm_energy_mj":0, "radio_tx_energy_mj":0, "radio_rx_energy_mj":8, "node_time":1295358, "total_sent":108, "total_received":115, "bytes_tx":60, "bytes_rx":12, "r2n_latency":2424, "lqi":100, "rssi":-30, "server_sent":115, "server_received":223, "server_bytes_rx":60, "n2r_latency":202, "hops":2, "rtt_latency":1317, "root_time_now":1295560}
[Mote:4] Sensor IPv6 = fe80::204:4:4:4
[Mote:1] {"node":"fd00::204:4:4:4", "cpu_energy_mj":19, "lpm_energy_mj":0, "radio_tx_energy_mj":0, "radio_rx_energy_mj":8, "node_time":1298341, "total_sent":122, "total_received":127, "bytes_tx":60, "bytes_rx":12, "r2n_latency":884, "lqi":100, "rssi":-74, "server_sent":127, "server_received":249, "server_bytes_rx":60, "n2r_latency":19, "hops":0, "rtt_latency":687, "root_time_now":1298360}
[Mote:3] Sensor IPv6 = fe80::203:3:3:3
[Mote:1] {"node":"fd00::203:3:3:3", "cpu_energy_mj":18, "lpm_energy_mj":0, "radio_tx_energy_mj":0, "radio_rx_energy_mj":8, "node_time":1304030, "total_sent":117, "total_received":119, "bytes_tx":60, "bytes_rx":12, "r2n_latency":1034, "lqi":100, "rssi":-85, "server_sent":119, "server_received":236, "server_bytes_rx":60, "n2r_latency":140, "hops":1, "rtt_latency":587, "root_time_now":1304170}
[Mote:2] Sensor IPv6 = fe80::202:2:2:2
[Mote:1] {"node":"fd00::202:2:2:2", "cpu_energy_mj":18, "lpm_energy_mj":0, "radio_tx_energy_mj":0, "radio_rx_energy_mj":8, "node_time":1305683, "total_sent":123, "total_received":128, "bytes_tx":60, "bytes_rx":12, "r2n_latency":54, "lqi":100, "rssi":-52, "server_sent":128, "server_received":251, "server_bytes_rx":60, "n2r_latency":27, "hops":0, "rtt_latency":1672, "root_time_now":1305710}
[Mote:5] Sensor IPv6 = fe80::205:5:5:5
[Mote:1] {"node":"fd00::205:5:5:5", "cpu_energy_mj":19, "lpm_energy_mj":0, "radio_tx_energy_mj":0, "radio_rx_energy_mj":8, "node_time":1306150, "total_sent":109, "total_received":116, "bytes_tx":60, "bytes_rx":12, "r2n_latency":1944, "lqi":100, "rssi":-30, "server_sent":116, "server_received":225, "server_bytes_rx":60, "n2r_latency":190, "hops":2, "rtt_latency":1077, "root_time_now":1306340}
[Mote:4] Sensor IPv6 = fe80::204:4:4:4
[Mote:1] {"node":"fd00::204:4:4:4", "cpu_energy_mj":19, "lpm_energy_mj":0, "radio_tx_energy_mj":0, "radio_rx_energy_mj":8, "node_time":1308893, "total_sent":123, "total_received":128, "bytes_tx":60, "bytes_rx":12, "r2n_latency":334, "lqi":100, "rssi":-74, "server_sent":128, "server_received":251, "server_bytes_rx":60, "n2r_latency":37, "hops":0, "rtt_latency":307, "root_time_now":1308930}
[Mote:3] Sensor IPv6 = fe80::203:3:3:3
[Mote:1] {"node":"fd00::203:3:3:3", "cpu_energy_mj":18, "lpm_energy_mj":0, "radio_tx_energy_mj":0, "radio_rx_energy_mj":8, "node_time":1314294, "total_sent":118, "total_received":120, "bytes_tx":60, "bytes_rx":12, "r2n_latency":694, "lqi":100, "rssi":-85, "server_sent":120, "server_received":238, "server_bytes_rx":60, "n2r_latency":96, "hops":1, "rtt_latency":627, "root_time_now":1314390}
[Mote:2] Sensor IPv6 = fe80::202:2:2:2
[Mote:1] {"node":"fd00::202:2:2:2", "cpu_energy_mj":18, "lpm_energy_mj":0, "radio_tx_energy_mj":0, "radio_rx_energy_mj":8, "node_time":1316214, "total_sent":124, "total_received":129, "bytes_tx":60, "bytes_rx":12, "r2n_latency":64, "lqi":100, "rssi":-52, "server_sent":129, "server_received":253, "server_bytes_rx":60, "n2r_latency":66, "hops":0, "rtt_latency":102, "root_time_now":1316280}
[Mote:5] Sensor IPv6 = fe80::205:5:5:5
[Mote:1] {"node":"fd00::205:5:5:5", "cpu_energy_mj":19, "lpm_energy_mj":0, "radio_tx_energy_mj":0, "radio_rx_energy_mj":8, "node_time":1316942, "total_sent":110, "total_received":117, "bytes_tx":60, "bytes_rx":12, "r2n_latency":2234, "lqi":100, "rssi":-30, "server_sent":117, "server_received":227, "server_bytes_rx":60, "n2r_latency":178, "hops":2, "rtt_latency":1222, "root_time_now":1317120}
[Mote:4] Sensor IPv6 = fe80::204:4:4:4
[Mote:1] {"node":"fd00::204:4:4:4", "cpu_energy_mj":19, "lpm_energy_mj":0, "radio_tx_energy_mj":0, "radio_rx_energy_mj":8, "node_time":1319449, "total_sent":124, "total_received":129, "bytes_tx":60, "bytes_rx":12, "r2n_latency":344, "lqi":100, "rssi":-74, "server_sent":129, "server_received":253, "server_bytes_rx":60, "n2r_latency":51, "hops":0, "rtt_latency":592, "root_time_now":1319500}
[Mote:3] Sensor IPv6 = fe80::203:3:3:3
[Mote:1] {"node":"fd00::203:3:3:3", "cpu_energy_mj":18, "lpm_energy_mj":0, "radio_tx_energy_mj":0, "radio_rx_energy_mj":8, "node_time":1324558, "total_sent":119, "total_received":121, "bytes_tx":60, "bytes_rx":12, "r2n_latency":984, "lqi":100, "rssi":-85, "server_sent":121, "server_received":240, "server_bytes_rx":60, "n2r_latency":122, "hops":1, "rtt_latency":1052, "root_time_now":1324680}
[Mote:2] Sensor IPv6 = fe80::202:2:2:2
[Mote:1] {"node":"fd00::202:2:2:2", "cpu_energy_mj":18, "lpm_energy_mj":0, "radio_tx_energy_mj":0, "radio_rx_energy_mj":8, "node_time":1326745, "total_sent":125, "total_received":130, "bytes_tx":60, "bytes_rx":12, "r2n_latency":74, "lqi":100, "rssi":-52, "server_sent":130, "server_received":255, "server_bytes_rx":60, "n2r_latency":35, "hops":0, "rtt_latency":457, "root_time_now":1326780}
[Mote:5] Sensor IPv6 = fe80::205:5:5:5
[Mote:1] {"node":"fd00::205:5:5:5", "cpu_energy_mj":19, "lpm_energy_mj":0, "radio_tx_energy_mj":0, "radio_rx_energy_mj":9, "node_time":1327736, "total_sent":111, "total_received":118, "bytes_tx":60, "bytes_rx":12, "r2n_latency":1614, "lqi":100, "rssi":-30, "server_sent":118, "server_received":229, "server_bytes_rx":60, "n2r_latency":164, "hops":2, "rtt_latency":1122, "root_time_now":1327900}
[Mote:4] Sensor IPv6 = fe80::204:4:4:4
[Mote:1] {"node":"fd00::204:4:4:4", "cpu_energy_mj":19, "lpm_energy_mj":0, "radio_tx_energy_mj":0, "radio_rx_energy_mj":8, "node_time":1330005, "total_sent":125, "total_received":130, "bytes_tx":60, "bytes_rx":12, "r2n_latency":354, "lqi":100, "rssi":-74, "server_sent":131, "server_received":255, "server_bytes_rx":60, "n2r_latency":205, "hops":0, "rtt_latency":247, "root_time_now":1330210}
[Mote:3] Sensor IPv6 = fe80::203:3:3:3
[Mote:1] {"node":"fd00::203:3:3:3", "cpu_energy_mj":18, "lpm_energy_mj":0, "radio_tx_energy_mj":0, "radio_rx_energy_mj":8, "node_time":1334824, "total_sent":120, "total_received":122, "bytes_tx":60, "bytes_rx":12, "r2n_latency":854, "lqi":100, "rssi":-85, "server_sent":122, "server_received":242, "server_bytes_rx":60, "n2r_latency":76, "hops":1, "rtt_latency":777, "root_time_now":1334900}
[Mote:2] Sensor IPv6 = fe80::202:2:2:2
[Mote:1] {"node":"fd00::202:2:2:2", "cpu_energy_mj":18, "lpm_energy_mj":0, "radio_tx_energy_mj":0, "radio_rx_energy_mj":8, "node_time":1337276, "total_sent":126, "total_received":131, "bytes_tx":60, "bytes_rx":12, "r2n_latency":14, "lqi":100, "rssi":-52, "server_sent":131, "server_received":257, "server_bytes_rx":60, "n2r_latency":74, "hops":0, "rtt_latency":707, "root_time_now":1337350}
[Mote:5] Sensor IPv6 = fe80::205:5:5:5
[Mote:1] {"node":"fd00::205:5:5:5", "cpu_energy_mj":19, "lpm_energy_mj":0, "radio_tx_energy_mj":0, "radio_rx_energy_mj":8, "node_time":1338528, "total_sent":112, "total_received":119, "bytes_tx":60, "bytes_rx":12, "r2n_latency":1764, "lqi":100, "rssi":-30, "server_sent":119, "server_received":231, "server_bytes_rx":60, "n2r_latency":152, "hops":2, "rtt_latency":987, "root_time_now":1338680}
[Mote:4] Sensor IPv6 = fe80::204:4:4:4
[Mote:1] {"node":"fd00::204:4:4:4", "cpu_energy_mj":19, "lpm_energy_mj":0, "radio_tx_energy_mj":0, "radio_rx_energy_mj":8, "node_time":1340563, "total_sent":126, "total_received":132, "bytes_tx":60, "bytes_rx":12, "r2n_latency":304, "lqi":100, "rssi":-74, "server_sent":132, "server_received":258, "server_bytes_rx":60, "n2r_latency":147, "hops":0, "rtt_latency":327, "root_time_now":1340710}
[Mote:3] Sensor IPv6 = fe80::203:3:3:3
[Mote:1] {"node":"fd00::203:3:3:3", "cpu_energy_mj":18, "lpm_energy_mj":0, "radio_tx_energy_mj":0, "radio_rx_energy_mj":8, "node_time":1345086, "total_sent":121, "total_received":123, "bytes_tx":60, "bytes_rx":12, "r2n_latency":1144, "lqi":100, "rssi":-85, "server_sent":123, "server_received":244, "server_bytes_rx":60, "n2r_latency":104, "hops":1, "rtt_latency":1202, "root_time_now":1345190}
[Mote:2] Sensor IPv6 = fe80::202:2:2:2
[Mote:1] {"node":"fd00::202:2:2:2", "cpu_energy_mj":18, "lpm_energy_mj":0, "radio_tx_energy_mj":0, "radio_rx_energy_mj":8, "node_time":1347809, "total_sent":127, "total_received":132, "bytes_tx":60, "bytes_rx":12, "r2n_latency":24, "lqi":100, "rssi":-52, "server_sent":132, "server_received":259, "server_bytes_rx":60, "n2r_latency":41, "hops":0, "rtt_latency":117, "root_time_now":1347850}
[Mote:5] Sensor IPv6 = fe80::205:5:5:5
[Mote:1] {"node":"fd00::205:5:5:5", "cpu_energy_mj":19, "lpm_energy_mj":0, "radio_tx_energy_mj":0, "radio_rx_energy_mj":8, "node_time":1349319, "total_sent":113, "total_received":120, "bytes_tx":60, "bytes_rx":12, "r2n_latency":1634, "lqi":100, "rssi":-30, "server_sent":120, "server_received":233, "server_bytes_rx":60, "n2r_latency":211, "hops":2, "rtt_latency":1237, "root_time_now":1349530}
[Mote:4] Sensor IPv6 = fe80::204:4:4:4
[Mote:1] {"node":"fd00::204:4:4:4", "cpu_energy_mj":19, "lpm_energy_mj":0, "radio_tx_energy_mj":0, "radio_rx_energy_mj":8, "node_time":1351119, "total_sent":127, "total_received":133, "bytes_tx":60, "bytes_rx":12, "r2n_latency":244, "lqi":100, "rssi":-74, "server_sent":133, "server_received":260, "server_bytes_rx":60, "n2r_latency":91, "hops":0, "rtt_latency":332, "root_time_now":1351210}
[Mote:3] Sensor IPv6 = fe80::203:3:3:3
[Mote:1] {"node":"fd00::203:3:3:3", "cpu_energy_mj":18, "lpm_energy_mj":0, "radio_tx_energy_mj":0, "radio_rx_energy_mj":8, "node_time":1355350, "total_sent":122, "total_received":124, "bytes_tx":60, "bytes_rx":12, "r2n_latency":1014, "lqi":100, "rssi":-85, "server_sent":124, "server_received":246, "server_bytes_rx":60, "n2r_latency":130, "hops":1, "rtt_latency":577, "root_time_now":1355480}
[Mote:2] Sensor IPv6 = fe80::202:2:2:2
[Mote:1] {"node":"fd00::202:2:2:2", "cpu_energy_mj":18, "lpm_energy_mj":0, "radio_tx_energy_mj":0, "radio_rx_energy_mj":8, "node_time":1358340, "total_sent":128, "total_received":133, "bytes_tx":60, "bytes_rx":12, "r2n_latency":34, "lqi":100, "rssi":-52, "server_sent":133, "server_received":261, "server_bytes_rx":60, "n2r_latency":10, "hops":0, "rtt_latency":87, "root_time_now":1358350}
[Mote:5] Sensor IPv6 = fe80::205:5:5:5
[Mote:1] {"node":"fd00::205:5:5:5", "cpu_energy_mj":19, "lpm_energy_mj":0, "radio_tx_energy_mj":0, "radio_rx_energy_mj":8, "node_time":1360112, "total_sent":114, "total_received":121, "bytes_tx":60, "bytes_rx":12, "r2n_latency":1574, "lqi":100, "rssi":-30, "server_sent":122, "server_received":235, "server_bytes_rx":60, "n2r_latency":968, "hops":2, "rtt_latency":892, "root_time_now":1361080}
[Mote:4] Sensor IPv6 = fe80::204:4:4:4
[Mote:1] {"node":"fd00::204:4:4:4", "cpu_energy_mj":19, "lpm_energy_mj":0, "radio_tx_energy_mj":0, "radio_rx_energy_mj":8, "node_time":1361675, "total_sent":128, "total_received":134, "bytes_tx":60, "bytes_rx":12, "r2n_latency":324, "lqi":100, "rssi":-74, "server_sent":134, "server_received":262, "server_bytes_rx":60, "n2r_latency":245, "hops":0, "rtt_latency":267, "root_time_now":1361920}
[Mote:3] Sensor IPv6 = fe80::203:3:3:3
[Mote:1] {"node":"fd00::203:3:3:3", "cpu_energy_mj":18, "lpm_energy_mj":0, "radio_tx_energy_mj":0, "radio_rx_energy_mj":8, "node_time":1365614, "total_sent":123, "total_received":125, "bytes_tx":60, "bytes_rx":12, "r2n_latency":954, "lqi":100, "rssi":-85, "server_sent":125, "server_received":248, "server_bytes_rx":60, "n2r_latency":86, "hops":1, "rtt_latency":582, "root_time_now":1365700}
[Mote:2] Sensor IPv6 = fe80::202:2:2:2
[Mote:1] {"node":"fd00::202:2:2:2", "cpu_energy_mj":18, "lpm_energy_mj":0, "radio_tx_energy_mj":0, "radio_rx_energy_mj":8, "node_time":1368869, "total_sent":129, "total_received":134, "bytes_tx":60, "bytes_rx":12, "r2n_latency":44, "lqi":100, "rssi":-52, "server_sent":134, "server_received":263, "server_bytes_rx":60, "n2r_latency":51, "hops":0, "rtt_latency":1772, "root_time_now":1368920}
[Mote:5] Sensor IPv6 = fe80::205:5:5:5
[Mote:1] {"node":"fd00::205:5:5:5", "cpu_energy_mj":19, "lpm_energy_mj":0, "radio_tx_energy_mj":0, "radio_rx_energy_mj":8, "node_time":1370904, "total_sent":115, "total_received":122, "bytes_tx":60, "bytes_rx":12, "r2n_latency":1514, "lqi":100, "rssi":-30, "server_sent":123, "server_received":237, "server_bytes_rx":60, "n2r_latency":256, "hops":2, "rtt_latency":862, "root_time_now":1371160}
[Mote:4] Sensor IPv6 = fe80::204:4:4:4
[Mote:1] {"node":"fd00::204:4:4:4", "cpu_energy_mj":19, "lpm_energy_mj":0, "radio_tx_energy_mj":0, "radio_rx_energy_mj":8, "node_time":1372231, "total_sent":129, "total_received":135, "bytes_tx":60, "bytes_rx":12, "r2n_latency":334, "lqi":100, "rssi":-74, "server_sent":135, "server_received":264, "server_bytes_rx":60, "n2r_latency":329, "hops":0, "rtt_latency":447, "root_time_now":1372560}
[Mote:3] Sensor IPv6 = fe80::203:3:3:3
[Mote:1] {"node":"fd00::203:3:3:3", "cpu_energy_mj":18, "lpm_energy_mj":0, "radio_tx_energy_mj":0, "radio_rx_energy_mj":8, "node_time":1375878, "total_sent":124, "total_received":126, "bytes_tx":60, "bytes_rx":12, "r2n_latency":2154, "lqi":100, "rssi":-85, "server_sent":126, "server_received":250, "server_bytes_rx":60, "n2r_latency":112, "hops":1, "rtt_latency":1252, "root_time_now":1375990}
[Mote:2] Sensor IPv6 = fe80::202:2:2:2
[Mote:1] {"node":"fd00::202:2:2:2", "cpu_energy_mj":18, "lpm_energy_mj":0, "radio_tx_energy_mj":0, "radio_rx_energy_mj":8, "node_time":1379402, "total_sent":130, "total_received":135, "bytes_tx":60, "bytes_rx":12, "r2n_latency":54, "lqi":100, "rssi":-52, "server_sent":135, "server_received":265, "server_bytes_rx":60, "n2r_latency":18, "hops":0, "rtt_latency":237, "root_time_now":1379420}
[Mote:5] Sensor IPv6 = fe80::205:5:5:5
[Mote:1] {"node":"fd00::205:5:5:5", "cpu_energy_mj":19, "lpm_energy_mj":0, "radio_tx_energy_mj":0, "radio_rx_energy_mj":8, "node_time":1381693, "total_sent":116, "total_received":124, "bytes_tx":60, "bytes_rx":12, "r2n_latency":1674, "lqi":100, "rssi":-30, "server_sent":124, "server_received":240, "server_bytes_rx":60, "n2r_latency":807, "hops":2, "rtt_latency":1117, "root_time_now":1382500}
[Mote:4] Sensor IPv6 = fe80::204:4:4:4
[Mote:1] {"node":"fd00::204:4:4:4", "cpu_energy_mj":19, "lpm_energy_mj":0, "radio_tx_energy_mj":0, "radio_rx_energy_mj":8, "node_time":1382785, "total_sent":130, "total_received":136, "bytes_tx":60, "bytes_rx":12, "r2n_latency":344, "lqi":100, "rssi":-74, "server_sent":136, "server_received":266, "server_bytes_rx":60, "n2r_latency":65, "hops":0, "rtt_latency":942, "root_time_now":1382850}
[Mote:3] Sensor IPv6 = fe80::203:3:3:3
[Mote:1] {"node":"fd00::203:3:3:3", "cpu_energy_mj":18, "lpm_energy_mj":0, "radio_tx_energy_mj":0, "radio_rx_energy_mj":8, "node_time":1386144, "total_sent":125, "total_received":127, "bytes_tx":60, "bytes_rx":12, "r2n_latency":1044, "lqi":100, "rssi":-85, "server_sent":127, "server_received":252, "server_bytes_rx":60, "n2r_latency":136, "hops":1, "rtt_latency":977, "root_time_now":1386280}
[Mote:2] Sensor IPv6 = fe80::202:2:2:2
[Mote:1] {"node":"fd00::202:2:2:2", "cpu_energy_mj":18, "lpm_energy_mj":0, "radio_tx_energy_mj":0, "radio_rx_energy_mj":8, "node_time":1389933, "total_sent":131, "total_received":136, "bytes_tx":60, "bytes_rx":12, "r2n_latency":64, "lqi":100, "rssi":-52, "server_sent":137, "server_received":267, "server_bytes_rx":60, "n2r_latency":61, "hops":0, "rtt_latency":2062, "root_time_now":1389994}
[Mote:5] Sensor IPv6 = fe80::205:5:5:5
[Mote:1] {"node":"fd00::205:5:5:5", "cpu_energy_mj":19, "lpm_energy_mj":0, "radio_tx_energy_mj":0, "radio_rx_energy_mj":8, "node_time":1392486, "total_sent":117, "total_received":125, "bytes_tx":60, "bytes_rx":12, "r2n_latency":1474, "lqi":100, "rssi":-30, "server_sent":125, "server_received":242, "server_bytes_rx":60, "n2r_latency":164, "hops":2, "rtt_latency":1017, "root_time_now":1392650}
[Mote:4] Sensor IPv6 = fe80::204:4:4:4
[Mote:1] {"node":"fd00::204:4:4:4", "cpu_energy_mj":19, "lpm_energy_mj":0, "radio_tx_energy_mj":0, "radio_rx_energy_mj":8, "node_time":1393341, "total_sent":131, "total_received":137, "bytes_tx":60, "bytes_rx":12, "r2n_latency":214, "lqi":100, "rssi":-74, "server_sent":137, "server_received":268, "server_bytes_rx":60, "n2r_latency":9, "hops":0, "rtt_latency":492, "root_time_now":1393350}
[Mote:3] Sensor IPv6 = fe80::203:3:3:3
[Mote:1] {"node":"fd00::203:3:3:3", "cpu_energy_mj":18, "lpm_energy_mj":0, "radio_tx_energy_mj":0, "radio_rx_energy_mj":8, "node_time":1396404, "total_sent":126, "total_received":128, "bytes_tx":60, "bytes_rx":12, "r2n_latency":1264, "lqi":100, "rssi":-85, "server_sent":128, "server_received":254, "server_bytes_rx":60, "n2r_latency":96, "hops":1, "rtt_latency":982, "root_time_now":1396500}
[Mote:2] Sensor IPv6 = fe80::202:2:2:2
[Mote:1] {"node":"fd00::202:2:2:2", "cpu_energy_mj":18, "lpm_energy_mj":0, "radio_tx_energy_mj":0, "radio_rx_energy_mj":8, "node_time":1400462, "total_sent":132, "total_received":138, "bytes_tx":60, "bytes_rx":12, "r2n_latency":14, "lqi":100, "rssi":-52, "server_sent":138, "server_received":270, "server_bytes_rx":60, "n2r_latency":518, "hops":0, "rtt_latency":462, "root_time_now":1400980}
[Mote:5] Sensor IPv6 = fe80::205:5:5:5
[Mote:1] {"node":"fd00::205:5:5:5", "cpu_energy_mj":19, "lpm_energy_mj":0, "radio_tx_energy_mj":0, "radio_rx_energy_mj":9, "node_time":1403278, "total_sent":118, "total_received":126, "bytes_tx":60, "bytes_rx":12, "r2n_latency":1624, "lqi":100, "rssi":-30, "server_sent":126, "server_received":244, "server_bytes_rx":60, "n2r_latency":152, "hops":2, "rtt_latency":917, "root_time_now":1403430}
[Mote:4] Sensor IPv6 = fe80::204:4:4:4
[Mote:1] {"node":"fd00::204:4:4:4", "cpu_energy_mj":19, "lpm_energy_mj":0, "radio_tx_energy_mj":0, "radio_rx_energy_mj":8, "node_time":1403897, "total_sent":132, "total_received":138, "bytes_tx":60, "bytes_rx":12, "r2n_latency":294, "lqi":100, "rssi":-74, "server_sent":138, "server_received":270, "server_bytes_rx":60, "n2r_latency":303, "hops":0, "rtt_latency":217, "root_time_now":1404200}
[Mote:3] Sensor IPv6 = fe80::203:3:3:3
[Mote:1] {"node":"fd00::203:3:3:3", "cpu_energy_mj":18, "lpm_energy_mj":0, "radio_tx_energy_mj":0, "radio_rx_energy_mj":8, "node_time":1406668, "total_sent":127, "total_received":129, "bytes_tx":60, "bytes_rx":12, "r2n_latency":1134, "lqi":100, "rssi":-85, "server_sent":129, "server_received":256, "server_bytes_rx":60, "n2r_latency":122, "hops":1, "rtt_latency":707, "root_time_now":1406790}
[Mote:2] Sensor IPv6 = fe80::202:2:2:2
[Mote:1] {"node":"fd00::202:2:2:2", "cpu_energy_mj":18, "lpm_energy_mj":0, "radio_tx_energy_mj":0, "radio_rx_energy_mj":8, "node_time":1410995, "total_sent":133, "total_received":139, "bytes_tx":60, "bytes_rx":12, "r2n_latency":24, "lqi":100, "rssi":-52, "server_sent":139, "server_received":272, "server_bytes_rx":60, "n2r_latency":65, "hops":0, "rtt_latency":117, "root_time_now":1411060}
[Mote:5] Sensor IPv6 = fe80::205:5:5:5
[Mote:1] {"node":"fd00::205:5:5:5", "cpu_energy_mj":19, "lpm_energy_mj":0, "radio_tx_energy_mj":0, "radio_rx_energy_mj":8, "node_time":1414070, "total_sent":119, "total_received":127, "bytes_tx":60, "bytes_rx":12, "r2n_latency":2124, "lqi":100, "rssi":-30, "server_sent":127, "server_received":246, "server_bytes_rx":60, "n2r_latency":210, "hops":2, "rtt_latency":1587, "root_time_now":1414280}
[Mote:4] Sensor IPv6 = fe80::204:4:4:4
[Mote:1] {"node":"fd00::204:4:4:4", "cpu_energy_mj":19, "lpm_energy_mj":0, "radio_tx_energy_mj":0, "radio_rx_energy_mj":8, "node_time":1414453, "total_sent":133, "total_received":139, "bytes_tx":60, "bytes_rx":12, "r2n_latency":654, "lqi":100, "rssi":-74, "server_sent":139, "server_received":272, "server_bytes_rx":60, "n2r_latency":37, "hops":0, "rtt_latency":1517, "root_time_now":1414490}
[Mote:3] Sensor IPv6 = fe80::203:3:3:3
[Mote:1] {"node":"fd00::203:3:3:3", "cpu_energy_mj":18, "lpm_energy_mj":0, "radio_tx_energy_mj":0, "radio_rx_energy_mj":8, "node_time":1416932, "total_sent":128, "total_received":130, "bytes_tx":60, "bytes_rx":12, "r2n_latency":1844, "lqi":100, "rssi":-85, "server_sent":130, "server_received":258, "server_bytes_rx":60, "n2r_latency":78, "hops":1, "rtt_latency":1552, "root_time_now":1417010}
[Mote:2] Sensor IPv6 = fe80::202:2:2:2
[Mote:1] {"node":"fd00::202:2:2:2", "cpu_energy_mj":18, "lpm_energy_mj":0, "radio_tx_energy_mj":0, "radio_rx_energy_mj":8, "node_time":1421524, "total_sent":134, "total_received":140, "bytes_tx":60, "bytes_rx":12, "r2n_latency":34, "lqi":100, "rssi":-52, "server_sent":140, "server_received":274, "server_bytes_rx":60, "n2r_latency":176, "hops":0, "rtt_latency":192, "root_time_now":1421700}
[Mote:5] Sensor IPv6 = fe80::205:5:5:5
[Mote:4] Sensor IPv6 = fe80::204:4:4:4
[Mote:1] {"node":"fd00::205:5:5:5", "cpu_energy_mj":19, "lpm_energy_mj":0, "radio_tx_energy_mj":0, "radio_rx_energy_mj":8, "node_time":1424862, "total_sent":120, "total_received":128, "bytes_tx":60, "bytes_rx":12, "r2n_latency":1434, "lqi":100, "rssi":-30, "server_sent":128, "server_received":248, "server_bytes_rx":60, "n2r_latency":198, "hops":2, "rtt_latency":1557, "root_time_now":1425060}
[Mote:1] {"node":"fd00::204:4:4:4", "cpu_energy_mj":19, "lpm_energy_mj":0, "radio_tx_energy_mj":0, "radio_rx_energy_mj":8, "node_time":1425013, "total_sent":134, "total_received":140, "bytes_tx":60, "bytes_rx":12, "r2n_latency":594, "lqi":100, "rssi":-74, "server_sent":140, "server_received":274, "server_bytes_rx":60, "n2r_latency":117, "hops":0, "rtt_latency":367, "root_time_now":1425130}
[Mote:3] Sensor IPv6 = fe80::203:3:3:3
[Mote:1] {"node":"fd00::203:3:3:3", "cpu_energy_mj":18, "lpm_energy_mj":0, "radio_tx_energy_mj":0, "radio_rx_energy_mj":8, "node_time":1427200, "total_sent":129, "total_received":131, "bytes_tx":60, "bytes_rx":12, "r2n_latency":1224, "lqi":100, "rssi":-85, "server_sent":131, "server_received":260, "server_bytes_rx":60, "n2r_latency":100, "hops":1, "rtt_latency":1312, "root_time_now":1427300}
[Mote:2] Sensor IPv6 = fe80::202:2:2:2
[Mote:1] {"node":"fd00::202:2:2:2", "cpu_energy_mj":18, "lpm_energy_mj":0, "radio_tx_energy_mj":0, "radio_rx_energy_mj":8, "node_time":1432055, "total_sent":135, "total_received":141, "bytes_tx":60, "bytes_rx":12, "r2n_latency":44, "lqi":100, "rssi":-52, "server_sent":141, "server_received":276, "server_bytes_rx":60, "n2r_latency":355, "hops":0, "rtt_latency":337, "root_time_now":1432410}
[Mote:4] Sensor IPv6 = fe80::204:4:4:4
[Mote:1] {"node":"fd00::204:4:4:4", "cpu_energy_mj":19, "lpm_energy_mj":0, "radio_tx_energy_mj":0, "radio_rx_energy_mj":8, "node_time":1435567, "total_sent":135, "total_received":141, "bytes_tx":60, "bytes_rx":12, "r2n_latency":464, "lqi":100, "rssi":-74, "server_sent":141, "server_received":276, "server_bytes_rx":60, "n2r_latency":63, "hops":0, "rtt_latency":862, "root_time_now":1435630}
[Mote:5] Sensor IPv6 = fe80::205:5:5:5
[Mote:1] {"node":"fd00::205:5:5:5", "cpu_energy_mj":19, "lpm_energy_mj":0, "radio_tx_energy_mj":0, "radio_rx_energy_mj":8, "node_time":1435656, "total_sent":121, "total_received":129, "bytes_tx":60, "bytes_rx":12, "r2n_latency":1374, "lqi":100, "rssi":-30, "server_sent":129, "server_received":250, "server_bytes_rx":60, "n2r_latency":184, "hops":2, "rtt_latency":1142, "root_time_now":1435840}
[Mote:3] Sensor IPv6 = fe80::203:3:3:3
[Mote:1] {"node":"fd00::203:3:3:3", "cpu_energy_mj":18, "lpm_energy_mj":0, "radio_tx_energy_mj":0, "radio_rx_energy_mj":8, "node_time":1437460, "total_sent":130, "total_received":132, "bytes_tx":60, "bytes_rx":12, "r2n_latency":884, "lqi":100, "rssi":-85, "server_sent":132, "server_received":262, "server_bytes_rx":60, "n2r_latency":130, "hops":1, "rtt_latency":897, "root_time_now":1437590}
[Mote:2] Sensor IPv6 = fe80::202:2:2:2
[Mote:1] {"node":"fd00::202:2:2:2", "cpu_energy_mj":18, "lpm_energy_mj":0, "radio_tx_energy_mj":0, "radio_rx_energy_mj":8, "node_time":1442586, "total_sent":136, "total_received":142, "bytes_tx":60, "bytes_rx":12, "r2n_latency":54, "lqi":100, "rssi":-52, "server_sent":142, "server_received":278, "server_bytes_rx":60, "n2r_latency":44, "hops":0, "rtt_latency":97, "root_time_now":1442630}
[Mote:4] Sensor IPv6 = fe80::204:4:4:4
[Mote:1] {"node":"fd00::204:4:4:4", "cpu_energy_mj":19, "lpm_energy_mj":0, "radio_tx_energy_mj":0, "radio_rx_energy_mj":8, "node_time":1446123, "total_sent":136, "total_received":142, "bytes_tx":60, "bytes_rx":12, "r2n_latency":334, "lqi":100, "rssi":-74, "server_sent":142, "server_received":278, "server_bytes_rx":60, "n2r_latency":7, "hops":0, "rtt_latency":377, "root_time_now":1446130}
[Mote:5] Sensor IPv6 = fe80::205:5:5:5
[Mote:1] {"node":"fd00::205:5:5:5", "cpu_energy_mj":19, "lpm_energy_mj":0, "radio_tx_energy_mj":0, "radio_rx_energy_mj":9, "node_time":1446446, "total_sent":122, "total_received":130, "bytes_tx":60, "bytes_rx":12, "r2n_latency":1524, "lqi":100, "rssi":-30, "server_sent":130, "server_received":252, "server_bytes_rx":60, "n2r_latency":174, "hops":2, "rtt_latency":867, "root_time_now":1446620}
[Mote:3] Sensor IPv6 = fe80::203:3:3:3
[Mote:1] {"node":"fd00::203:3:3:3", "cpu_energy_mj":18, "lpm_energy_mj":0, "radio_tx_energy_mj":0, "radio_rx_energy_mj":8, "node_time":1447724, "total_sent":131, "total_received":133, "bytes_tx":60, "bytes_rx":12, "r2n_latency":1174, "lqi":100, "rssi":-85, "server_sent":133, "server_received":264, "server_bytes_rx":60, "n2r_latency":86, "hops":1, "rtt_latency":657, "root_time_now":1447810}
[Mote:2] Sensor IPv6 = fe80::202:2:2:2
[Mote:1] {"node":"fd00::202:2:2:2", "cpu_energy_mj":18, "lpm_energy_mj":0, "radio_tx_energy_mj":0, "radio_rx_energy_mj":8, "node_time":1453117, "total_sent":137, "total_received":143, "bytes_tx":60, "bytes_rx":12, "r2n_latency":64, "lqi":100, "rssi":-52, "server_sent":143, "server_received":280, "server_bytes_rx":60, "n2r_latency":13, "hops":0, "rtt_latency":382, "root_time_now":1453130}
[Mote:4] Sensor IPv6 = fe80::204:4:4:4
[Mote:1] {"node":"fd00::204:4:4:4", "cpu_energy_mj":19, "lpm_energy_mj":0, "radio_tx_energy_mj":0, "radio_rx_energy_mj":8, "node_time":1456679, "total_sent":137, "total_received":143, "bytes_tx":60, "bytes_rx":12, "r2n_latency":204, "lqi":100, "rssi":-74, "server_sent":143, "server_received":280, "server_bytes_rx":60, "n2r_latency":21, "hops":0, "rtt_latency":277, "root_time_now":1456700}
[Mote:5] Sensor IPv6 = fe80::205:5:5:5
[Mote:1] {"node":"fd00::205:5:5:5", "cpu_energy_mj":19, "lpm_energy_mj":0, "radio_tx_energy_mj":0, "radio_rx_energy_mj":8, "node_time":1457238, "total_sent":123, "total_received":131, "bytes_tx":60, "bytes_rx":12, "r2n_latency":1534, "lqi":100, "rssi":-30, "server_sent":131, "server_received":254, "server_bytes_rx":60, "n2r_latency":162, "hops":2, "rtt_latency":872, "root_time_now":1457400}
[Mote:3] Sensor IPv6 = fe80::203:3:3:3
[Mote:1] {"node":"fd00::203:3:3:3", "cpu_energy_mj":18, "lpm_energy_mj":0, "radio_tx_energy_mj":0, "radio_rx_energy_mj":8, "node_time":1457988, "total_sent":132, "total_received":134, "bytes_tx":60, "bytes_rx":12, "r2n_latency":1114, "lqi":100, "rssi":-85, "server_sent":134, "server_received":266, "server_bytes_rx":60, "n2r_latency":112, "hops":1, "rtt_latency":662, "root_time_now":1458100}
[Mote:2] Sensor IPv6 = fe80::202:2:2:2
[Mote:1] {"node":"fd00::202:2:2:2", "cpu_energy_mj":18, "lpm_energy_mj":0, "radio_tx_energy_mj":0, "radio_rx_energy_mj":8, "node_time":1463648, "total_sent":138, "total_received":144, "bytes_tx":60, "bytes_rx":12, "r2n_latency":74, "lqi":100, "rssi":-52, "server_sent":144, "server_received":282, "server_bytes_rx":60, "n2r_latency":52, "hops":0, "rtt_latency":457, "root_time_now":1463700}
[Mote:4] Sensor IPv6 = fe80::204:4:4:4
[Mote:1] {"node":"fd00::204:4:4:4", "cpu_energy_mj":19, "lpm_energy_mj":0, "radio_tx_energy_mj":0, "radio_rx_energy_mj":8, "node_time":1467237, "total_sent":138, "total_received":144, "bytes_tx":60, "bytes_rx":12, "r2n_latency":704, "lqi":100, "rssi":-74, "server_sent":144, "server_received":282, "server_bytes_rx":60, "n2r_latency":33, "hops":0, "rtt_latency":772, "root_time_now":1467270}
[Mote:5] Sensor IPv6 = fe80::205:5:5:5
[Mote:1] {"node":"fd00::205:5:5:5", "cpu_energy_mj":19, "lpm_energy_mj":0, "radio_tx_energy_mj":0, "radio_rx_energy_mj":8, "node_time":1468032, "total_sent":124, "total_received":132, "bytes_tx":60, "bytes_rx":12, "r2n_latency":2594, "lqi":100, "rssi":-30, "server_sent":132, "server_received":256, "server_bytes_rx":60, "n2r_latency":148, "hops":2, "rtt_latency":1402, "root_time_now":1468180}
[Mote:3] Sensor IPv6 = fe80::203:3:3:3
[Mote:1] {"node":"fd00::203:3:3:3", "cpu_energy_mj":18, "lpm_energy_mj":0, "radio_tx_energy_mj":0, "radio_rx_energy_mj":8, "node_time":1468252, "total_sent":133, "total_received":135, "bytes_tx":60, "bytes_rx":12, "r2n_latency":2174, "lqi":100, "rssi":-85, "server_sent":135, "server_received":268, "server_bytes_rx":60, "n2r_latency":138, "hops":1, "rtt_latency":1227, "root_time_now":1468390}
[Mote:2] Sensor IPv6 = fe80::202:2:2:2
[Mote:1] {"node":"fd00::202:2:2:2", "cpu_energy_mj":18, "lpm_energy_mj":0, "radio_tx_energy_mj":0, "radio_rx_energy_mj":8, "node_time":1474179, "total_sent":139, "total_received":145, "bytes_tx":60, "bytes_rx":12, "r2n_latency":14, "lqi":100, "rssi":-52, "server_sent":145, "server_received":284, "server_bytes_rx":60, "n2r_latency":21, "hops":0, "rtt_latency":1617, "root_time_now":1474200}
[Mote:4] Sensor IPv6 = fe80::204:4:4:4
[Mote:1] {"node":"fd00::204:4:4:4", "cpu_energy_mj":19, "lpm_energy_mj":0, "radio_tx_energy_mj":0, "radio_rx_energy_mj":8, "node_time":1477791, "total_sent":139, "total_received":145, "bytes_tx":60, "bytes_rx":12, "r2n_latency":224, "lqi":100, "rssi":-74, "server_sent":145, "server_received":284, "server_bytes_rx":60, "n2r_latency":49, "hops":0, "rtt_latency":182, "root_time_now":1477840}
[Mote:3] Sensor IPv6 = fe80::203:3:3:3
[Mote:1] {"node":"fd00::203:3:3:3", "cpu_energy_mj":18, "lpm_energy_mj":0, "radio_tx_energy_mj":0, "radio_rx_energy_mj":8, "node_time":1478518, "total_sent":134, "total_received":136, "bytes_tx":60, "bytes_rx":12, "r2n_latency":1134, "lqi":100, "rssi":-85, "server_sent":136, "server_received":270, "server_bytes_rx":60, "n2r_latency":92, "hops":1, "rtt_latency":1477, "root_time_now":1478610}
[Mote:5] Sensor IPv6 = fe80::205:5:5:5
[Mote:1] {"node":"fd00::205:5:5:5", "cpu_energy_mj":19, "lpm_energy_mj":0, "radio_tx_energy_mj":0, "radio_rx_energy_mj":9, "node_time":1478824, "total_sent":125, "total_received":133, "bytes_tx":60, "bytes_rx":12, "r2n_latency":1694, "lqi":100, "rssi":-30, "server_sent":133, "server_received":258, "server_bytes_rx":60, "n2r_latency":206, "hops":2, "rtt_latency":1512, "root_time_now":1479030}
[Mote:2] Sensor IPv6 = fe80::202:2:2:2
[Mote:1] {"node":"fd00::202:2:2:2", "cpu_energy_mj":18, "lpm_energy_mj":0, "radio_tx_energy_mj":0, "radio_rx_energy_mj":8, "node_time":1484710, "total_sent":140, "total_received":146, "bytes_tx":60, "bytes_rx":12, "r2n_latency":24, "lqi":100, "rssi":-52, "server_sent":146, "server_received":286, "server_bytes_rx":60, "n2r_latency":60, "hops":0, "rtt_latency":82, "root_time_now":1484770}
[Mote:4] Sensor IPv6 = fe80::204:4:4:4
[Mote:1] {"node":"fd00::204:4:4:4", "cpu_energy_mj":19, "lpm_energy_mj":0, "radio_tx_energy_mj":0, "radio_rx_energy_mj":8, "node_time":1488347, "total_sent":140, "total_received":146, "bytes_tx":60, "bytes_rx":12, "r2n_latency":304, "lqi":100, "rssi":-74, "server_sent":146, "server_received":286, "server_bytes_rx":60, "n2r_latency":63, "hops":0, "rtt_latency":782, "root_time_now":1488410}
[Mote:3] Sensor IPv6 = fe80::203:3:3:3
[Mote:1] {"node":"fd00::203:3:3:3", "cpu_energy_mj":18, "lpm_energy_mj":0, "radio_tx_energy_mj":0, "radio_rx_energy_mj":8, "node_time":1488784, "total_sent":135, "total_received":137, "bytes_tx":60, "bytes_rx":12, "r2n_latency":584, "lqi":100, "rssi":-85, "server_sent":137, "server_received":272, "server_bytes_rx":60, "n2r_latency":116, "hops":1, "rtt_latency":817, "root_time_now":1488900}
[Mote:5] Sensor IPv6 = fe80::205:5:5:5
[Mote:1] {"node":"fd00::205:5:5:5", "cpu_energy_mj":19, "lpm_energy_mj":0, "radio_tx_energy_mj":0, "radio_rx_energy_mj":8, "node_time":1489614, "total_sent":126, "total_received":134, "bytes_tx":60, "bytes_rx":12, "r2n_latency":1004, "lqi":100, "rssi":-30, "server_sent":135, "server_received":260, "server_bytes_rx":60, "n2r_latency":1806, "hops":2, "rtt_latency":852, "root_time_now":1491420}
[Mote:2] Sensor IPv6 = fe80::202:2:2:2
[Mote:1] {"node":"fd00::202:2:2:2", "cpu_energy_mj":18, "lpm_energy_mj":0, "radio_tx_energy_mj":0, "radio_rx_energy_mj":8, "node_time":1495241, "total_sent":141, "total_received":147, "bytes_tx":60, "bytes_rx":12, "r2n_latency":314, "lqi":100, "rssi":-52, "server_sent":147, "server_received":288, "server_bytes_rx":60, "n2r_latency":29, "hops":0, "rtt_latency":1592, "root_time_now":1495270}
[Mote:4] Sensor IPv6 = fe80::204:4:4:4
[Mote:1] {"node":"fd00::204:4:4:4", "cpu_energy_mj":19, "lpm_energy_mj":0, "radio_tx_energy_mj":0, "radio_rx_energy_mj":8, "node_time":1498905, "total_sent":141, "total_received":147, "bytes_tx":60, "bytes_rx":12, "r2n_latency":104, "lqi":100, "rssi":-74, "server_sent":147, "server_received":288, "server_bytes_rx":60, "n2r_latency":5, "hops":0, "rtt_latency":402, "root_time_now":1498910}
[Mote:3] Sensor IPv6 = fe80::203:3:3:3
[Mote:1] {"node":"fd00::203:3:3:3", "cpu_energy_mj":18, "lpm_energy_mj":0, "radio_tx_energy_mj":0, "radio_rx_energy_mj":8, "node_time":1499048, "total_sent":136, "total_received":138, "bytes_tx":60, "bytes_rx":12, "r2n_latency":874, "lqi":100, "rssi":-85, "server_sent":138, "server_received":274, "server_bytes_rx":60, "n2r_latency":142, "hops":1, "rtt_latency":927, "root_time_now":1499190}
[Mote:5] Sensor IPv6 = fe80::205:5:5:5
[Mote:1] {"node":"fd00::205:5:5:5", "cpu_energy_mj":19, "lpm_energy_mj":0, "radio_tx_energy_mj":0, "radio_rx_energy_mj":8, "node_time":1500406, "total_sent":127, "total_received":135, "bytes_tx":60, "bytes_rx":12, "r2n_latency":1014, "lqi":100, "rssi":-30, "server_sent":136, "server_received":262, "server_bytes_rx":60, "n2r_latency":464, "hops":2, "rtt_latency":997, "root_time_now":1500870}
[Mote:2] Sensor IPv6 = fe80::202:2:2:2
[Mote:1] {"node":"fd00::202:2:2:2", "cpu_energy_mj":18, "lpm_energy_mj":0, "radio_tx_energy_mj":0, "radio_rx_energy_mj":8, "node_time":1505772, "total_sent":142, "total_received":148, "bytes_tx":60, "bytes_rx":12, "r2n_latency":44, "lqi":100, "rssi":-52, "server_sent":148, "server_received":290, "server_bytes_rx":60, "n2r_latency":68, "hops":0, "rtt_latency":92, "root_time_now":1505840}
[Mote:3] Sensor IPv6 = fe80::203:3:3:3
[Mote:1] {"node":"fd00::203:3:3:3", "cpu_energy_mj":18, "lpm_energy_mj":0, "radio_tx_energy_mj":0, "radio_rx_energy_mj":8, "node_time":1509310, "total_sent":137, "total_received":139, "bytes_tx":60, "bytes_rx":12, "r2n_latency":1164, "lqi":100, "rssi":-85, "server_sent":139, "server_received":276, "server_bytes_rx":60, "n2r_latency":100, "hops":1, "rtt_latency":652, "root_time_now":1509410}
[Mote:4] Sensor IPv6 = fe80::204:4:4:4
[Mote:1] {"node":"fd00::204:4:4:4", "cpu_energy_mj":19, "lpm_energy_mj":0, "radio_tx_energy_mj":0, "radio_rx_energy_mj":8, "node_time":1509457, "total_sent":142, "total_received":148, "bytes_tx":60, "bytes_rx":12, "r2n_latency":324, "lqi":100, "rssi":-74, "server_sent":148, "server_received":290, "server_bytes_rx":60, "n2r_latency":23, "hops":0, "rtt_latency":407, "root_time_now":1509480}
[Mote:5] Sensor IPv6 = fe80::205:5:5:5
[Mote:1] {"node":"fd00::205:5:5:5", "cpu_energy_mj":19, "lpm_energy_mj":0, "radio_tx_energy_mj":0, "radio_rx_energy_mj":8, "node_time":1511200, "total_sent":128, "total_received":136, "bytes_tx":60, "bytes_rx":12, "r2n_latency":1514, "lqi":100, "rssi":-30, "server_sent":137, "server_received":264, "server_bytes_rx":60, "n2r_latency":1500, "hops":2, "rtt_latency":862, "root_time_now":1512700}
[Mote:2] Sensor IPv6 = fe80::202:2:2:2
[Mote:1] {"node":"fd00::202:2:2:2", "cpu_energy_mj":18, "lpm_energy_mj":0, "radio_tx_energy_mj":0, "radio_rx_energy_mj":8, "node_time":1516303, "total_sent":143, "total_received":149, "bytes_tx":60, "bytes_rx":12, "r2n_latency":54, "lqi":100, "rssi":-52, "server_sent":149, "server_received":292, "server_bytes_rx":60, "n2r_latency":37, "hops":0, "rtt_latency":447, "root_time_now":1516340}
[Mote:3] Sensor IPv6 = fe80::203:3:3:3
[Mote:1] {"node":"fd00::203:3:3:3", "cpu_energy_mj":18, "lpm_energy_mj":0, "radio_tx_energy_mj":0, "radio_rx_energy_mj":8, "node_time":1519574, "total_sent":138, "total_received":140, "bytes_tx":60, "bytes_rx":12, "r2n_latency":1314, "lqi":100, "rssi":-85, "server_sent":140, "server_received":278, "server_bytes_rx":60, "n2r_latency":126, "hops":1, "rtt_latency":1042, "root_time_now":1519700}
[Mote:4] Sensor IPv6 = fe80::204:4:4:4
[Mote:5] Sensor IPv6 = fe80::205:5:5:5
[Mote:1] {"node":"fd00::204:4:4:4", "cpu_energy_mj":19, "lpm_energy_mj":0, "radio_tx_energy_mj":0, "radio_rx_energy_mj":8, "node_time":1520013, "total_sent":143, "total_received":149, "bytes_tx":60, "bytes_rx":12, "r2n_latency":614, "lqi":100, "rssi":-74, "server_sent":150, "server_received":292, "server_bytes_rx":60, "n2r_latency":2837, "hops":0, "rtt_latency":1007, "root_time_now":1522850}
[Mote:1] {"node":"fd00::205:5:5:5", "cpu_energy_mj":19, "lpm_energy_mj":0, "radio_tx_energy_mj":0, "radio_rx_energy_mj":8, "node_time":1521990, "total_sent":129, "total_received":138, "bytes_tx":60, "bytes_rx":12, "r2n_latency":1184, "lqi":100, "rssi":-30, "server_sent":138, "server_received":267, "server_bytes_rx":60, "n2r_latency":1210, "hops":2, "rtt_latency":1572, "root_time_now":1523200}
[Mote:2] Sensor IPv6 = fe80::202:2:2:2
[Mote:1] {"node":"fd00::202:2:2:2", "cpu_energy_mj":18, "lpm_energy_mj":0, "radio_tx_energy_mj":0, "radio_rx_energy_mj":8, "node_time":1526834, "total_sent":144, "total_received":150, "bytes_tx":60, "bytes_rx":12, "r2n_latency":1534, "lqi":100, "rssi":-52, "server_sent":150, "server_received":294, "server_bytes_rx":60, "n2r_latency":6, "hops":0, "rtt_latency":907, "root_time_now":1526840}
[Mote:3] Sensor IPv6 = fe80::203:3:3:3
[Mote:1] {"node":"fd00::203:3:3:3", "cpu_energy_mj":18, "lpm_energy_mj":0, "radio_tx_energy_mj":0, "radio_rx_energy_mj":8, "node_time":1529840, "total_sent":139, "total_received":141, "bytes_tx":60, "bytes_rx":12, "r2n_latency":764, "lqi":100, "rssi":-85, "server_sent":141, "server_received":280, "server_bytes_rx":60, "n2r_latency":80, "hops":1, "rtt_latency":1502, "root_time_now":1529920}
[Mote:4] Sensor IPv6 = fe80::204:4:4:4
[Mote:1] {"node":"fd00::204:4:4:4", "cpu_energy_mj":19, "lpm_energy_mj":0, "radio_tx_energy_mj":0, "radio_rx_energy_mj":8, "node_time":1530571, "total_sent":144, "total_received":151, "bytes_tx":60, "bytes_rx":12, "r2n_latency":427, "lqi":100, "rssi":-74, "server_sent":151, "server_received":295, "server_bytes_rx":60, "n2r_latency":119, "hops":0, "rtt_latency":283, "root_time_now":1530690}
[Mote:5] Sensor IPv6 = fe80::205:5:5:5
[Mote:1] {"node":"fd00::205:5:5:5", "cpu_energy_mj":19, "lpm_energy_mj":0, "radio_tx_energy_mj":0, "radio_rx_energy_mj":9, "node_time":1532784, "total_sent":130, "total_received":139, "bytes_tx":60, "bytes_rx":12, "r2n_latency":1897, "lqi":100, "rssi":-30, "server_sent":139, "server_received":269, "server_bytes_rx":60, "n2r_latency":146, "hops":2, "rtt_latency":1053, "root_time_now":1532930}
[Mote:2] Sensor IPv6 = fe80::202:2:2:2
[Mote:1] {"node":"fd00::202:2:2:2", "cpu_energy_mj":18, "lpm_energy_mj":0, "radio_tx_energy_mj":0, "radio_rx_energy_mj":8, "node_time":1537367, "total_sent":145, "total_received":151, "bytes_tx":60, "bytes_rx":12, "r2n_latency":77, "lqi":100, "rssi":-52, "server_sent":151, "server_received":296, "server_bytes_rx":60, "n2r_latency":43, "hops":0, "rtt_latency":143, "root_time_now":1537410}
[Mote:3] Sensor IPv6 = fe80::203:3:3:3
[Mote:1] {"node":"fd00::203:3:3:3", "cpu_energy_mj":18, "lpm_energy_mj":0, "radio_tx_energy_mj":0, "radio_rx_energy_mj":8, "node_time":1540104, "total_sent":140, "total_received":142, "bytes_tx":60, "bytes_rx":12, "r2n_latency":1127, "lqi":100, "rssi":-85, "server_sent":143, "server_received":282, "server_bytes_rx":60, "n2r_latency":246, "hops":1, "rtt_latency":738, "root_time_now":1540350}
[Mote:4] Sensor IPv6 = fe80::204:4:4:4
[Mote:1] {"node":"fd00::204:4:4:4", "cpu_energy_mj":19, "lpm_energy_mj":0, "radio_tx_energy_mj":0, "radio_rx_energy_mj":8, "node_time":1541127, "total_sent":145, "total_received":152, "bytes_tx":60, "bytes_rx":12, "r2n_latency":784, "lqi":100, "rssi":-74, "server_sent":152, "server_received":297, "server_bytes_rx":60, "n2r_latency":63, "hops":0, "rtt_latency":567, "root_time_now":1541190}
[Mote:5] Sensor IPv6 = fe80::205:5:5:5
[Mote:1] {"node":"fd00::205:5:5:5", "cpu_energy_mj":19, "lpm_energy_mj":0, "radio_tx_energy_mj":0, "radio_rx_energy_mj":9, "node_time":1543574, "total_sent":131, "total_received":140, "bytes_tx":60, "bytes_rx":12, "r2n_latency":2324, "lqi":100, "rssi":-30, "server_sent":140, "server_received":271, "server_bytes_rx":60, "n2r_latency":206, "hops":2, "rtt_latency":1267, "root_time_now":1543780}
[Mote:2] Sensor IPv6 = fe80::202:2:2:2
[Mote:1] {"node":"fd00::202:2:2:2", "cpu_energy_mj":18, "lpm_energy_mj":0, "radio_tx_energy_mj":0, "radio_rx_energy_mj":8, "node_time":1547898, "total_sent":146, "total_received":152, "bytes_tx":60, "bytes_rx":12, "r2n_latency":14, "lqi":100, "rssi":-52, "server_sent":152, "server_received":298, "server_bytes_rx":60, "n2r_latency":12, "hops":0, "rtt_latency":287, "root_time_now":1547910}
[Mote:3] Sensor IPv6 = fe80::203:3:3:3
[Mote:1] {"node":"fd00::203:3:3:3", "cpu_energy_mj":18, "lpm_energy_mj":0, "radio_tx_energy_mj":0, "radio_rx_energy_mj":8, "node_time":1550364, "total_sent":141, "total_received":143, "bytes_tx":60, "bytes_rx":12, "r2n_latency":1694, "lqi":100, "rssi":-85, "server_sent":144, "server_received":284, "server_bytes_rx":60, "n2r_latency":626, "hops":1, "rtt_latency":1127, "root_time_now":1550990}
[Mote:4] Sensor IPv6 = fe80::204:4:4:4
[Mote:1] {"node":"fd00::204:4:4:4", "cpu_energy_mj":19, "lpm_energy_mj":0, "radio_tx_energy_mj":0, "radio_rx_energy_mj":8, "node_time":1551683, "total_sent":146, "total_received":153, "bytes_tx":60, "bytes_rx":12, "r2n_latency":304, "lqi":100, "rssi":-74, "server_sent":153, "server_received":299, "server_bytes_rx":60, "n2r_latency":147, "hops":0, "rtt_latency":397, "root_time_now":1551830}
[Mote:5] Sensor IPv6 = fe80::205:5:5:5
[Mote:1] {"node":"fd00::205:5:5:5", "cpu_energy_mj":19, "lpm_energy_mj":0, "radio_tx_energy_mj":0, "radio_rx_energy_mj":8, "node_time":1554366, "total_sent":132, "total_received":141, "bytes_tx":60, "bytes_rx":12, "r2n_latency":1564, "lqi":100, "rssi":-30, "server_sent":141, "server_received":273, "server_bytes_rx":60, "n2r_latency":194, "hops":2, "rtt_latency":1027, "root_time_now":1554560}
[Mote:2] Sensor IPv6 = fe80::202:2:2:2
[Mote:1] {"node":"fd00::202:2:2:2", "cpu_energy_mj":18, "lpm_energy_mj":0, "radio_tx_energy_mj":0, "radio_rx_energy_mj":8, "node_time":1558427, "total_sent":147, "total_received":153, "bytes_tx":60, "bytes_rx":12, "r2n_latency":24, "lqi":100, "rssi":-52, "server_sent":153, "server_received":300, "server_bytes_rx":60, "n2r_latency":53, "hops":0, "rtt_latency":117, "root_time_now":1558480}
[Mote:3] Sensor IPv6 = fe80::203:3:3:3
[Mote:1] {"node":"fd00::203:3:3:3", "cpu_energy_mj":18, "lpm_energy_mj":0, "radio_tx_energy_mj":0, "radio_rx_energy_mj":8, "node_time":1560628, "total_sent":142, "total_received":144, "bytes_tx":60, "bytes_rx":12, "r2n_latency":1074, "lqi":100, "rssi":-85, "server_sent":145, "server_received":286, "server_bytes_rx":60, "n2r_latency":302, "hops":1, "rtt_latency":607, "root_time_now":1560930}
[Mote:4] Sensor IPv6 = fe80::204:4:4:4
[Mote:1] {"node":"fd00::204:4:4:4", "cpu_energy_mj":19, "lpm_energy_mj":0, "radio_tx_energy_mj":0, "radio_rx_energy_mj":8, "node_time":1562239, "total_sent":147, "total_received":154, "bytes_tx":60, "bytes_rx":12, "r2n_latency":1014, "lqi":100, "rssi":-74, "server_sent":154, "server_received":301, "server_bytes_rx":60, "n2r_latency":791, "hops":0, "rtt_latency":647, "root_time_now":1563030}
[Mote:5] Sensor IPv6 = fe80::205:5:5:5
[Mote:1] {"node":"fd00::205:5:5:5", "cpu_energy_mj":19, "lpm_energy_mj":0, "radio_tx_energy_mj":0, "radio_rx_energy_mj":8, "node_time":1565160, "total_sent":133, "total_received":142, "bytes_tx":60, "bytes_rx":12, "r2n_latency":2064, "lqi":100, "rssi":-30, "server_sent":142, "server_received":275, "server_bytes_rx":60, "n2r_latency":180, "hops":2, "rtt_latency":1487, "root_time_now":1565340}
[Mote:2] Sensor IPv6 = fe80::202:2:2:2
[Mote:1] {"node":"fd00::202:2:2:2", "cpu_energy_mj":18, "lpm_energy_mj":0, "radio_tx_energy_mj":0, "radio_rx_energy_mj":8, "node_time":1568958, "total_sent":148, "total_received":154, "bytes_tx":60, "bytes_rx":12, "r2n_latency":34, "lqi":100, "rssi":-52, "server_sent":154, "server_received":302, "server_bytes_rx":60, "n2r_latency":22, "hops":0, "rtt_latency":192, "root_time_now":1568980}
[Mote:3] Sensor IPv6 = fe80::203:3:3:3
[Mote:1] {"node":"fd00::203:3:3:3", "cpu_energy_mj":18, "lpm_energy_mj":0, "radio_tx_energy_mj":0, "radio_rx_energy_mj":8, "node_time":1570896, "total_sent":143, "total_received":145, "bytes_tx":60, "bytes_rx":12, "r2n_latency":1644, "lqi":100, "rssi":-85, "server_sent":146, "server_received":288, "server_bytes_rx":60, "n2r_latency":534, "hops":1, "rtt_latency":1452, "root_time_now":1571430}
[Mote:4] Sensor IPv6 = fe80::204:4:4:4
[Mote:1] {"node":"fd00::204:4:4:4", "cpu_energy_mj":19, "lpm_energy_mj":0, "radio_tx_energy_mj":0, "radio_rx_energy_mj":8, "node_time":1572795, "total_sent":148, "total_received":155, "bytes_tx":60, "bytes_rx":12, "r2n_latency":254, "lqi":100, "rssi":-74, "server_sent":155, "server_received":303, "server_bytes_rx":60, "n2r_latency":35, "hops":0, "rtt_latency":652, "root_time_now":1572830}
[Mote:5] Sensor IPv6 = fe80::205:5:5:5
[Mote:1] {"node":"fd00::205:5:5:5", "cpu_energy_mj":19, "lpm_energy_mj":0, "radio_tx_energy_mj":0, "radio_rx_energy_mj":9, "node_time":1575950, "total_sent":134, "total_received":143, "bytes_tx":60, "bytes_rx":12, "r2n_latency":2004, "lqi":100, "rssi":-30, "server_sent":143, "server_received":277, "server_bytes_rx":60, "n2r_latency":170, "hops":2, "rtt_latency":1107, "root_time_now":1576120}
[Mote:2] Sensor IPv6 = fe80::202:2:2:2
[Mote:1] {"node":"fd00::202:2:2:2", "cpu_energy_mj":18, "lpm_energy_mj":0, "radio_tx_energy_mj":0, "radio_rx_energy_mj":8, "node_time":1579491, "total_sent":149, "total_received":155, "bytes_tx":60, "bytes_rx":12, "r2n_latency":44, "lqi":100, "rssi":-52, "server_sent":155, "server_received":304, "server_bytes_rx":60, "n2r_latency":59, "hops":0, "rtt_latency":862, "root_time_now":1579550}
[Mote:3] Sensor IPv6 = fe80::203:3:3:3
[Mote:1] {"node":"fd00::203:3:3:3", "cpu_energy_mj":18, "lpm_energy_mj":0, "radio_tx_energy_mj":0, "radio_rx_energy_mj":8, "node_time":1581159, "total_sent":144, "total_received":147, "bytes_tx":60, "bytes_rx":12, "r2n_latency":754, "lqi":100, "rssi":-85, "server_sent":147, "server_received":291, "server_bytes_rx":60, "n2r_latency":141, "hops":1, "rtt_latency":552, "root_time_now":1581300}
[Mote:4] Sensor IPv6 = fe80::204:4:4:4
[Mote:1] {"node":"fd00::204:4:4:4", "cpu_energy_mj":19, "lpm_energy_mj":0, "radio_tx_energy_mj":0, "radio_rx_energy_mj":8, "node_time":1583351, "total_sent":149, "total_received":156, "bytes_tx":60, "bytes_rx":12, "r2n_latency":194, "lqi":100, "rssi":-74, "server_sent":156, "server_received":305, "server_bytes_rx":60, "n2r_latency":49, "hops":0, "rtt_latency":342, "root_time_now":1583400}
[Mote:5] Sensor IPv6 = fe80::205:5:5:5
[Mote:1] {"node":"fd00::205:5:5:5", "cpu_energy_mj":19, "lpm_energy_mj":0, "radio_tx_energy_mj":0, "radio_rx_energy_mj":8, "node_time":1586742, "total_sent":135, "total_received":144, "bytes_tx":60, "bytes_rx":12, "r2n_latency":1664, "lqi":100, "rssi":-30, "server_sent":144, "server_received":279, "server_bytes_rx":60, "n2r_latency":158, "hops":2, "rtt_latency":937, "root_time_now":1586900}
[Mote:2] Sensor IPv6 = fe80::202:2:2:2
[Mote:3] Sensor IPv6 = fe80::203:3:3:3
[Mote:1] {"node":"fd00::203:3:3:3", "cpu_energy_mj":18, "lpm_energy_mj":0, "radio_tx_energy_mj":0, "radio_rx_energy_mj":8, "node_time":1591421, "total_sent":145, "total_received":148, "bytes_tx":60, "bytes_rx":12, "r2n_latency":764, "lqi":100, "rssi":-85, "server_sent":148, "server_received":293, "server_bytes_rx":60, "n2r_latency":309, "hops":1, "rtt_latency":487, "root_time_now":1591730}
[Mote:1] {"node":"fd00::202:2:2:2", "cpu_energy_mj":18, "lpm_energy_mj":0, "radio_tx_energy_mj":0, "radio_rx_energy_mj":8, "node_time":1590020, "total_sent":150, "total_received":156, "bytes_tx":60, "bytes_rx":12, "r2n_latency":54, "lqi":100, "rssi":-52, "server_sent":157, "server_received":306, "server_bytes_rx":60, "n2r_latency":3040, "hops":0, "rtt_latency":167, "root_time_now":1593060}
[Mote:4] Sensor IPv6 = fe80::204:4:4:4
[Mote:1] {"node":"fd00::204:4:4:4", "cpu_energy_mj":19, "lpm_energy_mj":0, "radio_tx_energy_mj":0, "radio_rx_energy_mj":8, "node_time":1593907, "total_sent":150, "total_received":157, "bytes_tx":60, "bytes_rx":12, "r2n_latency":134, "lqi":100, "rssi":-74, "server_sent":157, "server_received":307, "server_bytes_rx":60, "n2r_latency":63, "hops":0, "rtt_latency":277, "root_time_now":1593970}
[Mote:5] Sensor IPv6 = fe80::205:5:5:5
[Mote:1] {"node":"fd00::205:5:5:5", "cpu_energy_mj":19, "lpm_energy_mj":0, "radio_tx_energy_mj":0, "radio_rx_energy_mj":8, "node_time":1597534, "total_sent":136, "total_received":145, "bytes_tx":60, "bytes_rx":12, "r2n_latency":2024, "lqi":100, "rssi":-30, "server_sent":145, "server_received":281, "server_bytes_rx":60, "n2r_latency":146, "hops":2, "rtt_latency":1257, "root_time_now":1597680}
[Mote:2] Sensor IPv6 = fe80::202:2:2:2
[Mote:3] Sensor IPv6 = fe80::203:3:3:3
[Mote:1] {"node":"fd00::202:2:2:2", "cpu_energy_mj":18, "lpm_energy_mj":0, "radio_tx_energy_mj":0, "radio_rx_energy_mj":8, "node_time":1600551, "total_sent":151, "total_received":158, "bytes_tx":60, "bytes_rx":12, "r2n_latency":74, "lqi":100, "rssi":-52, "server_sent":158, "server_received":309, "server_bytes_rx":60, "n2r_latency":1539, "hops":0, "rtt_latency":212, "root_time_now":1602090}
[Mote:1] {"node":"fd00::203:3:3:3", "cpu_energy_mj":18, "lpm_energy_mj":0, "radio_tx_energy_mj":0, "radio_rx_energy_mj":8, "node_time":1601685, "total_sent":146, "total_received":149, "bytes_tx":60, "bytes_rx":12, "r2n_latency":774, "lqi":100, "rssi":-85, "server_sent":149, "server_received":295, "server_bytes_rx":60, "n2r_latency":1525, "hops":1, "rtt_latency":1542, "root_time_now":1603210}
[Mote:4] Sensor IPv6 = fe80::204:4:4:4
[Mote:1] {"node":"fd00::204:4:4:4", "cpu_energy_mj":19, "lpm_energy_mj":0, "radio_tx_energy_mj":0, "radio_rx_energy_mj":8, "node_time":1604461, "total_sent":151, "total_received":158, "bytes_tx":60, "bytes_rx":12, "r2n_latency":284, "lqi":100, "rssi":-74, "server_sent":158, "server_received":309, "server_bytes_rx":60, "n2r_latency":9, "hops":0, "rtt_latency":597, "root_time_now":1604470}
[Mote:5] Sensor IPv6 = fe80::205:5:5:5
[Mote:1] {"node":"fd00::205:5:5:5", "cpu_energy_mj":19, "lpm_energy_mj":0, "radio_tx_energy_mj":0, "radio_rx_energy_mj":9, "node_time":1608328, "total_sent":137, "total_received":146, "bytes_tx":60, "bytes_rx":12, "r2n_latency":1334, "lqi":100, "rssi":-30, "server_sent":146, "server_received":283, "server_bytes_rx":60, "n2r_latency":412, "hops":2, "rtt_latency":1577, "root_time_now":1608740}
[Mote:2] Sensor IPv6 = fe80::202:2:2:2
[Mote:1] {"node":"fd00::202:2:2:2", "cpu_energy_mj":18, "lpm_energy_mj":0, "radio_tx_energy_mj":0, "radio_rx_energy_mj":8, "node_time":1611082, "total_sent":152, "total_received":159, "bytes_tx":60, "bytes_rx":12, "r2n_latency":14, "lqi":100, "rssi":-52, "server_sent":159, "server_received":311, "server_bytes_rx":60, "n2r_latency":108, "hops":0, "rtt_latency":567, "root_time_now":1611190}
[Mote:3] Sensor IPv6 = fe80::203:3:3:3
[Mote:1] {"node":"fd00::203:3:3:3", "cpu_energy_mj":18, "lpm_energy_mj":0, "radio_tx_energy_mj":0, "radio_rx_energy_mj":8, "node_time":1611949, "total_sent":147, "total_received":150, "bytes_tx":60, "bytes_rx":12, "r2n_latency":1344, "lqi":100, "rssi":-85, "server_sent":150, "server_received":297, "server_bytes_rx":60, "n2r_latency":361, "hops":1, "rtt_latency":847, "root_time_now":1612310}
[Mote:4] Sensor IPv6 = fe80::204:4:4:4
[Mote:1] {"node":"fd00::204:4:4:4", "cpu_energy_mj":19, "lpm_energy_mj":0, "radio_tx_energy_mj":0, "radio_rx_energy_mj":8, "node_time":1615017, "total_sent":152, "total_received":159, "bytes_tx":60, "bytes_rx":12, "r2n_latency":294, "lqi":100, "rssi":-74, "server_sent":159, "server_received":311, "server_bytes_rx":60, "n2r_latency":23, "hops":0, "rtt_latency":217, "root_time_now":1615040}
[Mote:5] Sensor IPv6 = fe80::205:5:5:5
[Mote:1] {"node":"fd00::205:5:5:5", "cpu_energy_mj":19, "lpm_energy_mj":0, "radio_tx_energy_mj":0, "radio_rx_energy_mj":9, "node_time":1619120, "total_sent":138, "total_received":147, "bytes_tx":60, "bytes_rx":12, "r2n_latency":1834, "lqi":100, "rssi":-30, "server_sent":147, "server_received":285, "server_bytes_rx":60, "n2r_latency":260, "hops":2, "rtt_latency":1127, "root_time_now":1619380}
[Mote:2] Sensor IPv6 = fe80::202:2:2:2
[Mote:3] Sensor IPv6 = fe80::203:3:3:3
[Mote:1] {"node":"fd00::203:3:3:3", "cpu_energy_mj":18, "lpm_energy_mj":0, "radio_tx_energy_mj":0, "radio_rx_energy_mj":8, "node_time":1622214, "total_sent":148, "total_received":151, "bytes_tx":60, "bytes_rx":12, "r2n_latency":934, "lqi":100, "rssi":-85, "server_sent":151, "server_received":299, "server_bytes_rx":60, "n2r_latency":386, "hops":1, "rtt_latency":642, "root_time_now":1622600}
[Mote:1] {"node":"fd00::202:2:2:2", "cpu_energy_mj":18, "lpm_energy_mj":0, "radio_tx_energy_mj":0, "radio_rx_energy_mj":8, "node_time":1621613, "total_sent":153, "total_received":160, "bytes_tx":60, "bytes_rx":12, "r2n_latency":24, "lqi":100, "rssi":-52, "server_sent":160, "server_received":313, "server_bytes_rx":60, "n2r_latency":1547, "hops":0, "rtt_latency":187, "root_time_now":1623160}
[Mote:4] Sensor IPv6 = fe80::204:4:4:4
[Mote:1] {"node":"fd00::204:4:4:4", "cpu_energy_mj":19, "lpm_energy_mj":0, "radio_tx_energy_mj":0, "radio_rx_energy_mj":8, "node_time":1625573, "total_sent":153, "total_received":160, "bytes_tx":60, "bytes_rx":12, "r2n_latency":164, "lqi":100, "rssi":-74, "server_sent":160, "server_received":313, "server_bytes_rx":60, "n2r_latency":37, "hops":0, "rtt_latency":292, "root_time_now":1625610}
[Mote:5] Sensor IPv6 = fe80::205:5:5:5
[Mote:1] {"node":"fd00::205:5:5:5", "cpu_energy_mj":19, "lpm_energy_mj":0, "radio_tx_energy_mj":0, "radio_rx_energy_mj":8, "node_time":1629910, "total_sent":139, "total_received":148, "bytes_tx":60, "bytes_rx":12, "r2n_latency":2054, "lqi":100, "rssi":-30, "server_sent":149, "server_received":287, "server_bytes_rx":60, "n2r_latency":1090, "hops":2, "rtt_latency":1202, "root_time_now":1631000}
[Mote:2] Sensor IPv6 = fe80::202:2:2:2
[Mote:1] {"node":"fd00::202:2:2:2", "cpu_energy_mj":18, "lpm_energy_mj":0, "radio_tx_energy_mj":0, "radio_rx_energy_mj":8, "node_time":1632143, "total_sent":154, "total_received":160, "bytes_tx":60, "bytes_rx":12, "r2n_latency":24, "lqi":100, "rssi":-52, "server_sent":161, "server_received":314, "server_bytes_rx":60, "n2r_latency":187, "hops":0, "rtt_latency":187, "root_time_now":1632330}
[Mote:3] Sensor IPv6 = fe80::203:3:3:3
[Mote:1] {"node":"fd00::203:3:3:3", "cpu_energy_mj":18, "lpm_energy_mj":0, "radio_tx_energy_mj":0, "radio_rx_energy_mj":8, "node_time":1632478, "total_sent":149, "total_received":152, "bytes_tx":60, "bytes_rx":12, "r2n_latency":664, "lqi":100, "rssi":-85, "server_sent":152, "server_received":301, "server_bytes_rx":60, "n2r_latency":622, "hops":1, "rtt_latency":1487, "root_time_now":1633100}
[Mote:4] Sensor IPv6 = fe80::204:4:4:4
[Mote:1] {"node":"fd00::204:4:4:4", "cpu_energy_mj":19, "lpm_energy_mj":0, "radio_tx_energy_mj":0, "radio_rx_energy_mj":8, "node_time":1636133, "total_sent":154, "total_received":161, "bytes_tx":60, "bytes_rx":12, "r2n_latency":104, "lqi":100, "rssi":-74, "server_sent":161, "server_received":315, "server_bytes_rx":60, "n2r_latency":47, "hops":0, "rtt_latency":122, "root_time_now":1636180}
[Mote:5] Sensor IPv6 = fe80::205:5:5:5
[Mote:1] {"node":"fd00::205:5:5:5", "cpu_energy_mj":19, "lpm_energy_mj":0, "radio_tx_energy_mj":0, "radio_rx_energy_mj":8, "node_time":1640704, "total_sent":140, "total_received":149, "bytes_tx":60, "bytes_rx":12, "r2n_latency":1154, "lqi":100, "rssi":-30, "server_sent":150, "server_received":289, "server_bytes_rx":60, "n2r_latency":586, "hops":2, "rtt_latency":1522, "root_time_now":1641290}
[Mote:2] Sensor IPv6 = fe80::202:2:2:2
[Mote:3] Sensor IPv6 = fe80::203:3:3:3
[Mote:1] {"node":"fd00::203:3:3:3", "cpu_energy_mj":18, "lpm_energy_mj":0, "radio_tx_energy_mj":0, "radio_rx_energy_mj":8, "node_time":1642742, "total_sent":150, "total_received":153, "bytes_tx":60, "bytes_rx":12, "r2n_latency":1864, "lqi":100, "rssi":-85, "server_sent":153, "server_received":303, "server_bytes_rx":60, "n2r_latency":1138, "hops":1, "rtt_latency":1877, "root_time_now":1643880}
[Mote:1] {"node":"fd00::202:2:2:2", "cpu_energy_mj":18, "lpm_energy_mj":0, "radio_tx_energy_mj":0, "radio_rx_energy_mj":8, "node_time":1642675, "total_sent":155, "total_received":162, "bytes_tx":60, "bytes_rx":12, "r2n_latency":44, "lqi":100, "rssi":-52, "server_sent":162, "server_received":317, "server_bytes_rx":60, "n2r_latency":1485, "hops":0, "rtt_latency":127, "root_time_now":1644160}
[Mote:4] Sensor IPv6 = fe80::204:4:4:4
[Mote:1] {"node":"fd00::204:4:4:4", "cpu_energy_mj":19, "lpm_energy_mj":0, "radio_tx_energy_mj":0, "radio_rx_energy_mj":8, "node_time":1646685, "total_sent":155, "total_received":162, "bytes_tx":60, "bytes_rx":12, "r2n_latency":394, "lqi":100, "rssi":-74, "server_sent":162, "server_received":317, "server_bytes_rx":60, "n2r_latency":65, "hops":0, "rtt_latency":267, "root_time_now":1646750}
[Mote:5] Sensor IPv6 = fe80::205:5:5:5
[Mote:1] {"node":"fd00::205:5:5:5", "cpu_energy_mj":19, "lpm_energy_mj":0, "radio_tx_energy_mj":0, "radio_rx_energy_mj":8, "node_time":1651496, "total_sent":141, "total_received":150, "bytes_tx":60, "bytes_rx":12, "r2n_latency":2424, "lqi":100, "rssi":-30, "server_sent":151, "server_received":291, "server_bytes_rx":60, "n2r_latency":644, "hops":2, "rtt_latency":1912, "root_time_now":1652140}
[Mote:3] Sensor IPv6 = fe80::203:3:3:3
[Mote:2] Sensor IPv6 = fe80::202:2:2:2
[Mote:1] {"node":"fd00::203:3:3:3", "cpu_energy_mj":18, "lpm_energy_mj":0, "radio_tx_energy_mj":0, "radio_rx_energy_mj":8, "node_time":1653005, "total_sent":151, "total_received":154, "bytes_tx":60, "bytes_rx":12, "r2n_latency":1874, "lqi":100, "rssi":-85, "server_sent":154, "server_received":305, "server_bytes_rx":60, "n2r_latency":325, "hops":1, "rtt_latency":1182, "root_time_now":1653330}
[Mote:1] {"node":"fd00::202:2:2:2", "cpu_energy_mj":18, "lpm_energy_mj":0, "radio_tx_energy_mj":0, "radio_rx_energy_mj":8, "node_time":1653206, "total_sent":156, "total_received":163, "bytes_tx":60, "bytes_rx":12, "r2n_latency":54, "lqi":100, "rssi":-52, "server_sent":163, "server_received":319, "server_bytes_rx":60, "n2r_latency":264, "hops":0, "rtt_latency":237, "root_time_now":1653470}
[Mote:4] Sensor IPv6 = fe80::204:4:4:4
[Mote:1] {"node":"fd00::204:4:4:4", "cpu_energy_mj":19, "lpm_energy_mj":0, "radio_tx_energy_mj":0, "radio_rx_energy_mj":8, "node_time":1657243, "total_sent":156, "total_received":163, "bytes_tx":60, "bytes_rx":12, "r2n_latency":194, "lqi":100, "rssi":-74, "server_sent":163, "server_received":319, "server_bytes_rx":60, "n2r_latency":7, "hops":0, "rtt_latency":272, "root_time_now":1657250}
[Mote:5] Sensor IPv6 = fe80::205:5:5:5
[Mote:1] {"node":"fd00::205:5:5:5", "cpu_energy_mj":19, "lpm_energy_mj":0, "radio_tx_energy_mj":0, "radio_rx_energy_mj":8, "node_time":1662286, "total_sent":142, "total_received":151, "bytes_tx":60, "bytes_rx":12, "r2n_latency":2994, "lqi":100, "rssi":-30, "server_sent":152, "server_received":293, "server_bytes_rx":60, "n2r_latency":284, "hops":2, "rtt_latency":1882, "root_time_now":1662570}
[Mote:3] Sensor IPv6 = fe80::203:3:3:3
[Mote:2] Sensor IPv6 = fe80::202:2:2:2
[Mote:1] {"node":"fd00::202:2:2:2", "cpu_energy_mj":18, "lpm_energy_mj":0, "radio_tx_energy_mj":0, "radio_rx_energy_mj":8, "node_time":1663737, "total_sent":157, "total_received":164, "bytes_tx":60, "bytes_rx":12, "r2n_latency":64, "lqi":100, "rssi":-52, "server_sent":164, "server_received":321, "server_bytes_rx":60, "n2r_latency":23, "hops":0, "rtt_latency":137, "root_time_now":1663760}
[Mote:1] {"node":"fd00::203:3:3:3", "cpu_energy_mj":18, "lpm_energy_mj":0, "radio_tx_energy_mj":0, "radio_rx_energy_mj":8, "node_time":1663270, "total_sent":152, "total_received":155, "bytes_tx":60, "bytes_rx":12, "r2n_latency":1464, "lqi":100, "rssi":-85, "server_sent":155, "server_received":307, "server_bytes_rx":60, "n2r_latency":700, "hops":1, "rtt_latency":1012, "root_time_now":1663970}
[Mote:4] Sensor IPv6 = fe80::204:4:4:4
[Mote:1] {"node":"fd00::204:4:4:4", "cpu_energy_mj":19, "lpm_energy_mj":0, "radio_tx_energy_mj":0, "radio_rx_energy_mj":8, "node_time":1667797, "total_sent":157, "total_received":164, "bytes_tx":60, "bytes_rx":12, "r2n_latency":344, "lqi":100, "rssi":-74, "server_sent":164, "server_received":321, "server_bytes_rx":60, "n2r_latency":23, "hops":0, "rtt_latency":417, "root_time_now":1667820}
[Mote:5] Sensor IPv6 = fe80::205:5:5:5
[Mote:3] Sensor IPv6 = fe80::203:3:3:3
[Mote:1] {"node":"fd00::205:5:5:5", "cpu_energy_mj":19, "lpm_energy_mj":0, "radio_tx_energy_mj":0, "radio_rx_energy_mj":8, "node_time":1673078, "total_sent":143, "total_received":153, "bytes_tx":60, "bytes_rx":12, "r2n_latency":1754, "lqi":100, "rssi":-30, "server_sent":153, "server_received":296, "server_bytes_rx":60, "n2r_latency":832, "hops":2, "rtt_latency":1927, "root_time_now":1673910}
[Mote:1] {"node":"fd00::203:3:3:3", "cpu_energy_mj":18, "lpm_energy_mj":0, "radio_tx_energy_mj":0, "radio_rx_energy_mj":8, "node_time":1673532, "total_sent":153, "total_received":156, "bytes_tx":60, "bytes_rx":12, "r2n_latency":1404, "lqi":100, "rssi":-85, "server_sent":156, "server_received":309, "server_bytes_rx":60, "n2r_latency":448, "hops":1, "rtt_latency":1892, "root_time_now":1673980}
[Mote:2] Sensor IPv6 = fe80::202:2:2:2
[Mote:1] {"node":"fd00::202:2:2:2", "cpu_energy_mj":18, "lpm_energy_mj":0, "radio_tx_energy_mj":0, "radio_rx_energy_mj":8, "node_time":1674268, "total_sent":158, "total_received":165, "bytes_tx":60, "bytes_rx":12, "r2n_latency":74, "lqi":100, "rssi":-52, "server_sent":165, "server_received":323, "server_bytes_rx":60, "n2r_latency":62, "hops":0, "rtt_latency":177, "root_time_now":1674330}
[Mote:4] Sensor IPv6 = fe80::204:4:4:4
[Mote:1] {"node":"fd00::204:4:4:4", "cpu_energy_mj":19, "lpm_energy_mj":0, "radio_tx_energy_mj":0, "radio_rx_energy_mj":8, "node_time":1678353, "total_sent":158, "total_received":165, "bytes_tx":60, "bytes_rx":12, "r2n_latency":214, "lqi":100, "rssi":-74, "server_sent":165, "server_received":323, "server_bytes_rx":60, "n2r_latency":37, "hops":0, "rtt_latency":282, "root_time_now":1678390}
[Mote:3] Sensor IPv6 = fe80::203:3:3:3
[Mote:5] Sensor IPv6 = fe80::205:5:5:5
[Mote:1] {"node":"fd00::203:3:3:3", "cpu_energy_mj":18, "lpm_energy_mj":0, "radio_tx_energy_mj":0, "radio_rx_energy_mj":8, "node_time":1683798, "total_sent":154, "total_received":157, "bytes_tx":60, "bytes_rx":12, "r2n_latency":644, "lqi":100, "rssi":-85, "server_sent":157, "server_received":311, "server_bytes_rx":60, "n2r_latency":402, "hops":1, "rtt_latency":1582, "root_time_now":1684200}
[Mote:1] {"node":"fd00::205:5:5:5", "cpu_energy_mj":19, "lpm_energy_mj":0, "radio_tx_energy_mj":0, "radio_rx_energy_mj":8, "node_time":1683870, "total_sent":144, "total_received":154, "bytes_tx":60, "bytes_rx":12, "r2n_latency":1414, "lqi":100, "rssi":-30, "server_sent":154, "server_received":298, "server_bytes_rx":60, "n2r_latency":540, "hops":2, "rtt_latency":1617, "root_time_now":1684410}
[Mote:2] Sensor IPv6 = fe80::202:2:2:2
[Mote:1] {"node":"fd00::202:2:2:2", "cpu_energy_mj":18, "lpm_energy_mj":0, "radio_tx_energy_mj":0, "radio_rx_energy_mj":8, "node_time":1684799, "total_sent":159, "total_received":166, "bytes_tx":60, "bytes_rx":12, "r2n_latency":14, "lqi":100, "rssi":-52, "server_sent":166, "server_received":325, "server_bytes_rx":60, "n2r_latency":31, "hops":0, "rtt_latency":77, "root_time_now":1684830}
[Mote:4] Sensor IPv6 = fe80::204:4:4:4
[Mote:1] {"node":"fd00::204:4:4:4", "cpu_energy_mj":19, "lpm_energy_mj":0, "radio_tx_energy_mj":0, "radio_rx_energy_mj":8, "node_time":1688909, "total_sent":159, "total_received":166, "bytes_tx":60, "bytes_rx":12, "r2n_latency":364, "lqi":100, "rssi":-74, "server_sent":166, "server_received":325, "server_bytes_rx":60, "n2r_latency":121, "hops":0, "rtt_latency":1547, "root_time_now":1689030}
[Mote:3] Sensor IPv6 = fe80::203:3:3:3
[Mote:1] {"node":"fd00::203:3:3:3", "cpu_energy_mj":18, "lpm_energy_mj":0, "radio_tx_energy_mj":0, "radio_rx_energy_mj":8, "node_time":1694062, "total_sent":155, "total_received":158, "bytes_tx":60, "bytes_rx":12, "r2n_latency":794, "lqi":100, "rssi":-85, "server_sent":158, "server_received":313, "server_bytes_rx":60, "n2r_latency":78, "hops":1, "rtt_latency":1202, "root_time_now":1694140}
[Mote:5] Sensor IPv6 = fe80::205:5:5:5
[Mote:1] {"node":"fd00::205:5:5:5", "cpu_energy_mj":19, "lpm_energy_mj":0, "radio_tx_energy_mj":0, "radio_rx_energy_mj":8, "node_time":1694664, "total_sent":145, "total_received":155, "bytes_tx":60, "bytes_rx":12, "r2n_latency":1144, "lqi":100, "rssi":-30, "server_sent":155, "server_received":300, "server_bytes_rx":60, "n2r_latency":176, "hops":2, "rtt_latency":1237, "root_time_now":1694840}
[Mote:2] Sensor IPv6 = fe80::202:2:2:2
[Mote:1] {"node":"fd00::202:2:2:2", "cpu_energy_mj":18, "lpm_energy_mj":0, "radio_tx_energy_mj":0, "radio_rx_energy_mj":8, "node_time":1695332, "total_sent":160, "total_received":167, "bytes_tx":60, "bytes_rx":12, "r2n_latency":24, "lqi":100, "rssi":-52, "server_sent":167, "server_received":327, "server_bytes_rx":60, "n2r_latency":68, "hops":0, "rtt_latency":117, "root_time_now":1695400}
[Mote:4] Sensor IPv6 = fe80::204:4:4:4
[Mote:1] {"node":"fd00::204:4:4:4", "cpu_energy_mj":19, "lpm_energy_mj":0, "radio_tx_energy_mj":0, "radio_rx_energy_mj":8, "node_time":1699465, "total_sent":160, "total_received":167, "bytes_tx":60, "bytes_rx":12, "r2n_latency":374, "lqi":100, "rssi":-74, "server_sent":167, "server_received":327, "server_bytes_rx":60, "n2r_latency":65, "hops":0, "rtt_latency":1167, "root_time_now":1699530}
[Mote:3] Sensor IPv6 = fe80::203:3:3:3
[Mote:1] {"node":"fd00::203:3:3:3", "cpu_energy_mj":18, "lpm_energy_mj":0, "radio_tx_energy_mj":0, "radio_rx_energy_mj":8, "node_time":1704326, "total_sent":156, "total_received":159, "bytes_tx":60, "bytes_rx":12, "r2n_latency":1014, "lqi":100, "rssi":-85, "server_sent":159, "server_received":315, "server_bytes_rx":60, "n2r_latency":104, "hops":1, "rtt_latency":612, "root_time_now":1704430}
[Mote:5] Sensor IPv6 = fe80::205:5:5:5
[Mote:1] {"node":"fd00::205:5:5:5", "cpu_energy_mj":19, "lpm_energy_mj":0, "radio_tx_energy_mj":0, "radio_rx_energy_mj":8, "node_time":1705456, "total_sent":146, "total_received":156, "bytes_tx":60, "bytes_rx":12, "r2n_latency":1784, "lqi":100, "rssi":-30, "server_sent":156, "server_received":302, "server_bytes_rx":60, "n2r_latency":164, "hops":2, "rtt_latency":997, "root_time_now":1705620}
[Mote:2] Sensor IPv6 = fe80::202:2:2:2
[Mote:1] {"node":"fd00::202:2:2:2", "cpu_energy_mj":18, "lpm_energy_mj":0, "radio_tx_energy_mj":0, "radio_rx_energy_mj":8, "node_time":1705861, "total_sent":161, "total_received":168, "bytes_tx":60, "bytes_rx":12, "r2n_latency":34, "lqi":100, "rssi":-52, "server_sent":168, "server_received":329, "server_bytes_rx":60, "n2r_latency":39, "hops":0, "rtt_latency":122, "root_time_now":1705900}
[Mote:4] Sensor IPv6 = fe80::204:4:4:4
[Mote:1] {"node":"fd00::204:4:4:4", "cpu_energy_mj":19, "lpm_energy_mj":0, "radio_tx_energy_mj":0, "radio_rx_energy_mj":8, "node_time":1710025, "total_sent":161, "total_received":168, "bytes_tx":60, "bytes_rx":12, "r2n_latency":314, "lqi":100, "rssi":-74, "server_sent":169, "server_received":329, "server_bytes_rx":60, "n2r_latency":1545, "hops":0, "rtt_latency":297, "root_time_now":1711570}
[Mote:3] Sensor IPv6 = fe80::203:3:3:3
[Mote:1] {"node":"fd00::203:3:3:3", "cpu_energy_mj":18, "lpm_energy_mj":0, "radio_tx_energy_mj":0, "radio_rx_energy_mj":8, "node_time":1714590, "total_sent":157, "total_received":160, "bytes_tx":60, "bytes_rx":12, "r2n_latency":1024, "lqi":100, "rssi":-85, "server_sent":160, "server_received":317, "server_bytes_rx":60, "n2r_latency":130, "hops":1, "rtt_latency":862, "root_time_now":1714720}
[Mote:5] Sensor IPv6 = fe80::205:5:5:5
[Mote:2] Sensor IPv6 = fe80::202:2:2:2
[Mote:1] {"node":"fd00::202:2:2:2", "cpu_energy_mj":18, "lpm_energy_mj":0, "radio_tx_energy_mj":0, "radio_rx_energy_mj":8, "node_time":1716392, "total_sent":162, "total_received":169, "bytes_tx":60, "bytes_rx":12, "r2n_latency":744, "lqi":100, "rssi":-52, "server_sent":169, "server_received":331, "server_bytes_rx":60, "n2r_latency":148, "hops":0, "rtt_latency":617, "root_time_now":1716540}
[Mote:1] {"node":"fd00::205:5:5:5", "cpu_energy_mj":19, "lpm_energy_mj":0, "radio_tx_energy_mj":0, "radio_rx_energy_mj":9, "node_time":1716246, "total_sent":147, "total_received":157, "bytes_tx":60, "bytes_rx":12, "r2n_latency":1934, "lqi":100, "rssi":-30, "server_sent":157, "server_received":304, "server_bytes_rx":60, "n2r_latency":434, "hops":2, "rtt_latency":1072, "root_time_now":1716680}
[Mote:4] Sensor IPv6 = fe80::204:4:4:4
[Mote:1] {"node":"fd00::204:4:4:4", "cpu_energy_mj":19, "lpm_energy_mj":0, "radio_tx_energy_mj":0, "radio_rx_energy_mj":8, "node_time":1720579, "total_sent":162, "total_received":170, "bytes_tx":60, "bytes_rx":12, "r2n_latency":264, "lqi":100, "rssi":-74, "server_sent":170, "server_received":332, "server_bytes_rx":60, "n2r_latency":1701, "hops":0, "rtt_latency":1112, "root_time_now":1722280}
[Mote:3] Sensor IPv6 = fe80::203:3:3:3
[Mote:1] {"node":"fd00::203:3:3:3", "cpu_energy_mj":18, "lpm_energy_mj":0, "radio_tx_energy_mj":0, "radio_rx_energy_mj":8, "node_time":1724856, "total_sent":158, "total_received":161, "bytes_tx":60, "bytes_rx":12, "r2n_latency":824, "lqi":100, "rssi":-85, "server_sent":161, "server_received":319, "server_bytes_rx":60, "n2r_latency":84, "hops":1, "rtt_latency":1182, "root_time_now":1724940}
[Mote:2] Sensor IPv6 = fe80::202:2:2:2
[Mote:1] {"node":"fd00::202:2:2:2", "cpu_energy_mj":18, "lpm_energy_mj":0, "radio_tx_energy_mj":0, "radio_rx_energy_mj":8, "node_time":1726925, "total_sent":163, "total_received":170, "bytes_tx":60, "bytes_rx":12, "r2n_latency":54, "lqi":100, "rssi":-52, "server_sent":170, "server_received":333, "server_bytes_rx":60, "n2r_latency":45, "hops":0, "rtt_latency":867, "root_time_now":1726970}
[Mote:5] Sensor IPv6 = fe80::205:5:5:5
[Mote:1] {"node":"fd00::205:5:5:5", "cpu_energy_mj":19, "lpm_energy_mj":0, "radio_tx_energy_mj":0, "radio_rx_energy_mj":8, "node_time":1727039, "total_sent":148, "total_received":158, "bytes_tx":60, "bytes_rx":12, "r2n_latency":1174, "lqi":100, "rssi":-30, "server_sent":158, "server_received":306, "server_bytes_rx":60, "n2r_latency":211, "hops":2, "rtt_latency":1217, "root_time_now":1727250}
[Mote:4] Sensor IPv6 = fe80::204:4:4:4
[Mote:1] {"node":"fd00::204:4:4:4", "cpu_energy_mj":19, "lpm_energy_mj":0, "radio_tx_energy_mj":0, "radio_rx_energy_mj":8, "node_time":1731135, "total_sent":163, "total_received":171, "bytes_tx":60, "bytes_rx":12, "r2n_latency":414, "lqi":100, "rssi":-74, "server_sent":171, "server_received":334, "server_bytes_rx":60, "n2r_latency":525, "hops":0, "rtt_latency":662, "root_time_now":1731660}
[Mote:3] Sensor IPv6 = fe80::203:3:3:3
[Mote:1] {"node":"fd00::203:3:3:3", "cpu_energy_mj":18, "lpm_energy_mj":0, "radio_tx_energy_mj":0, "radio_rx_energy_mj":8, "node_time":1735118, "total_sent":159, "total_received":162, "bytes_tx":60, "bytes_rx":12, "r2n_latency":694, "lqi":100, "rssi":-85, "server_sent":162, "server_received":321, "server_bytes_rx":60, "n2r_latency":112, "hops":1, "rtt_latency":802, "root_time_now":1735230}
[Mote:2] Sensor IPv6 = fe80::202:2:2:2
[Mote:1] {"node":"fd00::202:2:2:2", "cpu_energy_mj":18, "lpm_energy_mj":0, "radio_tx_energy_mj":0, "radio_rx_energy_mj":8, "node_time":1737454, "total_sent":164, "total_received":171, "bytes_tx":60, "bytes_rx":12, "r2n_latency":64, "lqi":100, "rssi":-52, "server_sent":171, "server_received":335, "server_bytes_rx":60, "n2r_latency":16, "hops":0, "rtt_latency":137, "root_time_now":1737470}
[Mote:5] Sensor IPv6 = fe80::205:5:5:5
[Mote:1] {"node":"fd00::205:5:5:5", "cpu_energy_mj":19, "lpm_energy_mj":0, "radio_tx_energy_mj":0, "radio_rx_energy_mj":8, "node_time":1737832, "total_sent":149, "total_received":159, "bytes_tx":60, "bytes_rx":12, "r2n_latency":974, "lqi":100, "rssi":-30, "server_sent":159, "server_received":308, "server_bytes_rx":60, "n2r_latency":198, "hops":2, "rtt_latency":872, "root_time_now":1738030}
[Mote:4] Sensor IPv6 = fe80::204:4:4:4
[Mote:1] {"node":"fd00::204:4:4:4", "cpu_energy_mj":19, "lpm_energy_mj":0, "radio_tx_energy_mj":0, "radio_rx_energy_mj":8, "node_time":1741691, "total_sent":164, "total_received":172, "bytes_tx":60, "bytes_rx":12, "r2n_latency":354, "lqi":100, "rssi":-74, "server_sent":172, "server_received":336, "server_bytes_rx":60, "n2r_latency":259, "hops":0, "rtt_latency":842, "root_time_now":1741950}
[Mote:3] Sensor IPv6 = fe80::203:3:3:3
[Mote:1] {"node":"fd00::203:3:3:3", "cpu_energy_mj":18, "lpm_energy_mj":0, "radio_tx_energy_mj":0, "radio_rx_energy_mj":8, "node_time":1745382, "total_sent":160, "total_received":163, "bytes_tx":60, "bytes_rx":12, "r2n_latency":704, "lqi":100, "rssi":-85, "server_sent":163, "server_received":323, "server_bytes_rx":60, "n2r_latency":138, "hops":1, "rtt_latency":947, "root_time_now":1745520}
[Mote:2] Sensor IPv6 = fe80::202:2:2:2
[Mote:1] {"node":"fd00::202:2:2:2", "cpu_energy_mj":18, "lpm_energy_mj":0, "radio_tx_energy_mj":0, "radio_rx_energy_mj":8, "node_time":1747985, "total_sent":165, "total_received":172, "bytes_tx":60, "bytes_rx":12, "r2n_latency":74, "lqi":100, "rssi":-52, "server_sent":172, "server_received":337, "server_bytes_rx":60, "n2r_latency":55, "hops":0, "rtt_latency":1822, "root_time_now":1748040}
[Mote:5] Sensor IPv6 = fe80::205:5:5:5
[Mote:1] {"node":"fd00::205:5:5:5", "cpu_energy_mj":19, "lpm_energy_mj":0, "radio_tx_energy_mj":0, "radio_rx_energy_mj":8, "node_time":1748624, "total_sent":150, "total_received":160, "bytes_tx":60, "bytes_rx":12, "r2n_latency":1544, "lqi":100, "rssi":-30, "server_sent":160, "server_received":310, "server_bytes_rx":60, "n2r_latency":186, "hops":2, "rtt_latency":1157, "root_time_now":1748810}
[Mote:4] Sensor IPv6 = fe80::204:4:4:4
[Mote:1] {"node":"fd00::204:4:4:4", "cpu_energy_mj":19, "lpm_energy_mj":0, "radio_tx_energy_mj":0, "radio_rx_energy_mj":8, "node_time":1752247, "total_sent":165, "total_received":173, "bytes_tx":60, "bytes_rx":12, "r2n_latency":644, "lqi":100, "rssi":-74, "server_sent":173, "server_received":338, "server_bytes_rx":60, "n2r_latency":63, "hops":0, "rtt_latency":462, "root_time_now":1752310}
[Mote:3] Sensor IPv6 = fe80::203:3:3:3
[Mote:1] {"node":"fd00::203:3:3:3", "cpu_energy_mj":18, "lpm_energy_mj":0, "radio_tx_energy_mj":0, "radio_rx_energy_mj":8, "node_time":1755646, "total_sent":161, "total_received":164, "bytes_tx":60, "bytes_rx":12, "r2n_latency":1134, "lqi":100, "rssi":-85, "server_sent":164, "server_received":325, "server_bytes_rx":60, "n2r_latency":94, "hops":1, "rtt_latency":707, "root_time_now":1755740}
[Mote:2] Sensor IPv6 = fe80::202:2:2:2
[Mote:1] {"node":"fd00::202:2:2:2", "cpu_energy_mj":18, "lpm_energy_mj":0, "radio_tx_energy_mj":0, "radio_rx_energy_mj":8, "node_time":1758516, "total_sent":166, "total_received":173, "bytes_tx":60, "bytes_rx":12, "r2n_latency":84, "lqi":100, "rssi":-52, "server_sent":173, "server_received":339, "server_bytes_rx":60, "n2r_latency":24, "hops":0, "rtt_latency":252, "root_time_now":1758540}
[Mote:5] Sensor IPv6 = fe80::205:5:5:5
[Mote:1] {"node":"fd00::205:5:5:5", "cpu_energy_mj":19, "lpm_energy_mj":0, "radio_tx_energy_mj":0, "radio_rx_energy_mj":8, "node_time":1759416, "total_sent":151, "total_received":161, "bytes_tx":60, "bytes_rx":12, "r2n_latency":1554, "lqi":100, "rssi":-30, "server_sent":161, "server_received":312, "server_bytes_rx":60, "n2r_latency":174, "hops":2, "rtt_latency":882, "root_time_now":1759590}
[Mote:4] Sensor IPv6 = fe80::204:4:4:4
[Mote:1] {"node":"fd00::204:4:4:4", "cpu_energy_mj":19, "lpm_energy_mj":0, "radio_tx_energy_mj":0, "radio_rx_energy_mj":8, "node_time":1762803, "total_sent":166, "total_received":174, "bytes_tx":60, "bytes_rx":12, "r2n_latency":164, "lqi":100, "rssi":-74, "server_sent":174, "server_received":340, "server_bytes_rx":60, "n2r_latency":7, "hops":0, "rtt_latency":222, "root_time_now":1762810}
[Mote:3] Sensor IPv6 = fe80::203:3:3:3
[Mote:1] {"node":"fd00::203:3:3:3", "cpu_energy_mj":18, "lpm_energy_mj":0, "radio_tx_energy_mj":0, "radio_rx_energy_mj":8, "node_time":1765912, "total_sent":162, "total_received":165, "bytes_tx":60, "bytes_rx":12, "r2n_latency":864, "lqi":100, "rssi":-85, "server_sent":165, "server_received":327, "server_bytes_rx":60, "n2r_latency":258, "hops":1, "rtt_latency":607, "root_time_now":1766170}
[Mote:2] Sensor IPv6 = fe80::202:2:2:2
[Mote:1] {"node":"fd00::202:2:2:2", "cpu_energy_mj":18, "lpm_energy_mj":0, "radio_tx_energy_mj":0, "radio_rx_energy_mj":8, "node_time":1769049, "total_sent":167, "total_received":174, "bytes_tx":60, "bytes_rx":12, "r2n_latency":24, "lqi":100, "rssi":-52, "server_sent":174, "server_received":341, "server_bytes_rx":60, "n2r_latency":61, "hops":0, "rtt_latency":957, "root_time_now":1769110}
[Mote:5] Sensor IPv6 = fe80::205:5:5:5
[Mote:1] {"node":"fd00::205:5:5:5", "cpu_energy_mj":19, "lpm_energy_mj":0, "radio_tx_energy_mj":0, "radio_rx_energy_mj":8, "node_time":1770206, "total_sent":152, "total_received":162, "bytes_tx":60, "bytes_rx":12, "r2n_latency":1354, "lqi":100, "rssi":-30, "server_sent":163, "server_received":314, "server_bytes_rx":60, "n2r_latency":934, "hops":2, "rtt_latency":782, "root_time_now":1771140}
[Mote:4] Sensor IPv6 = fe80::204:4:4:4
[Mote:1] {"node":"fd00::204:4:4:4", "cpu_energy_mj":19, "lpm_energy_mj":0, "radio_tx_energy_mj":0, "radio_rx_energy_mj":8, "node_time":1773359, "total_sent":167, "total_received":175, "bytes_tx":60, "bytes_rx":12, "r2n_latency":1294, "lqi":100, "rssi":-74, "server_sent":175, "server_received":342, "server_bytes_rx":60, "n2r_latency":21, "hops":0, "rtt_latency":717, "root_time_now":1773380}
[Mote:3] Sensor IPv6 = fe80::203:3:3:3
[Mote:1] {"node":"fd00::203:3:3:3", "cpu_energy_mj":18, "lpm_energy_mj":0, "radio_tx_energy_mj":0, "radio_rx_energy_mj":8, "node_time":1776174, "total_sent":163, "total_received":166, "bytes_tx":60, "bytes_rx":12, "r2n_latency":2274, "lqi":100, "rssi":-85, "server_sent":166, "server_received":329, "server_bytes_rx":60, "n2r_latency":76, "hops":1, "rtt_latency":1417, "root_time_now":1776250}
[Mote:2] Sensor IPv6 = fe80::202:2:2:2
[Mote:1] {"node":"fd00::202:2:2:2", "cpu_energy_mj":18, "lpm_energy_mj":0, "radio_tx_energy_mj":0, "radio_rx_energy_mj":8, "node_time":1779578, "total_sent":168, "total_received":175, "bytes_tx":60, "bytes_rx":12, "r2n_latency":34, "lqi":100, "rssi":-52, "server_sent":175, "server_received":343, "server_bytes_rx":60, "n2r_latency":32, "hops":0, "rtt_latency":192, "root_time_now":1779610}
[Mote:5] Sensor IPv6 = fe80::205:5:5:5
[Mote:1] {"node":"fd00::205:5:5:5", "cpu_energy_mj":19, "lpm_energy_mj":0, "radio_tx_energy_mj":0, "radio_rx_energy_mj":8, "node_time":1781000, "total_sent":153, "total_received":163, "bytes_tx":60, "bytes_rx":12, "r2n_latency":2974, "lqi":100, "rssi":-30, "server_sent":164, "server_received":316, "server_bytes_rx":60, "n2r_latency":500, "hops":2, "rtt_latency":1592, "root_time_now":1781500}
[Mote:4] Sensor IPv6 = fe80::204:4:4:4
[Mote:1] {"node":"fd00::204:4:4:4", "cpu_energy_mj":19, "lpm_energy_mj":0, "radio_tx_energy_mj":0, "radio_rx_energy_mj":8, "node_time":1783915, "total_sent":168, "total_received":176, "bytes_tx":60, "bytes_rx":12, "r2n_latency":464, "lqi":100, "rssi":-74, "server_sent":176, "server_received":344, "server_bytes_rx":60, "n2r_latency":35, "hops":0, "rtt_latency":372, "root_time_now":1783950}
[Mote:3] Sensor IPv6 = fe80::203:3:3:3
[Mote:1] {"node":"fd00::203:3:3:3", "cpu_energy_mj":18, "lpm_energy_mj":0, "radio_tx_energy_mj":0, "radio_rx_energy_mj":8, "node_time":1786438, "total_sent":164, "total_received":167, "bytes_tx":60, "bytes_rx":12, "r2n_latency":884, "lqi":100, "rssi":-85, "server_sent":167, "server_received":331, "server_bytes_rx":60, "n2r_latency":102, "hops":1, "rtt_latency":582, "root_time_now":1786540}
[Mote:2] Sensor IPv6 = fe80::202:2:2:2
[Mote:1] {"node":"fd00::202:2:2:2", "cpu_energy_mj":18, "lpm_energy_mj":0, "radio_tx_energy_mj":0, "radio_rx_energy_mj":8, "node_time":1790109, "total_sent":169, "total_received":177, "bytes_tx":60, "bytes_rx":12, "r2n_latency":54, "lqi":100, "rssi":-52, "server_sent":177, "server_received":346, "server_bytes_rx":60, "n2r_latency":211, "hops":0, "rtt_latency":132, "root_time_now":1790320}
[Mote:5] Sensor IPv6 = fe80::205:5:5:5
[Mote:1] {"node":"fd00::205:5:5:5", "cpu_energy_mj":19, "lpm_energy_mj":0, "radio_tx_energy_mj":0, "radio_rx_energy_mj":8, "node_time":1791790, "total_sent":154, "total_received":165, "bytes_tx":60, "bytes_rx":12, "r2n_latency":1664, "lqi":100, "rssi":-30, "server_sent":165, "server_received":319, "server_bytes_rx":60, "n2r_latency":840, "hops":2, "rtt_latency":1217, "root_time_now":1792630}
[Mote:4] Sensor IPv6 = fe80::204:4:4:4
[Mote:1] {"node":"fd00::204:4:4:4", "cpu_energy_mj":19, "lpm_energy_mj":0, "radio_tx_energy_mj":0, "radio_rx_energy_mj":8, "node_time":1794473, "total_sent":169, "total_received":177, "bytes_tx":60, "bytes_rx":12, "r2n_latency":404, "lqi":100, "rssi":-74, "server_sent":177, "server_received":346, "server_bytes_rx":60, "n2r_latency":47, "hops":0, "rtt_latency":447, "root_time_now":1794520}
[Mote:3] Sensor IPv6 = fe80::203:3:3:3
[Mote:1] {"node":"fd00::203:3:3:3", "cpu_energy_mj":18, "lpm_energy_mj":0, "radio_tx_energy_mj":0, "radio_rx_energy_mj":8, "node_time":1796700, "total_sent":165, "total_received":168, "bytes_tx":60, "bytes_rx":12, "r2n_latency":964, "lqi":100, "rssi":-85, "server_sent":168, "server_received":333, "server_bytes_rx":60, "n2r_latency":130, "hops":1, "rtt_latency":657, "root_time_now":1796830}
[Mote:2] Sensor IPv6 = fe80::202:2:2:2
[Mote:1] {"node":"fd00::202:2:2:2", "cpu_energy_mj":18, "lpm_energy_mj":0, "radio_tx_energy_mj":0, "radio_rx_energy_mj":8, "node_time":1800640, "total_sent":170, "total_received":178, "bytes_tx":60, "bytes_rx":12, "r2n_latency":64, "lqi":100, "rssi":-52, "server_sent":178, "server_received":348, "server_bytes_rx":60, "n2r_latency":460, "hops":0, "rtt_latency":487, "root_time_now":1801100}
[Mote:5] Sensor IPv6 = fe80::205:5:5:5
[Mote:1] {"node":"fd00::205:5:5:5", "cpu_energy_mj":19, "lpm_energy_mj":0, "radio_tx_energy_mj":0, "radio_rx_energy_mj":8, "node_time":1802582, "total_sent":155, "total_received":166, "bytes_tx":60, "bytes_rx":12, "r2n_latency":1184, "lqi":100, "rssi":-30, "server_sent":166, "server_received":321, "server_bytes_rx":60, "n2r_latency":198, "hops":2, "rtt_latency":1257, "root_time_now":1802780}
[Mote:4] Sensor IPv6 = fe80::204:4:4:4
[Mote:1] {"node":"fd00::204:4:4:4", "cpu_energy_mj":19, "lpm_energy_mj":0, "radio_tx_energy_mj":0, "radio_rx_energy_mj":8, "node_time":1805025, "total_sent":170, "total_received":178, "bytes_tx":60, "bytes_rx":12, "r2n_latency":204, "lqi":100, "rssi":-74, "server_sent":178, "server_received":348, "server_bytes_rx":60, "n2r_latency":65, "hops":0, "rtt_latency":1187, "root_time_now":1805090}
[Mote:3] Sensor IPv6 = fe80::203:3:3:3
[Mote:1] {"node":"fd00::203:3:3:3", "cpu_energy_mj":18, "lpm_energy_mj":0, "radio_tx_energy_mj":0, "radio_rx_energy_mj":8, "node_time":1806968, "total_sent":166, "total_received":169, "bytes_tx":60, "bytes_rx":12, "r2n_latency":554, "lqi":100, "rssi":-85, "server_sent":169, "server_received":335, "server_bytes_rx":60, "n2r_latency":82, "hops":1, "rtt_latency":1222, "root_time_now":1807050}
[Mote:2] Sensor IPv6 = fe80::202:2:2:2
[Mote:1] {"node":"fd00::202:2:2:2", "cpu_energy_mj":18, "lpm_energy_mj":0, "radio_tx_energy_mj":0, "radio_rx_energy_mj":8, "node_time":1811171, "total_sent":171, "total_received":179, "bytes_tx":60, "bytes_rx":12, "r2n_latency":74, "lqi":100, "rssi":-52, "server_sent":179, "server_received":350, "server_bytes_rx":60, "n2r_latency":289, "hops":0, "rtt_latency":107, "root_time_now":1811460}
[Mote:5] Sensor IPv6 = fe80::205:5:5:5
[Mote:1] {"node":"fd00::205:5:5:5", "cpu_energy_mj":19, "lpm_energy_mj":0, "radio_tx_energy_mj":0, "radio_rx_energy_mj":9, "node_time":1813376, "total_sent":156, "total_received":167, "bytes_tx":60, "bytes_rx":12, "r2n_latency":1824, "lqi":100, "rssi":-30, "server_sent":167, "server_received":323, "server_bytes_rx":60, "n2r_latency":184, "hops":2, "rtt_latency":1017, "root_time_now":1813560}
[Mote:4] Sensor IPv6 = fe80::204:4:4:4
[Mote:1] {"node":"fd00::204:4:4:4", "cpu_energy_mj":19, "lpm_energy_mj":0, "radio_tx_energy_mj":0, "radio_rx_energy_mj":8, "node_time":1815583, "total_sent":171, "total_received":179, "bytes_tx":60, "bytes_rx":12, "r2n_latency":424, "lqi":100, "rssi":-74, "server_sent":179, "server_received":350, "server_bytes_rx":60, "n2r_latency":7, "hops":0, "rtt_latency":352, "root_time_now":1815590}
[Mote:3] Sensor IPv6 = fe80::203:3:3:3
[Mote:1] {"node":"fd00::203:3:3:3", "cpu_energy_mj":18, "lpm_energy_mj":0, "radio_tx_energy_mj":0, "radio_rx_energy_mj":8, "node_time":1817230, "total_sent":167, "total_received":170, "bytes_tx":60, "bytes_rx":12, "r2n_latency":774, "lqi":100, "rssi":-85, "server_sent":170, "server_received":337, "server_bytes_rx":60, "n2r_latency":110, "hops":1, "rtt_latency":842, "root_time_now":1817340}
[Mote:2] Sensor IPv6 = fe80::202:2:2:2
[Mote:1] {"node":"fd00::202:2:2:2", "cpu_energy_mj":18, "lpm_energy_mj":0, "radio_tx_energy_mj":0, "radio_rx_energy_mj":8, "node_time":1821704, "total_sent":172, "total_received":180, "bytes_tx":60, "bytes_rx":12, "r2n_latency":14, "lqi":100, "rssi":-52, "server_sent":180, "server_received":352, "server_bytes_rx":60, "n2r_latency":46, "hops":0, "rtt_latency":427, "root_time_now":1821750}
[Mote:5] Sensor IPv6 = fe80::205:5:5:5
[Mote:1] {"node":"fd00::205:5:5:5", "cpu_energy_mj":19, "lpm_energy_mj":0, "radio_tx_energy_mj":0, "radio_rx_energy_mj":8, "node_time":1824166, "total_sent":157, "total_received":168, "bytes_tx":60, "bytes_rx":12, "r2n_latency":2604, "lqi":100, "rssi":-30, "server_sent":168, "server_received":325, "server_bytes_rx":60, "n2r_latency":944, "hops":2, "rtt_latency":2247, "root_time_now":1825110}
[Mote:4] Sensor IPv6 = fe80::204:4:4:4
[Mote:1] {"node":"fd00::204:4:4:4", "cpu_energy_mj":19, "lpm_energy_mj":0, "radio_tx_energy_mj":0, "radio_rx_energy_mj":8, "node_time":1826137, "total_sent":172, "total_received":180, "bytes_tx":60, "bytes_rx":12, "r2n_latency":294, "lqi":100, "rssi":-74, "server_sent":180, "server_received":352, "server_bytes_rx":60, "n2r_latency":23, "hops":0, "rtt_latency":252, "root_time_now":1826160}
[Mote:3] Sensor IPv6 = fe80::203:3:3:3
[Mote:1] {"node":"fd00::203:3:3:3", "cpu_energy_mj":18, "lpm_energy_mj":0, "radio_tx_energy_mj":0, "radio_rx_energy_mj":8, "node_time":1827492, "total_sent":168, "total_received":171, "bytes_tx":60, "bytes_rx":12, "r2n_latency":2184, "lqi":100, "rssi":-85, "server_sent":171, "server_received":339, "server_bytes_rx":60, "n2r_latency":138, "hops":1, "rtt_latency":1967, "root_time_now":1827630}
[Mote:2] Sensor IPv6 = fe80::202:2:2:2
[Mote:1] {"node":"fd00::202:2:2:2", "cpu_energy_mj":18, "lpm_energy_mj":0, "radio_tx_energy_mj":0, "radio_rx_energy_mj":8, "node_time":1832233, "total_sent":173, "total_received":181, "bytes_tx":60, "bytes_rx":12, "r2n_latency":24, "lqi":100, "rssi":-52, "server_sent":181, "server_received":354, "server_bytes_rx":60, "n2r_latency":17, "hops":0, "rtt_latency":222, "root_time_now":1832250}
[Mote:5] Sensor IPv6 = fe80::205:5:5:5
[Mote:1] {"node":"fd00::205:5:5:5", "cpu_energy_mj":19, "lpm_energy_mj":0, "radio_tx_energy_mj":0, "radio_rx_energy_mj":8, "node_time":1834958, "total_sent":158, "total_received":169, "bytes_tx":60, "bytes_rx":12, "r2n_latency":1494, "lqi":100, "rssi":-30, "server_sent":169, "server_received":327, "server_bytes_rx":60, "n2r_latency":162, "hops":2, "rtt_latency":1062, "root_time_now":1835120}
[Mote:4] Sensor IPv6 = fe80::204:4:4:4
[Mote:1] {"node":"fd00::204:4:4:4", "cpu_energy_mj":19, "lpm_energy_mj":0, "radio_tx_energy_mj":0, "radio_rx_energy_mj":8, "node_time":1836697, "total_sent":173, "total_received":181, "bytes_tx":60, "bytes_rx":12, "r2n_latency":654, "lqi":100, "rssi":-74, "server_sent":181, "server_received":354, "server_bytes_rx":60, "n2r_latency":33, "hops":0, "rtt_latency":992, "root_time_now":1836730}
[Mote:3] Sensor IPv6 = fe80::203:3:3:3
[Mote:1] {"node":"fd00::203:3:3:3", "cpu_energy_mj":18, "lpm_energy_mj":0, "radio_tx_energy_mj":0, "radio_rx_energy_mj":8, "node_time":1837756, "total_sent":169, "total_received":172, "bytes_tx":60, "bytes_rx":12, "r2n_latency":1284, "lqi":100, "rssi":-85, "server_sent":172, "server_received":341, "server_bytes_rx":60, "n2r_latency":94, "hops":1, "rtt_latency":1027, "root_time_now":1837850}
[Mote:2] Sensor IPv6 = fe80::202:2:2:2
[Mote:1] {"node":"fd00::202:2:2:2", "cpu_energy_mj":18, "lpm_energy_mj":0, "radio_tx_energy_mj":0, "radio_rx_energy_mj":8, "node_time":1842764, "total_sent":174, "total_received":182, "bytes_tx":60, "bytes_rx":12, "r2n_latency":34, "lqi":100, "rssi":-52, "server_sent":182, "server_received":356, "server_bytes_rx":60, "n2r_latency":56, "hops":0, "rtt_latency":402, "root_time_now":1842820}
[Mote:5] Sensor IPv6 = fe80::205:5:5:5
[Mote:1] {"node":"fd00::205:5:5:5", "cpu_energy_mj":19, "lpm_energy_mj":0, "radio_tx_energy_mj":0, "radio_rx_energy_mj":8, "node_time":1845750, "total_sent":159, "total_received":170, "bytes_tx":60, "bytes_rx":12, "r2n_latency":2274, "lqi":100, "rssi":-30, "server_sent":170, "server_received":329, "server_bytes_rx":60, "n2r_latency":150, "hops":2, "rtt_latency":1277, "root_time_now":1845900}
[Mote:4] Sensor IPv6 = fe80::204:4:4:4
[Mote:1] {"node":"fd00::204:4:4:4", "cpu_energy_mj":19, "lpm_energy_mj":0, "radio_tx_energy_mj":0, "radio_rx_energy_mj":8, "node_time":1847249, "total_sent":174, "total_received":182, "bytes_tx":60, "bytes_rx":12, "r2n_latency":314, "lqi":100, "rssi":-74, "server_sent":182, "server_received":356, "server_bytes_rx":60, "n2r_latency":51, "hops":0, "rtt_latency":297, "root_time_now":1847300}
[Mote:3] Sensor IPv6 = fe80::203:3:3:3
[Mote:1] {"node":"fd00::203:3:3:3", "cpu_energy_mj":18, "lpm_energy_mj":0, "radio_tx_energy_mj":0, "radio_rx_energy_mj":8, "node_time":1848020, "total_sent":170, "total_received":173, "bytes_tx":60, "bytes_rx":12, "r2n_latency":1224, "lqi":100, "rssi":-85, "server_sent":173, "server_received":343, "server_bytes_rx":60, "n2r_latency":120, "hops":1, "rtt_latency":1067, "root_time_now":1848140}
[Mote:2] Sensor IPv6 = fe80::202:2:2:2
[Mote:1] {"node":"fd00::202:2:2:2", "cpu_energy_mj":18, "lpm_energy_mj":0, "radio_tx_energy_mj":0, "radio_rx_energy_mj":8, "node_time":1853295, "total_sent":175, "total_received":183, "bytes_tx":60, "bytes_rx":12, "r2n_latency":44, "lqi":100, "rssi":-52, "server_sent":183, "server_received":358, "server_bytes_rx":60, "n2r_latency":25, "hops":0, "rtt_latency":582, "root_time_now":1853320}
[Mote:5] Sensor IPv6 = fe80::205:5:5:5
[Mote:1] {"node":"fd00::205:5:5:5", "cpu_energy_mj":19, "lpm_energy_mj":0, "radio_tx_energy_mj":0, "radio_rx_energy_mj":9, "node_time":1856542, "total_sent":160, "total_received":171, "bytes_tx":60, "bytes_rx":12, "r2n_latency":1374, "lqi":100, "rssi":-30, "server_sent":171, "server_received":331, "server_bytes_rx":60, "n2r_latency":278, "hops":2, "rtt_latency":1107, "root_time_now":1856820}
[Mote:4] Sensor IPv6 = fe80::204:4:4:4
[Mote:1] {"node":"fd00::204:4:4:4", "cpu_energy_mj":19, "lpm_energy_mj":0, "radio_tx_energy_mj":0, "radio_rx_energy_mj":8, "node_time":1857805, "total_sent":175, "total_received":183, "bytes_tx":60, "bytes_rx":12, "r2n_latency":324, "lqi":100, "rssi":-74, "server_sent":183, "server_received":358, "server_bytes_rx":60, "n2r_latency":65, "hops":0, "rtt_latency":1037, "root_time_now":1857870}
[Mote:3] Sensor IPv6 = fe80::203:3:3:3
[Mote:1] {"node":"fd00::203:3:3:3", "cpu_energy_mj":18, "lpm_energy_mj":0, "radio_tx_energy_mj":0, "radio_rx_energy_mj":8, "node_time":1858284, "total_sent":171, "total_received":174, "bytes_tx":60, "bytes_rx":12, "r2n_latency":744, "lqi":100, "rssi":-85, "server_sent":174, "server_received":345, "server_bytes_rx":60, "n2r_latency":146, "hops":1, "rtt_latency":1072, "root_time_now":1858430}
[Mote:2] Sensor IPv6 = fe80::202:2:2:2
[Mote:1] {"node":"fd00::202:2:2:2", "cpu_energy_mj":18, "lpm_energy_mj":0, "radio_tx_energy_mj":0, "radio_rx_energy_mj":8, "node_time":1863826, "total_sent":176, "total_received":184, "bytes_tx":60, "bytes_rx":12, "r2n_latency":54, "lqi":100, "rssi":-52, "server_sent":184, "server_received":360, "server_bytes_rx":60, "n2r_latency":64, "hops":0, "rtt_latency":412, "root_time_now":1863890}
[Mote:5] Sensor IPv6 = fe80::205:5:5:5
[Mote:1] {"node":"fd00::205:5:5:5", "cpu_energy_mj":19, "lpm_energy_mj":0, "radio_tx_energy_mj":0, "radio_rx_energy_mj":9, "node_time":1867334, "total_sent":161, "total_received":172, "bytes_tx":60, "bytes_rx":12, "r2n_latency":1944, "lqi":100, "rssi":-30, "server_sent":172, "server_received":333, "server_bytes_rx":60, "n2r_latency":196, "hops":2, "rtt_latency":1077, "root_time_now":1867530}
[Mote:4] Sensor IPv6 = fe80::204:4:4:4
[Mote:1] {"node":"fd00::204:4:4:4", "cpu_energy_mj":19, "lpm_energy_mj":0, "radio_tx_energy_mj":0, "radio_rx_energy_mj":8, "node_time":1868361, "total_sent":176, "total_received":184, "bytes_tx":60, "bytes_rx":12, "r2n_latency":614, "lqi":100, "rssi":-74, "server_sent":184, "server_received":360, "server_bytes_rx":60, "n2r_latency":9, "hops":0, "rtt_latency":377, "root_time_now":1868370}
[Mote:3] Sensor IPv6 = fe80::203:3:3:3
[Mote:1] {"node":"fd00::203:3:3:3", "cpu_energy_mj":18, "lpm_energy_mj":0, "radio_tx_energy_mj":0, "radio_rx_energy_mj":8, "node_time":1868548, "total_sent":172, "total_received":175, "bytes_tx":60, "bytes_rx":12, "r2n_latency":1314, "lqi":100, "rssi":-85, "server_sent":175, "server_received":347, "server_bytes_rx":60, "n2r_latency":102, "hops":1, "rtt_latency":867, "root_time_now":1868650}
[Mote:2] Sensor IPv6 = fe80::202:2:2:2
[Mote:1] {"node":"fd00::202:2:2:2", "cpu_energy_mj":18, "lpm_energy_mj":0, "radio_tx_energy_mj":0, "radio_rx_energy_mj":8, "node_time":1874357, "total_sent":177, "total_received":185, "bytes_tx":60, "bytes_rx":12, "r2n_latency":64, "lqi":100, "rssi":-52, "server_sent":185, "server_received":362, "server_bytes_rx":60, "n2r_latency":33, "hops":0, "rtt_latency":347, "root_time_now":1874390}
[Mote:5] Sensor IPv6 = fe80::205:5:5:5
[Mote:1] {"node":"fd00::205:5:5:5", "cpu_energy_mj":19, "lpm_energy_mj":0, "radio_tx_energy_mj":0, "radio_rx_energy_mj":8, "node_time":1878126, "total_sent":162, "total_received":173, "bytes_tx":60, "bytes_rx":12, "r2n_latency":1394, "lqi":100, "rssi":-30, "server_sent":173, "server_received":335, "server_bytes_rx":60, "n2r_latency":184, "hops":2, "rtt_latency":1082, "root_time_now":1878310}
[Mote:3] Sensor IPv6 = fe80::203:3:3:3
[Mote:4] Sensor IPv6 = fe80::204:4:4:4
[Mote:1] {"node":"fd00::203:3:3:3", "cpu_energy_mj":18, "lpm_energy_mj":0, "radio_tx_energy_mj":0, "radio_rx_energy_mj":8, "node_time":1878812, "total_sent":173, "total_received":176, "bytes_tx":60, "bytes_rx":12, "r2n_latency":904, "lqi":100, "rssi":-85, "server_sent":176, "server_received":349, "server_bytes_rx":60, "n2r_latency":128, "hops":1, "rtt_latency":522, "root_time_now":1878940}
[Mote:1] {"node":"fd00::204:4:4:4", "cpu_energy_mj":19, "lpm_energy_mj":0, "radio_tx_energy_mj":0, "radio_rx_energy_mj":8, "node_time":1878917, "total_sent":177, "total_received":185, "bytes_tx":60, "bytes_rx":12, "r2n_latency":204, "lqi":100, "rssi":-74, "server_sent":185, "server_received":362, "server_bytes_rx":60, "n2r_latency":93, "hops":0, "rtt_latency":382, "root_time_now":1879010}
[Mote:2] Sensor IPv6 = fe80::202:2:2:2
[Mote:1] {"node":"fd00::202:2:2:2", "cpu_energy_mj":18, "lpm_energy_mj":0, "radio_tx_energy_mj":0, "radio_rx_energy_mj":8, "node_time":1884889, "total_sent":178, "total_received":186, "bytes_tx":60, "bytes_rx":12, "r2n_latency":74, "lqi":100, "rssi":-52, "server_sent":186, "server_received":364, "server_bytes_rx":60, "n2r_latency":71, "hops":0, "rtt_latency":142, "root_time_now":1884960}
[Mote:5] Sensor IPv6 = fe80::205:5:5:5
[Mote:3] Sensor IPv6 = fe80::203:3:3:3
[Mote:1] {"node":"fd00::205:5:5:5", "cpu_energy_mj":19, "lpm_energy_mj":0, "radio_tx_energy_mj":0, "radio_rx_energy_mj":8, "node_time":1888918, "total_sent":163, "total_received":174, "bytes_tx":60, "bytes_rx":12, "r2n_latency":2034, "lqi":100, "rssi":-30, "server_sent":174, "server_received":337, "server_bytes_rx":60, "n2r_latency":522, "hops":2, "rtt_latency":1122, "root_time_now":1889440}
[Mote:4] Sensor IPv6 = fe80::204:4:4:4
[Mote:1] {"node":"fd00::203:3:3:3", "cpu_energy_mj":18, "lpm_energy_mj":0, "radio_tx_energy_mj":0, "radio_rx_energy_mj":8, "node_time":1889076, "total_sent":174, "total_received":177, "bytes_tx":60, "bytes_rx":12, "r2n_latency":1684, "lqi":100, "rssi":-85, "server_sent":177, "server_received":351, "server_bytes_rx":60, "n2r_latency":434, "hops":1, "rtt_latency":947, "root_time_now":1889510}
[Mote:1] {"node":"fd00::204:4:4:4", "cpu_energy_mj":19, "lpm_energy_mj":0, "radio_tx_energy_mj":0, "radio_rx_energy_mj":8, "node_time":1889473, "total_sent":178, "total_received":186, "bytes_tx":60, "bytes_rx":12, "r2n_latency":354, "lqi":100, "rssi":-74, "server_sent":186, "server_received":364, "server_bytes_rx":60, "n2r_latency":107, "hops":0, "rtt_latency":632, "root_time_now":1889580}
[Mote:2] Sensor IPv6 = fe80::202:2:2:2
[Mote:1] {"node":"fd00::202:2:2:2", "cpu_energy_mj":18, "lpm_energy_mj":0, "radio_tx_energy_mj":0, "radio_rx_energy_mj":8, "node_time":1895421, "total_sent":179, "total_received":187, "bytes_tx":60, "bytes_rx":12, "r2n_latency":14, "lqi":100, "rssi":-52, "server_sent":187, "server_received":366, "server_bytes_rx":60, "n2r_latency":39, "hops":0, "rtt_latency":77, "root_time_now":1895460}
[Mote:3] Sensor IPv6 = fe80::203:3:3:3
[Mote:1] {"node":"fd00::203:3:3:3", "cpu_energy_mj":18, "lpm_energy_mj":0, "radio_tx_energy_mj":0, "radio_rx_energy_mj":8, "node_time":1899342, "total_sent":175, "total_received":178, "bytes_tx":60, "bytes_rx":12, "r2n_latency":854, "lqi":100, "rssi":-85, "server_sent":178, "server_received":353, "server_bytes_rx":60, "n2r_latency":108, "hops":1, "rtt_latency":532, "root_time_now":1899450}
[Mote:5] Sensor IPv6 = fe80::205:5:5:5
[Mote:4] Sensor IPv6 = fe80::204:4:4:4
[Mote:1] {"node":"fd00::204:4:4:4", "cpu_energy_mj":19, "lpm_energy_mj":0, "radio_tx_energy_mj":0, "radio_rx_energy_mj":8, "node_time":1900029, "total_sent":179, "total_received":187, "bytes_tx":60, "bytes_rx":12, "r2n_latency":224, "lqi":100, "rssi":-74, "server_sent":188, "server_received":366, "server_bytes_rx":60, "n2r_latency":3481, "hops":0, "rtt_latency":217, "root_time_now":1903510}
[Mote:1] {"node":"fd00::205:5:5:5", "cpu_energy_mj":19, "lpm_energy_mj":0, "radio_tx_energy_mj":0, "radio_rx_energy_mj":9, "node_time":1899712, "total_sent":164, "total_received":175, "bytes_tx":60, "bytes_rx":12, "r2n_latency":1274, "lqi":100, "rssi":-30, "server_sent":176, "server_received":339, "server_bytes_rx":60, "n2r_latency":3868, "hops":2, "rtt_latency":742, "root_time_now":1903580}
[Mote:2] Sensor IPv6 = fe80::202:2:2:2
[Mote:1] {"node":"fd00::202:2:2:2", "cpu_energy_mj":18, "lpm_energy_mj":0, "radio_tx_energy_mj":0, "radio_rx_energy_mj":8, "node_time":1905950, "total_sent":180, "total_received":188, "bytes_tx":60, "bytes_rx":12, "r2n_latency":164, "lqi":100, "rssi":-52, "server_sent":188, "server_received":368, "server_bytes_rx":60, "n2r_latency":10, "hops":0, "rtt_latency":467, "root_time_now":1905960}
[Mote:3] Sensor IPv6 = fe80::203:3:3:3
[Mote:1] {"node":"fd00::203:3:3:3", "cpu_energy_mj":18, "lpm_energy_mj":0, "radio_tx_energy_mj":0, "radio_rx_energy_mj":8, "node_time":1909606, "total_sent":176, "total_received":179, "bytes_tx":60, "bytes_rx":12, "r2n_latency":1774, "lqi":100, "rssi":-85, "server_sent":179, "server_received":355, "server_bytes_rx":60, "n2r_latency":134, "hops":1, "rtt_latency":1867, "root_time_now":1909740}
[Mote:5] Sensor IPv6 = fe80::205:5:5:5
[Mote:4] Sensor IPv6 = fe80::204:4:4:4
[Mote:1] {"node":"fd00::204:4:4:4", "cpu_energy_mj":19, "lpm_energy_mj":0, "radio_tx_energy_mj":0, "radio_rx_energy_mj":8, "node_time":1910587, "total_sent":180, "total_received":189, "bytes_tx":60, "bytes_rx":12, "r2n_latency":384, "lqi":100, "rssi":-74, "server_sent":189, "server_received":369, "server_bytes_rx":60, "n2r_latency":553, "hops":0, "rtt_latency":542, "root_time_now":1911140}
[Mote:1] {"node":"fd00::205:5:5:5", "cpu_energy_mj":19, "lpm_energy_mj":0, "radio_tx_energy_mj":0, "radio_rx_energy_mj":8, "node_time":1910504, "total_sent":165, "total_received":176, "bytes_tx":60, "bytes_rx":12, "r2n_latency":2684, "lqi":100, "rssi":-30, "server_sent":177, "server_received":341, "server_bytes_rx":60, "n2r_latency":706, "hops":2, "rtt_latency":1902, "root_time_now":1911210}
[Mote:2] Sensor IPv6 = fe80::202:2:2:2
[Mote:1] {"node":"fd00::202:2:2:2", "cpu_energy_mj":18, "lpm_energy_mj":0, "radio_tx_energy_mj":0, "radio_rx_energy_mj":8, "node_time":1916481, "total_sent":181, "total_received":189, "bytes_tx":60, "bytes_rx":12, "r2n_latency":34, "lqi":100, "rssi":-52, "server_sent":189, "server_received":370, "server_bytes_rx":60, "n2r_latency":49, "hops":0, "rtt_latency":157, "root_time_now":1916530}
[Mote:3] Sensor IPv6 = fe80::203:3:3:3
[Mote:1] {"node":"fd00::203:3:3:3", "cpu_energy_mj":18, "lpm_energy_mj":0, "radio_tx_energy_mj":0, "radio_rx_energy_mj":8, "node_time":1919872, "total_sent":177, "total_received":180, "bytes_tx":60, "bytes_rx":12, "r2n_latency":804, "lqi":100, "rssi":-85, "server_sent":180, "server_received":357, "server_bytes_rx":60, "n2r_latency":88, "hops":1, "rtt_latency":717, "root_time_now":1919960}
[Mote:4] Sensor IPv6 = fe80::204:4:4:4
[Mote:5] Sensor IPv6 = fe80::205:5:5:5
[Mote:1] {"node":"fd00::204:4:4:4", "cpu_energy_mj":19, "lpm_energy_mj":0, "radio_tx_energy_mj":0, "radio_rx_energy_mj":8, "node_time":1921143, "total_sent":181, "total_received":190, "bytes_tx":60, "bytes_rx":12, "r2n_latency":257, "lqi":100, "rssi":-74, "server_sent":190, "server_received":371, "server_bytes_rx":60, "n2r_latency":357, "hops":0, "rtt_latency":478, "root_time_now":1921500}
[Mote:1] {"node":"fd00::205:5:5:5", "cpu_energy_mj":19, "lpm_energy_mj":0, "radio_tx_energy_mj":0, "radio_rx_energy_mj":8, "node_time":1921294, "total_sent":166, "total_received":177, "bytes_tx":60, "bytes_rx":12, "r2n_latency":1784, "lqi":100, "rssi":-30, "server_sent":178, "server_received":343, "server_bytes_rx":60, "n2r_latency":276, "hops":2, "rtt_latency":997, "root_time_now":1921570}
[Mote:2] Sensor IPv6 = fe80::202:2:2:2
[Mote:1] {"node":"fd00::202:2:2:2", "cpu_energy_mj":18, "lpm_energy_mj":0, "radio_tx_energy_mj":0, "radio_rx_energy_mj":8, "node_time":1927012, "total_sent":182, "total_received":190, "bytes_tx":60, "bytes_rx":12, "r2n_latency":47, "lqi":100, "rssi":-52, "server_sent":190, "server_received":372, "server_bytes_rx":60, "n2r_latency":18, "hops":0, "rtt_latency":1598, "root_time_now":1927030}
[Mote:3] Sensor IPv6 = fe80::203:3:3:3
[Mote:1] {"node":"fd00::203:3:3:3", "cpu_energy_mj":18, "lpm_energy_mj":0, "radio_tx_energy_mj":0, "radio_rx_energy_mj":8, "node_time":1930136, "total_sent":178, "total_received":181, "bytes_tx":60, "bytes_rx":12, "r2n_latency":747, "lqi":100, "rssi":-85, "server_sent":182, "server_received":359, "server_bytes_rx":60, "n2r_latency":954, "hops":1, "rtt_latency":583, "root_time_now":1931090}
[Mote:4] Sensor IPv6 = fe80::204:4:4:4
[Mote:1] {"node":"fd00::204:4:4:4", "cpu_energy_mj":19, "lpm_energy_mj":0, "radio_tx_energy_mj":0, "radio_rx_energy_mj":8, "node_time":1931697, "total_sent":182, "total_received":191, "bytes_tx":60, "bytes_rx":12, "r2n_latency":264, "lqi":100, "rssi":-74, "server_sent":191, "server_received":373, "server_bytes_rx":60, "n2r_latency":233, "hops":0, "rtt_latency":517, "root_time_now":1931930}
[Mote:5] Sensor IPv6 = fe80::205:5:5:5
[Mote:1] {"node":"fd00::205:5:5:5", "cpu_energy_mj":19, "lpm_energy_mj":0, "radio_tx_energy_mj":0, "radio_rx_energy_mj":8, "node_time":1932088, "total_sent":167, "total_received":178, "bytes_tx":60, "bytes_rx":12, "r2n_latency":2287, "lqi":100, "rssi":-30, "server_sent":179, "server_received":345, "server_bytes_rx":60, "n2r_latency":192, "hops":2, "rtt_latency":1248, "root_time_now":1932280}
[Mote:2] Sensor IPv6 = fe80::202:2:2:2
[Mote:1] {"node":"fd00::202:2:2:2", "cpu_energy_mj":18, "lpm_energy_mj":0, "radio_tx_energy_mj":0, "radio_rx_energy_mj":8, "node_time":1937545, "total_sent":183, "total_received":191, "bytes_tx":60, "bytes_rx":12, "r2n_latency":54, "lqi":100, "rssi":-52, "server_sent":191, "server_received":374, "server_bytes_rx":60, "n2r_latency":55, "hops":0, "rtt_latency":377, "root_time_now":1937600}
[Mote:3] Sensor IPv6 = fe80::203:3:3:3
[Mote:4] Sensor IPv6 = fe80::204:4:4:4
[Mote:1] {"node":"fd00::203:3:3:3", "cpu_energy_mj":18, "lpm_energy_mj":0, "radio_tx_energy_mj":0, "radio_rx_energy_mj":8, "node_time":1940398, "total_sent":179, "total_received":182, "bytes_tx":60, "bytes_rx":12, "r2n_latency":1454, "lqi":100, "rssi":-85, "server_sent":183, "server_received":361, "server_bytes_rx":60, "n2r_latency":1962, "hops":1, "rtt_latency":937, "root_time_now":1942360}
[Mote:1] {"node":"fd00::204:4:4:4", "cpu_energy_mj":19, "lpm_energy_mj":0, "radio_tx_energy_mj":0, "radio_rx_energy_mj":8, "node_time":1942255, "total_sent":183, "total_received":192, "bytes_tx":60, "bytes_rx":12, "r2n_latency":414, "lqi":100, "rssi":-74, "server_sent":192, "server_received":375, "server_bytes_rx":60, "n2r_latency":175, "hops":0, "rtt_latency":452, "root_time_now":1942430}
[Mote:5] Sensor IPv6 = fe80::205:5:5:5
[Mote:1] {"node":"fd00::205:5:5:5", "cpu_energy_mj":19, "lpm_energy_mj":0, "radio_tx_energy_mj":0, "radio_rx_energy_mj":8, "node_time":1942878, "total_sent":168, "total_received":180, "bytes_tx":60, "bytes_rx":12, "r2n_latency":1114, "lqi":100, "rssi":-30, "server_sent":180, "server_received":348, "server_bytes_rx":60, "n2r_latency":1162, "hops":2, "rtt_latency":1957, "root_time_now":1944040}
[Mote:2] Sensor IPv6 = fe80::202:2:2:2
[Mote:1] {"node":"fd00::202:2:2:2", "cpu_energy_mj":18, "lpm_energy_mj":0, "radio_tx_energy_mj":0, "radio_rx_energy_mj":8, "node_time":1948074, "total_sent":184, "total_received":192, "bytes_tx":60, "bytes_rx":12, "r2n_latency":64, "lqi":100, "rssi":-52, "server_sent":192, "server_received":376, "server_bytes_rx":60, "n2r_latency":26, "hops":0, "rtt_latency":172, "root_time_now":1948100}
[Mote:3] Sensor IPv6 = fe80::203:3:3:3
[Mote:1] {"node":"fd00::203:3:3:3", "cpu_energy_mj":18, "lpm_energy_mj":0, "radio_tx_energy_mj":0, "radio_rx_energy_mj":8, "node_time":1950660, "total_sent":180, "total_received":183, "bytes_tx":60, "bytes_rx":12, "r2n_latency":764, "lqi":100, "rssi":-85, "server_sent":184, "server_received":363, "server_bytes_rx":60, "n2r_latency":100, "hops":1, "rtt_latency":1397, "root_time_now":1950760}
[Mote:4] Sensor IPv6 = fe80::204:4:4:4
[Mote:1] {"node":"fd00::204:4:4:4", "cpu_energy_mj":19, "lpm_energy_mj":0, "radio_tx_energy_mj":0, "radio_rx_energy_mj":8, "node_time":1952811, "total_sent":184, "total_received":193, "bytes_tx":60, "bytes_rx":12, "r2n_latency":214, "lqi":100, "rssi":-74, "server_sent":193, "server_received":377, "server_bytes_rx":60, "n2r_latency":49, "hops":0, "rtt_latency":282, "root_time_now":1952860}
[Mote:5] Sensor IPv6 = fe80::205:5:5:5
[Mote:1] {"node":"fd00::205:5:5:5", "cpu_energy_mj":19, "lpm_energy_mj":0, "radio_tx_energy_mj":0, "radio_rx_energy_mj":8, "node_time":1953672, "total_sent":169, "total_received":181, "bytes_tx":60, "bytes_rx":12, "r2n_latency":1684, "lqi":100, "rssi":-30, "server_sent":181, "server_received":350, "server_bytes_rx":60, "n2r_latency":378, "hops":2, "rtt_latency":947, "root_time_now":1954050}
[Mote:2] Sensor IPv6 = fe80::202:2:2:2
[Mote:1] {"node":"fd00::202:2:2:2", "cpu_energy_mj":18, "lpm_energy_mj":0, "radio_tx_energy_mj":0, "radio_rx_energy_mj":8, "node_time":1958605, "total_sent":185, "total_received":193, "bytes_tx":60, "bytes_rx":12, "r2n_latency":74, "lqi":100, "rssi":-52, "server_sent":193, "server_received":378, "server_bytes_rx":60, "n2r_latency":65, "hops":0, "rtt_latency":457, "root_time_now":1958670}
[Mote:3] Sensor IPv6 = fe80::203:3:3:3
[Mote:1] {"node":"fd00::203:3:3:3", "cpu_energy_mj":18, "lpm_energy_mj":0, "radio_tx_energy_mj":0, "radio_rx_energy_mj":8, "node_time":1960926, "total_sent":181, "total_received":185, "bytes_tx":60, "bytes_rx":12, "r2n_latency":924, "lqi":100, "rssi":-85, "server_sent":185, "server_received":366, "server_bytes_rx":60, "n2r_latency":824, "hops":1, "rtt_latency":742, "root_time_now":1961750}
[Mote:4] Sensor IPv6 = fe80::204:4:4:4
[Mote:1] {"node":"fd00::204:4:4:4", "cpu_energy_mj":19, "lpm_energy_mj":0, "radio_tx_energy_mj":0, "radio_rx_energy_mj":8, "node_time":1963367, "total_sent":185, "total_received":194, "bytes_tx":60, "bytes_rx":12, "r2n_latency":294, "lqi":100, "rssi":-74, "server_sent":194, "server_received":379, "server_bytes_rx":60, "n2r_latency":63, "hops":0, "rtt_latency":567, "root_time_now":1963430}
[Mote:5] Sensor IPv6 = fe80::205:5:5:5
[Mote:1] {"node":"fd00::205:5:5:5", "cpu_energy_mj":19, "lpm_energy_mj":0, "radio_tx_energy_mj":0, "radio_rx_energy_mj":8, "node_time":1964462, "total_sent":170, "total_received":182, "bytes_tx":60, "bytes_rx":12, "r2n_latency":2464, "lqi":100, "rssi":-30, "server_sent":182, "server_received":352, "server_bytes_rx":60, "n2r_latency":158, "hops":2, "rtt_latency":1337, "root_time_now":1964620}
[Mote:2] Sensor IPv6 = fe80::202:2:2:2
[Mote:1] {"node":"fd00::202:2:2:2", "cpu_energy_mj":18, "lpm_energy_mj":0, "radio_tx_energy_mj":0, "radio_rx_energy_mj":8, "node_time":1969138, "total_sent":186, "total_received":194, "bytes_tx":60, "bytes_rx":12, "r2n_latency":14, "lqi":100, "rssi":-52, "server_sent":194, "server_received":380, "server_bytes_rx":60, "n2r_latency":32, "hops":0, "rtt_latency":77, "root_time_now":1969170}
[Mote:3] Sensor IPv6 = fe80::203:3:3:3
[Mote:1] {"node":"fd00::203:3:3:3", "cpu_energy_mj":18, "lpm_energy_mj":0, "radio_tx_energy_mj":0, "radio_rx_energy_mj":8, "node_time":1971190, "total_sent":182, "total_received":186, "bytes_tx":60, "bytes_rx":12, "r2n_latency":934, "lqi":100, "rssi":-85, "server_sent":186, "server_received":368, "server_bytes_rx":60, "n2r_latency":360, "hops":1, "rtt_latency":642, "root_time_now":1971550}
[Mote:4] Sensor IPv6 = fe80::204:4:4:4
[Mote:1] {"node":"fd00::204:4:4:4", "cpu_energy_mj":19, "lpm_energy_mj":0, "radio_tx_energy_mj":0, "radio_rx_energy_mj":8, "node_time":1973923, "total_sent":186, "total_received":195, "bytes_tx":60, "bytes_rx":12, "r2n_latency":164, "lqi":100, "rssi":-74, "server_sent":195, "server_received":381, "server_bytes_rx":60, "n2r_latency":7, "hops":0, "rtt_latency":432, "root_time_now":1973930}
[Mote:5] Sensor IPv6 = fe80::205:5:5:5
[Mote:1] {"node":"fd00::205:5:5:5", "cpu_energy_mj":19, "lpm_energy_mj":0, "radio_tx_energy_mj":0, "radio_rx_energy_mj":8, "node_time":1975254, "total_sent":171, "total_received":183, "bytes_tx":60, "bytes_rx":12, "r2n_latency":1774, "lqi":100, "rssi":-30, "server_sent":183, "server_received":354, "server_bytes_rx":60, "n2r_latency":146, "hops":2, "rtt_latency":992, "root_time_now":1975400}
[Mote:2] Sensor IPv6 = fe80::202:2:2:2
[Mote:1] {"node":"fd00::202:2:2:2", "cpu_energy_mj":18, "lpm_energy_mj":0, "radio_tx_energy_mj":0, "radio_rx_energy_mj":8, "node_time":1979671, "total_sent":187, "total_received":195, "bytes_tx":60, "bytes_rx":12, "r2n_latency":24, "lqi":100, "rssi":-52, "server_sent":195, "server_received":382, "server_bytes_rx":60, "n2r_latency":69, "hops":0, "rtt_latency":152, "root_time_now":1979740}
[Mote:3] Sensor IPv6 = fe80::203:3:3:3
[Mote:1] {"node":"fd00::203:3:3:3", "cpu_energy_mj":18, "lpm_energy_mj":0, "radio_tx_energy_mj":0, "radio_rx_energy_mj":8, "node_time":1981454, "total_sent":183, "total_received":187, "bytes_tx":60, "bytes_rx":12, "r2n_latency":1434, "lqi":100, "rssi":-85, "server_sent":187, "server_received":370, "server_bytes_rx":60, "n2r_latency":1296, "hops":1, "rtt_latency":1347, "root_time_now":1982750}
[Mote:4] Sensor IPv6 = fe80::204:4:4:4
[Mote:1] {"node":"fd00::204:4:4:4", "cpu_energy_mj":19, "lpm_energy_mj":0, "radio_tx_energy_mj":0, "radio_rx_energy_mj":8, "node_time":1984479, "total_sent":187, "total_received":196, "bytes_tx":60, "bytes_rx":12, "r2n_latency":384, "lqi":100, "rssi":-74, "server_sent":196, "server_received":383, "server_bytes_rx":60, "n2r_latency":21, "hops":0, "rtt_latency":507, "root_time_now":1984500}
[Mote:5] Sensor IPv6 = fe80::205:5:5:5
[Mote:1] {"node":"fd00::205:5:5:5", "cpu_energy_mj":19, "lpm_energy_mj":0, "radio_tx_energy_mj":0, "radio_rx_energy_mj":9, "node_time":1986046, "total_sent":172, "total_received":184, "bytes_tx":60, "bytes_rx":12, "r2n_latency":2414, "lqi":100, "rssi":-30, "server_sent":184, "server_received":356, "server_bytes_rx":60, "n2r_latency":204, "hops":2, "rtt_latency":1417, "root_time_now":1986250}
[Mote:2] Sensor IPv6 = fe80::202:2:2:2
[Mote:1] {"node":"fd00::202:2:2:2", "cpu_energy_mj":18, "lpm_energy_mj":0, "radio_tx_energy_mj":0, "radio_rx_energy_mj":8, "node_time":1990198, "total_sent":188, "total_received":197, "bytes_tx":60, "bytes_rx":12, "r2n_latency":44, "lqi":100, "rssi":-52, "server_sent":197, "server_received":385, "server_bytes_rx":60, "n2r_latency":462, "hops":0, "rtt_latency":162, "root_time_now":1990660}
[Mote:3] Sensor IPv6 = fe80::203:3:3:3
[Mote:1] {"node":"fd00::203:3:3:3", "cpu_energy_mj":18, "lpm_energy_mj":0, "radio_tx_energy_mj":0, "radio_rx_energy_mj":8, "node_time":1991718, "total_sent":184, "total_received":188, "bytes_tx":60, "bytes_rx":12, "r2n_latency":1514, "lqi":100, "rssi":-85, "server_sent":188, "server_received":372, "server_bytes_rx":60, "n2r_latency":762, "hops":1, "rtt_latency":1212, "root_time_now":1992480}
[Mote:4] Sensor IPv6 = fe80::204:4:4:4
[Mote:1] {"node":"fd00::204:4:4:4", "cpu_energy_mj":19, "lpm_energy_mj":0, "radio_tx_energy_mj":0, "radio_rx_energy_mj":8, "node_time":1995035, "total_sent":188, "total_received":197, "bytes_tx":60, "bytes_rx":12, "r2n_latency":954, "lqi":100, "rssi":-74, "server_sent":197, "server_received":385, "server_bytes_rx":60, "n2r_latency":35, "hops":0, "rtt_latency":617, "root_time_now":1995070}
[Mote:5] Sensor IPv6 = fe80::205:5:5:5
[Mote:1] {"node":"fd00::205:5:5:5", "cpu_energy_mj":19, "lpm_energy_mj":0, "radio_tx_energy_mj":0, "radio_rx_energy_mj":8, "node_time":1996838, "total_sent":173, "total_received":185, "bytes_tx":60, "bytes_rx":12, "r2n_latency":4454, "lqi":100, "rssi":-30, "server_sent":185, "server_received":358, "server_bytes_rx":60, "n2r_latency":192, "hops":2, "rtt_latency":2332, "root_time_now":1997030}
[Mote:2] Sensor IPv6 = fe80::202:2:2:2
[Mote:1] {"node":"fd00::202:2:2:2", "cpu_energy_mj":18, "lpm_energy_mj":0, "radio_tx_energy_mj":0, "radio_rx_energy_mj":8, "node_time":2000729, "total_sent":189, "total_received":198, "bytes_tx":60, "bytes_rx":12, "r2n_latency":54, "lqi":100, "rssi":-52, "server_sent":198, "server_received":387, "server_bytes_rx":60, "n2r_latency":11, "hops":0, "rtt_latency":167, "root_time_now":2000740}
[Mote:3] Sensor IPv6 = fe80::203:3:3:3
[Mote:1] {"node":"fd00::203:3:3:3", "cpu_energy_mj":18, "lpm_energy_mj":0, "radio_tx_energy_mj":0, "radio_rx_energy_mj":8, "node_time":2001982, "total_sent":185, "total_received":189, "bytes_tx":60, "bytes_rx":12, "r2n_latency":894, "lqi":100, "rssi":-85, "server_sent":189, "server_received":374, "server_bytes_rx":60, "n2r_latency":88, "hops":1, "rtt_latency":517, "root_time_now":2002070}
[Mote:4] Sensor IPv6 = fe80::204:4:4:4
[Mote:1] {"node":"fd00::204:4:4:4", "cpu_energy_mj":19, "lpm_energy_mj":0, "radio_tx_energy_mj":0, "radio_rx_energy_mj":8, "node_time":2005589, "total_sent":189, "total_received":198, "bytes_tx":60, "bytes_rx":12, "r2n_latency":194, "lqi":100, "rssi":-74, "server_sent":198, "server_received":387, "server_bytes_rx":60, "n2r_latency":51, "hops":0, "rtt_latency":202, "root_time_now":2005640}
[Mote:5] Sensor IPv6 = fe80::205:5:5:5
[Mote:1] {"node":"fd00::205:5:5:5", "cpu_energy_mj":19, "lpm_energy_mj":0, "radio_tx_energy_mj":0, "radio_rx_energy_mj":8, "node_time":2007632, "total_sent":174, "total_received":186, "bytes_tx":60, "bytes_rx":12, "r2n_latency":1314, "lqi":100, "rssi":-30, "server_sent":186, "server_received":360, "server_bytes_rx":60, "n2r_latency":178, "hops":2, "rtt_latency":762, "root_time_now":2007810}
[Mote:2] Sensor IPv6 = fe80::202:2:2:2
[Mote:1] {"node":"fd00::202:2:2:2", "cpu_energy_mj":18, "lpm_energy_mj":0, "radio_tx_energy_mj":0, "radio_rx_energy_mj":8, "node_time":2011260, "total_sent":190, "total_received":199, "bytes_tx":60, "bytes_rx":12, "r2n_latency":64, "lqi":100, "rssi":-52, "server_sent":199, "server_received":389, "server_bytes_rx":60, "n2r_latency":50, "hops":0, "rtt_latency":347, "root_time_now":2011310}
[Mote:3] Sensor IPv6 = fe80::203:3:3:3
[Mote:1] {"node":"fd00::203:3:3:3", "cpu_energy_mj":18, "lpm_energy_mj":0, "radio_tx_energy_mj":0, "radio_rx_energy_mj":8, "node_time":2012245, "total_sent":186, "total_received":190, "bytes_tx":60, "bytes_rx":12, "r2n_latency":1534, "lqi":100, "rssi":-85, "server_sent":190, "server_received":376, "server_bytes_rx":60, "n2r_latency":465, "hops":1, "rtt_latency":977, "root_time_now":2012710}
[Mote:4] Sensor IPv6 = fe80::204:4:4:4
[Mote:1] {"node":"fd00::204:4:4:4", "cpu_energy_mj":19, "lpm_energy_mj":0, "radio_tx_energy_mj":0, "radio_rx_energy_mj":8, "node_time":2016145, "total_sent":190, "total_received":199, "bytes_tx":60, "bytes_rx":12, "r2n_latency":554, "lqi":100, "rssi":-74, "server_sent":199, "server_received":389, "server_bytes_rx":60, "n2r_latency":65, "hops":0, "rtt_latency":522, "root_time_now":2016210}
[Mote:5] Sensor IPv6 = fe80::205:5:5:5
[Mote:1] {"node":"fd00::205:5:5:5", "cpu_energy_mj":19, "lpm_energy_mj":0, "radio_tx_energy_mj":0, "radio_rx_energy_mj":8, "node_time":2018422, "total_sent":175, "total_received":187, "bytes_tx":60, "bytes_rx":12, "r2n_latency":2164, "lqi":100, "rssi":-30, "server_sent":187, "server_received":362, "server_bytes_rx":60, "n2r_latency":168, "hops":2, "rtt_latency":1257, "root_time_now":2018590}
[Mote:2] Sensor IPv6 = fe80::202:2:2:2
[Mote:1] {"node":"fd00::202:2:2:2", "cpu_energy_mj":18, "lpm_energy_mj":0, "radio_tx_energy_mj":0, "radio_rx_energy_mj":8, "node_time":2021791, "total_sent":191, "total_received":200, "bytes_tx":60, "bytes_rx":12, "r2n_latency":74, "lqi":100, "rssi":-52, "server_sent":200, "server_received":391, "server_bytes_rx":60, "n2r_latency":19, "hops":0, "rtt_latency":142, "root_time_now":2021810}
[Mote:3] Sensor IPv6 = fe80::203:3:3:3
[Mote:1] {"node":"fd00::203:3:3:3", "cpu_energy_mj":18, "lpm_energy_mj":0, "radio_tx_energy_mj":0, "radio_rx_energy_mj":8, "node_time":2022510, "total_sent":187, "total_received":191, "bytes_tx":60, "bytes_rx":12, "r2n_latency":774, "lqi":100, "rssi":-85, "server_sent":191, "server_received":378, "server_bytes_rx":60, "n2r_latency":140, "hops":1, "rtt_latency":597, "root_time_now":2022650}
[Mote:4] Sensor IPv6 = fe80::204:4:4:4
[Mote:1] {"node":"fd00::204:4:4:4", "cpu_energy_mj":19, "lpm_energy_mj":0, "radio_tx_energy_mj":0, "radio_rx_energy_mj":8, "node_time":2026705, "total_sent":191, "total_received":200, "bytes_tx":60, "bytes_rx":12, "r2n_latency":354, "lqi":100, "rssi":-74, "server_sent":200, "server_received":391, "server_bytes_rx":60, "n2r_latency":5, "hops":0, "rtt_latency":562, "root_time_now":2026710}
[Mote:5] Sensor IPv6 = fe80::205:5:5:5
[Mote:1] {"node":"fd00::205:5:5:5", "cpu_energy_mj":19, "lpm_energy_mj":0, "radio_tx_energy_mj":0, "radio_rx_energy_mj":8, "node_time":2029216, "total_sent":176, "total_received":188, "bytes_tx":60, "bytes_rx":12, "r2n_latency":1404, "lqi":100, "rssi":-30, "server_sent":188, "server_received":364, "server_bytes_rx":60, "n2r_latency":154, "hops":2, "rtt_latency":807, "root_time_now":2029370}
[Mote:2] Sensor IPv6 = fe80::202:2:2:2
[Mote:1] {"node":"fd00::202:2:2:2", "cpu_energy_mj":18, "lpm_energy_mj":0, "radio_tx_energy_mj":0, "radio_rx_energy_mj":8, "node_time":2032322, "total_sent":192, "total_received":201, "bytes_tx":60, "bytes_rx":12, "r2n_latency":14, "lqi":100, "rssi":-52, "server_sent":201, "server_received":393, "server_bytes_rx":60, "n2r_latency":58, "hops":0, "rtt_latency":182, "root_time_now":2032380}
[Mote:3] Sensor IPv6 = fe80::203:3:3:3
[Mote:1] {"node":"fd00::203:3:3:3", "cpu_energy_mj":18, "lpm_energy_mj":0, "radio_tx_energy_mj":0, "radio_rx_energy_mj":8, "node_time":2032774, "total_sent":188, "total_received":192, "bytes_tx":60, "bytes_rx":12, "r2n_latency":924, "lqi":100, "rssi":-85, "server_sent":192, "server_received":380, "server_bytes_rx":60, "n2r_latency":96, "hops":1, "rtt_latency":987, "root_time_now":2032870}
[Mote:4] Sensor IPv6 = fe80::204:4:4:4
[Mote:1] {"node":"fd00::204:4:4:4", "cpu_energy_mj":19, "lpm_energy_mj":0, "radio_tx_energy_mj":0, "radio_rx_energy_mj":8, "node_time":2037261, "total_sent":192, "total_received":201, "bytes_tx":60, "bytes_rx":12, "r2n_latency":224, "lqi":100, "rssi":-74, "server_sent":201, "server_received":393, "server_bytes_rx":60, "n2r_latency":19, "hops":0, "rtt_latency":252, "root_time_now":2037280}
[Mote:5] Sensor IPv6 = fe80::205:5:5:5
[Mote:1] {"node":"fd00::205:5:5:5", "cpu_energy_mj":19, "lpm_energy_mj":0, "radio_tx_energy_mj":0, "radio_rx_energy_mj":8, "node_time":2040008, "total_sent":177, "total_received":189, "bytes_tx":60, "bytes_rx":12, "r2n_latency":1204, "lqi":100, "rssi":-30, "server_sent":190, "server_received":366, "server_bytes_rx":60, "n2r_latency":1052, "hops":2, "rtt_latency":1057, "root_time_now":2041060}
[Mote:2] Sensor IPv6 = fe80::202:2:2:2
[Mote:3] Sensor IPv6 = fe80::203:3:3:3
[Mote:1] {"node":"fd00::203:3:3:3", "cpu_energy_mj":18, "lpm_energy_mj":0, "radio_tx_energy_mj":0, "radio_rx_energy_mj":8, "node_time":2043038, "total_sent":189, "total_received":193, "bytes_tx":60, "bytes_rx":12, "r2n_latency":1774, "lqi":100, "rssi":-85, "server_sent":193, "server_received":382, "server_bytes_rx":60, "n2r_latency":192, "hops":1, "rtt_latency":1062, "root_time_now":2043230}
[Mote:1] {"node":"fd00::202:2:2:2", "cpu_energy_mj":18, "lpm_energy_mj":0, "radio_tx_energy_mj":0, "radio_rx_energy_mj":8, "node_time":2042853, "total_sent":193, "total_received":202, "bytes_tx":60, "bytes_rx":12, "r2n_latency":24, "lqi":100, "rssi":-52, "server_sent":202, "server_received":395, "server_bytes_rx":60, "n2r_latency":2547, "hops":0, "rtt_latency":2672, "root_time_now":2045400}
[Mote:4] Sensor IPv6 = fe80::204:4:4:4
[Mote:1] {"node":"fd00::204:4:4:4", "cpu_energy_mj":19, "lpm_energy_mj":0, "radio_tx_energy_mj":0, "radio_rx_energy_mj":8, "node_time":2047813, "total_sent":193, "total_received":202, "bytes_tx":60, "bytes_rx":12, "r2n_latency":654, "lqi":100, "rssi":-74, "server_sent":202, "server_received":395, "server_bytes_rx":60, "n2r_latency":37, "hops":0, "rtt_latency":467, "root_time_now":2047850}
[Mote:5] Sensor IPv6 = fe80::205:5:5:5
[Mote:1] {"node":"fd00::205:5:5:5", "cpu_energy_mj":19, "lpm_energy_mj":0, "radio_tx_energy_mj":0, "radio_rx_energy_mj":8, "node_time":2050800, "total_sent":178, "total_received":190, "bytes_tx":60, "bytes_rx":12, "r2n_latency":2474, "lqi":100, "rssi":-30, "server_sent":191, "server_received":368, "server_bytes_rx":60, "n2r_latency":1180, "hops":2, "rtt_latency":1342, "root_time_now":2051980}
[Mote:3] Sensor IPv6 = fe80::203:3:3:3
[Mote:2] Sensor IPv6 = fe80::202:2:2:2
[Mote:1] {"node":"fd00::202:2:2:2", "cpu_energy_mj":18, "lpm_energy_mj":0, "radio_tx_energy_mj":0, "radio_rx_energy_mj":8, "node_time":2053384, "total_sent":194, "total_received":203, "bytes_tx":60, "bytes_rx":12, "r2n_latency":34, "lqi":100, "rssi":-52, "server_sent":203, "server_received":397, "server_bytes_rx":60, "n2r_latency":276, "hops":0, "rtt_latency":157, "root_time_now":2053660}
[Mote:1] {"node":"fd00::203:3:3:3", "cpu_energy_mj":18, "lpm_energy_mj":0, "radio_tx_energy_mj":0, "radio_rx_energy_mj":8, "node_time":2053302, "total_sent":190, "total_received":194, "bytes_tx":60, "bytes_rx":12, "r2n_latency":2414, "lqi":100, "rssi":-85, "server_sent":194, "server_received":384, "server_bytes_rx":60, "n2r_latency":918, "hops":1, "rtt_latency":1662, "root_time_now":2054220}
[Mote:4] Sensor IPv6 = fe80::204:4:4:4
[Mote:1] {"node":"fd00::204:4:4:4", "cpu_energy_mj":19, "lpm_energy_mj":0, "radio_tx_energy_mj":0, "radio_rx_energy_mj":8, "node_time":2058369, "total_sent":194, "total_received":203, "bytes_tx":60, "bytes_rx":12, "r2n_latency":384, "lqi":100, "rssi":-74, "server_sent":203, "server_received":397, "server_bytes_rx":60, "n2r_latency":51, "hops":0, "rtt_latency":962, "root_time_now":2058420}
[Mote:5] Sensor IPv6 = fe80::205:5:5:5
[Mote:3] Sensor IPv6 = fe80::203:3:3:3
[Mote:2] Sensor IPv6 = fe80::202:2:2:2
[Mote:1] {"node":"fd00::202:2:2:2", "cpu_energy_mj":18, "lpm_energy_mj":0, "radio_tx_energy_mj":0, "radio_rx_energy_mj":8, "node_time":2063915, "total_sent":195, "total_received":204, "bytes_tx":60, "bytes_rx":12, "r2n_latency":44, "lqi":100, "rssi":-52, "server_sent":204, "server_received":399, "server_bytes_rx":60, "n2r_latency":35, "hops":0, "rtt_latency":162, "root_time_now":2063950}
[Mote:1] {"node":"fd00::205:5:5:5", "cpu_energy_mj":19, "lpm_energy_mj":0, "radio_tx_energy_mj":0, "radio_rx_energy_mj":8, "node_time":2061590, "total_sent":179, "total_received":192, "bytes_tx":60, "bytes_rx":12, "r2n_latency":1164, "lqi":100, "rssi":-30, "server_sent":192, "server_received":371, "server_bytes_rx":60, "n2r_latency":3060, "hops":2, "rtt_latency":2157, "root_time_now":2064650}
[Mote:1] {"node":"fd00::203:3:3:3", "cpu_energy_mj":18, "lpm_energy_mj":0, "radio_tx_energy_mj":0, "radio_rx_energy_mj":8, "node_time":2063564, "total_sent":191, "total_received":195, "bytes_tx":60, "bytes_rx":12, "r2n_latency":744, "lqi":100, "rssi":-85, "server_sent":195, "server_received":386, "server_bytes_rx":60, "n2r_latency":1156, "hops":1, "rtt_latency":2122, "root_time_now":2064720}
[Mote:4] Sensor IPv6 = fe80::204:4:4:4
[Mote:1] {"node":"fd00::204:4:4:4", "cpu_energy_mj":19, "lpm_energy_mj":0, "radio_tx_energy_mj":0, "radio_rx_energy_mj":8, "node_time":2068925, "total_sent":195, "total_received":204, "bytes_tx":60, "bytes_rx":12, "r2n_latency":394, "lqi":100, "rssi":-74, "server_sent":204, "server_received":399, "server_bytes_rx":60, "n2r_latency":65, "hops":0, "rtt_latency":2087, "root_time_now":2068990}
[Mote:5] Sensor IPv6 = fe80::205:5:5:5
[Mote:1] {"node":"fd00::205:5:5:5", "cpu_energy_mj":19, "lpm_energy_mj":0, "radio_tx_energy_mj":0, "radio_rx_energy_mj":8, "node_time":2072382, "total_sent":180, "total_received":193, "bytes_tx":60, "bytes_rx":12, "r2n_latency":1244, "lqi":100, "rssi":-30, "server_sent":193, "server_received":373, "server_bytes_rx":60, "n2r_latency":178, "hops":2, "rtt_latency":727, "root_time_now":2072560}
[Mote:3] Sensor IPv6 = fe80::203:3:3:3
[Mote:1] {"node":"fd00::203:3:3:3", "cpu_energy_mj":18, "lpm_energy_mj":0, "radio_tx_energy_mj":0, "radio_rx_energy_mj":8, "node_time":2073828, "total_sent":192, "total_received":196, "bytes_tx":60, "bytes_rx":12, "r2n_latency":614, "lqi":100, "rssi":-85, "server_sent":196, "server_received":388, "server_bytes_rx":60, "n2r_latency":132, "hops":1, "rtt_latency":447, "root_time_now":2073960}
[Mote:2] Sensor IPv6 = fe80::202:2:2:2
[Mote:1] {"node":"fd00::202:2:2:2", "cpu_energy_mj":18, "lpm_energy_mj":0, "radio_tx_energy_mj":0, "radio_rx_energy_mj":8, "node_time":2074446, "total_sent":196, "total_received":205, "bytes_tx":60, "bytes_rx":12, "r2n_latency":54, "lqi":100, "rssi":-52, "server_sent":205, "server_received":401, "server_bytes_rx":60, "n2r_latency":74, "hops":0, "rtt_latency":167, "root_time_now":2074520}
[Mote:4] Sensor IPv6 = fe80::204:4:4:4
[Mote:1] {"node":"fd00::204:4:4:4", "cpu_energy_mj":19, "lpm_energy_mj":0, "radio_tx_energy_mj":0, "radio_rx_energy_mj":8, "node_time":2079485, "total_sent":196, "total_received":205, "bytes_tx":60, "bytes_rx":12, "r2n_latency":194, "lqi":100, "rssi":-74, "server_sent":205, "server_received":401, "server_bytes_rx":60, "n2r_latency":145, "hops":0, "rtt_latency":272, "root_time_now":2079630}
[Mote:5] Sensor IPv6 = fe80::205:5:5:5
[Mote:1] {"node":"fd00::205:5:5:5", "cpu_energy_mj":19, "lpm_energy_mj":0, "radio_tx_energy_mj":0, "radio_rx_energy_mj":8, "node_time":2083174, "total_sent":181, "total_received":194, "bytes_tx":60, "bytes_rx":12, "r2n_latency":1324, "lqi":100, "rssi":-30, "server_sent":194, "server_received":375, "server_bytes_rx":60, "n2r_latency":166, "hops":2, "rtt_latency":767, "root_time_now":2083340}
[Mote:3] Sensor IPv6 = fe80::203:3:3:3
[Mote:1] {"node":"fd00::203:3:3:3", "cpu_energy_mj":18, "lpm_energy_mj":0, "radio_tx_energy_mj":0, "radio_rx_energy_mj":8, "node_time":2084092, "total_sent":193, "total_received":197, "bytes_tx":60, "bytes_rx":12, "r2n_latency":554, "lqi":100, "rssi":-85, "server_sent":197, "server_received":390, "server_bytes_rx":60, "n2r_latency":88, "hops":1, "rtt_latency":557, "root_time_now":2084180}
[Mote:2] Sensor IPv6 = fe80::202:2:2:2
[Mote:1] {"node":"fd00::202:2:2:2", "cpu_energy_mj":18, "lpm_energy_mj":0, "radio_tx_energy_mj":0, "radio_rx_energy_mj":8, "node_time":2084977, "total_sent":197, "total_received":206, "bytes_tx":60, "bytes_rx":12, "r2n_latency":64, "lqi":100, "rssi":-52, "server_sent":206, "server_received":403, "server_bytes_rx":60, "n2r_latency":113, "hops":0, "rtt_latency":1187, "root_time_now":2085090}
[Mote:4] Sensor IPv6 = fe80::204:4:4:4
[Mote:1] {"node":"fd00::204:4:4:4", "cpu_energy_mj":19, "lpm_energy_mj":0, "radio_tx_energy_mj":0, "radio_rx_energy_mj":8, "node_time":2090041, "total_sent":197, "total_received":206, "bytes_tx":60, "bytes_rx":12, "r2n_latency":204, "lqi":100, "rssi":-74, "server_sent":207, "server_received":403, "server_bytes_rx":60, "n2r_latency":719, "hops":0, "rtt_latency":242, "root_time_now":2090760}
[Mote:5] Sensor IPv6 = fe80::205:5:5:5
[Mote:1] {"node":"fd00::205:5:5:5", "cpu_energy_mj":19, "lpm_energy_mj":0, "radio_tx_energy_mj":0, "radio_rx_energy_mj":8, "node_time":2093966, "total_sent":182, "total_received":195, "bytes_tx":60, "bytes_rx":12, "r2n_latency":1054, "lqi":100, "rssi":-30, "server_sent":195, "server_received":377, "server_bytes_rx":60, "n2r_latency":154, "hops":2, "rtt_latency":632, "root_time_now":2094120}
[Mote:3] Sensor IPv6 = fe80::203:3:3:3
[Mote:1] {"node":"fd00::203:3:3:3", "cpu_energy_mj":18, "lpm_energy_mj":0, "radio_tx_energy_mj":0, "radio_rx_energy_mj":8, "node_time":2094356, "total_sent":194, "total_received":198, "bytes_tx":60, "bytes_rx":12, "r2n_latency":564, "lqi":100, "rssi":-85, "server_sent":198, "server_received":392, "server_bytes_rx":60, "n2r_latency":114, "hops":1, "rtt_latency":457, "root_time_now":2094470}
[Mote:2] Sensor IPv6 = fe80::202:2:2:2
[Mote:1] {"node":"fd00::202:2:2:2", "cpu_energy_mj":18, "lpm_energy_mj":0, "radio_tx_energy_mj":0, "radio_rx_energy_mj":8, "node_time":2095508, "total_sent":198, "total_received":207, "bytes_tx":60, "bytes_rx":12, "r2n_latency":1334, "lqi":100, "rssi":-52, "server_sent":207, "server_received":405, "server_bytes_rx":60, "n2r_latency":12, "hops":0, "rtt_latency":702, "root_time_now":2095520}
[Mote:4] Sensor IPv6 = fe80::204:4:4:4
[Mote:1] {"node":"fd00::204:4:4:4", "cpu_energy_mj":19, "lpm_energy_mj":0, "radio_tx_energy_mj":0, "radio_rx_energy_mj":8, "node_time":2100595, "total_sent":198, "total_received":208, "bytes_tx":60, "bytes_rx":12, "r2n_latency":224, "lqi":100, "rssi":-74, "server_sent":208, "server_received":406, "server_bytes_rx":60, "n2r_latency":385, "hops":0, "rtt_latency":217, "root_time_now":2100980}
[Mote:3] Sensor IPv6 = fe80::203:3:3:3
[Mote:5] Sensor IPv6 = fe80::205:5:5:5
[Mote:1] {"node":"fd00::203:3:3:3", "cpu_energy_mj":18, "lpm_energy_mj":0, "radio_tx_energy_mj":0, "radio_rx_energy_mj":8, "node_time":2104622, "total_sent":195, "total_received":199, "bytes_tx":60, "bytes_rx":12, "r2n_latency":784, "lqi":100, "rssi":-85, "server_sent":199, "server_received":394, "server_bytes_rx":60, "n2r_latency":138, "hops":1, "rtt_latency":637, "root_time_now":2104760}
[Mote:1] {"node":"fd00::205:5:5:5", "cpu_energy_mj":19, "lpm_energy_mj":0, "radio_tx_energy_mj":0, "radio_rx_energy_mj":9, "node_time":2104759, "total_sent":183, "total_received":196, "bytes_tx":60, "bytes_rx":12, "r2n_latency":1414, "lqi":100, "rssi":-30, "server_sent":196, "server_received":379, "server_bytes_rx":60, "n2r_latency":211, "hops":2, "rtt_latency":812, "root_time_now":2104970}
[Mote:2] Sensor IPv6 = fe80::202:2:2:2
[Mote:1] {"node":"fd00::202:2:2:2", "cpu_energy_mj":18, "lpm_energy_mj":0, "radio_tx_energy_mj":0, "radio_rx_energy_mj":8, "node_time":2106039, "total_sent":199, "total_received":208, "bytes_tx":60, "bytes_rx":12, "r2n_latency":14, "lqi":100, "rssi":-52, "server_sent":208, "server_received":407, "server_bytes_rx":60, "n2r_latency":51, "hops":0, "rtt_latency":77, "root_time_now":2106090}
[Mote:4] Sensor IPv6 = fe80::204:4:4:4
[Mote:1] {"node":"fd00::204:4:4:4", "cpu_energy_mj":19, "lpm_energy_mj":0, "radio_tx_energy_mj":0, "radio_rx_energy_mj":8, "node_time":2111151, "total_sent":199, "total_received":209, "bytes_tx":60, "bytes_rx":12, "r2n_latency":304, "lqi":100, "rssi":-74, "server_sent":209, "server_received":408, "server_bytes_rx":60, "n2r_latency":539, "hops":0, "rtt_latency":817, "root_time_now":2111690}
[Mote:3] Sensor IPv6 = fe80::203:3:3:3
[Mote:1] {"node":"fd00::203:3:3:3", "cpu_energy_mj":18, "lpm_energy_mj":0, "radio_tx_energy_mj":0, "radio_rx_energy_mj":8, "node_time":2114886, "total_sent":196, "total_received":200, "bytes_tx":60, "bytes_rx":12, "r2n_latency":1914, "lqi":100, "rssi":-85, "server_sent":200, "server_received":396, "server_bytes_rx":60, "n2r_latency":94, "hops":1, "rtt_latency":1132, "root_time_now":2114980}
[Mote:5] Sensor IPv6 = fe80::205:5:5:5
[Mote:1] {"node":"fd00::205:5:5:5", "cpu_energy_mj":19, "lpm_energy_mj":0, "radio_tx_energy_mj":0, "radio_rx_energy_mj":8, "node_time":2115550, "total_sent":184, "total_received":197, "bytes_tx":60, "bytes_rx":12, "r2n_latency":2754, "lqi":100, "rssi":-30, "server_sent":197, "server_received":381, "server_bytes_rx":60, "n2r_latency":200, "hops":2, "rtt_latency":1482, "root_time_now":2115750}
[Mote:2] Sensor IPv6 = fe80::202:2:2:2
[Mote:1] {"node":"fd00::202:2:2:2", "cpu_energy_mj":18, "lpm_energy_mj":0, "radio_tx_energy_mj":0, "radio_rx_energy_mj":8, "node_time":2116572, "total_sent":200, "total_received":209, "bytes_tx":60, "bytes_rx":12, "r2n_latency":24, "lqi":100, "rssi":-52, "server_sent":209, "server_received":409, "server_bytes_rx":60, "n2r_latency":18, "hops":0, "rtt_latency":82, "root_time_now":2116590}
[Mote:4] Sensor IPv6 = fe80::204:4:4:4
[Mote:1] {"node":"fd00::204:4:4:4", "cpu_energy_mj":19, "lpm_energy_mj":0, "radio_tx_energy_mj":0, "radio_rx_energy_mj":8, "node_time":2121707, "total_sent":200, "total_received":210, "bytes_tx":60, "bytes_rx":12, "r2n_latency":384, "lqi":100, "rssi":-74, "server_sent":210, "server_received":410, "server_bytes_rx":60, "n2r_latency":63, "hops":0, "rtt_latency":297, "root_time_now":2121770}
[Mote:3] Sensor IPv6 = fe80::203:3:3:3
[Mote:1] {"node":"fd00::203:3:3:3", "cpu_energy_mj":18, "lpm_energy_mj":0, "radio_tx_energy_mj":0, "radio_rx_energy_mj":8, "node_time":2125150, "total_sent":197, "total_received":201, "bytes_tx":60, "bytes_rx":12, "r2n_latency":944, "lqi":100, "rssi":-85, "server_sent":201, "server_received":398, "server_bytes_rx":60, "n2r_latency":190, "hops":1, "rtt_latency":647, "root_time_now":2125340}
[Mote:5] Sensor IPv6 = fe80::205:5:5:5
[Mote:1] {"node":"fd00::205:5:5:5", "cpu_energy_mj":19, "lpm_energy_mj":0, "radio_tx_energy_mj":0, "radio_rx_energy_mj":8, "node_time":2126342, "total_sent":185, "total_received":198, "bytes_tx":60, "bytes_rx":12, "r2n_latency":1434, "lqi":100, "rssi":-30, "server_sent":198, "server_received":383, "server_bytes_rx":60, "n2r_latency":188, "hops":2, "rtt_latency":822, "root_time_now":2126530}
[Mote:2] Sensor IPv6 = fe80::202:2:2:2
[Mote:1] {"node":"fd00::202:2:2:2", "cpu_energy_mj":18, "lpm_energy_mj":0, "radio_tx_energy_mj":0, "radio_rx_energy_mj":8, "node_time":2127101, "total_sent":201, "total_received":210, "bytes_tx":60, "bytes_rx":12, "r2n_latency":34, "lqi":100, "rssi":-52, "server_sent":210, "server_received":411, "server_bytes_rx":60, "n2r_latency":59, "hops":0, "rtt_latency":122, "root_time_now":2127160}
[Mote:4] Sensor IPv6 = fe80::204:4:4:4
[Mote:1] {"node":"fd00::204:4:4:4", "cpu_energy_mj":19, "lpm_energy_mj":0, "radio_tx_energy_mj":0, "radio_rx_energy_mj":8, "node_time":2132263, "total_sent":201, "total_received":211, "bytes_tx":60, "bytes_rx":12, "r2n_latency":1234, "lqi":100, "rssi":-74, "server_sent":211, "server_received":412, "server_bytes_rx":60, "n2r_latency":1827, "hops":0, "rtt_latency":1982, "root_time_now":2134090}
[Mote:3] Sensor IPv6 = fe80::203:3:3:3
[Mote:1] {"node":"fd00::203:3:3:3", "cpu_energy_mj":18, "lpm_energy_mj":0, "radio_tx_energy_mj":0, "radio_rx_energy_mj":8, "node_time":2135414, "total_sent":198, "total_received":202, "bytes_tx":60, "bytes_rx":12, "r2n_latency":1514, "lqi":100, "rssi":-85, "server_sent":202, "server_received":400, "server_bytes_rx":60, "n2r_latency":76, "hops":1, "rtt_latency":2017, "root_time_now":2135490}
[Mote:5] Sensor IPv6 = fe80::205:5:5:5
[Mote:1] {"node":"fd00::205:5:5:5", "cpu_energy_mj":19, "lpm_energy_mj":0, "radio_tx_energy_mj":0, "radio_rx_energy_mj":9, "node_time":2137134, "total_sent":186, "total_received":199, "bytes_tx":60, "bytes_rx":12, "r2n_latency":2354, "lqi":100, "rssi":-30, "server_sent":199, "server_received":385, "server_bytes_rx":60, "n2r_latency":176, "hops":2, "rtt_latency":2087, "root_time_now":2137310}
[Mote:2] Sensor IPv6 = fe80::202:2:2:2
[Mote:1] {"node":"fd00::202:2:2:2", "cpu_energy_mj":18, "lpm_energy_mj":0, "radio_tx_energy_mj":0, "radio_rx_energy_mj":8, "node_time":2137632, "total_sent":202, "total_received":211, "bytes_tx":60, "bytes_rx":12, "r2n_latency":44, "lqi":100, "rssi":-52, "server_sent":211, "server_received":413, "server_bytes_rx":60, "n2r_latency":28, "hops":0, "rtt_latency":1807, "root_time_now":2137660}
[Mote:4] Sensor IPv6 = fe80::204:4:4:4
[Mote:1] {"node":"fd00::204:4:4:4", "cpu_energy_mj":19, "lpm_energy_mj":0, "radio_tx_energy_mj":0, "radio_rx_energy_mj":8, "node_time":2142819, "total_sent":202, "total_received":212, "bytes_tx":60, "bytes_rx":12, "r2n_latency":193, "lqi":100, "rssi":-74, "server_sent":212, "server_received":414, "server_bytes_rx":60, "n2r_latency":721, "hops":0, "rtt_latency":1671, "root_time_now":2143540}
[Mote:3] Sensor IPv6 = fe80::203:3:3:3
[Mote:1] {"node":"fd00::203:3:3:3", "cpu_energy_mj":18, "lpm_energy_mj":0, "radio_tx_energy_mj":0, "radio_rx_energy_mj":8, "node_time":2145678, "total_sent":199, "total_received":203, "bytes_tx":60, "bytes_rx":12, "r2n_latency":473, "lqi":100, "rssi":-85, "server_sent":203, "server_received":402, "server_bytes_rx":60, "n2r_latency":102, "hops":1, "rtt_latency":1706, "root_time_now":2145780}
[Mote:5] Sensor IPv6 = fe80::205:5:5:5
[Mote:1] {"node":"fd00::205:5:5:5", "cpu_energy_mj":19, "lpm_energy_mj":0, "radio_tx_energy_mj":0, "radio_rx_energy_mj":8, "node_time":2147928, "total_sent":187, "total_received":200, "bytes_tx":60, "bytes_rx":12, "r2n_latency":893, "lqi":100, "rssi":-30, "server_sent":200, "server_received":387, "server_bytes_rx":60, "n2r_latency":162, "hops":2, "rtt_latency":1741, "root_time_now":2148090}
[Mote:2] Sensor IPv6 = fe80::202:2:2:2
[Mote:1] {"node":"fd00::202:2:2:2", "cpu_energy_mj":18, "lpm_energy_mj":0, "radio_tx_energy_mj":0, "radio_rx_energy_mj":8, "node_time":2148163, "total_sent":203, "total_received":212, "bytes_tx":60, "bytes_rx":12, "r2n_latency":53, "lqi":100, "rssi":-52, "server_sent":212, "server_received":415, "server_bytes_rx":60, "n2r_latency":67, "hops":0, "rtt_latency":1181, "root_time_now":2148230}
[Mote:4] Sensor IPv6 = fe80::204:4:4:4
[Mote:1] {"node":"fd00::204:4:4:4", "cpu_energy_mj":19, "lpm_energy_mj":0, "radio_tx_energy_mj":0, "radio_rx_energy_mj":8, "node_time":2153377, "total_sent":203, "total_received":213, "bytes_tx":60, "bytes_rx":12, "r2n_latency":204, "lqi":100, "rssi":-74, "server_sent":213, "server_received":416, "server_bytes_rx":60, "n2r_latency":33, "hops":0, "rtt_latency":277, "root_time_now":2153410}
[Mote:3] Sensor IPv6 = fe80::203:3:3:3
[Mote:1] {"node":"fd00::203:3:3:3", "cpu_energy_mj":18, "lpm_energy_mj":0, "radio_tx_energy_mj":0, "radio_rx_energy_mj":8, "node_time":2155944, "total_sent":200, "total_received":204, "bytes_tx":60, "bytes_rx":12, "r2n_latency":974, "lqi":100, "rssi":-85, "server_sent":204, "server_received":404, "server_bytes_rx":60, "n2r_latency":126, "hops":1, "rtt_latency":1047, "root_time_now":2156070}
[Mote:2] Sensor IPv6 = fe80::202:2:2:2
[Mote:5] Sensor IPv6 = fe80::205:5:5:5
[Mote:1] {"node":"fd00::202:2:2:2", "cpu_energy_mj":18, "lpm_energy_mj":0, "radio_tx_energy_mj":0, "radio_rx_energy_mj":8, "node_time":2158696, "total_sent":204, "total_received":213, "bytes_tx":60, "bytes_rx":12, "r2n_latency":64, "lqi":100, "rssi":-52, "server_sent":213, "server_received":417, "server_bytes_rx":60, "n2r_latency":454, "hops":0, "rtt_latency":382, "root_time_now":2159150}
[Mote:1] {"node":"fd00::205:5:5:5", "cpu_energy_mj":19, "lpm_energy_mj":0, "radio_tx_energy_mj":0, "radio_rx_energy_mj":8, "node_time":2158720, "total_sent":188, "total_received":201, "bytes_tx":60, "bytes_rx":12, "r2n_latency":1464, "lqi":100, "rssi":-30, "server_sent":201, "server_received":389, "server_bytes_rx":60, "n2r_latency":640, "hops":2, "rtt_latency":1082, "root_time_now":2159360}
[Mote:4] Sensor IPv6 = fe80::204:4:4:4
[Mote:1] {"node":"fd00::204:4:4:4", "cpu_energy_mj":19, "lpm_energy_mj":0, "radio_tx_energy_mj":0, "radio_rx_energy_mj":8, "node_time":2163931, "total_sent":204, "total_received":214, "bytes_tx":60, "bytes_rx":12, "r2n_latency":214, "lqi":100, "rssi":-74, "server_sent":214, "server_received":418, "server_bytes_rx":60, "n2r_latency":49, "hops":0, "rtt_latency":387, "root_time_now":2163980}
[Mote:3] Sensor IPv6 = fe80::203:3:3:3
[Mote:1] {"node":"fd00::203:3:3:3", "cpu_energy_mj":18, "lpm_energy_mj":0, "radio_tx_energy_mj":0, "radio_rx_energy_mj":8, "node_time":2166208, "total_sent":201, "total_received":205, "bytes_tx":60, "bytes_rx":12, "r2n_latency":494, "lqi":100, "rssi":-85, "server_sent":205, "server_received":406, "server_bytes_rx":60, "n2r_latency":82, "hops":1, "rtt_latency":1052, "root_time_now":2166290}
[Mote:2] Sensor IPv6 = fe80::202:2:2:2
[Mote:1] {"node":"fd00::202:2:2:2", "cpu_energy_mj":18, "lpm_energy_mj":0, "radio_tx_energy_mj":0, "radio_rx_energy_mj":8, "node_time":2169227, "total_sent":205, "total_received":214, "bytes_tx":60, "bytes_rx":12, "r2n_latency":74, "lqi":100, "rssi":-52, "server_sent":214, "server_received":419, "server_bytes_rx":60, "n2r_latency":73, "hops":0, "rtt_latency":317, "root_time_now":2169300}
[Mote:5] Sensor IPv6 = fe80::205:5:5:5
[Mote:1] {"node":"fd00::205:5:5:5", "cpu_energy_mj":19, "lpm_energy_mj":0, "radio_tx_energy_mj":0, "radio_rx_energy_mj":8, "node_time":2169510, "total_sent":189, "total_received":202, "bytes_tx":60, "bytes_rx":12, "r2n_latency":1054, "lqi":100, "rssi":-30, "server_sent":202, "server_received":391, "server_bytes_rx":60, "n2r_latency":210, "hops":2, "rtt_latency":1087, "root_time_now":2169720}
[Mote:4] Sensor IPv6 = fe80::204:4:4:4
[Mote:1] {"node":"fd00::204:4:4:4", "cpu_energy_mj":19, "lpm_energy_mj":0, "radio_tx_energy_mj":0, "radio_rx_energy_mj":8, "node_time":2174487, "total_sent":205, "total_received":215, "bytes_tx":60, "bytes_rx":12, "r2n_latency":364, "lqi":100, "rssi":-74, "server_sent":215, "server_received":420, "server_bytes_rx":60, "n2r_latency":63, "hops":0, "rtt_latency":1652, "root_time_now":2174550}
[Mote:3] Sensor IPv6 = fe80::203:3:3:3
[Mote:1] {"node":"fd00::203:3:3:3", "cpu_energy_mj":18, "lpm_energy_mj":0, "radio_tx_energy_mj":0, "radio_rx_energy_mj":8, "node_time":2176470, "total_sent":202, "total_received":206, "bytes_tx":60, "bytes_rx":12, "r2n_latency":1274, "lqi":100, "rssi":-85, "server_sent":206, "server_received":408, "server_bytes_rx":60, "n2r_latency":110, "hops":1, "rtt_latency":1827, "root_time_now":2176580}
[Mote:2] Sensor IPv6 = fe80::202:2:2:2
[Mote:1] {"node":"fd00::202:2:2:2", "cpu_energy_mj":18, "lpm_energy_mj":0, "radio_tx_energy_mj":0, "radio_rx_energy_mj":8, "node_time":2179758, "total_sent":206, "total_received":215, "bytes_tx":60, "bytes_rx":12, "r2n_latency":14, "lqi":100, "rssi":-52, "server_sent":215, "server_received":421, "server_bytes_rx":60, "n2r_latency":42, "hops":0, "rtt_latency":112, "root_time_now":2179800}
[Mote:5] Sensor IPv6 = fe80::205:5:5:5
[Mote:1] {"node":"fd00::205:5:5:5", "cpu_energy_mj":19, "lpm_energy_mj":0, "radio_tx_energy_mj":0, "radio_rx_energy_mj":8, "node_time":2180302, "total_sent":190, "total_received":203, "bytes_tx":60, "bytes_rx":12, "r2n_latency":1834, "lqi":100, "rssi":-30, "server_sent":204, "server_received":393, "server_bytes_rx":60, "n2r_latency":1318, "hops":2, "rtt_latency":1862, "root_time_now":2181620}
[Mote:4] Sensor IPv6 = fe80::204:4:4:4
[Mote:1] {"node":"fd00::204:4:4:4", "cpu_energy_mj":19, "lpm_energy_mj":0, "radio_tx_energy_mj":0, "radio_rx_energy_mj":8, "node_time":2185043, "total_sent":206, "total_received":216, "bytes_tx":60, "bytes_rx":12, "r2n_latency":164, "lqi":100, "rssi":-74, "server_sent":216, "server_received":422, "server_bytes_rx":60, "n2r_latency":7, "hops":0, "rtt_latency":537, "root_time_now":2185050}
[Mote:3] Sensor IPv6 = fe80::203:3:3:3
[Mote:1] {"node":"fd00::203:3:3:3", "cpu_energy_mj":18, "lpm_energy_mj":0, "radio_tx_energy_mj":0, "radio_rx_energy_mj":8, "node_time":2186734, "total_sent":203, "total_received":207, "bytes_tx":60, "bytes_rx":12, "r2n_latency":934, "lqi":100, "rssi":-85, "server_sent":207, "server_received":410, "server_bytes_rx":60, "n2r_latency":136, "hops":1, "rtt_latency":572, "root_time_now":2186870}
[Mote:2] Sensor IPv6 = fe80::202:2:2:2
[Mote:1] {"node":"fd00::202:2:2:2", "cpu_energy_mj":18, "lpm_energy_mj":0, "radio_tx_energy_mj":0, "radio_rx_energy_mj":8, "node_time":2190287, "total_sent":207, "total_received":217, "bytes_tx":60, "bytes_rx":12, "r2n_latency":34, "lqi":100, "rssi":-52, "server_sent":217, "server_received":424, "server_bytes_rx":60, "n2r_latency":223, "hops":0, "rtt_latency":87, "root_time_now":2190510}
[Mote:5] Sensor IPv6 = fe80::205:5:5:5
[Mote:1] {"node":"fd00::205:5:5:5", "cpu_energy_mj":19, "lpm_energy_mj":0, "radio_tx_energy_mj":0, "radio_rx_energy_mj":8, "node_time":2191096, "total_sent":191, "total_received":204, "bytes_tx":60, "bytes_rx":12, "r2n_latency":2404, "lqi":100, "rssi":-30, "server_sent":205, "server_received":395, "server_bytes_rx":60, "n2r_latency":3754, "hops":2, "rtt_latency":1307, "root_time_now":2194850}
[Mote:4] Sensor IPv6 = fe80::204:4:4:4
[Mote:1] {"node":"fd00::204:4:4:4", "cpu_energy_mj":19, "lpm_energy_mj":0, "radio_tx_energy_mj":0, "radio_rx_energy_mj":8, "node_time":2195599, "total_sent":207, "total_received":217, "bytes_tx":60, "bytes_rx":12, "r2n_latency":734, "lqi":100, "rssi":-74, "server_sent":217, "server_received":424, "server_bytes_rx":60, "n2r_latency":21, "hops":0, "rtt_latency":472, "root_time_now":2195620}
[Mote:3] Sensor IPv6 = fe80::203:3:3:3
[Mote:1] {"node":"fd00::203:3:3:3", "cpu_energy_mj":18, "lpm_energy_mj":0, "radio_tx_energy_mj":0, "radio_rx_energy_mj":8, "node_time":2196998, "total_sent":204, "total_received":208, "bytes_tx":60, "bytes_rx":12, "r2n_latency":1924, "lqi":100, "rssi":-85, "server_sent":208, "server_received":412, "server_bytes_rx":60, "n2r_latency":92, "hops":1, "rtt_latency":1277, "root_time_now":2197090}
[Mote:2] Sensor IPv6 = fe80::202:2:2:2
[Mote:1] {"node":"fd00::202:2:2:2", "cpu_energy_mj":18, "lpm_energy_mj":0, "radio_tx_energy_mj":0, "radio_rx_energy_mj":8, "node_time":2200818, "total_sent":208, "total_received":218, "bytes_tx":60, "bytes_rx":12, "r2n_latency":114, "lqi":100, "rssi":-52, "server_sent":218, "server_received":426, "server_bytes_rx":60, "n2r_latency":52, "hops":0, "rtt_latency":197, "root_time_now":2200870}
[Mote:5] Sensor IPv6 = fe80::205:5:5:5
[Mote:1] {"node":"fd00::205:5:5:5", "cpu_energy_mj":19, "lpm_energy_mj":0, "radio_tx_energy_mj":0, "radio_rx_energy_mj":8, "node_time":2201885, "total_sent":192, "total_received":206, "bytes_tx":60, "bytes_rx":12, "r2n_latency":1794, "lqi":100, "rssi":-30, "server_sent":206, "server_received":398, "server_bytes_rx":60, "n2r_latency":1085, "hops":2, "rtt_latency":1457, "root_time_now":2202970}
[Mote:4] Sensor IPv6 = fe80::204:4:4:4
[Mote:1] {"node":"fd00::204:4:4:4", "cpu_energy_mj":19, "lpm_energy_mj":0, "radio_tx_energy_mj":0, "radio_rx_energy_mj":8, "node_time":2206153, "total_sent":208, "total_received":218, "bytes_tx":60, "bytes_rx":12, "r2n_latency":254, "lqi":100, "rssi":-74, "server_sent":218, "server_received":426, "server_bytes_rx":60, "n2r_latency":37, "hops":0, "rtt_latency":267, "root_time_now":2206190}
[Mote:3] Sensor IPv6 = fe80::203:3:3:3
[Mote:1] {"node":"fd00::203:3:3:3", "cpu_energy_mj":18, "lpm_energy_mj":0, "radio_tx_energy_mj":0, "radio_rx_energy_mj":8, "node_time":2207260, "total_sent":205, "total_received":209, "bytes_tx":60, "bytes_rx":12, "r2n_latency":1304, "lqi":100, "rssi":-85, "server_sent":209, "server_received":414, "server_bytes_rx":60, "n2r_latency":120, "hops":1, "rtt_latency":1422, "root_time_now":2207380}
[Mote:2] Sensor IPv6 = fe80::202:2:2:2
[Mote:1] {"node":"fd00::202:2:2:2", "cpu_energy_mj":18, "lpm_energy_mj":0, "radio_tx_energy_mj":0, "radio_rx_energy_mj":8, "node_time":2211349, "total_sent":209, "total_received":219, "bytes_tx":60, "bytes_rx":12, "r2n_latency":54, "lqi":100, "rssi":-52, "server_sent":219, "server_received":428, "server_bytes_rx":60, "n2r_latency":21, "hops":0, "rtt_latency":657, "root_time_now":2211370}
[Mote:5] Sensor IPv6 = fe80::205:5:5:5
[Mote:1] {"node":"fd00::205:5:5:5", "cpu_energy_mj":19, "lpm_energy_mj":0, "radio_tx_energy_mj":0, "radio_rx_energy_mj":8, "node_time":2212678, "total_sent":193, "total_received":207, "bytes_tx":60, "bytes_rx":12, "r2n_latency":2014, "lqi":100, "rssi":-30, "server_sent":207, "server_received":400, "server_bytes_rx":60, "n2r_latency":162, "hops":2, "rtt_latency":1112, "root_time_now":2212840}
[Mote:4] Sensor IPv6 = fe80::204:4:4:4
[Mote:1] {"node":"fd00::204:4:4:4", "cpu_energy_mj":19, "lpm_energy_mj":0, "radio_tx_energy_mj":0, "radio_rx_energy_mj":8, "node_time":2216709, "total_sent":209, "total_received":219, "bytes_tx":60, "bytes_rx":12, "r2n_latency":194, "lqi":100, "rssi":-74, "server_sent":219, "server_received":428, "server_bytes_rx":60, "n2r_latency":51, "hops":0, "rtt_latency":342, "root_time_now":2216760}
[Mote:3] Sensor IPv6 = fe80::203:3:3:3
[Mote:1] {"node":"fd00::203:3:3:3", "cpu_energy_mj":18, "lpm_energy_mj":0, "radio_tx_energy_mj":0, "radio_rx_energy_mj":8, "node_time":2217524, "total_sent":206, "total_received":210, "bytes_tx":60, "bytes_rx":12, "r2n_latency":754, "lqi":100, "rssi":-85, "server_sent":210, "server_received":416, "server_bytes_rx":60, "n2r_latency":146, "hops":1, "rtt_latency":622, "root_time_now":2217670}
[Mote:2] Sensor IPv6 = fe80::202:2:2:2
[Mote:5] Sensor IPv6 = fe80::205:5:5:5
[Mote:1] {"node":"fd00::205:5:5:5", "cpu_energy_mj":19, "lpm_energy_mj":0, "radio_tx_energy_mj":0, "radio_rx_energy_mj":8, "node_time":2223470, "total_sent":194, "total_received":208, "bytes_tx":60, "bytes_rx":12, "r2n_latency":1604, "lqi":100, "rssi":-30, "server_sent":208, "server_received":402, "server_bytes_rx":60, "n2r_latency":360, "hops":2, "rtt_latency":907, "root_time_now":2223830}
[Mote:1] {"node":"fd00::202:2:2:2", "cpu_energy_mj":18, "lpm_energy_mj":0, "radio_tx_energy_mj":0, "radio_rx_energy_mj":8, "node_time":2221880, "total_sent":210, "total_received":220, "bytes_tx":60, "bytes_rx":12, "r2n_latency":64, "lqi":100, "rssi":-52, "server_sent":220, "server_received":430, "server_bytes_rx":60, "n2r_latency":2300, "hops":0, "rtt_latency":1712, "root_time_now":2224180}
[Mote:4] Sensor IPv6 = fe80::204:4:4:4
[Mote:1] {"node":"fd00::204:4:4:4", "cpu_energy_mj":19, "lpm_energy_mj":0, "radio_tx_energy_mj":0, "radio_rx_energy_mj":8, "node_time":2227265, "total_sent":210, "total_received":220, "bytes_tx":60, "bytes_rx":12, "r2n_latency":274, "lqi":100, "rssi":-74, "server_sent":220, "server_received":430, "server_bytes_rx":60, "n2r_latency":205, "hops":0, "rtt_latency":662, "root_time_now":2227470}
[Mote:3] Sensor IPv6 = fe80::203:3:3:3
[Mote:1] {"node":"fd00::203:3:3:3", "cpu_energy_mj":18, "lpm_energy_mj":0, "radio_tx_energy_mj":0, "radio_rx_energy_mj":8, "node_time":2227788, "total_sent":207, "total_received":211, "bytes_tx":60, "bytes_rx":12, "r2n_latency":1114, "lqi":100, "rssi":-85, "server_sent":211, "server_received":418, "server_bytes_rx":60, "n2r_latency":102, "hops":1, "rtt_latency":732, "root_time_now":2227890}
[Mote:2] Sensor IPv6 = fe80::202:2:2:2
[Mote:1] {"node":"fd00::202:2:2:2", "cpu_energy_mj":18, "lpm_energy_mj":0, "radio_tx_energy_mj":0, "radio_rx_energy_mj":8, "node_time":2232413, "total_sent":211, "total_received":221, "bytes_tx":60, "bytes_rx":12, "r2n_latency":74, "lqi":100, "rssi":-52, "server_sent":221, "server_received":432, "server_bytes_rx":60, "n2r_latency":1427, "hops":0, "rtt_latency":1892, "root_time_now":2233840}
[Mote:5] Sensor IPv6 = fe80::205:5:5:5
[Mote:1] {"node":"fd00::205:5:5:5", "cpu_energy_mj":19, "lpm_energy_mj":0, "radio_tx_energy_mj":0, "radio_rx_energy_mj":8, "node_time":2234262, "total_sent":195, "total_received":209, "bytes_tx":60, "bytes_rx":12, "r2n_latency":1754, "lqi":100, "rssi":-30, "server_sent":209, "server_received":404, "server_bytes_rx":60, "n2r_latency":208, "hops":2, "rtt_latency":982, "root_time_now":2234470}
[Mote:4] Sensor IPv6 = fe80::204:4:4:4
[Mote:1] {"node":"fd00::204:4:4:4", "cpu_energy_mj":19, "lpm_energy_mj":0, "radio_tx_energy_mj":0, "radio_rx_energy_mj":8, "node_time":2237821, "total_sent":211, "total_received":221, "bytes_tx":60, "bytes_rx":12, "r2n_latency":354, "lqi":100, "rssi":-74, "server_sent":221, "server_received":432, "server_bytes_rx":60, "n2r_latency":9, "hops":0, "rtt_latency":667, "root_time_now":2237830}
[Mote:3] Sensor IPv6 = fe80::203:3:3:3
[Mote:1] {"node":"fd00::203:3:3:3", "cpu_energy_mj":18, "lpm_energy_mj":0, "radio_tx_energy_mj":0, "radio_rx_energy_mj":8, "node_time":2238056, "total_sent":208, "total_received":212, "bytes_tx":60, "bytes_rx":12, "r2n_latency":774, "lqi":100, "rssi":-85, "server_sent":212, "server_received":420, "server_bytes_rx":60, "n2r_latency":124, "hops":1, "rtt_latency":702, "root_time_now":2238180}
[Mote:2] Sensor IPv6 = fe80::202:2:2:2
[Mote:1] {"node":"fd00::202:2:2:2", "cpu_energy_mj":18, "lpm_energy_mj":0, "radio_tx_energy_mj":0, "radio_rx_energy_mj":8, "node_time":2242942, "total_sent":212, "total_received":222, "bytes_tx":60, "bytes_rx":12, "r2n_latency":14, "lqi":100, "rssi":-52, "server_sent":222, "server_received":434, "server_bytes_rx":60, "n2r_latency":68, "hops":0, "rtt_latency":427, "root_time_now":2243010}
[Mote:5] Sensor IPv6 = fe80::205:5:5:5
[Mote:1] {"node":"fd00::205:5:5:5", "cpu_energy_mj":19, "lpm_energy_mj":0, "radio_tx_energy_mj":0, "radio_rx_energy_mj":8, "node_time":2245054, "total_sent":196, "total_received":210, "bytes_tx":60, "bytes_rx":12, "r2n_latency":1974, "lqi":100, "rssi":-30, "server_sent":210, "server_received":406, "server_bytes_rx":60, "n2r_latency":196, "hops":2, "rtt_latency":1092, "root_time_now":2245250}
[Mote:3] Sensor IPv6 = fe80::203:3:3:3
[Mote:4] Sensor IPv6 = fe80::204:4:4:4
[Mote:1] {"node":"fd00::203:3:3:3", "cpu_energy_mj":18, "lpm_energy_mj":0, "radio_tx_energy_mj":0, "radio_rx_energy_mj":8, "node_time":2248316, "total_sent":209, "total_received":213, "bytes_tx":60, "bytes_rx":12, "r2n_latency":1204, "lqi":100, "rssi":-85, "server_sent":213, "server_received":422, "server_bytes_rx":60, "n2r_latency":84, "hops":1, "rtt_latency":812, "root_time_now":2248400}
[Mote:1] {"node":"fd00::204:4:4:4", "cpu_energy_mj":19, "lpm_energy_mj":0, "radio_tx_energy_mj":0, "radio_rx_energy_mj":8, "node_time":2248377, "total_sent":212, "total_received":222, "bytes_tx":60, "bytes_rx":12, "r2n_latency":294, "lqi":100, "rssi":-74, "server_sent":222, "server_received":434, "server_bytes_rx":60, "n2r_latency":93, "hops":0, "rtt_latency":392, "root_time_now":2248470}
[Mote:2] Sensor IPv6 = fe80::202:2:2:2
[Mote:1] {"node":"fd00::202:2:2:2", "cpu_energy_mj":18, "lpm_energy_mj":0, "radio_tx_energy_mj":0, "radio_rx_energy_mj":8, "node_time":2253473, "total_sent":213, "total_received":223, "bytes_tx":60, "bytes_rx":12, "r2n_latency":24, "lqi":100, "rssi":-52, "server_sent":223, "server_received":436, "server_bytes_rx":60, "n2r_latency":37, "hops":0, "rtt_latency":257, "root_time_now":2253510}
[Mote:5] Sensor IPv6 = fe80::205:5:5:5
[Mote:1] {"node":"fd00::205:5:5:5", "cpu_energy_mj":19, "lpm_energy_mj":0, "radio_tx_energy_mj":0, "radio_rx_energy_mj":8, "node_time":2255848, "total_sent":197, "total_received":211, "bytes_tx":60, "bytes_rx":12, "r2n_latency":1564, "lqi":100, "rssi":-30, "server_sent":211, "server_received":408, "server_bytes_rx":60, "n2r_latency":182, "hops":2, "rtt_latency":1132, "root_time_now":2256030}
[Mote:3] Sensor IPv6 = fe80::203:3:3:3
[Mote:1] {"node":"fd00::203:3:3:3", "cpu_energy_mj":18, "lpm_energy_mj":0, "radio_tx_energy_mj":0, "radio_rx_energy_mj":8, "node_time":2258580, "total_sent":210, "total_received":214, "bytes_tx":60, "bytes_rx":12, "r2n_latency":1214, "lqi":100, "rssi":-85, "server_sent":214, "server_received":424, "server_bytes_rx":60, "n2r_latency":110, "hops":1, "rtt_latency":1097, "root_time_now":2258690}
[Mote:4] Sensor IPv6 = fe80::204:4:4:4
[Mote:1] {"node":"fd00::204:4:4:4", "cpu_energy_mj":19, "lpm_energy_mj":0, "radio_tx_energy_mj":0, "radio_rx_energy_mj":8, "node_time":2258933, "total_sent":213, "total_received":223, "bytes_tx":60, "bytes_rx":12, "r2n_latency":654, "lqi":100, "rssi":-74, "server_sent":223, "server_received":436, "server_bytes_rx":60, "n2r_latency":37, "hops":0, "rtt_latency":1062, "root_time_now":2258970}
[Mote:2] Sensor IPv6 = fe80::202:2:2:2
[Mote:1] {"node":"fd00::202:2:2:2", "cpu_energy_mj":18, "lpm_energy_mj":0, "radio_tx_energy_mj":0, "radio_rx_energy_mj":8, "node_time":2264004, "total_sent":214, "total_received":224, "bytes_tx":60, "bytes_rx":12, "r2n_latency":34, "lqi":100, "rssi":-52, "server_sent":224, "server_received":438, "server_bytes_rx":60, "n2r_latency":6, "hops":0, "rtt_latency":192, "root_time_now":2264010}
[Mote:5] Sensor IPv6 = fe80::205:5:5:5
[Mote:1] {"node":"fd00::205:5:5:5", "cpu_energy_mj":19, "lpm_energy_mj":0, "radio_tx_energy_mj":0, "radio_rx_energy_mj":9, "node_time":2266638, "total_sent":198, "total_received":212, "bytes_tx":60, "bytes_rx":12, "r2n_latency":1504, "lqi":100, "rssi":-30, "server_sent":212, "server_received":410, "server_bytes_rx":60, "n2r_latency":172, "hops":2, "rtt_latency":857, "root_time_now":2266810}
[Mote:3] Sensor IPv6 = fe80::203:3:3:3
[Mote:1] {"node":"fd00::203:3:3:3", "cpu_energy_mj":18, "lpm_energy_mj":0, "radio_tx_energy_mj":0, "radio_rx_energy_mj":8, "node_time":2268844, "total_sent":211, "total_received":215, "bytes_tx":60, "bytes_rx":12, "r2n_latency":734, "lqi":100, "rssi":-85, "server_sent":215, "server_received":426, "server_bytes_rx":60, "n2r_latency":136, "hops":1, "rtt_latency":542, "root_time_now":2268980}
[Mote:4] Sensor IPv6 = fe80::204:4:4:4
[Mote:1] {"node":"fd00::204:4:4:4", "cpu_energy_mj":19, "lpm_energy_mj":0, "radio_tx_energy_mj":0, "radio_rx_energy_mj":8, "node_time":2269489, "total_sent":214, "total_received":224, "bytes_tx":60, "bytes_rx":12, "r2n_latency":244, "lqi":100, "rssi":-74, "server_sent":224, "server_received":438, "server_bytes_rx":60, "n2r_latency":51, "hops":0, "rtt_latency":332, "root_time_now":2269540}
[Mote:2] Sensor IPv6 = fe80::202:2:2:2
[Mote:1] {"node":"fd00::202:2:2:2", "cpu_energy_mj":18, "lpm_energy_mj":0, "radio_tx_energy_mj":0, "radio_rx_energy_mj":8, "node_time":2274537, "total_sent":215, "total_received":225, "bytes_tx":60, "bytes_rx":12, "r2n_latency":44, "lqi":100, "rssi":-52, "server_sent":225, "server_received":440, "server_bytes_rx":60, "n2r_latency":43, "hops":0, "rtt_latency":547, "root_time_now":2274580}
[Mote:5] Sensor IPv6 = fe80::205:5:5:5
[Mote:1] {"node":"fd00::205:5:5:5", "cpu_energy_mj":19, "lpm_energy_mj":0, "radio_tx_energy_mj":0, "radio_rx_energy_mj":8, "node_time":2277430, "total_sent":199, "total_received":213, "bytes_tx":60, "bytes_rx":12, "r2n_latency":1444, "lqi":100, "rssi":-30, "server_sent":213, "server_received":412, "server_bytes_rx":60, "n2r_latency":160, "hops":2, "rtt_latency":827, "root_time_now":2277590}
[Mote:3] Sensor IPv6 = fe80::203:3:3:3
[Mote:1] {"node":"fd00::203:3:3:3", "cpu_energy_mj":18, "lpm_energy_mj":0, "radio_tx_energy_mj":0, "radio_rx_energy_mj":8, "node_time":2279108, "total_sent":212, "total_received":216, "bytes_tx":60, "bytes_rx":12, "r2n_latency":604, "lqi":100, "rssi":-85, "server_sent":216, "server_received":428, "server_bytes_rx":60, "n2r_latency":92, "hops":1, "rtt_latency":407, "root_time_now":2279200}
[Mote:4] Sensor IPv6 = fe80::204:4:4:4
[Mote:1] {"node":"fd00::204:4:4:4", "cpu_energy_mj":19, "lpm_energy_mj":0, "radio_tx_energy_mj":0, "radio_rx_energy_mj":8, "node_time":2280045, "total_sent":215, "total_received":225, "bytes_tx":60, "bytes_rx":12, "r2n_latency":254, "lqi":100, "rssi":-74, "server_sent":226, "server_received":440, "server_bytes_rx":60, "n2r_latency":275, "hops":0, "rtt_latency":267, "root_time_now":2280320}
[Mote:2] Sensor IPv6 = fe80::202:2:2:2
[Mote:1] {"node":"fd00::202:2:2:2", "cpu_energy_mj":18, "lpm_energy_mj":0, "radio_tx_energy_mj":0, "radio_rx_energy_mj":8, "node_time":2285066, "total_sent":216, "total_received":226, "bytes_tx":60, "bytes_rx":12, "r2n_latency":54, "lqi":100, "rssi":-52, "server_sent":226, "server_received":442, "server_bytes_rx":60, "n2r_latency":14, "hops":0, "rtt_latency":342, "root_time_now":2285080}
[Mote:5] Sensor IPv6 = fe80::205:5:5:5
[Mote:1] {"node":"fd00::205:5:5:5", "cpu_energy_mj":19, "lpm_energy_mj":0, "radio_tx_energy_mj":0, "radio_rx_energy_mj":8, "node_time":2288224, "total_sent":200, "total_received":214, "bytes_tx":60, "bytes_rx":12, "r2n_latency":1594, "lqi":100, "rssi":-30, "server_sent":214, "server_received":414, "server_bytes_rx":60, "n2r_latency":146, "hops":2, "rtt_latency":902, "root_time_now":2288370}
[Mote:3] Sensor IPv6 = fe80::203:3:3:3
[Mote:1] {"node":"fd00::203:3:3:3", "cpu_energy_mj":18, "lpm_energy_mj":0, "radio_tx_energy_mj":0, "radio_rx_energy_mj":8, "node_time":2289372, "total_sent":213, "total_received":217, "bytes_tx":60, "bytes_rx":12, "r2n_latency":1244, "lqi":100, "rssi":-85, "server_sent":217, "server_received":430, "server_bytes_rx":60, "n2r_latency":398, "hops":1, "rtt_latency":692, "root_time_now":2289770}
[Mote:4] Sensor IPv6 = fe80::204:4:4:4
[Mote:1] {"node":"fd00::204:4:4:4", "cpu_energy_mj":19, "lpm_energy_mj":0, "radio_tx_energy_mj":0, "radio_rx_energy_mj":8, "node_time":2290603, "total_sent":216, "total_received":227, "bytes_tx":60, "bytes_rx":12, "r2n_latency":344, "lqi":100, "rssi":-74, "server_sent":227, "server_received":443, "server_bytes_rx":60, "n2r_latency":427, "hops":0, "rtt_latency":487, "root_time_now":2291030}
[Mote:2] Sensor IPv6 = fe80::202:2:2:2
[Mote:1] {"node":"fd00::202:2:2:2", "cpu_energy_mj":18, "lpm_energy_mj":0, "radio_tx_energy_mj":0, "radio_rx_energy_mj":8, "node_time":2295597, "total_sent":217, "total_received":227, "bytes_tx":60, "bytes_rx":12, "r2n_latency":64, "lqi":100, "rssi":-52, "server_sent":227, "server_received":444, "server_bytes_rx":60, "n2r_latency":53, "hops":0, "rtt_latency":137, "root_time_now":2295650}
[Mote:5] Sensor IPv6 = fe80::205:5:5:5
[Mote:1] {"node":"fd00::205:5:5:5", "cpu_energy_mj":19, "lpm_energy_mj":0, "radio_tx_energy_mj":0, "radio_rx_energy_mj":9, "node_time":2299016, "total_sent":201, "total_received":215, "bytes_tx":60, "bytes_rx":12, "r2n_latency":2234, "lqi":100, "rssi":-30, "server_sent":215, "server_received":416, "server_bytes_rx":60, "n2r_latency":204, "hops":2, "rtt_latency":1222, "root_time_now":2299220}
[Mote:3] Sensor IPv6 = fe80::203:3:3:3
[Mote:1] {"node":"fd00::203:3:3:3", "cpu_energy_mj":18, "lpm_energy_mj":0, "radio_tx_energy_mj":0, "radio_rx_energy_mj":8, "node_time":2299637, "total_sent":214, "total_received":218, "bytes_tx":60, "bytes_rx":12, "r2n_latency":1674, "lqi":100, "rssi":-85, "server_sent":219, "server_received":432, "server_bytes_rx":60, "n2r_latency":357, "hops":1, "rtt_latency":907, "root_time_now":2299994}
[Mote:4] Sensor IPv6 = fe80::204:4:4:4
[Mote:1] {"node":"fd00::204:4:4:4", "cpu_energy_mj":19, "lpm_energy_mj":0, "radio_tx_energy_mj":0, "radio_rx_energy_mj":8, "node_time":2301159, "total_sent":217, "total_received":228, "bytes_tx":60, "bytes_rx":12, "r2n_latency":354, "lqi":100, "rssi":-74, "server_sent":228, "server_received":445, "server_bytes_rx":60, "n2r_latency":301, "hops":0, "rtt_latency":492, "root_time_now":2301460}
[Mote:2] Sensor IPv6 = fe80::202:2:2:2
[Mote:1] {"node":"fd00::202:2:2:2", "cpu_energy_mj":18, "lpm_energy_mj":0, "radio_tx_energy_mj":0, "radio_rx_energy_mj":8, "node_time":2306130, "total_sent":218, "total_received":228, "bytes_tx":60, "bytes_rx":12, "r2n_latency":74, "lqi":100, "rssi":-52, "server_sent":228, "server_received":446, "server_bytes_rx":60, "n2r_latency":20, "hops":0, "rtt_latency":107, "root_time_now":2306150}
[Mote:5] Sensor IPv6 = fe80::205:5:5:5
[Mote:3] Sensor IPv6 = fe80::203:3:3:3
[Mote:1] {"node":"fd00::205:5:5:5", "cpu_energy_mj":19, "lpm_energy_mj":0, "radio_tx_energy_mj":0, "radio_rx_energy_mj":8, "node_time":2309808, "total_sent":202, "total_received":216, "bytes_tx":60, "bytes_rx":12, "r2n_latency":4274, "lqi":100, "rssi":-30, "server_sent":217, "server_received":418, "server_bytes_rx":60, "n2r_latency":402, "hops":2, "rtt_latency":2242, "root_time_now":2310210}
[Mote:1] {"node":"fd00::203:3:3:3", "cpu_energy_mj":18, "lpm_energy_mj":0, "radio_tx_energy_mj":0, "radio_rx_energy_mj":8, "node_time":2309904, "total_sent":215, "total_received":219, "bytes_tx":60, "bytes_rx":12, "r2n_latency":1544, "lqi":100, "rssi":-85, "server_sent":220, "server_received":434, "server_bytes_rx":60, "n2r_latency":866, "hops":1, "rtt_latency":842, "root_time_now":2310770}
[Mote:4] Sensor IPv6 = fe80::204:4:4:4
[Mote:1] {"node":"fd00::204:4:4:4", "cpu_energy_mj":19, "lpm_energy_mj":0, "radio_tx_energy_mj":0, "radio_rx_energy_mj":8, "node_time":2311713, "total_sent":218, "total_received":228, "bytes_tx":60, "bytes_rx":12, "r2n_latency":354, "lqi":100, "rssi":-74, "server_sent":229, "server_received":446, "server_bytes_rx":60, "n2r_latency":107, "hops":0, "rtt_latency":492, "root_time_now":2311820}
[Mote:2] Sensor IPv6 = fe80::202:2:2:2
[Mote:1] {"node":"fd00::202:2:2:2", "cpu_energy_mj":18, "lpm_energy_mj":0, "radio_tx_energy_mj":0, "radio_rx_energy_mj":8, "node_time":2316659, "total_sent":219, "total_received":229, "bytes_tx":60, "bytes_rx":12, "r2n_latency":84, "lqi":100, "rssi":-52, "server_sent":229, "server_received":448, "server_bytes_rx":60, "n2r_latency":61, "hops":0, "rtt_latency":252, "root_time_now":2316720}
[Mote:3] Sensor IPv6 = fe80::203:3:3:3
[Mote:1] {"node":"fd00::203:3:3:3", "cpu_energy_mj":18, "lpm_energy_mj":0, "radio_tx_energy_mj":0, "radio_rx_energy_mj":8, "node_time":2320166, "total_sent":216, "total_received":220, "bytes_tx":60, "bytes_rx":12, "r2n_latency":4074, "lqi":100, "rssi":-85, "server_sent":221, "server_received":436, "server_bytes_rx":60, "n2r_latency":334, "hops":1, "rtt_latency":2107, "root_time_now":2320500}
[Mote:5] Sensor IPv6 = fe80::205:5:5:5
[Mote:1] {"node":"fd00::205:5:5:5", "cpu_energy_mj":19, "lpm_energy_mj":0, "radio_tx_energy_mj":0, "radio_rx_energy_mj":8, "node_time":2320598, "total_sent":203, "total_received":217, "bytes_tx":60, "bytes_rx":12, "r2n_latency":4704, "lqi":100, "rssi":-30, "server_sent":218, "server_received":420, "server_bytes_rx":60, "n2r_latency":672, "hops":2, "rtt_latency":2492, "root_time_now":2321270}
[Mote:4] Sensor IPv6 = fe80::204:4:4:4
[Mote:1] {"node":"fd00::204:4:4:4", "cpu_energy_mj":19, "lpm_energy_mj":0, "radio_tx_energy_mj":0, "radio_rx_energy_mj":8, "node_time":2322271, "total_sent":219, "total_received":230, "bytes_tx":60, "bytes_rx":12, "r2n_latency":1564, "lqi":100, "rssi":-74, "server_sent":230, "server_received":449, "server_bytes_rx":60, "n2r_latency":469, "hops":0, "rtt_latency":1097, "root_time_now":2322740}
[Mote:2] Sensor IPv6 = fe80::202:2:2:2
[Mote:1] {"node":"fd00::202:2:2:2", "cpu_energy_mj":18, "lpm_energy_mj":0, "radio_tx_energy_mj":0, "radio_rx_energy_mj":8, "node_time":2327190, "total_sent":220, "total_received":230, "bytes_tx":60, "bytes_rx":12, "r2n_latency":24, "lqi":100, "rssi":-52, "server_sent":230, "server_received":450, "server_bytes_rx":60, "n2r_latency":30, "hops":0, "rtt_latency":362, "root_time_now":2327220}
[Mote:3] Sensor IPv6 = fe80::203:3:3:3
[Mote:1] {"node":"fd00::203:3:3:3", "cpu_energy_mj":18, "lpm_energy_mj":0, "radio_tx_energy_mj":0, "radio_rx_energy_mj":8, "node_time":2330430, "total_sent":217, "total_received":221, "bytes_tx":60, "bytes_rx":12, "r2n_latency":2264, "lqi":100, "rssi":-85, "server_sent":222, "server_received":438, "server_bytes_rx":60, "n2r_latency":570, "hops":1, "rtt_latency":1412, "root_time_now":2331000}
[Mote:5] Sensor IPv6 = fe80::205:5:5:5
[Mote:1] {"node":"fd00::205:5:5:5", "cpu_energy_mj":19, "lpm_energy_mj":0, "radio_tx_energy_mj":0, "radio_rx_energy_mj":8, "node_time":2331390, "total_sent":204, "total_received":218, "bytes_tx":60, "bytes_rx":12, "r2n_latency":3174, "lqi":100, "rssi":-30, "server_sent":219, "server_received":422, "server_bytes_rx":60, "n2r_latency":870, "hops":2, "rtt_latency":1692, "root_time_now":2332260}
[Mote:4] Sensor IPv6 = fe80::204:4:4:4
[Mote:1] {"node":"fd00::204:4:4:4", "cpu_energy_mj":19, "lpm_energy_mj":0, "radio_tx_energy_mj":0, "radio_rx_energy_mj":8, "node_time":2332825, "total_sent":220, "total_received":231, "bytes_tx":60, "bytes_rx":12, "r2n_latency":174, "lqi":100, "rssi":-74, "server_sent":231, "server_received":451, "server_bytes_rx":60, "n2r_latency":275, "hops":0, "rtt_latency":192, "root_time_now":2333100}
[Mote:2] Sensor IPv6 = fe80::202:2:2:2
[Mote:1] {"node":"fd00::202:2:2:2", "cpu_energy_mj":18, "lpm_energy_mj":0, "radio_tx_energy_mj":0, "radio_rx_energy_mj":8, "node_time":2337721, "total_sent":221, "total_received":231, "bytes_tx":60, "bytes_rx":12, "r2n_latency":34, "lqi":100, "rssi":-52, "server_sent":231, "server_received":452, "server_bytes_rx":60, "n2r_latency":69, "hops":0, "rtt_latency":297, "root_time_now":2337790}
[Mote:3] Sensor IPv6 = fe80::203:3:3:3
[Mote:1] {"node":"fd00::203:3:3:3", "cpu_energy_mj":18, "lpm_energy_mj":0, "radio_tx_energy_mj":0, "radio_rx_energy_mj":8, "node_time":2340696, "total_sent":218, "total_received":222, "bytes_tx":60, "bytes_rx":12, "r2n_latency":804, "lqi":100, "rssi":-85, "server_sent":223, "server_received":440, "server_bytes_rx":60, "n2r_latency":1364, "hops":1, "rtt_latency":1102, "root_time_now":2342060}
[Mote:5] Sensor IPv6 = fe80::205:5:5:5
[Mote:1] {"node":"fd00::205:5:5:5", "cpu_energy_mj":19, "lpm_energy_mj":0, "radio_tx_energy_mj":0, "radio_rx_energy_mj":8, "node_time":2342184, "total_sent":205, "total_received":219, "bytes_tx":60, "bytes_rx":12, "r2n_latency":2764, "lqi":100, "rssi":-30, "server_sent":220, "server_received":424, "server_bytes_rx":60, "n2r_latency":366, "hops":2, "rtt_latency":1627, "root_time_now":2342550}
[Mote:4] Sensor IPv6 = fe80::204:4:4:4
[Mote:1] {"node":"fd00::204:4:4:4", "cpu_energy_mj":19, "lpm_energy_mj":0, "radio_tx_energy_mj":0, "radio_rx_energy_mj":8, "node_time":2343381, "total_sent":221, "total_received":231, "bytes_tx":60, "bytes_rx":12, "r2n_latency":174, "lqi":100, "rssi":-74, "server_sent":232, "server_received":452, "server_bytes_rx":60, "n2r_latency":9, "hops":0, "rtt_latency":192, "root_time_now":2343390}
[Mote:2] Sensor IPv6 = fe80::202:2:2:2
[Mote:1] {"node":"fd00::202:2:2:2", "cpu_energy_mj":18, "lpm_energy_mj":0, "radio_tx_energy_mj":0, "radio_rx_energy_mj":8, "node_time":2348254, "total_sent":222, "total_received":232, "bytes_tx":60, "bytes_rx":12, "r2n_latency":44, "lqi":100, "rssi":-52, "server_sent":232, "server_received":454, "server_bytes_rx":60, "n2r_latency":36, "hops":0, "rtt_latency":652, "root_time_now":2348290}
[Mote:3] Sensor IPv6 = fe80::203:3:3:3
[Mote:1] {"node":"fd00::203:3:3:3", "cpu_energy_mj":18, "lpm_energy_mj":0, "radio_tx_energy_mj":0, "radio_rx_energy_mj":8, "node_time":2350958, "total_sent":219, "total_received":224, "bytes_tx":60, "bytes_rx":12, "r2n_latency":824, "lqi":100, "rssi":-85, "server_sent":224, "server_received":443, "server_bytes_rx":60, "n2r_latency":1182, "hops":1, "rtt_latency":1042, "root_time_now":2352140}
[Mote:5] Sensor IPv6 = fe80::205:5:5:5
[Mote:1] {"node":"fd00::205:5:5:5", "cpu_energy_mj":19, "lpm_energy_mj":0, "radio_tx_energy_mj":0, "radio_rx_energy_mj":8, "node_time":2352974, "total_sent":206, "total_received":221, "bytes_tx":60, "bytes_rx":12, "r2n_latency":1804, "lqi":100, "rssi":-30, "server_sent":221, "server_received":427, "server_bytes_rx":60, "n2r_latency":216, "hops":2, "rtt_latency":1217, "root_time_now":2353190}
[Mote:4] Sensor IPv6 = fe80::204:4:4:4
[Mote:1] {"node":"fd00::204:4:4:4", "cpu_energy_mj":19, "lpm_energy_mj":0, "radio_tx_energy_mj":1, "radio_rx_energy_mj":7, "node_time":2353937, "total_sent":222, "total_received":233, "bytes_tx":60, "bytes_rx":12, "r2n_latency":124, "lqi":100, "rssi":-74, "server_sent":233, "server_received":455, "server_bytes_rx":60, "n2r_latency":23, "hops":0, "rtt_latency":132, "root_time_now":2353960}
[Mote:2] Sensor IPv6 = fe80::202:2:2:2
[Mote:1] {"node":"fd00::202:2:2:2", "cpu_energy_mj":18, "lpm_energy_mj":0, "radio_tx_energy_mj":0, "radio_rx_energy_mj":8, "node_time":2358785, "total_sent":223, "total_received":233, "bytes_tx":60, "bytes_rx":12, "r2n_latency":334, "lqi":100, "rssi":-52, "server_sent":233, "server_received":456, "server_bytes_rx":60, "n2r_latency":5, "hops":0, "rtt_latency":202, "root_time_now":2358790}
[Mote:3] Sensor IPv6 = fe80::203:3:3:3
[Mote:1] {"node":"fd00::203:3:3:3", "cpu_energy_mj":18, "lpm_energy_mj":0, "radio_tx_energy_mj":0, "radio_rx_energy_mj":8, "node_time":2361222, "total_sent":220, "total_received":225, "bytes_tx":60, "bytes_rx":12, "r2n_latency":904, "lqi":100, "rssi":-85, "server_sent":225, "server_received":445, "server_bytes_rx":60, "n2r_latency":298, "hops":1, "rtt_latency":662, "root_time_now":2361520}
[Mote:5] Sensor IPv6 = fe80::205:5:5:5
[Mote:1] {"node":"fd00::205:5:5:5", "cpu_energy_mj":19, "lpm_energy_mj":0, "radio_tx_energy_mj":0, "radio_rx_energy_mj":9, "node_time":2363766, "total_sent":207, "total_received":222, "bytes_tx":60, "bytes_rx":12, "r2n_latency":1744, "lqi":100, "rssi":-30, "server_sent":222, "server_received":429, "server_bytes_rx":60, "n2r_latency":204, "hops":2, "rtt_latency":977, "root_time_now":2363970}
[Mote:4] Sensor IPv6 = fe80::204:4:4:4
[Mote:1] {"node":"fd00::204:4:4:4", "cpu_energy_mj":19, "lpm_energy_mj":0, "radio_tx_energy_mj":0, "radio_rx_energy_mj":8, "node_time":2364493, "total_sent":223, "total_received":234, "bytes_tx":60, "bytes_rx":12, "r2n_latency":204, "lqi":100, "rssi":-74, "server_sent":234, "server_received":457, "server_bytes_rx":60, "n2r_latency":37, "hops":0, "rtt_latency":522, "root_time_now":2364530}
[Mote:2] Sensor IPv6 = fe80::202:2:2:2
[Mote:1] {"node":"fd00::202:2:2:2", "cpu_energy_mj":18, "lpm_energy_mj":0, "radio_tx_energy_mj":0, "radio_rx_energy_mj":8, "node_time":2369314, "total_sent":224, "total_received":234, "bytes_tx":60, "bytes_rx":12, "r2n_latency":64, "lqi":100, "rssi":-52, "server_sent":234, "server_received":458, "server_bytes_rx":60, "n2r_latency":46, "hops":0, "rtt_latency":172, "root_time_now":2369360}
[Mote:3] Sensor IPv6 = fe80::203:3:3:3
[Mote:1] {"node":"fd00::203:3:3:3", "cpu_energy_mj":18, "lpm_energy_mj":0, "radio_tx_energy_mj":0, "radio_rx_energy_mj":8, "node_time":2371486, "total_sent":221, "total_received":226, "bytes_tx":60, "bytes_rx":12, "r2n_latency":1334, "lqi":100, "rssi":-85, "server_sent":226, "server_received":447, "server_bytes_rx":60, "n2r_latency":814, "hops":1, "rtt_latency":737, "root_time_now":2372300}
[Mote:5] Sensor IPv6 = fe80::205:5:5:5
[Mote:1] {"node":"fd00::205:5:5:5", "cpu_energy_mj":19, "lpm_energy_mj":0, "radio_tx_energy_mj":0, "radio_rx_energy_mj":8, "node_time":2374558, "total_sent":208, "total_received":223, "bytes_tx":60, "bytes_rx":12, "r2n_latency":1824, "lqi":100, "rssi":-30, "server_sent":223, "server_received":431, "server_bytes_rx":60, "n2r_latency":192, "hops":2, "rtt_latency":1192, "root_time_now":2374750}
[Mote:4] Sensor IPv6 = fe80::204:4:4:4
[Mote:1] {"node":"fd00::204:4:4:4", "cpu_energy_mj":19, "lpm_energy_mj":0, "radio_tx_energy_mj":0, "radio_rx_energy_mj":8, "node_time":2375049, "total_sent":224, "total_received":235, "bytes_tx":60, "bytes_rx":12, "r2n_latency":634, "lqi":100, "rssi":-74, "server_sent":235, "server_received":459, "server_bytes_rx":60, "n2r_latency":51, "hops":0, "rtt_latency":562, "root_time_now":2375100}
[Mote:2] Sensor IPv6 = fe80::202:2:2:2
[Mote:1] {"node":"fd00::202:2:2:2", "cpu_energy_mj":18, "lpm_energy_mj":0, "radio_tx_energy_mj":0, "radio_rx_energy_mj":8, "node_time":2379845, "total_sent":225, "total_received":235, "bytes_tx":60, "bytes_rx":12, "r2n_latency":74, "lqi":100, "rssi":-52, "server_sent":235, "server_received":460, "server_bytes_rx":60, "n2r_latency":15, "hops":0, "rtt_latency":1717, "root_time_now":2379860}
[Mote:3] Sensor IPv6 = fe80::203:3:3:3
[Mote:1] {"node":"fd00::203:3:3:3", "cpu_energy_mj":18, "lpm_energy_mj":0, "radio_tx_energy_mj":0, "radio_rx_energy_mj":8, "node_time":2381750, "total_sent":222, "total_received":227, "bytes_tx":60, "bytes_rx":12, "r2n_latency":854, "lqi":100, "rssi":-85, "server_sent":227, "server_received":449, "server_bytes_rx":60, "n2r_latency":140, "hops":1, "rtt_latency":497, "root_time_now":2381890}
[Mote:5] Sensor IPv6 = fe80::205:5:5:5
[Mote:1] {"node":"fd00::205:5:5:5", "cpu_energy_mj":19, "lpm_energy_mj":0, "radio_tx_energy_mj":0, "radio_rx_energy_mj":8, "node_time":2385350, "total_sent":209, "total_received":224, "bytes_tx":60, "bytes_rx":12, "r2n_latency":1204, "lqi":100, "rssi":-30, "server_sent":224, "server_received":433, "server_bytes_rx":60, "n2r_latency":180, "hops":2, "rtt_latency":707, "root_time_now":2385530}
[Mote:4] Sensor IPv6 = fe80::204:4:4:4
[Mote:1] {"node":"fd00::204:4:4:4", "cpu_energy_mj":19, "lpm_energy_mj":0, "radio_tx_energy_mj":0, "radio_rx_energy_mj":8, "node_time":2385605, "total_sent":225, "total_received":236, "bytes_tx":60, "bytes_rx":12, "r2n_latency":364, "lqi":100, "rssi":-74, "server_sent":236, "server_received":461, "server_bytes_rx":60, "n2r_latency":65, "hops":0, "rtt_latency":252, "root_time_now":2385670}
[Mote:2] Sensor IPv6 = fe80::202:2:2:2
[Mote:1] {"node":"fd00::202:2:2:2", "cpu_energy_mj":18, "lpm_energy_mj":0, "radio_tx_energy_mj":0, "radio_rx_energy_mj":8, "node_time":2390376, "total_sent":226, "total_received":237, "bytes_tx":60, "bytes_rx":12, "r2n_latency":24, "lqi":100, "rssi":-52, "server_sent":237, "server_received":463, "server_bytes_rx":60, "n2r_latency":334, "hops":0, "rtt_latency":117, "root_time_now":2390710}
[Mote:3] Sensor IPv6 = fe80::203:3:3:3
[Mote:1] {"node":"fd00::203:3:3:3", "cpu_energy_mj":18, "lpm_energy_mj":0, "radio_tx_energy_mj":0, "radio_rx_energy_mj":8, "node_time":2392013, "total_sent":223, "total_received":228, "bytes_tx":60, "bytes_rx":12, "r2n_latency":1494, "lqi":100, "rssi":-85, "server_sent":228, "server_received":451, "server_bytes_rx":60, "n2r_latency":1217, "hops":1, "rtt_latency":817, "root_time_now":2393230}
[Mote:5] Sensor IPv6 = fe80::205:5:5:5
[Mote:4] Sensor IPv6 = fe80::204:4:4:4
[Mote:1] {"node":"fd00::204:4:4:4", "cpu_energy_mj":19, "lpm_energy_mj":0, "radio_tx_energy_mj":0, "radio_rx_energy_mj":8, "node_time":2396165, "total_sent":226, "total_received":237, "bytes_tx":60, "bytes_rx":12, "r2n_latency":304, "lqi":100, "rssi":-74, "server_sent":237, "server_received":463, "server_bytes_rx":60, "n2r_latency":75, "hops":0, "rtt_latency":257, "root_time_now":2396240}
[Mote:1] {"node":"fd00::205:5:5:5", "cpu_energy_mj":19, "lpm_energy_mj":0, "radio_tx_energy_mj":0, "radio_rx_energy_mj":8, "node_time":2396142, "total_sent":210, "total_received":225, "bytes_tx":60, "bytes_rx":12, "r2n_latency":1984, "lqi":100, "rssi":-30, "server_sent":225, "server_received":435, "server_bytes_rx":60, "n2r_latency":378, "hops":2, "rtt_latency":1657, "root_time_now":2396520}
[Mote:2] Sensor IPv6 = fe80::202:2:2:2
[Mote:1] {"node":"fd00::202:2:2:2", "cpu_energy_mj":18, "lpm_energy_mj":0, "radio_tx_energy_mj":0, "radio_rx_energy_mj":8, "node_time":2400907, "total_sent":227, "total_received":238, "bytes_tx":60, "bytes_rx":12, "r2n_latency":34, "lqi":100, "rssi":-52, "server_sent":238, "server_received":465, "server_bytes_rx":60, "n2r_latency":93, "hops":0, "rtt_latency":87, "root_time_now":2401000}
[Mote:3] Sensor IPv6 = fe80::203:3:3:3
[Mote:1] {"node":"fd00::203:3:3:3", "cpu_energy_mj":18, "lpm_energy_mj":0, "radio_tx_energy_mj":0, "radio_rx_energy_mj":8, "node_time":2402278, "total_sent":224, "total_received":229, "bytes_tx":60, "bytes_rx":12, "r2n_latency":1434, "lqi":100, "rssi":-85, "server_sent":229, "server_received":453, "server_bytes_rx":60, "n2r_latency":122, "hops":1, "rtt_latency":892, "root_time_now":2402400}
[Mote:4] Sensor IPv6 = fe80::204:4:4:4
[Mote:1] {"node":"fd00::204:4:4:4", "cpu_energy_mj":19, "lpm_energy_mj":0, "radio_tx_energy_mj":0, "radio_rx_energy_mj":8, "node_time":2406717, "total_sent":227, "total_received":238, "bytes_tx":60, "bytes_rx":12, "r2n_latency":314, "lqi":100, "rssi":-74, "server_sent":238, "server_received":465, "server_bytes_rx":60, "n2r_latency":23, "hops":0, "rtt_latency":227, "root_time_now":2406740}
[Mote:5] Sensor IPv6 = fe80::205:5:5:5
[Mote:1] {"node":"fd00::205:5:5:5", "cpu_energy_mj":19, "lpm_energy_mj":0, "radio_tx_energy_mj":0, "radio_rx_energy_mj":8, "node_time":2406934, "total_sent":211, "total_received":226, "bytes_tx":60, "bytes_rx":12, "r2n_latency":1924, "lqi":100, "rssi":-30, "server_sent":226, "server_received":437, "server_bytes_rx":60, "n2r_latency":156, "hops":2, "rtt_latency":1067, "root_time_now":2407090}
[Mote:2] Sensor IPv6 = fe80::202:2:2:2
[Mote:1] {"node":"fd00::202:2:2:2", "cpu_energy_mj":18, "lpm_energy_mj":0, "radio_tx_energy_mj":0, "radio_rx_energy_mj":8, "node_time":2411438, "total_sent":228, "total_received":239, "bytes_tx":60, "bytes_rx":12, "r2n_latency":44, "lqi":100, "rssi":-52, "server_sent":239, "server_received":467, "server_bytes_rx":60, "n2r_latency":482, "hops":0, "rtt_latency":932, "root_time_now":2411920}
[Mote:3] Sensor IPv6 = fe80::203:3:3:3
[Mote:1] {"node":"fd00::203:3:3:3", "cpu_energy_mj":18, "lpm_energy_mj":0, "radio_tx_energy_mj":0, "radio_rx_energy_mj":8, "node_time":2412542, "total_sent":225, "total_received":230, "bytes_tx":60, "bytes_rx":12, "r2n_latency":674, "lqi":100, "rssi":-85, "server_sent":230, "server_received":455, "server_bytes_rx":60, "n2r_latency":78, "hops":1, "rtt_latency":512, "root_time_now":2412620}
[Mote:4] Sensor IPv6 = fe80::204:4:4:4
[Mote:1] {"node":"fd00::204:4:4:4", "cpu_energy_mj":19, "lpm_energy_mj":0, "radio_tx_energy_mj":0, "radio_rx_energy_mj":8, "node_time":2417273, "total_sent":228, "total_received":239, "bytes_tx":60, "bytes_rx":12, "r2n_latency":184, "lqi":100, "rssi":-74, "server_sent":239, "server_received":467, "server_bytes_rx":60, "n2r_latency":37, "hops":0, "rtt_latency":162, "root_time_now":2417310}
[Mote:5] Sensor IPv6 = fe80::205:5:5:5
[Mote:1] {"node":"fd00::205:5:5:5", "cpu_energy_mj":19, "lpm_energy_mj":0, "radio_tx_energy_mj":0, "radio_rx_energy_mj":8, "node_time":2417726, "total_sent":212, "total_received":227, "bytes_tx":60, "bytes_rx":12, "r2n_latency":1304, "lqi":100, "rssi":-30, "server_sent":227, "server_received":439, "server_bytes_rx":60, "n2r_latency":214, "hops":2, "rtt_latency":897, "root_time_now":2417940}
[Mote:2] Sensor IPv6 = fe80::202:2:2:2
[Mote:1] {"node":"fd00::202:2:2:2", "cpu_energy_mj":18, "lpm_energy_mj":0, "radio_tx_energy_mj":0, "radio_rx_energy_mj":8, "node_time":2421969, "total_sent":229, "total_received":240, "bytes_tx":60, "bytes_rx":12, "r2n_latency":54, "lqi":100, "rssi":-52, "server_sent":240, "server_received":469, "server_bytes_rx":60, "n2r_latency":241, "hops":0, "rtt_latency":972, "root_time_now":2422210}
[Mote:3] Sensor IPv6 = fe80::203:3:3:3
[Mote:1] {"node":"fd00::203:3:3:3", "cpu_energy_mj":18, "lpm_energy_mj":0, "radio_tx_energy_mj":0, "radio_rx_energy_mj":8, "node_time":2422806, "total_sent":226, "total_received":231, "bytes_tx":60, "bytes_rx":12, "r2n_latency":754, "lqi":100, "rssi":-85, "server_sent":231, "server_received":457, "server_bytes_rx":60, "n2r_latency":104, "hops":1, "rtt_latency":832, "root_time_now":2422910}
[Mote:4] Sensor IPv6 = fe80::204:4:4:4
[Mote:1] {"node":"fd00::204:4:4:4", "cpu_energy_mj":19, "lpm_energy_mj":0, "radio_tx_energy_mj":0, "radio_rx_energy_mj":8, "node_time":2427831, "total_sent":229, "total_received":240, "bytes_tx":60, "bytes_rx":12, "r2n_latency":194, "lqi":100, "rssi":-74, "server_sent":240, "server_received":469, "server_bytes_rx":60, "n2r_latency":49, "hops":0, "rtt_latency":272, "root_time_now":2427880}
[Mote:5] Sensor IPv6 = fe80::205:5:5:5
[Mote:1] {"node":"fd00::205:5:5:5", "cpu_energy_mj":19, "lpm_energy_mj":0, "radio_tx_energy_mj":0, "radio_rx_energy_mj":8, "node_time":2428518, "total_sent":213, "total_received":228, "bytes_tx":60, "bytes_rx":12, "r2n_latency":3764, "lqi":100, "rssi":-30, "server_sent":228, "server_received":441, "server_bytes_rx":60, "n2r_latency":202, "hops":2, "rtt_latency":1987, "root_time_now":2428720}
[Mote:2] Sensor IPv6 = fe80::202:2:2:2
[Mote:1] {"node":"fd00::202:2:2:2", "cpu_energy_mj":18, "lpm_energy_mj":0, "radio_tx_energy_mj":0, "radio_rx_energy_mj":8, "node_time":2432500, "total_sent":230, "total_received":241, "bytes_tx":60, "bytes_rx":12, "r2n_latency":64, "lqi":100, "rssi":-52, "server_sent":241, "server_received":471, "server_bytes_rx":60, "n2r_latency":70, "hops":0, "rtt_latency":172, "root_time_now":2432570}
[Mote:3] Sensor IPv6 = fe80::203:3:3:3
[Mote:1] {"node":"fd00::203:3:3:3", "cpu_energy_mj":18, "lpm_energy_mj":0, "radio_tx_energy_mj":0, "radio_rx_energy_mj":8, "node_time":2433070, "total_sent":227, "total_received":232, "bytes_tx":60, "bytes_rx":12, "r2n_latency":1254, "lqi":100, "rssi":-85, "server_sent":232, "server_received":459, "server_bytes_rx":60, "n2r_latency":130, "hops":1, "rtt_latency":1012, "root_time_now":2433200}
[Mote:4] Sensor IPv6 = fe80::204:4:4:4
[Mote:1] {"node":"fd00::204:4:4:4", "cpu_energy_mj":19, "lpm_energy_mj":0, "radio_tx_energy_mj":0, "radio_rx_energy_mj":8, "node_time":2438389, "total_sent":230, "total_received":241, "bytes_tx":60, "bytes_rx":12, "r2n_latency":414, "lqi":100, "rssi":-74, "server_sent":241, "server_received":471, "server_bytes_rx":60, "n2r_latency":61, "hops":0, "rtt_latency":382, "root_time_now":2438450}
[Mote:5] Sensor IPv6 = fe80::205:5:5:5
[Mote:1] {"node":"fd00::205:5:5:5", "cpu_energy_mj":19, "lpm_energy_mj":0, "radio_tx_energy_mj":0, "radio_rx_energy_mj":9, "node_time":2439312, "total_sent":214, "total_received":229, "bytes_tx":60, "bytes_rx":12, "r2n_latency":2164, "lqi":100, "rssi":-30, "server_sent":229, "server_received":443, "server_bytes_rx":60, "n2r_latency":188, "hops":2, "rtt_latency":1187, "root_time_now":2439500}
[Mote:2] Sensor IPv6 = fe80::202:2:2:2
[Mote:1] {"node":"fd00::202:2:2:2", "cpu_energy_mj":18, "lpm_energy_mj":0, "radio_tx_energy_mj":0, "radio_rx_energy_mj":8, "node_time":2443031, "total_sent":231, "total_received":242, "bytes_tx":60, "bytes_rx":12, "r2n_latency":74, "lqi":100, "rssi":-52, "server_sent":242, "server_received":473, "server_bytes_rx":60, "n2r_latency":39, "hops":0, "rtt_latency":247, "root_time_now":2443070}
[Mote:3] Sensor IPv6 = fe80::203:3:3:3
[Mote:1] {"node":"fd00::203:3:3:3", "cpu_energy_mj":18, "lpm_energy_mj":0, "radio_tx_energy_mj":0, "radio_rx_energy_mj":8, "node_time":2443334, "total_sent":228, "total_received":233, "bytes_tx":60, "bytes_rx":12, "r2n_latency":1894, "lqi":100, "rssi":-85, "server_sent":233, "server_received":461, "server_bytes_rx":60, "n2r_latency":86, "hops":1, "rtt_latency":1297, "root_time_now":2443420}
[Mote:4] Sensor IPv6 = fe80::204:4:4:4
[Mote:1] {"node":"fd00::204:4:4:4", "cpu_energy_mj":19, "lpm_energy_mj":0, "radio_tx_energy_mj":0, "radio_rx_energy_mj":8, "node_time":2448945, "total_sent":231, "total_received":242, "bytes_tx":60, "bytes_rx":12, "r2n_latency":564, "lqi":100, "rssi":-74, "server_sent":242, "server_received":473, "server_bytes_rx":60, "n2r_latency":5, "hops":0, "rtt_latency":422, "root_time_now":2448950}
[Mote:5] Sensor IPv6 = fe80::205:5:5:5
[Mote:1] {"node":"fd00::205:5:5:5", "cpu_energy_mj":19, "lpm_energy_mj":0, "radio_tx_energy_mj":0, "radio_rx_energy_mj":8, "node_time":2450102, "total_sent":215, "total_received":230, "bytes_tx":60, "bytes_rx":12, "r2n_latency":2174, "lqi":100, "rssi":-30, "server_sent":231, "server_received":445, "server_bytes_rx":60, "n2r_latency":948, "hops":2, "rtt_latency":1437, "root_time_now":2451050}
[Mote:2] Sensor IPv6 = fe80::202:2:2:2
[Mote:1] {"node":"fd00::202:2:2:2", "cpu_energy_mj":18, "lpm_energy_mj":0, "radio_tx_energy_mj":0, "radio_rx_energy_mj":8, "node_time":2453562, "total_sent":232, "total_received":243, "bytes_tx":60, "bytes_rx":12, "r2n_latency":14, "lqi":100, "rssi":-52, "server_sent":243, "server_received":475, "server_bytes_rx":60, "n2r_latency":8, "hops":0, "rtt_latency":1232, "root_time_now":2453570}
[Mote:3] Sensor IPv6 = fe80::203:3:3:3
[Mote:1] {"node":"fd00::203:3:3:3", "cpu_energy_mj":18, "lpm_energy_mj":0, "radio_tx_energy_mj":0, "radio_rx_energy_mj":8, "node_time":2453598, "total_sent":229, "total_received":234, "bytes_tx":60, "bytes_rx":12, "r2n_latency":1834, "lqi":100, "rssi":-85, "server_sent":234, "server_received":463, "server_bytes_rx":60, "n2r_latency":112, "hops":1, "rtt_latency":1092, "root_time_now":2453710}
[Mote:4] Sensor IPv6 = fe80::204:4:4:4
[Mote:1] {"node":"fd00::204:4:4:4", "cpu_energy_mj":19, "lpm_energy_mj":0, "radio_tx_energy_mj":0, "radio_rx_energy_mj":8, "node_time":2459497, "total_sent":232, "total_received":243, "bytes_tx":60, "bytes_rx":12, "r2n_latency":1414, "lqi":100, "rssi":-74, "server_sent":243, "server_received":475, "server_bytes_rx":60, "n2r_latency":23, "hops":0, "rtt_latency":777, "root_time_now":2459520}
[Mote:5] Sensor IPv6 = fe80::205:5:5:5
[Mote:1] {"node":"fd00::205:5:5:5", "cpu_energy_mj":19, "lpm_energy_mj":0, "radio_tx_energy_mj":0, "radio_rx_energy_mj":8, "node_time":2460894, "total_sent":216, "total_received":231, "bytes_tx":60, "bytes_rx":12, "r2n_latency":2674, "lqi":100, "rssi":-30, "server_sent":232, "server_received":447, "server_bytes_rx":60, "n2r_latency":446, "hops":2, "rtt_latency":1442, "root_time_now":2461340}
[Mote:3] Sensor IPv6 = fe80::203:3:3:3
[Mote:1] {"node":"fd00::203:3:3:3", "cpu_energy_mj":18, "lpm_energy_mj":0, "radio_tx_energy_mj":0, "radio_rx_energy_mj":8, "node_time":2463862, "total_sent":230, "total_received":235, "bytes_tx":60, "bytes_rx":12, "r2n_latency":2194, "lqi":100, "rssi":-85, "server_sent":235, "server_received":465, "server_bytes_rx":60, "n2r_latency":138, "hops":1, "rtt_latency":1272, "root_time_now":2464000}
[Mote:2] Sensor IPv6 = fe80::202:2:2:2
[Mote:1] {"node":"fd00::202:2:2:2", "cpu_energy_mj":18, "lpm_energy_mj":0, "radio_tx_energy_mj":0, "radio_rx_energy_mj":8, "node_time":2464095, "total_sent":233, "total_received":244, "bytes_tx":60, "bytes_rx":12, "r2n_latency":24, "lqi":100, "rssi":-52, "server_sent":244, "server_received":477, "server_bytes_rx":60, "n2r_latency":45, "hops":0, "rtt_latency":222, "root_time_now":2464140}
[Mote:4] Sensor IPv6 = fe80::204:4:4:4
[Mote:1] {"node":"fd00::204:4:4:4", "cpu_energy_mj":19, "lpm_energy_mj":0, "radio_tx_energy_mj":0, "radio_rx_energy_mj":8, "node_time":2470053, "total_sent":233, "total_received":244, "bytes_tx":60, "bytes_rx":12, "r2n_latency":654, "lqi":100, "rssi":-74, "server_sent":245, "server_received":477, "server_bytes_rx":60, "n2r_latency":527, "hops":0, "rtt_latency":397, "root_time_now":2470580}
[Mote:5] Sensor IPv6 = fe80::205:5:5:5
[Mote:1] {"node":"fd00::205:5:5:5", "cpu_energy_mj":19, "lpm_energy_mj":0, "radio_tx_energy_mj":0, "radio_rx_energy_mj":8, "node_time":2471685, "total_sent":217, "total_received":233, "bytes_tx":60, "bytes_rx":12, "r2n_latency":1644, "lqi":100, "rssi":-30, "server_sent":233, "server_received":450, "server_bytes_rx":60, "n2r_latency":505, "hops":2, "rtt_latency":962, "root_time_now":2472190}
[Mote:3] Sensor IPv6 = fe80::203:3:3:3
[Mote:1] {"node":"fd00::203:3:3:3", "cpu_energy_mj":18, "lpm_energy_mj":0, "radio_tx_energy_mj":0, "radio_rx_energy_mj":8, "node_time":2474124, "total_sent":231, "total_received":236, "bytes_tx":60, "bytes_rx":12, "r2n_latency":1224, "lqi":100, "rssi":-85, "server_sent":236, "server_received":467, "server_bytes_rx":60, "n2r_latency":96, "hops":1, "rtt_latency":717, "root_time_now":2474220}
[Mote:2] Sensor IPv6 = fe80::202:2:2:2
[Mote:1] {"node":"fd00::202:2:2:2", "cpu_energy_mj":18, "lpm_energy_mj":0, "radio_tx_energy_mj":0, "radio_rx_energy_mj":8, "node_time":2474624, "total_sent":234, "total_received":245, "bytes_tx":60, "bytes_rx":12, "r2n_latency":34, "lqi":100, "rssi":-52, "server_sent":245, "server_received":479, "server_bytes_rx":60, "n2r_latency":16, "hops":0, "rtt_latency":402, "root_time_now":2474640}
[Mote:4] Sensor IPv6 = fe80::204:4:4:4
[Mote:1] {"node":"fd00::204:4:4:4", "cpu_energy_mj":19, "lpm_energy_mj":0, "radio_tx_energy_mj":0, "radio_rx_energy_mj":8, "node_time":2480611, "total_sent":234, "total_received":246, "bytes_tx":60, "bytes_rx":12, "r2n_latency":394, "lqi":100, "rssi":-74, "server_sent":246, "server_received":480, "server_bytes_rx":60, "n2r_latency":1309, "hops":0, "rtt_latency":302, "root_time_now":2481920}
[Mote:5] Sensor IPv6 = fe80::205:5:5:5
[Mote:1] {"node":"fd00::205:5:5:5", "cpu_energy_mj":19, "lpm_energy_mj":0, "radio_tx_energy_mj":0, "radio_rx_energy_mj":8, "node_time":2482481, "total_sent":218, "total_received":233, "bytes_tx":60, "bytes_rx":12, "r2n_latency":1644, "lqi":100, "rssi":-30, "server_sent":234, "server_received":451, "server_bytes_rx":60, "n2r_latency":699, "hops":2, "rtt_latency":962, "root_time_now":2483180}
[Mote:3] Sensor IPv6 = fe80::203:3:3:3
[Mote:1] {"node":"fd00::203:3:3:3", "cpu_energy_mj":18, "lpm_energy_mj":0, "radio_tx_energy_mj":0, "radio_rx_energy_mj":8, "node_time":2484390, "total_sent":232, "total_received":237, "bytes_tx":60, "bytes_rx":12, "r2n_latency":3334, "lqi":100, "rssi":-85, "server_sent":237, "server_received":469, "server_bytes_rx":60, "n2r_latency":120, "hops":1, "rtt_latency":2017, "root_time_now":2484510}
[Mote:2] Sensor IPv6 = fe80::202:2:2:2
[Mote:1] {"node":"fd00::202:2:2:2", "cpu_energy_mj":18, "lpm_energy_mj":0, "radio_tx_energy_mj":0, "radio_rx_energy_mj":8, "node_time":2485155, "total_sent":235, "total_received":246, "bytes_tx":60, "bytes_rx":12, "r2n_latency":44, "lqi":100, "rssi":-52, "server_sent":246, "server_received":481, "server_bytes_rx":60, "n2r_latency":55, "hops":0, "rtt_latency":162, "root_time_now":2485210}
[Mote:4] Sensor IPv6 = fe80::204:4:4:4
[Mote:1] {"node":"fd00::204:4:4:4", "cpu_energy_mj":19, "lpm_energy_mj":0, "radio_tx_energy_mj":1, "radio_rx_energy_mj":8, "node_time":2491167, "total_sent":235, "total_received":247, "bytes_tx":60, "bytes_rx":12, "r2n_latency":404, "lqi":100, "rssi":-74, "server_sent":247, "server_received":482, "server_bytes_rx":60, "n2r_latency":413, "hops":0, "rtt_latency":377, "root_time_now":2491580}
[Mote:5] Sensor IPv6 = fe80::205:5:5:5
[Mote:1] {"node":"fd00::205:5:5:5", "cpu_energy_mj":19, "lpm_energy_mj":0, "radio_tx_energy_mj":0, "radio_rx_energy_mj":8, "node_time":2493272, "total_sent":219, "total_received":235, "bytes_tx":60, "bytes_rx":12, "r2n_latency":1734, "lqi":100, "rssi":-30, "server_sent":235, "server_received":454, "server_bytes_rx":60, "n2r_latency":198, "hops":2, "rtt_latency":972, "root_time_now":2493470}
[Mote:3] Sensor IPv6 = fe80::203:3:3:3
[Mote:1] {"node":"fd00::203:3:3:3", "cpu_energy_mj":18, "lpm_energy_mj":0, "radio_tx_energy_mj":0, "radio_rx_energy_mj":8, "node_time":2494652, "total_sent":233, "total_received":238, "bytes_tx":60, "bytes_rx":12, "r2n_latency":824, "lqi":100, "rssi":-85, "server_sent":238, "server_received":471, "server_bytes_rx":60, "n2r_latency":78, "hops":1, "rtt_latency":762, "root_time_now":2494730}
[Mote:2] Sensor IPv6 = fe80::202:2:2:2
[Mote:1] {"node":"fd00::202:2:2:2", "cpu_energy_mj":18, "lpm_energy_mj":0, "radio_tx_energy_mj":0, "radio_rx_energy_mj":8, "node_time":2495688, "total_sent":236, "total_received":247, "bytes_tx":60, "bytes_rx":12, "r2n_latency":54, "lqi":100, "rssi":-52, "server_sent":247, "server_received":483, "server_bytes_rx":60, "n2r_latency":22, "hops":0, "rtt_latency":97, "root_time_now":2495710}
[Mote:4] Sensor IPv6 = fe80::204:4:4:4
[Mote:1] {"node":"fd00::204:4:4:4", "cpu_energy_mj":19, "lpm_energy_mj":0, "radio_tx_energy_mj":0, "radio_rx_energy_mj":8, "node_time":2501723, "total_sent":236, "total_received":248, "bytes_tx":60, "bytes_rx":12, "r2n_latency":414, "lqi":100, "rssi":-74, "server_sent":248, "server_received":484, "server_bytes_rx":60, "n2r_latency":7, "hops":0, "rtt_latency":277, "root_time_now":2501730}
[Mote:5] Sensor IPv6 = fe80::205:5:5:5
[Mote:1] {"node":"fd00::205:5:5:5", "cpu_energy_mj":19, "lpm_energy_mj":0, "radio_tx_energy_mj":0, "radio_rx_energy_mj":8, "node_time":2504062, "total_sent":220, "total_received":236, "bytes_tx":60, "bytes_rx":12, "r2n_latency":2024, "lqi":100, "rssi":-30, "server_sent":236, "server_received":456, "server_bytes_rx":60, "n2r_latency":188, "hops":2, "rtt_latency":1117, "root_time_now":2504250}
[Mote:3] Sensor IPv6 = fe80::203:3:3:3
[Mote:1] {"node":"fd00::203:3:3:3", "cpu_energy_mj":18, "lpm_energy_mj":0, "radio_tx_energy_mj":0, "radio_rx_energy_mj":8, "node_time":2504916, "total_sent":234, "total_received":239, "bytes_tx":60, "bytes_rx":12, "r2n_latency":834, "lqi":100, "rssi":-85, "server_sent":239, "server_received":473, "server_bytes_rx":60, "n2r_latency":104, "hops":1, "rtt_latency":627, "root_time_now":2505020}
[Mote:2] Sensor IPv6 = fe80::202:2:2:2
[Mote:1] {"node":"fd00::202:2:2:2", "cpu_energy_mj":18, "lpm_energy_mj":0, "radio_tx_energy_mj":0, "radio_rx_energy_mj":8, "node_time":2506217, "total_sent":237, "total_received":248, "bytes_tx":60, "bytes_rx":12, "r2n_latency":64, "lqi":100, "rssi":-52, "server_sent":248, "server_received":485, "server_bytes_rx":60, "n2r_latency":63, "hops":0, "rtt_latency":102, "root_time_now":2506280}
[Mote:4] Sensor IPv6 = fe80::204:4:4:4
[Mote:1] {"node":"fd00::204:4:4:4", "cpu_energy_mj":19, "lpm_energy_mj":0, "radio_tx_energy_mj":0, "radio_rx_energy_mj":8, "node_time":2512279, "total_sent":237, "total_received":249, "bytes_tx":60, "bytes_rx":12, "r2n_latency":144, "lqi":100, "rssi":-74, "server_sent":249, "server_received":486, "server_bytes_rx":60, "n2r_latency":21, "hops":0, "rtt_latency":772, "root_time_now":2512300}
[Mote:5] Sensor IPv6 = fe80::205:5:5:5
[Mote:1] {"node":"fd00::205:5:5:5", "cpu_energy_mj":19, "lpm_energy_mj":0, "radio_tx_energy_mj":0, "radio_rx_energy_mj":8, "node_time":2514854, "total_sent":221, "total_received":237, "bytes_tx":60, "bytes_rx":12, "r2n_latency":2874, "lqi":100, "rssi":-30, "server_sent":237, "server_received":458, "server_bytes_rx":60, "n2r_latency":176, "hops":2, "rtt_latency":1542, "root_time_now":2515030}
[Mote:3] Sensor IPv6 = fe80::203:3:3:3
[Mote:1] {"node":"fd00::203:3:3:3", "cpu_energy_mj":18, "lpm_energy_mj":0, "radio_tx_energy_mj":0, "radio_rx_energy_mj":8, "node_time":2515180, "total_sent":235, "total_received":240, "bytes_tx":60, "bytes_rx":12, "r2n_latency":2174, "lqi":100, "rssi":-85, "server_sent":240, "server_received":475, "server_bytes_rx":60, "n2r_latency":130, "hops":1, "rtt_latency":1227, "root_time_now":2515310}
[Mote:2] Sensor IPv6 = fe80::202:2:2:2
[Mote:1] {"node":"fd00::202:2:2:2", "cpu_energy_mj":18, "lpm_energy_mj":0, "radio_tx_energy_mj":0, "radio_rx_energy_mj":8, "node_time":2516748, "total_sent":238, "total_received":249, "bytes_tx":60, "bytes_rx":12, "r2n_latency":844, "lqi":100, "rssi":-52, "server_sent":249, "server_received":487, "server_bytes_rx":60, "n2r_latency":32, "hops":0, "rtt_latency":597, "root_time_now":2516780}
[Mote:4] Sensor IPv6 = fe80::204:4:4:4
[Mote:1] {"node":"fd00::204:4:4:4", "cpu_energy_mj":19, "lpm_energy_mj":0, "radio_tx_energy_mj":0, "radio_rx_energy_mj":8, "node_time":2522837, "total_sent":238, "total_received":250, "bytes_tx":60, "bytes_rx":12, "r2n_latency":364, "lqi":100, "rssi":-74, "server_sent":250, "server_received":488, "server_bytes_rx":60, "n2r_latency":33, "hops":0, "rtt_latency":497, "root_time_now":2522870}
[Mote:3] Sensor IPv6 = fe80::203:3:3:3
[Mote:1] {"node":"fd00::203:3:3:3", "cpu_energy_mj":18, "lpm_energy_mj":0, "radio_tx_energy_mj":0, "radio_rx_energy_mj":8, "node_time":2525446, "total_sent":236, "total_received":241, "bytes_tx":60, "bytes_rx":12, "r2n_latency":854, "lqi":100, "rssi":-85, "server_sent":241, "server_received":477, "server_bytes_rx":60, "n2r_latency":84, "hops":1, "rtt_latency":672, "root_time_now":2525530}
[Mote:5] Sensor IPv6 = fe80::205:5:5:5
[Mote:1] {"node":"fd00::205:5:5:5", "cpu_energy_mj":19, "lpm_energy_mj":0, "radio_tx_energy_mj":0, "radio_rx_energy_mj":9, "node_time":2525648, "total_sent":222, "total_received":238, "bytes_tx":60, "bytes_rx":12, "r2n_latency":1484, "lqi":100, "rssi":-30, "server_sent":238, "server_received":460, "server_bytes_rx":60, "n2r_latency":232, "hops":2, "rtt_latency":847, "root_time_now":2525880}
[Mote:2] Sensor IPv6 = fe80::202:2:2:2
[Mote:1] {"node":"fd00::202:2:2:2", "cpu_energy_mj":18, "lpm_energy_mj":0, "radio_tx_energy_mj":0, "radio_rx_energy_mj":8, "node_time":2527281, "total_sent":239, "total_received":250, "bytes_tx":60, "bytes_rx":12, "r2n_latency":14, "lqi":100, "rssi":-52, "server_sent":250, "server_received":489, "server_bytes_rx":60, "n2r_latency":69, "hops":0, "rtt_latency":147, "root_time_now":2527350}
[Mote:4] Sensor IPv6 = fe80::204:4:4:4
[Mote:1] {"node":"fd00::204:4:4:4", "cpu_energy_mj":19, "lpm_energy_mj":0, "radio_tx_energy_mj":0, "radio_rx_energy_mj":8, "node_time":2533391, "total_sent":239, "total_received":251, "bytes_tx":60, "bytes_rx":12, "r2n_latency":164, "lqi":100, "rssi":-74, "server_sent":251, "server_received":490, "server_bytes_rx":60, "n2r_latency":49, "hops":0, "rtt_latency":152, "root_time_now":2533440}
[Mote:3] Sensor IPv6 = fe80::203:3:3:3
[Mote:1] {"node":"fd00::203:3:3:3", "cpu_energy_mj":18, "lpm_energy_mj":0, "radio_tx_energy_mj":0, "radio_rx_energy_mj":8, "node_time":2535710, "total_sent":237, "total_received":242, "bytes_tx":60, "bytes_rx":12, "r2n_latency":794, "lqi":100, "rssi":-85, "server_sent":242, "server_received":479, "server_bytes_rx":60, "n2r_latency":110, "hops":1, "rtt_latency":537, "root_time_now":2535820}
[Mote:5] Sensor IPv6 = fe80::205:5:5:5
[Mote:1] {"node":"fd00::205:5:5:5", "cpu_energy_mj":19, "lpm_energy_mj":0, "radio_tx_energy_mj":0, "radio_rx_energy_mj":8, "node_time":2536438, "total_sent":223, "total_received":239, "bytes_tx":60, "bytes_rx":12, "r2n_latency":1214, "lqi":100, "rssi":-30, "server_sent":239, "server_received":462, "server_bytes_rx":60, "n2r_latency":152, "hops":2, "rtt_latency":747, "root_time_now":2536590}
[Mote:2] Sensor IPv6 = fe80::202:2:2:2
[Mote:1] {"node":"fd00::202:2:2:2", "cpu_energy_mj":18, "lpm_energy_mj":0, "radio_tx_energy_mj":0, "radio_rx_energy_mj":8, "node_time":2537812, "total_sent":240, "total_received":251, "bytes_tx":60, "bytes_rx":12, "r2n_latency":24, "lqi":100, "rssi":-52, "server_sent":251, "server_received":491, "server_bytes_rx":60, "n2r_latency":108, "hops":0, "rtt_latency":1447, "root_time_now":2537920}
[Mote:4] Sensor IPv6 = fe80::204:4:4:4
[Mote:1] {"node":"fd00::204:4:4:4", "cpu_energy_mj":19, "lpm_energy_mj":0, "radio_tx_energy_mj":0, "radio_rx_energy_mj":8, "node_time":2543947, "total_sent":240, "total_received":252, "bytes_tx":60, "bytes_rx":12, "r2n_latency":244, "lqi":100, "rssi":-74, "server_sent":252, "server_received":492, "server_bytes_rx":60, "n2r_latency":63, "hops":0, "rtt_latency":962, "root_time_now":2544010}
[Mote:3] Sensor IPv6 = fe80::203:3:3:3
[Mote:1] {"node":"fd00::203:3:3:3", "cpu_energy_mj":18, "lpm_energy_mj":0, "radio_tx_energy_mj":0, "radio_rx_energy_mj":8, "node_time":2545976, "total_sent":238, "total_received":243, "bytes_tx":60, "bytes_rx":12, "r2n_latency":524, "lqi":100, "rssi":-85, "server_sent":243, "server_received":481, "server_bytes_rx":60, "n2r_latency":134, "hops":1, "rtt_latency":997, "root_time_now":2546110}
[Mote:5] Sensor IPv6 = fe80::205:5:5:5
[Mote:1] {"node":"fd00::205:5:5:5", "cpu_energy_mj":19, "lpm_energy_mj":0, "radio_tx_energy_mj":0, "radio_rx_energy_mj":9, "node_time":2547230, "total_sent":224, "total_received":240, "bytes_tx":60, "bytes_rx":12, "r2n_latency":1014, "lqi":100, "rssi":-30, "server_sent":240, "server_received":464, "server_bytes_rx":60, "n2r_latency":210, "hops":2, "rtt_latency":1032, "root_time_now":2547440}
[Mote:2] Sensor IPv6 = fe80::202:2:2:2
[Mote:1] {"node":"fd00::202:2:2:2", "cpu_energy_mj":18, "lpm_energy_mj":0, "radio_tx_energy_mj":0, "radio_rx_energy_mj":8, "node_time":2548341, "total_sent":241, "total_received":252, "bytes_tx":60, "bytes_rx":12, "r2n_latency":34, "lqi":100, "rssi":-52, "server_sent":252, "server_received":493, "server_bytes_rx":60, "n2r_latency":9, "hops":0, "rtt_latency":87, "root_time_now":2548350}
[Mote:4] Sensor IPv6 = fe80::204:4:4:4
[Mote:1] {"node":"fd00::204:4:4:4", "cpu_energy_mj":19, "lpm_energy_mj":0, "radio_tx_energy_mj":0, "radio_rx_energy_mj":8, "node_time":2554503, "total_sent":241, "total_received":253, "bytes_tx":60, "bytes_rx":12, "r2n_latency":254, "lqi":100, "rssi":-74, "server_sent":253, "server_received":494, "server_bytes_rx":60, "n2r_latency":7, "hops":0, "rtt_latency":197, "root_time_now":2554510}
[Mote:3] Sensor IPv6 = fe80::203:3:3:3
[Mote:1] {"node":"fd00::203:3:3:3", "cpu_energy_mj":18, "lpm_energy_mj":0, "radio_tx_energy_mj":0, "radio_rx_energy_mj":8, "node_time":2556238, "total_sent":239, "total_received":244, "bytes_tx":60, "bytes_rx":12, "r2n_latency":1234, "lqi":100, "rssi":-85, "server_sent":244, "server_received":483, "server_bytes_rx":60, "n2r_latency":92, "hops":1, "rtt_latency":757, "root_time_now":2556330}
[Mote:5] Sensor IPv6 = fe80::205:5:5:5
[Mote:1] {"node":"fd00::205:5:5:5", "cpu_energy_mj":19, "lpm_energy_mj":0, "radio_tx_energy_mj":0, "radio_rx_energy_mj":8, "node_time":2558024, "total_sent":225, "total_received":241, "bytes_tx":60, "bytes_rx":12, "r2n_latency":1654, "lqi":100, "rssi":-30, "server_sent":241, "server_received":466, "server_bytes_rx":60, "n2r_latency":196, "hops":2, "rtt_latency":932, "root_time_now":2558220}
[Mote:2] Sensor IPv6 = fe80::202:2:2:2
[Mote:1] {"node":"fd00::202:2:2:2", "cpu_energy_mj":18, "lpm_energy_mj":0, "radio_tx_energy_mj":0, "radio_rx_energy_mj":8, "node_time":2558872, "total_sent":242, "total_received":253, "bytes_tx":60, "bytes_rx":12, "r2n_latency":44, "lqi":100, "rssi":-52, "server_sent":253, "server_received":495, "server_bytes_rx":60, "n2r_latency":48, "hops":0, "rtt_latency":92, "root_time_now":2558920}
[Mote:4] Sensor IPv6 = fe80::204:4:4:4
[Mote:1] {"node":"fd00::204:4:4:4", "cpu_energy_mj":19, "lpm_energy_mj":0, "radio_tx_energy_mj":0, "radio_rx_energy_mj":8, "node_time":2565061, "total_sent":242, "total_received":254, "bytes_tx":60, "bytes_rx":12, "r2n_latency":824, "lqi":100, "rssi":-74, "server_sent":254, "server_received":496, "server_bytes_rx":60, "n2r_latency":19, "hops":0, "rtt_latency":657, "root_time_now":2565080}
[Mote:3] Sensor IPv6 = fe80::203:3:3:3
[Mote:1] {"node":"fd00::203:3:3:3", "cpu_energy_mj":18, "lpm_energy_mj":0, "radio_tx_energy_mj":0, "radio_rx_energy_mj":8, "node_time":2566502, "total_sent":240, "total_received":245, "bytes_tx":60, "bytes_rx":12, "r2n_latency":1874, "lqi":100, "rssi":-85, "server_sent":245, "server_received":485, "server_bytes_rx":60, "n2r_latency":118, "hops":1, "rtt_latency":1427, "root_time_now":2566620}
[Mote:5] Sensor IPv6 = fe80::205:5:5:5
[Mote:1] {"node":"fd00::205:5:5:5", "cpu_energy_mj":19, "lpm_energy_mj":0, "radio_tx_energy_mj":0, "radio_rx_energy_mj":8, "node_time":2568816, "total_sent":226, "total_received":242, "bytes_tx":60, "bytes_rx":12, "r2n_latency":2574, "lqi":100, "rssi":-30, "server_sent":242, "server_received":468, "server_bytes_rx":60, "n2r_latency":184, "hops":2, "rtt_latency":1462, "root_time_now":2569000}
[Mote:2] Sensor IPv6 = fe80::202:2:2:2
[Mote:1] {"node":"fd00::202:2:2:2", "cpu_energy_mj":18, "lpm_energy_mj":0, "radio_tx_energy_mj":0, "radio_rx_energy_mj":8, "node_time":2569405, "total_sent":243, "total_received":254, "bytes_tx":60, "bytes_rx":12, "r2n_latency":54, "lqi":100, "rssi":-52, "server_sent":254, "server_received":497, "server_bytes_rx":60, "n2r_latency":15, "hops":0, "rtt_latency":167, "root_time_now":2569420}
[Mote:4] Sensor IPv6 = fe80::204:4:4:4
[Mote:1] {"node":"fd00::204:4:4:4", "cpu_energy_mj":19, "lpm_energy_mj":0, "radio_tx_energy_mj":0, "radio_rx_energy_mj":8, "node_time":2575615, "total_sent":243, "total_received":255, "bytes_tx":60, "bytes_rx":12, "r2n_latency":274, "lqi":100, "rssi":-74, "server_sent":255, "server_received":498, "server_bytes_rx":60, "n2r_latency":35, "hops":0, "rtt_latency":452, "root_time_now":2575650}
[Mote:3] Sensor IPv6 = fe80::203:3:3:3
[Mote:1] {"node":"fd00::203:3:3:3", "cpu_energy_mj":18, "lpm_energy_mj":0, "radio_tx_energy_mj":0, "radio_rx_energy_mj":8, "node_time":2576768, "total_sent":241, "total_received":246, "bytes_tx":60, "bytes_rx":12, "r2n_latency":1254, "lqi":100, "rssi":-85, "server_sent":246, "server_received":487, "server_bytes_rx":60, "n2r_latency":142, "hops":1, "rtt_latency":1012, "root_time_now":2576910}
[Mote:5] Sensor IPv6 = fe80::205:5:5:5
[Mote:1] {"node":"fd00::205:5:5:5", "cpu_energy_mj":19, "lpm_energy_mj":0, "radio_tx_energy_mj":0, "radio_rx_energy_mj":8, "node_time":2579608, "total_sent":227, "total_received":243, "bytes_tx":60, "bytes_rx":12, "r2n_latency":2094, "lqi":100, "rssi":-30, "server_sent":243, "server_received":470, "server_bytes_rx":60, "n2r_latency":172, "hops":2, "rtt_latency":1152, "root_time_now":2579780}
[Mote:2] Sensor IPv6 = fe80::202:2:2:2
[Mote:1] {"node":"fd00::202:2:2:2", "cpu_energy_mj":18, "lpm_energy_mj":0, "radio_tx_energy_mj":0, "radio_rx_energy_mj":8, "node_time":2579936, "total_sent":244, "total_received":255, "bytes_tx":60, "bytes_rx":12, "r2n_latency":64, "lqi":100, "rssi":-52, "server_sent":256, "server_received":499, "server_bytes_rx":60, "n2r_latency":58, "hops":0, "rtt_latency":102, "root_time_now":2579994}
[Mote:4] Sensor IPv6 = fe80::204:4:4:4
[Mote:1] {"node":"fd00::204:4:4:4", "cpu_energy_mj":19, "lpm_energy_mj":0, "radio_tx_energy_mj":0, "radio_rx_energy_mj":8, "node_time":2586171, "total_sent":244, "total_received":256, "bytes_tx":60, "bytes_rx":12, "r2n_latency":214, "lqi":100, "rssi":-74, "server_sent":256, "server_received":500, "server_bytes_rx":60, "n2r_latency":49, "hops":0, "rtt_latency":527, "root_time_now":2586220}
[Mote:3] Sensor IPv6 = fe80::203:3:3:3
[Mote:1] {"node":"fd00::203:3:3:3", "cpu_energy_mj":18, "lpm_energy_mj":0, "radio_tx_energy_mj":0, "radio_rx_energy_mj":8, "node_time":2587030, "total_sent":242, "total_received":247, "bytes_tx":60, "bytes_rx":12, "r2n_latency":1474, "lqi":100, "rssi":-85, "server_sent":247, "server_received":489, "server_bytes_rx":60, "n2r_latency":100, "hops":1, "rtt_latency":877, "root_time_now":2587130}
[Mote:5] Sensor IPv6 = fe80::205:5:5:5
[Mote:2] Sensor IPv6 = fe80::202:2:2:2
[Mote:1] {"node":"fd00::205:5:5:5", "cpu_energy_mj":19, "lpm_energy_mj":0, "radio_tx_energy_mj":0, "radio_rx_energy_mj":8, "node_time":2590398, "total_sent":228, "total_received":244, "bytes_tx":60, "bytes_rx":12, "r2n_latency":1894, "lqi":100, "rssi":-30, "server_sent":245, "server_received":472, "server_bytes_rx":60, "n2r_latency":582, "hops":2, "rtt_latency":1052, "root_time_now":2590980}
[Mote:1] {"node":"fd00::202:2:2:2", "cpu_energy_mj":18, "lpm_energy_mj":0, "radio_tx_energy_mj":0, "radio_rx_energy_mj":8, "node_time":2590465, "total_sent":245, "total_received":257, "bytes_tx":60, "bytes_rx":12, "r2n_latency":224, "lqi":100, "rssi":-52, "server_sent":257, "server_received":502, "server_bytes_rx":60, "n2r_latency":865, "hops":0, "rtt_latency":602, "root_time_now":2591330}
[Mote:4] Sensor IPv6 = fe80::204:4:4:4
[Mote:1] {"node":"fd00::204:4:4:4", "cpu_energy_mj":19, "lpm_energy_mj":0, "radio_tx_energy_mj":0, "radio_rx_energy_mj":8, "node_time":2596727, "total_sent":245, "total_received":257, "bytes_tx":60, "bytes_rx":12, "r2n_latency":84, "lqi":100, "rssi":-74, "server_sent":257, "server_received":502, "server_bytes_rx":60, "n2r_latency":63, "hops":0, "rtt_latency":182, "root_time_now":2596790}
[Mote:3] Sensor IPv6 = fe80::203:3:3:3
[Mote:1] {"node":"fd00::203:3:3:3", "cpu_energy_mj":18, "lpm_energy_mj":0, "radio_tx_energy_mj":0, "radio_rx_energy_mj":8, "node_time":2597294, "total_sent":243, "total_received":248, "bytes_tx":60, "bytes_rx":12, "r2n_latency":1974, "lqi":100, "rssi":-85, "server_sent":248, "server_received":491, "server_bytes_rx":60, "n2r_latency":126, "hops":1, "rtt_latency":1582, "root_time_now":2597420}
[Mote:2] Sensor IPv6 = fe80::202:2:2:2
[Mote:1] {"node":"fd00::202:2:2:2", "cpu_energy_mj":18, "lpm_energy_mj":0, "radio_tx_energy_mj":0, "radio_rx_energy_mj":8, "node_time":2600996, "total_sent":246, "total_received":258, "bytes_tx":60, "bytes_rx":12, "r2n_latency":24, "lqi":100, "rssi":-52, "server_sent":258, "server_received":504, "server_bytes_rx":60, "n2r_latency":64, "hops":0, "rtt_latency":152, "root_time_now":2601060}
[Mote:5] Sensor IPv6 = fe80::205:5:5:5
[Mote:1] {"node":"fd00::205:5:5:5", "cpu_energy_mj":19, "lpm_energy_mj":0, "radio_tx_energy_mj":0, "radio_rx_energy_mj":8, "node_time":2601192, "total_sent":229, "total_received":245, "bytes_tx":60, "bytes_rx":12, "r2n_latency":2254, "lqi":100, "rssi":-30, "server_sent":246, "server_received":474, "server_bytes_rx":60, "n2r_latency":988, "hops":2, "rtt_latency":1722, "root_time_now":2602180}
[Mote:4] Sensor IPv6 = fe80::204:4:4:4
[Mote:1] {"node":"fd00::204:4:4:4", "cpu_energy_mj":19, "lpm_energy_mj":0, "radio_tx_energy_mj":0, "radio_rx_energy_mj":8, "node_time":2607285, "total_sent":246, "total_received":258, "bytes_tx":60, "bytes_rx":12, "r2n_latency":374, "lqi":100, "rssi":-74, "server_sent":258, "server_received":504, "server_bytes_rx":60, "n2r_latency":5, "hops":0, "rtt_latency":257, "root_time_now":2607290}
[Mote:3] Sensor IPv6 = fe80::203:3:3:3
[Mote:1] {"node":"fd00::203:3:3:3", "cpu_energy_mj":18, "lpm_energy_mj":0, "radio_tx_energy_mj":0, "radio_rx_energy_mj":8, "node_time":2607560, "total_sent":244, "total_received":249, "bytes_tx":60, "bytes_rx":12, "r2n_latency":864, "lqi":100, "rssi":-85, "server_sent":249, "server_received":493, "server_bytes_rx":60, "n2r_latency":80, "hops":1, "rtt_latency":1062, "root_time_now":2607640}
[Mote:2] Sensor IPv6 = fe80::202:2:2:2
[Mote:1] {"node":"fd00::202:2:2:2", "cpu_energy_mj":18, "lpm_energy_mj":0, "radio_tx_energy_mj":0, "radio_rx_energy_mj":8, "node_time":2611527, "total_sent":247, "total_received":259, "bytes_tx":60, "bytes_rx":12, "r2n_latency":34, "lqi":100, "rssi":-52, "server_sent":259, "server_received":506, "server_bytes_rx":60, "n2r_latency":33, "hops":0, "rtt_latency":437, "root_time_now":2611560}
[Mote:5] Sensor IPv6 = fe80::205:5:5:5
[Mote:1] {"node":"fd00::205:5:5:5", "cpu_energy_mj":19, "lpm_energy_mj":0, "radio_tx_energy_mj":0, "radio_rx_energy_mj":8, "node_time":2611984, "total_sent":230, "total_received":246, "bytes_tx":60, "bytes_rx":12, "r2n_latency":2614, "lqi":100, "rssi":-30, "server_sent":247, "server_received":476, "server_bytes_rx":60, "n2r_latency":486, "hops":2, "rtt_latency":1412, "root_time_now":2612470}
[Mote:3] Sensor IPv6 = fe80::203:3:3:3
[Mote:4] Sensor IPv6 = fe80::204:4:4:4
[Mote:1] {"node":"fd00::204:4:4:4", "cpu_energy_mj":19, "lpm_energy_mj":0, "radio_tx_energy_mj":0, "radio_rx_energy_mj":8, "node_time":2617841, "total_sent":247, "total_received":259, "bytes_tx":60, "bytes_rx":12, "r2n_latency":524, "lqi":100, "rssi":-74, "server_sent":259, "server_received":506, "server_bytes_rx":60, "n2r_latency":299, "hops":0, "rtt_latency":402, "root_time_now":2618140}
[Mote:1] {"node":"fd00::203:3:3:3", "cpu_energy_mj":18, "lpm_energy_mj":0, "radio_tx_energy_mj":0, "radio_rx_energy_mj":8, "node_time":2617822, "total_sent":245, "total_received":250, "bytes_tx":60, "bytes_rx":12, "r2n_latency":2554, "lqi":100, "rssi":-85, "server_sent":250, "server_received":495, "server_bytes_rx":60, "n2r_latency":388, "hops":1, "rtt_latency":1627, "root_time_now":2618210}
[Mote:2] Sensor IPv6 = fe80::202:2:2:2
[Mote:1] {"node":"fd00::202:2:2:2", "cpu_energy_mj":18, "lpm_energy_mj":0, "radio_tx_energy_mj":0, "radio_rx_energy_mj":8, "node_time":2622059, "total_sent":248, "total_received":260, "bytes_tx":60, "bytes_rx":12, "r2n_latency":44, "lqi":100, "rssi":-52, "server_sent":260, "server_received":508, "server_bytes_rx":60, "n2r_latency":71, "hops":0, "rtt_latency":232, "root_time_now":2622130}
[Mote:5] Sensor IPv6 = fe80::205:5:5:5
[Mote:1] {"node":"fd00::205:5:5:5", "cpu_energy_mj":19, "lpm_energy_mj":0, "radio_tx_energy_mj":0, "radio_rx_energy_mj":8, "node_time":2622774, "total_sent":231, "total_received":248, "bytes_tx":60, "bytes_rx":12, "r2n_latency":1094, "lqi":100, "rssi":-30, "server_sent":248, "server_received":479, "server_bytes_rx":60, "n2r_latency":546, "hops":2, "rtt_latency":1632, "root_time_now":2623320}
[Mote:3] Sensor IPv6 = fe80::203:3:3:3
[Mote:1] {"node":"fd00::203:3:3:3", "cpu_energy_mj":18, "lpm_energy_mj":0, "radio_tx_energy_mj":0, "radio_rx_energy_mj":8, "node_time":2628084, "total_sent":246, "total_received":251, "bytes_tx":60, "bytes_rx":12, "r2n_latency":744, "lqi":100, "rssi":-85, "server_sent":251, "server_received":497, "server_bytes_rx":60, "n2r_latency":136, "hops":1, "rtt_latency":1387, "root_time_now":2628220}
[Mote:4] Sensor IPv6 = fe80::204:4:4:4
[Mote:1] {"node":"fd00::204:4:4:4", "cpu_energy_mj":19, "lpm_energy_mj":0, "radio_tx_energy_mj":0, "radio_rx_energy_mj":8, "node_time":2628393, "total_sent":248, "total_received":260, "bytes_tx":60, "bytes_rx":12, "r2n_latency":324, "lqi":100, "rssi":-74, "server_sent":260, "server_received":508, "server_bytes_rx":60, "n2r_latency":37, "hops":0, "rtt_latency":1352, "root_time_now":2628430}
[Mote:2] Sensor IPv6 = fe80::202:2:2:2
[Mote:1] {"node":"fd00::202:2:2:2", "cpu_energy_mj":18, "lpm_energy_mj":0, "radio_tx_energy_mj":0, "radio_rx_energy_mj":8, "node_time":2632589, "total_sent":249, "total_received":261, "bytes_tx":60, "bytes_rx":12, "r2n_latency":54, "lqi":100, "rssi":-52, "server_sent":261, "server_received":510, "server_bytes_rx":60, "n2r_latency":41, "hops":0, "rtt_latency":202, "root_time_now":2632630}
[Mote:5] Sensor IPv6 = fe80::205:5:5:5
[Mote:1] {"node":"fd00::205:5:5:5", "cpu_energy_mj":19, "lpm_energy_mj":0, "radio_tx_energy_mj":0, "radio_rx_energy_mj":8, "node_time":2633566, "total_sent":232, "total_received":249, "bytes_tx":60, "bytes_rx":12, "r2n_latency":2014, "lqi":100, "rssi":-30, "server_sent":249, "server_received":481, "server_bytes_rx":60, "n2r_latency":184, "hops":2, "rtt_latency":1252, "root_time_now":2633750}
[Mote:3] Sensor IPv6 = fe80::203:3:3:3
[Mote:1] {"node":"fd00::203:3:3:3", "cpu_energy_mj":18, "lpm_energy_mj":0, "radio_tx_energy_mj":0, "radio_rx_energy_mj":8, "node_time":2638348, "total_sent":247, "total_received":252, "bytes_tx":60, "bytes_rx":12, "r2n_latency":1244, "lqi":100, "rssi":-85, "server_sent":252, "server_received":499, "server_bytes_rx":60, "n2r_latency":92, "hops":1, "rtt_latency":1182, "root_time_now":2638440}
[Mote:4] Sensor IPv6 = fe80::204:4:4:4
[Mote:1] {"node":"fd00::204:4:4:4", "cpu_energy_mj":19, "lpm_energy_mj":0, "radio_tx_energy_mj":0, "radio_rx_energy_mj":8, "node_time":2638949, "total_sent":249, "total_received":261, "bytes_tx":60, "bytes_rx":12, "r2n_latency":264, "lqi":100, "rssi":-74, "server_sent":261, "server_received":510, "server_bytes_rx":60, "n2r_latency":51, "hops":0, "rtt_latency":1077, "root_time_now":2639000}
[Mote:2] Sensor IPv6 = fe80::202:2:2:2
[Mote:1] {"node":"fd00::202:2:2:2", "cpu_energy_mj":18, "lpm_energy_mj":0, "radio_tx_energy_mj":0, "radio_rx_energy_mj":8, "node_time":2643122, "total_sent":250, "total_received":262, "bytes_tx":60, "bytes_rx":12, "r2n_latency":64, "lqi":100, "rssi":-52, "server_sent":262, "server_received":512, "server_bytes_rx":60, "n2r_latency":8, "hops":0, "rtt_latency":487, "root_time_now":2643130}
[Mote:5] Sensor IPv6 = fe80::205:5:5:5
[Mote:1] {"node":"fd00::205:5:5:5", "cpu_energy_mj":19, "lpm_energy_mj":0, "radio_tx_energy_mj":0, "radio_rx_energy_mj":8, "node_time":2644358, "total_sent":233, "total_received":250, "bytes_tx":60, "bytes_rx":12, "r2n_latency":4264, "lqi":100, "rssi":-30, "server_sent":250, "server_received":483, "server_bytes_rx":60, "n2r_latency":1642, "hops":2, "rtt_latency":2552, "root_time_now":2646000}
[Mote:3] Sensor IPv6 = fe80::203:3:3:3
[Mote:1] {"node":"fd00::203:3:3:3", "cpu_energy_mj":18, "lpm_energy_mj":0, "radio_tx_energy_mj":0, "radio_rx_energy_mj":8, "node_time":2648616, "total_sent":248, "total_received":253, "bytes_tx":60, "bytes_rx":12, "r2n_latency":2934, "lqi":100, "rssi":-85, "server_sent":253, "server_received":501, "server_bytes_rx":60, "n2r_latency":114, "hops":1, "rtt_latency":1677, "root_time_now":2648730}
[Mote:4] Sensor IPv6 = fe80::204:4:4:4
[Mote:1] {"node":"fd00::204:4:4:4", "cpu_energy_mj":19, "lpm_energy_mj":0, "radio_tx_energy_mj":0, "radio_rx_energy_mj":8, "node_time":2649505, "total_sent":250, "total_received":262, "bytes_tx":60, "bytes_rx":12, "r2n_latency":1814, "lqi":100, "rssi":-74, "server_sent":262, "server_received":512, "server_bytes_rx":60, "n2r_latency":65, "hops":0, "rtt_latency":1047, "root_time_now":2649570}
[Mote:2] Sensor IPv6 = fe80::202:2:2:2
[Mote:1] {"node":"fd00::202:2:2:2", "cpu_energy_mj":18, "lpm_energy_mj":0, "radio_tx_energy_mj":0, "radio_rx_energy_mj":8, "node_time":2653651, "total_sent":251, "total_received":263, "bytes_tx":60, "bytes_rx":12, "r2n_latency":354, "lqi":100, "rssi":-52, "server_sent":263, "server_received":514, "server_bytes_rx":60, "n2r_latency":49, "hops":0, "rtt_latency":317, "root_time_now":2653700}
[Mote:5] Sensor IPv6 = fe80::205:5:5:5
[Mote:1] {"node":"fd00::205:5:5:5", "cpu_energy_mj":19, "lpm_energy_mj":0, "radio_tx_energy_mj":0, "radio_rx_energy_mj":8, "node_time":2655152, "total_sent":234, "total_received":251, "bytes_tx":60, "bytes_rx":12, "r2n_latency":1474, "lqi":100, "rssi":-30, "server_sent":251, "server_received":485, "server_bytes_rx":60, "n2r_latency":158, "hops":2, "rtt_latency":842, "root_time_now":2655310}
[Mote:3] Sensor IPv6 = fe80::203:3:3:3
[Mote:1] {"node":"fd00::203:3:3:3", "cpu_energy_mj":18, "lpm_energy_mj":0, "radio_tx_energy_mj":0, "radio_rx_energy_mj":8, "node_time":2658877, "total_sent":249, "total_received":254, "bytes_tx":60, "bytes_rx":12, "r2n_latency":984, "lqi":100, "rssi":-85, "server_sent":254, "server_received":503, "server_bytes_rx":60, "n2r_latency":143, "hops":1, "rtt_latency":632, "root_time_now":2659020}
[Mote:4] Sensor IPv6 = fe80::204:4:4:4
[Mote:1] {"node":"fd00::204:4:4:4", "cpu_energy_mj":19, "lpm_energy_mj":0, "radio_tx_energy_mj":0, "radio_rx_energy_mj":8, "node_time":2660061, "total_sent":251, "total_received":263, "bytes_tx":60, "bytes_rx":12, "r2n_latency":144, "lqi":100, "rssi":-74, "server_sent":264, "server_received":514, "server_bytes_rx":60, "n2r_latency":709, "hops":0, "rtt_latency":247, "root_time_now":2660770}
[Mote:2] Sensor IPv6 = fe80::202:2:2:2
[Mote:1] {"node":"fd00::202:2:2:2", "cpu_energy_mj":18, "lpm_energy_mj":0, "radio_tx_energy_mj":0, "radio_rx_energy_mj":8, "node_time":2664182, "total_sent":252, "total_received":264, "bytes_tx":60, "bytes_rx":12, "r2n_latency":14, "lqi":100, "rssi":-52, "server_sent":264, "server_received":516, "server_bytes_rx":60, "n2r_latency":18, "hops":0, "rtt_latency":112, "root_time_now":2664200}
[Mote:5] Sensor IPv6 = fe80::205:5:5:5
[Mote:1] {"node":"fd00::205:5:5:5", "cpu_energy_mj":19, "lpm_energy_mj":0, "radio_tx_energy_mj":0, "radio_rx_energy_mj":8, "node_time":2665942, "total_sent":235, "total_received":252, "bytes_tx":60, "bytes_rx":12, "r2n_latency":2254, "lqi":100, "rssi":-30, "server_sent":252, "server_received":487, "server_bytes_rx":60, "n2r_latency":148, "hops":2, "rtt_latency":1652, "root_time_now":2666090}
[Mote:3] Sensor IPv6 = fe80::203:3:3:3
[Mote:1] {"node":"fd00::203:3:3:3", "cpu_energy_mj":18, "lpm_energy_mj":0, "radio_tx_energy_mj":0, "radio_rx_energy_mj":8, "node_time":2669140, "total_sent":250, "total_received":255, "bytes_tx":60, "bytes_rx":12, "r2n_latency":1764, "lqi":100, "rssi":-85, "server_sent":255, "server_received":505, "server_bytes_rx":60, "n2r_latency":100, "hops":1, "rtt_latency":1547, "root_time_now":2669240}
[Mote:4] Sensor IPv6 = fe80::204:4:4:4
[Mote:1] {"node":"fd00::204:4:4:4", "cpu_energy_mj":19, "lpm_energy_mj":0, "radio_tx_energy_mj":0, "radio_rx_energy_mj":8, "node_time":2670619, "total_sent":252, "total_received":265, "bytes_tx":60, "bytes_rx":12, "r2n_latency":234, "lqi":100, "rssi":-74, "server_sent":265, "server_received":517, "server_bytes_rx":60, "n2r_latency":3171, "hops":0, "rtt_latency":1867, "root_time_now":2673790}
[Mote:2] Sensor IPv6 = fe80::202:2:2:2
[Mote:1] {"node":"fd00::202:2:2:2", "cpu_energy_mj":18, "lpm_energy_mj":0, "radio_tx_energy_mj":0, "radio_rx_energy_mj":8, "node_time":2674715, "total_sent":253, "total_received":265, "bytes_tx":60, "bytes_rx":12, "r2n_latency":24, "lqi":100, "rssi":-52, "server_sent":265, "server_received":518, "server_bytes_rx":60, "n2r_latency":55, "hops":0, "rtt_latency":432, "root_time_now":2674770}
[Mote:5] Sensor IPv6 = fe80::205:5:5:5
[Mote:1] {"node":"fd00::205:5:5:5", "cpu_energy_mj":19, "lpm_energy_mj":0, "radio_tx_energy_mj":0, "radio_rx_energy_mj":8, "node_time":2676734, "total_sent":236, "total_received":253, "bytes_tx":60, "bytes_rx":12, "r2n_latency":1424, "lqi":100, "rssi":-30, "server_sent":253, "server_received":489, "server_bytes_rx":60, "n2r_latency":206, "hops":2, "rtt_latency":2007, "root_time_now":2676940}
[Mote:3] Sensor IPv6 = fe80::203:3:3:3
[Mote:1] {"node":"fd00::203:3:3:3", "cpu_energy_mj":18, "lpm_energy_mj":0, "radio_tx_energy_mj":0, "radio_rx_energy_mj":8, "node_time":2679404, "total_sent":251, "total_received":256, "bytes_tx":60, "bytes_rx":12, "r2n_latency":654, "lqi":100, "rssi":-85, "server_sent":256, "server_received":507, "server_bytes_rx":60, "n2r_latency":126, "hops":1, "rtt_latency":1972, "root_time_now":2679530}
[Mote:4] Sensor IPv6 = fe80::204:4:4:4
[Mote:1] {"node":"fd00::204:4:4:4", "cpu_energy_mj":19, "lpm_energy_mj":0, "radio_tx_energy_mj":0, "radio_rx_energy_mj":8, "node_time":2681175, "total_sent":253, "total_received":266, "bytes_tx":60, "bytes_rx":12, "r2n_latency":174, "lqi":100, "rssi":-74, "server_sent":266, "server_received":519, "server_bytes_rx":60, "n2r_latency":175, "hops":0, "rtt_latency":262, "root_time_now":2681350}
[Mote:2] Sensor IPv6 = fe80::202:2:2:2
[Mote:1] {"node":"fd00::202:2:2:2", "cpu_energy_mj":18, "lpm_energy_mj":0, "radio_tx_energy_mj":0, "radio_rx_energy_mj":8, "node_time":2685244, "total_sent":254, "total_received":266, "bytes_tx":60, "bytes_rx":12, "r2n_latency":34, "lqi":100, "rssi":-52, "server_sent":266, "server_received":520, "server_bytes_rx":60, "n2r_latency":26, "hops":0, "rtt_latency":717, "root_time_now":2685270}
[Mote:5] Sensor IPv6 = fe80::205:5:5:5
[Mote:1] {"node":"fd00::205:5:5:5", "cpu_energy_mj":19, "lpm_energy_mj":0, "radio_tx_energy_mj":0, "radio_rx_energy_mj":8, "node_time":2687528, "total_sent":237, "total_received":254, "bytes_tx":60, "bytes_rx":12, "r2n_latency":944, "lqi":100, "rssi":-30, "server_sent":254, "server_received":491, "server_bytes_rx":60, "n2r_latency":192, "hops":2, "rtt_latency":1102, "root_time_now":2687720}
[Mote:3] Sensor IPv6 = fe80::203:3:3:3
[Mote:1] {"node":"fd00::203:3:3:3", "cpu_energy_mj":18, "lpm_energy_mj":0, "radio_tx_energy_mj":0, "radio_rx_energy_mj":8, "node_time":2689668, "total_sent":252, "total_received":257, "bytes_tx":60, "bytes_rx":12, "r2n_latency":594, "lqi":100, "rssi":-85, "server_sent":257, "server_received":509, "server_bytes_rx":60, "n2r_latency":82, "hops":1, "rtt_latency":1067, "root_time_now":2689750}
[Mote:4] Sensor IPv6 = fe80::204:4:4:4
[Mote:1] {"node":"fd00::204:4:4:4", "cpu_energy_mj":19, "lpm_energy_mj":0, "radio_tx_energy_mj":0, "radio_rx_energy_mj":8, "node_time":2691731, "total_sent":254, "total_received":267, "bytes_tx":60, "bytes_rx":12, "r2n_latency":324, "lqi":100, "rssi":-74, "server_sent":267, "server_received":521, "server_bytes_rx":60, "n2r_latency":49, "hops":0, "rtt_latency":372, "root_time_now":2691780}
[Mote:2] Sensor IPv6 = fe80::202:2:2:2
[Mote:1] {"node":"fd00::202:2:2:2", "cpu_energy_mj":18, "lpm_energy_mj":0, "radio_tx_energy_mj":0, "radio_rx_energy_mj":8, "node_time":2695775, "total_sent":255, "total_received":267, "bytes_tx":60, "bytes_rx":12, "r2n_latency":44, "lqi":100, "rssi":-52, "server_sent":267, "server_received":522, "server_bytes_rx":60, "n2r_latency":65, "hops":0, "rtt_latency":127, "root_time_now":2695840}
[Mote:5] Sensor IPv6 = fe80::205:5:5:5
[Mote:1] {"node":"fd00::205:5:5:5", "cpu_energy_mj":19, "lpm_energy_mj":0, "radio_tx_energy_mj":0, "radio_rx_energy_mj":8, "node_time":2698320, "total_sent":238, "total_received":255, "bytes_tx":60, "bytes_rx":12, "r2n_latency":1164, "lqi":100, "rssi":-30, "server_sent":255, "server_received":493, "server_bytes_rx":60, "n2r_latency":180, "hops":2, "rtt_latency":687, "root_time_now":2698500}
[Mote:3] Sensor IPv6 = fe80::203:3:3:3
[Mote:1] {"node":"fd00::203:3:3:3", "cpu_energy_mj":18, "lpm_energy_mj":0, "radio_tx_energy_mj":0, "radio_rx_energy_mj":8, "node_time":2699932, "total_sent":253, "total_received":258, "bytes_tx":60, "bytes_rx":12, "r2n_latency":814, "lqi":100, "rssi":-85, "server_sent":259, "server_received":511, "server_bytes_rx":60, "n2r_latency":1578, "hops":1, "rtt_latency":477, "root_time_now":2701510}
[Mote:4] Sensor IPv6 = fe80::204:4:4:4
[Mote:1] {"node":"fd00::204:4:4:4", "cpu_energy_mj":19, "lpm_energy_mj":0, "radio_tx_energy_mj":0, "radio_rx_energy_mj":8, "node_time":2702287, "total_sent":255, "total_received":268, "bytes_tx":60, "bytes_rx":12, "r2n_latency":614, "lqi":100, "rssi":-74, "server_sent":268, "server_received":523, "server_bytes_rx":60, "n2r_latency":203, "hops":0, "rtt_latency":937, "root_time_now":2702490}
[Mote:2] Sensor IPv6 = fe80::202:2:2:2
[Mote:1] {"node":"fd00::202:2:2:2", "cpu_energy_mj":18, "lpm_energy_mj":0, "radio_tx_energy_mj":0, "radio_rx_energy_mj":8, "node_time":2706306, "total_sent":256, "total_received":268, "bytes_tx":60, "bytes_rx":12, "r2n_latency":264, "lqi":100, "rssi":-52, "server_sent":268, "server_received":524, "server_bytes_rx":60, "n2r_latency":34, "hops":0, "rtt_latency":167, "root_time_now":2706340}
[Mote:5] Sensor IPv6 = fe80::205:5:5:5
[Mote:1] {"node":"fd00::205:5:5:5", "cpu_energy_mj":19, "lpm_energy_mj":0, "radio_tx_energy_mj":0, "radio_rx_energy_mj":8, "node_time":2709112, "total_sent":239, "total_received":256, "bytes_tx":60, "bytes_rx":12, "r2n_latency":2574, "lqi":100, "rssi":-30, "server_sent":256, "server_received":495, "server_bytes_rx":60, "n2r_latency":168, "hops":2, "rtt_latency":1392, "root_time_now":2709280}
[Mote:3] Sensor IPv6 = fe80::203:3:3:3
[Mote:4] Sensor IPv6 = fe80::204:4:4:4
[Mote:1] {"node":"fd00::204:4:4:4", "cpu_energy_mj":19, "lpm_energy_mj":0, "radio_tx_energy_mj":0, "radio_rx_energy_mj":8, "node_time":2712843, "total_sent":256, "total_received":269, "bytes_tx":60, "bytes_rx":12, "r2n_latency":204, "lqi":100, "rssi":-74, "server_sent":269, "server_received":525, "server_bytes_rx":60, "n2r_latency":7, "hops":0, "rtt_latency":662, "root_time_now":2712850}
[Mote:1] {"node":"fd00::203:3:3:3", "cpu_energy_mj":18, "lpm_energy_mj":0, "radio_tx_energy_mj":0, "radio_rx_energy_mj":8, "node_time":2710196, "total_sent":254, "total_received":259, "bytes_tx":60, "bytes_rx":12, "r2n_latency":1314, "lqi":100, "rssi":-85, "server_sent":260, "server_received":513, "server_bytes_rx":60, "n2r_latency":3494, "hops":1, "rtt_latency":972, "root_time_now":2713690}
[Mote:2] Sensor IPv6 = fe80::202:2:2:2
[Mote:1] {"node":"fd00::202:2:2:2", "cpu_energy_mj":18, "lpm_energy_mj":0, "radio_tx_energy_mj":0, "radio_rx_energy_mj":8, "node_time":2716839, "total_sent":257, "total_received":269, "bytes_tx":60, "bytes_rx":12, "r2n_latency":64, "lqi":100, "rssi":-52, "server_sent":269, "server_received":526, "server_bytes_rx":60, "n2r_latency":71, "hops":0, "rtt_latency":452, "root_time_now":2716910}
[Mote:5] Sensor IPv6 = fe80::205:5:5:5
[Mote:3] Sensor IPv6 = fe80::203:3:3:3
[Mote:1] {"node":"fd00::205:5:5:5", "cpu_energy_mj":19, "lpm_energy_mj":0, "radio_tx_energy_mj":0, "radio_rx_energy_mj":8, "node_time":2719902, "total_sent":240, "total_received":257, "bytes_tx":60, "bytes_rx":12, "r2n_latency":1534, "lqi":100, "rssi":-30, "server_sent":258, "server_received":497, "server_bytes_rx":60, "n2r_latency":1558, "hops":2, "rtt_latency":1957, "root_time_now":2721460}
[Mote:1] {"node":"fd00::203:3:3:3", "cpu_energy_mj":18, "lpm_energy_mj":0, "radio_tx_energy_mj":0, "radio_rx_energy_mj":8, "node_time":2720462, "total_sent":255, "total_received":261, "bytes_tx":60, "bytes_rx":12, "r2n_latency":424, "lqi":100, "rssi":-85, "server_sent":261, "server_received":516, "server_bytes_rx":60, "n2r_latency":1208, "hops":1, "rtt_latency":807, "root_time_now":2721670}
[Mote:4] Sensor IPv6 = fe80::204:4:4:4
[Mote:1] {"node":"fd00::204:4:4:4", "cpu_energy_mj":19, "lpm_energy_mj":0, "radio_tx_energy_mj":0, "radio_rx_energy_mj":8, "node_time":2723399, "total_sent":257, "total_received":270, "bytes_tx":60, "bytes_rx":12, "r2n_latency":144, "lqi":100, "rssi":-74, "server_sent":270, "server_received":527, "server_bytes_rx":60, "n2r_latency":21, "hops":0, "rtt_latency":772, "root_time_now":2723420}
[Mote:2] Sensor IPv6 = fe80::202:2:2:2
[Mote:1] {"node":"fd00::202:2:2:2", "cpu_energy_mj":18, "lpm_energy_mj":0, "radio_tx_energy_mj":0, "radio_rx_energy_mj":8, "node_time":2727370, "total_sent":258, "total_received":270, "bytes_tx":60, "bytes_rx":12, "r2n_latency":2314, "lqi":100, "rssi":-52, "server_sent":270, "server_received":528, "server_bytes_rx":60, "n2r_latency":40, "hops":0, "rtt_latency":1192, "root_time_now":2727410}
[Mote:5] Sensor IPv6 = fe80::205:5:5:5
[Mote:3] Sensor IPv6 = fe80::203:3:3:3
[Mote:1] {"node":"fd00::203:3:3:3", "cpu_energy_mj":18, "lpm_energy_mj":0, "radio_tx_energy_mj":0, "radio_rx_energy_mj":8, "node_time":2730728, "total_sent":256, "total_received":261, "bytes_tx":60, "bytes_rx":12, "r2n_latency":424, "lqi":100, "rssi":-85, "server_sent":262, "server_received":517, "server_bytes_rx":60, "n2r_latency":952, "hops":1, "rtt_latency":807, "root_time_now":2731680}
[Mote:4] Sensor IPv6 = fe80::204:4:4:4
[Mote:1] {"node":"fd00::204:4:4:4", "cpu_energy_mj":19, "lpm_energy_mj":0, "radio_tx_energy_mj":0, "radio_rx_energy_mj":8, "node_time":2733955, "total_sent":258, "total_received":271, "bytes_tx":60, "bytes_rx":12, "r2n_latency":294, "lqi":100, "rssi":-74, "server_sent":271, "server_received":529, "server_bytes_rx":60, "n2r_latency":175, "hops":0, "rtt_latency":322, "root_time_now":2734130}
[Mote:1] {"node":"fd00::205:5:5:5", "cpu_energy_mj":19, "lpm_energy_mj":0, "radio_tx_energy_mj":0, "radio_rx_energy_mj":8, "node_time":2730694, "total_sent":241, "total_received":258, "bytes_tx":60, "bytes_rx":12, "r2n_latency":844, "lqi":100, "rssi":-30, "server_sent":259, "server_received":499, "server_bytes_rx":60, "n2r_latency":4066, "hops":2, "rtt_latency":877, "root_time_now":2734760}
[Mote:2] Sensor IPv6 = fe80::202:2:2:2
[Mote:1] {"node":"fd00::202:2:2:2", "cpu_energy_mj":18, "lpm_energy_mj":0, "radio_tx_energy_mj":0, "radio_rx_energy_mj":8, "node_time":2737899, "total_sent":259, "total_received":271, "bytes_tx":60, "bytes_rx":12, "r2n_latency":14, "lqi":100, "rssi":-52, "server_sent":271, "server_received":530, "server_bytes_rx":60, "n2r_latency":11, "hops":0, "rtt_latency":707, "root_time_now":2737910}
[Mote:3] Sensor IPv6 = fe80::203:3:3:3
[Mote:1] {"node":"fd00::203:3:3:3", "cpu_energy_mj":18, "lpm_energy_mj":0, "radio_tx_energy_mj":0, "radio_rx_energy_mj":8, "node_time":2740990, "total_sent":257, "total_received":262, "bytes_tx":60, "bytes_rx":12, "r2n_latency":924, "lqi":100, "rssi":-85, "server_sent":263, "server_received":519, "server_bytes_rx":60, "n2r_latency":350, "hops":1, "rtt_latency":987, "root_time_now":2741340}
[Mote:5] Sensor IPv6 = fe80::205:5:5:5
[Mote:1] {"node":"fd00::205:5:5:5", "cpu_energy_mj":19, "lpm_energy_mj":0, "radio_tx_energy_mj":0, "radio_rx_energy_mj":8, "node_time":2741488, "total_sent":242, "total_received":259, "bytes_tx":60, "bytes_rx":12, "r2n_latency":1834, "lqi":100, "rssi":-30, "server_sent":260, "server_received":501, "server_bytes_rx":60, "n2r_latency":202, "hops":2, "rtt_latency":2562, "root_time_now":2741690}
[Mote:4] Sensor IPv6 = fe80::204:4:4:4
[Mote:1] {"node":"fd00::204:4:4:4", "cpu_energy_mj":19, "lpm_energy_mj":0, "radio_tx_energy_mj":1, "radio_rx_energy_mj":8, "node_time":2744511, "total_sent":259, "total_received":272, "bytes_tx":60, "bytes_rx":12, "r2n_latency":164, "lqi":100, "rssi":-74, "server_sent":272, "server_received":531, "server_bytes_rx":60, "n2r_latency":49, "hops":0, "rtt_latency":502, "root_time_now":2744560}
[Mote:2] Sensor IPv6 = fe80::202:2:2:2
[Mote:1] {"node":"fd00::202:2:2:2", "cpu_energy_mj":18, "lpm_energy_mj":0, "radio_tx_energy_mj":0, "radio_rx_energy_mj":8, "node_time":2748430, "total_sent":260, "total_received":272, "bytes_tx":60, "bytes_rx":12, "r2n_latency":24, "lqi":100, "rssi":-52, "server_sent":272, "server_received":532, "server_bytes_rx":60, "n2r_latency":50, "hops":0, "rtt_latency":1622, "root_time_now":2748480}
[Mote:3] Sensor IPv6 = fe80::203:3:3:3
[Mote:5] Sensor IPv6 = fe80::205:5:5:5
[Mote:1] {"node":"fd00::203:3:3:3", "cpu_energy_mj":18, "lpm_energy_mj":0, "radio_tx_energy_mj":0, "radio_rx_energy_mj":8, "node_time":2751254, "total_sent":258, "total_received":264, "bytes_tx":60, "bytes_rx":12, "r2n_latency":1223, "lqi":100, "rssi":-85, "server_sent":264, "server_received":522, "server_bytes_rx":60, "n2r_latency":1846, "hops":1, "rtt_latency":1521, "root_time_now":2753100}
[Mote:1] {"node":"fd00::205:5:5:5", "cpu_energy_mj":19, "lpm_energy_mj":0, "radio_tx_energy_mj":0, "radio_rx_energy_mj":8, "node_time":2752278, "total_sent":243, "total_received":261, "bytes_tx":60, "bytes_rx":12, "r2n_latency":1853, "lqi":100, "rssi":-30, "server_sent":261, "server_received":504, "server_bytes_rx":60, "n2r_latency":962, "hops":2, "rtt_latency":1591, "root_time_now":2753240}
[Mote:4] Sensor IPv6 = fe80::204:4:4:4
[Mote:1] {"node":"fd00::204:4:4:4", "cpu_energy_mj":19, "lpm_energy_mj":0, "radio_tx_energy_mj":0, "radio_rx_energy_mj":8, "node_time":2755069, "total_sent":260, "total_received":273, "bytes_tx":60, "bytes_rx":12, "r2n_latency":243, "lqi":100, "rssi":-74, "server_sent":273, "server_received":533, "server_bytes_rx":60, "n2r_latency":61, "hops":0, "rtt_latency":1486, "root_time_now":2755130}
[Mote:2] Sensor IPv6 = fe80::202:2:2:2
[Mote:1] {"node":"fd00::202:2:2:2", "cpu_energy_mj":18, "lpm_energy_mj":0, "radio_tx_energy_mj":0, "radio_rx_energy_mj":8, "node_time":2758963, "total_sent":261, "total_received":273, "bytes_tx":60, "bytes_rx":12, "r2n_latency":33, "lqi":100, "rssi":-52, "server_sent":273, "server_received":534, "server_bytes_rx":60, "n2r_latency":17, "hops":0, "rtt_latency":261, "root_time_now":2758980}
[Mote:3] Sensor IPv6 = fe80::203:3:3:3
[Mote:1] {"node":"fd00::203:3:3:3", "cpu_energy_mj":18, "lpm_energy_mj":0, "radio_tx_energy_mj":0, "radio_rx_energy_mj":8, "node_time":2761518, "total_sent":259, "total_received":265, "bytes_tx":60, "bytes_rx":12, "r2n_latency":1374, "lqi":100, "rssi":-85, "server_sent":265, "server_received":524, "server_bytes_rx":60, "n2r_latency":892, "hops":1, "rtt_latency":757, "root_time_now":2762410}
[Mote:5] Sensor IPv6 = fe80::205:5:5:5
[Mote:1] {"node":"fd00::205:5:5:5", "cpu_energy_mj":19, "lpm_energy_mj":0, "radio_tx_energy_mj":0, "radio_rx_energy_mj":8, "node_time":2763070, "total_sent":244, "total_received":262, "bytes_tx":60, "bytes_rx":12, "r2n_latency":2214, "lqi":100, "rssi":-30, "server_sent":262, "server_received":506, "server_bytes_rx":60, "n2r_latency":180, "hops":2, "rtt_latency":1317, "root_time_now":2763250}
[Mote:4] Sensor IPv6 = fe80::204:4:4:4
[Mote:1] {"node":"fd00::204:4:4:4", "cpu_energy_mj":19, "lpm_energy_mj":0, "radio_tx_energy_mj":0, "radio_rx_energy_mj":8, "node_time":2765621, "total_sent":261, "total_received":274, "bytes_tx":60, "bytes_rx":12, "r2n_latency":254, "lqi":100, "rssi":-74, "server_sent":274, "server_received":535, "server_bytes_rx":60, "n2r_latency":9, "hops":0, "rtt_latency":372, "root_time_now":2765630}
[Mote:2] Sensor IPv6 = fe80::202:2:2:2
[Mote:1] {"node":"fd00::202:2:2:2", "cpu_energy_mj":18, "lpm_energy_mj":0, "radio_tx_energy_mj":0, "radio_rx_energy_mj":8, "node_time":2769494, "total_sent":262, "total_received":274, "bytes_tx":60, "bytes_rx":12, "r2n_latency":44, "lqi":100, "rssi":-52, "server_sent":274, "server_received":536, "server_bytes_rx":60, "n2r_latency":56, "hops":0, "rtt_latency":92, "root_time_now":2769550}
[Mote:3] Sensor IPv6 = fe80::203:3:3:3
[Mote:1] {"node":"fd00::203:3:3:3", "cpu_energy_mj":18, "lpm_energy_mj":0, "radio_tx_energy_mj":0, "radio_rx_energy_mj":8, "node_time":2771782, "total_sent":260, "total_received":266, "bytes_tx":60, "bytes_rx":12, "r2n_latency":894, "lqi":100, "rssi":-85, "server_sent":266, "server_received":526, "server_bytes_rx":60, "n2r_latency":78, "hops":1, "rtt_latency":587, "root_time_now":2771860}
[Mote:5] Sensor IPv6 = fe80::205:5:5:5
[Mote:1] {"node":"fd00::205:5:5:5", "cpu_energy_mj":19, "lpm_energy_mj":0, "radio_tx_energy_mj":0, "radio_rx_energy_mj":8, "node_time":2773862, "total_sent":245, "total_received":263, "bytes_tx":60, "bytes_rx":12, "r2n_latency":1314, "lqi":100, "rssi":-30, "server_sent":263, "server_received":508, "server_bytes_rx":60, "n2r_latency":168, "hops":2, "rtt_latency":762, "root_time_now":2774030}
[Mote:4] Sensor IPv6 = fe80::204:4:4:4
[Mote:1] {"node":"fd00::204:4:4:4", "cpu_energy_mj":19, "lpm_energy_mj":0, "radio_tx_energy_mj":0, "radio_rx_energy_mj":8, "node_time":2776177, "total_sent":262, "total_received":275, "bytes_tx":60, "bytes_rx":12, "r2n_latency":404, "lqi":100, "rssi":-74, "server_sent":275, "server_received":537, "server_bytes_rx":60, "n2r_latency":303, "hops":0, "rtt_latency":377, "root_time_now":2776480}
[Mote:2] Sensor IPv6 = fe80::202:2:2:2
[Mote:3] Sensor IPv6 = fe80::203:3:3:3
[Mote:1] {"node":"fd00::202:2:2:2", "cpu_energy_mj":18, "lpm_energy_mj":0, "radio_tx_energy_mj":0, "radio_rx_energy_mj":8, "node_time":2780023, "total_sent":263, "total_received":275, "bytes_tx":60, "bytes_rx":12, "r2n_latency":54, "lqi":100, "rssi":-52, "server_sent":276, "server_received":538, "server_bytes_rx":60, "n2r_latency":2617, "hops":0, "rtt_latency":167, "root_time_now":2782640}
[Mote:1] {"node":"fd00::203:3:3:3", "cpu_energy_mj":18, "lpm_energy_mj":0, "radio_tx_energy_mj":0, "radio_rx_energy_mj":8, "node_time":2782046, "total_sent":261, "total_received":267, "bytes_tx":60, "bytes_rx":12, "r2n_latency":1184, "lqi":100, "rssi":-85, "server_sent":267, "server_received":528, "server_bytes_rx":60, "n2r_latency":1154, "hops":1, "rtt_latency":907, "root_time_now":2783200}
[Mote:5] Sensor IPv6 = fe80::205:5:5:5
[Mote:1] {"node":"fd00::205:5:5:5", "cpu_energy_mj":19, "lpm_energy_mj":0, "radio_tx_energy_mj":0, "radio_rx_energy_mj":8, "node_time":2784652, "total_sent":246, "total_received":263, "bytes_tx":60, "bytes_rx":12, "r2n_latency":1314, "lqi":100, "rssi":-30, "server_sent":264, "server_received":509, "server_bytes_rx":60, "n2r_latency":1138, "hops":2, "rtt_latency":762, "root_time_now":2785790}
[Mote:4] Sensor IPv6 = fe80::204:4:4:4
[Mote:1] {"node":"fd00::204:4:4:4", "cpu_energy_mj":19, "lpm_energy_mj":0, "radio_tx_energy_mj":0, "radio_rx_energy_mj":8, "node_time":2786735, "total_sent":263, "total_received":276, "bytes_tx":60, "bytes_rx":12, "r2n_latency":344, "lqi":100, "rssi":-74, "server_sent":276, "server_received":539, "server_bytes_rx":60, "n2r_latency":35, "hops":0, "rtt_latency":557, "root_time_now":2786770}
[Mote:2] Sensor IPv6 = fe80::202:2:2:2
[Mote:1] {"node":"fd00::202:2:2:2", "cpu_energy_mj":18, "lpm_energy_mj":0, "radio_tx_energy_mj":0, "radio_rx_energy_mj":8, "node_time":2790554, "total_sent":264, "total_received":277, "bytes_tx":60, "bytes_rx":12, "r2n_latency":74, "lqi":100, "rssi":-52, "server_sent":277, "server_received":541, "server_bytes_rx":60, "n2r_latency":276, "hops":0, "rtt_latency":107, "root_time_now":2790830}
[Mote:3] Sensor IPv6 = fe80::203:3:3:3
[Mote:1] {"node":"fd00::203:3:3:3", "cpu_energy_mj":18, "lpm_energy_mj":0, "radio_tx_energy_mj":0, "radio_rx_energy_mj":8, "node_time":2792310, "total_sent":262, "total_received":268, "bytes_tx":60, "bytes_rx":12, "r2n_latency":914, "lqi":100, "rssi":-85, "server_sent":268, "server_received":530, "server_bytes_rx":60, "n2r_latency":130, "hops":1, "rtt_latency":667, "root_time_now":2792440}
[Mote:5] Sensor IPv6 = fe80::205:5:5:5
[Mote:1] {"node":"fd00::205:5:5:5", "cpu_energy_mj":19, "lpm_energy_mj":0, "radio_tx_energy_mj":0, "radio_rx_energy_mj":8, "node_time":2795446, "total_sent":247, "total_received":265, "bytes_tx":60, "bytes_rx":12, "r2n_latency":1474, "lqi":100, "rssi":-30, "server_sent":265, "server_received":512, "server_bytes_rx":60, "n2r_latency":214, "hops":2, "rtt_latency":842, "root_time_now":2795660}
[Mote:4] Sensor IPv6 = fe80::204:4:4:4
[Mote:1] {"node":"fd00::204:4:4:4", "cpu_energy_mj":19, "lpm_energy_mj":0, "radio_tx_energy_mj":0, "radio_rx_energy_mj":8, "node_time":2797293, "total_sent":264, "total_received":277, "bytes_tx":60, "bytes_rx":12, "r2n_latency":424, "lqi":100, "rssi":-74, "server_sent":277, "server_received":541, "server_bytes_rx":60, "n2r_latency":47, "hops":0, "rtt_latency":352, "root_time_now":2797340}
[Mote:2] Sensor IPv6 = fe80::202:2:2:2
[Mote:1] {"node":"fd00::202:2:2:2", "cpu_energy_mj":18, "lpm_energy_mj":0, "radio_tx_energy_mj":0, "radio_rx_energy_mj":8, "node_time":2801085, "total_sent":265, "total_received":278, "bytes_tx":60, "bytes_rx":12, "r2n_latency":14, "lqi":100, "rssi":-52, "server_sent":278, "server_received":543, "server_bytes_rx":60, "n2r_latency":315, "hops":0, "rtt_latency":672, "root_time_now":2801400}
[Mote:3] Sensor IPv6 = fe80::203:3:3:3
[Mote:1] {"node":"fd00::203:3:3:3", "cpu_energy_mj":18, "lpm_energy_mj":0, "radio_tx_energy_mj":0, "radio_rx_energy_mj":8, "node_time":2802574, "total_sent":263, "total_received":269, "bytes_tx":60, "bytes_rx":12, "r2n_latency":1484, "lqi":100, "rssi":-85, "server_sent":269, "server_received":532, "server_bytes_rx":60, "n2r_latency":86, "hops":1, "rtt_latency":812, "root_time_now":2802660}
[Mote:5] Sensor IPv6 = fe80::205:5:5:5
[Mote:1] {"node":"fd00::205:5:5:5", "cpu_energy_mj":19, "lpm_energy_mj":0, "radio_tx_energy_mj":0, "radio_rx_energy_mj":8, "node_time":2806240, "total_sent":248, "total_received":266, "bytes_tx":60, "bytes_rx":12, "r2n_latency":1904, "lqi":100, "rssi":-30, "server_sent":266, "server_received":514, "server_bytes_rx":60, "n2r_latency":200, "hops":2, "rtt_latency":1057, "root_time_now":2806440}
[Mote:4] Sensor IPv6 = fe80::204:4:4:4
[Mote:1] {"node":"fd00::204:4:4:4", "cpu_energy_mj":19, "lpm_energy_mj":0, "radio_tx_energy_mj":0, "radio_rx_energy_mj":8, "node_time":2807845, "total_sent":265, "total_received":278, "bytes_tx":60, "bytes_rx":12, "r2n_latency":224, "lqi":100, "rssi":-74, "server_sent":278, "server_received":543, "server_bytes_rx":60, "n2r_latency":65, "hops":0, "rtt_latency":252, "root_time_now":2807910}
[Mote:2] Sensor IPv6 = fe80::202:2:2:2
[Mote:1] {"node":"fd00::202:2:2:2", "cpu_energy_mj":18, "lpm_energy_mj":0, "radio_tx_energy_mj":0, "radio_rx_energy_mj":8, "node_time":2811616, "total_sent":266, "total_received":279, "bytes_tx":60, "bytes_rx":12, "r2n_latency":24, "lqi":100, "rssi":-52, "server_sent":279, "server_received":545, "server_bytes_rx":60, "n2r_latency":74, "hops":0, "rtt_latency":117, "root_time_now":2811690}
[Mote:3] Sensor IPv6 = fe80::203:3:3:3
[Mote:1] {"node":"fd00::203:3:3:3", "cpu_energy_mj":18, "lpm_energy_mj":0, "radio_tx_energy_mj":0, "radio_rx_energy_mj":8, "node_time":2812838, "total_sent":264, "total_received":270, "bytes_tx":60, "bytes_rx":12, "r2n_latency":1354, "lqi":100, "rssi":-85, "server_sent":270, "server_received":534, "server_bytes_rx":60, "n2r_latency":112, "hops":1, "rtt_latency":887, "root_time_now":2812950}
[Mote:5] Sensor IPv6 = fe80::205:5:5:5
[Mote:1] {"node":"fd00::205:5:5:5", "cpu_energy_mj":19, "lpm_energy_mj":0, "radio_tx_energy_mj":0, "radio_rx_energy_mj":9, "node_time":2817032, "total_sent":249, "total_received":267, "bytes_tx":60, "bytes_rx":12, "r2n_latency":2404, "lqi":100, "rssi":-30, "server_sent":267, "server_received":516, "server_bytes_rx":60, "n2r_latency":188, "hops":2, "rtt_latency":1307, "root_time_now":2817220}
[Mote:4] Sensor IPv6 = fe80::204:4:4:4
[Mote:1] {"node":"fd00::204:4:4:4", "cpu_energy_mj":19, "lpm_energy_mj":0, "radio_tx_energy_mj":0, "radio_rx_energy_mj":8, "node_time":2818401, "total_sent":266, "total_received":279, "bytes_tx":60, "bytes_rx":12, "r2n_latency":304, "lqi":100, "rssi":-74, "server_sent":279, "server_received":545, "server_bytes_rx":60, "n2r_latency":9, "hops":0, "rtt_latency":257, "root_time_now":2818410}
[Mote:2] Sensor IPv6 = fe80::202:2:2:2
[Mote:1] {"node":"fd00::202:2:2:2", "cpu_energy_mj":18, "lpm_energy_mj":0, "radio_tx_energy_mj":0, "radio_rx_energy_mj":8, "node_time":2822147, "total_sent":267, "total_received":280, "bytes_tx":60, "bytes_rx":12, "r2n_latency":34, "lqi":100, "rssi":-52, "server_sent":280, "server_received":547, "server_bytes_rx":60, "n2r_latency":43, "hops":0, "rtt_latency":332, "root_time_now":2822190}
[Mote:3] Sensor IPv6 = fe80::203:3:3:3
[Mote:1] {"node":"fd00::203:3:3:3", "cpu_energy_mj":18, "lpm_energy_mj":0, "radio_tx_energy_mj":0, "radio_rx_energy_mj":8, "node_time":2823102, "total_sent":265, "total_received":271, "bytes_tx":60, "bytes_rx":12, "r2n_latency":1224, "lqi":100, "rssi":-85, "server_sent":271, "server_received":536, "server_bytes_rx":60, "n2r_latency":138, "hops":1, "rtt_latency":717, "root_time_now":2823240}
[Mote:5] Sensor IPv6 = fe80::205:5:5:5
[Mote:1] {"node":"fd00::205:5:5:5", "cpu_energy_mj":19, "lpm_energy_mj":0, "radio_tx_energy_mj":0, "radio_rx_energy_mj":8, "node_time":2827822, "total_sent":250, "total_received":268, "bytes_tx":60, "bytes_rx":12, "r2n_latency":1784, "lqi":100, "rssi":-30, "server_sent":268, "server_received":518, "server_bytes_rx":60, "n2r_latency":178, "hops":2, "rtt_latency":997, "root_time_now":2828000}
[Mote:4] Sensor IPv6 = fe80::204:4:4:4
[Mote:1] {"node":"fd00::204:4:4:4", "cpu_energy_mj":19, "lpm_energy_mj":0, "radio_tx_energy_mj":0, "radio_rx_energy_mj":8, "node_time":2828957, "total_sent":267, "total_received":280, "bytes_tx":60, "bytes_rx":12, "r2n_latency":244, "lqi":100, "rssi":-74, "server_sent":280, "server_received":547, "server_bytes_rx":60, "n2r_latency":23, "hops":0, "rtt_latency":437, "root_time_now":2828980}
[Mote:2] Sensor IPv6 = fe80::202:2:2:2
[Mote:1] {"node":"fd00::202:2:2:2", "cpu_energy_mj":18, "lpm_energy_mj":0, "radio_tx_energy_mj":0, "radio_rx_energy_mj":8, "node_time":2832678, "total_sent":268, "total_received":281, "bytes_tx":60, "bytes_rx":12, "r2n_latency":44, "lqi":100, "rssi":-52, "server_sent":281, "server_received":549, "server_bytes_rx":60, "n2r_latency":12, "hops":0, "rtt_latency":92, "root_time_now":2832690}
[Mote:3] Sensor IPv6 = fe80::203:3:3:3
[Mote:1] {"node":"fd00::203:3:3:3", "cpu_energy_mj":18, "lpm_energy_mj":0, "radio_tx_energy_mj":0, "radio_rx_energy_mj":8, "node_time":2833366, "total_sent":266, "total_received":272, "bytes_tx":60, "bytes_rx":12, "r2n_latency":674, "lqi":100, "rssi":-85, "server_sent":272, "server_received":538, "server_bytes_rx":60, "n2r_latency":94, "hops":1, "rtt_latency":407, "root_time_now":2833460}
[Mote:5] Sensor IPv6 = fe80::205:5:5:5
[Mote:1] {"node":"fd00::205:5:5:5", "cpu_energy_mj":19, "lpm_energy_mj":0, "radio_tx_energy_mj":0, "radio_rx_energy_mj":8, "node_time":2838614, "total_sent":251, "total_received":269, "bytes_tx":60, "bytes_rx":12, "r2n_latency":1234, "lqi":100, "rssi":-30, "server_sent":269, "server_received":520, "server_bytes_rx":60, "n2r_latency":166, "hops":2, "rtt_latency":722, "root_time_now":2838780}
[Mote:4] Sensor IPv6 = fe80::204:4:4:4
[Mote:1] {"node":"fd00::204:4:4:4", "cpu_energy_mj":19, "lpm_energy_mj":0, "radio_tx_energy_mj":0, "radio_rx_energy_mj":8, "node_time":2839513, "total_sent":268, "total_received":281, "bytes_tx":60, "bytes_rx":12, "r2n_latency":254, "lqi":100, "rssi":-74, "server_sent":281, "server_received":549, "server_bytes_rx":60, "n2r_latency":37, "hops":0, "rtt_latency":197, "root_time_now":2839550}
[Mote:2] Sensor IPv6 = fe80::202:2:2:2
[Mote:1] {"node":"fd00::202:2:2:2", "cpu_energy_mj":18, "lpm_energy_mj":0, "radio_tx_energy_mj":0, "radio_rx_energy_mj":8, "node_time":2843209, "total_sent":269, "total_received":282, "bytes_tx":60, "bytes_rx":12, "r2n_latency":54, "lqi":100, "rssi":-52, "server_sent":282, "server_received":551, "server_bytes_rx":60, "n2r_latency":51, "hops":0, "rtt_latency":377, "root_time_now":2843260}
[Mote:3] Sensor IPv6 = fe80::203:3:3:3
[Mote:1] {"node":"fd00::203:3:3:3", "cpu_energy_mj":18, "lpm_energy_mj":0, "radio_tx_energy_mj":0, "radio_rx_energy_mj":8, "node_time":2843632, "total_sent":267, "total_received":273, "bytes_tx":60, "bytes_rx":12, "r2n_latency":474, "lqi":100, "rssi":-85, "server_sent":273, "server_received":540, "server_bytes_rx":60, "n2r_latency":118, "hops":1, "rtt_latency":412, "root_time_now":2843750}
[Mote:5] Sensor IPv6 = fe80::205:5:5:5
[Mote:1] {"node":"fd00::205:5:5:5", "cpu_energy_mj":19, "lpm_energy_mj":0, "radio_tx_energy_mj":0, "radio_rx_energy_mj":8, "node_time":2849408, "total_sent":252, "total_received":270, "bytes_tx":60, "bytes_rx":12, "r2n_latency":1384, "lqi":100, "rssi":-30, "server_sent":270, "server_received":522, "server_bytes_rx":60, "n2r_latency":362, "hops":2, "rtt_latency":797, "root_time_now":2849770}
[Mote:4] Sensor IPv6 = fe80::204:4:4:4
[Mote:1] {"node":"fd00::204:4:4:4", "cpu_energy_mj":19, "lpm_energy_mj":0, "radio_tx_energy_mj":0, "radio_rx_energy_mj":8, "node_time":2850069, "total_sent":269, "total_received":282, "bytes_tx":60, "bytes_rx":12, "r2n_latency":194, "lqi":100, "rssi":-74, "server_sent":283, "server_received":551, "server_bytes_rx":60, "n2r_latency":611, "hops":0, "rtt_latency":307, "root_time_now":2850680}
[Mote:2] Sensor IPv6 = fe80::202:2:2:2
[Mote:3] Sensor IPv6 = fe80::203:3:3:3
[Mote:1] {"node":"fd00::203:3:3:3", "cpu_energy_mj":18, "lpm_energy_mj":0, "radio_tx_energy_mj":0, "radio_rx_energy_mj":8, "node_time":2853894, "total_sent":268, "total_received":274, "bytes_tx":60, "bytes_rx":12, "r2n_latency":2514, "lqi":100, "rssi":-85, "server_sent":274, "server_received":542, "server_bytes_rx":60, "n2r_latency":216, "hops":1, "rtt_latency":1852, "root_time_now":2854110}
[Mote:1] {"node":"fd00::202:2:2:2", "cpu_energy_mj":18, "lpm_energy_mj":0, "radio_tx_energy_mj":0, "radio_rx_energy_mj":8, "node_time":2853740, "total_sent":270, "total_received":283, "bytes_tx":60, "bytes_rx":12, "r2n_latency":64, "lqi":100, "rssi":-52, "server_sent":283, "server_received":553, "server_bytes_rx":60, "n2r_latency":860, "hops":0, "rtt_latency":242, "root_time_now":2854600}
[Mote:5] Sensor IPv6 = fe80::205:5:5:5
[Mote:4] Sensor IPv6 = fe80::204:4:4:4
[Mote:3] Sensor IPv6 = fe80::203:3:3:3
[Mote:2] Sensor IPv6 = fe80::202:2:2:2
[Mote:1] {"node":"fd00::202:2:2:2", "cpu_energy_mj":18, "lpm_energy_mj":0, "radio_tx_energy_mj":0, "radio_rx_energy_mj":8, "node_time":2864273, "total_sent":271, "total_received":284, "bytes_tx":60, "bytes_rx":12, "r2n_latency":74, "lqi":100, "rssi":-52, "server_sent":284, "server_received":555, "server_bytes_rx":60, "n2r_latency":337, "hops":0, "rtt_latency":422, "root_time_now":2864610}
[Mote:1] {"node":"fd00::205:5:5:5", "cpu_energy_mj":19, "lpm_energy_mj":0, "radio_tx_energy_mj":0, "radio_rx_energy_mj":8, "node_time":2860199, "total_sent":253, "total_received":271, "bytes_tx":60, "bytes_rx":12, "r2n_latency":2724, "lqi":100, "rssi":-30, "server_sent":272, "server_received":524, "server_bytes_rx":60, "n2r_latency":5531, "hops":2, "rtt_latency":1992, "root_time_now":2865730}
[Mote:1] {"node":"fd00::204:4:4:4", "cpu_energy_mj":19, "lpm_energy_mj":0, "radio_tx_energy_mj":0, "radio_rx_energy_mj":8, "node_time":2860625, "total_sent":270, "total_received":283, "bytes_tx":60, "bytes_rx":12, "r2n_latency":1884, "lqi":100, "rssi":-74, "server_sent":284, "server_received":553, "server_bytes_rx":60, "n2r_latency":5175, "hops":0, "rtt_latency":1082, "root_time_now":2865800}
[Mote:1] {"node":"fd00::203:3:3:3", "cpu_energy_mj":18, "lpm_energy_mj":0, "radio_tx_energy_mj":0, "radio_rx_energy_mj":8, "node_time":2864158, "total_sent":269, "total_received":275, "bytes_tx":60, "bytes_rx":12, "r2n_latency":1614, "lqi":100, "rssi":-85, "server_sent":275, "server_received":544, "server_bytes_rx":60, "n2r_latency":1922, "hops":1, "rtt_latency":2977, "root_time_now":2866080}
[Mote:5] Sensor IPv6 = fe80::205:5:5:5
[Mote:4] Sensor IPv6 = fe80::204:4:4:4
[Mote:1] {"node":"fd00::205:5:5:5", "cpu_energy_mj":19, "lpm_energy_mj":0, "radio_tx_energy_mj":0, "radio_rx_energy_mj":8, "node_time":2870992, "total_sent":254, "total_received":272, "bytes_tx":60, "bytes_rx":12, "r2n_latency":2034, "lqi":100, "rssi":-30, "server_sent":273, "server_received":526, "server_bytes_rx":60, "n2r_latency":478, "hops":2, "rtt_latency":3012, "root_time_now":2871470}
[Mote:1] {"node":"fd00::204:4:4:4", "cpu_energy_mj":19, "lpm_energy_mj":0, "radio_tx_energy_mj":0, "radio_rx_energy_mj":8, "node_time":2871183, "total_sent":271, "total_received":285, "bytes_tx":60, "bytes_rx":12, "r2n_latency":434, "lqi":100, "rssi":-74, "server_sent":285, "server_received":556, "server_bytes_rx":60, "n2r_latency":357, "hops":0, "rtt_latency":392, "root_time_now":2871540}
[Mote:3] Sensor IPv6 = fe80::203:3:3:3
[Mote:1] {"node":"fd00::203:3:3:3", "cpu_energy_mj":18, "lpm_energy_mj":0, "radio_tx_energy_mj":0, "radio_rx_energy_mj":8, "node_time":2874422, "total_sent":270, "total_received":276, "bytes_tx":60, "bytes_rx":12, "r2n_latency":1764, "lqi":100, "rssi":-85, "server_sent":276, "server_received":546, "server_bytes_rx":60, "n2r_latency":128, "hops":1, "rtt_latency":987, "root_time_now":2874550}
[Mote:2] Sensor IPv6 = fe80::202:2:2:2
[Mote:1] {"node":"fd00::202:2:2:2", "cpu_energy_mj":18, "lpm_energy_mj":0, "radio_tx_energy_mj":0, "radio_rx_energy_mj":8, "node_time":2874802, "total_sent":272, "total_received":285, "bytes_tx":60, "bytes_rx":12, "r2n_latency":14, "lqi":100, "rssi":-52, "server_sent":285, "server_received":557, "server_bytes_rx":60, "n2r_latency":308, "hops":0, "rtt_latency":357, "root_time_now":2875110}
[Mote:4] Sensor IPv6 = fe80::204:4:4:4
[Mote:1] {"node":"fd00::204:4:4:4", "cpu_energy_mj":19, "lpm_energy_mj":0, "radio_tx_energy_mj":0, "radio_rx_energy_mj":8, "node_time":2881739, "total_sent":272, "total_received":286, "bytes_tx":60, "bytes_rx":12, "r2n_latency":234, "lqi":100, "rssi":-74, "server_sent":286, "server_received":558, "server_bytes_rx":60, "n2r_latency":21, "hops":0, "rtt_latency":222, "root_time_now":2881760}
[Mote:5] Sensor IPv6 = fe80::205:5:5:5
[Mote:1] {"node":"fd00::205:5:5:5", "cpu_energy_mj":19, "lpm_energy_mj":0, "radio_tx_energy_mj":0, "radio_rx_energy_mj":8, "node_time":2881782, "total_sent":255, "total_received":274, "bytes_tx":60, "bytes_rx":12, "r2n_latency":1494, "lqi":100, "rssi":-30, "server_sent":274, "server_received":529, "server_bytes_rx":60, "n2r_latency":188, "hops":2, "rtt_latency":852, "root_time_now":2881970}
[Mote:3] Sensor IPv6 = fe80::203:3:3:3
[Mote:1] {"node":"fd00::203:3:3:3", "cpu_energy_mj":18, "lpm_energy_mj":0, "radio_tx_energy_mj":0, "radio_rx_energy_mj":8, "node_time":2884684, "total_sent":271, "total_received":277, "bytes_tx":60, "bytes_rx":12, "r2n_latency":934, "lqi":100, "rssi":-85, "server_sent":277, "server_received":548, "server_bytes_rx":60, "n2r_latency":86, "hops":1, "rtt_latency":677, "root_time_now":2884770}
[Mote:2] Sensor IPv6 = fe80::202:2:2:2
[Mote:1] {"node":"fd00::202:2:2:2", "cpu_energy_mj":18, "lpm_energy_mj":0, "radio_tx_energy_mj":0, "radio_rx_energy_mj":8, "node_time":2885333, "total_sent":273, "total_received":286, "bytes_tx":60, "bytes_rx":12, "r2n_latency":24, "lqi":100, "rssi":-52, "server_sent":286, "server_received":559, "server_bytes_rx":60, "n2r_latency":67, "hops":0, "rtt_latency":432, "root_time_now":2885400}
[Mote:4] Sensor IPv6 = fe80::204:4:4:4
[Mote:1] {"node":"fd00::204:4:4:4", "cpu_energy_mj":19, "lpm_energy_mj":0, "radio_tx_energy_mj":0, "radio_rx_energy_mj":8, "node_time":2892295, "total_sent":273, "total_received":287, "bytes_tx":60, "bytes_rx":12, "r2n_latency":314, "lqi":100, "rssi":-74, "server_sent":287, "server_received":560, "server_bytes_rx":60, "n2r_latency":35, "hops":0, "rtt_latency":332, "root_time_now":2892330}
[Mote:5] Sensor IPv6 = fe80::205:5:5:5
[Mote:1] {"node":"fd00::205:5:5:5", "cpu_energy_mj":19, "lpm_energy_mj":0, "radio_tx_energy_mj":0, "radio_rx_energy_mj":8, "node_time":2892574, "total_sent":256, "total_received":275, "bytes_tx":60, "bytes_rx":12, "r2n_latency":1574, "lqi":100, "rssi":-30, "server_sent":275, "server_received":531, "server_bytes_rx":60, "n2r_latency":176, "hops":2, "rtt_latency":1137, "root_time_now":2892750}
[Mote:3] Sensor IPv6 = fe80::203:3:3:3
[Mote:1] {"node":"fd00::203:3:3:3", "cpu_energy_mj":18, "lpm_energy_mj":0, "radio_tx_energy_mj":0, "radio_rx_energy_mj":8, "node_time":2894948, "total_sent":272, "total_received":278, "bytes_tx":60, "bytes_rx":12, "r2n_latency":734, "lqi":100, "rssi":-85, "server_sent":278, "server_received":550, "server_bytes_rx":60, "n2r_latency":112, "hops":1, "rtt_latency":1102, "root_time_now":2895060}
[Mote:2] Sensor IPv6 = fe80::202:2:2:2
[Mote:1] {"node":"fd00::202:2:2:2", "cpu_energy_mj":18, "lpm_energy_mj":0, "radio_tx_energy_mj":0, "radio_rx_energy_mj":8, "node_time":2895864, "total_sent":274, "total_received":287, "bytes_tx":60, "bytes_rx":12, "r2n_latency":34, "lqi":100, "rssi":-52, "server_sent":287, "server_received":561, "server_bytes_rx":60, "n2r_latency":36, "hops":0, "rtt_latency":87, "root_time_now":2895900}
[Mote:4] Sensor IPv6 = fe80::204:4:4:4
[Mote:1] {"node":"fd00::204:4:4:4", "cpu_energy_mj":19, "lpm_energy_mj":0, "radio_tx_energy_mj":0, "radio_rx_energy_mj":8, "node_time":2902851, "total_sent":274, "total_received":288, "bytes_tx":60, "bytes_rx":12, "r2n_latency":184, "lqi":100, "rssi":-74, "server_sent":288, "server_received":562, "server_bytes_rx":60, "n2r_latency":49, "hops":0, "rtt_latency":442, "root_time_now":2902900}
[Mote:5] Sensor IPv6 = fe80::205:5:5:5
[Mote:1] {"node":"fd00::205:5:5:5", "cpu_energy_mj":19, "lpm_energy_mj":0, "radio_tx_energy_mj":0, "radio_rx_energy_mj":8, "node_time":2903366, "total_sent":257, "total_received":276, "bytes_tx":60, "bytes_rx":12, "r2n_latency":1654, "lqi":100, "rssi":-30, "server_sent":276, "server_received":533, "server_bytes_rx":60, "n2r_latency":304, "hops":2, "rtt_latency":932, "root_time_now":2903670}
[Mote:3] Sensor IPv6 = fe80::203:3:3:3
[Mote:1] {"node":"fd00::203:3:3:3", "cpu_energy_mj":18, "lpm_energy_mj":0, "radio_tx_energy_mj":0, "radio_rx_energy_mj":8, "node_time":2905212, "total_sent":273, "total_received":279, "bytes_tx":60, "bytes_rx":12, "r2n_latency":1304, "lqi":100, "rssi":-85, "server_sent":279, "server_received":552, "server_bytes_rx":60, "n2r_latency":138, "hops":1, "rtt_latency":757, "root_time_now":2905350}
[Mote:2] Sensor IPv6 = fe80::202:2:2:2
[Mote:1] {"node":"fd00::202:2:2:2", "cpu_energy_mj":18, "lpm_energy_mj":0, "radio_tx_energy_mj":0, "radio_rx_energy_mj":8, "node_time":2906395, "total_sent":275, "total_received":288, "bytes_tx":60, "bytes_rx":12, "r2n_latency":44, "lqi":100, "rssi":-52, "server_sent":288, "server_received":563, "server_bytes_rx":60, "n2r_latency":75, "hops":0, "rtt_latency":162, "root_time_now":2906470}
[Mote:4] Sensor IPv6 = fe80::204:4:4:4
[Mote:1] {"node":"fd00::204:4:4:4", "cpu_energy_mj":19, "lpm_energy_mj":0, "radio_tx_energy_mj":0, "radio_rx_energy_mj":8, "node_time":2913407, "total_sent":275, "total_received":289, "bytes_tx":60, "bytes_rx":12, "r2n_latency":334, "lqi":100, "rssi":-74, "server_sent":289, "server_received":564, "server_bytes_rx":60, "n2r_latency":63, "hops":0, "rtt_latency":272, "root_time_now":2913470}
[Mote:5] Sensor IPv6 = fe80::205:5:5:5
[Mote:1] {"node":"fd00::205:5:5:5", "cpu_energy_mj":19, "lpm_energy_mj":0, "radio_tx_energy_mj":0, "radio_rx_energy_mj":9, "node_time":2914158, "total_sent":258, "total_received":277, "bytes_tx":60, "bytes_rx":12, "r2n_latency":1454, "lqi":100, "rssi":-30, "server_sent":277, "server_received":535, "server_bytes_rx":60, "n2r_latency":152, "hops":2, "rtt_latency":832, "root_time_now":2914310}
[Mote:3] Sensor IPv6 = fe80::203:3:3:3
[Mote:1] {"node":"fd00::203:3:3:3", "cpu_energy_mj":18, "lpm_energy_mj":0, "radio_tx_energy_mj":0, "radio_rx_energy_mj":8, "node_time":2915476, "total_sent":274, "total_received":280, "bytes_tx":60, "bytes_rx":12, "r2n_latency":1034, "lqi":100, "rssi":-85, "server_sent":280, "server_received":554, "server_bytes_rx":60, "n2r_latency":94, "hops":1, "rtt_latency":657, "root_time_now":2915570}
[Mote:2] Sensor IPv6 = fe80::202:2:2:2
[Mote:1] {"node":"fd00::202:2:2:2", "cpu_energy_mj":18, "lpm_energy_mj":0, "radio_tx_energy_mj":0, "radio_rx_energy_mj":8, "node_time":2916928, "total_sent":276, "total_received":289, "bytes_tx":60, "bytes_rx":12, "r2n_latency":54, "lqi":100, "rssi":-52, "server_sent":289, "server_received":565, "server_bytes_rx":60, "n2r_latency":42, "hops":0, "rtt_latency":132, "root_time_now":2916970}
[Mote:4] Sensor IPv6 = fe80::204:4:4:4
[Mote:1] {"node":"fd00::204:4:4:4", "cpu_energy_mj":19, "lpm_energy_mj":0, "radio_tx_energy_mj":0, "radio_rx_energy_mj":8, "node_time":2923963, "total_sent":276, "total_received":290, "bytes_tx":60, "bytes_rx":12, "r2n_latency":274, "lqi":100, "rssi":-74, "server_sent":290, "server_received":566, "server_bytes_rx":60, "n2r_latency":7, "hops":0, "rtt_latency":312, "root_time_now":2923970}
[Mote:5] Sensor IPv6 = fe80::205:5:5:5
[Mote:1] {"node":"fd00::205:5:5:5", "cpu_energy_mj":19, "lpm_energy_mj":0, "radio_tx_energy_mj":0, "radio_rx_energy_mj":9, "node_time":2924950, "total_sent":259, "total_received":278, "bytes_tx":60, "bytes_rx":12, "r2n_latency":1464, "lqi":100, "rssi":-30, "server_sent":278, "server_received":537, "server_bytes_rx":60, "n2r_latency":210, "hops":2, "rtt_latency":837, "root_time_now":2925160}
[Mote:3] Sensor IPv6 = fe80::203:3:3:3
[Mote:1] {"node":"fd00::203:3:3:3", "cpu_energy_mj":18, "lpm_energy_mj":0, "radio_tx_energy_mj":0, "radio_rx_energy_mj":8, "node_time":2925740, "total_sent":275, "total_received":281, "bytes_tx":60, "bytes_rx":12, "r2n_latency":694, "lqi":100, "rssi":-85, "server_sent":281, "server_received":556, "server_bytes_rx":60, "n2r_latency":120, "hops":1, "rtt_latency":522, "root_time_now":2925860}
[Mote:2] Sensor IPv6 = fe80::202:2:2:2
[Mote:1] {"node":"fd00::202:2:2:2", "cpu_energy_mj":18, "lpm_energy_mj":0, "radio_tx_energy_mj":0, "radio_rx_energy_mj":8, "node_time":2927457, "total_sent":277, "total_received":290, "bytes_tx":60, "bytes_rx":12, "r2n_latency":64, "lqi":100, "rssi":-52, "server_sent":290, "server_received":567, "server_bytes_rx":60, "n2r_latency":13, "hops":0, "rtt_latency":207, "root_time_now":2927470}
[Mote:4] Sensor IPv6 = fe80::204:4:4:4
[Mote:1] {"node":"fd00::204:4:4:4", "cpu_energy_mj":19, "lpm_energy_mj":0, "radio_tx_energy_mj":0, "radio_rx_energy_mj":8, "node_time":2934519, "total_sent":277, "total_received":291, "bytes_tx":60, "bytes_rx":12, "r2n_latency":1404, "lqi":100, "rssi":-74, "server_sent":291, "server_received":568, "server_bytes_rx":60, "n2r_latency":21, "hops":0, "rtt_latency":1402, "root_time_now":2934540}
[Mote:5] Sensor IPv6 = fe80::205:5:5:5
[Mote:1] {"node":"fd00::205:5:5:5", "cpu_energy_mj":19, "lpm_energy_mj":0, "radio_tx_energy_mj":0, "radio_rx_energy_mj":8, "node_time":2935742, "total_sent":260, "total_received":279, "bytes_tx":60, "bytes_rx":12, "r2n_latency":3644, "lqi":100, "rssi":-30, "server_sent":279, "server_received":539, "server_bytes_rx":60, "n2r_latency":198, "hops":2, "rtt_latency":1927, "root_time_now":2935940}
[Mote:3] Sensor IPv6 = fe80::203:3:3:3
[Mote:1] {"node":"fd00::203:3:3:3", "cpu_energy_mj":18, "lpm_energy_mj":0, "radio_tx_energy_mj":0, "radio_rx_energy_mj":8, "node_time":2936004, "total_sent":276, "total_received":282, "bytes_tx":60, "bytes_rx":12, "r2n_latency":2244, "lqi":100, "rssi":-85, "server_sent":282, "server_received":558, "server_bytes_rx":60, "n2r_latency":146, "hops":1, "rtt_latency":1542, "root_time_now":2936150}
[Mote:2] Sensor IPv6 = fe80::202:2:2:2
[Mote:1] {"node":"fd00::202:2:2:2", "cpu_energy_mj":18, "lpm_energy_mj":0, "radio_tx_energy_mj":0, "radio_rx_energy_mj":8, "node_time":2937988, "total_sent":278, "total_received":291, "bytes_tx":60, "bytes_rx":12, "r2n_latency":74, "lqi":100, "rssi":-52, "server_sent":291, "server_received":569, "server_bytes_rx":60, "n2r_latency":52, "hops":0, "rtt_latency":422, "root_time_now":2938040}
[Mote:4] Sensor IPv6 = fe80::204:4:4:4
[Mote:1] {"node":"fd00::204:4:4:4", "cpu_energy_mj":19, "lpm_energy_mj":0, "radio_tx_energy_mj":0, "radio_rx_energy_mj":8, "node_time":2945075, "total_sent":278, "total_received":292, "bytes_tx":60, "bytes_rx":12, "r2n_latency":504, "lqi":100, "rssi":-74, "server_sent":292, "server_received":570, "server_bytes_rx":60, "n2r_latency":35, "hops":0, "rtt_latency":322, "root_time_now":2945110}
[Mote:3] Sensor IPv6 = fe80::203:3:3:3
[Mote:1] {"node":"fd00::203:3:3:3", "cpu_energy_mj":18, "lpm_energy_mj":0, "radio_tx_energy_mj":0, "radio_rx_energy_mj":8, "node_time":2946272, "total_sent":277, "total_received":283, "bytes_tx":60, "bytes_rx":12, "r2n_latency":924, "lqi":100, "rssi":-85, "server_sent":283, "server_received":560, "server_bytes_rx":60, "n2r_latency":98, "hops":1, "rtt_latency":672, "root_time_now":2946370}
[Mote:5] Sensor IPv6 = fe80::205:5:5:5
[Mote:1] {"node":"fd00::205:5:5:5", "cpu_energy_mj":19, "lpm_energy_mj":0, "radio_tx_energy_mj":0, "radio_rx_energy_mj":8, "node_time":2946536, "total_sent":261, "total_received":280, "bytes_tx":60, "bytes_rx":12, "r2n_latency":1694, "lqi":100, "rssi":-30, "server_sent":280, "server_received":541, "server_bytes_rx":60, "n2r_latency":184, "hops":2, "rtt_latency":952, "root_time_now":2946720}
[Mote:2] Sensor IPv6 = fe80::202:2:2:2
[Mote:1] {"node":"fd00::202:2:2:2", "cpu_energy_mj":18, "lpm_energy_mj":0, "radio_tx_energy_mj":0, "radio_rx_energy_mj":8, "node_time":2948521, "total_sent":279, "total_received":292, "bytes_tx":60, "bytes_rx":12, "r2n_latency":14, "lqi":100, "rssi":-52, "server_sent":292, "server_received":571, "server_bytes_rx":60, "n2r_latency":19, "hops":0, "rtt_latency":182, "root_time_now":2948540}
[Mote:4] Sensor IPv6 = fe80::204:4:4:4
[Mote:1] {"node":"fd00::204:4:4:4", "cpu_energy_mj":19, "lpm_energy_mj":0, "radio_tx_energy_mj":0, "radio_rx_energy_mj":8, "node_time":2955631, "total_sent":279, "total_received":293, "bytes_tx":60, "bytes_rx":12, "r2n_latency":304, "lqi":100, "rssi":-74, "server_sent":293, "server_received":572, "server_bytes_rx":60, "n2r_latency":49, "hops":0, "rtt_latency":467, "root_time_now":2955680}
[Mote:3] Sensor IPv6 = fe80::203:3:3:3
[Mote:1] {"node":"fd00::203:3:3:3", "cpu_energy_mj":18, "lpm_energy_mj":0, "radio_tx_energy_mj":0, "radio_rx_energy_mj":8, "node_time":2956534, "total_sent":278, "total_received":284, "bytes_tx":60, "bytes_rx":12, "r2n_latency":1214, "lqi":100, "rssi":-85, "server_sent":284, "server_received":562, "server_bytes_rx":60, "n2r_latency":126, "hops":1, "rtt_latency":992, "root_time_now":2956660}
[Mote:5] Sensor IPv6 = fe80::205:5:5:5
[Mote:1] {"node":"fd00::205:5:5:5", "cpu_energy_mj":19, "lpm_energy_mj":0, "radio_tx_energy_mj":0, "radio_rx_energy_mj":8, "node_time":2957328, "total_sent":262, "total_received":281, "bytes_tx":60, "bytes_rx":12, "r2n_latency":1844, "lqi":100, "rssi":-30, "server_sent":281, "server_received":543, "server_bytes_rx":60, "n2r_latency":172, "hops":2, "rtt_latency":1097, "root_time_now":2957500}
[Mote:2] Sensor IPv6 = fe80::202:2:2:2
[Mote:1] {"node":"fd00::202:2:2:2", "cpu_energy_mj":18, "lpm_energy_mj":0, "radio_tx_energy_mj":0, "radio_rx_energy_mj":8, "node_time":2959050, "total_sent":280, "total_received":293, "bytes_tx":60, "bytes_rx":12, "r2n_latency":24, "lqi":100, "rssi":-52, "server_sent":293, "server_received":573, "server_bytes_rx":60, "n2r_latency":60, "hops":0, "rtt_latency":432, "root_time_now":2959110}
[Mote:4] Sensor IPv6 = fe80::204:4:4:4
[Mote:1] {"node":"fd00::204:4:4:4", "cpu_energy_mj":19, "lpm_energy_mj":0, "radio_tx_energy_mj":0, "radio_rx_energy_mj":8, "node_time":2966187, "total_sent":280, "total_received":294, "bytes_tx":60, "bytes_rx":12, "r2n_latency":244, "lqi":100, "rssi":-74, "server_sent":294, "server_received":574, "server_bytes_rx":60, "n2r_latency":63, "hops":0, "rtt_latency":297, "root_time_now":2966250}
[Mote:3] Sensor IPv6 = fe80::203:3:3:3
[Mote:1] {"node":"fd00::203:3:3:3", "cpu_energy_mj":18, "lpm_energy_mj":0, "radio_tx_energy_mj":0, "radio_rx_energy_mj":8, "node_time":2966798, "total_sent":279, "total_received":285, "bytes_tx":60, "bytes_rx":12, "r2n_latency":874, "lqi":100, "rssi":-85, "server_sent":285, "server_received":564, "server_bytes_rx":60, "n2r_latency":82, "hops":1, "rtt_latency":647, "root_time_now":2966880}
[Mote:5] Sensor IPv6 = fe80::205:5:5:5
[Mote:1] {"node":"fd00::205:5:5:5", "cpu_energy_mj":19, "lpm_energy_mj":0, "radio_tx_energy_mj":0, "radio_rx_energy_mj":9, "node_time":2968118, "total_sent":263, "total_received":282, "bytes_tx":60, "bytes_rx":12, "r2n_latency":1644, "lqi":100, "rssi":-30, "server_sent":282, "server_received":545, "server_bytes_rx":60, "n2r_latency":162, "hops":2, "rtt_latency":927, "root_time_now":2968280}
[Mote:2] Sensor IPv6 = fe80::202:2:2:2
[Mote:1] {"node":"fd00::202:2:2:2", "cpu_energy_mj":18, "lpm_energy_mj":0, "radio_tx_energy_mj":0, "radio_rx_energy_mj":8, "node_time":2969581, "total_sent":281, "total_received":294, "bytes_tx":60, "bytes_rx":12, "r2n_latency":34, "lqi":100, "rssi":-52, "server_sent":294, "server_received":575, "server_bytes_rx":60, "n2r_latency":29, "hops":0, "rtt_latency":262, "root_time_now":2969610}
[Mote:4] Sensor IPv6 = fe80::204:4:4:4
[Mote:1] {"node":"fd00::204:4:4:4", "cpu_energy_mj":19, "lpm_energy_mj":0, "radio_tx_energy_mj":0, "radio_rx_energy_mj":8, "node_time":2976743, "total_sent":281, "total_received":295, "bytes_tx":60, "bytes_rx":12, "r2n_latency":463, "lqi":100, "rssi":-74, "server_sent":295, "server_received":576, "server_bytes_rx":60, "n2r_latency":7, "hops":0, "rtt_latency":511, "root_time_now":2976750}
[Mote:3] Sensor IPv6 = fe80::203:3:3:3
[Mote:1] {"node":"fd00::203:3:3:3", "cpu_energy_mj":18, "lpm_energy_mj":0, "radio_tx_energy_mj":0, "radio_rx_energy_mj":8, "node_time":2977064, "total_sent":280, "total_received":286, "bytes_tx":60, "bytes_rx":12, "r2n_latency":1303, "lqi":100, "rssi":-85, "server_sent":286, "server_received":566, "server_bytes_rx":60, "n2r_latency":106, "hops":1, "rtt_latency":721, "root_time_now":2977170}
[Mote:5] Sensor IPv6 = fe80::205:5:5:5
[Mote:1] {"node":"fd00::205:5:5:5", "cpu_energy_mj":19, "lpm_energy_mj":0, "radio_tx_energy_mj":0, "radio_rx_energy_mj":8, "node_time":2978910, "total_sent":264, "total_received":283, "bytes_tx":60, "bytes_rx":12, "r2n_latency":2003, "lqi":100, "rssi":-30, "server_sent":283, "server_received":547, "server_bytes_rx":60, "n2r_latency":150, "hops":2, "rtt_latency":1106, "root_time_now":2979060}
[Mote:2] Sensor IPv6 = fe80::202:2:2:2
[Mote:1] {"node":"fd00::202:2:2:2", "cpu_energy_mj":18, "lpm_energy_mj":0, "radio_tx_energy_mj":0, "radio_rx_energy_mj":8, "node_time":2980112, "total_sent":282, "total_received":296, "bytes_tx":60, "bytes_rx":12, "r2n_latency":54, "lqi":100, "rssi":-52, "server_sent":296, "server_received":578, "server_bytes_rx":60, "n2r_latency":208, "hops":0, "rtt_latency":97, "root_time_now":2980320}
[Mote:4] Sensor IPv6 = fe80::204:4:4:4
[Mote:1] {"node":"fd00::204:4:4:4", "cpu_energy_mj":19, "lpm_energy_mj":0, "radio_tx_energy_mj":0, "radio_rx_energy_mj":8, "node_time":2987301, "total_sent":282, "total_received":296, "bytes_tx":60, "bytes_rx":12, "r2n_latency":754, "lqi":100, "rssi":-74, "server_sent":296, "server_received":578, "server_bytes_rx":60, "n2r_latency":19, "hops":0, "rtt_latency":552, "root_time_now":2987320}
[Mote:3] Sensor IPv6 = fe80::203:3:3:3
[Mote:1] {"node":"fd00::203:3:3:3", "cpu_energy_mj":18, "lpm_energy_mj":0, "radio_tx_energy_mj":0, "radio_rx_energy_mj":8, "node_time":2987326, "total_sent":281, "total_received":287, "bytes_tx":60, "bytes_rx":12, "r2n_latency":1174, "lqi":100, "rssi":-85, "server_sent":287, "server_received":568, "server_bytes_rx":60, "n2r_latency":134, "hops":1, "rtt_latency":762, "root_time_now":2987460}
[Mote:5] Sensor IPv6 = fe80::205:5:5:5
[Mote:1] {"node":"fd00::205:5:5:5", "cpu_energy_mj":19, "lpm_energy_mj":0, "radio_tx_energy_mj":0, "radio_rx_energy_mj":8, "node_time":2989704, "total_sent":265, "total_received":284, "bytes_tx":60, "bytes_rx":12, "r2n_latency":1804, "lqi":100, "rssi":-30, "server_sent":284, "server_received":549, "server_bytes_rx":60, "n2r_latency":206, "hops":2, "rtt_latency":1007, "root_time_now":2989910}
[Mote:2] Sensor IPv6 = fe80::202:2:2:2
[Mote:1] {"node":"fd00::202:2:2:2", "cpu_energy_mj":18, "lpm_energy_mj":0, "radio_tx_energy_mj":0, "radio_rx_energy_mj":8, "node_time":2990643, "total_sent":283, "total_received":297, "bytes_tx":60, "bytes_rx":12, "r2n_latency":64, "lqi":100, "rssi":-52, "server_sent":297, "server_received":580, "server_bytes_rx":60, "n2r_latency":457, "hops":0, "rtt_latency":417, "root_time_now":2991100}
[Mote:3] Sensor IPv6 = fe80::203:3:3:3
[Mote:1] {"node":"fd00::203:3:3:3", "cpu_energy_mj":18, "lpm_energy_mj":0, "radio_tx_energy_mj":0, "radio_rx_energy_mj":8, "node_time":2997590, "total_sent":282, "total_received":288, "bytes_tx":60, "bytes_rx":12, "r2n_latency":1184, "lqi":100, "rssi":-85, "server_sent":288, "server_received":570, "server_bytes_rx":60, "n2r_latency":90, "hops":1, "rtt_latency":732, "root_time_now":2997680}
[Mote:4] Sensor IPv6 = fe80::204:4:4:4
[Mote:1] {"node":"fd00::204:4:4:4", "cpu_energy_mj":19, "lpm_energy_mj":0, "radio_tx_energy_mj":0, "radio_rx_energy_mj":8, "node_time":2997853, "total_sent":283, "total_received":297, "bytes_tx":60, "bytes_rx":12, "r2n_latency":344, "lqi":100, "rssi":-74, "server_sent":297, "server_received":580, "server_bytes_rx":60, "n2r_latency":317, "hops":0, "rtt_latency":312, "root_time_now":2998170}
[Mote:5] Sensor IPv6 = fe80::205:5:5:5
[Mote:1] {"node":"fd00::205:5:5:5", "cpu_energy_mj":19, "lpm_energy_mj":0, "radio_tx_energy_mj":0, "radio_rx_energy_mj":8, "node_time":3000494, "total_sent":266, "total_received":285, "bytes_tx":60, "bytes_rx":12, "r2n_latency":1744, "lqi":100, "rssi":-30, "server_sent":286, "server_received":551, "server_bytes_rx":60, "n2r_latency":546, "hops":2, "rtt_latency":977, "root_time_now":3001040}
[Mote:2] Sensor IPv6 = fe80::202:2:2:2
[Mote:1] {"node":"fd00::202:2:2:2", "cpu_energy_mj":18, "lpm_energy_mj":0, "radio_tx_energy_mj":0, "radio_rx_energy_mj":8, "node_time":3001174, "total_sent":284, "total_received":298, "bytes_tx":60, "bytes_rx":12, "r2n_latency":74, "lqi":100, "rssi":-52, "server_sent":298, "server_received":582, "server_bytes_rx":60, "n2r_latency":916, "hops":0, "rtt_latency":702, "root_time_now":3002090}
[Mote:3] Sensor IPv6 = fe80::203:3:3:3
[Mote:1] {"node":"fd00::203:3:3:3", "cpu_energy_mj":18, "lpm_energy_mj":0, "radio_tx_energy_mj":0, "radio_rx_energy_mj":8, "node_time":3007856, "total_sent":283, "total_received":289, "bytes_tx":60, "bytes_rx":12, "r2n_latency":2314, "lqi":100, "rssi":-85, "server_sent":289, "server_received":572, "server_bytes_rx":60, "n2r_latency":114, "hops":1, "rtt_latency":1332, "root_time_now":3007970}
[Mote:4] Sensor IPv6 = fe80::204:4:4:4
[Mote:1] {"node":"fd00::204:4:4:4", "cpu_energy_mj":19, "lpm_energy_mj":0, "radio_tx_energy_mj":0, "radio_rx_energy_mj":8, "node_time":3008409, "total_sent":284, "total_received":298, "bytes_tx":60, "bytes_rx":12, "r2n_latency":1124, "lqi":100, "rssi":-74, "server_sent":298, "server_received":582, "server_bytes_rx":60, "n2r_latency":51, "hops":0, "rtt_latency":1297, "root_time_now":3008460}
[Mote:5] Sensor IPv6 = fe80::205:5:5:5
[Mote:2] Sensor IPv6 = fe80::202:2:2:2
[Mote:1] {"node":"fd00::202:2:2:2", "cpu_energy_mj":18, "lpm_energy_mj":0, "radio_tx_energy_mj":0, "radio_rx_energy_mj":8, "node_time":3011705, "total_sent":285, "total_received":299, "bytes_tx":60, "bytes_rx":12, "r2n_latency":14, "lqi":100, "rssi":-52, "server_sent":299, "server_received":584, "server_bytes_rx":60, "n2r_latency":745, "hops":0, "rtt_latency":1197, "root_time_now":3012450}
[Mote:1] {"node":"fd00::205:5:5:5", "cpu_energy_mj":19, "lpm_energy_mj":0, "radio_tx_energy_mj":0, "radio_rx_energy_mj":8, "node_time":3011285, "total_sent":267, "total_received":287, "bytes_tx":60, "bytes_rx":12, "r2n_latency":1134, "lqi":100, "rssi":-30, "server_sent":287, "server_received":554, "server_bytes_rx":60, "n2r_latency":3265, "hops":2, "rtt_latency":2247, "root_time_now":3014550}
[Mote:3] Sensor IPv6 = fe80::203:3:3:3
[Mote:1] {"node":"fd00::203:3:3:3", "cpu_energy_mj":18, "lpm_energy_mj":0, "radio_tx_energy_mj":0, "radio_rx_energy_mj":8, "node_time":3018121, "total_sent":284, "total_received":290, "bytes_tx":60, "bytes_rx":12, "r2n_latency":784, "lqi":100, "rssi":-85, "server_sent":290, "server_received":574, "server_bytes_rx":60, "n2r_latency":139, "hops":1, "rtt_latency":2212, "root_time_now":3018260}
[Mote:4] Sensor IPv6 = fe80::204:4:4:4
[Mote:1] {"node":"fd00::204:4:4:4", "cpu_energy_mj":19, "lpm_energy_mj":0, "radio_tx_energy_mj":0, "radio_rx_energy_mj":8, "node_time":3018965, "total_sent":285, "total_received":299, "bytes_tx":60, "bytes_rx":12, "r2n_latency":364, "lqi":100, "rssi":-74, "server_sent":299, "server_received":584, "server_bytes_rx":60, "n2r_latency":65, "hops":0, "rtt_latency":252, "root_time_now":3019030}
[Mote:5] Sensor IPv6 = fe80::205:5:5:5
[Mote:2] Sensor IPv6 = fe80::202:2:2:2
[Mote:1] {"node":"fd00::202:2:2:2", "cpu_energy_mj":18, "lpm_energy_mj":0, "radio_tx_energy_mj":0, "radio_rx_energy_mj":8, "node_time":3022236, "total_sent":286, "total_received":300, "bytes_tx":60, "bytes_rx":12, "r2n_latency":24, "lqi":100, "rssi":-52, "server_sent":300, "server_received":586, "server_bytes_rx":60, "n2r_latency":84, "hops":0, "rtt_latency":327, "root_time_now":3022320}
[Mote:1] {"node":"fd00::205:5:5:5", "cpu_energy_mj":19, "lpm_energy_mj":0, "radio_tx_energy_mj":0, "radio_rx_energy_mj":8, "node_time":3022076, "total_sent":268, "total_received":287, "bytes_tx":60, "bytes_rx":12, "r2n_latency":1134, "lqi":100, "rssi":-30, "server_sent":288, "server_received":555, "server_bytes_rx":60, "n2r_latency":1154, "hops":2, "rtt_latency":2247, "root_time_now":3023230}
[Mote:3] Sensor IPv6 = fe80::203:3:3:3
[Mote:1] {"node":"fd00::203:3:3:3", "cpu_energy_mj":18, "lpm_energy_mj":0, "radio_tx_energy_mj":0, "radio_rx_energy_mj":8, "node_time":3028382, "total_sent":285, "total_received":291, "bytes_tx":60, "bytes_rx":12, "r2n_latency":1634, "lqi":100, "rssi":-85, "server_sent":291, "server_received":576, "server_bytes_rx":60, "n2r_latency":98, "hops":1, "rtt_latency":1587, "root_time_now":3028480}
[Mote:4] Sensor IPv6 = fe80::204:4:4:4
[Mote:1] {"node":"fd00::204:4:4:4", "cpu_energy_mj":19, "lpm_energy_mj":0, "radio_tx_energy_mj":0, "radio_rx_energy_mj":8, "node_time":3029521, "total_sent":286, "total_received":300, "bytes_tx":60, "bytes_rx":12, "r2n_latency":794, "lqi":100, "rssi":-74, "server_sent":300, "server_received":586, "server_bytes_rx":60, "n2r_latency":9, "hops":0, "rtt_latency":502, "root_time_now":3029530}
[Mote:2] Sensor IPv6 = fe80::202:2:2:2
[Mote:5] Sensor IPv6 = fe80::205:5:5:5
[Mote:1] {"node":"fd00::205:5:5:5", "cpu_energy_mj":19, "lpm_energy_mj":0, "radio_tx_energy_mj":0, "radio_rx_energy_mj":8, "node_time":3032870, "total_sent":269, "total_received":289, "bytes_tx":60, "bytes_rx":12, "r2n_latency":1994, "lqi":100, "rssi":-30, "server_sent":289, "server_received":558, "server_bytes_rx":60, "n2r_latency":160, "hops":2, "rtt_latency":1102, "root_time_now":3033030}
[Mote:1] {"node":"fd00::202:2:2:2", "cpu_energy_mj":18, "lpm_energy_mj":0, "radio_tx_energy_mj":0, "radio_rx_energy_mj":8, "node_time":3032767, "total_sent":287, "total_received":301, "bytes_tx":60, "bytes_rx":12, "r2n_latency":34, "lqi":100, "rssi":-52, "server_sent":301, "server_received":588, "server_bytes_rx":60, "n2r_latency":1173, "hops":0, "rtt_latency":1942, "root_time_now":3033940}
[Mote:3] Sensor IPv6 = fe80::203:3:3:3
[Mote:1] {"node":"fd00::203:3:3:3", "cpu_energy_mj":18, "lpm_energy_mj":0, "radio_tx_energy_mj":0, "radio_rx_energy_mj":8, "node_time":3038644, "total_sent":286, "total_received":292, "bytes_tx":60, "bytes_rx":12, "r2n_latency":1154, "lqi":100, "rssi":-85, "server_sent":292, "server_received":578, "server_bytes_rx":60, "n2r_latency":126, "hops":1, "rtt_latency":892, "root_time_now":3038770}
[Mote:4] Sensor IPv6 = fe80::204:4:4:4
[Mote:1] {"node":"fd00::204:4:4:4", "cpu_energy_mj":19, "lpm_energy_mj":0, "radio_tx_energy_mj":0, "radio_rx_energy_mj":8, "node_time":3040077, "total_sent":287, "total_received":301, "bytes_tx":60, "bytes_rx":12, "r2n_latency":244, "lqi":100, "rssi":-74, "server_sent":302, "server_received":588, "server_bytes_rx":60, "n2r_latency":93, "hops":0, "rtt_latency":262, "root_time_now":3040170}
[Mote:2] Sensor IPv6 = fe80::202:2:2:2
[Mote:5] Sensor IPv6 = fe80::205:5:5:5
[Mote:1] {"node":"fd00::205:5:5:5", "cpu_energy_mj":19, "lpm_energy_mj":0, "radio_tx_energy_mj":0, "radio_rx_energy_mj":8, "node_time":3043662, "total_sent":270, "total_received":290, "bytes_tx":60, "bytes_rx":12, "r2n_latency":1654, "lqi":100, "rssi":-30, "server_sent":290, "server_received":560, "server_bytes_rx":60, "n2r_latency":148, "hops":2, "rtt_latency":932, "root_time_now":3043810}
[Mote:1] {"node":"fd00::202:2:2:2", "cpu_energy_mj":18, "lpm_energy_mj":0, "radio_tx_energy_mj":0, "radio_rx_energy_mj":8, "node_time":3043298, "total_sent":288, "total_received":302, "bytes_tx":60, "bytes_rx":12, "r2n_latency":44, "lqi":100, "rssi":-52, "server_sent":302, "server_received":590, "server_bytes_rx":60, "n2r_latency":932, "hops":0, "rtt_latency":2087, "root_time_now":3044230}
[Mote:3] Sensor IPv6 = fe80::203:3:3:3
[Mote:1] {"node":"fd00::203:3:3:3", "cpu_energy_mj":18, "lpm_energy_mj":0, "radio_tx_energy_mj":0, "radio_rx_energy_mj":8, "node_time":3048908, "total_sent":287, "total_received":293, "bytes_tx":60, "bytes_rx":12, "r2n_latency":1024, "lqi":100, "rssi":-85, "server_sent":293, "server_received":580, "server_bytes_rx":60, "n2r_latency":82, "hops":1, "rtt_latency":722, "root_time_now":3048990}
[Mote:4] Sensor IPv6 = fe80::204:4:4:4
[Mote:1] {"node":"fd00::204:4:4:4", "cpu_energy_mj":19, "lpm_energy_mj":0, "radio_tx_energy_mj":0, "radio_rx_energy_mj":8, "node_time":3050635, "total_sent":288, "total_received":303, "bytes_tx":60, "bytes_rx":12, "r2n_latency":404, "lqi":100, "rssi":-74, "server_sent":303, "server_received":591, "server_bytes_rx":60, "n2r_latency":245, "hops":0, "rtt_latency":272, "root_time_now":3050880}
[Mote:2] Sensor IPv6 = fe80::202:2:2:2
[Mote:1] {"node":"fd00::202:2:2:2", "cpu_energy_mj":18, "lpm_energy_mj":0, "radio_tx_energy_mj":0, "radio_rx_energy_mj":8, "node_time":3053829, "total_sent":289, "total_received":303, "bytes_tx":60, "bytes_rx":12, "r2n_latency":54, "lqi":100, "rssi":-52, "server_sent":303, "server_received":592, "server_bytes_rx":60, "n2r_latency":61, "hops":0, "rtt_latency":97, "root_time_now":3053890}
[Mote:5] Sensor IPv6 = fe80::205:5:5:5
[Mote:1] {"node":"fd00::205:5:5:5", "cpu_energy_mj":19, "lpm_energy_mj":0, "radio_tx_energy_mj":0, "radio_rx_energy_mj":9, "node_time":3054454, "total_sent":271, "total_received":291, "bytes_tx":60, "bytes_rx":12, "r2n_latency":1944, "lqi":100, "rssi":-30, "server_sent":291, "server_received":562, "server_bytes_rx":60, "n2r_latency":206, "hops":2, "rtt_latency":1392, "root_time_now":3054660}
[Mote:3] Sensor IPv6 = fe80::203:3:3:3
[Mote:1] {"node":"fd00::203:3:3:3", "cpu_energy_mj":18, "lpm_energy_mj":0, "radio_tx_energy_mj":0, "radio_rx_energy_mj":8, "node_time":3059176, "total_sent":288, "total_received":294, "bytes_tx":60, "bytes_rx":12, "r2n_latency":1734, "lqi":100, "rssi":-85, "server_sent":294, "server_received":582, "server_bytes_rx":60, "n2r_latency":104, "hops":1, "rtt_latency":1182, "root_time_now":3059280}
[Mote:4] Sensor IPv6 = fe80::204:4:4:4
[Mote:1] {"node":"fd00::204:4:4:4", "cpu_energy_mj":19, "lpm_energy_mj":0, "radio_tx_energy_mj":0, "radio_rx_energy_mj":8, "node_time":3061191, "total_sent":289, "total_received":304, "bytes_tx":60, "bytes_rx":12, "r2n_latency":344, "lqi":100, "rssi":-74, "server_sent":304, "server_received":593, "server_bytes_rx":60, "n2r_latency":49, "hops":0, "rtt_latency":242, "root_time_now":3061240}
[Mote:2] Sensor IPv6 = fe80::202:2:2:2
[Mote:1] {"node":"fd00::202:2:2:2", "cpu_energy_mj":18, "lpm_energy_mj":0, "radio_tx_energy_mj":0, "radio_rx_energy_mj":8, "node_time":3064360, "total_sent":290, "total_received":304, "bytes_tx":60, "bytes_rx":12, "r2n_latency":64, "lqi":100, "rssi":-52, "server_sent":304, "server_received":594, "server_bytes_rx":60, "n2r_latency":30, "hops":0, "rtt_latency":102, "root_time_now":3064390}
[Mote:5] Sensor IPv6 = fe80::205:5:5:5
[Mote:1] {"node":"fd00::205:5:5:5", "cpu_energy_mj":19, "lpm_energy_mj":0, "radio_tx_energy_mj":0, "radio_rx_energy_mj":9, "node_time":3065246, "total_sent":272, "total_received":292, "bytes_tx":60, "bytes_rx":12, "r2n_latency":1534, "lqi":100, "rssi":-30, "server_sent":292, "server_received":564, "server_bytes_rx":60, "n2r_latency":264, "hops":2, "rtt_latency":872, "root_time_now":3065510}
[Mote:3] Sensor IPv6 = fe80::203:3:3:3
[Mote:1] {"node":"fd00::203:3:3:3", "cpu_energy_mj":18, "lpm_energy_mj":0, "radio_tx_energy_mj":0, "radio_rx_energy_mj":8, "node_time":3069436, "total_sent":289, "total_received":295, "bytes_tx":60, "bytes_rx":12, "r2n_latency":764, "lqi":100, "rssi":-85, "server_sent":295, "server_received":584, "server_bytes_rx":60, "n2r_latency":134, "hops":1, "rtt_latency":592, "root_time_now":3069570}
[Mote:4] Sensor IPv6 = fe80::204:4:4:4
[Mote:1] {"node":"fd00::204:4:4:4", "cpu_energy_mj":19, "lpm_energy_mj":0, "radio_tx_energy_mj":0, "radio_rx_energy_mj":8, "node_time":3071747, "total_sent":290, "total_received":305, "bytes_tx":60, "bytes_rx":12, "r2n_latency":283, "lqi":100, "rssi":-74, "server_sent":305, "server_received":595, "server_bytes_rx":60, "n2r_latency":63, "hops":0, "rtt_latency":281, "root_time_now":3071810}
[Mote:2] Sensor IPv6 = fe80::202:2:2:2
[Mote:1] {"node":"fd00::202:2:2:2", "cpu_energy_mj":18, "lpm_energy_mj":0, "radio_tx_energy_mj":0, "radio_rx_energy_mj":8, "node_time":3074891, "total_sent":291, "total_received":305, "bytes_tx":60, "bytes_rx":12, "r2n_latency":73, "lqi":100, "rssi":-52, "server_sent":305, "server_received":596, "server_bytes_rx":60, "n2r_latency":69, "hops":0, "rtt_latency":211, "root_time_now":3074960}
[Mote:5] Sensor IPv6 = fe80::205:5:5:5
[Mote:1] {"node":"fd00::205:5:5:5", "cpu_energy_mj":19, "lpm_energy_mj":0, "radio_tx_energy_mj":0, "radio_rx_energy_mj":8, "node_time":3076038, "total_sent":273, "total_received":293, "bytes_tx":60, "bytes_rx":12, "r2n_latency":1473, "lqi":100, "rssi":-30, "server_sent":293, "server_received":566, "server_bytes_rx":60, "n2r_latency":182, "hops":2, "rtt_latency":876, "root_time_now":3076220}
[Mote:3] Sensor IPv6 = fe80::203:3:3:3
[Mote:1] {"node":"fd00::203:3:3:3", "cpu_energy_mj":18, "lpm_energy_mj":0, "radio_tx_energy_mj":0, "radio_rx_energy_mj":8, "node_time":3079700, "total_sent":290, "total_received":296, "bytes_tx":60, "bytes_rx":12, "r2n_latency":983, "lqi":100, "rssi":-85, "server_sent":296, "server_received":586, "server_bytes_rx":60, "n2r_latency":90, "hops":1, "rtt_latency":841, "root_time_now":3079790}
[Mote:4] Sensor IPv6 = fe80::204:4:4:4
[Mote:1] {"node":"fd00::204:4:4:4", "cpu_energy_mj":19, "lpm_energy_mj":0, "radio_tx_energy_mj":0, "radio_rx_energy_mj":8, "node_time":3082303, "total_sent":291, "total_received":306, "bytes_tx":60, "bytes_rx":12, "r2n_latency":644, "lqi":100, "rssi":-74, "server_sent":306, "server_received":597, "server_bytes_rx":60, "n2r_latency":217, "hops":0, "rtt_latency":952, "root_time_now":3082520}
[Mote:2] Sensor IPv6 = fe80::202:2:2:2
[Mote:1] {"node":"fd00::202:2:2:2", "cpu_energy_mj":18, "lpm_energy_mj":0, "radio_tx_energy_mj":0, "radio_rx_energy_mj":8, "node_time":3085422, "total_sent":292, "total_received":306, "bytes_tx":60, "bytes_rx":12, "r2n_latency":14, "lqi":100, "rssi":-52, "server_sent":306, "server_received":598, "server_bytes_rx":60, "n2r_latency":38, "hops":0, "rtt_latency":1722, "root_time_now":3085460}
[Mote:5] Sensor IPv6 = fe80::205:5:5:5
[Mote:1] {"node":"fd00::205:5:5:5", "cpu_energy_mj":19, "lpm_energy_mj":0, "radio_tx_energy_mj":0, "radio_rx_energy_mj":8, "node_time":3086832, "total_sent":274, "total_received":294, "bytes_tx":60, "bytes_rx":12, "r2n_latency":2184, "lqi":100, "rssi":-30, "server_sent":294, "server_received":568, "server_bytes_rx":60, "n2r_latency":168, "hops":2, "rtt_latency":1337, "root_time_now":3087000}
[Mote:3] Sensor IPv6 = fe80::203:3:3:3
[Mote:1] {"node":"fd00::203:3:3:3", "cpu_energy_mj":18, "lpm_energy_mj":0, "radio_tx_energy_mj":0, "radio_rx_energy_mj":8, "node_time":3089964, "total_sent":291, "total_received":297, "bytes_tx":60, "bytes_rx":12, "r2n_latency":1764, "lqi":100, "rssi":-85, "server_sent":298, "server_received":588, "server_bytes_rx":60, "n2r_latency":956, "hops":1, "rtt_latency":1022, "root_time_now":3090920}
[Mote:4] Sensor IPv6 = fe80::204:4:4:4
[Mote:1] {"node":"fd00::204:4:4:4", "cpu_energy_mj":19, "lpm_energy_mj":0, "radio_tx_energy_mj":0, "radio_rx_energy_mj":8, "node_time":3092859, "total_sent":292, "total_received":307, "bytes_tx":60, "bytes_rx":12, "r2n_latency":94, "lqi":100, "rssi":-74, "server_sent":307, "server_received":599, "server_bytes_rx":60, "n2r_latency":21, "hops":0, "rtt_latency":432, "root_time_now":3092880}
[Mote:2] Sensor IPv6 = fe80::202:2:2:2
[Mote:1] {"node":"fd00::202:2:2:2", "cpu_energy_mj":18, "lpm_energy_mj":0, "radio_tx_energy_mj":0, "radio_rx_energy_mj":8, "node_time":3095955, "total_sent":293, "total_received":307, "bytes_tx":60, "bytes_rx":12, "r2n_latency":304, "lqi":100, "rssi":-52, "server_sent":307, "server_received":600, "server_bytes_rx":60, "n2r_latency":5, "hops":0, "rtt_latency":187, "root_time_now":3095960}
[Mote:5] Sensor IPv6 = fe80::205:5:5:5
[Mote:1] {"node":"fd00::205:5:5:5", "cpu_energy_mj":19, "lpm_energy_mj":0, "radio_tx_energy_mj":0, "radio_rx_energy_mj":8, "node_time":3097622, "total_sent":275, "total_received":295, "bytes_tx":60, "bytes_rx":12, "r2n_latency":2264, "lqi":100, "rssi":-30, "server_sent":295, "server_received":570, "server_bytes_rx":60, "n2r_latency":158, "hops":2, "rtt_latency":1377, "root_time_now":3097780}
[Mote:3] Sensor IPv6 = fe80::203:3:3:3
[Mote:1] {"node":"fd00::203:3:3:3", "cpu_energy_mj":18, "lpm_energy_mj":0, "radio_tx_energy_mj":0, "radio_rx_energy_mj":8, "node_time":3100228, "total_sent":292, "total_received":298, "bytes_tx":60, "bytes_rx":12, "r2n_latency":1424, "lqi":100, "rssi":-85, "server_sent":299, "server_received":590, "server_bytes_rx":60, "n2r_latency":212, "hops":1, "rtt_latency":992, "root_time_now":3100440}
[Mote:4] Sensor IPv6 = fe80::204:4:4:4
[Mote:1] {"node":"fd00::204:4:4:4", "cpu_energy_mj":19, "lpm_energy_mj":0, "radio_tx_energy_mj":0, "radio_rx_energy_mj":8, "node_time":3103415, "total_sent":293, "total_received":308, "bytes_tx":60, "bytes_rx":12, "r2n_latency":874, "lqi":100, "rssi":-74, "server_sent":308, "server_received":601, "server_bytes_rx":60, "n2r_latency":35, "hops":0, "rtt_latency":507, "root_time_now":3103450}
[Mote:2] Sensor IPv6 = fe80::202:2:2:2
[Mote:1] {"node":"fd00::202:2:2:2", "cpu_energy_mj":18, "lpm_energy_mj":0, "radio_tx_energy_mj":0, "radio_rx_energy_mj":8, "node_time":3106484, "total_sent":294, "total_received":308, "bytes_tx":60, "bytes_rx":12, "r2n_latency":34, "lqi":100, "rssi":-52, "server_sent":308, "server_received":602, "server_bytes_rx":60, "n2r_latency":46, "hops":0, "rtt_latency":87, "root_time_now":3106530}
[Mote:5] Sensor IPv6 = fe80::205:5:5:5
[Mote:1] {"node":"fd00::205:5:5:5", "cpu_energy_mj":19, "lpm_energy_mj":0, "radio_tx_energy_mj":0, "radio_rx_energy_mj":8, "node_time":3108414, "total_sent":276, "total_received":296, "bytes_tx":60, "bytes_rx":12, "r2n_latency":1854, "lqi":100, "rssi":-30, "server_sent":296, "server_received":572, "server_bytes_rx":60, "n2r_latency":146, "hops":2, "rtt_latency":1032, "root_time_now":3108560}
[Mote:3] Sensor IPv6 = fe80::203:3:3:3
[Mote:1] {"node":"fd00::203:3:3:3", "cpu_energy_mj":18, "lpm_energy_mj":0, "radio_tx_energy_mj":0, "radio_rx_energy_mj":8, "node_time":3110492, "total_sent":293, "total_received":299, "bytes_tx":60, "bytes_rx":12, "r2n_latency":1504, "lqi":100, "rssi":-85, "server_sent":300, "server_received":592, "server_bytes_rx":60, "n2r_latency":2058, "hops":1, "rtt_latency":857, "root_time_now":3112550}
[Mote:4] Sensor IPv6 = fe80::204:4:4:4
[Mote:1] {"node":"fd00::204:4:4:4", "cpu_energy_mj":19, "lpm_energy_mj":0, "radio_tx_energy_mj":0, "radio_rx_energy_mj":8, "node_time":3113971, "total_sent":294, "total_received":309, "bytes_tx":60, "bytes_rx":12, "r2n_latency":114, "lqi":100, "rssi":-74, "server_sent":309, "server_received":603, "server_bytes_rx":60, "n2r_latency":49, "hops":0, "rtt_latency":1247, "root_time_now":3114020}
[Mote:2] Sensor IPv6 = fe80::202:2:2:2
[Mote:1] {"node":"fd00::202:2:2:2", "cpu_energy_mj":18, "lpm_energy_mj":0, "radio_tx_energy_mj":0, "radio_rx_energy_mj":8, "node_time":3117015, "total_sent":295, "total_received":309, "bytes_tx":60, "bytes_rx":12, "r2n_latency":814, "lqi":100, "rssi":-52, "server_sent":309, "server_received":604, "server_bytes_rx":60, "n2r_latency":15, "hops":0, "rtt_latency":442, "root_time_now":3117030}
[Mote:5] Sensor IPv6 = fe80::205:5:5:5
[Mote:1] {"node":"fd00::205:5:5:5", "cpu_energy_mj":19, "lpm_energy_mj":0, "radio_tx_energy_mj":0, "radio_rx_energy_mj":9, "node_time":3119208, "total_sent":277, "total_received":297, "bytes_tx":60, "bytes_rx":12, "r2n_latency":1444, "lqi":100, "rssi":-30, "server_sent":297, "server_received":574, "server_bytes_rx":60, "n2r_latency":202, "hops":2, "rtt_latency":1352, "root_time_now":3119410}
[Mote:3] Sensor IPv6 = fe80::203:3:3:3
[Mote:1] {"node":"fd00::203:3:3:3", "cpu_energy_mj":18, "lpm_energy_mj":0, "radio_tx_energy_mj":0, "radio_rx_energy_mj":8, "node_time":3120756, "total_sent":294, "total_received":300, "bytes_tx":60, "bytes_rx":12, "r2n_latency":954, "lqi":100, "rssi":-85, "server_sent":301, "server_received":594, "server_bytes_rx":60, "n2r_latency":474, "hops":1, "rtt_latency":1317, "root_time_now":3121230}
[Mote:4] Sensor IPv6 = fe80::204:4:4:4
[Mote:1] {"node":"fd00::204:4:4:4", "cpu_energy_mj":19, "lpm_energy_mj":0, "radio_tx_energy_mj":0, "radio_rx_energy_mj":8, "node_time":3124527, "total_sent":295, "total_received":310, "bytes_tx":60, "bytes_rx":12, "r2n_latency":264, "lqi":100, "rssi":-74, "server_sent":310, "server_received":605, "server_bytes_rx":60, "n2r_latency":63, "hops":0, "rtt_latency":587, "root_time_now":3124590}
[Mote:2] Sensor IPv6 = fe80::202:2:2:2
[Mote:1] {"node":"fd00::202:2:2:2", "cpu_energy_mj":18, "lpm_energy_mj":0, "radio_tx_energy_mj":0, "radio_rx_energy_mj":8, "node_time":3127546, "total_sent":296, "total_received":310, "bytes_tx":60, "bytes_rx":12, "r2n_latency":54, "lqi":100, "rssi":-52, "server_sent":310, "server_received":606, "server_bytes_rx":60, "n2r_latency":54, "hops":0, "rtt_latency":1077, "root_time_now":3127600}
[Mote:5] Sensor IPv6 = fe80::205:5:5:5
[Mote:3] Sensor IPv6 = fe80::203:3:3:3
[Mote:1] {"node":"fd00::203:3:3:3", "cpu_energy_mj":18, "lpm_energy_mj":0, "radio_tx_energy_mj":0, "radio_rx_energy_mj":8, "node_time":3131022, "total_sent":295, "total_received":302, "bytes_tx":60, "bytes_rx":12, "r2n_latency":764, "lqi":100, "rssi":-85, "server_sent":302, "server_received":597, "server_bytes_rx":60, "n2r_latency":1828, "hops":1, "rtt_latency":1152, "root_time_now":3132850}
[Mote:1] {"node":"fd00::205:5:5:5", "cpu_energy_mj":19, "lpm_energy_mj":0, "radio_tx_energy_mj":0, "radio_rx_energy_mj":8, "node_time":3130000, "total_sent":278, "total_received":298, "bytes_tx":60, "bytes_rx":12, "r2n_latency":1524, "lqi":100, "rssi":-30, "server_sent":299, "server_received":576, "server_bytes_rx":60, "n2r_latency":2920, "hops":2, "rtt_latency":1707, "root_time_now":3132920}
[Mote:4] Sensor IPv6 = fe80::204:4:4:4
[Mote:1] {"node":"fd00::204:4:4:4", "cpu_energy_mj":19, "lpm_energy_mj":0, "radio_tx_energy_mj":0, "radio_rx_energy_mj":8, "node_time":3135085, "total_sent":296, "total_received":311, "bytes_tx":60, "bytes_rx":12, "r2n_latency":414, "lqi":100, "rssi":-74, "server_sent":311, "server_received":607, "server_bytes_rx":60, "n2r_latency":5, "hops":0, "rtt_latency":942, "root_time_now":3135090}
[Mote:2] Sensor IPv6 = fe80::202:2:2:2
[Mote:1] {"node":"fd00::202:2:2:2", "cpu_energy_mj":18, "lpm_energy_mj":0, "radio_tx_energy_mj":0, "radio_rx_energy_mj":8, "node_time":3138079, "total_sent":297, "total_received":311, "bytes_tx":60, "bytes_rx":12, "r2n_latency":134, "lqi":100, "rssi":-52, "server_sent":311, "server_received":608, "server_bytes_rx":60, "n2r_latency":21, "hops":0, "rtt_latency":137, "root_time_now":3138100}
[Mote:5] Sensor IPv6 = fe80::205:5:5:5
[Mote:1] {"node":"fd00::205:5:5:5", "cpu_energy_mj":19, "lpm_energy_mj":0, "radio_tx_energy_mj":0, "radio_rx_energy_mj":8, "node_time":3140792, "total_sent":279, "total_received":299, "bytes_tx":60, "bytes_rx":12, "r2n_latency":1254, "lqi":100, "rssi":-30, "server_sent":300, "server_received":578, "server_bytes_rx":60, "n2r_latency":318, "hops":2, "rtt_latency":1502, "root_time_now":3141110}
[Mote:3] Sensor IPv6 = fe80::203:3:3:3
[Mote:1] {"node":"fd00::203:3:3:3", "cpu_energy_mj":18, "lpm_energy_mj":0, "radio_tx_energy_mj":0, "radio_rx_energy_mj":8, "node_time":3141286, "total_sent":296, "total_received":303, "bytes_tx":60, "bytes_rx":12, "r2n_latency":1264, "lqi":100, "rssi":-85, "server_sent":303, "server_received":599, "server_bytes_rx":60, "n2r_latency":1224, "hops":1, "rtt_latency":1017, "root_time_now":3142510}
[Mote:4] Sensor IPv6 = fe80::204:4:4:4
[Mote:1] {"node":"fd00::204:4:4:4", "cpu_energy_mj":19, "lpm_energy_mj":0, "radio_tx_energy_mj":0, "radio_rx_energy_mj":8, "node_time":3145639, "total_sent":297, "total_received":312, "bytes_tx":60, "bytes_rx":12, "r2n_latency":214, "lqi":100, "rssi":-74, "server_sent":312, "server_received":609, "server_bytes_rx":60, "n2r_latency":21, "hops":0, "rtt_latency":457, "root_time_now":3145660}
[Mote:2] Sensor IPv6 = fe80::202:2:2:2
[Mote:1] {"node":"fd00::202:2:2:2", "cpu_energy_mj":18, "lpm_energy_mj":0, "radio_tx_energy_mj":0, "radio_rx_energy_mj":8, "node_time":3148610, "total_sent":298, "total_received":312, "bytes_tx":60, "bytes_rx":12, "r2n_latency":74, "lqi":100, "rssi":-52, "server_sent":312, "server_received":610, "server_bytes_rx":60, "n2r_latency":60, "hops":0, "rtt_latency":177, "root_time_now":3148670}
[Mote:3] Sensor IPv6 = fe80::203:3:3:3
[Mote:5] Sensor IPv6 = fe80::205:5:5:5
[Mote:1] {"node":"fd00::203:3:3:3", "cpu_energy_mj":18, "lpm_energy_mj":0, "radio_tx_energy_mj":0, "radio_rx_energy_mj":8, "node_time":3151550, "total_sent":297, "total_received":304, "bytes_tx":60, "bytes_rx":12, "r2n_latency":1134, "lqi":100, "rssi":-85, "server_sent":304, "server_received":601, "server_bytes_rx":60, "n2r_latency":620, "hops":1, "rtt_latency":1057, "root_time_now":3152170}
[Mote:1] {"node":"fd00::205:5:5:5", "cpu_energy_mj":19, "lpm_energy_mj":0, "radio_tx_energy_mj":0, "radio_rx_energy_mj":8, "node_time":3151582, "total_sent":280, "total_received":300, "bytes_tx":60, "bytes_rx":12, "r2n_latency":1824, "lqi":100, "rssi":-30, "server_sent":301, "server_received":580, "server_bytes_rx":60, "n2r_latency":658, "hops":2, "rtt_latency":1367, "root_time_now":3152240}
[Mote:4] Sensor IPv6 = fe80::204:4:4:4
[Mote:1] {"node":"fd00::204:4:4:4", "cpu_energy_mj":19, "lpm_energy_mj":0, "radio_tx_energy_mj":0, "radio_rx_energy_mj":8, "node_time":3156195, "total_sent":298, "total_received":313, "bytes_tx":60, "bytes_rx":12, "r2n_latency":294, "lqi":100, "rssi":-74, "server_sent":313, "server_received":611, "server_bytes_rx":60, "n2r_latency":35, "hops":0, "rtt_latency":217, "root_time_now":3156230}
[Mote:2] Sensor IPv6 = fe80::202:2:2:2
[Mote:1] {"node":"fd00::202:2:2:2", "cpu_energy_mj":18, "lpm_energy_mj":0, "radio_tx_energy_mj":0, "radio_rx_energy_mj":8, "node_time":3159139, "total_sent":299, "total_received":313, "bytes_tx":60, "bytes_rx":12, "r2n_latency":14, "lqi":100, "rssi":-52, "server_sent":313, "server_received":612, "server_bytes_rx":60, "n2r_latency":31, "hops":0, "rtt_latency":637, "root_time_now":3159170}
[Mote:3] Sensor IPv6 = fe80::203:3:3:3
[Mote:1] {"node":"fd00::203:3:3:3", "cpu_energy_mj":18, "lpm_energy_mj":0, "radio_tx_energy_mj":0, "radio_rx_energy_mj":8, "node_time":3161813, "total_sent":298, "total_received":305, "bytes_tx":60, "bytes_rx":12, "r2n_latency":1284, "lqi":100, "rssi":-85, "server_sent":305, "server_received":603, "server_bytes_rx":60, "n2r_latency":297, "hops":1, "rtt_latency":782, "root_time_now":3162110}
[Mote:5] Sensor IPv6 = fe80::205:5:5:5
[Mote:1] {"node":"fd00::205:5:5:5", "cpu_energy_mj":19, "lpm_energy_mj":0, "radio_tx_energy_mj":0, "radio_rx_energy_mj":8, "node_time":3162374, "total_sent":281, "total_received":302, "bytes_tx":60, "bytes_rx":12, "r2n_latency":1704, "lqi":100, "rssi":-30, "server_sent":302, "server_received":583, "server_bytes_rx":60, "n2r_latency":156, "hops":2, "rtt_latency":1027, "root_time_now":3162530}
[Mote:4] Sensor IPv6 = fe80::204:4:4:4
[Mote:1] {"node":"fd00::204:4:4:4", "cpu_energy_mj":19, "lpm_energy_mj":0, "radio_tx_energy_mj":0, "radio_rx_energy_mj":8, "node_time":3166749, "total_sent":299, "total_received":314, "bytes_tx":60, "bytes_rx":12, "r2n_latency":374, "lqi":100, "rssi":-74, "server_sent":314, "server_received":613, "server_bytes_rx":60, "n2r_latency":51, "hops":0, "rtt_latency":257, "root_time_now":3166800}
[Mote:2] Sensor IPv6 = fe80::202:2:2:2
[Mote:1] {"node":"fd00::202:2:2:2", "cpu_energy_mj":18, "lpm_energy_mj":0, "radio_tx_energy_mj":0, "radio_rx_energy_mj":8, "node_time":3169670, "total_sent":300, "total_received":314, "bytes_tx":60, "bytes_rx":12, "r2n_latency":24, "lqi":100, "rssi":-52, "server_sent":314, "server_received":614, "server_bytes_rx":60, "n2r_latency":70, "hops":0, "rtt_latency":82, "root_time_now":3169740}
[Mote:3] Sensor IPv6 = fe80::203:3:3:3
[Mote:1] {"node":"fd00::203:3:3:3", "cpu_energy_mj":18, "lpm_energy_mj":0, "radio_tx_energy_mj":0, "radio_rx_energy_mj":8, "node_time":3172078, "total_sent":299, "total_received":306, "bytes_tx":60, "bytes_rx":12, "r2n_latency":734, "lqi":100, "rssi":-85, "server_sent":306, "server_received":605, "server_bytes_rx":60, "n2r_latency":112, "hops":1, "rtt_latency":752, "root_time_now":3172190}
[Mote:5] Sensor IPv6 = fe80::205:5:5:5
[Mote:1] {"node":"fd00::205:5:5:5", "cpu_energy_mj":19, "lpm_energy_mj":0, "radio_tx_energy_mj":0, "radio_rx_energy_mj":8, "node_time":3173166, "total_sent":282, "total_received":303, "bytes_tx":60, "bytes_rx":12, "r2n_latency":1014, "lqi":100, "rssi":-30, "server_sent":303, "server_received":585, "server_bytes_rx":60, "n2r_latency":214, "hops":2, "rtt_latency":822, "root_time_now":3173380}
[Mote:4] Sensor IPv6 = fe80::204:4:4:4
[Mote:1] {"node":"fd00::204:4:4:4", "cpu_energy_mj":19, "lpm_energy_mj":0, "radio_tx_energy_mj":0, "radio_rx_energy_mj":8, "node_time":3177309, "total_sent":300, "total_received":315, "bytes_tx":60, "bytes_rx":12, "r2n_latency":384, "lqi":100, "rssi":-74, "server_sent":315, "server_received":615, "server_bytes_rx":60, "n2r_latency":61, "hops":0, "rtt_latency":262, "root_time_now":3177370}
[Mote:2] Sensor IPv6 = fe80::202:2:2:2
[Mote:1] {"node":"fd00::202:2:2:2", "cpu_energy_mj":18, "lpm_energy_mj":0, "radio_tx_energy_mj":0, "radio_rx_energy_mj":8, "node_time":3180201, "total_sent":301, "total_received":316, "bytes_tx":60, "bytes_rx":12, "r2n_latency":44, "lqi":100, "rssi":-52, "server_sent":316, "server_received":617, "server_bytes_rx":60, "n2r_latency":529, "hops":0, "rtt_latency":337, "root_time_now":3180730}
[Mote:3] Sensor IPv6 = fe80::203:3:3:3
[Mote:1] {"node":"fd00::203:3:3:3", "cpu_energy_mj":18, "lpm_energy_mj":0, "radio_tx_energy_mj":0, "radio_rx_energy_mj":8, "node_time":3182342, "total_sent":300, "total_received":307, "bytes_tx":60, "bytes_rx":12, "r2n_latency":464, "lqi":100, "rssi":-85, "server_sent":307, "server_received":607, "server_bytes_rx":60, "n2r_latency":138, "hops":1, "rtt_latency":1002, "root_time_now":3182480}
[Mote:5] Sensor IPv6 = fe80::205:5:5:5
[Mote:1] {"node":"fd00::205:5:5:5", "cpu_energy_mj":19, "lpm_energy_mj":0, "radio_tx_energy_mj":0, "radio_rx_energy_mj":8, "node_time":3183960, "total_sent":283, "total_received":304, "bytes_tx":60, "bytes_rx":12, "r2n_latency":1094, "lqi":100, "rssi":-30, "server_sent":304, "server_received":587, "server_bytes_rx":60, "n2r_latency":200, "hops":2, "rtt_latency":1037, "root_time_now":3184160}
[Mote:4] Sensor IPv6 = fe80::204:4:4:4
[Mote:1] {"node":"fd00::204:4:4:4", "cpu_energy_mj":19, "lpm_energy_mj":0, "radio_tx_energy_mj":0, "radio_rx_energy_mj":8, "node_time":3187865, "total_sent":301, "total_received":316, "bytes_tx":60, "bytes_rx":12, "r2n_latency":184, "lqi":100, "rssi":-74, "server_sent":316, "server_received":617, "server_bytes_rx":60, "n2r_latency":5, "hops":0, "rtt_latency":967, "root_time_now":3187870}
[Mote:2] Sensor IPv6 = fe80::202:2:2:2
[Mote:1] {"node":"fd00::202:2:2:2", "cpu_energy_mj":18, "lpm_energy_mj":0, "radio_tx_energy_mj":0, "radio_rx_energy_mj":8, "node_time":3190732, "total_sent":302, "total_received":317, "bytes_tx":60, "bytes_rx":12, "r2n_latency":124, "lqi":100, "rssi":-52, "server_sent":317, "server_received":619, "server_bytes_rx":60, "n2r_latency":638, "hops":0, "rtt_latency":132, "root_time_now":3191370}
[Mote:3] Sensor IPv6 = fe80::203:3:3:3
[Mote:1] {"node":"fd00::203:3:3:3", "cpu_energy_mj":18, "lpm_energy_mj":0, "radio_tx_energy_mj":0, "radio_rx_energy_mj":8, "node_time":3192606, "total_sent":301, "total_received":308, "bytes_tx":60, "bytes_rx":12, "r2n_latency":1524, "lqi":100, "rssi":-85, "server_sent":308, "server_received":609, "server_bytes_rx":60, "n2r_latency":94, "hops":1, "rtt_latency":902, "root_time_now":3192700}
[Mote:5] Sensor IPv6 = fe80::205:5:5:5
[Mote:1] {"node":"fd00::205:5:5:5", "cpu_energy_mj":19, "lpm_energy_mj":0, "radio_tx_energy_mj":0, "radio_rx_energy_mj":8, "node_time":3194752, "total_sent":284, "total_received":305, "bytes_tx":60, "bytes_rx":12, "r2n_latency":1944, "lqi":100, "rssi":-30, "server_sent":305, "server_received":589, "server_bytes_rx":60, "n2r_latency":188, "hops":2, "rtt_latency":1077, "root_time_now":3194940}
[Mote:4] Sensor IPv6 = fe80::204:4:4:4
[Mote:1] {"node":"fd00::204:4:4:4", "cpu_energy_mj":19, "lpm_energy_mj":0, "radio_tx_energy_mj":0, "radio_rx_energy_mj":8, "node_time":3198417, "total_sent":302, "total_received":317, "bytes_tx":60, "bytes_rx":12, "r2n_latency":474, "lqi":100, "rssi":-74, "server_sent":317, "server_received":619, "server_bytes_rx":60, "n2r_latency":23, "hops":0, "rtt_latency":482, "root_time_now":3198440}
[Mote:2] Sensor IPv6 = fe80::202:2:2:2
[Mote:1] {"node":"fd00::202:2:2:2", "cpu_energy_mj":18, "lpm_energy_mj":0, "radio_tx_energy_mj":0, "radio_rx_energy_mj":8, "node_time":3201263, "total_sent":303, "total_received":318, "bytes_tx":60, "bytes_rx":12, "r2n_latency":64, "lqi":100, "rssi":-52, "server_sent":318, "server_received":621, "server_bytes_rx":60, "n2r_latency":47, "hops":0, "rtt_latency":102, "root_time_now":3201310}
[Mote:3] Sensor IPv6 = fe80::203:3:3:3
[Mote:1] {"node":"fd00::203:3:3:3", "cpu_energy_mj":18, "lpm_energy_mj":0, "radio_tx_energy_mj":0, "radio_rx_energy_mj":8, "node_time":3202870, "total_sent":302, "total_received":309, "bytes_tx":60, "bytes_rx":12, "r2n_latency":1394, "lqi":100, "rssi":-85, "server_sent":309, "server_received":611, "server_bytes_rx":60, "n2r_latency":120, "hops":1, "rtt_latency":872, "root_time_now":3202990}
[Mote:5] Sensor IPv6 = fe80::205:5:5:5
[Mote:1] {"node":"fd00::205:5:5:5", "cpu_energy_mj":19, "lpm_energy_mj":0, "radio_tx_energy_mj":0, "radio_rx_energy_mj":8, "node_time":3205544, "total_sent":285, "total_received":306, "bytes_tx":60, "bytes_rx":12, "r2n_latency":2164, "lqi":100, "rssi":-30, "server_sent":306, "server_received":591, "server_bytes_rx":60, "n2r_latency":176, "hops":2, "rtt_latency":1187, "root_time_now":3205720}
[Mote:4] Sensor IPv6 = fe80::204:4:4:4
[Mote:1] {"node":"fd00::204:4:4:4", "cpu_energy_mj":19, "lpm_energy_mj":0, "radio_tx_energy_mj":0, "radio_rx_energy_mj":8, "node_time":3208973, "total_sent":303, "total_received":318, "bytes_tx":60, "bytes_rx":12, "r2n_latency":344, "lqi":100, "rssi":-74, "server_sent":318, "server_received":621, "server_bytes_rx":60, "n2r_latency":37, "hops":0, "rtt_latency":417, "root_time_now":3209010}
[Mote:2] Sensor IPv6 = fe80::202:2:2:2
[Mote:1] {"node":"fd00::202:2:2:2", "cpu_energy_mj":18, "lpm_energy_mj":0, "radio_tx_energy_mj":0, "radio_rx_energy_mj":8, "node_time":3211794, "total_sent":304, "total_received":319, "bytes_tx":60, "bytes_rx":12, "r2n_latency":74, "lqi":100, "rssi":-52, "server_sent":319, "server_received":623, "server_bytes_rx":60, "n2r_latency":86, "hops":0, "rtt_latency":142, "root_time_now":3211880}
[Mote:3] Sensor IPv6 = fe80::203:3:3:3
[Mote:1] {"node":"fd00::203:3:3:3", "cpu_energy_mj":18, "lpm_energy_mj":0, "radio_tx_energy_mj":0, "radio_rx_energy_mj":8, "node_time":3213136, "total_sent":303, "total_received":310, "bytes_tx":60, "bytes_rx":12, "r2n_latency":1264, "lqi":100, "rssi":-85, "server_sent":310, "server_received":613, "server_bytes_rx":60, "n2r_latency":74, "hops":1, "rtt_latency":737, "root_time_now":3213210}
[Mote:5] Sensor IPv6 = fe80::205:5:5:5
[Mote:1] {"node":"fd00::205:5:5:5", "cpu_energy_mj":19, "lpm_energy_mj":0, "radio_tx_energy_mj":0, "radio_rx_energy_mj":9, "node_time":3216334, "total_sent":286, "total_received":307, "bytes_tx":60, "bytes_rx":12, "r2n_latency":1614, "lqi":100, "rssi":-30, "server_sent":307, "server_received":593, "server_bytes_rx":60, "n2r_latency":166, "hops":2, "rtt_latency":982, "root_time_now":3216500}
[Mote:4] Sensor IPv6 = fe80::204:4:4:4
[Mote:1] {"node":"fd00::204:4:4:4", "cpu_energy_mj":19, "lpm_energy_mj":0, "radio_tx_energy_mj":0, "radio_rx_energy_mj":8, "node_time":3219533, "total_sent":304, "total_received":319, "bytes_tx":60, "bytes_rx":12, "r2n_latency":354, "lqi":100, "rssi":-74, "server_sent":319, "server_received":623, "server_bytes_rx":60, "n2r_latency":47, "hops":0, "rtt_latency":317, "root_time_now":3219580}
[Mote:2] Sensor IPv6 = fe80::202:2:2:2
[Mote:1] {"node":"fd00::202:2:2:2", "cpu_energy_mj":18, "lpm_energy_mj":0, "radio_tx_energy_mj":0, "radio_rx_energy_mj":8, "node_time":3222325, "total_sent":305, "total_received":320, "bytes_tx":60, "bytes_rx":12, "r2n_latency":14, "lqi":100, "rssi":-52, "server_sent":320, "server_received":625, "server_bytes_rx":60, "n2r_latency":125, "hops":0, "rtt_latency":147, "root_time_now":3222450}
[Mote:3] Sensor IPv6 = fe80::203:3:3:3
[Mote:1] {"node":"fd00::203:3:3:3", "cpu_energy_mj":18, "lpm_energy_mj":0, "radio_tx_energy_mj":0, "radio_rx_energy_mj":8, "node_time":3223397, "total_sent":304, "total_received":311, "bytes_tx":60, "bytes_rx":12, "r2n_latency":1834, "lqi":100, "rssi":-85, "server_sent":311, "server_received":615, "server_bytes_rx":60, "n2r_latency":453, "hops":1, "rtt_latency":1022, "root_time_now":3223850}
[Mote:5] Sensor IPv6 = fe80::205:5:5:5
[Mote:1] {"node":"fd00::205:5:5:5", "cpu_energy_mj":19, "lpm_energy_mj":0, "radio_tx_energy_mj":0, "radio_rx_energy_mj":8, "node_time":3227126, "total_sent":287, "total_received":308, "bytes_tx":60, "bytes_rx":12, "r2n_latency":3304, "lqi":100, "rssi":-30, "server_sent":308, "server_received":595, "server_bytes_rx":60, "n2r_latency":154, "hops":2, "rtt_latency":1862, "root_time_now":3227280}
[Mote:4] Sensor IPv6 = fe80::204:4:4:4
[Mote:1] {"node":"fd00::204:4:4:4", "cpu_energy_mj":19, "lpm_energy_mj":0, "radio_tx_energy_mj":0, "radio_rx_energy_mj":8, "node_time":3230085, "total_sent":305, "total_received":320, "bytes_tx":60, "bytes_rx":12, "r2n_latency":784, "lqi":100, "rssi":-74, "server_sent":321, "server_received":625, "server_bytes_rx":60, "n2r_latency":2585, "hops":0, "rtt_latency":497, "root_time_now":3232670}
[Mote:2] Sensor IPv6 = fe80::202:2:2:2
[Mote:1] {"node":"fd00::202:2:2:2", "cpu_energy_mj":18, "lpm_energy_mj":0, "radio_tx_energy_mj":0, "radio_rx_energy_mj":8, "node_time":3232856, "total_sent":306, "total_received":321, "bytes_tx":60, "bytes_rx":12, "r2n_latency":24, "lqi":100, "rssi":-52, "server_sent":321, "server_received":627, "server_bytes_rx":60, "n2r_latency":24, "hops":0, "rtt_latency":502, "root_time_now":3232880}
[Mote:3] Sensor IPv6 = fe80::203:3:3:3
[Mote:1] {"node":"fd00::203:3:3:3", "cpu_energy_mj":18, "lpm_energy_mj":0, "radio_tx_energy_mj":0, "radio_rx_energy_mj":8, "node_time":3233662, "total_sent":305, "total_received":312, "bytes_tx":60, "bytes_rx":12, "r2n_latency":724, "lqi":100, "rssi":-85, "server_sent":312, "server_received":617, "server_bytes_rx":60, "n2r_latency":128, "hops":1, "rtt_latency":1412, "root_time_now":3233790}
[Mote:5] Sensor IPv6 = fe80::205:5:5:5
[Mote:1] {"node":"fd00::205:5:5:5", "cpu_energy_mj":19, "lpm_energy_mj":0, "radio_tx_energy_mj":0, "radio_rx_energy_mj":8, "node_time":3237921, "total_sent":288, "total_received":309, "bytes_tx":60, "bytes_rx":12, "r2n_latency":3244, "lqi":100, "rssi":-30, "server_sent":309, "server_received":597, "server_bytes_rx":60, "n2r_latency":209, "hops":2, "rtt_latency":1797, "root_time_now":3238130}
[Mote:4] Sensor IPv6 = fe80::204:4:4:4
[Mote:1] {"node":"fd00::204:4:4:4", "cpu_energy_mj":19, "lpm_energy_mj":0, "radio_tx_energy_mj":0, "radio_rx_energy_mj":8, "node_time":3240643, "total_sent":306, "total_received":322, "bytes_tx":60, "bytes_rx":12, "r2n_latency":384, "lqi":100, "rssi":-74, "server_sent":322, "server_received":628, "server_bytes_rx":60, "n2r_latency":147, "hops":0, "rtt_latency":332, "root_time_now":3240790}
[Mote:2] Sensor IPv6 = fe80::202:2:2:2
[Mote:1] {"node":"fd00::202:2:2:2", "cpu_energy_mj":18, "lpm_energy_mj":0, "radio_tx_energy_mj":0, "radio_rx_energy_mj":8, "node_time":3243387, "total_sent":307, "total_received":322, "bytes_tx":60, "bytes_rx":12, "r2n_latency":34, "lqi":100, "rssi":-52, "server_sent":322, "server_received":629, "server_bytes_rx":60, "n2r_latency":63, "hops":0, "rtt_latency":87, "root_time_now":3243450}
[Mote:3] Sensor IPv6 = fe80::203:3:3:3
[Mote:1] {"node":"fd00::203:3:3:3", "cpu_energy_mj":18, "lpm_energy_mj":0, "radio_tx_energy_mj":0, "radio_rx_energy_mj":8, "node_time":3243926, "total_sent":306, "total_received":313, "bytes_tx":60, "bytes_rx":12, "r2n_latency":1504, "lqi":100, "rssi":-85, "server_sent":313, "server_received":619, "server_bytes_rx":60, "n2r_latency":84, "hops":1, "rtt_latency":962, "root_time_now":3244010}
[Mote:5] Sensor IPv6 = fe80::205:5:5:5
[Mote:1] {"node":"fd00::205:5:5:5", "cpu_energy_mj":19, "lpm_energy_mj":0, "radio_tx_energy_mj":0, "radio_rx_energy_mj":8, "node_time":3248710, "total_sent":289, "total_received":310, "bytes_tx":60, "bytes_rx":12, "r2n_latency":2274, "lqi":100, "rssi":-30, "server_sent":310, "server_received":599, "server_bytes_rx":60, "n2r_latency":200, "hops":2, "rtt_latency":1242, "root_time_now":3248910}
[Mote:4] Sensor IPv6 = fe80::204:4:4:4
[Mote:1] {"node":"fd00::204:4:4:4", "cpu_energy_mj":19, "lpm_energy_mj":0, "radio_tx_energy_mj":0, "radio_rx_energy_mj":8, "node_time":3251199, "total_sent":307, "total_received":323, "bytes_tx":60, "bytes_rx":12, "r2n_latency":674, "lqi":100, "rssi":-74, "server_sent":323, "server_received":630, "server_bytes_rx":60, "n2r_latency":1561, "hops":0, "rtt_latency":512, "root_time_now":3252760}
[Mote:2] Sensor IPv6 = fe80::202:2:2:2
[Mote:1] {"node":"fd00::202:2:2:2", "cpu_energy_mj":18, "lpm_energy_mj":0, "radio_tx_energy_mj":0, "radio_rx_energy_mj":8, "node_time":3253918, "total_sent":308, "total_received":323, "bytes_tx":60, "bytes_rx":12, "r2n_latency":44, "lqi":100, "rssi":-52, "server_sent":323, "server_received":631, "server_bytes_rx":60, "n2r_latency":32, "hops":0, "rtt_latency":1737, "root_time_now":3253950}
[Mote:3] Sensor IPv6 = fe80::203:3:3:3
[Mote:1] {"node":"fd00::203:3:3:3", "cpu_energy_mj":18, "lpm_energy_mj":0, "radio_tx_energy_mj":0, "radio_rx_energy_mj":8, "node_time":3254192, "total_sent":307, "total_received":314, "bytes_tx":60, "bytes_rx":12, "r2n_latency":1164, "lqi":100, "rssi":-85, "server_sent":314, "server_received":621, "server_bytes_rx":60, "n2r_latency":248, "hops":1, "rtt_latency":1422, "root_time_now":3254440}
[Mote:5] Sensor IPv6 = fe80::205:5:5:5
[Mote:1] {"node":"fd00::205:5:5:5", "cpu_energy_mj":19, "lpm_energy_mj":0, "radio_tx_energy_mj":0, "radio_rx_energy_mj":8, "node_time":3259502, "total_sent":290, "total_received":311, "bytes_tx":60, "bytes_rx":12, "r2n_latency":1584, "lqi":100, "rssi":-30, "server_sent":311, "server_received":601, "server_bytes_rx":60, "n2r_latency":188, "hops":2, "rtt_latency":1457, "root_time_now":3259690}
[Mote:4] Sensor IPv6 = fe80::204:4:4:4
[Mote:1] {"node":"fd00::204:4:4:4", "cpu_energy_mj":19, "lpm_energy_mj":0, "radio_tx_energy_mj":0, "radio_rx_energy_mj":8, "node_time":3261755, "total_sent":308, "total_received":324, "bytes_tx":60, "bytes_rx":12, "r2n_latency":474, "lqi":100, "rssi":-74, "server_sent":324, "server_received":632, "server_bytes_rx":60, "n2r_latency":2135, "hops":0, "rtt_latency":1882, "root_time_now":3263890}
[Mote:2] Sensor IPv6 = fe80::202:2:2:2
[Mote:3] Sensor IPv6 = fe80::203:3:3:3
[Mote:1] {"node":"fd00::202:2:2:2", "cpu_energy_mj":18, "lpm_energy_mj":0, "radio_tx_energy_mj":0, "radio_rx_energy_mj":8, "node_time":3264449, "total_sent":309, "total_received":324, "bytes_tx":60, "bytes_rx":12, "r2n_latency":54, "lqi":100, "rssi":-52, "server_sent":324, "server_received":633, "server_bytes_rx":60, "n2r_latency":491, "hops":0, "rtt_latency":1217, "root_time_now":3264940}
[Mote:1] {"node":"fd00::203:3:3:3", "cpu_energy_mj":18, "lpm_energy_mj":0, "radio_tx_energy_mj":0, "radio_rx_energy_mj":8, "node_time":3264454, "total_sent":308, "total_received":315, "bytes_tx":60, "bytes_rx":12, "r2n_latency":1034, "lqi":100, "rssi":-85, "server_sent":315, "server_received":623, "server_bytes_rx":60, "n2r_latency":696, "hops":1, "rtt_latency":1917, "root_time_now":3265150}
[Mote:5] Sensor IPv6 = fe80::205:5:5:5
[Mote:1] {"node":"fd00::205:5:5:5", "cpu_energy_mj":19, "lpm_energy_mj":0, "radio_tx_energy_mj":0, "radio_rx_energy_mj":8, "node_time":3270296, "total_sent":291, "total_received":312, "bytes_tx":60, "bytes_rx":12, "r2n_latency":1944, "lqi":100, "rssi":-30, "server_sent":313, "server_received":603, "server_bytes_rx":60, "n2r_latency":734, "hops":2, "rtt_latency":1987, "root_time_now":3271030}
[Mote:4] Sensor IPv6 = fe80::204:4:4:4
[Mote:1] {"node":"fd00::204:4:4:4", "cpu_energy_mj":19, "lpm_energy_mj":0, "radio_tx_energy_mj":0, "radio_rx_energy_mj":8, "node_time":3272311, "total_sent":309, "total_received":325, "bytes_tx":60, "bytes_rx":12, "r2n_latency":1324, "lqi":100, "rssi":-74, "server_sent":325, "server_received":634, "server_bytes_rx":60, "n2r_latency":49, "hops":0, "rtt_latency":732, "root_time_now":3272360}
[Mote:3] Sensor IPv6 = fe80::203:3:3:3
[Mote:2] Sensor IPv6 = fe80::202:2:2:2
[Mote:1] {"node":"fd00::203:3:3:3", "cpu_energy_mj":18, "lpm_energy_mj":0, "radio_tx_energy_mj":0, "radio_rx_energy_mj":8, "node_time":3274718, "total_sent":309, "total_received":316, "bytes_tx":60, "bytes_rx":12, "r2n_latency":1814, "lqi":100, "rssi":-85, "server_sent":316, "server_received":625, "server_bytes_rx":60, "n2r_latency":372, "hops":1, "rtt_latency":1012, "root_time_now":3275090}
[Mote:1] {"node":"fd00::202:2:2:2", "cpu_energy_mj":18, "lpm_energy_mj":0, "radio_tx_energy_mj":0, "radio_rx_energy_mj":8, "node_time":3274980, "total_sent":310, "total_received":325, "bytes_tx":60, "bytes_rx":12, "r2n_latency":64, "lqi":100, "rssi":-52, "server_sent":325, "server_received":635, "server_bytes_rx":60, "n2r_latency":250, "hops":0, "rtt_latency":312, "root_time_now":3275230}
[Mote:5] Sensor IPv6 = fe80::205:5:5:5
[Mote:1] {"node":"fd00::205:5:5:5", "cpu_energy_mj":19, "lpm_energy_mj":0, "radio_tx_energy_mj":0, "radio_rx_energy_mj":8, "node_time":3281088, "total_sent":292, "total_received":313, "bytes_tx":60, "bytes_rx":12, "r2n_latency":2864, "lqi":100, "rssi":-30, "server_sent":314, "server_received":605, "server_bytes_rx":60, "n2r_latency":1492, "hops":2, "rtt_latency":1537, "root_time_now":3282580}
[Mote:4] Sensor IPv6 = fe80::204:4:4:4
[Mote:1] {"node":"fd00::204:4:4:4", "cpu_energy_mj":19, "lpm_energy_mj":0, "radio_tx_energy_mj":0, "radio_rx_energy_mj":8, "node_time":3282865, "total_sent":310, "total_received":326, "bytes_tx":60, "bytes_rx":12, "r2n_latency":214, "lqi":100, "rssi":-74, "server_sent":326, "server_received":636, "server_bytes_rx":60, "n2r_latency":65, "hops":0, "rtt_latency":422, "root_time_now":3282930}
[Mote:3] Sensor IPv6 = fe80::203:3:3:3
[Mote:1] {"node":"fd00::203:3:3:3", "cpu_energy_mj":18, "lpm_energy_mj":0, "radio_tx_energy_mj":0, "radio_rx_energy_mj":8, "node_time":3284982, "total_sent":310, "total_received":317, "bytes_tx":60, "bytes_rx":12, "r2n_latency":1264, "lqi":100, "rssi":-85, "server_sent":317, "server_received":627, "server_bytes_rx":60, "n2r_latency":118, "hops":1, "rtt_latency":1052, "root_time_now":3285100}
[Mote:2] Sensor IPv6 = fe80::202:2:2:2
[Mote:1] {"node":"fd00::202:2:2:2", "cpu_energy_mj":18, "lpm_energy_mj":0, "radio_tx_energy_mj":0, "radio_rx_energy_mj":8, "node_time":3285511, "total_sent":311, "total_received":326, "bytes_tx":60, "bytes_rx":12, "r2n_latency":74, "lqi":100, "rssi":-52, "server_sent":326, "server_received":637, "server_bytes_rx":60, "n2r_latency":9, "hops":0, "rtt_latency":282, "root_time_now":3285520}
[Mote:5] Sensor IPv6 = fe80::205:5:5:5
[Mote:4] Sensor IPv6 = fe80::204:4:4:4
[Mote:1] {"node":"fd00::204:4:4:4", "cpu_energy_mj":19, "lpm_energy_mj":0, "radio_tx_energy_mj":0, "radio_rx_energy_mj":8, "node_time":3293423, "total_sent":311, "total_received":327, "bytes_tx":60, "bytes_rx":12, "r2n_latency":224, "lqi":100, "rssi":-74, "server_sent":327, "server_received":638, "server_bytes_rx":60, "n2r_latency":7, "hops":0, "rtt_latency":392, "root_time_now":3293430}
[Mote:1] {"node":"fd00::205:5:5:5", "cpu_energy_mj":19, "lpm_energy_mj":0, "radio_tx_energy_mj":0, "radio_rx_energy_mj":8, "node_time":3291880, "total_sent":293, "total_received":314, "bytes_tx":60, "bytes_rx":12, "r2n_latency":3924, "lqi":100, "rssi":-30, "server_sent":315, "server_received":607, "server_bytes_rx":60, "n2r_latency":2950, "hops":2, "rtt_latency":2067, "root_time_now":3294830}
[Mote:3] Sensor IPv6 = fe80::203:3:3:3
[Mote:1] {"node":"fd00::203:3:3:3", "cpu_energy_mj":18, "lpm_energy_mj":0, "radio_tx_energy_mj":0, "radio_rx_energy_mj":8, "node_time":3295246, "total_sent":311, "total_received":318, "bytes_tx":60, "bytes_rx":12, "r2n_latency":1764, "lqi":100, "rssi":-85, "server_sent":318, "server_received":629, "server_bytes_rx":60, "n2r_latency":144, "hops":1, "rtt_latency":2247, "root_time_now":3295390}
[Mote:2] Sensor IPv6 = fe80::202:2:2:2
[Mote:1] {"node":"fd00::202:2:2:2", "cpu_energy_mj":18, "lpm_energy_mj":0, "radio_tx_energy_mj":0, "radio_rx_energy_mj":8, "node_time":3296042, "total_sent":312, "total_received":327, "bytes_tx":60, "bytes_rx":12, "r2n_latency":14, "lqi":100, "rssi":-52, "server_sent":327, "server_received":639, "server_bytes_rx":60, "n2r_latency":48, "hops":0, "rtt_latency":322, "root_time_now":3296090}
[Mote:5] Sensor IPv6 = fe80::205:5:5:5
[Mote:1] {"node":"fd00::205:5:5:5", "cpu_energy_mj":19, "lpm_energy_mj":0, "radio_tx_energy_mj":0, "radio_rx_energy_mj":8, "node_time":3302670, "total_sent":294, "total_received":316, "bytes_tx":60, "bytes_rx":12, "r2n_latency":2404, "lqi":100, "rssi":-30, "server_sent":316, "server_received":610, "server_bytes_rx":60, "n2r_latency":210, "hops":2, "rtt_latency":1307, "root_time_now":3302880}
[Mote:4] Sensor IPv6 = fe80::204:4:4:4
[Mote:1] {"node":"fd00::204:4:4:4", "cpu_energy_mj":19, "lpm_energy_mj":0, "radio_tx_energy_mj":0, "radio_rx_energy_mj":8, "node_time":3303977, "total_sent":312, "total_received":328, "bytes_tx":60, "bytes_rx":12, "r2n_latency":584, "lqi":100, "rssi":-74, "server_sent":328, "server_received":640, "server_bytes_rx":60, "n2r_latency":23, "hops":0, "rtt_latency":362, "root_time_now":3304000}
[Mote:3] Sensor IPv6 = fe80::203:3:3:3
[Mote:1] {"node":"fd00::203:3:3:3", "cpu_energy_mj":18, "lpm_energy_mj":0, "radio_tx_energy_mj":0, "radio_rx_energy_mj":8, "node_time":3305508, "total_sent":312, "total_received":319, "bytes_tx":60, "bytes_rx":12, "r2n_latency":1144, "lqi":100, "rssi":-85, "server_sent":319, "server_received":631, "server_bytes_rx":60, "n2r_latency":102, "hops":1, "rtt_latency":747, "root_time_now":3305610}
[Mote:2] Sensor IPv6 = fe80::202:2:2:2
[Mote:1] {"node":"fd00::202:2:2:2", "cpu_energy_mj":18, "lpm_energy_mj":0, "radio_tx_energy_mj":0, "radio_rx_energy_mj":8, "node_time":3306573, "total_sent":313, "total_received":328, "bytes_tx":60, "bytes_rx":12, "r2n_latency":24, "lqi":100, "rssi":-52, "server_sent":328, "server_received":641, "server_bytes_rx":60, "n2r_latency":17, "hops":0, "rtt_latency":152, "root_time_now":3306590}
[Mote:5] Sensor IPv6 = fe80::205:5:5:5
[Mote:1] {"node":"fd00::205:5:5:5", "cpu_energy_mj":19, "lpm_energy_mj":0, "radio_tx_energy_mj":0, "radio_rx_energy_mj":8, "node_time":3313462, "total_sent":295, "total_received":317, "bytes_tx":60, "bytes_rx":12, "r2n_latency":1364, "lqi":100, "rssi":-30, "server_sent":317, "server_received":612, "server_bytes_rx":60, "n2r_latency":198, "hops":2, "rtt_latency":787, "root_time_now":3313660}
[Mote:4] Sensor IPv6 = fe80::204:4:4:4
[Mote:1] {"node":"fd00::204:4:4:4", "cpu_energy_mj":19, "lpm_energy_mj":0, "radio_tx_energy_mj":0, "radio_rx_energy_mj":8, "node_time":3314533, "total_sent":313, "total_received":329, "bytes_tx":60, "bytes_rx":12, "r2n_latency":174, "lqi":100, "rssi":-74, "server_sent":329, "server_received":642, "server_bytes_rx":60, "n2r_latency":37, "hops":0, "rtt_latency":157, "root_time_now":3314570}
[Mote:3] Sensor IPv6 = fe80::203:3:3:3
[Mote:1] {"node":"fd00::203:3:3:3", "cpu_energy_mj":18, "lpm_energy_mj":0, "radio_tx_energy_mj":0, "radio_rx_energy_mj":8, "node_time":3315772, "total_sent":313, "total_received":320, "bytes_tx":60, "bytes_rx":12, "r2n_latency":734, "lqi":100, "rssi":-85, "server_sent":320, "server_received":633, "server_bytes_rx":60, "n2r_latency":128, "hops":1, "rtt_latency":612, "root_time_now":3315900}
[Mote:2] Sensor IPv6 = fe80::202:2:2:2
[Mote:1] {"node":"fd00::202:2:2:2", "cpu_energy_mj":18, "lpm_energy_mj":0, "radio_tx_energy_mj":0, "radio_rx_energy_mj":8, "node_time":3317106, "total_sent":314, "total_received":329, "bytes_tx":60, "bytes_rx":12, "r2n_latency":34, "lqi":100, "rssi":-52, "server_sent":329, "server_received":643, "server_bytes_rx":60, "n2r_latency":54, "hops":0, "rtt_latency":192, "root_time_now":3317160}
[Mote:5] Sensor IPv6 = fe80::205:5:5:5
[Mote:1] {"node":"fd00::205:5:5:5", "cpu_energy_mj":19, "lpm_energy_mj":0, "radio_tx_energy_mj":0, "radio_rx_energy_mj":8, "node_time":3324254, "total_sent":296, "total_received":318, "bytes_tx":60, "bytes_rx":12, "r2n_latency":2144, "lqi":100, "rssi":-30, "server_sent":318, "server_received":614, "server_bytes_rx":60, "n2r_latency":186, "hops":2, "rtt_latency":1177, "root_time_now":3324440}
[Mote:4] Sensor IPv6 = fe80::204:4:4:4
[Mote:1] {"node":"fd00::204:4:4:4", "cpu_energy_mj":19, "lpm_energy_mj":0, "radio_tx_energy_mj":0, "radio_rx_energy_mj":8, "node_time":3325089, "total_sent":314, "total_received":330, "bytes_tx":60, "bytes_rx":12, "r2n_latency":184, "lqi":100, "rssi":-74, "server_sent":330, "server_received":644, "server_bytes_rx":60, "n2r_latency":51, "hops":0, "rtt_latency":407, "root_time_now":3325140}
[Mote:3] Sensor IPv6 = fe80::203:3:3:3
[Mote:1] {"node":"fd00::203:3:3:3", "cpu_energy_mj":18, "lpm_energy_mj":0, "radio_tx_energy_mj":0, "radio_rx_energy_mj":8, "node_time":3326036, "total_sent":314, "total_received":321, "bytes_tx":60, "bytes_rx":12, "r2n_latency":1374, "lqi":100, "rssi":-85, "server_sent":321, "server_received":635, "server_bytes_rx":60, "n2r_latency":84, "hops":1, "rtt_latency":897, "root_time_now":3326120}
[Mote:2] Sensor IPv6 = fe80::202:2:2:2
[Mote:1] {"node":"fd00::202:2:2:2", "cpu_energy_mj":18, "lpm_energy_mj":0, "radio_tx_energy_mj":0, "radio_rx_energy_mj":8, "node_time":3327637, "total_sent":315, "total_received":330, "bytes_tx":60, "bytes_rx":12, "r2n_latency":44, "lqi":100, "rssi":-52, "server_sent":330, "server_received":645, "server_bytes_rx":60, "n2r_latency":23, "hops":0, "rtt_latency":162, "root_time_now":3327660}
[Mote:5] Sensor IPv6 = fe80::205:5:5:5
[Mote:1] {"node":"fd00::205:5:5:5", "cpu_energy_mj":19, "lpm_energy_mj":0, "radio_tx_energy_mj":0, "radio_rx_energy_mj":8, "node_time":3335046, "total_sent":297, "total_received":319, "bytes_tx":60, "bytes_rx":12, "r2n_latency":2994, "lqi":100, "rssi":-30, "server_sent":319, "server_received":616, "server_bytes_rx":60, "n2r_latency":174, "hops":2, "rtt_latency":1602, "root_time_now":3335220}
[Mote:4] Sensor IPv6 = fe80::204:4:4:4
[Mote:1] {"node":"fd00::204:4:4:4", "cpu_energy_mj":19, "lpm_energy_mj":0, "radio_tx_energy_mj":0, "radio_rx_energy_mj":8, "node_time":3335645, "total_sent":315, "total_received":331, "bytes_tx":60, "bytes_rx":12, "r2n_latency":824, "lqi":100, "rssi":-74, "server_sent":331, "server_received":646, "server_bytes_rx":60, "n2r_latency":65, "hops":0, "rtt_latency":587, "root_time_now":3335710}
[Mote:3] Sensor IPv6 = fe80::203:3:3:3
[Mote:1] {"node":"fd00::203:3:3:3", "cpu_energy_mj":18, "lpm_energy_mj":0, "radio_tx_energy_mj":0, "radio_rx_energy_mj":8, "node_time":3336300, "total_sent":315, "total_received":322, "bytes_tx":60, "bytes_rx":12, "r2n_latency":2224, "lqi":100, "rssi":-85, "server_sent":322, "server_received":637, "server_bytes_rx":60, "n2r_latency":110, "hops":1, "rtt_latency":1252, "root_time_now":3336410}
[Mote:2] Sensor IPv6 = fe80::202:2:2:2
[Mote:1] {"node":"fd00::202:2:2:2", "cpu_energy_mj":18, "lpm_energy_mj":0, "radio_tx_energy_mj":0, "radio_rx_energy_mj":8, "node_time":3338166, "total_sent":316, "total_received":331, "bytes_tx":60, "bytes_rx":12, "r2n_latency":54, "lqi":100, "rssi":-52, "server_sent":331, "server_received":647, "server_bytes_rx":60, "n2r_latency":64, "hops":0, "rtt_latency":167, "root_time_now":3338230}
[Mote:5] Sensor IPv6 = fe80::205:5:5:5
[Mote:1] {"node":"fd00::205:5:5:5", "cpu_energy_mj":19, "lpm_energy_mj":0, "radio_tx_energy_mj":0, "radio_rx_energy_mj":8, "node_time":3345840, "total_sent":298, "total_received":320, "bytes_tx":60, "bytes_rx":12, "r2n_latency":1183, "lqi":100, "rssi":-30, "server_sent":320, "server_received":618, "server_bytes_rx":60, "n2r_latency":160, "hops":2, "rtt_latency":801, "root_time_now":3346000}
[Mote:4] Sensor IPv6 = fe80::204:4:4:4
[Mote:1] {"node":"fd00::204:4:4:4", "cpu_energy_mj":19, "lpm_energy_mj":0, "radio_tx_energy_mj":0, "radio_rx_energy_mj":8, "node_time":3346201, "total_sent":316, "total_received":332, "bytes_tx":60, "bytes_rx":12, "r2n_latency":343, "lqi":100, "rssi":-74, "server_sent":332, "server_received":648, "server_bytes_rx":60, "n2r_latency":9, "hops":0, "rtt_latency":346, "root_time_now":3346210}
[Mote:3] Sensor IPv6 = fe80::203:3:3:3
[Mote:1] {"node":"fd00::203:3:3:3", "cpu_energy_mj":18, "lpm_energy_mj":0, "radio_tx_energy_mj":0, "radio_rx_energy_mj":8, "node_time":3346564, "total_sent":316, "total_received":323, "bytes_tx":60, "bytes_rx":12, "r2n_latency":973, "lqi":100, "rssi":-85, "server_sent":323, "server_received":639, "server_bytes_rx":60, "n2r_latency":136, "hops":1, "rtt_latency":766, "root_time_now":3346700}
[Mote:2] Sensor IPv6 = fe80::202:2:2:2
[Mote:1] {"node":"fd00::202:2:2:2", "cpu_energy_mj":18, "lpm_energy_mj":0, "radio_tx_energy_mj":0, "radio_rx_energy_mj":8, "node_time":3348699, "total_sent":317, "total_received":332, "bytes_tx":60, "bytes_rx":12, "r2n_latency":63, "lqi":100, "rssi":-52, "server_sent":332, "server_received":649, "server_bytes_rx":60, "n2r_latency":31, "hops":0, "rtt_latency":871, "root_time_now":3348730}
[Mote:5] Sensor IPv6 = fe80::205:5:5:5
[Mote:4] Sensor IPv6 = fe80::204:4:4:4
[Mote:1] {"node":"fd00::205:5:5:5", "cpu_energy_mj":19, "lpm_energy_mj":0, "radio_tx_energy_mj":0, "radio_rx_energy_mj":8, "node_time":3356630, "total_sent":299, "total_received":321, "bytes_tx":60, "bytes_rx":12, "r2n_latency":2874, "lqi":100, "rssi":-30, "server_sent":321, "server_received":620, "server_bytes_rx":60, "n2r_latency":150, "hops":2, "rtt_latency":1647, "root_time_now":3356780}
[Mote:3] Sensor IPv6 = fe80::203:3:3:3
[Mote:1] {"node":"fd00::204:4:4:4", "cpu_energy_mj":19, "lpm_energy_mj":0, "radio_tx_energy_mj":0, "radio_rx_energy_mj":8, "node_time":3356761, "total_sent":317, "total_received":333, "bytes_tx":60, "bytes_rx":12, "r2n_latency":634, "lqi":100, "rssi":-74, "server_sent":333, "server_received":650, "server_bytes_rx":60, "n2r_latency":649, "hops":0, "rtt_latency":387, "root_time_now":3357410}
[Mote:1] {"node":"fd00::203:3:3:3", "cpu_energy_mj":18, "lpm_energy_mj":0, "radio_tx_energy_mj":0, "radio_rx_energy_mj":8, "node_time":3356828, "total_sent":317, "total_received":324, "bytes_tx":60, "bytes_rx":12, "r2n_latency":1194, "lqi":100, "rssi":-85, "server_sent":324, "server_received":641, "server_bytes_rx":60, "n2r_latency":652, "hops":1, "rtt_latency":912, "root_time_now":3357480}
[Mote:2] Sensor IPv6 = fe80::202:2:2:2
[Mote:1] {"node":"fd00::202:2:2:2", "cpu_energy_mj":18, "lpm_energy_mj":0, "radio_tx_energy_mj":0, "radio_rx_energy_mj":8, "node_time":3359231, "total_sent":318, "total_received":333, "bytes_tx":60, "bytes_rx":12, "r2n_latency":74, "lqi":100, "rssi":-52, "server_sent":333, "server_received":651, "server_bytes_rx":60, "n2r_latency":69, "hops":0, "rtt_latency":142, "root_time_now":3359300}
[Mote:3] Sensor IPv6 = fe80::203:3:3:3
[Mote:1] {"node":"fd00::203:3:3:3", "cpu_energy_mj":18, "lpm_energy_mj":0, "radio_tx_energy_mj":0, "radio_rx_energy_mj":8, "node_time":3367096, "total_sent":318, "total_received":325, "bytes_tx":60, "bytes_rx":12, "r2n_latency":2743, "lqi":100, "rssi":-85, "server_sent":325, "server_received":643, "server_bytes_rx":60, "n2r_latency":114, "hops":1, "rtt_latency":1966, "root_time_now":3367210}
[Mote:4] Sensor IPv6 = fe80::204:4:4:4
[Mote:1] {"node":"fd00::204:4:4:4", "cpu_energy_mj":19, "lpm_energy_mj":0, "radio_tx_energy_mj":0, "radio_rx_energy_mj":8, "node_time":3367313, "total_sent":318, "total_received":334, "bytes_tx":60, "bytes_rx":12, "r2n_latency":433, "lqi":100, "rssi":-74, "server_sent":334, "server_received":652, "server_bytes_rx":60, "n2r_latency":37, "hops":0, "rtt_latency":531, "root_time_now":3367350}
[Mote:5] Sensor IPv6 = fe80::205:5:5:5
[Mote:1] {"node":"fd00::205:5:5:5", "cpu_energy_mj":19, "lpm_energy_mj":0, "radio_tx_energy_mj":0, "radio_rx_energy_mj":8, "node_time":3367422, "total_sent":300, "total_received":322, "bytes_tx":60, "bytes_rx":12, "r2n_latency":2953, "lqi":100, "rssi":-30, "server_sent":322, "server_received":622, "server_bytes_rx":60, "n2r_latency":208, "hops":2, "rtt_latency":2036, "root_time_now":3367630}
[Mote:2] Sensor IPv6 = fe80::202:2:2:2
[Mote:1] {"node":"fd00::202:2:2:2", "cpu_energy_mj":18, "lpm_energy_mj":0, "radio_tx_energy_mj":0, "radio_rx_energy_mj":8, "node_time":3369759, "total_sent":319, "total_received":334, "bytes_tx":60, "bytes_rx":12, "r2n_latency":13, "lqi":100, "rssi":-52, "server_sent":334, "server_received":653, "server_bytes_rx":60, "n2r_latency":41, "hops":0, "rtt_latency":986, "root_time_now":3369800}
[Mote:3] Sensor IPv6 = fe80::203:3:3:3
[Mote:1] {"node":"fd00::203:3:3:3", "cpu_energy_mj":18, "lpm_energy_mj":0, "radio_tx_energy_mj":0, "radio_rx_energy_mj":8, "node_time":3377361, "total_sent":319, "total_received":326, "bytes_tx":60, "bytes_rx":12, "r2n_latency":654, "lqi":100, "rssi":-85, "server_sent":326, "server_received":645, "server_bytes_rx":60, "n2r_latency":209, "hops":1, "rtt_latency":397, "root_time_now":3377570}
[Mote:4] Sensor IPv6 = fe80::204:4:4:4
[Mote:1] {"node":"fd00::204:4:4:4", "cpu_energy_mj":19, "lpm_energy_mj":0, "radio_tx_energy_mj":0, "radio_rx_energy_mj":8, "node_time":3377869, "total_sent":319, "total_received":335, "bytes_tx":60, "bytes_rx":12, "r2n_latency":234, "lqi":100, "rssi":-74, "server_sent":335, "server_received":654, "server_bytes_rx":60, "n2r_latency":51, "hops":0, "rtt_latency":222, "root_time_now":3377920}
[Mote:5] Sensor IPv6 = fe80::205:5:5:5
[Mote:1] {"node":"fd00::205:5:5:5", "cpu_energy_mj":19, "lpm_energy_mj":0, "radio_tx_energy_mj":0, "radio_rx_energy_mj":8, "node_time":3378216, "total_sent":301, "total_received":323, "bytes_tx":60, "bytes_rx":12, "r2n_latency":1004, "lqi":100, "rssi":-30, "server_sent":323, "server_received":624, "server_bytes_rx":60, "n2r_latency":194, "hops":2, "rtt_latency":607, "root_time_now":3378410}
[Mote:2] Sensor IPv6 = fe80::202:2:2:2
[Mote:1] {"node":"fd00::202:2:2:2", "cpu_energy_mj":18, "lpm_energy_mj":0, "radio_tx_energy_mj":0, "radio_rx_energy_mj":8, "node_time":3380290, "total_sent":320, "total_received":336, "bytes_tx":60, "bytes_rx":12, "r2n_latency":34, "lqi":100, "rssi":-52, "server_sent":336, "server_received":656, "server_bytes_rx":60, "n2r_latency":10, "hops":0, "rtt_latency":122, "root_time_now":3380300}
[Mote:3] Sensor IPv6 = fe80::203:3:3:3
[Mote:1] {"node":"fd00::203:3:3:3", "cpu_energy_mj":18, "lpm_energy_mj":0, "radio_tx_energy_mj":0, "radio_rx_energy_mj":8, "node_time":3387622, "total_sent":320, "total_received":327, "bytes_tx":60, "bytes_rx":12, "r2n_latency":734, "lqi":100, "rssi":-85, "server_sent":327, "server_received":647, "server_bytes_rx":60, "n2r_latency":98, "hops":1, "rtt_latency":752, "root_time_now":3387720}
[Mote:4] Sensor IPv6 = fe80::204:4:4:4
[Mote:1] {"node":"fd00::204:4:4:4", "cpu_energy_mj":19, "lpm_energy_mj":0, "radio_tx_energy_mj":0, "radio_rx_energy_mj":8, "node_time":3388425, "total_sent":320, "total_received":336, "bytes_tx":60, "bytes_rx":12, "r2n_latency":384, "lqi":100, "rssi":-74, "server_sent":336, "server_received":656, "server_bytes_rx":60, "n2r_latency":65, "hops":0, "rtt_latency":332, "root_time_now":3388490}
[Mote:5] Sensor IPv6 = fe80::205:5:5:5
[Mote:1] {"node":"fd00::205:5:5:5", "cpu_energy_mj":19, "lpm_energy_mj":0, "radio_tx_energy_mj":0, "radio_rx_energy_mj":9, "node_time":3389008, "total_sent":302, "total_received":324, "bytes_tx":60, "bytes_rx":12, "r2n_latency":1294, "lqi":100, "rssi":-30, "server_sent":324, "server_received":626, "server_bytes_rx":60, "n2r_latency":182, "hops":2, "rtt_latency":822, "root_time_now":3389190}
[Mote:2] Sensor IPv6 = fe80::202:2:2:2
[Mote:1] {"node":"fd00::202:2:2:2", "cpu_energy_mj":18, "lpm_energy_mj":0, "radio_tx_energy_mj":0, "radio_rx_energy_mj":8, "node_time":3390821, "total_sent":321, "total_received":337, "bytes_tx":60, "bytes_rx":12, "r2n_latency":44, "lqi":100, "rssi":-52, "server_sent":337, "server_received":658, "server_bytes_rx":60, "n2r_latency":49, "hops":0, "rtt_latency":197, "root_time_now":3390870}
[Mote:3] Sensor IPv6 = fe80::203:3:3:3
[Mote:1] {"node":"fd00::203:3:3:3", "cpu_energy_mj":18, "lpm_energy_mj":0, "radio_tx_energy_mj":0, "radio_rx_energy_mj":8, "node_time":3397886, "total_sent":321, "total_received":328, "bytes_tx":60, "bytes_rx":12, "r2n_latency":1094, "lqi":100, "rssi":-85, "server_sent":328, "server_received":649, "server_bytes_rx":60, "n2r_latency":124, "hops":1, "rtt_latency":1142, "root_time_now":3398010}
[Mote:4] Sensor IPv6 = fe80::204:4:4:4
[Mote:1] {"node":"fd00::204:4:4:4", "cpu_energy_mj":19, "lpm_energy_mj":0, "radio_tx_energy_mj":0, "radio_rx_energy_mj":8, "node_time":3398981, "total_sent":321, "total_received":337, "bytes_tx":60, "bytes_rx":12, "r2n_latency":184, "lqi":100, "rssi":-74, "server_sent":337, "server_received":658, "server_bytes_rx":60, "n2r_latency":9, "hops":0, "rtt_latency":162, "root_time_now":3398990}
[Mote:5] Sensor IPv6 = fe80::205:5:5:5
[Mote:1] {"node":"fd00::205:5:5:5", "cpu_energy_mj":19, "lpm_energy_mj":0, "radio_tx_energy_mj":0, "radio_rx_energy_mj":8, "node_time":3399798, "total_sent":303, "total_received":325, "bytes_tx":60, "bytes_rx":12, "r2n_latency":1584, "lqi":100, "rssi":-30, "server_sent":325, "server_received":628, "server_bytes_rx":60, "n2r_latency":172, "hops":2, "rtt_latency":1177, "root_time_now":3399970}
[Mote:2] Sensor IPv6 = fe80::202:2:2:2
[Mote:1] {"node":"fd00::202:2:2:2", "cpu_energy_mj":18, "lpm_energy_mj":0, "radio_tx_energy_mj":0, "radio_rx_energy_mj":8, "node_time":3401352, "total_sent":322, "total_received":338, "bytes_tx":60, "bytes_rx":12, "r2n_latency":57, "lqi":100, "rssi":-52, "server_sent":338, "server_received":660, "server_bytes_rx":60, "n2r_latency":298, "hops":0, "rtt_latency":378, "root_time_now":3401650}
[Mote:3] Sensor IPv6 = fe80::203:3:3:3
[Mote:1] {"node":"fd00::203:3:3:3", "cpu_energy_mj":18, "lpm_energy_mj":0, "radio_tx_energy_mj":0, "radio_rx_energy_mj":8, "node_time":3408152, "total_sent":322, "total_received":329, "bytes_tx":60, "bytes_rx":12, "r2n_latency":1807, "lqi":100, "rssi":-85, "server_sent":329, "server_received":651, "server_bytes_rx":60, "n2r_latency":78, "hops":1, "rtt_latency":1253, "root_time_now":3408230}
[Mote:4] Sensor IPv6 = fe80::204:4:4:4
[Mote:1] {"node":"fd00::204:4:4:4", "cpu_energy_mj":19, "lpm_energy_mj":0, "radio_tx_energy_mj":0, "radio_rx_energy_mj":8, "node_time":3409537, "total_sent":322, "total_received":338, "bytes_tx":60, "bytes_rx":12, "r2n_latency":897, "lqi":100, "rssi":-74, "server_sent":338, "server_received":660, "server_bytes_rx":60, "n2r_latency":23, "hops":0, "rtt_latency":553, "root_time_now":3409560}
[Mote:5] Sensor IPv6 = fe80::205:5:5:5
[Mote:2] Sensor IPv6 = fe80::202:2:2:2
[Mote:1] {"node":"fd00::202:2:2:2", "cpu_energy_mj":18, "lpm_energy_mj":0, "radio_tx_energy_mj":0, "radio_rx_energy_mj":8, "node_time":3411883, "total_sent":323, "total_received":339, "bytes_tx":60, "bytes_rx":12, "r2n_latency":64, "lqi":100, "rssi":-52, "server_sent":339, "server_received":662, "server_bytes_rx":60, "n2r_latency":127, "hops":0, "rtt_latency":137, "root_time_now":3412010}
[Mote:1] {"node":"fd00::205:5:5:5", "cpu_energy_mj":19, "lpm_energy_mj":0, "radio_tx_energy_mj":0, "radio_rx_energy_mj":8, "node_time":3410592, "total_sent":304, "total_received":326, "bytes_tx":60, "bytes_rx":12, "r2n_latency":2227, "lqi":100, "rssi":-30, "server_sent":327, "server_received":630, "server_bytes_rx":60, "n2r_latency":2888, "hops":2, "rtt_latency":1288, "root_time_now":3413480}
[Mote:3] Sensor IPv6 = fe80::203:3:3:3
[Mote:1] {"node":"fd00::203:3:3:3", "cpu_energy_mj":18, "lpm_energy_mj":0, "radio_tx_energy_mj":0, "radio_rx_energy_mj":8, "node_time":3418414, "total_sent":323, "total_received":330, "bytes_tx":60, "bytes_rx":12, "r2n_latency":904, "lqi":100, "rssi":-85, "server_sent":330, "server_received":653, "server_bytes_rx":60, "n2r_latency":106, "hops":1, "rtt_latency":1047, "root_time_now":3418520}
[Mote:4] Sensor IPv6 = fe80::204:4:4:4
[Mote:1] {"node":"fd00::204:4:4:4", "cpu_energy_mj":19, "lpm_energy_mj":0, "radio_tx_energy_mj":0, "radio_rx_energy_mj":8, "node_time":3420093, "total_sent":323, "total_received":339, "bytes_tx":60, "bytes_rx":12, "r2n_latency":414, "lqi":100, "rssi":-74, "server_sent":340, "server_received":662, "server_bytes_rx":60, "n2r_latency":107, "hops":0, "rtt_latency":942, "root_time_now":3420200}
[Mote:5] Sensor IPv6 = fe80::205:5:5:5
[Mote:1] {"node":"fd00::205:5:5:5", "cpu_energy_mj":19, "lpm_energy_mj":0, "radio_tx_energy_mj":0, "radio_rx_energy_mj":8, "node_time":3421382, "total_sent":305, "total_received":327, "bytes_tx":60, "bytes_rx":12, "r2n_latency":1604, "lqi":100, "rssi":-30, "server_sent":328, "server_received":632, "server_bytes_rx":60, "n2r_latency":428, "hops":2, "rtt_latency":1782, "root_time_now":3421810}
[Mote:2] Sensor IPv6 = fe80::202:2:2:2
[Mote:1] {"node":"fd00::202:2:2:2", "cpu_energy_mj":18, "lpm_energy_mj":0, "radio_tx_energy_mj":0, "radio_rx_energy_mj":8, "node_time":3422414, "total_sent":324, "total_received":340, "bytes_tx":60, "bytes_rx":12, "r2n_latency":74, "lqi":100, "rssi":-52, "server_sent":340, "server_received":664, "server_bytes_rx":60, "n2r_latency":26, "hops":0, "rtt_latency":142, "root_time_now":3422440}
[Mote:3] Sensor IPv6 = fe80::203:3:3:3
[Mote:1] {"node":"fd00::203:3:3:3", "cpu_energy_mj":18, "lpm_energy_mj":0, "radio_tx_energy_mj":0, "radio_rx_energy_mj":8, "node_time":3428678, "total_sent":324, "total_received":331, "bytes_tx":60, "bytes_rx":12, "r2n_latency":3224, "lqi":100, "rssi":-85, "server_sent":331, "server_received":655, "server_bytes_rx":60, "n2r_latency":272, "hops":1, "rtt_latency":1787, "root_time_now":3428950}
[Mote:4] Sensor IPv6 = fe80::204:4:4:4
[Mote:1] {"node":"fd00::204:4:4:4", "cpu_energy_mj":19, "lpm_energy_mj":0, "radio_tx_energy_mj":0, "radio_rx_energy_mj":8, "node_time":3430651, "total_sent":324, "total_received":341, "bytes_tx":60, "bytes_rx":12, "r2n_latency":154, "lqi":100, "rssi":-74, "server_sent":341, "server_received":665, "server_bytes_rx":60, "n2r_latency":469, "hops":0, "rtt_latency":392, "root_time_now":3431120}
[Mote:5] Sensor IPv6 = fe80::205:5:5:5
[Mote:1] {"node":"fd00::205:5:5:5", "cpu_energy_mj":19, "lpm_energy_mj":0, "radio_tx_energy_mj":0, "radio_rx_energy_mj":8, "node_time":3432174, "total_sent":306, "total_received":329, "bytes_tx":60, "bytes_rx":12, "r2n_latency":1484, "lqi":100, "rssi":-30, "server_sent":329, "server_received":635, "server_bytes_rx":60, "n2r_latency":416, "hops":2, "rtt_latency":1267, "root_time_now":3432590}
[Mote:2] Sensor IPv6 = fe80::202:2:2:2
[Mote:1] {"node":"fd00::202:2:2:2", "cpu_energy_mj":18, "lpm_energy_mj":0, "radio_tx_energy_mj":0, "radio_rx_energy_mj":8, "node_time":3432945, "total_sent":325, "total_received":341, "bytes_tx":60, "bytes_rx":12, "r2n_latency":14, "lqi":100, "rssi":-52, "server_sent":341, "server_received":666, "server_bytes_rx":60, "n2r_latency":65, "hops":0, "rtt_latency":252, "root_time_now":3433010}
[Mote:3] Sensor IPv6 = fe80::203:3:3:3
[Mote:1] {"node":"fd00::203:3:3:3", "cpu_energy_mj":18, "lpm_energy_mj":0, "radio_tx_energy_mj":0, "radio_rx_energy_mj":8, "node_time":3438944, "total_sent":325, "total_received":332, "bytes_tx":60, "bytes_rx":12, "r2n_latency":644, "lqi":100, "rssi":-85, "server_sent":332, "server_received":657, "server_bytes_rx":60, "n2r_latency":86, "hops":1, "rtt_latency":1232, "root_time_now":3439030}
[Mote:4] Sensor IPv6 = fe80::204:4:4:4
[Mote:1] {"node":"fd00::204:4:4:4", "cpu_energy_mj":19, "lpm_energy_mj":0, "radio_tx_energy_mj":0, "radio_rx_energy_mj":8, "node_time":3441207, "total_sent":325, "total_received":342, "bytes_tx":60, "bytes_rx":12, "r2n_latency":234, "lqi":100, "rssi":-74, "server_sent":342, "server_received":667, "server_bytes_rx":60, "n2r_latency":413, "hops":0, "rtt_latency":222, "root_time_now":3441620}
[Mote:5] Sensor IPv6 = fe80::205:5:5:5
[Mote:1] {"node":"fd00::205:5:5:5", "cpu_energy_mj":19, "lpm_energy_mj":0, "radio_tx_energy_mj":0, "radio_rx_energy_mj":8, "node_time":3442966, "total_sent":307, "total_received":330, "bytes_tx":60, "bytes_rx":12, "r2n_latency":2824, "lqi":100, "rssi":-30, "server_sent":330, "server_received":637, "server_bytes_rx":60, "n2r_latency":474, "hops":2, "rtt_latency":1657, "root_time_now":3443440}
[Mote:2] Sensor IPv6 = fe80::202:2:2:2
[Mote:1] {"node":"fd00::202:2:2:2", "cpu_energy_mj":18, "lpm_energy_mj":0, "radio_tx_energy_mj":0, "radio_rx_energy_mj":8, "node_time":3443476, "total_sent":326, "total_received":342, "bytes_tx":60, "bytes_rx":12, "r2n_latency":24, "lqi":100, "rssi":-52, "server_sent":342, "server_received":668, "server_bytes_rx":60, "n2r_latency":1084, "hops":0, "rtt_latency":187, "root_time_now":3444560}
[Mote:3] Sensor IPv6 = fe80::203:3:3:3
[Mote:1] {"node":"fd00::203:3:3:3", "cpu_energy_mj":18, "lpm_energy_mj":0, "radio_tx_energy_mj":0, "radio_rx_energy_mj":8, "node_time":3449208, "total_sent":326, "total_received":333, "bytes_tx":60, "bytes_rx":12, "r2n_latency":794, "lqi":100, "rssi":-85, "server_sent":333, "server_received":659, "server_bytes_rx":60, "n2r_latency":112, "hops":1, "rtt_latency":782, "root_time_now":3449320}
[Mote:4] Sensor IPv6 = fe80::204:4:4:4
[Mote:1] {"node":"fd00::204:4:4:4", "cpu_energy_mj":19, "lpm_energy_mj":0, "radio_tx_energy_mj":0, "radio_rx_energy_mj":8, "node_time":3451763, "total_sent":326, "total_received":343, "bytes_tx":60, "bytes_rx":12, "r2n_latency":734, "lqi":100, "rssi":-74, "server_sent":343, "server_received":669, "server_bytes_rx":60, "n2r_latency":7, "hops":0, "rtt_latency":437, "root_time_now":3451770}
[Mote:5] Sensor IPv6 = fe80::205:5:5:5
[Mote:1] {"node":"fd00::205:5:5:5", "cpu_energy_mj":19, "lpm_energy_mj":0, "radio_tx_energy_mj":0, "radio_rx_energy_mj":8, "node_time":3453758, "total_sent":308, "total_received":331, "bytes_tx":60, "bytes_rx":12, "r2n_latency":1504, "lqi":100, "rssi":-30, "server_sent":331, "server_received":639, "server_bytes_rx":60, "n2r_latency":182, "hops":2, "rtt_latency":997, "root_time_now":3453940}
[Mote:2] Sensor IPv6 = fe80::202:2:2:2
[Mote:1] {"node":"fd00::202:2:2:2", "cpu_energy_mj":18, "lpm_energy_mj":0, "radio_tx_energy_mj":0, "radio_rx_energy_mj":8, "node_time":3454009, "total_sent":327, "total_received":343, "bytes_tx":60, "bytes_rx":12, "r2n_latency":34, "lqi":100, "rssi":-52, "server_sent":343, "server_received":670, "server_bytes_rx":60, "n2r_latency":71, "hops":0, "rtt_latency":122, "root_time_now":3454080}
[Mote:3] Sensor IPv6 = fe80::203:3:3:3
[Mote:1] {"node":"fd00::203:3:3:3", "cpu_energy_mj":18, "lpm_energy_mj":0, "radio_tx_energy_mj":0, "radio_rx_energy_mj":8, "node_time":3459468, "total_sent":327, "total_received":334, "bytes_tx":60, "bytes_rx":12, "r2n_latency":1224, "lqi":100, "rssi":-85, "server_sent":334, "server_received":661, "server_bytes_rx":60, "n2r_latency":142, "hops":1, "rtt_latency":857, "root_time_now":3459610}
[Mote:4] Sensor IPv6 = fe80::204:4:4:4
[Mote:1] {"node":"fd00::204:4:4:4", "cpu_energy_mj":19, "lpm_energy_mj":0, "radio_tx_energy_mj":0, "radio_rx_energy_mj":8, "node_time":3462319, "total_sent":327, "total_received":344, "bytes_tx":60, "bytes_rx":12, "r2n_latency":254, "lqi":100, "rssi":-74, "server_sent":344, "server_received":671, "server_bytes_rx":60, "n2r_latency":21, "hops":0, "rtt_latency":197, "root_time_now":3462340}
[Mote:2] Sensor IPv6 = fe80::202:2:2:2
[Mote:5] Sensor IPv6 = fe80::205:5:5:5
[Mote:1] {"node":"fd00::202:2:2:2", "cpu_energy_mj":18, "lpm_energy_mj":0, "radio_tx_energy_mj":0, "radio_rx_energy_mj":8, "node_time":3464538, "total_sent":328, "total_received":344, "bytes_tx":60, "bytes_rx":12, "r2n_latency":44, "lqi":100, "rssi":-52, "server_sent":344, "server_received":672, "server_bytes_rx":60, "n2r_latency":112, "hops":0, "rtt_latency":1527, "root_time_now":3464650}
[Mote:1] {"node":"fd00::205:5:5:5", "cpu_energy_mj":19, "lpm_energy_mj":0, "radio_tx_energy_mj":0, "radio_rx_energy_mj":8, "node_time":3464550, "total_sent":309, "total_received":332, "bytes_tx":60, "bytes_rx":12, "r2n_latency":1584, "lqi":100, "rssi":-30, "server_sent":332, "server_received":641, "server_bytes_rx":60, "n2r_latency":450, "hops":2, "rtt_latency":897, "root_time_now":3465000}
[Mote:3] Sensor IPv6 = fe80::203:3:3:3
[Mote:1] {"node":"fd00::203:3:3:3", "cpu_energy_mj":18, "lpm_energy_mj":0, "radio_tx_energy_mj":0, "radio_rx_energy_mj":8, "node_time":3469732, "total_sent":328, "total_received":335, "bytes_tx":60, "bytes_rx":12, "r2n_latency":884, "lqi":100, "rssi":-85, "server_sent":335, "server_received":663, "server_bytes_rx":60, "n2r_latency":98, "hops":1, "rtt_latency":582, "root_time_now":3469830}
[Mote:4] Sensor IPv6 = fe80::204:4:4:4
[Mote:1] {"node":"fd00::204:4:4:4", "cpu_energy_mj":19, "lpm_energy_mj":0, "radio_tx_energy_mj":0, "radio_rx_energy_mj":8, "node_time":3472875, "total_sent":328, "total_received":345, "bytes_tx":60, "bytes_rx":12, "r2n_latency":264, "lqi":100, "rssi":-74, "server_sent":345, "server_received":673, "server_bytes_rx":60, "n2r_latency":35, "hops":0, "rtt_latency":1287, "root_time_now":3472910}
[Mote:2] Sensor IPv6 = fe80::202:2:2:2
[Mote:1] {"node":"fd00::202:2:2:2", "cpu_energy_mj":18, "lpm_energy_mj":0, "radio_tx_energy_mj":0, "radio_rx_energy_mj":8, "node_time":3475069, "total_sent":329, "total_received":345, "bytes_tx":60, "bytes_rx":12, "r2n_latency":124, "lqi":100, "rssi":-52, "server_sent":345, "server_received":674, "server_bytes_rx":60, "n2r_latency":11, "hops":0, "rtt_latency":727, "root_time_now":3475080}
[Mote:5] Sensor IPv6 = fe80::205:5:5:5
[Mote:1] {"node":"fd00::205:5:5:5", "cpu_energy_mj":19, "lpm_energy_mj":0, "radio_tx_energy_mj":0, "radio_rx_energy_mj":8, "node_time":3475342, "total_sent":310, "total_received":333, "bytes_tx":60, "bytes_rx":12, "r2n_latency":1104, "lqi":100, "rssi":-30, "server_sent":333, "server_received":643, "server_bytes_rx":60, "n2r_latency":158, "hops":2, "rtt_latency":1357, "root_time_now":3475500}
[Mote:3] Sensor IPv6 = fe80::203:3:3:3
[Mote:1] {"node":"fd00::203:3:3:3", "cpu_energy_mj":18, "lpm_energy_mj":0, "radio_tx_energy_mj":0, "radio_rx_energy_mj":8, "node_time":3480000, "total_sent":329, "total_received":336, "bytes_tx":60, "bytes_rx":12, "r2n_latency":614, "lqi":100, "rssi":-85, "server_sent":337, "server_received":665, "server_bytes_rx":60, "n2r_latency":3340, "hops":1, "rtt_latency":1322, "root_time_now":3483340}
[Mote:4] Sensor IPv6 = fe80::204:4:4:4
[Mote:1] {"node":"fd00::204:4:4:4", "cpu_energy_mj":19, "lpm_energy_mj":0, "radio_tx_energy_mj":0, "radio_rx_energy_mj":8, "node_time":3483431, "total_sent":329, "total_received":346, "bytes_tx":60, "bytes_rx":12, "r2n_latency":834, "lqi":100, "rssi":-74, "server_sent":346, "server_received":675, "server_bytes_rx":60, "n2r_latency":119, "hops":0, "rtt_latency":557, "root_time_now":3483550}
[Mote:2] Sensor IPv6 = fe80::202:2:2:2
[Mote:1] {"node":"fd00::202:2:2:2", "cpu_energy_mj":18, "lpm_energy_mj":0, "radio_tx_energy_mj":0, "radio_rx_energy_mj":8, "node_time":3485602, "total_sent":330, "total_received":346, "bytes_tx":60, "bytes_rx":12, "r2n_latency":414, "lqi":100, "rssi":-52, "server_sent":346, "server_received":676, "server_bytes_rx":60, "n2r_latency":48, "hops":0, "rtt_latency":382, "root_time_now":3485650}
[Mote:5] Sensor IPv6 = fe80::205:5:5:5
[Mote:1] {"node":"fd00::205:5:5:5", "cpu_energy_mj":19, "lpm_energy_mj":0, "radio_tx_energy_mj":0, "radio_rx_energy_mj":8, "node_time":3486134, "total_sent":311, "total_received":334, "bytes_tx":60, "bytes_rx":12, "r2n_latency":2094, "lqi":100, "rssi":-30, "server_sent":334, "server_received":645, "server_bytes_rx":60, "n2r_latency":146, "hops":2, "rtt_latency":1747, "root_time_now":3486280}
[Mote:3] Sensor IPv6 = fe80::203:3:3:3
[Mote:1] {"node":"fd00::203:3:3:3", "cpu_energy_mj":18, "lpm_energy_mj":0, "radio_tx_energy_mj":0, "radio_rx_energy_mj":8, "node_time":3490264, "total_sent":330, "total_received":337, "bytes_tx":60, "bytes_rx":12, "r2n_latency":1954, "lqi":100, "rssi":-85, "server_sent":338, "server_received":667, "server_bytes_rx":60, "n2r_latency":216, "hops":1, "rtt_latency":1712, "root_time_now":3490480}
[Mote:4] Sensor IPv6 = fe80::204:4:4:4
[Mote:1] {"node":"fd00::204:4:4:4", "cpu_energy_mj":19, "lpm_energy_mj":0, "radio_tx_energy_mj":0, "radio_rx_energy_mj":8, "node_time":3493987, "total_sent":330, "total_received":347, "bytes_tx":60, "bytes_rx":12, "r2n_latency":564, "lqi":100, "rssi":-74, "server_sent":347, "server_received":677, "server_bytes_rx":60, "n2r_latency":63, "hops":0, "rtt_latency":387, "root_time_now":3494050}
[Mote:2] Sensor IPv6 = fe80::202:2:2:2
[Mote:1] {"node":"fd00::202:2:2:2", "cpu_energy_mj":18, "lpm_energy_mj":0, "radio_tx_energy_mj":0, "radio_rx_energy_mj":8, "node_time":3496131, "total_sent":331, "total_received":347, "bytes_tx":60, "bytes_rx":12, "r2n_latency":74, "lqi":100, "rssi":-52, "server_sent":347, "server_received":678, "server_bytes_rx":60, "n2r_latency":19, "hops":0, "rtt_latency":107, "root_time_now":3496150}
[Mote:5] Sensor IPv6 = fe80::205:5:5:5
[Mote:1] {"node":"fd00::205:5:5:5", "cpu_energy_mj":19, "lpm_energy_mj":0, "radio_tx_energy_mj":0, "radio_rx_energy_mj":9, "node_time":3496926, "total_sent":312, "total_received":335, "bytes_tx":60, "bytes_rx":12, "r2n_latency":1544, "lqi":100, "rssi":-30, "server_sent":335, "server_received":647, "server_bytes_rx":60, "n2r_latency":204, "hops":2, "rtt_latency":877, "root_time_now":3497130}
[Mote:3] Sensor IPv6 = fe80::203:3:3:3
[Mote:1] {"node":"fd00::203:3:3:3", "cpu_energy_mj":18, "lpm_energy_mj":0, "radio_tx_energy_mj":0, "radio_rx_energy_mj":8, "node_time":3500524, "total_sent":331, "total_received":338, "bytes_tx":60, "bytes_rx":12, "r2n_latency":1054, "lqi":100, "rssi":-85, "server_sent":339, "server_received":669, "server_bytes_rx":60, "n2r_latency":246, "hops":1, "rtt_latency":702, "root_time_now":3500770}
[Mote:4] Sensor IPv6 = fe80::204:4:4:4
[Mote:1] {"node":"fd00::204:4:4:4", "cpu_energy_mj":19, "lpm_energy_mj":0, "radio_tx_energy_mj":0, "radio_rx_energy_mj":8, "node_time":3504543, "total_sent":331, "total_received":348, "bytes_tx":60, "bytes_rx":12, "r2n_latency":224, "lqi":100, "rssi":-74, "server_sent":348, "server_received":679, "server_bytes_rx":60, "n2r_latency":7, "hops":0, "rtt_latency":357, "root_time_now":3504550}
[Mote:2] Sensor IPv6 = fe80::202:2:2:2
[Mote:1] {"node":"fd00::202:2:2:2", "cpu_energy_mj":18, "lpm_energy_mj":0, "radio_tx_energy_mj":0, "radio_rx_energy_mj":8, "node_time":3506662, "total_sent":332, "total_received":348, "bytes_tx":60, "bytes_rx":12, "r2n_latency":14, "lqi":100, "rssi":-52, "server_sent":348, "server_received":680, "server_bytes_rx":60, "n2r_latency":58, "hops":0, "rtt_latency":217, "root_time_now":3506720}
[Mote:5] Sensor IPv6 = fe80::205:5:5:5
[Mote:1] {"node":"fd00::205:5:5:5", "cpu_energy_mj":19, "lpm_energy_mj":0, "radio_tx_energy_mj":0, "radio_rx_energy_mj":8, "node_time":3507720, "total_sent":313, "total_received":336, "bytes_tx":60, "bytes_rx":12, "r2n_latency":1484, "lqi":100, "rssi":-30, "server_sent":336, "server_received":649, "server_bytes_rx":60, "n2r_latency":190, "hops":2, "rtt_latency":847, "root_time_now":3507910}
[Mote:3] Sensor IPv6 = fe80::203:3:3:3
[Mote:1] {"node":"fd00::203:3:3:3", "cpu_energy_mj":18, "lpm_energy_mj":0, "radio_tx_energy_mj":0, "radio_rx_energy_mj":8, "node_time":3510790, "total_sent":332, "total_received":340, "bytes_tx":60, "bytes_rx":12, "r2n_latency":724, "lqi":100, "rssi":-85, "server_sent":340, "server_received":672, "server_bytes_rx":60, "n2r_latency":550, "hops":1, "rtt_latency":607, "root_time_now":3511340}
[Mote:4] Sensor IPv6 = fe80::204:4:4:4
[Mote:1] {"node":"fd00::204:4:4:4", "cpu_energy_mj":19, "lpm_energy_mj":0, "radio_tx_energy_mj":0, "radio_rx_energy_mj":8, "node_time":3515099, "total_sent":332, "total_received":349, "bytes_tx":60, "bytes_rx":12, "r2n_latency":164, "lqi":100, "rssi":-74, "server_sent":349, "server_received":681, "server_bytes_rx":60, "n2r_latency":21, "hops":0, "rtt_latency":187, "root_time_now":3515120}
[Mote:2] Sensor IPv6 = fe80::202:2:2:2
[Mote:1] {"node":"fd00::202:2:2:2", "cpu_energy_mj":18, "lpm_energy_mj":0, "radio_tx_energy_mj":0, "radio_rx_energy_mj":8, "node_time":3517193, "total_sent":333, "total_received":349, "bytes_tx":60, "bytes_rx":12, "r2n_latency":24, "lqi":100, "rssi":-52, "server_sent":349, "server_received":682, "server_bytes_rx":60, "n2r_latency":27, "hops":0, "rtt_latency":152, "root_time_now":3517220}
[Mote:5] Sensor IPv6 = fe80::205:5:5:5
[Mote:1] {"node":"fd00::205:5:5:5", "cpu_energy_mj":19, "lpm_energy_mj":0, "radio_tx_energy_mj":0, "radio_rx_energy_mj":8, "node_time":3518512, "total_sent":314, "total_received":337, "bytes_tx":60, "bytes_rx":12, "r2n_latency":2334, "lqi":100, "rssi":-30, "server_sent":337, "server_received":651, "server_bytes_rx":60, "n2r_latency":178, "hops":2, "rtt_latency":1272, "root_time_now":3518690}
[Mote:3] Sensor IPv6 = fe80::203:3:3:3
[Mote:1] {"node":"fd00::203:3:3:3", "cpu_energy_mj":18, "lpm_energy_mj":0, "radio_tx_energy_mj":0, "radio_rx_energy_mj":8, "node_time":3521054, "total_sent":333, "total_received":341, "bytes_tx":60, "bytes_rx":12, "r2n_latency":524, "lqi":100, "rssi":-85, "server_sent":341, "server_received":674, "server_bytes_rx":60, "n2r_latency":3656, "hops":1, "rtt_latency":472, "root_time_now":3524710}
[Mote:4] Sensor IPv6 = fe80::204:4:4:4
[Mote:1] {"node":"fd00::204:4:4:4", "cpu_energy_mj":19, "lpm_energy_mj":0, "radio_tx_energy_mj":0, "radio_rx_energy_mj":8, "node_time":3525655, "total_sent":333, "total_received":350, "bytes_tx":60, "bytes_rx":12, "r2n_latency":244, "lqi":100, "rssi":-74, "server_sent":350, "server_received":683, "server_bytes_rx":60, "n2r_latency":35, "hops":0, "rtt_latency":402, "root_time_now":3525690}
[Mote:2] Sensor IPv6 = fe80::202:2:2:2
[Mote:1] {"node":"fd00::202:2:2:2", "cpu_energy_mj":18, "lpm_energy_mj":0, "radio_tx_energy_mj":0, "radio_rx_energy_mj":8, "node_time":3527724, "total_sent":334, "total_received":350, "bytes_tx":60, "bytes_rx":12, "r2n_latency":34, "lqi":100, "rssi":-52, "server_sent":350, "server_received":684, "server_bytes_rx":60, "n2r_latency":66, "hops":0, "rtt_latency":332, "root_time_now":3527790}
[Mote:5] Sensor IPv6 = fe80::205:5:5:5
[Mote:1] {"node":"fd00::205:5:5:5", "cpu_energy_mj":19, "lpm_energy_mj":0, "radio_tx_energy_mj":0, "radio_rx_energy_mj":8, "node_time":3529302, "total_sent":315, "total_received":338, "bytes_tx":60, "bytes_rx":12, "r2n_latency":4094, "lqi":100, "rssi":-30, "server_sent":338, "server_received":653, "server_bytes_rx":60, "n2r_latency":168, "hops":2, "rtt_latency":2397, "root_time_now":3529470}
[Mote:3] Sensor IPv6 = fe80::203:3:3:3
[Mote:1] {"node":"fd00::203:3:3:3", "cpu_energy_mj":18, "lpm_energy_mj":0, "radio_tx_energy_mj":0, "radio_rx_energy_mj":8, "node_time":3531316, "total_sent":334, "total_received":341, "bytes_tx":60, "bytes_rx":12, "r2n_latency":524, "lqi":100, "rssi":-85, "server_sent":342, "server_received":675, "server_bytes_rx":60, "n2r_latency":884, "hops":1, "rtt_latency":472, "root_time_now":3532200}
[Mote:4] Sensor IPv6 = fe80::204:4:4:4
[Mote:1] {"node":"fd00::204:4:4:4", "cpu_energy_mj":19, "lpm_energy_mj":0, "radio_tx_energy_mj":0, "radio_rx_energy_mj":8, "node_time":3536211, "total_sent":334, "total_received":351, "bytes_tx":60, "bytes_rx":12, "r2n_latency":534, "lqi":100, "rssi":-74, "server_sent":351, "server_received":685, "server_bytes_rx":60, "n2r_latency":49, "hops":0, "rtt_latency":477, "root_time_now":3536260}
[Mote:2] Sensor IPv6 = fe80::202:2:2:2
[Mote:1] {"node":"fd00::202:2:2:2", "cpu_energy_mj":18, "lpm_energy_mj":0, "radio_tx_energy_mj":0, "radio_rx_energy_mj":8, "node_time":3538257, "total_sent":335, "total_received":351, "bytes_tx":60, "bytes_rx":12, "r2n_latency":44, "lqi":100, "rssi":-52, "server_sent":351, "server_received":686, "server_bytes_rx":60, "n2r_latency":33, "hops":0, "rtt_latency":162, "root_time_now":3538290}
[Mote:5] Sensor IPv6 = fe80::205:5:5:5
[Mote:1] {"node":"fd00::205:5:5:5", "cpu_energy_mj":19, "lpm_energy_mj":0, "radio_tx_energy_mj":0, "radio_rx_energy_mj":8, "node_time":3540094, "total_sent":316, "total_received":339, "bytes_tx":60, "bytes_rx":12, "r2n_latency":2634, "lqi":100, "rssi":-30, "server_sent":340, "server_received":655, "server_bytes_rx":60, "n2r_latency":436, "hops":2, "rtt_latency":1422, "root_time_now":3540530}
[Mote:3] Sensor IPv6 = fe80::203:3:3:3
[Mote:1] {"node":"fd00::203:3:3:3", "cpu_energy_mj":18, "lpm_energy_mj":0, "radio_tx_energy_mj":0, "radio_rx_energy_mj":8, "node_time":3541580, "total_sent":335, "total_received":342, "bytes_tx":60, "bytes_rx":12, "r2n_latency":2284, "lqi":100, "rssi":-85, "server_sent":343, "server_received":677, "server_bytes_rx":60, "n2r_latency":1820, "hops":1, "rtt_latency":1247, "root_time_now":3543400}
[Mote:4] Sensor IPv6 = fe80::204:4:4:4
[Mote:1] {"node":"fd00::204:4:4:4", "cpu_energy_mj":19, "lpm_energy_mj":0, "radio_tx_energy_mj":0, "radio_rx_energy_mj":8, "node_time":3546767, "total_sent":335, "total_received":352, "bytes_tx":60, "bytes_rx":12, "r2n_latency":754, "lqi":100, "rssi":-74, "server_sent":352, "server_received":687, "server_bytes_rx":60, "n2r_latency":63, "hops":0, "rtt_latency":587, "root_time_now":3546830}
[Mote:2] Sensor IPv6 = fe80::202:2:2:2
[Mote:1] {"node":"fd00::202:2:2:2", "cpu_energy_mj":18, "lpm_energy_mj":0, "radio_tx_energy_mj":0, "radio_rx_energy_mj":8, "node_time":3548786, "total_sent":336, "total_received":352, "bytes_tx":60, "bytes_rx":12, "r2n_latency":54, "lqi":100, "rssi":-52, "server_sent":352, "server_received":688, "server_bytes_rx":60, "n2r_latency":74, "hops":0, "rtt_latency":132, "root_time_now":3548860}
[Mote:5] Sensor IPv6 = fe80::205:5:5:5
[Mote:1] {"node":"fd00::205:5:5:5", "cpu_energy_mj":19, "lpm_energy_mj":0, "radio_tx_energy_mj":0, "radio_rx_energy_mj":8, "node_time":3550888, "total_sent":317, "total_received":340, "bytes_tx":60, "bytes_rx":12, "r2n_latency":2294, "lqi":100, "rssi":-30, "server_sent":341, "server_received":657, "server_bytes_rx":60, "n2r_latency":562, "hops":2, "rtt_latency":2197, "root_time_now":3551450}
[Mote:3] Sensor IPv6 = fe80::203:3:3:3
[Mote:1] {"node":"fd00::203:3:3:3", "cpu_energy_mj":18, "lpm_energy_mj":0, "radio_tx_energy_mj":0, "radio_rx_energy_mj":8, "node_time":3551844, "total_sent":336, "total_received":343, "bytes_tx":60, "bytes_rx":12, "r2n_latency":2154, "lqi":100, "rssi":-85, "server_sent":344, "server_received":679, "server_bytes_rx":60, "n2r_latency":96, "hops":1, "rtt_latency":2162, "root_time_now":3551940}
[Mote:4] Sensor IPv6 = fe80::204:4:4:4
[Mote:1] {"node":"fd00::204:4:4:4", "cpu_energy_mj":19, "lpm_energy_mj":0, "radio_tx_energy_mj":0, "radio_rx_energy_mj":8, "node_time":3557323, "total_sent":336, "total_received":353, "bytes_tx":60, "bytes_rx":12, "r2n_latency":764, "lqi":100, "rssi":-74, "server_sent":353, "server_received":689, "server_bytes_rx":60, "n2r_latency":7, "hops":0, "rtt_latency":557, "root_time_now":3557330}
[Mote:2] Sensor IPv6 = fe80::202:2:2:2
[Mote:1] {"node":"fd00::202:2:2:2", "cpu_energy_mj":18, "lpm_energy_mj":0, "radio_tx_energy_mj":0, "radio_rx_energy_mj":8, "node_time":3559317, "total_sent":337, "total_received":353, "bytes_tx":60, "bytes_rx":12, "r2n_latency":64, "lqi":100, "rssi":-52, "server_sent":353, "server_received":690, "server_bytes_rx":60, "n2r_latency":43, "hops":0, "rtt_latency":207, "root_time_now":3559360}
[Mote:5] Sensor IPv6 = fe80::205:5:5:5
[Mote:1] {"node":"fd00::205:5:5:5", "cpu_energy_mj":19, "lpm_energy_mj":0, "radio_tx_energy_mj":0, "radio_rx_energy_mj":9, "node_time":3561678, "total_sent":318, "total_received":341, "bytes_tx":60, "bytes_rx":12, "r2n_latency":2864, "lqi":100, "rssi":-30, "server_sent":342, "server_received":659, "server_bytes_rx":60, "n2r_latency":412, "hops":2, "rtt_latency":1537, "root_time_now":3562090}
[Mote:3] Sensor IPv6 = fe80::203:3:3:3
[Mote:1] {"node":"fd00::203:3:3:3", "cpu_energy_mj":18, "lpm_energy_mj":0, "radio_tx_energy_mj":0, "radio_rx_energy_mj":8, "node_time":3562108, "total_sent":337, "total_received":344, "bytes_tx":60, "bytes_rx":12, "r2n_latency":2304, "lqi":100, "rssi":-85, "server_sent":345, "server_received":681, "server_bytes_rx":60, "n2r_latency":402, "hops":1, "rtt_latency":1362, "root_time_now":3562510}
[Mote:4] Sensor IPv6 = fe80::204:4:4:4
[Mote:1] {"node":"fd00::204:4:4:4", "cpu_energy_mj":19, "lpm_energy_mj":0, "radio_tx_energy_mj":0, "radio_rx_energy_mj":8, "node_time":3567881, "total_sent":337, "total_received":354, "bytes_tx":60, "bytes_rx":12, "r2n_latency":564, "lqi":100, "rssi":-74, "server_sent":354, "server_received":691, "server_bytes_rx":60, "n2r_latency":19, "hops":0, "rtt_latency":492, "root_time_now":3567900}
[Mote:2] Sensor IPv6 = fe80::202:2:2:2
[Mote:1] {"node":"fd00::202:2:2:2", "cpu_energy_mj":18, "lpm_energy_mj":0, "radio_tx_energy_mj":0, "radio_rx_energy_mj":8, "node_time":3569850, "total_sent":338, "total_received":354, "bytes_tx":60, "bytes_rx":12, "r2n_latency":74, "lqi":100, "rssi":-52, "server_sent":354, "server_received":692, "server_bytes_rx":60, "n2r_latency":10, "hops":0, "rtt_latency":387, "root_time_now":3569860}
[Mote:3] Sensor IPv6 = fe80::203:3:3:3
[Mote:1] {"node":"fd00::203:3:3:3", "cpu_energy_mj":18, "lpm_energy_mj":0, "radio_tx_energy_mj":0, "radio_rx_energy_mj":8, "node_time":3572374, "total_sent":338, "total_received":346, "bytes_tx":60, "bytes_rx":12, "r2n_latency":1694, "lqi":100, "rssi":-85, "server_sent":346, "server_received":684, "server_bytes_rx":60, "n2r_latency":76, "hops":1, "rtt_latency":917, "root_time_now":3572450}
[Mote:5] Sensor IPv6 = fe80::205:5:5:5
[Mote:1] {"node":"fd00::205:5:5:5", "cpu_energy_mj":19, "lpm_energy_mj":0, "radio_tx_energy_mj":0, "radio_rx_energy_mj":8, "node_time":3572470, "total_sent":319, "total_received":343, "bytes_tx":60, "bytes_rx":12, "r2n_latency":2044, "lqi":100, "rssi":-30, "server_sent":343, "server_received":662, "server_bytes_rx":60, "n2r_latency":190, "hops":2, "rtt_latency":1127, "root_time_now":3572660}
[Mote:4] Sensor IPv6 = fe80::204:4:4:4
[Mote:1] {"node":"fd00::204:4:4:4", "cpu_energy_mj":19, "lpm_energy_mj":0, "radio_tx_energy_mj":0, "radio_rx_energy_mj":8, "node_time":3578433, "total_sent":338, "total_received":355, "bytes_tx":60, "bytes_rx":12, "r2n_latency":1134, "lqi":100, "rssi":-74, "server_sent":355, "server_received":693, "server_bytes_rx":60, "n2r_latency":37, "hops":0, "rtt_latency":707, "root_time_now":3578470}
[Mote:2] Sensor IPv6 = fe80::202:2:2:2
[Mote:3] Sensor IPv6 = fe80::203:3:3:3
[Mote:1] {"node":"fd00::203:3:3:3", "cpu_energy_mj":18, "lpm_energy_mj":0, "radio_tx_energy_mj":0, "radio_rx_energy_mj":8, "node_time":3582638, "total_sent":339, "total_received":347, "bytes_tx":60, "bytes_rx":12, "r2n_latency":1774, "lqi":100, "rssi":-85, "server_sent":347, "server_received":686, "server_bytes_rx":60, "n2r_latency":592, "hops":1, "rtt_latency":1307, "root_time_now":3583230}
[Mote:5] Sensor IPv6 = fe80::205:5:5:5
[Mote:1] {"node":"fd00::205:5:5:5", "cpu_energy_mj":19, "lpm_energy_mj":0, "radio_tx_energy_mj":0, "radio_rx_energy_mj":8, "node_time":3583264, "total_sent":320, "total_received":343, "bytes_tx":60, "bytes_rx":12, "r2n_latency":2044, "lqi":100, "rssi":-30, "server_sent":344, "server_received":663, "server_bytes_rx":60, "n2r_latency":246, "hops":2, "rtt_latency":1127, "root_time_now":3583510}
[Mote:1] {"node":"fd00::202:2:2:2", "cpu_energy_mj":18, "lpm_energy_mj":0, "radio_tx_energy_mj":0, "radio_rx_energy_mj":8, "node_time":3580379, "total_sent":339, "total_received":356, "bytes_tx":60, "bytes_rx":12, "r2n_latency":24, "lqi":100, "rssi":-52, "server_sent":356, "server_received":695, "server_bytes_rx":60, "n2r_latency":5161, "hops":0, "rtt_latency":992, "root_time_now":3585540}
[Mote:4] Sensor IPv6 = fe80::204:4:4:4
[Mote:1] {"node":"fd00::204:4:4:4", "cpu_energy_mj":19, "lpm_energy_mj":0, "radio_tx_energy_mj":0, "radio_rx_energy_mj":8, "node_time":3588991, "total_sent":339, "total_received":356, "bytes_tx":60, "bytes_rx":12, "r2n_latency":864, "lqi":100, "rssi":-74, "server_sent":356, "server_received":695, "server_bytes_rx":60, "n2r_latency":49, "hops":0, "rtt_latency":572, "root_time_now":3589040}
[Mote:2] Sensor IPv6 = fe80::202:2:2:2
[Mote:1] {"node":"fd00::202:2:2:2", "cpu_energy_mj":18, "lpm_energy_mj":0, "radio_tx_energy_mj":0, "radio_rx_energy_mj":8, "node_time":3590910, "total_sent":340, "total_received":357, "bytes_tx":60, "bytes_rx":12, "r2n_latency":34, "lqi":100, "rssi":-52, "server_sent":357, "server_received":697, "server_bytes_rx":60, "n2r_latency":370, "hops":0, "rtt_latency":402, "root_time_now":3591280}
[Mote:3] Sensor IPv6 = fe80::203:3:3:3
[Mote:1] {"node":"fd00::203:3:3:3", "cpu_energy_mj":18, "lpm_energy_mj":0, "radio_tx_energy_mj":0, "radio_rx_energy_mj":8, "node_time":3592902, "total_sent":340, "total_received":348, "bytes_tx":60, "bytes_rx":12, "r2n_latency":1784, "lqi":100, "rssi":-85, "server_sent":348, "server_received":688, "server_bytes_rx":60, "n2r_latency":128, "hops":1, "rtt_latency":1207, "root_time_now":3593030}
[Mote:5] Sensor IPv6 = fe80::205:5:5:5
[Mote:1] {"node":"fd00::205:5:5:5", "cpu_energy_mj":19, "lpm_energy_mj":0, "radio_tx_energy_mj":0, "radio_rx_energy_mj":8, "node_time":3594054, "total_sent":321, "total_received":345, "bytes_tx":60, "bytes_rx":12, "r2n_latency":2554, "lqi":100, "rssi":-30, "server_sent":345, "server_received":666, "server_bytes_rx":60, "n2r_latency":166, "hops":2, "rtt_latency":1452, "root_time_now":3594220}
[Mote:4] Sensor IPv6 = fe80::204:4:4:4
[Mote:1] {"node":"fd00::204:4:4:4", "cpu_energy_mj":19, "lpm_energy_mj":0, "radio_tx_energy_mj":0, "radio_rx_energy_mj":8, "node_time":3599549, "total_sent":340, "total_received":357, "bytes_tx":60, "bytes_rx":12, "r2n_latency":874, "lqi":100, "rssi":-74, "server_sent":357, "server_received":697, "server_bytes_rx":60, "n2r_latency":61, "hops":0, "rtt_latency":577, "root_time_now":3599610}
[Mote:2] Sensor IPv6 = fe80::202:2:2:2
Final simulation time: 3601839000 ms
Test ended at simulation time: 3601839000
