Random seed: 123456
Initializing simulation script
Time: 73000
[Mote:8] [INFO: Main      ] - Routing: RPL Lite
[Mote:8] [INFO: Main      ] - Net: sicslowpan
[Mote:8] [INFO: Main      ] - MAC: TSCH
[Mote:8] [INFO: Main      ] - 802.15.4 PANID: 0xabcd
[Mote:8] [INFO: Main      ] - 802.15.4 TSCH default hopping sequence length: 4
[Mote:8] [INFO: Main      ] Node ID: 8
[Mote:8] [INFO: Main      ] Link-layer address: 0008.0008.0008.0008
[Mote:8] [INFO: Main      ] Tentative link-local IPv6 address: fe80::208:8:8:8
[Mote:11] [INFO: Main      ] Starting Contiki-NG-develop/v5.0
[Mote:11] [INFO: Main      ] - Routing: RPL Lite
[Mote:11] [INFO: Main      ] - Net: sicslowpan
[Mote:11] [INFO: Main      ] - MAC: TSCH
[Mote:11] [INFO: Main      ] - 802.15.4 PANID: 0xabcd
[Mote:11] [INFO: Main      ] - 802.15.4 TSCH default hopping sequence length: 4
[Mote:11] [INFO: Main      ] Node ID: 11
[Mote:11] [INFO: Main      ] Link-layer address: 000b.000b.000b.000b
[Mote:11] [INFO: Main      ] Tentative link-local IPv6 address: fe80::20b:b:b:b
[Mote:2] [INFO: Main      ] Starting Contiki-NG-develop/v5.0
[Mote:2] [INFO: Main      ] - Routing: RPL Lite
[Mote:2] [INFO: Main      ] - Net: sicslowpan
[Mote:2] [INFO: Main      ] - MAC: TSCH
[Mote:2] [INFO: Main      ] - 802.15.4 PANID: 0xabcd
[Mote:2] [INFO: Main      ] - 802.15.4 TSCH default hopping sequence length: 4
[Mote:2] [INFO: Main      ] Node ID: 2
[Mote:2] [INFO: Main      ] Link-layer address: 0002.0002.0002.0002
[Mote:2] [INFO: Main      ] Tentative link-local IPv6 address: fe80::202:2:2:2
[Mote:6] [INFO: Main      ] Starting Contiki-NG-develop/v5.0
[Mote:6] [INFO: Main      ] - Routing: RPL Lite
[Mote:6] [INFO: Main      ] - Net: sicslowpan
[Mote:6] [INFO: Main      ] - MAC: TSCH
[Mote:6] [INFO: Main      ] - 802.15.4 PANID: 0xabcd
[Mote:6] [INFO: Main      ] - 802.15.4 TSCH default hopping sequence length: 4
[Mote:6] [INFO: Main      ] Node ID: 6
[Mote:6] [INFO: Main      ] Link-layer address: 0006.0006.0006.0006
[Mote:6] [INFO: Main      ] Tentative link-local IPv6 address: fe80::206:6:6:6
[Mote:18] [INFO: Main      ] Starting Contiki-NG-develop/v5.0
[Mote:18] [INFO: Main      ] - Routing: RPL Lite
[Mote:18] [INFO: Main      ] - Net: sicslowpan
[Mote:18] [INFO: Main      ] - MAC: TSCH
[Mote:18] [INFO: Main      ] - 802.15.4 PANID: 0xabcd
[Mote:18] [INFO: Main      ] - 802.15.4 TSCH default hopping sequence length: 4
[Mote:18] [INFO: Main      ] Node ID: 18
[Mote:18] [INFO: Main      ] Link-layer address: 0012.0012.0012.0012
[Mote:18] [INFO: Main      ] Tentative link-local IPv6 address: fe80::212:12:12:12
[Mote:4] [INFO: Main      ] Starting Contiki-NG-develop/v5.0
[Mote:4] [INFO: Main      ] - Routing: RPL Lite
[Mote:4] [INFO: Main      ] - Net: sicslowpan
[Mote:4] [INFO: Main      ] - MAC: TSCH
[Mote:4] [INFO: Main      ] - 802.15.4 PANID: 0xabcd
[Mote:4] [INFO: Main      ] - 802.15.4 TSCH default hopping sequence length: 4
[Mote:4] [INFO: Main      ] Node ID: 4
[Mote:4] [INFO: Main      ] Link-layer address: 0004.0004.0004.0004
[Mote:4] [INFO: Main      ] Tentative link-local IPv6 address: fe80::204:4:4:4
[Mote:1] [INFO: Main      ] Starting Contiki-NG-develop/v5.0
[Mote:1] [INFO: Main      ] - Routing: RPL Lite
[Mote:1] [INFO: Main      ] - Net: sicslowpan
[Mote:1] [INFO: Main      ] - MAC: TSCH
[Mote:1] [INFO: Main      ] - 802.15.4 PANID: 0xabcd
[Mote:1] [INFO: Main      ] - 802.15.4 TSCH default hopping sequence length: 4
[Mote:1] [INFO: Main      ] Node ID: 1
[Mote:1] [INFO: Main      ] Link-layer address: 0001.0001.0001.0001
[Mote:1] [INFO: Main      ] Tentative link-local IPv6 address: fe80::201:1:1:1
[Mote:1] UDP Root process started
[Mote:7] [INFO: Main      ] Starting Contiki-NG-develop/v5.0
[Mote:7] [INFO: Main      ] - Routing: RPL Lite
[Mote:7] [INFO: Main      ] - Net: sicslowpan
[Mote:7] [INFO: Main      ] - MAC: TSCH
[Mote:7] [INFO: Main      ] - 802.15.4 PANID: 0xabcd
[Mote:7] [INFO: Main      ] - 802.15.4 TSCH default hopping sequence length: 4
[Mote:7] [INFO: Main      ] Node ID: 7
[Mote:7] [INFO: Main      ] Link-layer address: 0007.0007.0007.0007
[Mote:7] [INFO: Main      ] Tentative link-local IPv6 address: fe80::207:7:7:7
[Mote:14] [INFO: Main      ] Starting Contiki-NG-develop/v5.0
[Mote:14] [INFO: Main      ] - Routing: RPL Lite
[Mote:14] [INFO: Main      ] - Net: sicslowpan
[Mote:14] [INFO: Main      ] - MAC: TSCH
[Mote:14] [INFO: Main      ] - 802.15.4 PANID: 0xabcd
[Mote:14] [INFO: Main      ] - 802.15.4 TSCH default hopping sequence length: 4
[Mote:14] [INFO: Main      ] Node ID: 14
[Mote:14] [INFO: Main      ] Link-layer address: 000e.000e.000e.000e
[Mote:14] [INFO: Main      ] Tentative link-local IPv6 address: fe80::20e:e:e:e
[Mote:15] [INFO: Main      ] Starting Contiki-NG-develop/v5.0
[Mote:15] [INFO: Main      ] - Routing: RPL Lite
[Mote:15] [INFO: Main      ] - Net: sicslowpan
[Mote:15] [INFO: Main      ] - MAC: TSCH
[Mote:15] [INFO: Main      ] - 802.15.4 PANID: 0xabcd
[Mote:15] [INFO: Main      ] - 802.15.4 TSCH default hopping sequence length: 4
[Mote:15] [INFO: Main      ] Node ID: 15
[Mote:15] [INFO: Main      ] Link-layer address: 000f.000f.000f.000f
[Mote:15] [INFO: Main      ] Tentative link-local IPv6 address: fe80::20f:f:f:f
[Mote:16] [INFO: Main      ] Starting Contiki-NG-develop/v5.0
[Mote:16] [INFO: Main      ] - Routing: RPL Lite
[Mote:16] [INFO: Main      ] - Net: sicslowpan
[Mote:16] [INFO: Main      ] - MAC: TSCH
[Mote:16] [INFO: Main      ] - 802.15.4 PANID: 0xabcd
[Mote:16] [INFO: Main      ] - 802.15.4 TSCH default hopping sequence length: 4
[Mote:16] [INFO: Main      ] Node ID: 16
[Mote:16] [INFO: Main      ] Link-layer address: 0010.0010.0010.0010
[Mote:16] [INFO: Main      ] Tentative link-local IPv6 address: fe80::210:10:10:10
[Mote:10] [INFO: Main      ] Starting Contiki-NG-develop/v5.0
[Mote:10] [INFO: Main      ] - Routing: RPL Lite
[Mote:10] [INFO: Main      ] - Net: sicslowpan
[Mote:10] [INFO: Main      ] - MAC: TSCH
[Mote:10] [INFO: Main      ] - 802.15.4 PANID: 0xabcd
[Mote:10] [INFO: Main      ] - 802.15.4 TSCH default hopping sequence length: 4
[Mote:10] [INFO: Main      ] Node ID: 10
[Mote:10] [INFO: Main      ] Link-layer address: 000a.000a.000a.000a
[Mote:10] [INFO: Main      ] Tentative link-local IPv6 address: fe80::20a:a:a:a
[Mote:12] [INFO: Main      ] Starting Contiki-NG-develop/v5.0
[Mote:12] [INFO: Main      ] - Routing: RPL Lite
[Mote:12] [INFO: Main      ] - Net: sicslowpan
[Mote:12] [INFO: Main      ] - MAC: TSCH
[Mote:12] [INFO: Main      ] - 802.15.4 PANID: 0xabcd
[Mote:12] [INFO: Main      ] - 802.15.4 TSCH default hopping sequence length: 4
[Mote:12] [INFO: Main      ] Node ID: 12
[Mote:12] [INFO: Main      ] Link-layer address: 000c.000c.000c.000c
[Mote:12] [INFO: Main      ] Tentative link-local IPv6 address: fe80::20c:c:c:c
[Mote:9] [INFO: Main      ] Starting Contiki-NG-develop/v5.0
[Mote:9] [INFO: Main      ] - Routing: RPL Lite
[Mote:9] [INFO: Main      ] - Net: sicslowpan
[Mote:9] [INFO: Main      ] - MAC: TSCH
[Mote:9] [INFO: Main      ] - 802.15.4 PANID: 0xabcd
[Mote:9] [INFO: Main      ] - 802.15.4 TSCH default hopping sequence length: 4
[Mote:9] [INFO: Main      ] Node ID: 9
[Mote:9] [INFO: Main      ] Link-layer address: 0009.0009.0009.0009
[Mote:9] [INFO: Main      ] Tentative link-local IPv6 address: fe80::209:9:9:9
[Mote:5] [INFO: Main      ] Starting Contiki-NG-develop/v5.0
[Mote:5] [INFO: Main      ] - Routing: RPL Lite
[Mote:5] [INFO: Main      ] - Net: sicslowpan
[Mote:5] [INFO: Main      ] - MAC: TSCH
[Mote:5] [INFO: Main      ] - 802.15.4 PANID: 0xabcd
[Mote:5] [INFO: Main      ] - 802.15.4 TSCH default hopping sequence length: 4
[Mote:5] [INFO: Main      ] Node ID: 5
[Mote:5] [INFO: Main      ] Link-layer address: 0005.0005.0005.0005
[Mote:5] [INFO: Main      ] Tentative link-local IPv6 address: fe80::205:5:5:5
[Mote:19] [INFO: Main      ] Starting Contiki-NG-develop/v5.0
[Mote:19] [INFO: Main      ] - Routing: RPL Lite
[Mote:19] [INFO: Main      ] - Net: sicslowpan
[Mote:19] [INFO: Main      ] - MAC: TSCH
[Mote:19] [INFO: Main      ] - 802.15.4 PANID: 0xabcd
[Mote:19] [INFO: Main      ] - 802.15.4 TSCH default hopping sequence length: 4
[Mote:19] [INFO: Main      ] Node ID: 19
[Mote:19] [INFO: Main      ] Link-layer address: 0013.0013.0013.0013
[Mote:19] [INFO: Main      ] Tentative link-local IPv6 address: fe80::213:13:13:13
[Mote:17] [INFO: Main      ] Starting Contiki-NG-develop/v5.0
[Mote:17] [INFO: Main      ] - Routing: RPL Lite
[Mote:17] [INFO: Main      ] - Net: sicslowpan
[Mote:17] [INFO: Main      ] - MAC: TSCH
[Mote:17] [INFO: Main      ] - 802.15.4 PANID: 0xabcd
[Mote:17] [INFO: Main      ] - 802.15.4 TSCH default hopping sequence length: 4
[Mote:17] [INFO: Main      ] Node ID: 17
[Mote:17] [INFO: Main      ] Link-layer address: 0011.0011.0011.0011
[Mote:17] [INFO: Main      ] Tentative link-local IPv6 address: fe80::211:11:11:11
[Mote:13] [INFO: Main      ] Starting Contiki-NG-develop/v5.0
[Mote:13] [INFO: Main      ] - Routing: RPL Lite
[Mote:13] [INFO: Main      ] - Net: sicslowpan
[Mote:13] [INFO: Main      ] - MAC: TSCH
[Mote:13] [INFO: Main      ] - 802.15.4 PANID: 0xabcd
[Mote:13] [INFO: Main      ] - 802.15.4 TSCH default hopping sequence length: 4
[Mote:13] [INFO: Main      ] Node ID: 13
[Mote:13] [INFO: Main      ] Link-layer address: 000d.000d.000d.000d
[Mote:13] [INFO: Main      ] Tentative link-local IPv6 address: fe80::20d:d:d:d
[Mote:3] [INFO: Main      ] Starting Contiki-NG-develop/v5.0
[Mote:3] [INFO: Main      ] - Routing: RPL Lite
[Mote:3] [INFO: Main      ] - Net: sicslowpan
[Mote:3] [INFO: Main      ] - MAC: TSCH
[Mote:3] [INFO: Main      ] - 802.15.4 PANID: 0xabcd
[Mote:3] [INFO: Main      ] - 802.15.4 TSCH default hopping sequence length: 4
[Mote:3] [INFO: Main      ] Node ID: 3
[Mote:3] [INFO: Main      ] Link-layer address: 0003.0003.0003.0003
[Mote:3] [INFO: Main      ] Tentative link-local IPv6 address: fe80::203:3:3:3
[Mote:11] Not reachable yet
[Mote:16] Not reachable yet
[Mote:8] Not reachable yet
[Mote:10] Not reachable yet
[Mote:2] Not reachable yet
[Mote:18] Not reachable yet
[Mote:7] Not reachable yet
[Mote:4] Not reachable yet
[Mote:15] Not reachable yet
[Mote:13] Not reachable yet
[Mote:17] Not reachable yet
[Mote:3] Not reachable yet
[Mote:6] Not reachable yet
[Mote:14] Not reachable yet
[Mote:9] Not reachable yet
[Mote:12] Not reachable yet
[Mote:5] Not reachable yet
[Mote:19] Not reachable yet
[Mote:11] Not reachable yet
[Mote:16] Not reachable yet
[Mote:10] Not reachable yet
[Mote:8] Not reachable yet
[Mote:13] Not reachable yet
[Mote:17] Not reachable yet
[Mote:2] Sensor IPv6 = fe80::202:2:2:2
[Mote:1] {"node":"fd00::202:2:2:2", "cpu_energy_mj":37, "lpm_energy_mj":0, "radio_tx_energy_mj":0, "radio_rx_energy_mj":23, "total_energy_mj":60, "node_time":20903, "total_sent":1, "total_received":0, "bytes_tx":60, "bytes_rx":0, "r2n_latency":0, "lqi":0, "rssi":0, "server_sent":0, "server_received":1, "server_bytes_rx":60, "n2r_latency":27, "hops":0, "rtt_latency":0, "root_time_now":20930}
[Mote:7] Not reachable yet
[Mote:18] Not reachable yet
[Mote:3] Not reachable yet
[Mote:4] Not reachable yet
[Mote:15] Not reachable yet
[Mote:9] Not reachable yet
[Mote:14] Not reachable yet
[Mote:6] Not reachable yet
[Mote:12] Sensor IPv6 = fe80::20c:c:c:c
[Mote:5] Not reachable yet
[Mote:1] {"node":"fd00::20c:c:c:c", "cpu_energy_mj":38, "lpm_energy_mj":0, "radio_tx_energy_mj":0, "radio_rx_energy_mj":18, "total_energy_mj":56, "node_time":21865, "total_sent":1, "total_received":0, "bytes_tx":60, "bytes_rx":0, "r2n_latency":0, "lqi":0, "rssi":0, "server_sent":0, "server_received":1, "server_bytes_rx":60, "n2r_latency":45, "hops":0, "rtt_latency":0, "root_time_now":21910}
[Mote:19] Not reachable yet
[Mote:11] Not reachable yet
[Mote:16] Not reachable yet
[Mote:10] Not reachable yet
[Mote:13] Sensor IPv6 = fe80::20d:d:d:d
[Mote:17] Not reachable yet
[Mote:8] Sensor IPv6 = fe80::208:8:8:8
[Mote:1] {"node":"fd00::208:8:8:8", "cpu_energy_mj":56, "lpm_energy_mj":0, "radio_tx_energy_mj":0, "radio_rx_energy_mj":110, "total_energy_mj":166, "node_time":31127, "total_sent":1, "total_received":0, "bytes_tx":60, "bytes_rx":0, "r2n_latency":0, "lqi":0, "rssi":0, "server_sent":0, "server_received":1, "server_bytes_rx":60, "n2r_latency":23, "hops":0, "rtt_latency":0, "root_time_now":31150}
[Mote:1] {"node":"fd00::20d:d:d:d", "cpu_energy_mj":54, "lpm_energy_mj":0, "radio_tx_energy_mj":0, "radio_rx_energy_mj":218, "total_energy_mj":272, "node_time":30828, "total_sent":1, "total_received":0, "bytes_tx":60, "bytes_rx":0, "r2n_latency":0, "lqi":0, "rssi":0, "server_sent":0, "server_received":1, "server_bytes_rx":60, "n2r_latency":462, "hops":1, "rtt_latency":0, "root_time_now":31290}
[Mote:3] Sensor IPv6 = fe80::203:3:3:3
[Mote:1] {"node":"fd00::203:3:3:3", "cpu_energy_mj":55, "lpm_energy_mj":0, "radio_tx_energy_mj":0, "radio_rx_energy_mj":310, "total_energy_mj":365, "node_time":31296, "total_sent":1, "total_received":0, "bytes_tx":60, "bytes_rx":0, "r2n_latency":0, "lqi":0, "rssi":0, "server_sent":0, "server_received":1, "server_bytes_rx":60, "n2r_latency":134, "hops":1, "rtt_latency":0, "root_time_now":31430}
[Mote:7] Not reachable yet
[Mote:2] Sensor IPv6 = fe80::202:2:2:2
[Mote:1] {"node":"fd00::202:2:2:2", "cpu_energy_mj":18, "lpm_energy_mj":0, "radio_tx_energy_mj":0, "radio_rx_energy_mj":8, "total_energy_mj":26, "node_time":31430, "total_sent":2, "total_received":1, "bytes_tx":60, "bytes_rx":12, "r2n_latency":114, "lqi":100, "rssi":-83, "server_sent":1, "server_received":3, "server_bytes_rx":60, "n2r_latency":70, "hops":0, "rtt_latency":162, "root_time_now":31500}
[Mote:18] Not reachable yet
[Mote:4] Not reachable yet
[Mote:15] Not reachable yet
[Mote:9] Not reachable yet
[Mote:14] Not reachable yet
[Mote:6] Not reachable yet
[Mote:5] Not reachable yet
[Mote:12] Sensor IPv6 = fe80::20c:c:c:c
[Mote:1] {"node":"fd00::20c:c:c:c", "cpu_energy_mj":19, "lpm_energy_mj":0, "radio_tx_energy_mj":0, "radio_rx_energy_mj":8, "total_energy_mj":27, "node_time":32694, "total_sent":2, "total_received":1, "bytes_tx":60, "bytes_rx":12, "r2n_latency":44, "lqi":100, "rssi":-87, "server_sent":1, "server_received":3, "server_bytes_rx":60, "n2r_latency":136, "hops":0, "rtt_latency":617, "root_time_now":32830}
[Mote:19] Not reachable yet
[Mote:16] Not reachable yet
[Mote:11] Not reachable yet
[Mote:10] Not reachable yet
[Mote:13] Sensor IPv6 = fe80::20d:d:d:d
[Mote:17] Not reachable yet
[Mote:3] Sensor IPv6 = fe80::203:3:3:3
[Mote:8] Sensor IPv6 = fe80::208:8:8:8
[Mote:1] {"node":"fd00::208:8:8:8", "cpu_energy_mj":18, "lpm_energy_mj":0, "radio_tx_energy_mj":0, "radio_rx_energy_mj":8, "total_energy_mj":26, "node_time":41608, "total_sent":2, "total_received":1, "bytes_tx":60, "bytes_rx":12, "r2n_latency":1314, "lqi":100, "rssi":-90, "server_sent":1, "server_received":3, "server_bytes_rx":60, "n2r_latency":42, "hops":0, "rtt_latency":692, "root_time_now":41650}
[Mote:1] {"node":"fd00::20d:d:d:d", "cpu_energy_mj":18, "lpm_energy_mj":0, "radio_tx_energy_mj":0, "radio_rx_energy_mj":8, "total_energy_mj":26, "node_time":40939, "total_sent":2, "total_received":1, "bytes_tx":60, "bytes_rx":12, "r2n_latency":614, "lqi":100, "rssi":-68, "server_sent":1, "server_received":3, "server_bytes_rx":60, "n2r_latency":851, "hops":1, "rtt_latency":762, "root_time_now":41790}
[Mote:7] Sensor IPv6 = fe80::207:7:7:7
[Mote:1] {"node":"fd00::207:7:7:7", "cpu_energy_mj":75, "lpm_energy_mj":0, "radio_tx_energy_mj":0, "radio_rx_energy_mj":455, "total_energy_mj":530, "node_time":41909, "total_sent":1, "total_received":0, "bytes_tx":60, "bytes_rx":0, "r2n_latency":0, "lqi":0, "rssi":0, "server_sent":0, "server_received":1, "server_bytes_rx":60, "n2r_latency":21, "hops":0, "rtt_latency":0, "root_time_now":41930}
[Mote:2] Sensor IPv6 = fe80::202:2:2:2
[Mote:18] Not reachable yet
[Mote:15] Not reachable yet
[Mote:4] Not reachable yet
[Mote:9] Not reachable yet
[Mote:1] {"node":"fd00::202:2:2:2", "cpu_energy_mj":18, "lpm_energy_mj":0, "radio_tx_energy_mj":0, "radio_rx_energy_mj":8, "total_energy_mj":26, "node_time":41963, "total_sent":3, "total_received":2, "bytes_tx":60, "bytes_rx":12, "r2n_latency":194, "lqi":100, "rssi":-83, "server_sent":2, "server_received":5, "server_bytes_rx":60, "n2r_latency":1087, "hops":0, "rtt_latency":1357, "root_time_now":43050}
[Mote:14] Not reachable yet
[Mote:1] {"node":"fd00::203:3:3:3", "cpu_energy_mj":18, "lpm_energy_mj":0, "radio_tx_energy_mj":0, "radio_rx_energy_mj":8, "total_energy_mj":26, "node_time":41558, "total_sent":2, "total_received":1, "bytes_tx":60, "bytes_rx":12, "r2n_latency":544, "lqi":100, "rssi":-88, "server_sent":1, "server_received":3, "server_bytes_rx":60, "n2r_latency":1562, "hops":1, "rtt_latency":1497, "root_time_now":43120}
[Mote:5] Not reachable yet
[Mote:12] Sensor IPv6 = fe80::20c:c:c:c
[Mote:1] {"node":"fd00::20c:c:c:c", "cpu_energy_mj":19, "lpm_energy_mj":0, "radio_tx_energy_mj":0, "radio_rx_energy_mj":8, "total_energy_mj":27, "node_time":43527, "total_sent":3, "total_received":2, "bytes_tx":60, "bytes_rx":12, "r2n_latency":54, "lqi":100, "rssi":-87, "server_sent":2, "server_received":5, "server_bytes_rx":60, "n2r_latency":13, "hops":0, "rtt_latency":482, "root_time_now":43540}
[Mote:6] Sensor IPv6 = fe80::206:6:6:6
[Mote:1] {"node":"fd00::206:6:6:6", "cpu_energy_mj":78, "lpm_energy_mj":0, "radio_tx_energy_mj":0, "radio_rx_energy_mj":394, "total_energy_mj":472, "node_time":43569, "total_sent":1, "total_received":0, "bytes_tx":60, "bytes_rx":0, "r2n_latency":0, "lqi":0, "rssi":0, "server_sent":0, "server_received":1, "server_bytes_rx":60, "n2r_latency":111, "hops":1, "rtt_latency":0, "root_time_now":43680}
[Mote:19] Not reachable yet
[Mote:16] Not reachable yet
[Mote:11] Not reachable yet
[Mote:13] Sensor IPv6 = fe80::20d:d:d:d
[Mote:10] Not reachable yet
[Mote:17] Not reachable yet
[Mote:3] Sensor IPv6 = fe80::203:3:3:3
[Mote:8] Sensor IPv6 = fe80::208:8:8:8
[Mote:7] Sensor IPv6 = fe80::207:7:7:7
[Mote:1] {"node":"fd00::207:7:7:7", "cpu_energy_mj":18, "lpm_energy_mj":0, "radio_tx_energy_mj":0, "radio_rx_energy_mj":8, "total_energy_mj":26, "node_time":52385, "total_sent":2, "total_received":1, "bytes_tx":60, "bytes_rx":12, "r2n_latency":694, "lqi":100, "rssi":-89, "server_sent":1, "server_received":3, "server_bytes_rx":60, "n2r_latency":45, "hops":0, "rtt_latency":837, "root_time_now":52430}
[Mote:2] Sensor IPv6 = fe80::202:2:2:2
[Mote:18] Not reachable yet
[Mote:15] Not reachable yet
[Mote:4] Not reachable yet
[Mote:1] {"node":"fd00::208:8:8:8", "cpu_energy_mj":18, "lpm_energy_mj":0, "radio_tx_energy_mj":0, "radio_rx_energy_mj":8, "total_energy_mj":26, "node_time":52091, "total_sent":3, "total_received":2, "bytes_tx":60, "bytes_rx":12, "r2n_latency":414, "lqi":100, "rssi":-90, "server_sent":2, "server_received":5, "server_bytes_rx":60, "n2r_latency":759, "hops":0, "rtt_latency":1292, "root_time_now":52850}
[Mote:1] {"node":"fd00::203:3:3:3", "cpu_energy_mj":18, "lpm_energy_mj":0, "radio_tx_energy_mj":0, "radio_rx_energy_mj":8, "total_energy_mj":26, "node_time":51822, "total_sent":3, "total_received":2, "bytes_tx":60, "bytes_rx":12, "r2n_latency":974, "lqi":100, "rssi":-88, "server_sent":2, "server_received":5, "server_bytes_rx":60, "n2r_latency":1308, "hops":1, "rtt_latency":1502, "root_time_now":53130}
[Mote:9] Sensor IPv6 = fe80::209:9:9:9
[Mote:1] {"node":"fd00::202:2:2:2", "cpu_energy_mj":18, "lpm_energy_mj":0, "radio_tx_energy_mj":0, "radio_rx_energy_mj":8, "total_energy_mj":26, "node_time":52494, "total_sent":4, "total_received":3, "bytes_tx":60, "bytes_rx":12, "r2n_latency":274, "lqi":100, "rssi":-83, "server_sent":3, "server_received":7, "server_bytes_rx":60, "n2r_latency":706, "hops":0, "rtt_latency":417, "root_time_now":53200}
[Mote:1] {"node":"fd00::209:9:9:9", "cpu_energy_mj":95, "lpm_energy_mj":0, "radio_tx_energy_mj":0, "radio_rx_energy_mj":591, "total_energy_mj":686, "node_time":53166, "total_sent":1, "total_received":0, "bytes_tx":60, "bytes_rx":0, "r2n_latency":0, "lqi":0, "rssi":0, "server_sent":0, "server_received":1, "server_bytes_rx":60, "n2r_latency":244, "hops":1, "rtt_latency":0, "root_time_now":53410}
[Mote:14] Not reachable yet
[Mote:1] {"node":"fd00::20d:d:d:d", "cpu_energy_mj":18, "lpm_energy_mj":0, "radio_tx_energy_mj":0, "radio_rx_energy_mj":8, "total_energy_mj":26, "node_time":51052, "total_sent":3, "total_received":2, "bytes_tx":60, "bytes_rx":12, "r2n_latency":274, "lqi":100, "rssi":-68, "server_sent":2, "server_received":5, "server_bytes_rx":60, "n2r_latency":3058, "hops":1, "rtt_latency":1887, "root_time_now":54110}
[Mote:5] Not reachable yet
[Mote:12] Sensor IPv6 = fe80::20c:c:c:c
[Mote:1] {"node":"fd00::20c:c:c:c", "cpu_energy_mj":19, "lpm_energy_mj":0, "radio_tx_energy_mj":0, "radio_rx_energy_mj":8, "total_energy_mj":27, "node_time":54360, "total_sent":4, "total_received":3, "bytes_tx":60, "bytes_rx":12, "r2n_latency":64, "lqi":100, "rssi":-87, "server_sent":3, "server_received":7, "server_bytes_rx":60, "n2r_latency":30, "hops":0, "rtt_latency":1852, "root_time_now":54390}
[Mote:6] Sensor IPv6 = fe80::206:6:6:6
[Mote:1] {"node":"fd00::206:6:6:6", "cpu_energy_mj":19, "lpm_energy_mj":0, "radio_tx_energy_mj":0, "radio_rx_energy_mj":9, "total_energy_mj":28, "node_time":54498, "total_sent":2, "total_received":1, "bytes_tx":60, "bytes_rx":12, "r2n_latency":1604, "lqi":100, "rssi":-86, "server_sent":1, "server_received":3, "server_bytes_rx":60, "n2r_latency":102, "hops":1, "rtt_latency":1537, "root_time_now":54600}
[Mote:19] Not reachable yet
[Mote:16] Sensor IPv6 = fe80::210:10:10:10
[Mote:11] Not reachable yet
[Mote:13] Sensor IPv6 = fe80::20d:d:d:d
[Mote:10] Not reachable yet
[Mote:1] {"node":"fd00::20d:d:d:d", "cpu_energy_mj":18, "lpm_energy_mj":0, "radio_tx_energy_mj":0, "radio_rx_energy_mj":8, "total_energy_mj":26, "node_time":61163, "total_sent":4, "total_received":2, "bytes_tx":60, "bytes_rx":12, "r2n_latency":274, "lqi":100, "rssi":-68, "server_sent":3, "server_received":6, "server_bytes_rx":60, "n2r_latency":227, "hops":1, "rtt_latency":1887, "root_time_now":61390}
[Mote:17] Not reachable yet
[Mote:3] Sensor IPv6 = fe80::203:3:3:3
[Mote:1] {"node":"fd00::203:3:3:3", "cpu_energy_mj":18, "lpm_energy_mj":0, "radio_tx_energy_mj":0, "radio_rx_energy_mj":8, "total_energy_mj":26, "node_time":62086, "total_sent":4, "total_received":3, "bytes_tx":60, "bytes_rx":12, "r2n_latency":1963, "lqi":100, "rssi":-88, "server_sent":3, "server_received":7, "server_bytes_rx":60, "n2r_latency":214, "hops":1, "rtt_latency":1051, "root_time_now":62300}
[Mote:8] Sensor IPv6 = fe80::208:8:8:8
[Mote:1] {"node":"fd00::208:8:8:8", "cpu_energy_mj":18, "lpm_energy_mj":0, "radio_tx_energy_mj":0, "radio_rx_energy_mj":8, "total_energy_mj":26, "node_time":62574, "total_sent":4, "total_received":3, "bytes_tx":60, "bytes_rx":12, "r2n_latency":493, "lqi":100, "rssi":-90, "server_sent":3, "server_received":7, "server_bytes_rx":60, "n2r_latency":286, "hops":0, "rtt_latency":386, "root_time_now":62860}
[Mote:7] Sensor IPv6 = fe80::207:7:7:7
[Mote:1] {"node":"fd00::207:7:7:7", "cpu_energy_mj":18, "lpm_energy_mj":0, "radio_tx_energy_mj":0, "radio_rx_energy_mj":8, "total_energy_mj":26, "node_time":62861, "total_sent":3, "total_received":2, "bytes_tx":60, "bytes_rx":12, "r2n_latency":983, "lqi":100, "rssi":-89, "server_sent":2, "server_received":5, "server_bytes_rx":60, "n2r_latency":69, "hops":0, "rtt_latency":526, "root_time_now":62930}
[Mote:2] Sensor IPv6 = fe80::202:2:2:2
[Mote:1] {"node":"fd00::202:2:2:2", "cpu_energy_mj":18, "lpm_energy_mj":0, "radio_tx_energy_mj":0, "radio_rx_energy_mj":8, "total_energy_mj":26, "node_time":63025, "total_sent":5, "total_received":4, "bytes_tx":60, "bytes_rx":12, "r2n_latency":213, "lqi":100, "rssi":-83, "server_sent":4, "server_received":9, "server_bytes_rx":60, "n2r_latency":45, "hops":0, "rtt_latency":876, "root_time_now":63070}
[Mote:15] Not reachable yet
[Mote:18] Not reachable yet
[Mote:4] Not reachable yet
[Mote:9] Sensor IPv6 = fe80::209:9:9:9
[Mote:1] {"node":"fd00::209:9:9:9", "cpu_energy_mj":19, "lpm_energy_mj":0, "radio_tx_energy_mj":0, "radio_rx_energy_mj":8, "total_energy_mj":27, "node_time":63737, "total_sent":2, "total_received":1, "bytes_tx":60, "bytes_rx":12, "r2n_latency":703, "lqi":100, "rssi":-91, "server_sent":1, "server_received":3, "server_bytes_rx":60, "n2r_latency":103, "hops":1, "rtt_latency":596, "root_time_now":63840}
[Mote:14] Not reachable yet
[Mote:5] Not reachable yet
[Mote:12] Sensor IPv6 = fe80::20c:c:c:c
[Mote:1] {"node":"fd00::20c:c:c:c", "cpu_energy_mj":19, "lpm_energy_mj":0, "radio_tx_energy_mj":0, "radio_rx_energy_mj":8, "total_energy_mj":27, "node_time":65195, "total_sent":5, "total_received":4, "bytes_tx":60, "bytes_rx":12, "r2n_latency":73, "lqi":100, "rssi":-87, "server_sent":4, "server_received":9, "server_bytes_rx":60, "n2r_latency":45, "hops":0, "rtt_latency":561, "root_time_now":65240}
[Mote:6] Sensor IPv6 = fe80::206:6:6:6
[Mote:1] {"node":"fd00::206:6:6:6", "cpu_energy_mj":19, "lpm_energy_mj":0, "radio_tx_energy_mj":0, "radio_rx_energy_mj":9, "total_energy_mj":28, "node_time":65427, "total_sent":3, "total_received":2, "bytes_tx":60, "bytes_rx":12, "r2n_latency":2593, "lqi":100, "rssi":-86, "server_sent":2, "server_received":5, "server_bytes_rx":60, "n2r_latency":93, "hops":1, "rtt_latency":1366, "root_time_now":65520}
[Mote:19] Not reachable yet
[Mote:1] {"node":"fd00::210:10:10:10", "cpu_energy_mj":108, "lpm_energy_mj":0, "radio_tx_energy_mj":0, "radio_rx_energy_mj":561, "total_energy_mj":669, "node_time":60274, "total_sent":1, "total_received":0, "bytes_tx":60, "bytes_rx":0, "r2n_latency":0, "lqi":0, "rssi":0, "server_sent":0, "server_received":1, "server_bytes_rx":60, "n2r_latency":6156, "hops":1, "rtt_latency":0, "root_time_now":66430}
[Mote:16] Sensor IPv6 = fe80::210:10:10:10
[Mote:11] Not reachable yet
[Mote:13] Sensor IPv6 = fe80::20d:d:d:d
[Mote:10] Not reachable yet
[Mote:17] Not reachable yet
[Mote:3] Sensor IPv6 = fe80::203:3:3:3
[Mote:8] Sensor IPv6 = fe80::208:8:8:8
[Mote:1] {"node":"fd00::208:8:8:8", "cpu_energy_mj":18, "lpm_energy_mj":0, "radio_tx_energy_mj":0, "radio_rx_energy_mj":8, "total_energy_mj":26, "node_time":73057, "total_sent":5, "total_received":4, "bytes_tx":60, "bytes_rx":12, "r2n_latency":784, "lqi":100, "rssi":-90, "server_sent":4, "server_received":9, "server_bytes_rx":60, "n2r_latency":23, "hops":0, "rtt_latency":637, "root_time_now":73080}
[Mote:7] Sensor IPv6 = fe80::207:7:7:7
[Mote:1] {"node":"fd00::207:7:7:7", "cpu_energy_mj":18, "lpm_energy_mj":0, "radio_tx_energy_mj":0, "radio_rx_energy_mj":8, "total_energy_mj":26, "node_time":73337, "total_sent":4, "total_received":3, "bytes_tx":60, "bytes_rx":12, "r2n_latency":1414, "lqi":100, "rssi":-89, "server_sent":3, "server_received":7, "server_bytes_rx":60, "n2r_latency":23, "hops":0, "rtt_latency":742, "root_time_now":73360}
[Mote:2] Sensor IPv6 = fe80::202:2:2:2
[Mote:15] Not reachable yet
[Mote:18] Not reachable yet
[Mote:4] Not reachable yet
[Mote:9] Sensor IPv6 = fe80::209:9:9:9
[Mote:1] {"node":"fd00::203:3:3:3", "cpu_energy_mj":18, "lpm_energy_mj":0, "radio_tx_energy_mj":0, "radio_rx_energy_mj":8, "total_energy_mj":26, "node_time":72350, "total_sent":5, "total_received":4, "bytes_tx":60, "bytes_rx":12, "r2n_latency":504, "lqi":100, "rssi":-88, "server_sent":4, "server_received":9, "server_bytes_rx":60, "n2r_latency":2130, "hops":1, "rtt_latency":2212, "root_time_now":74480}
[Mote:1] {"node":"fd00::202:2:2:2", "cpu_energy_mj":18, "lpm_energy_mj":0, "radio_tx_energy_mj":0, "radio_rx_energy_mj":8, "total_energy_mj":26, "node_time":73556, "total_sent":6, "total_received":5, "bytes_tx":60, "bytes_rx":12, "r2n_latency":154, "lqi":100, "rssi":-83, "server_sent":5, "server_received":11, "server_bytes_rx":60, "n2r_latency":1064, "hops":0, "rtt_latency":1197, "root_time_now":74620}
[Mote:1] {"node":"fd00::20d:d:d:d", "cpu_energy_mj":18, "lpm_energy_mj":0, "radio_tx_energy_mj":0, "radio_rx_energy_mj":8, "total_energy_mj":26, "node_time":71278, "total_sent":5, "total_received":4, "bytes_tx":60, "bytes_rx":12, "r2n_latency":434, "lqi":100, "rssi":-68, "server_sent":4, "server_received":9, "server_bytes_rx":60, "n2r_latency":3552, "hops":1, "rtt_latency":1862, "root_time_now":74830}
[Mote:1] {"node":"fd00::209:9:9:9", "cpu_energy_mj":19, "lpm_energy_mj":0, "radio_tx_energy_mj":0, "radio_rx_energy_mj":8, "total_energy_mj":27, "node_time":74308, "total_sent":3, "total_received":2, "bytes_tx":60, "bytes_rx":12, "r2n_latency":1204, "lqi":100, "rssi":-91, "server_sent":2, "server_received":5, "server_bytes_rx":60, "n2r_latency":592, "hops":1, "rtt_latency":1127, "root_time_now":74900}
[Mote:14] Not reachable yet
[Mote:5] Not reachable yet
[Mote:12] Sensor IPv6 = fe80::20c:c:c:c
[Mote:1] {"node":"fd00::20c:c:c:c", "cpu_energy_mj":19, "lpm_energy_mj":0, "radio_tx_energy_mj":0, "radio_rx_energy_mj":8, "total_energy_mj":27, "node_time":76026, "total_sent":6, "total_received":5, "bytes_tx":60, "bytes_rx":12, "r2n_latency":14, "lqi":100, "rssi":-87, "server_sent":5, "server_received":11, "server_bytes_rx":60, "n2r_latency":64, "hops":0, "rtt_latency":847, "root_time_now":76090}
[Mote:6] Sensor IPv6 = fe80::206:6:6:6
[Mote:1] {"node":"fd00::206:6:6:6", "cpu_energy_mj":19, "lpm_energy_mj":0, "radio_tx_energy_mj":0, "radio_rx_energy_mj":9, "total_energy_mj":28, "node_time":76358, "total_sent":4, "total_received":3, "bytes_tx":60, "bytes_rx":12, "r2n_latency":714, "lqi":100, "rssi":-86, "server_sent":3, "server_received":7, "server_bytes_rx":60, "n2r_latency":82, "hops":1, "rtt_latency":2352, "root_time_now":76440}
[Mote:19] Not reachable yet
[Mote:16] Sensor IPv6 = fe80::210:10:10:10
[Mote:11] Not reachable yet
[Mote:13] Sensor IPv6 = fe80::20d:d:d:d
[Mote:10] Not reachable yet
[Mote:17] Not reachable yet
[Mote:3] Sensor IPv6 = fe80::203:3:3:3
[Mote:1] {"node":"fd00::203:3:3:3", "cpu_energy_mj":18, "lpm_energy_mj":0, "radio_tx_energy_mj":0, "radio_rx_energy_mj":8, "total_energy_mj":26, "node_time":82614, "total_sent":6, "total_received":5, "bytes_tx":60, "bytes_rx":12, "r2n_latency":1214, "lqi":100, "rssi":-88, "server_sent":5, "server_received":11, "server_bytes_rx":60, "n2r_latency":126, "hops":1, "rtt_latency":817, "root_time_now":82740}
[Mote:8] Sensor IPv6 = fe80::208:8:8:8
[Mote:7] Sensor IPv6 = fe80::207:7:7:7
[Mote:2] Sensor IPv6 = fe80::202:2:2:2
[Mote:15] Not reachable yet
[Mote:18] Not reachable yet
[Mote:4] Not reachable yet
[Mote:1] {"node":"fd00::202:2:2:2", "cpu_energy_mj":18, "lpm_energy_mj":0, "radio_tx_energy_mj":0, "radio_rx_energy_mj":8, "total_energy_mj":26, "node_time":84085, "total_sent":7, "total_received":6, "bytes_tx":60, "bytes_rx":12, "r2n_latency":234, "lqi":100, "rssi":-83, "server_sent":6, "server_received":13, "server_bytes_rx":60, "n2r_latency":475, "hops":0, "rtt_latency":502, "root_time_now":84560}
[Mote:9] Sensor IPv6 = fe80::209:9:9:9
[Mote:1] {"node":"fd00::20d:d:d:d", "cpu_energy_mj":18, "lpm_energy_mj":0, "radio_tx_energy_mj":0, "radio_rx_energy_mj":8, "total_energy_mj":26, "node_time":81391, "total_sent":6, "total_received":5, "bytes_tx":60, "bytes_rx":12, "r2n_latency":374, "lqi":100, "rssi":-68, "server_sent":5, "server_received":11, "server_bytes_rx":60, "n2r_latency":3589, "hops":1, "rtt_latency":922, "root_time_now":84980}
[Mote:14] Sensor IPv6 = fe80::20e:e:e:e
[Mote:1] {"node":"fd00::208:8:8:8", "cpu_energy_mj":18, "lpm_energy_mj":0, "radio_tx_energy_mj":0, "radio_rx_energy_mj":8, "total_energy_mj":26, "node_time":83539, "total_sent":6, "total_received":5, "bytes_tx":60, "bytes_rx":12, "r2n_latency":374, "lqi":100, "rssi":-90, "server_sent":5, "server_received":11, "server_bytes_rx":60, "n2r_latency":2701, "hops":0, "rtt_latency":1622, "root_time_now":86240}
[Mote:1] {"node":"fd00::209:9:9:9", "cpu_energy_mj":19, "lpm_energy_mj":0, "radio_tx_energy_mj":0, "radio_rx_energy_mj":8, "total_energy_mj":27, "node_time":84881, "total_sent":4, "total_received":3, "bytes_tx":60, "bytes_rx":12, "r2n_latency":584, "lqi":100, "rssi":-91, "server_sent":3, "server_received":7, "server_bytes_rx":60, "n2r_latency":1429, "hops":1, "rtt_latency":1657, "root_time_now":86310}
[Mote:1] {"node":"fd00::20e:e:e:e", "cpu_energy_mj":154, "lpm_energy_mj":0, "radio_tx_energy_mj":0, "radio_rx_energy_mj":1089, "total_energy_mj":1243, "node_time":86157, "total_sent":1, "total_received":0, "bytes_tx":60, "bytes_rx":0, "r2n_latency":0, "lqi":0, "rssi":0, "server_sent":0, "server_received":1, "server_bytes_rx":60, "n2r_latency":223, "hops":1, "rtt_latency":0, "root_time_now":86380}
[Mote:5] Not reachable yet
[Mote:12] Sensor IPv6 = fe80::20c:c:c:c
[Mote:1] {"node":"fd00::20c:c:c:c", "cpu_energy_mj":19, "lpm_energy_mj":0, "radio_tx_energy_mj":0, "radio_rx_energy_mj":8, "total_energy_mj":27, "node_time":86861, "total_sent":7, "total_received":6, "bytes_tx":60, "bytes_rx":12, "r2n_latency":24, "lqi":100, "rssi":-87, "server_sent":6, "server_received":13, "server_bytes_rx":60, "n2r_latency":9, "hops":0, "rtt_latency":642, "root_time_now":86870}
[Mote:1] {"node":"fd00::207:7:7:7", "cpu_energy_mj":18, "lpm_energy_mj":0, "radio_tx_energy_mj":0, "radio_rx_energy_mj":8, "total_energy_mj":26, "node_time":83813, "total_sent":5, "total_received":4, "bytes_tx":60, "bytes_rx":12, "r2n_latency":654, "lqi":100, "rssi":-89, "server_sent":4, "server_received":9, "server_bytes_rx":60, "n2r_latency":3267, "hops":0, "rtt_latency":432, "root_time_now":87080}
[Mote:6] Sensor IPv6 = fe80::206:6:6:6
[Mote:1] {"node":"fd00::206:6:6:6", "cpu_energy_mj":19, "lpm_energy_mj":0, "radio_tx_energy_mj":0, "radio_rx_energy_mj":9, "total_energy_mj":28, "node_time":87285, "total_sent":5, "total_received":4, "bytes_tx":60, "bytes_rx":12, "r2n_latency":2404, "lqi":100, "rssi":-86, "server_sent":4, "server_received":9, "server_bytes_rx":60, "n2r_latency":145, "hops":1, "rtt_latency":1272, "root_time_now":87430}
[Mote:19] Not reachable yet
[Mote:16] Sensor IPv6 = fe80::210:10:10:10
[Mote:11] Not reachable yet
[Mote:13] Sensor IPv6 = fe80::20d:d:d:d
[Mote:10] Sensor IPv6 = fe80::20a:a:a:a
[Mote:17] Not reachable yet
[Mote:3] Sensor IPv6 = fe80::203:3:3:3
[Mote:1] {"node":"fd00::20d:d:d:d", "cpu_energy_mj":18, "lpm_energy_mj":0, "radio_tx_energy_mj":0, "radio_rx_energy_mj":8, "total_energy_mj":26, "node_time":91504, "total_sent":7, "total_received":6, "bytes_tx":60, "bytes_rx":12, "r2n_latency":454, "lqi":100, "rssi":-68, "server_sent":6, "server_received":13, "server_bytes_rx":60, "n2r_latency":2156, "hops":1, "rtt_latency":1802, "root_time_now":93660}
[Mote:8] Sensor IPv6 = fe80::208:8:8:8
[Mote:1] {"node":"fd00::20a:a:a:a", "cpu_energy_mj":165, "lpm_energy_mj":0, "radio_tx_energy_mj":0, "radio_rx_energy_mj":1200, "total_energy_mj":1365, "node_time":91844, "total_sent":1, "total_received":0, "bytes_tx":60, "bytes_rx":0, "r2n_latency":0, "lqi":0, "rssi":0, "server_sent":0, "server_received":1, "server_bytes_rx":60, "n2r_latency":2306, "hops":2, "rtt_latency":0, "root_time_now":94150}
[Mote:7] Sensor IPv6 = fe80::207:7:7:7
[Mote:1] {"node":"fd00::207:7:7:7", "cpu_energy_mj":18, "lpm_energy_mj":0, "radio_tx_energy_mj":0, "radio_rx_energy_mj":8, "total_energy_mj":26, "node_time":94289, "total_sent":6, "total_received":5, "bytes_tx":60, "bytes_rx":12, "r2n_latency":664, "lqi":100, "rssi":-89, "server_sent":5, "server_received":11, "server_bytes_rx":60, "n2r_latency":71, "hops":0, "rtt_latency":857, "root_time_now":94360}
[Mote:2] Sensor IPv6 = fe80::202:2:2:2
[Mote:1] {"node":"fd00::203:3:3:3", "cpu_energy_mj":18, "lpm_energy_mj":0, "radio_tx_energy_mj":0, "radio_rx_energy_mj":8, "total_energy_mj":26, "node_time":92878, "total_sent":7, "total_received":6, "bytes_tx":60, "bytes_rx":12, "r2n_latency":2204, "lqi":100, "rssi":-88, "server_sent":6, "server_received":13, "server_bytes_rx":60, "n2r_latency":1762, "hops":1, "rtt_latency":2257, "root_time_now":94640}
[Mote:15] Not reachable yet
[Mote:18] Not reachable yet
[Mote:4] Not reachable yet
[Mote:1] {"node":"fd00::202:2:2:2", "cpu_energy_mj":18, "lpm_energy_mj":0, "radio_tx_energy_mj":0, "radio_rx_energy_mj":8, "total_energy_mj":26, "node_time":94618, "total_sent":8, "total_received":7, "bytes_tx":60, "bytes_rx":12, "r2n_latency":174, "lqi":100, "rssi":-83, "server_sent":7, "server_received":14, "server_bytes_rx":60, "n2r_latency":582, "hops":0, "rtt_latency":502, "root_time_now":95200}
[Mote:9] Sensor IPv6 = fe80::209:9:9:9
[Mote:1] {"node":"fd00::208:8:8:8", "cpu_energy_mj":18, "lpm_energy_mj":0, "radio_tx_energy_mj":0, "radio_rx_energy_mj":8, "total_energy_mj":26, "node_time":94023, "total_sent":7, "total_received":6, "bytes_tx":60, "bytes_rx":12, "r2n_latency":524, "lqi":100, "rssi":-90, "server_sent":6, "server_received":13, "server_bytes_rx":60, "n2r_latency":1947, "hops":0, "rtt_latency":612, "root_time_now":95970}
[Mote:1] {"node":"fd00::209:9:9:9", "cpu_energy_mj":19, "lpm_energy_mj":0, "radio_tx_energy_mj":0, "radio_rx_energy_mj":8, "total_energy_mj":27, "node_time":95450, "total_sent":5, "total_received":4, "bytes_tx":60, "bytes_rx":12, "r2n_latency":1364, "lqi":100, "rssi":-91, "server_sent":4, "server_received":9, "server_bytes_rx":60, "n2r_latency":590, "hops":1, "rtt_latency":2922, "root_time_now":96040}
[Mote:14] Sensor IPv6 = fe80::20e:e:e:e
[Mote:1] {"node":"fd00::20e:e:e:e", "cpu_energy_mj":19, "lpm_energy_mj":0, "radio_tx_energy_mj":0, "radio_rx_energy_mj":9, "total_energy_mj":28, "node_time":96920, "total_sent":2, "total_received":1, "bytes_tx":60, "bytes_rx":12, "r2n_latency":1644, "lqi":100, "rssi":-83, "server_sent":1, "server_received":3, "server_bytes_rx":60, "n2r_latency":100, "hops":1, "rtt_latency":2957, "root_time_now":97020}
[Mote:5] Not reachable yet
[Mote:12] Sensor IPv6 = fe80::20c:c:c:c
[Mote:1] {"node":"fd00::20c:c:c:c", "cpu_energy_mj":19, "lpm_energy_mj":0, "radio_tx_energy_mj":0, "radio_rx_energy_mj":8, "total_energy_mj":27, "node_time":97692, "total_sent":8, "total_received":7, "bytes_tx":60, "bytes_rx":12, "r2n_latency":34, "lqi":100, "rssi":-87, "server_sent":7, "server_received":15, "server_bytes_rx":60, "n2r_latency":28, "hops":0, "rtt_latency":997, "root_time_now":97720}
[Mote:6] Sensor IPv6 = fe80::206:6:6:6
[Mote:1] {"node":"fd00::206:6:6:6", "cpu_energy_mj":19, "lpm_energy_mj":0, "radio_tx_energy_mj":0, "radio_rx_energy_mj":9, "total_energy_mj":28, "node_time":98214, "total_sent":6, "total_received":5, "bytes_tx":60, "bytes_rx":12, "r2n_latency":2554, "lqi":100, "rssi":-86, "server_sent":5, "server_received":11, "server_bytes_rx":60, "n2r_latency":136, "hops":1, "rtt_latency":2292, "root_time_now":98350}
[Mote:19] Not reachable yet
[Mote:16] Not reachable yet
[Mote:11] Not reachable yet
[Mote:13] Sensor IPv6 = fe80::20d:d:d:d
[Mote:10] Sensor IPv6 = fe80::20a:a:a:a
[Mote:17] Not reachable yet
[Mote:3] Sensor IPv6 = fe80::203:3:3:3
[Mote:1] {"node":"fd00::20d:d:d:d", "cpu_energy_mj":18, "lpm_energy_mj":0, "radio_tx_energy_mj":0, "radio_rx_energy_mj":7, "total_energy_mj":25, "node_time":101617, "total_sent":8, "total_received":7, "bytes_tx":60, "bytes_rx":12, "r2n_latency":1026, "lqi":100, "rssi":-68, "server_sent":7, "server_received":15, "server_bytes_rx":60, "n2r_latency":2403, "hops":1, "rtt_latency":1843, "root_time_now":104020}
[Mote:8] Sensor IPv6 = fe80::208:8:8:8
[Mote:1] {"node":"fd00::208:8:8:8", "cpu_energy_mj":18, "lpm_energy_mj":0, "radio_tx_energy_mj":0, "radio_rx_energy_mj":8, "total_energy_mj":26, "node_time":104506, "total_sent":8, "total_received":7, "bytes_tx":60, "bytes_rx":12, "r2n_latency":326, "lqi":100, "rssi":-90, "server_sent":7, "server_received":15, "server_bytes_rx":60, "n2r_latency":74, "hops":0, "rtt_latency":1668, "root_time_now":104580}
[Mote:7] Sensor IPv6 = fe80::207:7:7:7
[Mote:2] Sensor IPv6 = fe80::202:2:2:2
[Mote:1] {"node":"fd00::203:3:3:3", "cpu_energy_mj":18, "lpm_energy_mj":0, "radio_tx_energy_mj":0, "radio_rx_energy_mj":8, "total_energy_mj":26, "node_time":103142, "total_sent":8, "total_received":7, "bytes_tx":60, "bytes_rx":12, "r2n_latency":606, "lqi":100, "rssi":-88, "server_sent":7, "server_received":15, "server_bytes_rx":60, "n2r_latency":2068, "hops":1, "rtt_latency":2473, "root_time_now":105210}
[Mote:1] {"node":"fd00::202:2:2:2", "cpu_energy_mj":18, "lpm_energy_mj":0, "radio_tx_energy_mj":0, "radio_rx_energy_mj":8, "total_energy_mj":26, "node_time":105149, "total_sent":9, "total_received":8, "bytes_tx":60, "bytes_rx":12, "r2n_latency":186, "lqi":100, "rssi":-83, "server_sent":8, "server_received":16, "server_bytes_rx":60, "n2r_latency":131, "hops":0, "rtt_latency":2368, "root_time_now":105280}
[Mote:15] Sensor IPv6 = fe80::20f:f:f:f
[Mote:1] {"node":"fd00::207:7:7:7", "cpu_energy_mj":18, "lpm_energy_mj":0, "radio_tx_energy_mj":0, "radio_rx_energy_mj":7, "total_energy_mj":25, "node_time":104765, "total_sent":7, "total_received":6, "bytes_tx":60, "bytes_rx":12, "r2n_latency":1306, "lqi":100, "rssi":-89, "server_sent":6, "server_received":13, "server_bytes_rx":60, "n2r_latency":655, "hops":0, "rtt_latency":1003, "root_time_now":105420}
[Mote:18] Not reachable yet
[Mote:4] Not reachable yet
[Mote:9] Sensor IPv6 = fe80::209:9:9:9
[Mote:1] {"node":"fd00::209:9:9:9", "cpu_energy_mj":19, "lpm_energy_mj":0, "radio_tx_energy_mj":0, "radio_rx_energy_mj":8, "total_energy_mj":27, "node_time":106021, "total_sent":6, "total_received":5, "bytes_tx":60, "bytes_rx":12, "r2n_latency":886, "lqi":100, "rssi":-91, "server_sent":5, "server_received":11, "server_bytes_rx":60, "n2r_latency":239, "hops":1, "rtt_latency":1808, "root_time_now":106260}
[Mote:1] {"node":"fd00::20a:a:a:a", "cpu_energy_mj":18, "lpm_energy_mj":0, "radio_tx_energy_mj":0, "radio_rx_energy_mj":8, "total_energy_mj":26, "node_time":102029, "total_sent":2, "total_received":1, "bytes_tx":60, "bytes_rx":12, "r2n_latency":1936, "lqi":100, "rssi":-91, "server_sent":1, "server_received":3, "server_bytes_rx":60, "n2r_latency":4861, "hops":2, "rtt_latency":3278, "root_time_now":106890}
[Mote:1] {"node":"fd00::20f:f:f:f", "cpu_energy_mj":189, "lpm_energy_mj":0, "radio_tx_energy_mj":0, "radio_rx_energy_mj":1623, "total_energy_mj":1812, "node_time":105317, "total_sent":1, "total_received":0, "bytes_tx":60, "bytes_rx":0, "r2n_latency":0, "lqi":0, "rssi":0, "server_sent":0, "server_received":1, "server_bytes_rx":60, "n2r_latency":1713, "hops":3, "rtt_latency":0, "root_time_now":107030}
[Mote:14] Sensor IPv6 = fe80::20e:e:e:e
[Mote:1] {"node":"fd00::20e:e:e:e", "cpu_energy_mj":19, "lpm_energy_mj":0, "radio_tx_energy_mj":0, "radio_rx_energy_mj":8, "total_energy_mj":27, "node_time":107683, "total_sent":3, "total_received":2, "bytes_tx":60, "bytes_rx":12, "r2n_latency":1166, "lqi":100, "rssi":-83, "server_sent":2, "server_received":5, "server_bytes_rx":60, "n2r_latency":117, "hops":1, "rtt_latency":1773, "root_time_now":107800}
[Mote:5] Not reachable yet
[Mote:12] Sensor IPv6 = fe80::20c:c:c:c
[Mote:1] {"node":"fd00::20c:c:c:c", "cpu_energy_mj":19, "lpm_energy_mj":0, "radio_tx_energy_mj":0, "radio_rx_energy_mj":8, "total_energy_mj":27, "node_time":108525, "total_sent":9, "total_received":8, "bytes_tx":60, "bytes_rx":12, "r2n_latency":396, "lqi":100, "rssi":-87, "server_sent":8, "server_received":17, "server_bytes_rx":60, "n2r_latency":45, "hops":0, "rtt_latency":898, "root_time_now":108570}
[Mote:6] Sensor IPv6 = fe80::206:6:6:6
[Mote:1] {"node":"fd00::206:6:6:6", "cpu_energy_mj":19, "lpm_energy_mj":0, "radio_tx_energy_mj":0, "radio_rx_energy_mj":9, "total_energy_mj":28, "node_time":109145, "total_sent":7, "total_received":6, "bytes_tx":60, "bytes_rx":12, "r2n_latency":2776, "lqi":100, "rssi":-86, "server_sent":6, "server_received":13, "server_bytes_rx":60, "n2r_latency":125, "hops":1, "rtt_latency":2578, "root_time_now":109270}
[Mote:19] Not reachable yet
[Mote:16] Not reachable yet
[Mote:11] Not reachable yet
[Mote:13] Sensor IPv6 = fe80::20d:d:d:d
[Mote:10] Sensor IPv6 = fe80::20a:a:a:a
[Mote:17] Not reachable yet
[Mote:3] Sensor IPv6 = fe80::203:3:3:3
[Mote:1] {"node":"fd00::20d:d:d:d", "cpu_energy_mj":18, "lpm_energy_mj":0, "radio_tx_energy_mj":1, "radio_rx_energy_mj":7, "total_energy_mj":26, "node_time":111730, "total_sent":9, "total_received":8, "bytes_tx":60, "bytes_rx":12, "r2n_latency":264, "lqi":100, "rssi":-68, "server_sent":8, "server_received":17, "server_bytes_rx":60, "n2r_latency":1810, "hops":1, "rtt_latency":1602, "root_time_now":113540}
[Mote:1] {"node":"fd00::20a:a:a:a", "cpu_energy_mj":18, "lpm_energy_mj":0, "radio_tx_energy_mj":0, "radio_rx_energy_mj":8, "total_energy_mj":26, "node_time":112216, "total_sent":3, "total_received":2, "bytes_tx":60, "bytes_rx":12, "r2n_latency":894, "lqi":100, "rssi":-91, "server_sent":2, "server_received":5, "server_bytes_rx":60, "n2r_latency":1394, "hops":2, "rtt_latency":1637, "root_time_now":113610}
[Mote:1] {"node":"fd00::203:3:3:3", "cpu_energy_mj":18, "lpm_energy_mj":0, "radio_tx_energy_mj":0, "radio_rx_energy_mj":8, "total_energy_mj":26, "node_time":113406, "total_sent":9, "total_received":8, "bytes_tx":60, "bytes_rx":12, "r2n_latency":754, "lqi":100, "rssi":-88, "server_sent":8, "server_received":17, "server_bytes_rx":60, "n2r_latency":1044, "hops":1, "rtt_latency":2127, "root_time_now":114450}
[Mote:8] Sensor IPv6 = fe80::208:8:8:8
[Mote:1] {"node":"fd00::208:8:8:8", "cpu_energy_mj":18, "lpm_energy_mj":0, "radio_tx_energy_mj":0, "radio_rx_energy_mj":8, "total_energy_mj":26, "node_time":114989, "total_sent":9, "total_received":8, "bytes_tx":60, "bytes_rx":12, "r2n_latency":894, "lqi":100, "rssi":-90, "server_sent":8, "server_received":17, "server_bytes_rx":60, "n2r_latency":21, "hops":0, "rtt_latency":1462, "root_time_now":115010}
[Mote:7] Sensor IPv6 = fe80::207:7:7:7
[Mote:1] {"node":"fd00::207:7:7:7", "cpu_energy_mj":18, "lpm_energy_mj":0, "radio_tx_energy_mj":0, "radio_rx_energy_mj":7, "total_energy_mj":25, "node_time":115241, "total_sent":8, "total_received":7, "bytes_tx":60, "bytes_rx":12, "r2n_latency":1034, "lqi":100, "rssi":-89, "server_sent":7, "server_received":15, "server_bytes_rx":60, "n2r_latency":49, "hops":0, "rtt_latency":1392, "root_time_now":115290}
[Mote:2] Sensor IPv6 = fe80::202:2:2:2
[Mote:15] Sensor IPv6 = fe80::20f:f:f:f
[Mote:1] {"node":"fd00::202:2:2:2", "cpu_energy_mj":18, "lpm_energy_mj":0, "radio_tx_energy_mj":0, "radio_rx_energy_mj":8, "total_energy_mj":26, "node_time":115680, "total_sent":10, "total_received":9, "bytes_tx":60, "bytes_rx":12, "r2n_latency":334, "lqi":100, "rssi":-83, "server_sent":9, "server_received":18, "server_bytes_rx":60, "n2r_latency":240, "hops":0, "rtt_latency":2092, "root_time_now":115920}
[Mote:18] Not reachable yet
[Mote:4] Not reachable yet
[Mote:9] Sensor IPv6 = fe80::209:9:9:9
[Mote:1] {"node":"fd00::209:9:9:9", "cpu_energy_mj":19, "lpm_energy_mj":0, "radio_tx_energy_mj":0, "radio_rx_energy_mj":8, "total_energy_mj":27, "node_time":116592, "total_sent":7, "total_received":6, "bytes_tx":60, "bytes_rx":12, "r2n_latency":1734, "lqi":100, "rssi":-91, "server_sent":6, "server_received":13, "server_bytes_rx":60, "n2r_latency":98, "hops":1, "rtt_latency":1497, "root_time_now":116690}
[Mote:14] Sensor IPv6 = fe80::20e:e:e:e
[Mote:1] {"node":"fd00::20e:e:e:e", "cpu_energy_mj":19, "lpm_energy_mj":0, "radio_tx_energy_mj":0, "radio_rx_energy_mj":8, "total_energy_mj":27, "node_time":118446, "total_sent":4, "total_received":3, "bytes_tx":60, "bytes_rx":12, "r2n_latency":5654, "lqi":100, "rssi":-86, "server_sent":3, "server_received":7, "server_bytes_rx":60, "n2r_latency":134, "hops":1, "rtt_latency":3037, "root_time_now":118580}
[Mote:5] Not reachable yet
[Mote:12] Sensor IPv6 = fe80::20c:c:c:c
[Mote:1] {"node":"fd00::20c:c:c:c", "cpu_energy_mj":19, "lpm_energy_mj":0, "radio_tx_energy_mj":0, "radio_rx_energy_mj":8, "total_energy_mj":27, "node_time":119362, "total_sent":10, "total_received":9, "bytes_tx":60, "bytes_rx":12, "r2n_latency":54, "lqi":100, "rssi":-87, "server_sent":9, "server_received":19, "server_bytes_rx":60, "n2r_latency":58, "hops":0, "rtt_latency":1532, "root_time_now":119420}
[Mote:6] Sensor IPv6 = fe80::206:6:6:6
[Mote:16] Not reachable yet
[Mote:19] Not reachable yet
[Mote:11] Not reachable yet
[Mote:13] Sensor IPv6 = fe80::20d:d:d:d
[Mote:10] Sensor IPv6 = fe80::20a:a:a:a
[Mote:17] Not reachable yet
[Mote:3] Sensor IPv6 = fe80::203:3:3:3
[Mote:1] {"node":"fd00::20d:d:d:d", "cpu_energy_mj":18, "lpm_energy_mj":0, "radio_tx_energy_mj":0, "radio_rx_energy_mj":8, "total_energy_mj":26, "node_time":121845, "total_sent":10, "total_received":8, "bytes_tx":60, "bytes_rx":12, "r2n_latency":264, "lqi":100, "rssi":-68, "server_sent":9, "server_received":18, "server_bytes_rx":60, "n2r_latency":2125, "hops":1, "rtt_latency":1602, "root_time_now":123970}
[Mote:1] {"node":"fd00::20a:a:a:a", "cpu_energy_mj":18, "lpm_energy_mj":0, "radio_tx_energy_mj":0, "radio_rx_energy_mj":8, "total_energy_mj":26, "node_time":122405, "total_sent":4, "total_received":2, "bytes_tx":60, "bytes_rx":12, "r2n_latency":894, "lqi":100, "rssi":-91, "server_sent":3, "server_received":6, "server_bytes_rx":60, "n2r_latency":1635, "hops":2, "rtt_latency":1637, "root_time_now":124040}
[Mote:8] Sensor IPv6 = fe80::208:8:8:8
[Mote:1] {"node":"fd00::208:8:8:8", "cpu_energy_mj":18, "lpm_energy_mj":0, "radio_tx_energy_mj":0, "radio_rx_energy_mj":8, "total_energy_mj":26, "node_time":125472, "total_sent":10, "total_received":9, "bytes_tx":60, "bytes_rx":12, "r2n_latency":414, "lqi":100, "rssi":-90, "server_sent":9, "server_received":19, "server_bytes_rx":60, "n2r_latency":38, "hops":0, "rtt_latency":1292, "root_time_now":125510}
[Mote:7] Sensor IPv6 = fe80::207:7:7:7
[Mote:1] {"node":"fd00::207:7:7:7", "cpu_energy_mj":18, "lpm_energy_mj":0, "radio_tx_energy_mj":0, "radio_rx_energy_mj":8, "total_energy_mj":26, "node_time":125719, "total_sent":9, "total_received":8, "bytes_tx":60, "bytes_rx":12, "r2n_latency":834, "lqi":100, "rssi":-89, "server_sent":8, "server_received":17, "server_bytes_rx":60, "n2r_latency":71, "hops":0, "rtt_latency":697, "root_time_now":125790}
[Mote:2] Sensor IPv6 = fe80::202:2:2:2
[Mote:15] Sensor IPv6 = fe80::20f:f:f:f
[Mote:18] Not reachable yet
[Mote:4] Not reachable yet
[Mote:1] {"node":"fd00::203:3:3:3", "cpu_energy_mj":18, "lpm_energy_mj":0, "radio_tx_energy_mj":0, "radio_rx_energy_mj":8, "total_energy_mj":26, "node_time":123670, "total_sent":10, "total_received":9, "bytes_tx":60, "bytes_rx":12, "r2n_latency":1814, "lqi":100, "rssi":-88, "server_sent":9, "server_received":19, "server_bytes_rx":60, "n2r_latency":3030, "hops":1, "rtt_latency":3322, "root_time_now":126700}
[Mote:1] {"node":"fd00::202:2:2:2", "cpu_energy_mj":18, "lpm_energy_mj":0, "radio_tx_energy_mj":0, "radio_rx_energy_mj":8, "total_energy_mj":26, "node_time":126211, "total_sent":11, "total_received":10, "bytes_tx":60, "bytes_rx":12, "r2n_latency":274, "lqi":100, "rssi":-83, "server_sent":10, "server_received":20, "server_bytes_rx":60, "n2r_latency":559, "hops":0, "rtt_latency":3287, "root_time_now":126770}
[Mote:1] {"node":"fd00::20f:f:f:f", "cpu_energy_mj":18, "lpm_energy_mj":0, "radio_tx_energy_mj":0, "radio_rx_energy_mj":8, "total_energy_mj":26, "node_time":126365, "total_sent":3, "total_received":2, "bytes_tx":60, "bytes_rx":12, "r2n_latency":3774, "lqi":100, "rssi":-91, "server_sent":2, "server_received":4, "server_bytes_rx":60, "n2r_latency":545, "hops":3, "rtt_latency":2237, "root_time_now":126910}
[Mote:9] Sensor IPv6 = fe80::209:9:9:9
[Mote:1] {"node":"fd00::209:9:9:9", "cpu_energy_mj":19, "lpm_energy_mj":0, "radio_tx_energy_mj":0, "radio_rx_energy_mj":8, "total_energy_mj":27, "node_time":127165, "total_sent":8, "total_received":7, "bytes_tx":60, "bytes_rx":12, "r2n_latency":624, "lqi":100, "rssi":-91, "server_sent":7, "server_received":15, "server_bytes_rx":60, "n2r_latency":305, "hops":1, "rtt_latency":2412, "root_time_now":127470}
[Mote:14] Sensor IPv6 = fe80::20e:e:e:e
[Mote:5] Not reachable yet
[Mote:12] Sensor IPv6 = fe80::20c:c:c:c
[Mote:16] Not reachable yet
[Mote:6] Sensor IPv6 = fe80::206:6:6:6
[Mote:11] Sensor IPv6 = fe80::20b:b:b:b
[Mote:19] Not reachable yet
[Mote:13] Sensor IPv6 = fe80::20d:d:d:d
[Mote:10] Sensor IPv6 = fe80::20a:a:a:a
[Mote:1] {"node":"fd00::206:6:6:6", "cpu_energy_mj":19, "lpm_energy_mj":0, "radio_tx_energy_mj":0, "radio_rx_energy_mj":8, "total_energy_mj":27, "node_time":131001, "total_sent":9, "total_received":8, "bytes_tx":60, "bytes_rx":12, "r2n_latency":2094, "lqi":100, "rssi":-86, "server_sent":9, "server_received":16, "server_bytes_rx":60, "n2r_latency":2069, "hops":1, "rtt_latency":3602, "root_time_now":133070}
[Mote:17] Not reachable yet
[Mote:1] {"node":"fd00::20b:b:b:b", "cpu_energy_mj":236, "lpm_energy_mj":0, "radio_tx_energy_mj":0, "radio_rx_energy_mj":1928, "total_energy_mj":2164, "node_time":131392, "total_sent":1, "total_received":0, "bytes_tx":60, "bytes_rx":0, "r2n_latency":0, "lqi":0, "rssi":0, "server_sent":0, "server_received":1, "server_bytes_rx":60, "n2r_latency":2448, "hops":2, "rtt_latency":0, "root_time_now":133840}
[Mote:3] Sensor IPv6 = fe80::203:3:3:3
[Mote:1] {"node":"fd00::20c:c:c:c", "cpu_energy_mj":19, "lpm_energy_mj":0, "radio_tx_energy_mj":0, "radio_rx_energy_mj":8, "total_energy_mj":27, "node_time":130193, "total_sent":11, "total_received":11, "bytes_tx":60, "bytes_rx":12, "r2n_latency":74, "lqi":100, "rssi":-87, "server_sent":11, "server_received":22, "server_bytes_rx":60, "n2r_latency":4767, "hops":0, "rtt_latency":2312, "root_time_now":134960}
[Mote:1] {"node":"fd00::20d:d:d:d", "cpu_energy_mj":18, "lpm_energy_mj":0, "radio_tx_energy_mj":0, "radio_rx_energy_mj":7, "total_energy_mj":25, "node_time":131954, "total_sent":11, "total_received":9, "bytes_tx":60, "bytes_rx":12, "r2n_latency":3004, "lqi":100, "rssi":-68, "server_sent":10, "server_received":20, "server_bytes_rx":60, "n2r_latency":3146, "hops":1, "rtt_latency":2062, "root_time_now":135100}
[Mote:1] {"node":"fd00::20a:a:a:a", "cpu_energy_mj":18, "lpm_energy_mj":0, "radio_tx_energy_mj":0, "radio_rx_energy_mj":8, "total_energy_mj":26, "node_time":132588, "total_sent":5, "total_received":3, "bytes_tx":60, "bytes_rx":12, "r2n_latency":3284, "lqi":100, "rssi":-91, "server_sent":4, "server_received":8, "server_bytes_rx":60, "n2r_latency":2582, "hops":2, "rtt_latency":2097, "root_time_now":135170}
[Mote:1] {"node":"fd00::203:3:3:3", "cpu_energy_mj":18, "lpm_energy_mj":0, "radio_tx_energy_mj":0, "radio_rx_energy_mj":8, "total_energy_mj":26, "node_time":133936, "total_sent":11, "total_received":10, "bytes_tx":60, "bytes_rx":12, "r2n_latency":1194, "lqi":100, "rssi":-88, "server_sent":10, "server_received":21, "server_bytes_rx":60, "n2r_latency":1654, "hops":1, "rtt_latency":2452, "root_time_now":135590}
[Mote:8] Sensor IPv6 = fe80::208:8:8:8
[Mote:1] {"node":"fd00::208:8:8:8", "cpu_energy_mj":18, "lpm_energy_mj":0, "radio_tx_energy_mj":0, "radio_rx_energy_mj":7, "total_energy_mj":25, "node_time":135953, "total_sent":11, "total_received":10, "bytes_tx":60, "bytes_rx":12, "r2n_latency":1334, "lqi":100, "rssi":-90, "server_sent":10, "server_received":21, "server_bytes_rx":60, "n2r_latency":57, "hops":0, "rtt_latency":1787, "root_time_now":136010}
[Mote:7] Sensor IPv6 = fe80::207:7:7:7
[Mote:1] {"node":"fd00::207:7:7:7", "cpu_energy_mj":18, "lpm_energy_mj":0, "radio_tx_energy_mj":0, "radio_rx_energy_mj":8, "total_energy_mj":26, "node_time":136193, "total_sent":10, "total_received":9, "bytes_tx":60, "bytes_rx":12, "r2n_latency":704, "lqi":100, "rssi":-89, "server_sent":9, "server_received":19, "server_bytes_rx":60, "n2r_latency":307, "hops":0, "rtt_latency":1752, "root_time_now":136500}
[Mote:2] Sensor IPv6 = fe80::202:2:2:2
[Mote:1] {"node":"fd00::202:2:2:2", "cpu_energy_mj":18, "lpm_energy_mj":0, "radio_tx_energy_mj":1, "radio_rx_energy_mj":7, "total_energy_mj":26, "node_time":136742, "total_sent":12, "total_received":11, "bytes_tx":60, "bytes_rx":12, "r2n_latency":214, "lqi":100, "rssi":-83, "server_sent":11, "server_received":22, "server_bytes_rx":60, "n2r_latency":38, "hops":0, "rtt_latency":1192, "root_time_now":136780}
[Mote:15] Sensor IPv6 = fe80::20f:f:f:f
[Mote:18] Not reachable yet
[Mote:1] {"node":"fd00::20f:f:f:f", "cpu_energy_mj":18, "lpm_energy_mj":0, "radio_tx_energy_mj":0, "radio_rx_energy_mj":8, "total_energy_mj":26, "node_time":136890, "total_sent":4, "total_received":3, "bytes_tx":60, "bytes_rx":12, "r2n_latency":4974, "lqi":100, "rssi":-56, "server_sent":3, "server_received":6, "server_bytes_rx":60, "n2r_latency":240, "hops":3, "rtt_latency":2942, "root_time_now":137130}
[Mote:4] Sensor IPv6 = fe80::204:4:4:4
[Mote:1] {"node":"fd00::204:4:4:4", "cpu_energy_mj":247, "lpm_energy_mj":0, "radio_tx_energy_mj":0, "radio_rx_energy_mj":2153, "total_energy_mj":2400, "node_time":137179, "total_sent":1, "total_received":0, "bytes_tx":60, "bytes_rx":0, "r2n_latency":0, "lqi":0, "rssi":0, "server_sent":0, "server_received":1, "server_bytes_rx":60, "n2r_latency":161, "hops":2, "rtt_latency":0, "root_time_now":137340}
[Mote:9] Sensor IPv6 = fe80::209:9:9:9
[Mote:1] {"node":"fd00::209:9:9:9", "cpu_energy_mj":19, "lpm_energy_mj":0, "radio_tx_energy_mj":0, "radio_rx_energy_mj":8, "total_energy_mj":27, "node_time":137732, "total_sent":9, "total_received":8, "bytes_tx":60, "bytes_rx":12, "r2n_latency":1684, "lqi":100, "rssi":-91, "server_sent":8, "server_received":17, "server_bytes_rx":60, "n2r_latency":98, "hops":1, "rtt_latency":1822, "root_time_now":137830}
[Mote:14] Sensor IPv6 = fe80::20e:e:e:e
[Mote:16] Not reachable yet
[Mote:5] Not reachable yet
[Mote:12] Sensor IPv6 = fe80::20c:c:c:c
[Mote:11] Sensor IPv6 = fe80::20b:b:b:b
[Mote:6] Sensor IPv6 = fe80::206:6:6:6
[Mote:13] Sensor IPv6 = fe80::20d:d:d:d
[Mote:19] Not reachable yet
[Mote:10] Sensor IPv6 = fe80::20a:a:a:a
[Mote:17] Not reachable yet
[Mote:1] {"node":"fd00::206:6:6:6", "cpu_energy_mj":19, "lpm_energy_mj":0, "radio_tx_energy_mj":0, "radio_rx_energy_mj":9, "total_energy_mj":28, "node_time":141930, "total_sent":10, "total_received":10, "bytes_tx":60, "bytes_rx":12, "r2n_latency":1624, "lqi":100, "rssi":-86, "server_sent":10, "server_received":19, "server_bytes_rx":60, "n2r_latency":2130, "hops":1, "rtt_latency":1757, "root_time_now":144060}
[Mote:3] Sensor IPv6 = fe80::203:3:3:3
[Mote:1] {"node":"fd00::20c:c:c:c", "cpu_energy_mj":19, "lpm_energy_mj":0, "radio_tx_energy_mj":1, "radio_rx_energy_mj":8, "total_energy_mj":28, "node_time":141025, "total_sent":12, "total_received":12, "bytes_tx":60, "bytes_rx":12, "r2n_latency":224, "lqi":100, "rssi":-87, "server_sent":12, "server_received":24, "server_bytes_rx":60, "n2r_latency":3525, "hops":0, "rtt_latency":2247, "root_time_now":144550}
[Mote:1] {"node":"fd00::20d:d:d:d", "cpu_energy_mj":18, "lpm_energy_mj":0, "radio_tx_energy_mj":0, "radio_rx_energy_mj":7, "total_energy_mj":25, "node_time":142068, "total_sent":12, "total_received":11, "bytes_tx":60, "bytes_rx":12, "r2n_latency":504, "lqi":100, "rssi":-68, "server_sent":11, "server_received":23, "server_bytes_rx":60, "n2r_latency":2972, "hops":1, "rtt_latency":2317, "root_time_now":145040}
[Mote:1] {"node":"fd00::20a:a:a:a", "cpu_energy_mj":18, "lpm_energy_mj":0, "radio_tx_energy_mj":0, "radio_rx_energy_mj":8, "total_energy_mj":26, "node_time":142777, "total_sent":6, "total_received":5, "bytes_tx":60, "bytes_rx":12, "r2n_latency":784, "lqi":100, "rssi":-91, "server_sent":5, "server_received":11, "server_bytes_rx":60, "n2r_latency":2543, "hops":2, "rtt_latency":2492, "root_time_now":145320}
[Mote:1] {"node":"fd00::203:3:3:3", "cpu_energy_mj":18, "lpm_energy_mj":0, "radio_tx_energy_mj":0, "radio_rx_energy_mj":8, "total_energy_mj":26, "node_time":144199, "total_sent":12, "total_received":11, "bytes_tx":60, "bytes_rx":12, "r2n_latency":1414, "lqi":100, "rssi":-88, "server_sent":11, "server_received":23, "server_bytes_rx":60, "n2r_latency":1261, "hops":1, "rtt_latency":1792, "root_time_now":145460}
[Mote:1] {"node":"fd00::20b:b:b:b", "cpu_energy_mj":18, "lpm_energy_mj":0, "radio_tx_energy_mj":0, "radio_rx_energy_mj":8, "total_energy_mj":26, "node_time":141513, "total_sent":2, "total_received":0, "bytes_tx":60, "bytes_rx":0, "r2n_latency":0, "lqi":0, "rssi":0, "server_sent":1, "server_received":2, "server_bytes_rx":60, "n2r_latency":4647, "hops":2, "rtt_latency":0, "root_time_now":146160}
[Mote:8] Sensor IPv6 = fe80::208:8:8:8
[Mote:1] {"node":"fd00::208:8:8:8", "cpu_energy_mj":18, "lpm_energy_mj":0, "radio_tx_energy_mj":0, "radio_rx_energy_mj":7, "total_energy_mj":25, "node_time":146439, "total_sent":12, "total_received":11, "bytes_tx":60, "bytes_rx":12, "r2n_latency":854, "lqi":100, "rssi":-90, "server_sent":11, "server_received":22, "server_bytes_rx":60, "n2r_latency":71, "hops":0, "rtt_latency":1787, "root_time_now":146510}
[Mote:7] Sensor IPv6 = fe80::207:7:7:7
[Mote:1] {"node":"fd00::207:7:7:7", "cpu_energy_mj":18, "lpm_energy_mj":0, "radio_tx_energy_mj":0, "radio_rx_energy_mj":8, "total_energy_mj":26, "node_time":146669, "total_sent":11, "total_received":10, "bytes_tx":60, "bytes_rx":12, "r2n_latency":1974, "lqi":100, "rssi":-89, "server_sent":10, "server_received":21, "server_bytes_rx":60, "n2r_latency":51, "hops":0, "rtt_latency":2422, "root_time_now":146720}
[Mote:2] Sensor IPv6 = fe80::202:2:2:2
[Mote:1] {"node":"fd00::202:2:2:2", "cpu_energy_mj":18, "lpm_energy_mj":0, "radio_tx_energy_mj":1, "radio_rx_energy_mj":7, "total_energy_mj":26, "node_time":147271, "total_sent":13, "total_received":12, "bytes_tx":60, "bytes_rx":12, "r2n_latency":84, "lqi":100, "rssi":-83, "server_sent":12, "server_received":24, "server_bytes_rx":60, "n2r_latency":9, "hops":0, "rtt_latency":1722, "root_time_now":147280}
[Mote:15] Sensor IPv6 = fe80::20f:f:f:f
[Mote:18] Not reachable yet
[Mote:1] {"node":"fd00::20f:f:f:f", "cpu_energy_mj":18, "lpm_energy_mj":0, "radio_tx_energy_mj":0, "radio_rx_energy_mj":8, "total_energy_mj":26, "node_time":147415, "total_sent":5, "total_received":4, "bytes_tx":60, "bytes_rx":12, "r2n_latency":1904, "lqi":100, "rssi":-89, "server_sent":4, "server_received":8, "server_bytes_rx":60, "n2r_latency":285, "hops":3, "rtt_latency":2632, "root_time_now":147700}
[Mote:4] Sensor IPv6 = fe80::204:4:4:4
[Mote:1] {"node":"fd00::204:4:4:4", "cpu_energy_mj":19, "lpm_energy_mj":0, "radio_tx_energy_mj":0, "radio_rx_energy_mj":8, "total_energy_mj":27, "node_time":147735, "total_sent":2, "total_received":1, "bytes_tx":60, "bytes_rx":12, "r2n_latency":2324, "lqi":100, "rssi":-88, "server_sent":1, "server_received":3, "server_bytes_rx":60, "n2r_latency":175, "hops":2, "rtt_latency":1827, "root_time_now":147910}
[Mote:9] Sensor IPv6 = fe80::209:9:9:9
[Mote:1] {"node":"fd00::209:9:9:9", "cpu_energy_mj":19, "lpm_energy_mj":0, "radio_tx_energy_mj":0, "radio_rx_energy_mj":8, "total_energy_mj":27, "node_time":148305, "total_sent":10, "total_received":9, "bytes_tx":60, "bytes_rx":12, "r2n_latency":2114, "lqi":100, "rssi":-91, "server_sent":9, "server_received":19, "server_bytes_rx":60, "n2r_latency":95, "hops":1, "rtt_latency":3122, "root_time_now":148400}
[Mote:16] Not reachable yet
[Mote:14] Sensor IPv6 = fe80::20e:e:e:e
[Mote:5] Not reachable yet
[Mote:11] Sensor IPv6 = fe80::20b:b:b:b
[Mote:12] Sensor IPv6 = fe80::20c:c:c:c
[Mote:13] Sensor IPv6 = fe80::20d:d:d:d
[Mote:1] {"node":"fd00::20b:b:b:b", "cpu_energy_mj":18, "lpm_energy_mj":0, "radio_tx_energy_mj":0, "radio_rx_energy_mj":8, "total_energy_mj":26, "node_time":151638, "total_sent":3, "total_received":1, "bytes_tx":60, "bytes_rx":12, "r2n_latency":2884, "lqi":100, "rssi":-43, "server_sent":2, "server_received":4, "server_bytes_rx":60, "n2r_latency":1172, "hops":2, "rtt_latency":3157, "root_time_now":152810}
[Mote:6] Sensor IPv6 = fe80::206:6:6:6
[Mote:10] Sensor IPv6 = fe80::20a:a:a:a
[Mote:19] Not reachable yet
[Mote:17] Not reachable yet
[Mote:3] Sensor IPv6 = fe80::203:3:3:3
[Mote:1] {"node":"fd00::203:3:3:3", "cpu_energy_mj":18, "lpm_energy_mj":0, "radio_tx_energy_mj":0, "radio_rx_energy_mj":8, "total_energy_mj":26, "node_time":154462, "total_sent":13, "total_received":12, "bytes_tx":60, "bytes_rx":12, "r2n_latency":584, "lqi":100, "rssi":-88, "server_sent":12, "server_received":25, "server_bytes_rx":60, "n2r_latency":448, "hops":1, "rtt_latency":1237, "root_time_now":154910}
[Mote:1] {"node":"fd00::20c:c:c:c", "cpu_energy_mj":19, "lpm_energy_mj":0, "radio_tx_energy_mj":0, "radio_rx_energy_mj":8, "total_energy_mj":27, "node_time":151859, "total_sent":13, "total_received":13, "bytes_tx":60, "bytes_rx":12, "r2n_latency":24, "lqi":100, "rssi":-87, "server_sent":13, "server_received":26, "server_bytes_rx":60, "n2r_latency":3821, "hops":0, "rtt_latency":2812, "root_time_now":155680}
[Mote:1] {"node":"fd00::206:6:6:6", "cpu_energy_mj":19, "lpm_energy_mj":0, "radio_tx_energy_mj":0, "radio_rx_energy_mj":9, "total_energy_mj":28, "node_time":152861, "total_sent":11, "total_received":10, "bytes_tx":60, "bytes_rx":12, "r2n_latency":1624, "lqi":100, "rssi":-86, "server_sent":11, "server_received":20, "server_bytes_rx":60, "n2r_latency":3099, "hops":1, "rtt_latency":1757, "root_time_now":155960}
[Mote:1] {"node":"fd00::20d:d:d:d", "cpu_energy_mj":18, "lpm_energy_mj":0, "radio_tx_energy_mj":0, "radio_rx_energy_mj":8, "total_energy_mj":26, "node_time":152180, "total_sent":13, "total_received":11, "bytes_tx":60, "bytes_rx":12, "r2n_latency":504, "lqi":100, "rssi":-68, "server_sent":12, "server_received":24, "server_bytes_rx":60, "n2r_latency":4060, "hops":1, "rtt_latency":2317, "root_time_now":156240}
[Mote:8] Sensor IPv6 = fe80::208:8:8:8
[Mote:1] {"node":"fd00::208:8:8:8", "cpu_energy_mj":18, "lpm_energy_mj":0, "radio_tx_energy_mj":0, "radio_rx_energy_mj":8, "total_energy_mj":26, "node_time":156921, "total_sent":13, "total_received":12, "bytes_tx":60, "bytes_rx":12, "r2n_latency":374, "lqi":100, "rssi":-90, "server_sent":12, "server_received":24, "server_bytes_rx":60, "n2r_latency":19, "hops":0, "rtt_latency":1342, "root_time_now":156940}
[Mote:7] Sensor IPv6 = fe80::207:7:7:7
[Mote:1] {"node":"fd00::20a:a:a:a", "cpu_energy_mj":18, "lpm_energy_mj":0, "radio_tx_energy_mj":0, "radio_rx_energy_mj":8, "total_energy_mj":26, "node_time":152964, "total_sent":7, "total_received":5, "bytes_tx":60, "bytes_rx":12, "r2n_latency":784, "lqi":100, "rssi":-91, "server_sent":6, "server_received":12, "server_bytes_rx":60, "n2r_latency":4186, "hops":2, "rtt_latency":2492, "root_time_now":157150}
[Mote:1] {"node":"fd00::207:7:7:7", "cpu_energy_mj":18, "lpm_energy_mj":0, "radio_tx_energy_mj":0, "radio_rx_energy_mj":8, "total_energy_mj":26, "node_time":157147, "total_sent":12, "total_received":11, "bytes_tx":60, "bytes_rx":12, "r2n_latency":864, "lqi":100, "rssi":-89, "server_sent":11, "server_received":23, "server_bytes_rx":60, "n2r_latency":73, "hops":0, "rtt_latency":502, "root_time_now":157220}
[Mote:2] Sensor IPv6 = fe80::202:2:2:2
[Mote:15] Sensor IPv6 = fe80::20f:f:f:f
[Mote:1] {"node":"fd00::202:2:2:2", "cpu_energy_mj":18, "lpm_energy_mj":0, "radio_tx_energy_mj":0, "radio_rx_energy_mj":8, "total_energy_mj":26, "node_time":157804, "total_sent":14, "total_received":13, "bytes_tx":60, "bytes_rx":12, "r2n_latency":164, "lqi":100, "rssi":-83, "server_sent":13, "server_received":26, "server_bytes_rx":60, "n2r_latency":256, "hops":0, "rtt_latency":852, "root_time_now":158060}
[Mote:18] Not reachable yet
[Mote:4] Sensor IPv6 = fe80::204:4:4:4
[Mote:1] {"node":"fd00::204:4:4:4", "cpu_energy_mj":19, "lpm_energy_mj":0, "radio_tx_energy_mj":0, "radio_rx_energy_mj":8, "total_energy_mj":27, "node_time":158291, "total_sent":3, "total_received":2, "bytes_tx":60, "bytes_rx":12, "r2n_latency":4084, "lqi":100, "rssi":-88, "server_sent":2, "server_received":5, "server_bytes_rx":60, "n2r_latency":399, "hops":2, "rtt_latency":2147, "root_time_now":158690}
[Mote:9] Sensor IPv6 = fe80::209:9:9:9
[Mote:1] {"node":"fd00::209:9:9:9", "cpu_energy_mj":19, "lpm_energy_mj":0, "radio_tx_energy_mj":0, "radio_rx_energy_mj":8, "total_energy_mj":27, "node_time":158876, "total_sent":11, "total_received":10, "bytes_tx":60, "bytes_rx":12, "r2n_latency":1354, "lqi":100, "rssi":-91, "server_sent":10, "server_received":21, "server_bytes_rx":60, "n2r_latency":94, "hops":1, "rtt_latency":1377, "root_time_now":158970}
[Mote:1] {"node":"fd00::20f:f:f:f", "cpu_energy_mj":18, "lpm_energy_mj":0, "radio_tx_energy_mj":0, "radio_rx_energy_mj":8, "total_energy_mj":26, "node_time":157942, "total_sent":6, "total_received":5, "bytes_tx":60, "bytes_rx":12, "r2n_latency":4504, "lqi":100, "rssi":-55, "server_sent":5, "server_received":10, "server_bytes_rx":60, "n2r_latency":1938, "hops":3, "rtt_latency":4667, "root_time_now":159880}
[Mote:16] Not reachable yet
[Mote:14] Sensor IPv6 = fe80::20e:e:e:e
[Mote:11] Sensor IPv6 = fe80::20b:b:b:b
[Mote:5] Not reachable yet
[Mote:13] Sensor IPv6 = fe80::20d:d:d:d
[Mote:12] Sensor IPv6 = fe80::20c:c:c:c
[Mote:10] Sensor IPv6 = fe80::20a:a:a:a
[Mote:6] Sensor IPv6 = fe80::206:6:6:6
[Mote:1] {"node":"fd00::206:6:6:6", "cpu_energy_mj":19, "lpm_energy_mj":0, "radio_tx_energy_mj":1, "radio_rx_energy_mj":8, "total_energy_mj":28, "node_time":163788, "total_sent":12, "total_received":12, "bytes_tx":60, "bytes_rx":12, "r2n_latency":2204, "lqi":100, "rssi":-86, "server_sent":12, "server_received":23, "server_bytes_rx":60, "n2r_latency":82, "hops":1, "rtt_latency":1767, "root_time_now":163870}
[Mote:17] Not reachable yet
[Mote:1] {"node":"fd00::20b:b:b:b", "cpu_energy_mj":18, "lpm_energy_mj":0, "radio_tx_energy_mj":0, "radio_rx_energy_mj":8, "total_energy_mj":26, "node_time":161761, "total_sent":4, "total_received":2, "bytes_tx":60, "bytes_rx":12, "r2n_latency":4224, "lqi":100, "rssi":-43, "server_sent":3, "server_received":6, "server_bytes_rx":60, "n2r_latency":2389, "hops":2, "rtt_latency":2217, "root_time_now":164150}
[Mote:19] Not reachable yet
[Mote:3] Sensor IPv6 = fe80::203:3:3:3
[Mote:1] {"node":"fd00::20c:c:c:c", "cpu_energy_mj":19, "lpm_energy_mj":0, "radio_tx_energy_mj":1, "radio_rx_energy_mj":8, "total_energy_mj":28, "node_time":162692, "total_sent":14, "total_received":14, "bytes_tx":60, "bytes_rx":12, "r2n_latency":34, "lqi":100, "rssi":-87, "server_sent":14, "server_received":28, "server_bytes_rx":60, "n2r_latency":3348, "hops":0, "rtt_latency":2992, "root_time_now":166040}
[Mote:1] {"node":"fd00::20d:d:d:d", "cpu_energy_mj":18, "lpm_energy_mj":0, "radio_tx_energy_mj":0, "radio_rx_energy_mj":7, "total_energy_mj":25, "node_time":162293, "total_sent":14, "total_received":12, "bytes_tx":60, "bytes_rx":12, "r2n_latency":3454, "lqi":100, "rssi":-68, "server_sent":13, "server_received":26, "server_bytes_rx":60, "n2r_latency":3817, "hops":1, "rtt_latency":3162, "root_time_now":166110}
[Mote:8] Sensor IPv6 = fe80::208:8:8:8
[Mote:1] {"node":"fd00::20a:a:a:a", "cpu_energy_mj":18, "lpm_energy_mj":0, "radio_tx_energy_mj":0, "radio_rx_energy_mj":7, "total_energy_mj":25, "node_time":163149, "total_sent":8, "total_received":6, "bytes_tx":60, "bytes_rx":12, "r2n_latency":4084, "lqi":100, "rssi":-91, "server_sent":7, "server_received":14, "server_bytes_rx":60, "n2r_latency":4361, "hops":2, "rtt_latency":4562, "root_time_now":167510}
[Mote:7] Sensor IPv6 = fe80::207:7:7:7
[Mote:1] {"node":"fd00::207:7:7:7", "cpu_energy_mj":18, "lpm_energy_mj":0, "radio_tx_energy_mj":0, "radio_rx_energy_mj":8, "total_energy_mj":26, "node_time":167621, "total_sent":13, "total_received":12, "bytes_tx":60, "bytes_rx":12, "r2n_latency":594, "lqi":100, "rssi":-89, "server_sent":12, "server_received":25, "server_bytes_rx":60, "n2r_latency":29, "hops":0, "rtt_latency":752, "root_time_now":167650}
[Mote:1] {"node":"fd00::203:3:3:3", "cpu_energy_mj":18, "lpm_energy_mj":0, "radio_tx_energy_mj":0, "radio_rx_energy_mj":8, "total_energy_mj":26, "node_time":164725, "total_sent":14, "total_received":13, "bytes_tx":60, "bytes_rx":12, "r2n_latency":1084, "lqi":100, "rssi":-88, "server_sent":13, "server_received":27, "server_bytes_rx":60, "n2r_latency":3205, "hops":1, "rtt_latency":2642, "root_time_now":167930}
[Mote:2] Sensor IPv6 = fe80::202:2:2:2
[Mote:1] {"node":"fd00::202:2:2:2", "cpu_energy_mj":18, "lpm_energy_mj":0, "radio_tx_energy_mj":1, "radio_rx_energy_mj":8, "total_energy_mj":27, "node_time":168333, "total_sent":15, "total_received":14, "bytes_tx":60, "bytes_rx":12, "r2n_latency":244, "lqi":100, "rssi":-83, "server_sent":14, "server_received":28, "server_bytes_rx":60, "n2r_latency":17, "hops":0, "rtt_latency":997, "root_time_now":168350}
[Mote:15] Sensor IPv6 = fe80::20f:f:f:f
[Mote:18] Not reachable yet
[Mote:4] Sensor IPv6 = fe80::204:4:4:4
[Mote:9] Sensor IPv6 = fe80::209:9:9:9
[Mote:1] {"node":"fd00::20f:f:f:f", "cpu_energy_mj":18, "lpm_energy_mj":0, "radio_tx_energy_mj":0, "radio_rx_energy_mj":8, "total_energy_mj":26, "node_time":168463, "total_sent":7, "total_received":5, "bytes_tx":60, "bytes_rx":12, "r2n_latency":4504, "lqi":100, "rssi":-55, "server_sent":6, "server_received":11, "server_bytes_rx":60, "n2r_latency":1217, "hops":3, "rtt_latency":4667, "root_time_now":169680}
[Mote:1] {"node":"fd00::204:4:4:4", "cpu_energy_mj":19, "lpm_energy_mj":0, "radio_tx_energy_mj":0, "radio_rx_energy_mj":8, "total_energy_mj":27, "node_time":168849, "total_sent":4, "total_received":3, "bytes_tx":60, "bytes_rx":12, "r2n_latency":2904, "lqi":100, "rssi":-88, "server_sent":3, "server_received":7, "server_bytes_rx":60, "n2r_latency":1111, "hops":2, "rtt_latency":2887, "root_time_now":169960}
[Mote:16] Not reachable yet
[Mote:11] Sensor IPv6 = fe80::20b:b:b:b
[Mote:14] Sensor IPv6 = fe80::20e:e:e:e
[Mote:13] Sensor IPv6 = fe80::20d:d:d:d
[Mote:5] Not reachable yet
[Mote:1] {"node":"fd00::20d:d:d:d", "cpu_energy_mj":18, "lpm_energy_mj":0, "radio_tx_energy_mj":1, "radio_rx_energy_mj":7, "total_energy_mj":26, "node_time":172409, "total_sent":15, "total_received":14, "bytes_tx":60, "bytes_rx":12, "r2n_latency":957, "lqi":100, "rssi":-68, "server_sent":14, "server_received":29, "server_bytes_rx":60, "n2r_latency":631, "hops":1, "rtt_latency":1423, "root_time_now":173040}
[Mote:1] {"node":"fd00::20e:e:e:e", "cpu_energy_mj":19, "lpm_energy_mj":0, "radio_tx_energy_mj":0, "radio_rx_energy_mj":8, "total_energy_mj":27, "node_time":161500, "total_sent":8, "total_received":5, "bytes_tx":60, "bytes_rx":12, "r2n_latency":5416, "lqi":100, "rssi":-92, "server_sent":9, "server_received":10, "server_bytes_rx":60, "n2r_latency":11820, "hops":2, "rtt_latency":11632, "root_time_now":173320}
[Mote:10] Sensor IPv6 = fe80::20a:a:a:a
[Mote:1] {"node":"fd00::208:8:8:8", "cpu_energy_mj":18, "lpm_energy_mj":0, "radio_tx_energy_mj":0, "radio_rx_energy_mj":8, "total_energy_mj":26, "node_time":167404, "total_sent":14, "total_received":13, "bytes_tx":60, "bytes_rx":12, "r2n_latency":384, "lqi":100, "rssi":-90, "server_sent":14, "server_received":26, "server_bytes_rx":60, "n2r_latency":5986, "hops":0, "rtt_latency":2012, "root_time_now":173390}
[Mote:12] Sensor IPv6 = fe80::20c:c:c:c
[Mote:1] {"node":"fd00::20c:c:c:c", "cpu_energy_mj":19, "lpm_energy_mj":0, "radio_tx_energy_mj":1, "radio_rx_energy_mj":7, "total_energy_mj":27, "node_time":173523, "total_sent":15, "total_received":15, "bytes_tx":60, "bytes_rx":12, "r2n_latency":47, "lqi":100, "rssi":-87, "server_sent":15, "server_received":30, "server_bytes_rx":60, "n2r_latency":77, "hops":0, "rtt_latency":1388, "root_time_now":173600}
[Mote:17] Not reachable yet
[Mote:1] {"node":"fd00::209:9:9:9", "cpu_energy_mj":19, "lpm_energy_mj":0, "radio_tx_energy_mj":1, "radio_rx_energy_mj":7, "total_energy_mj":27, "node_time":169447, "total_sent":12, "total_received":11, "bytes_tx":60, "bytes_rx":12, "r2n_latency":804, "lqi":100, "rssi":-91, "server_sent":12, "server_received":23, "server_bytes_rx":60, "n2r_latency":4923, "hops":1, "rtt_latency":2047, "root_time_now":174370}
[Mote:6] Sensor IPv6 = fe80::206:6:6:6
[Mote:1] {"node":"fd00::20a:a:a:a", "cpu_energy_mj":18, "lpm_energy_mj":0, "radio_tx_energy_mj":0, "radio_rx_energy_mj":8, "total_energy_mj":26, "node_time":173337, "total_sent":9, "total_received":8, "bytes_tx":60, "bytes_rx":12, "r2n_latency":1657, "lqi":100, "rssi":-91, "server_sent":8, "server_received":17, "server_bytes_rx":60, "n2r_latency":1453, "hops":2, "rtt_latency":1458, "root_time_now":174790}
[Mote:3] Sensor IPv6 = fe80::203:3:3:3
[Mote:19] Not reachable yet
[Mote:1] {"node":"fd00::206:6:6:6", "cpu_energy_mj":19, "lpm_energy_mj":0, "radio_tx_energy_mj":0, "radio_rx_energy_mj":9, "total_energy_mj":28, "node_time":174719, "total_sent":13, "total_received":13, "bytes_tx":60, "bytes_rx":12, "r2n_latency":677, "lqi":100, "rssi":-86, "server_sent":13, "server_received":25, "server_bytes_rx":60, "n2r_latency":631, "hops":1, "rtt_latency":2648, "root_time_now":175350}
[Mote:1] {"node":"fd00::203:3:3:3", "cpu_energy_mj":18, "lpm_energy_mj":0, "radio_tx_energy_mj":0, "radio_rx_energy_mj":8, "total_energy_mj":26, "node_time":174990, "total_sent":15, "total_received":14, "bytes_tx":60, "bytes_rx":12, "r2n_latency":397, "lqi":100, "rssi":-88, "server_sent":14, "server_received":29, "server_bytes_rx":60, "n2r_latency":430, "hops":1, "rtt_latency":2053, "root_time_now":175420}
[Mote:8] Sensor IPv6 = fe80::208:8:8:8
[Mote:7] Sensor IPv6 = fe80::207:7:7:7
[Mote:1] {"node":"fd00::207:7:7:7", "cpu_energy_mj":18, "lpm_energy_mj":0, "radio_tx_energy_mj":0, "radio_rx_energy_mj":8, "total_energy_mj":26, "node_time":178097, "total_sent":14, "total_received":13, "bytes_tx":60, "bytes_rx":12, "r2n_latency":1727, "lqi":100, "rssi":-89, "server_sent":13, "server_received":27, "server_bytes_rx":60, "n2r_latency":263, "hops":0, "rtt_latency":933, "root_time_now":178360}
[Mote:1] {"node":"fd00::20b:b:b:b", "cpu_energy_mj":18, "lpm_energy_mj":0, "radio_tx_energy_mj":0, "radio_rx_energy_mj":8, "total_energy_mj":26, "node_time":171886, "total_sent":5, "total_received":3, "bytes_tx":60, "bytes_rx":12, "r2n_latency":4584, "lqi":100, "rssi":-43, "server_sent":4, "server_received":8, "server_bytes_rx":60, "n2r_latency":6544, "hops":2, "rtt_latency":3657, "root_time_now":178430}
[Mote:2] Sensor IPv6 = fe80::202:2:2:2
[Mote:15] Sensor IPv6 = fe80::20f:f:f:f
[Mote:1] {"node":"fd00::202:2:2:2", "cpu_energy_mj":18, "lpm_energy_mj":0, "radio_tx_energy_mj":0, "radio_rx_energy_mj":8, "total_energy_mj":26, "node_time":178864, "total_sent":16, "total_received":15, "bytes_tx":60, "bytes_rx":12, "r2n_latency":187, "lqi":100, "rssi":-83, "server_sent":15, "server_received":30, "server_bytes_rx":60, "n2r_latency":126, "hops":0, "rtt_latency":1878, "root_time_now":178990}
[Mote:1] {"node":"fd00::208:8:8:8", "cpu_energy_mj":18, "lpm_energy_mj":0, "radio_tx_energy_mj":1, "radio_rx_energy_mj":7, "total_energy_mj":26, "node_time":177885, "total_sent":15, "total_received":14, "bytes_tx":60, "bytes_rx":12, "r2n_latency":537, "lqi":100, "rssi":-90, "server_sent":14, "server_received":28, "server_bytes_rx":60, "n2r_latency":1175, "hops":0, "rtt_latency":2543, "root_time_now":179060}
[Mote:18] Not reachable yet
[Mote:4] Sensor IPv6 = fe80::204:4:4:4
[Mote:1] {"node":"fd00::20f:f:f:f", "cpu_energy_mj":18, "lpm_energy_mj":0, "radio_tx_energy_mj":0, "radio_rx_energy_mj":8, "total_energy_mj":26, "node_time":178990, "total_sent":8, "total_received":7, "bytes_tx":60, "bytes_rx":12, "r2n_latency":2217, "lqi":100, "rssi":-56, "server_sent":7, "server_received":14, "server_bytes_rx":60, "n2r_latency":420, "hops":3, "rtt_latency":1983, "root_time_now":179410}
[Mote:9] Sensor IPv6 = fe80::209:9:9:9
[Mote:16] Not reachable yet
[Mote:11] Sensor IPv6 = fe80::20b:b:b:b
[Mote:1] {"node":"fd00::209:9:9:9", "cpu_energy_mj":19, "lpm_energy_mj":0, "radio_tx_energy_mj":1, "radio_rx_energy_mj":8, "total_energy_mj":28, "node_time":180020, "total_sent":13, "total_received":12, "bytes_tx":60, "bytes_rx":12, "r2n_latency":817, "lqi":100, "rssi":-91, "server_sent":13, "server_received":25, "server_bytes_rx":60, "n2r_latency":2260, "hops":1, "rtt_latency":4048, "root_time_now":182280}
[Mote:13] Sensor IPv6 = fe80::20d:d:d:d
[Mote:14] Sensor IPv6 = fe80::20e:e:e:e
[Mote:10] Sensor IPv6 = fe80::20a:a:a:a
[Mote:5] Not reachable yet
[Mote:1] {"node":"fd00::20b:b:b:b", "cpu_energy_mj":18, "lpm_energy_mj":0, "radio_tx_energy_mj":0, "radio_rx_energy_mj":8, "total_energy_mj":26, "node_time":182007, "total_sent":6, "total_received":4, "bytes_tx":60, "bytes_rx":12, "r2n_latency":2147, "lqi":100, "rssi":-43, "server_sent":5, "server_received":10, "server_bytes_rx":60, "n2r_latency":2233, "hops":2, "rtt_latency":4258, "root_time_now":184240}
[Mote:12] Sensor IPv6 = fe80::20c:c:c:c
[Mote:17] Not reachable yet
[Mote:1] {"node":"fd00::20e:e:e:e", "cpu_energy_mj":19, "lpm_energy_mj":0, "radio_tx_energy_mj":0, "radio_rx_energy_mj":9, "total_energy_mj":28, "node_time":183023, "total_sent":10, "total_received":7, "bytes_tx":60, "bytes_rx":12, "r2n_latency":1799, "lqi":100, "rssi":-83, "server_sent":10, "server_received":12, "server_bytes_rx":60, "n2r_latency":1707, "hops":2, "rtt_latency":7157, "root_time_now":184730}
[Mote:1] {"node":"fd00::20d:d:d:d", "cpu_energy_mj":18, "lpm_energy_mj":0, "radio_tx_energy_mj":0, "radio_rx_energy_mj":7, "total_energy_mj":25, "node_time":182521, "total_sent":16, "total_received":15, "bytes_tx":60, "bytes_rx":12, "r2n_latency":544, "lqi":100, "rssi":-68, "server_sent":15, "server_received":31, "server_bytes_rx":60, "n2r_latency":2559, "hops":1, "rtt_latency":2442, "root_time_now":185080}
[Mote:1] {"node":"fd00::20a:a:a:a", "cpu_energy_mj":18, "lpm_energy_mj":0, "radio_tx_energy_mj":0, "radio_rx_energy_mj":8, "total_energy_mj":26, "node_time":183525, "total_sent":10, "total_received":9, "bytes_tx":60, "bytes_rx":12, "r2n_latency":1104, "lqi":100, "rssi":-91, "server_sent":9, "server_received":19, "server_bytes_rx":60, "n2r_latency":1625, "hops":2, "rtt_latency":2477, "root_time_now":185150}
[Mote:3] Sensor IPv6 = fe80::203:3:3:3
[Mote:6] Sensor IPv6 = fe80::206:6:6:6
[Mote:19] Not reachable yet
[Mote:1] {"node":"fd00::20c:c:c:c", "cpu_energy_mj":19, "lpm_energy_mj":0, "radio_tx_energy_mj":0, "radio_rx_energy_mj":8, "total_energy_mj":27, "node_time":184357, "total_sent":16, "total_received":16, "bytes_tx":60, "bytes_rx":12, "r2n_latency":54, "lqi":100, "rssi":-87, "server_sent":16, "server_received":32, "server_bytes_rx":60, "n2r_latency":2403, "hops":0, "rtt_latency":2407, "root_time_now":186760}
[Mote:1] {"node":"fd00::203:3:3:3", "cpu_energy_mj":18, "lpm_energy_mj":0, "radio_tx_energy_mj":0, "radio_rx_energy_mj":8, "total_energy_mj":26, "node_time":185254, "total_sent":16, "total_received":15, "bytes_tx":60, "bytes_rx":12, "r2n_latency":334, "lqi":100, "rssi":-88, "server_sent":15, "server_received":31, "server_bytes_rx":60, "n2r_latency":1786, "hops":1, "rtt_latency":3457, "root_time_now":187040}
[Mote:1] {"node":"fd00::206:6:6:6", "cpu_energy_mj":19, "lpm_energy_mj":0, "radio_tx_energy_mj":0, "radio_rx_energy_mj":9, "total_energy_mj":28, "node_time":185646, "total_sent":14, "total_received":14, "bytes_tx":60, "bytes_rx":12, "r2n_latency":824, "lqi":100, "rssi":-86, "server_sent":14, "server_received":27, "server_bytes_rx":60, "n2r_latency":1464, "hops":1, "rtt_latency":3422, "root_time_now":187110}
[Mote:8] Sensor IPv6 = fe80::208:8:8:8
[Mote:1] {"node":"fd00::208:8:8:8", "cpu_energy_mj":18, "lpm_energy_mj":0, "radio_tx_energy_mj":1, "radio_rx_energy_mj":7, "total_energy_mj":26, "node_time":188370, "total_sent":16, "total_received":15, "bytes_tx":60, "bytes_rx":12, "r2n_latency":2994, "lqi":100, "rssi":-90, "server_sent":15, "server_received":30, "server_bytes_rx":60, "n2r_latency":70, "hops":0, "rtt_latency":1672, "root_time_now":188440}
[Mote:7] Sensor IPv6 = fe80::207:7:7:7
[Mote:1] {"node":"fd00::207:7:7:7", "cpu_energy_mj":18, "lpm_energy_mj":0, "radio_tx_energy_mj":0, "radio_rx_energy_mj":8, "total_energy_mj":26, "node_time":188573, "total_sent":15, "total_received":14, "bytes_tx":60, "bytes_rx":12, "r2n_latency":1104, "lqi":100, "rssi":-89, "server_sent":14, "server_received":29, "server_bytes_rx":60, "n2r_latency":637, "hops":0, "rtt_latency":1217, "root_time_now":189210}
[Mote:2] Sensor IPv6 = fe80::202:2:2:2
[Mote:1] {"node":"fd00::202:2:2:2", "cpu_energy_mj":18, "lpm_energy_mj":0, "radio_tx_energy_mj":1, "radio_rx_energy_mj":7, "total_energy_mj":26, "node_time":189395, "total_sent":17, "total_received":16, "bytes_tx":60, "bytes_rx":12, "r2n_latency":194, "lqi":100, "rssi":-83, "server_sent":16, "server_received":32, "server_bytes_rx":60, "n2r_latency":25, "hops":0, "rtt_latency":3282, "root_time_now":189420}
[Mote:15] Sensor IPv6 = fe80::20f:f:f:f
[Mote:1] {"node":"fd00::20f:f:f:f", "cpu_energy_mj":18, "lpm_energy_mj":0, "radio_tx_energy_mj":0, "radio_rx_energy_mj":8, "total_energy_mj":26, "node_time":189517, "total_sent":9, "total_received":8, "bytes_tx":60, "bytes_rx":12, "r2n_latency":2014, "lqi":100, "rssi":-56, "server_sent":8, "server_received":16, "server_bytes_rx":60, "n2r_latency":253, "hops":3, "rtt_latency":2512, "root_time_now":189770}
[Mote:18] Not reachable yet
[Mote:4] Sensor IPv6 = fe80::204:4:4:4
[Mote:9] Sensor IPv6 = fe80::209:9:9:9
[Mote:16] Not reachable yet
[Mote:11] Sensor IPv6 = fe80::20b:b:b:b
[Mote:13] Sensor IPv6 = fe80::20d:d:d:d
[Mote:10] Sensor IPv6 = fe80::20a:a:a:a
[Mote:1] {"node":"fd00::204:4:4:4", "cpu_energy_mj":19, "lpm_energy_mj":0, "radio_tx_energy_mj":0, "radio_rx_energy_mj":8, "total_energy_mj":27, "node_time":189961, "total_sent":6, "total_received":5, "bytes_tx":60, "bytes_rx":12, "r2n_latency":1734, "lqi":100, "rssi":-88, "server_sent":6, "server_received":10, "server_bytes_rx":60, "n2r_latency":3799, "hops":2, "rtt_latency":3492, "root_time_now":193760}
[Mote:14] Sensor IPv6 = fe80::20e:e:e:e
[Mote:5] Not reachable yet
[Mote:17] Not reachable yet
[Mote:1] {"node":"fd00::209:9:9:9", "cpu_energy_mj":19, "lpm_energy_mj":0, "radio_tx_energy_mj":1, "radio_rx_energy_mj":7, "total_energy_mj":27, "node_time":190589, "total_sent":14, "total_received":13, "bytes_tx":60, "bytes_rx":12, "r2n_latency":7824, "lqi":100, "rssi":-91, "server_sent":14, "server_received":27, "server_bytes_rx":60, "n2r_latency":4221, "hops":1, "rtt_latency":4192, "root_time_now":194810}
[Mote:12] Sensor IPv6 = fe80::20c:c:c:c
[Mote:3] Sensor IPv6 = fe80::203:3:3:3
[Mote:1] {"node":"fd00::20d:d:d:d", "cpu_energy_mj":18, "lpm_energy_mj":0, "radio_tx_energy_mj":0, "radio_rx_energy_mj":8, "total_energy_mj":26, "node_time":192634, "total_sent":17, "total_received":16, "bytes_tx":60, "bytes_rx":12, "r2n_latency":344, "lqi":100, "rssi":-68, "server_sent":16, "server_received":33, "server_bytes_rx":60, "n2r_latency":3296, "hops":1, "rtt_latency":2832, "root_time_now":195930}
[Mote:1] {"node":"fd00::20a:a:a:a", "cpu_energy_mj":18, "lpm_energy_mj":0, "radio_tx_energy_mj":0, "radio_rx_energy_mj":8, "total_energy_mj":26, "node_time":193714, "total_sent":11, "total_received":10, "bytes_tx":60, "bytes_rx":12, "r2n_latency":904, "lqi":100, "rssi":-91, "server_sent":10, "server_received":21, "server_bytes_rx":60, "n2r_latency":2286, "hops":2, "rtt_latency":2867, "root_time_now":196000}
[Mote:1] {"node":"fd00::20c:c:c:c", "cpu_energy_mj":19, "lpm_energy_mj":0, "radio_tx_energy_mj":1, "radio_rx_energy_mj":8, "total_energy_mj":28, "node_time":195190, "total_sent":17, "total_received":17, "bytes_tx":60, "bytes_rx":12, "r2n_latency":64, "lqi":100, "rssi":-87, "server_sent":17, "server_received":34, "server_bytes_rx":60, "n2r_latency":880, "hops":0, "rtt_latency":1817, "root_time_now":196070}
[Mote:1] {"node":"fd00::203:3:3:3", "cpu_energy_mj":18, "lpm_energy_mj":0, "radio_tx_energy_mj":0, "radio_rx_energy_mj":8, "total_energy_mj":26, "node_time":195517, "total_sent":17, "total_received":16, "bytes_tx":60, "bytes_rx":12, "r2n_latency":624, "lqi":100, "rssi":-88, "server_sent":16, "server_received":33, "server_bytes_rx":60, "n2r_latency":623, "hops":1, "rtt_latency":2062, "root_time_now":196140}
[Mote:6] Sensor IPv6 = fe80::206:6:6:6
[Mote:1] {"node":"fd00::206:6:6:6", "cpu_energy_mj":19, "lpm_energy_mj":0, "radio_tx_energy_mj":0, "radio_rx_energy_mj":9, "total_energy_mj":28, "node_time":196575, "total_sent":15, "total_received":15, "bytes_tx":60, "bytes_rx":12, "r2n_latency":2374, "lqi":100, "rssi":-86, "server_sent":15, "server_received":29, "server_bytes_rx":60, "n2r_latency":125, "hops":1, "rtt_latency":1607, "root_time_now":196700}
[Mote:19] Not reachable yet
[Mote:8] Sensor IPv6 = fe80::208:8:8:8
[Mote:1] {"node":"fd00::208:8:8:8", "cpu_energy_mj":18, "lpm_energy_mj":0, "radio_tx_energy_mj":0, "radio_rx_energy_mj":8, "total_energy_mj":26, "node_time":198853, "total_sent":17, "total_received":16, "bytes_tx":60, "bytes_rx":12, "r2n_latency":974, "lqi":100, "rssi":-90, "server_sent":16, "server_received":32, "server_bytes_rx":60, "n2r_latency":17, "hops":0, "rtt_latency":977, "root_time_now":198870}
[Mote:7] Sensor IPv6 = fe80::207:7:7:7
[Mote:1] {"node":"fd00::207:7:7:7", "cpu_energy_mj":18, "lpm_energy_mj":0, "radio_tx_energy_mj":0, "radio_rx_energy_mj":8, "total_energy_mj":26, "node_time":199049, "total_sent":16, "total_received":15, "bytes_tx":60, "bytes_rx":12, "r2n_latency":1604, "lqi":100, "rssi":-89, "server_sent":15, "server_received":31, "server_bytes_rx":60, "n2r_latency":31, "hops":0, "rtt_latency":942, "root_time_now":199080}
[Mote:2] Sensor IPv6 = fe80::202:2:2:2
[Mote:1] {"node":"fd00::202:2:2:2", "cpu_energy_mj":18, "lpm_energy_mj":0, "radio_tx_energy_mj":1, "radio_rx_energy_mj":8, "total_energy_mj":27, "node_time":199930, "total_sent":18, "total_received":17, "bytes_tx":60, "bytes_rx":12, "r2n_latency":414, "lqi":100, "rssi":-83, "server_sent":18, "server_received":34, "server_bytes_rx":60, "n2r_latency":74, "hops":0, "rtt_latency":1012, "root_time_now":200004}
[Mote:15] Sensor IPv6 = fe80::20f:f:f:f
[Mote:18] Not reachable yet
[Mote:4] Sensor IPv6 = fe80::204:4:4:4
[Mote:16] Not reachable yet
[Mote:9] Sensor IPv6 = fe80::209:9:9:9
[Mote:11] Sensor IPv6 = fe80::20b:b:b:b
[Mote:13] Sensor IPv6 = fe80::20d:d:d:d
[Mote:1] {"node":"fd00::20b:b:b:b", "cpu_energy_mj":18, "lpm_energy_mj":0, "radio_tx_energy_mj":0, "radio_rx_energy_mj":8, "total_energy_mj":26, "node_time":192130, "total_sent":7, "total_received":5, "bytes_tx":60, "bytes_rx":12, "r2n_latency":9084, "lqi":100, "rssi":-43, "server_sent":7, "server_received":12, "server_bytes_rx":60, "n2r_latency":11710, "hops":2, "rtt_latency":4647, "root_time_now":203840}
[Mote:10] Sensor IPv6 = fe80::20a:a:a:a
[Mote:14] Sensor IPv6 = fe80::20e:e:e:e
[Mote:17] Not reachable yet
[Mote:1] {"node":"fd00::20e:e:e:e", "cpu_energy_mj":19, "lpm_energy_mj":0, "radio_tx_energy_mj":0, "radio_rx_energy_mj":8, "total_energy_mj":27, "node_time":193787, "total_sent":11, "total_received":9, "bytes_tx":60, "bytes_rx":12, "r2n_latency":1604, "lqi":100, "rssi":-36, "server_sent":12, "server_received":15, "server_bytes_rx":60, "n2r_latency":11103, "hops":2, "rtt_latency":4932, "root_time_now":204890}
[Mote:5] Sensor IPv6 = fe80::205:5:5:5
[Mote:1] {"node":"fd00::209:9:9:9", "cpu_energy_mj":19, "lpm_energy_mj":0, "radio_tx_energy_mj":1, "radio_rx_energy_mj":7, "total_energy_mj":27, "node_time":201158, "total_sent":15, "total_received":14, "bytes_tx":60, "bytes_rx":12, "r2n_latency":1394, "lqi":100, "rssi":-91, "server_sent":15, "server_received":29, "server_bytes_rx":60, "n2r_latency":4362, "hops":1, "rtt_latency":2517, "root_time_now":205520}
[Mote:1] {"node":"fd00::204:4:4:4", "cpu_energy_mj":19, "lpm_energy_mj":0, "radio_tx_energy_mj":0, "radio_rx_energy_mj":9, "total_energy_mj":28, "node_time":200514, "total_sent":7, "total_received":6, "bytes_tx":60, "bytes_rx":12, "r2n_latency":2864, "lqi":100, "rssi":-88, "server_sent":7, "server_received":12, "server_bytes_rx":60, "n2r_latency":5216, "hops":2, "rtt_latency":2202, "root_time_now":205730}
[Mote:3] Sensor IPv6 = fe80::203:3:3:3
[Mote:12] Sensor IPv6 = fe80::20c:c:c:c
[Mote:6] Sensor IPv6 = fe80::206:6:6:6
[Mote:1] {"node":"fd00::205:5:5:5", "cpu_energy_mj":369, "lpm_energy_mj":0, "radio_tx_energy_mj":0, "radio_rx_energy_mj":3269, "total_energy_mj":3638, "node_time":205368, "total_sent":1, "total_received":0, "bytes_tx":60, "bytes_rx":0, "r2n_latency":0, "lqi":0, "rssi":0, "server_sent":0, "server_received":1, "server_bytes_rx":60, "n2r_latency":2182, "hops":3, "rtt_latency":0, "root_time_now":207550}
[Mote:19] Not reachable yet
[Mote:1] {"node":"fd00::20f:f:f:f", "cpu_energy_mj":18, "lpm_energy_mj":0, "radio_tx_energy_mj":0, "radio_rx_energy_mj":8, "total_energy_mj":26, "node_time":200040, "total_sent":10, "total_received":9, "bytes_tx":60, "bytes_rx":12, "r2n_latency":1324, "lqi":100, "rssi":-56, "server_sent":10, "server_received":18, "server_bytes_rx":60, "n2r_latency":8630, "hops":3, "rtt_latency":2937, "root_time_now":208670}
[Mote:8] Sensor IPv6 = fe80::208:8:8:8
[Mote:1] {"node":"fd00::206:6:6:6", "cpu_energy_mj":19, "lpm_energy_mj":0, "radio_tx_energy_mj":0, "radio_rx_energy_mj":9, "total_energy_mj":28, "node_time":207506, "total_sent":16, "total_received":16, "bytes_tx":60, "bytes_rx":12, "r2n_latency":1334, "lqi":100, "rssi":-86, "server_sent":16, "server_received":31, "server_bytes_rx":60, "n2r_latency":1864, "hops":1, "rtt_latency":1717, "root_time_now":209370}
[Mote:1] {"node":"fd00::203:3:3:3", "cpu_energy_mj":18, "lpm_energy_mj":0, "radio_tx_energy_mj":1, "radio_rx_energy_mj":8, "total_energy_mj":27, "node_time":205780, "total_sent":18, "total_received":17, "bytes_tx":60, "bytes_rx":12, "r2n_latency":984, "lqi":100, "rssi":-88, "server_sent":17, "server_received":35, "server_bytes_rx":60, "n2r_latency":3660, "hops":1, "rtt_latency":3397, "root_time_now":209440}
[Mote:7] Sensor IPv6 = fe80::207:7:7:7
[Mote:1] {"node":"fd00::207:7:7:7", "cpu_energy_mj":18, "lpm_energy_mj":0, "radio_tx_energy_mj":0, "radio_rx_energy_mj":8, "total_energy_mj":26, "node_time":209525, "total_sent":17, "total_received":16, "bytes_tx":60, "bytes_rx":12, "r2n_latency":634, "lqi":100, "rssi":-89, "server_sent":16, "server_received":33, "server_bytes_rx":60, "n2r_latency":55, "hops":0, "rtt_latency":2102, "root_time_now":209580}
[Mote:2] Sensor IPv6 = fe80::202:2:2:2
[Mote:15] Sensor IPv6 = fe80::20f:f:f:f
[Mote:16] Not reachable yet
[Mote:18] Sensor IPv6 = fe80::212:12:12:12
[Mote:4] Sensor IPv6 = fe80::204:4:4:4
[Mote:9] Sensor IPv6 = fe80::209:9:9:9
[Mote:11] Sensor IPv6 = fe80::20b:b:b:b
[Mote:1] {"node":"fd00::20c:c:c:c", "cpu_energy_mj":19, "lpm_energy_mj":0, "radio_tx_energy_mj":0, "radio_rx_energy_mj":8, "total_energy_mj":27, "node_time":206024, "total_sent":18, "total_received":18, "bytes_tx":60, "bytes_rx":12, "r2n_latency":74, "lqi":100, "rssi":-87, "server_sent":19, "server_received":36, "server_bytes_rx":60, "n2r_latency":6566, "hops":0, "rtt_latency":2137, "root_time_now":212590}
[Mote:13] Sensor IPv6 = fe80::20d:d:d:d
[Mote:1] {"node":"fd00::20d:d:d:d", "cpu_energy_mj":18, "lpm_energy_mj":0, "radio_tx_energy_mj":0, "radio_rx_energy_mj":8, "total_energy_mj":26, "node_time":202746, "total_sent":18, "total_received":17, "bytes_tx":60, "bytes_rx":12, "r2n_latency":1474, "lqi":100, "rssi":-68, "server_sent":18, "server_received":35, "server_bytes_rx":60, "n2r_latency":10194, "hops":1, "rtt_latency":6372, "root_time_now":212940}
[Mote:1] {"node":"fd00::20a:a:a:a", "cpu_energy_mj":18, "lpm_energy_mj":0, "radio_tx_energy_mj":0, "radio_rx_energy_mj":8, "total_energy_mj":26, "node_time":203899, "total_sent":12, "total_received":11, "bytes_tx":60, "bytes_rx":12, "r2n_latency":1754, "lqi":100, "rssi":-91, "server_sent":12, "server_received":23, "server_bytes_rx":60, "n2r_latency":9181, "hops":2, "rtt_latency":6407, "root_time_now":213080}
[Mote:1] {"node":"fd00::202:2:2:2", "cpu_energy_mj":18, "lpm_energy_mj":0, "radio_tx_energy_mj":1, "radio_rx_energy_mj":8, "total_energy_mj":27, "node_time":210459, "total_sent":19, "total_received":19, "bytes_tx":60, "bytes_rx":12, "r2n_latency":224, "lqi":100, "rssi":-83, "server_sent":19, "server_received":37, "server_bytes_rx":60, "n2r_latency":3111, "hops":0, "rtt_latency":1757, "root_time_now":213570}
[Mote:1] {"node":"fd00::20b:b:b:b", "cpu_energy_mj":18, "lpm_energy_mj":0, "radio_tx_energy_mj":0, "radio_rx_energy_mj":8, "total_energy_mj":26, "node_time":202252, "total_sent":8, "total_received":6, "bytes_tx":60, "bytes_rx":12, "r2n_latency":2304, "lqi":100, "rssi":-43, "server_sent":8, "server_received":14, "server_bytes_rx":60, "n2r_latency":11668, "hops":2, "rtt_latency":7067, "root_time_now":213920}
[Mote:10] Sensor IPv6 = fe80::20a:a:a:a
[Mote:1] {"node":"fd00::20e:e:e:e", "cpu_energy_mj":19, "lpm_energy_mj":0, "radio_tx_energy_mj":0, "radio_rx_energy_mj":9, "total_energy_mj":28, "node_time":204550, "total_sent":12, "total_received":10, "bytes_tx":60, "bytes_rx":12, "r2n_latency":2664, "lqi":100, "rssi":-36, "server_sent":13, "server_received":17, "server_bytes_rx":60, "n2r_latency":9790, "hops":2, "rtt_latency":6092, "root_time_now":214340}
[Mote:1] {"node":"fd00::204:4:4:4", "cpu_energy_mj":19, "lpm_energy_mj":0, "radio_tx_energy_mj":0, "radio_rx_energy_mj":9, "total_energy_mj":28, "node_time":211073, "total_sent":8, "total_received":7, "bytes_tx":60, "bytes_rx":12, "r2n_latency":1894, "lqi":100, "rssi":-88, "server_sent":8, "server_received":14, "server_bytes_rx":60, "n2r_latency":3617, "hops":2, "rtt_latency":3537, "root_time_now":214690}
[Mote:17] Sensor IPv6 = fe80::211:11:11:11
[Mote:1] {"node":"fd00::208:8:8:8", "cpu_energy_mj":18, "lpm_energy_mj":0, "radio_tx_energy_mj":1, "radio_rx_energy_mj":7, "total_energy_mj":26, "node_time":209336, "total_sent":18, "total_received":17, "bytes_tx":60, "bytes_rx":12, "r2n_latency":1544, "lqi":100, "rssi":-90, "server_sent":18, "server_received":34, "server_bytes_rx":60, "n2r_latency":5844, "hops":0, "rtt_latency":2032, "root_time_now":215180}
[Mote:14] Sensor IPv6 = fe80::20e:e:e:e
[Mote:1] {"node":"fd00::211:11:11:11", "cpu_energy_mj":386, "lpm_energy_mj":0, "radio_tx_energy_mj":0, "radio_rx_energy_mj":3782, "total_energy_mj":4168, "node_time":215034, "total_sent":1, "total_received":0, "bytes_tx":60, "bytes_rx":0, "r2n_latency":0, "lqi":0, "rssi":0, "server_sent":0, "server_received":1, "server_bytes_rx":60, "n2r_latency":496, "hops":3, "rtt_latency":0, "root_time_now":215530}
[Mote:1] {"node":"fd00::212:12:12:12", "cpu_energy_mj":379, "lpm_energy_mj":0, "radio_tx_energy_mj":1, "radio_rx_energy_mj":2075, "total_energy_mj":2455, "node_time":210928, "total_sent":1, "total_received":0, "bytes_tx":60, "bytes_rx":0, "r2n_latency":0, "lqi":0, "rssi":0, "server_sent":0, "server_received":1, "server_bytes_rx":60, "n2r_latency":4952, "hops":3, "rtt_latency":0, "root_time_now":215880}
[Mote:3] Sensor IPv6 = fe80::203:3:3:3
[Mote:5] Sensor IPv6 = fe80::205:5:5:5
[Mote:1] {"node":"fd00::209:9:9:9", "cpu_energy_mj":19, "lpm_energy_mj":0, "radio_tx_energy_mj":1, "radio_rx_energy_mj":7, "total_energy_mj":27, "node_time":211730, "total_sent":16, "total_received":16, "bytes_tx":60, "bytes_rx":12, "r2n_latency":574, "lqi":100, "rssi":-91, "server_sent":16, "server_received":32, "server_bytes_rx":60, "n2r_latency":4500, "hops":1, "rtt_latency":2912, "root_time_now":216230}
[Mote:1] {"node":"fd00::20b:b:b:b", "cpu_energy_mj":18, "lpm_energy_mj":0, "radio_tx_energy_mj":0, "radio_rx_energy_mj":8, "total_energy_mj":26, "node_time":212374, "total_sent":9, "total_received":7, "bytes_tx":60, "bytes_rx":12, "r2n_latency":4064, "lqi":100, "rssi":-43, "server_sent":8, "server_received":16, "server_bytes_rx":60, "n2r_latency":3996, "hops":2, "rtt_latency":7002, "root_time_now":216370}
[Mote:12] Sensor IPv6 = fe80::20c:c:c:c
[Mote:1] {"node":"fd00::203:3:3:3", "cpu_energy_mj":18, "lpm_energy_mj":0, "radio_tx_energy_mj":1, "radio_rx_energy_mj":7, "total_energy_mj":26, "node_time":216044, "total_sent":19, "total_received":18, "bytes_tx":60, "bytes_rx":12, "r2n_latency":854, "lqi":100, "rssi":-88, "server_sent":18, "server_received":37, "server_bytes_rx":60, "n2r_latency":816, "hops":1, "rtt_latency":1827, "root_time_now":216860}
[Mote:1] {"node":"fd00::20c:c:c:c", "cpu_energy_mj":19, "lpm_energy_mj":0, "radio_tx_energy_mj":1, "radio_rx_energy_mj":7, "total_energy_mj":27, "node_time":216859, "total_sent":19, "total_received":19, "bytes_tx":60, "bytes_rx":12, "r2n_latency":14, "lqi":100, "rssi":-87, "server_sent":19, "server_received":38, "server_bytes_rx":60, "n2r_latency":71, "hops":0, "rtt_latency":3017, "root_time_now":216930}
[Mote:1] {"node":"fd00::205:5:5:5", "cpu_energy_mj":19, "lpm_energy_mj":0, "radio_tx_energy_mj":0, "radio_rx_energy_mj":9, "total_energy_mj":28, "node_time":216161, "total_sent":2, "total_received":0, "bytes_tx":60, "bytes_rx":0, "r2n_latency":0, "lqi":0, "rssi":0, "server_sent":1, "server_received":2, "server_bytes_rx":60, "n2r_latency":1259, "hops":3, "rtt_latency":0, "root_time_now":217420}
[Mote:6] Sensor IPv6 = fe80::206:6:6:6
[Mote:19] Not reachable yet
[Mote:1] {"node":"fd00::206:6:6:6", "cpu_energy_mj":19, "lpm_energy_mj":0, "radio_tx_energy_mj":0, "radio_rx_energy_mj":9, "total_energy_mj":28, "node_time":218433, "total_sent":17, "total_received":17, "bytes_tx":60, "bytes_rx":12, "r2n_latency":8414, "lqi":100, "rssi":-86, "server_sent":17, "server_received":33, "server_bytes_rx":60, "n2r_latency":1017, "hops":1, "rtt_latency":4417, "root_time_now":219450}
[Mote:8] Sensor IPv6 = fe80::208:8:8:8
[Mote:7] Sensor IPv6 = fe80::207:7:7:7
[Mote:16] Not reachable yet
[Mote:2] Sensor IPv6 = fe80::202:2:2:2
[Mote:15] Sensor IPv6 = fe80::20f:f:f:f
[Mote:18] Sensor IPv6 = fe80::212:12:12:12
[Mote:4] Sensor IPv6 = fe80::204:4:4:4
[Mote:9] Sensor IPv6 = fe80::209:9:9:9
[Mote:11] Sensor IPv6 = fe80::20b:b:b:b
[Mote:1] {"node":"fd00::208:8:8:8", "cpu_energy_mj":18, "lpm_energy_mj":0, "radio_tx_energy_mj":1, "radio_rx_energy_mj":7, "total_energy_mj":26, "node_time":219817, "total_sent":19, "total_received":18, "bytes_tx":60, "bytes_rx":12, "r2n_latency":364, "lqi":100, "rssi":-90, "server_sent":19, "server_received":36, "server_bytes_rx":60, "n2r_latency":3133, "hops":0, "rtt_latency":2667, "root_time_now":222950}
[Mote:13] Sensor IPv6 = fe80::20d:d:d:d
[Mote:1] {"node":"fd00::20f:f:f:f", "cpu_energy_mj":18, "lpm_energy_mj":0, "radio_tx_energy_mj":0, "radio_rx_energy_mj":8, "total_energy_mj":26, "node_time":210565, "total_sent":11, "total_received":10, "bytes_tx":60, "bytes_rx":12, "r2n_latency":2594, "lqi":100, "rssi":-56, "server_sent":12, "server_received":20, "server_bytes_rx":60, "n2r_latency":12805, "hops":3, "rtt_latency":6442, "root_time_now":223370}
[Mote:10] Sensor IPv6 = fe80::20a:a:a:a
[Mote:17] Sensor IPv6 = fe80::211:11:11:11
[Mote:14] Sensor IPv6 = fe80::20e:e:e:e
[Mote:1] {"node":"fd00::202:2:2:2", "cpu_energy_mj":18, "lpm_energy_mj":0, "radio_tx_energy_mj":1, "radio_rx_energy_mj":7, "total_energy_mj":26, "node_time":220989, "total_sent":20, "total_received":19, "bytes_tx":60, "bytes_rx":12, "r2n_latency":224, "lqi":100, "rssi":-83, "server_sent":20, "server_received":38, "server_bytes_rx":60, "n2r_latency":5181, "hops":0, "rtt_latency":1757, "root_time_now":226170}
[Mote:3] Sensor IPv6 = fe80::203:3:3:3
[Mote:1] {"node":"fd00::20e:e:e:e", "cpu_energy_mj":19, "lpm_energy_mj":0, "radio_tx_energy_mj":0, "radio_rx_energy_mj":9, "total_energy_mj":28, "node_time":215313, "total_sent":13, "total_received":11, "bytes_tx":60, "bytes_rx":12, "r2n_latency":1834, "lqi":100, "rssi":-36, "server_sent":14, "server_received":19, "server_bytes_rx":60, "n2r_latency":11207, "hops":2, "rtt_latency":3157, "root_time_now":226520}
[Mote:5] Sensor IPv6 = fe80::205:5:5:5
[Mote:1] {"node":"fd00::204:4:4:4", "cpu_energy_mj":19, "lpm_energy_mj":0, "radio_tx_energy_mj":0, "radio_rx_energy_mj":8, "total_energy_mj":27, "node_time":221627, "total_sent":9, "total_received":8, "bytes_tx":60, "bytes_rx":12, "r2n_latency":8344, "lqi":100, "rssi":-88, "server_sent":9, "server_received":16, "server_bytes_rx":60, "n2r_latency":5803, "hops":2, "rtt_latency":4347, "root_time_now":227430}
[Mote:12] Sensor IPv6 = fe80::20c:c:c:c
[Mote:1] {"node":"fd00::203:3:3:3", "cpu_energy_mj":18, "lpm_energy_mj":0, "radio_tx_energy_mj":1, "radio_rx_energy_mj":8, "total_energy_mj":27, "node_time":226309, "total_sent":20, "total_received":19, "bytes_tx":60, "bytes_rx":12, "r2n_latency":1214, "lqi":100, "rssi":-88, "server_sent":19, "server_received":39, "server_bytes_rx":60, "n2r_latency":2801, "hops":1, "rtt_latency":3687, "root_time_now":229110}
[Mote:6] Sensor IPv6 = fe80::206:6:6:6
[Mote:1] {"node":"fd00::20d:d:d:d", "cpu_energy_mj":18, "lpm_energy_mj":0, "radio_tx_energy_mj":1, "radio_rx_energy_mj":7, "total_energy_mj":26, "node_time":212859, "total_sent":19, "total_received":18, "bytes_tx":60, "bytes_rx":12, "r2n_latency":154, "lqi":100, "rssi":-68, "server_sent":19, "server_received":37, "server_bytes_rx":60, "n2r_latency":16811, "hops":1, "rtt_latency":3052, "root_time_now":229670}
[Mote:1] {"node":"fd00::20c:c:c:c", "cpu_energy_mj":19, "lpm_energy_mj":0, "radio_tx_energy_mj":0, "radio_rx_energy_mj":8, "total_energy_mj":27, "node_time":227692, "total_sent":20, "total_received":20, "bytes_tx":60, "bytes_rx":12, "r2n_latency":1214, "lqi":100, "rssi":-87, "server_sent":20, "server_received":40, "server_bytes_rx":60, "n2r_latency":2048, "hops":0, "rtt_latency":1552, "root_time_now":229740}
[Mote:19] Not reachable yet
[Mote:1] {"node":"fd00::211:11:11:11", "cpu_energy_mj":18, "lpm_energy_mj":0, "radio_tx_energy_mj":0, "radio_rx_energy_mj":9, "total_energy_mj":27, "node_time":225251, "total_sent":2, "total_received":0, "bytes_tx":60, "bytes_rx":0, "r2n_latency":0, "lqi":0, "rssi":0, "server_sent":1, "server_received":2, "server_bytes_rx":60, "n2r_latency":4699, "hops":3, "rtt_latency":0, "root_time_now":229950}
[Mote:8] Sensor IPv6 = fe80::208:8:8:8
[Mote:7] Not reachable yet
[Mote:16] Sensor IPv6 = fe80::210:10:10:10
[Mote:2] Sensor IPv6 = fe80::202:2:2:2
[Mote:15] Sensor IPv6 = fe80::20f:f:f:f
[Mote:1] {"node":"fd00::206:6:6:6", "cpu_energy_mj":19, "lpm_energy_mj":0, "radio_tx_energy_mj":0, "radio_rx_energy_mj":9, "total_energy_mj":28, "node_time":229362, "total_sent":18, "total_received":18, "bytes_tx":60, "bytes_rx":12, "r2n_latency":1494, "lqi":100, "rssi":-86, "server_sent":19, "server_received":35, "server_bytes_rx":60, "n2r_latency":2408, "hops":1, "rtt_latency":3757, "root_time_now":231770}
[Mote:18] Sensor IPv6 = fe80::212:12:12:12
[Mote:1] {"node":"fd00::202:2:2:2", "cpu_energy_mj":18, "lpm_energy_mj":0, "radio_tx_energy_mj":1, "radio_rx_energy_mj":7, "total_energy_mj":26, "node_time":231519, "total_sent":21, "total_received":20, "bytes_tx":60, "bytes_rx":12, "r2n_latency":1004, "lqi":100, "rssi":-83, "server_sent":21, "server_received":40, "server_bytes_rx":60, "n2r_latency":601, "hops":0, "rtt_latency":3407, "root_time_now":232120}
[Mote:4] Sensor IPv6 = fe80::204:4:4:4
[Mote:11] Sensor IPv6 = fe80::20b:b:b:b
[Mote:9] Sensor IPv6 = fe80::209:9:9:9
[Mote:1] {"node":"fd00::208:8:8:8", "cpu_energy_mj":18, "lpm_energy_mj":0, "radio_tx_energy_mj":1, "radio_rx_energy_mj":8, "total_energy_mj":27, "node_time":230302, "total_sent":20, "total_received":20, "bytes_tx":60, "bytes_rx":12, "r2n_latency":317, "lqi":100, "rssi":-90, "server_sent":20, "server_received":39, "server_bytes_rx":60, "n2r_latency":2728, "hops":0, "rtt_latency":1278, "root_time_now":233030}
[Mote:13] Sensor IPv6 = fe80::20d:d:d:d
[Mote:1] {"node":"fd00::20a:a:a:a", "cpu_energy_mj":18, "lpm_energy_mj":0, "radio_tx_energy_mj":0, "radio_rx_energy_mj":8, "total_energy_mj":26, "node_time":214086, "total_sent":13, "total_received":12, "bytes_tx":60, "bytes_rx":12, "r2n_latency":1204, "lqi":100, "rssi":-91, "server_sent":14, "server_received":25, "server_bytes_rx":60, "n2r_latency":19854, "hops":2, "rtt_latency":6727, "root_time_now":233940}
[Mote:10] Sensor IPv6 = fe80::20a:a:a:a
[Mote:17] Sensor IPv6 = fe80::211:11:11:11
[Mote:1] {"node":"fd00::20f:f:f:f", "cpu_energy_mj":18, "lpm_energy_mj":0, "radio_tx_energy_mj":0, "radio_rx_energy_mj":8, "total_energy_mj":26, "node_time":221092, "total_sent":12, "total_received":11, "bytes_tx":60, "bytes_rx":12, "r2n_latency":1834, "lqi":100, "rssi":-56, "server_sent":13, "server_received":22, "server_bytes_rx":60, "n2r_latency":14528, "hops":3, "rtt_latency":6972, "root_time_now":235620}
[Mote:3] Sensor IPv6 = fe80::203:3:3:3
[Mote:14] Not reachable yet
[Mote:1] {"node":"fd00::20d:d:d:d", "cpu_energy_mj":18, "lpm_energy_mj":0, "radio_tx_energy_mj":0, "radio_rx_energy_mj":8, "total_energy_mj":26, "node_time":222973, "total_sent":20, "total_received":19, "bytes_tx":60, "bytes_rx":12, "r2n_latency":2334, "lqi":100, "rssi":-68, "server_sent":20, "server_received":39, "server_bytes_rx":60, "n2r_latency":14047, "hops":1, "rtt_latency":7852, "root_time_now":237020}
[Mote:5] Sensor IPv6 = fe80::205:5:5:5
[Mote:1] {"node":"fd00::20f:f:f:f", "cpu_energy_mj":18, "lpm_energy_mj":0, "radio_tx_energy_mj":0, "radio_rx_energy_mj":9, "total_energy_mj":27, "node_time":231614, "total_sent":13, "total_received":12, "bytes_tx":60, "bytes_rx":12, "r2n_latency":10734, "lqi":100, "rssi":-91, "server_sent":13, "server_received":23, "server_bytes_rx":60, "n2r_latency":6876, "hops":2, "rtt_latency":6972, "root_time_now":238490}
[Mote:12] Sensor IPv6 = fe80::20c:c:c:c
[Mote:1] {"node":"fd00::20b:b:b:b", "cpu_energy_mj":18, "lpm_energy_mj":0, "radio_tx_energy_mj":1, "radio_rx_energy_mj":8, "total_energy_mj":27, "node_time":232624, "total_sent":11, "total_received":9, "bytes_tx":60, "bytes_rx":12, "r2n_latency":2754, "lqi":100, "rssi":-43, "server_sent":10, "server_received":17, "server_bytes_rx":60, "n2r_latency":5936, "hops":2, "rtt_latency":7002, "root_time_now":238560}
[Mote:1] {"node":"fd00::205:5:5:5", "cpu_energy_mj":19, "lpm_energy_mj":0, "radio_tx_energy_mj":0, "radio_rx_energy_mj":9, "total_energy_mj":28, "node_time":226952, "total_sent":3, "total_received":2, "bytes_tx":60, "bytes_rx":12, "r2n_latency":5134, "lqi":100, "rssi":-77, "server_sent":3, "server_received":5, "server_bytes_rx":60, "n2r_latency":11818, "hops":3, "rtt_latency":4772, "root_time_now":238770}
[Mote:1] {"node":"fd00::20a:a:a:a", "cpu_energy_mj":18, "lpm_energy_mj":0, "radio_tx_energy_mj":0, "radio_rx_energy_mj":8, "total_energy_mj":26, "node_time":224273, "total_sent":14, "total_received":13, "bytes_tx":60, "bytes_rx":12, "r2n_latency":3104, "lqi":100, "rssi":-91, "server_sent":14, "server_received":27, "server_bytes_rx":60, "n2r_latency":14637, "hops":2, "rtt_latency":8867, "root_time_now":238910}
[Mote:1] {"node":"fd00::20c:c:c:c", "cpu_energy_mj":19, "lpm_energy_mj":0, "radio_tx_energy_mj":1, "radio_rx_energy_mj":8, "total_energy_mj":28, "node_time":238523, "total_sent":21, "total_received":21, "bytes_tx":60, "bytes_rx":12, "r2n_latency":107, "lqi":100, "rssi":-87, "server_sent":21, "server_received":42, "server_bytes_rx":60, "n2r_latency":667, "hops":0, "rtt_latency":648, "root_time_now":239190}
[Mote:6] Sensor IPv6 = fe80::206:6:6:6
[Mote:19] Not reachable yet
[Mote:8] Sensor IPv6 = fe80::208:8:8:8
[Mote:16] Sensor IPv6 = fe80::210:10:10:10
[Mote:7] Not reachable yet
[Mote:2] Sensor IPv6 = fe80::202:2:2:2
[Mote:15] Sensor IPv6 = fe80::20f:f:f:f
[Mote:18] Sensor IPv6 = fe80::212:12:12:12
[Mote:4] Sensor IPv6 = fe80::204:4:4:4
[Mote:11] Sensor IPv6 = fe80::20b:b:b:b
[Mote:13] Sensor IPv6 = fe80::20d:d:d:d
[Mote:1] {"node":"fd00::202:2:2:2", "cpu_energy_mj":18, "lpm_energy_mj":0, "radio_tx_energy_mj":1, "radio_rx_energy_mj":8, "total_energy_mj":27, "node_time":242052, "total_sent":22, "total_received":22, "bytes_tx":60, "bytes_rx":12, "r2n_latency":185, "lqi":100, "rssi":-83, "server_sent":22, "server_received":43, "server_bytes_rx":60, "n2r_latency":1198, "hops":0, "rtt_latency":1597, "root_time_now":243250}
[Mote:9] Sensor IPv6 = fe80::209:9:9:9
[Mote:1] {"node":"fd00::209:9:9:9", "cpu_energy_mj":19, "lpm_energy_mj":0, "radio_tx_energy_mj":1, "radio_rx_energy_mj":8, "total_energy_mj":28, "node_time":232873, "total_sent":18, "total_received":18, "bytes_tx":60, "bytes_rx":12, "r2n_latency":947, "lqi":100, "rssi":-91, "server_sent":19, "server_received":35, "server_bytes_rx":60, "n2r_latency":10587, "hops":1, "rtt_latency":1803, "root_time_now":243460}
[Mote:1] {"node":"fd00::208:8:8:8", "cpu_energy_mj":18, "lpm_energy_mj":0, "radio_tx_energy_mj":1, "radio_rx_energy_mj":7, "total_energy_mj":26, "node_time":240785, "total_sent":21, "total_received":20, "bytes_tx":60, "bytes_rx":12, "r2n_latency":317, "lqi":100, "rssi":-90, "server_sent":21, "server_received":40, "server_bytes_rx":60, "n2r_latency":2745, "hops":0, "rtt_latency":1278, "root_time_now":243530}
[Mote:1] {"node":"fd00::206:6:6:6", "cpu_energy_mj":19, "lpm_energy_mj":0, "radio_tx_energy_mj":0, "radio_rx_energy_mj":9, "total_energy_mj":28, "node_time":240293, "total_sent":19, "total_received":19, "bytes_tx":60, "bytes_rx":12, "r2n_latency":2767, "lqi":100, "rssi":-86, "server_sent":20, "server_received":37, "server_bytes_rx":60, "n2r_latency":4147, "hops":1, "rtt_latency":1453, "root_time_now":244440}
[Mote:10] Sensor IPv6 = fe80::20a:a:a:a
[Mote:1] {"node":"fd00::20d:d:d:d", "cpu_energy_mj":18, "lpm_energy_mj":0, "radio_tx_energy_mj":1, "radio_rx_energy_mj":8, "total_energy_mj":27, "node_time":233084, "total_sent":21, "total_received":20, "bytes_tx":60, "bytes_rx":12, "r2n_latency":527, "lqi":100, "rssi":-68, "server_sent":21, "server_received":41, "server_bytes_rx":60, "n2r_latency":11986, "hops":1, "rtt_latency":4883, "root_time_now":245070}
[Mote:1] {"node":"fd00::204:4:4:4", "cpu_energy_mj":19, "lpm_energy_mj":0, "radio_tx_energy_mj":1, "radio_rx_energy_mj":8, "total_energy_mj":28, "node_time":232181, "total_sent":10, "total_received":9, "bytes_tx":60, "bytes_rx":12, "r2n_latency":4574, "lqi":100, "rssi":-88, "server_sent":11, "server_received":18, "server_bytes_rx":60, "n2r_latency":13029, "hops":2, "rtt_latency":3967, "root_time_now":245210}
[Mote:17] Sensor IPv6 = fe80::211:11:11:11
[Mote:1] {"node":"fd00::20a:a:a:a", "cpu_energy_mj":18, "lpm_energy_mj":0, "radio_tx_energy_mj":0, "radio_rx_energy_mj":8, "total_energy_mj":26, "node_time":234460, "total_sent":15, "total_received":14, "bytes_tx":60, "bytes_rx":12, "r2n_latency":3957, "lqi":100, "rssi":-91, "server_sent":15, "server_received":29, "server_bytes_rx":60, "n2r_latency":11240, "hops":2, "rtt_latency":7823, "root_time_now":245700}
[Mote:3] Sensor IPv6 = fe80::203:3:3:3
[Mote:14] Not reachable yet
[Mote:5] Sensor IPv6 = fe80::205:5:5:5
[Mote:1] {"node":"fd00::20b:b:b:b", "cpu_energy_mj":18, "lpm_energy_mj":0, "radio_tx_energy_mj":0, "radio_rx_energy_mj":8, "total_energy_mj":26, "node_time":242744, "total_sent":12, "total_received":11, "bytes_tx":60, "bytes_rx":12, "r2n_latency":1935, "lqi":100, "rssi":-43, "server_sent":11, "server_received":20, "server_bytes_rx":60, "n2r_latency":6106, "hops":2, "rtt_latency":4012, "root_time_now":248850}
[Mote:1] {"node":"fd00::209:9:9:9", "cpu_energy_mj":19, "lpm_energy_mj":0, "radio_tx_energy_mj":1, "radio_rx_energy_mj":7, "total_energy_mj":27, "node_time":243443, "total_sent":19, "total_received":19, "bytes_tx":60, "bytes_rx":12, "r2n_latency":1095, "lqi":100, "rssi":-91, "server_sent":19, "server_received":37, "server_bytes_rx":60, "n2r_latency":5477, "hops":1, "rtt_latency":3872, "root_time_now":248920}
[Mote:12] Sensor IPv6 = fe80::20c:c:c:c
[Mote:16] Sensor IPv6 = fe80::210:10:10:10
[Mote:6] Sensor IPv6 = fe80::206:6:6:6
[Mote:8] Sensor IPv6 = fe80::208:8:8:8
[Mote:7] Not reachable yet
[Mote:19] Not reachable yet
[Mote:2] Sensor IPv6 = fe80::202:2:2:2
[Mote:15] Sensor IPv6 = fe80::20f:f:f:f
[Mote:11] Sensor IPv6 = fe80::20b:b:b:b
[Mote:1] {"node":"fd00::20c:c:c:c", "cpu_energy_mj":19, "lpm_energy_mj":0, "radio_tx_energy_mj":1, "radio_rx_energy_mj":8, "total_energy_mj":28, "node_time":249356, "total_sent":22, "total_received":22, "bytes_tx":60, "bytes_rx":12, "r2n_latency":45, "lqi":100, "rssi":-87, "server_sent":23, "server_received":44, "server_bytes_rx":60, "n2r_latency":3694, "hops":0, "rtt_latency":1912, "root_time_now":253050}
[Mote:18] Sensor IPv6 = fe80::212:12:12:12
[Mote:4] Sensor IPv6 = fe80::204:4:4:4
[Mote:13] Sensor IPv6 = fe80::20d:d:d:d
[Mote:9] Sensor IPv6 = fe80::209:9:9:9
[Mote:1] {"node":"fd00::208:8:8:8", "cpu_energy_mj":18, "lpm_energy_mj":0, "radio_tx_energy_mj":1, "radio_rx_energy_mj":7, "total_energy_mj":26, "node_time":251268, "total_sent":22, "total_received":22, "bytes_tx":60, "bytes_rx":12, "r2n_latency":544, "lqi":100, "rssi":-90, "server_sent":22, "server_received":43, "server_bytes_rx":60, "n2r_latency":2832, "hops":0, "rtt_latency":1812, "root_time_now":254100}
[Mote:10] Sensor IPv6 = fe80::20a:a:a:a
[Mote:17] Sensor IPv6 = fe80::211:11:11:11
[Mote:1] {"node":"fd00::211:11:11:11", "cpu_energy_mj":18, "lpm_energy_mj":0, "radio_tx_energy_mj":0, "radio_rx_energy_mj":8, "total_energy_mj":26, "node_time":235472, "total_sent":3, "total_received":1, "bytes_tx":60, "bytes_rx":12, "r2n_latency":5694, "lqi":100, "rssi":-56, "server_sent":4, "server_received":4, "server_bytes_rx":60, "n2r_latency":20868, "hops":3, "rtt_latency":9182, "root_time_now":256340}
[Mote:1] {"node":"fd00::202:2:2:2", "cpu_energy_mj":18, "lpm_energy_mj":0, "radio_tx_energy_mj":1, "radio_rx_energy_mj":7, "total_energy_mj":26, "node_time":252582, "total_sent":23, "total_received":23, "bytes_tx":60, "bytes_rx":12, "r2n_latency":264, "lqi":100, "rssi":-83, "server_sent":23, "server_received":45, "server_bytes_rx":60, "n2r_latency":4248, "hops":0, "rtt_latency":3212, "root_time_now":256830}
[Mote:3] Sensor IPv6 = fe80::203:3:3:3
[Mote:14] Not reachable yet
[Mote:1] {"node":"fd00::20d:d:d:d", "cpu_energy_mj":18, "lpm_energy_mj":0, "radio_tx_energy_mj":1, "radio_rx_energy_mj":7, "total_energy_mj":26, "node_time":243198, "total_sent":22, "total_received":21, "bytes_tx":60, "bytes_rx":12, "r2n_latency":325, "lqi":100, "rssi":-68, "server_sent":22, "server_received":43, "server_bytes_rx":60, "n2r_latency":15172, "hops":1, "rtt_latency":2892, "root_time_now":258370}
[Mote:5] Sensor IPv6 = fe80::205:5:5:5
[Mote:12] Sensor IPv6 = fe80::20c:c:c:c
[Mote:16] Sensor IPv6 = fe80::210:10:10:10
[Mote:8] Sensor IPv6 = fe80::208:8:8:8
[Mote:7] Not reachable yet
[Mote:6] Sensor IPv6 = fe80::206:6:6:6
[Mote:19] Not reachable yet
[Mote:1] {"node":"fd00::203:3:3:3", "cpu_energy_mj":18, "lpm_energy_mj":0, "radio_tx_energy_mj":1, "radio_rx_energy_mj":8, "total_energy_mj":27, "node_time":236573, "total_sent":21, "total_received":20, "bytes_tx":60, "bytes_rx":12, "r2n_latency":2417, "lqi":100, "rssi":-88, "server_sent":23, "server_received":42, "server_bytes_rx":60, "n2r_latency":26137, "hops":1, "rtt_latency":3282, "root_time_now":262710}
[Mote:1] {"node":"fd00::205:5:5:5", "cpu_energy_mj":19, "lpm_energy_mj":0, "radio_tx_energy_mj":0, "radio_rx_energy_mj":9, "total_energy_mj":28, "node_time":237742, "total_sent":4, "total_received":3, "bytes_tx":60, "bytes_rx":12, "r2n_latency":5357, "lqi":100, "rssi":-77, "server_sent":6, "server_received":8, "server_bytes_rx":60, "n2r_latency":25038, "hops":3, "rtt_latency":8072, "root_time_now":262780}
[Mote:11] Sensor IPv6 = fe80::20b:b:b:b
[Mote:2] Sensor IPv6 = fe80::202:2:2:2
[Mote:15] Not reachable yet
[Mote:13] Not reachable yet
[Mote:1] {"node":"fd00::206:6:6:6", "cpu_energy_mj":19, "lpm_energy_mj":0, "radio_tx_energy_mj":0, "radio_rx_energy_mj":9, "total_energy_mj":28, "node_time":251220, "total_sent":20, "total_received":21, "bytes_tx":60, "bytes_rx":12, "r2n_latency":894, "lqi":100, "rssi":-86, "server_sent":22, "server_received":40, "server_bytes_rx":60, "n2r_latency":12260, "hops":1, "rtt_latency":3317, "root_time_now":263480}
[Mote:18] Sensor IPv6 = fe80::212:12:12:12
[Mote:1] {"node":"fd00::204:4:4:4", "cpu_energy_mj":19, "lpm_energy_mj":0, "radio_tx_energy_mj":1, "radio_rx_energy_mj":8, "total_energy_mj":28, "node_time":242738, "total_sent":11, "total_received":10, "bytes_tx":60, "bytes_rx":12, "r2n_latency":4937, "lqi":100, "rssi":-88, "server_sent":13, "server_received":21, "server_bytes_rx":60, "n2r_latency":21092, "hops":2, "rtt_latency":9643, "root_time_now":263830}
[Mote:4] Sensor IPv6 = fe80::204:4:4:4
[Mote:9] Sensor IPv6 = fe80::209:9:9:9
[Mote:1] {"node":"fd00::20b:b:b:b", "cpu_energy_mj":18, "lpm_energy_mj":0, "radio_tx_energy_mj":0, "radio_rx_energy_mj":8, "total_energy_mj":26, "node_time":252867, "total_sent":13, "total_received":11, "bytes_tx":60, "bytes_rx":12, "r2n_latency":1935, "lqi":100, "rssi":-43, "server_sent":13, "server_received":21, "server_bytes_rx":60, "n2r_latency":11803, "hops":2, "rtt_latency":4012, "root_time_now":264670}
[Mote:1] {"node":"fd00::209:9:9:9", "cpu_energy_mj":19, "lpm_energy_mj":0, "radio_tx_energy_mj":1, "radio_rx_energy_mj":7, "total_energy_mj":27, "node_time":254013, "total_sent":20, "total_received":20, "bytes_tx":60, "bytes_rx":12, "r2n_latency":1384, "lqi":100, "rssi":-91, "server_sent":21, "server_received":39, "server_bytes_rx":60, "n2r_latency":10727, "hops":1, "rtt_latency":3982, "root_time_now":264740}
[Mote:10] Sensor IPv6 = fe80::20a:a:a:a
[Mote:17] Sensor IPv6 = fe80::211:11:11:11
[Mote:1] {"node":"fd00::208:8:8:8", "cpu_energy_mj":18, "lpm_energy_mj":0, "radio_tx_energy_mj":1, "radio_rx_energy_mj":8, "total_energy_mj":27, "node_time":261751, "total_sent":23, "total_received":23, "bytes_tx":60, "bytes_rx":12, "r2n_latency":1254, "lqi":100, "rssi":-90, "server_sent":23, "server_received":45, "server_bytes_rx":60, "n2r_latency":5089, "hops":0, "rtt_latency":3392, "root_time_now":266840}
[Mote:3] Sensor IPv6 = fe80::203:3:3:3
[Mote:14] Not reachable yet
[Mote:1] {"node":"fd00::20c:c:c:c", "cpu_energy_mj":19, "lpm_energy_mj":0, "radio_tx_energy_mj":1, "radio_rx_energy_mj":8, "total_energy_mj":28, "node_time":260189, "total_sent":23, "total_received":24, "bytes_tx":60, "bytes_rx":12, "r2n_latency":64, "lqi":100, "rssi":-87, "server_sent":24, "server_received":47, "server_bytes_rx":60, "n2r_latency":9311, "hops":0, "rtt_latency":4582, "root_time_now":269500}
[Mote:1] {"node":"fd00::20b:b:b:b", "cpu_energy_mj":18, "lpm_energy_mj":0, "radio_tx_energy_mj":0, "radio_rx_energy_mj":8, "total_energy_mj":26, "node_time":262990, "total_sent":14, "total_received":12, "bytes_tx":60, "bytes_rx":12, "r2n_latency":8594, "lqi":100, "rssi":-43, "server_sent":13, "server_received":23, "server_bytes_rx":60, "n2r_latency":6720, "hops":2, "rtt_latency":8112, "root_time_now":269710}
[Mote:1] {"node":"fd00::209:9:9:9", "cpu_energy_mj":19, "lpm_energy_mj":0, "radio_tx_energy_mj":1, "radio_rx_energy_mj":8, "total_energy_mj":28, "node_time":264584, "total_sent":21, "total_received":21, "bytes_tx":60, "bytes_rx":12, "r2n_latency":1394, "lqi":100, "rssi":-91, "server_sent":21, "server_received":41, "server_bytes_rx":60, "n2r_latency":5336, "hops":1, "rtt_latency":4687, "root_time_now":269920}
[Mote:5] Sensor IPv6 = fe80::205:5:5:5
[Mote:16] Not reachable yet
[Mote:12] Sensor IPv6 = fe80::20c:c:c:c
[Mote:8] Sensor IPv6 = fe80::208:8:8:8
[Mote:7] Not reachable yet
[Mote:6] Sensor IPv6 = fe80::206:6:6:6
[Mote:11] Sensor IPv6 = fe80::20b:b:b:b
[Mote:19] Not reachable yet
[Mote:13] Not reachable yet
[Mote:2] Sensor IPv6 = fe80::202:2:2:2
[Mote:15] Not reachable yet
[Mote:18] Not reachable yet
[Mote:4] Sensor IPv6 = fe80::204:4:4:4
[Mote:9] Sensor IPv6 = fe80::209:9:9:9
[Mote:10] Sensor IPv6 = fe80::20a:a:a:a
[Mote:1] {"node":"fd00::20e:e:e:e", "cpu_energy_mj":19, "lpm_energy_mj":0, "radio_tx_energy_mj":0, "radio_rx_energy_mj":9, "total_energy_mj":28, "node_time":226074, "total_sent":14, "total_received":12, "bytes_tx":60, "bytes_rx":12, "r2n_latency":1984, "lqi":100, "rssi":-92, "server_sent":19, "server_received":20, "server_bytes_rx":60, "n2r_latency":49306, "hops":2, "rtt_latency":3157, "root_time_now":275380}
[Mote:1] {"node":"fd00::208:8:8:8", "cpu_energy_mj":18, "lpm_energy_mj":0, "radio_tx_energy_mj":1, "radio_rx_energy_mj":7, "total_energy_mj":26, "node_time":272234, "total_sent":24, "total_received":24, "bytes_tx":60, "bytes_rx":12, "r2n_latency":357, "lqi":100, "rssi":-90, "server_sent":24, "server_received":47, "server_bytes_rx":60, "n2r_latency":3286, "hops":0, "rtt_latency":1508, "root_time_now":275520}
[Mote:1] {"node":"fd00::203:3:3:3", "cpu_energy_mj":18, "lpm_energy_mj":0, "radio_tx_energy_mj":2, "radio_rx_energy_mj":6, "total_energy_mj":26, "node_time":257101, "total_sent":23, "total_received":22, "bytes_tx":60, "bytes_rx":12, "r2n_latency":404, "lqi":100, "rssi":-88, "server_sent":24, "server_received":44, "server_bytes_rx":60, "n2r_latency":19119, "hops":2, "rtt_latency":11852, "root_time_now":276220}
[Mote:17] Sensor IPv6 = fe80::211:11:11:11
[Mote:1] {"node":"fd00::202:2:2:2", "cpu_energy_mj":18, "lpm_energy_mj":0, "radio_tx_energy_mj":2, "radio_rx_energy_mj":7, "total_energy_mj":27, "node_time":263112, "total_sent":24, "total_received":24, "bytes_tx":60, "bytes_rx":12, "r2n_latency":764, "lqi":100, "rssi":-83, "server_sent":25, "server_received":47, "server_bytes_rx":60, "n2r_latency":13388, "hops":0, "rtt_latency":8222, "root_time_now":276500}
[Mote:1] {"node":"fd00::203:3:3:3", "cpu_energy_mj":18, "lpm_energy_mj":0, "radio_tx_energy_mj":1, "radio_rx_energy_mj":7, "total_energy_mj":26, "node_time":246837, "total_sent":22, "total_received":21, "bytes_tx":60, "bytes_rx":12, "r2n_latency":745, "lqi":100, "rssi":-88, "server_sent":24, "server_received":45, "server_bytes_rx":60, "n2r_latency":29943, "hops":4, "rtt_latency":11852, "root_time_now":276780}
[Mote:1] {"node":"fd00::206:6:6:6", "cpu_energy_mj":19, "lpm_energy_mj":0, "radio_tx_energy_mj":2, "radio_rx_energy_mj":8, "total_energy_mj":29, "node_time":262149, "total_sent":21, "total_received":22, "bytes_tx":60, "bytes_rx":12, "r2n_latency":1394, "lqi":100, "rssi":-86, "server_sent":23, "server_received":42, "server_bytes_rx":60, "n2r_latency":14771, "hops":1, "rtt_latency":8432, "root_time_now":276920}
[Mote:1] {"node":"fd00::205:5:5:5", "cpu_energy_mj":19, "lpm_energy_mj":0, "radio_tx_energy_mj":0, "radio_rx_energy_mj":9, "total_energy_mj":28, "node_time":248534, "total_sent":5, "total_received":4, "bytes_tx":60, "bytes_rx":12, "r2n_latency":4805, "lqi":100, "rssi":-77, "server_sent":7, "server_received":9, "server_bytes_rx":60, "n2r_latency":28456, "hops":4, "rtt_latency":8072, "root_time_now":276990}
[Mote:1] {"node":"fd00::204:4:4:4", "cpu_energy_mj":19, "lpm_energy_mj":0, "radio_tx_energy_mj":1, "radio_rx_energy_mj":7, "total_energy_mj":27, "node_time":253295, "total_sent":12, "total_received":11, "bytes_tx":60, "bytes_rx":12, "r2n_latency":4315, "lqi":100, "rssi":-88, "server_sent":14, "server_received":22, "server_bytes_rx":60, "n2r_latency":23765, "hops":3, "rtt_latency":9643, "root_time_now":277060}
[Mote:1] {"node":"fd00::203:3:3:3", "cpu_energy_mj":18, "lpm_energy_mj":0, "radio_tx_energy_mj":1, "radio_rx_energy_mj":9, "total_energy_mj":28, "node_time":267366, "total_sent":24, "total_received":23, "bytes_tx":60, "bytes_rx":12, "r2n_latency":4052, "lqi":100, "rssi":-88, "server_sent":24, "server_received":47, "server_bytes_rx":60, "n2r_latency":9974, "hops":1, "rtt_latency":8607, "root_time_now":277340}
[Mote:3] Sensor IPv6 = fe80::203:3:3:3
[Mote:1] {"node":"fd00::205:5:5:5", "cpu_energy_mj":19, "lpm_energy_mj":0, "radio_tx_energy_mj":0, "radio_rx_energy_mj":9, "total_energy_mj":28, "node_time":259328, "total_sent":6, "total_received":4, "bytes_tx":60, "bytes_rx":12, "r2n_latency":4805, "lqi":100, "rssi":-77, "server_sent":7, "server_received":10, "server_bytes_rx":60, "n2r_latency":18362, "hops":5, "rtt_latency":8072, "root_time_now":277690}
[Mote:1] {"node":"fd00::202:2:2:2", "cpu_energy_mj":18, "lpm_energy_mj":0, "radio_tx_energy_mj":1, "radio_rx_energy_mj":8, "total_energy_mj":27, "node_time":273645, "total_sent":25, "total_received":24, "bytes_tx":60, "bytes_rx":12, "r2n_latency":764, "lqi":100, "rssi":-83, "server_sent":25, "server_received":48, "server_bytes_rx":60, "n2r_latency":4115, "hops":0, "rtt_latency":8222, "root_time_now":277760}
[Mote:1] {"node":"fd00::206:6:6:6", "cpu_energy_mj":19, "lpm_energy_mj":0, "radio_tx_energy_mj":1, "radio_rx_energy_mj":9, "total_energy_mj":29, "node_time":273078, "total_sent":22, "total_received":22, "bytes_tx":60, "bytes_rx":12, "r2n_latency":1394, "lqi":100, "rssi":-86, "server_sent":23, "server_received":43, "server_bytes_rx":60, "n2r_latency":4752, "hops":1, "rtt_latency":8432, "root_time_now":277830}
[Mote:14] Not reachable yet
[Mote:5] Sensor IPv6 = fe80::205:5:5:5
[Mote:16] Not reachable yet
[Mote:12] Sensor IPv6 = fe80::20c:c:c:c
[Mote:1] {"node":"fd00::204:4:4:4", "cpu_energy_mj":19, "lpm_energy_mj":0, "radio_tx_energy_mj":2, "radio_rx_energy_mj":7, "total_energy_mj":28, "node_time":263850, "total_sent":13, "total_received":12, "bytes_tx":60, "bytes_rx":12, "r2n_latency":4744, "lqi":100, "rssi":-88, "server_sent":15, "server_received":24, "server_bytes_rx":60, "n2r_latency":18460, "hops":4, "rtt_latency":13572, "root_time_now":282310}
[Mote:8] Sensor IPv6 = fe80::208:8:8:8
[Mote:7] Not reachable yet
[Mote:1] {"node":"fd00::20b:b:b:b", "cpu_energy_mj":18, "lpm_energy_mj":0, "radio_tx_energy_mj":0, "radio_rx_energy_mj":8, "total_energy_mj":26, "node_time":273113, "total_sent":15, "total_received":14, "bytes_tx":60, "bytes_rx":12, "r2n_latency":2947, "lqi":100, "rssi":-43, "server_sent":15, "server_received":25, "server_bytes_rx":60, "n2r_latency":10107, "hops":2, "rtt_latency":6472, "root_time_now":283220}
[Mote:11] Sensor IPv6 = fe80::20b:b:b:b
[Mote:1] {"node":"fd00::209:9:9:9", "cpu_energy_mj":19, "lpm_energy_mj":0, "radio_tx_energy_mj":1, "radio_rx_energy_mj":7, "total_energy_mj":27, "node_time":275155, "total_sent":22, "total_received":22, "bytes_tx":60, "bytes_rx":12, "r2n_latency":1057, "lqi":100, "rssi":-91, "server_sent":23, "server_received":43, "server_bytes_rx":60, "n2r_latency":8135, "hops":1, "rtt_latency":2733, "root_time_now":283290}
[Mote:13] Not reachable yet
[Mote:6] Sensor IPv6 = fe80::206:6:6:6
[Mote:1] {"node":"fd00::206:6:6:6", "cpu_energy_mj":19, "lpm_energy_mj":0, "radio_tx_energy_mj":0, "radio_rx_energy_mj":9, "total_energy_mj":28, "node_time":284006, "total_sent":23, "total_received":23, "bytes_tx":60, "bytes_rx":12, "r2n_latency":9107, "lqi":100, "rssi":-86, "server_sent":24, "server_received":45, "server_bytes_rx":60, "n2r_latency":124, "hops":1, "rtt_latency":6968, "root_time_now":284130}
[Mote:2] Sensor IPv6 = fe80::202:2:2:2
[Mote:1] {"node":"fd00::202:2:2:2", "cpu_energy_mj":18, "lpm_energy_mj":0, "radio_tx_energy_mj":2, "radio_rx_energy_mj":6, "total_energy_mj":26, "node_time":284174, "total_sent":26, "total_received":25, "bytes_tx":60, "bytes_rx":12, "r2n_latency":8407, "lqi":100, "rssi":-83, "server_sent":26, "server_received":50, "server_bytes_rx":60, "n2r_latency":26, "hops":0, "rtt_latency":6933, "root_time_now":284200}
[Mote:15] Not reachable yet
[Mote:19] Not reachable yet
[Mote:1] {"node":"fd00::204:4:4:4", "cpu_energy_mj":19, "lpm_energy_mj":0, "radio_tx_energy_mj":1, "radio_rx_energy_mj":8, "total_energy_mj":28, "node_time":274406, "total_sent":14, "total_received":13, "bytes_tx":60, "bytes_rx":12, "r2n_latency":7974, "lqi":100, "rssi":-88, "server_sent":15, "server_received":26, "server_bytes_rx":60, "n2r_latency":10214, "hops":2, "rtt_latency":11757, "root_time_now":284620}
[Mote:18] Not reachable yet
[Mote:4] Sensor IPv6 = fe80::204:4:4:4
[Mote:1] {"node":"fd00::203:3:3:3", "cpu_energy_mj":18, "lpm_energy_mj":0, "radio_tx_energy_mj":1, "radio_rx_energy_mj":7, "total_energy_mj":26, "node_time":277629, "total_sent":25, "total_received":23, "bytes_tx":60, "bytes_rx":12, "r2n_latency":4052, "lqi":100, "rssi":-88, "server_sent":25, "server_received":48, "server_bytes_rx":60, "n2r_latency":7341, "hops":1, "rtt_latency":8607, "root_time_now":284970}
[Mote:10] Sensor IPv6 = fe80::20a:a:a:a
[Mote:9] Sensor IPv6 = fe80::209:9:9:9
[Mote:1] {"node":"fd00::211:11:11:11", "cpu_energy_mj":18, "lpm_energy_mj":0, "radio_tx_energy_mj":0, "radio_rx_energy_mj":8, "total_energy_mj":26, "node_time":276350, "total_sent":7, "total_received":5, "bytes_tx":60, "bytes_rx":12, "r2n_latency":8953, "lqi":100, "rssi":-93, "server_sent":7, "server_received":6, "server_bytes_rx":60, "n2r_latency":9460, "hops":3, "rtt_latency":13388, "root_time_now":285810}
[Mote:17] Sensor IPv6 = fe80::211:11:11:11
[Mote:1] {"node":"fd00::205:5:5:5", "cpu_energy_mj":19, "lpm_energy_mj":0, "radio_tx_energy_mj":1, "radio_rx_energy_mj":8, "total_energy_mj":28, "node_time":280909, "total_sent":8, "total_received":6, "bytes_tx":60, "bytes_rx":12, "r2n_latency":8534, "lqi":100, "rssi":-77, "server_sent":8, "server_received":13, "server_bytes_rx":60, "n2r_latency":6511, "hops":3, "rtt_latency":11862, "root_time_now":287420}
[Mote:3] Sensor IPv6 = fe80::203:3:3:3
[Mote:1] {"node":"fd00::208:8:8:8", "cpu_energy_mj":18, "lpm_energy_mj":0, "radio_tx_energy_mj":1, "radio_rx_energy_mj":7, "total_energy_mj":26, "node_time":282716, "total_sent":25, "total_received":25, "bytes_tx":60, "bytes_rx":12, "r2n_latency":156, "lqi":100, "rssi":-90, "server_sent":25, "server_received":49, "server_bytes_rx":60, "n2r_latency":5474, "hops":4, "rtt_latency":1688, "root_time_now":288190}
[Mote:1] {"node":"fd00::20b:b:b:b", "cpu_energy_mj":18, "lpm_energy_mj":0, "radio_tx_energy_mj":0, "radio_rx_energy_mj":8, "total_energy_mj":26, "node_time":283236, "total_sent":16, "total_received":15, "bytes_tx":60, "bytes_rx":12, "r2n_latency":1416, "lqi":100, "rssi":-43, "server_sent":15, "server_received":27, "server_bytes_rx":60, "n2r_latency":5024, "hops":2, "rtt_latency":3228, "root_time_now":288260}
[Mote:1] {"node":"fd00::209:9:9:9", "cpu_energy_mj":19, "lpm_energy_mj":0, "radio_tx_energy_mj":1, "radio_rx_energy_mj":8, "total_energy_mj":28, "node_time":285726, "total_sent":23, "total_received":23, "bytes_tx":60, "bytes_rx":12, "r2n_latency":366, "lqi":100, "rssi":-91, "server_sent":23, "server_received":45, "server_bytes_rx":60, "n2r_latency":2674, "hops":1, "rtt_latency":3053, "root_time_now":288400}
[Mote:14] Not reachable yet
[Mote:16] Not reachable yet
[Mote:5] Sensor IPv6 = fe80::205:5:5:5
[Mote:12] Sensor IPv6 = fe80::20c:c:c:c
[Mote:8] Sensor IPv6 = fe80::208:8:8:8
[Mote:7] Not reachable yet
[Mote:11] Sensor IPv6 = fe80::20b:b:b:b
[Mote:1] {"node":"fd00::208:8:8:8", "cpu_energy_mj":18, "lpm_energy_mj":0, "radio_tx_energy_mj":1, "radio_rx_energy_mj":7, "total_energy_mj":26, "node_time":293200, "total_sent":26, "total_received":26, "bytes_tx":60, "bytes_rx":12, "r2n_latency":373, "lqi":100, "rssi":-90, "server_sent":26, "server_received":51, "server_bytes_rx":60, "n2r_latency":170, "hops":0, "rtt_latency":1656, "root_time_now":293370}
[Mote:13] Not reachable yet
[Mote:2] Sensor IPv6 = fe80::202:2:2:2
[Mote:15] Not reachable yet
[Mote:1] {"node":"fd00::202:2:2:2", "cpu_energy_mj":18, "lpm_energy_mj":0, "radio_tx_energy_mj":1, "radio_rx_energy_mj":7, "total_energy_mj":26, "node_time":294707, "total_sent":27, "total_received":26, "bytes_tx":60, "bytes_rx":12, "r2n_latency":11216, "lqi":100, "rssi":-83, "server_sent":27, "server_received":52, "server_bytes_rx":60, "n2r_latency":133, "hops":0, "rtt_latency":7358, "root_time_now":294840}
[Mote:6] Sensor IPv6 = fe80::206:6:6:6
[Mote:1] {"node":"fd00::206:6:6:6", "cpu_energy_mj":19, "lpm_energy_mj":0, "radio_tx_energy_mj":0, "radio_rx_energy_mj":9, "total_energy_mj":28, "node_time":294935, "total_sent":24, "total_received":24, "bytes_tx":60, "bytes_rx":12, "r2n_latency":12336, "lqi":100, "rssi":-86, "server_sent":25, "server_received":47, "server_bytes_rx":60, "n2r_latency":325, "hops":1, "rtt_latency":7393, "root_time_now":295260}
[Mote:18] Not reachable yet
[Mote:19] Not reachable yet
[Mote:4] Sensor IPv6 = fe80::204:4:4:4
[Mote:10] Not reachable yet
[Mote:1] {"node":"fd00::20b:b:b:b", "cpu_energy_mj":18, "lpm_energy_mj":0, "radio_tx_energy_mj":0, "radio_rx_energy_mj":8, "total_energy_mj":26, "node_time":293360, "total_sent":17, "total_received":15, "bytes_tx":60, "bytes_rx":12, "r2n_latency":1416, "lqi":100, "rssi":-43, "server_sent":16, "server_received":28, "server_bytes_rx":60, "n2r_latency":2810, "hops":2, "rtt_latency":3228, "root_time_now":296170}
[Mote:9] Sensor IPv6 = fe80::209:9:9:9
[Mote:17] Sensor IPv6 = fe80::211:11:11:11
[Mote:1] {"node":"fd00::209:9:9:9", "cpu_energy_mj":19, "lpm_energy_mj":0, "radio_tx_energy_mj":2, "radio_rx_energy_mj":7, "total_energy_mj":28, "node_time":296297, "total_sent":24, "total_received":24, "bytes_tx":60, "bytes_rx":12, "r2n_latency":863, "lqi":100, "rssi":-91, "server_sent":24, "server_received":47, "server_bytes_rx":60, "n2r_latency":1273, "hops":1, "rtt_latency":2706, "root_time_now":297570}
[Mote:3] Sensor IPv6 = fe80::203:3:3:3
[Mote:1] {"node":"fd00::204:4:4:4", "cpu_energy_mj":19, "lpm_energy_mj":0, "radio_tx_energy_mj":1, "radio_rx_energy_mj":8, "total_energy_mj":28, "node_time":295518, "total_sent":16, "total_received":15, "bytes_tx":60, "bytes_rx":12, "r2n_latency":13246, "lqi":100, "rssi":-88, "server_sent":16, "server_received":28, "server_bytes_rx":60, "n2r_latency":2822, "hops":3, "rtt_latency":8578, "root_time_now":298340}
[Mote:1] {"node":"fd00::204:4:4:4", "cpu_energy_mj":19, "lpm_energy_mj":0, "radio_tx_energy_mj":1, "radio_rx_energy_mj":8, "total_energy_mj":28, "node_time":284965, "total_sent":15, "total_received":14, "bytes_tx":60, "bytes_rx":12, "r2n_latency":10717, "lqi":100, "rssi":-88, "server_sent":16, "server_received":29, "server_bytes_rx":60, "n2r_latency":13585, "hops":2, "rtt_latency":8578, "root_time_now":298550}
[Mote:1] {"node":"fd00::211:11:11:11", "cpu_energy_mj":18, "lpm_energy_mj":0, "radio_tx_energy_mj":0, "radio_rx_energy_mj":8, "total_energy_mj":26, "node_time":286571, "total_sent":8, "total_received":5, "bytes_tx":60, "bytes_rx":12, "r2n_latency":8953, "lqi":100, "rssi":-93, "server_sent":8, "server_received":7, "server_bytes_rx":60, "n2r_latency":12959, "hops":3, "rtt_latency":13388, "root_time_now":299530}
[Mote:1] {"node":"fd00::203:3:3:3", "cpu_energy_mj":18, "lpm_energy_mj":0, "radio_tx_energy_mj":1, "radio_rx_energy_mj":8, "total_energy_mj":27, "node_time":287893, "total_sent":26, "total_received":24, "bytes_tx":60, "bytes_rx":12, "r2n_latency":8687, "lqi":100, "rssi":-59, "server_sent":26, "server_received":50, "server_bytes_rx":60, "n2r_latency":11847, "hops":1, "rtt_latency":7738, "root_time_now":299740}
[Mote:16] Not reachable yet
[Mote:14] Not reachable yet
[Mote:1] {"node":"fd00::203:3:3:3", "cpu_energy_mj":18, "lpm_energy_mj":0, "radio_tx_energy_mj":1, "radio_rx_energy_mj":8, "total_energy_mj":27, "node_time":298157, "total_sent":27, "total_received":25, "bytes_tx":60, "bytes_rx":12, "r2n_latency":11709, "lqi":100, "rssi":-59, "server_sent":27, "server_received":52, "server_bytes_rx":60, "n2r_latency":3963, "hops":2, "rtt_latency":10263, "root_time_now":302120}
[Mote:5] Not reachable yet
[Mote:11] Sensor IPv6 = fe80::20b:b:b:b
[Mote:12] Not reachable yet
[Mote:1] {"node":"fd00::20b:b:b:b", "cpu_energy_mj":18, "lpm_energy_mj":0, "radio_tx_energy_mj":0, "radio_rx_energy_mj":8, "total_energy_mj":26, "node_time":303483, "total_sent":18, "total_received":16, "bytes_tx":60, "bytes_rx":12, "r2n_latency":4363, "lqi":100, "rssi":-43, "server_sent":17, "server_received":30, "server_bytes_rx":60, "n2r_latency":177, "hops":2, "rtt_latency":3266, "root_time_now":303660}
[Mote:8] Sensor IPv6 = fe80::208:8:8:8
[Mote:7] Not reachable yet
[Mote:1] {"node":"fd00::208:8:8:8", "cpu_energy_mj":18, "lpm_energy_mj":0, "radio_tx_energy_mj":1, "radio_rx_energy_mj":8, "total_energy_mj":27, "node_time":303681, "total_sent":27, "total_received":27, "bytes_tx":60, "bytes_rx":12, "r2n_latency":244, "lqi":100, "rssi":-90, "server_sent":27, "server_received":53, "server_bytes_rx":60, "n2r_latency":189, "hops":0, "rtt_latency":1417, "root_time_now":303870}
[Mote:13] Not reachable yet
[Mote:2] Sensor IPv6 = fe80::202:2:2:2
[Mote:15] Not reachable yet
[Mote:1] {"node":"fd00::202:2:2:2", "cpu_energy_mj":18, "lpm_energy_mj":0, "radio_tx_energy_mj":1, "radio_rx_energy_mj":8, "total_energy_mj":27, "node_time":305237, "total_sent":28, "total_received":26, "bytes_tx":60, "bytes_rx":12, "r2n_latency":11216, "lqi":100, "rssi":-83, "server_sent":28, "server_received":53, "server_bytes_rx":60, "n2r_latency":243, "hops":0, "rtt_latency":7358, "root_time_now":305480}
[Mote:10] Not reachable yet
[Mote:6] Sensor IPv6 = fe80::206:6:6:6
[Mote:18] Not reachable yet
[Mote:1] {"node":"fd00::206:6:6:6", "cpu_energy_mj":19, "lpm_energy_mj":0, "radio_tx_energy_mj":1, "radio_rx_energy_mj":9, "total_energy_mj":29, "node_time":305864, "total_sent":25, "total_received":24, "bytes_tx":60, "bytes_rx":12, "r2n_latency":12336, "lqi":100, "rssi":-86, "server_sent":26, "server_received":48, "server_bytes_rx":60, "n2r_latency":106, "hops":1, "rtt_latency":7393, "root_time_now":305970}
[Mote:4] Not reachable yet
[Mote:19] Not reachable yet
[Mote:9] Sensor IPv6 = fe80::209:9:9:9
[Mote:1] {"node":"fd00::209:9:9:9", "cpu_energy_mj":19, "lpm_energy_mj":0, "radio_tx_energy_mj":1, "radio_rx_energy_mj":7, "total_energy_mj":27, "node_time":306870, "total_sent":25, "total_received":25, "bytes_tx":60, "bytes_rx":12, "r2n_latency":804, "lqi":100, "rssi":-91, "server_sent":25, "server_received":49, "server_bytes_rx":60, "n2r_latency":80, "hops":1, "rtt_latency":1452, "root_time_now":306950}
[Mote:17] Not reachable yet
[Mote:3] Sensor IPv6 = fe80::203:3:3:3
[Mote:16] Not reachable yet
[Mote:14] Not reachable yet
[Mote:5] Not reachable yet
[Mote:11] Sensor IPv6 = fe80::20b:b:b:b
[Mote:13] Not reachable yet
[Mote:8] Sensor IPv6 = fe80::208:8:8:8
[Mote:7] Not reachable yet
[Mote:1] {"node":"fd00::203:3:3:3", "cpu_energy_mj":18, "lpm_energy_mj":0, "radio_tx_energy_mj":1, "radio_rx_energy_mj":7, "total_energy_mj":26, "node_time":308421, "total_sent":28, "total_received":25, "bytes_tx":60, "bytes_rx":12, "r2n_latency":11709, "lqi":100, "rssi":-59, "server_sent":28, "server_received":53, "server_bytes_rx":60, "n2r_latency":5879, "hops":1, "rtt_latency":10263, "root_time_now":314300}
[Mote:12] Not reachable yet
[Mote:2] Sensor IPv6 = fe80::202:2:2:2
[Mote:15] Not reachable yet
[Mote:10] Not reachable yet
[Mote:1] {"node":"fd00::202:2:2:2", "cpu_energy_mj":18, "lpm_energy_mj":0, "radio_tx_energy_mj":2, "radio_rx_energy_mj":7, "total_energy_mj":27, "node_time":315767, "total_sent":29, "total_received":27, "bytes_tx":60, "bytes_rx":12, "r2n_latency":21233, "lqi":100, "rssi":-83, "server_sent":29, "server_received":55, "server_bytes_rx":60, "n2r_latency":353, "hops":0, "rtt_latency":12086, "root_time_now":316120}
[Mote:18] Not reachable yet
[Mote:4] Not reachable yet
[Mote:6] Sensor IPv6 = fe80::206:6:6:6
[Mote:17] Not reachable yet
[Mote:19] Not reachable yet
[Mote:9] Sensor IPv6 = fe80::209:9:9:9
[Mote:1] {"node":"fd00::208:8:8:8", "cpu_energy_mj":18, "lpm_energy_mj":0, "radio_tx_energy_mj":0, "radio_rx_energy_mj":8, "total_energy_mj":26, "node_time":314166, "total_sent":28, "total_received":28, "bytes_tx":60, "bytes_rx":12, "r2n_latency":1654, "lqi":100, "rssi":-90, "server_sent":28, "server_received":55, "server_bytes_rx":60, "n2r_latency":3984, "hops":0, "rtt_latency":1107, "root_time_now":318150}
[Mote:3] Sensor IPv6 = fe80::203:3:3:3
[Mote:1] {"node":"fd00::20b:b:b:b", "cpu_energy_mj":18, "lpm_energy_mj":0, "radio_tx_energy_mj":0, "radio_rx_energy_mj":8, "total_energy_mj":26, "node_time":313606, "total_sent":19, "total_received":17, "bytes_tx":60, "bytes_rx":12, "r2n_latency":5214, "lqi":100, "rssi":-43, "server_sent":18, "server_received":32, "server_bytes_rx":60, "n2r_latency":5804, "hops":2, "rtt_latency":3132, "root_time_now":319410}
[Mote:1] {"node":"fd00::209:9:9:9", "cpu_energy_mj":19, "lpm_energy_mj":0, "radio_tx_energy_mj":0, "radio_rx_energy_mj":8, "total_energy_mj":27, "node_time":317440, "total_sent":26, "total_received":26, "bytes_tx":60, "bytes_rx":12, "r2n_latency":5574, "lqi":100, "rssi":-91, "server_sent":26, "server_received":51, "server_bytes_rx":60, "n2r_latency":2110, "hops":1, "rtt_latency":4747, "root_time_now":319550}
[Mote:16] Not reachable yet
[Mote:14] Not reachable yet
[Mote:11] Sensor IPv6 = fe80::20b:b:b:b
[Mote:5] Not reachable yet
[Mote:13] Not reachable yet
[Mote:8] Sensor IPv6 = fe80::208:8:8:8
[Mote:7] Not reachable yet
[Mote:12] Not reachable yet
[Mote:1] {"node":"fd00::206:6:6:6", "cpu_energy_mj":19, "lpm_energy_mj":0, "radio_tx_energy_mj":2, "radio_rx_energy_mj":8, "total_energy_mj":29, "node_time":316796, "total_sent":26, "total_received":25, "bytes_tx":60, "bytes_rx":12, "r2n_latency":23543, "lqi":100, "rssi":-86, "server_sent":28, "server_received":50, "server_bytes_rx":60, "n2r_latency":8494, "hops":1, "rtt_latency":13136, "root_time_now":325290}
[Mote:10] Not reachable yet
[Mote:2] Sensor IPv6 = fe80::202:2:2:2
[Mote:15] Not reachable yet
[Mote:1] {"node":"fd00::202:2:2:2", "cpu_energy_mj":18, "lpm_energy_mj":0, "radio_tx_energy_mj":1, "radio_rx_energy_mj":7, "total_energy_mj":26, "node_time":326299, "total_sent":30, "total_received":28, "bytes_tx":60, "bytes_rx":12, "r2n_latency":18304, "lqi":100, "rssi":-83, "server_sent":30, "server_received":56, "server_bytes_rx":60, "n2r_latency":251, "hops":0, "rtt_latency":12086, "root_time_now":326550}
[Mote:18] Not reachable yet
[Mote:1] {"node":"fd00::208:8:8:8", "cpu_energy_mj":18, "lpm_energy_mj":0, "radio_tx_energy_mj":1, "radio_rx_energy_mj":7, "total_energy_mj":26, "node_time":324648, "total_sent":29, "total_received":29, "bytes_tx":60, "bytes_rx":12, "r2n_latency":2924, "lqi":100, "rssi":-90, "server_sent":29, "server_received":57, "server_bytes_rx":60, "n2r_latency":2462, "hops":0, "rtt_latency":3422, "root_time_now":327110}
[Mote:4] Not reachable yet
[Mote:1] {"node":"fd00::20b:b:b:b", "cpu_energy_mj":18, "lpm_energy_mj":0, "radio_tx_energy_mj":0, "radio_rx_energy_mj":8, "total_energy_mj":26, "node_time":323728, "total_sent":20, "total_received":18, "bytes_tx":60, "bytes_rx":12, "r2n_latency":8164, "lqi":100, "rssi":-43, "server_sent":19, "server_received":34, "server_bytes_rx":60, "n2r_latency":3522, "hops":2, "rtt_latency":5587, "root_time_now":327250}
[Mote:17] Not reachable yet
[Mote:6] Sensor IPv6 = fe80::206:6:6:6
[Mote:9] Sensor IPv6 = fe80::209:9:9:9
[Mote:19] Not reachable yet
[Mote:1] {"node":"fd00::203:3:3:3", "cpu_energy_mj":18, "lpm_energy_mj":0, "radio_tx_energy_mj":1, "radio_rx_energy_mj":8, "total_energy_mj":27, "node_time":318686, "total_sent":29, "total_received":26, "bytes_tx":60, "bytes_rx":12, "r2n_latency":26063, "lqi":100, "rssi":-59, "server_sent":29, "server_received":55, "server_bytes_rx":60, "n2r_latency":9544, "hops":2, "rtt_latency":17686, "root_time_now":328230}
[Mote:1] {"node":"fd00::209:9:9:9", "cpu_energy_mj":19, "lpm_energy_mj":0, "radio_tx_energy_mj":1, "radio_rx_energy_mj":7, "total_energy_mj":27, "node_time":328012, "total_sent":27, "total_received":27, "bytes_tx":60, "bytes_rx":12, "r2n_latency":3274, "lqi":100, "rssi":-91, "server_sent":27, "server_received":53, "server_bytes_rx":60, "n2r_latency":288, "hops":1, "rtt_latency":3527, "root_time_now":328300}
[Mote:3] Sensor IPv6 = fe80::203:3:3:3
[Mote:16] Not reachable yet
[Mote:14] Not reachable yet
[Mote:11] Sensor IPv6 = fe80::20b:b:b:b
[Mote:13] Not reachable yet
[Mote:1] {"node":"fd00::20b:b:b:b", "cpu_energy_mj":18, "lpm_energy_mj":0, "radio_tx_energy_mj":0, "radio_rx_energy_mj":8, "total_energy_mj":26, "node_time":333851, "total_sent":21, "total_received":20, "bytes_tx":60, "bytes_rx":12, "r2n_latency":1886, "lqi":100, "rssi":-43, "server_sent":20, "server_received":37, "server_bytes_rx":60, "n2r_latency":399, "hops":2, "rtt_latency":1258, "root_time_now":334250}
[Mote:5] Not reachable yet
[Mote:8] Sensor IPv6 = fe80::208:8:8:8
[Mote:7] Not reachable yet
[Mote:1] {"node":"fd00::208:8:8:8", "cpu_energy_mj":18, "lpm_energy_mj":0, "radio_tx_energy_mj":1, "radio_rx_energy_mj":8, "total_energy_mj":27, "node_time":335130, "total_sent":30, "total_received":30, "bytes_tx":60, "bytes_rx":12, "r2n_latency":276, "lqi":100, "rssi":-90, "server_sent":30, "server_received":59, "server_bytes_rx":60, "n2r_latency":170, "hops":0, "rtt_latency":558, "root_time_now":335300}
[Mote:12] Not reachable yet
[Mote:10] Not reachable yet
[Mote:2] Sensor IPv6 = fe80::202:2:2:2
[Mote:1] {"node":"fd00::202:2:2:2", "cpu_energy_mj":18, "lpm_energy_mj":0, "radio_tx_energy_mj":1, "radio_rx_energy_mj":8, "total_energy_mj":27, "node_time":336833, "total_sent":31, "total_received":29, "bytes_tx":60, "bytes_rx":12, "r2n_latency":23564, "lqi":100, "rssi":-83, "server_sent":31, "server_received":58, "server_bytes_rx":60, "n2r_latency":7, "hops":0, "rtt_latency":11852, "root_time_now":336840}
[Mote:15] Not reachable yet
[Mote:18] Not reachable yet
[Mote:17] Not reachable yet
[Mote:4] Not reachable yet
[Mote:9] Sensor IPv6 = fe80::209:9:9:9
[Mote:6] Sensor IPv6 = fe80::206:6:6:6
[Mote:1] {"node":"fd00::209:9:9:9", "cpu_energy_mj":19, "lpm_energy_mj":0, "radio_tx_energy_mj":0, "radio_rx_energy_mj":8, "total_energy_mj":27, "node_time":338585, "total_sent":28, "total_received":28, "bytes_tx":60, "bytes_rx":12, "r2n_latency":486, "lqi":100, "rssi":-91, "server_sent":28, "server_received":55, "server_bytes_rx":60, "n2r_latency":75, "hops":1, "rtt_latency":593, "root_time_now":338660}
[Mote:19] Not reachable yet
[Mote:3] Not reachable yet
[Mote:1] {"node":"fd00::203:3:3:3", "cpu_energy_mj":18, "lpm_energy_mj":0, "radio_tx_energy_mj":1, "radio_rx_energy_mj":8, "total_energy_mj":27, "node_time":328949, "total_sent":30, "total_received":27, "bytes_tx":60, "bytes_rx":12, "r2n_latency":27754, "lqi":100, "rssi":-59, "server_sent":30, "server_received":57, "server_bytes_rx":60, "n2r_latency":10271, "hops":2, "rtt_latency":19092, "root_time_now":339220}
[Mote:16] Not reachable yet
[Mote:11] Sensor IPv6 = fe80::20b:b:b:b
[Mote:13] Not reachable yet
[Mote:14] Not reachable yet
[Mote:8] Sensor IPv6 = fe80::208:8:8:8
[Mote:5] Not reachable yet
[Mote:7] Not reachable yet
[Mote:1] {"node":"fd00::20b:b:b:b", "cpu_energy_mj":18, "lpm_energy_mj":0, "radio_tx_energy_mj":0, "radio_rx_energy_mj":8, "total_energy_mj":26, "node_time":343975, "total_sent":22, "total_received":21, "bytes_tx":60, "bytes_rx":12, "r2n_latency":3644, "lqi":100, "rssi":-43, "server_sent":21, "server_received":39, "server_bytes_rx":60, "n2r_latency":1825, "hops":2, "rtt_latency":2872, "root_time_now":345800}
[Mote:1] {"node":"fd00::208:8:8:8", "cpu_energy_mj":18, "lpm_energy_mj":0, "radio_tx_energy_mj":0, "radio_rx_energy_mj":8, "total_energy_mj":26, "node_time":345615, "total_sent":31, "total_received":31, "bytes_tx":60, "bytes_rx":12, "r2n_latency":284, "lqi":100, "rssi":-90, "server_sent":31, "server_received":61, "server_bytes_rx":60, "n2r_latency":255, "hops":0, "rtt_latency":2802, "root_time_now":345870}
[Mote:10] Not reachable yet
[Mote:12] Not reachable yet
[Mote:2] Sensor IPv6 = fe80::202:2:2:2
[Mote:15] Not reachable yet
[Mote:17] Not reachable yet
[Mote:18] Not reachable yet
[Mote:4] Not reachable yet
[Mote:9] Sensor IPv6 = fe80::209:9:9:9
[Mote:1] {"node":"fd00::209:9:9:9", "cpu_energy_mj":19, "lpm_energy_mj":0, "radio_tx_energy_mj":0, "radio_rx_energy_mj":8, "total_energy_mj":27, "node_time":349156, "total_sent":29, "total_received":29, "bytes_tx":60, "bytes_rx":12, "r2n_latency":494, "lqi":100, "rssi":-91, "server_sent":29, "server_received":57, "server_bytes_rx":60, "n2r_latency":74, "hops":1, "rtt_latency":2837, "root_time_now":349230}
[Mote:3] Not reachable yet
[Mote:6] Sensor IPv6 = fe80::206:6:6:6
[Mote:1] {"node":"fd00::202:2:2:2", "cpu_energy_mj":18, "lpm_energy_mj":0, "radio_tx_energy_mj":1, "radio_rx_energy_mj":8, "total_energy_mj":27, "node_time":347362, "total_sent":32, "total_received":30, "bytes_tx":60, "bytes_rx":12, "r2n_latency":27074, "lqi":100, "rssi":-83, "server_sent":32, "server_received":60, "server_bytes_rx":60, "n2r_latency":2498, "hops":0, "rtt_latency":14762, "root_time_now":349860}
[Mote:19] Not reachable yet
[Mote:16] Not reachable yet
[Mote:1] {"node":"fd00::206:6:6:6", "cpu_energy_mj":19, "lpm_energy_mj":0, "radio_tx_energy_mj":2, "radio_rx_energy_mj":7, "total_energy_mj":28, "node_time":349580, "total_sent":29, "total_received":28, "bytes_tx":60, "bytes_rx":12, "r2n_latency":28194, "lqi":100, "rssi":-86, "server_sent":31, "server_received":54, "server_bytes_rx":60, "n2r_latency":3710, "hops":1, "rtt_latency":16302, "root_time_now":353290}
[Mote:11] Sensor IPv6 = fe80::20b:b:b:b
[Mote:13] Not reachable yet
[Mote:14] Not reachable yet
[Mote:1] {"node":"fd00::20b:b:b:b", "cpu_energy_mj":18, "lpm_energy_mj":0, "radio_tx_energy_mj":0, "radio_rx_energy_mj":8, "total_energy_mj":26, "node_time":354097, "total_sent":23, "total_received":22, "bytes_tx":60, "bytes_rx":12, "r2n_latency":4006, "lqi":100, "rssi":-43, "server_sent":22, "server_received":41, "server_bytes_rx":60, "n2r_latency":1573, "hops":2, "rtt_latency":2423, "root_time_now":355670}
[Mote:8] Sensor IPv6 = fe80::208:8:8:8
[Mote:7] Not reachable yet
[Mote:5] Not reachable yet
[Mote:10] Not reachable yet
[Mote:12] Not reachable yet
[Mote:1] {"node":"fd00::208:8:8:8", "cpu_energy_mj":18, "lpm_energy_mj":0, "radio_tx_energy_mj":0, "radio_rx_energy_mj":8, "total_energy_mj":26, "node_time":356098, "total_sent":32, "total_received":32, "bytes_tx":60, "bytes_rx":12, "r2n_latency":226, "lqi":100, "rssi":-90, "server_sent":32, "server_received":63, "server_bytes_rx":60, "n2r_latency":1602, "hops":0, "rtt_latency":2038, "root_time_now":357700}
[Mote:2] Sensor IPv6 = fe80::202:2:2:2
[Mote:1] {"node":"fd00::202:2:2:2", "cpu_energy_mj":18, "lpm_energy_mj":0, "radio_tx_energy_mj":1, "radio_rx_energy_mj":7, "total_energy_mj":26, "node_time":357895, "total_sent":33, "total_received":31, "bytes_tx":60, "bytes_rx":12, "r2n_latency":26106, "lqi":100, "rssi":-83, "server_sent":33, "server_received":62, "server_bytes_rx":60, "n2r_latency":15, "hops":0, "rtt_latency":13158, "root_time_now":357910}
[Mote:15] Not reachable yet
[Mote:17] Not reachable yet
[Mote:18] Not reachable yet
[Mote:4] Not reachable yet
[Mote:9] Sensor IPv6 = fe80::209:9:9:9
[Mote:3] Not reachable yet
[Mote:6] Sensor IPv6 = fe80::206:6:6:6
[Mote:19] Not reachable yet
[Mote:16] Not reachable yet
[Mote:1] {"node":"fd00::209:9:9:9", "cpu_energy_mj":19, "lpm_energy_mj":0, "radio_tx_energy_mj":1, "radio_rx_energy_mj":7, "total_energy_mj":27, "node_time":359723, "total_sent":30, "total_received":30, "bytes_tx":60, "bytes_rx":12, "r2n_latency":506, "lqi":100, "rssi":-91, "server_sent":31, "server_received":59, "server_bytes_rx":60, "n2r_latency":1897, "hops":1, "rtt_latency":2073, "root_time_now":361620}
[Mote:11] Sensor IPv6 = fe80::20b:b:b:b
[Mote:1] {"node":"fd00::20b:b:b:b", "cpu_energy_mj":18, "lpm_energy_mj":0, "radio_tx_energy_mj":0, "radio_rx_energy_mj":8, "total_energy_mj":26, "node_time":364221, "total_sent":24, "total_received":23, "bytes_tx":60, "bytes_rx":12, "r2n_latency":2894, "lqi":100, "rssi":-43, "server_sent":23, "server_received":43, "server_bytes_rx":60, "n2r_latency":199, "hops":2, "rtt_latency":1587, "root_time_now":364420}
[Mote:13] Not reachable yet
[Mote:1] {"node":"fd00::206:6:6:6", "cpu_energy_mj":19, "lpm_energy_mj":0, "radio_tx_energy_mj":1, "radio_rx_energy_mj":8, "total_energy_mj":28, "node_time":360509, "total_sent":30, "total_received":29, "bytes_tx":60, "bytes_rx":12, "r2n_latency":27576, "lqi":100, "rssi":-86, "server_sent":32, "server_received":56, "server_bytes_rx":60, "n2r_latency":4681, "hops":1, "rtt_latency":14138, "root_time_now":365190}
[Mote:14] Not reachable yet
[Mote:8] Sensor IPv6 = fe80::208:8:8:8
[Mote:1] {"node":"fd00::208:8:8:8", "cpu_energy_mj":18, "lpm_energy_mj":0, "radio_tx_energy_mj":1, "radio_rx_energy_mj":8, "total_energy_mj":27, "node_time":366580, "total_sent":33, "total_received":33, "bytes_tx":60, "bytes_rx":12, "r2n_latency":164, "lqi":100, "rssi":-90, "server_sent":33, "server_received":65, "server_bytes_rx":60, "n2r_latency":80, "hops":0, "rtt_latency":852, "root_time_now":366660}
[Mote:7] Sensor IPv6 = fe80::207:7:7:7
[Mote:1] {"node":"fd00::207:7:7:7", "cpu_energy_mj":263, "lpm_energy_mj":0, "radio_tx_energy_mj":1, "radio_rx_energy_mj":191, "total_energy_mj":455, "node_time":366665, "total_sent":19, "total_received":32, "bytes_tx":60, "bytes_rx":12, "r2n_latency":724, "lqi":100, "rssi":-89, "server_sent":32, "server_received":37, "server_bytes_rx":60, "n2r_latency":65, "hops":0, "rtt_latency":397, "root_time_now":366730}
[Mote:10] Not reachable yet
[Mote:5] Not reachable yet
[Mote:17] Not reachable yet
[Mote:2] Sensor IPv6 = fe80::202:2:2:2
[Mote:15] Not reachable yet
[Mote:1] {"node":"fd00::202:2:2:2", "cpu_energy_mj":18, "lpm_energy_mj":0, "radio_tx_energy_mj":1, "radio_rx_energy_mj":8, "total_energy_mj":27, "node_time":368423, "total_sent":34, "total_received":32, "bytes_tx":60, "bytes_rx":12, "r2n_latency":25624, "lqi":100, "rssi":-83, "server_sent":34, "server_received":64, "server_bytes_rx":60, "n2r_latency":57, "hops":0, "rtt_latency":14107, "root_time_now":368480}
[Mote:12] Not reachable yet
[Mote:18] Not reachable yet
[Mote:4] Not reachable yet
[Mote:3] Not reachable yet
[Mote:9] Sensor IPv6 = fe80::209:9:9:9
[Mote:16] Not reachable yet
[Mote:6] Not reachable yet
[Mote:19] Not reachable yet
[Mote:1] {"node":"fd00::209:9:9:9", "cpu_energy_mj":19, "lpm_energy_mj":0, "radio_tx_energy_mj":1, "radio_rx_energy_mj":8, "total_energy_mj":28, "node_time":370295, "total_sent":31, "total_received":31, "bytes_tx":60, "bytes_rx":12, "r2n_latency":374, "lqi":100, "rssi":-91, "server_sent":32, "server_received":61, "server_bytes_rx":60, "n2r_latency":2805, "hops":1, "rtt_latency":992, "root_time_now":373100}
[Mote:11] Sensor IPv6 = fe80::20b:b:b:b
[Mote:13] Not reachable yet
[Mote:1] {"node":"fd00::20b:b:b:b", "cpu_energy_mj":18, "lpm_energy_mj":0, "radio_tx_energy_mj":0, "radio_rx_energy_mj":8, "total_energy_mj":26, "node_time":374344, "total_sent":25, "total_received":24, "bytes_tx":60, "bytes_rx":12, "r2n_latency":3815, "lqi":100, "rssi":-43, "server_sent":24, "server_received":45, "server_bytes_rx":60, "n2r_latency":436, "hops":2, "rtt_latency":2292, "root_time_now":374780}
[Mote:14] Not reachable yet
[Mote:8] Sensor IPv6 = fe80::208:8:8:8
[Mote:10] Not reachable yet
[Mote:7] Sensor IPv6 = fe80::207:7:7:7
[Mote:1] {"node":"fd00::208:8:8:8", "cpu_energy_mj":18, "lpm_energy_mj":0, "radio_tx_energy_mj":1, "radio_rx_energy_mj":8, "total_energy_mj":27, "node_time":377066, "total_sent":34, "total_received":34, "bytes_tx":60, "bytes_rx":12, "r2n_latency":595, "lqi":100, "rssi":-90, "server_sent":34, "server_received":67, "server_bytes_rx":60, "n2r_latency":234, "hops":0, "rtt_latency":857, "root_time_now":377300}
[Mote:1] {"node":"fd00::207:7:7:7", "cpu_energy_mj":18, "lpm_energy_mj":0, "radio_tx_energy_mj":0, "radio_rx_energy_mj":8, "total_energy_mj":26, "node_time":377143, "total_sent":20, "total_received":33, "bytes_tx":60, "bytes_rx":12, "r2n_latency":1015, "lqi":100, "rssi":-89, "server_sent":33, "server_received":39, "server_bytes_rx":60, "n2r_latency":577, "hops":0, "rtt_latency":542, "root_time_now":377720}
[Mote:5] Not reachable yet
[Mote:17] Not reachable yet
[Mote:2] Sensor IPv6 = fe80::202:2:2:2
[Mote:15] Not reachable yet
[Mote:12] Not reachable yet
[Mote:18] Not reachable yet
[Mote:4] Not reachable yet
[Mote:3] Not reachable yet
[Mote:9] Sensor IPv6 = fe80::209:9:9:9
[Mote:16] Not reachable yet
[Mote:6] Not reachable yet
[Mote:19] Not reachable yet
[Mote:1] {"node":"fd00::209:9:9:9", "cpu_energy_mj":19, "lpm_energy_mj":0, "radio_tx_energy_mj":1, "radio_rx_energy_mj":7, "total_energy_mj":27, "node_time":380867, "total_sent":32, "total_received":33, "bytes_tx":60, "bytes_rx":12, "r2n_latency":814, "lqi":100, "rssi":-91, "server_sent":33, "server_received":64, "server_bytes_rx":60, "n2r_latency":3153, "hops":1, "rtt_latency":1982, "root_time_now":384020}
[Mote:1] {"node":"fd00::202:2:2:2", "cpu_energy_mj":18, "lpm_energy_mj":0, "radio_tx_energy_mj":1, "radio_rx_energy_mj":7, "total_energy_mj":26, "node_time":378955, "total_sent":35, "total_received":34, "bytes_tx":60, "bytes_rx":12, "r2n_latency":18644, "lqi":100, "rssi":-83, "server_sent":36, "server_received":67, "server_bytes_rx":60, "n2r_latency":5205, "hops":0, "rtt_latency":9497, "root_time_now":384160}
[Mote:11] Sensor IPv6 = fe80::20b:b:b:b
[Mote:13] Not reachable yet
[Mote:1] {"node":"fd00::20b:b:b:b", "cpu_energy_mj":18, "lpm_energy_mj":0, "radio_tx_energy_mj":0, "radio_rx_energy_mj":8, "total_energy_mj":26, "node_time":384466, "total_sent":26, "total_received":25, "bytes_tx":60, "bytes_rx":12, "r2n_latency":3264, "lqi":100, "rssi":-43, "server_sent":25, "server_received":47, "server_bytes_rx":60, "n2r_latency":324, "hops":2, "rtt_latency":2052, "root_time_now":384790}
[Mote:10] Not reachable yet
[Mote:14] Not reachable yet
[Mote:8] Sensor IPv6 = fe80::208:8:8:8
[Mote:1] {"node":"fd00::208:8:8:8", "cpu_energy_mj":18, "lpm_energy_mj":0, "radio_tx_energy_mj":1, "radio_rx_energy_mj":8, "total_energy_mj":27, "node_time":387547, "total_sent":35, "total_received":35, "bytes_tx":60, "bytes_rx":12, "r2n_latency":114, "lqi":100, "rssi":-90, "server_sent":35, "server_received":69, "server_bytes_rx":60, "n2r_latency":43, "hops":0, "rtt_latency":1947, "root_time_now":387590}
[Mote:7] Sensor IPv6 = fe80::207:7:7:7
[Mote:1] {"node":"fd00::207:7:7:7", "cpu_energy_mj":18, "lpm_energy_mj":0, "radio_tx_energy_mj":0, "radio_rx_energy_mj":8, "total_energy_mj":26, "node_time":387617, "total_sent":21, "total_received":34, "bytes_tx":60, "bytes_rx":12, "r2n_latency":254, "lqi":100, "rssi":-89, "server_sent":34, "server_received":41, "server_bytes_rx":60, "n2r_latency":43, "hops":0, "rtt_latency":827, "root_time_now":387660}
[Mote:17] Not reachable yet
[Mote:5] Not reachable yet
[Mote:2] Sensor IPv6 = fe80::202:2:2:2
[Mote:15] Not reachable yet
[Mote:12] Not reachable yet
[Mote:18] Not reachable yet
[Mote:4] Not reachable yet
[Mote:3] Not reachable yet
[Mote:16] Not reachable yet
[Mote:9] Sensor IPv6 = fe80::209:9:9:9
[Mote:1] {"node":"fd00::202:2:2:2", "cpu_energy_mj":18, "lpm_energy_mj":0, "radio_tx_energy_mj":1, "radio_rx_energy_mj":7, "total_energy_mj":26, "node_time":389486, "total_sent":36, "total_received":36, "bytes_tx":60, "bytes_rx":12, "r2n_latency":9494, "lqi":100, "rssi":-83, "server_sent":37, "server_received":70, "server_bytes_rx":60, "n2r_latency":3214, "hops":0, "rtt_latency":4887, "root_time_now":392700}
[Mote:6] Not reachable yet
[Mote:1] {"node":"fd00::209:9:9:9", "cpu_energy_mj":19, "lpm_energy_mj":0, "radio_tx_energy_mj":1, "radio_rx_energy_mj":8, "total_energy_mj":28, "node_time":391439, "total_sent":33, "total_received":33, "bytes_tx":60, "bytes_rx":12, "r2n_latency":814, "lqi":100, "rssi":-91, "server_sent":34, "server_received":65, "server_bytes_rx":60, "n2r_latency":2031, "hops":1, "rtt_latency":1982, "root_time_now":393470}
[Mote:19] Not reachable yet
[Mote:11] Sensor IPv6 = fe80::20b:b:b:b
[Mote:13] Not reachable yet
[Mote:10] Not reachable yet
[Mote:1] {"node":"fd00::20b:b:b:b", "cpu_energy_mj":18, "lpm_energy_mj":0, "radio_tx_energy_mj":0, "radio_rx_energy_mj":8, "total_energy_mj":26, "node_time":394590, "total_sent":27, "total_received":26, "bytes_tx":60, "bytes_rx":12, "r2n_latency":3904, "lqi":100, "rssi":-43, "server_sent":26, "server_received":49, "server_bytes_rx":60, "n2r_latency":2870, "hops":2, "rtt_latency":2757, "root_time_now":397460}
[Mote:8] Sensor IPv6 = fe80::208:8:8:8
[Mote:7] Sensor IPv6 = fe80::207:7:7:7
[Mote:1] {"node":"fd00::208:8:8:8", "cpu_energy_mj":18, "lpm_energy_mj":0, "radio_tx_energy_mj":0, "radio_rx_energy_mj":8, "total_energy_mj":26, "node_time":398028, "total_sent":36, "total_received":36, "bytes_tx":60, "bytes_rx":12, "r2n_latency":124, "lqi":100, "rssi":-90, "server_sent":36, "server_received":71, "server_bytes_rx":60, "n2r_latency":202, "hops":0, "rtt_latency":1707, "root_time_now":398230}
[Mote:14] Not reachable yet
[Mote:1] {"node":"fd00::207:7:7:7", "cpu_energy_mj":18, "lpm_energy_mj":0, "radio_tx_energy_mj":0, "radio_rx_energy_mj":8, "total_energy_mj":26, "node_time":398093, "total_sent":22, "total_received":35, "bytes_tx":60, "bytes_rx":12, "r2n_latency":964, "lqi":100, "rssi":-89, "server_sent":35, "server_received":43, "server_bytes_rx":60, "n2r_latency":627, "hops":0, "rtt_latency":2897, "root_time_now":398720}
[Mote:17] Not reachable yet
[Mote:5] Not reachable yet
[Mote:15] Not reachable yet
[Mote:2] Sensor IPv6 = fe80::202:2:2:2
[Mote:3] Not reachable yet
[Mote:18] Not reachable yet
[Mote:12] Not reachable yet
[Mote:4] Not reachable yet
[Mote:16] Not reachable yet
[Mote:9] Sensor IPv6 = fe80::209:9:9:9
[Mote:1] {"node":"fd00::209:9:9:9", "cpu_energy_mj":19, "lpm_energy_mj":0, "radio_tx_energy_mj":1, "radio_rx_energy_mj":7, "total_energy_mj":27, "node_time":402008, "total_sent":34, "total_received":35, "bytes_tx":60, "bytes_rx":12, "r2n_latency":975, "lqi":100, "rssi":-91, "server_sent":35, "server_received":68, "server_bytes_rx":60, "n2r_latency":212, "hops":1, "rtt_latency":977, "root_time_now":402220}
[Mote:1] {"node":"fd00::202:2:2:2", "cpu_energy_mj":18, "lpm_energy_mj":0, "radio_tx_energy_mj":1, "radio_rx_energy_mj":7, "total_energy_mj":26, "node_time":400016, "total_sent":37, "total_received":37, "bytes_tx":60, "bytes_rx":12, "r2n_latency":6074, "lqi":100, "rssi":-83, "server_sent":38, "server_received":72, "server_bytes_rx":60, "n2r_latency":2344, "hops":0, "rtt_latency":3107, "root_time_now":402360}
[Mote:6] Sensor IPv6 = fe80::206:6:6:6
[Mote:19] Not reachable yet
[Mote:11] Sensor IPv6 = fe80::20b:b:b:b
[Mote:1] {"node":"fd00::20b:b:b:b", "cpu_energy_mj":18, "lpm_energy_mj":0, "radio_tx_energy_mj":0, "radio_rx_energy_mj":8, "total_energy_mj":26, "node_time":404712, "total_sent":28, "total_received":27, "bytes_tx":60, "bytes_rx":12, "r2n_latency":3495, "lqi":100, "rssi":-43, "server_sent":27, "server_received":51, "server_bytes_rx":60, "n2r_latency":168, "hops":2, "rtt_latency":2167, "root_time_now":404880}
[Mote:13] Not reachable yet
[Mote:10] Not reachable yet
[Mote:8] Sensor IPv6 = fe80::208:8:8:8
[Mote:1] {"node":"fd00::208:8:8:8", "cpu_energy_mj":18, "lpm_energy_mj":0, "radio_tx_energy_mj":1, "radio_rx_energy_mj":7, "total_energy_mj":26, "node_time":408512, "total_sent":37, "total_received":37, "bytes_tx":60, "bytes_rx":12, "r2n_latency":485, "lqi":100, "rssi":-90, "server_sent":37, "server_received":73, "server_bytes_rx":60, "n2r_latency":8, "hops":0, "rtt_latency":942, "root_time_now":408520}
[Mote:7] Sensor IPv6 = fe80::207:7:7:7
[Mote:1] {"node":"fd00::207:7:7:7", "cpu_energy_mj":18, "lpm_energy_mj":0, "radio_tx_energy_mj":0, "radio_rx_energy_mj":8, "total_energy_mj":26, "node_time":408571, "total_sent":23, "total_received":36, "bytes_tx":60, "bytes_rx":12, "r2n_latency":625, "lqi":100, "rssi":-89, "server_sent":36, "server_received":45, "server_bytes_rx":60, "n2r_latency":229, "hops":0, "rtt_latency":522, "root_time_now":408800}
[Mote:14] Not reachable yet
[Mote:1] {"node":"fd00::206:6:6:6", "cpu_energy_mj":78, "lpm_energy_mj":0, "radio_tx_energy_mj":4, "radio_rx_energy_mj":34, "total_energy_mj":116, "node_time":404226, "total_sent":31, "total_received":36, "bytes_tx":60, "bytes_rx":12, "r2n_latency":3215, "lqi":100, "rssi":-86, "server_sent":36, "server_received":63, "server_bytes_rx":60, "n2r_latency":4924, "hops":1, "rtt_latency":4057, "root_time_now":409150}
[Mote:17] Not reachable yet
[Mote:5] Not reachable yet
[Mote:15] Not reachable yet
[Mote:2] Sensor IPv6 = fe80::202:2:2:2
[Mote:3] Sensor IPv6 = fe80::203:3:3:3
[Mote:18] Not reachable yet
[Mote:16] Not reachable yet
[Mote:4] Not reachable yet
[Mote:12] Not reachable yet
[Mote:9] Sensor IPv6 = fe80::209:9:9:9
[Mote:1] {"node":"fd00::209:9:9:9", "cpu_energy_mj":19, "lpm_energy_mj":0, "radio_tx_energy_mj":0, "radio_rx_energy_mj":8, "total_energy_mj":27, "node_time":412582, "total_sent":35, "total_received":35, "bytes_tx":60, "bytes_rx":12, "r2n_latency":975, "lqi":100, "rssi":-91, "server_sent":36, "server_received":69, "server_bytes_rx":60, "n2r_latency":838, "hops":1, "rtt_latency":977, "root_time_now":413420}
[Mote:11] Sensor IPv6 = fe80::20b:b:b:b
[Mote:13] Not reachable yet
[Mote:6] Sensor IPv6 = fe80::206:6:6:6
[Mote:1] {"node":"fd00::20b:b:b:b", "cpu_energy_mj":18, "lpm_energy_mj":0, "radio_tx_energy_mj":0, "radio_rx_energy_mj":8, "total_energy_mj":26, "node_time":414834, "total_sent":29, "total_received":27, "bytes_tx":60, "bytes_rx":12, "r2n_latency":3495, "lqi":100, "rssi":-43, "server_sent":28, "server_received":52, "server_bytes_rx":60, "n2r_latency":686, "hops":2, "rtt_latency":2167, "root_time_now":415520}
[Mote:19] Not reachable yet
[Mote:1] {"node":"fd00::202:2:2:2", "cpu_energy_mj":18, "lpm_energy_mj":0, "radio_tx_energy_mj":1, "radio_rx_energy_mj":7, "total_energy_mj":26, "node_time":410546, "total_sent":38, "total_received":38, "bytes_tx":60, "bytes_rx":12, "r2n_latency":135, "lqi":100, "rssi":-83, "server_sent":39, "server_received":74, "server_bytes_rx":60, "n2r_latency":5254, "hops":0, "rtt_latency":1327, "root_time_now":415800}
[Mote:1] {"node":"fd00::203:3:3:3", "cpu_energy_mj":147, "lpm_energy_mj":0, "radio_tx_energy_mj":3, "radio_rx_energy_mj":71, "total_energy_mj":221, "node_time":411064, "total_sent":31, "total_received":37, "bytes_tx":60, "bytes_rx":12, "r2n_latency":485, "lqi":100, "rssi":-59, "server_sent":38, "server_received":60, "server_bytes_rx":60, "n2r_latency":4876, "hops":2, "rtt_latency":1362, "root_time_now":415940}
[Mote:1] {"node":"fd00::206:6:6:6", "cpu_energy_mj":19, "lpm_energy_mj":0, "radio_tx_energy_mj":1, "radio_rx_energy_mj":8, "total_energy_mj":28, "node_time":415155, "total_sent":32, "total_received":37, "bytes_tx":60, "bytes_rx":12, "r2n_latency":3084, "lqi":100, "rssi":-86, "server_sent":37, "server_received":65, "server_bytes_rx":60, "n2r_latency":995, "hops":1, "rtt_latency":3047, "root_time_now":416150}
[Mote:10] Not reachable yet
[Mote:8] Sensor IPv6 = fe80::208:8:8:8
[Mote:1] {"node":"fd00::208:8:8:8", "cpu_energy_mj":18, "lpm_energy_mj":0, "radio_tx_energy_mj":1, "radio_rx_energy_mj":7, "total_energy_mj":26, "node_time":418998, "total_sent":38, "total_received":38, "bytes_tx":60, "bytes_rx":12, "r2n_latency":914, "lqi":100, "rssi":-90, "server_sent":38, "server_received":75, "server_bytes_rx":60, "n2r_latency":22, "hops":0, "rtt_latency":912, "root_time_now":419020}
[Mote:7] Sensor IPv6 = fe80::207:7:7:7
[Mote:1] {"node":"fd00::207:7:7:7", "cpu_energy_mj":18, "lpm_energy_mj":0, "radio_tx_energy_mj":0, "radio_rx_energy_mj":8, "total_energy_mj":26, "node_time":419047, "total_sent":24, "total_received":37, "bytes_tx":60, "bytes_rx":12, "r2n_latency":1054, "lqi":100, "rssi":-89, "server_sent":37, "server_received":47, "server_bytes_rx":60, "n2r_latency":43, "hops":0, "rtt_latency":702, "root_time_now":419090}
[Mote:17] Not reachable yet
[Mote:14] Sensor IPv6 = fe80::20e:e:e:e
[Mote:15] Not reachable yet
[Mote:2] Sensor IPv6 = fe80::202:2:2:2
[Mote:5] Not reachable yet
[Mote:3] Sensor IPv6 = fe80::203:3:3:3
[Mote:16] Not reachable yet
[Mote:1] {"node":"fd00::20e:e:e:e", "cpu_energy_mj":348, "lpm_energy_mj":0, "radio_tx_energy_mj":6, "radio_rx_energy_mj":727, "total_energy_mj":1081, "node_time":419810, "total_sent":15, "total_received":26, "bytes_tx":60, "bytes_rx":12, "r2n_latency":6304, "lqi":100, "rssi":-83, "server_sent":34, "server_received":24, "server_bytes_rx":60, "n2r_latency":1870, "hops":1, "rtt_latency":3292, "root_time_now":421680}
[Mote:18] Not reachable yet
[Mote:4] Not reachable yet
[Mote:12] Not reachable yet
[Mote:1] {"node":"fd00::202:2:2:2", "cpu_energy_mj":18, "lpm_energy_mj":0, "radio_tx_energy_mj":1, "radio_rx_energy_mj":7, "total_energy_mj":26, "node_time":421079, "total_sent":39, "total_received":40, "bytes_tx":60, "bytes_rx":12, "r2n_latency":84, "lqi":100, "rssi":-83, "server_sent":40, "server_received":77, "server_bytes_rx":60, "n2r_latency":1791, "hops":0, "rtt_latency":1407, "root_time_now":422870}
[Mote:9] Sensor IPv6 = fe80::209:9:9:9
[Mote:11] Sensor IPv6 = fe80::20b:b:b:b
[Mote:13] Not reachable yet
[Mote:1] {"node":"fd00::209:9:9:9", "cpu_energy_mj":19, "lpm_energy_mj":0, "radio_tx_energy_mj":1, "radio_rx_energy_mj":8, "total_energy_mj":28, "node_time":423151, "total_sent":36, "total_received":37, "bytes_tx":60, "bytes_rx":12, "r2n_latency":714, "lqi":100, "rssi":-91, "server_sent":37, "server_received":72, "server_bytes_rx":60, "n2r_latency":2589, "hops":1, "rtt_latency":2527, "root_time_now":425740}
[Mote:1] {"node":"fd00::20b:b:b:b", "cpu_energy_mj":18, "lpm_energy_mj":0, "radio_tx_energy_mj":0, "radio_rx_energy_mj":8, "total_energy_mj":26, "node_time":424958, "total_sent":30, "total_received":28, "bytes_tx":60, "bytes_rx":12, "r2n_latency":7074, "lqi":100, "rssi":-43, "server_sent":29, "server_received":54, "server_bytes_rx":60, "n2r_latency":992, "hops":2, "rtt_latency":3782, "root_time_now":425950}
[Mote:6] Sensor IPv6 = fe80::206:6:6:6
[Mote:1] {"node":"fd00::203:3:3:3", "cpu_energy_mj":18, "lpm_energy_mj":0, "radio_tx_energy_mj":0, "radio_rx_energy_mj":8, "total_energy_mj":26, "node_time":421326, "total_sent":32, "total_received":39, "bytes_tx":60, "bytes_rx":12, "r2n_latency":644, "lqi":100, "rssi":-59, "server_sent":39, "server_received":63, "server_bytes_rx":60, "n2r_latency":4764, "hops":2, "rtt_latency":2037, "root_time_now":426090}
[Mote:1] {"node":"fd00::206:6:6:6", "cpu_energy_mj":19, "lpm_energy_mj":0, "radio_tx_energy_mj":1, "radio_rx_energy_mj":8, "total_energy_mj":28, "node_time":426083, "total_sent":33, "total_received":38, "bytes_tx":60, "bytes_rx":12, "r2n_latency":1274, "lqi":100, "rssi":-86, "server_sent":38, "server_received":67, "server_bytes_rx":60, "n2r_latency":147, "hops":1, "rtt_latency":2212, "root_time_now":426230}
[Mote:19] Not reachable yet
[Mote:10] Not reachable yet
[Mote:8] Sensor IPv6 = fe80::208:8:8:8
[Mote:1] {"node":"fd00::208:8:8:8", "cpu_energy_mj":18, "lpm_energy_mj":0, "radio_tx_energy_mj":1, "radio_rx_energy_mj":8, "total_energy_mj":27, "node_time":429478, "total_sent":39, "total_received":39, "bytes_tx":60, "bytes_rx":12, "r2n_latency":224, "lqi":100, "rssi":-90, "server_sent":39, "server_received":77, "server_bytes_rx":60, "n2r_latency":42, "hops":0, "rtt_latency":707, "root_time_now":429520}
[Mote:7] Sensor IPv6 = fe80::207:7:7:7
[Mote:1] {"node":"fd00::207:7:7:7", "cpu_energy_mj":18, "lpm_energy_mj":0, "radio_tx_energy_mj":0, "radio_rx_energy_mj":8, "total_energy_mj":26, "node_time":429521, "total_sent":25, "total_received":38, "bytes_tx":60, "bytes_rx":12, "r2n_latency":1064, "lqi":100, "rssi":-89, "server_sent":38, "server_received":49, "server_bytes_rx":60, "n2r_latency":69, "hops":0, "rtt_latency":1827, "root_time_now":429590}
[Mote:17] Not reachable yet
[Mote:14] Sensor IPv6 = fe80::20e:e:e:e
[Mote:16] Not reachable yet
[Mote:15] Not reachable yet
[Mote:3] Sensor IPv6 = fe80::203:3:3:3
[Mote:2] Sensor IPv6 = fe80::202:2:2:2
[Mote:5] Not reachable yet
[Mote:18] Not reachable yet
[Mote:4] Not reachable yet
[Mote:12] Not reachable yet
[Mote:9] Sensor IPv6 = fe80::209:9:9:9
[Mote:11] Sensor IPv6 = fe80::20b:b:b:b
[Mote:13] Not reachable yet
[Mote:1] {"node":"fd00::202:2:2:2", "cpu_energy_mj":18, "lpm_energy_mj":0, "radio_tx_energy_mj":1, "radio_rx_energy_mj":8, "total_energy_mj":27, "node_time":431610, "total_sent":40, "total_received":41, "bytes_tx":60, "bytes_rx":12, "r2n_latency":94, "lqi":100, "rssi":-83, "server_sent":41, "server_received":79, "server_bytes_rx":60, "n2r_latency":3930, "hops":0, "rtt_latency":1937, "root_time_now":435540}
[Mote:1] {"node":"fd00::203:3:3:3", "cpu_energy_mj":18, "lpm_energy_mj":0, "radio_tx_energy_mj":0, "radio_rx_energy_mj":8, "total_energy_mj":26, "node_time":431590, "total_sent":33, "total_received":40, "bytes_tx":60, "bytes_rx":12, "r2n_latency":864, "lqi":100, "rssi":-59, "server_sent":40, "server_received":65, "server_bytes_rx":60, "n2r_latency":4160, "hops":2, "rtt_latency":2812, "root_time_now":435750}
[Mote:1] {"node":"fd00::209:9:9:9", "cpu_energy_mj":19, "lpm_energy_mj":0, "radio_tx_energy_mj":1, "radio_rx_energy_mj":8, "total_energy_mj":28, "node_time":433721, "total_sent":37, "total_received":38, "bytes_tx":60, "bytes_rx":12, "r2n_latency":514, "lqi":100, "rssi":-91, "server_sent":38, "server_received":74, "server_bytes_rx":60, "n2r_latency":2939, "hops":1, "rtt_latency":2217, "root_time_now":436660}
[Mote:1] {"node":"fd00::20b:b:b:b", "cpu_energy_mj":18, "lpm_energy_mj":0, "radio_tx_energy_mj":0, "radio_rx_energy_mj":8, "total_energy_mj":26, "node_time":435081, "total_sent":31, "total_received":30, "bytes_tx":60, "bytes_rx":12, "r2n_latency":2334, "lqi":100, "rssi":-43, "server_sent":30, "server_received":57, "server_bytes_rx":60, "n2r_latency":1649, "hops":2, "rtt_latency":2392, "root_time_now":436730}
[Mote:1] {"node":"fd00::20e:e:e:e", "cpu_energy_mj":19, "lpm_energy_mj":0, "radio_tx_energy_mj":0, "radio_rx_energy_mj":9, "total_energy_mj":28, "node_time":430573, "total_sent":16, "total_received":27, "bytes_tx":60, "bytes_rx":12, "r2n_latency":2254, "lqi":100, "rssi":-83, "server_sent":35, "server_received":26, "server_bytes_rx":60, "n2r_latency":6227, "hops":1, "rtt_latency":2492, "root_time_now":436800}
[Mote:6] Sensor IPv6 = fe80::206:6:6:6
[Mote:1] {"node":"fd00::206:6:6:6", "cpu_energy_mj":19, "lpm_energy_mj":0, "radio_tx_energy_mj":1, "radio_rx_energy_mj":8, "total_energy_mj":28, "node_time":437013, "total_sent":34, "total_received":39, "bytes_tx":60, "bytes_rx":12, "r2n_latency":1144, "lqi":100, "rssi":-86, "server_sent":39, "server_received":69, "server_bytes_rx":60, "n2r_latency":137, "hops":1, "rtt_latency":2847, "root_time_now":437150}
[Mote:19] Not reachable yet
[Mote:10] Not reachable yet
[Mote:17] Not reachable yet
[Mote:8] Sensor IPv6 = fe80::208:8:8:8
[Mote:7] Sensor IPv6 = fe80::207:7:7:7
[Mote:1] {"node":"fd00::208:8:8:8", "cpu_energy_mj":18, "lpm_energy_mj":0, "radio_tx_energy_mj":1, "radio_rx_energy_mj":7, "total_energy_mj":26, "node_time":439962, "total_sent":40, "total_received":40, "bytes_tx":60, "bytes_rx":12, "r2n_latency":234, "lqi":100, "rssi":-90, "server_sent":41, "server_received":79, "server_bytes_rx":60, "n2r_latency":478, "hops":0, "rtt_latency":1027, "root_time_now":440440}
[Mote:14] Sensor IPv6 = fe80::20e:e:e:e
[Mote:16] Sensor IPv6 = fe80::210:10:10:10
[Mote:3] Sensor IPv6 = fe80::203:3:3:3
[Mote:15] Not reachable yet
[Mote:2] Sensor IPv6 = fe80::202:2:2:2
[Mote:1] {"node":"fd00::207:7:7:7", "cpu_energy_mj":18, "lpm_energy_mj":0, "radio_tx_energy_mj":0, "radio_rx_energy_mj":8, "total_energy_mj":26, "node_time":439997, "total_sent":26, "total_received":39, "bytes_tx":60, "bytes_rx":12, "r2n_latency":584, "lqi":100, "rssi":-89, "server_sent":40, "server_received":51, "server_bytes_rx":60, "n2r_latency":2263, "hops":0, "rtt_latency":327, "root_time_now":442260}
[Mote:5] Not reachable yet
[Mote:18] Not reachable yet
[Mote:4] Not reachable yet
[Mote:9] Sensor IPv6 = fe80::209:9:9:9
[Mote:12] Not reachable yet
[Mote:1] {"node":"fd00::20e:e:e:e", "cpu_energy_mj":19, "lpm_energy_mj":0, "radio_tx_energy_mj":0, "radio_rx_energy_mj":8, "total_energy_mj":27, "node_time":441338, "total_sent":17, "total_received":28, "bytes_tx":60, "bytes_rx":12, "r2n_latency":1214, "lqi":100, "rssi":-93, "server_sent":36, "server_received":28, "server_bytes_rx":60, "n2r_latency":3862, "hops":1, "rtt_latency":3442, "root_time_now":445200}
[Mote:11] Sensor IPv6 = fe80::20b:b:b:b
[Mote:13] Not reachable yet
[Mote:1] {"node":"fd00::209:9:9:9", "cpu_energy_mj":19, "lpm_energy_mj":0, "radio_tx_energy_mj":0, "radio_rx_energy_mj":8, "total_energy_mj":27, "node_time":444292, "total_sent":38, "total_received":39, "bytes_tx":60, "bytes_rx":12, "r2n_latency":3044, "lqi":100, "rssi":-91, "server_sent":39, "server_received":76, "server_bytes_rx":60, "n2r_latency":1188, "hops":1, "rtt_latency":2677, "root_time_now":445480}
[Mote:1] {"node":"fd00::20b:b:b:b", "cpu_energy_mj":18, "lpm_energy_mj":0, "radio_tx_energy_mj":0, "radio_rx_energy_mj":8, "total_energy_mj":26, "node_time":445204, "total_sent":32, "total_received":31, "bytes_tx":60, "bytes_rx":12, "r2n_latency":4444, "lqi":100, "rssi":-43, "server_sent":31, "server_received":59, "server_bytes_rx":60, "n2r_latency":1326, "hops":2, "rtt_latency":2852, "root_time_now":446530}
[Mote:6] Sensor IPv6 = fe80::206:6:6:6
[Mote:19] Not reachable yet
[Mote:10] Not reachable yet
[Mote:1] {"node":"fd00::202:2:2:2", "cpu_energy_mj":18, "lpm_energy_mj":0, "radio_tx_energy_mj":1, "radio_rx_energy_mj":7, "total_energy_mj":26, "node_time":442141, "total_sent":41, "total_received":42, "bytes_tx":60, "bytes_rx":12, "r2n_latency":944, "lqi":100, "rssi":-83, "server_sent":42, "server_received":80, "server_bytes_rx":60, "n2r_latency":6699, "hops":0, "rtt_latency":1937, "root_time_now":448840}
[Mote:1] {"node":"fd00::203:3:3:3", "cpu_energy_mj":18, "lpm_energy_mj":0, "radio_tx_energy_mj":0, "radio_rx_energy_mj":8, "total_energy_mj":26, "node_time":441853, "total_sent":34, "total_received":40, "bytes_tx":60, "bytes_rx":12, "r2n_latency":864, "lqi":100, "rssi":-59, "server_sent":41, "server_received":66, "server_bytes_rx":60, "n2r_latency":7057, "hops":2, "rtt_latency":2812, "root_time_now":448910}
[Mote:1] {"node":"fd00::210:10:10:10", "cpu_energy_mj":325, "lpm_energy_mj":0, "radio_tx_energy_mj":4, "radio_rx_energy_mj":192, "total_energy_mj":521, "node_time":441530, "total_sent":9, "total_received":11, "bytes_tx":60, "bytes_rx":12, "r2n_latency":27834, "lqi":100, "rssi":-58, "server_sent":38, "server_received":3, "server_bytes_rx":60, "n2r_latency":7660, "hops":2, "rtt_latency":9538, "root_time_now":449190}
[Mote:17] Not reachable yet
[Mote:8] Sensor IPv6 = fe80::208:8:8:8
[Mote:7] Sensor IPv6 = fe80::207:7:7:7
[Mote:1] {"node":"fd00::207:7:7:7", "cpu_energy_mj":18, "lpm_energy_mj":0, "radio_tx_energy_mj":0, "radio_rx_energy_mj":8, "total_energy_mj":26, "node_time":450475, "total_sent":27, "total_received":40, "bytes_tx":60, "bytes_rx":12, "r2n_latency":174, "lqi":100, "rssi":-89, "server_sent":41, "server_received":53, "server_bytes_rx":60, "n2r_latency":885, "hops":0, "rtt_latency":1172, "root_time_now":451360}
[Mote:16] Sensor IPv6 = fe80::210:10:10:10
[Mote:14] Sensor IPv6 = fe80::20e:e:e:e
[Mote:3] Sensor IPv6 = fe80::203:3:3:3
[Mote:15] Not reachable yet
[Mote:2] Sensor IPv6 = fe80::202:2:2:2
[Mote:1] {"node":"fd00::202:2:2:2", "cpu_energy_mj":18, "lpm_energy_mj":0, "radio_tx_energy_mj":1, "radio_rx_energy_mj":7, "total_energy_mj":26, "node_time":452671, "total_sent":42, "total_received":43, "bytes_tx":60, "bytes_rx":12, "r2n_latency":44, "lqi":100, "rssi":-83, "server_sent":43, "server_received":82, "server_bytes_rx":60, "n2r_latency":579, "hops":0, "rtt_latency":1387, "root_time_now":453250}
[Mote:18] Not reachable yet
[Mote:5] Not reachable yet
[Mote:4] Not reachable yet
[Mote:1] {"node":"fd00::208:8:8:8", "cpu_energy_mj":18, "lpm_energy_mj":0, "radio_tx_energy_mj":1, "radio_rx_energy_mj":7, "total_energy_mj":26, "node_time":450445, "total_sent":41, "total_received":42, "bytes_tx":60, "bytes_rx":12, "r2n_latency":254, "lqi":100, "rssi":-90, "server_sent":42, "server_received":82, "server_bytes_rx":60, "n2r_latency":3715, "hops":0, "rtt_latency":2052, "root_time_now":454160}
[Mote:9] Sensor IPv6 = fe80::209:9:9:9
[Mote:12] Not reachable yet
[Mote:11] Sensor IPv6 = fe80::20b:b:b:b
[Mote:13] Not reachable yet
[Mote:1] {"node":"fd00::209:9:9:9", "cpu_energy_mj":19, "lpm_energy_mj":0, "radio_tx_energy_mj":0, "radio_rx_energy_mj":8, "total_energy_mj":27, "node_time":454863, "total_sent":39, "total_received":40, "bytes_tx":60, "bytes_rx":12, "r2n_latency":3824, "lqi":100, "rssi":-91, "server_sent":40, "server_received":78, "server_bytes_rx":60, "n2r_latency":907, "hops":1, "rtt_latency":2122, "root_time_now":455770}
[Mote:1] {"node":"fd00::20b:b:b:b", "cpu_energy_mj":18, "lpm_energy_mj":0, "radio_tx_energy_mj":0, "radio_rx_energy_mj":8, "total_energy_mj":26, "node_time":455330, "total_sent":33, "total_received":31, "bytes_tx":60, "bytes_rx":12, "r2n_latency":4444, "lqi":100, "rssi":-43, "server_sent":32, "server_received":60, "server_bytes_rx":60, "n2r_latency":580, "hops":2, "rtt_latency":2852, "root_time_now":455910}
[Mote:10] Not reachable yet
[Mote:6] Sensor IPv6 = fe80::206:6:6:6
[Mote:19] Not reachable yet
[Mote:17] Not reachable yet
[Mote:8] Sensor IPv6 = fe80::208:8:8:8
[Mote:7] Sensor IPv6 = fe80::207:7:7:7
[Mote:16] Not reachable yet
[Mote:1] {"node":"fd00::208:8:8:8", "cpu_energy_mj":18, "lpm_energy_mj":0, "radio_tx_energy_mj":1, "radio_rx_energy_mj":7, "total_energy_mj":26, "node_time":460930, "total_sent":42, "total_received":43, "bytes_tx":60, "bytes_rx":12, "r2n_latency":194, "lqi":100, "rssi":-90, "server_sent":43, "server_received":84, "server_bytes_rx":60, "n2r_latency":860, "hops":0, "rtt_latency":867, "root_time_now":461790}
[Mote:3] Sensor IPv6 = fe80::203:3:3:3
[Mote:14] Sensor IPv6 = fe80::20e:e:e:e
[Mote:15] Not reachable yet
[Mote:2] Sensor IPv6 = fe80::202:2:2:2
[Mote:1] {"node":"fd00::202:2:2:2", "cpu_energy_mj":18, "lpm_energy_mj":0, "radio_tx_energy_mj":0, "radio_rx_energy_mj":8, "total_energy_mj":26, "node_time":463202, "total_sent":43, "total_received":44, "bytes_tx":60, "bytes_rx":12, "r2n_latency":54, "lqi":100, "rssi":-83, "server_sent":44, "server_received":84, "server_bytes_rx":60, "n2r_latency":128, "hops":0, "rtt_latency":1007, "root_time_now":463330}
[Mote:18] Not reachable yet
[Mote:5] Not reachable yet
[Mote:4] Not reachable yet
[Mote:9] Sensor IPv6 = fe80::209:9:9:9
[Mote:11] Sensor IPv6 = fe80::20b:b:b:b
[Mote:13] Not reachable yet
[Mote:12] Not reachable yet
[Mote:1] {"node":"fd00::209:9:9:9", "cpu_energy_mj":19, "lpm_energy_mj":0, "radio_tx_energy_mj":1, "radio_rx_energy_mj":8, "total_energy_mj":28, "node_time":465435, "total_sent":40, "total_received":41, "bytes_tx":60, "bytes_rx":12, "r2n_latency":1104, "lqi":100, "rssi":-91, "server_sent":41, "server_received":80, "server_bytes_rx":60, "n2r_latency":695, "hops":1, "rtt_latency":937, "root_time_now":466130}
[Mote:1] {"node":"fd00::207:7:7:7", "cpu_energy_mj":18, "lpm_energy_mj":0, "radio_tx_energy_mj":0, "radio_rx_energy_mj":8, "total_energy_mj":26, "node_time":460951, "total_sent":28, "total_received":42, "bytes_tx":60, "bytes_rx":12, "r2n_latency":474, "lqi":100, "rssi":-89, "server_sent":42, "server_received":56, "server_bytes_rx":60, "n2r_latency":6019, "hops":0, "rtt_latency":272, "root_time_now":466970}
[Mote:1] {"node":"fd00::20b:b:b:b", "cpu_energy_mj":18, "lpm_energy_mj":0, "radio_tx_energy_mj":0, "radio_rx_energy_mj":8, "total_energy_mj":26, "node_time":465451, "total_sent":34, "total_received":33, "bytes_tx":60, "bytes_rx":12, "r2n_latency":4674, "lqi":100, "rssi":-43, "server_sent":33, "server_received":63, "server_bytes_rx":60, "n2r_latency":1799, "hops":2, "rtt_latency":2617, "root_time_now":467250}
[Mote:10] Not reachable yet
[Mote:6] Not reachable yet
[Mote:19] Not reachable yet
[Mote:17] Not reachable yet
[Mote:8] Sensor IPv6 = fe80::208:8:8:8
[Mote:7] Sensor IPv6 = fe80::207:7:7:7
[Mote:16] Sensor IPv6 = fe80::210:10:10:10
[Mote:1] {"node":"fd00::208:8:8:8", "cpu_energy_mj":18, "lpm_energy_mj":0, "radio_tx_energy_mj":1, "radio_rx_energy_mj":7, "total_energy_mj":26, "node_time":471411, "total_sent":43, "total_received":44, "bytes_tx":60, "bytes_rx":12, "r2n_latency":414, "lqi":100, "rssi":-90, "server_sent":44, "server_received":86, "server_bytes_rx":60, "n2r_latency":879, "hops":0, "rtt_latency":977, "root_time_now":472290}
[Mote:3] Sensor IPv6 = fe80::203:3:3:3
[Mote:14] Sensor IPv6 = fe80::20e:e:e:e
[Mote:15] Not reachable yet
[Mote:2] Sensor IPv6 = fe80::202:2:2:2
[Mote:1] {"node":"fd00::207:7:7:7", "cpu_energy_mj":18, "lpm_energy_mj":0, "radio_tx_energy_mj":0, "radio_rx_energy_mj":8, "total_energy_mj":26, "node_time":471425, "total_sent":29, "total_received":43, "bytes_tx":60, "bytes_rx":12, "r2n_latency":764, "lqi":100, "rssi":-89, "server_sent":43, "server_received":58, "server_bytes_rx":60, "n2r_latency":3245, "hops":0, "rtt_latency":767, "root_time_now":474670}
[Mote:18] Not reachable yet
[Mote:1] {"node":"fd00::210:10:10:10", "cpu_energy_mj":36, "lpm_energy_mj":0, "radio_tx_energy_mj":1, "radio_rx_energy_mj":15, "total_energy_mj":52, "node_time":471627, "total_sent":11, "total_received":12, "bytes_tx":60, "bytes_rx":12, "r2n_latency":1044, "lqi":100, "rssi":-66, "server_sent":41, "server_received":5, "server_bytes_rx":60, "n2r_latency":3183, "hops":1, "rtt_latency":2377, "root_time_now":474810}
[Mote:4] Not reachable yet
[Mote:5] Not reachable yet
[Mote:11] Sensor IPv6 = fe80::20b:b:b:b
[Mote:1] {"node":"fd00::20b:b:b:b", "cpu_energy_mj":18, "lpm_energy_mj":0, "radio_tx_energy_mj":0, "radio_rx_energy_mj":8, "total_energy_mj":26, "node_time":475573, "total_sent":35, "total_received":34, "bytes_tx":60, "bytes_rx":12, "r2n_latency":3704, "lqi":100, "rssi":-43, "server_sent":34, "server_received":65, "server_bytes_rx":60, "n2r_latency":147, "hops":2, "rtt_latency":2097, "root_time_now":475720}
[Mote:13] Not reachable yet
[Mote:9] Sensor IPv6 = fe80::209:9:9:9
[Mote:1] {"node":"fd00::209:9:9:9", "cpu_energy_mj":19, "lpm_energy_mj":0, "radio_tx_energy_mj":0, "radio_rx_energy_mj":8, "total_energy_mj":27, "node_time":476008, "total_sent":41, "total_received":42, "bytes_tx":60, "bytes_rx":12, "r2n_latency":1184, "lqi":100, "rssi":-91, "server_sent":42, "server_received":82, "server_bytes_rx":60, "n2r_latency":202, "hops":1, "rtt_latency":1012, "root_time_now":476210}
[Mote:12] Not reachable yet
[Mote:10] Not reachable yet
[Mote:6] Not reachable yet
[Mote:17] Not reachable yet
[Mote:19] Not reachable yet
[Mote:16] Sensor IPv6 = fe80::210:10:10:10
[Mote:8] Sensor IPv6 = fe80::208:8:8:8
[Mote:7] Sensor IPv6 = fe80::207:7:7:7
[Mote:3] Sensor IPv6 = fe80::203:3:3:3
[Mote:15] Not reachable yet
[Mote:2] Not reachable yet
[Mote:14] Not reachable yet
[Mote:1] {"node":"fd00::207:7:7:7", "cpu_energy_mj":18, "lpm_energy_mj":0, "radio_tx_energy_mj":0, "radio_rx_energy_mj":8, "total_energy_mj":26, "node_time":481901, "total_sent":30, "total_received":44, "bytes_tx":60, "bytes_rx":12, "r2n_latency":1194, "lqi":100, "rssi":-89, "server_sent":44, "server_received":60, "server_bytes_rx":60, "n2r_latency":2779, "hops":0, "rtt_latency":2312, "root_time_now":484680}
[Mote:18] Not reachable yet
[Mote:4] Not reachable yet
[Mote:11] Sensor IPv6 = fe80::20b:b:b:b
[Mote:13] Not reachable yet
[Mote:5] Not reachable yet
[Mote:1] {"node":"fd00::208:8:8:8", "cpu_energy_mj":18, "lpm_energy_mj":0, "radio_tx_energy_mj":1, "radio_rx_energy_mj":7, "total_energy_mj":26, "node_time":481894, "total_sent":44, "total_received":45, "bytes_tx":60, "bytes_rx":12, "r2n_latency":914, "lqi":100, "rssi":-90, "server_sent":45, "server_received":88, "server_bytes_rx":60, "n2r_latency":4186, "hops":0, "rtt_latency":2872, "root_time_now":486080}
[Mote:9] Sensor IPv6 = fe80::209:9:9:9
[Mote:1] {"node":"fd00::20b:b:b:b", "cpu_energy_mj":18, "lpm_energy_mj":0, "radio_tx_energy_mj":0, "radio_rx_energy_mj":8, "total_energy_mj":26, "node_time":485696, "total_sent":36, "total_received":35, "bytes_tx":60, "bytes_rx":12, "r2n_latency":3154, "lqi":100, "rssi":-43, "server_sent":35, "server_received":67, "server_bytes_rx":60, "n2r_latency":1294, "hops":2, "rtt_latency":3467, "root_time_now":486990}
[Mote:1] {"node":"fd00::209:9:9:9", "cpu_energy_mj":19, "lpm_energy_mj":0, "radio_tx_energy_mj":1, "radio_rx_energy_mj":8, "total_energy_mj":28, "node_time":486575, "total_sent":42, "total_received":43, "bytes_tx":60, "bytes_rx":12, "r2n_latency":1614, "lqi":100, "rssi":-91, "server_sent":43, "server_received":84, "server_bytes_rx":60, "n2r_latency":485, "hops":1, "rtt_latency":3082, "root_time_now":487060}
[Mote:12] Not reachable yet
[Mote:10] Not reachable yet
[Mote:17] Not reachable yet
[Mote:6] Not reachable yet
[Mote:16] Not reachable yet
[Mote:19] Not reachable yet
[Mote:8] Sensor IPv6 = fe80::208:8:8:8
[Mote:7] Sensor IPv6 = fe80::207:7:7:7
[Mote:3] Sensor IPv6 = fe80::203:3:3:3
[Mote:15] Not reachable yet
[Mote:2] Not reachable yet
[Mote:14] Not reachable yet
[Mote:18] Not reachable yet
[Mote:1] {"node":"fd00::208:8:8:8", "cpu_energy_mj":18, "lpm_energy_mj":0, "radio_tx_energy_mj":1, "radio_rx_energy_mj":8, "total_energy_mj":27, "node_time":492376, "total_sent":45, "total_received":46, "bytes_tx":60, "bytes_rx":12, "r2n_latency":1274, "lqi":100, "rssi":-90, "server_sent":46, "server_received":89, "server_bytes_rx":60, "n2r_latency":3434, "hops":0, "rtt_latency":2872, "root_time_now":495810}
[Mote:11] Sensor IPv6 = fe80::20b:b:b:b
[Mote:13] Not reachable yet
[Mote:4] Not reachable yet
[Mote:5] Not reachable yet
[Mote:1] {"node":"fd00::20e:e:e:e", "cpu_energy_mj":19, "lpm_energy_mj":0, "radio_tx_energy_mj":0, "radio_rx_energy_mj":8, "total_energy_mj":27, "node_time":473625, "total_sent":20, "total_received":29, "bytes_tx":60, "bytes_rx":12, "r2n_latency":3394, "lqi":100, "rssi":-71, "server_sent":41, "server_received":30, "server_bytes_rx":60, "n2r_latency":23305, "hops":3, "rtt_latency":2712, "root_time_now":496930}
[Mote:1] {"node":"fd00::202:2:2:2", "cpu_energy_mj":18, "lpm_energy_mj":0, "radio_tx_energy_mj":0, "radio_rx_energy_mj":8, "total_energy_mj":26, "node_time":473733, "total_sent":44, "total_received":45, "bytes_tx":60, "bytes_rx":12, "r2n_latency":274, "lqi":100, "rssi":-83, "server_sent":47, "server_received":85, "server_bytes_rx":60, "n2r_latency":23267, "hops":6, "rtt_latency":1007, "root_time_now":497000}
[Mote:1] {"node":"fd00::20b:b:b:b", "cpu_energy_mj":18, "lpm_energy_mj":0, "radio_tx_energy_mj":1, "radio_rx_energy_mj":7, "total_energy_mj":26, "node_time":495820, "total_sent":37, "total_received":36, "bytes_tx":60, "bytes_rx":12, "r2n_latency":2954, "lqi":100, "rssi":-43, "server_sent":36, "server_received":68, "server_bytes_rx":60, "n2r_latency":1250, "hops":2, "rtt_latency":3467, "root_time_now":497070}
[Mote:1] {"node":"fd00::210:10:10:10", "cpu_energy_mj":18, "lpm_energy_mj":0, "radio_tx_energy_mj":0, "radio_rx_energy_mj":8, "total_energy_mj":26, "node_time":481658, "total_sent":12, "total_received":12, "bytes_tx":60, "bytes_rx":12, "r2n_latency":1044, "lqi":100, "rssi":-66, "server_sent":43, "server_received":6, "server_bytes_rx":60, "n2r_latency":15482, "hops":1, "rtt_latency":2377, "root_time_now":497140}
[Mote:9] Sensor IPv6 = fe80::209:9:9:9
[Mote:12] Sensor IPv6 = fe80::20c:c:c:c
[Mote:1] {"node":"fd00::20c:c:c:c", "cpu_energy_mj":370, "lpm_energy_mj":0, "radio_tx_energy_mj":4, "radio_rx_energy_mj":1148, "total_energy_mj":1522, "node_time":498515, "total_sent":27, "total_received":45, "bytes_tx":60, "bytes_rx":12, "r2n_latency":14, "lqi":100, "rssi":-87, "server_sent":47, "server_received":50, "server_bytes_rx":60, "n2r_latency":25, "hops":0, "rtt_latency":1582, "root_time_now":498540}
[Mote:10] Not reachable yet
[Mote:17] Not reachable yet
[Mote:16] Not reachable yet
[Mote:6] Not reachable yet
[Mote:7] Not reachable yet
[Mote:8] Sensor IPv6 = fe80::208:8:8:8
[Mote:19] Not reachable yet
[Mote:3] Not reachable yet
[Mote:15] Not reachable yet
[Mote:2] Not reachable yet
[Mote:14] Not reachable yet
[Mote:11] Sensor IPv6 = fe80::20b:b:b:b
[Mote:1] {"node":"fd00::207:7:7:7", "cpu_energy_mj":18, "lpm_energy_mj":0, "radio_tx_energy_mj":0, "radio_rx_energy_mj":8, "total_energy_mj":26, "node_time":492379, "total_sent":31, "total_received":45, "bytes_tx":60, "bytes_rx":12, "r2n_latency":924, "lqi":100, "rssi":-89, "server_sent":46, "server_received":62, "server_bytes_rx":60, "n2r_latency":13581, "hops":0, "rtt_latency":7917, "root_time_now":505960}
[Mote:13] Not reachable yet
[Mote:18] Not reachable yet
[Mote:4] Not reachable yet
[Mote:1] {"node":"fd00::208:8:8:8", "cpu_energy_mj":18, "lpm_energy_mj":0, "radio_tx_energy_mj":2, "radio_rx_energy_mj":7, "total_energy_mj":27, "node_time":502860, "total_sent":46, "total_received":47, "bytes_tx":60, "bytes_rx":12, "r2n_latency":1844, "lqi":100, "rssi":-90, "server_sent":47, "server_received":91, "server_bytes_rx":60, "n2r_latency":4500, "hops":0, "rtt_latency":3442, "root_time_now":507360}
[Mote:5] Not reachable yet
[Mote:9] Sensor IPv6 = fe80::209:9:9:9
[Mote:12] Sensor IPv6 = fe80::20c:c:c:c
[Mote:1] {"node":"fd00::20c:c:c:c", "cpu_energy_mj":19, "lpm_energy_mj":0, "radio_tx_energy_mj":0, "radio_rx_energy_mj":9, "total_energy_mj":28, "node_time":509348, "total_sent":28, "total_received":45, "bytes_tx":60, "bytes_rx":12, "r2n_latency":14, "lqi":100, "rssi":-87, "server_sent":48, "server_received":51, "server_bytes_rx":60, "n2r_latency":42, "hops":0, "rtt_latency":1582, "root_time_now":509390}
[Mote:10] Not reachable yet
[Mote:17] Not reachable yet
[Mote:16] Not reachable yet
[Mote:7] Not reachable yet
[Mote:8] Sensor IPv6 = fe80::208:8:8:8
[Mote:6] Not reachable yet
[Mote:3] Not reachable yet
[Mote:19] Not reachable yet
[Mote:1] {"node":"fd00::20b:b:b:b", "cpu_energy_mj":18, "lpm_energy_mj":0, "radio_tx_energy_mj":0, "radio_rx_energy_mj":8, "total_energy_mj":26, "node_time":505942, "total_sent":38, "total_received":37, "bytes_tx":60, "bytes_rx":12, "r2n_latency":5414, "lqi":100, "rssi":-43, "server_sent":38, "server_received":71, "server_bytes_rx":60, "n2r_latency":8628, "hops":2, "rtt_latency":7257, "root_time_now":514570}
[Mote:15] Not reachable yet
[Mote:2] Not reachable yet
[Mote:11] Not reachable yet
[Mote:13] Not reachable yet
[Mote:14] Sensor IPv6 = fe80::20e:e:e:e
[Mote:18] Not reachable yet
[Mote:4] Not reachable yet
[Mote:9] Not reachable yet
[Mote:5] Not reachable yet
[Mote:1] {"node":"fd00::208:8:8:8", "cpu_energy_mj":18, "lpm_energy_mj":0, "radio_tx_energy_mj":1, "radio_rx_energy_mj":7, "total_energy_mj":26, "node_time":513343, "total_sent":47, "total_received":48, "bytes_tx":60, "bytes_rx":12, "r2n_latency":1364, "lqi":100, "rssi":-90, "server_sent":48, "server_received":93, "server_bytes_rx":60, "n2r_latency":5777, "hops":0, "rtt_latency":4532, "root_time_now":519120}
[Mote:1] {"node":"fd00::209:9:9:9", "cpu_energy_mj":19, "lpm_energy_mj":0, "radio_tx_energy_mj":1, "radio_rx_energy_mj":8, "total_energy_mj":28, "node_time":507721, "total_sent":44, "total_received":45, "bytes_tx":60, "bytes_rx":12, "r2n_latency":3244, "lqi":100, "rssi":-91, "server_sent":46, "server_received":86, "server_bytes_rx":60, "n2r_latency":11469, "hops":1, "rtt_latency":2947, "root_time_now":519190}
[Mote:10] Not reachable yet
[Mote:12] Sensor IPv6 = fe80::20c:c:c:c
[Mote:1] {"node":"fd00::20c:c:c:c", "cpu_energy_mj":19, "lpm_energy_mj":0, "radio_tx_energy_mj":0, "radio_rx_energy_mj":8, "total_energy_mj":27, "node_time":520180, "total_sent":29, "total_received":45, "bytes_tx":60, "bytes_rx":12, "r2n_latency":14, "lqi":100, "rssi":-87, "server_sent":50, "server_received":52, "server_bytes_rx":60, "n2r_latency":1250, "hops":0, "rtt_latency":1582, "root_time_now":521430}
[Mote:17] Not reachable yet
[Mote:16] Not reachable yet
[Mote:7] Sensor IPv6 = fe80::207:7:7:7
[Mote:8] Sensor IPv6 = fe80::208:8:8:8
[Mote:1] {"node":"fd00::207:7:7:7", "cpu_energy_mj":56, "lpm_energy_mj":0, "radio_tx_energy_mj":3, "radio_rx_energy_mj":23, "total_energy_mj":82, "node_time":523805, "total_sent":32, "total_received":48, "bytes_tx":60, "bytes_rx":12, "r2n_latency":674, "lqi":100, "rssi":-89, "server_sent":48, "server_received":65, "server_bytes_rx":60, "n2r_latency":75, "hops":0, "rtt_latency":617, "root_time_now":523880}
[Mote:3] Not reachable yet
[Mote:6] Not reachable yet
[Mote:19] Not reachable yet
[Mote:11] Not reachable yet
[Mote:15] Not reachable yet
[Mote:13] Not reachable yet
[Mote:2] Not reachable yet
[Mote:18] Not reachable yet
[Mote:14] Sensor IPv6 = fe80::20e:e:e:e
[Mote:4] Not reachable yet
[Mote:9] Not reachable yet
[Mote:5] Not reachable yet
[Mote:10] Not reachable yet
[Mote:12] Sensor IPv6 = fe80::20c:c:c:c
[Mote:1] {"node":"fd00::20c:c:c:c", "cpu_energy_mj":19, "lpm_energy_mj":0, "radio_tx_energy_mj":0, "radio_rx_energy_mj":8, "total_energy_mj":27, "node_time":531014, "total_sent":30, "total_received":45, "bytes_tx":60, "bytes_rx":12, "r2n_latency":14, "lqi":100, "rssi":-87, "server_sent":51, "server_received":53, "server_bytes_rx":60, "n2r_latency":76, "hops":0, "rtt_latency":1582, "root_time_now":531090}
[Mote:16] Not reachable yet
[Mote:17] Not reachable yet
[Mote:3] Not reachable yet
[Mote:7] Sensor IPv6 = fe80::207:7:7:7
[Mote:8] Not reachable yet
[Mote:1] {"node":"fd00::207:7:7:7", "cpu_energy_mj":18, "lpm_energy_mj":0, "radio_tx_energy_mj":0, "radio_rx_energy_mj":8, "total_energy_mj":26, "node_time":534280, "total_sent":33, "total_received":49, "bytes_tx":60, "bytes_rx":12, "r2n_latency":1314, "lqi":100, "rssi":-89, "server_sent":49, "server_received":67, "server_bytes_rx":60, "n2r_latency":170, "hops":0, "rtt_latency":937, "root_time_now":534450}
[Mote:1] {"node":"fd00::208:8:8:8", "cpu_energy_mj":18, "lpm_energy_mj":0, "radio_tx_energy_mj":1, "radio_rx_energy_mj":8, "total_energy_mj":27, "node_time":523826, "total_sent":48, "total_received":48, "bytes_tx":60, "bytes_rx":12, "r2n_latency":1364, "lqi":100, "rssi":-90, "server_sent":50, "server_received":94, "server_bytes_rx":60, "n2r_latency":11114, "hops":0, "rtt_latency":4532, "root_time_now":534940}
[Mote:6] Not reachable yet
[Mote:19] Not reachable yet
[Mote:11] Not reachable yet
[Mote:13] Not reachable yet
[Mote:15] Not reachable yet
[Mote:2] Not reachable yet
[Mote:18] Not reachable yet
[Mote:14] Sensor IPv6 = fe80::20e:e:e:e
[Mote:4] Not reachable yet
[Mote:9] Sensor IPv6 = fe80::209:9:9:9
[Mote:5] Not reachable yet
[Mote:10] Not reachable yet
[Mote:12] Sensor IPv6 = fe80::20c:c:c:c
[Mote:16] Not reachable yet
[Mote:17] Not reachable yet
[Mote:1] {"node":"fd00::20c:c:c:c", "cpu_energy_mj":19, "lpm_energy_mj":0, "radio_tx_energy_mj":0, "radio_rx_energy_mj":9, "total_energy_mj":28, "node_time":541849, "total_sent":31, "total_received":45, "bytes_tx":60, "bytes_rx":12, "r2n_latency":14, "lqi":100, "rssi":-87, "server_sent":52, "server_received":54, "server_bytes_rx":60, "n2r_latency":1981, "hops":0, "rtt_latency":1582, "root_time_now":543830}
[Mote:3] Not reachable yet
[Mote:7] Sensor IPv6 = fe80::207:7:7:7
[Mote:8] Sensor IPv6 = fe80::208:8:8:8
[Mote:1] {"node":"fd00::208:8:8:8", "cpu_energy_mj":37, "lpm_energy_mj":0, "radio_tx_energy_mj":2, "radio_rx_energy_mj":15, "total_energy_mj":54, "node_time":544792, "total_sent":49, "total_received":51, "bytes_tx":60, "bytes_rx":12, "r2n_latency":1394, "lqi":100, "rssi":-90, "server_sent":51, "server_received":98, "server_bytes_rx":60, "n2r_latency":88, "hops":0, "rtt_latency":2202, "root_time_now":544880}
[Mote:1] {"node":"fd00::207:7:7:7", "cpu_energy_mj":18, "lpm_energy_mj":0, "radio_tx_energy_mj":0, "radio_rx_energy_mj":8, "total_energy_mj":26, "node_time":544757, "total_sent":34, "total_received":50, "bytes_tx":60, "bytes_rx":12, "r2n_latency":554, "lqi":100, "rssi":-89, "server_sent":50, "server_received":69, "server_bytes_rx":60, "n2r_latency":263, "hops":0, "rtt_latency":2342, "root_time_now":545020}
[Mote:6] Not reachable yet
[Mote:11] Not reachable yet
[Mote:13] Not reachable yet
[Mote:19] Not reachable yet
[Mote:15] Not reachable yet
[Mote:2] Not reachable yet
[Mote:18] Not reachable yet
[Mote:4] Not reachable yet
[Mote:14] Not reachable yet
[Mote:9] Sensor IPv6 = fe80::209:9:9:9
[Mote:10] Not reachable yet
[Mote:5] Not reachable yet
[Mote:16] Not reachable yet
[Mote:17] Not reachable yet
[Mote:12] Sensor IPv6 = fe80::20c:c:c:c
[Mote:1] {"node":"fd00::20c:c:c:c", "cpu_energy_mj":19, "lpm_energy_mj":0, "radio_tx_energy_mj":0, "radio_rx_energy_mj":8, "total_energy_mj":27, "node_time":552679, "total_sent":32, "total_received":45, "bytes_tx":60, "bytes_rx":12, "r2n_latency":14, "lqi":100, "rssi":-87, "server_sent":53, "server_received":55, "server_bytes_rx":60, "n2r_latency":41, "hops":0, "rtt_latency":1582, "root_time_now":552720}
[Mote:1] {"node":"fd00::209:9:9:9", "cpu_energy_mj":19, "lpm_energy_mj":0, "radio_tx_energy_mj":1, "radio_rx_energy_mj":8, "total_energy_mj":28, "node_time":550003, "total_sent":46, "total_received":49, "bytes_tx":60, "bytes_rx":12, "r2n_latency":3702, "lqi":100, "rssi":-91, "server_sent":50, "server_received":88, "server_bytes_rx":60, "n2r_latency":3837, "hops":1, "rtt_latency":7687, "root_time_now":553840}
[Mote:3] Not reachable yet
[Mote:7] Sensor IPv6 = fe80::207:7:7:7
[Mote:1] {"node":"fd00::207:7:7:7", "cpu_energy_mj":18, "lpm_energy_mj":0, "radio_tx_energy_mj":0, "radio_rx_energy_mj":8, "total_energy_mj":26, "node_time":555233, "total_sent":35, "total_received":51, "bytes_tx":60, "bytes_rx":12, "r2n_latency":1474, "lqi":100, "rssi":-89, "server_sent":51, "server_received":71, "server_bytes_rx":60, "n2r_latency":7, "hops":0, "rtt_latency":842, "root_time_now":555240}
[Mote:8] Sensor IPv6 = fe80::208:8:8:8
[Mote:1] {"node":"fd00::208:8:8:8", "cpu_energy_mj":18, "lpm_energy_mj":0, "radio_tx_energy_mj":1, "radio_rx_energy_mj":7, "total_energy_mj":26, "node_time":555274, "total_sent":50, "total_received":52, "bytes_tx":60, "bytes_rx":12, "r2n_latency":284, "lqi":100, "rssi":-90, "server_sent":52, "server_received":100, "server_bytes_rx":60, "n2r_latency":36, "hops":0, "rtt_latency":1892, "root_time_now":555310}
[Mote:11] Sensor IPv6 = fe80::20b:b:b:b
[Mote:13] Not reachable yet
[Mote:1] {"node":"fd00::20b:b:b:b", "cpu_energy_mj":91, "lpm_energy_mj":0, "radio_tx_energy_mj":3, "radio_rx_energy_mj":41, "total_energy_mj":135, "node_time":556557, "total_sent":39, "total_received":42, "bytes_tx":60, "bytes_rx":12, "r2n_latency":4764, "lqi":100, "rssi":-43, "server_sent":42, "server_received":74, "server_bytes_rx":60, "n2r_latency":153, "hops":2, "rtt_latency":3257, "root_time_now":556710}
[Mote:6] Not reachable yet
[Mote:19] Not reachable yet
[Mote:15] Not reachable yet
[Mote:2] Not reachable yet
[Mote:18] Not reachable yet
[Mote:4] Not reachable yet
[Mote:14] Not reachable yet
[Mote:10] Not reachable yet
[Mote:9] Sensor IPv6 = fe80::209:9:9:9
[Mote:5] Not reachable yet
[Mote:16] Not reachable yet
[Mote:17] Not reachable yet
[Mote:1] {"node":"fd00::209:9:9:9", "cpu_energy_mj":19, "lpm_energy_mj":0, "radio_tx_energy_mj":1, "radio_rx_energy_mj":7, "total_energy_mj":27, "node_time":560572, "total_sent":47, "total_received":50, "bytes_tx":60, "bytes_rx":12, "r2n_latency":914, "lqi":100, "rssi":-91, "server_sent":51, "server_received":90, "server_bytes_rx":60, "n2r_latency":2858, "hops":1, "rtt_latency":2277, "root_time_now":563430}
[Mote:12] Sensor IPv6 = fe80::20c:c:c:c
[Mote:1] {"node":"fd00::20c:c:c:c", "cpu_energy_mj":19, "lpm_energy_mj":0, "radio_tx_energy_mj":0, "radio_rx_energy_mj":8, "total_energy_mj":27, "node_time":563512, "total_sent":33, "total_received":45, "bytes_tx":60, "bytes_rx":12, "r2n_latency":14, "lqi":100, "rssi":-87, "server_sent":54, "server_received":56, "server_bytes_rx":60, "n2r_latency":58, "hops":0, "rtt_latency":1582, "root_time_now":563570}
[Mote:3] Not reachable yet
[Mote:7] Sensor IPv6 = fe80::207:7:7:7
[Mote:1] {"node":"fd00::207:7:7:7", "cpu_energy_mj":18, "lpm_energy_mj":0, "radio_tx_energy_mj":1, "radio_rx_energy_mj":7, "total_energy_mj":26, "node_time":565709, "total_sent":36, "total_received":52, "bytes_tx":60, "bytes_rx":12, "r2n_latency":994, "lqi":100, "rssi":-89, "server_sent":52, "server_received":73, "server_bytes_rx":60, "n2r_latency":31, "hops":0, "rtt_latency":1302, "root_time_now":565740}
[Mote:8] Sensor IPv6 = fe80::208:8:8:8
[Mote:11] Sensor IPv6 = fe80::20b:b:b:b
[Mote:13] Not reachable yet
[Mote:6] Not reachable yet
[Mote:1] {"node":"fd00::208:8:8:8", "cpu_energy_mj":18, "lpm_energy_mj":0, "radio_tx_energy_mj":0, "radio_rx_energy_mj":8, "total_energy_mj":26, "node_time":565757, "total_sent":51, "total_received":53, "bytes_tx":60, "bytes_rx":12, "r2n_latency":224, "lqi":100, "rssi":-90, "server_sent":53, "server_received":102, "server_bytes_rx":60, "n2r_latency":2643, "hops":0, "rtt_latency":1687, "root_time_now":568400}
[Mote:15] Not reachable yet
[Mote:1] {"node":"fd00::20b:b:b:b", "cpu_energy_mj":18, "lpm_energy_mj":0, "radio_tx_energy_mj":0, "radio_rx_energy_mj":8, "total_energy_mj":26, "node_time":566680, "total_sent":40, "total_received":43, "bytes_tx":60, "bytes_rx":12, "r2n_latency":5264, "lqi":100, "rssi":-43, "server_sent":43, "server_received":76, "server_bytes_rx":60, "n2r_latency":1790, "hops":2, "rtt_latency":4172, "root_time_now":568470}
[Mote:2] Not reachable yet
[Mote:19] Not reachable yet
[Mote:18] Not reachable yet
[Mote:4] Not reachable yet
[Mote:14] Not reachable yet
[Mote:10] Not reachable yet
[Mote:9] Sensor IPv6 = fe80::209:9:9:9
[Mote:16] Not reachable yet
[Mote:5] Not reachable yet
[Mote:17] Not reachable yet
[Mote:12] Sensor IPv6 = fe80::20c:c:c:c
[Mote:1] {"node":"fd00::20c:c:c:c", "cpu_energy_mj":19, "lpm_energy_mj":0, "radio_tx_energy_mj":0, "radio_rx_energy_mj":8, "total_energy_mj":27, "node_time":574345, "total_sent":34, "total_received":45, "bytes_tx":60, "bytes_rx":12, "r2n_latency":14, "lqi":100, "rssi":-87, "server_sent":55, "server_received":57, "server_bytes_rx":60, "n2r_latency":355, "hops":0, "rtt_latency":1582, "root_time_now":574700}
[Mote:1] {"node":"fd00::209:9:9:9", "cpu_energy_mj":19, "lpm_energy_mj":0, "radio_tx_energy_mj":1, "radio_rx_energy_mj":7, "total_energy_mj":27, "node_time":571145, "total_sent":48, "total_received":52, "bytes_tx":60, "bytes_rx":12, "r2n_latency":514, "lqi":100, "rssi":-91, "server_sent":52, "server_received":93, "server_bytes_rx":60, "n2r_latency":4045, "hops":1, "rtt_latency":2567, "root_time_now":575190}
[Mote:3] Not reachable yet
[Mote:7] Sensor IPv6 = fe80::207:7:7:7
[Mote:1] {"node":"fd00::207:7:7:7", "cpu_energy_mj":18, "lpm_energy_mj":0, "radio_tx_energy_mj":1, "radio_rx_energy_mj":7, "total_energy_mj":26, "node_time":576185, "total_sent":37, "total_received":53, "bytes_tx":60, "bytes_rx":12, "r2n_latency":1144, "lqi":100, "rssi":-89, "server_sent":53, "server_received":75, "server_bytes_rx":60, "n2r_latency":55, "hops":0, "rtt_latency":1307, "root_time_now":576240}
[Mote:8] Sensor IPv6 = fe80::208:8:8:8
[Mote:1] {"node":"fd00::208:8:8:8", "cpu_energy_mj":18, "lpm_energy_mj":0, "radio_tx_energy_mj":1, "radio_rx_energy_mj":8, "total_energy_mj":27, "node_time":576241, "total_sent":52, "total_received":54, "bytes_tx":60, "bytes_rx":12, "r2n_latency":234, "lqi":100, "rssi":-90, "server_sent":54, "server_received":104, "server_bytes_rx":60, "n2r_latency":69, "hops":0, "rtt_latency":2462, "root_time_now":576310}
[Mote:11] Sensor IPv6 = fe80::20b:b:b:b
[Mote:13] Not reachable yet
[Mote:1] {"node":"fd00::20b:b:b:b", "cpu_energy_mj":18, "lpm_energy_mj":0, "radio_tx_energy_mj":0, "radio_rx_energy_mj":8, "total_energy_mj":26, "node_time":576804, "total_sent":41, "total_received":44, "bytes_tx":60, "bytes_rx":12, "r2n_latency":2264, "lqi":100, "rssi":-43, "server_sent":44, "server_received":78, "server_bytes_rx":60, "n2r_latency":206, "hops":2, "rtt_latency":2637, "root_time_now":577010}
[Mote:15] Not reachable yet
[Mote:2] Not reachable yet
[Mote:6] Not reachable yet
[Mote:19] Not reachable yet
[Mote:18] Not reachable yet
[Mote:4] Not reachable yet
[Mote:10] Not reachable yet
[Mote:14] Not reachable yet
[Mote:9] Sensor IPv6 = fe80::209:9:9:9
[Mote:16] Not reachable yet
[Mote:17] Not reachable yet
[Mote:5] Not reachable yet
[Mote:1] {"node":"fd00::209:9:9:9", "cpu_energy_mj":19, "lpm_energy_mj":0, "radio_tx_energy_mj":1, "radio_rx_energy_mj":7, "total_energy_mj":27, "node_time":581715, "total_sent":49, "total_received":53, "bytes_tx":60, "bytes_rx":12, "r2n_latency":944, "lqi":100, "rssi":-91, "server_sent":53, "server_received":95, "server_bytes_rx":60, "n2r_latency":2645, "hops":1, "rtt_latency":1627, "root_time_now":584360}
[Mote:12] Sensor IPv6 = fe80::20c:c:c:c
[Mote:1] {"node":"fd00::20c:c:c:c", "cpu_energy_mj":19, "lpm_energy_mj":0, "radio_tx_energy_mj":1, "radio_rx_energy_mj":8, "total_energy_mj":28, "node_time":585178, "total_sent":35, "total_received":46, "bytes_tx":60, "bytes_rx":12, "r2n_latency":59474, "lqi":100, "rssi":-80, "server_sent":56, "server_received":59, "server_bytes_rx":60, "n2r_latency":92, "hops":0, "rtt_latency":29772, "root_time_now":585270}
[Mote:3] Not reachable yet
[Mote:7] Sensor IPv6 = fe80::207:7:7:7
[Mote:1] {"node":"fd00::207:7:7:7", "cpu_energy_mj":18, "lpm_energy_mj":0, "radio_tx_energy_mj":0, "radio_rx_energy_mj":8, "total_energy_mj":26, "node_time":586661, "total_sent":38, "total_received":54, "bytes_tx":60, "bytes_rx":12, "r2n_latency":1504, "lqi":100, "rssi":-89, "server_sent":54, "server_received":77, "server_bytes_rx":60, "n2r_latency":9, "hops":0, "rtt_latency":1102, "root_time_now":586670}
[Mote:8] Sensor IPv6 = fe80::208:8:8:8
[Mote:11] Sensor IPv6 = fe80::20b:b:b:b
[Mote:13] Not reachable yet
[Mote:1] {"node":"fd00::208:8:8:8", "cpu_energy_mj":18, "lpm_energy_mj":0, "radio_tx_energy_mj":1, "radio_rx_energy_mj":8, "total_energy_mj":27, "node_time":586724, "total_sent":53, "total_received":55, "bytes_tx":60, "bytes_rx":12, "r2n_latency":454, "lqi":100, "rssi":-90, "server_sent":55, "server_received":106, "server_bytes_rx":60, "n2r_latency":576, "hops":0, "rtt_latency":962, "root_time_now":587300}
[Mote:1] {"node":"fd00::20b:b:b:b", "cpu_energy_mj":18, "lpm_energy_mj":0, "radio_tx_energy_mj":0, "radio_rx_energy_mj":8, "total_energy_mj":26, "node_time":586927, "total_sent":42, "total_received":45, "bytes_tx":60, "bytes_rx":12, "r2n_latency":3254, "lqi":100, "rssi":-43, "server_sent":45, "server_received":80, "server_bytes_rx":60, "n2r_latency":443, "hops":2, "rtt_latency":2222, "root_time_now":587370}
[Mote:15] Not reachable yet
[Mote:2] Not reachable yet
[Mote:6] Not reachable yet
[Mote:19] Not reachable yet
[Mote:18] Not reachable yet
[Mote:10] Not reachable yet
[Mote:4] Not reachable yet
[Mote:14] Not reachable yet
[Mote:16] Not reachable yet
[Mote:9] Sensor IPv6 = fe80::209:9:9:9
[Mote:17] Not reachable yet
[Mote:5] Not reachable yet
[Mote:3] Not reachable yet
[Mote:12] Sensor IPv6 = fe80::20c:c:c:c
[Mote:1] {"node":"fd00::20c:c:c:c", "cpu_energy_mj":19, "lpm_energy_mj":0, "radio_tx_energy_mj":1, "radio_rx_energy_mj":8, "total_energy_mj":28, "node_time":596012, "total_sent":36, "total_received":49, "bytes_tx":60, "bytes_rx":12, "r2n_latency":44805, "lqi":100, "rssi":-75, "server_sent":57, "server_received":63, "server_bytes_rx":60, "n2r_latency":108, "hops":0, "rtt_latency":22752, "root_time_now":596120}
[Mote:11] Sensor IPv6 = fe80::20b:b:b:b
[Mote:7] Sensor IPv6 = fe80::207:7:7:7
[Mote:13] Not reachable yet
[Mote:1] {"node":"fd00::207:7:7:7", "cpu_energy_mj":18, "lpm_energy_mj":0, "radio_tx_energy_mj":0, "radio_rx_energy_mj":8, "total_energy_mj":26, "node_time":597137, "total_sent":39, "total_received":55, "bytes_tx":60, "bytes_rx":12, "r2n_latency":955, "lqi":100, "rssi":-89, "server_sent":55, "server_received":79, "server_bytes_rx":60, "n2r_latency":33, "hops":0, "rtt_latency":2507, "root_time_now":597170}
[Mote:8] Sensor IPv6 = fe80::208:8:8:8
[Mote:1] {"node":"fd00::209:9:9:9", "cpu_energy_mj":19, "lpm_energy_mj":0, "radio_tx_energy_mj":1, "radio_rx_energy_mj":7, "total_energy_mj":27, "node_time":592286, "total_sent":50, "total_received":54, "bytes_tx":60, "bytes_rx":12, "r2n_latency":535, "lqi":100, "rssi":-91, "server_sent":54, "server_received":97, "server_bytes_rx":60, "n2r_latency":5094, "hops":1, "rtt_latency":2332, "root_time_now":597380}
[Mote:1] {"node":"fd00::20b:b:b:b", "cpu_energy_mj":18, "lpm_energy_mj":0, "radio_tx_energy_mj":0, "radio_rx_energy_mj":7, "total_energy_mj":25, "node_time":597052, "total_sent":43, "total_received":46, "bytes_tx":60, "bytes_rx":12, "r2n_latency":2075, "lqi":100, "rssi":-43, "server_sent":46, "server_received":82, "server_bytes_rx":60, "n2r_latency":2918, "hops":2, "rtt_latency":3732, "root_time_now":599970}
[Mote:15] Not reachable yet
[Mote:2] Not reachable yet
[Mote:6] Not reachable yet
[Mote:10] Not reachable yet
[Mote:18] Not reachable yet
[Mote:19] Not reachable yet
[Mote:4] Not reachable yet
[Mote:16] Not reachable yet
[Mote:14] Not reachable yet
[Mote:9] Sensor IPv6 = fe80::209:9:9:9
[Mote:17] Not reachable yet
[Mote:1] {"node":"fd00::208:8:8:8", "cpu_energy_mj":18, "lpm_energy_mj":0, "radio_tx_energy_mj":1, "radio_rx_energy_mj":8, "total_energy_mj":27, "node_time":597207, "total_sent":54, "total_received":56, "bytes_tx":60, "bytes_rx":12, "r2n_latency":325, "lqi":100, "rssi":-90, "server_sent":57, "server_received":108, "server_bytes_rx":60, "n2r_latency":7033, "hops":0, "rtt_latency":1702, "root_time_now":604240}
[Mote:1] {"node":"fd00::209:9:9:9", "cpu_energy_mj":19, "lpm_energy_mj":0, "radio_tx_energy_mj":0, "radio_rx_energy_mj":8, "total_energy_mj":27, "node_time":602857, "total_sent":51, "total_received":55, "bytes_tx":60, "bytes_rx":12, "r2n_latency":827, "lqi":100, "rssi":-91, "server_sent":55, "server_received":99, "server_bytes_rx":60, "n2r_latency":1593, "hops":1, "rtt_latency":2198, "root_time_now":604450}
[Mote:5] Not reachable yet
[Mote:3] Not reachable yet
[Mote:12] Sensor IPv6 = fe80::20c:c:c:c
[Mote:1] {"node":"fd00::20c:c:c:c", "cpu_energy_mj":19, "lpm_energy_mj":0, "radio_tx_energy_mj":0, "radio_rx_energy_mj":8, "total_energy_mj":27, "node_time":606845, "total_sent":37, "total_received":50, "bytes_tx":60, "bytes_rx":12, "r2n_latency":37467, "lqi":100, "rssi":-77, "server_sent":58, "server_received":65, "server_bytes_rx":60, "n2r_latency":55, "hops":0, "rtt_latency":18942, "root_time_now":606900}
[Mote:11] Sensor IPv6 = fe80::20b:b:b:b
[Mote:13] Not reachable yet
[Mote:1] {"node":"fd00::20b:b:b:b", "cpu_energy_mj":18, "lpm_energy_mj":0, "radio_tx_energy_mj":0, "radio_rx_energy_mj":8, "total_energy_mj":26, "node_time":607172, "total_sent":44, "total_received":47, "bytes_tx":60, "bytes_rx":12, "r2n_latency":5377, "lqi":100, "rssi":-43, "server_sent":47, "server_received":84, "server_bytes_rx":60, "n2r_latency":148, "hops":2, "rtt_latency":2793, "root_time_now":607320}
[Mote:7] Sensor IPv6 = fe80::207:7:7:7
[Mote:1] {"node":"fd00::207:7:7:7", "cpu_energy_mj":18, "lpm_energy_mj":0, "radio_tx_energy_mj":0, "radio_rx_energy_mj":8, "total_energy_mj":26, "node_time":607613, "total_sent":40, "total_received":56, "bytes_tx":60, "bytes_rx":12, "r2n_latency":1527, "lqi":100, "rssi":-89, "server_sent":56, "server_received":81, "server_bytes_rx":60, "n2r_latency":57, "hops":0, "rtt_latency":2058, "root_time_now":607670}
[Mote:8] Sensor IPv6 = fe80::208:8:8:8
[Mote:1] {"node":"fd00::208:8:8:8", "cpu_energy_mj":18, "lpm_energy_mj":0, "radio_tx_energy_mj":1, "radio_rx_energy_mj":8, "total_energy_mj":27, "node_time":607688, "total_sent":55, "total_received":57, "bytes_tx":60, "bytes_rx":12, "r2n_latency":127, "lqi":100, "rssi":-90, "server_sent":57, "server_received":110, "server_bytes_rx":60, "n2r_latency":52, "hops":0, "rtt_latency":2163, "root_time_now":607740}
[Mote:15] Not reachable yet
[Mote:2] Not reachable yet
[Mote:10] Not reachable yet
[Mote:18] Not reachable yet
[Mote:6] Not reachable yet
[Mote:16] Not reachable yet
[Mote:4] Not reachable yet
[Mote:19] Not reachable yet
[Mote:9] Sensor IPv6 = fe80::209:9:9:9
[Mote:14] Not reachable yet
[Mote:1] {"node":"fd00::209:9:9:9", "cpu_energy_mj":19, "lpm_energy_mj":0, "radio_tx_energy_mj":1, "radio_rx_energy_mj":7, "total_energy_mj":27, "node_time":613429, "total_sent":52, "total_received":56, "bytes_tx":60, "bytes_rx":12, "r2n_latency":694, "lqi":100, "rssi":-91, "server_sent":56, "server_received":101, "server_bytes_rx":60, "n2r_latency":121, "hops":1, "rtt_latency":1642, "root_time_now":613550}
[Mote:17] Not reachable yet
[Mote:5] Not reachable yet
[Mote:3] Not reachable yet
[Mote:11] Sensor IPv6 = fe80::20b:b:b:b
[Mote:13] Not reachable yet
[Mote:1] {"node":"fd00::20b:b:b:b", "cpu_energy_mj":18, "lpm_energy_mj":0, "radio_tx_energy_mj":0, "radio_rx_energy_mj":8, "total_energy_mj":26, "node_time":617295, "total_sent":45, "total_received":48, "bytes_tx":60, "bytes_rx":12, "r2n_latency":2864, "lqi":100, "rssi":-43, "server_sent":48, "server_received":86, "server_bytes_rx":60, "n2r_latency":245, "hops":2, "rtt_latency":1887, "root_time_now":617540}
[Mote:12] Sensor IPv6 = fe80::20c:c:c:c
[Mote:1] {"node":"fd00::20c:c:c:c", "cpu_energy_mj":19, "lpm_energy_mj":0, "radio_tx_energy_mj":0, "radio_rx_energy_mj":9, "total_energy_mj":28, "node_time":617678, "total_sent":38, "total_received":50, "bytes_tx":60, "bytes_rx":12, "r2n_latency":37467, "lqi":100, "rssi":-77, "server_sent":59, "server_received":66, "server_bytes_rx":60, "n2r_latency":72, "hops":0, "rtt_latency":18942, "root_time_now":617750}
[Mote:7] Sensor IPv6 = fe80::207:7:7:7
[Mote:1] {"node":"fd00::207:7:7:7", "cpu_energy_mj":18, "lpm_energy_mj":0, "radio_tx_energy_mj":0, "radio_rx_energy_mj":8, "total_energy_mj":26, "node_time":618089, "total_sent":41, "total_received":57, "bytes_tx":60, "bytes_rx":12, "r2n_latency":974, "lqi":100, "rssi":-89, "server_sent":57, "server_received":83, "server_bytes_rx":60, "n2r_latency":11, "hops":0, "rtt_latency":907, "root_time_now":618100}
[Mote:8] Sensor IPv6 = fe80::208:8:8:8
[Mote:1] {"node":"fd00::208:8:8:8", "cpu_energy_mj":18, "lpm_energy_mj":0, "radio_tx_energy_mj":0, "radio_rx_energy_mj":8, "total_energy_mj":26, "node_time":618171, "total_sent":56, "total_received":58, "bytes_tx":60, "bytes_rx":12, "r2n_latency":274, "lqi":100, "rssi":-90, "server_sent":58, "server_received":112, "server_bytes_rx":60, "n2r_latency":69, "hops":0, "rtt_latency":942, "root_time_now":618240}
[Mote:15] Not reachable yet
[Mote:2] Not reachable yet
[Mote:10] Not reachable yet
[Mote:16] Not reachable yet
[Mote:18] Not reachable yet
[Mote:4] Not reachable yet
[Mote:6] Not reachable yet
[Mote:19] Not reachable yet
[Mote:17] Not reachable yet
[Mote:9] Sensor IPv6 = fe80::209:9:9:9
[Mote:14] Not reachable yet
[Mote:1] {"node":"fd00::209:9:9:9", "cpu_energy_mj":19, "lpm_energy_mj":0, "radio_tx_energy_mj":1, "radio_rx_energy_mj":8, "total_energy_mj":28, "node_time":623999, "total_sent":53, "total_received":57, "bytes_tx":60, "bytes_rx":12, "r2n_latency":634, "lqi":100, "rssi":-91, "server_sent":57, "server_received":103, "server_bytes_rx":60, "n2r_latency":2081, "hops":1, "rtt_latency":1927, "root_time_now":626080}
[Mote:5] Not reachable yet
[Mote:3] Not reachable yet
[Mote:11] Sensor IPv6 = fe80::20b:b:b:b
[Mote:13] Not reachable yet
[Mote:1] {"node":"fd00::20b:b:b:b", "cpu_energy_mj":18, "lpm_energy_mj":0, "radio_tx_energy_mj":0, "radio_rx_energy_mj":8, "total_energy_mj":26, "node_time":627418, "total_sent":46, "total_received":49, "bytes_tx":60, "bytes_rx":12, "r2n_latency":2804, "lqi":100, "rssi":-43, "server_sent":49, "server_received":88, "server_bytes_rx":60, "n2r_latency":482, "hops":2, "rtt_latency":2872, "root_time_now":627900}
[Mote:12] Sensor IPv6 = fe80::20c:c:c:c
[Mote:1] {"node":"fd00::20c:c:c:c", "cpu_energy_mj":19, "lpm_energy_mj":0, "radio_tx_energy_mj":0, "radio_rx_energy_mj":8, "total_energy_mj":27, "node_time":628510, "total_sent":39, "total_received":50, "bytes_tx":60, "bytes_rx":12, "r2n_latency":37467, "lqi":100, "rssi":-77, "server_sent":60, "server_received":67, "server_bytes_rx":60, "n2r_latency":20, "hops":0, "rtt_latency":18942, "root_time_now":628530}
[Mote:7] Sensor IPv6 = fe80::207:7:7:7
[Mote:1] {"node":"fd00::207:7:7:7", "cpu_energy_mj":18, "lpm_energy_mj":0, "radio_tx_energy_mj":1, "radio_rx_energy_mj":7, "total_energy_mj":26, "node_time":628565, "total_sent":42, "total_received":58, "bytes_tx":60, "bytes_rx":12, "r2n_latency":1194, "lqi":100, "rssi":-89, "server_sent":58, "server_received":85, "server_bytes_rx":60, "n2r_latency":35, "hops":0, "rtt_latency":1612, "root_time_now":628600}
[Mote:8] Sensor IPv6 = fe80::208:8:8:8
[Mote:1] {"node":"fd00::208:8:8:8", "cpu_energy_mj":18, "lpm_energy_mj":0, "radio_tx_energy_mj":1, "radio_rx_energy_mj":7, "total_energy_mj":26, "node_time":628654, "total_sent":57, "total_received":59, "bytes_tx":60, "bytes_rx":12, "r2n_latency":284, "lqi":100, "rssi":-90, "server_sent":59, "server_received":114, "server_bytes_rx":60, "n2r_latency":16, "hops":0, "rtt_latency":1752, "root_time_now":628670}
[Mote:15] Not reachable yet
[Mote:2] Not reachable yet
[Mote:10] Not reachable yet
[Mote:16] Not reachable yet
[Mote:18] Not reachable yet
[Mote:4] Not reachable yet
[Mote:6] Not reachable yet
[Mote:17] Not reachable yet
[Mote:19] Not reachable yet
[Mote:9] Sensor IPv6 = fe80::209:9:9:9
[Mote:1] {"node":"fd00::209:9:9:9", "cpu_energy_mj":19, "lpm_energy_mj":0, "radio_tx_energy_mj":0, "radio_rx_energy_mj":8, "total_energy_mj":27, "node_time":634570, "total_sent":54, "total_received":58, "bytes_tx":60, "bytes_rx":12, "r2n_latency":784, "lqi":100, "rssi":-91, "server_sent":58, "server_received":105, "server_bytes_rx":60, "n2r_latency":400, "hops":1, "rtt_latency":952, "root_time_now":634970}
[Mote:14] Not reachable yet
[Mote:3] Not reachable yet
[Mote:5] Not reachable yet
[Mote:11] Sensor IPv6 = fe80::20b:b:b:b
[Mote:13] Not reachable yet
[Mote:1] {"node":"fd00::20b:b:b:b", "cpu_energy_mj":18, "lpm_energy_mj":0, "radio_tx_energy_mj":0, "radio_rx_energy_mj":8, "total_energy_mj":26, "node_time":637542, "total_sent":47, "total_received":50, "bytes_tx":60, "bytes_rx":12, "r2n_latency":4844, "lqi":100, "rssi":-43, "server_sent":50, "server_received":90, "server_bytes_rx":60, "n2r_latency":158, "hops":2, "rtt_latency":2702, "root_time_now":637700}
[Mote:7] Sensor IPv6 = fe80::207:7:7:7
[Mote:1] {"node":"fd00::207:7:7:7", "cpu_energy_mj":18, "lpm_energy_mj":0, "radio_tx_energy_mj":0, "radio_rx_energy_mj":8, "total_energy_mj":26, "node_time":639041, "total_sent":43, "total_received":59, "bytes_tx":60, "bytes_rx":12, "r2n_latency":994, "lqi":100, "rssi":-89, "server_sent":59, "server_received":87, "server_bytes_rx":60, "n2r_latency":59, "hops":0, "rtt_latency":672, "root_time_now":639100}
[Mote:8] Sensor IPv6 = fe80::208:8:8:8
[Mote:1] {"node":"fd00::208:8:8:8", "cpu_energy_mj":18, "lpm_energy_mj":0, "radio_tx_energy_mj":0, "radio_rx_energy_mj":8, "total_energy_mj":26, "node_time":639137, "total_sent":58, "total_received":60, "bytes_tx":60, "bytes_rx":12, "r2n_latency":434, "lqi":100, "rssi":-90, "server_sent":60, "server_received":116, "server_bytes_rx":60, "n2r_latency":33, "hops":0, "rtt_latency":777, "root_time_now":639170}
[Mote:12] Sensor IPv6 = fe80::20c:c:c:c
[Mote:1] {"node":"fd00::20c:c:c:c", "cpu_energy_mj":19, "lpm_energy_mj":0, "radio_tx_energy_mj":0, "radio_rx_energy_mj":9, "total_energy_mj":28, "node_time":639344, "total_sent":40, "total_received":50, "bytes_tx":60, "bytes_rx":12, "r2n_latency":37467, "lqi":100, "rssi":-77, "server_sent":61, "server_received":68, "server_bytes_rx":60, "n2r_latency":36, "hops":0, "rtt_latency":18942, "root_time_now":639380}
[Mote:10] Not reachable yet
[Mote:15] Not reachable yet
[Mote:16] Not reachable yet
[Mote:2] Not reachable yet
[Mote:18] Not reachable yet
[Mote:4] Not reachable yet
[Mote:17] Not reachable yet
[Mote:6] Not reachable yet
[Mote:19] Not reachable yet
[Mote:9] Sensor IPv6 = fe80::209:9:9:9
[Mote:1] {"node":"fd00::209:9:9:9", "cpu_energy_mj":19, "lpm_energy_mj":0, "radio_tx_energy_mj":1, "radio_rx_energy_mj":7, "total_energy_mj":27, "node_time":645142, "total_sent":55, "total_received":59, "bytes_tx":60, "bytes_rx":12, "r2n_latency":514, "lqi":100, "rssi":-91, "server_sent":59, "server_received":107, "server_bytes_rx":60, "n2r_latency":118, "hops":1, "rtt_latency":1377, "root_time_now":645260}
[Mote:14] Not reachable yet
[Mote:3] Not reachable yet
[Mote:11] Sensor IPv6 = fe80::20b:b:b:b
[Mote:13] Not reachable yet
[Mote:5] Not reachable yet
[Mote:1] {"node":"fd00::20b:b:b:b", "cpu_energy_mj":18, "lpm_energy_mj":0, "radio_tx_energy_mj":0, "radio_rx_energy_mj":8, "total_energy_mj":26, "node_time":647667, "total_sent":48, "total_received":51, "bytes_tx":60, "bytes_rx":12, "r2n_latency":1984, "lqi":100, "rssi":-43, "server_sent":51, "server_received":92, "server_bytes_rx":60, "n2r_latency":463, "hops":2, "rtt_latency":1517, "root_time_now":648130}
[Mote:7] Sensor IPv6 = fe80::207:7:7:7
[Mote:1] {"node":"fd00::207:7:7:7", "cpu_energy_mj":18, "lpm_energy_mj":0, "radio_tx_energy_mj":0, "radio_rx_energy_mj":8, "total_energy_mj":26, "node_time":649519, "total_sent":44, "total_received":60, "bytes_tx":60, "bytes_rx":12, "r2n_latency":654, "lqi":100, "rssi":-89, "server_sent":60, "server_received":89, "server_bytes_rx":60, "n2r_latency":11, "hops":0, "rtt_latency":887, "root_time_now":649530}
[Mote:8] Sensor IPv6 = fe80::208:8:8:8
[Mote:1] {"node":"fd00::208:8:8:8", "cpu_energy_mj":18, "lpm_energy_mj":0, "radio_tx_energy_mj":0, "radio_rx_energy_mj":8, "total_energy_mj":26, "node_time":649620, "total_sent":59, "total_received":61, "bytes_tx":60, "bytes_rx":12, "r2n_latency":94, "lqi":100, "rssi":-90, "server_sent":61, "server_received":118, "server_bytes_rx":60, "n2r_latency":120, "hops":0, "rtt_latency":1342, "root_time_now":649740}
[Mote:12] Sensor IPv6 = fe80::20c:c:c:c
[Mote:1] {"node":"fd00::20c:c:c:c", "cpu_energy_mj":19, "lpm_energy_mj":0, "radio_tx_energy_mj":0, "radio_rx_energy_mj":9, "total_energy_mj":28, "node_time":650179, "total_sent":41, "total_received":50, "bytes_tx":60, "bytes_rx":12, "r2n_latency":37467, "lqi":100, "rssi":-77, "server_sent":63, "server_received":69, "server_bytes_rx":60, "n2r_latency":541, "hops":0, "rtt_latency":18942, "root_time_now":650720}
[Mote:10] Not reachable yet
[Mote:16] Not reachable yet
[Mote:15] Not reachable yet
[Mote:2] Not reachable yet
[Mote:18] Not reachable yet
[Mote:4] Not reachable yet
[Mote:17] Not reachable yet
[Mote:6] Not reachable yet
[Mote:9] Sensor IPv6 = fe80::209:9:9:9
[Mote:1] {"node":"fd00::209:9:9:9", "cpu_energy_mj":19, "lpm_energy_mj":0, "radio_tx_energy_mj":1, "radio_rx_energy_mj":8, "total_energy_mj":28, "node_time":655712, "total_sent":56, "total_received":60, "bytes_tx":60, "bytes_rx":12, "r2n_latency":314, "lqi":100, "rssi":-91, "server_sent":60, "server_received":109, "server_bytes_rx":60, "n2r_latency":118, "hops":1, "rtt_latency":1452, "root_time_now":655830}
[Mote:19] Not reachable yet
[Mote:14] Not reachable yet
[Mote:3] Not reachable yet
[Mote:11] Sensor IPv6 = fe80::20b:b:b:b
[Mote:13] Not reachable yet
[Mote:1] {"node":"fd00::20b:b:b:b", "cpu_energy_mj":18, "lpm_energy_mj":0, "radio_tx_energy_mj":0, "radio_rx_energy_mj":8, "total_energy_mj":26, "node_time":657789, "total_sent":49, "total_received":52, "bytes_tx":60, "bytes_rx":12, "r2n_latency":2414, "lqi":100, "rssi":-43, "server_sent":52, "server_received":94, "server_bytes_rx":60, "n2r_latency":491, "hops":2, "rtt_latency":1487, "root_time_now":658280}
[Mote:5] Not reachable yet
[Mote:7] Sensor IPv6 = fe80::207:7:7:7
[Mote:8] Sensor IPv6 = fe80::208:8:8:8
[Mote:12] Sensor IPv6 = fe80::20c:c:c:c
[Mote:16] Not reachable yet
[Mote:10] Not reachable yet
[Mote:15] Not reachable yet
[Mote:2] Not reachable yet
[Mote:1] {"node":"fd00::20c:c:c:c", "cpu_energy_mj":19, "lpm_energy_mj":0, "radio_tx_energy_mj":0, "radio_rx_energy_mj":8, "total_energy_mj":27, "node_time":661009, "total_sent":42, "total_received":50, "bytes_tx":60, "bytes_rx":12, "r2n_latency":37467, "lqi":100, "rssi":-77, "server_sent":64, "server_received":70, "server_bytes_rx":60, "n2r_latency":2521, "hops":0, "rtt_latency":18942, "root_time_now":663530}
[Mote:1] {"node":"fd00::207:7:7:7", "cpu_energy_mj":18, "lpm_energy_mj":0, "radio_tx_energy_mj":0, "radio_rx_energy_mj":8, "total_energy_mj":26, "node_time":659993, "total_sent":45, "total_received":61, "bytes_tx":60, "bytes_rx":12, "r2n_latency":1154, "lqi":100, "rssi":-89, "server_sent":62, "server_received":91, "server_bytes_rx":60, "n2r_latency":4027, "hops":0, "rtt_latency":752, "root_time_now":664020}
[Mote:18] Not reachable yet
[Mote:17] Not reachable yet
[Mote:4] Not reachable yet
[Mote:1] {"node":"fd00::208:8:8:8", "cpu_energy_mj":18, "lpm_energy_mj":0, "radio_tx_energy_mj":0, "radio_rx_energy_mj":8, "total_energy_mj":26, "node_time":660105, "total_sent":60, "total_received":63, "bytes_tx":60, "bytes_rx":12, "r2n_latency":44, "lqi":100, "rssi":-90, "server_sent":63, "server_received":121, "server_bytes_rx":60, "n2r_latency":5525, "hops":0, "rtt_latency":2787, "root_time_now":665630}
[Mote:9] Sensor IPv6 = fe80::209:9:9:9
[Mote:1] {"node":"fd00::209:9:9:9", "cpu_energy_mj":19, "lpm_energy_mj":0, "radio_tx_energy_mj":0, "radio_rx_energy_mj":8, "total_energy_mj":27, "node_time":666284, "total_sent":57, "total_received":61, "bytes_tx":60, "bytes_rx":12, "r2n_latency":464, "lqi":100, "rssi":-91, "server_sent":61, "server_received":111, "server_bytes_rx":60, "n2r_latency":116, "hops":1, "rtt_latency":2857, "root_time_now":666400}
[Mote:6] Not reachable yet
[Mote:19] Not reachable yet
[Mote:14] Not reachable yet
[Mote:3] Not reachable yet
[Mote:11] Sensor IPv6 = fe80::20b:b:b:b
[Mote:13] Not reachable yet
[Mote:1] {"node":"fd00::20b:b:b:b", "cpu_energy_mj":18, "lpm_energy_mj":0, "radio_tx_energy_mj":0, "radio_rx_energy_mj":8, "total_energy_mj":26, "node_time":667910, "total_sent":50, "total_received":53, "bytes_tx":60, "bytes_rx":12, "r2n_latency":2494, "lqi":100, "rssi":-43, "server_sent":53, "server_received":96, "server_bytes_rx":60, "n2r_latency":170, "hops":2, "rtt_latency":2892, "root_time_now":668080}
[Mote:5] Not reachable yet
[Mote:7] Sensor IPv6 = fe80::207:7:7:7
[Mote:8] Sensor IPv6 = fe80::208:8:8:8
[Mote:1] {"node":"fd00::207:7:7:7", "cpu_energy_mj":18, "lpm_energy_mj":0, "radio_tx_energy_mj":0, "radio_rx_energy_mj":8, "total_energy_mj":26, "node_time":670468, "total_sent":46, "total_received":62, "bytes_tx":60, "bytes_rx":12, "r2n_latency":1304, "lqi":100, "rssi":-89, "server_sent":63, "server_received":93, "server_bytes_rx":60, "n2r_latency":762, "hops":0, "rtt_latency":2052, "root_time_now":671230}
[Mote:1] {"node":"fd00::208:8:8:8", "cpu_energy_mj":18, "lpm_energy_mj":0, "radio_tx_energy_mj":1, "radio_rx_energy_mj":8, "total_energy_mj":27, "node_time":670588, "total_sent":61, "total_received":64, "bytes_tx":60, "bytes_rx":12, "r2n_latency":56, "lqi":100, "rssi":-90, "server_sent":64, "server_received":123, "server_bytes_rx":60, "n2r_latency":922, "hops":0, "rtt_latency":413, "root_time_now":671510}
[Mote:12] Sensor IPv6 = fe80::20c:c:c:c
[Mote:1] {"node":"fd00::20c:c:c:c", "cpu_energy_mj":19, "lpm_energy_mj":0, "radio_tx_energy_mj":0, "radio_rx_energy_mj":8, "total_energy_mj":27, "node_time":671842, "total_sent":43, "total_received":50, "bytes_tx":60, "bytes_rx":12, "r2n_latency":37467, "lqi":100, "rssi":-77, "server_sent":65, "server_received":71, "server_bytes_rx":60, "n2r_latency":18, "hops":0, "rtt_latency":18942, "root_time_now":671860}
[Mote:16] Not reachable yet
[Mote:10] Not reachable yet
[Mote:15] Not reachable yet
[Mote:2] Not reachable yet
[Mote:17] Not reachable yet
[Mote:18] Not reachable yet
[Mote:4] Not reachable yet
[Mote:9] Sensor IPv6 = fe80::209:9:9:9
[Mote:6] Not reachable yet
[Mote:19] Not reachable yet
[Mote:3] Not reachable yet
[Mote:11] Sensor IPv6 = fe80::20b:b:b:b
[Mote:13] Not reachable yet
[Mote:14] Not reachable yet
[Mote:1] {"node":"fd00::209:9:9:9", "cpu_energy_mj":19, "lpm_energy_mj":0, "radio_tx_energy_mj":0, "radio_rx_energy_mj":8, "total_energy_mj":27, "node_time":676857, "total_sent":58, "total_received":62, "bytes_tx":60, "bytes_rx":12, "r2n_latency":336, "lqi":100, "rssi":-91, "server_sent":62, "server_received":113, "server_bytes_rx":60, "n2r_latency":1583, "hops":1, "rtt_latency":798, "root_time_now":678440}
[Mote:1] {"node":"fd00::20b:b:b:b", "cpu_energy_mj":18, "lpm_energy_mj":0, "radio_tx_energy_mj":0, "radio_rx_energy_mj":8, "total_energy_mj":26, "node_time":678033, "total_sent":51, "total_received":54, "bytes_tx":60, "bytes_rx":12, "r2n_latency":4326, "lqi":100, "rssi":-43, "server_sent":54, "server_received":98, "server_bytes_rx":60, "n2r_latency":477, "hops":2, "rtt_latency":2268, "root_time_now":678510}
[Mote:5] Not reachable yet
[Mote:7] Sensor IPv6 = fe80::207:7:7:7
[Mote:8] Sensor IPv6 = fe80::208:8:8:8
[Mote:16] Not reachable yet
[Mote:12] Sensor IPv6 = fe80::20c:c:c:c
[Mote:10] Not reachable yet
[Mote:1] {"node":"fd00::20c:c:c:c", "cpu_energy_mj":19, "lpm_energy_mj":0, "radio_tx_energy_mj":0, "radio_rx_energy_mj":9, "total_energy_mj":28, "node_time":682675, "total_sent":44, "total_received":50, "bytes_tx":60, "bytes_rx":12, "r2n_latency":37467, "lqi":100, "rssi":-77, "server_sent":66, "server_received":72, "server_bytes_rx":60, "n2r_latency":805, "hops":0, "rtt_latency":18942, "root_time_now":683480}
[Mote:15] Not reachable yet
[Mote:2] Not reachable yet
[Mote:1] {"node":"fd00::207:7:7:7", "cpu_energy_mj":18, "lpm_energy_mj":0, "radio_tx_energy_mj":2, "radio_rx_energy_mj":6, "total_energy_mj":26, "node_time":680945, "total_sent":47, "total_received":64, "bytes_tx":60, "bytes_rx":12, "r2n_latency":834, "lqi":100, "rssi":-89, "server_sent":64, "server_received":96, "server_bytes_rx":60, "n2r_latency":3935, "hops":0, "rtt_latency":2097, "root_time_now":684880}
[Mote:17] Not reachable yet
[Mote:1] {"node":"fd00::208:8:8:8", "cpu_energy_mj":18, "lpm_energy_mj":0, "radio_tx_energy_mj":1, "radio_rx_energy_mj":8, "total_energy_mj":27, "node_time":681071, "total_sent":62, "total_received":65, "bytes_tx":60, "bytes_rx":12, "r2n_latency":64, "lqi":100, "rssi":-90, "server_sent":65, "server_received":125, "server_bytes_rx":60, "n2r_latency":4159, "hops":0, "rtt_latency":2517, "root_time_now":685230}
[Mote:18] Not reachable yet
[Mote:4] Not reachable yet
[Mote:9] Sensor IPv6 = fe80::209:9:9:9
[Mote:1] {"node":"fd00::209:9:9:9", "cpu_energy_mj":19, "lpm_energy_mj":0, "radio_tx_energy_mj":1, "radio_rx_energy_mj":8, "total_energy_mj":28, "node_time":687425, "total_sent":59, "total_received":63, "bytes_tx":60, "bytes_rx":12, "r2n_latency":274, "lqi":100, "rssi":-91, "server_sent":63, "server_received":115, "server_bytes_rx":60, "n2r_latency":115, "hops":1, "rtt_latency":2552, "root_time_now":687540}
[Mote:11] Sensor IPv6 = fe80::20b:b:b:b
[Mote:13] Not reachable yet
[Mote:3] Not reachable yet
[Mote:1] {"node":"fd00::20b:b:b:b", "cpu_energy_mj":18, "lpm_energy_mj":0, "radio_tx_energy_mj":0, "radio_rx_energy_mj":8, "total_energy_mj":26, "node_time":688159, "total_sent":52, "total_received":55, "bytes_tx":60, "bytes_rx":12, "r2n_latency":2934, "lqi":100, "rssi":-43, "server_sent":55, "server_received":100, "server_bytes_rx":60, "n2r_latency":151, "hops":2, "rtt_latency":2657, "root_time_now":688310}
[Mote:6] Not reachable yet
[Mote:19] Not reachable yet
[Mote:14] Not reachable yet
[Mote:5] Not reachable yet
[Mote:7] Sensor IPv6 = fe80::207:7:7:7
[Mote:8] Sensor IPv6 = fe80::208:8:8:8
[Mote:16] Not reachable yet
[Mote:10] Not reachable yet
[Mote:12] Sensor IPv6 = fe80::20c:c:c:c
[Mote:1] {"node":"fd00::20c:c:c:c", "cpu_energy_mj":19, "lpm_energy_mj":0, "radio_tx_energy_mj":1, "radio_rx_energy_mj":8, "total_energy_mj":28, "node_time":693509, "total_sent":45, "total_received":52, "bytes_tx":60, "bytes_rx":12, "r2n_latency":51404, "lqi":100, "rssi":-78, "server_sent":67, "server_received":75, "server_bytes_rx":60, "n2r_latency":401, "hops":0, "rtt_latency":25737, "root_time_now":693910}
[Mote:15] Not reachable yet
[Mote:2] Not reachable yet
[Mote:17] Not reachable yet
[Mote:18] Not reachable yet
[Mote:4] Not reachable yet
[Mote:9] Sensor IPv6 = fe80::209:9:9:9
[Mote:1] {"node":"fd00::208:8:8:8", "cpu_energy_mj":18, "lpm_energy_mj":0, "radio_tx_energy_mj":1, "radio_rx_energy_mj":8, "total_energy_mj":27, "node_time":691554, "total_sent":63, "total_received":66, "bytes_tx":60, "bytes_rx":12, "r2n_latency":74, "lqi":100, "rssi":-90, "server_sent":66, "server_received":126, "server_bytes_rx":60, "n2r_latency":6556, "hops":0, "rtt_latency":2517, "root_time_now":698110}
[Mote:11] Sensor IPv6 = fe80::20b:b:b:b
[Mote:13] Not reachable yet
[Mote:3] Not reachable yet
[Mote:1] {"node":"fd00::209:9:9:9", "cpu_energy_mj":19, "lpm_energy_mj":0, "radio_tx_energy_mj":1, "radio_rx_energy_mj":8, "total_energy_mj":28, "node_time":697996, "total_sent":60, "total_received":64, "bytes_tx":60, "bytes_rx":12, "r2n_latency":494, "lqi":100, "rssi":-91, "server_sent":64, "server_received":117, "server_bytes_rx":60, "n2r_latency":954, "hops":1, "rtt_latency":3852, "root_time_now":698950}
[Mote:1] {"node":"fd00::20b:b:b:b", "cpu_energy_mj":18, "lpm_energy_mj":0, "radio_tx_energy_mj":0, "radio_rx_energy_mj":8, "total_energy_mj":26, "node_time":698279, "total_sent":53, "total_received":56, "bytes_tx":60, "bytes_rx":12, "r2n_latency":2454, "lqi":100, "rssi":-43, "server_sent":56, "server_received":102, "server_bytes_rx":60, "n2r_latency":741, "hops":2, "rtt_latency":4097, "root_time_now":699020}
[Mote:6] Not reachable yet
[Mote:14] Not reachable yet
[Mote:19] Not reachable yet
[Mote:5] Not reachable yet
[Mote:7] Not reachable yet
[Mote:8] Sensor IPv6 = fe80::208:8:8:8
[Mote:16] Not reachable yet
[Mote:10] Not reachable yet
[Mote:1] {"node":"fd00::207:7:7:7", "cpu_energy_mj":18, "lpm_energy_mj":0, "radio_tx_energy_mj":0, "radio_rx_energy_mj":8, "total_energy_mj":26, "node_time":691421, "total_sent":48, "total_received":65, "bytes_tx":60, "bytes_rx":12, "r2n_latency":914, "lqi":100, "rssi":-89, "server_sent":66, "server_received":97, "server_bytes_rx":60, "n2r_latency":12219, "hops":0, "rtt_latency":2097, "root_time_now":703640}
[Mote:12] Sensor IPv6 = fe80::20c:c:c:c
[Mote:1] {"node":"fd00::20c:c:c:c", "cpu_energy_mj":19, "lpm_energy_mj":0, "radio_tx_energy_mj":1, "radio_rx_energy_mj":8, "total_energy_mj":28, "node_time":704342, "total_sent":46, "total_received":55, "bytes_tx":60, "bytes_rx":12, "r2n_latency":33867, "lqi":100, "rssi":-77, "server_sent":68, "server_received":79, "server_bytes_rx":60, "n2r_latency":698, "hops":0, "rtt_latency":16968, "root_time_now":705040}
[Mote:15] Not reachable yet
[Mote:2] Not reachable yet
[Mote:17] Not reachable yet
[Mote:1] {"node":"fd00::208:8:8:8", "cpu_energy_mj":18, "lpm_energy_mj":0, "radio_tx_energy_mj":1, "radio_rx_energy_mj":8, "total_energy_mj":27, "node_time":702037, "total_sent":64, "total_received":67, "bytes_tx":60, "bytes_rx":12, "r2n_latency":574, "lqi":100, "rssi":-90, "server_sent":67, "server_received":128, "server_bytes_rx":60, "n2r_latency":3913, "hops":0, "rtt_latency":847, "root_time_now":705950}
[Mote:18] Not reachable yet
[Mote:4] Not reachable yet
[Mote:13] Not reachable yet
[Mote:11] Sensor IPv6 = fe80::20b:b:b:b
[Mote:9] Sensor IPv6 = fe80::209:9:9:9
[Mote:3] Not reachable yet
[Mote:1] {"node":"fd00::20b:b:b:b", "cpu_energy_mj":18, "lpm_energy_mj":0, "radio_tx_energy_mj":0, "radio_rx_energy_mj":8, "total_energy_mj":26, "node_time":708402, "total_sent":54, "total_received":57, "bytes_tx":60, "bytes_rx":12, "r2n_latency":4424, "lqi":100, "rssi":-43, "server_sent":57, "server_received":104, "server_bytes_rx":60, "n2r_latency":1258, "hops":2, "rtt_latency":4627, "root_time_now":709660}
[Mote:1] {"node":"fd00::209:9:9:9", "cpu_energy_mj":19, "lpm_energy_mj":0, "radio_tx_energy_mj":1, "radio_rx_energy_mj":8, "total_energy_mj":28, "node_time":708566, "total_sent":61, "total_received":65, "bytes_tx":60, "bytes_rx":12, "r2n_latency":1414, "lqi":100, "rssi":-91, "server_sent":65, "server_received":119, "server_bytes_rx":60, "n2r_latency":1164, "hops":1, "rtt_latency":4592, "root_time_now":709730}
[Mote:6] Not reachable yet
[Mote:14] Not reachable yet
[Mote:19] Not reachable yet
[Mote:7] Not reachable yet
[Mote:16] Not reachable yet
[Mote:8] Sensor IPv6 = fe80::208:8:8:8
[Mote:5] Not reachable yet
[Mote:10] Not reachable yet
[Mote:1] {"node":"fd00::208:8:8:8", "cpu_energy_mj":18, "lpm_energy_mj":0, "radio_tx_energy_mj":1, "radio_rx_energy_mj":7, "total_energy_mj":26, "node_time":712520, "total_sent":65, "total_received":68, "bytes_tx":60, "bytes_rx":12, "r2n_latency":164, "lqi":100, "rssi":-90, "server_sent":68, "server_received":130, "server_bytes_rx":60, "n2r_latency":1760, "hops":0, "rtt_latency":1062, "root_time_now":714280}
[Mote:12] Sensor IPv6 = fe80::20c:c:c:c
[Mote:1] {"node":"fd00::20c:c:c:c", "cpu_energy_mj":19, "lpm_energy_mj":0, "radio_tx_energy_mj":0, "radio_rx_energy_mj":8, "total_energy_mj":27, "node_time":715177, "total_sent":47, "total_received":55, "bytes_tx":60, "bytes_rx":12, "r2n_latency":33867, "lqi":100, "rssi":-77, "server_sent":69, "server_received":80, "server_bytes_rx":60, "n2r_latency":13, "hops":0, "rtt_latency":16968, "root_time_now":715190}
[Mote:15] Not reachable yet
[Mote:17] Not reachable yet
[Mote:2] Not reachable yet
[Mote:18] Not reachable yet
[Mote:4] Not reachable yet
[Mote:13] Not reachable yet
[Mote:11] Sensor IPv6 = fe80::20b:b:b:b
[Mote:1] {"node":"fd00::20b:b:b:b", "cpu_energy_mj":18, "lpm_energy_mj":0, "radio_tx_energy_mj":0, "radio_rx_energy_mj":8, "total_energy_mj":26, "node_time":718528, "total_sent":55, "total_received":58, "bytes_tx":60, "bytes_rx":12, "r2n_latency":2684, "lqi":100, "rssi":-43, "server_sent":58, "server_received":106, "server_bytes_rx":60, "n2r_latency":442, "hops":2, "rtt_latency":2182, "root_time_now":718970}
[Mote:3] Not reachable yet
[Mote:9] Sensor IPv6 = fe80::209:9:9:9
[Mote:1] {"node":"fd00::209:9:9:9", "cpu_energy_mj":19, "lpm_energy_mj":0, "radio_tx_energy_mj":1, "radio_rx_energy_mj":8, "total_energy_mj":28, "node_time":719137, "total_sent":62, "total_received":66, "bytes_tx":60, "bytes_rx":12, "r2n_latency":514, "lqi":100, "rssi":-91, "server_sent":66, "server_received":121, "server_bytes_rx":60, "n2r_latency":393, "hops":1, "rtt_latency":1972, "root_time_now":719530}
[Mote:6] Not reachable yet
[Mote:14] Not reachable yet
[Mote:19] Not reachable yet
[Mote:16] Not reachable yet
[Mote:7] Not reachable yet
[Mote:8] Sensor IPv6 = fe80::208:8:8:8
[Mote:5] Not reachable yet
[Mote:10] Not reachable yet
[Mote:1] {"node":"fd00::208:8:8:8", "cpu_energy_mj":18, "lpm_energy_mj":0, "radio_tx_energy_mj":0, "radio_rx_energy_mj":8, "total_energy_mj":26, "node_time":723003, "total_sent":66, "total_received":69, "bytes_tx":60, "bytes_rx":12, "r2n_latency":174, "lqi":100, "rssi":-90, "server_sent":69, "server_received":132, "server_bytes_rx":60, "n2r_latency":1427, "hops":0, "rtt_latency":2047, "root_time_now":724430}
[Mote:12] Sensor IPv6 = fe80::20c:c:c:c
[Mote:17] Not reachable yet
[Mote:1] {"node":"fd00::20c:c:c:c", "cpu_energy_mj":19, "lpm_energy_mj":0, "radio_tx_energy_mj":0, "radio_rx_energy_mj":9, "total_energy_mj":28, "node_time":726007, "total_sent":48, "total_received":55, "bytes_tx":60, "bytes_rx":12, "r2n_latency":33867, "lqi":100, "rssi":-77, "server_sent":70, "server_received":81, "server_bytes_rx":60, "n2r_latency":33, "hops":0, "rtt_latency":16968, "root_time_now":726040}
[Mote:15] Not reachable yet
[Mote:2] Sensor IPv6 = fe80::202:2:2:2
[Mote:1] {"node":"fd00::202:2:2:2", "cpu_energy_mj":454, "lpm_energy_mj":0, "radio_tx_energy_mj":12, "radio_rx_energy_mj":1232, "total_energy_mj":1698, "node_time":726480, "total_sent":45, "total_received":69, "bytes_tx":60, "bytes_rx":12, "r2n_latency":34, "lqi":100, "rssi":-83, "server_sent":70, "server_received":88, "server_bytes_rx":60, "n2r_latency":50, "hops":0, "rtt_latency":2747, "root_time_now":726530}
[Mote:18] Not reachable yet
[Mote:4] Not reachable yet
[Mote:13] Not reachable yet
[Mote:11] Sensor IPv6 = fe80::20b:b:b:b
[Mote:1] {"node":"fd00::20b:b:b:b", "cpu_energy_mj":18, "lpm_energy_mj":0, "radio_tx_energy_mj":0, "radio_rx_energy_mj":8, "total_energy_mj":26, "node_time":728648, "total_sent":56, "total_received":59, "bytes_tx":60, "bytes_rx":12, "r2n_latency":3114, "lqi":100, "rssi":-43, "server_sent":59, "server_received":108, "server_bytes_rx":60, "n2r_latency":192, "hops":2, "rtt_latency":2257, "root_time_now":728840}
[Mote:3] Sensor IPv6 = fe80::203:3:3:3
[Mote:1] {"node":"fd00::203:3:3:3", "cpu_energy_mj":424, "lpm_energy_mj":0, "radio_tx_energy_mj":4, "radio_rx_energy_mj":201, "total_energy_mj":629, "node_time":729246, "total_sent":40, "total_received":59, "bytes_tx":60, "bytes_rx":12, "r2n_latency":286, "lqi":100, "rssi":-59, "server_sent":69, "server_received":68, "server_bytes_rx":60, "n2r_latency":224, "hops":1, "rtt_latency":6457, "root_time_now":729470}
[Mote:9] Sensor IPv6 = fe80::209:9:9:9
[Mote:14] Not reachable yet
[Mote:6] Not reachable yet
[Mote:16] Not reachable yet
[Mote:19] Not reachable yet
[Mote:1] {"node":"fd00::209:9:9:9", "cpu_energy_mj":19, "lpm_energy_mj":0, "radio_tx_energy_mj":0, "radio_rx_energy_mj":8, "total_energy_mj":27, "node_time":729708, "total_sent":63, "total_received":67, "bytes_tx":60, "bytes_rx":12, "r2n_latency":1154, "lqi":100, "rssi":-91, "server_sent":68, "server_received":123, "server_bytes_rx":60, "n2r_latency":2982, "hops":1, "rtt_latency":2187, "root_time_now":732690}
[Mote:7] Not reachable yet
[Mote:8] Sensor IPv6 = fe80::208:8:8:8
[Mote:10] Not reachable yet
[Mote:5] Not reachable yet
[Mote:1] {"node":"fd00::208:8:8:8", "cpu_energy_mj":18, "lpm_energy_mj":0, "radio_tx_energy_mj":1, "radio_rx_energy_mj":8, "total_energy_mj":27, "node_time":733486, "total_sent":67, "total_received":70, "bytes_tx":60, "bytes_rx":12, "r2n_latency":114, "lqi":100, "rssi":-90, "server_sent":70, "server_received":134, "server_bytes_rx":60, "n2r_latency":1164, "hops":0, "rtt_latency":1387, "root_time_now":734650}
[Mote:17] Not reachable yet
[Mote:15] Not reachable yet
[Mote:12] Sensor IPv6 = fe80::20c:c:c:c
[Mote:2] Sensor IPv6 = fe80::202:2:2:2
[Mote:1] {"node":"fd00::202:2:2:2", "cpu_energy_mj":18, "lpm_energy_mj":0, "radio_tx_energy_mj":2, "radio_rx_energy_mj":6, "total_energy_mj":26, "node_time":737008, "total_sent":46, "total_received":70, "bytes_tx":60, "bytes_rx":12, "r2n_latency":184, "lqi":100, "rssi":-83, "server_sent":71, "server_received":90, "server_bytes_rx":60, "n2r_latency":22, "hops":0, "rtt_latency":2437, "root_time_now":737030}
[Mote:18] Not reachable yet
[Mote:13] Not reachable yet
[Mote:11] Sensor IPv6 = fe80::20b:b:b:b
[Mote:4] Not reachable yet
[Mote:3] Not reachable yet
[Mote:1] {"node":"fd00::20c:c:c:c", "cpu_energy_mj":19, "lpm_energy_mj":0, "radio_tx_energy_mj":0, "radio_rx_energy_mj":9, "total_energy_mj":28, "node_time":736841, "total_sent":49, "total_received":55, "bytes_tx":60, "bytes_rx":12, "r2n_latency":33867, "lqi":100, "rssi":-77, "server_sent":71, "server_received":82, "server_bytes_rx":60, "n2r_latency":3059, "hops":0, "rtt_latency":16968, "root_time_now":739900}
[Mote:9] Sensor IPv6 = fe80::209:9:9:9
[Mote:16] Not reachable yet
[Mote:14] Not reachable yet
[Mote:6] Not reachable yet
[Mote:19] Not reachable yet
[Mote:7] Not reachable yet
[Mote:10] Not reachable yet
[Mote:8] Sensor IPv6 = fe80::208:8:8:8
[Mote:1] {"node":"fd00::20b:b:b:b", "cpu_energy_mj":18, "lpm_energy_mj":0, "radio_tx_energy_mj":0, "radio_rx_energy_mj":8, "total_energy_mj":26, "node_time":738772, "total_sent":57, "total_received":60, "bytes_tx":60, "bytes_rx":12, "r2n_latency":2634, "lqi":100, "rssi":-43, "server_sent":61, "server_received":109, "server_bytes_rx":60, "n2r_latency":5748, "hops":2, "rtt_latency":2257, "root_time_now":744520}
[Mote:5] Not reachable yet
[Mote:1] {"node":"fd00::209:9:9:9", "cpu_energy_mj":19, "lpm_energy_mj":0, "radio_tx_energy_mj":1, "radio_rx_energy_mj":8, "total_energy_mj":28, "node_time":740279, "total_sent":64, "total_received":68, "bytes_tx":60, "bytes_rx":12, "r2n_latency":1094, "lqi":100, "rssi":-91, "server_sent":69, "server_received":125, "server_bytes_rx":60, "n2r_latency":4941, "hops":1, "rtt_latency":2297, "root_time_now":745220}
[Mote:1] {"node":"fd00::208:8:8:8", "cpu_energy_mj":18, "lpm_energy_mj":0, "radio_tx_energy_mj":1, "radio_rx_energy_mj":7, "total_energy_mj":26, "node_time":743969, "total_sent":68, "total_received":71, "bytes_tx":60, "bytes_rx":12, "r2n_latency":684, "lqi":100, "rssi":-90, "server_sent":71, "server_received":136, "server_bytes_rx":60, "n2r_latency":1461, "hops":2, "rtt_latency":2302, "root_time_now":745430}
[Mote:17] Not reachable yet
[Mote:15] Not reachable yet
[Mote:2] Sensor IPv6 = fe80::202:2:2:2
[Mote:12] Sensor IPv6 = fe80::20c:c:c:c
[Mote:1] {"node":"fd00::20c:c:c:c", "cpu_energy_mj":19, "lpm_energy_mj":0, "radio_tx_energy_mj":0, "radio_rx_energy_mj":8, "total_energy_mj":27, "node_time":747674, "total_sent":50, "total_received":55, "bytes_tx":60, "bytes_rx":12, "r2n_latency":33867, "lqi":100, "rssi":-77, "server_sent":72, "server_received":83, "server_bytes_rx":60, "n2r_latency":66, "hops":0, "rtt_latency":16968, "root_time_now":747740}
[Mote:13] Not reachable yet
[Mote:11] Sensor IPv6 = fe80::20b:b:b:b
[Mote:18] Not reachable yet
[Mote:1] {"node":"fd00::20b:b:b:b", "cpu_energy_mj":18, "lpm_energy_mj":0, "radio_tx_energy_mj":0, "radio_rx_energy_mj":8, "total_energy_mj":26, "node_time":748897, "total_sent":58, "total_received":61, "bytes_tx":60, "bytes_rx":12, "r2n_latency":3064, "lqi":100, "rssi":-43, "server_sent":61, "server_received":110, "server_bytes_rx":60, "n2r_latency":313, "hops":2, "rtt_latency":2257, "root_time_now":749210}
[Mote:4] Not reachable yet
[Mote:3] Not reachable yet
[Mote:1] {"node":"fd00::202:2:2:2", "cpu_energy_mj":18, "lpm_energy_mj":0, "radio_tx_energy_mj":1, "radio_rx_energy_mj":7, "total_energy_mj":26, "node_time":747540, "total_sent":47, "total_received":71, "bytes_tx":60, "bytes_rx":12, "r2n_latency":2294, "lqi":100, "rssi":-83, "server_sent":72, "server_received":92, "server_bytes_rx":60, "n2r_latency":2370, "hops":0, "rtt_latency":1427, "root_time_now":749910}
[Mote:9] Sensor IPv6 = fe80::209:9:9:9
[Mote:16] Not reachable yet
[Mote:14] Not reachable yet
[Mote:6] Not reachable yet
[Mote:10] Not reachable yet
[Mote:7] Not reachable yet
[Mote:19] Not reachable yet
[Mote:8] Sensor IPv6 = fe80::208:8:8:8
[Mote:1] {"node":"fd00::209:9:9:9", "cpu_energy_mj":19, "lpm_energy_mj":0, "radio_tx_energy_mj":1, "radio_rx_energy_mj":7, "total_energy_mj":27, "node_time":750852, "total_sent":65, "total_received":70, "bytes_tx":60, "bytes_rx":12, "r2n_latency":554, "lqi":100, "rssi":-91, "server_sent":70, "server_received":128, "server_bytes_rx":60, "n2r_latency":3748, "hops":1, "rtt_latency":2272, "root_time_now":754600}
[Mote:1] {"node":"fd00::208:8:8:8", "cpu_energy_mj":18, "lpm_energy_mj":0, "radio_tx_energy_mj":1, "radio_rx_energy_mj":7, "total_energy_mj":26, "node_time":754451, "total_sent":69, "total_received":72, "bytes_tx":60, "bytes_rx":12, "r2n_latency":204, "lqi":100, "rssi":-90, "server_sent":72, "server_received":138, "server_bytes_rx":60, "n2r_latency":359, "hops":0, "rtt_latency":2237, "root_time_now":754810}
[Mote:5] Not reachable yet
[Mote:17] Not reachable yet
[Mote:15] Not reachable yet
[Mote:2] Sensor IPv6 = fe80::202:2:2:2
[Mote:1] {"node":"fd00::202:2:2:2", "cpu_energy_mj":18, "lpm_energy_mj":0, "radio_tx_energy_mj":0, "radio_rx_energy_mj":8, "total_energy_mj":26, "node_time":758071, "total_sent":48, "total_received":72, "bytes_tx":60, "bytes_rx":12, "r2n_latency":764, "lqi":100, "rssi":-83, "server_sent":73, "server_received":94, "server_bytes_rx":60, "n2r_latency":29, "hops":0, "rtt_latency":907, "root_time_now":758100}
[Mote:12] Sensor IPv6 = fe80::20c:c:c:c
[Mote:1] {"node":"fd00::20c:c:c:c", "cpu_energy_mj":19, "lpm_energy_mj":0, "radio_tx_energy_mj":0, "radio_rx_energy_mj":8, "total_energy_mj":27, "node_time":758507, "total_sent":51, "total_received":55, "bytes_tx":60, "bytes_rx":12, "r2n_latency":33867, "lqi":100, "rssi":-77, "server_sent":73, "server_received":84, "server_bytes_rx":60, "n2r_latency":13, "hops":0, "rtt_latency":16968, "root_time_now":758520}
[Mote:13] Not reachable yet
[Mote:11] Sensor IPv6 = fe80::20b:b:b:b
[Mote:1] {"node":"fd00::20b:b:b:b", "cpu_energy_mj":18, "lpm_energy_mj":0, "radio_tx_energy_mj":0, "radio_rx_energy_mj":8, "total_energy_mj":26, "node_time":759017, "total_sent":59, "total_received":62, "bytes_tx":60, "bytes_rx":12, "r2n_latency":3074, "lqi":100, "rssi":-43, "server_sent":62, "server_received":112, "server_bytes_rx":60, "n2r_latency":203, "hops":2, "rtt_latency":2342, "root_time_now":759220}
[Mote:18] Not reachable yet
[Mote:4] Not reachable yet
[Mote:3] Not reachable yet
[Mote:9] Sensor IPv6 = fe80::209:9:9:9
[Mote:16] Not reachable yet
[Mote:10] Not reachable yet
[Mote:14] Not reachable yet
[Mote:7] Not reachable yet
[Mote:6] Not reachable yet
[Mote:8] Sensor IPv6 = fe80::208:8:8:8
[Mote:19] Not reachable yet
[Mote:5] Not reachable yet
[Mote:17] Not reachable yet
[Mote:1] {"node":"fd00::209:9:9:9", "cpu_energy_mj":19, "lpm_energy_mj":0, "radio_tx_energy_mj":0, "radio_rx_energy_mj":8, "total_energy_mj":27, "node_time":761423, "total_sent":66, "total_received":71, "bytes_tx":60, "bytes_rx":12, "r2n_latency":1404, "lqi":100, "rssi":-91, "server_sent":71, "server_received":130, "server_bytes_rx":60, "n2r_latency":6827, "hops":1, "rtt_latency":4097, "root_time_now":768250}
[Mote:15] Not reachable yet
[Mote:1] {"node":"fd00::208:8:8:8", "cpu_energy_mj":18, "lpm_energy_mj":0, "radio_tx_energy_mj":0, "radio_rx_energy_mj":8, "total_energy_mj":26, "node_time":764934, "total_sent":70, "total_received":73, "bytes_tx":60, "bytes_rx":12, "r2n_latency":424, "lqi":100, "rssi":-90, "server_sent":73, "server_received":140, "server_bytes_rx":60, "n2r_latency":3456, "hops":0, "rtt_latency":877, "root_time_now":768390}
[Mote:2] Sensor IPv6 = fe80::202:2:2:2
[Mote:1] {"node":"fd00::202:2:2:2", "cpu_energy_mj":18, "lpm_energy_mj":0, "radio_tx_energy_mj":1, "radio_rx_energy_mj":8, "total_energy_mj":27, "node_time":768602, "total_sent":49, "total_received":73, "bytes_tx":60, "bytes_rx":12, "r2n_latency":74, "lqi":100, "rssi":-83, "server_sent":74, "server_received":96, "server_bytes_rx":60, "n2r_latency":68, "hops":0, "rtt_latency":807, "root_time_now":768670}
[Mote:13] Not reachable yet
[Mote:11] Sensor IPv6 = fe80::20b:b:b:b
[Mote:1] {"node":"fd00::20b:b:b:b", "cpu_energy_mj":18, "lpm_energy_mj":0, "radio_tx_energy_mj":0, "radio_rx_energy_mj":8, "total_energy_mj":26, "node_time":769141, "total_sent":60, "total_received":63, "bytes_tx":60, "bytes_rx":12, "r2n_latency":2524, "lqi":100, "rssi":-43, "server_sent":63, "server_received":114, "server_bytes_rx":60, "n2r_latency":159, "hops":2, "rtt_latency":4167, "root_time_now":769300}
[Mote:12] Sensor IPv6 = fe80::20c:c:c:c
[Mote:1] {"node":"fd00::20c:c:c:c", "cpu_energy_mj":19, "lpm_energy_mj":0, "radio_tx_energy_mj":0, "radio_rx_energy_mj":9, "total_energy_mj":28, "node_time":769339, "total_sent":52, "total_received":55, "bytes_tx":60, "bytes_rx":12, "r2n_latency":33867, "lqi":100, "rssi":-77, "server_sent":74, "server_received":85, "server_bytes_rx":60, "n2r_latency":31, "hops":0, "rtt_latency":16968, "root_time_now":769370}
[Mote:18] Not reachable yet
[Mote:3] Not reachable yet
[Mote:4] Not reachable yet
[Mote:9] Sensor IPv6 = fe80::209:9:9:9
[Mote:16] Not reachable yet
[Mote:1] {"node":"fd00::209:9:9:9", "cpu_energy_mj":19, "lpm_energy_mj":0, "radio_tx_energy_mj":1, "radio_rx_energy_mj":8, "total_energy_mj":28, "node_time":771996, "total_sent":67, "total_received":71, "bytes_tx":60, "bytes_rx":12, "r2n_latency":1404, "lqi":100, "rssi":-91, "server_sent":72, "server_received":131, "server_bytes_rx":60, "n2r_latency":1364, "hops":1, "rtt_latency":4097, "root_time_now":773360}
[Mote:10] Not reachable yet
[Mote:14] Not reachable yet
[Mote:7] Not reachable yet
[Mote:8] Not reachable yet
[Mote:6] Sensor IPv6 = fe80::206:6:6:6
[Mote:1] {"node":"fd00::206:6:6:6", "cpu_energy_mj":570, "lpm_energy_mj":0, "radio_tx_energy_mj":16, "radio_rx_energy_mj":2276, "total_energy_mj":2862, "node_time":775814, "total_sent":37, "total_received":69, "bytes_tx":60, "bytes_rx":12, "r2n_latency":784, "lqi":100, "rssi":-86, "server_sent":73, "server_received":72, "server_bytes_rx":60, "n2r_latency":136, "hops":1, "rtt_latency":2702, "root_time_now":775950}
[Mote:19] Not reachable yet
[Mote:17] Not reachable yet
[Mote:5] Not reachable yet
[Mote:15] Not reachable yet
[Mote:2] Sensor IPv6 = fe80::202:2:2:2
[Mote:1] {"node":"fd00::202:2:2:2", "cpu_energy_mj":18, "lpm_energy_mj":0, "radio_tx_energy_mj":0, "radio_rx_energy_mj":8, "total_energy_mj":26, "node_time":779131, "total_sent":50, "total_received":74, "bytes_tx":60, "bytes_rx":12, "r2n_latency":14, "lqi":100, "rssi":-83, "server_sent":75, "server_received":98, "server_bytes_rx":60, "n2r_latency":39, "hops":0, "rtt_latency":2597, "root_time_now":779170}
[Mote:13] Not reachable yet
[Mote:11] Sensor IPv6 = fe80::20b:b:b:b
[Mote:12] Sensor IPv6 = fe80::20c:c:c:c
[Mote:3] Not reachable yet
[Mote:18] Not reachable yet
[Mote:4] Not reachable yet
[Mote:1] {"node":"fd00::20b:b:b:b", "cpu_energy_mj":18, "lpm_energy_mj":0, "radio_tx_energy_mj":0, "radio_rx_energy_mj":8, "total_energy_mj":26, "node_time":779263, "total_sent":61, "total_received":64, "bytes_tx":60, "bytes_rx":12, "r2n_latency":4634, "lqi":100, "rssi":-43, "server_sent":65, "server_received":116, "server_bytes_rx":60, "n2r_latency":2007, "hops":2, "rtt_latency":2457, "root_time_now":781270}
[Mote:9] Sensor IPv6 = fe80::209:9:9:9
[Mote:16] Not reachable yet
[Mote:1] {"node":"fd00::20c:c:c:c", "cpu_energy_mj":19, "lpm_energy_mj":0, "radio_tx_energy_mj":0, "radio_rx_energy_mj":9, "total_energy_mj":28, "node_time":780173, "total_sent":53, "total_received":55, "bytes_tx":60, "bytes_rx":12, "r2n_latency":33867, "lqi":100, "rssi":-77, "server_sent":76, "server_received":86, "server_bytes_rx":60, "n2r_latency":2847, "hops":0, "rtt_latency":16968, "root_time_now":783020}
[Mote:1] {"node":"fd00::209:9:9:9", "cpu_energy_mj":19, "lpm_energy_mj":0, "radio_tx_energy_mj":1, "radio_rx_energy_mj":8, "total_energy_mj":28, "node_time":782563, "total_sent":68, "total_received":72, "bytes_tx":60, "bytes_rx":12, "r2n_latency":2464, "lqi":100, "rssi":-91, "server_sent":73, "server_received":133, "server_bytes_rx":60, "n2r_latency":1297, "hops":1, "rtt_latency":2037, "root_time_now":783860}
[Mote:10] Not reachable yet
[Mote:7] Not reachable yet
[Mote:14] Not reachable yet
[Mote:8] Sensor IPv6 = fe80::208:8:8:8
[Mote:1] {"node":"fd00::208:8:8:8", "cpu_energy_mj":37, "lpm_energy_mj":0, "radio_tx_energy_mj":2, "radio_rx_energy_mj":15, "total_energy_mj":54, "node_time":785901, "total_sent":71, "total_received":75, "bytes_tx":60, "bytes_rx":12, "r2n_latency":444, "lqi":100, "rssi":-90, "server_sent":75, "server_received":143, "server_bytes_rx":60, "n2r_latency":269, "hops":0, "rtt_latency":677, "root_time_now":786170}
[Mote:6] Sensor IPv6 = fe80::206:6:6:6
[Mote:19] Not reachable yet
[Mote:17] Not reachable yet
[Mote:5] Not reachable yet
[Mote:1] {"node":"fd00::206:6:6:6", "cpu_energy_mj":19, "lpm_energy_mj":0, "radio_tx_energy_mj":0, "radio_rx_energy_mj":8, "total_energy_mj":27, "node_time":786741, "total_sent":38, "total_received":70, "bytes_tx":60, "bytes_rx":12, "r2n_latency":2544, "lqi":100, "rssi":-86, "server_sent":74, "server_received":74, "server_bytes_rx":60, "n2r_latency":1529, "hops":1, "rtt_latency":3967, "root_time_now":788270}
[Mote:13] Not reachable yet
[Mote:11] Sensor IPv6 = fe80::20b:b:b:b
[Mote:15] Not reachable yet
[Mote:2] Sensor IPv6 = fe80::202:2:2:2
[Mote:3] Sensor IPv6 = fe80::203:3:3:3
[Mote:12] Sensor IPv6 = fe80::20c:c:c:c
[Mote:18] Not reachable yet
[Mote:1] {"node":"fd00::202:2:2:2", "cpu_energy_mj":18, "lpm_energy_mj":0, "radio_tx_energy_mj":1, "radio_rx_energy_mj":7, "total_energy_mj":26, "node_time":789664, "total_sent":51, "total_received":75, "bytes_tx":60, "bytes_rx":12, "r2n_latency":24, "lqi":100, "rssi":-83, "server_sent":77, "server_received":100, "server_bytes_rx":60, "n2r_latency":1896, "hops":0, "rtt_latency":3232, "root_time_now":791560}
[Mote:4] Not reachable yet
[Mote:16] Not reachable yet
[Mote:9] Sensor IPv6 = fe80::209:9:9:9
[Mote:1] {"node":"fd00::20b:b:b:b", "cpu_energy_mj":18, "lpm_energy_mj":0, "radio_tx_energy_mj":0, "radio_rx_energy_mj":8, "total_energy_mj":26, "node_time":789390, "total_sent":62, "total_received":65, "bytes_tx":60, "bytes_rx":12, "r2n_latency":8284, "lqi":100, "rssi":-43, "server_sent":66, "server_received":118, "server_bytes_rx":60, "n2r_latency":3920, "hops":2, "rtt_latency":6627, "root_time_now":793310}
[Mote:1] {"node":"fd00::209:9:9:9", "cpu_energy_mj":19, "lpm_energy_mj":0, "radio_tx_energy_mj":1, "radio_rx_energy_mj":7, "total_energy_mj":27, "node_time":793138, "total_sent":69, "total_received":74, "bytes_tx":60, "bytes_rx":12, "r2n_latency":734, "lqi":100, "rssi":-91, "server_sent":74, "server_received":136, "server_bytes_rx":60, "n2r_latency":1082, "hops":1, "rtt_latency":1732, "root_time_now":794220}
[Mote:10] Not reachable yet
[Mote:7] Not reachable yet
[Mote:8] Sensor IPv6 = fe80::208:8:8:8
[Mote:14] Not reachable yet
[Mote:1] {"node":"fd00::208:8:8:8", "cpu_energy_mj":18, "lpm_energy_mj":0, "radio_tx_energy_mj":1, "radio_rx_energy_mj":7, "total_energy_mj":26, "node_time":796382, "total_sent":72, "total_received":76, "bytes_tx":60, "bytes_rx":12, "r2n_latency":314, "lqi":100, "rssi":-90, "server_sent":76, "server_received":145, "server_bytes_rx":60, "n2r_latency":288, "hops":0, "rtt_latency":1697, "root_time_now":796670}
[Mote:1] {"node":"fd00::203:3:3:3", "cpu_energy_mj":110, "lpm_energy_mj":0, "radio_tx_energy_mj":3, "radio_rx_energy_mj":51, "total_energy_mj":164, "node_time":790830, "total_sent":41, "total_received":72, "bytes_tx":60, "bytes_rx":12, "r2n_latency":314, "lqi":100, "rssi":-59, "server_sent":76, "server_received":72, "server_bytes_rx":60, "n2r_latency":6400, "hops":2, "rtt_latency":1977, "root_time_now":797230}
[Mote:17] Not reachable yet
[Mote:6] Sensor IPv6 = fe80::206:6:6:6
[Mote:1] {"node":"fd00::206:6:6:6", "cpu_energy_mj":19, "lpm_energy_mj":0, "radio_tx_energy_mj":1, "radio_rx_energy_mj":8, "total_energy_mj":28, "node_time":797668, "total_sent":39, "total_received":71, "bytes_tx":60, "bytes_rx":12, "r2n_latency":594, "lqi":100, "rssi":-86, "server_sent":75, "server_received":76, "server_bytes_rx":60, "n2r_latency":122, "hops":1, "rtt_latency":2397, "root_time_now":797790}
[Mote:19] Not reachable yet
[Mote:5] Not reachable yet
[Mote:13] Not reachable yet
[Mote:11] Sensor IPv6 = fe80::20b:b:b:b
[Mote:15] Not reachable yet
[Mote:2] Sensor IPv6 = fe80::202:2:2:2
[Mote:3] Sensor IPv6 = fe80::203:3:3:3
[Mote:18] Not reachable yet
[Mote:12] Sensor IPv6 = fe80::20c:c:c:c
[Mote:4] Not reachable yet
[Mote:16] Not reachable yet
[Mote:9] Sensor IPv6 = fe80::209:9:9:9
[Mote:1] {"node":"fd00::20b:b:b:b", "cpu_energy_mj":18, "lpm_energy_mj":0, "radio_tx_energy_mj":0, "radio_rx_energy_mj":8, "total_energy_mj":26, "node_time":799509, "total_sent":63, "total_received":66, "bytes_tx":60, "bytes_rx":12, "r2n_latency":2554, "lqi":100, "rssi":-43, "server_sent":67, "server_received":120, "server_bytes_rx":60, "n2r_latency":4721, "hops":2, "rtt_latency":2012, "root_time_now":804230}
[Mote:10] Not reachable yet
[Mote:7] Not reachable yet
[Mote:8] Sensor IPv6 = fe80::208:8:8:8
[Mote:14] Not reachable yet
[Mote:17] Not reachable yet
[Mote:6] Sensor IPv6 = fe80::206:6:6:6
[Mote:19] Not reachable yet
[Mote:1] {"node":"fd00::20c:c:c:c", "cpu_energy_mj":19, "lpm_energy_mj":0, "radio_tx_energy_mj":2, "radio_rx_energy_mj":7, "total_energy_mj":28, "node_time":801838, "total_sent":55, "total_received":63, "bytes_tx":60, "bytes_rx":12, "r2n_latency":8854, "lqi":100, "rssi":-81, "server_sent":78, "server_received":95, "server_bytes_rx":60, "n2r_latency":7432, "hops":0, "rtt_latency":9607, "root_time_now":809270}
[Mote:13] Not reachable yet
[Mote:11] Sensor IPv6 = fe80::20b:b:b:b
[Mote:5] Not reachable yet
[Mote:1] {"node":"fd00::202:2:2:2", "cpu_energy_mj":18, "lpm_energy_mj":0, "radio_tx_energy_mj":1, "radio_rx_energy_mj":7, "total_energy_mj":26, "node_time":800195, "total_sent":52, "total_received":77, "bytes_tx":60, "bytes_rx":12, "r2n_latency":45, "lqi":100, "rssi":-83, "server_sent":78, "server_received":102, "server_bytes_rx":60, "n2r_latency":9565, "hops":0, "rtt_latency":1452, "root_time_now":809760}
[Mote:15] Not reachable yet
[Mote:2] Not reachable yet
[Mote:3] Sensor IPv6 = fe80::203:3:3:3
[Mote:18] Not reachable yet
[Mote:12] Sensor IPv6 = fe80::20c:c:c:c
[Mote:16] Not reachable yet
[Mote:4] Not reachable yet
[Mote:1] {"node":"fd00::208:8:8:8", "cpu_energy_mj":18, "lpm_energy_mj":0, "radio_tx_energy_mj":1, "radio_rx_energy_mj":7, "total_energy_mj":26, "node_time":806866, "total_sent":73, "total_received":77, "bytes_tx":60, "bytes_rx":12, "r2n_latency":465, "lqi":100, "rssi":-90, "server_sent":78, "server_received":147, "server_bytes_rx":60, "n2r_latency":6254, "hops":0, "rtt_latency":2157, "root_time_now":813120}
[Mote:1] {"node":"fd00::20c:c:c:c", "cpu_energy_mj":19, "lpm_energy_mj":0, "radio_tx_energy_mj":2, "radio_rx_energy_mj":6, "total_energy_mj":27, "node_time":812672, "total_sent":56, "total_received":63, "bytes_tx":60, "bytes_rx":12, "r2n_latency":8854, "lqi":100, "rssi":-81, "server_sent":79, "server_received":96, "server_bytes_rx":60, "n2r_latency":1288, "hops":0, "rtt_latency":9607, "root_time_now":813960}
[Mote:9] Sensor IPv6 = fe80::209:9:9:9
[Mote:1] {"node":"fd00::20b:b:b:b", "cpu_energy_mj":18, "lpm_energy_mj":0, "radio_tx_energy_mj":0, "radio_rx_energy_mj":8, "total_energy_mj":26, "node_time":809633, "total_sent":64, "total_received":67, "bytes_tx":60, "bytes_rx":12, "r2n_latency":3475, "lqi":100, "rssi":-43, "server_sent":68, "server_received":122, "server_bytes_rx":60, "n2r_latency":5447, "hops":2, "rtt_latency":2227, "root_time_now":815080}
[Mote:10] Not reachable yet
[Mote:1] {"node":"fd00::209:9:9:9", "cpu_energy_mj":19, "lpm_energy_mj":0, "radio_tx_energy_mj":1, "radio_rx_energy_mj":8, "total_energy_mj":28, "node_time":814280, "total_sent":71, "total_received":76, "bytes_tx":60, "bytes_rx":12, "r2n_latency":614, "lqi":100, "rssi":-91, "server_sent":76, "server_received":139, "server_bytes_rx":60, "n2r_latency":1150, "hops":1, "rtt_latency":2687, "root_time_now":815430}
[Mote:7] Not reachable yet
[Mote:8] Not reachable yet
[Mote:17] Not reachable yet
[Mote:14] Not reachable yet
[Mote:6] Not reachable yet
[Mote:13] Not reachable yet
[Mote:11] Sensor IPv6 = fe80::20b:b:b:b
[Mote:19] Not reachable yet
[Mote:5] Not reachable yet
[Mote:15] Not reachable yet
[Mote:2] Not reachable yet
[Mote:3] Sensor IPv6 = fe80::203:3:3:3
[Mote:16] Not reachable yet
[Mote:18] Not reachable yet
[Mote:4] Not reachable yet
[Mote:12] Sensor IPv6 = fe80::20c:c:c:c
[Mote:1] {"node":"fd00::20c:c:c:c", "cpu_energy_mj":19, "lpm_energy_mj":0, "radio_tx_energy_mj":1, "radio_rx_energy_mj":8, "total_energy_mj":28, "node_time":823505, "total_sent":57, "total_received":66, "bytes_tx":60, "bytes_rx":12, "r2n_latency":65, "lqi":100, "rssi":-87, "server_sent":80, "server_received":100, "server_bytes_rx":60, "n2r_latency":45, "hops":0, "rtt_latency":1537, "root_time_now":823550}
[Mote:9] Sensor IPv6 = fe80::209:9:9:9
[Mote:10] Not reachable yet
[Mote:1] {"node":"fd00::20b:b:b:b", "cpu_energy_mj":18, "lpm_energy_mj":0, "radio_tx_energy_mj":0, "radio_rx_energy_mj":8, "total_energy_mj":26, "node_time":819758, "total_sent":65, "total_received":67, "bytes_tx":60, "bytes_rx":12, "r2n_latency":3475, "lqi":100, "rssi":-43, "server_sent":69, "server_received":123, "server_bytes_rx":60, "n2r_latency":6032, "hops":2, "rtt_latency":2227, "root_time_now":825790}
[Mote:7] Not reachable yet
[Mote:8] Sensor IPv6 = fe80::208:8:8:8
[Mote:1] {"node":"fd00::208:8:8:8", "cpu_energy_mj":37, "lpm_energy_mj":0, "radio_tx_energy_mj":2, "radio_rx_energy_mj":15, "total_energy_mj":54, "node_time":827832, "total_sent":74, "total_received":79, "bytes_tx":60, "bytes_rx":12, "r2n_latency":1395, "lqi":100, "rssi":-90, "server_sent":79, "server_received":150, "server_bytes_rx":60, "n2r_latency":58, "hops":0, "rtt_latency":1712, "root_time_now":827890}
[Mote:17] Not reachable yet
[Mote:14] Not reachable yet
[Mote:1] {"node":"fd00::209:9:9:9", "cpu_energy_mj":19, "lpm_energy_mj":0, "radio_tx_energy_mj":1, "radio_rx_energy_mj":7, "total_energy_mj":27, "node_time":824851, "total_sent":72, "total_received":77, "bytes_tx":60, "bytes_rx":12, "r2n_latency":1675, "lqi":100, "rssi":-91, "server_sent":77, "server_received":141, "server_bytes_rx":60, "n2r_latency":4789, "hops":1, "rtt_latency":3602, "root_time_now":829640}
[Mote:13] Sensor IPv6 = fe80::20d:d:d:d
[Mote:11] Sensor IPv6 = fe80::20b:b:b:b
[Mote:6] Not reachable yet
[Mote:19] Not reachable yet
[Mote:5] Not reachable yet
[Mote:15] Not reachable yet
[Mote:2] Not reachable yet
[Mote:3] Sensor IPv6 = fe80::203:3:3:3
[Mote:16] Not reachable yet
[Mote:1] {"node":"fd00::20b:b:b:b", "cpu_energy_mj":18, "lpm_energy_mj":0, "radio_tx_energy_mj":0, "radio_rx_energy_mj":8, "total_energy_mj":26, "node_time":829879, "total_sent":66, "total_received":69, "bytes_tx":60, "bytes_rx":12, "r2n_latency":7765, "lqi":100, "rssi":-43, "server_sent":70, "server_received":126, "server_bytes_rx":60, "n2r_latency":3471, "hops":2, "rtt_latency":6612, "root_time_now":833350}
[Mote:18] Not reachable yet
[Mote:1] {"node":"fd00::20d:d:d:d", "cpu_energy_mj":1037, "lpm_energy_mj":0, "radio_tx_energy_mj":19, "radio_rx_energy_mj":1811, "total_energy_mj":2867, "node_time":829755, "total_sent":24, "total_received":64, "bytes_tx":60, "bytes_rx":12, "r2n_latency":205, "lqi":100, "rssi":-68, "server_sent":80, "server_received":52, "server_bytes_rx":60, "n2r_latency":4085, "hops":1, "rtt_latency":1572, "root_time_now":833840}
[Mote:4] Not reachable yet
[Mote:12] Sensor IPv6 = fe80::20c:c:c:c
[Mote:1] {"node":"fd00::20c:c:c:c", "cpu_energy_mj":19, "lpm_energy_mj":0, "radio_tx_energy_mj":0, "radio_rx_energy_mj":8, "total_energy_mj":27, "node_time":834338, "total_sent":58, "total_received":67, "bytes_tx":60, "bytes_rx":12, "r2n_latency":284, "lqi":100, "rssi":-87, "server_sent":81, "server_received":102, "server_bytes_rx":60, "n2r_latency":62, "hops":0, "rtt_latency":1962, "root_time_now":834400}
[Mote:9] Sensor IPv6 = fe80::209:9:9:9
[Mote:10] Not reachable yet
[Mote:1] {"node":"fd00::209:9:9:9", "cpu_energy_mj":19, "lpm_energy_mj":0, "radio_tx_energy_mj":2, "radio_rx_energy_mj":6, "total_energy_mj":27, "node_time":835422, "total_sent":73, "total_received":78, "bytes_tx":60, "bytes_rx":12, "r2n_latency":1054, "lqi":100, "rssi":-91, "server_sent":78, "server_received":143, "server_bytes_rx":60, "n2r_latency":168, "hops":1, "rtt_latency":1717, "root_time_now":835590}
[Mote:7] Not reachable yet
[Mote:8] Sensor IPv6 = fe80::208:8:8:8
[Mote:1] {"node":"fd00::208:8:8:8", "cpu_energy_mj":18, "lpm_energy_mj":0, "radio_tx_energy_mj":1, "radio_rx_energy_mj":7, "total_energy_mj":26, "node_time":838316, "total_sent":75, "total_received":80, "bytes_tx":60, "bytes_rx":12, "r2n_latency":704, "lqi":100, "rssi":-90, "server_sent":80, "server_received":152, "server_bytes_rx":60, "n2r_latency":74, "hops":0, "rtt_latency":1647, "root_time_now":838390}
[Mote:17] Not reachable yet
[Mote:14] Not reachable yet
[Mote:13] Sensor IPv6 = fe80::20d:d:d:d
[Mote:11] Sensor IPv6 = fe80::20b:b:b:b
[Mote:6] Not reachable yet
[Mote:1] {"node":"fd00::20d:d:d:d", "cpu_energy_mj":18, "lpm_energy_mj":0, "radio_tx_energy_mj":0, "radio_rx_energy_mj":8, "total_energy_mj":26, "node_time":839866, "total_sent":25, "total_received":65, "bytes_tx":60, "bytes_rx":12, "r2n_latency":424, "lqi":100, "rssi":-68, "server_sent":81, "server_received":54, "server_bytes_rx":60, "n2r_latency":1534, "hops":1, "rtt_latency":1997, "root_time_now":841400}
[Mote:19] Not reachable yet
[Mote:15] Not reachable yet
[Mote:5] Not reachable yet
[Mote:3] Sensor IPv6 = fe80::203:3:3:3
[Mote:2] Not reachable yet
[Mote:16] Not reachable yet
[Mote:18] Not reachable yet
[Mote:4] Not reachable yet
[Mote:12] Sensor IPv6 = fe80::20c:c:c:c
[Mote:10] Not reachable yet
[Mote:9] Not reachable yet
[Mote:1] {"node":"fd00::20c:c:c:c", "cpu_energy_mj":19, "lpm_energy_mj":0, "radio_tx_energy_mj":0, "radio_rx_energy_mj":8, "total_energy_mj":27, "node_time":845171, "total_sent":59, "total_received":68, "bytes_tx":60, "bytes_rx":12, "r2n_latency":224, "lqi":100, "rssi":-87, "server_sent":82, "server_received":104, "server_bytes_rx":60, "n2r_latency":1129, "hops":0, "rtt_latency":742, "root_time_now":846300}
[Mote:7] Not reachable yet
[Mote:17] Not reachable yet
[Mote:8] Sensor IPv6 = fe80::208:8:8:8
[Mote:1] {"node":"fd00::208:8:8:8", "cpu_energy_mj":18, "lpm_energy_mj":0, "radio_tx_energy_mj":0, "radio_rx_energy_mj":8, "total_energy_mj":26, "node_time":848799, "total_sent":76, "total_received":81, "bytes_tx":60, "bytes_rx":12, "r2n_latency":714, "lqi":100, "rssi":-90, "server_sent":81, "server_received":154, "server_bytes_rx":60, "n2r_latency":91, "hops":0, "rtt_latency":1022, "root_time_now":848890}
[Mote:13] Sensor IPv6 = fe80::20d:d:d:d
[Mote:11] Sensor IPv6 = fe80::20b:b:b:b
[Mote:14] Not reachable yet
[Mote:6] Not reachable yet
[Mote:3] Sensor IPv6 = fe80::203:3:3:3
[Mote:15] Not reachable yet
[Mote:19] Not reachable yet
[Mote:2] Not reachable yet
[Mote:16] Not reachable yet
[Mote:1] {"node":"fd00::20d:d:d:d", "cpu_energy_mj":18, "lpm_energy_mj":0, "radio_tx_energy_mj":0, "radio_rx_energy_mj":8, "total_energy_mj":26, "node_time":849979, "total_sent":26, "total_received":66, "bytes_tx":60, "bytes_rx":12, "r2n_latency":364, "lqi":100, "rssi":-68, "server_sent":82, "server_received":56, "server_bytes_rx":60, "n2r_latency":2901, "hops":1, "rtt_latency":3647, "root_time_now":852880}
[Mote:5] Not reachable yet
[Mote:18] Not reachable yet
[Mote:4] Not reachable yet
[Mote:10] Not reachable yet
[Mote:12] Sensor IPv6 = fe80::20c:c:c:c
[Mote:1] {"node":"fd00::20c:c:c:c", "cpu_energy_mj":19, "lpm_energy_mj":0, "radio_tx_energy_mj":0, "radio_rx_energy_mj":8, "total_energy_mj":27, "node_time":856002, "total_sent":60, "total_received":69, "bytes_tx":60, "bytes_rx":12, "r2n_latency":234, "lqi":100, "rssi":-87, "server_sent":83, "server_received":106, "server_bytes_rx":60, "n2r_latency":308, "hops":0, "rtt_latency":1412, "root_time_now":856310}
[Mote:9] Not reachable yet
[Mote:17] Not reachable yet
[Mote:7] Not reachable yet
[Mote:8] Sensor IPv6 = fe80::208:8:8:8
[Mote:1] {"node":"fd00::208:8:8:8", "cpu_energy_mj":18, "lpm_energy_mj":0, "radio_tx_energy_mj":0, "radio_rx_energy_mj":8, "total_energy_mj":26, "node_time":859282, "total_sent":77, "total_received":82, "bytes_tx":60, "bytes_rx":12, "r2n_latency":164, "lqi":100, "rssi":-90, "server_sent":82, "server_received":156, "server_bytes_rx":60, "n2r_latency":38, "hops":0, "rtt_latency":2427, "root_time_now":859320}
[Mote:13] Sensor IPv6 = fe80::20d:d:d:d
[Mote:11] Not reachable yet
[Mote:14] Not reachable yet
[Mote:3] Sensor IPv6 = fe80::203:3:3:3
[Mote:16] Not reachable yet
[Mote:1] {"node":"fd00::20d:d:d:d", "cpu_energy_mj":18, "lpm_energy_mj":0, "radio_tx_energy_mj":0, "radio_rx_energy_mj":8, "total_energy_mj":26, "node_time":860094, "total_sent":27, "total_received":67, "bytes_tx":60, "bytes_rx":12, "r2n_latency":654, "lqi":100, "rssi":-68, "server_sent":83, "server_received":58, "server_bytes_rx":60, "n2r_latency":2936, "hops":1, "rtt_latency":3092, "root_time_now":863030}
[Mote:15] Not reachable yet
[Mote:6] Not reachable yet
[Mote:2] Not reachable yet
[Mote:19] Not reachable yet
[Mote:5] Not reachable yet
[Mote:18] Not reachable yet
[Mote:4] Not reachable yet
[Mote:10] Not reachable yet
[Mote:12] Sensor IPv6 = fe80::20c:c:c:c
[Mote:9] Not reachable yet
[Mote:1] {"node":"fd00::20c:c:c:c", "cpu_energy_mj":19, "lpm_energy_mj":0, "radio_tx_energy_mj":0, "radio_rx_energy_mj":8, "total_energy_mj":27, "node_time":866837, "total_sent":61, "total_received":70, "bytes_tx":60, "bytes_rx":12, "r2n_latency":34, "lqi":100, "rssi":-87, "server_sent":84, "server_received":108, "server_bytes_rx":60, "n2r_latency":883, "hops":0, "rtt_latency":682, "root_time_now":867720}
[Mote:17] Not reachable yet
[Mote:7] Not reachable yet
[Mote:8] Sensor IPv6 = fe80::208:8:8:8
[Mote:13] Sensor IPv6 = fe80::20d:d:d:d
[Mote:11] Not reachable yet
[Mote:14] Not reachable yet
[Mote:3] Sensor IPv6 = fe80::203:3:3:3
[Mote:16] Not reachable yet
[Mote:1] {"node":"fd00::20d:d:d:d", "cpu_energy_mj":18, "lpm_energy_mj":0, "radio_tx_energy_mj":0, "radio_rx_energy_mj":8, "total_energy_mj":26, "node_time":870205, "total_sent":28, "total_received":68, "bytes_tx":60, "bytes_rx":12, "r2n_latency":4164, "lqi":100, "rssi":-68, "server_sent":84, "server_received":60, "server_bytes_rx":60, "n2r_latency":2765, "hops":1, "rtt_latency":2712, "root_time_now":872970}
[Mote:1] {"node":"fd00::208:8:8:8", "cpu_energy_mj":18, "lpm_energy_mj":0, "radio_tx_energy_mj":0, "radio_rx_energy_mj":8, "total_energy_mj":26, "node_time":869765, "total_sent":78, "total_received":83, "bytes_tx":60, "bytes_rx":12, "r2n_latency":6334, "lqi":100, "rssi":-90, "server_sent":84, "server_received":158, "server_bytes_rx":60, "n2r_latency":3765, "hops":0, "rtt_latency":6037, "root_time_now":873530}
[Mote:15] Not reachable yet
[Mote:2] Not reachable yet
[Mote:6] Not reachable yet
[Mote:5] Not reachable yet
[Mote:19] Not reachable yet
[Mote:18] Not reachable yet
[Mote:4] Not reachable yet
[Mote:10] Not reachable yet
[Mote:12] Sensor IPv6 = fe80::20c:c:c:c
[Mote:9] Not reachable yet
[Mote:1] {"node":"fd00::20c:c:c:c", "cpu_energy_mj":19, "lpm_energy_mj":0, "radio_tx_energy_mj":0, "radio_rx_energy_mj":8, "total_energy_mj":27, "node_time":877672, "total_sent":62, "total_received":71, "bytes_tx":60, "bytes_rx":12, "r2n_latency":44, "lqi":100, "rssi":-87, "server_sent":85, "server_received":110, "server_bytes_rx":60, "n2r_latency":58, "hops":0, "rtt_latency":792, "root_time_now":877730}
[Mote:17] Not reachable yet
[Mote:7] Not reachable yet
[Mote:8] Sensor IPv6 = fe80::208:8:8:8
[Mote:13] Sensor IPv6 = fe80::20d:d:d:d
[Mote:11] Not reachable yet
[Mote:14] Not reachable yet
[Mote:16] Not reachable yet
[Mote:1] {"node":"fd00::20d:d:d:d", "cpu_energy_mj":18, "lpm_energy_mj":0, "radio_tx_energy_mj":0, "radio_rx_energy_mj":7, "total_energy_mj":25, "node_time":880319, "total_sent":29, "total_received":69, "bytes_tx":60, "bytes_rx":12, "r2n_latency":534, "lqi":100, "rssi":-68, "server_sent":85, "server_received":62, "server_bytes_rx":60, "n2r_latency":2661, "hops":1, "rtt_latency":1632, "root_time_now":882980}
[Mote:3] Sensor IPv6 = fe80::203:3:3:3
[Mote:15] Not reachable yet
[Mote:2] Not reachable yet
[Mote:6] Not reachable yet
[Mote:5] Not reachable yet
[Mote:19] Not reachable yet
[Mote:18] Not reachable yet
[Mote:10] Not reachable yet
[Mote:1] {"node":"fd00::208:8:8:8", "cpu_energy_mj":18, "lpm_energy_mj":0, "radio_tx_energy_mj":0, "radio_rx_energy_mj":8, "total_energy_mj":26, "node_time":880249, "total_sent":79, "total_received":83, "bytes_tx":60, "bytes_rx":12, "r2n_latency":6334, "lqi":100, "rssi":-90, "server_sent":85, "server_received":159, "server_bytes_rx":60, "n2r_latency":6301, "hops":0, "rtt_latency":6037, "root_time_now":886550}
[Mote:4] Not reachable yet
[Mote:9] Not reachable yet
[Mote:12] Sensor IPv6 = fe80::20c:c:c:c
[Mote:1] {"node":"fd00::20c:c:c:c", "cpu_energy_mj":19, "lpm_energy_mj":0, "radio_tx_energy_mj":0, "radio_rx_energy_mj":8, "total_energy_mj":27, "node_time":888503, "total_sent":63, "total_received":72, "bytes_tx":60, "bytes_rx":12, "r2n_latency":54, "lqi":100, "rssi":-87, "server_sent":86, "server_received":112, "server_bytes_rx":60, "n2r_latency":77, "hops":0, "rtt_latency":1357, "root_time_now":888580}
[Mote:17] Not reachable yet
[Mote:13] Sensor IPv6 = fe80::20d:d:d:d
[Mote:7] Sensor IPv6 = fe80::207:7:7:7
[Mote:11] Not reachable yet
[Mote:8] Sensor IPv6 = fe80::208:8:8:8
[Mote:16] Not reachable yet
[Mote:1] {"node":"fd00::208:8:8:8", "cpu_energy_mj":18, "lpm_energy_mj":0, "radio_tx_energy_mj":0, "radio_rx_energy_mj":8, "total_energy_mj":26, "node_time":890731, "total_sent":80, "total_received":83, "bytes_tx":60, "bytes_rx":12, "r2n_latency":6334, "lqi":100, "rssi":-90, "server_sent":86, "server_received":160, "server_bytes_rx":60, "n2r_latency":2539, "hops":0, "rtt_latency":6037, "root_time_now":893270}
[Mote:14] Not reachable yet
[Mote:3] Sensor IPv6 = fe80::203:3:3:3
[Mote:1] {"node":"fd00::207:7:7:7", "cpu_energy_mj":358, "lpm_energy_mj":0, "radio_tx_energy_mj":9, "radio_rx_energy_mj":572, "total_energy_mj":939, "node_time":890465, "total_sent":49, "total_received":83, "bytes_tx":60, "bytes_rx":12, "r2n_latency":614, "lqi":100, "rssi":-89, "server_sent":85, "server_received":98, "server_bytes_rx":60, "n2r_latency":3785, "hops":0, "rtt_latency":2097, "root_time_now":894250}
[Mote:15] Not reachable yet
[Mote:2] Not reachable yet
[Mote:6] Not reachable yet
[Mote:5] Not reachable yet
[Mote:19] Not reachable yet
[Mote:10] Not reachable yet
[Mote:18] Not reachable yet
[Mote:4] Not reachable yet
[Mote:1] {"node":"fd00::20d:d:d:d", "cpu_energy_mj":18, "lpm_energy_mj":0, "radio_tx_energy_mj":0, "radio_rx_energy_mj":8, "total_energy_mj":26, "node_time":890433, "total_sent":30, "total_received":70, "bytes_tx":60, "bytes_rx":12, "r2n_latency":474, "lqi":100, "rssi":-68, "server_sent":86, "server_received":64, "server_bytes_rx":60, "n2r_latency":7877, "hops":1, "rtt_latency":1847, "root_time_now":898310}
[Mote:9] Not reachable yet
[Mote:12] Not reachable yet
[Mote:17] Not reachable yet
[Mote:13] Sensor IPv6 = fe80::20d:d:d:d
[Mote:11] Not reachable yet
[Mote:7] Sensor IPv6 = fe80::207:7:7:7
[Mote:8] Sensor IPv6 = fe80::208:8:8:8
[Mote:1] {"node":"fd00::208:8:8:8", "cpu_energy_mj":18, "lpm_energy_mj":0, "radio_tx_energy_mj":0, "radio_rx_energy_mj":8, "total_energy_mj":26, "node_time":901214, "total_sent":81, "total_received":84, "bytes_tx":60, "bytes_rx":12, "r2n_latency":14334, "lqi":100, "rssi":-90, "server_sent":87, "server_received":162, "server_bytes_rx":60, "n2r_latency":666, "hops":0, "rtt_latency":7342, "root_time_now":901880}
[Mote:16] Not reachable yet
[Mote:3] Sensor IPv6 = fe80::203:3:3:3
[Mote:1] {"node":"fd00::207:7:7:7", "cpu_energy_mj":18, "lpm_energy_mj":0, "radio_tx_energy_mj":0, "radio_rx_energy_mj":8, "total_energy_mj":26, "node_time":900941, "total_sent":50, "total_received":84, "bytes_tx":60, "bytes_rx":12, "r2n_latency":764, "lqi":100, "rssi":-89, "server_sent":86, "server_received":100, "server_bytes_rx":60, "n2r_latency":3109, "hops":0, "rtt_latency":2272, "root_time_now":904050}
[Mote:14] Not reachable yet
[Mote:15] Not reachable yet
[Mote:2] Not reachable yet
[Mote:1] {"node":"fd00::20d:d:d:d", "cpu_energy_mj":18, "lpm_energy_mj":0, "radio_tx_energy_mj":0, "radio_rx_energy_mj":7, "total_energy_mj":25, "node_time":900546, "total_sent":31, "total_received":71, "bytes_tx":60, "bytes_rx":12, "r2n_latency":974, "lqi":100, "rssi":-68, "server_sent":87, "server_received":66, "server_bytes_rx":60, "n2r_latency":6164, "hops":1, "rtt_latency":4197, "root_time_now":906710}
[Mote:10] Not reachable yet
[Mote:5] Not reachable yet
[Mote:6] Not reachable yet
[Mote:18] Not reachable yet
[Mote:19] Not reachable yet
[Mote:4] Not reachable yet
[Mote:9] Not reachable yet
[Mote:17] Not reachable yet
[Mote:12] Not reachable yet
[Mote:13] Sensor IPv6 = fe80::20d:d:d:d
[Mote:11] Not reachable yet
[Mote:7] Sensor IPv6 = fe80::207:7:7:7
[Mote:8] Sensor IPv6 = fe80::208:8:8:8
[Mote:1] {"node":"fd00::208:8:8:8", "cpu_energy_mj":18, "lpm_energy_mj":0, "radio_tx_energy_mj":0, "radio_rx_energy_mj":8, "total_energy_mj":26, "node_time":911697, "total_sent":82, "total_received":85, "bytes_tx":60, "bytes_rx":12, "r2n_latency":17774, "lqi":100, "rssi":-90, "server_sent":88, "server_received":164, "server_bytes_rx":60, "n2r_latency":53, "hops":0, "rtt_latency":8957, "root_time_now":911750}
[Mote:16] Not reachable yet
[Mote:1] {"node":"fd00::207:7:7:7", "cpu_energy_mj":18, "lpm_energy_mj":0, "radio_tx_energy_mj":0, "radio_rx_energy_mj":8, "total_energy_mj":26, "node_time":911417, "total_sent":51, "total_received":86, "bytes_tx":60, "bytes_rx":12, "r2n_latency":924, "lqi":100, "rssi":-89, "server_sent":87, "server_received":103, "server_bytes_rx":60, "n2r_latency":2293, "hops":0, "rtt_latency":1827, "root_time_now":913710}
[Mote:3] Sensor IPv6 = fe80::203:3:3:3
[Mote:14] Not reachable yet
[Mote:1] {"node":"fd00::20d:d:d:d", "cpu_energy_mj":18, "lpm_energy_mj":0, "radio_tx_energy_mj":0, "radio_rx_energy_mj":8, "total_energy_mj":26, "node_time":910657, "total_sent":32, "total_received":73, "bytes_tx":60, "bytes_rx":12, "r2n_latency":434, "lqi":100, "rssi":-68, "server_sent":88, "server_received":69, "server_bytes_rx":60, "n2r_latency":4943, "hops":1, "rtt_latency":1337, "root_time_now":915600}
[Mote:15] Not reachable yet
[Mote:2] Not reachable yet
[Mote:10] Not reachable yet
[Mote:5] Not reachable yet
[Mote:18] Not reachable yet
[Mote:6] Not reachable yet
[Mote:19] Not reachable yet
[Mote:4] Not reachable yet
[Mote:9] Not reachable yet
[Mote:17] Not reachable yet
[Mote:13] Sensor IPv6 = fe80::20d:d:d:d
[Mote:11] Not reachable yet
[Mote:12] Sensor IPv6 = fe80::20c:c:c:c
[Mote:7] Sensor IPv6 = fe80::207:7:7:7
[Mote:8] Sensor IPv6 = fe80::208:8:8:8
[Mote:1] {"node":"fd00::20c:c:c:c", "cpu_energy_mj":58, "lpm_energy_mj":0, "radio_tx_energy_mj":2, "radio_rx_energy_mj":24, "total_energy_mj":84, "node_time":921002, "total_sent":64, "total_received":76, "bytes_tx":60, "bytes_rx":12, "r2n_latency":24, "lqi":100, "rssi":-87, "server_sent":90, "server_received":116, "server_bytes_rx":60, "n2r_latency":1598, "hops":0, "rtt_latency":1167, "root_time_now":922600}
[Mote:16] Not reachable yet
[Mote:1] {"node":"fd00::208:8:8:8", "cpu_energy_mj":18, "lpm_energy_mj":0, "radio_tx_energy_mj":0, "radio_rx_energy_mj":8, "total_energy_mj":26, "node_time":922180, "total_sent":83, "total_received":87, "bytes_tx":60, "bytes_rx":12, "r2n_latency":12124, "lqi":100, "rssi":-90, "server_sent":89, "server_received":167, "server_bytes_rx":60, "n2r_latency":1890, "hops":0, "rtt_latency":6902, "root_time_now":924070}
[Mote:3] Sensor IPv6 = fe80::203:3:3:3
[Mote:14] Not reachable yet
[Mote:1] {"node":"fd00::207:7:7:7", "cpu_energy_mj":18, "lpm_energy_mj":0, "radio_tx_energy_mj":0, "radio_rx_energy_mj":8, "total_energy_mj":26, "node_time":921893, "total_sent":52, "total_received":87, "bytes_tx":60, "bytes_rx":12, "r2n_latency":514, "lqi":100, "rssi":-89, "server_sent":88, "server_received":105, "server_bytes_rx":60, "n2r_latency":3857, "hops":0, "rtt_latency":537, "root_time_now":925750}
[Mote:1] {"node":"fd00::20d:d:d:d", "cpu_energy_mj":18, "lpm_energy_mj":0, "radio_tx_energy_mj":0, "radio_rx_energy_mj":7, "total_energy_mj":25, "node_time":920772, "total_sent":33, "total_received":73, "bytes_tx":60, "bytes_rx":12, "r2n_latency":434, "lqi":100, "rssi":-68, "server_sent":89, "server_received":70, "server_bytes_rx":60, "n2r_latency":5258, "hops":1, "rtt_latency":1337, "root_time_now":926030}
[Mote:15] Not reachable yet
[Mote:2] Not reachable yet
[Mote:10] Not reachable yet
[Mote:18] Not reachable yet
[Mote:5] Not reachable yet
[Mote:6] Not reachable yet
[Mote:4] Not reachable yet
[Mote:19] Not reachable yet
[Mote:17] Not reachable yet
[Mote:9] Not reachable yet
[Mote:13] Sensor IPv6 = fe80::20d:d:d:d
[Mote:11] Not reachable yet
[Mote:12] Sensor IPv6 = fe80::20c:c:c:c
[Mote:7] Sensor IPv6 = fe80::207:7:7:7
[Mote:1] {"node":"fd00::207:7:7:7", "cpu_energy_mj":18, "lpm_energy_mj":0, "radio_tx_energy_mj":0, "radio_rx_energy_mj":8, "total_energy_mj":26, "node_time":932369, "total_sent":53, "total_received":88, "bytes_tx":60, "bytes_rx":12, "r2n_latency":1015, "lqi":100, "rssi":-89, "server_sent":89, "server_received":107, "server_bytes_rx":60, "n2r_latency":171, "hops":0, "rtt_latency":1032, "root_time_now":932540}
[Mote:8] Sensor IPv6 = fe80::208:8:8:8
[Mote:16] Not reachable yet
[Mote:1] {"node":"fd00::208:8:8:8", "cpu_energy_mj":18, "lpm_energy_mj":0, "radio_tx_energy_mj":1, "radio_rx_energy_mj":8, "total_energy_mj":27, "node_time":932663, "total_sent":84, "total_received":88, "bytes_tx":60, "bytes_rx":12, "r2n_latency":10874, "lqi":100, "rssi":-90, "server_sent":90, "server_received":169, "server_bytes_rx":60, "n2r_latency":1207, "hops":0, "rtt_latency":6907, "root_time_now":933870}
[Mote:3] Sensor IPv6 = fe80::203:3:3:3
[Mote:1] {"node":"fd00::20c:c:c:c", "cpu_energy_mj":19, "lpm_energy_mj":0, "radio_tx_energy_mj":1, "radio_rx_energy_mj":8, "total_energy_mj":28, "node_time":931835, "total_sent":65, "total_received":77, "bytes_tx":60, "bytes_rx":12, "r2n_latency":35, "lqi":100, "rssi":-87, "server_sent":91, "server_received":118, "server_bytes_rx":60, "n2r_latency":3715, "hops":0, "rtt_latency":2747, "root_time_now":935550}
[Mote:1] {"node":"fd00::20d:d:d:d", "cpu_energy_mj":18, "lpm_energy_mj":0, "radio_tx_energy_mj":0, "radio_rx_energy_mj":8, "total_energy_mj":26, "node_time":930883, "total_sent":34, "total_received":75, "bytes_tx":60, "bytes_rx":12, "r2n_latency":245, "lqi":100, "rssi":-68, "server_sent":90, "server_received":73, "server_bytes_rx":60, "n2r_latency":4947, "hops":1, "rtt_latency":2887, "root_time_now":935830}
[Mote:14] Not reachable yet
[Mote:15] Not reachable yet
[Mote:2] Not reachable yet
[Mote:10] Not reachable yet
[Mote:18] Not reachable yet
[Mote:5] Not reachable yet
[Mote:4] Not reachable yet
[Mote:6] Not reachable yet
[Mote:19] Not reachable yet
[Mote:17] Not reachable yet
[Mote:13] Sensor IPv6 = fe80::20d:d:d:d
[Mote:9] Not reachable yet
[Mote:11] Not reachable yet
[Mote:1] {"node":"fd00::20d:d:d:d", "cpu_energy_mj":18, "lpm_energy_mj":0, "radio_tx_energy_mj":0, "radio_rx_energy_mj":7, "total_energy_mj":25, "node_time":940995, "total_sent":35, "total_received":76, "bytes_tx":60, "bytes_rx":12, "r2n_latency":326, "lqi":100, "rssi":-68, "server_sent":91, "server_received":75, "server_bytes_rx":60, "n2r_latency":1485, "hops":1, "rtt_latency":548, "root_time_now":942480}
[Mote:12] Sensor IPv6 = fe80::20c:c:c:c
[Mote:7] Sensor IPv6 = fe80::207:7:7:7
[Mote:1] {"node":"fd00::207:7:7:7", "cpu_energy_mj":18, "lpm_energy_mj":0, "radio_tx_energy_mj":0, "radio_rx_energy_mj":8, "total_energy_mj":26, "node_time":942845, "total_sent":54, "total_received":89, "bytes_tx":60, "bytes_rx":12, "r2n_latency":1166, "lqi":100, "rssi":-89, "server_sent":90, "server_received":109, "server_bytes_rx":60, "n2r_latency":55, "hops":0, "rtt_latency":1213, "root_time_now":942900}
[Mote:1] {"node":"fd00::20c:c:c:c", "cpu_energy_mj":19, "lpm_energy_mj":0, "radio_tx_energy_mj":1, "radio_rx_energy_mj":8, "total_energy_mj":28, "node_time":942666, "total_sent":66, "total_received":78, "bytes_tx":60, "bytes_rx":12, "r2n_latency":46, "lqi":100, "rssi":-87, "server_sent":92, "server_received":120, "server_bytes_rx":60, "n2r_latency":304, "hops":0, "rtt_latency":303, "root_time_now":942970}
[Mote:8] Sensor IPv6 = fe80::208:8:8:8
[Mote:16] Not reachable yet
[Mote:1] {"node":"fd00::208:8:8:8", "cpu_energy_mj":18, "lpm_energy_mj":0, "radio_tx_energy_mj":1, "radio_rx_energy_mj":8, "total_energy_mj":27, "node_time":943146, "total_sent":85, "total_received":88, "bytes_tx":60, "bytes_rx":12, "r2n_latency":10874, "lqi":100, "rssi":-90, "server_sent":91, "server_received":170, "server_bytes_rx":60, "n2r_latency":244, "hops":0, "rtt_latency":6907, "root_time_now":943390}
[Mote:3] Sensor IPv6 = fe80::203:3:3:3
[Mote:14] Not reachable yet
[Mote:15] Not reachable yet
[Mote:10] Not reachable yet
[Mote:2] Not reachable yet
[Mote:18] Not reachable yet
[Mote:4] Not reachable yet
[Mote:5] Not reachable yet
[Mote:6] Not reachable yet
[Mote:17] Not reachable yet
[Mote:19] Not reachable yet
[Mote:13] Sensor IPv6 = fe80::20d:d:d:d
[Mote:11] Not reachable yet
[Mote:9] Not reachable yet
[Mote:16] Not reachable yet
[Mote:7] Sensor IPv6 = fe80::207:7:7:7
[Mote:1] {"node":"fd00::207:7:7:7", "cpu_energy_mj":18, "lpm_energy_mj":0, "radio_tx_energy_mj":0, "radio_rx_energy_mj":8, "total_energy_mj":26, "node_time":953321, "total_sent":55, "total_received":90, "bytes_tx":60, "bytes_rx":12, "r2n_latency":1034, "lqi":100, "rssi":-89, "server_sent":91, "server_received":111, "server_bytes_rx":60, "n2r_latency":9, "hops":0, "rtt_latency":1007, "root_time_now":953330}
[Mote:12] Sensor IPv6 = fe80::20c:c:c:c
[Mote:1] {"node":"fd00::20c:c:c:c", "cpu_energy_mj":19, "lpm_energy_mj":0, "radio_tx_energy_mj":0, "radio_rx_energy_mj":8, "total_energy_mj":27, "node_time":953501, "total_sent":67, "total_received":79, "bytes_tx":60, "bytes_rx":12, "r2n_latency":54, "lqi":100, "rssi":-87, "server_sent":93, "server_received":122, "server_bytes_rx":60, "n2r_latency":39, "hops":0, "rtt_latency":1742, "root_time_now":953540}
[Mote:8] Sensor IPv6 = fe80::208:8:8:8
[Mote:1] {"node":"fd00::208:8:8:8", "cpu_energy_mj":18, "lpm_energy_mj":0, "radio_tx_energy_mj":1, "radio_rx_energy_mj":7, "total_energy_mj":26, "node_time":953629, "total_sent":86, "total_received":91, "bytes_tx":60, "bytes_rx":12, "r2n_latency":194, "lqi":100, "rssi":-90, "server_sent":92, "server_received":174, "server_bytes_rx":60, "n2r_latency":261, "hops":0, "rtt_latency":832, "root_time_now":953890}
[Mote:1] {"node":"fd00::20d:d:d:d", "cpu_energy_mj":18, "lpm_energy_mj":0, "radio_tx_energy_mj":0, "radio_rx_energy_mj":8, "total_energy_mj":26, "node_time":951109, "total_sent":36, "total_received":77, "bytes_tx":60, "bytes_rx":12, "r2n_latency":474, "lqi":100, "rssi":-68, "server_sent":92, "server_received":77, "server_bytes_rx":60, "n2r_latency":3271, "hops":1, "rtt_latency":2057, "root_time_now":954380}
[Mote:3] Sensor IPv6 = fe80::203:3:3:3
[Mote:10] Not reachable yet
[Mote:15] Not reachable yet
[Mote:14] Not reachable yet
[Mote:2] Not reachable yet
[Mote:18] Not reachable yet
[Mote:4] Not reachable yet
[Mote:5] Not reachable yet
[Mote:17] Not reachable yet
[Mote:13] Sensor IPv6 = fe80::20d:d:d:d
[Mote:11] Not reachable yet
[Mote:6] Not reachable yet
[Mote:19] Not reachable yet
[Mote:9] Not reachable yet
[Mote:16] Not reachable yet
[Mote:7] Sensor IPv6 = fe80::207:7:7:7
[Mote:1] {"node":"fd00::207:7:7:7", "cpu_energy_mj":18, "lpm_energy_mj":0, "radio_tx_energy_mj":0, "radio_rx_energy_mj":8, "total_energy_mj":26, "node_time":963797, "total_sent":56, "total_received":91, "bytes_tx":60, "bytes_rx":12, "r2n_latency":203, "lqi":100, "rssi":-89, "server_sent":92, "server_received":113, "server_bytes_rx":60, "n2r_latency":33, "hops":0, "rtt_latency":801, "root_time_now":963830}
[Mote:8] Sensor IPv6 = fe80::208:8:8:8
[Mote:1] {"node":"fd00::208:8:8:8", "cpu_energy_mj":18, "lpm_energy_mj":0, "radio_tx_energy_mj":0, "radio_rx_energy_mj":8, "total_energy_mj":26, "node_time":964112, "total_sent":87, "total_received":91, "bytes_tx":60, "bytes_rx":12, "r2n_latency":194, "lqi":100, "rssi":-90, "server_sent":93, "server_received":175, "server_bytes_rx":60, "n2r_latency":68, "hops":0, "rtt_latency":832, "root_time_now":964180}
[Mote:12] Sensor IPv6 = fe80::20c:c:c:c
[Mote:3] Sensor IPv6 = fe80::203:3:3:3
[Mote:10] Not reachable yet
[Mote:15] Not reachable yet
[Mote:2] Not reachable yet
[Mote:14] Not reachable yet
[Mote:18] Not reachable yet
[Mote:4] Not reachable yet
[Mote:17] Not reachable yet
[Mote:13] Sensor IPv6 = fe80::20d:d:d:d
[Mote:1] {"node":"fd00::20d:d:d:d", "cpu_energy_mj":18, "lpm_energy_mj":0, "radio_tx_energy_mj":0, "radio_rx_energy_mj":8, "total_energy_mj":26, "node_time":961222, "total_sent":37, "total_received":78, "bytes_tx":60, "bytes_rx":12, "r2n_latency":553, "lqi":100, "rssi":-68, "server_sent":94, "server_received":79, "server_bytes_rx":60, "n2r_latency":10168, "hops":1, "rtt_latency":4231, "root_time_now":971390}
[Mote:1] {"node":"fd00::20c:c:c:c", "cpu_energy_mj":19, "lpm_energy_mj":0, "radio_tx_energy_mj":0, "radio_rx_energy_mj":8, "total_energy_mj":27, "node_time":964334, "total_sent":68, "total_received":80, "bytes_tx":60, "bytes_rx":12, "r2n_latency":63, "lqi":100, "rssi":-87, "server_sent":95, "server_received":123, "server_bytes_rx":60, "n2r_latency":7126, "hops":0, "rtt_latency":1742, "root_time_now":971460}
[Mote:5] Not reachable yet
[Mote:11] Not reachable yet
[Mote:1] {"node":"fd00::20d:d:d:d", "cpu_energy_mj":18, "lpm_energy_mj":0, "radio_tx_energy_mj":0, "radio_rx_energy_mj":7, "total_energy_mj":25, "node_time":971335, "total_sent":38, "total_received":79, "bytes_tx":60, "bytes_rx":12, "r2n_latency":214, "lqi":100, "rssi":-68, "server_sent":94, "server_received":80, "server_bytes_rx":60, "n2r_latency":405, "hops":1, "rtt_latency":4231, "root_time_now":971740}
[Mote:6] Not reachable yet
[Mote:9] Not reachable yet
[Mote:19] Not reachable yet
[Mote:16] Not reachable yet
[Mote:7] Sensor IPv6 = fe80::207:7:7:7
[Mote:1] {"node":"fd00::207:7:7:7", "cpu_energy_mj":18, "lpm_energy_mj":0, "radio_tx_energy_mj":0, "radio_rx_energy_mj":8, "total_energy_mj":26, "node_time":974273, "total_sent":57, "total_received":92, "bytes_tx":60, "bytes_rx":12, "r2n_latency":354, "lqi":100, "rssi":-89, "server_sent":93, "server_received":115, "server_bytes_rx":60, "n2r_latency":57, "hops":0, "rtt_latency":1857, "root_time_now":974330}
[Mote:8] Sensor IPv6 = fe80::208:8:8:8
[Mote:1] {"node":"fd00::208:8:8:8", "cpu_energy_mj":18, "lpm_energy_mj":0, "radio_tx_energy_mj":0, "radio_rx_energy_mj":8, "total_energy_mj":26, "node_time":974595, "total_sent":88, "total_received":93, "bytes_tx":60, "bytes_rx":12, "r2n_latency":3154, "lqi":100, "rssi":-90, "server_sent":94, "server_received":178, "server_bytes_rx":60, "n2r_latency":15, "hops":0, "rtt_latency":1647, "root_time_now":974610}
[Mote:12] Not reachable yet
[Mote:3] Sensor IPv6 = fe80::203:3:3:3
[Mote:10] Not reachable yet
[Mote:15] Not reachable yet
[Mote:2] Not reachable yet
[Mote:14] Not reachable yet
[Mote:18] Not reachable yet
[Mote:13] Not reachable yet
[Mote:17] Not reachable yet
[Mote:4] Not reachable yet
[Mote:11] Not reachable yet
[Mote:5] Not reachable yet
[Mote:16] Not reachable yet
[Mote:9] Not reachable yet
[Mote:6] Not reachable yet
[Mote:19] Not reachable yet
[Mote:7] Sensor IPv6 = fe80::207:7:7:7
[Mote:1] {"node":"fd00::207:7:7:7", "cpu_energy_mj":18, "lpm_energy_mj":0, "radio_tx_energy_mj":0, "radio_rx_energy_mj":8, "total_energy_mj":26, "node_time":984749, "total_sent":58, "total_received":93, "bytes_tx":60, "bytes_rx":12, "r2n_latency":994, "lqi":100, "rssi":-89, "server_sent":94, "server_received":117, "server_bytes_rx":60, "n2r_latency":11, "hops":0, "rtt_latency":777, "root_time_now":984760}
[Mote:8] Sensor IPv6 = fe80::208:8:8:8
[Mote:1] {"node":"fd00::208:8:8:8", "cpu_energy_mj":18, "lpm_energy_mj":0, "radio_tx_energy_mj":1, "radio_rx_energy_mj":8, "total_energy_mj":27, "node_time":985078, "total_sent":89, "total_received":94, "bytes_tx":60, "bytes_rx":12, "r2n_latency":784, "lqi":100, "rssi":-90, "server_sent":95, "server_received":180, "server_bytes_rx":60, "n2r_latency":32, "hops":0, "rtt_latency":1792, "root_time_now":985110}
[Mote:3] Sensor IPv6 = fe80::203:3:3:3
[Mote:12] Sensor IPv6 = fe80::20c:c:c:c
[Mote:1] {"node":"fd00::20c:c:c:c", "cpu_energy_mj":38, "lpm_energy_mj":0, "radio_tx_energy_mj":1, "radio_rx_energy_mj":17, "total_energy_mj":56, "node_time":986000, "total_sent":69, "total_received":82, "bytes_tx":60, "bytes_rx":12, "r2n_latency":14, "lqi":100, "rssi":-87, "server_sent":96, "server_received":125, "server_bytes_rx":60, "n2r_latency":20, "hops":0, "rtt_latency":742, "root_time_now":986020}
[Mote:10] Not reachable yet
[Mote:15] Not reachable yet
[Mote:2] Not reachable yet
[Mote:14] Not reachable yet
[Mote:13] Not reachable yet
[Mote:18] Not reachable yet
[Mote:17] Not reachable yet
[Mote:11] Not reachable yet
[Mote:4] Not reachable yet
[Mote:5] Not reachable yet
[Mote:16] Not reachable yet
[Mote:9] Not reachable yet
[Mote:6] Not reachable yet
[Mote:19] Not reachable yet
[Mote:7] Sensor IPv6 = fe80::207:7:7:7
[Mote:8] Sensor IPv6 = fe80::208:8:8:8
[Mote:1] {"node":"fd00::208:8:8:8", "cpu_energy_mj":18, "lpm_energy_mj":0, "radio_tx_energy_mj":1, "radio_rx_energy_mj":8, "total_energy_mj":27, "node_time":995561, "total_sent":90, "total_received":95, "bytes_tx":60, "bytes_rx":12, "r2n_latency":163, "lqi":100, "rssi":-90, "server_sent":96, "server_received":182, "server_bytes_rx":60, "n2r_latency":189, "hops":0, "rtt_latency":1831, "root_time_now":995750}
[Mote:3] Sensor IPv6 = fe80::203:3:3:3
[Mote:1] {"node":"fd00::207:7:7:7", "cpu_energy_mj":18, "lpm_energy_mj":0, "radio_tx_energy_mj":0, "radio_rx_energy_mj":8, "total_energy_mj":26, "node_time":995225, "total_sent":59, "total_received":94, "bytes_tx":60, "bytes_rx":12, "r2n_latency":1423, "lqi":100, "rssi":-89, "server_sent":95, "server_received":119, "server_bytes_rx":60, "n2r_latency":1435, "hops":0, "rtt_latency":851, "root_time_now":996660}
[Mote:12] Not reachable yet
[Mote:10] Not reachable yet
[Mote:15] Not reachable yet
[Mote:2] Not reachable yet
[Mote:14] Not reachable yet
[Mote:13] Not reachable yet
[Mote:11] Not reachable yet
[Mote:17] Not reachable yet
[Mote:18] Not reachable yet
[Mote:4] Not reachable yet
[Mote:16] Not reachable yet
[Mote:5] Not reachable yet
[Mote:9] Not reachable yet
[Mote:6] Not reachable yet
[Mote:19] Not reachable yet
[Mote:7] Sensor IPv6 = fe80::207:7:7:7
[Mote:1] {"node":"fd00::207:7:7:7", "cpu_energy_mj":18, "lpm_energy_mj":0, "radio_tx_energy_mj":0, "radio_rx_energy_mj":8, "total_energy_mj":26, "node_time":1005701, "total_sent":60, "total_received":95, "bytes_tx":60, "bytes_rx":12, "r2n_latency":944, "lqi":100, "rssi":-89, "server_sent":96, "server_received":121, "server_bytes_rx":60, "n2r_latency":59, "hops":0, "rtt_latency":857, "root_time_now":1005760}
[Mote:8] Sensor IPv6 = fe80::208:8:8:8
[Mote:1] {"node":"fd00::208:8:8:8", "cpu_energy_mj":18, "lpm_energy_mj":0, "radio_tx_energy_mj":1, "radio_rx_energy_mj":8, "total_energy_mj":27, "node_time":1006044, "total_sent":91, "total_received":96, "bytes_tx":60, "bytes_rx":12, "r2n_latency":1154, "lqi":100, "rssi":-90, "server_sent":97, "server_received":184, "server_bytes_rx":60, "n2r_latency":66, "hops":0, "rtt_latency":927, "root_time_now":1006110}
[Mote:3] Sensor IPv6 = fe80::203:3:3:3
[Mote:12] Not reachable yet
[Mote:10] Not reachable yet
[Mote:15] Not reachable yet
[Mote:2] Not reachable yet
[Mote:14] Not reachable yet
[Mote:13] Not reachable yet
[Mote:11] Not reachable yet
[Mote:17] Not reachable yet
[Mote:18] Not reachable yet
[Mote:4] Not reachable yet
[Mote:16] Not reachable yet
[Mote:5] Not reachable yet
[Mote:9] Not reachable yet
[Mote:7] Sensor IPv6 = fe80::207:7:7:7
[Mote:6] Not reachable yet
[Mote:8] Sensor IPv6 = fe80::208:8:8:8
[Mote:19] Not reachable yet
[Mote:3] Sensor IPv6 = fe80::203:3:3:3
[Mote:1] {"node":"fd00::208:8:8:8", "cpu_energy_mj":18, "lpm_energy_mj":0, "radio_tx_energy_mj":0, "radio_rx_energy_mj":9, "total_energy_mj":27, "node_time":1016527, "total_sent":92, "total_received":97, "bytes_tx":60, "bytes_rx":12, "r2n_latency":604, "lqi":100, "rssi":-90, "server_sent":98, "server_received":186, "server_bytes_rx":60, "n2r_latency":503, "hops":0, "rtt_latency":2052, "root_time_now":1017030}
[Mote:12] Not reachable yet
[Mote:10] Not reachable yet
[Mote:1] {"node":"fd00::207:7:7:7", "cpu_energy_mj":18, "lpm_energy_mj":0, "radio_tx_energy_mj":0, "radio_rx_energy_mj":8, "total_energy_mj":26, "node_time":1016177, "total_sent":61, "total_received":96, "bytes_tx":60, "bytes_rx":12, "r2n_latency":884, "lqi":100, "rssi":-89, "server_sent":97, "server_received":123, "server_bytes_rx":60, "n2r_latency":3583, "hops":0, "rtt_latency":827, "root_time_now":1019760}
[Mote:15] Not reachable yet
[Mote:2] Not reachable yet
[Mote:13] Not reachable yet
[Mote:11] Not reachable yet
[Mote:17] Not reachable yet
[Mote:14] Not reachable yet
[Mote:18] Not reachable yet
[Mote:16] Not reachable yet
[Mote:4] Not reachable yet
[Mote:5] Not reachable yet
[Mote:9] Not reachable yet
[Mote:7] Sensor IPv6 = fe80::207:7:7:7
[Mote:1] {"node":"fd00::207:7:7:7", "cpu_energy_mj":18, "lpm_energy_mj":0, "radio_tx_energy_mj":0, "radio_rx_energy_mj":8, "total_energy_mj":26, "node_time":1026653, "total_sent":62, "total_received":97, "bytes_tx":60, "bytes_rx":12, "r2n_latency":964, "lqi":100, "rssi":-89, "server_sent":98, "server_received":125, "server_bytes_rx":60, "n2r_latency":37, "hops":0, "rtt_latency":692, "root_time_now":1026690}
[Mote:3] Sensor IPv6 = fe80::203:3:3:3
[Mote:8] Sensor IPv6 = fe80::208:8:8:8
[Mote:1] {"node":"fd00::208:8:8:8", "cpu_energy_mj":18, "lpm_energy_mj":0, "radio_tx_energy_mj":1, "radio_rx_energy_mj":7, "total_energy_mj":26, "node_time":1027010, "total_sent":93, "total_received":98, "bytes_tx":60, "bytes_rx":12, "r2n_latency":614, "lqi":100, "rssi":-90, "server_sent":99, "server_received":188, "server_bytes_rx":60, "n2r_latency":30, "hops":0, "rtt_latency":1602, "root_time_now":1027040}
[Mote:6] Not reachable yet
[Mote:19] Not reachable yet
[Mote:10] Not reachable yet
[Mote:12] Not reachable yet
[Mote:15] Not reachable yet
[Mote:2] Not reachable yet
[Mote:13] Not reachable yet
[Mote:11] Not reachable yet
[Mote:17] Not reachable yet
[Mote:14] Not reachable yet
[Mote:16] Not reachable yet
[Mote:18] Not reachable yet
[Mote:4] Not reachable yet
[Mote:9] Not reachable yet
[Mote:5] Not reachable yet
[Mote:7] Sensor IPv6 = fe80::207:7:7:7
[Mote:3] Sensor IPv6 = fe80::203:3:3:3
[Mote:1] {"node":"fd00::207:7:7:7", "cpu_energy_mj":18, "lpm_energy_mj":0, "radio_tx_energy_mj":0, "radio_rx_energy_mj":8, "total_energy_mj":26, "node_time":1037129, "total_sent":63, "total_received":98, "bytes_tx":60, "bytes_rx":12, "r2n_latency":1254, "lqi":100, "rssi":-89, "server_sent":99, "server_received":127, "server_bytes_rx":60, "n2r_latency":131, "hops":0, "rtt_latency":1012, "root_time_now":1037260}
[Mote:8] Sensor IPv6 = fe80::208:8:8:8
[Mote:6] Not reachable yet
[Mote:19] Not reachable yet
[Mote:10] Not reachable yet
[Mote:1] {"node":"fd00::208:8:8:8", "cpu_energy_mj":18, "lpm_energy_mj":0, "radio_tx_energy_mj":0, "radio_rx_energy_mj":9, "total_energy_mj":27, "node_time":1037493, "total_sent":94, "total_received":99, "bytes_tx":60, "bytes_rx":12, "r2n_latency":834, "lqi":100, "rssi":-90, "server_sent":100, "server_received":190, "server_bytes_rx":60, "n2r_latency":2077, "hops":0, "rtt_latency":1957, "root_time_now":1039570}
[Mote:12] Not reachable yet
[Mote:15] Not reachable yet
[Mote:13] Not reachable yet
[Mote:2] Not reachable yet
[Mote:11] Not reachable yet
[Mote:17] Not reachable yet
[Mote:16] Not reachable yet
[Mote:14] Not reachable yet
[Mote:18] Not reachable yet
[Mote:4] Not reachable yet
[Mote:9] Not reachable yet
[Mote:5] Not reachable yet
[Mote:3] Sensor IPv6 = fe80::203:3:3:3
[Mote:7] Sensor IPv6 = fe80::207:7:7:7
[Mote:8] Not reachable yet
[Mote:1] {"node":"fd00::207:7:7:7", "cpu_energy_mj":18, "lpm_energy_mj":0, "radio_tx_energy_mj":0, "radio_rx_energy_mj":8, "total_energy_mj":26, "node_time":1047605, "total_sent":64, "total_received":99, "bytes_tx":60, "bytes_rx":12, "r2n_latency":425, "lqi":100, "rssi":-89, "server_sent":100, "server_received":129, "server_bytes_rx":60, "n2r_latency":785, "hops":0, "rtt_latency":1962, "root_time_now":1048390}
[Mote:6] Not reachable yet
[Mote:19] Not reachable yet
[Mote:10] Not reachable yet
[Mote:12] Not reachable yet
[Mote:13] Not reachable yet
[Mote:15] Not reachable yet
[Mote:11] Not reachable yet
[Mote:2] Not reachable yet
[Mote:17] Not reachable yet
[Mote:16] Not reachable yet
[Mote:14] Not reachable yet
[Mote:18] Not reachable yet
[Mote:4] Not reachable yet
[Mote:9] Not reachable yet
[Mote:3] Sensor IPv6 = fe80::203:3:3:3
[Mote:5] Not reachable yet
[Mote:7] Sensor IPv6 = fe80::207:7:7:7
[Mote:1] {"node":"fd00::207:7:7:7", "cpu_energy_mj":18, "lpm_energy_mj":0, "radio_tx_energy_mj":0, "radio_rx_energy_mj":8, "total_energy_mj":26, "node_time":1058083, "total_sent":65, "total_received":100, "bytes_tx":60, "bytes_rx":12, "r2n_latency":646, "lqi":100, "rssi":-89, "server_sent":101, "server_received":131, "server_bytes_rx":60, "n2r_latency":37, "hops":0, "rtt_latency":358, "root_time_now":1058120}
[Mote:8] Not reachable yet
[Mote:10] Not reachable yet
[Mote:6] Not reachable yet
[Mote:19] Not reachable yet
[Mote:12] Not reachable yet
[Mote:13] Not reachable yet
[Mote:11] Not reachable yet
[Mote:15] Not reachable yet
[Mote:17] Not reachable yet
[Mote:2] Not reachable yet
[Mote:16] Not reachable yet
[Mote:18] Not reachable yet
[Mote:14] Not reachable yet
[Mote:4] Not reachable yet
[Mote:3] Sensor IPv6 = fe80::203:3:3:3
[Mote:9] Not reachable yet
[Mote:7] Sensor IPv6 = fe80::207:7:7:7
[Mote:1] {"node":"fd00::207:7:7:7", "cpu_energy_mj":18, "lpm_energy_mj":0, "radio_tx_energy_mj":0, "radio_rx_energy_mj":8, "total_energy_mj":26, "node_time":1068557, "total_sent":66, "total_received":101, "bytes_tx":60, "bytes_rx":12, "r2n_latency":725, "lqi":100, "rssi":-89, "server_sent":102, "server_received":133, "server_bytes_rx":60, "n2r_latency":63, "hops":0, "rtt_latency":502, "root_time_now":1068620}
[Mote:5] Not reachable yet
[Mote:8] Not reachable yet
[Mote:10] Not reachable yet
[Mote:6] Not reachable yet
[Mote:19] Not reachable yet
[Mote:13] Not reachable yet
[Mote:12] Not reachable yet
[Mote:11] Not reachable yet
[Mote:17] Not reachable yet
[Mote:16] Not reachable yet
[Mote:15] Not reachable yet
[Mote:2] Not reachable yet
[Mote:18] Not reachable yet
[Mote:14] Not reachable yet
[Mote:4] Not reachable yet
[Mote:3] Sensor IPv6 = fe80::203:3:3:3
[Mote:9] Not reachable yet
[Mote:7] Sensor IPv6 = fe80::207:7:7:7
[Mote:1] {"node":"fd00::207:7:7:7", "cpu_energy_mj":18, "lpm_energy_mj":0, "radio_tx_energy_mj":0, "radio_rx_energy_mj":8, "total_energy_mj":26, "node_time":1079033, "total_sent":67, "total_received":102, "bytes_tx":60, "bytes_rx":12, "r2n_latency":875, "lqi":100, "rssi":-89, "server_sent":103, "server_received":135, "server_bytes_rx":60, "n2r_latency":227, "hops":0, "rtt_latency":962, "root_time_now":1079260}
[Mote:8] Not reachable yet
[Mote:5] Not reachable yet
[Mote:10] Not reachable yet
[Mote:6] Not reachable yet
[Mote:19] Not reachable yet
[Mote:13] Not reachable yet
[Mote:11] Not reachable yet
[Mote:12] Not reachable yet
[Mote:16] Not reachable yet
[Mote:17] Not reachable yet
[Mote:15] Not reachable yet
[Mote:2] Not reachable yet
[Mote:18] Not reachable yet
[Mote:14] Not reachable yet
[Mote:4] Not reachable yet
[Mote:3] Sensor IPv6 = fe80::203:3:3:3
[Mote:9] Not reachable yet
[Mote:7] Sensor IPv6 = fe80::207:7:7:7
[Mote:1] {"node":"fd00::207:7:7:7", "cpu_energy_mj":18, "lpm_energy_mj":0, "radio_tx_energy_mj":0, "radio_rx_energy_mj":8, "total_energy_mj":26, "node_time":1089511, "total_sent":68, "total_received":103, "bytes_tx":60, "bytes_rx":12, "r2n_latency":745, "lqi":100, "rssi":-89, "server_sent":104, "server_received":137, "server_bytes_rx":60, "n2r_latency":179, "hops":0, "rtt_latency":512, "root_time_now":1089690}
[Mote:8] Not reachable yet
[Mote:10] Not reachable yet
[Mote:5] Not reachable yet
[Mote:13] Not reachable yet
[Mote:6] Not reachable yet
[Mote:11] Not reachable yet
[Mote:19] Not reachable yet
[Mote:16] Not reachable yet
[Mote:17] Not reachable yet
[Mote:12] Not reachable yet
[Mote:15] Not reachable yet
[Mote:2] Not reachable yet
[Mote:18] Not reachable yet
[Mote:4] Not reachable yet
[Mote:14] Not reachable yet
[Mote:3] Sensor IPv6 = fe80::203:3:3:3
[Mote:9] Not reachable yet
[Mote:7] Sensor IPv6 = fe80::207:7:7:7
[Mote:10] Not reachable yet
[Mote:8] Not reachable yet
[Mote:5] Not reachable yet
[Mote:13] Not reachable yet
[Mote:11] Not reachable yet
[Mote:6] Not reachable yet
[Mote:16] Not reachable yet
[Mote:19] Not reachable yet
[Mote:17] Not reachable yet
[Mote:12] Not reachable yet
[Mote:15] Not reachable yet
[Mote:2] Not reachable yet
[Mote:18] Not reachable yet
[Mote:4] Not reachable yet
[Mote:14] Not reachable yet
[Mote:3] Sensor IPv6 = fe80::203:3:3:3
[Mote:9] Not reachable yet
[Mote:7] Not reachable yet
[Mote:10] Not reachable yet
[Mote:8] Not reachable yet
[Mote:5] Not reachable yet
[Mote:13] Not reachable yet
[Mote:11] Not reachable yet
[Mote:16] Not reachable yet
[Mote:17] Not reachable yet
[Mote:6] Not reachable yet
[Mote:19] Not reachable yet
[Mote:15] Not reachable yet
[Mote:12] Not reachable yet
[Mote:2] Not reachable yet
[Mote:18] Sensor IPv6 = fe80::212:12:12:12
[Mote:4] Not reachable yet
[Mote:3] Sensor IPv6 = fe80::203:3:3:3
[Mote:14] Not reachable yet
[Mote:10] Not reachable yet
[Mote:9] Not reachable yet
[Mote:7] Not reachable yet
[Mote:8] Not reachable yet
[Mote:5] Not reachable yet
[Mote:13] Not reachable yet
[Mote:11] Not reachable yet
[Mote:16] Not reachable yet
[Mote:17] Not reachable yet
[Mote:6] Not reachable yet
[Mote:19] Not reachable yet
[Mote:15] Not reachable yet
[Mote:2] Not reachable yet
[Mote:12] Not reachable yet
[Mote:18] Not reachable yet
[Mote:4] Not reachable yet
[Mote:3] Sensor IPv6 = fe80::203:3:3:3
[Mote:14] Not reachable yet
[Mote:10] Not reachable yet
[Mote:9] Not reachable yet
[Mote:7] Not reachable yet
[Mote:8] Not reachable yet
[Mote:13] Not reachable yet
[Mote:5] Not reachable yet
[Mote:11] Not reachable yet
[Mote:16] Not reachable yet
[Mote:17] Not reachable yet
[Mote:6] Not reachable yet
[Mote:15] Not reachable yet
[Mote:19] Not reachable yet
[Mote:2] Not reachable yet
[Mote:12] Not reachable yet
[Mote:18] Not reachable yet
[Mote:3] Sensor IPv6 = fe80::203:3:3:3
[Mote:4] Not reachable yet
[Mote:14] Not reachable yet
[Mote:10] Not reachable yet
[Mote:7] Not reachable yet
[Mote:9] Not reachable yet
[Mote:8] Not reachable yet
[Mote:13] Not reachable yet
[Mote:11] Not reachable yet
[Mote:16] Not reachable yet
[Mote:5] Not reachable yet
[Mote:17] Not reachable yet
[Mote:15] Not reachable yet
[Mote:6] Not reachable yet
[Mote:2] Not reachable yet
[Mote:19] Not reachable yet
[Mote:12] Sensor IPv6 = fe80::20c:c:c:c
[Mote:1] {"node":"fd00::20c:c:c:c", "cpu_energy_mj":292, "lpm_energy_mj":0, "radio_tx_energy_mj":3, "radio_rx_energy_mj":308, "total_energy_mj":603, "node_time":1148497, "total_sent":70, "total_received":98, "bytes_tx":60, "bytes_rx":12, "r2n_latency":34, "lqi":100, "rssi":-87, "server_sent":112, "server_received":127, "server_bytes_rx":60, "n2r_latency":63, "hops":0, "rtt_latency":1837, "root_time_now":1148560}
[Mote:18] Not reachable yet
[Mote:3] Sensor IPv6 = fe80::203:3:3:3
[Mote:4] Not reachable yet
[Mote:10] Not reachable yet
[Mote:14] Not reachable yet
[Mote:7] Not reachable yet
[Mote:9] Not reachable yet
[Mote:8] Not reachable yet
[Mote:13] Not reachable yet
[Mote:11] Not reachable yet
[Mote:16] Not reachable yet
[Mote:5] Not reachable yet
[Mote:17] Not reachable yet
[Mote:15] Not reachable yet
[Mote:2] Not reachable yet
[Mote:6] Not reachable yet
[Mote:19] Not reachable yet
[Mote:12] Sensor IPv6 = fe80::20c:c:c:c
[Mote:1] {"node":"fd00::20c:c:c:c", "cpu_energy_mj":19, "lpm_energy_mj":0, "radio_tx_energy_mj":0, "radio_rx_energy_mj":8, "total_energy_mj":27, "node_time":1159328, "total_sent":71, "total_received":99, "bytes_tx":60, "bytes_rx":12, "r2n_latency":44, "lqi":100, "rssi":-87, "server_sent":113, "server_received":129, "server_bytes_rx":60, "n2r_latency":292, "hops":0, "rtt_latency":2052, "root_time_now":1159620}
[Mote:3] Sensor IPv6 = fe80::203:3:3:3
[Mote:18] Not reachable yet
[Mote:4] Not reachable yet
[Mote:10] Not reachable yet
[Mote:14] Not reachable yet
[Mote:7] Not reachable yet
[Mote:9] Not reachable yet
[Mote:8] Not reachable yet
[Mote:13] Not reachable yet
[Mote:16] Not reachable yet
[Mote:11] Not reachable yet
[Mote:17] Not reachable yet
[Mote:5] Not reachable yet
[Mote:15] Not reachable yet
[Mote:2] Not reachable yet
[Mote:6] Not reachable yet
[Mote:19] Not reachable yet
[Mote:12] Sensor IPv6 = fe80::20c:c:c:c
[Mote:3] Sensor IPv6 = fe80::203:3:3:3
[Mote:18] Not reachable yet
[Mote:10] Not reachable yet
[Mote:4] Not reachable yet
[Mote:1] {"node":"fd00::20c:c:c:c", "cpu_energy_mj":19, "lpm_energy_mj":0, "radio_tx_energy_mj":0, "radio_rx_energy_mj":8, "total_energy_mj":27, "node_time":1170161, "total_sent":72, "total_received":101, "bytes_tx":60, "bytes_rx":12, "r2n_latency":64, "lqi":100, "rssi":-87, "server_sent":115, "server_received":132, "server_bytes_rx":60, "n2r_latency":2759, "hops":0, "rtt_latency":1432, "root_time_now":1172920}
[Mote:14] Not reachable yet
[Mote:7] Not reachable yet
[Mote:13] Not reachable yet
[Mote:9] Not reachable yet
[Mote:8] Not reachable yet
[Mote:16] Not reachable yet
[Mote:11] Not reachable yet
[Mote:17] Not reachable yet
[Mote:5] Not reachable yet
[Mote:15] Not reachable yet
[Mote:2] Not reachable yet
[Mote:6] Not reachable yet
[Mote:19] Not reachable yet
[Mote:3] Sensor IPv6 = fe80::203:3:3:3
[Mote:12] Sensor IPv6 = fe80::20c:c:c:c
[Mote:18] Not reachable yet
[Mote:10] Not reachable yet
[Mote:4] Not reachable yet
[Mote:13] Not reachable yet
[Mote:7] Not reachable yet
[Mote:16] Not reachable yet
[Mote:14] Not reachable yet
[Mote:11] Not reachable yet
[Mote:8] Not reachable yet
[Mote:9] Not reachable yet
[Mote:17] Not reachable yet
[Mote:1] {"node":"fd00::20c:c:c:c", "cpu_energy_mj":19, "lpm_energy_mj":0, "radio_tx_energy_mj":0, "radio_rx_energy_mj":8, "total_energy_mj":27, "node_time":1180994, "total_sent":73, "total_received":102, "bytes_tx":60, "bytes_rx":12, "r2n_latency":74, "lqi":100, "rssi":-87, "server_sent":116, "server_received":134, "server_bytes_rx":60, "n2r_latency":5156, "hops":0, "rtt_latency":1542, "root_time_now":1186150}
[Mote:5] Not reachable yet
[Mote:15] Not reachable yet
[Mote:2] Not reachable yet
[Mote:6] Not reachable yet
[Mote:3] Sensor IPv6 = fe80::203:3:3:3
[Mote:19] Not reachable yet
[Mote:12] Sensor IPv6 = fe80::20c:c:c:c
[Mote:10] Not reachable yet
[Mote:18] Not reachable yet
[Mote:4] Not reachable yet
[Mote:13] Not reachable yet
[Mote:16] Not reachable yet
[Mote:7] Not reachable yet
[Mote:11] Not reachable yet
[Mote:8] Not reachable yet
[Mote:14] Not reachable yet
[Mote:9] Not reachable yet
[Mote:17] Not reachable yet
[Mote:5] Not reachable yet
[Mote:15] Not reachable yet
[Mote:2] Not reachable yet
[Mote:3] Sensor IPv6 = fe80::203:3:3:3
[Mote:6] Not reachable yet
[Mote:10] Not reachable yet
[Mote:19] Not reachable yet
[Mote:18] Not reachable yet
[Mote:12] Not reachable yet
[Mote:4] Not reachable yet
[Mote:13] Not reachable yet
[Mote:16] Not reachable yet
[Mote:11] Not reachable yet
[Mote:7] Not reachable yet
[Mote:8] Not reachable yet
[Mote:9] Not reachable yet
[Mote:14] Not reachable yet
[Mote:1] {"node":"fd00::20c:c:c:c", "cpu_energy_mj":19, "lpm_energy_mj":0, "radio_tx_energy_mj":1, "radio_rx_energy_mj":8, "total_energy_mj":28, "node_time":1191827, "total_sent":74, "total_received":103, "bytes_tx":60, "bytes_rx":12, "r2n_latency":16, "lqi":100, "rssi":-87, "server_sent":118, "server_received":135, "server_bytes_rx":60, "n2r_latency":14133, "hops":0, "rtt_latency":1542, "root_time_now":1205960}
[Mote:17] Not reachable yet
[Mote:5] Not reachable yet
[Mote:15] Not reachable yet
[Mote:2] Not reachable yet
[Mote:3] Sensor IPv6 = fe80::203:3:3:3
[Mote:10] Not reachable yet
[Mote:6] Not reachable yet
[Mote:18] Not reachable yet
[Mote:19] Not reachable yet
[Mote:12] Not reachable yet
[Mote:4] Not reachable yet
[Mote:13] Not reachable yet
[Mote:16] Not reachable yet
[Mote:11] Not reachable yet
[Mote:7] Not reachable yet
[Mote:8] Not reachable yet
[Mote:9] Not reachable yet
[Mote:14] Not reachable yet
[Mote:17] Not reachable yet
[Mote:5] Not reachable yet
[Mote:15] Not reachable yet
[Mote:2] Not reachable yet
[Mote:3] Sensor IPv6 = fe80::203:3:3:3
[Mote:10] Not reachable yet
[Mote:18] Not reachable yet
[Mote:6] Not reachable yet
[Mote:16] Not reachable yet
[Mote:13] Not reachable yet
[Mote:19] Not reachable yet
[Mote:12] Not reachable yet
[Mote:4] Not reachable yet
[Mote:11] Not reachable yet
[Mote:7] Not reachable yet
[Mote:8] Not reachable yet
[Mote:9] Not reachable yet
[Mote:17] Not reachable yet
[Mote:14] Not reachable yet
[Mote:5] Not reachable yet
[Mote:15] Not reachable yet
[Mote:2] Not reachable yet
[Mote:3] Sensor IPv6 = fe80::203:3:3:3
[Mote:10] Not reachable yet
[Mote:16] Not reachable yet
[Mote:13] Not reachable yet
[Mote:18] Not reachable yet
[Mote:11] Not reachable yet
[Mote:6] Not reachable yet
[Mote:4] Not reachable yet
[Mote:12] Not reachable yet
[Mote:19] Not reachable yet
[Mote:7] Not reachable yet
[Mote:8] Not reachable yet
[Mote:17] Not reachable yet
[Mote:9] Not reachable yet
[Mote:14] Not reachable yet
[Mote:5] Not reachable yet
[Mote:15] Not reachable yet
[Mote:3] Sensor IPv6 = fe80::203:3:3:3
[Mote:2] Not reachable yet
[Mote:10] Not reachable yet
[Mote:16] Not reachable yet
[Mote:13] Not reachable yet
[Mote:18] Not reachable yet
[Mote:11] Not reachable yet
[Mote:4] Not reachable yet
[Mote:6] Not reachable yet
[Mote:12] Not reachable yet
[Mote:19] Not reachable yet
[Mote:7] Not reachable yet
[Mote:8] Not reachable yet
[Mote:17] Not reachable yet
[Mote:9] Not reachable yet
[Mote:14] Not reachable yet
[Mote:5] Not reachable yet
[Mote:15] Not reachable yet
[Mote:3] Sensor IPv6 = fe80::203:3:3:3
[Mote:2] Not reachable yet
[Mote:10] Not reachable yet
[Mote:16] Not reachable yet
[Mote:13] Not reachable yet
[Mote:11] Not reachable yet
[Mote:18] Not reachable yet
[Mote:4] Not reachable yet
[Mote:6] Not reachable yet
[Mote:12] Not reachable yet
[Mote:19] Not reachable yet
[Mote:7] Not reachable yet
[Mote:17] Not reachable yet
[Mote:8] Not reachable yet
[Mote:9] Not reachable yet
[Mote:14] Not reachable yet
[Mote:3] Sensor IPv6 = fe80::203:3:3:3
[Mote:5] Not reachable yet
[Mote:15] Not reachable yet
[Mote:10] Not reachable yet
[Mote:2] Not reachable yet
[Mote:16] Not reachable yet
[Mote:13] Not reachable yet
[Mote:11] Not reachable yet
[Mote:18] Not reachable yet
[Mote:4] Not reachable yet
[Mote:7] Not reachable yet
[Mote:6] Not reachable yet
[Mote:12] Not reachable yet
[Mote:17] Not reachable yet
[Mote:19] Not reachable yet
[Mote:8] Not reachable yet
[Mote:9] Not reachable yet
[Mote:14] Not reachable yet
[Mote:3] Sensor IPv6 = fe80::203:3:3:3
[Mote:10] Not reachable yet
[Mote:15] Not reachable yet
[Mote:5] Not reachable yet
[Mote:2] Not reachable yet
[Mote:16] Not reachable yet
[Mote:13] Not reachable yet
[Mote:11] Not reachable yet
[Mote:18] Not reachable yet
[Mote:4] Not reachable yet
[Mote:17] Not reachable yet
[Mote:7] Not reachable yet
[Mote:12] Not reachable yet
[Mote:6] Not reachable yet
[Mote:8] Not reachable yet
[Mote:19] Not reachable yet
[Mote:9] Not reachable yet
[Mote:14] Not reachable yet
[Mote:3] Sensor IPv6 = fe80::203:3:3:3
[Mote:10] Not reachable yet
[Mote:15] Not reachable yet
[Mote:16] Not reachable yet
[Mote:5] Not reachable yet
[Mote:2] Not reachable yet
[Mote:13] Not reachable yet
[Mote:11] Not reachable yet
[Mote:18] Not reachable yet
[Mote:4] Not reachable yet
[Mote:17] Not reachable yet
[Mote:7] Not reachable yet
[Mote:8] Not reachable yet
[Mote:12] Not reachable yet
[Mote:6] Not reachable yet
[Mote:19] Not reachable yet
[Mote:9] Not reachable yet
[Mote:14] Not reachable yet
[Mote:3] Sensor IPv6 = fe80::203:3:3:3
[Mote:10] Not reachable yet
[Mote:16] Not reachable yet
[Mote:15] Not reachable yet
[Mote:13] Not reachable yet
[Mote:2] Not reachable yet
[Mote:5] Not reachable yet
[Mote:11] Not reachable yet
[Mote:18] Not reachable yet
[Mote:4] Not reachable yet
[Mote:17] Not reachable yet
[Mote:7] Not reachable yet
[Mote:8] Not reachable yet
[Mote:12] Not reachable yet
[Mote:6] Not reachable yet
[Mote:9] Not reachable yet
[Mote:19] Not reachable yet
[Mote:14] Not reachable yet
[Mote:3] Sensor IPv6 = fe80::203:3:3:3
[Mote:10] Not reachable yet
[Mote:16] Not reachable yet
[Mote:13] Not reachable yet
[Mote:15] Not reachable yet
[Mote:11] Not reachable yet
[Mote:2] Not reachable yet
[Mote:5] Not reachable yet
[Mote:18] Not reachable yet
[Mote:17] Not reachable yet
[Mote:4] Not reachable yet
[Mote:7] Sensor IPv6 = fe80::207:7:7:7
[Mote:1] {"node":"fd00::207:7:7:7", "cpu_energy_mj":377, "lpm_energy_mj":0, "radio_tx_energy_mj":5, "radio_rx_energy_mj":1436, "total_energy_mj":1818, "node_time":1309505, "total_sent":70, "total_received":121, "bytes_tx":60, "bytes_rx":12, "r2n_latency":194, "lqi":100, "rssi":-89, "server_sent":126, "server_received":141, "server_bytes_rx":60, "n2r_latency":55, "hops":0, "rtt_latency":1987, "root_time_now":1309560}
[Mote:8] Not reachable yet
[Mote:12] Not reachable yet
[Mote:9] Not reachable yet
[Mote:6] Not reachable yet
[Mote:19] Not reachable yet
[Mote:14] Not reachable yet
[Mote:10] Not reachable yet
[Mote:3] Sensor IPv6 = fe80::203:3:3:3
[Mote:16] Not reachable yet
[Mote:13] Not reachable yet
[Mote:15] Not reachable yet
[Mote:11] Not reachable yet
[Mote:2] Not reachable yet
[Mote:5] Not reachable yet
[Mote:18] Not reachable yet
[Mote:17] Not reachable yet
[Mote:4] Not reachable yet
[Mote:7] Sensor IPv6 = fe80::207:7:7:7
[Mote:1] {"node":"fd00::207:7:7:7", "cpu_energy_mj":18, "lpm_energy_mj":0, "radio_tx_energy_mj":0, "radio_rx_energy_mj":8, "total_energy_mj":26, "node_time":1319983, "total_sent":71, "total_received":122, "bytes_tx":60, "bytes_rx":12, "r2n_latency":414, "lqi":100, "rssi":-89, "server_sent":128, "server_received":143, "server_bytes_rx":60, "n2r_latency":24, "hops":0, "rtt_latency":1817, "root_time_now":1320007}
[Mote:8] Not reachable yet
[Mote:9] Not reachable yet
[Mote:12] Not reachable yet
[Mote:6] Not reachable yet
[Mote:19] Not reachable yet
[Mote:14] Not reachable yet
[Mote:16] Not reachable yet
[Mote:10] Not reachable yet
[Mote:3] Sensor IPv6 = fe80::203:3:3:3
[Mote:13] Not reachable yet
[Mote:11] Not reachable yet
[Mote:15] Not reachable yet
[Mote:2] Not reachable yet
[Mote:5] Not reachable yet
[Mote:17] Not reachable yet
[Mote:18] Not reachable yet
[Mote:4] Not reachable yet
[Mote:7] Not reachable yet
[Mote:8] Not reachable yet
[Mote:9] Not reachable yet
[Mote:12] Not reachable yet
[Mote:6] Not reachable yet
[Mote:19] Not reachable yet
[Mote:16] Not reachable yet
[Mote:10] Not reachable yet
[Mote:14] Not reachable yet
[Mote:3] Sensor IPv6 = fe80::203:3:3:3
[Mote:13] Not reachable yet
[Mote:11] Not reachable yet
[Mote:15] Not reachable yet
[Mote:2] Not reachable yet
[Mote:5] Not reachable yet
[Mote:17] Not reachable yet
[Mote:18] Not reachable yet
[Mote:4] Not reachable yet
[Mote:7] Not reachable yet
[Mote:8] Not reachable yet
[Mote:9] Not reachable yet
[Mote:12] Not reachable yet
[Mote:6] Not reachable yet
[Mote:19] Not reachable yet
[Mote:16] Not reachable yet
[Mote:10] Not reachable yet
[Mote:3] Sensor IPv6 = fe80::203:3:3:3
[Mote:14] Not reachable yet
[Mote:13] Not reachable yet
[Mote:11] Not reachable yet
[Mote:15] Not reachable yet
[Mote:2] Not reachable yet
[Mote:5] Not reachable yet
[Mote:17] Not reachable yet
[Mote:18] Not reachable yet
[Mote:4] Not reachable yet
[Mote:7] Not reachable yet
[Mote:8] Not reachable yet
[Mote:9] Not reachable yet
[Mote:12] Sensor IPv6 = fe80::20c:c:c:c
[Mote:16] Not reachable yet
[Mote:1] {"node":"fd00::20c:c:c:c", "cpu_energy_mj":292, "lpm_energy_mj":0, "radio_tx_energy_mj":7, "radio_rx_energy_mj":360, "total_energy_mj":659, "node_time":1354322, "total_sent":75, "total_received":118, "bytes_tx":60, "bytes_rx":12, "r2n_latency":34, "lqi":100, "rssi":-87, "server_sent":133, "server_received":137, "server_bytes_rx":60, "n2r_latency":248, "hops":0, "rtt_latency":1592, "root_time_now":1354570}
[Mote:10] Not reachable yet
[Mote:6] Not reachable yet
[Mote:3] Sensor IPv6 = fe80::203:3:3:3
[Mote:19] Not reachable yet
[Mote:13] Not reachable yet
[Mote:14] Not reachable yet
[Mote:11] Not reachable yet
[Mote:15] Not reachable yet
[Mote:2] Not reachable yet
[Mote:17] Not reachable yet
[Mote:5] Not reachable yet
[Mote:18] Not reachable yet
[Mote:4] Not reachable yet
[Mote:7] Not reachable yet
[Mote:8] Not reachable yet
[Mote:9] Not reachable yet
[Mote:16] Not reachable yet
[Mote:12] Sensor IPv6 = fe80::20c:c:c:c
[Mote:1] {"node":"fd00::20c:c:c:c", "cpu_energy_mj":19, "lpm_energy_mj":0, "radio_tx_energy_mj":0, "radio_rx_energy_mj":8, "total_energy_mj":27, "node_time":1365155, "total_sent":76, "total_received":119, "bytes_tx":60, "bytes_rx":12, "r2n_latency":44, "lqi":100, "rssi":-87, "server_sent":134, "server_received":139, "server_bytes_rx":60, "n2r_latency":55, "hops":0, "rtt_latency":757, "root_time_now":1365210}
[Mote:10] Not reachable yet
[Mote:3] Sensor IPv6 = fe80::203:3:3:3
[Mote:13] Not reachable yet
[Mote:6] Not reachable yet
[Mote:19] Not reachable yet
[Mote:11] Not reachable yet
[Mote:14] Not reachable yet
[Mote:15] Not reachable yet
[Mote:2] Not reachable yet
[Mote:17] Not reachable yet
[Mote:5] Not reachable yet
[Mote:18] Not reachable yet
[Mote:4] Not reachable yet
[Mote:7] Not reachable yet
[Mote:8] Not reachable yet
[Mote:9] Not reachable yet
[Mote:16] Not reachable yet
[Mote:10] Not reachable yet
[Mote:13] Not reachable yet
[Mote:3] Sensor IPv6 = fe80::203:3:3:3
[Mote:12] Sensor IPv6 = fe80::20c:c:c:c
[Mote:1] {"node":"fd00::20c:c:c:c", "cpu_energy_mj":19, "lpm_energy_mj":0, "radio_tx_energy_mj":0, "radio_rx_energy_mj":8, "total_energy_mj":27, "node_time":1375988, "total_sent":77, "total_received":120, "bytes_tx":60, "bytes_rx":12, "r2n_latency":54, "lqi":100, "rssi":-87, "server_sent":135, "server_received":141, "server_bytes_rx":60, "n2r_latency":72, "hops":0, "rtt_latency":1392, "root_time_now":1376060}
[Mote:11] Not reachable yet
[Mote:6] Not reachable yet
[Mote:19] Not reachable yet
[Mote:14] Not reachable yet
[Mote:15] Not reachable yet
[Mote:2] Not reachable yet
[Mote:17] Not reachable yet
[Mote:5] Not reachable yet
[Mote:18] Not reachable yet
[Mote:4] Not reachable yet
[Mote:7] Not reachable yet
[Mote:8] Not reachable yet
[Mote:16] Not reachable yet
[Mote:9] Not reachable yet
[Mote:10] Not reachable yet
[Mote:13] Not reachable yet
[Mote:3] Sensor IPv6 = fe80::203:3:3:3
[Mote:11] Not reachable yet
[Mote:12] Sensor IPv6 = fe80::20c:c:c:c
[Mote:1] {"node":"fd00::20c:c:c:c", "cpu_energy_mj":19, "lpm_energy_mj":0, "radio_tx_energy_mj":0, "radio_rx_energy_mj":8, "total_energy_mj":27, "node_time":1386821, "total_sent":78, "total_received":121, "bytes_tx":60, "bytes_rx":12, "r2n_latency":64, "lqi":100, "rssi":-87, "server_sent":136, "server_received":143, "server_bytes_rx":60, "n2r_latency":19, "hops":0, "rtt_latency":1642, "root_time_now":1386840}
[Mote:6] Not reachable yet
[Mote:19] Not reachable yet
[Mote:14] Not reachable yet
[Mote:15] Not reachable yet
[Mote:2] Not reachable yet
[Mote:17] Not reachable yet
[Mote:5] Not reachable yet
[Mote:18] Not reachable yet
[Mote:7] Not reachable yet
[Mote:4] Not reachable yet
[Mote:8] Sensor IPv6 = fe80::208:8:8:8
[Mote:16] Not reachable yet
[Mote:1] {"node":"fd00::208:8:8:8", "cpu_energy_mj":641, "lpm_energy_mj":0, "radio_tx_energy_mj":17, "radio_rx_energy_mj":1543, "total_energy_mj":2201, "node_time":1393915, "total_sent":95, "total_received":130, "bytes_tx":60, "bytes_rx":12, "r2n_latency":13434, "lqi":100, "rssi":-90, "server_sent":136, "server_received":197, "server_bytes_rx":60, "n2r_latency":835, "hops":0, "rtt_latency":6857, "root_time_now":1394750}
[Mote:9] Not reachable yet
[Mote:10] Not reachable yet
[Mote:13] Not reachable yet
[Mote:3] Sensor IPv6 = fe80::203:3:3:3
[Mote:11] Not reachable yet
[Mote:12] Sensor IPv6 = fe80::20c:c:c:c
[Mote:1] {"node":"fd00::20c:c:c:c", "cpu_energy_mj":19, "lpm_energy_mj":0, "radio_tx_energy_mj":0, "radio_rx_energy_mj":8, "total_energy_mj":27, "node_time":1397656, "total_sent":79, "total_received":122, "bytes_tx":60, "bytes_rx":12, "r2n_latency":74, "lqi":100, "rssi":-87, "server_sent":137, "server_received":145, "server_bytes_rx":60, "n2r_latency":34, "hops":0, "rtt_latency":2172, "root_time_now":1397690}
[Mote:6] Not reachable yet
[Mote:19] Not reachable yet
[Mote:14] Not reachable yet
[Mote:15] Not reachable yet
[Mote:2] Not reachable yet
[Mote:17] Not reachable yet
[Mote:18] Not reachable yet
[Mote:5] Not reachable yet
[Mote:7] Not reachable yet
[Mote:4] Not reachable yet
[Mote:8] Sensor IPv6 = fe80::208:8:8:8
[Mote:16] Not reachable yet
[Mote:1] {"node":"fd00::208:8:8:8", "cpu_energy_mj":18, "lpm_energy_mj":0, "radio_tx_energy_mj":1, "radio_rx_energy_mj":8, "total_energy_mj":27, "node_time":1404398, "total_sent":96, "total_received":132, "bytes_tx":60, "bytes_rx":12, "r2n_latency":3515, "lqi":100, "rssi":-90, "server_sent":137, "server_received":200, "server_bytes_rx":60, "n2r_latency":432, "hops":0, "rtt_latency":1932, "root_time_now":1404830}
[Mote:10] Not reachable yet
[Mote:13] Not reachable yet
[Mote:9] Not reachable yet
[Mote:3] Sensor IPv6 = fe80::203:3:3:3
[Mote:11] Not reachable yet
[Mote:12] Sensor IPv6 = fe80::20c:c:c:c
[Mote:1] {"node":"fd00::20c:c:c:c", "cpu_energy_mj":19, "lpm_energy_mj":0, "radio_tx_energy_mj":0, "radio_rx_energy_mj":8, "total_energy_mj":27, "node_time":1408487, "total_sent":80, "total_received":123, "bytes_tx":60, "bytes_rx":12, "r2n_latency":15, "lqi":100, "rssi":-87, "server_sent":138, "server_received":147, "server_bytes_rx":60, "n2r_latency":53, "hops":0, "rtt_latency":1302, "root_time_now":1408540}
[Mote:6] Not reachable yet
[Mote:14] Not reachable yet
[Mote:19] Not reachable yet
[Mote:15] Not reachable yet
[Mote:17] Not reachable yet
[Mote:2] Not reachable yet
[Mote:18] Not reachable yet
[Mote:5] Not reachable yet
[Mote:7] Not reachable yet
[Mote:4] Not reachable yet
[Mote:16] Not reachable yet
[Mote:8] Sensor IPv6 = fe80::208:8:8:8
[Mote:1] {"node":"fd00::208:8:8:8", "cpu_energy_mj":18, "lpm_energy_mj":0, "radio_tx_energy_mj":1, "radio_rx_energy_mj":8, "total_energy_mj":27, "node_time":1414881, "total_sent":97, "total_received":133, "bytes_tx":60, "bytes_rx":12, "r2n_latency":374, "lqi":100, "rssi":-90, "server_sent":138, "server_received":202, "server_bytes_rx":60, "n2r_latency":29, "hops":0, "rtt_latency":1972, "root_time_now":1414910}
[Mote:10] Not reachable yet
[Mote:13] Not reachable yet
[Mote:9] Not reachable yet
[Mote:3] Sensor IPv6 = fe80::203:3:3:3
[Mote:11] Not reachable yet
[Mote:12] Sensor IPv6 = fe80::20c:c:c:c
[Mote:1] {"node":"fd00::20c:c:c:c", "cpu_energy_mj":19, "lpm_energy_mj":0, "radio_tx_energy_mj":0, "radio_rx_energy_mj":8, "total_energy_mj":27, "node_time":1419320, "total_sent":81, "total_received":124, "bytes_tx":60, "bytes_rx":12, "r2n_latency":24, "lqi":100, "rssi":-87, "server_sent":139, "server_received":149, "server_bytes_rx":60, "n2r_latency":70, "hops":0, "rtt_latency":1692, "root_time_now":1419390}
[Mote:6] Not reachable yet
[Mote:14] Not reachable yet
[Mote:15] Not reachable yet
[Mote:19] Not reachable yet
[Mote:17] Not reachable yet
[Mote:2] Not reachable yet
[Mote:18] Not reachable yet
[Mote:7] Not reachable yet
[Mote:16] Not reachable yet
[Mote:5] Not reachable yet
[Mote:4] Not reachable yet
[Mote:8] Sensor IPv6 = fe80::208:8:8:8
[Mote:10] Not reachable yet
[Mote:13] Not reachable yet
[Mote:11] Not reachable yet
[Mote:3] Sensor IPv6 = fe80::203:3:3:3
[Mote:9] Not reachable yet
[Mote:12] Not reachable yet
[Mote:17] Not reachable yet
[Mote:15] Not reachable yet
[Mote:14] Not reachable yet
[Mote:6] Not reachable yet
[Mote:19] Not reachable yet
[Mote:2] Not reachable yet
[Mote:1] {"node":"fd00::208:8:8:8", "cpu_energy_mj":18, "lpm_energy_mj":0, "radio_tx_energy_mj":0, "radio_rx_energy_mj":8, "total_energy_mj":26, "node_time":1425364, "total_sent":98, "total_received":134, "bytes_tx":60, "bytes_rx":12, "r2n_latency":454, "lqi":100, "rssi":-90, "server_sent":140, "server_received":203, "server_bytes_rx":60, "n2r_latency":7186, "hops":0, "rtt_latency":1972, "root_time_now":1432550}
[Mote:18] Not reachable yet
[Mote:16] Not reachable yet
[Mote:7] Not reachable yet
[Mote:4] Not reachable yet
[Mote:5] Not reachable yet
[Mote:8] Not reachable yet
[Mote:10] Not reachable yet
[Mote:13] Not reachable yet
[Mote:11] Not reachable yet
[Mote:3] Sensor IPv6 = fe80::203:3:3:3
[Mote:9] Not reachable yet
[Mote:12] Not reachable yet
[Mote:17] Not reachable yet
[Mote:15] Not reachable yet
[Mote:14] Not reachable yet
[Mote:6] Not reachable yet
[Mote:2] Not reachable yet
[Mote:19] Not reachable yet
[Mote:16] Not reachable yet
[Mote:18] Not reachable yet
[Mote:7] Not reachable yet
[Mote:4] Not reachable yet
[Mote:8] Not reachable yet
[Mote:5] Not reachable yet
[Mote:13] Not reachable yet
[Mote:10] Not reachable yet
[Mote:11] Not reachable yet
[Mote:3] Sensor IPv6 = fe80::203:3:3:3
[Mote:9] Not reachable yet
[Mote:17] Not reachable yet
[Mote:12] Not reachable yet
[Mote:15] Not reachable yet
[Mote:14] Not reachable yet
[Mote:2] Not reachable yet
[Mote:6] Not reachable yet
[Mote:19] Not reachable yet
[Mote:16] Not reachable yet
[Mote:18] Not reachable yet
[Mote:7] Not reachable yet
[Mote:4] Not reachable yet
[Mote:13] Not reachable yet
[Mote:8] Not reachable yet
[Mote:10] Not reachable yet
[Mote:5] Not reachable yet
[Mote:11] Not reachable yet
[Mote:3] Sensor IPv6 = fe80::203:3:3:3
[Mote:9] Not reachable yet
[Mote:17] Not reachable yet
[Mote:12] Not reachable yet
[Mote:15] Not reachable yet
[Mote:2] Not reachable yet
[Mote:14] Not reachable yet
[Mote:6] Not reachable yet
[Mote:19] Not reachable yet
[Mote:16] Not reachable yet
[Mote:18] Not reachable yet
[Mote:7] Not reachable yet
[Mote:13] Not reachable yet
[Mote:10] Not reachable yet
[Mote:4] Not reachable yet
[Mote:8] Not reachable yet
[Mote:11] Not reachable yet
[Mote:5] Not reachable yet
[Mote:3] Sensor IPv6 = fe80::203:3:3:3
[Mote:9] Not reachable yet
[Mote:17] Not reachable yet
[Mote:12] Not reachable yet
[Mote:15] Not reachable yet
[Mote:2] Not reachable yet
[Mote:14] Not reachable yet
[Mote:16] Not reachable yet
[Mote:6] Not reachable yet
[Mote:19] Not reachable yet
[Mote:18] Not reachable yet
[Mote:13] Not reachable yet
[Mote:7] Not reachable yet
[Mote:10] Not reachable yet
[Mote:11] Not reachable yet
[Mote:8] Not reachable yet
[Mote:4] Not reachable yet
[Mote:3] Sensor IPv6 = fe80::203:3:3:3
[Mote:5] Not reachable yet
[Mote:9] Not reachable yet
[Mote:17] Not reachable yet
[Mote:15] Not reachable yet
[Mote:12] Not reachable yet
[Mote:2] Not reachable yet
[Mote:16] Not reachable yet
[Mote:14] Not reachable yet
[Mote:6] Not reachable yet
[Mote:19] Not reachable yet
[Mote:13] Not reachable yet
[Mote:10] Not reachable yet
[Mote:18] Not reachable yet
[Mote:7] Not reachable yet
[Mote:11] Not reachable yet
[Mote:8] Not reachable yet
[Mote:4] Not reachable yet
[Mote:3] Sensor IPv6 = fe80::203:3:3:3
[Mote:5] Not reachable yet
[Mote:9] Not reachable yet
[Mote:17] Not reachable yet
[Mote:15] Not reachable yet
[Mote:16] Not reachable yet
[Mote:12] Not reachable yet
[Mote:2] Not reachable yet
[Mote:14] Not reachable yet
[Mote:6] Not reachable yet
[Mote:13] Not reachable yet
[Mote:19] Not reachable yet
[Mote:10] Not reachable yet
[Mote:11] Not reachable yet
[Mote:18] Not reachable yet
[Mote:7] Not reachable yet
[Mote:8] Not reachable yet
[Mote:4] Not reachable yet
[Mote:3] Sensor IPv6 = fe80::203:3:3:3
[Mote:5] Not reachable yet
[Mote:9] Not reachable yet
[Mote:17] Not reachable yet
[Mote:16] Not reachable yet
[Mote:15] Not reachable yet
[Mote:2] Not reachable yet
[Mote:12] Not reachable yet
[Mote:14] Not reachable yet
[Mote:13] Not reachable yet
[Mote:10] Not reachable yet
[Mote:6] Not reachable yet
[Mote:11] Not reachable yet
[Mote:19] Not reachable yet
[Mote:7] Not reachable yet
[Mote:18] Not reachable yet
[Mote:8] Not reachable yet
[Mote:3] Sensor IPv6 = fe80::203:3:3:3
[Mote:4] Not reachable yet
[Mote:5] Not reachable yet
[Mote:9] Not reachable yet
[Mote:17] Not reachable yet
[Mote:16] Not reachable yet
[Mote:15] Not reachable yet
[Mote:2] Not reachable yet
[Mote:12] Not reachable yet
[Mote:13] Not reachable yet
[Mote:14] Not reachable yet
[Mote:10] Not reachable yet
[Mote:11] Not reachable yet
[Mote:6] Not reachable yet
[Mote:7] Not reachable yet
[Mote:18] Not reachable yet
[Mote:19] Not reachable yet
[Mote:3] Sensor IPv6 = fe80::203:3:3:3
[Mote:8] Not reachable yet
[Mote:4] Not reachable yet
[Mote:5] Not reachable yet
[Mote:9] Not reachable yet
[Mote:17] Not reachable yet
[Mote:16] Not reachable yet
[Mote:15] Not reachable yet
[Mote:2] Not reachable yet
[Mote:13] Not reachable yet
[Mote:12] Not reachable yet
[Mote:10] Not reachable yet
[Mote:11] Not reachable yet
[Mote:14] Not reachable yet
[Mote:7] Not reachable yet
[Mote:18] Not reachable yet
[Mote:3] Sensor IPv6 = fe80::203:3:3:3
[Mote:6] Not reachable yet
[Mote:8] Not reachable yet
[Mote:19] Not reachable yet
[Mote:4] Not reachable yet
[Mote:5] Not reachable yet
[Mote:9] Not reachable yet
[Mote:17] Not reachable yet
[Mote:16] Not reachable yet
[Mote:15] Not reachable yet
[Mote:2] Not reachable yet
[Mote:13] Not reachable yet
[Mote:10] Not reachable yet
[Mote:12] Not reachable yet
[Mote:11] Not reachable yet
[Mote:14] Not reachable yet
[Mote:7] Sensor IPv6 = fe80::207:7:7:7
[Mote:3] Sensor IPv6 = fe80::203:3:3:3
[Mote:18] Not reachable yet
[Mote:8] Not reachable yet
[Mote:6] Not reachable yet
[Mote:4] Not reachable yet
[Mote:19] Not reachable yet
[Mote:1] {"node":"fd00::207:7:7:7", "cpu_energy_mj":395, "lpm_energy_mj":0, "radio_tx_energy_mj":5, "radio_rx_energy_mj":1253, "total_energy_mj":1653, "node_time":1539977, "total_sent":72, "total_received":141, "bytes_tx":60, "bytes_rx":12, "r2n_latency":774, "lqi":100, "rssi":-89, "server_sent":150, "server_received":145, "server_bytes_rx":60, "n2r_latency":2753, "hops":0, "rtt_latency":2242, "root_time_now":1542730}
[Mote:5] Not reachable yet
[Mote:17] Not reachable yet
[Mote:9] Not reachable yet
[Mote:16] Not reachable yet
[Mote:15] Not reachable yet
[Mote:13] Not reachable yet
[Mote:2] Not reachable yet
[Mote:10] Not reachable yet
[Mote:11] Not reachable yet
[Mote:12] Not reachable yet
[Mote:14] Not reachable yet
[Mote:3] Sensor IPv6 = fe80::203:3:3:3
[Mote:7] Sensor IPv6 = fe80::207:7:7:7
[Mote:18] Not reachable yet
[Mote:8] Not reachable yet
[Mote:4] Not reachable yet
[Mote:6] Not reachable yet
[Mote:19] Not reachable yet
[Mote:1] {"node":"fd00::207:7:7:7", "cpu_energy_mj":18, "lpm_energy_mj":0, "radio_tx_energy_mj":0, "radio_rx_energy_mj":8, "total_energy_mj":26, "node_time":1550455, "total_sent":73, "total_received":142, "bytes_tx":60, "bytes_rx":12, "r2n_latency":1275, "lqi":100, "rssi":-89, "server_sent":151, "server_received":147, "server_bytes_rx":60, "n2r_latency":2215, "hops":0, "rtt_latency":1407, "root_time_now":1552670}
[Mote:17] Not reachable yet
[Mote:9] Not reachable yet
[Mote:5] Not reachable yet
[Mote:16] Not reachable yet
[Mote:15] Not reachable yet
[Mote:13] Not reachable yet
[Mote:2] Not reachable yet
[Mote:11] Not reachable yet
[Mote:10] Not reachable yet
[Mote:12] Not reachable yet
[Mote:3] Sensor IPv6 = fe80::203:3:3:3
[Mote:14] Not reachable yet
[Mote:7] Sensor IPv6 = fe80::207:7:7:7
[Mote:18] Not reachable yet
[Mote:8] Not reachable yet
[Mote:4] Not reachable yet
[Mote:6] Not reachable yet
[Mote:19] Not reachable yet
[Mote:1] {"node":"fd00::207:7:7:7", "cpu_energy_mj":18, "lpm_energy_mj":0, "radio_tx_energy_mj":0, "radio_rx_energy_mj":8, "total_energy_mj":26, "node_time":1560929, "total_sent":74, "total_received":144, "bytes_tx":60, "bytes_rx":12, "r2n_latency":525, "lqi":100, "rssi":-89, "server_sent":152, "server_received":150, "server_bytes_rx":60, "n2r_latency":2731, "hops":0, "rtt_latency":1802, "root_time_now":1563660}
[Mote:17] Not reachable yet
[Mote:9] Not reachable yet
[Mote:5] Not reachable yet
[Mote:16] Not reachable yet
[Mote:13] Not reachable yet
[Mote:15] Not reachable yet
[Mote:11] Not reachable yet
[Mote:10] Not reachable yet
[Mote:2] Not reachable yet
[Mote:3] Sensor IPv6 = fe80::203:3:3:3
[Mote:12] Not reachable yet
[Mote:7] Sensor IPv6 = fe80::207:7:7:7
[Mote:14] Not reachable yet
[Mote:18] Not reachable yet
[Mote:8] Not reachable yet
[Mote:4] Not reachable yet
[Mote:6] Not reachable yet
[Mote:1] {"node":"fd00::207:7:7:7", "cpu_energy_mj":18, "lpm_energy_mj":0, "radio_tx_energy_mj":0, "radio_rx_energy_mj":8, "total_energy_mj":26, "node_time":1571405, "total_sent":75, "total_received":145, "bytes_tx":60, "bytes_rx":12, "r2n_latency":253, "lqi":100, "rssi":-89, "server_sent":153, "server_received":152, "server_bytes_rx":60, "n2r_latency":2335, "hops":0, "rtt_latency":1841, "root_time_now":1573740}
[Mote:19] Not reachable yet
[Mote:17] Not reachable yet
[Mote:16] Not reachable yet
[Mote:9] Not reachable yet
[Mote:5] Not reachable yet
[Mote:13] Not reachable yet
[Mote:15] Not reachable yet
[Mote:11] Not reachable yet
[Mote:10] Not reachable yet
[Mote:2] Not reachable yet
[Mote:3] Sensor IPv6 = fe80::203:3:3:3
[Mote:12] Not reachable yet
[Mote:7] Sensor IPv6 = fe80::207:7:7:7
[Mote:14] Not reachable yet
[Mote:18] Not reachable yet
[Mote:8] Not reachable yet
[Mote:1] {"node":"fd00::207:7:7:7", "cpu_energy_mj":18, "lpm_energy_mj":0, "radio_tx_energy_mj":0, "radio_rx_energy_mj":8, "total_energy_mj":26, "node_time":1581881, "total_sent":76, "total_received":146, "bytes_tx":60, "bytes_rx":12, "r2n_latency":124, "lqi":100, "rssi":-89, "server_sent":154, "server_received":154, "server_bytes_rx":60, "n2r_latency":959, "hops":0, "rtt_latency":1392, "root_time_now":1582840}
[Mote:4] Not reachable yet
[Mote:17] Not reachable yet
[Mote:6] Not reachable yet
[Mote:19] Not reachable yet
[Mote:16] Not reachable yet
[Mote:9] Not reachable yet
[Mote:5] Not reachable yet
[Mote:13] Not reachable yet
[Mote:11] Not reachable yet
[Mote:10] Not reachable yet
[Mote:15] Not reachable yet
[Mote:2] Not reachable yet
[Mote:3] Sensor IPv6 = fe80::203:3:3:3
[Mote:7] Sensor IPv6 = fe80::207:7:7:7
[Mote:12] Not reachable yet
[Mote:14] Not reachable yet
[Mote:18] Not reachable yet
[Mote:8] Not reachable yet
[Mote:1] {"node":"fd00::207:7:7:7", "cpu_energy_mj":18, "lpm_energy_mj":0, "radio_tx_energy_mj":0, "radio_rx_energy_mj":8, "total_energy_mj":26, "node_time":1592357, "total_sent":77, "total_received":147, "bytes_tx":60, "bytes_rx":12, "r2n_latency":624, "lqi":100, "rssi":-89, "server_sent":155, "server_received":156, "server_bytes_rx":60, "n2r_latency":1263, "hops":0, "rtt_latency":1187, "root_time_now":1593620}
[Mote:4] Not reachable yet
[Mote:17] Not reachable yet
[Mote:16] Not reachable yet
[Mote:6] Not reachable yet
[Mote:19] Not reachable yet
[Mote:9] Not reachable yet
[Mote:5] Not reachable yet
[Mote:13] Not reachable yet
[Mote:11] Not reachable yet
[Mote:10] Not reachable yet
[Mote:15] Not reachable yet
[Mote:2] Not reachable yet
[Mote:3] Sensor IPv6 = fe80::203:3:3:3
[Mote:7] Sensor IPv6 = fe80::207:7:7:7
[Mote:1] {"node":"fd00::207:7:7:7", "cpu_energy_mj":18, "lpm_energy_mj":0, "radio_tx_energy_mj":0, "radio_rx_energy_mj":8, "total_energy_mj":26, "node_time":1602833, "total_sent":78, "total_received":148, "bytes_tx":60, "bytes_rx":12, "r2n_latency":495, "lqi":100, "rssi":-89, "server_sent":156, "server_received":158, "server_bytes_rx":60, "n2r_latency":97, "hops":0, "rtt_latency":1437, "root_time_now":1602930}
[Mote:12] Not reachable yet
[Mote:18] Not reachable yet
[Mote:8] Not reachable yet
[Mote:14] Not reachable yet
[Mote:4] Not reachable yet
[Mote:17] Not reachable yet
[Mote:16] Not reachable yet
[Mote:6] Not reachable yet
[Mote:19] Not reachable yet
[Mote:9] Not reachable yet
[Mote:5] Not reachable yet
[Mote:13] Not reachable yet
[Mote:11] Not reachable yet
[Mote:10] Not reachable yet
[Mote:15] Not reachable yet
[Mote:2] Not reachable yet
[Mote:3] Sensor IPv6 = fe80::203:3:3:3
[Mote:7] Sensor IPv6 = fe80::207:7:7:7
[Mote:8] Not reachable yet
[Mote:18] Not reachable yet
[Mote:12] Not reachable yet
[Mote:14] Not reachable yet
[Mote:4] Not reachable yet
[Mote:17] Not reachable yet
[Mote:16] Not reachable yet
[Mote:6] Not reachable yet
[Mote:19] Not reachable yet
[Mote:9] Not reachable yet
[Mote:13] Not reachable yet
[Mote:1] {"node":"fd00::207:7:7:7", "cpu_energy_mj":18, "lpm_energy_mj":0, "radio_tx_energy_mj":0, "radio_rx_energy_mj":8, "total_energy_mj":26, "node_time":1613309, "total_sent":79, "total_received":149, "bytes_tx":60, "bytes_rx":12, "r2n_latency":295, "lqi":100, "rssi":-89, "server_sent":157, "server_received":159, "server_bytes_rx":60, "n2r_latency":5791, "hops":0, "rtt_latency":1437, "root_time_now":1619100}
[Mote:5] Not reachable yet
[Mote:11] Not reachable yet
[Mote:10] Not reachable yet
[Mote:15] Not reachable yet
[Mote:2] Not reachable yet
[Mote:3] Sensor IPv6 = fe80::203:3:3:3
[Mote:7] Not reachable yet
[Mote:8] Not reachable yet
[Mote:18] Not reachable yet
[Mote:12] Not reachable yet
[Mote:14] Not reachable yet
[Mote:17] Not reachable yet
[Mote:16] Not reachable yet
[Mote:4] Not reachable yet
[Mote:9] Not reachable yet
[Mote:6] Not reachable yet
[Mote:19] Not reachable yet
[Mote:13] Not reachable yet
[Mote:11] Not reachable yet
[Mote:5] Not reachable yet
[Mote:10] Not reachable yet
[Mote:15] Not reachable yet
[Mote:2] Not reachable yet
[Mote:3] Sensor IPv6 = fe80::203:3:3:3
[Mote:7] Not reachable yet
[Mote:8] Not reachable yet
[Mote:18] Not reachable yet
[Mote:16] Not reachable yet
[Mote:17] Not reachable yet
[Mote:12] Not reachable yet
[Mote:14] Not reachable yet
[Mote:4] Not reachable yet
[Mote:13] Not reachable yet
[Mote:9] Not reachable yet
[Mote:6] Not reachable yet
[Mote:19] Not reachable yet
[Mote:11] Not reachable yet
[Mote:10] Not reachable yet
[Mote:5] Not reachable yet
[Mote:15] Not reachable yet
[Mote:2] Not reachable yet
[Mote:3] Sensor IPv6 = fe80::203:3:3:3
[Mote:7] Not reachable yet
[Mote:16] Not reachable yet
[Mote:8] Not reachable yet
[Mote:18] Not reachable yet
[Mote:17] Not reachable yet
[Mote:4] Not reachable yet
[Mote:14] Not reachable yet
[Mote:12] Not reachable yet
[Mote:13] Not reachable yet
[Mote:9] Not reachable yet
[Mote:11] Not reachable yet
[Mote:6] Not reachable yet
[Mote:19] Not reachable yet
[Mote:10] Not reachable yet
[Mote:5] Not reachable yet
[Mote:15] Not reachable yet
[Mote:3] Sensor IPv6 = fe80::203:3:3:3
[Mote:2] Not reachable yet
[Mote:7] Not reachable yet
[Mote:16] Not reachable yet
[Mote:8] Not reachable yet
[Mote:17] Not reachable yet
[Mote:18] Not reachable yet
[Mote:4] Not reachable yet
[Mote:14] Not reachable yet
[Mote:12] Sensor IPv6 = fe80::20c:c:c:c
[Mote:1] {"node":"fd00::20c:c:c:c", "cpu_energy_mj":428, "lpm_energy_mj":0, "radio_tx_energy_mj":3, "radio_rx_energy_mj":407, "total_energy_mj":838, "node_time":1657646, "total_sent":82, "total_received":147, "bytes_tx":60, "bytes_rx":12, "r2n_latency":54, "lqi":100, "rssi":-87, "server_sent":163, "server_received":151, "server_bytes_rx":60, "n2r_latency":24, "hops":0, "rtt_latency":2687, "root_time_now":1657670}
[Mote:13] Not reachable yet
[Mote:9] Not reachable yet
[Mote:11] Not reachable yet
[Mote:10] Not reachable yet
[Mote:6] Not reachable yet
[Mote:19] Not reachable yet
[Mote:5] Not reachable yet
[Mote:15] Not reachable yet
[Mote:3] Sensor IPv6 = fe80::203:3:3:3
[Mote:2] Not reachable yet
[Mote:16] Not reachable yet
[Mote:7] Not reachable yet
[Mote:17] Not reachable yet
[Mote:8] Not reachable yet
[Mote:18] Not reachable yet
[Mote:4] Not reachable yet
[Mote:14] Not reachable yet
[Mote:12] Sensor IPv6 = fe80::20c:c:c:c
[Mote:1] {"node":"fd00::20c:c:c:c", "cpu_energy_mj":19, "lpm_energy_mj":0, "radio_tx_energy_mj":0, "radio_rx_energy_mj":8, "total_energy_mj":27, "node_time":1668481, "total_sent":83, "total_received":148, "bytes_tx":60, "bytes_rx":12, "r2n_latency":64, "lqi":100, "rssi":-87, "server_sent":164, "server_received":153, "server_bytes_rx":60, "n2r_latency":39, "hops":0, "rtt_latency":1572, "root_time_now":1668520}
[Mote:13] Not reachable yet
[Mote:11] Not reachable yet
[Mote:9] Not reachable yet
[Mote:10] Not reachable yet
[Mote:6] Not reachable yet
[Mote:19] Not reachable yet
[Mote:5] Not reachable yet
[Mote:3] Sensor IPv6 = fe80::203:3:3:3
[Mote:15] Not reachable yet
[Mote:2] Not reachable yet
[Mote:16] Not reachable yet
[Mote:7] Not reachable yet
[Mote:17] Not reachable yet
[Mote:8] Not reachable yet
[Mote:18] Not reachable yet
[Mote:4] Not reachable yet
[Mote:14] Not reachable yet
[Mote:13] Not reachable yet
[Mote:12] Not reachable yet
[Mote:11] Not reachable yet
[Mote:10] Not reachable yet
[Mote:9] Not reachable yet
[Mote:6] Not reachable yet
[Mote:19] Not reachable yet
[Mote:3] Sensor IPv6 = fe80::203:3:3:3
[Mote:5] Not reachable yet
[Mote:15] Not reachable yet
[Mote:2] Not reachable yet
[Mote:16] Not reachable yet
[Mote:7] Not reachable yet
[Mote:17] Not reachable yet
[Mote:8] Not reachable yet
[Mote:18] Not reachable yet
[Mote:4] Not reachable yet
[Mote:13] Not reachable yet
[Mote:14] Not reachable yet
[Mote:12] Not reachable yet
[Mote:11] Not reachable yet
[Mote:10] Not reachable yet
[Mote:9] Not reachable yet
[Mote:6] Not reachable yet
[Mote:3] Sensor IPv6 = fe80::203:3:3:3
[Mote:19] Not reachable yet
[Mote:15] Not reachable yet
[Mote:5] Not reachable yet
[Mote:2] Not reachable yet
[Mote:16] Not reachable yet
[Mote:17] Not reachable yet
[Mote:7] Not reachable yet
[Mote:8] Sensor IPv6 = fe80::208:8:8:8
[Mote:1] {"node":"fd00::208:8:8:8", "cpu_energy_mj":490, "lpm_energy_mj":0, "radio_tx_energy_mj":14, "radio_rx_energy_mj":1308, "total_energy_mj":1812, "node_time":1697922, "total_sent":99, "total_received":160, "bytes_tx":60, "bytes_rx":12, "r2n_latency":5484, "lqi":100, "rssi":-90, "server_sent":166, "server_received":210, "server_bytes_rx":60, "n2r_latency":68, "hops":0, "rtt_latency":2917, "root_time_now":1697990}
[Mote:18] Not reachable yet
[Mote:4] Not reachable yet
[Mote:13] Not reachable yet
[Mote:11] Not reachable yet
[Mote:14] Not reachable yet
[Mote:12] Not reachable yet
[Mote:10] Not reachable yet
[Mote:9] Not reachable yet
[Mote:3] Sensor IPv6 = fe80::203:3:3:3
[Mote:6] Not reachable yet
[Mote:19] Not reachable yet
[Mote:15] Not reachable yet
[Mote:5] Not reachable yet
[Mote:16] Not reachable yet
[Mote:2] Not reachable yet
[Mote:17] Not reachable yet
[Mote:7] Not reachable yet
[Mote:8] Sensor IPv6 = fe80::208:8:8:8
[Mote:1] {"node":"fd00::208:8:8:8", "cpu_energy_mj":18, "lpm_energy_mj":0, "radio_tx_energy_mj":0, "radio_rx_energy_mj":8, "total_energy_mj":26, "node_time":1708405, "total_sent":100, "total_received":161, "bytes_tx":60, "bytes_rx":12, "r2n_latency":5844, "lqi":100, "rssi":-90, "server_sent":167, "server_received":212, "server_bytes_rx":60, "n2r_latency":15, "hops":0, "rtt_latency":3237, "root_time_now":1708420}
[Mote:18] Not reachable yet
[Mote:13] Not reachable yet
[Mote:4] Not reachable yet
[Mote:11] Not reachable yet
[Mote:14] Not reachable yet
[Mote:10] Not reachable yet
[Mote:12] Not reachable yet
[Mote:9] Not reachable yet
[Mote:3] Sensor IPv6 = fe80::203:3:3:3
[Mote:15] Not reachable yet
[Mote:6] Not reachable yet
[Mote:16] Not reachable yet
[Mote:19] Not reachable yet
[Mote:5] Not reachable yet
[Mote:2] Not reachable yet
[Mote:17] Not reachable yet
[Mote:7] Not reachable yet
[Mote:8] Sensor IPv6 = fe80::208:8:8:8
[Mote:1] {"node":"fd00::208:8:8:8", "cpu_energy_mj":18, "lpm_energy_mj":0, "radio_tx_energy_mj":0, "radio_rx_energy_mj":8, "total_energy_mj":26, "node_time":1718888, "total_sent":101, "total_received":162, "bytes_tx":60, "bytes_rx":12, "r2n_latency":2144, "lqi":100, "rssi":-90, "server_sent":168, "server_received":214, "server_bytes_rx":60, "n2r_latency":102, "hops":0, "rtt_latency":1177, "root_time_now":1718990}
[Mote:18] Not reachable yet
[Mote:13] Not reachable yet
[Mote:4] Not reachable yet
[Mote:11] Not reachable yet
[Mote:10] Not reachable yet
[Mote:14] Not reachable yet
[Mote:12] Not reachable yet
[Mote:9] Not reachable yet
[Mote:3] Sensor IPv6 = fe80::203:3:3:3
[Mote:16] Not reachable yet
[Mote:15] Not reachable yet
[Mote:6] Not reachable yet
[Mote:2] Not reachable yet
[Mote:19] Not reachable yet
[Mote:5] Not reachable yet
[Mote:17] Not reachable yet
[Mote:7] Not reachable yet
[Mote:8] Sensor IPv6 = fe80::208:8:8:8
[Mote:1] {"node":"fd00::208:8:8:8", "cpu_energy_mj":18, "lpm_energy_mj":0, "radio_tx_energy_mj":0, "radio_rx_energy_mj":8, "total_energy_mj":26, "node_time":1729371, "total_sent":102, "total_received":163, "bytes_tx":60, "bytes_rx":12, "r2n_latency":4535, "lqi":100, "rssi":-90, "server_sent":169, "server_received":216, "server_bytes_rx":60, "n2r_latency":49, "hops":0, "rtt_latency":2862, "root_time_now":1729420}
[Mote:13] Not reachable yet
[Mote:18] Not reachable yet
[Mote:11] Not reachable yet
[Mote:4] Not reachable yet
[Mote:10] Not reachable yet
[Mote:14] Not reachable yet
[Mote:12] Not reachable yet
[Mote:9] Not reachable yet
[Mote:3] Sensor IPv6 = fe80::203:3:3:3
[Mote:16] Not reachable yet
[Mote:15] Not reachable yet
[Mote:2] Not reachable yet
[Mote:6] Not reachable yet
[Mote:17] Not reachable yet
[Mote:5] Not reachable yet
[Mote:19] Not reachable yet
[Mote:7] Not reachable yet
[Mote:8] Sensor IPv6 = fe80::208:8:8:8
[Mote:1] {"node":"fd00::208:8:8:8", "cpu_energy_mj":18, "lpm_energy_mj":0, "radio_tx_energy_mj":0, "radio_rx_energy_mj":8, "total_energy_mj":26, "node_time":1739854, "total_sent":103, "total_received":164, "bytes_tx":60, "bytes_rx":12, "r2n_latency":274, "lqi":100, "rssi":-90, "server_sent":170, "server_received":218, "server_bytes_rx":60, "n2r_latency":66, "hops":0, "rtt_latency":2027, "root_time_now":1739920}
[Mote:13] Not reachable yet
[Mote:18] Not reachable yet
[Mote:11] Not reachable yet
[Mote:4] Not reachable yet
[Mote:10] Not reachable yet
[Mote:14] Not reachable yet
[Mote:12] Not reachable yet
[Mote:9] Not reachable yet
[Mote:3] Sensor IPv6 = fe80::203:3:3:3
[Mote:16] Not reachable yet
[Mote:15] Not reachable yet
[Mote:2] Not reachable yet
[Mote:17] Not reachable yet
[Mote:6] Not reachable yet
[Mote:5] Not reachable yet
[Mote:19] Not reachable yet
[Mote:7] Sensor IPv6 = fe80::207:7:7:7
[Mote:1] {"node":"fd00::207:7:7:7", "cpu_energy_mj":245, "lpm_energy_mj":0, "radio_tx_energy_mj":3, "radio_rx_energy_mj":178, "total_energy_mj":426, "node_time":1749497, "total_sent":80, "total_received":162, "bytes_tx":60, "bytes_rx":12, "r2n_latency":706, "lqi":100, "rssi":-89, "server_sent":170, "server_received":160, "server_bytes_rx":60, "n2r_latency":223, "hops":0, "rtt_latency":1437, "root_time_now":1749720}
[Mote:13] Not reachable yet
[Mote:8] Sensor IPv6 = fe80::208:8:8:8
[Mote:11] Not reachable yet
[Mote:18] Not reachable yet
[Mote:4] Not reachable yet
[Mote:10] Not reachable yet
[Mote:1] {"node":"fd00::208:8:8:8", "cpu_energy_mj":18, "lpm_energy_mj":0, "radio_tx_energy_mj":0, "radio_rx_energy_mj":8, "total_energy_mj":26, "node_time":1750339, "total_sent":104, "total_received":165, "bytes_tx":60, "bytes_rx":12, "r2n_latency":4276, "lqi":100, "rssi":-90, "server_sent":172, "server_received":220, "server_bytes_rx":60, "n2r_latency":2391, "hops":0, "rtt_latency":2593, "root_time_now":1752730}
[Mote:14] Not reachable yet
[Mote:9] Not reachable yet
[Mote:12] Not reachable yet
[Mote:3] Sensor IPv6 = fe80::203:3:3:3
[Mote:16] Not reachable yet
[Mote:15] Not reachable yet
[Mote:17] Not reachable yet
[Mote:2] Not reachable yet
[Mote:5] Not reachable yet
[Mote:6] Not reachable yet
[Mote:19] Not reachable yet
[Mote:7] Sensor IPv6 = fe80::207:7:7:7
[Mote:13] Not reachable yet
[Mote:8] Sensor IPv6 = fe80::208:8:8:8
[Mote:1] {"node":"fd00::208:8:8:8", "cpu_energy_mj":18, "lpm_energy_mj":0, "radio_tx_energy_mj":1, "radio_rx_energy_mj":8, "total_energy_mj":27, "node_time":1760822, "total_sent":105, "total_received":166, "bytes_tx":60, "bytes_rx":12, "r2n_latency":784, "lqi":100, "rssi":-90, "server_sent":173, "server_received":222, "server_bytes_rx":60, "n2r_latency":98, "hops":0, "rtt_latency":1407, "root_time_now":1760920}
[Mote:11] Not reachable yet
[Mote:18] Not reachable yet
[Mote:10] Not reachable yet
[Mote:4] Not reachable yet
[Mote:1] {"node":"fd00::207:7:7:7", "cpu_energy_mj":18, "lpm_energy_mj":0, "radio_tx_energy_mj":0, "radio_rx_energy_mj":8, "total_energy_mj":26, "node_time":1759975, "total_sent":81, "total_received":163, "bytes_tx":60, "bytes_rx":12, "r2n_latency":574, "lqi":100, "rssi":-89, "server_sent":172, "server_received":162, "server_bytes_rx":60, "n2r_latency":4305, "hops":0, "rtt_latency":1862, "root_time_now":1764280}
[Mote:14] Not reachable yet
[Mote:9] Not reachable yet
[Mote:16] Not reachable yet
[Mote:3] Sensor IPv6 = fe80::203:3:3:3
[Mote:12] Not reachable yet
[Mote:15] Not reachable yet
[Mote:17] Not reachable yet
[Mote:2] Not reachable yet
[Mote:5] Not reachable yet
[Mote:13] Not reachable yet
[Mote:6] Not reachable yet
[Mote:7] Sensor IPv6 = fe80::207:7:7:7
[Mote:19] Not reachable yet
[Mote:8] Sensor IPv6 = fe80::208:8:8:8
[Mote:11] Not reachable yet
[Mote:18] Not reachable yet
[Mote:10] Not reachable yet
[Mote:4] Not reachable yet
[Mote:16] Not reachable yet
[Mote:14] Not reachable yet
[Mote:3] Sensor IPv6 = fe80::203:3:3:3
[Mote:9] Not reachable yet
[Mote:1] {"node":"fd00::208:8:8:8", "cpu_energy_mj":18, "lpm_energy_mj":0, "radio_tx_energy_mj":0, "radio_rx_energy_mj":8, "total_energy_mj":26, "node_time":1771303, "total_sent":106, "total_received":168, "bytes_tx":60, "bytes_rx":12, "r2n_latency":453, "lqi":100, "rssi":-90, "server_sent":174, "server_received":224, "server_bytes_rx":60, "n2r_latency":5087, "hops":0, "rtt_latency":2742, "root_time_now":1776390}
[Mote:12] Not reachable yet
[Mote:17] Not reachable yet
[Mote:15] Not reachable yet
[Mote:2] Not reachable yet
[Mote:13] Not reachable yet
[Mote:7] Not reachable yet
[Mote:5] Not reachable yet
[Mote:6] Not reachable yet
[Mote:11] Not reachable yet
[Mote:19] Not reachable yet
[Mote:8] Not reachable yet
[Mote:18] Not reachable yet
[Mote:10] Not reachable yet
[Mote:4] Not reachable yet
[Mote:16] Not reachable yet
[Mote:3] Sensor IPv6 = fe80::203:3:3:3
[Mote:14] Not reachable yet
[Mote:9] Not reachable yet
[Mote:12] Not reachable yet
[Mote:17] Not reachable yet
[Mote:15] Not reachable yet
[Mote:2] Not reachable yet
[Mote:13] Not reachable yet
[Mote:7] Not reachable yet
[Mote:11] Not reachable yet
[Mote:5] Not reachable yet
[Mote:6] Not reachable yet
[Mote:8] Not reachable yet
[Mote:19] Not reachable yet
[Mote:10] Not reachable yet
[Mote:18] Not reachable yet
[Mote:4] Not reachable yet
[Mote:16] Not reachable yet
[Mote:3] Sensor IPv6 = fe80::203:3:3:3
[Mote:9] Not reachable yet
[Mote:14] Not reachable yet
[Mote:12] Not reachable yet
[Mote:17] Not reachable yet
[Mote:15] Not reachable yet
[Mote:13] Not reachable yet
[Mote:2] Not reachable yet
[Mote:11] Not reachable yet
[Mote:7] Not reachable yet
[Mote:5] Not reachable yet
[Mote:8] Not reachable yet
[Mote:6] Not reachable yet
[Mote:10] Not reachable yet
[Mote:19] Not reachable yet
[Mote:18] Not reachable yet
[Mote:4] Not reachable yet
[Mote:16] Not reachable yet
[Mote:3] Sensor IPv6 = fe80::203:3:3:3
[Mote:9] Not reachable yet
[Mote:14] Not reachable yet
[Mote:12] Not reachable yet
[Mote:17] Not reachable yet
[Mote:15] Not reachable yet
[Mote:13] Not reachable yet
[Mote:2] Not reachable yet
[Mote:11] Not reachable yet
[Mote:7] Not reachable yet
[Mote:8] Not reachable yet
[Mote:5] Not reachable yet
[Mote:10] Not reachable yet
[Mote:6] Not reachable yet
[Mote:19] Not reachable yet
[Mote:18] Not reachable yet
[Mote:4] Not reachable yet
[Mote:16] Not reachable yet
[Mote:3] Sensor IPv6 = fe80::203:3:3:3
[Mote:9] Not reachable yet
[Mote:14] Not reachable yet
[Mote:17] Not reachable yet
[Mote:12] Not reachable yet
[Mote:13] Not reachable yet
[Mote:15] Not reachable yet
[Mote:2] Not reachable yet
[Mote:11] Not reachable yet
[Mote:7] Not reachable yet
[Mote:10] Not reachable yet
[Mote:8] Not reachable yet
[Mote:5] Not reachable yet
[Mote:6] Not reachable yet
[Mote:18] Not reachable yet
[Mote:19] Not reachable yet
[Mote:16] Not reachable yet
[Mote:4] Not reachable yet
[Mote:3] Sensor IPv6 = fe80::203:3:3:3
[Mote:9] Not reachable yet
[Mote:14] Not reachable yet
[Mote:17] Not reachable yet
[Mote:13] Not reachable yet
[Mote:12] Not reachable yet
[Mote:15] Not reachable yet
[Mote:11] Not reachable yet
[Mote:2] Not reachable yet
[Mote:7] Not reachable yet
[Mote:10] Not reachable yet
[Mote:8] Not reachable yet
[Mote:5] Not reachable yet
[Mote:18] Not reachable yet
[Mote:6] Not reachable yet
[Mote:16] Not reachable yet
[Mote:19] Not reachable yet
[Mote:4] Not reachable yet
[Mote:3] Sensor IPv6 = fe80::203:3:3:3
[Mote:9] Not reachable yet
[Mote:17] Not reachable yet
[Mote:14] Not reachable yet
[Mote:13] Not reachable yet
[Mote:12] Not reachable yet
[Mote:15] Not reachable yet
[Mote:11] Not reachable yet
[Mote:2] Not reachable yet
[Mote:7] Not reachable yet
[Mote:10] Not reachable yet
[Mote:8] Not reachable yet
[Mote:5] Not reachable yet
[Mote:16] Not reachable yet
[Mote:18] Not reachable yet
[Mote:6] Not reachable yet
[Mote:19] Not reachable yet
[Mote:4] Not reachable yet
[Mote:3] Sensor IPv6 = fe80::203:3:3:3
[Mote:17] Not reachable yet
[Mote:9] Not reachable yet
[Mote:13] Not reachable yet
[Mote:14] Not reachable yet
[Mote:11] Not reachable yet
[Mote:15] Not reachable yet
[Mote:12] Not reachable yet
[Mote:2] Not reachable yet
[Mote:10] Not reachable yet
[Mote:7] Not reachable yet
[Mote:8] Not reachable yet
[Mote:16] Not reachable yet
[Mote:5] Not reachable yet
[Mote:18] Not reachable yet
[Mote:6] Not reachable yet
[Mote:4] Not reachable yet
[Mote:19] Not reachable yet
[Mote:3] Sensor IPv6 = fe80::203:3:3:3
[Mote:17] Not reachable yet
[Mote:9] Not reachable yet
[Mote:13] Not reachable yet
[Mote:14] Not reachable yet
[Mote:11] Not reachable yet
[Mote:15] Not reachable yet
[Mote:12] Not reachable yet
[Mote:2] Not reachable yet
[Mote:10] Not reachable yet
[Mote:7] Not reachable yet
[Mote:8] Not reachable yet
[Mote:16] Not reachable yet
[Mote:18] Not reachable yet
[Mote:5] Not reachable yet
[Mote:4] Not reachable yet
[Mote:3] Sensor IPv6 = fe80::203:3:3:3
[Mote:6] Not reachable yet
[Mote:19] Not reachable yet
[Mote:17] Not reachable yet
[Mote:9] Not reachable yet
[Mote:13] Not reachable yet
[Mote:11] Not reachable yet
[Mote:14] Not reachable yet
[Mote:15] Not reachable yet
[Mote:12] Not reachable yet
[Mote:2] Not reachable yet
[Mote:10] Not reachable yet
[Mote:7] Not reachable yet
[Mote:8] Not reachable yet
[Mote:16] Not reachable yet
[Mote:18] Not reachable yet
[Mote:5] Not reachable yet
[Mote:3] Sensor IPv6 = fe80::203:3:3:3
[Mote:4] Not reachable yet
[Mote:6] Not reachable yet
[Mote:19] Not reachable yet
[Mote:17] Not reachable yet
[Mote:13] Not reachable yet
[Mote:9] Not reachable yet
[Mote:11] Not reachable yet
[Mote:14] Not reachable yet
[Mote:15] Not reachable yet
[Mote:10] Not reachable yet
[Mote:2] Not reachable yet
[Mote:12] Not reachable yet
[Mote:7] Not reachable yet
[Mote:16] Not reachable yet
[Mote:8] Not reachable yet
[Mote:18] Not reachable yet
[Mote:5] Not reachable yet
[Mote:3] Sensor IPv6 = fe80::203:3:3:3
[Mote:4] Not reachable yet
[Mote:6] Not reachable yet
[Mote:19] Not reachable yet
[Mote:17] Not reachable yet
[Mote:13] Not reachable yet
[Mote:9] Not reachable yet
[Mote:11] Not reachable yet
[Mote:14] Not reachable yet
[Mote:15] Not reachable yet
[Mote:10] Not reachable yet
[Mote:2] Not reachable yet
[Mote:12] Not reachable yet
[Mote:7] Not reachable yet
[Mote:16] Not reachable yet
[Mote:8] Not reachable yet
[Mote:18] Not reachable yet
[Mote:3] Sensor IPv6 = fe80::203:3:3:3
[Mote:5] Not reachable yet
[Mote:4] Not reachable yet
[Mote:17] Not reachable yet
[Mote:6] Not reachable yet
[Mote:13] Not reachable yet
[Mote:19] Not reachable yet
[Mote:11] Not reachable yet
[Mote:9] Not reachable yet
[Mote:15] Not reachable yet
[Mote:14] Not reachable yet
[Mote:10] Not reachable yet
[Mote:2] Not reachable yet
[Mote:16] Not reachable yet
[Mote:7] Not reachable yet
[Mote:12] Not reachable yet
[Mote:8] Not reachable yet
[Mote:18] Not reachable yet
[Mote:3] Sensor IPv6 = fe80::203:3:3:3
[Mote:5] Not reachable yet
[Mote:4] Not reachable yet
[Mote:17] Not reachable yet
[Mote:13] Not reachable yet
[Mote:6] Not reachable yet
[Mote:19] Not reachable yet
[Mote:11] Not reachable yet
[Mote:9] Not reachable yet
[Mote:10] Not reachable yet
[Mote:15] Not reachable yet
[Mote:14] Not reachable yet
[Mote:16] Not reachable yet
[Mote:2] Not reachable yet
[Mote:7] Not reachable yet
[Mote:12] Not reachable yet
[Mote:8] Not reachable yet
[Mote:3] Sensor IPv6 = fe80::203:3:3:3
[Mote:18] Not reachable yet
[Mote:4] Not reachable yet
[Mote:5] Not reachable yet
[Mote:17] Not reachable yet
[Mote:13] Not reachable yet
[Mote:11] Not reachable yet
[Mote:6] Not reachable yet
[Mote:19] Not reachable yet
[Mote:9] Not reachable yet
[Mote:10] Not reachable yet
[Mote:15] Not reachable yet
[Mote:16] Not reachable yet
[Mote:14] Not reachable yet
[Mote:2] Not reachable yet
[Mote:7] Not reachable yet
[Mote:12] Not reachable yet
[Mote:8] Not reachable yet
[Mote:3] Sensor IPv6 = fe80::203:3:3:3
[Mote:18] Not reachable yet
[Mote:4] Not reachable yet
[Mote:17] Not reachable yet
[Mote:13] Not reachable yet
[Mote:5] Not reachable yet
[Mote:11] Not reachable yet
[Mote:6] Not reachable yet
[Mote:19] Not reachable yet
[Mote:9] Not reachable yet
[Mote:10] Not reachable yet
[Mote:16] Not reachable yet
[Mote:15] Not reachable yet
[Mote:14] Not reachable yet
[Mote:2] Not reachable yet
[Mote:7] Not reachable yet
[Mote:8] Not reachable yet
[Mote:12] Not reachable yet
[Mote:3] Sensor IPv6 = fe80::203:3:3:3
[Mote:18] Not reachable yet
[Mote:13] Not reachable yet
[Mote:17] Not reachable yet
[Mote:4] Not reachable yet
[Mote:5] Not reachable yet
[Mote:11] Not reachable yet
[Mote:6] Not reachable yet
[Mote:9] Not reachable yet
[Mote:19] Not reachable yet
[Mote:10] Not reachable yet
[Mote:16] Not reachable yet
[Mote:15] Not reachable yet
[Mote:2] Not reachable yet
[Mote:14] Not reachable yet
[Mote:7] Not reachable yet
[Mote:8] Not reachable yet
[Mote:12] Not reachable yet
[Mote:3] Sensor IPv6 = fe80::203:3:3:3
[Mote:18] Not reachable yet
[Mote:13] Not reachable yet
[Mote:17] Not reachable yet
[Mote:4] Not reachable yet
[Mote:11] Not reachable yet
[Mote:5] Not reachable yet
[Mote:9] Not reachable yet
[Mote:10] Not reachable yet
[Mote:6] Not reachable yet
[Mote:19] Not reachable yet
[Mote:16] Not reachable yet
[Mote:15] Not reachable yet
[Mote:2] Not reachable yet
[Mote:14] Not reachable yet
[Mote:7] Not reachable yet
[Mote:8] Not reachable yet
[Mote:3] Sensor IPv6 = fe80::203:3:3:3
[Mote:12] Not reachable yet
[Mote:18] Not reachable yet
[Mote:13] Not reachable yet
[Mote:17] Not reachable yet
[Mote:4] Not reachable yet
[Mote:11] Not reachable yet
[Mote:5] Not reachable yet
[Mote:10] Not reachable yet
[Mote:9] Not reachable yet
[Mote:16] Not reachable yet
[Mote:6] Not reachable yet
[Mote:19] Not reachable yet
[Mote:15] Not reachable yet
[Mote:2] Not reachable yet
[Mote:7] Not reachable yet
[Mote:14] Not reachable yet
[Mote:8] Not reachable yet
[Mote:3] Sensor IPv6 = fe80::203:3:3:3
[Mote:12] Not reachable yet
[Mote:13] Not reachable yet
[Mote:18] Sensor IPv6 = fe80::212:12:12:12
[Mote:1] {"node":"fd00::212:12:12:12", "cpu_energy_mj":1538, "lpm_energy_mj":0, "radio_tx_energy_mj":5, "radio_rx_energy_mj":1218, "total_energy_mj":2761, "node_time":1972779, "total_sent":8, "total_received":71, "bytes_tx":60, "bytes_rx":12, "r2n_latency":304, "lqi":100, "rssi":-67, "server_sent":176, "server_received":5, "server_bytes_rx":60, "n2r_latency":31, "hops":0, "rtt_latency":1167, "root_time_now":1972810}
[Mote:17] Not reachable yet
[Mote:11] Not reachable yet
[Mote:4] Not reachable yet
[Mote:5] Not reachable yet
[Mote:10] Not reachable yet
[Mote:16] Not reachable yet
[Mote:9] Not reachable yet
[Mote:6] Not reachable yet
[Mote:19] Not reachable yet
[Mote:15] Not reachable yet
[Mote:2] Not reachable yet
[Mote:7] Not reachable yet
[Mote:14] Not reachable yet
[Mote:8] Not reachable yet
[Mote:3] Sensor IPv6 = fe80::203:3:3:3
[Mote:13] Not reachable yet
[Mote:12] Not reachable yet
[Mote:17] Not reachable yet
[Mote:18] Sensor IPv6 = fe80::212:12:12:12
[Mote:11] Not reachable yet
[Mote:4] Not reachable yet
[Mote:5] Not reachable yet
[Mote:16] Not reachable yet
[Mote:10] Not reachable yet
[Mote:9] Not reachable yet
[Mote:6] Not reachable yet
[Mote:19] Not reachable yet
[Mote:15] Not reachable yet
[Mote:2] Not reachable yet
[Mote:7] Not reachable yet
[Mote:14] Not reachable yet
[Mote:8] Not reachable yet
[Mote:3] Sensor IPv6 = fe80::203:3:3:3
[Mote:13] Not reachable yet
[Mote:17] Not reachable yet
[Mote:12] Not reachable yet
[Mote:18] Not reachable yet
[Mote:11] Not reachable yet
[Mote:4] Not reachable yet
[Mote:16] Not reachable yet
[Mote:10] Not reachable yet
[Mote:5] Not reachable yet
[Mote:9] Not reachable yet
[Mote:15] Not reachable yet
[Mote:6] Not reachable yet
[Mote:19] Not reachable yet
[Mote:2] Not reachable yet
[Mote:7] Not reachable yet
[Mote:8] Not reachable yet
[Mote:14] Not reachable yet
[Mote:3] Sensor IPv6 = fe80::203:3:3:3
[Mote:13] Not reachable yet
[Mote:17] Not reachable yet
[Mote:11] Not reachable yet
[Mote:12] Not reachable yet
[Mote:18] Not reachable yet
[Mote:4] Not reachable yet
[Mote:16] Not reachable yet
[Mote:10] Not reachable yet
[Mote:5] Not reachable yet
[Mote:9] Not reachable yet
[Mote:15] Not reachable yet
[Mote:6] Not reachable yet
[Mote:19] Not reachable yet
[Mote:2] Not reachable yet
[Mote:7] Not reachable yet
[Mote:3] Sensor IPv6 = fe80::203:3:3:3
[Mote:8] Not reachable yet
[Mote:14] Not reachable yet
[Mote:13] Not reachable yet
[Mote:17] Not reachable yet
[Mote:11] Not reachable yet
[Mote:18] Not reachable yet
[Mote:12] Not reachable yet
[Mote:4] Not reachable yet
[Mote:16] Not reachable yet
[Mote:10] Not reachable yet
[Mote:5] Not reachable yet
[Mote:9] Not reachable yet
[Mote:15] Not reachable yet
[Mote:6] Not reachable yet
[Mote:2] Not reachable yet
[Mote:7] Not reachable yet
[Mote:19] Not reachable yet
[Mote:3] Sensor IPv6 = fe80::203:3:3:3
[Mote:8] Not reachable yet
[Mote:13] Not reachable yet
[Mote:14] Not reachable yet
[Mote:17] Not reachable yet
[Mote:11] Not reachable yet
[Mote:18] Not reachable yet
[Mote:12] Not reachable yet
[Mote:4] Not reachable yet
[Mote:16] Not reachable yet
[Mote:10] Not reachable yet
[Mote:5] Not reachable yet
[Mote:9] Not reachable yet
[Mote:15] Not reachable yet
[Mote:2] Not reachable yet
[Mote:7] Not reachable yet
[Mote:6] Not reachable yet
[Mote:3] Sensor IPv6 = fe80::203:3:3:3
[Mote:19] Not reachable yet
[Mote:13] Not reachable yet
[Mote:8] Not reachable yet
[Mote:17] Not reachable yet
[Mote:14] Not reachable yet
[Mote:11] Not reachable yet
[Mote:18] Not reachable yet
[Mote:16] Not reachable yet
[Mote:12] Not reachable yet
[Mote:4] Not reachable yet
[Mote:10] Not reachable yet
[Mote:5] Not reachable yet
[Mote:9] Not reachable yet
[Mote:15] Not reachable yet
[Mote:7] Sensor IPv6 = fe80::207:7:7:7
[Mote:2] Not reachable yet
[Mote:1] {"node":"fd00::207:7:7:7", "cpu_energy_mj":490, "lpm_energy_mj":0, "radio_tx_energy_mj":5, "radio_rx_energy_mj":2145, "total_energy_mj":2640, "node_time":2042825, "total_sent":83, "total_received":187, "bytes_tx":60, "bytes_rx":12, "r2n_latency":374, "lqi":100, "rssi":-89, "server_sent":200, "server_received":166, "server_bytes_rx":60, "n2r_latency":125, "hops":0, "rtt_latency":432, "root_time_now":2042950}
[Mote:3] Sensor IPv6 = fe80::203:3:3:3
[Mote:13] Not reachable yet
[Mote:6] Not reachable yet
[Mote:19] Not reachable yet
[Mote:8] Not reachable yet
[Mote:17] Not reachable yet
[Mote:11] Not reachable yet
[Mote:14] Not reachable yet
[Mote:18] Not reachable yet
[Mote:16] Not reachable yet
[Mote:12] Not reachable yet
[Mote:10] Not reachable yet
[Mote:4] Not reachable yet
[Mote:5] Not reachable yet
[Mote:9] Not reachable yet
[Mote:15] Not reachable yet
[Mote:7] Sensor IPv6 = fe80::207:7:7:7
[Mote:3] Sensor IPv6 = fe80::203:3:3:3
[Mote:2] Not reachable yet
[Mote:13] Not reachable yet
[Mote:1] {"node":"fd00::207:7:7:7", "cpu_energy_mj":18, "lpm_energy_mj":0, "radio_tx_energy_mj":0, "radio_rx_energy_mj":8, "total_energy_mj":26, "node_time":2053303, "total_sent":84, "total_received":188, "bytes_tx":60, "bytes_rx":12, "r2n_latency":245, "lqi":100, "rssi":-89, "server_sent":201, "server_received":168, "server_bytes_rx":60, "n2r_latency":567, "hops":0, "rtt_latency":1837, "root_time_now":2053870}
[Mote:8] Not reachable yet
[Mote:6] Not reachable yet
[Mote:17] Not reachable yet
[Mote:11] Not reachable yet
[Mote:19] Not reachable yet
[Mote:14] Not reachable yet
[Mote:16] Not reachable yet
[Mote:18] Not reachable yet
[Mote:10] Not reachable yet
[Mote:4] Not reachable yet
[Mote:12] Not reachable yet
[Mote:5] Not reachable yet
[Mote:9] Not reachable yet
[Mote:15] Not reachable yet
[Mote:13] Not reachable yet
[Mote:3] Sensor IPv6 = fe80::203:3:3:3
[Mote:7] Sensor IPv6 = fe80::207:7:7:7
[Mote:1] {"node":"fd00::207:7:7:7", "cpu_energy_mj":18, "lpm_energy_mj":0, "radio_tx_energy_mj":0, "radio_rx_energy_mj":8, "total_energy_mj":26, "node_time":2063777, "total_sent":85, "total_received":189, "bytes_tx":60, "bytes_rx":12, "r2n_latency":674, "lqi":100, "rssi":-89, "server_sent":202, "server_received":170, "server_bytes_rx":60, "n2r_latency":33, "hops":0, "rtt_latency":1142, "root_time_now":2063810}
[Mote:2] Not reachable yet
[Mote:8] Not reachable yet
[Mote:17] Not reachable yet
[Mote:11] Not reachable yet
[Mote:6] Not reachable yet
[Mote:19] Not reachable yet
[Mote:14] Not reachable yet
[Mote:16] Not reachable yet
[Mote:18] Not reachable yet
[Mote:10] Not reachable yet
[Mote:4] Not reachable yet
[Mote:12] Not reachable yet
[Mote:9] Not reachable yet
[Mote:5] Not reachable yet
[Mote:15] Not reachable yet
[Mote:13] Not reachable yet
[Mote:3] Sensor IPv6 = fe80::203:3:3:3
[Mote:7] Sensor IPv6 = fe80::207:7:7:7
[Mote:2] Not reachable yet
[Mote:11] Not reachable yet
[Mote:17] Not reachable yet
[Mote:8] Not reachable yet
[Mote:1] {"node":"fd00::207:7:7:7", "cpu_energy_mj":18, "lpm_energy_mj":0, "radio_tx_energy_mj":0, "radio_rx_energy_mj":8, "total_energy_mj":26, "node_time":2074255, "total_sent":86, "total_received":190, "bytes_tx":60, "bytes_rx":12, "r2n_latency":474, "lqi":100, "rssi":-89, "server_sent":203, "server_received":172, "server_bytes_rx":60, "n2r_latency":1175, "hops":0, "rtt_latency":1567, "root_time_now":2075430}
[Mote:6] Not reachable yet
[Mote:19] Not reachable yet
[Mote:16] Not reachable yet
[Mote:14] Not reachable yet
[Mote:18] Not reachable yet
[Mote:10] Not reachable yet
[Mote:4] Not reachable yet
[Mote:12] Not reachable yet
[Mote:9] Not reachable yet
[Mote:5] Not reachable yet
[Mote:13] Not reachable yet
[Mote:15] Not reachable yet
[Mote:3] Sensor IPv6 = fe80::203:3:3:3
[Mote:7] Sensor IPv6 = fe80::207:7:7:7
[Mote:2] Not reachable yet
[Mote:11] Not reachable yet
[Mote:17] Not reachable yet
[Mote:8] Not reachable yet
[Mote:16] Not reachable yet
[Mote:6] Not reachable yet
[Mote:1] {"node":"fd00::207:7:7:7", "cpu_energy_mj":18, "lpm_energy_mj":0, "radio_tx_energy_mj":0, "radio_rx_energy_mj":8, "total_energy_mj":26, "node_time":2084729, "total_sent":87, "total_received":191, "bytes_tx":60, "bytes_rx":12, "r2n_latency":695, "lqi":100, "rssi":-89, "server_sent":204, "server_received":174, "server_bytes_rx":60, "n2r_latency":2811, "hops":0, "rtt_latency":627, "root_time_now":2087540}
[Mote:19] Not reachable yet
[Mote:14] Not reachable yet
[Mote:10] Not reachable yet
[Mote:18] Not reachable yet
[Mote:4] Not reachable yet
[Mote:12] Not reachable yet
[Mote:9] Not reachable yet
[Mote:13] Not reachable yet
[Mote:5] Not reachable yet
[Mote:3] Sensor IPv6 = fe80::203:3:3:3
[Mote:15] Not reachable yet
[Mote:7] Sensor IPv6 = fe80::207:7:7:7
[Mote:11] Not reachable yet
[Mote:2] Sensor IPv6 = fe80::202:2:2:2
[Mote:17] Not reachable yet
[Mote:1] {"node":"fd00::202:2:2:2", "cpu_energy_mj":2331, "lpm_energy_mj":0, "radio_tx_energy_mj":284, "radio_rx_energy_mj":915, "total_energy_mj":3530, "node_time":2095508, "total_sent":53, "total_received":203, "bytes_tx":60, "bytes_rx":12, "r2n_latency":213, "lqi":100, "rssi":-83, "server_sent":207, "server_received":104, "server_bytes_rx":60, "n2r_latency":222, "hops":0, "rtt_latency":1707, "root_time_now":2095730}
[Mote:8] Not reachable yet
[Mote:1] {"node":"fd00::207:7:7:7", "cpu_energy_mj":18, "lpm_energy_mj":0, "radio_tx_energy_mj":0, "radio_rx_energy_mj":8, "total_energy_mj":26, "node_time":2095205, "total_sent":88, "total_received":192, "bytes_tx":60, "bytes_rx":12, "r2n_latency":424, "lqi":100, "rssi":-89, "server_sent":205, "server_received":176, "server_bytes_rx":60, "n2r_latency":1645, "hops":0, "rtt_latency":877, "root_time_now":2096850}
[Mote:16] Not reachable yet
[Mote:6] Not reachable yet
[Mote:19] Not reachable yet
[Mote:10] Not reachable yet
[Mote:14] Not reachable yet
[Mote:18] Not reachable yet
[Mote:4] Not reachable yet
[Mote:12] Not reachable yet
[Mote:9] Not reachable yet
[Mote:13] Not reachable yet
[Mote:3] Sensor IPv6 = fe80::203:3:3:3
[Mote:5] Not reachable yet
[Mote:15] Not reachable yet
[Mote:11] Not reachable yet
[Mote:7] Sensor IPv6 = fe80::207:7:7:7
[Mote:17] Not reachable yet
[Mote:1] {"node":"fd00::207:7:7:7", "cpu_energy_mj":18, "lpm_energy_mj":0, "radio_tx_energy_mj":0, "radio_rx_energy_mj":8, "total_energy_mj":26, "node_time":2105681, "total_sent":89, "total_received":193, "bytes_tx":60, "bytes_rx":12, "r2n_latency":854, "lqi":100, "rssi":-89, "server_sent":206, "server_received":178, "server_bytes_rx":60, "n2r_latency":129, "hops":0, "rtt_latency":1897, "root_time_now":2105810}
[Mote:2] Sensor IPv6 = fe80::202:2:2:2
[Mote:1] {"node":"fd00::202:2:2:2", "cpu_energy_mj":18, "lpm_energy_mj":0, "radio_tx_energy_mj":0, "radio_rx_energy_mj":8, "total_energy_mj":26, "node_time":2106039, "total_sent":54, "total_received":204, "bytes_tx":60, "bytes_rx":12, "r2n_latency":154, "lqi":100, "rssi":-83, "server_sent":208, "server_received":106, "server_bytes_rx":60, "n2r_latency":51, "hops":0, "rtt_latency":1932, "root_time_now":2106090}
[Mote:8] Sensor IPv6 = fe80::208:8:8:8
[Mote:16] Not reachable yet
[Mote:10] Not reachable yet
[Mote:6] Not reachable yet
[Mote:19] Not reachable yet
[Mote:14] Not reachable yet
[Mote:18] Not reachable yet
[Mote:4] Not reachable yet
[Mote:12] Not reachable yet
[Mote:13] Not reachable yet
[Mote:9] Not reachable yet
[Mote:3] Sensor IPv6 = fe80::203:3:3:3
[Mote:1] {"node":"fd00::208:8:8:8", "cpu_energy_mj":603, "lpm_energy_mj":0, "radio_tx_energy_mj":14, "radio_rx_energy_mj":3040, "total_energy_mj":3657, "node_time":2106759, "total_sent":107, "total_received":197, "bytes_tx":60, "bytes_rx":12, "r2n_latency":6384, "lqi":100, "rssi":-90, "server_sent":208, "server_received":240, "server_bytes_rx":60, "n2r_latency":8151, "hops":0, "rtt_latency":3542, "root_time_now":2114910}
[Mote:11] Not reachable yet
[Mote:5] Not reachable yet
[Mote:15] Not reachable yet
[Mote:17] Not reachable yet
[Mote:7] Sensor IPv6 = fe80::207:7:7:7
[Mote:1] {"node":"fd00::207:7:7:7", "cpu_energy_mj":18, "lpm_energy_mj":0, "radio_tx_energy_mj":0, "radio_rx_energy_mj":8, "total_energy_mj":26, "node_time":2116159, "total_sent":90, "total_received":194, "bytes_tx":60, "bytes_rx":12, "r2n_latency":654, "lqi":100, "rssi":-89, "server_sent":207, "server_received":180, "server_bytes_rx":60, "n2r_latency":11, "hops":0, "rtt_latency":1027, "root_time_now":2116170}
[Mote:2] Sensor IPv6 = fe80::202:2:2:2
[Mote:1] {"node":"fd00::202:2:2:2", "cpu_energy_mj":18, "lpm_energy_mj":0, "radio_tx_energy_mj":0, "radio_rx_energy_mj":8, "total_energy_mj":26, "node_time":2116570, "total_sent":55, "total_received":205, "bytes_tx":60, "bytes_rx":12, "r2n_latency":164, "lqi":100, "rssi":-83, "server_sent":209, "server_received":108, "server_bytes_rx":60, "n2r_latency":20, "hops":0, "rtt_latency":2917, "root_time_now":2116590}
[Mote:16] Not reachable yet
[Mote:8] Not reachable yet
[Mote:10] Not reachable yet
[Mote:6] Not reachable yet
[Mote:19] Not reachable yet
[Mote:14] Not reachable yet
[Mote:18] Not reachable yet
[Mote:4] Not reachable yet
[Mote:12] Not reachable yet
[Mote:13] Not reachable yet
[Mote:9] Not reachable yet
[Mote:3] Sensor IPv6 = fe80::203:3:3:3
[Mote:11] Not reachable yet
[Mote:15] Not reachable yet
[Mote:17] Not reachable yet
[Mote:5] Not reachable yet
[Mote:7] Sensor IPv6 = fe80::207:7:7:7
[Mote:1] {"node":"fd00::207:7:7:7", "cpu_energy_mj":18, "lpm_energy_mj":0, "radio_tx_energy_mj":0, "radio_rx_energy_mj":8, "total_energy_mj":26, "node_time":2126633, "total_sent":91, "total_received":195, "bytes_tx":60, "bytes_rx":12, "r2n_latency":734, "lqi":100, "rssi":-89, "server_sent":208, "server_received":182, "server_bytes_rx":60, "n2r_latency":37, "hops":0, "rtt_latency":1662, "root_time_now":2126670}
[Mote:16] Not reachable yet
[Mote:2] Sensor IPv6 = fe80::202:2:2:2
[Mote:1] {"node":"fd00::202:2:2:2", "cpu_energy_mj":18, "lpm_energy_mj":0, "radio_tx_energy_mj":0, "radio_rx_energy_mj":8, "total_energy_mj":26, "node_time":2127101, "total_sent":56, "total_received":206, "bytes_tx":60, "bytes_rx":12, "r2n_latency":174, "lqi":100, "rssi":-83, "server_sent":210, "server_received":110, "server_bytes_rx":60, "n2r_latency":59, "hops":0, "rtt_latency":647, "root_time_now":2127160}
[Mote:8] Not reachable yet
[Mote:10] Not reachable yet
[Mote:6] Not reachable yet
[Mote:18] Not reachable yet
[Mote:14] Not reachable yet
[Mote:19] Not reachable yet
[Mote:4] Not reachable yet
[Mote:12] Not reachable yet
[Mote:13] Not reachable yet
[Mote:3] Sensor IPv6 = fe80::203:3:3:3
[Mote:9] Not reachable yet
[Mote:11] Not reachable yet
[Mote:17] Not reachable yet
[Mote:15] Not reachable yet
[Mote:16] Not reachable yet
[Mote:7] Sensor IPv6 = fe80::207:7:7:7
[Mote:5] Not reachable yet
[Mote:1] {"node":"fd00::207:7:7:7", "cpu_energy_mj":18, "lpm_energy_mj":0, "radio_tx_energy_mj":0, "radio_rx_energy_mj":8, "total_energy_mj":26, "node_time":2137109, "total_sent":92, "total_received":196, "bytes_tx":60, "bytes_rx":12, "r2n_latency":954, "lqi":100, "rssi":-89, "server_sent":209, "server_received":184, "server_bytes_rx":60, "n2r_latency":61, "hops":0, "rtt_latency":1317, "root_time_now":2137170}
[Mote:2] Sensor IPv6 = fe80::202:2:2:2
[Mote:1] {"node":"fd00::202:2:2:2", "cpu_energy_mj":18, "lpm_energy_mj":0, "radio_tx_energy_mj":0, "radio_rx_energy_mj":8, "total_energy_mj":26, "node_time":2137632, "total_sent":57, "total_received":207, "bytes_tx":60, "bytes_rx":12, "r2n_latency":184, "lqi":100, "rssi":-83, "server_sent":211, "server_received":112, "server_bytes_rx":60, "n2r_latency":98, "hops":0, "rtt_latency":1387, "root_time_now":2137730}
[Mote:8] Not reachable yet
[Mote:10] Not reachable yet
[Mote:18] Not reachable yet
[Mote:14] Not reachable yet
[Mote:6] Not reachable yet
[Mote:19] Not reachable yet
[Mote:4] Not reachable yet
[Mote:13] Not reachable yet
[Mote:12] Not reachable yet
[Mote:3] Sensor IPv6 = fe80::203:3:3:3
[Mote:11] Not reachable yet
[Mote:9] Not reachable yet
[Mote:17] Not reachable yet
[Mote:16] Not reachable yet
[Mote:15] Not reachable yet
[Mote:7] Sensor IPv6 = fe80::207:7:7:7
[Mote:1] {"node":"fd00::207:7:7:7", "cpu_energy_mj":18, "lpm_energy_mj":0, "radio_tx_energy_mj":0, "radio_rx_energy_mj":8, "total_energy_mj":26, "node_time":2147585, "total_sent":93, "total_received":197, "bytes_tx":60, "bytes_rx":12, "r2n_latency":474, "lqi":100, "rssi":-89, "server_sent":210, "server_received":186, "server_bytes_rx":60, "n2r_latency":15, "hops":0, "rtt_latency":2512, "root_time_now":2147600}
[Mote:5] Not reachable yet
[Mote:2] Sensor IPv6 = fe80::202:2:2:2
[Mote:1] {"node":"fd00::202:2:2:2", "cpu_energy_mj":18, "lpm_energy_mj":0, "radio_tx_energy_mj":0, "radio_rx_energy_mj":8, "total_energy_mj":26, "node_time":2148163, "total_sent":58, "total_received":208, "bytes_tx":60, "bytes_rx":12, "r2n_latency":194, "lqi":100, "rssi":-83, "server_sent":212, "server_received":114, "server_bytes_rx":60, "n2r_latency":67, "hops":0, "rtt_latency":3037, "root_time_now":2148230}
[Mote:8] Not reachable yet
[Mote:10] Not reachable yet
[Mote:18] Not reachable yet
[Mote:14] Not reachable yet
[Mote:6] Not reachable yet
[Mote:19] Not reachable yet
[Mote:4] Not reachable yet
[Mote:13] Not reachable yet
[Mote:3] Sensor IPv6 = fe80::203:3:3:3
[Mote:12] Not reachable yet
[Mote:11] Not reachable yet
[Mote:9] Not reachable yet
[Mote:17] Not reachable yet
[Mote:16] Not reachable yet
[Mote:15] Not reachable yet
[Mote:7] Sensor IPv6 = fe80::207:7:7:7
[Mote:1] {"node":"fd00::207:7:7:7", "cpu_energy_mj":18, "lpm_energy_mj":0, "radio_tx_energy_mj":0, "radio_rx_energy_mj":8, "total_energy_mj":26, "node_time":2158063, "total_sent":94, "total_received":198, "bytes_tx":60, "bytes_rx":12, "r2n_latency":624, "lqi":100, "rssi":-89, "server_sent":211, "server_received":188, "server_bytes_rx":60, "n2r_latency":37, "hops":0, "rtt_latency":872, "root_time_now":2158100}
[Mote:2] Sensor IPv6 = fe80::202:2:2:2
[Mote:5] Not reachable yet
[Mote:1] {"node":"fd00::202:2:2:2", "cpu_energy_mj":18, "lpm_energy_mj":0, "radio_tx_energy_mj":0, "radio_rx_energy_mj":8, "total_energy_mj":26, "node_time":2158696, "total_sent":59, "total_received":209, "bytes_tx":60, "bytes_rx":12, "r2n_latency":204, "lqi":100, "rssi":-83, "server_sent":213, "server_received":116, "server_bytes_rx":60, "n2r_latency":34, "hops":0, "rtt_latency":1607, "root_time_now":2158730}
[Mote:8] Not reachable yet
[Mote:10] Not reachable yet
[Mote:18] Not reachable yet
[Mote:14] Not reachable yet
[Mote:6] Not reachable yet
[Mote:4] Not reachable yet
[Mote:19] Not reachable yet
[Mote:13] Not reachable yet
[Mote:11] Not reachable yet
[Mote:3] Sensor IPv6 = fe80::203:3:3:3
[Mote:12] Not reachable yet
[Mote:17] Not reachable yet
[Mote:16] Not reachable yet
[Mote:9] Not reachable yet
[Mote:15] Not reachable yet
[Mote:7] Sensor IPv6 = fe80::207:7:7:7
[Mote:1] {"node":"fd00::207:7:7:7", "cpu_energy_mj":18, "lpm_energy_mj":0, "radio_tx_energy_mj":0, "radio_rx_energy_mj":8, "total_energy_mj":26, "node_time":2168537, "total_sent":95, "total_received":199, "bytes_tx":60, "bytes_rx":12, "r2n_latency":494, "lqi":100, "rssi":-89, "server_sent":212, "server_received":190, "server_bytes_rx":60, "n2r_latency":63, "hops":0, "rtt_latency":1017, "root_time_now":2168600}
[Mote:2] Sensor IPv6 = fe80::202:2:2:2
[Mote:1] {"node":"fd00::202:2:2:2", "cpu_energy_mj":18, "lpm_energy_mj":0, "radio_tx_energy_mj":0, "radio_rx_energy_mj":7, "total_energy_mj":25, "node_time":2169225, "total_sent":60, "total_received":210, "bytes_tx":60, "bytes_rx":12, "r2n_latency":144, "lqi":100, "rssi":-83, "server_sent":214, "server_received":118, "server_bytes_rx":60, "n2r_latency":75, "hops":0, "rtt_latency":1577, "root_time_now":2169300}
[Mote:5] Not reachable yet
[Mote:8] Not reachable yet
[Mote:10] Not reachable yet
[Mote:18] Not reachable yet
[Mote:14] Not reachable yet
[Mote:4] Not reachable yet
[Mote:6] Not reachable yet
[Mote:13] Not reachable yet
[Mote:19] Not reachable yet
[Mote:11] Not reachable yet
[Mote:3] Sensor IPv6 = fe80::203:3:3:3
[Mote:16] Not reachable yet
[Mote:17] Not reachable yet
[Mote:12] Not reachable yet
[Mote:9] Not reachable yet
[Mote:15] Not reachable yet
[Mote:7] Sensor IPv6 = fe80::207:7:7:7
[Mote:1] {"node":"fd00::207:7:7:7", "cpu_energy_mj":18, "lpm_energy_mj":0, "radio_tx_energy_mj":0, "radio_rx_energy_mj":8, "total_energy_mj":26, "node_time":2179013, "total_sent":96, "total_received":200, "bytes_tx":60, "bytes_rx":12, "r2n_latency":1064, "lqi":100, "rssi":-89, "server_sent":213, "server_received":192, "server_bytes_rx":60, "n2r_latency":17, "hops":0, "rtt_latency":1232, "root_time_now":2179030}
[Mote:2] Sensor IPv6 = fe80::202:2:2:2
[Mote:1] {"node":"fd00::202:2:2:2", "cpu_energy_mj":18, "lpm_energy_mj":0, "radio_tx_energy_mj":0, "radio_rx_energy_mj":8, "total_energy_mj":26, "node_time":2179756, "total_sent":61, "total_received":211, "bytes_tx":60, "bytes_rx":12, "r2n_latency":14, "lqi":100, "rssi":-83, "server_sent":215, "server_received":120, "server_bytes_rx":60, "n2r_latency":44, "hops":0, "rtt_latency":952, "root_time_now":2179800}
[Mote:8] Not reachable yet
[Mote:10] Not reachable yet
[Mote:5] Not reachable yet
[Mote:18] Not reachable yet
[Mote:13] Not reachable yet
[Mote:14] Not reachable yet
[Mote:4] Not reachable yet
[Mote:6] Not reachable yet
[Mote:19] Not reachable yet
[Mote:11] Not reachable yet
[Mote:3] Sensor IPv6 = fe80::203:3:3:3
[Mote:16] Not reachable yet
[Mote:17] Not reachable yet
[Mote:12] Not reachable yet
[Mote:9] Not reachable yet
[Mote:15] Not reachable yet
[Mote:7] Sensor IPv6 = fe80::207:7:7:7
[Mote:1] {"node":"fd00::207:7:7:7", "cpu_energy_mj":18, "lpm_energy_mj":0, "radio_tx_energy_mj":0, "radio_rx_energy_mj":8, "total_energy_mj":26, "node_time":2189489, "total_sent":97, "total_received":201, "bytes_tx":60, "bytes_rx":12, "r2n_latency":234, "lqi":100, "rssi":-89, "server_sent":214, "server_received":194, "server_bytes_rx":60, "n2r_latency":41, "hops":0, "rtt_latency":1552, "root_time_now":2189530}
[Mote:2] Sensor IPv6 = fe80::202:2:2:2
[Mote:10] Not reachable yet
[Mote:8] Not reachable yet
[Mote:5] Not reachable yet
[Mote:1] {"node":"fd00::202:2:2:2", "cpu_energy_mj":18, "lpm_energy_mj":0, "radio_tx_energy_mj":0, "radio_rx_energy_mj":8, "total_energy_mj":26, "node_time":2190287, "total_sent":62, "total_received":213, "bytes_tx":60, "bytes_rx":12, "r2n_latency":35, "lqi":100, "rssi":-83, "server_sent":217, "server_received":123, "server_bytes_rx":60, "n2r_latency":3653, "hops":0, "rtt_latency":1662, "root_time_now":2193940}
[Mote:18] Not reachable yet
[Mote:13] Not reachable yet
[Mote:4] Not reachable yet
[Mote:14] Not reachable yet
[Mote:11] Not reachable yet
[Mote:6] Not reachable yet
[Mote:19] Not reachable yet
[Mote:3] Sensor IPv6 = fe80::203:3:3:3
[Mote:16] Not reachable yet
[Mote:17] Not reachable yet
[Mote:9] Not reachable yet
[Mote:12] Not reachable yet
[Mote:15] Not reachable yet
[Mote:7] Sensor IPv6 = fe80::207:7:7:7
[Mote:10] Not reachable yet
[Mote:2] Sensor IPv6 = fe80::202:2:2:2
[Mote:8] Not reachable yet
[Mote:5] Not reachable yet
[Mote:1] {"node":"fd00::202:2:2:2", "cpu_energy_mj":18, "lpm_energy_mj":0, "radio_tx_energy_mj":0, "radio_rx_energy_mj":8, "total_energy_mj":26, "node_time":2200818, "total_sent":63, "total_received":214, "bytes_tx":60, "bytes_rx":12, "r2n_latency":43, "lqi":100, "rssi":-83, "server_sent":218, "server_received":125, "server_bytes_rx":60, "n2r_latency":1942, "hops":0, "rtt_latency":1351, "root_time_now":2202760}
[Mote:1] {"node":"fd00::207:7:7:7", "cpu_energy_mj":18, "lpm_energy_mj":0, "radio_tx_energy_mj":0, "radio_rx_energy_mj":8, "total_energy_mj":26, "node_time":2199965, "total_sent":98, "total_received":202, "bytes_tx":60, "bytes_rx":12, "r2n_latency":1155, "lqi":100, "rssi":-89, "server_sent":216, "server_received":196, "server_bytes_rx":60, "n2r_latency":3075, "hops":0, "rtt_latency":997, "root_time_now":2203040}
[Mote:18] Not reachable yet
[Mote:13] Not reachable yet
[Mote:4] Not reachable yet
[Mote:14] Sensor IPv6 = fe80::20e:e:e:e
[Mote:11] Not reachable yet
[Mote:3] Sensor IPv6 = fe80::203:3:3:3
[Mote:16] Not reachable yet
[Mote:6] Not reachable yet
[Mote:19] Not reachable yet
[Mote:17] Not reachable yet
[Mote:9] Not reachable yet
[Mote:12] Not reachable yet
[Mote:15] Not reachable yet
[Mote:7] Sensor IPv6 = fe80::207:7:7:7
[Mote:10] Not reachable yet
[Mote:2] Sensor IPv6 = fe80::202:2:2:2
[Mote:8] Not reachable yet
[Mote:1] {"node":"fd00::202:2:2:2", "cpu_energy_mj":18, "lpm_energy_mj":0, "radio_tx_energy_mj":0, "radio_rx_energy_mj":8, "total_energy_mj":26, "node_time":2211349, "total_sent":64, "total_received":215, "bytes_tx":60, "bytes_rx":12, "r2n_latency":55, "lqi":100, "rssi":-83, "server_sent":219, "server_received":127, "server_bytes_rx":60, "n2r_latency":441, "hops":0, "rtt_latency":797, "root_time_now":2211790}
[Mote:1] {"node":"fd00::207:7:7:7", "cpu_energy_mj":18, "lpm_energy_mj":0, "radio_tx_energy_mj":0, "radio_rx_energy_mj":8, "total_energy_mj":26, "node_time":2210441, "total_sent":99, "total_received":204, "bytes_tx":60, "bytes_rx":12, "r2n_latency":335, "lqi":100, "rssi":-89, "server_sent":217, "server_received":199, "server_bytes_rx":60, "n2r_latency":2049, "hops":0, "rtt_latency":1217, "root_time_now":2212490}
[Mote:5] Not reachable yet
[Mote:13] Not reachable yet
[Mote:18] Not reachable yet
[Mote:4] Not reachable yet
[Mote:11] Not reachable yet
[Mote:14] Sensor IPv6 = fe80::20e:e:e:e
[Mote:16] Not reachable yet
[Mote:3] Sensor IPv6 = fe80::203:3:3:3
[Mote:17] Not reachable yet
[Mote:6] Not reachable yet
[Mote:19] Not reachable yet
[Mote:9] Not reachable yet
[Mote:15] Not reachable yet
[Mote:7] Sensor IPv6 = fe80::207:7:7:7
[Mote:10] Not reachable yet
[Mote:12] Not reachable yet
[Mote:2] Sensor IPv6 = fe80::202:2:2:2
[Mote:8] Not reachable yet
[Mote:5] Not reachable yet
[Mote:1] {"node":"fd00::202:2:2:2", "cpu_energy_mj":18, "lpm_energy_mj":0, "radio_tx_energy_mj":0, "radio_rx_energy_mj":8, "total_energy_mj":26, "node_time":2221879, "total_sent":65, "total_received":216, "bytes_tx":60, "bytes_rx":12, "r2n_latency":64, "lqi":100, "rssi":-83, "server_sent":220, "server_received":129, "server_bytes_rx":60, "n2r_latency":2791, "hops":0, "rtt_latency":2272, "root_time_now":2224670}
[Mote:13] Not reachable yet
[Mote:1] {"node":"fd00::207:7:7:7", "cpu_energy_mj":18, "lpm_energy_mj":0, "radio_tx_energy_mj":0, "radio_rx_energy_mj":8, "total_energy_mj":26, "node_time":2220917, "total_sent":100, "total_received":205, "bytes_tx":60, "bytes_rx":12, "r2n_latency":554, "lqi":100, "rssi":-89, "server_sent":218, "server_received":201, "server_bytes_rx":60, "n2r_latency":4873, "hops":0, "rtt_latency":2867, "root_time_now":2225790}
[Mote:18] Not reachable yet
[Mote:11] Not reachable yet
[Mote:4] Not reachable yet
[Mote:16] Not reachable yet
[Mote:3] Sensor IPv6 = fe80::203:3:3:3
[Mote:14] Not reachable yet
[Mote:17] Not reachable yet
[Mote:6] Not reachable yet
[Mote:19] Not reachable yet
[Mote:9] Not reachable yet
[Mote:10] Not reachable yet
[Mote:15] Not reachable yet
[Mote:7] Sensor IPv6 = fe80::207:7:7:7
[Mote:12] Not reachable yet
[Mote:1] {"node":"fd00::207:7:7:7", "cpu_energy_mj":18, "lpm_energy_mj":0, "radio_tx_energy_mj":0, "radio_rx_energy_mj":7, "total_energy_mj":25, "node_time":2231393, "total_sent":101, "total_received":206, "bytes_tx":60, "bytes_rx":12, "r2n_latency":494, "lqi":100, "rssi":-89, "server_sent":219, "server_received":203, "server_bytes_rx":60, "n2r_latency":837, "hops":0, "rtt_latency":982, "root_time_now":2232230}
[Mote:2] Sensor IPv6 = fe80::202:2:2:2
[Mote:1] {"node":"fd00::202:2:2:2", "cpu_energy_mj":18, "lpm_energy_mj":0, "radio_tx_energy_mj":0, "radio_rx_energy_mj":8, "total_energy_mj":26, "node_time":2232411, "total_sent":66, "total_received":217, "bytes_tx":60, "bytes_rx":12, "r2n_latency":74, "lqi":100, "rssi":-83, "server_sent":221, "server_received":131, "server_bytes_rx":60, "n2r_latency":29, "hops":0, "rtt_latency":702, "root_time_now":2232440}
[Mote:8] Not reachable yet
[Mote:5] Not reachable yet
[Mote:13] Not reachable yet
[Mote:18] Not reachable yet
[Mote:11] Not reachable yet
[Mote:16] Not reachable yet
[Mote:4] Not reachable yet
[Mote:3] Sensor IPv6 = fe80::203:3:3:3
[Mote:17] Not reachable yet
[Mote:14] Not reachable yet
[Mote:6] Not reachable yet
[Mote:19] Not reachable yet
[Mote:10] Not reachable yet
[Mote:9] Not reachable yet
[Mote:7] Sensor IPv6 = fe80::207:7:7:7
[Mote:15] Not reachable yet
[Mote:1] {"node":"fd00::207:7:7:7", "cpu_energy_mj":18, "lpm_energy_mj":0, "radio_tx_energy_mj":0, "radio_rx_energy_mj":8, "total_energy_mj":26, "node_time":2241869, "total_sent":102, "total_received":207, "bytes_tx":60, "bytes_rx":12, "r2n_latency":434, "lqi":100, "rssi":-89, "server_sent":220, "server_received":205, "server_bytes_rx":60, "n2r_latency":301, "hops":0, "rtt_latency":847, "root_time_now":2242170}
[Mote:12] Not reachable yet
[Mote:2] Sensor IPv6 = fe80::202:2:2:2
[Mote:8] Not reachable yet
[Mote:1] {"node":"fd00::202:2:2:2", "cpu_energy_mj":18, "lpm_energy_mj":0, "radio_tx_energy_mj":0, "radio_rx_energy_mj":8, "total_energy_mj":26, "node_time":2242942, "total_sent":67, "total_received":218, "bytes_tx":60, "bytes_rx":12, "r2n_latency":14, "lqi":100, "rssi":-83, "server_sent":222, "server_received":133, "server_bytes_rx":60, "n2r_latency":1188, "hops":0, "rtt_latency":2037, "root_time_now":2244130}
[Mote:5] Not reachable yet
[Mote:13] Not reachable yet
[Mote:18] Not reachable yet
[Mote:11] Not reachable yet
[Mote:16] Not reachable yet
[Mote:3] Sensor IPv6 = fe80::203:3:3:3
[Mote:4] Not reachable yet
[Mote:17] Not reachable yet
[Mote:14] Not reachable yet
[Mote:6] Not reachable yet
[Mote:10] Not reachable yet
[Mote:19] Not reachable yet
[Mote:9] Not reachable yet
[Mote:7] Sensor IPv6 = fe80::207:7:7:7
[Mote:1] {"node":"fd00::207:7:7:7", "cpu_energy_mj":18, "lpm_energy_mj":0, "radio_tx_energy_mj":0, "radio_rx_energy_mj":8, "total_energy_mj":26, "node_time":2252345, "total_sent":103, "total_received":208, "bytes_tx":60, "bytes_rx":12, "r2n_latency":934, "lqi":100, "rssi":-89, "server_sent":221, "server_received":207, "server_bytes_rx":60, "n2r_latency":45, "hops":0, "rtt_latency":1132, "root_time_now":2252390}
[Mote:15] Not reachable yet
[Mote:12] Not reachable yet
[Mote:2] Sensor IPv6 = fe80::202:2:2:2
[Mote:8] Not reachable yet
[Mote:13] Not reachable yet
[Mote:5] Not reachable yet
[Mote:11] Not reachable yet
[Mote:16] Not reachable yet
[Mote:18] Not reachable yet
[Mote:1] {"node":"fd00::202:2:2:2", "cpu_energy_mj":18, "lpm_energy_mj":0, "radio_tx_energy_mj":0, "radio_rx_energy_mj":8, "total_energy_mj":26, "node_time":2253475, "total_sent":68, "total_received":219, "bytes_tx":60, "bytes_rx":12, "r2n_latency":164, "lqi":100, "rssi":-83, "server_sent":223, "server_received":135, "server_bytes_rx":60, "n2r_latency":4165, "hops":0, "rtt_latency":3792, "root_time_now":2257640}
[Mote:3] Sensor IPv6 = fe80::203:3:3:3
[Mote:4] Not reachable yet
[Mote:17] Not reachable yet
[Mote:14] Not reachable yet
[Mote:10] Not reachable yet
[Mote:6] Not reachable yet
[Mote:19] Not reachable yet
[Mote:9] Not reachable yet
[Mote:7] Sensor IPv6 = fe80::207:7:7:7
[Mote:1] {"node":"fd00::207:7:7:7", "cpu_energy_mj":18, "lpm_energy_mj":0, "radio_tx_energy_mj":0, "radio_rx_energy_mj":8, "total_energy_mj":26, "node_time":2262821, "total_sent":104, "total_received":209, "bytes_tx":60, "bytes_rx":12, "r2n_latency":874, "lqi":100, "rssi":-89, "server_sent":222, "server_received":209, "server_bytes_rx":60, "n2r_latency":69, "hops":0, "rtt_latency":787, "root_time_now":2262890}
[Mote:15] Not reachable yet
[Mote:8] Not reachable yet
[Mote:2] Sensor IPv6 = fe80::202:2:2:2
[Mote:1] {"node":"fd00::202:2:2:2", "cpu_energy_mj":18, "lpm_energy_mj":0, "radio_tx_energy_mj":0, "radio_rx_energy_mj":8, "total_energy_mj":26, "node_time":2264004, "total_sent":69, "total_received":220, "bytes_tx":60, "bytes_rx":12, "r2n_latency":174, "lqi":100, "rssi":-83, "server_sent":224, "server_received":137, "server_bytes_rx":60, "n2r_latency":6, "hops":0, "rtt_latency":1137, "root_time_now":2264010}
[Mote:12] Not reachable yet
[Mote:13] Not reachable yet
[Mote:5] Not reachable yet
[Mote:11] Not reachable yet
[Mote:16] Not reachable yet
[Mote:18] Not reachable yet
[Mote:3] Sensor IPv6 = fe80::203:3:3:3
[Mote:17] Not reachable yet
[Mote:4] Not reachable yet
[Mote:14] Not reachable yet
[Mote:10] Not reachable yet
[Mote:9] Not reachable yet
[Mote:6] Not reachable yet
[Mote:7] Sensor IPv6 = fe80::207:7:7:7
[Mote:1] {"node":"fd00::207:7:7:7", "cpu_energy_mj":18, "lpm_energy_mj":0, "radio_tx_energy_mj":0, "radio_rx_energy_mj":8, "total_energy_mj":26, "node_time":2273297, "total_sent":105, "total_received":210, "bytes_tx":60, "bytes_rx":12, "r2n_latency":606, "lqi":100, "rssi":-89, "server_sent":223, "server_received":211, "server_bytes_rx":60, "n2r_latency":23, "hops":0, "rtt_latency":1458, "root_time_now":2273320}
[Mote:19] Not reachable yet
[Mote:15] Not reachable yet
[Mote:8] Not reachable yet
[Mote:2] Sensor IPv6 = fe80::202:2:2:2
[Mote:1] {"node":"fd00::202:2:2:2", "cpu_energy_mj":18, "lpm_energy_mj":0, "radio_tx_energy_mj":0, "radio_rx_energy_mj":8, "total_energy_mj":26, "node_time":2274535, "total_sent":70, "total_received":221, "bytes_tx":60, "bytes_rx":12, "r2n_latency":326, "lqi":100, "rssi":-83, "server_sent":225, "server_received":139, "server_bytes_rx":60, "n2r_latency":45, "hops":0, "rtt_latency":1878, "root_time_now":2274580}
[Mote:12] Sensor IPv6 = fe80::20c:c:c:c
[Mote:1] {"node":"fd00::20c:c:c:c", "cpu_energy_mj":1091, "lpm_energy_mj":0, "radio_tx_energy_mj":9, "radio_rx_energy_mj":3238, "total_energy_mj":4338, "node_time":2275127, "total_sent":84, "total_received":202, "bytes_tx":60, "bytes_rx":12, "r2n_latency":116, "lqi":100, "rssi":-87, "server_sent":225, "server_received":156, "server_bytes_rx":60, "n2r_latency":13, "hops":0, "rtt_latency":1633, "root_time_now":2275140}
[Mote:13] Not reachable yet
[Mote:5] Not reachable yet
[Mote:11] Not reachable yet
[Mote:16] Not reachable yet
[Mote:18] Not reachable yet
[Mote:3] Sensor IPv6 = fe80::203:3:3:3
[Mote:17] Not reachable yet
[Mote:4] Not reachable yet
[Mote:14] Not reachable yet
[Mote:10] Not reachable yet
[Mote:9] Not reachable yet
[Mote:7] Sensor IPv6 = fe80::207:7:7:7
[Mote:1] {"node":"fd00::207:7:7:7", "cpu_energy_mj":18, "lpm_energy_mj":0, "radio_tx_energy_mj":0, "radio_rx_energy_mj":8, "total_energy_mj":26, "node_time":2283773, "total_sent":106, "total_received":211, "bytes_tx":60, "bytes_rx":12, "r2n_latency":964, "lqi":100, "rssi":-89, "server_sent":224, "server_received":213, "server_bytes_rx":60, "n2r_latency":117, "hops":0, "rtt_latency":657, "root_time_now":2283890}
[Mote:15] Not reachable yet
[Mote:6] Not reachable yet
[Mote:19] Not reachable yet
[Mote:8] Not reachable yet
[Mote:2] Sensor IPv6 = fe80::202:2:2:2
[Mote:1] {"node":"fd00::202:2:2:2", "cpu_energy_mj":18, "lpm_energy_mj":0, "radio_tx_energy_mj":0, "radio_rx_energy_mj":8, "total_energy_mj":26, "node_time":2285066, "total_sent":71, "total_received":222, "bytes_tx":60, "bytes_rx":12, "r2n_latency":194, "lqi":100, "rssi":-83, "server_sent":226, "server_received":141, "server_bytes_rx":60, "n2r_latency":14, "hops":0, "rtt_latency":1462, "root_time_now":2285080}
[Mote:12] Sensor IPv6 = fe80::20c:c:c:c
[Mote:1] {"node":"fd00::20c:c:c:c", "cpu_energy_mj":19, "lpm_energy_mj":0, "radio_tx_energy_mj":0, "radio_rx_energy_mj":8, "total_energy_mj":27, "node_time":2285962, "total_sent":85, "total_received":203, "bytes_tx":60, "bytes_rx":12, "r2n_latency":54, "lqi":100, "rssi":-87, "server_sent":226, "server_received":158, "server_bytes_rx":60, "n2r_latency":28, "hops":0, "rtt_latency":2092, "root_time_now":2285990}
[Mote:13] Not reachable yet
[Mote:11] Not reachable yet
[Mote:16] Not reachable yet
[Mote:5] Not reachable yet
[Mote:18] Not reachable yet
[Mote:3] Sensor IPv6 = fe80::203:3:3:3
[Mote:17] Not reachable yet
[Mote:4] Not reachable yet
[Mote:10] Not reachable yet
[Mote:14] Not reachable yet
[Mote:9] Not reachable yet
[Mote:7] Sensor IPv6 = fe80::207:7:7:7
[Mote:1] {"node":"fd00::207:7:7:7", "cpu_energy_mj":18, "lpm_energy_mj":0, "radio_tx_energy_mj":0, "radio_rx_energy_mj":8, "total_energy_mj":26, "node_time":2294251, "total_sent":107, "total_received":212, "bytes_tx":60, "bytes_rx":12, "r2n_latency":834, "lqi":100, "rssi":-89, "server_sent":225, "server_received":215, "server_bytes_rx":60, "n2r_latency":69, "hops":0, "rtt_latency":1082, "root_time_now":2294320}
[Mote:15] Not reachable yet
[Mote:6] Not reachable yet
[Mote:19] Not reachable yet
[Mote:8] Not reachable yet
[Mote:2] Sensor IPv6 = fe80::202:2:2:2
[Mote:1] {"node":"fd00::202:2:2:2", "cpu_energy_mj":18, "lpm_energy_mj":0, "radio_tx_energy_mj":0, "radio_rx_energy_mj":8, "total_energy_mj":26, "node_time":2295597, "total_sent":72, "total_received":223, "bytes_tx":60, "bytes_rx":12, "r2n_latency":204, "lqi":100, "rssi":-83, "server_sent":227, "server_received":143, "server_bytes_rx":60, "n2r_latency":193, "hops":0, "rtt_latency":2342, "root_time_now":2295790}
[Mote:13] Not reachable yet
[Mote:12] Sensor IPv6 = fe80::20c:c:c:c
[Mote:1] {"node":"fd00::20c:c:c:c", "cpu_energy_mj":19, "lpm_energy_mj":0, "radio_tx_energy_mj":0, "radio_rx_energy_mj":8, "total_energy_mj":27, "node_time":2296795, "total_sent":86, "total_received":204, "bytes_tx":60, "bytes_rx":12, "r2n_latency":64, "lqi":100, "rssi":-87, "server_sent":227, "server_received":160, "server_bytes_rx":60, "n2r_latency":45, "hops":0, "rtt_latency":1327, "root_time_now":2296840}
[Mote:16] Not reachable yet
[Mote:11] Not reachable yet
[Mote:5] Not reachable yet
[Mote:3] Sensor IPv6 = fe80::203:3:3:3
[Mote:18] Not reachable yet
[Mote:17] Not reachable yet
[Mote:4] Not reachable yet
[Mote:10] Not reachable yet
[Mote:14] Not reachable yet
[Mote:7] Sensor IPv6 = fe80::207:7:7:7
[Mote:9] Not reachable yet
[Mote:1] {"node":"fd00::207:7:7:7", "cpu_energy_mj":18, "lpm_energy_mj":0, "radio_tx_energy_mj":0, "radio_rx_energy_mj":8, "total_energy_mj":26, "node_time":2304727, "total_sent":108, "total_received":213, "bytes_tx":60, "bytes_rx":12, "r2n_latency":565, "lqi":100, "rssi":-89, "server_sent":226, "server_received":217, "server_bytes_rx":60, "n2r_latency":303, "hops":0, "rtt_latency":737, "root_time_now":2305030}
[Mote:15] Not reachable yet
[Mote:6] Not reachable yet
[Mote:8] Not reachable yet
[Mote:2] Sensor IPv6 = fe80::202:2:2:2
[Mote:19] Not reachable yet
[Mote:1] {"node":"fd00::202:2:2:2", "cpu_energy_mj":18, "lpm_energy_mj":0, "radio_tx_energy_mj":0, "radio_rx_energy_mj":8, "total_energy_mj":26, "node_time":2306128, "total_sent":73, "total_received":224, "bytes_tx":60, "bytes_rx":12, "r2n_latency":285, "lqi":100, "rssi":-83, "server_sent":228, "server_received":145, "server_bytes_rx":60, "n2r_latency":22, "hops":0, "rtt_latency":1227, "root_time_now":2306150}
[Mote:13] Not reachable yet
[Mote:12] Sensor IPv6 = fe80::20c:c:c:c
[Mote:16] Not reachable yet
[Mote:1] {"node":"fd00::20c:c:c:c", "cpu_energy_mj":19, "lpm_energy_mj":0, "radio_tx_energy_mj":0, "radio_rx_energy_mj":8, "total_energy_mj":27, "node_time":2307628, "total_sent":87, "total_received":205, "bytes_tx":60, "bytes_rx":12, "r2n_latency":75, "lqi":100, "rssi":-87, "server_sent":228, "server_received":162, "server_bytes_rx":60, "n2r_latency":62, "hops":0, "rtt_latency":1472, "root_time_now":2307690}
[Mote:11] Not reachable yet
[Mote:5] Not reachable yet
[Mote:3] Sensor IPv6 = fe80::203:3:3:3
[Mote:17] Not reachable yet
[Mote:18] Not reachable yet
[Mote:4] Not reachable yet
[Mote:10] Not reachable yet
[Mote:14] Not reachable yet
[Mote:7] Sensor IPv6 = fe80::207:7:7:7
[Mote:9] Not reachable yet
[Mote:15] Not reachable yet
[Mote:13] Not reachable yet
[Mote:8] Not reachable yet
[Mote:2] Sensor IPv6 = fe80::202:2:2:2
[Mote:1] {"node":"fd00::202:2:2:2", "cpu_energy_mj":18, "lpm_energy_mj":0, "radio_tx_energy_mj":0, "radio_rx_energy_mj":8, "total_energy_mj":26, "node_time":2316659, "total_sent":74, "total_received":225, "bytes_tx":60, "bytes_rx":12, "r2n_latency":154, "lqi":100, "rssi":-83, "server_sent":229, "server_received":147, "server_bytes_rx":60, "n2r_latency":61, "hops":0, "rtt_latency":497, "root_time_now":2316720}
[Mote:6] Not reachable yet
[Mote:19] Not reachable yet
[Mote:16] Not reachable yet
[Mote:11] Not reachable yet
[Mote:12] Sensor IPv6 = fe80::20c:c:c:c
[Mote:1] {"node":"fd00::20c:c:c:c", "cpu_energy_mj":19, "lpm_energy_mj":0, "radio_tx_energy_mj":0, "radio_rx_energy_mj":8, "total_energy_mj":27, "node_time":2318459, "total_sent":88, "total_received":206, "bytes_tx":60, "bytes_rx":12, "r2n_latency":14, "lqi":100, "rssi":-87, "server_sent":229, "server_received":164, "server_bytes_rx":60, "n2r_latency":11, "hops":0, "rtt_latency":1722, "root_time_now":2318470}
[Mote:1] {"node":"fd00::207:7:7:7", "cpu_energy_mj":18, "lpm_energy_mj":0, "radio_tx_energy_mj":0, "radio_rx_energy_mj":8, "total_energy_mj":26, "node_time":2315201, "total_sent":109, "total_received":214, "bytes_tx":60, "bytes_rx":12, "r2n_latency":1274, "lqi":100, "rssi":-89, "server_sent":227, "server_received":219, "server_bytes_rx":60, "n2r_latency":3899, "hops":0, "rtt_latency":952, "root_time_now":2319100}
[Mote:3] Sensor IPv6 = fe80::203:3:3:3
[Mote:17] Not reachable yet
[Mote:5] Not reachable yet
[Mote:18] Not reachable yet
[Mote:4] Not reachable yet
[Mote:10] Not reachable yet
[Mote:14] Not reachable yet
[Mote:7] Sensor IPv6 = fe80::207:7:7:7
[Mote:1] {"node":"fd00::207:7:7:7", "cpu_energy_mj":18, "lpm_energy_mj":0, "radio_tx_energy_mj":0, "radio_rx_energy_mj":8, "total_energy_mj":26, "node_time":2325679, "total_sent":110, "total_received":215, "bytes_tx":60, "bytes_rx":12, "r2n_latency":584, "lqi":100, "rssi":-89, "server_sent":228, "server_received":221, "server_bytes_rx":60, "n2r_latency":71, "hops":0, "rtt_latency":1132, "root_time_now":2325750}
[Mote:9] Not reachable yet
[Mote:15] Not reachable yet
[Mote:13] Not reachable yet
[Mote:8] Not reachable yet
[Mote:2] Sensor IPv6 = fe80::202:2:2:2
[Mote:1] {"node":"fd00::202:2:2:2", "cpu_energy_mj":18, "lpm_energy_mj":0, "radio_tx_energy_mj":0, "radio_rx_energy_mj":8, "total_energy_mj":26, "node_time":2327192, "total_sent":75, "total_received":226, "bytes_tx":60, "bytes_rx":12, "r2n_latency":164, "lqi":100, "rssi":-83, "server_sent":230, "server_received":149, "server_bytes_rx":60, "n2r_latency":28, "hops":0, "rtt_latency":1727, "root_time_now":2327220}
[Mote:6] Not reachable yet
[Mote:16] Not reachable yet
[Mote:19] Not reachable yet
[Mote:11] Not reachable yet
[Mote:12] Sensor IPv6 = fe80::20c:c:c:c
[Mote:1] {"node":"fd00::20c:c:c:c", "cpu_energy_mj":19, "lpm_energy_mj":0, "radio_tx_energy_mj":0, "radio_rx_energy_mj":8, "total_energy_mj":27, "node_time":2329294, "total_sent":89, "total_received":207, "bytes_tx":60, "bytes_rx":12, "r2n_latency":24, "lqi":100, "rssi":-87, "server_sent":230, "server_received":166, "server_bytes_rx":60, "n2r_latency":26, "hops":0, "rtt_latency":1587, "root_time_now":2329320}
[Mote:3] Sensor IPv6 = fe80::203:3:3:3
[Mote:17] Not reachable yet
[Mote:5] Not reachable yet
[Mote:18] Not reachable yet
[Mote:4] Not reachable yet
[Mote:10] Not reachable yet
[Mote:14] Not reachable yet
[Mote:7] Sensor IPv6 = fe80::207:7:7:7
[Mote:1] {"node":"fd00::207:7:7:7", "cpu_energy_mj":18, "lpm_energy_mj":0, "radio_tx_energy_mj":0, "radio_rx_energy_mj":8, "total_energy_mj":26, "node_time":2336153, "total_sent":111, "total_received":216, "bytes_tx":60, "bytes_rx":12, "r2n_latency":734, "lqi":100, "rssi":-89, "server_sent":229, "server_received":223, "server_bytes_rx":60, "n2r_latency":167, "hops":0, "rtt_latency":857, "root_time_now":2336320}
[Mote:9] Not reachable yet
[Mote:13] Not reachable yet
[Mote:15] Not reachable yet
[Mote:8] Not reachable yet
[Mote:2] Sensor IPv6 = fe80::202:2:2:2
[Mote:16] Not reachable yet
[Mote:1] {"node":"fd00::202:2:2:2", "cpu_energy_mj":18, "lpm_energy_mj":0, "radio_tx_energy_mj":0, "radio_rx_energy_mj":8, "total_energy_mj":26, "node_time":2337723, "total_sent":76, "total_received":227, "bytes_tx":60, "bytes_rx":12, "r2n_latency":174, "lqi":100, "rssi":-83, "server_sent":231, "server_received":151, "server_bytes_rx":60, "n2r_latency":67, "hops":0, "rtt_latency":962, "root_time_now":2337790}
[Mote:11] Not reachable yet
[Mote:6] Not reachable yet
[Mote:19] Not reachable yet
[Mote:12] Sensor IPv6 = fe80::20c:c:c:c
[Mote:3] Sensor IPv6 = fe80::203:3:3:3
[Mote:17] Not reachable yet
[Mote:18] Not reachable yet
[Mote:5] Not reachable yet
[Mote:1] {"node":"fd00::20c:c:c:c", "cpu_energy_mj":19, "lpm_energy_mj":0, "radio_tx_energy_mj":0, "radio_rx_energy_mj":8, "total_energy_mj":27, "node_time":2340125, "total_sent":90, "total_received":209, "bytes_tx":60, "bytes_rx":12, "r2n_latency":44, "lqi":100, "rssi":-87, "server_sent":232, "server_received":169, "server_bytes_rx":60, "n2r_latency":2565, "hops":0, "rtt_latency":1317, "root_time_now":2342690}
[Mote:10] Not reachable yet
[Mote:4] Not reachable yet
[Mote:14] Not reachable yet
[Mote:7] Sensor IPv6 = fe80::207:7:7:7
[Mote:1] {"node":"fd00::207:7:7:7", "cpu_energy_mj":18, "lpm_energy_mj":0, "radio_tx_energy_mj":0, "radio_rx_energy_mj":8, "total_energy_mj":26, "node_time":2346629, "total_sent":112, "total_received":217, "bytes_tx":60, "bytes_rx":12, "r2n_latency":464, "lqi":100, "rssi":-89, "server_sent":230, "server_received":225, "server_bytes_rx":60, "n2r_latency":51, "hops":0, "rtt_latency":2122, "root_time_now":2346680}
[Mote:13] Not reachable yet
[Mote:9] Not reachable yet
[Mote:15] Not reachable yet
[Mote:16] Not reachable yet
[Mote:8] Not reachable yet
[Mote:2] Sensor IPv6 = fe80::202:2:2:2
[Mote:1] {"node":"fd00::202:2:2:2", "cpu_energy_mj":18, "lpm_energy_mj":0, "radio_tx_energy_mj":0, "radio_rx_energy_mj":8, "total_energy_mj":26, "node_time":2348252, "total_sent":77, "total_received":228, "bytes_tx":60, "bytes_rx":12, "r2n_latency":184, "lqi":100, "rssi":-83, "server_sent":232, "server_received":153, "server_bytes_rx":60, "n2r_latency":38, "hops":0, "rtt_latency":1282, "root_time_now":2348290}
[Mote:11] Not reachable yet
[Mote:6] Not reachable yet
[Mote:19] Not reachable yet
[Mote:3] Sensor IPv6 = fe80::203:3:3:3
[Mote:12] Sensor IPv6 = fe80::20c:c:c:c
[Mote:17] Not reachable yet
[Mote:1] {"node":"fd00::20c:c:c:c", "cpu_energy_mj":19, "lpm_energy_mj":0, "radio_tx_energy_mj":0, "radio_rx_energy_mj":8, "total_energy_mj":27, "node_time":2350958, "total_sent":91, "total_received":210, "bytes_tx":60, "bytes_rx":12, "r2n_latency":54, "lqi":100, "rssi":-87, "server_sent":233, "server_received":171, "server_bytes_rx":60, "n2r_latency":972, "hops":0, "rtt_latency":937, "root_time_now":2351930}
[Mote:18] Not reachable yet
[Mote:5] Not reachable yet
[Mote:10] Not reachable yet
[Mote:4] Not reachable yet
[Mote:13] Not reachable yet
[Mote:7] Sensor IPv6 = fe80::207:7:7:7
[Mote:14] Not reachable yet
[Mote:1] {"node":"fd00::207:7:7:7", "cpu_energy_mj":18, "lpm_energy_mj":0, "radio_tx_energy_mj":0, "radio_rx_energy_mj":8, "total_energy_mj":26, "node_time":2357105, "total_sent":113, "total_received":218, "bytes_tx":60, "bytes_rx":12, "r2n_latency":544, "lqi":100, "rssi":-89, "server_sent":231, "server_received":227, "server_bytes_rx":60, "n2r_latency":75, "hops":0, "rtt_latency":692, "root_time_now":2357180}
[Mote:9] Not reachable yet
[Mote:15] Not reachable yet
[Mote:16] Not reachable yet
[Mote:8] Not reachable yet
[Mote:11] Not reachable yet
[Mote:2] Sensor IPv6 = fe80::202:2:2:2
[Mote:1] {"node":"fd00::202:2:2:2", "cpu_energy_mj":18, "lpm_energy_mj":0, "radio_tx_energy_mj":0, "radio_rx_energy_mj":8, "total_energy_mj":26, "node_time":2358783, "total_sent":78, "total_received":229, "bytes_tx":60, "bytes_rx":12, "r2n_latency":264, "lqi":100, "rssi":-83, "server_sent":233, "server_received":155, "server_bytes_rx":60, "n2r_latency":7, "hops":0, "rtt_latency":1392, "root_time_now":2358790}
[Mote:6] Not reachable yet
[Mote:19] Not reachable yet
[Mote:3] Sensor IPv6 = fe80::203:3:3:3
[Mote:17] Not reachable yet
[Mote:12] Sensor IPv6 = fe80::20c:c:c:c
[Mote:18] Not reachable yet
[Mote:1] {"node":"fd00::20c:c:c:c", "cpu_energy_mj":19, "lpm_energy_mj":0, "radio_tx_energy_mj":0, "radio_rx_energy_mj":8, "total_energy_mj":27, "node_time":2361791, "total_sent":92, "total_received":211, "bytes_tx":60, "bytes_rx":12, "r2n_latency":64, "lqi":100, "rssi":-87, "server_sent":234, "server_received":173, "server_bytes_rx":60, "n2r_latency":1409, "hops":0, "rtt_latency":1432, "root_time_now":2363200}
[Mote:10] Not reachable yet
[Mote:5] Not reachable yet
[Mote:4] Not reachable yet
[Mote:13] Not reachable yet
[Mote:7] Sensor IPv6 = fe80::207:7:7:7
[Mote:1] {"node":"fd00::207:7:7:7", "cpu_energy_mj":18, "lpm_energy_mj":0, "radio_tx_energy_mj":0, "radio_rx_energy_mj":8, "total_energy_mj":26, "node_time":2367581, "total_sent":114, "total_received":219, "bytes_tx":60, "bytes_rx":12, "r2n_latency":624, "lqi":100, "rssi":-89, "server_sent":232, "server_received":229, "server_bytes_rx":60, "n2r_latency":29, "hops":0, "rtt_latency":1677, "root_time_now":2367610}
[Mote:16] Not reachable yet
[Mote:14] Not reachable yet
[Mote:15] Not reachable yet
[Mote:9] Not reachable yet
[Mote:11] Not reachable yet
[Mote:8] Not reachable yet
[Mote:2] Sensor IPv6 = fe80::202:2:2:2
[Mote:1] {"node":"fd00::202:2:2:2", "cpu_energy_mj":18, "lpm_energy_mj":0, "radio_tx_energy_mj":0, "radio_rx_energy_mj":8, "total_energy_mj":26, "node_time":2369314, "total_sent":79, "total_received":230, "bytes_tx":60, "bytes_rx":12, "r2n_latency":204, "lqi":100, "rssi":-83, "server_sent":234, "server_received":157, "server_bytes_rx":60, "n2r_latency":46, "hops":0, "rtt_latency":1817, "root_time_now":2369360}
[Mote:6] Not reachable yet
[Mote:17] Not reachable yet
[Mote:3] Sensor IPv6 = fe80::203:3:3:3
[Mote:19] Not reachable yet
[Mote:12] Sensor IPv6 = fe80::20c:c:c:c
[Mote:1] {"node":"fd00::20c:c:c:c", "cpu_energy_mj":19, "lpm_energy_mj":0, "radio_tx_energy_mj":0, "radio_rx_energy_mj":8, "total_energy_mj":27, "node_time":2372624, "total_sent":93, "total_received":212, "bytes_tx":60, "bytes_rx":12, "r2n_latency":74, "lqi":100, "rssi":-87, "server_sent":235, "server_received":175, "server_bytes_rx":60, "n2r_latency":516, "hops":0, "rtt_latency":1542, "root_time_now":2373140}
[Mote:18] Not reachable yet
[Mote:10] Not reachable yet
[Mote:5] Not reachable yet
[Mote:4] Not reachable yet
[Mote:13] Not reachable yet
[Mote:16] Not reachable yet
[Mote:7] Sensor IPv6 = fe80::207:7:7:7
[Mote:1] {"node":"fd00::207:7:7:7", "cpu_energy_mj":18, "lpm_energy_mj":0, "radio_tx_energy_mj":0, "radio_rx_energy_mj":8, "total_energy_mj":26, "node_time":2378059, "total_sent":115, "total_received":220, "bytes_tx":60, "bytes_rx":12, "r2n_latency":354, "lqi":100, "rssi":-89, "server_sent":233, "server_received":231, "server_bytes_rx":60, "n2r_latency":51, "hops":0, "rtt_latency":597, "root_time_now":2378110}
[Mote:14] Not reachable yet
[Mote:11] Not reachable yet
[Mote:15] Not reachable yet
[Mote:9] Not reachable yet
[Mote:8] Not reachable yet
[Mote:2] Sensor IPv6 = fe80::202:2:2:2
[Mote:1] {"node":"fd00::202:2:2:2", "cpu_energy_mj":18, "lpm_energy_mj":0, "radio_tx_energy_mj":0, "radio_rx_energy_mj":8, "total_energy_mj":26, "node_time":2379845, "total_sent":80, "total_received":231, "bytes_tx":60, "bytes_rx":12, "r2n_latency":214, "lqi":100, "rssi":-83, "server_sent":235, "server_received":159, "server_bytes_rx":60, "n2r_latency":15, "hops":0, "rtt_latency":1752, "root_time_now":2379860}
[Mote:17] Not reachable yet
[Mote:3] Sensor IPv6 = fe80::203:3:3:3
[Mote:6] Not reachable yet
[Mote:19] Not reachable yet
[Mote:12] Sensor IPv6 = fe80::20c:c:c:c
[Mote:1] {"node":"fd00::20c:c:c:c", "cpu_energy_mj":19, "lpm_energy_mj":0, "radio_tx_energy_mj":0, "radio_rx_energy_mj":8, "total_energy_mj":27, "node_time":2383457, "total_sent":94, "total_received":213, "bytes_tx":60, "bytes_rx":12, "r2n_latency":84, "lqi":100, "rssi":-87, "server_sent":236, "server_received":177, "server_bytes_rx":60, "n2r_latency":43, "hops":0, "rtt_latency":812, "root_time_now":2383500}
[Mote:10] Not reachable yet
[Mote:18] Not reachable yet
[Mote:5] Not reachable yet
[Mote:4] Not reachable yet
[Mote:13] Not reachable yet
[Mote:16] Not reachable yet
[Mote:7] Sensor IPv6 = fe80::207:7:7:7
[Mote:1] {"node":"fd00::207:7:7:7", "cpu_energy_mj":18, "lpm_energy_mj":0, "radio_tx_energy_mj":0, "radio_rx_energy_mj":8, "total_energy_mj":26, "node_time":2388533, "total_sent":116, "total_received":221, "bytes_tx":60, "bytes_rx":12, "r2n_latency":504, "lqi":100, "rssi":-89, "server_sent":234, "server_received":233, "server_bytes_rx":60, "n2r_latency":7, "hops":0, "rtt_latency":1967, "root_time_now":2388540}
[Mote:11] Not reachable yet
[Mote:15] Not reachable yet
[Mote:9] Not reachable yet
[Mote:14] Not reachable yet
[Mote:8] Not reachable yet
[Mote:2] Sensor IPv6 = fe80::202:2:2:2
[Mote:17] Not reachable yet
[Mote:3] Sensor IPv6 = fe80::203:3:3:3
[Mote:6] Not reachable yet
[Mote:19] Not reachable yet
[Mote:1] {"node":"fd00::202:2:2:2", "cpu_energy_mj":18, "lpm_energy_mj":0, "radio_tx_energy_mj":0, "radio_rx_energy_mj":8, "total_energy_mj":26, "node_time":2390376, "total_sent":81, "total_received":233, "bytes_tx":60, "bytes_rx":12, "r2n_latency":164, "lqi":100, "rssi":-83, "server_sent":237, "server_received":162, "server_bytes_rx":60, "n2r_latency":3274, "hops":0, "rtt_latency":1727, "root_time_now":2393650}
[Mote:10] Not reachable yet
[Mote:12] Sensor IPv6 = fe80::20c:c:c:c
[Mote:1] {"node":"fd00::20c:c:c:c", "cpu_energy_mj":19, "lpm_energy_mj":0, "radio_tx_energy_mj":0, "radio_rx_energy_mj":8, "total_energy_mj":27, "node_time":2394290, "total_sent":95, "total_received":214, "bytes_tx":60, "bytes_rx":12, "r2n_latency":24, "lqi":100, "rssi":-87, "server_sent":237, "server_received":179, "server_bytes_rx":60, "n2r_latency":60, "hops":0, "rtt_latency":922, "root_time_now":2394350}
[Mote:18] Not reachable yet
[Mote:5] Not reachable yet
[Mote:4] Not reachable yet
[Mote:13] Not reachable yet
[Mote:16] Not reachable yet
[Mote:11] Not reachable yet
[Mote:7] Sensor IPv6 = fe80::207:7:7:7
[Mote:1] {"node":"fd00::207:7:7:7", "cpu_energy_mj":18, "lpm_energy_mj":0, "radio_tx_energy_mj":0, "radio_rx_energy_mj":8, "total_energy_mj":26, "node_time":2399009, "total_sent":117, "total_received":222, "bytes_tx":60, "bytes_rx":12, "r2n_latency":444, "lqi":100, "rssi":-89, "server_sent":235, "server_received":235, "server_bytes_rx":60, "n2r_latency":31, "hops":0, "rtt_latency":852, "root_time_now":2399040}
[Mote:15] Not reachable yet
[Mote:9] Not reachable yet
[Mote:14] Not reachable yet
[Mote:8] Not reachable yet
[Mote:2] Sensor IPv6 = fe80::202:2:2:2
[Mote:1] {"node":"fd00::202:2:2:2", "cpu_energy_mj":18, "lpm_energy_mj":0, "radio_tx_energy_mj":0, "radio_rx_energy_mj":7, "total_energy_mj":25, "node_time":2400907, "total_sent":82, "total_received":234, "bytes_tx":60, "bytes_rx":12, "r2n_latency":174, "lqi":100, "rssi":-83, "server_sent":238, "server_received":164, "server_bytes_rx":60, "n2r_latency":1003, "hops":0, "rtt_latency":927, "root_time_now":2401910}
[Mote:17] Not reachable yet
[Mote:3] Sensor IPv6 = fe80::203:3:3:3
[Mote:6] Not reachable yet
[Mote:10] Not reachable yet
[Mote:19] Not reachable yet
[Mote:12] Sensor IPv6 = fe80::20c:c:c:c
[Mote:1] {"node":"fd00::20c:c:c:c", "cpu_energy_mj":19, "lpm_energy_mj":0, "radio_tx_energy_mj":0, "radio_rx_energy_mj":8, "total_energy_mj":27, "node_time":2405123, "total_sent":96, "total_received":215, "bytes_tx":60, "bytes_rx":12, "r2n_latency":34, "lqi":100, "rssi":-87, "server_sent":238, "server_received":181, "server_bytes_rx":60, "n2r_latency":77, "hops":0, "rtt_latency":1382, "root_time_now":2405200}
[Mote:18] Not reachable yet
[Mote:4] Not reachable yet
[Mote:5] Not reachable yet
[Mote:13] Not reachable yet
[Mote:16] Not reachable yet
[Mote:11] Not reachable yet
[Mote:7] Sensor IPv6 = fe80::207:7:7:7
[Mote:1] {"node":"fd00::207:7:7:7", "cpu_energy_mj":18, "lpm_energy_mj":0, "radio_tx_energy_mj":0, "radio_rx_energy_mj":8, "total_energy_mj":26, "node_time":2409487, "total_sent":118, "total_received":223, "bytes_tx":60, "bytes_rx":12, "r2n_latency":524, "lqi":100, "rssi":-89, "server_sent":236, "server_received":237, "server_bytes_rx":60, "n2r_latency":53, "hops":0, "rtt_latency":787, "root_time_now":2409540}
[Mote:15] Not reachable yet
[Mote:9] Not reachable yet
[Mote:8] Not reachable yet
[Mote:14] Not reachable yet
[Mote:2] Sensor IPv6 = fe80::202:2:2:2
[Mote:17] Not reachable yet
[Mote:3] Sensor IPv6 = fe80::203:3:3:3
[Mote:1] {"node":"fd00::202:2:2:2", "cpu_energy_mj":18, "lpm_energy_mj":0, "radio_tx_energy_mj":0, "radio_rx_energy_mj":8, "total_energy_mj":26, "node_time":2411438, "total_sent":83, "total_received":235, "bytes_tx":60, "bytes_rx":12, "r2n_latency":186, "lqi":100, "rssi":-83, "server_sent":239, "server_received":166, "server_bytes_rx":60, "n2r_latency":1812, "hops":0, "rtt_latency":1458, "root_time_now":2413250}
[Mote:10] Not reachable yet
[Mote:6] Not reachable yet
[Mote:19] Not reachable yet
[Mote:18] Not reachable yet
[Mote:12] Sensor IPv6 = fe80::20c:c:c:c
[Mote:1] {"node":"fd00::20c:c:c:c", "cpu_energy_mj":19, "lpm_energy_mj":0, "radio_tx_energy_mj":0, "radio_rx_energy_mj":8, "total_energy_mj":27, "node_time":2415956, "total_sent":97, "total_received":216, "bytes_tx":60, "bytes_rx":12, "r2n_latency":46, "lqi":100, "rssi":-87, "server_sent":239, "server_received":183, "server_bytes_rx":60, "n2r_latency":234, "hops":0, "rtt_latency":2823, "root_time_now":2416190}
[Mote:4] Not reachable yet
[Mote:13] Not reachable yet
[Mote:5] Not reachable yet
[Mote:16] Not reachable yet
[Mote:11] Not reachable yet
[Mote:7] Not reachable yet
[Mote:15] Not reachable yet
[Mote:9] Not reachable yet
[Mote:8] Not reachable yet
[Mote:14] Not reachable yet
[Mote:2] Sensor IPv6 = fe80::202:2:2:2
[Mote:17] Not reachable yet
[Mote:3] Sensor IPv6 = fe80::203:3:3:3
[Mote:1] {"node":"fd00::202:2:2:2", "cpu_energy_mj":18, "lpm_energy_mj":0, "radio_tx_energy_mj":0, "radio_rx_energy_mj":8, "total_energy_mj":26, "node_time":2421969, "total_sent":84, "total_received":236, "bytes_tx":60, "bytes_rx":12, "r2n_latency":194, "lqi":100, "rssi":-83, "server_sent":240, "server_received":168, "server_bytes_rx":60, "n2r_latency":1221, "hops":0, "rtt_latency":1567, "root_time_now":2423190}
[Mote:10] Not reachable yet
[Mote:6] Not reachable yet
[Mote:19] Not reachable yet
[Mote:18] Not reachable yet
[Mote:12] Sensor IPv6 = fe80::20c:c:c:c
[Mote:1] {"node":"fd00::20c:c:c:c", "cpu_energy_mj":19, "lpm_energy_mj":0, "radio_tx_energy_mj":0, "radio_rx_energy_mj":8, "total_energy_mj":27, "node_time":2426789, "total_sent":98, "total_received":217, "bytes_tx":60, "bytes_rx":12, "r2n_latency":54, "lqi":100, "rssi":-87, "server_sent":240, "server_received":185, "server_bytes_rx":60, "n2r_latency":41, "hops":0, "rtt_latency":972, "root_time_now":2426830}
[Mote:13] Not reachable yet
[Mote:4] Not reachable yet
[Mote:16] Not reachable yet
[Mote:5] Not reachable yet
[Mote:11] Not reachable yet
[Mote:7] Not reachable yet
[Mote:15] Not reachable yet
[Mote:9] Not reachable yet
[Mote:8] Not reachable yet
[Mote:14] Not reachable yet
[Mote:2] Sensor IPv6 = fe80::202:2:2:2
[Mote:17] Not reachable yet
[Mote:3] Sensor IPv6 = fe80::203:3:3:3
[Mote:1] {"node":"fd00::202:2:2:2", "cpu_energy_mj":18, "lpm_energy_mj":0, "radio_tx_energy_mj":0, "radio_rx_energy_mj":8, "total_energy_mj":26, "node_time":2432502, "total_sent":85, "total_received":237, "bytes_tx":60, "bytes_rx":12, "r2n_latency":344, "lqi":100, "rssi":-83, "server_sent":241, "server_received":170, "server_bytes_rx":60, "n2r_latency":1188, "hops":0, "rtt_latency":1712, "root_time_now":2433690}
[Mote:10] Not reachable yet
[Mote:18] Not reachable yet
[Mote:6] Not reachable yet
[Mote:19] Not reachable yet
[Mote:12] Sensor IPv6 = fe80::20c:c:c:c
[Mote:1] {"node":"fd00::20c:c:c:c", "cpu_energy_mj":19, "lpm_energy_mj":0, "radio_tx_energy_mj":0, "radio_rx_energy_mj":8, "total_energy_mj":27, "node_time":2437622, "total_sent":99, "total_received":218, "bytes_tx":60, "bytes_rx":12, "r2n_latency":64, "lqi":100, "rssi":-87, "server_sent":241, "server_received":187, "server_bytes_rx":60, "n2r_latency":58, "hops":0, "rtt_latency":1572, "root_time_now":2437680}
[Mote:13] Not reachable yet
[Mote:16] Not reachable yet
[Mote:4] Not reachable yet
[Mote:5] Not reachable yet
[Mote:11] Not reachable yet
[Mote:7] Not reachable yet
[Mote:15] Not reachable yet
[Mote:9] Not reachable yet
[Mote:8] Not reachable yet
[Mote:17] Not reachable yet
[Mote:2] Sensor IPv6 = fe80::202:2:2:2
[Mote:14] Not reachable yet
[Mote:3] Sensor IPv6 = fe80::203:3:3:3
[Mote:1] {"node":"fd00::202:2:2:2", "cpu_energy_mj":18, "lpm_energy_mj":0, "radio_tx_energy_mj":0, "radio_rx_energy_mj":8, "total_energy_mj":26, "node_time":2443031, "total_sent":86, "total_received":238, "bytes_tx":60, "bytes_rx":12, "r2n_latency":214, "lqi":100, "rssi":-83, "server_sent":242, "server_received":172, "server_bytes_rx":60, "n2r_latency":529, "hops":0, "rtt_latency":1752, "root_time_now":2443560}
[Mote:10] Not reachable yet
[Mote:18] Not reachable yet
[Mote:13] Not reachable yet
[Mote:6] Not reachable yet
[Mote:16] Not reachable yet
[Mote:19] Not reachable yet
[Mote:12] Sensor IPv6 = fe80::20c:c:c:c
[Mote:1] {"node":"fd00::20c:c:c:c", "cpu_energy_mj":19, "lpm_energy_mj":0, "radio_tx_energy_mj":0, "radio_rx_energy_mj":8, "total_energy_mj":27, "node_time":2448455, "total_sent":100, "total_received":219, "bytes_tx":60, "bytes_rx":12, "r2n_latency":74, "lqi":100, "rssi":-87, "server_sent":242, "server_received":189, "server_bytes_rx":60, "n2r_latency":355, "hops":0, "rtt_latency":1192, "root_time_now":2448810}
[Mote:4] Not reachable yet
[Mote:11] Not reachable yet
[Mote:5] Not reachable yet
[Mote:7] Not reachable yet
[Mote:15] Not reachable yet
[Mote:8] Sensor IPv6 = fe80::208:8:8:8
[Mote:1] {"node":"fd00::208:8:8:8", "cpu_energy_mj":622, "lpm_energy_mj":0, "radio_tx_energy_mj":14, "radio_rx_energy_mj":1497, "total_energy_mj":2133, "node_time":2452698, "total_sent":108, "total_received":230, "bytes_tx":60, "bytes_rx":12, "r2n_latency":504, "lqi":100, "rssi":-90, "server_sent":242, "server_received":242, "server_bytes_rx":60, "n2r_latency":32, "hops":0, "rtt_latency":1162, "root_time_now":2452730}
[Mote:9] Not reachable yet
[Mote:17] Not reachable yet
[Mote:2] Sensor IPv6 = fe80::202:2:2:2
[Mote:3] Sensor IPv6 = fe80::203:3:3:3
[Mote:14] Not reachable yet
[Mote:1] {"node":"fd00::202:2:2:2", "cpu_energy_mj":18, "lpm_energy_mj":0, "radio_tx_energy_mj":0, "radio_rx_energy_mj":7, "total_energy_mj":25, "node_time":2453562, "total_sent":87, "total_received":239, "bytes_tx":60, "bytes_rx":12, "r2n_latency":154, "lqi":100, "rssi":-83, "server_sent":243, "server_received":174, "server_bytes_rx":60, "n2r_latency":638, "hops":0, "rtt_latency":1267, "root_time_now":2454200}
[Mote:10] Not reachable yet
[Mote:13] Not reachable yet
[Mote:18] Not reachable yet
[Mote:16] Not reachable yet
[Mote:6] Not reachable yet
[Mote:19] Not reachable yet
[Mote:12] Sensor IPv6 = fe80::20c:c:c:c
[Mote:1] {"node":"fd00::20c:c:c:c", "cpu_energy_mj":19, "lpm_energy_mj":0, "radio_tx_energy_mj":0, "radio_rx_energy_mj":8, "total_energy_mj":27, "node_time":2459290, "total_sent":101, "total_received":220, "bytes_tx":60, "bytes_rx":12, "r2n_latency":14, "lqi":100, "rssi":-87, "server_sent":243, "server_received":191, "server_bytes_rx":60, "n2r_latency":20, "hops":0, "rtt_latency":1582, "root_time_now":2459310}
[Mote:4] Not reachable yet
[Mote:11] Not reachable yet
[Mote:5] Not reachable yet
[Mote:7] Not reachable yet
[Mote:15] Not reachable yet
[Mote:8] Sensor IPv6 = fe80::208:8:8:8
[Mote:9] Not reachable yet
[Mote:17] Not reachable yet
[Mote:1] {"node":"fd00::208:8:8:8", "cpu_energy_mj":18, "lpm_energy_mj":0, "radio_tx_energy_mj":0, "radio_rx_energy_mj":8, "total_energy_mj":26, "node_time":2463181, "total_sent":109, "total_received":231, "bytes_tx":60, "bytes_rx":12, "r2n_latency":374, "lqi":100, "rssi":-90, "server_sent":243, "server_received":244, "server_bytes_rx":60, "n2r_latency":539, "hops":0, "rtt_latency":1482, "root_time_now":2463720}
[Mote:3] Sensor IPv6 = fe80::203:3:3:3
[Mote:2] Sensor IPv6 = fe80::202:2:2:2
[Mote:1] {"node":"fd00::202:2:2:2", "cpu_energy_mj":18, "lpm_energy_mj":0, "radio_tx_energy_mj":0, "radio_rx_energy_mj":8, "total_energy_mj":26, "node_time":2464093, "total_sent":88, "total_received":240, "bytes_tx":60, "bytes_rx":12, "r2n_latency":164, "lqi":100, "rssi":-83, "server_sent":244, "server_received":176, "server_bytes_rx":60, "n2r_latency":47, "hops":0, "rtt_latency":1657, "root_time_now":2464140}
[Mote:14] Not reachable yet
[Mote:10] Not reachable yet
[Mote:13] Not reachable yet
[Mote:16] Not reachable yet
[Mote:18] Not reachable yet
[Mote:11] Not reachable yet
[Mote:6] Not reachable yet
[Mote:19] Not reachable yet
[Mote:4] Not reachable yet
[Mote:12] Sensor IPv6 = fe80::20c:c:c:c
[Mote:5] Not reachable yet
[Mote:7] Not reachable yet
[Mote:1] {"node":"fd00::20c:c:c:c", "cpu_energy_mj":19, "lpm_energy_mj":0, "radio_tx_energy_mj":0, "radio_rx_energy_mj":8, "total_energy_mj":27, "node_time":2470121, "total_sent":102, "total_received":222, "bytes_tx":60, "bytes_rx":12, "r2n_latency":34, "lqi":100, "rssi":-87, "server_sent":245, "server_received":194, "server_bytes_rx":60, "n2r_latency":2909, "hops":0, "rtt_latency":1487, "root_time_now":2473030}
[Mote:15] Not reachable yet
[Mote:17] Not reachable yet
[Mote:8] Sensor IPv6 = fe80::208:8:8:8
[Mote:9] Not reachable yet
[Mote:3] Sensor IPv6 = fe80::203:3:3:3
[Mote:1] {"node":"fd00::208:8:8:8", "cpu_energy_mj":18, "lpm_energy_mj":0, "radio_tx_energy_mj":0, "radio_rx_energy_mj":8, "total_energy_mj":26, "node_time":2473666, "total_sent":110, "total_received":232, "bytes_tx":60, "bytes_rx":12, "r2n_latency":314, "lqi":100, "rssi":-90, "server_sent":244, "server_received":246, "server_bytes_rx":60, "n2r_latency":484, "hops":0, "rtt_latency":2047, "root_time_now":2474150}
[Mote:2] Sensor IPv6 = fe80::202:2:2:2
[Mote:1] {"node":"fd00::202:2:2:2", "cpu_energy_mj":18, "lpm_energy_mj":0, "radio_tx_energy_mj":0, "radio_rx_energy_mj":8, "total_energy_mj":26, "node_time":2474626, "total_sent":89, "total_received":241, "bytes_tx":60, "bytes_rx":12, "r2n_latency":524, "lqi":100, "rssi":-83, "server_sent":245, "server_received":178, "server_bytes_rx":60, "n2r_latency":14, "hops":0, "rtt_latency":1627, "root_time_now":2474640}
[Mote:14] Not reachable yet
[Mote:10] Not reachable yet
[Mote:13] Not reachable yet
[Mote:16] Not reachable yet
[Mote:18] Not reachable yet
[Mote:11] Not reachable yet
[Mote:4] Not reachable yet
[Mote:6] Not reachable yet
[Mote:12] Sensor IPv6 = fe80::20c:c:c:c
[Mote:19] Not reachable yet
[Mote:5] Not reachable yet
[Mote:7] Not reachable yet
[Mote:17] Not reachable yet
[Mote:15] Not reachable yet
[Mote:1] {"node":"fd00::20c:c:c:c", "cpu_energy_mj":19, "lpm_energy_mj":0, "radio_tx_energy_mj":0, "radio_rx_energy_mj":8, "total_energy_mj":27, "node_time":2480954, "total_sent":103, "total_received":223, "bytes_tx":60, "bytes_rx":12, "r2n_latency":44, "lqi":100, "rssi":-87, "server_sent":246, "server_received":196, "server_bytes_rx":60, "n2r_latency":3066, "hops":0, "rtt_latency":1982, "root_time_now":2484020}
[Mote:8] Sensor IPv6 = fe80::208:8:8:8
[Mote:3] Sensor IPv6 = fe80::203:3:3:3
[Mote:9] Not reachable yet
[Mote:2] Sensor IPv6 = fe80::202:2:2:2
[Mote:1] {"node":"fd00::202:2:2:2", "cpu_energy_mj":18, "lpm_energy_mj":0, "radio_tx_energy_mj":0, "radio_rx_energy_mj":8, "total_energy_mj":26, "node_time":2485155, "total_sent":90, "total_received":242, "bytes_tx":60, "bytes_rx":12, "r2n_latency":184, "lqi":100, "rssi":-83, "server_sent":246, "server_received":180, "server_bytes_rx":60, "n2r_latency":55, "hops":0, "rtt_latency":1807, "root_time_now":2485210}
[Mote:1] {"node":"fd00::208:8:8:8", "cpu_energy_mj":18, "lpm_energy_mj":0, "radio_tx_energy_mj":0, "radio_rx_energy_mj":8, "total_energy_mj":26, "node_time":2484147, "total_sent":111, "total_received":233, "bytes_tx":60, "bytes_rx":12, "r2n_latency":464, "lqi":100, "rssi":-90, "server_sent":245, "server_received":248, "server_bytes_rx":60, "n2r_latency":1343, "hops":0, "rtt_latency":2717, "root_time_now":2485490}
[Mote:10] Not reachable yet
[Mote:14] Not reachable yet
[Mote:16] Not reachable yet
[Mote:13] Not reachable yet
[Mote:18] Not reachable yet
[Mote:11] Not reachable yet
[Mote:4] Not reachable yet
[Mote:6] Not reachable yet
[Mote:12] Sensor IPv6 = fe80::20c:c:c:c
[Mote:1] {"node":"fd00::20c:c:c:c", "cpu_energy_mj":19, "lpm_energy_mj":0, "radio_tx_energy_mj":0, "radio_rx_energy_mj":8, "total_energy_mj":27, "node_time":2491787, "total_sent":104, "total_received":224, "bytes_tx":60, "bytes_rx":12, "r2n_latency":54, "lqi":100, "rssi":-87, "server_sent":247, "server_received":198, "server_bytes_rx":60, "n2r_latency":73, "hops":0, "rtt_latency":902, "root_time_now":2491860}
[Mote:19] Not reachable yet
[Mote:5] Not reachable yet
[Mote:7] Not reachable yet
[Mote:17] Not reachable yet
[Mote:15] Not reachable yet
[Mote:8] Sensor IPv6 = fe80::208:8:8:8
[Mote:3] Sensor IPv6 = fe80::203:3:3:3
[Mote:1] {"node":"fd00::208:8:8:8", "cpu_energy_mj":18, "lpm_energy_mj":0, "radio_tx_energy_mj":0, "radio_rx_energy_mj":7, "total_energy_mj":25, "node_time":2494630, "total_sent":112, "total_received":234, "bytes_tx":60, "bytes_rx":12, "r2n_latency":474, "lqi":100, "rssi":-90, "server_sent":246, "server_received":250, "server_bytes_rx":60, "n2r_latency":30, "hops":0, "rtt_latency":1917, "root_time_now":2494660}
[Mote:9] Not reachable yet
[Mote:2] Sensor IPv6 = fe80::202:2:2:2
[Mote:1] {"node":"fd00::202:2:2:2", "cpu_energy_mj":18, "lpm_energy_mj":0, "radio_tx_energy_mj":0, "radio_rx_energy_mj":8, "total_energy_mj":26, "node_time":2495686, "total_sent":91, "total_received":243, "bytes_tx":60, "bytes_rx":12, "r2n_latency":334, "lqi":100, "rssi":-83, "server_sent":247, "server_received":182, "server_bytes_rx":60, "n2r_latency":24, "hops":0, "rtt_latency":1707, "root_time_now":2495710}
[Mote:10] Not reachable yet
[Mote:14] Not reachable yet
[Mote:16] Not reachable yet
[Mote:13] Not reachable yet
[Mote:11] Not reachable yet
[Mote:18] Not reachable yet
[Mote:4] Not reachable yet
[Mote:6] Not reachable yet
[Mote:12] Sensor IPv6 = fe80::20c:c:c:c
[Mote:19] Not reachable yet
[Mote:1] {"node":"fd00::20c:c:c:c", "cpu_energy_mj":19, "lpm_energy_mj":0, "radio_tx_energy_mj":0, "radio_rx_energy_mj":8, "total_energy_mj":27, "node_time":2502620, "total_sent":105, "total_received":225, "bytes_tx":60, "bytes_rx":12, "r2n_latency":62, "lqi":100, "rssi":-87, "server_sent":248, "server_received":200, "server_bytes_rx":60, "n2r_latency":790, "hops":0, "rtt_latency":1676, "root_time_now":2503410}
[Mote:7] Not reachable yet
[Mote:5] Not reachable yet
[Mote:17] Not reachable yet
[Mote:3] Not reachable yet
[Mote:15] Not reachable yet
[Mote:8] Sensor IPv6 = fe80::208:8:8:8
[Mote:1] {"node":"fd00::208:8:8:8", "cpu_energy_mj":18, "lpm_energy_mj":0, "radio_tx_energy_mj":1, "radio_rx_energy_mj":7, "total_energy_mj":26, "node_time":2505113, "total_sent":113, "total_received":235, "bytes_tx":60, "bytes_rx":12, "r2n_latency":412, "lqi":100, "rssi":-90, "server_sent":247, "server_received":252, "server_bytes_rx":60, "n2r_latency":467, "hops":0, "rtt_latency":1151, "root_time_now":2505580}
[Mote:9] Not reachable yet
[Mote:10] Not reachable yet
[Mote:2] Sensor IPv6 = fe80::202:2:2:2
[Mote:1] {"node":"fd00::202:2:2:2", "cpu_energy_mj":18, "lpm_energy_mj":0, "radio_tx_energy_mj":0, "radio_rx_energy_mj":8, "total_energy_mj":26, "node_time":2506217, "total_sent":92, "total_received":244, "bytes_tx":60, "bytes_rx":12, "r2n_latency":552, "lqi":100, "rssi":-83, "server_sent":248, "server_received":184, "server_bytes_rx":60, "n2r_latency":203, "hops":0, "rtt_latency":2026, "root_time_now":2506420}
[Mote:14] Not reachable yet
[Mote:16] Not reachable yet
[Mote:13] Not reachable yet
[Mote:11] Not reachable yet
[Mote:18] Not reachable yet
[Mote:4] Not reachable yet
[Mote:12] Sensor IPv6 = fe80::20c:c:c:c
[Mote:1] {"node":"fd00::20c:c:c:c", "cpu_energy_mj":19, "lpm_energy_mj":0, "radio_tx_energy_mj":0, "radio_rx_energy_mj":8, "total_energy_mj":27, "node_time":2513455, "total_sent":106, "total_received":226, "bytes_tx":60, "bytes_rx":12, "r2n_latency":74, "lqi":100, "rssi":-87, "server_sent":249, "server_received":202, "server_bytes_rx":60, "n2r_latency":35, "hops":0, "rtt_latency":1157, "root_time_now":2513490}
[Mote:6] Not reachable yet
[Mote:19] Not reachable yet
[Mote:7] Not reachable yet
[Mote:17] Not reachable yet
[Mote:5] Not reachable yet
[Mote:3] Not reachable yet
[Mote:15] Not reachable yet
[Mote:8] Sensor IPv6 = fe80::208:8:8:8
[Mote:1] {"node":"fd00::208:8:8:8", "cpu_energy_mj":18, "lpm_energy_mj":0, "radio_tx_energy_mj":0, "radio_rx_energy_mj":8, "total_energy_mj":26, "node_time":2515598, "total_sent":114, "total_received":236, "bytes_tx":60, "bytes_rx":12, "r2n_latency":774, "lqi":100, "rssi":-90, "server_sent":248, "server_received":254, "server_bytes_rx":60, "n2r_latency":62, "hops":0, "rtt_latency":1052, "root_time_now":2515660}
[Mote:9] Not reachable yet
[Mote:10] Not reachable yet
[Mote:2] Sensor IPv6 = fe80::202:2:2:2
[Mote:1] {"node":"fd00::202:2:2:2", "cpu_energy_mj":18, "lpm_energy_mj":0, "radio_tx_energy_mj":0, "radio_rx_energy_mj":8, "total_energy_mj":26, "node_time":2516748, "total_sent":93, "total_received":245, "bytes_tx":60, "bytes_rx":12, "r2n_latency":214, "lqi":100, "rssi":-83, "server_sent":249, "server_received":186, "server_bytes_rx":60, "n2r_latency":32, "hops":0, "rtt_latency":1647, "root_time_now":2516780}
[Mote:16] Not reachable yet
[Mote:14] Not reachable yet
[Mote:13] Not reachable yet
[Mote:11] Not reachable yet
[Mote:18] Not reachable yet
[Mote:4] Not reachable yet
[Mote:12] Sensor IPv6 = fe80::20c:c:c:c
[Mote:1] {"node":"fd00::20c:c:c:c", "cpu_energy_mj":19, "lpm_energy_mj":0, "radio_tx_energy_mj":0, "radio_rx_energy_mj":8, "total_energy_mj":27, "node_time":2524286, "total_sent":107, "total_received":227, "bytes_tx":60, "bytes_rx":12, "r2n_latency":294, "lqi":100, "rssi":-87, "server_sent":250, "server_received":204, "server_bytes_rx":60, "n2r_latency":54, "hops":0, "rtt_latency":1617, "root_time_now":2524340}
[Mote:6] Not reachable yet
[Mote:19] Not reachable yet
[Mote:7] Not reachable yet
[Mote:17] Not reachable yet
[Mote:3] Not reachable yet
[Mote:5] Not reachable yet
[Mote:15] Not reachable yet
[Mote:8] Sensor IPv6 = fe80::208:8:8:8
[Mote:1] {"node":"fd00::208:8:8:8", "cpu_energy_mj":18, "lpm_energy_mj":0, "radio_tx_energy_mj":0, "radio_rx_energy_mj":8, "total_energy_mj":26, "node_time":2526079, "total_sent":115, "total_received":237, "bytes_tx":60, "bytes_rx":12, "r2n_latency":574, "lqi":100, "rssi":-90, "server_sent":249, "server_received":256, "server_bytes_rx":60, "n2r_latency":11, "hops":0, "rtt_latency":812, "root_time_now":2526090}
[Mote:10] Not reachable yet
[Mote:9] Not reachable yet
[Mote:2] Sensor IPv6 = fe80::202:2:2:2
[Mote:1] {"node":"fd00::202:2:2:2", "cpu_energy_mj":18, "lpm_energy_mj":0, "radio_tx_energy_mj":0, "radio_rx_energy_mj":8, "total_energy_mj":26, "node_time":2527279, "total_sent":94, "total_received":246, "bytes_tx":60, "bytes_rx":12, "r2n_latency":84, "lqi":100, "rssi":-83, "server_sent":250, "server_received":188, "server_bytes_rx":60, "n2r_latency":71, "hops":0, "rtt_latency":1372, "root_time_now":2527350}
[Mote:16] Not reachable yet
[Mote:13] Not reachable yet
[Mote:14] Not reachable yet
[Mote:11] Not reachable yet
[Mote:18] Not reachable yet
[Mote:4] Not reachable yet
[Mote:17] Not reachable yet
[Mote:12] Sensor IPv6 = fe80::20c:c:c:c
[Mote:1] {"node":"fd00::20c:c:c:c", "cpu_energy_mj":19, "lpm_energy_mj":0, "radio_tx_energy_mj":0, "radio_rx_energy_mj":8, "total_energy_mj":27, "node_time":2535119, "total_sent":108, "total_received":228, "bytes_tx":60, "bytes_rx":12, "r2n_latency":25, "lqi":100, "rssi":-87, "server_sent":251, "server_received":206, "server_bytes_rx":60, "n2r_latency":71, "hops":0, "rtt_latency":1447, "root_time_now":2535190}
[Mote:7] Not reachable yet
[Mote:6] Not reachable yet
[Mote:19] Not reachable yet
[Mote:3] Not reachable yet
[Mote:5] Not reachable yet
[Mote:8] Sensor IPv6 = fe80::208:8:8:8
[Mote:15] Not reachable yet
[Mote:1] {"node":"fd00::208:8:8:8", "cpu_energy_mj":18, "lpm_energy_mj":0, "radio_tx_energy_mj":0, "radio_rx_energy_mj":8, "total_energy_mj":26, "node_time":2536562, "total_sent":116, "total_received":238, "bytes_tx":60, "bytes_rx":12, "r2n_latency":1215, "lqi":100, "rssi":-90, "server_sent":250, "server_received":258, "server_bytes_rx":60, "n2r_latency":28, "hops":0, "rtt_latency":2042, "root_time_now":2536590}
[Mote:10] Not reachable yet
[Mote:9] Not reachable yet
[Mote:2] Sensor IPv6 = fe80::202:2:2:2
[Mote:1] {"node":"fd00::202:2:2:2", "cpu_energy_mj":18, "lpm_energy_mj":0, "radio_tx_energy_mj":0, "radio_rx_energy_mj":8, "total_energy_mj":26, "node_time":2537810, "total_sent":95, "total_received":247, "bytes_tx":60, "bytes_rx":12, "r2n_latency":165, "lqi":100, "rssi":-83, "server_sent":251, "server_received":190, "server_bytes_rx":60, "n2r_latency":40, "hops":0, "rtt_latency":1062, "root_time_now":2537850}
[Mote:16] Not reachable yet
[Mote:13] Not reachable yet
[Mote:14] Not reachable yet
[Mote:11] Not reachable yet
[Mote:18] Not reachable yet
[Mote:4] Not reachable yet
[Mote:17] Not reachable yet
[Mote:7] Not reachable yet
[Mote:12] Sensor IPv6 = fe80::20c:c:c:c
[Mote:3] Not reachable yet
[Mote:1] {"node":"fd00::20c:c:c:c", "cpu_energy_mj":19, "lpm_energy_mj":0, "radio_tx_energy_mj":0, "radio_rx_energy_mj":8, "total_energy_mj":27, "node_time":2545954, "total_sent":109, "total_received":229, "bytes_tx":60, "bytes_rx":12, "r2n_latency":34, "lqi":100, "rssi":-87, "server_sent":252, "server_received":208, "server_bytes_rx":60, "n2r_latency":86, "hops":0, "rtt_latency":1137, "root_time_now":2546040}
[Mote:6] Not reachable yet
[Mote:19] Not reachable yet
[Mote:10] Not reachable yet
[Mote:8] Sensor IPv6 = fe80::208:8:8:8
[Mote:1] {"node":"fd00::208:8:8:8", "cpu_energy_mj":18, "lpm_energy_mj":0, "radio_tx_energy_mj":0, "radio_rx_energy_mj":8, "total_energy_mj":26, "node_time":2547047, "total_sent":117, "total_received":239, "bytes_tx":60, "bytes_rx":12, "r2n_latency":664, "lqi":100, "rssi":-90, "server_sent":251, "server_received":260, "server_bytes_rx":60, "n2r_latency":43, "hops":0, "rtt_latency":962, "root_time_now":2547090}
[Mote:15] Not reachable yet
[Mote:5] Not reachable yet
[Mote:9] Not reachable yet
[Mote:2] Sensor IPv6 = fe80::202:2:2:2
[Mote:1] {"node":"fd00::202:2:2:2", "cpu_energy_mj":18, "lpm_energy_mj":0, "radio_tx_energy_mj":0, "radio_rx_energy_mj":8, "total_energy_mj":26, "node_time":2548343, "total_sent":96, "total_received":248, "bytes_tx":60, "bytes_rx":12, "r2n_latency":174, "lqi":100, "rssi":-83, "server_sent":252, "server_received":192, "server_bytes_rx":60, "n2r_latency":7, "hops":0, "rtt_latency":1172, "root_time_now":2548350}
[Mote:16] Not reachable yet
[Mote:13] Not reachable yet
[Mote:11] Not reachable yet
[Mote:14] Not reachable yet
[Mote:18] Not reachable yet
[Mote:4] Not reachable yet
[Mote:17] Not reachable yet
[Mote:7] Not reachable yet
[Mote:3] Not reachable yet
[Mote:12] Sensor IPv6 = fe80::20c:c:c:c
[Mote:10] Not reachable yet
[Mote:6] Not reachable yet
[Mote:1] {"node":"fd00::20c:c:c:c", "cpu_energy_mj":19, "lpm_energy_mj":0, "radio_tx_energy_mj":0, "radio_rx_energy_mj":8, "total_energy_mj":27, "node_time":2556785, "total_sent":110, "total_received":230, "bytes_tx":60, "bytes_rx":12, "r2n_latency":44, "lqi":100, "rssi":-87, "server_sent":253, "server_received":210, "server_bytes_rx":60, "n2r_latency":665, "hops":0, "rtt_latency":1492, "root_time_now":2557450}
[Mote:19] Not reachable yet
[Mote:8] Sensor IPv6 = fe80::208:8:8:8
[Mote:1] {"node":"fd00::208:8:8:8", "cpu_energy_mj":18, "lpm_energy_mj":0, "radio_tx_energy_mj":0, "radio_rx_energy_mj":8, "total_energy_mj":26, "node_time":2557528, "total_sent":118, "total_received":240, "bytes_tx":60, "bytes_rx":12, "r2n_latency":394, "lqi":100, "rssi":-90, "server_sent":252, "server_received":262, "server_bytes_rx":60, "n2r_latency":62, "hops":0, "rtt_latency":1072, "root_time_now":2557590}
[Mote:15] Not reachable yet
[Mote:5] Not reachable yet
[Mote:16] Not reachable yet
[Mote:9] Not reachable yet
[Mote:2] Sensor IPv6 = fe80::202:2:2:2
[Mote:1] {"node":"fd00::202:2:2:2", "cpu_energy_mj":18, "lpm_energy_mj":0, "radio_tx_energy_mj":0, "radio_rx_energy_mj":8, "total_energy_mj":26, "node_time":2558874, "total_sent":97, "total_received":249, "bytes_tx":60, "bytes_rx":12, "r2n_latency":184, "lqi":100, "rssi":-83, "server_sent":253, "server_received":194, "server_bytes_rx":60, "n2r_latency":46, "hops":0, "rtt_latency":2892, "root_time_now":2558920}
[Mote:13] Not reachable yet
[Mote:11] Not reachable yet
[Mote:14] Not reachable yet
[Mote:18] Not reachable yet
[Mote:4] Not reachable yet
[Mote:17] Not reachable yet
[Mote:3] Not reachable yet
[Mote:7] Not reachable yet
[Mote:10] Not reachable yet
[Mote:12] Sensor IPv6 = fe80::20c:c:c:c
[Mote:1] {"node":"fd00::20c:c:c:c", "cpu_energy_mj":19, "lpm_energy_mj":0, "radio_tx_energy_mj":0, "radio_rx_energy_mj":8, "total_energy_mj":27, "node_time":2567618, "total_sent":111, "total_received":231, "bytes_tx":60, "bytes_rx":12, "r2n_latency":54, "lqi":100, "rssi":-87, "server_sent":254, "server_received":212, "server_bytes_rx":60, "n2r_latency":52, "hops":0, "rtt_latency":2827, "root_time_now":2567670}
[Mote:8] Sensor IPv6 = fe80::208:8:8:8
[Mote:1] {"node":"fd00::208:8:8:8", "cpu_energy_mj":18, "lpm_energy_mj":0, "radio_tx_energy_mj":0, "radio_rx_energy_mj":8, "total_energy_mj":26, "node_time":2568011, "total_sent":119, "total_received":241, "bytes_tx":60, "bytes_rx":12, "r2n_latency":614, "lqi":100, "rssi":-90, "server_sent":253, "server_received":264, "server_bytes_rx":60, "n2r_latency":9, "hops":0, "rtt_latency":937, "root_time_now":2568020}
[Mote:15] Not reachable yet
[Mote:6] Not reachable yet
[Mote:19] Not reachable yet
[Mote:16] Not reachable yet
[Mote:5] Not reachable yet
[Mote:9] Not reachable yet
[Mote:13] Not reachable yet
[Mote:2] Not reachable yet
[Mote:11] Not reachable yet
[Mote:14] Not reachable yet
[Mote:18] Not reachable yet
[Mote:4] Not reachable yet
[Mote:17] Not reachable yet
[Mote:3] Not reachable yet
[Mote:7] Not reachable yet
[Mote:10] Not reachable yet
[Mote:12] Sensor IPv6 = fe80::20c:c:c:c
[Mote:8] Sensor IPv6 = fe80::208:8:8:8
[Mote:16] Not reachable yet
[Mote:1] {"node":"fd00::20c:c:c:c", "cpu_energy_mj":19, "lpm_energy_mj":0, "radio_tx_energy_mj":0, "radio_rx_energy_mj":8, "total_energy_mj":27, "node_time":2578451, "total_sent":112, "total_received":232, "bytes_tx":60, "bytes_rx":12, "r2n_latency":64, "lqi":100, "rssi":-87, "server_sent":255, "server_received":214, "server_bytes_rx":60, "n2r_latency":209, "hops":0, "rtt_latency":907, "root_time_now":2578660}
[Mote:15] Not reachable yet
[Mote:1] {"node":"fd00::208:8:8:8", "cpu_energy_mj":18, "lpm_energy_mj":0, "radio_tx_energy_mj":0, "radio_rx_energy_mj":8, "total_energy_mj":26, "node_time":2578494, "total_sent":120, "total_received":242, "bytes_tx":60, "bytes_rx":12, "r2n_latency":694, "lqi":100, "rssi":-90, "server_sent":254, "server_received":266, "server_bytes_rx":60, "n2r_latency":236, "hops":0, "rtt_latency":1257, "root_time_now":2578730}
[Mote:6] Not reachable yet
[Mote:13] Not reachable yet
[Mote:19] Not reachable yet
[Mote:5] Not reachable yet
[Mote:9] Not reachable yet
[Mote:2] Not reachable yet
[Mote:11] Not reachable yet
[Mote:14] Not reachable yet
[Mote:18] Not reachable yet
[Mote:17] Not reachable yet
[Mote:4] Not reachable yet
[Mote:3] Not reachable yet
[Mote:7] Not reachable yet
[Mote:10] Not reachable yet
[Mote:16] Not reachable yet
[Mote:8] Sensor IPv6 = fe80::208:8:8:8
[Mote:1] {"node":"fd00::208:8:8:8", "cpu_energy_mj":18, "lpm_energy_mj":0, "radio_tx_energy_mj":0, "radio_rx_energy_mj":8, "total_energy_mj":26, "node_time":2588977, "total_sent":121, "total_received":243, "bytes_tx":60, "bytes_rx":12, "r2n_latency":704, "lqi":100, "rssi":-90, "server_sent":255, "server_received":268, "server_bytes_rx":60, "n2r_latency":43, "hops":0, "rtt_latency":982, "root_time_now":2589020}
[Mote:15] Not reachable yet
[Mote:12] Sensor IPv6 = fe80::20c:c:c:c
[Mote:1] {"node":"fd00::20c:c:c:c", "cpu_energy_mj":19, "lpm_energy_mj":0, "radio_tx_energy_mj":0, "radio_rx_energy_mj":8, "total_energy_mj":27, "node_time":2589284, "total_sent":113, "total_received":233, "bytes_tx":60, "bytes_rx":12, "r2n_latency":74, "lqi":100, "rssi":-87, "server_sent":256, "server_received":216, "server_bytes_rx":60, "n2r_latency":16, "hops":0, "rtt_latency":667, "root_time_now":2589300}
[Mote:13] Not reachable yet
[Mote:6] Not reachable yet
[Mote:9] Not reachable yet
[Mote:19] Not reachable yet
[Mote:5] Not reachable yet
[Mote:2] Not reachable yet
[Mote:11] Not reachable yet
[Mote:14] Not reachable yet
[Mote:18] Not reachable yet
[Mote:17] Not reachable yet
[Mote:4] Not reachable yet
[Mote:3] Not reachable yet
[Mote:10] Not reachable yet
[Mote:7] Not reachable yet
[Mote:16] Not reachable yet
[Mote:8] Sensor IPv6 = fe80::208:8:8:8
[Mote:1] {"node":"fd00::208:8:8:8", "cpu_energy_mj":18, "lpm_energy_mj":0, "radio_tx_energy_mj":0, "radio_rx_energy_mj":8, "total_energy_mj":26, "node_time":2599460, "total_sent":122, "total_received":244, "bytes_tx":60, "bytes_rx":12, "r2n_latency":574, "lqi":100, "rssi":-90, "server_sent":256, "server_received":270, "server_bytes_rx":60, "n2r_latency":60, "hops":0, "rtt_latency":952, "root_time_now":2599520}
[Mote:13] Not reachable yet
[Mote:15] Not reachable yet
[Mote:12] Sensor IPv6 = fe80::20c:c:c:c
[Mote:9] Not reachable yet
[Mote:6] Not reachable yet
[Mote:2] Not reachable yet
[Mote:19] Not reachable yet
[Mote:5] Not reachable yet
[Mote:11] Not reachable yet
[Mote:1] {"node":"fd00::20c:c:c:c", "cpu_energy_mj":19, "lpm_energy_mj":0, "radio_tx_energy_mj":0, "radio_rx_energy_mj":8, "total_energy_mj":27, "node_time":2600117, "total_sent":114, "total_received":235, "bytes_tx":60, "bytes_rx":12, "r2n_latency":24, "lqi":100, "rssi":-87, "server_sent":258, "server_received":219, "server_bytes_rx":60, "n2r_latency":1573, "hops":0, "rtt_latency":817, "root_time_now":2601690}
[Mote:14] Not reachable yet
[Mote:18] Not reachable yet
[Mote:17] Not reachable yet
[Mote:4] Not reachable yet
[Mote:3] Not reachable yet
[Mote:10] Not reachable yet
[Mote:7] Not reachable yet
[Mote:16] Not reachable yet
[Mote:13] Not reachable yet
[Mote:8] Sensor IPv6 = fe80::208:8:8:8
[Mote:1] {"node":"fd00::208:8:8:8", "cpu_energy_mj":18, "lpm_energy_mj":0, "radio_tx_energy_mj":0, "radio_rx_energy_mj":8, "total_energy_mj":26, "node_time":2609943, "total_sent":123, "total_received":245, "bytes_tx":60, "bytes_rx":12, "r2n_latency":584, "lqi":100, "rssi":-90, "server_sent":257, "server_received":272, "server_bytes_rx":60, "n2r_latency":7, "hops":0, "rtt_latency":1587, "root_time_now":2609950}
[Mote:15] Not reachable yet
[Mote:12] Sensor IPv6 = fe80::20c:c:c:c
[Mote:9] Not reachable yet
[Mote:2] Not reachable yet
[Mote:11] Not reachable yet
[Mote:1] {"node":"fd00::20c:c:c:c", "cpu_energy_mj":19, "lpm_energy_mj":0, "radio_tx_energy_mj":0, "radio_rx_energy_mj":8, "total_energy_mj":27, "node_time":2610950, "total_sent":115, "total_received":236, "bytes_tx":60, "bytes_rx":12, "r2n_latency":36, "lqi":100, "rssi":-87, "server_sent":259, "server_received":221, "server_bytes_rx":60, "n2r_latency":610, "hops":0, "rtt_latency":753, "root_time_now":2611560}
[Mote:6] Not reachable yet
[Mote:5] Not reachable yet
[Mote:19] Not reachable yet
[Mote:14] Not reachable yet
[Mote:18] Not reachable yet
[Mote:17] Not reachable yet
[Mote:3] Not reachable yet
[Mote:4] Not reachable yet
[Mote:10] Not reachable yet
[Mote:16] Not reachable yet
[Mote:7] Sensor IPv6 = fe80::207:7:7:7
[Mote:1] {"node":"fd00::207:7:7:7", "cpu_energy_mj":377, "lpm_energy_mj":0, "radio_tx_energy_mj":4, "radio_rx_energy_mj":1231, "total_energy_mj":1612, "node_time":2619005, "total_sent":119, "total_received":241, "bytes_tx":60, "bytes_rx":12, "r2n_latency":736, "lqi":100, "rssi":-89, "server_sent":257, "server_received":238, "server_bytes_rx":60, "n2r_latency":45, "hops":0, "rtt_latency":787, "root_time_now":2619050}
[Mote:13] Not reachable yet
[Mote:8] Sensor IPv6 = fe80::208:8:8:8
[Mote:15] Not reachable yet
[Mote:11] Not reachable yet
[Mote:12] Sensor IPv6 = fe80::20c:c:c:c
[Mote:9] Not reachable yet
[Mote:2] Not reachable yet
[Mote:5] Not reachable yet
[Mote:6] Not reachable yet
[Mote:1] {"node":"fd00::208:8:8:8", "cpu_energy_mj":18, "lpm_energy_mj":0, "radio_tx_energy_mj":0, "radio_rx_energy_mj":8, "total_energy_mj":26, "node_time":2620426, "total_sent":124, "total_received":246, "bytes_tx":60, "bytes_rx":12, "r2n_latency":456, "lqi":100, "rssi":-90, "server_sent":259, "server_received":274, "server_bytes_rx":60, "n2r_latency":2404, "hops":0, "rtt_latency":1068, "root_time_now":2622830}
[Mote:19] Not reachable yet
[Mote:1] {"node":"fd00::20c:c:c:c", "cpu_energy_mj":19, "lpm_energy_mj":0, "radio_tx_energy_mj":0, "radio_rx_energy_mj":8, "total_energy_mj":27, "node_time":2621785, "total_sent":116, "total_received":237, "bytes_tx":60, "bytes_rx":12, "r2n_latency":44, "lqi":100, "rssi":-87, "server_sent":260, "server_received":223, "server_bytes_rx":60, "n2r_latency":1395, "hops":0, "rtt_latency":1562, "root_time_now":2623180}
[Mote:14] Not reachable yet
[Mote:18] Sensor IPv6 = fe80::212:12:12:12
[Mote:17] Not reachable yet
[Mote:3] Not reachable yet
[Mote:4] Not reachable yet
[Mote:10] Not reachable yet
[Mote:16] Not reachable yet
[Mote:7] Sensor IPv6 = fe80::207:7:7:7
[Mote:1] {"node":"fd00::207:7:7:7", "cpu_energy_mj":18, "lpm_energy_mj":0, "radio_tx_energy_mj":0, "radio_rx_energy_mj":8, "total_energy_mj":26, "node_time":2629481, "total_sent":120, "total_received":242, "bytes_tx":60, "bytes_rx":12, "r2n_latency":884, "lqi":100, "rssi":-89, "server_sent":258, "server_received":240, "server_bytes_rx":60, "n2r_latency":69, "hops":0, "rtt_latency":1142, "root_time_now":2629550}
[Mote:13] Not reachable yet
[Mote:8] Sensor IPv6 = fe80::208:8:8:8
[Mote:15] Not reachable yet
[Mote:11] Not reachable yet
[Mote:9] Not reachable yet
[Mote:2] Not reachable yet
[Mote:12] Sensor IPv6 = fe80::20c:c:c:c
[Mote:1] {"node":"fd00::208:8:8:8", "cpu_energy_mj":18, "lpm_energy_mj":0, "radio_tx_energy_mj":0, "radio_rx_energy_mj":8, "total_energy_mj":26, "node_time":2630909, "total_sent":125, "total_received":248, "bytes_tx":60, "bytes_rx":12, "r2n_latency":614, "lqi":100, "rssi":-90, "server_sent":260, "server_received":277, "server_bytes_rx":60, "n2r_latency":1721, "hops":0, "rtt_latency":1287, "root_time_now":2632630}
[Mote:1] {"node":"fd00::20c:c:c:c", "cpu_energy_mj":19, "lpm_energy_mj":0, "radio_tx_energy_mj":0, "radio_rx_energy_mj":8, "total_energy_mj":27, "node_time":2632616, "total_sent":117, "total_received":238, "bytes_tx":60, "bytes_rx":12, "r2n_latency":334, "lqi":100, "rssi":-87, "server_sent":261, "server_received":225, "server_bytes_rx":60, "n2r_latency":924, "hops":0, "rtt_latency":1602, "root_time_now":2633540}
[Mote:5] Not reachable yet
[Mote:6] Not reachable yet
[Mote:19] Not reachable yet
[Mote:14] Not reachable yet
[Mote:17] Not reachable yet
[Mote:18] Sensor IPv6 = fe80::212:12:12:12
[Mote:3] Not reachable yet
[Mote:10] Not reachable yet
[Mote:16] Not reachable yet
[Mote:4] Not reachable yet
[Mote:7] Sensor IPv6 = fe80::207:7:7:7
[Mote:13] Not reachable yet
[Mote:1] {"node":"fd00::207:7:7:7", "cpu_energy_mj":18, "lpm_energy_mj":0, "radio_tx_energy_mj":0, "radio_rx_energy_mj":8, "total_energy_mj":26, "node_time":2639957, "total_sent":121, "total_received":243, "bytes_tx":60, "bytes_rx":12, "r2n_latency":754, "lqi":100, "rssi":-89, "server_sent":259, "server_received":242, "server_bytes_rx":60, "n2r_latency":23, "hops":0, "rtt_latency":1952, "root_time_now":2639980}
[Mote:8] Sensor IPv6 = fe80::208:8:8:8
[Mote:15] Not reachable yet
[Mote:11] Not reachable yet
[Mote:9] Not reachable yet
[Mote:1] {"node":"fd00::208:8:8:8", "cpu_energy_mj":18, "lpm_energy_mj":0, "radio_tx_energy_mj":0, "radio_rx_energy_mj":8, "total_energy_mj":26, "node_time":2641392, "total_sent":126, "total_received":249, "bytes_tx":60, "bytes_rx":12, "r2n_latency":486, "lqi":100, "rssi":-90, "server_sent":261, "server_received":279, "server_bytes_rx":60, "n2r_latency":1668, "hops":0, "rtt_latency":1503, "root_time_now":2643060}
[Mote:2] Not reachable yet
[Mote:12] Sensor IPv6 = fe80::20c:c:c:c
[Mote:1] {"node":"fd00::20c:c:c:c", "cpu_energy_mj":19, "lpm_energy_mj":0, "radio_tx_energy_mj":0, "radio_rx_energy_mj":8, "total_energy_mj":27, "node_time":2643449, "total_sent":118, "total_received":239, "bytes_tx":60, "bytes_rx":12, "r2n_latency":66, "lqi":100, "rssi":-87, "server_sent":262, "server_received":227, "server_bytes_rx":60, "n2r_latency":31, "hops":0, "rtt_latency":1678, "root_time_now":2643480}
[Mote:5] Not reachable yet
[Mote:6] Not reachable yet
[Mote:19] Not reachable yet
[Mote:17] Not reachable yet
[Mote:14] Not reachable yet
[Mote:18] Not reachable yet
[Mote:3] Not reachable yet
[Mote:10] Not reachable yet
[Mote:16] Not reachable yet
[Mote:4] Not reachable yet
[Mote:13] Not reachable yet
[Mote:7] Sensor IPv6 = fe80::207:7:7:7
[Mote:1] {"node":"fd00::207:7:7:7", "cpu_energy_mj":18, "lpm_energy_mj":0, "radio_tx_energy_mj":0, "radio_rx_energy_mj":8, "total_energy_mj":26, "node_time":2650435, "total_sent":122, "total_received":244, "bytes_tx":60, "bytes_rx":12, "r2n_latency":906, "lqi":100, "rssi":-89, "server_sent":261, "server_received":244, "server_bytes_rx":60, "n2r_latency":605, "hops":0, "rtt_latency":2623, "root_time_now":2651040}
[Mote:8] Sensor IPv6 = fe80::208:8:8:8
[Mote:1] {"node":"fd00::208:8:8:8", "cpu_energy_mj":18, "lpm_energy_mj":0, "radio_tx_energy_mj":0, "radio_rx_energy_mj":8, "total_energy_mj":26, "node_time":2651875, "total_sent":127, "total_received":250, "bytes_tx":60, "bytes_rx":12, "r2n_latency":214, "lqi":100, "rssi":-90, "server_sent":262, "server_received":281, "server_bytes_rx":60, "n2r_latency":75, "hops":0, "rtt_latency":807, "root_time_now":2651950}
[Mote:11] Not reachable yet
[Mote:15] Not reachable yet
[Mote:9] Not reachable yet
[Mote:2] Not reachable yet
[Mote:12] Sensor IPv6 = fe80::20c:c:c:c
[Mote:1] {"node":"fd00::20c:c:c:c", "cpu_energy_mj":19, "lpm_energy_mj":0, "radio_tx_energy_mj":0, "radio_rx_energy_mj":8, "total_energy_mj":27, "node_time":2654282, "total_sent":119, "total_received":240, "bytes_tx":60, "bytes_rx":12, "r2n_latency":74, "lqi":100, "rssi":-87, "server_sent":263, "server_received":229, "server_bytes_rx":60, "n2r_latency":48, "hops":0, "rtt_latency":737, "root_time_now":2654330}
[Mote:5] Not reachable yet
[Mote:6] Not reachable yet
[Mote:19] Not reachable yet
[Mote:17] Not reachable yet
[Mote:14] Not reachable yet
[Mote:18] Not reachable yet
[Mote:16] Not reachable yet
[Mote:3] Not reachable yet
[Mote:10] Not reachable yet
[Mote:4] Not reachable yet
[Mote:13] Not reachable yet
[Mote:7] Sensor IPv6 = fe80::207:7:7:7
[Mote:11] Not reachable yet
[Mote:8] Sensor IPv6 = fe80::208:8:8:8
[Mote:1] {"node":"fd00::208:8:8:8", "cpu_energy_mj":18, "lpm_energy_mj":0, "radio_tx_energy_mj":0, "radio_rx_energy_mj":8, "total_energy_mj":26, "node_time":2662358, "total_sent":128, "total_received":251, "bytes_tx":60, "bytes_rx":12, "r2n_latency":154, "lqi":100, "rssi":-90, "server_sent":263, "server_received":283, "server_bytes_rx":60, "n2r_latency":302, "hops":0, "rtt_latency":742, "root_time_now":2662660}
[Mote:15] Not reachable yet
[Mote:1] {"node":"fd00::207:7:7:7", "cpu_energy_mj":18, "lpm_energy_mj":0, "radio_tx_energy_mj":0, "radio_rx_energy_mj":8, "total_energy_mj":26, "node_time":2660909, "total_sent":123, "total_received":246, "bytes_tx":60, "bytes_rx":12, "r2n_latency":294, "lqi":100, "rssi":-89, "server_sent":262, "server_received":247, "server_bytes_rx":60, "n2r_latency":2241, "hops":0, "rtt_latency":1547, "root_time_now":2663150}
[Mote:2] Not reachable yet
[Mote:9] Not reachable yet
[Mote:12] Sensor IPv6 = fe80::20c:c:c:c
[Mote:1] {"node":"fd00::20c:c:c:c", "cpu_energy_mj":19, "lpm_energy_mj":0, "radio_tx_energy_mj":0, "radio_rx_energy_mj":8, "total_energy_mj":27, "node_time":2665115, "total_sent":120, "total_received":241, "bytes_tx":60, "bytes_rx":12, "r2n_latency":14, "lqi":100, "rssi":-87, "server_sent":264, "server_received":231, "server_bytes_rx":60, "n2r_latency":65, "hops":0, "rtt_latency":777, "root_time_now":2665180}
[Mote:5] Not reachable yet
[Mote:6] Not reachable yet
[Mote:19] Not reachable yet
[Mote:17] Not reachable yet
[Mote:16] Not reachable yet
[Mote:18] Not reachable yet
[Mote:3] Not reachable yet
[Mote:10] Not reachable yet
[Mote:14] Not reachable yet
[Mote:13] Not reachable yet
[Mote:4] Not reachable yet
[Mote:7] Sensor IPv6 = fe80::207:7:7:7
[Mote:1] {"node":"fd00::207:7:7:7", "cpu_energy_mj":18, "lpm_energy_mj":0, "radio_tx_energy_mj":0, "radio_rx_energy_mj":8, "total_energy_mj":26, "node_time":2671385, "total_sent":124, "total_received":247, "bytes_tx":60, "bytes_rx":12, "r2n_latency":584, "lqi":100, "rssi":-89, "server_sent":263, "server_received":249, "server_bytes_rx":60, "n2r_latency":235, "hops":0, "rtt_latency":607, "root_time_now":2671620}
[Mote:11] Not reachable yet
[Mote:8] Sensor IPv6 = fe80::208:8:8:8
[Mote:1] {"node":"fd00::208:8:8:8", "cpu_energy_mj":18, "lpm_energy_mj":0, "radio_tx_energy_mj":0, "radio_rx_energy_mj":8, "total_energy_mj":26, "node_time":2672841, "total_sent":129, "total_received":252, "bytes_tx":60, "bytes_rx":12, "r2n_latency":164, "lqi":100, "rssi":-90, "server_sent":264, "server_received":285, "server_bytes_rx":60, "n2r_latency":319, "hops":0, "rtt_latency":1552, "root_time_now":2673160}
[Mote:15] Not reachable yet
[Mote:2] Not reachable yet
[Mote:9] Not reachable yet
[Mote:12] Sensor IPv6 = fe80::20c:c:c:c
[Mote:1] {"node":"fd00::20c:c:c:c", "cpu_energy_mj":19, "lpm_energy_mj":0, "radio_tx_energy_mj":0, "radio_rx_energy_mj":8, "total_energy_mj":27, "node_time":2675948, "total_sent":121, "total_received":242, "bytes_tx":60, "bytes_rx":12, "r2n_latency":24, "lqi":100, "rssi":-87, "server_sent":265, "server_received":233, "server_bytes_rx":60, "n2r_latency":82, "hops":0, "rtt_latency":1167, "root_time_now":2676030}
[Mote:5] Not reachable yet
[Mote:6] Not reachable yet
[Mote:19] Not reachable yet
[Mote:17] Not reachable yet
[Mote:16] Not reachable yet
[Mote:10] Not reachable yet
[Mote:3] Not reachable yet
[Mote:18] Not reachable yet
[Mote:14] Not reachable yet
[Mote:13] Not reachable yet
[Mote:4] Not reachable yet
[Mote:7] Sensor IPv6 = fe80::207:7:7:7
[Mote:1] {"node":"fd00::207:7:7:7", "cpu_energy_mj":18, "lpm_energy_mj":0, "radio_tx_energy_mj":0, "radio_rx_energy_mj":8, "total_energy_mj":26, "node_time":2681861, "total_sent":125, "total_received":248, "bytes_tx":60, "bytes_rx":12, "r2n_latency":314, "lqi":100, "rssi":-89, "server_sent":264, "server_received":251, "server_bytes_rx":60, "n2r_latency":259, "hops":0, "rtt_latency":1032, "root_time_now":2682120}
[Mote:11] Not reachable yet
[Mote:8] Sensor IPv6 = fe80::208:8:8:8
[Mote:1] {"node":"fd00::208:8:8:8", "cpu_energy_mj":18, "lpm_energy_mj":0, "radio_tx_energy_mj":0, "radio_rx_energy_mj":8, "total_energy_mj":26, "node_time":2683324, "total_sent":130, "total_received":253, "bytes_tx":60, "bytes_rx":12, "r2n_latency":174, "lqi":100, "rssi":-90, "server_sent":265, "server_received":287, "server_bytes_rx":60, "n2r_latency":56, "hops":0, "rtt_latency":507, "root_time_now":2683380}
[Mote:15] Not reachable yet
[Mote:2] Not reachable yet
[Mote:9] Not reachable yet
[Mote:12] Sensor IPv6 = fe80::20c:c:c:c
[Mote:1] {"node":"fd00::20c:c:c:c", "cpu_energy_mj":19, "lpm_energy_mj":0, "radio_tx_energy_mj":0, "radio_rx_energy_mj":8, "total_energy_mj":27, "node_time":2686783, "total_sent":122, "total_received":243, "bytes_tx":60, "bytes_rx":12, "r2n_latency":34, "lqi":100, "rssi":-87, "server_sent":266, "server_received":235, "server_bytes_rx":60, "n2r_latency":27, "hops":0, "rtt_latency":1347, "root_time_now":2686810}
[Mote:5] Not reachable yet
[Mote:17] Not reachable yet
[Mote:6] Not reachable yet
[Mote:19] Not reachable yet
[Mote:16] Not reachable yet
[Mote:10] Not reachable yet
[Mote:3] Not reachable yet
[Mote:18] Not reachable yet
[Mote:13] Not reachable yet
[Mote:14] Not reachable yet
[Mote:4] Not reachable yet
[Mote:7] Sensor IPv6 = fe80::207:7:7:7
[Mote:1] {"node":"fd00::207:7:7:7", "cpu_energy_mj":18, "lpm_energy_mj":0, "radio_tx_energy_mj":0, "radio_rx_energy_mj":8, "total_energy_mj":26, "node_time":2692339, "total_sent":126, "total_received":249, "bytes_tx":60, "bytes_rx":12, "r2n_latency":604, "lqi":100, "rssi":-89, "server_sent":265, "server_received":253, "server_bytes_rx":60, "n2r_latency":71, "hops":0, "rtt_latency":827, "root_time_now":2692410}
[Mote:11] Not reachable yet
[Mote:8] Sensor IPv6 = fe80::208:8:8:8
[Mote:1] {"node":"fd00::208:8:8:8", "cpu_energy_mj":18, "lpm_energy_mj":0, "radio_tx_energy_mj":0, "radio_rx_energy_mj":8, "total_energy_mj":26, "node_time":2693809, "total_sent":131, "total_received":254, "bytes_tx":60, "bytes_rx":12, "r2n_latency":184, "lqi":100, "rssi":-90, "server_sent":266, "server_received":289, "server_bytes_rx":60, "n2r_latency":71, "hops":0, "rtt_latency":1037, "root_time_now":2693880}
[Mote:15] Not reachable yet
[Mote:2] Not reachable yet
[Mote:9] Not reachable yet
[Mote:12] Sensor IPv6 = fe80::20c:c:c:c
[Mote:1] {"node":"fd00::20c:c:c:c", "cpu_energy_mj":19, "lpm_energy_mj":0, "radio_tx_energy_mj":0, "radio_rx_energy_mj":8, "total_energy_mj":27, "node_time":2697614, "total_sent":123, "total_received":244, "bytes_tx":60, "bytes_rx":12, "r2n_latency":44, "lqi":100, "rssi":-87, "server_sent":267, "server_received":237, "server_bytes_rx":60, "n2r_latency":46, "hops":0, "rtt_latency":1562, "root_time_now":2697660}
[Mote:5] Not reachable yet
[Mote:17] Not reachable yet
[Mote:16] Not reachable yet
[Mote:6] Not reachable yet
[Mote:19] Not reachable yet
[Mote:10] Not reachable yet
[Mote:3] Not reachable yet
[Mote:13] Not reachable yet
[Mote:18] Not reachable yet
[Mote:14] Not reachable yet
[Mote:4] Not reachable yet
[Mote:11] Not reachable yet
[Mote:7] Sensor IPv6 = fe80::207:7:7:7
[Mote:1] {"node":"fd00::207:7:7:7", "cpu_energy_mj":18, "lpm_energy_mj":0, "radio_tx_energy_mj":0, "radio_rx_energy_mj":8, "total_energy_mj":26, "node_time":2702813, "total_sent":127, "total_received":250, "bytes_tx":60, "bytes_rx":12, "r2n_latency":684, "lqi":100, "rssi":-89, "server_sent":266, "server_received":255, "server_bytes_rx":60, "n2r_latency":27, "hops":0, "rtt_latency":482, "root_time_now":2702840}
[Mote:8] Sensor IPv6 = fe80::208:8:8:8
[Mote:1] {"node":"fd00::208:8:8:8", "cpu_energy_mj":18, "lpm_energy_mj":0, "radio_tx_energy_mj":0, "radio_rx_energy_mj":8, "total_energy_mj":26, "node_time":2704290, "total_sent":132, "total_received":255, "bytes_tx":60, "bytes_rx":12, "r2n_latency":194, "lqi":100, "rssi":-90, "server_sent":267, "server_received":291, "server_bytes_rx":60, "n2r_latency":90, "hops":0, "rtt_latency":1917, "root_time_now":2704380}
[Mote:15] Not reachable yet
[Mote:2] Not reachable yet
[Mote:9] Not reachable yet
[Mote:12] Sensor IPv6 = fe80::20c:c:c:c
[Mote:1] {"node":"fd00::20c:c:c:c", "cpu_energy_mj":19, "lpm_energy_mj":0, "radio_tx_energy_mj":0, "radio_rx_energy_mj":8, "total_energy_mj":27, "node_time":2708447, "total_sent":124, "total_received":245, "bytes_tx":60, "bytes_rx":12, "r2n_latency":54, "lqi":100, "rssi":-87, "server_sent":268, "server_received":239, "server_bytes_rx":60, "n2r_latency":63, "hops":0, "rtt_latency":1777, "root_time_now":2708510}
[Mote:17] Not reachable yet
[Mote:16] Not reachable yet
[Mote:5] Not reachable yet
[Mote:10] Not reachable yet
[Mote:3] Not reachable yet
[Mote:6] Not reachable yet
[Mote:19] Not reachable yet
[Mote:13] Not reachable yet
[Mote:18] Not reachable yet
[Mote:14] Not reachable yet
[Mote:11] Not reachable yet
[Mote:4] Not reachable yet
[Mote:7] Sensor IPv6 = fe80::207:7:7:7
[Mote:1] {"node":"fd00::207:7:7:7", "cpu_energy_mj":18, "lpm_energy_mj":0, "radio_tx_energy_mj":0, "radio_rx_energy_mj":8, "total_energy_mj":26, "node_time":2713289, "total_sent":128, "total_received":251, "bytes_tx":60, "bytes_rx":12, "r2n_latency":554, "lqi":100, "rssi":-89, "server_sent":267, "server_received":257, "server_bytes_rx":60, "n2r_latency":891, "hops":0, "rtt_latency":1992, "root_time_now":2714180}
[Mote:8] Sensor IPv6 = fe80::208:8:8:8
[Mote:1] {"node":"fd00::208:8:8:8", "cpu_energy_mj":18, "lpm_energy_mj":0, "radio_tx_energy_mj":0, "radio_rx_energy_mj":8, "total_energy_mj":26, "node_time":2714775, "total_sent":133, "total_received":256, "bytes_tx":60, "bytes_rx":12, "r2n_latency":204, "lqi":100, "rssi":-90, "server_sent":268, "server_received":293, "server_bytes_rx":60, "n2r_latency":35, "hops":0, "rtt_latency":767, "root_time_now":2714810}
[Mote:15] Not reachable yet
[Mote:2] Not reachable yet
[Mote:9] Not reachable yet
[Mote:17] Not reachable yet
[Mote:16] Not reachable yet
[Mote:12] Sensor IPv6 = fe80::20c:c:c:c
[Mote:1] {"node":"fd00::20c:c:c:c", "cpu_energy_mj":19, "lpm_energy_mj":0, "radio_tx_energy_mj":0, "radio_rx_energy_mj":8, "total_energy_mj":27, "node_time":2719280, "total_sent":125, "total_received":246, "bytes_tx":60, "bytes_rx":12, "r2n_latency":64, "lqi":100, "rssi":-87, "server_sent":269, "server_received":241, "server_bytes_rx":60, "n2r_latency":10, "hops":0, "rtt_latency":802, "root_time_now":2719290}
[Mote:5] Not reachable yet
[Mote:10] Not reachable yet
[Mote:3] Not reachable yet
[Mote:13] Not reachable yet
[Mote:6] Not reachable yet
[Mote:19] Not reachable yet
[Mote:18] Not reachable yet
[Mote:11] Not reachable yet
[Mote:14] Not reachable yet
[Mote:4] Not reachable yet
[Mote:7] Sensor IPv6 = fe80::207:7:7:7
[Mote:8] Sensor IPv6 = fe80::208:8:8:8
[Mote:1] {"node":"fd00::208:8:8:8", "cpu_energy_mj":18, "lpm_energy_mj":0, "radio_tx_energy_mj":0, "radio_rx_energy_mj":8, "total_energy_mj":26, "node_time":2725256, "total_sent":134, "total_received":257, "bytes_tx":60, "bytes_rx":12, "r2n_latency":215, "lqi":100, "rssi":-90, "server_sent":269, "server_received":295, "server_bytes_rx":60, "n2r_latency":54, "hops":0, "rtt_latency":1122, "root_time_now":2725310}
[Mote:1] {"node":"fd00::207:7:7:7", "cpu_energy_mj":18, "lpm_energy_mj":0, "radio_tx_energy_mj":0, "radio_rx_energy_mj":8, "total_energy_mj":26, "node_time":2723765, "total_sent":129, "total_received":252, "bytes_tx":60, "bytes_rx":12, "r2n_latency":495, "lqi":100, "rssi":-89, "server_sent":268, "server_received":259, "server_bytes_rx":60, "n2r_latency":2035, "hops":0, "rtt_latency":2872, "root_time_now":2725800}
[Mote:15] Not reachable yet
[Mote:2] Not reachable yet
[Mote:9] Not reachable yet
[Mote:16] Not reachable yet
[Mote:17] Not reachable yet
[Mote:12] Sensor IPv6 = fe80::20c:c:c:c
[Mote:10] Not reachable yet
[Mote:5] Not reachable yet
[Mote:3] Not reachable yet
[Mote:13] Not reachable yet
[Mote:1] {"node":"fd00::20c:c:c:c", "cpu_energy_mj":19, "lpm_energy_mj":0, "radio_tx_energy_mj":0, "radio_rx_energy_mj":8, "total_energy_mj":27, "node_time":2730113, "total_sent":126, "total_received":248, "bytes_tx":60, "bytes_rx":12, "r2n_latency":14, "lqi":100, "rssi":-87, "server_sent":271, "server_received":244, "server_bytes_rx":60, "n2r_latency":1847, "hops":0, "rtt_latency":952, "root_time_now":2731960}
[Mote:6] Not reachable yet
[Mote:19] Not reachable yet
[Mote:18] Not reachable yet
[Mote:11] Not reachable yet
[Mote:14] Not reachable yet
[Mote:4] Not reachable yet
[Mote:7] Sensor IPv6 = fe80::207:7:7:7
[Mote:1] {"node":"fd00::207:7:7:7", "cpu_energy_mj":18, "lpm_energy_mj":0, "radio_tx_energy_mj":0, "radio_rx_energy_mj":8, "total_energy_mj":26, "node_time":2734241, "total_sent":130, "total_received":253, "bytes_tx":60, "bytes_rx":12, "r2n_latency":364, "lqi":100, "rssi":-89, "server_sent":269, "server_received":261, "server_bytes_rx":60, "n2r_latency":29, "hops":0, "rtt_latency":777, "root_time_now":2734270}
[Mote:8] Sensor IPv6 = fe80::208:8:8:8
[Mote:1] {"node":"fd00::208:8:8:8", "cpu_energy_mj":18, "lpm_energy_mj":0, "radio_tx_energy_mj":0, "radio_rx_energy_mj":8, "total_energy_mj":26, "node_time":2735739, "total_sent":135, "total_received":258, "bytes_tx":60, "bytes_rx":12, "r2n_latency":154, "lqi":100, "rssi":-90, "server_sent":270, "server_received":297, "server_bytes_rx":60, "n2r_latency":71, "hops":0, "rtt_latency":532, "root_time_now":2735810}
[Mote:15] Not reachable yet
[Mote:2] Not reachable yet
[Mote:9] Not reachable yet
[Mote:16] Not reachable yet
[Mote:17] Not reachable yet
[Mote:10] Not reachable yet
[Mote:12] Sensor IPv6 = fe80::20c:c:c:c
[Mote:3] Not reachable yet
[Mote:13] Not reachable yet
[Mote:5] Not reachable yet
[Mote:1] {"node":"fd00::20c:c:c:c", "cpu_energy_mj":19, "lpm_energy_mj":0, "radio_tx_energy_mj":0, "radio_rx_energy_mj":8, "total_energy_mj":27, "node_time":2740946, "total_sent":127, "total_received":249, "bytes_tx":60, "bytes_rx":12, "r2n_latency":24, "lqi":100, "rssi":-87, "server_sent":272, "server_received":246, "server_bytes_rx":60, "n2r_latency":1024, "hops":0, "rtt_latency":922, "root_time_now":2741970}
[Mote:18] Not reachable yet
[Mote:6] Not reachable yet
[Mote:11] Not reachable yet
[Mote:19] Not reachable yet
[Mote:4] Not reachable yet
[Mote:14] Not reachable yet
[Mote:7] Sensor IPv6 = fe80::207:7:7:7
[Mote:1] {"node":"fd00::207:7:7:7", "cpu_energy_mj":18, "lpm_energy_mj":0, "radio_tx_energy_mj":0, "radio_rx_energy_mj":8, "total_energy_mj":26, "node_time":2744717, "total_sent":131, "total_received":254, "bytes_tx":60, "bytes_rx":12, "r2n_latency":584, "lqi":100, "rssi":-89, "server_sent":270, "server_received":263, "server_bytes_rx":60, "n2r_latency":53, "hops":0, "rtt_latency":852, "root_time_now":2744770}
[Mote:8] Sensor IPv6 = fe80::208:8:8:8
[Mote:1] {"node":"fd00::208:8:8:8", "cpu_energy_mj":18, "lpm_energy_mj":0, "radio_tx_energy_mj":0, "radio_rx_energy_mj":8, "total_energy_mj":26, "node_time":2746222, "total_sent":136, "total_received":259, "bytes_tx":60, "bytes_rx":12, "r2n_latency":164, "lqi":100, "rssi":-90, "server_sent":271, "server_received":299, "server_bytes_rx":60, "n2r_latency":18, "hops":0, "rtt_latency":782, "root_time_now":2746240}
[Mote:15] Not reachable yet
[Mote:2] Not reachable yet
[Mote:9] Not reachable yet
[Mote:16] Not reachable yet
[Mote:17] Not reachable yet
[Mote:10] Not reachable yet
[Mote:13] Not reachable yet
[Mote:3] Not reachable yet
[Mote:12] Sensor IPv6 = fe80::20c:c:c:c
[Mote:5] Not reachable yet
[Mote:11] Not reachable yet
[Mote:18] Not reachable yet
[Mote:1] {"node":"fd00::20c:c:c:c", "cpu_energy_mj":19, "lpm_energy_mj":0, "radio_tx_energy_mj":0, "radio_rx_energy_mj":8, "total_energy_mj":27, "node_time":2751781, "total_sent":128, "total_received":250, "bytes_tx":60, "bytes_rx":12, "r2n_latency":34, "lqi":100, "rssi":-87, "server_sent":273, "server_received":248, "server_bytes_rx":60, "n2r_latency":1949, "hops":0, "rtt_latency":1802, "root_time_now":2753730}
[Mote:6] Not reachable yet
[Mote:19] Not reachable yet
[Mote:4] Not reachable yet
[Mote:7] Sensor IPv6 = fe80::207:7:7:7
[Mote:14] Not reachable yet
[Mote:1] {"node":"fd00::207:7:7:7", "cpu_energy_mj":18, "lpm_energy_mj":0, "radio_tx_energy_mj":0, "radio_rx_energy_mj":8, "total_energy_mj":26, "node_time":2755193, "total_sent":132, "total_received":255, "bytes_tx":60, "bytes_rx":12, "r2n_latency":524, "lqi":100, "rssi":-89, "server_sent":271, "server_received":265, "server_bytes_rx":60, "n2r_latency":287, "hops":0, "rtt_latency":1627, "root_time_now":2755480}
[Mote:8] Sensor IPv6 = fe80::208:8:8:8
[Mote:1] {"node":"fd00::208:8:8:8", "cpu_energy_mj":18, "lpm_energy_mj":0, "radio_tx_energy_mj":0, "radio_rx_energy_mj":8, "total_energy_mj":26, "node_time":2756705, "total_sent":137, "total_received":260, "bytes_tx":60, "bytes_rx":12, "r2n_latency":244, "lqi":100, "rssi":-90, "server_sent":272, "server_received":301, "server_bytes_rx":60, "n2r_latency":175, "hops":0, "rtt_latency":577, "root_time_now":2756880}
[Mote:15] Not reachable yet
[Mote:2] Not reachable yet
[Mote:16] Not reachable yet
[Mote:9] Not reachable yet
[Mote:17] Not reachable yet
[Mote:10] Not reachable yet
[Mote:13] Not reachable yet
[Mote:3] Not reachable yet
[Mote:12] Sensor IPv6 = fe80::20c:c:c:c
[Mote:5] Not reachable yet
[Mote:11] Not reachable yet
[Mote:1] {"node":"fd00::20c:c:c:c", "cpu_energy_mj":19, "lpm_energy_mj":0, "radio_tx_energy_mj":0, "radio_rx_energy_mj":8, "total_energy_mj":27, "node_time":2762612, "total_sent":129, "total_received":251, "bytes_tx":60, "bytes_rx":12, "r2n_latency":44, "lqi":100, "rssi":-87, "server_sent":274, "server_received":250, "server_bytes_rx":60, "n2r_latency":988, "hops":0, "rtt_latency":1772, "root_time_now":2763600}
[Mote:18] Not reachable yet
[Mote:6] Not reachable yet
[Mote:19] Not reachable yet
[Mote:4] Not reachable yet
[Mote:7] Sensor IPv6 = fe80::207:7:7:7
[Mote:1] {"node":"fd00::207:7:7:7", "cpu_energy_mj":18, "lpm_energy_mj":0, "radio_tx_energy_mj":0, "radio_rx_energy_mj":8, "total_energy_mj":26, "node_time":2765671, "total_sent":133, "total_received":256, "bytes_tx":60, "bytes_rx":12, "r2n_latency":954, "lqi":100, "rssi":-89, "server_sent":272, "server_received":267, "server_bytes_rx":60, "n2r_latency":29, "hops":0, "rtt_latency":827, "root_time_now":2765700}
[Mote:14] Not reachable yet
[Mote:8] Sensor IPv6 = fe80::208:8:8:8
[Mote:1] {"node":"fd00::208:8:8:8", "cpu_energy_mj":18, "lpm_energy_mj":0, "radio_tx_energy_mj":0, "radio_rx_energy_mj":8, "total_energy_mj":26, "node_time":2767190, "total_sent":138, "total_received":261, "bytes_tx":60, "bytes_rx":12, "r2n_latency":324, "lqi":100, "rssi":-90, "server_sent":273, "server_received":303, "server_bytes_rx":60, "n2r_latency":50, "hops":0, "rtt_latency":547, "root_time_now":2767240}
[Mote:15] Not reachable yet
[Mote:16] Not reachable yet
[Mote:2] Not reachable yet
[Mote:9] Not reachable yet
[Mote:17] Not reachable yet
[Mote:10] Not reachable yet
[Mote:13] Not reachable yet
[Mote:3] Not reachable yet
[Mote:12] Sensor IPv6 = fe80::20c:c:c:c
[Mote:1] {"node":"fd00::20c:c:c:c", "cpu_energy_mj":19, "lpm_energy_mj":0, "radio_tx_energy_mj":0, "radio_rx_energy_mj":8, "total_energy_mj":27, "node_time":2773445, "total_sent":130, "total_received":252, "bytes_tx":60, "bytes_rx":12, "r2n_latency":54, "lqi":100, "rssi":-87, "server_sent":275, "server_received":252, "server_bytes_rx":60, "n2r_latency":25, "hops":0, "rtt_latency":1182, "root_time_now":2773470}
[Mote:11] Not reachable yet
[Mote:5] Not reachable yet
[Mote:18] Not reachable yet
[Mote:6] Not reachable yet
[Mote:19] Not reachable yet
[Mote:7] Sensor IPv6 = fe80::207:7:7:7
[Mote:4] Not reachable yet
[Mote:1] {"node":"fd00::207:7:7:7", "cpu_energy_mj":18, "lpm_energy_mj":0, "radio_tx_energy_mj":0, "radio_rx_energy_mj":8, "total_energy_mj":26, "node_time":2776145, "total_sent":134, "total_received":257, "bytes_tx":60, "bytes_rx":12, "r2n_latency":474, "lqi":100, "rssi":-89, "server_sent":273, "server_received":269, "server_bytes_rx":60, "n2r_latency":55, "hops":0, "rtt_latency":1602, "root_time_now":2776200}
[Mote:14] Not reachable yet
[Mote:8] Sensor IPv6 = fe80::208:8:8:8
[Mote:1] {"node":"fd00::208:8:8:8", "cpu_energy_mj":18, "lpm_energy_mj":0, "radio_tx_energy_mj":0, "radio_rx_energy_mj":8, "total_energy_mj":26, "node_time":2777673, "total_sent":139, "total_received":262, "bytes_tx":60, "bytes_rx":12, "r2n_latency":194, "lqi":100, "rssi":-90, "server_sent":274, "server_received":305, "server_bytes_rx":60, "n2r_latency":67, "hops":0, "rtt_latency":692, "root_time_now":2777740}
[Mote:15] Not reachable yet
[Mote:16] Not reachable yet
[Mote:2] Not reachable yet
[Mote:17] Not reachable yet
[Mote:9] Not reachable yet
[Mote:10] Not reachable yet
[Mote:13] Not reachable yet
[Mote:3] Not reachable yet
[Mote:11] Not reachable yet
[Mote:12] Sensor IPv6 = fe80::20c:c:c:c
[Mote:1] {"node":"fd00::20c:c:c:c", "cpu_energy_mj":19, "lpm_energy_mj":0, "radio_tx_energy_mj":0, "radio_rx_energy_mj":8, "total_energy_mj":27, "node_time":2784278, "total_sent":131, "total_received":253, "bytes_tx":60, "bytes_rx":12, "r2n_latency":64, "lqi":100, "rssi":-87, "server_sent":276, "server_received":254, "server_bytes_rx":60, "n2r_latency":42, "hops":0, "rtt_latency":662, "root_time_now":2784320}
[Mote:5] Not reachable yet
[Mote:18] Not reachable yet
[Mote:7] Sensor IPv6 = fe80::207:7:7:7
[Mote:1] {"node":"fd00::207:7:7:7", "cpu_energy_mj":18, "lpm_energy_mj":0, "radio_tx_energy_mj":0, "radio_rx_energy_mj":8, "total_energy_mj":26, "node_time":2786621, "total_sent":135, "total_received":258, "bytes_tx":60, "bytes_rx":12, "r2n_latency":484, "lqi":100, "rssi":-89, "server_sent":274, "server_received":271, "server_bytes_rx":60, "n2r_latency":9, "hops":0, "rtt_latency":732, "root_time_now":2786630}
[Mote:4] Not reachable yet
[Mote:6] Not reachable yet
[Mote:19] Not reachable yet
[Mote:14] Not reachable yet
[Mote:8] Sensor IPv6 = fe80::208:8:8:8
[Mote:1] {"node":"fd00::208:8:8:8", "cpu_energy_mj":18, "lpm_energy_mj":0, "radio_tx_energy_mj":0, "radio_rx_energy_mj":8, "total_energy_mj":26, "node_time":2788154, "total_sent":140, "total_received":263, "bytes_tx":60, "bytes_rx":12, "r2n_latency":204, "lqi":100, "rssi":-90, "server_sent":275, "server_received":307, "server_bytes_rx":60, "n2r_latency":16, "hops":0, "rtt_latency":1782, "root_time_now":2788170}
[Mote:15] Not reachable yet
[Mote:16] Not reachable yet
[Mote:17] Not reachable yet
[Mote:2] Not reachable yet
[Mote:9] Not reachable yet
[Mote:10] Not reachable yet
[Mote:13] Not reachable yet
[Mote:3] Not reachable yet
[Mote:11] Not reachable yet
[Mote:12] Sensor IPv6 = fe80::20c:c:c:c
[Mote:1] {"node":"fd00::20c:c:c:c", "cpu_energy_mj":19, "lpm_energy_mj":0, "radio_tx_energy_mj":0, "radio_rx_energy_mj":8, "total_energy_mj":27, "node_time":2795111, "total_sent":132, "total_received":254, "bytes_tx":60, "bytes_rx":12, "r2n_latency":74, "lqi":100, "rssi":-87, "server_sent":277, "server_received":256, "server_bytes_rx":60, "n2r_latency":59, "hops":0, "rtt_latency":737, "root_time_now":2795170}
[Mote:5] Not reachable yet
[Mote:18] Not reachable yet
[Mote:7] Sensor IPv6 = fe80::207:7:7:7
[Mote:1] {"node":"fd00::207:7:7:7", "cpu_energy_mj":18, "lpm_energy_mj":0, "radio_tx_energy_mj":0, "radio_rx_energy_mj":8, "total_energy_mj":26, "node_time":2797097, "total_sent":136, "total_received":259, "bytes_tx":60, "bytes_rx":12, "r2n_latency":284, "lqi":100, "rssi":-89, "server_sent":275, "server_received":273, "server_bytes_rx":60, "n2r_latency":33, "hops":0, "rtt_latency":1192, "root_time_now":2797130}
[Mote:4] Not reachable yet
[Mote:6] Not reachable yet
[Mote:19] Not reachable yet
[Mote:14] Not reachable yet
[Mote:8] Sensor IPv6 = fe80::208:8:8:8
[Mote:1] {"node":"fd00::208:8:8:8", "cpu_energy_mj":18, "lpm_energy_mj":0, "radio_tx_energy_mj":0, "radio_rx_energy_mj":8, "total_energy_mj":26, "node_time":2798639, "total_sent":141, "total_received":264, "bytes_tx":60, "bytes_rx":12, "r2n_latency":844, "lqi":100, "rssi":-90, "server_sent":276, "server_received":309, "server_bytes_rx":60, "n2r_latency":31, "hops":0, "rtt_latency":807, "root_time_now":2798670}
[Mote:16] Not reachable yet
[Mote:15] Not reachable yet
[Mote:17] Not reachable yet
[Mote:2] Not reachable yet
[Mote:10] Not reachable yet
[Mote:9] Not reachable yet
[Mote:13] Not reachable yet
[Mote:3] Not reachable yet
[Mote:11] Not reachable yet
[Mote:12] Sensor IPv6 = fe80::20c:c:c:c
[Mote:1] {"node":"fd00::20c:c:c:c", "cpu_energy_mj":19, "lpm_energy_mj":0, "radio_tx_energy_mj":0, "radio_rx_energy_mj":8, "total_energy_mj":27, "node_time":2805946, "total_sent":133, "total_received":255, "bytes_tx":60, "bytes_rx":12, "r2n_latency":14, "lqi":100, "rssi":-87, "server_sent":278, "server_received":258, "server_bytes_rx":60, "n2r_latency":4, "hops":0, "rtt_latency":567, "root_time_now":2805950}
[Mote:18] Not reachable yet
[Mote:5] Not reachable yet
[Mote:7] Sensor IPv6 = fe80::207:7:7:7
[Mote:1] {"node":"fd00::207:7:7:7", "cpu_energy_mj":18, "lpm_energy_mj":0, "radio_tx_energy_mj":0, "radio_rx_energy_mj":8, "total_energy_mj":26, "node_time":2807575, "total_sent":137, "total_received":260, "bytes_tx":60, "bytes_rx":12, "r2n_latency":434, "lqi":100, "rssi":-89, "server_sent":276, "server_received":275, "server_bytes_rx":60, "n2r_latency":55, "hops":0, "rtt_latency":532, "root_time_now":2807630}
[Mote:4] Not reachable yet
[Mote:6] Not reachable yet
[Mote:19] Not reachable yet
[Mote:8] Sensor IPv6 = fe80::208:8:8:8
[Mote:1] {"node":"fd00::208:8:8:8", "cpu_energy_mj":18, "lpm_energy_mj":0, "radio_tx_energy_mj":0, "radio_rx_energy_mj":8, "total_energy_mj":26, "node_time":2809122, "total_sent":142, "total_received":265, "bytes_tx":60, "bytes_rx":12, "r2n_latency":154, "lqi":100, "rssi":-90, "server_sent":277, "server_received":311, "server_bytes_rx":60, "n2r_latency":48, "hops":0, "rtt_latency":882, "root_time_now":2809170}
[Mote:14] Not reachable yet
[Mote:16] Not reachable yet
[Mote:15] Not reachable yet
[Mote:17] Not reachable yet
[Mote:2] Not reachable yet
[Mote:10] Not reachable yet
[Mote:13] Not reachable yet
[Mote:9] Not reachable yet
[Mote:3] Not reachable yet
[Mote:11] Not reachable yet
[Mote:12] Sensor IPv6 = fe80::20c:c:c:c
[Mote:18] Not reachable yet
[Mote:1] {"node":"fd00::20c:c:c:c", "cpu_energy_mj":19, "lpm_energy_mj":0, "radio_tx_energy_mj":0, "radio_rx_energy_mj":8, "total_energy_mj":27, "node_time":2816777, "total_sent":134, "total_received":256, "bytes_tx":60, "bytes_rx":12, "r2n_latency":24, "lqi":100, "rssi":-87, "server_sent":279, "server_received":260, "server_bytes_rx":60, "n2r_latency":23, "hops":0, "rtt_latency":677, "root_time_now":2816800}
[Mote:5] Not reachable yet
[Mote:7] Sensor IPv6 = fe80::207:7:7:7
[Mote:1] {"node":"fd00::207:7:7:7", "cpu_energy_mj":18, "lpm_energy_mj":0, "radio_tx_energy_mj":0, "radio_rx_energy_mj":8, "total_energy_mj":26, "node_time":2818049, "total_sent":138, "total_received":261, "bytes_tx":60, "bytes_rx":12, "r2n_latency":304, "lqi":100, "rssi":-89, "server_sent":277, "server_received":277, "server_bytes_rx":60, "n2r_latency":11, "hops":0, "rtt_latency":1027, "root_time_now":2818060}
[Mote:4] Not reachable yet
[Mote:16] Not reachable yet
[Mote:6] Not reachable yet
[Mote:8] Sensor IPv6 = fe80::208:8:8:8
[Mote:1] {"node":"fd00::208:8:8:8", "cpu_energy_mj":18, "lpm_energy_mj":0, "radio_tx_energy_mj":0, "radio_rx_energy_mj":8, "total_energy_mj":26, "node_time":2819605, "total_sent":143, "total_received":266, "bytes_tx":60, "bytes_rx":12, "r2n_latency":164, "lqi":100, "rssi":-90, "server_sent":278, "server_received":313, "server_bytes_rx":60, "n2r_latency":65, "hops":0, "rtt_latency":922, "root_time_now":2819670}
[Mote:19] Not reachable yet
[Mote:14] Not reachable yet
[Mote:15] Not reachable yet
[Mote:17] Not reachable yet
[Mote:10] Not reachable yet
[Mote:13] Not reachable yet
[Mote:2] Not reachable yet
[Mote:9] Not reachable yet
[Mote:3] Not reachable yet
[Mote:11] Not reachable yet
[Mote:18] Not reachable yet
[Mote:12] Sensor IPv6 = fe80::20c:c:c:c
[Mote:1] {"node":"fd00::20c:c:c:c", "cpu_energy_mj":19, "lpm_energy_mj":0, "radio_tx_energy_mj":0, "radio_rx_energy_mj":8, "total_energy_mj":27, "node_time":2827610, "total_sent":135, "total_received":257, "bytes_tx":60, "bytes_rx":12, "r2n_latency":34, "lqi":100, "rssi":-87, "server_sent":280, "server_received":262, "server_bytes_rx":60, "n2r_latency":40, "hops":0, "rtt_latency":1067, "root_time_now":2827650}
[Mote:5] Not reachable yet
[Mote:7] Sensor IPv6 = fe80::207:7:7:7
[Mote:1] {"node":"fd00::207:7:7:7", "cpu_energy_mj":18, "lpm_energy_mj":0, "radio_tx_energy_mj":0, "radio_rx_energy_mj":8, "total_energy_mj":26, "node_time":2828525, "total_sent":139, "total_received":262, "bytes_tx":60, "bytes_rx":12, "r2n_latency":454, "lqi":100, "rssi":-89, "server_sent":278, "server_received":279, "server_bytes_rx":60, "n2r_latency":35, "hops":0, "rtt_latency":717, "root_time_now":2828560}
[Mote:4] Not reachable yet
[Mote:16] Not reachable yet
[Mote:8] Sensor IPv6 = fe80::208:8:8:8
[Mote:6] Not reachable yet
[Mote:19] Not reachable yet
[Mote:14] Not reachable yet
[Mote:15] Not reachable yet
[Mote:17] Not reachable yet
[Mote:13] Not reachable yet
[Mote:10] Not reachable yet
[Mote:2] Not reachable yet
[Mote:9] Not reachable yet
[Mote:3] Not reachable yet
[Mote:1] {"node":"fd00::208:8:8:8", "cpu_energy_mj":18, "lpm_energy_mj":0, "radio_tx_energy_mj":0, "radio_rx_energy_mj":8, "total_energy_mj":26, "node_time":2830088, "total_sent":144, "total_received":267, "bytes_tx":60, "bytes_rx":12, "r2n_latency":174, "lqi":100, "rssi":-90, "server_sent":280, "server_received":315, "server_bytes_rx":60, "n2r_latency":4142, "hops":0, "rtt_latency":857, "root_time_now":2834230}
[Mote:11] Not reachable yet
[Mote:18] Sensor IPv6 = fe80::212:12:12:12
[Mote:12] Sensor IPv6 = fe80::20c:c:c:c
[Mote:1] {"node":"fd00::20c:c:c:c", "cpu_energy_mj":19, "lpm_energy_mj":0, "radio_tx_energy_mj":0, "radio_rx_energy_mj":8, "total_energy_mj":27, "node_time":2838443, "total_sent":136, "total_received":258, "bytes_tx":60, "bytes_rx":12, "r2n_latency":324, "lqi":100, "rssi":-87, "server_sent":281, "server_received":264, "server_bytes_rx":60, "n2r_latency":57, "hops":0, "rtt_latency":1702, "root_time_now":2838500}
[Mote:5] Not reachable yet
[Mote:7] Sensor IPv6 = fe80::207:7:7:7
[Mote:1] {"node":"fd00::207:7:7:7", "cpu_energy_mj":18, "lpm_energy_mj":0, "radio_tx_energy_mj":0, "radio_rx_energy_mj":8, "total_energy_mj":26, "node_time":2839001, "total_sent":140, "total_received":263, "bytes_tx":60, "bytes_rx":12, "r2n_latency":814, "lqi":100, "rssi":-89, "server_sent":279, "server_received":281, "server_bytes_rx":60, "n2r_latency":59, "hops":0, "rtt_latency":792, "root_time_now":2839060}
[Mote:16] Not reachable yet
[Mote:4] Not reachable yet
[Mote:8] Sensor IPv6 = fe80::208:8:8:8
[Mote:6] Not reachable yet
[Mote:14] Not reachable yet
[Mote:17] Not reachable yet
[Mote:19] Not reachable yet
[Mote:15] Not reachable yet
[Mote:1] {"node":"fd00::208:8:8:8", "cpu_energy_mj":18, "lpm_energy_mj":0, "radio_tx_energy_mj":0, "radio_rx_energy_mj":8, "total_energy_mj":26, "node_time":2840569, "total_sent":145, "total_received":269, "bytes_tx":60, "bytes_rx":12, "r2n_latency":334, "lqi":100, "rssi":-90, "server_sent":281, "server_received":318, "server_bytes_rx":60, "n2r_latency":1431, "hops":0, "rtt_latency":902, "root_time_now":2842000}
[Mote:13] Not reachable yet
[Mote:10] Not reachable yet
[Mote:2] Sensor IPv6 = fe80::202:2:2:2
[Mote:1] {"node":"fd00::202:2:2:2", "cpu_energy_mj":511, "lpm_energy_mj":0, "radio_tx_energy_mj":1, "radio_rx_energy_mj":2570, "total_energy_mj":3082, "node_time":2843209, "total_sent":98, "total_received":267, "bytes_tx":60, "bytes_rx":12, "r2n_latency":124, "lqi":100, "rssi":-83, "server_sent":282, "server_received":196, "server_bytes_rx":60, "n2r_latency":51, "hops":0, "rtt_latency":762, "root_time_now":2843260}
[Mote:3] Not reachable yet
[Mote:9] Not reachable yet
[Mote:11] Not reachable yet
[Mote:18] Sensor IPv6 = fe80::212:12:12:12
[Mote:12] Sensor IPv6 = fe80::20c:c:c:c
[Mote:1] {"node":"fd00::20c:c:c:c", "cpu_energy_mj":19, "lpm_energy_mj":0, "radio_tx_energy_mj":0, "radio_rx_energy_mj":8, "total_energy_mj":27, "node_time":2849276, "total_sent":137, "total_received":259, "bytes_tx":60, "bytes_rx":12, "r2n_latency":54, "lqi":100, "rssi":-87, "server_sent":282, "server_received":266, "server_bytes_rx":60, "n2r_latency":74, "hops":0, "rtt_latency":482, "root_time_now":2849350}
[Mote:5] Not reachable yet
[Mote:16] Not reachable yet
[Mote:7] Sensor IPv6 = fe80::207:7:7:7
[Mote:1] {"node":"fd00::207:7:7:7", "cpu_energy_mj":18, "lpm_energy_mj":0, "radio_tx_energy_mj":0, "radio_rx_energy_mj":8, "total_energy_mj":26, "node_time":2849479, "total_sent":141, "total_received":264, "bytes_tx":60, "bytes_rx":12, "r2n_latency":264, "lqi":100, "rssi":-89, "server_sent":280, "server_received":283, "server_bytes_rx":60, "n2r_latency":11, "hops":0, "rtt_latency":2057, "root_time_now":2849490}
[Mote:4] Not reachable yet
[Mote:8] Sensor IPv6 = fe80::208:8:8:8
[Mote:17] Not reachable yet
[Mote:1] {"node":"fd00::208:8:8:8", "cpu_energy_mj":18, "lpm_energy_mj":0, "radio_tx_energy_mj":0, "radio_rx_energy_mj":8, "total_energy_mj":26, "node_time":2851052, "total_sent":146, "total_received":270, "bytes_tx":60, "bytes_rx":12, "r2n_latency":414, "lqi":100, "rssi":-90, "server_sent":282, "server_received":320, "server_bytes_rx":60, "n2r_latency":888, "hops":0, "rtt_latency":802, "root_time_now":2851940}
[Mote:14] Not reachable yet
[Mote:6] Not reachable yet
[Mote:15] Not reachable yet
[Mote:13] Not reachable yet
[Mote:10] Not reachable yet
[Mote:19] Not reachable yet
[Mote:2] Sensor IPv6 = fe80::202:2:2:2
[Mote:1] {"node":"fd00::202:2:2:2", "cpu_energy_mj":18, "lpm_energy_mj":0, "radio_tx_energy_mj":0, "radio_rx_energy_mj":8, "total_energy_mj":26, "node_time":2853740, "total_sent":99, "total_received":268, "bytes_tx":60, "bytes_rx":12, "r2n_latency":134, "lqi":100, "rssi":-83, "server_sent":283, "server_received":198, "server_bytes_rx":60, "n2r_latency":20, "hops":0, "rtt_latency":1502, "root_time_now":2853760}
[Mote:3] Not reachable yet
[Mote:11] Not reachable yet
[Mote:9] Not reachable yet
[Mote:18] Not reachable yet
[Mote:16] Not reachable yet
[Mote:7] Sensor IPv6 = fe80::207:7:7:7
[Mote:1] {"node":"fd00::207:7:7:7", "cpu_energy_mj":18, "lpm_energy_mj":0, "radio_tx_energy_mj":0, "radio_rx_energy_mj":8, "total_energy_mj":26, "node_time":2859953, "total_sent":142, "total_received":265, "bytes_tx":60, "bytes_rx":12, "r2n_latency":274, "lqi":100, "rssi":-89, "server_sent":282, "server_received":285, "server_bytes_rx":60, "n2r_latency":45, "hops":0, "rtt_latency":1747, "root_time_now":2859998}
[Mote:12] Sensor IPv6 = fe80::20c:c:c:c
[Mote:5] Not reachable yet
[Mote:4] Not reachable yet
[Mote:8] Sensor IPv6 = fe80::208:8:8:8
[Mote:17] Not reachable yet
[Mote:1] {"node":"fd00::20c:c:c:c", "cpu_energy_mj":19, "lpm_energy_mj":0, "radio_tx_energy_mj":0, "radio_rx_energy_mj":8, "total_energy_mj":27, "node_time":2860109, "total_sent":138, "total_received":261, "bytes_tx":60, "bytes_rx":12, "r2n_latency":74, "lqi":100, "rssi":-87, "server_sent":284, "server_received":269, "server_bytes_rx":60, "n2r_latency":2261, "hops":0, "rtt_latency":1052, "root_time_now":2862370}
[Mote:13] Not reachable yet
[Mote:10] Not reachable yet
[Mote:15] Not reachable yet
[Mote:14] Not reachable yet
[Mote:6] Not reachable yet
[Mote:19] Not reachable yet
[Mote:3] Not reachable yet
[Mote:1] {"node":"fd00::208:8:8:8", "cpu_energy_mj":18, "lpm_energy_mj":0, "radio_tx_energy_mj":0, "radio_rx_energy_mj":8, "total_energy_mj":26, "node_time":2861535, "total_sent":147, "total_received":271, "bytes_tx":60, "bytes_rx":12, "r2n_latency":284, "lqi":100, "rssi":-90, "server_sent":283, "server_received":322, "server_bytes_rx":60, "n2r_latency":2655, "hops":0, "rtt_latency":2067, "root_time_now":2864190}
[Mote:2] Sensor IPv6 = fe80::202:2:2:2
[Mote:1] {"node":"fd00::202:2:2:2", "cpu_energy_mj":18, "lpm_energy_mj":0, "radio_tx_energy_mj":0, "radio_rx_energy_mj":8, "total_energy_mj":26, "node_time":2864271, "total_sent":100, "total_received":269, "bytes_tx":60, "bytes_rx":12, "r2n_latency":144, "lqi":100, "rssi":-83, "server_sent":284, "server_received":200, "server_bytes_rx":60, "n2r_latency":59, "hops":0, "rtt_latency":1017, "root_time_now":2864330}
[Mote:11] Not reachable yet
[Mote:9] Not reachable yet
[Mote:16] Not reachable yet
[Mote:18] Not reachable yet
[Mote:7] Sensor IPv6 = fe80::207:7:7:7
[Mote:12] Sensor IPv6 = fe80::20c:c:c:c
[Mote:5] Not reachable yet
[Mote:4] Not reachable yet
[Mote:1] {"node":"fd00::207:7:7:7", "cpu_energy_mj":18, "lpm_energy_mj":0, "radio_tx_energy_mj":0, "radio_rx_energy_mj":8, "total_energy_mj":26, "node_time":2870429, "total_sent":143, "total_received":267, "bytes_tx":60, "bytes_rx":12, "r2n_latency":434, "lqi":100, "rssi":-89, "server_sent":283, "server_received":288, "server_bytes_rx":60, "n2r_latency":1251, "hops":0, "rtt_latency":777, "root_time_now":2871680}
[Mote:8] Sensor IPv6 = fe80::208:8:8:8
[Mote:1] {"node":"fd00::208:8:8:8", "cpu_energy_mj":18, "lpm_energy_mj":0, "radio_tx_energy_mj":0, "radio_rx_energy_mj":8, "total_energy_mj":26, "node_time":2872018, "total_sent":148, "total_received":272, "bytes_tx":60, "bytes_rx":12, "r2n_latency":154, "lqi":100, "rssi":-90, "server_sent":284, "server_received":324, "server_bytes_rx":60, "n2r_latency":82, "hops":0, "rtt_latency":497, "root_time_now":2872100}
[Mote:17] Not reachable yet
[Mote:13] Not reachable yet
[Mote:10] Not reachable yet
[Mote:1] {"node":"fd00::20c:c:c:c", "cpu_energy_mj":19, "lpm_energy_mj":0, "radio_tx_energy_mj":0, "radio_rx_energy_mj":8, "total_energy_mj":27, "node_time":2870942, "total_sent":139, "total_received":262, "bytes_tx":60, "bytes_rx":12, "r2n_latency":14, "lqi":100, "rssi":-87, "server_sent":285, "server_received":271, "server_bytes_rx":60, "n2r_latency":1998, "hops":0, "rtt_latency":1442, "root_time_now":2872940}
[Mote:15] Not reachable yet
[Mote:14] Not reachable yet
[Mote:6] Not reachable yet
[Mote:19] Not reachable yet
[Mote:3] Not reachable yet
[Mote:11] Not reachable yet
[Mote:2] Sensor IPv6 = fe80::202:2:2:2
[Mote:1] {"node":"fd00::202:2:2:2", "cpu_energy_mj":18, "lpm_energy_mj":0, "radio_tx_energy_mj":0, "radio_rx_energy_mj":8, "total_energy_mj":26, "node_time":2874804, "total_sent":101, "total_received":270, "bytes_tx":60, "bytes_rx":12, "r2n_latency":1134, "lqi":100, "rssi":-83, "server_sent":285, "server_received":202, "server_bytes_rx":60, "n2r_latency":306, "hops":0, "rtt_latency":707, "root_time_now":2875110}
[Mote:9] Not reachable yet
[Mote:16] Not reachable yet
[Mote:18] Not reachable yet
[Mote:7] Sensor IPv6 = fe80::207:7:7:7
[Mote:4] Not reachable yet
[Mote:12] Sensor IPv6 = fe80::20c:c:c:c
[Mote:5] Not reachable yet
[Mote:1] {"node":"fd00::20c:c:c:c", "cpu_energy_mj":19, "lpm_energy_mj":0, "radio_tx_energy_mj":0, "radio_rx_energy_mj":8, "total_energy_mj":27, "node_time":2881775, "total_sent":140, "total_received":263, "bytes_tx":60, "bytes_rx":12, "r2n_latency":24, "lqi":100, "rssi":-87, "server_sent":286, "server_received":273, "server_bytes_rx":60, "n2r_latency":335, "hops":0, "rtt_latency":852, "root_time_now":2882110}
[Mote:17] Not reachable yet
[Mote:8] Sensor IPv6 = fe80::208:8:8:8
[Mote:1] {"node":"fd00::208:8:8:8", "cpu_energy_mj":18, "lpm_energy_mj":0, "radio_tx_energy_mj":0, "radio_rx_energy_mj":8, "total_energy_mj":26, "node_time":2882501, "total_sent":149, "total_received":273, "bytes_tx":60, "bytes_rx":12, "r2n_latency":234, "lqi":100, "rssi":-90, "server_sent":285, "server_received":326, "server_bytes_rx":60, "n2r_latency":29, "hops":0, "rtt_latency":817, "root_time_now":2882530}
[Mote:13] Not reachable yet
[Mote:10] Not reachable yet
[Mote:15] Not reachable yet
[Mote:14] Not reachable yet
[Mote:3] Not reachable yet
[Mote:11] Not reachable yet
[Mote:6] Not reachable yet
[Mote:19] Not reachable yet
[Mote:2] Sensor IPv6 = fe80::202:2:2:2
[Mote:1] {"node":"fd00::202:2:2:2", "cpu_energy_mj":18, "lpm_energy_mj":0, "radio_tx_energy_mj":0, "radio_rx_energy_mj":8, "total_energy_mj":26, "node_time":2885333, "total_sent":102, "total_received":271, "bytes_tx":60, "bytes_rx":12, "r2n_latency":94, "lqi":100, "rssi":-83, "server_sent":286, "server_received":204, "server_bytes_rx":60, "n2r_latency":67, "hops":0, "rtt_latency":1132, "root_time_now":2885400}
[Mote:1] {"node":"fd00::207:7:7:7", "cpu_energy_mj":18, "lpm_energy_mj":0, "radio_tx_energy_mj":0, "radio_rx_energy_mj":8, "total_energy_mj":26, "node_time":2880905, "total_sent":144, "total_received":268, "bytes_tx":60, "bytes_rx":12, "r2n_latency":374, "lqi":100, "rssi":-89, "server_sent":284, "server_received":290, "server_bytes_rx":60, "n2r_latency":5055, "hops":0, "rtt_latency":2952, "root_time_now":2885960}
[Mote:9] Not reachable yet
[Mote:16] Not reachable yet
[Mote:18] Not reachable yet
[Mote:7] Sensor IPv6 = fe80::207:7:7:7
[Mote:1] {"node":"fd00::207:7:7:7", "cpu_energy_mj":18, "lpm_energy_mj":0, "radio_tx_energy_mj":0, "radio_rx_energy_mj":8, "total_energy_mj":26, "node_time":2891381, "total_sent":145, "total_received":269, "bytes_tx":60, "bytes_rx":12, "r2n_latency":314, "lqi":100, "rssi":-89, "server_sent":285, "server_received":292, "server_bytes_rx":60, "n2r_latency":879, "hops":0, "rtt_latency":1032, "root_time_now":2892260}
[Mote:4] Not reachable yet
[Mote:5] Not reachable yet
[Mote:12] Sensor IPv6 = fe80::20c:c:c:c
[Mote:17] Not reachable yet
[Mote:13] Not reachable yet
[Mote:1] {"node":"fd00::20c:c:c:c", "cpu_energy_mj":19, "lpm_energy_mj":0, "radio_tx_energy_mj":0, "radio_rx_energy_mj":8, "total_energy_mj":27, "node_time":2892609, "total_sent":141, "total_received":264, "bytes_tx":60, "bytes_rx":12, "r2n_latency":34, "lqi":100, "rssi":-87, "server_sent":287, "server_received":275, "server_bytes_rx":60, "n2r_latency":211, "hops":0, "rtt_latency":1382, "root_time_now":2892820}
[Mote:8] Sensor IPv6 = fe80::208:8:8:8
[Mote:1] {"node":"fd00::208:8:8:8", "cpu_energy_mj":18, "lpm_energy_mj":0, "radio_tx_energy_mj":0, "radio_rx_energy_mj":8, "total_energy_mj":26, "node_time":2892984, "total_sent":150, "total_received":274, "bytes_tx":60, "bytes_rx":12, "r2n_latency":524, "lqi":100, "rssi":-90, "server_sent":286, "server_received":328, "server_bytes_rx":60, "n2r_latency":46, "hops":0, "rtt_latency":612, "root_time_now":2893030}
[Mote:10] Not reachable yet
[Mote:15] Not reachable yet
[Mote:3] Not reachable yet
[Mote:11] Not reachable yet
[Mote:14] Not reachable yet
[Mote:2] Sensor IPv6 = fe80::202:2:2:2
[Mote:1] {"node":"fd00::202:2:2:2", "cpu_energy_mj":18, "lpm_energy_mj":0, "radio_tx_energy_mj":0, "radio_rx_energy_mj":8, "total_energy_mj":26, "node_time":2895864, "total_sent":103, "total_received":272, "bytes_tx":60, "bytes_rx":12, "r2n_latency":104, "lqi":100, "rssi":-83, "server_sent":287, "server_received":206, "server_bytes_rx":60, "n2r_latency":36, "hops":0, "rtt_latency":402, "root_time_now":2895900}
[Mote:6] Not reachable yet
[Mote:19] Not reachable yet
[Mote:9] Not reachable yet
[Mote:16] Not reachable yet
[Mote:18] Not reachable yet
[Mote:7] Sensor IPv6 = fe80::207:7:7:7
[Mote:1] {"node":"fd00::207:7:7:7", "cpu_energy_mj":18, "lpm_energy_mj":0, "radio_tx_energy_mj":0, "radio_rx_energy_mj":8, "total_energy_mj":26, "node_time":2901857, "total_sent":146, "total_received":270, "bytes_tx":60, "bytes_rx":12, "r2n_latency":1164, "lqi":100, "rssi":-89, "server_sent":286, "server_received":294, "server_bytes_rx":60, "n2r_latency":63, "hops":0, "rtt_latency":617, "root_time_now":2901920}
[Mote:4] Not reachable yet
[Mote:17] Not reachable yet
[Mote:13] Not reachable yet
[Mote:5] Not reachable yet
[Mote:12] Sensor IPv6 = fe80::20c:c:c:c
[Mote:10] Not reachable yet
[Mote:1] {"node":"fd00::20c:c:c:c", "cpu_energy_mj":19, "lpm_energy_mj":0, "radio_tx_energy_mj":0, "radio_rx_energy_mj":8, "total_energy_mj":27, "node_time":2903441, "total_sent":142, "total_received":265, "bytes_tx":60, "bytes_rx":12, "r2n_latency":44, "lqi":100, "rssi":-87, "server_sent":288, "server_received":277, "server_bytes_rx":60, "n2r_latency":19, "hops":0, "rtt_latency":1597, "root_time_now":2903460}
[Mote:8] Sensor IPv6 = fe80::208:8:8:8
[Mote:1] {"node":"fd00::208:8:8:8", "cpu_energy_mj":18, "lpm_energy_mj":0, "radio_tx_energy_mj":0, "radio_rx_energy_mj":8, "total_energy_mj":26, "node_time":2903467, "total_sent":151, "total_received":275, "bytes_tx":60, "bytes_rx":12, "r2n_latency":464, "lqi":100, "rssi":-90, "server_sent":287, "server_received":330, "server_bytes_rx":60, "n2r_latency":63, "hops":0, "rtt_latency":1457, "root_time_now":2903530}
[Mote:15] Not reachable yet
[Mote:11] Not reachable yet
[Mote:3] Not reachable yet
[Mote:14] Not reachable yet
[Mote:2] Sensor IPv6 = fe80::202:2:2:2
[Mote:1] {"node":"fd00::202:2:2:2", "cpu_energy_mj":18, "lpm_energy_mj":0, "radio_tx_energy_mj":0, "radio_rx_energy_mj":8, "total_energy_mj":26, "node_time":2906397, "total_sent":104, "total_received":273, "bytes_tx":60, "bytes_rx":12, "r2n_latency":114, "lqi":100, "rssi":-83, "server_sent":288, "server_received":208, "server_bytes_rx":60, "n2r_latency":143, "hops":0, "rtt_latency":477, "root_time_now":2906540}
[Mote:6] Not reachable yet
[Mote:19] Not reachable yet
[Mote:9] Not reachable yet
[Mote:16] Not reachable yet
[Mote:18] Not reachable yet
[Mote:7] Sensor IPv6 = fe80::207:7:7:7
[Mote:1] {"node":"fd00::207:7:7:7", "cpu_energy_mj":18, "lpm_energy_mj":0, "radio_tx_energy_mj":0, "radio_rx_energy_mj":8, "total_energy_mj":26, "node_time":2912333, "total_sent":147, "total_received":271, "bytes_tx":60, "bytes_rx":12, "r2n_latency":474, "lqi":100, "rssi":-89, "server_sent":287, "server_received":296, "server_bytes_rx":60, "n2r_latency":17, "hops":0, "rtt_latency":1007, "root_time_now":2912350}
[Mote:13] Not reachable yet
[Mote:17] Not reachable yet
[Mote:4] Not reachable yet
[Mote:10] Not reachable yet
[Mote:8] Sensor IPv6 = fe80::208:8:8:8
[Mote:1] {"node":"fd00::208:8:8:8", "cpu_energy_mj":18, "lpm_energy_mj":0, "radio_tx_energy_mj":0, "radio_rx_energy_mj":8, "total_energy_mj":26, "node_time":2913950, "total_sent":152, "total_received":276, "bytes_tx":60, "bytes_rx":12, "r2n_latency":264, "lqi":100, "rssi":-90, "server_sent":288, "server_received":332, "server_bytes_rx":60, "n2r_latency":10, "hops":0, "rtt_latency":1077, "root_time_now":2913960}
[Mote:5] Not reachable yet
[Mote:12] Sensor IPv6 = fe80::20c:c:c:c
[Mote:1] {"node":"fd00::20c:c:c:c", "cpu_energy_mj":19, "lpm_energy_mj":0, "radio_tx_energy_mj":0, "radio_rx_energy_mj":8, "total_energy_mj":27, "node_time":2914274, "total_sent":143, "total_received":266, "bytes_tx":60, "bytes_rx":12, "r2n_latency":54, "lqi":100, "rssi":-87, "server_sent":289, "server_received":279, "server_bytes_rx":60, "n2r_latency":36, "hops":0, "rtt_latency":1392, "root_time_now":2914310}
[Mote:11] Not reachable yet
[Mote:3] Not reachable yet
[Mote:15] Not reachable yet
[Mote:14] Not reachable yet
[Mote:2] Sensor IPv6 = fe80::202:2:2:2
[Mote:1] {"node":"fd00::202:2:2:2", "cpu_energy_mj":18, "lpm_energy_mj":0, "radio_tx_energy_mj":0, "radio_rx_energy_mj":8, "total_energy_mj":26, "node_time":2916926, "total_sent":105, "total_received":274, "bytes_tx":60, "bytes_rx":12, "r2n_latency":124, "lqi":100, "rssi":-83, "server_sent":289, "server_received":210, "server_bytes_rx":60, "n2r_latency":44, "hops":0, "rtt_latency":482, "root_time_now":2916970}
[Mote:6] Not reachable yet
[Mote:9] Not reachable yet
[Mote:19] Not reachable yet
[Mote:16] Not reachable yet
[Mote:18] Not reachable yet
[Mote:7] Sensor IPv6 = fe80::207:7:7:7
[Mote:1] {"node":"fd00::207:7:7:7", "cpu_energy_mj":18, "lpm_energy_mj":0, "radio_tx_energy_mj":0, "radio_rx_energy_mj":8, "total_energy_mj":26, "node_time":2922809, "total_sent":148, "total_received":272, "bytes_tx":60, "bytes_rx":12, "r2n_latency":344, "lqi":100, "rssi":-89, "server_sent":288, "server_received":298, "server_bytes_rx":60, "n2r_latency":251, "hops":0, "rtt_latency":1397, "root_time_now":2923060}
[Mote:13] Not reachable yet
[Mote:17] Not reachable yet
[Mote:10] Not reachable yet
[Mote:4] Not reachable yet
[Mote:8] Sensor IPv6 = fe80::208:8:8:8
[Mote:5] Not reachable yet
[Mote:12] Sensor IPv6 = fe80::20c:c:c:c
[Mote:1] {"node":"fd00::20c:c:c:c", "cpu_energy_mj":19, "lpm_energy_mj":0, "radio_tx_energy_mj":0, "radio_rx_energy_mj":8, "total_energy_mj":27, "node_time":2925107, "total_sent":144, "total_received":267, "bytes_tx":60, "bytes_rx":12, "r2n_latency":64, "lqi":100, "rssi":-87, "server_sent":290, "server_received":281, "server_bytes_rx":60, "n2r_latency":53, "hops":0, "rtt_latency":1362, "root_time_now":2925160}
[Mote:1] {"node":"fd00::208:8:8:8", "cpu_energy_mj":18, "lpm_energy_mj":0, "radio_tx_energy_mj":0, "radio_rx_energy_mj":8, "total_energy_mj":26, "node_time":2924433, "total_sent":153, "total_received":277, "bytes_tx":60, "bytes_rx":12, "r2n_latency":484, "lqi":100, "rssi":-90, "server_sent":289, "server_received":334, "server_bytes_rx":60, "n2r_latency":867, "hops":0, "rtt_latency":2622, "root_time_now":2925300}
[Mote:11] Not reachable yet
[Mote:3] Not reachable yet
[Mote:15] Not reachable yet
[Mote:2] Sensor IPv6 = fe80::202:2:2:2
[Mote:1] {"node":"fd00::202:2:2:2", "cpu_energy_mj":18, "lpm_energy_mj":0, "radio_tx_energy_mj":0, "radio_rx_energy_mj":8, "total_energy_mj":26, "node_time":2927457, "total_sent":106, "total_received":275, "bytes_tx":60, "bytes_rx":12, "r2n_latency":134, "lqi":100, "rssi":-83, "server_sent":290, "server_received":212, "server_bytes_rx":60, "n2r_latency":13, "hops":0, "rtt_latency":1607, "root_time_now":2927470}
[Mote:14] Not reachable yet
[Mote:9] Not reachable yet
[Mote:6] Not reachable yet
[Mote:19] Not reachable yet
[Mote:16] Not reachable yet
[Mote:18] Not reachable yet
[Mote:13] Not reachable yet
[Mote:7] Sensor IPv6 = fe80::207:7:7:7
[Mote:1] {"node":"fd00::207:7:7:7", "cpu_energy_mj":18, "lpm_energy_mj":0, "radio_tx_energy_mj":0, "radio_rx_energy_mj":8, "total_energy_mj":26, "node_time":2933285, "total_sent":149, "total_received":273, "bytes_tx":60, "bytes_rx":12, "r2n_latency":285, "lqi":100, "rssi":-89, "server_sent":289, "server_received":300, "server_bytes_rx":60, "n2r_latency":65, "hops":0, "rtt_latency":982, "root_time_now":2933350}
[Mote:17] Not reachable yet
[Mote:10] Not reachable yet
[Mote:4] Not reachable yet
[Mote:8] Sensor IPv6 = fe80::208:8:8:8
[Mote:1] {"node":"fd00::208:8:8:8", "cpu_energy_mj":18, "lpm_energy_mj":0, "radio_tx_energy_mj":0, "radio_rx_energy_mj":8, "total_energy_mj":26, "node_time":2934918, "total_sent":154, "total_received":278, "bytes_tx":60, "bytes_rx":12, "r2n_latency":355, "lqi":100, "rssi":-90, "server_sent":290, "server_received":336, "server_bytes_rx":60, "n2r_latency":42, "hops":0, "rtt_latency":527, "root_time_now":2934960}
[Mote:11] Not reachable yet
[Mote:5] Not reachable yet
[Mote:12] Sensor IPv6 = fe80::20c:c:c:c
[Mote:3] Not reachable yet
[Mote:1] {"node":"fd00::20c:c:c:c", "cpu_energy_mj":19, "lpm_energy_mj":0, "radio_tx_energy_mj":0, "radio_rx_energy_mj":8, "total_energy_mj":27, "node_time":2935942, "total_sent":145, "total_received":268, "bytes_tx":60, "bytes_rx":12, "r2n_latency":75, "lqi":100, "rssi":-87, "server_sent":291, "server_received":283, "server_bytes_rx":60, "n2r_latency":68, "hops":0, "rtt_latency":1052, "root_time_now":2936010}
[Mote:15] Not reachable yet
[Mote:2] Sensor IPv6 = fe80::202:2:2:2
[Mote:1] {"node":"fd00::202:2:2:2", "cpu_energy_mj":18, "lpm_energy_mj":0, "radio_tx_energy_mj":0, "radio_rx_energy_mj":8, "total_energy_mj":26, "node_time":2937990, "total_sent":107, "total_received":276, "bytes_tx":60, "bytes_rx":12, "r2n_latency":145, "lqi":100, "rssi":-83, "server_sent":291, "server_received":214, "server_bytes_rx":60, "n2r_latency":50, "hops":0, "rtt_latency":877, "root_time_now":2938040}
[Mote:14] Not reachable yet
[Mote:9] Not reachable yet
[Mote:16] Not reachable yet
[Mote:6] Not reachable yet
[Mote:19] Not reachable yet
[Mote:13] Not reachable yet
[Mote:18] Not reachable yet
[Mote:7] Sensor IPv6 = fe80::207:7:7:7
[Mote:17] Not reachable yet
[Mote:1] {"node":"fd00::207:7:7:7", "cpu_energy_mj":18, "lpm_energy_mj":0, "radio_tx_energy_mj":0, "radio_rx_energy_mj":8, "total_energy_mj":26, "node_time":2943761, "total_sent":150, "total_received":274, "bytes_tx":60, "bytes_rx":12, "r2n_latency":364, "lqi":100, "rssi":-89, "server_sent":290, "server_received":302, "server_bytes_rx":60, "n2r_latency":19, "hops":0, "rtt_latency":1022, "root_time_now":2943780}
[Mote:10] Not reachable yet
[Mote:4] Not reachable yet
[Mote:8] Sensor IPv6 = fe80::208:8:8:8
[Mote:1] {"node":"fd00::208:8:8:8", "cpu_energy_mj":18, "lpm_energy_mj":0, "radio_tx_energy_mj":0, "radio_rx_energy_mj":8, "total_energy_mj":26, "node_time":2945399, "total_sent":155, "total_received":279, "bytes_tx":60, "bytes_rx":12, "r2n_latency":224, "lqi":100, "rssi":-90, "server_sent":291, "server_received":338, "server_bytes_rx":60, "n2r_latency":61, "hops":0, "rtt_latency":1582, "root_time_now":2945460}
[Mote:11] Not reachable yet
[Mote:3] Not reachable yet
[Mote:5] Not reachable yet
[Mote:12] Sensor IPv6 = fe80::20c:c:c:c
[Mote:1] {"node":"fd00::20c:c:c:c", "cpu_energy_mj":19, "lpm_energy_mj":0, "radio_tx_energy_mj":0, "radio_rx_energy_mj":8, "total_energy_mj":27, "node_time":2946773, "total_sent":146, "total_received":269, "bytes_tx":60, "bytes_rx":12, "r2n_latency":14, "lqi":100, "rssi":-87, "server_sent":292, "server_received":285, "server_bytes_rx":60, "n2r_latency":17, "hops":0, "rtt_latency":532, "root_time_now":2946790}
[Mote:15] Not reachable yet
[Mote:2] Sensor IPv6 = fe80::202:2:2:2
[Mote:1] {"node":"fd00::202:2:2:2", "cpu_energy_mj":18, "lpm_energy_mj":0, "radio_tx_energy_mj":0, "radio_rx_energy_mj":8, "total_energy_mj":26, "node_time":2948519, "total_sent":108, "total_received":277, "bytes_tx":60, "bytes_rx":12, "r2n_latency":84, "lqi":100, "rssi":-83, "server_sent":292, "server_received":216, "server_bytes_rx":60, "n2r_latency":301, "hops":0, "rtt_latency":777, "root_time_now":2948820}
[Mote:14] Not reachable yet
[Mote:9] Not reachable yet
[Mote:16] Not reachable yet
[Mote:6] Not reachable yet
[Mote:19] Not reachable yet
[Mote:13] Not reachable yet
[Mote:18] Not reachable yet
[Mote:17] Not reachable yet
[Mote:7] Sensor IPv6 = fe80::207:7:7:7
[Mote:1] {"node":"fd00::207:7:7:7", "cpu_energy_mj":18, "lpm_energy_mj":0, "radio_tx_energy_mj":0, "radio_rx_energy_mj":8, "total_energy_mj":26, "node_time":2954237, "total_sent":151, "total_received":275, "bytes_tx":60, "bytes_rx":12, "r2n_latency":234, "lqi":100, "rssi":-89, "server_sent":291, "server_received":304, "server_bytes_rx":60, "n2r_latency":43, "hops":0, "rtt_latency":1377, "root_time_now":2954280}
[Mote:10] Not reachable yet
[Mote:4] Not reachable yet
[Mote:11] Not reachable yet
[Mote:8] Sensor IPv6 = fe80::208:8:8:8
[Mote:1] {"node":"fd00::208:8:8:8", "cpu_energy_mj":18, "lpm_energy_mj":0, "radio_tx_energy_mj":0, "radio_rx_energy_mj":8, "total_energy_mj":26, "node_time":2955884, "total_sent":156, "total_received":280, "bytes_tx":60, "bytes_rx":12, "r2n_latency":374, "lqi":100, "rssi":-90, "server_sent":292, "server_received":340, "server_bytes_rx":60, "n2r_latency":6, "hops":0, "rtt_latency":537, "root_time_now":2955890}
[Mote:3] Not reachable yet
[Mote:5] Not reachable yet
[Mote:15] Not reachable yet
[Mote:12] Sensor IPv6 = fe80::20c:c:c:c
[Mote:1] {"node":"fd00::20c:c:c:c", "cpu_energy_mj":19, "lpm_energy_mj":0, "radio_tx_energy_mj":0, "radio_rx_energy_mj":8, "total_energy_mj":27, "node_time":2957608, "total_sent":147, "total_received":270, "bytes_tx":60, "bytes_rx":12, "r2n_latency":24, "lqi":100, "rssi":-87, "server_sent":293, "server_received":287, "server_bytes_rx":60, "n2r_latency":32, "hops":0, "rtt_latency":817, "root_time_now":2957640}
[Mote:2] Sensor IPv6 = fe80::202:2:2:2
[Mote:1] {"node":"fd00::202:2:2:2", "cpu_energy_mj":18, "lpm_energy_mj":0, "radio_tx_energy_mj":0, "radio_rx_energy_mj":8, "total_energy_mj":26, "node_time":2959052, "total_sent":109, "total_received":278, "bytes_tx":60, "bytes_rx":12, "r2n_latency":94, "lqi":100, "rssi":-83, "server_sent":293, "server_received":218, "server_bytes_rx":60, "n2r_latency":58, "hops":0, "rtt_latency":712, "root_time_now":2959110}
[Mote:16] Not reachable yet
[Mote:14] Not reachable yet
[Mote:9] Not reachable yet
[Mote:6] Not reachable yet
[Mote:19] Not reachable yet
[Mote:13] Not reachable yet
[Mote:17] Not reachable yet
[Mote:18] Not reachable yet
[Mote:10] Not reachable yet
[Mote:7] Sensor IPv6 = fe80::207:7:7:7
[Mote:1] {"node":"fd00::207:7:7:7", "cpu_energy_mj":18, "lpm_energy_mj":0, "radio_tx_energy_mj":0, "radio_rx_energy_mj":8, "total_energy_mj":26, "node_time":2964713, "total_sent":152, "total_received":276, "bytes_tx":60, "bytes_rx":12, "r2n_latency":314, "lqi":100, "rssi":-89, "server_sent":292, "server_received":306, "server_bytes_rx":60, "n2r_latency":67, "hops":0, "rtt_latency":297, "root_time_now":2964780}
[Mote:11] Not reachable yet
[Mote:4] Not reachable yet
[Mote:8] Sensor IPv6 = fe80::208:8:8:8
[Mote:1] {"node":"fd00::208:8:8:8", "cpu_energy_mj":18, "lpm_energy_mj":0, "radio_tx_energy_mj":0, "radio_rx_energy_mj":8, "total_energy_mj":26, "node_time":2966365, "total_sent":157, "total_received":281, "bytes_tx":60, "bytes_rx":12, "r2n_latency":664, "lqi":100, "rssi":-90, "server_sent":293, "server_received":342, "server_bytes_rx":60, "n2r_latency":25, "hops":0, "rtt_latency":682, "root_time_now":2966390}
[Mote:3] Not reachable yet
[Mote:15] Not reachable yet
[Mote:5] Not reachable yet
[Mote:12] Sensor IPv6 = fe80::20c:c:c:c
[Mote:1] {"node":"fd00::20c:c:c:c", "cpu_energy_mj":19, "lpm_energy_mj":0, "radio_tx_energy_mj":0, "radio_rx_energy_mj":8, "total_energy_mj":27, "node_time":2968441, "total_sent":148, "total_received":271, "bytes_tx":60, "bytes_rx":12, "r2n_latency":34, "lqi":100, "rssi":-87, "server_sent":294, "server_received":289, "server_bytes_rx":60, "n2r_latency":49, "hops":0, "rtt_latency":962, "root_time_now":2968490}
[Mote:2] Sensor IPv6 = fe80::202:2:2:2
[Mote:1] {"node":"fd00::202:2:2:2", "cpu_energy_mj":18, "lpm_energy_mj":0, "radio_tx_energy_mj":0, "radio_rx_energy_mj":8, "total_energy_mj":26, "node_time":2969583, "total_sent":110, "total_received":279, "bytes_tx":60, "bytes_rx":12, "r2n_latency":104, "lqi":100, "rssi":-83, "server_sent":294, "server_received":220, "server_bytes_rx":60, "n2r_latency":27, "hops":0, "rtt_latency":927, "root_time_now":2969610}
[Mote:16] Not reachable yet
[Mote:14] Not reachable yet
[Mote:9] Not reachable yet
[Mote:6] Not reachable yet
[Mote:19] Not reachable yet
[Mote:13] Not reachable yet
[Mote:17] Not reachable yet
[Mote:10] Not reachable yet
[Mote:18] Not reachable yet
[Mote:7] Sensor IPv6 = fe80::207:7:7:7
[Mote:1] {"node":"fd00::207:7:7:7", "cpu_energy_mj":18, "lpm_energy_mj":0, "radio_tx_energy_mj":0, "radio_rx_energy_mj":8, "total_energy_mj":26, "node_time":2975189, "total_sent":153, "total_received":277, "bytes_tx":60, "bytes_rx":12, "r2n_latency":254, "lqi":100, "rssi":-89, "server_sent":293, "server_received":308, "server_bytes_rx":60, "n2r_latency":21, "hops":0, "rtt_latency":792, "root_time_now":2975210}
[Mote:11] Not reachable yet
[Mote:4] Not reachable yet
[Mote:8] Sensor IPv6 = fe80::208:8:8:8
[Mote:1] {"node":"fd00::208:8:8:8", "cpu_energy_mj":18, "lpm_energy_mj":0, "radio_tx_energy_mj":0, "radio_rx_energy_mj":8, "total_energy_mj":26, "node_time":2976848, "total_sent":158, "total_received":282, "bytes_tx":60, "bytes_rx":12, "r2n_latency":674, "lqi":100, "rssi":-90, "server_sent":294, "server_received":344, "server_bytes_rx":60, "n2r_latency":42, "hops":0, "rtt_latency":547, "root_time_now":2976890}
[Mote:3] Not reachable yet
[Mote:15] Not reachable yet
[Mote:5] Not reachable yet
[Mote:12] Sensor IPv6 = fe80::20c:c:c:c
[Mote:1] {"node":"fd00::20c:c:c:c", "cpu_energy_mj":19, "lpm_energy_mj":0, "radio_tx_energy_mj":0, "radio_rx_energy_mj":8, "total_energy_mj":27, "node_time":2979272, "total_sent":149, "total_received":272, "bytes_tx":60, "bytes_rx":12, "r2n_latency":44, "lqi":100, "rssi":-87, "server_sent":295, "server_received":291, "server_bytes_rx":60, "n2r_latency":68, "hops":0, "rtt_latency":932, "root_time_now":2979340}
[Mote:16] Not reachable yet
[Mote:2] Sensor IPv6 = fe80::202:2:2:2
[Mote:9] Not reachable yet
[Mote:14] Not reachable yet
[Mote:1] {"node":"fd00::202:2:2:2", "cpu_energy_mj":18, "lpm_energy_mj":0, "radio_tx_energy_mj":0, "radio_rx_energy_mj":8, "total_energy_mj":26, "node_time":2980112, "total_sent":111, "total_received":281, "bytes_tx":60, "bytes_rx":12, "r2n_latency":124, "lqi":100, "rssi":-83, "server_sent":296, "server_received":223, "server_bytes_rx":60, "n2r_latency":1538, "hops":0, "rtt_latency":552, "root_time_now":2981650}
[Mote:6] Not reachable yet
[Mote:19] Not reachable yet
[Mote:13] Not reachable yet
[Mote:17] Not reachable yet
[Mote:10] Not reachable yet
[Mote:18] Not reachable yet
[Mote:7] Sensor IPv6 = fe80::207:7:7:7
[Mote:1] {"node":"fd00::207:7:7:7", "cpu_energy_mj":18, "lpm_energy_mj":0, "radio_tx_energy_mj":0, "radio_rx_energy_mj":8, "total_energy_mj":26, "node_time":2985665, "total_sent":154, "total_received":278, "bytes_tx":60, "bytes_rx":12, "r2n_latency":264, "lqi":100, "rssi":-89, "server_sent":294, "server_received":310, "server_bytes_rx":60, "n2r_latency":45, "hops":0, "rtt_latency":1847, "root_time_now":2985710}
[Mote:11] Not reachable yet
[Mote:4] Not reachable yet
[Mote:3] Not reachable yet
[Mote:8] Sensor IPv6 = fe80::208:8:8:8
[Mote:1] {"node":"fd00::208:8:8:8", "cpu_energy_mj":18, "lpm_energy_mj":0, "radio_tx_energy_mj":0, "radio_rx_energy_mj":8, "total_energy_mj":26, "node_time":2987333, "total_sent":159, "total_received":283, "bytes_tx":60, "bytes_rx":12, "r2n_latency":474, "lqi":100, "rssi":-90, "server_sent":295, "server_received":346, "server_bytes_rx":60, "n2r_latency":57, "hops":0, "rtt_latency":1007, "root_time_now":2987390}
[Mote:15] Not reachable yet
[Mote:5] Not reachable yet
[Mote:16] Not reachable yet
[Mote:12] Sensor IPv6 = fe80::20c:c:c:c
[Mote:2] Sensor IPv6 = fe80::202:2:2:2
[Mote:9] Not reachable yet
[Mote:14] Not reachable yet
[Mote:1] {"node":"fd00::20c:c:c:c", "cpu_energy_mj":19, "lpm_energy_mj":0, "radio_tx_energy_mj":0, "radio_rx_energy_mj":8, "total_energy_mj":27, "node_time":2990105, "total_sent":150, "total_received":274, "bytes_tx":60, "bytes_rx":12, "r2n_latency":64, "lqi":100, "rssi":-87, "server_sent":297, "server_received":294, "server_bytes_rx":60, "n2r_latency":2255, "hops":0, "rtt_latency":1152, "root_time_now":2992360}
[Mote:1] {"node":"fd00::202:2:2:2", "cpu_energy_mj":18, "lpm_energy_mj":0, "radio_tx_energy_mj":0, "radio_rx_energy_mj":7, "total_energy_mj":25, "node_time":2990643, "total_sent":112, "total_received":282, "bytes_tx":60, "bytes_rx":12, "r2n_latency":134, "lqi":100, "rssi":-83, "server_sent":297, "server_received":225, "server_bytes_rx":60, "n2r_latency":1857, "hops":0, "rtt_latency":1222, "root_time_now":2992500}
[Mote:13] Not reachable yet
[Mote:6] Not reachable yet
[Mote:19] Not reachable yet
[Mote:17] Not reachable yet
[Mote:10] Not reachable yet
[Mote:18] Not reachable yet
[Mote:7] Sensor IPv6 = fe80::207:7:7:7
[Mote:11] Not reachable yet
[Mote:1] {"node":"fd00::207:7:7:7", "cpu_energy_mj":18, "lpm_energy_mj":0, "radio_tx_energy_mj":0, "radio_rx_energy_mj":8, "total_energy_mj":26, "node_time":2996141, "total_sent":155, "total_received":279, "bytes_tx":60, "bytes_rx":12, "r2n_latency":344, "lqi":100, "rssi":-89, "server_sent":295, "server_received":312, "server_bytes_rx":60, "n2r_latency":69, "hops":0, "rtt_latency":837, "root_time_now":2996210}
[Mote:3] Not reachable yet
[Mote:8] Sensor IPv6 = fe80::208:8:8:8
[Mote:4] Not reachable yet
[Mote:1] {"node":"fd00::208:8:8:8", "cpu_energy_mj":18, "lpm_energy_mj":0, "radio_tx_energy_mj":0, "radio_rx_energy_mj":8, "total_energy_mj":26, "node_time":2997814, "total_sent":160, "total_received":284, "bytes_tx":60, "bytes_rx":12, "r2n_latency":484, "lqi":100, "rssi":-90, "server_sent":296, "server_received":348, "server_bytes_rx":60, "n2r_latency":76, "hops":0, "rtt_latency":697, "root_time_now":2997890}
[Mote:15] Not reachable yet
[Mote:16] Not reachable yet
[Mote:5] Not reachable yet
[Mote:12] Sensor IPv6 = fe80::20c:c:c:c
[Mote:1] {"node":"fd00::20c:c:c:c", "cpu_energy_mj":19, "lpm_energy_mj":0, "radio_tx_energy_mj":0, "radio_rx_energy_mj":8, "total_energy_mj":27, "node_time":3000938, "total_sent":151, "total_received":275, "bytes_tx":60, "bytes_rx":12, "r2n_latency":74, "lqi":100, "rssi":-87, "server_sent":298, "server_received":296, "server_bytes_rx":60, "n2r_latency":32, "hops":0, "rtt_latency":457, "root_time_now":3000970}
[Mote:2] Sensor IPv6 = fe80::202:2:2:2
[Mote:1] {"node":"fd00::202:2:2:2", "cpu_energy_mj":18, "lpm_energy_mj":0, "radio_tx_energy_mj":0, "radio_rx_energy_mj":8, "total_energy_mj":26, "node_time":3001174, "total_sent":113, "total_received":283, "bytes_tx":60, "bytes_rx":12, "r2n_latency":144, "lqi":100, "rssi":-83, "server_sent":298, "server_received":227, "server_bytes_rx":60, "n2r_latency":566, "hops":0, "rtt_latency":772, "root_time_now":3001740}
[Mote:9] Not reachable yet
[Mote:14] Not reachable yet
[Mote:13] Not reachable yet
[Mote:17] Not reachable yet
[Mote:10] Not reachable yet
[Mote:6] Not reachable yet
[Mote:19] Not reachable yet
[Mote:11] Not reachable yet
[Mote:7] Sensor IPv6 = fe80::207:7:7:7
[Mote:1] {"node":"fd00::207:7:7:7", "cpu_energy_mj":18, "lpm_energy_mj":0, "radio_tx_energy_mj":0, "radio_rx_energy_mj":8, "total_energy_mj":26, "node_time":3006617, "total_sent":156, "total_received":280, "bytes_tx":60, "bytes_rx":12, "r2n_latency":494, "lqi":100, "rssi":-89, "server_sent":296, "server_received":314, "server_bytes_rx":60, "n2r_latency":23, "hops":0, "rtt_latency":1122, "root_time_now":3006640}
[Mote:18] Not reachable yet
[Mote:3] Not reachable yet
[Mote:8] Sensor IPv6 = fe80::208:8:8:8
[Mote:1] {"node":"fd00::208:8:8:8", "cpu_energy_mj":18, "lpm_energy_mj":0, "radio_tx_energy_mj":0, "radio_rx_energy_mj":8, "total_energy_mj":26, "node_time":3008297, "total_sent":161, "total_received":285, "bytes_tx":60, "bytes_rx":12, "r2n_latency":354, "lqi":100, "rssi":-90, "server_sent":297, "server_received":350, "server_bytes_rx":60, "n2r_latency":23, "hops":0, "rtt_latency":702, "root_time_now":3008320}
[Mote:4] Not reachable yet
[Mote:16] Not reachable yet
[Mote:15] Not reachable yet
[Mote:5] Not reachable yet
[Mote:2] Sensor IPv6 = fe80::202:2:2:2
[Mote:1] {"node":"fd00::202:2:2:2", "cpu_energy_mj":18, "lpm_energy_mj":0, "radio_tx_energy_mj":0, "radio_rx_energy_mj":8, "total_energy_mj":26, "node_time":3011705, "total_sent":114, "total_received":284, "bytes_tx":60, "bytes_rx":12, "r2n_latency":84, "lqi":100, "rssi":-83, "server_sent":299, "server_received":229, "server_bytes_rx":60, "n2r_latency":45, "hops":0, "rtt_latency":567, "root_time_now":3011750}
[Mote:12] Sensor IPv6 = fe80::20c:c:c:c
[Mote:1] {"node":"fd00::20c:c:c:c", "cpu_energy_mj":19, "lpm_energy_mj":0, "radio_tx_energy_mj":0, "radio_rx_energy_mj":8, "total_energy_mj":27, "node_time":3011771, "total_sent":152, "total_received":276, "bytes_tx":60, "bytes_rx":12, "r2n_latency":14, "lqi":100, "rssi":-87, "server_sent":299, "server_received":298, "server_bytes_rx":60, "n2r_latency":539, "hops":0, "rtt_latency":1127, "root_time_now":3012310}
[Mote:9] Not reachable yet
[Mote:14] Not reachable yet
[Mote:13] Not reachable yet
[Mote:17] Not reachable yet
[Mote:10] Not reachable yet
[Mote:6] Not reachable yet
[Mote:11] Not reachable yet
[Mote:19] Not reachable yet
[Mote:7] Sensor IPv6 = fe80::207:7:7:7
[Mote:1] {"node":"fd00::207:7:7:7", "cpu_energy_mj":18, "lpm_energy_mj":0, "radio_tx_energy_mj":0, "radio_rx_energy_mj":8, "total_energy_mj":26, "node_time":3017095, "total_sent":157, "total_received":281, "bytes_tx":60, "bytes_rx":12, "r2n_latency":224, "lqi":100, "rssi":-89, "server_sent":297, "server_received":316, "server_bytes_rx":60, "n2r_latency":45, "hops":0, "rtt_latency":917, "root_time_now":3017140}
[Mote:18] Not reachable yet
[Mote:3] Not reachable yet
[Mote:8] Sensor IPv6 = fe80::208:8:8:8
[Mote:1] {"node":"fd00::208:8:8:8", "cpu_energy_mj":18, "lpm_energy_mj":0, "radio_tx_energy_mj":0, "radio_rx_energy_mj":8, "total_energy_mj":26, "node_time":3018782, "total_sent":162, "total_received":286, "bytes_tx":60, "bytes_rx":12, "r2n_latency":364, "lqi":100, "rssi":-90, "server_sent":298, "server_received":352, "server_bytes_rx":60, "n2r_latency":38, "hops":0, "rtt_latency":322, "root_time_now":3018820}
[Mote:4] Not reachable yet
[Mote:16] Not reachable yet
[Mote:15] Not reachable yet
[Mote:5] Not reachable yet
[Mote:2] Sensor IPv6 = fe80::202:2:2:2
[Mote:1] {"node":"fd00::202:2:2:2", "cpu_energy_mj":18, "lpm_energy_mj":0, "radio_tx_energy_mj":0, "radio_rx_energy_mj":8, "total_energy_mj":26, "node_time":3022236, "total_sent":115, "total_received":285, "bytes_tx":60, "bytes_rx":12, "r2n_latency":94, "lqi":100, "rssi":-83, "server_sent":300, "server_received":231, "server_bytes_rx":60, "n2r_latency":14, "hops":0, "rtt_latency":607, "root_time_now":3022250}
[Mote:12] Sensor IPv6 = fe80::20c:c:c:c
[Mote:1] {"node":"fd00::20c:c:c:c", "cpu_energy_mj":19, "lpm_energy_mj":0, "radio_tx_energy_mj":0, "radio_rx_energy_mj":8, "total_energy_mj":27, "node_time":3022604, "total_sent":153, "total_received":277, "bytes_tx":60, "bytes_rx":12, "r2n_latency":24, "lqi":100, "rssi":-87, "server_sent":300, "server_received":300, "server_bytes_rx":60, "n2r_latency":66, "hops":0, "rtt_latency":1097, "root_time_now":3022670}
[Mote:9] Not reachable yet
[Mote:13] Not reachable yet
[Mote:14] Not reachable yet
[Mote:17] Not reachable yet
[Mote:10] Not reachable yet
[Mote:11] Not reachable yet
[Mote:6] Not reachable yet
[Mote:19] Not reachable yet
[Mote:7] Sensor IPv6 = fe80::207:7:7:7
[Mote:1] {"node":"fd00::207:7:7:7", "cpu_energy_mj":18, "lpm_energy_mj":0, "radio_tx_energy_mj":0, "radio_rx_energy_mj":8, "total_energy_mj":26, "node_time":3027571, "total_sent":158, "total_received":282, "bytes_tx":60, "bytes_rx":12, "r2n_latency":234, "lqi":100, "rssi":-89, "server_sent":298, "server_received":318, "server_bytes_rx":60, "n2r_latency":69, "hops":0, "rtt_latency":852, "root_time_now":3027640}
[Mote:18] Not reachable yet
[Mote:3] Not reachable yet
[Mote:8] Sensor IPv6 = fe80::208:8:8:8
[Mote:1] {"node":"fd00::208:8:8:8", "cpu_energy_mj":18, "lpm_energy_mj":0, "radio_tx_energy_mj":0, "radio_rx_energy_mj":8, "total_energy_mj":26, "node_time":3029265, "total_sent":163, "total_received":287, "bytes_tx":60, "bytes_rx":12, "r2n_latency":514, "lqi":100, "rssi":-90, "server_sent":299, "server_received":354, "server_bytes_rx":60, "n2r_latency":55, "hops":0, "rtt_latency":642, "root_time_now":3029320}
[Mote:4] Not reachable yet
[Mote:16] Not reachable yet
[Mote:15] Not reachable yet
[Mote:2] Sensor IPv6 = fe80::202:2:2:2
[Mote:1] {"node":"fd00::202:2:2:2", "cpu_energy_mj":18, "lpm_energy_mj":0, "radio_tx_energy_mj":0, "radio_rx_energy_mj":8, "total_energy_mj":26, "node_time":3032767, "total_sent":116, "total_received":286, "bytes_tx":60, "bytes_rx":12, "r2n_latency":104, "lqi":100, "rssi":-83, "server_sent":301, "server_received":233, "server_bytes_rx":60, "n2r_latency":53, "hops":0, "rtt_latency":1312, "root_time_now":3032820}
[Mote:5] Not reachable yet
[Mote:12] Sensor IPv6 = fe80::20c:c:c:c
[Mote:1] {"node":"fd00::20c:c:c:c", "cpu_energy_mj":19, "lpm_energy_mj":0, "radio_tx_energy_mj":0, "radio_rx_energy_mj":8, "total_energy_mj":27, "node_time":3033437, "total_sent":154, "total_received":278, "bytes_tx":60, "bytes_rx":12, "r2n_latency":34, "lqi":100, "rssi":-87, "server_sent":301, "server_received":302, "server_bytes_rx":60, "n2r_latency":13, "hops":0, "rtt_latency":1172, "root_time_now":3033450}
[Mote:9] Not reachable yet
[Mote:13] Not reachable yet
[Mote:14] Not reachable yet
[Mote:17] Not reachable yet
[Mote:10] Not reachable yet
[Mote:11] Not reachable yet
[Mote:7] Sensor IPv6 = fe80::207:7:7:7
[Mote:1] {"node":"fd00::207:7:7:7", "cpu_energy_mj":18, "lpm_energy_mj":0, "radio_tx_energy_mj":0, "radio_rx_energy_mj":8, "total_energy_mj":26, "node_time":3038045, "total_sent":159, "total_received":283, "bytes_tx":60, "bytes_rx":12, "r2n_latency":384, "lqi":100, "rssi":-89, "server_sent":299, "server_received":320, "server_bytes_rx":60, "n2r_latency":25, "hops":0, "rtt_latency":472, "root_time_now":3038070}
[Mote:6] Not reachable yet
[Mote:19] Not reachable yet
[Mote:18] Not reachable yet
[Mote:3] Not reachable yet
[Mote:8] Sensor IPv6 = fe80::208:8:8:8
[Mote:1] {"node":"fd00::208:8:8:8", "cpu_energy_mj":18, "lpm_energy_mj":0, "radio_tx_energy_mj":0, "radio_rx_energy_mj":8, "total_energy_mj":26, "node_time":3039746, "total_sent":164, "total_received":288, "bytes_tx":60, "bytes_rx":12, "r2n_latency":244, "lqi":100, "rssi":-90, "server_sent":300, "server_received":356, "server_bytes_rx":60, "n2r_latency":74, "hops":0, "rtt_latency":717, "root_time_now":3039820}
[Mote:16] Not reachable yet
[Mote:4] Not reachable yet
[Mote:15] Not reachable yet
[Mote:2] Sensor IPv6 = fe80::202:2:2:2
[Mote:1] {"node":"fd00::202:2:2:2", "cpu_energy_mj":18, "lpm_energy_mj":0, "radio_tx_energy_mj":0, "radio_rx_energy_mj":8, "total_energy_mj":26, "node_time":3043298, "total_sent":117, "total_received":287, "bytes_tx":60, "bytes_rx":12, "r2n_latency":114, "lqi":100, "rssi":-83, "server_sent":302, "server_received":235, "server_bytes_rx":60, "n2r_latency":22, "hops":0, "rtt_latency":1632, "root_time_now":3043320}
[Mote:5] Not reachable yet
[Mote:12] Sensor IPv6 = fe80::20c:c:c:c
[Mote:1] {"node":"fd00::20c:c:c:c", "cpu_energy_mj":19, "lpm_energy_mj":0, "radio_tx_energy_mj":0, "radio_rx_energy_mj":8, "total_energy_mj":27, "node_time":3044270, "total_sent":155, "total_received":279, "bytes_tx":60, "bytes_rx":12, "r2n_latency":44, "lqi":100, "rssi":-87, "server_sent":302, "server_received":304, "server_bytes_rx":60, "n2r_latency":30, "hops":0, "rtt_latency":1457, "root_time_now":3044300}
[Mote:13] Not reachable yet
[Mote:9] Not reachable yet
[Mote:17] Not reachable yet
[Mote:14] Not reachable yet
[Mote:10] Not reachable yet
[Mote:11] Not reachable yet
[Mote:7] Sensor IPv6 = fe80::207:7:7:7
[Mote:1] {"node":"fd00::207:7:7:7", "cpu_energy_mj":18, "lpm_energy_mj":0, "radio_tx_energy_mj":0, "radio_rx_energy_mj":8, "total_energy_mj":26, "node_time":3048521, "total_sent":160, "total_received":284, "bytes_tx":60, "bytes_rx":12, "r2n_latency":1584, "lqi":100, "rssi":-89, "server_sent":300, "server_received":322, "server_bytes_rx":60, "n2r_latency":49, "hops":0, "rtt_latency":897, "root_time_now":3048570}
[Mote:18] Not reachable yet
[Mote:3] Not reachable yet
[Mote:6] Not reachable yet
[Mote:19] Not reachable yet
[Mote:16] Not reachable yet
[Mote:8] Sensor IPv6 = fe80::208:8:8:8
[Mote:4] Not reachable yet
[Mote:15] Not reachable yet
[Mote:1] {"node":"fd00::208:8:8:8", "cpu_energy_mj":18, "lpm_energy_mj":0, "radio_tx_energy_mj":0, "radio_rx_energy_mj":8, "total_energy_mj":26, "node_time":3050229, "total_sent":165, "total_received":289, "bytes_tx":60, "bytes_rx":12, "r2n_latency":464, "lqi":100, "rssi":-90, "server_sent":302, "server_received":358, "server_bytes_rx":60, "n2r_latency":2751, "hops":0, "rtt_latency":687, "root_time_now":3052980}
[Mote:2] Sensor IPv6 = fe80::202:2:2:2
[Mote:1] {"node":"fd00::202:2:2:2", "cpu_energy_mj":18, "lpm_energy_mj":0, "radio_tx_energy_mj":0, "radio_rx_energy_mj":8, "total_energy_mj":26, "node_time":3053829, "total_sent":118, "total_received":288, "bytes_tx":60, "bytes_rx":12, "r2n_latency":124, "lqi":100, "rssi":-83, "server_sent":303, "server_received":237, "server_bytes_rx":60, "n2r_latency":61, "hops":0, "rtt_latency":727, "root_time_now":3053890}
[Mote:5] Not reachable yet
[Mote:13] Not reachable yet
[Mote:12] Sensor IPv6 = fe80::20c:c:c:c
[Mote:1] {"node":"fd00::20c:c:c:c", "cpu_energy_mj":19, "lpm_energy_mj":0, "radio_tx_energy_mj":0, "radio_rx_energy_mj":8, "total_energy_mj":27, "node_time":3055103, "total_sent":156, "total_received":280, "bytes_tx":60, "bytes_rx":12, "r2n_latency":54, "lqi":100, "rssi":-87, "server_sent":303, "server_received":306, "server_bytes_rx":60, "n2r_latency":47, "hops":0, "rtt_latency":1147, "root_time_now":3055150}
[Mote:9] Not reachable yet
[Mote:17] Not reachable yet
[Mote:10] Not reachable yet
[Mote:14] Not reachable yet
[Mote:11] Not reachable yet
[Mote:7] Sensor IPv6 = fe80::207:7:7:7
[Mote:1] {"node":"fd00::207:7:7:7", "cpu_energy_mj":18, "lpm_energy_mj":0, "radio_tx_energy_mj":0, "radio_rx_energy_mj":8, "total_energy_mj":26, "node_time":3059001, "total_sent":161, "total_received":285, "bytes_tx":60, "bytes_rx":12, "r2n_latency":264, "lqi":100, "rssi":-89, "server_sent":301, "server_received":324, "server_bytes_rx":60, "n2r_latency":69, "hops":0, "rtt_latency":972, "root_time_now":3059070}
[Mote:3] Not reachable yet
[Mote:18] Not reachable yet
[Mote:6] Not reachable yet
[Mote:16] Not reachable yet
[Mote:19] Not reachable yet
[Mote:8] Sensor IPv6 = fe80::208:8:8:8
[Mote:4] Not reachable yet
[Mote:1] {"node":"fd00::208:8:8:8", "cpu_energy_mj":18, "lpm_energy_mj":0, "radio_tx_energy_mj":0, "radio_rx_energy_mj":8, "total_energy_mj":26, "node_time":3060712, "total_sent":166, "total_received":291, "bytes_tx":60, "bytes_rx":12, "r2n_latency":274, "lqi":100, "rssi":-90, "server_sent":303, "server_received":361, "server_bytes_rx":60, "n2r_latency":1508, "hops":0, "rtt_latency":1082, "root_time_now":3062220}
[Mote:15] Not reachable yet
[Mote:2] Sensor IPv6 = fe80::202:2:2:2
[Mote:1] {"node":"fd00::202:2:2:2", "cpu_energy_mj":18, "lpm_energy_mj":0, "radio_tx_energy_mj":0, "radio_rx_energy_mj":8, "total_energy_mj":26, "node_time":3064360, "total_sent":119, "total_received":289, "bytes_tx":60, "bytes_rx":12, "r2n_latency":134, "lqi":100, "rssi":-83, "server_sent":304, "server_received":239, "server_bytes_rx":60, "n2r_latency":30, "hops":0, "rtt_latency":732, "root_time_now":3064390}
[Mote:13] Not reachable yet
[Mote:5] Not reachable yet
[Mote:9] Not reachable yet
[Mote:12] Sensor IPv6 = fe80::20c:c:c:c
[Mote:1] {"node":"fd00::20c:c:c:c", "cpu_energy_mj":19, "lpm_energy_mj":0, "radio_tx_energy_mj":0, "radio_rx_energy_mj":8, "total_energy_mj":27, "node_time":3065936, "total_sent":157, "total_received":281, "bytes_tx":60, "bytes_rx":12, "r2n_latency":204, "lqi":100, "rssi":-87, "server_sent":304, "server_received":308, "server_bytes_rx":60, "n2r_latency":64, "hops":0, "rtt_latency":907, "root_time_now":3066000}
[Mote:17] Not reachable yet
[Mote:10] Not reachable yet
[Mote:11] Not reachable yet
[Mote:14] Not reachable yet
[Mote:3] Not reachable yet
[Mote:7] Sensor IPv6 = fe80::207:7:7:7
[Mote:1] {"node":"fd00::207:7:7:7", "cpu_energy_mj":18, "lpm_energy_mj":0, "radio_tx_energy_mj":0, "radio_rx_energy_mj":8, "total_energy_mj":26, "node_time":3069475, "total_sent":162, "total_received":286, "bytes_tx":60, "bytes_rx":12, "r2n_latency":414, "lqi":100, "rssi":-89, "server_sent":302, "server_received":326, "server_bytes_rx":60, "n2r_latency":25, "hops":0, "rtt_latency":872, "root_time_now":3069500}
[Mote:18] Not reachable yet
[Mote:16] Not reachable yet
[Mote:6] Not reachable yet
[Mote:19] Not reachable yet
[Mote:8] Sensor IPv6 = fe80::208:8:8:8
[Mote:1] {"node":"fd00::208:8:8:8", "cpu_energy_mj":18, "lpm_energy_mj":0, "radio_tx_energy_mj":0, "radio_rx_energy_mj":8, "total_energy_mj":26, "node_time":3071195, "total_sent":167, "total_received":292, "bytes_tx":60, "bytes_rx":12, "r2n_latency":494, "lqi":100, "rssi":-90, "server_sent":304, "server_received":363, "server_bytes_rx":60, "n2r_latency":125, "hops":0, "rtt_latency":632, "root_time_now":3071320}
[Mote:4] Not reachable yet
[Mote:15] Not reachable yet
[Mote:13] Not reachable yet
[Mote:2] Sensor IPv6 = fe80::202:2:2:2
[Mote:1] {"node":"fd00::202:2:2:2", "cpu_energy_mj":18, "lpm_energy_mj":0, "radio_tx_energy_mj":0, "radio_rx_energy_mj":8, "total_energy_mj":26, "node_time":3074891, "total_sent":120, "total_received":290, "bytes_tx":60, "bytes_rx":12, "r2n_latency":144, "lqi":100, "rssi":-83, "server_sent":305, "server_received":241, "server_bytes_rx":60, "n2r_latency":69, "hops":0, "rtt_latency":947, "root_time_now":3074960}
[Mote:5] Not reachable yet
[Mote:9] Not reachable yet
[Mote:17] Not reachable yet
[Mote:10] Not reachable yet
[Mote:12] Sensor IPv6 = fe80::20c:c:c:c
[Mote:1] {"node":"fd00::20c:c:c:c", "cpu_energy_mj":19, "lpm_energy_mj":0, "radio_tx_energy_mj":0, "radio_rx_energy_mj":8, "total_energy_mj":27, "node_time":3076769, "total_sent":158, "total_received":282, "bytes_tx":60, "bytes_rx":12, "r2n_latency":74, "lqi":100, "rssi":-87, "server_sent":305, "server_received":310, "server_bytes_rx":60, "n2r_latency":11, "hops":0, "rtt_latency":597, "root_time_now":3076780}
[Mote:11] Not reachable yet
[Mote:14] Not reachable yet
[Mote:3] Not reachable yet
[Mote:7] Sensor IPv6 = fe80::207:7:7:7
[Mote:16] Not reachable yet
[Mote:18] Not reachable yet
[Mote:1] {"node":"fd00::207:7:7:7", "cpu_energy_mj":18, "lpm_energy_mj":0, "radio_tx_energy_mj":0, "radio_rx_energy_mj":8, "total_energy_mj":26, "node_time":3079949, "total_sent":163, "total_received":287, "bytes_tx":60, "bytes_rx":12, "r2n_latency":284, "lqi":100, "rssi":-89, "server_sent":304, "server_received":328, "server_bytes_rx":60, "n2r_latency":1661, "hops":0, "rtt_latency":1157, "root_time_now":3081610}
[Mote:8] Sensor IPv6 = fe80::208:8:8:8
[Mote:6] Not reachable yet
[Mote:19] Not reachable yet
[Mote:4] Not reachable yet
[Mote:15] Not reachable yet
[Mote:13] Not reachable yet
[Mote:2] Sensor IPv6 = fe80::202:2:2:2
[Mote:1] {"node":"fd00::208:8:8:8", "cpu_energy_mj":18, "lpm_energy_mj":0, "radio_tx_energy_mj":0, "radio_rx_energy_mj":8, "total_energy_mj":26, "node_time":3081679, "total_sent":168, "total_received":293, "bytes_tx":60, "bytes_rx":12, "r2n_latency":364, "lqi":100, "rssi":-90, "server_sent":305, "server_received":365, "server_bytes_rx":60, "n2r_latency":3851, "hops":0, "rtt_latency":2632, "root_time_now":3085530}
[Mote:1] {"node":"fd00::202:2:2:2", "cpu_energy_mj":18, "lpm_energy_mj":0, "radio_tx_energy_mj":0, "radio_rx_energy_mj":8, "total_energy_mj":26, "node_time":3085422, "total_sent":121, "total_received":291, "bytes_tx":60, "bytes_rx":12, "r2n_latency":84, "lqi":100, "rssi":-83, "server_sent":306, "server_received":243, "server_bytes_rx":60, "n2r_latency":178, "hops":0, "rtt_latency":1442, "root_time_now":3085600}
[Mote:10] Not reachable yet
[Mote:5] Not reachable yet
[Mote:17] Not reachable yet
[Mote:9] Not reachable yet
[Mote:11] Not reachable yet
[Mote:12] Sensor IPv6 = fe80::20c:c:c:c
[Mote:1] {"node":"fd00::20c:c:c:c", "cpu_energy_mj":19, "lpm_energy_mj":0, "radio_tx_energy_mj":0, "radio_rx_energy_mj":8, "total_energy_mj":27, "node_time":3087602, "total_sent":159, "total_received":283, "bytes_tx":60, "bytes_rx":12, "r2n_latency":294, "lqi":100, "rssi":-87, "server_sent":306, "server_received":312, "server_bytes_rx":60, "n2r_latency":28, "hops":0, "rtt_latency":1652, "root_time_now":3087630}
[Mote:14] Not reachable yet
[Mote:3] Not reachable yet
[Mote:16] Not reachable yet
[Mote:7] Sensor IPv6 = fe80::207:7:7:7
[Mote:18] Not reachable yet
[Mote:8] Sensor IPv6 = fe80::208:8:8:8
[Mote:1] {"node":"fd00::208:8:8:8", "cpu_energy_mj":18, "lpm_energy_mj":0, "radio_tx_energy_mj":0, "radio_rx_energy_mj":8, "total_energy_mj":26, "node_time":3092161, "total_sent":169, "total_received":294, "bytes_tx":60, "bytes_rx":12, "r2n_latency":514, "lqi":100, "rssi":-90, "server_sent":306, "server_received":367, "server_bytes_rx":60, "n2r_latency":19, "hops":0, "rtt_latency":1062, "root_time_now":3092180}
[Mote:6] Not reachable yet
[Mote:4] Not reachable yet
[Mote:19] Not reachable yet
[Mote:1] {"node":"fd00::207:7:7:7", "cpu_energy_mj":18, "lpm_energy_mj":0, "radio_tx_energy_mj":0, "radio_rx_energy_mj":8, "total_energy_mj":26, "node_time":3090425, "total_sent":164, "total_received":289, "bytes_tx":60, "bytes_rx":12, "r2n_latency":304, "lqi":100, "rssi":-89, "server_sent":305, "server_received":331, "server_bytes_rx":60, "n2r_latency":3295, "hops":0, "rtt_latency":1692, "root_time_now":3093720}
[Mote:15] Not reachable yet
[Mote:13] Not reachable yet
[Mote:2] Sensor IPv6 = fe80::202:2:2:2
[Mote:1] {"node":"fd00::202:2:2:2", "cpu_energy_mj":18, "lpm_energy_mj":0, "radio_tx_energy_mj":0, "radio_rx_energy_mj":8, "total_energy_mj":26, "node_time":3095955, "total_sent":122, "total_received":292, "bytes_tx":60, "bytes_rx":12, "r2n_latency":164, "lqi":100, "rssi":-83, "server_sent":307, "server_received":245, "server_bytes_rx":60, "n2r_latency":5, "hops":0, "rtt_latency":1202, "root_time_now":3095960}
[Mote:10] Not reachable yet
[Mote:17] Not reachable yet
[Mote:11] Not reachable yet
[Mote:9] Not reachable yet
[Mote:5] Not reachable yet
[Mote:12] Sensor IPv6 = fe80::20c:c:c:c
[Mote:1] {"node":"fd00::20c:c:c:c", "cpu_energy_mj":19, "lpm_energy_mj":0, "radio_tx_energy_mj":0, "radio_rx_energy_mj":8, "total_energy_mj":27, "node_time":3098435, "total_sent":160, "total_received":284, "bytes_tx":60, "bytes_rx":12, "r2n_latency":24, "lqi":100, "rssi":-87, "server_sent":307, "server_received":314, "server_bytes_rx":60, "n2r_latency":45, "hops":0, "rtt_latency":467, "root_time_now":3098480}
[Mote:14] Not reachable yet
[Mote:3] Not reachable yet
[Mote:16] Not reachable yet
[Mote:7] Sensor IPv6 = fe80::207:7:7:7
[Mote:1] {"node":"fd00::207:7:7:7", "cpu_energy_mj":18, "lpm_energy_mj":0, "radio_tx_energy_mj":0, "radio_rx_energy_mj":8, "total_energy_mj":26, "node_time":3100901, "total_sent":165, "total_received":290, "bytes_tx":60, "bytes_rx":12, "r2n_latency":594, "lqi":100, "rssi":-89, "server_sent":306, "server_received":333, "server_bytes_rx":60, "n2r_latency":169, "hops":0, "rtt_latency":472, "root_time_now":3101070}
[Mote:18] Not reachable yet
[Mote:8] Sensor IPv6 = fe80::208:8:8:8
[Mote:4] Not reachable yet
[Mote:6] Not reachable yet
[Mote:19] Not reachable yet
[Mote:1] {"node":"fd00::208:8:8:8", "cpu_energy_mj":18, "lpm_energy_mj":0, "radio_tx_energy_mj":0, "radio_rx_energy_mj":8, "total_energy_mj":26, "node_time":3102644, "total_sent":170, "total_received":295, "bytes_tx":60, "bytes_rx":12, "r2n_latency":244, "lqi":100, "rssi":-90, "server_sent":307, "server_received":369, "server_bytes_rx":60, "n2r_latency":1576, "hops":0, "rtt_latency":2082, "root_time_now":3104220}
[Mote:15] Not reachable yet
[Mote:13] Not reachable yet
[Mote:2] Sensor IPv6 = fe80::202:2:2:2
[Mote:1] {"node":"fd00::202:2:2:2", "cpu_energy_mj":18, "lpm_energy_mj":0, "radio_tx_energy_mj":0, "radio_rx_energy_mj":8, "total_energy_mj":26, "node_time":3106484, "total_sent":123, "total_received":293, "bytes_tx":60, "bytes_rx":12, "r2n_latency":104, "lqi":100, "rssi":-83, "server_sent":308, "server_received":247, "server_bytes_rx":60, "n2r_latency":46, "hops":0, "rtt_latency":1767, "root_time_now":3106530}
[Mote:10] Not reachable yet
[Mote:17] Not reachable yet
[Mote:11] Not reachable yet
[Mote:9] Not reachable yet
[Mote:5] Not reachable yet
[Mote:12] Sensor IPv6 = fe80::20c:c:c:c
[Mote:1] {"node":"fd00::20c:c:c:c", "cpu_energy_mj":19, "lpm_energy_mj":0, "radio_tx_energy_mj":0, "radio_rx_energy_mj":8, "total_energy_mj":27, "node_time":3109270, "total_sent":161, "total_received":285, "bytes_tx":60, "bytes_rx":12, "r2n_latency":34, "lqi":100, "rssi":-87, "server_sent":308, "server_received":316, "server_bytes_rx":60, "n2r_latency":60, "hops":0, "rtt_latency":402, "root_time_now":3109330}
[Mote:16] Not reachable yet
[Mote:3] Not reachable yet
[Mote:14] Not reachable yet
[Mote:7] Sensor IPv6 = fe80::207:7:7:7
[Mote:18] Not reachable yet
[Mote:1] {"node":"fd00::207:7:7:7", "cpu_energy_mj":18, "lpm_energy_mj":0, "radio_tx_energy_mj":0, "radio_rx_energy_mj":8, "total_energy_mj":26, "node_time":3111377, "total_sent":166, "total_received":291, "bytes_tx":60, "bytes_rx":12, "r2n_latency":324, "lqi":100, "rssi":-89, "server_sent":307, "server_received":335, "server_bytes_rx":60, "n2r_latency":893, "hops":0, "rtt_latency":722, "root_time_now":3112270}
[Mote:8] Sensor IPv6 = fe80::208:8:8:8
[Mote:1] {"node":"fd00::208:8:8:8", "cpu_energy_mj":18, "lpm_energy_mj":0, "radio_tx_energy_mj":0, "radio_rx_energy_mj":8, "total_energy_mj":26, "node_time":3113127, "total_sent":171, "total_received":296, "bytes_tx":60, "bytes_rx":12, "r2n_latency":1794, "lqi":100, "rssi":-90, "server_sent":308, "server_received":371, "server_bytes_rx":60, "n2r_latency":193, "hops":0, "rtt_latency":1002, "root_time_now":3113320}
[Mote:4] Not reachable yet
[Mote:6] Not reachable yet
[Mote:19] Not reachable yet
[Mote:13] Not reachable yet
[Mote:15] Not reachable yet
[Mote:2] Sensor IPv6 = fe80::202:2:2:2
[Mote:1] {"node":"fd00::202:2:2:2", "cpu_energy_mj":18, "lpm_energy_mj":0, "radio_tx_energy_mj":0, "radio_rx_energy_mj":8, "total_energy_mj":26, "node_time":3117015, "total_sent":124, "total_received":294, "bytes_tx":60, "bytes_rx":12, "r2n_latency":184, "lqi":100, "rssi":-83, "server_sent":309, "server_received":249, "server_bytes_rx":60, "n2r_latency":15, "hops":0, "rtt_latency":1492, "root_time_now":3117030}
[Mote:10] Not reachable yet
[Mote:17] Not reachable yet
[Mote:11] Not reachable yet
[Mote:9] Not reachable yet
[Mote:5] Not reachable yet
[Mote:12] Sensor IPv6 = fe80::20c:c:c:c
[Mote:16] Not reachable yet
[Mote:3] Not reachable yet
[Mote:14] Not reachable yet
[Mote:7] Sensor IPv6 = fe80::207:7:7:7
[Mote:1] {"node":"fd00::207:7:7:7", "cpu_energy_mj":18, "lpm_energy_mj":0, "radio_tx_energy_mj":0, "radio_rx_energy_mj":8, "total_energy_mj":26, "node_time":3121853, "total_sent":167, "total_received":292, "bytes_tx":60, "bytes_rx":12, "r2n_latency":474, "lqi":100, "rssi":-89, "server_sent":308, "server_received":337, "server_bytes_rx":60, "n2r_latency":777, "hops":0, "rtt_latency":1147, "root_time_now":3122630}
[Mote:18] Not reachable yet
[Mote:8] Sensor IPv6 = fe80::208:8:8:8
[Mote:1] {"node":"fd00::208:8:8:8", "cpu_energy_mj":18, "lpm_energy_mj":0, "radio_tx_energy_mj":0, "radio_rx_energy_mj":8, "total_energy_mj":26, "node_time":3123610, "total_sent":172, "total_received":297, "bytes_tx":60, "bytes_rx":12, "r2n_latency":544, "lqi":100, "rssi":-90, "server_sent":309, "server_received":373, "server_bytes_rx":60, "n2r_latency":70, "hops":0, "rtt_latency":1812, "root_time_now":3123680}
[Mote:1] {"node":"fd00::20c:c:c:c", "cpu_energy_mj":19, "lpm_energy_mj":0, "radio_tx_energy_mj":0, "radio_rx_energy_mj":8, "total_energy_mj":27, "node_time":3120101, "total_sent":162, "total_received":287, "bytes_tx":60, "bytes_rx":12, "r2n_latency":54, "lqi":100, "rssi":-87, "server_sent":310, "server_received":319, "server_bytes_rx":60, "n2r_latency":4349, "hops":0, "rtt_latency":1882, "root_time_now":3124450}
[Mote:4] Not reachable yet
[Mote:13] Not reachable yet
[Mote:6] Not reachable yet
[Mote:19] Not reachable yet
[Mote:15] Not reachable yet
[Mote:2] Sensor IPv6 = fe80::202:2:2:2
[Mote:10] Not reachable yet
[Mote:1] {"node":"fd00::202:2:2:2", "cpu_energy_mj":18, "lpm_energy_mj":0, "radio_tx_energy_mj":0, "radio_rx_energy_mj":8, "total_energy_mj":26, "node_time":3127546, "total_sent":125, "total_received":295, "bytes_tx":60, "bytes_rx":12, "r2n_latency":124, "lqi":100, "rssi":-83, "server_sent":310, "server_received":251, "server_bytes_rx":60, "n2r_latency":54, "hops":0, "rtt_latency":1497, "root_time_now":3127600}
[Mote:17] Not reachable yet
[Mote:11] Not reachable yet
[Mote:9] Not reachable yet
[Mote:5] Not reachable yet
[Mote:16] Not reachable yet
[Mote:12] Sensor IPv6 = fe80::20c:c:c:c
[Mote:3] Not reachable yet
[Mote:1] {"node":"fd00::20c:c:c:c", "cpu_energy_mj":19, "lpm_energy_mj":0, "radio_tx_energy_mj":0, "radio_rx_energy_mj":8, "total_energy_mj":27, "node_time":3130934, "total_sent":163, "total_received":288, "bytes_tx":60, "bytes_rx":12, "r2n_latency":64, "lqi":100, "rssi":-87, "server_sent":311, "server_received":321, "server_bytes_rx":60, "n2r_latency":1146, "hops":0, "rtt_latency":1012, "root_time_now":3132080}
[Mote:14] Not reachable yet
[Mote:7] Sensor IPv6 = fe80::207:7:7:7
[Mote:1] {"node":"fd00::207:7:7:7", "cpu_energy_mj":18, "lpm_energy_mj":0, "radio_tx_energy_mj":0, "radio_rx_energy_mj":8, "total_energy_mj":26, "node_time":3132329, "total_sent":168, "total_received":293, "bytes_tx":60, "bytes_rx":12, "r2n_latency":274, "lqi":100, "rssi":-89, "server_sent":309, "server_received":339, "server_bytes_rx":60, "n2r_latency":31, "hops":0, "rtt_latency":942, "root_time_now":3132360}
[Mote:18] Not reachable yet
[Mote:8] Sensor IPv6 = fe80::208:8:8:8
[Mote:1] {"node":"fd00::208:8:8:8", "cpu_energy_mj":18, "lpm_energy_mj":0, "radio_tx_energy_mj":0, "radio_rx_energy_mj":8, "total_energy_mj":26, "node_time":3134093, "total_sent":173, "total_received":298, "bytes_tx":60, "bytes_rx":12, "r2n_latency":414, "lqi":100, "rssi":-90, "server_sent":310, "server_received":375, "server_bytes_rx":60, "n2r_latency":17, "hops":0, "rtt_latency":452, "root_time_now":3134110}
[Mote:4] Not reachable yet
[Mote:13] Not reachable yet
[Mote:6] Not reachable yet
[Mote:15] Not reachable yet
[Mote:19] Not reachable yet
[Mote:10] Not reachable yet
[Mote:11] Not reachable yet
[Mote:17] Not reachable yet
[Mote:2] Sensor IPv6 = fe80::202:2:2:2
[Mote:1] {"node":"fd00::202:2:2:2", "cpu_energy_mj":18, "lpm_energy_mj":0, "radio_tx_energy_mj":0, "radio_rx_energy_mj":8, "total_energy_mj":26, "node_time":3138079, "total_sent":126, "total_received":296, "bytes_tx":60, "bytes_rx":12, "r2n_latency":134, "lqi":100, "rssi":-83, "server_sent":311, "server_received":253, "server_bytes_rx":60, "n2r_latency":21, "hops":0, "rtt_latency":697, "root_time_now":3138100}
[Mote:9] Not reachable yet
[Mote:16] Not reachable yet
[Mote:5] Not reachable yet
[Mote:3] Not reachable yet
[Mote:12] Sensor IPv6 = fe80::20c:c:c:c
[Mote:1] {"node":"fd00::20c:c:c:c", "cpu_energy_mj":19, "lpm_energy_mj":0, "radio_tx_energy_mj":0, "radio_rx_energy_mj":8, "total_energy_mj":27, "node_time":3141767, "total_sent":164, "total_received":289, "bytes_tx":60, "bytes_rx":12, "r2n_latency":74, "lqi":100, "rssi":-87, "server_sent":312, "server_received":323, "server_bytes_rx":60, "n2r_latency":43, "hops":0, "rtt_latency":422, "root_time_now":3141810}
[Mote:7] Sensor IPv6 = fe80::207:7:7:7
[Mote:14] Not reachable yet
[Mote:1] {"node":"fd00::207:7:7:7", "cpu_energy_mj":18, "lpm_energy_mj":0, "radio_tx_energy_mj":0, "radio_rx_energy_mj":8, "total_energy_mj":26, "node_time":3142805, "total_sent":169, "total_received":294, "bytes_tx":60, "bytes_rx":12, "r2n_latency":424, "lqi":100, "rssi":-89, "server_sent":310, "server_received":341, "server_bytes_rx":60, "n2r_latency":55, "hops":0, "rtt_latency":527, "root_time_now":3142860}
[Mote:18] Not reachable yet
[Mote:8] Sensor IPv6 = fe80::208:8:8:8
[Mote:1] {"node":"fd00::208:8:8:8", "cpu_energy_mj":18, "lpm_energy_mj":0, "radio_tx_energy_mj":0, "radio_rx_energy_mj":8, "total_energy_mj":26, "node_time":3144576, "total_sent":174, "total_received":299, "bytes_tx":60, "bytes_rx":12, "r2n_latency":284, "lqi":100, "rssi":-90, "server_sent":311, "server_received":377, "server_bytes_rx":60, "n2r_latency":34, "hops":0, "rtt_latency":562, "root_time_now":3144610}
[Mote:13] Not reachable yet
[Mote:4] Not reachable yet
[Mote:15] Not reachable yet
[Mote:6] Not reachable yet
[Mote:19] Not reachable yet
[Mote:10] Not reachable yet
[Mote:11] Not reachable yet
[Mote:17] Not reachable yet
[Mote:2] Sensor IPv6 = fe80::202:2:2:2
[Mote:1] {"node":"fd00::202:2:2:2", "cpu_energy_mj":18, "lpm_energy_mj":0, "radio_tx_energy_mj":0, "radio_rx_energy_mj":8, "total_energy_mj":26, "node_time":3148608, "total_sent":127, "total_received":297, "bytes_tx":60, "bytes_rx":12, "r2n_latency":144, "lqi":100, "rssi":-83, "server_sent":312, "server_received":255, "server_bytes_rx":60, "n2r_latency":62, "hops":0, "rtt_latency":1507, "root_time_now":3148670}
[Mote:16] Not reachable yet
[Mote:9] Not reachable yet
[Mote:3] Not reachable yet
[Mote:5] Not reachable yet
[Mote:12] Sensor IPv6 = fe80::20c:c:c:c
[Mote:7] Sensor IPv6 = fe80::207:7:7:7
[Mote:1] {"node":"fd00::20c:c:c:c", "cpu_energy_mj":19, "lpm_energy_mj":0, "radio_tx_energy_mj":0, "radio_rx_energy_mj":8, "total_energy_mj":27, "node_time":3152600, "total_sent":165, "total_received":290, "bytes_tx":60, "bytes_rx":12, "r2n_latency":14, "lqi":100, "rssi":-87, "server_sent":313, "server_received":325, "server_bytes_rx":60, "n2r_latency":760, "hops":0, "rtt_latency":1547, "root_time_now":3153360}
[Mote:14] Not reachable yet
[Mote:1] {"node":"fd00::207:7:7:7", "cpu_energy_mj":18, "lpm_energy_mj":0, "radio_tx_energy_mj":0, "radio_rx_energy_mj":8, "total_energy_mj":26, "node_time":3153281, "total_sent":170, "total_received":295, "bytes_tx":60, "bytes_rx":12, "r2n_latency":224, "lqi":100, "rssi":-89, "server_sent":311, "server_received":343, "server_bytes_rx":60, "n2r_latency":359, "hops":0, "rtt_latency":672, "root_time_now":3153640}
[Mote:18] Not reachable yet
[Mote:8] Sensor IPv6 = fe80::208:8:8:8
[Mote:1] {"node":"fd00::208:8:8:8", "cpu_energy_mj":18, "lpm_energy_mj":0, "radio_tx_energy_mj":0, "radio_rx_energy_mj":8, "total_energy_mj":26, "node_time":3155059, "total_sent":175, "total_received":300, "bytes_tx":60, "bytes_rx":12, "r2n_latency":364, "lqi":100, "rssi":-90, "server_sent":312, "server_received":379, "server_bytes_rx":60, "n2r_latency":51, "hops":0, "rtt_latency":567, "root_time_now":3155110}
[Mote:13] Not reachable yet
[Mote:4] Not reachable yet
[Mote:15] Not reachable yet
[Mote:10] Not reachable yet
[Mote:11] Not reachable yet
[Mote:6] Not reachable yet
[Mote:17] Not reachable yet
[Mote:19] Not reachable yet
[Mote:2] Sensor IPv6 = fe80::202:2:2:2
[Mote:1] {"node":"fd00::202:2:2:2", "cpu_energy_mj":18, "lpm_energy_mj":0, "radio_tx_energy_mj":0, "radio_rx_energy_mj":8, "total_energy_mj":26, "node_time":3159141, "total_sent":128, "total_received":298, "bytes_tx":60, "bytes_rx":12, "r2n_latency":84, "lqi":100, "rssi":-83, "server_sent":313, "server_received":257, "server_bytes_rx":60, "n2r_latency":29, "hops":0, "rtt_latency":1197, "root_time_now":3159170}
[Mote:16] Not reachable yet
[Mote:9] Not reachable yet
[Mote:3] Not reachable yet
[Mote:5] Not reachable yet
[Mote:12] Sensor IPv6 = fe80::20c:c:c:c
[Mote:1] {"node":"fd00::20c:c:c:c", "cpu_energy_mj":19, "lpm_energy_mj":0, "radio_tx_energy_mj":0, "radio_rx_energy_mj":8, "total_energy_mj":27, "node_time":3163433, "total_sent":166, "total_received":291, "bytes_tx":60, "bytes_rx":12, "r2n_latency":24, "lqi":100, "rssi":-87, "server_sent":314, "server_received":327, "server_bytes_rx":60, "n2r_latency":7, "hops":0, "rtt_latency":1447, "root_time_now":3163440}
[Mote:7] Sensor IPv6 = fe80::207:7:7:7
[Mote:1] {"node":"fd00::207:7:7:7", "cpu_energy_mj":18, "lpm_energy_mj":0, "radio_tx_energy_mj":0, "radio_rx_energy_mj":8, "total_energy_mj":26, "node_time":3163757, "total_sent":171, "total_received":296, "bytes_tx":60, "bytes_rx":12, "r2n_latency":234, "lqi":100, "rssi":-89, "server_sent":312, "server_received":345, "server_bytes_rx":60, "n2r_latency":33, "hops":0, "rtt_latency":1342, "root_time_now":3163790}
[Mote:14] Sensor IPv6 = fe80::20e:e:e:e
[Mote:18] Not reachable yet
[Mote:8] Sensor IPv6 = fe80::208:8:8:8
[Mote:1] {"node":"fd00::208:8:8:8", "cpu_energy_mj":18, "lpm_energy_mj":0, "radio_tx_energy_mj":0, "radio_rx_energy_mj":8, "total_energy_mj":26, "node_time":3165542, "total_sent":176, "total_received":301, "bytes_tx":60, "bytes_rx":12, "r2n_latency":584, "lqi":100, "rssi":-90, "server_sent":313, "server_received":381, "server_bytes_rx":60, "n2r_latency":68, "hops":0, "rtt_latency":782, "root_time_now":3165610}
[Mote:13] Not reachable yet
[Mote:4] Not reachable yet
[Mote:15] Not reachable yet
[Mote:11] Not reachable yet
[Mote:10] Not reachable yet
[Mote:17] Not reachable yet
[Mote:6] Not reachable yet
[Mote:19] Not reachable yet
[Mote:2] Sensor IPv6 = fe80::202:2:2:2
[Mote:1] {"node":"fd00::202:2:2:2", "cpu_energy_mj":18, "lpm_energy_mj":0, "radio_tx_energy_mj":0, "radio_rx_energy_mj":8, "total_energy_mj":26, "node_time":3169672, "total_sent":129, "total_received":299, "bytes_tx":60, "bytes_rx":12, "r2n_latency":94, "lqi":100, "rssi":-83, "server_sent":314, "server_received":259, "server_bytes_rx":60, "n2r_latency":68, "hops":0, "rtt_latency":747, "root_time_now":3169740}
[Mote:16] Not reachable yet
[Mote:9] Not reachable yet
[Mote:3] Not reachable yet
[Mote:5] Not reachable yet
[Mote:7] Sensor IPv6 = fe80::207:7:7:7
[Mote:12] Sensor IPv6 = fe80::20c:c:c:c
[Mote:1] {"node":"fd00::20c:c:c:c", "cpu_energy_mj":19, "lpm_energy_mj":0, "radio_tx_energy_mj":0, "radio_rx_energy_mj":8, "total_energy_mj":27, "node_time":3174266, "total_sent":167, "total_received":292, "bytes_tx":60, "bytes_rx":12, "r2n_latency":34, "lqi":100, "rssi":-87, "server_sent":315, "server_received":329, "server_bytes_rx":60, "n2r_latency":234, "hops":0, "rtt_latency":1732, "root_time_now":3174500}
[Mote:1] {"node":"fd00::207:7:7:7", "cpu_energy_mj":18, "lpm_energy_mj":0, "radio_tx_energy_mj":0, "radio_rx_energy_mj":8, "total_energy_mj":26, "node_time":3174233, "total_sent":172, "total_received":297, "bytes_tx":60, "bytes_rx":12, "r2n_latency":314, "lqi":100, "rssi":-89, "server_sent":313, "server_received":347, "server_bytes_rx":60, "n2r_latency":897, "hops":0, "rtt_latency":997, "root_time_now":3175130}
[Mote:14] Sensor IPv6 = fe80::20e:e:e:e
[Mote:18] Not reachable yet
[Mote:13] Not reachable yet
[Mote:8] Sensor IPv6 = fe80::208:8:8:8
[Mote:1] {"node":"fd00::208:8:8:8", "cpu_energy_mj":18, "lpm_energy_mj":0, "radio_tx_energy_mj":0, "radio_rx_energy_mj":8, "total_energy_mj":26, "node_time":3176025, "total_sent":177, "total_received":302, "bytes_tx":60, "bytes_rx":12, "r2n_latency":594, "lqi":100, "rssi":-90, "server_sent":314, "server_received":383, "server_bytes_rx":60, "n2r_latency":15, "hops":0, "rtt_latency":822, "root_time_now":3176040}
[Mote:4] Not reachable yet
[Mote:11] Not reachable yet
[Mote:10] Not reachable yet
[Mote:15] Not reachable yet
[Mote:17] Not reachable yet
[Mote:6] Not reachable yet
[Mote:2] Sensor IPv6 = fe80::202:2:2:2
[Mote:19] Not reachable yet
[Mote:16] Not reachable yet
[Mote:1] {"node":"fd00::202:2:2:2", "cpu_energy_mj":18, "lpm_energy_mj":0, "radio_tx_energy_mj":0, "radio_rx_energy_mj":8, "total_energy_mj":26, "node_time":3180201, "total_sent":130, "total_received":300, "bytes_tx":60, "bytes_rx":12, "r2n_latency":104, "lqi":100, "rssi":-83, "server_sent":316, "server_received":261, "server_bytes_rx":60, "n2r_latency":1159, "hops":0, "rtt_latency":1557, "root_time_now":3181360}
[Mote:9] Not reachable yet
[Mote:3] Not reachable yet
[Mote:5] Not reachable yet
[Mote:7] Sensor IPv6 = fe80::207:7:7:7
[Mote:1] {"node":"fd00::207:7:7:7", "cpu_energy_mj":18, "lpm_energy_mj":0, "radio_tx_energy_mj":0, "radio_rx_energy_mj":8, "total_energy_mj":26, "node_time":3184709, "total_sent":173, "total_received":298, "bytes_tx":60, "bytes_rx":12, "r2n_latency":394, "lqi":100, "rssi":-89, "server_sent":314, "server_received":349, "server_bytes_rx":60, "n2r_latency":11, "hops":0, "rtt_latency":827, "root_time_now":3184720}
[Mote:12] Sensor IPv6 = fe80::20c:c:c:c
[Mote:1] {"node":"fd00::20c:c:c:c", "cpu_energy_mj":19, "lpm_energy_mj":0, "radio_tx_energy_mj":0, "radio_rx_energy_mj":8, "total_energy_mj":27, "node_time":3185099, "total_sent":168, "total_received":293, "bytes_tx":60, "bytes_rx":12, "r2n_latency":44, "lqi":100, "rssi":-87, "server_sent":316, "server_received":331, "server_bytes_rx":60, "n2r_latency":41, "hops":0, "rtt_latency":1177, "root_time_now":3185140}
[Mote:14] Not reachable yet
[Mote:18] Not reachable yet
[Mote:13] Not reachable yet
[Mote:8] Sensor IPv6 = fe80::208:8:8:8
[Mote:1] {"node":"fd00::208:8:8:8", "cpu_energy_mj":18, "lpm_energy_mj":0, "radio_tx_energy_mj":0, "radio_rx_energy_mj":8, "total_energy_mj":26, "node_time":3186508, "total_sent":178, "total_received":303, "bytes_tx":60, "bytes_rx":12, "r2n_latency":464, "lqi":100, "rssi":-90, "server_sent":315, "server_received":385, "server_bytes_rx":60, "n2r_latency":242, "hops":0, "rtt_latency":1317, "root_time_now":3186750}
[Mote:4] Not reachable yet
[Mote:11] Not reachable yet
[Mote:10] Not reachable yet
[Mote:17] Not reachable yet
[Mote:15] Not reachable yet
[Mote:16] Not reachable yet
[Mote:2] Sensor IPv6 = fe80::202:2:2:2
[Mote:6] Not reachable yet
[Mote:19] Not reachable yet
[Mote:1] {"node":"fd00::202:2:2:2", "cpu_energy_mj":18, "lpm_energy_mj":0, "radio_tx_energy_mj":0, "radio_rx_energy_mj":8, "total_energy_mj":26, "node_time":3190732, "total_sent":131, "total_received":302, "bytes_tx":60, "bytes_rx":12, "r2n_latency":124, "lqi":100, "rssi":-83, "server_sent":317, "server_received":264, "server_bytes_rx":60, "n2r_latency":778, "hops":0, "rtt_latency":727, "root_time_now":3191510}
[Mote:3] Not reachable yet
[Mote:9] Not reachable yet
[Mote:5] Not reachable yet
[Mote:7] Sensor IPv6 = fe80::207:7:7:7
[Mote:1] {"node":"fd00::207:7:7:7", "cpu_energy_mj":18, "lpm_energy_mj":0, "radio_tx_energy_mj":0, "radio_rx_energy_mj":8, "total_energy_mj":26, "node_time":3195187, "total_sent":174, "total_received":299, "bytes_tx":60, "bytes_rx":12, "r2n_latency":404, "lqi":100, "rssi":-89, "server_sent":315, "server_received":351, "server_bytes_rx":60, "n2r_latency":33, "hops":0, "rtt_latency":622, "root_time_now":3195220}
[Mote:12] Sensor IPv6 = fe80::20c:c:c:c
[Mote:1] {"node":"fd00::20c:c:c:c", "cpu_energy_mj":19, "lpm_energy_mj":0, "radio_tx_energy_mj":0, "radio_rx_energy_mj":8, "total_energy_mj":27, "node_time":3195934, "total_sent":169, "total_received":294, "bytes_tx":60, "bytes_rx":12, "r2n_latency":54, "lqi":100, "rssi":-87, "server_sent":317, "server_received":333, "server_bytes_rx":60, "n2r_latency":56, "hops":0, "rtt_latency":1252, "root_time_now":3195990}
[Mote:13] Not reachable yet
[Mote:18] Not reachable yet
[Mote:14] Not reachable yet
[Mote:8] Sensor IPv6 = fe80::208:8:8:8
[Mote:1] {"node":"fd00::208:8:8:8", "cpu_energy_mj":18, "lpm_energy_mj":0, "radio_tx_energy_mj":0, "radio_rx_energy_mj":8, "total_energy_mj":26, "node_time":3196993, "total_sent":179, "total_received":304, "bytes_tx":60, "bytes_rx":12, "r2n_latency":264, "lqi":100, "rssi":-90, "server_sent":316, "server_received":387, "server_bytes_rx":60, "n2r_latency":47, "hops":0, "rtt_latency":797, "root_time_now":3197040}
[Mote:4] Not reachable yet
[Mote:11] Not reachable yet
[Mote:10] Not reachable yet
[Mote:17] Not reachable yet
[Mote:15] Not reachable yet
[Mote:16] Not reachable yet
[Mote:2] Sensor IPv6 = fe80::202:2:2:2
[Mote:6] Not reachable yet
[Mote:19] Not reachable yet
[Mote:3] Not reachable yet
[Mote:9] Not reachable yet
[Mote:1] {"node":"fd00::202:2:2:2", "cpu_energy_mj":18, "lpm_energy_mj":0, "radio_tx_energy_mj":0, "radio_rx_energy_mj":8, "total_energy_mj":26, "node_time":3201263, "total_sent":132, "total_received":303, "bytes_tx":60, "bytes_rx":12, "r2n_latency":134, "lqi":100, "rssi":-83, "server_sent":318, "server_received":266, "server_bytes_rx":60, "n2r_latency":2077, "hops":0, "rtt_latency":1642, "root_time_now":3203340}
[Mote:5] Not reachable yet
[Mote:7] Sensor IPv6 = fe80::207:7:7:7
[Mote:1] {"node":"fd00::207:7:7:7", "cpu_energy_mj":18, "lpm_energy_mj":0, "radio_tx_energy_mj":0, "radio_rx_energy_mj":8, "total_energy_mj":26, "node_time":3205661, "total_sent":175, "total_received":300, "bytes_tx":60, "bytes_rx":12, "r2n_latency":274, "lqi":100, "rssi":-89, "server_sent":316, "server_received":353, "server_bytes_rx":60, "n2r_latency":59, "hops":0, "rtt_latency":1607, "root_time_now":3205720}
[Mote:13] Not reachable yet
[Mote:12] Sensor IPv6 = fe80::20c:c:c:c
[Mote:1] {"node":"fd00::20c:c:c:c", "cpu_energy_mj":19, "lpm_energy_mj":0, "radio_tx_energy_mj":0, "radio_rx_energy_mj":8, "total_energy_mj":27, "node_time":3206765, "total_sent":170, "total_received":295, "bytes_tx":60, "bytes_rx":12, "r2n_latency":64, "lqi":100, "rssi":-87, "server_sent":318, "server_received":335, "server_bytes_rx":60, "n2r_latency":75, "hops":0, "rtt_latency":977, "root_time_now":3206840}
[Mote:18] Not reachable yet
[Mote:14] Not reachable yet
[Mote:8] Sensor IPv6 = fe80::208:8:8:8
[Mote:1] {"node":"fd00::208:8:8:8", "cpu_energy_mj":18, "lpm_energy_mj":0, "radio_tx_energy_mj":0, "radio_rx_energy_mj":8, "total_energy_mj":26, "node_time":3207474, "total_sent":180, "total_received":305, "bytes_tx":60, "bytes_rx":12, "r2n_latency":764, "lqi":100, "rssi":-90, "server_sent":317, "server_received":389, "server_bytes_rx":60, "n2r_latency":66, "hops":0, "rtt_latency":732, "root_time_now":3207540}
[Mote:11] Not reachable yet
[Mote:4] Not reachable yet
[Mote:10] Not reachable yet
[Mote:17] Not reachable yet
[Mote:15] Not reachable yet
[Mote:16] Not reachable yet
[Mote:2] Sensor IPv6 = fe80::202:2:2:2
[Mote:6] Not reachable yet
[Mote:3] Not reachable yet
[Mote:19] Not reachable yet
[Mote:1] {"node":"fd00::202:2:2:2", "cpu_energy_mj":18, "lpm_energy_mj":0, "radio_tx_energy_mj":0, "radio_rx_energy_mj":8, "total_energy_mj":26, "node_time":3211794, "total_sent":133, "total_received":304, "bytes_tx":60, "bytes_rx":12, "r2n_latency":144, "lqi":100, "rssi":-83, "server_sent":319, "server_received":268, "server_bytes_rx":60, "n2r_latency":1906, "hops":0, "rtt_latency":1682, "root_time_now":3213700}
[Mote:9] Not reachable yet
[Mote:7] Sensor IPv6 = fe80::207:7:7:7
[Mote:1] {"node":"fd00::207:7:7:7", "cpu_energy_mj":18, "lpm_energy_mj":0, "radio_tx_energy_mj":0, "radio_rx_energy_mj":8, "total_energy_mj":26, "node_time":3216137, "total_sent":176, "total_received":301, "bytes_tx":60, "bytes_rx":12, "r2n_latency":284, "lqi":100, "rssi":-89, "server_sent":317, "server_received":355, "server_bytes_rx":60, "n2r_latency":153, "hops":0, "rtt_latency":1122, "root_time_now":3216290}
[Mote:5] Not reachable yet
[Mote:13] Not reachable yet
[Mote:12] Sensor IPv6 = fe80::20c:c:c:c
[Mote:1] {"node":"fd00::20c:c:c:c", "cpu_energy_mj":19, "lpm_energy_mj":0, "radio_tx_energy_mj":0, "radio_rx_energy_mj":8, "total_energy_mj":27, "node_time":3217598, "total_sent":171, "total_received":296, "bytes_tx":60, "bytes_rx":12, "r2n_latency":74, "lqi":100, "rssi":-87, "server_sent":319, "server_received":337, "server_bytes_rx":60, "n2r_latency":22, "hops":0, "rtt_latency":947, "root_time_now":3217620}
[Mote:18] Not reachable yet
[Mote:8] Sensor IPv6 = fe80::208:8:8:8
[Mote:1] {"node":"fd00::208:8:8:8", "cpu_energy_mj":18, "lpm_energy_mj":0, "radio_tx_energy_mj":0, "radio_rx_energy_mj":8, "total_energy_mj":26, "node_time":3217957, "total_sent":181, "total_received":306, "bytes_tx":60, "bytes_rx":12, "r2n_latency":424, "lqi":100, "rssi":-90, "server_sent":318, "server_received":391, "server_bytes_rx":60, "n2r_latency":13, "hops":0, "rtt_latency":1017, "root_time_now":3217970}
[Mote:14] Not reachable yet
[Mote:11] Not reachable yet
[Mote:10] Not reachable yet
[Mote:4] Not reachable yet
[Mote:17] Not reachable yet
[Mote:16] Not reachable yet
[Mote:15] Not reachable yet
[Mote:2] Sensor IPv6 = fe80::202:2:2:2
[Mote:1] {"node":"fd00::202:2:2:2", "cpu_energy_mj":18, "lpm_energy_mj":0, "radio_tx_energy_mj":0, "radio_rx_energy_mj":8, "total_energy_mj":26, "node_time":3222327, "total_sent":134, "total_received":305, "bytes_tx":60, "bytes_rx":12, "r2n_latency":84, "lqi":100, "rssi":-83, "server_sent":320, "server_received":270, "server_bytes_rx":60, "n2r_latency":53, "hops":0, "rtt_latency":882, "root_time_now":3222380}
[Mote:3] Not reachable yet
[Mote:6] Not reachable yet
[Mote:19] Not reachable yet
[Mote:9] Not reachable yet
[Mote:13] Not reachable yet
[Mote:7] Sensor IPv6 = fe80::207:7:7:7
[Mote:1] {"node":"fd00::207:7:7:7", "cpu_energy_mj":18, "lpm_energy_mj":0, "radio_tx_energy_mj":0, "radio_rx_energy_mj":8, "total_energy_mj":26, "node_time":3226615, "total_sent":177, "total_received":302, "bytes_tx":60, "bytes_rx":12, "r2n_latency":224, "lqi":100, "rssi":-89, "server_sent":318, "server_received":357, "server_bytes_rx":60, "n2r_latency":35, "hops":0, "rtt_latency":847, "root_time_now":3226650}
[Mote:5] Not reachable yet
[Mote:18] Not reachable yet
[Mote:12] Sensor IPv6 = fe80::20c:c:c:c
[Mote:8] Sensor IPv6 = fe80::208:8:8:8
[Mote:1] {"node":"fd00::20c:c:c:c", "cpu_energy_mj":19, "lpm_energy_mj":0, "radio_tx_energy_mj":0, "radio_rx_energy_mj":8, "total_energy_mj":27, "node_time":3228433, "total_sent":172, "total_received":297, "bytes_tx":60, "bytes_rx":12, "r2n_latency":14, "lqi":100, "rssi":-87, "server_sent":320, "server_received":339, "server_bytes_rx":60, "n2r_latency":107, "hops":0, "rtt_latency":637, "root_time_now":3228540}
[Mote:1] {"node":"fd00::208:8:8:8", "cpu_energy_mj":18, "lpm_energy_mj":0, "radio_tx_energy_mj":0, "radio_rx_energy_mj":8, "total_energy_mj":26, "node_time":3228442, "total_sent":182, "total_received":307, "bytes_tx":60, "bytes_rx":12, "r2n_latency":294, "lqi":100, "rssi":-90, "server_sent":319, "server_received":393, "server_bytes_rx":60, "n2r_latency":308, "hops":0, "rtt_latency":567, "root_time_now":3228750}
[Mote:14] Not reachable yet
[Mote:11] Not reachable yet
[Mote:10] Not reachable yet
[Mote:17] Not reachable yet
[Mote:4] Not reachable yet
[Mote:16] Not reachable yet
[Mote:15] Not reachable yet
[Mote:2] Sensor IPv6 = fe80::202:2:2:2
[Mote:1] {"node":"fd00::202:2:2:2", "cpu_energy_mj":18, "lpm_energy_mj":0, "radio_tx_energy_mj":0, "radio_rx_energy_mj":8, "total_energy_mj":26, "node_time":3232856, "total_sent":135, "total_received":306, "bytes_tx":60, "bytes_rx":12, "r2n_latency":94, "lqi":100, "rssi":-83, "server_sent":321, "server_received":272, "server_bytes_rx":60, "n2r_latency":794, "hops":0, "rtt_latency":957, "root_time_now":3233650}
[Mote:3] Not reachable yet
[Mote:6] Not reachable yet
[Mote:19] Not reachable yet
[Mote:9] Not reachable yet
[Mote:13] Not reachable yet
[Mote:7] Sensor IPv6 = fe80::207:7:7:7
[Mote:1] {"node":"fd00::207:7:7:7", "cpu_energy_mj":18, "lpm_energy_mj":0, "radio_tx_energy_mj":0, "radio_rx_energy_mj":8, "total_energy_mj":26, "node_time":3237091, "total_sent":178, "total_received":303, "bytes_tx":60, "bytes_rx":12, "r2n_latency":444, "lqi":100, "rssi":-89, "server_sent":319, "server_received":359, "server_bytes_rx":60, "n2r_latency":59, "hops":0, "rtt_latency":2357, "root_time_now":3237150}
[Mote:5] Not reachable yet
[Mote:18] Not reachable yet
[Mote:8] Sensor IPv6 = fe80::208:8:8:8
[Mote:1] {"node":"fd00::208:8:8:8", "cpu_energy_mj":18, "lpm_energy_mj":0, "radio_tx_energy_mj":0, "radio_rx_energy_mj":8, "total_energy_mj":26, "node_time":3238925, "total_sent":183, "total_received":308, "bytes_tx":60, "bytes_rx":12, "r2n_latency":514, "lqi":100, "rssi":-90, "server_sent":320, "server_received":395, "server_bytes_rx":60, "n2r_latency":115, "hops":0, "rtt_latency":922, "root_time_now":3239040}
[Mote:11] Not reachable yet
[Mote:12] Sensor IPv6 = fe80::20c:c:c:c
[Mote:1] {"node":"fd00::20c:c:c:c", "cpu_energy_mj":19, "lpm_energy_mj":0, "radio_tx_energy_mj":0, "radio_rx_energy_mj":8, "total_energy_mj":27, "node_time":3239264, "total_sent":173, "total_received":298, "bytes_tx":60, "bytes_rx":12, "r2n_latency":24, "lqi":100, "rssi":-87, "server_sent":321, "server_received":341, "server_bytes_rx":60, "n2r_latency":56, "hops":0, "rtt_latency":887, "root_time_now":3239320}
[Mote:10] Not reachable yet
[Mote:14] Not reachable yet
[Mote:17] Not reachable yet
[Mote:4] Not reachable yet
[Mote:16] Not reachable yet
[Mote:15] Not reachable yet
[Mote:2] Sensor IPv6 = fe80::202:2:2:2
[Mote:1] {"node":"fd00::202:2:2:2", "cpu_energy_mj":18, "lpm_energy_mj":0, "radio_tx_energy_mj":0, "radio_rx_energy_mj":8, "total_energy_mj":26, "node_time":3243387, "total_sent":136, "total_received":307, "bytes_tx":60, "bytes_rx":12, "r2n_latency":104, "lqi":100, "rssi":-83, "server_sent":322, "server_received":274, "server_bytes_rx":60, "n2r_latency":63, "hops":0, "rtt_latency":752, "root_time_now":3243450}
[Mote:3] Not reachable yet
[Mote:9] Not reachable yet
[Mote:6] Not reachable yet
[Mote:19] Not reachable yet
[Mote:13] Not reachable yet
[Mote:7] Sensor IPv6 = fe80::207:7:7:7
[Mote:1] {"node":"fd00::207:7:7:7", "cpu_energy_mj":18, "lpm_energy_mj":0, "radio_tx_energy_mj":0, "radio_rx_energy_mj":8, "total_energy_mj":26, "node_time":3247565, "total_sent":179, "total_received":304, "bytes_tx":60, "bytes_rx":12, "r2n_latency":314, "lqi":100, "rssi":-89, "server_sent":320, "server_received":361, "server_bytes_rx":60, "n2r_latency":15, "hops":0, "rtt_latency":927, "root_time_now":3247580}
[Mote:5] Not reachable yet
[Mote:11] Not reachable yet
[Mote:18] Sensor IPv6 = fe80::212:12:12:12
[Mote:1] {"node":"fd00::212:12:12:12", "cpu_energy_mj":721, "lpm_energy_mj":0, "radio_tx_energy_mj":3, "radio_rx_energy_mj":1810, "total_energy_mj":2534, "node_time":3249329, "total_sent":14, "total_received":101, "bytes_tx":60, "bytes_rx":12, "r2n_latency":525, "lqi":100, "rssi":-78, "server_sent":303, "server_received":7, "server_bytes_rx":60, "n2r_latency":71, "hops":0, "rtt_latency":512, "root_time_now":3249400}
[Mote:8] Sensor IPv6 = fe80::208:8:8:8
[Mote:1] {"node":"fd00::208:8:8:8", "cpu_energy_mj":18, "lpm_energy_mj":0, "radio_tx_energy_mj":0, "radio_rx_energy_mj":8, "total_energy_mj":26, "node_time":3249406, "total_sent":184, "total_received":309, "bytes_tx":60, "bytes_rx":12, "r2n_latency":594, "lqi":100, "rssi":-90, "server_sent":321, "server_received":397, "server_bytes_rx":60, "n2r_latency":64, "hops":0, "rtt_latency":1452, "root_time_now":3249470}
[Mote:10] Not reachable yet
[Mote:12] Sensor IPv6 = fe80::20c:c:c:c
[Mote:17] Not reachable yet
[Mote:14] Not reachable yet
[Mote:16] Not reachable yet
[Mote:4] Not reachable yet
[Mote:1] {"node":"fd00::20c:c:c:c", "cpu_energy_mj":19, "lpm_energy_mj":0, "radio_tx_energy_mj":0, "radio_rx_energy_mj":8, "total_energy_mj":27, "node_time":3250097, "total_sent":174, "total_received":300, "bytes_tx":60, "bytes_rx":12, "r2n_latency":44, "lqi":100, "rssi":-87, "server_sent":323, "server_received":344, "server_bytes_rx":60, "n2r_latency":1263, "hops":0, "rtt_latency":652, "root_time_now":3251360}
[Mote:15] Not reachable yet
[Mote:2] Sensor IPv6 = fe80::202:2:2:2
[Mote:1] {"node":"fd00::202:2:2:2", "cpu_energy_mj":18, "lpm_energy_mj":0, "radio_tx_energy_mj":0, "radio_rx_energy_mj":8, "total_energy_mj":26, "node_time":3253918, "total_sent":137, "total_received":308, "bytes_tx":60, "bytes_rx":12, "r2n_latency":114, "lqi":100, "rssi":-83, "server_sent":323, "server_received":276, "server_bytes_rx":60, "n2r_latency":32, "hops":0, "rtt_latency":897, "root_time_now":3253950}
[Mote:3] Not reachable yet
[Mote:9] Not reachable yet
[Mote:6] Not reachable yet
[Mote:19] Not reachable yet
[Mote:13] Not reachable yet
[Mote:7] Sensor IPv6 = fe80::207:7:7:7
[Mote:1] {"node":"fd00::207:7:7:7", "cpu_energy_mj":18, "lpm_energy_mj":0, "radio_tx_energy_mj":0, "radio_rx_energy_mj":8, "total_energy_mj":26, "node_time":3258041, "total_sent":180, "total_received":305, "bytes_tx":60, "bytes_rx":12, "r2n_latency":254, "lqi":100, "rssi":-89, "server_sent":321, "server_received":363, "server_bytes_rx":60, "n2r_latency":39, "hops":0, "rtt_latency":407, "root_time_now":3258080}
[Mote:11] Not reachable yet
[Mote:5] Not reachable yet
[Mote:18] Sensor IPv6 = fe80::212:12:12:12
[Mote:8] Sensor IPv6 = fe80::208:8:8:8
[Mote:1] {"node":"fd00::208:8:8:8", "cpu_energy_mj":18, "lpm_energy_mj":0, "radio_tx_energy_mj":0, "radio_rx_energy_mj":8, "total_energy_mj":26, "node_time":3259889, "total_sent":185, "total_received":310, "bytes_tx":60, "bytes_rx":12, "r2n_latency":394, "lqi":100, "rssi":-90, "server_sent":322, "server_received":399, "server_bytes_rx":60, "n2r_latency":81, "hops":0, "rtt_latency":827, "root_time_now":3259970}
[Mote:10] Not reachable yet
[Mote:17] Not reachable yet
[Mote:16] Not reachable yet
[Mote:12] Sensor IPv6 = fe80::20c:c:c:c
[Mote:14] Not reachable yet
[Mote:4] Not reachable yet
[Mote:15] Not reachable yet
[Mote:1] {"node":"fd00::20c:c:c:c", "cpu_energy_mj":19, "lpm_energy_mj":0, "radio_tx_energy_mj":0, "radio_rx_energy_mj":8, "total_energy_mj":27, "node_time":3260930, "total_sent":175, "total_received":301, "bytes_tx":60, "bytes_rx":12, "r2n_latency":266, "lqi":100, "rssi":-87, "server_sent":324, "server_received":346, "server_bytes_rx":60, "n2r_latency":2750, "hops":0, "rtt_latency":1813, "root_time_now":3263680}
[Mote:2] Sensor IPv6 = fe80::202:2:2:2
[Mote:3] Not reachable yet
[Mote:1] {"node":"fd00::202:2:2:2", "cpu_energy_mj":18, "lpm_energy_mj":0, "radio_tx_energy_mj":0, "radio_rx_energy_mj":8, "total_energy_mj":26, "node_time":3264451, "total_sent":138, "total_received":309, "bytes_tx":60, "bytes_rx":12, "r2n_latency":126, "lqi":100, "rssi":-83, "server_sent":324, "server_received":278, "server_bytes_rx":60, "n2r_latency":69, "hops":0, "rtt_latency":1218, "root_time_now":3264520}
[Mote:9] Not reachable yet
[Mote:13] Not reachable yet
[Mote:6] Not reachable yet
[Mote:19] Not reachable yet
[Mote:7] Sensor IPv6 = fe80::207:7:7:7
[Mote:1] {"node":"fd00::207:7:7:7", "cpu_energy_mj":18, "lpm_energy_mj":0, "radio_tx_energy_mj":0, "radio_rx_energy_mj":8, "total_energy_mj":26, "node_time":3268519, "total_sent":181, "total_received":306, "bytes_tx":60, "bytes_rx":12, "r2n_latency":476, "lqi":100, "rssi":-89, "server_sent":322, "server_received":365, "server_bytes_rx":60, "n2r_latency":61, "hops":0, "rtt_latency":763, "root_time_now":3268580}
[Mote:11] Not reachable yet
[Mote:10] Not reachable yet
[Mote:5] Not reachable yet
[Mote:8] Sensor IPv6 = fe80::208:8:8:8
[Mote:18] Sensor IPv6 = fe80::212:12:12:12
[Mote:1] {"node":"fd00::208:8:8:8", "cpu_energy_mj":18, "lpm_energy_mj":0, "radio_tx_energy_mj":0, "radio_rx_energy_mj":8, "total_energy_mj":26, "node_time":3270374, "total_sent":186, "total_received":311, "bytes_tx":60, "bytes_rx":12, "r2n_latency":406, "lqi":100, "rssi":-90, "server_sent":324, "server_received":401, "server_bytes_rx":60, "n2r_latency":306, "hops":0, "rtt_latency":1043, "root_time_now":3270680}
[Mote:17] Not reachable yet
[Mote:16] Not reachable yet
[Mote:12] Sensor IPv6 = fe80::20c:c:c:c
[Mote:14] Not reachable yet
[Mote:4] Not reachable yet
[Mote:15] Not reachable yet
[Mote:1] {"node":"fd00::20c:c:c:c", "cpu_energy_mj":19, "lpm_energy_mj":0, "radio_tx_energy_mj":0, "radio_rx_energy_mj":8, "total_energy_mj":27, "node_time":3271763, "total_sent":176, "total_received":302, "bytes_tx":60, "bytes_rx":12, "r2n_latency":64, "lqi":100, "rssi":-87, "server_sent":325, "server_received":348, "server_bytes_rx":60, "n2r_latency":2487, "hops":0, "rtt_latency":2097, "root_time_now":3274250}
[Mote:3] Not reachable yet
[Mote:2] Sensor IPv6 = fe80::202:2:2:2
[Mote:1] {"node":"fd00::202:2:2:2", "cpu_energy_mj":18, "lpm_energy_mj":0, "radio_tx_energy_mj":0, "radio_rx_energy_mj":8, "total_energy_mj":26, "node_time":3274980, "total_sent":139, "total_received":310, "bytes_tx":60, "bytes_rx":12, "r2n_latency":134, "lqi":100, "rssi":-83, "server_sent":325, "server_received":280, "server_bytes_rx":60, "n2r_latency":40, "hops":0, "rtt_latency":732, "root_time_now":3275020}
[Mote:13] Not reachable yet
[Mote:9] Not reachable yet
[Mote:6] Not reachable yet
[Mote:19] Not reachable yet
[Mote:7] Sensor IPv6 = fe80::207:7:7:7
[Mote:1] {"node":"fd00::207:7:7:7", "cpu_energy_mj":18, "lpm_energy_mj":0, "radio_tx_energy_mj":0, "radio_rx_energy_mj":8, "total_energy_mj":26, "node_time":3278995, "total_sent":182, "total_received":307, "bytes_tx":60, "bytes_rx":12, "r2n_latency":554, "lqi":100, "rssi":-89, "server_sent":323, "server_received":367, "server_bytes_rx":60, "n2r_latency":15, "hops":0, "rtt_latency":312, "root_time_now":3279010}
[Mote:11] Not reachable yet
[Mote:10] Not reachable yet
[Mote:8] Sensor IPv6 = fe80::208:8:8:8
[Mote:16] Not reachable yet
[Mote:18] Not reachable yet
[Mote:17] Not reachable yet
[Mote:5] Not reachable yet
[Mote:1] {"node":"fd00::208:8:8:8", "cpu_energy_mj":18, "lpm_energy_mj":0, "radio_tx_energy_mj":0, "radio_rx_energy_mj":8, "total_energy_mj":26, "node_time":3280855, "total_sent":187, "total_received":313, "bytes_tx":60, "bytes_rx":12, "r2n_latency":354, "lqi":100, "rssi":-90, "server_sent":325, "server_received":404, "server_bytes_rx":60, "n2r_latency":745, "hops":0, "rtt_latency":772, "root_time_now":3281600}
[Mote:12] Sensor IPv6 = fe80::20c:c:c:c
[Mote:1] {"node":"fd00::20c:c:c:c", "cpu_energy_mj":19, "lpm_energy_mj":0, "radio_tx_energy_mj":0, "radio_rx_energy_mj":8, "total_energy_mj":27, "node_time":3282596, "total_sent":177, "total_received":303, "bytes_tx":60, "bytes_rx":12, "r2n_latency":74, "lqi":100, "rssi":-87, "server_sent":326, "server_received":350, "server_bytes_rx":60, "n2r_latency":54, "hops":0, "rtt_latency":667, "root_time_now":3282650}
[Mote:14] Not reachable yet
[Mote:4] Not reachable yet
[Mote:15] Not reachable yet
[Mote:3] Not reachable yet
[Mote:2] Sensor IPv6 = fe80::202:2:2:2
[Mote:1] {"node":"fd00::202:2:2:2", "cpu_energy_mj":18, "lpm_energy_mj":0, "radio_tx_energy_mj":0, "radio_rx_energy_mj":8, "total_energy_mj":26, "node_time":3285511, "total_sent":140, "total_received":311, "bytes_tx":60, "bytes_rx":12, "r2n_latency":144, "lqi":100, "rssi":-83, "server_sent":326, "server_received":282, "server_bytes_rx":60, "n2r_latency":9, "hops":0, "rtt_latency":877, "root_time_now":3285520}
[Mote:13] Not reachable yet
[Mote:9] Not reachable yet
[Mote:7] Sensor IPv6 = fe80::207:7:7:7
[Mote:6] Not reachable yet
[Mote:1] {"node":"fd00::207:7:7:7", "cpu_energy_mj":18, "lpm_energy_mj":0, "radio_tx_energy_mj":0, "radio_rx_energy_mj":8, "total_energy_mj":26, "node_time":3289469, "total_sent":183, "total_received":308, "bytes_tx":60, "bytes_rx":12, "r2n_latency":284, "lqi":100, "rssi":-89, "server_sent":324, "server_received":369, "server_bytes_rx":60, "n2r_latency":41, "hops":0, "rtt_latency":422, "root_time_now":3289510}
[Mote:19] Not reachable yet
[Mote:11] Not reachable yet
[Mote:10] Not reachable yet
[Mote:16] Not reachable yet
[Mote:17] Not reachable yet
[Mote:8] Sensor IPv6 = fe80::208:8:8:8
[Mote:18] Not reachable yet
[Mote:5] Not reachable yet
[Mote:4] Not reachable yet
[Mote:12] Sensor IPv6 = fe80::20c:c:c:c
[Mote:1] {"node":"fd00::20c:c:c:c", "cpu_energy_mj":19, "lpm_energy_mj":0, "radio_tx_energy_mj":0, "radio_rx_energy_mj":8, "total_energy_mj":27, "node_time":3293431, "total_sent":178, "total_received":304, "bytes_tx":60, "bytes_rx":12, "r2n_latency":14, "lqi":100, "rssi":-87, "server_sent":327, "server_received":352, "server_bytes_rx":60, "n2r_latency":69, "hops":0, "rtt_latency":287, "root_time_now":3293500}
[Mote:14] Not reachable yet
[Mote:15] Not reachable yet
[Mote:3] Not reachable yet
[Mote:1] {"node":"fd00::208:8:8:8", "cpu_energy_mj":18, "lpm_energy_mj":0, "radio_tx_energy_mj":0, "radio_rx_energy_mj":8, "total_energy_mj":26, "node_time":3291338, "total_sent":188, "total_received":314, "bytes_tx":60, "bytes_rx":12, "r2n_latency":1274, "lqi":100, "rssi":-90, "server_sent":326, "server_received":406, "server_bytes_rx":60, "n2r_latency":4472, "hops":0, "rtt_latency":2877, "root_time_now":3295810}
[Mote:2] Sensor IPv6 = fe80::202:2:2:2
[Mote:1] {"node":"fd00::202:2:2:2", "cpu_energy_mj":18, "lpm_energy_mj":0, "radio_tx_energy_mj":0, "radio_rx_energy_mj":8, "total_energy_mj":26, "node_time":3296042, "total_sent":141, "total_received":312, "bytes_tx":60, "bytes_rx":12, "r2n_latency":84, "lqi":100, "rssi":-83, "server_sent":327, "server_received":284, "server_bytes_rx":60, "n2r_latency":48, "hops":0, "rtt_latency":1687, "root_time_now":3296090}
[Mote:13] Not reachable yet
[Mote:9] Not reachable yet
[Mote:11] Not reachable yet
[Mote:7] Sensor IPv6 = fe80::207:7:7:7
[Mote:6] Not reachable yet
[Mote:19] Not reachable yet
[Mote:10] Not reachable yet
[Mote:16] Not reachable yet
[Mote:1] {"node":"fd00::207:7:7:7", "cpu_energy_mj":18, "lpm_energy_mj":0, "radio_tx_energy_mj":0, "radio_rx_energy_mj":8, "total_energy_mj":26, "node_time":3299947, "total_sent":184, "total_received":309, "bytes_tx":60, "bytes_rx":12, "r2n_latency":224, "lqi":100, "rssi":-89, "server_sent":326, "server_received":371, "server_bytes_rx":60, "n2r_latency":1393, "hops":0, "rtt_latency":252, "root_time_now":3301340}
[Mote:17] Not reachable yet
[Mote:8] Sensor IPv6 = fe80::208:8:8:8
[Mote:1] {"node":"fd00::208:8:8:8", "cpu_energy_mj":18, "lpm_energy_mj":0, "radio_tx_energy_mj":0, "radio_rx_energy_mj":8, "total_energy_mj":26, "node_time":3301821, "total_sent":189, "total_received":315, "bytes_tx":60, "bytes_rx":12, "r2n_latency":304, "lqi":100, "rssi":-90, "server_sent":327, "server_received":408, "server_bytes_rx":60, "n2r_latency":9, "hops":0, "rtt_latency":782, "root_time_now":3301830}
[Mote:18] Not reachable yet
[Mote:5] Not reachable yet
[Mote:4] Not reachable yet
[Mote:12] Sensor IPv6 = fe80::20c:c:c:c
[Mote:1] {"node":"fd00::20c:c:c:c", "cpu_energy_mj":19, "lpm_energy_mj":0, "radio_tx_energy_mj":0, "radio_rx_energy_mj":8, "total_energy_mj":27, "node_time":3304262, "total_sent":179, "total_received":305, "bytes_tx":60, "bytes_rx":12, "r2n_latency":94, "lqi":100, "rssi":-87, "server_sent":328, "server_received":354, "server_bytes_rx":60, "n2r_latency":18, "hops":0, "rtt_latency":1377, "root_time_now":3304280}
[Mote:14] Not reachable yet
[Mote:15] Not reachable yet
[Mote:3] Not reachable yet
[Mote:2] Sensor IPv6 = fe80::202:2:2:2
[Mote:1] {"node":"fd00::202:2:2:2", "cpu_energy_mj":18, "lpm_energy_mj":0, "radio_tx_energy_mj":0, "radio_rx_energy_mj":8, "total_energy_mj":26, "node_time":3306575, "total_sent":142, "total_received":313, "bytes_tx":60, "bytes_rx":12, "r2n_latency":164, "lqi":100, "rssi":-83, "server_sent":328, "server_received":286, "server_bytes_rx":60, "n2r_latency":15, "hops":0, "rtt_latency":502, "root_time_now":3306590}
[Mote:13] Not reachable yet
[Mote:9] Not reachable yet
[Mote:11] Not reachable yet
[Mote:7] Sensor IPv6 = fe80::207:7:7:7
[Mote:10] Not reachable yet
[Mote:16] Not reachable yet
[Mote:6] Not reachable yet
[Mote:19] Not reachable yet
[Mote:17] Not reachable yet
[Mote:8] Sensor IPv6 = fe80::208:8:8:8
[Mote:1] {"node":"fd00::208:8:8:8", "cpu_energy_mj":18, "lpm_energy_mj":0, "radio_tx_energy_mj":0, "radio_rx_energy_mj":8, "total_energy_mj":26, "node_time":3312304, "total_sent":190, "total_received":316, "bytes_tx":60, "bytes_rx":12, "r2n_latency":314, "lqi":100, "rssi":-90, "server_sent":328, "server_received":410, "server_bytes_rx":60, "n2r_latency":26, "hops":0, "rtt_latency":892, "root_time_now":3312330}
[Mote:18] Not reachable yet
[Mote:1] {"node":"fd00::207:7:7:7", "cpu_energy_mj":18, "lpm_energy_mj":0, "radio_tx_energy_mj":0, "radio_rx_energy_mj":8, "total_energy_mj":26, "node_time":3310421, "total_sent":185, "total_received":311, "bytes_tx":60, "bytes_rx":12, "r2n_latency":244, "lqi":100, "rssi":-89, "server_sent":327, "server_received":374, "server_bytes_rx":60, "n2r_latency":2329, "hops":0, "rtt_latency":1347, "root_time_now":3312750}
[Mote:5] Not reachable yet
[Mote:4] Not reachable yet
[Mote:14] Not reachable yet
[Mote:12] Sensor IPv6 = fe80::20c:c:c:c
[Mote:1] {"node":"fd00::20c:c:c:c", "cpu_energy_mj":19, "lpm_energy_mj":0, "radio_tx_energy_mj":0, "radio_rx_energy_mj":8, "total_energy_mj":27, "node_time":3315095, "total_sent":180, "total_received":306, "bytes_tx":60, "bytes_rx":12, "r2n_latency":34, "lqi":100, "rssi":-87, "server_sent":329, "server_received":356, "server_bytes_rx":60, "n2r_latency":35, "hops":0, "rtt_latency":507, "root_time_now":3315130}
[Mote:15] Not reachable yet
[Mote:3] Not reachable yet
[Mote:2] Sensor IPv6 = fe80::202:2:2:2
[Mote:1] {"node":"fd00::202:2:2:2", "cpu_energy_mj":18, "lpm_energy_mj":0, "radio_tx_energy_mj":0, "radio_rx_energy_mj":8, "total_energy_mj":26, "node_time":3317104, "total_sent":143, "total_received":314, "bytes_tx":60, "bytes_rx":12, "r2n_latency":104, "lqi":100, "rssi":-83, "server_sent":329, "server_received":288, "server_bytes_rx":60, "n2r_latency":56, "hops":0, "rtt_latency":612, "root_time_now":3317160}
[Mote:13] Not reachable yet
[Mote:9] Not reachable yet
[Mote:11] Not reachable yet
[Mote:7] Sensor IPv6 = fe80::207:7:7:7
[Mote:1] {"node":"fd00::207:7:7:7", "cpu_energy_mj":18, "lpm_energy_mj":0, "radio_tx_energy_mj":0, "radio_rx_energy_mj":8, "total_energy_mj":26, "node_time":3320897, "total_sent":186, "total_received":312, "bytes_tx":60, "bytes_rx":12, "r2n_latency":254, "lqi":100, "rssi":-89, "server_sent":328, "server_received":376, "server_bytes_rx":60, "n2r_latency":43, "hops":0, "rtt_latency":267, "root_time_now":3320940}
[Mote:16] Not reachable yet
[Mote:10] Not reachable yet
[Mote:17] Not reachable yet
[Mote:6] Not reachable yet
[Mote:19] Not reachable yet
[Mote:8] Sensor IPv6 = fe80::208:8:8:8
[Mote:1] {"node":"fd00::208:8:8:8", "cpu_energy_mj":18, "lpm_energy_mj":0, "radio_tx_energy_mj":0, "radio_rx_energy_mj":8, "total_energy_mj":26, "node_time":3322787, "total_sent":191, "total_received":317, "bytes_tx":60, "bytes_rx":12, "r2n_latency":394, "lqi":100, "rssi":-90, "server_sent":329, "server_received":412, "server_bytes_rx":60, "n2r_latency":253, "hops":0, "rtt_latency":757, "root_time_now":3323040}
[Mote:18] Not reachable yet
[Mote:5] Not reachable yet
[Mote:4] Not reachable yet
[Mote:14] Not reachable yet
[Mote:12] Sensor IPv6 = fe80::20c:c:c:c
[Mote:15] Not reachable yet
[Mote:1] {"node":"fd00::20c:c:c:c", "cpu_energy_mj":19, "lpm_energy_mj":0, "radio_tx_energy_mj":0, "radio_rx_energy_mj":8, "total_energy_mj":27, "node_time":3325928, "total_sent":181, "total_received":307, "bytes_tx":60, "bytes_rx":12, "r2n_latency":44, "lqi":100, "rssi":-87, "server_sent":330, "server_received":358, "server_bytes_rx":60, "n2r_latency":52, "hops":0, "rtt_latency":1772, "root_time_now":3325980}
[Mote:3] Not reachable yet
[Mote:2] Sensor IPv6 = fe80::202:2:2:2
[Mote:1] {"node":"fd00::202:2:2:2", "cpu_energy_mj":18, "lpm_energy_mj":0, "radio_tx_energy_mj":0, "radio_rx_energy_mj":8, "total_energy_mj":26, "node_time":3327635, "total_sent":144, "total_received":315, "bytes_tx":60, "bytes_rx":12, "r2n_latency":114, "lqi":100, "rssi":-83, "server_sent":330, "server_received":290, "server_bytes_rx":60, "n2r_latency":25, "hops":0, "rtt_latency":722, "root_time_now":3327660}
[Mote:13] Not reachable yet
[Mote:9] Not reachable yet
[Mote:11] Not reachable yet
[Mote:16] Not reachable yet
[Mote:10] Not reachable yet
[Mote:7] Sensor IPv6 = fe80::207:7:7:7
[Mote:1] {"node":"fd00::207:7:7:7", "cpu_energy_mj":18, "lpm_energy_mj":0, "radio_tx_energy_mj":0, "radio_rx_energy_mj":8, "total_energy_mj":26, "node_time":3331373, "total_sent":187, "total_received":313, "bytes_tx":60, "bytes_rx":12, "r2n_latency":264, "lqi":100, "rssi":-89, "server_sent":329, "server_received":378, "server_bytes_rx":60, "n2r_latency":207, "hops":0, "rtt_latency":762, "root_time_now":3331580}
[Mote:17] Not reachable yet
[Mote:6] Not reachable yet
[Mote:8] Sensor IPv6 = fe80::208:8:8:8
[Mote:1] {"node":"fd00::208:8:8:8", "cpu_energy_mj":18, "lpm_energy_mj":0, "radio_tx_energy_mj":0, "radio_rx_energy_mj":8, "total_energy_mj":26, "node_time":3333270, "total_sent":192, "total_received":318, "bytes_tx":60, "bytes_rx":12, "r2n_latency":474, "lqi":100, "rssi":-90, "server_sent":330, "server_received":414, "server_bytes_rx":60, "n2r_latency":60, "hops":0, "rtt_latency":1042, "root_time_now":3333330}
[Mote:19] Not reachable yet
[Mote:18] Not reachable yet
[Mote:5] Not reachable yet
[Mote:4] Not reachable yet
[Mote:3] Not reachable yet
[Mote:15] Not reachable yet
[Mote:14] Not reachable yet
[Mote:12] Sensor IPv6 = fe80::20c:c:c:c
[Mote:1] {"node":"fd00::20c:c:c:c", "cpu_energy_mj":19, "lpm_energy_mj":0, "radio_tx_energy_mj":0, "radio_rx_energy_mj":8, "total_energy_mj":27, "node_time":3336761, "total_sent":182, "total_received":308, "bytes_tx":60, "bytes_rx":12, "r2n_latency":54, "lqi":100, "rssi":-87, "server_sent":331, "server_received":360, "server_bytes_rx":60, "n2r_latency":69, "hops":0, "rtt_latency":1217, "root_time_now":3336830}
[Mote:13] Not reachable yet
[Mote:2] Sensor IPv6 = fe80::202:2:2:2
[Mote:1] {"node":"fd00::202:2:2:2", "cpu_energy_mj":18, "lpm_energy_mj":0, "radio_tx_energy_mj":0, "radio_rx_energy_mj":8, "total_energy_mj":26, "node_time":3338166, "total_sent":145, "total_received":316, "bytes_tx":60, "bytes_rx":12, "r2n_latency":124, "lqi":100, "rssi":-83, "server_sent":331, "server_received":292, "server_bytes_rx":60, "n2r_latency":64, "hops":0, "rtt_latency":692, "root_time_now":3338230}
[Mote:11] Not reachable yet
[Mote:9] Not reachable yet
[Mote:16] Not reachable yet
[Mote:10] Not reachable yet
[Mote:7] Sensor IPv6 = fe80::207:7:7:7
[Mote:1] {"node":"fd00::207:7:7:7", "cpu_energy_mj":18, "lpm_energy_mj":0, "radio_tx_energy_mj":0, "radio_rx_energy_mj":8, "total_energy_mj":26, "node_time":3341849, "total_sent":188, "total_received":314, "bytes_tx":60, "bytes_rx":12, "r2n_latency":274, "lqi":100, "rssi":-89, "server_sent":330, "server_received":380, "server_bytes_rx":60, "n2r_latency":21, "hops":0, "rtt_latency":872, "root_time_now":3341870}
[Mote:17] Not reachable yet
[Mote:8] Sensor IPv6 = fe80::208:8:8:8
[Mote:1] {"node":"fd00::208:8:8:8", "cpu_energy_mj":18, "lpm_energy_mj":0, "radio_tx_energy_mj":0, "radio_rx_energy_mj":8, "total_energy_mj":26, "node_time":3343753, "total_sent":193, "total_received":319, "bytes_tx":60, "bytes_rx":12, "r2n_latency":414, "lqi":100, "rssi":-90, "server_sent":331, "server_received":416, "server_bytes_rx":60, "n2r_latency":7, "hops":0, "rtt_latency":1607, "root_time_now":3343760}
[Mote:6] Not reachable yet
[Mote:18] Not reachable yet
[Mote:19] Not reachable yet
[Mote:5] Not reachable yet
[Mote:4] Not reachable yet
[Mote:3] Not reachable yet
[Mote:15] Not reachable yet
[Mote:14] Not reachable yet
[Mote:12] Sensor IPv6 = fe80::20c:c:c:c
[Mote:1] {"node":"fd00::20c:c:c:c", "cpu_energy_mj":19, "lpm_energy_mj":0, "radio_tx_energy_mj":0, "radio_rx_energy_mj":8, "total_energy_mj":27, "node_time":3347596, "total_sent":183, "total_received":309, "bytes_tx":60, "bytes_rx":12, "r2n_latency":64, "lqi":100, "rssi":-87, "server_sent":332, "server_received":362, "server_bytes_rx":60, "n2r_latency":14, "hops":0, "rtt_latency":802, "root_time_now":3347610}
[Mote:13] Not reachable yet
[Mote:2] Sensor IPv6 = fe80::202:2:2:2
[Mote:1] {"node":"fd00::202:2:2:2", "cpu_energy_mj":18, "lpm_energy_mj":0, "radio_tx_energy_mj":0, "radio_rx_energy_mj":8, "total_energy_mj":26, "node_time":3348699, "total_sent":146, "total_received":317, "bytes_tx":60, "bytes_rx":12, "r2n_latency":134, "lqi":100, "rssi":-83, "server_sent":332, "server_received":294, "server_bytes_rx":60, "n2r_latency":31, "hops":0, "rtt_latency":767, "root_time_now":3348730}
[Mote:11] Not reachable yet
[Mote:16] Not reachable yet
[Mote:9] Not reachable yet
[Mote:10] Not reachable yet
[Mote:7] Sensor IPv6 = fe80::207:7:7:7
[Mote:17] Not reachable yet
[Mote:1] {"node":"fd00::207:7:7:7", "cpu_energy_mj":18, "lpm_energy_mj":0, "radio_tx_energy_mj":0, "radio_rx_energy_mj":8, "total_energy_mj":26, "node_time":3352325, "total_sent":189, "total_received":315, "bytes_tx":60, "bytes_rx":12, "r2n_latency":704, "lqi":100, "rssi":-89, "server_sent":331, "server_received":382, "server_bytes_rx":60, "n2r_latency":325, "hops":0, "rtt_latency":947, "root_time_now":3352650}
[Mote:8] Sensor IPv6 = fe80::208:8:8:8
[Mote:1] {"node":"fd00::208:8:8:8", "cpu_energy_mj":18, "lpm_energy_mj":0, "radio_tx_energy_mj":0, "radio_rx_energy_mj":8, "total_energy_mj":26, "node_time":3354236, "total_sent":194, "total_received":320, "bytes_tx":60, "bytes_rx":12, "r2n_latency":284, "lqi":100, "rssi":-90, "server_sent":332, "server_received":418, "server_bytes_rx":60, "n2r_latency":24, "hops":0, "rtt_latency":1122, "root_time_now":3354260}
[Mote:18] Not reachable yet
[Mote:6] Not reachable yet
[Mote:19] Not reachable yet
[Mote:5] Not reachable yet
[Mote:4] Not reachable yet
[Mote:3] Not reachable yet
[Mote:15] Not reachable yet
[Mote:13] Not reachable yet
[Mote:14] Not reachable yet
[Mote:12] Sensor IPv6 = fe80::20c:c:c:c
[Mote:1] {"node":"fd00::20c:c:c:c", "cpu_energy_mj":19, "lpm_energy_mj":0, "radio_tx_energy_mj":0, "radio_rx_energy_mj":8, "total_energy_mj":27, "node_time":3358427, "total_sent":184, "total_received":310, "bytes_tx":60, "bytes_rx":12, "r2n_latency":214, "lqi":100, "rssi":-87, "server_sent":333, "server_received":364, "server_bytes_rx":60, "n2r_latency":33, "hops":0, "rtt_latency":457, "root_time_now":3358460}
[Mote:2] Sensor IPv6 = fe80::202:2:2:2
[Mote:1] {"node":"fd00::202:2:2:2", "cpu_energy_mj":18, "lpm_energy_mj":0, "radio_tx_energy_mj":0, "radio_rx_energy_mj":8, "total_energy_mj":26, "node_time":3359229, "total_sent":147, "total_received":318, "bytes_tx":60, "bytes_rx":12, "r2n_latency":144, "lqi":100, "rssi":-83, "server_sent":333, "server_received":296, "server_bytes_rx":60, "n2r_latency":71, "hops":0, "rtt_latency":1787, "root_time_now":3359300}
[Mote:11] Not reachable yet
[Mote:16] Not reachable yet
[Mote:10] Not reachable yet
[Mote:9] Not reachable yet
[Mote:17] Not reachable yet
[Mote:7] Sensor IPv6 = fe80::207:7:7:7
[Mote:1] {"node":"fd00::207:7:7:7", "cpu_energy_mj":18, "lpm_energy_mj":0, "radio_tx_energy_mj":0, "radio_rx_energy_mj":8, "total_energy_mj":26, "node_time":3362801, "total_sent":190, "total_received":316, "bytes_tx":60, "bytes_rx":12, "r2n_latency":434, "lqi":100, "rssi":-89, "server_sent":332, "server_received":384, "server_bytes_rx":60, "n2r_latency":69, "hops":0, "rtt_latency":637, "root_time_now":3362870}
[Mote:8] Sensor IPv6 = fe80::208:8:8:8
[Mote:1] {"node":"fd00::208:8:8:8", "cpu_energy_mj":18, "lpm_energy_mj":0, "radio_tx_energy_mj":0, "radio_rx_energy_mj":8, "total_energy_mj":26, "node_time":3364719, "total_sent":195, "total_received":321, "bytes_tx":60, "bytes_rx":12, "r2n_latency":224, "lqi":100, "rssi":-90, "server_sent":333, "server_received":420, "server_bytes_rx":60, "n2r_latency":41, "hops":0, "rtt_latency":1722, "root_time_now":3364760}
[Mote:18] Sensor IPv6 = fe80::212:12:12:12
[Mote:1] {"node":"fd00::212:12:12:12", "cpu_energy_mj":170, "lpm_energy_mj":0, "radio_tx_energy_mj":2, "radio_rx_energy_mj":77, "total_energy_mj":249, "node_time":3365379, "total_sent":17, "total_received":105, "bytes_tx":60, "bytes_rx":12, "r2n_latency":644, "lqi":100, "rssi":-46, "server_sent":315, "server_received":10, "server_bytes_rx":60, "n2r_latency":81, "hops":1, "rtt_latency":672, "root_time_now":3365460}
[Mote:6] Not reachable yet
[Mote:19] Not reachable yet
[Mote:3] Not reachable yet
[Mote:4] Not reachable yet
[Mote:5] Not reachable yet
[Mote:15] Not reachable yet
[Mote:13] Not reachable yet
[Mote:14] Not reachable yet
[Mote:12] Sensor IPv6 = fe80::20c:c:c:c
[Mote:1] {"node":"fd00::20c:c:c:c", "cpu_energy_mj":19, "lpm_energy_mj":0, "radio_tx_energy_mj":0, "radio_rx_energy_mj":8, "total_energy_mj":27, "node_time":3369262, "total_sent":185, "total_received":311, "bytes_tx":60, "bytes_rx":12, "r2n_latency":14, "lqi":100, "rssi":-87, "server_sent":334, "server_received":366, "server_bytes_rx":60, "n2r_latency":48, "hops":0, "rtt_latency":462, "root_time_now":3369310}
[Mote:2] Sensor IPv6 = fe80::202:2:2:2
[Mote:1] {"node":"fd00::202:2:2:2", "cpu_energy_mj":18, "lpm_energy_mj":0, "radio_tx_energy_mj":0, "radio_rx_energy_mj":8, "total_energy_mj":26, "node_time":3369759, "total_sent":148, "total_received":319, "bytes_tx":60, "bytes_rx":12, "r2n_latency":84, "lqi":100, "rssi":-83, "server_sent":334, "server_received":298, "server_bytes_rx":60, "n2r_latency":41, "hops":0, "rtt_latency":1337, "root_time_now":3369800}
[Mote:11] Not reachable yet
[Mote:16] Not reachable yet
[Mote:10] Not reachable yet
[Mote:9] Not reachable yet
[Mote:17] Not reachable yet
[Mote:7] Sensor IPv6 = fe80::207:7:7:7
[Mote:1] {"node":"fd00::207:7:7:7", "cpu_energy_mj":18, "lpm_energy_mj":0, "radio_tx_energy_mj":0, "radio_rx_energy_mj":8, "total_energy_mj":26, "node_time":3373277, "total_sent":191, "total_received":317, "bytes_tx":60, "bytes_rx":12, "r2n_latency":234, "lqi":100, "rssi":-89, "server_sent":333, "server_received":386, "server_bytes_rx":60, "n2r_latency":23, "hops":0, "rtt_latency":1377, "root_time_now":3373300}
[Mote:8] Sensor IPv6 = fe80::208:8:8:8
[Mote:1] {"node":"fd00::208:8:8:8", "cpu_energy_mj":18, "lpm_energy_mj":0, "radio_tx_energy_mj":0, "radio_rx_energy_mj":8, "total_energy_mj":26, "node_time":3375202, "total_sent":196, "total_received":322, "bytes_tx":60, "bytes_rx":12, "r2n_latency":304, "lqi":100, "rssi":-90, "server_sent":334, "server_received":422, "server_bytes_rx":60, "n2r_latency":58, "hops":0, "rtt_latency":257, "root_time_now":3375260}
[Mote:18] Sensor IPv6 = fe80::212:12:12:12
[Mote:6] Not reachable yet
[Mote:19] Not reachable yet
[Mote:3] Not reachable yet
[Mote:4] Not reachable yet
[Mote:5] Not reachable yet
[Mote:13] Not reachable yet
[Mote:15] Not reachable yet
[Mote:14] Not reachable yet
[Mote:12] Sensor IPv6 = fe80::20c:c:c:c
[Mote:2] Sensor IPv6 = fe80::202:2:2:2
[Mote:11] Not reachable yet
[Mote:16] Not reachable yet
[Mote:1] {"node":"fd00::20c:c:c:c", "cpu_energy_mj":19, "lpm_energy_mj":0, "radio_tx_energy_mj":0, "radio_rx_energy_mj":8, "total_energy_mj":27, "node_time":3380093, "total_sent":186, "total_received":313, "bytes_tx":60, "bytes_rx":12, "r2n_latency":34, "lqi":100, "rssi":-87, "server_sent":336, "server_received":369, "server_bytes_rx":60, "n2r_latency":1607, "hops":0, "rtt_latency":717, "root_time_now":3381700}
[Mote:1] {"node":"fd00::202:2:2:2", "cpu_energy_mj":18, "lpm_energy_mj":0, "radio_tx_energy_mj":0, "radio_rx_energy_mj":8, "total_energy_mj":26, "node_time":3380290, "total_sent":149, "total_received":321, "bytes_tx":60, "bytes_rx":12, "r2n_latency":104, "lqi":100, "rssi":-83, "server_sent":336, "server_received":301, "server_bytes_rx":60, "n2r_latency":1690, "hops":0, "rtt_latency":962, "root_time_now":3381980}
[Mote:10] Not reachable yet
[Mote:9] Not reachable yet
[Mote:17] Not reachable yet
[Mote:7] Sensor IPv6 = fe80::207:7:7:7
[Mote:1] {"node":"fd00::207:7:7:7", "cpu_energy_mj":18, "lpm_energy_mj":0, "radio_tx_energy_mj":0, "radio_rx_energy_mj":8, "total_energy_mj":26, "node_time":3383753, "total_sent":192, "total_received":318, "bytes_tx":60, "bytes_rx":12, "r2n_latency":314, "lqi":100, "rssi":-89, "server_sent":334, "server_received":388, "server_bytes_rx":60, "n2r_latency":47, "hops":0, "rtt_latency":1662, "root_time_now":3383800}
[Mote:8] Sensor IPv6 = fe80::208:8:8:8
[Mote:1] {"node":"fd00::208:8:8:8", "cpu_energy_mj":18, "lpm_energy_mj":0, "radio_tx_energy_mj":0, "radio_rx_energy_mj":8, "total_energy_mj":26, "node_time":3385685, "total_sent":197, "total_received":323, "bytes_tx":60, "bytes_rx":12, "r2n_latency":524, "lqi":100, "rssi":-90, "server_sent":335, "server_received":424, "server_bytes_rx":60, "n2r_latency":75, "hops":0, "rtt_latency":787, "root_time_now":3385760}
[Mote:18] Not reachable yet
[Mote:3] Not reachable yet
[Mote:6] Not reachable yet
[Mote:19] Not reachable yet
[Mote:13] Not reachable yet
[Mote:4] Not reachable yet
[Mote:5] Not reachable yet
[Mote:15] Not reachable yet
[Mote:14] Not reachable yet
[Mote:2] Sensor IPv6 = fe80::202:2:2:2
[Mote:12] Sensor IPv6 = fe80::20c:c:c:c
[Mote:11] Not reachable yet
[Mote:16] Not reachable yet
[Mote:1] {"node":"fd00::20c:c:c:c", "cpu_energy_mj":19, "lpm_energy_mj":0, "radio_tx_energy_mj":0, "radio_rx_energy_mj":8, "total_energy_mj":27, "node_time":3390926, "total_sent":187, "total_received":314, "bytes_tx":60, "bytes_rx":12, "r2n_latency":44, "lqi":100, "rssi":-87, "server_sent":337, "server_received":371, "server_bytes_rx":60, "n2r_latency":1414, "hops":0, "rtt_latency":757, "root_time_now":3392340}
[Mote:10] Not reachable yet
[Mote:17] Not reachable yet
[Mote:9] Not reachable yet
[Mote:7] Sensor IPv6 = fe80::207:7:7:7
[Mote:1] {"node":"fd00::207:7:7:7", "cpu_energy_mj":18, "lpm_energy_mj":0, "radio_tx_energy_mj":0, "radio_rx_energy_mj":7, "total_energy_mj":25, "node_time":3394231, "total_sent":193, "total_received":319, "bytes_tx":60, "bytes_rx":12, "r2n_latency":464, "lqi":100, "rssi":-89, "server_sent":335, "server_received":390, "server_bytes_rx":60, "n2r_latency":349, "hops":0, "rtt_latency":1597, "root_time_now":3394580}
[Mote:1] {"node":"fd00::202:2:2:2", "cpu_energy_mj":18, "lpm_energy_mj":0, "radio_tx_energy_mj":0, "radio_rx_energy_mj":8, "total_energy_mj":26, "node_time":3390821, "total_sent":150, "total_received":322, "bytes_tx":60, "bytes_rx":12, "r2n_latency":114, "lqi":100, "rssi":-83, "server_sent":337, "server_received":303, "server_bytes_rx":60, "n2r_latency":3899, "hops":0, "rtt_latency":2192, "root_time_now":3394720}
[Mote:8] Sensor IPv6 = fe80::208:8:8:8
[Mote:1] {"node":"fd00::208:8:8:8", "cpu_energy_mj":18, "lpm_energy_mj":0, "radio_tx_energy_mj":0, "radio_rx_energy_mj":8, "total_energy_mj":26, "node_time":3396168, "total_sent":198, "total_received":324, "bytes_tx":60, "bytes_rx":12, "r2n_latency":324, "lqi":100, "rssi":-90, "server_sent":336, "server_received":426, "server_bytes_rx":60, "n2r_latency":162, "hops":0, "rtt_latency":1317, "root_time_now":3396330}
[Mote:18] Not reachable yet
[Mote:3] Not reachable yet
[Mote:13] Not reachable yet
[Mote:6] Not reachable yet
[Mote:19] Not reachable yet
[Mote:4] Not reachable yet
[Mote:15] Not reachable yet
[Mote:5] Not reachable yet
[Mote:11] Not reachable yet
[Mote:14] Not reachable yet
[Mote:16] Not reachable yet
[Mote:2] Sensor IPv6 = fe80::202:2:2:2
[Mote:12] Sensor IPv6 = fe80::20c:c:c:c
[Mote:10] Not reachable yet
[Mote:1] {"node":"fd00::20c:c:c:c", "cpu_energy_mj":19, "lpm_energy_mj":0, "radio_tx_energy_mj":0, "radio_rx_energy_mj":8, "total_energy_mj":27, "node_time":3401759, "total_sent":188, "total_received":315, "bytes_tx":60, "bytes_rx":12, "r2n_latency":54, "lqi":100, "rssi":-87, "server_sent":338, "server_received":373, "server_bytes_rx":60, "n2r_latency":1711, "hops":0, "rtt_latency":1672, "root_time_now":3403470}
[Mote:17] Not reachable yet
[Mote:1] {"node":"fd00::202:2:2:2", "cpu_energy_mj":18, "lpm_energy_mj":0, "radio_tx_energy_mj":0, "radio_rx_energy_mj":8, "total_energy_mj":26, "node_time":3401352, "total_sent":151, "total_received":323, "bytes_tx":60, "bytes_rx":12, "r2n_latency":124, "lqi":100, "rssi":-83, "server_sent":338, "server_received":305, "server_bytes_rx":60, "n2r_latency":2538, "hops":0, "rtt_latency":1847, "root_time_now":3403890}
[Mote:9] Not reachable yet
[Mote:7] Sensor IPv6 = fe80::207:7:7:7
[Mote:1] {"node":"fd00::207:7:7:7", "cpu_energy_mj":18, "lpm_energy_mj":0, "radio_tx_energy_mj":0, "radio_rx_energy_mj":8, "total_energy_mj":26, "node_time":3404705, "total_sent":194, "total_received":320, "bytes_tx":60, "bytes_rx":12, "r2n_latency":684, "lqi":100, "rssi":-89, "server_sent":336, "server_received":392, "server_bytes_rx":60, "n2r_latency":25, "hops":0, "rtt_latency":412, "root_time_now":3404730}
[Mote:8] Sensor IPv6 = fe80::208:8:8:8
[Mote:1] {"node":"fd00::208:8:8:8", "cpu_energy_mj":18, "lpm_energy_mj":0, "radio_tx_energy_mj":0, "radio_rx_energy_mj":8, "total_energy_mj":26, "node_time":3406651, "total_sent":199, "total_received":325, "bytes_tx":60, "bytes_rx":12, "r2n_latency":544, "lqi":100, "rssi":-90, "server_sent":337, "server_received":428, "server_bytes_rx":60, "n2r_latency":39, "hops":0, "rtt_latency":2442, "root_time_now":3406690}
[Mote:18] Not reachable yet
[Mote:3] Not reachable yet
[Mote:13] Not reachable yet
[Mote:4] Not reachable yet
[Mote:6] Not reachable yet
[Mote:19] Not reachable yet
[Mote:15] Not reachable yet
[Mote:5] Not reachable yet
[Mote:11] Not reachable yet
[Mote:16] Not reachable yet
[Mote:2] Sensor IPv6 = fe80::202:2:2:2
[Mote:14] Not reachable yet
[Mote:12] Sensor IPv6 = fe80::20c:c:c:c
[Mote:1] {"node":"fd00::20c:c:c:c", "cpu_energy_mj":19, "lpm_energy_mj":0, "radio_tx_energy_mj":0, "radio_rx_energy_mj":8, "total_energy_mj":27, "node_time":3412592, "total_sent":189, "total_received":316, "bytes_tx":60, "bytes_rx":12, "r2n_latency":64, "lqi":100, "rssi":-87, "server_sent":339, "server_received":375, "server_bytes_rx":60, "n2r_latency":48, "hops":0, "rtt_latency":802, "root_time_now":3412640}
[Mote:10] Not reachable yet
[Mote:1] {"node":"fd00::202:2:2:2", "cpu_energy_mj":18, "lpm_energy_mj":0, "radio_tx_energy_mj":0, "radio_rx_energy_mj":8, "total_energy_mj":26, "node_time":3411883, "total_sent":152, "total_received":324, "bytes_tx":60, "bytes_rx":12, "r2n_latency":134, "lqi":100, "rssi":-83, "server_sent":339, "server_received":307, "server_bytes_rx":60, "n2r_latency":1037, "hops":0, "rtt_latency":1432, "root_time_now":3412920}
[Mote:17] Not reachable yet
[Mote:9] Not reachable yet
[Mote:7] Sensor IPv6 = fe80::207:7:7:7
[Mote:1] {"node":"fd00::207:7:7:7", "cpu_energy_mj":18, "lpm_energy_mj":0, "radio_tx_energy_mj":0, "radio_rx_energy_mj":8, "total_energy_mj":26, "node_time":3415181, "total_sent":195, "total_received":321, "bytes_tx":60, "bytes_rx":12, "r2n_latency":274, "lqi":100, "rssi":-89, "server_sent":337, "server_received":394, "server_bytes_rx":60, "n2r_latency":49, "hops":0, "rtt_latency":557, "root_time_now":3415230}
[Mote:8] Sensor IPv6 = fe80::208:8:8:8
[Mote:1] {"node":"fd00::208:8:8:8", "cpu_energy_mj":18, "lpm_energy_mj":0, "radio_tx_energy_mj":0, "radio_rx_energy_mj":8, "total_energy_mj":26, "node_time":3417134, "total_sent":200, "total_received":326, "bytes_tx":60, "bytes_rx":12, "r2n_latency":414, "lqi":100, "rssi":-90, "server_sent":338, "server_received":430, "server_bytes_rx":60, "n2r_latency":56, "hops":0, "rtt_latency":1117, "root_time_now":3417190}
[Mote:18] Not reachable yet
[Mote:3] Not reachable yet
[Mote:13] Not reachable yet
[Mote:4] Not reachable yet
[Mote:6] Not reachable yet
[Mote:15] Not reachable yet
[Mote:19] Not reachable yet
[Mote:16] Not reachable yet
[Mote:11] Not reachable yet
[Mote:5] Not reachable yet
[Mote:2] Sensor IPv6 = fe80::202:2:2:2
[Mote:14] Not reachable yet
[Mote:1] {"node":"fd00::202:2:2:2", "cpu_energy_mj":18, "lpm_energy_mj":0, "radio_tx_energy_mj":0, "radio_rx_energy_mj":8, "total_energy_mj":26, "node_time":3422414, "total_sent":153, "total_received":325, "bytes_tx":60, "bytes_rx":12, "r2n_latency":144, "lqi":100, "rssi":-83, "server_sent":340, "server_received":309, "server_bytes_rx":60, "n2r_latency":376, "hops":0, "rtt_latency":1367, "root_time_now":3422790}
[Mote:10] Not reachable yet
[Mote:12] Sensor IPv6 = fe80::20c:c:c:c
[Mote:1] {"node":"fd00::20c:c:c:c", "cpu_energy_mj":19, "lpm_energy_mj":0, "radio_tx_energy_mj":0, "radio_rx_energy_mj":8, "total_energy_mj":27, "node_time":3423427, "total_sent":190, "total_received":317, "bytes_tx":60, "bytes_rx":12, "r2n_latency":74, "lqi":100, "rssi":-87, "server_sent":340, "server_received":377, "server_bytes_rx":60, "n2r_latency":203, "hops":0, "rtt_latency":492, "root_time_now":3423630}
[Mote:17] Not reachable yet
[Mote:9] Not reachable yet
[Mote:7] Sensor IPv6 = fe80::207:7:7:7
[Mote:1] {"node":"fd00::207:7:7:7", "cpu_energy_mj":18, "lpm_energy_mj":0, "radio_tx_energy_mj":0, "radio_rx_energy_mj":8, "total_energy_mj":26, "node_time":3425661, "total_sent":196, "total_received":322, "bytes_tx":60, "bytes_rx":12, "r2n_latency":284, "lqi":100, "rssi":-89, "server_sent":338, "server_received":396, "server_bytes_rx":60, "n2r_latency":69, "hops":0, "rtt_latency":562, "root_time_now":3425730}
[Mote:8] Sensor IPv6 = fe80::208:8:8:8
[Mote:1] {"node":"fd00::208:8:8:8", "cpu_energy_mj":18, "lpm_energy_mj":0, "radio_tx_energy_mj":0, "radio_rx_energy_mj":8, "total_energy_mj":26, "node_time":3427619, "total_sent":201, "total_received":327, "bytes_tx":60, "bytes_rx":12, "r2n_latency":354, "lqi":100, "rssi":-90, "server_sent":339, "server_received":432, "server_bytes_rx":60, "n2r_latency":71, "hops":0, "rtt_latency":667, "root_time_now":3427690}
[Mote:3] Not reachable yet
[Mote:18] Not reachable yet
[Mote:13] Not reachable yet
[Mote:4] Not reachable yet
[Mote:15] Not reachable yet
[Mote:16] Not reachable yet
[Mote:11] Not reachable yet
[Mote:6] Not reachable yet
[Mote:19] Not reachable yet
[Mote:5] Not reachable yet
[Mote:2] Sensor IPv6 = fe80::202:2:2:2
[Mote:1] {"node":"fd00::202:2:2:2", "cpu_energy_mj":18, "lpm_energy_mj":0, "radio_tx_energy_mj":0, "radio_rx_energy_mj":8, "total_energy_mj":26, "node_time":3432945, "total_sent":154, "total_received":326, "bytes_tx":60, "bytes_rx":12, "r2n_latency":84, "lqi":100, "rssi":-83, "server_sent":341, "server_received":311, "server_bytes_rx":60, "n2r_latency":65, "hops":0, "rtt_latency":1232, "root_time_now":3433010}
[Mote:10] Not reachable yet
[Mote:14] Not reachable yet
[Mote:12] Sensor IPv6 = fe80::20c:c:c:c
[Mote:1] {"node":"fd00::20c:c:c:c", "cpu_energy_mj":19, "lpm_energy_mj":0, "radio_tx_energy_mj":0, "radio_rx_energy_mj":8, "total_energy_mj":27, "node_time":3434258, "total_sent":191, "total_received":318, "bytes_tx":60, "bytes_rx":12, "r2n_latency":14, "lqi":100, "rssi":-87, "server_sent":341, "server_received":379, "server_bytes_rx":60, "n2r_latency":12, "hops":0, "rtt_latency":987, "root_time_now":3434270}
[Mote:17] Not reachable yet
[Mote:9] Not reachable yet
[Mote:7] Sensor IPv6 = fe80::207:7:7:7
[Mote:1] {"node":"fd00::207:7:7:7", "cpu_energy_mj":18, "lpm_energy_mj":0, "radio_tx_energy_mj":0, "radio_rx_energy_mj":8, "total_energy_mj":26, "node_time":3436133, "total_sent":197, "total_received":323, "bytes_tx":60, "bytes_rx":12, "r2n_latency":294, "lqi":100, "rssi":-89, "server_sent":339, "server_received":398, "server_bytes_rx":60, "n2r_latency":27, "hops":0, "rtt_latency":707, "root_time_now":3436160}
[Mote:8] Sensor IPv6 = fe80::208:8:8:8
[Mote:1] {"node":"fd00::208:8:8:8", "cpu_energy_mj":18, "lpm_energy_mj":0, "radio_tx_energy_mj":0, "radio_rx_energy_mj":8, "total_energy_mj":26, "node_time":3438102, "total_sent":202, "total_received":328, "bytes_tx":60, "bytes_rx":12, "r2n_latency":784, "lqi":100, "rssi":-90, "server_sent":340, "server_received":434, "server_bytes_rx":60, "n2r_latency":18, "hops":0, "rtt_latency":777, "root_time_now":3438120}
[Mote:13] Not reachable yet
[Mote:3] Not reachable yet
[Mote:18] Not reachable yet
[Mote:4] Not reachable yet
[Mote:16] Not reachable yet
[Mote:11] Not reachable yet
[Mote:15] Not reachable yet
[Mote:6] Not reachable yet
[Mote:19] Not reachable yet
[Mote:5] Not reachable yet
[Mote:10] Not reachable yet
[Mote:2] Sensor IPv6 = fe80::202:2:2:2
[Mote:1] {"node":"fd00::202:2:2:2", "cpu_energy_mj":18, "lpm_energy_mj":0, "radio_tx_energy_mj":0, "radio_rx_energy_mj":8, "total_energy_mj":26, "node_time":3443476, "total_sent":155, "total_received":327, "bytes_tx":60, "bytes_rx":12, "r2n_latency":94, "lqi":100, "rssi":-83, "server_sent":342, "server_received":313, "server_bytes_rx":60, "n2r_latency":34, "hops":0, "rtt_latency":1447, "root_time_now":3443510}
[Mote:14] Not reachable yet
[Mote:17] Not reachable yet
[Mote:12] Sensor IPv6 = fe80::20c:c:c:c
[Mote:1] {"node":"fd00::20c:c:c:c", "cpu_energy_mj":19, "lpm_energy_mj":0, "radio_tx_energy_mj":0, "radio_rx_energy_mj":8, "total_energy_mj":27, "node_time":3445091, "total_sent":192, "total_received":319, "bytes_tx":60, "bytes_rx":12, "r2n_latency":24, "lqi":100, "rssi":-87, "server_sent":342, "server_received":381, "server_bytes_rx":60, "n2r_latency":29, "hops":0, "rtt_latency":607, "root_time_now":3445120}
[Mote:9] Not reachable yet
[Mote:7] Sensor IPv6 = fe80::207:7:7:7
[Mote:1] {"node":"fd00::207:7:7:7", "cpu_energy_mj":18, "lpm_energy_mj":0, "radio_tx_energy_mj":0, "radio_rx_energy_mj":8, "total_energy_mj":26, "node_time":3446609, "total_sent":198, "total_received":324, "bytes_tx":60, "bytes_rx":12, "r2n_latency":444, "lqi":100, "rssi":-89, "server_sent":340, "server_received":400, "server_bytes_rx":60, "n2r_latency":51, "hops":0, "rtt_latency":397, "root_time_now":3446660}
[Mote:8] Sensor IPv6 = fe80::208:8:8:8
[Mote:1] {"node":"fd00::208:8:8:8", "cpu_energy_mj":18, "lpm_energy_mj":0, "radio_tx_energy_mj":0, "radio_rx_energy_mj":8, "total_energy_mj":26, "node_time":3448583, "total_sent":203, "total_received":329, "bytes_tx":60, "bytes_rx":12, "r2n_latency":234, "lqi":100, "rssi":-90, "server_sent":341, "server_received":436, "server_bytes_rx":60, "n2r_latency":37, "hops":0, "rtt_latency":537, "root_time_now":3448620}
[Mote:13] Not reachable yet
[Mote:3] Not reachable yet
[Mote:18] Not reachable yet
[Mote:16] Not reachable yet
[Mote:11] Not reachable yet
[Mote:4] Not reachable yet
[Mote:15] Not reachable yet
[Mote:6] Not reachable yet
[Mote:10] Not reachable yet
[Mote:19] Not reachable yet
[Mote:5] Not reachable yet
[Mote:2] Sensor IPv6 = fe80::202:2:2:2
[Mote:1] {"node":"fd00::202:2:2:2", "cpu_energy_mj":18, "lpm_energy_mj":0, "radio_tx_energy_mj":0, "radio_rx_energy_mj":8, "total_energy_mj":26, "node_time":3454011, "total_sent":156, "total_received":328, "bytes_tx":60, "bytes_rx":12, "r2n_latency":104, "lqi":100, "rssi":-83, "server_sent":343, "server_received":315, "server_bytes_rx":60, "n2r_latency":209, "hops":0, "rtt_latency":1172, "root_time_now":3454220}
[Mote:17] Not reachable yet
[Mote:14] Not reachable yet
[Mote:12] Sensor IPv6 = fe80::20c:c:c:c
[Mote:1] {"node":"fd00::20c:c:c:c", "cpu_energy_mj":19, "lpm_energy_mj":0, "radio_tx_energy_mj":0, "radio_rx_energy_mj":8, "total_energy_mj":27, "node_time":3455926, "total_sent":193, "total_received":320, "bytes_tx":60, "bytes_rx":12, "r2n_latency":34, "lqi":100, "rssi":-87, "server_sent":343, "server_received":383, "server_bytes_rx":60, "n2r_latency":114, "hops":0, "rtt_latency":752, "root_time_now":3456040}
[Mote:9] Not reachable yet
[Mote:7] Sensor IPv6 = fe80::207:7:7:7
[Mote:1] {"node":"fd00::207:7:7:7", "cpu_energy_mj":18, "lpm_energy_mj":0, "radio_tx_energy_mj":0, "radio_rx_energy_mj":8, "total_energy_mj":26, "node_time":3457085, "total_sent":199, "total_received":325, "bytes_tx":60, "bytes_rx":12, "r2n_latency":244, "lqi":100, "rssi":-89, "server_sent":341, "server_received":402, "server_bytes_rx":60, "n2r_latency":75, "hops":0, "rtt_latency":192, "root_time_now":3457160}
[Mote:8] Sensor IPv6 = fe80::208:8:8:8
[Mote:1] {"node":"fd00::208:8:8:8", "cpu_energy_mj":18, "lpm_energy_mj":0, "radio_tx_energy_mj":0, "radio_rx_energy_mj":8, "total_energy_mj":26, "node_time":3459068, "total_sent":204, "total_received":330, "bytes_tx":60, "bytes_rx":12, "r2n_latency":734, "lqi":100, "rssi":-90, "server_sent":342, "server_received":438, "server_bytes_rx":60, "n2r_latency":52, "hops":0, "rtt_latency":437, "root_time_now":3459120}
[Mote:13] Not reachable yet
[Mote:3] Not reachable yet
[Mote:18] Not reachable yet
[Mote:16] Not reachable yet
[Mote:11] Not reachable yet
[Mote:4] Not reachable yet
[Mote:15] Not reachable yet
[Mote:10] Not reachable yet
[Mote:6] Not reachable yet
[Mote:19] Not reachable yet
[Mote:2] Sensor IPv6 = fe80::202:2:2:2
[Mote:5] Not reachable yet
[Mote:1] {"node":"fd00::202:2:2:2", "cpu_energy_mj":18, "lpm_energy_mj":0, "radio_tx_energy_mj":0, "radio_rx_energy_mj":8, "total_energy_mj":26, "node_time":3464538, "total_sent":157, "total_received":329, "bytes_tx":60, "bytes_rx":12, "r2n_latency":114, "lqi":100, "rssi":-83, "server_sent":344, "server_received":317, "server_bytes_rx":60, "n2r_latency":42, "hops":0, "rtt_latency":757, "root_time_now":3464580}
[Mote:17] Not reachable yet
[Mote:14] Not reachable yet
[Mote:12] Sensor IPv6 = fe80::20c:c:c:c
[Mote:1] {"node":"fd00::20c:c:c:c", "cpu_energy_mj":19, "lpm_energy_mj":0, "radio_tx_energy_mj":0, "radio_rx_energy_mj":8, "total_energy_mj":27, "node_time":3466757, "total_sent":194, "total_received":321, "bytes_tx":60, "bytes_rx":12, "r2n_latency":44, "lqi":100, "rssi":-87, "server_sent":344, "server_received":385, "server_bytes_rx":60, "n2r_latency":63, "hops":0, "rtt_latency":1072, "root_time_now":3466820}
[Mote:7] Sensor IPv6 = fe80::207:7:7:7
[Mote:1] {"node":"fd00::207:7:7:7", "cpu_energy_mj":18, "lpm_energy_mj":0, "radio_tx_energy_mj":0, "radio_rx_energy_mj":8, "total_energy_mj":26, "node_time":3467561, "total_sent":200, "total_received":326, "bytes_tx":60, "bytes_rx":12, "r2n_latency":464, "lqi":100, "rssi":-89, "server_sent":342, "server_received":404, "server_bytes_rx":60, "n2r_latency":29, "hops":0, "rtt_latency":582, "root_time_now":3467590}
[Mote:9] Not reachable yet
[Mote:13] Not reachable yet
[Mote:8] Sensor IPv6 = fe80::208:8:8:8
[Mote:1] {"node":"fd00::208:8:8:8", "cpu_energy_mj":18, "lpm_energy_mj":0, "radio_tx_energy_mj":0, "radio_rx_energy_mj":8, "total_energy_mj":26, "node_time":3469549, "total_sent":205, "total_received":331, "bytes_tx":60, "bytes_rx":12, "r2n_latency":814, "lqi":100, "rssi":-90, "server_sent":343, "server_received":440, "server_bytes_rx":60, "n2r_latency":71, "hops":0, "rtt_latency":687, "root_time_now":3469620}
[Mote:3] Not reachable yet
[Mote:18] Not reachable yet
[Mote:16] Not reachable yet
[Mote:11] Not reachable yet
[Mote:4] Not reachable yet
[Mote:15] Not reachable yet
[Mote:10] Not reachable yet
[Mote:2] Sensor IPv6 = fe80::202:2:2:2
[Mote:1] {"node":"fd00::202:2:2:2", "cpu_energy_mj":18, "lpm_energy_mj":0, "radio_tx_energy_mj":0, "radio_rx_energy_mj":8, "total_energy_mj":26, "node_time":3475069, "total_sent":158, "total_received":330, "bytes_tx":60, "bytes_rx":12, "r2n_latency":124, "lqi":100, "rssi":-83, "server_sent":345, "server_received":319, "server_bytes_rx":60, "n2r_latency":11, "hops":0, "rtt_latency":1567, "root_time_now":3475080}
[Mote:17] Not reachable yet
[Mote:6] Not reachable yet
[Mote:5] Not reachable yet
[Mote:19] Not reachable yet
[Mote:14] Not reachable yet
[Mote:12] Sensor IPv6 = fe80::20c:c:c:c
[Mote:1] {"node":"fd00::20c:c:c:c", "cpu_energy_mj":19, "lpm_energy_mj":0, "radio_tx_energy_mj":0, "radio_rx_energy_mj":8, "total_energy_mj":27, "node_time":3477590, "total_sent":195, "total_received":322, "bytes_tx":60, "bytes_rx":12, "r2n_latency":54, "lqi":100, "rssi":-87, "server_sent":345, "server_received":387, "server_bytes_rx":60, "n2r_latency":10, "hops":0, "rtt_latency":552, "root_time_now":3477600}
[Mote:7] Sensor IPv6 = fe80::207:7:7:7
[Mote:1] {"node":"fd00::207:7:7:7", "cpu_energy_mj":18, "lpm_energy_mj":0, "radio_tx_energy_mj":0, "radio_rx_energy_mj":8, "total_energy_mj":26, "node_time":3478037, "total_sent":201, "total_received":327, "bytes_tx":60, "bytes_rx":12, "r2n_latency":264, "lqi":100, "rssi":-89, "server_sent":343, "server_received":406, "server_bytes_rx":60, "n2r_latency":53, "hops":0, "rtt_latency":1742, "root_time_now":3478090}
[Mote:9] Not reachable yet
[Mote:13] Not reachable yet
[Mote:3] Not reachable yet
[Mote:8] Sensor IPv6 = fe80::208:8:8:8
[Mote:18] Not reachable yet
[Mote:16] Not reachable yet
[Mote:11] Not reachable yet
[Mote:1] {"node":"fd00::208:8:8:8", "cpu_energy_mj":18, "lpm_energy_mj":0, "radio_tx_energy_mj":0, "radio_rx_energy_mj":8, "total_energy_mj":26, "node_time":3480032, "total_sent":206, "total_received":332, "bytes_tx":60, "bytes_rx":12, "r2n_latency":404, "lqi":100, "rssi":-90, "server_sent":345, "server_received":442, "server_bytes_rx":60, "n2r_latency":2398, "hops":0, "rtt_latency":1042, "root_time_now":3482430}
[Mote:4] Not reachable yet
[Mote:15] Not reachable yet
[Mote:10] Not reachable yet
[Mote:17] Not reachable yet
[Mote:2] Sensor IPv6 = fe80::202:2:2:2
[Mote:1] {"node":"fd00::202:2:2:2", "cpu_energy_mj":18, "lpm_energy_mj":0, "radio_tx_energy_mj":0, "radio_rx_energy_mj":8, "total_energy_mj":26, "node_time":3485600, "total_sent":159, "total_received":331, "bytes_tx":60, "bytes_rx":12, "r2n_latency":134, "lqi":100, "rssi":-83, "server_sent":346, "server_received":321, "server_bytes_rx":60, "n2r_latency":50, "hops":0, "rtt_latency":1817, "root_time_now":3485650}
[Mote:5] Not reachable yet
[Mote:6] Not reachable yet
[Mote:19] Not reachable yet
[Mote:14] Not reachable yet
[Mote:12] Sensor IPv6 = fe80::20c:c:c:c
[Mote:1] {"node":"fd00::20c:c:c:c", "cpu_energy_mj":19, "lpm_energy_mj":0, "radio_tx_energy_mj":0, "radio_rx_energy_mj":8, "total_energy_mj":27, "node_time":3488423, "total_sent":196, "total_received":323, "bytes_tx":60, "bytes_rx":12, "r2n_latency":64, "lqi":100, "rssi":-87, "server_sent":346, "server_received":389, "server_bytes_rx":60, "n2r_latency":27, "hops":0, "rtt_latency":1327, "root_time_now":3488450}
[Mote:7] Sensor IPv6 = fe80::207:7:7:7
[Mote:1] {"node":"fd00::207:7:7:7", "cpu_energy_mj":18, "lpm_energy_mj":0, "radio_tx_energy_mj":0, "radio_rx_energy_mj":8, "total_energy_mj":26, "node_time":3488513, "total_sent":202, "total_received":328, "bytes_tx":60, "bytes_rx":12, "r2n_latency":764, "lqi":100, "rssi":-89, "server_sent":344, "server_received":408, "server_bytes_rx":60, "n2r_latency":7, "hops":0, "rtt_latency":732, "root_time_now":3488520}
[Mote:9] Not reachable yet
[Mote:13] Not reachable yet
[Mote:3] Not reachable yet
[Mote:8] Sensor IPv6 = fe80::208:8:8:8
[Mote:16] Not reachable yet
[Mote:18] Not reachable yet
[Mote:11] Not reachable yet
[Mote:1] {"node":"fd00::208:8:8:8", "cpu_energy_mj":18, "lpm_energy_mj":0, "radio_tx_energy_mj":0, "radio_rx_energy_mj":8, "total_energy_mj":26, "node_time":3490515, "total_sent":207, "total_received":334, "bytes_tx":60, "bytes_rx":12, "r2n_latency":424, "lqi":100, "rssi":-90, "server_sent":346, "server_received":445, "server_bytes_rx":60, "n2r_latency":1785, "hops":0, "rtt_latency":1052, "root_time_now":3492300}
[Mote:4] Not reachable yet
[Mote:10] Not reachable yet
[Mote:15] Not reachable yet
[Mote:17] Not reachable yet
[Mote:2] Sensor IPv6 = fe80::202:2:2:2
[Mote:1] {"node":"fd00::202:2:2:2", "cpu_energy_mj":18, "lpm_energy_mj":0, "radio_tx_energy_mj":0, "radio_rx_energy_mj":8, "total_energy_mj":26, "node_time":3496133, "total_sent":160, "total_received":332, "bytes_tx":60, "bytes_rx":12, "r2n_latency":144, "lqi":100, "rssi":-83, "server_sent":347, "server_received":323, "server_bytes_rx":60, "n2r_latency":17, "hops":0, "rtt_latency":177, "root_time_now":3496150}
[Mote:5] Not reachable yet
[Mote:6] Not reachable yet
[Mote:19] Not reachable yet
[Mote:14] Not reachable yet
[Mote:7] Sensor IPv6 = fe80::207:7:7:7
[Mote:1] {"node":"fd00::207:7:7:7", "cpu_energy_mj":18, "lpm_energy_mj":0, "radio_tx_energy_mj":0, "radio_rx_energy_mj":8, "total_energy_mj":26, "node_time":3498989, "total_sent":203, "total_received":329, "bytes_tx":60, "bytes_rx":12, "r2n_latency":564, "lqi":100, "rssi":-89, "server_sent":345, "server_received":410, "server_bytes_rx":60, "n2r_latency":31, "hops":0, "rtt_latency":2102, "root_time_now":3499020}
[Mote:12] Sensor IPv6 = fe80::20c:c:c:c
[Mote:1] {"node":"fd00::20c:c:c:c", "cpu_energy_mj":19, "lpm_energy_mj":0, "radio_tx_energy_mj":0, "radio_rx_energy_mj":8, "total_energy_mj":27, "node_time":3499258, "total_sent":197, "total_received":324, "bytes_tx":60, "bytes_rx":12, "r2n_latency":74, "lqi":100, "rssi":-87, "server_sent":347, "server_received":391, "server_bytes_rx":60, "n2r_latency":42, "hops":0, "rtt_latency":1402, "root_time_now":3499300}
[Mote:9] Not reachable yet
[Mote:13] Not reachable yet
[Mote:3] Not reachable yet
[Mote:8] Sensor IPv6 = fe80::208:8:8:8
[Mote:16] Not reachable yet
[Mote:11] Not reachable yet
[Mote:18] Not reachable yet
[Mote:1] {"node":"fd00::208:8:8:8", "cpu_energy_mj":18, "lpm_energy_mj":0, "radio_tx_energy_mj":0, "radio_rx_energy_mj":8, "total_energy_mj":26, "node_time":3500998, "total_sent":208, "total_received":335, "bytes_tx":60, "bytes_rx":12, "r2n_latency":294, "lqi":100, "rssi":-90, "server_sent":347, "server_received":447, "server_bytes_rx":60, "n2r_latency":1802, "hops":0, "rtt_latency":1372, "root_time_now":3502800}
[Mote:10] Not reachable yet
[Mote:4] Not reachable yet
[Mote:15] Not reachable yet
[Mote:17] Not reachable yet
[Mote:2] Sensor IPv6 = fe80::202:2:2:2
[Mote:1] {"node":"fd00::202:2:2:2", "cpu_energy_mj":18, "lpm_energy_mj":0, "radio_tx_energy_mj":0, "radio_rx_energy_mj":8, "total_energy_mj":26, "node_time":3506662, "total_sent":161, "total_received":333, "bytes_tx":60, "bytes_rx":12, "r2n_latency":84, "lqi":100, "rssi":-83, "server_sent":348, "server_received":325, "server_bytes_rx":60, "n2r_latency":58, "hops":0, "rtt_latency":707, "root_time_now":3506720}
[Mote:5] Not reachable yet
[Mote:6] Not reachable yet
[Mote:19] Not reachable yet
[Mote:14] Not reachable yet
[Mote:7] Sensor IPv6 = fe80::207:7:7:7
[Mote:1] {"node":"fd00::207:7:7:7", "cpu_energy_mj":18, "lpm_energy_mj":0, "radio_tx_energy_mj":0, "radio_rx_energy_mj":8, "total_energy_mj":26, "node_time":3509467, "total_sent":204, "total_received":330, "bytes_tx":60, "bytes_rx":12, "r2n_latency":224, "lqi":100, "rssi":-89, "server_sent":346, "server_received":412, "server_bytes_rx":60, "n2r_latency":123, "hops":0, "rtt_latency":847, "root_time_now":3509590}
[Mote:13] Not reachable yet
[Mote:9] Not reachable yet
[Mote:12] Sensor IPv6 = fe80::20c:c:c:c
[Mote:3] Not reachable yet
[Mote:1] {"node":"fd00::20c:c:c:c", "cpu_energy_mj":19, "lpm_energy_mj":0, "radio_tx_energy_mj":0, "radio_rx_energy_mj":8, "total_energy_mj":27, "node_time":3510089, "total_sent":198, "total_received":326, "bytes_tx":60, "bytes_rx":12, "r2n_latency":24, "lqi":100, "rssi":-87, "server_sent":349, "server_received":394, "server_bytes_rx":60, "n2r_latency":761, "hops":0, "rtt_latency":327, "root_time_now":3510850}
[Mote:8] Sensor IPv6 = fe80::208:8:8:8
[Mote:16] Not reachable yet
[Mote:1] {"node":"fd00::208:8:8:8", "cpu_energy_mj":18, "lpm_energy_mj":0, "radio_tx_energy_mj":0, "radio_rx_energy_mj":8, "total_energy_mj":26, "node_time":3511481, "total_sent":209, "total_received":336, "bytes_tx":60, "bytes_rx":12, "r2n_latency":934, "lqi":100, "rssi":-90, "server_sent":348, "server_received":449, "server_bytes_rx":60, "n2r_latency":629, "hops":0, "rtt_latency":1027, "root_time_now":3512110}
[Mote:11] Not reachable yet
[Mote:18] Not reachable yet
[Mote:10] Not reachable yet
[Mote:4] Not reachable yet
[Mote:15] Not reachable yet
[Mote:17] Not reachable yet
[Mote:2] Sensor IPv6 = fe80::202:2:2:2
[Mote:1] {"node":"fd00::202:2:2:2", "cpu_energy_mj":18, "lpm_energy_mj":0, "radio_tx_energy_mj":0, "radio_rx_energy_mj":8, "total_energy_mj":26, "node_time":3517193, "total_sent":162, "total_received":334, "bytes_tx":60, "bytes_rx":12, "r2n_latency":94, "lqi":100, "rssi":-83, "server_sent":349, "server_received":327, "server_bytes_rx":60, "n2r_latency":27, "hops":0, "rtt_latency":572, "root_time_now":3517220}
[Mote:5] Not reachable yet
[Mote:6] Not reachable yet
[Mote:19] Not reachable yet
[Mote:14] Not reachable yet
[Mote:13] Not reachable yet
[Mote:7] Sensor IPv6 = fe80::207:7:7:7
[Mote:1] {"node":"fd00::207:7:7:7", "cpu_energy_mj":18, "lpm_energy_mj":0, "radio_tx_energy_mj":0, "radio_rx_energy_mj":8, "total_energy_mj":26, "node_time":3519941, "total_sent":205, "total_received":331, "bytes_tx":60, "bytes_rx":12, "r2n_latency":234, "lqi":100, "rssi":-89, "server_sent":347, "server_received":414, "server_bytes_rx":60, "n2r_latency":9, "hops":0, "rtt_latency":292, "root_time_now":3519950}
[Mote:9] Not reachable yet
[Mote:12] Sensor IPv6 = fe80::20c:c:c:c
[Mote:3] Not reachable yet
[Mote:16] Not reachable yet
[Mote:1] {"node":"fd00::20c:c:c:c", "cpu_energy_mj":19, "lpm_energy_mj":0, "radio_tx_energy_mj":0, "radio_rx_energy_mj":8, "total_energy_mj":27, "node_time":3520924, "total_sent":199, "total_received":327, "bytes_tx":60, "bytes_rx":12, "r2n_latency":36, "lqi":100, "rssi":-87, "server_sent":350, "server_received":396, "server_bytes_rx":60, "n2r_latency":846, "hops":0, "rtt_latency":858, "root_time_now":3521770}
[Mote:8] Sensor IPv6 = fe80::208:8:8:8
[Mote:1] {"node":"fd00::208:8:8:8", "cpu_energy_mj":18, "lpm_energy_mj":0, "radio_tx_energy_mj":0, "radio_rx_energy_mj":7, "total_energy_mj":25, "node_time":3521964, "total_sent":210, "total_received":337, "bytes_tx":60, "bytes_rx":12, "r2n_latency":316, "lqi":100, "rssi":-90, "server_sent":349, "server_received":451, "server_bytes_rx":60, "n2r_latency":156, "hops":0, "rtt_latency":298, "root_time_now":3522120}
[Mote:11] Not reachable yet
[Mote:18] Not reachable yet
[Mote:10] Not reachable yet
[Mote:4] Not reachable yet
[Mote:15] Not reachable yet
[Mote:17] Not reachable yet
[Mote:2] Sensor IPv6 = fe80::202:2:2:2
[Mote:1] {"node":"fd00::202:2:2:2", "cpu_energy_mj":18, "lpm_energy_mj":0, "radio_tx_energy_mj":0, "radio_rx_energy_mj":8, "total_energy_mj":26, "node_time":3527724, "total_sent":163, "total_received":335, "bytes_tx":60, "bytes_rx":12, "r2n_latency":106, "lqi":100, "rssi":-83, "server_sent":350, "server_received":329, "server_bytes_rx":60, "n2r_latency":696, "hops":0, "rtt_latency":928, "root_time_now":3528420}
[Mote:5] Not reachable yet
[Mote:6] Not reachable yet
[Mote:13] Not reachable yet
[Mote:19] Not reachable yet
[Mote:14] Not reachable yet
[Mote:7] Sensor IPv6 = fe80::207:7:7:7
[Mote:9] Not reachable yet
[Mote:3] Not reachable yet
[Mote:16] Not reachable yet
[Mote:12] Sensor IPv6 = fe80::20c:c:c:c
[Mote:1] {"node":"fd00::20c:c:c:c", "cpu_energy_mj":19, "lpm_energy_mj":0, "radio_tx_energy_mj":0, "radio_rx_energy_mj":8, "total_energy_mj":27, "node_time":3531755, "total_sent":200, "total_received":328, "bytes_tx":60, "bytes_rx":12, "r2n_latency":44, "lqi":100, "rssi":-87, "server_sent":351, "server_received":398, "server_bytes_rx":60, "n2r_latency":25, "hops":0, "rtt_latency":617, "root_time_now":3531780}
[Mote:1] {"node":"fd00::207:7:7:7", "cpu_energy_mj":18, "lpm_energy_mj":0, "radio_tx_energy_mj":0, "radio_rx_energy_mj":8, "total_energy_mj":26, "node_time":3530417, "total_sent":206, "total_received":333, "bytes_tx":60, "bytes_rx":12, "r2n_latency":394, "lqi":100, "rssi":-89, "server_sent":349, "server_received":417, "server_bytes_rx":60, "n2r_latency":1573, "hops":0, "rtt_latency":827, "root_time_now":3531990}
[Mote:8] Sensor IPv6 = fe80::208:8:8:8
[Mote:1] {"node":"fd00::208:8:8:8", "cpu_energy_mj":18, "lpm_energy_mj":0, "radio_tx_energy_mj":0, "radio_rx_energy_mj":8, "total_energy_mj":26, "node_time":3532447, "total_sent":211, "total_received":338, "bytes_tx":60, "bytes_rx":12, "r2n_latency":254, "lqi":100, "rssi":-90, "server_sent":350, "server_received":453, "server_bytes_rx":60, "n2r_latency":33, "hops":0, "rtt_latency":1212, "root_time_now":3532480}
[Mote:11] Not reachable yet
[Mote:18] Not reachable yet
[Mote:10] Not reachable yet
[Mote:4] Not reachable yet
[Mote:15] Not reachable yet
[Mote:17] Not reachable yet
[Mote:2] Sensor IPv6 = fe80::202:2:2:2
[Mote:1] {"node":"fd00::202:2:2:2", "cpu_energy_mj":18, "lpm_energy_mj":0, "radio_tx_energy_mj":0, "radio_rx_energy_mj":8, "total_energy_mj":26, "node_time":3538257, "total_sent":164, "total_received":336, "bytes_tx":60, "bytes_rx":12, "r2n_latency":114, "lqi":100, "rssi":-83, "server_sent":351, "server_received":331, "server_bytes_rx":60, "n2r_latency":33, "hops":0, "rtt_latency":932, "root_time_now":3538290}
[Mote:13] Not reachable yet
[Mote:5] Not reachable yet
[Mote:6] Not reachable yet
[Mote:7] Sensor IPv6 = fe80::207:7:7:7
[Mote:19] Not reachable yet
[Mote:14] Not reachable yet
[Mote:1] {"node":"fd00::207:7:7:7", "cpu_energy_mj":18, "lpm_energy_mj":0, "radio_tx_energy_mj":0, "radio_rx_energy_mj":7, "total_energy_mj":25, "node_time":3540893, "total_sent":207, "total_received":334, "bytes_tx":60, "bytes_rx":12, "r2n_latency":264, "lqi":100, "rssi":-89, "server_sent":350, "server_received":419, "server_bytes_rx":60, "n2r_latency":337, "hops":0, "rtt_latency":412, "root_time_now":3541230}
[Mote:3] Not reachable yet
[Mote:9] Not reachable yet
[Mote:16] Not reachable yet
[Mote:12] Sensor IPv6 = fe80::20c:c:c:c
[Mote:1] {"node":"fd00::20c:c:c:c", "cpu_energy_mj":19, "lpm_energy_mj":0, "radio_tx_energy_mj":0, "radio_rx_energy_mj":8, "total_energy_mj":27, "node_time":3542588, "total_sent":201, "total_received":329, "bytes_tx":60, "bytes_rx":12, "r2n_latency":54, "lqi":100, "rssi":-87, "server_sent":352, "server_received":400, "server_bytes_rx":60, "n2r_latency":112, "hops":0, "rtt_latency":1322, "root_time_now":3542700}
[Mote:11] Not reachable yet
[Mote:8] Sensor IPv6 = fe80::208:8:8:8
[Mote:1] {"node":"fd00::208:8:8:8", "cpu_energy_mj":18, "lpm_energy_mj":0, "radio_tx_energy_mj":0, "radio_rx_energy_mj":8, "total_energy_mj":26, "node_time":3542930, "total_sent":212, "total_received":339, "bytes_tx":60, "bytes_rx":12, "r2n_latency":404, "lqi":100, "rssi":-90, "server_sent":351, "server_received":455, "server_bytes_rx":60, "n2r_latency":50, "hops":0, "rtt_latency":1042, "root_time_now":3542980}
[Mote:18] Not reachable yet
[Mote:10] Not reachable yet
[Mote:17] Not reachable yet
[Mote:4] Not reachable yet
[Mote:15] Not reachable yet
[Mote:2] Sensor IPv6 = fe80::202:2:2:2
[Mote:1] {"node":"fd00::202:2:2:2", "cpu_energy_mj":18, "lpm_energy_mj":0, "radio_tx_energy_mj":0, "radio_rx_energy_mj":8, "total_energy_mj":26, "node_time":3548788, "total_sent":165, "total_received":337, "bytes_tx":60, "bytes_rx":12, "r2n_latency":124, "lqi":100, "rssi":-83, "server_sent":352, "server_received":333, "server_bytes_rx":60, "n2r_latency":72, "hops":0, "rtt_latency":937, "root_time_now":3548860}
[Mote:13] Not reachable yet
[Mote:5] Not reachable yet
[Mote:7] Sensor IPv6 = fe80::207:7:7:7
[Mote:1] {"node":"fd00::207:7:7:7", "cpu_energy_mj":18, "lpm_energy_mj":0, "radio_tx_energy_mj":0, "radio_rx_energy_mj":8, "total_energy_mj":26, "node_time":3551369, "total_sent":208, "total_received":335, "bytes_tx":60, "bytes_rx":12, "r2n_latency":624, "lqi":100, "rssi":-89, "server_sent":351, "server_received":421, "server_bytes_rx":60, "n2r_latency":11, "hops":0, "rtt_latency":627, "root_time_now":3551380}
[Mote:16] Not reachable yet
[Mote:6] Not reachable yet
[Mote:14] Not reachable yet
[Mote:3] Not reachable yet
[Mote:19] Not reachable yet
[Mote:9] Not reachable yet
[Mote:11] Not reachable yet
[Mote:8] Sensor IPv6 = fe80::208:8:8:8
[Mote:12] Sensor IPv6 = fe80::20c:c:c:c
[Mote:1] {"node":"fd00::208:8:8:8", "cpu_energy_mj":18, "lpm_energy_mj":0, "radio_tx_energy_mj":0, "radio_rx_energy_mj":8, "total_energy_mj":26, "node_time":3553413, "total_sent":213, "total_received":340, "bytes_tx":60, "bytes_rx":12, "r2n_latency":484, "lqi":100, "rssi":-90, "server_sent":352, "server_received":457, "server_bytes_rx":60, "n2r_latency":207, "hops":0, "rtt_latency":1257, "root_time_now":3553620}
[Mote:1] {"node":"fd00::20c:c:c:c", "cpu_energy_mj":19, "lpm_energy_mj":0, "radio_tx_energy_mj":0, "radio_rx_energy_mj":8, "total_energy_mj":27, "node_time":3553421, "total_sent":202, "total_received":330, "bytes_tx":60, "bytes_rx":12, "r2n_latency":64, "lqi":100, "rssi":-87, "server_sent":353, "server_received":402, "server_bytes_rx":60, "n2r_latency":689, "hops":0, "rtt_latency":1082, "root_time_now":3554110}
[Mote:18] Not reachable yet
[Mote:10] Not reachable yet
[Mote:17] Not reachable yet
[Mote:4] Not reachable yet
[Mote:15] Not reachable yet
[Mote:2] Sensor IPv6 = fe80::202:2:2:2
[Mote:1] {"node":"fd00::202:2:2:2", "cpu_energy_mj":18, "lpm_energy_mj":0, "radio_tx_energy_mj":0, "radio_rx_energy_mj":8, "total_energy_mj":26, "node_time":3559317, "total_sent":166, "total_received":338, "bytes_tx":60, "bytes_rx":12, "r2n_latency":134, "lqi":100, "rssi":-83, "server_sent":353, "server_received":335, "server_bytes_rx":60, "n2r_latency":43, "hops":0, "rtt_latency":207, "root_time_now":3559360}
[Mote:13] Not reachable yet
[Mote:5] Not reachable yet
[Mote:16] Not reachable yet
[Mote:7] Sensor IPv6 = fe80::207:7:7:7
[Mote:3] Not reachable yet
[Mote:14] Not reachable yet
[Mote:6] Not reachable yet
[Mote:9] Not reachable yet
[Mote:19] Not reachable yet
[Mote:11] Not reachable yet
[Mote:1] {"node":"fd00::207:7:7:7", "cpu_energy_mj":18, "lpm_energy_mj":0, "radio_tx_energy_mj":0, "radio_rx_energy_mj":8, "total_energy_mj":26, "node_time":3561845, "total_sent":209, "total_received":336, "bytes_tx":60, "bytes_rx":12, "r2n_latency":564, "lqi":100, "rssi":-89, "server_sent":352, "server_received":423, "server_bytes_rx":60, "n2r_latency":1715, "hops":0, "rtt_latency":1752, "root_time_now":3563560}
[Mote:8] Sensor IPv6 = fe80::208:8:8:8
[Mote:1] {"node":"fd00::208:8:8:8", "cpu_energy_mj":18, "lpm_energy_mj":0, "radio_tx_energy_mj":0, "radio_rx_energy_mj":8, "total_energy_mj":26, "node_time":3563898, "total_sent":214, "total_received":341, "bytes_tx":60, "bytes_rx":12, "r2n_latency":284, "lqi":100, "rssi":-90, "server_sent":353, "server_received":459, "server_bytes_rx":60, "n2r_latency":12, "hops":0, "rtt_latency":352, "root_time_now":3563910}
[Mote:12] Sensor IPv6 = fe80::20c:c:c:c
[Mote:1] {"node":"fd00::20c:c:c:c", "cpu_energy_mj":19, "lpm_energy_mj":0, "radio_tx_energy_mj":0, "radio_rx_energy_mj":8, "total_energy_mj":27, "node_time":3564256, "total_sent":203, "total_received":331, "bytes_tx":60, "bytes_rx":12, "r2n_latency":74, "lqi":100, "rssi":-87, "server_sent":354, "server_received":404, "server_bytes_rx":60, "n2r_latency":4, "hops":0, "rtt_latency":912, "root_time_now":3564260}
[Mote:10] Not reachable yet
[Mote:18] Not reachable yet
[Mote:17] Not reachable yet
[Mote:4] Not reachable yet
[Mote:15] Not reachable yet
[Mote:2] Sensor IPv6 = fe80::202:2:2:2
[Mote:1] {"node":"fd00::202:2:2:2", "cpu_energy_mj":18, "lpm_energy_mj":0, "radio_tx_energy_mj":0, "radio_rx_energy_mj":8, "total_energy_mj":26, "node_time":3569848, "total_sent":167, "total_received":339, "bytes_tx":60, "bytes_rx":12, "r2n_latency":144, "lqi":100, "rssi":-83, "server_sent":354, "server_received":337, "server_bytes_rx":60, "n2r_latency":12, "hops":0, "rtt_latency":1472, "root_time_now":3569860}
[Mote:13] Not reachable yet
[Mote:16] Not reachable yet
[Mote:7] Sensor IPv6 = fe80::207:7:7:7
[Mote:3] Not reachable yet
[Mote:1] {"node":"fd00::207:7:7:7", "cpu_energy_mj":18, "lpm_energy_mj":0, "radio_tx_energy_mj":0, "radio_rx_energy_mj":8, "total_energy_mj":26, "node_time":3572321, "total_sent":210, "total_received":337, "bytes_tx":60, "bytes_rx":12, "r2n_latency":434, "lqi":100, "rssi":-89, "server_sent":353, "server_received":425, "server_bytes_rx":60, "n2r_latency":59, "hops":0, "rtt_latency":917, "root_time_now":3572380}
[Mote:5] Not reachable yet
[Mote:11] Not reachable yet
[Mote:9] Not reachable yet
[Mote:14] Not reachable yet
[Mote:6] Not reachable yet
[Mote:19] Not reachable yet
[Mote:8] Sensor IPv6 = fe80::208:8:8:8
[Mote:1] {"node":"fd00::208:8:8:8", "cpu_energy_mj":18, "lpm_energy_mj":0, "radio_tx_energy_mj":0, "radio_rx_energy_mj":8, "total_energy_mj":26, "node_time":3574379, "total_sent":215, "total_received":342, "bytes_tx":60, "bytes_rx":12, "r2n_latency":294, "lqi":100, "rssi":-90, "server_sent":354, "server_received":461, "server_bytes_rx":60, "n2r_latency":31, "hops":0, "rtt_latency":742, "root_time_now":3574410}
[Mote:12] Sensor IPv6 = fe80::20c:c:c:c
[Mote:1] {"node":"fd00::20c:c:c:c", "cpu_energy_mj":19, "lpm_energy_mj":0, "radio_tx_energy_mj":0, "radio_rx_energy_mj":8, "total_energy_mj":27, "node_time":3575087, "total_sent":204, "total_received":332, "bytes_tx":60, "bytes_rx":12, "r2n_latency":14, "lqi":100, "rssi":-87, "server_sent":355, "server_received":406, "server_bytes_rx":60, "n2r_latency":93, "hops":0, "rtt_latency":882, "root_time_now":3575180}
[Mote:10] Not reachable yet
[Mote:18] Not reachable yet
[Mote:17] Not reachable yet
[Mote:4] Not reachable yet
[Mote:15] Not reachable yet
[Mote:2] Sensor IPv6 = fe80::202:2:2:2
[Mote:13] Not reachable yet
[Mote:16] Not reachable yet
[Mote:3] Not reachable yet
[Mote:7] Sensor IPv6 = fe80::207:7:7:7
[Mote:1] {"node":"fd00::207:7:7:7", "cpu_energy_mj":18, "lpm_energy_mj":0, "radio_tx_energy_mj":0, "radio_rx_energy_mj":8, "total_energy_mj":26, "node_time":3582797, "total_sent":211, "total_received":338, "bytes_tx":60, "bytes_rx":12, "r2n_latency":304, "lqi":100, "rssi":-89, "server_sent":354, "server_received":427, "server_bytes_rx":60, "n2r_latency":13, "hops":0, "rtt_latency":1097, "root_time_now":3582810}
[Mote:5] Not reachable yet
[Mote:11] Not reachable yet
[Mote:9] Not reachable yet
[Mote:1] {"node":"fd00::202:2:2:2", "cpu_energy_mj":18, "lpm_energy_mj":0, "radio_tx_energy_mj":0, "radio_rx_energy_mj":8, "total_energy_mj":26, "node_time":3580379, "total_sent":168, "total_received":341, "bytes_tx":60, "bytes_rx":12, "r2n_latency":94, "lqi":100, "rssi":-83, "server_sent":356, "server_received":340, "server_bytes_rx":60, "n2r_latency":3621, "hops":0, "rtt_latency":1972, "root_time_now":3584000}
[Mote:14] Not reachable yet
[Mote:6] Not reachable yet
[Mote:19] Not reachable yet
[Mote:8] Sensor IPv6 = fe80::208:8:8:8
[Mote:1] {"node":"fd00::208:8:8:8", "cpu_energy_mj":18, "lpm_energy_mj":0, "radio_tx_energy_mj":0, "radio_rx_energy_mj":8, "total_energy_mj":26, "node_time":3584862, "total_sent":216, "total_received":343, "bytes_tx":60, "bytes_rx":12, "r2n_latency":934, "lqi":100, "rssi":-90, "server_sent":355, "server_received":463, "server_bytes_rx":60, "n2r_latency":258, "hops":0, "rtt_latency":1552, "root_time_now":3585120}
[Mote:12] Sensor IPv6 = fe80::20c:c:c:c
[Mote:1] {"node":"fd00::20c:c:c:c", "cpu_energy_mj":19, "lpm_energy_mj":0, "radio_tx_energy_mj":0, "radio_rx_energy_mj":8, "total_energy_mj":27, "node_time":3585922, "total_sent":205, "total_received":333, "bytes_tx":60, "bytes_rx":12, "r2n_latency":24, "lqi":100, "rssi":-87, "server_sent":356, "server_received":408, "server_bytes_rx":60, "n2r_latency":38, "hops":0, "rtt_latency":257, "root_time_now":3585960}
[Mote:10] Not reachable yet
[Mote:18] Not reachable yet
[Mote:17] Not reachable yet
[Mote:4] Not reachable yet
[Mote:15] Not reachable yet
[Mote:13] Not reachable yet
[Mote:2] Sensor IPv6 = fe80::202:2:2:2
[Mote:1] {"node":"fd00::202:2:2:2", "cpu_energy_mj":18, "lpm_energy_mj":0, "radio_tx_energy_mj":0, "radio_rx_energy_mj":8, "total_energy_mj":26, "node_time":3590910, "total_sent":169, "total_received":342, "bytes_tx":60, "bytes_rx":12, "r2n_latency":104, "lqi":100, "rssi":-83, "server_sent":357, "server_received":342, "server_bytes_rx":60, "n2r_latency":720, "hops":0, "rtt_latency":787, "root_time_now":3591630}
[Mote:16] Not reachable yet
[Mote:3] Not reachable yet
[Mote:7] Sensor IPv6 = fe80::207:7:7:7
[Mote:1] {"node":"fd00::207:7:7:7", "cpu_energy_mj":18, "lpm_energy_mj":0, "radio_tx_energy_mj":0, "radio_rx_energy_mj":8, "total_energy_mj":26, "node_time":3593273, "total_sent":212, "total_received":339, "bytes_tx":60, "bytes_rx":12, "r2n_latency":244, "lqi":100, "rssi":-89, "server_sent":355, "server_received":429, "server_bytes_rx":60, "n2r_latency":37, "hops":0, "rtt_latency":857, "root_time_now":3593310}
[Mote:11] Not reachable yet
[Mote:5] Not reachable yet
[Mote:9] Not reachable yet
[Mote:14] Not reachable yet
[Mote:8] Sensor IPv6 = fe80::208:8:8:8
[Mote:1] {"node":"fd00::208:8:8:8", "cpu_energy_mj":18, "lpm_energy_mj":0, "radio_tx_energy_mj":0, "radio_rx_energy_mj":8, "total_energy_mj":26, "node_time":3595345, "total_sent":217, "total_received":344, "bytes_tx":60, "bytes_rx":12, "r2n_latency":314, "lqi":100, "rssi":-90, "server_sent":356, "server_received":465, "server_bytes_rx":60, "n2r_latency":65, "hops":0, "rtt_latency":1172, "root_time_now":3595410}
[Mote:6] Not reachable yet
[Mote:19] Not reachable yet
[Mote:10] Not reachable yet
[Mote:12] Sensor IPv6 = fe80::20c:c:c:c
[Mote:1] {"node":"fd00::20c:c:c:c", "cpu_energy_mj":19, "lpm_energy_mj":0, "radio_tx_energy_mj":0, "radio_rx_energy_mj":8, "total_energy_mj":27, "node_time":3596753, "total_sent":206, "total_received":334, "bytes_tx":60, "bytes_rx":12, "r2n_latency":34, "lqi":100, "rssi":-87, "server_sent":357, "server_received":410, "server_bytes_rx":60, "n2r_latency":57, "hops":0, "rtt_latency":1627, "root_time_now":3596810}
[Mote:18] Not reachable yet
[Mote:17] Not reachable yet
[Mote:4] Not reachable yet
[Mote:15] Not reachable yet
[Mote:13] Not reachable yet
Final simulation time: 3601112000 ms
Test ended at simulation time: 3601112000
