node,bin,bin_start_ms,bin_end_ms,rate_pkts_per_s,kind
fd00::202:2:2:2,20,20000,21000,0.0,server_sent
fd00::202:2:2:2,31,31000,32000,1.0,server_sent
fd00::202:2:2:2,43,43000,44000,1.0,server_sent
fd00::202:2:2:2,53,53000,54000,1.0,server_sent
fd00::202:2:2:2,63,63000,64000,1.0,server_sent
fd00::202:2:2:2,74,74000,75000,1.0,server_sent
fd00::202:2:2:2,84,84000,85000,1.0,server_sent
fd00::202:2:2:2,95,95000,96000,1.0,server_sent
fd00::202:2:2:2,105,105000,106000,1.0,server_sent
fd00::202:2:2:2,115,115000,116000,1.0,server_sent
fd00::202:2:2:2,126,126000,127000,1.0,server_sent
fd00::202:2:2:2,136,136000,137000,1.0,server_sent
fd00::202:2:2:2,147,147000,148000,1.0,server_sent
fd00::202:2:2:2,158,158000,159000,1.0,server_sent
fd00::202:2:2:2,168,168000,169000,1.0,server_sent
fd00::202:2:2:2,178,178000,179000,1.0,server_sent
fd00::202:2:2:2,189,189000,190000,1.0,server_sent
fd00::202:2:2:2,200,200000,201000,2.0,server_sent
fd00::202:2:2:2,213,213000,214000,1.0,server_sent
fd00::202:2:2:2,226,226000,227000,1.0,server_sent
fd00::202:2:2:2,232,232000,233000,1.0,server_sent
fd00::202:2:2:2,243,243000,244000,1.0,server_sent
fd00::202:2:2:2,256,256000,257000,1.0,server_sent
fd00::202:2:2:2,276,276000,277000,2.0,server_sent
fd00::202:2:2:2,277,277000,278000,0.0,server_sent
fd00::202:2:2:2,284,284000,285000,1.0,server_sent
fd00::202:2:2:2,294,294000,295000,1.0,server_sent
fd00::202:2:2:2,305,305000,306000,1.0,server_sent
fd00::202:2:2:2,316,316000,317000,1.0,server_sent
fd00::202:2:2:2,326,326000,327000,1.0,server_sent
fd00::202:2:2:2,336,336000,337000,1.0,server_sent
fd00::202:2:2:2,349,349000,350000,1.0,server_sent
fd00::202:2:2:2,357,357000,358000,1.0,server_sent
fd00::202:2:2:2,368,368000,369000,1.0,server_sent
fd00::202:2:2:2,384,384000,385000,2.0,server_sent
fd00::202:2:2:2,392,392000,393000,1.0,server_sent
fd00::202:2:2:2,402,402000,403000,1.0,server_sent
fd00::202:2:2:2,415,415000,416000,1.0,server_sent
fd00::202:2:2:2,422,422000,423000,1.0,server_sent
fd00::202:2:2:2,435,435000,436000,1.0,server_sent
fd00::202:2:2:2,448,448000,449000,1.0,server_sent
fd00::202:2:2:2,453,453000,454000,1.0,server_sent
fd00::202:2:2:2,463,463000,464000,1.0,server_sent
fd00::202:2:2:2,497,497000,498000,3.0,server_sent
fd00::202:2:2:2,726,726000,727000,23.0,server_sent
fd00::202:2:2:2,737,737000,738000,1.0,server_sent
fd00::202:2:2:2,749,749000,750000,1.0,server_sent
fd00::202:2:2:2,758,758000,759000,1.0,server_sent
fd00::202:2:2:2,768,768000,769000,1.0,server_sent
fd00::202:2:2:2,779,779000,780000,1.0,server_sent
fd00::202:2:2:2,791,791000,792000,2.0,server_sent
fd00::202:2:2:2,809,809000,810000,1.0,server_sent
fd00::202:2:2:2,2095,2095000,2096000,129.0,server_sent
fd00::202:2:2:2,2106,2106000,2107000,1.0,server_sent
fd00::202:2:2:2,2116,2116000,2117000,1.0,server_sent
fd00::202:2:2:2,2127,2127000,2128000,1.0,server_sent
fd00::202:2:2:2,2137,2137000,2138000,1.0,server_sent
fd00::202:2:2:2,2148,2148000,2149000,1.0,server_sent
fd00::202:2:2:2,2158,2158000,2159000,1.0,server_sent
fd00::202:2:2:2,2169,2169000,2170000,1.0,server_sent
fd00::202:2:2:2,2179,2179000,2180000,1.0,server_sent
fd00::202:2:2:2,2193,2193000,2194000,2.0,server_sent
fd00::202:2:2:2,2202,2202000,2203000,1.0,server_sent
fd00::202:2:2:2,2211,2211000,2212000,1.0,server_sent
fd00::202:2:2:2,2224,2224000,2225000,1.0,server_sent
fd00::202:2:2:2,2232,2232000,2233000,1.0,server_sent
fd00::202:2:2:2,2244,2244000,2245000,1.0,server_sent
fd00::202:2:2:2,2257,2257000,2258000,1.0,server_sent
fd00::202:2:2:2,2264,2264000,2265000,1.0,server_sent
fd00::202:2:2:2,2274,2274000,2275000,1.0,server_sent
fd00::202:2:2:2,2285,2285000,2286000,1.0,server_sent
fd00::202:2:2:2,2295,2295000,2296000,1.0,server_sent
fd00::202:2:2:2,2306,2306000,2307000,1.0,server_sent
fd00::202:2:2:2,2316,2316000,2317000,1.0,server_sent
fd00::202:2:2:2,2327,2327000,2328000,1.0,server_sent
fd00::202:2:2:2,2337,2337000,2338000,1.0,server_sent
fd00::202:2:2:2,2348,2348000,2349000,1.0,server_sent
fd00::202:2:2:2,2358,2358000,2359000,1.0,server_sent
fd00::202:2:2:2,2369,2369000,2370000,1.0,server_sent
fd00::202:2:2:2,2379,2379000,2380000,1.0,server_sent
fd00::202:2:2:2,2393,2393000,2394000,2.0,server_sent
fd00::202:2:2:2,2401,2401000,2402000,1.0,server_sent
fd00::202:2:2:2,2413,2413000,2414000,1.0,server_sent
fd00::202:2:2:2,2423,2423000,2424000,1.0,server_sent
fd00::202:2:2:2,2433,2433000,2434000,1.0,server_sent
fd00::202:2:2:2,2443,2443000,2444000,1.0,server_sent
fd00::202:2:2:2,2454,2454000,2455000,1.0,server_sent
fd00::202:2:2:2,2464,2464000,2465000,1.0,server_sent
fd00::202:2:2:2,2474,2474000,2475000,1.0,server_sent
fd00::202:2:2:2,2485,2485000,2486000,1.0,server_sent
fd00::202:2:2:2,2495,2495000,2496000,1.0,server_sent
fd00::202:2:2:2,2506,2506000,2507000,1.0,server_sent
fd00::202:2:2:2,2516,2516000,2517000,1.0,server_sent
fd00::202:2:2:2,2527,2527000,2528000,1.0,server_sent
fd00::202:2:2:2,2537,2537000,2538000,1.0,server_sent
fd00::202:2:2:2,2548,2548000,2549000,1.0,server_sent
fd00::202:2:2:2,2558,2558000,2559000,1.0,server_sent
fd00::202:2:2:2,2843,2843000,2844000,29.0,server_sent
fd00::202:2:2:2,2853,2853000,2854000,1.0,server_sent
fd00::202:2:2:2,2864,2864000,2865000,1.0,server_sent
fd00::202:2:2:2,2875,2875000,2876000,1.0,server_sent
fd00::202:2:2:2,2885,2885000,2886000,1.0,server_sent
fd00::202:2:2:2,2895,2895000,2896000,1.0,server_sent
fd00::202:2:2:2,2906,2906000,2907000,1.0,server_sent
fd00::202:2:2:2,2916,2916000,2917000,1.0,server_sent
fd00::202:2:2:2,2927,2927000,2928000,1.0,server_sent
fd00::202:2:2:2,2938,2938000,2939000,1.0,server_sent
fd00::202:2:2:2,2948,2948000,2949000,1.0,server_sent
fd00::202:2:2:2,2959,2959000,2960000,1.0,server_sent
fd00::202:2:2:2,2969,2969000,2970000,1.0,server_sent
fd00::202:2:2:2,2981,2981000,2982000,2.0,server_sent
fd00::202:2:2:2,2992,2992000,2993000,1.0,server_sent
fd00::202:2:2:2,3001,3001000,3002000,1.0,server_sent
fd00::202:2:2:2,3011,3011000,3012000,1.0,server_sent
fd00::202:2:2:2,3022,3022000,3023000,1.0,server_sent
fd00::202:2:2:2,3032,3032000,3033000,1.0,server_sent
fd00::202:2:2:2,3043,3043000,3044000,1.0,server_sent
fd00::202:2:2:2,3053,3053000,3054000,1.0,server_sent
fd00::202:2:2:2,3064,3064000,3065000,1.0,server_sent
fd00::202:2:2:2,3074,3074000,3075000,1.0,server_sent
fd00::202:2:2:2,3085,3085000,3086000,1.0,server_sent
fd00::202:2:2:2,3095,3095000,3096000,1.0,server_sent
fd00::202:2:2:2,3106,3106000,3107000,1.0,server_sent
fd00::202:2:2:2,3117,3117000,3118000,1.0,server_sent
fd00::202:2:2:2,3127,3127000,3128000,1.0,server_sent
fd00::202:2:2:2,3138,3138000,3139000,1.0,server_sent
fd00::202:2:2:2,3148,3148000,3149000,1.0,server_sent
fd00::202:2:2:2,3159,3159000,3160000,1.0,server_sent
fd00::202:2:2:2,3169,3169000,3170000,1.0,server_sent
fd00::202:2:2:2,3181,3181000,3182000,2.0,server_sent
fd00::202:2:2:2,3191,3191000,3192000,1.0,server_sent
fd00::202:2:2:2,3203,3203000,3204000,1.0,server_sent
fd00::202:2:2:2,3213,3213000,3214000,1.0,server_sent
fd00::202:2:2:2,3222,3222000,3223000,1.0,server_sent
fd00::202:2:2:2,3233,3233000,3234000,1.0,server_sent
fd00::202:2:2:2,3243,3243000,3244000,1.0,server_sent
fd00::202:2:2:2,3253,3253000,3254000,1.0,server_sent
fd00::202:2:2:2,3264,3264000,3265000,1.0,server_sent
fd00::202:2:2:2,3275,3275000,3276000,1.0,server_sent
fd00::202:2:2:2,3285,3285000,3286000,1.0,server_sent
fd00::202:2:2:2,3296,3296000,3297000,1.0,server_sent
fd00::202:2:2:2,3306,3306000,3307000,1.0,server_sent
fd00::202:2:2:2,3317,3317000,3318000,1.0,server_sent
fd00::202:2:2:2,3327,3327000,3328000,1.0,server_sent
fd00::202:2:2:2,3338,3338000,3339000,1.0,server_sent
fd00::202:2:2:2,3348,3348000,3349000,1.0,server_sent
fd00::202:2:2:2,3359,3359000,3360000,1.0,server_sent
fd00::202:2:2:2,3369,3369000,3370000,1.0,server_sent
fd00::202:2:2:2,3381,3381000,3382000,2.0,server_sent
fd00::202:2:2:2,3394,3394000,3395000,1.0,server_sent
fd00::202:2:2:2,3403,3403000,3404000,1.0,server_sent
fd00::202:2:2:2,3412,3412000,3413000,1.0,server_sent
fd00::202:2:2:2,3422,3422000,3423000,1.0,server_sent
fd00::202:2:2:2,3433,3433000,3434000,1.0,server_sent
fd00::202:2:2:2,3443,3443000,3444000,1.0,server_sent
fd00::202:2:2:2,3454,3454000,3455000,1.0,server_sent
fd00::202:2:2:2,3464,3464000,3465000,1.0,server_sent
fd00::202:2:2:2,3475,3475000,3476000,1.0,server_sent
fd00::202:2:2:2,3485,3485000,3486000,1.0,server_sent
fd00::202:2:2:2,3496,3496000,3497000,1.0,server_sent
fd00::202:2:2:2,3506,3506000,3507000,1.0,server_sent
fd00::202:2:2:2,3517,3517000,3518000,1.0,server_sent
fd00::202:2:2:2,3528,3528000,3529000,1.0,server_sent
fd00::202:2:2:2,3538,3538000,3539000,1.0,server_sent
fd00::202:2:2:2,3548,3548000,3549000,1.0,server_sent
fd00::202:2:2:2,3559,3559000,3560000,1.0,server_sent
fd00::202:2:2:2,3569,3569000,3570000,1.0,server_sent
fd00::202:2:2:2,3584,3584000,3585000,2.0,server_sent
fd00::202:2:2:2,3591,3591000,3592000,1.0,server_sent
fd00::203:3:3:3,31,31000,32000,0.0,server_sent
fd00::203:3:3:3,43,43000,44000,1.0,server_sent
fd00::203:3:3:3,53,53000,54000,1.0,server_sent
fd00::203:3:3:3,62,62000,63000,1.0,server_sent
fd00::203:3:3:3,74,74000,75000,1.0,server_sent
fd00::203:3:3:3,82,82000,83000,1.0,server_sent
fd00::203:3:3:3,94,94000,95000,1.0,server_sent
fd00::203:3:3:3,105,105000,106000,1.0,server_sent
fd00::203:3:3:3,114,114000,115000,1.0,server_sent
fd00::203:3:3:3,126,126000,127000,1.0,server_sent
fd00::203:3:3:3,135,135000,136000,1.0,server_sent
fd00::203:3:3:3,145,145000,146000,1.0,server_sent
fd00::203:3:3:3,154,154000,155000,1.0,server_sent
fd00::203:3:3:3,167,167000,168000,1.0,server_sent
fd00::203:3:3:3,175,175000,176000,1.0,server_sent
fd00::203:3:3:3,187,187000,188000,1.0,server_sent
fd00::203:3:3:3,196,196000,197000,1.0,server_sent
fd00::203:3:3:3,209,209000,210000,1.0,server_sent
fd00::203:3:3:3,216,216000,217000,1.0,server_sent
fd00::203:3:3:3,229,229000,230000,1.0,server_sent
fd00::203:3:3:3,262,262000,263000,4.0,server_sent
fd00::203:3:3:3,276,276000,277000,1.0,server_sent
fd00::203:3:3:3,277,277000,278000,0.0,server_sent
fd00::203:3:3:3,284,284000,285000,1.0,server_sent
fd00::203:3:3:3,299,299000,300000,1.0,server_sent
fd00::203:3:3:3,302,302000,303000,1.0,server_sent
fd00::203:3:3:3,314,314000,315000,1.0,server_sent
fd00::203:3:3:3,328,328000,329000,1.0,server_sent
fd00::203:3:3:3,339,339000,340000,1.0,server_sent
fd00::203:3:3:3,415,415000,416000,8.0,server_sent
fd00::203:3:3:3,426,426000,427000,1.0,server_sent
fd00::203:3:3:3,435,435000,436000,1.0,server_sent
fd00::203:3:3:3,448,448000,449000,1.0,server_sent
fd00::203:3:3:3,729,729000,730000,28.0,server_sent
fd00::203:3:3:3,797,797000,798000,7.0,server_sent
fd00::204:4:4:4,137,137000,138000,0.0,server_sent
fd00::204:4:4:4,147,147000,148000,1.0,server_sent
fd00::204:4:4:4,158,158000,159000,1.0,server_sent
fd00::204:4:4:4,169,169000,170000,1.0,server_sent
fd00::204:4:4:4,193,193000,194000,3.0,server_sent
fd00::204:4:4:4,205,205000,206000,1.0,server_sent
fd00::204:4:4:4,214,214000,215000,1.0,server_sent
fd00::204:4:4:4,227,227000,228000,1.0,server_sent
fd00::204:4:4:4,245,245000,246000,2.0,server_sent
fd00::204:4:4:4,263,263000,264000,2.0,server_sent
fd00::204:4:4:4,277,277000,278000,1.0,server_sent
fd00::204:4:4:4,282,282000,283000,1.0,server_sent
fd00::204:4:4:4,284,284000,285000,0.0,server_sent
fd00::204:4:4:4,298,298000,299000,1.0,server_sent
fd00::205:5:5:5,207,207000,208000,0.0,server_sent
fd00::205:5:5:5,217,217000,218000,1.0,server_sent
fd00::205:5:5:5,238,238000,239000,2.0,server_sent
fd00::205:5:5:5,262,262000,263000,3.0,server_sent
fd00::205:5:5:5,276,276000,277000,1.0,server_sent
fd00::205:5:5:5,277,277000,278000,0.0,server_sent
fd00::205:5:5:5,287,287000,288000,1.0,server_sent
fd00::206:6:6:6,43,43000,44000,0.0,server_sent
fd00::206:6:6:6,54,54000,55000,1.0,server_sent
fd00::206:6:6:6,65,65000,66000,1.0,server_sent
fd00::206:6:6:6,76,76000,77000,1.0,server_sent
fd00::206:6:6:6,87,87000,88000,1.0,server_sent
fd00::206:6:6:6,98,98000,99000,1.0,server_sent
fd00::206:6:6:6,109,109000,110000,1.0,server_sent
fd00::206:6:6:6,133,133000,134000,3.0,server_sent
fd00::206:6:6:6,144,144000,145000,1.0,server_sent
fd00::206:6:6:6,155,155000,156000,1.0,server_sent
fd00::206:6:6:6,163,163000,164000,1.0,server_sent
fd00::206:6:6:6,175,175000,176000,1.0,server_sent
fd00::206:6:6:6,187,187000,188000,1.0,server_sent
fd00::206:6:6:6,196,196000,197000,1.0,server_sent
fd00::206:6:6:6,209,209000,210000,1.0,server_sent
fd00::206:6:6:6,219,219000,220000,1.0,server_sent
fd00::206:6:6:6,231,231000,232000,2.0,server_sent
fd00::206:6:6:6,244,244000,245000,1.0,server_sent
fd00::206:6:6:6,263,263000,264000,2.0,server_sent
fd00::206:6:6:6,276,276000,277000,1.0,server_sent
fd00::206:6:6:6,277,277000,278000,0.0,server_sent
fd00::206:6:6:6,284,284000,285000,1.0,server_sent
fd00::206:6:6:6,295,295000,296000,1.0,server_sent
fd00::206:6:6:6,305,305000,306000,1.0,server_sent
fd00::206:6:6:6,325,325000,326000,2.0,server_sent
fd00::206:6:6:6,353,353000,354000,3.0,server_sent
fd00::206:6:6:6,365,365000,366000,1.0,server_sent
fd00::206:6:6:6,409,409000,410000,4.0,server_sent
fd00::206:6:6:6,416,416000,417000,1.0,server_sent
fd00::206:6:6:6,426,426000,427000,1.0,server_sent
fd00::206:6:6:6,437,437000,438000,1.0,server_sent
fd00::206:6:6:6,775,775000,776000,34.0,server_sent
fd00::206:6:6:6,788,788000,789000,1.0,server_sent
fd00::206:6:6:6,797,797000,798000,1.0,server_sent
fd00::207:7:7:7,41,41000,42000,0.0,server_sent
fd00::207:7:7:7,52,52000,53000,1.0,server_sent
fd00::207:7:7:7,62,62000,63000,1.0,server_sent
fd00::207:7:7:7,73,73000,74000,1.0,server_sent
fd00::207:7:7:7,87,87000,88000,1.0,server_sent
fd00::207:7:7:7,94,94000,95000,1.0,server_sent
fd00::207:7:7:7,105,105000,106000,1.0,server_sent
fd00::207:7:7:7,115,115000,116000,1.0,server_sent
fd00::207:7:7:7,125,125000,126000,1.0,server_sent
fd00::207:7:7:7,136,136000,137000,1.0,server_sent
fd00::207:7:7:7,146,146000,147000,1.0,server_sent
fd00::207:7:7:7,157,157000,158000,1.0,server_sent
fd00::207:7:7:7,167,167000,168000,1.0,server_sent
fd00::207:7:7:7,178,178000,179000,1.0,server_sent
fd00::207:7:7:7,189,189000,190000,1.0,server_sent
fd00::207:7:7:7,199,199000,200000,1.0,server_sent
fd00::207:7:7:7,209,209000,210000,1.0,server_sent
fd00::207:7:7:7,366,366000,367000,16.0,server_sent
fd00::207:7:7:7,377,377000,378000,1.0,server_sent
fd00::207:7:7:7,387,387000,388000,1.0,server_sent
fd00::207:7:7:7,398,398000,399000,1.0,server_sent
fd00::207:7:7:7,408,408000,409000,1.0,server_sent
fd00::207:7:7:7,419,419000,420000,1.0,server_sent
fd00::207:7:7:7,429,429000,430000,1.0,server_sent
fd00::207:7:7:7,442,442000,443000,2.0,server_sent
fd00::207:7:7:7,451,451000,452000,1.0,server_sent
fd00::207:7:7:7,466,466000,467000,1.0,server_sent
fd00::207:7:7:7,474,474000,475000,1.0,server_sent
fd00::207:7:7:7,484,484000,485000,1.0,server_sent
fd00::207:7:7:7,505,505000,506000,2.0,server_sent
fd00::207:7:7:7,523,523000,524000,2.0,server_sent
fd00::207:7:7:7,534,534000,535000,1.0,server_sent
fd00::207:7:7:7,545,545000,546000,1.0,server_sent
fd00::207:7:7:7,555,555000,556000,1.0,server_sent
fd00::207:7:7:7,565,565000,566000,1.0,server_sent
fd00::207:7:7:7,576,576000,577000,1.0,server_sent
fd00::207:7:7:7,586,586000,587000,1.0,server_sent
fd00::207:7:7:7,597,597000,598000,1.0,server_sent
fd00::207:7:7:7,607,607000,608000,1.0,server_sent
fd00::207:7:7:7,618,618000,619000,1.0,server_sent
fd00::207:7:7:7,628,628000,629000,1.0,server_sent
fd00::207:7:7:7,639,639000,640000,1.0,server_sent
fd00::207:7:7:7,649,649000,650000,1.0,server_sent
fd00::207:7:7:7,664,664000,665000,2.0,server_sent
fd00::207:7:7:7,671,671000,672000,1.0,server_sent
fd00::207:7:7:7,684,684000,685000,1.0,server_sent
fd00::207:7:7:7,703,703000,704000,2.0,server_sent
fd00::207:7:7:7,894,894000,895000,19.0,server_sent
fd00::207:7:7:7,904,904000,905000,1.0,server_sent
fd00::207:7:7:7,913,913000,914000,1.0,server_sent
fd00::207:7:7:7,925,925000,926000,1.0,server_sent
fd00::207:7:7:7,932,932000,933000,1.0,server_sent
fd00::207:7:7:7,942,942000,943000,1.0,server_sent
fd00::207:7:7:7,953,953000,954000,1.0,server_sent
fd00::207:7:7:7,963,963000,964000,1.0,server_sent
fd00::207:7:7:7,974,974000,975000,1.0,server_sent
fd00::207:7:7:7,984,984000,985000,1.0,server_sent
fd00::207:7:7:7,996,996000,997000,1.0,server_sent
fd00::207:7:7:7,1005,1005000,1006000,1.0,server_sent
fd00::207:7:7:7,1019,1019000,1020000,1.0,server_sent
fd00::207:7:7:7,1026,1026000,1027000,1.0,server_sent
fd00::207:7:7:7,1037,1037000,1038000,1.0,server_sent
fd00::207:7:7:7,1048,1048000,1049000,1.0,server_sent
fd00::207:7:7:7,1058,1058000,1059000,1.0,server_sent
fd00::207:7:7:7,1068,1068000,1069000,1.0,server_sent
fd00::207:7:7:7,1079,1079000,1080000,1.0,server_sent
fd00::207:7:7:7,1089,1089000,1090000,1.0,server_sent
fd00::207:7:7:7,1309,1309000,1310000,22.0,server_sent
fd00::207:7:7:7,1320,1320000,1321000,2.0,server_sent
fd00::207:7:7:7,1542,1542000,1543000,22.0,server_sent
fd00::207:7:7:7,1552,1552000,1553000,1.0,server_sent
fd00::207:7:7:7,1563,1563000,1564000,1.0,server_sent
fd00::207:7:7:7,1573,1573000,1574000,1.0,server_sent
fd00::207:7:7:7,1582,1582000,1583000,1.0,server_sent
fd00::207:7:7:7,1593,1593000,1594000,1.0,server_sent
fd00::207:7:7:7,1602,1602000,1603000,1.0,server_sent
fd00::207:7:7:7,1619,1619000,1620000,1.0,server_sent
fd00::207:7:7:7,1749,1749000,1750000,13.0,server_sent
fd00::207:7:7:7,1764,1764000,1765000,2.0,server_sent
fd00::207:7:7:7,2042,2042000,2043000,28.0,server_sent
fd00::207:7:7:7,2053,2053000,2054000,1.0,server_sent
fd00::207:7:7:7,2063,2063000,2064000,1.0,server_sent
fd00::207:7:7:7,2075,2075000,2076000,1.0,server_sent
fd00::207:7:7:7,2087,2087000,2088000,1.0,server_sent
fd00::207:7:7:7,2096,2096000,2097000,1.0,server_sent
fd00::207:7:7:7,2105,2105000,2106000,1.0,server_sent
fd00::207:7:7:7,2116,2116000,2117000,1.0,server_sent
fd00::207:7:7:7,2126,2126000,2127000,1.0,server_sent
fd00::207:7:7:7,2137,2137000,2138000,1.0,server_sent
fd00::207:7:7:7,2147,2147000,2148000,1.0,server_sent
fd00::207:7:7:7,2158,2158000,2159000,1.0,server_sent
fd00::207:7:7:7,2168,2168000,2169000,1.0,server_sent
fd00::207:7:7:7,2179,2179000,2180000,1.0,server_sent
fd00::207:7:7:7,2189,2189000,2190000,1.0,server_sent
fd00::207:7:7:7,2203,2203000,2204000,2.0,server_sent
fd00::207:7:7:7,2212,2212000,2213000,1.0,server_sent
fd00::207:7:7:7,2225,2225000,2226000,1.0,server_sent
fd00::207:7:7:7,2232,2232000,2233000,1.0,server_sent
fd00::207:7:7:7,2242,2242000,2243000,1.0,server_sent
fd00::207:7:7:7,2252,2252000,2253000,1.0,server_sent
fd00::207:7:7:7,2262,2262000,2263000,1.0,server_sent
fd00::207:7:7:7,2273,2273000,2274000,1.0,server_sent
fd00::207:7:7:7,2283,2283000,2284000,1.0,server_sent
fd00::207:7:7:7,2294,2294000,2295000,1.0,server_sent
fd00::207:7:7:7,2305,2305000,2306000,1.0,server_sent
fd00::207:7:7:7,2319,2319000,2320000,1.0,server_sent
fd00::207:7:7:7,2325,2325000,2326000,1.0,server_sent
fd00::207:7:7:7,2336,2336000,2337000,1.0,server_sent
fd00::207:7:7:7,2346,2346000,2347000,1.0,server_sent
fd00::207:7:7:7,2357,2357000,2358000,1.0,server_sent
fd00::207:7:7:7,2367,2367000,2368000,1.0,server_sent
fd00::207:7:7:7,2378,2378000,2379000,1.0,server_sent
fd00::207:7:7:7,2388,2388000,2389000,1.0,server_sent
fd00::207:7:7:7,2399,2399000,2400000,1.0,server_sent
fd00::207:7:7:7,2409,2409000,2410000,1.0,server_sent
fd00::207:7:7:7,2619,2619000,2620000,21.0,server_sent
fd00::207:7:7:7,2629,2629000,2630000,1.0,server_sent
fd00::207:7:7:7,2639,2639000,2640000,1.0,server_sent
fd00::207:7:7:7,2651,2651000,2652000,2.0,server_sent
fd00::207:7:7:7,2663,2663000,2664000,1.0,server_sent
fd00::207:7:7:7,2671,2671000,2672000,1.0,server_sent
fd00::207:7:7:7,2682,2682000,2683000,1.0,server_sent
fd00::207:7:7:7,2692,2692000,2693000,1.0,server_sent
fd00::207:7:7:7,2702,2702000,2703000,1.0,server_sent
fd00::207:7:7:7,2714,2714000,2715000,1.0,server_sent
fd00::207:7:7:7,2725,2725000,2726000,1.0,server_sent
fd00::207:7:7:7,2734,2734000,2735000,1.0,server_sent
fd00::207:7:7:7,2744,2744000,2745000,1.0,server_sent
fd00::207:7:7:7,2755,2755000,2756000,1.0,server_sent
fd00::207:7:7:7,2765,2765000,2766000,1.0,server_sent
fd00::207:7:7:7,2776,2776000,2777000,1.0,server_sent
fd00::207:7:7:7,2786,2786000,2787000,1.0,server_sent
fd00::207:7:7:7,2797,2797000,2798000,1.0,server_sent
fd00::207:7:7:7,2807,2807000,2808000,1.0,server_sent
fd00::207:7:7:7,2818,2818000,2819000,1.0,server_sent
fd00::207:7:7:7,2828,2828000,2829000,1.0,server_sent
fd00::207:7:7:7,2839,2839000,2840000,1.0,server_sent
fd00::207:7:7:7,2849,2849000,2850000,1.0,server_sent
fd00::207:7:7:7,2859,2859000,2860000,2.0,server_sent
fd00::207:7:7:7,2871,2871000,2872000,1.0,server_sent
fd00::207:7:7:7,2885,2885000,2886000,1.0,server_sent
fd00::207:7:7:7,2892,2892000,2893000,1.0,server_sent
fd00::207:7:7:7,2901,2901000,2902000,1.0,server_sent
fd00::207:7:7:7,2912,2912000,2913000,1.0,server_sent
fd00::207:7:7:7,2923,2923000,2924000,1.0,server_sent
fd00::207:7:7:7,2933,2933000,2934000,1.0,server_sent
fd00::207:7:7:7,2943,2943000,2944000,1.0,server_sent
fd00::207:7:7:7,2954,2954000,2955000,1.0,server_sent
fd00::207:7:7:7,2964,2964000,2965000,1.0,server_sent
fd00::207:7:7:7,2975,2975000,2976000,1.0,server_sent
fd00::207:7:7:7,2985,2985000,2986000,1.0,server_sent
fd00::207:7:7:7,2996,2996000,2997000,1.0,server_sent
fd00::207:7:7:7,3006,3006000,3007000,1.0,server_sent
fd00::207:7:7:7,3017,3017000,3018000,1.0,server_sent
fd00::207:7:7:7,3027,3027000,3028000,1.0,server_sent
fd00::207:7:7:7,3038,3038000,3039000,1.0,server_sent
fd00::207:7:7:7,3048,3048000,3049000,1.0,server_sent
fd00::207:7:7:7,3059,3059000,3060000,1.0,server_sent
fd00::207:7:7:7,3069,3069000,3070000,1.0,server_sent
fd00::207:7:7:7,3081,3081000,3082000,2.0,server_sent
fd00::207:7:7:7,3093,3093000,3094000,1.0,server_sent
fd00::207:7:7:7,3101,3101000,3102000,1.0,server_sent
fd00::207:7:7:7,3112,3112000,3113000,1.0,server_sent
fd00::207:7:7:7,3122,3122000,3123000,1.0,server_sent
fd00::207:7:7:7,3132,3132000,3133000,1.0,server_sent
fd00::207:7:7:7,3142,3142000,3143000,1.0,server_sent
fd00::207:7:7:7,3153,3153000,3154000,1.0,server_sent
fd00::207:7:7:7,3163,3163000,3164000,1.0,server_sent
fd00::207:7:7:7,3175,3175000,3176000,1.0,server_sent
fd00::207:7:7:7,3184,3184000,3185000,1.0,server_sent
fd00::207:7:7:7,3195,3195000,3196000,1.0,server_sent
fd00::207:7:7:7,3205,3205000,3206000,1.0,server_sent
fd00::207:7:7:7,3216,3216000,3217000,1.0,server_sent
fd00::207:7:7:7,3226,3226000,3227000,1.0,server_sent
fd00::207:7:7:7,3237,3237000,3238000,1.0,server_sent
fd00::207:7:7:7,3247,3247000,3248000,1.0,server_sent
fd00::207:7:7:7,3258,3258000,3259000,1.0,server_sent
fd00::207:7:7:7,3268,3268000,3269000,1.0,server_sent
fd00::207:7:7:7,3279,3279000,3280000,1.0,server_sent
fd00::207:7:7:7,3289,3289000,3290000,1.0,server_sent
fd00::207:7:7:7,3301,3301000,3302000,2.0,server_sent
fd00::207:7:7:7,3312,3312000,3313000,1.0,server_sent
fd00::207:7:7:7,3320,3320000,3321000,1.0,server_sent
fd00::207:7:7:7,3331,3331000,3332000,1.0,server_sent
fd00::207:7:7:7,3341,3341000,3342000,1.0,server_sent
fd00::207:7:7:7,3352,3352000,3353000,1.0,server_sent
fd00::207:7:7:7,3362,3362000,3363000,1.0,server_sent
fd00::207:7:7:7,3373,3373000,3374000,1.0,server_sent
fd00::207:7:7:7,3383,3383000,3384000,1.0,server_sent
fd00::207:7:7:7,3394,3394000,3395000,1.0,server_sent
fd00::207:7:7:7,3404,3404000,3405000,1.0,server_sent
fd00::207:7:7:7,3415,3415000,3416000,1.0,server_sent
fd00::207:7:7:7,3425,3425000,3426000,1.0,server_sent
fd00::207:7:7:7,3436,3436000,3437000,1.0,server_sent
fd00::207:7:7:7,3446,3446000,3447000,1.0,server_sent
fd00::207:7:7:7,3457,3457000,3458000,1.0,server_sent
fd00::207:7:7:7,3467,3467000,3468000,1.0,server_sent
fd00::207:7:7:7,3478,3478000,3479000,1.0,server_sent
fd00::207:7:7:7,3488,3488000,3489000,1.0,server_sent
fd00::207:7:7:7,3499,3499000,3500000,1.0,server_sent
fd00::207:7:7:7,3509,3509000,3510000,1.0,server_sent
fd00::207:7:7:7,3519,3519000,3520000,1.0,server_sent
fd00::207:7:7:7,3531,3531000,3532000,2.0,server_sent
fd00::207:7:7:7,3541,3541000,3542000,1.0,server_sent
fd00::207:7:7:7,3551,3551000,3552000,1.0,server_sent
fd00::207:7:7:7,3563,3563000,3564000,1.0,server_sent
fd00::207:7:7:7,3572,3572000,3573000,1.0,server_sent
fd00::207:7:7:7,3582,3582000,3583000,1.0,server_sent
fd00::207:7:7:7,3593,3593000,3594000,1.0,server_sent
fd00::208:8:8:8,31,31000,32000,0.0,server_sent
fd00::208:8:8:8,41,41000,42000,1.0,server_sent
fd00::208:8:8:8,52,52000,53000,1.0,server_sent
fd00::208:8:8:8,62,62000,63000,1.0,server_sent
fd00::208:8:8:8,73,73000,74000,1.0,server_sent
fd00::208:8:8:8,86,86000,87000,1.0,server_sent
fd00::208:8:8:8,95,95000,96000,1.0,server_sent
fd00::208:8:8:8,104,104000,105000,1.0,server_sent
fd00::208:8:8:8,115,115000,116000,1.0,server_sent
fd00::208:8:8:8,125,125000,126000,1.0,server_sent
fd00::208:8:8:8,136,136000,137000,1.0,server_sent
fd00::208:8:8:8,146,146000,147000,1.0,server_sent
fd00::208:8:8:8,156,156000,157000,1.0,server_sent
fd00::208:8:8:8,173,173000,174000,2.0,server_sent
fd00::208:8:8:8,179,179000,180000,0.0,server_sent
fd00::208:8:8:8,188,188000,189000,1.0,server_sent
fd00::208:8:8:8,198,198000,199000,1.0,server_sent
fd00::208:8:8:8,215,215000,216000,2.0,server_sent
fd00::208:8:8:8,222,222000,223000,1.0,server_sent
fd00::208:8:8:8,233,233000,234000,1.0,server_sent
fd00::208:8:8:8,243,243000,244000,1.0,server_sent
fd00::208:8:8:8,254,254000,255000,1.0,server_sent
fd00::208:8:8:8,266,266000,267000,1.0,server_sent
fd00::208:8:8:8,275,275000,276000,1.0,server_sent
fd00::208:8:8:8,288,288000,289000,1.0,server_sent
fd00::208:8:8:8,293,293000,294000,1.0,server_sent
fd00::208:8:8:8,303,303000,304000,1.0,server_sent
fd00::208:8:8:8,318,318000,319000,1.0,server_sent
fd00::208:8:8:8,327,327000,328000,1.0,server_sent
fd00::208:8:8:8,335,335000,336000,1.0,server_sent
fd00::208:8:8:8,345,345000,346000,1.0,server_sent
fd00::208:8:8:8,357,357000,358000,1.0,server_sent
fd00::208:8:8:8,366,366000,367000,1.0,server_sent
fd00::208:8:8:8,377,377000,378000,1.0,server_sent
fd00::208:8:8:8,387,387000,388000,1.0,server_sent
fd00::208:8:8:8,398,398000,399000,1.0,server_sent
fd00::208:8:8:8,408,408000,409000,1.0,server_sent
fd00::208:8:8:8,419,419000,420000,1.0,server_sent
fd00::208:8:8:8,429,429000,430000,1.0,server_sent
fd00::208:8:8:8,440,440000,441000,2.0,server_sent
fd00::208:8:8:8,454,454000,455000,1.0,server_sent
fd00::208:8:8:8,461,461000,462000,1.0,server_sent
fd00::208:8:8:8,472,472000,473000,1.0,server_sent
fd00::208:8:8:8,486,486000,487000,1.0,server_sent
fd00::208:8:8:8,495,495000,496000,1.0,server_sent
fd00::208:8:8:8,507,507000,508000,1.0,server_sent
fd00::208:8:8:8,519,519000,520000,1.0,server_sent
fd00::208:8:8:8,534,534000,535000,2.0,server_sent
fd00::208:8:8:8,544,544000,545000,1.0,server_sent
fd00::208:8:8:8,555,555000,556000,1.0,server_sent
fd00::208:8:8:8,568,568000,569000,1.0,server_sent
fd00::208:8:8:8,576,576000,577000,1.0,server_sent
fd00::208:8:8:8,587,587000,588000,1.0,server_sent
fd00::208:8:8:8,604,604000,605000,2.0,server_sent
fd00::208:8:8:8,607,607000,608000,0.0,server_sent
fd00::208:8:8:8,618,618000,619000,1.0,server_sent
fd00::208:8:8:8,628,628000,629000,1.0,server_sent
fd00::208:8:8:8,639,639000,640000,1.0,server_sent
fd00::208:8:8:8,649,649000,650000,1.0,server_sent
fd00::208:8:8:8,665,665000,666000,2.0,server_sent
fd00::208:8:8:8,671,671000,672000,1.0,server_sent
fd00::208:8:8:8,685,685000,686000,1.0,server_sent
fd00::208:8:8:8,698,698000,699000,1.0,server_sent
fd00::208:8:8:8,705,705000,706000,1.0,server_sent
fd00::208:8:8:8,714,714000,715000,1.0,server_sent
fd00::208:8:8:8,724,724000,725000,1.0,server_sent
fd00::208:8:8:8,734,734000,735000,1.0,server_sent
fd00::208:8:8:8,745,745000,746000,1.0,server_sent
fd00::208:8:8:8,754,754000,755000,1.0,server_sent
fd00::208:8:8:8,768,768000,769000,1.0,server_sent
fd00::208:8:8:8,786,786000,787000,2.0,server_sent
fd00::208:8:8:8,796,796000,797000,1.0,server_sent
fd00::208:8:8:8,813,813000,814000,2.0,server_sent
fd00::208:8:8:8,827,827000,828000,1.0,server_sent
fd00::208:8:8:8,838,838000,839000,1.0,server_sent
fd00::208:8:8:8,848,848000,849000,1.0,server_sent
fd00::208:8:8:8,859,859000,860000,1.0,server_sent
fd00::208:8:8:8,873,873000,874000,2.0,server_sent
fd00::208:8:8:8,886,886000,887000,1.0,server_sent
fd00::208:8:8:8,893,893000,894000,1.0,server_sent
fd00::208:8:8:8,901,901000,902000,1.0,server_sent
fd00::208:8:8:8,911,911000,912000,1.0,server_sent
fd00::208:8:8:8,924,924000,925000,1.0,server_sent
fd00::208:8:8:8,933,933000,934000,1.0,server_sent
fd00::208:8:8:8,943,943000,944000,1.0,server_sent
fd00::208:8:8:8,953,953000,954000,1.0,server_sent
fd00::208:8:8:8,964,964000,965000,1.0,server_sent
fd00::208:8:8:8,974,974000,975000,1.0,server_sent
fd00::208:8:8:8,985,985000,986000,1.0,server_sent
fd00::208:8:8:8,995,995000,996000,1.0,server_sent
fd00::208:8:8:8,1006,1006000,1007000,1.0,server_sent
fd00::208:8:8:8,1017,1017000,1018000,1.0,server_sent
fd00::208:8:8:8,1027,1027000,1028000,1.0,server_sent
fd00::208:8:8:8,1039,1039000,1040000,1.0,server_sent
fd00::208:8:8:8,1394,1394000,1395000,36.0,server_sent
fd00::208:8:8:8,1404,1404000,1405000,1.0,server_sent
fd00::208:8:8:8,1414,1414000,1415000,1.0,server_sent
fd00::208:8:8:8,1432,1432000,1433000,2.0,server_sent
fd00::208:8:8:8,1697,1697000,1698000,26.0,server_sent
fd00::208:8:8:8,1708,1708000,1709000,1.0,server_sent
fd00::208:8:8:8,1718,1718000,1719000,1.0,server_sent
fd00::208:8:8:8,1729,1729000,1730000,1.0,server_sent
fd00::208:8:8:8,1739,1739000,1740000,1.0,server_sent
fd00::208:8:8:8,1752,1752000,1753000,2.0,server_sent
fd00::208:8:8:8,1760,1760000,1761000,1.0,server_sent
fd00::208:8:8:8,1776,1776000,1777000,1.0,server_sent
fd00::208:8:8:8,2114,2114000,2115000,34.0,server_sent
fd00::208:8:8:8,2452,2452000,2453000,34.0,server_sent
fd00::208:8:8:8,2463,2463000,2464000,1.0,server_sent
fd00::208:8:8:8,2474,2474000,2475000,1.0,server_sent
fd00::208:8:8:8,2485,2485000,2486000,1.0,server_sent
fd00::208:8:8:8,2494,2494000,2495000,1.0,server_sent
fd00::208:8:8:8,2505,2505000,2506000,1.0,server_sent
fd00::208:8:8:8,2515,2515000,2516000,1.0,server_sent
fd00::208:8:8:8,2526,2526000,2527000,1.0,server_sent
fd00::208:8:8:8,2536,2536000,2537000,1.0,server_sent
fd00::208:8:8:8,2547,2547000,2548000,1.0,server_sent
fd00::208:8:8:8,2557,2557000,2558000,1.0,server_sent
fd00::208:8:8:8,2568,2568000,2569000,1.0,server_sent
fd00::208:8:8:8,2578,2578000,2579000,1.0,server_sent
fd00::208:8:8:8,2589,2589000,2590000,1.0,server_sent
fd00::208:8:8:8,2599,2599000,2600000,1.0,server_sent
fd00::208:8:8:8,2609,2609000,2610000,1.0,server_sent
fd00::208:8:8:8,2622,2622000,2623000,2.0,server_sent
fd00::208:8:8:8,2632,2632000,2633000,1.0,server_sent
fd00::208:8:8:8,2643,2643000,2644000,1.0,server_sent
fd00::208:8:8:8,2651,2651000,2652000,1.0,server_sent
fd00::208:8:8:8,2662,2662000,2663000,1.0,server_sent
fd00::208:8:8:8,2673,2673000,2674000,1.0,server_sent
fd00::208:8:8:8,2683,2683000,2684000,1.0,server_sent
fd00::208:8:8:8,2693,2693000,2694000,1.0,server_sent
fd00::208:8:8:8,2704,2704000,2705000,1.0,server_sent
fd00::208:8:8:8,2714,2714000,2715000,1.0,server_sent
fd00::208:8:8:8,2725,2725000,2726000,1.0,server_sent
fd00::208:8:8:8,2735,2735000,2736000,1.0,server_sent
fd00::208:8:8:8,2746,2746000,2747000,1.0,server_sent
fd00::208:8:8:8,2756,2756000,2757000,1.0,server_sent
fd00::208:8:8:8,2767,2767000,2768000,1.0,server_sent
fd00::208:8:8:8,2777,2777000,2778000,1.0,server_sent
fd00::208:8:8:8,2788,2788000,2789000,1.0,server_sent
fd00::208:8:8:8,2798,2798000,2799000,1.0,server_sent
fd00::208:8:8:8,2809,2809000,2810000,1.0,server_sent
fd00::208:8:8:8,2819,2819000,2820000,1.0,server_sent
fd00::208:8:8:8,2834,2834000,2835000,2.0,server_sent
fd00::208:8:8:8,2842,2842000,2843000,1.0,server_sent
fd00::208:8:8:8,2851,2851000,2852000,1.0,server_sent
fd00::208:8:8:8,2864,2864000,2865000,1.0,server_sent
fd00::208:8:8:8,2872,2872000,2873000,1.0,server_sent
fd00::208:8:8:8,2882,2882000,2883000,1.0,server_sent
fd00::208:8:8:8,2893,2893000,2894000,1.0,server_sent
fd00::208:8:8:8,2903,2903000,2904000,1.0,server_sent
fd00::208:8:8:8,2913,2913000,2914000,1.0,server_sent
fd00::208:8:8:8,2925,2925000,2926000,1.0,server_sent
fd00::208:8:8:8,2934,2934000,2935000,1.0,server_sent
fd00::208:8:8:8,2945,2945000,2946000,1.0,server_sent
fd00::208:8:8:8,2955,2955000,2956000,1.0,server_sent
fd00::208:8:8:8,2966,2966000,2967000,1.0,server_sent
fd00::208:8:8:8,2976,2976000,2977000,1.0,server_sent
fd00::208:8:8:8,2987,2987000,2988000,1.0,server_sent
fd00::208:8:8:8,2997,2997000,2998000,1.0,server_sent
fd00::208:8:8:8,3008,3008000,3009000,1.0,server_sent
fd00::208:8:8:8,3018,3018000,3019000,1.0,server_sent
fd00::208:8:8:8,3029,3029000,3030000,1.0,server_sent
fd00::208:8:8:8,3039,3039000,3040000,1.0,server_sent
fd00::208:8:8:8,3052,3052000,3053000,2.0,server_sent
fd00::208:8:8:8,3062,3062000,3063000,1.0,server_sent
fd00::208:8:8:8,3071,3071000,3072000,1.0,server_sent
fd00::208:8:8:8,3085,3085000,3086000,1.0,server_sent
fd00::208:8:8:8,3092,3092000,3093000,1.0,server_sent
fd00::208:8:8:8,3104,3104000,3105000,1.0,server_sent
fd00::208:8:8:8,3113,3113000,3114000,1.0,server_sent
fd00::208:8:8:8,3123,3123000,3124000,1.0,server_sent
fd00::208:8:8:8,3134,3134000,3135000,1.0,server_sent
fd00::208:8:8:8,3144,3144000,3145000,1.0,server_sent
fd00::208:8:8:8,3155,3155000,3156000,1.0,server_sent
fd00::208:8:8:8,3165,3165000,3166000,1.0,server_sent
fd00::208:8:8:8,3176,3176000,3177000,1.0,server_sent
fd00::208:8:8:8,3186,3186000,3187000,1.0,server_sent
fd00::208:8:8:8,3197,3197000,3198000,1.0,server_sent
fd00::208:8:8:8,3207,3207000,3208000,1.0,server_sent
fd00::208:8:8:8,3217,3217000,3218000,1.0,server_sent
fd00::208:8:8:8,3228,3228000,3229000,1.0,server_sent
fd00::208:8:8:8,3239,3239000,3240000,1.0,server_sent
fd00::208:8:8:8,3249,3249000,3250000,1.0,server_sent
fd00::208:8:8:8,3259,3259000,3260000,1.0,server_sent
fd00::208:8:8:8,3270,3270000,3271000,2.0,server_sent
fd00::208:8:8:8,3281,3281000,3282000,1.0,server_sent
fd00::208:8:8:8,3295,3295000,3296000,1.0,server_sent
fd00::208:8:8:8,3301,3301000,3302000,1.0,server_sent
fd00::208:8:8:8,3312,3312000,3313000,1.0,server_sent
fd00::208:8:8:8,3323,3323000,3324000,1.0,server_sent
fd00::208:8:8:8,3333,3333000,3334000,1.0,server_sent
fd00::208:8:8:8,3343,3343000,3344000,1.0,server_sent
fd00::208:8:8:8,3354,3354000,3355000,1.0,server_sent
fd00::208:8:8:8,3364,3364000,3365000,1.0,server_sent
fd00::208:8:8:8,3375,3375000,3376000,1.0,server_sent
fd00::208:8:8:8,3385,3385000,3386000,1.0,server_sent
fd00::208:8:8:8,3396,3396000,3397000,1.0,server_sent
fd00::208:8:8:8,3406,3406000,3407000,1.0,server_sent
fd00::208:8:8:8,3417,3417000,3418000,1.0,server_sent
fd00::208:8:8:8,3427,3427000,3428000,1.0,server_sent
fd00::208:8:8:8,3438,3438000,3439000,1.0,server_sent
fd00::208:8:8:8,3448,3448000,3449000,1.0,server_sent
fd00::208:8:8:8,3459,3459000,3460000,1.0,server_sent
fd00::208:8:8:8,3469,3469000,3470000,1.0,server_sent
fd00::208:8:8:8,3482,3482000,3483000,2.0,server_sent
fd00::208:8:8:8,3492,3492000,3493000,1.0,server_sent
fd00::208:8:8:8,3502,3502000,3503000,1.0,server_sent
fd00::208:8:8:8,3512,3512000,3513000,1.0,server_sent
fd00::208:8:8:8,3522,3522000,3523000,1.0,server_sent
fd00::208:8:8:8,3532,3532000,3533000,1.0,server_sent
fd00::208:8:8:8,3542,3542000,3543000,1.0,server_sent
fd00::208:8:8:8,3553,3553000,3554000,1.0,server_sent
fd00::208:8:8:8,3563,3563000,3564000,1.0,server_sent
fd00::208:8:8:8,3574,3574000,3575000,1.0,server_sent
fd00::208:8:8:8,3585,3585000,3586000,1.0,server_sent
fd00::208:8:8:8,3595,3595000,3596000,1.0,server_sent
fd00::209:9:9:9,53,53000,54000,0.0,server_sent
fd00::209:9:9:9,63,63000,64000,1.0,server_sent
fd00::209:9:9:9,74,74000,75000,1.0,server_sent
fd00::209:9:9:9,86,86000,87000,1.0,server_sent
fd00::209:9:9:9,96,96000,97000,1.0,server_sent
fd00::209:9:9:9,106,106000,107000,1.0,server_sent
fd00::209:9:9:9,116,116000,117000,1.0,server_sent
fd00::209:9:9:9,127,127000,128000,1.0,server_sent
fd00::209:9:9:9,137,137000,138000,1.0,server_sent
fd00::209:9:9:9,148,148000,149000,1.0,server_sent
fd00::209:9:9:9,158,158000,159000,1.0,server_sent
fd00::209:9:9:9,174,174000,175000,2.0,server_sent
fd00::209:9:9:9,182,182000,183000,1.0,server_sent
fd00::209:9:9:9,194,194000,195000,1.0,server_sent
fd00::209:9:9:9,205,205000,206000,1.0,server_sent
fd00::209:9:9:9,216,216000,217000,1.0,server_sent
fd00::209:9:9:9,243,243000,244000,3.0,server_sent
fd00::209:9:9:9,248,248000,249000,0.0,server_sent
fd00::209:9:9:9,264,264000,265000,2.0,server_sent
fd00::209:9:9:9,269,269000,270000,0.0,server_sent
fd00::209:9:9:9,283,283000,284000,2.0,server_sent
fd00::209:9:9:9,288,288000,289000,0.0,server_sent
fd00::209:9:9:9,297,297000,298000,1.0,server_sent
fd00::209:9:9:9,306,306000,307000,1.0,server_sent
fd00::209:9:9:9,319,319000,320000,1.0,server_sent
fd00::209:9:9:9,328,328000,329000,1.0,server_sent
fd00::209:9:9:9,338,338000,339000,1.0,server_sent
fd00::209:9:9:9,349,349000,350000,1.0,server_sent
fd00::209:9:9:9,361,361000,362000,2.0,server_sent
fd00::209:9:9:9,373,373000,374000,1.0,server_sent
fd00::209:9:9:9,384,384000,385000,1.0,server_sent
fd00::209:9:9:9,393,393000,394000,1.0,server_sent
fd00::209:9:9:9,402,402000,403000,1.0,server_sent
fd00::209:9:9:9,413,413000,414000,1.0,server_sent
fd00::209:9:9:9,425,425000,426000,1.0,server_sent
fd00::209:9:9:9,436,436000,437000,1.0,server_sent
fd00::209:9:9:9,445,445000,446000,1.0,server_sent
fd00::209:9:9:9,455,455000,456000,1.0,server_sent
fd00::209:9:9:9,466,466000,467000,1.0,server_sent
fd00::209:9:9:9,476,476000,477000,1.0,server_sent
fd00::209:9:9:9,487,487000,488000,1.0,server_sent
fd00::209:9:9:9,519,519000,520000,3.0,server_sent
fd00::209:9:9:9,553,553000,554000,4.0,server_sent
fd00::209:9:9:9,563,563000,564000,1.0,server_sent
fd00::209:9:9:9,575,575000,576000,1.0,server_sent
fd00::209:9:9:9,584,584000,585000,1.0,server_sent
fd00::209:9:9:9,597,597000,598000,1.0,server_sent
fd00::209:9:9:9,604,604000,605000,1.0,server_sent
fd00::209:9:9:9,613,613000,614000,1.0,server_sent
fd00::209:9:9:9,626,626000,627000,1.0,server_sent
fd00::209:9:9:9,634,634000,635000,1.0,server_sent
fd00::209:9:9:9,645,645000,646000,1.0,server_sent
fd00::209:9:9:9,655,655000,656000,1.0,server_sent
fd00::209:9:9:9,666,666000,667000,1.0,server_sent
fd00::209:9:9:9,678,678000,679000,1.0,server_sent
fd00::209:9:9:9,687,687000,688000,1.0,server_sent
fd00::209:9:9:9,698,698000,699000,1.0,server_sent
fd00::209:9:9:9,709,709000,710000,1.0,server_sent
fd00::209:9:9:9,719,719000,720000,1.0,server_sent
fd00::209:9:9:9,732,732000,733000,2.0,server_sent
fd00::209:9:9:9,745,745000,746000,1.0,server_sent
fd00::209:9:9:9,754,754000,755000,1.0,server_sent
fd00::209:9:9:9,768,768000,769000,1.0,server_sent
fd00::209:9:9:9,773,773000,774000,1.0,server_sent
fd00::209:9:9:9,783,783000,784000,1.0,server_sent
fd00::209:9:9:9,794,794000,795000,1.0,server_sent
fd00::209:9:9:9,815,815000,816000,2.0,server_sent
fd00::209:9:9:9,829,829000,830000,1.0,server_sent
fd00::209:9:9:9,835,835000,836000,1.0,server_sent
fd00::20a:a:a:a,94,94000,95000,0.0,server_sent
fd00::20a:a:a:a,106,106000,107000,1.0,server_sent
fd00::20a:a:a:a,113,113000,114000,1.0,server_sent
fd00::20a:a:a:a,124,124000,125000,1.0,server_sent
fd00::20a:a:a:a,135,135000,136000,1.0,server_sent
fd00::20a:a:a:a,145,145000,146000,1.0,server_sent
fd00::20a:a:a:a,157,157000,158000,1.0,server_sent
fd00::20a:a:a:a,167,167000,168000,1.0,server_sent
fd00::20a:a:a:a,174,174000,175000,1.0,server_sent
fd00::20a:a:a:a,185,185000,186000,1.0,server_sent
fd00::20a:a:a:a,196,196000,197000,1.0,server_sent
fd00::20a:a:a:a,213,213000,214000,2.0,server_sent
fd00::20a:a:a:a,233,233000,234000,2.0,server_sent
fd00::20a:a:a:a,238,238000,239000,0.0,server_sent
fd00::20a:a:a:a,245,245000,246000,1.0,server_sent
fd00::20b:b:b:b,133,133000,134000,0.0,server_sent
fd00::20b:b:b:b,146,146000,147000,1.0,server_sent
fd00::20b:b:b:b,152,152000,153000,1.0,server_sent
fd00::20b:b:b:b,164,164000,165000,1.0,server_sent
fd00::20b:b:b:b,178,178000,179000,1.0,server_sent
fd00::20b:b:b:b,184,184000,185000,1.0,server_sent
fd00::20b:b:b:b,203,203000,204000,2.0,server_sent
fd00::20b:b:b:b,213,213000,214000,1.0,server_sent
fd00::20b:b:b:b,216,216000,217000,0.0,server_sent
fd00::20b:b:b:b,238,238000,239000,2.0,server_sent
fd00::20b:b:b:b,248,248000,249000,1.0,server_sent
fd00::20b:b:b:b,264,264000,265000,2.0,server_sent
fd00::20b:b:b:b,269,269000,270000,0.0,server_sent
fd00::20b:b:b:b,283,283000,284000,2.0,server_sent
fd00::20b:b:b:b,288,288000,289000,0.0,server_sent
fd00::20b:b:b:b,296,296000,297000,1.0,server_sent
fd00::20b:b:b:b,303,303000,304000,1.0,server_sent
fd00::20b:b:b:b,319,319000,320000,1.0,server_sent
fd00::20b:b:b:b,327,327000,328000,1.0,server_sent
fd00::20b:b:b:b,334,334000,335000,1.0,server_sent
fd00::20b:b:b:b,345,345000,346000,1.0,server_sent
fd00::20b:b:b:b,355,355000,356000,1.0,server_sent
fd00::20b:b:b:b,364,364000,365000,1.0,server_sent
fd00::20b:b:b:b,374,374000,375000,1.0,server_sent
fd00::20b:b:b:b,384,384000,385000,1.0,server_sent
fd00::20b:b:b:b,397,397000,398000,1.0,server_sent
fd00::20b:b:b:b,404,404000,405000,1.0,server_sent
fd00::20b:b:b:b,415,415000,416000,1.0,server_sent
fd00::20b:b:b:b,425,425000,426000,1.0,server_sent
fd00::20b:b:b:b,436,436000,437000,1.0,server_sent
fd00::20b:b:b:b,446,446000,447000,1.0,server_sent
fd00::20b:b:b:b,455,455000,456000,1.0,server_sent
fd00::20b:b:b:b,467,467000,468000,1.0,server_sent
fd00::20b:b:b:b,475,475000,476000,1.0,server_sent
fd00::20b:b:b:b,486,486000,487000,1.0,server_sent
fd00::20b:b:b:b,497,497000,498000,1.0,server_sent
fd00::20b:b:b:b,514,514000,515000,2.0,server_sent
fd00::20b:b:b:b,556,556000,557000,4.0,server_sent
fd00::20b:b:b:b,568,568000,569000,1.0,server_sent
fd00::20b:b:b:b,577,577000,578000,1.0,server_sent
fd00::20b:b:b:b,587,587000,588000,1.0,server_sent
fd00::20b:b:b:b,599,599000,600000,1.0,server_sent
fd00::20b:b:b:b,607,607000,608000,1.0,server_sent
fd00::20b:b:b:b,617,617000,618000,1.0,server_sent
fd00::20b:b:b:b,627,627000,628000,1.0,server_sent
fd00::20b:b:b:b,637,637000,638000,1.0,server_sent
fd00::20b:b:b:b,648,648000,649000,1.0,server_sent
fd00::20b:b:b:b,658,658000,659000,1.0,server_sent
fd00::20b:b:b:b,668,668000,669000,1.0,server_sent
fd00::20b:b:b:b,678,678000,679000,1.0,server_sent
fd00::20b:b:b:b,688,688000,689000,1.0,server_sent
fd00::20b:b:b:b,699,699000,700000,1.0,server_sent
fd00::20b:b:b:b,709,709000,710000,1.0,server_sent
fd00::20b:b:b:b,718,718000,719000,1.0,server_sent
fd00::20b:b:b:b,728,728000,729000,1.0,server_sent
fd00::20b:b:b:b,744,744000,745000,2.0,server_sent
fd00::20b:b:b:b,749,749000,750000,0.0,server_sent
fd00::20b:b:b:b,759,759000,760000,1.0,server_sent
fd00::20b:b:b:b,769,769000,770000,1.0,server_sent
fd00::20b:b:b:b,781,781000,782000,2.0,server_sent
fd00::20b:b:b:b,793,793000,794000,1.0,server_sent
fd00::20b:b:b:b,804,804000,805000,1.0,server_sent
fd00::20b:b:b:b,815,815000,816000,1.0,server_sent
fd00::20b:b:b:b,825,825000,826000,1.0,server_sent
fd00::20b:b:b:b,833,833000,834000,1.0,server_sent
fd00::20c:c:c:c,21,21000,22000,0.0,server_sent
fd00::20c:c:c:c,32,32000,33000,1.0,server_sent
fd00::20c:c:c:c,43,43000,44000,1.0,server_sent
fd00::20c:c:c:c,54,54000,55000,1.0,server_sent
fd00::20c:c:c:c,65,65000,66000,1.0,server_sent
fd00::20c:c:c:c,76,76000,77000,1.0,server_sent
fd00::20c:c:c:c,86,86000,87000,1.0,server_sent
fd00::20c:c:c:c,97,97000,98000,1.0,server_sent
fd00::20c:c:c:c,108,108000,109000,1.0,server_sent
fd00::20c:c:c:c,119,119000,120000,1.0,server_sent
fd00::20c:c:c:c,134,134000,135000,2.0,server_sent
fd00::20c:c:c:c,144,144000,145000,1.0,server_sent
fd00::20c:c:c:c,155,155000,156000,1.0,server_sent
fd00::20c:c:c:c,166,166000,167000,1.0,server_sent
fd00::20c:c:c:c,173,173000,174000,1.0,server_sent
fd00::20c:c:c:c,186,186000,187000,1.0,server_sent
fd00::20c:c:c:c,196,196000,197000,1.0,server_sent
fd00::20c:c:c:c,212,212000,213000,2.0,server_sent
fd00::20c:c:c:c,216,216000,217000,0.0,server_sent
fd00::20c:c:c:c,229,229000,230000,1.0,server_sent
fd00::20c:c:c:c,239,239000,240000,1.0,server_sent
fd00::20c:c:c:c,253,253000,254000,2.0,server_sent
fd00::20c:c:c:c,269,269000,270000,1.0,server_sent
fd00::20c:c:c:c,498,498000,499000,23.0,server_sent
fd00::20c:c:c:c,509,509000,510000,1.0,server_sent
fd00::20c:c:c:c,521,521000,522000,2.0,server_sent
fd00::20c:c:c:c,531,531000,532000,1.0,server_sent
fd00::20c:c:c:c,543,543000,544000,1.0,server_sent
fd00::20c:c:c:c,552,552000,553000,1.0,server_sent
fd00::20c:c:c:c,563,563000,564000,1.0,server_sent
fd00::20c:c:c:c,574,574000,575000,1.0,server_sent
fd00::20c:c:c:c,585,585000,586000,1.0,server_sent
fd00::20c:c:c:c,596,596000,597000,1.0,server_sent
fd00::20c:c:c:c,606,606000,607000,1.0,server_sent
fd00::20c:c:c:c,617,617000,618000,1.0,server_sent
fd00::20c:c:c:c,628,628000,629000,1.0,server_sent
fd00::20c:c:c:c,639,639000,640000,1.0,server_sent
fd00::20c:c:c:c,650,650000,651000,2.0,server_sent
fd00::20c:c:c:c,663,663000,664000,1.0,server_sent
fd00::20c:c:c:c,671,671000,672000,1.0,server_sent
fd00::20c:c:c:c,683,683000,684000,1.0,server_sent
fd00::20c:c:c:c,693,693000,694000,1.0,server_sent
fd00::20c:c:c:c,705,705000,706000,1.0,server_sent
fd00::20c:c:c:c,715,715000,716000,1.0,server_sent
fd00::20c:c:c:c,726,726000,727000,1.0,server_sent
fd00::20c:c:c:c,739,739000,740000,1.0,server_sent
fd00::20c:c:c:c,747,747000,748000,1.0,server_sent
fd00::20c:c:c:c,758,758000,759000,1.0,server_sent
fd00::20c:c:c:c,769,769000,770000,1.0,server_sent
fd00::20c:c:c:c,783,783000,784000,2.0,server_sent
fd00::20c:c:c:c,809,809000,810000,2.0,server_sent
fd00::20c:c:c:c,813,813000,814000,1.0,server_sent
fd00::20c:c:c:c,823,823000,824000,1.0,server_sent
fd00::20c:c:c:c,834,834000,835000,1.0,server_sent
fd00::20c:c:c:c,846,846000,847000,1.0,server_sent
fd00::20c:c:c:c,856,856000,857000,1.0,server_sent
fd00::20c:c:c:c,867,867000,868000,1.0,server_sent
fd00::20c:c:c:c,877,877000,878000,1.0,server_sent
fd00::20c:c:c:c,888,888000,889000,1.0,server_sent
fd00::20c:c:c:c,922,922000,923000,4.0,server_sent
fd00::20c:c:c:c,935,935000,936000,1.0,server_sent
fd00::20c:c:c:c,942,942000,943000,1.0,server_sent
fd00::20c:c:c:c,953,953000,954000,1.0,server_sent
fd00::20c:c:c:c,971,971000,972000,2.0,server_sent
fd00::20c:c:c:c,986,986000,987000,1.0,server_sent
fd00::20c:c:c:c,1148,1148000,1149000,16.0,server_sent
fd00::20c:c:c:c,1159,1159000,1160000,1.0,server_sent
fd00::20c:c:c:c,1172,1172000,1173000,2.0,server_sent
fd00::20c:c:c:c,1186,1186000,1187000,1.0,server_sent
fd00::20c:c:c:c,1205,1205000,1206000,2.0,server_sent
fd00::20c:c:c:c,1354,1354000,1355000,15.0,server_sent
fd00::20c:c:c:c,1365,1365000,1366000,1.0,server_sent
fd00::20c:c:c:c,1376,1376000,1377000,1.0,server_sent
fd00::20c:c:c:c,1386,1386000,1387000,1.0,server_sent
fd00::20c:c:c:c,1397,1397000,1398000,1.0,server_sent
fd00::20c:c:c:c,1408,1408000,1409000,1.0,server_sent
fd00::20c:c:c:c,1419,1419000,1420000,1.0,server_sent
fd00::20c:c:c:c,1657,1657000,1658000,24.0,server_sent
fd00::20c:c:c:c,1668,1668000,1669000,1.0,server_sent
fd00::20c:c:c:c,2275,2275000,2276000,61.0,server_sent
fd00::20c:c:c:c,2285,2285000,2286000,1.0,server_sent
fd00::20c:c:c:c,2296,2296000,2297000,1.0,server_sent
fd00::20c:c:c:c,2307,2307000,2308000,1.0,server_sent
fd00::20c:c:c:c,2318,2318000,2319000,1.0,server_sent
fd00::20c:c:c:c,2329,2329000,2330000,1.0,server_sent
fd00::20c:c:c:c,2342,2342000,2343000,2.0,server_sent
fd00::20c:c:c:c,2351,2351000,2352000,1.0,server_sent
fd00::20c:c:c:c,2363,2363000,2364000,1.0,server_sent
fd00::20c:c:c:c,2373,2373000,2374000,1.0,server_sent
fd00::20c:c:c:c,2383,2383000,2384000,1.0,server_sent
fd00::20c:c:c:c,2394,2394000,2395000,1.0,server_sent
fd00::20c:c:c:c,2405,2405000,2406000,1.0,server_sent
fd00::20c:c:c:c,2416,2416000,2417000,1.0,server_sent
fd00::20c:c:c:c,2426,2426000,2427000,1.0,server_sent
fd00::20c:c:c:c,2437,2437000,2438000,1.0,server_sent
fd00::20c:c:c:c,2448,2448000,2449000,1.0,server_sent
fd00::20c:c:c:c,2459,2459000,2460000,1.0,server_sent
fd00::20c:c:c:c,2473,2473000,2474000,2.0,server_sent
fd00::20c:c:c:c,2484,2484000,2485000,1.0,server_sent
fd00::20c:c:c:c,2491,2491000,2492000,1.0,server_sent
fd00::20c:c:c:c,2503,2503000,2504000,1.0,server_sent
fd00::20c:c:c:c,2513,2513000,2514000,1.0,server_sent
fd00::20c:c:c:c,2524,2524000,2525000,1.0,server_sent
fd00::20c:c:c:c,2535,2535000,2536000,1.0,server_sent
fd00::20c:c:c:c,2546,2546000,2547000,1.0,server_sent
fd00::20c:c:c:c,2557,2557000,2558000,1.0,server_sent
fd00::20c:c:c:c,2567,2567000,2568000,1.0,server_sent
fd00::20c:c:c:c,2578,2578000,2579000,1.0,server_sent
fd00::20c:c:c:c,2589,2589000,2590000,1.0,server_sent
fd00::20c:c:c:c,2601,2601000,2602000,2.0,server_sent
fd00::20c:c:c:c,2611,2611000,2612000,1.0,server_sent
fd00::20c:c:c:c,2623,2623000,2624000,1.0,server_sent
fd00::20c:c:c:c,2633,2633000,2634000,1.0,server_sent
fd00::20c:c:c:c,2643,2643000,2644000,1.0,server_sent
fd00::20c:c:c:c,2654,2654000,2655000,1.0,server_sent
fd00::20c:c:c:c,2665,2665000,2666000,1.0,server_sent
fd00::20c:c:c:c,2676,2676000,2677000,1.0,server_sent
fd00::20c:c:c:c,2686,2686000,2687000,1.0,server_sent
fd00::20c:c:c:c,2697,2697000,2698000,1.0,server_sent
fd00::20c:c:c:c,2708,2708000,2709000,1.0,server_sent
fd00::20c:c:c:c,2719,2719000,2720000,1.0,server_sent
fd00::20c:c:c:c,2731,2731000,2732000,2.0,server_sent
fd00::20c:c:c:c,2741,2741000,2742000,1.0,server_sent
fd00::20c:c:c:c,2753,2753000,2754000,1.0,server_sent
fd00::20c:c:c:c,2763,2763000,2764000,1.0,server_sent
fd00::20c:c:c:c,2773,2773000,2774000,1.0,server_sent
fd00::20c:c:c:c,2784,2784000,2785000,1.0,server_sent
fd00::20c:c:c:c,2795,2795000,2796000,1.0,server_sent
fd00::20c:c:c:c,2805,2805000,2806000,1.0,server_sent
fd00::20c:c:c:c,2816,2816000,2817000,1.0,server_sent
fd00::20c:c:c:c,2827,2827000,2828000,1.0,server_sent
fd00::20c:c:c:c,2838,2838000,2839000,1.0,server_sent
fd00::20c:c:c:c,2849,2849000,2850000,1.0,server_sent
fd00::20c:c:c:c,2862,2862000,2863000,2.0,server_sent
fd00::20c:c:c:c,2872,2872000,2873000,1.0,server_sent
fd00::20c:c:c:c,2882,2882000,2883000,1.0,server_sent
fd00::20c:c:c:c,2892,2892000,2893000,1.0,server_sent
fd00::20c:c:c:c,2903,2903000,2904000,1.0,server_sent
fd00::20c:c:c:c,2914,2914000,2915000,1.0,server_sent
fd00::20c:c:c:c,2925,2925000,2926000,1.0,server_sent
fd00::20c:c:c:c,2936,2936000,2937000,1.0,server_sent
fd00::20c:c:c:c,2946,2946000,2947000,1.0,server_sent
fd00::20c:c:c:c,2957,2957000,2958000,1.0,server_sent
fd00::20c:c:c:c,2968,2968000,2969000,1.0,server_sent
fd00::20c:c:c:c,2979,2979000,2980000,1.0,server_sent
fd00::20c:c:c:c,2992,2992000,2993000,2.0,server_sent
fd00::20c:c:c:c,3000,3000000,3001000,1.0,server_sent
fd00::20c:c:c:c,3012,3012000,3013000,1.0,server_sent
fd00::20c:c:c:c,3022,3022000,3023000,1.0,server_sent
fd00::20c:c:c:c,3033,3033000,3034000,1.0,server_sent
fd00::20c:c:c:c,3044,3044000,3045000,1.0,server_sent
fd00::20c:c:c:c,3055,3055000,3056000,1.0,server_sent
fd00::20c:c:c:c,3066,3066000,3067000,1.0,server_sent
fd00::20c:c:c:c,3076,3076000,3077000,1.0,server_sent
fd00::20c:c:c:c,3087,3087000,3088000,1.0,server_sent
fd00::20c:c:c:c,3098,3098000,3099000,1.0,server_sent
fd00::20c:c:c:c,3109,3109000,3110000,1.0,server_sent
fd00::20c:c:c:c,3124,3124000,3125000,2.0,server_sent
fd00::20c:c:c:c,3132,3132000,3133000,1.0,server_sent
fd00::20c:c:c:c,3141,3141000,3142000,1.0,server_sent
fd00::20c:c:c:c,3153,3153000,3154000,1.0,server_sent
fd00::20c:c:c:c,3163,3163000,3164000,1.0,server_sent
fd00::20c:c:c:c,3174,3174000,3175000,1.0,server_sent
fd00::20c:c:c:c,3185,3185000,3186000,1.0,server_sent
fd00::20c:c:c:c,3195,3195000,3196000,1.0,server_sent
fd00::20c:c:c:c,3206,3206000,3207000,1.0,server_sent
fd00::20c:c:c:c,3217,3217000,3218000,1.0,server_sent
fd00::20c:c:c:c,3228,3228000,3229000,1.0,server_sent
fd00::20c:c:c:c,3239,3239000,3240000,1.0,server_sent
fd00::20c:c:c:c,3251,3251000,3252000,2.0,server_sent
fd00::20c:c:c:c,3263,3263000,3264000,1.0,server_sent
fd00::20c:c:c:c,3274,3274000,3275000,1.0,server_sent
fd00::20c:c:c:c,3282,3282000,3283000,1.0,server_sent
fd00::20c:c:c:c,3293,3293000,3294000,1.0,server_sent
fd00::20c:c:c:c,3304,3304000,3305000,1.0,server_sent
fd00::20c:c:c:c,3315,3315000,3316000,1.0,server_sent
fd00::20c:c:c:c,3325,3325000,3326000,1.0,server_sent
fd00::20c:c:c:c,3336,3336000,3337000,1.0,server_sent
fd00::20c:c:c:c,3347,3347000,3348000,1.0,server_sent
fd00::20c:c:c:c,3358,3358000,3359000,1.0,server_sent
fd00::20c:c:c:c,3369,3369000,3370000,1.0,server_sent
fd00::20c:c:c:c,3381,3381000,3382000,2.0,server_sent
fd00::20c:c:c:c,3392,3392000,3393000,1.0,server_sent
fd00::20c:c:c:c,3403,3403000,3404000,1.0,server_sent
fd00::20c:c:c:c,3412,3412000,3413000,1.0,server_sent
fd00::20c:c:c:c,3423,3423000,3424000,1.0,server_sent
fd00::20c:c:c:c,3434,3434000,3435000,1.0,server_sent
fd00::20c:c:c:c,3445,3445000,3446000,1.0,server_sent
fd00::20c:c:c:c,3456,3456000,3457000,1.0,server_sent
fd00::20c:c:c:c,3466,3466000,3467000,1.0,server_sent
fd00::20c:c:c:c,3477,3477000,3478000,1.0,server_sent
fd00::20c:c:c:c,3488,3488000,3489000,1.0,server_sent
fd00::20c:c:c:c,3499,3499000,3500000,1.0,server_sent
fd00::20c:c:c:c,3510,3510000,3511000,2.0,server_sent
fd00::20c:c:c:c,3521,3521000,3522000,1.0,server_sent
fd00::20c:c:c:c,3531,3531000,3532000,1.0,server_sent
fd00::20c:c:c:c,3542,3542000,3543000,1.0,server_sent
fd00::20c:c:c:c,3554,3554000,3555000,1.0,server_sent
fd00::20c:c:c:c,3564,3564000,3565000,1.0,server_sent
fd00::20c:c:c:c,3575,3575000,3576000,1.0,server_sent
fd00::20c:c:c:c,3585,3585000,3586000,1.0,server_sent
fd00::20c:c:c:c,3596,3596000,3597000,1.0,server_sent
fd00::20d:d:d:d,31,31000,32000,0.0,server_sent
fd00::20d:d:d:d,41,41000,42000,1.0,server_sent
fd00::20d:d:d:d,54,54000,55000,1.0,server_sent
fd00::20d:d:d:d,61,61000,62000,1.0,server_sent
fd00::20d:d:d:d,74,74000,75000,1.0,server_sent
fd00::20d:d:d:d,84,84000,85000,1.0,server_sent
fd00::20d:d:d:d,93,93000,94000,1.0,server_sent
fd00::20d:d:d:d,104,104000,105000,1.0,server_sent
fd00::20d:d:d:d,113,113000,114000,1.0,server_sent
fd00::20d:d:d:d,123,123000,124000,1.0,server_sent
fd00::20d:d:d:d,135,135000,136000,1.0,server_sent
fd00::20d:d:d:d,145,145000,146000,1.0,server_sent
fd00::20d:d:d:d,156,156000,157000,1.0,server_sent
fd00::20d:d:d:d,166,166000,167000,1.0,server_sent
fd00::20d:d:d:d,173,173000,174000,1.0,server_sent
fd00::20d:d:d:d,185,185000,186000,1.0,server_sent
fd00::20d:d:d:d,195,195000,196000,1.0,server_sent
fd00::20d:d:d:d,212,212000,213000,2.0,server_sent
fd00::20d:d:d:d,229,229000,230000,1.0,server_sent
fd00::20d:d:d:d,237,237000,238000,1.0,server_sent
fd00::20d:d:d:d,245,245000,246000,1.0,server_sent
fd00::20d:d:d:d,258,258000,259000,1.0,server_sent
fd00::20d:d:d:d,833,833000,834000,58.0,server_sent
fd00::20d:d:d:d,841,841000,842000,1.0,server_sent
fd00::20d:d:d:d,852,852000,853000,1.0,server_sent
fd00::20d:d:d:d,863,863000,864000,1.0,server_sent
fd00::20d:d:d:d,872,872000,873000,1.0,server_sent
fd00::20d:d:d:d,882,882000,883000,1.0,server_sent
fd00::20d:d:d:d,898,898000,899000,1.0,server_sent
fd00::20d:d:d:d,906,906000,907000,1.0,server_sent
fd00::20d:d:d:d,915,915000,916000,1.0,server_sent
fd00::20d:d:d:d,926,926000,927000,1.0,server_sent
fd00::20d:d:d:d,935,935000,936000,1.0,server_sent
fd00::20d:d:d:d,942,942000,943000,1.0,server_sent
fd00::20d:d:d:d,954,954000,955000,1.0,server_sent
fd00::20d:d:d:d,971,971000,972000,2.0,server_sent
fd00::20e:e:e:e,86,86000,87000,0.0,server_sent
fd00::20e:e:e:e,97,97000,98000,1.0,server_sent
fd00::20e:e:e:e,107,107000,108000,1.0,server_sent
fd00::20e:e:e:e,118,118000,119000,1.0,server_sent
fd00::20e:e:e:e,173,173000,174000,6.0,server_sent
fd00::20e:e:e:e,184,184000,185000,1.0,server_sent
fd00::20e:e:e:e,204,204000,205000,2.0,server_sent
fd00::20e:e:e:e,214,214000,215000,1.0,server_sent
fd00::20e:e:e:e,226,226000,227000,1.0,server_sent
fd00::20e:e:e:e,275,275000,276000,5.0,server_sent
fd00::20e:e:e:e,421,421000,422000,15.0,server_sent
fd00::20e:e:e:e,436,436000,437000,1.0,server_sent
fd00::20e:e:e:e,445,445000,446000,1.0,server_sent
fd00::20e:e:e:e,496,496000,497000,5.0,server_sent
fd00::20f:f:f:f,107,107000,108000,0.0,server_sent
fd00::20f:f:f:f,126,126000,127000,2.0,server_sent
fd00::20f:f:f:f,137,137000,138000,1.0,server_sent
fd00::20f:f:f:f,147,147000,148000,1.0,server_sent
fd00::20f:f:f:f,159,159000,160000,1.0,server_sent
fd00::20f:f:f:f,169,169000,170000,1.0,server_sent
fd00::20f:f:f:f,179,179000,180000,1.0,server_sent
fd00::20f:f:f:f,189,189000,190000,1.0,server_sent
fd00::20f:f:f:f,208,208000,209000,2.0,server_sent
fd00::20f:f:f:f,223,223000,224000,2.0,server_sent
fd00::20f:f:f:f,235,235000,236000,1.0,server_sent
fd00::20f:f:f:f,238,238000,239000,0.0,server_sent
fd00::210:10:10:10,66,66000,67000,0.0,server_sent
fd00::210:10:10:10,449,449000,450000,38.0,server_sent
fd00::210:10:10:10,474,474000,475000,3.0,server_sent
fd00::210:10:10:10,497,497000,498000,2.0,server_sent
fd00::211:11:11:11,215,215000,216000,0.0,server_sent
fd00::211:11:11:11,229,229000,230000,1.0,server_sent
fd00::211:11:11:11,256,256000,257000,3.0,server_sent
fd00::211:11:11:11,285,285000,286000,3.0,server_sent
fd00::211:11:11:11,299,299000,300000,1.0,server_sent
fd00::212:12:12:12,215,215000,216000,0.0,server_sent
fd00::212:12:12:12,1972,1972000,1973000,176.0,server_sent
fd00::212:12:12:12,3249,3249000,3250000,127.0,server_sent
fd00::212:12:12:12,3365,3365000,3366000,12.0,server_sent
fd00::202:2:2:2,20,20000,21000,0.0,server_received
fd00::202:2:2:2,31,31000,32000,2.0,server_received
fd00::202:2:2:2,43,43000,44000,2.0,server_received
fd00::202:2:2:2,53,53000,54000,2.0,server_received
fd00::202:2:2:2,63,63000,64000,2.0,server_received
fd00::202:2:2:2,74,74000,75000,2.0,server_received
fd00::202:2:2:2,84,84000,85000,2.0,server_received
fd00::202:2:2:2,95,95000,96000,1.0,server_received
fd00::202:2:2:2,105,105000,106000,2.0,server_received
fd00::202:2:2:2,115,115000,116000,2.0,server_received
fd00::202:2:2:2,126,126000,127000,2.0,server_received
fd00::202:2:2:2,136,136000,137000,2.0,server_received
fd00::202:2:2:2,147,147000,148000,2.0,server_received
fd00::202:2:2:2,158,158000,159000,2.0,server_received
fd00::202:2:2:2,168,168000,169000,2.0,server_received
fd00::202:2:2:2,178,178000,179000,2.0,server_received
fd00::202:2:2:2,189,189000,190000,2.0,server_received
fd00::202:2:2:2,200,200000,201000,2.0,server_received
fd00::202:2:2:2,213,213000,214000,3.0,server_received
fd00::202:2:2:2,226,226000,227000,1.0,server_received
fd00::202:2:2:2,232,232000,233000,2.0,server_received
fd00::202:2:2:2,243,243000,244000,3.0,server_received
fd00::202:2:2:2,256,256000,257000,2.0,server_received
fd00::202:2:2:2,276,276000,277000,2.0,server_received
fd00::202:2:2:2,277,277000,278000,1.0,server_received
fd00::202:2:2:2,284,284000,285000,2.0,server_received
fd00::202:2:2:2,294,294000,295000,2.0,server_received
fd00::202:2:2:2,305,305000,306000,1.0,server_received
fd00::202:2:2:2,316,316000,317000,2.0,server_received
fd00::202:2:2:2,326,326000,327000,1.0,server_received
fd00::202:2:2:2,336,336000,337000,2.0,server_received
fd00::202:2:2:2,349,349000,350000,2.0,server_received
fd00::202:2:2:2,357,357000,358000,2.0,server_received
fd00::202:2:2:2,368,368000,369000,2.0,server_received
fd00::202:2:2:2,384,384000,385000,3.0,server_received
fd00::202:2:2:2,392,392000,393000,3.0,server_received
fd00::202:2:2:2,402,402000,403000,2.0,server_received
fd00::202:2:2:2,415,415000,416000,2.0,server_received
fd00::202:2:2:2,422,422000,423000,3.0,server_received
fd00::202:2:2:2,435,435000,436000,2.0,server_received
fd00::202:2:2:2,448,448000,449000,1.0,server_received
fd00::202:2:2:2,453,453000,454000,2.0,server_received
fd00::202:2:2:2,463,463000,464000,2.0,server_received
fd00::202:2:2:2,497,497000,498000,1.0,server_received
fd00::202:2:2:2,726,726000,727000,3.0,server_received
fd00::202:2:2:2,737,737000,738000,2.0,server_received
fd00::202:2:2:2,749,749000,750000,2.0,server_received
fd00::202:2:2:2,758,758000,759000,2.0,server_received
fd00::202:2:2:2,768,768000,769000,2.0,server_received
fd00::202:2:2:2,779,779000,780000,2.0,server_received
fd00::202:2:2:2,791,791000,792000,2.0,server_received
fd00::202:2:2:2,809,809000,810000,2.0,server_received
fd00::202:2:2:2,2095,2095000,2096000,2.0,server_received
fd00::202:2:2:2,2106,2106000,2107000,2.0,server_received
fd00::202:2:2:2,2116,2116000,2117000,2.0,server_received
fd00::202:2:2:2,2127,2127000,2128000,2.0,server_received
fd00::202:2:2:2,2137,2137000,2138000,2.0,server_received
fd00::202:2:2:2,2148,2148000,2149000,2.0,server_received
fd00::202:2:2:2,2158,2158000,2159000,2.0,server_received
fd00::202:2:2:2,2169,2169000,2170000,2.0,server_received
fd00::202:2:2:2,2179,2179000,2180000,2.0,server_received
fd00::202:2:2:2,2193,2193000,2194000,3.0,server_received
fd00::202:2:2:2,2202,2202000,2203000,2.0,server_received
fd00::202:2:2:2,2211,2211000,2212000,2.0,server_received
fd00::202:2:2:2,2224,2224000,2225000,2.0,server_received
fd00::202:2:2:2,2232,2232000,2233000,2.0,server_received
fd00::202:2:2:2,2244,2244000,2245000,2.0,server_received
fd00::202:2:2:2,2257,2257000,2258000,2.0,server_received
fd00::202:2:2:2,2264,2264000,2265000,2.0,server_received
fd00::202:2:2:2,2274,2274000,2275000,2.0,server_received
fd00::202:2:2:2,2285,2285000,2286000,2.0,server_received
fd00::202:2:2:2,2295,2295000,2296000,2.0,server_received
fd00::202:2:2:2,2306,2306000,2307000,2.0,server_received
fd00::202:2:2:2,2316,2316000,2317000,2.0,server_received
fd00::202:2:2:2,2327,2327000,2328000,2.0,server_received
fd00::202:2:2:2,2337,2337000,2338000,2.0,server_received
fd00::202:2:2:2,2348,2348000,2349000,2.0,server_received
fd00::202:2:2:2,2358,2358000,2359000,2.0,server_received
fd00::202:2:2:2,2369,2369000,2370000,2.0,server_received
fd00::202:2:2:2,2379,2379000,2380000,2.0,server_received
fd00::202:2:2:2,2393,2393000,2394000,3.0,server_received
fd00::202:2:2:2,2401,2401000,2402000,2.0,server_received
fd00::202:2:2:2,2413,2413000,2414000,2.0,server_received
fd00::202:2:2:2,2423,2423000,2424000,2.0,server_received
fd00::202:2:2:2,2433,2433000,2434000,2.0,server_received
fd00::202:2:2:2,2443,2443000,2444000,2.0,server_received
fd00::202:2:2:2,2454,2454000,2455000,2.0,server_received
fd00::202:2:2:2,2464,2464000,2465000,2.0,server_received
fd00::202:2:2:2,2474,2474000,2475000,2.0,server_received
fd00::202:2:2:2,2485,2485000,2486000,2.0,server_received
fd00::202:2:2:2,2495,2495000,2496000,2.0,server_received
fd00::202:2:2:2,2506,2506000,2507000,2.0,server_received
fd00::202:2:2:2,2516,2516000,2517000,2.0,server_received
fd00::202:2:2:2,2527,2527000,2528000,2.0,server_received
fd00::202:2:2:2,2537,2537000,2538000,2.0,server_received
fd00::202:2:2:2,2548,2548000,2549000,2.0,server_received
fd00::202:2:2:2,2558,2558000,2559000,2.0,server_received
fd00::202:2:2:2,2843,2843000,2844000,2.0,server_received
fd00::202:2:2:2,2853,2853000,2854000,2.0,server_received
fd00::202:2:2:2,2864,2864000,2865000,2.0,server_received
fd00::202:2:2:2,2875,2875000,2876000,2.0,server_received
fd00::202:2:2:2,2885,2885000,2886000,2.0,server_received
fd00::202:2:2:2,2895,2895000,2896000,2.0,server_received
fd00::202:2:2:2,2906,2906000,2907000,2.0,server_received
fd00::202:2:2:2,2916,2916000,2917000,2.0,server_received
fd00::202:2:2:2,2927,2927000,2928000,2.0,server_received
fd00::202:2:2:2,2938,2938000,2939000,2.0,server_received
fd00::202:2:2:2,2948,2948000,2949000,2.0,server_received
fd00::202:2:2:2,2959,2959000,2960000,2.0,server_received
fd00::202:2:2:2,2969,2969000,2970000,2.0,server_received
fd00::202:2:2:2,2981,2981000,2982000,3.0,server_received
fd00::202:2:2:2,2992,2992000,2993000,2.0,server_received
fd00::202:2:2:2,3001,3001000,3002000,2.0,server_received
fd00::202:2:2:2,3011,3011000,3012000,2.0,server_received
fd00::202:2:2:2,3022,3022000,3023000,2.0,server_received
fd00::202:2:2:2,3032,3032000,3033000,2.0,server_received
fd00::202:2:2:2,3043,3043000,3044000,2.0,server_received
fd00::202:2:2:2,3053,3053000,3054000,2.0,server_received
fd00::202:2:2:2,3064,3064000,3065000,2.0,server_received
fd00::202:2:2:2,3074,3074000,3075000,2.0,server_received
fd00::202:2:2:2,3085,3085000,3086000,2.0,server_received
fd00::202:2:2:2,3095,3095000,3096000,2.0,server_received
fd00::202:2:2:2,3106,3106000,3107000,2.0,server_received
fd00::202:2:2:2,3117,3117000,3118000,2.0,server_received
fd00::202:2:2:2,3127,3127000,3128000,2.0,server_received
fd00::202:2:2:2,3138,3138000,3139000,2.0,server_received
fd00::202:2:2:2,3148,3148000,3149000,2.0,server_received
fd00::202:2:2:2,3159,3159000,3160000,2.0,server_received
fd00::202:2:2:2,3169,3169000,3170000,2.0,server_received
fd00::202:2:2:2,3181,3181000,3182000,2.0,server_received
fd00::202:2:2:2,3191,3191000,3192000,3.0,server_received
fd00::202:2:2:2,3203,3203000,3204000,2.0,server_received
fd00::202:2:2:2,3213,3213000,3214000,2.0,server_received
fd00::202:2:2:2,3222,3222000,3223000,2.0,server_received
fd00::202:2:2:2,3233,3233000,3234000,2.0,server_received
fd00::202:2:2:2,3243,3243000,3244000,2.0,server_received
fd00::202:2:2:2,3253,3253000,3254000,2.0,server_received
fd00::202:2:2:2,3264,3264000,3265000,2.0,server_received
fd00::202:2:2:2,3275,3275000,3276000,2.0,server_received
fd00::202:2:2:2,3285,3285000,3286000,2.0,server_received
fd00::202:2:2:2,3296,3296000,3297000,2.0,server_received
fd00::202:2:2:2,3306,3306000,3307000,2.0,server_received
fd00::202:2:2:2,3317,3317000,3318000,2.0,server_received
fd00::202:2:2:2,3327,3327000,3328000,2.0,server_received
fd00::202:2:2:2,3338,3338000,3339000,2.0,server_received
fd00::202:2:2:2,3348,3348000,3349000,2.0,server_received
fd00::202:2:2:2,3359,3359000,3360000,2.0,server_received
fd00::202:2:2:2,3369,3369000,3370000,2.0,server_received
fd00::202:2:2:2,3381,3381000,3382000,3.0,server_received
fd00::202:2:2:2,3394,3394000,3395000,2.0,server_received
fd00::202:2:2:2,3403,3403000,3404000,2.0,server_received
fd00::202:2:2:2,3412,3412000,3413000,2.0,server_received
fd00::202:2:2:2,3422,3422000,3423000,2.0,server_received
fd00::202:2:2:2,3433,3433000,3434000,2.0,server_received
fd00::202:2:2:2,3443,3443000,3444000,2.0,server_received
fd00::202:2:2:2,3454,3454000,3455000,2.0,server_received
fd00::202:2:2:2,3464,3464000,3465000,2.0,server_received
fd00::202:2:2:2,3475,3475000,3476000,2.0,server_received
fd00::202:2:2:2,3485,3485000,3486000,2.0,server_received
fd00::202:2:2:2,3496,3496000,3497000,2.0,server_received
fd00::202:2:2:2,3506,3506000,3507000,2.0,server_received
fd00::202:2:2:2,3517,3517000,3518000,2.0,server_received
fd00::202:2:2:2,3528,3528000,3529000,2.0,server_received
fd00::202:2:2:2,3538,3538000,3539000,2.0,server_received
fd00::202:2:2:2,3548,3548000,3549000,2.0,server_received
fd00::202:2:2:2,3559,3559000,3560000,2.0,server_received
fd00::202:2:2:2,3569,3569000,3570000,2.0,server_received
fd00::202:2:2:2,3584,3584000,3585000,3.0,server_received
fd00::202:2:2:2,3591,3591000,3592000,2.0,server_received
fd00::203:3:3:3,31,31000,32000,0.0,server_received
fd00::203:3:3:3,43,43000,44000,2.0,server_received
fd00::203:3:3:3,53,53000,54000,2.0,server_received
fd00::203:3:3:3,62,62000,63000,2.0,server_received
fd00::203:3:3:3,74,74000,75000,2.0,server_received
fd00::203:3:3:3,82,82000,83000,2.0,server_received
fd00::203:3:3:3,94,94000,95000,2.0,server_received
fd00::203:3:3:3,105,105000,106000,2.0,server_received
fd00::203:3:3:3,114,114000,115000,2.0,server_received
fd00::203:3:3:3,126,126000,127000,2.0,server_received
fd00::203:3:3:3,135,135000,136000,2.0,server_received
fd00::203:3:3:3,145,145000,146000,2.0,server_received
fd00::203:3:3:3,154,154000,155000,2.0,server_received
fd00::203:3:3:3,167,167000,168000,2.0,server_received
fd00::203:3:3:3,175,175000,176000,2.0,server_received
fd00::203:3:3:3,187,187000,188000,2.0,server_received
fd00::203:3:3:3,196,196000,197000,2.0,server_received
fd00::203:3:3:3,209,209000,210000,2.0,server_received
fd00::203:3:3:3,216,216000,217000,2.0,server_received
fd00::203:3:3:3,229,229000,230000,2.0,server_received
fd00::203:3:3:3,262,262000,263000,3.0,server_received
fd00::203:3:3:3,276,276000,277000,3.0,server_received
fd00::203:3:3:3,277,277000,278000,2.0,server_received
fd00::203:3:3:3,284,284000,285000,1.0,server_received
fd00::203:3:3:3,299,299000,300000,2.0,server_received
fd00::203:3:3:3,302,302000,303000,2.0,server_received
fd00::203:3:3:3,314,314000,315000,1.0,server_received
fd00::203:3:3:3,328,328000,329000,2.0,server_received
fd00::203:3:3:3,339,339000,340000,2.0,server_received
fd00::203:3:3:3,415,415000,416000,3.0,server_received
fd00::203:3:3:3,426,426000,427000,3.0,server_received
fd00::203:3:3:3,435,435000,436000,2.0,server_received
fd00::203:3:3:3,448,448000,449000,1.0,server_received
fd00::203:3:3:3,729,729000,730000,2.0,server_received
fd00::203:3:3:3,797,797000,798000,4.0,server_received
fd00::204:4:4:4,137,137000,138000,0.0,server_received
fd00::204:4:4:4,147,147000,148000,2.0,server_received
fd00::204:4:4:4,158,158000,159000,2.0,server_received
fd00::204:4:4:4,169,169000,170000,2.0,server_received
fd00::204:4:4:4,193,193000,194000,3.0,server_received
fd00::204:4:4:4,205,205000,206000,2.0,server_received
fd00::204:4:4:4,214,214000,215000,2.0,server_received
fd00::204:4:4:4,227,227000,228000,2.0,server_received
fd00::204:4:4:4,245,245000,246000,2.0,server_received
fd00::204:4:4:4,263,263000,264000,3.0,server_received
fd00::204:4:4:4,277,277000,278000,1.0,server_received
fd00::204:4:4:4,282,282000,283000,2.0,server_received
fd00::204:4:4:4,284,284000,285000,2.0,server_received
fd00::204:4:4:4,298,298000,299000,3.0,server_received
fd00::205:5:5:5,207,207000,208000,0.0,server_received
fd00::205:5:5:5,217,217000,218000,1.0,server_received
fd00::205:5:5:5,238,238000,239000,3.0,server_received
fd00::205:5:5:5,262,262000,263000,3.0,server_received
fd00::205:5:5:5,276,276000,277000,1.0,server_received
fd00::205:5:5:5,277,277000,278000,1.0,server_received
fd00::205:5:5:5,287,287000,288000,3.0,server_received
fd00::206:6:6:6,43,43000,44000,0.0,server_received
fd00::206:6:6:6,54,54000,55000,2.0,server_received
fd00::206:6:6:6,65,65000,66000,2.0,server_received
fd00::206:6:6:6,76,76000,77000,2.0,server_received
fd00::206:6:6:6,87,87000,88000,2.0,server_received
fd00::206:6:6:6,98,98000,99000,2.0,server_received
fd00::206:6:6:6,109,109000,110000,2.0,server_received
fd00::206:6:6:6,133,133000,134000,3.0,server_received
fd00::206:6:6:6,144,144000,145000,3.0,server_received
fd00::206:6:6:6,155,155000,156000,1.0,server_received
fd00::206:6:6:6,163,163000,164000,3.0,server_received
fd00::206:6:6:6,175,175000,176000,2.0,server_received
fd00::206:6:6:6,187,187000,188000,2.0,server_received
fd00::206:6:6:6,196,196000,197000,2.0,server_received
fd00::206:6:6:6,209,209000,210000,2.0,server_received
fd00::206:6:6:6,219,219000,220000,2.0,server_received
fd00::206:6:6:6,231,231000,232000,2.0,server_received
fd00::206:6:6:6,244,244000,245000,2.0,server_received
fd00::206:6:6:6,263,263000,264000,3.0,server_received
fd00::206:6:6:6,276,276000,277000,2.0,server_received
fd00::206:6:6:6,277,277000,278000,1.0,server_received
fd00::206:6:6:6,284,284000,285000,2.0,server_received
fd00::206:6:6:6,295,295000,296000,2.0,server_received
fd00::206:6:6:6,305,305000,306000,1.0,server_received
fd00::206:6:6:6,325,325000,326000,2.0,server_received
fd00::206:6:6:6,353,353000,354000,4.0,server_received
fd00::206:6:6:6,365,365000,366000,2.0,server_received
fd00::206:6:6:6,409,409000,410000,7.0,server_received
fd00::206:6:6:6,416,416000,417000,2.0,server_received
fd00::206:6:6:6,426,426000,427000,2.0,server_received
fd00::206:6:6:6,437,437000,438000,2.0,server_received
fd00::206:6:6:6,775,775000,776000,3.0,server_received
fd00::206:6:6:6,788,788000,789000,2.0,server_received
fd00::206:6:6:6,797,797000,798000,2.0,server_received
fd00::207:7:7:7,41,41000,42000,0.0,server_received
fd00::207:7:7:7,52,52000,53000,2.0,server_received
fd00::207:7:7:7,62,62000,63000,2.0,server_received
fd00::207:7:7:7,73,73000,74000,2.0,server_received
fd00::207:7:7:7,87,87000,88000,2.0,server_received
fd00::207:7:7:7,94,94000,95000,2.0,server_received
fd00::207:7:7:7,105,105000,106000,2.0,server_received
fd00::207:7:7:7,115,115000,116000,2.0,server_received
fd00::207:7:7:7,125,125000,126000,2.0,server_received
fd00::207:7:7:7,136,136000,137000,2.0,server_received
fd00::207:7:7:7,146,146000,147000,2.0,server_received
fd00::207:7:7:7,157,157000,158000,2.0,server_received
fd00::207:7:7:7,167,167000,168000,2.0,server_received
fd00::207:7:7:7,178,178000,179000,2.0,server_received
fd00::207:7:7:7,189,189000,190000,2.0,server_received
fd00::207:7:7:7,199,199000,200000,2.0,server_received
fd00::207:7:7:7,209,209000,210000,2.0,server_received
fd00::207:7:7:7,366,366000,367000,4.0,server_received
fd00::207:7:7:7,377,377000,378000,2.0,server_received
fd00::207:7:7:7,387,387000,388000,2.0,server_received
fd00::207:7:7:7,398,398000,399000,2.0,server_received
fd00::207:7:7:7,408,408000,409000,2.0,server_received
fd00::207:7:7:7,419,419000,420000,2.0,server_received
fd00::207:7:7:7,429,429000,430000,2.0,server_received
fd00::207:7:7:7,442,442000,443000,2.0,server_received
fd00::207:7:7:7,451,451000,452000,2.0,server_received
fd00::207:7:7:7,466,466000,467000,3.0,server_received
fd00::207:7:7:7,474,474000,475000,2.0,server_received
fd00::207:7:7:7,484,484000,485000,2.0,server_received
fd00::207:7:7:7,505,505000,506000,2.0,server_received
fd00::207:7:7:7,523,523000,524000,3.0,server_received
fd00::207:7:7:7,534,534000,535000,2.0,server_received
fd00::207:7:7:7,545,545000,546000,2.0,server_received
fd00::207:7:7:7,555,555000,556000,2.0,server_received
fd00::207:7:7:7,565,565000,566000,2.0,server_received
fd00::207:7:7:7,576,576000,577000,2.0,server_received
fd00::207:7:7:7,586,586000,587000,2.0,server_received
fd00::207:7:7:7,597,597000,598000,2.0,server_received
fd00::207:7:7:7,607,607000,608000,2.0,server_received
fd00::207:7:7:7,618,618000,619000,2.0,server_received
fd00::207:7:7:7,628,628000,629000,2.0,server_received
fd00::207:7:7:7,639,639000,640000,2.0,server_received
fd00::207:7:7:7,649,649000,650000,2.0,server_received
fd00::207:7:7:7,664,664000,665000,2.0,server_received
fd00::207:7:7:7,671,671000,672000,2.0,server_received
fd00::207:7:7:7,684,684000,685000,3.0,server_received
fd00::207:7:7:7,703,703000,704000,1.0,server_received
fd00::207:7:7:7,894,894000,895000,1.0,server_received
fd00::207:7:7:7,904,904000,905000,2.0,server_received
fd00::207:7:7:7,913,913000,914000,3.0,server_received
fd00::207:7:7:7,925,925000,926000,2.0,server_received
fd00::207:7:7:7,932,932000,933000,2.0,server_received
fd00::207:7:7:7,942,942000,943000,2.0,server_received
fd00::207:7:7:7,953,953000,954000,2.0,server_received
fd00::207:7:7:7,963,963000,964000,2.0,server_received
fd00::207:7:7:7,974,974000,975000,2.0,server_received
fd00::207:7:7:7,984,984000,985000,2.0,server_received
fd00::207:7:7:7,996,996000,997000,2.0,server_received
fd00::207:7:7:7,1005,1005000,1006000,2.0,server_received
fd00::207:7:7:7,1019,1019000,1020000,2.0,server_received
fd00::207:7:7:7,1026,1026000,1027000,2.0,server_received
fd00::207:7:7:7,1037,1037000,1038000,2.0,server_received
fd00::207:7:7:7,1048,1048000,1049000,2.0,server_received
fd00::207:7:7:7,1058,1058000,1059000,2.0,server_received
fd00::207:7:7:7,1068,1068000,1069000,2.0,server_received
fd00::207:7:7:7,1079,1079000,1080000,2.0,server_received
fd00::207:7:7:7,1089,1089000,1090000,2.0,server_received
fd00::207:7:7:7,1309,1309000,1310000,4.0,server_received
fd00::207:7:7:7,1320,1320000,1321000,2.0,server_received
fd00::207:7:7:7,1542,1542000,1543000,2.0,server_received
fd00::207:7:7:7,1552,1552000,1553000,2.0,server_received
fd00::207:7:7:7,1563,1563000,1564000,3.0,server_received
fd00::207:7:7:7,1573,1573000,1574000,2.0,server_received
fd00::207:7:7:7,1582,1582000,1583000,2.0,server_received
fd00::207:7:7:7,1593,1593000,1594000,2.0,server_received
fd00::207:7:7:7,1602,1602000,1603000,2.0,server_received
fd00::207:7:7:7,1619,1619000,1620000,1.0,server_received
fd00::207:7:7:7,1749,1749000,1750000,1.0,server_received
fd00::207:7:7:7,1764,1764000,1765000,2.0,server_received
fd00::207:7:7:7,2042,2042000,2043000,4.0,server_received
fd00::207:7:7:7,2053,2053000,2054000,2.0,server_received
fd00::207:7:7:7,2063,2063000,2064000,2.0,server_received
fd00::207:7:7:7,2075,2075000,2076000,2.0,server_received
fd00::207:7:7:7,2087,2087000,2088000,2.0,server_received
fd00::207:7:7:7,2096,2096000,2097000,2.0,server_received
fd00::207:7:7:7,2105,2105000,2106000,2.0,server_received
fd00::207:7:7:7,2116,2116000,2117000,2.0,server_received
fd00::207:7:7:7,2126,2126000,2127000,2.0,server_received
fd00::207:7:7:7,2137,2137000,2138000,2.0,server_received
fd00::207:7:7:7,2147,2147000,2148000,2.0,server_received
fd00::207:7:7:7,2158,2158000,2159000,2.0,server_received
fd00::207:7:7:7,2168,2168000,2169000,2.0,server_received
fd00::207:7:7:7,2179,2179000,2180000,2.0,server_received
fd00::207:7:7:7,2189,2189000,2190000,2.0,server_received
fd00::207:7:7:7,2203,2203000,2204000,2.0,server_received
fd00::207:7:7:7,2212,2212000,2213000,3.0,server_received
fd00::207:7:7:7,2225,2225000,2226000,2.0,server_received
fd00::207:7:7:7,2232,2232000,2233000,2.0,server_received
fd00::207:7:7:7,2242,2242000,2243000,2.0,server_received
fd00::207:7:7:7,2252,2252000,2253000,2.0,server_received
fd00::207:7:7:7,2262,2262000,2263000,2.0,server_received
fd00::207:7:7:7,2273,2273000,2274000,2.0,server_received
fd00::207:7:7:7,2283,2283000,2284000,2.0,server_received
fd00::207:7:7:7,2294,2294000,2295000,2.0,server_received
fd00::207:7:7:7,2305,2305000,2306000,2.0,server_received
fd00::207:7:7:7,2319,2319000,2320000,2.0,server_received
fd00::207:7:7:7,2325,2325000,2326000,2.0,server_received
fd00::207:7:7:7,2336,2336000,2337000,2.0,server_received
fd00::207:7:7:7,2346,2346000,2347000,2.0,server_received
fd00::207:7:7:7,2357,2357000,2358000,2.0,server_received
fd00::207:7:7:7,2367,2367000,2368000,2.0,server_received
fd00::207:7:7:7,2378,2378000,2379000,2.0,server_received
fd00::207:7:7:7,2388,2388000,2389000,2.0,server_received
fd00::207:7:7:7,2399,2399000,2400000,2.0,server_received
fd00::207:7:7:7,2409,2409000,2410000,2.0,server_received
fd00::207:7:7:7,2619,2619000,2620000,1.0,server_received
fd00::207:7:7:7,2629,2629000,2630000,2.0,server_received
fd00::207:7:7:7,2639,2639000,2640000,2.0,server_received
fd00::207:7:7:7,2651,2651000,2652000,2.0,server_received
fd00::207:7:7:7,2663,2663000,2664000,3.0,server_received
fd00::207:7:7:7,2671,2671000,2672000,2.0,server_received
fd00::207:7:7:7,2682,2682000,2683000,2.0,server_received
fd00::207:7:7:7,2692,2692000,2693000,2.0,server_received
fd00::207:7:7:7,2702,2702000,2703000,2.0,server_received
fd00::207:7:7:7,2714,2714000,2715000,2.0,server_received
fd00::207:7:7:7,2725,2725000,2726000,2.0,server_received
fd00::207:7:7:7,2734,2734000,2735000,2.0,server_received
fd00::207:7:7:7,2744,2744000,2745000,2.0,server_received
fd00::207:7:7:7,2755,2755000,2756000,2.0,server_received
fd00::207:7:7:7,2765,2765000,2766000,2.0,server_received
fd00::207:7:7:7,2776,2776000,2777000,2.0,server_received
fd00::207:7:7:7,2786,2786000,2787000,2.0,server_received
fd00::207:7:7:7,2797,2797000,2798000,2.0,server_received
fd00::207:7:7:7,2807,2807000,2808000,2.0,server_received
fd00::207:7:7:7,2818,2818000,2819000,2.0,server_received
fd00::207:7:7:7,2828,2828000,2829000,2.0,server_received
fd00::207:7:7:7,2839,2839000,2840000,2.0,server_received
fd00::207:7:7:7,2849,2849000,2850000,2.0,server_received
fd00::207:7:7:7,2859,2859000,2860000,2.0,server_received
fd00::207:7:7:7,2871,2871000,2872000,3.0,server_received
fd00::207:7:7:7,2885,2885000,2886000,2.0,server_received
fd00::207:7:7:7,2892,2892000,2893000,2.0,server_received
fd00::207:7:7:7,2901,2901000,2902000,2.0,server_received
fd00::207:7:7:7,2912,2912000,2913000,2.0,server_received
fd00::207:7:7:7,2923,2923000,2924000,2.0,server_received
fd00::207:7:7:7,2933,2933000,2934000,2.0,server_received
fd00::207:7:7:7,2943,2943000,2944000,2.0,server_received
fd00::207:7:7:7,2954,2954000,2955000,2.0,server_received
fd00::207:7:7:7,2964,2964000,2965000,2.0,server_received
fd00::207:7:7:7,2975,2975000,2976000,2.0,server_received
fd00::207:7:7:7,2985,2985000,2986000,2.0,server_received
fd00::207:7:7:7,2996,2996000,2997000,2.0,server_received
fd00::207:7:7:7,3006,3006000,3007000,2.0,server_received
fd00::207:7:7:7,3017,3017000,3018000,2.0,server_received
fd00::207:7:7:7,3027,3027000,3028000,2.0,server_received
fd00::207:7:7:7,3038,3038000,3039000,2.0,server_received
fd00::207:7:7:7,3048,3048000,3049000,2.0,server_received
fd00::207:7:7:7,3059,3059000,3060000,2.0,server_received
fd00::207:7:7:7,3069,3069000,3070000,2.0,server_received
fd00::207:7:7:7,3081,3081000,3082000,2.0,server_received
fd00::207:7:7:7,3093,3093000,3094000,3.0,server_received
fd00::207:7:7:7,3101,3101000,3102000,2.0,server_received
fd00::207:7:7:7,3112,3112000,3113000,2.0,server_received
fd00::207:7:7:7,3122,3122000,3123000,2.0,server_received
fd00::207:7:7:7,3132,3132000,3133000,2.0,server_received
fd00::207:7:7:7,3142,3142000,3143000,2.0,server_received
fd00::207:7:7:7,3153,3153000,3154000,2.0,server_received
fd00::207:7:7:7,3163,3163000,3164000,2.0,server_received
fd00::207:7:7:7,3175,3175000,3176000,2.0,server_received
fd00::207:7:7:7,3184,3184000,3185000,2.0,server_received
fd00::207:7:7:7,3195,3195000,3196000,2.0,server_received
fd00::207:7:7:7,3205,3205000,3206000,2.0,server_received
fd00::207:7:7:7,3216,3216000,3217000,2.0,server_received
fd00::207:7:7:7,3226,3226000,3227000,2.0,server_received
fd00::207:7:7:7,3237,3237000,3238000,2.0,server_received
fd00::207:7:7:7,3247,3247000,3248000,2.0,server_received
fd00::207:7:7:7,3258,3258000,3259000,2.0,server_received
fd00::207:7:7:7,3268,3268000,3269000,2.0,server_received
fd00::207:7:7:7,3279,3279000,3280000,2.0,server_received
fd00::207:7:7:7,3289,3289000,3290000,2.0,server_received
fd00::207:7:7:7,3301,3301000,3302000,2.0,server_received
fd00::207:7:7:7,3312,3312000,3313000,3.0,server_received
fd00::207:7:7:7,3320,3320000,3321000,2.0,server_received
fd00::207:7:7:7,3331,3331000,3332000,2.0,server_received
fd00::207:7:7:7,3341,3341000,3342000,2.0,server_received
fd00::207:7:7:7,3352,3352000,3353000,2.0,server_received
fd00::207:7:7:7,3362,3362000,3363000,2.0,server_received
fd00::207:7:7:7,3373,3373000,3374000,2.0,server_received
fd00::207:7:7:7,3383,3383000,3384000,2.0,server_received
fd00::207:7:7:7,3394,3394000,3395000,2.0,server_received
fd00::207:7:7:7,3404,3404000,3405000,2.0,server_received
fd00::207:7:7:7,3415,3415000,3416000,2.0,server_received
fd00::207:7:7:7,3425,3425000,3426000,2.0,server_received
fd00::207:7:7:7,3436,3436000,3437000,2.0,server_received
fd00::207:7:7:7,3446,3446000,3447000,2.0,server_received
fd00::207:7:7:7,3457,3457000,3458000,2.0,server_received
fd00::207:7:7:7,3467,3467000,3468000,2.0,server_received
fd00::207:7:7:7,3478,3478000,3479000,2.0,server_received
fd00::207:7:7:7,3488,3488000,3489000,2.0,server_received
fd00::207:7:7:7,3499,3499000,3500000,2.0,server_received
fd00::207:7:7:7,3509,3509000,3510000,2.0,server_received
fd00::207:7:7:7,3519,3519000,3520000,2.0,server_received
fd00::207:7:7:7,3531,3531000,3532000,3.0,server_received
fd00::207:7:7:7,3541,3541000,3542000,2.0,server_received
fd00::207:7:7:7,3551,3551000,3552000,2.0,server_received
fd00::207:7:7:7,3563,3563000,3564000,2.0,server_received
fd00::207:7:7:7,3572,3572000,3573000,2.0,server_received
fd00::207:7:7:7,3582,3582000,3583000,2.0,server_received
fd00::207:7:7:7,3593,3593000,3594000,2.0,server_received
fd00::208:8:8:8,31,31000,32000,0.0,server_received
fd00::208:8:8:8,41,41000,42000,2.0,server_received
fd00::208:8:8:8,52,52000,53000,2.0,server_received
fd00::208:8:8:8,62,62000,63000,2.0,server_received
fd00::208:8:8:8,73,73000,74000,2.0,server_received
fd00::208:8:8:8,86,86000,87000,2.0,server_received
fd00::208:8:8:8,95,95000,96000,2.0,server_received
fd00::208:8:8:8,104,104000,105000,2.0,server_received
fd00::208:8:8:8,115,115000,116000,2.0,server_received
fd00::208:8:8:8,125,125000,126000,2.0,server_received
fd00::208:8:8:8,136,136000,137000,2.0,server_received
fd00::208:8:8:8,146,146000,147000,1.0,server_received
fd00::208:8:8:8,156,156000,157000,2.0,server_received
fd00::208:8:8:8,173,173000,174000,2.0,server_received
fd00::208:8:8:8,179,179000,180000,2.0,server_received
fd00::208:8:8:8,188,188000,189000,2.0,server_received
fd00::208:8:8:8,198,198000,199000,2.0,server_received
fd00::208:8:8:8,215,215000,216000,2.0,server_received
fd00::208:8:8:8,222,222000,223000,2.0,server_received
fd00::208:8:8:8,233,233000,234000,3.0,server_received
fd00::208:8:8:8,243,243000,244000,1.0,server_received
fd00::208:8:8:8,254,254000,255000,3.0,server_received
fd00::208:8:8:8,266,266000,267000,2.0,server_received
fd00::208:8:8:8,275,275000,276000,2.0,server_received
fd00::208:8:8:8,288,288000,289000,2.0,server_received
fd00::208:8:8:8,293,293000,294000,2.0,server_received
fd00::208:8:8:8,303,303000,304000,2.0,server_received
fd00::208:8:8:8,318,318000,319000,2.0,server_received
fd00::208:8:8:8,327,327000,328000,2.0,server_received
fd00::208:8:8:8,335,335000,336000,2.0,server_received
fd00::208:8:8:8,345,345000,346000,2.0,server_received
fd00::208:8:8:8,357,357000,358000,2.0,server_received
fd00::208:8:8:8,366,366000,367000,2.0,server_received
fd00::208:8:8:8,377,377000,378000,2.0,server_received
fd00::208:8:8:8,387,387000,388000,2.0,server_received
fd00::208:8:8:8,398,398000,399000,2.0,server_received
fd00::208:8:8:8,408,408000,409000,2.0,server_received
fd00::208:8:8:8,419,419000,420000,2.0,server_received
fd00::208:8:8:8,429,429000,430000,2.0,server_received
fd00::208:8:8:8,440,440000,441000,2.0,server_received
fd00::208:8:8:8,454,454000,455000,3.0,server_received
fd00::208:8:8:8,461,461000,462000,2.0,server_received
fd00::208:8:8:8,472,472000,473000,2.0,server_received
fd00::208:8:8:8,486,486000,487000,2.0,server_received
fd00::208:8:8:8,495,495000,496000,1.0,server_received
fd00::208:8:8:8,507,507000,508000,2.0,server_received
fd00::208:8:8:8,519,519000,520000,2.0,server_received
fd00::208:8:8:8,534,534000,535000,1.0,server_received
fd00::208:8:8:8,544,544000,545000,4.0,server_received
fd00::208:8:8:8,555,555000,556000,2.0,server_received
fd00::208:8:8:8,568,568000,569000,2.0,server_received
fd00::208:8:8:8,576,576000,577000,2.0,server_received
fd00::208:8:8:8,587,587000,588000,2.0,server_received
fd00::208:8:8:8,604,604000,605000,2.0,server_received
fd00::208:8:8:8,607,607000,608000,2.0,server_received
fd00::208:8:8:8,618,618000,619000,2.0,server_received
fd00::208:8:8:8,628,628000,629000,2.0,server_received
fd00::208:8:8:8,639,639000,640000,2.0,server_received
fd00::208:8:8:8,649,649000,650000,2.0,server_received
fd00::208:8:8:8,665,665000,666000,3.0,server_received
fd00::208:8:8:8,671,671000,672000,2.0,server_received
fd00::208:8:8:8,685,685000,686000,2.0,server_received
fd00::208:8:8:8,698,698000,699000,1.0,server_received
fd00::208:8:8:8,705,705000,706000,2.0,server_received
fd00::208:8:8:8,714,714000,715000,2.0,server_received
fd00::208:8:8:8,724,724000,725000,2.0,server_received
fd00::208:8:8:8,734,734000,735000,2.0,server_received
fd00::208:8:8:8,745,745000,746000,2.0,server_received
fd00::208:8:8:8,754,754000,755000,2.0,server_received
fd00::208:8:8:8,768,768000,769000,2.0,server_received
fd00::208:8:8:8,786,786000,787000,3.0,server_received
fd00::208:8:8:8,796,796000,797000,2.0,server_received
fd00::208:8:8:8,813,813000,814000,2.0,server_received
fd00::208:8:8:8,827,827000,828000,3.0,server_received
fd00::208:8:8:8,838,838000,839000,2.0,server_received
fd00::208:8:8:8,848,848000,849000,2.0,server_received
fd00::208:8:8:8,859,859000,860000,2.0,server_received
fd00::208:8:8:8,873,873000,874000,2.0,server_received
fd00::208:8:8:8,886,886000,887000,1.0,server_received
fd00::208:8:8:8,893,893000,894000,1.0,server_received
fd00::208:8:8:8,901,901000,902000,2.0,server_received
fd00::208:8:8:8,911,911000,912000,2.0,server_received
fd00::208:8:8:8,924,924000,925000,3.0,server_received
fd00::208:8:8:8,933,933000,934000,2.0,server_received
fd00::208:8:8:8,943,943000,944000,1.0,server_received
fd00::208:8:8:8,953,953000,954000,4.0,server_received
fd00::208:8:8:8,964,964000,965000,1.0,server_received
fd00::208:8:8:8,974,974000,975000,3.0,server_received
fd00::208:8:8:8,985,985000,986000,2.0,server_received
fd00::208:8:8:8,995,995000,996000,2.0,server_received
fd00::208:8:8:8,1006,1006000,1007000,2.0,server_received
fd00::208:8:8:8,1017,1017000,1018000,2.0,server_received
fd00::208:8:8:8,1027,1027000,1028000,2.0,server_received
fd00::208:8:8:8,1039,1039000,1040000,2.0,server_received
fd00::208:8:8:8,1394,1394000,1395000,7.0,server_received
fd00::208:8:8:8,1404,1404000,1405000,3.0,server_received
fd00::208:8:8:8,1414,1414000,1415000,2.0,server_received
fd00::208:8:8:8,1432,1432000,1433000,1.0,server_received
fd00::208:8:8:8,1697,1697000,1698000,7.0,server_received
fd00::208:8:8:8,1708,1708000,1709000,2.0,server_received
fd00::208:8:8:8,1718,1718000,1719000,2.0,server_received
fd00::208:8:8:8,1729,1729000,1730000,2.0,server_received
fd00::208:8:8:8,1739,1739000,1740000,2.0,server_received
fd00::208:8:8:8,1752,1752000,1753000,2.0,server_received
fd00::208:8:8:8,1760,1760000,1761000,2.0,server_received
fd00::208:8:8:8,1776,1776000,1777000,2.0,server_received
fd00::208:8:8:8,2114,2114000,2115000,16.0,server_received
fd00::208:8:8:8,2452,2452000,2453000,2.0,server_received
fd00::208:8:8:8,2463,2463000,2464000,2.0,server_received
fd00::208:8:8:8,2474,2474000,2475000,2.0,server_received
fd00::208:8:8:8,2485,2485000,2486000,2.0,server_received
fd00::208:8:8:8,2494,2494000,2495000,2.0,server_received
fd00::208:8:8:8,2505,2505000,2506000,2.0,server_received
fd00::208:8:8:8,2515,2515000,2516000,2.0,server_received
fd00::208:8:8:8,2526,2526000,2527000,2.0,server_received
fd00::208:8:8:8,2536,2536000,2537000,2.0,server_received
fd00::208:8:8:8,2547,2547000,2548000,2.0,server_received
fd00::208:8:8:8,2557,2557000,2558000,2.0,server_received
fd00::208:8:8:8,2568,2568000,2569000,2.0,server_received
fd00::208:8:8:8,2578,2578000,2579000,2.0,server_received
fd00::208:8:8:8,2589,2589000,2590000,2.0,server_received
fd00::208:8:8:8,2599,2599000,2600000,2.0,server_received
fd00::208:8:8:8,2609,2609000,2610000,2.0,server_received
fd00::208:8:8:8,2622,2622000,2623000,2.0,server_received
fd00::208:8:8:8,2632,2632000,2633000,3.0,server_received
fd00::208:8:8:8,2643,2643000,2644000,2.0,server_received
fd00::208:8:8:8,2651,2651000,2652000,2.0,server_received
fd00::208:8:8:8,2662,2662000,2663000,2.0,server_received
fd00::208:8:8:8,2673,2673000,2674000,2.0,server_received
fd00::208:8:8:8,2683,2683000,2684000,2.0,server_received
fd00::208:8:8:8,2693,2693000,2694000,2.0,server_received
fd00::208:8:8:8,2704,2704000,2705000,2.0,server_received
fd00::208:8:8:8,2714,2714000,2715000,2.0,server_received
fd00::208:8:8:8,2725,2725000,2726000,2.0,server_received
fd00::208:8:8:8,2735,2735000,2736000,2.0,server_received
fd00::208:8:8:8,2746,2746000,2747000,2.0,server_received
fd00::208:8:8:8,2756,2756000,2757000,2.0,server_received
fd00::208:8:8:8,2767,2767000,2768000,2.0,server_received
fd00::208:8:8:8,2777,2777000,2778000,2.0,server_received
fd00::208:8:8:8,2788,2788000,2789000,2.0,server_received
fd00::208:8:8:8,2798,2798000,2799000,2.0,server_received
fd00::208:8:8:8,2809,2809000,2810000,2.0,server_received
fd00::208:8:8:8,2819,2819000,2820000,2.0,server_received
fd00::208:8:8:8,2834,2834000,2835000,2.0,server_received
fd00::208:8:8:8,2842,2842000,2843000,3.0,server_received
fd00::208:8:8:8,2851,2851000,2852000,2.0,server_received
fd00::208:8:8:8,2864,2864000,2865000,2.0,server_received
fd00::208:8:8:8,2872,2872000,2873000,2.0,server_received
fd00::208:8:8:8,2882,2882000,2883000,2.0,server_received
fd00::208:8:8:8,2893,2893000,2894000,2.0,server_received
fd00::208:8:8:8,2903,2903000,2904000,2.0,server_received
fd00::208:8:8:8,2913,2913000,2914000,2.0,server_received
fd00::208:8:8:8,2925,2925000,2926000,2.0,server_received
fd00::208:8:8:8,2934,2934000,2935000,2.0,server_received
fd00::208:8:8:8,2945,2945000,2946000,2.0,server_received
fd00::208:8:8:8,2955,2955000,2956000,2.0,server_received
fd00::208:8:8:8,2966,2966000,2967000,2.0,server_received
fd00::208:8:8:8,2976,2976000,2977000,2.0,server_received
fd00::208:8:8:8,2987,2987000,2988000,2.0,server_received
fd00::208:8:8:8,2997,2997000,2998000,2.0,server_received
fd00::208:8:8:8,3008,3008000,3009000,2.0,server_received
fd00::208:8:8:8,3018,3018000,3019000,2.0,server_received
fd00::208:8:8:8,3029,3029000,3030000,2.0,server_received
fd00::208:8:8:8,3039,3039000,3040000,2.0,server_received
fd00::208:8:8:8,3052,3052000,3053000,2.0,server_received
fd00::208:8:8:8,3062,3062000,3063000,3.0,server_received
fd00::208:8:8:8,3071,3071000,3072000,2.0,server_received
fd00::208:8:8:8,3085,3085000,3086000,2.0,server_received
fd00::208:8:8:8,3092,3092000,3093000,2.0,server_received
fd00::208:8:8:8,3104,3104000,3105000,2.0,server_received
fd00::208:8:8:8,3113,3113000,3114000,2.0,server_received
fd00::208:8:8:8,3123,3123000,3124000,2.0,server_received
fd00::208:8:8:8,3134,3134000,3135000,2.0,server_received
fd00::208:8:8:8,3144,3144000,3145000,2.0,server_received
fd00::208:8:8:8,3155,3155000,3156000,2.0,server_received
fd00::208:8:8:8,3165,3165000,3166000,2.0,server_received
fd00::208:8:8:8,3176,3176000,3177000,2.0,server_received
fd00::208:8:8:8,3186,3186000,3187000,2.0,server_received
fd00::208:8:8:8,3197,3197000,3198000,2.0,server_received
fd00::208:8:8:8,3207,3207000,3208000,2.0,server_received
fd00::208:8:8:8,3217,3217000,3218000,2.0,server_received
fd00::208:8:8:8,3228,3228000,3229000,2.0,server_received
fd00::208:8:8:8,3239,3239000,3240000,2.0,server_received
fd00::208:8:8:8,3249,3249000,3250000,2.0,server_received
fd00::208:8:8:8,3259,3259000,3260000,2.0,server_received
fd00::208:8:8:8,3270,3270000,3271000,2.0,server_received
fd00::208:8:8:8,3281,3281000,3282000,3.0,server_received
fd00::208:8:8:8,3295,3295000,3296000,2.0,server_received
fd00::208:8:8:8,3301,3301000,3302000,2.0,server_received
fd00::208:8:8:8,3312,3312000,3313000,2.0,server_received
fd00::208:8:8:8,3323,3323000,3324000,2.0,server_received
fd00::208:8:8:8,3333,3333000,3334000,2.0,server_received
fd00::208:8:8:8,3343,3343000,3344000,2.0,server_received
fd00::208:8:8:8,3354,3354000,3355000,2.0,server_received
fd00::208:8:8:8,3364,3364000,3365000,2.0,server_received
fd00::208:8:8:8,3375,3375000,3376000,2.0,server_received
fd00::208:8:8:8,3385,3385000,3386000,2.0,server_received
fd00::208:8:8:8,3396,3396000,3397000,2.0,server_received
fd00::208:8:8:8,3406,3406000,3407000,2.0,server_received
fd00::208:8:8:8,3417,3417000,3418000,2.0,server_received
fd00::208:8:8:8,3427,3427000,3428000,2.0,server_received
fd00::208:8:8:8,3438,3438000,3439000,2.0,server_received
fd00::208:8:8:8,3448,3448000,3449000,2.0,server_received
fd00::208:8:8:8,3459,3459000,3460000,2.0,server_received
fd00::208:8:8:8,3469,3469000,3470000,2.0,server_received
fd00::208:8:8:8,3482,3482000,3483000,2.0,server_received
fd00::208:8:8:8,3492,3492000,3493000,3.0,server_received
fd00::208:8:8:8,3502,3502000,3503000,2.0,server_received
fd00::208:8:8:8,3512,3512000,3513000,2.0,server_received
fd00::208:8:8:8,3522,3522000,3523000,2.0,server_received
fd00::208:8:8:8,3532,3532000,3533000,2.0,server_received
fd00::208:8:8:8,3542,3542000,3543000,2.0,server_received
fd00::208:8:8:8,3553,3553000,3554000,2.0,server_received
fd00::208:8:8:8,3563,3563000,3564000,2.0,server_received
fd00::208:8:8:8,3574,3574000,3575000,2.0,server_received
fd00::208:8:8:8,3585,3585000,3586000,2.0,server_received
fd00::208:8:8:8,3595,3595000,3596000,2.0,server_received
fd00::209:9:9:9,53,53000,54000,0.0,server_received
fd00::209:9:9:9,63,63000,64000,2.0,server_received
fd00::209:9:9:9,74,74000,75000,2.0,server_received
fd00::209:9:9:9,86,86000,87000,2.0,server_received
fd00::209:9:9:9,96,96000,97000,2.0,server_received
fd00::209:9:9:9,106,106000,107000,2.0,server_received
fd00::209:9:9:9,116,116000,117000,2.0,server_received
fd00::209:9:9:9,127,127000,128000,2.0,server_received
fd00::209:9:9:9,137,137000,138000,2.0,server_received
fd00::209:9:9:9,148,148000,149000,2.0,server_received
fd00::209:9:9:9,158,158000,159000,2.0,server_received
fd00::209:9:9:9,174,174000,175000,2.0,server_received
fd00::209:9:9:9,182,182000,183000,2.0,server_received
fd00::209:9:9:9,194,194000,195000,2.0,server_received
fd00::209:9:9:9,205,205000,206000,2.0,server_received
fd00::209:9:9:9,216,216000,217000,3.0,server_received
fd00::209:9:9:9,243,243000,244000,3.0,server_received
fd00::209:9:9:9,248,248000,249000,2.0,server_received
fd00::209:9:9:9,264,264000,265000,2.0,server_received
fd00::209:9:9:9,269,269000,270000,2.0,server_received
fd00::209:9:9:9,283,283000,284000,2.0,server_received
fd00::209:9:9:9,288,288000,289000,2.0,server_received
fd00::209:9:9:9,297,297000,298000,2.0,server_received
fd00::209:9:9:9,306,306000,307000,2.0,server_received
fd00::209:9:9:9,319,319000,320000,2.0,server_received
fd00::209:9:9:9,328,328000,329000,2.0,server_received
fd00::209:9:9:9,338,338000,339000,2.0,server_received
fd00::209:9:9:9,349,349000,350000,2.0,server_received
fd00::209:9:9:9,361,361000,362000,2.0,server_received
fd00::209:9:9:9,373,373000,374000,2.0,server_received
fd00::209:9:9:9,384,384000,385000,3.0,server_received
fd00::209:9:9:9,393,393000,394000,1.0,server_received
fd00::209:9:9:9,402,402000,403000,3.0,server_received
fd00::209:9:9:9,413,413000,414000,1.0,server_received
fd00::209:9:9:9,425,425000,426000,3.0,server_received
fd00::209:9:9:9,436,436000,437000,2.0,server_received
fd00::209:9:9:9,445,445000,446000,2.0,server_received
fd00::209:9:9:9,455,455000,456000,2.0,server_received
fd00::209:9:9:9,466,466000,467000,2.0,server_received
fd00::209:9:9:9,476,476000,477000,2.0,server_received
fd00::209:9:9:9,487,487000,488000,2.0,server_received
fd00::209:9:9:9,519,519000,520000,2.0,server_received
fd00::209:9:9:9,553,553000,554000,2.0,server_received
fd00::209:9:9:9,563,563000,564000,2.0,server_received
fd00::209:9:9:9,575,575000,576000,3.0,server_received
fd00::209:9:9:9,584,584000,585000,2.0,server_received
fd00::209:9:9:9,597,597000,598000,2.0,server_received
fd00::209:9:9:9,604,604000,605000,2.0,server_received
fd00::209:9:9:9,613,613000,614000,2.0,server_received
fd00::209:9:9:9,626,626000,627000,2.0,server_received
fd00::209:9:9:9,634,634000,635000,2.0,server_received
fd00::209:9:9:9,645,645000,646000,2.0,server_received
fd00::209:9:9:9,655,655000,656000,2.0,server_received
fd00::209:9:9:9,666,666000,667000,2.0,server_received
fd00::209:9:9:9,678,678000,679000,2.0,server_received
fd00::209:9:9:9,687,687000,688000,2.0,server_received
fd00::209:9:9:9,698,698000,699000,2.0,server_received
fd00::209:9:9:9,709,709000,710000,2.0,server_received
fd00::209:9:9:9,719,719000,720000,2.0,server_received
fd00::209:9:9:9,732,732000,733000,2.0,server_received
fd00::209:9:9:9,745,745000,746000,2.0,server_received
fd00::209:9:9:9,754,754000,755000,3.0,server_received
fd00::209:9:9:9,768,768000,769000,2.0,server_received
fd00::209:9:9:9,773,773000,774000,1.0,server_received
fd00::209:9:9:9,783,783000,784000,2.0,server_received
fd00::209:9:9:9,794,794000,795000,3.0,server_received
fd00::209:9:9:9,815,815000,816000,3.0,server_received
fd00::209:9:9:9,829,829000,830000,2.0,server_received
fd00::209:9:9:9,835,835000,836000,2.0,server_received
fd00::20a:a:a:a,94,94000,95000,0.0,server_received
fd00::20a:a:a:a,106,106000,107000,2.0,server_received
fd00::20a:a:a:a,113,113000,114000,2.0,server_received
fd00::20a:a:a:a,124,124000,125000,1.0,server_received
fd00::20a:a:a:a,135,135000,136000,2.0,server_received
fd00::20a:a:a:a,145,145000,146000,3.0,server_received
fd00::20a:a:a:a,157,157000,158000,1.0,server_received
fd00::20a:a:a:a,167,167000,168000,2.0,server_received
fd00::20a:a:a:a,174,174000,175000,3.0,server_received
fd00::20a:a:a:a,185,185000,186000,2.0,server_received
fd00::20a:a:a:a,196,196000,197000,2.0,server_received
fd00::20a:a:a:a,213,213000,214000,2.0,server_received
fd00::20a:a:a:a,233,233000,234000,2.0,server_received
fd00::20a:a:a:a,238,238000,239000,2.0,server_received
fd00::20a:a:a:a,245,245000,246000,2.0,server_received
fd00::20b:b:b:b,133,133000,134000,0.0,server_received
fd00::20b:b:b:b,146,146000,147000,1.0,server_received
fd00::20b:b:b:b,152,152000,153000,2.0,server_received
fd00::20b:b:b:b,164,164000,165000,2.0,server_received
fd00::20b:b:b:b,178,178000,179000,2.0,server_received
fd00::20b:b:b:b,184,184000,185000,2.0,server_received
fd00::20b:b:b:b,203,203000,204000,2.0,server_received
fd00::20b:b:b:b,213,213000,214000,2.0,server_received
fd00::20b:b:b:b,216,216000,217000,2.0,server_received
fd00::20b:b:b:b,238,238000,239000,1.0,server_received
fd00::20b:b:b:b,248,248000,249000,3.0,server_received
fd00::20b:b:b:b,264,264000,265000,1.0,server_received
fd00::20b:b:b:b,269,269000,270000,2.0,server_received
fd00::20b:b:b:b,283,283000,284000,2.0,server_received
fd00::20b:b:b:b,288,288000,289000,2.0,server_received
fd00::20b:b:b:b,296,296000,297000,1.0,server_received
fd00::20b:b:b:b,303,303000,304000,2.0,server_received
fd00::20b:b:b:b,319,319000,320000,2.0,server_received
fd00::20b:b:b:b,327,327000,328000,2.0,server_received
fd00::20b:b:b:b,334,334000,335000,3.0,server_received
fd00::20b:b:b:b,345,345000,346000,2.0,server_received
fd00::20b:b:b:b,355,355000,356000,2.0,server_received
fd00::20b:b:b:b,364,364000,365000,2.0,server_received
fd00::20b:b:b:b,374,374000,375000,2.0,server_received
fd00::20b:b:b:b,384,384000,385000,2.0,server_received
fd00::20b:b:b:b,397,397000,398000,2.0,server_received
fd00::20b:b:b:b,404,404000,405000,2.0,server_received
fd00::20b:b:b:b,415,415000,416000,1.0,server_received
fd00::20b:b:b:b,425,425000,426000,2.0,server_received
fd00::20b:b:b:b,436,436000,437000,3.0,server_received
fd00::20b:b:b:b,446,446000,447000,2.0,server_received
fd00::20b:b:b:b,455,455000,456000,1.0,server_received
fd00::20b:b:b:b,467,467000,468000,3.0,server_received
fd00::20b:b:b:b,475,475000,476000,2.0,server_received
fd00::20b:b:b:b,486,486000,487000,2.0,server_received
fd00::20b:b:b:b,497,497000,498000,1.0,server_received
fd00::20b:b:b:b,514,514000,515000,3.0,server_received
fd00::20b:b:b:b,556,556000,557000,3.0,server_received
fd00::20b:b:b:b,568,568000,569000,2.0,server_received
fd00::20b:b:b:b,577,577000,578000,2.0,server_received
fd00::20b:b:b:b,587,587000,588000,2.0,server_received
fd00::20b:b:b:b,599,599000,600000,2.0,server_received
fd00::20b:b:b:b,607,607000,608000,2.0,server_received
fd00::20b:b:b:b,617,617000,618000,2.0,server_received
fd00::20b:b:b:b,627,627000,628000,2.0,server_received
fd00::20b:b:b:b,637,637000,638000,2.0,server_received
fd00::20b:b:b:b,648,648000,649000,2.0,server_received
fd00::20b:b:b:b,658,658000,659000,2.0,server_received
fd00::20b:b:b:b,668,668000,669000,2.0,server_received
fd00::20b:b:b:b,678,678000,679000,2.0,server_received
fd00::20b:b:b:b,688,688000,689000,2.0,server_received
fd00::20b:b:b:b,699,699000,700000,2.0,server_received
fd00::20b:b:b:b,709,709000,710000,2.0,server_received
fd00::20b:b:b:b,718,718000,719000,2.0,server_received
fd00::20b:b:b:b,728,728000,729000,2.0,server_received
fd00::20b:b:b:b,744,744000,745000,1.0,server_received
fd00::20b:b:b:b,749,749000,750000,1.0,server_received
fd00::20b:b:b:b,759,759000,760000,2.0,server_received
fd00::20b:b:b:b,769,769000,770000,2.0,server_received
fd00::20b:b:b:b,781,781000,782000,2.0,server_received
fd00::20b:b:b:b,793,793000,794000,2.0,server_received
fd00::20b:b:b:b,804,804000,805000,2.0,server_received
fd00::20b:b:b:b,815,815000,816000,2.0,server_received
fd00::20b:b:b:b,825,825000,826000,1.0,server_received
fd00::20b:b:b:b,833,833000,834000,3.0,server_received
fd00::20c:c:c:c,21,21000,22000,0.0,server_received
fd00::20c:c:c:c,32,32000,33000,2.0,server_received
fd00::20c:c:c:c,43,43000,44000,2.0,server_received
fd00::20c:c:c:c,54,54000,55000,2.0,server_received
fd00::20c:c:c:c,65,65000,66000,2.0,server_received
fd00::20c:c:c:c,76,76000,77000,2.0,server_received
fd00::20c:c:c:c,86,86000,87000,2.0,server_received
fd00::20c:c:c:c,97,97000,98000,2.0,server_received
fd00::20c:c:c:c,108,108000,109000,2.0,server_received
fd00::20c:c:c:c,119,119000,120000,2.0,server_received
fd00::20c:c:c:c,134,134000,135000,3.0,server_received
fd00::20c:c:c:c,144,144000,145000,2.0,server_received
fd00::20c:c:c:c,155,155000,156000,2.0,server_received
fd00::20c:c:c:c,166,166000,167000,2.0,server_received
fd00::20c:c:c:c,173,173000,174000,2.0,server_received
fd00::20c:c:c:c,186,186000,187000,2.0,server_received
fd00::20c:c:c:c,196,196000,197000,2.0,server_received
fd00::20c:c:c:c,212,212000,213000,2.0,server_received
fd00::20c:c:c:c,216,216000,217000,2.0,server_received
fd00::20c:c:c:c,229,229000,230000,2.0,server_received
fd00::20c:c:c:c,239,239000,240000,2.0,server_received
fd00::20c:c:c:c,253,253000,254000,2.0,server_received
fd00::20c:c:c:c,269,269000,270000,3.0,server_received
fd00::20c:c:c:c,498,498000,499000,3.0,server_received
fd00::20c:c:c:c,509,509000,510000,1.0,server_received
fd00::20c:c:c:c,521,521000,522000,1.0,server_received
fd00::20c:c:c:c,531,531000,532000,1.0,server_received
fd00::20c:c:c:c,543,543000,544000,1.0,server_received
fd00::20c:c:c:c,552,552000,553000,1.0,server_received
fd00::20c:c:c:c,563,563000,564000,1.0,server_received
fd00::20c:c:c:c,574,574000,575000,1.0,server_received
fd00::20c:c:c:c,585,585000,586000,2.0,server_received
fd00::20c:c:c:c,596,596000,597000,4.0,server_received
fd00::20c:c:c:c,606,606000,607000,2.0,server_received
fd00::20c:c:c:c,617,617000,618000,1.0,server_received
fd00::20c:c:c:c,628,628000,629000,1.0,server_received
fd00::20c:c:c:c,639,639000,640000,1.0,server_received
fd00::20c:c:c:c,650,650000,651000,1.0,server_received
fd00::20c:c:c:c,663,663000,664000,1.0,server_received
fd00::20c:c:c:c,671,671000,672000,1.0,server_received
fd00::20c:c:c:c,683,683000,684000,1.0,server_received
fd00::20c:c:c:c,693,693000,694000,3.0,server_received
fd00::20c:c:c:c,705,705000,706000,4.0,server_received
fd00::20c:c:c:c,715,715000,716000,1.0,server_received
fd00::20c:c:c:c,726,726000,727000,1.0,server_received
fd00::20c:c:c:c,739,739000,740000,1.0,server_received
fd00::20c:c:c:c,747,747000,748000,1.0,server_received
fd00::20c:c:c:c,758,758000,759000,1.0,server_received
fd00::20c:c:c:c,769,769000,770000,1.0,server_received
fd00::20c:c:c:c,783,783000,784000,1.0,server_received
fd00::20c:c:c:c,809,809000,810000,9.0,server_received
fd00::20c:c:c:c,813,813000,814000,1.0,server_received
fd00::20c:c:c:c,823,823000,824000,4.0,server_received
fd00::20c:c:c:c,834,834000,835000,2.0,server_received
fd00::20c:c:c:c,846,846000,847000,2.0,server_received
fd00::20c:c:c:c,856,856000,857000,2.0,server_received
fd00::20c:c:c:c,867,867000,868000,2.0,server_received
fd00::20c:c:c:c,877,877000,878000,2.0,server_received
fd00::20c:c:c:c,888,888000,889000,2.0,server_received
fd00::20c:c:c:c,922,922000,923000,4.0,server_received
fd00::20c:c:c:c,935,935000,936000,2.0,server_received
fd00::20c:c:c:c,942,942000,943000,2.0,server_received
fd00::20c:c:c:c,953,953000,954000,2.0,server_received
fd00::20c:c:c:c,971,971000,972000,1.0,server_received
fd00::20c:c:c:c,986,986000,987000,2.0,server_received
fd00::20c:c:c:c,1148,1148000,1149000,2.0,server_received
fd00::20c:c:c:c,1159,1159000,1160000,2.0,server_received
fd00::20c:c:c:c,1172,1172000,1173000,3.0,server_received
fd00::20c:c:c:c,1186,1186000,1187000,2.0,server_received
fd00::20c:c:c:c,1205,1205000,1206000,1.0,server_received
fd00::20c:c:c:c,1354,1354000,1355000,2.0,server_received
fd00::20c:c:c:c,1365,1365000,1366000,2.0,server_received
fd00::20c:c:c:c,1376,1376000,1377000,2.0,server_received
fd00::20c:c:c:c,1386,1386000,1387000,2.0,server_received
fd00::20c:c:c:c,1397,1397000,1398000,2.0,server_received
fd00::20c:c:c:c,1408,1408000,1409000,2.0,server_received
fd00::20c:c:c:c,1419,1419000,1420000,2.0,server_received
fd00::20c:c:c:c,1657,1657000,1658000,2.0,server_received
fd00::20c:c:c:c,1668,1668000,1669000,2.0,server_received
fd00::20c:c:c:c,2275,2275000,2276000,3.0,server_received
fd00::20c:c:c:c,2285,2285000,2286000,2.0,server_received
fd00::20c:c:c:c,2296,2296000,2297000,2.0,server_received
fd00::20c:c:c:c,2307,2307000,2308000,2.0,server_received
fd00::20c:c:c:c,2318,2318000,2319000,2.0,server_received
fd00::20c:c:c:c,2329,2329000,2330000,2.0,server_received
fd00::20c:c:c:c,2342,2342000,2343000,3.0,server_received
fd00::20c:c:c:c,2351,2351000,2352000,2.0,server_received
fd00::20c:c:c:c,2363,2363000,2364000,2.0,server_received
fd00::20c:c:c:c,2373,2373000,2374000,2.0,server_received
fd00::20c:c:c:c,2383,2383000,2384000,2.0,server_received
fd00::20c:c:c:c,2394,2394000,2395000,2.0,server_received
fd00::20c:c:c:c,2405,2405000,2406000,2.0,server_received
fd00::20c:c:c:c,2416,2416000,2417000,2.0,server_received
fd00::20c:c:c:c,2426,2426000,2427000,2.0,server_received
fd00::20c:c:c:c,2437,2437000,2438000,2.0,server_received
fd00::20c:c:c:c,2448,2448000,2449000,2.0,server_received
fd00::20c:c:c:c,2459,2459000,2460000,2.0,server_received
fd00::20c:c:c:c,2473,2473000,2474000,3.0,server_received
fd00::20c:c:c:c,2484,2484000,2485000,2.0,server_received
fd00::20c:c:c:c,2491,2491000,2492000,2.0,server_received
fd00::20c:c:c:c,2503,2503000,2504000,2.0,server_received
fd00::20c:c:c:c,2513,2513000,2514000,2.0,server_received
fd00::20c:c:c:c,2524,2524000,2525000,2.0,server_received
fd00::20c:c:c:c,2535,2535000,2536000,2.0,server_received
fd00::20c:c:c:c,2546,2546000,2547000,2.0,server_received
fd00::20c:c:c:c,2557,2557000,2558000,2.0,server_received
fd00::20c:c:c:c,2567,2567000,2568000,2.0,server_received
fd00::20c:c:c:c,2578,2578000,2579000,2.0,server_received
fd00::20c:c:c:c,2589,2589000,2590000,2.0,server_received
fd00::20c:c:c:c,2601,2601000,2602000,3.0,server_received
fd00::20c:c:c:c,2611,2611000,2612000,2.0,server_received
fd00::20c:c:c:c,2623,2623000,2624000,2.0,server_received
fd00::20c:c:c:c,2633,2633000,2634000,2.0,server_received
fd00::20c:c:c:c,2643,2643000,2644000,2.0,server_received
fd00::20c:c:c:c,2654,2654000,2655000,2.0,server_received
fd00::20c:c:c:c,2665,2665000,2666000,2.0,server_received
fd00::20c:c:c:c,2676,2676000,2677000,2.0,server_received
fd00::20c:c:c:c,2686,2686000,2687000,2.0,server_received
fd00::20c:c:c:c,2697,2697000,2698000,2.0,server_received
fd00::20c:c:c:c,2708,2708000,2709000,2.0,server_received
fd00::20c:c:c:c,2719,2719000,2720000,2.0,server_received
fd00::20c:c:c:c,2731,2731000,2732000,3.0,server_received
fd00::20c:c:c:c,2741,2741000,2742000,2.0,server_received
fd00::20c:c:c:c,2753,2753000,2754000,2.0,server_received
fd00::20c:c:c:c,2763,2763000,2764000,2.0,server_received
fd00::20c:c:c:c,2773,2773000,2774000,2.0,server_received
fd00::20c:c:c:c,2784,2784000,2785000,2.0,server_received
fd00::20c:c:c:c,2795,2795000,2796000,2.0,server_received
fd00::20c:c:c:c,2805,2805000,2806000,2.0,server_received
fd00::20c:c:c:c,2816,2816000,2817000,2.0,server_received
fd00::20c:c:c:c,2827,2827000,2828000,2.0,server_received
fd00::20c:c:c:c,2838,2838000,2839000,2.0,server_received
fd00::20c:c:c:c,2849,2849000,2850000,2.0,server_received
fd00::20c:c:c:c,2862,2862000,2863000,3.0,server_received
fd00::20c:c:c:c,2872,2872000,2873000,2.0,server_received
fd00::20c:c:c:c,2882,2882000,2883000,2.0,server_received
fd00::20c:c:c:c,2892,2892000,2893000,2.0,server_received
fd00::20c:c:c:c,2903,2903000,2904000,2.0,server_received
fd00::20c:c:c:c,2914,2914000,2915000,2.0,server_received
fd00::20c:c:c:c,2925,2925000,2926000,2.0,server_received
fd00::20c:c:c:c,2936,2936000,2937000,2.0,server_received
fd00::20c:c:c:c,2946,2946000,2947000,2.0,server_received
fd00::20c:c:c:c,2957,2957000,2958000,2.0,server_received
fd00::20c:c:c:c,2968,2968000,2969000,2.0,server_received
fd00::20c:c:c:c,2979,2979000,2980000,2.0,server_received
fd00::20c:c:c:c,2992,2992000,2993000,3.0,server_received
fd00::20c:c:c:c,3000,3000000,3001000,2.0,server_received
fd00::20c:c:c:c,3012,3012000,3013000,2.0,server_received
fd00::20c:c:c:c,3022,3022000,3023000,2.0,server_received
fd00::20c:c:c:c,3033,3033000,3034000,2.0,server_received
fd00::20c:c:c:c,3044,3044000,3045000,2.0,server_received
fd00::20c:c:c:c,3055,3055000,3056000,2.0,server_received
fd00::20c:c:c:c,3066,3066000,3067000,2.0,server_received
fd00::20c:c:c:c,3076,3076000,3077000,2.0,server_received
fd00::20c:c:c:c,3087,3087000,3088000,2.0,server_received
fd00::20c:c:c:c,3098,3098000,3099000,2.0,server_received
fd00::20c:c:c:c,3109,3109000,3110000,2.0,server_received
fd00::20c:c:c:c,3124,3124000,3125000,3.0,server_received
fd00::20c:c:c:c,3132,3132000,3133000,2.0,server_received
fd00::20c:c:c:c,3141,3141000,3142000,2.0,server_received
fd00::20c:c:c:c,3153,3153000,3154000,2.0,server_received
fd00::20c:c:c:c,3163,3163000,3164000,2.0,server_received
fd00::20c:c:c:c,3174,3174000,3175000,2.0,server_received
fd00::20c:c:c:c,3185,3185000,3186000,2.0,server_received
fd00::20c:c:c:c,3195,3195000,3196000,2.0,server_received
fd00::20c:c:c:c,3206,3206000,3207000,2.0,server_received
fd00::20c:c:c:c,3217,3217000,3218000,2.0,server_received
fd00::20c:c:c:c,3228,3228000,3229000,2.0,server_received
fd00::20c:c:c:c,3239,3239000,3240000,2.0,server_received
fd00::20c:c:c:c,3251,3251000,3252000,3.0,server_received
fd00::20c:c:c:c,3263,3263000,3264000,2.0,server_received
fd00::20c:c:c:c,3274,3274000,3275000,2.0,server_received
fd00::20c:c:c:c,3282,3282000,3283000,2.0,server_received
fd00::20c:c:c:c,3293,3293000,3294000,2.0,server_received
fd00::20c:c:c:c,3304,3304000,3305000,2.0,server_received
fd00::20c:c:c:c,3315,3315000,3316000,2.0,server_received
fd00::20c:c:c:c,3325,3325000,3326000,2.0,server_received
fd00::20c:c:c:c,3336,3336000,3337000,2.0,server_received
fd00::20c:c:c:c,3347,3347000,3348000,2.0,server_received
fd00::20c:c:c:c,3358,3358000,3359000,2.0,server_received
fd00::20c:c:c:c,3369,3369000,3370000,2.0,server_received
fd00::20c:c:c:c,3381,3381000,3382000,3.0,server_received
fd00::20c:c:c:c,3392,3392000,3393000,2.0,server_received
fd00::20c:c:c:c,3403,3403000,3404000,2.0,server_received
fd00::20c:c:c:c,3412,3412000,3413000,2.0,server_received
fd00::20c:c:c:c,3423,3423000,3424000,2.0,server_received
fd00::20c:c:c:c,3434,3434000,3435000,2.0,server_received
fd00::20c:c:c:c,3445,3445000,3446000,2.0,server_received
fd00::20c:c:c:c,3456,3456000,3457000,2.0,server_received
fd00::20c:c:c:c,3466,3466000,3467000,2.0,server_received
fd00::20c:c:c:c,3477,3477000,3478000,2.0,server_received
fd00::20c:c:c:c,3488,3488000,3489000,2.0,server_received
fd00::20c:c:c:c,3499,3499000,3500000,2.0,server_received
fd00::20c:c:c:c,3510,3510000,3511000,3.0,server_received
fd00::20c:c:c:c,3521,3521000,3522000,2.0,server_received
fd00::20c:c:c:c,3531,3531000,3532000,2.0,server_received
fd00::20c:c:c:c,3542,3542000,3543000,2.0,server_received
fd00::20c:c:c:c,3554,3554000,3555000,2.0,server_received
fd00::20c:c:c:c,3564,3564000,3565000,2.0,server_received
fd00::20c:c:c:c,3575,3575000,3576000,2.0,server_received
fd00::20c:c:c:c,3585,3585000,3586000,2.0,server_received
fd00::20c:c:c:c,3596,3596000,3597000,2.0,server_received
fd00::20d:d:d:d,31,31000,32000,0.0,server_received
fd00::20d:d:d:d,41,41000,42000,2.0,server_received
fd00::20d:d:d:d,54,54000,55000,2.0,server_received
fd00::20d:d:d:d,61,61000,62000,1.0,server_received
fd00::20d:d:d:d,74,74000,75000,3.0,server_received
fd00::20d:d:d:d,84,84000,85000,2.0,server_received
fd00::20d:d:d:d,93,93000,94000,2.0,server_received
fd00::20d:d:d:d,104,104000,105000,2.0,server_received
fd00::20d:d:d:d,113,113000,114000,2.0,server_received
fd00::20d:d:d:d,123,123000,124000,1.0,server_received
fd00::20d:d:d:d,135,135000,136000,2.0,server_received
fd00::20d:d:d:d,145,145000,146000,3.0,server_received
fd00::20d:d:d:d,156,156000,157000,1.0,server_received
fd00::20d:d:d:d,166,166000,167000,2.0,server_received
fd00::20d:d:d:d,173,173000,174000,3.0,server_received
fd00::20d:d:d:d,185,185000,186000,2.0,server_received
fd00::20d:d:d:d,195,195000,196000,2.0,server_received
fd00::20d:d:d:d,212,212000,213000,2.0,server_received
fd00::20d:d:d:d,229,229000,230000,2.0,server_received
fd00::20d:d:d:d,237,237000,238000,2.0,server_received
fd00::20d:d:d:d,245,245000,246000,2.0,server_received
fd00::20d:d:d:d,258,258000,259000,2.0,server_received
fd00::20d:d:d:d,833,833000,834000,9.0,server_received
fd00::20d:d:d:d,841,841000,842000,2.0,server_received
fd00::20d:d:d:d,852,852000,853000,2.0,server_received
fd00::20d:d:d:d,863,863000,864000,2.0,server_received
fd00::20d:d:d:d,872,872000,873000,2.0,server_received
fd00::20d:d:d:d,882,882000,883000,2.0,server_received
fd00::20d:d:d:d,898,898000,899000,2.0,server_received
fd00::20d:d:d:d,906,906000,907000,2.0,server_received
fd00::20d:d:d:d,915,915000,916000,3.0,server_received
fd00::20d:d:d:d,926,926000,927000,1.0,server_received
fd00::20d:d:d:d,935,935000,936000,3.0,server_received
fd00::20d:d:d:d,942,942000,943000,2.0,server_received
fd00::20d:d:d:d,954,954000,955000,2.0,server_received
fd00::20d:d:d:d,971,971000,972000,3.0,server_received
fd00::20e:e:e:e,86,86000,87000,0.0,server_received
fd00::20e:e:e:e,97,97000,98000,2.0,server_received
fd00::20e:e:e:e,107,107000,108000,2.0,server_received
fd00::20e:e:e:e,118,118000,119000,2.0,server_received
fd00::20e:e:e:e,173,173000,174000,3.0,server_received
fd00::20e:e:e:e,184,184000,185000,2.0,server_received
fd00::20e:e:e:e,204,204000,205000,3.0,server_received
fd00::20e:e:e:e,214,214000,215000,2.0,server_received
fd00::20e:e:e:e,226,226000,227000,2.0,server_received
fd00::20e:e:e:e,275,275000,276000,1.0,server_received
fd00::20e:e:e:e,421,421000,422000,4.0,server_received
fd00::20e:e:e:e,436,436000,437000,2.0,server_received
fd00::20e:e:e:e,445,445000,446000,2.0,server_received
fd00::20e:e:e:e,496,496000,497000,2.0,server_received
fd00::20f:f:f:f,107,107000,108000,0.0,server_received
fd00::20f:f:f:f,126,126000,127000,3.0,server_received
fd00::20f:f:f:f,137,137000,138000,2.0,server_received
fd00::20f:f:f:f,147,147000,148000,2.0,server_received
fd00::20f:f:f:f,159,159000,160000,2.0,server_received
fd00::20f:f:f:f,169,169000,170000,1.0,server_received
fd00::20f:f:f:f,179,179000,180000,3.0,server_received
fd00::20f:f:f:f,189,189000,190000,2.0,server_received
fd00::20f:f:f:f,208,208000,209000,2.0,server_received
fd00::20f:f:f:f,223,223000,224000,2.0,server_received
fd00::20f:f:f:f,235,235000,236000,2.0,server_received
fd00::20f:f:f:f,238,238000,239000,1.0,server_received
fd00::210:10:10:10,66,66000,67000,0.0,server_received
fd00::210:10:10:10,449,449000,450000,2.0,server_received
fd00::210:10:10:10,474,474000,475000,2.0,server_received
fd00::210:10:10:10,497,497000,498000,1.0,server_received
fd00::211:11:11:11,215,215000,216000,0.0,server_received
fd00::211:11:11:11,229,229000,230000,1.0,server_received
fd00::211:11:11:11,256,256000,257000,2.0,server_received
fd00::211:11:11:11,285,285000,286000,2.0,server_received
fd00::211:11:11:11,299,299000,300000,1.0,server_received
fd00::212:12:12:12,215,215000,216000,0.0,server_received
fd00::212:12:12:12,1972,1972000,1973000,4.0,server_received
fd00::212:12:12:12,3249,3249000,3250000,2.0,server_received
fd00::212:12:12:12,3365,3365000,3366000,3.0,server_received
fd00::202:2:2:2,20,20000,21000,0.0,total_sent
fd00::202:2:2:2,31,31000,32000,1.0,total_sent
fd00::202:2:2:2,43,43000,44000,1.0,total_sent
fd00::202:2:2:2,53,53000,54000,1.0,total_sent
fd00::202:2:2:2,63,63000,64000,1.0,total_sent
fd00::202:2:2:2,74,74000,75000,1.0,total_sent
fd00::202:2:2:2,84,84000,85000,1.0,total_sent
fd00::202:2:2:2,95,95000,96000,1.0,total_sent
fd00::202:2:2:2,105,105000,106000,1.0,total_sent
fd00::202:2:2:2,115,115000,116000,1.0,total_sent
fd00::202:2:2:2,126,126000,127000,1.0,total_sent
fd00::202:2:2:2,136,136000,137000,1.0,total_sent
fd00::202:2:2:2,147,147000,148000,1.0,total_sent
fd00::202:2:2:2,158,158000,159000,1.0,total_sent
fd00::202:2:2:2,168,168000,169000,1.0,total_sent
fd00::202:2:2:2,178,178000,179000,1.0,total_sent
fd00::202:2:2:2,189,189000,190000,1.0,total_sent
fd00::202:2:2:2,200,200000,201000,1.0,total_sent
fd00::202:2:2:2,213,213000,214000,1.0,total_sent
fd00::202:2:2:2,226,226000,227000,1.0,total_sent
fd00::202:2:2:2,232,232000,233000,1.0,total_sent
fd00::202:2:2:2,243,243000,244000,1.0,total_sent
fd00::202:2:2:2,256,256000,257000,1.0,total_sent
fd00::202:2:2:2,276,276000,277000,1.0,total_sent
fd00::202:2:2:2,277,277000,278000,1.0,total_sent
fd00::202:2:2:2,284,284000,285000,1.0,total_sent
fd00::202:2:2:2,294,294000,295000,1.0,total_sent
fd00::202:2:2:2,305,305000,306000,1.0,total_sent
fd00::202:2:2:2,316,316000,317000,1.0,total_sent
fd00::202:2:2:2,326,326000,327000,1.0,total_sent
fd00::202:2:2:2,336,336000,337000,1.0,total_sent
fd00::202:2:2:2,349,349000,350000,1.0,total_sent
fd00::202:2:2:2,357,357000,358000,1.0,total_sent
fd00::202:2:2:2,368,368000,369000,1.0,total_sent
fd00::202:2:2:2,384,384000,385000,1.0,total_sent
fd00::202:2:2:2,392,392000,393000,1.0,total_sent
fd00::202:2:2:2,402,402000,403000,1.0,total_sent
fd00::202:2:2:2,415,415000,416000,1.0,total_sent
fd00::202:2:2:2,422,422000,423000,1.0,total_sent
fd00::202:2:2:2,435,435000,436000,1.0,total_sent
fd00::202:2:2:2,448,448000,449000,1.0,total_sent
fd00::202:2:2:2,453,453000,454000,1.0,total_sent
fd00::202:2:2:2,463,463000,464000,1.0,total_sent
fd00::202:2:2:2,497,497000,498000,1.0,total_sent
fd00::202:2:2:2,726,726000,727000,1.0,total_sent
fd00::202:2:2:2,737,737000,738000,1.0,total_sent
fd00::202:2:2:2,749,749000,750000,1.0,total_sent
fd00::202:2:2:2,758,758000,759000,1.0,total_sent
fd00::202:2:2:2,768,768000,769000,1.0,total_sent
fd00::202:2:2:2,779,779000,780000,1.0,total_sent
fd00::202:2:2:2,791,791000,792000,1.0,total_sent
fd00::202:2:2:2,809,809000,810000,1.0,total_sent
fd00::202:2:2:2,2095,2095000,2096000,1.0,total_sent
fd00::202:2:2:2,2106,2106000,2107000,1.0,total_sent
fd00::202:2:2:2,2116,2116000,2117000,1.0,total_sent
fd00::202:2:2:2,2127,2127000,2128000,1.0,total_sent
fd00::202:2:2:2,2137,2137000,2138000,1.0,total_sent
fd00::202:2:2:2,2148,2148000,2149000,1.0,total_sent
fd00::202:2:2:2,2158,2158000,2159000,1.0,total_sent
fd00::202:2:2:2,2169,2169000,2170000,1.0,total_sent
fd00::202:2:2:2,2179,2179000,2180000,1.0,total_sent
fd00::202:2:2:2,2193,2193000,2194000,1.0,total_sent
fd00::202:2:2:2,2202,2202000,2203000,1.0,total_sent
fd00::202:2:2:2,2211,2211000,2212000,1.0,total_sent
fd00::202:2:2:2,2224,2224000,2225000,1.0,total_sent
fd00::202:2:2:2,2232,2232000,2233000,1.0,total_sent
fd00::202:2:2:2,2244,2244000,2245000,1.0,total_sent
fd00::202:2:2:2,2257,2257000,2258000,1.0,total_sent
fd00::202:2:2:2,2264,2264000,2265000,1.0,total_sent
fd00::202:2:2:2,2274,2274000,2275000,1.0,total_sent
fd00::202:2:2:2,2285,2285000,2286000,1.0,total_sent
fd00::202:2:2:2,2295,2295000,2296000,1.0,total_sent
fd00::202:2:2:2,2306,2306000,2307000,1.0,total_sent
fd00::202:2:2:2,2316,2316000,2317000,1.0,total_sent
fd00::202:2:2:2,2327,2327000,2328000,1.0,total_sent
fd00::202:2:2:2,2337,2337000,2338000,1.0,total_sent
fd00::202:2:2:2,2348,2348000,2349000,1.0,total_sent
fd00::202:2:2:2,2358,2358000,2359000,1.0,total_sent
fd00::202:2:2:2,2369,2369000,2370000,1.0,total_sent
fd00::202:2:2:2,2379,2379000,2380000,1.0,total_sent
fd00::202:2:2:2,2393,2393000,2394000,1.0,total_sent
fd00::202:2:2:2,2401,2401000,2402000,1.0,total_sent
fd00::202:2:2:2,2413,2413000,2414000,1.0,total_sent
fd00::202:2:2:2,2423,2423000,2424000,1.0,total_sent
fd00::202:2:2:2,2433,2433000,2434000,1.0,total_sent
fd00::202:2:2:2,2443,2443000,2444000,1.0,total_sent
fd00::202:2:2:2,2454,2454000,2455000,1.0,total_sent
fd00::202:2:2:2,2464,2464000,2465000,1.0,total_sent
fd00::202:2:2:2,2474,2474000,2475000,1.0,total_sent
fd00::202:2:2:2,2485,2485000,2486000,1.0,total_sent
fd00::202:2:2:2,2495,2495000,2496000,1.0,total_sent
fd00::202:2:2:2,2506,2506000,2507000,1.0,total_sent
fd00::202:2:2:2,2516,2516000,2517000,1.0,total_sent
fd00::202:2:2:2,2527,2527000,2528000,1.0,total_sent
fd00::202:2:2:2,2537,2537000,2538000,1.0,total_sent
fd00::202:2:2:2,2548,2548000,2549000,1.0,total_sent
fd00::202:2:2:2,2558,2558000,2559000,1.0,total_sent
fd00::202:2:2:2,2843,2843000,2844000,1.0,total_sent
fd00::202:2:2:2,2853,2853000,2854000,1.0,total_sent
fd00::202:2:2:2,2864,2864000,2865000,1.0,total_sent
fd00::202:2:2:2,2875,2875000,2876000,1.0,total_sent
fd00::202:2:2:2,2885,2885000,2886000,1.0,total_sent
fd00::202:2:2:2,2895,2895000,2896000,1.0,total_sent
fd00::202:2:2:2,2906,2906000,2907000,1.0,total_sent
fd00::202:2:2:2,2916,2916000,2917000,1.0,total_sent
fd00::202:2:2:2,2927,2927000,2928000,1.0,total_sent
fd00::202:2:2:2,2938,2938000,2939000,1.0,total_sent
fd00::202:2:2:2,2948,2948000,2949000,1.0,total_sent
fd00::202:2:2:2,2959,2959000,2960000,1.0,total_sent
fd00::202:2:2:2,2969,2969000,2970000,1.0,total_sent
fd00::202:2:2:2,2981,2981000,2982000,1.0,total_sent
fd00::202:2:2:2,2992,2992000,2993000,1.0,total_sent
fd00::202:2:2:2,3001,3001000,3002000,1.0,total_sent
fd00::202:2:2:2,3011,3011000,3012000,1.0,total_sent
fd00::202:2:2:2,3022,3022000,3023000,1.0,total_sent
fd00::202:2:2:2,3032,3032000,3033000,1.0,total_sent
fd00::202:2:2:2,3043,3043000,3044000,1.0,total_sent
fd00::202:2:2:2,3053,3053000,3054000,1.0,total_sent
fd00::202:2:2:2,3064,3064000,3065000,1.0,total_sent
fd00::202:2:2:2,3074,3074000,3075000,1.0,total_sent
fd00::202:2:2:2,3085,3085000,3086000,1.0,total_sent
fd00::202:2:2:2,3095,3095000,3096000,1.0,total_sent
fd00::202:2:2:2,3106,3106000,3107000,1.0,total_sent
fd00::202:2:2:2,3117,3117000,3118000,1.0,total_sent
fd00::202:2:2:2,3127,3127000,3128000,1.0,total_sent
fd00::202:2:2:2,3138,3138000,3139000,1.0,total_sent
fd00::202:2:2:2,3148,3148000,3149000,1.0,total_sent
fd00::202:2:2:2,3159,3159000,3160000,1.0,total_sent
fd00::202:2:2:2,3169,3169000,3170000,1.0,total_sent
fd00::202:2:2:2,3181,3181000,3182000,1.0,total_sent
fd00::202:2:2:2,3191,3191000,3192000,1.0,total_sent
fd00::202:2:2:2,3203,3203000,3204000,1.0,total_sent
fd00::202:2:2:2,3213,3213000,3214000,1.0,total_sent
fd00::202:2:2:2,3222,3222000,3223000,1.0,total_sent
fd00::202:2:2:2,3233,3233000,3234000,1.0,total_sent
fd00::202:2:2:2,3243,3243000,3244000,1.0,total_sent
fd00::202:2:2:2,3253,3253000,3254000,1.0,total_sent
fd00::202:2:2:2,3264,3264000,3265000,1.0,total_sent
fd00::202:2:2:2,3275,3275000,3276000,1.0,total_sent
fd00::202:2:2:2,3285,3285000,3286000,1.0,total_sent
fd00::202:2:2:2,3296,3296000,3297000,1.0,total_sent
fd00::202:2:2:2,3306,3306000,3307000,1.0,total_sent
fd00::202:2:2:2,3317,3317000,3318000,1.0,total_sent
fd00::202:2:2:2,3327,3327000,3328000,1.0,total_sent
fd00::202:2:2:2,3338,3338000,3339000,1.0,total_sent
fd00::202:2:2:2,3348,3348000,3349000,1.0,total_sent
fd00::202:2:2:2,3359,3359000,3360000,1.0,total_sent
fd00::202:2:2:2,3369,3369000,3370000,1.0,total_sent
fd00::202:2:2:2,3381,3381000,3382000,1.0,total_sent
fd00::202:2:2:2,3394,3394000,3395000,1.0,total_sent
fd00::202:2:2:2,3403,3403000,3404000,1.0,total_sent
fd00::202:2:2:2,3412,3412000,3413000,1.0,total_sent
fd00::202:2:2:2,3422,3422000,3423000,1.0,total_sent
fd00::202:2:2:2,3433,3433000,3434000,1.0,total_sent
fd00::202:2:2:2,3443,3443000,3444000,1.0,total_sent
fd00::202:2:2:2,3454,3454000,3455000,1.0,total_sent
fd00::202:2:2:2,3464,3464000,3465000,1.0,total_sent
fd00::202:2:2:2,3475,3475000,3476000,1.0,total_sent
fd00::202:2:2:2,3485,3485000,3486000,1.0,total_sent
fd00::202:2:2:2,3496,3496000,3497000,1.0,total_sent
fd00::202:2:2:2,3506,3506000,3507000,1.0,total_sent
fd00::202:2:2:2,3517,3517000,3518000,1.0,total_sent
fd00::202:2:2:2,3528,3528000,3529000,1.0,total_sent
fd00::202:2:2:2,3538,3538000,3539000,1.0,total_sent
fd00::202:2:2:2,3548,3548000,3549000,1.0,total_sent
fd00::202:2:2:2,3559,3559000,3560000,1.0,total_sent
fd00::202:2:2:2,3569,3569000,3570000,1.0,total_sent
fd00::202:2:2:2,3584,3584000,3585000,1.0,total_sent
fd00::202:2:2:2,3591,3591000,3592000,1.0,total_sent
fd00::203:3:3:3,31,31000,32000,0.0,total_sent
fd00::203:3:3:3,43,43000,44000,1.0,total_sent
fd00::203:3:3:3,53,53000,54000,1.0,total_sent
fd00::203:3:3:3,62,62000,63000,1.0,total_sent
fd00::203:3:3:3,74,74000,75000,1.0,total_sent
fd00::203:3:3:3,82,82000,83000,1.0,total_sent
fd00::203:3:3:3,94,94000,95000,1.0,total_sent
fd00::203:3:3:3,105,105000,106000,1.0,total_sent
fd00::203:3:3:3,114,114000,115000,1.0,total_sent
fd00::203:3:3:3,126,126000,127000,1.0,total_sent
fd00::203:3:3:3,135,135000,136000,1.0,total_sent
fd00::203:3:3:3,145,145000,146000,1.0,total_sent
fd00::203:3:3:3,154,154000,155000,1.0,total_sent
fd00::203:3:3:3,167,167000,168000,1.0,total_sent
fd00::203:3:3:3,175,175000,176000,1.0,total_sent
fd00::203:3:3:3,187,187000,188000,1.0,total_sent
fd00::203:3:3:3,196,196000,197000,1.0,total_sent
fd00::203:3:3:3,209,209000,210000,1.0,total_sent
fd00::203:3:3:3,216,216000,217000,1.0,total_sent
fd00::203:3:3:3,229,229000,230000,1.0,total_sent
fd00::203:3:3:3,262,262000,263000,1.0,total_sent
fd00::203:3:3:3,276,276000,277000,2.0,total_sent
fd00::203:3:3:3,277,277000,278000,2.0,total_sent
fd00::203:3:3:3,284,284000,285000,1.0,total_sent
fd00::203:3:3:3,299,299000,300000,1.0,total_sent
fd00::203:3:3:3,302,302000,303000,1.0,total_sent
fd00::203:3:3:3,314,314000,315000,1.0,total_sent
fd00::203:3:3:3,328,328000,329000,1.0,total_sent
fd00::203:3:3:3,339,339000,340000,1.0,total_sent
fd00::203:3:3:3,415,415000,416000,1.0,total_sent
fd00::203:3:3:3,426,426000,427000,1.0,total_sent
fd00::203:3:3:3,435,435000,436000,1.0,total_sent
fd00::203:3:3:3,448,448000,449000,1.0,total_sent
fd00::203:3:3:3,729,729000,730000,6.0,total_sent
fd00::203:3:3:3,797,797000,798000,1.0,total_sent
fd00::204:4:4:4,137,137000,138000,0.0,total_sent
fd00::204:4:4:4,147,147000,148000,1.0,total_sent
fd00::204:4:4:4,158,158000,159000,1.0,total_sent
fd00::204:4:4:4,169,169000,170000,1.0,total_sent
fd00::204:4:4:4,193,193000,194000,2.0,total_sent
fd00::204:4:4:4,205,205000,206000,1.0,total_sent
fd00::204:4:4:4,214,214000,215000,1.0,total_sent
fd00::204:4:4:4,227,227000,228000,1.0,total_sent
fd00::204:4:4:4,245,245000,246000,1.0,total_sent
fd00::204:4:4:4,263,263000,264000,1.0,total_sent
fd00::204:4:4:4,277,277000,278000,1.0,total_sent
fd00::204:4:4:4,282,282000,283000,1.0,total_sent
fd00::204:4:4:4,284,284000,285000,1.0,total_sent
fd00::204:4:4:4,298,298000,299000,2.0,total_sent
fd00::205:5:5:5,207,207000,208000,0.0,total_sent
fd00::205:5:5:5,217,217000,218000,1.0,total_sent
fd00::205:5:5:5,238,238000,239000,1.0,total_sent
fd00::205:5:5:5,262,262000,263000,1.0,total_sent
fd00::205:5:5:5,276,276000,277000,1.0,total_sent
fd00::205:5:5:5,277,277000,278000,1.0,total_sent
fd00::205:5:5:5,287,287000,288000,2.0,total_sent
fd00::206:6:6:6,43,43000,44000,0.0,total_sent
fd00::206:6:6:6,54,54000,55000,1.0,total_sent
fd00::206:6:6:6,65,65000,66000,1.0,total_sent
fd00::206:6:6:6,76,76000,77000,1.0,total_sent
fd00::206:6:6:6,87,87000,88000,1.0,total_sent
fd00::206:6:6:6,98,98000,99000,1.0,total_sent
fd00::206:6:6:6,109,109000,110000,1.0,total_sent
fd00::206:6:6:6,133,133000,134000,2.0,total_sent
fd00::206:6:6:6,144,144000,145000,1.0,total_sent
fd00::206:6:6:6,155,155000,156000,1.0,total_sent
fd00::206:6:6:6,163,163000,164000,1.0,total_sent
fd00::206:6:6:6,175,175000,176000,1.0,total_sent
fd00::206:6:6:6,187,187000,188000,1.0,total_sent
fd00::206:6:6:6,196,196000,197000,1.0,total_sent
fd00::206:6:6:6,209,209000,210000,1.0,total_sent
fd00::206:6:6:6,219,219000,220000,1.0,total_sent
fd00::206:6:6:6,231,231000,232000,1.0,total_sent
fd00::206:6:6:6,244,244000,245000,1.0,total_sent
fd00::206:6:6:6,263,263000,264000,1.0,total_sent
fd00::206:6:6:6,276,276000,277000,1.0,total_sent
fd00::206:6:6:6,277,277000,278000,1.0,total_sent
fd00::206:6:6:6,284,284000,285000,1.0,total_sent
fd00::206:6:6:6,295,295000,296000,1.0,total_sent
fd00::206:6:6:6,305,305000,306000,1.0,total_sent
fd00::206:6:6:6,325,325000,326000,1.0,total_sent
fd00::206:6:6:6,353,353000,354000,3.0,total_sent
fd00::206:6:6:6,365,365000,366000,1.0,total_sent
fd00::206:6:6:6,409,409000,410000,1.0,total_sent
fd00::206:6:6:6,416,416000,417000,1.0,total_sent
fd00::206:6:6:6,426,426000,427000,1.0,total_sent
fd00::206:6:6:6,437,437000,438000,1.0,total_sent
fd00::206:6:6:6,775,775000,776000,3.0,total_sent
fd00::206:6:6:6,788,788000,789000,1.0,total_sent
fd00::206:6:6:6,797,797000,798000,1.0,total_sent
fd00::207:7:7:7,41,41000,42000,0.0,total_sent
fd00::207:7:7:7,52,52000,53000,1.0,total_sent
fd00::207:7:7:7,62,62000,63000,1.0,total_sent
fd00::207:7:7:7,73,73000,74000,1.0,total_sent
fd00::207:7:7:7,87,87000,88000,1.0,total_sent
fd00::207:7:7:7,94,94000,95000,1.0,total_sent
fd00::207:7:7:7,105,105000,106000,1.0,total_sent
fd00::207:7:7:7,115,115000,116000,1.0,total_sent
fd00::207:7:7:7,125,125000,126000,1.0,total_sent
fd00::207:7:7:7,136,136000,137000,1.0,total_sent
fd00::207:7:7:7,146,146000,147000,1.0,total_sent
fd00::207:7:7:7,157,157000,158000,1.0,total_sent
fd00::207:7:7:7,167,167000,168000,1.0,total_sent
fd00::207:7:7:7,178,178000,179000,1.0,total_sent
fd00::207:7:7:7,189,189000,190000,1.0,total_sent
fd00::207:7:7:7,199,199000,200000,1.0,total_sent
fd00::207:7:7:7,209,209000,210000,1.0,total_sent
fd00::207:7:7:7,366,366000,367000,2.0,total_sent
fd00::207:7:7:7,377,377000,378000,1.0,total_sent
fd00::207:7:7:7,387,387000,388000,1.0,total_sent
fd00::207:7:7:7,398,398000,399000,1.0,total_sent
fd00::207:7:7:7,408,408000,409000,1.0,total_sent
fd00::207:7:7:7,419,419000,420000,1.0,total_sent
fd00::207:7:7:7,429,429000,430000,1.0,total_sent
fd00::207:7:7:7,442,442000,443000,1.0,total_sent
fd00::207:7:7:7,451,451000,452000,1.0,total_sent
fd00::207:7:7:7,466,466000,467000,1.0,total_sent
fd00::207:7:7:7,474,474000,475000,1.0,total_sent
fd00::207:7:7:7,484,484000,485000,1.0,total_sent
fd00::207:7:7:7,505,505000,506000,1.0,total_sent
fd00::207:7:7:7,523,523000,524000,1.0,total_sent
fd00::207:7:7:7,534,534000,535000,1.0,total_sent
fd00::207:7:7:7,545,545000,546000,1.0,total_sent
fd00::207:7:7:7,555,555000,556000,1.0,total_sent
fd00::207:7:7:7,565,565000,566000,1.0,total_sent
fd00::207:7:7:7,576,576000,577000,1.0,total_sent
fd00::207:7:7:7,586,586000,587000,1.0,total_sent
fd00::207:7:7:7,597,597000,598000,1.0,total_sent
fd00::207:7:7:7,607,607000,608000,1.0,total_sent
fd00::207:7:7:7,618,618000,619000,1.0,total_sent
fd00::207:7:7:7,628,628000,629000,1.0,total_sent
fd00::207:7:7:7,639,639000,640000,1.0,total_sent
fd00::207:7:7:7,649,649000,650000,1.0,total_sent
fd00::207:7:7:7,664,664000,665000,1.0,total_sent
fd00::207:7:7:7,671,671000,672000,1.0,total_sent
fd00::207:7:7:7,684,684000,685000,1.0,total_sent
fd00::207:7:7:7,703,703000,704000,1.0,total_sent
fd00::207:7:7:7,894,894000,895000,1.0,total_sent
fd00::207:7:7:7,904,904000,905000,1.0,total_sent
fd00::207:7:7:7,913,913000,914000,1.0,total_sent
fd00::207:7:7:7,925,925000,926000,1.0,total_sent
fd00::207:7:7:7,932,932000,933000,1.0,total_sent
fd00::207:7:7:7,942,942000,943000,1.0,total_sent
fd00::207:7:7:7,953,953000,954000,1.0,total_sent
fd00::207:7:7:7,963,963000,964000,1.0,total_sent
fd00::207:7:7:7,974,974000,975000,1.0,total_sent
fd00::207:7:7:7,984,984000,985000,1.0,total_sent
fd00::207:7:7:7,996,996000,997000,1.0,total_sent
fd00::207:7:7:7,1005,1005000,1006000,1.0,total_sent
fd00::207:7:7:7,1019,1019000,1020000,1.0,total_sent
fd00::207:7:7:7,1026,1026000,1027000,1.0,total_sent
fd00::207:7:7:7,1037,1037000,1038000,1.0,total_sent
fd00::207:7:7:7,1048,1048000,1049000,1.0,total_sent
fd00::207:7:7:7,1058,1058000,1059000,1.0,total_sent
fd00::207:7:7:7,1068,1068000,1069000,1.0,total_sent
fd00::207:7:7:7,1079,1079000,1080000,1.0,total_sent
fd00::207:7:7:7,1089,1089000,1090000,1.0,total_sent
fd00::207:7:7:7,1309,1309000,1310000,2.0,total_sent
fd00::207:7:7:7,1320,1320000,1321000,1.0,total_sent
fd00::207:7:7:7,1542,1542000,1543000,1.0,total_sent
fd00::207:7:7:7,1552,1552000,1553000,1.0,total_sent
fd00::207:7:7:7,1563,1563000,1564000,1.0,total_sent
fd00::207:7:7:7,1573,1573000,1574000,1.0,total_sent
fd00::207:7:7:7,1582,1582000,1583000,1.0,total_sent
fd00::207:7:7:7,1593,1593000,1594000,1.0,total_sent
fd00::207:7:7:7,1602,1602000,1603000,1.0,total_sent
fd00::207:7:7:7,1619,1619000,1620000,1.0,total_sent
fd00::207:7:7:7,1749,1749000,1750000,1.0,total_sent
fd00::207:7:7:7,1764,1764000,1765000,1.0,total_sent
fd00::207:7:7:7,2042,2042000,2043000,2.0,total_sent
fd00::207:7:7:7,2053,2053000,2054000,1.0,total_sent
fd00::207:7:7:7,2063,2063000,2064000,1.0,total_sent
fd00::207:7:7:7,2075,2075000,2076000,1.0,total_sent
fd00::207:7:7:7,2087,2087000,2088000,1.0,total_sent
fd00::207:7:7:7,2096,2096000,2097000,1.0,total_sent
fd00::207:7:7:7,2105,2105000,2106000,1.0,total_sent
fd00::207:7:7:7,2116,2116000,2117000,1.0,total_sent
fd00::207:7:7:7,2126,2126000,2127000,1.0,total_sent
fd00::207:7:7:7,2137,2137000,2138000,1.0,total_sent
fd00::207:7:7:7,2147,2147000,2148000,1.0,total_sent
fd00::207:7:7:7,2158,2158000,2159000,1.0,total_sent
fd00::207:7:7:7,2168,2168000,2169000,1.0,total_sent
fd00::207:7:7:7,2179,2179000,2180000,1.0,total_sent
fd00::207:7:7:7,2189,2189000,2190000,1.0,total_sent
fd00::207:7:7:7,2203,2203000,2204000,1.0,total_sent
fd00::207:7:7:7,2212,2212000,2213000,1.0,total_sent
fd00::207:7:7:7,2225,2225000,2226000,1.0,total_sent
fd00::207:7:7:7,2232,2232000,2233000,1.0,total_sent
fd00::207:7:7:7,2242,2242000,2243000,1.0,total_sent
fd00::207:7:7:7,2252,2252000,2253000,1.0,total_sent
fd00::207:7:7:7,2262,2262000,2263000,1.0,total_sent
fd00::207:7:7:7,2273,2273000,2274000,1.0,total_sent
fd00::207:7:7:7,2283,2283000,2284000,1.0,total_sent
fd00::207:7:7:7,2294,2294000,2295000,1.0,total_sent
fd00::207:7:7:7,2305,2305000,2306000,1.0,total_sent
fd00::207:7:7:7,2319,2319000,2320000,1.0,total_sent
fd00::207:7:7:7,2325,2325000,2326000,1.0,total_sent
fd00::207:7:7:7,2336,2336000,2337000,1.0,total_sent
fd00::207:7:7:7,2346,2346000,2347000,1.0,total_sent
fd00::207:7:7:7,2357,2357000,2358000,1.0,total_sent
fd00::207:7:7:7,2367,2367000,2368000,1.0,total_sent
fd00::207:7:7:7,2378,2378000,2379000,1.0,total_sent
fd00::207:7:7:7,2388,2388000,2389000,1.0,total_sent
fd00::207:7:7:7,2399,2399000,2400000,1.0,total_sent
fd00::207:7:7:7,2409,2409000,2410000,1.0,total_sent
fd00::207:7:7:7,2619,2619000,2620000,1.0,total_sent
fd00::207:7:7:7,2629,2629000,2630000,1.0,total_sent
fd00::207:7:7:7,2639,2639000,2640000,1.0,total_sent
fd00::207:7:7:7,2651,2651000,2652000,1.0,total_sent
fd00::207:7:7:7,2663,2663000,2664000,1.0,total_sent
fd00::207:7:7:7,2671,2671000,2672000,1.0,total_sent
fd00::207:7:7:7,2682,2682000,2683000,1.0,total_sent
fd00::207:7:7:7,2692,2692000,2693000,1.0,total_sent
fd00::207:7:7:7,2702,2702000,2703000,1.0,total_sent
fd00::207:7:7:7,2714,2714000,2715000,1.0,total_sent
fd00::207:7:7:7,2725,2725000,2726000,1.0,total_sent
fd00::207:7:7:7,2734,2734000,2735000,1.0,total_sent
fd00::207:7:7:7,2744,2744000,2745000,1.0,total_sent
fd00::207:7:7:7,2755,2755000,2756000,1.0,total_sent
fd00::207:7:7:7,2765,2765000,2766000,1.0,total_sent
fd00::207:7:7:7,2776,2776000,2777000,1.0,total_sent
fd00::207:7:7:7,2786,2786000,2787000,1.0,total_sent
fd00::207:7:7:7,2797,2797000,2798000,1.0,total_sent
fd00::207:7:7:7,2807,2807000,2808000,1.0,total_sent
fd00::207:7:7:7,2818,2818000,2819000,1.0,total_sent
fd00::207:7:7:7,2828,2828000,2829000,1.0,total_sent
fd00::207:7:7:7,2839,2839000,2840000,1.0,total_sent
fd00::207:7:7:7,2849,2849000,2850000,1.0,total_sent
fd00::207:7:7:7,2859,2859000,2860000,1.0,total_sent
fd00::207:7:7:7,2871,2871000,2872000,1.0,total_sent
fd00::207:7:7:7,2885,2885000,2886000,1.0,total_sent
fd00::207:7:7:7,2892,2892000,2893000,1.0,total_sent
fd00::207:7:7:7,2901,2901000,2902000,1.0,total_sent
fd00::207:7:7:7,2912,2912000,2913000,1.0,total_sent
fd00::207:7:7:7,2923,2923000,2924000,1.0,total_sent
fd00::207:7:7:7,2933,2933000,2934000,1.0,total_sent
fd00::207:7:7:7,2943,2943000,2944000,1.0,total_sent
fd00::207:7:7:7,2954,2954000,2955000,1.0,total_sent
fd00::207:7:7:7,2964,2964000,2965000,1.0,total_sent
fd00::207:7:7:7,2975,2975000,2976000,1.0,total_sent
fd00::207:7:7:7,2985,2985000,2986000,1.0,total_sent
fd00::207:7:7:7,2996,2996000,2997000,1.0,total_sent
fd00::207:7:7:7,3006,3006000,3007000,1.0,total_sent
fd00::207:7:7:7,3017,3017000,3018000,1.0,total_sent
fd00::207:7:7:7,3027,3027000,3028000,1.0,total_sent
fd00::207:7:7:7,3038,3038000,3039000,1.0,total_sent
fd00::207:7:7:7,3048,3048000,3049000,1.0,total_sent
fd00::207:7:7:7,3059,3059000,3060000,1.0,total_sent
fd00::207:7:7:7,3069,3069000,3070000,1.0,total_sent
fd00::207:7:7:7,3081,3081000,3082000,1.0,total_sent
fd00::207:7:7:7,3093,3093000,3094000,1.0,total_sent
fd00::207:7:7:7,3101,3101000,3102000,1.0,total_sent
fd00::207:7:7:7,3112,3112000,3113000,1.0,total_sent
fd00::207:7:7:7,3122,3122000,3123000,1.0,total_sent
fd00::207:7:7:7,3132,3132000,3133000,1.0,total_sent
fd00::207:7:7:7,3142,3142000,3143000,1.0,total_sent
fd00::207:7:7:7,3153,3153000,3154000,1.0,total_sent
fd00::207:7:7:7,3163,3163000,3164000,1.0,total_sent
fd00::207:7:7:7,3175,3175000,3176000,1.0,total_sent
fd00::207:7:7:7,3184,3184000,3185000,1.0,total_sent
fd00::207:7:7:7,3195,3195000,3196000,1.0,total_sent
fd00::207:7:7:7,3205,3205000,3206000,1.0,total_sent
fd00::207:7:7:7,3216,3216000,3217000,1.0,total_sent
fd00::207:7:7:7,3226,3226000,3227000,1.0,total_sent
fd00::207:7:7:7,3237,3237000,3238000,1.0,total_sent
fd00::207:7:7:7,3247,3247000,3248000,1.0,total_sent
fd00::207:7:7:7,3258,3258000,3259000,1.0,total_sent
fd00::207:7:7:7,3268,3268000,3269000,1.0,total_sent
fd00::207:7:7:7,3279,3279000,3280000,1.0,total_sent
fd00::207:7:7:7,3289,3289000,3290000,1.0,total_sent
fd00::207:7:7:7,3301,3301000,3302000,1.0,total_sent
fd00::207:7:7:7,3312,3312000,3313000,1.0,total_sent
fd00::207:7:7:7,3320,3320000,3321000,1.0,total_sent
fd00::207:7:7:7,3331,3331000,3332000,1.0,total_sent
fd00::207:7:7:7,3341,3341000,3342000,1.0,total_sent
fd00::207:7:7:7,3352,3352000,3353000,1.0,total_sent
fd00::207:7:7:7,3362,3362000,3363000,1.0,total_sent
fd00::207:7:7:7,3373,3373000,3374000,1.0,total_sent
fd00::207:7:7:7,3383,3383000,3384000,1.0,total_sent
fd00::207:7:7:7,3394,3394000,3395000,1.0,total_sent
fd00::207:7:7:7,3404,3404000,3405000,1.0,total_sent
fd00::207:7:7:7,3415,3415000,3416000,1.0,total_sent
fd00::207:7:7:7,3425,3425000,3426000,1.0,total_sent
fd00::207:7:7:7,3436,3436000,3437000,1.0,total_sent
fd00::207:7:7:7,3446,3446000,3447000,1.0,total_sent
fd00::207:7:7:7,3457,3457000,3458000,1.0,total_sent
fd00::207:7:7:7,3467,3467000,3468000,1.0,total_sent
fd00::207:7:7:7,3478,3478000,3479000,1.0,total_sent
fd00::207:7:7:7,3488,3488000,3489000,1.0,total_sent
fd00::207:7:7:7,3499,3499000,3500000,1.0,total_sent
fd00::207:7:7:7,3509,3509000,3510000,1.0,total_sent
fd00::207:7:7:7,3519,3519000,3520000,1.0,total_sent
fd00::207:7:7:7,3531,3531000,3532000,1.0,total_sent
fd00::207:7:7:7,3541,3541000,3542000,1.0,total_sent
fd00::207:7:7:7,3551,3551000,3552000,1.0,total_sent
fd00::207:7:7:7,3563,3563000,3564000,1.0,total_sent
fd00::207:7:7:7,3572,3572000,3573000,1.0,total_sent
fd00::207:7:7:7,3582,3582000,3583000,1.0,total_sent
fd00::207:7:7:7,3593,3593000,3594000,1.0,total_sent
fd00::208:8:8:8,31,31000,32000,0.0,total_sent
fd00::208:8:8:8,41,41000,42000,1.0,total_sent
fd00::208:8:8:8,52,52000,53000,1.0,total_sent
fd00::208:8:8:8,62,62000,63000,1.0,total_sent
fd00::208:8:8:8,73,73000,74000,1.0,total_sent
fd00::208:8:8:8,86,86000,87000,1.0,total_sent
fd00::208:8:8:8,95,95000,96000,1.0,total_sent
fd00::208:8:8:8,104,104000,105000,1.0,total_sent
fd00::208:8:8:8,115,115000,116000,1.0,total_sent
fd00::208:8:8:8,125,125000,126000,1.0,total_sent
fd00::208:8:8:8,136,136000,137000,1.0,total_sent
fd00::208:8:8:8,146,146000,147000,1.0,total_sent
fd00::208:8:8:8,156,156000,157000,1.0,total_sent
fd00::208:8:8:8,173,173000,174000,1.0,total_sent
fd00::208:8:8:8,179,179000,180000,1.0,total_sent
fd00::208:8:8:8,188,188000,189000,1.0,total_sent
fd00::208:8:8:8,198,198000,199000,1.0,total_sent
fd00::208:8:8:8,215,215000,216000,1.0,total_sent
fd00::208:8:8:8,222,222000,223000,1.0,total_sent
fd00::208:8:8:8,233,233000,234000,1.0,total_sent
fd00::208:8:8:8,243,243000,244000,1.0,total_sent
fd00::208:8:8:8,254,254000,255000,1.0,total_sent
fd00::208:8:8:8,266,266000,267000,1.0,total_sent
fd00::208:8:8:8,275,275000,276000,1.0,total_sent
fd00::208:8:8:8,288,288000,289000,1.0,total_sent
fd00::208:8:8:8,293,293000,294000,1.0,total_sent
fd00::208:8:8:8,303,303000,304000,1.0,total_sent
fd00::208:8:8:8,318,318000,319000,1.0,total_sent
fd00::208:8:8:8,327,327000,328000,1.0,total_sent
fd00::208:8:8:8,335,335000,336000,1.0,total_sent
fd00::208:8:8:8,345,345000,346000,1.0,total_sent
fd00::208:8:8:8,357,357000,358000,1.0,total_sent
fd00::208:8:8:8,366,366000,367000,1.0,total_sent
fd00::208:8:8:8,377,377000,378000,1.0,total_sent
fd00::208:8:8:8,387,387000,388000,1.0,total_sent
fd00::208:8:8:8,398,398000,399000,1.0,total_sent
fd00::208:8:8:8,408,408000,409000,1.0,total_sent
fd00::208:8:8:8,419,419000,420000,1.0,total_sent
fd00::208:8:8:8,429,429000,430000,1.0,total_sent
fd00::208:8:8:8,440,440000,441000,1.0,total_sent
fd00::208:8:8:8,454,454000,455000,1.0,total_sent
fd00::208:8:8:8,461,461000,462000,1.0,total_sent
fd00::208:8:8:8,472,472000,473000,1.0,total_sent
fd00::208:8:8:8,486,486000,487000,1.0,total_sent
fd00::208:8:8:8,495,495000,496000,1.0,total_sent
fd00::208:8:8:8,507,507000,508000,1.0,total_sent
fd00::208:8:8:8,519,519000,520000,1.0,total_sent
fd00::208:8:8:8,534,534000,535000,1.0,total_sent
fd00::208:8:8:8,544,544000,545000,1.0,total_sent
fd00::208:8:8:8,555,555000,556000,1.0,total_sent
fd00::208:8:8:8,568,568000,569000,1.0,total_sent
fd00::208:8:8:8,576,576000,577000,1.0,total_sent
fd00::208:8:8:8,587,587000,588000,1.0,total_sent
fd00::208:8:8:8,604,604000,605000,1.0,total_sent
fd00::208:8:8:8,607,607000,608000,1.0,total_sent
fd00::208:8:8:8,618,618000,619000,1.0,total_sent
fd00::208:8:8:8,628,628000,629000,1.0,total_sent
fd00::208:8:8:8,639,639000,640000,1.0,total_sent
fd00::208:8:8:8,649,649000,650000,1.0,total_sent
fd00::208:8:8:8,665,665000,666000,1.0,total_sent
fd00::208:8:8:8,671,671000,672000,1.0,total_sent
fd00::208:8:8:8,685,685000,686000,1.0,total_sent
fd00::208:8:8:8,698,698000,699000,1.0,total_sent
fd00::208:8:8:8,705,705000,706000,1.0,total_sent
fd00::208:8:8:8,714,714000,715000,1.0,total_sent
fd00::208:8:8:8,724,724000,725000,1.0,total_sent
fd00::208:8:8:8,734,734000,735000,1.0,total_sent
fd00::208:8:8:8,745,745000,746000,1.0,total_sent
fd00::208:8:8:8,754,754000,755000,1.0,total_sent
fd00::208:8:8:8,768,768000,769000,1.0,total_sent
fd00::208:8:8:8,786,786000,787000,1.0,total_sent
fd00::208:8:8:8,796,796000,797000,1.0,total_sent
fd00::208:8:8:8,813,813000,814000,1.0,total_sent
fd00::208:8:8:8,827,827000,828000,1.0,total_sent
fd00::208:8:8:8,838,838000,839000,1.0,total_sent
fd00::208:8:8:8,848,848000,849000,1.0,total_sent
fd00::208:8:8:8,859,859000,860000,1.0,total_sent
fd00::208:8:8:8,873,873000,874000,1.0,total_sent
fd00::208:8:8:8,886,886000,887000,1.0,total_sent
fd00::208:8:8:8,893,893000,894000,1.0,total_sent
fd00::208:8:8:8,901,901000,902000,1.0,total_sent
fd00::208:8:8:8,911,911000,912000,1.0,total_sent
fd00::208:8:8:8,924,924000,925000,1.0,total_sent
fd00::208:8:8:8,933,933000,934000,1.0,total_sent
fd00::208:8:8:8,943,943000,944000,1.0,total_sent
fd00::208:8:8:8,953,953000,954000,1.0,total_sent
fd00::208:8:8:8,964,964000,965000,1.0,total_sent
fd00::208:8:8:8,974,974000,975000,1.0,total_sent
fd00::208:8:8:8,985,985000,986000,1.0,total_sent
fd00::208:8:8:8,995,995000,996000,1.0,total_sent
fd00::208:8:8:8,1006,1006000,1007000,1.0,total_sent
fd00::208:8:8:8,1017,1017000,1018000,1.0,total_sent
fd00::208:8:8:8,1027,1027000,1028000,1.0,total_sent
fd00::208:8:8:8,1039,1039000,1040000,1.0,total_sent
fd00::208:8:8:8,1394,1394000,1395000,1.0,total_sent
fd00::208:8:8:8,1404,1404000,1405000,1.0,total_sent
fd00::208:8:8:8,1414,1414000,1415000,1.0,total_sent
fd00::208:8:8:8,1432,1432000,1433000,1.0,total_sent
fd00::208:8:8:8,1697,1697000,1698000,1.0,total_sent
fd00::208:8:8:8,1708,1708000,1709000,1.0,total_sent
fd00::208:8:8:8,1718,1718000,1719000,1.0,total_sent
fd00::208:8:8:8,1729,1729000,1730000,1.0,total_sent
fd00::208:8:8:8,1739,1739000,1740000,1.0,total_sent
fd00::208:8:8:8,1752,1752000,1753000,1.0,total_sent
fd00::208:8:8:8,1760,1760000,1761000,1.0,total_sent
fd00::208:8:8:8,1776,1776000,1777000,1.0,total_sent
fd00::208:8:8:8,2114,2114000,2115000,1.0,total_sent
fd00::208:8:8:8,2452,2452000,2453000,1.0,total_sent
fd00::208:8:8:8,2463,2463000,2464000,1.0,total_sent
fd00::208:8:8:8,2474,2474000,2475000,1.0,total_sent
fd00::208:8:8:8,2485,2485000,2486000,1.0,total_sent
fd00::208:8:8:8,2494,2494000,2495000,1.0,total_sent
fd00::208:8:8:8,2505,2505000,2506000,1.0,total_sent
fd00::208:8:8:8,2515,2515000,2516000,1.0,total_sent
fd00::208:8:8:8,2526,2526000,2527000,1.0,total_sent
fd00::208:8:8:8,2536,2536000,2537000,1.0,total_sent
fd00::208:8:8:8,2547,2547000,2548000,1.0,total_sent
fd00::208:8:8:8,2557,2557000,2558000,1.0,total_sent
fd00::208:8:8:8,2568,2568000,2569000,1.0,total_sent
fd00::208:8:8:8,2578,2578000,2579000,1.0,total_sent
fd00::208:8:8:8,2589,2589000,2590000,1.0,total_sent
fd00::208:8:8:8,2599,2599000,2600000,1.0,total_sent
fd00::208:8:8:8,2609,2609000,2610000,1.0,total_sent
fd00::208:8:8:8,2622,2622000,2623000,1.0,total_sent
fd00::208:8:8:8,2632,2632000,2633000,1.0,total_sent
fd00::208:8:8:8,2643,2643000,2644000,1.0,total_sent
fd00::208:8:8:8,2651,2651000,2652000,1.0,total_sent
fd00::208:8:8:8,2662,2662000,2663000,1.0,total_sent
fd00::208:8:8:8,2673,2673000,2674000,1.0,total_sent
fd00::208:8:8:8,2683,2683000,2684000,1.0,total_sent
fd00::208:8:8:8,2693,2693000,2694000,1.0,total_sent
fd00::208:8:8:8,2704,2704000,2705000,1.0,total_sent
fd00::208:8:8:8,2714,2714000,2715000,1.0,total_sent
fd00::208:8:8:8,2725,2725000,2726000,1.0,total_sent
fd00::208:8:8:8,2735,2735000,2736000,1.0,total_sent
fd00::208:8:8:8,2746,2746000,2747000,1.0,total_sent
fd00::208:8:8:8,2756,2756000,2757000,1.0,total_sent
fd00::208:8:8:8,2767,2767000,2768000,1.0,total_sent
fd00::208:8:8:8,2777,2777000,2778000,1.0,total_sent
fd00::208:8:8:8,2788,2788000,2789000,1.0,total_sent
fd00::208:8:8:8,2798,2798000,2799000,1.0,total_sent
fd00::208:8:8:8,2809,2809000,2810000,1.0,total_sent
fd00::208:8:8:8,2819,2819000,2820000,1.0,total_sent
fd00::208:8:8:8,2834,2834000,2835000,1.0,total_sent
fd00::208:8:8:8,2842,2842000,2843000,1.0,total_sent
fd00::208:8:8:8,2851,2851000,2852000,1.0,total_sent
fd00::208:8:8:8,2864,2864000,2865000,1.0,total_sent
fd00::208:8:8:8,2872,2872000,2873000,1.0,total_sent
fd00::208:8:8:8,2882,2882000,2883000,1.0,total_sent
fd00::208:8:8:8,2893,2893000,2894000,1.0,total_sent
fd00::208:8:8:8,2903,2903000,2904000,1.0,total_sent
fd00::208:8:8:8,2913,2913000,2914000,1.0,total_sent
fd00::208:8:8:8,2925,2925000,2926000,1.0,total_sent
fd00::208:8:8:8,2934,2934000,2935000,1.0,total_sent
fd00::208:8:8:8,2945,2945000,2946000,1.0,total_sent
fd00::208:8:8:8,2955,2955000,2956000,1.0,total_sent
fd00::208:8:8:8,2966,2966000,2967000,1.0,total_sent
fd00::208:8:8:8,2976,2976000,2977000,1.0,total_sent
fd00::208:8:8:8,2987,2987000,2988000,1.0,total_sent
fd00::208:8:8:8,2997,2997000,2998000,1.0,total_sent
fd00::208:8:8:8,3008,3008000,3009000,1.0,total_sent
fd00::208:8:8:8,3018,3018000,3019000,1.0,total_sent
fd00::208:8:8:8,3029,3029000,3030000,1.0,total_sent
fd00::208:8:8:8,3039,3039000,3040000,1.0,total_sent
fd00::208:8:8:8,3052,3052000,3053000,1.0,total_sent
fd00::208:8:8:8,3062,3062000,3063000,1.0,total_sent
fd00::208:8:8:8,3071,3071000,3072000,1.0,total_sent
fd00::208:8:8:8,3085,3085000,3086000,1.0,total_sent
fd00::208:8:8:8,3092,3092000,3093000,1.0,total_sent
fd00::208:8:8:8,3104,3104000,3105000,1.0,total_sent
fd00::208:8:8:8,3113,3113000,3114000,1.0,total_sent
fd00::208:8:8:8,3123,3123000,3124000,1.0,total_sent
fd00::208:8:8:8,3134,3134000,3135000,1.0,total_sent
fd00::208:8:8:8,3144,3144000,3145000,1.0,total_sent
fd00::208:8:8:8,3155,3155000,3156000,1.0,total_sent
fd00::208:8:8:8,3165,3165000,3166000,1.0,total_sent
fd00::208:8:8:8,3176,3176000,3177000,1.0,total_sent
fd00::208:8:8:8,3186,3186000,3187000,1.0,total_sent
fd00::208:8:8:8,3197,3197000,3198000,1.0,total_sent
fd00::208:8:8:8,3207,3207000,3208000,1.0,total_sent
fd00::208:8:8:8,3217,3217000,3218000,1.0,total_sent
fd00::208:8:8:8,3228,3228000,3229000,1.0,total_sent
fd00::208:8:8:8,3239,3239000,3240000,1.0,total_sent
fd00::208:8:8:8,3249,3249000,3250000,1.0,total_sent
fd00::208:8:8:8,3259,3259000,3260000,1.0,total_sent
fd00::208:8:8:8,3270,3270000,3271000,1.0,total_sent
fd00::208:8:8:8,3281,3281000,3282000,1.0,total_sent
fd00::208:8:8:8,3295,3295000,3296000,1.0,total_sent
fd00::208:8:8:8,3301,3301000,3302000,1.0,total_sent
fd00::208:8:8:8,3312,3312000,3313000,1.0,total_sent
fd00::208:8:8:8,3323,3323000,3324000,1.0,total_sent
fd00::208:8:8:8,3333,3333000,3334000,1.0,total_sent
fd00::208:8:8:8,3343,3343000,3344000,1.0,total_sent
fd00::208:8:8:8,3354,3354000,3355000,1.0,total_sent
fd00::208:8:8:8,3364,3364000,3365000,1.0,total_sent
fd00::208:8:8:8,3375,3375000,3376000,1.0,total_sent
fd00::208:8:8:8,3385,3385000,3386000,1.0,total_sent
fd00::208:8:8:8,3396,3396000,3397000,1.0,total_sent
fd00::208:8:8:8,3406,3406000,3407000,1.0,total_sent
fd00::208:8:8:8,3417,3417000,3418000,1.0,total_sent
fd00::208:8:8:8,3427,3427000,3428000,1.0,total_sent
fd00::208:8:8:8,3438,3438000,3439000,1.0,total_sent
fd00::208:8:8:8,3448,3448000,3449000,1.0,total_sent
fd00::208:8:8:8,3459,3459000,3460000,1.0,total_sent
fd00::208:8:8:8,3469,3469000,3470000,1.0,total_sent
fd00::208:8:8:8,3482,3482000,3483000,1.0,total_sent
fd00::208:8:8:8,3492,3492000,3493000,1.0,total_sent
fd00::208:8:8:8,3502,3502000,3503000,1.0,total_sent
fd00::208:8:8:8,3512,3512000,3513000,1.0,total_sent
fd00::208:8:8:8,3522,3522000,3523000,1.0,total_sent
fd00::208:8:8:8,3532,3532000,3533000,1.0,total_sent
fd00::208:8:8:8,3542,3542000,3543000,1.0,total_sent
fd00::208:8:8:8,3553,3553000,3554000,1.0,total_sent
fd00::208:8:8:8,3563,3563000,3564000,1.0,total_sent
fd00::208:8:8:8,3574,3574000,3575000,1.0,total_sent
fd00::208:8:8:8,3585,3585000,3586000,1.0,total_sent
fd00::208:8:8:8,3595,3595000,3596000,1.0,total_sent
fd00::209:9:9:9,53,53000,54000,0.0,total_sent
fd00::209:9:9:9,63,63000,64000,1.0,total_sent
fd00::209:9:9:9,74,74000,75000,1.0,total_sent
fd00::209:9:9:9,86,86000,87000,1.0,total_sent
fd00::209:9:9:9,96,96000,97000,1.0,total_sent
fd00::209:9:9:9,106,106000,107000,1.0,total_sent
fd00::209:9:9:9,116,116000,117000,1.0,total_sent
fd00::209:9:9:9,127,127000,128000,1.0,total_sent
fd00::209:9:9:9,137,137000,138000,1.0,total_sent
fd00::209:9:9:9,148,148000,149000,1.0,total_sent
fd00::209:9:9:9,158,158000,159000,1.0,total_sent
fd00::209:9:9:9,174,174000,175000,1.0,total_sent
fd00::209:9:9:9,182,182000,183000,1.0,total_sent
fd00::209:9:9:9,194,194000,195000,1.0,total_sent
fd00::209:9:9:9,205,205000,206000,1.0,total_sent
fd00::209:9:9:9,216,216000,217000,1.0,total_sent
fd00::209:9:9:9,243,243000,244000,2.0,total_sent
fd00::209:9:9:9,248,248000,249000,1.0,total_sent
fd00::209:9:9:9,264,264000,265000,1.0,total_sent
fd00::209:9:9:9,269,269000,270000,1.0,total_sent
fd00::209:9:9:9,283,283000,284000,1.0,total_sent
fd00::209:9:9:9,288,288000,289000,1.0,total_sent
fd00::209:9:9:9,297,297000,298000,1.0,total_sent
fd00::209:9:9:9,306,306000,307000,1.0,total_sent
fd00::209:9:9:9,319,319000,320000,1.0,total_sent
fd00::209:9:9:9,328,328000,329000,1.0,total_sent
fd00::209:9:9:9,338,338000,339000,1.0,total_sent
fd00::209:9:9:9,349,349000,350000,1.0,total_sent
fd00::209:9:9:9,361,361000,362000,1.0,total_sent
fd00::209:9:9:9,373,373000,374000,1.0,total_sent
fd00::209:9:9:9,384,384000,385000,1.0,total_sent
fd00::209:9:9:9,393,393000,394000,1.0,total_sent
fd00::209:9:9:9,402,402000,403000,1.0,total_sent
fd00::209:9:9:9,413,413000,414000,1.0,total_sent
fd00::209:9:9:9,425,425000,426000,1.0,total_sent
fd00::209:9:9:9,436,436000,437000,1.0,total_sent
fd00::209:9:9:9,445,445000,446000,1.0,total_sent
fd00::209:9:9:9,455,455000,456000,1.0,total_sent
fd00::209:9:9:9,466,466000,467000,1.0,total_sent
fd00::209:9:9:9,476,476000,477000,1.0,total_sent
fd00::209:9:9:9,487,487000,488000,1.0,total_sent
fd00::209:9:9:9,519,519000,520000,2.0,total_sent
fd00::209:9:9:9,553,553000,554000,2.0,total_sent
fd00::209:9:9:9,563,563000,564000,1.0,total_sent
fd00::209:9:9:9,575,575000,576000,1.0,total_sent
fd00::209:9:9:9,584,584000,585000,1.0,total_sent
fd00::209:9:9:9,597,597000,598000,1.0,total_sent
fd00::209:9:9:9,604,604000,605000,1.0,total_sent
fd00::209:9:9:9,613,613000,614000,1.0,total_sent
fd00::209:9:9:9,626,626000,627000,1.0,total_sent
fd00::209:9:9:9,634,634000,635000,1.0,total_sent
fd00::209:9:9:9,645,645000,646000,1.0,total_sent
fd00::209:9:9:9,655,655000,656000,1.0,total_sent
fd00::209:9:9:9,666,666000,667000,1.0,total_sent
fd00::209:9:9:9,678,678000,679000,1.0,total_sent
fd00::209:9:9:9,687,687000,688000,1.0,total_sent
fd00::209:9:9:9,698,698000,699000,1.0,total_sent
fd00::209:9:9:9,709,709000,710000,1.0,total_sent
fd00::209:9:9:9,719,719000,720000,1.0,total_sent
fd00::209:9:9:9,732,732000,733000,1.0,total_sent
fd00::209:9:9:9,745,745000,746000,1.0,total_sent
fd00::209:9:9:9,754,754000,755000,1.0,total_sent
fd00::209:9:9:9,768,768000,769000,1.0,total_sent
fd00::209:9:9:9,773,773000,774000,1.0,total_sent
fd00::209:9:9:9,783,783000,784000,1.0,total_sent
fd00::209:9:9:9,794,794000,795000,1.0,total_sent
fd00::209:9:9:9,815,815000,816000,2.0,total_sent
fd00::209:9:9:9,829,829000,830000,1.0,total_sent
fd00::209:9:9:9,835,835000,836000,1.0,total_sent
fd00::20a:a:a:a,94,94000,95000,0.0,total_sent
fd00::20a:a:a:a,106,106000,107000,1.0,total_sent
fd00::20a:a:a:a,113,113000,114000,1.0,total_sent
fd00::20a:a:a:a,124,124000,125000,1.0,total_sent
fd00::20a:a:a:a,135,135000,136000,1.0,total_sent
fd00::20a:a:a:a,145,145000,146000,1.0,total_sent
fd00::20a:a:a:a,157,157000,158000,1.0,total_sent
fd00::20a:a:a:a,167,167000,168000,1.0,total_sent
fd00::20a:a:a:a,174,174000,175000,1.0,total_sent
fd00::20a:a:a:a,185,185000,186000,1.0,total_sent
fd00::20a:a:a:a,196,196000,197000,1.0,total_sent
fd00::20a:a:a:a,213,213000,214000,1.0,total_sent
fd00::20a:a:a:a,233,233000,234000,1.0,total_sent
fd00::20a:a:a:a,238,238000,239000,1.0,total_sent
fd00::20a:a:a:a,245,245000,246000,1.0,total_sent
fd00::20b:b:b:b,133,133000,134000,0.0,total_sent
fd00::20b:b:b:b,146,146000,147000,1.0,total_sent
fd00::20b:b:b:b,152,152000,153000,1.0,total_sent
fd00::20b:b:b:b,164,164000,165000,1.0,total_sent
fd00::20b:b:b:b,178,178000,179000,1.0,total_sent
fd00::20b:b:b:b,184,184000,185000,1.0,total_sent
fd00::20b:b:b:b,203,203000,204000,1.0,total_sent
fd00::20b:b:b:b,213,213000,214000,1.0,total_sent
fd00::20b:b:b:b,216,216000,217000,1.0,total_sent
fd00::20b:b:b:b,238,238000,239000,2.0,total_sent
fd00::20b:b:b:b,248,248000,249000,1.0,total_sent
fd00::20b:b:b:b,264,264000,265000,1.0,total_sent
fd00::20b:b:b:b,269,269000,270000,1.0,total_sent
fd00::20b:b:b:b,283,283000,284000,1.0,total_sent
fd00::20b:b:b:b,288,288000,289000,1.0,total_sent
fd00::20b:b:b:b,296,296000,297000,1.0,total_sent
fd00::20b:b:b:b,303,303000,304000,1.0,total_sent
fd00::20b:b:b:b,319,319000,320000,1.0,total_sent
fd00::20b:b:b:b,327,327000,328000,1.0,total_sent
fd00::20b:b:b:b,334,334000,335000,1.0,total_sent
fd00::20b:b:b:b,345,345000,346000,1.0,total_sent
fd00::20b:b:b:b,355,355000,356000,1.0,total_sent
fd00::20b:b:b:b,364,364000,365000,1.0,total_sent
fd00::20b:b:b:b,374,374000,375000,1.0,total_sent
fd00::20b:b:b:b,384,384000,385000,1.0,total_sent
fd00::20b:b:b:b,397,397000,398000,1.0,total_sent
fd00::20b:b:b:b,404,404000,405000,1.0,total_sent
fd00::20b:b:b:b,415,415000,416000,1.0,total_sent
fd00::20b:b:b:b,425,425000,426000,1.0,total_sent
fd00::20b:b:b:b,436,436000,437000,1.0,total_sent
fd00::20b:b:b:b,446,446000,447000,1.0,total_sent
fd00::20b:b:b:b,455,455000,456000,1.0,total_sent
fd00::20b:b:b:b,467,467000,468000,1.0,total_sent
fd00::20b:b:b:b,475,475000,476000,1.0,total_sent
fd00::20b:b:b:b,486,486000,487000,1.0,total_sent
fd00::20b:b:b:b,497,497000,498000,1.0,total_sent
fd00::20b:b:b:b,514,514000,515000,1.0,total_sent
fd00::20b:b:b:b,556,556000,557000,1.0,total_sent
fd00::20b:b:b:b,568,568000,569000,1.0,total_sent
fd00::20b:b:b:b,577,577000,578000,1.0,total_sent
fd00::20b:b:b:b,587,587000,588000,1.0,total_sent
fd00::20b:b:b:b,599,599000,600000,1.0,total_sent
fd00::20b:b:b:b,607,607000,608000,1.0,total_sent
fd00::20b:b:b:b,617,617000,618000,1.0,total_sent
fd00::20b:b:b:b,627,627000,628000,1.0,total_sent
fd00::20b:b:b:b,637,637000,638000,1.0,total_sent
fd00::20b:b:b:b,648,648000,649000,1.0,total_sent
fd00::20b:b:b:b,658,658000,659000,1.0,total_sent
fd00::20b:b:b:b,668,668000,669000,1.0,total_sent
fd00::20b:b:b:b,678,678000,679000,1.0,total_sent
fd00::20b:b:b:b,688,688000,689000,1.0,total_sent
fd00::20b:b:b:b,699,699000,700000,1.0,total_sent
fd00::20b:b:b:b,709,709000,710000,1.0,total_sent
fd00::20b:b:b:b,718,718000,719000,1.0,total_sent
fd00::20b:b:b:b,728,728000,729000,1.0,total_sent
fd00::20b:b:b:b,744,744000,745000,1.0,total_sent
fd00::20b:b:b:b,749,749000,750000,1.0,total_sent
fd00::20b:b:b:b,759,759000,760000,1.0,total_sent
fd00::20b:b:b:b,769,769000,770000,1.0,total_sent
fd00::20b:b:b:b,781,781000,782000,1.0,total_sent
fd00::20b:b:b:b,793,793000,794000,1.0,total_sent
fd00::20b:b:b:b,804,804000,805000,1.0,total_sent
fd00::20b:b:b:b,815,815000,816000,1.0,total_sent
fd00::20b:b:b:b,825,825000,826000,1.0,total_sent
fd00::20b:b:b:b,833,833000,834000,1.0,total_sent
fd00::20c:c:c:c,21,21000,22000,0.0,total_sent
fd00::20c:c:c:c,32,32000,33000,1.0,total_sent
fd00::20c:c:c:c,43,43000,44000,1.0,total_sent
fd00::20c:c:c:c,54,54000,55000,1.0,total_sent
fd00::20c:c:c:c,65,65000,66000,1.0,total_sent
fd00::20c:c:c:c,76,76000,77000,1.0,total_sent
fd00::20c:c:c:c,86,86000,87000,1.0,total_sent
fd00::20c:c:c:c,97,97000,98000,1.0,total_sent
fd00::20c:c:c:c,108,108000,109000,1.0,total_sent
fd00::20c:c:c:c,119,119000,120000,1.0,total_sent
fd00::20c:c:c:c,134,134000,135000,1.0,total_sent
fd00::20c:c:c:c,144,144000,145000,1.0,total_sent
fd00::20c:c:c:c,155,155000,156000,1.0,total_sent
fd00::20c:c:c:c,166,166000,167000,1.0,total_sent
fd00::20c:c:c:c,173,173000,174000,1.0,total_sent
fd00::20c:c:c:c,186,186000,187000,1.0,total_sent
fd00::20c:c:c:c,196,196000,197000,1.0,total_sent
fd00::20c:c:c:c,212,212000,213000,1.0,total_sent
fd00::20c:c:c:c,216,216000,217000,1.0,total_sent
fd00::20c:c:c:c,229,229000,230000,1.0,total_sent
fd00::20c:c:c:c,239,239000,240000,1.0,total_sent
fd00::20c:c:c:c,253,253000,254000,1.0,total_sent
fd00::20c:c:c:c,269,269000,270000,1.0,total_sent
fd00::20c:c:c:c,498,498000,499000,4.0,total_sent
fd00::20c:c:c:c,509,509000,510000,1.0,total_sent
fd00::20c:c:c:c,521,521000,522000,1.0,total_sent
fd00::20c:c:c:c,531,531000,532000,1.0,total_sent
fd00::20c:c:c:c,543,543000,544000,1.0,total_sent
fd00::20c:c:c:c,552,552000,553000,1.0,total_sent
fd00::20c:c:c:c,563,563000,564000,1.0,total_sent
fd00::20c:c:c:c,574,574000,575000,1.0,total_sent
fd00::20c:c:c:c,585,585000,586000,1.0,total_sent
fd00::20c:c:c:c,596,596000,597000,1.0,total_sent
fd00::20c:c:c:c,606,606000,607000,1.0,total_sent
fd00::20c:c:c:c,617,617000,618000,1.0,total_sent
fd00::20c:c:c:c,628,628000,629000,1.0,total_sent
fd00::20c:c:c:c,639,639000,640000,1.0,total_sent
fd00::20c:c:c:c,650,650000,651000,1.0,total_sent
fd00::20c:c:c:c,663,663000,664000,1.0,total_sent
fd00::20c:c:c:c,671,671000,672000,1.0,total_sent
fd00::20c:c:c:c,683,683000,684000,1.0,total_sent
fd00::20c:c:c:c,693,693000,694000,1.0,total_sent
fd00::20c:c:c:c,705,705000,706000,1.0,total_sent
fd00::20c:c:c:c,715,715000,716000,1.0,total_sent
fd00::20c:c:c:c,726,726000,727000,1.0,total_sent
fd00::20c:c:c:c,739,739000,740000,1.0,total_sent
fd00::20c:c:c:c,747,747000,748000,1.0,total_sent
fd00::20c:c:c:c,758,758000,759000,1.0,total_sent
fd00::20c:c:c:c,769,769000,770000,1.0,total_sent
fd00::20c:c:c:c,783,783000,784000,1.0,total_sent
fd00::20c:c:c:c,809,809000,810000,2.0,total_sent
fd00::20c:c:c:c,813,813000,814000,1.0,total_sent
fd00::20c:c:c:c,823,823000,824000,1.0,total_sent
fd00::20c:c:c:c,834,834000,835000,1.0,total_sent
fd00::20c:c:c:c,846,846000,847000,1.0,total_sent
fd00::20c:c:c:c,856,856000,857000,1.0,total_sent
fd00::20c:c:c:c,867,867000,868000,1.0,total_sent
fd00::20c:c:c:c,877,877000,878000,1.0,total_sent
fd00::20c:c:c:c,888,888000,889000,1.0,total_sent
fd00::20c:c:c:c,922,922000,923000,1.0,total_sent
fd00::20c:c:c:c,935,935000,936000,1.0,total_sent
fd00::20c:c:c:c,942,942000,943000,1.0,total_sent
fd00::20c:c:c:c,953,953000,954000,1.0,total_sent
fd00::20c:c:c:c,971,971000,972000,1.0,total_sent
fd00::20c:c:c:c,986,986000,987000,1.0,total_sent
fd00::20c:c:c:c,1148,1148000,1149000,1.0,total_sent
fd00::20c:c:c:c,1159,1159000,1160000,1.0,total_sent
fd00::20c:c:c:c,1172,1172000,1173000,1.0,total_sent
fd00::20c:c:c:c,1186,1186000,1187000,1.0,total_sent
fd00::20c:c:c:c,1205,1205000,1206000,1.0,total_sent
fd00::20c:c:c:c,1354,1354000,1355000,1.0,total_sent
fd00::20c:c:c:c,1365,1365000,1366000,1.0,total_sent
fd00::20c:c:c:c,1376,1376000,1377000,1.0,total_sent
fd00::20c:c:c:c,1386,1386000,1387000,1.0,total_sent
fd00::20c:c:c:c,1397,1397000,1398000,1.0,total_sent
fd00::20c:c:c:c,1408,1408000,1409000,1.0,total_sent
fd00::20c:c:c:c,1419,1419000,1420000,1.0,total_sent
fd00::20c:c:c:c,1657,1657000,1658000,1.0,total_sent
fd00::20c:c:c:c,1668,1668000,1669000,1.0,total_sent
fd00::20c:c:c:c,2275,2275000,2276000,1.0,total_sent
fd00::20c:c:c:c,2285,2285000,2286000,1.0,total_sent
fd00::20c:c:c:c,2296,2296000,2297000,1.0,total_sent
fd00::20c:c:c:c,2307,2307000,2308000,1.0,total_sent
fd00::20c:c:c:c,2318,2318000,2319000,1.0,total_sent
fd00::20c:c:c:c,2329,2329000,2330000,1.0,total_sent
fd00::20c:c:c:c,2342,2342000,2343000,1.0,total_sent
fd00::20c:c:c:c,2351,2351000,2352000,1.0,total_sent
fd00::20c:c:c:c,2363,2363000,2364000,1.0,total_sent
fd00::20c:c:c:c,2373,2373000,2374000,1.0,total_sent
fd00::20c:c:c:c,2383,2383000,2384000,1.0,total_sent
fd00::20c:c:c:c,2394,2394000,2395000,1.0,total_sent
fd00::20c:c:c:c,2405,2405000,2406000,1.0,total_sent
fd00::20c:c:c:c,2416,2416000,2417000,1.0,total_sent
fd00::20c:c:c:c,2426,2426000,2427000,1.0,total_sent
fd00::20c:c:c:c,2437,2437000,2438000,1.0,total_sent
fd00::20c:c:c:c,2448,2448000,2449000,1.0,total_sent
fd00::20c:c:c:c,2459,2459000,2460000,1.0,total_sent
fd00::20c:c:c:c,2473,2473000,2474000,1.0,total_sent
fd00::20c:c:c:c,2484,2484000,2485000,1.0,total_sent
fd00::20c:c:c:c,2491,2491000,2492000,1.0,total_sent
fd00::20c:c:c:c,2503,2503000,2504000,1.0,total_sent
fd00::20c:c:c:c,2513,2513000,2514000,1.0,total_sent
fd00::20c:c:c:c,2524,2524000,2525000,1.0,total_sent
fd00::20c:c:c:c,2535,2535000,2536000,1.0,total_sent
fd00::20c:c:c:c,2546,2546000,2547000,1.0,total_sent
fd00::20c:c:c:c,2557,2557000,2558000,1.0,total_sent
fd00::20c:c:c:c,2567,2567000,2568000,1.0,total_sent
fd00::20c:c:c:c,2578,2578000,2579000,1.0,total_sent
fd00::20c:c:c:c,2589,2589000,2590000,1.0,total_sent
fd00::20c:c:c:c,2601,2601000,2602000,1.0,total_sent
fd00::20c:c:c:c,2611,2611000,2612000,1.0,total_sent
fd00::20c:c:c:c,2623,2623000,2624000,1.0,total_sent
fd00::20c:c:c:c,2633,2633000,2634000,1.0,total_sent
fd00::20c:c:c:c,2643,2643000,2644000,1.0,total_sent
fd00::20c:c:c:c,2654,2654000,2655000,1.0,total_sent
fd00::20c:c:c:c,2665,2665000,2666000,1.0,total_sent
fd00::20c:c:c:c,2676,2676000,2677000,1.0,total_sent
fd00::20c:c:c:c,2686,2686000,2687000,1.0,total_sent
fd00::20c:c:c:c,2697,2697000,2698000,1.0,total_sent
fd00::20c:c:c:c,2708,2708000,2709000,1.0,total_sent
fd00::20c:c:c:c,2719,2719000,2720000,1.0,total_sent
fd00::20c:c:c:c,2731,2731000,2732000,1.0,total_sent
fd00::20c:c:c:c,2741,2741000,2742000,1.0,total_sent
fd00::20c:c:c:c,2753,2753000,2754000,1.0,total_sent
fd00::20c:c:c:c,2763,2763000,2764000,1.0,total_sent
fd00::20c:c:c:c,2773,2773000,2774000,1.0,total_sent
fd00::20c:c:c:c,2784,2784000,2785000,1.0,total_sent
fd00::20c:c:c:c,2795,2795000,2796000,1.0,total_sent
fd00::20c:c:c:c,2805,2805000,2806000,1.0,total_sent
fd00::20c:c:c:c,2816,2816000,2817000,1.0,total_sent
fd00::20c:c:c:c,2827,2827000,2828000,1.0,total_sent
fd00::20c:c:c:c,2838,2838000,2839000,1.0,total_sent
fd00::20c:c:c:c,2849,2849000,2850000,1.0,total_sent
fd00::20c:c:c:c,2862,2862000,2863000,1.0,total_sent
fd00::20c:c:c:c,2872,2872000,2873000,1.0,total_sent
fd00::20c:c:c:c,2882,2882000,2883000,1.0,total_sent
fd00::20c:c:c:c,2892,2892000,2893000,1.0,total_sent
fd00::20c:c:c:c,2903,2903000,2904000,1.0,total_sent
fd00::20c:c:c:c,2914,2914000,2915000,1.0,total_sent
fd00::20c:c:c:c,2925,2925000,2926000,1.0,total_sent
fd00::20c:c:c:c,2936,2936000,2937000,1.0,total_sent
fd00::20c:c:c:c,2946,2946000,2947000,1.0,total_sent
fd00::20c:c:c:c,2957,2957000,2958000,1.0,total_sent
fd00::20c:c:c:c,2968,2968000,2969000,1.0,total_sent
fd00::20c:c:c:c,2979,2979000,2980000,1.0,total_sent
fd00::20c:c:c:c,2992,2992000,2993000,1.0,total_sent
fd00::20c:c:c:c,3000,3000000,3001000,1.0,total_sent
fd00::20c:c:c:c,3012,3012000,3013000,1.0,total_sent
fd00::20c:c:c:c,3022,3022000,3023000,1.0,total_sent
fd00::20c:c:c:c,3033,3033000,3034000,1.0,total_sent
fd00::20c:c:c:c,3044,3044000,3045000,1.0,total_sent
fd00::20c:c:c:c,3055,3055000,3056000,1.0,total_sent
fd00::20c:c:c:c,3066,3066000,3067000,1.0,total_sent
fd00::20c:c:c:c,3076,3076000,3077000,1.0,total_sent
fd00::20c:c:c:c,3087,3087000,3088000,1.0,total_sent
fd00::20c:c:c:c,3098,3098000,3099000,1.0,total_sent
fd00::20c:c:c:c,3109,3109000,3110000,1.0,total_sent
fd00::20c:c:c:c,3124,3124000,3125000,1.0,total_sent
fd00::20c:c:c:c,3132,3132000,3133000,1.0,total_sent
fd00::20c:c:c:c,3141,3141000,3142000,1.0,total_sent
fd00::20c:c:c:c,3153,3153000,3154000,1.0,total_sent
fd00::20c:c:c:c,3163,3163000,3164000,1.0,total_sent
fd00::20c:c:c:c,3174,3174000,3175000,1.0,total_sent
fd00::20c:c:c:c,3185,3185000,3186000,1.0,total_sent
fd00::20c:c:c:c,3195,3195000,3196000,1.0,total_sent
fd00::20c:c:c:c,3206,3206000,3207000,1.0,total_sent
fd00::20c:c:c:c,3217,3217000,3218000,1.0,total_sent
fd00::20c:c:c:c,3228,3228000,3229000,1.0,total_sent
fd00::20c:c:c:c,3239,3239000,3240000,1.0,total_sent
fd00::20c:c:c:c,3251,3251000,3252000,1.0,total_sent
fd00::20c:c:c:c,3263,3263000,3264000,1.0,total_sent
fd00::20c:c:c:c,3274,3274000,3275000,1.0,total_sent
fd00::20c:c:c:c,3282,3282000,3283000,1.0,total_sent
fd00::20c:c:c:c,3293,3293000,3294000,1.0,total_sent
fd00::20c:c:c:c,3304,3304000,3305000,1.0,total_sent
fd00::20c:c:c:c,3315,3315000,3316000,1.0,total_sent
fd00::20c:c:c:c,3325,3325000,3326000,1.0,total_sent
fd00::20c:c:c:c,3336,3336000,3337000,1.0,total_sent
fd00::20c:c:c:c,3347,3347000,3348000,1.0,total_sent
fd00::20c:c:c:c,3358,3358000,3359000,1.0,total_sent
fd00::20c:c:c:c,3369,3369000,3370000,1.0,total_sent
fd00::20c:c:c:c,3381,3381000,3382000,1.0,total_sent
fd00::20c:c:c:c,3392,3392000,3393000,1.0,total_sent
fd00::20c:c:c:c,3403,3403000,3404000,1.0,total_sent
fd00::20c:c:c:c,3412,3412000,3413000,1.0,total_sent
fd00::20c:c:c:c,3423,3423000,3424000,1.0,total_sent
fd00::20c:c:c:c,3434,3434000,3435000,1.0,total_sent
fd00::20c:c:c:c,3445,3445000,3446000,1.0,total_sent
fd00::20c:c:c:c,3456,3456000,3457000,1.0,total_sent
fd00::20c:c:c:c,3466,3466000,3467000,1.0,total_sent
fd00::20c:c:c:c,3477,3477000,3478000,1.0,total_sent
fd00::20c:c:c:c,3488,3488000,3489000,1.0,total_sent
fd00::20c:c:c:c,3499,3499000,3500000,1.0,total_sent
fd00::20c:c:c:c,3510,3510000,3511000,1.0,total_sent
fd00::20c:c:c:c,3521,3521000,3522000,1.0,total_sent
fd00::20c:c:c:c,3531,3531000,3532000,1.0,total_sent
fd00::20c:c:c:c,3542,3542000,3543000,1.0,total_sent
fd00::20c:c:c:c,3554,3554000,3555000,1.0,total_sent
fd00::20c:c:c:c,3564,3564000,3565000,1.0,total_sent
fd00::20c:c:c:c,3575,3575000,3576000,1.0,total_sent
fd00::20c:c:c:c,3585,3585000,3586000,1.0,total_sent
fd00::20c:c:c:c,3596,3596000,3597000,1.0,total_sent
fd00::20d:d:d:d,31,31000,32000,0.0,total_sent
fd00::20d:d:d:d,41,41000,42000,1.0,total_sent
fd00::20d:d:d:d,54,54000,55000,1.0,total_sent
fd00::20d:d:d:d,61,61000,62000,1.0,total_sent
fd00::20d:d:d:d,74,74000,75000,1.0,total_sent
fd00::20d:d:d:d,84,84000,85000,1.0,total_sent
fd00::20d:d:d:d,93,93000,94000,1.0,total_sent
fd00::20d:d:d:d,104,104000,105000,1.0,total_sent
fd00::20d:d:d:d,113,113000,114000,1.0,total_sent
fd00::20d:d:d:d,123,123000,124000,1.0,total_sent
fd00::20d:d:d:d,135,135000,136000,1.0,total_sent
fd00::20d:d:d:d,145,145000,146000,1.0,total_sent
fd00::20d:d:d:d,156,156000,157000,1.0,total_sent
fd00::20d:d:d:d,166,166000,167000,1.0,total_sent
fd00::20d:d:d:d,173,173000,174000,1.0,total_sent
fd00::20d:d:d:d,185,185000,186000,1.0,total_sent
fd00::20d:d:d:d,195,195000,196000,1.0,total_sent
fd00::20d:d:d:d,212,212000,213000,1.0,total_sent
fd00::20d:d:d:d,229,229000,230000,1.0,total_sent
fd00::20d:d:d:d,237,237000,238000,1.0,total_sent
fd00::20d:d:d:d,245,245000,246000,1.0,total_sent
fd00::20d:d:d:d,258,258000,259000,1.0,total_sent
fd00::20d:d:d:d,833,833000,834000,2.0,total_sent
fd00::20d:d:d:d,841,841000,842000,1.0,total_sent
fd00::20d:d:d:d,852,852000,853000,1.0,total_sent
fd00::20d:d:d:d,863,863000,864000,1.0,total_sent
fd00::20d:d:d:d,872,872000,873000,1.0,total_sent
fd00::20d:d:d:d,882,882000,883000,1.0,total_sent
fd00::20d:d:d:d,898,898000,899000,1.0,total_sent
fd00::20d:d:d:d,906,906000,907000,1.0,total_sent
fd00::20d:d:d:d,915,915000,916000,1.0,total_sent
fd00::20d:d:d:d,926,926000,927000,1.0,total_sent
fd00::20d:d:d:d,935,935000,936000,1.0,total_sent
fd00::20d:d:d:d,942,942000,943000,1.0,total_sent
fd00::20d:d:d:d,954,954000,955000,1.0,total_sent
fd00::20d:d:d:d,971,971000,972000,2.0,total_sent
fd00::20e:e:e:e,86,86000,87000,0.0,total_sent
fd00::20e:e:e:e,97,97000,98000,1.0,total_sent
fd00::20e:e:e:e,107,107000,108000,1.0,total_sent
fd00::20e:e:e:e,118,118000,119000,1.0,total_sent
fd00::20e:e:e:e,173,173000,174000,4.0,total_sent
fd00::20e:e:e:e,184,184000,185000,2.0,total_sent
fd00::20e:e:e:e,204,204000,205000,1.0,total_sent
fd00::20e:e:e:e,214,214000,215000,1.0,total_sent
fd00::20e:e:e:e,226,226000,227000,1.0,total_sent
fd00::20e:e:e:e,275,275000,276000,1.0,total_sent
fd00::20e:e:e:e,421,421000,422000,1.0,total_sent
fd00::20e:e:e:e,436,436000,437000,1.0,total_sent
fd00::20e:e:e:e,445,445000,446000,1.0,total_sent
fd00::20e:e:e:e,496,496000,497000,3.0,total_sent
fd00::20f:f:f:f,107,107000,108000,0.0,total_sent
fd00::20f:f:f:f,126,126000,127000,2.0,total_sent
fd00::20f:f:f:f,137,137000,138000,1.0,total_sent
fd00::20f:f:f:f,147,147000,148000,1.0,total_sent
fd00::20f:f:f:f,159,159000,160000,1.0,total_sent
fd00::20f:f:f:f,169,169000,170000,1.0,total_sent
fd00::20f:f:f:f,179,179000,180000,1.0,total_sent
fd00::20f:f:f:f,189,189000,190000,1.0,total_sent
fd00::20f:f:f:f,208,208000,209000,1.0,total_sent
fd00::20f:f:f:f,223,223000,224000,1.0,total_sent
fd00::20f:f:f:f,235,235000,236000,1.0,total_sent
fd00::20f:f:f:f,238,238000,239000,1.0,total_sent
fd00::210:10:10:10,66,66000,67000,0.0,total_sent
fd00::210:10:10:10,449,449000,450000,8.0,total_sent
fd00::210:10:10:10,474,474000,475000,2.0,total_sent
fd00::210:10:10:10,497,497000,498000,1.0,total_sent
fd00::211:11:11:11,215,215000,216000,0.0,total_sent
fd00::211:11:11:11,229,229000,230000,1.0,total_sent
fd00::211:11:11:11,256,256000,257000,1.0,total_sent
fd00::211:11:11:11,285,285000,286000,4.0,total_sent
fd00::211:11:11:11,299,299000,300000,1.0,total_sent
fd00::212:12:12:12,215,215000,216000,0.0,total_sent
fd00::212:12:12:12,1972,1972000,1973000,7.0,total_sent
fd00::212:12:12:12,3249,3249000,3250000,6.0,total_sent
fd00::212:12:12:12,3365,3365000,3366000,3.0,total_sent
fd00::202:2:2:2,20,20000,21000,0.0,total_received
fd00::202:2:2:2,31,31000,32000,1.0,total_received
fd00::202:2:2:2,43,43000,44000,1.0,total_received
fd00::202:2:2:2,53,53000,54000,1.0,total_received
fd00::202:2:2:2,63,63000,64000,1.0,total_received
fd00::202:2:2:2,74,74000,75000,1.0,total_received
fd00::202:2:2:2,84,84000,85000,1.0,total_received
fd00::202:2:2:2,95,95000,96000,1.0,total_received
fd00::202:2:2:2,105,105000,106000,1.0,total_received
fd00::202:2:2:2,115,115000,116000,1.0,total_received
fd00::202:2:2:2,126,126000,127000,1.0,total_received
fd00::202:2:2:2,136,136000,137000,1.0,total_received
fd00::202:2:2:2,147,147000,148000,1.0,total_received
fd00::202:2:2:2,158,158000,159000,1.0,total_received
fd00::202:2:2:2,168,168000,169000,1.0,total_received
fd00::202:2:2:2,178,178000,179000,1.0,total_received
fd00::202:2:2:2,189,189000,190000,1.0,total_received
fd00::202:2:2:2,200,200000,201000,1.0,total_received
fd00::202:2:2:2,213,213000,214000,2.0,total_received
fd00::202:2:2:2,226,226000,227000,0.0,total_received
fd00::202:2:2:2,232,232000,233000,1.0,total_received
fd00::202:2:2:2,243,243000,244000,2.0,total_received
fd00::202:2:2:2,256,256000,257000,1.0,total_received
fd00::202:2:2:2,276,276000,277000,1.0,total_received
fd00::202:2:2:2,277,277000,278000,0.0,total_received
fd00::202:2:2:2,284,284000,285000,1.0,total_received
fd00::202:2:2:2,294,294000,295000,1.0,total_received
fd00::202:2:2:2,305,305000,306000,0.0,total_received
fd00::202:2:2:2,316,316000,317000,1.0,total_received
fd00::202:2:2:2,326,326000,327000,1.0,total_received
fd00::202:2:2:2,336,336000,337000,1.0,total_received
fd00::202:2:2:2,349,349000,350000,1.0,total_received
fd00::202:2:2:2,357,357000,358000,1.0,total_received
fd00::202:2:2:2,368,368000,369000,1.0,total_received
fd00::202:2:2:2,384,384000,385000,2.0,total_received
fd00::202:2:2:2,392,392000,393000,2.0,total_received
fd00::202:2:2:2,402,402000,403000,1.0,total_received
fd00::202:2:2:2,415,415000,416000,1.0,total_received
fd00::202:2:2:2,422,422000,423000,2.0,total_received
fd00::202:2:2:2,435,435000,436000,1.0,total_received
fd00::202:2:2:2,448,448000,449000,1.0,total_received
fd00::202:2:2:2,453,453000,454000,1.0,total_received
fd00::202:2:2:2,463,463000,464000,1.0,total_received
fd00::202:2:2:2,497,497000,498000,1.0,total_received
fd00::202:2:2:2,726,726000,727000,24.0,total_received
fd00::202:2:2:2,737,737000,738000,1.0,total_received
fd00::202:2:2:2,749,749000,750000,1.0,total_received
fd00::202:2:2:2,758,758000,759000,1.0,total_received
fd00::202:2:2:2,768,768000,769000,1.0,total_received
fd00::202:2:2:2,779,779000,780000,1.0,total_received
fd00::202:2:2:2,791,791000,792000,1.0,total_received
fd00::202:2:2:2,809,809000,810000,2.0,total_received
fd00::202:2:2:2,2095,2095000,2096000,126.0,total_received
fd00::202:2:2:2,2106,2106000,2107000,1.0,total_received
fd00::202:2:2:2,2116,2116000,2117000,1.0,total_received
fd00::202:2:2:2,2127,2127000,2128000,1.0,total_received
fd00::202:2:2:2,2137,2137000,2138000,1.0,total_received
fd00::202:2:2:2,2148,2148000,2149000,1.0,total_received
fd00::202:2:2:2,2158,2158000,2159000,1.0,total_received
fd00::202:2:2:2,2169,2169000,2170000,1.0,total_received
fd00::202:2:2:2,2179,2179000,2180000,1.0,total_received
fd00::202:2:2:2,2193,2193000,2194000,2.0,total_received
fd00::202:2:2:2,2202,2202000,2203000,1.0,total_received
fd00::202:2:2:2,2211,2211000,2212000,1.0,total_received
fd00::202:2:2:2,2224,2224000,2225000,1.0,total_received
fd00::202:2:2:2,2232,2232000,2233000,1.0,total_received
fd00::202:2:2:2,2244,2244000,2245000,1.0,total_received
fd00::202:2:2:2,2257,2257000,2258000,1.0,total_received
fd00::202:2:2:2,2264,2264000,2265000,1.0,total_received
fd00::202:2:2:2,2274,2274000,2275000,1.0,total_received
fd00::202:2:2:2,2285,2285000,2286000,1.0,total_received
fd00::202:2:2:2,2295,2295000,2296000,1.0,total_received
fd00::202:2:2:2,2306,2306000,2307000,1.0,total_received
fd00::202:2:2:2,2316,2316000,2317000,1.0,total_received
fd00::202:2:2:2,2327,2327000,2328000,1.0,total_received
fd00::202:2:2:2,2337,2337000,2338000,1.0,total_received
fd00::202:2:2:2,2348,2348000,2349000,1.0,total_received
fd00::202:2:2:2,2358,2358000,2359000,1.0,total_received
fd00::202:2:2:2,2369,2369000,2370000,1.0,total_received
fd00::202:2:2:2,2379,2379000,2380000,1.0,total_received
fd00::202:2:2:2,2393,2393000,2394000,2.0,total_received
fd00::202:2:2:2,2401,2401000,2402000,1.0,total_received
fd00::202:2:2:2,2413,2413000,2414000,1.0,total_received
fd00::202:2:2:2,2423,2423000,2424000,1.0,total_received
fd00::202:2:2:2,2433,2433000,2434000,1.0,total_received
fd00::202:2:2:2,2443,2443000,2444000,1.0,total_received
fd00::202:2:2:2,2454,2454000,2455000,1.0,total_received
fd00::202:2:2:2,2464,2464000,2465000,1.0,total_received
fd00::202:2:2:2,2474,2474000,2475000,1.0,total_received
fd00::202:2:2:2,2485,2485000,2486000,1.0,total_received
fd00::202:2:2:2,2495,2495000,2496000,1.0,total_received
fd00::202:2:2:2,2506,2506000,2507000,1.0,total_received
fd00::202:2:2:2,2516,2516000,2517000,1.0,total_received
fd00::202:2:2:2,2527,2527000,2528000,1.0,total_received
fd00::202:2:2:2,2537,2537000,2538000,1.0,total_received
fd00::202:2:2:2,2548,2548000,2549000,1.0,total_received
fd00::202:2:2:2,2558,2558000,2559000,1.0,total_received
fd00::202:2:2:2,2843,2843000,2844000,18.0,total_received
fd00::202:2:2:2,2853,2853000,2854000,1.0,total_received
fd00::202:2:2:2,2864,2864000,2865000,1.0,total_received
fd00::202:2:2:2,2875,2875000,2876000,1.0,total_received
fd00::202:2:2:2,2885,2885000,2886000,1.0,total_received
fd00::202:2:2:2,2895,2895000,2896000,1.0,total_received
fd00::202:2:2:2,2906,2906000,2907000,1.0,total_received
fd00::202:2:2:2,2916,2916000,2917000,1.0,total_received
fd00::202:2:2:2,2927,2927000,2928000,1.0,total_received
fd00::202:2:2:2,2938,2938000,2939000,1.0,total_received
fd00::202:2:2:2,2948,2948000,2949000,1.0,total_received
fd00::202:2:2:2,2959,2959000,2960000,1.0,total_received
fd00::202:2:2:2,2969,2969000,2970000,1.0,total_received
fd00::202:2:2:2,2981,2981000,2982000,2.0,total_received
fd00::202:2:2:2,2992,2992000,2993000,1.0,total_received
fd00::202:2:2:2,3001,3001000,3002000,1.0,total_received
fd00::202:2:2:2,3011,3011000,3012000,1.0,total_received
fd00::202:2:2:2,3022,3022000,3023000,1.0,total_received
fd00::202:2:2:2,3032,3032000,3033000,1.0,total_received
fd00::202:2:2:2,3043,3043000,3044000,1.0,total_received
fd00::202:2:2:2,3053,3053000,3054000,1.0,total_received
fd00::202:2:2:2,3064,3064000,3065000,1.0,total_received
fd00::202:2:2:2,3074,3074000,3075000,1.0,total_received
fd00::202:2:2:2,3085,3085000,3086000,1.0,total_received
fd00::202:2:2:2,3095,3095000,3096000,1.0,total_received
fd00::202:2:2:2,3106,3106000,3107000,1.0,total_received
fd00::202:2:2:2,3117,3117000,3118000,1.0,total_received
fd00::202:2:2:2,3127,3127000,3128000,1.0,total_received
fd00::202:2:2:2,3138,3138000,3139000,1.0,total_received
fd00::202:2:2:2,3148,3148000,3149000,1.0,total_received
fd00::202:2:2:2,3159,3159000,3160000,1.0,total_received
fd00::202:2:2:2,3169,3169000,3170000,1.0,total_received
fd00::202:2:2:2,3181,3181000,3182000,1.0,total_received
fd00::202:2:2:2,3191,3191000,3192000,2.0,total_received
fd00::202:2:2:2,3203,3203000,3204000,1.0,total_received
fd00::202:2:2:2,3213,3213000,3214000,1.0,total_received
fd00::202:2:2:2,3222,3222000,3223000,1.0,total_received
fd00::202:2:2:2,3233,3233000,3234000,1.0,total_received
fd00::202:2:2:2,3243,3243000,3244000,1.0,total_received
fd00::202:2:2:2,3253,3253000,3254000,1.0,total_received
fd00::202:2:2:2,3264,3264000,3265000,1.0,total_received
fd00::202:2:2:2,3275,3275000,3276000,1.0,total_received
fd00::202:2:2:2,3285,3285000,3286000,1.0,total_received
fd00::202:2:2:2,3296,3296000,3297000,1.0,total_received
fd00::202:2:2:2,3306,3306000,3307000,1.0,total_received
fd00::202:2:2:2,3317,3317000,3318000,1.0,total_received
fd00::202:2:2:2,3327,3327000,3328000,1.0,total_received
fd00::202:2:2:2,3338,3338000,3339000,1.0,total_received
fd00::202:2:2:2,3348,3348000,3349000,1.0,total_received
fd00::202:2:2:2,3359,3359000,3360000,1.0,total_received
fd00::202:2:2:2,3369,3369000,3370000,1.0,total_received
fd00::202:2:2:2,3381,3381000,3382000,2.0,total_received
fd00::202:2:2:2,3394,3394000,3395000,1.0,total_received
fd00::202:2:2:2,3403,3403000,3404000,1.0,total_received
fd00::202:2:2:2,3412,3412000,3413000,1.0,total_received
fd00::202:2:2:2,3422,3422000,3423000,1.0,total_received
fd00::202:2:2:2,3433,3433000,3434000,1.0,total_received
fd00::202:2:2:2,3443,3443000,3444000,1.0,total_received
fd00::202:2:2:2,3454,3454000,3455000,1.0,total_received
fd00::202:2:2:2,3464,3464000,3465000,1.0,total_received
fd00::202:2:2:2,3475,3475000,3476000,1.0,total_received
fd00::202:2:2:2,3485,3485000,3486000,1.0,total_received
fd00::202:2:2:2,3496,3496000,3497000,1.0,total_received
fd00::202:2:2:2,3506,3506000,3507000,1.0,total_received
fd00::202:2:2:2,3517,3517000,3518000,1.0,total_received
fd00::202:2:2:2,3528,3528000,3529000,1.0,total_received
fd00::202:2:2:2,3538,3538000,3539000,1.0,total_received
fd00::202:2:2:2,3548,3548000,3549000,1.0,total_received
fd00::202:2:2:2,3559,3559000,3560000,1.0,total_received
fd00::202:2:2:2,3569,3569000,3570000,1.0,total_received
fd00::202:2:2:2,3584,3584000,3585000,2.0,total_received
fd00::202:2:2:2,3591,3591000,3592000,1.0,total_received
fd00::203:3:3:3,31,31000,32000,0.0,total_received
fd00::203:3:3:3,43,43000,44000,1.0,total_received
fd00::203:3:3:3,53,53000,54000,1.0,total_received
fd00::203:3:3:3,62,62000,63000,1.0,total_received
fd00::203:3:3:3,74,74000,75000,1.0,total_received
fd00::203:3:3:3,82,82000,83000,1.0,total_received
fd00::203:3:3:3,94,94000,95000,1.0,total_received
fd00::203:3:3:3,105,105000,106000,1.0,total_received
fd00::203:3:3:3,114,114000,115000,1.0,total_received
fd00::203:3:3:3,126,126000,127000,1.0,total_received
fd00::203:3:3:3,135,135000,136000,1.0,total_received
fd00::203:3:3:3,145,145000,146000,1.0,total_received
fd00::203:3:3:3,154,154000,155000,1.0,total_received
fd00::203:3:3:3,167,167000,168000,1.0,total_received
fd00::203:3:3:3,175,175000,176000,1.0,total_received
fd00::203:3:3:3,187,187000,188000,1.0,total_received
fd00::203:3:3:3,196,196000,197000,1.0,total_received
fd00::203:3:3:3,209,209000,210000,1.0,total_received
fd00::203:3:3:3,216,216000,217000,1.0,total_received
fd00::203:3:3:3,229,229000,230000,1.0,total_received
fd00::203:3:3:3,262,262000,263000,1.0,total_received
fd00::203:3:3:3,276,276000,277000,2.0,total_received
fd00::203:3:3:3,277,277000,278000,2.0,total_received
fd00::203:3:3:3,284,284000,285000,0.0,total_received
fd00::203:3:3:3,299,299000,300000,1.0,total_received
fd00::203:3:3:3,302,302000,303000,1.0,total_received
fd00::203:3:3:3,314,314000,315000,0.0,total_received
fd00::203:3:3:3,328,328000,329000,1.0,total_received
fd00::203:3:3:3,339,339000,340000,1.0,total_received
fd00::203:3:3:3,415,415000,416000,10.0,total_received
fd00::203:3:3:3,426,426000,427000,2.0,total_received
fd00::203:3:3:3,435,435000,436000,1.0,total_received
fd00::203:3:3:3,448,448000,449000,0.0,total_received
fd00::203:3:3:3,729,729000,730000,19.0,total_received
fd00::203:3:3:3,797,797000,798000,13.0,total_received
fd00::204:4:4:4,137,137000,138000,0.0,total_received
fd00::204:4:4:4,147,147000,148000,1.0,total_received
fd00::204:4:4:4,158,158000,159000,1.0,total_received
fd00::204:4:4:4,169,169000,170000,1.0,total_received
fd00::204:4:4:4,193,193000,194000,2.0,total_received
fd00::204:4:4:4,205,205000,206000,1.0,total_received
fd00::204:4:4:4,214,214000,215000,1.0,total_received
fd00::204:4:4:4,227,227000,228000,1.0,total_received
fd00::204:4:4:4,245,245000,246000,1.0,total_received
fd00::204:4:4:4,263,263000,264000,1.0,total_received
fd00::204:4:4:4,277,277000,278000,1.0,total_received
fd00::204:4:4:4,282,282000,283000,1.0,total_received
fd00::204:4:4:4,284,284000,285000,1.0,total_received
fd00::204:4:4:4,298,298000,299000,2.0,total_received
fd00::205:5:5:5,207,207000,208000,0.0,total_received
fd00::205:5:5:5,217,217000,218000,0.0,total_received
fd00::205:5:5:5,238,238000,239000,2.0,total_received
fd00::205:5:5:5,262,262000,263000,1.0,total_received
fd00::205:5:5:5,276,276000,277000,1.0,total_received
fd00::205:5:5:5,277,277000,278000,0.0,total_received
fd00::205:5:5:5,287,287000,288000,2.0,total_received
fd00::206:6:6:6,43,43000,44000,0.0,total_received
fd00::206:6:6:6,54,54000,55000,1.0,total_received
fd00::206:6:6:6,65,65000,66000,1.0,total_received
fd00::206:6:6:6,76,76000,77000,1.0,total_received
fd00::206:6:6:6,87,87000,88000,1.0,total_received
fd00::206:6:6:6,98,98000,99000,1.0,total_received
fd00::206:6:6:6,109,109000,110000,1.0,total_received
fd00::206:6:6:6,133,133000,134000,2.0,total_received
fd00::206:6:6:6,144,144000,145000,2.0,total_received
fd00::206:6:6:6,155,155000,156000,0.0,total_received
fd00::206:6:6:6,163,163000,164000,2.0,total_received
fd00::206:6:6:6,175,175000,176000,1.0,total_received
fd00::206:6:6:6,187,187000,188000,1.0,total_received
fd00::206:6:6:6,196,196000,197000,1.0,total_received
fd00::206:6:6:6,209,209000,210000,1.0,total_received
fd00::206:6:6:6,219,219000,220000,1.0,total_received
fd00::206:6:6:6,231,231000,232000,1.0,total_received
fd00::206:6:6:6,244,244000,245000,1.0,total_received
fd00::206:6:6:6,263,263000,264000,2.0,total_received
fd00::206:6:6:6,276,276000,277000,1.0,total_received
fd00::206:6:6:6,277,277000,278000,0.0,total_received
fd00::206:6:6:6,284,284000,285000,1.0,total_received
fd00::206:6:6:6,295,295000,296000,1.0,total_received
fd00::206:6:6:6,305,305000,306000,0.0,total_received
fd00::206:6:6:6,325,325000,326000,1.0,total_received
fd00::206:6:6:6,353,353000,354000,3.0,total_received
fd00::206:6:6:6,365,365000,366000,1.0,total_received
fd00::206:6:6:6,409,409000,410000,7.0,total_received
fd00::206:6:6:6,416,416000,417000,1.0,total_received
fd00::206:6:6:6,426,426000,427000,1.0,total_received
fd00::206:6:6:6,437,437000,438000,1.0,total_received
fd00::206:6:6:6,775,775000,776000,30.0,total_received
fd00::206:6:6:6,788,788000,789000,1.0,total_received
fd00::206:6:6:6,797,797000,798000,1.0,total_received
fd00::207:7:7:7,41,41000,42000,0.0,total_received
fd00::207:7:7:7,52,52000,53000,1.0,total_received
fd00::207:7:7:7,62,62000,63000,1.0,total_received
fd00::207:7:7:7,73,73000,74000,1.0,total_received
fd00::207:7:7:7,87,87000,88000,1.0,total_received
fd00::207:7:7:7,94,94000,95000,1.0,total_received
fd00::207:7:7:7,105,105000,106000,1.0,total_received
fd00::207:7:7:7,115,115000,116000,1.0,total_received
fd00::207:7:7:7,125,125000,126000,1.0,total_received
fd00::207:7:7:7,136,136000,137000,1.0,total_received
fd00::207:7:7:7,146,146000,147000,1.0,total_received
fd00::207:7:7:7,157,157000,158000,1.0,total_received
fd00::207:7:7:7,167,167000,168000,1.0,total_received
fd00::207:7:7:7,178,178000,179000,1.0,total_received
fd00::207:7:7:7,189,189000,190000,1.0,total_received
fd00::207:7:7:7,199,199000,200000,1.0,total_received
fd00::207:7:7:7,209,209000,210000,1.0,total_received
fd00::207:7:7:7,366,366000,367000,16.0,total_received
fd00::207:7:7:7,377,377000,378000,1.0,total_received
fd00::207:7:7:7,387,387000,388000,1.0,total_received
fd00::207:7:7:7,398,398000,399000,1.0,total_received
fd00::207:7:7:7,408,408000,409000,1.0,total_received
fd00::207:7:7:7,419,419000,420000,1.0,total_received
fd00::207:7:7:7,429,429000,430000,1.0,total_received
fd00::207:7:7:7,442,442000,443000,1.0,total_received
fd00::207:7:7:7,451,451000,452000,1.0,total_received
fd00::207:7:7:7,466,466000,467000,2.0,total_received
fd00::207:7:7:7,474,474000,475000,1.0,total_received
fd00::207:7:7:7,484,484000,485000,1.0,total_received
fd00::207:7:7:7,505,505000,506000,1.0,total_received
fd00::207:7:7:7,523,523000,524000,3.0,total_received
fd00::207:7:7:7,534,534000,535000,1.0,total_received
fd00::207:7:7:7,545,545000,546000,1.0,total_received
fd00::207:7:7:7,555,555000,556000,1.0,total_received
fd00::207:7:7:7,565,565000,566000,1.0,total_received
fd00::207:7:7:7,576,576000,577000,1.0,total_received
fd00::207:7:7:7,586,586000,587000,1.0,total_received
fd00::207:7:7:7,597,597000,598000,1.0,total_received
fd00::207:7:7:7,607,607000,608000,1.0,total_received
fd00::207:7:7:7,618,618000,619000,1.0,total_received
fd00::207:7:7:7,628,628000,629000,1.0,total_received
fd00::207:7:7:7,639,639000,640000,1.0,total_received
fd00::207:7:7:7,649,649000,650000,1.0,total_received
fd00::207:7:7:7,664,664000,665000,1.0,total_received
fd00::207:7:7:7,671,671000,672000,1.0,total_received
fd00::207:7:7:7,684,684000,685000,2.0,total_received
fd00::207:7:7:7,703,703000,704000,1.0,total_received
fd00::207:7:7:7,894,894000,895000,18.0,total_received
fd00::207:7:7:7,904,904000,905000,1.0,total_received
fd00::207:7:7:7,913,913000,914000,2.0,total_received
fd00::207:7:7:7,925,925000,926000,1.0,total_received
fd00::207:7:7:7,932,932000,933000,1.0,total_received
fd00::207:7:7:7,942,942000,943000,1.0,total_received
fd00::207:7:7:7,953,953000,954000,1.0,total_received
fd00::207:7:7:7,963,963000,964000,1.0,total_received
fd00::207:7:7:7,974,974000,975000,1.0,total_received
fd00::207:7:7:7,984,984000,985000,1.0,total_received
fd00::207:7:7:7,996,996000,997000,1.0,total_received
fd00::207:7:7:7,1005,1005000,1006000,1.0,total_received
fd00::207:7:7:7,1019,1019000,1020000,1.0,total_received
fd00::207:7:7:7,1026,1026000,1027000,1.0,total_received
fd00::207:7:7:7,1037,1037000,1038000,1.0,total_received
fd00::207:7:7:7,1048,1048000,1049000,1.0,total_received
fd00::207:7:7:7,1058,1058000,1059000,1.0,total_received
fd00::207:7:7:7,1068,1068000,1069000,1.0,total_received
fd00::207:7:7:7,1079,1079000,1080000,1.0,total_received
fd00::207:7:7:7,1089,1089000,1090000,1.0,total_received
fd00::207:7:7:7,1309,1309000,1310000,18.0,total_received
fd00::207:7:7:7,1320,1320000,1321000,1.0,total_received
fd00::207:7:7:7,1542,1542000,1543000,19.0,total_received
fd00::207:7:7:7,1552,1552000,1553000,1.0,total_received
fd00::207:7:7:7,1563,1563000,1564000,2.0,total_received
fd00::207:7:7:7,1573,1573000,1574000,1.0,total_received
fd00::207:7:7:7,1582,1582000,1583000,1.0,total_received
fd00::207:7:7:7,1593,1593000,1594000,1.0,total_received
fd00::207:7:7:7,1602,1602000,1603000,1.0,total_received
fd00::207:7:7:7,1619,1619000,1620000,1.0,total_received
fd00::207:7:7:7,1749,1749000,1750000,13.0,total_received
fd00::207:7:7:7,1764,1764000,1765000,1.0,total_received
fd00::207:7:7:7,2042,2042000,2043000,24.0,total_received
fd00::207:7:7:7,2053,2053000,2054000,1.0,total_received
fd00::207:7:7:7,2063,2063000,2064000,1.0,total_received
fd00::207:7:7:7,2075,2075000,2076000,1.0,total_received
fd00::207:7:7:7,2087,2087000,2088000,1.0,total_received
fd00::207:7:7:7,2096,2096000,2097000,1.0,total_received
fd00::207:7:7:7,2105,2105000,2106000,1.0,total_received
fd00::207:7:7:7,2116,2116000,2117000,1.0,total_received
fd00::207:7:7:7,2126,2126000,2127000,1.0,total_received
fd00::207:7:7:7,2137,2137000,2138000,1.0,total_received
fd00::207:7:7:7,2147,2147000,2148000,1.0,total_received
fd00::207:7:7:7,2158,2158000,2159000,1.0,total_received
fd00::207:7:7:7,2168,2168000,2169000,1.0,total_received
fd00::207:7:7:7,2179,2179000,2180000,1.0,total_received
fd00::207:7:7:7,2189,2189000,2190000,1.0,total_received
fd00::207:7:7:7,2203,2203000,2204000,1.0,total_received
fd00::207:7:7:7,2212,2212000,2213000,2.0,total_received
fd00::207:7:7:7,2225,2225000,2226000,1.0,total_received
fd00::207:7:7:7,2232,2232000,2233000,1.0,total_received
fd00::207:7:7:7,2242,2242000,2243000,1.0,total_received
fd00::207:7:7:7,2252,2252000,2253000,1.0,total_received
fd00::207:7:7:7,2262,2262000,2263000,1.0,total_received
fd00::207:7:7:7,2273,2273000,2274000,1.0,total_received
fd00::207:7:7:7,2283,2283000,2284000,1.0,total_received
fd00::207:7:7:7,2294,2294000,2295000,1.0,total_received
fd00::207:7:7:7,2305,2305000,2306000,1.0,total_received
fd00::207:7:7:7,2319,2319000,2320000,1.0,total_received
fd00::207:7:7:7,2325,2325000,2326000,1.0,total_received
fd00::207:7:7:7,2336,2336000,2337000,1.0,total_received
fd00::207:7:7:7,2346,2346000,2347000,1.0,total_received
fd00::207:7:7:7,2357,2357000,2358000,1.0,total_received
fd00::207:7:7:7,2367,2367000,2368000,1.0,total_received
fd00::207:7:7:7,2378,2378000,2379000,1.0,total_received
fd00::207:7:7:7,2388,2388000,2389000,1.0,total_received
fd00::207:7:7:7,2399,2399000,2400000,1.0,total_received
fd00::207:7:7:7,2409,2409000,2410000,1.0,total_received
fd00::207:7:7:7,2619,2619000,2620000,18.0,total_received
fd00::207:7:7:7,2629,2629000,2630000,1.0,total_received
fd00::207:7:7:7,2639,2639000,2640000,1.0,total_received
fd00::207:7:7:7,2651,2651000,2652000,1.0,total_received
fd00::207:7:7:7,2663,2663000,2664000,2.0,total_received
fd00::207:7:7:7,2671,2671000,2672000,1.0,total_received
fd00::207:7:7:7,2682,2682000,2683000,1.0,total_received
fd00::207:7:7:7,2692,2692000,2693000,1.0,total_received
fd00::207:7:7:7,2702,2702000,2703000,1.0,total_received
fd00::207:7:7:7,2714,2714000,2715000,1.0,total_received
fd00::207:7:7:7,2725,2725000,2726000,1.0,total_received
fd00::207:7:7:7,2734,2734000,2735000,1.0,total_received
fd00::207:7:7:7,2744,2744000,2745000,1.0,total_received
fd00::207:7:7:7,2755,2755000,2756000,1.0,total_received
fd00::207:7:7:7,2765,2765000,2766000,1.0,total_received
fd00::207:7:7:7,2776,2776000,2777000,1.0,total_received
fd00::207:7:7:7,2786,2786000,2787000,1.0,total_received
fd00::207:7:7:7,2797,2797000,2798000,1.0,total_received
fd00::207:7:7:7,2807,2807000,2808000,1.0,total_received
fd00::207:7:7:7,2818,2818000,2819000,1.0,total_received
fd00::207:7:7:7,2828,2828000,2829000,1.0,total_received
fd00::207:7:7:7,2839,2839000,2840000,1.0,total_received
fd00::207:7:7:7,2849,2849000,2850000,1.0,total_received
fd00::207:7:7:7,2859,2859000,2860000,1.0,total_received
fd00::207:7:7:7,2871,2871000,2872000,2.0,total_received
fd00::207:7:7:7,2885,2885000,2886000,1.0,total_received
fd00::207:7:7:7,2892,2892000,2893000,1.0,total_received
fd00::207:7:7:7,2901,2901000,2902000,1.0,total_received
fd00::207:7:7:7,2912,2912000,2913000,1.0,total_received
fd00::207:7:7:7,2923,2923000,2924000,1.0,total_received
fd00::207:7:7:7,2933,2933000,2934000,1.0,total_received
fd00::207:7:7:7,2943,2943000,2944000,1.0,total_received
fd00::207:7:7:7,2954,2954000,2955000,1.0,total_received
fd00::207:7:7:7,2964,2964000,2965000,1.0,total_received
fd00::207:7:7:7,2975,2975000,2976000,1.0,total_received
fd00::207:7:7:7,2985,2985000,2986000,1.0,total_received
fd00::207:7:7:7,2996,2996000,2997000,1.0,total_received
fd00::207:7:7:7,3006,3006000,3007000,1.0,total_received
fd00::207:7:7:7,3017,3017000,3018000,1.0,total_received
fd00::207:7:7:7,3027,3027000,3028000,1.0,total_received
fd00::207:7:7:7,3038,3038000,3039000,1.0,total_received
fd00::207:7:7:7,3048,3048000,3049000,1.0,total_received
fd00::207:7:7:7,3059,3059000,3060000,1.0,total_received
fd00::207:7:7:7,3069,3069000,3070000,1.0,total_received
fd00::207:7:7:7,3081,3081000,3082000,1.0,total_received
fd00::207:7:7:7,3093,3093000,3094000,2.0,total_received
fd00::207:7:7:7,3101,3101000,3102000,1.0,total_received
fd00::207:7:7:7,3112,3112000,3113000,1.0,total_received
fd00::207:7:7:7,3122,3122000,3123000,1.0,total_received
fd00::207:7:7:7,3132,3132000,3133000,1.0,total_received
fd00::207:7:7:7,3142,3142000,3143000,1.0,total_received
fd00::207:7:7:7,3153,3153000,3154000,1.0,total_received
fd00::207:7:7:7,3163,3163000,3164000,1.0,total_received
fd00::207:7:7:7,3175,3175000,3176000,1.0,total_received
fd00::207:7:7:7,3184,3184000,3185000,1.0,total_received
fd00::207:7:7:7,3195,3195000,3196000,1.0,total_received
fd00::207:7:7:7,3205,3205000,3206000,1.0,total_received
fd00::207:7:7:7,3216,3216000,3217000,1.0,total_received
fd00::207:7:7:7,3226,3226000,3227000,1.0,total_received
fd00::207:7:7:7,3237,3237000,3238000,1.0,total_received
fd00::207:7:7:7,3247,3247000,3248000,1.0,total_received
fd00::207:7:7:7,3258,3258000,3259000,1.0,total_received
fd00::207:7:7:7,3268,3268000,3269000,1.0,total_received
fd00::207:7:7:7,3279,3279000,3280000,1.0,total_received
fd00::207:7:7:7,3289,3289000,3290000,1.0,total_received
fd00::207:7:7:7,3301,3301000,3302000,1.0,total_received
fd00::207:7:7:7,3312,3312000,3313000,2.0,total_received
fd00::207:7:7:7,3320,3320000,3321000,1.0,total_received
fd00::207:7:7:7,3331,3331000,3332000,1.0,total_received
fd00::207:7:7:7,3341,3341000,3342000,1.0,total_received
fd00::207:7:7:7,3352,3352000,3353000,1.0,total_received
fd00::207:7:7:7,3362,3362000,3363000,1.0,total_received
fd00::207:7:7:7,3373,3373000,3374000,1.0,total_received
fd00::207:7:7:7,3383,3383000,3384000,1.0,total_received
fd00::207:7:7:7,3394,3394000,3395000,1.0,total_received
fd00::207:7:7:7,3404,3404000,3405000,1.0,total_received
fd00::207:7:7:7,3415,3415000,3416000,1.0,total_received
fd00::207:7:7:7,3425,3425000,3426000,1.0,total_received
fd00::207:7:7:7,3436,3436000,3437000,1.0,total_received
fd00::207:7:7:7,3446,3446000,3447000,1.0,total_received
fd00::207:7:7:7,3457,3457000,3458000,1.0,total_received
fd00::207:7:7:7,3467,3467000,3468000,1.0,total_received
fd00::207:7:7:7,3478,3478000,3479000,1.0,total_received
fd00::207:7:7:7,3488,3488000,3489000,1.0,total_received
fd00::207:7:7:7,3499,3499000,3500000,1.0,total_received
fd00::207:7:7:7,3509,3509000,3510000,1.0,total_received
fd00::207:7:7:7,3519,3519000,3520000,1.0,total_received
fd00::207:7:7:7,3531,3531000,3532000,2.0,total_received
fd00::207:7:7:7,3541,3541000,3542000,1.0,total_received
fd00::207:7:7:7,3551,3551000,3552000,1.0,total_received
fd00::207:7:7:7,3563,3563000,3564000,1.0,total_received
fd00::207:7:7:7,3572,3572000,3573000,1.0,total_received
fd00::207:7:7:7,3582,3582000,3583000,1.0,total_received
fd00::207:7:7:7,3593,3593000,3594000,1.0,total_received
fd00::208:8:8:8,31,31000,32000,0.0,total_received
fd00::208:8:8:8,41,41000,42000,1.0,total_received
fd00::208:8:8:8,52,52000,53000,1.0,total_received
fd00::208:8:8:8,62,62000,63000,1.0,total_received
fd00::208:8:8:8,73,73000,74000,1.0,total_received
fd00::208:8:8:8,86,86000,87000,1.0,total_received
fd00::208:8:8:8,95,95000,96000,1.0,total_received
fd00::208:8:8:8,104,104000,105000,1.0,total_received
fd00::208:8:8:8,115,115000,116000,1.0,total_received
fd00::208:8:8:8,125,125000,126000,1.0,total_received
fd00::208:8:8:8,136,136000,137000,1.0,total_received
fd00::208:8:8:8,146,146000,147000,1.0,total_received
fd00::208:8:8:8,156,156000,157000,1.0,total_received
fd00::208:8:8:8,173,173000,174000,1.0,total_received
fd00::208:8:8:8,179,179000,180000,1.0,total_received
fd00::208:8:8:8,188,188000,189000,1.0,total_received
fd00::208:8:8:8,198,198000,199000,1.0,total_received
fd00::208:8:8:8,215,215000,216000,1.0,total_received
fd00::208:8:8:8,222,222000,223000,1.0,total_received
fd00::208:8:8:8,233,233000,234000,2.0,total_received
fd00::208:8:8:8,243,243000,244000,0.0,total_received
fd00::208:8:8:8,254,254000,255000,2.0,total_received
fd00::208:8:8:8,266,266000,267000,1.0,total_received
fd00::208:8:8:8,275,275000,276000,1.0,total_received
fd00::208:8:8:8,288,288000,289000,1.0,total_received
fd00::208:8:8:8,293,293000,294000,1.0,total_received
fd00::208:8:8:8,303,303000,304000,1.0,total_received
fd00::208:8:8:8,318,318000,319000,1.0,total_received
fd00::208:8:8:8,327,327000,328000,1.0,total_received
fd00::208:8:8:8,335,335000,336000,1.0,total_received
fd00::208:8:8:8,345,345000,346000,1.0,total_received
fd00::208:8:8:8,357,357000,358000,1.0,total_received
fd00::208:8:8:8,366,366000,367000,1.0,total_received
fd00::208:8:8:8,377,377000,378000,1.0,total_received
fd00::208:8:8:8,387,387000,388000,1.0,total_received
fd00::208:8:8:8,398,398000,399000,1.0,total_received
fd00::208:8:8:8,408,408000,409000,1.0,total_received
fd00::208:8:8:8,419,419000,420000,1.0,total_received
fd00::208:8:8:8,429,429000,430000,1.0,total_received
fd00::208:8:8:8,440,440000,441000,1.0,total_received
fd00::208:8:8:8,454,454000,455000,2.0,total_received
fd00::208:8:8:8,461,461000,462000,1.0,total_received
fd00::208:8:8:8,472,472000,473000,1.0,total_received
fd00::208:8:8:8,486,486000,487000,1.0,total_received
fd00::208:8:8:8,495,495000,496000,1.0,total_received
fd00::208:8:8:8,507,507000,508000,1.0,total_received
fd00::208:8:8:8,519,519000,520000,1.0,total_received
fd00::208:8:8:8,534,534000,535000,0.0,total_received
fd00::208:8:8:8,544,544000,545000,3.0,total_received
fd00::208:8:8:8,555,555000,556000,1.0,total_received
fd00::208:8:8:8,568,568000,569000,1.0,total_received
fd00::208:8:8:8,576,576000,577000,1.0,total_received
fd00::208:8:8:8,587,587000,588000,1.0,total_received
fd00::208:8:8:8,604,604000,605000,1.0,total_received
fd00::208:8:8:8,607,607000,608000,1.0,total_received
fd00::208:8:8:8,618,618000,619000,1.0,total_received
fd00::208:8:8:8,628,628000,629000,1.0,total_received
fd00::208:8:8:8,639,639000,640000,1.0,total_received
fd00::208:8:8:8,649,649000,650000,1.0,total_received
fd00::208:8:8:8,665,665000,666000,2.0,total_received
fd00::208:8:8:8,671,671000,672000,1.0,total_received
fd00::208:8:8:8,685,685000,686000,1.0,total_received
fd00::208:8:8:8,698,698000,699000,1.0,total_received
fd00::208:8:8:8,705,705000,706000,1.0,total_received
fd00::208:8:8:8,714,714000,715000,1.0,total_received
fd00::208:8:8:8,724,724000,725000,1.0,total_received
fd00::208:8:8:8,734,734000,735000,1.0,total_received
fd00::208:8:8:8,745,745000,746000,1.0,total_received
fd00::208:8:8:8,754,754000,755000,1.0,total_received
fd00::208:8:8:8,768,768000,769000,1.0,total_received
fd00::208:8:8:8,786,786000,787000,2.0,total_received
fd00::208:8:8:8,796,796000,797000,1.0,total_received
fd00::208:8:8:8,813,813000,814000,1.0,total_received
fd00::208:8:8:8,827,827000,828000,2.0,total_received
fd00::208:8:8:8,838,838000,839000,1.0,total_received
fd00::208:8:8:8,848,848000,849000,1.0,total_received
fd00::208:8:8:8,859,859000,860000,1.0,total_received
fd00::208:8:8:8,873,873000,874000,1.0,total_received
fd00::208:8:8:8,886,886000,887000,0.0,total_received
fd00::208:8:8:8,893,893000,894000,0.0,total_received
fd00::208:8:8:8,901,901000,902000,1.0,total_received
fd00::208:8:8:8,911,911000,912000,1.0,total_received
fd00::208:8:8:8,924,924000,925000,2.0,total_received
fd00::208:8:8:8,933,933000,934000,1.0,total_received
fd00::208:8:8:8,943,943000,944000,0.0,total_received
fd00::208:8:8:8,953,953000,954000,3.0,total_received
fd00::208:8:8:8,964,964000,965000,0.0,total_received
fd00::208:8:8:8,974,974000,975000,2.0,total_received
fd00::208:8:8:8,985,985000,986000,1.0,total_received
fd00::208:8:8:8,995,995000,996000,1.0,total_received
fd00::208:8:8:8,1006,1006000,1007000,1.0,total_received
fd00::208:8:8:8,1017,1017000,1018000,1.0,total_received
fd00::208:8:8:8,1027,1027000,1028000,1.0,total_received
fd00::208:8:8:8,1039,1039000,1040000,1.0,total_received
fd00::208:8:8:8,1394,1394000,1395000,31.0,total_received
fd00::208:8:8:8,1404,1404000,1405000,2.0,total_received
fd00::208:8:8:8,1414,1414000,1415000,1.0,total_received
fd00::208:8:8:8,1432,1432000,1433000,1.0,total_received
fd00::208:8:8:8,1697,1697000,1698000,26.0,total_received
fd00::208:8:8:8,1708,1708000,1709000,1.0,total_received
fd00::208:8:8:8,1718,1718000,1719000,1.0,total_received
fd00::208:8:8:8,1729,1729000,1730000,1.0,total_received
fd00::208:8:8:8,1739,1739000,1740000,1.0,total_received
fd00::208:8:8:8,1752,1752000,1753000,1.0,total_received
fd00::208:8:8:8,1760,1760000,1761000,1.0,total_received
fd00::208:8:8:8,1776,1776000,1777000,2.0,total_received
fd00::208:8:8:8,2114,2114000,2115000,29.0,total_received
fd00::208:8:8:8,2452,2452000,2453000,33.0,total_received
fd00::208:8:8:8,2463,2463000,2464000,1.0,total_received
fd00::208:8:8:8,2474,2474000,2475000,1.0,total_received
fd00::208:8:8:8,2485,2485000,2486000,1.0,total_received
fd00::208:8:8:8,2494,2494000,2495000,1.0,total_received
fd00::208:8:8:8,2505,2505000,2506000,1.0,total_received
fd00::208:8:8:8,2515,2515000,2516000,1.0,total_received
fd00::208:8:8:8,2526,2526000,2527000,1.0,total_received
fd00::208:8:8:8,2536,2536000,2537000,1.0,total_received
fd00::208:8:8:8,2547,2547000,2548000,1.0,total_received
fd00::208:8:8:8,2557,2557000,2558000,1.0,total_received
fd00::208:8:8:8,2568,2568000,2569000,1.0,total_received
fd00::208:8:8:8,2578,2578000,2579000,1.0,total_received
fd00::208:8:8:8,2589,2589000,2590000,1.0,total_received
fd00::208:8:8:8,2599,2599000,2600000,1.0,total_received
fd00::208:8:8:8,2609,2609000,2610000,1.0,total_received
fd00::208:8:8:8,2622,2622000,2623000,1.0,total_received
fd00::208:8:8:8,2632,2632000,2633000,2.0,total_received
fd00::208:8:8:8,2643,2643000,2644000,1.0,total_received
fd00::208:8:8:8,2651,2651000,2652000,1.0,total_received
fd00::208:8:8:8,2662,2662000,2663000,1.0,total_received
fd00::208:8:8:8,2673,2673000,2674000,1.0,total_received
fd00::208:8:8:8,2683,2683000,2684000,1.0,total_received
fd00::208:8:8:8,2693,2693000,2694000,1.0,total_received
fd00::208:8:8:8,2704,2704000,2705000,1.0,total_received
fd00::208:8:8:8,2714,2714000,2715000,1.0,total_received
fd00::208:8:8:8,2725,2725000,2726000,1.0,total_received
fd00::208:8:8:8,2735,2735000,2736000,1.0,total_received
fd00::208:8:8:8,2746,2746000,2747000,1.0,total_received
fd00::208:8:8:8,2756,2756000,2757000,1.0,total_received
fd00::208:8:8:8,2767,2767000,2768000,1.0,total_received
fd00::208:8:8:8,2777,2777000,2778000,1.0,total_received
fd00::208:8:8:8,2788,2788000,2789000,1.0,total_received
fd00::208:8:8:8,2798,2798000,2799000,1.0,total_received
fd00::208:8:8:8,2809,2809000,2810000,1.0,total_received
fd00::208:8:8:8,2819,2819000,2820000,1.0,total_received
fd00::208:8:8:8,2834,2834000,2835000,1.0,total_received
fd00::208:8:8:8,2842,2842000,2843000,2.0,total_received
fd00::208:8:8:8,2851,2851000,2852000,1.0,total_received
fd00::208:8:8:8,2864,2864000,2865000,1.0,total_received
fd00::208:8:8:8,2872,2872000,2873000,1.0,total_received
fd00::208:8:8:8,2882,2882000,2883000,1.0,total_received
fd00::208:8:8:8,2893,2893000,2894000,1.0,total_received
fd00::208:8:8:8,2903,2903000,2904000,1.0,total_received
fd00::208:8:8:8,2913,2913000,2914000,1.0,total_received
fd00::208:8:8:8,2925,2925000,2926000,1.0,total_received
fd00::208:8:8:8,2934,2934000,2935000,1.0,total_received
fd00::208:8:8:8,2945,2945000,2946000,1.0,total_received
fd00::208:8:8:8,2955,2955000,2956000,1.0,total_received
fd00::208:8:8:8,2966,2966000,2967000,1.0,total_received
fd00::208:8:8:8,2976,2976000,2977000,1.0,total_received
fd00::208:8:8:8,2987,2987000,2988000,1.0,total_received
fd00::208:8:8:8,2997,2997000,2998000,1.0,total_received
fd00::208:8:8:8,3008,3008000,3009000,1.0,total_received
fd00::208:8:8:8,3018,3018000,3019000,1.0,total_received
fd00::208:8:8:8,3029,3029000,3030000,1.0,total_received
fd00::208:8:8:8,3039,3039000,3040000,1.0,total_received
fd00::208:8:8:8,3052,3052000,3053000,1.0,total_received
fd00::208:8:8:8,3062,3062000,3063000,2.0,total_received
fd00::208:8:8:8,3071,3071000,3072000,1.0,total_received
fd00::208:8:8:8,3085,3085000,3086000,1.0,total_received
fd00::208:8:8:8,3092,3092000,3093000,1.0,total_received
fd00::208:8:8:8,3104,3104000,3105000,1.0,total_received
fd00::208:8:8:8,3113,3113000,3114000,1.0,total_received
fd00::208:8:8:8,3123,3123000,3124000,1.0,total_received
fd00::208:8:8:8,3134,3134000,3135000,1.0,total_received
fd00::208:8:8:8,3144,3144000,3145000,1.0,total_received
fd00::208:8:8:8,3155,3155000,3156000,1.0,total_received
fd00::208:8:8:8,3165,3165000,3166000,1.0,total_received
fd00::208:8:8:8,3176,3176000,3177000,1.0,total_received
fd00::208:8:8:8,3186,3186000,3187000,1.0,total_received
fd00::208:8:8:8,3197,3197000,3198000,1.0,total_received
fd00::208:8:8:8,3207,3207000,3208000,1.0,total_received
fd00::208:8:8:8,3217,3217000,3218000,1.0,total_received
fd00::208:8:8:8,3228,3228000,3229000,1.0,total_received
fd00::208:8:8:8,3239,3239000,3240000,1.0,total_received
fd00::208:8:8:8,3249,3249000,3250000,1.0,total_received
fd00::208:8:8:8,3259,3259000,3260000,1.0,total_received
fd00::208:8:8:8,3270,3270000,3271000,1.0,total_received
fd00::208:8:8:8,3281,3281000,3282000,2.0,total_received
fd00::208:8:8:8,3295,3295000,3296000,1.0,total_received
fd00::208:8:8:8,3301,3301000,3302000,1.0,total_received
fd00::208:8:8:8,3312,3312000,3313000,1.0,total_received
fd00::208:8:8:8,3323,3323000,3324000,1.0,total_received
fd00::208:8:8:8,3333,3333000,3334000,1.0,total_received
fd00::208:8:8:8,3343,3343000,3344000,1.0,total_received
fd00::208:8:8:8,3354,3354000,3355000,1.0,total_received
fd00::208:8:8:8,3364,3364000,3365000,1.0,total_received
fd00::208:8:8:8,3375,3375000,3376000,1.0,total_received
fd00::208:8:8:8,3385,3385000,3386000,1.0,total_received
fd00::208:8:8:8,3396,3396000,3397000,1.0,total_received
fd00::208:8:8:8,3406,3406000,3407000,1.0,total_received
fd00::208:8:8:8,3417,3417000,3418000,1.0,total_received
fd00::208:8:8:8,3427,3427000,3428000,1.0,total_received
fd00::208:8:8:8,3438,3438000,3439000,1.0,total_received
fd00::208:8:8:8,3448,3448000,3449000,1.0,total_received
fd00::208:8:8:8,3459,3459000,3460000,1.0,total_received
fd00::208:8:8:8,3469,3469000,3470000,1.0,total_received
fd00::208:8:8:8,3482,3482000,3483000,1.0,total_received
fd00::208:8:8:8,3492,3492000,3493000,2.0,total_received
fd00::208:8:8:8,3502,3502000,3503000,1.0,total_received
fd00::208:8:8:8,3512,3512000,3513000,1.0,total_received
fd00::208:8:8:8,3522,3522000,3523000,1.0,total_received
fd00::208:8:8:8,3532,3532000,3533000,1.0,total_received
fd00::208:8:8:8,3542,3542000,3543000,1.0,total_received
fd00::208:8:8:8,3553,3553000,3554000,1.0,total_received
fd00::208:8:8:8,3563,3563000,3564000,1.0,total_received
fd00::208:8:8:8,3574,3574000,3575000,1.0,total_received
fd00::208:8:8:8,3585,3585000,3586000,1.0,total_received
fd00::208:8:8:8,3595,3595000,3596000,1.0,total_received
fd00::209:9:9:9,53,53000,54000,0.0,total_received
fd00::209:9:9:9,63,63000,64000,1.0,total_received
fd00::209:9:9:9,74,74000,75000,1.0,total_received
fd00::209:9:9:9,86,86000,87000,1.0,total_received
fd00::209:9:9:9,96,96000,97000,1.0,total_received
fd00::209:9:9:9,106,106000,107000,1.0,total_received
fd00::209:9:9:9,116,116000,117000,1.0,total_received
fd00::209:9:9:9,127,127000,128000,1.0,total_received
fd00::209:9:9:9,137,137000,138000,1.0,total_received
fd00::209:9:9:9,148,148000,149000,1.0,total_received
fd00::209:9:9:9,158,158000,159000,1.0,total_received
fd00::209:9:9:9,174,174000,175000,1.0,total_received
fd00::209:9:9:9,182,182000,183000,1.0,total_received
fd00::209:9:9:9,194,194000,195000,1.0,total_received
fd00::209:9:9:9,205,205000,206000,1.0,total_received
fd00::209:9:9:9,216,216000,217000,2.0,total_received
fd00::209:9:9:9,243,243000,244000,2.0,total_received
fd00::209:9:9:9,248,248000,249000,1.0,total_received
fd00::209:9:9:9,264,264000,265000,1.0,total_received
fd00::209:9:9:9,269,269000,270000,1.0,total_received
fd00::209:9:9:9,283,283000,284000,1.0,total_received
fd00::209:9:9:9,288,288000,289000,1.0,total_received
fd00::209:9:9:9,297,297000,298000,1.0,total_received
fd00::209:9:9:9,306,306000,307000,1.0,total_received
fd00::209:9:9:9,319,319000,320000,1.0,total_received
fd00::209:9:9:9,328,328000,329000,1.0,total_received
fd00::209:9:9:9,338,338000,339000,1.0,total_received
fd00::209:9:9:9,349,349000,350000,1.0,total_received
fd00::209:9:9:9,361,361000,362000,1.0,total_received
fd00::209:9:9:9,373,373000,374000,1.0,total_received
fd00::209:9:9:9,384,384000,385000,2.0,total_received
fd00::209:9:9:9,393,393000,394000,0.0,total_received
fd00::209:9:9:9,402,402000,403000,2.0,total_received
fd00::209:9:9:9,413,413000,414000,0.0,total_received
fd00::209:9:9:9,425,425000,426000,2.0,total_received
fd00::209:9:9:9,436,436000,437000,1.0,total_received
fd00::209:9:9:9,445,445000,446000,1.0,total_received
fd00::209:9:9:9,455,455000,456000,1.0,total_received
fd00::209:9:9:9,466,466000,467000,1.0,total_received
fd00::209:9:9:9,476,476000,477000,1.0,total_received
fd00::209:9:9:9,487,487000,488000,1.0,total_received
fd00::209:9:9:9,519,519000,520000,2.0,total_received
fd00::209:9:9:9,553,553000,554000,4.0,total_received
fd00::209:9:9:9,563,563000,564000,1.0,total_received
fd00::209:9:9:9,575,575000,576000,2.0,total_received
fd00::209:9:9:9,584,584000,585000,1.0,total_received
fd00::209:9:9:9,597,597000,598000,1.0,total_received
fd00::209:9:9:9,604,604000,605000,1.0,total_received
fd00::209:9:9:9,613,613000,614000,1.0,total_received
fd00::209:9:9:9,626,626000,627000,1.0,total_received
fd00::209:9:9:9,634,634000,635000,1.0,total_received
fd00::209:9:9:9,645,645000,646000,1.0,total_received
fd00::209:9:9:9,655,655000,656000,1.0,total_received
fd00::209:9:9:9,666,666000,667000,1.0,total_received
fd00::209:9:9:9,678,678000,679000,1.0,total_received
fd00::209:9:9:9,687,687000,688000,1.0,total_received
fd00::209:9:9:9,698,698000,699000,1.0,total_received
fd00::209:9:9:9,709,709000,710000,1.0,total_received
fd00::209:9:9:9,719,719000,720000,1.0,total_received
fd00::209:9:9:9,732,732000,733000,1.0,total_received
fd00::209:9:9:9,745,745000,746000,1.0,total_received
fd00::209:9:9:9,754,754000,755000,2.0,total_received
fd00::209:9:9:9,768,768000,769000,1.0,total_received
fd00::209:9:9:9,773,773000,774000,0.0,total_received
fd00::209:9:9:9,783,783000,784000,1.0,total_received
fd00::209:9:9:9,794,794000,795000,2.0,total_received
fd00::209:9:9:9,815,815000,816000,2.0,total_received
fd00::209:9:9:9,829,829000,830000,1.0,total_received
fd00::209:9:9:9,835,835000,836000,1.0,total_received
fd00::20a:a:a:a,94,94000,95000,0.0,total_received
fd00::20a:a:a:a,106,106000,107000,1.0,total_received
fd00::20a:a:a:a,113,113000,114000,1.0,total_received
fd00::20a:a:a:a,124,124000,125000,0.0,total_received
fd00::20a:a:a:a,135,135000,136000,1.0,total_received
fd00::20a:a:a:a,145,145000,146000,2.0,total_received
fd00::20a:a:a:a,157,157000,158000,0.0,total_received
fd00::20a:a:a:a,167,167000,168000,1.0,total_received
fd00::20a:a:a:a,174,174000,175000,2.0,total_received
fd00::20a:a:a:a,185,185000,186000,1.0,total_received
fd00::20a:a:a:a,196,196000,197000,1.0,total_received
fd00::20a:a:a:a,213,213000,214000,1.0,total_received
fd00::20a:a:a:a,233,233000,234000,1.0,total_received
fd00::20a:a:a:a,238,238000,239000,1.0,total_received
fd00::20a:a:a:a,245,245000,246000,1.0,total_received
fd00::20b:b:b:b,133,133000,134000,0.0,total_received
fd00::20b:b:b:b,146,146000,147000,0.0,total_received
fd00::20b:b:b:b,152,152000,153000,1.0,total_received
fd00::20b:b:b:b,164,164000,165000,1.0,total_received
fd00::20b:b:b:b,178,178000,179000,1.0,total_received
fd00::20b:b:b:b,184,184000,185000,1.0,total_received
fd00::20b:b:b:b,203,203000,204000,1.0,total_received
fd00::20b:b:b:b,213,213000,214000,1.0,total_received
fd00::20b:b:b:b,216,216000,217000,1.0,total_received
fd00::20b:b:b:b,238,238000,239000,2.0,total_received
fd00::20b:b:b:b,248,248000,249000,2.0,total_received
fd00::20b:b:b:b,264,264000,265000,0.0,total_received
fd00::20b:b:b:b,269,269000,270000,1.0,total_received
fd00::20b:b:b:b,283,283000,284000,2.0,total_received
fd00::20b:b:b:b,288,288000,289000,1.0,total_received
fd00::20b:b:b:b,296,296000,297000,0.0,total_received
fd00::20b:b:b:b,303,303000,304000,1.0,total_received
fd00::20b:b:b:b,319,319000,320000,1.0,total_received
fd00::20b:b:b:b,327,327000,328000,1.0,total_received
fd00::20b:b:b:b,334,334000,335000,2.0,total_received
fd00::20b:b:b:b,345,345000,346000,1.0,total_received
fd00::20b:b:b:b,355,355000,356000,1.0,total_received
fd00::20b:b:b:b,364,364000,365000,1.0,total_received
fd00::20b:b:b:b,374,374000,375000,1.0,total_received
fd00::20b:b:b:b,384,384000,385000,1.0,total_received
fd00::20b:b:b:b,397,397000,398000,1.0,total_received
fd00::20b:b:b:b,404,404000,405000,1.0,total_received
fd00::20b:b:b:b,415,415000,416000,0.0,total_received
fd00::20b:b:b:b,425,425000,426000,1.0,total_received
fd00::20b:b:b:b,436,436000,437000,2.0,total_received
fd00::20b:b:b:b,446,446000,447000,1.0,total_received
fd00::20b:b:b:b,455,455000,456000,0.0,total_received
fd00::20b:b:b:b,467,467000,468000,2.0,total_received
fd00::20b:b:b:b,475,475000,476000,1.0,total_received
fd00::20b:b:b:b,486,486000,487000,1.0,total_received
fd00::20b:b:b:b,497,497000,498000,1.0,total_received
fd00::20b:b:b:b,514,514000,515000,1.0,total_received
fd00::20b:b:b:b,556,556000,557000,5.0,total_received
fd00::20b:b:b:b,568,568000,569000,1.0,total_received
fd00::20b:b:b:b,577,577000,578000,1.0,total_received
fd00::20b:b:b:b,587,587000,588000,1.0,total_received
fd00::20b:b:b:b,599,599000,600000,1.0,total_received
fd00::20b:b:b:b,607,607000,608000,1.0,total_received
fd00::20b:b:b:b,617,617000,618000,1.0,total_received
fd00::20b:b:b:b,627,627000,628000,1.0,total_received
fd00::20b:b:b:b,637,637000,638000,1.0,total_received
fd00::20b:b:b:b,648,648000,649000,1.0,total_received
fd00::20b:b:b:b,658,658000,659000,1.0,total_received
fd00::20b:b:b:b,668,668000,669000,1.0,total_received
fd00::20b:b:b:b,678,678000,679000,1.0,total_received
fd00::20b:b:b:b,688,688000,689000,1.0,total_received
fd00::20b:b:b:b,699,699000,700000,1.0,total_received
fd00::20b:b:b:b,709,709000,710000,1.0,total_received
fd00::20b:b:b:b,718,718000,719000,1.0,total_received
fd00::20b:b:b:b,728,728000,729000,1.0,total_received
fd00::20b:b:b:b,744,744000,745000,1.0,total_received
fd00::20b:b:b:b,749,749000,750000,1.0,total_received
fd00::20b:b:b:b,759,759000,760000,1.0,total_received
fd00::20b:b:b:b,769,769000,770000,1.0,total_received
fd00::20b:b:b:b,781,781000,782000,1.0,total_received
fd00::20b:b:b:b,793,793000,794000,1.0,total_received
fd00::20b:b:b:b,804,804000,805000,1.0,total_received
fd00::20b:b:b:b,815,815000,816000,1.0,total_received
fd00::20b:b:b:b,825,825000,826000,0.0,total_received
fd00::20b:b:b:b,833,833000,834000,2.0,total_received
fd00::20c:c:c:c,21,21000,22000,0.0,total_received
fd00::20c:c:c:c,32,32000,33000,1.0,total_received
fd00::20c:c:c:c,43,43000,44000,1.0,total_received
fd00::20c:c:c:c,54,54000,55000,1.0,total_received
fd00::20c:c:c:c,65,65000,66000,1.0,total_received
fd00::20c:c:c:c,76,76000,77000,1.0,total_received
fd00::20c:c:c:c,86,86000,87000,1.0,total_received
fd00::20c:c:c:c,97,97000,98000,1.0,total_received
fd00::20c:c:c:c,108,108000,109000,1.0,total_received
fd00::20c:c:c:c,119,119000,120000,1.0,total_received
fd00::20c:c:c:c,134,134000,135000,2.0,total_received
fd00::20c:c:c:c,144,144000,145000,1.0,total_received
fd00::20c:c:c:c,155,155000,156000,1.0,total_received
fd00::20c:c:c:c,166,166000,167000,1.0,total_received
fd00::20c:c:c:c,173,173000,174000,1.0,total_received
fd00::20c:c:c:c,186,186000,187000,1.0,total_received
fd00::20c:c:c:c,196,196000,197000,1.0,total_received
fd00::20c:c:c:c,212,212000,213000,1.0,total_received
fd00::20c:c:c:c,216,216000,217000,1.0,total_received
fd00::20c:c:c:c,229,229000,230000,1.0,total_received
fd00::20c:c:c:c,239,239000,240000,1.0,total_received
fd00::20c:c:c:c,253,253000,254000,1.0,total_received
fd00::20c:c:c:c,269,269000,270000,2.0,total_received
fd00::20c:c:c:c,498,498000,499000,21.0,total_received
fd00::20c:c:c:c,509,509000,510000,0.0,total_received
fd00::20c:c:c:c,521,521000,522000,0.0,total_received
fd00::20c:c:c:c,531,531000,532000,0.0,total_received
fd00::20c:c:c:c,543,543000,544000,0.0,total_received
fd00::20c:c:c:c,552,552000,553000,0.0,total_received
fd00::20c:c:c:c,563,563000,564000,0.0,total_received
fd00::20c:c:c:c,574,574000,575000,0.0,total_received
fd00::20c:c:c:c,585,585000,586000,1.0,total_received
fd00::20c:c:c:c,596,596000,597000,3.0,total_received
fd00::20c:c:c:c,606,606000,607000,1.0,total_received
fd00::20c:c:c:c,617,617000,618000,0.0,total_received
fd00::20c:c:c:c,628,628000,629000,0.0,total_received
fd00::20c:c:c:c,639,639000,640000,0.0,total_received
fd00::20c:c:c:c,650,650000,651000,0.0,total_received
fd00::20c:c:c:c,663,663000,664000,0.0,total_received
fd00::20c:c:c:c,671,671000,672000,0.0,total_received
fd00::20c:c:c:c,683,683000,684000,0.0,total_received
fd00::20c:c:c:c,693,693000,694000,2.0,total_received
fd00::20c:c:c:c,705,705000,706000,3.0,total_received
fd00::20c:c:c:c,715,715000,716000,0.0,total_received
fd00::20c:c:c:c,726,726000,727000,0.0,total_received
fd00::20c:c:c:c,739,739000,740000,0.0,total_received
fd00::20c:c:c:c,747,747000,748000,0.0,total_received
fd00::20c:c:c:c,758,758000,759000,0.0,total_received
fd00::20c:c:c:c,769,769000,770000,0.0,total_received
fd00::20c:c:c:c,783,783000,784000,0.0,total_received
fd00::20c:c:c:c,809,809000,810000,8.0,total_received
fd00::20c:c:c:c,813,813000,814000,0.0,total_received
fd00::20c:c:c:c,823,823000,824000,3.0,total_received
fd00::20c:c:c:c,834,834000,835000,1.0,total_received
fd00::20c:c:c:c,846,846000,847000,1.0,total_received
fd00::20c:c:c:c,856,856000,857000,1.0,total_received
fd00::20c:c:c:c,867,867000,868000,1.0,total_received
fd00::20c:c:c:c,877,877000,878000,1.0,total_received
fd00::20c:c:c:c,888,888000,889000,1.0,total_received
fd00::20c:c:c:c,922,922000,923000,4.0,total_received
fd00::20c:c:c:c,935,935000,936000,1.0,total_received
fd00::20c:c:c:c,942,942000,943000,1.0,total_received
fd00::20c:c:c:c,953,953000,954000,1.0,total_received
fd00::20c:c:c:c,971,971000,972000,1.0,total_received
fd00::20c:c:c:c,986,986000,987000,2.0,total_received
fd00::20c:c:c:c,1148,1148000,1149000,16.0,total_received
fd00::20c:c:c:c,1159,1159000,1160000,1.0,total_received
fd00::20c:c:c:c,1172,1172000,1173000,2.0,total_received
fd00::20c:c:c:c,1186,1186000,1187000,1.0,total_received
fd00::20c:c:c:c,1205,1205000,1206000,1.0,total_received
fd00::20c:c:c:c,1354,1354000,1355000,15.0,total_received
fd00::20c:c:c:c,1365,1365000,1366000,1.0,total_received
fd00::20c:c:c:c,1376,1376000,1377000,1.0,total_received
fd00::20c:c:c:c,1386,1386000,1387000,1.0,total_received
fd00::20c:c:c:c,1397,1397000,1398000,1.0,total_received
fd00::20c:c:c:c,1408,1408000,1409000,1.0,total_received
fd00::20c:c:c:c,1419,1419000,1420000,1.0,total_received
fd00::20c:c:c:c,1657,1657000,1658000,23.0,total_received
fd00::20c:c:c:c,1668,1668000,1669000,1.0,total_received
fd00::20c:c:c:c,2275,2275000,2276000,54.0,total_received
fd00::20c:c:c:c,2285,2285000,2286000,1.0,total_received
fd00::20c:c:c:c,2296,2296000,2297000,1.0,total_received
fd00::20c:c:c:c,2307,2307000,2308000,1.0,total_received
fd00::20c:c:c:c,2318,2318000,2319000,1.0,total_received
fd00::20c:c:c:c,2329,2329000,2330000,1.0,total_received
fd00::20c:c:c:c,2342,2342000,2343000,2.0,total_received
fd00::20c:c:c:c,2351,2351000,2352000,1.0,total_received
fd00::20c:c:c:c,2363,2363000,2364000,1.0,total_received
fd00::20c:c:c:c,2373,2373000,2374000,1.0,total_received
fd00::20c:c:c:c,2383,2383000,2384000,1.0,total_received
fd00::20c:c:c:c,2394,2394000,2395000,1.0,total_received
fd00::20c:c:c:c,2405,2405000,2406000,1.0,total_received
fd00::20c:c:c:c,2416,2416000,2417000,1.0,total_received
fd00::20c:c:c:c,2426,2426000,2427000,1.0,total_received
fd00::20c:c:c:c,2437,2437000,2438000,1.0,total_received
fd00::20c:c:c:c,2448,2448000,2449000,1.0,total_received
fd00::20c:c:c:c,2459,2459000,2460000,1.0,total_received
fd00::20c:c:c:c,2473,2473000,2474000,2.0,total_received
fd00::20c:c:c:c,2484,2484000,2485000,1.0,total_received
fd00::20c:c:c:c,2491,2491000,2492000,1.0,total_received
fd00::20c:c:c:c,2503,2503000,2504000,1.0,total_received
fd00::20c:c:c:c,2513,2513000,2514000,1.0,total_received
fd00::20c:c:c:c,2524,2524000,2525000,1.0,total_received
fd00::20c:c:c:c,2535,2535000,2536000,1.0,total_received
fd00::20c:c:c:c,2546,2546000,2547000,1.0,total_received
fd00::20c:c:c:c,2557,2557000,2558000,1.0,total_received
fd00::20c:c:c:c,2567,2567000,2568000,1.0,total_received
fd00::20c:c:c:c,2578,2578000,2579000,1.0,total_received
fd00::20c:c:c:c,2589,2589000,2590000,1.0,total_received
fd00::20c:c:c:c,2601,2601000,2602000,2.0,total_received
fd00::20c:c:c:c,2611,2611000,2612000,1.0,total_received
fd00::20c:c:c:c,2623,2623000,2624000,1.0,total_received
fd00::20c:c:c:c,2633,2633000,2634000,1.0,total_received
fd00::20c:c:c:c,2643,2643000,2644000,1.0,total_received
fd00::20c:c:c:c,2654,2654000,2655000,1.0,total_received
fd00::20c:c:c:c,2665,2665000,2666000,1.0,total_received
fd00::20c:c:c:c,2676,2676000,2677000,1.0,total_received
fd00::20c:c:c:c,2686,2686000,2687000,1.0,total_received
fd00::20c:c:c:c,2697,2697000,2698000,1.0,total_received
fd00::20c:c:c:c,2708,2708000,2709000,1.0,total_received
fd00::20c:c:c:c,2719,2719000,2720000,1.0,total_received
fd00::20c:c:c:c,2731,2731000,2732000,2.0,total_received
fd00::20c:c:c:c,2741,2741000,2742000,1.0,total_received
fd00::20c:c:c:c,2753,2753000,2754000,1.0,total_received
fd00::20c:c:c:c,2763,2763000,2764000,1.0,total_received
fd00::20c:c:c:c,2773,2773000,2774000,1.0,total_received
fd00::20c:c:c:c,2784,2784000,2785000,1.0,total_received
fd00::20c:c:c:c,2795,2795000,2796000,1.0,total_received
fd00::20c:c:c:c,2805,2805000,2806000,1.0,total_received
fd00::20c:c:c:c,2816,2816000,2817000,1.0,total_received
fd00::20c:c:c:c,2827,2827000,2828000,1.0,total_received
fd00::20c:c:c:c,2838,2838000,2839000,1.0,total_received
fd00::20c:c:c:c,2849,2849000,2850000,1.0,total_received
fd00::20c:c:c:c,2862,2862000,2863000,2.0,total_received
fd00::20c:c:c:c,2872,2872000,2873000,1.0,total_received
fd00::20c:c:c:c,2882,2882000,2883000,1.0,total_received
fd00::20c:c:c:c,2892,2892000,2893000,1.0,total_received
fd00::20c:c:c:c,2903,2903000,2904000,1.0,total_received
fd00::20c:c:c:c,2914,2914000,2915000,1.0,total_received
fd00::20c:c:c:c,2925,2925000,2926000,1.0,total_received
fd00::20c:c:c:c,2936,2936000,2937000,1.0,total_received
fd00::20c:c:c:c,2946,2946000,2947000,1.0,total_received
fd00::20c:c:c:c,2957,2957000,2958000,1.0,total_received
fd00::20c:c:c:c,2968,2968000,2969000,1.0,total_received
fd00::20c:c:c:c,2979,2979000,2980000,1.0,total_received
fd00::20c:c:c:c,2992,2992000,2993000,2.0,total_received
fd00::20c:c:c:c,3000,3000000,3001000,1.0,total_received
fd00::20c:c:c:c,3012,3012000,3013000,1.0,total_received
fd00::20c:c:c:c,3022,3022000,3023000,1.0,total_received
fd00::20c:c:c:c,3033,3033000,3034000,1.0,total_received
fd00::20c:c:c:c,3044,3044000,3045000,1.0,total_received
fd00::20c:c:c:c,3055,3055000,3056000,1.0,total_received
fd00::20c:c:c:c,3066,3066000,3067000,1.0,total_received
fd00::20c:c:c:c,3076,3076000,3077000,1.0,total_received
fd00::20c:c:c:c,3087,3087000,3088000,1.0,total_received
fd00::20c:c:c:c,3098,3098000,3099000,1.0,total_received
fd00::20c:c:c:c,3109,3109000,3110000,1.0,total_received
fd00::20c:c:c:c,3124,3124000,3125000,2.0,total_received
fd00::20c:c:c:c,3132,3132000,3133000,1.0,total_received
fd00::20c:c:c:c,3141,3141000,3142000,1.0,total_received
fd00::20c:c:c:c,3153,3153000,3154000,1.0,total_received
fd00::20c:c:c:c,3163,3163000,3164000,1.0,total_received
fd00::20c:c:c:c,3174,3174000,3175000,1.0,total_received
fd00::20c:c:c:c,3185,3185000,3186000,1.0,total_received
fd00::20c:c:c:c,3195,3195000,3196000,1.0,total_received
fd00::20c:c:c:c,3206,3206000,3207000,1.0,total_received
fd00::20c:c:c:c,3217,3217000,3218000,1.0,total_received
fd00::20c:c:c:c,3228,3228000,3229000,1.0,total_received
fd00::20c:c:c:c,3239,3239000,3240000,1.0,total_received
fd00::20c:c:c:c,3251,3251000,3252000,2.0,total_received
fd00::20c:c:c:c,3263,3263000,3264000,1.0,total_received
fd00::20c:c:c:c,3274,3274000,3275000,1.0,total_received
fd00::20c:c:c:c,3282,3282000,3283000,1.0,total_received
fd00::20c:c:c:c,3293,3293000,3294000,1.0,total_received
fd00::20c:c:c:c,3304,3304000,3305000,1.0,total_received
fd00::20c:c:c:c,3315,3315000,3316000,1.0,total_received
fd00::20c:c:c:c,3325,3325000,3326000,1.0,total_received
fd00::20c:c:c:c,3336,3336000,3337000,1.0,total_received
fd00::20c:c:c:c,3347,3347000,3348000,1.0,total_received
fd00::20c:c:c:c,3358,3358000,3359000,1.0,total_received
fd00::20c:c:c:c,3369,3369000,3370000,1.0,total_received
fd00::20c:c:c:c,3381,3381000,3382000,2.0,total_received
fd00::20c:c:c:c,3392,3392000,3393000,1.0,total_received
fd00::20c:c:c:c,3403,3403000,3404000,1.0,total_received
fd00::20c:c:c:c,3412,3412000,3413000,1.0,total_received
fd00::20c:c:c:c,3423,3423000,3424000,1.0,total_received
fd00::20c:c:c:c,3434,3434000,3435000,1.0,total_received
fd00::20c:c:c:c,3445,3445000,3446000,1.0,total_received
fd00::20c:c:c:c,3456,3456000,3457000,1.0,total_received
fd00::20c:c:c:c,3466,3466000,3467000,1.0,total_received
fd00::20c:c:c:c,3477,3477000,3478000,1.0,total_received
fd00::20c:c:c:c,3488,3488000,3489000,1.0,total_received
fd00::20c:c:c:c,3499,3499000,3500000,1.0,total_received
fd00::20c:c:c:c,3510,3510000,3511000,2.0,total_received
fd00::20c:c:c:c,3521,3521000,3522000,1.0,total_received
fd00::20c:c:c:c,3531,3531000,3532000,1.0,total_received
fd00::20c:c:c:c,3542,3542000,3543000,1.0,total_received
fd00::20c:c:c:c,3554,3554000,3555000,1.0,total_received
fd00::20c:c:c:c,3564,3564000,3565000,1.0,total_received
fd00::20c:c:c:c,3575,3575000,3576000,1.0,total_received
fd00::20c:c:c:c,3585,3585000,3586000,1.0,total_received
fd00::20c:c:c:c,3596,3596000,3597000,1.0,total_received
fd00::20d:d:d:d,31,31000,32000,0.0,total_received
fd00::20d:d:d:d,41,41000,42000,1.0,total_received
fd00::20d:d:d:d,54,54000,55000,1.0,total_received
fd00::20d:d:d:d,61,61000,62000,0.0,total_received
fd00::20d:d:d:d,74,74000,75000,2.0,total_received
fd00::20d:d:d:d,84,84000,85000,1.0,total_received
fd00::20d:d:d:d,93,93000,94000,1.0,total_received
fd00::20d:d:d:d,104,104000,105000,1.0,total_received
fd00::20d:d:d:d,113,113000,114000,1.0,total_received
fd00::20d:d:d:d,123,123000,124000,0.0,total_received
fd00::20d:d:d:d,135,135000,136000,1.0,total_received
fd00::20d:d:d:d,145,145000,146000,2.0,total_received
fd00::20d:d:d:d,156,156000,157000,0.0,total_received
fd00::20d:d:d:d,166,166000,167000,1.0,total_received
fd00::20d:d:d:d,173,173000,174000,2.0,total_received
fd00::20d:d:d:d,185,185000,186000,1.0,total_received
fd00::20d:d:d:d,195,195000,196000,1.0,total_received
fd00::20d:d:d:d,212,212000,213000,1.0,total_received
fd00::20d:d:d:d,229,229000,230000,1.0,total_received
fd00::20d:d:d:d,237,237000,238000,1.0,total_received
fd00::20d:d:d:d,245,245000,246000,1.0,total_received
fd00::20d:d:d:d,258,258000,259000,1.0,total_received
fd00::20d:d:d:d,833,833000,834000,43.0,total_received
fd00::20d:d:d:d,841,841000,842000,1.0,total_received
fd00::20d:d:d:d,852,852000,853000,1.0,total_received
fd00::20d:d:d:d,863,863000,864000,1.0,total_received
fd00::20d:d:d:d,872,872000,873000,1.0,total_received
fd00::20d:d:d:d,882,882000,883000,1.0,total_received
fd00::20d:d:d:d,898,898000,899000,1.0,total_received
fd00::20d:d:d:d,906,906000,907000,1.0,total_received
fd00::20d:d:d:d,915,915000,916000,2.0,total_received
fd00::20d:d:d:d,926,926000,927000,0.0,total_received
fd00::20d:d:d:d,935,935000,936000,2.0,total_received
fd00::20d:d:d:d,942,942000,943000,1.0,total_received
fd00::20d:d:d:d,954,954000,955000,1.0,total_received
fd00::20d:d:d:d,971,971000,972000,2.0,total_received
fd00::20e:e:e:e,86,86000,87000,0.0,total_received
fd00::20e:e:e:e,97,97000,98000,1.0,total_received
fd00::20e:e:e:e,107,107000,108000,1.0,total_received
fd00::20e:e:e:e,118,118000,119000,1.0,total_received
fd00::20e:e:e:e,173,173000,174000,2.0,total_received
fd00::20e:e:e:e,184,184000,185000,2.0,total_received
fd00::20e:e:e:e,204,204000,205000,2.0,total_received
fd00::20e:e:e:e,214,214000,215000,1.0,total_received
fd00::20e:e:e:e,226,226000,227000,1.0,total_received
fd00::20e:e:e:e,275,275000,276000,1.0,total_received
fd00::20e:e:e:e,421,421000,422000,14.0,total_received
fd00::20e:e:e:e,436,436000,437000,1.0,total_received
fd00::20e:e:e:e,445,445000,446000,1.0,total_received
fd00::20e:e:e:e,496,496000,497000,1.0,total_received
fd00::20f:f:f:f,107,107000,108000,0.0,total_received
fd00::20f:f:f:f,126,126000,127000,2.0,total_received
fd00::20f:f:f:f,137,137000,138000,1.0,total_received
fd00::20f:f:f:f,147,147000,148000,1.0,total_received
fd00::20f:f:f:f,159,159000,160000,1.0,total_received
fd00::20f:f:f:f,169,169000,170000,0.0,total_received
fd00::20f:f:f:f,179,179000,180000,2.0,total_received
fd00::20f:f:f:f,189,189000,190000,1.0,total_received
fd00::20f:f:f:f,208,208000,209000,1.0,total_received
fd00::20f:f:f:f,223,223000,224000,1.0,total_received
fd00::20f:f:f:f,235,235000,236000,1.0,total_received
fd00::20f:f:f:f,238,238000,239000,1.0,total_received
fd00::210:10:10:10,66,66000,67000,0.0,total_received
fd00::210:10:10:10,449,449000,450000,11.0,total_received
fd00::210:10:10:10,474,474000,475000,1.0,total_received
fd00::210:10:10:10,497,497000,498000,0.0,total_received
fd00::211:11:11:11,215,215000,216000,0.0,total_received
fd00::211:11:11:11,229,229000,230000,0.0,total_received
fd00::211:11:11:11,256,256000,257000,1.0,total_received
fd00::211:11:11:11,285,285000,286000,4.0,total_received
fd00::211:11:11:11,299,299000,300000,0.0,total_received
fd00::212:12:12:12,215,215000,216000,0.0,total_received
fd00::212:12:12:12,1972,1972000,1973000,71.0,total_received
fd00::212:12:12:12,3249,3249000,3250000,30.0,total_received
fd00::212:12:12:12,3365,3365000,3366000,4.0,total_received
