node,cpu_energy_mj,lpm_energy_mj,radio_tx_energy_mj,radio_rx_energy_mj,total_energy_mj,node_time,total_sent,total_received,bytes_tx,bytes_rx,r2n_latency,lqi,rssi,server_sent,server_received,server_bytes_rx,n2r_latency,hops,rtt_latency,root_time_now
fd00::202:2:2:2,37,0,0,410,447,20867,1,0,60,0,0,0,0,0,1,60,18446744073709551477,0,0,20728
fd00::202:2:2:2,18,0,0,204,222,31300,2,0,60,0,0,0,0,1,2,60,18446744073709551480,0,0,31164
fd00::202:2:2:2,18,0,0,204,222,41733,3,0,60,0,0,0,0,2,3,60,18446744073709551506,0,0,41623
fd00::202:2:2:2,18,0,0,204,222,52166,4,0,60,0,0,0,0,3,4,60,18446744073709551495,0,0,52045
fd00::202:2:2:2,18,0,0,204,222,62599,5,0,60,0,0,0,0,4,5,60,18446744073709551483,0,0,62466
fd00::202:2:2:2,18,0,0,204,222,73032,6,0,60,0,0,0,0,5,6,60,18446744073709551505,0,0,72921
fd00::202:2:2:2,18,0,0,204,222,83465,7,0,60,0,0,0,0,6,7,60,18446744073709551496,0,0,83345
fd00::202:2:2:2,18,0,1,204,223,93898,8,0,60,0,0,0,0,7,8,60,18446744073709551477,0,0,93759
fd00::202:2:2:2,18,0,0,204,222,104331,9,0,60,0,0,0,0,8,9,60,18446744073709551492,0,0,104207
fd00::202:2:2:2,18,0,0,204,222,114764,10,0,60,0,0,0,0,9,10,60,18446744073709551492,0,0,114640
fd00::202:2:2:2,18,0,0,204,222,125197,11,0,60,0,0,0,0,10,11,60,18446744073709551516,0,0,125097
fd00::202:2:2:2,18,0,0,204,222,135630,12,0,60,0,0,0,0,11,12,60,18446744073709551493,0,0,135507
fd00::202:2:2:2,18,0,0,204,222,146063,13,0,60,0,0,0,0,12,13,60,18446744073709551498,0,0,145945
fd00::202:2:2:2,18,0,0,204,222,156496,14,0,60,0,0,0,0,13,14,60,18446744073709551489,0,0,156369
fd00::202:2:2:2,18,0,0,204,222,166929,15,0,60,0,0,0,0,14,15,60,18446744073709551509,0,0,166822
fd00::202:2:2:2,18,0,0,204,222,177362,16,0,60,0,0,0,0,15,16,60,18446744073709551514,0,0,177260
fd00::202:2:2:2,18,0,0,204,222,187795,17,0,60,0,0,0,0,16,17,60,18446744073709551487,0,0,187666
fd00::202:2:2:2,18,0,0,204,222,198228,18,0,60,0,0,0,0,17,18,60,18446744073709551477,0,0,198089
fd00::202:2:2:2,18,0,0,204,222,208661,19,0,60,0,0,0,0,18,19,60,18446744073709551507,0,0,208552
fd00::202:2:2:2,18,0,0,204,222,219094,20,0,60,0,0,0,0,19,20,60,18446744073709551510,0,0,218988
fd00::202:2:2:2,18,0,0,204,222,229527,21,0,60,0,0,0,0,20,21,60,18446744073709551484,0,0,229395
fd00::202:2:2:2,18,0,0,204,222,239960,22,0,60,0,0,0,0,21,22,60,18446744073709551501,0,0,239845
fd00::202:2:2:2,18,0,0,204,222,250393,23,0,60,0,0,0,0,23,23,60,18446744073709551483,0,0,250260
fd00::202:2:2:2,18,0,0,204,222,260826,24,0,60,0,0,0,0,24,24,60,18446744073709551513,0,0,260723
fd00::202:2:2:2,18,0,0,204,222,271259,25,0,60,0,0,0,0,25,25,60,18446744073709551498,0,0,271141
fd00::202:2:2:2,18,0,0,204,222,281692,26,0,60,0,0,0,0,26,26,60,18446744073709551494,0,0,281570
fd00::202:2:2:2,18,0,0,204,222,292125,27,0,60,0,0,0,0,27,27,60,18446744073709551509,0,0,292018
fd00::202:2:2:2,18,0,0,204,222,302558,28,0,60,0,0,0,0,28,28,60,18446744073709551484,0,0,302426
fd00::202:2:2:2,18,0,1,203,222,312991,29,0,60,0,0,0,0,29,29,60,18446744073709551516,0,0,312891
fd00::202:2:2:2,18,0,0,204,222,323424,30,0,60,0,0,0,0,30,30,60,18446744073709551501,0,0,323309
fd00::202:2:2:2,18,0,0,204,222,333857,31,0,60,0,0,0,0,31,31,60,18446744073709551510,0,0,333751
fd00::202:2:2:2,18,0,0,204,222,344290,32,0,60,0,0,0,0,32,32,60,18446744073709551506,0,0,344180
fd00::202:2:2:2,18,0,0,204,222,354723,33,0,60,0,0,0,0,33,33,60,18446744073709551489,0,0,354596
fd00::202:2:2:2,18,0,0,204,222,365156,34,0,60,0,0,0,0,34,34,60,18446744073709551517,0,0,365057
fd00::202:2:2:2,18,0,0,204,222,375589,35,0,60,0,0,0,0,35,35,60,18446744073709551511,0,0,375484
fd00::202:2:2:2,18,0,1,203,222,386022,36,0,60,0,0,0,0,36,36,60,18446744073709551488,0,0,385894
fd00::202:2:2:2,18,0,0,204,222,396455,37,0,60,0,0,0,0,37,37,60,18446744073709551512,0,0,396351
fd00::202:2:2:2,18,0,0,204,222,406888,38,0,60,0,0,0,0,38,38,60,18446744073709551510,0,0,406782
fd00::202:2:2:2,18,0,0,204,222,417321,39,0,60,0,0,0,0,39,39,60,18446744073709551480,0,0,417185
fd00::202:2:2:2,18,0,0,204,222,427754,40,0,60,0,0,0,0,40,40,60,18446744073709551508,0,0,427646
fd00::202:2:2:2,18,0,0,204,222,438187,41,0,60,0,0,0,0,41,41,60,18446744073709551493,0,0,438064
fd00::202:2:2:2,18,0,0,204,222,448620,42,0,60,0,0,0,0,42,42,60,18446744073709551510,0,0,448514
fd00::202:2:2:2,18,0,0,204,222,459053,43,0,60,0,0,0,0,43,43,60,18446744073709551506,0,0,458943
fd00::202:2:2:2,18,0,0,204,222,469486,44,0,60,0,0,0,0,44,44,60,18446744073709551516,0,0,469386
fd00::202:2:2:2,18,0,0,204,222,479919,45,0,60,0,0,0,0,45,45,60,18446744073709551490,0,0,479793
fd00::202:2:2:2,18,0,1,204,223,490352,46,0,60,0,0,0,0,47,46,60,18446744073709551504,0,0,490240
fd00::202:2:2:2,18,0,0,204,222,500785,47,0,60,0,0,0,0,48,47,60,18446744073709551495,0,0,500664
fd00::202:2:2:2,18,0,0,204,222,511218,48,0,60,0,0,0,0,49,48,60,18446744073709551481,0,0,511083
fd00::202:2:2:2,18,0,0,204,222,521651,49,0,60,0,0,0,0,50,49,60,18446744073709551486,0,0,521521
fd00::202:2:2:2,18,0,0,204,222,532084,50,0,60,0,0,0,0,51,50,60,18446744073709551487,0,0,531955
fd00::202:2:2:2,18,0,0,204,222,542517,51,0,60,0,0,0,0,52,51,60,18446744073709551500,0,0,542401
fd00::202:2:2:2,18,0,1,204,223,552950,52,0,60,0,0,0,0,53,52,60,18446744073709551512,0,0,552846
fd00::202:2:2:2,18,0,0,204,222,563383,53,0,60,0,0,0,0,54,53,60,18446744073709551493,0,0,563260
fd00::202:2:2:2,18,0,0,204,222,573816,54,0,60,0,0,0,0,55,54,60,18446744073709551504,0,0,573704
fd00::202:2:2:2,18,0,0,204,222,584249,55,0,60,0,0,0,0,56,55,60,18446744073709551493,0,0,584126
fd00::202:2:2:2,18,0,0,204,222,594682,56,0,60,0,0,0,0,57,56,60,18446744073709551503,0,0,594569
fd00::202:2:2:2,18,0,0,204,222,605115,57,0,60,0,0,0,0,58,57,60,18446744073709551508,0,0,605007
fd00::202:2:2:2,18,0,0,204,222,615548,58,0,60,0,0,0,0,59,58,60,18446744073709551513,0,0,615445
fd00::202:2:2:2,18,0,0,204,222,625981,59,0,60,0,0,0,0,60,59,60,18446744073709551495,0,0,625860
fd00::202:2:2:2,18,0,0,204,222,636414,60,0,60,0,0,0,0,61,60,60,18446744073709551489,0,0,636287
fd00::202:2:2:2,18,0,0,205,223,646847,61,0,60,0,0,0,0,62,61,60,18446744073709551502,0,0,646733
fd00::202:2:2:2,18,0,0,204,222,657280,62,0,60,0,0,0,0,63,62,60,18446744073709551507,0,0,657171
fd00::202:2:2:2,18,0,0,204,222,667713,63,0,60,0,0,0,0,64,63,60,18446744073709551500,0,0,667597
fd00::202:2:2:2,18,0,0,204,222,678146,64,0,60,0,0,0,0,65,64,60,18446744073709551494,0,0,678024
fd00::202:2:2:2,18,0,0,204,222,688579,65,0,60,0,0,0,0,66,65,60,18446744073709551510,0,0,688473
fd00::202:2:2:2,18,0,0,204,222,699012,66,0,60,0,0,0,0,67,66,60,18446744073709551513,0,0,698909
fd00::202:2:2:2,18,0,0,205,223,709445,67,0,60,0,0,0,0,68,67,60,18446744073709551510,0,0,709339
fd00::202:2:2:2,18,0,0,204,222,719878,68,0,60,0,0,0,0,69,68,60,18446744073709551491,0,0,719753
fd00::202:2:2:2,18,0,0,204,222,730311,69,0,60,0,0,0,0,71,69,60,18446744073709551494,0,0,730189
fd00::202:2:2:2,18,0,0,204,222,740744,70,0,60,0,0,0,0,72,70,60,18446744073709551506,0,0,740634
fd00::202:2:2:2,18,0,0,204,222,751177,71,0,60,0,0,0,0,73,71,60,18446744073709551499,0,0,751060
fd00::202:2:2:2,18,0,0,204,222,761610,72,0,60,0,0,0,0,74,72,60,18446744073709551480,0,0,761474
fd00::202:2:2:2,18,0,0,204,222,772043,73,0,60,0,0,0,0,75,73,60,18446744073709551503,0,0,771930
fd00::202:2:2:2,18,0,0,204,222,782476,74,0,60,0,0,0,0,76,74,60,18446744073709551480,0,0,782340
fd00::202:2:2:2,18,0,0,204,222,792909,75,0,60,0,0,0,0,77,75,60,18446744073709551485,0,0,792778
fd00::202:2:2:2,18,0,0,204,222,803342,76,0,60,0,0,0,0,78,76,60,18446744073709551490,0,0,803216
fd00::202:2:2:2,18,0,0,204,222,813775,77,0,60,0,0,0,0,79,77,60,18446744073709551481,0,0,813640
fd00::202:2:2:2,18,0,0,204,222,824208,78,0,60,0,0,0,0,80,78,60,18446744073709551477,0,0,824069
fd00::202:2:2:2,18,0,0,204,222,834641,79,0,60,0,0,0,0,81,79,60,18446744073709551478,0,0,834503
fd00::202:2:2:2,18,0,0,204,222,845074,80,0,60,0,0,0,0,82,80,60,18446744073709551515,0,0,844973
fd00::202:2:2:2,18,0,0,204,222,855507,81,0,60,0,0,0,0,83,81,60,18446744073709551483,0,0,855374
fd00::202:2:2:2,18,0,0,204,222,865940,82,0,60,0,0,0,0,84,82,60,18446744073709551487,0,0,865811
fd00::202:2:2:2,18,0,0,204,222,876373,83,0,60,0,0,0,0,85,83,60,18446744073709551477,0,0,876234
fd00::202:2:2:2,18,0,0,204,222,886806,84,0,60,0,0,0,0,86,84,60,18446744073709551501,0,0,886691
fd00::202:2:2:2,18,0,0,204,222,897239,85,0,60,0,0,0,0,87,85,60,18446744073709551486,0,0,897109
fd00::202:2:2:2,18,0,0,204,222,907672,86,0,60,0,0,0,0,88,86,60,18446744073709551508,0,0,907564
fd00::202:2:2:2,18,0,0,204,222,918105,87,0,60,0,0,0,0,89,87,60,18446744073709551504,0,0,917993
fd00::202:2:2:2,18,0,0,204,222,928538,88,0,60,0,0,0,0,90,88,60,18446744073709551493,0,0,928415
fd00::202:2:2:2,18,0,0,204,222,938971,89,0,60,0,0,0,0,91,89,60,18446744073709551514,0,0,938869
fd00::202:2:2:2,18,0,0,204,222,949404,90,0,60,0,0,0,0,92,90,60,18446744073709551513,0,0,949301
fd00::202:2:2:2,18,0,0,204,222,959837,91,0,60,0,0,0,0,93,91,60,18446744073709551486,0,0,959707
fd00::202:2:2:2,18,0,0,204,222,970270,92,0,60,0,0,0,0,95,92,60,18446744073709551540,0,0,970194
fd00::202:2:2:2,18,0,0,204,222,980703,93,0,60,0,0,0,0,96,93,60,18446744073709551496,0,0,980583
fd00::202:2:2:2,18,0,0,204,222,991136,94,0,60,0,0,0,0,97,94,60,18446744073709551477,0,0,990997
fd00::202:2:2:2,18,0,0,204,222,1001569,95,0,60,0,0,0,0,98,95,60,18446744073709551495,0,0,1001448
fd00::202:2:2:2,18,0,0,204,222,1012002,96,0,60,0,0,0,0,99,96,60,18446744073709551488,0,0,1011874
fd00::202:2:2:2,18,0,1,203,222,1022435,97,0,60,0,0,0,0,100,97,60,18446744073709551512,0,0,1022331
fd00::202:2:2:2,18,0,0,204,222,1032868,98,0,60,0,0,0,0,101,98,60,18446744073709551484,0,0,1032736
fd00::202:2:2:2,18,0,0,204,222,1043301,99,0,60,0,0,0,0,102,99,60,18446744073709551493,0,0,1043178
fd00::202:2:2:2,18,0,0,204,222,1053734,100,0,60,0,0,0,0,103,100,60,18446744073709551515,0,0,1053633
fd00::202:2:2:2,18,0,0,204,222,1064167,101,0,60,0,0,0,0,104,101,60,18446744073709551493,0,0,1064044
fd00::202:2:2:2,18,0,0,204,222,1074600,102,0,60,0,0,0,0,105,102,60,18446744073709551487,0,0,1074471
fd00::202:2:2:2,18,0,0,204,222,1085033,103,0,60,0,0,0,0,106,103,60,18446744073709551517,0,0,1084934
fd00::202:2:2:2,18,0,0,204,222,1095466,104,0,60,0,0,0,0,107,104,60,18446744073709551501,0,0,1095351
fd00::202:2:2:2,18,0,0,204,222,1105899,105,0,60,0,0,0,0,108,105,60,18446744073709551499,0,0,1105782
fd00::202:2:2:2,18,0,1,204,223,1116332,106,0,60,0,0,0,0,109,106,60,18446744073709551483,0,0,1116199
fd00::202:2:2:2,18,0,0,204,222,1126765,107,0,60,0,0,0,0,110,107,60,18446744073709551505,0,0,1126654
fd00::202:2:2:2,18,0,1,204,223,1137198,108,0,60,0,0,0,0,111,108,60,18446744073709551479,0,0,1137061
fd00::202:2:2:2,18,0,0,204,222,1147631,109,0,60,0,0,0,0,112,109,60,18446744073709551488,0,0,1147503
fd00::202:2:2:2,18,0,0,204,222,1158064,110,0,60,0,0,0,0,113,110,60,18446744073709551489,0,0,1157937
fd00::202:2:2:2,18,0,0,204,222,1168497,111,0,60,0,0,0,0,114,111,60,18446744073709551482,0,0,1168363
fd00::202:2:2:2,18,0,0,204,222,1178930,112,0,60,0,0,0,0,115,112,60,18446744073709551489,0,0,1178803
fd00::202:2:2:2,18,0,0,204,222,1189363,113,0,60,0,0,0,0,116,113,60,18446744073709551508,0,0,1189255
fd00::202:2:2:2,18,0,0,204,222,1199796,114,0,60,0,0,0,0,117,114,60,18446744073709551508,0,0,1199688
fd00::202:2:2:2,18,0,0,204,222,1210229,115,0,60,0,0,0,0,119,115,60,18446744073709551493,0,0,1210106
fd00::202:2:2:2,18,0,1,204,223,1220662,116,0,60,0,0,0,0,120,116,60,18446744073709551515,0,0,1220561
fd00::202:2:2:2,18,0,0,204,222,1231095,117,0,60,0,0,0,0,121,117,60,18446744073709551482,0,0,1230961
fd00::202:2:2:2,18,0,0,204,222,1241528,118,0,60,0,0,0,0,122,118,60,18446744073709551516,0,0,1241428
fd00::202:2:2:2,18,0,0,204,222,1251961,119,0,60,0,0,0,0,123,119,60,18446744073709551510,0,0,1251855
fd00::202:2:2:2,18,0,0,204,222,1262394,120,0,60,0,0,0,0,124,120,60,18446744073709551480,0,0,1262258
fd00::202:2:2:2,18,0,0,204,222,1272827,121,0,60,0,0,0,0,125,121,60,18446744073709551490,0,0,1272701
fd00::202:2:2:2,18,0,0,204,222,1283260,122,0,60,0,0,0,0,126,122,60,18446744073709551508,0,0,1283152
fd00::202:2:2:2,18,0,0,204,222,1293693,123,0,60,0,0,0,0,127,123,60,18446744073709551512,0,0,1293589
fd00::202:2:2:2,18,0,0,204,222,1304126,124,0,60,0,0,0,0,128,124,60,18446744073709551492,0,0,1304002
fd00::202:2:2:2,18,0,0,204,222,1314559,125,0,60,0,0,0,0,129,125,60,18446744073709551496,0,0,1314439
fd00::202:2:2:2,18,0,0,204,222,1324992,126,0,60,0,0,0,0,130,126,60,18446744073709551489,0,0,1324865
fd00::202:2:2:2,18,0,0,204,222,1335425,127,0,60,0,0,0,0,131,127,60,18446744073709551490,0,0,1335299
fd00::202:2:2:2,18,0,0,204,222,1345858,128,0,60,0,0,0,0,132,128,60,18446744073709551485,0,0,1345727
fd00::202:2:2:2,18,0,0,204,222,1356291,129,0,60,0,0,0,0,133,129,60,18446744073709551479,0,0,1356154
fd00::202:2:2:2,18,0,0,204,222,1366724,130,0,60,0,0,0,0,134,130,60,18446744073709551512,0,0,1366620
fd00::202:2:2:2,18,0,0,204,222,1377157,131,0,60,0,0,0,0,135,131,60,18446744073709551481,0,0,1377022
fd00::202:2:2:2,18,0,0,204,222,1387590,132,0,60,0,0,0,0,136,132,60,18446744073709551504,0,0,1387478
fd00::202:2:2:2,18,0,0,204,222,1398023,133,0,60,0,0,0,0,137,133,60,18446744073709551516,0,0,1397923
fd00::202:2:2:2,18,0,0,204,222,1408456,134,0,60,0,0,0,0,138,134,60,18446744073709551512,0,0,1408352
fd00::202:2:2:2,18,0,0,204,222,1418889,135,0,60,0,0,0,0,139,135,60,18446744073709551478,0,0,1418751
fd00::202:2:2:2,18,0,0,205,223,1429322,136,0,60,0,0,0,0,140,136,60,18446744073709551492,0,0,1429198
fd00::202:2:2:2,18,0,0,204,222,1439755,137,0,60,0,0,0,0,141,137,60,18446744073709551504,0,0,1439643
fd00::202:2:2:2,18,0,0,204,222,1450188,138,0,60,0,0,0,0,143,138,60,18446744073709551575,0,0,1450147
fd00::202:2:2:2,18,0,0,204,222,1460621,139,0,60,0,0,0,0,144,139,60,18446744073709551502,0,0,1460507
fd00::202:2:2:2,18,0,0,204,222,1471054,140,0,60,0,0,0,0,145,140,60,18446744073709551504,0,0,1470942
fd00::202:2:2:2,18,0,0,204,222,1481487,141,0,60,0,0,0,0,146,141,60,18446744073709551516,0,0,1481387
fd00::202:2:2:2,18,0,0,204,222,1491920,142,0,60,0,0,0,0,147,142,60,18446744073709551489,0,0,1491793
fd00::202:2:2:2,18,0,0,204,222,1502353,143,0,60,0,0,0,0,148,143,60,18446744073709551485,0,0,1502222
fd00::202:2:2:2,18,0,0,204,222,1512786,144,0,60,0,0,0,0,149,144,60,18446744073709551490,0,0,1512660
fd00::202:2:2:2,18,0,0,204,222,1523219,145,0,60,0,0,0,0,150,145,60,18446744073709551499,0,0,1523102
fd00::202:2:2:2,18,0,0,204,222,1533652,146,0,60,0,0,0,0,151,146,60,18446744073709551502,0,0,1533538
fd00::202:2:2:2,18,0,0,204,222,1544085,147,0,60,0,0,0,0,152,147,60,18446744073709551506,0,0,1543975
fd00::202:2:2:2,18,0,0,204,222,1554518,148,0,60,0,0,0,0,153,148,60,18446744073709551483,0,0,1554385
fd00::202:2:2:2,18,0,0,204,222,1564951,149,0,60,0,0,0,0,154,149,60,18446744073709551504,0,0,1564839
fd00::202:2:2:2,18,0,0,204,222,1575384,150,0,60,0,0,0,0,155,150,60,18446744073709551513,0,0,1575281
fd00::202:2:2:2,18,0,0,204,222,1585817,151,0,60,0,0,0,0,156,151,60,18446744073709551514,0,0,1585715
fd00::202:2:2:2,18,0,0,204,222,1596250,152,0,60,0,0,0,0,157,152,60,18446744073709551493,0,0,1596127
fd00::202:2:2:2,18,0,0,204,222,1606683,153,0,60,0,0,0,0,158,153,60,18446744073709551504,0,0,1606571
fd00::202:2:2:2,18,0,0,204,222,1617116,154,0,60,0,0,0,0,159,154,60,18446744073709551484,0,0,1616984
fd00::202:2:2:2,18,0,0,204,222,1627549,155,0,60,0,0,0,0,160,155,60,18446744073709551477,0,0,1627410
fd00::202:2:2:2,18,0,0,204,222,1637982,156,0,60,0,0,0,0,161,156,60,18446744073709551508,0,0,1637874
fd00::202:2:2:2,18,0,0,204,222,1648415,157,0,60,0,0,0,0,162,157,60,18446744073709551516,0,0,1648315
fd00::202:2:2:2,18,0,0,204,222,1658848,158,0,60,0,0,0,0,163,158,60,18446744073709551509,0,0,1658741
fd00::202:2:2:2,18,0,0,205,223,1669281,159,0,60,0,0,0,0,164,159,60,18446744073709551491,0,0,1669156
fd00::202:2:2:2,18,0,0,204,222,1679714,160,0,60,0,0,0,0,165,160,60,18446744073709551479,0,0,1679577
fd00::202:2:2:2,18,0,0,204,222,1690147,161,0,60,0,0,0,0,167,161,60,18446744073709551498,0,0,1690029
fd00::202:2:2:2,18,0,0,204,222,1700580,162,0,60,0,0,0,0,168,162,60,18446744073709551516,0,0,1700480
fd00::202:2:2:2,18,0,0,204,222,1711013,163,0,60,0,0,0,0,169,163,60,18446744073709551510,0,0,1710907
fd00::202:2:2:2,18,0,1,203,222,1721446,164,0,60,0,0,0,0,170,164,60,18446744073709551513,0,0,1721343
fd00::202:2:2:2,18,0,0,204,222,1731879,165,0,60,0,0,0,0,171,165,60,18446744073709551489,0,0,1731752
fd00::202:2:2:2,18,0,1,204,223,1742312,166,0,60,0,0,0,0,172,166,60,18446744073709551484,0,0,1742180
fd00::202:2:2:2,18,0,0,204,222,1752745,167,0,60,0,0,0,0,173,167,60,18446744073709551477,0,0,1752606
fd00::202:2:2:2,18,0,0,204,222,1763178,168,0,60,0,0,0,0,174,168,60,18446744073709551486,0,0,1763048
fd00::202:2:2:2,18,0,0,204,222,1773611,169,0,60,0,0,0,0,175,169,60,18446744073709551502,0,0,1773497
fd00::202:2:2:2,18,0,0,204,222,1784044,170,0,60,0,0,0,0,176,170,60,18446744073709551503,0,0,1783931
fd00::202:2:2:2,18,0,0,204,222,1794477,171,0,60,0,0,0,0,177,171,60,18446744073709551490,0,0,1794351
fd00::202:2:2:2,18,0,0,204,222,1804910,172,0,60,0,0,0,0,178,172,60,18446744073709551508,0,0,1804802
fd00::202:2:2:2,18,0,0,204,222,1815343,173,0,60,0,0,0,0,179,173,60,18446744073709551503,0,0,1815230
fd00::202:2:2:2,18,0,0,204,222,1825776,174,0,60,0,0,0,0,180,174,60,18446744073709551503,0,0,1825663
fd00::202:2:2:2,18,0,0,204,222,1836209,175,0,60,0,0,0,0,181,175,60,18446744073709551502,0,0,1836095
fd00::202:2:2:2,18,0,0,204,222,1846642,176,0,60,0,0,0,0,182,176,60,18446744073709551515,0,0,1846541
fd00::202:2:2:2,18,0,0,204,222,1857075,177,0,60,0,0,0,0,183,177,60,18446744073709551513,0,0,1856972
fd00::202:2:2:2,18,0,0,204,222,1867508,178,0,60,0,0,0,0,184,178,60,18446744073709551515,0,0,1867407
fd00::202:2:2:2,18,0,0,204,222,1877941,179,0,60,0,0,0,0,185,179,60,18446744073709551514,0,0,1877839
fd00::202:2:2:2,18,0,1,203,222,1888374,180,0,60,0,0,0,0,186,180,60,18446744073709551516,0,0,1888274
fd00::202:2:2:2,18,0,0,204,222,1898807,181,0,60,0,0,0,0,187,181,60,18446744073709551512,0,0,1898703
fd00::202:2:2:2,18,0,0,204,222,1909240,182,0,60,0,0,0,0,188,182,60,18446744073709551497,0,0,1909121
fd00::202:2:2:2,18,0,0,204,222,1919673,183,0,60,0,0,0,0,189,183,60,18446744073709551509,0,0,1919566
fd00::202:2:2:2,18,0,0,204,222,1930106,184,0,60,0,0,0,0,191,184,60,18446744073709551528,0,0,1930018
fd00::202:2:2:2,18,0,1,204,223,1940539,185,0,60,0,0,0,0,192,185,60,18446744073709551493,0,0,1940416
fd00::202:2:2:2,18,0,0,204,222,1950972,186,0,60,0,0,0,0,193,186,60,18446744073709551479,0,0,1950835
fd00::202:2:2:2,18,0,0,204,222,1961405,187,0,60,0,0,0,0,194,187,60,18446744073709551496,0,0,1961285
fd00::202:2:2:2,18,0,0,204,222,1971838,188,0,60,0,0,0,0,195,188,60,18446744073709551480,0,0,1971702
fd00::202:2:2:2,18,0,0,204,222,1982271,189,0,60,0,0,0,0,196,189,60,18446744073709551512,0,0,1982167
fd00::202:2:2:2,18,0,0,204,222,1992707,190,0,60,0,0,0,0,197,190,60,18446744073709551494,0,0,1992585
fd00::202:2:2:2,18,0,0,204,222,2003137,191,0,60,0,0,0,0,198,191,60,18446744073709551504,0,0,2003025
fd00::202:2:2:2,18,0,0,204,222,2013570,192,0,60,0,0,0,0,199,192,60,18446744073709551496,0,0,2013450
fd00::202:2:2:2,18,0,0,204,222,2024003,193,0,60,0,0,0,0,200,193,60,18446744073709551484,0,0,2023871
fd00::202:2:2:2,18,0,0,204,222,2034436,194,0,60,0,0,0,0,201,194,60,18446744073709551508,0,0,2034328
fd00::202:2:2:2,18,0,0,204,222,2044869,195,0,60,0,0,0,0,202,195,60,18446744073709551497,0,0,2044750
fd00::202:2:2:2,18,0,0,204,222,2055302,196,0,60,0,0,0,0,203,196,60,18446744073709551511,0,0,2055197
fd00::202:2:2:2,18,0,0,204,222,2065735,197,0,60,0,0,0,0,204,197,60,18446744073709551498,0,0,2065617
fd00::202:2:2:2,18,0,0,204,222,2076168,198,0,60,0,0,0,0,205,198,60,18446744073709551515,0,0,2076067
fd00::202:2:2:2,18,0,0,204,222,2086601,199,0,60,0,0,0,0,206,199,60,18446744073709551507,0,0,2086492
fd00::202:2:2:2,18,0,0,204,222,2097034,200,0,60,0,0,0,0,207,200,60,18446744073709551477,0,0,2096895
fd00::202:2:2:2,18,0,0,204,222,2107467,201,0,60,0,0,0,0,208,201,60,18446744073709551502,0,0,2107353
fd00::202:2:2:2,18,0,0,204,222,2117900,202,0,60,0,0,0,0,209,202,60,18446744073709551501,0,0,2117785
fd00::202:2:2:2,18,0,0,204,222,2128333,203,0,60,0,0,0,0,210,203,60,18446744073709551485,0,0,2128202
fd00::202:2:2:2,18,0,0,205,223,2138766,204,0,60,0,0,0,0,211,204,60,18446744073709551513,0,0,2138663
fd00::202:2:2:2,18,0,0,204,222,2149199,205,0,60,0,0,0,0,212,205,60,18446744073709551515,0,0,2149098
fd00::202:2:2:2,18,0,0,204,222,2159632,206,0,60,0,0,0,0,213,206,60,18446744073709551485,0,0,2159501
fd00::202:2:2:2,18,0,0,204,222,2170065,207,0,60,0,0,0,0,214,207,60,18446744073709551490,0,0,2169939
fd00::202:2:2:2,18,0,0,205,223,2180498,208,0,60,0,0,0,0,216,208,60,18446744073709551508,0,0,2180390
fd00::202:2:2:2,18,0,0,204,222,2190931,209,0,60,0,0,0,0,217,209,60,18446744073709551504,0,0,2190819
fd00::202:2:2:2,18,0,0,204,222,2201364,210,0,60,0,0,0,0,218,210,60,18446744073709551494,0,0,2201242
fd00::202:2:2:2,18,0,0,204,222,2211797,211,0,60,0,0,0,0,219,211,60,18446744073709551492,0,0,2211673
fd00::202:2:2:2,18,0,0,204,222,2222230,212,0,60,0,0,0,0,220,212,60,18446744073709551501,0,0,2222115
fd00::202:2:2:2,18,0,0,204,222,2232663,213,0,60,0,0,0,0,221,213,60,18446744073709551499,0,0,2232546
fd00::202:2:2:2,18,0,0,204,222,2243096,214,0,60,0,0,0,0,222,214,60,18446744073709551491,0,0,2242971
fd00::202:2:2:2,18,0,0,204,222,2253529,215,0,60,0,0,0,0,223,215,60,18446744073709551512,0,0,2253425
fd00::202:2:2:2,18,0,0,204,222,2263962,216,0,60,0,0,0,0,224,216,60,18446744073709551513,0,0,2263859
fd00::202:2:2:2,18,0,0,204,222,2274395,217,0,60,0,0,0,0,225,217,60,18446744073709551511,0,0,2274290
fd00::202:2:2:2,18,0,0,204,222,2284828,218,0,60,0,0,0,0,226,218,60,18446744073709551495,0,0,2284707
fd00::202:2:2:2,18,0,0,204,222,2295261,219,0,60,0,0,0,0,227,219,60,18446744073709551505,0,0,2295150
fd00::202:2:2:2,18,0,0,204,222,2305694,220,0,60,0,0,0,0,228,220,60,18446744073709551494,0,0,2305572
fd00::202:2:2:2,18,0,0,204,222,2316127,221,0,60,0,0,0,0,229,221,60,18446744073709551511,0,0,2316022
fd00::202:2:2:2,18,0,0,204,222,2326560,222,0,60,0,0,0,0,230,222,60,18446744073709551516,0,0,2326460
fd00::202:2:2:2,18,0,1,203,222,2336993,223,0,60,0,0,0,0,231,223,60,18446744073709551506,0,0,2336883
fd00::202:2:2:2,18,0,0,204,222,2347426,224,0,60,0,0,0,0,232,224,60,18446744073709551497,0,0,2347307
fd00::202:2:2:2,18,0,0,204,222,2357859,225,0,60,0,0,0,0,233,225,60,18446744073709551496,0,0,2357739
fd00::202:2:2:2,18,0,1,204,223,2368292,226,0,60,0,0,0,0,234,226,60,18446744073709551486,0,0,2368162
fd00::202:2:2:2,18,0,0,204,222,2378725,227,0,60,0,0,0,0,235,227,60,18446744073709551486,0,0,2378595
fd00::202:2:2:2,18,0,0,204,222,2389158,228,0,60,0,0,0,0,236,228,60,18446744073709551496,0,0,2389038
fd00::202:2:2:2,18,0,0,204,222,2399591,229,0,60,0,0,0,0,237,229,60,18446744073709551492,0,0,2399467
fd00::202:2:2:2,18,0,0,204,222,2410024,230,0,60,0,0,0,0,238,230,60,18446744073709551495,0,0,2409903
fd00::202:2:2:2,18,0,0,204,222,2420457,231,0,60,0,0,0,0,240,231,60,18446744073709551481,0,0,2420322
fd00::202:2:2:2,18,0,0,204,222,2430890,232,0,60,0,0,0,0,241,232,60,18446744073709551496,0,0,2430770
fd00::202:2:2:2,18,0,0,204,222,2441323,233,0,60,0,0,0,0,242,233,60,18446744073709551501,0,0,2441208
fd00::202:2:2:2,18,0,0,204,222,2451756,234,0,60,0,0,0,0,243,234,60,18446744073709551503,0,0,2451643
fd00::202:2:2:2,18,0,0,204,222,2462189,235,0,60,0,0,0,0,244,235,60,18446744073709551485,0,0,2462058
fd00::202:2:2:2,18,0,0,204,222,2472622,236,0,60,0,0,0,0,245,236,60,18446744073709551498,0,0,2472504
fd00::202:2:2:2,18,0,0,204,222,2483055,237,0,60,0,0,0,0,246,237,60,18446744073709551509,0,0,2482948
fd00::202:2:2:2,18,0,1,203,222,2493488,238,0,60,0,0,0,0,247,238,60,18446744073709551481,0,0,2493353
fd00::202:2:2:2,18,0,0,204,222,2503921,239,0,60,0,0,0,0,248,239,60,18446744073709551511,0,0,2503816
fd00::202:2:2:2,18,0,0,204,222,2514359,240,0,60,0,0,0,0,249,240,60,18446744073709551496,0,0,2514239
fd00::202:2:2:2,18,0,0,204,222,2524787,241,0,60,0,0,0,0,250,241,60,18446744073709551477,0,0,2524648
fd00::202:2:2:2,18,0,0,204,222,2535220,242,0,60,0,0,0,0,251,242,60,18446744073709551515,0,0,2535119
fd00::202:2:2:2,18,0,0,204,222,2545653,243,0,60,0,0,0,0,252,243,60,18446744073709551511,0,0,2545548
fd00::202:2:2:2,18,0,0,204,222,2556086,244,0,60,0,0,0,0,253,244,60,18446744073709551489,0,0,2555959
fd00::202:2:2:2,18,0,0,204,222,2566519,245,0,60,0,0,0,0,254,245,60,18446744073709551511,0,0,2566414
fd00::202:2:2:2,18,0,0,204,222,2576952,246,0,60,0,0,0,0,255,246,60,18446744073709551495,0,0,2576831
fd00::202:2:2:2,18,0,0,204,222,2587385,247,0,60,0,0,0,0,256,247,60,18446744073709551480,0,0,2587249
fd00::202:2:2:2,18,0,0,204,222,2597818,248,0,60,0,0,0,0,257,248,60,18446744073709551511,0,0,2597713
fd00::202:2:2:2,18,0,0,204,222,2608251,249,0,60,0,0,0,0,258,249,60,18446744073709551498,0,0,2608133
fd00::202:2:2:2,18,0,0,205,223,2618688,250,0,60,0,0,0,0,259,250,60,18446744073709551485,0,0,2618557
fd00::202:2:2:2,18,0,0,204,222,2629117,251,0,60,0,0,0,0,260,251,60,18446744073709551505,0,0,2629006
fd00::202:2:2:2,18,0,0,204,222,2639550,252,0,60,0,0,0,0,261,252,60,18446744073709551517,0,0,2639451
fd00::202:2:2:2,18,0,0,204,222,2649983,253,0,60,0,0,0,0,262,253,60,18446744073709551496,0,0,2649863
fd00::202:2:2:2,18,0,0,204,222,2660416,254,0,60,0,0,0,0,264,254,60,18446744073709551571,0,0,2660371
fd00::202:2:2:2,18,0,0,204,222,2670849,255,0,60,0,0,0,0,265,255,60,18446744073709551478,0,0,2670711
fd00::202:2:2:2,18,0,0,204,222,2681282,256,0,60,0,0,0,0,266,256,60,18446744073709551515,0,0,2681181
fd00::202:2:2:2,18,0,0,204,222,2691715,257,0,60,0,0,0,0,267,257,60,18446744073709551501,0,0,2691600
fd00::202:2:2:2,18,0,0,204,222,2702148,258,0,60,0,0,0,0,268,258,60,18446744073709551498,0,0,2702030
fd00::202:2:2:2,18,0,0,204,222,2712581,259,0,60,0,0,0,0,269,259,60,18446744073709551503,0,0,2712468
fd00::202:2:2:2,18,0,0,204,222,2723014,260,0,60,0,0,0,0,270,260,60,18446744073709551497,0,0,2722895
fd00::202:2:2:2,18,0,0,204,222,2733447,261,0,60,0,0,0,0,271,261,60,18446744073709551508,0,0,2733339
fd00::202:2:2:2,18,0,0,204,222,2743880,262,0,60,0,0,0,0,272,262,60,18446744073709551480,0,0,2743744
fd00::202:2:2:2,18,0,1,204,223,2754313,263,0,60,0,0,0,0,273,263,60,18446744073709551491,0,0,2754188
fd00::202:2:2:2,18,0,1,204,223,2764746,264,0,60,0,0,0,0,274,264,60,18446744073709551492,0,0,2764622
fd00::202:2:2:2,18,0,0,204,222,2775179,265,0,60,0,0,0,0,275,265,60,18446744073709551514,0,0,2775077
fd00::202:2:2:2,18,0,0,204,222,2785612,266,0,60,0,0,0,0,276,266,60,18446744073709551477,0,0,2785473
fd00::202:2:2:2,18,0,0,204,222,2796045,267,0,60,0,0,0,0,277,267,60,18446744073709551495,0,0,2795924
fd00::202:2:2:2,18,0,0,204,222,2806478,268,0,60,0,0,0,0,278,268,60,18446744073709551512,0,0,2806374
fd00::202:2:2:2,18,0,0,204,222,2816911,269,0,60,0,0,0,0,279,269,60,18446744073709551483,0,0,2816778
fd00::202:2:2:2,18,0,0,204,222,2827344,270,0,60,0,0,0,0,280,270,60,18446744073709551479,0,0,2827207
fd00::202:2:2:2,18,0,0,204,222,2837777,271,0,60,0,0,0,0,281,271,60,18446744073709551509,0,0,2837670
fd00::202:2:2:2,18,0,0,204,222,2848210,272,0,60,0,0,0,0,282,272,60,18446744073709551532,0,0,2848126
fd00::202:2:2:2,18,0,0,204,222,2858643,273,0,60,0,0,0,0,283,273,60,18446744073709551515,0,0,2858542
fd00::202:2:2:2,18,0,0,204,222,2869076,274,0,60,0,0,0,0,284,274,60,18446744073709551478,0,0,2868938
fd00::202:2:2:2,18,0,0,204,222,2879509,275,0,60,0,0,0,0,285,275,60,18446744073709551511,0,0,2879404
fd00::202:2:2:2,18,0,0,204,222,2889942,276,0,60,0,0,0,0,286,276,60,18446744073709551480,0,0,2889806
fd00::202:2:2:2,18,0,0,204,222,2900375,277,0,60,0,0,0,0,288,277,60,18446744073709551511,0,0,2900270
fd00::202:2:2:2,18,0,1,204,223,2910808,278,0,60,0,0,0,0,289,278,60,18446744073709551495,0,0,2910687
fd00::202:2:2:2,18,0,0,204,222,2921241,279,0,60,0,0,0,0,290,279,60,18446744073709551508,0,0,2921133
fd00::202:2:2:2,18,0,0,204,222,2931674,280,0,60,0,0,0,0,291,280,60,18446744073709551501,0,0,2931559
fd00::202:2:2:2,18,0,1,203,222,2942107,281,0,60,0,0,0,0,292,281,60,18446744073709551513,0,0,2942004
fd00::202:2:2:2,18,0,0,204,222,2952540,282,0,60,0,0,0,0,293,282,60,18446744073709551483,0,0,2952407
fd00::202:2:2:2,18,0,0,204,222,2962973,283,0,60,0,0,0,0,294,283,60,18446744073709551501,0,0,2962858
fd00::202:2:2:2,18,0,0,204,222,2973406,284,0,60,0,0,0,0,295,284,60,18446744073709551503,0,0,2973293
fd00::202:2:2:2,18,0,0,204,222,2983839,285,0,60,0,0,0,0,296,285,60,18446744073709551491,0,0,2983714
fd00::202:2:2:2,18,0,1,204,223,2994272,286,0,60,0,0,0,0,297,286,60,18446744073709551479,0,0,2994135
fd00::202:2:2:2,18,0,0,204,222,3004705,287,0,60,0,0,0,0,298,287,60,18446744073709551513,0,0,3004602
fd00::202:2:2:2,18,0,0,204,222,3015138,288,0,60,0,0,0,0,299,288,60,18446744073709551479,0,0,3015001
fd00::202:2:2:2,18,0,0,204,222,3025571,289,0,60,0,0,0,0,300,289,60,18446744073709551503,0,0,3025458
fd00::202:2:2:2,18,0,0,204,222,3036004,290,0,60,0,0,0,0,301,290,60,18446744073709551480,0,0,3035868
fd00::202:2:2:2,18,0,0,204,222,3046437,291,0,60,0,0,0,0,302,291,60,18446744073709551507,0,0,3046328
fd00::202:2:2:2,18,0,0,204,222,3056870,292,0,60,0,0,0,0,303,292,60,18446744073709551481,0,0,3056735
fd00::202:2:2:2,18,0,0,204,222,3067303,293,0,60,0,0,0,0,304,293,60,18446744073709551485,0,0,3067172
fd00::202:2:2:2,18,0,0,204,222,3077736,294,0,60,0,0,0,0,305,294,60,18446744073709551478,0,0,3077598
fd00::202:2:2:2,18,0,0,205,223,3088169,295,0,60,0,0,0,0,306,295,60,18446744073709551493,0,0,3088046
fd00::202:2:2:2,18,0,0,204,222,3098602,296,0,60,0,0,0,0,307,296,60,18446744073709551477,0,0,3098463
fd00::202:2:2:2,18,0,0,204,222,3109035,297,0,60,0,0,0,0,308,297,60,18446744073709551478,0,0,3108897
fd00::202:2:2:2,18,0,0,204,222,3119468,298,0,60,0,0,0,0,309,298,60,18446744073709551481,0,0,3119333
fd00::202:2:2:2,18,0,0,204,222,3129901,299,0,60,0,0,0,0,310,299,60,18446744073709551488,0,0,3129773
fd00::202:2:2:2,18,0,0,204,222,3140334,300,0,60,0,0,0,0,312,300,60,18446744073709551508,0,0,3140226
fd00::202:2:2:2,18,0,0,204,222,3150767,301,0,60,0,0,0,0,313,301,60,18446744073709551508,0,0,3150659
fd00::202:2:2:2,18,0,0,204,222,3161200,302,0,60,0,0,0,0,314,302,60,18446744073709551483,0,0,3161067
fd00::202:2:2:2,18,0,0,204,222,3171633,303,0,60,0,0,0,0,315,303,60,18446744073709551502,0,0,3171519
fd00::202:2:2:2,18,0,0,204,222,3182066,304,0,60,0,0,0,0,316,304,60,18446744073709551512,0,0,3181962
fd00::202:2:2:2,18,0,0,204,222,3192499,305,0,60,0,0,0,0,317,305,60,18446744073709551508,0,0,3192391
fd00::202:2:2:2,18,0,0,204,222,3202932,306,0,60,0,0,0,0,318,306,60,18446744073709551488,0,0,3202804
fd00::202:2:2:2,18,0,0,204,222,3213365,307,0,60,0,0,0,0,319,307,60,18446744073709551496,0,0,3213245
fd00::202:2:2:2,18,0,0,204,222,3223798,308,0,60,0,0,0,0,320,308,60,18446744073709551513,0,0,3223695
fd00::202:2:2:2,18,0,0,204,222,3234231,309,0,60,0,0,0,0,321,309,60,18446744073709551492,0,0,3234107
fd00::202:2:2:2,18,0,0,204,222,3244664,310,0,60,0,0,0,0,322,310,60,18446744073709551479,0,0,3244527
fd00::202:2:2:2,18,0,0,204,222,3255097,311,0,60,0,0,0,0,323,311,60,18446744073709551497,0,0,3254978
fd00::202:2:2:2,18,0,0,204,222,3265530,312,0,60,0,0,0,0,324,312,60,18446744073709551493,0,0,3265407
fd00::202:2:2:2,18,0,0,204,222,3275964,313,0,60,0,0,0,0,325,313,60,18446744073709551493,0,0,3275841
fd00::202:2:2:2,18,0,0,204,222,3286396,314,0,60,0,0,0,0,326,314,60,18446744073709551486,0,0,3286266
fd00::202:2:2:2,18,0,0,204,222,3296829,315,0,60,0,0,0,0,327,315,60,18446744073709551481,0,0,3296694
fd00::202:2:2:2,18,0,0,204,222,3307262,316,0,60,0,0,0,0,328,316,60,18446744073709551512,0,0,3307158
fd00::202:2:2:2,18,0,0,204,222,3317695,317,0,60,0,0,0,0,329,317,60,18446744073709551490,0,0,3317569
fd00::202:2:2:2,18,0,0,205,223,3328128,318,0,60,0,0,0,0,330,318,60,18446744073709551492,0,0,3328004
fd00::202:2:2:2,18,0,0,204,222,3338561,319,0,60,0,0,0,0,331,319,60,18446744073709551495,0,0,3338440
fd00::202:2:2:2,18,0,0,204,222,3348994,320,0,60,0,0,0,0,332,320,60,18446744073709551516,0,0,3348894
fd00::202:2:2:2,18,0,0,204,222,3359427,321,0,60,0,0,0,0,333,321,60,18446744073709551494,0,0,3359305
fd00::202:2:2:2,18,0,0,204,222,3369860,322,0,60,0,0,0,0,334,322,60,18446744073709551504,0,0,3369748
fd00::202:2:2:2,18,0,0,204,222,3380293,323,0,60,0,0,0,0,336,323,60,18446744073709551546,0,0,3380223
fd00::202:2:2:2,18,0,0,204,222,3390726,324,0,60,0,0,0,0,337,324,60,18446744073709551478,0,0,3390588
fd00::202:2:2:2,18,0,0,204,222,3401159,325,0,60,0,0,0,0,338,325,60,18446744073709551480,0,0,3401023
fd00::202:2:2:2,18,0,0,204,222,3411592,326,0,60,0,0,0,0,339,326,60,18446744073709551505,0,0,3411481
fd00::202:2:2:2,18,0,0,204,222,3422025,327,0,60,0,0,0,0,340,327,60,18446744073709551515,0,0,3421924
fd00::202:2:2:2,18,0,0,204,222,3432458,328,0,60,0,0,0,0,341,328,60,18446744073709551488,0,0,3432330
fd00::202:2:2:2,18,0,0,204,222,3442891,329,0,60,0,0,0,0,342,329,60,18446744073709551505,0,0,3442780
fd00::202:2:2:2,18,0,0,204,222,3453324,330,0,60,0,0,0,0,343,330,60,18446744073709551480,0,0,3453188
fd00::202:2:2:2,18,0,0,204,222,3463757,331,0,60,0,0,0,0,344,331,60,18446744073709551517,0,0,3463658
fd00::202:2:2:2,18,0,0,204,222,3474190,332,0,60,0,0,0,0,345,332,60,18446744073709551481,0,0,3474055
fd00::202:2:2:2,18,0,0,204,222,3484623,333,0,60,0,0,0,0,346,333,60,18446744073709551514,0,0,3484521
fd00::202:2:2:2,18,0,0,204,222,3495056,334,0,60,0,0,0,0,347,334,60,18446744073709551481,0,0,3494921
fd00::202:2:2:2,18,0,0,204,222,3505489,335,0,60,0,0,0,0,348,335,60,18446744073709551507,0,0,3505380
fd00::202:2:2:2,18,0,0,204,222,3515922,336,0,60,0,0,0,0,349,336,60,18446744073709551485,0,0,3515791
fd00::202:2:2:2,18,0,0,204,222,3526355,337,0,60,0,0,0,0,350,337,60,18446744073709551494,0,0,3526233
fd00::202:2:2:2,18,0,0,204,222,3536788,338,0,60,0,0,0,0,351,338,60,18446744073709551494,0,0,3536666
fd00::202:2:2:2,18,0,0,204,222,3547221,339,0,60,0,0,0,0,352,339,60,18446744073709551488,0,0,3547093
fd00::202:2:2:2,18,0,0,204,222,3557654,340,0,60,0,0,0,0,353,340,60,18446744073709551498,0,0,3557536
fd00::202:2:2:2,18,0,0,204,222,3568087,341,0,60,0,0,0,0,354,341,60,18446744073709551479,0,0,3567950
fd00::202:2:2:2,18,0,0,204,222,3578520,342,0,60,0,0,0,0,355,342,60,18446744073709551492,0,0,3578396
fd00::202:2:2:2,18,0,0,204,222,3588953,343,0,60,0,0,0,0,356,343,60,18446744073709551481,0,0,3588818
fd00::202:2:2:2,18,0,0,204,222,3599386,344,0,60,0,0,0,0,357,344,60,18446744073709551494,0,0,3599264
fd00::203:3:3:3,59,0,0,646,705,32863,1,0,60,0,0,0,0,0,1,60,555,1,0,33418
fd00::203:3:3:3,19,0,0,215,234,43817,2,0,60,0,0,0,0,1,2,60,573,1,0,44390
fd00::203:3:3:3,19,0,0,215,234,54771,3,0,60,0,0,0,0,2,3,60,602,1,0,55373
fd00::203:3:3:3,19,0,0,214,233,65725,4,0,60,0,0,0,0,3,4,60,600,1,0,66325
fd00::203:3:3:3,19,0,0,214,233,76679,5,0,60,0,0,0,0,4,5,60,601,1,0,77280
fd00::203:3:3:3,19,0,0,215,234,87633,6,0,60,0,0,0,0,5,6,60,573,1,0,88206
fd00::203:3:3:3,19,0,0,214,233,98587,7,0,60,0,0,0,0,6,7,60,560,1,0,99147
fd00::203:3:3:3,19,0,0,215,234,109541,8,0,60,0,0,0,0,8,8,60,659,1,0,110200
fd00::203:3:3:3,19,0,1,214,234,120495,9,0,60,0,0,0,0,9,9,60,575,1,0,121070
fd00::203:3:3:3,19,0,0,215,234,131449,10,0,60,0,0,0,0,10,10,60,573,1,0,132022
fd00::203:3:3:3,19,0,0,215,234,142403,11,0,60,0,0,0,0,11,11,60,580,1,0,142983
fd00::203:3:3:3,19,0,0,215,234,153357,12,0,60,0,0,0,0,12,12,60,560,1,0,153917
fd00::203:3:3:3,19,0,0,215,234,164311,13,0,60,0,0,0,0,13,13,60,563,1,0,164874
fd00::203:3:3:3,19,0,0,215,234,175265,14,0,60,0,0,0,0,14,14,60,577,1,0,175842
fd00::203:3:3:3,19,0,0,215,234,186219,15,0,60,0,0,0,0,15,15,60,570,1,0,186789
fd00::203:3:3:3,19,0,0,215,234,197173,16,0,60,0,0,0,0,16,16,60,562,1,0,197735
fd00::203:3:3:3,19,0,0,215,234,208127,17,0,60,0,0,0,0,17,17,60,552,1,0,208679
fd00::203:3:3:3,19,0,0,215,234,219081,18,0,60,0,0,0,0,18,18,60,561,1,0,219642
fd00::203:3:3:3,19,0,0,215,234,230035,19,0,60,0,0,0,0,20,19,60,549,1,0,230584
fd00::203:3:3:3,19,0,0,215,234,240989,20,0,60,0,0,0,0,21,20,60,549,1,0,241538
fd00::203:3:3:3,19,0,0,215,234,251943,21,0,60,0,0,0,0,22,21,60,569,1,0,252512
fd00::203:3:3:3,19,0,0,215,234,262897,22,0,60,0,0,0,0,23,22,60,557,1,0,263454
fd00::203:3:3:3,19,0,0,215,234,273851,23,0,60,0,0,0,0,24,23,60,551,1,0,274402
fd00::203:3:3:3,19,0,0,215,234,284805,24,0,60,0,0,0,0,25,24,60,574,1,0,285379
fd00::203:3:3:3,19,0,0,215,234,295759,25,0,60,0,0,0,0,26,25,60,571,1,0,296330
fd00::203:3:3:3,19,0,0,215,234,306713,26,0,60,0,0,0,0,27,26,60,551,1,0,307264
fd00::203:3:3:3,19,0,0,215,234,317667,27,0,60,0,0,0,0,28,27,60,587,1,0,318254
fd00::203:3:3:3,19,0,0,215,234,328621,28,0,60,0,0,0,0,29,28,60,592,1,0,329213
fd00::203:3:3:3,19,0,0,215,234,339575,29,0,60,0,0,0,0,31,29,60,613,1,0,340188
fd00::203:3:3:3,19,0,0,214,233,350529,30,0,60,0,0,0,0,32,30,60,563,1,0,351092
fd00::203:3:3:3,19,0,0,215,234,361483,31,0,60,0,0,0,0,33,31,60,564,1,0,362047
fd00::203:3:3:3,19,0,0,215,234,372437,32,0,60,0,0,0,0,34,32,60,592,1,0,373029
fd00::203:3:3:3,19,0,1,214,234,383391,33,0,60,0,0,0,0,35,33,60,573,1,0,383964
fd00::203:3:3:3,19,0,0,215,234,394345,34,0,60,0,0,0,0,36,34,60,573,1,0,394918
fd00::203:3:3:3,19,0,0,215,234,405299,35,0,60,0,0,0,0,37,35,60,568,1,0,405867
fd00::203:3:3:3,19,0,0,215,234,416253,36,0,60,0,0,0,0,38,36,60,553,1,0,416806
fd00::203:3:3:3,19,0,0,215,234,427207,37,0,60,0,0,0,0,39,37,60,557,1,0,427764
fd00::203:3:3:3,19,0,0,215,234,438161,38,0,60,0,0,0,0,40,38,60,574,1,0,438735
fd00::203:3:3:3,19,0,0,214,233,449115,39,0,60,0,0,0,0,41,39,60,553,1,0,449668
fd00::203:3:3:3,19,0,0,215,234,460069,40,0,60,0,0,0,0,43,40,60,551,1,0,460620
fd00::203:3:3:3,19,0,0,215,234,471023,41,0,60,0,0,0,0,44,41,60,573,1,0,471596
fd00::203:3:3:3,19,0,0,214,233,481977,42,0,60,0,0,0,0,45,42,60,585,1,0,482562
fd00::203:3:3:3,19,0,0,215,234,492931,43,0,60,0,0,0,0,46,43,60,549,1,0,493480
fd00::203:3:3:3,19,0,0,215,234,503885,44,0,60,0,0,0,0,47,44,60,569,1,0,504454
fd00::203:3:3:3,19,0,0,214,233,514839,45,0,60,0,0,0,0,48,45,60,664,1,0,515503
fd00::203:3:3:3,19,0,0,215,234,525793,46,0,60,0,0,0,0,49,46,60,572,1,0,526365
fd00::203:3:3:3,19,0,1,214,234,536747,47,0,60,0,0,0,0,50,47,60,572,1,0,537319
fd00::203:3:3:3,19,0,0,215,234,547701,48,0,60,0,0,0,0,51,48,60,587,1,0,548288
fd00::203:3:3:3,19,0,0,214,233,558655,49,0,60,0,0,0,0,52,49,60,591,1,0,559246
fd00::203:3:3:3,19,0,0,215,234,569609,50,0,60,0,0,0,0,54,50,60,595,1,0,570204
fd00::203:3:3:3,19,0,0,214,233,580563,51,0,60,0,0,0,0,55,51,60,598,1,0,581161
fd00::203:3:3:3,19,0,1,214,234,591517,52,0,60,0,0,0,0,56,52,60,571,1,0,592088
fd00::203:3:3:3,19,0,0,215,234,602471,53,0,60,0,0,0,0,57,53,60,567,1,0,603038
fd00::203:3:3:3,19,0,0,215,234,613425,54,0,60,0,0,0,0,58,54,60,561,1,0,613986
fd00::203:3:3:3,19,0,0,215,234,624379,55,0,60,0,0,0,0,59,55,60,571,1,0,624950
fd00::203:3:3:3,19,0,0,215,234,635333,56,0,60,0,0,0,0,60,56,60,564,1,0,635897
fd00::203:3:3:3,19,0,0,215,234,646287,57,0,60,0,0,0,0,61,57,60,576,1,0,646863
fd00::203:3:3:3,19,0,0,215,234,657241,58,0,60,0,0,0,0,62,58,60,586,1,0,657827
fd00::203:3:3:3,19,0,0,215,234,668195,59,0,60,0,0,0,0,63,59,60,547,1,0,668742
fd00::203:3:3:3,19,0,0,215,234,679149,60,0,60,0,0,0,0,64,60,60,570,1,0,679719
fd00::203:3:3:3,19,0,0,214,233,690103,61,0,60,0,0,0,0,66,61,60,566,1,0,690669
fd00::203:3:3:3,19,0,0,215,234,701057,62,0,60,0,0,0,0,67,62,60,568,1,0,701625
fd00::203:3:3:3,19,0,0,215,234,712011,63,0,60,0,0,0,0,68,63,60,544,1,0,712555
fd00::203:3:3:3,19,0,0,215,234,722965,64,0,60,0,0,0,0,69,64,60,563,1,0,723528
fd00::203:3:3:3,19,0,0,215,234,733919,65,0,60,0,0,0,0,70,65,60,569,1,0,734488
fd00::203:3:3:3,19,0,0,215,234,744873,66,0,60,0,0,0,0,71,66,60,544,1,0,745417
fd00::203:3:3:3,19,0,0,215,234,755827,67,0,60,0,0,0,0,72,67,60,551,1,0,756378
fd00::203:3:3:3,19,0,0,215,234,766781,68,0,60,0,0,0,0,73,68,60,578,1,0,767359
fd00::203:3:3:3,19,0,0,215,234,777735,69,0,60,0,0,0,0,74,69,60,605,1,0,778340
fd00::203:3:3:3,19,0,0,215,234,788689,70,0,60,0,0,0,0,75,70,60,574,1,0,789263
fd00::203:3:3:3,19,0,0,215,234,799643,71,0,60,0,0,0,0,77,71,60,580,1,0,800223
fd00::203:3:3:3,19,0,0,215,234,810597,72,0,60,0,0,0,0,78,72,60,561,1,0,811158
fd00::203:3:3:3,19,0,0,215,234,821551,73,0,60,0,0,0,0,79,73,60,554,1,0,822105
fd00::203:3:3:3,19,0,0,215,234,832505,74,0,60,0,0,0,0,80,74,60,568,1,0,833073
fd00::203:3:3:3,19,0,0,215,234,843459,75,0,60,0,0,0,0,81,75,60,591,1,0,844050
fd00::203:3:3:3,19,0,0,215,234,854413,76,0,60,0,0,0,0,82,76,60,565,1,0,854978
fd00::203:3:3:3,19,0,0,215,234,865367,77,0,60,0,0,0,0,83,77,60,560,1,0,865927
fd00::203:3:3:3,19,0,0,215,234,876321,78,0,60,0,0,0,0,84,78,60,566,1,0,876887
fd00::203:3:3:3,19,0,0,215,234,887275,79,0,60,0,0,0,0,85,79,60,568,1,0,887843
fd00::203:3:3:3,19,0,0,215,234,898229,80,0,60,0,0,0,0,86,80,60,555,1,0,898784
fd00::203:3:3:3,19,0,0,215,234,909183,81,0,60,0,0,0,0,87,81,60,571,1,0,909754
fd00::203:3:3:3,19,0,0,215,234,920137,82,0,60,0,0,0,0,89,82,60,568,1,0,920705
fd00::203:3:3:3,19,0,0,215,234,931091,83,0,60,0,0,0,0,90,83,60,604,1,0,931695
fd00::203:3:3:3,19,0,0,215,234,942045,84,0,60,0,0,0,0,91,84,60,581,1,0,942626
fd00::203:3:3:3,19,0,0,215,234,952999,85,0,60,0,0,0,0,92,85,60,596,1,0,953595
fd00::203:3:3:3,19,0,0,215,234,963953,86,0,60,0,0,0,0,93,86,60,581,1,0,964534
fd00::203:3:3:3,19,0,0,215,234,974907,87,0,60,0,0,0,0,94,87,60,584,1,0,975491
fd00::203:3:3:3,19,0,0,215,234,985861,88,0,60,0,0,0,0,95,88,60,590,1,0,986451
fd00::203:3:3:3,19,0,0,215,234,996815,89,0,60,0,0,0,0,96,89,60,578,1,0,997393
fd00::203:3:3:3,19,0,0,215,234,1007769,90,0,60,0,0,0,0,97,90,60,555,1,0,1008324
fd00::203:3:3:3,19,0,0,215,234,1018723,91,0,60,0,0,0,0,98,91,60,567,1,0,1019290
fd00::203:3:3:3,19,0,0,215,234,1029677,92,0,60,0,0,0,0,100,92,60,686,1,0,1030363
fd00::203:3:3:3,19,0,1,214,234,1040632,93,0,60,0,0,0,0,101,93,60,556,1,0,1041188
fd00::203:3:3:3,19,0,0,214,233,1051585,94,0,60,0,0,0,0,102,94,60,562,1,0,1052147
fd00::203:3:3:3,19,0,0,215,234,1062539,95,0,60,0,0,0,0,103,95,60,573,1,0,1063112
fd00::203:3:3:3,19,0,0,215,234,1073493,96,0,60,0,0,0,0,104,96,60,565,1,0,1074058
fd00::203:3:3:3,19,0,0,215,234,1084447,97,0,60,0,0,0,0,105,97,60,580,1,0,1085027
fd00::203:3:3:3,19,0,0,215,234,1095401,98,0,60,0,0,0,0,106,98,60,561,1,0,1095962
fd00::203:3:3:3,19,0,0,215,234,1106355,99,0,60,0,0,0,0,107,99,60,579,1,0,1106934
fd00::203:3:3:3,19,0,0,214,233,1117309,100,0,60,0,0,0,0,108,100,60,548,1,0,1117857
fd00::203:3:3:3,19,0,0,215,234,1128263,101,0,60,0,0,0,0,109,101,60,571,1,0,1128834
fd00::203:3:3:3,19,0,0,214,233,1139217,102,0,60,0,0,0,0,110,102,60,561,1,0,1139778
fd00::203:3:3:3,19,0,0,215,234,1150171,103,0,60,0,0,0,0,112,103,60,539,1,0,1150710
fd00::203:3:3:3,19,0,0,214,233,1161125,104,0,60,0,0,0,0,113,104,60,568,1,0,1161693
fd00::203:3:3:3,19,0,0,215,234,1172079,105,0,60,0,0,0,0,114,105,60,576,1,0,1172655
fd00::203:3:3:3,19,0,0,215,234,1183033,106,0,60,0,0,0,0,115,106,60,554,1,0,1183587
fd00::203:3:3:3,19,0,0,215,234,1193987,107,0,60,0,0,0,0,116,107,60,574,1,0,1194561
fd00::203:3:3:3,19,0,1,214,234,1204941,108,0,60,0,0,0,0,117,108,60,567,1,0,1205508
fd00::203:3:3:3,19,0,0,215,234,1215895,109,0,60,0,0,0,0,118,109,60,542,1,0,1216437
fd00::203:3:3:3,19,0,0,215,234,1226849,110,0,60,0,0,0,0,119,110,60,574,1,0,1227423
fd00::203:3:3:3,19,0,0,215,234,1237803,111,0,60,0,0,0,0,120,111,60,585,1,0,1238388
fd00::203:3:3:3,19,0,0,215,234,1248757,112,0,60,0,0,0,0,121,112,60,591,1,0,1249348
fd00::203:3:3:3,19,0,1,214,234,1259711,113,0,60,0,0,0,0,123,113,60,621,1,0,1260332
fd00::203:3:3:3,19,0,0,215,234,1270665,114,0,60,0,0,0,0,124,114,60,542,1,0,1271207
fd00::203:3:3:3,19,0,0,215,234,1281619,115,0,60,0,0,0,0,125,115,60,592,1,0,1282211
fd00::203:3:3:3,19,0,0,215,234,1292573,116,0,60,0,0,0,0,126,116,60,554,1,0,1293127
fd00::203:3:3:3,19,0,0,215,234,1303527,117,0,60,0,0,0,0,127,117,60,558,1,0,1304085
fd00::203:3:3:3,19,0,0,215,234,1314481,118,0,60,0,0,0,0,128,118,60,581,1,0,1315062
fd00::203:3:3:3,19,0,0,215,234,1325435,119,0,60,0,0,0,0,129,119,60,552,1,0,1325987
fd00::203:3:3:3,19,0,0,215,234,1336389,120,0,60,0,0,0,0,130,120,60,554,1,0,1336943
fd00::203:3:3:3,19,0,0,215,234,1347343,121,0,60,0,0,0,0,131,121,60,564,1,0,1347907
fd00::203:3:3:3,19,0,0,215,234,1358297,122,0,60,0,0,0,0,132,122,60,533,1,0,1358830
fd00::203:3:3:3,19,0,0,215,234,1369251,123,0,60,0,0,0,0,133,123,60,575,1,0,1369826
fd00::203:3:3:3,19,0,0,214,233,1380205,124,0,60,0,0,0,0,135,124,60,587,1,0,1380792
fd00::203:3:3:3,19,0,0,215,234,1391159,125,0,60,0,0,0,0,136,125,60,563,1,0,1391722
fd00::203:3:3:3,19,0,0,215,234,1402113,126,0,60,0,0,0,0,137,126,60,538,1,0,1402651
fd00::203:3:3:3,19,0,0,215,234,1413067,127,0,60,0,0,0,0,138,127,60,598,1,0,1413665
fd00::203:3:3:3,19,0,0,215,234,1424021,128,0,60,0,0,0,0,139,128,60,573,1,0,1424594
fd00::203:3:3:3,19,0,0,215,234,1434975,129,0,60,0,0,0,0,140,129,60,577,1,0,1435552
fd00::203:3:3:3,19,0,0,215,234,1445929,130,0,60,0,0,0,0,141,130,60,570,1,0,1446499
fd00::203:3:3:3,19,0,0,215,234,1456883,131,0,60,0,0,0,0,142,131,60,566,1,0,1457449
fd00::203:3:3:3,19,0,0,215,234,1467837,132,0,60,0,0,0,0,143,132,60,566,1,0,1468403
fd00::203:3:3:3,19,0,0,215,234,1478791,133,0,60,0,0,0,0,144,133,60,578,1,0,1479369
fd00::203:3:3:3,19,0,0,215,234,1489745,134,0,60,0,0,0,0,146,134,60,589,1,0,1490334
fd00::203:3:3:3,19,0,0,215,234,1500699,135,0,60,0,0,0,0,147,135,60,565,1,0,1501264
fd00::203:3:3:3,19,0,0,215,234,1511653,136,0,60,0,0,0,0,148,136,60,540,1,0,1512193
fd00::203:3:3:3,19,0,0,215,234,1522607,137,0,60,0,0,0,0,149,137,60,545,1,0,1523152
fd00::203:3:3:3,19,0,0,215,234,1533561,138,0,60,0,0,0,0,150,138,60,590,1,0,1534151
fd00::203:3:3:3,19,0,0,215,234,1544515,139,0,60,0,0,0,0,151,139,60,562,1,0,1545077
fd00::203:3:3:3,19,0,0,215,234,1555469,140,0,60,0,0,0,0,152,140,60,536,1,0,1556005
fd00::203:3:3:3,19,0,0,215,234,1566423,141,0,60,0,0,0,0,153,141,60,560,1,0,1566983
fd00::203:3:3:3,19,0,0,215,234,1577377,142,0,60,0,0,0,0,154,142,60,586,1,0,1577963
fd00::203:3:3:3,19,0,0,214,233,1588331,143,0,60,0,0,0,0,155,143,60,558,1,0,1588889
fd00::203:3:3:3,19,0,0,215,234,1599285,144,0,60,0,0,0,0,156,144,60,573,1,0,1599858
fd00::203:3:3:3,19,0,0,215,234,1610239,145,0,60,0,0,0,0,158,145,60,568,1,0,1610807
fd00::203:3:3:3,19,0,0,215,234,1621193,146,0,60,0,0,0,0,159,146,60,597,1,0,1621790
fd00::203:3:3:3,19,0,0,215,234,1632147,147,0,60,0,0,0,0,160,147,60,569,1,0,1632716
fd00::203:3:3:3,19,0,0,215,234,1643101,148,0,60,0,0,0,0,161,148,60,586,1,0,1643687
fd00::203:3:3:3,19,0,0,215,234,1654055,149,0,60,0,0,0,0,162,149,60,554,1,0,1654609
fd00::203:3:3:3,19,0,0,215,234,1665009,150,0,60,0,0,0,0,163,150,60,570,1,0,1665579
fd00::203:3:3:3,19,0,0,215,234,1675963,151,0,60,0,0,0,0,164,151,60,571,1,0,1676534
fd00::203:3:3:3,19,0,0,215,234,1686917,152,0,60,0,0,0,0,165,152,60,576,1,0,1687493
fd00::203:3:3:3,19,0,0,215,234,1697871,153,0,60,0,0,0,0,166,153,60,585,1,0,1698456
fd00::203:3:3:3,19,0,0,215,234,1708825,154,0,60,0,0,0,0,167,154,60,587,1,0,1709412
fd00::203:3:3:3,19,0,0,215,234,1719779,155,0,60,0,0,0,0,169,155,60,587,1,0,1720366
fd00::203:3:3:3,19,0,0,215,234,1730733,156,0,60,0,0,0,0,170,156,60,599,1,0,1731332
fd00::203:3:3:3,19,0,0,214,233,1741687,157,0,60,0,0,0,0,171,157,60,595,1,0,1742282
fd00::203:3:3:3,19,0,0,215,234,1752641,158,0,60,0,0,0,0,172,158,60,588,1,0,1753229
fd00::203:3:3:3,19,0,0,215,234,1763595,159,0,60,0,0,0,0,173,159,60,598,1,0,1764193
fd00::203:3:3:3,19,0,0,215,234,1774549,160,0,60,0,0,0,0,174,160,60,574,1,0,1775123
fd00::203:3:3:3,19,0,0,215,234,1785503,161,0,60,0,0,0,0,175,161,60,576,1,0,1786079
fd00::203:3:3:3,19,0,1,214,234,1796457,162,0,60,0,0,0,0,176,162,60,547,1,0,1797004
fd00::203:3:3:3,19,0,0,215,234,1807411,163,0,60,0,0,0,0,177,163,60,571,1,0,1807982
fd00::203:3:3:3,19,0,0,215,234,1818365,164,0,60,0,0,0,0,178,164,60,575,1,0,1818940
fd00::203:3:3:3,19,0,0,215,234,1829319,165,0,60,0,0,0,0,179,165,60,582,1,0,1829901
fd00::203:3:3:3,19,0,0,215,234,1840273,166,0,60,0,0,0,0,181,166,60,559,1,0,1840832
fd00::203:3:3:3,19,0,0,215,234,1851227,167,0,60,0,0,0,0,182,167,60,567,1,0,1851794
fd00::203:3:3:3,19,0,0,215,234,1862181,168,0,60,0,0,0,0,183,168,60,541,1,0,1862722
fd00::203:3:3:3,19,0,0,215,234,1873135,169,0,60,0,0,0,0,184,169,60,562,1,0,1873697
fd00::203:3:3:3,19,0,0,215,234,1884089,170,0,60,0,0,0,0,185,170,60,553,1,0,1884642
fd00::203:3:3:3,19,0,0,215,234,1895043,171,0,60,0,0,0,0,186,171,60,556,1,0,1895599
fd00::203:3:3:3,19,0,0,215,234,1905997,172,0,60,0,0,0,0,187,172,60,588,1,0,1906585
fd00::203:3:3:3,19,0,0,215,234,1916951,173,0,60,0,0,0,0,188,173,60,561,1,0,1917512
fd00::203:3:3:3,19,0,0,215,234,1927905,174,0,60,0,0,0,0,189,174,60,599,1,0,1928504
fd00::203:3:3:3,19,0,0,215,234,1938859,175,0,60,0,0,0,0,190,175,60,557,1,0,1939416
fd00::203:3:3:3,19,0,0,215,234,1949813,176,0,60,0,0,0,0,192,176,60,606,1,0,1950419
fd00::203:3:3:3,19,0,0,215,234,1960767,177,0,60,0,0,0,0,193,177,60,548,1,0,1961315
fd00::203:3:3:3,19,0,0,215,234,1971721,178,0,60,0,0,0,0,194,178,60,577,1,0,1972298
fd00::203:3:3:3,19,0,0,215,234,1982675,179,0,60,0,0,0,0,195,179,60,641,1,0,1983316
fd00::203:3:3:3,19,0,0,214,233,1993629,180,0,60,0,0,0,0,196,180,60,541,1,0,1994170
fd00::203:3:3:3,19,0,0,215,234,2004583,181,0,60,0,0,0,0,197,181,60,596,1,0,2005179
fd00::203:3:3:3,19,0,0,215,234,2015537,182,0,60,0,0,0,0,198,182,60,540,1,0,2016077
fd00::203:3:3:3,19,0,0,215,234,2026491,183,0,60,0,0,0,0,199,183,60,537,1,0,2027028
fd00::203:3:3:3,19,0,0,215,234,2037445,184,0,60,0,0,0,0,200,184,60,593,1,0,2038038
fd00::203:3:3:3,19,0,0,215,234,2048399,185,0,60,0,0,0,0,201,185,60,545,1,0,2048944
fd00::203:3:3:3,19,0,0,215,234,2059353,186,0,60,0,0,0,0,202,186,60,583,1,0,2059936
fd00::203:3:3:3,19,0,1,214,234,2070307,187,0,60,0,0,0,0,204,187,60,595,1,0,2070902
fd00::203:3:3:3,19,0,0,215,234,2081261,188,0,60,0,0,0,0,205,188,60,573,1,0,2081834
fd00::203:3:3:3,19,0,0,215,234,2092215,189,0,60,0,0,0,0,206,189,60,592,1,0,2092807
fd00::203:3:3:3,19,0,0,215,234,2103169,190,0,60,0,0,0,0,207,190,60,575,1,0,2103744
fd00::203:3:3:3,19,0,0,215,234,2114123,191,0,60,0,0,0,0,208,191,60,575,1,0,2114698
fd00::203:3:3:3,19,0,0,215,234,2125077,192,0,60,0,0,0,0,209,192,60,567,1,0,2125644
fd00::203:3:3:3,19,0,0,215,234,2136031,193,0,60,0,0,0,0,210,193,60,568,1,0,2136599
fd00::203:3:3:3,19,0,0,215,234,2146985,194,0,60,0,0,0,0,211,194,60,550,1,0,2147535
fd00::203:3:3:3,19,0,0,215,234,2157939,195,0,60,0,0,0,0,212,195,60,575,1,0,2158514
fd00::203:3:3:3,19,0,0,215,234,2168893,196,0,60,0,0,0,0,213,196,60,574,1,0,2169467
fd00::203:3:3:3,19,0,1,214,234,2179847,197,0,60,0,0,0,0,215,197,60,566,1,0,2180413
fd00::203:3:3:3,19,0,0,215,234,2190801,198,0,60,0,0,0,0,216,198,60,583,1,0,2191384
fd00::203:3:3:3,19,0,0,215,234,2201755,199,0,60,0,0,0,0,217,199,60,559,1,0,2202314
fd00::203:3:3:3,19,0,0,215,234,2212709,200,0,60,0,0,0,0,218,200,60,580,1,0,2213289
fd00::203:3:3:3,19,0,0,215,234,2223663,201,0,60,0,0,0,0,219,201,60,608,1,0,2224271
fd00::203:3:3:3,19,0,0,215,234,2234617,202,0,60,0,0,0,0,220,202,60,564,1,0,2235181
fd00::203:3:3:3,19,0,0,215,234,2245571,203,0,60,0,0,0,0,221,203,60,571,1,0,2246142
fd00::203:3:3:3,19,0,0,215,234,2256525,204,0,60,0,0,0,0,222,204,60,562,1,0,2257087
fd00::203:3:3:3,19,0,0,215,234,2267479,205,0,60,0,0,0,0,223,205,60,584,1,0,2268063
fd00::203:3:3:3,19,0,0,215,234,2278433,206,0,60,0,0,0,0,224,206,60,610,1,0,2279043
fd00::203:3:3:3,19,0,0,215,234,2289387,207,0,60,0,0,0,0,225,207,60,586,1,0,2289973
fd00::203:3:3:3,19,0,0,215,234,2300341,208,0,60,0,0,0,0,227,208,60,594,1,0,2300935
fd00::203:3:3:3,19,0,0,215,234,2311295,209,0,60,0,0,0,0,228,209,60,563,1,0,2311858
fd00::203:3:3:3,19,0,0,215,234,2322249,210,0,60,0,0,0,0,229,210,60,540,1,0,2322789
fd00::203:3:3:3,19,0,0,215,234,2333203,211,0,60,0,0,0,0,230,211,60,543,1,0,2333746
fd00::203:3:3:3,19,0,0,215,234,2344157,212,0,60,0,0,0,0,231,212,60,545,1,0,2344702
fd00::203:3:3:3,19,0,0,215,234,2355111,213,0,60,0,0,0,0,232,213,60,587,1,0,2355698
fd00::203:3:3:3,19,0,0,215,234,2366065,214,0,60,0,0,0,0,233,214,60,566,1,0,2366631
fd00::203:3:3:3,19,0,0,214,233,2377019,215,0,60,0,0,0,0,234,215,60,589,1,0,2377608
fd00::203:3:3:3,19,0,0,215,234,2387973,216,0,60,0,0,0,0,235,216,60,558,1,0,2388531
fd00::203:3:3:3,19,0,0,215,234,2398927,217,0,60,0,0,0,0,236,217,60,578,1,0,2399505
fd00::203:3:3:3,19,0,0,215,234,2409881,218,0,60,0,0,0,0,238,218,60,563,1,0,2410444
fd00::203:3:3:3,19,0,0,215,234,2420835,219,0,60,0,0,0,0,239,219,60,594,1,0,2421429
fd00::203:3:3:3,19,0,0,215,234,2431789,220,0,60,0,0,0,0,240,220,60,598,1,0,2432387
fd00::203:3:3:3,19,0,0,215,234,2442743,221,0,60,0,0,0,0,241,221,60,587,1,0,2443330
fd00::203:3:3:3,19,0,0,215,234,2453697,222,0,60,0,0,0,0,242,222,60,533,1,0,2454230
fd00::203:3:3:3,19,0,1,214,234,2464651,223,0,60,0,0,0,0,243,223,60,554,1,0,2465205
fd00::203:3:3:3,19,0,0,215,234,2475605,224,0,60,0,0,0,0,244,224,60,575,1,0,2476180
fd00::203:3:3:3,19,0,0,215,234,2486559,225,0,60,0,0,0,0,245,225,60,569,1,0,2487128
fd00::203:3:3:3,19,0,0,215,234,2497513,226,0,60,0,0,0,0,246,226,60,564,1,0,2498077
fd00::203:3:3:3,19,0,0,215,234,2508467,227,0,60,0,0,0,0,247,227,60,569,1,0,2509036
fd00::203:3:3:3,19,0,0,214,233,2519421,228,0,60,0,0,0,0,249,228,60,598,1,0,2520019
fd00::203:3:3:3,19,0,0,215,234,2530375,229,0,60,0,0,0,0,250,229,60,586,1,0,2530961
fd00::203:3:3:3,19,0,0,215,234,2541329,230,0,60,0,0,0,0,251,230,60,574,1,0,2541903
fd00::203:3:3:3,19,0,0,215,234,2552283,231,0,60,0,0,0,0,252,231,60,561,1,0,2552844
fd00::203:3:3:3,19,0,0,215,234,2563237,232,0,60,0,0,0,0,253,232,60,592,1,0,2563829
fd00::203:3:3:3,19,0,0,215,234,2574191,233,0,60,0,0,0,0,254,233,60,551,1,0,2574742
fd00::203:3:3:3,19,0,0,215,234,2585145,234,0,60,0,0,0,0,255,234,60,577,1,0,2585722
fd00::203:3:3:3,19,0,0,215,234,2596099,235,0,60,0,0,0,0,256,235,60,563,1,0,2596662
fd00::203:3:3:3,19,0,0,215,234,2607053,236,0,60,0,0,0,0,257,236,60,595,1,0,2607648
fd00::203:3:3:3,19,0,0,215,234,2618007,237,0,60,0,0,0,0,258,237,60,534,1,0,2618541
fd00::203:3:3:3,19,0,0,215,234,2628961,238,0,60,0,0,0,0,259,238,60,572,1,0,2629533
fd00::203:3:3:3,19,0,0,215,234,2639915,239,0,60,0,0,0,0,261,239,60,580,1,0,2640495
fd00::203:3:3:3,19,0,0,215,234,2650869,240,0,60,0,0,0,0,262,240,60,576,1,0,2651445
fd00::203:3:3:3,19,0,0,215,234,2661823,241,0,60,0,0,0,0,263,241,60,576,1,0,2662399
fd00::203:3:3:3,19,0,0,215,234,2672777,242,0,60,0,0,0,0,264,242,60,593,1,0,2673370
fd00::203:3:3:3,19,0,0,215,234,2683731,243,0,60,0,0,0,0,265,243,60,566,1,0,2684297
fd00::203:3:3:3,19,0,0,215,234,2694685,244,0,60,0,0,0,0,266,244,60,557,1,0,2695242
fd00::203:3:3:3,19,0,0,215,234,2705639,245,0,60,0,0,0,0,267,245,60,570,1,0,2706209
fd00::203:3:3:3,19,0,0,214,233,2716593,246,0,60,0,0,0,0,268,246,60,555,1,0,2717148
fd00::203:3:3:3,19,0,0,215,234,2727547,247,0,60,0,0,0,0,269,247,60,602,1,0,2728149
fd00::203:3:3:3,19,0,0,215,234,2738501,248,0,60,0,0,0,0,270,248,60,570,1,0,2739071
fd00::203:3:3:3,19,0,0,215,234,2749458,249,0,60,0,0,0,0,272,249,60,807,1,0,2750265
fd00::203:3:3:3,19,0,0,215,234,2760409,250,0,60,0,0,0,0,273,250,60,573,1,0,2760982
fd00::203:3:3:3,19,0,0,215,234,2771363,251,0,60,0,0,0,0,274,251,60,554,1,0,2771917
fd00::203:3:3:3,19,0,0,215,234,2782317,252,0,60,0,0,0,0,275,252,60,558,1,0,2782875
fd00::203:3:3:3,19,0,0,215,234,2793271,253,0,60,0,0,0,0,276,253,60,575,1,0,2793846
fd00::203:3:3:3,19,0,0,215,234,2804225,254,0,60,0,0,0,0,277,254,60,650,1,0,2804875
fd00::203:3:3:3,19,0,0,215,234,2815179,255,0,60,0,0,0,0,278,255,60,567,1,0,2815746
fd00::203:3:3:3,19,0,0,215,234,2826133,256,0,60,0,0,0,0,279,256,60,574,1,0,2826707
fd00::203:3:3:3,19,0,0,215,234,2837087,257,0,60,0,0,0,0,280,257,60,573,1,0,2837660
fd00::203:3:3:3,19,0,0,215,234,2848041,258,0,60,0,0,0,0,281,258,60,543,1,0,2848584
fd00::203:3:3:3,19,0,0,215,234,2858995,259,0,60,0,0,0,0,282,259,60,583,1,0,2859578
fd00::203:3:3:3,19,0,0,215,234,2869949,260,0,60,0,0,0,0,284,260,60,561,1,0,2870510
fd00::203:3:3:3,19,0,0,215,234,2880903,261,0,60,0,0,0,0,285,261,60,557,1,0,2881460
fd00::203:3:3:3,19,0,0,215,234,2891857,262,0,60,0,0,0,0,286,262,60,575,1,0,2892432
fd00::203:3:3:3,19,0,0,214,233,2902811,263,0,60,0,0,0,0,287,263,60,599,1,0,2903410
fd00::203:3:3:3,19,0,0,215,234,2913765,264,0,60,0,0,0,0,288,264,60,566,1,0,2914331
fd00::203:3:3:3,19,0,0,215,234,2924719,265,0,60,0,0,0,0,289,265,60,579,1,0,2925298
fd00::203:3:3:3,19,0,0,215,234,2935673,266,0,60,0,0,0,0,290,266,60,548,1,0,2936221
fd00::203:3:3:3,19,0,0,215,234,2946627,267,0,60,0,0,0,0,291,267,60,566,1,0,2947193
fd00::203:3:3:3,19,0,0,215,234,2957581,268,0,60,0,0,0,0,292,268,60,555,1,0,2958136
fd00::203:3:3:3,19,0,0,215,234,2968535,269,0,60,0,0,0,0,293,269,60,562,1,0,2969097
fd00::203:3:3:3,19,0,0,215,234,2979489,270,0,60,0,0,0,0,295,270,60,578,1,0,2980067
fd00::203:3:3:3,19,0,0,215,234,2990443,271,0,60,0,0,0,0,296,271,60,592,1,0,2991035
fd00::203:3:3:3,19,0,0,215,234,3001397,272,0,60,0,0,0,0,297,272,60,555,1,0,3001952
fd00::203:3:3:3,19,0,0,215,234,3012351,273,0,60,0,0,0,0,298,273,60,586,1,0,3012937
fd00::203:3:3:3,19,0,0,215,234,3023305,274,0,60,0,0,0,0,299,274,60,569,1,0,3023874
fd00::203:3:3:3,19,0,0,215,234,3034259,275,0,60,0,0,0,0,300,275,60,558,1,0,3034817
fd00::203:3:3:3,19,0,0,215,234,3045213,276,0,60,0,0,0,0,301,276,60,572,1,0,3045785
fd00::203:3:3:3,19,0,0,215,234,3056167,277,0,60,0,0,0,0,302,277,60,555,1,0,3056722
fd00::203:3:3:3,19,0,0,215,234,3067121,278,0,60,0,0,0,0,303,278,60,621,1,0,3067742
fd00::203:3:3:3,19,0,0,215,234,3078075,279,0,60,0,0,0,0,304,279,60,560,1,0,3078635
fd00::203:3:3:3,19,0,0,215,234,3089029,280,0,60,0,0,0,0,305,280,60,554,1,0,3089583
fd00::203:3:3:3,19,0,0,215,234,3099983,281,0,60,0,0,0,0,307,281,60,563,1,0,3100546
fd00::203:3:3:3,19,0,0,215,234,3110937,282,0,60,0,0,0,0,308,282,60,574,1,0,3111511
fd00::203:3:3:3,19,0,0,215,234,3121891,283,0,60,0,0,0,0,309,283,60,573,1,0,3122464
fd00::203:3:3:3,19,0,0,215,234,3132845,284,0,60,0,0,0,0,310,284,60,600,1,0,3133445
fd00::203:3:3:3,19,0,0,215,234,3143799,285,0,60,0,0,0,0,311,285,60,562,1,0,3144361
fd00::203:3:3:3,19,0,0,215,234,3154753,286,0,60,0,0,0,0,312,286,60,551,1,0,3155304
fd00::203:3:3:3,19,0,0,215,234,3165707,287,0,60,0,0,0,0,313,287,60,570,1,0,3166277
fd00::203:3:3:3,19,0,0,215,234,3176661,288,0,60,0,0,0,0,314,288,60,577,1,0,3177238
fd00::203:3:3:3,19,0,0,215,234,3187615,289,0,60,0,0,0,0,315,289,60,557,1,0,3188172
fd00::203:3:3:3,19,0,0,215,234,3198569,290,0,60,0,0,0,0,316,290,60,584,1,0,3199153
fd00::203:3:3:3,19,0,0,215,234,3209523,291,0,60,0,0,0,0,318,291,60,654,1,0,3210177
fd00::203:3:3:3,19,0,0,215,234,3220477,292,0,60,0,0,0,0,319,292,60,551,1,0,3221028
fd00::203:3:3:3,19,0,0,215,234,3231431,293,0,60,0,0,0,0,320,293,60,593,1,0,3232024
fd00::203:3:3:3,19,0,0,215,234,3242385,294,0,60,0,0,0,0,321,294,60,568,1,0,3242953
fd00::203:3:3:3,19,0,0,215,234,3253339,295,0,60,0,0,0,0,322,295,60,572,1,0,3253911
fd00::203:3:3:3,19,0,0,215,234,3264293,296,0,60,0,0,0,0,323,296,60,544,1,0,3264837
fd00::203:3:3:3,19,0,0,215,234,3275247,297,0,60,0,0,0,0,324,297,60,570,1,0,3275817
fd00::203:3:3:3,19,0,0,215,234,3286201,298,0,60,0,0,0,0,325,298,60,567,1,0,3286768
fd00::203:3:3:3,19,0,0,215,234,3297155,299,0,60,0,0,0,0,326,299,60,583,1,0,3297738
fd00::203:3:3:3,19,0,0,215,234,3308109,300,0,60,0,0,0,0,327,300,60,588,1,0,3308697
fd00::203:3:3:3,19,0,0,215,234,3319063,301,0,60,0,0,0,0,328,301,60,600,1,0,3319663
fd00::203:3:3:3,19,0,0,215,234,3330017,302,0,60,0,0,0,0,330,302,60,543,1,0,3330560
fd00::203:3:3:3,19,0,0,215,234,3340971,303,0,60,0,0,0,0,331,303,60,562,1,0,3341533
fd00::203:3:3:3,19,0,0,215,234,3351925,304,0,60,0,0,0,0,332,304,60,609,1,0,3352534
fd00::203:3:3:3,19,0,0,215,234,3362879,305,0,60,0,0,0,0,333,305,60,553,1,0,3363432
fd00::203:3:3:3,19,0,0,215,234,3373833,306,0,60,0,0,0,0,334,306,60,577,1,0,3374410
fd00::203:3:3:3,19,0,0,215,234,3384787,307,0,60,0,0,0,0,335,307,60,541,1,0,3385328
fd00::203:3:3:3,19,0,0,215,234,3395741,308,0,60,0,0,0,0,336,308,60,566,1,0,3396307
fd00::203:3:3:3,19,0,0,215,234,3406695,309,0,60,0,0,0,0,337,309,60,557,1,0,3407252
fd00::203:3:3:3,19,0,0,215,234,3417649,310,0,60,0,0,0,0,338,310,60,556,1,0,3418205
fd00::203:3:3:3,19,0,0,215,234,3428603,311,0,60,0,0,0,0,339,311,60,563,1,0,3429166
fd00::203:3:3:3,19,0,0,215,234,3439557,312,0,60,0,0,0,0,341,312,60,585,1,0,3440142
fd00::203:3:3:3,19,0,0,215,234,3450511,313,0,60,0,0,0,0,342,313,60,562,1,0,3451073
fd00::203:3:3:3,19,0,0,215,234,3461465,314,0,60,0,0,0,0,343,314,60,567,1,0,3462032
fd00::203:3:3:3,19,0,0,215,234,3472419,315,0,60,0,0,0,0,344,315,60,562,1,0,3472981
fd00::203:3:3:3,19,0,0,215,234,3483373,316,0,60,0,0,0,0,345,316,60,581,1,0,3483954
fd00::203:3:3:3,19,0,0,215,234,3494327,317,0,60,0,0,0,0,346,317,60,574,1,0,3494901
fd00::203:3:3:3,19,0,0,215,234,3505281,318,0,60,0,0,0,0,347,318,60,578,1,0,3505859
fd00::203:3:3:3,19,0,0,215,234,3516235,319,0,60,0,0,0,0,348,319,60,586,1,0,3516821
fd00::203:3:3:3,19,0,0,215,234,3527189,320,0,60,0,0,0,0,349,320,60,550,1,0,3527739
fd00::203:3:3:3,19,0,0,215,234,3538143,321,0,60,0,0,0,0,350,321,60,602,1,0,3538745
fd00::203:3:3:3,19,0,0,215,234,3549097,322,0,60,0,0,0,0,351,322,60,546,1,0,3549643
fd00::203:3:3:3,19,0,0,215,234,3560051,323,0,60,0,0,0,0,353,323,60,581,1,0,3560632
fd00::203:3:3:3,19,0,0,215,234,3571005,324,0,60,0,0,0,0,354,324,60,552,1,0,3571557
fd00::203:3:3:3,19,0,0,215,234,3581959,325,0,60,0,0,0,0,355,325,60,545,1,0,3582504
fd00::203:3:3:3,19,0,1,214,234,3592913,326,0,60,0,0,0,0,356,326,60,556,1,0,3593469
fd00::204:4:4:4,78,0,0,859,937,43649,1,0,60,0,0,0,0,0,1,60,97,2,0,43746
fd00::204:4:4:4,19,0,0,214,233,54561,2,0,60,0,0,0,0,1,2,60,7,2,0,54568
fd00::204:4:4:4,19,0,0,214,233,65473,3,0,60,0,0,0,0,2,3,60,62,2,0,65535
fd00::204:4:4:4,19,0,0,214,233,76385,4,0,60,0,0,0,0,3,4,60,48,2,0,76433
fd00::204:4:4:4,19,0,0,214,233,87297,5,0,60,0,0,0,0,4,5,60,36,2,0,87333
fd00::204:4:4:4,19,0,0,214,233,98209,6,0,60,0,0,0,0,5,6,60,21,2,0,98230
fd00::204:4:4:4,19,0,0,214,233,109121,7,0,60,0,0,0,0,6,7,60,20,2,0,109141
fd00::204:4:4:4,19,0,0,214,233,120033,8,0,60,0,0,0,0,8,8,60,116,2,0,120149
fd00::204:4:4:4,19,0,0,214,233,130945,9,0,60,0,0,0,0,9,9,60,34,2,0,130979
fd00::204:4:4:4,19,0,0,213,232,141857,10,0,60,0,0,0,0,10,10,60,15,2,0,141872
fd00::204:4:4:4,19,0,0,214,233,152769,11,0,60,0,0,0,0,11,11,60,44,2,0,152813
fd00::204:4:4:4,19,0,0,214,233,163681,12,0,60,0,0,0,0,12,12,60,37,2,0,163718
fd00::204:4:4:4,19,0,0,214,233,174593,13,0,60,0,0,0,0,13,13,60,75,2,0,174668
fd00::204:4:4:4,19,0,0,214,233,185505,14,0,60,0,0,0,0,14,14,60,24,2,0,185529
fd00::204:4:4:4,19,0,0,214,233,196417,15,0,60,0,0,0,0,15,15,60,12,2,0,196429
fd00::204:4:4:4,19,0,0,214,233,207329,16,0,60,0,0,0,0,16,16,60,17,2,0,207346
fd00::204:4:4:4,19,0,0,214,233,218241,17,0,60,0,0,0,0,17,17,60,55,2,0,218296
fd00::204:4:4:4,19,0,0,214,233,229153,18,0,60,0,0,0,0,18,18,60,46,2,0,229199
fd00::204:4:4:4,19,0,0,214,233,240065,19,0,60,0,0,0,0,20,19,60,65,2,0,240130
fd00::204:4:4:4,19,0,0,214,233,250977,20,0,60,0,0,0,0,21,20,60,21,2,0,250998
fd00::204:4:4:4,19,0,0,214,233,261889,21,0,60,0,0,0,0,22,21,60,49,2,0,261938
fd00::204:4:4:4,19,0,0,214,233,272801,22,0,60,0,0,0,0,23,22,60,79,2,0,272880
fd00::204:4:4:4,19,0,0,214,233,283713,23,0,60,0,0,0,0,24,23,60,56,2,0,283769
fd00::204:4:4:4,19,0,0,214,233,294625,24,0,60,0,0,0,0,25,24,60,60,2,0,294685
fd00::204:4:4:4,19,0,0,214,233,305537,25,0,60,0,0,0,0,26,25,60,40,2,0,305577
fd00::204:4:4:4,19,0,0,214,233,316449,26,0,60,0,0,0,0,27,26,60,61,2,0,316510
fd00::204:4:4:4,19,0,0,214,233,327361,27,0,60,0,0,0,0,28,27,60,49,2,0,327410
fd00::204:4:4:4,19,0,0,214,233,338273,28,0,60,0,0,0,0,29,28,60,70,2,0,338343
fd00::204:4:4:4,19,0,0,214,233,349185,29,0,60,0,0,0,0,30,29,60,55,2,0,349240
fd00::204:4:4:4,19,0,0,214,233,360097,30,0,60,0,0,0,0,32,30,60,27,2,0,360124
fd00::204:4:4:4,19,0,0,214,233,371009,31,0,60,0,0,0,0,33,31,60,70,2,0,371079
fd00::204:4:4:4,19,0,0,214,233,381921,32,0,60,0,0,0,0,34,32,60,28,2,0,381949
fd00::204:4:4:4,19,0,0,214,233,392833,33,0,60,0,0,0,0,35,33,60,75,2,0,392908
fd00::204:4:4:4,19,0,0,214,233,403745,34,0,60,0,0,0,0,36,34,60,43,2,0,403788
fd00::204:4:4:4,19,0,0,214,233,414657,35,0,60,0,0,0,0,37,35,60,18446744073709551613,2,0,414654
fd00::204:4:4:4,19,0,0,214,233,425569,36,0,60,0,0,0,0,38,36,60,28,2,0,425597
fd00::204:4:4:4,19,0,0,214,233,436481,37,0,60,0,0,0,0,39,37,60,55,2,0,436536
fd00::204:4:4:4,19,0,0,214,233,447393,38,0,60,0,0,0,0,40,38,60,61,2,0,447454
fd00::204:4:4:4,19,0,0,214,233,458305,39,0,60,0,0,0,0,41,39,60,80,2,0,458385
fd00::204:4:4:4,19,0,0,214,233,469217,40,0,60,0,0,0,0,42,40,60,69,2,0,469286
fd00::204:4:4:4,19,0,0,214,233,480129,41,0,60,0,0,0,0,44,41,60,76,2,0,480205
fd00::204:4:4:4,19,0,0,214,233,491041,42,0,60,0,0,0,0,45,42,60,20,2,0,491061
fd00::204:4:4:4,19,0,0,214,233,501953,43,0,60,0,0,0,0,46,43,60,58,2,0,502011
fd00::204:4:4:4,19,0,0,214,233,512865,44,0,60,0,0,0,0,47,44,60,44,2,0,512909
fd00::204:4:4:4,19,0,0,214,233,523777,45,0,60,0,0,0,0,48,45,60,37,2,0,523814
fd00::204:4:4:4,19,0,0,214,233,534689,46,0,60,0,0,0,0,49,46,60,42,2,0,534731
fd00::204:4:4:4,19,0,1,213,233,545601,47,0,60,0,0,0,0,50,47,60,49,2,0,545650
fd00::204:4:4:4,19,0,0,214,233,556515,48,0,60,0,0,0,0,51,48,60,40,2,0,556555
fd00::204:4:4:4,19,0,0,214,233,567425,49,0,60,0,0,0,0,52,49,60,51,2,0,567476
fd00::204:4:4:4,19,0,0,214,233,578337,50,0,60,0,0,0,0,53,50,60,71,2,0,578408
fd00::204:4:4:4,19,0,0,214,233,589249,51,0,60,0,0,0,0,54,51,60,42,2,0,589291
fd00::204:4:4:4,19,0,0,214,233,600161,52,0,60,0,0,0,0,56,52,60,67,2,0,600228
fd00::204:4:4:4,19,0,0,214,233,611073,53,0,60,0,0,0,0,57,53,60,38,2,0,611111
fd00::204:4:4:4,19,0,0,214,233,621985,54,0,60,0,0,0,0,58,54,60,63,2,0,622048
fd00::204:4:4:4,19,0,0,214,233,632897,55,0,60,0,0,0,0,59,55,60,97,2,0,632994
fd00::204:4:4:4,19,0,0,214,233,643809,56,0,60,0,0,0,0,60,56,60,30,2,0,643839
fd00::204:4:4:4,19,0,0,214,233,654721,57,0,60,0,0,0,0,61,57,60,51,2,0,654772
fd00::204:4:4:4,19,0,0,214,233,665633,58,0,60,0,0,0,0,62,58,60,51,2,0,665684
fd00::204:4:4:4,19,0,0,214,233,676545,59,0,60,0,0,0,0,63,59,60,43,2,0,676588
fd00::204:4:4:4,19,0,0,214,233,687457,60,0,60,0,0,0,0,64,60,60,67,2,0,687524
fd00::204:4:4:4,19,0,0,214,233,698369,61,0,60,0,0,0,0,65,61,60,46,2,0,698415
fd00::204:4:4:4,19,0,0,214,233,709281,62,0,60,0,0,0,0,66,62,60,97,2,0,709378
fd00::204:4:4:4,19,0,0,214,233,720193,63,0,60,0,0,0,0,68,63,60,126,2,0,720319
fd00::204:4:4:4,19,0,0,214,233,731105,64,0,60,0,0,0,0,69,64,60,53,2,0,731158
fd00::204:4:4:4,19,0,0,214,233,742017,65,0,60,0,0,0,0,70,65,60,25,2,0,742042
fd00::204:4:4:4,19,0,0,214,233,752929,66,0,60,0,0,0,0,71,66,60,31,2,0,752960
fd00::204:4:4:4,19,0,0,214,233,763841,67,0,60,0,0,0,0,72,67,60,70,2,0,763911
fd00::204:4:4:4,19,0,0,214,233,774753,68,0,60,0,0,0,0,73,68,60,19,2,0,774772
fd00::204:4:4:4,19,0,0,214,233,785665,69,0,60,0,0,0,0,74,69,60,65,2,0,785730
fd00::204:4:4:4,19,0,0,214,233,796577,70,0,60,0,0,0,0,75,70,60,64,2,0,796641
fd00::204:4:4:4,19,0,0,214,233,807489,71,0,60,0,0,0,0,76,71,60,50,2,0,807539
fd00::204:4:4:4,19,0,0,214,233,818401,72,0,60,0,0,0,0,77,72,60,87,2,0,818488
fd00::204:4:4:4,19,0,0,214,233,829313,73,0,60,0,0,0,0,78,73,60,33,2,0,829346
fd00::204:4:4:4,19,0,0,214,233,840225,74,0,60,0,0,0,0,80,74,60,54,2,0,840279
fd00::204:4:4:4,19,0,0,214,233,851137,75,0,60,0,0,0,0,81,75,60,27,2,0,851164
fd00::204:4:4:4,19,0,0,214,233,862049,76,0,60,0,0,0,0,82,76,60,32,2,0,862081
fd00::204:4:4:4,19,0,0,214,233,872961,77,0,60,0,0,0,0,83,77,60,7,2,0,872968
fd00::204:4:4:4,19,0,0,214,233,883873,78,0,60,0,0,0,0,84,78,60,73,2,0,883946
fd00::204:4:4:4,19,0,0,214,233,894785,79,0,60,0,0,0,0,85,79,60,43,2,0,894828
fd00::204:4:4:4,19,0,0,214,233,905697,80,0,60,0,0,0,0,86,80,60,50,2,0,905747
fd00::204:4:4:4,19,0,0,214,233,916609,81,0,60,0,0,0,0,87,81,60,39,2,0,916648
fd00::204:4:4:4,19,0,0,214,233,927521,82,0,60,0,0,0,0,88,82,60,58,2,0,927579
fd00::204:4:4:4,19,0,0,214,233,938433,83,0,60,0,0,0,0,89,83,60,69,2,0,938502
fd00::204:4:4:4,19,0,0,214,233,949345,84,0,60,0,0,0,0,90,84,60,76,2,0,949421
fd00::204:4:4:4,19,0,0,214,233,960257,85,0,60,0,0,0,0,92,85,60,38,2,0,960295
fd00::204:4:4:4,19,0,0,214,233,971169,86,0,60,0,0,0,0,93,86,60,55,2,0,971224
fd00::204:4:4:4,19,0,0,214,233,982081,87,0,60,0,0,0,0,94,87,60,84,2,0,982165
fd00::204:4:4:4,19,0,0,214,233,992993,88,0,60,0,0,0,0,95,88,60,23,2,0,993016
fd00::204:4:4:4,19,0,0,214,233,1003905,89,0,60,0,0,0,0,96,89,60,76,2,0,1003981
fd00::204:4:4:4,19,0,0,214,233,1014817,90,0,60,0,0,0,0,97,90,60,77,2,0,1014894
fd00::204:4:4:4,19,0,0,214,233,1025729,91,0,60,0,0,0,0,98,91,60,47,2,0,1025776
fd00::204:4:4:4,19,0,0,214,233,1036641,92,0,60,0,0,0,0,99,92,60,56,2,0,1036697
fd00::204:4:4:4,19,0,0,214,233,1047553,93,0,60,0,0,0,0,100,93,60,69,2,0,1047622
fd00::204:4:4:4,19,0,0,214,233,1058465,94,0,60,0,0,0,0,101,94,60,40,2,0,1058505
fd00::204:4:4:4,19,0,0,214,233,1069377,95,0,60,0,0,0,0,102,95,60,43,2,0,1069420
fd00::204:4:4:4,19,0,0,214,233,1080289,96,0,60,0,0,0,0,104,96,60,32,2,0,1080321
fd00::204:4:4:4,19,0,0,214,233,1091201,97,0,60,0,0,0,0,105,97,60,45,2,0,1091246
fd00::204:4:4:4,19,0,0,214,233,1102113,98,0,60,0,0,0,0,106,98,60,31,2,0,1102144
fd00::204:4:4:4,19,0,0,214,233,1113025,99,0,60,0,0,0,0,107,99,60,33,2,0,1113058
fd00::204:4:4:4,19,0,0,214,233,1123937,100,0,60,0,0,0,0,108,100,60,53,2,0,1123990
fd00::204:4:4:4,19,0,0,214,233,1134849,101,0,60,0,0,0,0,109,101,60,60,2,0,1134909
fd00::204:4:4:4,19,0,0,214,233,1145761,102,0,60,0,0,0,0,110,102,60,30,2,0,1145791
fd00::204:4:4:4,19,0,0,214,233,1156673,103,0,60,0,0,0,0,111,103,60,46,2,0,1156719
fd00::204:4:4:4,19,0,0,214,233,1167585,104,0,60,0,0,0,0,112,104,60,38,2,0,1167623
fd00::204:4:4:4,19,0,0,214,233,1178497,105,0,60,0,0,0,0,113,105,60,92,2,0,1178589
fd00::204:4:4:4,19,0,0,214,233,1189409,106,0,60,0,0,0,0,114,106,60,16,2,0,1189425
fd00::204:4:4:4,19,0,0,214,233,1200321,107,0,60,0,0,0,0,116,107,60,38,2,0,1200359
fd00::204:4:4:4,19,0,0,214,233,1211233,108,0,60,0,0,0,0,117,108,60,36,2,0,1211269
fd00::204:4:4:4,19,0,0,214,233,1222145,109,0,60,0,0,0,0,118,109,60,11,2,0,1222156
fd00::204:4:4:4,19,0,0,214,233,1233057,110,0,60,0,0,0,0,119,110,60,53,2,0,1233110
fd00::204:4:4:4,19,0,0,214,233,1243969,111,0,60,0,0,0,0,120,111,60,84,2,0,1244053
fd00::204:4:4:4,19,0,0,214,233,1254881,112,0,60,0,0,0,0,121,112,60,28,2,0,1254909
fd00::204:4:4:4,19,0,0,214,233,1265793,113,0,60,0,0,0,0,122,113,60,48,2,0,1265841
fd00::204:4:4:4,19,0,0,214,233,1276705,114,0,60,0,0,0,0,123,114,60,52,2,0,1276757
fd00::204:4:4:4,19,0,0,214,233,1287617,115,0,60,0,0,0,0,124,115,60,23,2,0,1287640
fd00::204:4:4:4,19,0,0,214,233,1298529,116,0,60,0,0,0,0,125,116,60,39,2,0,1298568
fd00::204:4:4:4,19,0,0,214,233,1309441,117,0,60,0,0,0,0,126,117,60,60,2,0,1309501
fd00::204:4:4:4,19,0,0,214,233,1320353,118,0,60,0,0,0,0,128,118,60,55,2,0,1320408
fd00::204:4:4:4,19,0,0,214,233,1331265,119,0,60,0,0,0,0,129,119,60,87,2,0,1331352
fd00::204:4:4:4,19,0,0,214,233,1342177,120,0,60,0,0,0,0,130,120,60,16,2,0,1342193
fd00::204:4:4:4,19,0,0,214,233,1353089,121,0,60,0,0,0,0,131,121,60,40,2,0,1353129
fd00::204:4:4:4,19,0,0,214,233,1364001,122,0,60,0,0,0,0,132,122,60,57,2,0,1364058
fd00::204:4:4:4,19,0,0,214,233,1374913,123,0,60,0,0,0,0,133,123,60,22,2,0,1374935
fd00::204:4:4:4,19,0,0,214,233,1385825,124,0,60,0,0,0,0,134,124,60,65,2,0,1385890
fd00::204:4:4:4,19,0,0,214,233,1396737,125,0,60,0,0,0,0,135,125,60,43,2,0,1396780
fd00::204:4:4:4,19,0,0,214,233,1407649,126,0,60,0,0,0,0,136,126,60,53,2,0,1407702
fd00::204:4:4:4,19,0,0,214,233,1418561,127,0,60,0,0,0,0,137,127,60,26,2,0,1418587
fd00::204:4:4:4,19,0,0,214,233,1429473,128,0,60,0,0,0,0,138,128,60,15,2,0,1429488
fd00::204:4:4:4,19,0,0,214,233,1440385,129,0,60,0,0,0,0,140,129,60,22,2,0,1440407
fd00::204:4:4:4,19,0,0,214,233,1451297,130,0,60,0,0,0,0,141,130,60,115,2,0,1451412
fd00::204:4:4:4,19,0,0,214,233,1462209,131,0,60,0,0,0,0,142,131,60,111,2,0,1462320
fd00::204:4:4:4,19,0,0,214,233,1473121,132,0,60,0,0,0,0,143,132,60,30,2,0,1473151
fd00::204:4:4:4,19,0,0,214,233,1484033,133,0,60,0,0,0,0,144,133,60,60,2,0,1484093
fd00::204:4:4:4,19,0,0,214,233,1494945,134,0,60,0,0,0,0,145,134,60,91,2,0,1495036
fd00::204:4:4:4,19,0,0,214,233,1505857,135,0,60,0,0,0,0,146,135,60,51,2,0,1505908
fd00::204:4:4:4,19,0,0,214,233,1516769,136,0,60,0,0,0,0,147,136,60,74,2,0,1516843
fd00::204:4:4:4,19,0,0,214,233,1527681,137,0,60,0,0,0,0,148,137,60,48,2,0,1527729
fd00::204:4:4:4,19,0,0,214,233,1538593,138,0,60,0,0,0,0,149,138,60,68,2,0,1538661
fd00::204:4:4:4,19,0,0,214,233,1549505,139,0,60,0,0,0,0,150,139,60,57,2,0,1549562
fd00::204:4:4:4,19,0,0,214,233,1560417,140,0,60,0,0,0,0,152,140,60,10,2,0,1560427
fd00::204:4:4:4,19,0,0,214,233,1571329,141,0,60,0,0,0,0,153,141,60,40,2,0,1571369
fd00::204:4:4:4,19,0,0,214,233,1582241,142,0,60,0,0,0,0,154,142,60,68,2,0,1582309
fd00::204:4:4:4,19,0,0,214,233,1593153,143,0,60,0,0,0,0,155,143,60,32,2,0,1593185
fd00::204:4:4:4,19,0,0,214,233,1604065,144,0,60,0,0,0,0,156,144,60,43,2,0,1604108
fd00::204:4:4:4,19,0,0,214,233,1614977,145,0,60,0,0,0,0,157,145,60,50,2,0,1615027
fd00::204:4:4:4,19,0,0,214,233,1625889,146,0,60,0,0,0,0,158,146,60,38,2,0,1625927
fd00::204:4:4:4,19,0,0,214,233,1636801,147,0,60,0,0,0,0,159,147,60,54,2,0,1636855
fd00::204:4:4:4,19,0,0,214,233,1647713,148,0,60,0,0,0,0,160,148,60,55,2,0,1647768
fd00::204:4:4:4,19,0,0,214,233,1658625,149,0,60,0,0,0,0,161,149,60,63,2,0,1658688
fd00::204:4:4:4,19,0,0,214,233,1669537,150,0,60,0,0,0,0,162,150,60,68,2,0,1669605
fd00::204:4:4:4,19,0,0,214,233,1680449,151,0,60,0,0,0,0,164,151,60,53,2,0,1680502
fd00::204:4:4:4,19,0,0,214,233,1691361,152,0,60,0,0,0,0,165,152,60,23,2,0,1691384
fd00::204:4:4:4,19,0,0,214,233,1702273,153,0,60,0,0,0,0,166,153,60,75,2,0,1702348
fd00::204:4:4:4,19,0,0,214,233,1713185,154,0,60,0,0,0,0,167,154,60,65,2,0,1713250
fd00::204:4:4:4,19,0,0,214,233,1724097,155,0,60,0,0,0,0,168,155,60,24,2,0,1724121
fd00::204:4:4:4,19,0,0,214,233,1735009,156,0,60,0,0,0,0,169,156,60,35,2,0,1735044
fd00::204:4:4:4,19,0,0,214,233,1745921,157,0,60,0,0,0,0,170,157,60,57,2,0,1745978
fd00::204:4:4:4,19,0,0,214,233,1756833,158,0,60,0,0,0,0,171,158,60,58,2,0,1756891
fd00::204:4:4:4,19,0,0,214,233,1767745,159,0,60,0,0,0,0,172,159,60,58,2,0,1767803
fd00::204:4:4:4,19,0,0,214,233,1778657,160,0,60,0,0,0,0,173,160,60,54,2,0,1778711
fd00::204:4:4:4,19,0,0,214,233,1789569,161,0,60,0,0,0,0,174,161,60,25,2,0,1789594
fd00::204:4:4:4,19,0,0,214,233,1800481,162,0,60,0,0,0,0,176,162,60,60,2,0,1800541
fd00::204:4:4:4,19,0,0,214,233,1811393,163,0,60,0,0,0,0,177,163,60,19,2,0,1811412
fd00::204:4:4:4,19,0,0,214,233,1822305,164,0,60,0,0,0,0,178,164,60,12,2,0,1822317
fd00::204:4:4:4,19,0,0,214,233,1833217,165,0,60,0,0,0,0,179,165,60,38,2,0,1833255
fd00::204:4:4:4,19,0,0,214,233,1844129,166,0,60,0,0,0,0,180,166,60,69,2,0,1844198
fd00::204:4:4:4,19,0,0,214,233,1855041,167,0,60,0,0,0,0,181,167,60,82,2,0,1855123
fd00::204:4:4:4,19,0,0,214,233,1865953,168,0,60,0,0,0,0,182,168,60,58,2,0,1866011
fd00::204:4:4:4,19,0,0,214,233,1876865,169,0,60,0,0,0,0,183,169,60,31,2,0,1876896
fd00::204:4:4:4,19,0,0,214,233,1887777,170,0,60,0,0,0,0,184,170,60,35,2,0,1887812
fd00::204:4:4:4,19,0,0,214,233,1898689,171,0,60,0,0,0,0,185,171,60,53,2,0,1898742
fd00::204:4:4:4,19,0,0,214,233,1909601,172,0,60,0,0,0,0,186,172,60,42,2,0,1909643
fd00::204:4:4:4,19,0,0,214,233,1920513,173,0,60,0,0,0,0,188,173,60,88,2,0,1920601
fd00::204:4:4:4,19,0,0,214,233,1931425,174,0,60,0,0,0,0,189,174,60,59,2,0,1931484
fd00::204:4:4:4,19,0,0,214,233,1942337,175,0,60,0,0,0,0,190,175,60,49,2,0,1942386
fd00::204:4:4:4,19,0,0,214,233,1953249,176,0,60,0,0,0,0,191,176,60,7,2,0,1953256
fd00::204:4:4:4,19,0,0,214,233,1964161,177,0,60,0,0,0,0,192,177,60,74,2,0,1964235
fd00::204:4:4:4,19,0,0,214,233,1975073,178,0,60,0,0,0,0,193,178,60,70,2,0,1975143
fd00::204:4:4:4,19,0,0,213,232,1985985,179,0,60,0,0,0,0,194,179,60,25,2,0,1986010
fd00::204:4:4:4,19,0,0,214,233,1996897,180,0,60,0,0,0,0,195,180,60,45,2,0,1996942
fd00::204:4:4:4,19,0,0,214,233,2007809,181,0,60,0,0,0,0,196,181,60,26,2,0,2007835
fd00::204:4:4:4,19,0,0,214,233,2018721,182,0,60,0,0,0,0,197,182,60,30,2,0,2018751
fd00::204:4:4:4,19,0,0,214,233,2029633,183,0,60,0,0,0,0,198,183,60,18446744073709551614,2,0,2029631
fd00::204:4:4:4,19,0,0,214,233,2040545,184,0,60,0,0,0,0,200,184,60,45,2,0,2040590
fd00::204:4:4:4,19,0,0,214,233,2051457,185,0,60,0,0,0,0,201,185,60,46,2,0,2051503
fd00::204:4:4:4,19,0,0,214,233,2062369,186,0,60,0,0,0,0,202,186,60,51,2,0,2062420
fd00::204:4:4:4,19,0,0,214,233,2073281,187,0,60,0,0,0,0,203,187,60,59,2,0,2073340
fd00::204:4:4:4,19,0,0,214,233,2084193,188,0,60,0,0,0,0,204,188,60,43,2,0,2084236
fd00::204:4:4:4,19,0,0,214,233,2095105,189,0,60,0,0,0,0,205,189,60,70,2,0,2095175
fd00::204:4:4:4,19,0,0,214,233,2106017,190,0,60,0,0,0,0,206,190,60,44,2,0,2106061
fd00::204:4:4:4,19,0,0,214,233,2116929,191,0,60,0,0,0,0,207,191,60,46,2,0,2116975
fd00::204:4:4:4,19,0,0,214,233,2127841,192,0,60,0,0,0,0,208,192,60,40,2,0,2127881
fd00::204:4:4:4,19,0,0,214,233,2138753,193,0,60,0,0,0,0,209,193,60,81,2,0,2138834
fd00::204:4:4:4,19,0,0,214,233,2149665,194,0,60,0,0,0,0,210,194,60,39,2,0,2149704
fd00::204:4:4:4,19,0,0,214,233,2160577,195,0,60,0,0,0,0,212,195,60,38,2,0,2160615
fd00::204:4:4:4,19,0,0,214,233,2171489,196,0,60,0,0,0,0,213,196,60,76,2,0,2171565
fd00::204:4:4:4,19,0,0,214,233,2182401,197,0,60,0,0,0,0,214,197,60,59,2,0,2182460
fd00::204:4:4:4,19,0,0,214,233,2193313,198,0,60,0,0,0,0,215,198,60,36,2,0,2193349
fd00::204:4:4:4,19,0,0,214,233,2204225,199,0,60,0,0,0,0,216,199,60,91,2,0,2204316
fd00::204:4:4:4,19,0,0,214,233,2215137,200,0,60,0,0,0,0,217,200,60,55,2,0,2215192
fd00::204:4:4:4,19,0,0,214,233,2226049,201,0,60,0,0,0,0,218,201,60,56,2,0,2226105
fd00::204:4:4:4,19,0,0,214,233,2236961,202,0,60,0,0,0,0,219,202,60,41,2,0,2237002
fd00::204:4:4:4,19,0,0,214,233,2247873,203,0,60,0,0,0,0,220,203,60,40,2,0,2247913
fd00::204:4:4:4,19,0,0,214,233,2258785,204,0,60,0,0,0,0,221,204,60,65,2,0,2258850
fd00::204:4:4:4,19,0,0,214,233,2269697,205,0,60,0,0,0,0,222,205,60,43,2,0,2269740
fd00::204:4:4:4,19,0,0,214,233,2280609,206,0,60,0,0,0,0,224,206,60,39,2,0,2280648
fd00::204:4:4:4,19,0,0,214,233,2291521,207,0,60,0,0,0,0,225,207,60,61,2,0,2291582
fd00::204:4:4:4,19,0,0,214,233,2302433,208,0,60,0,0,0,0,226,208,60,59,2,0,2302492
fd00::204:4:4:4,19,0,0,214,233,2313345,209,0,60,0,0,0,0,227,209,60,49,2,0,2313394
fd00::204:4:4:4,19,0,0,214,233,2324257,210,0,60,0,0,0,0,228,210,60,52,2,0,2324309
fd00::204:4:4:4,19,0,0,214,233,2335169,211,0,60,0,0,0,0,229,211,60,68,2,0,2335237
fd00::204:4:4:4,19,0,0,214,233,2346081,212,0,60,0,0,0,0,230,212,60,46,2,0,2346127
fd00::204:4:4:4,19,0,0,214,233,2356993,213,0,60,0,0,0,0,231,213,60,15,2,0,2357008
fd00::204:4:4:4,19,0,0,214,233,2367905,214,0,60,0,0,0,0,232,214,60,59,2,0,2367964
fd00::204:4:4:4,19,0,0,214,233,2378817,215,0,60,0,0,0,0,233,215,60,46,2,0,2378863
fd00::204:4:4:4,19,0,0,214,233,2389729,216,0,60,0,0,0,0,234,216,60,31,2,0,2389760
fd00::204:4:4:4,19,0,0,214,233,2400641,217,0,60,0,0,0,0,236,217,60,37,2,0,2400678
fd00::204:4:4:4,19,0,0,214,233,2411553,218,0,60,0,0,0,0,237,218,60,42,2,0,2411595
fd00::204:4:4:4,19,0,0,214,233,2422465,219,0,60,0,0,0,0,238,219,60,63,2,0,2422528
fd00::204:4:4:4,19,0,0,214,233,2433377,220,0,60,0,0,0,0,239,220,60,40,2,0,2433417
fd00::204:4:4:4,19,0,0,214,233,2444289,221,0,60,0,0,0,0,240,221,60,52,2,0,2444341
fd00::204:4:4:4,19,0,0,214,233,2455201,222,0,60,0,0,0,0,241,222,60,41,2,0,2455242
fd00::204:4:4:4,19,0,0,214,233,2466113,223,0,60,0,0,0,0,242,223,60,49,2,0,2466162
fd00::204:4:4:4,19,0,0,214,233,2477025,224,0,60,0,0,0,0,243,224,60,49,2,0,2477074
fd00::204:4:4:4,19,0,0,214,233,2487937,225,0,60,0,0,0,0,244,225,60,71,2,0,2488008
fd00::204:4:4:4,19,0,0,214,233,2498849,226,0,60,0,0,0,0,245,226,60,19,2,0,2498868
fd00::204:4:4:4,19,0,0,214,233,2509761,227,0,60,0,0,0,0,246,227,60,9,2,0,2509770
fd00::204:4:4:4,19,0,0,214,233,2520673,228,0,60,0,0,0,0,248,228,60,37,2,0,2520710
fd00::204:4:4:4,19,0,0,214,233,2531585,229,0,60,0,0,0,0,249,229,60,67,2,0,2531652
fd00::204:4:4:4,19,0,0,214,233,2542497,230,0,60,0,0,0,0,250,230,60,47,2,0,2542544
fd00::204:4:4:4,19,0,0,214,233,2553409,231,0,60,0,0,0,0,251,231,60,45,2,0,2553454
fd00::204:4:4:4,19,0,0,214,233,2564321,232,0,60,0,0,0,0,252,232,60,36,2,0,2564357
fd00::204:4:4:4,19,0,0,214,233,2575233,233,0,60,0,0,0,0,253,233,60,44,2,0,2575277
fd00::204:4:4:4,19,0,0,214,233,2586145,234,0,60,0,0,0,0,254,234,60,34,2,0,2586179
fd00::204:4:4:4,19,0,0,214,233,2597057,235,0,60,0,0,0,0,255,235,60,71,2,0,2597128
fd00::204:4:4:4,19,0,0,214,233,2607969,236,0,60,0,0,0,0,256,236,60,38,2,0,2608007
fd00::204:4:4:4,19,0,0,214,233,2618881,237,0,60,0,0,0,0,257,237,60,66,2,0,2618947
fd00::204:4:4:4,19,0,0,214,233,2629793,238,0,60,0,0,0,0,258,238,60,75,2,0,2629868
fd00::204:4:4:4,19,0,0,214,233,2640705,239,0,60,0,0,0,0,260,239,60,25,2,0,2640730
fd00::204:4:4:4,19,0,0,214,233,2651617,240,0,60,0,0,0,0,261,240,60,39,2,0,2651656
fd00::204:4:4:4,19,0,0,214,233,2662529,241,0,60,0,0,0,0,262,241,60,100,2,0,2662629
fd00::204:4:4:4,19,0,0,214,233,2673441,242,0,60,0,0,0,0,263,242,60,98,2,0,2673539
fd00::204:4:4:4,19,0,0,214,233,2684353,243,0,60,0,0,0,0,264,243,60,74,2,0,2684427
fd00::204:4:4:4,19,0,0,214,233,2695265,244,0,60,0,0,0,0,265,244,60,59,2,0,2695324
fd00::204:4:4:4,19,0,0,214,233,2706177,245,0,60,0,0,0,0,266,245,60,47,2,0,2706224
fd00::204:4:4:4,19,0,0,214,233,2717089,246,0,60,0,0,0,0,267,246,60,51,2,0,2717140
fd00::204:4:4:4,19,0,0,214,233,2728001,247,0,60,0,0,0,0,268,247,60,28,2,0,2728029
fd00::204:4:4:4,19,0,0,214,233,2738913,248,0,60,0,0,0,0,269,248,60,78,2,0,2738991
fd00::204:4:4:4,19,0,0,214,233,2749825,249,0,60,0,0,0,0,270,249,60,77,2,0,2749902
fd00::204:4:4:4,19,0,0,214,233,2760737,250,0,60,0,0,0,0,272,250,60,6,2,0,2760743
fd00::204:4:4:4,19,0,0,214,233,2771649,251,0,60,0,0,0,0,273,251,60,23,2,0,2771672
fd00::204:4:4:4,19,0,0,214,233,2782561,252,0,60,0,0,0,0,274,252,60,53,2,0,2782614
fd00::204:4:4:4,19,0,0,214,233,2793473,253,0,60,0,0,0,0,275,253,60,39,2,0,2793512
fd00::204:4:4:4,19,0,0,214,233,2804385,254,0,60,0,0,0,0,276,254,60,35,2,0,2804420
fd00::204:4:4:4,19,0,0,214,233,2815297,255,0,60,0,0,0,0,277,255,60,107,2,0,2815404
fd00::204:4:4:4,19,0,0,214,233,2826209,256,0,60,0,0,0,0,278,256,60,42,2,0,2826251
fd00::204:4:4:4,19,0,0,214,233,2837121,257,0,60,0,0,0,0,279,257,60,47,2,0,2837168
fd00::204:4:4:4,19,0,0,214,233,2848033,258,0,60,0,0,0,0,280,258,60,61,2,0,2848094
fd00::204:4:4:4,19,0,0,214,233,2858945,259,0,60,0,0,0,0,281,259,60,72,2,0,2859017
fd00::204:4:4:4,19,0,0,214,233,2869857,260,0,60,0,0,0,0,282,260,60,53,2,0,2869910
fd00::204:4:4:4,19,0,0,214,233,2880769,261,0,60,0,0,0,0,284,261,60,70,2,0,2880839
fd00::204:4:4:4,19,0,0,214,233,2891681,262,0,60,0,0,0,0,285,262,60,44,2,0,2891725
fd00::204:4:4:4,19,0,0,214,233,2902593,263,0,60,0,0,0,0,286,263,60,15,2,0,2902608
fd00::204:4:4:4,19,0,0,214,233,2913505,264,0,60,0,0,0,0,287,264,60,62,2,0,2913567
fd00::204:4:4:4,19,0,0,214,233,2924417,265,0,60,0,0,0,0,288,265,60,50,2,0,2924467
fd00::204:4:4:4,19,0,0,214,233,2935329,266,0,60,0,0,0,0,289,266,60,120,2,0,2935449
fd00::204:4:4:4,19,0,0,214,233,2946241,267,0,60,0,0,0,0,290,267,60,56,2,0,2946297
fd00::204:4:4:4,19,0,0,214,233,2957153,268,0,60,0,0,0,0,291,268,60,42,2,0,2957195
fd00::204:4:4:4,19,0,0,214,233,2968065,269,0,60,0,0,0,0,292,269,60,24,2,0,2968089
fd00::204:4:4:4,19,0,0,214,233,2978977,270,0,60,0,0,0,0,293,270,60,35,2,0,2979012
fd00::204:4:4:4,19,0,0,214,233,2989889,271,0,60,0,0,0,0,294,271,60,86,2,0,2989975
fd00::204:4:4:4,19,0,0,214,233,3000801,272,0,60,0,0,0,0,296,272,60,66,2,0,3000867
fd00::204:4:4:4,19,0,0,214,233,3011713,273,0,60,0,0,0,0,297,273,60,17,2,0,3011730
fd00::204:4:4:4,19,0,0,214,233,3022625,274,0,60,0,0,0,0,298,274,60,80,2,0,3022705
fd00::204:4:4:4,19,0,0,214,233,3033537,275,0,60,0,0,0,0,299,275,60,45,2,0,3033582
fd00::204:4:4:4,19,0,0,214,233,3044449,276,0,60,0,0,0,0,300,276,60,44,2,0,3044493
fd00::204:4:4:4,19,0,0,214,233,3055361,277,0,60,0,0,0,0,301,277,60,85,2,0,3055446
fd00::204:4:4:4,19,0,0,214,233,3066273,278,0,60,0,0,0,0,302,278,60,62,2,0,3066335
fd00::204:4:4:4,19,0,0,214,233,3077185,279,0,60,0,0,0,0,303,279,60,56,2,0,3077241
fd00::204:4:4:4,19,0,0,214,233,3088097,280,0,60,0,0,0,0,304,280,60,18,2,0,3088115
fd00::204:4:4:4,19,0,0,214,233,3099009,281,0,60,0,0,0,0,305,281,60,82,2,0,3099091
fd00::204:4:4:4,19,0,0,214,233,3109921,282,0,60,0,0,0,0,306,282,60,31,2,0,3109952
fd00::204:4:4:4,19,0,0,214,233,3120833,283,0,60,0,0,0,0,308,283,60,62,2,0,3120895
fd00::204:4:4:4,19,0,0,214,233,3131745,284,0,60,0,0,0,0,309,284,60,4,2,0,3131749
fd00::204:4:4:4,19,0,0,214,233,3142657,285,0,60,0,0,0,0,310,285,60,17,2,0,3142674
fd00::204:4:4:4,19,0,0,214,233,3153569,286,0,60,0,0,0,0,311,286,60,64,2,0,3153633
fd00::204:4:4:4,19,0,0,214,233,3164481,287,0,60,0,0,0,0,312,287,60,32,2,0,3164513
fd00::204:4:4:4,19,0,0,214,233,3175393,288,0,60,0,0,0,0,313,288,60,8,2,0,3175401
fd00::204:4:4:4,19,0,0,214,233,3186305,289,0,60,0,0,0,0,314,289,60,61,2,0,3186366
fd00::204:4:4:4,19,0,0,214,233,3197217,290,0,60,0,0,0,0,315,290,60,42,2,0,3197259
fd00::204:4:4:4,19,0,0,214,233,3208129,291,0,60,0,0,0,0,316,291,60,68,2,0,3208197
fd00::204:4:4:4,19,0,0,214,233,3219041,292,0,60,0,0,0,0,317,292,60,92,2,0,3219133
fd00::204:4:4:4,19,0,0,214,233,3229953,293,0,60,0,0,0,0,318,293,60,32,2,0,3229985
fd00::204:4:4:4,19,0,0,214,233,3240865,294,0,60,0,0,0,0,320,294,60,29,2,0,3240894
fd00::204:4:4:4,19,0,0,214,233,3251777,295,0,60,0,0,0,0,321,295,60,27,2,0,3251804
fd00::204:4:4:4,19,0,0,214,233,3262689,296,0,60,0,0,0,0,322,296,60,102,2,0,3262791
fd00::204:4:4:4,19,0,0,214,233,3273601,297,0,60,0,0,0,0,323,297,60,18,2,0,3273619
fd00::204:4:4:4,19,0,0,214,233,3284513,298,0,60,0,0,0,0,324,298,60,112,2,0,3284625
fd00::204:4:4:4,19,0,0,214,233,3295425,299,0,60,0,0,0,0,325,299,60,47,2,0,3295472
fd00::204:4:4:4,19,0,0,214,233,3306337,300,0,60,0,0,0,0,326,300,60,70,2,0,3306407
fd00::204:4:4:4,19,0,0,213,232,3317249,301,0,60,0,0,0,0,327,301,60,29,2,0,3317278
fd00::204:4:4:4,19,0,0,214,233,3328161,302,0,60,0,0,0,0,328,302,60,39,2,0,3328200
fd00::204:4:4:4,19,0,0,214,233,3339073,303,0,60,0,0,0,0,329,303,60,29,2,0,3339102
fd00::204:4:4:4,19,0,0,214,233,3349985,304,0,60,0,0,0,0,331,304,60,166,2,0,3350151
fd00::204:4:4:4,19,0,0,214,233,3360897,305,0,60,0,0,0,0,332,305,60,51,2,0,3360948
fd00::204:4:4:4,19,0,0,214,233,3371809,306,0,60,0,0,0,0,333,306,60,32,2,0,3371841
fd00::204:4:4:4,19,0,0,214,233,3382721,307,0,60,0,0,0,0,334,307,60,59,2,0,3382780
fd00::204:4:4:4,19,0,0,214,233,3393633,308,0,60,0,0,0,0,335,308,60,56,2,0,3393689
fd00::204:4:4:4,19,0,0,214,233,3404545,309,0,60,0,0,0,0,336,309,60,49,2,0,3404594
fd00::204:4:4:4,19,0,0,214,233,3415457,310,0,60,0,0,0,0,337,310,60,50,2,0,3415507
fd00::204:4:4:4,19,0,0,214,233,3426369,311,0,60,0,0,0,0,338,311,60,91,2,0,3426460
fd00::204:4:4:4,19,0,0,214,233,3437281,312,0,60,0,0,0,0,339,312,60,69,2,0,3437350
fd00::204:4:4:4,19,0,0,214,233,3448193,313,0,60,0,0,0,0,340,313,60,29,2,0,3448222
fd00::204:4:4:4,19,0,0,214,233,3459105,314,0,60,0,0,0,0,341,314,60,52,2,0,3459157
fd00::204:4:4:4,19,0,0,214,233,3470017,315,0,60,0,0,0,0,343,315,60,54,2,0,3470071
fd00::204:4:4:4,19,0,0,214,233,3480929,316,0,60,0,0,0,0,344,316,60,36,2,0,3480965
fd00::204:4:4:4,19,0,0,214,233,3491841,317,0,60,0,0,0,0,345,317,60,28,2,0,3491869
fd00::204:4:4:4,19,0,0,214,233,3502753,318,0,60,0,0,0,0,346,318,60,24,2,0,3502777
fd00::204:4:4:4,19,0,0,214,233,3513665,319,0,60,0,0,0,0,347,319,60,32,2,0,3513697
fd00::204:4:4:4,19,0,0,214,233,3524577,320,0,60,0,0,0,0,348,320,60,53,2,0,3524630
fd00::204:4:4:4,19,0,0,214,233,3535489,321,0,60,0,0,0,0,349,321,60,74,2,0,3535563
fd00::204:4:4:4,19,0,0,214,233,3546401,322,0,60,0,0,0,0,350,322,60,23,2,0,3546424
fd00::204:4:4:4,19,0,0,214,233,3557313,323,0,60,0,0,0,0,351,323,60,53,2,0,3557366
fd00::204:4:4:4,19,0,0,214,233,3568225,324,0,60,0,0,0,0,352,324,60,43,2,0,3568268
fd00::204:4:4:4,19,0,0,214,233,3579137,325,0,60,0,0,0,0,353,325,60,13,2,0,3579150
fd00::204:4:4:4,19,0,0,214,233,3590049,326,0,60,0,0,0,0,355,326,60,20,2,0,3590069
fd00::205:5:5:5,111,0,0,1216,1327,61789,1,0,60,0,0,0,0,0,1,60,491,3,0,62280
fd00::205:5:5:5,18,0,0,202,220,72087,2,0,60,0,0,0,0,1,2,60,441,3,0,72528
fd00::205:5:5:5,18,0,0,202,220,82385,3,0,60,0,0,0,0,2,3,60,466,3,0,82851
fd00::205:5:5:5,18,0,0,202,220,92683,4,0,60,0,0,0,0,3,4,60,385,3,0,93068
fd00::205:5:5:5,18,0,0,202,220,102981,5,0,60,0,0,0,0,4,5,60,442,3,0,103423
fd00::205:5:5:5,18,0,0,202,220,113279,6,0,60,0,0,0,0,5,6,60,459,3,0,113738
fd00::205:5:5:5,18,0,0,202,220,123577,7,0,60,0,0,0,0,6,7,60,445,3,0,124022
fd00::205:5:5:5,18,0,0,202,220,133875,8,0,60,0,0,0,0,7,8,60,483,3,0,134358
fd00::205:5:5:5,18,0,0,202,220,144173,9,0,60,0,0,0,0,8,9,60,438,3,0,144611
fd00::205:5:5:5,18,0,0,201,219,154471,10,0,60,0,0,0,0,9,10,60,405,3,0,154876
fd00::205:5:5:5,18,0,0,202,220,164769,11,0,60,0,0,0,0,10,11,60,405,3,0,165174
fd00::205:5:5:5,18,0,0,202,220,175067,12,0,60,0,0,0,0,11,12,60,417,3,0,175484
fd00::205:5:5:5,18,0,0,202,220,185365,13,0,60,0,0,0,0,12,13,60,457,3,0,185822
fd00::205:5:5:5,18,0,0,202,220,195663,14,0,60,0,0,0,0,13,14,60,462,3,0,196125
fd00::205:5:5:5,18,0,0,202,220,205961,15,0,60,0,0,0,0,14,15,60,479,3,0,206440
fd00::205:5:5:5,18,0,0,202,220,216259,16,0,60,0,0,0,0,15,16,60,426,3,0,216685
fd00::205:5:5:5,18,0,0,202,220,226557,17,0,60,0,0,0,0,16,17,60,422,3,0,226979
fd00::205:5:5:5,18,0,0,202,220,236855,18,0,60,0,0,0,0,17,18,60,447,3,0,237302
fd00::205:5:5:5,18,0,0,202,220,247153,19,0,60,0,0,0,0,18,19,60,413,3,0,247566
fd00::205:5:5:5,18,0,0,202,220,257451,20,0,60,0,0,0,0,19,20,60,399,3,0,257850
fd00::205:5:5:5,18,0,0,202,220,267749,21,0,60,0,0,0,0,20,21,60,408,3,0,268157
fd00::205:5:5:5,18,0,0,202,220,278047,22,0,60,0,0,0,0,21,22,60,426,3,0,278473
fd00::205:5:5:5,18,0,0,202,220,288345,23,0,60,0,0,0,0,22,23,60,414,3,0,288759
fd00::205:5:5:5,18,0,0,202,220,298643,24,0,60,0,0,0,0,23,24,60,399,3,0,299042
fd00::205:5:5:5,18,0,0,202,220,308941,25,0,60,0,0,0,0,24,25,60,435,3,0,309376
fd00::205:5:5:5,18,0,0,202,220,319239,26,0,60,0,0,0,0,25,26,60,419,3,0,319658
fd00::205:5:5:5,18,0,0,202,220,329537,27,0,60,0,0,0,0,27,27,60,482,3,0,330019
fd00::205:5:5:5,18,0,0,202,220,339835,28,0,60,0,0,0,0,28,28,60,454,3,0,340289
fd00::205:5:5:5,18,0,0,202,220,350133,29,0,60,0,0,0,0,29,29,60,437,3,0,350570
fd00::205:5:5:5,18,0,0,202,220,360431,30,0,60,0,0,0,0,30,30,60,493,3,0,360924
fd00::205:5:5:5,18,0,0,202,220,370729,31,0,60,0,0,0,0,31,31,60,401,3,0,371130
fd00::205:5:5:5,18,0,0,202,220,381027,32,0,60,0,0,0,0,32,32,60,416,3,0,381443
fd00::205:5:5:5,18,0,0,202,220,391325,33,0,60,0,0,0,0,33,33,60,420,3,0,391745
fd00::205:5:5:5,18,0,0,201,219,401623,34,0,60,0,0,0,0,34,34,60,465,3,0,402088
fd00::205:5:5:5,18,0,0,202,220,411921,35,0,60,0,0,0,0,35,35,60,435,3,0,412356
fd00::205:5:5:5,18,0,0,202,220,422219,36,0,60,0,0,0,0,36,36,60,433,3,0,422652
fd00::205:5:5:5,18,0,0,202,220,432517,37,0,60,0,0,0,0,37,37,60,451,3,0,432968
fd00::205:5:5:5,18,0,0,202,220,442815,38,0,60,0,0,0,0,38,38,60,409,3,0,443224
fd00::205:5:5:5,18,0,0,201,219,453113,39,0,60,0,0,0,0,39,39,60,402,3,0,453515
fd00::205:5:5:5,18,0,0,202,220,463411,40,0,60,0,0,0,0,40,40,60,417,3,0,463828
fd00::205:5:5:5,18,0,0,202,220,473709,41,0,60,0,0,0,0,41,41,60,401,3,0,474110
fd00::205:5:5:5,18,0,0,202,220,484007,42,0,60,0,0,0,0,42,42,60,447,3,0,484454
fd00::205:5:5:5,18,0,0,202,220,494305,43,0,60,0,0,0,0,43,43,60,445,3,0,494750
fd00::205:5:5:5,18,0,0,202,220,504603,44,0,60,0,0,0,0,44,44,60,449,3,0,505052
fd00::205:5:5:5,18,0,0,202,220,514901,45,0,60,0,0,0,0,45,45,60,555,3,0,515456
fd00::205:5:5:5,18,0,0,202,220,525199,46,0,60,0,0,0,0,46,46,60,441,3,0,525640
fd00::205:5:5:5,18,0,0,202,220,535497,47,0,60,0,0,0,0,47,47,60,461,3,0,535958
fd00::205:5:5:5,18,0,0,202,220,545795,48,0,60,0,0,0,0,48,48,60,428,3,0,546223
fd00::205:5:5:5,18,0,0,202,220,556093,49,0,60,0,0,0,0,49,49,60,430,3,0,556523
fd00::205:5:5:5,18,0,0,202,220,566391,50,0,60,0,0,0,0,50,50,60,464,3,0,566855
fd00::205:5:5:5,18,0,0,202,220,576689,51,0,60,0,0,0,0,51,51,60,445,3,0,577134
fd00::205:5:5:5,18,0,0,202,220,586987,52,0,60,0,0,0,0,52,52,60,477,3,0,587464
fd00::205:5:5:5,18,0,0,202,220,597285,53,0,60,0,0,0,0,53,53,60,403,3,0,597688
fd00::205:5:5:5,18,0,0,202,220,607583,54,0,60,0,0,0,0,54,54,60,436,3,0,608019
fd00::205:5:5:5,18,0,0,202,220,617881,55,0,60,0,0,0,0,55,55,60,460,3,0,618341
fd00::205:5:5:5,18,0,0,202,220,628179,56,0,60,0,0,0,0,56,56,60,445,3,0,628624
fd00::205:5:5:5,18,0,0,202,220,638477,57,0,60,0,0,0,0,57,57,60,466,3,0,638943
fd00::205:5:5:5,18,0,0,202,220,648775,58,0,60,0,0,0,0,58,58,60,460,3,0,649235
fd00::205:5:5:5,18,0,0,202,220,659073,59,0,60,0,0,0,0,59,59,60,439,3,0,659512
fd00::205:5:5:5,18,0,0,202,220,669371,60,0,60,0,0,0,0,60,60,60,427,3,0,669798
fd00::205:5:5:5,18,0,0,202,220,679669,61,0,60,0,0,0,0,62,61,60,500,3,0,680169
fd00::205:5:5:5,18,0,0,202,220,689967,62,0,60,0,0,0,0,63,62,60,444,3,0,690411
fd00::205:5:5:5,18,0,0,202,220,700265,63,0,60,0,0,0,0,64,63,60,416,3,0,700681
fd00::205:5:5:5,18,0,0,202,220,710563,64,0,60,0,0,0,0,65,64,60,447,3,0,711010
fd00::205:5:5:5,18,0,0,202,220,720861,65,0,60,0,0,0,0,66,65,60,427,3,0,721288
fd00::205:5:5:5,18,0,0,202,220,731159,66,0,60,0,0,0,0,67,66,60,467,3,0,731626
fd00::205:5:5:5,18,0,0,202,220,741457,67,0,60,0,0,0,0,68,67,60,450,3,0,741907
fd00::205:5:5:5,18,0,0,202,220,751755,68,0,60,0,0,0,0,69,68,60,442,3,0,752197
fd00::205:5:5:5,18,0,0,202,220,762053,69,0,60,0,0,0,0,70,69,60,475,3,0,762528
fd00::205:5:5:5,18,0,0,202,220,772351,70,0,60,0,0,0,0,71,70,60,441,3,0,772792
fd00::205:5:5:5,18,0,0,202,220,782649,71,0,60,0,0,0,0,72,71,60,417,3,0,783066
fd00::205:5:5:5,18,0,0,201,219,792947,72,0,60,0,0,0,0,73,72,60,487,3,0,793434
fd00::205:5:5:5,18,0,0,202,220,803245,73,0,60,0,0,0,0,74,73,60,440,3,0,803685
fd00::205:5:5:5,18,0,0,202,220,813543,74,0,60,0,0,0,0,75,74,60,420,3,0,813963
fd00::205:5:5:5,18,0,0,202,220,823841,75,0,60,0,0,0,0,76,75,60,435,3,0,824276
fd00::205:5:5:5,18,0,0,202,220,834139,76,0,60,0,0,0,0,77,76,60,417,3,0,834556
fd00::205:5:5:5,18,0,0,202,220,844437,77,0,60,0,0,0,0,78,77,60,425,3,0,844862
fd00::205:5:5:5,18,0,0,202,220,854735,78,0,60,0,0,0,0,79,78,60,454,3,0,855189
fd00::205:5:5:5,18,0,0,202,220,865033,79,0,60,0,0,0,0,80,79,60,450,3,0,865483
fd00::205:5:5:5,18,0,0,202,220,875331,80,0,60,0,0,0,0,81,80,60,433,3,0,875764
fd00::205:5:5:5,18,0,0,202,220,885629,81,0,60,0,0,0,0,82,81,60,442,3,0,886071
fd00::205:5:5:5,18,0,0,202,220,895927,82,0,60,0,0,0,0,83,82,60,467,3,0,896394
fd00::205:5:5:5,18,0,0,202,220,906225,83,0,60,0,0,0,0,84,83,60,381,3,0,906606
fd00::205:5:5:5,18,0,0,202,220,916523,84,0,60,0,0,0,0,85,84,60,463,3,0,916986
fd00::205:5:5:5,18,0,0,202,220,926821,85,0,60,0,0,0,0,86,85,60,396,3,0,927217
fd00::205:5:5:5,18,0,0,202,220,937119,86,0,60,0,0,0,0,87,86,60,421,3,0,937540
fd00::205:5:5:5,18,0,0,202,220,947417,87,0,60,0,0,0,0,88,87,60,421,3,0,947838
fd00::205:5:5:5,18,0,0,202,220,957715,88,0,60,0,0,0,0,89,88,60,402,3,0,958117
fd00::205:5:5:5,18,0,0,202,220,968013,89,0,60,0,0,0,0,90,89,60,426,3,0,968439
fd00::205:5:5:5,18,0,0,202,220,978311,90,0,60,0,0,0,0,91,90,60,448,3,0,978759
fd00::205:5:5:5,18,0,0,202,220,988609,91,0,60,0,0,0,0,92,91,60,379,3,0,988988
fd00::205:5:5:5,18,0,0,202,220,998907,92,0,60,0,0,0,0,93,92,60,423,3,0,999330
fd00::205:5:5:5,18,0,0,202,220,1009205,93,0,60,0,0,0,0,94,93,60,452,3,0,1009657
fd00::205:5:5:5,18,0,0,202,220,1019503,94,0,60,0,0,0,0,95,94,60,447,3,0,1019950
fd00::205:5:5:5,18,0,0,202,220,1029801,95,0,60,0,0,0,0,97,95,60,577,3,0,1030378
fd00::205:5:5:5,18,0,0,202,220,1040099,96,0,60,0,0,0,0,98,96,60,410,3,0,1040509
fd00::205:5:5:5,18,0,0,202,220,1050397,97,0,60,0,0,0,0,99,97,60,426,3,0,1050823
fd00::205:5:5:5,18,0,0,202,220,1060695,98,0,60,0,0,0,0,100,98,60,407,3,0,1061102
fd00::205:5:5:5,18,0,0,202,220,1070993,99,0,60,0,0,0,0,101,99,60,451,3,0,1071444
fd00::205:5:5:5,18,0,0,202,220,1081291,100,0,60,0,0,0,0,102,100,60,470,3,0,1081761
fd00::205:5:5:5,18,0,0,202,220,1091589,101,0,60,0,0,0,0,103,101,60,392,3,0,1091981
fd00::205:5:5:5,18,0,0,202,220,1101887,102,0,60,0,0,0,0,104,102,60,455,3,0,1102342
fd00::205:5:5:5,18,0,0,202,220,1112185,103,0,60,0,0,0,0,105,103,60,468,3,0,1112653
fd00::205:5:5:5,18,0,0,202,220,1122483,104,0,60,0,0,0,0,106,104,60,421,3,0,1122904
fd00::205:5:5:5,18,0,0,202,220,1132781,105,0,60,0,0,0,0,107,105,60,399,3,0,1133180
fd00::205:5:5:5,18,0,0,202,220,1143079,106,0,60,0,0,0,0,108,106,60,460,3,0,1143539
fd00::205:5:5:5,18,0,0,202,220,1153377,107,0,60,0,0,0,0,109,107,60,408,3,0,1153785
fd00::205:5:5:5,18,0,0,202,220,1163675,108,0,60,0,0,0,0,110,108,60,420,3,0,1164095
fd00::205:5:5:5,18,0,0,202,220,1173973,109,0,60,0,0,0,0,111,109,60,427,3,0,1174400
fd00::205:5:5:5,18,0,0,201,219,1184271,110,0,60,0,0,0,0,112,110,60,418,3,0,1184689
fd00::205:5:5:5,18,0,0,202,220,1194569,111,0,60,0,0,0,0,113,111,60,471,3,0,1195040
fd00::205:5:5:5,18,0,0,202,220,1204867,112,0,60,0,0,0,0,114,112,60,428,3,0,1205295
fd00::205:5:5:5,18,0,0,202,220,1215165,113,0,60,0,0,0,0,115,113,60,425,3,0,1215590
fd00::205:5:5:5,18,0,0,202,220,1225463,114,0,60,0,0,0,0,116,114,60,457,3,0,1225920
fd00::205:5:5:5,18,0,0,202,220,1235761,115,0,60,0,0,0,0,117,115,60,484,3,0,1236245
fd00::205:5:5:5,18,0,0,202,220,1246059,116,0,60,0,0,0,0,118,116,60,468,3,0,1246527
fd00::205:5:5:5,18,0,0,202,220,1256357,117,0,60,0,0,0,0,119,117,60,399,3,0,1256756
fd00::205:5:5:5,18,0,0,202,220,1266655,118,0,60,0,0,0,0,120,118,60,443,3,0,1267098
fd00::205:5:5:5,18,0,0,202,220,1276953,119,0,60,0,0,0,0,121,119,60,482,3,0,1277435
fd00::205:5:5:5,18,0,0,202,220,1287251,120,0,60,0,0,0,0,122,120,60,491,3,0,1287742
fd00::205:5:5:5,18,0,0,202,220,1297549,121,0,60,0,0,0,0,123,121,60,466,3,0,1298015
fd00::205:5:5:5,18,0,0,202,220,1307847,122,0,60,0,0,0,0,124,122,60,455,3,0,1308302
fd00::205:5:5:5,18,0,0,202,220,1318145,123,0,60,0,0,0,0,125,123,60,485,3,0,1318630
fd00::205:5:5:5,18,0,0,202,220,1328443,124,0,60,0,0,0,0,126,124,60,422,3,0,1328865
fd00::205:5:5:5,18,0,0,202,220,1338741,125,0,60,0,0,0,0,127,125,60,459,3,0,1339200
fd00::205:5:5:5,18,0,0,202,220,1349039,126,0,60,0,0,0,0,128,126,60,468,3,0,1349507
fd00::205:5:5:5,18,0,0,202,220,1359337,127,0,60,0,0,0,0,129,127,60,452,3,0,1359789
fd00::205:5:5:5,18,0,0,202,220,1369635,128,0,60,0,0,0,0,131,128,60,466,3,0,1370101
fd00::205:5:5:5,18,0,0,202,220,1379933,129,0,60,0,0,0,0,132,129,60,476,3,0,1380409
fd00::205:5:5:5,18,0,0,202,220,1390231,130,0,60,0,0,0,0,133,130,60,467,3,0,1390698
fd00::205:5:5:5,18,0,0,202,220,1400529,131,0,60,0,0,0,0,134,131,60,422,3,0,1400951
fd00::205:5:5:5,18,0,0,201,219,1410827,132,0,60,0,0,0,0,135,132,60,457,3,0,1411284
fd00::205:5:5:5,18,0,0,202,220,1421125,133,0,60,0,0,0,0,136,133,60,422,3,0,1421547
fd00::205:5:5:5,18,0,0,202,220,1431423,134,0,60,0,0,0,0,137,134,60,411,3,0,1431834
fd00::205:5:5:5,18,0,0,202,220,1441721,135,0,60,0,0,0,0,138,135,60,417,3,0,1442138
fd00::205:5:5:5,18,0,0,202,220,1452019,136,0,60,0,0,0,0,139,136,60,466,3,0,1452485
fd00::205:5:5:5,18,0,0,202,220,1462317,137,0,60,0,0,0,0,140,137,60,404,3,0,1462721
fd00::205:5:5:5,18,0,0,202,220,1472615,138,0,60,0,0,0,0,141,138,60,437,3,0,1473052
fd00::205:5:5:5,18,0,0,202,220,1482913,139,0,60,0,0,0,0,142,139,60,432,3,0,1483345
fd00::205:5:5:5,18,0,0,202,220,1493211,140,0,60,0,0,0,0,143,140,60,411,3,0,1493622
fd00::205:5:5:5,18,0,0,202,220,1503509,141,0,60,0,0,0,0,144,141,60,437,3,0,1503946
fd00::205:5:5:5,18,0,0,202,220,1513807,142,0,60,0,0,0,0,145,142,60,420,3,0,1514227
fd00::205:5:5:5,18,0,0,202,220,1524105,143,0,60,0,0,0,0,146,143,60,426,3,0,1524531
fd00::205:5:5:5,18,0,0,202,220,1534403,144,0,60,0,0,0,0,147,144,60,437,3,0,1534840
fd00::205:5:5:5,18,0,0,202,220,1544701,145,0,60,0,0,0,0,148,145,60,445,3,0,1545146
fd00::205:5:5:5,18,0,0,202,220,1554999,146,0,60,0,0,0,0,149,146,60,417,3,0,1555416
fd00::205:5:5:5,18,0,0,202,220,1565297,147,0,60,0,0,0,0,150,147,60,431,3,0,1565728
fd00::205:5:5:5,18,0,0,202,220,1575595,148,0,60,0,0,0,0,151,148,60,448,3,0,1576043
fd00::205:5:5:5,18,0,0,202,220,1585893,149,0,60,0,0,0,0,152,149,60,443,3,0,1586336
fd00::205:5:5:5,18,0,0,202,220,1596191,150,0,60,0,0,0,0,153,150,60,443,3,0,1596634
fd00::205:5:5:5,18,0,0,202,220,1606489,151,0,60,0,0,0,0,154,151,60,418,3,0,1606907
fd00::205:5:5:5,18,0,0,202,220,1616787,152,0,60,0,0,0,0,155,152,60,423,3,0,1617210
fd00::205:5:5:5,18,0,0,202,220,1627085,153,0,60,0,0,0,0,156,153,60,410,3,0,1627495
fd00::205:5:5:5,18,0,0,202,220,1637383,154,0,60,0,0,0,0,157,154,60,479,3,0,1637862
fd00::205:5:5:5,18,0,0,202,220,1647681,155,0,60,0,0,0,0,158,155,60,448,3,0,1648129
fd00::205:5:5:5,18,0,0,202,220,1657979,156,0,60,0,0,0,0,159,156,60,444,3,0,1658423
fd00::205:5:5:5,18,0,0,202,220,1668277,157,0,60,0,0,0,0,160,157,60,462,3,0,1668739
fd00::205:5:5:5,18,0,0,202,220,1678575,158,0,60,0,0,0,0,161,158,60,429,3,0,1679004
fd00::205:5:5:5,18,0,0,202,220,1688873,159,0,60,0,0,0,0,162,159,60,460,3,0,1689333
fd00::205:5:5:5,18,0,0,202,220,1699171,160,0,60,0,0,0,0,163,160,60,477,3,0,1699648
fd00::205:5:5:5,18,0,0,202,220,1709469,161,0,60,0,0,0,0,164,161,60,404,3,0,1709873
fd00::205:5:5:5,18,0,0,202,220,1719767,162,0,60,0,0,0,0,166,162,60,480,3,0,1720247
fd00::205:5:5:5,18,0,0,202,220,1730065,163,0,60,0,0,0,0,167,163,60,460,3,0,1730525
fd00::205:5:5:5,18,0,0,202,220,1740363,164,0,60,0,0,0,0,168,164,60,478,3,0,1740841
fd00::205:5:5:5,18,0,0,202,220,1750661,165,0,60,0,0,0,0,169,165,60,455,3,0,1751116
fd00::205:5:5:5,18,0,0,202,220,1760959,166,0,60,0,0,0,0,170,166,60,451,3,0,1761410
fd00::205:5:5:5,18,0,0,202,220,1771257,167,0,60,0,0,0,0,171,167,60,444,3,0,1771701
fd00::205:5:5:5,18,0,0,202,220,1781555,168,0,60,0,0,0,0,172,168,60,450,3,0,1782005
fd00::205:5:5:5,18,0,0,202,220,1791853,169,0,60,0,0,0,0,173,169,60,457,3,0,1792310
fd00::205:5:5:5,18,0,0,202,220,1802151,170,0,60,0,0,0,0,174,170,60,453,3,0,1802604
fd00::205:5:5:5,18,0,0,201,219,1812449,171,0,60,0,0,0,0,175,171,60,443,3,0,1812892
fd00::205:5:5:5,18,0,0,202,220,1822747,172,0,60,0,0,0,0,176,172,60,409,3,0,1823156
fd00::205:5:5:5,18,0,0,202,220,1833045,173,0,60,0,0,0,0,177,173,60,473,3,0,1833518
fd00::205:5:5:5,18,0,0,202,220,1843343,174,0,60,0,0,0,0,178,174,60,386,3,0,1843729
fd00::205:5:5:5,18,0,0,202,220,1853641,175,0,60,0,0,0,0,179,175,60,457,3,0,1854098
fd00::205:5:5:5,18,0,0,202,220,1863939,176,0,60,0,0,0,0,180,176,60,393,3,0,1864332
fd00::205:5:5:5,18,0,0,202,220,1874237,177,0,60,0,0,0,0,181,177,60,449,3,0,1874686
fd00::205:5:5:5,18,0,0,202,220,1884535,178,0,60,0,0,0,0,182,178,60,424,3,0,1884959
fd00::205:5:5:5,18,0,0,202,220,1894833,179,0,60,0,0,0,0,183,179,60,444,3,0,1895277
fd00::205:5:5:5,18,0,0,202,220,1905131,180,0,60,0,0,0,0,184,180,60,387,3,0,1905518
fd00::205:5:5:5,18,0,0,202,220,1915429,181,0,60,0,0,0,0,185,181,60,434,3,0,1915863
fd00::205:5:5:5,18,0,0,202,220,1925727,182,0,60,0,0,0,0,186,182,60,406,3,0,1926133
fd00::205:5:5:5,18,0,0,202,220,1936025,183,0,60,0,0,0,0,187,183,60,443,3,0,1936468
fd00::205:5:5:5,18,0,0,202,220,1946323,184,0,60,0,0,0,0,188,184,60,417,3,0,1946740
fd00::205:5:5:5,18,0,0,202,220,1956621,185,0,60,0,0,0,0,189,185,60,442,3,0,1957063
fd00::205:5:5:5,18,0,0,202,220,1966919,186,0,60,0,0,0,0,190,186,60,457,3,0,1967376
fd00::205:5:5:5,18,0,0,202,220,1977217,187,0,60,0,0,0,0,191,187,60,470,3,0,1977687
fd00::205:5:5:5,18,0,0,202,220,1987515,188,0,60,0,0,0,0,192,188,60,473,3,0,1987988
fd00::205:5:5:5,18,0,0,202,220,1997813,189,0,60,0,0,0,0,193,189,60,402,3,0,1998215
fd00::205:5:5:5,18,0,0,202,220,2008111,190,0,60,0,0,0,0,194,190,60,425,3,0,2008536
fd00::205:5:5:5,18,0,0,202,220,2018409,191,0,60,0,0,0,0,195,191,60,453,3,0,2018862
fd00::205:5:5:5,18,0,0,202,220,2028707,192,0,60,0,0,0,0,196,192,60,431,3,0,2029138
fd00::205:5:5:5,18,0,0,202,220,2039005,193,0,60,0,0,0,0,197,193,60,473,3,0,2039478
fd00::205:5:5:5,18,0,0,201,219,2049303,194,0,60,0,0,0,0,198,194,60,409,3,0,2049712
fd00::205:5:5:5,18,0,0,202,220,2059601,195,0,60,0,0,0,0,200,195,60,487,3,0,2060088
fd00::205:5:5:5,18,0,0,202,220,2069899,196,0,60,0,0,0,0,201,196,60,475,3,0,2070374
fd00::205:5:5:5,18,0,0,202,220,2080197,197,0,60,0,0,0,0,202,197,60,447,3,0,2080644
fd00::205:5:5:5,18,0,0,202,220,2090495,198,0,60,0,0,0,0,203,198,60,474,3,0,2090969
fd00::205:5:5:5,18,0,0,202,220,2100793,199,0,60,0,0,0,0,204,199,60,422,3,0,2101215
fd00::205:5:5:5,18,0,0,202,220,2111091,200,0,60,0,0,0,0,205,200,60,456,3,0,2111547
fd00::205:5:5:5,18,0,0,202,220,2121389,201,0,60,0,0,0,0,206,201,60,421,3,0,2121810
fd00::205:5:5:5,18,0,0,202,220,2131687,202,0,60,0,0,0,0,207,202,60,382,3,0,2132069
fd00::205:5:5:5,18,0,0,202,220,2141985,203,0,60,0,0,0,0,208,203,60,471,3,0,2142456
fd00::205:5:5:5,18,0,0,202,220,2152283,204,0,60,0,0,0,0,209,204,60,480,3,0,2152763
fd00::205:5:5:5,18,0,0,202,220,2162581,205,0,60,0,0,0,0,210,205,60,414,3,0,2162995
fd00::205:5:5:5,18,0,0,202,220,2172879,206,0,60,0,0,0,0,211,206,60,427,3,0,2173306
fd00::205:5:5:5,18,0,0,202,220,2183177,207,0,60,0,0,0,0,212,207,60,471,3,0,2183648
fd00::205:5:5:5,18,0,0,202,220,2193475,208,0,60,0,0,0,0,213,208,60,418,3,0,2193893
fd00::205:5:5:5,18,0,0,202,220,2203773,209,0,60,0,0,0,0,214,209,60,506,3,0,2204279
fd00::205:5:5:5,18,0,0,202,220,2214071,210,0,60,0,0,0,0,215,210,60,430,3,0,2214501
fd00::205:5:5:5,18,0,0,202,220,2224369,211,0,60,0,0,0,0,216,211,60,438,3,0,2224807
fd00::205:5:5:5,18,0,0,202,220,2234667,212,0,60,0,0,0,0,217,212,60,411,3,0,2235078
fd00::205:5:5:5,18,0,0,202,220,2244965,213,0,60,0,0,0,0,218,213,60,420,3,0,2245385
fd00::205:5:5:5,18,0,0,202,220,2255263,214,0,60,0,0,0,0,219,214,60,412,3,0,2255675
fd00::205:5:5:5,18,0,0,202,220,2265561,215,0,60,0,0,0,0,220,215,60,455,3,0,2266016
fd00::205:5:5:5,18,0,0,202,220,2275859,216,0,60,0,0,0,0,221,216,60,439,3,0,2276298
fd00::205:5:5:5,18,0,0,202,220,2286157,217,0,60,0,0,0,0,222,217,60,445,3,0,2286602
fd00::205:5:5:5,18,0,0,202,220,2296455,218,0,60,0,0,0,0,223,218,60,468,3,0,2296923
fd00::205:5:5:5,18,0,0,202,220,2306753,219,0,60,0,0,0,0,224,219,60,469,3,0,2307222
fd00::205:5:5:5,18,0,0,202,220,2317051,220,0,60,0,0,0,0,225,220,60,436,3,0,2317487
fd00::205:5:5:5,18,0,0,202,220,2327349,221,0,60,0,0,0,0,226,221,60,447,3,0,2327796
fd00::205:5:5:5,18,0,0,202,220,2337647,222,0,60,0,0,0,0,227,222,60,480,3,0,2338127
fd00::205:5:5:5,18,0,0,202,220,2347945,223,0,60,0,0,0,0,228,223,60,395,3,0,2348340
fd00::205:5:5:5,18,0,0,202,220,2358243,224,0,60,0,0,0,0,229,224,60,429,3,0,2358672
fd00::205:5:5:5,18,0,0,202,220,2368541,225,0,60,0,0,0,0,230,225,60,445,3,0,2368986
fd00::205:5:5:5,18,0,0,202,220,2378839,226,0,60,0,0,0,0,231,226,60,428,3,0,2379267
fd00::205:5:5:5,18,0,0,202,220,2389137,227,0,60,0,0,0,0,232,227,60,460,3,0,2389597
fd00::205:5:5:5,18,0,0,202,220,2399435,228,0,60,0,0,0,0,233,228,60,456,3,0,2399891
fd00::205:5:5:5,18,0,0,202,220,2409733,229,0,60,0,0,0,0,235,229,60,442,3,0,2410175
fd00::205:5:5:5,18,0,0,202,220,2420031,230,0,60,0,0,0,0,236,230,60,418,3,0,2420449
fd00::205:5:5:5,18,0,0,202,220,2430329,231,0,60,0,0,0,0,237,231,60,456,3,0,2430785
fd00::205:5:5:5,18,0,0,202,220,2440627,232,0,60,0,0,0,0,238,232,60,432,3,0,2441059
fd00::205:5:5:5,18,0,0,202,220,2450925,233,0,60,0,0,0,0,239,233,60,402,3,0,2451327
fd00::205:5:5:5,18,0,0,202,220,2461223,234,0,60,0,0,0,0,240,234,60,412,3,0,2461635
fd00::205:5:5:5,18,0,0,202,220,2471521,235,0,60,0,0,0,0,241,235,60,434,3,0,2471955
fd00::205:5:5:5,18,0,0,202,220,2481819,236,0,60,0,0,0,0,242,236,60,407,3,0,2482226
fd00::205:5:5:5,18,0,0,202,220,2492117,237,0,60,0,0,0,0,243,237,60,449,3,0,2492566
fd00::205:5:5:5,18,0,0,202,220,2502415,238,0,60,0,0,0,0,244,238,60,499,3,0,2502914
fd00::205:5:5:5,18,0,0,202,220,2512713,239,0,60,0,0,0,0,245,239,60,454,3,0,2513167
fd00::205:5:5:5,18,0,0,202,220,2523011,240,0,60,0,0,0,0,246,240,60,436,3,0,2523447
fd00::205:5:5:5,18,0,0,202,220,2533309,241,0,60,0,0,0,0,247,241,60,493,3,0,2533802
fd00::205:5:5:5,18,0,0,202,220,2543607,242,0,60,0,0,0,0,248,242,60,430,3,0,2544037
fd00::205:5:5:5,18,0,0,202,220,2553905,243,0,60,0,0,0,0,249,243,60,421,3,0,2554326
fd00::205:5:5:5,18,0,0,202,220,2564203,244,0,60,0,0,0,0,250,244,60,442,3,0,2564645
fd00::205:5:5:5,18,0,0,202,220,2574501,245,0,60,0,0,0,0,251,245,60,470,3,0,2574971
fd00::205:5:5:5,18,0,0,201,219,2584799,246,0,60,0,0,0,0,252,246,60,439,3,0,2585238
fd00::205:5:5:5,18,0,0,202,220,2595097,247,0,60,0,0,0,0,253,247,60,428,3,0,2595525
fd00::205:5:5:5,18,0,0,202,220,2605395,248,0,60,0,0,0,0,254,248,60,442,3,0,2605837
fd00::205:5:5:5,18,0,0,202,220,2615693,249,0,60,0,0,0,0,255,249,60,477,3,0,2616170
fd00::205:5:5:5,18,0,0,202,220,2625991,250,0,60,0,0,0,0,256,250,60,437,3,0,2626428
fd00::205:5:5:5,18,0,0,202,220,2636289,251,0,60,0,0,0,0,257,251,60,448,3,0,2636737
fd00::205:5:5:5,18,0,0,202,220,2646587,252,0,60,0,0,0,0,258,252,60,451,3,0,2647038
fd00::205:5:5:5,18,0,0,202,220,2656885,253,0,60,0,0,0,0,259,253,60,405,3,0,2657290
fd00::205:5:5:5,18,0,0,202,220,2667183,254,0,60,0,0,0,0,260,254,60,418,3,0,2667601
fd00::205:5:5:5,18,0,0,202,220,2677481,255,0,60,0,0,0,0,261,255,60,464,3,0,2677945
fd00::205:5:5:5,18,0,0,201,219,2687779,256,0,60,0,0,0,0,262,256,60,416,3,0,2688195
fd00::205:5:5:5,18,0,0,202,220,2698077,257,0,60,0,0,0,0,263,257,60,443,3,0,2698520
fd00::205:5:5:5,18,0,0,202,220,2708375,258,0,60,0,0,0,0,264,258,60,398,3,0,2708773
fd00::205:5:5:5,18,0,0,202,220,2718673,259,0,60,0,0,0,0,265,259,60,450,3,0,2719123
fd00::205:5:5:5,18,0,0,202,220,2728971,260,0,60,0,0,0,0,266,260,60,454,3,0,2729425
fd00::205:5:5:5,18,0,0,202,220,2739269,261,0,60,0,0,0,0,267,261,60,400,3,0,2739669
fd00::205:5:5:5,18,0,0,202,220,2749567,262,0,60,0,0,0,0,269,262,60,451,3,0,2750018
fd00::205:5:5:5,18,0,0,202,220,2759865,263,0,60,0,0,0,0,270,263,60,485,3,0,2760350
fd00::205:5:5:5,18,0,0,202,220,2770163,264,0,60,0,0,0,0,271,264,60,517,3,0,2770680
fd00::205:5:5:5,18,0,0,202,220,2780461,265,0,60,0,0,0,0,272,265,60,449,3,0,2780910
fd00::205:5:5:5,18,0,0,202,220,2790759,266,0,60,0,0,0,0,273,266,60,484,3,0,2791243
fd00::205:5:5:5,18,0,0,202,220,2801057,267,0,60,0,0,0,0,274,267,60,426,3,0,2801483
fd00::205:5:5:5,18,0,0,202,220,2811355,268,0,60,0,0,0,0,275,268,60,491,3,0,2811846
fd00::205:5:5:5,18,0,0,202,220,2821653,269,0,60,0,0,0,0,276,269,60,454,3,0,2822107
fd00::205:5:5:5,18,0,0,202,220,2831951,270,0,60,0,0,0,0,277,270,60,445,3,0,2832396
fd00::205:5:5:5,18,0,0,202,220,2842249,271,0,60,0,0,0,0,278,271,60,432,3,0,2842681
fd00::205:5:5:5,18,0,0,202,220,2852547,272,0,60,0,0,0,0,279,272,60,374,3,0,2852921
fd00::205:5:5:5,18,0,0,202,220,2862845,273,0,60,0,0,0,0,280,273,60,430,3,0,2863275
fd00::205:5:5:5,18,0,0,202,220,2873143,274,0,60,0,0,0,0,281,274,60,458,3,0,2873601
fd00::205:5:5:5,18,0,0,202,220,2883441,275,0,60,0,0,0,0,282,275,60,422,3,0,2883863
fd00::205:5:5:5,18,0,0,202,220,2893739,276,0,60,0,0,0,0,283,276,60,466,3,0,2894205
fd00::205:5:5:5,18,0,0,202,220,2904037,277,0,60,0,0,0,0,284,277,60,426,3,0,2904463
fd00::205:5:5:5,18,0,0,202,220,2914335,278,0,60,0,0,0,0,285,278,60,419,3,0,2914754
fd00::205:5:5:5,18,0,0,202,220,2924633,279,0,60,0,0,0,0,286,279,60,415,3,0,2925048
fd00::205:5:5:5,18,0,0,202,220,2934931,280,0,60,0,0,0,0,287,280,60,402,3,0,2935333
fd00::205:5:5:5,18,0,0,202,220,2945229,281,0,60,0,0,0,0,288,281,60,458,3,0,2945687
fd00::205:5:5:5,18,0,0,202,220,2955527,282,0,60,0,0,0,0,289,282,60,451,3,0,2955978
fd00::205:5:5:5,18,0,0,202,220,2965825,283,0,60,0,0,0,0,290,283,60,417,3,0,2966242
fd00::205:5:5:5,18,0,0,202,220,2976123,284,0,60,0,0,0,0,291,284,60,462,3,0,2976585
fd00::205:5:5:5,18,0,0,202,220,2986421,285,0,60,0,0,0,0,292,285,60,433,3,0,2986854
fd00::205:5:5:5,18,0,0,202,220,2996719,286,0,60,0,0,0,0,293,286,60,464,3,0,2997183
fd00::205:5:5:5,18,0,0,202,220,3007017,287,0,60,0,0,0,0,294,287,60,436,3,0,3007453
fd00::205:5:5:5,18,0,0,202,220,3017315,288,0,60,0,0,0,0,295,288,60,421,3,0,3017736
fd00::205:5:5:5,18,0,0,202,220,3027613,289,0,60,0,0,0,0,296,289,60,460,3,0,3028073
fd00::205:5:5:5,18,0,0,202,220,3037911,290,0,60,0,0,0,0,297,290,60,464,3,0,3038375
fd00::205:5:5:5,18,0,0,202,220,3048209,291,0,60,0,0,0,0,298,291,60,461,3,0,3048670
fd00::205:5:5:5,18,0,0,202,220,3058507,292,0,60,0,0,0,0,299,292,60,421,3,0,3058928
fd00::205:5:5:5,18,0,0,202,220,3068805,293,0,60,0,0,0,0,300,293,60,421,3,0,3069226
fd00::205:5:5:5,18,0,0,202,220,3079103,294,0,60,0,0,0,0,301,294,60,486,3,0,3079589
fd00::205:5:5:5,18,0,0,202,220,3089401,295,0,60,0,0,0,0,302,295,60,475,3,0,3089876
fd00::205:5:5:5,18,0,0,202,220,3099699,296,0,60,0,0,0,0,304,296,60,464,3,0,3100163
fd00::205:5:5:5,18,0,0,202,220,3109997,297,0,60,0,0,0,0,305,297,60,396,3,0,3110393
fd00::205:5:5:5,18,0,0,202,220,3120295,298,0,60,0,0,0,0,306,298,60,440,3,0,3120735
fd00::205:5:5:5,18,0,0,202,220,3130593,299,0,60,0,0,0,0,307,299,60,422,3,0,3131015
fd00::205:5:5:5,18,0,0,202,220,3140891,300,0,60,0,0,0,0,308,300,60,412,3,0,3141303
fd00::205:5:5:5,18,0,0,202,220,3151189,301,0,60,0,0,0,0,309,301,60,456,3,0,3151645
fd00::205:5:5:5,18,0,0,202,220,3161487,302,0,60,0,0,0,0,310,302,60,454,3,0,3161941
fd00::205:5:5:5,18,0,0,202,220,3171785,303,0,60,0,0,0,0,311,303,60,470,3,0,3172255
fd00::205:5:5:5,18,0,0,202,220,3182083,304,0,60,0,0,0,0,312,304,60,442,3,0,3182525
fd00::205:5:5:5,18,0,0,202,220,3192381,305,0,60,0,0,0,0,313,305,60,416,3,0,3192797
fd00::205:5:5:5,18,0,0,202,220,3202679,306,0,60,0,0,0,0,314,306,60,455,3,0,3203134
fd00::205:5:5:5,18,0,0,202,220,3212977,307,0,60,0,0,0,0,315,307,60,478,3,0,3213455
fd00::205:5:5:5,18,0,0,202,220,3223275,308,0,60,0,0,0,0,316,308,60,458,3,0,3223733
fd00::205:5:5:5,18,0,0,202,220,3233573,309,0,60,0,0,0,0,317,309,60,391,3,0,3233964
fd00::205:5:5:5,18,0,0,202,220,3243871,310,0,60,0,0,0,0,318,310,60,391,3,0,3244262
fd00::205:5:5:5,18,0,0,202,220,3254169,311,0,60,0,0,0,0,319,311,60,407,3,0,3254576
fd00::205:5:5:5,18,0,0,202,220,3264467,312,0,60,0,0,0,0,320,312,60,419,3,0,3264886
fd00::205:5:5:5,18,0,0,202,220,3274765,313,0,60,0,0,0,0,321,313,60,428,3,0,3275193
fd00::205:5:5:5,18,0,0,202,220,3285063,314,0,60,0,0,0,0,322,314,60,422,3,0,3285485
fd00::205:5:5:5,18,0,0,202,220,3295361,315,0,60,0,0,0,0,323,315,60,435,3,0,3295796
fd00::205:5:5:5,18,0,0,202,220,3305659,316,0,60,0,0,0,0,324,316,60,439,3,0,3306098
fd00::205:5:5:5,18,0,0,202,220,3315957,317,0,60,0,0,0,0,325,317,60,414,3,0,3316371
fd00::205:5:5:5,18,0,0,202,220,3326255,318,0,60,0,0,0,0,326,318,60,451,3,0,3326706
fd00::205:5:5:5,18,0,0,202,220,3336553,319,0,60,0,0,0,0,327,319,60,464,3,0,3337017
fd00::205:5:5:5,18,0,0,202,220,3346851,320,0,60,0,0,0,0,328,320,60,408,3,0,3347259
fd00::205:5:5:5,18,0,0,202,220,3357149,321,0,60,0,0,0,0,329,321,60,425,3,0,3357574
fd00::205:5:5:5,18,0,0,202,220,3367447,322,0,60,0,0,0,0,330,322,60,413,3,0,3367860
fd00::205:5:5:5,18,0,0,202,220,3377745,323,0,60,0,0,0,0,331,323,60,421,3,0,3378166
fd00::205:5:5:5,18,0,0,202,220,3388043,324,0,60,0,0,0,0,332,324,60,423,3,0,3388466
fd00::205:5:5:5,18,0,0,202,220,3398341,325,0,60,0,0,0,0,333,325,60,475,3,0,3398816
fd00::205:5:5:5,18,0,0,202,220,3408639,326,0,60,0,0,0,0,334,326,60,427,3,0,3409066
fd00::205:5:5:5,18,0,0,202,220,3418937,327,0,60,0,0,0,0,335,327,60,442,3,0,3419379
fd00::205:5:5:5,18,0,0,202,220,3429235,328,0,60,0,0,0,0,336,328,60,448,3,0,3429683
fd00::205:5:5:5,18,0,0,202,220,3439533,329,0,60,0,0,0,0,337,329,60,444,3,0,3439977
fd00::205:5:5:5,18,0,0,202,220,3449831,330,0,60,0,0,0,0,339,330,60,452,3,0,3450283
fd00::205:5:5:5,18,0,0,202,220,3460129,331,0,60,0,0,0,0,340,331,60,440,3,0,3460569
fd00::205:5:5:5,18,0,0,202,220,3470427,332,0,60,0,0,0,0,341,332,60,411,3,0,3470838
fd00::205:5:5:5,18,0,0,202,220,3480725,333,0,60,0,0,0,0,342,333,60,470,3,0,3481195
fd00::205:5:5:5,18,0,0,202,220,3491023,334,0,60,0,0,0,0,343,334,60,435,3,0,3491458
fd00::205:5:5:5,18,0,0,202,220,3501321,335,0,60,0,0,0,0,344,335,60,476,3,0,3501797
fd00::205:5:5:5,18,0,0,202,220,3511619,336,0,60,0,0,0,0,345,336,60,410,3,0,3512029
fd00::205:5:5:5,18,0,0,202,220,3521917,337,0,60,0,0,0,0,346,337,60,427,3,0,3522344
fd00::205:5:5:5,18,0,0,202,220,3532215,338,0,60,0,0,0,0,347,338,60,476,3,0,3532691
fd00::205:5:5:5,18,0,0,202,220,3542513,339,0,60,0,0,0,0,348,339,60,451,3,0,3542964
fd00::205:5:5:5,18,0,0,202,220,3552811,340,0,60,0,0,0,0,349,340,60,426,3,0,3553237
fd00::205:5:5:5,18,0,0,202,220,3563109,341,0,60,0,0,0,0,350,341,60,453,3,0,3563562
fd00::205:5:5:5,18,0,0,202,220,3573407,342,0,60,0,0,0,0,351,342,60,456,3,0,3573863
fd00::205:5:5:5,18,0,0,202,220,3583705,343,0,60,0,0,0,0,352,343,60,416,3,0,3584121
fd00::205:5:5:5,18,0,0,202,220,3594003,344,0,60,0,0,0,0,353,344,60,433,3,0,3594436
fd00::206:6:6:6,56,0,0,612,668,31132,1,0,60,0,0,0,0,0,1,60,18446744073709551551,1,0,31067
fd00::206:6:6:6,18,0,0,203,221,41509,2,0,60,0,0,0,0,1,2,60,18446744073709551501,1,0,41394
fd00::206:6:6:6,18,0,0,204,222,51886,3,0,60,0,0,0,0,2,3,60,18446744073709551553,1,0,51823
fd00::206:6:6:6,18,0,0,204,222,62263,4,0,60,0,0,0,0,3,4,60,18446744073709551598,1,0,62245
fd00::206:6:6:6,18,0,0,204,222,72640,5,0,60,0,0,0,0,4,5,60,18446744073709551562,1,0,72586
fd00::206:6:6:6,18,0,0,204,222,83017,6,0,60,0,0,0,0,5,6,60,18446744073709551523,1,0,82924
fd00::206:6:6:6,18,0,0,204,222,93394,7,0,60,0,0,0,0,6,7,60,18446744073709551538,1,0,93316
fd00::206:6:6:6,18,0,0,204,222,103771,8,0,60,0,0,0,0,7,8,60,18446744073709551524,1,0,103679
fd00::206:6:6:6,18,0,0,204,222,114148,9,0,60,0,0,0,0,8,9,60,18446744073709551517,1,0,114049
fd00::206:6:6:6,18,0,0,204,222,124525,10,0,60,0,0,0,0,9,10,60,18446744073709551536,1,0,124445
fd00::206:6:6:6,18,0,0,204,222,134902,11,0,60,0,0,0,0,10,11,60,18446744073709551550,1,0,134836
fd00::206:6:6:6,18,0,0,204,222,145279,12,0,60,0,0,0,0,11,12,60,18446744073709551534,1,0,145197
fd00::206:6:6:6,18,0,0,204,222,155656,13,0,60,0,0,0,0,12,13,60,18446744073709551557,1,0,155597
fd00::206:6:6:6,18,0,0,204,222,166033,14,0,60,0,0,0,0,13,14,60,18446744073709551548,1,0,165965
fd00::206:6:6:6,18,0,0,204,222,176410,15,0,60,0,0,0,0,14,15,60,18446744073709551552,1,0,176346
fd00::206:6:6:6,18,0,0,204,222,186787,16,0,60,0,0,0,0,15,16,60,18446744073709551530,1,0,186701
fd00::206:6:6:6,18,0,0,204,222,197164,17,0,60,0,0,0,0,16,17,60,18446744073709551539,1,0,197087
fd00::206:6:6:6,18,0,0,204,222,207541,18,0,60,0,0,0,0,17,18,60,18446744073709551539,1,0,207464
fd00::206:6:6:6,18,0,0,204,222,217918,19,0,60,0,0,0,0,18,19,60,18446744073709551530,1,0,217832
fd00::206:6:6:6,18,0,0,204,222,228295,20,0,60,0,0,0,0,19,20,60,18446744073709551559,1,0,228238
fd00::206:6:6:6,18,0,0,204,222,238672,21,0,60,0,0,0,0,20,21,60,18446744073709551552,1,0,238608
fd00::206:6:6:6,18,0,0,203,221,249049,22,0,60,0,0,0,0,21,22,60,18446744073709551556,1,0,248989
fd00::206:6:6:6,18,0,0,204,222,259426,23,0,60,0,0,0,0,22,23,60,18446744073709551522,1,0,259332
fd00::206:6:6:6,18,0,0,204,222,269803,24,0,60,0,0,0,0,23,24,60,18446744073709551514,1,0,269701
fd00::206:6:6:6,18,0,0,204,222,280180,25,0,60,0,0,0,0,25,25,60,24,1,0,280204
fd00::206:6:6:6,18,0,0,204,222,290557,26,0,60,0,0,0,0,26,26,60,18446744073709551539,1,0,290480
fd00::206:6:6:6,18,0,0,204,222,300934,27,0,60,0,0,0,0,27,27,60,18446744073709551526,1,0,300844
fd00::206:6:6:6,18,0,0,204,222,311311,28,0,60,0,0,0,0,28,28,60,18446744073709551543,1,0,311238
fd00::206:6:6:6,18,0,0,204,222,321688,29,0,60,0,0,0,0,29,29,60,18446744073709551535,1,0,321607
fd00::206:6:6:6,18,0,0,204,222,332065,30,0,60,0,0,0,0,30,30,60,18446744073709551553,1,0,332002
fd00::206:6:6:6,18,0,0,203,221,342442,31,0,60,0,0,0,0,31,31,60,18446744073709551560,1,0,342386
fd00::206:6:6:6,18,0,0,204,222,352819,32,0,60,0,0,0,0,32,32,60,18446744073709551534,1,0,352737
fd00::206:6:6:6,18,0,0,204,222,363196,33,0,60,0,0,0,0,33,33,60,18446744073709551529,1,0,363109
fd00::206:6:6:6,18,0,0,204,222,373573,34,0,60,0,0,0,0,34,34,60,18446744073709551529,1,0,373486
fd00::206:6:6:6,18,0,0,204,222,383950,35,0,60,0,0,0,0,35,35,60,18446744073709551570,1,0,383904
fd00::206:6:6:6,18,0,0,204,222,394327,36,0,60,0,0,0,0,36,36,60,18446744073709551555,1,0,394266
fd00::206:6:6:6,18,0,0,204,222,404704,37,0,60,0,0,0,0,37,37,60,18446744073709551513,1,0,404601
fd00::206:6:6:6,18,0,0,204,222,415081,38,0,60,0,0,0,0,38,38,60,18446744073709551556,1,0,415021
fd00::206:6:6:6,18,0,0,204,222,425458,39,0,60,0,0,0,0,39,39,60,18446744073709551548,1,0,425390
fd00::206:6:6:6,18,0,0,204,222,435835,40,0,60,0,0,0,0,40,40,60,18446744073709551543,1,0,435762
fd00::206:6:6:6,18,0,0,204,222,446212,41,0,60,0,0,0,0,41,41,60,18446744073709551552,1,0,446148
fd00::206:6:6:6,18,0,0,204,222,456589,42,0,60,0,0,0,0,42,42,60,18446744073709551540,1,0,456513
fd00::206:6:6:6,18,0,0,204,222,466966,43,0,60,0,0,0,0,43,43,60,18446744073709551561,1,0,466911
fd00::206:6:6:6,18,0,0,204,222,477343,44,0,60,0,0,0,0,44,44,60,18446744073709551516,1,0,477243
fd00::206:6:6:6,18,0,0,204,222,487720,45,0,60,0,0,0,0,45,45,60,18446744073709551525,1,0,487629
fd00::206:6:6:6,18,0,0,204,222,498097,46,0,60,0,0,0,0,46,46,60,18446744073709551521,1,0,498002
fd00::206:6:6:6,18,0,0,204,222,508474,47,0,60,0,0,0,0,47,47,60,18446744073709551551,1,0,508409
fd00::206:6:6:6,18,0,0,203,221,518851,48,0,60,0,0,0,0,48,48,60,18446744073709551536,1,0,518771
fd00::206:6:6:6,18,0,0,204,222,529228,49,0,60,0,0,0,0,49,49,60,18446744073709551546,1,0,529158
fd00::206:6:6:6,18,0,0,204,222,539605,50,0,60,0,0,0,0,50,50,60,18446744073709551536,1,0,539525
fd00::206:6:6:6,18,0,0,204,222,549982,51,0,60,0,0,0,0,51,51,60,18446744073709551521,1,0,549887
fd00::206:6:6:6,18,0,0,204,222,560359,52,0,60,0,0,0,0,53,52,60,18446744073709551549,1,0,560292
fd00::206:6:6:6,18,0,0,204,222,570736,53,0,60,0,0,0,0,54,53,60,18446744073709551536,1,0,570656
fd00::206:6:6:6,18,0,0,204,222,581113,54,0,60,0,0,0,0,55,54,60,18446744073709551553,1,0,581050
fd00::206:6:6:6,18,0,0,204,222,591490,55,0,60,0,0,0,0,56,55,60,18446744073709551534,1,0,591408
fd00::206:6:6:6,18,0,0,204,222,601867,56,0,60,0,0,0,0,57,56,60,18446744073709551539,1,0,601790
fd00::206:6:6:6,18,0,0,204,222,612244,57,0,60,0,0,0,0,58,57,60,18446744073709551569,1,0,612197
fd00::206:6:6:6,18,0,0,204,222,622621,58,0,60,0,0,0,0,59,58,60,18446744073709551546,1,0,622551
fd00::206:6:6:6,18,0,0,204,222,632998,59,0,60,0,0,0,0,60,59,60,18446744073709551579,1,0,632961
fd00::206:6:6:6,18,0,0,204,222,643375,60,0,60,0,0,0,0,61,60,60,18446744073709551539,1,0,643298
fd00::206:6:6:6,18,0,0,204,222,653752,61,0,60,0,0,0,0,62,61,60,18446744073709551560,1,0,653696
fd00::206:6:6:6,18,0,0,204,222,664129,62,0,60,0,0,0,0,63,62,60,18446744073709551551,1,0,664064
fd00::206:6:6:6,18,0,0,204,222,674506,63,0,60,0,0,0,0,64,63,60,18446744073709551547,1,0,674437
fd00::206:6:6:6,18,0,0,204,222,684883,64,0,60,0,0,0,0,65,64,60,18446744073709551519,1,0,684786
fd00::206:6:6:6,18,0,0,204,222,695260,65,0,60,0,0,0,0,66,65,60,18446744073709551525,1,0,695169
fd00::206:6:6:6,18,0,0,204,222,705637,66,0,60,0,0,0,0,67,66,60,18446744073709551533,1,0,705554
fd00::206:6:6:6,18,0,0,204,222,716014,67,0,60,0,0,0,0,68,67,60,18446744073709551531,1,0,715929
fd00::206:6:6:6,18,0,0,204,222,726391,68,0,60,0,0,0,0,69,68,60,18446744073709551547,1,0,726322
fd00::206:6:6:6,18,0,0,204,222,736768,69,0,60,0,0,0,0,70,69,60,18446744073709551511,1,0,736663
fd00::206:6:6:6,18,0,0,204,222,747145,70,0,60,0,0,0,0,71,70,60,18446744073709551550,1,0,747079
fd00::206:6:6:6,18,0,0,204,222,757522,71,0,60,0,0,0,0,72,71,60,18446744073709551521,1,0,757427
fd00::206:6:6:6,18,0,0,204,222,767899,72,0,60,0,0,0,0,73,72,60,18446744073709551526,1,0,767809
fd00::206:6:6:6,18,0,0,204,222,778276,73,0,60,0,0,0,0,74,73,60,18446744073709551547,1,0,778207
fd00::206:6:6:6,18,0,0,203,221,788653,74,0,60,0,0,0,0,75,74,60,18446744073709551532,1,0,788569
fd00::206:6:6:6,18,0,0,204,222,799030,75,0,60,0,0,0,0,76,75,60,18446744073709551513,1,0,798927
fd00::206:6:6:6,18,0,0,204,222,809407,76,0,60,0,0,0,0,77,76,60,18446744073709551522,1,0,809313
fd00::206:6:6:6,18,0,0,204,222,819784,77,0,60,0,0,0,0,78,77,60,18446744073709551545,1,0,819713
fd00::206:6:6:6,18,0,0,204,222,830161,78,0,60,0,0,0,0,80,78,60,18446744073709551501,1,0,830046
fd00::206:6:6:6,18,0,0,203,221,840538,79,0,60,0,0,0,0,81,79,60,18446744073709551543,1,0,840465
fd00::206:6:6:6,18,0,0,204,222,850915,80,0,60,0,0,0,0,82,80,60,18446744073709551545,1,0,850844
fd00::206:6:6:6,18,0,0,204,222,861292,81,0,60,0,0,0,0,83,81,60,18446744073709551523,1,0,861199
fd00::206:6:6:6,18,0,0,204,222,871669,82,0,60,0,0,0,0,84,82,60,18446744073709551539,1,0,871592
fd00::206:6:6:6,18,0,0,204,222,882046,83,0,60,0,0,0,0,85,83,60,18446744073709551542,1,0,881972
fd00::206:6:6:6,18,0,0,203,221,892423,84,0,60,0,0,0,0,86,84,60,18446744073709551530,1,0,892337
fd00::206:6:6:6,18,0,0,204,222,902800,85,0,60,0,0,0,0,87,85,60,18446744073709551528,1,0,902712
fd00::206:6:6:6,18,0,0,204,222,913177,86,0,60,0,0,0,0,88,86,60,18446744073709551510,1,0,913071
fd00::206:6:6:6,18,0,0,204,222,923554,87,0,60,0,0,0,0,89,87,60,18446744073709551534,1,0,923472
fd00::206:6:6:6,18,0,0,204,222,933931,88,0,60,0,0,0,0,90,88,60,18446744073709551571,1,0,933886
fd00::206:6:6:6,18,0,0,204,222,944308,89,0,60,0,0,0,0,91,89,60,18446744073709551511,1,0,944203
fd00::206:6:6:6,18,0,0,204,222,954685,90,0,60,0,0,0,0,92,90,60,18446744073709551530,1,0,954599
fd00::206:6:6:6,18,0,0,204,222,965062,91,0,60,0,0,0,0,93,91,60,18446744073709551522,1,0,964968
fd00::206:6:6:6,18,0,0,203,221,975439,92,0,60,0,0,0,0,94,92,60,18446744073709551534,1,0,975357
fd00::206:6:6:6,18,0,0,204,222,985816,93,0,60,0,0,0,0,95,93,60,18446744073709551569,1,0,985769
fd00::206:6:6:6,18,0,0,204,222,996193,94,0,60,0,0,0,0,96,94,60,18446744073709551569,1,0,996146
fd00::206:6:6:6,18,0,0,204,222,1006570,95,0,60,0,0,0,0,97,95,60,18446744073709551576,1,0,1006530
fd00::206:6:6:6,18,0,0,204,222,1016947,96,0,60,0,0,0,0,98,96,60,18446744073709551530,1,0,1016861
fd00::206:6:6:6,18,0,0,204,222,1027324,97,0,60,0,0,0,0,99,97,60,18446744073709551548,1,0,1027256
fd00::206:6:6:6,18,0,0,204,222,1037701,98,0,60,0,0,0,0,100,98,60,18446744073709551546,1,0,1037631
fd00::206:6:6:6,18,0,0,204,222,1048078,99,0,60,0,0,0,0,101,99,60,18446744073709551559,1,0,1048021
fd00::206:6:6:6,18,0,0,204,222,1058455,100,0,60,0,0,0,0,102,100,60,18446744073709551562,1,0,1058401
fd00::206:6:6:6,18,0,0,204,222,1068832,101,0,60,0,0,0,0,103,101,60,18446744073709551533,1,0,1068749
fd00::206:6:6:6,18,0,0,204,222,1079209,102,0,60,0,0,0,0,104,102,60,18446744073709551533,1,0,1079126
fd00::206:6:6:6,18,0,0,204,222,1089586,103,0,60,0,0,0,0,105,103,60,18446744073709551535,1,0,1089505
fd00::206:6:6:6,18,0,0,204,222,1099963,104,0,60,0,0,0,0,106,104,60,18446744073709551533,1,0,1099880
fd00::206:6:6:6,18,0,0,204,222,1110340,105,0,60,0,0,0,0,108,105,60,18446744073709551537,1,0,1110261
fd00::206:6:6:6,18,0,0,204,222,1120717,106,0,60,0,0,0,0,109,106,60,18446744073709551543,1,0,1120644
fd00::206:6:6:6,18,0,0,204,222,1131094,107,0,60,0,0,0,0,110,107,60,18446744073709551516,1,0,1130994
fd00::206:6:6:6,18,0,0,203,221,1141471,108,0,60,0,0,0,0,111,108,60,18446744073709551551,1,0,1141406
fd00::206:6:6:6,18,0,0,204,222,1151848,109,0,60,0,0,0,0,112,109,60,18446744073709551572,1,0,1151804
fd00::206:6:6:6,18,0,0,204,222,1162225,110,0,60,0,0,0,0,113,110,60,18446744073709551522,1,0,1162131
fd00::206:6:6:6,18,0,0,204,222,1172602,111,0,60,0,0,0,0,114,111,60,18446744073709551542,1,0,1172528
fd00::206:6:6:6,18,0,0,204,222,1182979,112,0,60,0,0,0,0,115,112,60,18446744073709551502,1,0,1182865
fd00::206:6:6:6,18,0,0,204,222,1193356,113,0,60,0,0,0,0,116,113,60,18446744073709551519,1,0,1193259
fd00::206:6:6:6,18,0,0,204,222,1203733,114,0,60,0,0,0,0,117,114,60,18446744073709551544,1,0,1203661
fd00::206:6:6:6,18,0,0,204,222,1214110,115,0,60,0,0,0,0,118,115,60,18446744073709551513,1,0,1214007
fd00::206:6:6:6,18,0,0,204,222,1224487,116,0,60,0,0,0,0,119,116,60,18446744073709551542,1,0,1224413
fd00::206:6:6:6,18,0,0,204,222,1234864,117,0,60,0,0,0,0,120,117,60,18446744073709551521,1,0,1234769
fd00::206:6:6:6,18,0,0,204,222,1245241,118,0,60,0,0,0,0,121,118,60,18446744073709551528,1,0,1245153
fd00::206:6:6:6,18,0,0,204,222,1255618,119,0,60,0,0,0,0,122,119,60,18446744073709551549,1,0,1255551
fd00::206:6:6:6,18,0,0,204,222,1265995,120,0,60,0,0,0,0,123,120,60,18446744073709551528,1,0,1265907
fd00::206:6:6:6,18,0,0,204,222,1276372,121,0,60,0,0,0,0,124,121,60,18446744073709551550,1,0,1276306
fd00::206:6:6:6,18,0,0,204,222,1286749,122,0,60,0,0,0,0,125,122,60,18446744073709551560,1,0,1286693
fd00::206:6:6:6,18,0,0,204,222,1297126,123,0,60,0,0,0,0,126,123,60,18446744073709551538,1,0,1297048
fd00::206:6:6:6,18,0,0,204,222,1307503,124,0,60,0,0,0,0,127,124,60,18446744073709551538,1,0,1307425
fd00::206:6:6:6,18,0,0,204,222,1317880,125,0,60,0,0,0,0,128,125,60,18446744073709551564,1,0,1317828
fd00::206:6:6:6,18,0,0,204,222,1328257,126,0,60,0,0,0,0,129,126,60,18446744073709551553,1,0,1328194
fd00::206:6:6:6,18,0,0,204,222,1338634,127,0,60,0,0,0,0,130,127,60,18446744073709551552,1,0,1338570
fd00::206:6:6:6,18,0,0,204,222,1349011,128,0,60,0,0,0,0,131,128,60,18446744073709551553,1,0,1348948
fd00::206:6:6:6,18,0,0,204,222,1359388,129,0,60,0,0,0,0,132,129,60,18446744073709551537,1,0,1359309
fd00::206:6:6:6,18,0,0,204,222,1369765,130,0,60,0,0,0,0,133,130,60,18446744073709551508,1,0,1369657
fd00::206:6:6:6,18,0,0,204,222,1380142,131,0,60,0,0,0,0,135,131,60,37,1,0,1380179
fd00::206:6:6:6,18,0,0,204,222,1390519,132,0,60,0,0,0,0,136,132,60,18446744073709551529,1,0,1390432
fd00::206:6:6:6,18,0,0,204,222,1400896,133,0,60,0,0,0,0,137,133,60,18446744073709551500,1,0,1400780
fd00::206:6:6:6,18,0,0,204,222,1411273,134,0,60,0,0,0,0,138,134,60,18446744073709551547,1,0,1411204
fd00::206:6:6:6,18,0,0,204,222,1421650,135,0,60,0,0,0,0,139,135,60,18446744073709551531,1,0,1421565
fd00::206:6:6:6,18,0,0,204,222,1432027,136,0,60,0,0,0,0,140,136,60,18446744073709551527,1,0,1431938
fd00::206:6:6:6,18,0,0,204,222,1442404,137,0,60,0,0,0,0,141,137,60,18446744073709551546,1,0,1442334
fd00::206:6:6:6,18,0,0,204,222,1452781,138,0,60,0,0,0,0,142,138,60,18446744073709551504,1,0,1452669
fd00::206:6:6:6,18,0,0,204,222,1463158,139,0,60,0,0,0,0,143,139,60,18446744073709551520,1,0,1463062
fd00::206:6:6:6,18,0,0,204,222,1473535,140,0,60,0,0,0,0,144,140,60,18446744073709551551,1,0,1473470
fd00::206:6:6:6,18,0,0,204,222,1483912,141,0,60,0,0,0,0,145,141,60,18446744073709551560,1,0,1483856
fd00::206:6:6:6,18,0,0,204,222,1494289,142,0,60,0,0,0,0,146,142,60,18446744073709551571,1,0,1494244
fd00::206:6:6:6,18,0,0,204,222,1504666,143,0,60,0,0,0,0,147,143,60,18446744073709551516,1,0,1504566
fd00::206:6:6:6,18,0,0,204,222,1515043,144,0,60,0,0,0,0,148,144,60,18446744073709551523,1,0,1514950
fd00::206:6:6:6,18,0,0,204,222,1525420,145,0,60,0,0,0,0,149,145,60,18446744073709551533,1,0,1525337
fd00::206:6:6:6,18,0,0,204,222,1535797,146,0,60,0,0,0,0,150,146,60,18446744073709551537,1,0,1535718
fd00::206:6:6:6,18,0,0,204,222,1546174,147,0,60,0,0,0,0,151,147,60,18446744073709551539,1,0,1546097
fd00::206:6:6:6,18,0,0,204,222,1556551,148,0,60,0,0,0,0,152,148,60,18446744073709551530,1,0,1556465
fd00::206:6:6:6,18,0,0,204,222,1566928,149,0,60,0,0,0,0,153,149,60,18446744073709551525,1,0,1566837
fd00::206:6:6:6,18,0,0,204,222,1577305,150,0,60,0,0,0,0,154,150,60,18446744073709551509,1,0,1577198
fd00::206:6:6:6,18,0,0,204,222,1587682,151,0,60,0,0,0,0,155,151,60,18446744073709551564,1,0,1587630
fd00::206:6:6:6,18,0,0,204,222,1598059,152,0,60,0,0,0,0,156,152,60,18446744073709551520,1,0,1597963
fd00::206:6:6:6,18,0,0,204,222,1608436,153,0,60,0,0,0,0,157,153,60,18446744073709551532,1,0,1608352
fd00::206:6:6:6,18,0,0,203,221,1618813,154,0,60,0,0,0,0,158,154,60,18446744073709551542,1,0,1618739
fd00::206:6:6:6,18,0,0,204,222,1629190,155,0,60,0,0,0,0,159,155,60,18446744073709551546,1,0,1629120
fd00::206:6:6:6,18,0,0,204,222,1639567,156,0,60,0,0,0,0,160,156,60,18446744073709551530,1,0,1639481
fd00::206:6:6:6,18,0,0,204,222,1649944,157,0,60,0,0,0,0,161,157,60,18446744073709551543,1,0,1649871
fd00::206:6:6:6,18,0,0,204,222,1660321,158,0,60,0,0,0,0,163,158,60,18446744073709551534,1,0,1660239
fd00::206:6:6:6,18,0,0,204,222,1670698,159,0,60,0,0,0,0,164,159,60,18446744073709551511,1,0,1670593
fd00::206:6:6:6,18,0,0,204,222,1681075,160,0,60,0,0,0,0,165,160,60,18446744073709551517,1,0,1680976
fd00::206:6:6:6,18,0,0,204,222,1691452,161,0,60,0,0,0,0,166,161,60,18446744073709551540,1,0,1691376
fd00::206:6:6:6,18,0,0,204,222,1701829,162,0,60,0,0,0,0,167,162,60,18446744073709551535,1,0,1701748
fd00::206:6:6:6,18,0,0,204,222,1712206,163,0,60,0,0,0,0,168,163,60,18446744073709551541,1,0,1712131
fd00::206:6:6:6,18,0,0,204,222,1722583,164,0,60,0,0,0,0,169,164,60,18446744073709551531,1,0,1722498
fd00::206:6:6:6,18,0,0,204,222,1732960,165,0,60,0,0,0,0,170,165,60,18446744073709551527,1,0,1732871
fd00::206:6:6:6,18,0,0,204,222,1743337,166,0,60,0,0,0,0,171,166,60,18446744073709551505,1,0,1743226
fd00::206:6:6:6,18,0,0,204,222,1753714,167,0,60,0,0,0,0,172,167,60,18446744073709551538,1,0,1753636
fd00::206:6:6:6,18,0,0,204,222,1764091,168,0,60,0,0,0,0,173,168,60,18446744073709551561,1,0,1764036
fd00::206:6:6:6,18,0,0,204,222,1774468,169,0,60,0,0,0,0,174,169,60,18446744073709551534,1,0,1774386
fd00::206:6:6:6,18,0,0,203,221,1784845,170,0,60,0,0,0,0,175,170,60,18446744073709551524,1,0,1784753
fd00::206:6:6:6,18,0,0,204,222,1795222,171,0,60,0,0,0,0,176,171,60,18446744073709551539,1,0,1795145
fd00::206:6:6:6,18,0,0,204,222,1805599,172,0,60,0,0,0,0,177,172,60,18446744073709551533,1,0,1805516
fd00::206:6:6:6,18,0,0,204,222,1815976,173,0,60,0,0,0,0,178,173,60,18446744073709551546,1,0,1815906
fd00::206:6:6:6,18,0,0,204,222,1826353,174,0,60,0,0,0,0,179,174,60,18446744073709551528,1,0,1826265
fd00::206:6:6:6,18,0,0,204,222,1836730,175,0,60,0,0,0,0,180,175,60,18446744073709551549,1,0,1836663
fd00::206:6:6:6,18,0,0,204,222,1847107,176,0,60,0,0,0,0,181,176,60,18446744073709551540,1,0,1847031
fd00::206:6:6:6,18,0,0,204,222,1857484,177,0,60,0,0,0,0,182,177,60,18446744073709551558,1,0,1857426
fd00::206:6:6:6,18,0,0,204,222,1867861,178,0,60,0,0,0,0,183,178,60,18446744073709551537,1,0,1867782
fd00::206:6:6:6,18,0,0,204,222,1878238,179,0,60,0,0,0,0,184,179,60,18446744073709551531,1,0,1878153
fd00::206:6:6:6,18,0,0,204,222,1888615,180,0,60,0,0,0,0,185,180,60,18446744073709551532,1,0,1888531
fd00::206:6:6:6,18,0,0,204,222,1898992,181,0,60,0,0,0,0,186,181,60,18446744073709551546,1,0,1898922
fd00::206:6:6:6,18,0,0,204,222,1909369,182,0,60,0,0,0,0,187,182,60,18446744073709551539,1,0,1909292
fd00::206:6:6:6,18,0,0,204,222,1919746,183,0,60,0,0,0,0,188,183,60,18446744073709551528,1,0,1919658
fd00::206:6:6:6,18,0,0,204,222,1930123,184,0,60,0,0,0,0,190,184,60,157,1,0,1930280
fd00::206:6:6:6,18,0,0,203,221,1940500,185,0,60,0,0,0,0,191,185,60,18446744073709551576,1,0,1940460
fd00::206:6:6:6,18,0,0,204,222,1950877,186,0,60,0,0,0,0,192,186,60,18446744073709551534,1,0,1950795
fd00::206:6:6:6,18,0,0,204,222,1961254,187,0,60,0,0,0,0,193,187,60,18446744073709551532,1,0,1961170
fd00::206:6:6:6,18,0,0,204,222,1971631,188,0,60,0,0,0,0,194,188,60,18446744073709551536,1,0,1971551
fd00::206:6:6:6,18,0,0,204,222,1982008,189,0,60,0,0,0,0,195,189,60,18446744073709551538,1,0,1981930
fd00::206:6:6:6,18,0,0,204,222,1992385,190,0,60,0,0,0,0,196,190,60,18446744073709551534,1,0,1992303
fd00::206:6:6:6,18,0,0,204,222,2002762,191,0,60,0,0,0,0,197,191,60,18446744073709551532,1,0,2002678
fd00::206:6:6:6,18,0,0,204,222,2013139,192,0,60,0,0,0,0,198,192,60,18446744073709551574,1,0,2013097
fd00::206:6:6:6,18,0,0,204,222,2023516,193,0,60,0,0,0,0,199,193,60,18446744073709551554,1,0,2023454
fd00::206:6:6:6,18,0,0,204,222,2033893,194,0,60,0,0,0,0,200,194,60,18446744073709551535,1,0,2033812
fd00::206:6:6:6,18,0,0,204,222,2044270,195,0,60,0,0,0,0,201,195,60,18446744073709551548,1,0,2044202
fd00::206:6:6:6,18,0,0,204,222,2054647,196,0,60,0,0,0,0,202,196,60,18446744073709551541,1,0,2054572
fd00::206:6:6:6,18,0,0,204,222,2065024,197,0,60,0,0,0,0,203,197,60,18446744073709551531,1,0,2064939
fd00::206:6:6:6,18,0,0,204,222,2075401,198,0,60,0,0,0,0,204,198,60,18446744073709551540,1,0,2075325
fd00::206:6:6:6,18,0,0,204,222,2085778,199,0,60,0,0,0,0,205,199,60,18446744073709551543,1,0,2085705
fd00::206:6:6:6,18,0,0,204,222,2096155,200,0,60,0,0,0,0,206,200,60,18446744073709551530,1,0,2096069
fd00::206:6:6:6,18,0,0,204,222,2106532,201,0,60,0,0,0,0,207,201,60,18446744073709551541,1,0,2106457
fd00::206:6:6:6,18,0,0,204,222,2116909,202,0,60,0,0,0,0,208,202,60,18446744073709551530,1,0,2116823
fd00::206:6:6:6,18,0,0,204,222,2127286,203,0,60,0,0,0,0,209,203,60,18446744073709551527,1,0,2127197
fd00::206:6:6:6,18,0,0,204,222,2137663,204,0,60,0,0,0,0,210,204,60,18446744073709551543,1,0,2137590
fd00::206:6:6:6,18,0,0,204,222,2148040,205,0,60,0,0,0,0,211,205,60,18446744073709551529,1,0,2147953
fd00::206:6:6:6,18,0,0,204,222,2158417,206,0,60,0,0,0,0,212,206,60,18446744073709551544,1,0,2158345
fd00::206:6:6:6,18,0,0,204,222,2168794,207,0,60,0,0,0,0,213,207,60,18446744073709551538,1,0,2168716
fd00::206:6:6:6,18,0,0,204,222,2179171,208,0,60,0,0,0,0,214,208,60,18446744073709551552,1,0,2179107
fd00::206:6:6:6,18,0,0,204,222,2189548,209,0,60,0,0,0,0,215,209,60,18446744073709551538,1,0,2189470
fd00::206:6:6:6,18,0,0,204,222,2199925,210,0,60,0,0,0,0,216,210,60,18446744073709551566,1,0,2199875
fd00::206:6:6:6,18,0,0,204,222,2210302,211,0,60,0,0,0,0,218,211,60,18446744073709551607,1,0,2210293
fd00::206:6:6:6,18,0,0,204,222,2220679,212,0,60,0,0,0,0,219,212,60,18446744073709551545,1,0,2220608
fd00::206:6:6:6,18,0,0,204,222,2231056,213,0,60,0,0,0,0,220,213,60,18446744073709551530,1,0,2230970
fd00::206:6:6:6,18,0,0,204,222,2241433,214,0,60,0,0,0,0,221,214,60,18446744073709551528,1,0,2241345
fd00::206:6:6:6,18,0,0,204,222,2251810,215,0,60,0,0,0,0,222,215,60,18446744073709551546,1,0,2251740
fd00::206:6:6:6,18,0,0,204,222,2262187,216,0,60,0,0,0,0,223,216,60,18446744073709551540,1,0,2262111
fd00::206:6:6:6,18,0,0,204,222,2272564,217,0,60,0,0,0,0,224,217,60,18446744073709551534,1,0,2272482
fd00::206:6:6:6,18,0,0,203,221,2282941,218,0,60,0,0,0,0,225,218,60,18446744073709551559,1,0,2282884
fd00::206:6:6:6,18,0,0,203,221,2293318,219,0,60,0,0,0,0,226,219,60,18446744073709551533,1,0,2293235
fd00::206:6:6:6,18,0,0,204,222,2303695,220,0,60,0,0,0,0,227,220,60,18446744073709551533,1,0,2303612
fd00::206:6:6:6,18,0,0,204,222,2314072,221,0,60,0,0,0,0,228,221,60,18446744073709551505,1,0,2313961
fd00::206:6:6:6,18,0,0,204,222,2324449,222,0,60,0,0,0,0,229,222,60,18446744073709551528,1,0,2324361
fd00::206:6:6:6,18,0,0,204,222,2334826,223,0,60,0,0,0,0,230,223,60,18446744073709551515,1,0,2334725
fd00::206:6:6:6,18,0,0,204,222,2345203,224,0,60,0,0,0,0,231,224,60,18446744073709551563,1,0,2345150
fd00::206:6:6:6,18,0,0,204,222,2355580,225,0,60,0,0,0,0,232,225,60,18446744073709551512,1,0,2355476
fd00::206:6:6:6,18,0,0,204,222,2365957,226,0,60,0,0,0,0,233,226,60,18446744073709551580,1,0,2365921
fd00::206:6:6:6,18,0,0,204,222,2376334,227,0,60,0,0,0,0,234,227,60,18446744073709551532,1,0,2376250
fd00::206:6:6:6,18,0,0,203,221,2386711,228,0,60,0,0,0,0,235,228,60,18446744073709551522,1,0,2386617
fd00::206:6:6:6,18,0,0,204,222,2397088,229,0,60,0,0,0,0,236,229,60,18446744073709551554,1,0,2397026
fd00::206:6:6:6,18,0,0,204,222,2407465,230,0,60,0,0,0,0,237,230,60,18446744073709551502,1,0,2407351
fd00::206:6:6:6,18,0,0,204,222,2417842,231,0,60,0,0,0,0,238,231,60,18446744073709551551,1,0,2417777
fd00::206:6:6:6,18,0,0,204,222,2428219,232,0,60,0,0,0,0,239,232,60,18446744073709551521,1,0,2428124
fd00::206:6:6:6,18,0,0,204,222,2438596,233,0,60,0,0,0,0,240,233,60,18446744073709551540,1,0,2438520
fd00::206:6:6:6,18,0,0,204,222,2448973,234,0,60,0,0,0,0,241,234,60,18446744073709551535,1,0,2448892
fd00::206:6:6:6,18,0,0,204,222,2459350,235,0,60,0,0,0,0,242,235,60,18446744073709551516,1,0,2459250
fd00::206:6:6:6,18,0,0,204,222,2469727,236,0,60,0,0,0,0,243,236,60,18446744073709551519,1,0,2469630
fd00::206:6:6:6,18,0,0,204,222,2480104,237,0,60,0,0,0,0,245,237,60,18446744073709551531,1,0,2480019
fd00::206:6:6:6,18,0,0,204,222,2490481,238,0,60,0,0,0,0,246,238,60,18446744073709551506,1,0,2490371
fd00::206:6:6:6,18,0,0,204,222,2500858,239,0,60,0,0,0,0,247,239,60,18446744073709551509,1,0,2500751
fd00::206:6:6:6,18,0,0,204,222,2511235,240,0,60,0,0,0,0,248,240,60,18446744073709551515,1,0,2511134
fd00::206:6:6:6,18,0,0,204,222,2521612,241,0,60,0,0,0,0,249,241,60,18446744073709551523,1,0,2521519
fd00::206:6:6:6,18,0,0,204,222,2531989,242,0,60,0,0,0,0,250,242,60,18446744073709551557,1,0,2531930
fd00::206:6:6:6,18,0,0,204,222,2542366,243,0,60,0,0,0,0,251,243,60,18446744073709551517,1,0,2542267
fd00::206:6:6:6,18,0,0,204,222,2552743,244,0,60,0,0,0,0,252,244,60,18446744073709551565,1,0,2552692
fd00::206:6:6:6,18,0,0,204,222,2563120,245,0,60,0,0,0,0,253,245,60,18446744073709551516,1,0,2563020
fd00::206:6:6:6,18,0,0,204,222,2573497,246,0,60,0,0,0,0,254,246,60,18446744073709551538,1,0,2573419
fd00::206:6:6:6,18,0,0,204,222,2583874,247,0,60,0,0,0,0,255,247,60,18446744073709551514,1,0,2583772
fd00::206:6:6:6,18,0,0,204,222,2594251,248,0,60,0,0,0,0,256,248,60,18446744073709551543,1,0,2594178
fd00::206:6:6:6,18,0,0,204,222,2604628,249,0,60,0,0,0,0,257,249,60,18446744073709551535,1,0,2604547
fd00::206:6:6:6,18,0,0,204,222,2615005,250,0,60,0,0,0,0,258,250,60,18446744073709551510,1,0,2614899
fd00::206:6:6:6,18,0,0,204,222,2625382,251,0,60,0,0,0,0,259,251,60,18446744073709551526,1,0,2625292
fd00::206:6:6:6,18,0,0,204,222,2635759,252,0,60,0,0,0,0,260,252,60,18446744073709551544,1,0,2635687
fd00::206:6:6:6,18,0,0,204,222,2646136,253,0,60,0,0,0,0,261,253,60,18446744073709551509,1,0,2646029
fd00::206:6:6:6,18,0,0,204,222,2656513,254,0,60,0,0,0,0,262,254,60,18446744073709551527,1,0,2656424
fd00::206:6:6:6,18,0,0,204,222,2666890,255,0,60,0,0,0,0,263,255,60,18446744073709551565,1,0,2666839
fd00::206:6:6:6,18,0,0,204,222,2677267,256,0,60,0,0,0,0,264,256,60,18446744073709551546,1,0,2677197
fd00::206:6:6:6,18,0,0,204,222,2687644,257,0,60,0,0,0,0,265,257,60,18446744073709551543,1,0,2687571
fd00::206:6:6:6,18,0,0,204,222,2698021,258,0,60,0,0,0,0,266,258,60,18446744073709551541,1,0,2697946
fd00::206:6:6:6,18,0,0,204,222,2708398,259,0,60,0,0,0,0,267,259,60,18446744073709551547,1,0,2708329
fd00::206:6:6:6,18,0,0,204,222,2718775,260,0,60,0,0,0,0,268,260,60,18446744073709551518,1,0,2718677
fd00::206:6:6:6,18,0,0,204,222,2729152,261,0,60,0,0,0,0,269,261,60,18446744073709551519,1,0,2729055
fd00::206:6:6:6,18,0,0,204,222,2739529,262,0,60,0,0,0,0,270,262,60,18446744073709551563,1,0,2739476
fd00::206:6:6:6,18,0,0,204,222,2749906,263,0,60,0,0,0,0,271,263,60,18446744073709551556,1,0,2749846
fd00::206:6:6:6,18,0,0,204,222,2760283,264,0,60,0,0,0,0,273,264,60,18446744073709551548,1,0,2760215
fd00::206:6:6:6,18,0,0,204,222,2770660,265,0,60,0,0,0,0,274,265,60,18446744073709551564,1,0,2770608
fd00::206:6:6:6,18,0,0,204,222,2781037,266,0,60,0,0,0,0,275,266,60,18446744073709551576,1,0,2780997
fd00::206:6:6:6,18,0,0,204,222,2791414,267,0,60,0,0,0,0,276,267,60,18446744073709551542,1,0,2791340
fd00::206:6:6:6,18,0,0,204,222,2801791,268,0,60,0,0,0,0,277,268,60,18446744073709551506,1,0,2801681
fd00::206:6:6:6,18,0,0,204,222,2812168,269,0,60,0,0,0,0,278,269,60,18446744073709551550,1,0,2812102
fd00::206:6:6:6,18,0,0,204,222,2822545,270,0,60,0,0,0,0,279,270,60,18446744073709551538,1,0,2822467
fd00::206:6:6:6,18,0,0,204,222,2832922,271,0,60,0,0,0,0,280,271,60,18446744073709551517,1,0,2832823
fd00::206:6:6:6,18,0,0,204,222,2843299,272,0,60,0,0,0,0,281,272,60,18446744073709551543,1,0,2843226
fd00::206:6:6:6,18,0,0,204,222,2853676,273,0,60,0,0,0,0,282,273,60,18446744073709551516,1,0,2853576
fd00::206:6:6:6,18,0,0,204,222,2864053,274,0,60,0,0,0,0,283,274,60,18446744073709551541,1,0,2863978
fd00::206:6:6:6,18,0,0,204,222,2874430,275,0,60,0,0,0,0,284,275,60,18446744073709551549,1,0,2874363
fd00::206:6:6:6,18,0,0,204,222,2884807,276,0,60,0,0,0,0,285,276,60,18446744073709551534,1,0,2884725
fd00::206:6:6:6,18,0,0,204,222,2895184,277,0,60,0,0,0,0,286,277,60,18446744073709551579,1,0,2895147
fd00::206:6:6:6,18,0,0,204,222,2905561,278,0,60,0,0,0,0,287,278,60,18446744073709551539,1,0,2905484
fd00::206:6:6:6,18,0,0,204,222,2915938,279,0,60,0,0,0,0,288,279,60,18446744073709551595,1,0,2915917
fd00::206:6:6:6,18,0,0,204,222,2926315,280,0,60,0,0,0,0,289,280,60,18446744073709551517,1,0,2926216
fd00::206:6:6:6,18,0,0,204,222,2936692,281,0,60,0,0,0,0,290,281,60,18446744073709551538,1,0,2936614
fd00::206:6:6:6,18,0,0,204,222,2947069,282,0,60,0,0,0,0,291,282,60,18446744073709551532,1,0,2946985
fd00::206:6:6:6,18,0,0,204,222,2957446,283,0,60,0,0,0,0,292,283,60,18446744073709551577,1,0,2957407
fd00::206:6:6:6,18,0,0,204,222,2967823,284,0,60,0,0,0,0,293,284,60,18446744073709551540,1,0,2967747
fd00::206:6:6:6,18,0,0,204,222,2978200,285,0,60,0,0,0,0,294,285,60,18446744073709551522,1,0,2978106
fd00::206:6:6:6,18,0,0,203,221,2988577,286,0,60,0,0,0,0,295,286,60,18446744073709551537,1,0,2988498
fd00::206:6:6:6,18,0,0,203,221,2998954,287,0,60,0,0,0,0,296,287,60,18446744073709551555,1,0,2998893
fd00::206:6:6:6,18,0,0,204,222,3009331,288,0,60,0,0,0,0,297,288,60,18446744073709551518,1,0,3009233
fd00::206:6:6:6,18,0,0,204,222,3019708,289,0,60,0,0,0,0,298,289,60,18446744073709551518,1,0,3019610
fd00::206:6:6:6,18,0,0,204,222,3030085,290,0,60,0,0,0,0,299,290,60,18446744073709551524,1,0,3029993
fd00::206:6:6:6,18,0,0,204,222,3040462,291,0,60,0,0,0,0,301,291,60,18446744073709551599,1,0,3040445
fd00::206:6:6:6,18,0,0,204,222,3050839,292,0,60,0,0,0,0,302,292,60,18446744073709551546,1,0,3050769
fd00::206:6:6:6,18,0,0,204,222,3061216,293,0,60,0,0,0,0,303,293,60,18446744073709551514,1,0,3061114
fd00::206:6:6:6,18,0,0,203,221,3071593,294,0,60,0,0,0,0,304,294,60,18446744073709551545,1,0,3071522
fd00::206:6:6:6,18,0,0,204,222,3081970,295,0,60,0,0,0,0,305,295,60,18446744073709551533,1,0,3081887
fd00::206:6:6:6,18,0,0,204,222,3092347,296,0,60,0,0,0,0,306,296,60,18446744073709551518,1,0,3092249
fd00::206:6:6:6,18,0,0,204,222,3102724,297,0,60,0,0,0,0,307,297,60,18446744073709551539,1,0,3102647
fd00::206:6:6:6,18,0,0,204,222,3113101,298,0,60,0,0,0,0,308,298,60,18446744073709551523,1,0,3113008
fd00::206:6:6:6,18,0,0,204,222,3123478,299,0,60,0,0,0,0,309,299,60,18446744073709551538,1,0,3123400
fd00::206:6:6:6,18,0,0,204,222,3133855,300,0,60,0,0,0,0,310,300,60,18446744073709551546,1,0,3133785
fd00::206:6:6:6,18,0,0,204,222,3144232,301,0,60,0,0,0,0,311,301,60,18446744073709551502,1,0,3144118
fd00::206:6:6:6,18,0,0,204,222,3154609,302,0,60,0,0,0,0,312,302,60,18446744073709551527,1,0,3154520
fd00::206:6:6:6,18,0,0,204,222,3164986,303,0,60,0,0,0,0,313,303,60,18446744073709551527,1,0,3164897
fd00::206:6:6:6,18,0,0,204,222,3175363,304,0,60,0,0,0,0,314,304,60,18446744073709551528,1,0,3175275
fd00::206:6:6:6,18,0,0,204,222,3185740,305,0,60,0,0,0,0,315,305,60,18446744073709551567,1,0,3185691
fd00::206:6:6:6,18,0,0,204,222,3196117,306,0,60,0,0,0,0,316,306,60,18446744073709551553,1,0,3196054
fd00::206:6:6:6,18,0,0,204,222,3206494,307,0,60,0,0,0,0,317,307,60,18446744073709551547,1,0,3206425
fd00::206:6:6:6,18,0,0,204,222,3216871,308,0,60,0,0,0,0,318,308,60,18446744073709551548,1,0,3216803
fd00::206:6:6:6,18,0,0,204,222,3227248,309,0,60,0,0,0,0,319,309,60,18446744073709551567,1,0,3227199
fd00::206:6:6:6,18,0,0,204,222,3237625,310,0,60,0,0,0,0,320,310,60,18446744073709551530,1,0,3237539
fd00::206:6:6:6,18,0,0,204,222,3248002,311,0,60,0,0,0,0,321,311,60,18446744073709551539,1,0,3247925
fd00::206:6:6:6,18,0,0,204,222,3258379,312,0,60,0,0,0,0,322,312,60,18446744073709551574,1,0,3258337
fd00::206:6:6:6,18,0,0,204,222,3268756,313,0,60,0,0,0,0,323,313,60,18446744073709551531,1,0,3268671
fd00::206:6:6:6,18,0,0,204,222,3279133,314,0,60,0,0,0,0,324,314,60,18446744073709551554,1,0,3279071
fd00::206:6:6:6,18,0,0,204,222,3289510,315,0,60,0,0,0,0,325,315,60,18446744073709551523,1,0,3289417
fd00::206:6:6:6,18,0,0,204,222,3299887,316,0,60,0,0,0,0,326,316,60,18446744073709551535,1,0,3299806
fd00::206:6:6:6,18,0,0,204,222,3310264,317,0,60,0,0,0,0,328,317,60,18446744073709551586,1,0,3310234
fd00::206:6:6:6,18,0,0,204,222,3320641,318,0,60,0,0,0,0,329,318,60,18446744073709551535,1,0,3320560
fd00::206:6:6:6,18,0,0,204,222,3331018,319,0,60,0,0,0,0,330,319,60,18446744073709551520,1,0,3330922
fd00::206:6:6:6,18,0,0,204,222,3341395,320,0,60,0,0,0,0,331,320,60,18446744073709551548,1,0,3341327
fd00::206:6:6:6,18,0,0,204,222,3351772,321,0,60,0,0,0,0,332,321,60,18446744073709551539,1,0,3351695
fd00::206:6:6:6,18,0,0,204,222,3362149,322,0,60,0,0,0,0,333,322,60,18446744073709551545,1,0,3362078
fd00::206:6:6:6,18,0,0,204,222,3372526,323,0,60,0,0,0,0,334,323,60,18446744073709551531,1,0,3372441
fd00::206:6:6:6,18,0,0,204,222,3382903,324,0,60,0,0,0,0,335,324,60,18446744073709551535,1,0,3382822
fd00::206:6:6:6,18,0,0,204,222,3393280,325,0,60,0,0,0,0,336,325,60,18446744073709551520,1,0,3393184
fd00::206:6:6:6,18,0,0,204,222,3403657,326,0,60,0,0,0,0,337,326,60,18446744073709551555,1,0,3403596
fd00::206:6:6:6,18,0,0,204,222,3414034,327,0,60,0,0,0,0,338,327,60,18446744073709551522,1,0,3413940
fd00::206:6:6:6,18,0,0,204,222,3424411,328,0,60,0,0,0,0,339,328,60,18446744073709551499,1,0,3424294
fd00::206:6:6:6,18,0,0,204,222,3434788,329,0,60,0,0,0,0,340,329,60,18446744073709551545,1,0,3434717
fd00::206:6:6:6,18,0,0,204,222,3445165,330,0,60,0,0,0,0,341,330,60,18446744073709551547,1,0,3445096
fd00::206:6:6:6,18,0,0,204,222,3455542,331,0,60,0,0,0,0,342,331,60,18446744073709551520,1,0,3455446
fd00::206:6:6:6,18,0,0,204,222,3465919,332,0,60,0,0,0,0,343,332,60,18446744073709551507,1,0,3465810
fd00::206:6:6:6,18,0,0,204,222,3476296,333,0,60,0,0,0,0,344,333,60,18446744073709551546,1,0,3476226
fd00::206:6:6:6,18,0,0,204,222,3486673,334,0,60,0,0,0,0,345,334,60,18446744073709551549,1,0,3486606
fd00::206:6:6:6,18,0,0,204,222,3497050,335,0,60,0,0,0,0,346,335,60,18446744073709551520,1,0,3496954
fd00::206:6:6:6,18,0,0,204,222,3507427,336,0,60,0,0,0,0,347,336,60,18446744073709551563,1,0,3507374
fd00::206:6:6:6,18,0,0,204,222,3517804,337,0,60,0,0,0,0,348,337,60,18446744073709551558,1,0,3517746
fd00::206:6:6:6,18,0,0,204,222,3528181,338,0,60,0,0,0,0,349,338,60,18446744073709551553,1,0,3528118
fd00::206:6:6:6,18,0,0,204,222,3538558,339,0,60,0,0,0,0,350,339,60,18446744073709551532,1,0,3538474
fd00::206:6:6:6,18,0,0,204,222,3548935,340,0,60,0,0,0,0,351,340,60,18446744073709551538,1,0,3548857
fd00::206:6:6:6,18,0,0,204,222,3559312,341,0,60,0,0,0,0,352,341,60,18446744073709551545,1,0,3559241
fd00::206:6:6:6,18,0,0,204,222,3569689,342,0,60,0,0,0,0,353,342,60,18446744073709551547,1,0,3569620
fd00::206:6:6:6,18,0,0,204,222,3580066,343,0,60,0,0,0,0,354,343,60,18446744073709551522,1,0,3579972
fd00::206:6:6:6,18,0,0,204,222,3590443,344,0,60,0,0,0,0,356,344,60,18446744073709551535,1,0,3590362
fd00::207:7:7:7,38,0,0,421,459,21441,1,0,60,0,0,0,0,0,1,60,49,0,0,21490
fd00::207:7:7:7,19,0,0,210,229,32161,2,0,60,0,0,0,0,1,2,60,51,0,0,32212
fd00::207:7:7:7,19,0,0,210,229,42881,3,0,60,0,0,0,0,2,3,60,40,0,0,42921
fd00::207:7:7:7,19,0,0,211,230,53601,4,0,60,0,0,0,0,3,4,60,34,0,0,53635
fd00::207:7:7:7,19,0,0,210,229,64321,5,0,60,0,0,0,0,4,5,60,37,0,0,64358
fd00::207:7:7:7,19,0,0,211,230,75041,6,0,60,0,0,0,0,5,6,60,55,0,0,75096
fd00::207:7:7:7,19,0,0,210,229,85761,7,0,60,0,0,0,0,6,7,60,30,0,0,85791
fd00::207:7:7:7,19,0,0,211,230,96481,8,0,60,0,0,0,0,7,8,60,37,0,0,96518
fd00::207:7:7:7,19,0,0,211,230,107201,9,0,60,0,0,0,0,8,9,60,63,0,0,107264
fd00::207:7:7:7,19,0,0,211,230,117921,10,0,60,0,0,0,0,9,10,60,54,0,0,117975
fd00::207:7:7:7,19,0,0,211,230,128641,11,0,60,0,0,0,0,10,11,60,63,0,0,128704
fd00::207:7:7:7,19,0,0,211,230,139361,12,0,60,0,0,0,0,11,12,60,48,0,0,139409
fd00::207:7:7:7,19,0,0,210,229,150081,13,0,60,0,0,0,0,13,13,60,63,0,0,150144
fd00::207:7:7:7,19,0,0,210,229,160801,14,0,60,0,0,0,0,14,14,60,66,0,0,160867
fd00::207:7:7:7,19,0,0,210,229,171521,15,0,60,0,0,0,0,15,15,60,53,0,0,171574
fd00::207:7:7:7,19,0,0,210,229,182241,16,0,60,0,0,0,0,16,16,60,46,0,0,182287
fd00::207:7:7:7,19,0,0,211,230,192961,17,0,60,0,0,0,0,17,17,60,63,0,0,193024
fd00::207:7:7:7,19,0,0,210,229,203681,18,0,60,0,0,0,0,18,18,60,53,0,0,203734
fd00::207:7:7:7,19,0,0,211,230,214401,19,0,60,0,0,0,0,19,19,60,60,0,0,214461
fd00::207:7:7:7,19,0,0,210,229,225121,20,0,60,0,0,0,0,20,20,60,51,0,0,225172
fd00::207:7:7:7,19,0,0,210,229,235841,21,0,60,0,0,0,0,21,21,60,33,0,0,235874
fd00::207:7:7:7,19,0,0,210,229,246561,22,0,60,0,0,0,0,22,22,60,29,0,0,246590
fd00::207:7:7:7,19,0,0,211,230,257281,23,0,60,0,0,0,0,23,23,60,44,0,0,257325
fd00::207:7:7:7,19,0,0,210,229,268001,24,0,60,0,0,0,0,24,24,60,67,0,0,268068
fd00::207:7:7:7,19,0,0,210,229,278721,25,0,60,0,0,0,0,25,25,60,53,0,0,278774
fd00::207:7:7:7,19,0,0,211,230,289441,26,0,60,0,0,0,0,26,26,60,61,0,0,289502
fd00::207:7:7:7,19,0,0,211,230,300161,27,0,60,0,0,0,0,28,27,60,102,0,0,300263
fd00::207:7:7:7,19,0,0,210,229,310881,28,0,60,0,0,0,0,29,28,60,44,0,0,310925
fd00::207:7:7:7,19,0,0,211,230,321601,29,0,60,0,0,0,0,30,29,60,58,0,0,321659
fd00::207:7:7:7,19,0,0,210,229,332321,30,0,60,0,0,0,0,31,30,60,42,0,0,332363
fd00::207:7:7:7,19,0,0,210,229,343041,31,0,60,0,0,0,0,32,31,60,51,0,0,343092
fd00::207:7:7:7,19,0,0,210,229,353761,32,0,60,0,0,0,0,33,32,60,65,0,0,353826
fd00::207:7:7:7,19,0,0,210,229,364481,33,0,60,0,0,0,0,34,33,60,55,0,0,364536
fd00::207:7:7:7,19,0,0,210,229,375201,34,0,60,0,0,0,0,35,34,60,51,0,0,375252
fd00::207:7:7:7,19,0,0,211,230,385921,35,0,60,0,0,0,0,36,35,60,28,0,0,385949
fd00::207:7:7:7,19,0,0,210,229,396641,36,0,60,0,0,0,0,37,36,60,57,0,0,396698
fd00::207:7:7:7,19,0,0,210,229,407361,37,0,60,0,0,0,0,38,37,60,29,0,0,407390
fd00::207:7:7:7,19,0,0,211,230,418081,38,0,60,0,0,0,0,39,38,60,61,0,0,418142
fd00::207:7:7:7,19,0,0,211,230,428801,39,0,60,0,0,0,0,40,39,60,28,0,0,428829
fd00::207:7:7:7,19,0,0,211,230,439521,40,0,60,0,0,0,0,41,40,60,40,0,0,439561
fd00::207:7:7:7,19,0,0,210,229,450241,41,0,60,0,0,0,0,43,41,60,30,0,0,450271
fd00::207:7:7:7,19,0,0,210,229,460961,42,0,60,0,0,0,0,44,42,60,62,0,0,461023
fd00::207:7:7:7,19,0,0,210,229,471681,43,0,60,0,0,0,0,45,43,60,27,0,0,471708
fd00::207:7:7:7,19,0,0,210,229,482401,44,0,60,0,0,0,0,46,44,60,34,0,0,482435
fd00::207:7:7:7,19,0,0,210,229,493121,45,0,60,0,0,0,0,47,45,60,42,0,0,493163
fd00::207:7:7:7,19,0,0,211,230,503841,46,0,60,0,0,0,0,48,46,60,32,0,0,503873
fd00::207:7:7:7,19,0,0,211,230,514561,47,0,60,0,0,0,0,49,47,60,44,0,0,514605
fd00::207:7:7:7,19,0,0,210,229,525281,48,0,60,0,0,0,0,50,48,60,65,0,0,525346
fd00::207:7:7:7,19,0,0,211,230,536001,49,0,60,0,0,0,0,51,49,60,32,0,0,536033
fd00::207:7:7:7,19,0,0,211,230,546721,50,0,60,0,0,0,0,52,50,60,31,0,0,546752
fd00::207:7:7:7,19,0,0,211,230,557441,51,0,60,0,0,0,0,53,51,60,58,0,0,557499
fd00::207:7:7:7,19,0,0,211,230,568161,52,0,60,0,0,0,0,54,52,60,65,0,0,568226
fd00::207:7:7:7,19,0,0,211,230,578881,53,0,60,0,0,0,0,55,53,60,43,0,0,578924
fd00::207:7:7:7,19,0,0,211,230,589601,54,0,60,0,0,0,0,56,54,60,54,0,0,589655
fd00::207:7:7:7,19,0,0,210,229,600321,55,0,60,0,0,0,0,58,55,60,27,0,0,600348
fd00::207:7:7:7,19,0,0,211,230,611041,56,0,60,0,0,0,0,59,56,60,35,0,0,611076
fd00::207:7:7:7,19,0,0,211,230,621761,57,0,60,0,0,0,0,60,57,60,61,0,0,621822
fd00::207:7:7:7,19,0,0,211,230,632481,58,0,60,0,0,0,0,61,58,60,53,0,0,632534
fd00::207:7:7:7,19,0,0,211,230,643201,59,0,60,0,0,0,0,62,59,60,68,0,0,643269
fd00::207:7:7:7,19,0,0,210,229,653921,60,0,60,0,0,0,0,63,60,60,65,0,0,653986
fd00::207:7:7:7,19,0,0,211,230,664641,61,0,60,0,0,0,0,64,61,60,36,0,0,664677
fd00::207:7:7:7,19,0,0,210,229,675361,62,0,60,0,0,0,0,65,62,60,52,0,0,675413
fd00::207:7:7:7,19,0,0,210,229,686081,63,0,60,0,0,0,0,66,63,60,31,0,0,686112
fd00::207:7:7:7,19,0,0,210,229,696801,64,0,60,0,0,0,0,67,64,60,55,0,0,696856
fd00::207:7:7:7,19,0,0,210,229,707521,65,0,60,0,0,0,0,68,65,60,47,0,0,707568
fd00::207:7:7:7,19,0,0,211,230,718241,66,0,60,0,0,0,0,69,66,60,52,0,0,718293
fd00::207:7:7:7,19,0,0,210,229,728961,67,0,60,0,0,0,0,70,67,60,39,0,0,729000
fd00::207:7:7:7,19,0,0,210,229,739681,68,0,60,0,0,0,0,71,68,60,65,0,0,739746
fd00::207:7:7:7,19,0,0,211,230,750401,69,0,60,0,0,0,0,73,69,60,52,0,0,750453
fd00::207:7:7:7,19,0,0,211,230,761121,70,0,60,0,0,0,0,74,70,60,46,0,0,761167
fd00::207:7:7:7,19,0,0,211,230,771841,71,0,60,0,0,0,0,75,71,60,93,0,0,771934
fd00::207:7:7:7,19,0,0,210,229,782561,72,0,60,0,0,0,0,76,72,60,48,0,0,782609
fd00::207:7:7:7,19,0,0,210,229,793281,73,0,60,0,0,0,0,77,73,60,29,0,0,793310
fd00::207:7:7:7,19,0,0,210,229,804001,74,0,60,0,0,0,0,78,74,60,53,0,0,804054
fd00::207:7:7:7,19,0,0,211,230,814721,75,0,60,0,0,0,0,79,75,60,52,0,0,814773
fd00::207:7:7:7,19,0,0,210,229,825441,76,0,60,0,0,0,0,80,76,60,61,0,0,825502
fd00::207:7:7:7,19,0,0,211,230,836161,77,0,60,0,0,0,0,81,77,60,28,0,0,836189
fd00::207:7:7:7,19,0,0,210,229,846881,78,0,60,0,0,0,0,82,78,60,47,0,0,846928
fd00::207:7:7:7,19,0,0,211,230,857601,79,0,60,0,0,0,0,83,79,60,51,0,0,857652
fd00::207:7:7:7,19,0,0,211,230,868321,80,0,60,0,0,0,0,84,80,60,27,0,0,868348
fd00::207:7:7:7,19,0,0,210,229,879041,81,0,60,0,0,0,0,85,81,60,58,0,0,879099
fd00::207:7:7:7,19,0,0,210,229,889761,82,0,60,0,0,0,0,86,82,60,28,0,0,889789
fd00::207:7:7:7,19,0,0,210,229,900481,83,0,60,0,0,0,0,88,83,60,30,0,0,900511
fd00::207:7:7:7,19,0,0,210,229,911201,84,0,60,0,0,0,0,89,84,60,43,0,0,911244
fd00::207:7:7:7,19,0,0,210,229,921921,85,0,60,0,0,0,0,90,85,60,27,0,0,921948
fd00::207:7:7:7,19,0,0,210,229,932641,86,0,60,0,0,0,0,91,86,60,61,0,0,932702
fd00::207:7:7:7,19,0,0,210,229,943361,87,0,60,0,0,0,0,92,87,60,37,0,0,943398
fd00::207:7:7:7,19,0,0,211,230,954081,88,0,60,0,0,0,0,93,88,60,45,0,0,954126
fd00::207:7:7:7,19,0,0,211,230,964801,89,0,60,0,0,0,0,94,89,60,62,0,0,964863
fd00::207:7:7:7,19,0,0,211,230,975521,90,0,60,0,0,0,0,95,90,60,39,0,0,975560
fd00::207:7:7:7,19,0,0,210,229,986241,91,0,60,0,0,0,0,96,91,60,29,0,0,986270
fd00::207:7:7:7,19,0,0,211,230,996961,92,0,60,0,0,0,0,97,92,60,65,0,0,997026
fd00::207:7:7:7,19,0,0,210,229,1007681,93,0,60,0,0,0,0,98,93,60,57,0,0,1007738
fd00::207:7:7:7,19,0,0,211,230,1018401,94,0,60,0,0,0,0,99,94,60,57,0,0,1018458
fd00::207:7:7:7,19,0,0,210,229,1029121,95,0,60,0,0,0,0,100,95,60,59,0,0,1029180
fd00::207:7:7:7,19,0,0,210,229,1039841,96,0,60,0,0,0,0,101,96,60,45,0,0,1039886
fd00::207:7:7:7,19,0,0,211,230,1050561,97,0,60,0,0,0,0,103,97,60,67,0,0,1050628
fd00::207:7:7:7,19,0,0,210,229,1061281,98,0,60,0,0,0,0,104,98,60,37,0,0,1061318
fd00::207:7:7:7,19,0,0,211,230,1072001,99,0,60,0,0,0,0,105,99,60,37,0,0,1072038
fd00::207:7:7:7,19,0,0,210,229,1082721,100,0,60,0,0,0,0,106,100,60,63,0,0,1082784
fd00::207:7:7:7,19,0,0,211,230,1093441,101,0,60,0,0,0,0,107,101,60,55,0,0,1093496
fd00::207:7:7:7,19,0,0,210,229,1104161,102,0,60,0,0,0,0,108,102,60,30,0,0,1104191
fd00::207:7:7:7,19,0,0,210,229,1114881,103,0,60,0,0,0,0,109,103,60,48,0,0,1114929
fd00::207:7:7:7,19,0,0,211,230,1125601,104,0,60,0,0,0,0,110,104,60,31,0,0,1125632
fd00::207:7:7:7,19,0,0,210,229,1136321,105,0,60,0,0,0,0,111,105,60,62,0,0,1136383
fd00::207:7:7:7,19,0,0,210,229,1147041,106,0,60,0,0,0,0,112,106,60,33,0,0,1147074
fd00::207:7:7:7,19,0,0,210,229,1157761,107,0,60,0,0,0,0,113,107,60,52,0,0,1157813
fd00::207:7:7:7,19,0,0,210,229,1168481,108,0,60,0,0,0,0,114,108,60,37,0,0,1168518
fd00::207:7:7:7,19,0,0,211,230,1179201,109,0,60,0,0,0,0,115,109,60,62,0,0,1179263
fd00::207:7:7:7,19,0,0,211,230,1189921,110,0,60,0,0,0,0,116,110,60,42,0,0,1189963
fd00::207:7:7:7,19,0,0,210,229,1200641,111,0,60,0,0,0,0,118,111,60,34,0,0,1200675
fd00::207:7:7:7,19,0,0,211,230,1211361,112,0,60,0,0,0,0,119,112,60,28,0,0,1211389
fd00::207:7:7:7,19,0,0,210,229,1222081,113,0,60,0,0,0,0,120,113,60,27,0,0,1222108
fd00::207:7:7:7,19,0,0,210,229,1232801,114,0,60,0,0,0,0,121,114,60,53,0,0,1232854
fd00::207:7:7:7,19,0,0,211,230,1243521,115,0,60,0,0,0,0,122,115,60,42,0,0,1243563
fd00::207:7:7:7,19,0,0,210,229,1254241,116,0,60,0,0,0,0,123,116,60,56,0,0,1254297
fd00::207:7:7:7,19,0,0,210,229,1264961,117,0,60,0,0,0,0,124,117,60,52,0,0,1265013
fd00::207:7:7:7,19,0,0,210,229,1275681,118,0,60,0,0,0,0,125,118,60,46,0,0,1275727
fd00::207:7:7:7,19,0,0,211,230,1286401,119,0,60,0,0,0,0,126,119,60,66,0,0,1286467
fd00::207:7:7:7,19,0,0,211,230,1297121,120,0,60,0,0,0,0,127,120,60,28,0,0,1297149
fd00::207:7:7:7,19,0,0,210,229,1307841,121,0,60,0,0,0,0,128,121,60,54,0,0,1307895
fd00::207:7:7:7,19,0,0,210,229,1318561,122,0,60,0,0,0,0,129,122,60,65,0,0,1318626
fd00::207:7:7:7,19,0,0,210,229,1329281,123,0,60,0,0,0,0,130,123,60,46,0,0,1329327
fd00::207:7:7:7,19,0,0,210,229,1340001,124,0,60,0,0,0,0,132,124,60,115,0,0,1340116
fd00::207:7:7:7,19,0,0,210,229,1350721,125,0,60,0,0,0,0,133,125,60,56,0,0,1350777
fd00::207:7:7:7,19,0,0,211,230,1361441,126,0,60,0,0,0,0,134,126,60,53,0,0,1361494
fd00::207:7:7:7,19,0,0,210,229,1372161,127,0,60,0,0,0,0,135,127,60,32,0,0,1372193
fd00::207:7:7:7,19,0,0,211,230,1382881,128,0,60,0,0,0,0,136,128,60,27,0,0,1382908
fd00::207:7:7:7,19,0,0,211,230,1393601,129,0,60,0,0,0,0,137,129,60,35,0,0,1393636
fd00::207:7:7:7,19,0,0,211,230,1404321,130,0,60,0,0,0,0,138,130,60,59,0,0,1404380
fd00::207:7:7:7,19,0,0,211,230,1415041,131,0,60,0,0,0,0,139,131,60,47,0,0,1415088
fd00::207:7:7:7,19,0,0,210,229,1425761,132,0,60,0,0,0,0,140,132,60,54,0,0,1425815
fd00::207:7:7:7,19,0,0,210,229,1436481,133,0,60,0,0,0,0,141,133,60,30,0,0,1436511
fd00::207:7:7:7,19,0,0,210,229,1447201,134,0,60,0,0,0,0,142,134,60,38,0,0,1447239
fd00::207:7:7:7,19,0,0,210,229,1457921,135,0,60,0,0,0,0,143,135,60,27,0,0,1457948
fd00::207:7:7:7,19,0,0,211,230,1468641,136,0,60,0,0,0,0,144,136,60,30,0,0,1468671
fd00::207:7:7:7,19,0,0,210,229,1479361,137,0,60,0,0,0,0,145,137,60,59,0,0,1479420
fd00::207:7:7:7,19,0,0,211,230,1490081,138,0,60,0,0,0,0,147,138,60,99,0,0,1490180
fd00::207:7:7:7,19,0,0,210,229,1500801,139,0,60,0,0,0,0,148,139,60,51,0,0,1500852
fd00::207:7:7:7,19,0,0,211,230,1511521,140,0,60,0,0,0,0,149,140,60,34,0,0,1511555
fd00::207:7:7:7,19,0,0,211,230,1522241,141,0,60,0,0,0,0,150,141,60,30,0,0,1522271
fd00::207:7:7:7,19,0,0,210,229,1532961,142,0,60,0,0,0,0,151,142,60,52,0,0,1533013
fd00::207:7:7:7,19,0,0,210,229,1543681,143,0,60,0,0,0,0,152,143,60,27,0,0,1543708
fd00::207:7:7:7,19,0,0,210,229,1554401,144,0,60,0,0,0,0,153,144,60,49,0,0,1554450
fd00::207:7:7:7,19,0,0,211,230,1565121,145,0,60,0,0,0,0,154,145,60,44,0,0,1565165
fd00::207:7:7:7,19,0,0,210,229,1575841,146,0,60,0,0,0,0,155,146,60,33,0,0,1575874
fd00::207:7:7:7,19,0,0,211,230,1586561,147,0,60,0,0,0,0,156,147,60,50,0,0,1586611
fd00::207:7:7:7,19,0,0,211,230,1597281,148,0,60,0,0,0,0,157,148,60,49,0,0,1597330
fd00::207:7:7:7,19,0,0,210,229,1608001,149,0,60,0,0,0,0,158,149,60,49,0,0,1608050
fd00::207:7:7:7,19,0,0,211,230,1618721,150,0,60,0,0,0,0,159,150,60,27,0,0,1618748
fd00::207:7:7:7,19,0,0,211,230,1629441,151,0,60,0,0,0,0,160,151,60,66,0,0,1629507
fd00::207:7:7:7,19,0,0,210,229,1640161,152,0,60,0,0,0,0,162,152,60,34,0,0,1640195
fd00::207:7:7:7,19,0,0,210,229,1650881,153,0,60,0,0,0,0,163,153,60,34,0,0,1650915
fd00::207:7:7:7,19,0,0,210,229,1661601,154,0,60,0,0,0,0,164,154,60,49,0,0,1661650
fd00::207:7:7:7,19,0,0,211,230,1672321,155,0,60,0,0,0,0,165,155,60,43,0,0,1672364
fd00::207:7:7:7,19,0,0,211,230,1683041,156,0,60,0,0,0,0,166,156,60,92,0,0,1683133
fd00::207:7:7:7,19,0,0,210,229,1693761,157,0,60,0,0,0,0,167,157,60,27,0,0,1693788
fd00::207:7:7:7,19,0,0,211,230,1704481,158,0,60,0,0,0,0,168,158,60,37,0,0,1704518
fd00::207:7:7:7,19,0,0,211,230,1715201,159,0,60,0,0,0,0,169,159,60,51,0,0,1715252
fd00::207:7:7:7,19,0,0,210,229,1725921,160,0,60,0,0,0,0,170,160,60,38,0,0,1725959
fd00::207:7:7:7,19,0,0,210,229,1736641,161,0,60,0,0,0,0,171,161,60,40,0,0,1736681
fd00::207:7:7:7,19,0,0,210,229,1747361,162,0,60,0,0,0,0,172,162,60,40,0,0,1747401
fd00::207:7:7:7,19,0,0,210,229,1758081,163,0,60,0,0,0,0,173,163,60,27,0,0,1758108
fd00::207:7:7:7,19,0,0,211,230,1768801,164,0,60,0,0,0,0,174,164,60,55,0,0,1768856
fd00::207:7:7:7,19,0,0,210,229,1779521,165,0,60,0,0,0,0,175,165,60,34,0,0,1779555
fd00::207:7:7:7,19,0,0,210,229,1790241,166,0,60,0,0,0,0,177,166,60,44,0,0,1790285
fd00::207:7:7:7,19,0,0,210,229,1800961,167,0,60,0,0,0,0,178,167,60,38,0,0,1800999
fd00::207:7:7:7,19,0,0,210,229,1811681,168,0,60,0,0,0,0,179,168,60,41,0,0,1811722
fd00::207:7:7:7,19,0,0,211,230,1822401,169,0,60,0,0,0,0,180,169,60,48,0,0,1822449
fd00::207:7:7:7,19,0,0,211,230,1833121,170,0,60,0,0,0,0,181,170,60,28,0,0,1833149
fd00::207:7:7:7,19,0,0,210,229,1843841,171,0,60,0,0,0,0,182,171,60,43,0,0,1843884
fd00::207:7:7:7,19,0,0,211,230,1854561,172,0,60,0,0,0,0,183,172,60,67,0,0,1854628
fd00::207:7:7:7,19,0,0,210,229,1865281,173,0,60,0,0,0,0,184,173,60,52,0,0,1865333
fd00::207:7:7:7,19,0,0,210,229,1876001,174,0,60,0,0,0,0,185,174,60,53,0,0,1876054
fd00::207:7:7:7,19,0,0,210,229,1886721,175,0,60,0,0,0,0,186,175,60,32,0,0,1886753
fd00::207:7:7:7,19,0,0,211,230,1897441,176,0,60,0,0,0,0,187,176,60,31,0,0,1897472
fd00::207:7:7:7,19,0,0,211,230,1908161,177,0,60,0,0,0,0,188,177,60,51,0,0,1908212
fd00::207:7:7:7,19,0,0,210,229,1918881,178,0,60,0,0,0,0,189,178,60,35,0,0,1918916
fd00::207:7:7:7,19,0,0,211,230,1929601,179,0,60,0,0,0,0,190,179,60,34,0,0,1929635
fd00::207:7:7:7,19,0,0,210,229,1940321,180,0,60,0,0,0,0,192,180,60,64,0,0,1940385
fd00::207:7:7:7,19,0,0,210,229,1951041,181,0,60,0,0,0,0,193,181,60,44,0,0,1951085
fd00::207:7:7:7,19,0,0,210,229,1961761,182,0,60,0,0,0,0,194,182,60,65,0,0,1961826
fd00::207:7:7:7,19,0,0,211,230,1972481,183,0,60,0,0,0,0,195,183,60,61,0,0,1972542
fd00::207:7:7:7,19,0,0,210,229,1983201,184,0,60,0,0,0,0,196,184,60,32,0,0,1983233
fd00::207:7:7:7,19,0,0,211,230,1993921,185,0,60,0,0,0,0,197,185,60,42,0,0,1993963
fd00::207:7:7:7,19,0,0,210,229,2004641,186,0,60,0,0,0,0,198,186,60,56,0,0,2004697
fd00::207:7:7:7,19,0,0,211,230,2015361,187,0,60,0,0,0,0,199,187,60,58,0,0,2015419
fd00::207:7:7:7,19,0,0,210,229,2026081,188,0,60,0,0,0,0,200,188,60,34,0,0,2026115
fd00::207:7:7:7,19,0,0,211,230,2036801,189,0,60,0,0,0,0,201,189,60,45,0,0,2036846
fd00::207:7:7:7,19,0,0,210,229,2047521,190,0,60,0,0,0,0,202,190,60,29,0,0,2047550
fd00::207:7:7:7,19,0,0,211,230,2058241,191,0,60,0,0,0,0,203,191,60,51,0,0,2058292
fd00::207:7:7:7,19,0,0,210,229,2068961,192,0,60,0,0,0,0,204,192,60,55,0,0,2069016
fd00::207:7:7:7,19,0,0,210,229,2079681,193,0,60,0,0,0,0,205,193,60,31,0,0,2079712
fd00::207:7:7:7,19,0,0,210,229,2090401,194,0,60,0,0,0,0,207,194,60,40,0,0,2090441
fd00::207:7:7:7,19,0,0,210,229,2101121,195,0,60,0,0,0,0,208,195,60,45,0,0,2101166
fd00::207:7:7:7,19,0,0,210,229,2111841,196,0,60,0,0,0,0,209,196,60,50,0,0,2111891
fd00::207:7:7:7,19,0,0,210,229,2122561,197,0,60,0,0,0,0,210,197,60,49,0,0,2122610
fd00::207:7:7:7,19,0,0,211,230,2133281,198,0,60,0,0,0,0,211,198,60,66,0,0,2133347
fd00::207:7:7:7,19,0,0,211,230,2144001,199,0,60,0,0,0,0,212,199,60,39,0,0,2144040
fd00::207:7:7:7,19,0,0,211,230,2154721,200,0,60,0,0,0,0,213,200,60,44,0,0,2154765
fd00::207:7:7:7,19,0,0,211,230,2165441,201,0,60,0,0,0,0,214,201,60,46,0,0,2165487
fd00::207:7:7:7,19,0,0,210,229,2176161,202,0,60,0,0,0,0,215,202,60,58,0,0,2176219
fd00::207:7:7:7,19,0,0,210,229,2186881,203,0,60,0,0,0,0,216,203,60,38,0,0,2186919
fd00::207:7:7:7,19,0,0,210,229,2197601,204,0,60,0,0,0,0,217,204,60,50,0,0,2197651
fd00::207:7:7:7,19,0,0,210,229,2208321,205,0,60,0,0,0,0,218,205,60,39,0,0,2208360
fd00::207:7:7:7,19,0,0,211,230,2219041,206,0,60,0,0,0,0,219,206,60,33,0,0,2219074
fd00::207:7:7:7,19,0,0,211,230,2229761,207,0,60,0,0,0,0,220,207,60,43,0,0,2229804
fd00::207:7:7:7,19,0,0,210,229,2240481,208,0,60,0,0,0,0,222,208,60,66,0,0,2240547
fd00::207:7:7:7,19,0,0,210,229,2251201,209,0,60,0,0,0,0,223,209,60,45,0,0,2251246
fd00::207:7:7:7,19,0,0,210,229,2261921,210,0,60,0,0,0,0,224,210,60,63,0,0,2261984
fd00::207:7:7:7,19,0,0,210,229,2272641,211,0,60,0,0,0,0,225,211,60,65,0,0,2272706
fd00::207:7:7:7,19,0,0,210,229,2283361,212,0,60,0,0,0,0,226,212,60,29,0,0,2283390
fd00::207:7:7:7,19,0,0,210,229,2294081,213,0,60,0,0,0,0,227,213,60,44,0,0,2294125
fd00::207:7:7:7,19,0,0,210,229,2304801,214,0,60,0,0,0,0,228,214,60,27,0,0,2304828
fd00::207:7:7:7,19,0,0,210,229,2315521,215,0,60,0,0,0,0,229,215,60,31,0,0,2315552
fd00::207:7:7:7,19,0,0,210,229,2326241,216,0,60,0,0,0,0,230,216,60,39,0,0,2326280
fd00::207:7:7:7,19,0,0,211,230,2336961,217,0,60,0,0,0,0,231,217,60,42,0,0,2337003
fd00::207:7:7:7,19,0,0,210,229,2347681,218,0,60,0,0,0,0,232,218,60,30,0,0,2347711
fd00::207:7:7:7,19,0,0,211,230,2358401,219,0,60,0,0,0,0,233,219,60,27,0,0,2358428
fd00::207:7:7:7,19,0,0,211,230,2369121,220,0,60,0,0,0,0,234,220,60,60,0,0,2369181
fd00::207:7:7:7,19,0,0,210,229,2379841,221,0,60,0,0,0,0,235,221,60,37,0,0,2379878
fd00::207:7:7:7,19,0,0,210,229,2390561,222,0,60,0,0,0,0,237,222,60,59,0,0,2390620
fd00::207:7:7:7,19,0,0,210,229,2401281,223,0,60,0,0,0,0,238,223,60,34,0,0,2401315
fd00::207:7:7:7,19,0,0,210,229,2412001,224,0,60,0,0,0,0,239,224,60,54,0,0,2412055
fd00::207:7:7:7,19,0,0,211,230,2422721,225,0,60,0,0,0,0,240,225,60,31,0,0,2422752
fd00::207:7:7:7,19,0,0,210,229,2433441,226,0,60,0,0,0,0,241,226,60,62,0,0,2433503
fd00::207:7:7:7,19,0,0,210,229,2444161,227,0,60,0,0,0,0,242,227,60,42,0,0,2444203
fd00::207:7:7:7,19,0,0,211,230,2454881,228,0,60,0,0,0,0,243,228,60,60,0,0,2454941
fd00::207:7:7:7,19,0,0,211,230,2465601,229,0,60,0,0,0,0,244,229,60,66,0,0,2465667
fd00::207:7:7:7,19,0,0,211,230,2476321,230,0,60,0,0,0,0,245,230,60,63,0,0,2476384
fd00::207:7:7:7,19,0,0,210,229,2487041,231,0,60,0,0,0,0,246,231,60,53,0,0,2487094
fd00::207:7:7:7,19,0,0,211,230,2497761,232,0,60,0,0,0,0,247,232,60,59,0,0,2497820
fd00::207:7:7:7,19,0,0,210,229,2508481,233,0,60,0,0,0,0,248,233,60,61,0,0,2508542
fd00::207:7:7:7,19,0,0,210,229,2519201,234,0,60,0,0,0,0,249,234,60,40,0,0,2519241
fd00::207:7:7:7,19,0,0,210,229,2529921,235,0,60,0,0,0,0,250,235,60,57,0,0,2529978
fd00::207:7:7:7,19,0,0,210,229,2540641,236,0,60,0,0,0,0,252,236,60,60,0,0,2540701
fd00::207:7:7:7,19,0,0,210,229,2551361,237,0,60,0,0,0,0,253,237,60,47,0,0,2551408
fd00::207:7:7:7,19,0,0,211,230,2562081,238,0,60,0,0,0,0,254,238,60,42,0,0,2562123
fd00::207:7:7:7,19,0,0,211,230,2572801,239,0,60,0,0,0,0,255,239,60,53,0,0,2572854
fd00::207:7:7:7,19,0,0,210,229,2583521,240,0,60,0,0,0,0,256,240,60,48,0,0,2583569
fd00::207:7:7:7,19,0,0,211,230,2594241,241,0,60,0,0,0,0,257,241,60,38,0,0,2594279
fd00::207:7:7:7,19,0,0,211,230,2604961,242,0,60,0,0,0,0,258,242,60,55,0,0,2605016
fd00::207:7:7:7,19,0,0,211,230,2615681,243,0,60,0,0,0,0,259,243,60,52,0,0,2615733
fd00::207:7:7:7,19,0,0,211,230,2626401,244,0,60,0,0,0,0,260,244,60,43,0,0,2626444
fd00::207:7:7:7,19,0,0,210,229,2637121,245,0,60,0,0,0,0,261,245,60,37,0,0,2637158
fd00::207:7:7:7,19,0,0,210,229,2647841,246,0,60,0,0,0,0,262,246,60,59,0,0,2647900
fd00::207:7:7:7,19,0,0,211,230,2658561,247,0,60,0,0,0,0,263,247,60,36,0,0,2658597
fd00::207:7:7:7,19,0,0,210,229,2669281,248,0,60,0,0,0,0,264,248,60,40,0,0,2669321
fd00::207:7:7:7,19,0,0,211,230,2680001,249,0,60,0,0,0,0,266,249,60,159,0,0,2680160
fd00::207:7:7:7,19,0,0,210,229,2690721,250,0,60,0,0,0,0,267,250,60,56,0,0,2690777
fd00::207:7:7:7,19,0,0,210,229,2701441,251,0,60,0,0,0,0,268,251,60,29,0,0,2701470
fd00::207:7:7:7,19,0,0,211,230,2712161,252,0,60,0,0,0,0,269,252,60,30,0,0,2712191
fd00::207:7:7:7,19,0,0,210,229,2722881,253,0,60,0,0,0,0,270,253,60,44,0,0,2722925
fd00::207:7:7:7,19,0,0,210,229,2733601,254,0,60,0,0,0,0,271,254,60,56,0,0,2733657
fd00::207:7:7:7,19,0,0,210,229,2744321,255,0,60,0,0,0,0,272,255,60,41,0,0,2744362
fd00::207:7:7:7,19,0,0,210,229,2755041,256,0,60,0,0,0,0,273,256,60,32,0,0,2755073
fd00::207:7:7:7,19,0,0,210,229,2765761,257,0,60,0,0,0,0,274,257,60,29,0,0,2765790
fd00::207:7:7:7,19,0,0,210,229,2776481,258,0,60,0,0,0,0,275,258,60,30,0,0,2776511
fd00::207:7:7:7,19,0,0,211,230,2787201,259,0,60,0,0,0,0,276,259,60,27,0,0,2787228
fd00::207:7:7:7,19,0,0,211,230,2797921,260,0,60,0,0,0,0,277,260,60,51,0,0,2797972
fd00::207:7:7:7,19,0,0,210,229,2808641,261,0,60,0,0,0,0,278,261,60,64,0,0,2808705
fd00::207:7:7:7,19,0,0,210,229,2819361,262,0,60,0,0,0,0,279,262,60,32,0,0,2819393
fd00::207:7:7:7,19,0,0,210,229,2830081,263,0,60,0,0,0,0,281,263,60,42,0,0,2830123
fd00::207:7:7:7,19,0,0,210,229,2840801,264,0,60,0,0,0,0,282,264,60,40,0,0,2840841
fd00::207:7:7:7,19,0,0,211,230,2851521,265,0,60,0,0,0,0,283,265,60,63,0,0,2851584
fd00::207:7:7:7,19,0,0,210,229,2862241,266,0,60,0,0,0,0,284,266,60,64,0,0,2862305
fd00::207:7:7:7,19,0,0,211,230,2872961,267,0,60,0,0,0,0,285,267,60,66,0,0,2873027
fd00::207:7:7:7,19,0,0,210,229,2883681,268,0,60,0,0,0,0,286,268,60,51,0,0,2883732
fd00::207:7:7:7,19,0,0,211,230,2894401,269,0,60,0,0,0,0,287,269,60,42,0,0,2894443
fd00::207:7:7:7,19,0,0,210,229,2905121,270,0,60,0,0,0,0,288,270,60,66,0,0,2905187
fd00::207:7:7:7,19,0,0,211,230,2915841,271,0,60,0,0,0,0,289,271,60,96,0,0,2915937
fd00::207:7:7:7,19,0,0,210,229,2926561,272,0,60,0,0,0,0,290,272,60,41,0,0,2926602
fd00::207:7:7:7,19,0,0,210,229,2937281,273,0,60,0,0,0,0,291,273,60,59,0,0,2937340
fd00::207:7:7:7,19,0,0,210,229,2948001,274,0,60,0,0,0,0,292,274,60,63,0,0,2948064
fd00::207:7:7:7,19,0,0,210,229,2958721,275,0,60,0,0,0,0,293,275,60,39,0,0,2958760
fd00::207:7:7:7,19,0,0,210,229,2969441,276,0,60,0,0,0,0,294,276,60,59,0,0,2969500
fd00::207:7:7:7,19,0,0,210,229,2980161,277,0,60,0,0,0,0,296,277,60,59,0,0,2980220
fd00::207:7:7:7,19,0,0,210,229,2990881,278,0,60,0,0,0,0,297,278,60,60,0,0,2990941
fd00::207:7:7:7,19,0,0,211,230,3001601,279,0,60,0,0,0,0,298,279,60,53,0,0,3001654
fd00::207:7:7:7,19,0,0,210,229,3012321,280,0,60,0,0,0,0,299,280,60,66,0,0,3012387
fd00::207:7:7:7,19,0,0,211,230,3023041,281,0,60,0,0,0,0,300,281,60,57,0,0,3023098
fd00::207:7:7:7,19,0,0,211,230,3033761,282,0,60,0,0,0,0,301,282,60,63,0,0,3033824
fd00::207:7:7:7,19,0,0,211,230,3044481,283,0,60,0,0,0,0,302,283,60,56,0,0,3044537
fd00::207:7:7:7,19,0,0,210,229,3055201,284,0,60,0,0,0,0,303,284,60,162,0,0,3055363
fd00::207:7:7:7,19,0,0,210,229,3065921,285,0,60,0,0,0,0,304,285,60,79,0,0,3066000
fd00::207:7:7:7,19,0,0,210,229,3076641,286,0,60,0,0,0,0,305,286,60,41,0,0,3076682
fd00::207:7:7:7,19,0,0,210,229,3087361,287,0,60,0,0,0,0,306,287,60,47,0,0,3087408
fd00::207:7:7:7,19,0,0,210,229,3098081,288,0,60,0,0,0,0,307,288,60,28,0,0,3098109
fd00::207:7:7:7,19,0,0,210,229,3108801,289,0,60,0,0,0,0,308,289,60,66,0,0,3108867
fd00::207:7:7:7,19,0,0,210,229,3119521,290,0,60,0,0,0,0,309,290,60,43,0,0,3119564
fd00::207:7:7:7,19,0,0,211,230,3130241,291,0,60,0,0,0,0,311,291,60,144,0,0,3130385
fd00::207:7:7:7,19,0,0,210,229,3140961,292,0,60,0,0,0,0,312,292,60,59,0,0,3141020
fd00::207:7:7:7,19,0,0,210,229,3151681,293,0,60,0,0,0,0,313,293,60,27,0,0,3151708
fd00::207:7:7:7,19,0,0,210,229,3162401,294,0,60,0,0,0,0,314,294,60,29,0,0,3162430
fd00::207:7:7:7,19,0,0,211,230,3173121,295,0,60,0,0,0,0,315,295,60,41,0,0,3173162
fd00::207:7:7:7,19,0,0,211,230,3183841,296,0,60,0,0,0,0,316,296,60,37,0,0,3183878
fd00::207:7:7:7,19,0,0,210,229,3194561,297,0,60,0,0,0,0,317,297,60,63,0,0,3194624
fd00::207:7:7:7,19,0,0,211,230,3205281,298,0,60,0,0,0,0,318,298,60,65,0,0,3205346
fd00::207:7:7:7,19,0,0,211,230,3216001,299,0,60,0,0,0,0,319,299,60,47,0,0,3216048
fd00::207:7:7:7,19,0,0,210,229,3226721,300,0,60,0,0,0,0,320,300,60,37,0,0,3226758
fd00::207:7:7:7,19,0,0,211,230,3237441,301,0,60,0,0,0,0,321,301,60,27,0,0,3237468
fd00::207:7:7:7,19,0,0,210,229,3248161,302,0,60,0,0,0,0,322,302,60,53,0,0,3248214
fd00::207:7:7:7,19,0,0,210,229,3258881,303,0,60,0,0,0,0,323,303,60,28,0,0,3258909
fd00::207:7:7:7,19,0,0,210,229,3269601,304,0,60,0,0,0,0,324,304,60,27,0,0,3269628
fd00::207:7:7:7,19,0,0,211,230,3280321,305,0,60,0,0,0,0,326,305,60,61,0,0,3280382
fd00::207:7:7:7,19,0,0,211,230,3291041,306,0,60,0,0,0,0,327,306,60,55,0,0,3291096
fd00::207:7:7:7,19,0,0,210,229,3301761,307,0,60,0,0,0,0,328,307,60,31,0,0,3301792
fd00::207:7:7:7,19,0,0,211,230,3312481,308,0,60,0,0,0,0,329,308,60,45,0,0,3312526
fd00::207:7:7:7,19,0,0,211,230,3323201,309,0,60,0,0,0,0,330,309,60,40,0,0,3323241
fd00::207:7:7:7,19,0,0,211,230,3333921,310,0,60,0,0,0,0,331,310,60,42,0,0,3333963
fd00::207:7:7:7,19,0,0,211,230,3344641,311,0,60,0,0,0,0,332,311,60,57,0,0,3344698
fd00::207:7:7:7,19,0,0,210,229,3355361,312,0,60,0,0,0,0,333,312,60,43,0,0,3355404
fd00::207:7:7:7,19,0,0,210,229,3366081,313,0,60,0,0,0,0,334,313,60,45,0,0,3366126
fd00::207:7:7:7,19,0,0,210,229,3376801,314,0,60,0,0,0,0,335,314,60,28,0,0,3376829
fd00::207:7:7:7,19,0,0,211,230,3387521,315,0,60,0,0,0,0,336,315,60,28,0,0,3387549
fd00::207:7:7:7,19,0,0,210,229,3398241,316,0,60,0,0,0,0,337,316,60,51,0,0,3398292
fd00::207:7:7:7,19,0,0,211,230,3408961,317,0,60,0,0,0,0,338,317,60,35,0,0,3408996
fd00::207:7:7:7,19,0,0,210,229,3419681,318,0,60,0,0,0,0,339,318,60,32,0,0,3419713
fd00::207:7:7:7,19,0,0,211,230,3430401,319,0,60,0,0,0,0,341,319,60,62,0,0,3430463
fd00::207:7:7:7,19,0,0,210,229,3441121,320,0,60,0,0,0,0,342,320,60,49,0,0,3441170
fd00::207:7:7:7,19,0,0,211,230,3451841,321,0,60,0,0,0,0,343,321,60,60,0,0,3451901
fd00::207:7:7:7,19,0,0,210,229,3462561,322,0,60,0,0,0,0,344,322,60,30,0,0,3462591
fd00::207:7:7:7,19,0,0,210,229,3473281,323,0,60,0,0,0,0,345,323,60,51,0,0,3473332
fd00::207:7:7:7,19,0,0,210,229,3484001,324,0,60,0,0,0,0,346,324,60,43,0,0,3484044
fd00::207:7:7:7,19,0,0,210,229,3494721,325,0,60,0,0,0,0,347,325,60,27,0,0,3494748
fd00::207:7:7:7,19,0,0,211,230,3505441,326,0,60,0,0,0,0,348,326,60,31,0,0,3505472
fd00::207:7:7:7,19,0,0,211,230,3516161,327,0,60,0,0,0,0,349,327,60,61,0,0,3516222
fd00::207:7:7:7,19,0,0,210,229,3526881,328,0,60,0,0,0,0,350,328,60,33,0,0,3526914
fd00::207:7:7:7,19,0,0,211,230,3537601,329,0,60,0,0,0,0,351,329,60,59,0,0,3537660
fd00::207:7:7:7,19,0,0,211,230,3548321,330,0,60,0,0,0,0,352,330,60,57,0,0,3548378
fd00::207:7:7:7,19,0,0,211,230,3559041,331,0,60,0,0,0,0,353,331,60,50,0,0,3559091
fd00::207:7:7:7,19,0,0,210,229,3569761,332,0,60,0,0,0,0,354,332,60,62,0,0,3569823
fd00::207:7:7:7,19,0,0,211,230,3580481,333,0,60,0,0,0,0,356,333,60,65,0,0,3580546
fd00::207:7:7:7,19,0,0,210,229,3591201,334,0,60,0,0,0,0,357,334,60,51,0,0,3591252
fd00::208:8:8:8,36,0,0,404,440,20555,1,0,60,0,0,0,0,0,1,60,18446744073709551401,0,0,20340
fd00::208:8:8:8,18,0,0,201,219,30832,2,1,60,12,340,100,-90,1,3,60,18446744073709551330,0,30,30546
fd00::208:8:8:8,18,0,0,201,219,41109,3,2,60,12,338,100,-90,2,5,60,18446744073709551352,0,23,40845
fd00::208:8:8:8,18,0,0,201,219,51386,4,3,60,12,352,100,-90,3,7,60,18446744073709551321,0,59,51091
fd00::208:8:8:8,18,0,0,201,219,61663,5,4,60,12,347,100,-90,4,9,60,18446744073709551333,0,23,61380
fd00::208:8:8:8,18,0,0,201,219,71940,6,5,60,12,335,100,-90,5,11,60,18446744073709551347,0,49,71671
fd00::208:8:8:8,18,0,0,201,219,82217,7,6,60,12,332,100,-90,6,13,60,18446744073709551316,0,15,81917
fd00::208:8:8:8,18,0,1,200,219,92494,8,7,60,12,332,100,-90,7,15,60,18446744073709551377,0,29,92255
fd00::208:8:8:8,18,0,2,200,220,102771,9,8,60,12,337,100,-90,8,17,60,18446744073709551327,0,86,102482
fd00::208:8:8:8,18,0,1,200,219,113048,10,9,60,12,357,100,-90,9,19,60,18446744073709551341,0,42,112773
fd00::208:8:8:8,18,0,1,200,219,123325,11,10,60,12,332,100,-90,10,21,60,18446744073709551337,0,22,123046
fd00::208:8:8:8,18,0,0,201,219,133602,12,11,60,12,332,100,-90,11,23,60,18446744073709551344,0,18,133330
fd00::208:8:8:8,18,0,1,200,219,143879,13,12,60,12,337,100,-90,12,25,60,18446744073709551342,0,61,143605
fd00::208:8:8:8,18,0,1,201,220,154156,14,13,60,12,350,100,-90,13,27,60,18446744073709551319,0,41,153859
fd00::208:8:8:8,18,0,0,201,219,164433,15,14,60,12,337,100,-90,14,29,60,18446744073709551349,0,87,164166
fd00::208:8:8:8,18,0,1,201,220,174710,16,15,60,12,338,100,-90,15,31,60,18446744073709551336,0,17,174430
fd00::208:8:8:8,18,0,1,201,220,184987,17,16,60,12,337,100,-90,16,33,60,18446744073709551330,0,121,184701
fd00::208:8:8:8,18,0,1,201,220,195264,18,17,60,12,332,100,-90,17,35,60,18446744073709551344,0,22,194992
fd00::208:8:8:8,18,0,1,201,220,205541,19,18,60,12,343,100,-90,18,37,60,18446744073709551346,0,26,205271
fd00::208:8:8:8,18,0,1,201,220,215818,20,19,60,12,337,100,-90,19,39,60,18446744073709551329,0,19,215531
fd00::208:8:8:8,18,0,1,201,220,226095,21,20,60,12,338,100,-90,20,41,60,18446744073709551317,0,18,225796
fd00::208:8:8:8,18,0,1,201,220,236372,22,21,60,12,332,100,-90,21,43,60,18446744073709551319,0,86,236075
fd00::208:8:8:8,18,0,1,201,220,246649,23,22,60,12,332,100,-90,22,45,60,18446744073709551314,0,26,246347
fd00::208:8:8:8,18,0,0,201,219,256926,24,23,60,12,334,100,-90,23,47,60,18446744073709551350,0,20,256660
fd00::208:8:8:8,18,0,0,201,219,267203,25,24,60,12,353,100,-90,24,49,60,18446744073709551320,0,35,266907
fd00::208:8:8:8,18,0,1,200,219,277480,26,25,60,12,349,100,-90,25,51,60,18446744073709551347,0,25,277211
fd00::208:8:8:8,18,0,1,201,220,287757,27,26,60,12,337,100,-90,26,53,60,18446744073709551324,0,29,287465
fd00::208:8:8:8,18,0,1,201,220,298034,28,27,60,12,332,100,-90,27,55,60,18446744073709551328,0,92,297746
fd00::208:8:8:8,18,0,1,201,220,308311,29,28,60,12,343,100,-90,28,57,60,18446744073709551334,0,42,308029
fd00::208:8:8:8,18,0,1,201,220,318588,30,29,60,12,349,100,-90,29,59,60,18446744073709551344,0,26,318316
fd00::208:8:8:8,18,0,1,201,220,328865,31,30,60,12,352,100,-90,30,61,60,18446744073709551316,0,29,328565
fd00::208:8:8:8,18,0,0,201,219,339142,32,31,60,12,344,100,-90,31,63,60,18446744073709551348,0,31,338874
fd00::208:8:8:8,18,0,1,201,220,349419,33,32,60,12,337,100,-90,32,65,60,18446744073709551323,0,21,349126
fd00::208:8:8:8,18,0,0,201,219,359696,34,33,60,12,347,100,-90,33,67,60,18446744073709551326,0,27,359406
fd00::208:8:8:8,18,0,1,201,220,369973,35,34,60,12,332,100,-90,34,69,60,18446744073709551317,0,23,369674
fd00::208:8:8:8,18,0,0,201,219,380250,36,35,60,12,337,100,-90,35,71,60,18446744073709551352,0,36,379986
fd00::208:8:8:8,18,0,1,200,219,390527,37,37,60,12,332,100,-90,37,74,60,18446744073709551364,0,122,390275
fd00::208:8:8:8,18,0,1,201,220,400804,38,38,60,12,343,100,-90,38,76,60,18446744073709551349,0,53,400537
fd00::208:8:8:8,18,0,1,201,220,411081,39,39,60,12,353,100,-90,39,78,60,18446744073709551346,0,89,410811
fd00::208:8:8:8,18,0,0,201,219,421358,40,40,60,12,337,100,-90,40,80,60,18446744073709551342,0,24,421084
fd00::208:8:8:8,18,0,1,201,220,431635,41,41,60,12,345,100,-90,41,82,60,18446744073709551319,0,58,431338
fd00::208:8:8:8,18,0,0,201,219,441912,42,42,60,12,332,100,-90,42,84,60,18446744073709551332,0,27,441628
fd00::208:8:8:8,18,0,1,201,220,452189,43,43,60,12,332,100,-90,43,86,60,18446744073709551322,0,79,451895
fd00::208:8:8:8,18,0,1,201,220,462466,44,44,60,12,344,100,-90,44,88,60,18446744073709551343,0,33,462193
fd00::208:8:8:8,18,0,1,201,220,472743,45,45,60,12,337,100,-90,45,90,60,18446744073709551336,0,53,472463
fd00::208:8:8:8,18,0,0,201,219,483020,46,46,60,12,332,100,-90,46,92,60,18446744073709551351,0,22,482755
fd00::208:8:8:8,18,0,1,201,220,493297,47,47,60,12,341,100,-90,47,94,60,18446744073709551329,0,90,493010
fd00::208:8:8:8,18,0,0,201,219,503574,48,48,60,12,332,100,-90,48,96,60,18446744073709551328,0,14,503286
fd00::208:8:8:8,18,0,1,201,220,513851,49,49,60,12,338,100,-90,49,98,60,18446744073709551353,0,31,513588
fd00::208:8:8:8,18,0,0,201,219,524128,50,50,60,12,332,100,-90,50,100,60,18446744073709551343,0,25,523855
fd00::208:8:8:8,18,0,1,201,220,534405,51,51,60,12,332,100,-90,51,102,60,18446744073709551317,0,18,534106
fd00::208:8:8:8,18,0,1,201,220,544682,52,52,60,12,350,100,-90,52,104,60,18446744073709551320,0,68,544386
fd00::208:8:8:8,18,0,0,201,219,554959,53,53,60,12,345,100,-90,53,106,60,18446744073709551350,0,21,554693
fd00::208:8:8:8,18,0,0,201,219,565236,54,54,60,12,337,100,-90,54,108,60,18446744073709551319,0,18,564939
fd00::208:8:8:8,18,0,0,201,219,575513,55,55,60,12,332,100,-90,55,110,60,18446744073709551333,0,30,575230
fd00::208:8:8:8,18,0,1,201,220,585790,56,56,60,12,341,100,-90,56,112,60,18446744073709551334,0,70,585508
fd00::208:8:8:8,18,0,0,201,219,596067,57,57,60,12,332,100,-90,57,114,60,18446744073709551350,0,53,595801
fd00::208:8:8:8,18,0,0,201,219,606344,58,58,60,12,353,100,-90,58,116,60,18446744073709551323,0,34,606051
fd00::208:8:8:8,18,0,1,201,220,616621,59,59,60,12,353,100,-90,59,118,60,18446744073709551349,0,41,616354
fd00::208:8:8:8,18,0,1,201,220,626898,60,60,60,12,349,100,-90,60,120,60,18446744073709551341,0,34,626623
fd00::208:8:8:8,18,0,1,201,220,637175,61,61,60,12,337,100,-90,61,122,60,18446744073709551328,0,35,636887
fd00::208:8:8:8,18,0,0,201,219,647452,62,62,60,12,332,100,-90,62,124,60,18446744073709551327,0,29,647163
fd00::208:8:8:8,18,0,0,201,219,657729,63,63,60,12,347,100,-90,63,126,60,18446744073709551327,0,33,657440
fd00::208:8:8:8,18,0,0,201,219,668006,64,64,60,12,356,100,-90,64,128,60,18446744073709551342,0,31,667732
fd00::208:8:8:8,18,0,0,201,219,678283,65,65,60,12,354,100,-90,65,130,60,18446744073709551320,0,75,677987
fd00::208:8:8:8,18,0,0,201,219,688560,66,66,60,12,337,100,-90,66,132,60,18446744073709551321,0,96,688265
fd00::208:8:8:8,18,0,0,201,219,698837,67,67,60,12,338,100,-90,67,134,60,18446744073709551337,0,20,698558
fd00::208:8:8:8,18,0,1,201,220,709114,68,68,60,12,386,100,-90,68,136,60,18446744073709551339,0,87,708837
fd00::208:8:8:8,18,0,1,201,220,719391,69,69,60,12,343,100,-90,69,138,60,18446744073709551330,0,35,719105
fd00::208:8:8:8,18,0,1,200,219,729668,70,70,60,12,332,100,-90,70,140,60,18446744073709551345,0,26,729397
fd00::208:8:8:8,18,0,1,200,219,739945,71,71,60,12,353,100,-90,71,142,60,18446744073709551351,0,39,739680
fd00::208:8:8:8,18,0,1,201,220,750222,72,72,60,12,333,100,-90,72,144,60,18446744073709551314,0,28,749920
fd00::208:8:8:8,18,0,1,200,219,760499,73,74,60,12,340,100,-90,74,147,60,18446744073709551436,0,38,760319
fd00::208:8:8:8,18,0,1,200,219,770776,74,75,60,12,349,100,-90,75,149,60,18446744073709551322,0,34,770482
fd00::208:8:8:8,18,0,1,200,219,781053,75,76,60,12,337,100,-90,76,151,60,18446744073709551319,0,18,780756
fd00::208:8:8:8,18,0,0,201,219,791330,76,77,60,12,338,100,-90,77,153,60,18446744073709551351,0,33,791065
fd00::208:8:8:8,18,0,0,201,219,801607,77,78,60,12,332,100,-90,78,155,60,18446744073709551314,0,14,801305
fd00::208:8:8:8,18,0,0,201,219,811884,78,79,60,12,391,100,-90,79,157,60,18446744073709551319,0,52,811587
fd00::208:8:8:8,18,0,1,201,220,822161,79,80,60,12,338,100,-90,80,159,60,18446744073709551329,0,95,821874
fd00::208:8:8:8,18,0,1,201,220,832438,80,81,60,12,337,100,-90,81,161,60,18446744073709551340,0,92,832162
fd00::208:8:8:8,18,0,1,201,220,842715,81,82,60,12,332,100,-90,82,163,60,18446744073709551330,0,15,842429
fd00::208:8:8:8,18,0,1,201,220,852992,82,83,60,12,332,100,-90,83,165,60,18446744073709551320,0,60,852696
fd00::208:8:8:8,18,0,1,200,219,863269,83,84,60,12,352,100,-90,84,167,60,18446744073709551315,0,29,862968
fd00::208:8:8:8,18,0,1,201,220,873546,84,85,60,12,332,100,-90,85,169,60,18446744073709551333,0,27,873263
fd00::208:8:8:8,18,0,0,201,219,883823,85,86,60,12,380,100,-90,86,171,60,18446744073709551325,0,47,883532
fd00::208:8:8:8,18,0,1,201,220,894100,86,87,60,12,347,100,-90,87,173,60,18446744073709551353,0,23,893837
fd00::208:8:8:8,18,0,0,201,219,904377,87,88,60,12,337,100,-90,88,175,60,18446744073709551315,0,20,904076
fd00::208:8:8:8,18,0,1,201,220,914654,88,89,60,12,338,100,-90,89,177,60,18446744073709551330,0,61,914368
fd00::208:8:8:8,18,0,0,201,219,924931,89,90,60,12,332,100,-90,90,179,60,18446744073709551329,0,19,924644
fd00::208:8:8:8,18,0,1,201,220,935208,90,91,60,12,332,100,-90,91,181,60,18446744073709551350,0,33,934942
fd00::208:8:8:8,18,0,1,201,220,945485,91,92,60,12,332,100,-90,92,183,60,18446744073709551344,0,29,945213
fd00::208:8:8:8,18,0,0,201,219,955762,92,93,60,12,344,100,-90,93,185,60,18446744073709551349,0,33,955495
fd00::208:8:8:8,18,0,1,201,220,966039,93,94,60,12,332,100,-90,94,187,60,18446744073709551343,0,33,965766
fd00::208:8:8:8,18,0,1,201,220,976316,94,95,60,12,337,100,-90,95,189,60,18446744073709551331,0,22,976031
fd00::208:8:8:8,18,0,0,201,219,986593,95,96,60,12,337,100,-90,96,191,60,18446744073709551328,0,38,986305
fd00::208:8:8:8,18,0,1,201,220,996870,96,97,60,12,337,100,-90,97,193,60,18446744073709551342,0,72,996596
fd00::208:8:8:8,18,0,1,201,220,1007147,97,98,60,12,354,100,-90,98,195,60,18446744073709551348,0,60,1006879
fd00::208:8:8:8,18,0,1,201,220,1017424,98,99,60,12,332,100,-90,99,197,60,18446744073709551318,0,119,1017126
fd00::208:8:8:8,18,0,0,201,219,1027701,99,100,60,12,352,100,-90,100,199,60,18446744073709551334,0,34,1027419
fd00::208:8:8:8,18,0,1,201,220,1037978,100,101,60,12,332,100,-90,101,201,60,18446744073709551318,0,15,1037680
fd00::208:8:8:8,18,0,0,201,219,1048255,101,102,60,12,338,100,-90,102,203,60,18446744073709551353,0,24,1047992
fd00::208:8:8:8,18,0,0,201,219,1058532,102,103,60,12,337,100,-90,103,205,60,18446744073709551348,0,29,1058264
fd00::208:8:8:8,18,0,1,201,220,1068809,103,104,60,12,332,100,-90,104,207,60,18446744073709551341,0,122,1068534
fd00::208:8:8:8,18,0,0,201,219,1079086,104,105,60,12,339,100,-90,105,209,60,18446744073709551334,0,27,1078804
fd00::208:8:8:8,18,0,0,201,219,1089363,105,106,60,12,332,100,-90,106,211,60,18446744073709551332,0,29,1089079
fd00::208:8:8:8,18,0,0,201,219,1099640,106,107,60,12,343,100,-90,107,213,60,18446744073709551336,0,34,1099360
fd00::208:8:8:8,18,0,1,201,220,1109917,107,108,60,12,348,100,-90,108,215,60,18446744073709551351,0,51,1109652
fd00::208:8:8:8,18,0,0,201,219,1120194,108,109,60,12,340,100,-90,109,217,60,18446744073709551327,0,24,1119905
fd00::208:8:8:8,18,0,1,201,220,1130476,109,111,60,12,332,100,-90,111,220,60,18446744073709551328,0,20,1130188
fd00::208:8:8:8,18,0,0,201,219,1140748,110,112,60,12,337,100,-90,112,222,60,18446744073709551326,0,26,1140458
fd00::208:8:8:8,18,0,0,201,219,1151025,111,113,60,12,344,100,-90,113,224,60,18446744073709551324,0,53,1150733
fd00::208:8:8:8,18,0,0,201,219,1161302,112,114,60,12,337,100,-90,114,226,60,18446744073709551348,0,36,1161034
fd00::208:8:8:8,18,0,0,201,219,1171579,113,115,60,12,337,100,-90,115,228,60,18446744073709551338,0,17,1171301
fd00::208:8:8:8,18,0,0,201,219,1181856,114,116,60,12,334,100,-90,116,230,60,18446744073709551349,0,34,1181589
fd00::208:8:8:8,18,0,0,201,219,1192133,115,117,60,12,338,100,-90,117,232,60,18446744073709551323,0,90,1191840
fd00::208:8:8:8,18,0,0,201,219,1202410,116,118,60,12,339,100,-90,118,234,60,18446744073709551338,0,22,1202132
fd00::208:8:8:8,18,0,1,201,220,1212687,117,119,60,12,332,100,-90,119,236,60,18446744073709551325,0,21,1212396
fd00::208:8:8:8,18,0,0,201,219,1222964,118,120,60,12,337,100,-90,120,238,60,18446744073709551314,0,54,1222662
fd00::208:8:8:8,18,0,0,201,219,1233241,119,121,60,12,349,100,-90,121,240,60,18446744073709551354,0,41,1232979
fd00::208:8:8:8,18,0,0,201,219,1243518,120,122,60,12,332,100,-90,122,242,60,18446744073709551314,0,59,1243216
fd00::208:8:8:8,18,0,0,201,219,1253795,121,123,60,12,337,100,-90,123,244,60,18446744073709551325,0,38,1253504
fd00::208:8:8:8,18,0,1,201,220,1264072,122,124,60,12,332,100,-90,124,246,60,18446744073709551340,0,43,1263796
fd00::208:8:8:8,18,0,0,201,219,1274349,123,125,60,12,332,100,-90,125,248,60,18446744073709551344,0,31,1274077
fd00::208:8:8:8,18,0,0,201,219,1284626,124,126,60,12,338,100,-90,126,250,60,18446744073709551353,0,51,1284363
fd00::208:8:8:8,18,0,0,201,219,1294903,125,127,60,12,337,100,-90,127,252,60,18446744073709551341,0,54,1294628
fd00::208:8:8:8,18,0,0,201,219,1305180,126,128,60,12,353,100,-90,128,254,60,18446744073709551330,0,40,1304894
fd00::208:8:8:8,18,0,0,201,219,1315457,127,129,60,12,332,100,-90,129,256,60,18446744073709551332,0,28,1315173
fd00::208:8:8:8,18,0,0,201,219,1325734,128,130,60,12,332,100,-90,130,258,60,18446744073709551336,0,62,1325454
fd00::208:8:8:8,18,0,0,201,219,1336011,129,131,60,12,337,100,-90,131,260,60,18446744073709551329,0,33,1335724
fd00::208:8:8:8,18,0,0,201,219,1346288,130,132,60,12,343,100,-90,132,262,60,18446744073709551314,0,31,1345986
fd00::208:8:8:8,18,0,1,201,220,1356565,131,133,60,12,353,100,-90,133,264,60,18446744073709551344,0,102,1356293
fd00::208:8:8:8,18,0,0,201,219,1366842,132,134,60,12,332,100,-90,134,266,60,18446744073709551327,0,34,1366553
fd00::208:8:8:8,18,0,1,201,220,1377119,133,135,60,12,350,100,-90,135,268,60,18446744073709551323,0,33,1376826
fd00::208:8:8:8,18,0,1,201,220,1387402,134,136,60,12,347,100,-90,136,270,60,18446744073709551315,0,31,1387101
fd00::208:8:8:8,18,0,1,200,219,1397673,135,137,60,12,339,100,-90,137,272,60,18446744073709551328,0,18,1397385
fd00::208:8:8:8,18,0,1,201,220,1407950,136,138,60,12,348,100,-90,138,274,60,18446744073709551346,0,36,1407680
fd00::208:8:8:8,18,0,1,201,220,1418227,137,139,60,12,349,100,-90,139,276,60,18446744073709551325,0,23,1417936
fd00::208:8:8:8,18,0,0,201,219,1428504,138,140,60,12,345,100,-90,140,278,60,18446744073709551353,0,21,1428241
fd00::208:8:8:8,18,0,1,201,220,1438781,139,141,60,12,332,100,-90,141,280,60,18446744073709551345,0,71,1438510
fd00::208:8:8:8,18,0,0,201,219,1449058,140,142,60,12,343,100,-90,142,282,60,18446744073709551316,0,28,1448758
fd00::208:8:8:8,18,0,1,200,219,1459335,141,143,60,12,331,100,-90,143,284,60,18446744073709551316,0,19,1459035
fd00::208:8:8:8,18,0,1,201,220,1469612,142,144,60,12,332,100,-90,144,286,60,18446744073709551330,0,72,1469326
fd00::208:8:8:8,18,0,1,201,220,1479889,143,145,60,12,332,100,-90,145,288,60,18446744073709551342,0,23,1479615
fd00::208:8:8:8,18,0,1,201,220,1490166,144,146,60,12,337,100,-90,146,290,60,18446744073709551326,0,20,1489876
fd00::208:8:8:8,18,0,1,200,219,1500443,145,148,60,12,332,100,-90,148,293,60,18446744073709551362,0,33,1500189
fd00::208:8:8:8,18,0,1,200,219,1510720,146,149,60,12,338,100,-90,149,295,60,18446744073709551327,0,33,1510431
fd00::208:8:8:8,18,0,1,200,219,1520997,147,150,60,12,332,100,-90,150,297,60,18446744073709551334,0,25,1520715
fd00::208:8:8:8,18,0,1,200,219,1531274,148,151,60,12,332,100,-90,151,299,60,18446744073709551335,0,18,1530993
fd00::208:8:8:8,18,0,0,201,219,1541551,149,152,60,12,337,100,-90,152,301,60,18446744073709551348,0,97,1541283
fd00::208:8:8:8,18,0,1,201,220,1551828,150,153,60,12,351,100,-90,153,303,60,18446744073709551347,0,62,1551559
fd00::208:8:8:8,18,0,1,201,220,1562105,151,154,60,12,340,100,-90,154,305,60,18446744073709551332,0,37,1561821
fd00::208:8:8:8,18,0,1,201,220,1572382,152,155,60,12,332,100,-90,155,307,60,18446744073709551341,0,15,1572107
fd00::208:8:8:8,18,0,1,200,219,1582659,153,156,60,12,337,100,-90,156,309,60,18446744073709551344,0,141,1582387
fd00::208:8:8:8,18,0,1,201,220,1592936,154,157,60,12,343,100,-90,157,311,60,18446744073709551340,0,174,1592660
fd00::208:8:8:8,18,0,1,201,220,1603213,155,158,60,12,332,100,-90,158,313,60,18446744073709551344,0,15,1602941
fd00::208:8:8:8,18,0,1,200,219,1613490,156,159,60,12,409,100,-90,159,315,60,18446744073709551321,0,84,1613195
fd00::208:8:8:8,18,0,1,201,220,1623767,157,160,60,12,338,100,-90,160,317,60,18446744073709551354,0,55,1623505
fd00::208:8:8:8,18,0,1,201,220,1634044,158,161,60,12,353,100,-90,161,319,60,18446744073709551321,0,33,1633749
fd00::208:8:8:8,18,0,1,201,220,1644321,159,162,60,12,332,100,-90,162,321,60,18446744073709551332,0,27,1644037
fd00::208:8:8:8,18,0,0,201,219,1654598,160,163,60,12,332,100,-90,163,323,60,18446744073709551326,0,29,1654308
fd00::208:8:8:8,18,0,1,201,220,1664875,161,164,60,12,353,100,-90,164,325,60,18446744073709551337,0,30,1664596
fd00::208:8:8:8,18,0,1,201,220,1675152,162,165,60,12,351,100,-90,165,327,60,18446744073709551318,0,37,1674854
fd00::208:8:8:8,18,0,1,201,220,1685429,163,166,60,12,332,100,-90,166,329,60,18446744073709551331,0,26,1685144
fd00::208:8:8:8,18,0,1,201,220,1695706,164,167,60,12,351,100,-90,167,331,60,18446744073709551324,0,142,1695414
fd00::208:8:8:8,18,0,1,201,220,1705983,165,168,60,12,337,100,-90,168,333,60,18446744073709551343,0,35,1705710
fd00::208:8:8:8,18,0,1,201,220,1716260,166,169,60,12,345,100,-90,169,335,60,18446744073709551332,0,67,1715976
fd00::208:8:8:8,18,0,1,201,220,1726537,167,170,60,12,350,100,-90,170,337,60,18446744073709551316,0,29,1726237
fd00::208:8:8:8,18,0,1,200,219,1736814,168,171,60,12,337,100,-90,171,339,60,18446744073709551341,0,36,1736539
fd00::208:8:8:8,18,0,0,201,219,1747091,169,172,60,12,347,100,-90,172,341,60,18446744073709551344,0,37,1746819
fd00::208:8:8:8,18,0,1,201,220,1757368,170,173,60,12,337,100,-90,173,343,60,18446744073709551331,0,48,1757083
fd00::208:8:8:8,18,0,1,200,219,1767645,171,174,60,12,348,100,-90,174,345,60,18446744073709551321,0,35,1767350
fd00::208:8:8:8,18,0,1,201,220,1777922,172,175,60,12,388,100,-90,175,347,60,18446744073709551334,0,54,1777640
fd00::208:8:8:8,18,0,1,201,220,1788199,173,176,60,12,332,100,-90,176,349,60,18446744073709551329,0,54,1787912
fd00::208:8:8:8,18,0,1,201,220,1798476,174,177,60,12,342,100,-90,177,351,60,18446744073709551334,0,19,1798194
fd00::208:8:8:8,18,0,1,201,220,1808753,175,178,60,12,341,100,-90,178,353,60,18446744073709551350,0,34,1808487
fd00::208:8:8:8,18,0,1,201,220,1819030,176,179,60,12,346,100,-90,179,355,60,18446744073709551319,0,29,1818733
fd00::208:8:8:8,18,0,1,201,220,1829307,177,180,60,12,354,100,-90,180,357,60,18446744073709551327,0,167,1829018
fd00::208:8:8:8,18,0,1,201,220,1839584,178,181,60,12,337,100,-90,181,359,60,18446744073709551352,0,80,1839320
fd00::208:8:8:8,18,0,1,201,220,1849861,179,182,60,12,338,100,-90,182,361,60,18446744073709551318,0,34,1849563
fd00::208:8:8:8,18,0,1,201,220,1860138,180,183,60,12,337,100,-90,183,363,60,18446744073709551350,0,20,1859872
fd00::208:8:8:8,18,0,0,201,219,1870415,181,184,60,12,332,100,-90,185,365,60,18446744073709551338,0,38,1870137
fd00::208:8:8:8,18,0,1,200,219,1880697,182,186,60,12,332,100,-90,186,368,60,18446744073709551320,0,124,1880401
fd00::208:8:8:8,18,0,0,201,219,1890969,183,187,60,12,334,100,-90,187,370,60,18446744073709551324,0,19,1890677
fd00::208:8:8:8,18,0,0,201,219,1901246,184,188,60,12,337,100,-90,188,372,60,18446744073709551314,0,24,1900944
fd00::208:8:8:8,18,0,0,201,219,1911523,185,189,60,12,342,100,-90,189,374,60,18446744073709551357,0,71,1911264
fd00::208:8:8:8,18,0,1,201,220,1921800,186,190,60,12,351,100,-90,190,376,60,18446744073709551320,0,43,1921504
fd00::208:8:8:8,18,0,1,201,220,1932077,187,191,60,12,336,100,-90,191,378,60,18446744073709551353,0,50,1931814
fd00::208:8:8:8,18,0,0,201,219,1942354,188,192,60,12,348,100,-90,192,380,60,18446744073709551349,0,40,1942087
fd00::208:8:8:8,18,0,0,201,219,1952631,189,193,60,12,332,100,-90,193,382,60,18446744073709551354,0,36,1952369
fd00::208:8:8:8,18,0,0,201,219,1962908,190,194,60,12,331,100,-90,194,384,60,18446744073709551344,0,33,1962636
fd00::208:8:8:8,18,0,0,201,219,1973185,191,195,60,12,339,100,-90,195,386,60,18446744073709551341,0,43,1972910
fd00::208:8:8:8,18,0,0,201,219,1983462,192,196,60,12,351,100,-90,196,388,60,18446744073709551315,0,34,1983161
fd00::208:8:8:8,18,0,1,201,220,1993739,193,197,60,12,344,100,-90,197,390,60,18446744073709551329,0,21,1993452
fd00::208:8:8:8,18,0,1,200,219,2004016,194,198,60,12,344,100,-90,198,392,60,18446744073709551320,0,49,2003720
fd00::208:8:8:8,18,0,1,200,219,2014293,195,199,60,12,341,100,-90,199,394,60,18446744073709551327,0,35,2014004
fd00::208:8:8:8,18,0,1,200,219,2024570,196,200,60,12,337,100,-90,200,396,60,18446744073709551346,0,46,2024300
fd00::208:8:8:8,18,0,1,200,219,2034847,197,201,60,12,338,100,-90,201,398,60,18446744073709551321,0,36,2034552
fd00::208:8:8:8,18,0,1,201,220,2045124,198,202,60,12,348,100,-90,202,400,60,18446744073709551335,0,33,2044843
fd00::208:8:8:8,18,0,1,201,220,2055401,199,203,60,12,350,100,-90,203,402,60,18446744073709551348,0,52,2055133
fd00::208:8:8:8,18,0,1,201,220,2065678,200,204,60,12,337,100,-90,204,404,60,18446744073709551351,0,23,2065413
fd00::208:8:8:8,18,0,1,201,220,2075955,201,205,60,12,332,100,-90,205,406,60,18446744073709551333,0,19,2075672
fd00::208:8:8:8,18,0,1,201,220,2086232,202,206,60,12,332,100,-90,206,408,60,18446744073709551331,0,45,2085947
fd00::208:8:8:8,18,0,0,201,219,2096509,203,207,60,12,343,100,-90,207,410,60,18446744073709551314,0,34,2096207
fd00::208:8:8:8,18,0,1,201,220,2106786,204,208,60,12,337,100,-90,208,412,60,18446744073709551314,0,35,2106484
fd00::208:8:8:8,18,0,0,201,219,2117063,205,209,60,12,332,100,-90,209,414,60,18446744073709551351,0,32,2116798
fd00::208:8:8:8,18,0,1,201,220,2127340,206,210,60,12,347,100,-90,210,416,60,18446744073709551343,0,35,2127067
fd00::208:8:8:8,18,0,1,201,220,2137617,207,211,60,12,342,100,-90,211,418,60,18446744073709551339,0,19,2137340
fd00::208:8:8:8,18,0,1,201,220,2147894,208,212,60,12,333,100,-90,212,420,60,18446744073709551325,0,71,2147603
fd00::208:8:8:8,18,0,0,201,219,2158171,209,213,60,12,337,100,-90,213,422,60,18446744073709551351,0,23,2157906
fd00::208:8:8:8,18,0,1,201,220,2168448,210,214,60,12,351,100,-90,214,424,60,18446744073709551348,0,36,2168180
fd00::208:8:8:8,18,0,1,201,220,2178725,211,215,60,12,344,100,-90,215,426,60,18446744073709551343,0,64,2178452
fd00::208:8:8:8,18,0,0,201,219,2189002,212,216,60,12,338,100,-90,216,428,60,18446744073709551335,0,26,2188721
fd00::208:8:8:8,18,0,1,201,220,2199279,213,217,60,12,337,100,-90,217,430,60,18446744073709551340,0,23,2199003
fd00::208:8:8:8,18,0,1,201,220,2209556,214,218,60,12,336,100,-90,218,432,60,18446744073709551349,0,64,2209289
fd00::208:8:8:8,18,0,1,201,220,2219833,215,219,60,12,332,100,-90,219,434,60,18446744073709551330,0,27,2219547
fd00::208:8:8:8,18,0,1,201,220,2230110,216,220,60,12,350,100,-90,220,436,60,18446744073709551320,0,67,2229814
fd00::208:8:8:8,18,0,1,201,220,2240387,217,222,60,12,337,100,-90,222,439,60,18446744073709551314,0,34,2240085
fd00::208:8:8:8,18,0,1,200,219,2250664,218,223,60,12,332,100,-90,223,441,60,18446744073709551329,0,48,2250377
fd00::208:8:8:8,18,0,1,200,219,2260941,219,224,60,12,349,100,-90,224,443,60,18446744073709551332,0,40,2260657
fd00::208:8:8:8,18,0,1,200,219,2271218,220,225,60,12,348,100,-90,225,445,60,18446744073709551333,0,37,2270935
fd00::208:8:8:8,18,0,1,200,219,2281495,221,226,60,12,337,100,-90,226,447,60,18446744073709551349,0,20,2281228
fd00::208:8:8:8,18,0,1,201,220,2291772,222,227,60,12,350,100,-90,227,449,60,18446744073709551344,0,50,2291500
fd00::208:8:8:8,18,0,0,201,219,2302049,223,228,60,12,332,100,-90,228,451,60,18446744073709551314,0,16,2301747
fd00::208:8:8:8,18,0,1,201,220,2312326,224,229,60,12,332,100,-90,229,453,60,18446744073709551331,0,22,2312041
fd00::208:8:8:8,18,0,0,201,219,2322603,225,230,60,12,342,100,-90,230,455,60,18446744073709551350,0,26,2322337
fd00::208:8:8:8,18,0,0,201,219,2332880,226,231,60,12,357,100,-90,231,457,60,18446744073709551325,0,58,2332589
fd00::208:8:8:8,18,0,0,201,219,2343157,227,232,60,12,346,100,-90,232,459,60,18446744073709551343,0,40,2342884
fd00::208:8:8:8,18,0,0,201,219,2353434,228,233,60,12,332,100,-90,233,461,60,18446744073709551318,0,21,2353136
fd00::208:8:8:8,18,0,1,201,220,2363711,229,234,60,12,338,100,-90,234,463,60,18446744073709551319,0,24,2363414
fd00::208:8:8:8,18,0,0,201,219,2373988,230,235,60,12,332,100,-90,235,465,60,18446744073709551323,0,27,2373695
fd00::208:8:8:8,18,0,0,201,219,2384265,231,236,60,12,343,100,-90,236,467,60,18446744073709551330,0,26,2383979
fd00::208:8:8:8,18,0,0,201,219,2394542,232,237,60,12,347,100,-90,237,469,60,18446744073709551323,0,41,2394249
fd00::208:8:8:8,18,0,0,201,219,2404819,233,238,60,12,337,100,-90,238,471,60,18446744073709551348,0,29,2404551
fd00::208:8:8:8,18,0,0,201,219,2415096,234,239,60,12,339,100,-90,239,473,60,18446744073709551347,0,22,2414827
fd00::208:8:8:8,18,0,1,201,220,2425373,235,240,60,12,332,100,-90,240,475,60,18446744073709551352,0,69,2425109
fd00::208:8:8:8,18,0,0,201,219,2435650,236,241,60,12,348,100,-90,241,477,60,18446744073709551354,0,23,2435388
fd00::208:8:8:8,18,0,0,201,219,2445927,237,242,60,12,345,100,-90,242,479,60,18446744073709551340,0,35,2445651
fd00::208:8:8:8,18,0,0,201,219,2456204,238,243,60,12,332,100,-90,243,481,60,18446744073709551336,0,14,2455924
fd00::208:8:8:8,18,0,1,201,220,2466481,239,244,60,12,332,100,-90,244,483,60,18446744073709551313,0,16,2466178
fd00::208:8:8:8,18,0,1,201,220,2476758,240,245,60,12,417,100,-90,245,485,60,18446744073709551329,0,73,2476471
fd00::208:8:8:8,18,0,1,201,220,2487035,241,246,60,12,338,100,-90,246,487,60,18446744073709551318,0,36,2486737
fd00::208:8:8:8,18,0,0,201,219,2497312,242,247,60,12,332,100,-90,247,489,60,18446744073709551336,0,20,2497032
fd00::208:8:8:8,18,0,0,201,219,2507589,243,248,60,12,353,100,-90,248,491,60,18446744073709551318,0,29,2507291
fd00::208:8:8:8,18,0,0,201,219,2517866,244,249,60,12,338,100,-90,249,493,60,18446744073709551353,0,54,2517603
fd00::208:8:8:8,18,0,0,201,219,2528143,245,250,60,12,337,100,-90,250,495,60,18446744073709551329,0,34,2527856
fd00::208:8:8:8,18,0,1,201,220,2538420,246,251,60,12,346,100,-90,251,497,60,18446744073709551316,0,27,2538120
fd00::208:8:8:8,18,0,0,201,219,2548697,247,252,60,12,332,100,-90,252,499,60,18446744073709551321,0,54,2548402
fd00::208:8:8:8,18,0,1,201,220,2558974,248,253,60,12,337,100,-90,253,501,60,18446744073709551348,0,28,2558706
fd00::208:8:8:8,18,0,0,201,219,2569251,249,254,60,12,332,100,-90,254,503,60,18446744073709551315,0,18,2568950
fd00::208:8:8:8,18,0,1,200,219,2579528,250,255,60,12,342,100,-90,255,505,60,18446744073709551320,0,31,2579232
fd00::208:8:8:8,18,0,1,201,220,2589805,251,256,60,12,333,100,-90,256,507,60,18446744073709551326,0,32,2589515
fd00::208:8:8:8,18,0,0,201,219,2600082,252,257,60,12,417,100,-90,257,509,60,18446744073709551315,0,68,2599781
fd00::208:8:8:8,18,0,1,201,220,2610359,253,259,60,12,337,100,-90,259,512,60,18446744073709551355,0,34,2610098
fd00::208:8:8:8,18,0,1,201,220,2620641,254,260,60,12,332,100,-90,260,514,60,18446744073709551331,0,31,2620356
fd00::208:8:8:8,18,0,0,201,219,2630913,255,261,60,12,338,100,-90,261,516,60,18446744073709551344,0,116,2630641
fd00::208:8:8:8,18,0,0,201,219,2641190,256,262,60,12,337,100,-90,262,518,60,18446744073709551320,0,67,2640894
fd00::208:8:8:8,18,0,1,201,220,2651467,257,263,60,12,337,100,-90,263,520,60,18446744073709551350,0,23,2651201
fd00::208:8:8:8,18,0,0,201,219,2661744,258,264,60,12,351,100,-90,264,522,60,18446744073709551318,0,27,2661446
fd00::208:8:8:8,18,0,0,201,219,2672024,259,265,60,12,333,100,-90,265,524,60,18446744073709551338,0,26,2671746
fd00::208:8:8:8,18,0,0,201,219,2682298,260,266,60,12,332,100,-90,266,526,60,18446744073709551315,0,109,2681997
fd00::208:8:8:8,18,0,0,201,219,2692575,261,267,60,12,349,100,-90,267,528,60,18446744073709551343,0,34,2692302
fd00::208:8:8:8,18,0,0,201,219,2702852,262,268,60,12,332,100,-90,268,530,60,18446744073709551353,0,26,2702589
fd00::208:8:8:8,18,0,0,201,219,2713129,263,269,60,12,351,100,-90,269,532,60,18446744073709551335,0,41,2712848
fd00::208:8:8:8,18,0,0,201,219,2723406,264,270,60,12,337,100,-90,270,534,60,18446744073709551345,0,34,2723135
fd00::208:8:8:8,18,0,0,201,219,2733683,265,271,60,12,332,100,-90,271,536,60,18446744073709551332,0,110,2733399
fd00::208:8:8:8,18,0,0,201,219,2743960,266,272,60,12,438,100,-90,272,538,60,18446744073709551337,0,74,2743681
fd00::208:8:8:8,18,0,1,200,219,2754237,267,273,60,12,380,100,-90,273,540,60,18446744073709551335,0,42,2753956
fd00::208:8:8:8,18,0,1,200,219,2764514,268,274,60,12,343,100,-90,274,542,60,18446744073709551318,0,23,2764216
fd00::208:8:8:8,18,0,1,201,220,2774791,269,275,60,12,337,100,-90,275,544,60,18446744073709551325,0,54,2774500
fd00::208:8:8:8,18,0,1,201,220,2785068,270,276,60,12,332,100,-90,276,546,60,18446744073709551319,0,21,2784771
fd00::208:8:8:8,18,0,1,201,220,2795345,271,277,60,12,337,100,-90,277,548,60,18446744073709551351,0,38,2795080
fd00::208:8:8:8,18,0,1,201,220,2805622,272,278,60,12,350,100,-90,278,550,60,18446744073709551333,0,75,2805339
fd00::208:8:8:8,18,0,0,201,219,2815899,273,279,60,12,348,100,-90,279,552,60,18446744073709551347,0,27,2815630
fd00::208:8:8:8,18,0,1,201,220,2826176,274,280,60,12,338,100,-90,280,554,60,18446744073709551316,0,48,2825876
fd00::208:8:8:8,18,0,0,201,219,2836453,275,281,60,12,337,100,-90,281,556,60,18446744073709551352,0,181,2836189
fd00::208:8:8:8,18,0,1,201,220,2846730,276,282,60,12,337,100,-90,282,558,60,18446744073709551340,0,44,2846454
fd00::208:8:8:8,18,0,0,201,219,2857007,277,283,60,12,337,100,-90,283,560,60,18446744073709551331,0,18,2856722
fd00::208:8:8:8,18,0,1,201,220,2867284,278,284,60,12,334,100,-90,284,562,60,18446744073709551353,0,21,2867021
fd00::208:8:8:8,18,0,1,201,220,2877561,279,285,60,12,353,100,-90,285,564,60,18446744073709551325,0,37,2877270
fd00::208:8:8:8,18,0,0,201,219,2887838,280,286,60,12,353,100,-90,286,566,60,18446744073709551351,0,29,2887573
fd00::208:8:8:8,18,0,0,201,219,2898115,281,287,60,12,335,100,-90,287,568,60,18446744073709551326,0,21,2897825
fd00::208:8:8:8,18,0,0,201,219,2908392,282,288,60,12,333,100,-90,288,570,60,18446744073709551321,0,17,2908097
fd00::208:8:8:8,18,0,1,201,220,2918669,283,289,60,12,341,100,-90,289,572,60,18446744073709551347,0,145,2918400
fd00::208:8:8:8,18,0,0,201,219,2928946,284,290,60,12,332,100,-90,290,574,60,18446744073709551340,0,14,2928670
fd00::208:8:8:8,18,0,1,201,220,2939223,285,291,60,12,337,100,-90,291,576,60,18446744073709551345,0,62,2938952
fd00::208:8:8:8,18,0,0,201,219,2949500,286,292,60,12,337,100,-90,292,578,60,18446744073709551363,0,24,2949247
fd00::208:8:8:8,18,0,0,201,219,2959777,287,293,60,12,332,100,-90,293,580,60,18446744073709551347,0,22,2959508
fd00::208:8:8:8,18,0,1,201,220,2970054,288,294,60,12,337,100,-90,294,582,60,18446744073709551336,0,31,2969774
fd00::208:8:8:8,18,0,1,201,220,2980331,289,295,60,12,344,100,-90,296,584,60,18446744073709551356,0,31,2980071
fd00::208:8:8:8,18,0,1,200,219,2990608,290,297,60,12,344,100,-90,297,587,60,18446744073709551397,0,53,2990389
fd00::208:8:8:8,18,0,1,200,219,3000885,291,298,60,12,347,100,-90,298,589,60,18446744073709551344,0,125,3000613
fd00::208:8:8:8,18,0,1,201,220,3011162,292,299,60,12,332,100,-90,299,591,60,18446744073709551319,0,52,3010865
fd00::208:8:8:8,18,0,0,201,219,3021439,293,300,60,12,348,100,-90,300,593,60,18446744073709551337,0,25,3021160
fd00::208:8:8:8,18,0,0,201,219,3031716,294,301,60,12,354,100,-90,301,595,60,18446744073709551341,0,77,3031441
fd00::208:8:8:8,18,0,0,201,219,3041993,295,302,60,12,352,100,-90,302,597,60,18446744073709551340,0,38,3041717
fd00::208:8:8:8,18,0,1,201,220,3052270,296,303,60,12,332,100,-90,303,599,60,18446744073709551338,0,30,3051992
fd00::208:8:8:8,18,0,1,201,220,3062547,297,304,60,12,349,100,-90,304,601,60,18446744073709551351,0,29,3062282
fd00::208:8:8:8,18,0,0,201,219,3072824,298,305,60,12,338,100,-90,305,603,60,18446744073709551353,0,112,3072561
fd00::208:8:8:8,18,0,1,201,220,3083101,299,306,60,12,340,100,-90,306,605,60,18446744073709551314,0,20,3082799
fd00::208:8:8:8,18,0,1,200,219,3093378,300,307,60,12,350,100,-90,307,607,60,18446744073709551314,0,33,3093076
fd00::208:8:8:8,18,0,1,201,220,3103655,301,308,60,12,346,100,-90,308,609,60,18446744073709551338,0,35,3103377
fd00::208:8:8:8,18,0,1,200,219,3113932,302,309,60,12,337,100,-90,309,611,60,18446744073709551331,0,42,3113647
fd00::208:8:8:8,18,0,1,200,219,3124209,303,310,60,12,349,100,-90,310,613,60,18446744073709551383,0,58,3123976
fd00::208:8:8:8,18,0,0,201,219,3134486,304,311,60,12,352,100,-90,311,615,60,18446744073709551317,0,26,3134187
fd00::208:8:8:8,18,0,0,201,219,3144763,305,312,60,12,351,100,-90,312,617,60,18446744073709551329,0,40,3144476
fd00::208:8:8:8,18,0,0,201,219,3155040,306,313,60,12,353,100,-90,313,619,60,18446744073709551346,0,41,3154770
fd00::208:8:8:8,18,0,0,201,219,3165317,307,314,60,12,347,100,-90,314,621,60,18446744073709551335,0,53,3165036
fd00::208:8:8:8,18,0,1,201,220,3175594,308,315,60,12,351,100,-90,315,623,60,18446744073709551315,0,61,3175293
fd00::208:8:8:8,18,0,0,201,219,3185871,309,316,60,12,337,100,-90,316,625,60,18446744073709551333,0,20,3185588
fd00::208:8:8:8,18,0,1,201,220,3196148,310,317,60,12,337,100,-90,317,627,60,18446744073709551327,0,28,3195859
fd00::208:8:8:8,18,0,1,201,220,3206425,311,318,60,12,334,100,-90,318,629,60,18446744073709551353,0,63,3206162
fd00::208:8:8:8,18,0,1,201,220,3216702,312,319,60,12,334,100,-90,319,631,60,18446744073709551342,0,19,3216428
fd00::208:8:8:8,18,0,1,201,220,3226979,313,320,60,12,332,100,-90,320,633,60,18446744073709551339,0,29,3226702
fd00::208:8:8:8,18,0,0,201,219,3237256,314,321,60,12,357,100,-90,321,635,60,18446744073709551352,0,30,3236992
fd00::208:8:8:8,18,0,1,201,220,3247533,315,322,60,12,332,100,-90,322,637,60,18446744073709551341,0,25,3247258
fd00::208:8:8:8,18,0,0,201,219,3257810,316,323,60,12,337,100,-90,323,639,60,18446744073709551325,0,34,3257519
fd00::208:8:8:8,18,0,1,201,220,3268087,317,324,60,12,337,100,-90,324,641,60,18446744073709551318,0,24,3267789
fd00::208:8:8:8,18,0,0,201,219,3278364,318,325,60,12,341,100,-90,325,643,60,18446744073709551320,0,28,3278068
fd00::208:8:8:8,18,0,0,201,219,3288641,319,326,60,12,332,100,-90,326,645,60,18446744073709551317,0,20,3288342
fd00::208:8:8:8,18,0,0,201,219,3298918,320,327,60,12,343,100,-90,327,647,60,18446744073709551314,0,22,3298616
fd00::208:8:8:8,18,0,1,201,220,3309195,321,328,60,12,353,100,-90,328,649,60,18446744073709551317,0,84,3308896
fd00::208:8:8:8,18,0,1,201,220,3319472,322,329,60,12,380,100,-90,329,651,60,18446744073709551327,0,48,3319183
fd00::208:8:8:8,18,0,0,201,219,3329749,323,330,60,12,332,100,-90,330,653,60,18446744073709551314,0,15,3329447
fd00::208:8:8:8,18,0,1,201,220,3340026,324,331,60,12,344,100,-90,331,655,60,18446744073709551322,0,20,3339732
fd00::208:8:8:8,18,0,0,201,219,3350303,325,332,60,12,337,100,-90,333,657,60,18446744073709551497,0,17,3350184
fd00::208:8:8:8,18,0,1,200,219,3360580,326,334,60,12,354,100,-90,334,660,60,18446744073709551356,0,26,3360320
fd00::208:8:8:8,18,0,1,201,220,3370857,327,335,60,12,332,100,-90,335,662,60,18446744073709551354,0,62,3370595
fd00::208:8:8:8,18,0,1,201,220,3381134,328,336,60,12,336,100,-90,336,664,60,18446744073709551333,0,105,3380851
fd00::208:8:8:8,18,0,0,201,219,3391411,329,337,60,12,344,100,-90,337,666,60,18446744073709551352,0,44,3391147
fd00::208:8:8:8,18,0,1,201,220,3401688,330,338,60,12,353,100,-90,338,668,60,18446744073709551339,0,41,3401411
fd00::208:8:8:8,18,0,0,201,219,3411965,331,339,60,12,341,100,-90,339,670,60,18446744073709551314,0,40,3411663
fd00::208:8:8:8,18,0,0,201,219,3422242,332,340,60,12,337,100,-90,340,672,60,18446744073709551354,0,25,3421980
fd00::208:8:8:8,18,0,1,201,220,3432519,333,341,60,12,348,100,-90,341,674,60,18446744073709551317,0,39,3432220
fd00::208:8:8:8,18,0,0,201,219,3442796,334,342,60,12,339,100,-90,342,676,60,18446744073709551345,0,24,3442525
fd00::208:8:8:8,18,0,0,201,219,3453073,335,343,60,12,347,100,-90,343,678,60,18446744073709551342,0,22,3452799
fd00::208:8:8:8,18,0,1,201,220,3463350,336,344,60,12,348,100,-90,344,680,60,18446744073709551339,0,28,3463073
fd00::208:8:8:8,18,0,0,201,219,3473627,337,345,60,12,349,100,-90,345,682,60,18446744073709551351,0,56,3473362
fd00::208:8:8:8,18,0,1,201,220,3483904,338,346,60,12,333,100,-90,346,684,60,18446744073709551337,0,43,3483625
fd00::208:8:8:8,18,0,1,201,220,3494181,339,347,60,12,335,100,-90,347,686,60,18446744073709551329,0,29,3493894
fd00::208:8:8:8,18,0,1,200,219,3504458,340,348,60,12,352,100,-90,348,688,60,18446744073709551315,0,30,3504157
fd00::208:8:8:8,18,0,1,201,220,3514735,341,349,60,12,336,100,-90,349,690,60,18446744073709551324,0,19,3514443
fd00::208:8:8:8,18,0,1,201,220,3525012,342,350,60,12,345,100,-90,350,692,60,18446744073709551328,0,27,3524724
fd00::208:8:8:8,18,0,1,201,220,3535289,343,351,60,12,353,100,-90,351,694,60,18446744073709551342,0,34,3535015
fd00::208:8:8:8,18,0,1,201,220,3545566,344,352,60,12,344,100,-90,352,696,60,18446744073709551317,0,50,3545267
fd00::208:8:8:8,18,0,1,201,220,3555843,345,353,60,12,354,100,-90,353,698,60,18446744073709551316,0,63,3555543
fd00::208:8:8:8,18,0,0,201,219,3566120,346,354,60,12,350,100,-90,354,700,60,18446744073709551341,0,59,3565845
fd00::208:8:8:8,18,0,1,201,220,3576397,347,355,60,12,337,100,-90,355,702,60,18446744073709551314,0,29,3576095
fd00::208:8:8:8,18,0,1,201,220,3586674,348,356,60,12,341,100,-90,356,704,60,18446744073709551316,0,43,3586374
fd00::208:8:8:8,18,0,0,201,219,3596951,349,357,60,12,335,100,-90,357,706,60,18446744073709551340,0,31,3596675
fd00::209:9:9:9,75,0,0,827,902,42069,1,0,60,0,0,0,0,0,1,60,386,1,0,42455
fd00::209:9:9:9,18,0,0,206,224,52586,2,1,60,12,18446744073709551385,100,-91,1,3,60,381,1,141,52967
fd00::209:9:9:9,18,0,0,206,224,63103,3,2,60,12,18446744073709551357,100,-91,2,5,60,414,1,59,63517
fd00::209:9:9:9,18,0,0,206,224,73620,4,3,60,12,18446744073709551468,100,-91,3,7,60,404,1,124,74024
fd00::209:9:9:9,18,0,0,206,224,84137,5,4,60,12,18446744073709551370,100,-91,4,9,60,403,1,102,84540
fd00::209:9:9:9,18,0,1,205,224,94654,6,5,60,12,18446744073709551541,100,-91,5,11,60,378,1,196,95032
fd00::209:9:9:9,18,0,1,205,224,105171,7,6,60,12,18446744073709551451,100,-91,6,13,60,382,1,103,105553
fd00::209:9:9:9,18,0,1,205,224,115688,8,7,60,12,18446744073709551398,100,-91,7,15,60,361,1,102,116049
fd00::209:9:9:9,18,0,0,206,224,126205,9,8,60,12,18446744073709551501,100,-91,8,17,60,349,1,182,126554
fd00::209:9:9:9,18,0,0,206,224,136722,10,9,60,12,18446744073709551425,100,-91,9,19,60,396,1,189,137118
fd00::209:9:9:9,18,0,0,206,224,147239,11,10,60,12,18446744073709551420,100,-91,10,21,60,366,1,88,147605
fd00::209:9:9:9,18,0,0,206,224,157756,12,11,60,12,18446744073709551515,100,-91,11,23,60,359,1,138,158115
fd00::209:9:9:9,18,0,0,206,224,168273,13,12,60,12,18446744073709551479,100,-91,12,25,60,381,1,129,168654
fd00::209:9:9:9,18,0,0,206,224,178790,14,13,60,12,18446744073709551456,100,-91,13,27,60,394,1,124,179184
fd00::209:9:9:9,18,0,0,206,224,189307,15,14,60,12,22,100,-91,14,29,60,419,1,221,189726
fd00::209:9:9:9,18,0,1,206,225,199828,16,16,60,12,18446744073709551400,100,-43,16,32,60,438,1,95,200266
fd00::209:9:9:9,18,0,1,205,224,210341,17,17,60,12,18446744073709551424,100,-91,17,34,60,355,1,178,210696
fd00::209:9:9:9,18,0,0,206,224,220858,18,18,60,12,18446744073709551463,100,-91,18,36,60,413,1,120,221271
fd00::209:9:9:9,18,0,0,206,224,231375,19,19,60,12,18446744073709551427,100,-91,19,38,60,383,1,92,231758
fd00::209:9:9:9,18,0,0,206,224,241892,20,20,60,12,18446744073709551476,100,-91,20,40,60,415,1,116,242307
fd00::209:9:9:9,18,0,0,206,224,252409,21,21,60,12,18446744073709551425,100,-91,21,42,60,383,1,97,252792
fd00::209:9:9:9,18,0,0,206,224,262926,22,22,60,12,18446744073709551462,100,-91,22,44,60,371,1,146,263297
fd00::209:9:9:9,18,0,1,205,224,273443,23,23,60,12,18446744073709551486,100,-91,23,46,60,350,1,180,273793
fd00::209:9:9:9,18,0,0,206,224,283960,24,24,60,12,18446744073709551454,100,-91,24,48,60,380,1,106,284340
fd00::209:9:9:9,18,0,0,206,224,294477,25,25,60,12,18446744073709551433,100,-91,25,50,60,384,1,159,294861
fd00::209:9:9:9,18,0,0,206,224,304994,26,26,60,12,18446744073709551429,100,-91,26,52,60,396,1,119,305390
fd00::209:9:9:9,18,0,0,206,224,315511,27,27,60,12,18446744073709551442,100,-91,27,54,60,375,1,130,315886
fd00::209:9:9:9,18,0,0,206,224,326028,28,28,60,12,18446744073709551430,100,-91,28,56,60,363,1,88,326391
fd00::209:9:9:9,18,0,0,206,224,336545,29,29,60,12,18446744073709551467,100,-91,29,58,60,356,1,110,336901
fd00::209:9:9:9,18,0,0,206,224,347062,30,30,60,12,18446744073709551495,100,-91,30,60,60,360,1,121,347422
fd00::209:9:9:9,18,0,0,206,224,357579,31,31,60,12,18446744073709551410,100,-91,31,62,60,356,1,128,357935
fd00::209:9:9:9,18,0,1,205,224,368096,32,32,60,12,18446744073709551392,100,-91,32,64,60,402,1,79,368498
fd00::209:9:9:9,18,0,0,206,224,378613,33,33,60,12,18446744073709551397,100,-91,33,66,60,374,1,78,378987
fd00::209:9:9:9,18,0,0,206,224,389130,34,34,60,12,18446744073709551393,100,-91,34,68,60,382,1,91,389512
fd00::209:9:9:9,18,0,0,206,224,399647,35,35,60,12,18446744073709551404,100,-91,36,70,60,429,1,133,400076
fd00::209:9:9:9,18,0,1,205,224,410164,36,37,60,12,18446744073709551392,100,-91,37,73,60,405,1,117,410569
fd00::209:9:9:9,18,0,0,206,224,420681,37,38,60,12,18446744073709551456,100,-91,38,75,60,385,1,122,421066
fd00::209:9:9:9,18,0,0,206,224,431198,38,39,60,12,18446744073709551376,100,-91,39,77,60,377,1,133,431575
fd00::209:9:9:9,18,0,0,206,224,441715,39,40,60,12,18446744073709551435,100,-91,40,79,60,399,1,156,442114
fd00::209:9:9:9,18,0,0,206,224,452232,40,41,60,12,18446744073709551384,100,-91,41,81,60,377,1,91,452609
fd00::209:9:9:9,18,0,0,206,224,462749,41,42,60,12,18446744073709551375,100,-91,42,83,60,368,1,88,463117
fd00::209:9:9:9,18,0,1,205,224,473266,42,43,60,12,18446744073709551366,100,-91,43,85,60,368,1,83,473634
fd00::209:9:9:9,18,0,0,206,224,483783,43,44,60,12,18446744073709551440,100,-91,44,87,60,399,1,95,484182
fd00::209:9:9:9,18,0,0,206,224,494300,44,45,60,12,18446744073709551354,100,-91,45,89,60,376,1,156,494676
fd00::209:9:9:9,18,0,0,206,224,504817,45,46,60,12,18446744073709551384,100,-91,46,91,60,350,1,70,505167
fd00::209:9:9:9,18,0,0,206,224,515334,46,47,60,12,18446744073709551480,100,-91,47,93,60,394,1,143,515728
fd00::209:9:9:9,18,0,0,206,224,525851,47,48,60,12,18446744073709551396,100,-91,48,95,60,362,1,94,526213
fd00::209:9:9:9,18,0,0,206,224,536368,48,49,60,12,18446744073709551375,100,-91,49,97,60,388,1,81,536756
fd00::209:9:9:9,18,0,0,206,224,546885,49,50,60,12,18446744073709551383,100,-91,50,99,60,384,1,93,547269
fd00::209:9:9:9,18,0,0,206,224,557402,50,51,60,12,18446744073709551405,100,-91,51,101,60,367,1,78,557769
fd00::209:9:9:9,18,0,0,206,224,567919,51,52,60,12,18446744073709551440,100,-91,52,103,60,398,1,121,568317
fd00::209:9:9:9,18,0,0,206,224,578436,52,53,60,12,18446744073709551413,100,-91,53,105,60,351,1,172,578787
fd00::209:9:9:9,18,0,0,206,224,588953,53,54,60,12,18446744073709551482,100,-91,54,107,60,400,1,246,589353
fd00::209:9:9:9,18,0,0,206,224,599470,54,55,60,12,18446744073709551387,100,-91,55,109,60,400,1,112,599870
fd00::209:9:9:9,18,0,1,205,224,609987,55,57,60,12,18446744073709551357,100,-91,57,112,60,403,1,70,610390
fd00::209:9:9:9,18,0,0,206,224,620504,56,58,60,12,18446744073709551416,100,-91,58,114,60,382,1,72,620886
fd00::209:9:9:9,18,0,0,206,224,631021,57,59,60,12,18446744073709551422,100,-91,59,116,60,384,1,101,631405
fd00::209:9:9:9,18,0,0,206,224,641538,58,60,60,12,18446744073709551407,100,-91,60,118,60,376,1,120,641914
fd00::209:9:9:9,18,0,0,206,224,652055,59,61,60,12,18446744073709551457,100,-91,61,120,60,381,1,112,652436
fd00::209:9:9:9,18,0,0,206,224,662572,60,62,60,12,18446744073709551373,100,-91,62,122,60,364,1,55,662936
fd00::209:9:9:9,18,0,0,206,224,673089,61,63,60,12,18446744073709551370,100,-91,63,124,60,383,1,102,673472
fd00::209:9:9:9,18,0,0,206,224,683606,62,64,60,12,18446744073709551338,100,-91,64,126,60,361,1,101,683967
fd00::209:9:9:9,18,0,0,206,224,694123,63,65,60,12,18446744073709551393,100,-91,65,128,60,359,1,103,694482
fd00::209:9:9:9,18,0,0,206,224,704640,64,66,60,12,18446744073709551416,100,-91,66,130,60,364,1,105,705004
fd00::209:9:9:9,18,0,0,206,224,715157,65,67,60,12,18446744073709551423,100,-91,67,132,60,383,1,107,715540
fd00::209:9:9:9,18,0,0,206,224,725674,66,68,60,12,18446744073709551391,100,-91,68,134,60,395,1,83,726069
fd00::209:9:9:9,18,0,0,206,224,736191,67,69,60,12,18446744073709551417,100,-91,69,136,60,364,1,147,736555
fd00::209:9:9:9,18,0,0,206,224,746708,68,70,60,12,18446744073709551382,100,-91,70,138,60,427,1,120,747135
fd00::209:9:9:9,18,0,0,206,224,757225,69,71,60,12,18446744073709551366,100,-91,71,140,60,402,1,85,757627
fd00::209:9:9:9,18,0,0,206,224,767742,70,72,60,12,18446744073709551361,100,-91,72,142,60,355,1,155,768097
fd00::209:9:9:9,18,0,0,206,224,778259,71,73,60,12,18446744073709551386,100,-91,73,144,60,347,1,93,778606
fd00::209:9:9:9,18,0,0,206,224,788776,72,74,60,12,18446744073709551414,100,-91,74,146,60,347,1,108,789123
fd00::209:9:9:9,18,0,0,206,224,799293,73,75,60,12,18446744073709551524,100,-91,75,148,60,367,1,141,799660
fd00::209:9:9:9,18,0,0,206,224,809810,74,77,60,12,18446744073709551420,100,-91,77,151,60,419,1,89,810229
fd00::209:9:9:9,18,0,1,205,224,820327,75,78,60,12,18446744073709551422,100,-91,78,153,60,359,1,98,820686
fd00::209:9:9:9,18,0,0,206,224,830844,76,79,60,12,18446744073709551397,100,-91,79,155,60,373,1,119,831217
fd00::209:9:9:9,18,0,0,206,224,841361,77,80,60,12,18446744073709551434,100,-91,80,157,60,370,1,105,841731
fd00::209:9:9:9,18,0,0,206,224,851878,78,81,60,12,18446744073709551395,100,-91,81,159,60,424,1,125,852302
fd00::209:9:9:9,18,0,1,205,224,862395,79,82,60,12,18446744073709551430,100,-91,82,161,60,361,1,104,862756
fd00::209:9:9:9,18,0,1,205,224,872912,80,83,60,12,18446744073709551554,100,-91,83,163,60,380,1,174,873292
fd00::209:9:9:9,18,0,1,205,224,883429,81,84,60,12,18446744073709551457,100,-91,84,165,60,384,1,151,883813
fd00::209:9:9:9,18,0,1,205,224,893946,82,85,60,12,18446744073709551507,100,-91,85,167,60,396,1,138,894342
fd00::209:9:9:9,18,0,1,205,224,904463,83,86,60,12,18446744073709551417,100,-91,86,169,60,384,1,100,904847
fd00::209:9:9:9,18,0,1,205,224,914980,84,87,60,12,18446744073709551554,100,-91,87,171,60,348,1,152,915328
fd00::209:9:9:9,18,0,0,206,224,925497,85,88,60,12,18446744073709551420,100,-91,88,173,60,373,1,124,925870
fd00::209:9:9:9,18,0,0,206,224,936014,86,89,60,12,18446744073709551433,100,-91,89,175,60,382,1,109,936396
fd00::209:9:9:9,18,0,0,206,224,946531,87,90,60,12,18446744073709551529,100,-91,90,177,60,384,1,149,946915
fd00::209:9:9:9,18,0,0,206,224,957048,88,91,60,12,18446744073709551419,100,-91,91,179,60,394,1,90,957442
fd00::209:9:9:9,18,0,0,206,224,967565,89,92,60,12,18446744073709551525,100,-91,92,181,60,353,1,151,967918
fd00::209:9:9:9,18,0,0,206,224,978082,90,93,60,12,18446744073709551454,100,-91,93,183,60,378,1,123,978460
fd00::209:9:9:9,18,0,2,204,224,988599,91,94,60,12,18446744073709551457,100,-91,94,185,60,362,1,106,988961
fd00::209:9:9:9,18,0,1,205,224,999116,92,95,60,12,18446744073709551533,100,-91,95,187,60,394,1,163,999510
fd00::209:9:9:9,18,0,1,205,224,1009633,93,96,60,12,14,100,-91,96,189,60,364,1,230,1009997
fd00::209:9:9:9,18,0,1,205,224,1020150,94,98,60,12,18446744073709551386,100,-91,98,192,60,352,1,70,1020502
fd00::209:9:9:9,18,0,0,206,224,1030667,95,99,60,12,18446744073709551459,100,-91,99,194,60,379,1,119,1031046
fd00::209:9:9:9,18,0,0,206,224,1041184,96,100,60,12,18446744073709551371,100,-91,100,196,60,407,1,75,1041591
fd00::209:9:9:9,18,0,0,206,224,1051701,97,101,60,12,18446744073709551376,100,-91,101,198,60,377,1,79,1052078
fd00::209:9:9:9,18,0,0,206,224,1062218,98,102,60,12,18446744073709551340,100,-91,102,200,60,389,1,139,1062607
fd00::209:9:9:9,18,0,0,206,224,1072735,99,103,60,12,18446744073709551423,100,-91,103,202,60,365,1,86,1073100
fd00::209:9:9:9,18,0,1,205,224,1083252,100,104,60,12,18446744073709551426,100,-91,104,204,60,397,1,132,1083649
fd00::209:9:9:9,18,0,1,205,224,1093769,101,105,60,12,18446744073709551368,100,-91,105,206,60,395,1,54,1094164
fd00::209:9:9:9,18,0,1,205,224,1104286,102,106,60,12,18446744073709551384,100,-91,106,208,60,394,1,83,1104680
fd00::209:9:9:9,18,0,1,205,224,1114803,103,107,60,12,18446744073709551349,100,-91,107,210,60,357,1,67,1115160
fd00::209:9:9:9,18,0,0,206,224,1125320,104,108,60,12,18446744073709551370,100,-91,108,212,60,395,1,81,1125715
fd00::209:9:9:9,18,0,0,206,224,1135837,105,109,60,12,18446744073709551348,100,-91,109,214,60,366,1,51,1136203
fd00::209:9:9:9,18,0,0,206,224,1146354,106,110,60,12,18446744073709551380,100,-91,110,216,60,357,1,93,1146711
fd00::209:9:9:9,18,0,0,206,224,1156871,107,111,60,12,18446744073709551404,100,-91,111,218,60,379,1,72,1157250
fd00::209:9:9:9,18,0,0,206,224,1167388,108,112,60,12,18446744073709551453,100,-91,112,220,60,375,1,97,1167763
fd00::209:9:9:9,18,0,0,206,224,1177905,109,113,60,12,18446744073709551367,100,-91,113,222,60,406,1,61,1178311
fd00::209:9:9:9,18,0,0,206,224,1188422,110,114,60,12,18446744073709551351,100,-91,114,224,60,398,1,57,1188820
fd00::209:9:9:9,18,0,0,206,224,1198939,111,115,60,12,18446744073709551380,100,-91,115,226,60,372,1,95,1199311
fd00::209:9:9:9,18,0,0,206,224,1209456,112,116,60,12,18446744073709551389,100,-91,116,228,60,380,1,96,1209836
fd00::209:9:9:9,18,0,0,206,224,1219973,113,118,60,12,18446744073709551406,100,-91,118,231,60,379,1,71,1220352
fd00::209:9:9:9,18,0,0,206,224,1230490,114,119,60,12,18446744073709551420,100,-91,119,233,60,349,1,168,1230839
fd00::209:9:9:9,18,0,0,206,224,1241007,115,120,60,12,18446744073709551380,100,-91,120,235,60,379,1,78,1241386
fd00::209:9:9:9,18,0,0,206,224,1251524,116,121,60,12,18446744073709551392,100,-91,121,237,60,375,1,85,1251899
fd00::209:9:9:9,18,0,0,206,224,1262041,117,122,60,12,18446744073709551460,100,-91,122,239,60,383,1,116,1262424
fd00::209:9:9:9,18,0,0,206,224,1272558,118,123,60,12,18446744073709551372,100,-91,123,241,60,389,1,74,1272947
fd00::209:9:9:9,18,0,0,206,224,1283075,119,124,60,12,18446744073709551373,100,-91,124,243,60,374,1,106,1283449
fd00::209:9:9:9,18,0,0,206,224,1293592,120,125,60,12,18446744073709551476,100,-91,125,245,60,402,1,141,1293994
fd00::209:9:9:9,18,0,0,206,224,1304109,121,126,60,12,18446744073709551455,100,-91,126,247,60,380,1,127,1304489
fd00::209:9:9:9,18,0,0,206,224,1314626,122,127,60,12,18446744073709551356,100,-91,127,249,60,384,1,73,1315010
fd00::209:9:9:9,18,0,0,206,224,1325143,123,128,60,12,18446744073709551353,100,-91,128,251,60,406,1,140,1325549
fd00::209:9:9:9,18,0,0,206,224,1335660,124,129,60,12,18446744073709551527,100,-91,129,253,60,417,1,142,1336077
fd00::209:9:9:9,18,0,0,206,224,1346177,125,130,60,12,18446744073709551373,100,-91,130,255,60,375,1,61,1346552
fd00::209:9:9:9,18,0,0,206,224,1356694,126,131,60,12,18446744073709551377,100,-91,131,257,60,357,1,144,1357051
fd00::209:9:9:9,18,0,0,206,224,1367211,127,132,60,12,18446744073709551353,100,-91,132,259,60,371,1,148,1367582
fd00::209:9:9:9,18,0,0,206,224,1377728,128,133,60,12,18446744073709551377,100,-91,133,261,60,373,1,71,1378101
fd00::209:9:9:9,18,0,1,206,225,1388245,129,134,60,12,18446744073709551485,100,-91,134,263,60,359,1,123,1388604
fd00::209:9:9:9,18,0,0,206,224,1398762,130,135,60,12,18446744073709551483,100,-91,135,265,60,379,1,134,1399141
fd00::209:9:9:9,18,0,1,205,224,1409279,131,136,60,12,18446744073709551482,100,-91,136,267,60,375,1,121,1409654
fd00::209:9:9:9,18,0,0,206,224,1419796,132,137,60,12,18446744073709551424,100,-91,138,269,60,404,1,80,1420200
fd00::209:9:9:9,18,0,0,206,224,1430313,133,139,60,12,18446744073709551540,100,-43,139,272,60,382,1,212,1430695
fd00::209:9:9:9,18,0,0,206,224,1440830,134,140,60,12,18446744073709551457,100,-91,140,274,60,390,1,142,1441220
fd00::209:9:9:9,18,0,0,206,224,1451347,135,141,60,12,18446744073709551461,100,-91,141,276,60,365,1,154,1451712
fd00::209:9:9:9,18,0,0,206,224,1461864,136,142,60,12,18446744073709551403,100,-91,142,278,60,381,1,92,1462245
fd00::209:9:9:9,18,0,0,206,224,1472381,137,143,60,12,18446744073709551387,100,-43,143,280,60,388,1,119,1472769
fd00::209:9:9:9,18,0,0,206,224,1482898,138,144,60,12,18446744073709551403,100,-91,144,282,60,363,1,66,1483261
fd00::209:9:9:9,18,0,0,206,224,1493415,139,145,60,12,18446744073709551403,100,-91,145,283,60,392,1,66,1493807
fd00::209:9:9:9,18,0,0,206,224,1503932,140,146,60,12,18446744073709551614,100,-91,146,285,60,386,1,221,1504318
fd00::209:9:9:9,18,0,0,206,224,1514449,141,147,60,12,18446744073709551501,100,-91,147,287,60,375,1,172,1514824
fd00::209:9:9:9,18,0,0,206,224,1524966,142,148,60,12,18446744073709551390,100,-91,148,289,60,378,1,86,1525344
fd00::209:9:9:9,18,0,0,206,224,1535483,143,149,60,12,18446744073709551403,100,-91,149,291,60,359,1,105,1535842
fd00::209:9:9:9,18,0,0,206,224,1546000,144,150,60,12,18446744073709551447,100,-91,150,293,60,349,1,257,1546349
fd00::209:9:9:9,18,0,0,206,224,1556517,145,151,60,12,18446744073709551436,100,-91,151,295,60,379,1,124,1556896
fd00::209:9:9:9,18,0,0,206,224,1567034,146,152,60,12,18446744073709551451,100,-91,152,297,60,408,1,117,1567442
fd00::209:9:9:9,18,0,1,205,224,1577551,147,153,60,12,18446744073709551555,100,-91,153,299,60,382,1,147,1577933
fd00::209:9:9:9,18,0,0,206,224,1588068,148,154,60,12,18446744073709551366,100,-91,154,301,60,342,1,147,1588410
fd00::209:9:9:9,18,0,1,205,224,1598585,149,155,60,12,18446744073709551495,100,-91,155,303,60,369,1,179,1598954
fd00::209:9:9:9,18,0,0,206,224,1609102,150,156,60,12,18446744073709551412,100,-43,156,305,60,348,1,97,1609450
fd00::209:9:9:9,18,0,0,206,224,1619619,151,157,60,12,18446744073709551452,100,-91,157,307,60,355,1,111,1619974
fd00::209:9:9:9,18,0,1,205,224,1630136,152,159,60,12,18446744073709551505,100,-91,159,310,60,404,1,133,1630540
fd00::209:9:9:9,18,0,1,205,224,1640653,153,160,60,12,18446744073709551543,100,-91,160,312,60,369,1,159,1641022
fd00::209:9:9:9,18,0,1,205,224,1651170,154,161,60,12,18446744073709551538,100,-91,161,314,60,373,1,148,1651543
fd00::209:9:9:9,18,0,1,205,224,1661687,155,162,60,12,18446744073709551453,100,-91,162,316,60,372,1,170,1662059
fd00::209:9:9:9,18,0,0,206,224,1672204,156,163,60,12,18446744073709551426,100,-91,163,318,60,349,1,112,1672553
fd00::209:9:9:9,18,0,0,206,224,1682721,157,164,60,12,18446744073709551414,100,-91,164,320,60,449,1,112,1683170
fd00::209:9:9:9,18,0,1,205,224,1693238,158,165,60,12,18446744073709551434,100,-91,165,322,60,403,1,170,1693641
fd00::209:9:9:9,18,0,0,206,224,1703755,159,166,60,12,18446744073709551485,100,-91,166,324,60,405,1,168,1704160
fd00::209:9:9:9,18,0,0,206,224,1714272,160,167,60,12,18446744073709551551,100,-91,167,326,60,441,1,142,1714713
fd00::209:9:9:9,18,0,0,206,224,1724789,161,168,60,12,18446744073709551414,100,-91,168,328,60,370,1,81,1725159
fd00::209:9:9:9,18,0,1,205,224,1735306,162,169,60,12,18446744073709551397,100,-91,169,330,60,355,1,99,1735661
fd00::209:9:9:9,18,0,1,205,224,1745823,163,170,60,12,18446744073709551480,100,-91,170,332,60,400,1,139,1746223
fd00::209:9:9:9,18,0,1,205,224,1756340,164,171,60,12,18446744073709551431,100,-91,171,334,60,382,1,80,1756722
fd00::209:9:9:9,18,0,1,205,224,1766857,165,172,60,12,18446744073709551414,100,-91,172,336,60,359,1,103,1767216
fd00::209:9:9:9,18,0,0,206,224,1777374,166,173,60,12,18446744073709551431,100,-91,173,338,60,355,1,89,1777729
fd00::209:9:9:9,18,0,0,206,224,1787891,167,174,60,12,18446744073709551461,100,-91,174,340,60,385,1,104,1788276
fd00::209:9:9:9,18,0,0,206,224,1798408,168,175,60,12,18446744073709551551,100,-91,175,342,60,365,1,155,1798773
fd00::209:9:9:9,18,0,0,206,224,1808925,169,176,60,12,18446744073709551448,100,-91,176,344,60,389,1,106,1809314
fd00::209:9:9:9,18,0,0,206,224,1819442,170,177,60,12,18446744073709551545,100,-91,177,346,60,373,1,156,1819815
fd00::209:9:9:9,18,0,1,205,224,1829959,171,179,60,12,18446744073709551405,100,-91,179,349,60,516,1,223,1830475
fd00::209:9:9:9,18,0,1,205,224,1840476,172,180,60,12,18446744073709551594,100,-91,180,351,60,407,1,181,1840883
fd00::209:9:9:9,18,0,1,205,224,1850993,173,181,60,12,18446744073709551499,100,-91,181,353,60,363,1,114,1851356
fd00::209:9:9:9,18,0,1,205,224,1861510,174,182,60,12,18446744073709551461,100,-91,182,355,60,377,1,112,1861887
fd00::209:9:9:9,18,0,1,205,224,1872027,175,183,60,12,18446744073709551600,100,-91,183,357,60,377,1,188,1872404
fd00::209:9:9:9,18,0,0,206,224,1882544,176,184,60,12,18446744073709551502,100,-91,184,359,60,401,1,149,1882945
fd00::209:9:9:9,18,0,0,206,224,1893061,177,185,60,12,18446744073709551359,100,-91,185,361,60,348,1,118,1893409
fd00::209:9:9:9,18,0,0,206,224,1903578,178,186,60,12,18446744073709551428,100,-91,186,363,60,356,1,121,1903934
fd00::209:9:9:9,18,0,0,206,224,1914095,179,187,60,12,18446744073709551372,100,-91,187,365,60,341,1,119,1914436
fd00::209:9:9:9,18,0,0,206,224,1924612,180,188,60,12,18446744073709551475,100,-91,188,367,60,343,1,130,1924955
fd00::209:9:9:9,18,0,0,206,224,1935129,181,189,60,12,18446744073709551341,100,-91,189,369,60,360,1,65,1935489
fd00::209:9:9:9,18,0,1,205,224,1945646,182,190,60,12,18446744073709551397,100,-91,190,371,60,403,1,81,1946049
fd00::209:9:9:9,18,0,1,205,224,1956163,183,191,60,12,18446744073709551408,100,-91,191,373,60,394,1,80,1956557
fd00::209:9:9:9,18,0,1,205,224,1966680,184,192,60,12,18446744073709551352,100,-91,192,375,60,383,1,64,1967063
fd00::209:9:9:9,18,0,1,205,224,1977197,185,193,60,12,18446744073709551371,100,-91,193,377,60,378,1,95,1977575
fd00::209:9:9:9,18,0,1,205,224,1987714,186,194,60,12,18446744073709551427,100,-91,194,379,60,389,1,106,1988103
fd00::209:9:9:9,18,0,0,206,224,1998231,187,195,60,12,18446744073709551383,100,-91,195,381,60,358,1,100,1998589
fd00::209:9:9:9,18,0,1,205,224,2008748,188,196,60,12,18446744073709551436,100,-91,196,383,60,400,1,183,2009148
fd00::209:9:9:9,18,0,0,206,224,2019265,189,197,60,12,18446744073709551452,100,-91,197,385,60,397,1,105,2019662
fd00::209:9:9:9,18,0,1,205,224,2029783,190,198,60,12,18446744073709551444,100,-91,199,387,60,433,1,87,2030216
fd00::209:9:9:9,18,0,1,205,224,2040299,191,200,60,12,18446744073709551453,100,-91,200,390,60,346,1,110,2040645
fd00::209:9:9:9,18,0,1,205,224,2050816,192,201,60,12,18446744073709551475,100,-91,201,392,60,369,1,116,2051185
fd00::209:9:9:9,18,0,1,205,224,2061333,193,202,60,12,18446744073709551499,100,-91,202,394,60,411,1,145,2061744
fd00::209:9:9:9,18,0,1,205,224,2071850,194,203,60,12,18446744073709551530,100,-91,203,396,60,355,1,133,2072205
fd00::209:9:9:9,18,0,1,205,224,2082367,195,204,60,12,18446744073709551388,100,-91,204,398,60,406,1,106,2082773
fd00::209:9:9:9,18,0,0,206,224,2092884,196,205,60,12,18446744073709551418,100,-91,205,400,60,354,1,111,2093238
fd00::209:9:9:9,18,0,0,206,224,2103401,197,206,60,12,18446744073709551403,100,-91,206,402,60,387,1,108,2103788
fd00::209:9:9:9,18,0,0,206,224,2113918,198,207,60,12,18446744073709551393,100,-91,207,404,60,366,1,114,2114284
fd00::209:9:9:9,18,0,0,206,224,2124435,199,208,60,12,18446744073709551536,100,-43,208,406,60,374,1,139,2124809
fd00::209:9:9:9,18,0,0,206,224,2134952,200,209,60,12,18446744073709551504,100,-91,209,408,60,374,1,130,2135326
fd00::209:9:9:9,18,0,0,206,224,2145469,201,210,60,12,18446744073709551456,100,-91,210,410,60,361,1,119,2145830
fd00::209:9:9:9,18,0,1,205,224,2155986,202,211,60,12,18446744073709551527,100,-91,211,412,60,354,1,158,2156340
fd00::209:9:9:9,18,0,1,205,224,2166503,203,212,60,12,18446744073709551472,100,-91,212,414,60,356,1,142,2166859
fd00::209:9:9:9,18,0,1,205,224,2177020,204,213,60,12,18446744073709551412,100,-91,213,416,60,389,1,77,2177409
fd00::209:9:9:9,18,0,1,205,224,2187537,205,214,60,12,18446744073709551468,100,-91,214,418,60,399,1,108,2187936
fd00::209:9:9:9,18,0,1,205,224,2198054,206,215,60,12,18446744073709551487,100,-91,215,420,60,357,1,158,2198411
fd00::209:9:9:9,18,0,0,206,224,2208571,207,216,60,12,18446744073709551469,100,-91,216,422,60,389,1,192,2208960
fd00::209:9:9:9,18,0,1,205,224,2219088,208,217,60,12,18446744073709551385,100,-91,217,424,60,401,1,67,2219489
fd00::209:9:9:9,18,0,0,206,224,2229605,209,218,60,12,18446744073709551533,100,-91,218,426,60,394,1,151,2229999
fd00::209:9:9:9,18,0,0,206,224,2240122,210,220,60,12,68,100,-91,220,428,60,467,1,281,2240589
fd00::209:9:9:9,18,0,0,206,224,2250639,211,221,60,12,10,100,-91,221,430,60,362,1,204,2251001
fd00::209:9:9:9,18,0,0,206,224,2261156,212,222,60,12,18446744073709551493,100,-91,222,432,60,381,1,153,2261537
fd00::209:9:9:9,18,0,0,206,224,2271673,213,223,60,12,18446744073709551526,100,-91,223,434,60,357,1,140,2272030
fd00::209:9:9:9,18,0,0,206,224,2282190,214,224,60,12,18446744073709551553,100,-91,224,436,60,356,1,175,2282546
fd00::209:9:9:9,18,0,0,206,224,2292707,215,225,60,12,18446744073709551482,100,-91,225,438,60,352,1,145,2293059
fd00::209:9:9:9,18,0,1,205,224,2303224,216,226,60,12,18446744073709551462,100,-91,226,440,60,400,1,141,2303624
fd00::209:9:9:9,18,0,0,206,224,2313741,217,227,60,12,18446744073709551418,100,-91,227,442,60,399,1,94,2314140
fd00::209:9:9:9,18,0,0,206,224,2324258,218,228,60,12,18446744073709551446,100,-91,228,444,60,403,1,104,2324661
fd00::209:9:9:9,18,0,0,206,224,2334775,219,229,60,12,18446744073709551424,100,-91,229,446,60,378,1,85,2335153
fd00::209:9:9:9,18,0,0,206,224,2345292,220,230,60,12,18446744073709551434,100,-91,230,448,60,375,1,96,2345667
fd00::209:9:9:9,18,0,0,206,224,2355809,221,231,60,12,18446744073709551438,100,-91,231,450,60,379,1,141,2356188
fd00::209:9:9:9,18,0,0,206,224,2366326,222,232,60,12,18446744073709551504,100,-91,232,452,60,389,1,122,2366715
fd00::209:9:9:9,18,0,0,206,224,2376843,223,233,60,12,18446744073709551449,100,-91,233,454,60,386,1,108,2377229
fd00::209:9:9:9,18,0,0,206,224,2387360,224,234,60,12,18446744073709551414,100,-91,234,456,60,348,1,104,2387708
fd00::209:9:9:9,18,0,0,206,224,2397877,225,235,60,12,29,100,-91,235,458,60,380,1,192,2398257
fd00::209:9:9:9,18,0,0,206,224,2408394,226,236,60,12,18446744073709551517,100,-91,236,460,60,350,1,164,2408744
fd00::209:9:9:9,18,0,0,206,224,2418911,227,237,60,12,18446744073709551510,100,-91,237,462,60,375,1,132,2419286
fd00::209:9:9:9,18,0,0,206,224,2429428,228,238,60,12,18446744073709551439,100,-91,238,464,60,347,1,221,2429775
fd00::209:9:9:9,18,0,1,206,225,2439945,229,240,60,12,18446744073709551444,100,-91,240,467,60,438,1,117,2440383
fd00::209:9:9:9,18,0,0,206,224,2450462,230,241,60,12,18446744073709551405,100,-91,241,469,60,371,1,110,2450833
fd00::209:9:9:9,18,0,0,206,224,2460979,231,242,60,12,18446744073709551387,100,-91,242,471,60,348,1,110,2461327
fd00::209:9:9:9,18,0,0,206,224,2471496,232,243,60,12,18446744073709551497,100,-91,243,473,60,389,1,152,2471885
fd00::209:9:9:9,18,0,0,206,224,2482014,233,244,60,12,18446744073709551609,100,-91,244,475,60,421,1,189,2482435
fd00::209:9:9:9,18,0,0,206,224,2492530,234,245,60,12,18446744073709551606,100,-91,245,477,60,388,1,173,2492918
fd00::209:9:9:9,18,0,0,206,224,2503047,235,246,60,12,18446744073709551475,100,-91,246,479,60,376,1,129,2503423
fd00::209:9:9:9,18,0,0,206,224,2513564,236,247,60,12,18446744073709551486,100,-91,247,481,60,414,1,140,2513978
fd00::209:9:9:9,18,0,0,206,224,2524081,237,248,60,12,18446744073709551484,100,-91,248,483,60,405,1,123,2524486
fd00::209:9:9:9,18,0,0,206,224,2534598,238,249,60,12,18446744073709551497,100,-91,249,485,60,341,1,146,2534939
fd00::209:9:9:9,18,0,0,206,224,2545115,239,250,60,12,18446744073709551462,100,-91,250,487,60,349,1,111,2545464
fd00::209:9:9:9,18,0,0,206,224,2555632,240,251,60,12,18446744073709551487,100,-91,251,489,60,376,1,133,2556008
fd00::209:9:9:9,18,0,0,206,224,2566149,241,252,60,12,18446744073709551422,100,-91,252,491,60,367,1,99,2566516
fd00::209:9:9:9,18,0,1,205,224,2576666,242,253,60,12,18446744073709551487,100,-91,253,493,60,380,1,169,2577046
fd00::209:9:9:9,18,0,0,206,224,2587183,243,254,60,12,18446744073709551393,100,-91,254,495,60,375,1,87,2587558
fd00::209:9:9:9,18,0,0,206,224,2597700,244,255,60,12,18446744073709551534,100,-91,255,497,60,386,1,143,2598086
fd00::209:9:9:9,18,0,0,206,224,2608217,245,256,60,12,18446744073709551516,100,-91,256,499,60,366,1,126,2608583
fd00::209:9:9:9,18,0,0,206,224,2618734,246,257,60,12,18446744073709551407,100,-91,257,501,60,405,1,77,2619139
fd00::209:9:9:9,18,0,0,206,224,2629251,247,258,60,12,18446744073709551347,100,-91,258,503,60,395,1,62,2629646
fd00::209:9:9:9,18,0,0,206,224,2639768,248,260,60,12,18446744073709551379,100,-91,260,506,60,433,1,73,2640201
fd00::209:9:9:9,18,0,1,205,224,2650285,249,261,60,12,18446744073709551404,100,-91,261,508,60,401,1,67,2650686
fd00::209:9:9:9,18,0,1,205,224,2660802,250,262,60,12,18446744073709551553,100,-91,262,510,60,376,1,147,2661178
fd00::209:9:9:9,18,0,1,205,224,2671319,251,263,60,12,18446744073709551419,100,-91,263,512,60,395,1,131,2671714
fd00::209:9:9:9,18,0,0,206,224,2681836,252,264,60,12,18446744073709551394,100,-91,264,514,60,360,1,130,2682196
fd00::209:9:9:9,18,0,0,206,224,2692353,253,265,60,12,18446744073709551485,100,-91,265,516,60,380,1,123,2692733
fd00::209:9:9:9,18,0,0,206,224,2702870,254,266,60,12,18446744073709551469,100,-91,266,518,60,387,1,154,2703257
fd00::209:9:9:9,18,0,0,206,224,2713387,255,267,60,12,18446744073709551386,100,-91,267,520,60,377,1,69,2713764
fd00::209:9:9:9,18,0,0,206,224,2723904,256,268,60,12,18446744073709551365,100,-91,268,522,60,377,1,104,2724281
fd00::209:9:9:9,18,0,0,206,224,2734421,257,269,60,12,18446744073709551353,100,-91,269,524,60,371,1,117,2734792
fd00::209:9:9:9,18,0,0,206,224,2744938,258,270,60,12,18446744073709551482,100,-91,270,526,60,393,1,107,2745331
fd00::209:9:9:9,18,0,1,205,224,2755455,259,271,60,12,18446744073709551406,100,-91,271,528,60,343,1,129,2755798
fd00::209:9:9:9,18,0,0,206,224,2765972,260,272,60,12,18446744073709551363,100,-91,272,530,60,367,1,89,2766339
fd00::209:9:9:9,18,0,0,206,224,2776489,261,273,60,12,18446744073709551405,100,-91,273,532,60,359,1,79,2776848
fd00::209:9:9:9,18,0,0,206,224,2787006,262,274,60,12,18446744073709551351,100,-91,274,534,60,354,1,59,2787360
fd00::209:9:9:9,18,0,0,206,224,2797523,263,275,60,12,18446744073709551362,100,-91,275,536,60,380,1,89,2797903
fd00::209:9:9:9,18,0,1,205,224,2808040,264,276,60,12,18446744073709551380,100,-91,276,538,60,398,1,155,2808438
fd00::209:9:9:9,18,0,1,205,224,2818557,265,277,60,12,18446744073709551367,100,-91,277,540,60,356,1,182,2818913
fd00::209:9:9:9,18,0,2,204,224,2829074,266,278,60,12,18446744073709551397,100,-91,278,542,60,399,1,89,2829473
fd00::209:9:9:9,18,0,1,205,224,2839591,267,279,60,12,18446744073709551367,100,-91,279,544,60,388,1,186,2839979
fd00::209:9:9:9,18,0,0,206,224,2850108,268,281,60,12,18446744073709551344,100,-91,281,547,60,366,1,51,2850474
fd00::209:9:9:9,18,0,0,206,224,2860625,269,282,60,12,18446744073709551344,100,-91,282,549,60,385,1,161,2861010
fd00::209:9:9:9,18,0,0,206,224,2871142,270,283,60,12,18446744073709551589,100,-91,283,551,60,355,1,192,2871497
fd00::209:9:9:9,18,0,0,206,224,2881659,271,284,60,12,18446744073709551445,100,-91,284,553,60,353,1,97,2882012
fd00::209:9:9:9,18,0,0,206,224,2892176,272,285,60,12,18446744073709551451,100,-91,285,555,60,364,1,89,2892540
fd00::209:9:9:9,18,0,1,205,224,2902693,273,286,60,12,18446744073709551376,100,-91,286,557,60,382,1,88,2903075
fd00::209:9:9:9,18,0,1,205,224,2913210,274,287,60,12,18446744073709551354,100,-91,287,559,60,364,1,173,2913574
fd00::209:9:9:9,18,0,1,205,224,2923727,275,288,60,12,18446744073709551376,100,-91,288,561,60,381,1,93,2924108
fd00::209:9:9:9,18,0,1,205,224,2934244,276,289,60,12,18446744073709551467,100,-91,289,563,60,406,1,119,2934650
fd00::209:9:9:9,18,0,1,205,224,2944761,277,290,60,12,18446744073709551427,100,-91,290,565,60,383,1,97,2945144
fd00::209:9:9:9,18,0,0,206,224,2955278,278,291,60,12,18446744073709551512,100,-91,291,567,60,359,1,156,2955637
fd00::209:9:9:9,18,0,0,206,224,2965795,279,292,60,12,18446744073709551383,100,-91,292,569,60,348,1,58,2966143
fd00::209:9:9:9,18,0,0,206,224,2976312,280,293,60,12,18446744073709551418,100,-91,293,571,60,379,1,122,2976691
fd00::209:9:9:9,18,0,0,206,224,2986829,281,294,60,12,18446744073709551416,100,-91,294,573,60,342,1,130,2987171
fd00::209:9:9:9,18,0,0,206,224,2997346,282,295,60,12,18446744073709551466,100,-91,295,575,60,350,1,119,2997696
fd00::209:9:9:9,18,0,0,206,224,3007863,283,296,60,12,18446744073709551435,100,-91,296,577,60,364,1,140,3008227
fd00::209:9:9:9,18,0,1,205,224,3018380,284,297,60,12,18446744073709551354,100,-91,297,579,60,372,1,62,3018752
fd00::209:9:9:9,18,0,1,205,224,3028897,285,298,60,12,18446744073709551394,100,-91,298,581,60,388,1,78,3029285
fd00::209:9:9:9,18,0,1,205,224,3039414,286,299,60,12,18446744073709551410,100,-91,299,583,60,383,1,85,3039797
fd00::209:9:9:9,18,0,1,205,224,3049931,287,301,60,12,18446744073709551375,100,-91,301,586,60,421,1,64,3050352
fd00::209:9:9:9,18,0,1,206,225,3060448,288,302,60,12,18446744073709551411,100,-91,302,588,60,390,1,78,3060838
fd00::209:9:9:9,18,0,0,206,224,3070965,289,302,60,12,18446744073709551411,100,-91,303,589,60,375,1,78,3071340
fd00::209:9:9:9,18,0,1,206,225,3081482,290,303,60,12,18446744073709551442,100,-91,304,591,60,387,1,105,3081869
fd00::209:9:9:9,18,0,1,205,224,3091999,291,304,60,12,18446744073709551605,100,-91,305,593,60,392,1,179,3092391
fd00::209:9:9:9,18,0,1,205,224,3102516,292,305,60,12,18446744073709551402,100,-91,306,595,60,396,1,92,3102912
fd00::209:9:9:9,18,0,0,206,224,3113033,293,306,60,12,18446744073709551560,100,-91,307,597,60,392,1,177,3113425
fd00::209:9:9:9,18,0,0,206,224,3123550,294,307,60,12,18446744073709551433,100,-91,308,599,60,393,1,105,3123943
fd00::209:9:9:9,18,0,1,205,224,3134067,295,308,60,12,18446744073709551420,100,-91,309,601,60,418,1,103,3134485
fd00::209:9:9:9,18,0,1,205,224,3144584,296,309,60,12,18446744073709551364,100,-91,310,603,60,397,1,76,3144981
fd00::209:9:9:9,18,0,1,205,224,3155101,297,310,60,12,18446744073709551406,100,-91,311,605,60,410,1,94,3155511
fd00::209:9:9:9,18,0,0,206,224,3165618,298,311,60,12,18446744073709551375,100,-91,312,607,60,380,1,67,3165998
fd00::209:9:9:9,18,0,0,206,224,3176135,299,312,60,12,18446744073709551364,100,-91,313,609,60,380,1,74,3176515
fd00::209:9:9:9,18,0,0,206,224,3186652,300,313,60,12,18446744073709551462,100,-91,314,611,60,385,1,119,3187037
fd00::209:9:9:9,18,0,0,206,224,3197169,301,314,60,12,18446744073709551454,100,-91,315,613,60,385,1,118,3197554
fd00::209:9:9:9,18,0,0,206,224,3207686,302,315,60,12,18446744073709551335,100,-91,316,615,60,379,1,110,3208065
fd00::209:9:9:9,18,0,0,206,224,3218203,303,316,60,12,18446744073709551416,100,-91,317,617,60,380,1,89,3218583
fd00::209:9:9:9,18,0,1,205,224,3228720,304,317,60,12,7,100,-91,318,619,60,382,1,180,3229102
fd00::209:9:9:9,18,0,1,205,224,3239237,305,318,60,12,18446744073709551392,100,-91,319,621,60,404,1,87,3239641
fd00::209:9:9:9,18,0,1,205,224,3249754,306,320,60,12,18446744073709551365,100,-91,321,624,60,406,1,50,3250160
fd00::209:9:9:9,18,0,2,204,224,3260271,307,321,60,12,18446744073709551345,100,-91,322,626,60,384,1,53,3260655
fd00::209:9:9:9,18,0,0,206,224,3270788,308,322,60,12,18446744073709551419,100,-91,323,628,60,397,1,103,3271185
fd00::209:9:9:9,18,0,0,206,224,3281305,309,323,60,12,18446744073709551440,100,-91,324,630,60,363,1,140,3281668
fd00::209:9:9:9,18,0,0,206,224,3291822,310,324,60,12,18446744073709551452,100,-91,325,632,60,370,1,107,3292192
fd00::209:9:9:9,18,0,0,206,224,3302339,311,325,60,12,18446744073709551392,100,-91,326,634,60,351,1,114,3302690
fd00::209:9:9:9,18,0,1,205,224,3312856,312,326,60,12,18446744073709551482,100,-91,327,636,60,380,1,106,3313236
fd00::209:9:9:9,18,0,0,206,224,3323373,313,327,60,12,18446744073709551360,100,-91,328,638,60,382,1,102,3323755
fd00::209:9:9:9,18,0,1,205,224,3333890,314,328,60,12,18446744073709551366,100,-91,329,640,60,375,1,109,3334265
fd00::209:9:9:9,18,0,1,205,224,3344407,315,329,60,12,18446744073709551405,100,-91,330,642,60,358,1,131,3344765
fd00::209:9:9:9,18,0,1,205,224,3354924,316,330,60,12,18446744073709551371,100,-91,331,644,60,379,1,124,3355303
fd00::209:9:9:9,18,0,1,205,224,3365441,317,331,60,12,18446744073709551378,100,-91,332,646,60,412,1,95,3365853
fd00::209:9:9:9,18,0,1,205,224,3375958,318,332,60,12,18446744073709551389,100,-91,333,648,60,364,1,121,3376322
fd00::209:9:9:9,18,0,0,206,224,3386475,319,333,60,12,18446744073709551389,100,-91,334,650,60,379,1,157,3386854
fd00::209:9:9:9,18,0,0,206,224,3396992,320,334,60,12,18446744073709551360,100,-91,335,652,60,403,1,58,3397395
fd00::209:9:9:9,18,0,0,206,224,3407509,321,335,60,12,18446744073709551430,100,-91,336,654,60,371,1,133,3407880
fd00::209:9:9:9,18,0,0,206,224,3418026,322,336,60,12,18446744073709551365,100,-91,337,656,60,386,1,64,3418412
fd00::209:9:9:9,18,0,0,206,224,3428543,323,337,60,12,18446744073709551430,100,-91,338,658,60,379,1,88,3428922
fd00::209:9:9:9,18,0,0,206,224,3439060,324,338,60,12,18446744073709551450,100,-91,339,660,60,388,1,98,3439448
fd00::209:9:9:9,18,0,1,205,224,3449577,325,339,60,12,18446744073709551344,100,-91,340,662,60,362,1,56,3449939
fd00::209:9:9:9,18,0,2,204,224,3460094,326,341,60,12,18446744073709551396,100,-91,342,665,60,389,1,157,3460483
fd00::209:9:9:9,18,0,1,204,223,3470611,327,342,60,12,18446744073709551415,100,-91,343,667,60,369,1,87,3470980
fd00::209:9:9:9,18,0,1,205,224,3481128,328,343,60,12,18446744073709551370,100,-91,344,669,60,352,1,71,3481480
fd00::209:9:9:9,18,0,0,206,224,3491645,329,344,60,12,18446744073709551375,100,-91,345,671,60,378,1,65,3492023
fd00::209:9:9:9,18,0,0,206,224,3502162,330,345,60,12,18446744073709551430,100,-91,346,673,60,363,1,142,3502525
fd00::209:9:9:9,18,0,0,206,224,3512679,331,346,60,12,18446744073709551383,100,-91,347,675,60,376,1,128,3513055
fd00::209:9:9:9,18,0,0,206,224,3523196,332,347,60,12,18446744073709551427,100,-91,348,677,60,387,1,99,3523583
fd00::209:9:9:9,18,0,0,206,224,3533713,333,348,60,12,18446744073709551379,100,-91,349,679,60,384,1,67,3534097
fd00::209:9:9:9,18,0,0,206,224,3544230,334,349,60,12,18446744073709551400,100,-91,350,681,60,367,1,89,3544597
fd00::209:9:9:9,18,0,0,206,224,3554747,335,350,60,12,18446744073709551466,100,-91,351,682,60,365,1,89,3555112
fd00::209:9:9:9,18,0,0,206,224,3565264,336,351,60,12,18446744073709551369,100,-91,352,684,60,376,1,68,3565640
fd00::209:9:9:9,18,0,0,206,224,3575781,337,352,60,12,18446744073709551396,100,-91,353,686,60,394,1,103,3576175
fd00::209:9:9:9,18,0,0,206,224,3586298,338,353,60,12,18446744073709551360,100,-91,354,688,60,376,1,66,3586674
fd00::209:9:9:9,18,0,0,206,224,3596815,339,354,60,12,18446744073709551492,100,-91,355,690,60,399,1,146,3597214
fd00::20a:a:a:a,91,0,0,1005,1096,51096,1,0,60,0,0,0,0,0,1,60,272,2,0,51368
fd00::20a:a:a:a,18,0,0,200,218,61315,2,1,60,12,65,100,-91,1,3,60,242,2,231,61557
fd00::20a:a:a:a,18,0,0,200,218,71534,3,2,60,12,87,100,-91,2,5,60,224,2,183,71758
fd00::20a:a:a:a,18,0,0,200,218,81753,4,3,60,12,18446744073709551612,100,-91,3,6,60,277,2,183,82030
fd00::20a:a:a:a,18,0,0,200,218,91972,5,4,60,12,74,100,-91,4,8,60,250,2,185,92222
fd00::20a:a:a:a,18,0,0,200,218,102191,6,5,60,12,18446744073709551607,100,-91,5,10,60,251,2,196,102442
fd00::20a:a:a:a,18,0,0,200,218,112410,7,6,60,12,3,100,-91,6,12,60,268,2,212,112678
fd00::20a:a:a:a,18,0,0,200,218,122629,8,7,60,12,18446744073709551604,100,-91,7,14,60,261,2,177,122890
fd00::20a:a:a:a,18,0,0,200,218,132848,9,8,60,12,277,100,-91,8,16,60,258,2,279,133106
fd00::20a:a:a:a,18,0,0,200,218,143067,10,9,60,12,164,100,-91,9,18,60,224,2,220,143291
fd00::20a:a:a:a,18,0,0,200,218,153286,11,10,60,12,181,100,-91,10,20,60,264,2,305,153550
fd00::20a:a:a:a,18,0,0,200,218,163505,12,11,60,12,4,100,-91,11,22,60,238,2,110,163743
fd00::20a:a:a:a,18,0,0,200,218,173724,13,12,60,12,18446744073709551598,100,-91,12,24,60,250,2,109,173974
fd00::20a:a:a:a,18,0,0,200,218,183943,14,13,60,12,18446744073709551608,100,-91,13,26,60,242,2,216,184185
fd00::20a:a:a:a,18,0,0,200,218,194162,15,14,60,12,51,100,-91,14,28,60,256,2,146,194418
fd00::20a:a:a:a,18,0,0,200,218,204381,16,15,60,12,57,100,-91,15,30,60,241,2,171,204622
fd00::20a:a:a:a,18,0,0,200,218,214600,17,16,60,12,171,100,-91,16,32,60,256,2,221,214856
fd00::20a:a:a:a,18,0,0,200,218,224819,18,17,60,12,18446744073709551612,100,-91,17,34,60,263,2,161,225082
fd00::20a:a:a:a,18,0,0,200,218,235038,19,18,60,12,18446744073709551600,100,-91,18,36,60,270,2,182,235308
fd00::20a:a:a:a,18,0,0,200,218,245257,20,19,60,12,101,100,-91,19,38,60,277,2,239,245534
fd00::20a:a:a:a,18,0,0,200,218,255476,21,20,60,12,105,100,-91,20,40,60,253,2,166,255729
fd00::20a:a:a:a,18,0,0,200,218,265695,22,21,60,12,18446744073709551588,100,-91,21,42,60,245,2,129,265940
fd00::20a:a:a:a,18,0,0,200,218,275914,23,22,60,12,18446744073709551603,100,-91,22,44,60,207,2,181,276121
fd00::20a:a:a:a,18,0,0,200,218,286133,24,23,60,12,18446744073709551604,100,-91,23,46,60,221,2,144,286354
fd00::20a:a:a:a,18,0,0,200,218,296352,25,24,60,12,18446744073709551581,100,-91,24,48,60,281,2,91,296633
fd00::20a:a:a:a,18,0,0,200,218,306571,26,25,60,12,11,100,-91,25,50,60,285,2,191,306856
fd00::20a:a:a:a,18,0,0,200,218,316790,27,26,60,12,7,100,-91,26,52,60,254,2,174,317044
fd00::20a:a:a:a,18,0,0,200,218,327009,28,27,60,12,91,100,-91,27,54,60,271,2,194,327280
fd00::20a:a:a:a,18,0,0,200,218,337228,29,28,60,12,145,100,-91,28,56,60,248,2,190,337476
fd00::20a:a:a:a,18,0,0,200,218,347447,30,29,60,12,12,100,-91,29,58,60,242,2,127,347689
fd00::20a:a:a:a,18,0,0,200,218,357666,31,30,60,12,71,100,-91,30,60,60,227,2,155,357893
fd00::20a:a:a:a,18,0,0,200,218,367885,32,31,60,12,97,100,-91,31,62,60,236,2,236,368121
fd00::20a:a:a:a,18,0,0,200,218,378104,33,32,60,12,98,100,-91,32,64,60,273,2,189,378377
fd00::20a:a:a:a,18,0,0,200,218,388323,34,33,60,12,18446744073709551612,100,-91,33,66,60,256,2,138,388579
fd00::20a:a:a:a,18,0,0,200,218,398542,35,34,60,12,21,100,-91,34,68,60,251,2,167,398793
fd00::20a:a:a:a,18,0,0,200,218,408761,36,35,60,12,20,100,-91,35,70,60,244,2,153,409005
fd00::20a:a:a:a,18,0,0,200,218,418980,37,36,60,12,1,100,-91,36,72,60,262,2,130,419242
fd00::20a:a:a:a,18,0,0,200,218,429199,38,37,60,12,18446744073709551604,100,-91,37,74,60,267,2,152,429466
fd00::20a:a:a:a,18,0,0,200,218,439418,39,38,60,12,83,100,-91,38,76,60,295,2,179,439713
fd00::20a:a:a:a,18,0,0,200,218,449637,40,39,60,12,80,100,-91,39,78,60,266,2,200,449903
fd00::20a:a:a:a,18,0,0,200,218,459856,41,40,60,12,18446744073709551563,100,-91,41,80,60,339,2,178,460195
fd00::20a:a:a:a,18,0,0,200,218,470075,42,42,60,12,10,100,-91,42,83,60,277,2,147,470352
fd00::20a:a:a:a,18,0,0,200,218,480294,43,43,60,12,18446744073709551602,100,-91,43,85,60,296,2,133,480590
fd00::20a:a:a:a,18,0,0,200,218,490513,44,44,60,12,18446744073709551570,100,-91,44,87,60,265,2,107,490778
fd00::20a:a:a:a,18,0,0,200,218,500732,45,45,60,12,18446744073709551550,100,-91,45,89,60,286,2,153,501018
fd00::20a:a:a:a,18,0,0,200,218,510951,46,46,60,12,93,100,-91,46,91,60,246,2,191,511197
fd00::20a:a:a:a,18,0,0,200,218,521170,47,47,60,12,83,100,-91,47,93,60,299,2,154,521469
fd00::20a:a:a:a,18,0,0,200,218,531389,48,48,60,12,64,100,-91,48,95,60,253,2,178,531642
fd00::20a:a:a:a,18,0,0,200,218,541608,49,49,60,12,34,100,-91,49,97,60,265,2,200,541873
fd00::20a:a:a:a,18,0,0,200,218,551827,50,50,60,12,208,100,-91,50,99,60,240,2,223,552067
fd00::20a:a:a:a,18,0,0,200,218,562046,51,51,60,12,42,100,-91,51,101,60,257,2,155,562303
fd00::20a:a:a:a,18,0,0,200,218,572265,52,52,60,12,18446744073709551613,100,-91,52,103,60,231,2,203,572496
fd00::20a:a:a:a,18,0,0,200,218,582484,53,53,60,12,18446744073709551604,100,-91,53,105,60,231,2,136,582715
fd00::20a:a:a:a,18,0,0,200,218,592703,54,54,60,12,18446744073709551608,100,-91,54,107,60,227,2,188,592930
fd00::20a:a:a:a,18,0,0,200,218,602922,55,55,60,12,18446744073709551606,100,-91,55,108,60,220,2,188,603142
fd00::20a:a:a:a,18,0,0,200,218,613141,56,56,60,12,27,100,-91,56,110,60,302,2,210,613443
fd00::20a:a:a:a,18,0,0,200,218,623360,57,57,60,12,18446744073709551605,100,-91,57,112,60,237,2,138,623597
fd00::20a:a:a:a,18,0,0,200,218,633579,58,58,60,12,24,100,-91,58,114,60,252,2,133,633831
fd00::20a:a:a:a,18,0,0,200,218,643798,59,59,60,12,92,100,-91,59,116,60,241,2,180,644039
fd00::20a:a:a:a,18,0,0,200,218,654017,60,60,60,12,18446744073709551574,100,-91,60,118,60,279,2,86,654296
fd00::20a:a:a:a,18,0,0,200,218,664236,61,61,60,12,23,100,-91,61,120,60,229,2,183,664465
fd00::20a:a:a:a,18,0,0,200,218,674455,62,62,60,12,18446744073709551602,100,-91,62,122,60,241,2,128,674696
fd00::20a:a:a:a,18,0,0,200,218,684674,63,63,60,12,230,100,-91,63,123,60,266,2,128,684940
fd00::20a:a:a:a,18,0,0,200,218,694893,64,64,60,12,80,100,-91,64,125,60,280,2,177,695173
fd00::20a:a:a:a,18,0,0,200,218,705112,65,65,60,12,113,100,-91,65,127,60,256,2,175,705368
fd00::20a:a:a:a,18,0,0,200,218,715331,66,66,60,12,85,100,-91,66,129,60,261,2,263,715592
fd00::20a:a:a:a,18,0,0,200,218,725550,67,67,60,12,24,100,-91,67,131,60,246,2,151,725796
fd00::20a:a:a:a,18,0,0,200,218,735769,68,68,60,12,57,100,-91,68,133,60,222,2,155,735991
fd00::20a:a:a:a,18,0,0,200,218,745988,69,69,60,12,69,100,-91,69,135,60,251,2,221,746239
fd00::20a:a:a:a,18,0,0,200,218,756207,70,70,60,12,62,100,-91,70,137,60,281,2,199,756488
fd00::20a:a:a:a,18,0,0,200,218,766426,71,71,60,12,30,100,-91,71,139,60,240,2,201,766666
fd00::20a:a:a:a,18,0,0,200,218,776645,72,72,60,12,45,100,-91,72,141,60,278,2,131,776923
fd00::20a:a:a:a,18,0,0,200,218,786864,73,73,60,12,173,100,-91,73,142,60,249,2,131,787113
fd00::20a:a:a:a,18,0,0,200,218,797083,74,74,60,12,18446744073709551578,100,-91,74,144,60,261,2,118,797344
fd00::20a:a:a:a,18,0,0,200,218,807302,75,75,60,12,134,100,-91,75,146,60,291,2,242,807593
fd00::20a:a:a:a,18,0,0,200,218,817521,76,76,60,12,18446744073709551604,100,-91,76,148,60,231,2,137,817752
fd00::20a:a:a:a,18,0,0,200,218,827740,77,77,60,12,26,100,-91,77,150,60,230,2,150,827970
fd00::20a:a:a:a,18,0,0,200,218,837959,78,78,60,12,104,100,-91,78,152,60,230,2,196,838189
fd00::20a:a:a:a,18,0,0,200,218,848178,79,79,60,12,152,100,-91,79,153,60,272,2,196,848450
fd00::20a:a:a:a,18,0,0,200,218,858397,80,80,60,12,78,100,-91,80,154,60,246,2,196,858643
fd00::20a:a:a:a,18,0,0,200,218,868616,81,81,60,12,4,100,-91,81,156,60,273,2,174,868889
fd00::20a:a:a:a,18,0,0,200,218,878835,82,82,60,12,55,100,-91,82,158,60,273,2,166,879108
fd00::20a:a:a:a,18,0,0,200,218,889054,83,83,60,12,179,100,-91,83,160,60,262,2,218,889316
fd00::20a:a:a:a,18,0,0,200,218,899273,84,84,60,12,48,100,-91,84,162,60,274,2,175,899547
fd00::20a:a:a:a,18,0,0,200,218,909492,85,85,60,12,3,100,-91,85,164,60,252,2,126,909744
fd00::20a:a:a:a,18,0,0,200,218,919711,86,86,60,12,28,100,-91,86,166,60,264,2,145,919975
fd00::20a:a:a:a,18,0,0,200,218,929930,87,87,60,12,18446744073709551567,100,-91,88,168,60,271,2,96,930201
fd00::20a:a:a:a,18,0,0,200,218,940149,88,88,60,12,181,100,-91,89,170,60,260,2,197,940409
fd00::20a:a:a:a,18,0,0,200,218,950368,89,90,60,12,18446744073709551578,100,-91,90,173,60,330,2,194,950698
fd00::20a:a:a:a,18,0,0,200,218,960587,90,91,60,12,18446744073709551560,100,-91,91,175,60,266,2,109,960853
fd00::20a:a:a:a,18,0,0,200,218,970806,91,92,60,12,18446744073709551603,100,-91,92,177,60,226,2,133,971032
fd00::20a:a:a:a,18,0,0,200,218,981025,92,93,60,12,18446744073709551554,100,-91,93,179,60,218,2,140,981243
fd00::20a:a:a:a,18,0,0,200,218,991244,93,94,60,12,25,100,-91,94,181,60,243,2,160,991487
fd00::20a:a:a:a,18,0,0,200,218,1001463,94,95,60,12,18446744073709551603,100,-91,95,183,60,229,2,106,1001692
fd00::20a:a:a:a,18,0,0,200,218,1011682,95,96,60,12,18446744073709551588,100,-91,96,185,60,257,2,248,1011939
fd00::20a:a:a:a,18,0,0,200,218,1021901,96,97,60,12,42,100,-91,97,187,60,238,2,140,1022139
fd00::20a:a:a:a,18,0,0,200,218,1032120,97,98,60,12,51,100,-91,98,189,60,257,2,149,1032377
fd00::20a:a:a:a,18,0,0,200,218,1042339,98,99,60,12,5,100,-91,99,191,60,265,2,141,1042604
fd00::20a:a:a:a,18,0,0,200,218,1052558,99,100,60,12,18446744073709551543,100,-91,100,193,60,254,2,161,1052812
fd00::20a:a:a:a,18,0,0,200,218,1062777,100,101,60,12,106,100,-91,101,195,60,252,2,180,1063029
fd00::20a:a:a:a,18,0,0,200,218,1072996,101,102,60,12,18446744073709551600,100,-91,102,197,60,259,2,116,1073255
fd00::20a:a:a:a,18,0,0,200,218,1083215,102,103,60,12,18446744073709551602,100,-91,103,199,60,252,2,142,1083467
fd00::20a:a:a:a,18,0,0,200,218,1093434,103,104,60,12,150,100,-91,104,201,60,263,2,209,1093697
fd00::20a:a:a:a,18,0,0,200,218,1103653,104,105,60,12,6,100,-91,105,203,60,276,2,163,1103929
fd00::20a:a:a:a,18,0,0,200,218,1113872,105,106,60,12,112,100,-91,106,205,60,241,2,178,1114113
fd00::20a:a:a:a,18,0,0,200,218,1124091,106,107,60,12,18446744073709551610,100,-91,107,207,60,274,2,127,1124365
fd00::20a:a:a:a,18,0,0,200,218,1134310,107,108,60,12,21,100,-91,108,209,60,253,2,137,1134563
fd00::20a:a:a:a,18,0,0,200,218,1144529,108,109,60,12,13,100,-91,109,211,60,247,2,135,1144776
fd00::20a:a:a:a,18,0,0,200,218,1154748,109,110,60,12,18446744073709551564,100,-91,110,213,60,238,2,106,1154986
fd00::20a:a:a:a,18,0,0,200,218,1164967,110,111,60,12,65,100,-91,111,215,60,284,2,164,1165251
fd00::20a:a:a:a,18,0,0,200,218,1175186,111,112,60,12,139,100,-91,112,217,60,217,2,202,1175403
fd00::20a:a:a:a,18,0,0,200,218,1185405,112,113,60,12,164,100,-91,113,219,60,233,2,237,1185638
fd00::20a:a:a:a,18,0,0,200,218,1195624,113,114,60,12,13,100,-91,114,221,60,267,2,140,1195891
fd00::20a:a:a:a,18,0,0,200,218,1205843,114,115,60,12,50,100,-91,115,223,60,236,2,291,1206079
fd00::20a:a:a:a,18,0,0,200,218,1216062,115,116,60,12,18446744073709551594,100,-91,116,225,60,304,2,129,1216366
fd00::20a:a:a:a,18,0,0,200,218,1226281,116,117,60,12,28,100,-91,117,227,60,210,2,167,1226491
fd00::20a:a:a:a,18,0,0,200,218,1236500,117,118,60,12,53,100,-91,118,229,60,259,2,182,1236759
fd00::20a:a:a:a,18,0,0,200,218,1246719,118,119,60,12,18446744073709551603,100,-91,119,231,60,265,2,122,1246984
fd00::20a:a:a:a,18,0,0,200,218,1256938,119,120,60,12,96,100,-91,120,233,60,290,2,175,1257228
fd00::20a:a:a:a,18,0,0,200,218,1267157,120,121,60,12,18446744073709551590,100,-91,121,235,60,236,2,152,1267393
fd00::20a:a:a:a,18,0,0,200,218,1277376,121,122,60,12,18446744073709551611,100,-91,122,237,60,268,2,130,1277644
fd00::20a:a:a:a,18,0,0,200,218,1287595,122,123,60,12,18446744073709551611,100,-91,123,239,60,260,2,114,1287855
fd00::20a:a:a:a,18,0,0,200,218,1297814,123,124,60,12,18446744073709551601,100,-91,124,241,60,209,2,114,1298023
fd00::20a:a:a:a,18,0,0,200,218,1308033,124,125,60,12,18446744073709551555,100,-91,125,243,60,260,2,105,1308293
fd00::20a:a:a:a,18,0,0,200,218,1318252,125,126,60,12,43,100,-91,126,245,60,233,2,173,1318485
fd00::20a:a:a:a,18,0,0,200,218,1328471,126,127,60,12,53,100,-91,127,247,60,267,2,149,1328738
fd00::20a:a:a:a,18,0,0,200,218,1338690,127,128,60,12,18446744073709551569,100,-91,128,249,60,240,2,112,1338930
fd00::20a:a:a:a,18,0,0,200,218,1348909,128,129,60,12,38,100,-91,129,251,60,242,2,135,1349151
fd00::20a:a:a:a,18,0,0,200,218,1359128,129,129,60,12,38,100,-91,130,252,60,262,2,135,1359390
fd00::20a:a:a:a,18,0,0,200,218,1369347,130,130,60,12,49,100,-91,131,254,60,272,2,178,1369619
fd00::20a:a:a:a,18,0,0,200,218,1379566,131,131,60,12,137,100,-91,132,255,60,242,2,178,1379808
fd00::20a:a:a:a,18,0,0,200,218,1389785,132,132,60,12,18446744073709551577,100,-91,134,257,60,304,2,117,1390089
fd00::20a:a:a:a,18,0,0,200,218,1400004,133,133,60,12,92,100,-91,135,259,60,229,2,159,1400233
fd00::20a:a:a:a,18,0,1,200,219,1410223,134,135,60,12,18446744073709551574,100,-91,136,262,60,245,2,108,1410468
fd00::20a:a:a:a,18,0,0,200,218,1420442,135,136,60,12,70,100,-91,137,264,60,301,2,214,1420743
fd00::20a:a:a:a,18,0,0,200,218,1430661,136,137,60,12,24,100,-91,138,266,60,249,2,150,1430910
fd00::20a:a:a:a,18,0,0,200,218,1440880,137,138,60,12,22,100,-91,139,268,60,259,2,210,1441139
fd00::20a:a:a:a,18,0,0,200,218,1451099,138,139,60,12,343,100,-91,140,270,60,249,2,308,1451348
fd00::20a:a:a:a,18,0,0,200,218,1461318,139,140,60,12,127,100,-91,141,272,60,246,2,175,1461564
fd00::20a:a:a:a,18,0,0,200,218,1471537,140,141,60,12,159,100,-91,142,274,60,257,2,254,1471794
fd00::20a:a:a:a,18,0,0,200,218,1481756,141,142,60,12,75,100,-91,143,276,60,251,2,174,1482007
fd00::20a:a:a:a,18,0,0,200,218,1491975,142,143,60,12,26,100,-91,144,278,60,257,2,239,1492232
fd00::20a:a:a:a,18,0,0,200,218,1502194,143,144,60,12,18446744073709551555,100,-91,145,280,60,263,2,107,1502457
fd00::20a:a:a:a,18,0,0,200,218,1512413,144,145,60,12,40,100,-91,146,282,60,239,2,151,1512652
fd00::20a:a:a:a,18,0,0,200,218,1522632,145,146,60,12,18446744073709551596,100,-91,147,284,60,243,2,119,1522875
fd00::20a:a:a:a,18,0,0,200,218,1532851,146,147,60,12,18446744073709551582,100,-91,148,286,60,252,2,119,1533103
fd00::20a:a:a:a,18,0,0,200,218,1543070,147,148,60,12,4,100,-91,149,288,60,248,2,115,1543318
fd00::20a:a:a:a,18,0,0,200,218,1553289,148,149,60,12,18446744073709551540,100,-91,150,290,60,240,2,93,1553529
fd00::20a:a:a:a,18,0,0,200,218,1563508,149,150,60,12,43,100,-91,151,292,60,263,2,141,1563771
fd00::20a:a:a:a,18,0,0,200,218,1573727,150,151,60,12,249,100,-91,152,294,60,224,2,243,1573951
fd00::20a:a:a:a,18,0,0,200,218,1583946,151,152,60,12,18446744073709551607,100,-91,153,296,60,287,2,135,1584233
fd00::20a:a:a:a,18,0,0,200,218,1594165,152,153,60,12,6,100,-91,154,298,60,225,2,123,1594390
fd00::20a:a:a:a,18,0,0,200,218,1604384,153,154,60,12,18446744073709551593,100,-91,155,300,60,230,2,133,1604614
fd00::20a:a:a:a,18,0,0,200,218,1614603,154,155,60,12,18446744073709551564,100,-91,156,302,60,252,2,128,1614855
fd00::20a:a:a:a,18,0,0,200,218,1624822,155,156,60,12,24,100,-91,157,304,60,260,2,154,1625082
fd00::20a:a:a:a,18,0,0,200,218,1635041,156,157,60,12,38,100,-91,158,306,60,247,2,171,1635288
fd00::20a:a:a:a,18,0,0,200,218,1645260,157,158,60,12,34,100,-91,159,308,60,276,2,187,1645536
fd00::20a:a:a:a,18,0,0,200,218,1655479,158,159,60,12,5,100,-91,160,310,60,261,2,127,1655740
fd00::20a:a:a:a,18,0,0,200,218,1665698,159,160,60,12,112,100,-91,161,312,60,262,2,173,1665960
fd00::20a:a:a:a,18,0,0,200,218,1675917,160,161,60,12,15,100,-91,162,314,60,237,2,172,1676154
fd00::20a:a:a:a,18,0,0,200,218,1686136,161,162,60,12,49,100,-91,163,316,60,252,2,178,1686388
fd00::20a:a:a:a,18,0,0,200,218,1696355,162,163,60,12,168,100,-91,164,318,60,252,2,218,1696607
fd00::20a:a:a:a,18,0,0,200,218,1706574,163,164,60,12,86,100,-91,165,320,60,257,2,165,1706831
fd00::20a:a:a:a,18,0,0,200,218,1716793,164,165,60,12,75,100,-91,166,322,60,262,2,194,1717055
fd00::20a:a:a:a,18,0,0,200,218,1727012,165,166,60,12,162,100,-91,167,324,60,272,2,213,1727284
fd00::20a:a:a:a,18,0,0,200,218,1737231,166,167,60,12,12,100,-91,168,326,60,308,2,191,1737539
fd00::20a:a:a:a,18,0,0,200,218,1747450,167,168,60,12,18446744073709551603,100,-91,169,328,60,299,2,119,1747749
fd00::20a:a:a:a,18,0,0,200,218,1757669,168,169,60,12,103,100,-91,170,330,60,284,2,178,1757953
fd00::20a:a:a:a,18,0,0,200,218,1767888,169,170,60,12,111,100,-91,171,332,60,284,2,189,1768172
fd00::20a:a:a:a,18,0,0,200,218,1778107,170,171,60,12,18446744073709551609,100,-91,172,334,60,260,2,150,1778367
fd00::20a:a:a:a,18,0,0,200,218,1788326,171,172,60,12,18446744073709551578,100,-91,173,336,60,257,2,97,1788583
fd00::20a:a:a:a,18,0,0,200,218,1798545,172,173,60,12,51,100,-91,174,338,60,263,2,140,1798808
fd00::20a:a:a:a,18,0,0,200,218,1808764,173,174,60,12,252,100,-91,175,340,60,285,2,229,1809049
fd00::20a:a:a:a,18,0,0,200,218,1818983,174,175,60,12,24,100,-91,176,342,60,250,2,152,1819233
fd00::20a:a:a:a,18,0,0,200,218,1829202,175,176,60,12,41,100,-91,177,344,60,248,2,159,1829450
fd00::20a:a:a:a,18,0,0,200,218,1839421,176,177,60,12,134,100,-91,178,346,60,255,2,214,1839676
fd00::20a:a:a:a,18,0,0,200,218,1849640,177,178,60,12,64,100,-91,179,348,60,260,2,159,1849900
fd00::20a:a:a:a,18,0,0,200,218,1859859,178,179,60,12,4,100,-91,181,350,60,279,2,134,1860138
fd00::20a:a:a:a,18,0,0,200,218,1870078,179,181,60,12,18446744073709551580,100,-91,182,353,60,260,2,107,1870338
fd00::20a:a:a:a,18,0,0,200,218,1880297,180,182,60,12,73,100,-91,183,355,60,267,2,188,1880564
fd00::20a:a:a:a,18,0,0,200,218,1890516,181,183,60,12,31,100,-91,184,357,60,257,2,190,1890773
fd00::20a:a:a:a,18,0,0,200,218,1900735,182,184,60,12,342,100,-91,185,359,60,278,2,291,1901013
fd00::20a:a:a:a,18,0,0,200,218,1910954,183,185,60,12,121,100,-91,186,361,60,303,2,204,1911257
fd00::20a:a:a:a,18,0,0,200,218,1921173,184,186,60,12,33,100,-91,187,363,60,253,2,195,1921426
fd00::20a:a:a:a,18,0,0,200,218,1931392,185,187,60,12,197,100,-91,188,365,60,261,2,219,1931653
fd00::20a:a:a:a,18,0,0,200,218,1941611,186,188,60,12,157,100,-91,189,367,60,274,2,233,1941885
fd00::20a:a:a:a,18,0,0,200,218,1951830,187,189,60,12,121,100,-91,190,369,60,231,2,215,1952061
fd00::20a:a:a:a,18,0,0,200,218,1962049,188,190,60,12,84,100,-87,191,371,60,238,2,198,1962287
fd00::20a:a:a:a,18,0,0,200,218,1972268,189,191,60,12,192,100,-91,192,373,60,252,2,219,1972520
fd00::20a:a:a:a,18,0,0,200,218,1982487,190,192,60,12,1,100,-91,193,375,60,273,2,215,1982760
fd00::20a:a:a:a,18,0,0,200,218,1992706,191,193,60,12,1,100,-91,194,377,60,259,2,137,1992965
fd00::20a:a:a:a,18,0,0,200,218,2002925,192,194,60,12,35,100,-91,195,379,60,277,2,159,2003202
fd00::20a:a:a:a,18,0,0,200,218,2013144,193,195,60,12,18446744073709551567,100,-91,196,381,60,336,2,143,2013480
fd00::20a:a:a:a,18,0,0,200,218,2023363,194,196,60,12,18446744073709551607,100,-91,197,383,60,256,2,160,2023619
fd00::20a:a:a:a,18,0,0,200,218,2033582,195,197,60,12,18446744073709551599,100,-91,198,385,60,287,2,163,2033869
fd00::20a:a:a:a,18,0,0,200,218,2043801,196,198,60,12,22,100,-91,199,387,60,224,2,150,2044025
fd00::20a:a:a:a,18,0,0,200,218,2054020,197,199,60,12,18446744073709551613,100,-91,200,389,60,362,2,128,2054382
fd00::20a:a:a:a,18,0,0,200,218,2064239,198,200,60,12,18446744073709551596,100,-91,201,391,60,242,2,127,2064481
fd00::20a:a:a:a,18,0,0,200,218,2074458,199,201,60,12,11,100,-91,202,393,60,280,2,131,2074738
fd00::20a:a:a:a,18,0,0,200,218,2084677,200,202,60,12,44,100,-91,203,395,60,272,2,141,2084949
fd00::20a:a:a:a,18,0,0,200,218,2094896,201,203,60,12,50,100,-91,204,397,60,242,2,156,2095138
fd00::20a:a:a:a,18,0,0,200,218,2105115,202,204,60,12,86,100,-91,205,399,60,226,2,217,2105341
fd00::20a:a:a:a,18,0,0,200,218,2115334,203,205,60,12,2,100,-91,206,401,60,249,2,171,2115583
fd00::20a:a:a:a,18,0,0,200,218,2125553,204,206,60,12,18446744073709551578,100,-91,207,403,60,250,2,103,2125803
fd00::20a:a:a:a,18,0,0,200,218,2135772,205,207,60,12,59,100,-91,208,405,60,289,2,160,2136061
fd00::20a:a:a:a,18,0,0,200,218,2145991,206,208,60,12,129,100,-91,209,407,60,280,2,176,2146271
fd00::20a:a:a:a,18,0,0,200,218,2156210,207,209,60,12,127,100,-91,210,409,60,264,2,207,2156474
fd00::20a:a:a:a,18,0,0,200,218,2166429,208,210,60,12,18446744073709551615,100,-91,211,411,60,221,2,158,2166650
fd00::20a:a:a:a,18,0,0,200,218,2176648,209,211,60,12,53,100,-91,212,413,60,234,2,162,2176882
fd00::20a:a:a:a,18,0,0,200,218,2186867,210,212,60,12,126,100,-91,213,415,60,265,2,176,2187132
fd00::20a:a:a:a,18,0,0,200,218,2197086,211,213,60,12,73,100,-91,214,417,60,247,2,156,2197333
fd00::20a:a:a:a,18,0,0,200,218,2207305,212,214,60,12,168,100,-91,215,419,60,253,2,232,2207558
fd00::20a:a:a:a,18,0,0,200,218,2217524,213,215,60,12,12,100,-91,216,421,60,236,2,191,2217760
fd00::20a:a:a:a,18,0,0,200,218,2227743,214,216,60,12,18446744073709551568,100,-91,217,423,60,234,2,110,2227977
fd00::20a:a:a:a,18,0,0,200,218,2237962,215,217,60,12,2,100,-91,218,425,60,243,2,122,2238205
fd00::20a:a:a:a,18,0,0,200,218,2248181,216,218,60,12,18446744073709551589,100,-91,219,426,60,280,2,122,2248461
fd00::20a:a:a:a,18,0,0,200,218,2258400,217,219,60,12,10,100,-91,220,428,60,243,2,119,2258643
fd00::20a:a:a:a,18,0,0,200,218,2268619,218,220,60,12,135,100,-91,221,430,60,248,2,183,2268867
fd00::20a:a:a:a,18,0,0,200,218,2278838,219,221,60,12,30,100,-91,222,432,60,263,2,119,2279101
fd00::20a:a:a:a,18,0,0,200,218,2289057,220,222,60,12,52,100,-91,223,434,60,221,2,171,2289278
fd00::20a:a:a:a,18,0,0,200,218,2299276,221,223,60,12,168,100,-91,224,436,60,235,2,243,2299511
fd00::20a:a:a:a,18,0,0,200,218,2309495,222,224,60,12,18446744073709551604,100,-91,225,438,60,235,2,209,2309730
fd00::20a:a:a:a,18,0,0,200,218,2319714,223,225,60,12,5,100,-91,226,440,60,240,2,148,2319954
fd00::20a:a:a:a,18,0,0,200,218,2329933,224,226,60,12,19,100,-91,228,442,60,446,2,155,2330379
fd00::20a:a:a:a,18,0,0,200,218,2340152,225,228,60,12,131,100,-91,229,445,60,351,2,228,2340503
fd00::20a:a:a:a,18,0,1,200,219,2350371,226,229,60,12,60,100,-91,230,447,60,252,2,256,2350623
fd00::20a:a:a:a,18,0,0,200,218,2360590,227,230,60,12,18446744073709551545,100,-91,231,449,60,257,2,129,2360847
fd00::20a:a:a:a,18,0,0,200,218,2370809,228,231,60,12,72,100,-91,232,451,60,251,2,155,2371060
fd00::20a:a:a:a,18,0,0,200,218,2381028,229,232,60,12,37,100,-91,233,453,60,275,2,164,2381303
fd00::20a:a:a:a,18,0,0,200,218,2391247,230,233,60,12,18446744073709551597,100,-91,234,455,60,242,2,125,2391489
fd00::20a:a:a:a,18,0,0,200,218,2401466,231,234,60,12,18446744073709551604,100,-91,235,457,60,218,2,137,2401684
fd00::20a:a:a:a,18,0,0,200,218,2411685,232,235,60,12,169,100,-91,236,459,60,242,2,191,2411927
fd00::20a:a:a:a,18,0,0,200,218,2421904,233,236,60,12,18446744073709551596,100,-91,237,461,60,257,2,127,2422161
fd00::20a:a:a:a,18,0,0,200,218,2432123,234,237,60,12,18446744073709551586,100,-91,238,463,60,246,2,145,2432369
fd00::20a:a:a:a,18,0,0,200,218,2442342,235,238,60,12,18446744073709551615,100,-91,239,465,60,275,2,132,2442617
fd00::20a:a:a:a,18,0,0,200,218,2452561,236,239,60,12,191,100,-91,240,467,60,257,2,217,2452818
fd00::20a:a:a:a,18,0,0,200,218,2462780,237,240,60,12,12,100,-91,241,469,60,257,2,162,2463037
fd00::20a:a:a:a,18,0,0,200,218,2472999,238,241,60,12,15,100,-91,242,471,60,248,2,144,2473247
fd00::20a:a:a:a,18,0,0,200,218,2483218,239,242,60,12,41,100,-91,243,473,60,276,2,144,2483494
fd00::20a:a:a:a,18,0,0,200,218,2493437,240,243,60,12,11,100,-91,244,475,60,254,2,120,2493691
fd00::20a:a:a:a,18,0,0,200,218,2503656,241,244,60,12,64,100,-91,245,477,60,231,2,151,2503887
fd00::20a:a:a:a,18,0,0,200,218,2513875,242,245,60,12,59,100,-91,246,479,60,277,2,152,2514152
fd00::20a:a:a:a,18,0,0,200,218,2524094,243,246,60,12,37,100,-91,247,481,60,255,2,150,2524349
fd00::20a:a:a:a,18,0,0,200,218,2534313,244,247,60,12,18446744073709551599,100,-91,248,483,60,210,2,142,2534523
fd00::20a:a:a:a,18,0,0,200,218,2544532,245,248,60,12,144,100,-91,249,485,60,238,2,197,2544770
fd00::20a:a:a:a,18,0,0,200,218,2554751,246,249,60,12,82,100,-91,250,487,60,275,2,235,2555026
fd00::20a:a:a:a,18,0,0,200,218,2564970,247,250,60,12,18446744073709551590,100,-91,251,489,60,266,2,130,2565236
fd00::20a:a:a:a,18,0,0,200,218,2575189,248,251,60,12,18446744073709551590,100,-91,252,491,60,248,2,103,2575437
fd00::20a:a:a:a,18,0,0,200,218,2585408,249,252,60,12,139,100,-91,253,493,60,271,2,207,2585679
fd00::20a:a:a:a,18,0,0,200,218,2595627,250,253,60,12,18446744073709551547,100,-91,254,495,60,235,2,107,2595862
fd00::20a:a:a:a,18,0,0,200,218,2605846,251,254,60,12,18446744073709551582,100,-91,255,497,60,249,2,109,2606095
fd00::20a:a:a:a,18,0,0,200,218,2616065,252,255,60,12,34,100,-91,256,499,60,249,2,144,2616314
fd00::20a:a:a:a,18,0,0,200,218,2626284,253,256,60,12,59,100,-91,257,501,60,236,2,187,2626520
fd00::20a:a:a:a,18,0,0,200,218,2636503,254,257,60,12,18446744073709551588,100,-91,258,503,60,250,2,115,2636753
fd00::20a:a:a:a,18,0,0,200,218,2646722,255,258,60,12,214,100,-91,259,505,60,238,2,235,2646960
fd00::20a:a:a:a,18,0,0,200,218,2656941,256,259,60,12,60,100,-91,260,507,60,246,2,150,2657187
fd00::20a:a:a:a,18,0,0,200,218,2667160,257,260,60,12,18446744073709551613,100,-91,261,509,60,247,2,143,2667407
fd00::20a:a:a:a,18,0,0,200,218,2677379,258,261,60,12,18446744073709551573,100,-91,262,511,60,260,2,97,2677639
fd00::20a:a:a:a,18,0,0,200,218,2687598,259,262,60,12,175,100,-91,263,513,60,249,2,272,2687847
fd00::20a:a:a:a,18,0,1,200,219,2697817,260,263,60,12,36,100,-91,264,515,60,256,2,173,2698073
fd00::20a:a:a:a,18,0,0,200,218,2708036,261,264,60,12,71,100,-91,265,517,60,256,2,222,2708292
fd00::20a:a:a:a,18,0,0,200,218,2718255,262,265,60,12,55,100,-91,266,519,60,255,2,179,2718510
fd00::20a:a:a:a,18,0,0,200,218,2728474,263,266,60,12,34,100,-91,267,521,60,271,2,140,2728745
fd00::20a:a:a:a,18,0,0,200,218,2738693,264,267,60,12,2,100,-91,268,523,60,256,2,133,2738949
fd00::20a:a:a:a,18,0,0,200,218,2748912,265,268,60,12,49,100,-91,269,525,60,222,2,156,2749134
fd00::20a:a:a:a,18,0,0,200,218,2759131,266,269,60,12,108,100,-91,270,527,60,241,2,188,2759372
fd00::20a:a:a:a,18,0,0,200,218,2769350,267,270,60,12,67,100,-91,271,529,60,259,2,176,2769609
fd00::20a:a:a:a,18,0,0,200,218,2779569,268,271,60,12,31,100,-91,272,531,60,206,2,201,2779775
fd00::20a:a:a:a,18,0,0,200,218,2789788,269,272,60,12,72,100,-91,274,533,60,229,2,179,2790017
fd00::20a:a:a:a,18,0,1,199,218,2800007,270,273,60,12,61,100,-91,275,535,60,327,2,144,2800334
fd00::20a:a:a:a,18,0,1,200,219,2810226,271,275,60,12,81,100,-91,276,538,60,261,2,176,2810487
fd00::20a:a:a:a,18,0,0,200,218,2820445,272,276,60,12,106,100,-91,277,540,60,297,2,190,2820742
fd00::20a:a:a:a,18,0,0,200,218,2830664,273,277,60,12,18446744073709551539,100,-91,278,542,60,265,2,140,2830929
fd00::20a:a:a:a,18,0,0,200,218,2840883,274,278,60,12,89,100,-91,279,544,60,320,2,184,2841203
fd00::20a:a:a:a,18,0,0,200,218,2851102,275,279,60,12,33,100,-91,280,546,60,270,2,153,2851372
fd00::20a:a:a:a,18,0,0,200,218,2861321,276,280,60,12,57,100,-91,281,548,60,249,2,147,2861570
fd00::20a:a:a:a,18,0,0,200,218,2871540,277,281,60,12,131,100,-91,282,550,60,246,2,208,2871786
fd00::20a:a:a:a,18,0,0,200,218,2881759,278,282,60,12,125,100,-91,283,552,60,293,2,194,2882052
fd00::20a:a:a:a,18,0,0,200,218,2891978,279,283,60,12,225,100,-91,284,554,60,237,2,335,2892215
fd00::20a:a:a:a,18,0,1,199,218,2902197,280,284,60,12,122,100,-91,285,556,60,272,2,186,2902469
fd00::20a:a:a:a,18,0,0,200,218,2912416,281,285,60,12,95,100,-91,286,558,60,244,2,196,2912660
fd00::20a:a:a:a,18,0,0,200,218,2922635,282,286,60,12,200,100,-91,287,560,60,258,2,236,2922893
fd00::20a:a:a:a,18,0,0,200,218,2932854,283,287,60,12,8,100,-91,288,562,60,205,2,173,2933059
fd00::20a:a:a:a,18,0,0,200,218,2943073,284,288,60,12,4,100,-56,289,564,60,248,2,115,2943321
fd00::20a:a:a:a,18,0,0,200,218,2953292,285,289,60,12,135,100,-91,290,566,60,275,2,202,2953567
fd00::20a:a:a:a,18,0,0,200,218,2963511,286,290,60,12,18446744073709551582,100,-91,291,568,60,233,2,129,2963744
fd00::20a:a:a:a,18,0,0,200,218,2973730,287,291,60,12,167,100,-91,292,570,60,276,2,223,2974006
fd00::20a:a:a:a,18,0,0,200,218,2983949,288,292,60,12,71,100,-91,293,571,60,248,2,223,2984197
fd00::20a:a:a:a,18,0,0,200,218,2994168,289,293,60,12,58,100,-91,294,573,60,294,2,192,2994462
fd00::20a:a:a:a,18,0,0,200,218,3004387,290,294,60,12,18446744073709551607,100,-91,295,575,60,265,2,169,3004652
fd00::20a:a:a:a,18,0,1,199,218,3014606,291,295,60,12,211,100,-91,296,577,60,219,2,270,3014825
fd00::20a:a:a:a,18,0,0,200,218,3024825,292,296,60,12,39,100,-91,297,579,60,273,2,156,3025098
fd00::20a:a:a:a,18,0,0,200,218,3035044,293,297,60,12,116,100,-91,298,581,60,260,2,216,3035304
fd00::20a:a:a:a,18,0,0,200,218,3045263,294,298,60,12,37,100,-91,299,583,60,221,2,160,3045484
fd00::20a:a:a:a,18,0,0,200,218,3055482,295,299,60,12,92,100,-91,300,585,60,265,2,195,3055747
fd00::20a:a:a:a,18,0,0,200,218,3065701,296,300,60,12,406,100,-91,301,587,60,316,2,313,3066017
fd00::20a:a:a:a,18,0,0,200,218,3075920,297,301,60,12,18446744073709551609,100,-91,302,589,60,300,2,137,3076220
fd00::20a:a:a:a,18,0,0,200,218,3086139,298,302,60,12,18446744073709551582,100,-91,303,591,60,226,2,145,3086365
fd00::20a:a:a:a,18,0,0,200,218,3096358,299,303,60,12,15,100,-91,304,593,60,243,2,139,3096601
fd00::20a:a:a:a,18,0,0,200,218,3106577,300,304,60,12,8,100,-91,305,595,60,270,2,164,3106847
fd00::20a:a:a:a,18,0,0,200,218,3116796,301,305,60,12,21,100,-91,306,597,60,257,2,161,3117053
fd00::20a:a:a:a,18,0,0,200,218,3127015,302,306,60,12,18446744073709551612,100,-91,307,599,60,257,2,115,3127272
fd00::20a:a:a:a,18,0,0,200,218,3137234,303,307,60,12,18446744073709551595,100,-91,308,601,60,283,2,155,3137517
fd00::20a:a:a:a,18,0,0,200,218,3147453,304,308,60,12,18446744073709551592,100,-91,309,603,60,256,2,106,3147709
fd00::20a:a:a:a,18,0,0,200,218,3157672,305,309,60,12,18446744073709551575,100,-91,310,605,60,213,2,112,3157885
fd00::20a:a:a:a,18,0,0,200,218,3167891,306,310,60,12,18446744073709551566,100,-91,311,607,60,228,2,98,3168119
fd00::20a:a:a:a,18,0,0,200,218,3178110,307,311,60,12,29,100,-91,312,609,60,270,2,140,3178380
fd00::20a:a:a:a,18,0,0,200,218,3188329,308,312,60,12,78,100,-91,313,611,60,239,2,171,3188568
fd00::20a:a:a:a,18,0,0,200,218,3198548,309,313,60,12,56,100,-91,314,613,60,247,2,163,3198795
fd00::20a:a:a:a,18,0,0,200,218,3208767,310,314,60,12,17,100,-91,315,615,60,288,2,154,3209055
fd00::20a:a:a:a,18,0,0,200,218,3218986,311,315,60,12,37,100,-91,316,617,60,234,2,145,3219220
fd00::20a:a:a:a,18,0,0,200,218,3229205,312,316,60,12,18446744073709551577,100,-91,317,619,60,255,2,105,3229460
fd00::20a:a:a:a,18,0,0,200,218,3239424,313,317,60,12,18446744073709551606,100,-91,318,621,60,256,2,115,3239680
fd00::20a:a:a:a,18,0,0,200,218,3249643,314,318,60,12,18446744073709551584,100,-91,319,623,60,243,2,179,3249886
fd00::20a:a:a:a,18,0,0,200,218,3259862,315,319,60,12,15,100,-91,321,625,60,307,2,137,3260169
fd00::20a:a:a:a,18,0,0,200,218,3270081,316,320,60,12,18,100,-91,322,627,60,220,2,152,3270301
fd00::20a:a:a:a,18,0,0,200,218,3280300,317,322,60,12,20,100,-91,323,630,60,258,2,126,3280558
fd00::20a:a:a:a,18,0,0,200,218,3290519,318,323,60,12,34,100,-91,324,632,60,264,2,167,3290783
fd00::20a:a:a:a,18,0,0,200,218,3300738,319,324,60,12,3,100,-91,325,634,60,240,2,131,3300978
fd00::20a:a:a:a,18,0,0,200,218,3310957,320,325,60,12,18446744073709551575,100,-91,326,636,60,231,2,97,3311188
fd00::20a:a:a:a,18,0,0,200,218,3321176,321,326,60,12,68,100,-91,327,638,60,284,2,159,3321460
fd00::20a:a:a:a,18,0,0,200,218,3331395,322,327,60,12,23,100,-91,328,640,60,226,2,185,3331621
fd00::20a:a:a:a,18,0,0,200,218,3341614,323,328,60,12,42,100,-91,329,642,60,250,2,150,3341864
fd00::20a:a:a:a,18,0,0,200,218,3351833,324,329,60,12,18446744073709551602,100,-91,330,644,60,238,2,114,3352071
fd00::20a:a:a:a,18,0,0,200,218,3362052,325,330,60,12,39,100,-91,331,646,60,208,2,168,3362260
fd00::20a:a:a:a,18,0,0,200,218,3372271,326,331,60,12,39,100,-91,332,648,60,235,2,141,3372506
fd00::20a:a:a:a,18,0,0,200,218,3382490,327,332,60,12,59,100,-91,333,650,60,280,2,168,3382770
fd00::20a:a:a:a,18,0,0,200,218,3392709,328,333,60,12,72,100,-91,334,652,60,231,2,163,3392940
fd00::20a:a:a:a,18,0,0,200,218,3402928,329,334,60,12,18446744073709551550,100,-91,335,654,60,236,2,115,3403164
fd00::20a:a:a:a,18,0,0,200,218,3413147,330,335,60,12,18,100,-91,336,656,60,254,2,132,3413401
fd00::20a:a:a:a,18,0,0,200,218,3423366,331,336,60,12,18446744073709551586,100,-91,337,658,60,235,2,160,3423601
fd00::20a:a:a:a,18,0,0,200,218,3433585,332,337,60,12,14,100,-91,338,660,60,272,2,130,3433857
fd00::20a:a:a:a,18,0,0,200,218,3443804,333,338,60,12,90,100,-91,339,662,60,221,2,202,3444025
fd00::20a:a:a:a,18,0,0,200,218,3454023,334,339,60,12,156,100,-91,340,664,60,262,2,211,3454285
fd00::20a:a:a:a,18,0,0,200,218,3464242,335,340,60,12,123,100,-91,341,666,60,275,2,177,3464517
fd00::20a:a:a:a,18,0,0,200,218,3474461,336,341,60,12,9,100,-91,342,668,60,272,2,123,3474733
fd00::20a:a:a:a,18,0,0,200,218,3484680,337,342,60,12,18446744073709551554,100,-91,343,670,60,269,2,116,3484949
fd00::20a:a:a:a,18,0,0,200,218,3494899,338,343,60,12,33,100,-91,344,672,60,357,2,163,3495256
fd00::20a:a:a:a,18,0,0,200,218,3505118,339,344,60,12,18446744073709551579,100,-91,345,674,60,247,2,128,3505365
fd00::20a:a:a:a,18,0,0,200,218,3515337,340,345,60,12,18446744073709551609,100,-91,346,676,60,264,2,143,3515601
fd00::20a:a:a:a,18,0,0,200,218,3525556,341,346,60,12,18446744073709551567,100,-91,347,678,60,237,2,149,3525793
fd00::20a:a:a:a,18,0,0,200,218,3535775,342,347,60,12,85,100,-91,348,680,60,259,2,183,3536034
fd00::20a:a:a:a,18,0,0,200,218,3545994,343,348,60,12,85,100,-91,349,682,60,252,2,164,3546246
fd00::20a:a:a:a,18,0,0,200,218,3556213,344,349,60,12,1,100,-91,350,684,60,256,2,129,3556469
fd00::20a:a:a:a,18,0,0,200,218,3566432,345,350,60,12,33,100,-91,351,686,60,281,2,148,3566713
fd00::20a:a:a:a,18,0,0,200,218,3576651,346,351,60,12,18446744073709551562,100,-91,352,688,60,268,2,219,3576919
fd00::20a:a:a:a,18,0,0,200,218,3586870,347,352,60,12,34,100,-91,353,690,60,230,2,157,3587100
fd00::20a:a:a:a,18,0,0,200,218,3597089,348,353,60,12,91,100,-91,354,692,60,280,2,155,3597369
fd00::20b:b:b:b,95,0,0,1044,1139,53046,1,0,60,0,0,0,0,0,1,60,18446744073709551491,2,0,52921
fd00::20b:b:b:b,19,0,0,208,227,63655,2,1,60,12,354,100,-43,1,3,60,18446744073709551501,2,123,63540
fd00::20b:b:b:b,19,0,0,208,227,74264,3,2,60,12,427,100,-43,2,5,60,18446744073709551487,2,156,74135
fd00::20b:b:b:b,19,0,0,208,227,84873,4,3,60,12,402,100,-43,3,7,60,18446744073709551481,2,161,84738
fd00::20b:b:b:b,19,0,1,207,227,95482,5,4,60,12,517,100,-43,4,9,60,18446744073709551503,2,294,95369
fd00::20b:b:b:b,19,0,0,207,226,106091,6,5,60,12,537,100,-43,5,11,60,18446744073709551530,2,246,106005
fd00::20b:b:b:b,19,0,0,207,226,116700,7,6,60,12,426,100,-43,6,13,60,18446744073709551525,2,224,116609
fd00::20b:b:b:b,19,0,1,207,227,127309,8,7,60,12,543,100,-43,7,15,60,18446744073709551510,2,205,127203
fd00::20b:b:b:b,19,0,1,207,227,137918,9,8,60,12,426,100,-43,8,16,60,18446744073709551511,2,205,137813
fd00::20b:b:b:b,19,0,1,207,227,148527,10,9,60,12,499,100,-43,9,17,60,18446744073709551513,2,205,148424
fd00::20b:b:b:b,19,0,1,207,227,159136,11,10,60,12,550,100,-43,10,19,60,18446744073709551498,2,240,159018
fd00::20b:b:b:b,19,0,2,206,227,169745,12,11,60,12,560,100,-43,11,20,60,18446744073709551516,2,240,169645
fd00::20b:b:b:b,19,0,0,208,227,180354,13,12,60,12,537,100,-43,13,22,60,18446744073709551556,2,220,180294
fd00::20b:b:b:b,19,0,0,208,227,190963,14,14,60,12,370,100,-43,14,25,60,18446744073709551488,2,188,190835
fd00::20b:b:b:b,19,0,0,208,227,201572,15,15,60,12,533,100,-43,15,27,60,18446744073709551500,2,214,201456
fd00::20b:b:b:b,19,0,0,208,227,212181,16,16,60,12,614,100,-43,16,29,60,18446744073709551514,2,250,212079
fd00::20b:b:b:b,19,0,0,208,227,222790,17,17,60,12,497,100,-43,17,31,60,18446744073709551525,2,189,222699
fd00::20b:b:b:b,19,0,1,207,227,233399,18,18,60,12,484,100,-43,18,33,60,18446744073709551508,2,189,233291
fd00::20b:b:b:b,19,0,1,207,227,244008,19,19,60,12,509,100,-43,19,34,60,18446744073709551513,2,189,243905
fd00::20b:b:b:b,19,0,1,207,227,254617,20,20,60,12,518,100,-43,20,35,60,18446744073709551518,2,189,254519
fd00::20b:b:b:b,19,0,1,207,227,265226,21,21,60,12,496,100,-43,21,36,60,18446744073709551516,2,189,265126
fd00::20b:b:b:b,19,0,1,207,227,275835,22,22,60,12,522,100,-43,22,37,60,18446744073709551496,2,189,275715
fd00::20b:b:b:b,19,0,0,208,227,286444,23,23,60,12,617,100,-43,23,39,60,18446744073709551479,2,243,286307
fd00::20b:b:b:b,19,0,0,208,227,297053,24,24,60,12,416,100,-43,24,41,60,18446744073709551483,2,177,296920
fd00::20b:b:b:b,19,0,0,208,227,307662,25,25,60,12,550,100,-43,25,43,60,18446744073709551483,2,216,307529
fd00::20b:b:b:b,19,0,0,208,227,318271,26,26,60,12,416,100,-43,26,45,60,18446744073709551494,2,172,318149
fd00::20b:b:b:b,19,0,0,208,227,328880,27,27,60,12,444,100,-43,27,47,60,18446744073709551488,2,181,328752
fd00::20b:b:b:b,19,0,0,208,227,339489,28,28,60,12,519,100,-43,28,49,60,18446744073709551505,2,206,339378
fd00::20b:b:b:b,19,0,1,207,227,350098,29,29,60,12,542,100,-43,29,50,60,18446744073709551519,2,206,350001
fd00::20b:b:b:b,19,0,2,206,227,360707,30,31,60,12,593,100,-43,31,52,60,18446744073709551530,2,243,360621
fd00::20b:b:b:b,19,0,1,207,227,371316,31,32,60,12,421,100,-43,32,54,60,18446744073709551513,2,157,371213
fd00::20b:b:b:b,19,0,0,208,227,381925,32,33,60,12,462,100,-43,33,56,60,18446744073709551533,2,166,381842
fd00::20b:b:b:b,19,0,0,208,227,392534,33,34,60,12,410,100,-43,34,58,60,18446744073709551472,2,157,392390
fd00::20b:b:b:b,19,0,0,208,227,403143,34,35,60,12,416,100,-43,35,60,60,18446744073709551524,2,177,403051
fd00::20b:b:b:b,19,0,0,208,227,413752,35,36,60,12,387,100,-43,36,62,60,18446744073709551481,2,135,413617
fd00::20b:b:b:b,19,0,0,208,227,424361,36,37,60,12,527,100,-43,37,64,60,18446744073709551505,2,235,424250
fd00::20b:b:b:b,19,0,0,208,227,434970,37,38,60,12,362,100,-43,38,66,60,18446744073709551485,2,141,434839
fd00::20b:b:b:b,19,0,1,207,227,445579,38,39,60,12,434,100,-43,39,68,60,18446744073709551485,2,195,445448
fd00::20b:b:b:b,19,0,0,207,226,456188,39,40,60,12,466,100,-43,40,70,60,18446744073709551527,2,206,456099
fd00::20b:b:b:b,19,0,0,207,226,466797,40,41,60,12,526,100,-43,41,72,60,18446744073709551486,2,240,466667
fd00::20b:b:b:b,19,0,0,208,227,477406,41,42,60,12,455,100,-43,42,74,60,18446744073709551505,2,178,477295
fd00::20b:b:b:b,19,0,0,208,227,488015,42,43,60,12,479,100,-43,43,76,60,18446744073709551470,2,182,487869
fd00::20b:b:b:b,19,0,0,208,227,498624,43,44,60,12,355,100,-43,44,78,60,18446744073709551521,2,171,498529
fd00::20b:b:b:b,19,0,0,208,227,509233,44,45,60,12,449,100,-43,45,80,60,18446744073709551472,2,191,509089
fd00::20b:b:b:b,19,0,0,208,227,519842,45,46,60,12,641,100,-43,46,82,60,18446744073709551493,2,253,519719
fd00::20b:b:b:b,19,0,0,208,227,530451,46,47,60,12,404,100,-43,48,84,60,18446744073709551504,2,166,530339
fd00::20b:b:b:b,19,0,0,208,227,541060,47,49,60,12,406,100,-43,49,87,60,18446744073709551515,2,156,540959
fd00::20b:b:b:b,19,0,0,207,226,551669,48,50,60,12,408,100,-43,50,89,60,18446744073709551504,2,139,551557
fd00::20b:b:b:b,19,0,0,207,226,562278,49,51,60,12,482,100,-43,51,91,60,18446744073709551506,2,190,562168
fd00::20b:b:b:b,19,0,0,208,227,572887,50,52,60,12,425,100,-43,52,93,60,18446744073709551503,2,195,572774
fd00::20b:b:b:b,19,0,0,208,227,583496,51,53,60,12,476,100,-43,53,95,60,18446744073709551471,2,256,583351
fd00::20b:b:b:b,19,0,0,207,226,594105,52,54,60,12,405,100,-43,54,97,60,18446744073709551514,2,141,594003
fd00::20b:b:b:b,19,0,0,208,227,604714,53,55,60,12,432,100,-43,55,99,60,18446744073709551517,2,168,604615
fd00::20b:b:b:b,19,0,0,208,227,615323,54,56,60,12,466,100,-43,56,101,60,18446744073709551476,2,201,615183
fd00::20b:b:b:b,19,0,0,208,227,625932,55,57,60,12,432,100,-43,57,103,60,18446744073709551451,2,155,625767
fd00::20b:b:b:b,19,0,0,208,227,636541,56,58,60,12,575,100,-43,58,105,60,18446744073709551489,2,250,636414
fd00::20b:b:b:b,19,0,0,208,227,647150,57,59,60,12,499,100,-43,59,107,60,18446744073709551524,2,193,647058
fd00::20b:b:b:b,19,0,0,208,227,657759,58,60,60,12,537,100,-43,60,109,60,18446744073709551538,2,213,657681
fd00::20b:b:b:b,19,0,0,208,227,668368,59,61,60,12,432,100,-43,61,111,60,18446744073709551506,2,159,668258
fd00::20b:b:b:b,19,0,0,207,226,678977,60,62,60,12,373,100,-43,62,113,60,18446744073709551475,2,135,678836
fd00::20b:b:b:b,19,0,0,207,226,689586,61,63,60,12,376,100,-43,63,115,60,18446744073709551460,2,175,689430
fd00::20b:b:b:b,19,0,0,207,226,700195,62,64,60,12,485,100,-43,65,117,60,18446744073709551555,2,172,700134
fd00::20b:b:b:b,19,0,1,207,227,710804,63,66,60,12,429,100,-43,66,120,60,18446744073709551512,2,164,710700
fd00::20b:b:b:b,19,0,0,208,227,721413,64,67,60,12,625,100,-43,67,122,60,18446744073709551475,2,253,721272
fd00::20b:b:b:b,19,0,0,208,227,732022,65,68,60,12,434,100,-43,68,124,60,18446744073709551502,2,208,731908
fd00::20b:b:b:b,19,0,0,208,227,742631,66,69,60,12,440,100,-43,69,126,60,18446744073709551511,2,177,742526
fd00::20b:b:b:b,19,0,0,208,227,753240,67,70,60,12,416,100,-43,70,128,60,18446744073709551521,2,153,753145
fd00::20b:b:b:b,19,0,0,208,227,763849,68,71,60,12,376,100,-43,71,130,60,18446744073709551508,2,179,763741
fd00::20b:b:b:b,19,0,0,208,227,774458,69,72,60,12,459,100,-43,72,132,60,18446744073709551525,2,163,774367
fd00::20b:b:b:b,19,0,0,208,227,785067,70,73,60,12,360,100,-43,73,134,60,18446744073709551516,2,115,784967
fd00::20b:b:b:b,19,0,0,208,227,795676,71,74,60,12,460,100,-43,74,136,60,18446744073709551530,2,155,795590
fd00::20b:b:b:b,19,0,0,208,227,806285,72,75,60,12,412,100,-43,75,138,60,18446744073709551488,2,130,806157
fd00::20b:b:b:b,19,0,0,208,227,816894,73,76,60,12,383,100,-43,76,140,60,18446744073709551510,2,141,816788
fd00::20b:b:b:b,19,0,0,207,226,827503,74,77,60,12,480,100,-43,77,142,60,18446744073709551479,2,227,827366
fd00::20b:b:b:b,19,0,0,208,227,838112,75,78,60,12,358,100,-43,78,144,60,18446744073709551516,2,147,838012
fd00::20b:b:b:b,19,0,0,208,227,848721,76,79,60,12,468,100,-43,79,146,60,18446744073709551497,2,200,848602
fd00::20b:b:b:b,19,0,0,208,227,859330,77,80,60,12,452,100,-43,80,148,60,18446744073709551520,2,164,859234
fd00::20b:b:b:b,19,0,0,208,227,869939,78,81,60,12,495,100,-43,81,150,60,18446744073709551474,2,193,869797
fd00::20b:b:b:b,19,0,0,208,227,880548,79,82,60,12,564,100,-43,83,152,60,18446744073709551534,2,210,880466
fd00::20b:b:b:b,19,0,1,207,227,891157,80,83,60,12,537,100,-43,84,154,60,18446744073709551540,2,212,891081
fd00::20b:b:b:b,19,0,0,208,227,901766,81,84,60,12,632,100,-43,85,156,60,18446744073709551488,2,271,901638
fd00::20b:b:b:b,19,0,0,207,226,912375,82,85,60,12,561,100,-43,86,158,60,18446744073709551471,2,227,912230
fd00::20b:b:b:b,19,0,0,208,227,922984,83,86,60,12,451,100,-43,87,160,60,18446744073709551481,2,174,922849
fd00::20b:b:b:b,19,0,0,208,227,933593,84,87,60,12,808,100,-43,88,162,60,18446744073709551480,2,348,933457
fd00::20b:b:b:b,19,0,0,208,227,944202,85,88,60,12,547,100,-43,89,164,60,18446744073709551501,2,216,944087
fd00::20b:b:b:b,19,0,0,208,227,954811,86,89,60,12,483,100,-43,90,166,60,18446744073709551521,2,165,954716
fd00::20b:b:b:b,19,0,0,208,227,965420,87,90,60,12,752,100,-43,91,168,60,18446744073709551473,2,315,965277
fd00::20b:b:b:b,19,0,0,208,227,976029,88,91,60,12,522,100,-43,92,170,60,18446744073709551506,2,212,975919
fd00::20b:b:b:b,19,0,0,207,226,986638,89,92,60,12,603,100,-43,93,172,60,18446744073709551511,2,248,986533
fd00::20b:b:b:b,19,0,0,207,226,997247,90,93,60,12,578,100,-43,94,174,60,18446744073709551504,2,246,997135
fd00::20b:b:b:b,19,0,0,207,226,1007856,91,94,60,12,686,100,-43,95,176,60,18446744073709551509,2,287,1007749
fd00::20b:b:b:b,19,0,0,208,227,1018465,92,95,60,12,358,100,-43,96,178,60,18446744073709551485,2,131,1018334
fd00::20b:b:b:b,19,0,0,208,227,1029074,93,96,60,12,496,100,-43,97,180,60,18446744073709551543,2,204,1029001
fd00::20b:b:b:b,19,0,0,208,227,1039683,94,97,60,12,422,100,-43,98,182,60,18446744073709551523,2,151,1039590
fd00::20b:b:b:b,19,0,0,208,227,1050292,95,98,60,12,488,100,-43,100,184,60,18446744073709551561,2,192,1050237
fd00::20b:b:b:b,19,0,0,208,227,1060901,96,100,60,12,337,100,-43,101,187,60,18446744073709551546,2,149,1060831
fd00::20b:b:b:b,19,0,0,208,227,1071510,97,101,60,12,402,100,-43,102,189,60,18446744073709551536,2,135,1071430
fd00::20b:b:b:b,19,0,0,208,227,1082119,98,102,60,12,450,100,-43,103,191,60,18446744073709551507,2,155,1082010
fd00::20b:b:b:b,19,0,0,208,227,1092728,99,103,60,12,494,100,-43,104,193,60,18446744073709551532,2,198,1092644
fd00::20b:b:b:b,19,0,0,208,227,1103337,100,104,60,12,398,100,-43,105,195,60,18446744073709551527,2,161,1103248
fd00::20b:b:b:b,19,0,0,208,227,1113946,101,105,60,12,410,100,-43,106,197,60,18446744073709551483,2,153,1113813
fd00::20b:b:b:b,19,0,0,208,227,1124555,102,106,60,12,409,100,-43,107,199,60,18446744073709551474,2,160,1124413
fd00::20b:b:b:b,19,0,0,208,227,1135164,103,107,60,12,272,100,-43,108,201,60,18446744073709551501,2,82,1135049
fd00::20b:b:b:b,19,0,0,208,227,1145773,104,108,60,12,315,100,-43,109,203,60,18446744073709551541,2,96,1145698
fd00::20b:b:b:b,19,0,0,208,227,1156382,105,109,60,12,344,100,-43,110,205,60,18446744073709551539,2,105,1156305
fd00::20b:b:b:b,19,0,0,208,227,1166991,106,110,60,12,452,100,-43,111,207,60,18446744073709551466,2,167,1166841
fd00::20b:b:b:b,19,0,0,208,227,1177600,107,111,60,12,409,100,-43,112,209,60,18446744073709551486,2,155,1177470
fd00::20b:b:b:b,19,0,0,208,227,1188209,108,112,60,12,326,100,-43,113,211,60,18446744073709551467,2,123,1188060
fd00::20b:b:b:b,19,0,0,208,227,1198818,109,113,60,12,387,100,-43,114,213,60,18446744073709551510,2,151,1198712
fd00::20b:b:b:b,19,0,0,208,227,1209427,110,114,60,12,328,100,-43,115,215,60,18446744073709551514,2,123,1209325
fd00::20b:b:b:b,19,0,0,208,227,1220036,111,115,60,12,396,100,-43,116,217,60,18446744073709551492,2,158,1219912
fd00::20b:b:b:b,19,0,0,208,227,1230645,112,117,60,12,404,100,-43,118,220,60,18446744073709551508,2,177,1230537
fd00::20b:b:b:b,19,0,0,208,227,1241254,113,118,60,12,332,100,-43,119,222,60,18446744073709551493,2,125,1241131
fd00::20b:b:b:b,19,0,0,208,227,1251863,114,119,60,12,351,100,-43,120,224,60,18446744073709551534,2,133,1251781
fd00::20b:b:b:b,19,0,0,208,227,1262472,115,120,60,12,400,100,-43,121,226,60,18446744073709551460,2,177,1262316
fd00::20b:b:b:b,19,0,0,208,227,1273081,116,121,60,12,334,100,-43,122,228,60,18446744073709551538,2,102,1273003
fd00::20b:b:b:b,19,0,0,208,227,1283690,117,122,60,12,345,100,-43,123,230,60,18446744073709551494,2,143,1283568
fd00::20b:b:b:b,19,0,0,208,227,1294299,118,123,60,12,407,100,-43,124,232,60,18446744073709551518,2,163,1294201
fd00::20b:b:b:b,19,0,0,208,227,1304908,119,124,60,12,390,100,-43,125,234,60,18446744073709551520,2,148,1304812
fd00::20b:b:b:b,19,0,0,208,227,1315517,120,125,60,12,318,100,-43,126,236,60,18446744073709551486,2,95,1315387
fd00::20b:b:b:b,19,0,0,208,227,1326126,121,126,60,12,326,100,-43,127,238,60,18446744073709551548,2,153,1326058
fd00::20b:b:b:b,19,0,0,208,227,1336735,122,127,60,12,548,100,-43,128,240,60,18446744073709551475,2,210,1336594
fd00::20b:b:b:b,19,0,0,208,227,1347344,123,128,60,12,327,100,-43,129,242,60,18446744073709551510,2,131,1347238
fd00::20b:b:b:b,19,0,0,208,227,1357953,124,129,60,12,372,100,-43,130,244,60,18446744073709551513,2,192,1357850
fd00::20b:b:b:b,19,0,0,208,227,1368562,125,130,60,12,321,100,-43,131,246,60,18446744073709551517,2,151,1368463
fd00::20b:b:b:b,19,0,0,208,227,1379171,126,131,60,12,340,100,-43,132,248,60,18446744073709551523,2,124,1379078
fd00::20b:b:b:b,19,0,0,208,227,1389780,127,132,60,12,454,100,-43,133,250,60,18446744073709551497,2,178,1389661
fd00::20b:b:b:b,19,0,0,208,227,1400389,128,133,60,12,419,100,-43,135,252,60,18446744073709551581,2,168,1400354
fd00::20b:b:b:b,19,0,1,207,227,1410998,129,135,60,12,549,100,-43,136,255,60,18446744073709551518,2,219,1410900
fd00::20b:b:b:b,19,0,0,208,227,1421607,130,136,60,12,428,100,-43,137,257,60,18446744073709551507,2,169,1421498
fd00::20b:b:b:b,19,0,0,208,227,1432216,131,137,60,12,547,100,-43,138,259,60,18446744073709551475,2,221,1432075
fd00::20b:b:b:b,19,0,1,207,227,1442825,132,138,60,12,403,100,-43,139,261,60,18446744073709551506,2,167,1442715
fd00::20b:b:b:b,19,0,0,207,226,1453434,133,139,60,12,435,100,-43,140,263,60,18446744073709551515,2,157,1453333
fd00::20b:b:b:b,19,0,0,208,227,1464043,134,140,60,12,585,100,-43,141,265,60,18446744073709551484,2,236,1463911
fd00::20b:b:b:b,19,0,0,208,227,1474652,135,141,60,12,394,100,-43,142,267,60,18446744073709551489,2,158,1474525
fd00::20b:b:b:b,19,0,0,208,227,1485261,136,142,60,12,406,100,-43,143,269,60,18446744073709551514,2,147,1485159
fd00::20b:b:b:b,19,0,0,208,227,1495870,137,143,60,12,413,100,-43,144,271,60,18446744073709551497,2,157,1495751
fd00::20b:b:b:b,19,0,0,208,227,1506479,138,144,60,12,590,100,-43,145,273,60,18446744073709551530,2,228,1506393
fd00::20b:b:b:b,19,0,0,208,227,1517088,139,145,60,12,452,100,-43,146,275,60,18446744073709551489,2,189,1516961
fd00::20b:b:b:b,19,0,0,207,226,1527697,140,146,60,12,491,100,-43,147,277,60,18446744073709551510,2,182,1527591
fd00::20b:b:b:b,19,0,0,208,227,1538306,141,146,60,12,491,100,-43,148,278,60,18446744073709551546,2,182,1538236
fd00::20b:b:b:b,19,0,0,207,226,1548915,142,147,60,12,416,100,-43,149,280,60,18446744073709551488,2,267,1548787
fd00::20b:b:b:b,19,0,0,208,227,1559524,143,148,60,12,506,100,-43,150,282,60,18446744073709551487,2,179,1559395
fd00::20b:b:b:b,19,0,0,208,227,1570133,144,149,60,12,402,100,-43,151,284,60,18446744073709551475,2,148,1569992
fd00::20b:b:b:b,19,0,0,208,227,1580742,145,151,60,12,408,100,-43,153,287,60,18446744073709551535,2,210,1580661
fd00::20b:b:b:b,19,0,0,208,227,1591351,146,152,60,12,502,100,-43,154,289,60,18446744073709551502,2,205,1591237
fd00::20b:b:b:b,19,0,0,208,227,1601960,147,153,60,12,535,100,-43,155,291,60,18446744073709551475,2,209,1601819
fd00::20b:b:b:b,19,0,0,208,227,1612569,148,154,60,12,481,100,-43,156,293,60,18446744073709551491,2,200,1612444
fd00::20b:b:b:b,19,0,0,208,227,1623178,149,155,60,12,519,100,-43,157,295,60,18446744073709551491,2,199,1623053
fd00::20b:b:b:b,19,0,0,208,227,1633787,150,156,60,12,548,100,-43,158,297,60,18446744073709551517,2,231,1633688
fd00::20b:b:b:b,19,0,0,207,226,1644396,151,157,60,12,596,100,-43,159,299,60,18446744073709551540,2,233,1644320
fd00::20b:b:b:b,19,0,0,208,227,1655005,152,158,60,12,603,100,-43,160,301,60,18446744073709551480,2,239,1654869
fd00::20b:b:b:b,19,0,0,208,227,1665614,153,159,60,12,430,100,-43,161,303,60,18446744073709551544,2,180,1665542
fd00::20b:b:b:b,19,0,0,208,227,1676223,154,160,60,12,494,100,-43,162,305,60,18446744073709551487,2,192,1676094
fd00::20b:b:b:b,19,0,0,208,227,1686832,155,161,60,12,531,100,-43,163,307,60,18446744073709551524,2,212,1686740
fd00::20b:b:b:b,19,0,0,208,227,1697441,156,162,60,12,436,100,-43,164,309,60,18446744073709551519,2,188,1697344
fd00::20b:b:b:b,19,0,0,208,227,1708050,157,163,60,12,546,100,-43,165,311,60,18446744073709551535,2,218,1707969
fd00::20b:b:b:b,19,0,0,208,227,1718659,158,164,60,12,516,100,-43,166,313,60,18446744073709551506,2,203,1718549
fd00::20b:b:b:b,19,0,0,208,227,1729268,159,165,60,12,420,100,-43,167,315,60,18446744073709551539,2,155,1729191
fd00::20b:b:b:b,19,0,1,207,227,1739877,160,166,60,12,515,100,-43,168,317,60,18446744073709551450,2,255,1739711
fd00::20b:b:b:b,19,0,1,207,227,1750486,161,168,60,12,467,100,-43,170,320,60,18446744073709551533,2,157,1750403
fd00::20b:b:b:b,19,0,1,207,227,1761095,162,169,60,12,560,100,-43,171,322,60,18446744073709551464,2,230,1760943
fd00::20b:b:b:b,19,0,1,207,227,1771704,163,170,60,12,505,100,-43,172,324,60,18446744073709551496,2,197,1771584
fd00::20b:b:b:b,19,0,0,208,227,1782313,164,171,60,12,523,100,-43,173,326,60,18446744073709551496,2,209,1782193
fd00::20b:b:b:b,19,0,0,208,227,1792922,165,172,60,12,571,100,-43,174,328,60,18446744073709551520,2,222,1792826
fd00::20b:b:b:b,19,0,0,208,227,1803531,166,173,60,12,448,100,-43,175,330,60,18446744073709551531,2,187,1803446
fd00::20b:b:b:b,19,0,0,208,227,1814140,167,174,60,12,524,100,-43,176,332,60,18446744073709551510,2,216,1814034
fd00::20b:b:b:b,19,0,0,208,227,1824749,168,174,60,12,524,100,-43,177,333,60,18446744073709551537,2,216,1824670
fd00::20b:b:b:b,19,0,0,208,227,1835358,169,174,60,12,524,100,-43,178,334,60,18446744073709551520,2,216,1835262
fd00::20b:b:b:b,19,0,0,207,226,1845967,170,175,60,12,796,100,-43,179,336,60,18446744073709551502,2,341,1845853
fd00::20b:b:b:b,19,0,0,207,226,1856576,171,176,60,12,612,100,-43,180,338,60,18446744073709551481,2,269,1856441
fd00::20b:b:b:b,19,0,0,207,226,1867185,172,177,60,12,477,100,-43,181,340,60,18446744073709551483,2,174,1867052
fd00::20b:b:b:b,19,0,0,207,226,1877794,173,178,60,12,577,100,-43,182,342,60,18446744073709551497,2,242,1877675
fd00::20b:b:b:b,19,0,0,208,227,1888403,174,179,60,12,569,100,-43,183,344,60,18446744073709551491,2,235,1888278
fd00::20b:b:b:b,19,0,0,208,227,1899012,175,179,60,12,569,100,-43,184,345,60,18446744073709551504,2,235,1898900
fd00::20b:b:b:b,19,0,0,208,227,1909621,176,180,60,12,596,100,-43,185,347,60,18446744073709551491,2,247,1909496
fd00::20b:b:b:b,19,0,0,208,227,1920230,177,181,60,12,415,100,-43,187,349,60,18446744073709551530,2,154,1920144
fd00::20b:b:b:b,19,0,0,208,227,1930839,178,183,60,12,340,100,-43,188,352,60,18446744073709551478,2,136,1930701
fd00::20b:b:b:b,19,0,0,208,227,1941448,179,184,60,12,375,100,-43,189,354,60,18446744073709551542,2,168,1941374
fd00::20b:b:b:b,19,0,0,208,227,1952057,180,185,60,12,415,100,-43,190,356,60,18446744073709551498,2,169,1951939
fd00::20b:b:b:b,19,0,0,208,227,1962666,181,186,60,12,575,100,-43,191,358,60,18446744073709551485,2,228,1962535
fd00::20b:b:b:b,19,0,0,208,227,1973275,182,187,60,12,365,100,-43,192,360,60,18446744073709551526,2,156,1973185
fd00::20b:b:b:b,19,0,0,208,227,1983884,183,188,60,12,499,100,-43,193,362,60,18446744073709551504,2,240,1983772
fd00::20b:b:b:b,19,0,0,208,227,1994493,184,189,60,12,433,100,-43,194,364,60,18446744073709551504,2,147,1994381
fd00::20b:b:b:b,19,0,0,208,227,2005102,185,190,60,12,442,100,-43,195,366,60,18446744073709551517,2,228,2005003
fd00::20b:b:b:b,19,0,0,208,227,2015711,186,191,60,12,493,100,-43,196,368,60,18446744073709551501,2,234,2015596
fd00::20b:b:b:b,19,0,0,208,227,2026320,187,192,60,12,661,100,-43,197,370,60,18446744073709551473,2,273,2026177
fd00::20b:b:b:b,19,0,0,208,227,2036929,188,193,60,12,522,100,-43,198,372,60,18446744073709551491,2,258,2036804
fd00::20b:b:b:b,19,0,0,208,227,2047538,189,194,60,12,487,100,-43,199,374,60,18446744073709551499,2,223,2047421
fd00::20b:b:b:b,19,0,1,207,227,2058147,190,195,60,12,711,100,-43,200,376,60,18446744073709551525,2,318,2058056
fd00::20b:b:b:b,19,0,1,207,227,2068756,191,196,60,12,507,100,-43,201,378,60,18446744073709551480,2,201,2068620
fd00::20b:b:b:b,19,0,0,208,227,2079365,192,197,60,12,601,100,-43,202,380,60,18446744073709551516,2,252,2079265
fd00::20b:b:b:b,19,0,0,207,226,2089974,193,198,60,12,473,100,-43,203,382,60,18446744073709551527,2,175,2089885
fd00::20b:b:b:b,19,0,1,207,227,2100583,194,200,60,12,471,100,-43,205,385,60,18446744073709551495,2,186,2100462
fd00::20b:b:b:b,19,0,0,208,227,2111192,195,200,60,12,471,100,-43,206,386,60,18446744073709551508,2,186,2111084
fd00::20b:b:b:b,19,0,0,208,227,2121801,196,201,60,12,554,100,-43,207,388,60,18446744073709551516,2,241,2121701
fd00::20b:b:b:b,19,0,0,208,227,2132410,197,202,60,12,578,100,-43,208,390,60,18446744073709551516,2,222,2132310
fd00::20b:b:b:b,19,0,0,208,227,2143019,198,203,60,12,501,100,-43,209,392,60,18446744073709551506,2,212,2142909
fd00::20b:b:b:b,19,0,0,208,227,2153628,199,203,60,12,501,100,-43,210,393,60,18446744073709551485,2,212,2153497
fd00::20b:b:b:b,19,0,0,207,226,2164237,200,204,60,12,499,100,-43,211,395,60,18446744073709551517,2,174,2164138
fd00::20b:b:b:b,19,0,1,207,227,2174846,201,205,60,12,517,100,-43,212,397,60,18446744073709551479,2,229,2174709
fd00::20b:b:b:b,19,0,0,207,226,2185455,202,206,60,12,510,100,-43,213,399,60,18446744073709551508,2,211,2185347
fd00::20b:b:b:b,19,0,0,208,227,2196064,203,206,60,12,510,100,-43,214,400,60,18446744073709551504,2,211,2195952
fd00::20b:b:b:b,19,0,0,207,226,2206673,204,206,60,12,510,100,-43,215,401,60,18446744073709551536,2,211,2206593
fd00::20b:b:b:b,19,0,0,208,227,2217282,205,207,60,12,430,100,-43,216,403,60,18446744073709551518,2,192,2217184
fd00::20b:b:b:b,19,0,0,208,227,2227891,206,208,60,12,499,100,-43,217,405,60,18446744073709551534,2,194,2227809
fd00::20b:b:b:b,19,0,0,208,227,2238500,207,209,60,12,579,100,-43,218,407,60,18446744073709551522,2,228,2238406
fd00::20b:b:b:b,19,0,0,208,227,2249109,208,210,60,12,688,100,-43,219,409,60,18446744073709551515,2,339,2249008
fd00::20b:b:b:b,19,0,0,208,227,2259718,209,211,60,12,589,100,-43,220,411,60,18446744073709551534,2,244,2259636
fd00::20b:b:b:b,19,0,0,208,227,2270327,210,212,60,12,492,100,-43,222,413,60,18446744073709551510,2,188,2270221
fd00::20b:b:b:b,19,0,1,207,227,2280936,211,214,60,12,510,100,-43,223,416,60,18446744073709551511,2,198,2280831
fd00::20b:b:b:b,19,0,0,208,227,2291545,212,215,60,12,475,100,-43,224,418,60,18446744073709551520,2,174,2291449
fd00::20b:b:b:b,19,0,0,207,226,2302154,213,216,60,12,441,100,-43,225,420,60,18446744073709551497,2,183,2302035
fd00::20b:b:b:b,19,0,0,208,227,2312763,214,217,60,12,416,100,-43,226,422,60,18446744073709551526,2,152,2312673
fd00::20b:b:b:b,19,0,0,208,227,2323372,215,218,60,12,409,100,-43,227,424,60,18446744073709551460,2,150,2323216
fd00::20b:b:b:b,19,0,0,208,227,2333981,216,219,60,12,343,100,-43,228,426,60,18446744073709551519,2,112,2333884
fd00::20b:b:b:b,19,0,0,208,227,2344590,217,220,60,12,458,100,-43,229,428,60,18446744073709551514,2,173,2344488
fd00::20b:b:b:b,19,0,0,208,227,2355199,218,221,60,12,435,100,-43,230,430,60,18446744073709551502,2,191,2355085
fd00::20b:b:b:b,19,0,0,208,227,2365808,219,222,60,12,510,100,-43,231,432,60,18446744073709551502,2,207,2365694
fd00::20b:b:b:b,19,0,0,208,227,2376417,220,223,60,12,646,100,-43,232,434,60,18446744073709551501,2,264,2376302
fd00::20b:b:b:b,19,0,0,207,226,2387026,221,224,60,12,405,100,-43,233,436,60,18446744073709551512,2,136,2386922
fd00::20b:b:b:b,19,0,0,208,227,2397635,222,225,60,12,660,100,-43,234,438,60,18446744073709551474,2,261,2397493
fd00::20b:b:b:b,19,0,1,207,227,2408244,223,226,60,12,497,100,-43,235,440,60,18446744073709551558,2,211,2408186
fd00::20b:b:b:b,19,0,0,208,227,2418853,224,227,60,12,528,100,-43,236,442,60,18446744073709551496,2,217,2418733
fd00::20b:b:b:b,19,0,0,208,227,2429462,225,228,60,12,407,100,-43,237,444,60,18446744073709551472,2,253,2429318
fd00::20b:b:b:b,19,0,0,208,227,2440071,226,229,60,12,529,100,-43,238,446,60,18446744073709551493,2,202,2439948
fd00::20b:b:b:b,19,0,0,208,227,2450680,227,231,60,12,407,100,-43,240,449,60,18446744073709551491,2,145,2450555
fd00::20b:b:b:b,19,0,0,208,227,2461289,228,232,60,12,388,100,-43,241,451,60,18446744073709551528,2,132,2461201
fd00::20b:b:b:b,19,0,0,208,227,2471898,229,233,60,12,478,100,-43,242,453,60,18446744073709551507,2,187,2471789
fd00::20b:b:b:b,19,0,0,207,226,2482507,230,234,60,12,566,100,-43,243,455,60,18446744073709551522,2,248,2482413
fd00::20b:b:b:b,19,0,0,208,227,2493116,231,235,60,12,591,100,-43,244,457,60,18446744073709551500,2,237,2493000
fd00::20b:b:b:b,19,0,0,208,227,2503725,232,236,60,12,438,100,-43,245,459,60,18446744073709551509,2,158,2503618
fd00::20b:b:b:b,19,0,0,207,226,2514334,233,237,60,12,434,100,-43,246,461,60,18446744073709551554,2,162,2514272
fd00::20b:b:b:b,19,0,0,208,227,2524943,234,238,60,12,463,100,-43,247,463,60,18446744073709551530,2,282,2524857
fd00::20b:b:b:b,19,0,0,208,227,2535552,235,239,60,12,436,100,-43,248,465,60,18446744073709551488,2,167,2535424
fd00::20b:b:b:b,19,0,0,208,227,2546161,236,240,60,12,469,100,-43,249,467,60,18446744073709551495,2,181,2546040
fd00::20b:b:b:b,19,0,0,208,227,2556770,237,241,60,12,494,100,-43,250,469,60,18446744073709551516,2,187,2556670
fd00::20b:b:b:b,19,0,0,208,227,2567379,238,242,60,12,476,100,-43,251,471,60,18446744073709551468,2,185,2567231
fd00::20b:b:b:b,19,0,0,208,227,2577988,239,243,60,12,423,100,-43,252,473,60,18446744073709551483,2,191,2577855
fd00::20b:b:b:b,19,0,0,208,227,2588597,240,244,60,12,420,100,-43,253,475,60,18446744073709551484,2,168,2588465
fd00::20b:b:b:b,19,0,1,207,227,2599206,241,245,60,12,517,100,-43,254,477,60,18446744073709551504,2,197,2599094
fd00::20b:b:b:b,19,0,0,207,226,2609815,242,246,60,12,448,100,-43,255,479,60,18446744073709551489,2,174,2609688
fd00::20b:b:b:b,19,0,0,208,227,2620424,243,248,60,12,297,100,-43,257,482,60,18446744073709551523,2,146,2620331
fd00::20b:b:b:b,19,0,0,208,227,2631033,244,249,60,12,325,100,-43,258,484,60,18446744073709551523,2,167,2630940
fd00::20b:b:b:b,19,0,0,208,227,2641642,245,250,60,12,364,100,-43,259,486,60,18446744073709551507,2,139,2641533
fd00::20b:b:b:b,19,0,0,208,227,2652251,246,251,60,12,490,100,-43,260,488,60,18446744073709551475,2,180,2652110
fd00::20b:b:b:b,19,0,0,208,227,2662860,247,252,60,12,510,100,-43,261,490,60,18446744073709551510,2,198,2662754
fd00::20b:b:b:b,19,0,0,207,226,2673469,248,253,60,12,387,100,-43,262,492,60,18446744073709551497,2,152,2673350
fd00::20b:b:b:b,19,0,0,208,227,2684078,249,254,60,12,325,100,-43,263,494,60,18446744073709551539,2,142,2684001
fd00::20b:b:b:b,19,0,0,208,227,2694687,250,255,60,12,427,100,-43,264,496,60,18446744073709551541,2,160,2694612
fd00::20b:b:b:b,19,0,0,208,227,2705296,251,256,60,12,423,100,-43,265,498,60,18446744073709551462,2,162,2705142
fd00::20b:b:b:b,19,0,0,208,227,2715905,252,257,60,12,379,100,-43,266,500,60,18446744073709551529,2,146,2715818
fd00::20b:b:b:b,19,0,0,208,227,2726514,253,258,60,12,351,100,-43,267,502,60,18446744073709551500,2,125,2726398
fd00::20b:b:b:b,19,0,0,208,227,2737123,254,259,60,12,364,100,-43,268,504,60,18446744073709551524,2,138,2737031
fd00::20b:b:b:b,19,0,0,208,227,2747732,255,260,60,12,466,100,-43,269,506,60,18446744073709551480,2,187,2747596
fd00::20b:b:b:b,19,0,0,208,227,2758341,256,261,60,12,415,100,-43,270,508,60,18446744073709551487,2,176,2758212
fd00::20b:b:b:b,19,0,0,208,227,2768950,257,262,60,12,357,100,-43,271,510,60,18446744073709551537,2,172,2768871
fd00::20b:b:b:b,19,0,0,208,227,2779559,258,263,60,12,491,100,-43,272,512,60,18446744073709551456,2,191,2779399
fd00::20b:b:b:b,19,0,0,208,227,2790168,259,264,60,12,491,100,-43,274,514,60,18446744073709551502,2,203,2790054
fd00::20b:b:b:b,19,0,0,208,227,2800777,260,266,60,12,565,100,-43,275,517,60,18446744073709551499,2,236,2800660
fd00::20b:b:b:b,19,0,0,208,227,2811386,261,267,60,12,650,100,-43,276,519,60,18446744073709551494,2,268,2811264
fd00::20b:b:b:b,19,0,0,208,227,2821995,262,268,60,12,429,100,-43,277,521,60,18446744073709551511,2,135,2821890
fd00::20b:b:b:b,19,0,0,208,227,2832604,263,269,60,12,374,100,-43,278,523,60,18446744073709551521,2,193,2832509
fd00::20b:b:b:b,19,0,0,208,227,2843213,264,270,60,12,450,100,-43,279,525,60,18446744073709551547,2,166,2843144
fd00::20b:b:b:b,19,0,0,208,227,2853822,265,271,60,12,430,100,-43,280,527,60,18446744073709551462,2,158,2853668
fd00::20b:b:b:b,19,0,0,208,227,2864431,266,272,60,12,360,100,-43,281,529,60,18446744073709551488,2,177,2864303
fd00::20b:b:b:b,19,0,0,208,227,2875040,267,273,60,12,560,100,-43,282,531,60,18446744073709551481,2,313,2874905
fd00::20b:b:b:b,19,0,0,208,227,2885649,268,274,60,12,430,100,-43,283,533,60,18446744073709551474,2,156,2885507
fd00::20b:b:b:b,19,0,0,208,227,2896258,269,275,60,12,552,100,-43,284,535,60,18446744073709551496,2,210,2896138
fd00::20b:b:b:b,19,0,0,208,227,2906867,270,276,60,12,409,100,-43,285,537,60,18446744073709551498,2,161,2906749
fd00::20b:b:b:b,19,0,0,208,227,2917476,271,277,60,12,445,100,-43,286,539,60,18446744073709551509,2,193,2917369
fd00::20b:b:b:b,19,0,0,208,227,2928085,272,278,60,12,413,100,-43,287,541,60,18446744073709551551,2,161,2928020
fd00::20b:b:b:b,19,0,0,208,227,2938694,273,279,60,12,466,100,-43,288,543,60,18446744073709551497,2,181,2938575
fd00::20b:b:b:b,19,0,0,208,227,2949303,274,280,60,12,403,100,-43,289,545,60,18446744073709551513,2,141,2949200
fd00::20b:b:b:b,19,0,0,208,227,2959912,275,281,60,12,654,100,-43,290,547,60,18446744073709551516,2,275,2959812
fd00::20b:b:b:b,19,0,0,208,227,2970521,276,282,60,12,415,100,-43,292,549,60,18446744073709551561,2,149,2970466
fd00::20b:b:b:b,19,0,0,208,227,2981130,277,283,60,12,403,100,-43,293,551,60,18446744073709551508,2,207,2981022
fd00::20b:b:b:b,19,0,0,208,227,2991739,278,284,60,12,531,100,-43,294,553,60,18446744073709551544,2,243,2991667
fd00::20b:b:b:b,19,0,0,208,227,3002348,279,285,60,12,463,100,-43,295,555,60,18446744073709551498,2,190,3002230
fd00::20b:b:b:b,19,0,0,208,227,3012957,280,286,60,12,553,100,-43,296,557,60,18446744073709551499,2,224,3012840
fd00::20b:b:b:b,19,0,0,208,227,3023566,281,287,60,12,400,100,-43,297,559,60,18446744073709551467,2,132,3023417
fd00::20b:b:b:b,19,0,0,208,227,3034175,282,288,60,12,762,100,-43,298,561,60,18446744073709551469,2,323,3034028
fd00::20b:b:b:b,19,0,0,208,227,3044784,283,289,60,12,448,100,-43,299,563,60,18446744073709551520,2,167,3044688
fd00::20b:b:b:b,19,0,0,208,227,3055393,284,290,60,12,499,100,-43,300,565,60,18446744073709551568,2,214,3055345
fd00::20b:b:b:b,19,0,0,208,227,3066002,285,291,60,12,429,100,-43,301,567,60,18446744073709551524,2,177,3065910
fd00::20b:b:b:b,19,0,0,208,227,3076611,286,292,60,12,424,100,-43,302,569,60,18446744073709551510,2,161,3076505
fd00::20b:b:b:b,19,0,0,208,227,3087220,287,293,60,12,592,100,-43,303,571,60,18446744073709551524,2,227,3087128
fd00::20b:b:b:b,19,0,0,208,227,3097829,288,294,60,12,682,100,-43,304,573,60,18446744073709551543,2,275,3097756
fd00::20b:b:b:b,19,0,0,208,227,3108438,289,295,60,12,460,100,-43,305,575,60,18446744073709551472,2,181,3108294
fd00::20b:b:b:b,19,0,0,208,227,3119047,290,295,60,12,460,100,-43,306,576,60,18446744073709551526,2,181,3118957
fd00::20b:b:b:b,19,0,0,207,226,3129656,291,296,60,12,448,100,-43,307,578,60,18446744073709551516,2,178,3129556
fd00::20b:b:b:b,19,0,0,208,227,3140265,292,296,60,12,448,100,-43,309,579,60,1,2,178,3140266
fd00::20b:b:b:b,19,0,0,208,227,3150874,293,298,60,12,429,100,-43,310,582,60,18446744073709551535,2,156,3150793
fd00::20b:b:b:b,19,0,0,208,227,3161483,294,299,60,12,426,100,-43,311,584,60,18446744073709551509,2,142,3161376
fd00::20b:b:b:b,19,0,0,208,227,3172092,295,300,60,12,397,100,-43,312,586,60,18446744073709551486,2,192,3171962
fd00::20b:b:b:b,19,0,0,208,227,3182701,296,301,60,12,578,100,-43,313,588,60,18446744073709551508,2,253,3182593
fd00::20b:b:b:b,19,0,0,208,227,3193310,297,302,60,12,620,100,-43,314,590,60,18446744073709551488,2,257,3193182
fd00::20b:b:b:b,19,0,0,208,227,3203919,298,303,60,12,332,100,-43,315,592,60,18446744073709551490,2,122,3203793
fd00::20b:b:b:b,19,0,0,208,227,3214528,299,304,60,12,621,100,-43,316,594,60,18446744073709551522,2,260,3214434
fd00::20b:b:b:b,19,0,0,208,227,3225137,300,305,60,12,627,100,-43,317,596,60,18446744073709551488,2,271,3225009
fd00::20b:b:b:b,19,0,0,208,227,3235746,301,306,60,12,403,100,-43,318,598,60,18446744073709551513,2,140,3235643
fd00::20b:b:b:b,19,0,0,207,226,3246355,302,307,60,12,525,100,-43,319,600,60,18446744073709551520,2,207,3246259
fd00::20b:b:b:b,19,0,0,208,227,3256964,303,308,60,12,583,100,-43,320,602,60,18446744073709551482,2,243,3256830
fd00::20b:b:b:b,19,0,0,208,227,3267573,304,309,60,12,391,100,-43,321,604,60,18446744073709551517,2,125,3267474
fd00::20b:b:b:b,19,0,0,208,227,3278182,305,310,60,12,428,100,-43,322,606,60,18446744073709551559,2,147,3278125
fd00::20b:b:b:b,19,0,0,208,227,3288791,306,310,60,12,428,100,-43,323,607,60,18446744073709551510,2,147,3288685
fd00::20b:b:b:b,19,0,0,208,227,3299400,307,311,60,12,523,100,-43,324,609,60,18446744073709551496,2,220,3299280
fd00::20b:b:b:b,19,0,0,207,226,3310009,308,312,60,12,455,100,-43,325,611,60,18446744073709551499,2,187,3309892
fd00::20b:b:b:b,19,0,0,208,227,3320618,309,314,60,12,465,100,-43,327,614,60,18446744073709551548,2,172,3320550
fd00::20b:b:b:b,19,0,0,208,227,3331227,310,315,60,12,358,100,-43,328,616,60,18446744073709551518,2,190,3331129
fd00::20b:b:b:b,19,0,0,208,227,3341836,311,316,60,12,390,100,-43,329,618,60,18446744073709551513,2,138,3341733
fd00::20b:b:b:b,19,0,0,208,227,3352445,312,317,60,12,472,100,-43,330,620,60,18446744073709551518,2,158,3352347
fd00::20b:b:b:b,19,0,0,208,227,3363054,313,318,60,12,409,100,-43,331,622,60,18446744073709551537,2,146,3362975
fd00::20b:b:b:b,19,0,0,208,227,3373663,314,319,60,12,511,100,-43,332,624,60,18446744073709551534,2,215,3373581
fd00::20b:b:b:b,19,0,0,208,227,3384272,315,319,60,12,511,100,-43,333,625,60,18446744073709551511,2,215,3384167
fd00::20b:b:b:b,19,0,0,208,227,3394881,316,320,60,12,449,100,-43,334,627,60,18446744073709551493,2,167,3394758
fd00::20b:b:b:b,19,0,0,208,227,3405490,317,320,60,12,449,100,-43,335,628,60,18446744073709551508,2,167,3405382
fd00::20b:b:b:b,19,0,0,208,227,3416099,318,321,60,12,442,100,-43,336,630,60,18446744073709551513,2,182,3415996
fd00::20b:b:b:b,19,0,0,208,227,3426708,319,322,60,12,453,100,-43,337,632,60,18446744073709551513,2,148,3426605
fd00::20b:b:b:b,19,0,0,208,227,3437317,320,323,60,12,466,100,-43,338,634,60,18446744073709551541,2,154,3437242
fd00::20b:b:b:b,19,0,0,208,227,3447926,321,324,60,12,595,100,-43,339,636,60,18446744073709551501,2,258,3447811
fd00::20b:b:b:b,19,0,0,208,227,3458535,322,325,60,12,367,100,-43,340,638,60,18446744073709551482,2,131,3458401
fd00::20b:b:b:b,19,0,0,208,227,3469144,323,326,60,12,370,100,-43,341,640,60,18446744073709551515,2,164,3469043
fd00::20b:b:b:b,19,0,0,208,227,3479753,324,327,60,12,413,100,-43,342,642,60,18446744073709551491,2,156,3479628
fd00::20b:b:b:b,19,0,0,208,227,3490362,325,328,60,12,514,100,-43,344,644,60,18446744073709551494,2,199,3490240
fd00::20b:b:b:b,19,0,0,208,227,3500971,326,330,60,12,446,100,-43,345,647,60,18446744073709551504,2,167,3500859
fd00::20b:b:b:b,19,0,0,208,227,3511580,327,331,60,12,392,100,-43,346,649,60,18446744073709551495,2,149,3511459
fd00::20b:b:b:b,19,0,0,208,227,3522189,328,332,60,12,457,100,-43,347,651,60,18446744073709551481,2,205,3522054
fd00::20b:b:b:b,19,0,0,208,227,3532798,329,333,60,12,433,100,-43,348,653,60,18446744073709551477,2,143,3532659
fd00::20b:b:b:b,19,0,0,208,227,3543407,330,334,60,12,487,100,-43,349,655,60,18446744073709551508,2,170,3543299
fd00::20b:b:b:b,19,0,0,208,227,3554016,331,335,60,12,507,100,-43,350,657,60,18446744073709551500,2,200,3553900
fd00::20b:b:b:b,19,0,0,208,227,3564625,332,336,60,12,368,100,-43,351,659,60,18446744073709551537,2,122,3564546
fd00::20b:b:b:b,19,0,0,208,227,3575234,333,337,60,12,338,100,-43,352,661,60,18446744073709551539,2,123,3575157
fd00::20b:b:b:b,19,0,0,208,227,3585843,334,338,60,12,331,100,-43,353,663,60,18446744073709551482,2,119,3585709
fd00::20b:b:b:b,19,0,0,208,227,3596452,335,339,60,12,430,100,-43,354,665,60,18446744073709551488,2,162,3596324
fd00::20c:c:c:c,36,0,0,393,429,20007,1,0,60,0,0,0,0,0,1,60,347,0,0,20354
fd00::20c:c:c:c,18,0,1,195,214,30010,2,1,60,12,18446744073709551422,100,-87,1,3,60,237,0,27,30247
fd00::20c:c:c:c,18,0,0,196,214,40019,3,2,60,12,18446744073709551444,100,-87,2,5,60,232,0,39,40251
fd00::20c:c:c:c,17,0,1,195,213,50016,4,3,60,12,18446744073709551429,100,-87,3,7,60,261,0,54,50277
fd00::20c:c:c:c,18,0,1,195,214,60019,5,4,60,12,18446744073709551436,100,-87,4,9,60,405,0,25,60424
fd00::20c:c:c:c,18,0,1,194,213,70022,6,5,60,12,18446744073709551425,100,-87,5,11,60,304,0,15,70326
fd00::20c:c:c:c,18,0,1,194,213,90028,8,7,60,12,18446744073709551433,100,-87,7,14,60,258,0,23,90286
fd00::20c:c:c:c,18,0,1,195,214,100031,9,8,60,12,18446744073709551427,100,-87,8,16,60,429,0,107,100460
fd00::20c:c:c:c,18,0,1,195,214,110034,10,9,60,12,18446744073709551441,100,-87,9,18,60,348,0,36,110382
fd00::20c:c:c:c,18,0,1,195,214,120037,11,10,60,12,18446744073709551444,100,-87,10,20,60,269,0,34,120306
fd00::20c:c:c:c,18,0,0,196,214,130040,12,11,60,12,18446744073709551433,100,-87,11,22,60,257,0,35,130297
fd00::20c:c:c:c,18,0,1,195,214,140043,13,12,60,12,18446744073709551427,100,-87,12,24,60,248,0,22,140291
fd00::20c:c:c:c,18,0,1,195,214,150046,14,13,60,12,18446744073709551432,100,-87,13,26,60,242,0,38,150288
fd00::20c:c:c:c,18,0,1,195,214,160049,15,14,60,12,18446744073709551427,100,-87,14,28,60,222,0,28,160271
fd00::20c:c:c:c,18,0,1,195,214,170052,16,15,60,12,18446744073709551427,100,-87,15,30,60,241,0,31,170293
fd00::20c:c:c:c,18,0,0,196,214,180055,17,16,60,12,18446744073709551427,100,-87,16,32,60,250,0,19,180305
fd00::20c:c:c:c,18,0,1,195,214,190058,18,17,60,12,18446744073709551433,100,-87,17,34,60,244,0,17,190302
fd00::20c:c:c:c,18,0,1,195,214,200061,19,18,60,12,18446744073709551444,100,-87,18,36,60,224,0,31,200285
fd00::20c:c:c:c,18,0,0,196,214,210064,20,19,60,12,18446744073709551427,100,-87,19,38,60,228,0,40,210292
fd00::20c:c:c:c,18,0,1,195,214,220067,21,20,60,12,18446744073709551427,100,-87,20,40,60,294,0,17,220361
fd00::20c:c:c:c,18,0,1,195,214,230070,22,21,60,12,18446744073709551448,100,-87,21,42,60,282,0,33,230352
fd00::20c:c:c:c,18,0,1,195,214,240073,23,22,60,12,18446744073709551433,100,-87,22,44,60,328,0,23,240401
fd00::20c:c:c:c,18,0,1,195,214,250076,24,23,60,12,18446744073709551484,100,-87,23,46,60,246,0,64,250322
fd00::20c:c:c:c,18,0,1,195,214,260079,25,24,60,12,18446744073709551427,100,-87,24,48,60,223,0,50,260302
fd00::20c:c:c:c,18,0,1,195,214,270082,26,25,60,12,18446744073709551434,100,-87,25,50,60,251,0,47,270333
fd00::20c:c:c:c,18,0,1,195,214,280085,27,26,60,12,18446744073709551427,100,-87,26,52,60,290,0,49,280375
fd00::20c:c:c:c,18,0,1,195,214,290088,28,27,60,12,18446744073709551442,100,-87,27,54,60,292,0,32,290380
fd00::20c:c:c:c,18,0,1,195,214,300091,29,28,60,12,18446744073709551444,100,-87,28,56,60,248,0,68,300339
fd00::20c:c:c:c,18,0,1,195,214,310094,30,29,60,12,18446744073709551427,100,-87,29,58,60,314,0,28,310408
fd00::20c:c:c:c,18,0,1,195,214,320097,31,30,60,12,18446744073709551439,100,-87,30,60,60,254,0,85,320351
fd00::20c:c:c:c,18,0,1,195,214,330100,32,31,60,12,18446744073709551447,100,-87,31,62,60,248,0,24,330348
fd00::20c:c:c:c,18,0,1,195,214,340103,33,32,60,12,18446744073709551427,100,-87,32,64,60,432,0,25,340535
fd00::20c:c:c:c,18,0,1,195,214,350106,34,33,60,12,18446744073709551428,100,-87,33,66,60,247,0,26,350353
fd00::20c:c:c:c,18,0,1,195,214,360109,35,34,60,12,18446744073709551434,100,-87,34,68,60,259,0,26,360368
fd00::20c:c:c:c,18,0,1,195,214,370112,36,35,60,12,18446744073709551427,100,-87,35,70,60,247,0,18,370359
fd00::20c:c:c:c,18,0,1,195,214,380115,37,36,60,12,18446744073709551427,100,-87,36,72,60,247,0,19,380362
fd00::20c:c:c:c,18,0,1,195,214,390123,38,37,60,12,18446744073709551432,100,-87,37,74,60,434,0,78,390557
fd00::20c:c:c:c,17,0,1,195,213,400121,39,38,60,12,18446744073709551444,100,-87,38,76,60,246,0,107,400367
fd00::20c:c:c:c,18,0,1,195,214,410124,40,39,60,12,18446744073709551427,100,-87,39,78,60,236,0,14,410360
fd00::20c:c:c:c,18,0,1,195,214,420127,41,40,60,12,18446744073709551427,100,-87,40,80,60,252,0,68,420379
fd00::20c:c:c:c,18,0,0,195,213,430130,42,41,60,12,18446744073709551434,100,-87,41,82,60,242,0,95,430372
fd00::20c:c:c:c,18,0,1,195,214,440138,43,42,60,12,18446744073709551432,100,-87,42,84,60,295,0,35,440433
fd00::20c:c:c:c,18,0,0,195,213,450139,44,43,60,12,18446744073709551445,100,-87,43,86,60,287,0,158,450426
fd00::20c:c:c:c,17,0,1,195,213,460139,45,44,60,12,18446744073709551453,100,-87,44,88,60,244,0,30,460383
fd00::20c:c:c:c,18,0,1,195,214,470142,46,45,60,12,18446744073709551427,100,-87,45,90,60,254,0,23,470396
fd00::20c:c:c:c,18,0,1,195,214,480145,47,46,60,12,18446744073709551437,100,-87,46,92,60,261,0,35,480406
fd00::20c:c:c:c,18,0,1,195,214,490148,48,47,60,12,18446744073709551427,100,-87,47,94,60,257,0,40,490405
fd00::20c:c:c:c,18,0,1,195,214,500151,49,48,60,12,18446744073709551445,100,-87,48,96,60,248,0,56,500399
fd00::20c:c:c:c,18,0,1,195,214,510154,50,49,60,12,18446744073709551427,100,-87,49,98,60,243,0,28,510397
fd00::20c:c:c:c,18,0,1,195,214,520157,51,50,60,12,18446744073709551438,100,-87,50,100,60,251,0,29,520408
fd00::20c:c:c:c,18,0,1,195,214,530160,52,51,60,12,18446744073709551437,100,-87,51,102,60,255,0,36,530415
fd00::20c:c:c:c,18,0,1,195,214,540163,53,52,60,12,18446744073709551427,100,-87,52,104,60,264,0,40,540427
fd00::20c:c:c:c,18,0,0,196,214,550166,54,53,60,12,18446744073709551506,100,-87,53,106,60,224,0,60,550390
fd00::20c:c:c:c,18,0,1,195,214,560169,55,54,60,12,18446744073709551427,100,-87,54,108,60,233,0,25,560402
fd00::20c:c:c:c,18,0,1,195,214,570172,56,55,60,12,18446744073709551433,100,-87,55,110,60,260,0,37,570432
fd00::20c:c:c:c,18,0,1,195,214,580175,57,56,60,12,18446744073709551449,100,-87,56,112,60,233,0,40,580408
fd00::20c:c:c:c,18,0,1,195,214,590178,58,57,60,12,18446744073709551437,100,-87,57,114,60,250,0,22,590428
fd00::20c:c:c:c,18,0,1,195,214,600181,59,58,60,12,18446744073709551427,100,-87,58,116,60,232,0,114,600413
fd00::20c:c:c:c,18,0,1,195,214,610184,60,59,60,12,18446744073709551427,100,-87,59,118,60,334,0,32,610518
fd00::20c:c:c:c,18,0,1,195,214,620187,61,60,60,12,18446744073709551438,100,-87,60,120,60,299,0,77,620486
fd00::20c:c:c:c,18,0,1,195,214,630190,62,61,60,12,18446744073709551427,100,-87,61,122,60,245,0,17,630435
fd00::20c:c:c:c,18,0,1,195,214,640193,63,62,60,12,18446744073709551433,100,-87,62,124,60,224,0,19,640417
fd00::20c:c:c:c,18,0,1,195,214,650196,64,63,60,12,18446744073709551436,100,-87,63,126,60,252,0,23,650448
fd00::20c:c:c:c,18,0,1,195,214,660199,65,64,60,12,18446744073709551427,100,-87,64,128,60,314,0,65,660513
fd00::20c:c:c:c,18,0,1,195,214,670202,66,65,60,12,18446744073709551427,100,-87,65,130,60,331,0,48,670533
fd00::20c:c:c:c,18,0,1,195,214,680205,67,66,60,12,18446744073709551427,100,-87,66,132,60,299,0,28,680504
fd00::20c:c:c:c,18,0,1,195,214,690208,68,67,60,12,18446744073709551427,100,-87,67,134,60,255,0,16,690463
fd00::20c:c:c:c,18,0,1,195,214,700211,69,68,60,12,18446744073709551427,100,-87,68,136,60,246,0,19,700457
fd00::20c:c:c:c,18,0,1,195,214,710214,70,69,60,12,18446744073709551444,100,-87,69,138,60,347,0,40,710561
fd00::20c:c:c:c,18,0,1,195,214,720217,71,70,60,12,18446744073709551444,100,-87,70,140,60,240,0,71,720457
fd00::20c:c:c:c,18,0,2,194,214,730220,72,71,60,12,18446744073709551443,100,-87,71,142,60,228,0,29,730448
fd00::20c:c:c:c,18,0,1,195,214,740223,73,72,60,12,18446744073709551444,100,-87,72,144,60,244,0,58,740467
fd00::20c:c:c:c,18,0,1,195,214,750226,74,73,60,12,18446744073709551437,100,-87,73,146,60,299,0,39,750525
fd00::20c:c:c:c,18,0,1,195,214,760229,75,74,60,12,18446744073709551446,100,-87,74,148,60,256,0,29,760485
fd00::20c:c:c:c,18,0,1,195,214,770232,76,75,60,12,18446744073709551450,100,-87,75,150,60,254,0,45,770486
fd00::20c:c:c:c,18,0,1,195,214,780235,77,76,60,12,18446744073709551427,100,-87,76,152,60,229,0,25,780464
fd00::20c:c:c:c,18,0,1,195,214,790238,78,77,60,12,18446744073709551427,100,-87,77,154,60,231,0,26,790469
fd00::20c:c:c:c,18,0,1,195,214,800241,79,78,60,12,18446744073709551458,100,-87,78,156,60,257,0,30,800498
fd00::20c:c:c:c,18,0,1,195,214,810244,80,79,60,12,18446744073709551427,100,-87,79,158,60,229,0,15,810473
fd00::20c:c:c:c,18,0,1,195,214,820247,81,80,60,12,18446744073709551439,100,-87,80,160,60,259,0,26,820506
fd00::20c:c:c:c,18,0,1,195,214,830250,82,81,60,12,18446744073709551427,100,-87,81,162,60,260,0,17,830510
fd00::20c:c:c:c,18,0,1,194,213,840254,83,82,60,12,18446744073709551488,100,-87,82,164,60,261,0,56,840515
fd00::20c:c:c:c,18,0,1,195,214,850256,84,83,60,12,18446744073709551447,100,-87,83,166,60,228,0,56,850484
fd00::20c:c:c:c,18,0,1,195,214,860259,85,84,60,12,18446744073709551435,100,-87,84,168,60,221,0,26,860480
fd00::20c:c:c:c,18,0,1,195,214,870262,86,85,60,12,18446744073709551433,100,-87,85,170,60,258,0,37,870520
fd00::20c:c:c:c,18,0,1,195,214,880265,87,86,60,12,18446744073709551435,100,-87,86,172,60,227,0,18,880492
fd00::20c:c:c:c,18,0,1,195,214,890268,88,87,60,12,18446744073709551436,100,-87,87,174,60,258,0,40,890526
fd00::20c:c:c:c,18,0,1,195,214,900271,89,88,60,12,18446744073709551427,100,-87,88,176,60,253,0,56,900524
fd00::20c:c:c:c,18,0,0,195,213,910274,90,89,60,12,18446744073709551428,100,-87,89,178,60,255,0,19,910529
fd00::20c:c:c:c,18,0,1,195,214,920277,91,90,60,12,18446744073709551433,100,-87,90,180,60,227,0,22,920504
fd00::20c:c:c:c,18,0,1,195,214,930280,92,91,60,12,18446744073709551433,100,-87,91,182,60,235,0,18,930515
fd00::20c:c:c:c,18,0,1,195,214,940283,93,92,60,12,18446744073709551432,100,-87,92,184,60,241,0,32,940524
fd00::20c:c:c:c,18,0,1,195,214,950286,94,93,60,12,18446744073709551433,100,-87,93,186,60,248,0,22,950534
fd00::20c:c:c:c,18,0,1,195,214,960289,95,94,60,12,18446744073709551443,100,-87,94,188,60,247,0,28,960536
fd00::20c:c:c:c,18,0,1,195,214,970292,96,95,60,12,18446744073709551427,100,-87,95,190,60,241,0,29,970533
fd00::20c:c:c:c,18,0,1,195,214,980295,97,96,60,12,18446744073709551427,100,-87,96,192,60,237,0,46,980532
fd00::20c:c:c:c,18,0,1,195,214,990298,98,97,60,12,18446744073709551427,100,-87,97,194,60,243,0,22,990541
fd00::20c:c:c:c,18,0,1,195,214,1000301,99,98,60,12,18446744073709551427,100,-87,98,196,60,240,0,25,1000541
fd00::20c:c:c:c,18,0,1,195,214,1010306,100,99,60,12,18446744073709551432,100,-87,99,198,60,230,0,210,1010536
fd00::20c:c:c:c,18,0,1,195,214,1020307,101,100,60,12,18446744073709551440,100,-87,100,200,60,219,0,25,1020526
fd00::20c:c:c:c,18,0,1,195,214,1030310,102,101,60,12,18446744073709551446,100,-87,101,202,60,251,0,24,1030561
fd00::20c:c:c:c,18,0,1,195,214,1040313,103,102,60,12,18446744073709551427,100,-87,102,204,60,256,0,19,1040569
fd00::20c:c:c:c,18,0,1,195,214,1050316,104,103,60,12,18446744073709551427,100,-87,103,206,60,243,0,76,1050559
fd00::20c:c:c:c,18,0,1,195,214,1060319,105,104,60,12,18446744073709551449,100,-87,104,208,60,252,0,26,1060571
fd00::20c:c:c:c,18,0,1,195,214,1070322,106,105,60,12,18446744073709551427,100,-87,105,210,60,226,0,26,1070548
fd00::20c:c:c:c,18,0,0,195,213,1080325,107,106,60,12,18446744073709551442,100,-87,106,212,60,227,0,41,1080552
fd00::20c:c:c:c,18,0,0,196,214,1090328,108,107,60,12,18446744073709551427,100,-87,107,214,60,253,0,31,1090581
fd00::20c:c:c:c,18,0,1,195,214,1100331,109,108,60,12,18446744073709551437,100,-87,108,216,60,229,0,45,1100560
fd00::20c:c:c:c,18,0,1,195,214,1110334,110,109,60,12,18446744073709551442,100,-87,109,218,60,249,0,36,1110583
fd00::20c:c:c:c,18,0,1,195,214,1120337,111,110,60,12,18446744073709551427,100,-87,110,220,60,258,0,56,1120595
fd00::20c:c:c:c,18,0,1,195,214,1130340,112,111,60,12,18446744073709551449,100,-87,111,222,60,249,0,40,1130589
fd00::20c:c:c:c,18,0,1,195,214,1140343,113,112,60,12,18446744073709551427,100,-87,112,224,60,236,0,20,1140579
fd00::20c:c:c:c,18,0,1,195,214,1150346,114,113,60,12,18446744073709551427,100,-87,113,226,60,253,0,31,1150599
fd00::20c:c:c:c,18,0,1,195,214,1160349,115,114,60,12,18446744073709551427,100,-87,114,228,60,232,0,22,1160581
fd00::20c:c:c:c,18,0,1,195,214,1170352,116,115,60,12,18446744073709551427,100,-87,115,230,60,253,0,34,1170605
fd00::20c:c:c:c,18,0,1,195,214,1180355,117,116,60,12,18446744073709551435,100,-87,116,232,60,232,0,131,1180587
fd00::20c:c:c:c,18,0,0,196,214,1190358,118,117,60,12,18446744073709551427,100,-87,117,234,60,221,0,22,1190579
fd00::20c:c:c:c,18,0,1,195,214,1200362,119,118,60,12,18446744073709551428,100,-87,118,236,60,260,0,19,1200622
fd00::20c:c:c:c,18,0,1,195,214,1210364,120,119,60,12,18446744073709551432,100,-87,119,238,60,251,0,34,1210615
fd00::20c:c:c:c,18,0,1,195,214,1220367,121,120,60,12,18446744073709551427,100,-87,120,240,60,252,0,30,1220619
fd00::20c:c:c:c,18,0,1,195,214,1230370,122,121,60,12,18446744073709551438,100,-87,121,242,60,222,0,25,1230592
fd00::20c:c:c:c,18,0,1,195,214,1240373,123,122,60,12,18446744073709551433,100,-87,122,244,60,248,0,19,1240621
fd00::20c:c:c:c,18,0,1,195,214,1250376,124,123,60,12,18446744073709551427,100,-87,123,246,60,227,0,65,1250603
fd00::20c:c:c:c,18,0,1,195,214,1260379,125,124,60,12,18446744073709551446,100,-87,124,248,60,258,0,34,1260637
fd00::20c:c:c:c,18,0,1,195,214,1270382,126,125,60,12,18446744073709551436,100,-87,125,250,60,259,0,38,1270641
fd00::20c:c:c:c,18,0,1,195,214,1280385,127,126,60,12,18446744073709551427,100,-87,126,252,60,231,0,16,1280616
fd00::20c:c:c:c,18,0,1,195,214,1290388,128,127,60,12,18446744073709551427,100,-87,127,254,60,250,0,31,1290638
fd00::20c:c:c:c,18,0,0,196,214,1300391,129,128,60,12,18446744073709551433,100,-87,128,256,60,248,0,31,1300639
fd00::20c:c:c:c,18,0,1,195,214,1310394,130,129,60,12,18446744073709551439,100,-87,129,258,60,236,0,50,1310630
fd00::20c:c:c:c,18,0,1,195,214,1320397,131,130,60,12,18446744073709551445,100,-87,130,260,60,236,0,30,1320633
fd00::20c:c:c:c,18,0,1,195,214,1330400,132,131,60,12,18446744073709551427,100,-87,131,262,60,235,0,20,1330635
fd00::20c:c:c:c,18,0,1,195,214,1340403,133,132,60,12,18446744073709551427,100,-87,132,264,60,256,0,27,1340659
fd00::20c:c:c:c,18,0,1,194,213,1350406,134,133,60,12,18446744073709551429,100,-87,133,266,60,224,0,25,1350630
fd00::20c:c:c:c,18,0,1,195,214,1360409,135,134,60,12,18446744073709551433,100,-87,134,268,60,257,0,19,1360666
fd00::20c:c:c:c,18,0,1,195,214,1370412,136,135,60,12,18446744073709551439,100,-87,135,270,60,224,0,30,1370636
fd00::20c:c:c:c,18,0,1,195,214,1380415,137,136,60,12,18446744073709551427,100,-87,136,272,60,249,0,38,1380664
fd00::20c:c:c:c,18,0,1,195,214,1390418,138,137,60,12,18446744073709551427,100,-87,137,274,60,238,0,29,1390656
fd00::20c:c:c:c,18,0,0,196,214,1400421,139,138,60,12,18446744073709551449,100,-87,138,276,60,253,0,25,1400674
fd00::20c:c:c:c,18,0,0,195,213,1410424,140,139,60,12,18446744073709551427,100,-87,139,278,60,225,0,32,1410649
fd00::20c:c:c:c,18,0,0,195,213,1420427,141,140,60,12,18446744073709551495,100,-87,140,280,60,275,0,56,1420702
fd00::20c:c:c:c,18,0,1,195,214,1430430,142,141,60,12,18446744073709551433,100,-87,141,282,60,235,0,20,1430665
fd00::20c:c:c:c,18,0,1,195,214,1440433,143,142,60,12,18446744073709551430,100,-87,142,284,60,223,0,78,1440656
fd00::20c:c:c:c,18,0,1,195,214,1450436,144,143,60,12,18446744073709551432,100,-87,143,286,60,229,0,29,1450665
fd00::20c:c:c:c,18,0,1,195,214,1460439,145,144,60,12,18446744073709551437,100,-87,144,288,60,231,0,38,1460670
fd00::20c:c:c:c,18,0,1,195,214,1470442,146,145,60,12,18446744073709551447,100,-87,145,290,60,258,0,24,1470700
fd00::20c:c:c:c,18,0,1,195,214,1480445,147,146,60,12,18446744073709551427,100,-87,146,292,60,223,0,28,1480668
fd00::20c:c:c:c,18,0,1,195,214,1490448,148,147,60,12,18446744073709551437,100,-87,147,294,60,254,0,120,1490702
fd00::20c:c:c:c,18,0,1,195,214,1500451,149,148,60,12,18446744073709551435,100,-87,148,296,60,251,0,18,1500702
fd00::20c:c:c:c,18,0,0,195,213,1510454,150,149,60,12,18446744073709551427,100,-87,149,298,60,232,0,30,1510686
fd00::20c:c:c:c,18,0,1,195,214,1520457,151,150,60,12,18446744073709551434,100,-87,150,300,60,239,0,90,1520696
fd00::20c:c:c:c,18,0,1,195,214,1530460,152,151,60,12,18446744073709551446,100,-87,151,302,60,237,0,81,1530697
fd00::20c:c:c:c,18,0,1,195,214,1540463,153,152,60,12,18446744073709551427,100,-87,152,304,60,240,0,34,1540703
fd00::20c:c:c:c,18,0,1,195,214,1550466,154,153,60,12,18446744073709551427,100,-87,153,306,60,242,0,17,1550708
fd00::20c:c:c:c,18,0,1,195,214,1560469,155,154,60,12,18446744073709551443,100,-87,154,308,60,252,0,58,1560721
fd00::20c:c:c:c,18,0,1,194,213,1570472,156,155,60,12,18446744073709551447,100,-87,155,310,60,258,0,29,1570730
fd00::20c:c:c:c,18,0,1,195,214,1580475,157,156,60,12,18446744073709551444,100,-87,156,312,60,221,0,39,1580696
fd00::20c:c:c:c,18,0,1,195,214,1590478,158,157,60,12,18446744073709551433,100,-87,157,314,60,232,0,56,1590710
fd00::20c:c:c:c,18,0,1,195,214,1600481,159,158,60,12,18446744073709551440,100,-87,158,316,60,254,0,30,1600735
fd00::20c:c:c:c,18,0,1,195,214,1610484,160,159,60,12,18446744073709551428,100,-87,159,318,60,219,0,21,1610703
fd00::20c:c:c:c,18,0,0,195,213,1620487,161,160,60,12,18446744073709551427,100,-87,160,320,60,240,0,22,1620727
fd00::20c:c:c:c,18,0,1,195,214,1630490,162,161,60,12,18446744073709551433,100,-87,161,322,60,232,0,25,1630722
fd00::20c:c:c:c,18,0,1,195,214,1640493,163,162,60,12,18446744073709551440,100,-87,162,324,60,221,0,58,1640714
fd00::20c:c:c:c,18,0,1,195,214,1650496,164,163,60,12,18446744073709551433,100,-87,163,326,60,245,0,25,1650741
fd00::20c:c:c:c,18,0,1,195,214,1660499,165,164,60,12,18446744073709551442,100,-87,164,328,60,242,0,26,1660741
fd00::20c:c:c:c,18,0,1,195,214,1670502,166,165,60,12,18446744073709551427,100,-87,165,330,60,245,0,25,1670747
fd00::20c:c:c:c,18,0,1,195,214,1680505,167,166,60,12,18446744073709551440,100,-87,166,332,60,256,0,159,1680761
fd00::20c:c:c:c,18,0,1,195,214,1690508,168,167,60,12,18446744073709551511,100,-87,167,334,60,221,0,73,1690729
fd00::20c:c:c:c,18,0,1,195,214,1700511,169,168,60,12,18446744073709551427,100,-87,168,336,60,230,0,95,1700741
fd00::20c:c:c:c,18,0,1,195,214,1710514,170,169,60,12,18446744073709551427,100,-87,169,338,60,253,0,28,1710767
fd00::20c:c:c:c,18,0,1,195,214,1720517,171,170,60,12,18446744073709551430,100,-87,170,340,60,243,0,18,1720760
fd00::20c:c:c:c,18,0,1,195,214,1730520,172,171,60,12,18446744073709551427,100,-87,171,342,60,250,0,58,1730770
fd00::20c:c:c:c,18,0,1,195,214,1740523,173,172,60,12,18446744073709551427,100,-87,172,344,60,244,0,47,1740767
fd00::20c:c:c:c,18,0,1,195,214,1750526,174,173,60,12,18446744073709551427,100,-87,173,346,60,223,0,44,1750749
fd00::20c:c:c:c,18,0,1,195,214,1760529,175,174,60,12,18446744073709551429,100,-87,174,348,60,225,0,57,1760754
fd00::20c:c:c:c,18,0,1,195,214,1770532,176,175,60,12,18446744073709551427,100,-87,175,350,60,257,0,20,1770789
fd00::20c:c:c:c,18,0,1,195,214,1780535,177,176,60,12,18446744073709551432,100,-87,176,352,60,232,0,20,1780767
fd00::20c:c:c:c,18,0,1,195,214,1790538,178,177,60,12,18446744073709551431,100,-87,177,354,60,256,0,95,1790794
fd00::20c:c:c:c,18,0,1,195,214,1800541,179,178,60,12,18446744073709551442,100,-87,178,356,60,237,0,41,1800778
fd00::20c:c:c:c,18,0,0,195,213,1810544,180,179,60,12,18446744073709551427,100,-87,179,358,60,305,0,16,1810849
fd00::20c:c:c:c,18,0,1,195,214,1820547,181,180,60,12,18446744073709551439,100,-87,180,360,60,238,0,60,1820785
fd00::20c:c:c:c,18,0,0,196,214,1830550,182,181,60,12,18446744073709551427,100,-87,181,362,60,246,0,41,1830796
fd00::20c:c:c:c,18,0,0,195,213,1840553,183,182,60,12,18446744073709551427,100,-87,182,364,60,225,0,24,1840778
fd00::20c:c:c:c,18,0,1,195,214,1850556,184,183,60,12,18446744073709551440,100,-87,183,366,60,247,0,36,1850803
fd00::20c:c:c:c,18,0,1,195,214,1860559,185,184,60,12,18446744073709551434,100,-87,184,368,60,229,0,29,1860788
fd00::20c:c:c:c,18,0,1,195,214,1870562,186,185,60,12,18446744073709551428,100,-87,185,370,60,243,0,21,1870805
fd00::20c:c:c:c,18,0,1,195,214,1880565,187,186,60,12,18446744073709551433,100,-87,186,372,60,225,0,30,1880790
fd00::20c:c:c:c,18,0,1,195,214,1890568,188,187,60,12,18446744073709551453,100,-87,187,374,60,247,0,43,1890815
fd00::20c:c:c:c,18,0,1,195,214,1900571,189,188,60,12,18446744073709551427,100,-87,188,376,60,240,0,40,1900811
fd00::20c:c:c:c,18,0,1,195,214,1910574,190,189,60,12,18446744073709551442,100,-87,189,378,60,236,0,27,1910810
fd00::20c:c:c:c,18,0,1,195,214,1920577,191,190,60,12,18446744073709551435,100,-87,190,380,60,235,0,36,1920812
fd00::20c:c:c:c,18,0,1,195,214,1930580,192,191,60,12,18446744073709551426,100,-87,191,382,60,256,0,79,1930836
fd00::20c:c:c:c,18,0,1,195,214,1940583,193,192,60,12,18446744073709551427,100,-87,192,384,60,240,0,26,1940823
fd00::20c:c:c:c,18,0,1,195,214,1950586,194,193,60,12,18446744073709551439,100,-87,193,386,60,258,0,28,1950844
fd00::20c:c:c:c,18,0,1,195,214,1960589,195,194,60,12,18446744073709551431,100,-87,194,388,60,246,0,62,1960835
fd00::20c:c:c:c,18,0,1,195,214,1970592,196,195,60,12,18446744073709551446,100,-87,195,390,60,284,0,57,1970876
fd00::20c:c:c:c,18,0,1,195,214,1980595,197,196,60,12,18446744073709551441,100,-87,196,392,60,224,0,79,1980819
fd00::20c:c:c:c,18,0,1,195,214,1990598,198,197,60,12,18446744073709551431,100,-87,197,394,60,235,0,52,1990833
fd00::20c:c:c:c,18,0,1,195,214,2000601,199,198,60,12,18446744073709551427,100,-87,198,396,60,219,0,14,2000820
fd00::20c:c:c:c,18,0,0,196,214,2010604,200,199,60,12,18446744073709551448,100,-87,199,398,60,253,0,29,2010857
fd00::20c:c:c:c,18,0,1,195,214,2020607,201,200,60,12,18446744073709551427,100,-87,200,400,60,222,0,41,2020829
fd00::20c:c:c:c,18,0,1,195,214,2030610,202,201,60,12,18446744073709551427,100,-87,201,402,60,238,0,29,2030848
fd00::20c:c:c:c,18,0,1,195,214,2040613,203,202,60,12,18446744073709551427,100,-87,202,404,60,244,0,21,2040857
fd00::20c:c:c:c,18,0,1,195,214,2050616,204,203,60,12,18446744073709551439,100,-87,203,406,60,237,0,37,2050853
fd00::20c:c:c:c,18,0,1,195,214,2060619,205,204,60,12,18446744073709551427,100,-87,204,408,60,239,0,39,2060858
fd00::20c:c:c:c,18,0,1,195,214,2070622,206,205,60,12,18446744073709551434,100,-87,205,410,60,246,0,32,2070868
fd00::20c:c:c:c,18,0,1,195,214,2080625,207,206,60,12,18446744073709551433,100,-87,206,412,60,232,0,66,2080857
fd00::20c:c:c:c,18,0,1,195,214,2090628,208,207,60,12,18446744073709551433,100,-87,207,414,60,241,0,88,2090869
fd00::20c:c:c:c,18,0,1,195,214,2100631,209,208,60,12,18446744073709551427,100,-87,208,416,60,234,0,22,2100865
fd00::20c:c:c:c,18,0,1,195,214,2110634,210,209,60,12,18446744073709551433,100,-87,209,418,60,248,0,17,2110882
fd00::20c:c:c:c,18,0,1,195,214,2120637,211,210,60,12,18446744073709551427,100,-87,210,420,60,229,0,29,2120866
fd00::20c:c:c:c,18,0,1,195,214,2130640,212,211,60,12,18446744073709551432,100,-87,211,422,60,233,0,66,2130873
fd00::20c:c:c:c,18,0,1,195,214,2140643,213,212,60,12,18446744073709551450,100,-87,212,424,60,220,0,38,2140863
fd00::20c:c:c:c,18,0,0,196,214,2150646,214,213,60,12,18446744073709551427,100,-87,213,426,60,256,0,59,2150902
fd00::20c:c:c:c,18,0,1,195,214,2160649,215,214,60,12,18446744073709551440,100,-87,214,428,60,248,0,26,2160897
fd00::20c:c:c:c,18,0,1,195,214,2170652,216,215,60,12,18446744073709551445,100,-87,215,430,60,224,0,51,2170876
fd00::20c:c:c:c,18,0,1,195,214,2180655,217,216,60,12,18446744073709551427,100,-87,216,432,60,229,0,45,2180884
fd00::20c:c:c:c,18,0,1,195,214,2190658,218,217,60,12,18446744073709551427,100,-87,217,434,60,254,0,31,2190912
fd00::20c:c:c:c,18,0,1,194,213,2200661,219,218,60,12,18446744073709551452,100,-87,218,436,60,240,0,36,2200901
fd00::20c:c:c:c,18,0,1,194,213,2210664,220,219,60,12,18446744073709551446,100,-87,219,438,60,243,0,100,2210907
fd00::20c:c:c:c,18,0,1,195,214,2220667,221,220,60,12,18446744073709551435,100,-87,220,440,60,251,0,50,2220918
fd00::20c:c:c:c,18,0,1,195,214,2230670,222,221,60,12,18446744073709551441,100,-87,221,442,60,227,0,28,2230897
fd00::20c:c:c:c,18,0,1,195,214,2240673,223,222,60,12,18446744073709551427,100,-87,222,444,60,240,0,24,2240913
fd00::20c:c:c:c,18,0,1,195,214,2250676,224,223,60,12,18446744073709551433,100,-87,223,446,60,255,0,46,2250931
fd00::20c:c:c:c,18,0,1,195,214,2260679,225,224,60,12,18446744073709551427,100,-87,224,448,60,228,0,44,2260907
fd00::20c:c:c:c,18,0,1,195,214,2270682,226,225,60,12,18446744073709551438,100,-87,225,450,60,257,0,24,2270939
fd00::20c:c:c:c,18,0,1,195,214,2280685,227,226,60,12,18446744073709551427,100,-87,226,452,60,237,0,28,2280922
fd00::20c:c:c:c,18,0,1,195,214,2290688,228,227,60,12,18446744073709551451,100,-87,227,454,60,241,0,42,2290929
fd00::20c:c:c:c,18,0,1,195,214,2300691,229,228,60,12,18446744073709551446,100,-87,228,456,60,253,0,28,2300944
fd00::20c:c:c:c,18,0,1,195,214,2310694,230,229,60,12,18446744073709551432,100,-87,229,458,60,249,0,85,2310943
fd00::20c:c:c:c,18,0,1,195,214,2320697,231,230,60,12,18446744073709551432,100,-87,230,460,60,227,0,40,2320924
fd00::20c:c:c:c,18,0,1,195,214,2330700,232,231,60,12,18446744073709551446,100,-87,231,462,60,232,0,60,2330932
fd00::20c:c:c:c,18,0,1,195,214,2340703,233,232,60,12,18446744073709551436,100,-87,232,464,60,250,0,32,2340953
fd00::20c:c:c:c,18,0,1,195,214,2350706,234,233,60,12,18446744073709551441,100,-87,233,466,60,219,0,27,2350925
fd00::20c:c:c:c,18,0,1,195,214,2360709,235,234,60,12,18446744073709551427,100,-87,234,468,60,225,0,29,2360934
fd00::20c:c:c:c,18,0,0,196,214,2370712,236,235,60,12,18446744073709551432,100,-87,235,470,60,259,0,49,2370971
fd00::20c:c:c:c,18,0,1,195,214,2380715,237,236,60,12,18446744073709551433,100,-87,236,472,60,256,0,22,2380971
fd00::20c:c:c:c,18,0,1,195,214,2390718,238,237,60,12,18446744073709551447,100,-87,237,474,60,258,0,36,2390976
fd00::20c:c:c:c,18,0,1,195,214,2400721,239,238,60,12,18446744073709551427,100,-87,238,476,60,228,0,30,2400949
fd00::20c:c:c:c,18,0,1,195,214,2410724,240,239,60,12,18446744073709551445,100,-87,239,478,60,223,0,42,2410947
fd00::20c:c:c:c,18,0,1,195,214,2420727,241,240,60,12,18446744073709551432,100,-87,240,480,60,228,0,36,2420955
fd00::20c:c:c:c,18,0,1,195,214,2430730,242,241,60,12,18446744073709551427,100,-87,241,482,60,252,0,30,2430982
fd00::20c:c:c:c,18,0,1,195,214,2440733,243,242,60,12,18446744073709551448,100,-87,242,484,60,220,0,30,2440953
fd00::20c:c:c:c,18,0,1,195,214,2450736,244,243,60,12,18446744073709551448,100,-87,243,486,60,231,0,35,2450967
fd00::20c:c:c:c,18,0,1,195,214,2460739,245,244,60,12,18446744073709551433,100,-87,244,488,60,231,0,22,2460970
fd00::20c:c:c:c,18,0,1,195,214,2470742,246,245,60,12,18446744073709551436,100,-87,245,490,60,237,0,22,2470979
fd00::20c:c:c:c,18,0,1,195,214,2480745,247,246,60,12,18446744073709551428,100,-87,246,492,60,240,0,34,2480985
fd00::20c:c:c:c,18,0,1,195,214,2490748,248,247,60,12,18446744073709551449,100,-87,247,494,60,258,0,27,2491006
fd00::20c:c:c:c,18,0,1,195,214,2500751,249,248,60,12,18446744073709551427,100,-87,248,496,60,237,0,33,2500988
fd00::20c:c:c:c,18,0,1,195,214,2510754,250,249,60,12,18446744073709551427,100,-87,249,498,60,233,0,124,2510987
fd00::20c:c:c:c,18,0,1,195,214,2520757,251,250,60,12,18446744073709551443,100,-87,250,500,60,250,0,38,2521007
fd00::20c:c:c:c,18,0,1,195,214,2530760,252,251,60,12,18446744073709551435,100,-87,251,502,60,234,0,43,2530994
fd00::20c:c:c:c,18,0,1,195,214,2540763,253,252,60,12,18446744073709551433,100,-87,252,504,60,256,0,36,2541019
fd00::20c:c:c:c,18,0,1,195,214,2550766,254,253,60,12,18446744073709551455,100,-87,253,506,60,230,0,47,2550996
fd00::20c:c:c:c,18,0,0,195,213,2560769,255,254,60,12,18446744073709551433,100,-87,254,508,60,219,0,26,2560988
fd00::20c:c:c:c,18,0,1,195,214,2570772,256,255,60,12,18446744073709551427,100,-87,255,510,60,256,0,25,2571028
fd00::20c:c:c:c,18,0,1,195,214,2580775,257,256,60,12,18446744073709551439,100,-87,256,512,60,259,0,45,2581034
fd00::20c:c:c:c,18,0,1,195,214,2590778,258,257,60,12,18446744073709551427,100,-87,257,514,60,219,0,14,2590997
fd00::20c:c:c:c,18,0,1,195,214,2600781,259,258,60,12,18446744073709551427,100,-87,258,516,60,250,0,33,2601031
fd00::20c:c:c:c,18,0,1,195,214,2610784,260,259,60,12,18446744073709551427,100,-87,259,518,60,232,0,21,2611016
fd00::20c:c:c:c,18,0,1,195,214,2620787,261,260,60,12,18446744073709551432,100,-87,260,520,60,252,0,41,2621039
fd00::20c:c:c:c,18,0,1,195,214,2630790,262,261,60,12,18446744073709551427,100,-87,261,522,60,221,0,63,2631011
fd00::20c:c:c:c,18,0,1,195,214,2640793,263,262,60,12,18446744073709551427,100,-87,262,524,60,239,0,18,2641032
fd00::20c:c:c:c,18,0,1,195,214,2650796,264,263,60,12,18446744073709551427,100,-87,263,526,60,228,0,25,2651024
fd00::20c:c:c:c,18,0,1,195,214,2660799,265,264,60,12,18446744073709551427,100,-87,264,528,60,238,0,32,2661037
fd00::20c:c:c:c,18,0,1,195,214,2670802,266,265,60,12,18446744073709551434,100,-87,265,530,60,241,0,36,2671043
fd00::20c:c:c:c,18,0,1,195,214,2680805,267,266,60,12,18446744073709551448,100,-87,266,532,60,246,0,168,2681051
fd00::20c:c:c:c,18,0,0,195,213,2690808,268,267,60,12,18446744073709551450,100,-87,267,534,60,256,0,30,2691064
fd00::20c:c:c:c,18,0,1,195,214,2700811,269,268,60,12,18446744073709551442,100,-87,268,536,60,254,0,64,2701065
fd00::20c:c:c:c,18,0,1,195,214,2710814,270,269,60,12,18446744073709551427,100,-87,269,538,60,230,0,27,2711044
fd00::20c:c:c:c,18,0,1,195,214,2720817,271,270,60,12,18446744073709551427,100,-87,270,540,60,242,0,25,2721059
fd00::20c:c:c:c,18,0,1,195,214,2730820,272,271,60,12,18446744073709551432,100,-87,271,542,60,245,0,22,2731065
fd00::20c:c:c:c,18,0,1,195,214,2740823,273,272,60,12,18446744073709551446,100,-87,272,544,60,249,0,31,2741072
fd00::20c:c:c:c,18,0,1,195,214,2750826,274,273,60,12,18446744073709551427,100,-87,273,546,60,234,0,16,2751060
fd00::20c:c:c:c,18,0,1,195,214,2760829,275,274,60,12,18446744073709551444,100,-87,274,548,60,238,0,25,2761067
fd00::20c:c:c:c,18,0,1,195,214,2770832,276,275,60,12,18446744073709551427,100,-87,275,550,60,223,0,183,2771055
fd00::20c:c:c:c,18,0,1,195,214,2780835,277,276,60,12,18446744073709551432,100,-87,276,552,60,258,0,25,2781093
fd00::20c:c:c:c,18,0,1,195,214,2790838,278,277,60,12,18446744073709551426,100,-87,277,554,60,255,0,65,2791093
fd00::20c:c:c:c,18,0,1,195,214,2800841,279,278,60,12,18446744073709551439,100,-87,278,556,60,223,0,56,2801064
fd00::20c:c:c:c,18,0,1,195,214,2810844,280,279,60,12,18446744073709551434,100,-87,279,558,60,257,0,25,2811101
fd00::20c:c:c:c,18,0,1,195,214,2820847,281,280,60,12,18446744073709551448,100,-87,280,560,60,235,0,76,2821082
fd00::20c:c:c:c,18,0,1,195,214,2830850,282,281,60,12,18446744073709551427,100,-87,281,562,60,252,0,111,2831102
fd00::20c:c:c:c,18,0,1,195,214,2840853,283,282,60,12,18446744073709551427,100,-87,282,564,60,250,0,22,2841103
fd00::20c:c:c:c,18,0,1,195,214,2850856,284,283,60,12,18446744073709551427,100,-87,283,566,60,252,0,72,2851108
fd00::20c:c:c:c,18,0,1,195,214,2860859,285,284,60,12,18446744073709551442,100,-87,284,568,60,229,0,30,2861088
fd00::20c:c:c:c,18,0,1,195,214,2870862,286,285,60,12,18446744073709551427,100,-87,285,570,60,224,0,14,2871086
fd00::20c:c:c:c,18,0,1,195,214,2880865,287,286,60,12,18446744073709551438,100,-87,286,572,60,227,0,40,2881092
fd00::20c:c:c:c,18,0,1,195,214,2890868,288,287,60,12,18446744073709551439,100,-87,287,574,60,258,0,32,2891126
fd00::20c:c:c:c,18,0,1,195,214,2900871,289,288,60,12,18446744073709551446,100,-87,288,576,60,244,0,48,2901115
fd00::20c:c:c:c,18,0,1,195,214,2910874,290,289,60,12,18446744073709551452,100,-87,289,578,60,224,0,84,2911098
fd00::20c:c:c:c,18,0,1,195,214,2920877,291,290,60,12,18446744073709551479,100,-87,290,580,60,222,0,137,2921099
fd00::20c:c:c:c,18,0,1,195,214,2930880,292,291,60,12,18446744073709551445,100,-87,291,582,60,227,0,37,2931107
fd00::20c:c:c:c,18,0,1,195,214,2940883,293,292,60,12,18446744073709551427,100,-87,292,584,60,241,0,31,2941124
fd00::20c:c:c:c,18,0,1,195,214,2950886,294,293,60,12,18446744073709551433,100,-87,293,586,60,248,0,26,2951134
fd00::20c:c:c:c,18,0,2,193,213,2960889,295,294,60,12,18446744073709551427,100,-87,294,588,60,232,0,42,2961121
fd00::20c:c:c:c,18,0,2,194,214,2970892,296,295,60,12,18446744073709551447,100,-87,295,590,60,254,0,26,2971146
fd00::20c:c:c:c,18,0,2,194,214,2980895,297,296,60,12,18446744073709551440,100,-87,296,592,60,250,0,47,2981145
fd00::20c:c:c:c,18,0,1,195,214,2990898,298,297,60,12,18446744073709551427,100,-87,297,594,60,232,0,34,2991130
fd00::20c:c:c:c,18,0,1,195,214,3000901,299,298,60,12,18446744073709551450,100,-87,298,596,60,223,0,43,3001124
fd00::20c:c:c:c,18,0,1,195,214,3010904,300,299,60,12,18446744073709551440,100,-87,299,598,60,219,0,37,3011123
fd00::20c:c:c:c,18,0,1,195,214,3020907,301,300,60,12,18446744073709551449,100,-87,300,600,60,228,0,70,3021135
fd00::20c:c:c:c,18,0,1,195,214,3030910,302,301,60,12,18446744073709551444,100,-87,301,602,60,256,0,38,3031166
fd00::20c:c:c:c,18,0,1,195,214,3040913,303,302,60,12,18446744073709551427,100,-87,302,604,60,234,0,28,3041147
fd00::20c:c:c:c,18,0,1,195,214,3050916,304,303,60,12,18446744073709551439,100,-87,303,606,60,237,0,26,3051153
fd00::20c:c:c:c,18,0,1,195,214,3060919,305,304,60,12,18446744073709551427,100,-87,304,608,60,219,0,62,3061138
fd00::20c:c:c:c,18,0,1,195,214,3070922,306,305,60,12,18446744073709551427,100,-87,305,610,60,259,0,120,3071181
fd00::20c:c:c:c,18,0,1,195,214,3080925,307,306,60,12,18446744073709551427,100,-87,306,612,60,225,0,67,3081150
fd00::20c:c:c:c,18,0,1,195,214,3090928,308,307,60,12,18446744073709551451,100,-87,307,614,60,220,0,28,3091148
fd00::20c:c:c:c,18,0,1,195,214,3100931,309,308,60,12,18446744073709551448,100,-87,308,616,60,241,0,72,3101172
fd00::20c:c:c:c,18,0,1,195,214,3110934,310,309,60,12,18446744073709551427,100,-87,309,618,60,247,0,72,3111181
fd00::20c:c:c:c,18,0,1,195,214,3120937,311,310,60,12,18446744073709551427,100,-87,310,620,60,252,0,29,3121189
fd00::20c:c:c:c,18,0,1,195,214,3130940,312,311,60,12,18446744073709551427,100,-87,311,622,60,246,0,85,3131186
fd00::20c:c:c:c,18,0,1,195,214,3140943,313,312,60,12,18446744073709551435,100,-87,312,624,60,254,0,18,3141197
fd00::20c:c:c:c,18,0,1,195,214,3150946,314,313,60,12,18446744073709551427,100,-87,313,626,60,244,0,14,3151190
fd00::20c:c:c:c,18,0,1,195,214,3160949,315,314,60,12,18446744073709551431,100,-87,314,628,60,219,0,32,3161168
fd00::20c:c:c:c,18,0,1,195,214,3170952,316,315,60,12,18446744073709551427,100,-87,315,630,60,252,0,60,3171204
fd00::20c:c:c:c,18,0,1,195,214,3180955,317,316,60,12,18446744073709551427,100,-87,316,632,60,256,0,25,3181211
fd00::20c:c:c:c,18,0,1,195,214,3190958,318,317,60,12,18446744073709551427,100,-87,317,634,60,219,0,26,3191177
fd00::20c:c:c:c,18,0,1,195,214,3200961,319,318,60,12,18446744073709551436,100,-87,318,636,60,220,0,70,3201181
fd00::20c:c:c:c,18,0,1,195,214,3210964,320,319,60,12,18446744073709551434,100,-87,319,638,60,219,0,74,3211183
fd00::20c:c:c:c,18,0,1,195,214,3220967,321,320,60,12,18446744073709551443,100,-87,320,640,60,237,0,44,3221204
fd00::20c:c:c:c,18,0,1,195,214,3230970,322,321,60,12,18446744073709551447,100,-87,321,642,60,231,0,52,3231201
fd00::20c:c:c:c,18,0,1,195,214,3240973,323,322,60,12,18446744073709551446,100,-87,322,644,60,238,0,82,3241211
fd00::20c:c:c:c,18,0,1,195,214,3250976,324,323,60,12,18446744073709551427,100,-87,323,646,60,232,0,22,3251208
fd00::20c:c:c:c,18,0,1,195,214,3260979,325,324,60,12,18446744073709551427,100,-87,324,648,60,247,0,19,3261226
fd00::20c:c:c:c,18,0,1,195,214,3270982,326,325,60,12,18446744073709551448,100,-87,325,650,60,224,0,31,3271206
fd00::20c:c:c:c,18,0,1,195,214,3280985,327,326,60,12,18446744073709551436,100,-87,326,652,60,220,0,60,3281205
fd00::20c:c:c:c,18,0,0,195,213,3290988,328,327,60,12,18446744073709551430,100,-87,327,654,60,246,0,35,3291234
fd00::20c:c:c:c,18,0,1,195,214,3300991,329,328,60,12,18446744073709551443,100,-87,328,656,60,245,0,31,3301236
fd00::20c:c:c:c,18,0,1,195,214,3310994,330,329,60,12,18446744073709551430,100,-87,329,658,60,230,0,19,3311224
fd00::20c:c:c:c,18,0,1,195,214,3320997,331,330,60,12,18446744073709551448,100,-87,330,660,60,237,0,33,3321234
fd00::20c:c:c:c,18,0,1,195,214,3331000,332,331,60,12,18446744073709551427,100,-87,331,662,60,253,0,33,3331253
fd00::20c:c:c:c,18,0,1,195,214,3341003,333,332,60,12,18446744073709551427,100,-87,332,664,60,236,0,93,3341239
fd00::20c:c:c:c,18,0,1,195,214,3351006,334,333,60,12,18446744073709551432,100,-87,333,666,60,228,0,30,3351234
fd00::20c:c:c:c,18,0,1,195,214,3361009,335,334,60,12,18446744073709551432,100,-87,334,668,60,252,0,118,3361261
fd00::20c:c:c:c,18,0,1,195,214,3371012,336,335,60,12,18446744073709551442,100,-87,335,670,60,233,0,39,3371245
fd00::20c:c:c:c,18,0,1,195,214,3381015,337,336,60,12,18446744073709551443,100,-87,336,672,60,259,0,132,3381274
fd00::20c:c:c:c,18,0,1,195,214,3391018,338,337,60,12,18446744073709551450,100,-87,337,674,60,244,0,30,3391262
fd00::20c:c:c:c,18,0,1,195,214,3401021,339,338,60,12,18446744073709551427,100,-87,338,676,60,243,0,28,3401264
fd00::20c:c:c:c,18,0,1,195,214,3411024,340,339,60,12,18446744073709551444,100,-87,339,678,60,233,0,26,3411257
fd00::20c:c:c:c,18,0,1,195,214,3421027,341,340,60,12,18446744073709551427,100,-87,340,680,60,238,0,29,3421265
fd00::20c:c:c:c,18,0,1,195,214,3431030,342,341,60,12,18446744073709551427,100,-87,341,682,60,241,0,14,3431271
fd00::20c:c:c:c,18,0,0,196,214,3441033,343,342,60,12,18446744073709551440,100,-87,342,684,60,248,0,30,3441281
fd00::20c:c:c:c,18,0,1,195,214,3451036,344,343,60,12,18446744073709551427,100,-87,343,686,60,247,0,80,3451283
fd00::20c:c:c:c,18,0,1,195,214,3461039,345,344,60,12,18446744073709551437,100,-87,344,688,60,256,0,27,3461295
fd00::20c:c:c:c,18,0,1,195,214,3471042,346,345,60,12,18446744073709551435,100,-87,345,690,60,228,0,24,3471270
fd00::20c:c:c:c,18,0,1,195,214,3481045,347,346,60,12,18446744073709551433,100,-87,346,692,60,257,0,32,3481302
fd00::20c:c:c:c,18,0,1,195,214,3491048,348,347,60,12,18446744073709551441,100,-87,347,694,60,219,0,31,3491267
fd00::20c:c:c:c,18,0,1,195,214,3501051,349,348,60,12,18446744073709551427,100,-87,348,696,60,234,0,44,3501285
fd00::20c:c:c:c,18,0,1,195,214,3511054,350,349,60,12,18446744073709551437,100,-87,349,698,60,249,0,26,3511303
fd00::20c:c:c:c,18,0,1,195,214,3521057,351,350,60,12,18446744073709551446,100,-87,350,700,60,230,0,35,3521287
fd00::20c:c:c:c,18,0,1,195,214,3531060,352,351,60,12,18446744073709551459,100,-87,351,702,60,244,0,41,3531304
fd00::20c:c:c:c,18,0,1,195,214,3541063,353,352,60,12,18446744073709551433,100,-87,352,704,60,225,0,76,3541288
fd00::20c:c:c:c,18,0,1,195,214,3551066,354,353,60,12,18446744073709551435,100,-87,353,706,60,229,0,31,3551295
fd00::20c:c:c:c,18,0,1,195,214,3561069,355,354,60,12,18446744073709551427,100,-87,354,708,60,232,0,14,3561301
fd00::20c:c:c:c,18,0,1,195,214,3571072,356,355,60,12,18446744073709551427,100,-87,355,710,60,249,0,21,3571321
fd00::20c:c:c:c,18,0,1,195,214,3581075,357,356,60,12,18446744073709551450,100,-87,356,712,60,219,0,57,3581294
fd00::20c:c:c:c,18,0,1,195,214,3591078,358,357,60,12,18446744073709551426,100,-87,357,714,60,224,0,22,3591302
fd00::20d:d:d:d,57,0,0,624,681,31747,1,0,60,0,0,0,0,0,1,60,564,1,0,32311
fd00::20d:d:d:d,19,0,0,207,226,42329,2,1,60,12,18446744073709551252,100,-68,1,3,60,557,1,98,42886
fd00::20d:d:d:d,19,0,0,207,226,52911,3,1,60,12,18446744073709551252,100,-68,2,4,60,572,1,98,53483
fd00::20d:d:d:d,19,0,0,207,226,63493,4,2,60,12,18446744073709551239,100,-68,3,6,60,559,1,89,64052
fd00::20d:d:d:d,19,0,0,207,226,74075,5,3,60,12,18446744073709551315,100,-68,4,8,60,557,1,173,74632
fd00::20d:d:d:d,19,0,0,207,226,84657,6,4,60,12,18446744073709551225,100,-68,5,10,60,573,1,72,85230
fd00::20d:d:d:d,19,0,0,207,226,95239,7,5,60,12,18446744073709551282,100,-68,6,11,60,549,1,72,95788
fd00::20d:d:d:d,19,0,1,206,226,105821,8,6,60,12,18446744073709551222,100,-68,7,13,60,570,1,191,106391
fd00::20d:d:d:d,19,0,0,207,226,116403,9,7,60,12,18446744073709551240,100,-68,8,15,60,560,1,140,116963
fd00::20d:d:d:d,19,0,0,207,226,126985,10,8,60,12,18446744073709551195,100,-68,9,17,60,566,1,92,127551
fd00::20d:d:d:d,19,0,0,207,226,137567,11,9,60,12,18446744073709551523,100,-68,10,19,60,558,1,262,138125
fd00::20d:d:d:d,19,0,0,207,226,148149,12,10,60,12,18446744073709551386,100,-68,11,21,60,568,1,158,148717
fd00::20d:d:d:d,19,0,0,207,226,158731,13,11,60,12,18446744073709551322,100,-68,12,23,60,535,1,135,159266
fd00::20d:d:d:d,19,0,0,207,226,169313,14,12,60,12,18446744073709551184,100,-68,13,25,60,541,1,82,169854
fd00::20d:d:d:d,19,0,1,207,227,179895,15,14,60,12,18446744073709551219,100,-68,15,28,60,650,1,95,180545
fd00::20d:d:d:d,19,0,1,206,226,190477,16,15,60,12,18446744073709551219,100,-68,16,30,60,566,1,91,191043
fd00::20d:d:d:d,19,0,0,207,226,201059,17,16,60,12,18446744073709551216,100,-68,17,32,60,552,1,124,201611
fd00::20d:d:d:d,19,0,0,207,226,211641,18,17,60,12,18446744073709551180,100,-68,18,34,60,546,1,59,212187
fd00::20d:d:d:d,19,0,0,207,226,222223,19,18,60,12,18446744073709551203,100,-68,19,36,60,579,1,91,222802
fd00::20d:d:d:d,19,0,0,207,226,232805,20,19,60,12,18446744073709551228,100,-68,20,38,60,545,1,81,233350
fd00::20d:d:d:d,19,0,0,207,226,243387,21,20,60,12,18446744073709551173,100,-68,21,40,60,528,1,76,243915
fd00::20d:d:d:d,19,0,1,207,227,253969,22,21,60,12,18446744073709551263,100,-68,22,42,60,562,1,101,254531
fd00::20d:d:d:d,19,0,0,207,226,264551,23,22,60,12,18446744073709551204,100,-68,23,44,60,549,1,112,265100
fd00::20d:d:d:d,19,0,1,207,227,275133,24,23,60,12,18446744073709551159,100,-68,24,46,60,573,1,77,275706
fd00::20d:d:d:d,19,0,1,206,226,285715,25,24,60,12,18446744073709551201,100,-68,25,48,60,548,1,126,286263
fd00::20d:d:d:d,19,0,1,207,227,296297,26,25,60,12,18446744073709551185,100,-68,26,50,60,528,1,60,296825
fd00::20d:d:d:d,19,0,0,207,226,306879,27,26,60,12,18446744073709551202,100,-68,27,52,60,526,1,96,307405
fd00::20d:d:d:d,19,0,0,207,226,317461,28,27,60,12,18446744073709551218,100,-68,28,54,60,553,1,101,318014
fd00::20d:d:d:d,19,0,0,207,226,328043,29,28,60,12,18446744073709551365,100,-68,29,56,60,558,1,158,328601
fd00::20d:d:d:d,19,0,0,207,226,338625,30,29,60,12,18446744073709551319,100,-68,30,58,60,529,1,132,339154
fd00::20d:d:d:d,19,0,0,207,226,349207,31,30,60,12,18446744073709551189,100,-68,31,60,60,537,1,57,349744
fd00::20d:d:d:d,19,0,1,206,226,359789,32,32,60,12,18446744073709551222,100,-68,33,63,60,586,1,127,360375
fd00::20d:d:d:d,19,0,1,207,227,370371,33,33,60,12,18446744073709551258,100,-68,34,65,60,556,1,94,370927
fd00::20d:d:d:d,19,0,0,207,226,380953,34,34,60,12,18446744073709551202,100,-68,35,67,60,570,1,99,381523
fd00::20d:d:d:d,19,0,0,207,226,391535,35,35,60,12,18446744073709551200,100,-68,36,69,60,524,1,149,392059
fd00::20d:d:d:d,19,0,0,207,226,402117,36,36,60,12,18446744073709551203,100,-68,37,71,60,560,1,130,402677
fd00::20d:d:d:d,19,0,0,207,226,412699,37,37,60,12,18446744073709551255,100,-68,38,73,60,549,1,94,413248
fd00::20d:d:d:d,19,0,0,207,226,423281,38,38,60,12,18446744073709551190,100,-68,39,75,60,583,1,87,423864
fd00::20d:d:d:d,19,0,0,207,226,433863,39,39,60,12,18446744073709551166,100,-68,40,77,60,566,1,103,434429
fd00::20d:d:d:d,19,0,0,207,226,444445,40,40,60,12,18446744073709551307,100,-68,41,79,60,525,1,129,444970
fd00::20d:d:d:d,19,0,0,207,226,455027,41,41,60,12,18446744073709551177,100,-68,42,81,60,525,1,174,455552
fd00::20d:d:d:d,19,0,0,207,226,465609,42,42,60,12,18446744073709551197,100,-68,43,83,60,554,1,128,466163
fd00::20d:d:d:d,19,0,0,207,226,476191,43,43,60,12,18446744073709551196,100,-68,44,85,60,581,1,64,476772
fd00::20d:d:d:d,19,0,0,207,226,486773,44,44,60,12,18446744073709551191,100,-68,45,87,60,542,1,76,487315
fd00::20d:d:d:d,19,0,0,207,226,497355,45,45,60,12,18446744073709551162,100,-68,46,89,60,569,1,69,497924
fd00::20d:d:d:d,19,0,0,207,226,507937,46,46,60,12,18446744073709551203,100,-68,47,91,60,561,1,96,508498
fd00::20d:d:d:d,19,0,0,207,226,518519,47,47,60,12,18446744073709551166,100,-68,48,92,60,524,1,96,519043
fd00::20d:d:d:d,19,0,0,207,226,529101,48,48,60,12,18446744073709551312,100,-68,49,94,60,531,1,107,529632
fd00::20d:d:d:d,19,0,0,207,226,539683,49,50,60,12,18446744073709551189,100,-68,51,97,60,660,1,106,540343
fd00::20d:d:d:d,19,0,1,207,227,550265,50,51,60,12,18446744073709551335,100,-68,52,99,60,565,1,125,550830
fd00::20d:d:d:d,19,0,0,207,226,560847,51,52,60,12,18446744073709551233,100,-68,53,101,60,531,1,101,561378
fd00::20d:d:d:d,19,0,0,207,226,571429,52,53,60,12,18446744073709551233,100,-68,54,103,60,571,1,182,572000
fd00::20d:d:d:d,19,0,0,207,226,582011,53,54,60,12,18446744073709551189,100,-68,55,105,60,531,1,106,582542
fd00::20d:d:d:d,19,0,1,207,227,592593,54,55,60,12,18446744073709551165,100,-68,56,107,60,568,1,76,593161
fd00::20d:d:d:d,19,0,1,206,226,603175,55,56,60,12,18446744073709551233,100,-68,57,109,60,560,1,129,603735
fd00::20d:d:d:d,19,0,1,206,226,613757,56,57,60,12,18446744073709551290,100,-68,58,111,60,544,1,136,614301
fd00::20d:d:d:d,19,0,1,206,226,624339,57,58,60,12,18446744073709551215,100,-68,59,113,60,570,1,112,624909
fd00::20d:d:d:d,19,0,1,206,226,634921,58,59,60,12,18446744073709551253,100,-68,60,115,60,546,1,89,635467
fd00::20d:d:d:d,19,0,1,207,227,645503,59,60,60,12,18446744073709551266,100,-68,61,117,60,605,1,102,646108
fd00::20d:d:d:d,19,0,1,206,226,656085,60,61,60,12,18446744073709551176,100,-68,62,119,60,546,1,75,656631
fd00::20d:d:d:d,19,0,1,206,226,666667,61,62,60,12,18446744073709551206,100,-68,63,121,60,559,1,68,667226
fd00::20d:d:d:d,19,0,1,206,226,677249,62,63,60,12,18446744073709551190,100,-68,64,123,60,535,1,74,677784
fd00::20d:d:d:d,19,0,1,206,226,687831,63,64,60,12,18446744073709551325,100,-68,65,125,60,555,1,123,688386
fd00::20d:d:d:d,19,0,0,207,226,698413,64,65,60,12,18446744073709551232,100,-68,66,127,60,572,1,73,698985
fd00::20d:d:d:d,19,0,0,207,226,708995,65,66,60,12,18446744073709551187,100,-68,67,129,60,570,1,50,709565
fd00::20d:d:d:d,19,0,1,206,226,719577,66,67,60,12,18446744073709551201,100,-68,69,131,60,606,1,97,720183
fd00::20d:d:d:d,19,0,2,205,226,730159,67,69,60,12,18446744073709551274,100,-68,70,134,60,558,1,92,730717
fd00::20d:d:d:d,19,0,1,206,226,740741,68,70,60,12,18446744073709551240,100,-68,71,136,60,534,1,187,741275
fd00::20d:d:d:d,19,0,1,206,226,751323,69,71,60,12,18446744073709551277,100,-68,72,138,60,543,1,188,751866
fd00::20d:d:d:d,19,0,1,206,226,761905,70,72,60,12,18446744073709551263,100,-68,73,140,60,529,1,190,762434
fd00::20d:d:d:d,19,0,1,206,226,772487,71,73,60,12,18446744073709551212,100,-68,74,142,60,571,1,84,773058
fd00::20d:d:d:d,19,0,1,206,226,783069,72,74,60,12,18446744073709551217,100,-68,75,144,60,563,1,70,783632
fd00::20d:d:d:d,19,0,1,206,226,793651,73,75,60,12,18446744073709551155,100,-68,76,146,60,552,1,39,794203
fd00::20d:d:d:d,19,0,0,207,226,804233,74,76,60,12,18446744073709551242,100,-68,77,148,60,559,1,191,804792
fd00::20d:d:d:d,19,0,1,207,227,814815,75,77,60,12,18446744073709551245,100,-68,78,149,60,532,1,191,815347
fd00::20d:d:d:d,19,0,1,206,226,825397,76,78,60,12,18446744073709551210,100,-68,79,150,60,560,1,191,825957
fd00::20d:d:d:d,19,0,1,206,226,835979,77,79,60,12,18446744073709551331,100,-68,80,151,60,540,1,191,836519
fd00::20d:d:d:d,19,0,1,206,226,846561,78,80,60,12,18446744073709551250,100,-68,81,152,60,520,1,191,847081
fd00::20d:d:d:d,19,0,1,206,226,857143,79,80,60,12,18446744073709551250,100,-68,82,153,60,581,1,191,857724
fd00::20d:d:d:d,19,0,1,206,226,867725,80,81,60,12,18446744073709551211,100,-68,83,155,60,556,1,68,868281
fd00::20d:d:d:d,19,0,1,206,226,878307,81,82,60,12,18446744073709551182,100,-68,84,157,60,541,1,62,878848
fd00::20d:d:d:d,19,0,1,206,226,888889,82,83,60,12,18446744073709551203,100,-68,85,159,60,527,1,89,889416
fd00::20d:d:d:d,19,0,1,207,227,899471,83,84,60,12,18446744073709551298,100,-68,87,161,60,619,1,170,900090
fd00::20d:d:d:d,19,0,1,206,226,910054,84,86,60,12,18446744073709551260,100,-68,88,164,60,594,1,86,910648
fd00::20d:d:d:d,19,0,1,206,226,920635,85,87,60,12,18446744073709551181,100,-68,89,166,60,562,1,69,921197
fd00::20d:d:d:d,19,0,1,206,226,931217,86,88,60,12,18446744073709551203,100,-68,90,168,60,570,1,63,931787
fd00::20d:d:d:d,19,0,1,206,226,941799,87,89,60,12,18446744073709551416,100,-68,91,170,60,565,1,171,942364
fd00::20d:d:d:d,19,0,1,206,226,952381,88,90,60,12,18446744073709551222,100,-68,92,172,60,558,1,150,952939
fd00::20d:d:d:d,19,0,1,206,226,962963,89,91,60,12,18446744073709551215,100,-68,93,174,60,576,1,86,963539
fd00::20d:d:d:d,19,0,1,206,226,973545,90,92,60,12,18446744073709551191,100,-68,94,176,60,561,1,51,974106
fd00::20d:d:d:d,19,0,0,207,226,984127,91,93,60,12,18446744073709551175,100,-68,95,178,60,579,1,126,984706
fd00::20d:d:d:d,19,0,1,207,227,994709,92,94,60,12,18446744073709551177,100,-68,96,180,60,576,1,81,995285
fd00::20d:d:d:d,19,0,0,207,226,1005291,93,95,60,12,18446744073709551231,100,-68,97,182,60,554,1,83,1005845
fd00::20d:d:d:d,19,0,0,207,226,1015873,94,96,60,12,18446744073709551239,100,-68,98,184,60,563,1,226,1016436
fd00::20d:d:d:d,19,0,0,207,226,1026455,95,97,60,12,18446744073709551275,100,-68,99,186,60,560,1,88,1027015
fd00::20d:d:d:d,19,0,0,207,226,1037037,96,98,60,12,18446744073709551252,100,-68,100,188,60,585,1,131,1037622
fd00::20d:d:d:d,19,0,0,207,226,1047619,97,99,60,12,18446744073709551203,100,-68,101,190,60,569,1,74,1048188
fd00::20d:d:d:d,19,0,0,207,226,1058201,98,100,60,12,18446744073709551185,100,-68,102,192,60,557,1,143,1058758
fd00::20d:d:d:d,19,0,0,207,226,1068783,99,101,60,12,18446744073709551239,100,-68,103,194,60,518,1,73,1069301
fd00::20d:d:d:d,19,0,0,207,226,1079365,100,102,60,12,18446744073709551162,100,-68,104,196,60,547,1,107,1079912
fd00::20d:d:d:d,19,0,0,207,226,1089947,101,104,60,12,18446744073709551290,100,-68,106,199,60,578,1,107,1090525
fd00::20d:d:d:d,19,0,0,207,226,1100529,102,105,60,12,18446744073709551245,100,-68,107,201,60,567,1,93,1101096
fd00::20d:d:d:d,19,0,0,207,226,1111111,103,106,60,12,18446744073709551286,100,-68,108,203,60,574,1,98,1111685
fd00::20d:d:d:d,19,0,0,207,226,1121693,104,107,60,12,18446744073709551206,100,-68,109,205,60,550,1,87,1122243
fd00::20d:d:d:d,19,0,0,207,226,1132275,105,108,60,12,18446744073709551254,100,-68,110,207,60,568,1,134,1132843
fd00::20d:d:d:d,19,0,0,207,226,1142857,106,109,60,12,18446744073709551216,100,-68,111,209,60,547,1,77,1143404
fd00::20d:d:d:d,19,0,0,207,226,1153439,107,110,60,12,18446744073709551188,100,-68,112,211,60,542,1,67,1153981
fd00::20d:d:d:d,19,0,0,207,226,1164021,108,111,60,12,18446744073709551216,100,-68,113,213,60,550,1,70,1164571
fd00::20d:d:d:d,19,0,0,207,226,1174603,109,112,60,12,18446744073709551170,100,-68,114,215,60,550,1,49,1175153
fd00::20d:d:d:d,19,0,1,207,227,1185185,110,113,60,12,18446744073709551186,100,-68,115,217,60,545,1,149,1185730
fd00::20d:d:d:d,19,0,0,207,226,1195767,111,114,60,12,18446744073709551254,100,-68,116,219,60,572,1,79,1196339
fd00::20d:d:d:d,19,0,1,207,227,1206349,112,115,60,12,18446744073709551250,100,-68,117,221,60,569,1,241,1206918
fd00::20d:d:d:d,19,0,0,207,226,1216931,113,116,60,12,18446744073709551211,100,-68,118,223,60,529,1,109,1217460
fd00::20d:d:d:d,19,0,0,207,226,1227513,114,117,60,12,18446744073709551210,100,-68,119,225,60,543,1,67,1228056
fd00::20d:d:d:d,19,0,0,207,226,1238095,115,118,60,12,18446744073709551178,100,-68,120,227,60,518,1,106,1238613
fd00::20d:d:d:d,19,0,1,206,226,1248677,116,119,60,12,18446744073709551206,100,-68,121,229,60,539,1,71,1249216
fd00::20d:d:d:d,19,0,0,207,226,1259259,117,120,60,12,18446744073709551183,100,-68,122,231,60,555,1,69,1259814
fd00::20d:d:d:d,19,0,1,206,226,1269841,118,122,60,12,18446744073709551227,100,-68,124,234,60,583,1,90,1270424
fd00::20d:d:d:d,19,0,0,207,226,1280423,119,123,60,12,18446744073709551237,100,-68,125,236,60,529,1,77,1280952
fd00::20d:d:d:d,19,0,0,207,226,1291005,120,124,60,12,18446744073709551184,100,-68,126,238,60,560,1,89,1291565
fd00::20d:d:d:d,19,0,0,207,226,1301587,121,125,60,12,18446744073709551164,100,-68,127,240,60,569,1,45,1302156
fd00::20d:d:d:d,19,0,0,207,226,1312169,122,126,60,12,18446744073709551225,100,-68,128,242,60,568,1,70,1312737
fd00::20d:d:d:d,19,0,0,207,226,1322751,123,127,60,12,18446744073709551264,100,-68,129,244,60,580,1,126,1323331
fd00::20d:d:d:d,19,0,0,207,226,1333333,124,128,60,12,18446744073709551162,100,-68,130,246,60,557,1,60,1333890
fd00::20d:d:d:d,19,0,0,207,226,1343915,125,129,60,12,18446744073709551251,100,-68,131,248,60,539,1,97,1344454
fd00::20d:d:d:d,19,0,1,206,226,1354497,126,130,60,12,18446744073709551280,100,-68,132,250,60,523,1,109,1355020
fd00::20d:d:d:d,19,0,0,207,226,1365079,127,131,60,12,18446744073709551203,100,-68,133,252,60,586,1,77,1365665
fd00::20d:d:d:d,19,0,0,207,226,1375661,128,132,60,12,18446744073709551350,100,-68,134,253,60,536,1,77,1376197
fd00::20d:d:d:d,19,0,0,207,226,1386243,129,133,60,12,18446744073709551168,100,-68,135,255,60,550,1,52,1386793
fd00::20d:d:d:d,19,0,1,207,227,1396825,130,134,60,12,18446744073709551235,100,-68,136,257,60,573,1,103,1397398
fd00::20d:d:d:d,19,0,0,207,226,1407407,131,135,60,12,18446744073709551194,100,-68,137,259,60,566,1,75,1407973
fd00::20d:d:d:d,19,0,0,207,226,1417989,132,136,60,12,18446744073709551186,100,-68,138,261,60,547,1,76,1418536
fd00::20d:d:d:d,19,0,0,207,226,1428571,133,137,60,12,18446744073709551267,100,-68,139,263,60,533,1,91,1429104
fd00::20d:d:d:d,19,0,0,207,226,1439153,134,138,60,12,18446744073709551204,100,-68,140,265,60,581,1,74,1439734
fd00::20d:d:d:d,19,0,1,207,227,1449735,135,140,60,12,18446744073709551306,100,-68,142,268,60,557,1,116,1450292
fd00::20d:d:d:d,19,0,1,206,226,1460317,136,141,60,12,18446744073709551198,100,-68,143,270,60,554,1,60,1460871
fd00::20d:d:d:d,19,0,0,207,226,1470899,137,142,60,12,18446744073709551264,100,-68,144,272,60,543,1,95,1471442
fd00::20d:d:d:d,19,0,0,207,226,1481481,138,143,60,12,18446744073709551347,100,-68,145,274,60,547,1,148,1482028
fd00::20d:d:d:d,19,0,0,207,226,1492063,139,144,60,12,18446744073709551181,100,-68,146,276,60,559,1,232,1492622
fd00::20d:d:d:d,19,0,0,207,226,1502645,140,145,60,12,18446744073709551175,100,-68,147,278,60,570,1,71,1503215
fd00::20d:d:d:d,19,0,0,207,226,1513227,141,146,60,12,18446744073709551193,100,-68,148,280,60,547,1,74,1513774
fd00::20d:d:d:d,19,0,0,207,226,1523809,142,147,60,12,18446744073709551186,100,-68,149,282,60,578,1,106,1524387
fd00::20d:d:d:d,19,0,0,207,226,1534391,143,148,60,12,18446744073709551202,100,-68,150,284,60,571,1,104,1534962
fd00::20d:d:d:d,19,0,0,207,226,1544973,144,149,60,12,18446744073709551188,100,-68,151,286,60,551,1,54,1545524
fd00::20d:d:d:d,19,0,1,207,227,1555555,145,150,60,12,18446744073709551173,100,-68,152,288,60,591,1,82,1556146
fd00::20d:d:d:d,19,0,1,206,226,1566137,146,151,60,12,18446744073709551274,100,-68,153,290,60,542,1,116,1566679
fd00::20d:d:d:d,19,0,0,207,226,1576719,147,152,60,12,18446744073709551202,100,-68,154,292,60,575,1,55,1577294
fd00::20d:d:d:d,19,0,0,207,226,1587301,148,153,60,12,18446744073709551188,100,-68,155,294,60,535,1,60,1587836
fd00::20d:d:d:d,19,0,0,207,226,1597883,149,154,60,12,18446744073709551237,100,-68,156,296,60,565,1,72,1598448
fd00::20d:d:d:d,19,0,0,207,226,1608465,150,155,60,12,18446744073709551180,100,-68,157,298,60,551,1,57,1609016
fd00::20d:d:d:d,19,0,0,207,226,1619047,151,156,60,12,18446744073709551150,100,-68,158,300,60,579,1,114,1619626
fd00::20d:d:d:d,19,0,0,207,226,1629629,152,158,60,12,18446744073709551184,100,-68,160,303,60,534,1,48,1630163
fd00::20d:d:d:d,19,0,1,207,227,1640211,153,159,60,12,18446744073709551201,100,-68,161,305,60,545,1,67,1640756
fd00::20d:d:d:d,19,0,0,207,226,1650793,154,160,60,12,18446744073709551231,100,-68,162,307,60,542,1,73,1651335
fd00::20d:d:d:d,19,0,0,207,226,1661375,155,161,60,12,18446744073709551328,100,-68,163,309,60,549,1,146,1661924
fd00::20d:d:d:d,19,0,0,207,226,1671957,156,162,60,12,18446744073709551206,100,-68,164,311,60,557,1,109,1672514
fd00::20d:d:d:d,19,0,0,207,226,1682539,157,163,60,12,18446744073709551193,100,-68,165,313,60,599,1,162,1683138
fd00::20d:d:d:d,19,0,0,207,226,1693121,158,164,60,12,18446744073709551285,100,-68,166,315,60,589,1,123,1693710
fd00::20d:d:d:d,19,0,0,207,226,1703703,159,165,60,12,18446744073709551170,100,-68,167,317,60,539,1,101,1704242
fd00::20d:d:d:d,19,0,0,207,226,1714285,160,166,60,12,18446744073709551197,100,-68,168,319,60,569,1,70,1714854
fd00::20d:d:d:d,19,0,0,207,226,1724867,161,167,60,12,18446744073709551177,100,-68,169,321,60,566,1,64,1725433
fd00::20d:d:d:d,19,0,0,207,226,1735449,162,168,60,12,18446744073709551271,100,-68,170,323,60,562,1,151,1736011
fd00::20d:d:d:d,19,0,0,207,226,1746031,163,169,60,12,18446744073709551221,100,-68,171,325,60,534,1,85,1746565
fd00::20d:d:d:d,19,0,0,207,226,1756613,164,170,60,12,18446744073709551257,100,-68,172,327,60,563,1,103,1757176
fd00::20d:d:d:d,19,0,0,207,226,1767195,165,171,60,12,18446744073709551354,100,-68,173,329,60,568,1,138,1767763
fd00::20d:d:d:d,19,0,1,207,227,1777777,166,172,60,12,18446744073709551186,100,-68,174,331,60,551,1,106,1778328
fd00::20d:d:d:d,19,0,0,207,226,1788359,167,173,60,12,18446744073709551176,100,-68,175,333,60,564,1,56,1788923
fd00::20d:d:d:d,19,0,0,207,226,1798941,168,174,60,12,18446744073709551187,100,-68,176,335,60,581,1,101,1799522
fd00::20d:d:d:d,19,0,0,207,226,1809523,169,175,60,12,18446744073709551209,100,-68,178,337,60,684,1,73,1810207
fd00::20d:d:d:d,19,0,1,206,226,1820105,170,177,60,12,18446744073709551224,100,-68,179,340,60,563,1,97,1820668
fd00::20d:d:d:d,19,0,0,207,226,1830687,171,178,60,12,18446744073709551203,100,-68,180,342,60,555,1,83,1831242
fd00::20d:d:d:d,19,0,0,207,226,1841269,172,179,60,12,18446744073709551259,100,-68,181,344,60,564,1,108,1841833
fd00::20d:d:d:d,19,0,1,207,227,1851851,173,180,60,12,18446744073709551245,100,-68,182,346,60,543,1,96,1852394
fd00::20d:d:d:d,19,0,1,206,226,1862433,174,181,60,12,18446744073709551263,100,-68,183,348,60,561,1,137,1862994
fd00::20d:d:d:d,19,0,0,207,226,1873015,175,182,60,12,18446744073709551193,100,-68,184,350,60,573,1,58,1873588
fd00::20d:d:d:d,19,0,0,207,226,1883597,176,183,60,12,18446744073709551308,100,-68,185,352,60,551,1,134,1884148
fd00::20d:d:d:d,19,0,0,207,226,1894179,177,184,60,12,18446744073709551269,100,-68,186,354,60,544,1,155,1894723
fd00::20d:d:d:d,19,0,0,207,226,1904761,178,185,60,12,18446744073709551239,100,-68,187,356,60,538,1,88,1905299
fd00::20d:d:d:d,19,0,0,207,226,1915343,179,186,60,12,18446744073709551227,100,-68,188,357,60,586,1,88,1915929
fd00::20d:d:d:d,19,0,0,207,226,1925925,180,186,60,12,18446744073709551227,100,-68,189,358,60,561,1,88,1926486
fd00::20d:d:d:d,19,0,0,207,226,1936507,181,187,60,12,18446744073709551339,100,-68,190,359,60,573,1,88,1937080
fd00::20d:d:d:d,19,0,0,207,226,1947089,182,188,60,12,18446744073709551402,100,-68,191,360,60,608,1,88,1947697
fd00::20d:d:d:d,19,0,1,206,226,1957671,183,189,60,12,18446744073709551268,100,-68,192,362,60,534,1,203,1958205
fd00::20d:d:d:d,19,0,0,207,226,1968253,184,190,60,12,18446744073709551234,100,-68,193,364,60,568,1,90,1968821
fd00::20d:d:d:d,19,0,1,207,227,1978835,185,191,60,12,18446744073709551396,100,-68,194,366,60,563,1,195,1979398
fd00::20d:d:d:d,19,0,0,207,226,1989417,186,192,60,12,18446744073709551176,100,-68,195,368,60,580,1,194,1989997
fd00::20d:d:d:d,19,0,1,206,226,1999999,187,194,60,12,18446744073709551220,100,-68,197,371,60,560,1,78,2000559
fd00::20d:d:d:d,19,0,0,207,226,2010581,188,195,60,12,18446744073709551195,100,-68,198,373,60,533,1,122,2011114
fd00::20d:d:d:d,19,0,0,207,226,2021163,189,196,60,12,18446744073709551253,100,-68,199,375,60,563,1,101,2021726
fd00::20d:d:d:d,19,0,1,207,227,2031745,190,197,60,12,18446744073709551181,100,-68,200,377,60,558,1,85,2032303
fd00::20d:d:d:d,19,0,0,207,226,2042327,191,198,60,12,18446744073709551284,100,-68,201,379,60,571,1,134,2042898
fd00::20d:d:d:d,19,0,0,207,226,2052909,192,199,60,12,18446744073709551173,100,-68,202,381,60,555,1,68,2053464
fd00::20d:d:d:d,19,0,0,207,226,2063491,193,200,60,12,18446744073709551211,100,-68,203,383,60,570,1,109,2064061
fd00::20d:d:d:d,19,0,0,207,226,2074073,194,201,60,12,18446744073709551250,100,-68,204,385,60,532,1,116,2074605
fd00::20d:d:d:d,19,0,1,207,227,2084655,195,202,60,12,18446744073709551290,100,-68,205,387,60,606,1,103,2085261
fd00::20d:d:d:d,19,0,0,207,226,2095237,196,203,60,12,18446744073709551283,100,-68,206,389,60,543,1,115,2095780
fd00::20d:d:d:d,19,0,0,207,226,2105819,197,204,60,12,18446744073709551188,100,-68,207,391,60,560,1,122,2106379
fd00::20d:d:d:d,19,0,0,207,226,2116401,198,205,60,12,18446744073709551208,100,-68,208,393,60,558,1,67,2116959
fd00::20d:d:d:d,19,0,0,207,226,2126983,199,206,60,12,18446744073709551180,100,-68,209,395,60,554,1,80,2127537
fd00::20d:d:d:d,19,0,0,207,226,2137565,200,207,60,12,18446744073709551199,100,-68,210,397,60,541,1,88,2138106
fd00::20d:d:d:d,19,0,0,207,226,2148147,201,208,60,12,18446744073709551309,100,-68,211,399,60,558,1,126,2148705
fd00::20d:d:d:d,19,0,0,207,226,2158729,202,209,60,12,18446744073709551173,100,-68,212,401,60,538,1,76,2159267
fd00::20d:d:d:d,19,0,0,207,226,2169311,203,210,60,12,18446744073709551201,100,-68,213,403,60,550,1,73,2169861
fd00::20d:d:d:d,19,0,1,207,227,2179893,204,212,60,12,18446744073709551359,100,-68,215,406,60,565,1,161,2180458
fd00::20d:d:d:d,19,0,1,207,227,2190475,205,213,60,12,18446744073709551184,100,-68,216,408,60,567,1,58,2191042
fd00::20d:d:d:d,19,0,0,207,226,2201057,206,214,60,12,18446744073709551197,100,-68,217,410,60,548,1,54,2201605
fd00::20d:d:d:d,19,0,0,207,226,2211639,207,215,60,12,18446744073709551208,100,-68,218,412,60,546,1,113,2212185
fd00::20d:d:d:d,19,0,0,207,226,2222221,208,216,60,12,18446744073709551181,100,-68,219,414,60,570,1,90,2222791
fd00::20d:d:d:d,19,0,1,207,227,2232803,209,217,60,12,18446744073709551192,100,-68,220,416,60,553,1,95,2233356
fd00::20d:d:d:d,19,0,0,207,226,2243385,210,218,60,12,18446744073709551201,100,-68,221,417,60,536,1,95,2243921
fd00::20d:d:d:d,19,0,1,207,227,2253967,211,219,60,12,18446744073709551170,100,-68,222,419,60,564,1,64,2254531
fd00::20d:d:d:d,19,0,1,206,226,2264549,212,220,60,12,18446744073709551226,100,-68,223,420,60,535,1,64,2265084
fd00::20d:d:d:d,19,0,0,207,226,2275131,213,221,60,12,18446744073709551202,100,-68,224,422,60,585,1,79,2275716
fd00::20d:d:d:d,19,0,0,207,226,2285713,214,222,60,12,18446744073709551176,100,-68,225,424,60,562,1,91,2286275
fd00::20d:d:d:d,19,0,0,207,226,2296295,215,223,60,12,18446744073709551386,100,-68,226,426,60,533,1,151,2296828
fd00::20d:d:d:d,19,0,0,207,226,2306877,216,224,60,12,18446744073709551197,100,-68,227,428,60,545,1,186,2307422
fd00::20d:d:d:d,19,0,0,207,226,2317459,217,225,60,12,18446744073709551209,100,-68,228,430,60,562,1,102,2318021
fd00::20d:d:d:d,19,0,0,207,226,2328041,218,226,60,12,18446744073709551185,100,-68,229,432,60,588,1,89,2328629
fd00::20d:d:d:d,19,0,0,207,226,2338623,219,227,60,12,18446744073709551194,100,-68,230,434,60,572,1,157,2339195
fd00::20d:d:d:d,19,0,0,207,226,2349205,220,228,60,12,18446744073709551198,100,-68,231,436,60,555,1,93,2349760
fd00::20d:d:d:d,19,0,1,207,227,2359787,221,230,60,12,18446744073709551187,100,-68,233,439,60,571,1,72,2360358
fd00::20d:d:d:d,19,0,0,207,226,2370369,222,231,60,12,18446744073709551229,100,-68,234,441,60,585,1,137,2370954
fd00::20d:d:d:d,19,0,0,207,226,2380951,223,232,60,12,18446744073709551203,100,-68,235,443,60,537,1,73,2381488
fd00::20d:d:d:d,19,0,0,207,226,2391533,224,233,60,12,18446744073709551194,100,-68,236,445,60,560,1,100,2392093
fd00::20d:d:d:d,19,0,0,207,226,2402115,225,234,60,12,18446744073709551213,100,-68,237,447,60,536,1,73,2402651
fd00::20d:d:d:d,19,0,0,207,226,2412697,226,235,60,12,18446744073709551228,100,-68,238,449,60,517,1,82,2413214
fd00::20d:d:d:d,19,0,0,207,226,2423279,227,236,60,12,18446744073709551178,100,-68,239,451,60,554,1,68,2423833
fd00::20d:d:d:d,19,0,0,207,226,2433861,228,237,60,12,18446744073709551209,100,-68,240,453,60,553,1,74,2434414
fd00::20d:d:d:d,19,0,0,207,226,2444443,229,238,60,12,18446744073709551213,100,-68,241,455,60,535,1,127,2444978
fd00::20d:d:d:d,19,0,0,207,226,2455025,230,239,60,12,18446744073709551255,100,-68,242,457,60,551,1,102,2455576
fd00::20d:d:d:d,19,0,0,207,226,2465607,231,240,60,12,18446744073709551263,100,-68,243,459,60,567,1,91,2466174
fd00::20d:d:d:d,19,0,1,206,226,2476189,232,241,60,12,18446744073709551182,100,-68,244,461,60,564,1,57,2476753
fd00::20d:d:d:d,19,0,0,207,226,2486771,233,242,60,12,18446744073709551266,100,-68,245,463,60,536,1,103,2487307
fd00::20d:d:d:d,19,0,0,207,226,2497353,234,243,60,12,18446744073709551210,100,-68,246,465,60,568,1,87,2497921
fd00::20d:d:d:d,19,0,0,207,226,2507935,235,244,60,12,18446744073709551293,100,-68,247,467,60,561,1,97,2508496
fd00::20d:d:d:d,19,0,0,207,226,2518517,236,245,60,12,18446744073709551268,100,-68,248,469,60,589,1,147,2519106
fd00::20d:d:d:d,19,0,0,207,226,2529099,237,246,60,12,18446744073709551254,100,-68,249,471,60,549,1,81,2529648
fd00::20d:d:d:d,19,0,1,207,227,2539681,238,248,60,12,18446744073709551181,100,-68,251,474,60,558,1,90,2540239
fd00::20d:d:d:d,19,0,1,207,227,2550263,239,249,60,12,18446744073709551242,100,-68,252,476,60,580,1,88,2550843
fd00::20d:d:d:d,19,0,0,207,226,2560845,240,250,60,12,18446744073709551221,100,-68,253,478,60,536,1,84,2561381
fd00::20d:d:d:d,19,0,0,207,226,2571427,241,251,60,12,18446744073709551194,100,-68,254,480,60,539,1,67,2571966
fd00::20d:d:d:d,19,0,0,207,226,2582009,242,252,60,12,18446744073709551357,100,-68,255,482,60,579,1,151,2582588
fd00::20d:d:d:d,19,0,0,207,226,2592591,243,253,60,12,18446744073709551184,100,-68,256,484,60,559,1,84,2593150
fd00::20d:d:d:d,19,0,0,207,226,2603173,244,254,60,12,18446744073709551174,100,-68,257,486,60,558,1,62,2603731
fd00::20d:d:d:d,19,0,0,207,226,2613755,245,255,60,12,18446744073709551262,100,-68,258,488,60,570,1,111,2614325
fd00::20d:d:d:d,19,0,1,207,227,2624337,246,256,60,12,18446744073709551301,100,-68,259,490,60,557,1,144,2624894
fd00::20d:d:d:d,19,0,1,206,226,2634919,247,257,60,12,18446744073709551204,100,-68,260,492,60,521,1,67,2635440
fd00::20d:d:d:d,19,0,0,207,226,2645501,248,258,60,12,18446744073709551197,100,-68,261,494,60,554,1,62,2646055
fd00::20d:d:d:d,19,0,0,207,226,2656083,249,259,60,12,18446744073709551263,100,-68,262,496,60,554,1,103,2656637
fd00::20d:d:d:d,19,0,0,207,226,2666665,250,260,60,12,18446744073709551199,100,-68,263,498,60,555,1,71,2667220
fd00::20d:d:d:d,19,0,0,207,226,2677247,251,261,60,12,18446744073709551207,100,-68,264,500,60,534,1,72,2677781
fd00::20d:d:d:d,19,0,0,207,226,2687829,252,262,60,12,18446744073709551250,100,-68,265,502,60,572,1,177,2688401
fd00::20d:d:d:d,19,0,0,207,226,2698411,253,263,60,12,18446744073709551229,100,-68,266,504,60,542,1,99,2698953
fd00::20d:d:d:d,19,0,1,207,227,2708993,254,264,60,12,18446744073709551237,100,-68,267,506,60,524,1,189,2709517
fd00::20d:d:d:d,19,0,1,207,227,2719575,255,265,60,12,18446744073709551267,100,-68,269,508,60,628,1,111,2720203
fd00::20d:d:d:d,19,0,1,206,226,2730157,256,267,60,12,18446744073709551211,100,-68,270,511,60,557,1,95,2730714
fd00::20d:d:d:d,19,0,1,207,227,2740739,257,268,60,12,18446744073709551272,100,-68,271,513,60,556,1,147,2741295
fd00::20d:d:d:d,19,0,0,207,226,2751321,258,269,60,12,18446744073709551296,100,-68,272,515,60,548,1,116,2751869
fd00::20d:d:d:d,19,0,1,207,227,2761903,259,270,60,12,18446744073709551296,100,-68,273,517,60,526,1,145,2762429
fd00::20d:d:d:d,19,0,0,207,226,2772485,260,271,60,12,18446744073709551233,100,-68,274,519,60,592,1,189,2773077
fd00::20d:d:d:d,19,0,0,207,226,2783067,261,272,60,12,18446744073709551230,100,-68,275,521,60,559,1,70,2783626
fd00::20d:d:d:d,19,0,0,207,226,2793649,262,273,60,12,18446744073709551252,100,-68,276,523,60,587,1,110,2794236
fd00::20d:d:d:d,19,0,1,206,226,2804231,263,274,60,12,18446744073709551213,100,-68,277,525,60,622,1,84,2804853
fd00::20d:d:d:d,19,0,0,207,226,2814813,264,275,60,12,18446744073709551302,100,-68,278,527,60,577,1,160,2815390
fd00::20d:d:d:d,19,0,0,207,226,2825395,265,276,60,12,18446744073709551220,100,-68,279,529,60,544,1,97,2825939
fd00::20d:d:d:d,19,0,0,207,226,2835977,266,277,60,12,18446744073709551184,100,-68,280,531,60,530,1,115,2836507
fd00::20d:d:d:d,19,0,1,207,227,2846559,267,278,60,12,18446744073709551238,100,-68,281,533,60,555,1,91,2847114
fd00::20d:d:d:d,19,0,0,207,226,2857141,268,279,60,12,18446744073709551285,100,-68,282,535,60,557,1,133,2857698
fd00::20d:d:d:d,19,0,0,207,226,2867723,269,280,60,12,18446744073709551265,100,-68,283,537,60,530,1,121,2868253
fd00::20d:d:d:d,19,0,0,207,226,2878305,270,281,60,12,18446744073709551381,100,-68,284,539,60,587,1,175,2878892
fd00::20d:d:d:d,19,0,1,207,227,2888887,271,282,60,12,18446744073709551220,100,-68,285,541,60,524,1,83,2889411
fd00::20d:d:d:d,19,0,1,206,226,2899469,272,283,60,12,18446744073709551466,100,-68,287,543,60,550,1,219,2900019
fd00::20d:d:d:d,19,0,1,206,226,2910051,273,285,60,12,18446744073709551338,100,-68,288,546,60,519,1,139,2910570
fd00::20d:d:d:d,19,0,0,207,226,2920633,274,286,60,12,18446744073709551268,100,-68,289,548,60,556,1,150,2921189
fd00::20d:d:d:d,19,0,1,207,227,2931215,275,287,60,12,18446744073709551234,100,-68,290,550,60,554,1,87,2931769
fd00::20d:d:d:d,19,0,1,207,227,2941797,276,288,60,12,18446744073709551222,100,-68,291,552,60,555,1,99,2942352
fd00::20d:d:d:d,19,0,1,207,227,2952379,277,289,60,12,18446744073709551262,100,-68,292,554,60,546,1,121,2952925
fd00::20d:d:d:d,19,0,1,207,227,2962961,278,290,60,12,18446744073709551219,100,-68,293,556,60,556,1,93,2963517
fd00::20d:d:d:d,19,0,1,207,227,2973543,279,291,60,12,18446744073709551279,100,-68,294,558,60,555,1,111,2974098
fd00::20d:d:d:d,19,0,1,207,227,2984125,280,292,60,12,18446744073709551248,100,-68,295,560,60,590,1,84,2984715
fd00::20d:d:d:d,19,0,1,207,227,2994707,281,293,60,12,18446744073709551250,100,-68,296,562,60,554,1,109,2995261
fd00::20d:d:d:d,19,0,1,207,227,3005289,282,294,60,12,18446744073709551238,100,-68,297,564,60,569,1,154,3005858
fd00::20d:d:d:d,19,0,0,207,226,3015871,283,295,60,12,18446744073709551233,100,-68,298,566,60,557,1,133,3016428
fd00::20d:d:d:d,19,0,0,207,226,3026453,284,296,60,12,18446744073709551268,100,-68,299,568,60,540,1,109,3026993
fd00::20d:d:d:d,19,0,0,207,226,3037035,285,297,60,12,18446744073709551231,100,-68,300,570,60,557,1,82,3037592
fd00::20d:d:d:d,19,0,1,207,227,3047617,286,298,60,12,18446744073709551253,100,-68,301,572,60,547,1,96,3048164
fd00::20d:d:d:d,19,0,1,207,227,3058199,287,299,60,12,18446744073709551206,100,-68,302,574,60,567,1,88,3058766
fd00::20d:d:d:d,19,0,0,207,226,3068781,288,300,60,12,18446744073709551502,100,-68,303,576,60,556,1,229,3069337
fd00::20d:d:d:d,19,0,1,207,227,3079363,289,301,60,12,18446744073709551205,100,-68,304,578,60,554,1,133,3079917
fd00::20d:d:d:d,19,0,1,206,226,3089945,290,303,60,12,18446744073709551204,100,-68,306,581,60,541,1,69,3090486
fd00::20d:d:d:d,19,0,1,206,226,3100527,291,304,60,12,18446744073709551239,100,-68,307,583,60,580,1,107,3101107
fd00::20d:d:d:d,19,0,1,207,227,3111109,292,305,60,12,18446744073709551211,100,-68,308,585,60,538,1,138,3111647
fd00::20d:d:d:d,19,0,0,207,226,3121691,293,306,60,12,18446744073709551196,100,-68,309,587,60,546,1,74,3122237
fd00::20d:d:d:d,19,0,0,207,226,3132273,294,307,60,12,18446744073709551189,100,-68,310,589,60,532,1,135,3132805
fd00::20d:d:d:d,19,0,0,207,226,3142855,295,308,60,12,18446744073709551191,100,-68,311,591,60,555,1,58,3143410
fd00::20d:d:d:d,19,0,0,207,226,3153437,296,309,60,12,18446744073709551174,100,-68,312,593,60,551,1,64,3153988
fd00::20d:d:d:d,19,0,0,207,226,3164019,297,310,60,12,18446744073709551164,100,-68,313,595,60,570,1,78,3164589
fd00::20d:d:d:d,19,0,0,207,226,3174601,298,311,60,12,18446744073709551211,100,-68,314,597,60,556,1,85,3175157
fd00::20d:d:d:d,19,0,0,207,226,3185183,299,312,60,12,18446744073709551304,100,-68,315,599,60,572,1,128,3185755
fd00::20d:d:d:d,19,0,0,207,226,3195765,300,313,60,12,18446744073709551271,100,-68,316,601,60,561,1,92,3196326
fd00::20d:d:d:d,19,0,1,207,227,3206347,301,314,60,12,18446744073709551200,100,-68,317,603,60,540,1,99,3206887
fd00::20d:d:d:d,19,0,0,207,226,3216929,302,315,60,12,18446744073709551206,100,-68,318,605,60,561,1,94,3217490
fd00::20d:d:d:d,19,0,0,207,226,3227511,303,316,60,12,18446744073709551213,100,-68,319,607,60,562,1,73,3228073
fd00::20d:d:d:d,19,0,1,207,227,3238093,304,317,60,12,18446744073709551243,100,-68,320,609,60,584,1,72,3238677
fd00::20d:d:d:d,19,0,0,207,226,3248675,305,318,60,12,18446744073709551214,100,-68,321,611,60,543,1,103,3249218
fd00::20d:d:d:d,19,0,0,207,226,3259257,306,319,60,12,18446744073709551208,100,-68,322,613,60,562,1,89,3259819
fd00::20d:d:d:d,19,0,1,206,226,3269839,307,321,60,12,18446744073709551311,100,-68,324,616,60,566,1,124,3270405
fd00::20d:d:d:d,19,0,1,207,227,3280421,308,322,60,12,18446744073709551259,100,-68,325,618,60,546,1,114,3280967
fd00::20d:d:d:d,19,0,0,207,226,3291003,309,323,60,12,18446744073709551191,100,-68,326,620,60,594,1,59,3291597
fd00::20d:d:d:d,19,0,0,207,226,3301585,310,324,60,12,18446744073709551210,100,-68,327,622,60,540,1,110,3302125
fd00::20d:d:d:d,19,0,0,207,226,3312167,311,325,60,12,18446744073709551199,100,-68,328,624,60,561,1,84,3312728
fd00::20d:d:d:d,19,0,0,207,226,3322749,312,326,60,12,18446744073709551217,100,-68,329,626,60,567,1,88,3323316
fd00::20d:d:d:d,19,0,0,207,226,3333331,313,327,60,12,18446744073709551198,100,-68,330,628,60,540,1,101,3333871
fd00::20d:d:d:d,19,0,0,207,226,3343913,314,328,60,12,18446744073709551180,100,-68,331,630,60,550,1,123,3344463
fd00::20d:d:d:d,19,0,0,207,226,3354495,315,329,60,12,18446744073709551182,100,-68,332,632,60,550,1,65,3355045
fd00::20d:d:d:d,19,0,0,207,226,3365077,316,330,60,12,18446744073709551165,100,-68,333,634,60,549,1,150,3365626
fd00::20d:d:d:d,19,0,1,207,227,3375659,317,331,60,12,18446744073709551222,100,-68,334,636,60,566,1,87,3376225
fd00::20d:d:d:d,19,0,0,207,226,3386241,318,332,60,12,18446744073709551214,100,-68,335,638,60,558,1,150,3386799
fd00::20d:d:d:d,19,0,0,207,226,3396823,319,333,60,12,18446744073709551228,100,-68,336,640,60,548,1,84,3397371
fd00::20d:d:d:d,19,0,0,207,226,3407405,320,334,60,12,18446744073709551164,100,-68,337,642,60,559,1,93,3407964
fd00::20d:d:d:d,19,0,0,207,226,3417987,321,335,60,12,18446744073709551222,100,-68,338,644,60,552,1,123,3418539
fd00::20d:d:d:d,19,0,0,207,226,3428569,322,336,60,12,18446744073709551193,100,-68,339,646,60,558,1,53,3429127
fd00::20d:d:d:d,19,0,0,207,226,3439151,323,337,60,12,18446744073709551215,100,-68,340,648,60,548,1,78,3439699
fd00::20d:d:d:d,19,0,1,206,226,3449733,324,338,60,12,18446744073709551273,100,-68,342,650,60,523,1,99,3450256
fd00::20d:d:d:d,19,0,1,206,226,3460315,325,340,60,12,18446744073709551275,100,-68,343,653,60,564,1,145,3460879
fd00::20d:d:d:d,19,0,0,207,226,3470897,326,341,60,12,18446744073709551247,100,-68,344,655,60,544,1,104,3471441
fd00::20d:d:d:d,19,0,1,207,227,3481479,327,342,60,12,18446744073709551198,100,-68,345,657,60,556,1,79,3482035
fd00::20d:d:d:d,19,0,1,207,227,3492061,328,343,60,12,18446744073709551203,100,-68,346,659,60,578,1,142,3492639
fd00::20d:d:d:d,19,0,1,207,227,3502643,329,344,60,12,18446744073709551197,100,-68,347,661,60,575,1,96,3503218
fd00::20d:d:d:d,19,0,0,207,226,3513225,330,345,60,12,18446744073709551173,100,-68,348,663,60,591,1,107,3513816
fd00::20d:d:d:d,19,0,1,206,226,3523807,331,346,60,12,18446744073709551197,100,-68,349,665,60,573,1,118,3524380
fd00::20d:d:d:d,19,0,1,207,227,3534389,332,347,60,12,18446744073709551273,100,-68,350,667,60,591,1,111,3534980
fd00::20d:d:d:d,19,0,0,207,226,3544971,333,348,60,12,18446744073709551329,100,-68,351,669,60,538,1,142,3545509
fd00::20d:d:d:d,19,0,0,207,226,3555553,334,349,60,12,18446744073709551197,100,-68,352,671,60,557,1,118,3556110
fd00::20d:d:d:d,19,0,0,207,226,3566135,335,350,60,12,18446744073709551223,100,-68,353,673,60,567,1,90,3566702
fd00::20d:d:d:d,19,0,0,207,226,3576717,336,351,60,12,18446744073709551185,100,-68,354,675,60,552,1,71,3577269
fd00::20d:d:d:d,19,0,0,207,226,3587299,337,352,60,12,18446744073709551223,100,-68,355,677,60,542,1,86,3587841
fd00::20d:d:d:d,19,0,0,207,226,3597881,338,353,60,12,18446744073709551235,100,-68,356,679,60,565,1,81,3598446
fd00::20e:e:e:e,77,0,3,841,921,42893,1,0,60,0,0,0,0,0,1,60,115,2,0,43008
fd00::20e:e:e:e,57,0,2,631,690,96508,4,1,60,12,251,100,-38,5,3,60,208,3,309,96716
fd00::20e:e:e:e,19,0,0,210,229,107231,5,2,60,12,233,100,-38,6,5,60,158,3,205,107389
fd00::20e:e:e:e,1080,0,6,11821,12907,729165,8,35,60,12,316,100,-38,68,7,60,94,1,240,729259
fd00::20e:e:e:e,19,0,0,210,229,739888,9,36,60,12,111,100,-83,69,9,60,113,1,183,740001
fd00::20e:e:e:e,19,0,0,210,229,750611,10,38,60,12,97,100,-85,71,12,60,132,1,206,750743
fd00::20e:e:e:e,19,0,0,211,230,761334,11,38,60,12,97,100,-85,72,13,60,110,1,206,761444
fd00::20e:e:e:e,19,0,1,209,229,793503,14,38,60,12,97,100,-85,75,14,60,118,2,206,793621
fd00::20e:e:e:e,19,0,1,209,229,825672,17,39,60,12,153,100,-36,78,16,60,152,2,173,825824
fd00::20e:e:e:e,19,0,0,211,230,836395,18,40,60,12,57,100,-36,79,18,60,138,2,137,836533
fd00::20e:e:e:e,19,0,0,210,229,847118,19,41,60,12,201,100,-36,80,20,60,170,2,172,847288
fd00::20e:e:e:e,19,0,0,211,230,857841,20,42,60,12,88,100,-36,81,22,60,130,2,139,857971
fd00::20e:e:e:e,424,0,3,4642,5069,1115193,23,54,60,12,119,100,-36,107,24,60,153,2,181,1115346
fd00::20e:e:e:e,579,0,4,6332,6915,1458329,26,54,60,12,119,100,-36,141,25,60,133,1,181,1458462
fd00::20e:e:e:e,19,0,0,210,229,1469052,27,54,60,12,119,100,-36,142,26,60,126,1,181,1469178
fd00::20e:e:e:e,19,0,0,211,230,1479775,28,55,60,12,59,100,-83,143,28,60,185,1,174,1479960
fd00::20e:e:e:e,19,0,0,210,229,1490498,29,57,60,12,99,100,-83,145,31,60,113,1,108,1490611
fd00::20e:e:e:e,19,0,0,211,230,1501221,30,58,60,12,307,100,-88,146,33,60,142,1,196,1501363
fd00::20e:e:e:e,19,0,0,211,230,1511944,31,59,60,12,107,100,-73,147,34,60,119,1,196,1512063
fd00::20e:e:e:e,19,0,1,209,229,1544113,34,59,60,12,107,100,-73,150,35,60,104,1,196,1544217
fd00::20e:e:e:e,19,0,1,209,229,1576282,37,59,60,12,107,100,-73,153,36,60,165,2,196,1576447
fd00::20e:e:e:e,19,0,0,210,229,1587005,38,60,60,12,55,100,-36,154,38,60,159,2,168,1587164
fd00::20e:e:e:e,19,0,0,210,229,1597728,39,61,60,12,178,100,-36,155,40,60,178,2,187,1597906
fd00::20e:e:e:e,19,0,0,211,230,1608451,40,62,60,12,146,100,-36,156,42,60,134,2,137,1608585
fd00::20e:e:e:e,1080,0,6,11822,12908,2230385,43,94,60,12,96,100,-83,219,46,60,103,1,108,2230488
fd00::20e:e:e:e,19,0,0,210,229,2241108,44,95,60,12,344,100,-83,220,48,60,158,1,276,2241266
fd00::20e:e:e:e,19,0,0,210,229,2262554,46,97,60,12,154,100,-71,222,51,60,105,1,176,2262659
fd00::20e:e:e:e,19,0,3,207,229,2284000,48,97,60,12,154,100,-71,224,52,60,128,2,176,2284128
fd00::20e:e:e:e,810,0,9,8861,9680,2755812,51,98,60,12,91,100,-36,271,54,60,145,2,149,2755957
fd00::20e:e:e:e,19,0,0,210,229,2766535,52,99,60,12,104,100,-36,272,56,60,158,2,199,2766693
fd00::20e:e:e:e,19,0,0,210,229,2777258,53,100,60,12,177,100,-36,273,58,60,159,2,167,2777417
fd00::20e:e:e:e,19,0,0,211,230,2787981,54,101,60,12,72,100,-36,274,60,60,118,2,124,2788099
fd00::20e:e:e:e,1235,0,8,13510,14753,3495699,57,139,60,12,102,100,-36,345,62,60,149,1,119,3495848
fd00::20e:e:e:e,19,0,0,210,229,3506422,58,140,60,12,60,100,-83,346,64,60,93,1,164,3506515
fd00::20e:e:e:e,19,0,0,210,229,3517145,59,141,60,12,59,100,-83,347,66,60,142,1,93,3517287
fd00::20e:e:e:e,19,0,0,210,229,3527868,60,142,60,12,75,100,-83,348,68,60,156,1,107,3528024
fd00::20e:e:e:e,19,0,0,211,230,3538591,61,143,60,12,55,100,-83,349,70,60,98,1,74,3538689
fd00::20e:e:e:e,19,0,0,210,229,3549314,62,144,60,12,151,100,-86,350,72,60,120,1,133,3549434
fd00::20e:e:e:e,19,0,1,209,229,3581483,65,145,60,12,134,100,-86,354,74,60,109,1,115,3581592
fd00::20f:f:f:f,132,0,2,1449,1583,73690,1,0,60,0,0,0,0,0,1,60,198,3,0,73888
fd00::20f:f:f:f,18,0,0,207,225,84217,2,0,60,0,0,0,0,1,2,60,214,3,0,84431
fd00::20f:f:f:f,18,0,0,207,225,94744,3,1,60,12,245,100,-56,2,4,60,181,3,205,94925
fd00::20f:f:f:f,18,0,0,207,225,105271,4,2,60,12,165,100,-56,3,6,60,165,3,247,105436
fd00::20f:f:f:f,18,0,0,206,224,126325,6,3,60,12,243,100,-70,5,8,60,127,3,226,126452
fd00::20f:f:f:f,18,0,0,206,224,136852,7,4,60,12,437,100,-50,6,10,60,205,3,328,137057
fd00::20f:f:f:f,18,0,0,207,225,147379,8,5,60,12,389,100,-83,7,12,60,178,3,281,147557
fd00::20f:f:f:f,18,0,0,207,225,157906,9,6,60,12,293,100,-68,8,14,60,188,3,310,158094
fd00::20f:f:f:f,18,0,0,207,225,168433,10,7,60,12,173,100,-56,9,16,60,192,3,197,168625
fd00::20f:f:f:f,18,0,0,207,225,178960,11,8,60,12,143,100,-56,10,18,60,144,3,172,179104
fd00::20f:f:f:f,18,0,0,207,225,189487,12,9,60,12,159,100,-56,11,20,60,209,3,232,189696
fd00::20f:f:f:f,18,0,0,207,225,200014,13,10,60,12,196,100,-56,13,22,60,245,3,197,200259
fd00::20f:f:f:f,18,0,0,207,225,210541,14,12,60,12,314,100,-56,14,25,60,237,3,268,210778
fd00::20f:f:f:f,18,0,0,207,225,221068,15,13,60,12,416,100,-88,15,27,60,136,3,312,221204
fd00::20f:f:f:f,18,0,0,207,225,231595,16,13,60,12,416,100,-88,16,28,60,176,3,312,231771
fd00::20f:f:f:f,18,0,0,207,225,242122,17,14,60,12,253,100,-47,17,30,60,221,3,258,242343
fd00::20f:f:f:f,18,0,0,207,225,252649,18,15,60,12,302,100,-90,18,32,60,196,3,257,252845
fd00::20f:f:f:f,18,0,0,206,224,263176,19,16,60,12,231,100,-56,19,34,60,188,3,184,263364
fd00::20f:f:f:f,18,0,0,207,225,273703,20,17,60,12,130,100,-56,20,36,60,184,3,189,273887
fd00::20f:f:f:f,18,0,0,207,225,284230,21,18,60,12,107,100,-56,21,38,60,172,3,162,284402
fd00::20f:f:f:f,18,0,0,207,225,294757,22,19,60,12,252,100,-56,22,40,60,195,3,208,294952
fd00::20f:f:f:f,18,0,0,207,225,305284,23,20,60,12,222,100,-56,23,42,60,183,3,202,305467
fd00::20f:f:f:f,18,0,0,207,225,315811,24,21,60,12,156,100,-56,24,44,60,188,3,211,315999
fd00::20f:f:f:f,18,0,0,207,225,326338,25,22,60,12,321,100,-56,25,46,60,219,3,235,326557
fd00::20f:f:f:f,18,0,0,206,224,347392,27,23,60,12,173,100,-78,27,48,60,209,3,281,347601
fd00::20f:f:f:f,18,0,0,207,225,357919,28,24,60,12,234,100,-62,28,50,60,120,3,217,358039
fd00::20f:f:f:f,18,0,0,207,225,368446,29,25,60,12,216,100,-86,29,52,60,204,3,292,368650
fd00::20f:f:f:f,18,0,0,207,225,378973,30,26,60,12,273,100,-56,30,54,60,164,3,240,379137
fd00::20f:f:f:f,18,0,0,207,225,389500,31,27,60,12,165,100,-56,31,56,60,200,3,154,389700
fd00::20f:f:f:f,18,0,0,207,225,400027,32,28,60,12,222,100,-56,33,58,60,250,3,286,400277
fd00::20f:f:f:f,18,0,0,207,225,410554,33,30,60,12,141,100,-56,34,61,60,213,3,149,410767
fd00::20f:f:f:f,18,0,0,207,225,421081,34,31,60,12,202,100,-56,35,63,60,161,3,225,421242
fd00::20f:f:f:f,18,0,0,207,225,431608,35,32,60,12,270,100,-64,36,65,60,187,3,222,431795
fd00::20f:f:f:f,18,0,1,206,225,452662,37,33,60,12,134,100,-56,38,67,60,163,3,196,452825
fd00::20f:f:f:f,18,0,0,207,225,463189,38,34,60,12,267,100,-79,39,69,60,163,3,232,463352
fd00::20f:f:f:f,18,0,0,207,225,473716,39,35,60,12,203,100,-73,40,71,60,130,3,212,473846
fd00::20f:f:f:f,18,0,0,207,225,484243,40,36,60,12,185,100,-56,41,73,60,189,3,190,484432
fd00::20f:f:f:f,18,0,0,207,225,494770,41,37,60,12,111,100,-56,42,75,60,175,3,163,494945
fd00::20f:f:f:f,18,0,0,207,225,505297,42,37,60,12,111,100,-56,43,76,60,227,3,163,505524
fd00::20f:f:f:f,18,0,0,207,225,515824,43,38,60,12,222,100,-56,44,78,60,192,3,225,516016
fd00::20f:f:f:f,18,0,0,207,225,526351,44,39,60,12,247,100,-56,45,80,60,195,3,225,526546
fd00::20f:f:f:f,18,0,0,207,225,536878,45,40,60,12,220,100,-56,46,82,60,182,3,224,537060
fd00::20f:f:f:f,18,0,0,206,224,557932,47,41,60,12,236,100,-82,48,84,60,175,3,243,558107
fd00::20f:f:f:f,18,0,0,207,225,568459,48,42,60,12,186,100,-45,49,86,60,162,3,173,568621
fd00::20f:f:f:f,18,0,0,207,225,578986,49,43,60,12,163,100,-89,50,88,60,184,3,206,579170
fd00::20f:f:f:f,18,0,0,207,225,589513,50,44,60,12,137,100,-59,51,90,60,187,3,174,589700
fd00::20f:f:f:f,18,0,0,206,224,610567,52,47,60,12,207,100,-56,54,94,60,218,3,221,610785
fd00::20f:f:f:f,18,0,0,207,225,621094,53,48,60,12,234,100,-56,55,96,60,199,3,239,621293
fd00::20f:f:f:f,18,0,0,207,225,631621,54,49,60,12,292,100,-56,56,98,60,178,3,251,631799
fd00::20f:f:f:f,18,0,0,207,225,642148,55,49,60,12,292,100,-56,57,99,60,167,3,251,642315
fd00::20f:f:f:f,18,0,0,206,224,663202,57,49,60,12,292,100,-56,59,100,60,177,3,251,663379
fd00::20f:f:f:f,18,0,0,207,225,673729,58,50,60,12,286,100,-56,60,102,60,209,3,284,673938
fd00::20f:f:f:f,18,0,0,207,225,684256,59,51,60,12,386,100,-88,61,104,60,181,3,294,684437
fd00::20f:f:f:f,18,0,1,206,225,694783,60,52,60,12,202,100,-56,62,106,60,189,3,240,694972
fd00::20f:f:f:f,18,0,0,207,225,705310,61,53,60,12,373,100,-56,63,108,60,227,3,314,705537
fd00::20f:f:f:f,18,0,0,207,225,715837,62,53,60,12,373,100,-56,64,109,60,154,3,314,715991
fd00::20f:f:f:f,18,0,0,207,225,726364,63,54,60,12,295,100,-56,65,111,60,206,3,283,726570
fd00::20f:f:f:f,18,0,0,207,225,736891,64,55,60,12,345,100,-56,66,113,60,186,3,252,737077
fd00::20f:f:f:f,18,0,0,207,225,747418,65,56,60,12,278,100,-56,67,115,60,202,3,239,747620
fd00::20f:f:f:f,18,0,0,206,224,768472,67,57,60,12,213,100,-59,69,117,60,154,3,251,768626
fd00::20f:f:f:f,18,0,0,207,225,778999,68,58,60,12,297,100,-63,70,119,60,230,3,254,779229
fd00::20f:f:f:f,18,0,0,207,225,789526,69,59,60,12,329,100,-74,71,121,60,196,3,281,789722
fd00::20f:f:f:f,18,0,0,207,225,800053,70,59,60,12,329,100,-74,73,122,60,377,3,281,800430
fd00::20f:f:f:f,18,0,0,206,224,810580,71,61,60,12,349,100,-56,74,125,60,193,3,280,810773
fd00::20f:f:f:f,18,0,0,207,225,821107,72,61,60,12,349,100,-56,75,126,60,210,3,280,821317
fd00::20f:f:f:f,18,0,0,207,225,831634,73,62,60,12,267,100,-56,76,128,60,193,3,247,831827
fd00::20f:f:f:f,18,0,0,207,225,842161,74,63,60,12,282,100,-56,77,130,60,222,3,239,842383
fd00::20f:f:f:f,18,0,0,207,225,852688,75,64,60,12,243,100,-56,78,131,60,170,3,239,852858
fd00::20f:f:f:f,18,0,0,207,225,863215,76,65,60,12,334,100,-76,79,133,60,162,3,288,863377
fd00::20f:f:f:f,18,0,0,207,225,873742,77,65,60,12,334,100,-76,80,134,60,163,3,288,873905
fd00::20f:f:f:f,18,0,0,207,225,884269,78,66,60,12,404,100,-46,81,136,60,175,3,301,884444
fd00::20f:f:f:f,18,0,0,206,224,894796,79,66,60,12,404,100,-46,82,137,60,218,3,301,895014
fd00::20f:f:f:f,18,0,0,207,225,905323,80,67,60,12,298,100,-63,83,139,60,217,3,238,905540
fd00::20f:f:f:f,18,0,0,207,225,915850,81,68,60,12,416,100,-56,84,141,60,179,3,303,916029
fd00::20f:f:f:f,18,0,0,207,225,926377,82,69,60,12,398,100,-56,85,143,60,189,3,290,926566
fd00::20f:f:f:f,18,0,0,207,225,936904,83,70,60,12,388,100,-56,86,145,60,182,3,290,937086
fd00::20f:f:f:f,18,0,0,207,225,947431,84,71,60,12,462,100,-56,87,147,60,203,3,318,947634
fd00::20f:f:f:f,18,0,0,207,225,957958,85,72,60,12,422,100,-56,88,149,60,216,3,323,958174
fd00::20f:f:f:f,18,0,0,207,225,968485,86,73,60,12,254,100,-56,89,151,60,183,3,227,968668
fd00::20f:f:f:f,18,0,1,206,225,989539,88,75,60,12,179,100,-91,91,154,60,198,3,210,989737
fd00::20f:f:f:f,18,0,0,206,224,1000066,89,76,60,12,201,100,-51,93,156,60,323,3,202,1000389
fd00::20f:f:f:f,18,0,0,206,224,1010593,90,78,60,12,163,100,-55,94,159,60,161,3,258,1010754
fd00::20f:f:f:f,18,0,0,207,225,1021120,91,79,60,12,200,100,-56,95,161,60,220,3,203,1021340
fd00::20f:f:f:f,18,0,0,207,225,1031647,92,80,60,12,227,100,-56,96,163,60,185,3,179,1031832
fd00::20f:f:f:f,18,0,0,207,225,1042174,93,81,60,12,141,100,-56,97,165,60,183,3,186,1042357
fd00::20f:f:f:f,18,0,0,207,225,1052701,94,82,60,12,123,100,-56,98,167,60,214,3,193,1052915
fd00::20f:f:f:f,18,0,0,207,225,1063228,95,83,60,12,229,100,-56,99,169,60,171,3,195,1063399
fd00::20f:f:f:f,18,0,0,207,225,1073755,96,84,60,12,228,100,-56,100,171,60,186,3,207,1073941
fd00::20f:f:f:f,18,0,0,206,224,1094809,98,85,60,12,313,100,-70,102,173,60,209,3,279,1095018
fd00::20f:f:f:f,18,0,0,207,225,1105336,99,86,60,12,147,100,-68,103,175,60,197,3,214,1105533
fd00::20f:f:f:f,18,0,0,207,225,1115863,100,87,60,12,257,100,-82,104,177,60,212,3,220,1116075
fd00::20f:f:f:f,18,0,0,207,225,1126390,101,88,60,12,299,100,-56,105,179,60,144,3,224,1126534
fd00::20f:f:f:f,18,0,0,207,225,1136917,102,89,60,12,159,100,-56,106,181,60,173,3,186,1137090
fd00::20f:f:f:f,18,0,0,207,225,1147444,103,90,60,12,262,100,-56,107,183,60,183,3,207,1147627
fd00::20f:f:f:f,18,0,0,207,225,1157971,104,91,60,12,116,100,-56,108,185,60,163,3,151,1158134
fd00::20f:f:f:f,18,0,0,207,225,1168498,105,92,60,12,217,100,-56,109,187,60,181,3,212,1168679
fd00::20f:f:f:f,18,0,0,207,225,1179025,106,93,60,12,285,100,-56,110,189,60,170,3,216,1179195
fd00::20f:f:f:f,18,0,0,206,224,1200079,108,94,60,12,334,100,-70,113,191,60,437,3,260,1200516
fd00::20f:f:f:f,18,0,0,206,224,1210606,109,96,60,12,235,100,-83,114,194,60,183,3,187,1210789
fd00::20f:f:f:f,18,0,0,207,225,1221133,110,97,60,12,138,100,-68,115,196,60,221,3,183,1221354
fd00::20f:f:f:f,18,0,0,207,225,1231660,111,98,60,12,246,100,-56,116,198,60,230,3,208,1231890
fd00::20f:f:f:f,18,0,0,207,225,1242187,112,99,60,12,177,100,-56,117,200,60,195,3,204,1242382
fd00::20f:f:f:f,18,0,0,207,225,1252714,113,100,60,12,261,100,-56,118,202,60,176,3,221,1252890
fd00::20f:f:f:f,18,0,0,207,225,1263241,114,101,60,12,307,100,-56,119,204,60,208,3,239,1263449
fd00::20f:f:f:f,18,0,0,207,225,1273768,115,102,60,12,147,100,-56,120,206,60,198,3,186,1273966
fd00::20f:f:f:f,18,0,0,207,225,1284295,116,103,60,12,194,100,-56,121,208,60,192,3,206,1284487
fd00::20f:f:f:f,18,0,0,206,224,1305349,118,104,60,12,182,100,-88,123,210,60,187,3,169,1305536
fd00::20f:f:f:f,18,0,0,207,225,1315876,119,105,60,12,185,100,-47,124,212,60,188,3,183,1316064
fd00::20f:f:f:f,18,0,0,207,225,1326403,120,106,60,12,326,100,-90,125,214,60,182,3,269,1326585
fd00::20f:f:f:f,18,0,0,207,225,1336930,121,107,60,12,241,100,-56,126,216,60,196,3,220,1337126
fd00::20f:f:f:f,18,0,0,207,225,1347457,122,108,60,12,190,100,-56,127,218,60,155,3,164,1347612
fd00::20f:f:f:f,18,0,0,207,225,1357984,123,109,60,12,192,100,-56,128,220,60,156,3,183,1358140
fd00::20f:f:f:f,18,0,0,207,225,1368511,124,110,60,12,266,100,-56,129,222,60,166,3,219,1368677
fd00::20f:f:f:f,18,0,0,207,225,1379038,125,111,60,12,366,100,-56,130,224,60,180,3,279,1379218
fd00::20f:f:f:f,18,0,0,207,225,1389565,126,112,60,12,111,100,-56,131,226,60,174,3,139,1389739
fd00::20f:f:f:f,18,0,1,206,225,1410619,128,114,60,12,126,100,-78,134,229,60,148,3,161,1410767
fd00::20f:f:f:f,18,0,0,207,225,1421146,129,115,60,12,292,100,-62,135,231,60,221,3,270,1421367
fd00::20f:f:f:f,18,0,0,207,225,1431673,130,116,60,12,206,100,-86,136,233,60,171,3,191,1431844
fd00::20f:f:f:f,18,0,0,207,225,1442200,131,117,60,12,216,100,-56,137,235,60,184,3,219,1442384
fd00::20f:f:f:f,18,0,0,207,225,1452727,132,118,60,12,503,100,-56,138,237,60,234,3,345,1452961
fd00::20f:f:f:f,18,0,0,207,225,1463254,133,119,60,12,334,100,-56,139,239,60,134,3,264,1463388
fd00::20f:f:f:f,18,0,0,207,225,1473781,134,120,60,12,408,100,-56,140,241,60,152,3,299,1473933
fd00::20f:f:f:f,18,0,0,207,225,1484308,135,121,60,12,368,100,-56,141,243,60,156,3,265,1484464
fd00::20f:f:f:f,18,0,0,207,225,1494835,136,122,60,12,290,100,-56,142,245,60,144,3,244,1494979
fd00::20f:f:f:f,18,0,0,207,225,1505362,137,123,60,12,180,100,-64,143,247,60,133,3,195,1505495
fd00::20f:f:f:f,18,0,0,207,225,1515889,138,123,60,12,180,100,-64,144,248,60,182,3,195,1516071
fd00::20f:f:f:f,18,0,0,207,225,1526416,139,124,60,12,139,100,-56,145,250,60,187,3,223,1526603
fd00::20f:f:f:f,18,0,0,206,224,1536943,140,125,60,12,142,100,-79,146,252,60,181,3,153,1537124
fd00::20f:f:f:f,18,0,0,207,225,1547470,141,126,60,12,176,100,-73,147,254,60,167,3,177,1547637
fd00::20f:f:f:f,18,0,0,207,225,1557997,142,127,60,12,126,100,-56,148,256,60,140,3,144,1558137
fd00::20f:f:f:f,18,0,0,207,225,1568524,143,128,60,12,171,100,-56,149,258,60,166,3,171,1568690
fd00::20f:f:f:f,18,0,0,207,225,1579051,144,129,60,12,365,100,-56,150,260,60,214,3,266,1579265
fd00::20f:f:f:f,18,0,0,207,225,1589578,145,130,60,12,194,100,-56,151,262,60,185,3,193,1589763
fd00::20f:f:f:f,18,0,0,207,225,1600105,146,131,60,12,251,100,-56,153,264,60,220,3,207,1600325
fd00::20f:f:f:f,18,0,0,207,225,1610632,147,133,60,12,94,100,-82,154,267,60,184,3,160,1610816
fd00::20f:f:f:f,18,0,0,206,224,1631686,149,134,60,12,225,100,-45,156,269,60,172,3,196,1631858
fd00::20f:f:f:f,18,0,0,206,224,1642213,150,135,60,12,210,100,-89,157,271,60,210,3,208,1642423
fd00::20f:f:f:f,18,0,0,207,225,1652740,151,136,60,12,177,100,-59,158,273,60,222,3,190,1652962
fd00::20f:f:f:f,18,0,0,207,225,1663267,152,137,60,12,405,100,-56,159,275,60,180,3,296,1663447
fd00::20f:f:f:f,18,0,0,207,225,1673794,153,138,60,12,180,100,-56,160,277,60,208,3,175,1674002
fd00::20f:f:f:f,18,0,0,207,225,1684321,154,139,60,12,228,100,-56,161,279,60,224,3,223,1684545
fd00::20f:f:f:f,18,0,0,207,225,1694848,155,140,60,12,350,100,-56,162,281,60,169,3,253,1695017
fd00::20f:f:f:f,18,0,0,207,225,1705375,156,141,60,12,260,100,-56,163,283,60,210,3,204,1705585
fd00::20f:f:f:f,18,0,0,207,225,1715902,157,142,60,12,312,100,-56,164,285,60,168,3,259,1716070
fd00::20f:f:f:f,18,0,0,206,224,1736956,159,143,60,12,204,100,-66,166,287,60,174,3,307,1737130
fd00::20f:f:f:f,18,0,0,207,225,1747483,160,144,60,12,128,100,-56,167,289,60,181,3,145,1747664
fd00::20f:f:f:f,18,0,0,207,225,1758010,161,145,60,12,281,100,-88,168,291,60,154,3,224,1758164
fd00::20f:f:f:f,18,0,0,207,225,1768537,162,146,60,12,335,100,-56,169,293,60,181,3,250,1768718
fd00::20f:f:f:f,18,0,0,207,225,1779064,163,147,60,12,141,100,-56,170,295,60,172,3,181,1779236
fd00::20f:f:f:f,18,0,0,207,225,1789591,164,148,60,12,173,100,-56,171,297,60,201,3,187,1789792
fd00::20f:f:f:f,18,0,0,207,225,1800118,165,149,60,12,214,100,-56,173,299,60,198,3,219,1800316
fd00::20f:f:f:f,18,0,0,207,225,1810645,166,151,60,12,242,100,-56,174,302,60,226,3,226,1810871
fd00::20f:f:f:f,18,0,0,207,225,1821172,167,152,60,12,209,100,-59,175,304,60,195,3,203,1821367
fd00::20f:f:f:f,18,0,0,206,224,1842226,169,153,60,12,245,100,-63,177,306,60,163,3,215,1842389
fd00::20f:f:f:f,18,0,0,206,224,1852753,170,154,60,12,272,100,-74,178,308,60,159,3,233,1852912
fd00::20f:f:f:f,18,0,0,207,225,1863280,171,155,60,12,218,100,-78,179,310,60,156,3,187,1863436
fd00::20f:f:f:f,18,0,0,207,225,1873807,172,156,60,12,117,100,-56,180,312,60,153,3,132,1873960
fd00::20f:f:f:f,18,0,0,207,225,1884334,173,157,60,12,221,100,-56,181,314,60,184,3,209,1884518
fd00::20f:f:f:f,18,0,0,207,225,1894861,174,158,60,12,209,100,-56,182,316,60,208,3,196,1895069
fd00::20f:f:f:f,18,0,0,207,225,1905388,175,159,60,12,479,100,-56,183,318,60,200,3,338,1905588
fd00::20f:f:f:f,18,0,0,207,225,1915915,176,160,60,12,253,100,-56,184,320,60,228,3,237,1916143
fd00::20f:f:f:f,18,0,0,207,225,1926442,177,161,60,12,272,100,-56,185,322,60,226,3,222,1926668
fd00::20f:f:f:f,18,0,1,206,225,1947496,179,162,60,12,357,100,-76,187,324,60,236,3,267,1947732
fd00::20f:f:f:f,18,0,0,206,224,1958023,180,163,60,12,250,100,-46,188,326,60,146,3,229,1958169
fd00::20f:f:f:f,18,0,0,206,224,1968550,181,164,60,12,313,100,-87,189,328,60,162,3,255,1968712
fd00::20f:f:f:f,18,0,0,206,224,1979077,182,165,60,12,397,100,-63,190,330,60,145,3,305,1979222
fd00::20f:f:f:f,18,0,0,207,225,1989604,183,166,60,12,246,100,-56,191,332,60,187,3,236,1989791
fd00::20f:f:f:f,18,0,0,207,225,2000131,184,167,60,12,159,100,-56,193,334,60,249,3,191,2000380
fd00::20f:f:f:f,18,0,0,206,224,2010658,185,169,60,12,118,100,-56,194,337,60,206,3,178,2010864
fd00::20f:f:f:f,18,0,0,207,225,2021185,186,170,60,12,214,100,-56,195,339,60,220,3,229,2021405
fd00::20f:f:f:f,18,0,0,207,225,2031712,187,171,60,12,161,100,-56,196,341,60,147,3,181,2031859
fd00::20f:f:f:f,18,0,0,206,224,2052766,189,173,60,12,187,100,-91,198,344,60,212,3,187,2052978
fd00::20f:f:f:f,18,0,0,207,225,2063293,190,174,60,12,117,100,-51,199,346,60,178,3,150,2063471
fd00::20f:f:f:f,18,0,0,207,225,2073820,191,175,60,12,207,100,-89,200,348,60,185,3,191,2074005
fd00::20f:f:f:f,18,0,0,207,225,2084347,192,176,60,12,262,100,-55,201,350,60,255,3,218,2084602
fd00::20f:f:f:f,18,0,0,207,225,2094874,193,177,60,12,233,100,-56,202,352,60,162,3,227,2095036
fd00::20f:f:f:f,18,0,0,207,225,2105401,194,178,60,12,236,100,-56,203,354,60,201,3,220,2105602
fd00::20f:f:f:f,18,0,0,207,225,2115928,195,179,60,12,220,100,-56,204,356,60,218,3,187,2116146
fd00::20f:f:f:f,18,0,0,207,225,2126455,196,180,60,12,135,100,-56,205,358,60,195,3,147,2126650
fd00::20f:f:f:f,18,0,0,207,225,2136982,197,181,60,12,218,100,-56,206,360,60,183,3,195,2137165
fd00::20f:f:f:f,18,0,0,206,224,2158036,199,182,60,12,277,100,-56,208,362,60,216,3,231,2158252
fd00::20f:f:f:f,18,0,0,207,225,2168563,200,183,60,12,267,100,-70,209,364,60,180,3,251,2168743
fd00::20f:f:f:f,18,0,0,206,224,2179090,201,184,60,12,232,100,-68,210,366,60,202,3,219,2179292
fd00::20f:f:f:f,18,0,0,207,225,2189617,202,185,60,12,281,100,-82,211,368,60,159,3,233,2189776
fd00::20f:f:f:f,18,0,0,207,225,2200144,203,186,60,12,241,100,-56,213,370,60,164,3,201,2200308
fd00::20f:f:f:f,18,0,0,207,225,2210671,204,188,60,12,204,100,-56,214,373,60,175,3,244,2210846
fd00::20f:f:f:f,18,0,0,207,225,2221198,205,188,60,12,204,100,-56,215,374,60,173,3,244,2221371
fd00::20f:f:f:f,18,0,0,207,225,2231725,206,189,60,12,162,100,-56,216,376,60,174,3,192,2231899
fd00::20f:f:f:f,18,0,0,207,225,2242252,207,190,60,12,189,100,-56,217,378,60,230,3,186,2242482
fd00::20f:f:f:f,18,0,0,207,225,2252779,208,191,60,12,226,100,-70,218,380,60,190,3,210,2252969
fd00::20f:f:f:f,18,0,0,206,224,2273833,210,192,60,12,249,100,-50,220,382,60,125,3,234,2273958
fd00::20f:f:f:f,18,0,0,207,225,2284360,211,193,60,12,410,100,-83,221,384,60,135,3,300,2284495
fd00::20f:f:f:f,18,0,0,207,225,2294887,212,194,60,12,321,100,-68,222,386,60,205,3,267,2295092
fd00::20f:f:f:f,18,0,0,207,225,2305414,213,194,60,12,321,100,-68,223,387,60,177,3,267,2305591
fd00::20f:f:f:f,18,0,0,207,225,2315941,214,195,60,12,259,100,-56,224,389,60,144,3,214,2316085
fd00::20f:f:f:f,18,0,0,207,225,2326468,215,195,60,12,259,100,-56,225,390,60,229,3,214,2326697
fd00::20f:f:f:f,18,0,0,207,225,2336995,216,195,60,12,259,100,-56,226,391,60,168,3,214,2337163
fd00::20f:f:f:f,18,0,0,207,225,2347522,217,196,60,12,295,100,-56,227,393,60,170,3,311,2347692
fd00::20f:f:f:f,18,0,0,207,225,2358049,218,197,60,12,208,100,-56,228,395,60,213,3,265,2358262
fd00::20f:f:f:f,18,0,0,206,224,2379103,220,198,60,12,128,100,-88,230,397,60,200,3,217,2379303
fd00::20f:f:f:f,18,0,0,207,225,2389630,221,199,60,12,218,100,-47,231,399,60,185,3,211,2389815
fd00::20f:f:f:f,18,0,0,207,225,2400157,222,201,60,12,147,100,-56,233,402,60,281,3,180,2400438
fd00::20f:f:f:f,18,0,0,207,225,2410684,223,202,60,12,330,100,-56,234,404,60,228,3,236,2410912
fd00::20f:f:f:f,18,0,0,207,225,2421211,224,203,60,12,108,100,-56,235,406,60,204,3,158,2421415
fd00::20f:f:f:f,18,0,0,207,225,2431738,225,204,60,12,118,100,-56,236,408,60,172,3,194,2431910
fd00::20f:f:f:f,18,0,0,207,225,2442265,226,205,60,12,120,100,-56,237,410,60,184,3,159,2442449
fd00::20f:f:f:f,18,0,0,207,225,2452792,227,206,60,12,372,100,-56,238,412,60,169,3,273,2452961
fd00::20f:f:f:f,18,0,0,207,225,2463319,228,207,60,12,177,100,-56,239,414,60,190,3,206,2463509
fd00::20f:f:f:f,18,0,0,206,224,2484373,230,208,60,12,205,100,-78,241,416,60,158,3,192,2484531
fd00::20f:f:f:f,18,0,0,207,225,2494900,231,209,60,12,161,100,-62,242,418,60,205,3,143,2495105
fd00::20f:f:f:f,18,0,0,207,225,2505427,232,210,60,12,312,100,-86,243,420,60,210,3,244,2505637
fd00::20f:f:f:f,18,0,0,207,225,2515954,233,211,60,12,204,100,-56,244,422,60,173,3,197,2516127
fd00::20f:f:f:f,18,0,0,207,225,2526481,234,212,60,12,174,100,-56,245,424,60,181,3,212,2526662
fd00::20f:f:f:f,18,0,0,207,225,2537008,235,213,60,12,186,100,-56,246,426,60,217,3,188,2537225
fd00::20f:f:f:f,18,0,0,207,225,2547535,236,214,60,12,289,100,-56,247,428,60,169,3,237,2547704
fd00::20f:f:f:f,18,0,0,207,225,2558062,237,215,60,12,208,100,-56,248,430,60,195,3,251,2558257
fd00::20f:f:f:f,18,0,0,207,225,2568589,238,216,60,12,303,100,-56,249,432,60,171,3,237,2568760
fd00::20f:f:f:f,18,0,1,205,224,2589643,240,217,60,12,134,100,-64,251,434,60,162,3,174,2589805
fd00::20f:f:f:f,18,0,0,207,225,2600170,241,218,60,12,164,100,-91,253,436,60,237,3,179,2600407
fd00::20f:f:f:f,18,0,0,207,225,2610697,242,220,60,12,255,100,-73,254,439,60,178,3,244,2610875
fd00::20f:f:f:f,18,0,0,207,225,2621224,243,221,60,12,277,100,-56,255,441,60,189,3,214,2621413
fd00::20f:f:f:f,18,0,0,207,225,2631751,244,222,60,12,122,100,-56,256,443,60,190,3,156,2631941
fd00::20f:f:f:f,18,0,0,207,225,2642278,245,223,60,12,451,100,-56,257,445,60,221,3,288,2642499
fd00::20f:f:f:f,18,0,0,206,224,2652805,246,224,60,12,231,100,-56,258,447,60,206,3,228,2653011
fd00::20f:f:f:f,18,0,0,207,225,2663332,247,225,60,12,183,100,-56,259,449,60,174,3,191,2663506
fd00::20f:f:f:f,18,0,0,207,225,2673859,248,226,60,12,365,100,-56,260,451,60,154,3,290,2674013
fd00::20f:f:f:f,18,0,0,206,224,2694913,250,227,60,12,308,100,-82,262,453,60,177,3,281,2695090
fd00::20f:f:f:f,18,0,0,206,224,2705440,251,228,60,12,201,100,-45,263,455,60,227,3,236,2705667
fd00::20f:f:f:f,18,0,0,206,224,2715967,252,229,60,12,234,100,-89,264,457,60,169,3,220,2716136
fd00::20f:f:f:f,18,0,1,205,224,2726494,253,230,60,12,344,100,-59,265,459,60,185,3,273,2726679
fd00::20f:f:f:f,18,0,0,206,224,2737021,254,231,60,12,157,100,-56,266,461,60,173,3,184,2737194
fd00::20f:f:f:f,18,0,0,206,224,2747548,255,232,60,12,205,100,-56,267,463,60,186,3,197,2747734
fd00::20f:f:f:f,18,0,0,206,224,2758075,256,233,60,12,244,100,-56,268,465,60,185,3,242,2758260
fd00::20f:f:f:f,18,0,0,206,224,2768602,257,234,60,12,223,100,-56,269,467,60,205,3,232,2768807
fd00::20f:f:f:f,18,0,1,205,224,2779129,258,235,60,12,298,100,-56,270,469,60,185,3,210,2779314
fd00::20f:f:f:f,18,0,0,206,224,2800183,260,236,60,12,261,100,-56,273,471,60,246,3,233,2800429
fd00::20f:f:f:f,18,0,1,206,225,2810710,261,238,60,12,262,100,-56,274,474,60,178,3,206,2810888
fd00::20f:f:f:f,18,0,0,206,224,2821237,262,239,60,12,298,100,-88,275,476,60,196,3,242,2821433
fd00::20f:f:f:f,18,0,0,206,224,2831764,263,240,60,12,258,100,-56,276,478,60,159,3,227,2831923
fd00::20f:f:f:f,18,0,0,206,224,2842291,264,241,60,12,226,100,-56,277,480,60,170,3,202,2842461
fd00::20f:f:f:f,18,0,0,206,224,2852818,265,242,60,12,220,100,-56,278,482,60,156,3,218,2852974
fd00::20f:f:f:f,18,0,0,206,224,2863345,266,243,60,12,317,100,-56,279,484,60,185,3,242,2863530
fd00::20f:f:f:f,18,0,0,206,224,2873872,267,244,60,12,329,100,-56,280,486,60,204,3,246,2874076
fd00::20f:f:f:f,18,0,0,206,224,2884399,268,245,60,12,261,100,-56,281,488,60,208,3,224,2884607
fd00::20f:f:f:f,18,0,0,206,224,2894926,269,246,60,12,450,100,-59,282,490,60,240,3,350,2895166
fd00::20f:f:f:f,18,0,0,207,225,2905453,270,246,60,12,450,100,-59,283,491,60,299,3,350,2905752
fd00::20f:f:f:f,18,0,0,206,224,2915980,271,247,60,12,256,100,-63,284,493,60,191,3,208,2916171
fd00::20f:f:f:f,18,0,0,206,224,2926507,272,248,60,12,434,100,-74,285,495,60,175,3,322,2926682
fd00::20f:f:f:f,18,0,0,206,224,2937034,273,249,60,12,158,100,-78,286,497,60,145,3,190,2937179
fd00::20f:f:f:f,18,0,0,206,224,2947561,274,250,60,12,254,100,-56,287,499,60,194,3,232,2947755
fd00::20f:f:f:f,18,0,0,206,224,2958088,275,251,60,12,297,100,-56,288,501,60,177,3,216,2958265
fd00::20f:f:f:f,18,0,0,206,224,2968615,276,252,60,12,387,100,-56,289,503,60,203,3,309,2968818
fd00::20f:f:f:f,18,0,0,206,224,2979142,277,253,60,12,297,100,-56,290,505,60,209,3,259,2979351
fd00::20f:f:f:f,18,0,0,206,224,2989669,278,254,60,12,363,100,-56,291,507,60,176,3,312,2989845
fd00::20f:f:f:f,18,0,1,205,224,3000197,279,255,60,12,212,100,-56,293,509,60,278,3,227,3000475
fd00::20f:f:f:f,18,0,1,206,225,3021250,281,257,60,12,237,100,-46,295,512,60,198,3,202,3021448
fd00::20f:f:f:f,18,0,1,206,225,3031777,282,258,60,12,309,100,-87,296,514,60,152,3,234,3031929
fd00::20f:f:f:f,18,0,0,206,224,3042304,283,259,60,12,191,100,-63,297,516,60,227,3,186,3042531
fd00::20f:f:f:f,18,0,0,206,224,3052831,284,260,60,12,235,100,-56,298,518,60,193,3,229,3053024
fd00::20f:f:f:f,18,0,1,206,225,3063358,285,261,60,12,563,100,-56,299,520,60,188,3,385,3063546
fd00::20f:f:f:f,18,0,0,206,224,3073885,286,262,60,12,203,100,-56,300,522,60,235,3,190,3074120
fd00::20f:f:f:f,18,0,0,207,225,3084412,287,263,60,12,155,100,-56,301,524,60,190,3,155,3084602
fd00::20f:f:f:f,18,0,0,207,225,3094939,288,264,60,12,186,100,-56,302,526,60,169,3,196,3095108
fd00::20f:f:f:f,18,0,0,207,225,3105466,289,265,60,12,297,100,-56,303,528,60,162,3,223,3105628
fd00::20f:f:f:f,18,0,0,206,224,3126520,291,267,60,12,142,100,-91,305,531,60,122,3,185,3126642
fd00::20f:f:f:f,18,0,0,207,225,3137047,292,268,60,12,287,100,-51,306,533,60,135,3,226,3137182
fd00::20f:f:f:f,18,0,0,207,225,3147574,293,269,60,12,126,100,-89,307,535,60,292,3,161,3147866
fd00::20f:f:f:f,18,0,0,207,225,3158101,294,270,60,12,85,100,-55,308,537,60,152,3,146,3158253
fd00::20f:f:f:f,18,0,0,207,225,3168628,295,271,60,12,147,100,-56,309,539,60,184,3,173,3168812
fd00::20f:f:f:f,18,0,0,207,225,3179155,296,272,60,12,170,100,-56,310,541,60,162,3,180,3179317
fd00::20f:f:f:f,18,0,0,207,225,3189682,297,273,60,12,308,100,-56,311,543,60,154,3,225,3189836
fd00::20f:f:f:f,18,0,0,207,225,3200209,298,275,60,12,189,100,-56,313,546,60,217,3,181,3200426
fd00::20f:f:f:f,18,0,0,207,225,3210736,299,276,60,12,289,100,-56,314,548,60,206,3,255,3210942
fd00::20f:f:f:f,18,0,1,205,224,3231790,301,277,60,12,201,100,-70,316,550,60,198,3,210,3231988
fd00::20f:f:f:f,18,0,0,207,225,3242317,302,278,60,12,111,100,-68,317,552,60,194,3,196,3242511
fd00::20f:f:f:f,18,0,0,207,225,3252844,303,279,60,12,226,100,-82,318,554,60,177,3,204,3253021
fd00::20f:f:f:f,18,0,0,207,225,3263371,304,280,60,12,276,100,-56,319,556,60,155,3,223,3263526
fd00::20f:f:f:f,18,0,0,207,225,3273898,305,281,60,12,335,100,-56,320,558,60,141,3,267,3274039
fd00::20f:f:f:f,18,0,0,207,225,3284425,306,282,60,12,180,100,-56,321,560,60,183,3,182,3284608
fd00::20f:f:f:f,18,0,0,207,225,3294952,307,283,60,12,194,100,-56,322,562,60,128,3,184,3295080
fd00::20f:f:f:f,18,0,0,207,225,3305479,308,284,60,12,178,100,-56,323,564,60,175,3,169,3305654
fd00::20f:f:f:f,18,0,0,207,225,3316006,309,285,60,12,178,100,-56,324,566,60,170,3,168,3316176
fd00::20f:f:f:f,18,0,0,206,224,3337060,311,286,60,12,256,100,-70,326,568,60,180,3,219,3337240
fd00::20f:f:f:f,18,0,0,206,224,3347587,312,287,60,12,199,100,-50,327,570,60,193,3,173,3347780
fd00::20f:f:f:f,18,0,0,207,225,3358114,313,288,60,12,246,100,-83,328,572,60,183,3,225,3358297
fd00::20f:f:f:f,18,0,0,207,225,3368641,314,289,60,12,206,100,-68,329,574,60,196,3,213,3368837
fd00::20f:f:f:f,18,0,0,207,225,3379168,315,290,60,12,188,100,-56,330,576,60,172,3,173,3379340
fd00::20f:f:f:f,18,0,0,207,225,3389695,316,291,60,12,212,100,-56,331,578,60,235,3,220,3389930
fd00::20f:f:f:f,18,0,0,206,224,3400222,317,293,60,12,79,100,-56,333,581,60,139,3,158,3400361
fd00::20f:f:f:f,18,0,0,207,225,3410749,318,294,60,12,175,100,-56,334,583,60,159,3,195,3410908
fd00::20f:f:f:f,18,0,0,206,224,3421276,319,295,60,12,146,100,-56,335,585,60,198,3,204,3421474
fd00::20f:f:f:f,18,0,0,206,224,3442330,321,296,60,12,253,100,-88,337,587,60,221,3,217,3442551
fd00::20f:f:f:f,18,0,0,206,224,3452857,322,297,60,12,369,100,-47,338,589,60,180,3,268,3453037
fd00::20f:f:f:f,18,0,0,207,225,3463384,323,298,60,12,296,100,-90,339,591,60,184,3,220,3463568
fd00::20f:f:f:f,18,0,0,207,225,3473911,324,299,60,12,163,100,-56,340,593,60,183,3,192,3474094
fd00::20f:f:f:f,18,0,0,207,225,3484438,325,300,60,12,232,100,-56,341,595,60,224,3,193,3484662
fd00::20f:f:f:f,18,0,0,207,225,3494965,326,301,60,12,189,100,-56,342,597,60,188,3,191,3495153
fd00::20f:f:f:f,18,0,0,206,224,3505492,327,302,60,12,217,100,-56,343,599,60,170,3,197,3505662
fd00::20f:f:f:f,18,0,0,207,225,3516019,328,303,60,12,150,100,-56,344,601,60,172,3,194,3516191
fd00::20f:f:f:f,18,0,0,207,225,3526546,329,304,60,12,155,100,-56,345,603,60,211,3,171,3526757
fd00::20f:f:f:f,18,0,0,207,225,3537073,330,305,60,12,332,100,-56,346,605,60,219,3,261,3537292
fd00::20f:f:f:f,18,0,0,207,225,3547600,331,305,60,12,332,100,-56,347,606,60,190,3,261,3547790
fd00::20f:f:f:f,18,0,0,207,225,3558127,332,306,60,12,164,100,-78,348,608,60,202,3,176,3558329
fd00::20f:f:f:f,18,0,0,207,225,3568654,333,307,60,12,380,100,-62,349,610,60,185,3,271,3568839
fd00::20f:f:f:f,18,0,0,207,225,3579181,334,308,60,12,161,100,-86,350,612,60,173,3,233,3579354
fd00::20f:f:f:f,18,0,0,207,225,3589708,335,309,60,12,256,100,-56,351,614,60,181,3,202,3589889
fd00::210:10:10:10,93,0,0,1020,1113,51846,1,0,60,0,0,0,0,0,1,60,151,2,0,51997
fd00::210:10:10:10,18,0,0,203,221,62215,2,0,60,0,0,0,0,1,2,60,156,1,0,62371
fd00::210:10:10:10,18,0,3,200,221,93322,5,0,60,0,0,0,0,4,3,60,125,2,0,93447
fd00::210:10:10:10,18,0,1,203,222,103691,6,0,60,0,0,0,0,5,4,60,213,2,0,103904
fd00::210:10:10:10,18,0,0,204,222,114060,7,0,60,0,0,0,0,6,5,60,150,2,0,114210
fd00::210:10:10:10,18,0,0,204,222,124429,8,0,60,0,0,0,0,7,6,60,159,2,0,124588
fd00::210:10:10:10,37,0,1,407,445,549558,17,0,60,0,0,0,0,49,7,60,244,4,0,549802
fd00::210:10:10:10,653,0,5,7143,7801,974687,22,6,60,12,369,100,-43,92,8,60,154,2,0,974841
fd00::210:10:10:10,18,0,3,200,221,1005794,25,6,60,12,369,100,-43,95,9,60,140,1,0,1005934
fd00::210:10:10:10,18,0,0,203,221,1026532,27,6,60,12,369,100,-43,97,10,60,119,1,0,1026651
fd00::210:10:10:10,18,0,0,204,222,1036901,28,6,60,12,369,100,-43,98,11,60,124,1,0,1037025
fd00::210:10:10:10,18,0,1,202,221,1555351,34,6,60,12,369,100,-43,150,12,60,161,1,0,1555512
fd00::210:10:10:10,18,0,0,203,221,2094539,41,6,60,12,369,100,-43,204,13,60,157,1,0,2094696
fd00::210:10:10:10,18,0,0,204,222,2104908,42,6,60,12,369,100,-43,205,14,60,150,1,0,2105058
fd00::210:10:10:10,149,0,4,1628,1781,2198229,44,6,60,12,369,100,-43,214,15,60,166,1,0,2198395
fd00::210:10:10:10,298,0,1,3266,3565,2374502,46,8,60,12,171,100,-84,232,17,60,210,4,185,2374712
fd00::210:10:10:10,578,0,3,6328,6909,2882583,51,8,60,12,171,100,-84,283,18,60,137,2,185,2882720
fd00::210:10:10:10,18,0,0,203,221,2892952,52,8,60,12,171,100,-84,284,19,60,174,2,185,2893126
fd00::210:10:10:10,18,0,0,203,221,2903321,53,8,60,12,171,100,-84,285,20,60,168,2,185,2903489
fd00::210:10:10:10,55,0,1,610,666,2955166,56,8,60,12,171,100,-84,290,21,60,148,1,185,2955314
fd00::210:10:10:10,18,0,3,200,221,2986273,59,8,60,12,171,100,-84,293,22,60,152,2,185,2986425
fd00::210:10:10:10,18,0,0,203,221,2996642,60,8,60,12,171,100,-84,294,23,60,189,2,185,2996831
fd00::210:10:10:10,18,0,0,204,222,3007011,61,8,60,12,171,100,-84,295,24,60,177,2,185,3007188
fd00::211:11:11:11,115,0,0,1266,1381,64321,1,0,60,0,0,0,0,0,1,60,537,3,0,64858
fd00::211:11:11:11,19,0,0,210,229,75041,2,0,60,0,0,0,0,1,2,60,521,3,0,75562
fd00::211:11:11:11,19,0,0,210,229,85761,3,0,60,0,0,0,0,2,3,60,499,3,0,86260
fd00::211:11:11:11,19,0,0,211,230,96481,4,0,60,0,0,0,0,3,4,60,540,3,0,97021
fd00::211:11:11:11,19,0,0,210,229,107201,5,0,60,0,0,0,0,4,5,60,509,3,0,107710
fd00::211:11:11:11,19,0,0,211,230,117921,6,0,60,0,0,0,0,5,6,60,564,3,0,118485
fd00::211:11:11:11,19,0,0,211,230,128641,7,0,60,0,0,0,0,6,7,60,527,3,0,129168
fd00::211:11:11:11,19,0,0,210,229,150081,9,0,60,0,0,0,0,9,8,60,556,3,0,150637
fd00::211:11:11:11,19,0,0,211,230,160801,10,0,60,0,0,0,0,10,9,60,572,3,0,161373
fd00::211:11:11:11,19,0,0,210,229,171521,11,0,60,0,0,0,0,11,10,60,523,3,0,172044
fd00::211:11:11:11,19,0,0,211,230,182241,12,0,60,0,0,0,0,12,11,60,560,3,0,182801
fd00::211:11:11:11,19,0,0,211,230,192961,13,0,60,0,0,0,0,13,12,60,591,3,0,193552
fd00::211:11:11:11,19,0,0,211,230,203681,14,0,60,0,0,0,0,14,13,60,537,3,0,204218
fd00::211:11:11:11,19,0,0,211,230,214401,15,0,60,0,0,0,0,15,14,60,573,3,0,214974
fd00::211:11:11:11,19,0,0,211,230,225121,16,0,60,0,0,0,0,16,15,60,540,3,0,225661
fd00::211:11:11:11,19,0,0,210,229,235841,17,0,60,0,0,0,0,17,16,60,520,3,0,236361
fd00::211:11:11:11,19,0,1,209,229,257281,19,0,60,0,0,0,0,19,17,60,542,3,0,257823
fd00::211:11:11:11,19,0,0,211,230,268001,20,0,60,0,0,0,0,20,18,60,550,3,0,268551
fd00::211:11:11:11,19,0,0,210,229,278721,21,0,60,0,0,0,0,21,19,60,542,3,0,279263
fd00::211:11:11:11,19,0,0,211,230,289441,22,0,60,0,0,0,0,22,20,60,558,3,0,289999
fd00::211:11:11:11,19,0,0,211,230,300161,23,0,60,0,0,0,0,24,21,60,550,3,0,300711
fd00::211:11:11:11,19,0,0,211,230,310881,24,0,60,0,0,0,0,25,22,60,528,3,0,311409
fd00::211:11:11:11,19,0,0,211,230,321601,25,0,60,0,0,0,0,26,23,60,540,3,0,322141
fd00::211:11:11:11,19,0,0,211,230,332321,26,0,60,0,0,0,0,27,24,60,509,3,0,332830
fd00::211:11:11:11,19,0,0,210,229,343041,27,0,60,0,0,0,0,28,25,60,511,3,0,343552
fd00::211:11:11:11,19,0,0,210,229,364481,29,0,60,0,0,0,0,30,26,60,486,3,0,364967
fd00::211:11:11:11,19,0,0,211,230,375201,30,0,60,0,0,0,0,31,27,60,574,3,0,375775
fd00::211:11:11:11,19,0,0,210,229,385921,31,0,60,0,0,0,0,32,28,60,511,3,0,386432
fd00::211:11:11:11,19,0,0,211,230,396641,32,0,60,0,0,0,0,33,29,60,569,3,0,397210
fd00::211:11:11:11,19,0,0,210,229,407361,33,0,60,0,0,0,0,34,30,60,532,3,0,407893
fd00::211:11:11:11,19,0,0,210,229,418081,34,0,60,0,0,0,0,35,31,60,526,3,0,418607
fd00::211:11:11:11,19,0,0,211,230,428801,35,0,60,0,0,0,0,36,32,60,536,3,0,429337
fd00::211:11:11:11,19,0,0,210,229,439521,36,0,60,0,0,0,0,38,33,60,595,3,0,440116
fd00::211:11:11:11,19,0,0,210,229,450241,37,0,60,0,0,0,0,39,34,60,519,3,0,450760
fd00::211:11:11:11,19,0,1,209,229,471681,39,0,60,0,0,0,0,41,35,60,554,3,0,472235
fd00::211:11:11:11,19,0,0,211,230,482401,40,0,60,0,0,0,0,42,36,60,538,3,0,482939
fd00::211:11:11:11,19,0,0,210,229,493121,41,0,60,0,0,0,0,43,37,60,512,3,0,493633
fd00::211:11:11:11,19,0,0,211,230,503841,42,0,60,0,0,0,0,44,38,60,554,3,0,504395
fd00::211:11:11:11,19,0,0,211,230,514561,43,0,60,0,0,0,0,45,39,60,496,3,0,515057
fd00::211:11:11:11,19,0,0,211,230,525281,44,0,60,0,0,0,0,46,40,60,518,3,0,525799
fd00::211:11:11:11,19,0,0,210,229,536001,45,0,60,0,0,0,0,47,41,60,525,3,0,536526
fd00::211:11:11:11,19,0,0,210,229,546721,46,0,60,0,0,0,0,48,42,60,569,3,0,547290
fd00::211:11:11:11,19,0,0,210,229,557441,47,0,60,0,0,0,0,49,43,60,561,3,0,558002
fd00::211:11:11:11,19,0,0,210,229,578881,49,0,60,0,0,0,0,51,44,60,565,4,0,579446
fd00::211:11:11:11,598,0,5,6540,7143,921921,51,0,60,0,0,0,0,86,45,60,580,3,0,922501
fd00::211:11:11:11,19,0,0,210,229,932641,52,0,60,0,0,0,0,87,46,60,572,3,0,933213
fd00::211:11:11:11,19,0,0,211,230,943361,53,0,60,0,0,0,0,88,47,60,506,3,0,943867
fd00::211:11:11:11,19,0,0,210,229,954081,54,0,60,0,0,0,0,89,48,60,595,3,0,954676
fd00::211:11:11:11,19,0,0,210,229,964801,55,0,60,0,0,0,0,90,49,60,542,3,0,965343
fd00::211:11:11:11,19,0,0,210,229,975521,56,0,60,0,0,0,0,91,50,60,506,3,0,976027
fd00::211:11:11:11,19,0,0,211,230,986241,57,0,60,0,0,0,0,92,51,60,534,3,0,986775
fd00::211:11:11:11,19,0,0,210,229,1007681,59,0,60,0,0,0,0,94,52,60,555,3,0,1008236
fd00::211:11:11:11,19,0,0,210,229,1018401,60,0,60,0,0,0,0,95,53,60,558,3,0,1018959
fd00::211:11:11:11,19,0,0,211,230,1029121,61,0,60,0,0,0,0,96,54,60,535,3,0,1029656
fd00::211:11:11:11,19,0,0,211,230,1039841,62,0,60,0,0,0,0,98,55,60,494,3,0,1040335
fd00::211:11:11:11,19,0,0,211,230,1050561,63,0,60,0,0,0,0,99,56,60,529,3,0,1051090
fd00::211:11:11:11,19,0,0,210,229,1061281,64,0,60,0,0,0,0,100,57,60,533,3,0,1061814
fd00::211:11:11:11,19,0,0,211,230,1072001,65,0,60,0,0,0,0,101,58,60,510,3,0,1072511
fd00::211:11:11:11,19,0,0,211,230,1082723,66,0,60,0,0,0,0,102,59,60,489,3,0,1083212
fd00::211:11:11:11,19,0,0,210,229,1093441,67,0,60,0,0,0,0,103,60,60,525,3,0,1093966
fd00::211:11:11:11,19,0,1,209,229,1114881,69,0,60,0,0,0,0,105,61,60,498,3,0,1115379
fd00::211:11:11:11,19,0,0,211,230,1125601,70,0,60,0,0,0,0,106,62,60,541,3,0,1126142
fd00::211:11:11:11,19,0,0,210,229,1136321,71,0,60,0,0,0,0,107,63,60,521,3,0,1136842
fd00::211:11:11:11,19,0,0,211,230,1147041,72,0,60,0,0,0,0,108,64,60,507,3,0,1147548
fd00::211:11:11:11,19,0,0,211,230,1157761,73,0,60,0,0,0,0,109,65,60,525,3,0,1158286
fd00::211:11:11:11,19,0,0,211,230,1168481,74,0,60,0,0,0,0,110,66,60,602,3,0,1169083
fd00::211:11:11:11,19,0,0,211,230,1179201,75,0,60,0,0,0,0,111,67,60,513,3,0,1179714
fd00::211:11:11:11,19,0,0,210,229,1189921,76,0,60,0,0,0,0,113,68,60,538,3,0,1190459
fd00::211:11:11:11,19,0,0,210,229,1200641,77,0,60,0,0,0,0,114,69,60,496,3,0,1201137
fd00::211:11:11:11,19,0,0,210,229,1222081,79,0,60,0,0,0,0,116,70,60,544,3,0,1222625
fd00::211:11:11:11,19,0,0,211,230,1232801,80,0,60,0,0,0,0,117,71,60,504,3,0,1233305
fd00::211:11:11:11,19,0,0,210,229,1243521,81,0,60,0,0,0,0,118,72,60,629,3,0,1244150
fd00::211:11:11:11,19,0,0,211,230,1254241,82,0,60,0,0,0,0,119,73,60,556,3,0,1254797
fd00::211:11:11:11,19,0,0,211,230,1264961,83,0,60,0,0,0,0,120,74,60,481,3,0,1265442
fd00::211:11:11:11,19,0,0,211,230,1275681,84,0,60,0,0,0,0,121,75,60,531,3,0,1276212
fd00::211:11:11:11,19,0,0,211,230,1286401,85,0,60,0,0,0,0,122,76,60,576,3,0,1286977
fd00::211:11:11:11,19,0,0,211,230,1297121,86,0,60,0,0,0,0,123,77,60,523,3,0,1297644
fd00::211:11:11:11,19,0,0,210,229,1307841,87,0,60,0,0,0,0,124,78,60,519,3,0,1308360
fd00::211:11:11:11,19,0,0,210,229,1329281,89,0,60,0,0,0,0,126,79,60,515,3,0,1329796
fd00::211:11:11:11,19,0,0,211,230,1340001,90,0,60,0,0,0,0,128,80,60,531,3,0,1340532
fd00::211:11:11:11,19,0,0,211,230,1350721,91,0,60,0,0,0,0,129,81,60,518,3,0,1351239
fd00::211:11:11:11,19,0,0,211,230,1361441,92,0,60,0,0,0,0,130,82,60,490,3,0,1361931
fd00::211:11:11:11,19,0,0,211,230,1372161,93,0,60,0,0,0,0,131,83,60,522,3,0,1372683
fd00::211:11:11:11,19,0,0,211,230,1382881,94,0,60,0,0,0,0,132,84,60,547,3,0,1383428
fd00::211:11:11:11,19,0,0,211,230,1393601,95,0,60,0,0,0,0,133,85,60,525,3,0,1394126
fd00::211:11:11:11,19,0,0,210,229,1404321,96,0,60,0,0,0,0,134,86,60,539,3,0,1404860
fd00::211:11:11:11,19,0,0,210,229,1415041,97,0,60,0,0,0,0,135,87,60,509,3,0,1415550
fd00::211:11:11:11,19,0,0,210,229,1436481,99,0,60,0,0,0,0,137,88,60,537,3,0,1437018
fd00::211:11:11:11,19,0,0,211,230,1447201,100,0,60,0,0,0,0,138,89,60,585,3,0,1447786
fd00::211:11:11:11,19,0,0,210,229,1457921,101,0,60,0,0,0,0,139,90,60,557,3,0,1458478
fd00::211:11:11:11,19,0,0,211,230,1468641,102,0,60,0,0,0,0,140,91,60,517,3,0,1469158
fd00::211:11:11:11,19,0,0,211,230,1479361,103,0,60,0,0,0,0,141,92,60,523,3,0,1479884
fd00::211:11:11:11,19,0,0,211,230,1490081,104,0,60,0,0,0,0,143,93,60,545,3,0,1490626
fd00::211:11:11:11,19,0,0,210,229,1500801,105,0,60,0,0,0,0,144,94,60,535,3,0,1501336
fd00::211:11:11:11,19,0,0,211,230,1511521,106,0,60,0,0,0,0,145,95,60,532,3,0,1512053
fd00::211:11:11:11,598,0,3,6542,7143,2315521,111,0,60,0,0,0,0,225,96,60,515,3,0,2316036
fd00::211:11:11:11,19,0,0,210,229,2326241,112,0,60,0,0,0,0,226,97,60,537,3,0,2326778
fd00::211:11:11:11,19,0,0,210,229,2336961,113,0,60,0,0,0,0,227,98,60,556,3,0,2337517
fd00::211:11:11:11,19,0,0,211,230,2347681,114,0,60,0,0,0,0,228,99,60,494,3,0,2348175
fd00::211:11:11:11,19,0,0,210,229,2358401,115,0,60,0,0,0,0,229,100,60,533,3,0,2358934
fd00::211:11:11:11,19,0,0,210,229,2369121,116,0,60,0,0,0,0,230,101,60,530,3,0,2369651
fd00::211:11:11:11,578,0,4,6330,6912,2712161,119,0,60,0,0,0,0,265,102,60,583,4,0,2712744
fd00::211:11:11:11,19,0,1,209,229,2733601,121,0,60,0,0,0,0,267,103,60,502,3,0,2734103
fd00::211:11:11:11,19,0,0,210,229,2744321,122,0,60,0,0,0,0,268,104,60,549,3,0,2744870
fd00::211:11:11:11,19,0,0,211,230,2755041,123,0,60,0,0,0,0,269,105,60,594,3,0,2755635
fd00::211:11:11:11,19,0,0,210,229,2765761,124,0,60,0,0,0,0,270,106,60,540,3,0,2766301
fd00::211:11:11:11,19,0,0,211,230,2776481,125,0,60,0,0,0,0,271,107,60,518,3,0,2776999
fd00::211:11:11:11,19,0,0,211,230,2787201,126,0,60,0,0,0,0,272,108,60,509,3,0,2787710
fd00::211:11:11:11,19,0,0,211,230,2797921,127,0,60,0,0,0,0,273,109,60,545,3,0,2798466
fd00::211:11:11:11,135,0,1,1476,1612,2905121,131,0,60,0,0,0,0,284,110,60,519,3,0,2905640
fd00::211:11:11:11,887,0,3,9710,10600,3430401,135,0,60,0,0,0,0,337,111,60,526,3,0,3430927
fd00::211:11:11:11,19,0,0,210,229,3441121,136,0,60,0,0,0,0,338,112,60,524,3,0,3441645
fd00::212:12:12:12,54,0,0,593,647,30154,1,0,60,0,0,0,0,0,1,60,18446744073709551600,1,0,30138
fd00::212:12:12:12,18,0,0,196,214,50256,3,1,60,12,139,100,-25,2,3,60,18446744073709551595,1,61,50235
fd00::212:12:12:12,18,0,0,197,215,60307,4,2,60,12,128,100,-74,3,5,60,175,1,79,60482
fd00::212:12:12:12,18,0,2,195,215,90460,7,3,60,12,348,100,-86,6,7,60,176,3,270,90636
fd00::212:12:12:12,18,0,0,197,215,100511,8,4,60,12,236,100,-86,7,9,60,36,3,146,100547
fd00::212:12:12:12,18,0,0,197,215,110562,9,5,60,12,218,100,-58,8,11,60,35,3,123,110597
fd00::212:12:12:12,18,0,0,197,215,120613,10,6,60,12,202,100,-58,9,13,60,75,3,160,120688
fd00::212:12:12:12,72,0,2,788,862,864387,19,21,60,12,203,100,-49,83,16,60,51,3,120,864438
fd00::212:12:12:12,18,0,2,195,215,1366937,26,28,60,12,158,100,-26,133,18,60,51,3,117,1366988
fd00::212:12:12:12,18,0,0,197,215,1376988,27,28,60,12,158,100,-26,134,19,60,30,3,117,1377018
fd00::212:12:12:12,18,0,0,197,215,1387039,28,29,60,12,204,100,-86,135,21,60,53,3,154,1387092
fd00::212:12:12:12,18,0,0,197,215,1397090,29,30,60,12,197,100,-86,136,23,60,49,3,140,1397139
fd00::212:12:12:12,18,0,0,197,215,1407141,30,31,60,12,344,100,-25,137,25,60,86,3,224,1407227
fd00::212:12:12:12,814,0,6,8902,9722,1879538,33,56,60,12,159,100,-40,184,26,60,17,1,224,1879555
fd00::212:12:12:12,36,0,2,393,431,2000150,39,58,60,12,160,100,-43,197,29,60,297,3,140,2000447
fd00::212:12:12:12,18,0,0,197,215,2010201,40,59,60,12,297,100,-58,198,31,60,202,3,242,2010403
fd00::212:12:12:12,18,0,0,197,215,2020252,41,60,60,12,213,100,-86,199,33,60,108,3,220,2020360
fd00::212:12:12:12,18,0,0,197,215,2030303,42,62,60,12,170,100,-86,200,36,60,154,3,159,2030457
fd00::212:12:12:12,18,0,0,197,215,2040354,43,63,60,12,281,100,-26,201,38,60,101,3,166,2040455
fd00::212:12:12:12,922,0,5,10091,11018,2573057,46,93,60,12,264,100,-68,254,40,60,51,3,203,2573108
fd00::212:12:12:12,18,0,0,197,215,2583108,47,94,60,12,176,100,-49,255,42,60,49,3,147,2583157
fd00::212:12:12:12,18,0,1,196,215,2613261,50,94,60,12,176,100,-49,258,43,60,18446744073709551578,0,147,2613223
fd00::212:12:12:12,687,0,9,7512,8208,3085658,56,101,60,12,185,100,-86,305,46,60,80,3,126,3085738
fd00::212:12:12:12,18,0,0,197,215,3095709,57,102,60,12,170,100,-86,306,48,60,39,3,130,3095748
fd00::212:12:12:12,18,0,0,197,215,3105760,58,103,60,12,162,100,-86,307,50,60,48,3,120,3105808
fd00::212:12:12:12,18,0,0,197,215,3115811,59,104,60,12,187,100,-26,308,52,60,31,3,144,3115842
fd00::212:12:12:12,18,0,1,196,215,3145964,62,104,60,12,187,100,-26,311,53,60,18446744073709551586,1,144,3145934
fd00::212:12:12:12,162,0,3,1778,1943,3256525,65,104,60,12,187,100,-26,322,54,60,18446744073709551584,0,144,3256493
fd00::213:13:13:13,134,0,2,1472,1608,74880,1,0,60,0,0,0,0,0,1,60,543,4,0,75423
fd00::213:13:13:13,19,0,0,210,229,85577,2,0,60,0,0,0,0,1,2,60,432,4,0,86009
fd00::213:13:13:13,19,0,0,210,229,96274,3,0,60,0,0,0,0,2,3,60,447,4,0,96721
fd00::213:13:13:13,19,0,0,210,229,106971,4,0,60,0,0,0,0,3,4,60,496,4,0,107467
fd00::213:13:13:13,635,0,4,6949,7588,481366,7,0,60,0,0,0,0,41,5,60,568,4,0,481934
fd00::213:13:13:13,19,0,0,210,229,492063,8,0,60,0,0,0,0,42,6,60,476,4,0,492539
fd00::213:13:13:13,19,0,0,210,229,502760,9,0,60,0,0,0,0,43,7,60,457,4,0,503217
fd00::213:13:13:13,19,0,0,210,229,513457,10,0,60,0,0,0,0,44,8,60,481,4,0,513938
fd00::213:13:13:13,19,0,0,210,229,524154,11,0,60,0,0,0,0,45,9,60,447,4,0,524601
fd00::213:13:13:13,19,0,0,210,229,534851,12,0,60,0,0,0,0,46,10,60,517,4,0,535368
fd00::213:13:13:13,1039,0,5,11373,12417,1133883,15,0,60,0,0,0,0,106,11,60,462,4,0,1134345
fd00::213:13:13:13,19,0,0,210,229,1144580,16,0,60,0,0,0,0,107,12,60,460,4,0,1145040
fd00::213:13:13:13,19,0,0,210,229,1155277,17,0,60,0,0,0,0,108,13,60,531,4,0,1155808
fd00::213:13:13:13,19,0,0,210,229,1165974,18,0,60,0,0,0,0,109,14,60,510,4,0,1166484
fd00::213:13:13:13,19,0,0,210,229,1176671,19,0,60,0,0,0,0,110,15,60,435,4,0,1177106
fd00::213:13:13:13,673,0,4,7370,8047,1572460,22,0,60,0,0,0,0,150,16,60,433,4,0,1572893
fd00::213:13:13:13,19,0,0,210,229,1583157,23,0,60,0,0,0,0,151,17,60,480,4,0,1583637
fd00::213:13:13:13,19,0,0,210,229,1593854,24,0,60,0,0,0,0,152,18,60,484,4,0,1594338
fd00::213:13:13:13,19,0,0,210,229,1604551,25,0,60,0,0,0,0,153,19,60,505,4,0,1605056
fd00::213:13:13:13,673,0,3,7371,8047,2000340,28,0,60,0,0,0,0,193,20,60,470,4,0,2000810
fd00::213:13:13:13,19,0,0,210,229,2011037,29,0,60,0,0,0,0,194,21,60,454,4,0,2011491
fd00::213:13:13:13,19,0,0,210,229,2021734,30,0,60,0,0,0,0,195,22,60,484,4,0,2022218
fd00::213:13:13:13,19,0,0,210,229,2032431,31,0,60,0,0,0,0,196,23,60,443,4,0,2032874
fd00::213:13:13:13,827,0,6,9053,9886,2513796,34,0,60,0,0,0,0,244,24,60,416,4,0,2514212
fd00::213:13:13:13,19,0,0,210,229,2524493,35,0,60,0,0,0,0,245,25,60,469,4,0,2524962
fd00::213:13:13:13,19,0,0,210,229,2535190,36,0,60,0,0,0,0,246,26,60,474,4,0,2535664
fd00::213:13:13:13,19,0,0,210,229,2545887,37,0,60,0,0,0,0,247,27,60,432,4,0,2546319
fd00::213:13:13:13,19,0,0,210,229,2556584,38,0,60,0,0,0,0,248,28,60,480,4,0,2557064
fd00::213:13:13:13,19,0,0,209,228,2567281,39,0,60,0,0,0,0,249,29,60,468,4,0,2567749
fd00::213:13:13:13,673,0,3,7371,8047,2963070,42,0,60,0,0,0,0,289,30,60,460,4,0,2963530
fd00::213:13:13:13,19,0,0,210,229,2973767,43,0,60,0,0,0,0,290,31,60,463,4,0,2974230
fd00::213:13:13:13,19,0,0,210,229,2984464,44,0,60,0,0,0,0,291,32,60,520,4,0,2984984
fd00::213:13:13:13,19,0,0,210,229,2995161,45,0,60,0,0,0,0,292,33,60,480,4,0,2995641
fd00::213:13:13:13,1020,0,7,11159,12186,3583496,48,0,60,0,0,0,0,351,34,60,437,4,0,3583933
fd00::213:13:13:13,19,0,0,210,229,3594193,49,0,60,0,0,0,0,352,35,60,460,4,0,3594653
