node,bin,bin_start_ms,bin_end_ms,rate_pkts_per_s,kind
fd00::202:2:2:2,20,20000,21000,0.0,server_sent
fd00::202:2:2:2,31,31000,32000,1.0,server_sent
fd00::202:2:2:2,41,41000,42000,1.0,server_sent
fd00::202:2:2:2,52,52000,53000,1.0,server_sent
fd00::202:2:2:2,62,62000,63000,1.0,server_sent
fd00::202:2:2:2,72,72000,73000,1.0,server_sent
fd00::202:2:2:2,83,83000,84000,1.0,server_sent
fd00::202:2:2:2,93,93000,94000,1.0,server_sent
fd00::202:2:2:2,104,104000,105000,1.0,server_sent
fd00::202:2:2:2,114,114000,115000,1.0,server_sent
fd00::202:2:2:2,125,125000,126000,1.0,server_sent
fd00::202:2:2:2,135,135000,136000,1.0,server_sent
fd00::202:2:2:2,145,145000,146000,1.0,server_sent
fd00::202:2:2:2,156,156000,157000,1.0,server_sent
fd00::202:2:2:2,166,166000,167000,1.0,server_sent
fd00::202:2:2:2,177,177000,178000,1.0,server_sent
fd00::202:2:2:2,187,187000,188000,1.0,server_sent
fd00::202:2:2:2,198,198000,199000,1.0,server_sent
fd00::202:2:2:2,208,208000,209000,1.0,server_sent
fd00::202:2:2:2,218,218000,219000,1.0,server_sent
fd00::202:2:2:2,229,229000,230000,1.0,server_sent
fd00::202:2:2:2,239,239000,240000,1.0,server_sent
fd00::202:2:2:2,250,250000,251000,2.0,server_sent
fd00::202:2:2:2,260,260000,261000,1.0,server_sent
fd00::202:2:2:2,271,271000,272000,1.0,server_sent
fd00::202:2:2:2,281,281000,282000,1.0,server_sent
fd00::202:2:2:2,292,292000,293000,1.0,server_sent
fd00::202:2:2:2,302,302000,303000,1.0,server_sent
fd00::202:2:2:2,312,312000,313000,1.0,server_sent
fd00::202:2:2:2,323,323000,324000,1.0,server_sent
fd00::202:2:2:2,333,333000,334000,1.0,server_sent
fd00::202:2:2:2,344,344000,345000,1.0,server_sent
fd00::202:2:2:2,354,354000,355000,1.0,server_sent
fd00::202:2:2:2,365,365000,366000,1.0,server_sent
fd00::202:2:2:2,375,375000,376000,1.0,server_sent
fd00::202:2:2:2,385,385000,386000,1.0,server_sent
fd00::202:2:2:2,396,396000,397000,1.0,server_sent
fd00::202:2:2:2,406,406000,407000,1.0,server_sent
fd00::202:2:2:2,417,417000,418000,1.0,server_sent
fd00::202:2:2:2,427,427000,428000,1.0,server_sent
fd00::202:2:2:2,438,438000,439000,1.0,server_sent
fd00::202:2:2:2,448,448000,449000,1.0,server_sent
fd00::202:2:2:2,458,458000,459000,1.0,server_sent
fd00::202:2:2:2,469,469000,470000,1.0,server_sent
fd00::202:2:2:2,479,479000,480000,1.0,server_sent
fd00::202:2:2:2,490,490000,491000,2.0,server_sent
fd00::202:2:2:2,500,500000,501000,1.0,server_sent
fd00::202:2:2:2,511,511000,512000,1.0,server_sent
fd00::202:2:2:2,521,521000,522000,1.0,server_sent
fd00::202:2:2:2,531,531000,532000,1.0,server_sent
fd00::202:2:2:2,542,542000,543000,1.0,server_sent
fd00::202:2:2:2,552,552000,553000,1.0,server_sent
fd00::202:2:2:2,563,563000,564000,1.0,server_sent
fd00::202:2:2:2,573,573000,574000,1.0,server_sent
fd00::202:2:2:2,584,584000,585000,1.0,server_sent
fd00::202:2:2:2,594,594000,595000,1.0,server_sent
fd00::202:2:2:2,605,605000,606000,1.0,server_sent
fd00::202:2:2:2,615,615000,616000,1.0,server_sent
fd00::202:2:2:2,625,625000,626000,1.0,server_sent
fd00::202:2:2:2,636,636000,637000,1.0,server_sent
fd00::202:2:2:2,646,646000,647000,1.0,server_sent
fd00::202:2:2:2,657,657000,658000,1.0,server_sent
fd00::202:2:2:2,667,667000,668000,1.0,server_sent
fd00::202:2:2:2,678,678000,679000,1.0,server_sent
fd00::202:2:2:2,688,688000,689000,1.0,server_sent
fd00::202:2:2:2,698,698000,699000,1.0,server_sent
fd00::202:2:2:2,709,709000,710000,1.0,server_sent
fd00::202:2:2:2,719,719000,720000,1.0,server_sent
fd00::202:2:2:2,730,730000,731000,2.0,server_sent
fd00::202:2:2:2,740,740000,741000,1.0,server_sent
fd00::202:2:2:2,751,751000,752000,1.0,server_sent
fd00::202:2:2:2,761,761000,762000,1.0,server_sent
fd00::202:2:2:2,771,771000,772000,1.0,server_sent
fd00::202:2:2:2,782,782000,783000,1.0,server_sent
fd00::202:2:2:2,792,792000,793000,1.0,server_sent
fd00::202:2:2:2,803,803000,804000,1.0,server_sent
fd00::202:2:2:2,813,813000,814000,1.0,server_sent
fd00::202:2:2:2,824,824000,825000,1.0,server_sent
fd00::202:2:2:2,834,834000,835000,1.0,server_sent
fd00::202:2:2:2,844,844000,845000,1.0,server_sent
fd00::202:2:2:2,855,855000,856000,1.0,server_sent
fd00::202:2:2:2,865,865000,866000,1.0,server_sent
fd00::202:2:2:2,876,876000,877000,1.0,server_sent
fd00::202:2:2:2,886,886000,887000,1.0,server_sent
fd00::202:2:2:2,897,897000,898000,1.0,server_sent
fd00::202:2:2:2,907,907000,908000,1.0,server_sent
fd00::202:2:2:2,917,917000,918000,1.0,server_sent
fd00::202:2:2:2,928,928000,929000,1.0,server_sent
fd00::202:2:2:2,938,938000,939000,1.0,server_sent
fd00::202:2:2:2,949,949000,950000,1.0,server_sent
fd00::202:2:2:2,959,959000,960000,1.0,server_sent
fd00::202:2:2:2,970,970000,971000,2.0,server_sent
fd00::202:2:2:2,980,980000,981000,1.0,server_sent
fd00::202:2:2:2,990,990000,991000,1.0,server_sent
fd00::202:2:2:2,1001,1001000,1002000,1.0,server_sent
fd00::202:2:2:2,1011,1011000,1012000,1.0,server_sent
fd00::202:2:2:2,1022,1022000,1023000,1.0,server_sent
fd00::202:2:2:2,1032,1032000,1033000,1.0,server_sent
fd00::202:2:2:2,1043,1043000,1044000,1.0,server_sent
fd00::202:2:2:2,1053,1053000,1054000,1.0,server_sent
fd00::202:2:2:2,1064,1064000,1065000,1.0,server_sent
fd00::202:2:2:2,1074,1074000,1075000,1.0,server_sent
fd00::202:2:2:2,1084,1084000,1085000,1.0,server_sent
fd00::202:2:2:2,1095,1095000,1096000,1.0,server_sent
fd00::202:2:2:2,1105,1105000,1106000,1.0,server_sent
fd00::202:2:2:2,1116,1116000,1117000,1.0,server_sent
fd00::202:2:2:2,1126,1126000,1127000,1.0,server_sent
fd00::202:2:2:2,1137,1137000,1138000,1.0,server_sent
fd00::202:2:2:2,1147,1147000,1148000,1.0,server_sent
fd00::202:2:2:2,1157,1157000,1158000,1.0,server_sent
fd00::202:2:2:2,1168,1168000,1169000,1.0,server_sent
fd00::202:2:2:2,1178,1178000,1179000,1.0,server_sent
fd00::202:2:2:2,1189,1189000,1190000,1.0,server_sent
fd00::202:2:2:2,1199,1199000,1200000,1.0,server_sent
fd00::202:2:2:2,1210,1210000,1211000,2.0,server_sent
fd00::202:2:2:2,1220,1220000,1221000,1.0,server_sent
fd00::202:2:2:2,1230,1230000,1231000,1.0,server_sent
fd00::202:2:2:2,1241,1241000,1242000,1.0,server_sent
fd00::202:2:2:2,1251,1251000,1252000,1.0,server_sent
fd00::202:2:2:2,1262,1262000,1263000,1.0,server_sent
fd00::202:2:2:2,1272,1272000,1273000,1.0,server_sent
fd00::202:2:2:2,1283,1283000,1284000,1.0,server_sent
fd00::202:2:2:2,1293,1293000,1294000,1.0,server_sent
fd00::202:2:2:2,1304,1304000,1305000,1.0,server_sent
fd00::202:2:2:2,1314,1314000,1315000,1.0,server_sent
fd00::202:2:2:2,1324,1324000,1325000,1.0,server_sent
fd00::202:2:2:2,1335,1335000,1336000,1.0,server_sent
fd00::202:2:2:2,1345,1345000,1346000,1.0,server_sent
fd00::202:2:2:2,1356,1356000,1357000,1.0,server_sent
fd00::202:2:2:2,1366,1366000,1367000,1.0,server_sent
fd00::202:2:2:2,1377,1377000,1378000,1.0,server_sent
fd00::202:2:2:2,1387,1387000,1388000,1.0,server_sent
fd00::202:2:2:2,1397,1397000,1398000,1.0,server_sent
fd00::202:2:2:2,1408,1408000,1409000,1.0,server_sent
fd00::202:2:2:2,1418,1418000,1419000,1.0,server_sent
fd00::202:2:2:2,1429,1429000,1430000,1.0,server_sent
fd00::202:2:2:2,1439,1439000,1440000,1.0,server_sent
fd00::202:2:2:2,1450,1450000,1451000,2.0,server_sent
fd00::202:2:2:2,1460,1460000,1461000,1.0,server_sent
fd00::202:2:2:2,1470,1470000,1471000,1.0,server_sent
fd00::202:2:2:2,1481,1481000,1482000,1.0,server_sent
fd00::202:2:2:2,1491,1491000,1492000,1.0,server_sent
fd00::202:2:2:2,1502,1502000,1503000,1.0,server_sent
fd00::202:2:2:2,1512,1512000,1513000,1.0,server_sent
fd00::202:2:2:2,1523,1523000,1524000,1.0,server_sent
fd00::202:2:2:2,1533,1533000,1534000,1.0,server_sent
fd00::202:2:2:2,1543,1543000,1544000,1.0,server_sent
fd00::202:2:2:2,1554,1554000,1555000,1.0,server_sent
fd00::202:2:2:2,1564,1564000,1565000,1.0,server_sent
fd00::202:2:2:2,1575,1575000,1576000,1.0,server_sent
fd00::202:2:2:2,1585,1585000,1586000,1.0,server_sent
fd00::202:2:2:2,1596,1596000,1597000,1.0,server_sent
fd00::202:2:2:2,1606,1606000,1607000,1.0,server_sent
fd00::202:2:2:2,1616,1616000,1617000,1.0,server_sent
fd00::202:2:2:2,1627,1627000,1628000,1.0,server_sent
fd00::202:2:2:2,1637,1637000,1638000,1.0,server_sent
fd00::202:2:2:2,1648,1648000,1649000,1.0,server_sent
fd00::202:2:2:2,1658,1658000,1659000,1.0,server_sent
fd00::202:2:2:2,1669,1669000,1670000,1.0,server_sent
fd00::202:2:2:2,1679,1679000,1680000,1.0,server_sent
fd00::202:2:2:2,1690,1690000,1691000,2.0,server_sent
fd00::202:2:2:2,1700,1700000,1701000,1.0,server_sent
fd00::202:2:2:2,1710,1710000,1711000,1.0,server_sent
fd00::202:2:2:2,1721,1721000,1722000,1.0,server_sent
fd00::202:2:2:2,1731,1731000,1732000,1.0,server_sent
fd00::202:2:2:2,1742,1742000,1743000,1.0,server_sent
fd00::202:2:2:2,1752,1752000,1753000,1.0,server_sent
fd00::202:2:2:2,1763,1763000,1764000,1.0,server_sent
fd00::202:2:2:2,1773,1773000,1774000,1.0,server_sent
fd00::202:2:2:2,1783,1783000,1784000,1.0,server_sent
fd00::202:2:2:2,1794,1794000,1795000,1.0,server_sent
fd00::202:2:2:2,1804,1804000,1805000,1.0,server_sent
fd00::202:2:2:2,1815,1815000,1816000,1.0,server_sent
fd00::202:2:2:2,1825,1825000,1826000,1.0,server_sent
fd00::202:2:2:2,1836,1836000,1837000,1.0,server_sent
fd00::202:2:2:2,1846,1846000,1847000,1.0,server_sent
fd00::202:2:2:2,1856,1856000,1857000,1.0,server_sent
fd00::202:2:2:2,1867,1867000,1868000,1.0,server_sent
fd00::202:2:2:2,1877,1877000,1878000,1.0,server_sent
fd00::202:2:2:2,1888,1888000,1889000,1.0,server_sent
fd00::202:2:2:2,1898,1898000,1899000,1.0,server_sent
fd00::202:2:2:2,1909,1909000,1910000,1.0,server_sent
fd00::202:2:2:2,1919,1919000,1920000,1.0,server_sent
fd00::202:2:2:2,1930,1930000,1931000,2.0,server_sent
fd00::202:2:2:2,1940,1940000,1941000,1.0,server_sent
fd00::202:2:2:2,1950,1950000,1951000,1.0,server_sent
fd00::202:2:2:2,1961,1961000,1962000,1.0,server_sent
fd00::202:2:2:2,1971,1971000,1972000,1.0,server_sent
fd00::202:2:2:2,1982,1982000,1983000,1.0,server_sent
fd00::202:2:2:2,1992,1992000,1993000,1.0,server_sent
fd00::202:2:2:2,2003,2003000,2004000,1.0,server_sent
fd00::202:2:2:2,2013,2013000,2014000,1.0,server_sent
fd00::202:2:2:2,2023,2023000,2024000,1.0,server_sent
fd00::202:2:2:2,2034,2034000,2035000,1.0,server_sent
fd00::202:2:2:2,2044,2044000,2045000,1.0,server_sent
fd00::202:2:2:2,2055,2055000,2056000,1.0,server_sent
fd00::202:2:2:2,2065,2065000,2066000,1.0,server_sent
fd00::202:2:2:2,2076,2076000,2077000,1.0,server_sent
fd00::202:2:2:2,2086,2086000,2087000,1.0,server_sent
fd00::202:2:2:2,2096,2096000,2097000,1.0,server_sent
fd00::202:2:2:2,2107,2107000,2108000,1.0,server_sent
fd00::202:2:2:2,2117,2117000,2118000,1.0,server_sent
fd00::202:2:2:2,2128,2128000,2129000,1.0,server_sent
fd00::202:2:2:2,2138,2138000,2139000,1.0,server_sent
fd00::202:2:2:2,2149,2149000,2150000,1.0,server_sent
fd00::202:2:2:2,2159,2159000,2160000,1.0,server_sent
fd00::202:2:2:2,2169,2169000,2170000,1.0,server_sent
fd00::202:2:2:2,2180,2180000,2181000,2.0,server_sent
fd00::202:2:2:2,2190,2190000,2191000,1.0,server_sent
fd00::202:2:2:2,2201,2201000,2202000,1.0,server_sent
fd00::202:2:2:2,2211,2211000,2212000,1.0,server_sent
fd00::202:2:2:2,2222,2222000,2223000,1.0,server_sent
fd00::202:2:2:2,2232,2232000,2233000,1.0,server_sent
fd00::202:2:2:2,2242,2242000,2243000,1.0,server_sent
fd00::202:2:2:2,2253,2253000,2254000,1.0,server_sent
fd00::202:2:2:2,2263,2263000,2264000,1.0,server_sent
fd00::202:2:2:2,2274,2274000,2275000,1.0,server_sent
fd00::202:2:2:2,2284,2284000,2285000,1.0,server_sent
fd00::202:2:2:2,2295,2295000,2296000,1.0,server_sent
fd00::202:2:2:2,2305,2305000,2306000,1.0,server_sent
fd00::202:2:2:2,2316,2316000,2317000,1.0,server_sent
fd00::202:2:2:2,2326,2326000,2327000,1.0,server_sent
fd00::202:2:2:2,2336,2336000,2337000,1.0,server_sent
fd00::202:2:2:2,2347,2347000,2348000,1.0,server_sent
fd00::202:2:2:2,2357,2357000,2358000,1.0,server_sent
fd00::202:2:2:2,2368,2368000,2369000,1.0,server_sent
fd00::202:2:2:2,2378,2378000,2379000,1.0,server_sent
fd00::202:2:2:2,2389,2389000,2390000,1.0,server_sent
fd00::202:2:2:2,2399,2399000,2400000,1.0,server_sent
fd00::202:2:2:2,2409,2409000,2410000,1.0,server_sent
fd00::202:2:2:2,2420,2420000,2421000,2.0,server_sent
fd00::202:2:2:2,2430,2430000,2431000,1.0,server_sent
fd00::202:2:2:2,2441,2441000,2442000,1.0,server_sent
fd00::202:2:2:2,2451,2451000,2452000,1.0,server_sent
fd00::202:2:2:2,2462,2462000,2463000,1.0,server_sent
fd00::202:2:2:2,2472,2472000,2473000,1.0,server_sent
fd00::202:2:2:2,2482,2482000,2483000,1.0,server_sent
fd00::202:2:2:2,2493,2493000,2494000,1.0,server_sent
fd00::202:2:2:2,2503,2503000,2504000,1.0,server_sent
fd00::202:2:2:2,2514,2514000,2515000,1.0,server_sent
fd00::202:2:2:2,2524,2524000,2525000,1.0,server_sent
fd00::202:2:2:2,2535,2535000,2536000,1.0,server_sent
fd00::202:2:2:2,2545,2545000,2546000,1.0,server_sent
fd00::202:2:2:2,2555,2555000,2556000,1.0,server_sent
fd00::202:2:2:2,2566,2566000,2567000,1.0,server_sent
fd00::202:2:2:2,2576,2576000,2577000,1.0,server_sent
fd00::202:2:2:2,2587,2587000,2588000,1.0,server_sent
fd00::202:2:2:2,2597,2597000,2598000,1.0,server_sent
fd00::202:2:2:2,2608,2608000,2609000,1.0,server_sent
fd00::202:2:2:2,2618,2618000,2619000,1.0,server_sent
fd00::202:2:2:2,2629,2629000,2630000,1.0,server_sent
fd00::202:2:2:2,2639,2639000,2640000,1.0,server_sent
fd00::202:2:2:2,2649,2649000,2650000,1.0,server_sent
fd00::202:2:2:2,2660,2660000,2661000,2.0,server_sent
fd00::202:2:2:2,2670,2670000,2671000,1.0,server_sent
fd00::202:2:2:2,2681,2681000,2682000,1.0,server_sent
fd00::202:2:2:2,2691,2691000,2692000,1.0,server_sent
fd00::202:2:2:2,2702,2702000,2703000,1.0,server_sent
fd00::202:2:2:2,2712,2712000,2713000,1.0,server_sent
fd00::202:2:2:2,2722,2722000,2723000,1.0,server_sent
fd00::202:2:2:2,2733,2733000,2734000,1.0,server_sent
fd00::202:2:2:2,2743,2743000,2744000,1.0,server_sent
fd00::202:2:2:2,2754,2754000,2755000,1.0,server_sent
fd00::202:2:2:2,2764,2764000,2765000,1.0,server_sent
fd00::202:2:2:2,2775,2775000,2776000,1.0,server_sent
fd00::202:2:2:2,2785,2785000,2786000,1.0,server_sent
fd00::202:2:2:2,2795,2795000,2796000,1.0,server_sent
fd00::202:2:2:2,2806,2806000,2807000,1.0,server_sent
fd00::202:2:2:2,2816,2816000,2817000,1.0,server_sent
fd00::202:2:2:2,2827,2827000,2828000,1.0,server_sent
fd00::202:2:2:2,2837,2837000,2838000,1.0,server_sent
fd00::202:2:2:2,2848,2848000,2849000,1.0,server_sent
fd00::202:2:2:2,2858,2858000,2859000,1.0,server_sent
fd00::202:2:2:2,2868,2868000,2869000,1.0,server_sent
fd00::202:2:2:2,2879,2879000,2880000,1.0,server_sent
fd00::202:2:2:2,2889,2889000,2890000,1.0,server_sent
fd00::202:2:2:2,2900,2900000,2901000,2.0,server_sent
fd00::202:2:2:2,2910,2910000,2911000,1.0,server_sent
fd00::202:2:2:2,2921,2921000,2922000,1.0,server_sent
fd00::202:2:2:2,2931,2931000,2932000,1.0,server_sent
fd00::202:2:2:2,2942,2942000,2943000,1.0,server_sent
fd00::202:2:2:2,2952,2952000,2953000,1.0,server_sent
fd00::202:2:2:2,2962,2962000,2963000,1.0,server_sent
fd00::202:2:2:2,2973,2973000,2974000,1.0,server_sent
fd00::202:2:2:2,2983,2983000,2984000,1.0,server_sent
fd00::202:2:2:2,2994,2994000,2995000,1.0,server_sent
fd00::202:2:2:2,3004,3004000,3005000,1.0,server_sent
fd00::202:2:2:2,3015,3015000,3016000,1.0,server_sent
fd00::202:2:2:2,3025,3025000,3026000,1.0,server_sent
fd00::202:2:2:2,3035,3035000,3036000,1.0,server_sent
fd00::202:2:2:2,3046,3046000,3047000,1.0,server_sent
fd00::202:2:2:2,3056,3056000,3057000,1.0,server_sent
fd00::202:2:2:2,3067,3067000,3068000,1.0,server_sent
fd00::202:2:2:2,3077,3077000,3078000,1.0,server_sent
fd00::202:2:2:2,3088,3088000,3089000,1.0,server_sent
fd00::202:2:2:2,3098,3098000,3099000,1.0,server_sent
fd00::202:2:2:2,3108,3108000,3109000,1.0,server_sent
fd00::202:2:2:2,3119,3119000,3120000,1.0,server_sent
fd00::202:2:2:2,3129,3129000,3130000,1.0,server_sent
fd00::202:2:2:2,3140,3140000,3141000,2.0,server_sent
fd00::202:2:2:2,3150,3150000,3151000,1.0,server_sent
fd00::202:2:2:2,3161,3161000,3162000,1.0,server_sent
fd00::202:2:2:2,3171,3171000,3172000,1.0,server_sent
fd00::202:2:2:2,3181,3181000,3182000,1.0,server_sent
fd00::202:2:2:2,3192,3192000,3193000,1.0,server_sent
fd00::202:2:2:2,3202,3202000,3203000,1.0,server_sent
fd00::202:2:2:2,3213,3213000,3214000,1.0,server_sent
fd00::202:2:2:2,3223,3223000,3224000,1.0,server_sent
fd00::202:2:2:2,3234,3234000,3235000,1.0,server_sent
fd00::202:2:2:2,3244,3244000,3245000,1.0,server_sent
fd00::202:2:2:2,3254,3254000,3255000,1.0,server_sent
fd00::202:2:2:2,3265,3265000,3266000,1.0,server_sent
fd00::202:2:2:2,3275,3275000,3276000,1.0,server_sent
fd00::202:2:2:2,3286,3286000,3287000,1.0,server_sent
fd00::202:2:2:2,3296,3296000,3297000,1.0,server_sent
fd00::202:2:2:2,3307,3307000,3308000,1.0,server_sent
fd00::202:2:2:2,3317,3317000,3318000,1.0,server_sent
fd00::202:2:2:2,3328,3328000,3329000,1.0,server_sent
fd00::202:2:2:2,3338,3338000,3339000,1.0,server_sent
fd00::202:2:2:2,3348,3348000,3349000,1.0,server_sent
fd00::202:2:2:2,3359,3359000,3360000,1.0,server_sent
fd00::202:2:2:2,3369,3369000,3370000,1.0,server_sent
fd00::202:2:2:2,3380,3380000,3381000,2.0,server_sent
fd00::202:2:2:2,3390,3390000,3391000,1.0,server_sent
fd00::202:2:2:2,3401,3401000,3402000,1.0,server_sent
fd00::202:2:2:2,3411,3411000,3412000,1.0,server_sent
fd00::202:2:2:2,3421,3421000,3422000,1.0,server_sent
fd00::202:2:2:2,3432,3432000,3433000,1.0,server_sent
fd00::202:2:2:2,3442,3442000,3443000,1.0,server_sent
fd00::202:2:2:2,3453,3453000,3454000,1.0,server_sent
fd00::202:2:2:2,3463,3463000,3464000,1.0,server_sent
fd00::202:2:2:2,3474,3474000,3475000,1.0,server_sent
fd00::202:2:2:2,3484,3484000,3485000,1.0,server_sent
fd00::202:2:2:2,3494,3494000,3495000,1.0,server_sent
fd00::202:2:2:2,3505,3505000,3506000,1.0,server_sent
fd00::202:2:2:2,3515,3515000,3516000,1.0,server_sent
fd00::202:2:2:2,3526,3526000,3527000,1.0,server_sent
fd00::202:2:2:2,3536,3536000,3537000,1.0,server_sent
fd00::202:2:2:2,3547,3547000,3548000,1.0,server_sent
fd00::202:2:2:2,3557,3557000,3558000,1.0,server_sent
fd00::202:2:2:2,3567,3567000,3568000,1.0,server_sent
fd00::202:2:2:2,3578,3578000,3579000,1.0,server_sent
fd00::202:2:2:2,3588,3588000,3589000,1.0,server_sent
fd00::202:2:2:2,3599,3599000,3600000,1.0,server_sent
fd00::203:3:3:3,33,33000,34000,0.0,server_sent
fd00::203:3:3:3,44,44000,45000,1.0,server_sent
fd00::203:3:3:3,55,55000,56000,1.0,server_sent
fd00::203:3:3:3,66,66000,67000,1.0,server_sent
fd00::203:3:3:3,77,77000,78000,1.0,server_sent
fd00::203:3:3:3,88,88000,89000,1.0,server_sent
fd00::203:3:3:3,99,99000,100000,1.0,server_sent
fd00::203:3:3:3,110,110000,111000,2.0,server_sent
fd00::203:3:3:3,121,121000,122000,1.0,server_sent
fd00::203:3:3:3,132,132000,133000,1.0,server_sent
fd00::203:3:3:3,142,142000,143000,1.0,server_sent
fd00::203:3:3:3,153,153000,154000,1.0,server_sent
fd00::203:3:3:3,164,164000,165000,1.0,server_sent
fd00::203:3:3:3,175,175000,176000,1.0,server_sent
fd00::203:3:3:3,186,186000,187000,1.0,server_sent
fd00::203:3:3:3,197,197000,198000,1.0,server_sent
fd00::203:3:3:3,208,208000,209000,1.0,server_sent
fd00::203:3:3:3,219,219000,220000,1.0,server_sent
fd00::203:3:3:3,230,230000,231000,2.0,server_sent
fd00::203:3:3:3,241,241000,242000,1.0,server_sent
fd00::203:3:3:3,252,252000,253000,1.0,server_sent
fd00::203:3:3:3,263,263000,264000,1.0,server_sent
fd00::203:3:3:3,274,274000,275000,1.0,server_sent
fd00::203:3:3:3,285,285000,286000,1.0,server_sent
fd00::203:3:3:3,296,296000,297000,1.0,server_sent
fd00::203:3:3:3,307,307000,308000,1.0,server_sent
fd00::203:3:3:3,318,318000,319000,1.0,server_sent
fd00::203:3:3:3,329,329000,330000,1.0,server_sent
fd00::203:3:3:3,340,340000,341000,2.0,server_sent
fd00::203:3:3:3,351,351000,352000,1.0,server_sent
fd00::203:3:3:3,362,362000,363000,1.0,server_sent
fd00::203:3:3:3,373,373000,374000,1.0,server_sent
fd00::203:3:3:3,383,383000,384000,1.0,server_sent
fd00::203:3:3:3,394,394000,395000,1.0,server_sent
fd00::203:3:3:3,405,405000,406000,1.0,server_sent
fd00::203:3:3:3,416,416000,417000,1.0,server_sent
fd00::203:3:3:3,427,427000,428000,1.0,server_sent
fd00::203:3:3:3,438,438000,439000,1.0,server_sent
fd00::203:3:3:3,449,449000,450000,1.0,server_sent
fd00::203:3:3:3,460,460000,461000,2.0,server_sent
fd00::203:3:3:3,471,471000,472000,1.0,server_sent
fd00::203:3:3:3,482,482000,483000,1.0,server_sent
fd00::203:3:3:3,493,493000,494000,1.0,server_sent
fd00::203:3:3:3,504,504000,505000,1.0,server_sent
fd00::203:3:3:3,515,515000,516000,1.0,server_sent
fd00::203:3:3:3,526,526000,527000,1.0,server_sent
fd00::203:3:3:3,537,537000,538000,1.0,server_sent
fd00::203:3:3:3,548,548000,549000,1.0,server_sent
fd00::203:3:3:3,559,559000,560000,1.0,server_sent
fd00::203:3:3:3,570,570000,571000,2.0,server_sent
fd00::203:3:3:3,581,581000,582000,1.0,server_sent
fd00::203:3:3:3,592,592000,593000,1.0,server_sent
fd00::203:3:3:3,603,603000,604000,1.0,server_sent
fd00::203:3:3:3,613,613000,614000,1.0,server_sent
fd00::203:3:3:3,624,624000,625000,1.0,server_sent
fd00::203:3:3:3,635,635000,636000,1.0,server_sent
fd00::203:3:3:3,646,646000,647000,1.0,server_sent
fd00::203:3:3:3,657,657000,658000,1.0,server_sent
fd00::203:3:3:3,668,668000,669000,1.0,server_sent
fd00::203:3:3:3,679,679000,680000,1.0,server_sent
fd00::203:3:3:3,690,690000,691000,2.0,server_sent
fd00::203:3:3:3,701,701000,702000,1.0,server_sent
fd00::203:3:3:3,712,712000,713000,1.0,server_sent
fd00::203:3:3:3,723,723000,724000,1.0,server_sent
fd00::203:3:3:3,734,734000,735000,1.0,server_sent
fd00::203:3:3:3,745,745000,746000,1.0,server_sent
fd00::203:3:3:3,756,756000,757000,1.0,server_sent
fd00::203:3:3:3,767,767000,768000,1.0,server_sent
fd00::203:3:3:3,778,778000,779000,1.0,server_sent
fd00::203:3:3:3,789,789000,790000,1.0,server_sent
fd00::203:3:3:3,800,800000,801000,2.0,server_sent
fd00::203:3:3:3,811,811000,812000,1.0,server_sent
fd00::203:3:3:3,822,822000,823000,1.0,server_sent
fd00::203:3:3:3,833,833000,834000,1.0,server_sent
fd00::203:3:3:3,844,844000,845000,1.0,server_sent
fd00::203:3:3:3,854,854000,855000,1.0,server_sent
fd00::203:3:3:3,865,865000,866000,1.0,server_sent
fd00::203:3:3:3,876,876000,877000,1.0,server_sent
fd00::203:3:3:3,887,887000,888000,1.0,server_sent
fd00::203:3:3:3,898,898000,899000,1.0,server_sent
fd00::203:3:3:3,909,909000,910000,1.0,server_sent
fd00::203:3:3:3,920,920000,921000,2.0,server_sent
fd00::203:3:3:3,931,931000,932000,1.0,server_sent
fd00::203:3:3:3,942,942000,943000,1.0,server_sent
fd00::203:3:3:3,953,953000,954000,1.0,server_sent
fd00::203:3:3:3,964,964000,965000,1.0,server_sent
fd00::203:3:3:3,975,975000,976000,1.0,server_sent
fd00::203:3:3:3,986,986000,987000,1.0,server_sent
fd00::203:3:3:3,997,997000,998000,1.0,server_sent
fd00::203:3:3:3,1008,1008000,1009000,1.0,server_sent
fd00::203:3:3:3,1019,1019000,1020000,1.0,server_sent
fd00::203:3:3:3,1030,1030000,1031000,2.0,server_sent
fd00::203:3:3:3,1041,1041000,1042000,1.0,server_sent
fd00::203:3:3:3,1052,1052000,1053000,1.0,server_sent
fd00::203:3:3:3,1063,1063000,1064000,1.0,server_sent
fd00::203:3:3:3,1074,1074000,1075000,1.0,server_sent
fd00::203:3:3:3,1085,1085000,1086000,1.0,server_sent
fd00::203:3:3:3,1095,1095000,1096000,1.0,server_sent
fd00::203:3:3:3,1106,1106000,1107000,1.0,server_sent
fd00::203:3:3:3,1117,1117000,1118000,1.0,server_sent
fd00::203:3:3:3,1128,1128000,1129000,1.0,server_sent
fd00::203:3:3:3,1139,1139000,1140000,1.0,server_sent
fd00::203:3:3:3,1150,1150000,1151000,2.0,server_sent
fd00::203:3:3:3,1161,1161000,1162000,1.0,server_sent
fd00::203:3:3:3,1172,1172000,1173000,1.0,server_sent
fd00::203:3:3:3,1183,1183000,1184000,1.0,server_sent
fd00::203:3:3:3,1194,1194000,1195000,1.0,server_sent
fd00::203:3:3:3,1205,1205000,1206000,1.0,server_sent
fd00::203:3:3:3,1216,1216000,1217000,1.0,server_sent
fd00::203:3:3:3,1227,1227000,1228000,1.0,server_sent
fd00::203:3:3:3,1238,1238000,1239000,1.0,server_sent
fd00::203:3:3:3,1249,1249000,1250000,1.0,server_sent
fd00::203:3:3:3,1260,1260000,1261000,2.0,server_sent
fd00::203:3:3:3,1271,1271000,1272000,1.0,server_sent
fd00::203:3:3:3,1282,1282000,1283000,1.0,server_sent
fd00::203:3:3:3,1293,1293000,1294000,1.0,server_sent
fd00::203:3:3:3,1304,1304000,1305000,1.0,server_sent
fd00::203:3:3:3,1315,1315000,1316000,1.0,server_sent
fd00::203:3:3:3,1325,1325000,1326000,1.0,server_sent
fd00::203:3:3:3,1336,1336000,1337000,1.0,server_sent
fd00::203:3:3:3,1347,1347000,1348000,1.0,server_sent
fd00::203:3:3:3,1358,1358000,1359000,1.0,server_sent
fd00::203:3:3:3,1369,1369000,1370000,1.0,server_sent
fd00::203:3:3:3,1380,1380000,1381000,2.0,server_sent
fd00::203:3:3:3,1391,1391000,1392000,1.0,server_sent
fd00::203:3:3:3,1402,1402000,1403000,1.0,server_sent
fd00::203:3:3:3,1413,1413000,1414000,1.0,server_sent
fd00::203:3:3:3,1424,1424000,1425000,1.0,server_sent
fd00::203:3:3:3,1435,1435000,1436000,1.0,server_sent
fd00::203:3:3:3,1446,1446000,1447000,1.0,server_sent
fd00::203:3:3:3,1457,1457000,1458000,1.0,server_sent
fd00::203:3:3:3,1468,1468000,1469000,1.0,server_sent
fd00::203:3:3:3,1479,1479000,1480000,1.0,server_sent
fd00::203:3:3:3,1490,1490000,1491000,2.0,server_sent
fd00::203:3:3:3,1501,1501000,1502000,1.0,server_sent
fd00::203:3:3:3,1512,1512000,1513000,1.0,server_sent
fd00::203:3:3:3,1523,1523000,1524000,1.0,server_sent
fd00::203:3:3:3,1534,1534000,1535000,1.0,server_sent
fd00::203:3:3:3,1545,1545000,1546000,1.0,server_sent
fd00::203:3:3:3,1556,1556000,1557000,1.0,server_sent
fd00::203:3:3:3,1566,1566000,1567000,1.0,server_sent
fd00::203:3:3:3,1577,1577000,1578000,1.0,server_sent
fd00::203:3:3:3,1588,1588000,1589000,1.0,server_sent
fd00::203:3:3:3,1599,1599000,1600000,1.0,server_sent
fd00::203:3:3:3,1610,1610000,1611000,2.0,server_sent
fd00::203:3:3:3,1621,1621000,1622000,1.0,server_sent
fd00::203:3:3:3,1632,1632000,1633000,1.0,server_sent
fd00::203:3:3:3,1643,1643000,1644000,1.0,server_sent
fd00::203:3:3:3,1654,1654000,1655000,1.0,server_sent
fd00::203:3:3:3,1665,1665000,1666000,1.0,server_sent
fd00::203:3:3:3,1676,1676000,1677000,1.0,server_sent
fd00::203:3:3:3,1687,1687000,1688000,1.0,server_sent
fd00::203:3:3:3,1698,1698000,1699000,1.0,server_sent
fd00::203:3:3:3,1709,1709000,1710000,1.0,server_sent
fd00::203:3:3:3,1720,1720000,1721000,2.0,server_sent
fd00::203:3:3:3,1731,1731000,1732000,1.0,server_sent
fd00::203:3:3:3,1742,1742000,1743000,1.0,server_sent
fd00::203:3:3:3,1753,1753000,1754000,1.0,server_sent
fd00::203:3:3:3,1764,1764000,1765000,1.0,server_sent
fd00::203:3:3:3,1775,1775000,1776000,1.0,server_sent
fd00::203:3:3:3,1786,1786000,1787000,1.0,server_sent
fd00::203:3:3:3,1797,1797000,1798000,1.0,server_sent
fd00::203:3:3:3,1807,1807000,1808000,1.0,server_sent
fd00::203:3:3:3,1818,1818000,1819000,1.0,server_sent
fd00::203:3:3:3,1829,1829000,1830000,1.0,server_sent
fd00::203:3:3:3,1840,1840000,1841000,2.0,server_sent
fd00::203:3:3:3,1851,1851000,1852000,1.0,server_sent
fd00::203:3:3:3,1862,1862000,1863000,1.0,server_sent
fd00::203:3:3:3,1873,1873000,1874000,1.0,server_sent
fd00::203:3:3:3,1884,1884000,1885000,1.0,server_sent
fd00::203:3:3:3,1895,1895000,1896000,1.0,server_sent
fd00::203:3:3:3,1906,1906000,1907000,1.0,server_sent
fd00::203:3:3:3,1917,1917000,1918000,1.0,server_sent
fd00::203:3:3:3,1928,1928000,1929000,1.0,server_sent
fd00::203:3:3:3,1939,1939000,1940000,1.0,server_sent
fd00::203:3:3:3,1950,1950000,1951000,2.0,server_sent
fd00::203:3:3:3,1961,1961000,1962000,1.0,server_sent
fd00::203:3:3:3,1972,1972000,1973000,1.0,server_sent
fd00::203:3:3:3,1983,1983000,1984000,1.0,server_sent
fd00::203:3:3:3,1994,1994000,1995000,1.0,server_sent
fd00::203:3:3:3,2005,2005000,2006000,1.0,server_sent
fd00::203:3:3:3,2016,2016000,2017000,1.0,server_sent
fd00::203:3:3:3,2027,2027000,2028000,1.0,server_sent
fd00::203:3:3:3,2038,2038000,2039000,1.0,server_sent
fd00::203:3:3:3,2048,2048000,2049000,1.0,server_sent
fd00::203:3:3:3,2059,2059000,2060000,1.0,server_sent
fd00::203:3:3:3,2070,2070000,2071000,2.0,server_sent
fd00::203:3:3:3,2081,2081000,2082000,1.0,server_sent
fd00::203:3:3:3,2092,2092000,2093000,1.0,server_sent
fd00::203:3:3:3,2103,2103000,2104000,1.0,server_sent
fd00::203:3:3:3,2114,2114000,2115000,1.0,server_sent
fd00::203:3:3:3,2125,2125000,2126000,1.0,server_sent
fd00::203:3:3:3,2136,2136000,2137000,1.0,server_sent
fd00::203:3:3:3,2147,2147000,2148000,1.0,server_sent
fd00::203:3:3:3,2158,2158000,2159000,1.0,server_sent
fd00::203:3:3:3,2169,2169000,2170000,1.0,server_sent
fd00::203:3:3:3,2180,2180000,2181000,2.0,server_sent
fd00::203:3:3:3,2191,2191000,2192000,1.0,server_sent
fd00::203:3:3:3,2202,2202000,2203000,1.0,server_sent
fd00::203:3:3:3,2213,2213000,2214000,1.0,server_sent
fd00::203:3:3:3,2224,2224000,2225000,1.0,server_sent
fd00::203:3:3:3,2235,2235000,2236000,1.0,server_sent
fd00::203:3:3:3,2246,2246000,2247000,1.0,server_sent
fd00::203:3:3:3,2257,2257000,2258000,1.0,server_sent
fd00::203:3:3:3,2268,2268000,2269000,1.0,server_sent
fd00::203:3:3:3,2279,2279000,2280000,1.0,server_sent
fd00::203:3:3:3,2289,2289000,2290000,1.0,server_sent
fd00::203:3:3:3,2300,2300000,2301000,2.0,server_sent
fd00::203:3:3:3,2311,2311000,2312000,1.0,server_sent
fd00::203:3:3:3,2322,2322000,2323000,1.0,server_sent
fd00::203:3:3:3,2333,2333000,2334000,1.0,server_sent
fd00::203:3:3:3,2344,2344000,2345000,1.0,server_sent
fd00::203:3:3:3,2355,2355000,2356000,1.0,server_sent
fd00::203:3:3:3,2366,2366000,2367000,1.0,server_sent
fd00::203:3:3:3,2377,2377000,2378000,1.0,server_sent
fd00::203:3:3:3,2388,2388000,2389000,1.0,server_sent
fd00::203:3:3:3,2399,2399000,2400000,1.0,server_sent
fd00::203:3:3:3,2410,2410000,2411000,2.0,server_sent
fd00::203:3:3:3,2421,2421000,2422000,1.0,server_sent
fd00::203:3:3:3,2432,2432000,2433000,1.0,server_sent
fd00::203:3:3:3,2443,2443000,2444000,1.0,server_sent
fd00::203:3:3:3,2454,2454000,2455000,1.0,server_sent
fd00::203:3:3:3,2465,2465000,2466000,1.0,server_sent
fd00::203:3:3:3,2476,2476000,2477000,1.0,server_sent
fd00::203:3:3:3,2487,2487000,2488000,1.0,server_sent
fd00::203:3:3:3,2498,2498000,2499000,1.0,server_sent
fd00::203:3:3:3,2509,2509000,2510000,1.0,server_sent
fd00::203:3:3:3,2520,2520000,2521000,2.0,server_sent
fd00::203:3:3:3,2530,2530000,2531000,1.0,server_sent
fd00::203:3:3:3,2541,2541000,2542000,1.0,server_sent
fd00::203:3:3:3,2552,2552000,2553000,1.0,server_sent
fd00::203:3:3:3,2563,2563000,2564000,1.0,server_sent
fd00::203:3:3:3,2574,2574000,2575000,1.0,server_sent
fd00::203:3:3:3,2585,2585000,2586000,1.0,server_sent
fd00::203:3:3:3,2596,2596000,2597000,1.0,server_sent
fd00::203:3:3:3,2607,2607000,2608000,1.0,server_sent
fd00::203:3:3:3,2618,2618000,2619000,1.0,server_sent
fd00::203:3:3:3,2629,2629000,2630000,1.0,server_sent
fd00::203:3:3:3,2640,2640000,2641000,2.0,server_sent
fd00::203:3:3:3,2651,2651000,2652000,1.0,server_sent
fd00::203:3:3:3,2662,2662000,2663000,1.0,server_sent
fd00::203:3:3:3,2673,2673000,2674000,1.0,server_sent
fd00::203:3:3:3,2684,2684000,2685000,1.0,server_sent
fd00::203:3:3:3,2695,2695000,2696000,1.0,server_sent
fd00::203:3:3:3,2706,2706000,2707000,1.0,server_sent
fd00::203:3:3:3,2717,2717000,2718000,1.0,server_sent
fd00::203:3:3:3,2728,2728000,2729000,1.0,server_sent
fd00::203:3:3:3,2739,2739000,2740000,1.0,server_sent
fd00::203:3:3:3,2750,2750000,2751000,2.0,server_sent
fd00::203:3:3:3,2760,2760000,2761000,1.0,server_sent
fd00::203:3:3:3,2771,2771000,2772000,1.0,server_sent
fd00::203:3:3:3,2782,2782000,2783000,1.0,server_sent
fd00::203:3:3:3,2793,2793000,2794000,1.0,server_sent
fd00::203:3:3:3,2804,2804000,2805000,1.0,server_sent
fd00::203:3:3:3,2815,2815000,2816000,1.0,server_sent
fd00::203:3:3:3,2826,2826000,2827000,1.0,server_sent
fd00::203:3:3:3,2837,2837000,2838000,1.0,server_sent
fd00::203:3:3:3,2848,2848000,2849000,1.0,server_sent
fd00::203:3:3:3,2859,2859000,2860000,1.0,server_sent
fd00::203:3:3:3,2870,2870000,2871000,2.0,server_sent
fd00::203:3:3:3,2881,2881000,2882000,1.0,server_sent
fd00::203:3:3:3,2892,2892000,2893000,1.0,server_sent
fd00::203:3:3:3,2903,2903000,2904000,1.0,server_sent
fd00::203:3:3:3,2914,2914000,2915000,1.0,server_sent
fd00::203:3:3:3,2925,2925000,2926000,1.0,server_sent
fd00::203:3:3:3,2936,2936000,2937000,1.0,server_sent
fd00::203:3:3:3,2947,2947000,2948000,1.0,server_sent
fd00::203:3:3:3,2958,2958000,2959000,1.0,server_sent
fd00::203:3:3:3,2969,2969000,2970000,1.0,server_sent
fd00::203:3:3:3,2980,2980000,2981000,2.0,server_sent
fd00::203:3:3:3,2991,2991000,2992000,1.0,server_sent
fd00::203:3:3:3,3001,3001000,3002000,1.0,server_sent
fd00::203:3:3:3,3012,3012000,3013000,1.0,server_sent
fd00::203:3:3:3,3023,3023000,3024000,1.0,server_sent
fd00::203:3:3:3,3034,3034000,3035000,1.0,server_sent
fd00::203:3:3:3,3045,3045000,3046000,1.0,server_sent
fd00::203:3:3:3,3056,3056000,3057000,1.0,server_sent
fd00::203:3:3:3,3067,3067000,3068000,1.0,server_sent
fd00::203:3:3:3,3078,3078000,3079000,1.0,server_sent
fd00::203:3:3:3,3089,3089000,3090000,1.0,server_sent
fd00::203:3:3:3,3100,3100000,3101000,2.0,server_sent
fd00::203:3:3:3,3111,3111000,3112000,1.0,server_sent
fd00::203:3:3:3,3122,3122000,3123000,1.0,server_sent
fd00::203:3:3:3,3133,3133000,3134000,1.0,server_sent
fd00::203:3:3:3,3144,3144000,3145000,1.0,server_sent
fd00::203:3:3:3,3155,3155000,3156000,1.0,server_sent
fd00::203:3:3:3,3166,3166000,3167000,1.0,server_sent
fd00::203:3:3:3,3177,3177000,3178000,1.0,server_sent
fd00::203:3:3:3,3188,3188000,3189000,1.0,server_sent
fd00::203:3:3:3,3199,3199000,3200000,1.0,server_sent
fd00::203:3:3:3,3210,3210000,3211000,2.0,server_sent
fd00::203:3:3:3,3221,3221000,3222000,1.0,server_sent
fd00::203:3:3:3,3232,3232000,3233000,1.0,server_sent
fd00::203:3:3:3,3242,3242000,3243000,1.0,server_sent
fd00::203:3:3:3,3253,3253000,3254000,1.0,server_sent
fd00::203:3:3:3,3264,3264000,3265000,1.0,server_sent
fd00::203:3:3:3,3275,3275000,3276000,1.0,server_sent
fd00::203:3:3:3,3286,3286000,3287000,1.0,server_sent
fd00::203:3:3:3,3297,3297000,3298000,1.0,server_sent
fd00::203:3:3:3,3308,3308000,3309000,1.0,server_sent
fd00::203:3:3:3,3319,3319000,3320000,1.0,server_sent
fd00::203:3:3:3,3330,3330000,3331000,2.0,server_sent
fd00::203:3:3:3,3341,3341000,3342000,1.0,server_sent
fd00::203:3:3:3,3352,3352000,3353000,1.0,server_sent
fd00::203:3:3:3,3363,3363000,3364000,1.0,server_sent
fd00::203:3:3:3,3374,3374000,3375000,1.0,server_sent
fd00::203:3:3:3,3385,3385000,3386000,1.0,server_sent
fd00::203:3:3:3,3396,3396000,3397000,1.0,server_sent
fd00::203:3:3:3,3407,3407000,3408000,1.0,server_sent
fd00::203:3:3:3,3418,3418000,3419000,1.0,server_sent
fd00::203:3:3:3,3429,3429000,3430000,1.0,server_sent
fd00::203:3:3:3,3440,3440000,3441000,2.0,server_sent
fd00::203:3:3:3,3451,3451000,3452000,1.0,server_sent
fd00::203:3:3:3,3462,3462000,3463000,1.0,server_sent
fd00::203:3:3:3,3472,3472000,3473000,1.0,server_sent
fd00::203:3:3:3,3483,3483000,3484000,1.0,server_sent
fd00::203:3:3:3,3494,3494000,3495000,1.0,server_sent
fd00::203:3:3:3,3505,3505000,3506000,1.0,server_sent
fd00::203:3:3:3,3516,3516000,3517000,1.0,server_sent
fd00::203:3:3:3,3527,3527000,3528000,1.0,server_sent
fd00::203:3:3:3,3538,3538000,3539000,1.0,server_sent
fd00::203:3:3:3,3549,3549000,3550000,1.0,server_sent
fd00::203:3:3:3,3560,3560000,3561000,2.0,server_sent
fd00::203:3:3:3,3571,3571000,3572000,1.0,server_sent
fd00::203:3:3:3,3582,3582000,3583000,1.0,server_sent
fd00::203:3:3:3,3593,3593000,3594000,1.0,server_sent
fd00::204:4:4:4,43,43000,44000,0.0,server_sent
fd00::204:4:4:4,54,54000,55000,1.0,server_sent
fd00::204:4:4:4,65,65000,66000,1.0,server_sent
fd00::204:4:4:4,76,76000,77000,1.0,server_sent
fd00::204:4:4:4,87,87000,88000,1.0,server_sent
fd00::204:4:4:4,98,98000,99000,1.0,server_sent
fd00::204:4:4:4,109,109000,110000,1.0,server_sent
fd00::204:4:4:4,120,120000,121000,2.0,server_sent
fd00::204:4:4:4,130,130000,131000,1.0,server_sent
fd00::204:4:4:4,141,141000,142000,1.0,server_sent
fd00::204:4:4:4,152,152000,153000,1.0,server_sent
fd00::204:4:4:4,163,163000,164000,1.0,server_sent
fd00::204:4:4:4,174,174000,175000,1.0,server_sent
fd00::204:4:4:4,185,185000,186000,1.0,server_sent
fd00::204:4:4:4,196,196000,197000,1.0,server_sent
fd00::204:4:4:4,207,207000,208000,1.0,server_sent
fd00::204:4:4:4,218,218000,219000,1.0,server_sent
fd00::204:4:4:4,229,229000,230000,1.0,server_sent
fd00::204:4:4:4,240,240000,241000,2.0,server_sent
fd00::204:4:4:4,250,250000,251000,1.0,server_sent
fd00::204:4:4:4,261,261000,262000,1.0,server_sent
fd00::204:4:4:4,272,272000,273000,1.0,server_sent
fd00::204:4:4:4,283,283000,284000,1.0,server_sent
fd00::204:4:4:4,294,294000,295000,1.0,server_sent
fd00::204:4:4:4,305,305000,306000,1.0,server_sent
fd00::204:4:4:4,316,316000,317000,1.0,server_sent
fd00::204:4:4:4,327,327000,328000,1.0,server_sent
fd00::204:4:4:4,338,338000,339000,1.0,server_sent
fd00::204:4:4:4,349,349000,350000,1.0,server_sent
fd00::204:4:4:4,360,360000,361000,2.0,server_sent
fd00::204:4:4:4,371,371000,372000,1.0,server_sent
fd00::204:4:4:4,381,381000,382000,1.0,server_sent
fd00::204:4:4:4,392,392000,393000,1.0,server_sent
fd00::204:4:4:4,403,403000,404000,1.0,server_sent
fd00::204:4:4:4,414,414000,415000,1.0,server_sent
fd00::204:4:4:4,425,425000,426000,1.0,server_sent
fd00::204:4:4:4,436,436000,437000,1.0,server_sent
fd00::204:4:4:4,447,447000,448000,1.0,server_sent
fd00::204:4:4:4,458,458000,459000,1.0,server_sent
fd00::204:4:4:4,469,469000,470000,1.0,server_sent
fd00::204:4:4:4,480,480000,481000,2.0,server_sent
fd00::204:4:4:4,491,491000,492000,1.0,server_sent
fd00::204:4:4:4,502,502000,503000,1.0,server_sent
fd00::204:4:4:4,512,512000,513000,1.0,server_sent
fd00::204:4:4:4,523,523000,524000,1.0,server_sent
fd00::204:4:4:4,534,534000,535000,1.0,server_sent
fd00::204:4:4:4,545,545000,546000,1.0,server_sent
fd00::204:4:4:4,556,556000,557000,1.0,server_sent
fd00::204:4:4:4,567,567000,568000,1.0,server_sent
fd00::204:4:4:4,578,578000,579000,1.0,server_sent
fd00::204:4:4:4,589,589000,590000,1.0,server_sent
fd00::204:4:4:4,600,600000,601000,2.0,server_sent
fd00::204:4:4:4,611,611000,612000,1.0,server_sent
fd00::204:4:4:4,622,622000,623000,1.0,server_sent
fd00::204:4:4:4,632,632000,633000,1.0,server_sent
fd00::204:4:4:4,643,643000,644000,1.0,server_sent
fd00::204:4:4:4,654,654000,655000,1.0,server_sent
fd00::204:4:4:4,665,665000,666000,1.0,server_sent
fd00::204:4:4:4,676,676000,677000,1.0,server_sent
fd00::204:4:4:4,687,687000,688000,1.0,server_sent
fd00::204:4:4:4,698,698000,699000,1.0,server_sent
fd00::204:4:4:4,709,709000,710000,1.0,server_sent
fd00::204:4:4:4,720,720000,721000,2.0,server_sent
fd00::204:4:4:4,731,731000,732000,1.0,server_sent
fd00::204:4:4:4,742,742000,743000,1.0,server_sent
fd00::204:4:4:4,752,752000,753000,1.0,server_sent
fd00::204:4:4:4,763,763000,764000,1.0,server_sent
fd00::204:4:4:4,774,774000,775000,1.0,server_sent
fd00::204:4:4:4,785,785000,786000,1.0,server_sent
fd00::204:4:4:4,796,796000,797000,1.0,server_sent
fd00::204:4:4:4,807,807000,808000,1.0,server_sent
fd00::204:4:4:4,818,818000,819000,1.0,server_sent
fd00::204:4:4:4,829,829000,830000,1.0,server_sent
fd00::204:4:4:4,840,840000,841000,2.0,server_sent
fd00::204:4:4:4,851,851000,852000,1.0,server_sent
fd00::204:4:4:4,862,862000,863000,1.0,server_sent
fd00::204:4:4:4,872,872000,873000,1.0,server_sent
fd00::204:4:4:4,883,883000,884000,1.0,server_sent
fd00::204:4:4:4,894,894000,895000,1.0,server_sent
fd00::204:4:4:4,905,905000,906000,1.0,server_sent
fd00::204:4:4:4,916,916000,917000,1.0,server_sent
fd00::204:4:4:4,927,927000,928000,1.0,server_sent
fd00::204:4:4:4,938,938000,939000,1.0,server_sent
fd00::204:4:4:4,949,949000,950000,1.0,server_sent
fd00::204:4:4:4,960,960000,961000,2.0,server_sent
fd00::204:4:4:4,971,971000,972000,1.0,server_sent
fd00::204:4:4:4,982,982000,983000,1.0,server_sent
fd00::204:4:4:4,993,993000,994000,1.0,server_sent
fd00::204:4:4:4,1003,1003000,1004000,1.0,server_sent
fd00::204:4:4:4,1014,1014000,1015000,1.0,server_sent
fd00::204:4:4:4,1025,1025000,1026000,1.0,server_sent
fd00::204:4:4:4,1036,1036000,1037000,1.0,server_sent
fd00::204:4:4:4,1047,1047000,1048000,1.0,server_sent
fd00::204:4:4:4,1058,1058000,1059000,1.0,server_sent
fd00::204:4:4:4,1069,1069000,1070000,1.0,server_sent
fd00::204:4:4:4,1080,1080000,1081000,2.0,server_sent
fd00::204:4:4:4,1091,1091000,1092000,1.0,server_sent
fd00::204:4:4:4,1102,1102000,1103000,1.0,server_sent
fd00::204:4:4:4,1113,1113000,1114000,1.0,server_sent
fd00::204:4:4:4,1123,1123000,1124000,1.0,server_sent
fd00::204:4:4:4,1134,1134000,1135000,1.0,server_sent
fd00::204:4:4:4,1145,1145000,1146000,1.0,server_sent
fd00::204:4:4:4,1156,1156000,1157000,1.0,server_sent
fd00::204:4:4:4,1167,1167000,1168000,1.0,server_sent
fd00::204:4:4:4,1178,1178000,1179000,1.0,server_sent
fd00::204:4:4:4,1189,1189000,1190000,1.0,server_sent
fd00::204:4:4:4,1200,1200000,1201000,2.0,server_sent
fd00::204:4:4:4,1211,1211000,1212000,1.0,server_sent
fd00::204:4:4:4,1222,1222000,1223000,1.0,server_sent
fd00::204:4:4:4,1233,1233000,1234000,1.0,server_sent
fd00::204:4:4:4,1244,1244000,1245000,1.0,server_sent
fd00::204:4:4:4,1254,1254000,1255000,1.0,server_sent
fd00::204:4:4:4,1265,1265000,1266000,1.0,server_sent
fd00::204:4:4:4,1276,1276000,1277000,1.0,server_sent
fd00::204:4:4:4,1287,1287000,1288000,1.0,server_sent
fd00::204:4:4:4,1298,1298000,1299000,1.0,server_sent
fd00::204:4:4:4,1309,1309000,1310000,1.0,server_sent
fd00::204:4:4:4,1320,1320000,1321000,2.0,server_sent
fd00::204:4:4:4,1331,1331000,1332000,1.0,server_sent
fd00::204:4:4:4,1342,1342000,1343000,1.0,server_sent
fd00::204:4:4:4,1353,1353000,1354000,1.0,server_sent
fd00::204:4:4:4,1364,1364000,1365000,1.0,server_sent
fd00::204:4:4:4,1374,1374000,1375000,1.0,server_sent
fd00::204:4:4:4,1385,1385000,1386000,1.0,server_sent
fd00::204:4:4:4,1396,1396000,1397000,1.0,server_sent
fd00::204:4:4:4,1407,1407000,1408000,1.0,server_sent
fd00::204:4:4:4,1418,1418000,1419000,1.0,server_sent
fd00::204:4:4:4,1429,1429000,1430000,1.0,server_sent
fd00::204:4:4:4,1440,1440000,1441000,2.0,server_sent
fd00::204:4:4:4,1451,1451000,1452000,1.0,server_sent
fd00::204:4:4:4,1462,1462000,1463000,1.0,server_sent
fd00::204:4:4:4,1473,1473000,1474000,1.0,server_sent
fd00::204:4:4:4,1484,1484000,1485000,1.0,server_sent
fd00::204:4:4:4,1495,1495000,1496000,1.0,server_sent
fd00::204:4:4:4,1505,1505000,1506000,1.0,server_sent
fd00::204:4:4:4,1516,1516000,1517000,1.0,server_sent
fd00::204:4:4:4,1527,1527000,1528000,1.0,server_sent
fd00::204:4:4:4,1538,1538000,1539000,1.0,server_sent
fd00::204:4:4:4,1549,1549000,1550000,1.0,server_sent
fd00::204:4:4:4,1560,1560000,1561000,2.0,server_sent
fd00::204:4:4:4,1571,1571000,1572000,1.0,server_sent
fd00::204:4:4:4,1582,1582000,1583000,1.0,server_sent
fd00::204:4:4:4,1593,1593000,1594000,1.0,server_sent
fd00::204:4:4:4,1604,1604000,1605000,1.0,server_sent
fd00::204:4:4:4,1615,1615000,1616000,1.0,server_sent
fd00::204:4:4:4,1625,1625000,1626000,1.0,server_sent
fd00::204:4:4:4,1636,1636000,1637000,1.0,server_sent
fd00::204:4:4:4,1647,1647000,1648000,1.0,server_sent
fd00::204:4:4:4,1658,1658000,1659000,1.0,server_sent
fd00::204:4:4:4,1669,1669000,1670000,1.0,server_sent
fd00::204:4:4:4,1680,1680000,1681000,2.0,server_sent
fd00::204:4:4:4,1691,1691000,1692000,1.0,server_sent
fd00::204:4:4:4,1702,1702000,1703000,1.0,server_sent
fd00::204:4:4:4,1713,1713000,1714000,1.0,server_sent
fd00::204:4:4:4,1724,1724000,1725000,1.0,server_sent
fd00::204:4:4:4,1735,1735000,1736000,1.0,server_sent
fd00::204:4:4:4,1745,1745000,1746000,1.0,server_sent
fd00::204:4:4:4,1756,1756000,1757000,1.0,server_sent
fd00::204:4:4:4,1767,1767000,1768000,1.0,server_sent
fd00::204:4:4:4,1778,1778000,1779000,1.0,server_sent
fd00::204:4:4:4,1789,1789000,1790000,1.0,server_sent
fd00::204:4:4:4,1800,1800000,1801000,2.0,server_sent
fd00::204:4:4:4,1811,1811000,1812000,1.0,server_sent
fd00::204:4:4:4,1822,1822000,1823000,1.0,server_sent
fd00::204:4:4:4,1833,1833000,1834000,1.0,server_sent
fd00::204:4:4:4,1844,1844000,1845000,1.0,server_sent
fd00::204:4:4:4,1855,1855000,1856000,1.0,server_sent
fd00::204:4:4:4,1866,1866000,1867000,1.0,server_sent
fd00::204:4:4:4,1876,1876000,1877000,1.0,server_sent
fd00::204:4:4:4,1887,1887000,1888000,1.0,server_sent
fd00::204:4:4:4,1898,1898000,1899000,1.0,server_sent
fd00::204:4:4:4,1909,1909000,1910000,1.0,server_sent
fd00::204:4:4:4,1920,1920000,1921000,2.0,server_sent
fd00::204:4:4:4,1931,1931000,1932000,1.0,server_sent
fd00::204:4:4:4,1942,1942000,1943000,1.0,server_sent
fd00::204:4:4:4,1953,1953000,1954000,1.0,server_sent
fd00::204:4:4:4,1964,1964000,1965000,1.0,server_sent
fd00::204:4:4:4,1975,1975000,1976000,1.0,server_sent
fd00::204:4:4:4,1986,1986000,1987000,1.0,server_sent
fd00::204:4:4:4,1996,1996000,1997000,1.0,server_sent
fd00::204:4:4:4,2007,2007000,2008000,1.0,server_sent
fd00::204:4:4:4,2018,2018000,2019000,1.0,server_sent
fd00::204:4:4:4,2029,2029000,2030000,1.0,server_sent
fd00::204:4:4:4,2040,2040000,2041000,2.0,server_sent
fd00::204:4:4:4,2051,2051000,2052000,1.0,server_sent
fd00::204:4:4:4,2062,2062000,2063000,1.0,server_sent
fd00::204:4:4:4,2073,2073000,2074000,1.0,server_sent
fd00::204:4:4:4,2084,2084000,2085000,1.0,server_sent
fd00::204:4:4:4,2095,2095000,2096000,1.0,server_sent
fd00::204:4:4:4,2106,2106000,2107000,1.0,server_sent
fd00::204:4:4:4,2116,2116000,2117000,1.0,server_sent
fd00::204:4:4:4,2127,2127000,2128000,1.0,server_sent
fd00::204:4:4:4,2138,2138000,2139000,1.0,server_sent
fd00::204:4:4:4,2149,2149000,2150000,1.0,server_sent
fd00::204:4:4:4,2160,2160000,2161000,2.0,server_sent
fd00::204:4:4:4,2171,2171000,2172000,1.0,server_sent
fd00::204:4:4:4,2182,2182000,2183000,1.0,server_sent
fd00::204:4:4:4,2193,2193000,2194000,1.0,server_sent
fd00::204:4:4:4,2204,2204000,2205000,1.0,server_sent
fd00::204:4:4:4,2215,2215000,2216000,1.0,server_sent
fd00::204:4:4:4,2226,2226000,2227000,1.0,server_sent
fd00::204:4:4:4,2237,2237000,2238000,1.0,server_sent
fd00::204:4:4:4,2247,2247000,2248000,1.0,server_sent
fd00::204:4:4:4,2258,2258000,2259000,1.0,server_sent
fd00::204:4:4:4,2269,2269000,2270000,1.0,server_sent
fd00::204:4:4:4,2280,2280000,2281000,2.0,server_sent
fd00::204:4:4:4,2291,2291000,2292000,1.0,server_sent
fd00::204:4:4:4,2302,2302000,2303000,1.0,server_sent
fd00::204:4:4:4,2313,2313000,2314000,1.0,server_sent
fd00::204:4:4:4,2324,2324000,2325000,1.0,server_sent
fd00::204:4:4:4,2335,2335000,2336000,1.0,server_sent
fd00::204:4:4:4,2346,2346000,2347000,1.0,server_sent
fd00::204:4:4:4,2357,2357000,2358000,1.0,server_sent
fd00::204:4:4:4,2367,2367000,2368000,1.0,server_sent
fd00::204:4:4:4,2378,2378000,2379000,1.0,server_sent
fd00::204:4:4:4,2389,2389000,2390000,1.0,server_sent
fd00::204:4:4:4,2400,2400000,2401000,2.0,server_sent
fd00::204:4:4:4,2411,2411000,2412000,1.0,server_sent
fd00::204:4:4:4,2422,2422000,2423000,1.0,server_sent
fd00::204:4:4:4,2433,2433000,2434000,1.0,server_sent
fd00::204:4:4:4,2444,2444000,2445000,1.0,server_sent
fd00::204:4:4:4,2455,2455000,2456000,1.0,server_sent
fd00::204:4:4:4,2466,2466000,2467000,1.0,server_sent
fd00::204:4:4:4,2477,2477000,2478000,1.0,server_sent
fd00::204:4:4:4,2488,2488000,2489000,1.0,server_sent
fd00::204:4:4:4,2498,2498000,2499000,1.0,server_sent
fd00::204:4:4:4,2509,2509000,2510000,1.0,server_sent
fd00::204:4:4:4,2520,2520000,2521000,2.0,server_sent
fd00::204:4:4:4,2531,2531000,2532000,1.0,server_sent
fd00::204:4:4:4,2542,2542000,2543000,1.0,server_sent
fd00::204:4:4:4,2553,2553000,2554000,1.0,server_sent
fd00::204:4:4:4,2564,2564000,2565000,1.0,server_sent
fd00::204:4:4:4,2575,2575000,2576000,1.0,server_sent
fd00::204:4:4:4,2586,2586000,2587000,1.0,server_sent
fd00::204:4:4:4,2597,2597000,2598000,1.0,server_sent
fd00::204:4:4:4,2608,2608000,2609000,1.0,server_sent
fd00::204:4:4:4,2618,2618000,2619000,1.0,server_sent
fd00::204:4:4:4,2629,2629000,2630000,1.0,server_sent
fd00::204:4:4:4,2640,2640000,2641000,2.0,server_sent
fd00::204:4:4:4,2651,2651000,2652000,1.0,server_sent
fd00::204:4:4:4,2662,2662000,2663000,1.0,server_sent
fd00::204:4:4:4,2673,2673000,2674000,1.0,server_sent
fd00::204:4:4:4,2684,2684000,2685000,1.0,server_sent
fd00::204:4:4:4,2695,2695000,2696000,1.0,server_sent
fd00::204:4:4:4,2706,2706000,2707000,1.0,server_sent
fd00::204:4:4:4,2717,2717000,2718000,1.0,server_sent
fd00::204:4:4:4,2728,2728000,2729000,1.0,server_sent
fd00::204:4:4:4,2738,2738000,2739000,1.0,server_sent
fd00::204:4:4:4,2749,2749000,2750000,1.0,server_sent
fd00::204:4:4:4,2760,2760000,2761000,2.0,server_sent
fd00::204:4:4:4,2771,2771000,2772000,1.0,server_sent
fd00::204:4:4:4,2782,2782000,2783000,1.0,server_sent
fd00::204:4:4:4,2793,2793000,2794000,1.0,server_sent
fd00::204:4:4:4,2804,2804000,2805000,1.0,server_sent
fd00::204:4:4:4,2815,2815000,2816000,1.0,server_sent
fd00::204:4:4:4,2826,2826000,2827000,1.0,server_sent
fd00::204:4:4:4,2837,2837000,2838000,1.0,server_sent
fd00::204:4:4:4,2848,2848000,2849000,1.0,server_sent
fd00::204:4:4:4,2859,2859000,2860000,1.0,server_sent
fd00::204:4:4:4,2869,2869000,2870000,1.0,server_sent
fd00::204:4:4:4,2880,2880000,2881000,2.0,server_sent
fd00::204:4:4:4,2891,2891000,2892000,1.0,server_sent
fd00::204:4:4:4,2902,2902000,2903000,1.0,server_sent
fd00::204:4:4:4,2913,2913000,2914000,1.0,server_sent
fd00::204:4:4:4,2924,2924000,2925000,1.0,server_sent
fd00::204:4:4:4,2935,2935000,2936000,1.0,server_sent
fd00::204:4:4:4,2946,2946000,2947000,1.0,server_sent
fd00::204:4:4:4,2957,2957000,2958000,1.0,server_sent
fd00::204:4:4:4,2968,2968000,2969000,1.0,server_sent
fd00::204:4:4:4,2979,2979000,2980000,1.0,server_sent
fd00::204:4:4:4,2989,2989000,2990000,1.0,server_sent
fd00::204:4:4:4,3000,3000000,3001000,2.0,server_sent
fd00::204:4:4:4,3011,3011000,3012000,1.0,server_sent
fd00::204:4:4:4,3022,3022000,3023000,1.0,server_sent
fd00::204:4:4:4,3033,3033000,3034000,1.0,server_sent
fd00::204:4:4:4,3044,3044000,3045000,1.0,server_sent
fd00::204:4:4:4,3055,3055000,3056000,1.0,server_sent
fd00::204:4:4:4,3066,3066000,3067000,1.0,server_sent
fd00::204:4:4:4,3077,3077000,3078000,1.0,server_sent
fd00::204:4:4:4,3088,3088000,3089000,1.0,server_sent
fd00::204:4:4:4,3099,3099000,3100000,1.0,server_sent
fd00::204:4:4:4,3109,3109000,3110000,1.0,server_sent
fd00::204:4:4:4,3120,3120000,3121000,2.0,server_sent
fd00::204:4:4:4,3131,3131000,3132000,1.0,server_sent
fd00::204:4:4:4,3142,3142000,3143000,1.0,server_sent
fd00::204:4:4:4,3153,3153000,3154000,1.0,server_sent
fd00::204:4:4:4,3164,3164000,3165000,1.0,server_sent
fd00::204:4:4:4,3175,3175000,3176000,1.0,server_sent
fd00::204:4:4:4,3186,3186000,3187000,1.0,server_sent
fd00::204:4:4:4,3197,3197000,3198000,1.0,server_sent
fd00::204:4:4:4,3208,3208000,3209000,1.0,server_sent
fd00::204:4:4:4,3219,3219000,3220000,1.0,server_sent
fd00::204:4:4:4,3229,3229000,3230000,1.0,server_sent
fd00::204:4:4:4,3240,3240000,3241000,2.0,server_sent
fd00::204:4:4:4,3251,3251000,3252000,1.0,server_sent
fd00::204:4:4:4,3262,3262000,3263000,1.0,server_sent
fd00::204:4:4:4,3273,3273000,3274000,1.0,server_sent
fd00::204:4:4:4,3284,3284000,3285000,1.0,server_sent
fd00::204:4:4:4,3295,3295000,3296000,1.0,server_sent
fd00::204:4:4:4,3306,3306000,3307000,1.0,server_sent
fd00::204:4:4:4,3317,3317000,3318000,1.0,server_sent
fd00::204:4:4:4,3328,3328000,3329000,1.0,server_sent
fd00::204:4:4:4,3339,3339000,3340000,1.0,server_sent
fd00::204:4:4:4,3350,3350000,3351000,2.0,server_sent
fd00::204:4:4:4,3360,3360000,3361000,1.0,server_sent
fd00::204:4:4:4,3371,3371000,3372000,1.0,server_sent
fd00::204:4:4:4,3382,3382000,3383000,1.0,server_sent
fd00::204:4:4:4,3393,3393000,3394000,1.0,server_sent
fd00::204:4:4:4,3404,3404000,3405000,1.0,server_sent
fd00::204:4:4:4,3415,3415000,3416000,1.0,server_sent
fd00::204:4:4:4,3426,3426000,3427000,1.0,server_sent
fd00::204:4:4:4,3437,3437000,3438000,1.0,server_sent
fd00::204:4:4:4,3448,3448000,3449000,1.0,server_sent
fd00::204:4:4:4,3459,3459000,3460000,1.0,server_sent
fd00::204:4:4:4,3470,3470000,3471000,2.0,server_sent
fd00::204:4:4:4,3480,3480000,3481000,1.0,server_sent
fd00::204:4:4:4,3491,3491000,3492000,1.0,server_sent
fd00::204:4:4:4,3502,3502000,3503000,1.0,server_sent
fd00::204:4:4:4,3513,3513000,3514000,1.0,server_sent
fd00::204:4:4:4,3524,3524000,3525000,1.0,server_sent
fd00::204:4:4:4,3535,3535000,3536000,1.0,server_sent
fd00::204:4:4:4,3546,3546000,3547000,1.0,server_sent
fd00::204:4:4:4,3557,3557000,3558000,1.0,server_sent
fd00::204:4:4:4,3568,3568000,3569000,1.0,server_sent
fd00::204:4:4:4,3579,3579000,3580000,1.0,server_sent
fd00::204:4:4:4,3590,3590000,3591000,2.0,server_sent
fd00::205:5:5:5,62,62000,63000,0.0,server_sent
fd00::205:5:5:5,72,72000,73000,1.0,server_sent
fd00::205:5:5:5,82,82000,83000,1.0,server_sent
fd00::205:5:5:5,93,93000,94000,1.0,server_sent
fd00::205:5:5:5,103,103000,104000,1.0,server_sent
fd00::205:5:5:5,113,113000,114000,1.0,server_sent
fd00::205:5:5:5,124,124000,125000,1.0,server_sent
fd00::205:5:5:5,134,134000,135000,1.0,server_sent
fd00::205:5:5:5,144,144000,145000,1.0,server_sent
fd00::205:5:5:5,154,154000,155000,1.0,server_sent
fd00::205:5:5:5,165,165000,166000,1.0,server_sent
fd00::205:5:5:5,175,175000,176000,1.0,server_sent
fd00::205:5:5:5,185,185000,186000,1.0,server_sent
fd00::205:5:5:5,196,196000,197000,1.0,server_sent
fd00::205:5:5:5,206,206000,207000,1.0,server_sent
fd00::205:5:5:5,216,216000,217000,1.0,server_sent
fd00::205:5:5:5,226,226000,227000,1.0,server_sent
fd00::205:5:5:5,237,237000,238000,1.0,server_sent
fd00::205:5:5:5,247,247000,248000,1.0,server_sent
fd00::205:5:5:5,257,257000,258000,1.0,server_sent
fd00::205:5:5:5,268,268000,269000,1.0,server_sent
fd00::205:5:5:5,278,278000,279000,1.0,server_sent
fd00::205:5:5:5,288,288000,289000,1.0,server_sent
fd00::205:5:5:5,299,299000,300000,1.0,server_sent
fd00::205:5:5:5,309,309000,310000,1.0,server_sent
fd00::205:5:5:5,319,319000,320000,1.0,server_sent
fd00::205:5:5:5,330,330000,331000,2.0,server_sent
fd00::205:5:5:5,340,340000,341000,1.0,server_sent
fd00::205:5:5:5,350,350000,351000,1.0,server_sent
fd00::205:5:5:5,360,360000,361000,1.0,server_sent
fd00::205:5:5:5,371,371000,372000,1.0,server_sent
fd00::205:5:5:5,381,381000,382000,1.0,server_sent
fd00::205:5:5:5,391,391000,392000,1.0,server_sent
fd00::205:5:5:5,402,402000,403000,1.0,server_sent
fd00::205:5:5:5,412,412000,413000,1.0,server_sent
fd00::205:5:5:5,422,422000,423000,1.0,server_sent
fd00::205:5:5:5,432,432000,433000,1.0,server_sent
fd00::205:5:5:5,443,443000,444000,1.0,server_sent
fd00::205:5:5:5,453,453000,454000,1.0,server_sent
fd00::205:5:5:5,463,463000,464000,1.0,server_sent
fd00::205:5:5:5,474,474000,475000,1.0,server_sent
fd00::205:5:5:5,484,484000,485000,1.0,server_sent
fd00::205:5:5:5,494,494000,495000,1.0,server_sent
fd00::205:5:5:5,505,505000,506000,1.0,server_sent
fd00::205:5:5:5,515,515000,516000,1.0,server_sent
fd00::205:5:5:5,525,525000,526000,1.0,server_sent
fd00::205:5:5:5,535,535000,536000,1.0,server_sent
fd00::205:5:5:5,546,546000,547000,1.0,server_sent
fd00::205:5:5:5,556,556000,557000,1.0,server_sent
fd00::205:5:5:5,566,566000,567000,1.0,server_sent
fd00::205:5:5:5,577,577000,578000,1.0,server_sent
fd00::205:5:5:5,587,587000,588000,1.0,server_sent
fd00::205:5:5:5,597,597000,598000,1.0,server_sent
fd00::205:5:5:5,608,608000,609000,1.0,server_sent
fd00::205:5:5:5,618,618000,619000,1.0,server_sent
fd00::205:5:5:5,628,628000,629000,1.0,server_sent
fd00::205:5:5:5,638,638000,639000,1.0,server_sent
fd00::205:5:5:5,649,649000,650000,1.0,server_sent
fd00::205:5:5:5,659,659000,660000,1.0,server_sent
fd00::205:5:5:5,669,669000,670000,1.0,server_sent
fd00::205:5:5:5,680,680000,681000,2.0,server_sent
fd00::205:5:5:5,690,690000,691000,1.0,server_sent
fd00::205:5:5:5,700,700000,701000,1.0,server_sent
fd00::205:5:5:5,711,711000,712000,1.0,server_sent
fd00::205:5:5:5,721,721000,722000,1.0,server_sent
fd00::205:5:5:5,731,731000,732000,1.0,server_sent
fd00::205:5:5:5,741,741000,742000,1.0,server_sent
fd00::205:5:5:5,752,752000,753000,1.0,server_sent
fd00::205:5:5:5,762,762000,763000,1.0,server_sent
fd00::205:5:5:5,772,772000,773000,1.0,server_sent
fd00::205:5:5:5,783,783000,784000,1.0,server_sent
fd00::205:5:5:5,793,793000,794000,1.0,server_sent
fd00::205:5:5:5,803,803000,804000,1.0,server_sent
fd00::205:5:5:5,813,813000,814000,1.0,server_sent
fd00::205:5:5:5,824,824000,825000,1.0,server_sent
fd00::205:5:5:5,834,834000,835000,1.0,server_sent
fd00::205:5:5:5,844,844000,845000,1.0,server_sent
fd00::205:5:5:5,855,855000,856000,1.0,server_sent
fd00::205:5:5:5,865,865000,866000,1.0,server_sent
fd00::205:5:5:5,875,875000,876000,1.0,server_sent
fd00::205:5:5:5,886,886000,887000,1.0,server_sent
fd00::205:5:5:5,896,896000,897000,1.0,server_sent
fd00::205:5:5:5,906,906000,907000,1.0,server_sent
fd00::205:5:5:5,916,916000,917000,1.0,server_sent
fd00::205:5:5:5,927,927000,928000,1.0,server_sent
fd00::205:5:5:5,937,937000,938000,1.0,server_sent
fd00::205:5:5:5,947,947000,948000,1.0,server_sent
fd00::205:5:5:5,958,958000,959000,1.0,server_sent
fd00::205:5:5:5,968,968000,969000,1.0,server_sent
fd00::205:5:5:5,978,978000,979000,1.0,server_sent
fd00::205:5:5:5,988,988000,989000,1.0,server_sent
fd00::205:5:5:5,999,999000,1000000,1.0,server_sent
fd00::205:5:5:5,1009,1009000,1010000,1.0,server_sent
fd00::205:5:5:5,1019,1019000,1020000,1.0,server_sent
fd00::205:5:5:5,1030,1030000,1031000,2.0,server_sent
fd00::205:5:5:5,1040,1040000,1041000,1.0,server_sent
fd00::205:5:5:5,1050,1050000,1051000,1.0,server_sent
fd00::205:5:5:5,1061,1061000,1062000,1.0,server_sent
fd00::205:5:5:5,1071,1071000,1072000,1.0,server_sent
fd00::205:5:5:5,1081,1081000,1082000,1.0,server_sent
fd00::205:5:5:5,1091,1091000,1092000,1.0,server_sent
fd00::205:5:5:5,1102,1102000,1103000,1.0,server_sent
fd00::205:5:5:5,1112,1112000,1113000,1.0,server_sent
fd00::205:5:5:5,1122,1122000,1123000,1.0,server_sent
fd00::205:5:5:5,1133,1133000,1134000,1.0,server_sent
fd00::205:5:5:5,1143,1143000,1144000,1.0,server_sent
fd00::205:5:5:5,1153,1153000,1154000,1.0,server_sent
fd00::205:5:5:5,1164,1164000,1165000,1.0,server_sent
fd00::205:5:5:5,1174,1174000,1175000,1.0,server_sent
fd00::205:5:5:5,1184,1184000,1185000,1.0,server_sent
fd00::205:5:5:5,1195,1195000,1196000,1.0,server_sent
fd00::205:5:5:5,1205,1205000,1206000,1.0,server_sent
fd00::205:5:5:5,1215,1215000,1216000,1.0,server_sent
fd00::205:5:5:5,1225,1225000,1226000,1.0,server_sent
fd00::205:5:5:5,1236,1236000,1237000,1.0,server_sent
fd00::205:5:5:5,1246,1246000,1247000,1.0,server_sent
fd00::205:5:5:5,1256,1256000,1257000,1.0,server_sent
fd00::205:5:5:5,1267,1267000,1268000,1.0,server_sent
fd00::205:5:5:5,1277,1277000,1278000,1.0,server_sent
fd00::205:5:5:5,1287,1287000,1288000,1.0,server_sent
fd00::205:5:5:5,1298,1298000,1299000,1.0,server_sent
fd00::205:5:5:5,1308,1308000,1309000,1.0,server_sent
fd00::205:5:5:5,1318,1318000,1319000,1.0,server_sent
fd00::205:5:5:5,1328,1328000,1329000,1.0,server_sent
fd00::205:5:5:5,1339,1339000,1340000,1.0,server_sent
fd00::205:5:5:5,1349,1349000,1350000,1.0,server_sent
fd00::205:5:5:5,1359,1359000,1360000,1.0,server_sent
fd00::205:5:5:5,1370,1370000,1371000,2.0,server_sent
fd00::205:5:5:5,1380,1380000,1381000,1.0,server_sent
fd00::205:5:5:5,1390,1390000,1391000,1.0,server_sent
fd00::205:5:5:5,1400,1400000,1401000,1.0,server_sent
fd00::205:5:5:5,1411,1411000,1412000,1.0,server_sent
fd00::205:5:5:5,1421,1421000,1422000,1.0,server_sent
fd00::205:5:5:5,1431,1431000,1432000,1.0,server_sent
fd00::205:5:5:5,1442,1442000,1443000,1.0,server_sent
fd00::205:5:5:5,1452,1452000,1453000,1.0,server_sent
fd00::205:5:5:5,1462,1462000,1463000,1.0,server_sent
fd00::205:5:5:5,1473,1473000,1474000,1.0,server_sent
fd00::205:5:5:5,1483,1483000,1484000,1.0,server_sent
fd00::205:5:5:5,1493,1493000,1494000,1.0,server_sent
fd00::205:5:5:5,1503,1503000,1504000,1.0,server_sent
fd00::205:5:5:5,1514,1514000,1515000,1.0,server_sent
fd00::205:5:5:5,1524,1524000,1525000,1.0,server_sent
fd00::205:5:5:5,1534,1534000,1535000,1.0,server_sent
fd00::205:5:5:5,1545,1545000,1546000,1.0,server_sent
fd00::205:5:5:5,1555,1555000,1556000,1.0,server_sent
fd00::205:5:5:5,1565,1565000,1566000,1.0,server_sent
fd00::205:5:5:5,1576,1576000,1577000,1.0,server_sent
fd00::205:5:5:5,1586,1586000,1587000,1.0,server_sent
fd00::205:5:5:5,1596,1596000,1597000,1.0,server_sent
fd00::205:5:5:5,1606,1606000,1607000,1.0,server_sent
fd00::205:5:5:5,1617,1617000,1618000,1.0,server_sent
fd00::205:5:5:5,1627,1627000,1628000,1.0,server_sent
fd00::205:5:5:5,1637,1637000,1638000,1.0,server_sent
fd00::205:5:5:5,1648,1648000,1649000,1.0,server_sent
fd00::205:5:5:5,1658,1658000,1659000,1.0,server_sent
fd00::205:5:5:5,1668,1668000,1669000,1.0,server_sent
fd00::205:5:5:5,1679,1679000,1680000,1.0,server_sent
fd00::205:5:5:5,1689,1689000,1690000,1.0,server_sent
fd00::205:5:5:5,1699,1699000,1700000,1.0,server_sent
fd00::205:5:5:5,1709,1709000,1710000,1.0,server_sent
fd00::205:5:5:5,1720,1720000,1721000,2.0,server_sent
fd00::205:5:5:5,1730,1730000,1731000,1.0,server_sent
fd00::205:5:5:5,1740,1740000,1741000,1.0,server_sent
fd00::205:5:5:5,1751,1751000,1752000,1.0,server_sent
fd00::205:5:5:5,1761,1761000,1762000,1.0,server_sent
fd00::205:5:5:5,1771,1771000,1772000,1.0,server_sent
fd00::205:5:5:5,1782,1782000,1783000,1.0,server_sent
fd00::205:5:5:5,1792,1792000,1793000,1.0,server_sent
fd00::205:5:5:5,1802,1802000,1803000,1.0,server_sent
fd00::205:5:5:5,1812,1812000,1813000,1.0,server_sent
fd00::205:5:5:5,1823,1823000,1824000,1.0,server_sent
fd00::205:5:5:5,1833,1833000,1834000,1.0,server_sent
fd00::205:5:5:5,1843,1843000,1844000,1.0,server_sent
fd00::205:5:5:5,1854,1854000,1855000,1.0,server_sent
fd00::205:5:5:5,1864,1864000,1865000,1.0,server_sent
fd00::205:5:5:5,1874,1874000,1875000,1.0,server_sent
fd00::205:5:5:5,1884,1884000,1885000,1.0,server_sent
fd00::205:5:5:5,1895,1895000,1896000,1.0,server_sent
fd00::205:5:5:5,1905,1905000,1906000,1.0,server_sent
fd00::205:5:5:5,1915,1915000,1916000,1.0,server_sent
fd00::205:5:5:5,1926,1926000,1927000,1.0,server_sent
fd00::205:5:5:5,1936,1936000,1937000,1.0,server_sent
fd00::205:5:5:5,1946,1946000,1947000,1.0,server_sent
fd00::205:5:5:5,1957,1957000,1958000,1.0,server_sent
fd00::205:5:5:5,1967,1967000,1968000,1.0,server_sent
fd00::205:5:5:5,1977,1977000,1978000,1.0,server_sent
fd00::205:5:5:5,1987,1987000,1988000,1.0,server_sent
fd00::205:5:5:5,1998,1998000,1999000,1.0,server_sent
fd00::205:5:5:5,2008,2008000,2009000,1.0,server_sent
fd00::205:5:5:5,2018,2018000,2019000,1.0,server_sent
fd00::205:5:5:5,2029,2029000,2030000,1.0,server_sent
fd00::205:5:5:5,2039,2039000,2040000,1.0,server_sent
fd00::205:5:5:5,2049,2049000,2050000,1.0,server_sent
fd00::205:5:5:5,2060,2060000,2061000,2.0,server_sent
fd00::205:5:5:5,2070,2070000,2071000,1.0,server_sent
fd00::205:5:5:5,2080,2080000,2081000,1.0,server_sent
fd00::205:5:5:5,2090,2090000,2091000,1.0,server_sent
fd00::205:5:5:5,2101,2101000,2102000,1.0,server_sent
fd00::205:5:5:5,2111,2111000,2112000,1.0,server_sent
fd00::205:5:5:5,2121,2121000,2122000,1.0,server_sent
fd00::205:5:5:5,2132,2132000,2133000,1.0,server_sent
fd00::205:5:5:5,2142,2142000,2143000,1.0,server_sent
fd00::205:5:5:5,2152,2152000,2153000,1.0,server_sent
fd00::205:5:5:5,2162,2162000,2163000,1.0,server_sent
fd00::205:5:5:5,2173,2173000,2174000,1.0,server_sent
fd00::205:5:5:5,2183,2183000,2184000,1.0,server_sent
fd00::205:5:5:5,2193,2193000,2194000,1.0,server_sent
fd00::205:5:5:5,2204,2204000,2205000,1.0,server_sent
fd00::205:5:5:5,2214,2214000,2215000,1.0,server_sent
fd00::205:5:5:5,2224,2224000,2225000,1.0,server_sent
fd00::205:5:5:5,2235,2235000,2236000,1.0,server_sent
fd00::205:5:5:5,2245,2245000,2246000,1.0,server_sent
fd00::205:5:5:5,2255,2255000,2256000,1.0,server_sent
fd00::205:5:5:5,2266,2266000,2267000,1.0,server_sent
fd00::205:5:5:5,2276,2276000,2277000,1.0,server_sent
fd00::205:5:5:5,2286,2286000,2287000,1.0,server_sent
fd00::205:5:5:5,2296,2296000,2297000,1.0,server_sent
fd00::205:5:5:5,2307,2307000,2308000,1.0,server_sent
fd00::205:5:5:5,2317,2317000,2318000,1.0,server_sent
fd00::205:5:5:5,2327,2327000,2328000,1.0,server_sent
fd00::205:5:5:5,2338,2338000,2339000,1.0,server_sent
fd00::205:5:5:5,2348,2348000,2349000,1.0,server_sent
fd00::205:5:5:5,2358,2358000,2359000,1.0,server_sent
fd00::205:5:5:5,2368,2368000,2369000,1.0,server_sent
fd00::205:5:5:5,2379,2379000,2380000,1.0,server_sent
fd00::205:5:5:5,2389,2389000,2390000,1.0,server_sent
fd00::205:5:5:5,2399,2399000,2400000,1.0,server_sent
fd00::205:5:5:5,2410,2410000,2411000,2.0,server_sent
fd00::205:5:5:5,2420,2420000,2421000,1.0,server_sent
fd00::205:5:5:5,2430,2430000,2431000,1.0,server_sent
fd00::205:5:5:5,2441,2441000,2442000,1.0,server_sent
fd00::205:5:5:5,2451,2451000,2452000,1.0,server_sent
fd00::205:5:5:5,2461,2461000,2462000,1.0,server_sent
fd00::205:5:5:5,2471,2471000,2472000,1.0,server_sent
fd00::205:5:5:5,2482,2482000,2483000,1.0,server_sent
fd00::205:5:5:5,2492,2492000,2493000,1.0,server_sent
fd00::205:5:5:5,2502,2502000,2503000,1.0,server_sent
fd00::205:5:5:5,2513,2513000,2514000,1.0,server_sent
fd00::205:5:5:5,2523,2523000,2524000,1.0,server_sent
fd00::205:5:5:5,2533,2533000,2534000,1.0,server_sent
fd00::205:5:5:5,2544,2544000,2545000,1.0,server_sent
fd00::205:5:5:5,2554,2554000,2555000,1.0,server_sent
fd00::205:5:5:5,2564,2564000,2565000,1.0,server_sent
fd00::205:5:5:5,2574,2574000,2575000,1.0,server_sent
fd00::205:5:5:5,2585,2585000,2586000,1.0,server_sent
fd00::205:5:5:5,2595,2595000,2596000,1.0,server_sent
fd00::205:5:5:5,2605,2605000,2606000,1.0,server_sent
fd00::205:5:5:5,2616,2616000,2617000,1.0,server_sent
fd00::205:5:5:5,2626,2626000,2627000,1.0,server_sent
fd00::205:5:5:5,2636,2636000,2637000,1.0,server_sent
fd00::205:5:5:5,2647,2647000,2648000,1.0,server_sent
fd00::205:5:5:5,2657,2657000,2658000,1.0,server_sent
fd00::205:5:5:5,2667,2667000,2668000,1.0,server_sent
fd00::205:5:5:5,2677,2677000,2678000,1.0,server_sent
fd00::205:5:5:5,2688,2688000,2689000,1.0,server_sent
fd00::205:5:5:5,2698,2698000,2699000,1.0,server_sent
fd00::205:5:5:5,2708,2708000,2709000,1.0,server_sent
fd00::205:5:5:5,2719,2719000,2720000,1.0,server_sent
fd00::205:5:5:5,2729,2729000,2730000,1.0,server_sent
fd00::205:5:5:5,2739,2739000,2740000,1.0,server_sent
fd00::205:5:5:5,2750,2750000,2751000,2.0,server_sent
fd00::205:5:5:5,2760,2760000,2761000,1.0,server_sent
fd00::205:5:5:5,2770,2770000,2771000,1.0,server_sent
fd00::205:5:5:5,2780,2780000,2781000,1.0,server_sent
fd00::205:5:5:5,2791,2791000,2792000,1.0,server_sent
fd00::205:5:5:5,2801,2801000,2802000,1.0,server_sent
fd00::205:5:5:5,2811,2811000,2812000,1.0,server_sent
fd00::205:5:5:5,2822,2822000,2823000,1.0,server_sent
fd00::205:5:5:5,2832,2832000,2833000,1.0,server_sent
fd00::205:5:5:5,2842,2842000,2843000,1.0,server_sent
fd00::205:5:5:5,2852,2852000,2853000,1.0,server_sent
fd00::205:5:5:5,2863,2863000,2864000,1.0,server_sent
fd00::205:5:5:5,2873,2873000,2874000,1.0,server_sent
fd00::205:5:5:5,2883,2883000,2884000,1.0,server_sent
fd00::205:5:5:5,2894,2894000,2895000,1.0,server_sent
fd00::205:5:5:5,2904,2904000,2905000,1.0,server_sent
fd00::205:5:5:5,2914,2914000,2915000,1.0,server_sent
fd00::205:5:5:5,2925,2925000,2926000,1.0,server_sent
fd00::205:5:5:5,2935,2935000,2936000,1.0,server_sent
fd00::205:5:5:5,2945,2945000,2946000,1.0,server_sent
fd00::205:5:5:5,2955,2955000,2956000,1.0,server_sent
fd00::205:5:5:5,2966,2966000,2967000,1.0,server_sent
fd00::205:5:5:5,2976,2976000,2977000,1.0,server_sent
fd00::205:5:5:5,2986,2986000,2987000,1.0,server_sent
fd00::205:5:5:5,2997,2997000,2998000,1.0,server_sent
fd00::205:5:5:5,3007,3007000,3008000,1.0,server_sent
fd00::205:5:5:5,3017,3017000,3018000,1.0,server_sent
fd00::205:5:5:5,3028,3028000,3029000,1.0,server_sent
fd00::205:5:5:5,3038,3038000,3039000,1.0,server_sent
fd00::205:5:5:5,3048,3048000,3049000,1.0,server_sent
fd00::205:5:5:5,3058,3058000,3059000,1.0,server_sent
fd00::205:5:5:5,3069,3069000,3070000,1.0,server_sent
fd00::205:5:5:5,3079,3079000,3080000,1.0,server_sent
fd00::205:5:5:5,3089,3089000,3090000,1.0,server_sent
fd00::205:5:5:5,3100,3100000,3101000,2.0,server_sent
fd00::205:5:5:5,3110,3110000,3111000,1.0,server_sent
fd00::205:5:5:5,3120,3120000,3121000,1.0,server_sent
fd00::205:5:5:5,3131,3131000,3132000,1.0,server_sent
fd00::205:5:5:5,3141,3141000,3142000,1.0,server_sent
fd00::205:5:5:5,3151,3151000,3152000,1.0,server_sent
fd00::205:5:5:5,3161,3161000,3162000,1.0,server_sent
fd00::205:5:5:5,3172,3172000,3173000,1.0,server_sent
fd00::205:5:5:5,3182,3182000,3183000,1.0,server_sent
fd00::205:5:5:5,3192,3192000,3193000,1.0,server_sent
fd00::205:5:5:5,3203,3203000,3204000,1.0,server_sent
fd00::205:5:5:5,3213,3213000,3214000,1.0,server_sent
fd00::205:5:5:5,3223,3223000,3224000,1.0,server_sent
fd00::205:5:5:5,3233,3233000,3234000,1.0,server_sent
fd00::205:5:5:5,3244,3244000,3245000,1.0,server_sent
fd00::205:5:5:5,3254,3254000,3255000,1.0,server_sent
fd00::205:5:5:5,3264,3264000,3265000,1.0,server_sent
fd00::205:5:5:5,3275,3275000,3276000,1.0,server_sent
fd00::205:5:5:5,3285,3285000,3286000,1.0,server_sent
fd00::205:5:5:5,3295,3295000,3296000,1.0,server_sent
fd00::205:5:5:5,3306,3306000,3307000,1.0,server_sent
fd00::205:5:5:5,3316,3316000,3317000,1.0,server_sent
fd00::205:5:5:5,3326,3326000,3327000,1.0,server_sent
fd00::205:5:5:5,3337,3337000,3338000,1.0,server_sent
fd00::205:5:5:5,3347,3347000,3348000,1.0,server_sent
fd00::205:5:5:5,3357,3357000,3358000,1.0,server_sent
fd00::205:5:5:5,3367,3367000,3368000,1.0,server_sent
fd00::205:5:5:5,3378,3378000,3379000,1.0,server_sent
fd00::205:5:5:5,3388,3388000,3389000,1.0,server_sent
fd00::205:5:5:5,3398,3398000,3399000,1.0,server_sent
fd00::205:5:5:5,3409,3409000,3410000,1.0,server_sent
fd00::205:5:5:5,3419,3419000,3420000,1.0,server_sent
fd00::205:5:5:5,3429,3429000,3430000,1.0,server_sent
fd00::205:5:5:5,3439,3439000,3440000,1.0,server_sent
fd00::205:5:5:5,3450,3450000,3451000,2.0,server_sent
fd00::205:5:5:5,3460,3460000,3461000,1.0,server_sent
fd00::205:5:5:5,3470,3470000,3471000,1.0,server_sent
fd00::205:5:5:5,3481,3481000,3482000,1.0,server_sent
fd00::205:5:5:5,3491,3491000,3492000,1.0,server_sent
fd00::205:5:5:5,3501,3501000,3502000,1.0,server_sent
fd00::205:5:5:5,3512,3512000,3513000,1.0,server_sent
fd00::205:5:5:5,3522,3522000,3523000,1.0,server_sent
fd00::205:5:5:5,3532,3532000,3533000,1.0,server_sent
fd00::205:5:5:5,3542,3542000,3543000,1.0,server_sent
fd00::205:5:5:5,3553,3553000,3554000,1.0,server_sent
fd00::205:5:5:5,3563,3563000,3564000,1.0,server_sent
fd00::205:5:5:5,3573,3573000,3574000,1.0,server_sent
fd00::205:5:5:5,3584,3584000,3585000,1.0,server_sent
fd00::205:5:5:5,3594,3594000,3595000,1.0,server_sent
fd00::206:6:6:6,31,31000,32000,0.0,server_sent
fd00::206:6:6:6,41,41000,42000,1.0,server_sent
fd00::206:6:6:6,51,51000,52000,1.0,server_sent
fd00::206:6:6:6,62,62000,63000,1.0,server_sent
fd00::206:6:6:6,72,72000,73000,1.0,server_sent
fd00::206:6:6:6,82,82000,83000,1.0,server_sent
fd00::206:6:6:6,93,93000,94000,1.0,server_sent
fd00::206:6:6:6,103,103000,104000,1.0,server_sent
fd00::206:6:6:6,114,114000,115000,1.0,server_sent
fd00::206:6:6:6,124,124000,125000,1.0,server_sent
fd00::206:6:6:6,134,134000,135000,1.0,server_sent
fd00::206:6:6:6,145,145000,146000,1.0,server_sent
fd00::206:6:6:6,155,155000,156000,1.0,server_sent
fd00::206:6:6:6,165,165000,166000,1.0,server_sent
fd00::206:6:6:6,176,176000,177000,1.0,server_sent
fd00::206:6:6:6,186,186000,187000,1.0,server_sent
fd00::206:6:6:6,197,197000,198000,1.0,server_sent
fd00::206:6:6:6,207,207000,208000,1.0,server_sent
fd00::206:6:6:6,217,217000,218000,1.0,server_sent
fd00::206:6:6:6,228,228000,229000,1.0,server_sent
fd00::206:6:6:6,238,238000,239000,1.0,server_sent
fd00::206:6:6:6,248,248000,249000,1.0,server_sent
fd00::206:6:6:6,259,259000,260000,1.0,server_sent
fd00::206:6:6:6,269,269000,270000,1.0,server_sent
fd00::206:6:6:6,280,280000,281000,2.0,server_sent
fd00::206:6:6:6,290,290000,291000,1.0,server_sent
fd00::206:6:6:6,300,300000,301000,1.0,server_sent
fd00::206:6:6:6,311,311000,312000,1.0,server_sent
fd00::206:6:6:6,321,321000,322000,1.0,server_sent
fd00::206:6:6:6,332,332000,333000,1.0,server_sent
fd00::206:6:6:6,342,342000,343000,1.0,server_sent
fd00::206:6:6:6,352,352000,353000,1.0,server_sent
fd00::206:6:6:6,363,363000,364000,1.0,server_sent
fd00::206:6:6:6,373,373000,374000,1.0,server_sent
fd00::206:6:6:6,383,383000,384000,1.0,server_sent
fd00::206:6:6:6,394,394000,395000,1.0,server_sent
fd00::206:6:6:6,404,404000,405000,1.0,server_sent
fd00::206:6:6:6,415,415000,416000,1.0,server_sent
fd00::206:6:6:6,425,425000,426000,1.0,server_sent
fd00::206:6:6:6,435,435000,436000,1.0,server_sent
fd00::206:6:6:6,446,446000,447000,1.0,server_sent
fd00::206:6:6:6,456,456000,457000,1.0,server_sent
fd00::206:6:6:6,466,466000,467000,1.0,server_sent
fd00::206:6:6:6,477,477000,478000,1.0,server_sent
fd00::206:6:6:6,487,487000,488000,1.0,server_sent
fd00::206:6:6:6,498,498000,499000,1.0,server_sent
fd00::206:6:6:6,508,508000,509000,1.0,server_sent
fd00::206:6:6:6,518,518000,519000,1.0,server_sent
fd00::206:6:6:6,529,529000,530000,1.0,server_sent
fd00::206:6:6:6,539,539000,540000,1.0,server_sent
fd00::206:6:6:6,549,549000,550000,1.0,server_sent
fd00::206:6:6:6,560,560000,561000,2.0,server_sent
fd00::206:6:6:6,570,570000,571000,1.0,server_sent
fd00::206:6:6:6,581,581000,582000,1.0,server_sent
fd00::206:6:6:6,591,591000,592000,1.0,server_sent
fd00::206:6:6:6,601,601000,602000,1.0,server_sent
fd00::206:6:6:6,612,612000,613000,1.0,server_sent
fd00::206:6:6:6,622,622000,623000,1.0,server_sent
fd00::206:6:6:6,632,632000,633000,1.0,server_sent
fd00::206:6:6:6,643,643000,644000,1.0,server_sent
fd00::206:6:6:6,653,653000,654000,1.0,server_sent
fd00::206:6:6:6,664,664000,665000,1.0,server_sent
fd00::206:6:6:6,674,674000,675000,1.0,server_sent
fd00::206:6:6:6,684,684000,685000,1.0,server_sent
fd00::206:6:6:6,695,695000,696000,1.0,server_sent
fd00::206:6:6:6,705,705000,706000,1.0,server_sent
fd00::206:6:6:6,715,715000,716000,1.0,server_sent
fd00::206:6:6:6,726,726000,727000,1.0,server_sent
fd00::206:6:6:6,736,736000,737000,1.0,server_sent
fd00::206:6:6:6,747,747000,748000,1.0,server_sent
fd00::206:6:6:6,757,757000,758000,1.0,server_sent
fd00::206:6:6:6,767,767000,768000,1.0,server_sent
fd00::206:6:6:6,778,778000,779000,1.0,server_sent
fd00::206:6:6:6,788,788000,789000,1.0,server_sent
fd00::206:6:6:6,798,798000,799000,1.0,server_sent
fd00::206:6:6:6,809,809000,810000,1.0,server_sent
fd00::206:6:6:6,819,819000,820000,1.0,server_sent
fd00::206:6:6:6,830,830000,831000,2.0,server_sent
fd00::206:6:6:6,840,840000,841000,1.0,server_sent
fd00::206:6:6:6,850,850000,851000,1.0,server_sent
fd00::206:6:6:6,861,861000,862000,1.0,server_sent
fd00::206:6:6:6,871,871000,872000,1.0,server_sent
fd00::206:6:6:6,881,881000,882000,1.0,server_sent
fd00::206:6:6:6,892,892000,893000,1.0,server_sent
fd00::206:6:6:6,902,902000,903000,1.0,server_sent
fd00::206:6:6:6,913,913000,914000,1.0,server_sent
fd00::206:6:6:6,923,923000,924000,1.0,server_sent
fd00::206:6:6:6,933,933000,934000,1.0,server_sent
fd00::206:6:6:6,944,944000,945000,1.0,server_sent
fd00::206:6:6:6,954,954000,955000,1.0,server_sent
fd00::206:6:6:6,964,964000,965000,1.0,server_sent
fd00::206:6:6:6,975,975000,976000,1.0,server_sent
fd00::206:6:6:6,985,985000,986000,1.0,server_sent
fd00::206:6:6:6,996,996000,997000,1.0,server_sent
fd00::206:6:6:6,1006,1006000,1007000,1.0,server_sent
fd00::206:6:6:6,1016,1016000,1017000,1.0,server_sent
fd00::206:6:6:6,1027,1027000,1028000,1.0,server_sent
fd00::206:6:6:6,1037,1037000,1038000,1.0,server_sent
fd00::206:6:6:6,1048,1048000,1049000,1.0,server_sent
fd00::206:6:6:6,1058,1058000,1059000,1.0,server_sent
fd00::206:6:6:6,1068,1068000,1069000,1.0,server_sent
fd00::206:6:6:6,1079,1079000,1080000,1.0,server_sent
fd00::206:6:6:6,1089,1089000,1090000,1.0,server_sent
fd00::206:6:6:6,1099,1099000,1100000,1.0,server_sent
fd00::206:6:6:6,1110,1110000,1111000,2.0,server_sent
fd00::206:6:6:6,1120,1120000,1121000,1.0,server_sent
fd00::206:6:6:6,1130,1130000,1131000,1.0,server_sent
fd00::206:6:6:6,1141,1141000,1142000,1.0,server_sent
fd00::206:6:6:6,1151,1151000,1152000,1.0,server_sent
fd00::206:6:6:6,1162,1162000,1163000,1.0,server_sent
fd00::206:6:6:6,1172,1172000,1173000,1.0,server_sent
fd00::206:6:6:6,1182,1182000,1183000,1.0,server_sent
fd00::206:6:6:6,1193,1193000,1194000,1.0,server_sent
fd00::206:6:6:6,1203,1203000,1204000,1.0,server_sent
fd00::206:6:6:6,1214,1214000,1215000,1.0,server_sent
fd00::206:6:6:6,1224,1224000,1225000,1.0,server_sent
fd00::206:6:6:6,1234,1234000,1235000,1.0,server_sent
fd00::206:6:6:6,1245,1245000,1246000,1.0,server_sent
fd00::206:6:6:6,1255,1255000,1256000,1.0,server_sent
fd00::206:6:6:6,1265,1265000,1266000,1.0,server_sent
fd00::206:6:6:6,1276,1276000,1277000,1.0,server_sent
fd00::206:6:6:6,1286,1286000,1287000,1.0,server_sent
fd00::206:6:6:6,1297,1297000,1298000,1.0,server_sent
fd00::206:6:6:6,1307,1307000,1308000,1.0,server_sent
fd00::206:6:6:6,1317,1317000,1318000,1.0,server_sent
fd00::206:6:6:6,1328,1328000,1329000,1.0,server_sent
fd00::206:6:6:6,1338,1338000,1339000,1.0,server_sent
fd00::206:6:6:6,1348,1348000,1349000,1.0,server_sent
fd00::206:6:6:6,1359,1359000,1360000,1.0,server_sent
fd00::206:6:6:6,1369,1369000,1370000,1.0,server_sent
fd00::206:6:6:6,1380,1380000,1381000,2.0,server_sent
fd00::206:6:6:6,1390,1390000,1391000,1.0,server_sent
fd00::206:6:6:6,1400,1400000,1401000,1.0,server_sent
fd00::206:6:6:6,1411,1411000,1412000,1.0,server_sent
fd00::206:6:6:6,1421,1421000,1422000,1.0,server_sent
fd00::206:6:6:6,1431,1431000,1432000,1.0,server_sent
fd00::206:6:6:6,1442,1442000,1443000,1.0,server_sent
fd00::206:6:6:6,1452,1452000,1453000,1.0,server_sent
fd00::206:6:6:6,1463,1463000,1464000,1.0,server_sent
fd00::206:6:6:6,1473,1473000,1474000,1.0,server_sent
fd00::206:6:6:6,1483,1483000,1484000,1.0,server_sent
fd00::206:6:6:6,1494,1494000,1495000,1.0,server_sent
fd00::206:6:6:6,1504,1504000,1505000,1.0,server_sent
fd00::206:6:6:6,1514,1514000,1515000,1.0,server_sent
fd00::206:6:6:6,1525,1525000,1526000,1.0,server_sent
fd00::206:6:6:6,1535,1535000,1536000,1.0,server_sent
fd00::206:6:6:6,1546,1546000,1547000,1.0,server_sent
fd00::206:6:6:6,1556,1556000,1557000,1.0,server_sent
fd00::206:6:6:6,1566,1566000,1567000,1.0,server_sent
fd00::206:6:6:6,1577,1577000,1578000,1.0,server_sent
fd00::206:6:6:6,1587,1587000,1588000,1.0,server_sent
fd00::206:6:6:6,1597,1597000,1598000,1.0,server_sent
fd00::206:6:6:6,1608,1608000,1609000,1.0,server_sent
fd00::206:6:6:6,1618,1618000,1619000,1.0,server_sent
fd00::206:6:6:6,1629,1629000,1630000,1.0,server_sent
fd00::206:6:6:6,1639,1639000,1640000,1.0,server_sent
fd00::206:6:6:6,1649,1649000,1650000,1.0,server_sent
fd00::206:6:6:6,1660,1660000,1661000,2.0,server_sent
fd00::206:6:6:6,1670,1670000,1671000,1.0,server_sent
fd00::206:6:6:6,1680,1680000,1681000,1.0,server_sent
fd00::206:6:6:6,1691,1691000,1692000,1.0,server_sent
fd00::206:6:6:6,1701,1701000,1702000,1.0,server_sent
fd00::206:6:6:6,1712,1712000,1713000,1.0,server_sent
fd00::206:6:6:6,1722,1722000,1723000,1.0,server_sent
fd00::206:6:6:6,1732,1732000,1733000,1.0,server_sent
fd00::206:6:6:6,1743,1743000,1744000,1.0,server_sent
fd00::206:6:6:6,1753,1753000,1754000,1.0,server_sent
fd00::206:6:6:6,1764,1764000,1765000,1.0,server_sent
fd00::206:6:6:6,1774,1774000,1775000,1.0,server_sent
fd00::206:6:6:6,1784,1784000,1785000,1.0,server_sent
fd00::206:6:6:6,1795,1795000,1796000,1.0,server_sent
fd00::206:6:6:6,1805,1805000,1806000,1.0,server_sent
fd00::206:6:6:6,1815,1815000,1816000,1.0,server_sent
fd00::206:6:6:6,1826,1826000,1827000,1.0,server_sent
fd00::206:6:6:6,1836,1836000,1837000,1.0,server_sent
fd00::206:6:6:6,1847,1847000,1848000,1.0,server_sent
fd00::206:6:6:6,1857,1857000,1858000,1.0,server_sent
fd00::206:6:6:6,1867,1867000,1868000,1.0,server_sent
fd00::206:6:6:6,1878,1878000,1879000,1.0,server_sent
fd00::206:6:6:6,1888,1888000,1889000,1.0,server_sent
fd00::206:6:6:6,1898,1898000,1899000,1.0,server_sent
fd00::206:6:6:6,1909,1909000,1910000,1.0,server_sent
fd00::206:6:6:6,1919,1919000,1920000,1.0,server_sent
fd00::206:6:6:6,1930,1930000,1931000,2.0,server_sent
fd00::206:6:6:6,1940,1940000,1941000,1.0,server_sent
fd00::206:6:6:6,1950,1950000,1951000,1.0,server_sent
fd00::206:6:6:6,1961,1961000,1962000,1.0,server_sent
fd00::206:6:6:6,1971,1971000,1972000,1.0,server_sent
fd00::206:6:6:6,1981,1981000,1982000,1.0,server_sent
fd00::206:6:6:6,1992,1992000,1993000,1.0,server_sent
fd00::206:6:6:6,2002,2002000,2003000,1.0,server_sent
fd00::206:6:6:6,2013,2013000,2014000,1.0,server_sent
fd00::206:6:6:6,2023,2023000,2024000,1.0,server_sent
fd00::206:6:6:6,2033,2033000,2034000,1.0,server_sent
fd00::206:6:6:6,2044,2044000,2045000,1.0,server_sent
fd00::206:6:6:6,2054,2054000,2055000,1.0,server_sent
fd00::206:6:6:6,2064,2064000,2065000,1.0,server_sent
fd00::206:6:6:6,2075,2075000,2076000,1.0,server_sent
fd00::206:6:6:6,2085,2085000,2086000,1.0,server_sent
fd00::206:6:6:6,2096,2096000,2097000,1.0,server_sent
fd00::206:6:6:6,2106,2106000,2107000,1.0,server_sent
fd00::206:6:6:6,2116,2116000,2117000,1.0,server_sent
fd00::206:6:6:6,2127,2127000,2128000,1.0,server_sent
fd00::206:6:6:6,2137,2137000,2138000,1.0,server_sent
fd00::206:6:6:6,2147,2147000,2148000,1.0,server_sent
fd00::206:6:6:6,2158,2158000,2159000,1.0,server_sent
fd00::206:6:6:6,2168,2168000,2169000,1.0,server_sent
fd00::206:6:6:6,2179,2179000,2180000,1.0,server_sent
fd00::206:6:6:6,2189,2189000,2190000,1.0,server_sent
fd00::206:6:6:6,2199,2199000,2200000,1.0,server_sent
fd00::206:6:6:6,2210,2210000,2211000,2.0,server_sent
fd00::206:6:6:6,2220,2220000,2221000,1.0,server_sent
fd00::206:6:6:6,2230,2230000,2231000,1.0,server_sent
fd00::206:6:6:6,2241,2241000,2242000,1.0,server_sent
fd00::206:6:6:6,2251,2251000,2252000,1.0,server_sent
fd00::206:6:6:6,2262,2262000,2263000,1.0,server_sent
fd00::206:6:6:6,2272,2272000,2273000,1.0,server_sent
fd00::206:6:6:6,2282,2282000,2283000,1.0,server_sent
fd00::206:6:6:6,2293,2293000,2294000,1.0,server_sent
fd00::206:6:6:6,2303,2303000,2304000,1.0,server_sent
fd00::206:6:6:6,2313,2313000,2314000,1.0,server_sent
fd00::206:6:6:6,2324,2324000,2325000,1.0,server_sent
fd00::206:6:6:6,2334,2334000,2335000,1.0,server_sent
fd00::206:6:6:6,2345,2345000,2346000,1.0,server_sent
fd00::206:6:6:6,2355,2355000,2356000,1.0,server_sent
fd00::206:6:6:6,2365,2365000,2366000,1.0,server_sent
fd00::206:6:6:6,2376,2376000,2377000,1.0,server_sent
fd00::206:6:6:6,2386,2386000,2387000,1.0,server_sent
fd00::206:6:6:6,2397,2397000,2398000,1.0,server_sent
fd00::206:6:6:6,2407,2407000,2408000,1.0,server_sent
fd00::206:6:6:6,2417,2417000,2418000,1.0,server_sent
fd00::206:6:6:6,2428,2428000,2429000,1.0,server_sent
fd00::206:6:6:6,2438,2438000,2439000,1.0,server_sent
fd00::206:6:6:6,2448,2448000,2449000,1.0,server_sent
fd00::206:6:6:6,2459,2459000,2460000,1.0,server_sent
fd00::206:6:6:6,2469,2469000,2470000,1.0,server_sent
fd00::206:6:6:6,2480,2480000,2481000,2.0,server_sent
fd00::206:6:6:6,2490,2490000,2491000,1.0,server_sent
fd00::206:6:6:6,2500,2500000,2501000,1.0,server_sent
fd00::206:6:6:6,2511,2511000,2512000,1.0,server_sent
fd00::206:6:6:6,2521,2521000,2522000,1.0,server_sent
fd00::206:6:6:6,2531,2531000,2532000,1.0,server_sent
fd00::206:6:6:6,2542,2542000,2543000,1.0,server_sent
fd00::206:6:6:6,2552,2552000,2553000,1.0,server_sent
fd00::206:6:6:6,2563,2563000,2564000,1.0,server_sent
fd00::206:6:6:6,2573,2573000,2574000,1.0,server_sent
fd00::206:6:6:6,2583,2583000,2584000,1.0,server_sent
fd00::206:6:6:6,2594,2594000,2595000,1.0,server_sent
fd00::206:6:6:6,2604,2604000,2605000,1.0,server_sent
fd00::206:6:6:6,2614,2614000,2615000,1.0,server_sent
fd00::206:6:6:6,2625,2625000,2626000,1.0,server_sent
fd00::206:6:6:6,2635,2635000,2636000,1.0,server_sent
fd00::206:6:6:6,2646,2646000,2647000,1.0,server_sent
fd00::206:6:6:6,2656,2656000,2657000,1.0,server_sent
fd00::206:6:6:6,2666,2666000,2667000,1.0,server_sent
fd00::206:6:6:6,2677,2677000,2678000,1.0,server_sent
fd00::206:6:6:6,2687,2687000,2688000,1.0,server_sent
fd00::206:6:6:6,2697,2697000,2698000,1.0,server_sent
fd00::206:6:6:6,2708,2708000,2709000,1.0,server_sent
fd00::206:6:6:6,2718,2718000,2719000,1.0,server_sent
fd00::206:6:6:6,2729,2729000,2730000,1.0,server_sent
fd00::206:6:6:6,2739,2739000,2740000,1.0,server_sent
fd00::206:6:6:6,2749,2749000,2750000,1.0,server_sent
fd00::206:6:6:6,2760,2760000,2761000,2.0,server_sent
fd00::206:6:6:6,2770,2770000,2771000,1.0,server_sent
fd00::206:6:6:6,2780,2780000,2781000,1.0,server_sent
fd00::206:6:6:6,2791,2791000,2792000,1.0,server_sent
fd00::206:6:6:6,2801,2801000,2802000,1.0,server_sent
fd00::206:6:6:6,2812,2812000,2813000,1.0,server_sent
fd00::206:6:6:6,2822,2822000,2823000,1.0,server_sent
fd00::206:6:6:6,2832,2832000,2833000,1.0,server_sent
fd00::206:6:6:6,2843,2843000,2844000,1.0,server_sent
fd00::206:6:6:6,2853,2853000,2854000,1.0,server_sent
fd00::206:6:6:6,2863,2863000,2864000,1.0,server_sent
fd00::206:6:6:6,2874,2874000,2875000,1.0,server_sent
fd00::206:6:6:6,2884,2884000,2885000,1.0,server_sent
fd00::206:6:6:6,2895,2895000,2896000,1.0,server_sent
fd00::206:6:6:6,2905,2905000,2906000,1.0,server_sent
fd00::206:6:6:6,2915,2915000,2916000,1.0,server_sent
fd00::206:6:6:6,2926,2926000,2927000,1.0,server_sent
fd00::206:6:6:6,2936,2936000,2937000,1.0,server_sent
fd00::206:6:6:6,2946,2946000,2947000,1.0,server_sent
fd00::206:6:6:6,2957,2957000,2958000,1.0,server_sent
fd00::206:6:6:6,2967,2967000,2968000,1.0,server_sent
fd00::206:6:6:6,2978,2978000,2979000,1.0,server_sent
fd00::206:6:6:6,2988,2988000,2989000,1.0,server_sent
fd00::206:6:6:6,2998,2998000,2999000,1.0,server_sent
fd00::206:6:6:6,3009,3009000,3010000,1.0,server_sent
fd00::206:6:6:6,3019,3019000,3020000,1.0,server_sent
fd00::206:6:6:6,3029,3029000,3030000,1.0,server_sent
fd00::206:6:6:6,3040,3040000,3041000,2.0,server_sent
fd00::206:6:6:6,3050,3050000,3051000,1.0,server_sent
fd00::206:6:6:6,3061,3061000,3062000,1.0,server_sent
fd00::206:6:6:6,3071,3071000,3072000,1.0,server_sent
fd00::206:6:6:6,3081,3081000,3082000,1.0,server_sent
fd00::206:6:6:6,3092,3092000,3093000,1.0,server_sent
fd00::206:6:6:6,3102,3102000,3103000,1.0,server_sent
fd00::206:6:6:6,3113,3113000,3114000,1.0,server_sent
fd00::206:6:6:6,3123,3123000,3124000,1.0,server_sent
fd00::206:6:6:6,3133,3133000,3134000,1.0,server_sent
fd00::206:6:6:6,3144,3144000,3145000,1.0,server_sent
fd00::206:6:6:6,3154,3154000,3155000,1.0,server_sent
fd00::206:6:6:6,3164,3164000,3165000,1.0,server_sent
fd00::206:6:6:6,3175,3175000,3176000,1.0,server_sent
fd00::206:6:6:6,3185,3185000,3186000,1.0,server_sent
fd00::206:6:6:6,3196,3196000,3197000,1.0,server_sent
fd00::206:6:6:6,3206,3206000,3207000,1.0,server_sent
fd00::206:6:6:6,3216,3216000,3217000,1.0,server_sent
fd00::206:6:6:6,3227,3227000,3228000,1.0,server_sent
fd00::206:6:6:6,3237,3237000,3238000,1.0,server_sent
fd00::206:6:6:6,3247,3247000,3248000,1.0,server_sent
fd00::206:6:6:6,3258,3258000,3259000,1.0,server_sent
fd00::206:6:6:6,3268,3268000,3269000,1.0,server_sent
fd00::206:6:6:6,3279,3279000,3280000,1.0,server_sent
fd00::206:6:6:6,3289,3289000,3290000,1.0,server_sent
fd00::206:6:6:6,3299,3299000,3300000,1.0,server_sent
fd00::206:6:6:6,3310,3310000,3311000,2.0,server_sent
fd00::206:6:6:6,3320,3320000,3321000,1.0,server_sent
fd00::206:6:6:6,3330,3330000,3331000,1.0,server_sent
fd00::206:6:6:6,3341,3341000,3342000,1.0,server_sent
fd00::206:6:6:6,3351,3351000,3352000,1.0,server_sent
fd00::206:6:6:6,3362,3362000,3363000,1.0,server_sent
fd00::206:6:6:6,3372,3372000,3373000,1.0,server_sent
fd00::206:6:6:6,3382,3382000,3383000,1.0,server_sent
fd00::206:6:6:6,3393,3393000,3394000,1.0,server_sent
fd00::206:6:6:6,3403,3403000,3404000,1.0,server_sent
fd00::206:6:6:6,3413,3413000,3414000,1.0,server_sent
fd00::206:6:6:6,3424,3424000,3425000,1.0,server_sent
fd00::206:6:6:6,3434,3434000,3435000,1.0,server_sent
fd00::206:6:6:6,3445,3445000,3446000,1.0,server_sent
fd00::206:6:6:6,3455,3455000,3456000,1.0,server_sent
fd00::206:6:6:6,3465,3465000,3466000,1.0,server_sent
fd00::206:6:6:6,3476,3476000,3477000,1.0,server_sent
fd00::206:6:6:6,3486,3486000,3487000,1.0,server_sent
fd00::206:6:6:6,3496,3496000,3497000,1.0,server_sent
fd00::206:6:6:6,3507,3507000,3508000,1.0,server_sent
fd00::206:6:6:6,3517,3517000,3518000,1.0,server_sent
fd00::206:6:6:6,3528,3528000,3529000,1.0,server_sent
fd00::206:6:6:6,3538,3538000,3539000,1.0,server_sent
fd00::206:6:6:6,3548,3548000,3549000,1.0,server_sent
fd00::206:6:6:6,3559,3559000,3560000,1.0,server_sent
fd00::206:6:6:6,3569,3569000,3570000,1.0,server_sent
fd00::206:6:6:6,3579,3579000,3580000,1.0,server_sent
fd00::206:6:6:6,3590,3590000,3591000,2.0,server_sent
fd00::207:7:7:7,21,21000,22000,0.0,server_sent
fd00::207:7:7:7,32,32000,33000,1.0,server_sent
fd00::207:7:7:7,42,42000,43000,1.0,server_sent
fd00::207:7:7:7,53,53000,54000,1.0,server_sent
fd00::207:7:7:7,64,64000,65000,1.0,server_sent
fd00::207:7:7:7,75,75000,76000,1.0,server_sent
fd00::207:7:7:7,85,85000,86000,1.0,server_sent
fd00::207:7:7:7,96,96000,97000,1.0,server_sent
fd00::207:7:7:7,107,107000,108000,1.0,server_sent
fd00::207:7:7:7,117,117000,118000,1.0,server_sent
fd00::207:7:7:7,128,128000,129000,1.0,server_sent
fd00::207:7:7:7,139,139000,140000,1.0,server_sent
fd00::207:7:7:7,150,150000,151000,2.0,server_sent
fd00::207:7:7:7,160,160000,161000,1.0,server_sent
fd00::207:7:7:7,171,171000,172000,1.0,server_sent
fd00::207:7:7:7,182,182000,183000,1.0,server_sent
fd00::207:7:7:7,193,193000,194000,1.0,server_sent
fd00::207:7:7:7,203,203000,204000,1.0,server_sent
fd00::207:7:7:7,214,214000,215000,1.0,server_sent
fd00::207:7:7:7,225,225000,226000,1.0,server_sent
fd00::207:7:7:7,235,235000,236000,1.0,server_sent
fd00::207:7:7:7,246,246000,247000,1.0,server_sent
fd00::207:7:7:7,257,257000,258000,1.0,server_sent
fd00::207:7:7:7,268,268000,269000,1.0,server_sent
fd00::207:7:7:7,278,278000,279000,1.0,server_sent
fd00::207:7:7:7,289,289000,290000,1.0,server_sent
fd00::207:7:7:7,300,300000,301000,2.0,server_sent
fd00::207:7:7:7,310,310000,311000,1.0,server_sent
fd00::207:7:7:7,321,321000,322000,1.0,server_sent
fd00::207:7:7:7,332,332000,333000,1.0,server_sent
fd00::207:7:7:7,343,343000,344000,1.0,server_sent
fd00::207:7:7:7,353,353000,354000,1.0,server_sent
fd00::207:7:7:7,364,364000,365000,1.0,server_sent
fd00::207:7:7:7,375,375000,376000,1.0,server_sent
fd00::207:7:7:7,385,385000,386000,1.0,server_sent
fd00::207:7:7:7,396,396000,397000,1.0,server_sent
fd00::207:7:7:7,407,407000,408000,1.0,server_sent
fd00::207:7:7:7,418,418000,419000,1.0,server_sent
fd00::207:7:7:7,428,428000,429000,1.0,server_sent
fd00::207:7:7:7,439,439000,440000,1.0,server_sent
fd00::207:7:7:7,450,450000,451000,2.0,server_sent
fd00::207:7:7:7,461,461000,462000,1.0,server_sent
fd00::207:7:7:7,471,471000,472000,1.0,server_sent
fd00::207:7:7:7,482,482000,483000,1.0,server_sent
fd00::207:7:7:7,493,493000,494000,1.0,server_sent
fd00::207:7:7:7,503,503000,504000,1.0,server_sent
fd00::207:7:7:7,514,514000,515000,1.0,server_sent
fd00::207:7:7:7,525,525000,526000,1.0,server_sent
fd00::207:7:7:7,536,536000,537000,1.0,server_sent
fd00::207:7:7:7,546,546000,547000,1.0,server_sent
fd00::207:7:7:7,557,557000,558000,1.0,server_sent
fd00::207:7:7:7,568,568000,569000,1.0,server_sent
fd00::207:7:7:7,578,578000,579000,1.0,server_sent
fd00::207:7:7:7,589,589000,590000,1.0,server_sent
fd00::207:7:7:7,600,600000,601000,2.0,server_sent
fd00::207:7:7:7,611,611000,612000,1.0,server_sent
fd00::207:7:7:7,621,621000,622000,1.0,server_sent
fd00::207:7:7:7,632,632000,633000,1.0,server_sent
fd00::207:7:7:7,643,643000,644000,1.0,server_sent
fd00::207:7:7:7,653,653000,654000,1.0,server_sent
fd00::207:7:7:7,664,664000,665000,1.0,server_sent
fd00::207:7:7:7,675,675000,676000,1.0,server_sent
fd00::207:7:7:7,686,686000,687000,1.0,server_sent
fd00::207:7:7:7,696,696000,697000,1.0,server_sent
fd00::207:7:7:7,707,707000,708000,1.0,server_sent
fd00::207:7:7:7,718,718000,719000,1.0,server_sent
fd00::207:7:7:7,729,729000,730000,1.0,server_sent
fd00::207:7:7:7,739,739000,740000,1.0,server_sent
fd00::207:7:7:7,750,750000,751000,2.0,server_sent
fd00::207:7:7:7,761,761000,762000,1.0,server_sent
fd00::207:7:7:7,771,771000,772000,1.0,server_sent
fd00::207:7:7:7,782,782000,783000,1.0,server_sent
fd00::207:7:7:7,793,793000,794000,1.0,server_sent
fd00::207:7:7:7,804,804000,805000,1.0,server_sent
fd00::207:7:7:7,814,814000,815000,1.0,server_sent
fd00::207:7:7:7,825,825000,826000,1.0,server_sent
fd00::207:7:7:7,836,836000,837000,1.0,server_sent
fd00::207:7:7:7,846,846000,847000,1.0,server_sent
fd00::207:7:7:7,857,857000,858000,1.0,server_sent
fd00::207:7:7:7,868,868000,869000,1.0,server_sent
fd00::207:7:7:7,879,879000,880000,1.0,server_sent
fd00::207:7:7:7,889,889000,890000,1.0,server_sent
fd00::207:7:7:7,900,900000,901000,2.0,server_sent
fd00::207:7:7:7,911,911000,912000,1.0,server_sent
fd00::207:7:7:7,921,921000,922000,1.0,server_sent
fd00::207:7:7:7,932,932000,933000,1.0,server_sent
fd00::207:7:7:7,943,943000,944000,1.0,server_sent
fd00::207:7:7:7,954,954000,955000,1.0,server_sent
fd00::207:7:7:7,964,964000,965000,1.0,server_sent
fd00::207:7:7:7,975,975000,976000,1.0,server_sent
fd00::207:7:7:7,986,986000,987000,1.0,server_sent
fd00::207:7:7:7,997,997000,998000,1.0,server_sent
fd00::207:7:7:7,1007,1007000,1008000,1.0,server_sent
fd00::207:7:7:7,1018,1018000,1019000,1.0,server_sent
fd00::207:7:7:7,1029,1029000,1030000,1.0,server_sent
fd00::207:7:7:7,1039,1039000,1040000,1.0,server_sent
fd00::207:7:7:7,1050,1050000,1051000,2.0,server_sent
fd00::207:7:7:7,1061,1061000,1062000,1.0,server_sent
fd00::207:7:7:7,1072,1072000,1073000,1.0,server_sent
fd00::207:7:7:7,1082,1082000,1083000,1.0,server_sent
fd00::207:7:7:7,1093,1093000,1094000,1.0,server_sent
fd00::207:7:7:7,1104,1104000,1105000,1.0,server_sent
fd00::207:7:7:7,1114,1114000,1115000,1.0,server_sent
fd00::207:7:7:7,1125,1125000,1126000,1.0,server_sent
fd00::207:7:7:7,1136,1136000,1137000,1.0,server_sent
fd00::207:7:7:7,1147,1147000,1148000,1.0,server_sent
fd00::207:7:7:7,1157,1157000,1158000,1.0,server_sent
fd00::207:7:7:7,1168,1168000,1169000,1.0,server_sent
fd00::207:7:7:7,1179,1179000,1180000,1.0,server_sent
fd00::207:7:7:7,1189,1189000,1190000,1.0,server_sent
fd00::207:7:7:7,1200,1200000,1201000,2.0,server_sent
fd00::207:7:7:7,1211,1211000,1212000,1.0,server_sent
fd00::207:7:7:7,1222,1222000,1223000,1.0,server_sent
fd00::207:7:7:7,1232,1232000,1233000,1.0,server_sent
fd00::207:7:7:7,1243,1243000,1244000,1.0,server_sent
fd00::207:7:7:7,1254,1254000,1255000,1.0,server_sent
fd00::207:7:7:7,1265,1265000,1266000,1.0,server_sent
fd00::207:7:7:7,1275,1275000,1276000,1.0,server_sent
fd00::207:7:7:7,1286,1286000,1287000,1.0,server_sent
fd00::207:7:7:7,1297,1297000,1298000,1.0,server_sent
fd00::207:7:7:7,1307,1307000,1308000,1.0,server_sent
fd00::207:7:7:7,1318,1318000,1319000,1.0,server_sent
fd00::207:7:7:7,1329,1329000,1330000,1.0,server_sent
fd00::207:7:7:7,1340,1340000,1341000,2.0,server_sent
fd00::207:7:7:7,1350,1350000,1351000,1.0,server_sent
fd00::207:7:7:7,1361,1361000,1362000,1.0,server_sent
fd00::207:7:7:7,1372,1372000,1373000,1.0,server_sent
fd00::207:7:7:7,1382,1382000,1383000,1.0,server_sent
fd00::207:7:7:7,1393,1393000,1394000,1.0,server_sent
fd00::207:7:7:7,1404,1404000,1405000,1.0,server_sent
fd00::207:7:7:7,1415,1415000,1416000,1.0,server_sent
fd00::207:7:7:7,1425,1425000,1426000,1.0,server_sent
fd00::207:7:7:7,1436,1436000,1437000,1.0,server_sent
fd00::207:7:7:7,1447,1447000,1448000,1.0,server_sent
fd00::207:7:7:7,1457,1457000,1458000,1.0,server_sent
fd00::207:7:7:7,1468,1468000,1469000,1.0,server_sent
fd00::207:7:7:7,1479,1479000,1480000,1.0,server_sent
fd00::207:7:7:7,1490,1490000,1491000,2.0,server_sent
fd00::207:7:7:7,1500,1500000,1501000,1.0,server_sent
fd00::207:7:7:7,1511,1511000,1512000,1.0,server_sent
fd00::207:7:7:7,1522,1522000,1523000,1.0,server_sent
fd00::207:7:7:7,1533,1533000,1534000,1.0,server_sent
fd00::207:7:7:7,1543,1543000,1544000,1.0,server_sent
fd00::207:7:7:7,1554,1554000,1555000,1.0,server_sent
fd00::207:7:7:7,1565,1565000,1566000,1.0,server_sent
fd00::207:7:7:7,1575,1575000,1576000,1.0,server_sent
fd00::207:7:7:7,1586,1586000,1587000,1.0,server_sent
fd00::207:7:7:7,1597,1597000,1598000,1.0,server_sent
fd00::207:7:7:7,1608,1608000,1609000,1.0,server_sent
fd00::207:7:7:7,1618,1618000,1619000,1.0,server_sent
fd00::207:7:7:7,1629,1629000,1630000,1.0,server_sent
fd00::207:7:7:7,1640,1640000,1641000,2.0,server_sent
fd00::207:7:7:7,1650,1650000,1651000,1.0,server_sent
fd00::207:7:7:7,1661,1661000,1662000,1.0,server_sent
fd00::207:7:7:7,1672,1672000,1673000,1.0,server_sent
fd00::207:7:7:7,1683,1683000,1684000,1.0,server_sent
fd00::207:7:7:7,1693,1693000,1694000,1.0,server_sent
fd00::207:7:7:7,1704,1704000,1705000,1.0,server_sent
fd00::207:7:7:7,1715,1715000,1716000,1.0,server_sent
fd00::207:7:7:7,1725,1725000,1726000,1.0,server_sent
fd00::207:7:7:7,1736,1736000,1737000,1.0,server_sent
fd00::207:7:7:7,1747,1747000,1748000,1.0,server_sent
fd00::207:7:7:7,1758,1758000,1759000,1.0,server_sent
fd00::207:7:7:7,1768,1768000,1769000,1.0,server_sent
fd00::207:7:7:7,1779,1779000,1780000,1.0,server_sent
fd00::207:7:7:7,1790,1790000,1791000,2.0,server_sent
fd00::207:7:7:7,1800,1800000,1801000,1.0,server_sent
fd00::207:7:7:7,1811,1811000,1812000,1.0,server_sent
fd00::207:7:7:7,1822,1822000,1823000,1.0,server_sent
fd00::207:7:7:7,1833,1833000,1834000,1.0,server_sent
fd00::207:7:7:7,1843,1843000,1844000,1.0,server_sent
fd00::207:7:7:7,1854,1854000,1855000,1.0,server_sent
fd00::207:7:7:7,1865,1865000,1866000,1.0,server_sent
fd00::207:7:7:7,1876,1876000,1877000,1.0,server_sent
fd00::207:7:7:7,1886,1886000,1887000,1.0,server_sent
fd00::207:7:7:7,1897,1897000,1898000,1.0,server_sent
fd00::207:7:7:7,1908,1908000,1909000,1.0,server_sent
fd00::207:7:7:7,1918,1918000,1919000,1.0,server_sent
fd00::207:7:7:7,1929,1929000,1930000,1.0,server_sent
fd00::207:7:7:7,1940,1940000,1941000,2.0,server_sent
fd00::207:7:7:7,1951,1951000,1952000,1.0,server_sent
fd00::207:7:7:7,1961,1961000,1962000,1.0,server_sent
fd00::207:7:7:7,1972,1972000,1973000,1.0,server_sent
fd00::207:7:7:7,1983,1983000,1984000,1.0,server_sent
fd00::207:7:7:7,1993,1993000,1994000,1.0,server_sent
fd00::207:7:7:7,2004,2004000,2005000,1.0,server_sent
fd00::207:7:7:7,2015,2015000,2016000,1.0,server_sent
fd00::207:7:7:7,2026,2026000,2027000,1.0,server_sent
fd00::207:7:7:7,2036,2036000,2037000,1.0,server_sent
fd00::207:7:7:7,2047,2047000,2048000,1.0,server_sent
fd00::207:7:7:7,2058,2058000,2059000,1.0,server_sent
fd00::207:7:7:7,2069,2069000,2070000,1.0,server_sent
fd00::207:7:7:7,2079,2079000,2080000,1.0,server_sent
fd00::207:7:7:7,2090,2090000,2091000,2.0,server_sent
fd00::207:7:7:7,2101,2101000,2102000,1.0,server_sent
fd00::207:7:7:7,2111,2111000,2112000,1.0,server_sent
fd00::207:7:7:7,2122,2122000,2123000,1.0,server_sent
fd00::207:7:7:7,2133,2133000,2134000,1.0,server_sent
fd00::207:7:7:7,2144,2144000,2145000,1.0,server_sent
fd00::207:7:7:7,2154,2154000,2155000,1.0,server_sent
fd00::207:7:7:7,2165,2165000,2166000,1.0,server_sent
fd00::207:7:7:7,2176,2176000,2177000,1.0,server_sent
fd00::207:7:7:7,2186,2186000,2187000,1.0,server_sent
fd00::207:7:7:7,2197,2197000,2198000,1.0,server_sent
fd00::207:7:7:7,2208,2208000,2209000,1.0,server_sent
fd00::207:7:7:7,2219,2219000,2220000,1.0,server_sent
fd00::207:7:7:7,2229,2229000,2230000,1.0,server_sent
fd00::207:7:7:7,2240,2240000,2241000,2.0,server_sent
fd00::207:7:7:7,2251,2251000,2252000,1.0,server_sent
fd00::207:7:7:7,2261,2261000,2262000,1.0,server_sent
fd00::207:7:7:7,2272,2272000,2273000,1.0,server_sent
fd00::207:7:7:7,2283,2283000,2284000,1.0,server_sent
fd00::207:7:7:7,2294,2294000,2295000,1.0,server_sent
fd00::207:7:7:7,2304,2304000,2305000,1.0,server_sent
fd00::207:7:7:7,2315,2315000,2316000,1.0,server_sent
fd00::207:7:7:7,2326,2326000,2327000,1.0,server_sent
fd00::207:7:7:7,2337,2337000,2338000,1.0,server_sent
fd00::207:7:7:7,2347,2347000,2348000,1.0,server_sent
fd00::207:7:7:7,2358,2358000,2359000,1.0,server_sent
fd00::207:7:7:7,2369,2369000,2370000,1.0,server_sent
fd00::207:7:7:7,2379,2379000,2380000,1.0,server_sent
fd00::207:7:7:7,2390,2390000,2391000,2.0,server_sent
fd00::207:7:7:7,2401,2401000,2402000,1.0,server_sent
fd00::207:7:7:7,2412,2412000,2413000,1.0,server_sent
fd00::207:7:7:7,2422,2422000,2423000,1.0,server_sent
fd00::207:7:7:7,2433,2433000,2434000,1.0,server_sent
fd00::207:7:7:7,2444,2444000,2445000,1.0,server_sent
fd00::207:7:7:7,2454,2454000,2455000,1.0,server_sent
fd00::207:7:7:7,2465,2465000,2466000,1.0,server_sent
fd00::207:7:7:7,2476,2476000,2477000,1.0,server_sent
fd00::207:7:7:7,2487,2487000,2488000,1.0,server_sent
fd00::207:7:7:7,2497,2497000,2498000,1.0,server_sent
fd00::207:7:7:7,2508,2508000,2509000,1.0,server_sent
fd00::207:7:7:7,2519,2519000,2520000,1.0,server_sent
fd00::207:7:7:7,2529,2529000,2530000,1.0,server_sent
fd00::207:7:7:7,2540,2540000,2541000,2.0,server_sent
fd00::207:7:7:7,2551,2551000,2552000,1.0,server_sent
fd00::207:7:7:7,2562,2562000,2563000,1.0,server_sent
fd00::207:7:7:7,2572,2572000,2573000,1.0,server_sent
fd00::207:7:7:7,2583,2583000,2584000,1.0,server_sent
fd00::207:7:7:7,2594,2594000,2595000,1.0,server_sent
fd00::207:7:7:7,2605,2605000,2606000,1.0,server_sent
fd00::207:7:7:7,2615,2615000,2616000,1.0,server_sent
fd00::207:7:7:7,2626,2626000,2627000,1.0,server_sent
fd00::207:7:7:7,2637,2637000,2638000,1.0,server_sent
fd00::207:7:7:7,2647,2647000,2648000,1.0,server_sent
fd00::207:7:7:7,2658,2658000,2659000,1.0,server_sent
fd00::207:7:7:7,2669,2669000,2670000,1.0,server_sent
fd00::207:7:7:7,2680,2680000,2681000,2.0,server_sent
fd00::207:7:7:7,2690,2690000,2691000,1.0,server_sent
fd00::207:7:7:7,2701,2701000,2702000,1.0,server_sent
fd00::207:7:7:7,2712,2712000,2713000,1.0,server_sent
fd00::207:7:7:7,2722,2722000,2723000,1.0,server_sent
fd00::207:7:7:7,2733,2733000,2734000,1.0,server_sent
fd00::207:7:7:7,2744,2744000,2745000,1.0,server_sent
fd00::207:7:7:7,2755,2755000,2756000,1.0,server_sent
fd00::207:7:7:7,2765,2765000,2766000,1.0,server_sent
fd00::207:7:7:7,2776,2776000,2777000,1.0,server_sent
fd00::207:7:7:7,2787,2787000,2788000,1.0,server_sent
fd00::207:7:7:7,2797,2797000,2798000,1.0,server_sent
fd00::207:7:7:7,2808,2808000,2809000,1.0,server_sent
fd00::207:7:7:7,2819,2819000,2820000,1.0,server_sent
fd00::207:7:7:7,2830,2830000,2831000,2.0,server_sent
fd00::207:7:7:7,2840,2840000,2841000,1.0,server_sent
fd00::207:7:7:7,2851,2851000,2852000,1.0,server_sent
fd00::207:7:7:7,2862,2862000,2863000,1.0,server_sent
fd00::207:7:7:7,2873,2873000,2874000,1.0,server_sent
fd00::207:7:7:7,2883,2883000,2884000,1.0,server_sent
fd00::207:7:7:7,2894,2894000,2895000,1.0,server_sent
fd00::207:7:7:7,2905,2905000,2906000,1.0,server_sent
fd00::207:7:7:7,2915,2915000,2916000,1.0,server_sent
fd00::207:7:7:7,2926,2926000,2927000,1.0,server_sent
fd00::207:7:7:7,2937,2937000,2938000,1.0,server_sent
fd00::207:7:7:7,2948,2948000,2949000,1.0,server_sent
fd00::207:7:7:7,2958,2958000,2959000,1.0,server_sent
fd00::207:7:7:7,2969,2969000,2970000,1.0,server_sent
fd00::207:7:7:7,2980,2980000,2981000,2.0,server_sent
fd00::207:7:7:7,2990,2990000,2991000,1.0,server_sent
fd00::207:7:7:7,3001,3001000,3002000,1.0,server_sent
fd00::207:7:7:7,3012,3012000,3013000,1.0,server_sent
fd00::207:7:7:7,3023,3023000,3024000,1.0,server_sent
fd00::207:7:7:7,3033,3033000,3034000,1.0,server_sent
fd00::207:7:7:7,3044,3044000,3045000,1.0,server_sent
fd00::207:7:7:7,3055,3055000,3056000,1.0,server_sent
fd00::207:7:7:7,3066,3066000,3067000,1.0,server_sent
fd00::207:7:7:7,3076,3076000,3077000,1.0,server_sent
fd00::207:7:7:7,3087,3087000,3088000,1.0,server_sent
fd00::207:7:7:7,3098,3098000,3099000,1.0,server_sent
fd00::207:7:7:7,3108,3108000,3109000,1.0,server_sent
fd00::207:7:7:7,3119,3119000,3120000,1.0,server_sent
fd00::207:7:7:7,3130,3130000,3131000,2.0,server_sent
fd00::207:7:7:7,3141,3141000,3142000,1.0,server_sent
fd00::207:7:7:7,3151,3151000,3152000,1.0,server_sent
fd00::207:7:7:7,3162,3162000,3163000,1.0,server_sent
fd00::207:7:7:7,3173,3173000,3174000,1.0,server_sent
fd00::207:7:7:7,3183,3183000,3184000,1.0,server_sent
fd00::207:7:7:7,3194,3194000,3195000,1.0,server_sent
fd00::207:7:7:7,3205,3205000,3206000,1.0,server_sent
fd00::207:7:7:7,3216,3216000,3217000,1.0,server_sent
fd00::207:7:7:7,3226,3226000,3227000,1.0,server_sent
fd00::207:7:7:7,3237,3237000,3238000,1.0,server_sent
fd00::207:7:7:7,3248,3248000,3249000,1.0,server_sent
fd00::207:7:7:7,3258,3258000,3259000,1.0,server_sent
fd00::207:7:7:7,3269,3269000,3270000,1.0,server_sent
fd00::207:7:7:7,3280,3280000,3281000,2.0,server_sent
fd00::207:7:7:7,3291,3291000,3292000,1.0,server_sent
fd00::207:7:7:7,3301,3301000,3302000,1.0,server_sent
fd00::207:7:7:7,3312,3312000,3313000,1.0,server_sent
fd00::207:7:7:7,3323,3323000,3324000,1.0,server_sent
fd00::207:7:7:7,3333,3333000,3334000,1.0,server_sent
fd00::207:7:7:7,3344,3344000,3345000,1.0,server_sent
fd00::207:7:7:7,3355,3355000,3356000,1.0,server_sent
fd00::207:7:7:7,3366,3366000,3367000,1.0,server_sent
fd00::207:7:7:7,3376,3376000,3377000,1.0,server_sent
fd00::207:7:7:7,3387,3387000,3388000,1.0,server_sent
fd00::207:7:7:7,3398,3398000,3399000,1.0,server_sent
fd00::207:7:7:7,3408,3408000,3409000,1.0,server_sent
fd00::207:7:7:7,3419,3419000,3420000,1.0,server_sent
fd00::207:7:7:7,3430,3430000,3431000,2.0,server_sent
fd00::207:7:7:7,3441,3441000,3442000,1.0,server_sent
fd00::207:7:7:7,3451,3451000,3452000,1.0,server_sent
fd00::207:7:7:7,3462,3462000,3463000,1.0,server_sent
fd00::207:7:7:7,3473,3473000,3474000,1.0,server_sent
fd00::207:7:7:7,3484,3484000,3485000,1.0,server_sent
fd00::207:7:7:7,3494,3494000,3495000,1.0,server_sent
fd00::207:7:7:7,3505,3505000,3506000,1.0,server_sent
fd00::207:7:7:7,3516,3516000,3517000,1.0,server_sent
fd00::207:7:7:7,3526,3526000,3527000,1.0,server_sent
fd00::207:7:7:7,3537,3537000,3538000,1.0,server_sent
fd00::207:7:7:7,3548,3548000,3549000,1.0,server_sent
fd00::207:7:7:7,3559,3559000,3560000,1.0,server_sent
fd00::207:7:7:7,3569,3569000,3570000,1.0,server_sent
fd00::207:7:7:7,3580,3580000,3581000,2.0,server_sent
fd00::207:7:7:7,3591,3591000,3592000,1.0,server_sent
fd00::208:8:8:8,20,20000,21000,0.0,server_sent
fd00::208:8:8:8,30,30000,31000,1.0,server_sent
fd00::208:8:8:8,40,40000,41000,1.0,server_sent
fd00::208:8:8:8,51,51000,52000,1.0,server_sent
fd00::208:8:8:8,61,61000,62000,1.0,server_sent
fd00::208:8:8:8,71,71000,72000,1.0,server_sent
fd00::208:8:8:8,81,81000,82000,1.0,server_sent
fd00::208:8:8:8,92,92000,93000,1.0,server_sent
fd00::208:8:8:8,102,102000,103000,1.0,server_sent
fd00::208:8:8:8,112,112000,113000,1.0,server_sent
fd00::208:8:8:8,123,123000,124000,1.0,server_sent
fd00::208:8:8:8,133,133000,134000,1.0,server_sent
fd00::208:8:8:8,143,143000,144000,1.0,server_sent
fd00::208:8:8:8,153,153000,154000,1.0,server_sent
fd00::208:8:8:8,164,164000,165000,1.0,server_sent
fd00::208:8:8:8,174,174000,175000,1.0,server_sent
fd00::208:8:8:8,184,184000,185000,1.0,server_sent
fd00::208:8:8:8,194,194000,195000,1.0,server_sent
fd00::208:8:8:8,205,205000,206000,1.0,server_sent
fd00::208:8:8:8,215,215000,216000,1.0,server_sent
fd00::208:8:8:8,225,225000,226000,1.0,server_sent
fd00::208:8:8:8,236,236000,237000,1.0,server_sent
fd00::208:8:8:8,246,246000,247000,1.0,server_sent
fd00::208:8:8:8,256,256000,257000,1.0,server_sent
fd00::208:8:8:8,266,266000,267000,1.0,server_sent
fd00::208:8:8:8,277,277000,278000,1.0,server_sent
fd00::208:8:8:8,287,287000,288000,1.0,server_sent
fd00::208:8:8:8,297,297000,298000,1.0,server_sent
fd00::208:8:8:8,308,308000,309000,1.0,server_sent
fd00::208:8:8:8,318,318000,319000,1.0,server_sent
fd00::208:8:8:8,328,328000,329000,1.0,server_sent
fd00::208:8:8:8,338,338000,339000,1.0,server_sent
fd00::208:8:8:8,349,349000,350000,1.0,server_sent
fd00::208:8:8:8,359,359000,360000,1.0,server_sent
fd00::208:8:8:8,369,369000,370000,1.0,server_sent
fd00::208:8:8:8,379,379000,380000,1.0,server_sent
fd00::208:8:8:8,390,390000,391000,2.0,server_sent
fd00::208:8:8:8,400,400000,401000,1.0,server_sent
fd00::208:8:8:8,410,410000,411000,1.0,server_sent
fd00::208:8:8:8,421,421000,422000,1.0,server_sent
fd00::208:8:8:8,431,431000,432000,1.0,server_sent
fd00::208:8:8:8,441,441000,442000,1.0,server_sent
fd00::208:8:8:8,451,451000,452000,1.0,server_sent
fd00::208:8:8:8,462,462000,463000,1.0,server_sent
fd00::208:8:8:8,472,472000,473000,1.0,server_sent
fd00::208:8:8:8,482,482000,483000,1.0,server_sent
fd00::208:8:8:8,493,493000,494000,1.0,server_sent
fd00::208:8:8:8,503,503000,504000,1.0,server_sent
fd00::208:8:8:8,513,513000,514000,1.0,server_sent
fd00::208:8:8:8,523,523000,524000,1.0,server_sent
fd00::208:8:8:8,534,534000,535000,1.0,server_sent
fd00::208:8:8:8,544,544000,545000,1.0,server_sent
fd00::208:8:8:8,554,554000,555000,1.0,server_sent
fd00::208:8:8:8,564,564000,565000,1.0,server_sent
fd00::208:8:8:8,575,575000,576000,1.0,server_sent
fd00::208:8:8:8,585,585000,586000,1.0,server_sent
fd00::208:8:8:8,595,595000,596000,1.0,server_sent
fd00::208:8:8:8,606,606000,607000,1.0,server_sent
fd00::208:8:8:8,616,616000,617000,1.0,server_sent
fd00::208:8:8:8,626,626000,627000,1.0,server_sent
fd00::208:8:8:8,636,636000,637000,1.0,server_sent
fd00::208:8:8:8,647,647000,648000,1.0,server_sent
fd00::208:8:8:8,657,657000,658000,1.0,server_sent
fd00::208:8:8:8,667,667000,668000,1.0,server_sent
fd00::208:8:8:8,677,677000,678000,1.0,server_sent
fd00::208:8:8:8,688,688000,689000,1.0,server_sent
fd00::208:8:8:8,698,698000,699000,1.0,server_sent
fd00::208:8:8:8,708,708000,709000,1.0,server_sent
fd00::208:8:8:8,719,719000,720000,1.0,server_sent
fd00::208:8:8:8,729,729000,730000,1.0,server_sent
fd00::208:8:8:8,739,739000,740000,1.0,server_sent
fd00::208:8:8:8,749,749000,750000,1.0,server_sent
fd00::208:8:8:8,760,760000,761000,2.0,server_sent
fd00::208:8:8:8,770,770000,771000,1.0,server_sent
fd00::208:8:8:8,780,780000,781000,1.0,server_sent
fd00::208:8:8:8,791,791000,792000,1.0,server_sent
fd00::208:8:8:8,801,801000,802000,1.0,server_sent
fd00::208:8:8:8,811,811000,812000,1.0,server_sent
fd00::208:8:8:8,821,821000,822000,1.0,server_sent
fd00::208:8:8:8,832,832000,833000,1.0,server_sent
fd00::208:8:8:8,842,842000,843000,1.0,server_sent
fd00::208:8:8:8,852,852000,853000,1.0,server_sent
fd00::208:8:8:8,862,862000,863000,1.0,server_sent
fd00::208:8:8:8,873,873000,874000,1.0,server_sent
fd00::208:8:8:8,883,883000,884000,1.0,server_sent
fd00::208:8:8:8,893,893000,894000,1.0,server_sent
fd00::208:8:8:8,904,904000,905000,1.0,server_sent
fd00::208:8:8:8,914,914000,915000,1.0,server_sent
fd00::208:8:8:8,924,924000,925000,1.0,server_sent
fd00::208:8:8:8,934,934000,935000,1.0,server_sent
fd00::208:8:8:8,945,945000,946000,1.0,server_sent
fd00::208:8:8:8,955,955000,956000,1.0,server_sent
fd00::208:8:8:8,965,965000,966000,1.0,server_sent
fd00::208:8:8:8,976,976000,977000,1.0,server_sent
fd00::208:8:8:8,986,986000,987000,1.0,server_sent
fd00::208:8:8:8,996,996000,997000,1.0,server_sent
fd00::208:8:8:8,1006,1006000,1007000,1.0,server_sent
fd00::208:8:8:8,1017,1017000,1018000,1.0,server_sent
fd00::208:8:8:8,1027,1027000,1028000,1.0,server_sent
fd00::208:8:8:8,1037,1037000,1038000,1.0,server_sent
fd00::208:8:8:8,1047,1047000,1048000,1.0,server_sent
fd00::208:8:8:8,1058,1058000,1059000,1.0,server_sent
fd00::208:8:8:8,1068,1068000,1069000,1.0,server_sent
fd00::208:8:8:8,1078,1078000,1079000,1.0,server_sent
fd00::208:8:8:8,1089,1089000,1090000,1.0,server_sent
fd00::208:8:8:8,1099,1099000,1100000,1.0,server_sent
fd00::208:8:8:8,1109,1109000,1110000,1.0,server_sent
fd00::208:8:8:8,1119,1119000,1120000,1.0,server_sent
fd00::208:8:8:8,1130,1130000,1131000,2.0,server_sent
fd00::208:8:8:8,1140,1140000,1141000,1.0,server_sent
fd00::208:8:8:8,1150,1150000,1151000,1.0,server_sent
fd00::208:8:8:8,1161,1161000,1162000,1.0,server_sent
fd00::208:8:8:8,1171,1171000,1172000,1.0,server_sent
fd00::208:8:8:8,1181,1181000,1182000,1.0,server_sent
fd00::208:8:8:8,1191,1191000,1192000,1.0,server_sent
fd00::208:8:8:8,1202,1202000,1203000,1.0,server_sent
fd00::208:8:8:8,1212,1212000,1213000,1.0,server_sent
fd00::208:8:8:8,1222,1222000,1223000,1.0,server_sent
fd00::208:8:8:8,1232,1232000,1233000,1.0,server_sent
fd00::208:8:8:8,1243,1243000,1244000,1.0,server_sent
fd00::208:8:8:8,1253,1253000,1254000,1.0,server_sent
fd00::208:8:8:8,1263,1263000,1264000,1.0,server_sent
fd00::208:8:8:8,1274,1274000,1275000,1.0,server_sent
fd00::208:8:8:8,1284,1284000,1285000,1.0,server_sent
fd00::208:8:8:8,1294,1294000,1295000,1.0,server_sent
fd00::208:8:8:8,1304,1304000,1305000,1.0,server_sent
fd00::208:8:8:8,1315,1315000,1316000,1.0,server_sent
fd00::208:8:8:8,1325,1325000,1326000,1.0,server_sent
fd00::208:8:8:8,1335,1335000,1336000,1.0,server_sent
fd00::208:8:8:8,1345,1345000,1346000,1.0,server_sent
fd00::208:8:8:8,1356,1356000,1357000,1.0,server_sent
fd00::208:8:8:8,1366,1366000,1367000,1.0,server_sent
fd00::208:8:8:8,1376,1376000,1377000,1.0,server_sent
fd00::208:8:8:8,1387,1387000,1388000,1.0,server_sent
fd00::208:8:8:8,1397,1397000,1398000,1.0,server_sent
fd00::208:8:8:8,1407,1407000,1408000,1.0,server_sent
fd00::208:8:8:8,1417,1417000,1418000,1.0,server_sent
fd00::208:8:8:8,1428,1428000,1429000,1.0,server_sent
fd00::208:8:8:8,1438,1438000,1439000,1.0,server_sent
fd00::208:8:8:8,1448,1448000,1449000,1.0,server_sent
fd00::208:8:8:8,1459,1459000,1460000,1.0,server_sent
fd00::208:8:8:8,1469,1469000,1470000,1.0,server_sent
fd00::208:8:8:8,1479,1479000,1480000,1.0,server_sent
fd00::208:8:8:8,1489,1489000,1490000,1.0,server_sent
fd00::208:8:8:8,1500,1500000,1501000,2.0,server_sent
fd00::208:8:8:8,1510,1510000,1511000,1.0,server_sent
fd00::208:8:8:8,1520,1520000,1521000,1.0,server_sent
fd00::208:8:8:8,1530,1530000,1531000,1.0,server_sent
fd00::208:8:8:8,1541,1541000,1542000,1.0,server_sent
fd00::208:8:8:8,1551,1551000,1552000,1.0,server_sent
fd00::208:8:8:8,1561,1561000,1562000,1.0,server_sent
fd00::208:8:8:8,1572,1572000,1573000,1.0,server_sent
fd00::208:8:8:8,1582,1582000,1583000,1.0,server_sent
fd00::208:8:8:8,1592,1592000,1593000,1.0,server_sent
fd00::208:8:8:8,1602,1602000,1603000,1.0,server_sent
fd00::208:8:8:8,1613,1613000,1614000,1.0,server_sent
fd00::208:8:8:8,1623,1623000,1624000,1.0,server_sent
fd00::208:8:8:8,1633,1633000,1634000,1.0,server_sent
fd00::208:8:8:8,1644,1644000,1645000,1.0,server_sent
fd00::208:8:8:8,1654,1654000,1655000,1.0,server_sent
fd00::208:8:8:8,1664,1664000,1665000,1.0,server_sent
fd00::208:8:8:8,1674,1674000,1675000,1.0,server_sent
fd00::208:8:8:8,1685,1685000,1686000,1.0,server_sent
fd00::208:8:8:8,1695,1695000,1696000,1.0,server_sent
fd00::208:8:8:8,1705,1705000,1706000,1.0,server_sent
fd00::208:8:8:8,1715,1715000,1716000,1.0,server_sent
fd00::208:8:8:8,1726,1726000,1727000,1.0,server_sent
fd00::208:8:8:8,1736,1736000,1737000,1.0,server_sent
fd00::208:8:8:8,1746,1746000,1747000,1.0,server_sent
fd00::208:8:8:8,1757,1757000,1758000,1.0,server_sent
fd00::208:8:8:8,1767,1767000,1768000,1.0,server_sent
fd00::208:8:8:8,1777,1777000,1778000,1.0,server_sent
fd00::208:8:8:8,1787,1787000,1788000,1.0,server_sent
fd00::208:8:8:8,1798,1798000,1799000,1.0,server_sent
fd00::208:8:8:8,1808,1808000,1809000,1.0,server_sent
fd00::208:8:8:8,1818,1818000,1819000,1.0,server_sent
fd00::208:8:8:8,1829,1829000,1830000,1.0,server_sent
fd00::208:8:8:8,1839,1839000,1840000,1.0,server_sent
fd00::208:8:8:8,1849,1849000,1850000,1.0,server_sent
fd00::208:8:8:8,1859,1859000,1860000,1.0,server_sent
fd00::208:8:8:8,1870,1870000,1871000,2.0,server_sent
fd00::208:8:8:8,1880,1880000,1881000,1.0,server_sent
fd00::208:8:8:8,1890,1890000,1891000,1.0,server_sent
fd00::208:8:8:8,1900,1900000,1901000,1.0,server_sent
fd00::208:8:8:8,1911,1911000,1912000,1.0,server_sent
fd00::208:8:8:8,1921,1921000,1922000,1.0,server_sent
fd00::208:8:8:8,1931,1931000,1932000,1.0,server_sent
fd00::208:8:8:8,1942,1942000,1943000,1.0,server_sent
fd00::208:8:8:8,1952,1952000,1953000,1.0,server_sent
fd00::208:8:8:8,1962,1962000,1963000,1.0,server_sent
fd00::208:8:8:8,1972,1972000,1973000,1.0,server_sent
fd00::208:8:8:8,1983,1983000,1984000,1.0,server_sent
fd00::208:8:8:8,1993,1993000,1994000,1.0,server_sent
fd00::208:8:8:8,2003,2003000,2004000,1.0,server_sent
fd00::208:8:8:8,2014,2014000,2015000,1.0,server_sent
fd00::208:8:8:8,2024,2024000,2025000,1.0,server_sent
fd00::208:8:8:8,2034,2034000,2035000,1.0,server_sent
fd00::208:8:8:8,2044,2044000,2045000,1.0,server_sent
fd00::208:8:8:8,2055,2055000,2056000,1.0,server_sent
fd00::208:8:8:8,2065,2065000,2066000,1.0,server_sent
fd00::208:8:8:8,2075,2075000,2076000,1.0,server_sent
fd00::208:8:8:8,2085,2085000,2086000,1.0,server_sent
fd00::208:8:8:8,2096,2096000,2097000,1.0,server_sent
fd00::208:8:8:8,2106,2106000,2107000,1.0,server_sent
fd00::208:8:8:8,2116,2116000,2117000,1.0,server_sent
fd00::208:8:8:8,2127,2127000,2128000,1.0,server_sent
fd00::208:8:8:8,2137,2137000,2138000,1.0,server_sent
fd00::208:8:8:8,2147,2147000,2148000,1.0,server_sent
fd00::208:8:8:8,2157,2157000,2158000,1.0,server_sent
fd00::208:8:8:8,2168,2168000,2169000,1.0,server_sent
fd00::208:8:8:8,2178,2178000,2179000,1.0,server_sent
fd00::208:8:8:8,2188,2188000,2189000,1.0,server_sent
fd00::208:8:8:8,2199,2199000,2200000,1.0,server_sent
fd00::208:8:8:8,2209,2209000,2210000,1.0,server_sent
fd00::208:8:8:8,2219,2219000,2220000,1.0,server_sent
fd00::208:8:8:8,2229,2229000,2230000,1.0,server_sent
fd00::208:8:8:8,2240,2240000,2241000,2.0,server_sent
fd00::208:8:8:8,2250,2250000,2251000,1.0,server_sent
fd00::208:8:8:8,2260,2260000,2261000,1.0,server_sent
fd00::208:8:8:8,2270,2270000,2271000,1.0,server_sent
fd00::208:8:8:8,2281,2281000,2282000,1.0,server_sent
fd00::208:8:8:8,2291,2291000,2292000,1.0,server_sent
fd00::208:8:8:8,2301,2301000,2302000,1.0,server_sent
fd00::208:8:8:8,2312,2312000,2313000,1.0,server_sent
fd00::208:8:8:8,2322,2322000,2323000,1.0,server_sent
fd00::208:8:8:8,2332,2332000,2333000,1.0,server_sent
fd00::208:8:8:8,2342,2342000,2343000,1.0,server_sent
fd00::208:8:8:8,2353,2353000,2354000,1.0,server_sent
fd00::208:8:8:8,2363,2363000,2364000,1.0,server_sent
fd00::208:8:8:8,2373,2373000,2374000,1.0,server_sent
fd00::208:8:8:8,2383,2383000,2384000,1.0,server_sent
fd00::208:8:8:8,2394,2394000,2395000,1.0,server_sent
fd00::208:8:8:8,2404,2404000,2405000,1.0,server_sent
fd00::208:8:8:8,2414,2414000,2415000,1.0,server_sent
fd00::208:8:8:8,2425,2425000,2426000,1.0,server_sent
fd00::208:8:8:8,2435,2435000,2436000,1.0,server_sent
fd00::208:8:8:8,2445,2445000,2446000,1.0,server_sent
fd00::208:8:8:8,2455,2455000,2456000,1.0,server_sent
fd00::208:8:8:8,2466,2466000,2467000,1.0,server_sent
fd00::208:8:8:8,2476,2476000,2477000,1.0,server_sent
fd00::208:8:8:8,2486,2486000,2487000,1.0,server_sent
fd00::208:8:8:8,2497,2497000,2498000,1.0,server_sent
fd00::208:8:8:8,2507,2507000,2508000,1.0,server_sent
fd00::208:8:8:8,2517,2517000,2518000,1.0,server_sent
fd00::208:8:8:8,2527,2527000,2528000,1.0,server_sent
fd00::208:8:8:8,2538,2538000,2539000,1.0,server_sent
fd00::208:8:8:8,2548,2548000,2549000,1.0,server_sent
fd00::208:8:8:8,2558,2558000,2559000,1.0,server_sent
fd00::208:8:8:8,2568,2568000,2569000,1.0,server_sent
fd00::208:8:8:8,2579,2579000,2580000,1.0,server_sent
fd00::208:8:8:8,2589,2589000,2590000,1.0,server_sent
fd00::208:8:8:8,2599,2599000,2600000,1.0,server_sent
fd00::208:8:8:8,2610,2610000,2611000,2.0,server_sent
fd00::208:8:8:8,2620,2620000,2621000,1.0,server_sent
fd00::208:8:8:8,2630,2630000,2631000,1.0,server_sent
fd00::208:8:8:8,2640,2640000,2641000,1.0,server_sent
fd00::208:8:8:8,2651,2651000,2652000,1.0,server_sent
fd00::208:8:8:8,2661,2661000,2662000,1.0,server_sent
fd00::208:8:8:8,2671,2671000,2672000,1.0,server_sent
fd00::208:8:8:8,2681,2681000,2682000,1.0,server_sent
fd00::208:8:8:8,2692,2692000,2693000,1.0,server_sent
fd00::208:8:8:8,2702,2702000,2703000,1.0,server_sent
fd00::208:8:8:8,2712,2712000,2713000,1.0,server_sent
fd00::208:8:8:8,2723,2723000,2724000,1.0,server_sent
fd00::208:8:8:8,2733,2733000,2734000,1.0,server_sent
fd00::208:8:8:8,2743,2743000,2744000,1.0,server_sent
fd00::208:8:8:8,2753,2753000,2754000,1.0,server_sent
fd00::208:8:8:8,2764,2764000,2765000,1.0,server_sent
fd00::208:8:8:8,2774,2774000,2775000,1.0,server_sent
fd00::208:8:8:8,2784,2784000,2785000,1.0,server_sent
fd00::208:8:8:8,2795,2795000,2796000,1.0,server_sent
fd00::208:8:8:8,2805,2805000,2806000,1.0,server_sent
fd00::208:8:8:8,2815,2815000,2816000,1.0,server_sent
fd00::208:8:8:8,2825,2825000,2826000,1.0,server_sent
fd00::208:8:8:8,2836,2836000,2837000,1.0,server_sent
fd00::208:8:8:8,2846,2846000,2847000,1.0,server_sent
fd00::208:8:8:8,2856,2856000,2857000,1.0,server_sent
fd00::208:8:8:8,2867,2867000,2868000,1.0,server_sent
fd00::208:8:8:8,2877,2877000,2878000,1.0,server_sent
fd00::208:8:8:8,2887,2887000,2888000,1.0,server_sent
fd00::208:8:8:8,2897,2897000,2898000,1.0,server_sent
fd00::208:8:8:8,2908,2908000,2909000,1.0,server_sent
fd00::208:8:8:8,2918,2918000,2919000,1.0,server_sent
fd00::208:8:8:8,2928,2928000,2929000,1.0,server_sent
fd00::208:8:8:8,2938,2938000,2939000,1.0,server_sent
fd00::208:8:8:8,2949,2949000,2950000,1.0,server_sent
fd00::208:8:8:8,2959,2959000,2960000,1.0,server_sent
fd00::208:8:8:8,2969,2969000,2970000,1.0,server_sent
fd00::208:8:8:8,2980,2980000,2981000,2.0,server_sent
fd00::208:8:8:8,2990,2990000,2991000,1.0,server_sent
fd00::208:8:8:8,3000,3000000,3001000,1.0,server_sent
fd00::208:8:8:8,3010,3010000,3011000,1.0,server_sent
fd00::208:8:8:8,3021,3021000,3022000,1.0,server_sent
fd00::208:8:8:8,3031,3031000,3032000,1.0,server_sent
fd00::208:8:8:8,3041,3041000,3042000,1.0,server_sent
fd00::208:8:8:8,3051,3051000,3052000,1.0,server_sent
fd00::208:8:8:8,3062,3062000,3063000,1.0,server_sent
fd00::208:8:8:8,3072,3072000,3073000,1.0,server_sent
fd00::208:8:8:8,3082,3082000,3083000,1.0,server_sent
fd00::208:8:8:8,3093,3093000,3094000,1.0,server_sent
fd00::208:8:8:8,3103,3103000,3104000,1.0,server_sent
fd00::208:8:8:8,3113,3113000,3114000,1.0,server_sent
fd00::208:8:8:8,3123,3123000,3124000,1.0,server_sent
fd00::208:8:8:8,3134,3134000,3135000,1.0,server_sent
fd00::208:8:8:8,3144,3144000,3145000,1.0,server_sent
fd00::208:8:8:8,3154,3154000,3155000,1.0,server_sent
fd00::208:8:8:8,3165,3165000,3166000,1.0,server_sent
fd00::208:8:8:8,3175,3175000,3176000,1.0,server_sent
fd00::208:8:8:8,3185,3185000,3186000,1.0,server_sent
fd00::208:8:8:8,3195,3195000,3196000,1.0,server_sent
fd00::208:8:8:8,3206,3206000,3207000,1.0,server_sent
fd00::208:8:8:8,3216,3216000,3217000,1.0,server_sent
fd00::208:8:8:8,3226,3226000,3227000,1.0,server_sent
fd00::208:8:8:8,3236,3236000,3237000,1.0,server_sent
fd00::208:8:8:8,3247,3247000,3248000,1.0,server_sent
fd00::208:8:8:8,3257,3257000,3258000,1.0,server_sent
fd00::208:8:8:8,3267,3267000,3268000,1.0,server_sent
fd00::208:8:8:8,3278,3278000,3279000,1.0,server_sent
fd00::208:8:8:8,3288,3288000,3289000,1.0,server_sent
fd00::208:8:8:8,3298,3298000,3299000,1.0,server_sent
fd00::208:8:8:8,3308,3308000,3309000,1.0,server_sent
fd00::208:8:8:8,3319,3319000,3320000,1.0,server_sent
fd00::208:8:8:8,3329,3329000,3330000,1.0,server_sent
fd00::208:8:8:8,3339,3339000,3340000,1.0,server_sent
fd00::208:8:8:8,3350,3350000,3351000,2.0,server_sent
fd00::208:8:8:8,3360,3360000,3361000,1.0,server_sent
fd00::208:8:8:8,3370,3370000,3371000,1.0,server_sent
fd00::208:8:8:8,3380,3380000,3381000,1.0,server_sent
fd00::208:8:8:8,3391,3391000,3392000,1.0,server_sent
fd00::208:8:8:8,3401,3401000,3402000,1.0,server_sent
fd00::208:8:8:8,3411,3411000,3412000,1.0,server_sent
fd00::208:8:8:8,3421,3421000,3422000,1.0,server_sent
fd00::208:8:8:8,3432,3432000,3433000,1.0,server_sent
fd00::208:8:8:8,3442,3442000,3443000,1.0,server_sent
fd00::208:8:8:8,3452,3452000,3453000,1.0,server_sent
fd00::208:8:8:8,3463,3463000,3464000,1.0,server_sent
fd00::208:8:8:8,3473,3473000,3474000,1.0,server_sent
fd00::208:8:8:8,3483,3483000,3484000,1.0,server_sent
fd00::208:8:8:8,3493,3493000,3494000,1.0,server_sent
fd00::208:8:8:8,3504,3504000,3505000,1.0,server_sent
fd00::208:8:8:8,3514,3514000,3515000,1.0,server_sent
fd00::208:8:8:8,3524,3524000,3525000,1.0,server_sent
fd00::208:8:8:8,3535,3535000,3536000,1.0,server_sent
fd00::208:8:8:8,3545,3545000,3546000,1.0,server_sent
fd00::208:8:8:8,3555,3555000,3556000,1.0,server_sent
fd00::208:8:8:8,3565,3565000,3566000,1.0,server_sent
fd00::208:8:8:8,3576,3576000,3577000,1.0,server_sent
fd00::208:8:8:8,3586,3586000,3587000,1.0,server_sent
fd00::208:8:8:8,3596,3596000,3597000,1.0,server_sent
fd00::209:9:9:9,42,42000,43000,0.0,server_sent
fd00::209:9:9:9,52,52000,53000,1.0,server_sent
fd00::209:9:9:9,63,63000,64000,1.0,server_sent
fd00::209:9:9:9,74,74000,75000,1.0,server_sent
fd00::209:9:9:9,84,84000,85000,1.0,server_sent
fd00::209:9:9:9,95,95000,96000,1.0,server_sent
fd00::209:9:9:9,105,105000,106000,1.0,server_sent
fd00::209:9:9:9,116,116000,117000,1.0,server_sent
fd00::209:9:9:9,126,126000,127000,1.0,server_sent
fd00::209:9:9:9,137,137000,138000,1.0,server_sent
fd00::209:9:9:9,147,147000,148000,1.0,server_sent
fd00::209:9:9:9,158,158000,159000,1.0,server_sent
fd00::209:9:9:9,168,168000,169000,1.0,server_sent
fd00::209:9:9:9,179,179000,180000,1.0,server_sent
fd00::209:9:9:9,189,189000,190000,1.0,server_sent
fd00::209:9:9:9,200,200000,201000,2.0,server_sent
fd00::209:9:9:9,210,210000,211000,1.0,server_sent
fd00::209:9:9:9,221,221000,222000,1.0,server_sent
fd00::209:9:9:9,231,231000,232000,1.0,server_sent
fd00::209:9:9:9,242,242000,243000,1.0,server_sent
fd00::209:9:9:9,252,252000,253000,1.0,server_sent
fd00::209:9:9:9,263,263000,264000,1.0,server_sent
fd00::209:9:9:9,273,273000,274000,1.0,server_sent
fd00::209:9:9:9,284,284000,285000,1.0,server_sent
fd00::209:9:9:9,294,294000,295000,1.0,server_sent
fd00::209:9:9:9,305,305000,306000,1.0,server_sent
fd00::209:9:9:9,315,315000,316000,1.0,server_sent
fd00::209:9:9:9,326,326000,327000,1.0,server_sent
fd00::209:9:9:9,336,336000,337000,1.0,server_sent
fd00::209:9:9:9,347,347000,348000,1.0,server_sent
fd00::209:9:9:9,357,357000,358000,1.0,server_sent
fd00::209:9:9:9,368,368000,369000,1.0,server_sent
fd00::209:9:9:9,378,378000,379000,1.0,server_sent
fd00::209:9:9:9,389,389000,390000,1.0,server_sent
fd00::209:9:9:9,400,400000,401000,2.0,server_sent
fd00::209:9:9:9,410,410000,411000,1.0,server_sent
fd00::209:9:9:9,421,421000,422000,1.0,server_sent
fd00::209:9:9:9,431,431000,432000,1.0,server_sent
fd00::209:9:9:9,442,442000,443000,1.0,server_sent
fd00::209:9:9:9,452,452000,453000,1.0,server_sent
fd00::209:9:9:9,463,463000,464000,1.0,server_sent
fd00::209:9:9:9,473,473000,474000,1.0,server_sent
fd00::209:9:9:9,484,484000,485000,1.0,server_sent
fd00::209:9:9:9,494,494000,495000,1.0,server_sent
fd00::209:9:9:9,505,505000,506000,1.0,server_sent
fd00::209:9:9:9,515,515000,516000,1.0,server_sent
fd00::209:9:9:9,526,526000,527000,1.0,server_sent
fd00::209:9:9:9,536,536000,537000,1.0,server_sent
fd00::209:9:9:9,547,547000,548000,1.0,server_sent
fd00::209:9:9:9,557,557000,558000,1.0,server_sent
fd00::209:9:9:9,568,568000,569000,1.0,server_sent
fd00::209:9:9:9,578,578000,579000,1.0,server_sent
fd00::209:9:9:9,589,589000,590000,1.0,server_sent
fd00::209:9:9:9,599,599000,600000,1.0,server_sent
fd00::209:9:9:9,610,610000,611000,2.0,server_sent
fd00::209:9:9:9,620,620000,621000,1.0,server_sent
fd00::209:9:9:9,631,631000,632000,1.0,server_sent
fd00::209:9:9:9,641,641000,642000,1.0,server_sent
fd00::209:9:9:9,652,652000,653000,1.0,server_sent
fd00::209:9:9:9,662,662000,663000,1.0,server_sent
fd00::209:9:9:9,673,673000,674000,1.0,server_sent
fd00::209:9:9:9,683,683000,684000,1.0,server_sent
fd00::209:9:9:9,694,694000,695000,1.0,server_sent
fd00::209:9:9:9,705,705000,706000,1.0,server_sent
fd00::209:9:9:9,715,715000,716000,1.0,server_sent
fd00::209:9:9:9,726,726000,727000,1.0,server_sent
fd00::209:9:9:9,736,736000,737000,1.0,server_sent
fd00::209:9:9:9,747,747000,748000,1.0,server_sent
fd00::209:9:9:9,757,757000,758000,1.0,server_sent
fd00::209:9:9:9,768,768000,769000,1.0,server_sent
fd00::209:9:9:9,778,778000,779000,1.0,server_sent
fd00::209:9:9:9,789,789000,790000,1.0,server_sent
fd00::209:9:9:9,799,799000,800000,1.0,server_sent
fd00::209:9:9:9,810,810000,811000,2.0,server_sent
fd00::209:9:9:9,820,820000,821000,1.0,server_sent
fd00::209:9:9:9,831,831000,832000,1.0,server_sent
fd00::209:9:9:9,841,841000,842000,1.0,server_sent
fd00::209:9:9:9,852,852000,853000,1.0,server_sent
fd00::209:9:9:9,862,862000,863000,1.0,server_sent
fd00::209:9:9:9,873,873000,874000,1.0,server_sent
fd00::209:9:9:9,883,883000,884000,1.0,server_sent
fd00::209:9:9:9,894,894000,895000,1.0,server_sent
fd00::209:9:9:9,904,904000,905000,1.0,server_sent
fd00::209:9:9:9,915,915000,916000,1.0,server_sent
fd00::209:9:9:9,925,925000,926000,1.0,server_sent
fd00::209:9:9:9,936,936000,937000,1.0,server_sent
fd00::209:9:9:9,946,946000,947000,1.0,server_sent
fd00::209:9:9:9,957,957000,958000,1.0,server_sent
fd00::209:9:9:9,967,967000,968000,1.0,server_sent
fd00::209:9:9:9,978,978000,979000,1.0,server_sent
fd00::209:9:9:9,988,988000,989000,1.0,server_sent
fd00::209:9:9:9,999,999000,1000000,1.0,server_sent
fd00::209:9:9:9,1009,1009000,1010000,1.0,server_sent
fd00::209:9:9:9,1020,1020000,1021000,2.0,server_sent
fd00::209:9:9:9,1031,1031000,1032000,1.0,server_sent
fd00::209:9:9:9,1041,1041000,1042000,1.0,server_sent
fd00::209:9:9:9,1052,1052000,1053000,1.0,server_sent
fd00::209:9:9:9,1062,1062000,1063000,1.0,server_sent
fd00::209:9:9:9,1073,1073000,1074000,1.0,server_sent
fd00::209:9:9:9,1083,1083000,1084000,1.0,server_sent
fd00::209:9:9:9,1094,1094000,1095000,1.0,server_sent
fd00::209:9:9:9,1104,1104000,1105000,1.0,server_sent
fd00::209:9:9:9,1115,1115000,1116000,1.0,server_sent
fd00::209:9:9:9,1125,1125000,1126000,1.0,server_sent
fd00::209:9:9:9,1136,1136000,1137000,1.0,server_sent
fd00::209:9:9:9,1146,1146000,1147000,1.0,server_sent
fd00::209:9:9:9,1157,1157000,1158000,1.0,server_sent
fd00::209:9:9:9,1167,1167000,1168000,1.0,server_sent
fd00::209:9:9:9,1178,1178000,1179000,1.0,server_sent
fd00::209:9:9:9,1188,1188000,1189000,1.0,server_sent
fd00::209:9:9:9,1199,1199000,1200000,1.0,server_sent
fd00::209:9:9:9,1209,1209000,1210000,1.0,server_sent
fd00::209:9:9:9,1220,1220000,1221000,2.0,server_sent
fd00::209:9:9:9,1230,1230000,1231000,1.0,server_sent
fd00::209:9:9:9,1241,1241000,1242000,1.0,server_sent
fd00::209:9:9:9,1251,1251000,1252000,1.0,server_sent
fd00::209:9:9:9,1262,1262000,1263000,1.0,server_sent
fd00::209:9:9:9,1272,1272000,1273000,1.0,server_sent
fd00::209:9:9:9,1283,1283000,1284000,1.0,server_sent
fd00::209:9:9:9,1293,1293000,1294000,1.0,server_sent
fd00::209:9:9:9,1304,1304000,1305000,1.0,server_sent
fd00::209:9:9:9,1315,1315000,1316000,1.0,server_sent
fd00::209:9:9:9,1325,1325000,1326000,1.0,server_sent
fd00::209:9:9:9,1336,1336000,1337000,1.0,server_sent
fd00::209:9:9:9,1346,1346000,1347000,1.0,server_sent
fd00::209:9:9:9,1357,1357000,1358000,1.0,server_sent
fd00::209:9:9:9,1367,1367000,1368000,1.0,server_sent
fd00::209:9:9:9,1378,1378000,1379000,1.0,server_sent
fd00::209:9:9:9,1388,1388000,1389000,1.0,server_sent
fd00::209:9:9:9,1399,1399000,1400000,1.0,server_sent
fd00::209:9:9:9,1409,1409000,1410000,1.0,server_sent
fd00::209:9:9:9,1420,1420000,1421000,2.0,server_sent
fd00::209:9:9:9,1430,1430000,1431000,1.0,server_sent
fd00::209:9:9:9,1441,1441000,1442000,1.0,server_sent
fd00::209:9:9:9,1451,1451000,1452000,1.0,server_sent
fd00::209:9:9:9,1462,1462000,1463000,1.0,server_sent
fd00::209:9:9:9,1472,1472000,1473000,1.0,server_sent
fd00::209:9:9:9,1483,1483000,1484000,1.0,server_sent
fd00::209:9:9:9,1493,1493000,1494000,1.0,server_sent
fd00::209:9:9:9,1504,1504000,1505000,1.0,server_sent
fd00::209:9:9:9,1514,1514000,1515000,1.0,server_sent
fd00::209:9:9:9,1525,1525000,1526000,1.0,server_sent
fd00::209:9:9:9,1535,1535000,1536000,1.0,server_sent
fd00::209:9:9:9,1546,1546000,1547000,1.0,server_sent
fd00::209:9:9:9,1556,1556000,1557000,1.0,server_sent
fd00::209:9:9:9,1567,1567000,1568000,1.0,server_sent
fd00::209:9:9:9,1577,1577000,1578000,1.0,server_sent
fd00::209:9:9:9,1588,1588000,1589000,1.0,server_sent
fd00::209:9:9:9,1598,1598000,1599000,1.0,server_sent
fd00::209:9:9:9,1609,1609000,1610000,1.0,server_sent
fd00::209:9:9:9,1619,1619000,1620000,1.0,server_sent
fd00::209:9:9:9,1630,1630000,1631000,2.0,server_sent
fd00::209:9:9:9,1641,1641000,1642000,1.0,server_sent
fd00::209:9:9:9,1651,1651000,1652000,1.0,server_sent
fd00::209:9:9:9,1662,1662000,1663000,1.0,server_sent
fd00::209:9:9:9,1672,1672000,1673000,1.0,server_sent
fd00::209:9:9:9,1683,1683000,1684000,1.0,server_sent
fd00::209:9:9:9,1693,1693000,1694000,1.0,server_sent
fd00::209:9:9:9,1704,1704000,1705000,1.0,server_sent
fd00::209:9:9:9,1714,1714000,1715000,1.0,server_sent
fd00::209:9:9:9,1725,1725000,1726000,1.0,server_sent
fd00::209:9:9:9,1735,1735000,1736000,1.0,server_sent
fd00::209:9:9:9,1746,1746000,1747000,1.0,server_sent
fd00::209:9:9:9,1756,1756000,1757000,1.0,server_sent
fd00::209:9:9:9,1767,1767000,1768000,1.0,server_sent
fd00::209:9:9:9,1777,1777000,1778000,1.0,server_sent
fd00::209:9:9:9,1788,1788000,1789000,1.0,server_sent
fd00::209:9:9:9,1798,1798000,1799000,1.0,server_sent
fd00::209:9:9:9,1809,1809000,1810000,1.0,server_sent
fd00::209:9:9:9,1819,1819000,1820000,1.0,server_sent
fd00::209:9:9:9,1830,1830000,1831000,2.0,server_sent
fd00::209:9:9:9,1840,1840000,1841000,1.0,server_sent
fd00::209:9:9:9,1851,1851000,1852000,1.0,server_sent
fd00::209:9:9:9,1861,1861000,1862000,1.0,server_sent
fd00::209:9:9:9,1872,1872000,1873000,1.0,server_sent
fd00::209:9:9:9,1882,1882000,1883000,1.0,server_sent
fd00::209:9:9:9,1893,1893000,1894000,1.0,server_sent
fd00::209:9:9:9,1903,1903000,1904000,1.0,server_sent
fd00::209:9:9:9,1914,1914000,1915000,1.0,server_sent
fd00::209:9:9:9,1924,1924000,1925000,1.0,server_sent
fd00::209:9:9:9,1935,1935000,1936000,1.0,server_sent
fd00::209:9:9:9,1946,1946000,1947000,1.0,server_sent
fd00::209:9:9:9,1956,1956000,1957000,1.0,server_sent
fd00::209:9:9:9,1967,1967000,1968000,1.0,server_sent
fd00::209:9:9:9,1977,1977000,1978000,1.0,server_sent
fd00::209:9:9:9,1988,1988000,1989000,1.0,server_sent
fd00::209:9:9:9,1998,1998000,1999000,1.0,server_sent
fd00::209:9:9:9,2009,2009000,2010000,1.0,server_sent
fd00::209:9:9:9,2019,2019000,2020000,1.0,server_sent
fd00::209:9:9:9,2030,2030000,2031000,2.0,server_sent
fd00::209:9:9:9,2040,2040000,2041000,1.0,server_sent
fd00::209:9:9:9,2051,2051000,2052000,1.0,server_sent
fd00::209:9:9:9,2061,2061000,2062000,1.0,server_sent
fd00::209:9:9:9,2072,2072000,2073000,1.0,server_sent
fd00::209:9:9:9,2082,2082000,2083000,1.0,server_sent
fd00::209:9:9:9,2093,2093000,2094000,1.0,server_sent
fd00::209:9:9:9,2103,2103000,2104000,1.0,server_sent
fd00::209:9:9:9,2114,2114000,2115000,1.0,server_sent
fd00::209:9:9:9,2124,2124000,2125000,1.0,server_sent
fd00::209:9:9:9,2135,2135000,2136000,1.0,server_sent
fd00::209:9:9:9,2145,2145000,2146000,1.0,server_sent
fd00::209:9:9:9,2156,2156000,2157000,1.0,server_sent
fd00::209:9:9:9,2166,2166000,2167000,1.0,server_sent
fd00::209:9:9:9,2177,2177000,2178000,1.0,server_sent
fd00::209:9:9:9,2187,2187000,2188000,1.0,server_sent
fd00::209:9:9:9,2198,2198000,2199000,1.0,server_sent
fd00::209:9:9:9,2208,2208000,2209000,1.0,server_sent
fd00::209:9:9:9,2219,2219000,2220000,1.0,server_sent
fd00::209:9:9:9,2229,2229000,2230000,1.0,server_sent
fd00::209:9:9:9,2240,2240000,2241000,2.0,server_sent
fd00::209:9:9:9,2251,2251000,2252000,1.0,server_sent
fd00::209:9:9:9,2261,2261000,2262000,1.0,server_sent
fd00::209:9:9:9,2272,2272000,2273000,1.0,server_sent
fd00::209:9:9:9,2282,2282000,2283000,1.0,server_sent
fd00::209:9:9:9,2293,2293000,2294000,1.0,server_sent
fd00::209:9:9:9,2303,2303000,2304000,1.0,server_sent
fd00::209:9:9:9,2314,2314000,2315000,1.0,server_sent
fd00::209:9:9:9,2324,2324000,2325000,1.0,server_sent
fd00::209:9:9:9,2335,2335000,2336000,1.0,server_sent
fd00::209:9:9:9,2345,2345000,2346000,1.0,server_sent
fd00::209:9:9:9,2356,2356000,2357000,1.0,server_sent
fd00::209:9:9:9,2366,2366000,2367000,1.0,server_sent
fd00::209:9:9:9,2377,2377000,2378000,1.0,server_sent
fd00::209:9:9:9,2387,2387000,2388000,1.0,server_sent
fd00::209:9:9:9,2398,2398000,2399000,1.0,server_sent
fd00::209:9:9:9,2408,2408000,2409000,1.0,server_sent
fd00::209:9:9:9,2419,2419000,2420000,1.0,server_sent
fd00::209:9:9:9,2429,2429000,2430000,1.0,server_sent
fd00::209:9:9:9,2440,2440000,2441000,2.0,server_sent
fd00::209:9:9:9,2450,2450000,2451000,1.0,server_sent
fd00::209:9:9:9,2461,2461000,2462000,1.0,server_sent
fd00::209:9:9:9,2471,2471000,2472000,1.0,server_sent
fd00::209:9:9:9,2482,2482000,2483000,1.0,server_sent
fd00::209:9:9:9,2492,2492000,2493000,1.0,server_sent
fd00::209:9:9:9,2503,2503000,2504000,1.0,server_sent
fd00::209:9:9:9,2513,2513000,2514000,1.0,server_sent
fd00::209:9:9:9,2524,2524000,2525000,1.0,server_sent
fd00::209:9:9:9,2534,2534000,2535000,1.0,server_sent
fd00::209:9:9:9,2545,2545000,2546000,1.0,server_sent
fd00::209:9:9:9,2556,2556000,2557000,1.0,server_sent
fd00::209:9:9:9,2566,2566000,2567000,1.0,server_sent
fd00::209:9:9:9,2577,2577000,2578000,1.0,server_sent
fd00::209:9:9:9,2587,2587000,2588000,1.0,server_sent
fd00::209:9:9:9,2598,2598000,2599000,1.0,server_sent
fd00::209:9:9:9,2608,2608000,2609000,1.0,server_sent
fd00::209:9:9:9,2619,2619000,2620000,1.0,server_sent
fd00::209:9:9:9,2629,2629000,2630000,1.0,server_sent
fd00::209:9:9:9,2640,2640000,2641000,2.0,server_sent
fd00::209:9:9:9,2650,2650000,2651000,1.0,server_sent
fd00::209:9:9:9,2661,2661000,2662000,1.0,server_sent
fd00::209:9:9:9,2671,2671000,2672000,1.0,server_sent
fd00::209:9:9:9,2682,2682000,2683000,1.0,server_sent
fd00::209:9:9:9,2692,2692000,2693000,1.0,server_sent
fd00::209:9:9:9,2703,2703000,2704000,1.0,server_sent
fd00::209:9:9:9,2713,2713000,2714000,1.0,server_sent
fd00::209:9:9:9,2724,2724000,2725000,1.0,server_sent
fd00::209:9:9:9,2734,2734000,2735000,1.0,server_sent
fd00::209:9:9:9,2745,2745000,2746000,1.0,server_sent
fd00::209:9:9:9,2755,2755000,2756000,1.0,server_sent
fd00::209:9:9:9,2766,2766000,2767000,1.0,server_sent
fd00::209:9:9:9,2776,2776000,2777000,1.0,server_sent
fd00::209:9:9:9,2787,2787000,2788000,1.0,server_sent
fd00::209:9:9:9,2797,2797000,2798000,1.0,server_sent
fd00::209:9:9:9,2808,2808000,2809000,1.0,server_sent
fd00::209:9:9:9,2818,2818000,2819000,1.0,server_sent
fd00::209:9:9:9,2829,2829000,2830000,1.0,server_sent
fd00::209:9:9:9,2839,2839000,2840000,1.0,server_sent
fd00::209:9:9:9,2850,2850000,2851000,2.0,server_sent
fd00::209:9:9:9,2861,2861000,2862000,1.0,server_sent
fd00::209:9:9:9,2871,2871000,2872000,1.0,server_sent
fd00::209:9:9:9,2882,2882000,2883000,1.0,server_sent
fd00::209:9:9:9,2892,2892000,2893000,1.0,server_sent
fd00::209:9:9:9,2903,2903000,2904000,1.0,server_sent
fd00::209:9:9:9,2913,2913000,2914000,1.0,server_sent
fd00::209:9:9:9,2924,2924000,2925000,1.0,server_sent
fd00::209:9:9:9,2934,2934000,2935000,1.0,server_sent
fd00::209:9:9:9,2945,2945000,2946000,1.0,server_sent
fd00::209:9:9:9,2955,2955000,2956000,1.0,server_sent
fd00::209:9:9:9,2966,2966000,2967000,1.0,server_sent
fd00::209:9:9:9,2976,2976000,2977000,1.0,server_sent
fd00::209:9:9:9,2987,2987000,2988000,1.0,server_sent
fd00::209:9:9:9,2997,2997000,2998000,1.0,server_sent
fd00::209:9:9:9,3008,3008000,3009000,1.0,server_sent
fd00::209:9:9:9,3018,3018000,3019000,1.0,server_sent
fd00::209:9:9:9,3029,3029000,3030000,1.0,server_sent
fd00::209:9:9:9,3039,3039000,3040000,1.0,server_sent
fd00::209:9:9:9,3050,3050000,3051000,2.0,server_sent
fd00::209:9:9:9,3060,3060000,3061000,1.0,server_sent
fd00::209:9:9:9,3071,3071000,3072000,1.0,server_sent
fd00::209:9:9:9,3081,3081000,3082000,1.0,server_sent
fd00::209:9:9:9,3092,3092000,3093000,1.0,server_sent
fd00::209:9:9:9,3102,3102000,3103000,1.0,server_sent
fd00::209:9:9:9,3113,3113000,3114000,1.0,server_sent
fd00::209:9:9:9,3123,3123000,3124000,1.0,server_sent
fd00::209:9:9:9,3134,3134000,3135000,1.0,server_sent
fd00::209:9:9:9,3144,3144000,3145000,1.0,server_sent
fd00::209:9:9:9,3155,3155000,3156000,1.0,server_sent
fd00::209:9:9:9,3165,3165000,3166000,1.0,server_sent
fd00::209:9:9:9,3176,3176000,3177000,1.0,server_sent
fd00::209:9:9:9,3187,3187000,3188000,1.0,server_sent
fd00::209:9:9:9,3197,3197000,3198000,1.0,server_sent
fd00::209:9:9:9,3208,3208000,3209000,1.0,server_sent
fd00::209:9:9:9,3218,3218000,3219000,1.0,server_sent
fd00::209:9:9:9,3229,3229000,3230000,1.0,server_sent
fd00::209:9:9:9,3239,3239000,3240000,1.0,server_sent
fd00::209:9:9:9,3250,3250000,3251000,2.0,server_sent
fd00::209:9:9:9,3260,3260000,3261000,1.0,server_sent
fd00::209:9:9:9,3271,3271000,3272000,1.0,server_sent
fd00::209:9:9:9,3281,3281000,3282000,1.0,server_sent
fd00::209:9:9:9,3292,3292000,3293000,1.0,server_sent
fd00::209:9:9:9,3302,3302000,3303000,1.0,server_sent
fd00::209:9:9:9,3313,3313000,3314000,1.0,server_sent
fd00::209:9:9:9,3323,3323000,3324000,1.0,server_sent
fd00::209:9:9:9,3334,3334000,3335000,1.0,server_sent
fd00::209:9:9:9,3344,3344000,3345000,1.0,server_sent
fd00::209:9:9:9,3355,3355000,3356000,1.0,server_sent
fd00::209:9:9:9,3365,3365000,3366000,1.0,server_sent
fd00::209:9:9:9,3376,3376000,3377000,1.0,server_sent
fd00::209:9:9:9,3386,3386000,3387000,1.0,server_sent
fd00::209:9:9:9,3397,3397000,3398000,1.0,server_sent
fd00::209:9:9:9,3407,3407000,3408000,1.0,server_sent
fd00::209:9:9:9,3418,3418000,3419000,1.0,server_sent
fd00::209:9:9:9,3428,3428000,3429000,1.0,server_sent
fd00::209:9:9:9,3439,3439000,3440000,1.0,server_sent
fd00::209:9:9:9,3449,3449000,3450000,1.0,server_sent
fd00::209:9:9:9,3460,3460000,3461000,2.0,server_sent
fd00::209:9:9:9,3470,3470000,3471000,1.0,server_sent
fd00::209:9:9:9,3481,3481000,3482000,1.0,server_sent
fd00::209:9:9:9,3492,3492000,3493000,1.0,server_sent
fd00::209:9:9:9,3502,3502000,3503000,1.0,server_sent
fd00::209:9:9:9,3513,3513000,3514000,1.0,server_sent
fd00::209:9:9:9,3523,3523000,3524000,1.0,server_sent
fd00::209:9:9:9,3534,3534000,3535000,1.0,server_sent
fd00::209:9:9:9,3544,3544000,3545000,1.0,server_sent
fd00::209:9:9:9,3555,3555000,3556000,1.0,server_sent
fd00::209:9:9:9,3565,3565000,3566000,1.0,server_sent
fd00::209:9:9:9,3576,3576000,3577000,1.0,server_sent
fd00::209:9:9:9,3586,3586000,3587000,1.0,server_sent
fd00::209:9:9:9,3597,3597000,3598000,1.0,server_sent
fd00::20a:a:a:a,51,51000,52000,0.0,server_sent
fd00::20a:a:a:a,61,61000,62000,1.0,server_sent
fd00::20a:a:a:a,71,71000,72000,1.0,server_sent
fd00::20a:a:a:a,82,82000,83000,1.0,server_sent
fd00::20a:a:a:a,92,92000,93000,1.0,server_sent
fd00::20a:a:a:a,102,102000,103000,1.0,server_sent
fd00::20a:a:a:a,112,112000,113000,1.0,server_sent
fd00::20a:a:a:a,122,122000,123000,1.0,server_sent
fd00::20a:a:a:a,133,133000,134000,1.0,server_sent
fd00::20a:a:a:a,143,143000,144000,1.0,server_sent
fd00::20a:a:a:a,153,153000,154000,1.0,server_sent
fd00::20a:a:a:a,163,163000,164000,1.0,server_sent
fd00::20a:a:a:a,173,173000,174000,1.0,server_sent
fd00::20a:a:a:a,184,184000,185000,1.0,server_sent
fd00::20a:a:a:a,194,194000,195000,1.0,server_sent
fd00::20a:a:a:a,204,204000,205000,1.0,server_sent
fd00::20a:a:a:a,214,214000,215000,1.0,server_sent
fd00::20a:a:a:a,225,225000,226000,1.0,server_sent
fd00::20a:a:a:a,235,235000,236000,1.0,server_sent
fd00::20a:a:a:a,245,245000,246000,1.0,server_sent
fd00::20a:a:a:a,255,255000,256000,1.0,server_sent
fd00::20a:a:a:a,265,265000,266000,1.0,server_sent
fd00::20a:a:a:a,276,276000,277000,1.0,server_sent
fd00::20a:a:a:a,286,286000,287000,1.0,server_sent
fd00::20a:a:a:a,296,296000,297000,1.0,server_sent
fd00::20a:a:a:a,306,306000,307000,1.0,server_sent
fd00::20a:a:a:a,317,317000,318000,1.0,server_sent
fd00::20a:a:a:a,327,327000,328000,1.0,server_sent
fd00::20a:a:a:a,337,337000,338000,1.0,server_sent
fd00::20a:a:a:a,347,347000,348000,1.0,server_sent
fd00::20a:a:a:a,357,357000,358000,1.0,server_sent
fd00::20a:a:a:a,368,368000,369000,1.0,server_sent
fd00::20a:a:a:a,378,378000,379000,1.0,server_sent
fd00::20a:a:a:a,388,388000,389000,1.0,server_sent
fd00::20a:a:a:a,398,398000,399000,1.0,server_sent
fd00::20a:a:a:a,409,409000,410000,1.0,server_sent
fd00::20a:a:a:a,419,419000,420000,1.0,server_sent
fd00::20a:a:a:a,429,429000,430000,1.0,server_sent
fd00::20a:a:a:a,439,439000,440000,1.0,server_sent
fd00::20a:a:a:a,449,449000,450000,1.0,server_sent
fd00::20a:a:a:a,460,460000,461000,2.0,server_sent
fd00::20a:a:a:a,470,470000,471000,1.0,server_sent
fd00::20a:a:a:a,480,480000,481000,1.0,server_sent
fd00::20a:a:a:a,490,490000,491000,1.0,server_sent
fd00::20a:a:a:a,501,501000,502000,1.0,server_sent
fd00::20a:a:a:a,511,511000,512000,1.0,server_sent
fd00::20a:a:a:a,521,521000,522000,1.0,server_sent
fd00::20a:a:a:a,531,531000,532000,1.0,server_sent
fd00::20a:a:a:a,541,541000,542000,1.0,server_sent
fd00::20a:a:a:a,552,552000,553000,1.0,server_sent
fd00::20a:a:a:a,562,562000,563000,1.0,server_sent
fd00::20a:a:a:a,572,572000,573000,1.0,server_sent
fd00::20a:a:a:a,582,582000,583000,1.0,server_sent
fd00::20a:a:a:a,592,592000,593000,1.0,server_sent
fd00::20a:a:a:a,603,603000,604000,1.0,server_sent
fd00::20a:a:a:a,613,613000,614000,1.0,server_sent
fd00::20a:a:a:a,623,623000,624000,1.0,server_sent
fd00::20a:a:a:a,633,633000,634000,1.0,server_sent
fd00::20a:a:a:a,644,644000,645000,1.0,server_sent
fd00::20a:a:a:a,654,654000,655000,1.0,server_sent
fd00::20a:a:a:a,664,664000,665000,1.0,server_sent
fd00::20a:a:a:a,674,674000,675000,1.0,server_sent
fd00::20a:a:a:a,684,684000,685000,1.0,server_sent
fd00::20a:a:a:a,695,695000,696000,1.0,server_sent
fd00::20a:a:a:a,705,705000,706000,1.0,server_sent
fd00::20a:a:a:a,715,715000,716000,1.0,server_sent
fd00::20a:a:a:a,725,725000,726000,1.0,server_sent
fd00::20a:a:a:a,735,735000,736000,1.0,server_sent
fd00::20a:a:a:a,746,746000,747000,1.0,server_sent
fd00::20a:a:a:a,756,756000,757000,1.0,server_sent
fd00::20a:a:a:a,766,766000,767000,1.0,server_sent
fd00::20a:a:a:a,776,776000,777000,1.0,server_sent
fd00::20a:a:a:a,787,787000,788000,1.0,server_sent
fd00::20a:a:a:a,797,797000,798000,1.0,server_sent
fd00::20a:a:a:a,807,807000,808000,1.0,server_sent
fd00::20a:a:a:a,817,817000,818000,1.0,server_sent
fd00::20a:a:a:a,827,827000,828000,1.0,server_sent
fd00::20a:a:a:a,838,838000,839000,1.0,server_sent
fd00::20a:a:a:a,848,848000,849000,1.0,server_sent
fd00::20a:a:a:a,858,858000,859000,1.0,server_sent
fd00::20a:a:a:a,868,868000,869000,1.0,server_sent
fd00::20a:a:a:a,879,879000,880000,1.0,server_sent
fd00::20a:a:a:a,889,889000,890000,1.0,server_sent
fd00::20a:a:a:a,899,899000,900000,1.0,server_sent
fd00::20a:a:a:a,909,909000,910000,1.0,server_sent
fd00::20a:a:a:a,919,919000,920000,1.0,server_sent
fd00::20a:a:a:a,930,930000,931000,2.0,server_sent
fd00::20a:a:a:a,940,940000,941000,1.0,server_sent
fd00::20a:a:a:a,950,950000,951000,1.0,server_sent
fd00::20a:a:a:a,960,960000,961000,1.0,server_sent
fd00::20a:a:a:a,971,971000,972000,1.0,server_sent
fd00::20a:a:a:a,981,981000,982000,1.0,server_sent
fd00::20a:a:a:a,991,991000,992000,1.0,server_sent
fd00::20a:a:a:a,1001,1001000,1002000,1.0,server_sent
fd00::20a:a:a:a,1011,1011000,1012000,1.0,server_sent
fd00::20a:a:a:a,1022,1022000,1023000,1.0,server_sent
fd00::20a:a:a:a,1032,1032000,1033000,1.0,server_sent
fd00::20a:a:a:a,1042,1042000,1043000,1.0,server_sent
fd00::20a:a:a:a,1052,1052000,1053000,1.0,server_sent
fd00::20a:a:a:a,1063,1063000,1064000,1.0,server_sent
fd00::20a:a:a:a,1073,1073000,1074000,1.0,server_sent
fd00::20a:a:a:a,1083,1083000,1084000,1.0,server_sent
fd00::20a:a:a:a,1093,1093000,1094000,1.0,server_sent
fd00::20a:a:a:a,1103,1103000,1104000,1.0,server_sent
fd00::20a:a:a:a,1114,1114000,1115000,1.0,server_sent
fd00::20a:a:a:a,1124,1124000,1125000,1.0,server_sent
fd00::20a:a:a:a,1134,1134000,1135000,1.0,server_sent
fd00::20a:a:a:a,1144,1144000,1145000,1.0,server_sent
fd00::20a:a:a:a,1154,1154000,1155000,1.0,server_sent
fd00::20a:a:a:a,1165,1165000,1166000,1.0,server_sent
fd00::20a:a:a:a,1175,1175000,1176000,1.0,server_sent
fd00::20a:a:a:a,1185,1185000,1186000,1.0,server_sent
fd00::20a:a:a:a,1195,1195000,1196000,1.0,server_sent
fd00::20a:a:a:a,1206,1206000,1207000,1.0,server_sent
fd00::20a:a:a:a,1216,1216000,1217000,1.0,server_sent
fd00::20a:a:a:a,1226,1226000,1227000,1.0,server_sent
fd00::20a:a:a:a,1236,1236000,1237000,1.0,server_sent
fd00::20a:a:a:a,1246,1246000,1247000,1.0,server_sent
fd00::20a:a:a:a,1257,1257000,1258000,1.0,server_sent
fd00::20a:a:a:a,1267,1267000,1268000,1.0,server_sent
fd00::20a:a:a:a,1277,1277000,1278000,1.0,server_sent
fd00::20a:a:a:a,1287,1287000,1288000,1.0,server_sent
fd00::20a:a:a:a,1298,1298000,1299000,1.0,server_sent
fd00::20a:a:a:a,1308,1308000,1309000,1.0,server_sent
fd00::20a:a:a:a,1318,1318000,1319000,1.0,server_sent
fd00::20a:a:a:a,1328,1328000,1329000,1.0,server_sent
fd00::20a:a:a:a,1338,1338000,1339000,1.0,server_sent
fd00::20a:a:a:a,1349,1349000,1350000,1.0,server_sent
fd00::20a:a:a:a,1359,1359000,1360000,1.0,server_sent
fd00::20a:a:a:a,1369,1369000,1370000,1.0,server_sent
fd00::20a:a:a:a,1379,1379000,1380000,1.0,server_sent
fd00::20a:a:a:a,1390,1390000,1391000,2.0,server_sent
fd00::20a:a:a:a,1400,1400000,1401000,1.0,server_sent
fd00::20a:a:a:a,1410,1410000,1411000,1.0,server_sent
fd00::20a:a:a:a,1420,1420000,1421000,1.0,server_sent
fd00::20a:a:a:a,1430,1430000,1431000,1.0,server_sent
fd00::20a:a:a:a,1441,1441000,1442000,1.0,server_sent
fd00::20a:a:a:a,1451,1451000,1452000,1.0,server_sent
fd00::20a:a:a:a,1461,1461000,1462000,1.0,server_sent
fd00::20a:a:a:a,1471,1471000,1472000,1.0,server_sent
fd00::20a:a:a:a,1482,1482000,1483000,1.0,server_sent
fd00::20a:a:a:a,1492,1492000,1493000,1.0,server_sent
fd00::20a:a:a:a,1502,1502000,1503000,1.0,server_sent
fd00::20a:a:a:a,1512,1512000,1513000,1.0,server_sent
fd00::20a:a:a:a,1522,1522000,1523000,1.0,server_sent
fd00::20a:a:a:a,1533,1533000,1534000,1.0,server_sent
fd00::20a:a:a:a,1543,1543000,1544000,1.0,server_sent
fd00::20a:a:a:a,1553,1553000,1554000,1.0,server_sent
fd00::20a:a:a:a,1563,1563000,1564000,1.0,server_sent
fd00::20a:a:a:a,1573,1573000,1574000,1.0,server_sent
fd00::20a:a:a:a,1584,1584000,1585000,1.0,server_sent
fd00::20a:a:a:a,1594,1594000,1595000,1.0,server_sent
fd00::20a:a:a:a,1604,1604000,1605000,1.0,server_sent
fd00::20a:a:a:a,1614,1614000,1615000,1.0,server_sent
fd00::20a:a:a:a,1625,1625000,1626000,1.0,server_sent
fd00::20a:a:a:a,1635,1635000,1636000,1.0,server_sent
fd00::20a:a:a:a,1645,1645000,1646000,1.0,server_sent
fd00::20a:a:a:a,1655,1655000,1656000,1.0,server_sent
fd00::20a:a:a:a,1665,1665000,1666000,1.0,server_sent
fd00::20a:a:a:a,1676,1676000,1677000,1.0,server_sent
fd00::20a:a:a:a,1686,1686000,1687000,1.0,server_sent
fd00::20a:a:a:a,1696,1696000,1697000,1.0,server_sent
fd00::20a:a:a:a,1706,1706000,1707000,1.0,server_sent
fd00::20a:a:a:a,1717,1717000,1718000,1.0,server_sent
fd00::20a:a:a:a,1727,1727000,1728000,1.0,server_sent
fd00::20a:a:a:a,1737,1737000,1738000,1.0,server_sent
fd00::20a:a:a:a,1747,1747000,1748000,1.0,server_sent
fd00::20a:a:a:a,1757,1757000,1758000,1.0,server_sent
fd00::20a:a:a:a,1768,1768000,1769000,1.0,server_sent
fd00::20a:a:a:a,1778,1778000,1779000,1.0,server_sent
fd00::20a:a:a:a,1788,1788000,1789000,1.0,server_sent
fd00::20a:a:a:a,1798,1798000,1799000,1.0,server_sent
fd00::20a:a:a:a,1809,1809000,1810000,1.0,server_sent
fd00::20a:a:a:a,1819,1819000,1820000,1.0,server_sent
fd00::20a:a:a:a,1829,1829000,1830000,1.0,server_sent
fd00::20a:a:a:a,1839,1839000,1840000,1.0,server_sent
fd00::20a:a:a:a,1849,1849000,1850000,1.0,server_sent
fd00::20a:a:a:a,1860,1860000,1861000,2.0,server_sent
fd00::20a:a:a:a,1870,1870000,1871000,1.0,server_sent
fd00::20a:a:a:a,1880,1880000,1881000,1.0,server_sent
fd00::20a:a:a:a,1890,1890000,1891000,1.0,server_sent
fd00::20a:a:a:a,1901,1901000,1902000,1.0,server_sent
fd00::20a:a:a:a,1911,1911000,1912000,1.0,server_sent
fd00::20a:a:a:a,1921,1921000,1922000,1.0,server_sent
fd00::20a:a:a:a,1931,1931000,1932000,1.0,server_sent
fd00::20a:a:a:a,1941,1941000,1942000,1.0,server_sent
fd00::20a:a:a:a,1952,1952000,1953000,1.0,server_sent
fd00::20a:a:a:a,1962,1962000,1963000,1.0,server_sent
fd00::20a:a:a:a,1972,1972000,1973000,1.0,server_sent
fd00::20a:a:a:a,1982,1982000,1983000,1.0,server_sent
fd00::20a:a:a:a,1992,1992000,1993000,1.0,server_sent
fd00::20a:a:a:a,2003,2003000,2004000,1.0,server_sent
fd00::20a:a:a:a,2013,2013000,2014000,1.0,server_sent
fd00::20a:a:a:a,2023,2023000,2024000,1.0,server_sent
fd00::20a:a:a:a,2033,2033000,2034000,1.0,server_sent
fd00::20a:a:a:a,2044,2044000,2045000,1.0,server_sent
fd00::20a:a:a:a,2054,2054000,2055000,1.0,server_sent
fd00::20a:a:a:a,2064,2064000,2065000,1.0,server_sent
fd00::20a:a:a:a,2074,2074000,2075000,1.0,server_sent
fd00::20a:a:a:a,2084,2084000,2085000,1.0,server_sent
fd00::20a:a:a:a,2095,2095000,2096000,1.0,server_sent
fd00::20a:a:a:a,2105,2105000,2106000,1.0,server_sent
fd00::20a:a:a:a,2115,2115000,2116000,1.0,server_sent
fd00::20a:a:a:a,2125,2125000,2126000,1.0,server_sent
fd00::20a:a:a:a,2136,2136000,2137000,1.0,server_sent
fd00::20a:a:a:a,2146,2146000,2147000,1.0,server_sent
fd00::20a:a:a:a,2156,2156000,2157000,1.0,server_sent
fd00::20a:a:a:a,2166,2166000,2167000,1.0,server_sent
fd00::20a:a:a:a,2176,2176000,2177000,1.0,server_sent
fd00::20a:a:a:a,2187,2187000,2188000,1.0,server_sent
fd00::20a:a:a:a,2197,2197000,2198000,1.0,server_sent
fd00::20a:a:a:a,2207,2207000,2208000,1.0,server_sent
fd00::20a:a:a:a,2217,2217000,2218000,1.0,server_sent
fd00::20a:a:a:a,2227,2227000,2228000,1.0,server_sent
fd00::20a:a:a:a,2238,2238000,2239000,1.0,server_sent
fd00::20a:a:a:a,2248,2248000,2249000,1.0,server_sent
fd00::20a:a:a:a,2258,2258000,2259000,1.0,server_sent
fd00::20a:a:a:a,2268,2268000,2269000,1.0,server_sent
fd00::20a:a:a:a,2279,2279000,2280000,1.0,server_sent
fd00::20a:a:a:a,2289,2289000,2290000,1.0,server_sent
fd00::20a:a:a:a,2299,2299000,2300000,1.0,server_sent
fd00::20a:a:a:a,2309,2309000,2310000,1.0,server_sent
fd00::20a:a:a:a,2319,2319000,2320000,1.0,server_sent
fd00::20a:a:a:a,2330,2330000,2331000,2.0,server_sent
fd00::20a:a:a:a,2340,2340000,2341000,1.0,server_sent
fd00::20a:a:a:a,2350,2350000,2351000,1.0,server_sent
fd00::20a:a:a:a,2360,2360000,2361000,1.0,server_sent
fd00::20a:a:a:a,2371,2371000,2372000,1.0,server_sent
fd00::20a:a:a:a,2381,2381000,2382000,1.0,server_sent
fd00::20a:a:a:a,2391,2391000,2392000,1.0,server_sent
fd00::20a:a:a:a,2401,2401000,2402000,1.0,server_sent
fd00::20a:a:a:a,2411,2411000,2412000,1.0,server_sent
fd00::20a:a:a:a,2422,2422000,2423000,1.0,server_sent
fd00::20a:a:a:a,2432,2432000,2433000,1.0,server_sent
fd00::20a:a:a:a,2442,2442000,2443000,1.0,server_sent
fd00::20a:a:a:a,2452,2452000,2453000,1.0,server_sent
fd00::20a:a:a:a,2463,2463000,2464000,1.0,server_sent
fd00::20a:a:a:a,2473,2473000,2474000,1.0,server_sent
fd00::20a:a:a:a,2483,2483000,2484000,1.0,server_sent
fd00::20a:a:a:a,2493,2493000,2494000,1.0,server_sent
fd00::20a:a:a:a,2503,2503000,2504000,1.0,server_sent
fd00::20a:a:a:a,2514,2514000,2515000,1.0,server_sent
fd00::20a:a:a:a,2524,2524000,2525000,1.0,server_sent
fd00::20a:a:a:a,2534,2534000,2535000,1.0,server_sent
fd00::20a:a:a:a,2544,2544000,2545000,1.0,server_sent
fd00::20a:a:a:a,2555,2555000,2556000,1.0,server_sent
fd00::20a:a:a:a,2565,2565000,2566000,1.0,server_sent
fd00::20a:a:a:a,2575,2575000,2576000,1.0,server_sent
fd00::20a:a:a:a,2585,2585000,2586000,1.0,server_sent
fd00::20a:a:a:a,2595,2595000,2596000,1.0,server_sent
fd00::20a:a:a:a,2606,2606000,2607000,1.0,server_sent
fd00::20a:a:a:a,2616,2616000,2617000,1.0,server_sent
fd00::20a:a:a:a,2626,2626000,2627000,1.0,server_sent
fd00::20a:a:a:a,2636,2636000,2637000,1.0,server_sent
fd00::20a:a:a:a,2646,2646000,2647000,1.0,server_sent
fd00::20a:a:a:a,2657,2657000,2658000,1.0,server_sent
fd00::20a:a:a:a,2667,2667000,2668000,1.0,server_sent
fd00::20a:a:a:a,2677,2677000,2678000,1.0,server_sent
fd00::20a:a:a:a,2687,2687000,2688000,1.0,server_sent
fd00::20a:a:a:a,2698,2698000,2699000,1.0,server_sent
fd00::20a:a:a:a,2708,2708000,2709000,1.0,server_sent
fd00::20a:a:a:a,2718,2718000,2719000,1.0,server_sent
fd00::20a:a:a:a,2728,2728000,2729000,1.0,server_sent
fd00::20a:a:a:a,2738,2738000,2739000,1.0,server_sent
fd00::20a:a:a:a,2749,2749000,2750000,1.0,server_sent
fd00::20a:a:a:a,2759,2759000,2760000,1.0,server_sent
fd00::20a:a:a:a,2769,2769000,2770000,1.0,server_sent
fd00::20a:a:a:a,2779,2779000,2780000,1.0,server_sent
fd00::20a:a:a:a,2790,2790000,2791000,2.0,server_sent
fd00::20a:a:a:a,2800,2800000,2801000,1.0,server_sent
fd00::20a:a:a:a,2810,2810000,2811000,1.0,server_sent
fd00::20a:a:a:a,2820,2820000,2821000,1.0,server_sent
fd00::20a:a:a:a,2830,2830000,2831000,1.0,server_sent
fd00::20a:a:a:a,2841,2841000,2842000,1.0,server_sent
fd00::20a:a:a:a,2851,2851000,2852000,1.0,server_sent
fd00::20a:a:a:a,2861,2861000,2862000,1.0,server_sent
fd00::20a:a:a:a,2871,2871000,2872000,1.0,server_sent
fd00::20a:a:a:a,2882,2882000,2883000,1.0,server_sent
fd00::20a:a:a:a,2892,2892000,2893000,1.0,server_sent
fd00::20a:a:a:a,2902,2902000,2903000,1.0,server_sent
fd00::20a:a:a:a,2912,2912000,2913000,1.0,server_sent
fd00::20a:a:a:a,2922,2922000,2923000,1.0,server_sent
fd00::20a:a:a:a,2933,2933000,2934000,1.0,server_sent
fd00::20a:a:a:a,2943,2943000,2944000,1.0,server_sent
fd00::20a:a:a:a,2953,2953000,2954000,1.0,server_sent
fd00::20a:a:a:a,2963,2963000,2964000,1.0,server_sent
fd00::20a:a:a:a,2974,2974000,2975000,1.0,server_sent
fd00::20a:a:a:a,2984,2984000,2985000,1.0,server_sent
fd00::20a:a:a:a,2994,2994000,2995000,1.0,server_sent
fd00::20a:a:a:a,3004,3004000,3005000,1.0,server_sent
fd00::20a:a:a:a,3014,3014000,3015000,1.0,server_sent
fd00::20a:a:a:a,3025,3025000,3026000,1.0,server_sent
fd00::20a:a:a:a,3035,3035000,3036000,1.0,server_sent
fd00::20a:a:a:a,3045,3045000,3046000,1.0,server_sent
fd00::20a:a:a:a,3055,3055000,3056000,1.0,server_sent
fd00::20a:a:a:a,3066,3066000,3067000,1.0,server_sent
fd00::20a:a:a:a,3076,3076000,3077000,1.0,server_sent
fd00::20a:a:a:a,3086,3086000,3087000,1.0,server_sent
fd00::20a:a:a:a,3096,3096000,3097000,1.0,server_sent
fd00::20a:a:a:a,3106,3106000,3107000,1.0,server_sent
fd00::20a:a:a:a,3117,3117000,3118000,1.0,server_sent
fd00::20a:a:a:a,3127,3127000,3128000,1.0,server_sent
fd00::20a:a:a:a,3137,3137000,3138000,1.0,server_sent
fd00::20a:a:a:a,3147,3147000,3148000,1.0,server_sent
fd00::20a:a:a:a,3157,3157000,3158000,1.0,server_sent
fd00::20a:a:a:a,3168,3168000,3169000,1.0,server_sent
fd00::20a:a:a:a,3178,3178000,3179000,1.0,server_sent
fd00::20a:a:a:a,3188,3188000,3189000,1.0,server_sent
fd00::20a:a:a:a,3198,3198000,3199000,1.0,server_sent
fd00::20a:a:a:a,3209,3209000,3210000,1.0,server_sent
fd00::20a:a:a:a,3219,3219000,3220000,1.0,server_sent
fd00::20a:a:a:a,3229,3229000,3230000,1.0,server_sent
fd00::20a:a:a:a,3239,3239000,3240000,1.0,server_sent
fd00::20a:a:a:a,3249,3249000,3250000,1.0,server_sent
fd00::20a:a:a:a,3260,3260000,3261000,2.0,server_sent
fd00::20a:a:a:a,3270,3270000,3271000,1.0,server_sent
fd00::20a:a:a:a,3280,3280000,3281000,1.0,server_sent
fd00::20a:a:a:a,3290,3290000,3291000,1.0,server_sent
fd00::20a:a:a:a,3300,3300000,3301000,1.0,server_sent
fd00::20a:a:a:a,3311,3311000,3312000,1.0,server_sent
fd00::20a:a:a:a,3321,3321000,3322000,1.0,server_sent
fd00::20a:a:a:a,3331,3331000,3332000,1.0,server_sent
fd00::20a:a:a:a,3341,3341000,3342000,1.0,server_sent
fd00::20a:a:a:a,3352,3352000,3353000,1.0,server_sent
fd00::20a:a:a:a,3362,3362000,3363000,1.0,server_sent
fd00::20a:a:a:a,3372,3372000,3373000,1.0,server_sent
fd00::20a:a:a:a,3382,3382000,3383000,1.0,server_sent
fd00::20a:a:a:a,3392,3392000,3393000,1.0,server_sent
fd00::20a:a:a:a,3403,3403000,3404000,1.0,server_sent
fd00::20a:a:a:a,3413,3413000,3414000,1.0,server_sent
fd00::20a:a:a:a,3423,3423000,3424000,1.0,server_sent
fd00::20a:a:a:a,3433,3433000,3434000,1.0,server_sent
fd00::20a:a:a:a,3444,3444000,3445000,1.0,server_sent
fd00::20a:a:a:a,3454,3454000,3455000,1.0,server_sent
fd00::20a:a:a:a,3464,3464000,3465000,1.0,server_sent
fd00::20a:a:a:a,3474,3474000,3475000,1.0,server_sent
fd00::20a:a:a:a,3484,3484000,3485000,1.0,server_sent
fd00::20a:a:a:a,3495,3495000,3496000,1.0,server_sent
fd00::20a:a:a:a,3505,3505000,3506000,1.0,server_sent
fd00::20a:a:a:a,3515,3515000,3516000,1.0,server_sent
fd00::20a:a:a:a,3525,3525000,3526000,1.0,server_sent
fd00::20a:a:a:a,3536,3536000,3537000,1.0,server_sent
fd00::20a:a:a:a,3546,3546000,3547000,1.0,server_sent
fd00::20a:a:a:a,3556,3556000,3557000,1.0,server_sent
fd00::20a:a:a:a,3566,3566000,3567000,1.0,server_sent
fd00::20a:a:a:a,3576,3576000,3577000,1.0,server_sent
fd00::20a:a:a:a,3587,3587000,3588000,1.0,server_sent
fd00::20a:a:a:a,3597,3597000,3598000,1.0,server_sent
fd00::20b:b:b:b,52,52000,53000,0.0,server_sent
fd00::20b:b:b:b,63,63000,64000,1.0,server_sent
fd00::20b:b:b:b,74,74000,75000,1.0,server_sent
fd00::20b:b:b:b,84,84000,85000,1.0,server_sent
fd00::20b:b:b:b,95,95000,96000,1.0,server_sent
fd00::20b:b:b:b,106,106000,107000,1.0,server_sent
fd00::20b:b:b:b,116,116000,117000,1.0,server_sent
fd00::20b:b:b:b,127,127000,128000,1.0,server_sent
fd00::20b:b:b:b,137,137000,138000,1.0,server_sent
fd00::20b:b:b:b,148,148000,149000,1.0,server_sent
fd00::20b:b:b:b,159,159000,160000,1.0,server_sent
fd00::20b:b:b:b,169,169000,170000,1.0,server_sent
fd00::20b:b:b:b,180,180000,181000,2.0,server_sent
fd00::20b:b:b:b,190,190000,191000,1.0,server_sent
fd00::20b:b:b:b,201,201000,202000,1.0,server_sent
fd00::20b:b:b:b,212,212000,213000,1.0,server_sent
fd00::20b:b:b:b,222,222000,223000,1.0,server_sent
fd00::20b:b:b:b,233,233000,234000,1.0,server_sent
fd00::20b:b:b:b,243,243000,244000,1.0,server_sent
fd00::20b:b:b:b,254,254000,255000,1.0,server_sent
fd00::20b:b:b:b,265,265000,266000,1.0,server_sent
fd00::20b:b:b:b,275,275000,276000,1.0,server_sent
fd00::20b:b:b:b,286,286000,287000,1.0,server_sent
fd00::20b:b:b:b,296,296000,297000,1.0,server_sent
fd00::20b:b:b:b,307,307000,308000,1.0,server_sent
fd00::20b:b:b:b,318,318000,319000,1.0,server_sent
fd00::20b:b:b:b,328,328000,329000,1.0,server_sent
fd00::20b:b:b:b,339,339000,340000,1.0,server_sent
fd00::20b:b:b:b,350,350000,351000,1.0,server_sent
fd00::20b:b:b:b,360,360000,361000,2.0,server_sent
fd00::20b:b:b:b,371,371000,372000,1.0,server_sent
fd00::20b:b:b:b,381,381000,382000,1.0,server_sent
fd00::20b:b:b:b,392,392000,393000,1.0,server_sent
fd00::20b:b:b:b,403,403000,404000,1.0,server_sent
fd00::20b:b:b:b,413,413000,414000,1.0,server_sent
fd00::20b:b:b:b,424,424000,425000,1.0,server_sent
fd00::20b:b:b:b,434,434000,435000,1.0,server_sent
fd00::20b:b:b:b,445,445000,446000,1.0,server_sent
fd00::20b:b:b:b,456,456000,457000,1.0,server_sent
fd00::20b:b:b:b,466,466000,467000,1.0,server_sent
fd00::20b:b:b:b,477,477000,478000,1.0,server_sent
fd00::20b:b:b:b,487,487000,488000,1.0,server_sent
fd00::20b:b:b:b,498,498000,499000,1.0,server_sent
fd00::20b:b:b:b,509,509000,510000,1.0,server_sent
fd00::20b:b:b:b,519,519000,520000,1.0,server_sent
fd00::20b:b:b:b,530,530000,531000,2.0,server_sent
fd00::20b:b:b:b,540,540000,541000,1.0,server_sent
fd00::20b:b:b:b,551,551000,552000,1.0,server_sent
fd00::20b:b:b:b,562,562000,563000,1.0,server_sent
fd00::20b:b:b:b,572,572000,573000,1.0,server_sent
fd00::20b:b:b:b,583,583000,584000,1.0,server_sent
fd00::20b:b:b:b,594,594000,595000,1.0,server_sent
fd00::20b:b:b:b,604,604000,605000,1.0,server_sent
fd00::20b:b:b:b,615,615000,616000,1.0,server_sent
fd00::20b:b:b:b,625,625000,626000,1.0,server_sent
fd00::20b:b:b:b,636,636000,637000,1.0,server_sent
fd00::20b:b:b:b,647,647000,648000,1.0,server_sent
fd00::20b:b:b:b,657,657000,658000,1.0,server_sent
fd00::20b:b:b:b,668,668000,669000,1.0,server_sent
fd00::20b:b:b:b,678,678000,679000,1.0,server_sent
fd00::20b:b:b:b,689,689000,690000,1.0,server_sent
fd00::20b:b:b:b,700,700000,701000,2.0,server_sent
fd00::20b:b:b:b,710,710000,711000,1.0,server_sent
fd00::20b:b:b:b,721,721000,722000,1.0,server_sent
fd00::20b:b:b:b,731,731000,732000,1.0,server_sent
fd00::20b:b:b:b,742,742000,743000,1.0,server_sent
fd00::20b:b:b:b,753,753000,754000,1.0,server_sent
fd00::20b:b:b:b,763,763000,764000,1.0,server_sent
fd00::20b:b:b:b,774,774000,775000,1.0,server_sent
fd00::20b:b:b:b,784,784000,785000,1.0,server_sent
fd00::20b:b:b:b,795,795000,796000,1.0,server_sent
fd00::20b:b:b:b,806,806000,807000,1.0,server_sent
fd00::20b:b:b:b,816,816000,817000,1.0,server_sent
fd00::20b:b:b:b,827,827000,828000,1.0,server_sent
fd00::20b:b:b:b,838,838000,839000,1.0,server_sent
fd00::20b:b:b:b,848,848000,849000,1.0,server_sent
fd00::20b:b:b:b,859,859000,860000,1.0,server_sent
fd00::20b:b:b:b,869,869000,870000,1.0,server_sent
fd00::20b:b:b:b,880,880000,881000,2.0,server_sent
fd00::20b:b:b:b,891,891000,892000,1.0,server_sent
fd00::20b:b:b:b,901,901000,902000,1.0,server_sent
fd00::20b:b:b:b,912,912000,913000,1.0,server_sent
fd00::20b:b:b:b,922,922000,923000,1.0,server_sent
fd00::20b:b:b:b,933,933000,934000,1.0,server_sent
fd00::20b:b:b:b,944,944000,945000,1.0,server_sent
fd00::20b:b:b:b,954,954000,955000,1.0,server_sent
fd00::20b:b:b:b,965,965000,966000,1.0,server_sent
fd00::20b:b:b:b,975,975000,976000,1.0,server_sent
fd00::20b:b:b:b,986,986000,987000,1.0,server_sent
fd00::20b:b:b:b,997,997000,998000,1.0,server_sent
fd00::20b:b:b:b,1007,1007000,1008000,1.0,server_sent
fd00::20b:b:b:b,1018,1018000,1019000,1.0,server_sent
fd00::20b:b:b:b,1029,1029000,1030000,1.0,server_sent
fd00::20b:b:b:b,1039,1039000,1040000,1.0,server_sent
fd00::20b:b:b:b,1050,1050000,1051000,2.0,server_sent
fd00::20b:b:b:b,1060,1060000,1061000,1.0,server_sent
fd00::20b:b:b:b,1071,1071000,1072000,1.0,server_sent
fd00::20b:b:b:b,1082,1082000,1083000,1.0,server_sent
fd00::20b:b:b:b,1092,1092000,1093000,1.0,server_sent
fd00::20b:b:b:b,1103,1103000,1104000,1.0,server_sent
fd00::20b:b:b:b,1113,1113000,1114000,1.0,server_sent
fd00::20b:b:b:b,1124,1124000,1125000,1.0,server_sent
fd00::20b:b:b:b,1135,1135000,1136000,1.0,server_sent
fd00::20b:b:b:b,1145,1145000,1146000,1.0,server_sent
fd00::20b:b:b:b,1156,1156000,1157000,1.0,server_sent
fd00::20b:b:b:b,1166,1166000,1167000,1.0,server_sent
fd00::20b:b:b:b,1177,1177000,1178000,1.0,server_sent
fd00::20b:b:b:b,1188,1188000,1189000,1.0,server_sent
fd00::20b:b:b:b,1198,1198000,1199000,1.0,server_sent
fd00::20b:b:b:b,1209,1209000,1210000,1.0,server_sent
fd00::20b:b:b:b,1219,1219000,1220000,1.0,server_sent
fd00::20b:b:b:b,1230,1230000,1231000,2.0,server_sent
fd00::20b:b:b:b,1241,1241000,1242000,1.0,server_sent
fd00::20b:b:b:b,1251,1251000,1252000,1.0,server_sent
fd00::20b:b:b:b,1262,1262000,1263000,1.0,server_sent
fd00::20b:b:b:b,1273,1273000,1274000,1.0,server_sent
fd00::20b:b:b:b,1283,1283000,1284000,1.0,server_sent
fd00::20b:b:b:b,1294,1294000,1295000,1.0,server_sent
fd00::20b:b:b:b,1304,1304000,1305000,1.0,server_sent
fd00::20b:b:b:b,1315,1315000,1316000,1.0,server_sent
fd00::20b:b:b:b,1326,1326000,1327000,1.0,server_sent
fd00::20b:b:b:b,1336,1336000,1337000,1.0,server_sent
fd00::20b:b:b:b,1347,1347000,1348000,1.0,server_sent
fd00::20b:b:b:b,1357,1357000,1358000,1.0,server_sent
fd00::20b:b:b:b,1368,1368000,1369000,1.0,server_sent
fd00::20b:b:b:b,1379,1379000,1380000,1.0,server_sent
fd00::20b:b:b:b,1389,1389000,1390000,1.0,server_sent
fd00::20b:b:b:b,1400,1400000,1401000,2.0,server_sent
fd00::20b:b:b:b,1410,1410000,1411000,1.0,server_sent
fd00::20b:b:b:b,1421,1421000,1422000,1.0,server_sent
fd00::20b:b:b:b,1432,1432000,1433000,1.0,server_sent
fd00::20b:b:b:b,1442,1442000,1443000,1.0,server_sent
fd00::20b:b:b:b,1453,1453000,1454000,1.0,server_sent
fd00::20b:b:b:b,1463,1463000,1464000,1.0,server_sent
fd00::20b:b:b:b,1474,1474000,1475000,1.0,server_sent
fd00::20b:b:b:b,1485,1485000,1486000,1.0,server_sent
fd00::20b:b:b:b,1495,1495000,1496000,1.0,server_sent
fd00::20b:b:b:b,1506,1506000,1507000,1.0,server_sent
fd00::20b:b:b:b,1516,1516000,1517000,1.0,server_sent
fd00::20b:b:b:b,1527,1527000,1528000,1.0,server_sent
fd00::20b:b:b:b,1538,1538000,1539000,1.0,server_sent
fd00::20b:b:b:b,1548,1548000,1549000,1.0,server_sent
fd00::20b:b:b:b,1559,1559000,1560000,1.0,server_sent
fd00::20b:b:b:b,1569,1569000,1570000,1.0,server_sent
fd00::20b:b:b:b,1580,1580000,1581000,2.0,server_sent
fd00::20b:b:b:b,1591,1591000,1592000,1.0,server_sent
fd00::20b:b:b:b,1601,1601000,1602000,1.0,server_sent
fd00::20b:b:b:b,1612,1612000,1613000,1.0,server_sent
fd00::20b:b:b:b,1623,1623000,1624000,1.0,server_sent
fd00::20b:b:b:b,1633,1633000,1634000,1.0,server_sent
fd00::20b:b:b:b,1644,1644000,1645000,1.0,server_sent
fd00::20b:b:b:b,1654,1654000,1655000,1.0,server_sent
fd00::20b:b:b:b,1665,1665000,1666000,1.0,server_sent
fd00::20b:b:b:b,1676,1676000,1677000,1.0,server_sent
fd00::20b:b:b:b,1686,1686000,1687000,1.0,server_sent
fd00::20b:b:b:b,1697,1697000,1698000,1.0,server_sent
fd00::20b:b:b:b,1707,1707000,1708000,1.0,server_sent
fd00::20b:b:b:b,1718,1718000,1719000,1.0,server_sent
fd00::20b:b:b:b,1729,1729000,1730000,1.0,server_sent
fd00::20b:b:b:b,1739,1739000,1740000,1.0,server_sent
fd00::20b:b:b:b,1750,1750000,1751000,2.0,server_sent
fd00::20b:b:b:b,1760,1760000,1761000,1.0,server_sent
fd00::20b:b:b:b,1771,1771000,1772000,1.0,server_sent
fd00::20b:b:b:b,1782,1782000,1783000,1.0,server_sent
fd00::20b:b:b:b,1792,1792000,1793000,1.0,server_sent
fd00::20b:b:b:b,1803,1803000,1804000,1.0,server_sent
fd00::20b:b:b:b,1814,1814000,1815000,1.0,server_sent
fd00::20b:b:b:b,1824,1824000,1825000,1.0,server_sent
fd00::20b:b:b:b,1835,1835000,1836000,1.0,server_sent
fd00::20b:b:b:b,1845,1845000,1846000,1.0,server_sent
fd00::20b:b:b:b,1856,1856000,1857000,1.0,server_sent
fd00::20b:b:b:b,1867,1867000,1868000,1.0,server_sent
fd00::20b:b:b:b,1877,1877000,1878000,1.0,server_sent
fd00::20b:b:b:b,1888,1888000,1889000,1.0,server_sent
fd00::20b:b:b:b,1898,1898000,1899000,1.0,server_sent
fd00::20b:b:b:b,1909,1909000,1910000,1.0,server_sent
fd00::20b:b:b:b,1920,1920000,1921000,2.0,server_sent
fd00::20b:b:b:b,1930,1930000,1931000,1.0,server_sent
fd00::20b:b:b:b,1941,1941000,1942000,1.0,server_sent
fd00::20b:b:b:b,1951,1951000,1952000,1.0,server_sent
fd00::20b:b:b:b,1962,1962000,1963000,1.0,server_sent
fd00::20b:b:b:b,1973,1973000,1974000,1.0,server_sent
fd00::20b:b:b:b,1983,1983000,1984000,1.0,server_sent
fd00::20b:b:b:b,1994,1994000,1995000,1.0,server_sent
fd00::20b:b:b:b,2005,2005000,2006000,1.0,server_sent
fd00::20b:b:b:b,2015,2015000,2016000,1.0,server_sent
fd00::20b:b:b:b,2026,2026000,2027000,1.0,server_sent
fd00::20b:b:b:b,2036,2036000,2037000,1.0,server_sent
fd00::20b:b:b:b,2047,2047000,2048000,1.0,server_sent
fd00::20b:b:b:b,2058,2058000,2059000,1.0,server_sent
fd00::20b:b:b:b,2068,2068000,2069000,1.0,server_sent
fd00::20b:b:b:b,2079,2079000,2080000,1.0,server_sent
fd00::20b:b:b:b,2089,2089000,2090000,1.0,server_sent
fd00::20b:b:b:b,2100,2100000,2101000,2.0,server_sent
fd00::20b:b:b:b,2111,2111000,2112000,1.0,server_sent
fd00::20b:b:b:b,2121,2121000,2122000,1.0,server_sent
fd00::20b:b:b:b,2132,2132000,2133000,1.0,server_sent
fd00::20b:b:b:b,2142,2142000,2143000,1.0,server_sent
fd00::20b:b:b:b,2153,2153000,2154000,1.0,server_sent
fd00::20b:b:b:b,2164,2164000,2165000,1.0,server_sent
fd00::20b:b:b:b,2174,2174000,2175000,1.0,server_sent
fd00::20b:b:b:b,2185,2185000,2186000,1.0,server_sent
fd00::20b:b:b:b,2195,2195000,2196000,1.0,server_sent
fd00::20b:b:b:b,2206,2206000,2207000,1.0,server_sent
fd00::20b:b:b:b,2217,2217000,2218000,1.0,server_sent
fd00::20b:b:b:b,2227,2227000,2228000,1.0,server_sent
fd00::20b:b:b:b,2238,2238000,2239000,1.0,server_sent
fd00::20b:b:b:b,2249,2249000,2250000,1.0,server_sent
fd00::20b:b:b:b,2259,2259000,2260000,1.0,server_sent
fd00::20b:b:b:b,2270,2270000,2271000,2.0,server_sent
fd00::20b:b:b:b,2280,2280000,2281000,1.0,server_sent
fd00::20b:b:b:b,2291,2291000,2292000,1.0,server_sent
fd00::20b:b:b:b,2302,2302000,2303000,1.0,server_sent
fd00::20b:b:b:b,2312,2312000,2313000,1.0,server_sent
fd00::20b:b:b:b,2323,2323000,2324000,1.0,server_sent
fd00::20b:b:b:b,2333,2333000,2334000,1.0,server_sent
fd00::20b:b:b:b,2344,2344000,2345000,1.0,server_sent
fd00::20b:b:b:b,2355,2355000,2356000,1.0,server_sent
fd00::20b:b:b:b,2365,2365000,2366000,1.0,server_sent
fd00::20b:b:b:b,2376,2376000,2377000,1.0,server_sent
fd00::20b:b:b:b,2386,2386000,2387000,1.0,server_sent
fd00::20b:b:b:b,2397,2397000,2398000,1.0,server_sent
fd00::20b:b:b:b,2408,2408000,2409000,1.0,server_sent
fd00::20b:b:b:b,2418,2418000,2419000,1.0,server_sent
fd00::20b:b:b:b,2429,2429000,2430000,1.0,server_sent
fd00::20b:b:b:b,2439,2439000,2440000,1.0,server_sent
fd00::20b:b:b:b,2450,2450000,2451000,2.0,server_sent
fd00::20b:b:b:b,2461,2461000,2462000,1.0,server_sent
fd00::20b:b:b:b,2471,2471000,2472000,1.0,server_sent
fd00::20b:b:b:b,2482,2482000,2483000,1.0,server_sent
fd00::20b:b:b:b,2493,2493000,2494000,1.0,server_sent
fd00::20b:b:b:b,2503,2503000,2504000,1.0,server_sent
fd00::20b:b:b:b,2514,2514000,2515000,1.0,server_sent
fd00::20b:b:b:b,2524,2524000,2525000,1.0,server_sent
fd00::20b:b:b:b,2535,2535000,2536000,1.0,server_sent
fd00::20b:b:b:b,2546,2546000,2547000,1.0,server_sent
fd00::20b:b:b:b,2556,2556000,2557000,1.0,server_sent
fd00::20b:b:b:b,2567,2567000,2568000,1.0,server_sent
fd00::20b:b:b:b,2577,2577000,2578000,1.0,server_sent
fd00::20b:b:b:b,2588,2588000,2589000,1.0,server_sent
fd00::20b:b:b:b,2599,2599000,2600000,1.0,server_sent
fd00::20b:b:b:b,2609,2609000,2610000,1.0,server_sent
fd00::20b:b:b:b,2620,2620000,2621000,2.0,server_sent
fd00::20b:b:b:b,2630,2630000,2631000,1.0,server_sent
fd00::20b:b:b:b,2641,2641000,2642000,1.0,server_sent
fd00::20b:b:b:b,2652,2652000,2653000,1.0,server_sent
fd00::20b:b:b:b,2662,2662000,2663000,1.0,server_sent
fd00::20b:b:b:b,2673,2673000,2674000,1.0,server_sent
fd00::20b:b:b:b,2684,2684000,2685000,1.0,server_sent
fd00::20b:b:b:b,2694,2694000,2695000,1.0,server_sent
fd00::20b:b:b:b,2705,2705000,2706000,1.0,server_sent
fd00::20b:b:b:b,2715,2715000,2716000,1.0,server_sent
fd00::20b:b:b:b,2726,2726000,2727000,1.0,server_sent
fd00::20b:b:b:b,2737,2737000,2738000,1.0,server_sent
fd00::20b:b:b:b,2747,2747000,2748000,1.0,server_sent
fd00::20b:b:b:b,2758,2758000,2759000,1.0,server_sent
fd00::20b:b:b:b,2768,2768000,2769000,1.0,server_sent
fd00::20b:b:b:b,2779,2779000,2780000,1.0,server_sent
fd00::20b:b:b:b,2790,2790000,2791000,2.0,server_sent
fd00::20b:b:b:b,2800,2800000,2801000,1.0,server_sent
fd00::20b:b:b:b,2811,2811000,2812000,1.0,server_sent
fd00::20b:b:b:b,2821,2821000,2822000,1.0,server_sent
fd00::20b:b:b:b,2832,2832000,2833000,1.0,server_sent
fd00::20b:b:b:b,2843,2843000,2844000,1.0,server_sent
fd00::20b:b:b:b,2853,2853000,2854000,1.0,server_sent
fd00::20b:b:b:b,2864,2864000,2865000,1.0,server_sent
fd00::20b:b:b:b,2874,2874000,2875000,1.0,server_sent
fd00::20b:b:b:b,2885,2885000,2886000,1.0,server_sent
fd00::20b:b:b:b,2896,2896000,2897000,1.0,server_sent
fd00::20b:b:b:b,2906,2906000,2907000,1.0,server_sent
fd00::20b:b:b:b,2917,2917000,2918000,1.0,server_sent
fd00::20b:b:b:b,2928,2928000,2929000,1.0,server_sent
fd00::20b:b:b:b,2938,2938000,2939000,1.0,server_sent
fd00::20b:b:b:b,2949,2949000,2950000,1.0,server_sent
fd00::20b:b:b:b,2959,2959000,2960000,1.0,server_sent
fd00::20b:b:b:b,2970,2970000,2971000,2.0,server_sent
fd00::20b:b:b:b,2981,2981000,2982000,1.0,server_sent
fd00::20b:b:b:b,2991,2991000,2992000,1.0,server_sent
fd00::20b:b:b:b,3002,3002000,3003000,1.0,server_sent
fd00::20b:b:b:b,3012,3012000,3013000,1.0,server_sent
fd00::20b:b:b:b,3023,3023000,3024000,1.0,server_sent
fd00::20b:b:b:b,3034,3034000,3035000,1.0,server_sent
fd00::20b:b:b:b,3044,3044000,3045000,1.0,server_sent
fd00::20b:b:b:b,3055,3055000,3056000,1.0,server_sent
fd00::20b:b:b:b,3065,3065000,3066000,1.0,server_sent
fd00::20b:b:b:b,3076,3076000,3077000,1.0,server_sent
fd00::20b:b:b:b,3087,3087000,3088000,1.0,server_sent
fd00::20b:b:b:b,3097,3097000,3098000,1.0,server_sent
fd00::20b:b:b:b,3108,3108000,3109000,1.0,server_sent
fd00::20b:b:b:b,3118,3118000,3119000,1.0,server_sent
fd00::20b:b:b:b,3129,3129000,3130000,1.0,server_sent
fd00::20b:b:b:b,3140,3140000,3141000,2.0,server_sent
fd00::20b:b:b:b,3150,3150000,3151000,1.0,server_sent
fd00::20b:b:b:b,3161,3161000,3162000,1.0,server_sent
fd00::20b:b:b:b,3171,3171000,3172000,1.0,server_sent
fd00::20b:b:b:b,3182,3182000,3183000,1.0,server_sent
fd00::20b:b:b:b,3193,3193000,3194000,1.0,server_sent
fd00::20b:b:b:b,3203,3203000,3204000,1.0,server_sent
fd00::20b:b:b:b,3214,3214000,3215000,1.0,server_sent
fd00::20b:b:b:b,3225,3225000,3226000,1.0,server_sent
fd00::20b:b:b:b,3235,3235000,3236000,1.0,server_sent
fd00::20b:b:b:b,3246,3246000,3247000,1.0,server_sent
fd00::20b:b:b:b,3256,3256000,3257000,1.0,server_sent
fd00::20b:b:b:b,3267,3267000,3268000,1.0,server_sent
fd00::20b:b:b:b,3278,3278000,3279000,1.0,server_sent
fd00::20b:b:b:b,3288,3288000,3289000,1.0,server_sent
fd00::20b:b:b:b,3299,3299000,3300000,1.0,server_sent
fd00::20b:b:b:b,3309,3309000,3310000,1.0,server_sent
fd00::20b:b:b:b,3320,3320000,3321000,2.0,server_sent
fd00::20b:b:b:b,3331,3331000,3332000,1.0,server_sent
fd00::20b:b:b:b,3341,3341000,3342000,1.0,server_sent
fd00::20b:b:b:b,3352,3352000,3353000,1.0,server_sent
fd00::20b:b:b:b,3362,3362000,3363000,1.0,server_sent
fd00::20b:b:b:b,3373,3373000,3374000,1.0,server_sent
fd00::20b:b:b:b,3384,3384000,3385000,1.0,server_sent
fd00::20b:b:b:b,3394,3394000,3395000,1.0,server_sent
fd00::20b:b:b:b,3405,3405000,3406000,1.0,server_sent
fd00::20b:b:b:b,3415,3415000,3416000,1.0,server_sent
fd00::20b:b:b:b,3426,3426000,3427000,1.0,server_sent
fd00::20b:b:b:b,3437,3437000,3438000,1.0,server_sent
fd00::20b:b:b:b,3447,3447000,3448000,1.0,server_sent
fd00::20b:b:b:b,3458,3458000,3459000,1.0,server_sent
fd00::20b:b:b:b,3469,3469000,3470000,1.0,server_sent
fd00::20b:b:b:b,3479,3479000,3480000,1.0,server_sent
fd00::20b:b:b:b,3490,3490000,3491000,2.0,server_sent
fd00::20b:b:b:b,3500,3500000,3501000,1.0,server_sent
fd00::20b:b:b:b,3511,3511000,3512000,1.0,server_sent
fd00::20b:b:b:b,3522,3522000,3523000,1.0,server_sent
fd00::20b:b:b:b,3532,3532000,3533000,1.0,server_sent
fd00::20b:b:b:b,3543,3543000,3544000,1.0,server_sent
fd00::20b:b:b:b,3553,3553000,3554000,1.0,server_sent
fd00::20b:b:b:b,3564,3564000,3565000,1.0,server_sent
fd00::20b:b:b:b,3575,3575000,3576000,1.0,server_sent
fd00::20b:b:b:b,3585,3585000,3586000,1.0,server_sent
fd00::20b:b:b:b,3596,3596000,3597000,1.0,server_sent
fd00::20c:c:c:c,20,20000,21000,0.0,server_sent
fd00::20c:c:c:c,30,30000,31000,1.0,server_sent
fd00::20c:c:c:c,40,40000,41000,1.0,server_sent
fd00::20c:c:c:c,50,50000,51000,1.0,server_sent
fd00::20c:c:c:c,60,60000,61000,1.0,server_sent
fd00::20c:c:c:c,70,70000,71000,1.0,server_sent
fd00::20c:c:c:c,90,90000,91000,2.0,server_sent
fd00::20c:c:c:c,100,100000,101000,1.0,server_sent
fd00::20c:c:c:c,110,110000,111000,1.0,server_sent
fd00::20c:c:c:c,120,120000,121000,1.0,server_sent
fd00::20c:c:c:c,130,130000,131000,1.0,server_sent
fd00::20c:c:c:c,140,140000,141000,1.0,server_sent
fd00::20c:c:c:c,150,150000,151000,1.0,server_sent
fd00::20c:c:c:c,160,160000,161000,1.0,server_sent
fd00::20c:c:c:c,170,170000,171000,1.0,server_sent
fd00::20c:c:c:c,180,180000,181000,1.0,server_sent
fd00::20c:c:c:c,190,190000,191000,1.0,server_sent
fd00::20c:c:c:c,200,200000,201000,1.0,server_sent
fd00::20c:c:c:c,210,210000,211000,1.0,server_sent
fd00::20c:c:c:c,220,220000,221000,1.0,server_sent
fd00::20c:c:c:c,230,230000,231000,1.0,server_sent
fd00::20c:c:c:c,240,240000,241000,1.0,server_sent
fd00::20c:c:c:c,250,250000,251000,1.0,server_sent
fd00::20c:c:c:c,260,260000,261000,1.0,server_sent
fd00::20c:c:c:c,270,270000,271000,1.0,server_sent
fd00::20c:c:c:c,280,280000,281000,1.0,server_sent
fd00::20c:c:c:c,290,290000,291000,1.0,server_sent
fd00::20c:c:c:c,300,300000,301000,1.0,server_sent
fd00::20c:c:c:c,310,310000,311000,1.0,server_sent
fd00::20c:c:c:c,320,320000,321000,1.0,server_sent
fd00::20c:c:c:c,330,330000,331000,1.0,server_sent
fd00::20c:c:c:c,340,340000,341000,1.0,server_sent
fd00::20c:c:c:c,350,350000,351000,1.0,server_sent
fd00::20c:c:c:c,360,360000,361000,1.0,server_sent
fd00::20c:c:c:c,370,370000,371000,1.0,server_sent
fd00::20c:c:c:c,380,380000,381000,1.0,server_sent
fd00::20c:c:c:c,390,390000,391000,1.0,server_sent
fd00::20c:c:c:c,400,400000,401000,1.0,server_sent
fd00::20c:c:c:c,410,410000,411000,1.0,server_sent
fd00::20c:c:c:c,420,420000,421000,1.0,server_sent
fd00::20c:c:c:c,430,430000,431000,1.0,server_sent
fd00::20c:c:c:c,440,440000,441000,1.0,server_sent
fd00::20c:c:c:c,450,450000,451000,1.0,server_sent
fd00::20c:c:c:c,460,460000,461000,1.0,server_sent
fd00::20c:c:c:c,470,470000,471000,1.0,server_sent
fd00::20c:c:c:c,480,480000,481000,1.0,server_sent
fd00::20c:c:c:c,490,490000,491000,1.0,server_sent
fd00::20c:c:c:c,500,500000,501000,1.0,server_sent
fd00::20c:c:c:c,510,510000,511000,1.0,server_sent
fd00::20c:c:c:c,520,520000,521000,1.0,server_sent
fd00::20c:c:c:c,530,530000,531000,1.0,server_sent
fd00::20c:c:c:c,540,540000,541000,1.0,server_sent
fd00::20c:c:c:c,550,550000,551000,1.0,server_sent
fd00::20c:c:c:c,560,560000,561000,1.0,server_sent
fd00::20c:c:c:c,570,570000,571000,1.0,server_sent
fd00::20c:c:c:c,580,580000,581000,1.0,server_sent
fd00::20c:c:c:c,590,590000,591000,1.0,server_sent
fd00::20c:c:c:c,600,600000,601000,1.0,server_sent
fd00::20c:c:c:c,610,610000,611000,1.0,server_sent
fd00::20c:c:c:c,620,620000,621000,1.0,server_sent
fd00::20c:c:c:c,630,630000,631000,1.0,server_sent
fd00::20c:c:c:c,640,640000,641000,1.0,server_sent
fd00::20c:c:c:c,650,650000,651000,1.0,server_sent
fd00::20c:c:c:c,660,660000,661000,1.0,server_sent
fd00::20c:c:c:c,670,670000,671000,1.0,server_sent
fd00::20c:c:c:c,680,680000,681000,1.0,server_sent
fd00::20c:c:c:c,690,690000,691000,1.0,server_sent
fd00::20c:c:c:c,700,700000,701000,1.0,server_sent
fd00::20c:c:c:c,710,710000,711000,1.0,server_sent
fd00::20c:c:c:c,720,720000,721000,1.0,server_sent
fd00::20c:c:c:c,730,730000,731000,1.0,server_sent
fd00::20c:c:c:c,740,740000,741000,1.0,server_sent
fd00::20c:c:c:c,750,750000,751000,1.0,server_sent
fd00::20c:c:c:c,760,760000,761000,1.0,server_sent
fd00::20c:c:c:c,770,770000,771000,1.0,server_sent
fd00::20c:c:c:c,780,780000,781000,1.0,server_sent
fd00::20c:c:c:c,790,790000,791000,1.0,server_sent
fd00::20c:c:c:c,800,800000,801000,1.0,server_sent
fd00::20c:c:c:c,810,810000,811000,1.0,server_sent
fd00::20c:c:c:c,820,820000,821000,1.0,server_sent
fd00::20c:c:c:c,830,830000,831000,1.0,server_sent
fd00::20c:c:c:c,840,840000,841000,1.0,server_sent
fd00::20c:c:c:c,850,850000,851000,1.0,server_sent
fd00::20c:c:c:c,860,860000,861000,1.0,server_sent
fd00::20c:c:c:c,870,870000,871000,1.0,server_sent
fd00::20c:c:c:c,880,880000,881000,1.0,server_sent
fd00::20c:c:c:c,890,890000,891000,1.0,server_sent
fd00::20c:c:c:c,900,900000,901000,1.0,server_sent
fd00::20c:c:c:c,910,910000,911000,1.0,server_sent
fd00::20c:c:c:c,920,920000,921000,1.0,server_sent
fd00::20c:c:c:c,930,930000,931000,1.0,server_sent
fd00::20c:c:c:c,940,940000,941000,1.0,server_sent
fd00::20c:c:c:c,950,950000,951000,1.0,server_sent
fd00::20c:c:c:c,960,960000,961000,1.0,server_sent
fd00::20c:c:c:c,970,970000,971000,1.0,server_sent
fd00::20c:c:c:c,980,980000,981000,1.0,server_sent
fd00::20c:c:c:c,990,990000,991000,1.0,server_sent
fd00::20c:c:c:c,1000,1000000,1001000,1.0,server_sent
fd00::20c:c:c:c,1010,1010000,1011000,1.0,server_sent
fd00::20c:c:c:c,1020,1020000,1021000,1.0,server_sent
fd00::20c:c:c:c,1030,1030000,1031000,1.0,server_sent
fd00::20c:c:c:c,1040,1040000,1041000,1.0,server_sent
fd00::20c:c:c:c,1050,1050000,1051000,1.0,server_sent
fd00::20c:c:c:c,1060,1060000,1061000,1.0,server_sent
fd00::20c:c:c:c,1070,1070000,1071000,1.0,server_sent
fd00::20c:c:c:c,1080,1080000,1081000,1.0,server_sent
fd00::20c:c:c:c,1090,1090000,1091000,1.0,server_sent
fd00::20c:c:c:c,1100,1100000,1101000,1.0,server_sent
fd00::20c:c:c:c,1110,1110000,1111000,1.0,server_sent
fd00::20c:c:c:c,1120,1120000,1121000,1.0,server_sent
fd00::20c:c:c:c,1130,1130000,1131000,1.0,server_sent
fd00::20c:c:c:c,1140,1140000,1141000,1.0,server_sent
fd00::20c:c:c:c,1150,1150000,1151000,1.0,server_sent
fd00::20c:c:c:c,1160,1160000,1161000,1.0,server_sent
fd00::20c:c:c:c,1170,1170000,1171000,1.0,server_sent
fd00::20c:c:c:c,1180,1180000,1181000,1.0,server_sent
fd00::20c:c:c:c,1190,1190000,1191000,1.0,server_sent
fd00::20c:c:c:c,1200,1200000,1201000,1.0,server_sent
fd00::20c:c:c:c,1210,1210000,1211000,1.0,server_sent
fd00::20c:c:c:c,1220,1220000,1221000,1.0,server_sent
fd00::20c:c:c:c,1230,1230000,1231000,1.0,server_sent
fd00::20c:c:c:c,1240,1240000,1241000,1.0,server_sent
fd00::20c:c:c:c,1250,1250000,1251000,1.0,server_sent
fd00::20c:c:c:c,1260,1260000,1261000,1.0,server_sent
fd00::20c:c:c:c,1270,1270000,1271000,1.0,server_sent
fd00::20c:c:c:c,1280,1280000,1281000,1.0,server_sent
fd00::20c:c:c:c,1290,1290000,1291000,1.0,server_sent
fd00::20c:c:c:c,1300,1300000,1301000,1.0,server_sent
fd00::20c:c:c:c,1310,1310000,1311000,1.0,server_sent
fd00::20c:c:c:c,1320,1320000,1321000,1.0,server_sent
fd00::20c:c:c:c,1330,1330000,1331000,1.0,server_sent
fd00::20c:c:c:c,1340,1340000,1341000,1.0,server_sent
fd00::20c:c:c:c,1350,1350000,1351000,1.0,server_sent
fd00::20c:c:c:c,1360,1360000,1361000,1.0,server_sent
fd00::20c:c:c:c,1370,1370000,1371000,1.0,server_sent
fd00::20c:c:c:c,1380,1380000,1381000,1.0,server_sent
fd00::20c:c:c:c,1390,1390000,1391000,1.0,server_sent
fd00::20c:c:c:c,1400,1400000,1401000,1.0,server_sent
fd00::20c:c:c:c,1410,1410000,1411000,1.0,server_sent
fd00::20c:c:c:c,1420,1420000,1421000,1.0,server_sent
fd00::20c:c:c:c,1430,1430000,1431000,1.0,server_sent
fd00::20c:c:c:c,1440,1440000,1441000,1.0,server_sent
fd00::20c:c:c:c,1450,1450000,1451000,1.0,server_sent
fd00::20c:c:c:c,1460,1460000,1461000,1.0,server_sent
fd00::20c:c:c:c,1470,1470000,1471000,1.0,server_sent
fd00::20c:c:c:c,1480,1480000,1481000,1.0,server_sent
fd00::20c:c:c:c,1490,1490000,1491000,1.0,server_sent
fd00::20c:c:c:c,1500,1500000,1501000,1.0,server_sent
fd00::20c:c:c:c,1510,1510000,1511000,1.0,server_sent
fd00::20c:c:c:c,1520,1520000,1521000,1.0,server_sent
fd00::20c:c:c:c,1530,1530000,1531000,1.0,server_sent
fd00::20c:c:c:c,1540,1540000,1541000,1.0,server_sent
fd00::20c:c:c:c,1550,1550000,1551000,1.0,server_sent
fd00::20c:c:c:c,1560,1560000,1561000,1.0,server_sent
fd00::20c:c:c:c,1570,1570000,1571000,1.0,server_sent
fd00::20c:c:c:c,1580,1580000,1581000,1.0,server_sent
fd00::20c:c:c:c,1590,1590000,1591000,1.0,server_sent
fd00::20c:c:c:c,1600,1600000,1601000,1.0,server_sent
fd00::20c:c:c:c,1610,1610000,1611000,1.0,server_sent
fd00::20c:c:c:c,1620,1620000,1621000,1.0,server_sent
fd00::20c:c:c:c,1630,1630000,1631000,1.0,server_sent
fd00::20c:c:c:c,1640,1640000,1641000,1.0,server_sent
fd00::20c:c:c:c,1650,1650000,1651000,1.0,server_sent
fd00::20c:c:c:c,1660,1660000,1661000,1.0,server_sent
fd00::20c:c:c:c,1670,1670000,1671000,1.0,server_sent
fd00::20c:c:c:c,1680,1680000,1681000,1.0,server_sent
fd00::20c:c:c:c,1690,1690000,1691000,1.0,server_sent
fd00::20c:c:c:c,1700,1700000,1701000,1.0,server_sent
fd00::20c:c:c:c,1710,1710000,1711000,1.0,server_sent
fd00::20c:c:c:c,1720,1720000,1721000,1.0,server_sent
fd00::20c:c:c:c,1730,1730000,1731000,1.0,server_sent
fd00::20c:c:c:c,1740,1740000,1741000,1.0,server_sent
fd00::20c:c:c:c,1750,1750000,1751000,1.0,server_sent
fd00::20c:c:c:c,1760,1760000,1761000,1.0,server_sent
fd00::20c:c:c:c,1770,1770000,1771000,1.0,server_sent
fd00::20c:c:c:c,1780,1780000,1781000,1.0,server_sent
fd00::20c:c:c:c,1790,1790000,1791000,1.0,server_sent
fd00::20c:c:c:c,1800,1800000,1801000,1.0,server_sent
fd00::20c:c:c:c,1810,1810000,1811000,1.0,server_sent
fd00::20c:c:c:c,1820,1820000,1821000,1.0,server_sent
fd00::20c:c:c:c,1830,1830000,1831000,1.0,server_sent
fd00::20c:c:c:c,1840,1840000,1841000,1.0,server_sent
fd00::20c:c:c:c,1850,1850000,1851000,1.0,server_sent
fd00::20c:c:c:c,1860,1860000,1861000,1.0,server_sent
fd00::20c:c:c:c,1870,1870000,1871000,1.0,server_sent
fd00::20c:c:c:c,1880,1880000,1881000,1.0,server_sent
fd00::20c:c:c:c,1890,1890000,1891000,1.0,server_sent
fd00::20c:c:c:c,1900,1900000,1901000,1.0,server_sent
fd00::20c:c:c:c,1910,1910000,1911000,1.0,server_sent
fd00::20c:c:c:c,1920,1920000,1921000,1.0,server_sent
fd00::20c:c:c:c,1930,1930000,1931000,1.0,server_sent
fd00::20c:c:c:c,1940,1940000,1941000,1.0,server_sent
fd00::20c:c:c:c,1950,1950000,1951000,1.0,server_sent
fd00::20c:c:c:c,1960,1960000,1961000,1.0,server_sent
fd00::20c:c:c:c,1970,1970000,1971000,1.0,server_sent
fd00::20c:c:c:c,1980,1980000,1981000,1.0,server_sent
fd00::20c:c:c:c,1990,1990000,1991000,1.0,server_sent
fd00::20c:c:c:c,2000,2000000,2001000,1.0,server_sent
fd00::20c:c:c:c,2010,2010000,2011000,1.0,server_sent
fd00::20c:c:c:c,2020,2020000,2021000,1.0,server_sent
fd00::20c:c:c:c,2030,2030000,2031000,1.0,server_sent
fd00::20c:c:c:c,2040,2040000,2041000,1.0,server_sent
fd00::20c:c:c:c,2050,2050000,2051000,1.0,server_sent
fd00::20c:c:c:c,2060,2060000,2061000,1.0,server_sent
fd00::20c:c:c:c,2070,2070000,2071000,1.0,server_sent
fd00::20c:c:c:c,2080,2080000,2081000,1.0,server_sent
fd00::20c:c:c:c,2090,2090000,2091000,1.0,server_sent
fd00::20c:c:c:c,2100,2100000,2101000,1.0,server_sent
fd00::20c:c:c:c,2110,2110000,2111000,1.0,server_sent
fd00::20c:c:c:c,2120,2120000,2121000,1.0,server_sent
fd00::20c:c:c:c,2130,2130000,2131000,1.0,server_sent
fd00::20c:c:c:c,2140,2140000,2141000,1.0,server_sent
fd00::20c:c:c:c,2150,2150000,2151000,1.0,server_sent
fd00::20c:c:c:c,2160,2160000,2161000,1.0,server_sent
fd00::20c:c:c:c,2170,2170000,2171000,1.0,server_sent
fd00::20c:c:c:c,2180,2180000,2181000,1.0,server_sent
fd00::20c:c:c:c,2190,2190000,2191000,1.0,server_sent
fd00::20c:c:c:c,2200,2200000,2201000,1.0,server_sent
fd00::20c:c:c:c,2210,2210000,2211000,1.0,server_sent
fd00::20c:c:c:c,2220,2220000,2221000,1.0,server_sent
fd00::20c:c:c:c,2230,2230000,2231000,1.0,server_sent
fd00::20c:c:c:c,2240,2240000,2241000,1.0,server_sent
fd00::20c:c:c:c,2250,2250000,2251000,1.0,server_sent
fd00::20c:c:c:c,2260,2260000,2261000,1.0,server_sent
fd00::20c:c:c:c,2270,2270000,2271000,1.0,server_sent
fd00::20c:c:c:c,2280,2280000,2281000,1.0,server_sent
fd00::20c:c:c:c,2290,2290000,2291000,1.0,server_sent
fd00::20c:c:c:c,2300,2300000,2301000,1.0,server_sent
fd00::20c:c:c:c,2310,2310000,2311000,1.0,server_sent
fd00::20c:c:c:c,2320,2320000,2321000,1.0,server_sent
fd00::20c:c:c:c,2330,2330000,2331000,1.0,server_sent
fd00::20c:c:c:c,2340,2340000,2341000,1.0,server_sent
fd00::20c:c:c:c,2350,2350000,2351000,1.0,server_sent
fd00::20c:c:c:c,2360,2360000,2361000,1.0,server_sent
fd00::20c:c:c:c,2370,2370000,2371000,1.0,server_sent
fd00::20c:c:c:c,2380,2380000,2381000,1.0,server_sent
fd00::20c:c:c:c,2390,2390000,2391000,1.0,server_sent
fd00::20c:c:c:c,2400,2400000,2401000,1.0,server_sent
fd00::20c:c:c:c,2410,2410000,2411000,1.0,server_sent
fd00::20c:c:c:c,2420,2420000,2421000,1.0,server_sent
fd00::20c:c:c:c,2430,2430000,2431000,1.0,server_sent
fd00::20c:c:c:c,2440,2440000,2441000,1.0,server_sent
fd00::20c:c:c:c,2450,2450000,2451000,1.0,server_sent
fd00::20c:c:c:c,2460,2460000,2461000,1.0,server_sent
fd00::20c:c:c:c,2470,2470000,2471000,1.0,server_sent
fd00::20c:c:c:c,2480,2480000,2481000,1.0,server_sent
fd00::20c:c:c:c,2491,2491000,2492000,1.0,server_sent
fd00::20c:c:c:c,2500,2500000,2501000,1.0,server_sent
fd00::20c:c:c:c,2510,2510000,2511000,1.0,server_sent
fd00::20c:c:c:c,2521,2521000,2522000,1.0,server_sent
fd00::20c:c:c:c,2530,2530000,2531000,1.0,server_sent
fd00::20c:c:c:c,2541,2541000,2542000,1.0,server_sent
fd00::20c:c:c:c,2550,2550000,2551000,1.0,server_sent
fd00::20c:c:c:c,2560,2560000,2561000,1.0,server_sent
fd00::20c:c:c:c,2571,2571000,2572000,1.0,server_sent
fd00::20c:c:c:c,2581,2581000,2582000,1.0,server_sent
fd00::20c:c:c:c,2590,2590000,2591000,1.0,server_sent
fd00::20c:c:c:c,2601,2601000,2602000,1.0,server_sent
fd00::20c:c:c:c,2611,2611000,2612000,1.0,server_sent
fd00::20c:c:c:c,2621,2621000,2622000,1.0,server_sent
fd00::20c:c:c:c,2631,2631000,2632000,1.0,server_sent
fd00::20c:c:c:c,2641,2641000,2642000,1.0,server_sent
fd00::20c:c:c:c,2651,2651000,2652000,1.0,server_sent
fd00::20c:c:c:c,2661,2661000,2662000,1.0,server_sent
fd00::20c:c:c:c,2671,2671000,2672000,1.0,server_sent
fd00::20c:c:c:c,2681,2681000,2682000,1.0,server_sent
fd00::20c:c:c:c,2691,2691000,2692000,1.0,server_sent
fd00::20c:c:c:c,2701,2701000,2702000,1.0,server_sent
fd00::20c:c:c:c,2711,2711000,2712000,1.0,server_sent
fd00::20c:c:c:c,2721,2721000,2722000,1.0,server_sent
fd00::20c:c:c:c,2731,2731000,2732000,1.0,server_sent
fd00::20c:c:c:c,2741,2741000,2742000,1.0,server_sent
fd00::20c:c:c:c,2751,2751000,2752000,1.0,server_sent
fd00::20c:c:c:c,2761,2761000,2762000,1.0,server_sent
fd00::20c:c:c:c,2771,2771000,2772000,1.0,server_sent
fd00::20c:c:c:c,2781,2781000,2782000,1.0,server_sent
fd00::20c:c:c:c,2791,2791000,2792000,1.0,server_sent
fd00::20c:c:c:c,2801,2801000,2802000,1.0,server_sent
fd00::20c:c:c:c,2811,2811000,2812000,1.0,server_sent
fd00::20c:c:c:c,2821,2821000,2822000,1.0,server_sent
fd00::20c:c:c:c,2831,2831000,2832000,1.0,server_sent
fd00::20c:c:c:c,2841,2841000,2842000,1.0,server_sent
fd00::20c:c:c:c,2851,2851000,2852000,1.0,server_sent
fd00::20c:c:c:c,2861,2861000,2862000,1.0,server_sent
fd00::20c:c:c:c,2871,2871000,2872000,1.0,server_sent
fd00::20c:c:c:c,2881,2881000,2882000,1.0,server_sent
fd00::20c:c:c:c,2891,2891000,2892000,1.0,server_sent
fd00::20c:c:c:c,2901,2901000,2902000,1.0,server_sent
fd00::20c:c:c:c,2911,2911000,2912000,1.0,server_sent
fd00::20c:c:c:c,2921,2921000,2922000,1.0,server_sent
fd00::20c:c:c:c,2931,2931000,2932000,1.0,server_sent
fd00::20c:c:c:c,2941,2941000,2942000,1.0,server_sent
fd00::20c:c:c:c,2951,2951000,2952000,1.0,server_sent
fd00::20c:c:c:c,2961,2961000,2962000,1.0,server_sent
fd00::20c:c:c:c,2971,2971000,2972000,1.0,server_sent
fd00::20c:c:c:c,2981,2981000,2982000,1.0,server_sent
fd00::20c:c:c:c,2991,2991000,2992000,1.0,server_sent
fd00::20c:c:c:c,3001,3001000,3002000,1.0,server_sent
fd00::20c:c:c:c,3011,3011000,3012000,1.0,server_sent
fd00::20c:c:c:c,3021,3021000,3022000,1.0,server_sent
fd00::20c:c:c:c,3031,3031000,3032000,1.0,server_sent
fd00::20c:c:c:c,3041,3041000,3042000,1.0,server_sent
fd00::20c:c:c:c,3051,3051000,3052000,1.0,server_sent
fd00::20c:c:c:c,3061,3061000,3062000,1.0,server_sent
fd00::20c:c:c:c,3071,3071000,3072000,1.0,server_sent
fd00::20c:c:c:c,3081,3081000,3082000,1.0,server_sent
fd00::20c:c:c:c,3091,3091000,3092000,1.0,server_sent
fd00::20c:c:c:c,3101,3101000,3102000,1.0,server_sent
fd00::20c:c:c:c,3111,3111000,3112000,1.0,server_sent
fd00::20c:c:c:c,3121,3121000,3122000,1.0,server_sent
fd00::20c:c:c:c,3131,3131000,3132000,1.0,server_sent
fd00::20c:c:c:c,3141,3141000,3142000,1.0,server_sent
fd00::20c:c:c:c,3151,3151000,3152000,1.0,server_sent
fd00::20c:c:c:c,3161,3161000,3162000,1.0,server_sent
fd00::20c:c:c:c,3171,3171000,3172000,1.0,server_sent
fd00::20c:c:c:c,3181,3181000,3182000,1.0,server_sent
fd00::20c:c:c:c,3191,3191000,3192000,1.0,server_sent
fd00::20c:c:c:c,3201,3201000,3202000,1.0,server_sent
fd00::20c:c:c:c,3211,3211000,3212000,1.0,server_sent
fd00::20c:c:c:c,3221,3221000,3222000,1.0,server_sent
fd00::20c:c:c:c,3231,3231000,3232000,1.0,server_sent
fd00::20c:c:c:c,3241,3241000,3242000,1.0,server_sent
fd00::20c:c:c:c,3251,3251000,3252000,1.0,server_sent
fd00::20c:c:c:c,3261,3261000,3262000,1.0,server_sent
fd00::20c:c:c:c,3271,3271000,3272000,1.0,server_sent
fd00::20c:c:c:c,3281,3281000,3282000,1.0,server_sent
fd00::20c:c:c:c,3291,3291000,3292000,1.0,server_sent
fd00::20c:c:c:c,3301,3301000,3302000,1.0,server_sent
fd00::20c:c:c:c,3311,3311000,3312000,1.0,server_sent
fd00::20c:c:c:c,3321,3321000,3322000,1.0,server_sent
fd00::20c:c:c:c,3331,3331000,3332000,1.0,server_sent
fd00::20c:c:c:c,3341,3341000,3342000,1.0,server_sent
fd00::20c:c:c:c,3351,3351000,3352000,1.0,server_sent
fd00::20c:c:c:c,3361,3361000,3362000,1.0,server_sent
fd00::20c:c:c:c,3371,3371000,3372000,1.0,server_sent
fd00::20c:c:c:c,3381,3381000,3382000,1.0,server_sent
fd00::20c:c:c:c,3391,3391000,3392000,1.0,server_sent
fd00::20c:c:c:c,3401,3401000,3402000,1.0,server_sent
fd00::20c:c:c:c,3411,3411000,3412000,1.0,server_sent
fd00::20c:c:c:c,3421,3421000,3422000,1.0,server_sent
fd00::20c:c:c:c,3431,3431000,3432000,1.0,server_sent
fd00::20c:c:c:c,3441,3441000,3442000,1.0,server_sent
fd00::20c:c:c:c,3451,3451000,3452000,1.0,server_sent
fd00::20c:c:c:c,3461,3461000,3462000,1.0,server_sent
fd00::20c:c:c:c,3471,3471000,3472000,1.0,server_sent
fd00::20c:c:c:c,3481,3481000,3482000,1.0,server_sent
fd00::20c:c:c:c,3491,3491000,3492000,1.0,server_sent
fd00::20c:c:c:c,3501,3501000,3502000,1.0,server_sent
fd00::20c:c:c:c,3511,3511000,3512000,1.0,server_sent
fd00::20c:c:c:c,3521,3521000,3522000,1.0,server_sent
fd00::20c:c:c:c,3531,3531000,3532000,1.0,server_sent
fd00::20c:c:c:c,3541,3541000,3542000,1.0,server_sent
fd00::20c:c:c:c,3551,3551000,3552000,1.0,server_sent
fd00::20c:c:c:c,3561,3561000,3562000,1.0,server_sent
fd00::20c:c:c:c,3571,3571000,3572000,1.0,server_sent
fd00::20c:c:c:c,3581,3581000,3582000,1.0,server_sent
fd00::20c:c:c:c,3591,3591000,3592000,1.0,server_sent
fd00::20d:d:d:d,32,32000,33000,0.0,server_sent
fd00::20d:d:d:d,42,42000,43000,1.0,server_sent
fd00::20d:d:d:d,53,53000,54000,1.0,server_sent
fd00::20d:d:d:d,64,64000,65000,1.0,server_sent
fd00::20d:d:d:d,74,74000,75000,1.0,server_sent
fd00::20d:d:d:d,85,85000,86000,1.0,server_sent
fd00::20d:d:d:d,95,95000,96000,1.0,server_sent
fd00::20d:d:d:d,106,106000,107000,1.0,server_sent
fd00::20d:d:d:d,116,116000,117000,1.0,server_sent
fd00::20d:d:d:d,127,127000,128000,1.0,server_sent
fd00::20d:d:d:d,138,138000,139000,1.0,server_sent
fd00::20d:d:d:d,148,148000,149000,1.0,server_sent
fd00::20d:d:d:d,159,159000,160000,1.0,server_sent
fd00::20d:d:d:d,169,169000,170000,1.0,server_sent
fd00::20d:d:d:d,180,180000,181000,2.0,server_sent
fd00::20d:d:d:d,191,191000,192000,1.0,server_sent
fd00::20d:d:d:d,201,201000,202000,1.0,server_sent
fd00::20d:d:d:d,212,212000,213000,1.0,server_sent
fd00::20d:d:d:d,222,222000,223000,1.0,server_sent
fd00::20d:d:d:d,233,233000,234000,1.0,server_sent
fd00::20d:d:d:d,243,243000,244000,1.0,server_sent
fd00::20d:d:d:d,254,254000,255000,1.0,server_sent
fd00::20d:d:d:d,265,265000,266000,1.0,server_sent
fd00::20d:d:d:d,275,275000,276000,1.0,server_sent
fd00::20d:d:d:d,286,286000,287000,1.0,server_sent
fd00::20d:d:d:d,296,296000,297000,1.0,server_sent
fd00::20d:d:d:d,307,307000,308000,1.0,server_sent
fd00::20d:d:d:d,318,318000,319000,1.0,server_sent
fd00::20d:d:d:d,328,328000,329000,1.0,server_sent
fd00::20d:d:d:d,339,339000,340000,1.0,server_sent
fd00::20d:d:d:d,349,349000,350000,1.0,server_sent
fd00::20d:d:d:d,360,360000,361000,2.0,server_sent
fd00::20d:d:d:d,370,370000,371000,1.0,server_sent
fd00::20d:d:d:d,381,381000,382000,1.0,server_sent
fd00::20d:d:d:d,392,392000,393000,1.0,server_sent
fd00::20d:d:d:d,402,402000,403000,1.0,server_sent
fd00::20d:d:d:d,413,413000,414000,1.0,server_sent
fd00::20d:d:d:d,423,423000,424000,1.0,server_sent
fd00::20d:d:d:d,434,434000,435000,1.0,server_sent
fd00::20d:d:d:d,444,444000,445000,1.0,server_sent
fd00::20d:d:d:d,455,455000,456000,1.0,server_sent
fd00::20d:d:d:d,466,466000,467000,1.0,server_sent
fd00::20d:d:d:d,476,476000,477000,1.0,server_sent
fd00::20d:d:d:d,487,487000,488000,1.0,server_sent
fd00::20d:d:d:d,497,497000,498000,1.0,server_sent
fd00::20d:d:d:d,508,508000,509000,1.0,server_sent
fd00::20d:d:d:d,519,519000,520000,1.0,server_sent
fd00::20d:d:d:d,529,529000,530000,1.0,server_sent
fd00::20d:d:d:d,540,540000,541000,2.0,server_sent
fd00::20d:d:d:d,550,550000,551000,1.0,server_sent
fd00::20d:d:d:d,561,561000,562000,1.0,server_sent
fd00::20d:d:d:d,572,572000,573000,1.0,server_sent
fd00::20d:d:d:d,582,582000,583000,1.0,server_sent
fd00::20d:d:d:d,593,593000,594000,1.0,server_sent
fd00::20d:d:d:d,603,603000,604000,1.0,server_sent
fd00::20d:d:d:d,614,614000,615000,1.0,server_sent
fd00::20d:d:d:d,624,624000,625000,1.0,server_sent
fd00::20d:d:d:d,635,635000,636000,1.0,server_sent
fd00::20d:d:d:d,646,646000,647000,1.0,server_sent
fd00::20d:d:d:d,656,656000,657000,1.0,server_sent
fd00::20d:d:d:d,667,667000,668000,1.0,server_sent
fd00::20d:d:d:d,677,677000,678000,1.0,server_sent
fd00::20d:d:d:d,688,688000,689000,1.0,server_sent
fd00::20d:d:d:d,698,698000,699000,1.0,server_sent
fd00::20d:d:d:d,709,709000,710000,1.0,server_sent
fd00::20d:d:d:d,720,720000,721000,2.0,server_sent
fd00::20d:d:d:d,730,730000,731000,1.0,server_sent
fd00::20d:d:d:d,741,741000,742000,1.0,server_sent
fd00::20d:d:d:d,751,751000,752000,1.0,server_sent
fd00::20d:d:d:d,762,762000,763000,1.0,server_sent
fd00::20d:d:d:d,773,773000,774000,1.0,server_sent
fd00::20d:d:d:d,783,783000,784000,1.0,server_sent
fd00::20d:d:d:d,794,794000,795000,1.0,server_sent
fd00::20d:d:d:d,804,804000,805000,1.0,server_sent
fd00::20d:d:d:d,815,815000,816000,1.0,server_sent
fd00::20d:d:d:d,825,825000,826000,1.0,server_sent
fd00::20d:d:d:d,836,836000,837000,1.0,server_sent
fd00::20d:d:d:d,847,847000,848000,1.0,server_sent
fd00::20d:d:d:d,857,857000,858000,1.0,server_sent
fd00::20d:d:d:d,868,868000,869000,1.0,server_sent
fd00::20d:d:d:d,878,878000,879000,1.0,server_sent
fd00::20d:d:d:d,889,889000,890000,1.0,server_sent
fd00::20d:d:d:d,900,900000,901000,2.0,server_sent
fd00::20d:d:d:d,910,910000,911000,1.0,server_sent
fd00::20d:d:d:d,921,921000,922000,1.0,server_sent
fd00::20d:d:d:d,931,931000,932000,1.0,server_sent
fd00::20d:d:d:d,942,942000,943000,1.0,server_sent
fd00::20d:d:d:d,952,952000,953000,1.0,server_sent
fd00::20d:d:d:d,963,963000,964000,1.0,server_sent
fd00::20d:d:d:d,974,974000,975000,1.0,server_sent
fd00::20d:d:d:d,984,984000,985000,1.0,server_sent
fd00::20d:d:d:d,995,995000,996000,1.0,server_sent
fd00::20d:d:d:d,1005,1005000,1006000,1.0,server_sent
fd00::20d:d:d:d,1016,1016000,1017000,1.0,server_sent
fd00::20d:d:d:d,1027,1027000,1028000,1.0,server_sent
fd00::20d:d:d:d,1037,1037000,1038000,1.0,server_sent
fd00::20d:d:d:d,1048,1048000,1049000,1.0,server_sent
fd00::20d:d:d:d,1058,1058000,1059000,1.0,server_sent
fd00::20d:d:d:d,1069,1069000,1070000,1.0,server_sent
fd00::20d:d:d:d,1079,1079000,1080000,1.0,server_sent
fd00::20d:d:d:d,1090,1090000,1091000,2.0,server_sent
fd00::20d:d:d:d,1101,1101000,1102000,1.0,server_sent
fd00::20d:d:d:d,1111,1111000,1112000,1.0,server_sent
fd00::20d:d:d:d,1122,1122000,1123000,1.0,server_sent
fd00::20d:d:d:d,1132,1132000,1133000,1.0,server_sent
fd00::20d:d:d:d,1143,1143000,1144000,1.0,server_sent
fd00::20d:d:d:d,1153,1153000,1154000,1.0,server_sent
fd00::20d:d:d:d,1164,1164000,1165000,1.0,server_sent
fd00::20d:d:d:d,1175,1175000,1176000,1.0,server_sent
fd00::20d:d:d:d,1185,1185000,1186000,1.0,server_sent
fd00::20d:d:d:d,1196,1196000,1197000,1.0,server_sent
fd00::20d:d:d:d,1206,1206000,1207000,1.0,server_sent
fd00::20d:d:d:d,1217,1217000,1218000,1.0,server_sent
fd00::20d:d:d:d,1228,1228000,1229000,1.0,server_sent
fd00::20d:d:d:d,1238,1238000,1239000,1.0,server_sent
fd00::20d:d:d:d,1249,1249000,1250000,1.0,server_sent
fd00::20d:d:d:d,1259,1259000,1260000,1.0,server_sent
fd00::20d:d:d:d,1270,1270000,1271000,2.0,server_sent
fd00::20d:d:d:d,1280,1280000,1281000,1.0,server_sent
fd00::20d:d:d:d,1291,1291000,1292000,1.0,server_sent
fd00::20d:d:d:d,1302,1302000,1303000,1.0,server_sent
fd00::20d:d:d:d,1312,1312000,1313000,1.0,server_sent
fd00::20d:d:d:d,1323,1323000,1324000,1.0,server_sent
fd00::20d:d:d:d,1333,1333000,1334000,1.0,server_sent
fd00::20d:d:d:d,1344,1344000,1345000,1.0,server_sent
fd00::20d:d:d:d,1355,1355000,1356000,1.0,server_sent
fd00::20d:d:d:d,1365,1365000,1366000,1.0,server_sent
fd00::20d:d:d:d,1376,1376000,1377000,1.0,server_sent
fd00::20d:d:d:d,1386,1386000,1387000,1.0,server_sent
fd00::20d:d:d:d,1397,1397000,1398000,1.0,server_sent
fd00::20d:d:d:d,1407,1407000,1408000,1.0,server_sent
fd00::20d:d:d:d,1418,1418000,1419000,1.0,server_sent
fd00::20d:d:d:d,1429,1429000,1430000,1.0,server_sent
fd00::20d:d:d:d,1439,1439000,1440000,1.0,server_sent
fd00::20d:d:d:d,1450,1450000,1451000,2.0,server_sent
fd00::20d:d:d:d,1460,1460000,1461000,1.0,server_sent
fd00::20d:d:d:d,1471,1471000,1472000,1.0,server_sent
fd00::20d:d:d:d,1482,1482000,1483000,1.0,server_sent
fd00::20d:d:d:d,1492,1492000,1493000,1.0,server_sent
fd00::20d:d:d:d,1503,1503000,1504000,1.0,server_sent
fd00::20d:d:d:d,1513,1513000,1514000,1.0,server_sent
fd00::20d:d:d:d,1524,1524000,1525000,1.0,server_sent
fd00::20d:d:d:d,1534,1534000,1535000,1.0,server_sent
fd00::20d:d:d:d,1545,1545000,1546000,1.0,server_sent
fd00::20d:d:d:d,1556,1556000,1557000,1.0,server_sent
fd00::20d:d:d:d,1566,1566000,1567000,1.0,server_sent
fd00::20d:d:d:d,1577,1577000,1578000,1.0,server_sent
fd00::20d:d:d:d,1587,1587000,1588000,1.0,server_sent
fd00::20d:d:d:d,1598,1598000,1599000,1.0,server_sent
fd00::20d:d:d:d,1609,1609000,1610000,1.0,server_sent
fd00::20d:d:d:d,1619,1619000,1620000,1.0,server_sent
fd00::20d:d:d:d,1630,1630000,1631000,2.0,server_sent
fd00::20d:d:d:d,1640,1640000,1641000,1.0,server_sent
fd00::20d:d:d:d,1651,1651000,1652000,1.0,server_sent
fd00::20d:d:d:d,1661,1661000,1662000,1.0,server_sent
fd00::20d:d:d:d,1672,1672000,1673000,1.0,server_sent
fd00::20d:d:d:d,1683,1683000,1684000,1.0,server_sent
fd00::20d:d:d:d,1693,1693000,1694000,1.0,server_sent
fd00::20d:d:d:d,1704,1704000,1705000,1.0,server_sent
fd00::20d:d:d:d,1714,1714000,1715000,1.0,server_sent
fd00::20d:d:d:d,1725,1725000,1726000,1.0,server_sent
fd00::20d:d:d:d,1736,1736000,1737000,1.0,server_sent
fd00::20d:d:d:d,1746,1746000,1747000,1.0,server_sent
fd00::20d:d:d:d,1757,1757000,1758000,1.0,server_sent
fd00::20d:d:d:d,1767,1767000,1768000,1.0,server_sent
fd00::20d:d:d:d,1778,1778000,1779000,1.0,server_sent
fd00::20d:d:d:d,1788,1788000,1789000,1.0,server_sent
fd00::20d:d:d:d,1799,1799000,1800000,1.0,server_sent
fd00::20d:d:d:d,1810,1810000,1811000,2.0,server_sent
fd00::20d:d:d:d,1820,1820000,1821000,1.0,server_sent
fd00::20d:d:d:d,1831,1831000,1832000,1.0,server_sent
fd00::20d:d:d:d,1841,1841000,1842000,1.0,server_sent
fd00::20d:d:d:d,1852,1852000,1853000,1.0,server_sent
fd00::20d:d:d:d,1862,1862000,1863000,1.0,server_sent
fd00::20d:d:d:d,1873,1873000,1874000,1.0,server_sent
fd00::20d:d:d:d,1884,1884000,1885000,1.0,server_sent
fd00::20d:d:d:d,1894,1894000,1895000,1.0,server_sent
fd00::20d:d:d:d,1905,1905000,1906000,1.0,server_sent
fd00::20d:d:d:d,1915,1915000,1916000,1.0,server_sent
fd00::20d:d:d:d,1926,1926000,1927000,1.0,server_sent
fd00::20d:d:d:d,1937,1937000,1938000,1.0,server_sent
fd00::20d:d:d:d,1947,1947000,1948000,1.0,server_sent
fd00::20d:d:d:d,1958,1958000,1959000,1.0,server_sent
fd00::20d:d:d:d,1968,1968000,1969000,1.0,server_sent
fd00::20d:d:d:d,1979,1979000,1980000,1.0,server_sent
fd00::20d:d:d:d,1989,1989000,1990000,1.0,server_sent
fd00::20d:d:d:d,2000,2000000,2001000,2.0,server_sent
fd00::20d:d:d:d,2011,2011000,2012000,1.0,server_sent
fd00::20d:d:d:d,2021,2021000,2022000,1.0,server_sent
fd00::20d:d:d:d,2032,2032000,2033000,1.0,server_sent
fd00::20d:d:d:d,2042,2042000,2043000,1.0,server_sent
fd00::20d:d:d:d,2053,2053000,2054000,1.0,server_sent
fd00::20d:d:d:d,2064,2064000,2065000,1.0,server_sent
fd00::20d:d:d:d,2074,2074000,2075000,1.0,server_sent
fd00::20d:d:d:d,2085,2085000,2086000,1.0,server_sent
fd00::20d:d:d:d,2095,2095000,2096000,1.0,server_sent
fd00::20d:d:d:d,2106,2106000,2107000,1.0,server_sent
fd00::20d:d:d:d,2116,2116000,2117000,1.0,server_sent
fd00::20d:d:d:d,2127,2127000,2128000,1.0,server_sent
fd00::20d:d:d:d,2138,2138000,2139000,1.0,server_sent
fd00::20d:d:d:d,2148,2148000,2149000,1.0,server_sent
fd00::20d:d:d:d,2159,2159000,2160000,1.0,server_sent
fd00::20d:d:d:d,2169,2169000,2170000,1.0,server_sent
fd00::20d:d:d:d,2180,2180000,2181000,2.0,server_sent
fd00::20d:d:d:d,2191,2191000,2192000,1.0,server_sent
fd00::20d:d:d:d,2201,2201000,2202000,1.0,server_sent
fd00::20d:d:d:d,2212,2212000,2213000,1.0,server_sent
fd00::20d:d:d:d,2222,2222000,2223000,1.0,server_sent
fd00::20d:d:d:d,2233,2233000,2234000,1.0,server_sent
fd00::20d:d:d:d,2243,2243000,2244000,1.0,server_sent
fd00::20d:d:d:d,2254,2254000,2255000,1.0,server_sent
fd00::20d:d:d:d,2265,2265000,2266000,1.0,server_sent
fd00::20d:d:d:d,2275,2275000,2276000,1.0,server_sent
fd00::20d:d:d:d,2286,2286000,2287000,1.0,server_sent
fd00::20d:d:d:d,2296,2296000,2297000,1.0,server_sent
fd00::20d:d:d:d,2307,2307000,2308000,1.0,server_sent
fd00::20d:d:d:d,2318,2318000,2319000,1.0,server_sent
fd00::20d:d:d:d,2328,2328000,2329000,1.0,server_sent
fd00::20d:d:d:d,2339,2339000,2340000,1.0,server_sent
fd00::20d:d:d:d,2349,2349000,2350000,1.0,server_sent
fd00::20d:d:d:d,2360,2360000,2361000,2.0,server_sent
fd00::20d:d:d:d,2370,2370000,2371000,1.0,server_sent
fd00::20d:d:d:d,2381,2381000,2382000,1.0,server_sent
fd00::20d:d:d:d,2392,2392000,2393000,1.0,server_sent
fd00::20d:d:d:d,2402,2402000,2403000,1.0,server_sent
fd00::20d:d:d:d,2413,2413000,2414000,1.0,server_sent
fd00::20d:d:d:d,2423,2423000,2424000,1.0,server_sent
fd00::20d:d:d:d,2434,2434000,2435000,1.0,server_sent
fd00::20d:d:d:d,2444,2444000,2445000,1.0,server_sent
fd00::20d:d:d:d,2455,2455000,2456000,1.0,server_sent
fd00::20d:d:d:d,2466,2466000,2467000,1.0,server_sent
fd00::20d:d:d:d,2476,2476000,2477000,1.0,server_sent
fd00::20d:d:d:d,2487,2487000,2488000,1.0,server_sent
fd00::20d:d:d:d,2497,2497000,2498000,1.0,server_sent
fd00::20d:d:d:d,2508,2508000,2509000,1.0,server_sent
fd00::20d:d:d:d,2519,2519000,2520000,1.0,server_sent
fd00::20d:d:d:d,2529,2529000,2530000,1.0,server_sent
fd00::20d:d:d:d,2540,2540000,2541000,2.0,server_sent
fd00::20d:d:d:d,2550,2550000,2551000,1.0,server_sent
fd00::20d:d:d:d,2561,2561000,2562000,1.0,server_sent
fd00::20d:d:d:d,2571,2571000,2572000,1.0,server_sent
fd00::20d:d:d:d,2582,2582000,2583000,1.0,server_sent
fd00::20d:d:d:d,2593,2593000,2594000,1.0,server_sent
fd00::20d:d:d:d,2603,2603000,2604000,1.0,server_sent
fd00::20d:d:d:d,2614,2614000,2615000,1.0,server_sent
fd00::20d:d:d:d,2624,2624000,2625000,1.0,server_sent
fd00::20d:d:d:d,2635,2635000,2636000,1.0,server_sent
fd00::20d:d:d:d,2646,2646000,2647000,1.0,server_sent
fd00::20d:d:d:d,2656,2656000,2657000,1.0,server_sent
fd00::20d:d:d:d,2667,2667000,2668000,1.0,server_sent
fd00::20d:d:d:d,2677,2677000,2678000,1.0,server_sent
fd00::20d:d:d:d,2688,2688000,2689000,1.0,server_sent
fd00::20d:d:d:d,2698,2698000,2699000,1.0,server_sent
fd00::20d:d:d:d,2709,2709000,2710000,1.0,server_sent
fd00::20d:d:d:d,2720,2720000,2721000,2.0,server_sent
fd00::20d:d:d:d,2730,2730000,2731000,1.0,server_sent
fd00::20d:d:d:d,2741,2741000,2742000,1.0,server_sent
fd00::20d:d:d:d,2751,2751000,2752000,1.0,server_sent
fd00::20d:d:d:d,2762,2762000,2763000,1.0,server_sent
fd00::20d:d:d:d,2773,2773000,2774000,1.0,server_sent
fd00::20d:d:d:d,2783,2783000,2784000,1.0,server_sent
fd00::20d:d:d:d,2794,2794000,2795000,1.0,server_sent
fd00::20d:d:d:d,2804,2804000,2805000,1.0,server_sent
fd00::20d:d:d:d,2815,2815000,2816000,1.0,server_sent
fd00::20d:d:d:d,2825,2825000,2826000,1.0,server_sent
fd00::20d:d:d:d,2836,2836000,2837000,1.0,server_sent
fd00::20d:d:d:d,2847,2847000,2848000,1.0,server_sent
fd00::20d:d:d:d,2857,2857000,2858000,1.0,server_sent
fd00::20d:d:d:d,2868,2868000,2869000,1.0,server_sent
fd00::20d:d:d:d,2878,2878000,2879000,1.0,server_sent
fd00::20d:d:d:d,2889,2889000,2890000,1.0,server_sent
fd00::20d:d:d:d,2900,2900000,2901000,2.0,server_sent
fd00::20d:d:d:d,2910,2910000,2911000,1.0,server_sent
fd00::20d:d:d:d,2921,2921000,2922000,1.0,server_sent
fd00::20d:d:d:d,2931,2931000,2932000,1.0,server_sent
fd00::20d:d:d:d,2942,2942000,2943000,1.0,server_sent
fd00::20d:d:d:d,2952,2952000,2953000,1.0,server_sent
fd00::20d:d:d:d,2963,2963000,2964000,1.0,server_sent
fd00::20d:d:d:d,2974,2974000,2975000,1.0,server_sent
fd00::20d:d:d:d,2984,2984000,2985000,1.0,server_sent
fd00::20d:d:d:d,2995,2995000,2996000,1.0,server_sent
fd00::20d:d:d:d,3005,3005000,3006000,1.0,server_sent
fd00::20d:d:d:d,3016,3016000,3017000,1.0,server_sent
fd00::20d:d:d:d,3026,3026000,3027000,1.0,server_sent
fd00::20d:d:d:d,3037,3037000,3038000,1.0,server_sent
fd00::20d:d:d:d,3048,3048000,3049000,1.0,server_sent
fd00::20d:d:d:d,3058,3058000,3059000,1.0,server_sent
fd00::20d:d:d:d,3069,3069000,3070000,1.0,server_sent
fd00::20d:d:d:d,3079,3079000,3080000,1.0,server_sent
fd00::20d:d:d:d,3090,3090000,3091000,2.0,server_sent
fd00::20d:d:d:d,3101,3101000,3102000,1.0,server_sent
fd00::20d:d:d:d,3111,3111000,3112000,1.0,server_sent
fd00::20d:d:d:d,3122,3122000,3123000,1.0,server_sent
fd00::20d:d:d:d,3132,3132000,3133000,1.0,server_sent
fd00::20d:d:d:d,3143,3143000,3144000,1.0,server_sent
fd00::20d:d:d:d,3153,3153000,3154000,1.0,server_sent
fd00::20d:d:d:d,3164,3164000,3165000,1.0,server_sent
fd00::20d:d:d:d,3175,3175000,3176000,1.0,server_sent
fd00::20d:d:d:d,3185,3185000,3186000,1.0,server_sent
fd00::20d:d:d:d,3196,3196000,3197000,1.0,server_sent
fd00::20d:d:d:d,3206,3206000,3207000,1.0,server_sent
fd00::20d:d:d:d,3217,3217000,3218000,1.0,server_sent
fd00::20d:d:d:d,3228,3228000,3229000,1.0,server_sent
fd00::20d:d:d:d,3238,3238000,3239000,1.0,server_sent
fd00::20d:d:d:d,3249,3249000,3250000,1.0,server_sent
fd00::20d:d:d:d,3259,3259000,3260000,1.0,server_sent
fd00::20d:d:d:d,3270,3270000,3271000,2.0,server_sent
fd00::20d:d:d:d,3280,3280000,3281000,1.0,server_sent
fd00::20d:d:d:d,3291,3291000,3292000,1.0,server_sent
fd00::20d:d:d:d,3302,3302000,3303000,1.0,server_sent
fd00::20d:d:d:d,3312,3312000,3313000,1.0,server_sent
fd00::20d:d:d:d,3323,3323000,3324000,1.0,server_sent
fd00::20d:d:d:d,3333,3333000,3334000,1.0,server_sent
fd00::20d:d:d:d,3344,3344000,3345000,1.0,server_sent
fd00::20d:d:d:d,3355,3355000,3356000,1.0,server_sent
fd00::20d:d:d:d,3365,3365000,3366000,1.0,server_sent
fd00::20d:d:d:d,3376,3376000,3377000,1.0,server_sent
fd00::20d:d:d:d,3386,3386000,3387000,1.0,server_sent
fd00::20d:d:d:d,3397,3397000,3398000,1.0,server_sent
fd00::20d:d:d:d,3407,3407000,3408000,1.0,server_sent
fd00::20d:d:d:d,3418,3418000,3419000,1.0,server_sent
fd00::20d:d:d:d,3429,3429000,3430000,1.0,server_sent
fd00::20d:d:d:d,3439,3439000,3440000,1.0,server_sent
fd00::20d:d:d:d,3450,3450000,3451000,2.0,server_sent
fd00::20d:d:d:d,3460,3460000,3461000,1.0,server_sent
fd00::20d:d:d:d,3471,3471000,3472000,1.0,server_sent
fd00::20d:d:d:d,3482,3482000,3483000,1.0,server_sent
fd00::20d:d:d:d,3492,3492000,3493000,1.0,server_sent
fd00::20d:d:d:d,3503,3503000,3504000,1.0,server_sent
fd00::20d:d:d:d,3513,3513000,3514000,1.0,server_sent
fd00::20d:d:d:d,3524,3524000,3525000,1.0,server_sent
fd00::20d:d:d:d,3534,3534000,3535000,1.0,server_sent
fd00::20d:d:d:d,3545,3545000,3546000,1.0,server_sent
fd00::20d:d:d:d,3556,3556000,3557000,1.0,server_sent
fd00::20d:d:d:d,3566,3566000,3567000,1.0,server_sent
fd00::20d:d:d:d,3577,3577000,3578000,1.0,server_sent
fd00::20d:d:d:d,3587,3587000,3588000,1.0,server_sent
fd00::20d:d:d:d,3598,3598000,3599000,1.0,server_sent
fd00::20e:e:e:e,43,43000,44000,0.0,server_sent
fd00::20e:e:e:e,96,96000,97000,5.0,server_sent
fd00::20e:e:e:e,107,107000,108000,1.0,server_sent
fd00::20e:e:e:e,729,729000,730000,62.0,server_sent
fd00::20e:e:e:e,740,740000,741000,1.0,server_sent
fd00::20e:e:e:e,750,750000,751000,2.0,server_sent
fd00::20e:e:e:e,761,761000,762000,1.0,server_sent
fd00::20e:e:e:e,793,793000,794000,3.0,server_sent
fd00::20e:e:e:e,825,825000,826000,3.0,server_sent
fd00::20e:e:e:e,836,836000,837000,1.0,server_sent
fd00::20e:e:e:e,847,847000,848000,1.0,server_sent
fd00::20e:e:e:e,857,857000,858000,1.0,server_sent
fd00::20e:e:e:e,1115,1115000,1116000,26.0,server_sent
fd00::20e:e:e:e,1458,1458000,1459000,34.0,server_sent
fd00::20e:e:e:e,1469,1469000,1470000,1.0,server_sent
fd00::20e:e:e:e,1479,1479000,1480000,1.0,server_sent
fd00::20e:e:e:e,1490,1490000,1491000,2.0,server_sent
fd00::20e:e:e:e,1501,1501000,1502000,1.0,server_sent
fd00::20e:e:e:e,1512,1512000,1513000,1.0,server_sent
fd00::20e:e:e:e,1544,1544000,1545000,3.0,server_sent
fd00::20e:e:e:e,1576,1576000,1577000,3.0,server_sent
fd00::20e:e:e:e,1587,1587000,1588000,1.0,server_sent
fd00::20e:e:e:e,1597,1597000,1598000,1.0,server_sent
fd00::20e:e:e:e,1608,1608000,1609000,1.0,server_sent
fd00::20e:e:e:e,2230,2230000,2231000,63.0,server_sent
fd00::20e:e:e:e,2241,2241000,2242000,1.0,server_sent
fd00::20e:e:e:e,2262,2262000,2263000,2.0,server_sent
fd00::20e:e:e:e,2284,2284000,2285000,2.0,server_sent
fd00::20e:e:e:e,2755,2755000,2756000,47.0,server_sent
fd00::20e:e:e:e,2766,2766000,2767000,1.0,server_sent
fd00::20e:e:e:e,2777,2777000,2778000,1.0,server_sent
fd00::20e:e:e:e,2788,2788000,2789000,1.0,server_sent
fd00::20e:e:e:e,3495,3495000,3496000,71.0,server_sent
fd00::20e:e:e:e,3506,3506000,3507000,1.0,server_sent
fd00::20e:e:e:e,3517,3517000,3518000,1.0,server_sent
fd00::20e:e:e:e,3528,3528000,3529000,1.0,server_sent
fd00::20e:e:e:e,3538,3538000,3539000,1.0,server_sent
fd00::20e:e:e:e,3549,3549000,3550000,1.0,server_sent
fd00::20e:e:e:e,3581,3581000,3582000,4.0,server_sent
fd00::20f:f:f:f,73,73000,74000,0.0,server_sent
fd00::20f:f:f:f,84,84000,85000,1.0,server_sent
fd00::20f:f:f:f,94,94000,95000,1.0,server_sent
fd00::20f:f:f:f,105,105000,106000,1.0,server_sent
fd00::20f:f:f:f,126,126000,127000,2.0,server_sent
fd00::20f:f:f:f,137,137000,138000,1.0,server_sent
fd00::20f:f:f:f,147,147000,148000,1.0,server_sent
fd00::20f:f:f:f,158,158000,159000,1.0,server_sent
fd00::20f:f:f:f,168,168000,169000,1.0,server_sent
fd00::20f:f:f:f,179,179000,180000,1.0,server_sent
fd00::20f:f:f:f,189,189000,190000,1.0,server_sent
fd00::20f:f:f:f,200,200000,201000,2.0,server_sent
fd00::20f:f:f:f,210,210000,211000,1.0,server_sent
fd00::20f:f:f:f,221,221000,222000,1.0,server_sent
fd00::20f:f:f:f,231,231000,232000,1.0,server_sent
fd00::20f:f:f:f,242,242000,243000,1.0,server_sent
fd00::20f:f:f:f,252,252000,253000,1.0,server_sent
fd00::20f:f:f:f,263,263000,264000,1.0,server_sent
fd00::20f:f:f:f,273,273000,274000,1.0,server_sent
fd00::20f:f:f:f,284,284000,285000,1.0,server_sent
fd00::20f:f:f:f,294,294000,295000,1.0,server_sent
fd00::20f:f:f:f,305,305000,306000,1.0,server_sent
fd00::20f:f:f:f,315,315000,316000,1.0,server_sent
fd00::20f:f:f:f,326,326000,327000,1.0,server_sent
fd00::20f:f:f:f,347,347000,348000,2.0,server_sent
fd00::20f:f:f:f,358,358000,359000,1.0,server_sent
fd00::20f:f:f:f,368,368000,369000,1.0,server_sent
fd00::20f:f:f:f,379,379000,380000,1.0,server_sent
fd00::20f:f:f:f,389,389000,390000,1.0,server_sent
fd00::20f:f:f:f,400,400000,401000,2.0,server_sent
fd00::20f:f:f:f,410,410000,411000,1.0,server_sent
fd00::20f:f:f:f,421,421000,422000,1.0,server_sent
fd00::20f:f:f:f,431,431000,432000,1.0,server_sent
fd00::20f:f:f:f,452,452000,453000,2.0,server_sent
fd00::20f:f:f:f,463,463000,464000,1.0,server_sent
fd00::20f:f:f:f,473,473000,474000,1.0,server_sent
fd00::20f:f:f:f,484,484000,485000,1.0,server_sent
fd00::20f:f:f:f,494,494000,495000,1.0,server_sent
fd00::20f:f:f:f,505,505000,506000,1.0,server_sent
fd00::20f:f:f:f,516,516000,517000,1.0,server_sent
fd00::20f:f:f:f,526,526000,527000,1.0,server_sent
fd00::20f:f:f:f,537,537000,538000,1.0,server_sent
fd00::20f:f:f:f,558,558000,559000,2.0,server_sent
fd00::20f:f:f:f,568,568000,569000,1.0,server_sent
fd00::20f:f:f:f,579,579000,580000,1.0,server_sent
fd00::20f:f:f:f,589,589000,590000,1.0,server_sent
fd00::20f:f:f:f,610,610000,611000,3.0,server_sent
fd00::20f:f:f:f,621,621000,622000,1.0,server_sent
fd00::20f:f:f:f,631,631000,632000,1.0,server_sent
fd00::20f:f:f:f,642,642000,643000,1.0,server_sent
fd00::20f:f:f:f,663,663000,664000,2.0,server_sent
fd00::20f:f:f:f,673,673000,674000,1.0,server_sent
fd00::20f:f:f:f,684,684000,685000,1.0,server_sent
fd00::20f:f:f:f,694,694000,695000,1.0,server_sent
fd00::20f:f:f:f,705,705000,706000,1.0,server_sent
fd00::20f:f:f:f,715,715000,716000,1.0,server_sent
fd00::20f:f:f:f,726,726000,727000,1.0,server_sent
fd00::20f:f:f:f,737,737000,738000,1.0,server_sent
fd00::20f:f:f:f,747,747000,748000,1.0,server_sent
fd00::20f:f:f:f,768,768000,769000,2.0,server_sent
fd00::20f:f:f:f,779,779000,780000,1.0,server_sent
fd00::20f:f:f:f,789,789000,790000,1.0,server_sent
fd00::20f:f:f:f,800,800000,801000,2.0,server_sent
fd00::20f:f:f:f,810,810000,811000,1.0,server_sent
fd00::20f:f:f:f,821,821000,822000,1.0,server_sent
fd00::20f:f:f:f,831,831000,832000,1.0,server_sent
fd00::20f:f:f:f,842,842000,843000,1.0,server_sent
fd00::20f:f:f:f,852,852000,853000,1.0,server_sent
fd00::20f:f:f:f,863,863000,864000,1.0,server_sent
fd00::20f:f:f:f,873,873000,874000,1.0,server_sent
fd00::20f:f:f:f,884,884000,885000,1.0,server_sent
fd00::20f:f:f:f,895,895000,896000,1.0,server_sent
fd00::20f:f:f:f,905,905000,906000,1.0,server_sent
fd00::20f:f:f:f,916,916000,917000,1.0,server_sent
fd00::20f:f:f:f,926,926000,927000,1.0,server_sent
fd00::20f:f:f:f,937,937000,938000,1.0,server_sent
fd00::20f:f:f:f,947,947000,948000,1.0,server_sent
fd00::20f:f:f:f,958,958000,959000,1.0,server_sent
fd00::20f:f:f:f,968,968000,969000,1.0,server_sent
fd00::20f:f:f:f,989,989000,990000,2.0,server_sent
fd00::20f:f:f:f,1000,1000000,1001000,2.0,server_sent
fd00::20f:f:f:f,1010,1010000,1011000,1.0,server_sent
fd00::20f:f:f:f,1021,1021000,1022000,1.0,server_sent
fd00::20f:f:f:f,1031,1031000,1032000,1.0,server_sent
fd00::20f:f:f:f,1042,1042000,1043000,1.0,server_sent
fd00::20f:f:f:f,1052,1052000,1053000,1.0,server_sent
fd00::20f:f:f:f,1063,1063000,1064000,1.0,server_sent
fd00::20f:f:f:f,1073,1073000,1074000,1.0,server_sent
fd00::20f:f:f:f,1095,1095000,1096000,2.0,server_sent
fd00::20f:f:f:f,1105,1105000,1106000,1.0,server_sent
fd00::20f:f:f:f,1116,1116000,1117000,1.0,server_sent
fd00::20f:f:f:f,1126,1126000,1127000,1.0,server_sent
fd00::20f:f:f:f,1137,1137000,1138000,1.0,server_sent
fd00::20f:f:f:f,1147,1147000,1148000,1.0,server_sent
fd00::20f:f:f:f,1158,1158000,1159000,1.0,server_sent
fd00::20f:f:f:f,1168,1168000,1169000,1.0,server_sent
fd00::20f:f:f:f,1179,1179000,1180000,1.0,server_sent
fd00::20f:f:f:f,1200,1200000,1201000,3.0,server_sent
fd00::20f:f:f:f,1210,1210000,1211000,1.0,server_sent
fd00::20f:f:f:f,1221,1221000,1222000,1.0,server_sent
fd00::20f:f:f:f,1231,1231000,1232000,1.0,server_sent
fd00::20f:f:f:f,1242,1242000,1243000,1.0,server_sent
fd00::20f:f:f:f,1252,1252000,1253000,1.0,server_sent
fd00::20f:f:f:f,1263,1263000,1264000,1.0,server_sent
fd00::20f:f:f:f,1273,1273000,1274000,1.0,server_sent
fd00::20f:f:f:f,1284,1284000,1285000,1.0,server_sent
fd00::20f:f:f:f,1305,1305000,1306000,2.0,server_sent
fd00::20f:f:f:f,1316,1316000,1317000,1.0,server_sent
fd00::20f:f:f:f,1326,1326000,1327000,1.0,server_sent
fd00::20f:f:f:f,1337,1337000,1338000,1.0,server_sent
fd00::20f:f:f:f,1347,1347000,1348000,1.0,server_sent
fd00::20f:f:f:f,1358,1358000,1359000,1.0,server_sent
fd00::20f:f:f:f,1368,1368000,1369000,1.0,server_sent
fd00::20f:f:f:f,1379,1379000,1380000,1.0,server_sent
fd00::20f:f:f:f,1389,1389000,1390000,1.0,server_sent
fd00::20f:f:f:f,1410,1410000,1411000,3.0,server_sent
fd00::20f:f:f:f,1421,1421000,1422000,1.0,server_sent
fd00::20f:f:f:f,1431,1431000,1432000,1.0,server_sent
fd00::20f:f:f:f,1442,1442000,1443000,1.0,server_sent
fd00::20f:f:f:f,1452,1452000,1453000,1.0,server_sent
fd00::20f:f:f:f,1463,1463000,1464000,1.0,server_sent
fd00::20f:f:f:f,1473,1473000,1474000,1.0,server_sent
fd00::20f:f:f:f,1484,1484000,1485000,1.0,server_sent
fd00::20f:f:f:f,1494,1494000,1495000,1.0,server_sent
fd00::20f:f:f:f,1505,1505000,1506000,1.0,server_sent
fd00::20f:f:f:f,1516,1516000,1517000,1.0,server_sent
fd00::20f:f:f:f,1526,1526000,1527000,1.0,server_sent
fd00::20f:f:f:f,1537,1537000,1538000,1.0,server_sent
fd00::20f:f:f:f,1547,1547000,1548000,1.0,server_sent
fd00::20f:f:f:f,1558,1558000,1559000,1.0,server_sent
fd00::20f:f:f:f,1568,1568000,1569000,1.0,server_sent
fd00::20f:f:f:f,1579,1579000,1580000,1.0,server_sent
fd00::20f:f:f:f,1589,1589000,1590000,1.0,server_sent
fd00::20f:f:f:f,1600,1600000,1601000,2.0,server_sent
fd00::20f:f:f:f,1610,1610000,1611000,1.0,server_sent
fd00::20f:f:f:f,1631,1631000,1632000,2.0,server_sent
fd00::20f:f:f:f,1642,1642000,1643000,1.0,server_sent
fd00::20f:f:f:f,1652,1652000,1653000,1.0,server_sent
fd00::20f:f:f:f,1663,1663000,1664000,1.0,server_sent
fd00::20f:f:f:f,1674,1674000,1675000,1.0,server_sent
fd00::20f:f:f:f,1684,1684000,1685000,1.0,server_sent
fd00::20f:f:f:f,1695,1695000,1696000,1.0,server_sent
fd00::20f:f:f:f,1705,1705000,1706000,1.0,server_sent
fd00::20f:f:f:f,1716,1716000,1717000,1.0,server_sent
fd00::20f:f:f:f,1737,1737000,1738000,2.0,server_sent
fd00::20f:f:f:f,1747,1747000,1748000,1.0,server_sent
fd00::20f:f:f:f,1758,1758000,1759000,1.0,server_sent
fd00::20f:f:f:f,1768,1768000,1769000,1.0,server_sent
fd00::20f:f:f:f,1779,1779000,1780000,1.0,server_sent
fd00::20f:f:f:f,1789,1789000,1790000,1.0,server_sent
fd00::20f:f:f:f,1800,1800000,1801000,2.0,server_sent
fd00::20f:f:f:f,1810,1810000,1811000,1.0,server_sent
fd00::20f:f:f:f,1821,1821000,1822000,1.0,server_sent
fd00::20f:f:f:f,1842,1842000,1843000,2.0,server_sent
fd00::20f:f:f:f,1852,1852000,1853000,1.0,server_sent
fd00::20f:f:f:f,1863,1863000,1864000,1.0,server_sent
fd00::20f:f:f:f,1873,1873000,1874000,1.0,server_sent
fd00::20f:f:f:f,1884,1884000,1885000,1.0,server_sent
fd00::20f:f:f:f,1895,1895000,1896000,1.0,server_sent
fd00::20f:f:f:f,1905,1905000,1906000,1.0,server_sent
fd00::20f:f:f:f,1916,1916000,1917000,1.0,server_sent
fd00::20f:f:f:f,1926,1926000,1927000,1.0,server_sent
fd00::20f:f:f:f,1947,1947000,1948000,2.0,server_sent
fd00::20f:f:f:f,1958,1958000,1959000,1.0,server_sent
fd00::20f:f:f:f,1968,1968000,1969000,1.0,server_sent
fd00::20f:f:f:f,1979,1979000,1980000,1.0,server_sent
fd00::20f:f:f:f,1989,1989000,1990000,1.0,server_sent
fd00::20f:f:f:f,2000,2000000,2001000,2.0,server_sent
fd00::20f:f:f:f,2010,2010000,2011000,1.0,server_sent
fd00::20f:f:f:f,2021,2021000,2022000,1.0,server_sent
fd00::20f:f:f:f,2031,2031000,2032000,1.0,server_sent
fd00::20f:f:f:f,2052,2052000,2053000,2.0,server_sent
fd00::20f:f:f:f,2063,2063000,2064000,1.0,server_sent
fd00::20f:f:f:f,2074,2074000,2075000,1.0,server_sent
fd00::20f:f:f:f,2084,2084000,2085000,1.0,server_sent
fd00::20f:f:f:f,2095,2095000,2096000,1.0,server_sent
fd00::20f:f:f:f,2105,2105000,2106000,1.0,server_sent
fd00::20f:f:f:f,2116,2116000,2117000,1.0,server_sent
fd00::20f:f:f:f,2126,2126000,2127000,1.0,server_sent
fd00::20f:f:f:f,2137,2137000,2138000,1.0,server_sent
fd00::20f:f:f:f,2158,2158000,2159000,2.0,server_sent
fd00::20f:f:f:f,2168,2168000,2169000,1.0,server_sent
fd00::20f:f:f:f,2179,2179000,2180000,1.0,server_sent
fd00::20f:f:f:f,2189,2189000,2190000,1.0,server_sent
fd00::20f:f:f:f,2200,2200000,2201000,2.0,server_sent
fd00::20f:f:f:f,2210,2210000,2211000,1.0,server_sent
fd00::20f:f:f:f,2221,2221000,2222000,1.0,server_sent
fd00::20f:f:f:f,2231,2231000,2232000,1.0,server_sent
fd00::20f:f:f:f,2242,2242000,2243000,1.0,server_sent
fd00::20f:f:f:f,2252,2252000,2253000,1.0,server_sent
fd00::20f:f:f:f,2273,2273000,2274000,2.0,server_sent
fd00::20f:f:f:f,2284,2284000,2285000,1.0,server_sent
fd00::20f:f:f:f,2295,2295000,2296000,1.0,server_sent
fd00::20f:f:f:f,2305,2305000,2306000,1.0,server_sent
fd00::20f:f:f:f,2316,2316000,2317000,1.0,server_sent
fd00::20f:f:f:f,2326,2326000,2327000,1.0,server_sent
fd00::20f:f:f:f,2337,2337000,2338000,1.0,server_sent
fd00::20f:f:f:f,2347,2347000,2348000,1.0,server_sent
fd00::20f:f:f:f,2358,2358000,2359000,1.0,server_sent
fd00::20f:f:f:f,2379,2379000,2380000,2.0,server_sent
fd00::20f:f:f:f,2389,2389000,2390000,1.0,server_sent
fd00::20f:f:f:f,2400,2400000,2401000,2.0,server_sent
fd00::20f:f:f:f,2410,2410000,2411000,1.0,server_sent
fd00::20f:f:f:f,2421,2421000,2422000,1.0,server_sent
fd00::20f:f:f:f,2431,2431000,2432000,1.0,server_sent
fd00::20f:f:f:f,2442,2442000,2443000,1.0,server_sent
fd00::20f:f:f:f,2452,2452000,2453000,1.0,server_sent
fd00::20f:f:f:f,2463,2463000,2464000,1.0,server_sent
fd00::20f:f:f:f,2484,2484000,2485000,2.0,server_sent
fd00::20f:f:f:f,2495,2495000,2496000,1.0,server_sent
fd00::20f:f:f:f,2505,2505000,2506000,1.0,server_sent
fd00::20f:f:f:f,2516,2516000,2517000,1.0,server_sent
fd00::20f:f:f:f,2526,2526000,2527000,1.0,server_sent
fd00::20f:f:f:f,2537,2537000,2538000,1.0,server_sent
fd00::20f:f:f:f,2547,2547000,2548000,1.0,server_sent
fd00::20f:f:f:f,2558,2558000,2559000,1.0,server_sent
fd00::20f:f:f:f,2568,2568000,2569000,1.0,server_sent
fd00::20f:f:f:f,2589,2589000,2590000,2.0,server_sent
fd00::20f:f:f:f,2600,2600000,2601000,2.0,server_sent
fd00::20f:f:f:f,2610,2610000,2611000,1.0,server_sent
fd00::20f:f:f:f,2621,2621000,2622000,1.0,server_sent
fd00::20f:f:f:f,2631,2631000,2632000,1.0,server_sent
fd00::20f:f:f:f,2642,2642000,2643000,1.0,server_sent
fd00::20f:f:f:f,2653,2653000,2654000,1.0,server_sent
fd00::20f:f:f:f,2663,2663000,2664000,1.0,server_sent
fd00::20f:f:f:f,2674,2674000,2675000,1.0,server_sent
fd00::20f:f:f:f,2695,2695000,2696000,2.0,server_sent
fd00::20f:f:f:f,2705,2705000,2706000,1.0,server_sent
fd00::20f:f:f:f,2716,2716000,2717000,1.0,server_sent
fd00::20f:f:f:f,2726,2726000,2727000,1.0,server_sent
fd00::20f:f:f:f,2737,2737000,2738000,1.0,server_sent
fd00::20f:f:f:f,2747,2747000,2748000,1.0,server_sent
fd00::20f:f:f:f,2758,2758000,2759000,1.0,server_sent
fd00::20f:f:f:f,2768,2768000,2769000,1.0,server_sent
fd00::20f:f:f:f,2779,2779000,2780000,1.0,server_sent
fd00::20f:f:f:f,2800,2800000,2801000,3.0,server_sent
fd00::20f:f:f:f,2810,2810000,2811000,1.0,server_sent
fd00::20f:f:f:f,2821,2821000,2822000,1.0,server_sent
fd00::20f:f:f:f,2831,2831000,2832000,1.0,server_sent
fd00::20f:f:f:f,2842,2842000,2843000,1.0,server_sent
fd00::20f:f:f:f,2852,2852000,2853000,1.0,server_sent
fd00::20f:f:f:f,2863,2863000,2864000,1.0,server_sent
fd00::20f:f:f:f,2874,2874000,2875000,1.0,server_sent
fd00::20f:f:f:f,2884,2884000,2885000,1.0,server_sent
fd00::20f:f:f:f,2895,2895000,2896000,1.0,server_sent
fd00::20f:f:f:f,2905,2905000,2906000,1.0,server_sent
fd00::20f:f:f:f,2916,2916000,2917000,1.0,server_sent
fd00::20f:f:f:f,2926,2926000,2927000,1.0,server_sent
fd00::20f:f:f:f,2937,2937000,2938000,1.0,server_sent
fd00::20f:f:f:f,2947,2947000,2948000,1.0,server_sent
fd00::20f:f:f:f,2958,2958000,2959000,1.0,server_sent
fd00::20f:f:f:f,2968,2968000,2969000,1.0,server_sent
fd00::20f:f:f:f,2979,2979000,2980000,1.0,server_sent
fd00::20f:f:f:f,2989,2989000,2990000,1.0,server_sent
fd00::20f:f:f:f,3000,3000000,3001000,2.0,server_sent
fd00::20f:f:f:f,3021,3021000,3022000,2.0,server_sent
fd00::20f:f:f:f,3031,3031000,3032000,1.0,server_sent
fd00::20f:f:f:f,3042,3042000,3043000,1.0,server_sent
fd00::20f:f:f:f,3053,3053000,3054000,1.0,server_sent
fd00::20f:f:f:f,3063,3063000,3064000,1.0,server_sent
fd00::20f:f:f:f,3074,3074000,3075000,1.0,server_sent
fd00::20f:f:f:f,3084,3084000,3085000,1.0,server_sent
fd00::20f:f:f:f,3095,3095000,3096000,1.0,server_sent
fd00::20f:f:f:f,3105,3105000,3106000,1.0,server_sent
fd00::20f:f:f:f,3126,3126000,3127000,2.0,server_sent
fd00::20f:f:f:f,3137,3137000,3138000,1.0,server_sent
fd00::20f:f:f:f,3147,3147000,3148000,1.0,server_sent
fd00::20f:f:f:f,3158,3158000,3159000,1.0,server_sent
fd00::20f:f:f:f,3168,3168000,3169000,1.0,server_sent
fd00::20f:f:f:f,3179,3179000,3180000,1.0,server_sent
fd00::20f:f:f:f,3189,3189000,3190000,1.0,server_sent
fd00::20f:f:f:f,3200,3200000,3201000,2.0,server_sent
fd00::20f:f:f:f,3210,3210000,3211000,1.0,server_sent
fd00::20f:f:f:f,3231,3231000,3232000,2.0,server_sent
fd00::20f:f:f:f,3242,3242000,3243000,1.0,server_sent
fd00::20f:f:f:f,3253,3253000,3254000,1.0,server_sent
fd00::20f:f:f:f,3263,3263000,3264000,1.0,server_sent
fd00::20f:f:f:f,3274,3274000,3275000,1.0,server_sent
fd00::20f:f:f:f,3284,3284000,3285000,1.0,server_sent
fd00::20f:f:f:f,3295,3295000,3296000,1.0,server_sent
fd00::20f:f:f:f,3305,3305000,3306000,1.0,server_sent
fd00::20f:f:f:f,3316,3316000,3317000,1.0,server_sent
fd00::20f:f:f:f,3337,3337000,3338000,2.0,server_sent
fd00::20f:f:f:f,3347,3347000,3348000,1.0,server_sent
fd00::20f:f:f:f,3358,3358000,3359000,1.0,server_sent
fd00::20f:f:f:f,3368,3368000,3369000,1.0,server_sent
fd00::20f:f:f:f,3379,3379000,3380000,1.0,server_sent
fd00::20f:f:f:f,3389,3389000,3390000,1.0,server_sent
fd00::20f:f:f:f,3400,3400000,3401000,2.0,server_sent
fd00::20f:f:f:f,3410,3410000,3411000,1.0,server_sent
fd00::20f:f:f:f,3421,3421000,3422000,1.0,server_sent
fd00::20f:f:f:f,3442,3442000,3443000,2.0,server_sent
fd00::20f:f:f:f,3453,3453000,3454000,1.0,server_sent
fd00::20f:f:f:f,3463,3463000,3464000,1.0,server_sent
fd00::20f:f:f:f,3474,3474000,3475000,1.0,server_sent
fd00::20f:f:f:f,3484,3484000,3485000,1.0,server_sent
fd00::20f:f:f:f,3495,3495000,3496000,1.0,server_sent
fd00::20f:f:f:f,3505,3505000,3506000,1.0,server_sent
fd00::20f:f:f:f,3516,3516000,3517000,1.0,server_sent
fd00::20f:f:f:f,3526,3526000,3527000,1.0,server_sent
fd00::20f:f:f:f,3537,3537000,3538000,1.0,server_sent
fd00::20f:f:f:f,3547,3547000,3548000,1.0,server_sent
fd00::20f:f:f:f,3558,3558000,3559000,1.0,server_sent
fd00::20f:f:f:f,3568,3568000,3569000,1.0,server_sent
fd00::20f:f:f:f,3579,3579000,3580000,1.0,server_sent
fd00::20f:f:f:f,3589,3589000,3590000,1.0,server_sent
fd00::210:10:10:10,51,51000,52000,0.0,server_sent
fd00::210:10:10:10,62,62000,63000,1.0,server_sent
fd00::210:10:10:10,93,93000,94000,3.0,server_sent
fd00::210:10:10:10,103,103000,104000,1.0,server_sent
fd00::210:10:10:10,114,114000,115000,1.0,server_sent
fd00::210:10:10:10,124,124000,125000,1.0,server_sent
fd00::210:10:10:10,549,549000,550000,42.0,server_sent
fd00::210:10:10:10,974,974000,975000,43.0,server_sent
fd00::210:10:10:10,1005,1005000,1006000,3.0,server_sent
fd00::210:10:10:10,1026,1026000,1027000,2.0,server_sent
fd00::210:10:10:10,1037,1037000,1038000,1.0,server_sent
fd00::210:10:10:10,1555,1555000,1556000,52.0,server_sent
fd00::210:10:10:10,2094,2094000,2095000,54.0,server_sent
fd00::210:10:10:10,2105,2105000,2106000,1.0,server_sent
fd00::210:10:10:10,2198,2198000,2199000,9.0,server_sent
fd00::210:10:10:10,2374,2374000,2375000,18.0,server_sent
fd00::210:10:10:10,2882,2882000,2883000,51.0,server_sent
fd00::210:10:10:10,2893,2893000,2894000,1.0,server_sent
fd00::210:10:10:10,2903,2903000,2904000,1.0,server_sent
fd00::210:10:10:10,2955,2955000,2956000,5.0,server_sent
fd00::210:10:10:10,2986,2986000,2987000,3.0,server_sent
fd00::210:10:10:10,2996,2996000,2997000,1.0,server_sent
fd00::210:10:10:10,3007,3007000,3008000,1.0,server_sent
fd00::211:11:11:11,64,64000,65000,0.0,server_sent
fd00::211:11:11:11,75,75000,76000,1.0,server_sent
fd00::211:11:11:11,86,86000,87000,1.0,server_sent
fd00::211:11:11:11,97,97000,98000,1.0,server_sent
fd00::211:11:11:11,107,107000,108000,1.0,server_sent
fd00::211:11:11:11,118,118000,119000,1.0,server_sent
fd00::211:11:11:11,129,129000,130000,1.0,server_sent
fd00::211:11:11:11,150,150000,151000,3.0,server_sent
fd00::211:11:11:11,161,161000,162000,1.0,server_sent
fd00::211:11:11:11,172,172000,173000,1.0,server_sent
fd00::211:11:11:11,182,182000,183000,1.0,server_sent
fd00::211:11:11:11,193,193000,194000,1.0,server_sent
fd00::211:11:11:11,204,204000,205000,1.0,server_sent
fd00::211:11:11:11,214,214000,215000,1.0,server_sent
fd00::211:11:11:11,225,225000,226000,1.0,server_sent
fd00::211:11:11:11,236,236000,237000,1.0,server_sent
fd00::211:11:11:11,257,257000,258000,2.0,server_sent
fd00::211:11:11:11,268,268000,269000,1.0,server_sent
fd00::211:11:11:11,279,279000,280000,1.0,server_sent
fd00::211:11:11:11,289,289000,290000,1.0,server_sent
fd00::211:11:11:11,300,300000,301000,2.0,server_sent
fd00::211:11:11:11,311,311000,312000,1.0,server_sent
fd00::211:11:11:11,322,322000,323000,1.0,server_sent
fd00::211:11:11:11,332,332000,333000,1.0,server_sent
fd00::211:11:11:11,343,343000,344000,1.0,server_sent
fd00::211:11:11:11,364,364000,365000,2.0,server_sent
fd00::211:11:11:11,375,375000,376000,1.0,server_sent
fd00::211:11:11:11,386,386000,387000,1.0,server_sent
fd00::211:11:11:11,397,397000,398000,1.0,server_sent
fd00::211:11:11:11,407,407000,408000,1.0,server_sent
fd00::211:11:11:11,418,418000,419000,1.0,server_sent
fd00::211:11:11:11,429,429000,430000,1.0,server_sent
fd00::211:11:11:11,440,440000,441000,2.0,server_sent
fd00::211:11:11:11,450,450000,451000,1.0,server_sent
fd00::211:11:11:11,472,472000,473000,2.0,server_sent
fd00::211:11:11:11,482,482000,483000,1.0,server_sent
fd00::211:11:11:11,493,493000,494000,1.0,server_sent
fd00::211:11:11:11,504,504000,505000,1.0,server_sent
fd00::211:11:11:11,515,515000,516000,1.0,server_sent
fd00::211:11:11:11,525,525000,526000,1.0,server_sent
fd00::211:11:11:11,536,536000,537000,1.0,server_sent
fd00::211:11:11:11,547,547000,548000,1.0,server_sent
fd00::211:11:11:11,558,558000,559000,1.0,server_sent
fd00::211:11:11:11,579,579000,580000,2.0,server_sent
fd00::211:11:11:11,922,922000,923000,35.0,server_sent
fd00::211:11:11:11,933,933000,934000,1.0,server_sent
fd00::211:11:11:11,943,943000,944000,1.0,server_sent
fd00::211:11:11:11,954,954000,955000,1.0,server_sent
fd00::211:11:11:11,965,965000,966000,1.0,server_sent
fd00::211:11:11:11,976,976000,977000,1.0,server_sent
fd00::211:11:11:11,986,986000,987000,1.0,server_sent
fd00::211:11:11:11,1008,1008000,1009000,2.0,server_sent
fd00::211:11:11:11,1018,1018000,1019000,1.0,server_sent
fd00::211:11:11:11,1029,1029000,1030000,1.0,server_sent
fd00::211:11:11:11,1040,1040000,1041000,2.0,server_sent
fd00::211:11:11:11,1051,1051000,1052000,1.0,server_sent
fd00::211:11:11:11,1061,1061000,1062000,1.0,server_sent
fd00::211:11:11:11,1072,1072000,1073000,1.0,server_sent
fd00::211:11:11:11,1083,1083000,1084000,1.0,server_sent
fd00::211:11:11:11,1093,1093000,1094000,1.0,server_sent
fd00::211:11:11:11,1115,1115000,1116000,2.0,server_sent
fd00::211:11:11:11,1126,1126000,1127000,1.0,server_sent
fd00::211:11:11:11,1136,1136000,1137000,1.0,server_sent
fd00::211:11:11:11,1147,1147000,1148000,1.0,server_sent
fd00::211:11:11:11,1158,1158000,1159000,1.0,server_sent
fd00::211:11:11:11,1169,1169000,1170000,1.0,server_sent
fd00::211:11:11:11,1179,1179000,1180000,1.0,server_sent
fd00::211:11:11:11,1190,1190000,1191000,2.0,server_sent
fd00::211:11:11:11,1201,1201000,1202000,1.0,server_sent
fd00::211:11:11:11,1222,1222000,1223000,2.0,server_sent
fd00::211:11:11:11,1233,1233000,1234000,1.0,server_sent
fd00::211:11:11:11,1244,1244000,1245000,1.0,server_sent
fd00::211:11:11:11,1254,1254000,1255000,1.0,server_sent
fd00::211:11:11:11,1265,1265000,1266000,1.0,server_sent
fd00::211:11:11:11,1276,1276000,1277000,1.0,server_sent
fd00::211:11:11:11,1286,1286000,1287000,1.0,server_sent
fd00::211:11:11:11,1297,1297000,1298000,1.0,server_sent
fd00::211:11:11:11,1308,1308000,1309000,1.0,server_sent
fd00::211:11:11:11,1329,1329000,1330000,2.0,server_sent
fd00::211:11:11:11,1340,1340000,1341000,2.0,server_sent
fd00::211:11:11:11,1351,1351000,1352000,1.0,server_sent
fd00::211:11:11:11,1361,1361000,1362000,1.0,server_sent
fd00::211:11:11:11,1372,1372000,1373000,1.0,server_sent
fd00::211:11:11:11,1383,1383000,1384000,1.0,server_sent
fd00::211:11:11:11,1394,1394000,1395000,1.0,server_sent
fd00::211:11:11:11,1404,1404000,1405000,1.0,server_sent
fd00::211:11:11:11,1415,1415000,1416000,1.0,server_sent
fd00::211:11:11:11,1437,1437000,1438000,2.0,server_sent
fd00::211:11:11:11,1447,1447000,1448000,1.0,server_sent
fd00::211:11:11:11,1458,1458000,1459000,1.0,server_sent
fd00::211:11:11:11,1469,1469000,1470000,1.0,server_sent
fd00::211:11:11:11,1479,1479000,1480000,1.0,server_sent
fd00::211:11:11:11,1490,1490000,1491000,2.0,server_sent
fd00::211:11:11:11,1501,1501000,1502000,1.0,server_sent
fd00::211:11:11:11,1512,1512000,1513000,1.0,server_sent
fd00::211:11:11:11,2316,2316000,2317000,80.0,server_sent
fd00::211:11:11:11,2326,2326000,2327000,1.0,server_sent
fd00::211:11:11:11,2337,2337000,2338000,1.0,server_sent
fd00::211:11:11:11,2348,2348000,2349000,1.0,server_sent
fd00::211:11:11:11,2358,2358000,2359000,1.0,server_sent
fd00::211:11:11:11,2369,2369000,2370000,1.0,server_sent
fd00::211:11:11:11,2712,2712000,2713000,35.0,server_sent
fd00::211:11:11:11,2734,2734000,2735000,2.0,server_sent
fd00::211:11:11:11,2744,2744000,2745000,1.0,server_sent
fd00::211:11:11:11,2755,2755000,2756000,1.0,server_sent
fd00::211:11:11:11,2766,2766000,2767000,1.0,server_sent
fd00::211:11:11:11,2776,2776000,2777000,1.0,server_sent
fd00::211:11:11:11,2787,2787000,2788000,1.0,server_sent
fd00::211:11:11:11,2798,2798000,2799000,1.0,server_sent
fd00::211:11:11:11,2905,2905000,2906000,11.0,server_sent
fd00::211:11:11:11,3430,3430000,3431000,53.0,server_sent
fd00::211:11:11:11,3441,3441000,3442000,1.0,server_sent
fd00::212:12:12:12,30,30000,31000,0.0,server_sent
fd00::212:12:12:12,50,50000,51000,2.0,server_sent
fd00::212:12:12:12,60,60000,61000,1.0,server_sent
fd00::212:12:12:12,90,90000,91000,3.0,server_sent
fd00::212:12:12:12,100,100000,101000,1.0,server_sent
fd00::212:12:12:12,110,110000,111000,1.0,server_sent
fd00::212:12:12:12,120,120000,121000,1.0,server_sent
fd00::212:12:12:12,864,864000,865000,74.0,server_sent
fd00::212:12:12:12,1366,1366000,1367000,50.0,server_sent
fd00::212:12:12:12,1377,1377000,1378000,1.0,server_sent
fd00::212:12:12:12,1387,1387000,1388000,1.0,server_sent
fd00::212:12:12:12,1397,1397000,1398000,1.0,server_sent
fd00::212:12:12:12,1407,1407000,1408000,1.0,server_sent
fd00::212:12:12:12,1879,1879000,1880000,47.0,server_sent
fd00::212:12:12:12,2000,2000000,2001000,13.0,server_sent
fd00::212:12:12:12,2010,2010000,2011000,1.0,server_sent
fd00::212:12:12:12,2020,2020000,2021000,1.0,server_sent
fd00::212:12:12:12,2030,2030000,2031000,1.0,server_sent
fd00::212:12:12:12,2040,2040000,2041000,1.0,server_sent
fd00::212:12:12:12,2573,2573000,2574000,53.0,server_sent
fd00::212:12:12:12,2583,2583000,2584000,1.0,server_sent
fd00::212:12:12:12,2613,2613000,2614000,3.0,server_sent
fd00::212:12:12:12,3085,3085000,3086000,47.0,server_sent
fd00::212:12:12:12,3095,3095000,3096000,1.0,server_sent
fd00::212:12:12:12,3105,3105000,3106000,1.0,server_sent
fd00::212:12:12:12,3115,3115000,3116000,1.0,server_sent
fd00::212:12:12:12,3145,3145000,3146000,3.0,server_sent
fd00::212:12:12:12,3256,3256000,3257000,11.0,server_sent
fd00::213:13:13:13,75,75000,76000,0.0,server_sent
fd00::213:13:13:13,86,86000,87000,1.0,server_sent
fd00::213:13:13:13,96,96000,97000,1.0,server_sent
fd00::213:13:13:13,107,107000,108000,1.0,server_sent
fd00::213:13:13:13,481,481000,482000,38.0,server_sent
fd00::213:13:13:13,492,492000,493000,1.0,server_sent
fd00::213:13:13:13,503,503000,504000,1.0,server_sent
fd00::213:13:13:13,513,513000,514000,1.0,server_sent
fd00::213:13:13:13,524,524000,525000,1.0,server_sent
fd00::213:13:13:13,535,535000,536000,1.0,server_sent
fd00::213:13:13:13,1134,1134000,1135000,60.0,server_sent
fd00::213:13:13:13,1145,1145000,1146000,1.0,server_sent
fd00::213:13:13:13,1155,1155000,1156000,1.0,server_sent
fd00::213:13:13:13,1166,1166000,1167000,1.0,server_sent
fd00::213:13:13:13,1177,1177000,1178000,1.0,server_sent
fd00::213:13:13:13,1572,1572000,1573000,40.0,server_sent
fd00::213:13:13:13,1583,1583000,1584000,1.0,server_sent
fd00::213:13:13:13,1594,1594000,1595000,1.0,server_sent
fd00::213:13:13:13,1605,1605000,1606000,1.0,server_sent
fd00::213:13:13:13,2000,2000000,2001000,40.0,server_sent
fd00::213:13:13:13,2011,2011000,2012000,1.0,server_sent
fd00::213:13:13:13,2022,2022000,2023000,1.0,server_sent
fd00::213:13:13:13,2032,2032000,2033000,1.0,server_sent
fd00::213:13:13:13,2514,2514000,2515000,48.0,server_sent
fd00::213:13:13:13,2524,2524000,2525000,1.0,server_sent
fd00::213:13:13:13,2535,2535000,2536000,1.0,server_sent
fd00::213:13:13:13,2546,2546000,2547000,1.0,server_sent
fd00::213:13:13:13,2557,2557000,2558000,1.0,server_sent
fd00::213:13:13:13,2567,2567000,2568000,1.0,server_sent
fd00::213:13:13:13,2963,2963000,2964000,40.0,server_sent
fd00::213:13:13:13,2974,2974000,2975000,1.0,server_sent
fd00::213:13:13:13,2984,2984000,2985000,1.0,server_sent
fd00::213:13:13:13,2995,2995000,2996000,1.0,server_sent
fd00::213:13:13:13,3583,3583000,3584000,59.0,server_sent
fd00::213:13:13:13,3594,3594000,3595000,1.0,server_sent
fd00::202:2:2:2,20,20000,21000,0.0,server_received
fd00::202:2:2:2,31,31000,32000,1.0,server_received
fd00::202:2:2:2,41,41000,42000,1.0,server_received
fd00::202:2:2:2,52,52000,53000,1.0,server_received
fd00::202:2:2:2,62,62000,63000,1.0,server_received
fd00::202:2:2:2,72,72000,73000,1.0,server_received
fd00::202:2:2:2,83,83000,84000,1.0,server_received
fd00::202:2:2:2,93,93000,94000,1.0,server_received
fd00::202:2:2:2,104,104000,105000,1.0,server_received
fd00::202:2:2:2,114,114000,115000,1.0,server_received
fd00::202:2:2:2,125,125000,126000,1.0,server_received
fd00::202:2:2:2,135,135000,136000,1.0,server_received
fd00::202:2:2:2,145,145000,146000,1.0,server_received
fd00::202:2:2:2,156,156000,157000,1.0,server_received
fd00::202:2:2:2,166,166000,167000,1.0,server_received
fd00::202:2:2:2,177,177000,178000,1.0,server_received
fd00::202:2:2:2,187,187000,188000,1.0,server_received
fd00::202:2:2:2,198,198000,199000,1.0,server_received
fd00::202:2:2:2,208,208000,209000,1.0,server_received
fd00::202:2:2:2,218,218000,219000,1.0,server_received
fd00::202:2:2:2,229,229000,230000,1.0,server_received
fd00::202:2:2:2,239,239000,240000,1.0,server_received
fd00::202:2:2:2,250,250000,251000,1.0,server_received
fd00::202:2:2:2,260,260000,261000,1.0,server_received
fd00::202:2:2:2,271,271000,272000,1.0,server_received
fd00::202:2:2:2,281,281000,282000,1.0,server_received
fd00::202:2:2:2,292,292000,293000,1.0,server_received
fd00::202:2:2:2,302,302000,303000,1.0,server_received
fd00::202:2:2:2,312,312000,313000,1.0,server_received
fd00::202:2:2:2,323,323000,324000,1.0,server_received
fd00::202:2:2:2,333,333000,334000,1.0,server_received
fd00::202:2:2:2,344,344000,345000,1.0,server_received
fd00::202:2:2:2,354,354000,355000,1.0,server_received
fd00::202:2:2:2,365,365000,366000,1.0,server_received
fd00::202:2:2:2,375,375000,376000,1.0,server_received
fd00::202:2:2:2,385,385000,386000,1.0,server_received
fd00::202:2:2:2,396,396000,397000,1.0,server_received
fd00::202:2:2:2,406,406000,407000,1.0,server_received
fd00::202:2:2:2,417,417000,418000,1.0,server_received
fd00::202:2:2:2,427,427000,428000,1.0,server_received
fd00::202:2:2:2,438,438000,439000,1.0,server_received
fd00::202:2:2:2,448,448000,449000,1.0,server_received
fd00::202:2:2:2,458,458000,459000,1.0,server_received
fd00::202:2:2:2,469,469000,470000,1.0,server_received
fd00::202:2:2:2,479,479000,480000,1.0,server_received
fd00::202:2:2:2,490,490000,491000,1.0,server_received
fd00::202:2:2:2,500,500000,501000,1.0,server_received
fd00::202:2:2:2,511,511000,512000,1.0,server_received
fd00::202:2:2:2,521,521000,522000,1.0,server_received
fd00::202:2:2:2,531,531000,532000,1.0,server_received
fd00::202:2:2:2,542,542000,543000,1.0,server_received
fd00::202:2:2:2,552,552000,553000,1.0,server_received
fd00::202:2:2:2,563,563000,564000,1.0,server_received
fd00::202:2:2:2,573,573000,574000,1.0,server_received
fd00::202:2:2:2,584,584000,585000,1.0,server_received
fd00::202:2:2:2,594,594000,595000,1.0,server_received
fd00::202:2:2:2,605,605000,606000,1.0,server_received
fd00::202:2:2:2,615,615000,616000,1.0,server_received
fd00::202:2:2:2,625,625000,626000,1.0,server_received
fd00::202:2:2:2,636,636000,637000,1.0,server_received
fd00::202:2:2:2,646,646000,647000,1.0,server_received
fd00::202:2:2:2,657,657000,658000,1.0,server_received
fd00::202:2:2:2,667,667000,668000,1.0,server_received
fd00::202:2:2:2,678,678000,679000,1.0,server_received
fd00::202:2:2:2,688,688000,689000,1.0,server_received
fd00::202:2:2:2,698,698000,699000,1.0,server_received
fd00::202:2:2:2,709,709000,710000,1.0,server_received
fd00::202:2:2:2,719,719000,720000,1.0,server_received
fd00::202:2:2:2,730,730000,731000,1.0,server_received
fd00::202:2:2:2,740,740000,741000,1.0,server_received
fd00::202:2:2:2,751,751000,752000,1.0,server_received
fd00::202:2:2:2,761,761000,762000,1.0,server_received
fd00::202:2:2:2,771,771000,772000,1.0,server_received
fd00::202:2:2:2,782,782000,783000,1.0,server_received
fd00::202:2:2:2,792,792000,793000,1.0,server_received
fd00::202:2:2:2,803,803000,804000,1.0,server_received
fd00::202:2:2:2,813,813000,814000,1.0,server_received
fd00::202:2:2:2,824,824000,825000,1.0,server_received
fd00::202:2:2:2,834,834000,835000,1.0,server_received
fd00::202:2:2:2,844,844000,845000,1.0,server_received
fd00::202:2:2:2,855,855000,856000,1.0,server_received
fd00::202:2:2:2,865,865000,866000,1.0,server_received
fd00::202:2:2:2,876,876000,877000,1.0,server_received
fd00::202:2:2:2,886,886000,887000,1.0,server_received
fd00::202:2:2:2,897,897000,898000,1.0,server_received
fd00::202:2:2:2,907,907000,908000,1.0,server_received
fd00::202:2:2:2,917,917000,918000,1.0,server_received
fd00::202:2:2:2,928,928000,929000,1.0,server_received
fd00::202:2:2:2,938,938000,939000,1.0,server_received
fd00::202:2:2:2,949,949000,950000,1.0,server_received
fd00::202:2:2:2,959,959000,960000,1.0,server_received
fd00::202:2:2:2,970,970000,971000,1.0,server_received
fd00::202:2:2:2,980,980000,981000,1.0,server_received
fd00::202:2:2:2,990,990000,991000,1.0,server_received
fd00::202:2:2:2,1001,1001000,1002000,1.0,server_received
fd00::202:2:2:2,1011,1011000,1012000,1.0,server_received
fd00::202:2:2:2,1022,1022000,1023000,1.0,server_received
fd00::202:2:2:2,1032,1032000,1033000,1.0,server_received
fd00::202:2:2:2,1043,1043000,1044000,1.0,server_received
fd00::202:2:2:2,1053,1053000,1054000,1.0,server_received
fd00::202:2:2:2,1064,1064000,1065000,1.0,server_received
fd00::202:2:2:2,1074,1074000,1075000,1.0,server_received
fd00::202:2:2:2,1084,1084000,1085000,1.0,server_received
fd00::202:2:2:2,1095,1095000,1096000,1.0,server_received
fd00::202:2:2:2,1105,1105000,1106000,1.0,server_received
fd00::202:2:2:2,1116,1116000,1117000,1.0,server_received
fd00::202:2:2:2,1126,1126000,1127000,1.0,server_received
fd00::202:2:2:2,1137,1137000,1138000,1.0,server_received
fd00::202:2:2:2,1147,1147000,1148000,1.0,server_received
fd00::202:2:2:2,1157,1157000,1158000,1.0,server_received
fd00::202:2:2:2,1168,1168000,1169000,1.0,server_received
fd00::202:2:2:2,1178,1178000,1179000,1.0,server_received
fd00::202:2:2:2,1189,1189000,1190000,1.0,server_received
fd00::202:2:2:2,1199,1199000,1200000,1.0,server_received
fd00::202:2:2:2,1210,1210000,1211000,1.0,server_received
fd00::202:2:2:2,1220,1220000,1221000,1.0,server_received
fd00::202:2:2:2,1230,1230000,1231000,1.0,server_received
fd00::202:2:2:2,1241,1241000,1242000,1.0,server_received
fd00::202:2:2:2,1251,1251000,1252000,1.0,server_received
fd00::202:2:2:2,1262,1262000,1263000,1.0,server_received
fd00::202:2:2:2,1272,1272000,1273000,1.0,server_received
fd00::202:2:2:2,1283,1283000,1284000,1.0,server_received
fd00::202:2:2:2,1293,1293000,1294000,1.0,server_received
fd00::202:2:2:2,1304,1304000,1305000,1.0,server_received
fd00::202:2:2:2,1314,1314000,1315000,1.0,server_received
fd00::202:2:2:2,1324,1324000,1325000,1.0,server_received
fd00::202:2:2:2,1335,1335000,1336000,1.0,server_received
fd00::202:2:2:2,1345,1345000,1346000,1.0,server_received
fd00::202:2:2:2,1356,1356000,1357000,1.0,server_received
fd00::202:2:2:2,1366,1366000,1367000,1.0,server_received
fd00::202:2:2:2,1377,1377000,1378000,1.0,server_received
fd00::202:2:2:2,1387,1387000,1388000,1.0,server_received
fd00::202:2:2:2,1397,1397000,1398000,1.0,server_received
fd00::202:2:2:2,1408,1408000,1409000,1.0,server_received
fd00::202:2:2:2,1418,1418000,1419000,1.0,server_received
fd00::202:2:2:2,1429,1429000,1430000,1.0,server_received
fd00::202:2:2:2,1439,1439000,1440000,1.0,server_received
fd00::202:2:2:2,1450,1450000,1451000,1.0,server_received
fd00::202:2:2:2,1460,1460000,1461000,1.0,server_received
fd00::202:2:2:2,1470,1470000,1471000,1.0,server_received
fd00::202:2:2:2,1481,1481000,1482000,1.0,server_received
fd00::202:2:2:2,1491,1491000,1492000,1.0,server_received
fd00::202:2:2:2,1502,1502000,1503000,1.0,server_received
fd00::202:2:2:2,1512,1512000,1513000,1.0,server_received
fd00::202:2:2:2,1523,1523000,1524000,1.0,server_received
fd00::202:2:2:2,1533,1533000,1534000,1.0,server_received
fd00::202:2:2:2,1543,1543000,1544000,1.0,server_received
fd00::202:2:2:2,1554,1554000,1555000,1.0,server_received
fd00::202:2:2:2,1564,1564000,1565000,1.0,server_received
fd00::202:2:2:2,1575,1575000,1576000,1.0,server_received
fd00::202:2:2:2,1585,1585000,1586000,1.0,server_received
fd00::202:2:2:2,1596,1596000,1597000,1.0,server_received
fd00::202:2:2:2,1606,1606000,1607000,1.0,server_received
fd00::202:2:2:2,1616,1616000,1617000,1.0,server_received
fd00::202:2:2:2,1627,1627000,1628000,1.0,server_received
fd00::202:2:2:2,1637,1637000,1638000,1.0,server_received
fd00::202:2:2:2,1648,1648000,1649000,1.0,server_received
fd00::202:2:2:2,1658,1658000,1659000,1.0,server_received
fd00::202:2:2:2,1669,1669000,1670000,1.0,server_received
fd00::202:2:2:2,1679,1679000,1680000,1.0,server_received
fd00::202:2:2:2,1690,1690000,1691000,1.0,server_received
fd00::202:2:2:2,1700,1700000,1701000,1.0,server_received
fd00::202:2:2:2,1710,1710000,1711000,1.0,server_received
fd00::202:2:2:2,1721,1721000,1722000,1.0,server_received
fd00::202:2:2:2,1731,1731000,1732000,1.0,server_received
fd00::202:2:2:2,1742,1742000,1743000,1.0,server_received
fd00::202:2:2:2,1752,1752000,1753000,1.0,server_received
fd00::202:2:2:2,1763,1763000,1764000,1.0,server_received
fd00::202:2:2:2,1773,1773000,1774000,1.0,server_received
fd00::202:2:2:2,1783,1783000,1784000,1.0,server_received
fd00::202:2:2:2,1794,1794000,1795000,1.0,server_received
fd00::202:2:2:2,1804,1804000,1805000,1.0,server_received
fd00::202:2:2:2,1815,1815000,1816000,1.0,server_received
fd00::202:2:2:2,1825,1825000,1826000,1.0,server_received
fd00::202:2:2:2,1836,1836000,1837000,1.0,server_received
fd00::202:2:2:2,1846,1846000,1847000,1.0,server_received
fd00::202:2:2:2,1856,1856000,1857000,1.0,server_received
fd00::202:2:2:2,1867,1867000,1868000,1.0,server_received
fd00::202:2:2:2,1877,1877000,1878000,1.0,server_received
fd00::202:2:2:2,1888,1888000,1889000,1.0,server_received
fd00::202:2:2:2,1898,1898000,1899000,1.0,server_received
fd00::202:2:2:2,1909,1909000,1910000,1.0,server_received
fd00::202:2:2:2,1919,1919000,1920000,1.0,server_received
fd00::202:2:2:2,1930,1930000,1931000,1.0,server_received
fd00::202:2:2:2,1940,1940000,1941000,1.0,server_received
fd00::202:2:2:2,1950,1950000,1951000,1.0,server_received
fd00::202:2:2:2,1961,1961000,1962000,1.0,server_received
fd00::202:2:2:2,1971,1971000,1972000,1.0,server_received
fd00::202:2:2:2,1982,1982000,1983000,1.0,server_received
fd00::202:2:2:2,1992,1992000,1993000,1.0,server_received
fd00::202:2:2:2,2003,2003000,2004000,1.0,server_received
fd00::202:2:2:2,2013,2013000,2014000,1.0,server_received
fd00::202:2:2:2,2023,2023000,2024000,1.0,server_received
fd00::202:2:2:2,2034,2034000,2035000,1.0,server_received
fd00::202:2:2:2,2044,2044000,2045000,1.0,server_received
fd00::202:2:2:2,2055,2055000,2056000,1.0,server_received
fd00::202:2:2:2,2065,2065000,2066000,1.0,server_received
fd00::202:2:2:2,2076,2076000,2077000,1.0,server_received
fd00::202:2:2:2,2086,2086000,2087000,1.0,server_received
fd00::202:2:2:2,2096,2096000,2097000,1.0,server_received
fd00::202:2:2:2,2107,2107000,2108000,1.0,server_received
fd00::202:2:2:2,2117,2117000,2118000,1.0,server_received
fd00::202:2:2:2,2128,2128000,2129000,1.0,server_received
fd00::202:2:2:2,2138,2138000,2139000,1.0,server_received
fd00::202:2:2:2,2149,2149000,2150000,1.0,server_received
fd00::202:2:2:2,2159,2159000,2160000,1.0,server_received
fd00::202:2:2:2,2169,2169000,2170000,1.0,server_received
fd00::202:2:2:2,2180,2180000,2181000,1.0,server_received
fd00::202:2:2:2,2190,2190000,2191000,1.0,server_received
fd00::202:2:2:2,2201,2201000,2202000,1.0,server_received
fd00::202:2:2:2,2211,2211000,2212000,1.0,server_received
fd00::202:2:2:2,2222,2222000,2223000,1.0,server_received
fd00::202:2:2:2,2232,2232000,2233000,1.0,server_received
fd00::202:2:2:2,2242,2242000,2243000,1.0,server_received
fd00::202:2:2:2,2253,2253000,2254000,1.0,server_received
fd00::202:2:2:2,2263,2263000,2264000,1.0,server_received
fd00::202:2:2:2,2274,2274000,2275000,1.0,server_received
fd00::202:2:2:2,2284,2284000,2285000,1.0,server_received
fd00::202:2:2:2,2295,2295000,2296000,1.0,server_received
fd00::202:2:2:2,2305,2305000,2306000,1.0,server_received
fd00::202:2:2:2,2316,2316000,2317000,1.0,server_received
fd00::202:2:2:2,2326,2326000,2327000,1.0,server_received
fd00::202:2:2:2,2336,2336000,2337000,1.0,server_received
fd00::202:2:2:2,2347,2347000,2348000,1.0,server_received
fd00::202:2:2:2,2357,2357000,2358000,1.0,server_received
fd00::202:2:2:2,2368,2368000,2369000,1.0,server_received
fd00::202:2:2:2,2378,2378000,2379000,1.0,server_received
fd00::202:2:2:2,2389,2389000,2390000,1.0,server_received
fd00::202:2:2:2,2399,2399000,2400000,1.0,server_received
fd00::202:2:2:2,2409,2409000,2410000,1.0,server_received
fd00::202:2:2:2,2420,2420000,2421000,1.0,server_received
fd00::202:2:2:2,2430,2430000,2431000,1.0,server_received
fd00::202:2:2:2,2441,2441000,2442000,1.0,server_received
fd00::202:2:2:2,2451,2451000,2452000,1.0,server_received
fd00::202:2:2:2,2462,2462000,2463000,1.0,server_received
fd00::202:2:2:2,2472,2472000,2473000,1.0,server_received
fd00::202:2:2:2,2482,2482000,2483000,1.0,server_received
fd00::202:2:2:2,2493,2493000,2494000,1.0,server_received
fd00::202:2:2:2,2503,2503000,2504000,1.0,server_received
fd00::202:2:2:2,2514,2514000,2515000,1.0,server_received
fd00::202:2:2:2,2524,2524000,2525000,1.0,server_received
fd00::202:2:2:2,2535,2535000,2536000,1.0,server_received
fd00::202:2:2:2,2545,2545000,2546000,1.0,server_received
fd00::202:2:2:2,2555,2555000,2556000,1.0,server_received
fd00::202:2:2:2,2566,2566000,2567000,1.0,server_received
fd00::202:2:2:2,2576,2576000,2577000,1.0,server_received
fd00::202:2:2:2,2587,2587000,2588000,1.0,server_received
fd00::202:2:2:2,2597,2597000,2598000,1.0,server_received
fd00::202:2:2:2,2608,2608000,2609000,1.0,server_received
fd00::202:2:2:2,2618,2618000,2619000,1.0,server_received
fd00::202:2:2:2,2629,2629000,2630000,1.0,server_received
fd00::202:2:2:2,2639,2639000,2640000,1.0,server_received
fd00::202:2:2:2,2649,2649000,2650000,1.0,server_received
fd00::202:2:2:2,2660,2660000,2661000,1.0,server_received
fd00::202:2:2:2,2670,2670000,2671000,1.0,server_received
fd00::202:2:2:2,2681,2681000,2682000,1.0,server_received
fd00::202:2:2:2,2691,2691000,2692000,1.0,server_received
fd00::202:2:2:2,2702,2702000,2703000,1.0,server_received
fd00::202:2:2:2,2712,2712000,2713000,1.0,server_received
fd00::202:2:2:2,2722,2722000,2723000,1.0,server_received
fd00::202:2:2:2,2733,2733000,2734000,1.0,server_received
fd00::202:2:2:2,2743,2743000,2744000,1.0,server_received
fd00::202:2:2:2,2754,2754000,2755000,1.0,server_received
fd00::202:2:2:2,2764,2764000,2765000,1.0,server_received
fd00::202:2:2:2,2775,2775000,2776000,1.0,server_received
fd00::202:2:2:2,2785,2785000,2786000,1.0,server_received
fd00::202:2:2:2,2795,2795000,2796000,1.0,server_received
fd00::202:2:2:2,2806,2806000,2807000,1.0,server_received
fd00::202:2:2:2,2816,2816000,2817000,1.0,server_received
fd00::202:2:2:2,2827,2827000,2828000,1.0,server_received
fd00::202:2:2:2,2837,2837000,2838000,1.0,server_received
fd00::202:2:2:2,2848,2848000,2849000,1.0,server_received
fd00::202:2:2:2,2858,2858000,2859000,1.0,server_received
fd00::202:2:2:2,2868,2868000,2869000,1.0,server_received
fd00::202:2:2:2,2879,2879000,2880000,1.0,server_received
fd00::202:2:2:2,2889,2889000,2890000,1.0,server_received
fd00::202:2:2:2,2900,2900000,2901000,1.0,server_received
fd00::202:2:2:2,2910,2910000,2911000,1.0,server_received
fd00::202:2:2:2,2921,2921000,2922000,1.0,server_received
fd00::202:2:2:2,2931,2931000,2932000,1.0,server_received
fd00::202:2:2:2,2942,2942000,2943000,1.0,server_received
fd00::202:2:2:2,2952,2952000,2953000,1.0,server_received
fd00::202:2:2:2,2962,2962000,2963000,1.0,server_received
fd00::202:2:2:2,2973,2973000,2974000,1.0,server_received
fd00::202:2:2:2,2983,2983000,2984000,1.0,server_received
fd00::202:2:2:2,2994,2994000,2995000,1.0,server_received
fd00::202:2:2:2,3004,3004000,3005000,1.0,server_received
fd00::202:2:2:2,3015,3015000,3016000,1.0,server_received
fd00::202:2:2:2,3025,3025000,3026000,1.0,server_received
fd00::202:2:2:2,3035,3035000,3036000,1.0,server_received
fd00::202:2:2:2,3046,3046000,3047000,1.0,server_received
fd00::202:2:2:2,3056,3056000,3057000,1.0,server_received
fd00::202:2:2:2,3067,3067000,3068000,1.0,server_received
fd00::202:2:2:2,3077,3077000,3078000,1.0,server_received
fd00::202:2:2:2,3088,3088000,3089000,1.0,server_received
fd00::202:2:2:2,3098,3098000,3099000,1.0,server_received
fd00::202:2:2:2,3108,3108000,3109000,1.0,server_received
fd00::202:2:2:2,3119,3119000,3120000,1.0,server_received
fd00::202:2:2:2,3129,3129000,3130000,1.0,server_received
fd00::202:2:2:2,3140,3140000,3141000,1.0,server_received
fd00::202:2:2:2,3150,3150000,3151000,1.0,server_received
fd00::202:2:2:2,3161,3161000,3162000,1.0,server_received
fd00::202:2:2:2,3171,3171000,3172000,1.0,server_received
fd00::202:2:2:2,3181,3181000,3182000,1.0,server_received
fd00::202:2:2:2,3192,3192000,3193000,1.0,server_received
fd00::202:2:2:2,3202,3202000,3203000,1.0,server_received
fd00::202:2:2:2,3213,3213000,3214000,1.0,server_received
fd00::202:2:2:2,3223,3223000,3224000,1.0,server_received
fd00::202:2:2:2,3234,3234000,3235000,1.0,server_received
fd00::202:2:2:2,3244,3244000,3245000,1.0,server_received
fd00::202:2:2:2,3254,3254000,3255000,1.0,server_received
fd00::202:2:2:2,3265,3265000,3266000,1.0,server_received
fd00::202:2:2:2,3275,3275000,3276000,1.0,server_received
fd00::202:2:2:2,3286,3286000,3287000,1.0,server_received
fd00::202:2:2:2,3296,3296000,3297000,1.0,server_received
fd00::202:2:2:2,3307,3307000,3308000,1.0,server_received
fd00::202:2:2:2,3317,3317000,3318000,1.0,server_received
fd00::202:2:2:2,3328,3328000,3329000,1.0,server_received
fd00::202:2:2:2,3338,3338000,3339000,1.0,server_received
fd00::202:2:2:2,3348,3348000,3349000,1.0,server_received
fd00::202:2:2:2,3359,3359000,3360000,1.0,server_received
fd00::202:2:2:2,3369,3369000,3370000,1.0,server_received
fd00::202:2:2:2,3380,3380000,3381000,1.0,server_received
fd00::202:2:2:2,3390,3390000,3391000,1.0,server_received
fd00::202:2:2:2,3401,3401000,3402000,1.0,server_received
fd00::202:2:2:2,3411,3411000,3412000,1.0,server_received
fd00::202:2:2:2,3421,3421000,3422000,1.0,server_received
fd00::202:2:2:2,3432,3432000,3433000,1.0,server_received
fd00::202:2:2:2,3442,3442000,3443000,1.0,server_received
fd00::202:2:2:2,3453,3453000,3454000,1.0,server_received
fd00::202:2:2:2,3463,3463000,3464000,1.0,server_received
fd00::202:2:2:2,3474,3474000,3475000,1.0,server_received
fd00::202:2:2:2,3484,3484000,3485000,1.0,server_received
fd00::202:2:2:2,3494,3494000,3495000,1.0,server_received
fd00::202:2:2:2,3505,3505000,3506000,1.0,server_received
fd00::202:2:2:2,3515,3515000,3516000,1.0,server_received
fd00::202:2:2:2,3526,3526000,3527000,1.0,server_received
fd00::202:2:2:2,3536,3536000,3537000,1.0,server_received
fd00::202:2:2:2,3547,3547000,3548000,1.0,server_received
fd00::202:2:2:2,3557,3557000,3558000,1.0,server_received
fd00::202:2:2:2,3567,3567000,3568000,1.0,server_received
fd00::202:2:2:2,3578,3578000,3579000,1.0,server_received
fd00::202:2:2:2,3588,3588000,3589000,1.0,server_received
fd00::202:2:2:2,3599,3599000,3600000,1.0,server_received
fd00::203:3:3:3,33,33000,34000,0.0,server_received
fd00::203:3:3:3,44,44000,45000,1.0,server_received
fd00::203:3:3:3,55,55000,56000,1.0,server_received
fd00::203:3:3:3,66,66000,67000,1.0,server_received
fd00::203:3:3:3,77,77000,78000,1.0,server_received
fd00::203:3:3:3,88,88000,89000,1.0,server_received
fd00::203:3:3:3,99,99000,100000,1.0,server_received
fd00::203:3:3:3,110,110000,111000,1.0,server_received
fd00::203:3:3:3,121,121000,122000,1.0,server_received
fd00::203:3:3:3,132,132000,133000,1.0,server_received
fd00::203:3:3:3,142,142000,143000,1.0,server_received
fd00::203:3:3:3,153,153000,154000,1.0,server_received
fd00::203:3:3:3,164,164000,165000,1.0,server_received
fd00::203:3:3:3,175,175000,176000,1.0,server_received
fd00::203:3:3:3,186,186000,187000,1.0,server_received
fd00::203:3:3:3,197,197000,198000,1.0,server_received
fd00::203:3:3:3,208,208000,209000,1.0,server_received
fd00::203:3:3:3,219,219000,220000,1.0,server_received
fd00::203:3:3:3,230,230000,231000,1.0,server_received
fd00::203:3:3:3,241,241000,242000,1.0,server_received
fd00::203:3:3:3,252,252000,253000,1.0,server_received
fd00::203:3:3:3,263,263000,264000,1.0,server_received
fd00::203:3:3:3,274,274000,275000,1.0,server_received
fd00::203:3:3:3,285,285000,286000,1.0,server_received
fd00::203:3:3:3,296,296000,297000,1.0,server_received
fd00::203:3:3:3,307,307000,308000,1.0,server_received
fd00::203:3:3:3,318,318000,319000,1.0,server_received
fd00::203:3:3:3,329,329000,330000,1.0,server_received
fd00::203:3:3:3,340,340000,341000,1.0,server_received
fd00::203:3:3:3,351,351000,352000,1.0,server_received
fd00::203:3:3:3,362,362000,363000,1.0,server_received
fd00::203:3:3:3,373,373000,374000,1.0,server_received
fd00::203:3:3:3,383,383000,384000,1.0,server_received
fd00::203:3:3:3,394,394000,395000,1.0,server_received
fd00::203:3:3:3,405,405000,406000,1.0,server_received
fd00::203:3:3:3,416,416000,417000,1.0,server_received
fd00::203:3:3:3,427,427000,428000,1.0,server_received
fd00::203:3:3:3,438,438000,439000,1.0,server_received
fd00::203:3:3:3,449,449000,450000,1.0,server_received
fd00::203:3:3:3,460,460000,461000,1.0,server_received
fd00::203:3:3:3,471,471000,472000,1.0,server_received
fd00::203:3:3:3,482,482000,483000,1.0,server_received
fd00::203:3:3:3,493,493000,494000,1.0,server_received
fd00::203:3:3:3,504,504000,505000,1.0,server_received
fd00::203:3:3:3,515,515000,516000,1.0,server_received
fd00::203:3:3:3,526,526000,527000,1.0,server_received
fd00::203:3:3:3,537,537000,538000,1.0,server_received
fd00::203:3:3:3,548,548000,549000,1.0,server_received
fd00::203:3:3:3,559,559000,560000,1.0,server_received
fd00::203:3:3:3,570,570000,571000,1.0,server_received
fd00::203:3:3:3,581,581000,582000,1.0,server_received
fd00::203:3:3:3,592,592000,593000,1.0,server_received
fd00::203:3:3:3,603,603000,604000,1.0,server_received
fd00::203:3:3:3,613,613000,614000,1.0,server_received
fd00::203:3:3:3,624,624000,625000,1.0,server_received
fd00::203:3:3:3,635,635000,636000,1.0,server_received
fd00::203:3:3:3,646,646000,647000,1.0,server_received
fd00::203:3:3:3,657,657000,658000,1.0,server_received
fd00::203:3:3:3,668,668000,669000,1.0,server_received
fd00::203:3:3:3,679,679000,680000,1.0,server_received
fd00::203:3:3:3,690,690000,691000,1.0,server_received
fd00::203:3:3:3,701,701000,702000,1.0,server_received
fd00::203:3:3:3,712,712000,713000,1.0,server_received
fd00::203:3:3:3,723,723000,724000,1.0,server_received
fd00::203:3:3:3,734,734000,735000,1.0,server_received
fd00::203:3:3:3,745,745000,746000,1.0,server_received
fd00::203:3:3:3,756,756000,757000,1.0,server_received
fd00::203:3:3:3,767,767000,768000,1.0,server_received
fd00::203:3:3:3,778,778000,779000,1.0,server_received
fd00::203:3:3:3,789,789000,790000,1.0,server_received
fd00::203:3:3:3,800,800000,801000,1.0,server_received
fd00::203:3:3:3,811,811000,812000,1.0,server_received
fd00::203:3:3:3,822,822000,823000,1.0,server_received
fd00::203:3:3:3,833,833000,834000,1.0,server_received
fd00::203:3:3:3,844,844000,845000,1.0,server_received
fd00::203:3:3:3,854,854000,855000,1.0,server_received
fd00::203:3:3:3,865,865000,866000,1.0,server_received
fd00::203:3:3:3,876,876000,877000,1.0,server_received
fd00::203:3:3:3,887,887000,888000,1.0,server_received
fd00::203:3:3:3,898,898000,899000,1.0,server_received
fd00::203:3:3:3,909,909000,910000,1.0,server_received
fd00::203:3:3:3,920,920000,921000,1.0,server_received
fd00::203:3:3:3,931,931000,932000,1.0,server_received
fd00::203:3:3:3,942,942000,943000,1.0,server_received
fd00::203:3:3:3,953,953000,954000,1.0,server_received
fd00::203:3:3:3,964,964000,965000,1.0,server_received
fd00::203:3:3:3,975,975000,976000,1.0,server_received
fd00::203:3:3:3,986,986000,987000,1.0,server_received
fd00::203:3:3:3,997,997000,998000,1.0,server_received
fd00::203:3:3:3,1008,1008000,1009000,1.0,server_received
fd00::203:3:3:3,1019,1019000,1020000,1.0,server_received
fd00::203:3:3:3,1030,1030000,1031000,1.0,server_received
fd00::203:3:3:3,1041,1041000,1042000,1.0,server_received
fd00::203:3:3:3,1052,1052000,1053000,1.0,server_received
fd00::203:3:3:3,1063,1063000,1064000,1.0,server_received
fd00::203:3:3:3,1074,1074000,1075000,1.0,server_received
fd00::203:3:3:3,1085,1085000,1086000,1.0,server_received
fd00::203:3:3:3,1095,1095000,1096000,1.0,server_received
fd00::203:3:3:3,1106,1106000,1107000,1.0,server_received
fd00::203:3:3:3,1117,1117000,1118000,1.0,server_received
fd00::203:3:3:3,1128,1128000,1129000,1.0,server_received
fd00::203:3:3:3,1139,1139000,1140000,1.0,server_received
fd00::203:3:3:3,1150,1150000,1151000,1.0,server_received
fd00::203:3:3:3,1161,1161000,1162000,1.0,server_received
fd00::203:3:3:3,1172,1172000,1173000,1.0,server_received
fd00::203:3:3:3,1183,1183000,1184000,1.0,server_received
fd00::203:3:3:3,1194,1194000,1195000,1.0,server_received
fd00::203:3:3:3,1205,1205000,1206000,1.0,server_received
fd00::203:3:3:3,1216,1216000,1217000,1.0,server_received
fd00::203:3:3:3,1227,1227000,1228000,1.0,server_received
fd00::203:3:3:3,1238,1238000,1239000,1.0,server_received
fd00::203:3:3:3,1249,1249000,1250000,1.0,server_received
fd00::203:3:3:3,1260,1260000,1261000,1.0,server_received
fd00::203:3:3:3,1271,1271000,1272000,1.0,server_received
fd00::203:3:3:3,1282,1282000,1283000,1.0,server_received
fd00::203:3:3:3,1293,1293000,1294000,1.0,server_received
fd00::203:3:3:3,1304,1304000,1305000,1.0,server_received
fd00::203:3:3:3,1315,1315000,1316000,1.0,server_received
fd00::203:3:3:3,1325,1325000,1326000,1.0,server_received
fd00::203:3:3:3,1336,1336000,1337000,1.0,server_received
fd00::203:3:3:3,1347,1347000,1348000,1.0,server_received
fd00::203:3:3:3,1358,1358000,1359000,1.0,server_received
fd00::203:3:3:3,1369,1369000,1370000,1.0,server_received
fd00::203:3:3:3,1380,1380000,1381000,1.0,server_received
fd00::203:3:3:3,1391,1391000,1392000,1.0,server_received
fd00::203:3:3:3,1402,1402000,1403000,1.0,server_received
fd00::203:3:3:3,1413,1413000,1414000,1.0,server_received
fd00::203:3:3:3,1424,1424000,1425000,1.0,server_received
fd00::203:3:3:3,1435,1435000,1436000,1.0,server_received
fd00::203:3:3:3,1446,1446000,1447000,1.0,server_received
fd00::203:3:3:3,1457,1457000,1458000,1.0,server_received
fd00::203:3:3:3,1468,1468000,1469000,1.0,server_received
fd00::203:3:3:3,1479,1479000,1480000,1.0,server_received
fd00::203:3:3:3,1490,1490000,1491000,1.0,server_received
fd00::203:3:3:3,1501,1501000,1502000,1.0,server_received
fd00::203:3:3:3,1512,1512000,1513000,1.0,server_received
fd00::203:3:3:3,1523,1523000,1524000,1.0,server_received
fd00::203:3:3:3,1534,1534000,1535000,1.0,server_received
fd00::203:3:3:3,1545,1545000,1546000,1.0,server_received
fd00::203:3:3:3,1556,1556000,1557000,1.0,server_received
fd00::203:3:3:3,1566,1566000,1567000,1.0,server_received
fd00::203:3:3:3,1577,1577000,1578000,1.0,server_received
fd00::203:3:3:3,1588,1588000,1589000,1.0,server_received
fd00::203:3:3:3,1599,1599000,1600000,1.0,server_received
fd00::203:3:3:3,1610,1610000,1611000,1.0,server_received
fd00::203:3:3:3,1621,1621000,1622000,1.0,server_received
fd00::203:3:3:3,1632,1632000,1633000,1.0,server_received
fd00::203:3:3:3,1643,1643000,1644000,1.0,server_received
fd00::203:3:3:3,1654,1654000,1655000,1.0,server_received
fd00::203:3:3:3,1665,1665000,1666000,1.0,server_received
fd00::203:3:3:3,1676,1676000,1677000,1.0,server_received
fd00::203:3:3:3,1687,1687000,1688000,1.0,server_received
fd00::203:3:3:3,1698,1698000,1699000,1.0,server_received
fd00::203:3:3:3,1709,1709000,1710000,1.0,server_received
fd00::203:3:3:3,1720,1720000,1721000,1.0,server_received
fd00::203:3:3:3,1731,1731000,1732000,1.0,server_received
fd00::203:3:3:3,1742,1742000,1743000,1.0,server_received
fd00::203:3:3:3,1753,1753000,1754000,1.0,server_received
fd00::203:3:3:3,1764,1764000,1765000,1.0,server_received
fd00::203:3:3:3,1775,1775000,1776000,1.0,server_received
fd00::203:3:3:3,1786,1786000,1787000,1.0,server_received
fd00::203:3:3:3,1797,1797000,1798000,1.0,server_received
fd00::203:3:3:3,1807,1807000,1808000,1.0,server_received
fd00::203:3:3:3,1818,1818000,1819000,1.0,server_received
fd00::203:3:3:3,1829,1829000,1830000,1.0,server_received
fd00::203:3:3:3,1840,1840000,1841000,1.0,server_received
fd00::203:3:3:3,1851,1851000,1852000,1.0,server_received
fd00::203:3:3:3,1862,1862000,1863000,1.0,server_received
fd00::203:3:3:3,1873,1873000,1874000,1.0,server_received
fd00::203:3:3:3,1884,1884000,1885000,1.0,server_received
fd00::203:3:3:3,1895,1895000,1896000,1.0,server_received
fd00::203:3:3:3,1906,1906000,1907000,1.0,server_received
fd00::203:3:3:3,1917,1917000,1918000,1.0,server_received
fd00::203:3:3:3,1928,1928000,1929000,1.0,server_received
fd00::203:3:3:3,1939,1939000,1940000,1.0,server_received
fd00::203:3:3:3,1950,1950000,1951000,1.0,server_received
fd00::203:3:3:3,1961,1961000,1962000,1.0,server_received
fd00::203:3:3:3,1972,1972000,1973000,1.0,server_received
fd00::203:3:3:3,1983,1983000,1984000,1.0,server_received
fd00::203:3:3:3,1994,1994000,1995000,1.0,server_received
fd00::203:3:3:3,2005,2005000,2006000,1.0,server_received
fd00::203:3:3:3,2016,2016000,2017000,1.0,server_received
fd00::203:3:3:3,2027,2027000,2028000,1.0,server_received
fd00::203:3:3:3,2038,2038000,2039000,1.0,server_received
fd00::203:3:3:3,2048,2048000,2049000,1.0,server_received
fd00::203:3:3:3,2059,2059000,2060000,1.0,server_received
fd00::203:3:3:3,2070,2070000,2071000,1.0,server_received
fd00::203:3:3:3,2081,2081000,2082000,1.0,server_received
fd00::203:3:3:3,2092,2092000,2093000,1.0,server_received
fd00::203:3:3:3,2103,2103000,2104000,1.0,server_received
fd00::203:3:3:3,2114,2114000,2115000,1.0,server_received
fd00::203:3:3:3,2125,2125000,2126000,1.0,server_received
fd00::203:3:3:3,2136,2136000,2137000,1.0,server_received
fd00::203:3:3:3,2147,2147000,2148000,1.0,server_received
fd00::203:3:3:3,2158,2158000,2159000,1.0,server_received
fd00::203:3:3:3,2169,2169000,2170000,1.0,server_received
fd00::203:3:3:3,2180,2180000,2181000,1.0,server_received
fd00::203:3:3:3,2191,2191000,2192000,1.0,server_received
fd00::203:3:3:3,2202,2202000,2203000,1.0,server_received
fd00::203:3:3:3,2213,2213000,2214000,1.0,server_received
fd00::203:3:3:3,2224,2224000,2225000,1.0,server_received
fd00::203:3:3:3,2235,2235000,2236000,1.0,server_received
fd00::203:3:3:3,2246,2246000,2247000,1.0,server_received
fd00::203:3:3:3,2257,2257000,2258000,1.0,server_received
fd00::203:3:3:3,2268,2268000,2269000,1.0,server_received
fd00::203:3:3:3,2279,2279000,2280000,1.0,server_received
fd00::203:3:3:3,2289,2289000,2290000,1.0,server_received
fd00::203:3:3:3,2300,2300000,2301000,1.0,server_received
fd00::203:3:3:3,2311,2311000,2312000,1.0,server_received
fd00::203:3:3:3,2322,2322000,2323000,1.0,server_received
fd00::203:3:3:3,2333,2333000,2334000,1.0,server_received
fd00::203:3:3:3,2344,2344000,2345000,1.0,server_received
fd00::203:3:3:3,2355,2355000,2356000,1.0,server_received
fd00::203:3:3:3,2366,2366000,2367000,1.0,server_received
fd00::203:3:3:3,2377,2377000,2378000,1.0,server_received
fd00::203:3:3:3,2388,2388000,2389000,1.0,server_received
fd00::203:3:3:3,2399,2399000,2400000,1.0,server_received
fd00::203:3:3:3,2410,2410000,2411000,1.0,server_received
fd00::203:3:3:3,2421,2421000,2422000,1.0,server_received
fd00::203:3:3:3,2432,2432000,2433000,1.0,server_received
fd00::203:3:3:3,2443,2443000,2444000,1.0,server_received
fd00::203:3:3:3,2454,2454000,2455000,1.0,server_received
fd00::203:3:3:3,2465,2465000,2466000,1.0,server_received
fd00::203:3:3:3,2476,2476000,2477000,1.0,server_received
fd00::203:3:3:3,2487,2487000,2488000,1.0,server_received
fd00::203:3:3:3,2498,2498000,2499000,1.0,server_received
fd00::203:3:3:3,2509,2509000,2510000,1.0,server_received
fd00::203:3:3:3,2520,2520000,2521000,1.0,server_received
fd00::203:3:3:3,2530,2530000,2531000,1.0,server_received
fd00::203:3:3:3,2541,2541000,2542000,1.0,server_received
fd00::203:3:3:3,2552,2552000,2553000,1.0,server_received
fd00::203:3:3:3,2563,2563000,2564000,1.0,server_received
fd00::203:3:3:3,2574,2574000,2575000,1.0,server_received
fd00::203:3:3:3,2585,2585000,2586000,1.0,server_received
fd00::203:3:3:3,2596,2596000,2597000,1.0,server_received
fd00::203:3:3:3,2607,2607000,2608000,1.0,server_received
fd00::203:3:3:3,2618,2618000,2619000,1.0,server_received
fd00::203:3:3:3,2629,2629000,2630000,1.0,server_received
fd00::203:3:3:3,2640,2640000,2641000,1.0,server_received
fd00::203:3:3:3,2651,2651000,2652000,1.0,server_received
fd00::203:3:3:3,2662,2662000,2663000,1.0,server_received
fd00::203:3:3:3,2673,2673000,2674000,1.0,server_received
fd00::203:3:3:3,2684,2684000,2685000,1.0,server_received
fd00::203:3:3:3,2695,2695000,2696000,1.0,server_received
fd00::203:3:3:3,2706,2706000,2707000,1.0,server_received
fd00::203:3:3:3,2717,2717000,2718000,1.0,server_received
fd00::203:3:3:3,2728,2728000,2729000,1.0,server_received
fd00::203:3:3:3,2739,2739000,2740000,1.0,server_received
fd00::203:3:3:3,2750,2750000,2751000,1.0,server_received
fd00::203:3:3:3,2760,2760000,2761000,1.0,server_received
fd00::203:3:3:3,2771,2771000,2772000,1.0,server_received
fd00::203:3:3:3,2782,2782000,2783000,1.0,server_received
fd00::203:3:3:3,2793,2793000,2794000,1.0,server_received
fd00::203:3:3:3,2804,2804000,2805000,1.0,server_received
fd00::203:3:3:3,2815,2815000,2816000,1.0,server_received
fd00::203:3:3:3,2826,2826000,2827000,1.0,server_received
fd00::203:3:3:3,2837,2837000,2838000,1.0,server_received
fd00::203:3:3:3,2848,2848000,2849000,1.0,server_received
fd00::203:3:3:3,2859,2859000,2860000,1.0,server_received
fd00::203:3:3:3,2870,2870000,2871000,1.0,server_received
fd00::203:3:3:3,2881,2881000,2882000,1.0,server_received
fd00::203:3:3:3,2892,2892000,2893000,1.0,server_received
fd00::203:3:3:3,2903,2903000,2904000,1.0,server_received
fd00::203:3:3:3,2914,2914000,2915000,1.0,server_received
fd00::203:3:3:3,2925,2925000,2926000,1.0,server_received
fd00::203:3:3:3,2936,2936000,2937000,1.0,server_received
fd00::203:3:3:3,2947,2947000,2948000,1.0,server_received
fd00::203:3:3:3,2958,2958000,2959000,1.0,server_received
fd00::203:3:3:3,2969,2969000,2970000,1.0,server_received
fd00::203:3:3:3,2980,2980000,2981000,1.0,server_received
fd00::203:3:3:3,2991,2991000,2992000,1.0,server_received
fd00::203:3:3:3,3001,3001000,3002000,1.0,server_received
fd00::203:3:3:3,3012,3012000,3013000,1.0,server_received
fd00::203:3:3:3,3023,3023000,3024000,1.0,server_received
fd00::203:3:3:3,3034,3034000,3035000,1.0,server_received
fd00::203:3:3:3,3045,3045000,3046000,1.0,server_received
fd00::203:3:3:3,3056,3056000,3057000,1.0,server_received
fd00::203:3:3:3,3067,3067000,3068000,1.0,server_received
fd00::203:3:3:3,3078,3078000,3079000,1.0,server_received
fd00::203:3:3:3,3089,3089000,3090000,1.0,server_received
fd00::203:3:3:3,3100,3100000,3101000,1.0,server_received
fd00::203:3:3:3,3111,3111000,3112000,1.0,server_received
fd00::203:3:3:3,3122,3122000,3123000,1.0,server_received
fd00::203:3:3:3,3133,3133000,3134000,1.0,server_received
fd00::203:3:3:3,3144,3144000,3145000,1.0,server_received
fd00::203:3:3:3,3155,3155000,3156000,1.0,server_received
fd00::203:3:3:3,3166,3166000,3167000,1.0,server_received
fd00::203:3:3:3,3177,3177000,3178000,1.0,server_received
fd00::203:3:3:3,3188,3188000,3189000,1.0,server_received
fd00::203:3:3:3,3199,3199000,3200000,1.0,server_received
fd00::203:3:3:3,3210,3210000,3211000,1.0,server_received
fd00::203:3:3:3,3221,3221000,3222000,1.0,server_received
fd00::203:3:3:3,3232,3232000,3233000,1.0,server_received
fd00::203:3:3:3,3242,3242000,3243000,1.0,server_received
fd00::203:3:3:3,3253,3253000,3254000,1.0,server_received
fd00::203:3:3:3,3264,3264000,3265000,1.0,server_received
fd00::203:3:3:3,3275,3275000,3276000,1.0,server_received
fd00::203:3:3:3,3286,3286000,3287000,1.0,server_received
fd00::203:3:3:3,3297,3297000,3298000,1.0,server_received
fd00::203:3:3:3,3308,3308000,3309000,1.0,server_received
fd00::203:3:3:3,3319,3319000,3320000,1.0,server_received
fd00::203:3:3:3,3330,3330000,3331000,1.0,server_received
fd00::203:3:3:3,3341,3341000,3342000,1.0,server_received
fd00::203:3:3:3,3352,3352000,3353000,1.0,server_received
fd00::203:3:3:3,3363,3363000,3364000,1.0,server_received
fd00::203:3:3:3,3374,3374000,3375000,1.0,server_received
fd00::203:3:3:3,3385,3385000,3386000,1.0,server_received
fd00::203:3:3:3,3396,3396000,3397000,1.0,server_received
fd00::203:3:3:3,3407,3407000,3408000,1.0,server_received
fd00::203:3:3:3,3418,3418000,3419000,1.0,server_received
fd00::203:3:3:3,3429,3429000,3430000,1.0,server_received
fd00::203:3:3:3,3440,3440000,3441000,1.0,server_received
fd00::203:3:3:3,3451,3451000,3452000,1.0,server_received
fd00::203:3:3:3,3462,3462000,3463000,1.0,server_received
fd00::203:3:3:3,3472,3472000,3473000,1.0,server_received
fd00::203:3:3:3,3483,3483000,3484000,1.0,server_received
fd00::203:3:3:3,3494,3494000,3495000,1.0,server_received
fd00::203:3:3:3,3505,3505000,3506000,1.0,server_received
fd00::203:3:3:3,3516,3516000,3517000,1.0,server_received
fd00::203:3:3:3,3527,3527000,3528000,1.0,server_received
fd00::203:3:3:3,3538,3538000,3539000,1.0,server_received
fd00::203:3:3:3,3549,3549000,3550000,1.0,server_received
fd00::203:3:3:3,3560,3560000,3561000,1.0,server_received
fd00::203:3:3:3,3571,3571000,3572000,1.0,server_received
fd00::203:3:3:3,3582,3582000,3583000,1.0,server_received
fd00::203:3:3:3,3593,3593000,3594000,1.0,server_received
fd00::204:4:4:4,43,43000,44000,0.0,server_received
fd00::204:4:4:4,54,54000,55000,1.0,server_received
fd00::204:4:4:4,65,65000,66000,1.0,server_received
fd00::204:4:4:4,76,76000,77000,1.0,server_received
fd00::204:4:4:4,87,87000,88000,1.0,server_received
fd00::204:4:4:4,98,98000,99000,1.0,server_received
fd00::204:4:4:4,109,109000,110000,1.0,server_received
fd00::204:4:4:4,120,120000,121000,1.0,server_received
fd00::204:4:4:4,130,130000,131000,1.0,server_received
fd00::204:4:4:4,141,141000,142000,1.0,server_received
fd00::204:4:4:4,152,152000,153000,1.0,server_received
fd00::204:4:4:4,163,163000,164000,1.0,server_received
fd00::204:4:4:4,174,174000,175000,1.0,server_received
fd00::204:4:4:4,185,185000,186000,1.0,server_received
fd00::204:4:4:4,196,196000,197000,1.0,server_received
fd00::204:4:4:4,207,207000,208000,1.0,server_received
fd00::204:4:4:4,218,218000,219000,1.0,server_received
fd00::204:4:4:4,229,229000,230000,1.0,server_received
fd00::204:4:4:4,240,240000,241000,1.0,server_received
fd00::204:4:4:4,250,250000,251000,1.0,server_received
fd00::204:4:4:4,261,261000,262000,1.0,server_received
fd00::204:4:4:4,272,272000,273000,1.0,server_received
fd00::204:4:4:4,283,283000,284000,1.0,server_received
fd00::204:4:4:4,294,294000,295000,1.0,server_received
fd00::204:4:4:4,305,305000,306000,1.0,server_received
fd00::204:4:4:4,316,316000,317000,1.0,server_received
fd00::204:4:4:4,327,327000,328000,1.0,server_received
fd00::204:4:4:4,338,338000,339000,1.0,server_received
fd00::204:4:4:4,349,349000,350000,1.0,server_received
fd00::204:4:4:4,360,360000,361000,1.0,server_received
fd00::204:4:4:4,371,371000,372000,1.0,server_received
fd00::204:4:4:4,381,381000,382000,1.0,server_received
fd00::204:4:4:4,392,392000,393000,1.0,server_received
fd00::204:4:4:4,403,403000,404000,1.0,server_received
fd00::204:4:4:4,414,414000,415000,1.0,server_received
fd00::204:4:4:4,425,425000,426000,1.0,server_received
fd00::204:4:4:4,436,436000,437000,1.0,server_received
fd00::204:4:4:4,447,447000,448000,1.0,server_received
fd00::204:4:4:4,458,458000,459000,1.0,server_received
fd00::204:4:4:4,469,469000,470000,1.0,server_received
fd00::204:4:4:4,480,480000,481000,1.0,server_received
fd00::204:4:4:4,491,491000,492000,1.0,server_received
fd00::204:4:4:4,502,502000,503000,1.0,server_received
fd00::204:4:4:4,512,512000,513000,1.0,server_received
fd00::204:4:4:4,523,523000,524000,1.0,server_received
fd00::204:4:4:4,534,534000,535000,1.0,server_received
fd00::204:4:4:4,545,545000,546000,1.0,server_received
fd00::204:4:4:4,556,556000,557000,1.0,server_received
fd00::204:4:4:4,567,567000,568000,1.0,server_received
fd00::204:4:4:4,578,578000,579000,1.0,server_received
fd00::204:4:4:4,589,589000,590000,1.0,server_received
fd00::204:4:4:4,600,600000,601000,1.0,server_received
fd00::204:4:4:4,611,611000,612000,1.0,server_received
fd00::204:4:4:4,622,622000,623000,1.0,server_received
fd00::204:4:4:4,632,632000,633000,1.0,server_received
fd00::204:4:4:4,643,643000,644000,1.0,server_received
fd00::204:4:4:4,654,654000,655000,1.0,server_received
fd00::204:4:4:4,665,665000,666000,1.0,server_received
fd00::204:4:4:4,676,676000,677000,1.0,server_received
fd00::204:4:4:4,687,687000,688000,1.0,server_received
fd00::204:4:4:4,698,698000,699000,1.0,server_received
fd00::204:4:4:4,709,709000,710000,1.0,server_received
fd00::204:4:4:4,720,720000,721000,1.0,server_received
fd00::204:4:4:4,731,731000,732000,1.0,server_received
fd00::204:4:4:4,742,742000,743000,1.0,server_received
fd00::204:4:4:4,752,752000,753000,1.0,server_received
fd00::204:4:4:4,763,763000,764000,1.0,server_received
fd00::204:4:4:4,774,774000,775000,1.0,server_received
fd00::204:4:4:4,785,785000,786000,1.0,server_received
fd00::204:4:4:4,796,796000,797000,1.0,server_received
fd00::204:4:4:4,807,807000,808000,1.0,server_received
fd00::204:4:4:4,818,818000,819000,1.0,server_received
fd00::204:4:4:4,829,829000,830000,1.0,server_received
fd00::204:4:4:4,840,840000,841000,1.0,server_received
fd00::204:4:4:4,851,851000,852000,1.0,server_received
fd00::204:4:4:4,862,862000,863000,1.0,server_received
fd00::204:4:4:4,872,872000,873000,1.0,server_received
fd00::204:4:4:4,883,883000,884000,1.0,server_received
fd00::204:4:4:4,894,894000,895000,1.0,server_received
fd00::204:4:4:4,905,905000,906000,1.0,server_received
fd00::204:4:4:4,916,916000,917000,1.0,server_received
fd00::204:4:4:4,927,927000,928000,1.0,server_received
fd00::204:4:4:4,938,938000,939000,1.0,server_received
fd00::204:4:4:4,949,949000,950000,1.0,server_received
fd00::204:4:4:4,960,960000,961000,1.0,server_received
fd00::204:4:4:4,971,971000,972000,1.0,server_received
fd00::204:4:4:4,982,982000,983000,1.0,server_received
fd00::204:4:4:4,993,993000,994000,1.0,server_received
fd00::204:4:4:4,1003,1003000,1004000,1.0,server_received
fd00::204:4:4:4,1014,1014000,1015000,1.0,server_received
fd00::204:4:4:4,1025,1025000,1026000,1.0,server_received
fd00::204:4:4:4,1036,1036000,1037000,1.0,server_received
fd00::204:4:4:4,1047,1047000,1048000,1.0,server_received
fd00::204:4:4:4,1058,1058000,1059000,1.0,server_received
fd00::204:4:4:4,1069,1069000,1070000,1.0,server_received
fd00::204:4:4:4,1080,1080000,1081000,1.0,server_received
fd00::204:4:4:4,1091,1091000,1092000,1.0,server_received
fd00::204:4:4:4,1102,1102000,1103000,1.0,server_received
fd00::204:4:4:4,1113,1113000,1114000,1.0,server_received
fd00::204:4:4:4,1123,1123000,1124000,1.0,server_received
fd00::204:4:4:4,1134,1134000,1135000,1.0,server_received
fd00::204:4:4:4,1145,1145000,1146000,1.0,server_received
fd00::204:4:4:4,1156,1156000,1157000,1.0,server_received
fd00::204:4:4:4,1167,1167000,1168000,1.0,server_received
fd00::204:4:4:4,1178,1178000,1179000,1.0,server_received
fd00::204:4:4:4,1189,1189000,1190000,1.0,server_received
fd00::204:4:4:4,1200,1200000,1201000,1.0,server_received
fd00::204:4:4:4,1211,1211000,1212000,1.0,server_received
fd00::204:4:4:4,1222,1222000,1223000,1.0,server_received
fd00::204:4:4:4,1233,1233000,1234000,1.0,server_received
fd00::204:4:4:4,1244,1244000,1245000,1.0,server_received
fd00::204:4:4:4,1254,1254000,1255000,1.0,server_received
fd00::204:4:4:4,1265,1265000,1266000,1.0,server_received
fd00::204:4:4:4,1276,1276000,1277000,1.0,server_received
fd00::204:4:4:4,1287,1287000,1288000,1.0,server_received
fd00::204:4:4:4,1298,1298000,1299000,1.0,server_received
fd00::204:4:4:4,1309,1309000,1310000,1.0,server_received
fd00::204:4:4:4,1320,1320000,1321000,1.0,server_received
fd00::204:4:4:4,1331,1331000,1332000,1.0,server_received
fd00::204:4:4:4,1342,1342000,1343000,1.0,server_received
fd00::204:4:4:4,1353,1353000,1354000,1.0,server_received
fd00::204:4:4:4,1364,1364000,1365000,1.0,server_received
fd00::204:4:4:4,1374,1374000,1375000,1.0,server_received
fd00::204:4:4:4,1385,1385000,1386000,1.0,server_received
fd00::204:4:4:4,1396,1396000,1397000,1.0,server_received
fd00::204:4:4:4,1407,1407000,1408000,1.0,server_received
fd00::204:4:4:4,1418,1418000,1419000,1.0,server_received
fd00::204:4:4:4,1429,1429000,1430000,1.0,server_received
fd00::204:4:4:4,1440,1440000,1441000,1.0,server_received
fd00::204:4:4:4,1451,1451000,1452000,1.0,server_received
fd00::204:4:4:4,1462,1462000,1463000,1.0,server_received
fd00::204:4:4:4,1473,1473000,1474000,1.0,server_received
fd00::204:4:4:4,1484,1484000,1485000,1.0,server_received
fd00::204:4:4:4,1495,1495000,1496000,1.0,server_received
fd00::204:4:4:4,1505,1505000,1506000,1.0,server_received
fd00::204:4:4:4,1516,1516000,1517000,1.0,server_received
fd00::204:4:4:4,1527,1527000,1528000,1.0,server_received
fd00::204:4:4:4,1538,1538000,1539000,1.0,server_received
fd00::204:4:4:4,1549,1549000,1550000,1.0,server_received
fd00::204:4:4:4,1560,1560000,1561000,1.0,server_received
fd00::204:4:4:4,1571,1571000,1572000,1.0,server_received
fd00::204:4:4:4,1582,1582000,1583000,1.0,server_received
fd00::204:4:4:4,1593,1593000,1594000,1.0,server_received
fd00::204:4:4:4,1604,1604000,1605000,1.0,server_received
fd00::204:4:4:4,1615,1615000,1616000,1.0,server_received
fd00::204:4:4:4,1625,1625000,1626000,1.0,server_received
fd00::204:4:4:4,1636,1636000,1637000,1.0,server_received
fd00::204:4:4:4,1647,1647000,1648000,1.0,server_received
fd00::204:4:4:4,1658,1658000,1659000,1.0,server_received
fd00::204:4:4:4,1669,1669000,1670000,1.0,server_received
fd00::204:4:4:4,1680,1680000,1681000,1.0,server_received
fd00::204:4:4:4,1691,1691000,1692000,1.0,server_received
fd00::204:4:4:4,1702,1702000,1703000,1.0,server_received
fd00::204:4:4:4,1713,1713000,1714000,1.0,server_received
fd00::204:4:4:4,1724,1724000,1725000,1.0,server_received
fd00::204:4:4:4,1735,1735000,1736000,1.0,server_received
fd00::204:4:4:4,1745,1745000,1746000,1.0,server_received
fd00::204:4:4:4,1756,1756000,1757000,1.0,server_received
fd00::204:4:4:4,1767,1767000,1768000,1.0,server_received
fd00::204:4:4:4,1778,1778000,1779000,1.0,server_received
fd00::204:4:4:4,1789,1789000,1790000,1.0,server_received
fd00::204:4:4:4,1800,1800000,1801000,1.0,server_received
fd00::204:4:4:4,1811,1811000,1812000,1.0,server_received
fd00::204:4:4:4,1822,1822000,1823000,1.0,server_received
fd00::204:4:4:4,1833,1833000,1834000,1.0,server_received
fd00::204:4:4:4,1844,1844000,1845000,1.0,server_received
fd00::204:4:4:4,1855,1855000,1856000,1.0,server_received
fd00::204:4:4:4,1866,1866000,1867000,1.0,server_received
fd00::204:4:4:4,1876,1876000,1877000,1.0,server_received
fd00::204:4:4:4,1887,1887000,1888000,1.0,server_received
fd00::204:4:4:4,1898,1898000,1899000,1.0,server_received
fd00::204:4:4:4,1909,1909000,1910000,1.0,server_received
fd00::204:4:4:4,1920,1920000,1921000,1.0,server_received
fd00::204:4:4:4,1931,1931000,1932000,1.0,server_received
fd00::204:4:4:4,1942,1942000,1943000,1.0,server_received
fd00::204:4:4:4,1953,1953000,1954000,1.0,server_received
fd00::204:4:4:4,1964,1964000,1965000,1.0,server_received
fd00::204:4:4:4,1975,1975000,1976000,1.0,server_received
fd00::204:4:4:4,1986,1986000,1987000,1.0,server_received
fd00::204:4:4:4,1996,1996000,1997000,1.0,server_received
fd00::204:4:4:4,2007,2007000,2008000,1.0,server_received
fd00::204:4:4:4,2018,2018000,2019000,1.0,server_received
fd00::204:4:4:4,2029,2029000,2030000,1.0,server_received
fd00::204:4:4:4,2040,2040000,2041000,1.0,server_received
fd00::204:4:4:4,2051,2051000,2052000,1.0,server_received
fd00::204:4:4:4,2062,2062000,2063000,1.0,server_received
fd00::204:4:4:4,2073,2073000,2074000,1.0,server_received
fd00::204:4:4:4,2084,2084000,2085000,1.0,server_received
fd00::204:4:4:4,2095,2095000,2096000,1.0,server_received
fd00::204:4:4:4,2106,2106000,2107000,1.0,server_received
fd00::204:4:4:4,2116,2116000,2117000,1.0,server_received
fd00::204:4:4:4,2127,2127000,2128000,1.0,server_received
fd00::204:4:4:4,2138,2138000,2139000,1.0,server_received
fd00::204:4:4:4,2149,2149000,2150000,1.0,server_received
fd00::204:4:4:4,2160,2160000,2161000,1.0,server_received
fd00::204:4:4:4,2171,2171000,2172000,1.0,server_received
fd00::204:4:4:4,2182,2182000,2183000,1.0,server_received
fd00::204:4:4:4,2193,2193000,2194000,1.0,server_received
fd00::204:4:4:4,2204,2204000,2205000,1.0,server_received
fd00::204:4:4:4,2215,2215000,2216000,1.0,server_received
fd00::204:4:4:4,2226,2226000,2227000,1.0,server_received
fd00::204:4:4:4,2237,2237000,2238000,1.0,server_received
fd00::204:4:4:4,2247,2247000,2248000,1.0,server_received
fd00::204:4:4:4,2258,2258000,2259000,1.0,server_received
fd00::204:4:4:4,2269,2269000,2270000,1.0,server_received
fd00::204:4:4:4,2280,2280000,2281000,1.0,server_received
fd00::204:4:4:4,2291,2291000,2292000,1.0,server_received
fd00::204:4:4:4,2302,2302000,2303000,1.0,server_received
fd00::204:4:4:4,2313,2313000,2314000,1.0,server_received
fd00::204:4:4:4,2324,2324000,2325000,1.0,server_received
fd00::204:4:4:4,2335,2335000,2336000,1.0,server_received
fd00::204:4:4:4,2346,2346000,2347000,1.0,server_received
fd00::204:4:4:4,2357,2357000,2358000,1.0,server_received
fd00::204:4:4:4,2367,2367000,2368000,1.0,server_received
fd00::204:4:4:4,2378,2378000,2379000,1.0,server_received
fd00::204:4:4:4,2389,2389000,2390000,1.0,server_received
fd00::204:4:4:4,2400,2400000,2401000,1.0,server_received
fd00::204:4:4:4,2411,2411000,2412000,1.0,server_received
fd00::204:4:4:4,2422,2422000,2423000,1.0,server_received
fd00::204:4:4:4,2433,2433000,2434000,1.0,server_received
fd00::204:4:4:4,2444,2444000,2445000,1.0,server_received
fd00::204:4:4:4,2455,2455000,2456000,1.0,server_received
fd00::204:4:4:4,2466,2466000,2467000,1.0,server_received
fd00::204:4:4:4,2477,2477000,2478000,1.0,server_received
fd00::204:4:4:4,2488,2488000,2489000,1.0,server_received
fd00::204:4:4:4,2498,2498000,2499000,1.0,server_received
fd00::204:4:4:4,2509,2509000,2510000,1.0,server_received
fd00::204:4:4:4,2520,2520000,2521000,1.0,server_received
fd00::204:4:4:4,2531,2531000,2532000,1.0,server_received
fd00::204:4:4:4,2542,2542000,2543000,1.0,server_received
fd00::204:4:4:4,2553,2553000,2554000,1.0,server_received
fd00::204:4:4:4,2564,2564000,2565000,1.0,server_received
fd00::204:4:4:4,2575,2575000,2576000,1.0,server_received
fd00::204:4:4:4,2586,2586000,2587000,1.0,server_received
fd00::204:4:4:4,2597,2597000,2598000,1.0,server_received
fd00::204:4:4:4,2608,2608000,2609000,1.0,server_received
fd00::204:4:4:4,2618,2618000,2619000,1.0,server_received
fd00::204:4:4:4,2629,2629000,2630000,1.0,server_received
fd00::204:4:4:4,2640,2640000,2641000,1.0,server_received
fd00::204:4:4:4,2651,2651000,2652000,1.0,server_received
fd00::204:4:4:4,2662,2662000,2663000,1.0,server_received
fd00::204:4:4:4,2673,2673000,2674000,1.0,server_received
fd00::204:4:4:4,2684,2684000,2685000,1.0,server_received
fd00::204:4:4:4,2695,2695000,2696000,1.0,server_received
fd00::204:4:4:4,2706,2706000,2707000,1.0,server_received
fd00::204:4:4:4,2717,2717000,2718000,1.0,server_received
fd00::204:4:4:4,2728,2728000,2729000,1.0,server_received
fd00::204:4:4:4,2738,2738000,2739000,1.0,server_received
fd00::204:4:4:4,2749,2749000,2750000,1.0,server_received
fd00::204:4:4:4,2760,2760000,2761000,1.0,server_received
fd00::204:4:4:4,2771,2771000,2772000,1.0,server_received
fd00::204:4:4:4,2782,2782000,2783000,1.0,server_received
fd00::204:4:4:4,2793,2793000,2794000,1.0,server_received
fd00::204:4:4:4,2804,2804000,2805000,1.0,server_received
fd00::204:4:4:4,2815,2815000,2816000,1.0,server_received
fd00::204:4:4:4,2826,2826000,2827000,1.0,server_received
fd00::204:4:4:4,2837,2837000,2838000,1.0,server_received
fd00::204:4:4:4,2848,2848000,2849000,1.0,server_received
fd00::204:4:4:4,2859,2859000,2860000,1.0,server_received
fd00::204:4:4:4,2869,2869000,2870000,1.0,server_received
fd00::204:4:4:4,2880,2880000,2881000,1.0,server_received
fd00::204:4:4:4,2891,2891000,2892000,1.0,server_received
fd00::204:4:4:4,2902,2902000,2903000,1.0,server_received
fd00::204:4:4:4,2913,2913000,2914000,1.0,server_received
fd00::204:4:4:4,2924,2924000,2925000,1.0,server_received
fd00::204:4:4:4,2935,2935000,2936000,1.0,server_received
fd00::204:4:4:4,2946,2946000,2947000,1.0,server_received
fd00::204:4:4:4,2957,2957000,2958000,1.0,server_received
fd00::204:4:4:4,2968,2968000,2969000,1.0,server_received
fd00::204:4:4:4,2979,2979000,2980000,1.0,server_received
fd00::204:4:4:4,2989,2989000,2990000,1.0,server_received
fd00::204:4:4:4,3000,3000000,3001000,1.0,server_received
fd00::204:4:4:4,3011,3011000,3012000,1.0,server_received
fd00::204:4:4:4,3022,3022000,3023000,1.0,server_received
fd00::204:4:4:4,3033,3033000,3034000,1.0,server_received
fd00::204:4:4:4,3044,3044000,3045000,1.0,server_received
fd00::204:4:4:4,3055,3055000,3056000,1.0,server_received
fd00::204:4:4:4,3066,3066000,3067000,1.0,server_received
fd00::204:4:4:4,3077,3077000,3078000,1.0,server_received
fd00::204:4:4:4,3088,3088000,3089000,1.0,server_received
fd00::204:4:4:4,3099,3099000,3100000,1.0,server_received
fd00::204:4:4:4,3109,3109000,3110000,1.0,server_received
fd00::204:4:4:4,3120,3120000,3121000,1.0,server_received
fd00::204:4:4:4,3131,3131000,3132000,1.0,server_received
fd00::204:4:4:4,3142,3142000,3143000,1.0,server_received
fd00::204:4:4:4,3153,3153000,3154000,1.0,server_received
fd00::204:4:4:4,3164,3164000,3165000,1.0,server_received
fd00::204:4:4:4,3175,3175000,3176000,1.0,server_received
fd00::204:4:4:4,3186,3186000,3187000,1.0,server_received
fd00::204:4:4:4,3197,3197000,3198000,1.0,server_received
fd00::204:4:4:4,3208,3208000,3209000,1.0,server_received
fd00::204:4:4:4,3219,3219000,3220000,1.0,server_received
fd00::204:4:4:4,3229,3229000,3230000,1.0,server_received
fd00::204:4:4:4,3240,3240000,3241000,1.0,server_received
fd00::204:4:4:4,3251,3251000,3252000,1.0,server_received
fd00::204:4:4:4,3262,3262000,3263000,1.0,server_received
fd00::204:4:4:4,3273,3273000,3274000,1.0,server_received
fd00::204:4:4:4,3284,3284000,3285000,1.0,server_received
fd00::204:4:4:4,3295,3295000,3296000,1.0,server_received
fd00::204:4:4:4,3306,3306000,3307000,1.0,server_received
fd00::204:4:4:4,3317,3317000,3318000,1.0,server_received
fd00::204:4:4:4,3328,3328000,3329000,1.0,server_received
fd00::204:4:4:4,3339,3339000,3340000,1.0,server_received
fd00::204:4:4:4,3350,3350000,3351000,1.0,server_received
fd00::204:4:4:4,3360,3360000,3361000,1.0,server_received
fd00::204:4:4:4,3371,3371000,3372000,1.0,server_received
fd00::204:4:4:4,3382,3382000,3383000,1.0,server_received
fd00::204:4:4:4,3393,3393000,3394000,1.0,server_received
fd00::204:4:4:4,3404,3404000,3405000,1.0,server_received
fd00::204:4:4:4,3415,3415000,3416000,1.0,server_received
fd00::204:4:4:4,3426,3426000,3427000,1.0,server_received
fd00::204:4:4:4,3437,3437000,3438000,1.0,server_received
fd00::204:4:4:4,3448,3448000,3449000,1.0,server_received
fd00::204:4:4:4,3459,3459000,3460000,1.0,server_received
fd00::204:4:4:4,3470,3470000,3471000,1.0,server_received
fd00::204:4:4:4,3480,3480000,3481000,1.0,server_received
fd00::204:4:4:4,3491,3491000,3492000,1.0,server_received
fd00::204:4:4:4,3502,3502000,3503000,1.0,server_received
fd00::204:4:4:4,3513,3513000,3514000,1.0,server_received
fd00::204:4:4:4,3524,3524000,3525000,1.0,server_received
fd00::204:4:4:4,3535,3535000,3536000,1.0,server_received
fd00::204:4:4:4,3546,3546000,3547000,1.0,server_received
fd00::204:4:4:4,3557,3557000,3558000,1.0,server_received
fd00::204:4:4:4,3568,3568000,3569000,1.0,server_received
fd00::204:4:4:4,3579,3579000,3580000,1.0,server_received
fd00::204:4:4:4,3590,3590000,3591000,1.0,server_received
fd00::205:5:5:5,62,62000,63000,0.0,server_received
fd00::205:5:5:5,72,72000,73000,1.0,server_received
fd00::205:5:5:5,82,82000,83000,1.0,server_received
fd00::205:5:5:5,93,93000,94000,1.0,server_received
fd00::205:5:5:5,103,103000,104000,1.0,server_received
fd00::205:5:5:5,113,113000,114000,1.0,server_received
fd00::205:5:5:5,124,124000,125000,1.0,server_received
fd00::205:5:5:5,134,134000,135000,1.0,server_received
fd00::205:5:5:5,144,144000,145000,1.0,server_received
fd00::205:5:5:5,154,154000,155000,1.0,server_received
fd00::205:5:5:5,165,165000,166000,1.0,server_received
fd00::205:5:5:5,175,175000,176000,1.0,server_received
fd00::205:5:5:5,185,185000,186000,1.0,server_received
fd00::205:5:5:5,196,196000,197000,1.0,server_received
fd00::205:5:5:5,206,206000,207000,1.0,server_received
fd00::205:5:5:5,216,216000,217000,1.0,server_received
fd00::205:5:5:5,226,226000,227000,1.0,server_received
fd00::205:5:5:5,237,237000,238000,1.0,server_received
fd00::205:5:5:5,247,247000,248000,1.0,server_received
fd00::205:5:5:5,257,257000,258000,1.0,server_received
fd00::205:5:5:5,268,268000,269000,1.0,server_received
fd00::205:5:5:5,278,278000,279000,1.0,server_received
fd00::205:5:5:5,288,288000,289000,1.0,server_received
fd00::205:5:5:5,299,299000,300000,1.0,server_received
fd00::205:5:5:5,309,309000,310000,1.0,server_received
fd00::205:5:5:5,319,319000,320000,1.0,server_received
fd00::205:5:5:5,330,330000,331000,1.0,server_received
fd00::205:5:5:5,340,340000,341000,1.0,server_received
fd00::205:5:5:5,350,350000,351000,1.0,server_received
fd00::205:5:5:5,360,360000,361000,1.0,server_received
fd00::205:5:5:5,371,371000,372000,1.0,server_received
fd00::205:5:5:5,381,381000,382000,1.0,server_received
fd00::205:5:5:5,391,391000,392000,1.0,server_received
fd00::205:5:5:5,402,402000,403000,1.0,server_received
fd00::205:5:5:5,412,412000,413000,1.0,server_received
fd00::205:5:5:5,422,422000,423000,1.0,server_received
fd00::205:5:5:5,432,432000,433000,1.0,server_received
fd00::205:5:5:5,443,443000,444000,1.0,server_received
fd00::205:5:5:5,453,453000,454000,1.0,server_received
fd00::205:5:5:5,463,463000,464000,1.0,server_received
fd00::205:5:5:5,474,474000,475000,1.0,server_received
fd00::205:5:5:5,484,484000,485000,1.0,server_received
fd00::205:5:5:5,494,494000,495000,1.0,server_received
fd00::205:5:5:5,505,505000,506000,1.0,server_received
fd00::205:5:5:5,515,515000,516000,1.0,server_received
fd00::205:5:5:5,525,525000,526000,1.0,server_received
fd00::205:5:5:5,535,535000,536000,1.0,server_received
fd00::205:5:5:5,546,546000,547000,1.0,server_received
fd00::205:5:5:5,556,556000,557000,1.0,server_received
fd00::205:5:5:5,566,566000,567000,1.0,server_received
fd00::205:5:5:5,577,577000,578000,1.0,server_received
fd00::205:5:5:5,587,587000,588000,1.0,server_received
fd00::205:5:5:5,597,597000,598000,1.0,server_received
fd00::205:5:5:5,608,608000,609000,1.0,server_received
fd00::205:5:5:5,618,618000,619000,1.0,server_received
fd00::205:5:5:5,628,628000,629000,1.0,server_received
fd00::205:5:5:5,638,638000,639000,1.0,server_received
fd00::205:5:5:5,649,649000,650000,1.0,server_received
fd00::205:5:5:5,659,659000,660000,1.0,server_received
fd00::205:5:5:5,669,669000,670000,1.0,server_received
fd00::205:5:5:5,680,680000,681000,1.0,server_received
fd00::205:5:5:5,690,690000,691000,1.0,server_received
fd00::205:5:5:5,700,700000,701000,1.0,server_received
fd00::205:5:5:5,711,711000,712000,1.0,server_received
fd00::205:5:5:5,721,721000,722000,1.0,server_received
fd00::205:5:5:5,731,731000,732000,1.0,server_received
fd00::205:5:5:5,741,741000,742000,1.0,server_received
fd00::205:5:5:5,752,752000,753000,1.0,server_received
fd00::205:5:5:5,762,762000,763000,1.0,server_received
fd00::205:5:5:5,772,772000,773000,1.0,server_received
fd00::205:5:5:5,783,783000,784000,1.0,server_received
fd00::205:5:5:5,793,793000,794000,1.0,server_received
fd00::205:5:5:5,803,803000,804000,1.0,server_received
fd00::205:5:5:5,813,813000,814000,1.0,server_received
fd00::205:5:5:5,824,824000,825000,1.0,server_received
fd00::205:5:5:5,834,834000,835000,1.0,server_received
fd00::205:5:5:5,844,844000,845000,1.0,server_received
fd00::205:5:5:5,855,855000,856000,1.0,server_received
fd00::205:5:5:5,865,865000,866000,1.0,server_received
fd00::205:5:5:5,875,875000,876000,1.0,server_received
fd00::205:5:5:5,886,886000,887000,1.0,server_received
fd00::205:5:5:5,896,896000,897000,1.0,server_received
fd00::205:5:5:5,906,906000,907000,1.0,server_received
fd00::205:5:5:5,916,916000,917000,1.0,server_received
fd00::205:5:5:5,927,927000,928000,1.0,server_received
fd00::205:5:5:5,937,937000,938000,1.0,server_received
fd00::205:5:5:5,947,947000,948000,1.0,server_received
fd00::205:5:5:5,958,958000,959000,1.0,server_received
fd00::205:5:5:5,968,968000,969000,1.0,server_received
fd00::205:5:5:5,978,978000,979000,1.0,server_received
fd00::205:5:5:5,988,988000,989000,1.0,server_received
fd00::205:5:5:5,999,999000,1000000,1.0,server_received
fd00::205:5:5:5,1009,1009000,1010000,1.0,server_received
fd00::205:5:5:5,1019,1019000,1020000,1.0,server_received
fd00::205:5:5:5,1030,1030000,1031000,1.0,server_received
fd00::205:5:5:5,1040,1040000,1041000,1.0,server_received
fd00::205:5:5:5,1050,1050000,1051000,1.0,server_received
fd00::205:5:5:5,1061,1061000,1062000,1.0,server_received
fd00::205:5:5:5,1071,1071000,1072000,1.0,server_received
fd00::205:5:5:5,1081,1081000,1082000,1.0,server_received
fd00::205:5:5:5,1091,1091000,1092000,1.0,server_received
fd00::205:5:5:5,1102,1102000,1103000,1.0,server_received
fd00::205:5:5:5,1112,1112000,1113000,1.0,server_received
fd00::205:5:5:5,1122,1122000,1123000,1.0,server_received
fd00::205:5:5:5,1133,1133000,1134000,1.0,server_received
fd00::205:5:5:5,1143,1143000,1144000,1.0,server_received
fd00::205:5:5:5,1153,1153000,1154000,1.0,server_received
fd00::205:5:5:5,1164,1164000,1165000,1.0,server_received
fd00::205:5:5:5,1174,1174000,1175000,1.0,server_received
fd00::205:5:5:5,1184,1184000,1185000,1.0,server_received
fd00::205:5:5:5,1195,1195000,1196000,1.0,server_received
fd00::205:5:5:5,1205,1205000,1206000,1.0,server_received
fd00::205:5:5:5,1215,1215000,1216000,1.0,server_received
fd00::205:5:5:5,1225,1225000,1226000,1.0,server_received
fd00::205:5:5:5,1236,1236000,1237000,1.0,server_received
fd00::205:5:5:5,1246,1246000,1247000,1.0,server_received
fd00::205:5:5:5,1256,1256000,1257000,1.0,server_received
fd00::205:5:5:5,1267,1267000,1268000,1.0,server_received
fd00::205:5:5:5,1277,1277000,1278000,1.0,server_received
fd00::205:5:5:5,1287,1287000,1288000,1.0,server_received
fd00::205:5:5:5,1298,1298000,1299000,1.0,server_received
fd00::205:5:5:5,1308,1308000,1309000,1.0,server_received
fd00::205:5:5:5,1318,1318000,1319000,1.0,server_received
fd00::205:5:5:5,1328,1328000,1329000,1.0,server_received
fd00::205:5:5:5,1339,1339000,1340000,1.0,server_received
fd00::205:5:5:5,1349,1349000,1350000,1.0,server_received
fd00::205:5:5:5,1359,1359000,1360000,1.0,server_received
fd00::205:5:5:5,1370,1370000,1371000,1.0,server_received
fd00::205:5:5:5,1380,1380000,1381000,1.0,server_received
fd00::205:5:5:5,1390,1390000,1391000,1.0,server_received
fd00::205:5:5:5,1400,1400000,1401000,1.0,server_received
fd00::205:5:5:5,1411,1411000,1412000,1.0,server_received
fd00::205:5:5:5,1421,1421000,1422000,1.0,server_received
fd00::205:5:5:5,1431,1431000,1432000,1.0,server_received
fd00::205:5:5:5,1442,1442000,1443000,1.0,server_received
fd00::205:5:5:5,1452,1452000,1453000,1.0,server_received
fd00::205:5:5:5,1462,1462000,1463000,1.0,server_received
fd00::205:5:5:5,1473,1473000,1474000,1.0,server_received
fd00::205:5:5:5,1483,1483000,1484000,1.0,server_received
fd00::205:5:5:5,1493,1493000,1494000,1.0,server_received
fd00::205:5:5:5,1503,1503000,1504000,1.0,server_received
fd00::205:5:5:5,1514,1514000,1515000,1.0,server_received
fd00::205:5:5:5,1524,1524000,1525000,1.0,server_received
fd00::205:5:5:5,1534,1534000,1535000,1.0,server_received
fd00::205:5:5:5,1545,1545000,1546000,1.0,server_received
fd00::205:5:5:5,1555,1555000,1556000,1.0,server_received
fd00::205:5:5:5,1565,1565000,1566000,1.0,server_received
fd00::205:5:5:5,1576,1576000,1577000,1.0,server_received
fd00::205:5:5:5,1586,1586000,1587000,1.0,server_received
fd00::205:5:5:5,1596,1596000,1597000,1.0,server_received
fd00::205:5:5:5,1606,1606000,1607000,1.0,server_received
fd00::205:5:5:5,1617,1617000,1618000,1.0,server_received
fd00::205:5:5:5,1627,1627000,1628000,1.0,server_received
fd00::205:5:5:5,1637,1637000,1638000,1.0,server_received
fd00::205:5:5:5,1648,1648000,1649000,1.0,server_received
fd00::205:5:5:5,1658,1658000,1659000,1.0,server_received
fd00::205:5:5:5,1668,1668000,1669000,1.0,server_received
fd00::205:5:5:5,1679,1679000,1680000,1.0,server_received
fd00::205:5:5:5,1689,1689000,1690000,1.0,server_received
fd00::205:5:5:5,1699,1699000,1700000,1.0,server_received
fd00::205:5:5:5,1709,1709000,1710000,1.0,server_received
fd00::205:5:5:5,1720,1720000,1721000,1.0,server_received
fd00::205:5:5:5,1730,1730000,1731000,1.0,server_received
fd00::205:5:5:5,1740,1740000,1741000,1.0,server_received
fd00::205:5:5:5,1751,1751000,1752000,1.0,server_received
fd00::205:5:5:5,1761,1761000,1762000,1.0,server_received
fd00::205:5:5:5,1771,1771000,1772000,1.0,server_received
fd00::205:5:5:5,1782,1782000,1783000,1.0,server_received
fd00::205:5:5:5,1792,1792000,1793000,1.0,server_received
fd00::205:5:5:5,1802,1802000,1803000,1.0,server_received
fd00::205:5:5:5,1812,1812000,1813000,1.0,server_received
fd00::205:5:5:5,1823,1823000,1824000,1.0,server_received
fd00::205:5:5:5,1833,1833000,1834000,1.0,server_received
fd00::205:5:5:5,1843,1843000,1844000,1.0,server_received
fd00::205:5:5:5,1854,1854000,1855000,1.0,server_received
fd00::205:5:5:5,1864,1864000,1865000,1.0,server_received
fd00::205:5:5:5,1874,1874000,1875000,1.0,server_received
fd00::205:5:5:5,1884,1884000,1885000,1.0,server_received
fd00::205:5:5:5,1895,1895000,1896000,1.0,server_received
fd00::205:5:5:5,1905,1905000,1906000,1.0,server_received
fd00::205:5:5:5,1915,1915000,1916000,1.0,server_received
fd00::205:5:5:5,1926,1926000,1927000,1.0,server_received
fd00::205:5:5:5,1936,1936000,1937000,1.0,server_received
fd00::205:5:5:5,1946,1946000,1947000,1.0,server_received
fd00::205:5:5:5,1957,1957000,1958000,1.0,server_received
fd00::205:5:5:5,1967,1967000,1968000,1.0,server_received
fd00::205:5:5:5,1977,1977000,1978000,1.0,server_received
fd00::205:5:5:5,1987,1987000,1988000,1.0,server_received
fd00::205:5:5:5,1998,1998000,1999000,1.0,server_received
fd00::205:5:5:5,2008,2008000,2009000,1.0,server_received
fd00::205:5:5:5,2018,2018000,2019000,1.0,server_received
fd00::205:5:5:5,2029,2029000,2030000,1.0,server_received
fd00::205:5:5:5,2039,2039000,2040000,1.0,server_received
fd00::205:5:5:5,2049,2049000,2050000,1.0,server_received
fd00::205:5:5:5,2060,2060000,2061000,1.0,server_received
fd00::205:5:5:5,2070,2070000,2071000,1.0,server_received
fd00::205:5:5:5,2080,2080000,2081000,1.0,server_received
fd00::205:5:5:5,2090,2090000,2091000,1.0,server_received
fd00::205:5:5:5,2101,2101000,2102000,1.0,server_received
fd00::205:5:5:5,2111,2111000,2112000,1.0,server_received
fd00::205:5:5:5,2121,2121000,2122000,1.0,server_received
fd00::205:5:5:5,2132,2132000,2133000,1.0,server_received
fd00::205:5:5:5,2142,2142000,2143000,1.0,server_received
fd00::205:5:5:5,2152,2152000,2153000,1.0,server_received
fd00::205:5:5:5,2162,2162000,2163000,1.0,server_received
fd00::205:5:5:5,2173,2173000,2174000,1.0,server_received
fd00::205:5:5:5,2183,2183000,2184000,1.0,server_received
fd00::205:5:5:5,2193,2193000,2194000,1.0,server_received
fd00::205:5:5:5,2204,2204000,2205000,1.0,server_received
fd00::205:5:5:5,2214,2214000,2215000,1.0,server_received
fd00::205:5:5:5,2224,2224000,2225000,1.0,server_received
fd00::205:5:5:5,2235,2235000,2236000,1.0,server_received
fd00::205:5:5:5,2245,2245000,2246000,1.0,server_received
fd00::205:5:5:5,2255,2255000,2256000,1.0,server_received
fd00::205:5:5:5,2266,2266000,2267000,1.0,server_received
fd00::205:5:5:5,2276,2276000,2277000,1.0,server_received
fd00::205:5:5:5,2286,2286000,2287000,1.0,server_received
fd00::205:5:5:5,2296,2296000,2297000,1.0,server_received
fd00::205:5:5:5,2307,2307000,2308000,1.0,server_received
fd00::205:5:5:5,2317,2317000,2318000,1.0,server_received
fd00::205:5:5:5,2327,2327000,2328000,1.0,server_received
fd00::205:5:5:5,2338,2338000,2339000,1.0,server_received
fd00::205:5:5:5,2348,2348000,2349000,1.0,server_received
fd00::205:5:5:5,2358,2358000,2359000,1.0,server_received
fd00::205:5:5:5,2368,2368000,2369000,1.0,server_received
fd00::205:5:5:5,2379,2379000,2380000,1.0,server_received
fd00::205:5:5:5,2389,2389000,2390000,1.0,server_received
fd00::205:5:5:5,2399,2399000,2400000,1.0,server_received
fd00::205:5:5:5,2410,2410000,2411000,1.0,server_received
fd00::205:5:5:5,2420,2420000,2421000,1.0,server_received
fd00::205:5:5:5,2430,2430000,2431000,1.0,server_received
fd00::205:5:5:5,2441,2441000,2442000,1.0,server_received
fd00::205:5:5:5,2451,2451000,2452000,1.0,server_received
fd00::205:5:5:5,2461,2461000,2462000,1.0,server_received
fd00::205:5:5:5,2471,2471000,2472000,1.0,server_received
fd00::205:5:5:5,2482,2482000,2483000,1.0,server_received
fd00::205:5:5:5,2492,2492000,2493000,1.0,server_received
fd00::205:5:5:5,2502,2502000,2503000,1.0,server_received
fd00::205:5:5:5,2513,2513000,2514000,1.0,server_received
fd00::205:5:5:5,2523,2523000,2524000,1.0,server_received
fd00::205:5:5:5,2533,2533000,2534000,1.0,server_received
fd00::205:5:5:5,2544,2544000,2545000,1.0,server_received
fd00::205:5:5:5,2554,2554000,2555000,1.0,server_received
fd00::205:5:5:5,2564,2564000,2565000,1.0,server_received
fd00::205:5:5:5,2574,2574000,2575000,1.0,server_received
fd00::205:5:5:5,2585,2585000,2586000,1.0,server_received
fd00::205:5:5:5,2595,2595000,2596000,1.0,server_received
fd00::205:5:5:5,2605,2605000,2606000,1.0,server_received
fd00::205:5:5:5,2616,2616000,2617000,1.0,server_received
fd00::205:5:5:5,2626,2626000,2627000,1.0,server_received
fd00::205:5:5:5,2636,2636000,2637000,1.0,server_received
fd00::205:5:5:5,2647,2647000,2648000,1.0,server_received
fd00::205:5:5:5,2657,2657000,2658000,1.0,server_received
fd00::205:5:5:5,2667,2667000,2668000,1.0,server_received
fd00::205:5:5:5,2677,2677000,2678000,1.0,server_received
fd00::205:5:5:5,2688,2688000,2689000,1.0,server_received
fd00::205:5:5:5,2698,2698000,2699000,1.0,server_received
fd00::205:5:5:5,2708,2708000,2709000,1.0,server_received
fd00::205:5:5:5,2719,2719000,2720000,1.0,server_received
fd00::205:5:5:5,2729,2729000,2730000,1.0,server_received
fd00::205:5:5:5,2739,2739000,2740000,1.0,server_received
fd00::205:5:5:5,2750,2750000,2751000,1.0,server_received
fd00::205:5:5:5,2760,2760000,2761000,1.0,server_received
fd00::205:5:5:5,2770,2770000,2771000,1.0,server_received
fd00::205:5:5:5,2780,2780000,2781000,1.0,server_received
fd00::205:5:5:5,2791,2791000,2792000,1.0,server_received
fd00::205:5:5:5,2801,2801000,2802000,1.0,server_received
fd00::205:5:5:5,2811,2811000,2812000,1.0,server_received
fd00::205:5:5:5,2822,2822000,2823000,1.0,server_received
fd00::205:5:5:5,2832,2832000,2833000,1.0,server_received
fd00::205:5:5:5,2842,2842000,2843000,1.0,server_received
fd00::205:5:5:5,2852,2852000,2853000,1.0,server_received
fd00::205:5:5:5,2863,2863000,2864000,1.0,server_received
fd00::205:5:5:5,2873,2873000,2874000,1.0,server_received
fd00::205:5:5:5,2883,2883000,2884000,1.0,server_received
fd00::205:5:5:5,2894,2894000,2895000,1.0,server_received
fd00::205:5:5:5,2904,2904000,2905000,1.0,server_received
fd00::205:5:5:5,2914,2914000,2915000,1.0,server_received
fd00::205:5:5:5,2925,2925000,2926000,1.0,server_received
fd00::205:5:5:5,2935,2935000,2936000,1.0,server_received
fd00::205:5:5:5,2945,2945000,2946000,1.0,server_received
fd00::205:5:5:5,2955,2955000,2956000,1.0,server_received
fd00::205:5:5:5,2966,2966000,2967000,1.0,server_received
fd00::205:5:5:5,2976,2976000,2977000,1.0,server_received
fd00::205:5:5:5,2986,2986000,2987000,1.0,server_received
fd00::205:5:5:5,2997,2997000,2998000,1.0,server_received
fd00::205:5:5:5,3007,3007000,3008000,1.0,server_received
fd00::205:5:5:5,3017,3017000,3018000,1.0,server_received
fd00::205:5:5:5,3028,3028000,3029000,1.0,server_received
fd00::205:5:5:5,3038,3038000,3039000,1.0,server_received
fd00::205:5:5:5,3048,3048000,3049000,1.0,server_received
fd00::205:5:5:5,3058,3058000,3059000,1.0,server_received
fd00::205:5:5:5,3069,3069000,3070000,1.0,server_received
fd00::205:5:5:5,3079,3079000,3080000,1.0,server_received
fd00::205:5:5:5,3089,3089000,3090000,1.0,server_received
fd00::205:5:5:5,3100,3100000,3101000,1.0,server_received
fd00::205:5:5:5,3110,3110000,3111000,1.0,server_received
fd00::205:5:5:5,3120,3120000,3121000,1.0,server_received
fd00::205:5:5:5,3131,3131000,3132000,1.0,server_received
fd00::205:5:5:5,3141,3141000,3142000,1.0,server_received
fd00::205:5:5:5,3151,3151000,3152000,1.0,server_received
fd00::205:5:5:5,3161,3161000,3162000,1.0,server_received
fd00::205:5:5:5,3172,3172000,3173000,1.0,server_received
fd00::205:5:5:5,3182,3182000,3183000,1.0,server_received
fd00::205:5:5:5,3192,3192000,3193000,1.0,server_received
fd00::205:5:5:5,3203,3203000,3204000,1.0,server_received
fd00::205:5:5:5,3213,3213000,3214000,1.0,server_received
fd00::205:5:5:5,3223,3223000,3224000,1.0,server_received
fd00::205:5:5:5,3233,3233000,3234000,1.0,server_received
fd00::205:5:5:5,3244,3244000,3245000,1.0,server_received
fd00::205:5:5:5,3254,3254000,3255000,1.0,server_received
fd00::205:5:5:5,3264,3264000,3265000,1.0,server_received
fd00::205:5:5:5,3275,3275000,3276000,1.0,server_received
fd00::205:5:5:5,3285,3285000,3286000,1.0,server_received
fd00::205:5:5:5,3295,3295000,3296000,1.0,server_received
fd00::205:5:5:5,3306,3306000,3307000,1.0,server_received
fd00::205:5:5:5,3316,3316000,3317000,1.0,server_received
fd00::205:5:5:5,3326,3326000,3327000,1.0,server_received
fd00::205:5:5:5,3337,3337000,3338000,1.0,server_received
fd00::205:5:5:5,3347,3347000,3348000,1.0,server_received
fd00::205:5:5:5,3357,3357000,3358000,1.0,server_received
fd00::205:5:5:5,3367,3367000,3368000,1.0,server_received
fd00::205:5:5:5,3378,3378000,3379000,1.0,server_received
fd00::205:5:5:5,3388,3388000,3389000,1.0,server_received
fd00::205:5:5:5,3398,3398000,3399000,1.0,server_received
fd00::205:5:5:5,3409,3409000,3410000,1.0,server_received
fd00::205:5:5:5,3419,3419000,3420000,1.0,server_received
fd00::205:5:5:5,3429,3429000,3430000,1.0,server_received
fd00::205:5:5:5,3439,3439000,3440000,1.0,server_received
fd00::205:5:5:5,3450,3450000,3451000,1.0,server_received
fd00::205:5:5:5,3460,3460000,3461000,1.0,server_received
fd00::205:5:5:5,3470,3470000,3471000,1.0,server_received
fd00::205:5:5:5,3481,3481000,3482000,1.0,server_received
fd00::205:5:5:5,3491,3491000,3492000,1.0,server_received
fd00::205:5:5:5,3501,3501000,3502000,1.0,server_received
fd00::205:5:5:5,3512,3512000,3513000,1.0,server_received
fd00::205:5:5:5,3522,3522000,3523000,1.0,server_received
fd00::205:5:5:5,3532,3532000,3533000,1.0,server_received
fd00::205:5:5:5,3542,3542000,3543000,1.0,server_received
fd00::205:5:5:5,3553,3553000,3554000,1.0,server_received
fd00::205:5:5:5,3563,3563000,3564000,1.0,server_received
fd00::205:5:5:5,3573,3573000,3574000,1.0,server_received
fd00::205:5:5:5,3584,3584000,3585000,1.0,server_received
fd00::205:5:5:5,3594,3594000,3595000,1.0,server_received
fd00::206:6:6:6,31,31000,32000,0.0,server_received
fd00::206:6:6:6,41,41000,42000,1.0,server_received
fd00::206:6:6:6,51,51000,52000,1.0,server_received
fd00::206:6:6:6,62,62000,63000,1.0,server_received
fd00::206:6:6:6,72,72000,73000,1.0,server_received
fd00::206:6:6:6,82,82000,83000,1.0,server_received
fd00::206:6:6:6,93,93000,94000,1.0,server_received
fd00::206:6:6:6,103,103000,104000,1.0,server_received
fd00::206:6:6:6,114,114000,115000,1.0,server_received
fd00::206:6:6:6,124,124000,125000,1.0,server_received
fd00::206:6:6:6,134,134000,135000,1.0,server_received
fd00::206:6:6:6,145,145000,146000,1.0,server_received
fd00::206:6:6:6,155,155000,156000,1.0,server_received
fd00::206:6:6:6,165,165000,166000,1.0,server_received
fd00::206:6:6:6,176,176000,177000,1.0,server_received
fd00::206:6:6:6,186,186000,187000,1.0,server_received
fd00::206:6:6:6,197,197000,198000,1.0,server_received
fd00::206:6:6:6,207,207000,208000,1.0,server_received
fd00::206:6:6:6,217,217000,218000,1.0,server_received
fd00::206:6:6:6,228,228000,229000,1.0,server_received
fd00::206:6:6:6,238,238000,239000,1.0,server_received
fd00::206:6:6:6,248,248000,249000,1.0,server_received
fd00::206:6:6:6,259,259000,260000,1.0,server_received
fd00::206:6:6:6,269,269000,270000,1.0,server_received
fd00::206:6:6:6,280,280000,281000,1.0,server_received
fd00::206:6:6:6,290,290000,291000,1.0,server_received
fd00::206:6:6:6,300,300000,301000,1.0,server_received
fd00::206:6:6:6,311,311000,312000,1.0,server_received
fd00::206:6:6:6,321,321000,322000,1.0,server_received
fd00::206:6:6:6,332,332000,333000,1.0,server_received
fd00::206:6:6:6,342,342000,343000,1.0,server_received
fd00::206:6:6:6,352,352000,353000,1.0,server_received
fd00::206:6:6:6,363,363000,364000,1.0,server_received
fd00::206:6:6:6,373,373000,374000,1.0,server_received
fd00::206:6:6:6,383,383000,384000,1.0,server_received
fd00::206:6:6:6,394,394000,395000,1.0,server_received
fd00::206:6:6:6,404,404000,405000,1.0,server_received
fd00::206:6:6:6,415,415000,416000,1.0,server_received
fd00::206:6:6:6,425,425000,426000,1.0,server_received
fd00::206:6:6:6,435,435000,436000,1.0,server_received
fd00::206:6:6:6,446,446000,447000,1.0,server_received
fd00::206:6:6:6,456,456000,457000,1.0,server_received
fd00::206:6:6:6,466,466000,467000,1.0,server_received
fd00::206:6:6:6,477,477000,478000,1.0,server_received
fd00::206:6:6:6,487,487000,488000,1.0,server_received
fd00::206:6:6:6,498,498000,499000,1.0,server_received
fd00::206:6:6:6,508,508000,509000,1.0,server_received
fd00::206:6:6:6,518,518000,519000,1.0,server_received
fd00::206:6:6:6,529,529000,530000,1.0,server_received
fd00::206:6:6:6,539,539000,540000,1.0,server_received
fd00::206:6:6:6,549,549000,550000,1.0,server_received
fd00::206:6:6:6,560,560000,561000,1.0,server_received
fd00::206:6:6:6,570,570000,571000,1.0,server_received
fd00::206:6:6:6,581,581000,582000,1.0,server_received
fd00::206:6:6:6,591,591000,592000,1.0,server_received
fd00::206:6:6:6,601,601000,602000,1.0,server_received
fd00::206:6:6:6,612,612000,613000,1.0,server_received
fd00::206:6:6:6,622,622000,623000,1.0,server_received
fd00::206:6:6:6,632,632000,633000,1.0,server_received
fd00::206:6:6:6,643,643000,644000,1.0,server_received
fd00::206:6:6:6,653,653000,654000,1.0,server_received
fd00::206:6:6:6,664,664000,665000,1.0,server_received
fd00::206:6:6:6,674,674000,675000,1.0,server_received
fd00::206:6:6:6,684,684000,685000,1.0,server_received
fd00::206:6:6:6,695,695000,696000,1.0,server_received
fd00::206:6:6:6,705,705000,706000,1.0,server_received
fd00::206:6:6:6,715,715000,716000,1.0,server_received
fd00::206:6:6:6,726,726000,727000,1.0,server_received
fd00::206:6:6:6,736,736000,737000,1.0,server_received
fd00::206:6:6:6,747,747000,748000,1.0,server_received
fd00::206:6:6:6,757,757000,758000,1.0,server_received
fd00::206:6:6:6,767,767000,768000,1.0,server_received
fd00::206:6:6:6,778,778000,779000,1.0,server_received
fd00::206:6:6:6,788,788000,789000,1.0,server_received
fd00::206:6:6:6,798,798000,799000,1.0,server_received
fd00::206:6:6:6,809,809000,810000,1.0,server_received
fd00::206:6:6:6,819,819000,820000,1.0,server_received
fd00::206:6:6:6,830,830000,831000,1.0,server_received
fd00::206:6:6:6,840,840000,841000,1.0,server_received
fd00::206:6:6:6,850,850000,851000,1.0,server_received
fd00::206:6:6:6,861,861000,862000,1.0,server_received
fd00::206:6:6:6,871,871000,872000,1.0,server_received
fd00::206:6:6:6,881,881000,882000,1.0,server_received
fd00::206:6:6:6,892,892000,893000,1.0,server_received
fd00::206:6:6:6,902,902000,903000,1.0,server_received
fd00::206:6:6:6,913,913000,914000,1.0,server_received
fd00::206:6:6:6,923,923000,924000,1.0,server_received
fd00::206:6:6:6,933,933000,934000,1.0,server_received
fd00::206:6:6:6,944,944000,945000,1.0,server_received
fd00::206:6:6:6,954,954000,955000,1.0,server_received
fd00::206:6:6:6,964,964000,965000,1.0,server_received
fd00::206:6:6:6,975,975000,976000,1.0,server_received
fd00::206:6:6:6,985,985000,986000,1.0,server_received
fd00::206:6:6:6,996,996000,997000,1.0,server_received
fd00::206:6:6:6,1006,1006000,1007000,1.0,server_received
fd00::206:6:6:6,1016,1016000,1017000,1.0,server_received
fd00::206:6:6:6,1027,1027000,1028000,1.0,server_received
fd00::206:6:6:6,1037,1037000,1038000,1.0,server_received
fd00::206:6:6:6,1048,1048000,1049000,1.0,server_received
fd00::206:6:6:6,1058,1058000,1059000,1.0,server_received
fd00::206:6:6:6,1068,1068000,1069000,1.0,server_received
fd00::206:6:6:6,1079,1079000,1080000,1.0,server_received
fd00::206:6:6:6,1089,1089000,1090000,1.0,server_received
fd00::206:6:6:6,1099,1099000,1100000,1.0,server_received
fd00::206:6:6:6,1110,1110000,1111000,1.0,server_received
fd00::206:6:6:6,1120,1120000,1121000,1.0,server_received
fd00::206:6:6:6,1130,1130000,1131000,1.0,server_received
fd00::206:6:6:6,1141,1141000,1142000,1.0,server_received
fd00::206:6:6:6,1151,1151000,1152000,1.0,server_received
fd00::206:6:6:6,1162,1162000,1163000,1.0,server_received
fd00::206:6:6:6,1172,1172000,1173000,1.0,server_received
fd00::206:6:6:6,1182,1182000,1183000,1.0,server_received
fd00::206:6:6:6,1193,1193000,1194000,1.0,server_received
fd00::206:6:6:6,1203,1203000,1204000,1.0,server_received
fd00::206:6:6:6,1214,1214000,1215000,1.0,server_received
fd00::206:6:6:6,1224,1224000,1225000,1.0,server_received
fd00::206:6:6:6,1234,1234000,1235000,1.0,server_received
fd00::206:6:6:6,1245,1245000,1246000,1.0,server_received
fd00::206:6:6:6,1255,1255000,1256000,1.0,server_received
fd00::206:6:6:6,1265,1265000,1266000,1.0,server_received
fd00::206:6:6:6,1276,1276000,1277000,1.0,server_received
fd00::206:6:6:6,1286,1286000,1287000,1.0,server_received
fd00::206:6:6:6,1297,1297000,1298000,1.0,server_received
fd00::206:6:6:6,1307,1307000,1308000,1.0,server_received
fd00::206:6:6:6,1317,1317000,1318000,1.0,server_received
fd00::206:6:6:6,1328,1328000,1329000,1.0,server_received
fd00::206:6:6:6,1338,1338000,1339000,1.0,server_received
fd00::206:6:6:6,1348,1348000,1349000,1.0,server_received
fd00::206:6:6:6,1359,1359000,1360000,1.0,server_received
fd00::206:6:6:6,1369,1369000,1370000,1.0,server_received
fd00::206:6:6:6,1380,1380000,1381000,1.0,server_received
fd00::206:6:6:6,1390,1390000,1391000,1.0,server_received
fd00::206:6:6:6,1400,1400000,1401000,1.0,server_received
fd00::206:6:6:6,1411,1411000,1412000,1.0,server_received
fd00::206:6:6:6,1421,1421000,1422000,1.0,server_received
fd00::206:6:6:6,1431,1431000,1432000,1.0,server_received
fd00::206:6:6:6,1442,1442000,1443000,1.0,server_received
fd00::206:6:6:6,1452,1452000,1453000,1.0,server_received
fd00::206:6:6:6,1463,1463000,1464000,1.0,server_received
fd00::206:6:6:6,1473,1473000,1474000,1.0,server_received
fd00::206:6:6:6,1483,1483000,1484000,1.0,server_received
fd00::206:6:6:6,1494,1494000,1495000,1.0,server_received
fd00::206:6:6:6,1504,1504000,1505000,1.0,server_received
fd00::206:6:6:6,1514,1514000,1515000,1.0,server_received
fd00::206:6:6:6,1525,1525000,1526000,1.0,server_received
fd00::206:6:6:6,1535,1535000,1536000,1.0,server_received
fd00::206:6:6:6,1546,1546000,1547000,1.0,server_received
fd00::206:6:6:6,1556,1556000,1557000,1.0,server_received
fd00::206:6:6:6,1566,1566000,1567000,1.0,server_received
fd00::206:6:6:6,1577,1577000,1578000,1.0,server_received
fd00::206:6:6:6,1587,1587000,1588000,1.0,server_received
fd00::206:6:6:6,1597,1597000,1598000,1.0,server_received
fd00::206:6:6:6,1608,1608000,1609000,1.0,server_received
fd00::206:6:6:6,1618,1618000,1619000,1.0,server_received
fd00::206:6:6:6,1629,1629000,1630000,1.0,server_received
fd00::206:6:6:6,1639,1639000,1640000,1.0,server_received
fd00::206:6:6:6,1649,1649000,1650000,1.0,server_received
fd00::206:6:6:6,1660,1660000,1661000,1.0,server_received
fd00::206:6:6:6,1670,1670000,1671000,1.0,server_received
fd00::206:6:6:6,1680,1680000,1681000,1.0,server_received
fd00::206:6:6:6,1691,1691000,1692000,1.0,server_received
fd00::206:6:6:6,1701,1701000,1702000,1.0,server_received
fd00::206:6:6:6,1712,1712000,1713000,1.0,server_received
fd00::206:6:6:6,1722,1722000,1723000,1.0,server_received
fd00::206:6:6:6,1732,1732000,1733000,1.0,server_received
fd00::206:6:6:6,1743,1743000,1744000,1.0,server_received
fd00::206:6:6:6,1753,1753000,1754000,1.0,server_received
fd00::206:6:6:6,1764,1764000,1765000,1.0,server_received
fd00::206:6:6:6,1774,1774000,1775000,1.0,server_received
fd00::206:6:6:6,1784,1784000,1785000,1.0,server_received
fd00::206:6:6:6,1795,1795000,1796000,1.0,server_received
fd00::206:6:6:6,1805,1805000,1806000,1.0,server_received
fd00::206:6:6:6,1815,1815000,1816000,1.0,server_received
fd00::206:6:6:6,1826,1826000,1827000,1.0,server_received
fd00::206:6:6:6,1836,1836000,1837000,1.0,server_received
fd00::206:6:6:6,1847,1847000,1848000,1.0,server_received
fd00::206:6:6:6,1857,1857000,1858000,1.0,server_received
fd00::206:6:6:6,1867,1867000,1868000,1.0,server_received
fd00::206:6:6:6,1878,1878000,1879000,1.0,server_received
fd00::206:6:6:6,1888,1888000,1889000,1.0,server_received
fd00::206:6:6:6,1898,1898000,1899000,1.0,server_received
fd00::206:6:6:6,1909,1909000,1910000,1.0,server_received
fd00::206:6:6:6,1919,1919000,1920000,1.0,server_received
fd00::206:6:6:6,1930,1930000,1931000,1.0,server_received
fd00::206:6:6:6,1940,1940000,1941000,1.0,server_received
fd00::206:6:6:6,1950,1950000,1951000,1.0,server_received
fd00::206:6:6:6,1961,1961000,1962000,1.0,server_received
fd00::206:6:6:6,1971,1971000,1972000,1.0,server_received
fd00::206:6:6:6,1981,1981000,1982000,1.0,server_received
fd00::206:6:6:6,1992,1992000,1993000,1.0,server_received
fd00::206:6:6:6,2002,2002000,2003000,1.0,server_received
fd00::206:6:6:6,2013,2013000,2014000,1.0,server_received
fd00::206:6:6:6,2023,2023000,2024000,1.0,server_received
fd00::206:6:6:6,2033,2033000,2034000,1.0,server_received
fd00::206:6:6:6,2044,2044000,2045000,1.0,server_received
fd00::206:6:6:6,2054,2054000,2055000,1.0,server_received
fd00::206:6:6:6,2064,2064000,2065000,1.0,server_received
fd00::206:6:6:6,2075,2075000,2076000,1.0,server_received
fd00::206:6:6:6,2085,2085000,2086000,1.0,server_received
fd00::206:6:6:6,2096,2096000,2097000,1.0,server_received
fd00::206:6:6:6,2106,2106000,2107000,1.0,server_received
fd00::206:6:6:6,2116,2116000,2117000,1.0,server_received
fd00::206:6:6:6,2127,2127000,2128000,1.0,server_received
fd00::206:6:6:6,2137,2137000,2138000,1.0,server_received
fd00::206:6:6:6,2147,2147000,2148000,1.0,server_received
fd00::206:6:6:6,2158,2158000,2159000,1.0,server_received
fd00::206:6:6:6,2168,2168000,2169000,1.0,server_received
fd00::206:6:6:6,2179,2179000,2180000,1.0,server_received
fd00::206:6:6:6,2189,2189000,2190000,1.0,server_received
fd00::206:6:6:6,2199,2199000,2200000,1.0,server_received
fd00::206:6:6:6,2210,2210000,2211000,1.0,server_received
fd00::206:6:6:6,2220,2220000,2221000,1.0,server_received
fd00::206:6:6:6,2230,2230000,2231000,1.0,server_received
fd00::206:6:6:6,2241,2241000,2242000,1.0,server_received
fd00::206:6:6:6,2251,2251000,2252000,1.0,server_received
fd00::206:6:6:6,2262,2262000,2263000,1.0,server_received
fd00::206:6:6:6,2272,2272000,2273000,1.0,server_received
fd00::206:6:6:6,2282,2282000,2283000,1.0,server_received
fd00::206:6:6:6,2293,2293000,2294000,1.0,server_received
fd00::206:6:6:6,2303,2303000,2304000,1.0,server_received
fd00::206:6:6:6,2313,2313000,2314000,1.0,server_received
fd00::206:6:6:6,2324,2324000,2325000,1.0,server_received
fd00::206:6:6:6,2334,2334000,2335000,1.0,server_received
fd00::206:6:6:6,2345,2345000,2346000,1.0,server_received
fd00::206:6:6:6,2355,2355000,2356000,1.0,server_received
fd00::206:6:6:6,2365,2365000,2366000,1.0,server_received
fd00::206:6:6:6,2376,2376000,2377000,1.0,server_received
fd00::206:6:6:6,2386,2386000,2387000,1.0,server_received
fd00::206:6:6:6,2397,2397000,2398000,1.0,server_received
fd00::206:6:6:6,2407,2407000,2408000,1.0,server_received
fd00::206:6:6:6,2417,2417000,2418000,1.0,server_received
fd00::206:6:6:6,2428,2428000,2429000,1.0,server_received
fd00::206:6:6:6,2438,2438000,2439000,1.0,server_received
fd00::206:6:6:6,2448,2448000,2449000,1.0,server_received
fd00::206:6:6:6,2459,2459000,2460000,1.0,server_received
fd00::206:6:6:6,2469,2469000,2470000,1.0,server_received
fd00::206:6:6:6,2480,2480000,2481000,1.0,server_received
fd00::206:6:6:6,2490,2490000,2491000,1.0,server_received
fd00::206:6:6:6,2500,2500000,2501000,1.0,server_received
fd00::206:6:6:6,2511,2511000,2512000,1.0,server_received
fd00::206:6:6:6,2521,2521000,2522000,1.0,server_received
fd00::206:6:6:6,2531,2531000,2532000,1.0,server_received
fd00::206:6:6:6,2542,2542000,2543000,1.0,server_received
fd00::206:6:6:6,2552,2552000,2553000,1.0,server_received
fd00::206:6:6:6,2563,2563000,2564000,1.0,server_received
fd00::206:6:6:6,2573,2573000,2574000,1.0,server_received
fd00::206:6:6:6,2583,2583000,2584000,1.0,server_received
fd00::206:6:6:6,2594,2594000,2595000,1.0,server_received
fd00::206:6:6:6,2604,2604000,2605000,1.0,server_received
fd00::206:6:6:6,2614,2614000,2615000,1.0,server_received
fd00::206:6:6:6,2625,2625000,2626000,1.0,server_received
fd00::206:6:6:6,2635,2635000,2636000,1.0,server_received
fd00::206:6:6:6,2646,2646000,2647000,1.0,server_received
fd00::206:6:6:6,2656,2656000,2657000,1.0,server_received
fd00::206:6:6:6,2666,2666000,2667000,1.0,server_received
fd00::206:6:6:6,2677,2677000,2678000,1.0,server_received
fd00::206:6:6:6,2687,2687000,2688000,1.0,server_received
fd00::206:6:6:6,2697,2697000,2698000,1.0,server_received
fd00::206:6:6:6,2708,2708000,2709000,1.0,server_received
fd00::206:6:6:6,2718,2718000,2719000,1.0,server_received
fd00::206:6:6:6,2729,2729000,2730000,1.0,server_received
fd00::206:6:6:6,2739,2739000,2740000,1.0,server_received
fd00::206:6:6:6,2749,2749000,2750000,1.0,server_received
fd00::206:6:6:6,2760,2760000,2761000,1.0,server_received
fd00::206:6:6:6,2770,2770000,2771000,1.0,server_received
fd00::206:6:6:6,2780,2780000,2781000,1.0,server_received
fd00::206:6:6:6,2791,2791000,2792000,1.0,server_received
fd00::206:6:6:6,2801,2801000,2802000,1.0,server_received
fd00::206:6:6:6,2812,2812000,2813000,1.0,server_received
fd00::206:6:6:6,2822,2822000,2823000,1.0,server_received
fd00::206:6:6:6,2832,2832000,2833000,1.0,server_received
fd00::206:6:6:6,2843,2843000,2844000,1.0,server_received
fd00::206:6:6:6,2853,2853000,2854000,1.0,server_received
fd00::206:6:6:6,2863,2863000,2864000,1.0,server_received
fd00::206:6:6:6,2874,2874000,2875000,1.0,server_received
fd00::206:6:6:6,2884,2884000,2885000,1.0,server_received
fd00::206:6:6:6,2895,2895000,2896000,1.0,server_received
fd00::206:6:6:6,2905,2905000,2906000,1.0,server_received
fd00::206:6:6:6,2915,2915000,2916000,1.0,server_received
fd00::206:6:6:6,2926,2926000,2927000,1.0,server_received
fd00::206:6:6:6,2936,2936000,2937000,1.0,server_received
fd00::206:6:6:6,2946,2946000,2947000,1.0,server_received
fd00::206:6:6:6,2957,2957000,2958000,1.0,server_received
fd00::206:6:6:6,2967,2967000,2968000,1.0,server_received
fd00::206:6:6:6,2978,2978000,2979000,1.0,server_received
fd00::206:6:6:6,2988,2988000,2989000,1.0,server_received
fd00::206:6:6:6,2998,2998000,2999000,1.0,server_received
fd00::206:6:6:6,3009,3009000,3010000,1.0,server_received
fd00::206:6:6:6,3019,3019000,3020000,1.0,server_received
fd00::206:6:6:6,3029,3029000,3030000,1.0,server_received
fd00::206:6:6:6,3040,3040000,3041000,1.0,server_received
fd00::206:6:6:6,3050,3050000,3051000,1.0,server_received
fd00::206:6:6:6,3061,3061000,3062000,1.0,server_received
fd00::206:6:6:6,3071,3071000,3072000,1.0,server_received
fd00::206:6:6:6,3081,3081000,3082000,1.0,server_received
fd00::206:6:6:6,3092,3092000,3093000,1.0,server_received
fd00::206:6:6:6,3102,3102000,3103000,1.0,server_received
fd00::206:6:6:6,3113,3113000,3114000,1.0,server_received
fd00::206:6:6:6,3123,3123000,3124000,1.0,server_received
fd00::206:6:6:6,3133,3133000,3134000,1.0,server_received
fd00::206:6:6:6,3144,3144000,3145000,1.0,server_received
fd00::206:6:6:6,3154,3154000,3155000,1.0,server_received
fd00::206:6:6:6,3164,3164000,3165000,1.0,server_received
fd00::206:6:6:6,3175,3175000,3176000,1.0,server_received
fd00::206:6:6:6,3185,3185000,3186000,1.0,server_received
fd00::206:6:6:6,3196,3196000,3197000,1.0,server_received
fd00::206:6:6:6,3206,3206000,3207000,1.0,server_received
fd00::206:6:6:6,3216,3216000,3217000,1.0,server_received
fd00::206:6:6:6,3227,3227000,3228000,1.0,server_received
fd00::206:6:6:6,3237,3237000,3238000,1.0,server_received
fd00::206:6:6:6,3247,3247000,3248000,1.0,server_received
fd00::206:6:6:6,3258,3258000,3259000,1.0,server_received
fd00::206:6:6:6,3268,3268000,3269000,1.0,server_received
fd00::206:6:6:6,3279,3279000,3280000,1.0,server_received
fd00::206:6:6:6,3289,3289000,3290000,1.0,server_received
fd00::206:6:6:6,3299,3299000,3300000,1.0,server_received
fd00::206:6:6:6,3310,3310000,3311000,1.0,server_received
fd00::206:6:6:6,3320,3320000,3321000,1.0,server_received
fd00::206:6:6:6,3330,3330000,3331000,1.0,server_received
fd00::206:6:6:6,3341,3341000,3342000,1.0,server_received
fd00::206:6:6:6,3351,3351000,3352000,1.0,server_received
fd00::206:6:6:6,3362,3362000,3363000,1.0,server_received
fd00::206:6:6:6,3372,3372000,3373000,1.0,server_received
fd00::206:6:6:6,3382,3382000,3383000,1.0,server_received
fd00::206:6:6:6,3393,3393000,3394000,1.0,server_received
fd00::206:6:6:6,3403,3403000,3404000,1.0,server_received
fd00::206:6:6:6,3413,3413000,3414000,1.0,server_received
fd00::206:6:6:6,3424,3424000,3425000,1.0,server_received
fd00::206:6:6:6,3434,3434000,3435000,1.0,server_received
fd00::206:6:6:6,3445,3445000,3446000,1.0,server_received
fd00::206:6:6:6,3455,3455000,3456000,1.0,server_received
fd00::206:6:6:6,3465,3465000,3466000,1.0,server_received
fd00::206:6:6:6,3476,3476000,3477000,1.0,server_received
fd00::206:6:6:6,3486,3486000,3487000,1.0,server_received
fd00::206:6:6:6,3496,3496000,3497000,1.0,server_received
fd00::206:6:6:6,3507,3507000,3508000,1.0,server_received
fd00::206:6:6:6,3517,3517000,3518000,1.0,server_received
fd00::206:6:6:6,3528,3528000,3529000,1.0,server_received
fd00::206:6:6:6,3538,3538000,3539000,1.0,server_received
fd00::206:6:6:6,3548,3548000,3549000,1.0,server_received
fd00::206:6:6:6,3559,3559000,3560000,1.0,server_received
fd00::206:6:6:6,3569,3569000,3570000,1.0,server_received
fd00::206:6:6:6,3579,3579000,3580000,1.0,server_received
fd00::206:6:6:6,3590,3590000,3591000,1.0,server_received
fd00::207:7:7:7,21,21000,22000,0.0,server_received
fd00::207:7:7:7,32,32000,33000,1.0,server_received
fd00::207:7:7:7,42,42000,43000,1.0,server_received
fd00::207:7:7:7,53,53000,54000,1.0,server_received
fd00::207:7:7:7,64,64000,65000,1.0,server_received
fd00::207:7:7:7,75,75000,76000,1.0,server_received
fd00::207:7:7:7,85,85000,86000,1.0,server_received
fd00::207:7:7:7,96,96000,97000,1.0,server_received
fd00::207:7:7:7,107,107000,108000,1.0,server_received
fd00::207:7:7:7,117,117000,118000,1.0,server_received
fd00::207:7:7:7,128,128000,129000,1.0,server_received
fd00::207:7:7:7,139,139000,140000,1.0,server_received
fd00::207:7:7:7,150,150000,151000,1.0,server_received
fd00::207:7:7:7,160,160000,161000,1.0,server_received
fd00::207:7:7:7,171,171000,172000,1.0,server_received
fd00::207:7:7:7,182,182000,183000,1.0,server_received
fd00::207:7:7:7,193,193000,194000,1.0,server_received
fd00::207:7:7:7,203,203000,204000,1.0,server_received
fd00::207:7:7:7,214,214000,215000,1.0,server_received
fd00::207:7:7:7,225,225000,226000,1.0,server_received
fd00::207:7:7:7,235,235000,236000,1.0,server_received
fd00::207:7:7:7,246,246000,247000,1.0,server_received
fd00::207:7:7:7,257,257000,258000,1.0,server_received
fd00::207:7:7:7,268,268000,269000,1.0,server_received
fd00::207:7:7:7,278,278000,279000,1.0,server_received
fd00::207:7:7:7,289,289000,290000,1.0,server_received
fd00::207:7:7:7,300,300000,301000,1.0,server_received
fd00::207:7:7:7,310,310000,311000,1.0,server_received
fd00::207:7:7:7,321,321000,322000,1.0,server_received
fd00::207:7:7:7,332,332000,333000,1.0,server_received
fd00::207:7:7:7,343,343000,344000,1.0,server_received
fd00::207:7:7:7,353,353000,354000,1.0,server_received
fd00::207:7:7:7,364,364000,365000,1.0,server_received
fd00::207:7:7:7,375,375000,376000,1.0,server_received
fd00::207:7:7:7,385,385000,386000,1.0,server_received
fd00::207:7:7:7,396,396000,397000,1.0,server_received
fd00::207:7:7:7,407,407000,408000,1.0,server_received
fd00::207:7:7:7,418,418000,419000,1.0,server_received
fd00::207:7:7:7,428,428000,429000,1.0,server_received
fd00::207:7:7:7,439,439000,440000,1.0,server_received
fd00::207:7:7:7,450,450000,451000,1.0,server_received
fd00::207:7:7:7,461,461000,462000,1.0,server_received
fd00::207:7:7:7,471,471000,472000,1.0,server_received
fd00::207:7:7:7,482,482000,483000,1.0,server_received
fd00::207:7:7:7,493,493000,494000,1.0,server_received
fd00::207:7:7:7,503,503000,504000,1.0,server_received
fd00::207:7:7:7,514,514000,515000,1.0,server_received
fd00::207:7:7:7,525,525000,526000,1.0,server_received
fd00::207:7:7:7,536,536000,537000,1.0,server_received
fd00::207:7:7:7,546,546000,547000,1.0,server_received
fd00::207:7:7:7,557,557000,558000,1.0,server_received
fd00::207:7:7:7,568,568000,569000,1.0,server_received
fd00::207:7:7:7,578,578000,579000,1.0,server_received
fd00::207:7:7:7,589,589000,590000,1.0,server_received
fd00::207:7:7:7,600,600000,601000,1.0,server_received
fd00::207:7:7:7,611,611000,612000,1.0,server_received
fd00::207:7:7:7,621,621000,622000,1.0,server_received
fd00::207:7:7:7,632,632000,633000,1.0,server_received
fd00::207:7:7:7,643,643000,644000,1.0,server_received
fd00::207:7:7:7,653,653000,654000,1.0,server_received
fd00::207:7:7:7,664,664000,665000,1.0,server_received
fd00::207:7:7:7,675,675000,676000,1.0,server_received
fd00::207:7:7:7,686,686000,687000,1.0,server_received
fd00::207:7:7:7,696,696000,697000,1.0,server_received
fd00::207:7:7:7,707,707000,708000,1.0,server_received
fd00::207:7:7:7,718,718000,719000,1.0,server_received
fd00::207:7:7:7,729,729000,730000,1.0,server_received
fd00::207:7:7:7,739,739000,740000,1.0,server_received
fd00::207:7:7:7,750,750000,751000,1.0,server_received
fd00::207:7:7:7,761,761000,762000,1.0,server_received
fd00::207:7:7:7,771,771000,772000,1.0,server_received
fd00::207:7:7:7,782,782000,783000,1.0,server_received
fd00::207:7:7:7,793,793000,794000,1.0,server_received
fd00::207:7:7:7,804,804000,805000,1.0,server_received
fd00::207:7:7:7,814,814000,815000,1.0,server_received
fd00::207:7:7:7,825,825000,826000,1.0,server_received
fd00::207:7:7:7,836,836000,837000,1.0,server_received
fd00::207:7:7:7,846,846000,847000,1.0,server_received
fd00::207:7:7:7,857,857000,858000,1.0,server_received
fd00::207:7:7:7,868,868000,869000,1.0,server_received
fd00::207:7:7:7,879,879000,880000,1.0,server_received
fd00::207:7:7:7,889,889000,890000,1.0,server_received
fd00::207:7:7:7,900,900000,901000,1.0,server_received
fd00::207:7:7:7,911,911000,912000,1.0,server_received
fd00::207:7:7:7,921,921000,922000,1.0,server_received
fd00::207:7:7:7,932,932000,933000,1.0,server_received
fd00::207:7:7:7,943,943000,944000,1.0,server_received
fd00::207:7:7:7,954,954000,955000,1.0,server_received
fd00::207:7:7:7,964,964000,965000,1.0,server_received
fd00::207:7:7:7,975,975000,976000,1.0,server_received
fd00::207:7:7:7,986,986000,987000,1.0,server_received
fd00::207:7:7:7,997,997000,998000,1.0,server_received
fd00::207:7:7:7,1007,1007000,1008000,1.0,server_received
fd00::207:7:7:7,1018,1018000,1019000,1.0,server_received
fd00::207:7:7:7,1029,1029000,1030000,1.0,server_received
fd00::207:7:7:7,1039,1039000,1040000,1.0,server_received
fd00::207:7:7:7,1050,1050000,1051000,1.0,server_received
fd00::207:7:7:7,1061,1061000,1062000,1.0,server_received
fd00::207:7:7:7,1072,1072000,1073000,1.0,server_received
fd00::207:7:7:7,1082,1082000,1083000,1.0,server_received
fd00::207:7:7:7,1093,1093000,1094000,1.0,server_received
fd00::207:7:7:7,1104,1104000,1105000,1.0,server_received
fd00::207:7:7:7,1114,1114000,1115000,1.0,server_received
fd00::207:7:7:7,1125,1125000,1126000,1.0,server_received
fd00::207:7:7:7,1136,1136000,1137000,1.0,server_received
fd00::207:7:7:7,1147,1147000,1148000,1.0,server_received
fd00::207:7:7:7,1157,1157000,1158000,1.0,server_received
fd00::207:7:7:7,1168,1168000,1169000,1.0,server_received
fd00::207:7:7:7,1179,1179000,1180000,1.0,server_received
fd00::207:7:7:7,1189,1189000,1190000,1.0,server_received
fd00::207:7:7:7,1200,1200000,1201000,1.0,server_received
fd00::207:7:7:7,1211,1211000,1212000,1.0,server_received
fd00::207:7:7:7,1222,1222000,1223000,1.0,server_received
fd00::207:7:7:7,1232,1232000,1233000,1.0,server_received
fd00::207:7:7:7,1243,1243000,1244000,1.0,server_received
fd00::207:7:7:7,1254,1254000,1255000,1.0,server_received
fd00::207:7:7:7,1265,1265000,1266000,1.0,server_received
fd00::207:7:7:7,1275,1275000,1276000,1.0,server_received
fd00::207:7:7:7,1286,1286000,1287000,1.0,server_received
fd00::207:7:7:7,1297,1297000,1298000,1.0,server_received
fd00::207:7:7:7,1307,1307000,1308000,1.0,server_received
fd00::207:7:7:7,1318,1318000,1319000,1.0,server_received
fd00::207:7:7:7,1329,1329000,1330000,1.0,server_received
fd00::207:7:7:7,1340,1340000,1341000,1.0,server_received
fd00::207:7:7:7,1350,1350000,1351000,1.0,server_received
fd00::207:7:7:7,1361,1361000,1362000,1.0,server_received
fd00::207:7:7:7,1372,1372000,1373000,1.0,server_received
fd00::207:7:7:7,1382,1382000,1383000,1.0,server_received
fd00::207:7:7:7,1393,1393000,1394000,1.0,server_received
fd00::207:7:7:7,1404,1404000,1405000,1.0,server_received
fd00::207:7:7:7,1415,1415000,1416000,1.0,server_received
fd00::207:7:7:7,1425,1425000,1426000,1.0,server_received
fd00::207:7:7:7,1436,1436000,1437000,1.0,server_received
fd00::207:7:7:7,1447,1447000,1448000,1.0,server_received
fd00::207:7:7:7,1457,1457000,1458000,1.0,server_received
fd00::207:7:7:7,1468,1468000,1469000,1.0,server_received
fd00::207:7:7:7,1479,1479000,1480000,1.0,server_received
fd00::207:7:7:7,1490,1490000,1491000,1.0,server_received
fd00::207:7:7:7,1500,1500000,1501000,1.0,server_received
fd00::207:7:7:7,1511,1511000,1512000,1.0,server_received
fd00::207:7:7:7,1522,1522000,1523000,1.0,server_received
fd00::207:7:7:7,1533,1533000,1534000,1.0,server_received
fd00::207:7:7:7,1543,1543000,1544000,1.0,server_received
fd00::207:7:7:7,1554,1554000,1555000,1.0,server_received
fd00::207:7:7:7,1565,1565000,1566000,1.0,server_received
fd00::207:7:7:7,1575,1575000,1576000,1.0,server_received
fd00::207:7:7:7,1586,1586000,1587000,1.0,server_received
fd00::207:7:7:7,1597,1597000,1598000,1.0,server_received
fd00::207:7:7:7,1608,1608000,1609000,1.0,server_received
fd00::207:7:7:7,1618,1618000,1619000,1.0,server_received
fd00::207:7:7:7,1629,1629000,1630000,1.0,server_received
fd00::207:7:7:7,1640,1640000,1641000,1.0,server_received
fd00::207:7:7:7,1650,1650000,1651000,1.0,server_received
fd00::207:7:7:7,1661,1661000,1662000,1.0,server_received
fd00::207:7:7:7,1672,1672000,1673000,1.0,server_received
fd00::207:7:7:7,1683,1683000,1684000,1.0,server_received
fd00::207:7:7:7,1693,1693000,1694000,1.0,server_received
fd00::207:7:7:7,1704,1704000,1705000,1.0,server_received
fd00::207:7:7:7,1715,1715000,1716000,1.0,server_received
fd00::207:7:7:7,1725,1725000,1726000,1.0,server_received
fd00::207:7:7:7,1736,1736000,1737000,1.0,server_received
fd00::207:7:7:7,1747,1747000,1748000,1.0,server_received
fd00::207:7:7:7,1758,1758000,1759000,1.0,server_received
fd00::207:7:7:7,1768,1768000,1769000,1.0,server_received
fd00::207:7:7:7,1779,1779000,1780000,1.0,server_received
fd00::207:7:7:7,1790,1790000,1791000,1.0,server_received
fd00::207:7:7:7,1800,1800000,1801000,1.0,server_received
fd00::207:7:7:7,1811,1811000,1812000,1.0,server_received
fd00::207:7:7:7,1822,1822000,1823000,1.0,server_received
fd00::207:7:7:7,1833,1833000,1834000,1.0,server_received
fd00::207:7:7:7,1843,1843000,1844000,1.0,server_received
fd00::207:7:7:7,1854,1854000,1855000,1.0,server_received
fd00::207:7:7:7,1865,1865000,1866000,1.0,server_received
fd00::207:7:7:7,1876,1876000,1877000,1.0,server_received
fd00::207:7:7:7,1886,1886000,1887000,1.0,server_received
fd00::207:7:7:7,1897,1897000,1898000,1.0,server_received
fd00::207:7:7:7,1908,1908000,1909000,1.0,server_received
fd00::207:7:7:7,1918,1918000,1919000,1.0,server_received
fd00::207:7:7:7,1929,1929000,1930000,1.0,server_received
fd00::207:7:7:7,1940,1940000,1941000,1.0,server_received
fd00::207:7:7:7,1951,1951000,1952000,1.0,server_received
fd00::207:7:7:7,1961,1961000,1962000,1.0,server_received
fd00::207:7:7:7,1972,1972000,1973000,1.0,server_received
fd00::207:7:7:7,1983,1983000,1984000,1.0,server_received
fd00::207:7:7:7,1993,1993000,1994000,1.0,server_received
fd00::207:7:7:7,2004,2004000,2005000,1.0,server_received
fd00::207:7:7:7,2015,2015000,2016000,1.0,server_received
fd00::207:7:7:7,2026,2026000,2027000,1.0,server_received
fd00::207:7:7:7,2036,2036000,2037000,1.0,server_received
fd00::207:7:7:7,2047,2047000,2048000,1.0,server_received
fd00::207:7:7:7,2058,2058000,2059000,1.0,server_received
fd00::207:7:7:7,2069,2069000,2070000,1.0,server_received
fd00::207:7:7:7,2079,2079000,2080000,1.0,server_received
fd00::207:7:7:7,2090,2090000,2091000,1.0,server_received
fd00::207:7:7:7,2101,2101000,2102000,1.0,server_received
fd00::207:7:7:7,2111,2111000,2112000,1.0,server_received
fd00::207:7:7:7,2122,2122000,2123000,1.0,server_received
fd00::207:7:7:7,2133,2133000,2134000,1.0,server_received
fd00::207:7:7:7,2144,2144000,2145000,1.0,server_received
fd00::207:7:7:7,2154,2154000,2155000,1.0,server_received
fd00::207:7:7:7,2165,2165000,2166000,1.0,server_received
fd00::207:7:7:7,2176,2176000,2177000,1.0,server_received
fd00::207:7:7:7,2186,2186000,2187000,1.0,server_received
fd00::207:7:7:7,2197,2197000,2198000,1.0,server_received
fd00::207:7:7:7,2208,2208000,2209000,1.0,server_received
fd00::207:7:7:7,2219,2219000,2220000,1.0,server_received
fd00::207:7:7:7,2229,2229000,2230000,1.0,server_received
fd00::207:7:7:7,2240,2240000,2241000,1.0,server_received
fd00::207:7:7:7,2251,2251000,2252000,1.0,server_received
fd00::207:7:7:7,2261,2261000,2262000,1.0,server_received
fd00::207:7:7:7,2272,2272000,2273000,1.0,server_received
fd00::207:7:7:7,2283,2283000,2284000,1.0,server_received
fd00::207:7:7:7,2294,2294000,2295000,1.0,server_received
fd00::207:7:7:7,2304,2304000,2305000,1.0,server_received
fd00::207:7:7:7,2315,2315000,2316000,1.0,server_received
fd00::207:7:7:7,2326,2326000,2327000,1.0,server_received
fd00::207:7:7:7,2337,2337000,2338000,1.0,server_received
fd00::207:7:7:7,2347,2347000,2348000,1.0,server_received
fd00::207:7:7:7,2358,2358000,2359000,1.0,server_received
fd00::207:7:7:7,2369,2369000,2370000,1.0,server_received
fd00::207:7:7:7,2379,2379000,2380000,1.0,server_received
fd00::207:7:7:7,2390,2390000,2391000,1.0,server_received
fd00::207:7:7:7,2401,2401000,2402000,1.0,server_received
fd00::207:7:7:7,2412,2412000,2413000,1.0,server_received
fd00::207:7:7:7,2422,2422000,2423000,1.0,server_received
fd00::207:7:7:7,2433,2433000,2434000,1.0,server_received
fd00::207:7:7:7,2444,2444000,2445000,1.0,server_received
fd00::207:7:7:7,2454,2454000,2455000,1.0,server_received
fd00::207:7:7:7,2465,2465000,2466000,1.0,server_received
fd00::207:7:7:7,2476,2476000,2477000,1.0,server_received
fd00::207:7:7:7,2487,2487000,2488000,1.0,server_received
fd00::207:7:7:7,2497,2497000,2498000,1.0,server_received
fd00::207:7:7:7,2508,2508000,2509000,1.0,server_received
fd00::207:7:7:7,2519,2519000,2520000,1.0,server_received
fd00::207:7:7:7,2529,2529000,2530000,1.0,server_received
fd00::207:7:7:7,2540,2540000,2541000,1.0,server_received
fd00::207:7:7:7,2551,2551000,2552000,1.0,server_received
fd00::207:7:7:7,2562,2562000,2563000,1.0,server_received
fd00::207:7:7:7,2572,2572000,2573000,1.0,server_received
fd00::207:7:7:7,2583,2583000,2584000,1.0,server_received
fd00::207:7:7:7,2594,2594000,2595000,1.0,server_received
fd00::207:7:7:7,2605,2605000,2606000,1.0,server_received
fd00::207:7:7:7,2615,2615000,2616000,1.0,server_received
fd00::207:7:7:7,2626,2626000,2627000,1.0,server_received
fd00::207:7:7:7,2637,2637000,2638000,1.0,server_received
fd00::207:7:7:7,2647,2647000,2648000,1.0,server_received
fd00::207:7:7:7,2658,2658000,2659000,1.0,server_received
fd00::207:7:7:7,2669,2669000,2670000,1.0,server_received
fd00::207:7:7:7,2680,2680000,2681000,1.0,server_received
fd00::207:7:7:7,2690,2690000,2691000,1.0,server_received
fd00::207:7:7:7,2701,2701000,2702000,1.0,server_received
fd00::207:7:7:7,2712,2712000,2713000,1.0,server_received
fd00::207:7:7:7,2722,2722000,2723000,1.0,server_received
fd00::207:7:7:7,2733,2733000,2734000,1.0,server_received
fd00::207:7:7:7,2744,2744000,2745000,1.0,server_received
fd00::207:7:7:7,2755,2755000,2756000,1.0,server_received
fd00::207:7:7:7,2765,2765000,2766000,1.0,server_received
fd00::207:7:7:7,2776,2776000,2777000,1.0,server_received
fd00::207:7:7:7,2787,2787000,2788000,1.0,server_received
fd00::207:7:7:7,2797,2797000,2798000,1.0,server_received
fd00::207:7:7:7,2808,2808000,2809000,1.0,server_received
fd00::207:7:7:7,2819,2819000,2820000,1.0,server_received
fd00::207:7:7:7,2830,2830000,2831000,1.0,server_received
fd00::207:7:7:7,2840,2840000,2841000,1.0,server_received
fd00::207:7:7:7,2851,2851000,2852000,1.0,server_received
fd00::207:7:7:7,2862,2862000,2863000,1.0,server_received
fd00::207:7:7:7,2873,2873000,2874000,1.0,server_received
fd00::207:7:7:7,2883,2883000,2884000,1.0,server_received
fd00::207:7:7:7,2894,2894000,2895000,1.0,server_received
fd00::207:7:7:7,2905,2905000,2906000,1.0,server_received
fd00::207:7:7:7,2915,2915000,2916000,1.0,server_received
fd00::207:7:7:7,2926,2926000,2927000,1.0,server_received
fd00::207:7:7:7,2937,2937000,2938000,1.0,server_received
fd00::207:7:7:7,2948,2948000,2949000,1.0,server_received
fd00::207:7:7:7,2958,2958000,2959000,1.0,server_received
fd00::207:7:7:7,2969,2969000,2970000,1.0,server_received
fd00::207:7:7:7,2980,2980000,2981000,1.0,server_received
fd00::207:7:7:7,2990,2990000,2991000,1.0,server_received
fd00::207:7:7:7,3001,3001000,3002000,1.0,server_received
fd00::207:7:7:7,3012,3012000,3013000,1.0,server_received
fd00::207:7:7:7,3023,3023000,3024000,1.0,server_received
fd00::207:7:7:7,3033,3033000,3034000,1.0,server_received
fd00::207:7:7:7,3044,3044000,3045000,1.0,server_received
fd00::207:7:7:7,3055,3055000,3056000,1.0,server_received
fd00::207:7:7:7,3066,3066000,3067000,1.0,server_received
fd00::207:7:7:7,3076,3076000,3077000,1.0,server_received
fd00::207:7:7:7,3087,3087000,3088000,1.0,server_received
fd00::207:7:7:7,3098,3098000,3099000,1.0,server_received
fd00::207:7:7:7,3108,3108000,3109000,1.0,server_received
fd00::207:7:7:7,3119,3119000,3120000,1.0,server_received
fd00::207:7:7:7,3130,3130000,3131000,1.0,server_received
fd00::207:7:7:7,3141,3141000,3142000,1.0,server_received
fd00::207:7:7:7,3151,3151000,3152000,1.0,server_received
fd00::207:7:7:7,3162,3162000,3163000,1.0,server_received
fd00::207:7:7:7,3173,3173000,3174000,1.0,server_received
fd00::207:7:7:7,3183,3183000,3184000,1.0,server_received
fd00::207:7:7:7,3194,3194000,3195000,1.0,server_received
fd00::207:7:7:7,3205,3205000,3206000,1.0,server_received
fd00::207:7:7:7,3216,3216000,3217000,1.0,server_received
fd00::207:7:7:7,3226,3226000,3227000,1.0,server_received
fd00::207:7:7:7,3237,3237000,3238000,1.0,server_received
fd00::207:7:7:7,3248,3248000,3249000,1.0,server_received
fd00::207:7:7:7,3258,3258000,3259000,1.0,server_received
fd00::207:7:7:7,3269,3269000,3270000,1.0,server_received
fd00::207:7:7:7,3280,3280000,3281000,1.0,server_received
fd00::207:7:7:7,3291,3291000,3292000,1.0,server_received
fd00::207:7:7:7,3301,3301000,3302000,1.0,server_received
fd00::207:7:7:7,3312,3312000,3313000,1.0,server_received
fd00::207:7:7:7,3323,3323000,3324000,1.0,server_received
fd00::207:7:7:7,3333,3333000,3334000,1.0,server_received
fd00::207:7:7:7,3344,3344000,3345000,1.0,server_received
fd00::207:7:7:7,3355,3355000,3356000,1.0,server_received
fd00::207:7:7:7,3366,3366000,3367000,1.0,server_received
fd00::207:7:7:7,3376,3376000,3377000,1.0,server_received
fd00::207:7:7:7,3387,3387000,3388000,1.0,server_received
fd00::207:7:7:7,3398,3398000,3399000,1.0,server_received
fd00::207:7:7:7,3408,3408000,3409000,1.0,server_received
fd00::207:7:7:7,3419,3419000,3420000,1.0,server_received
fd00::207:7:7:7,3430,3430000,3431000,1.0,server_received
fd00::207:7:7:7,3441,3441000,3442000,1.0,server_received
fd00::207:7:7:7,3451,3451000,3452000,1.0,server_received
fd00::207:7:7:7,3462,3462000,3463000,1.0,server_received
fd00::207:7:7:7,3473,3473000,3474000,1.0,server_received
fd00::207:7:7:7,3484,3484000,3485000,1.0,server_received
fd00::207:7:7:7,3494,3494000,3495000,1.0,server_received
fd00::207:7:7:7,3505,3505000,3506000,1.0,server_received
fd00::207:7:7:7,3516,3516000,3517000,1.0,server_received
fd00::207:7:7:7,3526,3526000,3527000,1.0,server_received
fd00::207:7:7:7,3537,3537000,3538000,1.0,server_received
fd00::207:7:7:7,3548,3548000,3549000,1.0,server_received
fd00::207:7:7:7,3559,3559000,3560000,1.0,server_received
fd00::207:7:7:7,3569,3569000,3570000,1.0,server_received
fd00::207:7:7:7,3580,3580000,3581000,1.0,server_received
fd00::207:7:7:7,3591,3591000,3592000,1.0,server_received
fd00::208:8:8:8,20,20000,21000,0.0,server_received
fd00::208:8:8:8,30,30000,31000,2.0,server_received
fd00::208:8:8:8,40,40000,41000,2.0,server_received
fd00::208:8:8:8,51,51000,52000,2.0,server_received
fd00::208:8:8:8,61,61000,62000,2.0,server_received
fd00::208:8:8:8,71,71000,72000,2.0,server_received
fd00::208:8:8:8,81,81000,82000,2.0,server_received
fd00::208:8:8:8,92,92000,93000,2.0,server_received
fd00::208:8:8:8,102,102000,103000,2.0,server_received
fd00::208:8:8:8,112,112000,113000,2.0,server_received
fd00::208:8:8:8,123,123000,124000,2.0,server_received
fd00::208:8:8:8,133,133000,134000,2.0,server_received
fd00::208:8:8:8,143,143000,144000,2.0,server_received
fd00::208:8:8:8,153,153000,154000,2.0,server_received
fd00::208:8:8:8,164,164000,165000,2.0,server_received
fd00::208:8:8:8,174,174000,175000,2.0,server_received
fd00::208:8:8:8,184,184000,185000,2.0,server_received
fd00::208:8:8:8,194,194000,195000,2.0,server_received
fd00::208:8:8:8,205,205000,206000,2.0,server_received
fd00::208:8:8:8,215,215000,216000,2.0,server_received
fd00::208:8:8:8,225,225000,226000,2.0,server_received
fd00::208:8:8:8,236,236000,237000,2.0,server_received
fd00::208:8:8:8,246,246000,247000,2.0,server_received
fd00::208:8:8:8,256,256000,257000,2.0,server_received
fd00::208:8:8:8,266,266000,267000,2.0,server_received
fd00::208:8:8:8,277,277000,278000,2.0,server_received
fd00::208:8:8:8,287,287000,288000,2.0,server_received
fd00::208:8:8:8,297,297000,298000,2.0,server_received
fd00::208:8:8:8,308,308000,309000,2.0,server_received
fd00::208:8:8:8,318,318000,319000,2.0,server_received
fd00::208:8:8:8,328,328000,329000,2.0,server_received
fd00::208:8:8:8,338,338000,339000,2.0,server_received
fd00::208:8:8:8,349,349000,350000,2.0,server_received
fd00::208:8:8:8,359,359000,360000,2.0,server_received
fd00::208:8:8:8,369,369000,370000,2.0,server_received
fd00::208:8:8:8,379,379000,380000,2.0,server_received
fd00::208:8:8:8,390,390000,391000,3.0,server_received
fd00::208:8:8:8,400,400000,401000,2.0,server_received
fd00::208:8:8:8,410,410000,411000,2.0,server_received
fd00::208:8:8:8,421,421000,422000,2.0,server_received
fd00::208:8:8:8,431,431000,432000,2.0,server_received
fd00::208:8:8:8,441,441000,442000,2.0,server_received
fd00::208:8:8:8,451,451000,452000,2.0,server_received
fd00::208:8:8:8,462,462000,463000,2.0,server_received
fd00::208:8:8:8,472,472000,473000,2.0,server_received
fd00::208:8:8:8,482,482000,483000,2.0,server_received
fd00::208:8:8:8,493,493000,494000,2.0,server_received
fd00::208:8:8:8,503,503000,504000,2.0,server_received
fd00::208:8:8:8,513,513000,514000,2.0,server_received
fd00::208:8:8:8,523,523000,524000,2.0,server_received
fd00::208:8:8:8,534,534000,535000,2.0,server_received
fd00::208:8:8:8,544,544000,545000,2.0,server_received
fd00::208:8:8:8,554,554000,555000,2.0,server_received
fd00::208:8:8:8,564,564000,565000,2.0,server_received
fd00::208:8:8:8,575,575000,576000,2.0,server_received
fd00::208:8:8:8,585,585000,586000,2.0,server_received
fd00::208:8:8:8,595,595000,596000,2.0,server_received
fd00::208:8:8:8,606,606000,607000,2.0,server_received
fd00::208:8:8:8,616,616000,617000,2.0,server_received
fd00::208:8:8:8,626,626000,627000,2.0,server_received
fd00::208:8:8:8,636,636000,637000,2.0,server_received
fd00::208:8:8:8,647,647000,648000,2.0,server_received
fd00::208:8:8:8,657,657000,658000,2.0,server_received
fd00::208:8:8:8,667,667000,668000,2.0,server_received
fd00::208:8:8:8,677,677000,678000,2.0,server_received
fd00::208:8:8:8,688,688000,689000,2.0,server_received
fd00::208:8:8:8,698,698000,699000,2.0,server_received
fd00::208:8:8:8,708,708000,709000,2.0,server_received
fd00::208:8:8:8,719,719000,720000,2.0,server_received
fd00::208:8:8:8,729,729000,730000,2.0,server_received
fd00::208:8:8:8,739,739000,740000,2.0,server_received
fd00::208:8:8:8,749,749000,750000,2.0,server_received
fd00::208:8:8:8,760,760000,761000,3.0,server_received
fd00::208:8:8:8,770,770000,771000,2.0,server_received
fd00::208:8:8:8,780,780000,781000,2.0,server_received
fd00::208:8:8:8,791,791000,792000,2.0,server_received
fd00::208:8:8:8,801,801000,802000,2.0,server_received
fd00::208:8:8:8,811,811000,812000,2.0,server_received
fd00::208:8:8:8,821,821000,822000,2.0,server_received
fd00::208:8:8:8,832,832000,833000,2.0,server_received
fd00::208:8:8:8,842,842000,843000,2.0,server_received
fd00::208:8:8:8,852,852000,853000,2.0,server_received
fd00::208:8:8:8,862,862000,863000,2.0,server_received
fd00::208:8:8:8,873,873000,874000,2.0,server_received
fd00::208:8:8:8,883,883000,884000,2.0,server_received
fd00::208:8:8:8,893,893000,894000,2.0,server_received
fd00::208:8:8:8,904,904000,905000,2.0,server_received
fd00::208:8:8:8,914,914000,915000,2.0,server_received
fd00::208:8:8:8,924,924000,925000,2.0,server_received
fd00::208:8:8:8,934,934000,935000,2.0,server_received
fd00::208:8:8:8,945,945000,946000,2.0,server_received
fd00::208:8:8:8,955,955000,956000,2.0,server_received
fd00::208:8:8:8,965,965000,966000,2.0,server_received
fd00::208:8:8:8,976,976000,977000,2.0,server_received
fd00::208:8:8:8,986,986000,987000,2.0,server_received
fd00::208:8:8:8,996,996000,997000,2.0,server_received
fd00::208:8:8:8,1006,1006000,1007000,2.0,server_received
fd00::208:8:8:8,1017,1017000,1018000,2.0,server_received
fd00::208:8:8:8,1027,1027000,1028000,2.0,server_received
fd00::208:8:8:8,1037,1037000,1038000,2.0,server_received
fd00::208:8:8:8,1047,1047000,1048000,2.0,server_received
fd00::208:8:8:8,1058,1058000,1059000,2.0,server_received
fd00::208:8:8:8,1068,1068000,1069000,2.0,server_received
fd00::208:8:8:8,1078,1078000,1079000,2.0,server_received
fd00::208:8:8:8,1089,1089000,1090000,2.0,server_received
fd00::208:8:8:8,1099,1099000,1100000,2.0,server_received
fd00::208:8:8:8,1109,1109000,1110000,2.0,server_received
fd00::208:8:8:8,1119,1119000,1120000,2.0,server_received
fd00::208:8:8:8,1130,1130000,1131000,3.0,server_received
fd00::208:8:8:8,1140,1140000,1141000,2.0,server_received
fd00::208:8:8:8,1150,1150000,1151000,2.0,server_received
fd00::208:8:8:8,1161,1161000,1162000,2.0,server_received
fd00::208:8:8:8,1171,1171000,1172000,2.0,server_received
fd00::208:8:8:8,1181,1181000,1182000,2.0,server_received
fd00::208:8:8:8,1191,1191000,1192000,2.0,server_received
fd00::208:8:8:8,1202,1202000,1203000,2.0,server_received
fd00::208:8:8:8,1212,1212000,1213000,2.0,server_received
fd00::208:8:8:8,1222,1222000,1223000,2.0,server_received
fd00::208:8:8:8,1232,1232000,1233000,2.0,server_received
fd00::208:8:8:8,1243,1243000,1244000,2.0,server_received
fd00::208:8:8:8,1253,1253000,1254000,2.0,server_received
fd00::208:8:8:8,1263,1263000,1264000,2.0,server_received
fd00::208:8:8:8,1274,1274000,1275000,2.0,server_received
fd00::208:8:8:8,1284,1284000,1285000,2.0,server_received
fd00::208:8:8:8,1294,1294000,1295000,2.0,server_received
fd00::208:8:8:8,1304,1304000,1305000,2.0,server_received
fd00::208:8:8:8,1315,1315000,1316000,2.0,server_received
fd00::208:8:8:8,1325,1325000,1326000,2.0,server_received
fd00::208:8:8:8,1335,1335000,1336000,2.0,server_received
fd00::208:8:8:8,1345,1345000,1346000,2.0,server_received
fd00::208:8:8:8,1356,1356000,1357000,2.0,server_received
fd00::208:8:8:8,1366,1366000,1367000,2.0,server_received
fd00::208:8:8:8,1376,1376000,1377000,2.0,server_received
fd00::208:8:8:8,1387,1387000,1388000,2.0,server_received
fd00::208:8:8:8,1397,1397000,1398000,2.0,server_received
fd00::208:8:8:8,1407,1407000,1408000,2.0,server_received
fd00::208:8:8:8,1417,1417000,1418000,2.0,server_received
fd00::208:8:8:8,1428,1428000,1429000,2.0,server_received
fd00::208:8:8:8,1438,1438000,1439000,2.0,server_received
fd00::208:8:8:8,1448,1448000,1449000,2.0,server_received
fd00::208:8:8:8,1459,1459000,1460000,2.0,server_received
fd00::208:8:8:8,1469,1469000,1470000,2.0,server_received
fd00::208:8:8:8,1479,1479000,1480000,2.0,server_received
fd00::208:8:8:8,1489,1489000,1490000,2.0,server_received
fd00::208:8:8:8,1500,1500000,1501000,3.0,server_received
fd00::208:8:8:8,1510,1510000,1511000,2.0,server_received
fd00::208:8:8:8,1520,1520000,1521000,2.0,server_received
fd00::208:8:8:8,1530,1530000,1531000,2.0,server_received
fd00::208:8:8:8,1541,1541000,1542000,2.0,server_received
fd00::208:8:8:8,1551,1551000,1552000,2.0,server_received
fd00::208:8:8:8,1561,1561000,1562000,2.0,server_received
fd00::208:8:8:8,1572,1572000,1573000,2.0,server_received
fd00::208:8:8:8,1582,1582000,1583000,2.0,server_received
fd00::208:8:8:8,1592,1592000,1593000,2.0,server_received
fd00::208:8:8:8,1602,1602000,1603000,2.0,server_received
fd00::208:8:8:8,1613,1613000,1614000,2.0,server_received
fd00::208:8:8:8,1623,1623000,1624000,2.0,server_received
fd00::208:8:8:8,1633,1633000,1634000,2.0,server_received
fd00::208:8:8:8,1644,1644000,1645000,2.0,server_received
fd00::208:8:8:8,1654,1654000,1655000,2.0,server_received
fd00::208:8:8:8,1664,1664000,1665000,2.0,server_received
fd00::208:8:8:8,1674,1674000,1675000,2.0,server_received
fd00::208:8:8:8,1685,1685000,1686000,2.0,server_received
fd00::208:8:8:8,1695,1695000,1696000,2.0,server_received
fd00::208:8:8:8,1705,1705000,1706000,2.0,server_received
fd00::208:8:8:8,1715,1715000,1716000,2.0,server_received
fd00::208:8:8:8,1726,1726000,1727000,2.0,server_received
fd00::208:8:8:8,1736,1736000,1737000,2.0,server_received
fd00::208:8:8:8,1746,1746000,1747000,2.0,server_received
fd00::208:8:8:8,1757,1757000,1758000,2.0,server_received
fd00::208:8:8:8,1767,1767000,1768000,2.0,server_received
fd00::208:8:8:8,1777,1777000,1778000,2.0,server_received
fd00::208:8:8:8,1787,1787000,1788000,2.0,server_received
fd00::208:8:8:8,1798,1798000,1799000,2.0,server_received
fd00::208:8:8:8,1808,1808000,1809000,2.0,server_received
fd00::208:8:8:8,1818,1818000,1819000,2.0,server_received
fd00::208:8:8:8,1829,1829000,1830000,2.0,server_received
fd00::208:8:8:8,1839,1839000,1840000,2.0,server_received
fd00::208:8:8:8,1849,1849000,1850000,2.0,server_received
fd00::208:8:8:8,1859,1859000,1860000,2.0,server_received
fd00::208:8:8:8,1870,1870000,1871000,2.0,server_received
fd00::208:8:8:8,1880,1880000,1881000,3.0,server_received
fd00::208:8:8:8,1890,1890000,1891000,2.0,server_received
fd00::208:8:8:8,1900,1900000,1901000,2.0,server_received
fd00::208:8:8:8,1911,1911000,1912000,2.0,server_received
fd00::208:8:8:8,1921,1921000,1922000,2.0,server_received
fd00::208:8:8:8,1931,1931000,1932000,2.0,server_received
fd00::208:8:8:8,1942,1942000,1943000,2.0,server_received
fd00::208:8:8:8,1952,1952000,1953000,2.0,server_received
fd00::208:8:8:8,1962,1962000,1963000,2.0,server_received
fd00::208:8:8:8,1972,1972000,1973000,2.0,server_received
fd00::208:8:8:8,1983,1983000,1984000,2.0,server_received
fd00::208:8:8:8,1993,1993000,1994000,2.0,server_received
fd00::208:8:8:8,2003,2003000,2004000,2.0,server_received
fd00::208:8:8:8,2014,2014000,2015000,2.0,server_received
fd00::208:8:8:8,2024,2024000,2025000,2.0,server_received
fd00::208:8:8:8,2034,2034000,2035000,2.0,server_received
fd00::208:8:8:8,2044,2044000,2045000,2.0,server_received
fd00::208:8:8:8,2055,2055000,2056000,2.0,server_received
fd00::208:8:8:8,2065,2065000,2066000,2.0,server_received
fd00::208:8:8:8,2075,2075000,2076000,2.0,server_received
fd00::208:8:8:8,2085,2085000,2086000,2.0,server_received
fd00::208:8:8:8,2096,2096000,2097000,2.0,server_received
fd00::208:8:8:8,2106,2106000,2107000,2.0,server_received
fd00::208:8:8:8,2116,2116000,2117000,2.0,server_received
fd00::208:8:8:8,2127,2127000,2128000,2.0,server_received
fd00::208:8:8:8,2137,2137000,2138000,2.0,server_received
fd00::208:8:8:8,2147,2147000,2148000,2.0,server_received
fd00::208:8:8:8,2157,2157000,2158000,2.0,server_received
fd00::208:8:8:8,2168,2168000,2169000,2.0,server_received
fd00::208:8:8:8,2178,2178000,2179000,2.0,server_received
fd00::208:8:8:8,2188,2188000,2189000,2.0,server_received
fd00::208:8:8:8,2199,2199000,2200000,2.0,server_received
fd00::208:8:8:8,2209,2209000,2210000,2.0,server_received
fd00::208:8:8:8,2219,2219000,2220000,2.0,server_received
fd00::208:8:8:8,2229,2229000,2230000,2.0,server_received
fd00::208:8:8:8,2240,2240000,2241000,3.0,server_received
fd00::208:8:8:8,2250,2250000,2251000,2.0,server_received
fd00::208:8:8:8,2260,2260000,2261000,2.0,server_received
fd00::208:8:8:8,2270,2270000,2271000,2.0,server_received
fd00::208:8:8:8,2281,2281000,2282000,2.0,server_received
fd00::208:8:8:8,2291,2291000,2292000,2.0,server_received
fd00::208:8:8:8,2301,2301000,2302000,2.0,server_received
fd00::208:8:8:8,2312,2312000,2313000,2.0,server_received
fd00::208:8:8:8,2322,2322000,2323000,2.0,server_received
fd00::208:8:8:8,2332,2332000,2333000,2.0,server_received
fd00::208:8:8:8,2342,2342000,2343000,2.0,server_received
fd00::208:8:8:8,2353,2353000,2354000,2.0,server_received
fd00::208:8:8:8,2363,2363000,2364000,2.0,server_received
fd00::208:8:8:8,2373,2373000,2374000,2.0,server_received
fd00::208:8:8:8,2383,2383000,2384000,2.0,server_received
fd00::208:8:8:8,2394,2394000,2395000,2.0,server_received
fd00::208:8:8:8,2404,2404000,2405000,2.0,server_received
fd00::208:8:8:8,2414,2414000,2415000,2.0,server_received
fd00::208:8:8:8,2425,2425000,2426000,2.0,server_received
fd00::208:8:8:8,2435,2435000,2436000,2.0,server_received
fd00::208:8:8:8,2445,2445000,2446000,2.0,server_received
fd00::208:8:8:8,2455,2455000,2456000,2.0,server_received
fd00::208:8:8:8,2466,2466000,2467000,2.0,server_received
fd00::208:8:8:8,2476,2476000,2477000,2.0,server_received
fd00::208:8:8:8,2486,2486000,2487000,2.0,server_received
fd00::208:8:8:8,2497,2497000,2498000,2.0,server_received
fd00::208:8:8:8,2507,2507000,2508000,2.0,server_received
fd00::208:8:8:8,2517,2517000,2518000,2.0,server_received
fd00::208:8:8:8,2527,2527000,2528000,2.0,server_received
fd00::208:8:8:8,2538,2538000,2539000,2.0,server_received
fd00::208:8:8:8,2548,2548000,2549000,2.0,server_received
fd00::208:8:8:8,2558,2558000,2559000,2.0,server_received
fd00::208:8:8:8,2568,2568000,2569000,2.0,server_received
fd00::208:8:8:8,2579,2579000,2580000,2.0,server_received
fd00::208:8:8:8,2589,2589000,2590000,2.0,server_received
fd00::208:8:8:8,2599,2599000,2600000,2.0,server_received
fd00::208:8:8:8,2610,2610000,2611000,3.0,server_received
fd00::208:8:8:8,2620,2620000,2621000,2.0,server_received
fd00::208:8:8:8,2630,2630000,2631000,2.0,server_received
fd00::208:8:8:8,2640,2640000,2641000,2.0,server_received
fd00::208:8:8:8,2651,2651000,2652000,2.0,server_received
fd00::208:8:8:8,2661,2661000,2662000,2.0,server_received
fd00::208:8:8:8,2671,2671000,2672000,2.0,server_received
fd00::208:8:8:8,2681,2681000,2682000,2.0,server_received
fd00::208:8:8:8,2692,2692000,2693000,2.0,server_received
fd00::208:8:8:8,2702,2702000,2703000,2.0,server_received
fd00::208:8:8:8,2712,2712000,2713000,2.0,server_received
fd00::208:8:8:8,2723,2723000,2724000,2.0,server_received
fd00::208:8:8:8,2733,2733000,2734000,2.0,server_received
fd00::208:8:8:8,2743,2743000,2744000,2.0,server_received
fd00::208:8:8:8,2753,2753000,2754000,2.0,server_received
fd00::208:8:8:8,2764,2764000,2765000,2.0,server_received
fd00::208:8:8:8,2774,2774000,2775000,2.0,server_received
fd00::208:8:8:8,2784,2784000,2785000,2.0,server_received
fd00::208:8:8:8,2795,2795000,2796000,2.0,server_received
fd00::208:8:8:8,2805,2805000,2806000,2.0,server_received
fd00::208:8:8:8,2815,2815000,2816000,2.0,server_received
fd00::208:8:8:8,2825,2825000,2826000,2.0,server_received
fd00::208:8:8:8,2836,2836000,2837000,2.0,server_received
fd00::208:8:8:8,2846,2846000,2847000,2.0,server_received
fd00::208:8:8:8,2856,2856000,2857000,2.0,server_received
fd00::208:8:8:8,2867,2867000,2868000,2.0,server_received
fd00::208:8:8:8,2877,2877000,2878000,2.0,server_received
fd00::208:8:8:8,2887,2887000,2888000,2.0,server_received
fd00::208:8:8:8,2897,2897000,2898000,2.0,server_received
fd00::208:8:8:8,2908,2908000,2909000,2.0,server_received
fd00::208:8:8:8,2918,2918000,2919000,2.0,server_received
fd00::208:8:8:8,2928,2928000,2929000,2.0,server_received
fd00::208:8:8:8,2938,2938000,2939000,2.0,server_received
fd00::208:8:8:8,2949,2949000,2950000,2.0,server_received
fd00::208:8:8:8,2959,2959000,2960000,2.0,server_received
fd00::208:8:8:8,2969,2969000,2970000,2.0,server_received
fd00::208:8:8:8,2980,2980000,2981000,2.0,server_received
fd00::208:8:8:8,2990,2990000,2991000,3.0,server_received
fd00::208:8:8:8,3000,3000000,3001000,2.0,server_received
fd00::208:8:8:8,3010,3010000,3011000,2.0,server_received
fd00::208:8:8:8,3021,3021000,3022000,2.0,server_received
fd00::208:8:8:8,3031,3031000,3032000,2.0,server_received
fd00::208:8:8:8,3041,3041000,3042000,2.0,server_received
fd00::208:8:8:8,3051,3051000,3052000,2.0,server_received
fd00::208:8:8:8,3062,3062000,3063000,2.0,server_received
fd00::208:8:8:8,3072,3072000,3073000,2.0,server_received
fd00::208:8:8:8,3082,3082000,3083000,2.0,server_received
fd00::208:8:8:8,3093,3093000,3094000,2.0,server_received
fd00::208:8:8:8,3103,3103000,3104000,2.0,server_received
fd00::208:8:8:8,3113,3113000,3114000,2.0,server_received
fd00::208:8:8:8,3123,3123000,3124000,2.0,server_received
fd00::208:8:8:8,3134,3134000,3135000,2.0,server_received
fd00::208:8:8:8,3144,3144000,3145000,2.0,server_received
fd00::208:8:8:8,3154,3154000,3155000,2.0,server_received
fd00::208:8:8:8,3165,3165000,3166000,2.0,server_received
fd00::208:8:8:8,3175,3175000,3176000,2.0,server_received
fd00::208:8:8:8,3185,3185000,3186000,2.0,server_received
fd00::208:8:8:8,3195,3195000,3196000,2.0,server_received
fd00::208:8:8:8,3206,3206000,3207000,2.0,server_received
fd00::208:8:8:8,3216,3216000,3217000,2.0,server_received
fd00::208:8:8:8,3226,3226000,3227000,2.0,server_received
fd00::208:8:8:8,3236,3236000,3237000,2.0,server_received
fd00::208:8:8:8,3247,3247000,3248000,2.0,server_received
fd00::208:8:8:8,3257,3257000,3258000,2.0,server_received
fd00::208:8:8:8,3267,3267000,3268000,2.0,server_received
fd00::208:8:8:8,3278,3278000,3279000,2.0,server_received
fd00::208:8:8:8,3288,3288000,3289000,2.0,server_received
fd00::208:8:8:8,3298,3298000,3299000,2.0,server_received
fd00::208:8:8:8,3308,3308000,3309000,2.0,server_received
fd00::208:8:8:8,3319,3319000,3320000,2.0,server_received
fd00::208:8:8:8,3329,3329000,3330000,2.0,server_received
fd00::208:8:8:8,3339,3339000,3340000,2.0,server_received
fd00::208:8:8:8,3350,3350000,3351000,2.0,server_received
fd00::208:8:8:8,3360,3360000,3361000,3.0,server_received
fd00::208:8:8:8,3370,3370000,3371000,2.0,server_received
fd00::208:8:8:8,3380,3380000,3381000,2.0,server_received
fd00::208:8:8:8,3391,3391000,3392000,2.0,server_received
fd00::208:8:8:8,3401,3401000,3402000,2.0,server_received
fd00::208:8:8:8,3411,3411000,3412000,2.0,server_received
fd00::208:8:8:8,3421,3421000,3422000,2.0,server_received
fd00::208:8:8:8,3432,3432000,3433000,2.0,server_received
fd00::208:8:8:8,3442,3442000,3443000,2.0,server_received
fd00::208:8:8:8,3452,3452000,3453000,2.0,server_received
fd00::208:8:8:8,3463,3463000,3464000,2.0,server_received
fd00::208:8:8:8,3473,3473000,3474000,2.0,server_received
fd00::208:8:8:8,3483,3483000,3484000,2.0,server_received
fd00::208:8:8:8,3493,3493000,3494000,2.0,server_received
fd00::208:8:8:8,3504,3504000,3505000,2.0,server_received
fd00::208:8:8:8,3514,3514000,3515000,2.0,server_received
fd00::208:8:8:8,3524,3524000,3525000,2.0,server_received
fd00::208:8:8:8,3535,3535000,3536000,2.0,server_received
fd00::208:8:8:8,3545,3545000,3546000,2.0,server_received
fd00::208:8:8:8,3555,3555000,3556000,2.0,server_received
fd00::208:8:8:8,3565,3565000,3566000,2.0,server_received
fd00::208:8:8:8,3576,3576000,3577000,2.0,server_received
fd00::208:8:8:8,3586,3586000,3587000,2.0,server_received
fd00::208:8:8:8,3596,3596000,3597000,2.0,server_received
fd00::209:9:9:9,42,42000,43000,0.0,server_received
fd00::209:9:9:9,52,52000,53000,2.0,server_received
fd00::209:9:9:9,63,63000,64000,2.0,server_received
fd00::209:9:9:9,74,74000,75000,2.0,server_received
fd00::209:9:9:9,84,84000,85000,2.0,server_received
fd00::209:9:9:9,95,95000,96000,2.0,server_received
fd00::209:9:9:9,105,105000,106000,2.0,server_received
fd00::209:9:9:9,116,116000,117000,2.0,server_received
fd00::209:9:9:9,126,126000,127000,2.0,server_received
fd00::209:9:9:9,137,137000,138000,2.0,server_received
fd00::209:9:9:9,147,147000,148000,2.0,server_received
fd00::209:9:9:9,158,158000,159000,2.0,server_received
fd00::209:9:9:9,168,168000,169000,2.0,server_received
fd00::209:9:9:9,179,179000,180000,2.0,server_received
fd00::209:9:9:9,189,189000,190000,2.0,server_received
fd00::209:9:9:9,200,200000,201000,3.0,server_received
fd00::209:9:9:9,210,210000,211000,2.0,server_received
fd00::209:9:9:9,221,221000,222000,2.0,server_received
fd00::209:9:9:9,231,231000,232000,2.0,server_received
fd00::209:9:9:9,242,242000,243000,2.0,server_received
fd00::209:9:9:9,252,252000,253000,2.0,server_received
fd00::209:9:9:9,263,263000,264000,2.0,server_received
fd00::209:9:9:9,273,273000,274000,2.0,server_received
fd00::209:9:9:9,284,284000,285000,2.0,server_received
fd00::209:9:9:9,294,294000,295000,2.0,server_received
fd00::209:9:9:9,305,305000,306000,2.0,server_received
fd00::209:9:9:9,315,315000,316000,2.0,server_received
fd00::209:9:9:9,326,326000,327000,2.0,server_received
fd00::209:9:9:9,336,336000,337000,2.0,server_received
fd00::209:9:9:9,347,347000,348000,2.0,server_received
fd00::209:9:9:9,357,357000,358000,2.0,server_received
fd00::209:9:9:9,368,368000,369000,2.0,server_received
fd00::209:9:9:9,378,378000,379000,2.0,server_received
fd00::209:9:9:9,389,389000,390000,2.0,server_received
fd00::209:9:9:9,400,400000,401000,2.0,server_received
fd00::209:9:9:9,410,410000,411000,3.0,server_received
fd00::209:9:9:9,421,421000,422000,2.0,server_received
fd00::209:9:9:9,431,431000,432000,2.0,server_received
fd00::209:9:9:9,442,442000,443000,2.0,server_received
fd00::209:9:9:9,452,452000,453000,2.0,server_received
fd00::209:9:9:9,463,463000,464000,2.0,server_received
fd00::209:9:9:9,473,473000,474000,2.0,server_received
fd00::209:9:9:9,484,484000,485000,2.0,server_received
fd00::209:9:9:9,494,494000,495000,2.0,server_received
fd00::209:9:9:9,505,505000,506000,2.0,server_received
fd00::209:9:9:9,515,515000,516000,2.0,server_received
fd00::209:9:9:9,526,526000,527000,2.0,server_received
fd00::209:9:9:9,536,536000,537000,2.0,server_received
fd00::209:9:9:9,547,547000,548000,2.0,server_received
fd00::209:9:9:9,557,557000,558000,2.0,server_received
fd00::209:9:9:9,568,568000,569000,2.0,server_received
fd00::209:9:9:9,578,578000,579000,2.0,server_received
fd00::209:9:9:9,589,589000,590000,2.0,server_received
fd00::209:9:9:9,599,599000,600000,2.0,server_received
fd00::209:9:9:9,610,610000,611000,3.0,server_received
fd00::209:9:9:9,620,620000,621000,2.0,server_received
fd00::209:9:9:9,631,631000,632000,2.0,server_received
fd00::209:9:9:9,641,641000,642000,2.0,server_received
fd00::209:9:9:9,652,652000,653000,2.0,server_received
fd00::209:9:9:9,662,662000,663000,2.0,server_received
fd00::209:9:9:9,673,673000,674000,2.0,server_received
fd00::209:9:9:9,683,683000,684000,2.0,server_received
fd00::209:9:9:9,694,694000,695000,2.0,server_received
fd00::209:9:9:9,705,705000,706000,2.0,server_received
fd00::209:9:9:9,715,715000,716000,2.0,server_received
fd00::209:9:9:9,726,726000,727000,2.0,server_received
fd00::209:9:9:9,736,736000,737000,2.0,server_received
fd00::209:9:9:9,747,747000,748000,2.0,server_received
fd00::209:9:9:9,757,757000,758000,2.0,server_received
fd00::209:9:9:9,768,768000,769000,2.0,server_received
fd00::209:9:9:9,778,778000,779000,2.0,server_received
fd00::209:9:9:9,789,789000,790000,2.0,server_received
fd00::209:9:9:9,799,799000,800000,2.0,server_received
fd00::209:9:9:9,810,810000,811000,3.0,server_received
fd00::209:9:9:9,820,820000,821000,2.0,server_received
fd00::209:9:9:9,831,831000,832000,2.0,server_received
fd00::209:9:9:9,841,841000,842000,2.0,server_received
fd00::209:9:9:9,852,852000,853000,2.0,server_received
fd00::209:9:9:9,862,862000,863000,2.0,server_received
fd00::209:9:9:9,873,873000,874000,2.0,server_received
fd00::209:9:9:9,883,883000,884000,2.0,server_received
fd00::209:9:9:9,894,894000,895000,2.0,server_received
fd00::209:9:9:9,904,904000,905000,2.0,server_received
fd00::209:9:9:9,915,915000,916000,2.0,server_received
fd00::209:9:9:9,925,925000,926000,2.0,server_received
fd00::209:9:9:9,936,936000,937000,2.0,server_received
fd00::209:9:9:9,946,946000,947000,2.0,server_received
fd00::209:9:9:9,957,957000,958000,2.0,server_received
fd00::209:9:9:9,967,967000,968000,2.0,server_received
fd00::209:9:9:9,978,978000,979000,2.0,server_received
fd00::209:9:9:9,988,988000,989000,2.0,server_received
fd00::209:9:9:9,999,999000,1000000,2.0,server_received
fd00::209:9:9:9,1009,1009000,1010000,2.0,server_received
fd00::209:9:9:9,1020,1020000,1021000,3.0,server_received
fd00::209:9:9:9,1031,1031000,1032000,2.0,server_received
fd00::209:9:9:9,1041,1041000,1042000,2.0,server_received
fd00::209:9:9:9,1052,1052000,1053000,2.0,server_received
fd00::209:9:9:9,1062,1062000,1063000,2.0,server_received
fd00::209:9:9:9,1073,1073000,1074000,2.0,server_received
fd00::209:9:9:9,1083,1083000,1084000,2.0,server_received
fd00::209:9:9:9,1094,1094000,1095000,2.0,server_received
fd00::209:9:9:9,1104,1104000,1105000,2.0,server_received
fd00::209:9:9:9,1115,1115000,1116000,2.0,server_received
fd00::209:9:9:9,1125,1125000,1126000,2.0,server_received
fd00::209:9:9:9,1136,1136000,1137000,2.0,server_received
fd00::209:9:9:9,1146,1146000,1147000,2.0,server_received
fd00::209:9:9:9,1157,1157000,1158000,2.0,server_received
fd00::209:9:9:9,1167,1167000,1168000,2.0,server_received
fd00::209:9:9:9,1178,1178000,1179000,2.0,server_received
fd00::209:9:9:9,1188,1188000,1189000,2.0,server_received
fd00::209:9:9:9,1199,1199000,1200000,2.0,server_received
fd00::209:9:9:9,1209,1209000,1210000,2.0,server_received
fd00::209:9:9:9,1220,1220000,1221000,3.0,server_received
fd00::209:9:9:9,1230,1230000,1231000,2.0,server_received
fd00::209:9:9:9,1241,1241000,1242000,2.0,server_received
fd00::209:9:9:9,1251,1251000,1252000,2.0,server_received
fd00::209:9:9:9,1262,1262000,1263000,2.0,server_received
fd00::209:9:9:9,1272,1272000,1273000,2.0,server_received
fd00::209:9:9:9,1283,1283000,1284000,2.0,server_received
fd00::209:9:9:9,1293,1293000,1294000,2.0,server_received
fd00::209:9:9:9,1304,1304000,1305000,2.0,server_received
fd00::209:9:9:9,1315,1315000,1316000,2.0,server_received
fd00::209:9:9:9,1325,1325000,1326000,2.0,server_received
fd00::209:9:9:9,1336,1336000,1337000,2.0,server_received
fd00::209:9:9:9,1346,1346000,1347000,2.0,server_received
fd00::209:9:9:9,1357,1357000,1358000,2.0,server_received
fd00::209:9:9:9,1367,1367000,1368000,2.0,server_received
fd00::209:9:9:9,1378,1378000,1379000,2.0,server_received
fd00::209:9:9:9,1388,1388000,1389000,2.0,server_received
fd00::209:9:9:9,1399,1399000,1400000,2.0,server_received
fd00::209:9:9:9,1409,1409000,1410000,2.0,server_received
fd00::209:9:9:9,1420,1420000,1421000,2.0,server_received
fd00::209:9:9:9,1430,1430000,1431000,3.0,server_received
fd00::209:9:9:9,1441,1441000,1442000,2.0,server_received
fd00::209:9:9:9,1451,1451000,1452000,2.0,server_received
fd00::209:9:9:9,1462,1462000,1463000,2.0,server_received
fd00::209:9:9:9,1472,1472000,1473000,2.0,server_received
fd00::209:9:9:9,1483,1483000,1484000,2.0,server_received
fd00::209:9:9:9,1493,1493000,1494000,1.0,server_received
fd00::209:9:9:9,1504,1504000,1505000,2.0,server_received
fd00::209:9:9:9,1514,1514000,1515000,2.0,server_received
fd00::209:9:9:9,1525,1525000,1526000,2.0,server_received
fd00::209:9:9:9,1535,1535000,1536000,2.0,server_received
fd00::209:9:9:9,1546,1546000,1547000,2.0,server_received
fd00::209:9:9:9,1556,1556000,1557000,2.0,server_received
fd00::209:9:9:9,1567,1567000,1568000,2.0,server_received
fd00::209:9:9:9,1577,1577000,1578000,2.0,server_received
fd00::209:9:9:9,1588,1588000,1589000,2.0,server_received
fd00::209:9:9:9,1598,1598000,1599000,2.0,server_received
fd00::209:9:9:9,1609,1609000,1610000,2.0,server_received
fd00::209:9:9:9,1619,1619000,1620000,2.0,server_received
fd00::209:9:9:9,1630,1630000,1631000,3.0,server_received
fd00::209:9:9:9,1641,1641000,1642000,2.0,server_received
fd00::209:9:9:9,1651,1651000,1652000,2.0,server_received
fd00::209:9:9:9,1662,1662000,1663000,2.0,server_received
fd00::209:9:9:9,1672,1672000,1673000,2.0,server_received
fd00::209:9:9:9,1683,1683000,1684000,2.0,server_received
fd00::209:9:9:9,1693,1693000,1694000,2.0,server_received
fd00::209:9:9:9,1704,1704000,1705000,2.0,server_received
fd00::209:9:9:9,1714,1714000,1715000,2.0,server_received
fd00::209:9:9:9,1725,1725000,1726000,2.0,server_received
fd00::209:9:9:9,1735,1735000,1736000,2.0,server_received
fd00::209:9:9:9,1746,1746000,1747000,2.0,server_received
fd00::209:9:9:9,1756,1756000,1757000,2.0,server_received
fd00::209:9:9:9,1767,1767000,1768000,2.0,server_received
fd00::209:9:9:9,1777,1777000,1778000,2.0,server_received
fd00::209:9:9:9,1788,1788000,1789000,2.0,server_received
fd00::209:9:9:9,1798,1798000,1799000,2.0,server_received
fd00::209:9:9:9,1809,1809000,1810000,2.0,server_received
fd00::209:9:9:9,1819,1819000,1820000,2.0,server_received
fd00::209:9:9:9,1830,1830000,1831000,3.0,server_received
fd00::209:9:9:9,1840,1840000,1841000,2.0,server_received
fd00::209:9:9:9,1851,1851000,1852000,2.0,server_received
fd00::209:9:9:9,1861,1861000,1862000,2.0,server_received
fd00::209:9:9:9,1872,1872000,1873000,2.0,server_received
fd00::209:9:9:9,1882,1882000,1883000,2.0,server_received
fd00::209:9:9:9,1893,1893000,1894000,2.0,server_received
fd00::209:9:9:9,1903,1903000,1904000,2.0,server_received
fd00::209:9:9:9,1914,1914000,1915000,2.0,server_received
fd00::209:9:9:9,1924,1924000,1925000,2.0,server_received
fd00::209:9:9:9,1935,1935000,1936000,2.0,server_received
fd00::209:9:9:9,1946,1946000,1947000,2.0,server_received
fd00::209:9:9:9,1956,1956000,1957000,2.0,server_received
fd00::209:9:9:9,1967,1967000,1968000,2.0,server_received
fd00::209:9:9:9,1977,1977000,1978000,2.0,server_received
fd00::209:9:9:9,1988,1988000,1989000,2.0,server_received
fd00::209:9:9:9,1998,1998000,1999000,2.0,server_received
fd00::209:9:9:9,2009,2009000,2010000,2.0,server_received
fd00::209:9:9:9,2019,2019000,2020000,2.0,server_received
fd00::209:9:9:9,2030,2030000,2031000,2.0,server_received
fd00::209:9:9:9,2040,2040000,2041000,3.0,server_received
fd00::209:9:9:9,2051,2051000,2052000,2.0,server_received
fd00::209:9:9:9,2061,2061000,2062000,2.0,server_received
fd00::209:9:9:9,2072,2072000,2073000,2.0,server_received
fd00::209:9:9:9,2082,2082000,2083000,2.0,server_received
fd00::209:9:9:9,2093,2093000,2094000,2.0,server_received
fd00::209:9:9:9,2103,2103000,2104000,2.0,server_received
fd00::209:9:9:9,2114,2114000,2115000,2.0,server_received
fd00::209:9:9:9,2124,2124000,2125000,2.0,server_received
fd00::209:9:9:9,2135,2135000,2136000,2.0,server_received
fd00::209:9:9:9,2145,2145000,2146000,2.0,server_received
fd00::209:9:9:9,2156,2156000,2157000,2.0,server_received
fd00::209:9:9:9,2166,2166000,2167000,2.0,server_received
fd00::209:9:9:9,2177,2177000,2178000,2.0,server_received
fd00::209:9:9:9,2187,2187000,2188000,2.0,server_received
fd00::209:9:9:9,2198,2198000,2199000,2.0,server_received
fd00::209:9:9:9,2208,2208000,2209000,2.0,server_received
fd00::209:9:9:9,2219,2219000,2220000,2.0,server_received
fd00::209:9:9:9,2229,2229000,2230000,2.0,server_received
fd00::209:9:9:9,2240,2240000,2241000,2.0,server_received
fd00::209:9:9:9,2251,2251000,2252000,2.0,server_received
fd00::209:9:9:9,2261,2261000,2262000,2.0,server_received
fd00::209:9:9:9,2272,2272000,2273000,2.0,server_received
fd00::209:9:9:9,2282,2282000,2283000,2.0,server_received
fd00::209:9:9:9,2293,2293000,2294000,2.0,server_received
fd00::209:9:9:9,2303,2303000,2304000,2.0,server_received
fd00::209:9:9:9,2314,2314000,2315000,2.0,server_received
fd00::209:9:9:9,2324,2324000,2325000,2.0,server_received
fd00::209:9:9:9,2335,2335000,2336000,2.0,server_received
fd00::209:9:9:9,2345,2345000,2346000,2.0,server_received
fd00::209:9:9:9,2356,2356000,2357000,2.0,server_received
fd00::209:9:9:9,2366,2366000,2367000,2.0,server_received
fd00::209:9:9:9,2377,2377000,2378000,2.0,server_received
fd00::209:9:9:9,2387,2387000,2388000,2.0,server_received
fd00::209:9:9:9,2398,2398000,2399000,2.0,server_received
fd00::209:9:9:9,2408,2408000,2409000,2.0,server_received
fd00::209:9:9:9,2419,2419000,2420000,2.0,server_received
fd00::209:9:9:9,2429,2429000,2430000,2.0,server_received
fd00::209:9:9:9,2440,2440000,2441000,3.0,server_received
fd00::209:9:9:9,2450,2450000,2451000,2.0,server_received
fd00::209:9:9:9,2461,2461000,2462000,2.0,server_received
fd00::209:9:9:9,2471,2471000,2472000,2.0,server_received
fd00::209:9:9:9,2482,2482000,2483000,2.0,server_received
fd00::209:9:9:9,2492,2492000,2493000,2.0,server_received
fd00::209:9:9:9,2503,2503000,2504000,2.0,server_received
fd00::209:9:9:9,2513,2513000,2514000,2.0,server_received
fd00::209:9:9:9,2524,2524000,2525000,2.0,server_received
fd00::209:9:9:9,2534,2534000,2535000,2.0,server_received
fd00::209:9:9:9,2545,2545000,2546000,2.0,server_received
fd00::209:9:9:9,2556,2556000,2557000,2.0,server_received
fd00::209:9:9:9,2566,2566000,2567000,2.0,server_received
fd00::209:9:9:9,2577,2577000,2578000,2.0,server_received
fd00::209:9:9:9,2587,2587000,2588000,2.0,server_received
fd00::209:9:9:9,2598,2598000,2599000,2.0,server_received
fd00::209:9:9:9,2608,2608000,2609000,2.0,server_received
fd00::209:9:9:9,2619,2619000,2620000,2.0,server_received
fd00::209:9:9:9,2629,2629000,2630000,2.0,server_received
fd00::209:9:9:9,2640,2640000,2641000,3.0,server_received
fd00::209:9:9:9,2650,2650000,2651000,2.0,server_received
fd00::209:9:9:9,2661,2661000,2662000,2.0,server_received
fd00::209:9:9:9,2671,2671000,2672000,2.0,server_received
fd00::209:9:9:9,2682,2682000,2683000,2.0,server_received
fd00::209:9:9:9,2692,2692000,2693000,2.0,server_received
fd00::209:9:9:9,2703,2703000,2704000,2.0,server_received
fd00::209:9:9:9,2713,2713000,2714000,2.0,server_received
fd00::209:9:9:9,2724,2724000,2725000,2.0,server_received
fd00::209:9:9:9,2734,2734000,2735000,2.0,server_received
fd00::209:9:9:9,2745,2745000,2746000,2.0,server_received
fd00::209:9:9:9,2755,2755000,2756000,2.0,server_received
fd00::209:9:9:9,2766,2766000,2767000,2.0,server_received
fd00::209:9:9:9,2776,2776000,2777000,2.0,server_received
fd00::209:9:9:9,2787,2787000,2788000,2.0,server_received
fd00::209:9:9:9,2797,2797000,2798000,2.0,server_received
fd00::209:9:9:9,2808,2808000,2809000,2.0,server_received
fd00::209:9:9:9,2818,2818000,2819000,2.0,server_received
fd00::209:9:9:9,2829,2829000,2830000,2.0,server_received
fd00::209:9:9:9,2839,2839000,2840000,2.0,server_received
fd00::209:9:9:9,2850,2850000,2851000,3.0,server_received
fd00::209:9:9:9,2861,2861000,2862000,2.0,server_received
fd00::209:9:9:9,2871,2871000,2872000,2.0,server_received
fd00::209:9:9:9,2882,2882000,2883000,2.0,server_received
fd00::209:9:9:9,2892,2892000,2893000,2.0,server_received
fd00::209:9:9:9,2903,2903000,2904000,2.0,server_received
fd00::209:9:9:9,2913,2913000,2914000,2.0,server_received
fd00::209:9:9:9,2924,2924000,2925000,2.0,server_received
fd00::209:9:9:9,2934,2934000,2935000,2.0,server_received
fd00::209:9:9:9,2945,2945000,2946000,2.0,server_received
fd00::209:9:9:9,2955,2955000,2956000,2.0,server_received
fd00::209:9:9:9,2966,2966000,2967000,2.0,server_received
fd00::209:9:9:9,2976,2976000,2977000,2.0,server_received
fd00::209:9:9:9,2987,2987000,2988000,2.0,server_received
fd00::209:9:9:9,2997,2997000,2998000,2.0,server_received
fd00::209:9:9:9,3008,3008000,3009000,2.0,server_received
fd00::209:9:9:9,3018,3018000,3019000,2.0,server_received
fd00::209:9:9:9,3029,3029000,3030000,2.0,server_received
fd00::209:9:9:9,3039,3039000,3040000,2.0,server_received
fd00::209:9:9:9,3050,3050000,3051000,3.0,server_received
fd00::209:9:9:9,3060,3060000,3061000,2.0,server_received
fd00::209:9:9:9,3071,3071000,3072000,1.0,server_received
fd00::209:9:9:9,3081,3081000,3082000,2.0,server_received
fd00::209:9:9:9,3092,3092000,3093000,2.0,server_received
fd00::209:9:9:9,3102,3102000,3103000,2.0,server_received
fd00::209:9:9:9,3113,3113000,3114000,2.0,server_received
fd00::209:9:9:9,3123,3123000,3124000,2.0,server_received
fd00::209:9:9:9,3134,3134000,3135000,2.0,server_received
fd00::209:9:9:9,3144,3144000,3145000,2.0,server_received
fd00::209:9:9:9,3155,3155000,3156000,2.0,server_received
fd00::209:9:9:9,3165,3165000,3166000,2.0,server_received
fd00::209:9:9:9,3176,3176000,3177000,2.0,server_received
fd00::209:9:9:9,3187,3187000,3188000,2.0,server_received
fd00::209:9:9:9,3197,3197000,3198000,2.0,server_received
fd00::209:9:9:9,3208,3208000,3209000,2.0,server_received
fd00::209:9:9:9,3218,3218000,3219000,2.0,server_received
fd00::209:9:9:9,3229,3229000,3230000,2.0,server_received
fd00::209:9:9:9,3239,3239000,3240000,2.0,server_received
fd00::209:9:9:9,3250,3250000,3251000,3.0,server_received
fd00::209:9:9:9,3260,3260000,3261000,2.0,server_received
fd00::209:9:9:9,3271,3271000,3272000,2.0,server_received
fd00::209:9:9:9,3281,3281000,3282000,2.0,server_received
fd00::209:9:9:9,3292,3292000,3293000,2.0,server_received
fd00::209:9:9:9,3302,3302000,3303000,2.0,server_received
fd00::209:9:9:9,3313,3313000,3314000,2.0,server_received
fd00::209:9:9:9,3323,3323000,3324000,2.0,server_received
fd00::209:9:9:9,3334,3334000,3335000,2.0,server_received
fd00::209:9:9:9,3344,3344000,3345000,2.0,server_received
fd00::209:9:9:9,3355,3355000,3356000,2.0,server_received
fd00::209:9:9:9,3365,3365000,3366000,2.0,server_received
fd00::209:9:9:9,3376,3376000,3377000,2.0,server_received
fd00::209:9:9:9,3386,3386000,3387000,2.0,server_received
fd00::209:9:9:9,3397,3397000,3398000,2.0,server_received
fd00::209:9:9:9,3407,3407000,3408000,2.0,server_received
fd00::209:9:9:9,3418,3418000,3419000,2.0,server_received
fd00::209:9:9:9,3428,3428000,3429000,2.0,server_received
fd00::209:9:9:9,3439,3439000,3440000,2.0,server_received
fd00::209:9:9:9,3449,3449000,3450000,2.0,server_received
fd00::209:9:9:9,3460,3460000,3461000,3.0,server_received
fd00::209:9:9:9,3470,3470000,3471000,2.0,server_received
fd00::209:9:9:9,3481,3481000,3482000,2.0,server_received
fd00::209:9:9:9,3492,3492000,3493000,2.0,server_received
fd00::209:9:9:9,3502,3502000,3503000,2.0,server_received
fd00::209:9:9:9,3513,3513000,3514000,2.0,server_received
fd00::209:9:9:9,3523,3523000,3524000,2.0,server_received
fd00::209:9:9:9,3534,3534000,3535000,2.0,server_received
fd00::209:9:9:9,3544,3544000,3545000,2.0,server_received
fd00::209:9:9:9,3555,3555000,3556000,1.0,server_received
fd00::209:9:9:9,3565,3565000,3566000,2.0,server_received
fd00::209:9:9:9,3576,3576000,3577000,2.0,server_received
fd00::209:9:9:9,3586,3586000,3587000,2.0,server_received
fd00::209:9:9:9,3597,3597000,3598000,2.0,server_received
fd00::20a:a:a:a,51,51000,52000,0.0,server_received
fd00::20a:a:a:a,61,61000,62000,2.0,server_received
fd00::20a:a:a:a,71,71000,72000,2.0,server_received
fd00::20a:a:a:a,82,82000,83000,1.0,server_received
fd00::20a:a:a:a,92,92000,93000,2.0,server_received
fd00::20a:a:a:a,102,102000,103000,2.0,server_received
fd00::20a:a:a:a,112,112000,113000,2.0,server_received
fd00::20a:a:a:a,122,122000,123000,2.0,server_received
fd00::20a:a:a:a,133,133000,134000,2.0,server_received
fd00::20a:a:a:a,143,143000,144000,2.0,server_received
fd00::20a:a:a:a,153,153000,154000,2.0,server_received
fd00::20a:a:a:a,163,163000,164000,2.0,server_received
fd00::20a:a:a:a,173,173000,174000,2.0,server_received
fd00::20a:a:a:a,184,184000,185000,2.0,server_received
fd00::20a:a:a:a,194,194000,195000,2.0,server_received
fd00::20a:a:a:a,204,204000,205000,2.0,server_received
fd00::20a:a:a:a,214,214000,215000,2.0,server_received
fd00::20a:a:a:a,225,225000,226000,2.0,server_received
fd00::20a:a:a:a,235,235000,236000,2.0,server_received
fd00::20a:a:a:a,245,245000,246000,2.0,server_received
fd00::20a:a:a:a,255,255000,256000,2.0,server_received
fd00::20a:a:a:a,265,265000,266000,2.0,server_received
fd00::20a:a:a:a,276,276000,277000,2.0,server_received
fd00::20a:a:a:a,286,286000,287000,2.0,server_received
fd00::20a:a:a:a,296,296000,297000,2.0,server_received
fd00::20a:a:a:a,306,306000,307000,2.0,server_received
fd00::20a:a:a:a,317,317000,318000,2.0,server_received
fd00::20a:a:a:a,327,327000,328000,2.0,server_received
fd00::20a:a:a:a,337,337000,338000,2.0,server_received
fd00::20a:a:a:a,347,347000,348000,2.0,server_received
fd00::20a:a:a:a,357,357000,358000,2.0,server_received
fd00::20a:a:a:a,368,368000,369000,2.0,server_received
fd00::20a:a:a:a,378,378000,379000,2.0,server_received
fd00::20a:a:a:a,388,388000,389000,2.0,server_received
fd00::20a:a:a:a,398,398000,399000,2.0,server_received
fd00::20a:a:a:a,409,409000,410000,2.0,server_received
fd00::20a:a:a:a,419,419000,420000,2.0,server_received
fd00::20a:a:a:a,429,429000,430000,2.0,server_received
fd00::20a:a:a:a,439,439000,440000,2.0,server_received
fd00::20a:a:a:a,449,449000,450000,2.0,server_received
fd00::20a:a:a:a,460,460000,461000,2.0,server_received
fd00::20a:a:a:a,470,470000,471000,3.0,server_received
fd00::20a:a:a:a,480,480000,481000,2.0,server_received
fd00::20a:a:a:a,490,490000,491000,2.0,server_received
fd00::20a:a:a:a,501,501000,502000,2.0,server_received
fd00::20a:a:a:a,511,511000,512000,2.0,server_received
fd00::20a:a:a:a,521,521000,522000,2.0,server_received
fd00::20a:a:a:a,531,531000,532000,2.0,server_received
fd00::20a:a:a:a,541,541000,542000,2.0,server_received
fd00::20a:a:a:a,552,552000,553000,2.0,server_received
fd00::20a:a:a:a,562,562000,563000,2.0,server_received
fd00::20a:a:a:a,572,572000,573000,2.0,server_received
fd00::20a:a:a:a,582,582000,583000,2.0,server_received
fd00::20a:a:a:a,592,592000,593000,2.0,server_received
fd00::20a:a:a:a,603,603000,604000,1.0,server_received
fd00::20a:a:a:a,613,613000,614000,2.0,server_received
fd00::20a:a:a:a,623,623000,624000,2.0,server_received
fd00::20a:a:a:a,633,633000,634000,2.0,server_received
fd00::20a:a:a:a,644,644000,645000,2.0,server_received
fd00::20a:a:a:a,654,654000,655000,2.0,server_received
fd00::20a:a:a:a,664,664000,665000,2.0,server_received
fd00::20a:a:a:a,674,674000,675000,2.0,server_received
fd00::20a:a:a:a,684,684000,685000,1.0,server_received
fd00::20a:a:a:a,695,695000,696000,2.0,server_received
fd00::20a:a:a:a,705,705000,706000,2.0,server_received
fd00::20a:a:a:a,715,715000,716000,2.0,server_received
fd00::20a:a:a:a,725,725000,726000,2.0,server_received
fd00::20a:a:a:a,735,735000,736000,2.0,server_received
fd00::20a:a:a:a,746,746000,747000,2.0,server_received
fd00::20a:a:a:a,756,756000,757000,2.0,server_received
fd00::20a:a:a:a,766,766000,767000,2.0,server_received
fd00::20a:a:a:a,776,776000,777000,2.0,server_received
fd00::20a:a:a:a,787,787000,788000,1.0,server_received
fd00::20a:a:a:a,797,797000,798000,2.0,server_received
fd00::20a:a:a:a,807,807000,808000,2.0,server_received
fd00::20a:a:a:a,817,817000,818000,2.0,server_received
fd00::20a:a:a:a,827,827000,828000,2.0,server_received
fd00::20a:a:a:a,838,838000,839000,2.0,server_received
fd00::20a:a:a:a,848,848000,849000,1.0,server_received
fd00::20a:a:a:a,858,858000,859000,1.0,server_received
fd00::20a:a:a:a,868,868000,869000,2.0,server_received
fd00::20a:a:a:a,879,879000,880000,2.0,server_received
fd00::20a:a:a:a,889,889000,890000,2.0,server_received
fd00::20a:a:a:a,899,899000,900000,2.0,server_received
fd00::20a:a:a:a,909,909000,910000,2.0,server_received
fd00::20a:a:a:a,919,919000,920000,2.0,server_received
fd00::20a:a:a:a,930,930000,931000,2.0,server_received
fd00::20a:a:a:a,940,940000,941000,2.0,server_received
fd00::20a:a:a:a,950,950000,951000,3.0,server_received
fd00::20a:a:a:a,960,960000,961000,2.0,server_received
fd00::20a:a:a:a,971,971000,972000,2.0,server_received
fd00::20a:a:a:a,981,981000,982000,2.0,server_received
fd00::20a:a:a:a,991,991000,992000,2.0,server_received
fd00::20a:a:a:a,1001,1001000,1002000,2.0,server_received
fd00::20a:a:a:a,1011,1011000,1012000,2.0,server_received
fd00::20a:a:a:a,1022,1022000,1023000,2.0,server_received
fd00::20a:a:a:a,1032,1032000,1033000,2.0,server_received
fd00::20a:a:a:a,1042,1042000,1043000,2.0,server_received
fd00::20a:a:a:a,1052,1052000,1053000,2.0,server_received
fd00::20a:a:a:a,1063,1063000,1064000,2.0,server_received
fd00::20a:a:a:a,1073,1073000,1074000,2.0,server_received
fd00::20a:a:a:a,1083,1083000,1084000,2.0,server_received
fd00::20a:a:a:a,1093,1093000,1094000,2.0,server_received
fd00::20a:a:a:a,1103,1103000,1104000,2.0,server_received
fd00::20a:a:a:a,1114,1114000,1115000,2.0,server_received
fd00::20a:a:a:a,1124,1124000,1125000,2.0,server_received
fd00::20a:a:a:a,1134,1134000,1135000,2.0,server_received
fd00::20a:a:a:a,1144,1144000,1145000,2.0,server_received
fd00::20a:a:a:a,1154,1154000,1155000,2.0,server_received
fd00::20a:a:a:a,1165,1165000,1166000,2.0,server_received
fd00::20a:a:a:a,1175,1175000,1176000,2.0,server_received
fd00::20a:a:a:a,1185,1185000,1186000,2.0,server_received
fd00::20a:a:a:a,1195,1195000,1196000,2.0,server_received
fd00::20a:a:a:a,1206,1206000,1207000,2.0,server_received
fd00::20a:a:a:a,1216,1216000,1217000,2.0,server_received
fd00::20a:a:a:a,1226,1226000,1227000,2.0,server_received
fd00::20a:a:a:a,1236,1236000,1237000,2.0,server_received
fd00::20a:a:a:a,1246,1246000,1247000,2.0,server_received
fd00::20a:a:a:a,1257,1257000,1258000,2.0,server_received
fd00::20a:a:a:a,1267,1267000,1268000,2.0,server_received
fd00::20a:a:a:a,1277,1277000,1278000,2.0,server_received
fd00::20a:a:a:a,1287,1287000,1288000,2.0,server_received
fd00::20a:a:a:a,1298,1298000,1299000,2.0,server_received
fd00::20a:a:a:a,1308,1308000,1309000,2.0,server_received
fd00::20a:a:a:a,1318,1318000,1319000,2.0,server_received
fd00::20a:a:a:a,1328,1328000,1329000,2.0,server_received
fd00::20a:a:a:a,1338,1338000,1339000,2.0,server_received
fd00::20a:a:a:a,1349,1349000,1350000,2.0,server_received
fd00::20a:a:a:a,1359,1359000,1360000,1.0,server_received
fd00::20a:a:a:a,1369,1369000,1370000,2.0,server_received
fd00::20a:a:a:a,1379,1379000,1380000,1.0,server_received
fd00::20a:a:a:a,1390,1390000,1391000,2.0,server_received
fd00::20a:a:a:a,1400,1400000,1401000,2.0,server_received
fd00::20a:a:a:a,1410,1410000,1411000,3.0,server_received
fd00::20a:a:a:a,1420,1420000,1421000,2.0,server_received
fd00::20a:a:a:a,1430,1430000,1431000,2.0,server_received
fd00::20a:a:a:a,1441,1441000,1442000,2.0,server_received
fd00::20a:a:a:a,1451,1451000,1452000,2.0,server_received
fd00::20a:a:a:a,1461,1461000,1462000,2.0,server_received
fd00::20a:a:a:a,1471,1471000,1472000,2.0,server_received
fd00::20a:a:a:a,1482,1482000,1483000,2.0,server_received
fd00::20a:a:a:a,1492,1492000,1493000,2.0,server_received
fd00::20a:a:a:a,1502,1502000,1503000,2.0,server_received
fd00::20a:a:a:a,1512,1512000,1513000,2.0,server_received
fd00::20a:a:a:a,1522,1522000,1523000,2.0,server_received
fd00::20a:a:a:a,1533,1533000,1534000,2.0,server_received
fd00::20a:a:a:a,1543,1543000,1544000,2.0,server_received
fd00::20a:a:a:a,1553,1553000,1554000,2.0,server_received
fd00::20a:a:a:a,1563,1563000,1564000,2.0,server_received
fd00::20a:a:a:a,1573,1573000,1574000,2.0,server_received
fd00::20a:a:a:a,1584,1584000,1585000,2.0,server_received
fd00::20a:a:a:a,1594,1594000,1595000,2.0,server_received
fd00::20a:a:a:a,1604,1604000,1605000,2.0,server_received
fd00::20a:a:a:a,1614,1614000,1615000,2.0,server_received
fd00::20a:a:a:a,1625,1625000,1626000,2.0,server_received
fd00::20a:a:a:a,1635,1635000,1636000,2.0,server_received
fd00::20a:a:a:a,1645,1645000,1646000,2.0,server_received
fd00::20a:a:a:a,1655,1655000,1656000,2.0,server_received
fd00::20a:a:a:a,1665,1665000,1666000,2.0,server_received
fd00::20a:a:a:a,1676,1676000,1677000,2.0,server_received
fd00::20a:a:a:a,1686,1686000,1687000,2.0,server_received
fd00::20a:a:a:a,1696,1696000,1697000,2.0,server_received
fd00::20a:a:a:a,1706,1706000,1707000,2.0,server_received
fd00::20a:a:a:a,1717,1717000,1718000,2.0,server_received
fd00::20a:a:a:a,1727,1727000,1728000,2.0,server_received
fd00::20a:a:a:a,1737,1737000,1738000,2.0,server_received
fd00::20a:a:a:a,1747,1747000,1748000,2.0,server_received
fd00::20a:a:a:a,1757,1757000,1758000,2.0,server_received
fd00::20a:a:a:a,1768,1768000,1769000,2.0,server_received
fd00::20a:a:a:a,1778,1778000,1779000,2.0,server_received
fd00::20a:a:a:a,1788,1788000,1789000,2.0,server_received
fd00::20a:a:a:a,1798,1798000,1799000,2.0,server_received
fd00::20a:a:a:a,1809,1809000,1810000,2.0,server_received
fd00::20a:a:a:a,1819,1819000,1820000,2.0,server_received
fd00::20a:a:a:a,1829,1829000,1830000,2.0,server_received
fd00::20a:a:a:a,1839,1839000,1840000,2.0,server_received
fd00::20a:a:a:a,1849,1849000,1850000,2.0,server_received
fd00::20a:a:a:a,1860,1860000,1861000,2.0,server_received
fd00::20a:a:a:a,1870,1870000,1871000,3.0,server_received
fd00::20a:a:a:a,1880,1880000,1881000,2.0,server_received
fd00::20a:a:a:a,1890,1890000,1891000,2.0,server_received
fd00::20a:a:a:a,1901,1901000,1902000,2.0,server_received
fd00::20a:a:a:a,1911,1911000,1912000,2.0,server_received
fd00::20a:a:a:a,1921,1921000,1922000,2.0,server_received
fd00::20a:a:a:a,1931,1931000,1932000,2.0,server_received
fd00::20a:a:a:a,1941,1941000,1942000,2.0,server_received
fd00::20a:a:a:a,1952,1952000,1953000,2.0,server_received
fd00::20a:a:a:a,1962,1962000,1963000,2.0,server_received
fd00::20a:a:a:a,1972,1972000,1973000,2.0,server_received
fd00::20a:a:a:a,1982,1982000,1983000,2.0,server_received
fd00::20a:a:a:a,1992,1992000,1993000,2.0,server_received
fd00::20a:a:a:a,2003,2003000,2004000,2.0,server_received
fd00::20a:a:a:a,2013,2013000,2014000,2.0,server_received
fd00::20a:a:a:a,2023,2023000,2024000,2.0,server_received
fd00::20a:a:a:a,2033,2033000,2034000,2.0,server_received
fd00::20a:a:a:a,2044,2044000,2045000,2.0,server_received
fd00::20a:a:a:a,2054,2054000,2055000,2.0,server_received
fd00::20a:a:a:a,2064,2064000,2065000,2.0,server_received
fd00::20a:a:a:a,2074,2074000,2075000,2.0,server_received
fd00::20a:a:a:a,2084,2084000,2085000,2.0,server_received
fd00::20a:a:a:a,2095,2095000,2096000,2.0,server_received
fd00::20a:a:a:a,2105,2105000,2106000,2.0,server_received
fd00::20a:a:a:a,2115,2115000,2116000,2.0,server_received
fd00::20a:a:a:a,2125,2125000,2126000,2.0,server_received
fd00::20a:a:a:a,2136,2136000,2137000,2.0,server_received
fd00::20a:a:a:a,2146,2146000,2147000,2.0,server_received
fd00::20a:a:a:a,2156,2156000,2157000,2.0,server_received
fd00::20a:a:a:a,2166,2166000,2167000,2.0,server_received
fd00::20a:a:a:a,2176,2176000,2177000,2.0,server_received
fd00::20a:a:a:a,2187,2187000,2188000,2.0,server_received
fd00::20a:a:a:a,2197,2197000,2198000,2.0,server_received
fd00::20a:a:a:a,2207,2207000,2208000,2.0,server_received
fd00::20a:a:a:a,2217,2217000,2218000,2.0,server_received
fd00::20a:a:a:a,2227,2227000,2228000,2.0,server_received
fd00::20a:a:a:a,2238,2238000,2239000,2.0,server_received
fd00::20a:a:a:a,2248,2248000,2249000,1.0,server_received
fd00::20a:a:a:a,2258,2258000,2259000,2.0,server_received
fd00::20a:a:a:a,2268,2268000,2269000,2.0,server_received
fd00::20a:a:a:a,2279,2279000,2280000,2.0,server_received
fd00::20a:a:a:a,2289,2289000,2290000,2.0,server_received
fd00::20a:a:a:a,2299,2299000,2300000,2.0,server_received
fd00::20a:a:a:a,2309,2309000,2310000,2.0,server_received
fd00::20a:a:a:a,2319,2319000,2320000,2.0,server_received
fd00::20a:a:a:a,2330,2330000,2331000,2.0,server_received
fd00::20a:a:a:a,2340,2340000,2341000,3.0,server_received
fd00::20a:a:a:a,2350,2350000,2351000,2.0,server_received
fd00::20a:a:a:a,2360,2360000,2361000,2.0,server_received
fd00::20a:a:a:a,2371,2371000,2372000,2.0,server_received
fd00::20a:a:a:a,2381,2381000,2382000,2.0,server_received
fd00::20a:a:a:a,2391,2391000,2392000,2.0,server_received
fd00::20a:a:a:a,2401,2401000,2402000,2.0,server_received
fd00::20a:a:a:a,2411,2411000,2412000,2.0,server_received
fd00::20a:a:a:a,2422,2422000,2423000,2.0,server_received
fd00::20a:a:a:a,2432,2432000,2433000,2.0,server_received
fd00::20a:a:a:a,2442,2442000,2443000,2.0,server_received
fd00::20a:a:a:a,2452,2452000,2453000,2.0,server_received
fd00::20a:a:a:a,2463,2463000,2464000,2.0,server_received
fd00::20a:a:a:a,2473,2473000,2474000,2.0,server_received
fd00::20a:a:a:a,2483,2483000,2484000,2.0,server_received
fd00::20a:a:a:a,2493,2493000,2494000,2.0,server_received
fd00::20a:a:a:a,2503,2503000,2504000,2.0,server_received
fd00::20a:a:a:a,2514,2514000,2515000,2.0,server_received
fd00::20a:a:a:a,2524,2524000,2525000,2.0,server_received
fd00::20a:a:a:a,2534,2534000,2535000,2.0,server_received
fd00::20a:a:a:a,2544,2544000,2545000,2.0,server_received
fd00::20a:a:a:a,2555,2555000,2556000,2.0,server_received
fd00::20a:a:a:a,2565,2565000,2566000,2.0,server_received
fd00::20a:a:a:a,2575,2575000,2576000,2.0,server_received
fd00::20a:a:a:a,2585,2585000,2586000,2.0,server_received
fd00::20a:a:a:a,2595,2595000,2596000,2.0,server_received
fd00::20a:a:a:a,2606,2606000,2607000,2.0,server_received
fd00::20a:a:a:a,2616,2616000,2617000,2.0,server_received
fd00::20a:a:a:a,2626,2626000,2627000,2.0,server_received
fd00::20a:a:a:a,2636,2636000,2637000,2.0,server_received
fd00::20a:a:a:a,2646,2646000,2647000,2.0,server_received
fd00::20a:a:a:a,2657,2657000,2658000,2.0,server_received
fd00::20a:a:a:a,2667,2667000,2668000,2.0,server_received
fd00::20a:a:a:a,2677,2677000,2678000,2.0,server_received
fd00::20a:a:a:a,2687,2687000,2688000,2.0,server_received
fd00::20a:a:a:a,2698,2698000,2699000,2.0,server_received
fd00::20a:a:a:a,2708,2708000,2709000,2.0,server_received
fd00::20a:a:a:a,2718,2718000,2719000,2.0,server_received
fd00::20a:a:a:a,2728,2728000,2729000,2.0,server_received
fd00::20a:a:a:a,2738,2738000,2739000,2.0,server_received
fd00::20a:a:a:a,2749,2749000,2750000,2.0,server_received
fd00::20a:a:a:a,2759,2759000,2760000,2.0,server_received
fd00::20a:a:a:a,2769,2769000,2770000,2.0,server_received
fd00::20a:a:a:a,2779,2779000,2780000,2.0,server_received
fd00::20a:a:a:a,2790,2790000,2791000,2.0,server_received
fd00::20a:a:a:a,2800,2800000,2801000,2.0,server_received
fd00::20a:a:a:a,2810,2810000,2811000,3.0,server_received
fd00::20a:a:a:a,2820,2820000,2821000,2.0,server_received
fd00::20a:a:a:a,2830,2830000,2831000,2.0,server_received
fd00::20a:a:a:a,2841,2841000,2842000,2.0,server_received
fd00::20a:a:a:a,2851,2851000,2852000,2.0,server_received
fd00::20a:a:a:a,2861,2861000,2862000,2.0,server_received
fd00::20a:a:a:a,2871,2871000,2872000,2.0,server_received
fd00::20a:a:a:a,2882,2882000,2883000,2.0,server_received
fd00::20a:a:a:a,2892,2892000,2893000,2.0,server_received
fd00::20a:a:a:a,2902,2902000,2903000,2.0,server_received
fd00::20a:a:a:a,2912,2912000,2913000,2.0,server_received
fd00::20a:a:a:a,2922,2922000,2923000,2.0,server_received
fd00::20a:a:a:a,2933,2933000,2934000,2.0,server_received
fd00::20a:a:a:a,2943,2943000,2944000,2.0,server_received
fd00::20a:a:a:a,2953,2953000,2954000,2.0,server_received
fd00::20a:a:a:a,2963,2963000,2964000,2.0,server_received
fd00::20a:a:a:a,2974,2974000,2975000,2.0,server_received
fd00::20a:a:a:a,2984,2984000,2985000,1.0,server_received
fd00::20a:a:a:a,2994,2994000,2995000,2.0,server_received
fd00::20a:a:a:a,3004,3004000,3005000,2.0,server_received
fd00::20a:a:a:a,3014,3014000,3015000,2.0,server_received
fd00::20a:a:a:a,3025,3025000,3026000,2.0,server_received
fd00::20a:a:a:a,3035,3035000,3036000,2.0,server_received
fd00::20a:a:a:a,3045,3045000,3046000,2.0,server_received
fd00::20a:a:a:a,3055,3055000,3056000,2.0,server_received
fd00::20a:a:a:a,3066,3066000,3067000,2.0,server_received
fd00::20a:a:a:a,3076,3076000,3077000,2.0,server_received
fd00::20a:a:a:a,3086,3086000,3087000,2.0,server_received
fd00::20a:a:a:a,3096,3096000,3097000,2.0,server_received
fd00::20a:a:a:a,3106,3106000,3107000,2.0,server_received
fd00::20a:a:a:a,3117,3117000,3118000,2.0,server_received
fd00::20a:a:a:a,3127,3127000,3128000,2.0,server_received
fd00::20a:a:a:a,3137,3137000,3138000,2.0,server_received
fd00::20a:a:a:a,3147,3147000,3148000,2.0,server_received
fd00::20a:a:a:a,3157,3157000,3158000,2.0,server_received
fd00::20a:a:a:a,3168,3168000,3169000,2.0,server_received
fd00::20a:a:a:a,3178,3178000,3179000,2.0,server_received
fd00::20a:a:a:a,3188,3188000,3189000,2.0,server_received
fd00::20a:a:a:a,3198,3198000,3199000,2.0,server_received
fd00::20a:a:a:a,3209,3209000,3210000,2.0,server_received
fd00::20a:a:a:a,3219,3219000,3220000,2.0,server_received
fd00::20a:a:a:a,3229,3229000,3230000,2.0,server_received
fd00::20a:a:a:a,3239,3239000,3240000,2.0,server_received
fd00::20a:a:a:a,3249,3249000,3250000,2.0,server_received
fd00::20a:a:a:a,3260,3260000,3261000,2.0,server_received
fd00::20a:a:a:a,3270,3270000,3271000,2.0,server_received
fd00::20a:a:a:a,3280,3280000,3281000,3.0,server_received
fd00::20a:a:a:a,3290,3290000,3291000,2.0,server_received
fd00::20a:a:a:a,3300,3300000,3301000,2.0,server_received
fd00::20a:a:a:a,3311,3311000,3312000,2.0,server_received
fd00::20a:a:a:a,3321,3321000,3322000,2.0,server_received
fd00::20a:a:a:a,3331,3331000,3332000,2.0,server_received
fd00::20a:a:a:a,3341,3341000,3342000,2.0,server_received
fd00::20a:a:a:a,3352,3352000,3353000,2.0,server_received
fd00::20a:a:a:a,3362,3362000,3363000,2.0,server_received
fd00::20a:a:a:a,3372,3372000,3373000,2.0,server_received
fd00::20a:a:a:a,3382,3382000,3383000,2.0,server_received
fd00::20a:a:a:a,3392,3392000,3393000,2.0,server_received
fd00::20a:a:a:a,3403,3403000,3404000,2.0,server_received
fd00::20a:a:a:a,3413,3413000,3414000,2.0,server_received
fd00::20a:a:a:a,3423,3423000,3424000,2.0,server_received
fd00::20a:a:a:a,3433,3433000,3434000,2.0,server_received
fd00::20a:a:a:a,3444,3444000,3445000,2.0,server_received
fd00::20a:a:a:a,3454,3454000,3455000,2.0,server_received
fd00::20a:a:a:a,3464,3464000,3465000,2.0,server_received
fd00::20a:a:a:a,3474,3474000,3475000,2.0,server_received
fd00::20a:a:a:a,3484,3484000,3485000,2.0,server_received
fd00::20a:a:a:a,3495,3495000,3496000,2.0,server_received
fd00::20a:a:a:a,3505,3505000,3506000,2.0,server_received
fd00::20a:a:a:a,3515,3515000,3516000,2.0,server_received
fd00::20a:a:a:a,3525,3525000,3526000,2.0,server_received
fd00::20a:a:a:a,3536,3536000,3537000,2.0,server_received
fd00::20a:a:a:a,3546,3546000,3547000,2.0,server_received
fd00::20a:a:a:a,3556,3556000,3557000,2.0,server_received
fd00::20a:a:a:a,3566,3566000,3567000,2.0,server_received
fd00::20a:a:a:a,3576,3576000,3577000,2.0,server_received
fd00::20a:a:a:a,3587,3587000,3588000,2.0,server_received
fd00::20a:a:a:a,3597,3597000,3598000,2.0,server_received
fd00::20b:b:b:b,52,52000,53000,0.0,server_received
fd00::20b:b:b:b,63,63000,64000,2.0,server_received
fd00::20b:b:b:b,74,74000,75000,2.0,server_received
fd00::20b:b:b:b,84,84000,85000,2.0,server_received
fd00::20b:b:b:b,95,95000,96000,2.0,server_received
fd00::20b:b:b:b,106,106000,107000,2.0,server_received
fd00::20b:b:b:b,116,116000,117000,2.0,server_received
fd00::20b:b:b:b,127,127000,128000,2.0,server_received
fd00::20b:b:b:b,137,137000,138000,1.0,server_received
fd00::20b:b:b:b,148,148000,149000,1.0,server_received
fd00::20b:b:b:b,159,159000,160000,2.0,server_received
fd00::20b:b:b:b,169,169000,170000,1.0,server_received
fd00::20b:b:b:b,180,180000,181000,2.0,server_received
fd00::20b:b:b:b,190,190000,191000,3.0,server_received
fd00::20b:b:b:b,201,201000,202000,2.0,server_received
fd00::20b:b:b:b,212,212000,213000,2.0,server_received
fd00::20b:b:b:b,222,222000,223000,2.0,server_received
fd00::20b:b:b:b,233,233000,234000,2.0,server_received
fd00::20b:b:b:b,243,243000,244000,1.0,server_received
fd00::20b:b:b:b,254,254000,255000,1.0,server_received
fd00::20b:b:b:b,265,265000,266000,1.0,server_received
fd00::20b:b:b:b,275,275000,276000,1.0,server_received
fd00::20b:b:b:b,286,286000,287000,2.0,server_received
fd00::20b:b:b:b,296,296000,297000,2.0,server_received
fd00::20b:b:b:b,307,307000,308000,2.0,server_received
fd00::20b:b:b:b,318,318000,319000,2.0,server_received
fd00::20b:b:b:b,328,328000,329000,2.0,server_received
fd00::20b:b:b:b,339,339000,340000,2.0,server_received
fd00::20b:b:b:b,350,350000,351000,1.0,server_received
fd00::20b:b:b:b,360,360000,361000,2.0,server_received
fd00::20b:b:b:b,371,371000,372000,2.0,server_received
fd00::20b:b:b:b,381,381000,382000,2.0,server_received
fd00::20b:b:b:b,392,392000,393000,2.0,server_received
fd00::20b:b:b:b,403,403000,404000,2.0,server_received
fd00::20b:b:b:b,413,413000,414000,2.0,server_received
fd00::20b:b:b:b,424,424000,425000,2.0,server_received
fd00::20b:b:b:b,434,434000,435000,2.0,server_received
fd00::20b:b:b:b,445,445000,446000,2.0,server_received
fd00::20b:b:b:b,456,456000,457000,2.0,server_received
fd00::20b:b:b:b,466,466000,467000,2.0,server_received
fd00::20b:b:b:b,477,477000,478000,2.0,server_received
fd00::20b:b:b:b,487,487000,488000,2.0,server_received
fd00::20b:b:b:b,498,498000,499000,2.0,server_received
fd00::20b:b:b:b,509,509000,510000,2.0,server_received
fd00::20b:b:b:b,519,519000,520000,2.0,server_received
fd00::20b:b:b:b,530,530000,531000,2.0,server_received
fd00::20b:b:b:b,540,540000,541000,3.0,server_received
fd00::20b:b:b:b,551,551000,552000,2.0,server_received
fd00::20b:b:b:b,562,562000,563000,2.0,server_received
fd00::20b:b:b:b,572,572000,573000,2.0,server_received
fd00::20b:b:b:b,583,583000,584000,2.0,server_received
fd00::20b:b:b:b,594,594000,595000,2.0,server_received
fd00::20b:b:b:b,604,604000,605000,2.0,server_received
fd00::20b:b:b:b,615,615000,616000,2.0,server_received
fd00::20b:b:b:b,625,625000,626000,2.0,server_received
fd00::20b:b:b:b,636,636000,637000,2.0,server_received
fd00::20b:b:b:b,647,647000,648000,2.0,server_received
fd00::20b:b:b:b,657,657000,658000,2.0,server_received
fd00::20b:b:b:b,668,668000,669000,2.0,server_received
fd00::20b:b:b:b,678,678000,679000,2.0,server_received
fd00::20b:b:b:b,689,689000,690000,2.0,server_received
fd00::20b:b:b:b,700,700000,701000,2.0,server_received
fd00::20b:b:b:b,710,710000,711000,3.0,server_received
fd00::20b:b:b:b,721,721000,722000,2.0,server_received
fd00::20b:b:b:b,731,731000,732000,2.0,server_received
fd00::20b:b:b:b,742,742000,743000,2.0,server_received
fd00::20b:b:b:b,753,753000,754000,2.0,server_received
fd00::20b:b:b:b,763,763000,764000,2.0,server_received
fd00::20b:b:b:b,774,774000,775000,2.0,server_received
fd00::20b:b:b:b,784,784000,785000,2.0,server_received
fd00::20b:b:b:b,795,795000,796000,2.0,server_received
fd00::20b:b:b:b,806,806000,807000,2.0,server_received
fd00::20b:b:b:b,816,816000,817000,2.0,server_received
fd00::20b:b:b:b,827,827000,828000,2.0,server_received
fd00::20b:b:b:b,838,838000,839000,2.0,server_received
fd00::20b:b:b:b,848,848000,849000,2.0,server_received
fd00::20b:b:b:b,859,859000,860000,2.0,server_received
fd00::20b:b:b:b,869,869000,870000,2.0,server_received
fd00::20b:b:b:b,880,880000,881000,2.0,server_received
fd00::20b:b:b:b,891,891000,892000,2.0,server_received
fd00::20b:b:b:b,901,901000,902000,2.0,server_received
fd00::20b:b:b:b,912,912000,913000,2.0,server_received
fd00::20b:b:b:b,922,922000,923000,2.0,server_received
fd00::20b:b:b:b,933,933000,934000,2.0,server_received
fd00::20b:b:b:b,944,944000,945000,2.0,server_received
fd00::20b:b:b:b,954,954000,955000,2.0,server_received
fd00::20b:b:b:b,965,965000,966000,2.0,server_received
fd00::20b:b:b:b,975,975000,976000,2.0,server_received
fd00::20b:b:b:b,986,986000,987000,2.0,server_received
fd00::20b:b:b:b,997,997000,998000,2.0,server_received
fd00::20b:b:b:b,1007,1007000,1008000,2.0,server_received
fd00::20b:b:b:b,1018,1018000,1019000,2.0,server_received
fd00::20b:b:b:b,1029,1029000,1030000,2.0,server_received
fd00::20b:b:b:b,1039,1039000,1040000,2.0,server_received
fd00::20b:b:b:b,1050,1050000,1051000,2.0,server_received
fd00::20b:b:b:b,1060,1060000,1061000,3.0,server_received
fd00::20b:b:b:b,1071,1071000,1072000,2.0,server_received
fd00::20b:b:b:b,1082,1082000,1083000,2.0,server_received
fd00::20b:b:b:b,1092,1092000,1093000,2.0,server_received
fd00::20b:b:b:b,1103,1103000,1104000,2.0,server_received
fd00::20b:b:b:b,1113,1113000,1114000,2.0,server_received
fd00::20b:b:b:b,1124,1124000,1125000,2.0,server_received
fd00::20b:b:b:b,1135,1135000,1136000,2.0,server_received
fd00::20b:b:b:b,1145,1145000,1146000,2.0,server_received
fd00::20b:b:b:b,1156,1156000,1157000,2.0,server_received
fd00::20b:b:b:b,1166,1166000,1167000,2.0,server_received
fd00::20b:b:b:b,1177,1177000,1178000,2.0,server_received
fd00::20b:b:b:b,1188,1188000,1189000,2.0,server_received
fd00::20b:b:b:b,1198,1198000,1199000,2.0,server_received
fd00::20b:b:b:b,1209,1209000,1210000,2.0,server_received
fd00::20b:b:b:b,1219,1219000,1220000,2.0,server_received
fd00::20b:b:b:b,1230,1230000,1231000,3.0,server_received
fd00::20b:b:b:b,1241,1241000,1242000,2.0,server_received
fd00::20b:b:b:b,1251,1251000,1252000,2.0,server_received
fd00::20b:b:b:b,1262,1262000,1263000,2.0,server_received
fd00::20b:b:b:b,1273,1273000,1274000,2.0,server_received
fd00::20b:b:b:b,1283,1283000,1284000,2.0,server_received
fd00::20b:b:b:b,1294,1294000,1295000,2.0,server_received
fd00::20b:b:b:b,1304,1304000,1305000,2.0,server_received
fd00::20b:b:b:b,1315,1315000,1316000,2.0,server_received
fd00::20b:b:b:b,1326,1326000,1327000,2.0,server_received
fd00::20b:b:b:b,1336,1336000,1337000,2.0,server_received
fd00::20b:b:b:b,1347,1347000,1348000,2.0,server_received
fd00::20b:b:b:b,1357,1357000,1358000,2.0,server_received
fd00::20b:b:b:b,1368,1368000,1369000,2.0,server_received
fd00::20b:b:b:b,1379,1379000,1380000,2.0,server_received
fd00::20b:b:b:b,1389,1389000,1390000,2.0,server_received
fd00::20b:b:b:b,1400,1400000,1401000,2.0,server_received
fd00::20b:b:b:b,1410,1410000,1411000,3.0,server_received
fd00::20b:b:b:b,1421,1421000,1422000,2.0,server_received
fd00::20b:b:b:b,1432,1432000,1433000,2.0,server_received
fd00::20b:b:b:b,1442,1442000,1443000,2.0,server_received
fd00::20b:b:b:b,1453,1453000,1454000,2.0,server_received
fd00::20b:b:b:b,1463,1463000,1464000,2.0,server_received
fd00::20b:b:b:b,1474,1474000,1475000,2.0,server_received
fd00::20b:b:b:b,1485,1485000,1486000,2.0,server_received
fd00::20b:b:b:b,1495,1495000,1496000,2.0,server_received
fd00::20b:b:b:b,1506,1506000,1507000,2.0,server_received
fd00::20b:b:b:b,1516,1516000,1517000,2.0,server_received
fd00::20b:b:b:b,1527,1527000,1528000,2.0,server_received
fd00::20b:b:b:b,1538,1538000,1539000,1.0,server_received
fd00::20b:b:b:b,1548,1548000,1549000,2.0,server_received
fd00::20b:b:b:b,1559,1559000,1560000,2.0,server_received
fd00::20b:b:b:b,1569,1569000,1570000,2.0,server_received
fd00::20b:b:b:b,1580,1580000,1581000,3.0,server_received
fd00::20b:b:b:b,1591,1591000,1592000,2.0,server_received
fd00::20b:b:b:b,1601,1601000,1602000,2.0,server_received
fd00::20b:b:b:b,1612,1612000,1613000,2.0,server_received
fd00::20b:b:b:b,1623,1623000,1624000,2.0,server_received
fd00::20b:b:b:b,1633,1633000,1634000,2.0,server_received
fd00::20b:b:b:b,1644,1644000,1645000,2.0,server_received
fd00::20b:b:b:b,1654,1654000,1655000,2.0,server_received
fd00::20b:b:b:b,1665,1665000,1666000,2.0,server_received
fd00::20b:b:b:b,1676,1676000,1677000,2.0,server_received
fd00::20b:b:b:b,1686,1686000,1687000,2.0,server_received
fd00::20b:b:b:b,1697,1697000,1698000,2.0,server_received
fd00::20b:b:b:b,1707,1707000,1708000,2.0,server_received
fd00::20b:b:b:b,1718,1718000,1719000,2.0,server_received
fd00::20b:b:b:b,1729,1729000,1730000,2.0,server_received
fd00::20b:b:b:b,1739,1739000,1740000,2.0,server_received
fd00::20b:b:b:b,1750,1750000,1751000,3.0,server_received
fd00::20b:b:b:b,1760,1760000,1761000,2.0,server_received
fd00::20b:b:b:b,1771,1771000,1772000,2.0,server_received
fd00::20b:b:b:b,1782,1782000,1783000,2.0,server_received
fd00::20b:b:b:b,1792,1792000,1793000,2.0,server_received
fd00::20b:b:b:b,1803,1803000,1804000,2.0,server_received
fd00::20b:b:b:b,1814,1814000,1815000,2.0,server_received
fd00::20b:b:b:b,1824,1824000,1825000,1.0,server_received
fd00::20b:b:b:b,1835,1835000,1836000,1.0,server_received
fd00::20b:b:b:b,1845,1845000,1846000,2.0,server_received
fd00::20b:b:b:b,1856,1856000,1857000,2.0,server_received
fd00::20b:b:b:b,1867,1867000,1868000,2.0,server_received
fd00::20b:b:b:b,1877,1877000,1878000,2.0,server_received
fd00::20b:b:b:b,1888,1888000,1889000,2.0,server_received
fd00::20b:b:b:b,1898,1898000,1899000,1.0,server_received
fd00::20b:b:b:b,1909,1909000,1910000,2.0,server_received
fd00::20b:b:b:b,1920,1920000,1921000,2.0,server_received
fd00::20b:b:b:b,1930,1930000,1931000,3.0,server_received
fd00::20b:b:b:b,1941,1941000,1942000,2.0,server_received
fd00::20b:b:b:b,1951,1951000,1952000,2.0,server_received
fd00::20b:b:b:b,1962,1962000,1963000,2.0,server_received
fd00::20b:b:b:b,1973,1973000,1974000,2.0,server_received
fd00::20b:b:b:b,1983,1983000,1984000,2.0,server_received
fd00::20b:b:b:b,1994,1994000,1995000,2.0,server_received
fd00::20b:b:b:b,2005,2005000,2006000,2.0,server_received
fd00::20b:b:b:b,2015,2015000,2016000,2.0,server_received
fd00::20b:b:b:b,2026,2026000,2027000,2.0,server_received
fd00::20b:b:b:b,2036,2036000,2037000,2.0,server_received
fd00::20b:b:b:b,2047,2047000,2048000,2.0,server_received
fd00::20b:b:b:b,2058,2058000,2059000,2.0,server_received
fd00::20b:b:b:b,2068,2068000,2069000,2.0,server_received
fd00::20b:b:b:b,2079,2079000,2080000,2.0,server_received
fd00::20b:b:b:b,2089,2089000,2090000,2.0,server_received
fd00::20b:b:b:b,2100,2100000,2101000,3.0,server_received
fd00::20b:b:b:b,2111,2111000,2112000,1.0,server_received
fd00::20b:b:b:b,2121,2121000,2122000,2.0,server_received
fd00::20b:b:b:b,2132,2132000,2133000,2.0,server_received
fd00::20b:b:b:b,2142,2142000,2143000,2.0,server_received
fd00::20b:b:b:b,2153,2153000,2154000,1.0,server_received
fd00::20b:b:b:b,2164,2164000,2165000,2.0,server_received
fd00::20b:b:b:b,2174,2174000,2175000,2.0,server_received
fd00::20b:b:b:b,2185,2185000,2186000,2.0,server_received
fd00::20b:b:b:b,2195,2195000,2196000,1.0,server_received
fd00::20b:b:b:b,2206,2206000,2207000,1.0,server_received
fd00::20b:b:b:b,2217,2217000,2218000,2.0,server_received
fd00::20b:b:b:b,2227,2227000,2228000,2.0,server_received
fd00::20b:b:b:b,2238,2238000,2239000,2.0,server_received
fd00::20b:b:b:b,2249,2249000,2250000,2.0,server_received
fd00::20b:b:b:b,2259,2259000,2260000,2.0,server_received
fd00::20b:b:b:b,2270,2270000,2271000,2.0,server_received
fd00::20b:b:b:b,2280,2280000,2281000,3.0,server_received
fd00::20b:b:b:b,2291,2291000,2292000,2.0,server_received
fd00::20b:b:b:b,2302,2302000,2303000,2.0,server_received
fd00::20b:b:b:b,2312,2312000,2313000,2.0,server_received
fd00::20b:b:b:b,2323,2323000,2324000,2.0,server_received
fd00::20b:b:b:b,2333,2333000,2334000,2.0,server_received
fd00::20b:b:b:b,2344,2344000,2345000,2.0,server_received
fd00::20b:b:b:b,2355,2355000,2356000,2.0,server_received
fd00::20b:b:b:b,2365,2365000,2366000,2.0,server_received
fd00::20b:b:b:b,2376,2376000,2377000,2.0,server_received
fd00::20b:b:b:b,2386,2386000,2387000,2.0,server_received
fd00::20b:b:b:b,2397,2397000,2398000,2.0,server_received
fd00::20b:b:b:b,2408,2408000,2409000,2.0,server_received
fd00::20b:b:b:b,2418,2418000,2419000,2.0,server_received
fd00::20b:b:b:b,2429,2429000,2430000,2.0,server_received
fd00::20b:b:b:b,2439,2439000,2440000,2.0,server_received
fd00::20b:b:b:b,2450,2450000,2451000,3.0,server_received
fd00::20b:b:b:b,2461,2461000,2462000,2.0,server_received
fd00::20b:b:b:b,2471,2471000,2472000,2.0,server_received
fd00::20b:b:b:b,2482,2482000,2483000,2.0,server_received
fd00::20b:b:b:b,2493,2493000,2494000,2.0,server_received
fd00::20b:b:b:b,2503,2503000,2504000,2.0,server_received
fd00::20b:b:b:b,2514,2514000,2515000,2.0,server_received
fd00::20b:b:b:b,2524,2524000,2525000,2.0,server_received
fd00::20b:b:b:b,2535,2535000,2536000,2.0,server_received
fd00::20b:b:b:b,2546,2546000,2547000,2.0,server_received
fd00::20b:b:b:b,2556,2556000,2557000,2.0,server_received
fd00::20b:b:b:b,2567,2567000,2568000,2.0,server_received
fd00::20b:b:b:b,2577,2577000,2578000,2.0,server_received
fd00::20b:b:b:b,2588,2588000,2589000,2.0,server_received
fd00::20b:b:b:b,2599,2599000,2600000,2.0,server_received
fd00::20b:b:b:b,2609,2609000,2610000,2.0,server_received
fd00::20b:b:b:b,2620,2620000,2621000,3.0,server_received
fd00::20b:b:b:b,2630,2630000,2631000,2.0,server_received
fd00::20b:b:b:b,2641,2641000,2642000,2.0,server_received
fd00::20b:b:b:b,2652,2652000,2653000,2.0,server_received
fd00::20b:b:b:b,2662,2662000,2663000,2.0,server_received
fd00::20b:b:b:b,2673,2673000,2674000,2.0,server_received
fd00::20b:b:b:b,2684,2684000,2685000,2.0,server_received
fd00::20b:b:b:b,2694,2694000,2695000,2.0,server_received
fd00::20b:b:b:b,2705,2705000,2706000,2.0,server_received
fd00::20b:b:b:b,2715,2715000,2716000,2.0,server_received
fd00::20b:b:b:b,2726,2726000,2727000,2.0,server_received
fd00::20b:b:b:b,2737,2737000,2738000,2.0,server_received
fd00::20b:b:b:b,2747,2747000,2748000,2.0,server_received
fd00::20b:b:b:b,2758,2758000,2759000,2.0,server_received
fd00::20b:b:b:b,2768,2768000,2769000,2.0,server_received
fd00::20b:b:b:b,2779,2779000,2780000,2.0,server_received
fd00::20b:b:b:b,2790,2790000,2791000,2.0,server_received
fd00::20b:b:b:b,2800,2800000,2801000,3.0,server_received
fd00::20b:b:b:b,2811,2811000,2812000,2.0,server_received
fd00::20b:b:b:b,2821,2821000,2822000,2.0,server_received
fd00::20b:b:b:b,2832,2832000,2833000,2.0,server_received
fd00::20b:b:b:b,2843,2843000,2844000,2.0,server_received
fd00::20b:b:b:b,2853,2853000,2854000,2.0,server_received
fd00::20b:b:b:b,2864,2864000,2865000,2.0,server_received
fd00::20b:b:b:b,2874,2874000,2875000,2.0,server_received
fd00::20b:b:b:b,2885,2885000,2886000,2.0,server_received
fd00::20b:b:b:b,2896,2896000,2897000,2.0,server_received
fd00::20b:b:b:b,2906,2906000,2907000,2.0,server_received
fd00::20b:b:b:b,2917,2917000,2918000,2.0,server_received
fd00::20b:b:b:b,2928,2928000,2929000,2.0,server_received
fd00::20b:b:b:b,2938,2938000,2939000,2.0,server_received
fd00::20b:b:b:b,2949,2949000,2950000,2.0,server_received
fd00::20b:b:b:b,2959,2959000,2960000,2.0,server_received
fd00::20b:b:b:b,2970,2970000,2971000,2.0,server_received
fd00::20b:b:b:b,2981,2981000,2982000,2.0,server_received
fd00::20b:b:b:b,2991,2991000,2992000,2.0,server_received
fd00::20b:b:b:b,3002,3002000,3003000,2.0,server_received
fd00::20b:b:b:b,3012,3012000,3013000,2.0,server_received
fd00::20b:b:b:b,3023,3023000,3024000,2.0,server_received
fd00::20b:b:b:b,3034,3034000,3035000,2.0,server_received
fd00::20b:b:b:b,3044,3044000,3045000,2.0,server_received
fd00::20b:b:b:b,3055,3055000,3056000,2.0,server_received
fd00::20b:b:b:b,3065,3065000,3066000,2.0,server_received
fd00::20b:b:b:b,3076,3076000,3077000,2.0,server_received
fd00::20b:b:b:b,3087,3087000,3088000,2.0,server_received
fd00::20b:b:b:b,3097,3097000,3098000,2.0,server_received
fd00::20b:b:b:b,3108,3108000,3109000,2.0,server_received
fd00::20b:b:b:b,3118,3118000,3119000,1.0,server_received
fd00::20b:b:b:b,3129,3129000,3130000,2.0,server_received
fd00::20b:b:b:b,3140,3140000,3141000,1.0,server_received
fd00::20b:b:b:b,3150,3150000,3151000,3.0,server_received
fd00::20b:b:b:b,3161,3161000,3162000,2.0,server_received
fd00::20b:b:b:b,3171,3171000,3172000,2.0,server_received
fd00::20b:b:b:b,3182,3182000,3183000,2.0,server_received
fd00::20b:b:b:b,3193,3193000,3194000,2.0,server_received
fd00::20b:b:b:b,3203,3203000,3204000,2.0,server_received
fd00::20b:b:b:b,3214,3214000,3215000,2.0,server_received
fd00::20b:b:b:b,3225,3225000,3226000,2.0,server_received
fd00::20b:b:b:b,3235,3235000,3236000,2.0,server_received
fd00::20b:b:b:b,3246,3246000,3247000,2.0,server_received
fd00::20b:b:b:b,3256,3256000,3257000,2.0,server_received
fd00::20b:b:b:b,3267,3267000,3268000,2.0,server_received
fd00::20b:b:b:b,3278,3278000,3279000,2.0,server_received
fd00::20b:b:b:b,3288,3288000,3289000,1.0,server_received
fd00::20b:b:b:b,3299,3299000,3300000,2.0,server_received
fd00::20b:b:b:b,3309,3309000,3310000,2.0,server_received
fd00::20b:b:b:b,3320,3320000,3321000,3.0,server_received
fd00::20b:b:b:b,3331,3331000,3332000,2.0,server_received
fd00::20b:b:b:b,3341,3341000,3342000,2.0,server_received
fd00::20b:b:b:b,3352,3352000,3353000,2.0,server_received
fd00::20b:b:b:b,3362,3362000,3363000,2.0,server_received
fd00::20b:b:b:b,3373,3373000,3374000,2.0,server_received
fd00::20b:b:b:b,3384,3384000,3385000,1.0,server_received
fd00::20b:b:b:b,3394,3394000,3395000,2.0,server_received
fd00::20b:b:b:b,3405,3405000,3406000,1.0,server_received
fd00::20b:b:b:b,3415,3415000,3416000,2.0,server_received
fd00::20b:b:b:b,3426,3426000,3427000,2.0,server_received
fd00::20b:b:b:b,3437,3437000,3438000,2.0,server_received
fd00::20b:b:b:b,3447,3447000,3448000,2.0,server_received
fd00::20b:b:b:b,3458,3458000,3459000,2.0,server_received
fd00::20b:b:b:b,3469,3469000,3470000,2.0,server_received
fd00::20b:b:b:b,3479,3479000,3480000,2.0,server_received
fd00::20b:b:b:b,3490,3490000,3491000,2.0,server_received
fd00::20b:b:b:b,3500,3500000,3501000,3.0,server_received
fd00::20b:b:b:b,3511,3511000,3512000,2.0,server_received
fd00::20b:b:b:b,3522,3522000,3523000,2.0,server_received
fd00::20b:b:b:b,3532,3532000,3533000,2.0,server_received
fd00::20b:b:b:b,3543,3543000,3544000,2.0,server_received
fd00::20b:b:b:b,3553,3553000,3554000,2.0,server_received
fd00::20b:b:b:b,3564,3564000,3565000,2.0,server_received
fd00::20b:b:b:b,3575,3575000,3576000,2.0,server_received
fd00::20b:b:b:b,3585,3585000,3586000,2.0,server_received
fd00::20b:b:b:b,3596,3596000,3597000,2.0,server_received
fd00::20c:c:c:c,20,20000,21000,0.0,server_received
fd00::20c:c:c:c,30,30000,31000,2.0,server_received
fd00::20c:c:c:c,40,40000,41000,2.0,server_received
fd00::20c:c:c:c,50,50000,51000,2.0,server_received
fd00::20c:c:c:c,60,60000,61000,2.0,server_received
fd00::20c:c:c:c,70,70000,71000,2.0,server_received
fd00::20c:c:c:c,90,90000,91000,3.0,server_received
fd00::20c:c:c:c,100,100000,101000,2.0,server_received
fd00::20c:c:c:c,110,110000,111000,2.0,server_received
fd00::20c:c:c:c,120,120000,121000,2.0,server_received
fd00::20c:c:c:c,130,130000,131000,2.0,server_received
fd00::20c:c:c:c,140,140000,141000,2.0,server_received
fd00::20c:c:c:c,150,150000,151000,2.0,server_received
fd00::20c:c:c:c,160,160000,161000,2.0,server_received
fd00::20c:c:c:c,170,170000,171000,2.0,server_received
fd00::20c:c:c:c,180,180000,181000,2.0,server_received
fd00::20c:c:c:c,190,190000,191000,2.0,server_received
fd00::20c:c:c:c,200,200000,201000,2.0,server_received
fd00::20c:c:c:c,210,210000,211000,2.0,server_received
fd00::20c:c:c:c,220,220000,221000,2.0,server_received
fd00::20c:c:c:c,230,230000,231000,2.0,server_received
fd00::20c:c:c:c,240,240000,241000,2.0,server_received
fd00::20c:c:c:c,250,250000,251000,2.0,server_received
fd00::20c:c:c:c,260,260000,261000,2.0,server_received
fd00::20c:c:c:c,270,270000,271000,2.0,server_received
fd00::20c:c:c:c,280,280000,281000,2.0,server_received
fd00::20c:c:c:c,290,290000,291000,2.0,server_received
fd00::20c:c:c:c,300,300000,301000,2.0,server_received
fd00::20c:c:c:c,310,310000,311000,2.0,server_received
fd00::20c:c:c:c,320,320000,321000,2.0,server_received
fd00::20c:c:c:c,330,330000,331000,2.0,server_received
fd00::20c:c:c:c,340,340000,341000,2.0,server_received
fd00::20c:c:c:c,350,350000,351000,2.0,server_received
fd00::20c:c:c:c,360,360000,361000,2.0,server_received
fd00::20c:c:c:c,370,370000,371000,2.0,server_received
fd00::20c:c:c:c,380,380000,381000,2.0,server_received
fd00::20c:c:c:c,390,390000,391000,2.0,server_received
fd00::20c:c:c:c,400,400000,401000,2.0,server_received
fd00::20c:c:c:c,410,410000,411000,2.0,server_received
fd00::20c:c:c:c,420,420000,421000,2.0,server_received
fd00::20c:c:c:c,430,430000,431000,2.0,server_received
fd00::20c:c:c:c,440,440000,441000,2.0,server_received
fd00::20c:c:c:c,450,450000,451000,2.0,server_received
fd00::20c:c:c:c,460,460000,461000,2.0,server_received
fd00::20c:c:c:c,470,470000,471000,2.0,server_received
fd00::20c:c:c:c,480,480000,481000,2.0,server_received
fd00::20c:c:c:c,490,490000,491000,2.0,server_received
fd00::20c:c:c:c,500,500000,501000,2.0,server_received
fd00::20c:c:c:c,510,510000,511000,2.0,server_received
fd00::20c:c:c:c,520,520000,521000,2.0,server_received
fd00::20c:c:c:c,530,530000,531000,2.0,server_received
fd00::20c:c:c:c,540,540000,541000,2.0,server_received
fd00::20c:c:c:c,550,550000,551000,2.0,server_received
fd00::20c:c:c:c,560,560000,561000,2.0,server_received
fd00::20c:c:c:c,570,570000,571000,2.0,server_received
fd00::20c:c:c:c,580,580000,581000,2.0,server_received
fd00::20c:c:c:c,590,590000,591000,2.0,server_received
fd00::20c:c:c:c,600,600000,601000,2.0,server_received
fd00::20c:c:c:c,610,610000,611000,2.0,server_received
fd00::20c:c:c:c,620,620000,621000,2.0,server_received
fd00::20c:c:c:c,630,630000,631000,2.0,server_received
fd00::20c:c:c:c,640,640000,641000,2.0,server_received
fd00::20c:c:c:c,650,650000,651000,2.0,server_received
fd00::20c:c:c:c,660,660000,661000,2.0,server_received
fd00::20c:c:c:c,670,670000,671000,2.0,server_received
fd00::20c:c:c:c,680,680000,681000,2.0,server_received
fd00::20c:c:c:c,690,690000,691000,2.0,server_received
fd00::20c:c:c:c,700,700000,701000,2.0,server_received
fd00::20c:c:c:c,710,710000,711000,2.0,server_received
fd00::20c:c:c:c,720,720000,721000,2.0,server_received
fd00::20c:c:c:c,730,730000,731000,2.0,server_received
fd00::20c:c:c:c,740,740000,741000,2.0,server_received
fd00::20c:c:c:c,750,750000,751000,2.0,server_received
fd00::20c:c:c:c,760,760000,761000,2.0,server_received
fd00::20c:c:c:c,770,770000,771000,2.0,server_received
fd00::20c:c:c:c,780,780000,781000,2.0,server_received
fd00::20c:c:c:c,790,790000,791000,2.0,server_received
fd00::20c:c:c:c,800,800000,801000,2.0,server_received
fd00::20c:c:c:c,810,810000,811000,2.0,server_received
fd00::20c:c:c:c,820,820000,821000,2.0,server_received
fd00::20c:c:c:c,830,830000,831000,2.0,server_received
fd00::20c:c:c:c,840,840000,841000,2.0,server_received
fd00::20c:c:c:c,850,850000,851000,2.0,server_received
fd00::20c:c:c:c,860,860000,861000,2.0,server_received
fd00::20c:c:c:c,870,870000,871000,2.0,server_received
fd00::20c:c:c:c,880,880000,881000,2.0,server_received
fd00::20c:c:c:c,890,890000,891000,2.0,server_received
fd00::20c:c:c:c,900,900000,901000,2.0,server_received
fd00::20c:c:c:c,910,910000,911000,2.0,server_received
fd00::20c:c:c:c,920,920000,921000,2.0,server_received
fd00::20c:c:c:c,930,930000,931000,2.0,server_received
fd00::20c:c:c:c,940,940000,941000,2.0,server_received
fd00::20c:c:c:c,950,950000,951000,2.0,server_received
fd00::20c:c:c:c,960,960000,961000,2.0,server_received
fd00::20c:c:c:c,970,970000,971000,2.0,server_received
fd00::20c:c:c:c,980,980000,981000,2.0,server_received
fd00::20c:c:c:c,990,990000,991000,2.0,server_received
fd00::20c:c:c:c,1000,1000000,1001000,2.0,server_received
fd00::20c:c:c:c,1010,1010000,1011000,2.0,server_received
fd00::20c:c:c:c,1020,1020000,1021000,2.0,server_received
fd00::20c:c:c:c,1030,1030000,1031000,2.0,server_received
fd00::20c:c:c:c,1040,1040000,1041000,2.0,server_received
fd00::20c:c:c:c,1050,1050000,1051000,2.0,server_received
fd00::20c:c:c:c,1060,1060000,1061000,2.0,server_received
fd00::20c:c:c:c,1070,1070000,1071000,2.0,server_received
fd00::20c:c:c:c,1080,1080000,1081000,2.0,server_received
fd00::20c:c:c:c,1090,1090000,1091000,2.0,server_received
fd00::20c:c:c:c,1100,1100000,1101000,2.0,server_received
fd00::20c:c:c:c,1110,1110000,1111000,2.0,server_received
fd00::20c:c:c:c,1120,1120000,1121000,2.0,server_received
fd00::20c:c:c:c,1130,1130000,1131000,2.0,server_received
fd00::20c:c:c:c,1140,1140000,1141000,2.0,server_received
fd00::20c:c:c:c,1150,1150000,1151000,2.0,server_received
fd00::20c:c:c:c,1160,1160000,1161000,2.0,server_received
fd00::20c:c:c:c,1170,1170000,1171000,2.0,server_received
fd00::20c:c:c:c,1180,1180000,1181000,2.0,server_received
fd00::20c:c:c:c,1190,1190000,1191000,2.0,server_received
fd00::20c:c:c:c,1200,1200000,1201000,2.0,server_received
fd00::20c:c:c:c,1210,1210000,1211000,2.0,server_received
fd00::20c:c:c:c,1220,1220000,1221000,2.0,server_received
fd00::20c:c:c:c,1230,1230000,1231000,2.0,server_received
fd00::20c:c:c:c,1240,1240000,1241000,2.0,server_received
fd00::20c:c:c:c,1250,1250000,1251000,2.0,server_received
fd00::20c:c:c:c,1260,1260000,1261000,2.0,server_received
fd00::20c:c:c:c,1270,1270000,1271000,2.0,server_received
fd00::20c:c:c:c,1280,1280000,1281000,2.0,server_received
fd00::20c:c:c:c,1290,1290000,1291000,2.0,server_received
fd00::20c:c:c:c,1300,1300000,1301000,2.0,server_received
fd00::20c:c:c:c,1310,1310000,1311000,2.0,server_received
fd00::20c:c:c:c,1320,1320000,1321000,2.0,server_received
fd00::20c:c:c:c,1330,1330000,1331000,2.0,server_received
fd00::20c:c:c:c,1340,1340000,1341000,2.0,server_received
fd00::20c:c:c:c,1350,1350000,1351000,2.0,server_received
fd00::20c:c:c:c,1360,1360000,1361000,2.0,server_received
fd00::20c:c:c:c,1370,1370000,1371000,2.0,server_received
fd00::20c:c:c:c,1380,1380000,1381000,2.0,server_received
fd00::20c:c:c:c,1390,1390000,1391000,2.0,server_received
fd00::20c:c:c:c,1400,1400000,1401000,2.0,server_received
fd00::20c:c:c:c,1410,1410000,1411000,2.0,server_received
fd00::20c:c:c:c,1420,1420000,1421000,2.0,server_received
fd00::20c:c:c:c,1430,1430000,1431000,2.0,server_received
fd00::20c:c:c:c,1440,1440000,1441000,2.0,server_received
fd00::20c:c:c:c,1450,1450000,1451000,2.0,server_received
fd00::20c:c:c:c,1460,1460000,1461000,2.0,server_received
fd00::20c:c:c:c,1470,1470000,1471000,2.0,server_received
fd00::20c:c:c:c,1480,1480000,1481000,2.0,server_received
fd00::20c:c:c:c,1490,1490000,1491000,2.0,server_received
fd00::20c:c:c:c,1500,1500000,1501000,2.0,server_received
fd00::20c:c:c:c,1510,1510000,1511000,2.0,server_received
fd00::20c:c:c:c,1520,1520000,1521000,2.0,server_received
fd00::20c:c:c:c,1530,1530000,1531000,2.0,server_received
fd00::20c:c:c:c,1540,1540000,1541000,2.0,server_received
fd00::20c:c:c:c,1550,1550000,1551000,2.0,server_received
fd00::20c:c:c:c,1560,1560000,1561000,2.0,server_received
fd00::20c:c:c:c,1570,1570000,1571000,2.0,server_received
fd00::20c:c:c:c,1580,1580000,1581000,2.0,server_received
fd00::20c:c:c:c,1590,1590000,1591000,2.0,server_received
fd00::20c:c:c:c,1600,1600000,1601000,2.0,server_received
fd00::20c:c:c:c,1610,1610000,1611000,2.0,server_received
fd00::20c:c:c:c,1620,1620000,1621000,2.0,server_received
fd00::20c:c:c:c,1630,1630000,1631000,2.0,server_received
fd00::20c:c:c:c,1640,1640000,1641000,2.0,server_received
fd00::20c:c:c:c,1650,1650000,1651000,2.0,server_received
fd00::20c:c:c:c,1660,1660000,1661000,2.0,server_received
fd00::20c:c:c:c,1670,1670000,1671000,2.0,server_received
fd00::20c:c:c:c,1680,1680000,1681000,2.0,server_received
fd00::20c:c:c:c,1690,1690000,1691000,2.0,server_received
fd00::20c:c:c:c,1700,1700000,1701000,2.0,server_received
fd00::20c:c:c:c,1710,1710000,1711000,2.0,server_received
fd00::20c:c:c:c,1720,1720000,1721000,2.0,server_received
fd00::20c:c:c:c,1730,1730000,1731000,2.0,server_received
fd00::20c:c:c:c,1740,1740000,1741000,2.0,server_received
fd00::20c:c:c:c,1750,1750000,1751000,2.0,server_received
fd00::20c:c:c:c,1760,1760000,1761000,2.0,server_received
fd00::20c:c:c:c,1770,1770000,1771000,2.0,server_received
fd00::20c:c:c:c,1780,1780000,1781000,2.0,server_received
fd00::20c:c:c:c,1790,1790000,1791000,2.0,server_received
fd00::20c:c:c:c,1800,1800000,1801000,2.0,server_received
fd00::20c:c:c:c,1810,1810000,1811000,2.0,server_received
fd00::20c:c:c:c,1820,1820000,1821000,2.0,server_received
fd00::20c:c:c:c,1830,1830000,1831000,2.0,server_received
fd00::20c:c:c:c,1840,1840000,1841000,2.0,server_received
fd00::20c:c:c:c,1850,1850000,1851000,2.0,server_received
fd00::20c:c:c:c,1860,1860000,1861000,2.0,server_received
fd00::20c:c:c:c,1870,1870000,1871000,2.0,server_received
fd00::20c:c:c:c,1880,1880000,1881000,2.0,server_received
fd00::20c:c:c:c,1890,1890000,1891000,2.0,server_received
fd00::20c:c:c:c,1900,1900000,1901000,2.0,server_received
fd00::20c:c:c:c,1910,1910000,1911000,2.0,server_received
fd00::20c:c:c:c,1920,1920000,1921000,2.0,server_received
fd00::20c:c:c:c,1930,1930000,1931000,2.0,server_received
fd00::20c:c:c:c,1940,1940000,1941000,2.0,server_received
fd00::20c:c:c:c,1950,1950000,1951000,2.0,server_received
fd00::20c:c:c:c,1960,1960000,1961000,2.0,server_received
fd00::20c:c:c:c,1970,1970000,1971000,2.0,server_received
fd00::20c:c:c:c,1980,1980000,1981000,2.0,server_received
fd00::20c:c:c:c,1990,1990000,1991000,2.0,server_received
fd00::20c:c:c:c,2000,2000000,2001000,2.0,server_received
fd00::20c:c:c:c,2010,2010000,2011000,2.0,server_received
fd00::20c:c:c:c,2020,2020000,2021000,2.0,server_received
fd00::20c:c:c:c,2030,2030000,2031000,2.0,server_received
fd00::20c:c:c:c,2040,2040000,2041000,2.0,server_received
fd00::20c:c:c:c,2050,2050000,2051000,2.0,server_received
fd00::20c:c:c:c,2060,2060000,2061000,2.0,server_received
fd00::20c:c:c:c,2070,2070000,2071000,2.0,server_received
fd00::20c:c:c:c,2080,2080000,2081000,2.0,server_received
fd00::20c:c:c:c,2090,2090000,2091000,2.0,server_received
fd00::20c:c:c:c,2100,2100000,2101000,2.0,server_received
fd00::20c:c:c:c,2110,2110000,2111000,2.0,server_received
fd00::20c:c:c:c,2120,2120000,2121000,2.0,server_received
fd00::20c:c:c:c,2130,2130000,2131000,2.0,server_received
fd00::20c:c:c:c,2140,2140000,2141000,2.0,server_received
fd00::20c:c:c:c,2150,2150000,2151000,2.0,server_received
fd00::20c:c:c:c,2160,2160000,2161000,2.0,server_received
fd00::20c:c:c:c,2170,2170000,2171000,2.0,server_received
fd00::20c:c:c:c,2180,2180000,2181000,2.0,server_received
fd00::20c:c:c:c,2190,2190000,2191000,2.0,server_received
fd00::20c:c:c:c,2200,2200000,2201000,2.0,server_received
fd00::20c:c:c:c,2210,2210000,2211000,2.0,server_received
fd00::20c:c:c:c,2220,2220000,2221000,2.0,server_received
fd00::20c:c:c:c,2230,2230000,2231000,2.0,server_received
fd00::20c:c:c:c,2240,2240000,2241000,2.0,server_received
fd00::20c:c:c:c,2250,2250000,2251000,2.0,server_received
fd00::20c:c:c:c,2260,2260000,2261000,2.0,server_received
fd00::20c:c:c:c,2270,2270000,2271000,2.0,server_received
fd00::20c:c:c:c,2280,2280000,2281000,2.0,server_received
fd00::20c:c:c:c,2290,2290000,2291000,2.0,server_received
fd00::20c:c:c:c,2300,2300000,2301000,2.0,server_received
fd00::20c:c:c:c,2310,2310000,2311000,2.0,server_received
fd00::20c:c:c:c,2320,2320000,2321000,2.0,server_received
fd00::20c:c:c:c,2330,2330000,2331000,2.0,server_received
fd00::20c:c:c:c,2340,2340000,2341000,2.0,server_received
fd00::20c:c:c:c,2350,2350000,2351000,2.0,server_received
fd00::20c:c:c:c,2360,2360000,2361000,2.0,server_received
fd00::20c:c:c:c,2370,2370000,2371000,2.0,server_received
fd00::20c:c:c:c,2380,2380000,2381000,2.0,server_received
fd00::20c:c:c:c,2390,2390000,2391000,2.0,server_received
fd00::20c:c:c:c,2400,2400000,2401000,2.0,server_received
fd00::20c:c:c:c,2410,2410000,2411000,2.0,server_received
fd00::20c:c:c:c,2420,2420000,2421000,2.0,server_received
fd00::20c:c:c:c,2430,2430000,2431000,2.0,server_received
fd00::20c:c:c:c,2440,2440000,2441000,2.0,server_received
fd00::20c:c:c:c,2450,2450000,2451000,2.0,server_received
fd00::20c:c:c:c,2460,2460000,2461000,2.0,server_received
fd00::20c:c:c:c,2470,2470000,2471000,2.0,server_received
fd00::20c:c:c:c,2480,2480000,2481000,2.0,server_received
fd00::20c:c:c:c,2491,2491000,2492000,2.0,server_received
fd00::20c:c:c:c,2500,2500000,2501000,2.0,server_received
fd00::20c:c:c:c,2510,2510000,2511000,2.0,server_received
fd00::20c:c:c:c,2521,2521000,2522000,2.0,server_received
fd00::20c:c:c:c,2530,2530000,2531000,2.0,server_received
fd00::20c:c:c:c,2541,2541000,2542000,2.0,server_received
fd00::20c:c:c:c,2550,2550000,2551000,2.0,server_received
fd00::20c:c:c:c,2560,2560000,2561000,2.0,server_received
fd00::20c:c:c:c,2571,2571000,2572000,2.0,server_received
fd00::20c:c:c:c,2581,2581000,2582000,2.0,server_received
fd00::20c:c:c:c,2590,2590000,2591000,2.0,server_received
fd00::20c:c:c:c,2601,2601000,2602000,2.0,server_received
fd00::20c:c:c:c,2611,2611000,2612000,2.0,server_received
fd00::20c:c:c:c,2621,2621000,2622000,2.0,server_received
fd00::20c:c:c:c,2631,2631000,2632000,2.0,server_received
fd00::20c:c:c:c,2641,2641000,2642000,2.0,server_received
fd00::20c:c:c:c,2651,2651000,2652000,2.0,server_received
fd00::20c:c:c:c,2661,2661000,2662000,2.0,server_received
fd00::20c:c:c:c,2671,2671000,2672000,2.0,server_received
fd00::20c:c:c:c,2681,2681000,2682000,2.0,server_received
fd00::20c:c:c:c,2691,2691000,2692000,2.0,server_received
fd00::20c:c:c:c,2701,2701000,2702000,2.0,server_received
fd00::20c:c:c:c,2711,2711000,2712000,2.0,server_received
fd00::20c:c:c:c,2721,2721000,2722000,2.0,server_received
fd00::20c:c:c:c,2731,2731000,2732000,2.0,server_received
fd00::20c:c:c:c,2741,2741000,2742000,2.0,server_received
fd00::20c:c:c:c,2751,2751000,2752000,2.0,server_received
fd00::20c:c:c:c,2761,2761000,2762000,2.0,server_received
fd00::20c:c:c:c,2771,2771000,2772000,2.0,server_received
fd00::20c:c:c:c,2781,2781000,2782000,2.0,server_received
fd00::20c:c:c:c,2791,2791000,2792000,2.0,server_received
fd00::20c:c:c:c,2801,2801000,2802000,2.0,server_received
fd00::20c:c:c:c,2811,2811000,2812000,2.0,server_received
fd00::20c:c:c:c,2821,2821000,2822000,2.0,server_received
fd00::20c:c:c:c,2831,2831000,2832000,2.0,server_received
fd00::20c:c:c:c,2841,2841000,2842000,2.0,server_received
fd00::20c:c:c:c,2851,2851000,2852000,2.0,server_received
fd00::20c:c:c:c,2861,2861000,2862000,2.0,server_received
fd00::20c:c:c:c,2871,2871000,2872000,2.0,server_received
fd00::20c:c:c:c,2881,2881000,2882000,2.0,server_received
fd00::20c:c:c:c,2891,2891000,2892000,2.0,server_received
fd00::20c:c:c:c,2901,2901000,2902000,2.0,server_received
fd00::20c:c:c:c,2911,2911000,2912000,2.0,server_received
fd00::20c:c:c:c,2921,2921000,2922000,2.0,server_received
fd00::20c:c:c:c,2931,2931000,2932000,2.0,server_received
fd00::20c:c:c:c,2941,2941000,2942000,2.0,server_received
fd00::20c:c:c:c,2951,2951000,2952000,2.0,server_received
fd00::20c:c:c:c,2961,2961000,2962000,2.0,server_received
fd00::20c:c:c:c,2971,2971000,2972000,2.0,server_received
fd00::20c:c:c:c,2981,2981000,2982000,2.0,server_received
fd00::20c:c:c:c,2991,2991000,2992000,2.0,server_received
fd00::20c:c:c:c,3001,3001000,3002000,2.0,server_received
fd00::20c:c:c:c,3011,3011000,3012000,2.0,server_received
fd00::20c:c:c:c,3021,3021000,3022000,2.0,server_received
fd00::20c:c:c:c,3031,3031000,3032000,2.0,server_received
fd00::20c:c:c:c,3041,3041000,3042000,2.0,server_received
fd00::20c:c:c:c,3051,3051000,3052000,2.0,server_received
fd00::20c:c:c:c,3061,3061000,3062000,2.0,server_received
fd00::20c:c:c:c,3071,3071000,3072000,2.0,server_received
fd00::20c:c:c:c,3081,3081000,3082000,2.0,server_received
fd00::20c:c:c:c,3091,3091000,3092000,2.0,server_received
fd00::20c:c:c:c,3101,3101000,3102000,2.0,server_received
fd00::20c:c:c:c,3111,3111000,3112000,2.0,server_received
fd00::20c:c:c:c,3121,3121000,3122000,2.0,server_received
fd00::20c:c:c:c,3131,3131000,3132000,2.0,server_received
fd00::20c:c:c:c,3141,3141000,3142000,2.0,server_received
fd00::20c:c:c:c,3151,3151000,3152000,2.0,server_received
fd00::20c:c:c:c,3161,3161000,3162000,2.0,server_received
fd00::20c:c:c:c,3171,3171000,3172000,2.0,server_received
fd00::20c:c:c:c,3181,3181000,3182000,2.0,server_received
fd00::20c:c:c:c,3191,3191000,3192000,2.0,server_received
fd00::20c:c:c:c,3201,3201000,3202000,2.0,server_received
fd00::20c:c:c:c,3211,3211000,3212000,2.0,server_received
fd00::20c:c:c:c,3221,3221000,3222000,2.0,server_received
fd00::20c:c:c:c,3231,3231000,3232000,2.0,server_received
fd00::20c:c:c:c,3241,3241000,3242000,2.0,server_received
fd00::20c:c:c:c,3251,3251000,3252000,2.0,server_received
fd00::20c:c:c:c,3261,3261000,3262000,2.0,server_received
fd00::20c:c:c:c,3271,3271000,3272000,2.0,server_received
fd00::20c:c:c:c,3281,3281000,3282000,2.0,server_received
fd00::20c:c:c:c,3291,3291000,3292000,2.0,server_received
fd00::20c:c:c:c,3301,3301000,3302000,2.0,server_received
fd00::20c:c:c:c,3311,3311000,3312000,2.0,server_received
fd00::20c:c:c:c,3321,3321000,3322000,2.0,server_received
fd00::20c:c:c:c,3331,3331000,3332000,2.0,server_received
fd00::20c:c:c:c,3341,3341000,3342000,2.0,server_received
fd00::20c:c:c:c,3351,3351000,3352000,2.0,server_received
fd00::20c:c:c:c,3361,3361000,3362000,2.0,server_received
fd00::20c:c:c:c,3371,3371000,3372000,2.0,server_received
fd00::20c:c:c:c,3381,3381000,3382000,2.0,server_received
fd00::20c:c:c:c,3391,3391000,3392000,2.0,server_received
fd00::20c:c:c:c,3401,3401000,3402000,2.0,server_received
fd00::20c:c:c:c,3411,3411000,3412000,2.0,server_received
fd00::20c:c:c:c,3421,3421000,3422000,2.0,server_received
fd00::20c:c:c:c,3431,3431000,3432000,2.0,server_received
fd00::20c:c:c:c,3441,3441000,3442000,2.0,server_received
fd00::20c:c:c:c,3451,3451000,3452000,2.0,server_received
fd00::20c:c:c:c,3461,3461000,3462000,2.0,server_received
fd00::20c:c:c:c,3471,3471000,3472000,2.0,server_received
fd00::20c:c:c:c,3481,3481000,3482000,2.0,server_received
fd00::20c:c:c:c,3491,3491000,3492000,2.0,server_received
fd00::20c:c:c:c,3501,3501000,3502000,2.0,server_received
fd00::20c:c:c:c,3511,3511000,3512000,2.0,server_received
fd00::20c:c:c:c,3521,3521000,3522000,2.0,server_received
fd00::20c:c:c:c,3531,3531000,3532000,2.0,server_received
fd00::20c:c:c:c,3541,3541000,3542000,2.0,server_received
fd00::20c:c:c:c,3551,3551000,3552000,2.0,server_received
fd00::20c:c:c:c,3561,3561000,3562000,2.0,server_received
fd00::20c:c:c:c,3571,3571000,3572000,2.0,server_received
fd00::20c:c:c:c,3581,3581000,3582000,2.0,server_received
fd00::20c:c:c:c,3591,3591000,3592000,2.0,server_received
fd00::20d:d:d:d,32,32000,33000,0.0,server_received
fd00::20d:d:d:d,42,42000,43000,2.0,server_received
fd00::20d:d:d:d,53,53000,54000,1.0,server_received
fd00::20d:d:d:d,64,64000,65000,2.0,server_received
fd00::20d:d:d:d,74,74000,75000,2.0,server_received
fd00::20d:d:d:d,85,85000,86000,2.0,server_received
fd00::20d:d:d:d,95,95000,96000,1.0,server_received
fd00::20d:d:d:d,106,106000,107000,2.0,server_received
fd00::20d:d:d:d,116,116000,117000,2.0,server_received
fd00::20d:d:d:d,127,127000,128000,2.0,server_received
fd00::20d:d:d:d,138,138000,139000,2.0,server_received
fd00::20d:d:d:d,148,148000,149000,2.0,server_received
fd00::20d:d:d:d,159,159000,160000,2.0,server_received
fd00::20d:d:d:d,169,169000,170000,2.0,server_received
fd00::20d:d:d:d,180,180000,181000,3.0,server_received
fd00::20d:d:d:d,191,191000,192000,2.0,server_received
fd00::20d:d:d:d,201,201000,202000,2.0,server_received
fd00::20d:d:d:d,212,212000,213000,2.0,server_received
fd00::20d:d:d:d,222,222000,223000,2.0,server_received
fd00::20d:d:d:d,233,233000,234000,2.0,server_received
fd00::20d:d:d:d,243,243000,244000,2.0,server_received
fd00::20d:d:d:d,254,254000,255000,2.0,server_received
fd00::20d:d:d:d,265,265000,266000,2.0,server_received
fd00::20d:d:d:d,275,275000,276000,2.0,server_received
fd00::20d:d:d:d,286,286000,287000,2.0,server_received
fd00::20d:d:d:d,296,296000,297000,2.0,server_received
fd00::20d:d:d:d,307,307000,308000,2.0,server_received
fd00::20d:d:d:d,318,318000,319000,2.0,server_received
fd00::20d:d:d:d,328,328000,329000,2.0,server_received
fd00::20d:d:d:d,339,339000,340000,2.0,server_received
fd00::20d:d:d:d,349,349000,350000,2.0,server_received
fd00::20d:d:d:d,360,360000,361000,3.0,server_received
fd00::20d:d:d:d,370,370000,371000,2.0,server_received
fd00::20d:d:d:d,381,381000,382000,2.0,server_received
fd00::20d:d:d:d,392,392000,393000,2.0,server_received
fd00::20d:d:d:d,402,402000,403000,2.0,server_received
fd00::20d:d:d:d,413,413000,414000,2.0,server_received
fd00::20d:d:d:d,423,423000,424000,2.0,server_received
fd00::20d:d:d:d,434,434000,435000,2.0,server_received
fd00::20d:d:d:d,444,444000,445000,2.0,server_received
fd00::20d:d:d:d,455,455000,456000,2.0,server_received
fd00::20d:d:d:d,466,466000,467000,2.0,server_received
fd00::20d:d:d:d,476,476000,477000,2.0,server_received
fd00::20d:d:d:d,487,487000,488000,2.0,server_received
fd00::20d:d:d:d,497,497000,498000,2.0,server_received
fd00::20d:d:d:d,508,508000,509000,2.0,server_received
fd00::20d:d:d:d,519,519000,520000,1.0,server_received
fd00::20d:d:d:d,529,529000,530000,2.0,server_received
fd00::20d:d:d:d,540,540000,541000,3.0,server_received
fd00::20d:d:d:d,550,550000,551000,2.0,server_received
fd00::20d:d:d:d,561,561000,562000,2.0,server_received
fd00::20d:d:d:d,572,572000,573000,2.0,server_received
fd00::20d:d:d:d,582,582000,583000,2.0,server_received
fd00::20d:d:d:d,593,593000,594000,2.0,server_received
fd00::20d:d:d:d,603,603000,604000,2.0,server_received
fd00::20d:d:d:d,614,614000,615000,2.0,server_received
fd00::20d:d:d:d,624,624000,625000,2.0,server_received
fd00::20d:d:d:d,635,635000,636000,2.0,server_received
fd00::20d:d:d:d,646,646000,647000,2.0,server_received
fd00::20d:d:d:d,656,656000,657000,2.0,server_received
fd00::20d:d:d:d,667,667000,668000,2.0,server_received
fd00::20d:d:d:d,677,677000,678000,2.0,server_received
fd00::20d:d:d:d,688,688000,689000,2.0,server_received
fd00::20d:d:d:d,698,698000,699000,2.0,server_received
fd00::20d:d:d:d,709,709000,710000,2.0,server_received
fd00::20d:d:d:d,720,720000,721000,2.0,server_received
fd00::20d:d:d:d,730,730000,731000,3.0,server_received
fd00::20d:d:d:d,741,741000,742000,2.0,server_received
fd00::20d:d:d:d,751,751000,752000,2.0,server_received
fd00::20d:d:d:d,762,762000,763000,2.0,server_received
fd00::20d:d:d:d,773,773000,774000,2.0,server_received
fd00::20d:d:d:d,783,783000,784000,2.0,server_received
fd00::20d:d:d:d,794,794000,795000,2.0,server_received
fd00::20d:d:d:d,804,804000,805000,2.0,server_received
fd00::20d:d:d:d,815,815000,816000,1.0,server_received
fd00::20d:d:d:d,825,825000,826000,1.0,server_received
fd00::20d:d:d:d,836,836000,837000,1.0,server_received
fd00::20d:d:d:d,847,847000,848000,1.0,server_received
fd00::20d:d:d:d,857,857000,858000,1.0,server_received
fd00::20d:d:d:d,868,868000,869000,2.0,server_received
fd00::20d:d:d:d,878,878000,879000,2.0,server_received
fd00::20d:d:d:d,889,889000,890000,2.0,server_received
fd00::20d:d:d:d,900,900000,901000,2.0,server_received
fd00::20d:d:d:d,910,910000,911000,3.0,server_received
fd00::20d:d:d:d,921,921000,922000,2.0,server_received
fd00::20d:d:d:d,931,931000,932000,2.0,server_received
fd00::20d:d:d:d,942,942000,943000,2.0,server_received
fd00::20d:d:d:d,952,952000,953000,2.0,server_received
fd00::20d:d:d:d,963,963000,964000,2.0,server_received
fd00::20d:d:d:d,974,974000,975000,2.0,server_received
fd00::20d:d:d:d,984,984000,985000,2.0,server_received
fd00::20d:d:d:d,995,995000,996000,2.0,server_received
fd00::20d:d:d:d,1005,1005000,1006000,2.0,server_received
fd00::20d:d:d:d,1016,1016000,1017000,2.0,server_received
fd00::20d:d:d:d,1027,1027000,1028000,2.0,server_received
fd00::20d:d:d:d,1037,1037000,1038000,2.0,server_received
fd00::20d:d:d:d,1048,1048000,1049000,2.0,server_received
fd00::20d:d:d:d,1058,1058000,1059000,2.0,server_received
fd00::20d:d:d:d,1069,1069000,1070000,2.0,server_received
fd00::20d:d:d:d,1079,1079000,1080000,2.0,server_received
fd00::20d:d:d:d,1090,1090000,1091000,3.0,server_received
fd00::20d:d:d:d,1101,1101000,1102000,2.0,server_received
fd00::20d:d:d:d,1111,1111000,1112000,2.0,server_received
fd00::20d:d:d:d,1122,1122000,1123000,2.0,server_received
fd00::20d:d:d:d,1132,1132000,1133000,2.0,server_received
fd00::20d:d:d:d,1143,1143000,1144000,2.0,server_received
fd00::20d:d:d:d,1153,1153000,1154000,2.0,server_received
fd00::20d:d:d:d,1164,1164000,1165000,2.0,server_received
fd00::20d:d:d:d,1175,1175000,1176000,2.0,server_received
fd00::20d:d:d:d,1185,1185000,1186000,2.0,server_received
fd00::20d:d:d:d,1196,1196000,1197000,2.0,server_received
fd00::20d:d:d:d,1206,1206000,1207000,2.0,server_received
fd00::20d:d:d:d,1217,1217000,1218000,2.0,server_received
fd00::20d:d:d:d,1228,1228000,1229000,2.0,server_received
fd00::20d:d:d:d,1238,1238000,1239000,2.0,server_received
fd00::20d:d:d:d,1249,1249000,1250000,2.0,server_received
fd00::20d:d:d:d,1259,1259000,1260000,2.0,server_received
fd00::20d:d:d:d,1270,1270000,1271000,3.0,server_received
fd00::20d:d:d:d,1280,1280000,1281000,2.0,server_received
fd00::20d:d:d:d,1291,1291000,1292000,2.0,server_received
fd00::20d:d:d:d,1302,1302000,1303000,2.0,server_received
fd00::20d:d:d:d,1312,1312000,1313000,2.0,server_received
fd00::20d:d:d:d,1323,1323000,1324000,2.0,server_received
fd00::20d:d:d:d,1333,1333000,1334000,2.0,server_received
fd00::20d:d:d:d,1344,1344000,1345000,2.0,server_received
fd00::20d:d:d:d,1355,1355000,1356000,2.0,server_received
fd00::20d:d:d:d,1365,1365000,1366000,2.0,server_received
fd00::20d:d:d:d,1376,1376000,1377000,1.0,server_received
fd00::20d:d:d:d,1386,1386000,1387000,2.0,server_received
fd00::20d:d:d:d,1397,1397000,1398000,2.0,server_received
fd00::20d:d:d:d,1407,1407000,1408000,2.0,server_received
fd00::20d:d:d:d,1418,1418000,1419000,2.0,server_received
fd00::20d:d:d:d,1429,1429000,1430000,2.0,server_received
fd00::20d:d:d:d,1439,1439000,1440000,2.0,server_received
fd00::20d:d:d:d,1450,1450000,1451000,3.0,server_received
fd00::20d:d:d:d,1460,1460000,1461000,2.0,server_received
fd00::20d:d:d:d,1471,1471000,1472000,2.0,server_received
fd00::20d:d:d:d,1482,1482000,1483000,2.0,server_received
fd00::20d:d:d:d,1492,1492000,1493000,2.0,server_received
fd00::20d:d:d:d,1503,1503000,1504000,2.0,server_received
fd00::20d:d:d:d,1513,1513000,1514000,2.0,server_received
fd00::20d:d:d:d,1524,1524000,1525000,2.0,server_received
fd00::20d:d:d:d,1534,1534000,1535000,2.0,server_received
fd00::20d:d:d:d,1545,1545000,1546000,2.0,server_received
fd00::20d:d:d:d,1556,1556000,1557000,2.0,server_received
fd00::20d:d:d:d,1566,1566000,1567000,2.0,server_received
fd00::20d:d:d:d,1577,1577000,1578000,2.0,server_received
fd00::20d:d:d:d,1587,1587000,1588000,2.0,server_received
fd00::20d:d:d:d,1598,1598000,1599000,2.0,server_received
fd00::20d:d:d:d,1609,1609000,1610000,2.0,server_received
fd00::20d:d:d:d,1619,1619000,1620000,2.0,server_received
fd00::20d:d:d:d,1630,1630000,1631000,3.0,server_received
fd00::20d:d:d:d,1640,1640000,1641000,2.0,server_received
fd00::20d:d:d:d,1651,1651000,1652000,2.0,server_received
fd00::20d:d:d:d,1661,1661000,1662000,2.0,server_received
fd00::20d:d:d:d,1672,1672000,1673000,2.0,server_received
fd00::20d:d:d:d,1683,1683000,1684000,2.0,server_received
fd00::20d:d:d:d,1693,1693000,1694000,2.0,server_received
fd00::20d:d:d:d,1704,1704000,1705000,2.0,server_received
fd00::20d:d:d:d,1714,1714000,1715000,2.0,server_received
fd00::20d:d:d:d,1725,1725000,1726000,2.0,server_received
fd00::20d:d:d:d,1736,1736000,1737000,2.0,server_received
fd00::20d:d:d:d,1746,1746000,1747000,2.0,server_received
fd00::20d:d:d:d,1757,1757000,1758000,2.0,server_received
fd00::20d:d:d:d,1767,1767000,1768000,2.0,server_received
fd00::20d:d:d:d,1778,1778000,1779000,2.0,server_received
fd00::20d:d:d:d,1788,1788000,1789000,2.0,server_received
fd00::20d:d:d:d,1799,1799000,1800000,2.0,server_received
fd00::20d:d:d:d,1810,1810000,1811000,2.0,server_received
fd00::20d:d:d:d,1820,1820000,1821000,3.0,server_received
fd00::20d:d:d:d,1831,1831000,1832000,2.0,server_received
fd00::20d:d:d:d,1841,1841000,1842000,2.0,server_received
fd00::20d:d:d:d,1852,1852000,1853000,2.0,server_received
fd00::20d:d:d:d,1862,1862000,1863000,2.0,server_received
fd00::20d:d:d:d,1873,1873000,1874000,2.0,server_received
fd00::20d:d:d:d,1884,1884000,1885000,2.0,server_received
fd00::20d:d:d:d,1894,1894000,1895000,2.0,server_received
fd00::20d:d:d:d,1905,1905000,1906000,2.0,server_received
fd00::20d:d:d:d,1915,1915000,1916000,1.0,server_received
fd00::20d:d:d:d,1926,1926000,1927000,1.0,server_received
fd00::20d:d:d:d,1937,1937000,1938000,1.0,server_received
fd00::20d:d:d:d,1947,1947000,1948000,1.0,server_received
fd00::20d:d:d:d,1958,1958000,1959000,2.0,server_received
fd00::20d:d:d:d,1968,1968000,1969000,2.0,server_received
fd00::20d:d:d:d,1979,1979000,1980000,2.0,server_received
fd00::20d:d:d:d,1989,1989000,1990000,2.0,server_received
fd00::20d:d:d:d,2000,2000000,2001000,3.0,server_received
fd00::20d:d:d:d,2011,2011000,2012000,2.0,server_received
fd00::20d:d:d:d,2021,2021000,2022000,2.0,server_received
fd00::20d:d:d:d,2032,2032000,2033000,2.0,server_received
fd00::20d:d:d:d,2042,2042000,2043000,2.0,server_received
fd00::20d:d:d:d,2053,2053000,2054000,2.0,server_received
fd00::20d:d:d:d,2064,2064000,2065000,2.0,server_received
fd00::20d:d:d:d,2074,2074000,2075000,2.0,server_received
fd00::20d:d:d:d,2085,2085000,2086000,2.0,server_received
fd00::20d:d:d:d,2095,2095000,2096000,2.0,server_received
fd00::20d:d:d:d,2106,2106000,2107000,2.0,server_received
fd00::20d:d:d:d,2116,2116000,2117000,2.0,server_received
fd00::20d:d:d:d,2127,2127000,2128000,2.0,server_received
fd00::20d:d:d:d,2138,2138000,2139000,2.0,server_received
fd00::20d:d:d:d,2148,2148000,2149000,2.0,server_received
fd00::20d:d:d:d,2159,2159000,2160000,2.0,server_received
fd00::20d:d:d:d,2169,2169000,2170000,2.0,server_received
fd00::20d:d:d:d,2180,2180000,2181000,3.0,server_received
fd00::20d:d:d:d,2191,2191000,2192000,2.0,server_received
fd00::20d:d:d:d,2201,2201000,2202000,2.0,server_received
fd00::20d:d:d:d,2212,2212000,2213000,2.0,server_received
fd00::20d:d:d:d,2222,2222000,2223000,2.0,server_received
fd00::20d:d:d:d,2233,2233000,2234000,2.0,server_received
fd00::20d:d:d:d,2243,2243000,2244000,1.0,server_received
fd00::20d:d:d:d,2254,2254000,2255000,2.0,server_received
fd00::20d:d:d:d,2265,2265000,2266000,1.0,server_received
fd00::20d:d:d:d,2275,2275000,2276000,2.0,server_received
fd00::20d:d:d:d,2286,2286000,2287000,2.0,server_received
fd00::20d:d:d:d,2296,2296000,2297000,2.0,server_received
fd00::20d:d:d:d,2307,2307000,2308000,2.0,server_received
fd00::20d:d:d:d,2318,2318000,2319000,2.0,server_received
fd00::20d:d:d:d,2328,2328000,2329000,2.0,server_received
fd00::20d:d:d:d,2339,2339000,2340000,2.0,server_received
fd00::20d:d:d:d,2349,2349000,2350000,2.0,server_received
fd00::20d:d:d:d,2360,2360000,2361000,3.0,server_received
fd00::20d:d:d:d,2370,2370000,2371000,2.0,server_received
fd00::20d:d:d:d,2381,2381000,2382000,2.0,server_received
fd00::20d:d:d:d,2392,2392000,2393000,2.0,server_received
fd00::20d:d:d:d,2402,2402000,2403000,2.0,server_received
fd00::20d:d:d:d,2413,2413000,2414000,2.0,server_received
fd00::20d:d:d:d,2423,2423000,2424000,2.0,server_received
fd00::20d:d:d:d,2434,2434000,2435000,2.0,server_received
fd00::20d:d:d:d,2444,2444000,2445000,2.0,server_received
fd00::20d:d:d:d,2455,2455000,2456000,2.0,server_received
fd00::20d:d:d:d,2466,2466000,2467000,2.0,server_received
fd00::20d:d:d:d,2476,2476000,2477000,2.0,server_received
fd00::20d:d:d:d,2487,2487000,2488000,2.0,server_received
fd00::20d:d:d:d,2497,2497000,2498000,2.0,server_received
fd00::20d:d:d:d,2508,2508000,2509000,2.0,server_received
fd00::20d:d:d:d,2519,2519000,2520000,2.0,server_received
fd00::20d:d:d:d,2529,2529000,2530000,2.0,server_received
fd00::20d:d:d:d,2540,2540000,2541000,3.0,server_received
fd00::20d:d:d:d,2550,2550000,2551000,2.0,server_received
fd00::20d:d:d:d,2561,2561000,2562000,2.0,server_received
fd00::20d:d:d:d,2571,2571000,2572000,2.0,server_received
fd00::20d:d:d:d,2582,2582000,2583000,2.0,server_received
fd00::20d:d:d:d,2593,2593000,2594000,2.0,server_received
fd00::20d:d:d:d,2603,2603000,2604000,2.0,server_received
fd00::20d:d:d:d,2614,2614000,2615000,2.0,server_received
fd00::20d:d:d:d,2624,2624000,2625000,2.0,server_received
fd00::20d:d:d:d,2635,2635000,2636000,2.0,server_received
fd00::20d:d:d:d,2646,2646000,2647000,2.0,server_received
fd00::20d:d:d:d,2656,2656000,2657000,2.0,server_received
fd00::20d:d:d:d,2667,2667000,2668000,2.0,server_received
fd00::20d:d:d:d,2677,2677000,2678000,2.0,server_received
fd00::20d:d:d:d,2688,2688000,2689000,2.0,server_received
fd00::20d:d:d:d,2698,2698000,2699000,2.0,server_received
fd00::20d:d:d:d,2709,2709000,2710000,2.0,server_received
fd00::20d:d:d:d,2720,2720000,2721000,2.0,server_received
fd00::20d:d:d:d,2730,2730000,2731000,3.0,server_received
fd00::20d:d:d:d,2741,2741000,2742000,2.0,server_received
fd00::20d:d:d:d,2751,2751000,2752000,2.0,server_received
fd00::20d:d:d:d,2762,2762000,2763000,2.0,server_received
fd00::20d:d:d:d,2773,2773000,2774000,2.0,server_received
fd00::20d:d:d:d,2783,2783000,2784000,2.0,server_received
fd00::20d:d:d:d,2794,2794000,2795000,2.0,server_received
fd00::20d:d:d:d,2804,2804000,2805000,2.0,server_received
fd00::20d:d:d:d,2815,2815000,2816000,2.0,server_received
fd00::20d:d:d:d,2825,2825000,2826000,2.0,server_received
fd00::20d:d:d:d,2836,2836000,2837000,2.0,server_received
fd00::20d:d:d:d,2847,2847000,2848000,2.0,server_received
fd00::20d:d:d:d,2857,2857000,2858000,2.0,server_received
fd00::20d:d:d:d,2868,2868000,2869000,2.0,server_received
fd00::20d:d:d:d,2878,2878000,2879000,2.0,server_received
fd00::20d:d:d:d,2889,2889000,2890000,2.0,server_received
fd00::20d:d:d:d,2900,2900000,2901000,2.0,server_received
fd00::20d:d:d:d,2910,2910000,2911000,3.0,server_received
fd00::20d:d:d:d,2921,2921000,2922000,2.0,server_received
fd00::20d:d:d:d,2931,2931000,2932000,2.0,server_received
fd00::20d:d:d:d,2942,2942000,2943000,2.0,server_received
fd00::20d:d:d:d,2952,2952000,2953000,2.0,server_received
fd00::20d:d:d:d,2963,2963000,2964000,2.0,server_received
fd00::20d:d:d:d,2974,2974000,2975000,2.0,server_received
fd00::20d:d:d:d,2984,2984000,2985000,2.0,server_received
fd00::20d:d:d:d,2995,2995000,2996000,2.0,server_received
fd00::20d:d:d:d,3005,3005000,3006000,2.0,server_received
fd00::20d:d:d:d,3016,3016000,3017000,2.0,server_received
fd00::20d:d:d:d,3026,3026000,3027000,2.0,server_received
fd00::20d:d:d:d,3037,3037000,3038000,2.0,server_received
fd00::20d:d:d:d,3048,3048000,3049000,2.0,server_received
fd00::20d:d:d:d,3058,3058000,3059000,2.0,server_received
fd00::20d:d:d:d,3069,3069000,3070000,2.0,server_received
fd00::20d:d:d:d,3079,3079000,3080000,2.0,server_received
fd00::20d:d:d:d,3090,3090000,3091000,3.0,server_received
fd00::20d:d:d:d,3101,3101000,3102000,2.0,server_received
fd00::20d:d:d:d,3111,3111000,3112000,2.0,server_received
fd00::20d:d:d:d,3122,3122000,3123000,2.0,server_received
fd00::20d:d:d:d,3132,3132000,3133000,2.0,server_received
fd00::20d:d:d:d,3143,3143000,3144000,2.0,server_received
fd00::20d:d:d:d,3153,3153000,3154000,2.0,server_received
fd00::20d:d:d:d,3164,3164000,3165000,2.0,server_received
fd00::20d:d:d:d,3175,3175000,3176000,2.0,server_received
fd00::20d:d:d:d,3185,3185000,3186000,2.0,server_received
fd00::20d:d:d:d,3196,3196000,3197000,2.0,server_received
fd00::20d:d:d:d,3206,3206000,3207000,2.0,server_received
fd00::20d:d:d:d,3217,3217000,3218000,2.0,server_received
fd00::20d:d:d:d,3228,3228000,3229000,2.0,server_received
fd00::20d:d:d:d,3238,3238000,3239000,2.0,server_received
fd00::20d:d:d:d,3249,3249000,3250000,2.0,server_received
fd00::20d:d:d:d,3259,3259000,3260000,2.0,server_received
fd00::20d:d:d:d,3270,3270000,3271000,3.0,server_received
fd00::20d:d:d:d,3280,3280000,3281000,2.0,server_received
fd00::20d:d:d:d,3291,3291000,3292000,2.0,server_received
fd00::20d:d:d:d,3302,3302000,3303000,2.0,server_received
fd00::20d:d:d:d,3312,3312000,3313000,2.0,server_received
fd00::20d:d:d:d,3323,3323000,3324000,2.0,server_received
fd00::20d:d:d:d,3333,3333000,3334000,2.0,server_received
fd00::20d:d:d:d,3344,3344000,3345000,2.0,server_received
fd00::20d:d:d:d,3355,3355000,3356000,2.0,server_received
fd00::20d:d:d:d,3365,3365000,3366000,2.0,server_received
fd00::20d:d:d:d,3376,3376000,3377000,2.0,server_received
fd00::20d:d:d:d,3386,3386000,3387000,2.0,server_received
fd00::20d:d:d:d,3397,3397000,3398000,2.0,server_received
fd00::20d:d:d:d,3407,3407000,3408000,2.0,server_received
fd00::20d:d:d:d,3418,3418000,3419000,2.0,server_received
fd00::20d:d:d:d,3429,3429000,3430000,2.0,server_received
fd00::20d:d:d:d,3439,3439000,3440000,2.0,server_received
fd00::20d:d:d:d,3450,3450000,3451000,2.0,server_received
fd00::20d:d:d:d,3460,3460000,3461000,3.0,server_received
fd00::20d:d:d:d,3471,3471000,3472000,2.0,server_received
fd00::20d:d:d:d,3482,3482000,3483000,2.0,server_received
fd00::20d:d:d:d,3492,3492000,3493000,2.0,server_received
fd00::20d:d:d:d,3503,3503000,3504000,2.0,server_received
fd00::20d:d:d:d,3513,3513000,3514000,2.0,server_received
fd00::20d:d:d:d,3524,3524000,3525000,2.0,server_received
fd00::20d:d:d:d,3534,3534000,3535000,2.0,server_received
fd00::20d:d:d:d,3545,3545000,3546000,2.0,server_received
fd00::20d:d:d:d,3556,3556000,3557000,2.0,server_received
fd00::20d:d:d:d,3566,3566000,3567000,2.0,server_received
fd00::20d:d:d:d,3577,3577000,3578000,2.0,server_received
fd00::20d:d:d:d,3587,3587000,3588000,2.0,server_received
fd00::20d:d:d:d,3598,3598000,3599000,2.0,server_received
fd00::20e:e:e:e,43,43000,44000,0.0,server_received
fd00::20e:e:e:e,96,96000,97000,2.0,server_received
fd00::20e:e:e:e,107,107000,108000,2.0,server_received
fd00::20e:e:e:e,729,729000,730000,2.0,server_received
fd00::20e:e:e:e,740,740000,741000,2.0,server_received
fd00::20e:e:e:e,750,750000,751000,3.0,server_received
fd00::20e:e:e:e,761,761000,762000,1.0,server_received
fd00::20e:e:e:e,793,793000,794000,1.0,server_received
fd00::20e:e:e:e,825,825000,826000,2.0,server_received
fd00::20e:e:e:e,836,836000,837000,2.0,server_received
fd00::20e:e:e:e,847,847000,848000,2.0,server_received
fd00::20e:e:e:e,857,857000,858000,2.0,server_received
fd00::20e:e:e:e,1115,1115000,1116000,2.0,server_received
fd00::20e:e:e:e,1458,1458000,1459000,1.0,server_received
fd00::20e:e:e:e,1469,1469000,1470000,1.0,server_received
fd00::20e:e:e:e,1479,1479000,1480000,2.0,server_received
fd00::20e:e:e:e,1490,1490000,1491000,3.0,server_received
fd00::20e:e:e:e,1501,1501000,1502000,2.0,server_received
fd00::20e:e:e:e,1512,1512000,1513000,1.0,server_received
fd00::20e:e:e:e,1544,1544000,1545000,1.0,server_received
fd00::20e:e:e:e,1576,1576000,1577000,1.0,server_received
fd00::20e:e:e:e,1587,1587000,1588000,2.0,server_received
fd00::20e:e:e:e,1597,1597000,1598000,2.0,server_received
fd00::20e:e:e:e,1608,1608000,1609000,2.0,server_received
fd00::20e:e:e:e,2230,2230000,2231000,4.0,server_received
fd00::20e:e:e:e,2241,2241000,2242000,2.0,server_received
fd00::20e:e:e:e,2262,2262000,2263000,3.0,server_received
fd00::20e:e:e:e,2284,2284000,2285000,1.0,server_received
fd00::20e:e:e:e,2755,2755000,2756000,2.0,server_received
fd00::20e:e:e:e,2766,2766000,2767000,2.0,server_received
fd00::20e:e:e:e,2777,2777000,2778000,2.0,server_received
fd00::20e:e:e:e,2788,2788000,2789000,2.0,server_received
fd00::20e:e:e:e,3495,3495000,3496000,2.0,server_received
fd00::20e:e:e:e,3506,3506000,3507000,2.0,server_received
fd00::20e:e:e:e,3517,3517000,3518000,2.0,server_received
fd00::20e:e:e:e,3528,3528000,3529000,2.0,server_received
fd00::20e:e:e:e,3538,3538000,3539000,2.0,server_received
fd00::20e:e:e:e,3549,3549000,3550000,2.0,server_received
fd00::20e:e:e:e,3581,3581000,3582000,2.0,server_received
fd00::20f:f:f:f,73,73000,74000,0.0,server_received
fd00::20f:f:f:f,84,84000,85000,1.0,server_received
fd00::20f:f:f:f,94,94000,95000,2.0,server_received
fd00::20f:f:f:f,105,105000,106000,2.0,server_received
fd00::20f:f:f:f,126,126000,127000,2.0,server_received
fd00::20f:f:f:f,137,137000,138000,2.0,server_received
fd00::20f:f:f:f,147,147000,148000,2.0,server_received
fd00::20f:f:f:f,158,158000,159000,2.0,server_received
fd00::20f:f:f:f,168,168000,169000,2.0,server_received
fd00::20f:f:f:f,179,179000,180000,2.0,server_received
fd00::20f:f:f:f,189,189000,190000,2.0,server_received
fd00::20f:f:f:f,200,200000,201000,2.0,server_received
fd00::20f:f:f:f,210,210000,211000,3.0,server_received
fd00::20f:f:f:f,221,221000,222000,2.0,server_received
fd00::20f:f:f:f,231,231000,232000,1.0,server_received
fd00::20f:f:f:f,242,242000,243000,2.0,server_received
fd00::20f:f:f:f,252,252000,253000,2.0,server_received
fd00::20f:f:f:f,263,263000,264000,2.0,server_received
fd00::20f:f:f:f,273,273000,274000,2.0,server_received
fd00::20f:f:f:f,284,284000,285000,2.0,server_received
fd00::20f:f:f:f,294,294000,295000,2.0,server_received
fd00::20f:f:f:f,305,305000,306000,2.0,server_received
fd00::20f:f:f:f,315,315000,316000,2.0,server_received
fd00::20f:f:f:f,326,326000,327000,2.0,server_received
fd00::20f:f:f:f,347,347000,348000,2.0,server_received
fd00::20f:f:f:f,358,358000,359000,2.0,server_received
fd00::20f:f:f:f,368,368000,369000,2.0,server_received
fd00::20f:f:f:f,379,379000,380000,2.0,server_received
fd00::20f:f:f:f,389,389000,390000,2.0,server_received
fd00::20f:f:f:f,400,400000,401000,2.0,server_received
fd00::20f:f:f:f,410,410000,411000,3.0,server_received
fd00::20f:f:f:f,421,421000,422000,2.0,server_received
fd00::20f:f:f:f,431,431000,432000,2.0,server_received
fd00::20f:f:f:f,452,452000,453000,2.0,server_received
fd00::20f:f:f:f,463,463000,464000,2.0,server_received
fd00::20f:f:f:f,473,473000,474000,2.0,server_received
fd00::20f:f:f:f,484,484000,485000,2.0,server_received
fd00::20f:f:f:f,494,494000,495000,2.0,server_received
fd00::20f:f:f:f,505,505000,506000,1.0,server_received
fd00::20f:f:f:f,516,516000,517000,2.0,server_received
fd00::20f:f:f:f,526,526000,527000,2.0,server_received
fd00::20f:f:f:f,537,537000,538000,2.0,server_received
fd00::20f:f:f:f,558,558000,559000,2.0,server_received
fd00::20f:f:f:f,568,568000,569000,2.0,server_received
fd00::20f:f:f:f,579,579000,580000,2.0,server_received
fd00::20f:f:f:f,589,589000,590000,2.0,server_received
fd00::20f:f:f:f,610,610000,611000,4.0,server_received
fd00::20f:f:f:f,621,621000,622000,2.0,server_received
fd00::20f:f:f:f,631,631000,632000,2.0,server_received
fd00::20f:f:f:f,642,642000,643000,1.0,server_received
fd00::20f:f:f:f,663,663000,664000,1.0,server_received
fd00::20f:f:f:f,673,673000,674000,2.0,server_received
fd00::20f:f:f:f,684,684000,685000,2.0,server_received
fd00::20f:f:f:f,694,694000,695000,2.0,server_received
fd00::20f:f:f:f,705,705000,706000,2.0,server_received
fd00::20f:f:f:f,715,715000,716000,1.0,server_received
fd00::20f:f:f:f,726,726000,727000,2.0,server_received
fd00::20f:f:f:f,737,737000,738000,2.0,server_received
fd00::20f:f:f:f,747,747000,748000,2.0,server_received
fd00::20f:f:f:f,768,768000,769000,2.0,server_received
fd00::20f:f:f:f,779,779000,780000,2.0,server_received
fd00::20f:f:f:f,789,789000,790000,2.0,server_received
fd00::20f:f:f:f,800,800000,801000,1.0,server_received
fd00::20f:f:f:f,810,810000,811000,3.0,server_received
fd00::20f:f:f:f,821,821000,822000,1.0,server_received
fd00::20f:f:f:f,831,831000,832000,2.0,server_received
fd00::20f:f:f:f,842,842000,843000,2.0,server_received
fd00::20f:f:f:f,852,852000,853000,1.0,server_received
fd00::20f:f:f:f,863,863000,864000,2.0,server_received
fd00::20f:f:f:f,873,873000,874000,1.0,server_received
fd00::20f:f:f:f,884,884000,885000,2.0,server_received
fd00::20f:f:f:f,895,895000,896000,1.0,server_received
fd00::20f:f:f:f,905,905000,906000,2.0,server_received
fd00::20f:f:f:f,916,916000,917000,2.0,server_received
fd00::20f:f:f:f,926,926000,927000,2.0,server_received
fd00::20f:f:f:f,937,937000,938000,2.0,server_received
fd00::20f:f:f:f,947,947000,948000,2.0,server_received
fd00::20f:f:f:f,958,958000,959000,2.0,server_received
fd00::20f:f:f:f,968,968000,969000,2.0,server_received
fd00::20f:f:f:f,989,989000,990000,3.0,server_received
fd00::20f:f:f:f,1000,1000000,1001000,2.0,server_received
fd00::20f:f:f:f,1010,1010000,1011000,3.0,server_received
fd00::20f:f:f:f,1021,1021000,1022000,2.0,server_received
fd00::20f:f:f:f,1031,1031000,1032000,2.0,server_received
fd00::20f:f:f:f,1042,1042000,1043000,2.0,server_received
fd00::20f:f:f:f,1052,1052000,1053000,2.0,server_received
fd00::20f:f:f:f,1063,1063000,1064000,2.0,server_received
fd00::20f:f:f:f,1073,1073000,1074000,2.0,server_received
fd00::20f:f:f:f,1095,1095000,1096000,2.0,server_received
fd00::20f:f:f:f,1105,1105000,1106000,2.0,server_received
fd00::20f:f:f:f,1116,1116000,1117000,2.0,server_received
fd00::20f:f:f:f,1126,1126000,1127000,2.0,server_received
fd00::20f:f:f:f,1137,1137000,1138000,2.0,server_received
fd00::20f:f:f:f,1147,1147000,1148000,2.0,server_received
fd00::20f:f:f:f,1158,1158000,1159000,2.0,server_received
fd00::20f:f:f:f,1168,1168000,1169000,2.0,server_received
fd00::20f:f:f:f,1179,1179000,1180000,2.0,server_received
fd00::20f:f:f:f,1200,1200000,1201000,2.0,server_received
fd00::20f:f:f:f,1210,1210000,1211000,3.0,server_received
fd00::20f:f:f:f,1221,1221000,1222000,2.0,server_received
fd00::20f:f:f:f,1231,1231000,1232000,2.0,server_received
fd00::20f:f:f:f,1242,1242000,1243000,2.0,server_received
fd00::20f:f:f:f,1252,1252000,1253000,2.0,server_received
fd00::20f:f:f:f,1263,1263000,1264000,2.0,server_received
fd00::20f:f:f:f,1273,1273000,1274000,2.0,server_received
fd00::20f:f:f:f,1284,1284000,1285000,2.0,server_received
fd00::20f:f:f:f,1305,1305000,1306000,2.0,server_received
fd00::20f:f:f:f,1316,1316000,1317000,2.0,server_received
fd00::20f:f:f:f,1326,1326000,1327000,2.0,server_received
fd00::20f:f:f:f,1337,1337000,1338000,2.0,server_received
fd00::20f:f:f:f,1347,1347000,1348000,2.0,server_received
fd00::20f:f:f:f,1358,1358000,1359000,2.0,server_received
fd00::20f:f:f:f,1368,1368000,1369000,2.0,server_received
fd00::20f:f:f:f,1379,1379000,1380000,2.0,server_received
fd00::20f:f:f:f,1389,1389000,1390000,2.0,server_received
fd00::20f:f:f:f,1410,1410000,1411000,3.0,server_received
fd00::20f:f:f:f,1421,1421000,1422000,2.0,server_received
fd00::20f:f:f:f,1431,1431000,1432000,2.0,server_received
fd00::20f:f:f:f,1442,1442000,1443000,2.0,server_received
fd00::20f:f:f:f,1452,1452000,1453000,2.0,server_received
fd00::20f:f:f:f,1463,1463000,1464000,2.0,server_received
fd00::20f:f:f:f,1473,1473000,1474000,2.0,server_received
fd00::20f:f:f:f,1484,1484000,1485000,2.0,server_received
fd00::20f:f:f:f,1494,1494000,1495000,2.0,server_received
fd00::20f:f:f:f,1505,1505000,1506000,2.0,server_received
fd00::20f:f:f:f,1516,1516000,1517000,1.0,server_received
fd00::20f:f:f:f,1526,1526000,1527000,2.0,server_received
fd00::20f:f:f:f,1537,1537000,1538000,2.0,server_received
fd00::20f:f:f:f,1547,1547000,1548000,2.0,server_received
fd00::20f:f:f:f,1558,1558000,1559000,2.0,server_received
fd00::20f:f:f:f,1568,1568000,1569000,2.0,server_received
fd00::20f:f:f:f,1579,1579000,1580000,2.0,server_received
fd00::20f:f:f:f,1589,1589000,1590000,2.0,server_received
fd00::20f:f:f:f,1600,1600000,1601000,2.0,server_received
fd00::20f:f:f:f,1610,1610000,1611000,3.0,server_received
fd00::20f:f:f:f,1631,1631000,1632000,2.0,server_received
fd00::20f:f:f:f,1642,1642000,1643000,2.0,server_received
fd00::20f:f:f:f,1652,1652000,1653000,2.0,server_received
fd00::20f:f:f:f,1663,1663000,1664000,2.0,server_received
fd00::20f:f:f:f,1674,1674000,1675000,2.0,server_received
fd00::20f:f:f:f,1684,1684000,1685000,2.0,server_received
fd00::20f:f:f:f,1695,1695000,1696000,2.0,server_received
fd00::20f:f:f:f,1705,1705000,1706000,2.0,server_received
fd00::20f:f:f:f,1716,1716000,1717000,2.0,server_received
fd00::20f:f:f:f,1737,1737000,1738000,2.0,server_received
fd00::20f:f:f:f,1747,1747000,1748000,2.0,server_received
fd00::20f:f:f:f,1758,1758000,1759000,2.0,server_received
fd00::20f:f:f:f,1768,1768000,1769000,2.0,server_received
fd00::20f:f:f:f,1779,1779000,1780000,2.0,server_received
fd00::20f:f:f:f,1789,1789000,1790000,2.0,server_received
fd00::20f:f:f:f,1800,1800000,1801000,2.0,server_received
fd00::20f:f:f:f,1810,1810000,1811000,3.0,server_received
fd00::20f:f:f:f,1821,1821000,1822000,2.0,server_received
fd00::20f:f:f:f,1842,1842000,1843000,2.0,server_received
fd00::20f:f:f:f,1852,1852000,1853000,2.0,server_received
fd00::20f:f:f:f,1863,1863000,1864000,2.0,server_received
fd00::20f:f:f:f,1873,1873000,1874000,2.0,server_received
fd00::20f:f:f:f,1884,1884000,1885000,2.0,server_received
fd00::20f:f:f:f,1895,1895000,1896000,2.0,server_received
fd00::20f:f:f:f,1905,1905000,1906000,2.0,server_received
fd00::20f:f:f:f,1916,1916000,1917000,2.0,server_received
fd00::20f:f:f:f,1926,1926000,1927000,2.0,server_received
fd00::20f:f:f:f,1947,1947000,1948000,2.0,server_received
fd00::20f:f:f:f,1958,1958000,1959000,2.0,server_received
fd00::20f:f:f:f,1968,1968000,1969000,2.0,server_received
fd00::20f:f:f:f,1979,1979000,1980000,2.0,server_received
fd00::20f:f:f:f,1989,1989000,1990000,2.0,server_received
fd00::20f:f:f:f,2000,2000000,2001000,2.0,server_received
fd00::20f:f:f:f,2010,2010000,2011000,3.0,server_received
fd00::20f:f:f:f,2021,2021000,2022000,2.0,server_received
fd00::20f:f:f:f,2031,2031000,2032000,2.0,server_received
fd00::20f:f:f:f,2052,2052000,2053000,3.0,server_received
fd00::20f:f:f:f,2063,2063000,2064000,2.0,server_received
fd00::20f:f:f:f,2074,2074000,2075000,2.0,server_received
fd00::20f:f:f:f,2084,2084000,2085000,2.0,server_received
fd00::20f:f:f:f,2095,2095000,2096000,2.0,server_received
fd00::20f:f:f:f,2105,2105000,2106000,2.0,server_received
fd00::20f:f:f:f,2116,2116000,2117000,2.0,server_received
fd00::20f:f:f:f,2126,2126000,2127000,2.0,server_received
fd00::20f:f:f:f,2137,2137000,2138000,2.0,server_received
fd00::20f:f:f:f,2158,2158000,2159000,2.0,server_received
fd00::20f:f:f:f,2168,2168000,2169000,2.0,server_received
fd00::20f:f:f:f,2179,2179000,2180000,2.0,server_received
fd00::20f:f:f:f,2189,2189000,2190000,2.0,server_received
fd00::20f:f:f:f,2200,2200000,2201000,2.0,server_received
fd00::20f:f:f:f,2210,2210000,2211000,3.0,server_received
fd00::20f:f:f:f,2221,2221000,2222000,1.0,server_received
fd00::20f:f:f:f,2231,2231000,2232000,2.0,server_received
fd00::20f:f:f:f,2242,2242000,2243000,2.0,server_received
fd00::20f:f:f:f,2252,2252000,2253000,2.0,server_received
fd00::20f:f:f:f,2273,2273000,2274000,2.0,server_received
fd00::20f:f:f:f,2284,2284000,2285000,2.0,server_received
fd00::20f:f:f:f,2295,2295000,2296000,2.0,server_received
fd00::20f:f:f:f,2305,2305000,2306000,1.0,server_received
fd00::20f:f:f:f,2316,2316000,2317000,2.0,server_received
fd00::20f:f:f:f,2326,2326000,2327000,1.0,server_received
fd00::20f:f:f:f,2337,2337000,2338000,1.0,server_received
fd00::20f:f:f:f,2347,2347000,2348000,2.0,server_received
fd00::20f:f:f:f,2358,2358000,2359000,2.0,server_received
fd00::20f:f:f:f,2379,2379000,2380000,2.0,server_received
fd00::20f:f:f:f,2389,2389000,2390000,2.0,server_received
fd00::20f:f:f:f,2400,2400000,2401000,3.0,server_received
fd00::20f:f:f:f,2410,2410000,2411000,2.0,server_received
fd00::20f:f:f:f,2421,2421000,2422000,2.0,server_received
fd00::20f:f:f:f,2431,2431000,2432000,2.0,server_received
fd00::20f:f:f:f,2442,2442000,2443000,2.0,server_received
fd00::20f:f:f:f,2452,2452000,2453000,2.0,server_received
fd00::20f:f:f:f,2463,2463000,2464000,2.0,server_received
fd00::20f:f:f:f,2484,2484000,2485000,2.0,server_received
fd00::20f:f:f:f,2495,2495000,2496000,2.0,server_received
fd00::20f:f:f:f,2505,2505000,2506000,2.0,server_received
fd00::20f:f:f:f,2516,2516000,2517000,2.0,server_received
fd00::20f:f:f:f,2526,2526000,2527000,2.0,server_received
fd00::20f:f:f:f,2537,2537000,2538000,2.0,server_received
fd00::20f:f:f:f,2547,2547000,2548000,2.0,server_received
fd00::20f:f:f:f,2558,2558000,2559000,2.0,server_received
fd00::20f:f:f:f,2568,2568000,2569000,2.0,server_received
fd00::20f:f:f:f,2589,2589000,2590000,2.0,server_received
fd00::20f:f:f:f,2600,2600000,2601000,2.0,server_received
fd00::20f:f:f:f,2610,2610000,2611000,3.0,server_received
fd00::20f:f:f:f,2621,2621000,2622000,2.0,server_received
fd00::20f:f:f:f,2631,2631000,2632000,2.0,server_received
fd00::20f:f:f:f,2642,2642000,2643000,2.0,server_received
fd00::20f:f:f:f,2653,2653000,2654000,2.0,server_received
fd00::20f:f:f:f,2663,2663000,2664000,2.0,server_received
fd00::20f:f:f:f,2674,2674000,2675000,2.0,server_received
fd00::20f:f:f:f,2695,2695000,2696000,2.0,server_received
fd00::20f:f:f:f,2705,2705000,2706000,2.0,server_received
fd00::20f:f:f:f,2716,2716000,2717000,2.0,server_received
fd00::20f:f:f:f,2726,2726000,2727000,2.0,server_received
fd00::20f:f:f:f,2737,2737000,2738000,2.0,server_received
fd00::20f:f:f:f,2747,2747000,2748000,2.0,server_received
fd00::20f:f:f:f,2758,2758000,2759000,2.0,server_received
fd00::20f:f:f:f,2768,2768000,2769000,2.0,server_received
fd00::20f:f:f:f,2779,2779000,2780000,2.0,server_received
fd00::20f:f:f:f,2800,2800000,2801000,2.0,server_received
fd00::20f:f:f:f,2810,2810000,2811000,3.0,server_received
fd00::20f:f:f:f,2821,2821000,2822000,2.0,server_received
fd00::20f:f:f:f,2831,2831000,2832000,2.0,server_received
fd00::20f:f:f:f,2842,2842000,2843000,2.0,server_received
fd00::20f:f:f:f,2852,2852000,2853000,2.0,server_received
fd00::20f:f:f:f,2863,2863000,2864000,2.0,server_received
fd00::20f:f:f:f,2874,2874000,2875000,2.0,server_received
fd00::20f:f:f:f,2884,2884000,2885000,2.0,server_received
fd00::20f:f:f:f,2895,2895000,2896000,2.0,server_received
fd00::20f:f:f:f,2905,2905000,2906000,1.0,server_received
fd00::20f:f:f:f,2916,2916000,2917000,2.0,server_received
fd00::20f:f:f:f,2926,2926000,2927000,2.0,server_received
fd00::20f:f:f:f,2937,2937000,2938000,2.0,server_received
fd00::20f:f:f:f,2947,2947000,2948000,2.0,server_received
fd00::20f:f:f:f,2958,2958000,2959000,2.0,server_received
fd00::20f:f:f:f,2968,2968000,2969000,2.0,server_received
fd00::20f:f:f:f,2979,2979000,2980000,2.0,server_received
fd00::20f:f:f:f,2989,2989000,2990000,2.0,server_received
fd00::20f:f:f:f,3000,3000000,3001000,2.0,server_received
fd00::20f:f:f:f,3021,3021000,3022000,3.0,server_received
fd00::20f:f:f:f,3031,3031000,3032000,2.0,server_received
fd00::20f:f:f:f,3042,3042000,3043000,2.0,server_received
fd00::20f:f:f:f,3053,3053000,3054000,2.0,server_received
fd00::20f:f:f:f,3063,3063000,3064000,2.0,server_received
fd00::20f:f:f:f,3074,3074000,3075000,2.0,server_received
fd00::20f:f:f:f,3084,3084000,3085000,2.0,server_received
fd00::20f:f:f:f,3095,3095000,3096000,2.0,server_received
fd00::20f:f:f:f,3105,3105000,3106000,2.0,server_received
fd00::20f:f:f:f,3126,3126000,3127000,3.0,server_received
fd00::20f:f:f:f,3137,3137000,3138000,2.0,server_received
fd00::20f:f:f:f,3147,3147000,3148000,2.0,server_received
fd00::20f:f:f:f,3158,3158000,3159000,2.0,server_received
fd00::20f:f:f:f,3168,3168000,3169000,2.0,server_received
fd00::20f:f:f:f,3179,3179000,3180000,2.0,server_received
fd00::20f:f:f:f,3189,3189000,3190000,2.0,server_received
fd00::20f:f:f:f,3200,3200000,3201000,3.0,server_received
fd00::20f:f:f:f,3210,3210000,3211000,2.0,server_received
fd00::20f:f:f:f,3231,3231000,3232000,2.0,server_received
fd00::20f:f:f:f,3242,3242000,3243000,2.0,server_received
fd00::20f:f:f:f,3253,3253000,3254000,2.0,server_received
fd00::20f:f:f:f,3263,3263000,3264000,2.0,server_received
fd00::20f:f:f:f,3274,3274000,3275000,2.0,server_received
fd00::20f:f:f:f,3284,3284000,3285000,2.0,server_received
fd00::20f:f:f:f,3295,3295000,3296000,2.0,server_received
fd00::20f:f:f:f,3305,3305000,3306000,2.0,server_received
fd00::20f:f:f:f,3316,3316000,3317000,2.0,server_received
fd00::20f:f:f:f,3337,3337000,3338000,2.0,server_received
fd00::20f:f:f:f,3347,3347000,3348000,2.0,server_received
fd00::20f:f:f:f,3358,3358000,3359000,2.0,server_received
fd00::20f:f:f:f,3368,3368000,3369000,2.0,server_received
fd00::20f:f:f:f,3379,3379000,3380000,2.0,server_received
fd00::20f:f:f:f,3389,3389000,3390000,2.0,server_received
fd00::20f:f:f:f,3400,3400000,3401000,3.0,server_received
fd00::20f:f:f:f,3410,3410000,3411000,2.0,server_received
fd00::20f:f:f:f,3421,3421000,3422000,2.0,server_received
fd00::20f:f:f:f,3442,3442000,3443000,2.0,server_received
fd00::20f:f:f:f,3453,3453000,3454000,2.0,server_received
fd00::20f:f:f:f,3463,3463000,3464000,2.0,server_received
fd00::20f:f:f:f,3474,3474000,3475000,2.0,server_received
fd00::20f:f:f:f,3484,3484000,3485000,2.0,server_received
fd00::20f:f:f:f,3495,3495000,3496000,2.0,server_received
fd00::20f:f:f:f,3505,3505000,3506000,2.0,server_received
fd00::20f:f:f:f,3516,3516000,3517000,2.0,server_received
fd00::20f:f:f:f,3526,3526000,3527000,2.0,server_received
fd00::20f:f:f:f,3537,3537000,3538000,2.0,server_received
fd00::20f:f:f:f,3547,3547000,3548000,1.0,server_received
fd00::20f:f:f:f,3558,3558000,3559000,2.0,server_received
fd00::20f:f:f:f,3568,3568000,3569000,2.0,server_received
fd00::20f:f:f:f,3579,3579000,3580000,2.0,server_received
fd00::20f:f:f:f,3589,3589000,3590000,2.0,server_received
fd00::210:10:10:10,51,51000,52000,0.0,server_received
fd00::210:10:10:10,62,62000,63000,1.0,server_received
fd00::210:10:10:10,93,93000,94000,1.0,server_received
fd00::210:10:10:10,103,103000,104000,1.0,server_received
fd00::210:10:10:10,114,114000,115000,1.0,server_received
fd00::210:10:10:10,124,124000,125000,1.0,server_received
fd00::210:10:10:10,549,549000,550000,1.0,server_received
fd00::210:10:10:10,974,974000,975000,1.0,server_received
fd00::210:10:10:10,1005,1005000,1006000,1.0,server_received
fd00::210:10:10:10,1026,1026000,1027000,1.0,server_received
fd00::210:10:10:10,1037,1037000,1038000,1.0,server_received
fd00::210:10:10:10,1555,1555000,1556000,1.0,server_received
fd00::210:10:10:10,2094,2094000,2095000,1.0,server_received
fd00::210:10:10:10,2105,2105000,2106000,1.0,server_received
fd00::210:10:10:10,2198,2198000,2199000,1.0,server_received
fd00::210:10:10:10,2374,2374000,2375000,2.0,server_received
fd00::210:10:10:10,2882,2882000,2883000,1.0,server_received
fd00::210:10:10:10,2893,2893000,2894000,1.0,server_received
fd00::210:10:10:10,2903,2903000,2904000,1.0,server_received
fd00::210:10:10:10,2955,2955000,2956000,1.0,server_received
fd00::210:10:10:10,2986,2986000,2987000,1.0,server_received
fd00::210:10:10:10,2996,2996000,2997000,1.0,server_received
fd00::210:10:10:10,3007,3007000,3008000,1.0,server_received
fd00::211:11:11:11,64,64000,65000,0.0,server_received
fd00::211:11:11:11,75,75000,76000,1.0,server_received
fd00::211:11:11:11,86,86000,87000,1.0,server_received
fd00::211:11:11:11,97,97000,98000,1.0,server_received
fd00::211:11:11:11,107,107000,108000,1.0,server_received
fd00::211:11:11:11,118,118000,119000,1.0,server_received
fd00::211:11:11:11,129,129000,130000,1.0,server_received
fd00::211:11:11:11,150,150000,151000,1.0,server_received
fd00::211:11:11:11,161,161000,162000,1.0,server_received
fd00::211:11:11:11,172,172000,173000,1.0,server_received
fd00::211:11:11:11,182,182000,183000,1.0,server_received
fd00::211:11:11:11,193,193000,194000,1.0,server_received
fd00::211:11:11:11,204,204000,205000,1.0,server_received
fd00::211:11:11:11,214,214000,215000,1.0,server_received
fd00::211:11:11:11,225,225000,226000,1.0,server_received
fd00::211:11:11:11,236,236000,237000,1.0,server_received
fd00::211:11:11:11,257,257000,258000,1.0,server_received
fd00::211:11:11:11,268,268000,269000,1.0,server_received
fd00::211:11:11:11,279,279000,280000,1.0,server_received
fd00::211:11:11:11,289,289000,290000,1.0,server_received
fd00::211:11:11:11,300,300000,301000,1.0,server_received
fd00::211:11:11:11,311,311000,312000,1.0,server_received
fd00::211:11:11:11,322,322000,323000,1.0,server_received
fd00::211:11:11:11,332,332000,333000,1.0,server_received
fd00::211:11:11:11,343,343000,344000,1.0,server_received
fd00::211:11:11:11,364,364000,365000,1.0,server_received
fd00::211:11:11:11,375,375000,376000,1.0,server_received
fd00::211:11:11:11,386,386000,387000,1.0,server_received
fd00::211:11:11:11,397,397000,398000,1.0,server_received
fd00::211:11:11:11,407,407000,408000,1.0,server_received
fd00::211:11:11:11,418,418000,419000,1.0,server_received
fd00::211:11:11:11,429,429000,430000,1.0,server_received
fd00::211:11:11:11,440,440000,441000,1.0,server_received
fd00::211:11:11:11,450,450000,451000,1.0,server_received
fd00::211:11:11:11,472,472000,473000,1.0,server_received
fd00::211:11:11:11,482,482000,483000,1.0,server_received
fd00::211:11:11:11,493,493000,494000,1.0,server_received
fd00::211:11:11:11,504,504000,505000,1.0,server_received
fd00::211:11:11:11,515,515000,516000,1.0,server_received
fd00::211:11:11:11,525,525000,526000,1.0,server_received
fd00::211:11:11:11,536,536000,537000,1.0,server_received
fd00::211:11:11:11,547,547000,548000,1.0,server_received
fd00::211:11:11:11,558,558000,559000,1.0,server_received
fd00::211:11:11:11,579,579000,580000,1.0,server_received
fd00::211:11:11:11,922,922000,923000,1.0,server_received
fd00::211:11:11:11,933,933000,934000,1.0,server_received
fd00::211:11:11:11,943,943000,944000,1.0,server_received
fd00::211:11:11:11,954,954000,955000,1.0,server_received
fd00::211:11:11:11,965,965000,966000,1.0,server_received
fd00::211:11:11:11,976,976000,977000,1.0,server_received
fd00::211:11:11:11,986,986000,987000,1.0,server_received
fd00::211:11:11:11,1008,1008000,1009000,1.0,server_received
fd00::211:11:11:11,1018,1018000,1019000,1.0,server_received
fd00::211:11:11:11,1029,1029000,1030000,1.0,server_received
fd00::211:11:11:11,1040,1040000,1041000,1.0,server_received
fd00::211:11:11:11,1051,1051000,1052000,1.0,server_received
fd00::211:11:11:11,1061,1061000,1062000,1.0,server_received
fd00::211:11:11:11,1072,1072000,1073000,1.0,server_received
fd00::211:11:11:11,1083,1083000,1084000,1.0,server_received
fd00::211:11:11:11,1093,1093000,1094000,1.0,server_received
fd00::211:11:11:11,1115,1115000,1116000,1.0,server_received
fd00::211:11:11:11,1126,1126000,1127000,1.0,server_received
fd00::211:11:11:11,1136,1136000,1137000,1.0,server_received
fd00::211:11:11:11,1147,1147000,1148000,1.0,server_received
fd00::211:11:11:11,1158,1158000,1159000,1.0,server_received
fd00::211:11:11:11,1169,1169000,1170000,1.0,server_received
fd00::211:11:11:11,1179,1179000,1180000,1.0,server_received
fd00::211:11:11:11,1190,1190000,1191000,1.0,server_received
fd00::211:11:11:11,1201,1201000,1202000,1.0,server_received
fd00::211:11:11:11,1222,1222000,1223000,1.0,server_received
fd00::211:11:11:11,1233,1233000,1234000,1.0,server_received
fd00::211:11:11:11,1244,1244000,1245000,1.0,server_received
fd00::211:11:11:11,1254,1254000,1255000,1.0,server_received
fd00::211:11:11:11,1265,1265000,1266000,1.0,server_received
fd00::211:11:11:11,1276,1276000,1277000,1.0,server_received
fd00::211:11:11:11,1286,1286000,1287000,1.0,server_received
fd00::211:11:11:11,1297,1297000,1298000,1.0,server_received
fd00::211:11:11:11,1308,1308000,1309000,1.0,server_received
fd00::211:11:11:11,1329,1329000,1330000,1.0,server_received
fd00::211:11:11:11,1340,1340000,1341000,1.0,server_received
fd00::211:11:11:11,1351,1351000,1352000,1.0,server_received
fd00::211:11:11:11,1361,1361000,1362000,1.0,server_received
fd00::211:11:11:11,1372,1372000,1373000,1.0,server_received
fd00::211:11:11:11,1383,1383000,1384000,1.0,server_received
fd00::211:11:11:11,1394,1394000,1395000,1.0,server_received
fd00::211:11:11:11,1404,1404000,1405000,1.0,server_received
fd00::211:11:11:11,1415,1415000,1416000,1.0,server_received
fd00::211:11:11:11,1437,1437000,1438000,1.0,server_received
fd00::211:11:11:11,1447,1447000,1448000,1.0,server_received
fd00::211:11:11:11,1458,1458000,1459000,1.0,server_received
fd00::211:11:11:11,1469,1469000,1470000,1.0,server_received
fd00::211:11:11:11,1479,1479000,1480000,1.0,server_received
fd00::211:11:11:11,1490,1490000,1491000,1.0,server_received
fd00::211:11:11:11,1501,1501000,1502000,1.0,server_received
fd00::211:11:11:11,1512,1512000,1513000,1.0,server_received
fd00::211:11:11:11,2316,2316000,2317000,1.0,server_received
fd00::211:11:11:11,2326,2326000,2327000,1.0,server_received
fd00::211:11:11:11,2337,2337000,2338000,1.0,server_received
fd00::211:11:11:11,2348,2348000,2349000,1.0,server_received
fd00::211:11:11:11,2358,2358000,2359000,1.0,server_received
fd00::211:11:11:11,2369,2369000,2370000,1.0,server_received
fd00::211:11:11:11,2712,2712000,2713000,1.0,server_received
fd00::211:11:11:11,2734,2734000,2735000,1.0,server_received
fd00::211:11:11:11,2744,2744000,2745000,1.0,server_received
fd00::211:11:11:11,2755,2755000,2756000,1.0,server_received
fd00::211:11:11:11,2766,2766000,2767000,1.0,server_received
fd00::211:11:11:11,2776,2776000,2777000,1.0,server_received
fd00::211:11:11:11,2787,2787000,2788000,1.0,server_received
fd00::211:11:11:11,2798,2798000,2799000,1.0,server_received
fd00::211:11:11:11,2905,2905000,2906000,1.0,server_received
fd00::211:11:11:11,3430,3430000,3431000,1.0,server_received
fd00::211:11:11:11,3441,3441000,3442000,1.0,server_received
fd00::212:12:12:12,30,30000,31000,0.0,server_received
fd00::212:12:12:12,50,50000,51000,2.0,server_received
fd00::212:12:12:12,60,60000,61000,2.0,server_received
fd00::212:12:12:12,90,90000,91000,2.0,server_received
fd00::212:12:12:12,100,100000,101000,2.0,server_received
fd00::212:12:12:12,110,110000,111000,2.0,server_received
fd00::212:12:12:12,120,120000,121000,2.0,server_received
fd00::212:12:12:12,864,864000,865000,3.0,server_received
fd00::212:12:12:12,1366,1366000,1367000,2.0,server_received
fd00::212:12:12:12,1377,1377000,1378000,1.0,server_received
fd00::212:12:12:12,1387,1387000,1388000,2.0,server_received
fd00::212:12:12:12,1397,1397000,1398000,2.0,server_received
fd00::212:12:12:12,1407,1407000,1408000,2.0,server_received
fd00::212:12:12:12,1879,1879000,1880000,1.0,server_received
fd00::212:12:12:12,2000,2000000,2001000,3.0,server_received
fd00::212:12:12:12,2010,2010000,2011000,2.0,server_received
fd00::212:12:12:12,2020,2020000,2021000,2.0,server_received
fd00::212:12:12:12,2030,2030000,2031000,3.0,server_received
fd00::212:12:12:12,2040,2040000,2041000,2.0,server_received
fd00::212:12:12:12,2573,2573000,2574000,2.0,server_received
fd00::212:12:12:12,2583,2583000,2584000,2.0,server_received
fd00::212:12:12:12,2613,2613000,2614000,1.0,server_received
fd00::212:12:12:12,3085,3085000,3086000,3.0,server_received
fd00::212:12:12:12,3095,3095000,3096000,2.0,server_received
fd00::212:12:12:12,3105,3105000,3106000,2.0,server_received
fd00::212:12:12:12,3115,3115000,3116000,2.0,server_received
fd00::212:12:12:12,3145,3145000,3146000,1.0,server_received
fd00::212:12:12:12,3256,3256000,3257000,1.0,server_received
fd00::213:13:13:13,75,75000,76000,0.0,server_received
fd00::213:13:13:13,86,86000,87000,1.0,server_received
fd00::213:13:13:13,96,96000,97000,1.0,server_received
fd00::213:13:13:13,107,107000,108000,1.0,server_received
fd00::213:13:13:13,481,481000,482000,1.0,server_received
fd00::213:13:13:13,492,492000,493000,1.0,server_received
fd00::213:13:13:13,503,503000,504000,1.0,server_received
fd00::213:13:13:13,513,513000,514000,1.0,server_received
fd00::213:13:13:13,524,524000,525000,1.0,server_received
fd00::213:13:13:13,535,535000,536000,1.0,server_received
fd00::213:13:13:13,1134,1134000,1135000,1.0,server_received
fd00::213:13:13:13,1145,1145000,1146000,1.0,server_received
fd00::213:13:13:13,1155,1155000,1156000,1.0,server_received
fd00::213:13:13:13,1166,1166000,1167000,1.0,server_received
fd00::213:13:13:13,1177,1177000,1178000,1.0,server_received
fd00::213:13:13:13,1572,1572000,1573000,1.0,server_received
fd00::213:13:13:13,1583,1583000,1584000,1.0,server_received
fd00::213:13:13:13,1594,1594000,1595000,1.0,server_received
fd00::213:13:13:13,1605,1605000,1606000,1.0,server_received
fd00::213:13:13:13,2000,2000000,2001000,1.0,server_received
fd00::213:13:13:13,2011,2011000,2012000,1.0,server_received
fd00::213:13:13:13,2022,2022000,2023000,1.0,server_received
fd00::213:13:13:13,2032,2032000,2033000,1.0,server_received
fd00::213:13:13:13,2514,2514000,2515000,1.0,server_received
fd00::213:13:13:13,2524,2524000,2525000,1.0,server_received
fd00::213:13:13:13,2535,2535000,2536000,1.0,server_received
fd00::213:13:13:13,2546,2546000,2547000,1.0,server_received
fd00::213:13:13:13,2557,2557000,2558000,1.0,server_received
fd00::213:13:13:13,2567,2567000,2568000,1.0,server_received
fd00::213:13:13:13,2963,2963000,2964000,1.0,server_received
fd00::213:13:13:13,2974,2974000,2975000,1.0,server_received
fd00::213:13:13:13,2984,2984000,2985000,1.0,server_received
fd00::213:13:13:13,2995,2995000,2996000,1.0,server_received
fd00::213:13:13:13,3583,3583000,3584000,1.0,server_received
fd00::213:13:13:13,3594,3594000,3595000,1.0,server_received
fd00::202:2:2:2,20,20000,21000,0.0,total_sent
fd00::202:2:2:2,31,31000,32000,1.0,total_sent
fd00::202:2:2:2,41,41000,42000,1.0,total_sent
fd00::202:2:2:2,52,52000,53000,1.0,total_sent
fd00::202:2:2:2,62,62000,63000,1.0,total_sent
fd00::202:2:2:2,72,72000,73000,1.0,total_sent
fd00::202:2:2:2,83,83000,84000,1.0,total_sent
fd00::202:2:2:2,93,93000,94000,1.0,total_sent
fd00::202:2:2:2,104,104000,105000,1.0,total_sent
fd00::202:2:2:2,114,114000,115000,1.0,total_sent
fd00::202:2:2:2,125,125000,126000,1.0,total_sent
fd00::202:2:2:2,135,135000,136000,1.0,total_sent
fd00::202:2:2:2,145,145000,146000,1.0,total_sent
fd00::202:2:2:2,156,156000,157000,1.0,total_sent
fd00::202:2:2:2,166,166000,167000,1.0,total_sent
fd00::202:2:2:2,177,177000,178000,1.0,total_sent
fd00::202:2:2:2,187,187000,188000,1.0,total_sent
fd00::202:2:2:2,198,198000,199000,1.0,total_sent
fd00::202:2:2:2,208,208000,209000,1.0,total_sent
fd00::202:2:2:2,218,218000,219000,1.0,total_sent
fd00::202:2:2:2,229,229000,230000,1.0,total_sent
fd00::202:2:2:2,239,239000,240000,1.0,total_sent
fd00::202:2:2:2,250,250000,251000,1.0,total_sent
fd00::202:2:2:2,260,260000,261000,1.0,total_sent
fd00::202:2:2:2,271,271000,272000,1.0,total_sent
fd00::202:2:2:2,281,281000,282000,1.0,total_sent
fd00::202:2:2:2,292,292000,293000,1.0,total_sent
fd00::202:2:2:2,302,302000,303000,1.0,total_sent
fd00::202:2:2:2,312,312000,313000,1.0,total_sent
fd00::202:2:2:2,323,323000,324000,1.0,total_sent
fd00::202:2:2:2,333,333000,334000,1.0,total_sent
fd00::202:2:2:2,344,344000,345000,1.0,total_sent
fd00::202:2:2:2,354,354000,355000,1.0,total_sent
fd00::202:2:2:2,365,365000,366000,1.0,total_sent
fd00::202:2:2:2,375,375000,376000,1.0,total_sent
fd00::202:2:2:2,385,385000,386000,1.0,total_sent
fd00::202:2:2:2,396,396000,397000,1.0,total_sent
fd00::202:2:2:2,406,406000,407000,1.0,total_sent
fd00::202:2:2:2,417,417000,418000,1.0,total_sent
fd00::202:2:2:2,427,427000,428000,1.0,total_sent
fd00::202:2:2:2,438,438000,439000,1.0,total_sent
fd00::202:2:2:2,448,448000,449000,1.0,total_sent
fd00::202:2:2:2,458,458000,459000,1.0,total_sent
fd00::202:2:2:2,469,469000,470000,1.0,total_sent
fd00::202:2:2:2,479,479000,480000,1.0,total_sent
fd00::202:2:2:2,490,490000,491000,1.0,total_sent
fd00::202:2:2:2,500,500000,501000,1.0,total_sent
fd00::202:2:2:2,511,511000,512000,1.0,total_sent
fd00::202:2:2:2,521,521000,522000,1.0,total_sent
fd00::202:2:2:2,531,531000,532000,1.0,total_sent
fd00::202:2:2:2,542,542000,543000,1.0,total_sent
fd00::202:2:2:2,552,552000,553000,1.0,total_sent
fd00::202:2:2:2,563,563000,564000,1.0,total_sent
fd00::202:2:2:2,573,573000,574000,1.0,total_sent
fd00::202:2:2:2,584,584000,585000,1.0,total_sent
fd00::202:2:2:2,594,594000,595000,1.0,total_sent
fd00::202:2:2:2,605,605000,606000,1.0,total_sent
fd00::202:2:2:2,615,615000,616000,1.0,total_sent
fd00::202:2:2:2,625,625000,626000,1.0,total_sent
fd00::202:2:2:2,636,636000,637000,1.0,total_sent
fd00::202:2:2:2,646,646000,647000,1.0,total_sent
fd00::202:2:2:2,657,657000,658000,1.0,total_sent
fd00::202:2:2:2,667,667000,668000,1.0,total_sent
fd00::202:2:2:2,678,678000,679000,1.0,total_sent
fd00::202:2:2:2,688,688000,689000,1.0,total_sent
fd00::202:2:2:2,698,698000,699000,1.0,total_sent
fd00::202:2:2:2,709,709000,710000,1.0,total_sent
fd00::202:2:2:2,719,719000,720000,1.0,total_sent
fd00::202:2:2:2,730,730000,731000,1.0,total_sent
fd00::202:2:2:2,740,740000,741000,1.0,total_sent
fd00::202:2:2:2,751,751000,752000,1.0,total_sent
fd00::202:2:2:2,761,761000,762000,1.0,total_sent
fd00::202:2:2:2,771,771000,772000,1.0,total_sent
fd00::202:2:2:2,782,782000,783000,1.0,total_sent
fd00::202:2:2:2,792,792000,793000,1.0,total_sent
fd00::202:2:2:2,803,803000,804000,1.0,total_sent
fd00::202:2:2:2,813,813000,814000,1.0,total_sent
fd00::202:2:2:2,824,824000,825000,1.0,total_sent
fd00::202:2:2:2,834,834000,835000,1.0,total_sent
fd00::202:2:2:2,844,844000,845000,1.0,total_sent
fd00::202:2:2:2,855,855000,856000,1.0,total_sent
fd00::202:2:2:2,865,865000,866000,1.0,total_sent
fd00::202:2:2:2,876,876000,877000,1.0,total_sent
fd00::202:2:2:2,886,886000,887000,1.0,total_sent
fd00::202:2:2:2,897,897000,898000,1.0,total_sent
fd00::202:2:2:2,907,907000,908000,1.0,total_sent
fd00::202:2:2:2,917,917000,918000,1.0,total_sent
fd00::202:2:2:2,928,928000,929000,1.0,total_sent
fd00::202:2:2:2,938,938000,939000,1.0,total_sent
fd00::202:2:2:2,949,949000,950000,1.0,total_sent
fd00::202:2:2:2,959,959000,960000,1.0,total_sent
fd00::202:2:2:2,970,970000,971000,1.0,total_sent
fd00::202:2:2:2,980,980000,981000,1.0,total_sent
fd00::202:2:2:2,990,990000,991000,1.0,total_sent
fd00::202:2:2:2,1001,1001000,1002000,1.0,total_sent
fd00::202:2:2:2,1011,1011000,1012000,1.0,total_sent
fd00::202:2:2:2,1022,1022000,1023000,1.0,total_sent
fd00::202:2:2:2,1032,1032000,1033000,1.0,total_sent
fd00::202:2:2:2,1043,1043000,1044000,1.0,total_sent
fd00::202:2:2:2,1053,1053000,1054000,1.0,total_sent
fd00::202:2:2:2,1064,1064000,1065000,1.0,total_sent
fd00::202:2:2:2,1074,1074000,1075000,1.0,total_sent
fd00::202:2:2:2,1084,1084000,1085000,1.0,total_sent
fd00::202:2:2:2,1095,1095000,1096000,1.0,total_sent
fd00::202:2:2:2,1105,1105000,1106000,1.0,total_sent
fd00::202:2:2:2,1116,1116000,1117000,1.0,total_sent
fd00::202:2:2:2,1126,1126000,1127000,1.0,total_sent
fd00::202:2:2:2,1137,1137000,1138000,1.0,total_sent
fd00::202:2:2:2,1147,1147000,1148000,1.0,total_sent
fd00::202:2:2:2,1157,1157000,1158000,1.0,total_sent
fd00::202:2:2:2,1168,1168000,1169000,1.0,total_sent
fd00::202:2:2:2,1178,1178000,1179000,1.0,total_sent
fd00::202:2:2:2,1189,1189000,1190000,1.0,total_sent
fd00::202:2:2:2,1199,1199000,1200000,1.0,total_sent
fd00::202:2:2:2,1210,1210000,1211000,1.0,total_sent
fd00::202:2:2:2,1220,1220000,1221000,1.0,total_sent
fd00::202:2:2:2,1230,1230000,1231000,1.0,total_sent
fd00::202:2:2:2,1241,1241000,1242000,1.0,total_sent
fd00::202:2:2:2,1251,1251000,1252000,1.0,total_sent
fd00::202:2:2:2,1262,1262000,1263000,1.0,total_sent
fd00::202:2:2:2,1272,1272000,1273000,1.0,total_sent
fd00::202:2:2:2,1283,1283000,1284000,1.0,total_sent
fd00::202:2:2:2,1293,1293000,1294000,1.0,total_sent
fd00::202:2:2:2,1304,1304000,1305000,1.0,total_sent
fd00::202:2:2:2,1314,1314000,1315000,1.0,total_sent
fd00::202:2:2:2,1324,1324000,1325000,1.0,total_sent
fd00::202:2:2:2,1335,1335000,1336000,1.0,total_sent
fd00::202:2:2:2,1345,1345000,1346000,1.0,total_sent
fd00::202:2:2:2,1356,1356000,1357000,1.0,total_sent
fd00::202:2:2:2,1366,1366000,1367000,1.0,total_sent
fd00::202:2:2:2,1377,1377000,1378000,1.0,total_sent
fd00::202:2:2:2,1387,1387000,1388000,1.0,total_sent
fd00::202:2:2:2,1397,1397000,1398000,1.0,total_sent
fd00::202:2:2:2,1408,1408000,1409000,1.0,total_sent
fd00::202:2:2:2,1418,1418000,1419000,1.0,total_sent
fd00::202:2:2:2,1429,1429000,1430000,1.0,total_sent
fd00::202:2:2:2,1439,1439000,1440000,1.0,total_sent
fd00::202:2:2:2,1450,1450000,1451000,1.0,total_sent
fd00::202:2:2:2,1460,1460000,1461000,1.0,total_sent
fd00::202:2:2:2,1470,1470000,1471000,1.0,total_sent
fd00::202:2:2:2,1481,1481000,1482000,1.0,total_sent
fd00::202:2:2:2,1491,1491000,1492000,1.0,total_sent
fd00::202:2:2:2,1502,1502000,1503000,1.0,total_sent
fd00::202:2:2:2,1512,1512000,1513000,1.0,total_sent
fd00::202:2:2:2,1523,1523000,1524000,1.0,total_sent
fd00::202:2:2:2,1533,1533000,1534000,1.0,total_sent
fd00::202:2:2:2,1543,1543000,1544000,1.0,total_sent
fd00::202:2:2:2,1554,1554000,1555000,1.0,total_sent
fd00::202:2:2:2,1564,1564000,1565000,1.0,total_sent
fd00::202:2:2:2,1575,1575000,1576000,1.0,total_sent
fd00::202:2:2:2,1585,1585000,1586000,1.0,total_sent
fd00::202:2:2:2,1596,1596000,1597000,1.0,total_sent
fd00::202:2:2:2,1606,1606000,1607000,1.0,total_sent
fd00::202:2:2:2,1616,1616000,1617000,1.0,total_sent
fd00::202:2:2:2,1627,1627000,1628000,1.0,total_sent
fd00::202:2:2:2,1637,1637000,1638000,1.0,total_sent
fd00::202:2:2:2,1648,1648000,1649000,1.0,total_sent
fd00::202:2:2:2,1658,1658000,1659000,1.0,total_sent
fd00::202:2:2:2,1669,1669000,1670000,1.0,total_sent
fd00::202:2:2:2,1679,1679000,1680000,1.0,total_sent
fd00::202:2:2:2,1690,1690000,1691000,1.0,total_sent
fd00::202:2:2:2,1700,1700000,1701000,1.0,total_sent
fd00::202:2:2:2,1710,1710000,1711000,1.0,total_sent
fd00::202:2:2:2,1721,1721000,1722000,1.0,total_sent
fd00::202:2:2:2,1731,1731000,1732000,1.0,total_sent
fd00::202:2:2:2,1742,1742000,1743000,1.0,total_sent
fd00::202:2:2:2,1752,1752000,1753000,1.0,total_sent
fd00::202:2:2:2,1763,1763000,1764000,1.0,total_sent
fd00::202:2:2:2,1773,1773000,1774000,1.0,total_sent
fd00::202:2:2:2,1783,1783000,1784000,1.0,total_sent
fd00::202:2:2:2,1794,1794000,1795000,1.0,total_sent
fd00::202:2:2:2,1804,1804000,1805000,1.0,total_sent
fd00::202:2:2:2,1815,1815000,1816000,1.0,total_sent
fd00::202:2:2:2,1825,1825000,1826000,1.0,total_sent
fd00::202:2:2:2,1836,1836000,1837000,1.0,total_sent
fd00::202:2:2:2,1846,1846000,1847000,1.0,total_sent
fd00::202:2:2:2,1856,1856000,1857000,1.0,total_sent
fd00::202:2:2:2,1867,1867000,1868000,1.0,total_sent
fd00::202:2:2:2,1877,1877000,1878000,1.0,total_sent
fd00::202:2:2:2,1888,1888000,1889000,1.0,total_sent
fd00::202:2:2:2,1898,1898000,1899000,1.0,total_sent
fd00::202:2:2:2,1909,1909000,1910000,1.0,total_sent
fd00::202:2:2:2,1919,1919000,1920000,1.0,total_sent
fd00::202:2:2:2,1930,1930000,1931000,1.0,total_sent
fd00::202:2:2:2,1940,1940000,1941000,1.0,total_sent
fd00::202:2:2:2,1950,1950000,1951000,1.0,total_sent
fd00::202:2:2:2,1961,1961000,1962000,1.0,total_sent
fd00::202:2:2:2,1971,1971000,1972000,1.0,total_sent
fd00::202:2:2:2,1982,1982000,1983000,1.0,total_sent
fd00::202:2:2:2,1992,1992000,1993000,1.0,total_sent
fd00::202:2:2:2,2003,2003000,2004000,1.0,total_sent
fd00::202:2:2:2,2013,2013000,2014000,1.0,total_sent
fd00::202:2:2:2,2023,2023000,2024000,1.0,total_sent
fd00::202:2:2:2,2034,2034000,2035000,1.0,total_sent
fd00::202:2:2:2,2044,2044000,2045000,1.0,total_sent
fd00::202:2:2:2,2055,2055000,2056000,1.0,total_sent
fd00::202:2:2:2,2065,2065000,2066000,1.0,total_sent
fd00::202:2:2:2,2076,2076000,2077000,1.0,total_sent
fd00::202:2:2:2,2086,2086000,2087000,1.0,total_sent
fd00::202:2:2:2,2096,2096000,2097000,1.0,total_sent
fd00::202:2:2:2,2107,2107000,2108000,1.0,total_sent
fd00::202:2:2:2,2117,2117000,2118000,1.0,total_sent
fd00::202:2:2:2,2128,2128000,2129000,1.0,total_sent
fd00::202:2:2:2,2138,2138000,2139000,1.0,total_sent
fd00::202:2:2:2,2149,2149000,2150000,1.0,total_sent
fd00::202:2:2:2,2159,2159000,2160000,1.0,total_sent
fd00::202:2:2:2,2169,2169000,2170000,1.0,total_sent
fd00::202:2:2:2,2180,2180000,2181000,1.0,total_sent
fd00::202:2:2:2,2190,2190000,2191000,1.0,total_sent
fd00::202:2:2:2,2201,2201000,2202000,1.0,total_sent
fd00::202:2:2:2,2211,2211000,2212000,1.0,total_sent
fd00::202:2:2:2,2222,2222000,2223000,1.0,total_sent
fd00::202:2:2:2,2232,2232000,2233000,1.0,total_sent
fd00::202:2:2:2,2242,2242000,2243000,1.0,total_sent
fd00::202:2:2:2,2253,2253000,2254000,1.0,total_sent
fd00::202:2:2:2,2263,2263000,2264000,1.0,total_sent
fd00::202:2:2:2,2274,2274000,2275000,1.0,total_sent
fd00::202:2:2:2,2284,2284000,2285000,1.0,total_sent
fd00::202:2:2:2,2295,2295000,2296000,1.0,total_sent
fd00::202:2:2:2,2305,2305000,2306000,1.0,total_sent
fd00::202:2:2:2,2316,2316000,2317000,1.0,total_sent
fd00::202:2:2:2,2326,2326000,2327000,1.0,total_sent
fd00::202:2:2:2,2336,2336000,2337000,1.0,total_sent
fd00::202:2:2:2,2347,2347000,2348000,1.0,total_sent
fd00::202:2:2:2,2357,2357000,2358000,1.0,total_sent
fd00::202:2:2:2,2368,2368000,2369000,1.0,total_sent
fd00::202:2:2:2,2378,2378000,2379000,1.0,total_sent
fd00::202:2:2:2,2389,2389000,2390000,1.0,total_sent
fd00::202:2:2:2,2399,2399000,2400000,1.0,total_sent
fd00::202:2:2:2,2409,2409000,2410000,1.0,total_sent
fd00::202:2:2:2,2420,2420000,2421000,1.0,total_sent
fd00::202:2:2:2,2430,2430000,2431000,1.0,total_sent
fd00::202:2:2:2,2441,2441000,2442000,1.0,total_sent
fd00::202:2:2:2,2451,2451000,2452000,1.0,total_sent
fd00::202:2:2:2,2462,2462000,2463000,1.0,total_sent
fd00::202:2:2:2,2472,2472000,2473000,1.0,total_sent
fd00::202:2:2:2,2482,2482000,2483000,1.0,total_sent
fd00::202:2:2:2,2493,2493000,2494000,1.0,total_sent
fd00::202:2:2:2,2503,2503000,2504000,1.0,total_sent
fd00::202:2:2:2,2514,2514000,2515000,1.0,total_sent
fd00::202:2:2:2,2524,2524000,2525000,1.0,total_sent
fd00::202:2:2:2,2535,2535000,2536000,1.0,total_sent
fd00::202:2:2:2,2545,2545000,2546000,1.0,total_sent
fd00::202:2:2:2,2555,2555000,2556000,1.0,total_sent
fd00::202:2:2:2,2566,2566000,2567000,1.0,total_sent
fd00::202:2:2:2,2576,2576000,2577000,1.0,total_sent
fd00::202:2:2:2,2587,2587000,2588000,1.0,total_sent
fd00::202:2:2:2,2597,2597000,2598000,1.0,total_sent
fd00::202:2:2:2,2608,2608000,2609000,1.0,total_sent
fd00::202:2:2:2,2618,2618000,2619000,1.0,total_sent
fd00::202:2:2:2,2629,2629000,2630000,1.0,total_sent
fd00::202:2:2:2,2639,2639000,2640000,1.0,total_sent
fd00::202:2:2:2,2649,2649000,2650000,1.0,total_sent
fd00::202:2:2:2,2660,2660000,2661000,1.0,total_sent
fd00::202:2:2:2,2670,2670000,2671000,1.0,total_sent
fd00::202:2:2:2,2681,2681000,2682000,1.0,total_sent
fd00::202:2:2:2,2691,2691000,2692000,1.0,total_sent
fd00::202:2:2:2,2702,2702000,2703000,1.0,total_sent
fd00::202:2:2:2,2712,2712000,2713000,1.0,total_sent
fd00::202:2:2:2,2722,2722000,2723000,1.0,total_sent
fd00::202:2:2:2,2733,2733000,2734000,1.0,total_sent
fd00::202:2:2:2,2743,2743000,2744000,1.0,total_sent
fd00::202:2:2:2,2754,2754000,2755000,1.0,total_sent
fd00::202:2:2:2,2764,2764000,2765000,1.0,total_sent
fd00::202:2:2:2,2775,2775000,2776000,1.0,total_sent
fd00::202:2:2:2,2785,2785000,2786000,1.0,total_sent
fd00::202:2:2:2,2795,2795000,2796000,1.0,total_sent
fd00::202:2:2:2,2806,2806000,2807000,1.0,total_sent
fd00::202:2:2:2,2816,2816000,2817000,1.0,total_sent
fd00::202:2:2:2,2827,2827000,2828000,1.0,total_sent
fd00::202:2:2:2,2837,2837000,2838000,1.0,total_sent
fd00::202:2:2:2,2848,2848000,2849000,1.0,total_sent
fd00::202:2:2:2,2858,2858000,2859000,1.0,total_sent
fd00::202:2:2:2,2868,2868000,2869000,1.0,total_sent
fd00::202:2:2:2,2879,2879000,2880000,1.0,total_sent
fd00::202:2:2:2,2889,2889000,2890000,1.0,total_sent
fd00::202:2:2:2,2900,2900000,2901000,1.0,total_sent
fd00::202:2:2:2,2910,2910000,2911000,1.0,total_sent
fd00::202:2:2:2,2921,2921000,2922000,1.0,total_sent
fd00::202:2:2:2,2931,2931000,2932000,1.0,total_sent
fd00::202:2:2:2,2942,2942000,2943000,1.0,total_sent
fd00::202:2:2:2,2952,2952000,2953000,1.0,total_sent
fd00::202:2:2:2,2962,2962000,2963000,1.0,total_sent
fd00::202:2:2:2,2973,2973000,2974000,1.0,total_sent
fd00::202:2:2:2,2983,2983000,2984000,1.0,total_sent
fd00::202:2:2:2,2994,2994000,2995000,1.0,total_sent
fd00::202:2:2:2,3004,3004000,3005000,1.0,total_sent
fd00::202:2:2:2,3015,3015000,3016000,1.0,total_sent
fd00::202:2:2:2,3025,3025000,3026000,1.0,total_sent
fd00::202:2:2:2,3035,3035000,3036000,1.0,total_sent
fd00::202:2:2:2,3046,3046000,3047000,1.0,total_sent
fd00::202:2:2:2,3056,3056000,3057000,1.0,total_sent
fd00::202:2:2:2,3067,3067000,3068000,1.0,total_sent
fd00::202:2:2:2,3077,3077000,3078000,1.0,total_sent
fd00::202:2:2:2,3088,3088000,3089000,1.0,total_sent
fd00::202:2:2:2,3098,3098000,3099000,1.0,total_sent
fd00::202:2:2:2,3108,3108000,3109000,1.0,total_sent
fd00::202:2:2:2,3119,3119000,3120000,1.0,total_sent
fd00::202:2:2:2,3129,3129000,3130000,1.0,total_sent
fd00::202:2:2:2,3140,3140000,3141000,1.0,total_sent
fd00::202:2:2:2,3150,3150000,3151000,1.0,total_sent
fd00::202:2:2:2,3161,3161000,3162000,1.0,total_sent
fd00::202:2:2:2,3171,3171000,3172000,1.0,total_sent
fd00::202:2:2:2,3181,3181000,3182000,1.0,total_sent
fd00::202:2:2:2,3192,3192000,3193000,1.0,total_sent
fd00::202:2:2:2,3202,3202000,3203000,1.0,total_sent
fd00::202:2:2:2,3213,3213000,3214000,1.0,total_sent
fd00::202:2:2:2,3223,3223000,3224000,1.0,total_sent
fd00::202:2:2:2,3234,3234000,3235000,1.0,total_sent
fd00::202:2:2:2,3244,3244000,3245000,1.0,total_sent
fd00::202:2:2:2,3254,3254000,3255000,1.0,total_sent
fd00::202:2:2:2,3265,3265000,3266000,1.0,total_sent
fd00::202:2:2:2,3275,3275000,3276000,1.0,total_sent
fd00::202:2:2:2,3286,3286000,3287000,1.0,total_sent
fd00::202:2:2:2,3296,3296000,3297000,1.0,total_sent
fd00::202:2:2:2,3307,3307000,3308000,1.0,total_sent
fd00::202:2:2:2,3317,3317000,3318000,1.0,total_sent
fd00::202:2:2:2,3328,3328000,3329000,1.0,total_sent
fd00::202:2:2:2,3338,3338000,3339000,1.0,total_sent
fd00::202:2:2:2,3348,3348000,3349000,1.0,total_sent
fd00::202:2:2:2,3359,3359000,3360000,1.0,total_sent
fd00::202:2:2:2,3369,3369000,3370000,1.0,total_sent
fd00::202:2:2:2,3380,3380000,3381000,1.0,total_sent
fd00::202:2:2:2,3390,3390000,3391000,1.0,total_sent
fd00::202:2:2:2,3401,3401000,3402000,1.0,total_sent
fd00::202:2:2:2,3411,3411000,3412000,1.0,total_sent
fd00::202:2:2:2,3421,3421000,3422000,1.0,total_sent
fd00::202:2:2:2,3432,3432000,3433000,1.0,total_sent
fd00::202:2:2:2,3442,3442000,3443000,1.0,total_sent
fd00::202:2:2:2,3453,3453000,3454000,1.0,total_sent
fd00::202:2:2:2,3463,3463000,3464000,1.0,total_sent
fd00::202:2:2:2,3474,3474000,3475000,1.0,total_sent
fd00::202:2:2:2,3484,3484000,3485000,1.0,total_sent
fd00::202:2:2:2,3494,3494000,3495000,1.0,total_sent
fd00::202:2:2:2,3505,3505000,3506000,1.0,total_sent
fd00::202:2:2:2,3515,3515000,3516000,1.0,total_sent
fd00::202:2:2:2,3526,3526000,3527000,1.0,total_sent
fd00::202:2:2:2,3536,3536000,3537000,1.0,total_sent
fd00::202:2:2:2,3547,3547000,3548000,1.0,total_sent
fd00::202:2:2:2,3557,3557000,3558000,1.0,total_sent
fd00::202:2:2:2,3567,3567000,3568000,1.0,total_sent
fd00::202:2:2:2,3578,3578000,3579000,1.0,total_sent
fd00::202:2:2:2,3588,3588000,3589000,1.0,total_sent
fd00::202:2:2:2,3599,3599000,3600000,1.0,total_sent
fd00::203:3:3:3,33,33000,34000,0.0,total_sent
fd00::203:3:3:3,44,44000,45000,1.0,total_sent
fd00::203:3:3:3,55,55000,56000,1.0,total_sent
fd00::203:3:3:3,66,66000,67000,1.0,total_sent
fd00::203:3:3:3,77,77000,78000,1.0,total_sent
fd00::203:3:3:3,88,88000,89000,1.0,total_sent
fd00::203:3:3:3,99,99000,100000,1.0,total_sent
fd00::203:3:3:3,110,110000,111000,1.0,total_sent
fd00::203:3:3:3,121,121000,122000,1.0,total_sent
fd00::203:3:3:3,132,132000,133000,1.0,total_sent
fd00::203:3:3:3,142,142000,143000,1.0,total_sent
fd00::203:3:3:3,153,153000,154000,1.0,total_sent
fd00::203:3:3:3,164,164000,165000,1.0,total_sent
fd00::203:3:3:3,175,175000,176000,1.0,total_sent
fd00::203:3:3:3,186,186000,187000,1.0,total_sent
fd00::203:3:3:3,197,197000,198000,1.0,total_sent
fd00::203:3:3:3,208,208000,209000,1.0,total_sent
fd00::203:3:3:3,219,219000,220000,1.0,total_sent
fd00::203:3:3:3,230,230000,231000,1.0,total_sent
fd00::203:3:3:3,241,241000,242000,1.0,total_sent
fd00::203:3:3:3,252,252000,253000,1.0,total_sent
fd00::203:3:3:3,263,263000,264000,1.0,total_sent
fd00::203:3:3:3,274,274000,275000,1.0,total_sent
fd00::203:3:3:3,285,285000,286000,1.0,total_sent
fd00::203:3:3:3,296,296000,297000,1.0,total_sent
fd00::203:3:3:3,307,307000,308000,1.0,total_sent
fd00::203:3:3:3,318,318000,319000,1.0,total_sent
fd00::203:3:3:3,329,329000,330000,1.0,total_sent
fd00::203:3:3:3,340,340000,341000,1.0,total_sent
fd00::203:3:3:3,351,351000,352000,1.0,total_sent
fd00::203:3:3:3,362,362000,363000,1.0,total_sent
fd00::203:3:3:3,373,373000,374000,1.0,total_sent
fd00::203:3:3:3,383,383000,384000,1.0,total_sent
fd00::203:3:3:3,394,394000,395000,1.0,total_sent
fd00::203:3:3:3,405,405000,406000,1.0,total_sent
fd00::203:3:3:3,416,416000,417000,1.0,total_sent
fd00::203:3:3:3,427,427000,428000,1.0,total_sent
fd00::203:3:3:3,438,438000,439000,1.0,total_sent
fd00::203:3:3:3,449,449000,450000,1.0,total_sent
fd00::203:3:3:3,460,460000,461000,1.0,total_sent
fd00::203:3:3:3,471,471000,472000,1.0,total_sent
fd00::203:3:3:3,482,482000,483000,1.0,total_sent
fd00::203:3:3:3,493,493000,494000,1.0,total_sent
fd00::203:3:3:3,504,504000,505000,1.0,total_sent
fd00::203:3:3:3,515,515000,516000,1.0,total_sent
fd00::203:3:3:3,526,526000,527000,1.0,total_sent
fd00::203:3:3:3,537,537000,538000,1.0,total_sent
fd00::203:3:3:3,548,548000,549000,1.0,total_sent
fd00::203:3:3:3,559,559000,560000,1.0,total_sent
fd00::203:3:3:3,570,570000,571000,1.0,total_sent
fd00::203:3:3:3,581,581000,582000,1.0,total_sent
fd00::203:3:3:3,592,592000,593000,1.0,total_sent
fd00::203:3:3:3,603,603000,604000,1.0,total_sent
fd00::203:3:3:3,613,613000,614000,1.0,total_sent
fd00::203:3:3:3,624,624000,625000,1.0,total_sent
fd00::203:3:3:3,635,635000,636000,1.0,total_sent
fd00::203:3:3:3,646,646000,647000,1.0,total_sent
fd00::203:3:3:3,657,657000,658000,1.0,total_sent
fd00::203:3:3:3,668,668000,669000,1.0,total_sent
fd00::203:3:3:3,679,679000,680000,1.0,total_sent
fd00::203:3:3:3,690,690000,691000,1.0,total_sent
fd00::203:3:3:3,701,701000,702000,1.0,total_sent
fd00::203:3:3:3,712,712000,713000,1.0,total_sent
fd00::203:3:3:3,723,723000,724000,1.0,total_sent
fd00::203:3:3:3,734,734000,735000,1.0,total_sent
fd00::203:3:3:3,745,745000,746000,1.0,total_sent
fd00::203:3:3:3,756,756000,757000,1.0,total_sent
fd00::203:3:3:3,767,767000,768000,1.0,total_sent
fd00::203:3:3:3,778,778000,779000,1.0,total_sent
fd00::203:3:3:3,789,789000,790000,1.0,total_sent
fd00::203:3:3:3,800,800000,801000,1.0,total_sent
fd00::203:3:3:3,811,811000,812000,1.0,total_sent
fd00::203:3:3:3,822,822000,823000,1.0,total_sent
fd00::203:3:3:3,833,833000,834000,1.0,total_sent
fd00::203:3:3:3,844,844000,845000,1.0,total_sent
fd00::203:3:3:3,854,854000,855000,1.0,total_sent
fd00::203:3:3:3,865,865000,866000,1.0,total_sent
fd00::203:3:3:3,876,876000,877000,1.0,total_sent
fd00::203:3:3:3,887,887000,888000,1.0,total_sent
fd00::203:3:3:3,898,898000,899000,1.0,total_sent
fd00::203:3:3:3,909,909000,910000,1.0,total_sent
fd00::203:3:3:3,920,920000,921000,1.0,total_sent
fd00::203:3:3:3,931,931000,932000,1.0,total_sent
fd00::203:3:3:3,942,942000,943000,1.0,total_sent
fd00::203:3:3:3,953,953000,954000,1.0,total_sent
fd00::203:3:3:3,964,964000,965000,1.0,total_sent
fd00::203:3:3:3,975,975000,976000,1.0,total_sent
fd00::203:3:3:3,986,986000,987000,1.0,total_sent
fd00::203:3:3:3,997,997000,998000,1.0,total_sent
fd00::203:3:3:3,1008,1008000,1009000,1.0,total_sent
fd00::203:3:3:3,1019,1019000,1020000,1.0,total_sent
fd00::203:3:3:3,1030,1030000,1031000,1.0,total_sent
fd00::203:3:3:3,1041,1041000,1042000,1.0,total_sent
fd00::203:3:3:3,1052,1052000,1053000,1.0,total_sent
fd00::203:3:3:3,1063,1063000,1064000,1.0,total_sent
fd00::203:3:3:3,1074,1074000,1075000,1.0,total_sent
fd00::203:3:3:3,1085,1085000,1086000,1.0,total_sent
fd00::203:3:3:3,1095,1095000,1096000,1.0,total_sent
fd00::203:3:3:3,1106,1106000,1107000,1.0,total_sent
fd00::203:3:3:3,1117,1117000,1118000,1.0,total_sent
fd00::203:3:3:3,1128,1128000,1129000,1.0,total_sent
fd00::203:3:3:3,1139,1139000,1140000,1.0,total_sent
fd00::203:3:3:3,1150,1150000,1151000,1.0,total_sent
fd00::203:3:3:3,1161,1161000,1162000,1.0,total_sent
fd00::203:3:3:3,1172,1172000,1173000,1.0,total_sent
fd00::203:3:3:3,1183,1183000,1184000,1.0,total_sent
fd00::203:3:3:3,1194,1194000,1195000,1.0,total_sent
fd00::203:3:3:3,1205,1205000,1206000,1.0,total_sent
fd00::203:3:3:3,1216,1216000,1217000,1.0,total_sent
fd00::203:3:3:3,1227,1227000,1228000,1.0,total_sent
fd00::203:3:3:3,1238,1238000,1239000,1.0,total_sent
fd00::203:3:3:3,1249,1249000,1250000,1.0,total_sent
fd00::203:3:3:3,1260,1260000,1261000,1.0,total_sent
fd00::203:3:3:3,1271,1271000,1272000,1.0,total_sent
fd00::203:3:3:3,1282,1282000,1283000,1.0,total_sent
fd00::203:3:3:3,1293,1293000,1294000,1.0,total_sent
fd00::203:3:3:3,1304,1304000,1305000,1.0,total_sent
fd00::203:3:3:3,1315,1315000,1316000,1.0,total_sent
fd00::203:3:3:3,1325,1325000,1326000,1.0,total_sent
fd00::203:3:3:3,1336,1336000,1337000,1.0,total_sent
fd00::203:3:3:3,1347,1347000,1348000,1.0,total_sent
fd00::203:3:3:3,1358,1358000,1359000,1.0,total_sent
fd00::203:3:3:3,1369,1369000,1370000,1.0,total_sent
fd00::203:3:3:3,1380,1380000,1381000,1.0,total_sent
fd00::203:3:3:3,1391,1391000,1392000,1.0,total_sent
fd00::203:3:3:3,1402,1402000,1403000,1.0,total_sent
fd00::203:3:3:3,1413,1413000,1414000,1.0,total_sent
fd00::203:3:3:3,1424,1424000,1425000,1.0,total_sent
fd00::203:3:3:3,1435,1435000,1436000,1.0,total_sent
fd00::203:3:3:3,1446,1446000,1447000,1.0,total_sent
fd00::203:3:3:3,1457,1457000,1458000,1.0,total_sent
fd00::203:3:3:3,1468,1468000,1469000,1.0,total_sent
fd00::203:3:3:3,1479,1479000,1480000,1.0,total_sent
fd00::203:3:3:3,1490,1490000,1491000,1.0,total_sent
fd00::203:3:3:3,1501,1501000,1502000,1.0,total_sent
fd00::203:3:3:3,1512,1512000,1513000,1.0,total_sent
fd00::203:3:3:3,1523,1523000,1524000,1.0,total_sent
fd00::203:3:3:3,1534,1534000,1535000,1.0,total_sent
fd00::203:3:3:3,1545,1545000,1546000,1.0,total_sent
fd00::203:3:3:3,1556,1556000,1557000,1.0,total_sent
fd00::203:3:3:3,1566,1566000,1567000,1.0,total_sent
fd00::203:3:3:3,1577,1577000,1578000,1.0,total_sent
fd00::203:3:3:3,1588,1588000,1589000,1.0,total_sent
fd00::203:3:3:3,1599,1599000,1600000,1.0,total_sent
fd00::203:3:3:3,1610,1610000,1611000,1.0,total_sent
fd00::203:3:3:3,1621,1621000,1622000,1.0,total_sent
fd00::203:3:3:3,1632,1632000,1633000,1.0,total_sent
fd00::203:3:3:3,1643,1643000,1644000,1.0,total_sent
fd00::203:3:3:3,1654,1654000,1655000,1.0,total_sent
fd00::203:3:3:3,1665,1665000,1666000,1.0,total_sent
fd00::203:3:3:3,1676,1676000,1677000,1.0,total_sent
fd00::203:3:3:3,1687,1687000,1688000,1.0,total_sent
fd00::203:3:3:3,1698,1698000,1699000,1.0,total_sent
fd00::203:3:3:3,1709,1709000,1710000,1.0,total_sent
fd00::203:3:3:3,1720,1720000,1721000,1.0,total_sent
fd00::203:3:3:3,1731,1731000,1732000,1.0,total_sent
fd00::203:3:3:3,1742,1742000,1743000,1.0,total_sent
fd00::203:3:3:3,1753,1753000,1754000,1.0,total_sent
fd00::203:3:3:3,1764,1764000,1765000,1.0,total_sent
fd00::203:3:3:3,1775,1775000,1776000,1.0,total_sent
fd00::203:3:3:3,1786,1786000,1787000,1.0,total_sent
fd00::203:3:3:3,1797,1797000,1798000,1.0,total_sent
fd00::203:3:3:3,1807,1807000,1808000,1.0,total_sent
fd00::203:3:3:3,1818,1818000,1819000,1.0,total_sent
fd00::203:3:3:3,1829,1829000,1830000,1.0,total_sent
fd00::203:3:3:3,1840,1840000,1841000,1.0,total_sent
fd00::203:3:3:3,1851,1851000,1852000,1.0,total_sent
fd00::203:3:3:3,1862,1862000,1863000,1.0,total_sent
fd00::203:3:3:3,1873,1873000,1874000,1.0,total_sent
fd00::203:3:3:3,1884,1884000,1885000,1.0,total_sent
fd00::203:3:3:3,1895,1895000,1896000,1.0,total_sent
fd00::203:3:3:3,1906,1906000,1907000,1.0,total_sent
fd00::203:3:3:3,1917,1917000,1918000,1.0,total_sent
fd00::203:3:3:3,1928,1928000,1929000,1.0,total_sent
fd00::203:3:3:3,1939,1939000,1940000,1.0,total_sent
fd00::203:3:3:3,1950,1950000,1951000,1.0,total_sent
fd00::203:3:3:3,1961,1961000,1962000,1.0,total_sent
fd00::203:3:3:3,1972,1972000,1973000,1.0,total_sent
fd00::203:3:3:3,1983,1983000,1984000,1.0,total_sent
fd00::203:3:3:3,1994,1994000,1995000,1.0,total_sent
fd00::203:3:3:3,2005,2005000,2006000,1.0,total_sent
fd00::203:3:3:3,2016,2016000,2017000,1.0,total_sent
fd00::203:3:3:3,2027,2027000,2028000,1.0,total_sent
fd00::203:3:3:3,2038,2038000,2039000,1.0,total_sent
fd00::203:3:3:3,2048,2048000,2049000,1.0,total_sent
fd00::203:3:3:3,2059,2059000,2060000,1.0,total_sent
fd00::203:3:3:3,2070,2070000,2071000,1.0,total_sent
fd00::203:3:3:3,2081,2081000,2082000,1.0,total_sent
fd00::203:3:3:3,2092,2092000,2093000,1.0,total_sent
fd00::203:3:3:3,2103,2103000,2104000,1.0,total_sent
fd00::203:3:3:3,2114,2114000,2115000,1.0,total_sent
fd00::203:3:3:3,2125,2125000,2126000,1.0,total_sent
fd00::203:3:3:3,2136,2136000,2137000,1.0,total_sent
fd00::203:3:3:3,2147,2147000,2148000,1.0,total_sent
fd00::203:3:3:3,2158,2158000,2159000,1.0,total_sent
fd00::203:3:3:3,2169,2169000,2170000,1.0,total_sent
fd00::203:3:3:3,2180,2180000,2181000,1.0,total_sent
fd00::203:3:3:3,2191,2191000,2192000,1.0,total_sent
fd00::203:3:3:3,2202,2202000,2203000,1.0,total_sent
fd00::203:3:3:3,2213,2213000,2214000,1.0,total_sent
fd00::203:3:3:3,2224,2224000,2225000,1.0,total_sent
fd00::203:3:3:3,2235,2235000,2236000,1.0,total_sent
fd00::203:3:3:3,2246,2246000,2247000,1.0,total_sent
fd00::203:3:3:3,2257,2257000,2258000,1.0,total_sent
fd00::203:3:3:3,2268,2268000,2269000,1.0,total_sent
fd00::203:3:3:3,2279,2279000,2280000,1.0,total_sent
fd00::203:3:3:3,2289,2289000,2290000,1.0,total_sent
fd00::203:3:3:3,2300,2300000,2301000,1.0,total_sent
fd00::203:3:3:3,2311,2311000,2312000,1.0,total_sent
fd00::203:3:3:3,2322,2322000,2323000,1.0,total_sent
fd00::203:3:3:3,2333,2333000,2334000,1.0,total_sent
fd00::203:3:3:3,2344,2344000,2345000,1.0,total_sent
fd00::203:3:3:3,2355,2355000,2356000,1.0,total_sent
fd00::203:3:3:3,2366,2366000,2367000,1.0,total_sent
fd00::203:3:3:3,2377,2377000,2378000,1.0,total_sent
fd00::203:3:3:3,2388,2388000,2389000,1.0,total_sent
fd00::203:3:3:3,2399,2399000,2400000,1.0,total_sent
fd00::203:3:3:3,2410,2410000,2411000,1.0,total_sent
fd00::203:3:3:3,2421,2421000,2422000,1.0,total_sent
fd00::203:3:3:3,2432,2432000,2433000,1.0,total_sent
fd00::203:3:3:3,2443,2443000,2444000,1.0,total_sent
fd00::203:3:3:3,2454,2454000,2455000,1.0,total_sent
fd00::203:3:3:3,2465,2465000,2466000,1.0,total_sent
fd00::203:3:3:3,2476,2476000,2477000,1.0,total_sent
fd00::203:3:3:3,2487,2487000,2488000,1.0,total_sent
fd00::203:3:3:3,2498,2498000,2499000,1.0,total_sent
fd00::203:3:3:3,2509,2509000,2510000,1.0,total_sent
fd00::203:3:3:3,2520,2520000,2521000,1.0,total_sent
fd00::203:3:3:3,2530,2530000,2531000,1.0,total_sent
fd00::203:3:3:3,2541,2541000,2542000,1.0,total_sent
fd00::203:3:3:3,2552,2552000,2553000,1.0,total_sent
fd00::203:3:3:3,2563,2563000,2564000,1.0,total_sent
fd00::203:3:3:3,2574,2574000,2575000,1.0,total_sent
fd00::203:3:3:3,2585,2585000,2586000,1.0,total_sent
fd00::203:3:3:3,2596,2596000,2597000,1.0,total_sent
fd00::203:3:3:3,2607,2607000,2608000,1.0,total_sent
fd00::203:3:3:3,2618,2618000,2619000,1.0,total_sent
fd00::203:3:3:3,2629,2629000,2630000,1.0,total_sent
fd00::203:3:3:3,2640,2640000,2641000,1.0,total_sent
fd00::203:3:3:3,2651,2651000,2652000,1.0,total_sent
fd00::203:3:3:3,2662,2662000,2663000,1.0,total_sent
fd00::203:3:3:3,2673,2673000,2674000,1.0,total_sent
fd00::203:3:3:3,2684,2684000,2685000,1.0,total_sent
fd00::203:3:3:3,2695,2695000,2696000,1.0,total_sent
fd00::203:3:3:3,2706,2706000,2707000,1.0,total_sent
fd00::203:3:3:3,2717,2717000,2718000,1.0,total_sent
fd00::203:3:3:3,2728,2728000,2729000,1.0,total_sent
fd00::203:3:3:3,2739,2739000,2740000,1.0,total_sent
fd00::203:3:3:3,2750,2750000,2751000,1.0,total_sent
fd00::203:3:3:3,2760,2760000,2761000,1.0,total_sent
fd00::203:3:3:3,2771,2771000,2772000,1.0,total_sent
fd00::203:3:3:3,2782,2782000,2783000,1.0,total_sent
fd00::203:3:3:3,2793,2793000,2794000,1.0,total_sent
fd00::203:3:3:3,2804,2804000,2805000,1.0,total_sent
fd00::203:3:3:3,2815,2815000,2816000,1.0,total_sent
fd00::203:3:3:3,2826,2826000,2827000,1.0,total_sent
fd00::203:3:3:3,2837,2837000,2838000,1.0,total_sent
fd00::203:3:3:3,2848,2848000,2849000,1.0,total_sent
fd00::203:3:3:3,2859,2859000,2860000,1.0,total_sent
fd00::203:3:3:3,2870,2870000,2871000,1.0,total_sent
fd00::203:3:3:3,2881,2881000,2882000,1.0,total_sent
fd00::203:3:3:3,2892,2892000,2893000,1.0,total_sent
fd00::203:3:3:3,2903,2903000,2904000,1.0,total_sent
fd00::203:3:3:3,2914,2914000,2915000,1.0,total_sent
fd00::203:3:3:3,2925,2925000,2926000,1.0,total_sent
fd00::203:3:3:3,2936,2936000,2937000,1.0,total_sent
fd00::203:3:3:3,2947,2947000,2948000,1.0,total_sent
fd00::203:3:3:3,2958,2958000,2959000,1.0,total_sent
fd00::203:3:3:3,2969,2969000,2970000,1.0,total_sent
fd00::203:3:3:3,2980,2980000,2981000,1.0,total_sent
fd00::203:3:3:3,2991,2991000,2992000,1.0,total_sent
fd00::203:3:3:3,3001,3001000,3002000,1.0,total_sent
fd00::203:3:3:3,3012,3012000,3013000,1.0,total_sent
fd00::203:3:3:3,3023,3023000,3024000,1.0,total_sent
fd00::203:3:3:3,3034,3034000,3035000,1.0,total_sent
fd00::203:3:3:3,3045,3045000,3046000,1.0,total_sent
fd00::203:3:3:3,3056,3056000,3057000,1.0,total_sent
fd00::203:3:3:3,3067,3067000,3068000,1.0,total_sent
fd00::203:3:3:3,3078,3078000,3079000,1.0,total_sent
fd00::203:3:3:3,3089,3089000,3090000,1.0,total_sent
fd00::203:3:3:3,3100,3100000,3101000,1.0,total_sent
fd00::203:3:3:3,3111,3111000,3112000,1.0,total_sent
fd00::203:3:3:3,3122,3122000,3123000,1.0,total_sent
fd00::203:3:3:3,3133,3133000,3134000,1.0,total_sent
fd00::203:3:3:3,3144,3144000,3145000,1.0,total_sent
fd00::203:3:3:3,3155,3155000,3156000,1.0,total_sent
fd00::203:3:3:3,3166,3166000,3167000,1.0,total_sent
fd00::203:3:3:3,3177,3177000,3178000,1.0,total_sent
fd00::203:3:3:3,3188,3188000,3189000,1.0,total_sent
fd00::203:3:3:3,3199,3199000,3200000,1.0,total_sent
fd00::203:3:3:3,3210,3210000,3211000,1.0,total_sent
fd00::203:3:3:3,3221,3221000,3222000,1.0,total_sent
fd00::203:3:3:3,3232,3232000,3233000,1.0,total_sent
fd00::203:3:3:3,3242,3242000,3243000,1.0,total_sent
fd00::203:3:3:3,3253,3253000,3254000,1.0,total_sent
fd00::203:3:3:3,3264,3264000,3265000,1.0,total_sent
fd00::203:3:3:3,3275,3275000,3276000,1.0,total_sent
fd00::203:3:3:3,3286,3286000,3287000,1.0,total_sent
fd00::203:3:3:3,3297,3297000,3298000,1.0,total_sent
fd00::203:3:3:3,3308,3308000,3309000,1.0,total_sent
fd00::203:3:3:3,3319,3319000,3320000,1.0,total_sent
fd00::203:3:3:3,3330,3330000,3331000,1.0,total_sent
fd00::203:3:3:3,3341,3341000,3342000,1.0,total_sent
fd00::203:3:3:3,3352,3352000,3353000,1.0,total_sent
fd00::203:3:3:3,3363,3363000,3364000,1.0,total_sent
fd00::203:3:3:3,3374,3374000,3375000,1.0,total_sent
fd00::203:3:3:3,3385,3385000,3386000,1.0,total_sent
fd00::203:3:3:3,3396,3396000,3397000,1.0,total_sent
fd00::203:3:3:3,3407,3407000,3408000,1.0,total_sent
fd00::203:3:3:3,3418,3418000,3419000,1.0,total_sent
fd00::203:3:3:3,3429,3429000,3430000,1.0,total_sent
fd00::203:3:3:3,3440,3440000,3441000,1.0,total_sent
fd00::203:3:3:3,3451,3451000,3452000,1.0,total_sent
fd00::203:3:3:3,3462,3462000,3463000,1.0,total_sent
fd00::203:3:3:3,3472,3472000,3473000,1.0,total_sent
fd00::203:3:3:3,3483,3483000,3484000,1.0,total_sent
fd00::203:3:3:3,3494,3494000,3495000,1.0,total_sent
fd00::203:3:3:3,3505,3505000,3506000,1.0,total_sent
fd00::203:3:3:3,3516,3516000,3517000,1.0,total_sent
fd00::203:3:3:3,3527,3527000,3528000,1.0,total_sent
fd00::203:3:3:3,3538,3538000,3539000,1.0,total_sent
fd00::203:3:3:3,3549,3549000,3550000,1.0,total_sent
fd00::203:3:3:3,3560,3560000,3561000,1.0,total_sent
fd00::203:3:3:3,3571,3571000,3572000,1.0,total_sent
fd00::203:3:3:3,3582,3582000,3583000,1.0,total_sent
fd00::203:3:3:3,3593,3593000,3594000,1.0,total_sent
fd00::204:4:4:4,43,43000,44000,0.0,total_sent
fd00::204:4:4:4,54,54000,55000,1.0,total_sent
fd00::204:4:4:4,65,65000,66000,1.0,total_sent
fd00::204:4:4:4,76,76000,77000,1.0,total_sent
fd00::204:4:4:4,87,87000,88000,1.0,total_sent
fd00::204:4:4:4,98,98000,99000,1.0,total_sent
fd00::204:4:4:4,109,109000,110000,1.0,total_sent
fd00::204:4:4:4,120,120000,121000,1.0,total_sent
fd00::204:4:4:4,130,130000,131000,1.0,total_sent
fd00::204:4:4:4,141,141000,142000,1.0,total_sent
fd00::204:4:4:4,152,152000,153000,1.0,total_sent
fd00::204:4:4:4,163,163000,164000,1.0,total_sent
fd00::204:4:4:4,174,174000,175000,1.0,total_sent
fd00::204:4:4:4,185,185000,186000,1.0,total_sent
fd00::204:4:4:4,196,196000,197000,1.0,total_sent
fd00::204:4:4:4,207,207000,208000,1.0,total_sent
fd00::204:4:4:4,218,218000,219000,1.0,total_sent
fd00::204:4:4:4,229,229000,230000,1.0,total_sent
fd00::204:4:4:4,240,240000,241000,1.0,total_sent
fd00::204:4:4:4,250,250000,251000,1.0,total_sent
fd00::204:4:4:4,261,261000,262000,1.0,total_sent
fd00::204:4:4:4,272,272000,273000,1.0,total_sent
fd00::204:4:4:4,283,283000,284000,1.0,total_sent
fd00::204:4:4:4,294,294000,295000,1.0,total_sent
fd00::204:4:4:4,305,305000,306000,1.0,total_sent
fd00::204:4:4:4,316,316000,317000,1.0,total_sent
fd00::204:4:4:4,327,327000,328000,1.0,total_sent
fd00::204:4:4:4,338,338000,339000,1.0,total_sent
fd00::204:4:4:4,349,349000,350000,1.0,total_sent
fd00::204:4:4:4,360,360000,361000,1.0,total_sent
fd00::204:4:4:4,371,371000,372000,1.0,total_sent
fd00::204:4:4:4,381,381000,382000,1.0,total_sent
fd00::204:4:4:4,392,392000,393000,1.0,total_sent
fd00::204:4:4:4,403,403000,404000,1.0,total_sent
fd00::204:4:4:4,414,414000,415000,1.0,total_sent
fd00::204:4:4:4,425,425000,426000,1.0,total_sent
fd00::204:4:4:4,436,436000,437000,1.0,total_sent
fd00::204:4:4:4,447,447000,448000,1.0,total_sent
fd00::204:4:4:4,458,458000,459000,1.0,total_sent
fd00::204:4:4:4,469,469000,470000,1.0,total_sent
fd00::204:4:4:4,480,480000,481000,1.0,total_sent
fd00::204:4:4:4,491,491000,492000,1.0,total_sent
fd00::204:4:4:4,502,502000,503000,1.0,total_sent
fd00::204:4:4:4,512,512000,513000,1.0,total_sent
fd00::204:4:4:4,523,523000,524000,1.0,total_sent
fd00::204:4:4:4,534,534000,535000,1.0,total_sent
fd00::204:4:4:4,545,545000,546000,1.0,total_sent
fd00::204:4:4:4,556,556000,557000,1.0,total_sent
fd00::204:4:4:4,567,567000,568000,1.0,total_sent
fd00::204:4:4:4,578,578000,579000,1.0,total_sent
fd00::204:4:4:4,589,589000,590000,1.0,total_sent
fd00::204:4:4:4,600,600000,601000,1.0,total_sent
fd00::204:4:4:4,611,611000,612000,1.0,total_sent
fd00::204:4:4:4,622,622000,623000,1.0,total_sent
fd00::204:4:4:4,632,632000,633000,1.0,total_sent
fd00::204:4:4:4,643,643000,644000,1.0,total_sent
fd00::204:4:4:4,654,654000,655000,1.0,total_sent
fd00::204:4:4:4,665,665000,666000,1.0,total_sent
fd00::204:4:4:4,676,676000,677000,1.0,total_sent
fd00::204:4:4:4,687,687000,688000,1.0,total_sent
fd00::204:4:4:4,698,698000,699000,1.0,total_sent
fd00::204:4:4:4,709,709000,710000,1.0,total_sent
fd00::204:4:4:4,720,720000,721000,1.0,total_sent
fd00::204:4:4:4,731,731000,732000,1.0,total_sent
fd00::204:4:4:4,742,742000,743000,1.0,total_sent
fd00::204:4:4:4,752,752000,753000,1.0,total_sent
fd00::204:4:4:4,763,763000,764000,1.0,total_sent
fd00::204:4:4:4,774,774000,775000,1.0,total_sent
fd00::204:4:4:4,785,785000,786000,1.0,total_sent
fd00::204:4:4:4,796,796000,797000,1.0,total_sent
fd00::204:4:4:4,807,807000,808000,1.0,total_sent
fd00::204:4:4:4,818,818000,819000,1.0,total_sent
fd00::204:4:4:4,829,829000,830000,1.0,total_sent
fd00::204:4:4:4,840,840000,841000,1.0,total_sent
fd00::204:4:4:4,851,851000,852000,1.0,total_sent
fd00::204:4:4:4,862,862000,863000,1.0,total_sent
fd00::204:4:4:4,872,872000,873000,1.0,total_sent
fd00::204:4:4:4,883,883000,884000,1.0,total_sent
fd00::204:4:4:4,894,894000,895000,1.0,total_sent
fd00::204:4:4:4,905,905000,906000,1.0,total_sent
fd00::204:4:4:4,916,916000,917000,1.0,total_sent
fd00::204:4:4:4,927,927000,928000,1.0,total_sent
fd00::204:4:4:4,938,938000,939000,1.0,total_sent
fd00::204:4:4:4,949,949000,950000,1.0,total_sent
fd00::204:4:4:4,960,960000,961000,1.0,total_sent
fd00::204:4:4:4,971,971000,972000,1.0,total_sent
fd00::204:4:4:4,982,982000,983000,1.0,total_sent
fd00::204:4:4:4,993,993000,994000,1.0,total_sent
fd00::204:4:4:4,1003,1003000,1004000,1.0,total_sent
fd00::204:4:4:4,1014,1014000,1015000,1.0,total_sent
fd00::204:4:4:4,1025,1025000,1026000,1.0,total_sent
fd00::204:4:4:4,1036,1036000,1037000,1.0,total_sent
fd00::204:4:4:4,1047,1047000,1048000,1.0,total_sent
fd00::204:4:4:4,1058,1058000,1059000,1.0,total_sent
fd00::204:4:4:4,1069,1069000,1070000,1.0,total_sent
fd00::204:4:4:4,1080,1080000,1081000,1.0,total_sent
fd00::204:4:4:4,1091,1091000,1092000,1.0,total_sent
fd00::204:4:4:4,1102,1102000,1103000,1.0,total_sent
fd00::204:4:4:4,1113,1113000,1114000,1.0,total_sent
fd00::204:4:4:4,1123,1123000,1124000,1.0,total_sent
fd00::204:4:4:4,1134,1134000,1135000,1.0,total_sent
fd00::204:4:4:4,1145,1145000,1146000,1.0,total_sent
fd00::204:4:4:4,1156,1156000,1157000,1.0,total_sent
fd00::204:4:4:4,1167,1167000,1168000,1.0,total_sent
fd00::204:4:4:4,1178,1178000,1179000,1.0,total_sent
fd00::204:4:4:4,1189,1189000,1190000,1.0,total_sent
fd00::204:4:4:4,1200,1200000,1201000,1.0,total_sent
fd00::204:4:4:4,1211,1211000,1212000,1.0,total_sent
fd00::204:4:4:4,1222,1222000,1223000,1.0,total_sent
fd00::204:4:4:4,1233,1233000,1234000,1.0,total_sent
fd00::204:4:4:4,1244,1244000,1245000,1.0,total_sent
fd00::204:4:4:4,1254,1254000,1255000,1.0,total_sent
fd00::204:4:4:4,1265,1265000,1266000,1.0,total_sent
fd00::204:4:4:4,1276,1276000,1277000,1.0,total_sent
fd00::204:4:4:4,1287,1287000,1288000,1.0,total_sent
fd00::204:4:4:4,1298,1298000,1299000,1.0,total_sent
fd00::204:4:4:4,1309,1309000,1310000,1.0,total_sent
fd00::204:4:4:4,1320,1320000,1321000,1.0,total_sent
fd00::204:4:4:4,1331,1331000,1332000,1.0,total_sent
fd00::204:4:4:4,1342,1342000,1343000,1.0,total_sent
fd00::204:4:4:4,1353,1353000,1354000,1.0,total_sent
fd00::204:4:4:4,1364,1364000,1365000,1.0,total_sent
fd00::204:4:4:4,1374,1374000,1375000,1.0,total_sent
fd00::204:4:4:4,1385,1385000,1386000,1.0,total_sent
fd00::204:4:4:4,1396,1396000,1397000,1.0,total_sent
fd00::204:4:4:4,1407,1407000,1408000,1.0,total_sent
fd00::204:4:4:4,1418,1418000,1419000,1.0,total_sent
fd00::204:4:4:4,1429,1429000,1430000,1.0,total_sent
fd00::204:4:4:4,1440,1440000,1441000,1.0,total_sent
fd00::204:4:4:4,1451,1451000,1452000,1.0,total_sent
fd00::204:4:4:4,1462,1462000,1463000,1.0,total_sent
fd00::204:4:4:4,1473,1473000,1474000,1.0,total_sent
fd00::204:4:4:4,1484,1484000,1485000,1.0,total_sent
fd00::204:4:4:4,1495,1495000,1496000,1.0,total_sent
fd00::204:4:4:4,1505,1505000,1506000,1.0,total_sent
fd00::204:4:4:4,1516,1516000,1517000,1.0,total_sent
fd00::204:4:4:4,1527,1527000,1528000,1.0,total_sent
fd00::204:4:4:4,1538,1538000,1539000,1.0,total_sent
fd00::204:4:4:4,1549,1549000,1550000,1.0,total_sent
fd00::204:4:4:4,1560,1560000,1561000,1.0,total_sent
fd00::204:4:4:4,1571,1571000,1572000,1.0,total_sent
fd00::204:4:4:4,1582,1582000,1583000,1.0,total_sent
fd00::204:4:4:4,1593,1593000,1594000,1.0,total_sent
fd00::204:4:4:4,1604,1604000,1605000,1.0,total_sent
fd00::204:4:4:4,1615,1615000,1616000,1.0,total_sent
fd00::204:4:4:4,1625,1625000,1626000,1.0,total_sent
fd00::204:4:4:4,1636,1636000,1637000,1.0,total_sent
fd00::204:4:4:4,1647,1647000,1648000,1.0,total_sent
fd00::204:4:4:4,1658,1658000,1659000,1.0,total_sent
fd00::204:4:4:4,1669,1669000,1670000,1.0,total_sent
fd00::204:4:4:4,1680,1680000,1681000,1.0,total_sent
fd00::204:4:4:4,1691,1691000,1692000,1.0,total_sent
fd00::204:4:4:4,1702,1702000,1703000,1.0,total_sent
fd00::204:4:4:4,1713,1713000,1714000,1.0,total_sent
fd00::204:4:4:4,1724,1724000,1725000,1.0,total_sent
fd00::204:4:4:4,1735,1735000,1736000,1.0,total_sent
fd00::204:4:4:4,1745,1745000,1746000,1.0,total_sent
fd00::204:4:4:4,1756,1756000,1757000,1.0,total_sent
fd00::204:4:4:4,1767,1767000,1768000,1.0,total_sent
fd00::204:4:4:4,1778,1778000,1779000,1.0,total_sent
fd00::204:4:4:4,1789,1789000,1790000,1.0,total_sent
fd00::204:4:4:4,1800,1800000,1801000,1.0,total_sent
fd00::204:4:4:4,1811,1811000,1812000,1.0,total_sent
fd00::204:4:4:4,1822,1822000,1823000,1.0,total_sent
fd00::204:4:4:4,1833,1833000,1834000,1.0,total_sent
fd00::204:4:4:4,1844,1844000,1845000,1.0,total_sent
fd00::204:4:4:4,1855,1855000,1856000,1.0,total_sent
fd00::204:4:4:4,1866,1866000,1867000,1.0,total_sent
fd00::204:4:4:4,1876,1876000,1877000,1.0,total_sent
fd00::204:4:4:4,1887,1887000,1888000,1.0,total_sent
fd00::204:4:4:4,1898,1898000,1899000,1.0,total_sent
fd00::204:4:4:4,1909,1909000,1910000,1.0,total_sent
fd00::204:4:4:4,1920,1920000,1921000,1.0,total_sent
fd00::204:4:4:4,1931,1931000,1932000,1.0,total_sent
fd00::204:4:4:4,1942,1942000,1943000,1.0,total_sent
fd00::204:4:4:4,1953,1953000,1954000,1.0,total_sent
fd00::204:4:4:4,1964,1964000,1965000,1.0,total_sent
fd00::204:4:4:4,1975,1975000,1976000,1.0,total_sent
fd00::204:4:4:4,1986,1986000,1987000,1.0,total_sent
fd00::204:4:4:4,1996,1996000,1997000,1.0,total_sent
fd00::204:4:4:4,2007,2007000,2008000,1.0,total_sent
fd00::204:4:4:4,2018,2018000,2019000,1.0,total_sent
fd00::204:4:4:4,2029,2029000,2030000,1.0,total_sent
fd00::204:4:4:4,2040,2040000,2041000,1.0,total_sent
fd00::204:4:4:4,2051,2051000,2052000,1.0,total_sent
fd00::204:4:4:4,2062,2062000,2063000,1.0,total_sent
fd00::204:4:4:4,2073,2073000,2074000,1.0,total_sent
fd00::204:4:4:4,2084,2084000,2085000,1.0,total_sent
fd00::204:4:4:4,2095,2095000,2096000,1.0,total_sent
fd00::204:4:4:4,2106,2106000,2107000,1.0,total_sent
fd00::204:4:4:4,2116,2116000,2117000,1.0,total_sent
fd00::204:4:4:4,2127,2127000,2128000,1.0,total_sent
fd00::204:4:4:4,2138,2138000,2139000,1.0,total_sent
fd00::204:4:4:4,2149,2149000,2150000,1.0,total_sent
fd00::204:4:4:4,2160,2160000,2161000,1.0,total_sent
fd00::204:4:4:4,2171,2171000,2172000,1.0,total_sent
fd00::204:4:4:4,2182,2182000,2183000,1.0,total_sent
fd00::204:4:4:4,2193,2193000,2194000,1.0,total_sent
fd00::204:4:4:4,2204,2204000,2205000,1.0,total_sent
fd00::204:4:4:4,2215,2215000,2216000,1.0,total_sent
fd00::204:4:4:4,2226,2226000,2227000,1.0,total_sent
fd00::204:4:4:4,2237,2237000,2238000,1.0,total_sent
fd00::204:4:4:4,2247,2247000,2248000,1.0,total_sent
fd00::204:4:4:4,2258,2258000,2259000,1.0,total_sent
fd00::204:4:4:4,2269,2269000,2270000,1.0,total_sent
fd00::204:4:4:4,2280,2280000,2281000,1.0,total_sent
fd00::204:4:4:4,2291,2291000,2292000,1.0,total_sent
fd00::204:4:4:4,2302,2302000,2303000,1.0,total_sent
fd00::204:4:4:4,2313,2313000,2314000,1.0,total_sent
fd00::204:4:4:4,2324,2324000,2325000,1.0,total_sent
fd00::204:4:4:4,2335,2335000,2336000,1.0,total_sent
fd00::204:4:4:4,2346,2346000,2347000,1.0,total_sent
fd00::204:4:4:4,2357,2357000,2358000,1.0,total_sent
fd00::204:4:4:4,2367,2367000,2368000,1.0,total_sent
fd00::204:4:4:4,2378,2378000,2379000,1.0,total_sent
fd00::204:4:4:4,2389,2389000,2390000,1.0,total_sent
fd00::204:4:4:4,2400,2400000,2401000,1.0,total_sent
fd00::204:4:4:4,2411,2411000,2412000,1.0,total_sent
fd00::204:4:4:4,2422,2422000,2423000,1.0,total_sent
fd00::204:4:4:4,2433,2433000,2434000,1.0,total_sent
fd00::204:4:4:4,2444,2444000,2445000,1.0,total_sent
fd00::204:4:4:4,2455,2455000,2456000,1.0,total_sent
fd00::204:4:4:4,2466,2466000,2467000,1.0,total_sent
fd00::204:4:4:4,2477,2477000,2478000,1.0,total_sent
fd00::204:4:4:4,2488,2488000,2489000,1.0,total_sent
fd00::204:4:4:4,2498,2498000,2499000,1.0,total_sent
fd00::204:4:4:4,2509,2509000,2510000,1.0,total_sent
fd00::204:4:4:4,2520,2520000,2521000,1.0,total_sent
fd00::204:4:4:4,2531,2531000,2532000,1.0,total_sent
fd00::204:4:4:4,2542,2542000,2543000,1.0,total_sent
fd00::204:4:4:4,2553,2553000,2554000,1.0,total_sent
fd00::204:4:4:4,2564,2564000,2565000,1.0,total_sent
fd00::204:4:4:4,2575,2575000,2576000,1.0,total_sent
fd00::204:4:4:4,2586,2586000,2587000,1.0,total_sent
fd00::204:4:4:4,2597,2597000,2598000,1.0,total_sent
fd00::204:4:4:4,2608,2608000,2609000,1.0,total_sent
fd00::204:4:4:4,2618,2618000,2619000,1.0,total_sent
fd00::204:4:4:4,2629,2629000,2630000,1.0,total_sent
fd00::204:4:4:4,2640,2640000,2641000,1.0,total_sent
fd00::204:4:4:4,2651,2651000,2652000,1.0,total_sent
fd00::204:4:4:4,2662,2662000,2663000,1.0,total_sent
fd00::204:4:4:4,2673,2673000,2674000,1.0,total_sent
fd00::204:4:4:4,2684,2684000,2685000,1.0,total_sent
fd00::204:4:4:4,2695,2695000,2696000,1.0,total_sent
fd00::204:4:4:4,2706,2706000,2707000,1.0,total_sent
fd00::204:4:4:4,2717,2717000,2718000,1.0,total_sent
fd00::204:4:4:4,2728,2728000,2729000,1.0,total_sent
fd00::204:4:4:4,2738,2738000,2739000,1.0,total_sent
fd00::204:4:4:4,2749,2749000,2750000,1.0,total_sent
fd00::204:4:4:4,2760,2760000,2761000,1.0,total_sent
fd00::204:4:4:4,2771,2771000,2772000,1.0,total_sent
fd00::204:4:4:4,2782,2782000,2783000,1.0,total_sent
fd00::204:4:4:4,2793,2793000,2794000,1.0,total_sent
fd00::204:4:4:4,2804,2804000,2805000,1.0,total_sent
fd00::204:4:4:4,2815,2815000,2816000,1.0,total_sent
fd00::204:4:4:4,2826,2826000,2827000,1.0,total_sent
fd00::204:4:4:4,2837,2837000,2838000,1.0,total_sent
fd00::204:4:4:4,2848,2848000,2849000,1.0,total_sent
fd00::204:4:4:4,2859,2859000,2860000,1.0,total_sent
fd00::204:4:4:4,2869,2869000,2870000,1.0,total_sent
fd00::204:4:4:4,2880,2880000,2881000,1.0,total_sent
fd00::204:4:4:4,2891,2891000,2892000,1.0,total_sent
fd00::204:4:4:4,2902,2902000,2903000,1.0,total_sent
fd00::204:4:4:4,2913,2913000,2914000,1.0,total_sent
fd00::204:4:4:4,2924,2924000,2925000,1.0,total_sent
fd00::204:4:4:4,2935,2935000,2936000,1.0,total_sent
fd00::204:4:4:4,2946,2946000,2947000,1.0,total_sent
fd00::204:4:4:4,2957,2957000,2958000,1.0,total_sent
fd00::204:4:4:4,2968,2968000,2969000,1.0,total_sent
fd00::204:4:4:4,2979,2979000,2980000,1.0,total_sent
fd00::204:4:4:4,2989,2989000,2990000,1.0,total_sent
fd00::204:4:4:4,3000,3000000,3001000,1.0,total_sent
fd00::204:4:4:4,3011,3011000,3012000,1.0,total_sent
fd00::204:4:4:4,3022,3022000,3023000,1.0,total_sent
fd00::204:4:4:4,3033,3033000,3034000,1.0,total_sent
fd00::204:4:4:4,3044,3044000,3045000,1.0,total_sent
fd00::204:4:4:4,3055,3055000,3056000,1.0,total_sent
fd00::204:4:4:4,3066,3066000,3067000,1.0,total_sent
fd00::204:4:4:4,3077,3077000,3078000,1.0,total_sent
fd00::204:4:4:4,3088,3088000,3089000,1.0,total_sent
fd00::204:4:4:4,3099,3099000,3100000,1.0,total_sent
fd00::204:4:4:4,3109,3109000,3110000,1.0,total_sent
fd00::204:4:4:4,3120,3120000,3121000,1.0,total_sent
fd00::204:4:4:4,3131,3131000,3132000,1.0,total_sent
fd00::204:4:4:4,3142,3142000,3143000,1.0,total_sent
fd00::204:4:4:4,3153,3153000,3154000,1.0,total_sent
fd00::204:4:4:4,3164,3164000,3165000,1.0,total_sent
fd00::204:4:4:4,3175,3175000,3176000,1.0,total_sent
fd00::204:4:4:4,3186,3186000,3187000,1.0,total_sent
fd00::204:4:4:4,3197,3197000,3198000,1.0,total_sent
fd00::204:4:4:4,3208,3208000,3209000,1.0,total_sent
fd00::204:4:4:4,3219,3219000,3220000,1.0,total_sent
fd00::204:4:4:4,3229,3229000,3230000,1.0,total_sent
fd00::204:4:4:4,3240,3240000,3241000,1.0,total_sent
fd00::204:4:4:4,3251,3251000,3252000,1.0,total_sent
fd00::204:4:4:4,3262,3262000,3263000,1.0,total_sent
fd00::204:4:4:4,3273,3273000,3274000,1.0,total_sent
fd00::204:4:4:4,3284,3284000,3285000,1.0,total_sent
fd00::204:4:4:4,3295,3295000,3296000,1.0,total_sent
fd00::204:4:4:4,3306,3306000,3307000,1.0,total_sent
fd00::204:4:4:4,3317,3317000,3318000,1.0,total_sent
fd00::204:4:4:4,3328,3328000,3329000,1.0,total_sent
fd00::204:4:4:4,3339,3339000,3340000,1.0,total_sent
fd00::204:4:4:4,3350,3350000,3351000,1.0,total_sent
fd00::204:4:4:4,3360,3360000,3361000,1.0,total_sent
fd00::204:4:4:4,3371,3371000,3372000,1.0,total_sent
fd00::204:4:4:4,3382,3382000,3383000,1.0,total_sent
fd00::204:4:4:4,3393,3393000,3394000,1.0,total_sent
fd00::204:4:4:4,3404,3404000,3405000,1.0,total_sent
fd00::204:4:4:4,3415,3415000,3416000,1.0,total_sent
fd00::204:4:4:4,3426,3426000,3427000,1.0,total_sent
fd00::204:4:4:4,3437,3437000,3438000,1.0,total_sent
fd00::204:4:4:4,3448,3448000,3449000,1.0,total_sent
fd00::204:4:4:4,3459,3459000,3460000,1.0,total_sent
fd00::204:4:4:4,3470,3470000,3471000,1.0,total_sent
fd00::204:4:4:4,3480,3480000,3481000,1.0,total_sent
fd00::204:4:4:4,3491,3491000,3492000,1.0,total_sent
fd00::204:4:4:4,3502,3502000,3503000,1.0,total_sent
fd00::204:4:4:4,3513,3513000,3514000,1.0,total_sent
fd00::204:4:4:4,3524,3524000,3525000,1.0,total_sent
fd00::204:4:4:4,3535,3535000,3536000,1.0,total_sent
fd00::204:4:4:4,3546,3546000,3547000,1.0,total_sent
fd00::204:4:4:4,3557,3557000,3558000,1.0,total_sent
fd00::204:4:4:4,3568,3568000,3569000,1.0,total_sent
fd00::204:4:4:4,3579,3579000,3580000,1.0,total_sent
fd00::204:4:4:4,3590,3590000,3591000,1.0,total_sent
fd00::205:5:5:5,62,62000,63000,0.0,total_sent
fd00::205:5:5:5,72,72000,73000,1.0,total_sent
fd00::205:5:5:5,82,82000,83000,1.0,total_sent
fd00::205:5:5:5,93,93000,94000,1.0,total_sent
fd00::205:5:5:5,103,103000,104000,1.0,total_sent
fd00::205:5:5:5,113,113000,114000,1.0,total_sent
fd00::205:5:5:5,124,124000,125000,1.0,total_sent
fd00::205:5:5:5,134,134000,135000,1.0,total_sent
fd00::205:5:5:5,144,144000,145000,1.0,total_sent
fd00::205:5:5:5,154,154000,155000,1.0,total_sent
fd00::205:5:5:5,165,165000,166000,1.0,total_sent
fd00::205:5:5:5,175,175000,176000,1.0,total_sent
fd00::205:5:5:5,185,185000,186000,1.0,total_sent
fd00::205:5:5:5,196,196000,197000,1.0,total_sent
fd00::205:5:5:5,206,206000,207000,1.0,total_sent
fd00::205:5:5:5,216,216000,217000,1.0,total_sent
fd00::205:5:5:5,226,226000,227000,1.0,total_sent
fd00::205:5:5:5,237,237000,238000,1.0,total_sent
fd00::205:5:5:5,247,247000,248000,1.0,total_sent
fd00::205:5:5:5,257,257000,258000,1.0,total_sent
fd00::205:5:5:5,268,268000,269000,1.0,total_sent
fd00::205:5:5:5,278,278000,279000,1.0,total_sent
fd00::205:5:5:5,288,288000,289000,1.0,total_sent
fd00::205:5:5:5,299,299000,300000,1.0,total_sent
fd00::205:5:5:5,309,309000,310000,1.0,total_sent
fd00::205:5:5:5,319,319000,320000,1.0,total_sent
fd00::205:5:5:5,330,330000,331000,1.0,total_sent
fd00::205:5:5:5,340,340000,341000,1.0,total_sent
fd00::205:5:5:5,350,350000,351000,1.0,total_sent
fd00::205:5:5:5,360,360000,361000,1.0,total_sent
fd00::205:5:5:5,371,371000,372000,1.0,total_sent
fd00::205:5:5:5,381,381000,382000,1.0,total_sent
fd00::205:5:5:5,391,391000,392000,1.0,total_sent
fd00::205:5:5:5,402,402000,403000,1.0,total_sent
fd00::205:5:5:5,412,412000,413000,1.0,total_sent
fd00::205:5:5:5,422,422000,423000,1.0,total_sent
fd00::205:5:5:5,432,432000,433000,1.0,total_sent
fd00::205:5:5:5,443,443000,444000,1.0,total_sent
fd00::205:5:5:5,453,453000,454000,1.0,total_sent
fd00::205:5:5:5,463,463000,464000,1.0,total_sent
fd00::205:5:5:5,474,474000,475000,1.0,total_sent
fd00::205:5:5:5,484,484000,485000,1.0,total_sent
fd00::205:5:5:5,494,494000,495000,1.0,total_sent
fd00::205:5:5:5,505,505000,506000,1.0,total_sent
fd00::205:5:5:5,515,515000,516000,1.0,total_sent
fd00::205:5:5:5,525,525000,526000,1.0,total_sent
fd00::205:5:5:5,535,535000,536000,1.0,total_sent
fd00::205:5:5:5,546,546000,547000,1.0,total_sent
fd00::205:5:5:5,556,556000,557000,1.0,total_sent
fd00::205:5:5:5,566,566000,567000,1.0,total_sent
fd00::205:5:5:5,577,577000,578000,1.0,total_sent
fd00::205:5:5:5,587,587000,588000,1.0,total_sent
fd00::205:5:5:5,597,597000,598000,1.0,total_sent
fd00::205:5:5:5,608,608000,609000,1.0,total_sent
fd00::205:5:5:5,618,618000,619000,1.0,total_sent
fd00::205:5:5:5,628,628000,629000,1.0,total_sent
fd00::205:5:5:5,638,638000,639000,1.0,total_sent
fd00::205:5:5:5,649,649000,650000,1.0,total_sent
fd00::205:5:5:5,659,659000,660000,1.0,total_sent
fd00::205:5:5:5,669,669000,670000,1.0,total_sent
fd00::205:5:5:5,680,680000,681000,1.0,total_sent
fd00::205:5:5:5,690,690000,691000,1.0,total_sent
fd00::205:5:5:5,700,700000,701000,1.0,total_sent
fd00::205:5:5:5,711,711000,712000,1.0,total_sent
fd00::205:5:5:5,721,721000,722000,1.0,total_sent
fd00::205:5:5:5,731,731000,732000,1.0,total_sent
fd00::205:5:5:5,741,741000,742000,1.0,total_sent
fd00::205:5:5:5,752,752000,753000,1.0,total_sent
fd00::205:5:5:5,762,762000,763000,1.0,total_sent
fd00::205:5:5:5,772,772000,773000,1.0,total_sent
fd00::205:5:5:5,783,783000,784000,1.0,total_sent
fd00::205:5:5:5,793,793000,794000,1.0,total_sent
fd00::205:5:5:5,803,803000,804000,1.0,total_sent
fd00::205:5:5:5,813,813000,814000,1.0,total_sent
fd00::205:5:5:5,824,824000,825000,1.0,total_sent
fd00::205:5:5:5,834,834000,835000,1.0,total_sent
fd00::205:5:5:5,844,844000,845000,1.0,total_sent
fd00::205:5:5:5,855,855000,856000,1.0,total_sent
fd00::205:5:5:5,865,865000,866000,1.0,total_sent
fd00::205:5:5:5,875,875000,876000,1.0,total_sent
fd00::205:5:5:5,886,886000,887000,1.0,total_sent
fd00::205:5:5:5,896,896000,897000,1.0,total_sent
fd00::205:5:5:5,906,906000,907000,1.0,total_sent
fd00::205:5:5:5,916,916000,917000,1.0,total_sent
fd00::205:5:5:5,927,927000,928000,1.0,total_sent
fd00::205:5:5:5,937,937000,938000,1.0,total_sent
fd00::205:5:5:5,947,947000,948000,1.0,total_sent
fd00::205:5:5:5,958,958000,959000,1.0,total_sent
fd00::205:5:5:5,968,968000,969000,1.0,total_sent
fd00::205:5:5:5,978,978000,979000,1.0,total_sent
fd00::205:5:5:5,988,988000,989000,1.0,total_sent
fd00::205:5:5:5,999,999000,1000000,1.0,total_sent
fd00::205:5:5:5,1009,1009000,1010000,1.0,total_sent
fd00::205:5:5:5,1019,1019000,1020000,1.0,total_sent
fd00::205:5:5:5,1030,1030000,1031000,1.0,total_sent
fd00::205:5:5:5,1040,1040000,1041000,1.0,total_sent
fd00::205:5:5:5,1050,1050000,1051000,1.0,total_sent
fd00::205:5:5:5,1061,1061000,1062000,1.0,total_sent
fd00::205:5:5:5,1071,1071000,1072000,1.0,total_sent
fd00::205:5:5:5,1081,1081000,1082000,1.0,total_sent
fd00::205:5:5:5,1091,1091000,1092000,1.0,total_sent
fd00::205:5:5:5,1102,1102000,1103000,1.0,total_sent
fd00::205:5:5:5,1112,1112000,1113000,1.0,total_sent
fd00::205:5:5:5,1122,1122000,1123000,1.0,total_sent
fd00::205:5:5:5,1133,1133000,1134000,1.0,total_sent
fd00::205:5:5:5,1143,1143000,1144000,1.0,total_sent
fd00::205:5:5:5,1153,1153000,1154000,1.0,total_sent
fd00::205:5:5:5,1164,1164000,1165000,1.0,total_sent
fd00::205:5:5:5,1174,1174000,1175000,1.0,total_sent
fd00::205:5:5:5,1184,1184000,1185000,1.0,total_sent
fd00::205:5:5:5,1195,1195000,1196000,1.0,total_sent
fd00::205:5:5:5,1205,1205000,1206000,1.0,total_sent
fd00::205:5:5:5,1215,1215000,1216000,1.0,total_sent
fd00::205:5:5:5,1225,1225000,1226000,1.0,total_sent
fd00::205:5:5:5,1236,1236000,1237000,1.0,total_sent
fd00::205:5:5:5,1246,1246000,1247000,1.0,total_sent
fd00::205:5:5:5,1256,1256000,1257000,1.0,total_sent
fd00::205:5:5:5,1267,1267000,1268000,1.0,total_sent
fd00::205:5:5:5,1277,1277000,1278000,1.0,total_sent
fd00::205:5:5:5,1287,1287000,1288000,1.0,total_sent
fd00::205:5:5:5,1298,1298000,1299000,1.0,total_sent
fd00::205:5:5:5,1308,1308000,1309000,1.0,total_sent
fd00::205:5:5:5,1318,1318000,1319000,1.0,total_sent
fd00::205:5:5:5,1328,1328000,1329000,1.0,total_sent
fd00::205:5:5:5,1339,1339000,1340000,1.0,total_sent
fd00::205:5:5:5,1349,1349000,1350000,1.0,total_sent
fd00::205:5:5:5,1359,1359000,1360000,1.0,total_sent
fd00::205:5:5:5,1370,1370000,1371000,1.0,total_sent
fd00::205:5:5:5,1380,1380000,1381000,1.0,total_sent
fd00::205:5:5:5,1390,1390000,1391000,1.0,total_sent
fd00::205:5:5:5,1400,1400000,1401000,1.0,total_sent
fd00::205:5:5:5,1411,1411000,1412000,1.0,total_sent
fd00::205:5:5:5,1421,1421000,1422000,1.0,total_sent
fd00::205:5:5:5,1431,1431000,1432000,1.0,total_sent
fd00::205:5:5:5,1442,1442000,1443000,1.0,total_sent
fd00::205:5:5:5,1452,1452000,1453000,1.0,total_sent
fd00::205:5:5:5,1462,1462000,1463000,1.0,total_sent
fd00::205:5:5:5,1473,1473000,1474000,1.0,total_sent
fd00::205:5:5:5,1483,1483000,1484000,1.0,total_sent
fd00::205:5:5:5,1493,1493000,1494000,1.0,total_sent
fd00::205:5:5:5,1503,1503000,1504000,1.0,total_sent
fd00::205:5:5:5,1514,1514000,1515000,1.0,total_sent
fd00::205:5:5:5,1524,1524000,1525000,1.0,total_sent
fd00::205:5:5:5,1534,1534000,1535000,1.0,total_sent
fd00::205:5:5:5,1545,1545000,1546000,1.0,total_sent
fd00::205:5:5:5,1555,1555000,1556000,1.0,total_sent
fd00::205:5:5:5,1565,1565000,1566000,1.0,total_sent
fd00::205:5:5:5,1576,1576000,1577000,1.0,total_sent
fd00::205:5:5:5,1586,1586000,1587000,1.0,total_sent
fd00::205:5:5:5,1596,1596000,1597000,1.0,total_sent
fd00::205:5:5:5,1606,1606000,1607000,1.0,total_sent
fd00::205:5:5:5,1617,1617000,1618000,1.0,total_sent
fd00::205:5:5:5,1627,1627000,1628000,1.0,total_sent
fd00::205:5:5:5,1637,1637000,1638000,1.0,total_sent
fd00::205:5:5:5,1648,1648000,1649000,1.0,total_sent
fd00::205:5:5:5,1658,1658000,1659000,1.0,total_sent
fd00::205:5:5:5,1668,1668000,1669000,1.0,total_sent
fd00::205:5:5:5,1679,1679000,1680000,1.0,total_sent
fd00::205:5:5:5,1689,1689000,1690000,1.0,total_sent
fd00::205:5:5:5,1699,1699000,1700000,1.0,total_sent
fd00::205:5:5:5,1709,1709000,1710000,1.0,total_sent
fd00::205:5:5:5,1720,1720000,1721000,1.0,total_sent
fd00::205:5:5:5,1730,1730000,1731000,1.0,total_sent
fd00::205:5:5:5,1740,1740000,1741000,1.0,total_sent
fd00::205:5:5:5,1751,1751000,1752000,1.0,total_sent
fd00::205:5:5:5,1761,1761000,1762000,1.0,total_sent
fd00::205:5:5:5,1771,1771000,1772000,1.0,total_sent
fd00::205:5:5:5,1782,1782000,1783000,1.0,total_sent
fd00::205:5:5:5,1792,1792000,1793000,1.0,total_sent
fd00::205:5:5:5,1802,1802000,1803000,1.0,total_sent
fd00::205:5:5:5,1812,1812000,1813000,1.0,total_sent
fd00::205:5:5:5,1823,1823000,1824000,1.0,total_sent
fd00::205:5:5:5,1833,1833000,1834000,1.0,total_sent
fd00::205:5:5:5,1843,1843000,1844000,1.0,total_sent
fd00::205:5:5:5,1854,1854000,1855000,1.0,total_sent
fd00::205:5:5:5,1864,1864000,1865000,1.0,total_sent
fd00::205:5:5:5,1874,1874000,1875000,1.0,total_sent
fd00::205:5:5:5,1884,1884000,1885000,1.0,total_sent
fd00::205:5:5:5,1895,1895000,1896000,1.0,total_sent
fd00::205:5:5:5,1905,1905000,1906000,1.0,total_sent
fd00::205:5:5:5,1915,1915000,1916000,1.0,total_sent
fd00::205:5:5:5,1926,1926000,1927000,1.0,total_sent
fd00::205:5:5:5,1936,1936000,1937000,1.0,total_sent
fd00::205:5:5:5,1946,1946000,1947000,1.0,total_sent
fd00::205:5:5:5,1957,1957000,1958000,1.0,total_sent
fd00::205:5:5:5,1967,1967000,1968000,1.0,total_sent
fd00::205:5:5:5,1977,1977000,1978000,1.0,total_sent
fd00::205:5:5:5,1987,1987000,1988000,1.0,total_sent
fd00::205:5:5:5,1998,1998000,1999000,1.0,total_sent
fd00::205:5:5:5,2008,2008000,2009000,1.0,total_sent
fd00::205:5:5:5,2018,2018000,2019000,1.0,total_sent
fd00::205:5:5:5,2029,2029000,2030000,1.0,total_sent
fd00::205:5:5:5,2039,2039000,2040000,1.0,total_sent
fd00::205:5:5:5,2049,2049000,2050000,1.0,total_sent
fd00::205:5:5:5,2060,2060000,2061000,1.0,total_sent
fd00::205:5:5:5,2070,2070000,2071000,1.0,total_sent
fd00::205:5:5:5,2080,2080000,2081000,1.0,total_sent
fd00::205:5:5:5,2090,2090000,2091000,1.0,total_sent
fd00::205:5:5:5,2101,2101000,2102000,1.0,total_sent
fd00::205:5:5:5,2111,2111000,2112000,1.0,total_sent
fd00::205:5:5:5,2121,2121000,2122000,1.0,total_sent
fd00::205:5:5:5,2132,2132000,2133000,1.0,total_sent
fd00::205:5:5:5,2142,2142000,2143000,1.0,total_sent
fd00::205:5:5:5,2152,2152000,2153000,1.0,total_sent
fd00::205:5:5:5,2162,2162000,2163000,1.0,total_sent
fd00::205:5:5:5,2173,2173000,2174000,1.0,total_sent
fd00::205:5:5:5,2183,2183000,2184000,1.0,total_sent
fd00::205:5:5:5,2193,2193000,2194000,1.0,total_sent
fd00::205:5:5:5,2204,2204000,2205000,1.0,total_sent
fd00::205:5:5:5,2214,2214000,2215000,1.0,total_sent
fd00::205:5:5:5,2224,2224000,2225000,1.0,total_sent
fd00::205:5:5:5,2235,2235000,2236000,1.0,total_sent
fd00::205:5:5:5,2245,2245000,2246000,1.0,total_sent
fd00::205:5:5:5,2255,2255000,2256000,1.0,total_sent
fd00::205:5:5:5,2266,2266000,2267000,1.0,total_sent
fd00::205:5:5:5,2276,2276000,2277000,1.0,total_sent
fd00::205:5:5:5,2286,2286000,2287000,1.0,total_sent
fd00::205:5:5:5,2296,2296000,2297000,1.0,total_sent
fd00::205:5:5:5,2307,2307000,2308000,1.0,total_sent
fd00::205:5:5:5,2317,2317000,2318000,1.0,total_sent
fd00::205:5:5:5,2327,2327000,2328000,1.0,total_sent
fd00::205:5:5:5,2338,2338000,2339000,1.0,total_sent
fd00::205:5:5:5,2348,2348000,2349000,1.0,total_sent
fd00::205:5:5:5,2358,2358000,2359000,1.0,total_sent
fd00::205:5:5:5,2368,2368000,2369000,1.0,total_sent
fd00::205:5:5:5,2379,2379000,2380000,1.0,total_sent
fd00::205:5:5:5,2389,2389000,2390000,1.0,total_sent
fd00::205:5:5:5,2399,2399000,2400000,1.0,total_sent
fd00::205:5:5:5,2410,2410000,2411000,1.0,total_sent
fd00::205:5:5:5,2420,2420000,2421000,1.0,total_sent
fd00::205:5:5:5,2430,2430000,2431000,1.0,total_sent
fd00::205:5:5:5,2441,2441000,2442000,1.0,total_sent
fd00::205:5:5:5,2451,2451000,2452000,1.0,total_sent
fd00::205:5:5:5,2461,2461000,2462000,1.0,total_sent
fd00::205:5:5:5,2471,2471000,2472000,1.0,total_sent
fd00::205:5:5:5,2482,2482000,2483000,1.0,total_sent
fd00::205:5:5:5,2492,2492000,2493000,1.0,total_sent
fd00::205:5:5:5,2502,2502000,2503000,1.0,total_sent
fd00::205:5:5:5,2513,2513000,2514000,1.0,total_sent
fd00::205:5:5:5,2523,2523000,2524000,1.0,total_sent
fd00::205:5:5:5,2533,2533000,2534000,1.0,total_sent
fd00::205:5:5:5,2544,2544000,2545000,1.0,total_sent
fd00::205:5:5:5,2554,2554000,2555000,1.0,total_sent
fd00::205:5:5:5,2564,2564000,2565000,1.0,total_sent
fd00::205:5:5:5,2574,2574000,2575000,1.0,total_sent
fd00::205:5:5:5,2585,2585000,2586000,1.0,total_sent
fd00::205:5:5:5,2595,2595000,2596000,1.0,total_sent
fd00::205:5:5:5,2605,2605000,2606000,1.0,total_sent
fd00::205:5:5:5,2616,2616000,2617000,1.0,total_sent
fd00::205:5:5:5,2626,2626000,2627000,1.0,total_sent
fd00::205:5:5:5,2636,2636000,2637000,1.0,total_sent
fd00::205:5:5:5,2647,2647000,2648000,1.0,total_sent
fd00::205:5:5:5,2657,2657000,2658000,1.0,total_sent
fd00::205:5:5:5,2667,2667000,2668000,1.0,total_sent
fd00::205:5:5:5,2677,2677000,2678000,1.0,total_sent
fd00::205:5:5:5,2688,2688000,2689000,1.0,total_sent
fd00::205:5:5:5,2698,2698000,2699000,1.0,total_sent
fd00::205:5:5:5,2708,2708000,2709000,1.0,total_sent
fd00::205:5:5:5,2719,2719000,2720000,1.0,total_sent
fd00::205:5:5:5,2729,2729000,2730000,1.0,total_sent
fd00::205:5:5:5,2739,2739000,2740000,1.0,total_sent
fd00::205:5:5:5,2750,2750000,2751000,1.0,total_sent
fd00::205:5:5:5,2760,2760000,2761000,1.0,total_sent
fd00::205:5:5:5,2770,2770000,2771000,1.0,total_sent
fd00::205:5:5:5,2780,2780000,2781000,1.0,total_sent
fd00::205:5:5:5,2791,2791000,2792000,1.0,total_sent
fd00::205:5:5:5,2801,2801000,2802000,1.0,total_sent
fd00::205:5:5:5,2811,2811000,2812000,1.0,total_sent
fd00::205:5:5:5,2822,2822000,2823000,1.0,total_sent
fd00::205:5:5:5,2832,2832000,2833000,1.0,total_sent
fd00::205:5:5:5,2842,2842000,2843000,1.0,total_sent
fd00::205:5:5:5,2852,2852000,2853000,1.0,total_sent
fd00::205:5:5:5,2863,2863000,2864000,1.0,total_sent
fd00::205:5:5:5,2873,2873000,2874000,1.0,total_sent
fd00::205:5:5:5,2883,2883000,2884000,1.0,total_sent
fd00::205:5:5:5,2894,2894000,2895000,1.0,total_sent
fd00::205:5:5:5,2904,2904000,2905000,1.0,total_sent
fd00::205:5:5:5,2914,2914000,2915000,1.0,total_sent
fd00::205:5:5:5,2925,2925000,2926000,1.0,total_sent
fd00::205:5:5:5,2935,2935000,2936000,1.0,total_sent
fd00::205:5:5:5,2945,2945000,2946000,1.0,total_sent
fd00::205:5:5:5,2955,2955000,2956000,1.0,total_sent
fd00::205:5:5:5,2966,2966000,2967000,1.0,total_sent
fd00::205:5:5:5,2976,2976000,2977000,1.0,total_sent
fd00::205:5:5:5,2986,2986000,2987000,1.0,total_sent
fd00::205:5:5:5,2997,2997000,2998000,1.0,total_sent
fd00::205:5:5:5,3007,3007000,3008000,1.0,total_sent
fd00::205:5:5:5,3017,3017000,3018000,1.0,total_sent
fd00::205:5:5:5,3028,3028000,3029000,1.0,total_sent
fd00::205:5:5:5,3038,3038000,3039000,1.0,total_sent
fd00::205:5:5:5,3048,3048000,3049000,1.0,total_sent
fd00::205:5:5:5,3058,3058000,3059000,1.0,total_sent
fd00::205:5:5:5,3069,3069000,3070000,1.0,total_sent
fd00::205:5:5:5,3079,3079000,3080000,1.0,total_sent
fd00::205:5:5:5,3089,3089000,3090000,1.0,total_sent
fd00::205:5:5:5,3100,3100000,3101000,1.0,total_sent
fd00::205:5:5:5,3110,3110000,3111000,1.0,total_sent
fd00::205:5:5:5,3120,3120000,3121000,1.0,total_sent
fd00::205:5:5:5,3131,3131000,3132000,1.0,total_sent
fd00::205:5:5:5,3141,3141000,3142000,1.0,total_sent
fd00::205:5:5:5,3151,3151000,3152000,1.0,total_sent
fd00::205:5:5:5,3161,3161000,3162000,1.0,total_sent
fd00::205:5:5:5,3172,3172000,3173000,1.0,total_sent
fd00::205:5:5:5,3182,3182000,3183000,1.0,total_sent
fd00::205:5:5:5,3192,3192000,3193000,1.0,total_sent
fd00::205:5:5:5,3203,3203000,3204000,1.0,total_sent
fd00::205:5:5:5,3213,3213000,3214000,1.0,total_sent
fd00::205:5:5:5,3223,3223000,3224000,1.0,total_sent
fd00::205:5:5:5,3233,3233000,3234000,1.0,total_sent
fd00::205:5:5:5,3244,3244000,3245000,1.0,total_sent
fd00::205:5:5:5,3254,3254000,3255000,1.0,total_sent
fd00::205:5:5:5,3264,3264000,3265000,1.0,total_sent
fd00::205:5:5:5,3275,3275000,3276000,1.0,total_sent
fd00::205:5:5:5,3285,3285000,3286000,1.0,total_sent
fd00::205:5:5:5,3295,3295000,3296000,1.0,total_sent
fd00::205:5:5:5,3306,3306000,3307000,1.0,total_sent
fd00::205:5:5:5,3316,3316000,3317000,1.0,total_sent
fd00::205:5:5:5,3326,3326000,3327000,1.0,total_sent
fd00::205:5:5:5,3337,3337000,3338000,1.0,total_sent
fd00::205:5:5:5,3347,3347000,3348000,1.0,total_sent
fd00::205:5:5:5,3357,3357000,3358000,1.0,total_sent
fd00::205:5:5:5,3367,3367000,3368000,1.0,total_sent
fd00::205:5:5:5,3378,3378000,3379000,1.0,total_sent
fd00::205:5:5:5,3388,3388000,3389000,1.0,total_sent
fd00::205:5:5:5,3398,3398000,3399000,1.0,total_sent
fd00::205:5:5:5,3409,3409000,3410000,1.0,total_sent
fd00::205:5:5:5,3419,3419000,3420000,1.0,total_sent
fd00::205:5:5:5,3429,3429000,3430000,1.0,total_sent
fd00::205:5:5:5,3439,3439000,3440000,1.0,total_sent
fd00::205:5:5:5,3450,3450000,3451000,1.0,total_sent
fd00::205:5:5:5,3460,3460000,3461000,1.0,total_sent
fd00::205:5:5:5,3470,3470000,3471000,1.0,total_sent
fd00::205:5:5:5,3481,3481000,3482000,1.0,total_sent
fd00::205:5:5:5,3491,3491000,3492000,1.0,total_sent
fd00::205:5:5:5,3501,3501000,3502000,1.0,total_sent
fd00::205:5:5:5,3512,3512000,3513000,1.0,total_sent
fd00::205:5:5:5,3522,3522000,3523000,1.0,total_sent
fd00::205:5:5:5,3532,3532000,3533000,1.0,total_sent
fd00::205:5:5:5,3542,3542000,3543000,1.0,total_sent
fd00::205:5:5:5,3553,3553000,3554000,1.0,total_sent
fd00::205:5:5:5,3563,3563000,3564000,1.0,total_sent
fd00::205:5:5:5,3573,3573000,3574000,1.0,total_sent
fd00::205:5:5:5,3584,3584000,3585000,1.0,total_sent
fd00::205:5:5:5,3594,3594000,3595000,1.0,total_sent
fd00::206:6:6:6,31,31000,32000,0.0,total_sent
fd00::206:6:6:6,41,41000,42000,1.0,total_sent
fd00::206:6:6:6,51,51000,52000,1.0,total_sent
fd00::206:6:6:6,62,62000,63000,1.0,total_sent
fd00::206:6:6:6,72,72000,73000,1.0,total_sent
fd00::206:6:6:6,82,82000,83000,1.0,total_sent
fd00::206:6:6:6,93,93000,94000,1.0,total_sent
fd00::206:6:6:6,103,103000,104000,1.0,total_sent
fd00::206:6:6:6,114,114000,115000,1.0,total_sent
fd00::206:6:6:6,124,124000,125000,1.0,total_sent
fd00::206:6:6:6,134,134000,135000,1.0,total_sent
fd00::206:6:6:6,145,145000,146000,1.0,total_sent
fd00::206:6:6:6,155,155000,156000,1.0,total_sent
fd00::206:6:6:6,165,165000,166000,1.0,total_sent
fd00::206:6:6:6,176,176000,177000,1.0,total_sent
fd00::206:6:6:6,186,186000,187000,1.0,total_sent
fd00::206:6:6:6,197,197000,198000,1.0,total_sent
fd00::206:6:6:6,207,207000,208000,1.0,total_sent
fd00::206:6:6:6,217,217000,218000,1.0,total_sent
fd00::206:6:6:6,228,228000,229000,1.0,total_sent
fd00::206:6:6:6,238,238000,239000,1.0,total_sent
fd00::206:6:6:6,248,248000,249000,1.0,total_sent
fd00::206:6:6:6,259,259000,260000,1.0,total_sent
fd00::206:6:6:6,269,269000,270000,1.0,total_sent
fd00::206:6:6:6,280,280000,281000,1.0,total_sent
fd00::206:6:6:6,290,290000,291000,1.0,total_sent
fd00::206:6:6:6,300,300000,301000,1.0,total_sent
fd00::206:6:6:6,311,311000,312000,1.0,total_sent
fd00::206:6:6:6,321,321000,322000,1.0,total_sent
fd00::206:6:6:6,332,332000,333000,1.0,total_sent
fd00::206:6:6:6,342,342000,343000,1.0,total_sent
fd00::206:6:6:6,352,352000,353000,1.0,total_sent
fd00::206:6:6:6,363,363000,364000,1.0,total_sent
fd00::206:6:6:6,373,373000,374000,1.0,total_sent
fd00::206:6:6:6,383,383000,384000,1.0,total_sent
fd00::206:6:6:6,394,394000,395000,1.0,total_sent
fd00::206:6:6:6,404,404000,405000,1.0,total_sent
fd00::206:6:6:6,415,415000,416000,1.0,total_sent
fd00::206:6:6:6,425,425000,426000,1.0,total_sent
fd00::206:6:6:6,435,435000,436000,1.0,total_sent
fd00::206:6:6:6,446,446000,447000,1.0,total_sent
fd00::206:6:6:6,456,456000,457000,1.0,total_sent
fd00::206:6:6:6,466,466000,467000,1.0,total_sent
fd00::206:6:6:6,477,477000,478000,1.0,total_sent
fd00::206:6:6:6,487,487000,488000,1.0,total_sent
fd00::206:6:6:6,498,498000,499000,1.0,total_sent
fd00::206:6:6:6,508,508000,509000,1.0,total_sent
fd00::206:6:6:6,518,518000,519000,1.0,total_sent
fd00::206:6:6:6,529,529000,530000,1.0,total_sent
fd00::206:6:6:6,539,539000,540000,1.0,total_sent
fd00::206:6:6:6,549,549000,550000,1.0,total_sent
fd00::206:6:6:6,560,560000,561000,1.0,total_sent
fd00::206:6:6:6,570,570000,571000,1.0,total_sent
fd00::206:6:6:6,581,581000,582000,1.0,total_sent
fd00::206:6:6:6,591,591000,592000,1.0,total_sent
fd00::206:6:6:6,601,601000,602000,1.0,total_sent
fd00::206:6:6:6,612,612000,613000,1.0,total_sent
fd00::206:6:6:6,622,622000,623000,1.0,total_sent
fd00::206:6:6:6,632,632000,633000,1.0,total_sent
fd00::206:6:6:6,643,643000,644000,1.0,total_sent
fd00::206:6:6:6,653,653000,654000,1.0,total_sent
fd00::206:6:6:6,664,664000,665000,1.0,total_sent
fd00::206:6:6:6,674,674000,675000,1.0,total_sent
fd00::206:6:6:6,684,684000,685000,1.0,total_sent
fd00::206:6:6:6,695,695000,696000,1.0,total_sent
fd00::206:6:6:6,705,705000,706000,1.0,total_sent
fd00::206:6:6:6,715,715000,716000,1.0,total_sent
fd00::206:6:6:6,726,726000,727000,1.0,total_sent
fd00::206:6:6:6,736,736000,737000,1.0,total_sent
fd00::206:6:6:6,747,747000,748000,1.0,total_sent
fd00::206:6:6:6,757,757000,758000,1.0,total_sent
fd00::206:6:6:6,767,767000,768000,1.0,total_sent
fd00::206:6:6:6,778,778000,779000,1.0,total_sent
fd00::206:6:6:6,788,788000,789000,1.0,total_sent
fd00::206:6:6:6,798,798000,799000,1.0,total_sent
fd00::206:6:6:6,809,809000,810000,1.0,total_sent
fd00::206:6:6:6,819,819000,820000,1.0,total_sent
fd00::206:6:6:6,830,830000,831000,1.0,total_sent
fd00::206:6:6:6,840,840000,841000,1.0,total_sent
fd00::206:6:6:6,850,850000,851000,1.0,total_sent
fd00::206:6:6:6,861,861000,862000,1.0,total_sent
fd00::206:6:6:6,871,871000,872000,1.0,total_sent
fd00::206:6:6:6,881,881000,882000,1.0,total_sent
fd00::206:6:6:6,892,892000,893000,1.0,total_sent
fd00::206:6:6:6,902,902000,903000,1.0,total_sent
fd00::206:6:6:6,913,913000,914000,1.0,total_sent
fd00::206:6:6:6,923,923000,924000,1.0,total_sent
fd00::206:6:6:6,933,933000,934000,1.0,total_sent
fd00::206:6:6:6,944,944000,945000,1.0,total_sent
fd00::206:6:6:6,954,954000,955000,1.0,total_sent
fd00::206:6:6:6,964,964000,965000,1.0,total_sent
fd00::206:6:6:6,975,975000,976000,1.0,total_sent
fd00::206:6:6:6,985,985000,986000,1.0,total_sent
fd00::206:6:6:6,996,996000,997000,1.0,total_sent
fd00::206:6:6:6,1006,1006000,1007000,1.0,total_sent
fd00::206:6:6:6,1016,1016000,1017000,1.0,total_sent
fd00::206:6:6:6,1027,1027000,1028000,1.0,total_sent
fd00::206:6:6:6,1037,1037000,1038000,1.0,total_sent
fd00::206:6:6:6,1048,1048000,1049000,1.0,total_sent
fd00::206:6:6:6,1058,1058000,1059000,1.0,total_sent
fd00::206:6:6:6,1068,1068000,1069000,1.0,total_sent
fd00::206:6:6:6,1079,1079000,1080000,1.0,total_sent
fd00::206:6:6:6,1089,1089000,1090000,1.0,total_sent
fd00::206:6:6:6,1099,1099000,1100000,1.0,total_sent
fd00::206:6:6:6,1110,1110000,1111000,1.0,total_sent
fd00::206:6:6:6,1120,1120000,1121000,1.0,total_sent
fd00::206:6:6:6,1130,1130000,1131000,1.0,total_sent
fd00::206:6:6:6,1141,1141000,1142000,1.0,total_sent
fd00::206:6:6:6,1151,1151000,1152000,1.0,total_sent
fd00::206:6:6:6,1162,1162000,1163000,1.0,total_sent
fd00::206:6:6:6,1172,1172000,1173000,1.0,total_sent
fd00::206:6:6:6,1182,1182000,1183000,1.0,total_sent
fd00::206:6:6:6,1193,1193000,1194000,1.0,total_sent
fd00::206:6:6:6,1203,1203000,1204000,1.0,total_sent
fd00::206:6:6:6,1214,1214000,1215000,1.0,total_sent
fd00::206:6:6:6,1224,1224000,1225000,1.0,total_sent
fd00::206:6:6:6,1234,1234000,1235000,1.0,total_sent
fd00::206:6:6:6,1245,1245000,1246000,1.0,total_sent
fd00::206:6:6:6,1255,1255000,1256000,1.0,total_sent
fd00::206:6:6:6,1265,1265000,1266000,1.0,total_sent
fd00::206:6:6:6,1276,1276000,1277000,1.0,total_sent
fd00::206:6:6:6,1286,1286000,1287000,1.0,total_sent
fd00::206:6:6:6,1297,1297000,1298000,1.0,total_sent
fd00::206:6:6:6,1307,1307000,1308000,1.0,total_sent
fd00::206:6:6:6,1317,1317000,1318000,1.0,total_sent
fd00::206:6:6:6,1328,1328000,1329000,1.0,total_sent
fd00::206:6:6:6,1338,1338000,1339000,1.0,total_sent
fd00::206:6:6:6,1348,1348000,1349000,1.0,total_sent
fd00::206:6:6:6,1359,1359000,1360000,1.0,total_sent
fd00::206:6:6:6,1369,1369000,1370000,1.0,total_sent
fd00::206:6:6:6,1380,1380000,1381000,1.0,total_sent
fd00::206:6:6:6,1390,1390000,1391000,1.0,total_sent
fd00::206:6:6:6,1400,1400000,1401000,1.0,total_sent
fd00::206:6:6:6,1411,1411000,1412000,1.0,total_sent
fd00::206:6:6:6,1421,1421000,1422000,1.0,total_sent
fd00::206:6:6:6,1431,1431000,1432000,1.0,total_sent
fd00::206:6:6:6,1442,1442000,1443000,1.0,total_sent
fd00::206:6:6:6,1452,1452000,1453000,1.0,total_sent
fd00::206:6:6:6,1463,1463000,1464000,1.0,total_sent
fd00::206:6:6:6,1473,1473000,1474000,1.0,total_sent
fd00::206:6:6:6,1483,1483000,1484000,1.0,total_sent
fd00::206:6:6:6,1494,1494000,1495000,1.0,total_sent
fd00::206:6:6:6,1504,1504000,1505000,1.0,total_sent
fd00::206:6:6:6,1514,1514000,1515000,1.0,total_sent
fd00::206:6:6:6,1525,1525000,1526000,1.0,total_sent
fd00::206:6:6:6,1535,1535000,1536000,1.0,total_sent
fd00::206:6:6:6,1546,1546000,1547000,1.0,total_sent
fd00::206:6:6:6,1556,1556000,1557000,1.0,total_sent
fd00::206:6:6:6,1566,1566000,1567000,1.0,total_sent
fd00::206:6:6:6,1577,1577000,1578000,1.0,total_sent
fd00::206:6:6:6,1587,1587000,1588000,1.0,total_sent
fd00::206:6:6:6,1597,1597000,1598000,1.0,total_sent
fd00::206:6:6:6,1608,1608000,1609000,1.0,total_sent
fd00::206:6:6:6,1618,1618000,1619000,1.0,total_sent
fd00::206:6:6:6,1629,1629000,1630000,1.0,total_sent
fd00::206:6:6:6,1639,1639000,1640000,1.0,total_sent
fd00::206:6:6:6,1649,1649000,1650000,1.0,total_sent
fd00::206:6:6:6,1660,1660000,1661000,1.0,total_sent
fd00::206:6:6:6,1670,1670000,1671000,1.0,total_sent
fd00::206:6:6:6,1680,1680000,1681000,1.0,total_sent
fd00::206:6:6:6,1691,1691000,1692000,1.0,total_sent
fd00::206:6:6:6,1701,1701000,1702000,1.0,total_sent
fd00::206:6:6:6,1712,1712000,1713000,1.0,total_sent
fd00::206:6:6:6,1722,1722000,1723000,1.0,total_sent
fd00::206:6:6:6,1732,1732000,1733000,1.0,total_sent
fd00::206:6:6:6,1743,1743000,1744000,1.0,total_sent
fd00::206:6:6:6,1753,1753000,1754000,1.0,total_sent
fd00::206:6:6:6,1764,1764000,1765000,1.0,total_sent
fd00::206:6:6:6,1774,1774000,1775000,1.0,total_sent
fd00::206:6:6:6,1784,1784000,1785000,1.0,total_sent
fd00::206:6:6:6,1795,1795000,1796000,1.0,total_sent
fd00::206:6:6:6,1805,1805000,1806000,1.0,total_sent
fd00::206:6:6:6,1815,1815000,1816000,1.0,total_sent
fd00::206:6:6:6,1826,1826000,1827000,1.0,total_sent
fd00::206:6:6:6,1836,1836000,1837000,1.0,total_sent
fd00::206:6:6:6,1847,1847000,1848000,1.0,total_sent
fd00::206:6:6:6,1857,1857000,1858000,1.0,total_sent
fd00::206:6:6:6,1867,1867000,1868000,1.0,total_sent
fd00::206:6:6:6,1878,1878000,1879000,1.0,total_sent
fd00::206:6:6:6,1888,1888000,1889000,1.0,total_sent
fd00::206:6:6:6,1898,1898000,1899000,1.0,total_sent
fd00::206:6:6:6,1909,1909000,1910000,1.0,total_sent
fd00::206:6:6:6,1919,1919000,1920000,1.0,total_sent
fd00::206:6:6:6,1930,1930000,1931000,1.0,total_sent
fd00::206:6:6:6,1940,1940000,1941000,1.0,total_sent
fd00::206:6:6:6,1950,1950000,1951000,1.0,total_sent
fd00::206:6:6:6,1961,1961000,1962000,1.0,total_sent
fd00::206:6:6:6,1971,1971000,1972000,1.0,total_sent
fd00::206:6:6:6,1981,1981000,1982000,1.0,total_sent
fd00::206:6:6:6,1992,1992000,1993000,1.0,total_sent
fd00::206:6:6:6,2002,2002000,2003000,1.0,total_sent
fd00::206:6:6:6,2013,2013000,2014000,1.0,total_sent
fd00::206:6:6:6,2023,2023000,2024000,1.0,total_sent
fd00::206:6:6:6,2033,2033000,2034000,1.0,total_sent
fd00::206:6:6:6,2044,2044000,2045000,1.0,total_sent
fd00::206:6:6:6,2054,2054000,2055000,1.0,total_sent
fd00::206:6:6:6,2064,2064000,2065000,1.0,total_sent
fd00::206:6:6:6,2075,2075000,2076000,1.0,total_sent
fd00::206:6:6:6,2085,2085000,2086000,1.0,total_sent
fd00::206:6:6:6,2096,2096000,2097000,1.0,total_sent
fd00::206:6:6:6,2106,2106000,2107000,1.0,total_sent
fd00::206:6:6:6,2116,2116000,2117000,1.0,total_sent
fd00::206:6:6:6,2127,2127000,2128000,1.0,total_sent
fd00::206:6:6:6,2137,2137000,2138000,1.0,total_sent
fd00::206:6:6:6,2147,2147000,2148000,1.0,total_sent
fd00::206:6:6:6,2158,2158000,2159000,1.0,total_sent
fd00::206:6:6:6,2168,2168000,2169000,1.0,total_sent
fd00::206:6:6:6,2179,2179000,2180000,1.0,total_sent
fd00::206:6:6:6,2189,2189000,2190000,1.0,total_sent
fd00::206:6:6:6,2199,2199000,2200000,1.0,total_sent
fd00::206:6:6:6,2210,2210000,2211000,1.0,total_sent
fd00::206:6:6:6,2220,2220000,2221000,1.0,total_sent
fd00::206:6:6:6,2230,2230000,2231000,1.0,total_sent
fd00::206:6:6:6,2241,2241000,2242000,1.0,total_sent
fd00::206:6:6:6,2251,2251000,2252000,1.0,total_sent
fd00::206:6:6:6,2262,2262000,2263000,1.0,total_sent
fd00::206:6:6:6,2272,2272000,2273000,1.0,total_sent
fd00::206:6:6:6,2282,2282000,2283000,1.0,total_sent
fd00::206:6:6:6,2293,2293000,2294000,1.0,total_sent
fd00::206:6:6:6,2303,2303000,2304000,1.0,total_sent
fd00::206:6:6:6,2313,2313000,2314000,1.0,total_sent
fd00::206:6:6:6,2324,2324000,2325000,1.0,total_sent
fd00::206:6:6:6,2334,2334000,2335000,1.0,total_sent
fd00::206:6:6:6,2345,2345000,2346000,1.0,total_sent
fd00::206:6:6:6,2355,2355000,2356000,1.0,total_sent
fd00::206:6:6:6,2365,2365000,2366000,1.0,total_sent
fd00::206:6:6:6,2376,2376000,2377000,1.0,total_sent
fd00::206:6:6:6,2386,2386000,2387000,1.0,total_sent
fd00::206:6:6:6,2397,2397000,2398000,1.0,total_sent
fd00::206:6:6:6,2407,2407000,2408000,1.0,total_sent
fd00::206:6:6:6,2417,2417000,2418000,1.0,total_sent
fd00::206:6:6:6,2428,2428000,2429000,1.0,total_sent
fd00::206:6:6:6,2438,2438000,2439000,1.0,total_sent
fd00::206:6:6:6,2448,2448000,2449000,1.0,total_sent
fd00::206:6:6:6,2459,2459000,2460000,1.0,total_sent
fd00::206:6:6:6,2469,2469000,2470000,1.0,total_sent
fd00::206:6:6:6,2480,2480000,2481000,1.0,total_sent
fd00::206:6:6:6,2490,2490000,2491000,1.0,total_sent
fd00::206:6:6:6,2500,2500000,2501000,1.0,total_sent
fd00::206:6:6:6,2511,2511000,2512000,1.0,total_sent
fd00::206:6:6:6,2521,2521000,2522000,1.0,total_sent
fd00::206:6:6:6,2531,2531000,2532000,1.0,total_sent
fd00::206:6:6:6,2542,2542000,2543000,1.0,total_sent
fd00::206:6:6:6,2552,2552000,2553000,1.0,total_sent
fd00::206:6:6:6,2563,2563000,2564000,1.0,total_sent
fd00::206:6:6:6,2573,2573000,2574000,1.0,total_sent
fd00::206:6:6:6,2583,2583000,2584000,1.0,total_sent
fd00::206:6:6:6,2594,2594000,2595000,1.0,total_sent
fd00::206:6:6:6,2604,2604000,2605000,1.0,total_sent
fd00::206:6:6:6,2614,2614000,2615000,1.0,total_sent
fd00::206:6:6:6,2625,2625000,2626000,1.0,total_sent
fd00::206:6:6:6,2635,2635000,2636000,1.0,total_sent
fd00::206:6:6:6,2646,2646000,2647000,1.0,total_sent
fd00::206:6:6:6,2656,2656000,2657000,1.0,total_sent
fd00::206:6:6:6,2666,2666000,2667000,1.0,total_sent
fd00::206:6:6:6,2677,2677000,2678000,1.0,total_sent
fd00::206:6:6:6,2687,2687000,2688000,1.0,total_sent
fd00::206:6:6:6,2697,2697000,2698000,1.0,total_sent
fd00::206:6:6:6,2708,2708000,2709000,1.0,total_sent
fd00::206:6:6:6,2718,2718000,2719000,1.0,total_sent
fd00::206:6:6:6,2729,2729000,2730000,1.0,total_sent
fd00::206:6:6:6,2739,2739000,2740000,1.0,total_sent
fd00::206:6:6:6,2749,2749000,2750000,1.0,total_sent
fd00::206:6:6:6,2760,2760000,2761000,1.0,total_sent
fd00::206:6:6:6,2770,2770000,2771000,1.0,total_sent
fd00::206:6:6:6,2780,2780000,2781000,1.0,total_sent
fd00::206:6:6:6,2791,2791000,2792000,1.0,total_sent
fd00::206:6:6:6,2801,2801000,2802000,1.0,total_sent
fd00::206:6:6:6,2812,2812000,2813000,1.0,total_sent
fd00::206:6:6:6,2822,2822000,2823000,1.0,total_sent
fd00::206:6:6:6,2832,2832000,2833000,1.0,total_sent
fd00::206:6:6:6,2843,2843000,2844000,1.0,total_sent
fd00::206:6:6:6,2853,2853000,2854000,1.0,total_sent
fd00::206:6:6:6,2863,2863000,2864000,1.0,total_sent
fd00::206:6:6:6,2874,2874000,2875000,1.0,total_sent
fd00::206:6:6:6,2884,2884000,2885000,1.0,total_sent
fd00::206:6:6:6,2895,2895000,2896000,1.0,total_sent
fd00::206:6:6:6,2905,2905000,2906000,1.0,total_sent
fd00::206:6:6:6,2915,2915000,2916000,1.0,total_sent
fd00::206:6:6:6,2926,2926000,2927000,1.0,total_sent
fd00::206:6:6:6,2936,2936000,2937000,1.0,total_sent
fd00::206:6:6:6,2946,2946000,2947000,1.0,total_sent
fd00::206:6:6:6,2957,2957000,2958000,1.0,total_sent
fd00::206:6:6:6,2967,2967000,2968000,1.0,total_sent
fd00::206:6:6:6,2978,2978000,2979000,1.0,total_sent
fd00::206:6:6:6,2988,2988000,2989000,1.0,total_sent
fd00::206:6:6:6,2998,2998000,2999000,1.0,total_sent
fd00::206:6:6:6,3009,3009000,3010000,1.0,total_sent
fd00::206:6:6:6,3019,3019000,3020000,1.0,total_sent
fd00::206:6:6:6,3029,3029000,3030000,1.0,total_sent
fd00::206:6:6:6,3040,3040000,3041000,1.0,total_sent
fd00::206:6:6:6,3050,3050000,3051000,1.0,total_sent
fd00::206:6:6:6,3061,3061000,3062000,1.0,total_sent
fd00::206:6:6:6,3071,3071000,3072000,1.0,total_sent
fd00::206:6:6:6,3081,3081000,3082000,1.0,total_sent
fd00::206:6:6:6,3092,3092000,3093000,1.0,total_sent
fd00::206:6:6:6,3102,3102000,3103000,1.0,total_sent
fd00::206:6:6:6,3113,3113000,3114000,1.0,total_sent
fd00::206:6:6:6,3123,3123000,3124000,1.0,total_sent
fd00::206:6:6:6,3133,3133000,3134000,1.0,total_sent
fd00::206:6:6:6,3144,3144000,3145000,1.0,total_sent
fd00::206:6:6:6,3154,3154000,3155000,1.0,total_sent
fd00::206:6:6:6,3164,3164000,3165000,1.0,total_sent
fd00::206:6:6:6,3175,3175000,3176000,1.0,total_sent
fd00::206:6:6:6,3185,3185000,3186000,1.0,total_sent
fd00::206:6:6:6,3196,3196000,3197000,1.0,total_sent
fd00::206:6:6:6,3206,3206000,3207000,1.0,total_sent
fd00::206:6:6:6,3216,3216000,3217000,1.0,total_sent
fd00::206:6:6:6,3227,3227000,3228000,1.0,total_sent
fd00::206:6:6:6,3237,3237000,3238000,1.0,total_sent
fd00::206:6:6:6,3247,3247000,3248000,1.0,total_sent
fd00::206:6:6:6,3258,3258000,3259000,1.0,total_sent
fd00::206:6:6:6,3268,3268000,3269000,1.0,total_sent
fd00::206:6:6:6,3279,3279000,3280000,1.0,total_sent
fd00::206:6:6:6,3289,3289000,3290000,1.0,total_sent
fd00::206:6:6:6,3299,3299000,3300000,1.0,total_sent
fd00::206:6:6:6,3310,3310000,3311000,1.0,total_sent
fd00::206:6:6:6,3320,3320000,3321000,1.0,total_sent
fd00::206:6:6:6,3330,3330000,3331000,1.0,total_sent
fd00::206:6:6:6,3341,3341000,3342000,1.0,total_sent
fd00::206:6:6:6,3351,3351000,3352000,1.0,total_sent
fd00::206:6:6:6,3362,3362000,3363000,1.0,total_sent
fd00::206:6:6:6,3372,3372000,3373000,1.0,total_sent
fd00::206:6:6:6,3382,3382000,3383000,1.0,total_sent
fd00::206:6:6:6,3393,3393000,3394000,1.0,total_sent
fd00::206:6:6:6,3403,3403000,3404000,1.0,total_sent
fd00::206:6:6:6,3413,3413000,3414000,1.0,total_sent
fd00::206:6:6:6,3424,3424000,3425000,1.0,total_sent
fd00::206:6:6:6,3434,3434000,3435000,1.0,total_sent
fd00::206:6:6:6,3445,3445000,3446000,1.0,total_sent
fd00::206:6:6:6,3455,3455000,3456000,1.0,total_sent
fd00::206:6:6:6,3465,3465000,3466000,1.0,total_sent
fd00::206:6:6:6,3476,3476000,3477000,1.0,total_sent
fd00::206:6:6:6,3486,3486000,3487000,1.0,total_sent
fd00::206:6:6:6,3496,3496000,3497000,1.0,total_sent
fd00::206:6:6:6,3507,3507000,3508000,1.0,total_sent
fd00::206:6:6:6,3517,3517000,3518000,1.0,total_sent
fd00::206:6:6:6,3528,3528000,3529000,1.0,total_sent
fd00::206:6:6:6,3538,3538000,3539000,1.0,total_sent
fd00::206:6:6:6,3548,3548000,3549000,1.0,total_sent
fd00::206:6:6:6,3559,3559000,3560000,1.0,total_sent
fd00::206:6:6:6,3569,3569000,3570000,1.0,total_sent
fd00::206:6:6:6,3579,3579000,3580000,1.0,total_sent
fd00::206:6:6:6,3590,3590000,3591000,1.0,total_sent
fd00::207:7:7:7,21,21000,22000,0.0,total_sent
fd00::207:7:7:7,32,32000,33000,1.0,total_sent
fd00::207:7:7:7,42,42000,43000,1.0,total_sent
fd00::207:7:7:7,53,53000,54000,1.0,total_sent
fd00::207:7:7:7,64,64000,65000,1.0,total_sent
fd00::207:7:7:7,75,75000,76000,1.0,total_sent
fd00::207:7:7:7,85,85000,86000,1.0,total_sent
fd00::207:7:7:7,96,96000,97000,1.0,total_sent
fd00::207:7:7:7,107,107000,108000,1.0,total_sent
fd00::207:7:7:7,117,117000,118000,1.0,total_sent
fd00::207:7:7:7,128,128000,129000,1.0,total_sent
fd00::207:7:7:7,139,139000,140000,1.0,total_sent
fd00::207:7:7:7,150,150000,151000,1.0,total_sent
fd00::207:7:7:7,160,160000,161000,1.0,total_sent
fd00::207:7:7:7,171,171000,172000,1.0,total_sent
fd00::207:7:7:7,182,182000,183000,1.0,total_sent
fd00::207:7:7:7,193,193000,194000,1.0,total_sent
fd00::207:7:7:7,203,203000,204000,1.0,total_sent
fd00::207:7:7:7,214,214000,215000,1.0,total_sent
fd00::207:7:7:7,225,225000,226000,1.0,total_sent
fd00::207:7:7:7,235,235000,236000,1.0,total_sent
fd00::207:7:7:7,246,246000,247000,1.0,total_sent
fd00::207:7:7:7,257,257000,258000,1.0,total_sent
fd00::207:7:7:7,268,268000,269000,1.0,total_sent
fd00::207:7:7:7,278,278000,279000,1.0,total_sent
fd00::207:7:7:7,289,289000,290000,1.0,total_sent
fd00::207:7:7:7,300,300000,301000,1.0,total_sent
fd00::207:7:7:7,310,310000,311000,1.0,total_sent
fd00::207:7:7:7,321,321000,322000,1.0,total_sent
fd00::207:7:7:7,332,332000,333000,1.0,total_sent
fd00::207:7:7:7,343,343000,344000,1.0,total_sent
fd00::207:7:7:7,353,353000,354000,1.0,total_sent
fd00::207:7:7:7,364,364000,365000,1.0,total_sent
fd00::207:7:7:7,375,375000,376000,1.0,total_sent
fd00::207:7:7:7,385,385000,386000,1.0,total_sent
fd00::207:7:7:7,396,396000,397000,1.0,total_sent
fd00::207:7:7:7,407,407000,408000,1.0,total_sent
fd00::207:7:7:7,418,418000,419000,1.0,total_sent
fd00::207:7:7:7,428,428000,429000,1.0,total_sent
fd00::207:7:7:7,439,439000,440000,1.0,total_sent
fd00::207:7:7:7,450,450000,451000,1.0,total_sent
fd00::207:7:7:7,461,461000,462000,1.0,total_sent
fd00::207:7:7:7,471,471000,472000,1.0,total_sent
fd00::207:7:7:7,482,482000,483000,1.0,total_sent
fd00::207:7:7:7,493,493000,494000,1.0,total_sent
fd00::207:7:7:7,503,503000,504000,1.0,total_sent
fd00::207:7:7:7,514,514000,515000,1.0,total_sent
fd00::207:7:7:7,525,525000,526000,1.0,total_sent
fd00::207:7:7:7,536,536000,537000,1.0,total_sent
fd00::207:7:7:7,546,546000,547000,1.0,total_sent
fd00::207:7:7:7,557,557000,558000,1.0,total_sent
fd00::207:7:7:7,568,568000,569000,1.0,total_sent
fd00::207:7:7:7,578,578000,579000,1.0,total_sent
fd00::207:7:7:7,589,589000,590000,1.0,total_sent
fd00::207:7:7:7,600,600000,601000,1.0,total_sent
fd00::207:7:7:7,611,611000,612000,1.0,total_sent
fd00::207:7:7:7,621,621000,622000,1.0,total_sent
fd00::207:7:7:7,632,632000,633000,1.0,total_sent
fd00::207:7:7:7,643,643000,644000,1.0,total_sent
fd00::207:7:7:7,653,653000,654000,1.0,total_sent
fd00::207:7:7:7,664,664000,665000,1.0,total_sent
fd00::207:7:7:7,675,675000,676000,1.0,total_sent
fd00::207:7:7:7,686,686000,687000,1.0,total_sent
fd00::207:7:7:7,696,696000,697000,1.0,total_sent
fd00::207:7:7:7,707,707000,708000,1.0,total_sent
fd00::207:7:7:7,718,718000,719000,1.0,total_sent
fd00::207:7:7:7,729,729000,730000,1.0,total_sent
fd00::207:7:7:7,739,739000,740000,1.0,total_sent
fd00::207:7:7:7,750,750000,751000,1.0,total_sent
fd00::207:7:7:7,761,761000,762000,1.0,total_sent
fd00::207:7:7:7,771,771000,772000,1.0,total_sent
fd00::207:7:7:7,782,782000,783000,1.0,total_sent
fd00::207:7:7:7,793,793000,794000,1.0,total_sent
fd00::207:7:7:7,804,804000,805000,1.0,total_sent
fd00::207:7:7:7,814,814000,815000,1.0,total_sent
fd00::207:7:7:7,825,825000,826000,1.0,total_sent
fd00::207:7:7:7,836,836000,837000,1.0,total_sent
fd00::207:7:7:7,846,846000,847000,1.0,total_sent
fd00::207:7:7:7,857,857000,858000,1.0,total_sent
fd00::207:7:7:7,868,868000,869000,1.0,total_sent
fd00::207:7:7:7,879,879000,880000,1.0,total_sent
fd00::207:7:7:7,889,889000,890000,1.0,total_sent
fd00::207:7:7:7,900,900000,901000,1.0,total_sent
fd00::207:7:7:7,911,911000,912000,1.0,total_sent
fd00::207:7:7:7,921,921000,922000,1.0,total_sent
fd00::207:7:7:7,932,932000,933000,1.0,total_sent
fd00::207:7:7:7,943,943000,944000,1.0,total_sent
fd00::207:7:7:7,954,954000,955000,1.0,total_sent
fd00::207:7:7:7,964,964000,965000,1.0,total_sent
fd00::207:7:7:7,975,975000,976000,1.0,total_sent
fd00::207:7:7:7,986,986000,987000,1.0,total_sent
fd00::207:7:7:7,997,997000,998000,1.0,total_sent
fd00::207:7:7:7,1007,1007000,1008000,1.0,total_sent
fd00::207:7:7:7,1018,1018000,1019000,1.0,total_sent
fd00::207:7:7:7,1029,1029000,1030000,1.0,total_sent
fd00::207:7:7:7,1039,1039000,1040000,1.0,total_sent
fd00::207:7:7:7,1050,1050000,1051000,1.0,total_sent
fd00::207:7:7:7,1061,1061000,1062000,1.0,total_sent
fd00::207:7:7:7,1072,1072000,1073000,1.0,total_sent
fd00::207:7:7:7,1082,1082000,1083000,1.0,total_sent
fd00::207:7:7:7,1093,1093000,1094000,1.0,total_sent
fd00::207:7:7:7,1104,1104000,1105000,1.0,total_sent
fd00::207:7:7:7,1114,1114000,1115000,1.0,total_sent
fd00::207:7:7:7,1125,1125000,1126000,1.0,total_sent
fd00::207:7:7:7,1136,1136000,1137000,1.0,total_sent
fd00::207:7:7:7,1147,1147000,1148000,1.0,total_sent
fd00::207:7:7:7,1157,1157000,1158000,1.0,total_sent
fd00::207:7:7:7,1168,1168000,1169000,1.0,total_sent
fd00::207:7:7:7,1179,1179000,1180000,1.0,total_sent
fd00::207:7:7:7,1189,1189000,1190000,1.0,total_sent
fd00::207:7:7:7,1200,1200000,1201000,1.0,total_sent
fd00::207:7:7:7,1211,1211000,1212000,1.0,total_sent
fd00::207:7:7:7,1222,1222000,1223000,1.0,total_sent
fd00::207:7:7:7,1232,1232000,1233000,1.0,total_sent
fd00::207:7:7:7,1243,1243000,1244000,1.0,total_sent
fd00::207:7:7:7,1254,1254000,1255000,1.0,total_sent
fd00::207:7:7:7,1265,1265000,1266000,1.0,total_sent
fd00::207:7:7:7,1275,1275000,1276000,1.0,total_sent
fd00::207:7:7:7,1286,1286000,1287000,1.0,total_sent
fd00::207:7:7:7,1297,1297000,1298000,1.0,total_sent
fd00::207:7:7:7,1307,1307000,1308000,1.0,total_sent
fd00::207:7:7:7,1318,1318000,1319000,1.0,total_sent
fd00::207:7:7:7,1329,1329000,1330000,1.0,total_sent
fd00::207:7:7:7,1340,1340000,1341000,1.0,total_sent
fd00::207:7:7:7,1350,1350000,1351000,1.0,total_sent
fd00::207:7:7:7,1361,1361000,1362000,1.0,total_sent
fd00::207:7:7:7,1372,1372000,1373000,1.0,total_sent
fd00::207:7:7:7,1382,1382000,1383000,1.0,total_sent
fd00::207:7:7:7,1393,1393000,1394000,1.0,total_sent
fd00::207:7:7:7,1404,1404000,1405000,1.0,total_sent
fd00::207:7:7:7,1415,1415000,1416000,1.0,total_sent
fd00::207:7:7:7,1425,1425000,1426000,1.0,total_sent
fd00::207:7:7:7,1436,1436000,1437000,1.0,total_sent
fd00::207:7:7:7,1447,1447000,1448000,1.0,total_sent
fd00::207:7:7:7,1457,1457000,1458000,1.0,total_sent
fd00::207:7:7:7,1468,1468000,1469000,1.0,total_sent
fd00::207:7:7:7,1479,1479000,1480000,1.0,total_sent
fd00::207:7:7:7,1490,1490000,1491000,1.0,total_sent
fd00::207:7:7:7,1500,1500000,1501000,1.0,total_sent
fd00::207:7:7:7,1511,1511000,1512000,1.0,total_sent
fd00::207:7:7:7,1522,1522000,1523000,1.0,total_sent
fd00::207:7:7:7,1533,1533000,1534000,1.0,total_sent
fd00::207:7:7:7,1543,1543000,1544000,1.0,total_sent
fd00::207:7:7:7,1554,1554000,1555000,1.0,total_sent
fd00::207:7:7:7,1565,1565000,1566000,1.0,total_sent
fd00::207:7:7:7,1575,1575000,1576000,1.0,total_sent
fd00::207:7:7:7,1586,1586000,1587000,1.0,total_sent
fd00::207:7:7:7,1597,1597000,1598000,1.0,total_sent
fd00::207:7:7:7,1608,1608000,1609000,1.0,total_sent
fd00::207:7:7:7,1618,1618000,1619000,1.0,total_sent
fd00::207:7:7:7,1629,1629000,1630000,1.0,total_sent
fd00::207:7:7:7,1640,1640000,1641000,1.0,total_sent
fd00::207:7:7:7,1650,1650000,1651000,1.0,total_sent
fd00::207:7:7:7,1661,1661000,1662000,1.0,total_sent
fd00::207:7:7:7,1672,1672000,1673000,1.0,total_sent
fd00::207:7:7:7,1683,1683000,1684000,1.0,total_sent
fd00::207:7:7:7,1693,1693000,1694000,1.0,total_sent
fd00::207:7:7:7,1704,1704000,1705000,1.0,total_sent
fd00::207:7:7:7,1715,1715000,1716000,1.0,total_sent
fd00::207:7:7:7,1725,1725000,1726000,1.0,total_sent
fd00::207:7:7:7,1736,1736000,1737000,1.0,total_sent
fd00::207:7:7:7,1747,1747000,1748000,1.0,total_sent
fd00::207:7:7:7,1758,1758000,1759000,1.0,total_sent
fd00::207:7:7:7,1768,1768000,1769000,1.0,total_sent
fd00::207:7:7:7,1779,1779000,1780000,1.0,total_sent
fd00::207:7:7:7,1790,1790000,1791000,1.0,total_sent
fd00::207:7:7:7,1800,1800000,1801000,1.0,total_sent
fd00::207:7:7:7,1811,1811000,1812000,1.0,total_sent
fd00::207:7:7:7,1822,1822000,1823000,1.0,total_sent
fd00::207:7:7:7,1833,1833000,1834000,1.0,total_sent
fd00::207:7:7:7,1843,1843000,1844000,1.0,total_sent
fd00::207:7:7:7,1854,1854000,1855000,1.0,total_sent
fd00::207:7:7:7,1865,1865000,1866000,1.0,total_sent
fd00::207:7:7:7,1876,1876000,1877000,1.0,total_sent
fd00::207:7:7:7,1886,1886000,1887000,1.0,total_sent
fd00::207:7:7:7,1897,1897000,1898000,1.0,total_sent
fd00::207:7:7:7,1908,1908000,1909000,1.0,total_sent
fd00::207:7:7:7,1918,1918000,1919000,1.0,total_sent
fd00::207:7:7:7,1929,1929000,1930000,1.0,total_sent
fd00::207:7:7:7,1940,1940000,1941000,1.0,total_sent
fd00::207:7:7:7,1951,1951000,1952000,1.0,total_sent
fd00::207:7:7:7,1961,1961000,1962000,1.0,total_sent
fd00::207:7:7:7,1972,1972000,1973000,1.0,total_sent
fd00::207:7:7:7,1983,1983000,1984000,1.0,total_sent
fd00::207:7:7:7,1993,1993000,1994000,1.0,total_sent
fd00::207:7:7:7,2004,2004000,2005000,1.0,total_sent
fd00::207:7:7:7,2015,2015000,2016000,1.0,total_sent
fd00::207:7:7:7,2026,2026000,2027000,1.0,total_sent
fd00::207:7:7:7,2036,2036000,2037000,1.0,total_sent
fd00::207:7:7:7,2047,2047000,2048000,1.0,total_sent
fd00::207:7:7:7,2058,2058000,2059000,1.0,total_sent
fd00::207:7:7:7,2069,2069000,2070000,1.0,total_sent
fd00::207:7:7:7,2079,2079000,2080000,1.0,total_sent
fd00::207:7:7:7,2090,2090000,2091000,1.0,total_sent
fd00::207:7:7:7,2101,2101000,2102000,1.0,total_sent
fd00::207:7:7:7,2111,2111000,2112000,1.0,total_sent
fd00::207:7:7:7,2122,2122000,2123000,1.0,total_sent
fd00::207:7:7:7,2133,2133000,2134000,1.0,total_sent
fd00::207:7:7:7,2144,2144000,2145000,1.0,total_sent
fd00::207:7:7:7,2154,2154000,2155000,1.0,total_sent
fd00::207:7:7:7,2165,2165000,2166000,1.0,total_sent
fd00::207:7:7:7,2176,2176000,2177000,1.0,total_sent
fd00::207:7:7:7,2186,2186000,2187000,1.0,total_sent
fd00::207:7:7:7,2197,2197000,2198000,1.0,total_sent
fd00::207:7:7:7,2208,2208000,2209000,1.0,total_sent
fd00::207:7:7:7,2219,2219000,2220000,1.0,total_sent
fd00::207:7:7:7,2229,2229000,2230000,1.0,total_sent
fd00::207:7:7:7,2240,2240000,2241000,1.0,total_sent
fd00::207:7:7:7,2251,2251000,2252000,1.0,total_sent
fd00::207:7:7:7,2261,2261000,2262000,1.0,total_sent
fd00::207:7:7:7,2272,2272000,2273000,1.0,total_sent
fd00::207:7:7:7,2283,2283000,2284000,1.0,total_sent
fd00::207:7:7:7,2294,2294000,2295000,1.0,total_sent
fd00::207:7:7:7,2304,2304000,2305000,1.0,total_sent
fd00::207:7:7:7,2315,2315000,2316000,1.0,total_sent
fd00::207:7:7:7,2326,2326000,2327000,1.0,total_sent
fd00::207:7:7:7,2337,2337000,2338000,1.0,total_sent
fd00::207:7:7:7,2347,2347000,2348000,1.0,total_sent
fd00::207:7:7:7,2358,2358000,2359000,1.0,total_sent
fd00::207:7:7:7,2369,2369000,2370000,1.0,total_sent
fd00::207:7:7:7,2379,2379000,2380000,1.0,total_sent
fd00::207:7:7:7,2390,2390000,2391000,1.0,total_sent
fd00::207:7:7:7,2401,2401000,2402000,1.0,total_sent
fd00::207:7:7:7,2412,2412000,2413000,1.0,total_sent
fd00::207:7:7:7,2422,2422000,2423000,1.0,total_sent
fd00::207:7:7:7,2433,2433000,2434000,1.0,total_sent
fd00::207:7:7:7,2444,2444000,2445000,1.0,total_sent
fd00::207:7:7:7,2454,2454000,2455000,1.0,total_sent
fd00::207:7:7:7,2465,2465000,2466000,1.0,total_sent
fd00::207:7:7:7,2476,2476000,2477000,1.0,total_sent
fd00::207:7:7:7,2487,2487000,2488000,1.0,total_sent
fd00::207:7:7:7,2497,2497000,2498000,1.0,total_sent
fd00::207:7:7:7,2508,2508000,2509000,1.0,total_sent
fd00::207:7:7:7,2519,2519000,2520000,1.0,total_sent
fd00::207:7:7:7,2529,2529000,2530000,1.0,total_sent
fd00::207:7:7:7,2540,2540000,2541000,1.0,total_sent
fd00::207:7:7:7,2551,2551000,2552000,1.0,total_sent
fd00::207:7:7:7,2562,2562000,2563000,1.0,total_sent
fd00::207:7:7:7,2572,2572000,2573000,1.0,total_sent
fd00::207:7:7:7,2583,2583000,2584000,1.0,total_sent
fd00::207:7:7:7,2594,2594000,2595000,1.0,total_sent
fd00::207:7:7:7,2605,2605000,2606000,1.0,total_sent
fd00::207:7:7:7,2615,2615000,2616000,1.0,total_sent
fd00::207:7:7:7,2626,2626000,2627000,1.0,total_sent
fd00::207:7:7:7,2637,2637000,2638000,1.0,total_sent
fd00::207:7:7:7,2647,2647000,2648000,1.0,total_sent
fd00::207:7:7:7,2658,2658000,2659000,1.0,total_sent
fd00::207:7:7:7,2669,2669000,2670000,1.0,total_sent
fd00::207:7:7:7,2680,2680000,2681000,1.0,total_sent
fd00::207:7:7:7,2690,2690000,2691000,1.0,total_sent
fd00::207:7:7:7,2701,2701000,2702000,1.0,total_sent
fd00::207:7:7:7,2712,2712000,2713000,1.0,total_sent
fd00::207:7:7:7,2722,2722000,2723000,1.0,total_sent
fd00::207:7:7:7,2733,2733000,2734000,1.0,total_sent
fd00::207:7:7:7,2744,2744000,2745000,1.0,total_sent
fd00::207:7:7:7,2755,2755000,2756000,1.0,total_sent
fd00::207:7:7:7,2765,2765000,2766000,1.0,total_sent
fd00::207:7:7:7,2776,2776000,2777000,1.0,total_sent
fd00::207:7:7:7,2787,2787000,2788000,1.0,total_sent
fd00::207:7:7:7,2797,2797000,2798000,1.0,total_sent
fd00::207:7:7:7,2808,2808000,2809000,1.0,total_sent
fd00::207:7:7:7,2819,2819000,2820000,1.0,total_sent
fd00::207:7:7:7,2830,2830000,2831000,1.0,total_sent
fd00::207:7:7:7,2840,2840000,2841000,1.0,total_sent
fd00::207:7:7:7,2851,2851000,2852000,1.0,total_sent
fd00::207:7:7:7,2862,2862000,2863000,1.0,total_sent
fd00::207:7:7:7,2873,2873000,2874000,1.0,total_sent
fd00::207:7:7:7,2883,2883000,2884000,1.0,total_sent
fd00::207:7:7:7,2894,2894000,2895000,1.0,total_sent
fd00::207:7:7:7,2905,2905000,2906000,1.0,total_sent
fd00::207:7:7:7,2915,2915000,2916000,1.0,total_sent
fd00::207:7:7:7,2926,2926000,2927000,1.0,total_sent
fd00::207:7:7:7,2937,2937000,2938000,1.0,total_sent
fd00::207:7:7:7,2948,2948000,2949000,1.0,total_sent
fd00::207:7:7:7,2958,2958000,2959000,1.0,total_sent
fd00::207:7:7:7,2969,2969000,2970000,1.0,total_sent
fd00::207:7:7:7,2980,2980000,2981000,1.0,total_sent
fd00::207:7:7:7,2990,2990000,2991000,1.0,total_sent
fd00::207:7:7:7,3001,3001000,3002000,1.0,total_sent
fd00::207:7:7:7,3012,3012000,3013000,1.0,total_sent
fd00::207:7:7:7,3023,3023000,3024000,1.0,total_sent
fd00::207:7:7:7,3033,3033000,3034000,1.0,total_sent
fd00::207:7:7:7,3044,3044000,3045000,1.0,total_sent
fd00::207:7:7:7,3055,3055000,3056000,1.0,total_sent
fd00::207:7:7:7,3066,3066000,3067000,1.0,total_sent
fd00::207:7:7:7,3076,3076000,3077000,1.0,total_sent
fd00::207:7:7:7,3087,3087000,3088000,1.0,total_sent
fd00::207:7:7:7,3098,3098000,3099000,1.0,total_sent
fd00::207:7:7:7,3108,3108000,3109000,1.0,total_sent
fd00::207:7:7:7,3119,3119000,3120000,1.0,total_sent
fd00::207:7:7:7,3130,3130000,3131000,1.0,total_sent
fd00::207:7:7:7,3141,3141000,3142000,1.0,total_sent
fd00::207:7:7:7,3151,3151000,3152000,1.0,total_sent
fd00::207:7:7:7,3162,3162000,3163000,1.0,total_sent
fd00::207:7:7:7,3173,3173000,3174000,1.0,total_sent
fd00::207:7:7:7,3183,3183000,3184000,1.0,total_sent
fd00::207:7:7:7,3194,3194000,3195000,1.0,total_sent
fd00::207:7:7:7,3205,3205000,3206000,1.0,total_sent
fd00::207:7:7:7,3216,3216000,3217000,1.0,total_sent
fd00::207:7:7:7,3226,3226000,3227000,1.0,total_sent
fd00::207:7:7:7,3237,3237000,3238000,1.0,total_sent
fd00::207:7:7:7,3248,3248000,3249000,1.0,total_sent
fd00::207:7:7:7,3258,3258000,3259000,1.0,total_sent
fd00::207:7:7:7,3269,3269000,3270000,1.0,total_sent
fd00::207:7:7:7,3280,3280000,3281000,1.0,total_sent
fd00::207:7:7:7,3291,3291000,3292000,1.0,total_sent
fd00::207:7:7:7,3301,3301000,3302000,1.0,total_sent
fd00::207:7:7:7,3312,3312000,3313000,1.0,total_sent
fd00::207:7:7:7,3323,3323000,3324000,1.0,total_sent
fd00::207:7:7:7,3333,3333000,3334000,1.0,total_sent
fd00::207:7:7:7,3344,3344000,3345000,1.0,total_sent
fd00::207:7:7:7,3355,3355000,3356000,1.0,total_sent
fd00::207:7:7:7,3366,3366000,3367000,1.0,total_sent
fd00::207:7:7:7,3376,3376000,3377000,1.0,total_sent
fd00::207:7:7:7,3387,3387000,3388000,1.0,total_sent
fd00::207:7:7:7,3398,3398000,3399000,1.0,total_sent
fd00::207:7:7:7,3408,3408000,3409000,1.0,total_sent
fd00::207:7:7:7,3419,3419000,3420000,1.0,total_sent
fd00::207:7:7:7,3430,3430000,3431000,1.0,total_sent
fd00::207:7:7:7,3441,3441000,3442000,1.0,total_sent
fd00::207:7:7:7,3451,3451000,3452000,1.0,total_sent
fd00::207:7:7:7,3462,3462000,3463000,1.0,total_sent
fd00::207:7:7:7,3473,3473000,3474000,1.0,total_sent
fd00::207:7:7:7,3484,3484000,3485000,1.0,total_sent
fd00::207:7:7:7,3494,3494000,3495000,1.0,total_sent
fd00::207:7:7:7,3505,3505000,3506000,1.0,total_sent
fd00::207:7:7:7,3516,3516000,3517000,1.0,total_sent
fd00::207:7:7:7,3526,3526000,3527000,1.0,total_sent
fd00::207:7:7:7,3537,3537000,3538000,1.0,total_sent
fd00::207:7:7:7,3548,3548000,3549000,1.0,total_sent
fd00::207:7:7:7,3559,3559000,3560000,1.0,total_sent
fd00::207:7:7:7,3569,3569000,3570000,1.0,total_sent
fd00::207:7:7:7,3580,3580000,3581000,1.0,total_sent
fd00::207:7:7:7,3591,3591000,3592000,1.0,total_sent
fd00::208:8:8:8,20,20000,21000,0.0,total_sent
fd00::208:8:8:8,30,30000,31000,1.0,total_sent
fd00::208:8:8:8,40,40000,41000,1.0,total_sent
fd00::208:8:8:8,51,51000,52000,1.0,total_sent
fd00::208:8:8:8,61,61000,62000,1.0,total_sent
fd00::208:8:8:8,71,71000,72000,1.0,total_sent
fd00::208:8:8:8,81,81000,82000,1.0,total_sent
fd00::208:8:8:8,92,92000,93000,1.0,total_sent
fd00::208:8:8:8,102,102000,103000,1.0,total_sent
fd00::208:8:8:8,112,112000,113000,1.0,total_sent
fd00::208:8:8:8,123,123000,124000,1.0,total_sent
fd00::208:8:8:8,133,133000,134000,1.0,total_sent
fd00::208:8:8:8,143,143000,144000,1.0,total_sent
fd00::208:8:8:8,153,153000,154000,1.0,total_sent
fd00::208:8:8:8,164,164000,165000,1.0,total_sent
fd00::208:8:8:8,174,174000,175000,1.0,total_sent
fd00::208:8:8:8,184,184000,185000,1.0,total_sent
fd00::208:8:8:8,194,194000,195000,1.0,total_sent
fd00::208:8:8:8,205,205000,206000,1.0,total_sent
fd00::208:8:8:8,215,215000,216000,1.0,total_sent
fd00::208:8:8:8,225,225000,226000,1.0,total_sent
fd00::208:8:8:8,236,236000,237000,1.0,total_sent
fd00::208:8:8:8,246,246000,247000,1.0,total_sent
fd00::208:8:8:8,256,256000,257000,1.0,total_sent
fd00::208:8:8:8,266,266000,267000,1.0,total_sent
fd00::208:8:8:8,277,277000,278000,1.0,total_sent
fd00::208:8:8:8,287,287000,288000,1.0,total_sent
fd00::208:8:8:8,297,297000,298000,1.0,total_sent
fd00::208:8:8:8,308,308000,309000,1.0,total_sent
fd00::208:8:8:8,318,318000,319000,1.0,total_sent
fd00::208:8:8:8,328,328000,329000,1.0,total_sent
fd00::208:8:8:8,338,338000,339000,1.0,total_sent
fd00::208:8:8:8,349,349000,350000,1.0,total_sent
fd00::208:8:8:8,359,359000,360000,1.0,total_sent
fd00::208:8:8:8,369,369000,370000,1.0,total_sent
fd00::208:8:8:8,379,379000,380000,1.0,total_sent
fd00::208:8:8:8,390,390000,391000,1.0,total_sent
fd00::208:8:8:8,400,400000,401000,1.0,total_sent
fd00::208:8:8:8,410,410000,411000,1.0,total_sent
fd00::208:8:8:8,421,421000,422000,1.0,total_sent
fd00::208:8:8:8,431,431000,432000,1.0,total_sent
fd00::208:8:8:8,441,441000,442000,1.0,total_sent
fd00::208:8:8:8,451,451000,452000,1.0,total_sent
fd00::208:8:8:8,462,462000,463000,1.0,total_sent
fd00::208:8:8:8,472,472000,473000,1.0,total_sent
fd00::208:8:8:8,482,482000,483000,1.0,total_sent
fd00::208:8:8:8,493,493000,494000,1.0,total_sent
fd00::208:8:8:8,503,503000,504000,1.0,total_sent
fd00::208:8:8:8,513,513000,514000,1.0,total_sent
fd00::208:8:8:8,523,523000,524000,1.0,total_sent
fd00::208:8:8:8,534,534000,535000,1.0,total_sent
fd00::208:8:8:8,544,544000,545000,1.0,total_sent
fd00::208:8:8:8,554,554000,555000,1.0,total_sent
fd00::208:8:8:8,564,564000,565000,1.0,total_sent
fd00::208:8:8:8,575,575000,576000,1.0,total_sent
fd00::208:8:8:8,585,585000,586000,1.0,total_sent
fd00::208:8:8:8,595,595000,596000,1.0,total_sent
fd00::208:8:8:8,606,606000,607000,1.0,total_sent
fd00::208:8:8:8,616,616000,617000,1.0,total_sent
fd00::208:8:8:8,626,626000,627000,1.0,total_sent
fd00::208:8:8:8,636,636000,637000,1.0,total_sent
fd00::208:8:8:8,647,647000,648000,1.0,total_sent
fd00::208:8:8:8,657,657000,658000,1.0,total_sent
fd00::208:8:8:8,667,667000,668000,1.0,total_sent
fd00::208:8:8:8,677,677000,678000,1.0,total_sent
fd00::208:8:8:8,688,688000,689000,1.0,total_sent
fd00::208:8:8:8,698,698000,699000,1.0,total_sent
fd00::208:8:8:8,708,708000,709000,1.0,total_sent
fd00::208:8:8:8,719,719000,720000,1.0,total_sent
fd00::208:8:8:8,729,729000,730000,1.0,total_sent
fd00::208:8:8:8,739,739000,740000,1.0,total_sent
fd00::208:8:8:8,749,749000,750000,1.0,total_sent
fd00::208:8:8:8,760,760000,761000,1.0,total_sent
fd00::208:8:8:8,770,770000,771000,1.0,total_sent
fd00::208:8:8:8,780,780000,781000,1.0,total_sent
fd00::208:8:8:8,791,791000,792000,1.0,total_sent
fd00::208:8:8:8,801,801000,802000,1.0,total_sent
fd00::208:8:8:8,811,811000,812000,1.0,total_sent
fd00::208:8:8:8,821,821000,822000,1.0,total_sent
fd00::208:8:8:8,832,832000,833000,1.0,total_sent
fd00::208:8:8:8,842,842000,843000,1.0,total_sent
fd00::208:8:8:8,852,852000,853000,1.0,total_sent
fd00::208:8:8:8,862,862000,863000,1.0,total_sent
fd00::208:8:8:8,873,873000,874000,1.0,total_sent
fd00::208:8:8:8,883,883000,884000,1.0,total_sent
fd00::208:8:8:8,893,893000,894000,1.0,total_sent
fd00::208:8:8:8,904,904000,905000,1.0,total_sent
fd00::208:8:8:8,914,914000,915000,1.0,total_sent
fd00::208:8:8:8,924,924000,925000,1.0,total_sent
fd00::208:8:8:8,934,934000,935000,1.0,total_sent
fd00::208:8:8:8,945,945000,946000,1.0,total_sent
fd00::208:8:8:8,955,955000,956000,1.0,total_sent
fd00::208:8:8:8,965,965000,966000,1.0,total_sent
fd00::208:8:8:8,976,976000,977000,1.0,total_sent
fd00::208:8:8:8,986,986000,987000,1.0,total_sent
fd00::208:8:8:8,996,996000,997000,1.0,total_sent
fd00::208:8:8:8,1006,1006000,1007000,1.0,total_sent
fd00::208:8:8:8,1017,1017000,1018000,1.0,total_sent
fd00::208:8:8:8,1027,1027000,1028000,1.0,total_sent
fd00::208:8:8:8,1037,1037000,1038000,1.0,total_sent
fd00::208:8:8:8,1047,1047000,1048000,1.0,total_sent
fd00::208:8:8:8,1058,1058000,1059000,1.0,total_sent
fd00::208:8:8:8,1068,1068000,1069000,1.0,total_sent
fd00::208:8:8:8,1078,1078000,1079000,1.0,total_sent
fd00::208:8:8:8,1089,1089000,1090000,1.0,total_sent
fd00::208:8:8:8,1099,1099000,1100000,1.0,total_sent
fd00::208:8:8:8,1109,1109000,1110000,1.0,total_sent
fd00::208:8:8:8,1119,1119000,1120000,1.0,total_sent
fd00::208:8:8:8,1130,1130000,1131000,1.0,total_sent
fd00::208:8:8:8,1140,1140000,1141000,1.0,total_sent
fd00::208:8:8:8,1150,1150000,1151000,1.0,total_sent
fd00::208:8:8:8,1161,1161000,1162000,1.0,total_sent
fd00::208:8:8:8,1171,1171000,1172000,1.0,total_sent
fd00::208:8:8:8,1181,1181000,1182000,1.0,total_sent
fd00::208:8:8:8,1191,1191000,1192000,1.0,total_sent
fd00::208:8:8:8,1202,1202000,1203000,1.0,total_sent
fd00::208:8:8:8,1212,1212000,1213000,1.0,total_sent
fd00::208:8:8:8,1222,1222000,1223000,1.0,total_sent
fd00::208:8:8:8,1232,1232000,1233000,1.0,total_sent
fd00::208:8:8:8,1243,1243000,1244000,1.0,total_sent
fd00::208:8:8:8,1253,1253000,1254000,1.0,total_sent
fd00::208:8:8:8,1263,1263000,1264000,1.0,total_sent
fd00::208:8:8:8,1274,1274000,1275000,1.0,total_sent
fd00::208:8:8:8,1284,1284000,1285000,1.0,total_sent
fd00::208:8:8:8,1294,1294000,1295000,1.0,total_sent
fd00::208:8:8:8,1304,1304000,1305000,1.0,total_sent
fd00::208:8:8:8,1315,1315000,1316000,1.0,total_sent
fd00::208:8:8:8,1325,1325000,1326000,1.0,total_sent
fd00::208:8:8:8,1335,1335000,1336000,1.0,total_sent
fd00::208:8:8:8,1345,1345000,1346000,1.0,total_sent
fd00::208:8:8:8,1356,1356000,1357000,1.0,total_sent
fd00::208:8:8:8,1366,1366000,1367000,1.0,total_sent
fd00::208:8:8:8,1376,1376000,1377000,1.0,total_sent
fd00::208:8:8:8,1387,1387000,1388000,1.0,total_sent
fd00::208:8:8:8,1397,1397000,1398000,1.0,total_sent
fd00::208:8:8:8,1407,1407000,1408000,1.0,total_sent
fd00::208:8:8:8,1417,1417000,1418000,1.0,total_sent
fd00::208:8:8:8,1428,1428000,1429000,1.0,total_sent
fd00::208:8:8:8,1438,1438000,1439000,1.0,total_sent
fd00::208:8:8:8,1448,1448000,1449000,1.0,total_sent
fd00::208:8:8:8,1459,1459000,1460000,1.0,total_sent
fd00::208:8:8:8,1469,1469000,1470000,1.0,total_sent
fd00::208:8:8:8,1479,1479000,1480000,1.0,total_sent
fd00::208:8:8:8,1489,1489000,1490000,1.0,total_sent
fd00::208:8:8:8,1500,1500000,1501000,1.0,total_sent
fd00::208:8:8:8,1510,1510000,1511000,1.0,total_sent
fd00::208:8:8:8,1520,1520000,1521000,1.0,total_sent
fd00::208:8:8:8,1530,1530000,1531000,1.0,total_sent
fd00::208:8:8:8,1541,1541000,1542000,1.0,total_sent
fd00::208:8:8:8,1551,1551000,1552000,1.0,total_sent
fd00::208:8:8:8,1561,1561000,1562000,1.0,total_sent
fd00::208:8:8:8,1572,1572000,1573000,1.0,total_sent
fd00::208:8:8:8,1582,1582000,1583000,1.0,total_sent
fd00::208:8:8:8,1592,1592000,1593000,1.0,total_sent
fd00::208:8:8:8,1602,1602000,1603000,1.0,total_sent
fd00::208:8:8:8,1613,1613000,1614000,1.0,total_sent
fd00::208:8:8:8,1623,1623000,1624000,1.0,total_sent
fd00::208:8:8:8,1633,1633000,1634000,1.0,total_sent
fd00::208:8:8:8,1644,1644000,1645000,1.0,total_sent
fd00::208:8:8:8,1654,1654000,1655000,1.0,total_sent
fd00::208:8:8:8,1664,1664000,1665000,1.0,total_sent
fd00::208:8:8:8,1674,1674000,1675000,1.0,total_sent
fd00::208:8:8:8,1685,1685000,1686000,1.0,total_sent
fd00::208:8:8:8,1695,1695000,1696000,1.0,total_sent
fd00::208:8:8:8,1705,1705000,1706000,1.0,total_sent
fd00::208:8:8:8,1715,1715000,1716000,1.0,total_sent
fd00::208:8:8:8,1726,1726000,1727000,1.0,total_sent
fd00::208:8:8:8,1736,1736000,1737000,1.0,total_sent
fd00::208:8:8:8,1746,1746000,1747000,1.0,total_sent
fd00::208:8:8:8,1757,1757000,1758000,1.0,total_sent
fd00::208:8:8:8,1767,1767000,1768000,1.0,total_sent
fd00::208:8:8:8,1777,1777000,1778000,1.0,total_sent
fd00::208:8:8:8,1787,1787000,1788000,1.0,total_sent
fd00::208:8:8:8,1798,1798000,1799000,1.0,total_sent
fd00::208:8:8:8,1808,1808000,1809000,1.0,total_sent
fd00::208:8:8:8,1818,1818000,1819000,1.0,total_sent
fd00::208:8:8:8,1829,1829000,1830000,1.0,total_sent
fd00::208:8:8:8,1839,1839000,1840000,1.0,total_sent
fd00::208:8:8:8,1849,1849000,1850000,1.0,total_sent
fd00::208:8:8:8,1859,1859000,1860000,1.0,total_sent
fd00::208:8:8:8,1870,1870000,1871000,1.0,total_sent
fd00::208:8:8:8,1880,1880000,1881000,1.0,total_sent
fd00::208:8:8:8,1890,1890000,1891000,1.0,total_sent
fd00::208:8:8:8,1900,1900000,1901000,1.0,total_sent
fd00::208:8:8:8,1911,1911000,1912000,1.0,total_sent
fd00::208:8:8:8,1921,1921000,1922000,1.0,total_sent
fd00::208:8:8:8,1931,1931000,1932000,1.0,total_sent
fd00::208:8:8:8,1942,1942000,1943000,1.0,total_sent
fd00::208:8:8:8,1952,1952000,1953000,1.0,total_sent
fd00::208:8:8:8,1962,1962000,1963000,1.0,total_sent
fd00::208:8:8:8,1972,1972000,1973000,1.0,total_sent
fd00::208:8:8:8,1983,1983000,1984000,1.0,total_sent
fd00::208:8:8:8,1993,1993000,1994000,1.0,total_sent
fd00::208:8:8:8,2003,2003000,2004000,1.0,total_sent
fd00::208:8:8:8,2014,2014000,2015000,1.0,total_sent
fd00::208:8:8:8,2024,2024000,2025000,1.0,total_sent
fd00::208:8:8:8,2034,2034000,2035000,1.0,total_sent
fd00::208:8:8:8,2044,2044000,2045000,1.0,total_sent
fd00::208:8:8:8,2055,2055000,2056000,1.0,total_sent
fd00::208:8:8:8,2065,2065000,2066000,1.0,total_sent
fd00::208:8:8:8,2075,2075000,2076000,1.0,total_sent
fd00::208:8:8:8,2085,2085000,2086000,1.0,total_sent
fd00::208:8:8:8,2096,2096000,2097000,1.0,total_sent
fd00::208:8:8:8,2106,2106000,2107000,1.0,total_sent
fd00::208:8:8:8,2116,2116000,2117000,1.0,total_sent
fd00::208:8:8:8,2127,2127000,2128000,1.0,total_sent
fd00::208:8:8:8,2137,2137000,2138000,1.0,total_sent
fd00::208:8:8:8,2147,2147000,2148000,1.0,total_sent
fd00::208:8:8:8,2157,2157000,2158000,1.0,total_sent
fd00::208:8:8:8,2168,2168000,2169000,1.0,total_sent
fd00::208:8:8:8,2178,2178000,2179000,1.0,total_sent
fd00::208:8:8:8,2188,2188000,2189000,1.0,total_sent
fd00::208:8:8:8,2199,2199000,2200000,1.0,total_sent
fd00::208:8:8:8,2209,2209000,2210000,1.0,total_sent
fd00::208:8:8:8,2219,2219000,2220000,1.0,total_sent
fd00::208:8:8:8,2229,2229000,2230000,1.0,total_sent
fd00::208:8:8:8,2240,2240000,2241000,1.0,total_sent
fd00::208:8:8:8,2250,2250000,2251000,1.0,total_sent
fd00::208:8:8:8,2260,2260000,2261000,1.0,total_sent
fd00::208:8:8:8,2270,2270000,2271000,1.0,total_sent
fd00::208:8:8:8,2281,2281000,2282000,1.0,total_sent
fd00::208:8:8:8,2291,2291000,2292000,1.0,total_sent
fd00::208:8:8:8,2301,2301000,2302000,1.0,total_sent
fd00::208:8:8:8,2312,2312000,2313000,1.0,total_sent
fd00::208:8:8:8,2322,2322000,2323000,1.0,total_sent
fd00::208:8:8:8,2332,2332000,2333000,1.0,total_sent
fd00::208:8:8:8,2342,2342000,2343000,1.0,total_sent
fd00::208:8:8:8,2353,2353000,2354000,1.0,total_sent
fd00::208:8:8:8,2363,2363000,2364000,1.0,total_sent
fd00::208:8:8:8,2373,2373000,2374000,1.0,total_sent
fd00::208:8:8:8,2383,2383000,2384000,1.0,total_sent
fd00::208:8:8:8,2394,2394000,2395000,1.0,total_sent
fd00::208:8:8:8,2404,2404000,2405000,1.0,total_sent
fd00::208:8:8:8,2414,2414000,2415000,1.0,total_sent
fd00::208:8:8:8,2425,2425000,2426000,1.0,total_sent
fd00::208:8:8:8,2435,2435000,2436000,1.0,total_sent
fd00::208:8:8:8,2445,2445000,2446000,1.0,total_sent
fd00::208:8:8:8,2455,2455000,2456000,1.0,total_sent
fd00::208:8:8:8,2466,2466000,2467000,1.0,total_sent
fd00::208:8:8:8,2476,2476000,2477000,1.0,total_sent
fd00::208:8:8:8,2486,2486000,2487000,1.0,total_sent
fd00::208:8:8:8,2497,2497000,2498000,1.0,total_sent
fd00::208:8:8:8,2507,2507000,2508000,1.0,total_sent
fd00::208:8:8:8,2517,2517000,2518000,1.0,total_sent
fd00::208:8:8:8,2527,2527000,2528000,1.0,total_sent
fd00::208:8:8:8,2538,2538000,2539000,1.0,total_sent
fd00::208:8:8:8,2548,2548000,2549000,1.0,total_sent
fd00::208:8:8:8,2558,2558000,2559000,1.0,total_sent
fd00::208:8:8:8,2568,2568000,2569000,1.0,total_sent
fd00::208:8:8:8,2579,2579000,2580000,1.0,total_sent
fd00::208:8:8:8,2589,2589000,2590000,1.0,total_sent
fd00::208:8:8:8,2599,2599000,2600000,1.0,total_sent
fd00::208:8:8:8,2610,2610000,2611000,1.0,total_sent
fd00::208:8:8:8,2620,2620000,2621000,1.0,total_sent
fd00::208:8:8:8,2630,2630000,2631000,1.0,total_sent
fd00::208:8:8:8,2640,2640000,2641000,1.0,total_sent
fd00::208:8:8:8,2651,2651000,2652000,1.0,total_sent
fd00::208:8:8:8,2661,2661000,2662000,1.0,total_sent
fd00::208:8:8:8,2671,2671000,2672000,1.0,total_sent
fd00::208:8:8:8,2681,2681000,2682000,1.0,total_sent
fd00::208:8:8:8,2692,2692000,2693000,1.0,total_sent
fd00::208:8:8:8,2702,2702000,2703000,1.0,total_sent
fd00::208:8:8:8,2712,2712000,2713000,1.0,total_sent
fd00::208:8:8:8,2723,2723000,2724000,1.0,total_sent
fd00::208:8:8:8,2733,2733000,2734000,1.0,total_sent
fd00::208:8:8:8,2743,2743000,2744000,1.0,total_sent
fd00::208:8:8:8,2753,2753000,2754000,1.0,total_sent
fd00::208:8:8:8,2764,2764000,2765000,1.0,total_sent
fd00::208:8:8:8,2774,2774000,2775000,1.0,total_sent
fd00::208:8:8:8,2784,2784000,2785000,1.0,total_sent
fd00::208:8:8:8,2795,2795000,2796000,1.0,total_sent
fd00::208:8:8:8,2805,2805000,2806000,1.0,total_sent
fd00::208:8:8:8,2815,2815000,2816000,1.0,total_sent
fd00::208:8:8:8,2825,2825000,2826000,1.0,total_sent
fd00::208:8:8:8,2836,2836000,2837000,1.0,total_sent
fd00::208:8:8:8,2846,2846000,2847000,1.0,total_sent
fd00::208:8:8:8,2856,2856000,2857000,1.0,total_sent
fd00::208:8:8:8,2867,2867000,2868000,1.0,total_sent
fd00::208:8:8:8,2877,2877000,2878000,1.0,total_sent
fd00::208:8:8:8,2887,2887000,2888000,1.0,total_sent
fd00::208:8:8:8,2897,2897000,2898000,1.0,total_sent
fd00::208:8:8:8,2908,2908000,2909000,1.0,total_sent
fd00::208:8:8:8,2918,2918000,2919000,1.0,total_sent
fd00::208:8:8:8,2928,2928000,2929000,1.0,total_sent
fd00::208:8:8:8,2938,2938000,2939000,1.0,total_sent
fd00::208:8:8:8,2949,2949000,2950000,1.0,total_sent
fd00::208:8:8:8,2959,2959000,2960000,1.0,total_sent
fd00::208:8:8:8,2969,2969000,2970000,1.0,total_sent
fd00::208:8:8:8,2980,2980000,2981000,1.0,total_sent
fd00::208:8:8:8,2990,2990000,2991000,1.0,total_sent
fd00::208:8:8:8,3000,3000000,3001000,1.0,total_sent
fd00::208:8:8:8,3010,3010000,3011000,1.0,total_sent
fd00::208:8:8:8,3021,3021000,3022000,1.0,total_sent
fd00::208:8:8:8,3031,3031000,3032000,1.0,total_sent
fd00::208:8:8:8,3041,3041000,3042000,1.0,total_sent
fd00::208:8:8:8,3051,3051000,3052000,1.0,total_sent
fd00::208:8:8:8,3062,3062000,3063000,1.0,total_sent
fd00::208:8:8:8,3072,3072000,3073000,1.0,total_sent
fd00::208:8:8:8,3082,3082000,3083000,1.0,total_sent
fd00::208:8:8:8,3093,3093000,3094000,1.0,total_sent
fd00::208:8:8:8,3103,3103000,3104000,1.0,total_sent
fd00::208:8:8:8,3113,3113000,3114000,1.0,total_sent
fd00::208:8:8:8,3123,3123000,3124000,1.0,total_sent
fd00::208:8:8:8,3134,3134000,3135000,1.0,total_sent
fd00::208:8:8:8,3144,3144000,3145000,1.0,total_sent
fd00::208:8:8:8,3154,3154000,3155000,1.0,total_sent
fd00::208:8:8:8,3165,3165000,3166000,1.0,total_sent
fd00::208:8:8:8,3175,3175000,3176000,1.0,total_sent
fd00::208:8:8:8,3185,3185000,3186000,1.0,total_sent
fd00::208:8:8:8,3195,3195000,3196000,1.0,total_sent
fd00::208:8:8:8,3206,3206000,3207000,1.0,total_sent
fd00::208:8:8:8,3216,3216000,3217000,1.0,total_sent
fd00::208:8:8:8,3226,3226000,3227000,1.0,total_sent
fd00::208:8:8:8,3236,3236000,3237000,1.0,total_sent
fd00::208:8:8:8,3247,3247000,3248000,1.0,total_sent
fd00::208:8:8:8,3257,3257000,3258000,1.0,total_sent
fd00::208:8:8:8,3267,3267000,3268000,1.0,total_sent
fd00::208:8:8:8,3278,3278000,3279000,1.0,total_sent
fd00::208:8:8:8,3288,3288000,3289000,1.0,total_sent
fd00::208:8:8:8,3298,3298000,3299000,1.0,total_sent
fd00::208:8:8:8,3308,3308000,3309000,1.0,total_sent
fd00::208:8:8:8,3319,3319000,3320000,1.0,total_sent
fd00::208:8:8:8,3329,3329000,3330000,1.0,total_sent
fd00::208:8:8:8,3339,3339000,3340000,1.0,total_sent
fd00::208:8:8:8,3350,3350000,3351000,1.0,total_sent
fd00::208:8:8:8,3360,3360000,3361000,1.0,total_sent
fd00::208:8:8:8,3370,3370000,3371000,1.0,total_sent
fd00::208:8:8:8,3380,3380000,3381000,1.0,total_sent
fd00::208:8:8:8,3391,3391000,3392000,1.0,total_sent
fd00::208:8:8:8,3401,3401000,3402000,1.0,total_sent
fd00::208:8:8:8,3411,3411000,3412000,1.0,total_sent
fd00::208:8:8:8,3421,3421000,3422000,1.0,total_sent
fd00::208:8:8:8,3432,3432000,3433000,1.0,total_sent
fd00::208:8:8:8,3442,3442000,3443000,1.0,total_sent
fd00::208:8:8:8,3452,3452000,3453000,1.0,total_sent
fd00::208:8:8:8,3463,3463000,3464000,1.0,total_sent
fd00::208:8:8:8,3473,3473000,3474000,1.0,total_sent
fd00::208:8:8:8,3483,3483000,3484000,1.0,total_sent
fd00::208:8:8:8,3493,3493000,3494000,1.0,total_sent
fd00::208:8:8:8,3504,3504000,3505000,1.0,total_sent
fd00::208:8:8:8,3514,3514000,3515000,1.0,total_sent
fd00::208:8:8:8,3524,3524000,3525000,1.0,total_sent
fd00::208:8:8:8,3535,3535000,3536000,1.0,total_sent
fd00::208:8:8:8,3545,3545000,3546000,1.0,total_sent
fd00::208:8:8:8,3555,3555000,3556000,1.0,total_sent
fd00::208:8:8:8,3565,3565000,3566000,1.0,total_sent
fd00::208:8:8:8,3576,3576000,3577000,1.0,total_sent
fd00::208:8:8:8,3586,3586000,3587000,1.0,total_sent
fd00::208:8:8:8,3596,3596000,3597000,1.0,total_sent
fd00::209:9:9:9,42,42000,43000,0.0,total_sent
fd00::209:9:9:9,52,52000,53000,1.0,total_sent
fd00::209:9:9:9,63,63000,64000,1.0,total_sent
fd00::209:9:9:9,74,74000,75000,1.0,total_sent
fd00::209:9:9:9,84,84000,85000,1.0,total_sent
fd00::209:9:9:9,95,95000,96000,1.0,total_sent
fd00::209:9:9:9,105,105000,106000,1.0,total_sent
fd00::209:9:9:9,116,116000,117000,1.0,total_sent
fd00::209:9:9:9,126,126000,127000,1.0,total_sent
fd00::209:9:9:9,137,137000,138000,1.0,total_sent
fd00::209:9:9:9,147,147000,148000,1.0,total_sent
fd00::209:9:9:9,158,158000,159000,1.0,total_sent
fd00::209:9:9:9,168,168000,169000,1.0,total_sent
fd00::209:9:9:9,179,179000,180000,1.0,total_sent
fd00::209:9:9:9,189,189000,190000,1.0,total_sent
fd00::209:9:9:9,200,200000,201000,1.0,total_sent
fd00::209:9:9:9,210,210000,211000,1.0,total_sent
fd00::209:9:9:9,221,221000,222000,1.0,total_sent
fd00::209:9:9:9,231,231000,232000,1.0,total_sent
fd00::209:9:9:9,242,242000,243000,1.0,total_sent
fd00::209:9:9:9,252,252000,253000,1.0,total_sent
fd00::209:9:9:9,263,263000,264000,1.0,total_sent
fd00::209:9:9:9,273,273000,274000,1.0,total_sent
fd00::209:9:9:9,284,284000,285000,1.0,total_sent
fd00::209:9:9:9,294,294000,295000,1.0,total_sent
fd00::209:9:9:9,305,305000,306000,1.0,total_sent
fd00::209:9:9:9,315,315000,316000,1.0,total_sent
fd00::209:9:9:9,326,326000,327000,1.0,total_sent
fd00::209:9:9:9,336,336000,337000,1.0,total_sent
fd00::209:9:9:9,347,347000,348000,1.0,total_sent
fd00::209:9:9:9,357,357000,358000,1.0,total_sent
fd00::209:9:9:9,368,368000,369000,1.0,total_sent
fd00::209:9:9:9,378,378000,379000,1.0,total_sent
fd00::209:9:9:9,389,389000,390000,1.0,total_sent
fd00::209:9:9:9,400,400000,401000,1.0,total_sent
fd00::209:9:9:9,410,410000,411000,1.0,total_sent
fd00::209:9:9:9,421,421000,422000,1.0,total_sent
fd00::209:9:9:9,431,431000,432000,1.0,total_sent
fd00::209:9:9:9,442,442000,443000,1.0,total_sent
fd00::209:9:9:9,452,452000,453000,1.0,total_sent
fd00::209:9:9:9,463,463000,464000,1.0,total_sent
fd00::209:9:9:9,473,473000,474000,1.0,total_sent
fd00::209:9:9:9,484,484000,485000,1.0,total_sent
fd00::209:9:9:9,494,494000,495000,1.0,total_sent
fd00::209:9:9:9,505,505000,506000,1.0,total_sent
fd00::209:9:9:9,515,515000,516000,1.0,total_sent
fd00::209:9:9:9,526,526000,527000,1.0,total_sent
fd00::209:9:9:9,536,536000,537000,1.0,total_sent
fd00::209:9:9:9,547,547000,548000,1.0,total_sent
fd00::209:9:9:9,557,557000,558000,1.0,total_sent
fd00::209:9:9:9,568,568000,569000,1.0,total_sent
fd00::209:9:9:9,578,578000,579000,1.0,total_sent
fd00::209:9:9:9,589,589000,590000,1.0,total_sent
fd00::209:9:9:9,599,599000,600000,1.0,total_sent
fd00::209:9:9:9,610,610000,611000,1.0,total_sent
fd00::209:9:9:9,620,620000,621000,1.0,total_sent
fd00::209:9:9:9,631,631000,632000,1.0,total_sent
fd00::209:9:9:9,641,641000,642000,1.0,total_sent
fd00::209:9:9:9,652,652000,653000,1.0,total_sent
fd00::209:9:9:9,662,662000,663000,1.0,total_sent
fd00::209:9:9:9,673,673000,674000,1.0,total_sent
fd00::209:9:9:9,683,683000,684000,1.0,total_sent
fd00::209:9:9:9,694,694000,695000,1.0,total_sent
fd00::209:9:9:9,705,705000,706000,1.0,total_sent
fd00::209:9:9:9,715,715000,716000,1.0,total_sent
fd00::209:9:9:9,726,726000,727000,1.0,total_sent
fd00::209:9:9:9,736,736000,737000,1.0,total_sent
fd00::209:9:9:9,747,747000,748000,1.0,total_sent
fd00::209:9:9:9,757,757000,758000,1.0,total_sent
fd00::209:9:9:9,768,768000,769000,1.0,total_sent
fd00::209:9:9:9,778,778000,779000,1.0,total_sent
fd00::209:9:9:9,789,789000,790000,1.0,total_sent
fd00::209:9:9:9,799,799000,800000,1.0,total_sent
fd00::209:9:9:9,810,810000,811000,1.0,total_sent
fd00::209:9:9:9,820,820000,821000,1.0,total_sent
fd00::209:9:9:9,831,831000,832000,1.0,total_sent
fd00::209:9:9:9,841,841000,842000,1.0,total_sent
fd00::209:9:9:9,852,852000,853000,1.0,total_sent
fd00::209:9:9:9,862,862000,863000,1.0,total_sent
fd00::209:9:9:9,873,873000,874000,1.0,total_sent
fd00::209:9:9:9,883,883000,884000,1.0,total_sent
fd00::209:9:9:9,894,894000,895000,1.0,total_sent
fd00::209:9:9:9,904,904000,905000,1.0,total_sent
fd00::209:9:9:9,915,915000,916000,1.0,total_sent
fd00::209:9:9:9,925,925000,926000,1.0,total_sent
fd00::209:9:9:9,936,936000,937000,1.0,total_sent
fd00::209:9:9:9,946,946000,947000,1.0,total_sent
fd00::209:9:9:9,957,957000,958000,1.0,total_sent
fd00::209:9:9:9,967,967000,968000,1.0,total_sent
fd00::209:9:9:9,978,978000,979000,1.0,total_sent
fd00::209:9:9:9,988,988000,989000,1.0,total_sent
fd00::209:9:9:9,999,999000,1000000,1.0,total_sent
fd00::209:9:9:9,1009,1009000,1010000,1.0,total_sent
fd00::209:9:9:9,1020,1020000,1021000,1.0,total_sent
fd00::209:9:9:9,1031,1031000,1032000,1.0,total_sent
fd00::209:9:9:9,1041,1041000,1042000,1.0,total_sent
fd00::209:9:9:9,1052,1052000,1053000,1.0,total_sent
fd00::209:9:9:9,1062,1062000,1063000,1.0,total_sent
fd00::209:9:9:9,1073,1073000,1074000,1.0,total_sent
fd00::209:9:9:9,1083,1083000,1084000,1.0,total_sent
fd00::209:9:9:9,1094,1094000,1095000,1.0,total_sent
fd00::209:9:9:9,1104,1104000,1105000,1.0,total_sent
fd00::209:9:9:9,1115,1115000,1116000,1.0,total_sent
fd00::209:9:9:9,1125,1125000,1126000,1.0,total_sent
fd00::209:9:9:9,1136,1136000,1137000,1.0,total_sent
fd00::209:9:9:9,1146,1146000,1147000,1.0,total_sent
fd00::209:9:9:9,1157,1157000,1158000,1.0,total_sent
fd00::209:9:9:9,1167,1167000,1168000,1.0,total_sent
fd00::209:9:9:9,1178,1178000,1179000,1.0,total_sent
fd00::209:9:9:9,1188,1188000,1189000,1.0,total_sent
fd00::209:9:9:9,1199,1199000,1200000,1.0,total_sent
fd00::209:9:9:9,1209,1209000,1210000,1.0,total_sent
fd00::209:9:9:9,1220,1220000,1221000,1.0,total_sent
fd00::209:9:9:9,1230,1230000,1231000,1.0,total_sent
fd00::209:9:9:9,1241,1241000,1242000,1.0,total_sent
fd00::209:9:9:9,1251,1251000,1252000,1.0,total_sent
fd00::209:9:9:9,1262,1262000,1263000,1.0,total_sent
fd00::209:9:9:9,1272,1272000,1273000,1.0,total_sent
fd00::209:9:9:9,1283,1283000,1284000,1.0,total_sent
fd00::209:9:9:9,1293,1293000,1294000,1.0,total_sent
fd00::209:9:9:9,1304,1304000,1305000,1.0,total_sent
fd00::209:9:9:9,1315,1315000,1316000,1.0,total_sent
fd00::209:9:9:9,1325,1325000,1326000,1.0,total_sent
fd00::209:9:9:9,1336,1336000,1337000,1.0,total_sent
fd00::209:9:9:9,1346,1346000,1347000,1.0,total_sent
fd00::209:9:9:9,1357,1357000,1358000,1.0,total_sent
fd00::209:9:9:9,1367,1367000,1368000,1.0,total_sent
fd00::209:9:9:9,1378,1378000,1379000,1.0,total_sent
fd00::209:9:9:9,1388,1388000,1389000,1.0,total_sent
fd00::209:9:9:9,1399,1399000,1400000,1.0,total_sent
fd00::209:9:9:9,1409,1409000,1410000,1.0,total_sent
fd00::209:9:9:9,1420,1420000,1421000,1.0,total_sent
fd00::209:9:9:9,1430,1430000,1431000,1.0,total_sent
fd00::209:9:9:9,1441,1441000,1442000,1.0,total_sent
fd00::209:9:9:9,1451,1451000,1452000,1.0,total_sent
fd00::209:9:9:9,1462,1462000,1463000,1.0,total_sent
fd00::209:9:9:9,1472,1472000,1473000,1.0,total_sent
fd00::209:9:9:9,1483,1483000,1484000,1.0,total_sent
fd00::209:9:9:9,1493,1493000,1494000,1.0,total_sent
fd00::209:9:9:9,1504,1504000,1505000,1.0,total_sent
fd00::209:9:9:9,1514,1514000,1515000,1.0,total_sent
fd00::209:9:9:9,1525,1525000,1526000,1.0,total_sent
fd00::209:9:9:9,1535,1535000,1536000,1.0,total_sent
fd00::209:9:9:9,1546,1546000,1547000,1.0,total_sent
fd00::209:9:9:9,1556,1556000,1557000,1.0,total_sent
fd00::209:9:9:9,1567,1567000,1568000,1.0,total_sent
fd00::209:9:9:9,1577,1577000,1578000,1.0,total_sent
fd00::209:9:9:9,1588,1588000,1589000,1.0,total_sent
fd00::209:9:9:9,1598,1598000,1599000,1.0,total_sent
fd00::209:9:9:9,1609,1609000,1610000,1.0,total_sent
fd00::209:9:9:9,1619,1619000,1620000,1.0,total_sent
fd00::209:9:9:9,1630,1630000,1631000,1.0,total_sent
fd00::209:9:9:9,1641,1641000,1642000,1.0,total_sent
fd00::209:9:9:9,1651,1651000,1652000,1.0,total_sent
fd00::209:9:9:9,1662,1662000,1663000,1.0,total_sent
fd00::209:9:9:9,1672,1672000,1673000,1.0,total_sent
fd00::209:9:9:9,1683,1683000,1684000,1.0,total_sent
fd00::209:9:9:9,1693,1693000,1694000,1.0,total_sent
fd00::209:9:9:9,1704,1704000,1705000,1.0,total_sent
fd00::209:9:9:9,1714,1714000,1715000,1.0,total_sent
fd00::209:9:9:9,1725,1725000,1726000,1.0,total_sent
fd00::209:9:9:9,1735,1735000,1736000,1.0,total_sent
fd00::209:9:9:9,1746,1746000,1747000,1.0,total_sent
fd00::209:9:9:9,1756,1756000,1757000,1.0,total_sent
fd00::209:9:9:9,1767,1767000,1768000,1.0,total_sent
fd00::209:9:9:9,1777,1777000,1778000,1.0,total_sent
fd00::209:9:9:9,1788,1788000,1789000,1.0,total_sent
fd00::209:9:9:9,1798,1798000,1799000,1.0,total_sent
fd00::209:9:9:9,1809,1809000,1810000,1.0,total_sent
fd00::209:9:9:9,1819,1819000,1820000,1.0,total_sent
fd00::209:9:9:9,1830,1830000,1831000,1.0,total_sent
fd00::209:9:9:9,1840,1840000,1841000,1.0,total_sent
fd00::209:9:9:9,1851,1851000,1852000,1.0,total_sent
fd00::209:9:9:9,1861,1861000,1862000,1.0,total_sent
fd00::209:9:9:9,1872,1872000,1873000,1.0,total_sent
fd00::209:9:9:9,1882,1882000,1883000,1.0,total_sent
fd00::209:9:9:9,1893,1893000,1894000,1.0,total_sent
fd00::209:9:9:9,1903,1903000,1904000,1.0,total_sent
fd00::209:9:9:9,1914,1914000,1915000,1.0,total_sent
fd00::209:9:9:9,1924,1924000,1925000,1.0,total_sent
fd00::209:9:9:9,1935,1935000,1936000,1.0,total_sent
fd00::209:9:9:9,1946,1946000,1947000,1.0,total_sent
fd00::209:9:9:9,1956,1956000,1957000,1.0,total_sent
fd00::209:9:9:9,1967,1967000,1968000,1.0,total_sent
fd00::209:9:9:9,1977,1977000,1978000,1.0,total_sent
fd00::209:9:9:9,1988,1988000,1989000,1.0,total_sent
fd00::209:9:9:9,1998,1998000,1999000,1.0,total_sent
fd00::209:9:9:9,2009,2009000,2010000,1.0,total_sent
fd00::209:9:9:9,2019,2019000,2020000,1.0,total_sent
fd00::209:9:9:9,2030,2030000,2031000,1.0,total_sent
fd00::209:9:9:9,2040,2040000,2041000,1.0,total_sent
fd00::209:9:9:9,2051,2051000,2052000,1.0,total_sent
fd00::209:9:9:9,2061,2061000,2062000,1.0,total_sent
fd00::209:9:9:9,2072,2072000,2073000,1.0,total_sent
fd00::209:9:9:9,2082,2082000,2083000,1.0,total_sent
fd00::209:9:9:9,2093,2093000,2094000,1.0,total_sent
fd00::209:9:9:9,2103,2103000,2104000,1.0,total_sent
fd00::209:9:9:9,2114,2114000,2115000,1.0,total_sent
fd00::209:9:9:9,2124,2124000,2125000,1.0,total_sent
fd00::209:9:9:9,2135,2135000,2136000,1.0,total_sent
fd00::209:9:9:9,2145,2145000,2146000,1.0,total_sent
fd00::209:9:9:9,2156,2156000,2157000,1.0,total_sent
fd00::209:9:9:9,2166,2166000,2167000,1.0,total_sent
fd00::209:9:9:9,2177,2177000,2178000,1.0,total_sent
fd00::209:9:9:9,2187,2187000,2188000,1.0,total_sent
fd00::209:9:9:9,2198,2198000,2199000,1.0,total_sent
fd00::209:9:9:9,2208,2208000,2209000,1.0,total_sent
fd00::209:9:9:9,2219,2219000,2220000,1.0,total_sent
fd00::209:9:9:9,2229,2229000,2230000,1.0,total_sent
fd00::209:9:9:9,2240,2240000,2241000,1.0,total_sent
fd00::209:9:9:9,2251,2251000,2252000,1.0,total_sent
fd00::209:9:9:9,2261,2261000,2262000,1.0,total_sent
fd00::209:9:9:9,2272,2272000,2273000,1.0,total_sent
fd00::209:9:9:9,2282,2282000,2283000,1.0,total_sent
fd00::209:9:9:9,2293,2293000,2294000,1.0,total_sent
fd00::209:9:9:9,2303,2303000,2304000,1.0,total_sent
fd00::209:9:9:9,2314,2314000,2315000,1.0,total_sent
fd00::209:9:9:9,2324,2324000,2325000,1.0,total_sent
fd00::209:9:9:9,2335,2335000,2336000,1.0,total_sent
fd00::209:9:9:9,2345,2345000,2346000,1.0,total_sent
fd00::209:9:9:9,2356,2356000,2357000,1.0,total_sent
fd00::209:9:9:9,2366,2366000,2367000,1.0,total_sent
fd00::209:9:9:9,2377,2377000,2378000,1.0,total_sent
fd00::209:9:9:9,2387,2387000,2388000,1.0,total_sent
fd00::209:9:9:9,2398,2398000,2399000,1.0,total_sent
fd00::209:9:9:9,2408,2408000,2409000,1.0,total_sent
fd00::209:9:9:9,2419,2419000,2420000,1.0,total_sent
fd00::209:9:9:9,2429,2429000,2430000,1.0,total_sent
fd00::209:9:9:9,2440,2440000,2441000,1.0,total_sent
fd00::209:9:9:9,2450,2450000,2451000,1.0,total_sent
fd00::209:9:9:9,2461,2461000,2462000,1.0,total_sent
fd00::209:9:9:9,2471,2471000,2472000,1.0,total_sent
fd00::209:9:9:9,2482,2482000,2483000,1.0,total_sent
fd00::209:9:9:9,2492,2492000,2493000,1.0,total_sent
fd00::209:9:9:9,2503,2503000,2504000,1.0,total_sent
fd00::209:9:9:9,2513,2513000,2514000,1.0,total_sent
fd00::209:9:9:9,2524,2524000,2525000,1.0,total_sent
fd00::209:9:9:9,2534,2534000,2535000,1.0,total_sent
fd00::209:9:9:9,2545,2545000,2546000,1.0,total_sent
fd00::209:9:9:9,2556,2556000,2557000,1.0,total_sent
fd00::209:9:9:9,2566,2566000,2567000,1.0,total_sent
fd00::209:9:9:9,2577,2577000,2578000,1.0,total_sent
fd00::209:9:9:9,2587,2587000,2588000,1.0,total_sent
fd00::209:9:9:9,2598,2598000,2599000,1.0,total_sent
fd00::209:9:9:9,2608,2608000,2609000,1.0,total_sent
fd00::209:9:9:9,2619,2619000,2620000,1.0,total_sent
fd00::209:9:9:9,2629,2629000,2630000,1.0,total_sent
fd00::209:9:9:9,2640,2640000,2641000,1.0,total_sent
fd00::209:9:9:9,2650,2650000,2651000,1.0,total_sent
fd00::209:9:9:9,2661,2661000,2662000,1.0,total_sent
fd00::209:9:9:9,2671,2671000,2672000,1.0,total_sent
fd00::209:9:9:9,2682,2682000,2683000,1.0,total_sent
fd00::209:9:9:9,2692,2692000,2693000,1.0,total_sent
fd00::209:9:9:9,2703,2703000,2704000,1.0,total_sent
fd00::209:9:9:9,2713,2713000,2714000,1.0,total_sent
fd00::209:9:9:9,2724,2724000,2725000,1.0,total_sent
fd00::209:9:9:9,2734,2734000,2735000,1.0,total_sent
fd00::209:9:9:9,2745,2745000,2746000,1.0,total_sent
fd00::209:9:9:9,2755,2755000,2756000,1.0,total_sent
fd00::209:9:9:9,2766,2766000,2767000,1.0,total_sent
fd00::209:9:9:9,2776,2776000,2777000,1.0,total_sent
fd00::209:9:9:9,2787,2787000,2788000,1.0,total_sent
fd00::209:9:9:9,2797,2797000,2798000,1.0,total_sent
fd00::209:9:9:9,2808,2808000,2809000,1.0,total_sent
fd00::209:9:9:9,2818,2818000,2819000,1.0,total_sent
fd00::209:9:9:9,2829,2829000,2830000,1.0,total_sent
fd00::209:9:9:9,2839,2839000,2840000,1.0,total_sent
fd00::209:9:9:9,2850,2850000,2851000,1.0,total_sent
fd00::209:9:9:9,2861,2861000,2862000,1.0,total_sent
fd00::209:9:9:9,2871,2871000,2872000,1.0,total_sent
fd00::209:9:9:9,2882,2882000,2883000,1.0,total_sent
fd00::209:9:9:9,2892,2892000,2893000,1.0,total_sent
fd00::209:9:9:9,2903,2903000,2904000,1.0,total_sent
fd00::209:9:9:9,2913,2913000,2914000,1.0,total_sent
fd00::209:9:9:9,2924,2924000,2925000,1.0,total_sent
fd00::209:9:9:9,2934,2934000,2935000,1.0,total_sent
fd00::209:9:9:9,2945,2945000,2946000,1.0,total_sent
fd00::209:9:9:9,2955,2955000,2956000,1.0,total_sent
fd00::209:9:9:9,2966,2966000,2967000,1.0,total_sent
fd00::209:9:9:9,2976,2976000,2977000,1.0,total_sent
fd00::209:9:9:9,2987,2987000,2988000,1.0,total_sent
fd00::209:9:9:9,2997,2997000,2998000,1.0,total_sent
fd00::209:9:9:9,3008,3008000,3009000,1.0,total_sent
fd00::209:9:9:9,3018,3018000,3019000,1.0,total_sent
fd00::209:9:9:9,3029,3029000,3030000,1.0,total_sent
fd00::209:9:9:9,3039,3039000,3040000,1.0,total_sent
fd00::209:9:9:9,3050,3050000,3051000,1.0,total_sent
fd00::209:9:9:9,3060,3060000,3061000,1.0,total_sent
fd00::209:9:9:9,3071,3071000,3072000,1.0,total_sent
fd00::209:9:9:9,3081,3081000,3082000,1.0,total_sent
fd00::209:9:9:9,3092,3092000,3093000,1.0,total_sent
fd00::209:9:9:9,3102,3102000,3103000,1.0,total_sent
fd00::209:9:9:9,3113,3113000,3114000,1.0,total_sent
fd00::209:9:9:9,3123,3123000,3124000,1.0,total_sent
fd00::209:9:9:9,3134,3134000,3135000,1.0,total_sent
fd00::209:9:9:9,3144,3144000,3145000,1.0,total_sent
fd00::209:9:9:9,3155,3155000,3156000,1.0,total_sent
fd00::209:9:9:9,3165,3165000,3166000,1.0,total_sent
fd00::209:9:9:9,3176,3176000,3177000,1.0,total_sent
fd00::209:9:9:9,3187,3187000,3188000,1.0,total_sent
fd00::209:9:9:9,3197,3197000,3198000,1.0,total_sent
fd00::209:9:9:9,3208,3208000,3209000,1.0,total_sent
fd00::209:9:9:9,3218,3218000,3219000,1.0,total_sent
fd00::209:9:9:9,3229,3229000,3230000,1.0,total_sent
fd00::209:9:9:9,3239,3239000,3240000,1.0,total_sent
fd00::209:9:9:9,3250,3250000,3251000,1.0,total_sent
fd00::209:9:9:9,3260,3260000,3261000,1.0,total_sent
fd00::209:9:9:9,3271,3271000,3272000,1.0,total_sent
fd00::209:9:9:9,3281,3281000,3282000,1.0,total_sent
fd00::209:9:9:9,3292,3292000,3293000,1.0,total_sent
fd00::209:9:9:9,3302,3302000,3303000,1.0,total_sent
fd00::209:9:9:9,3313,3313000,3314000,1.0,total_sent
fd00::209:9:9:9,3323,3323000,3324000,1.0,total_sent
fd00::209:9:9:9,3334,3334000,3335000,1.0,total_sent
fd00::209:9:9:9,3344,3344000,3345000,1.0,total_sent
fd00::209:9:9:9,3355,3355000,3356000,1.0,total_sent
fd00::209:9:9:9,3365,3365000,3366000,1.0,total_sent
fd00::209:9:9:9,3376,3376000,3377000,1.0,total_sent
fd00::209:9:9:9,3386,3386000,3387000,1.0,total_sent
fd00::209:9:9:9,3397,3397000,3398000,1.0,total_sent
fd00::209:9:9:9,3407,3407000,3408000,1.0,total_sent
fd00::209:9:9:9,3418,3418000,3419000,1.0,total_sent
fd00::209:9:9:9,3428,3428000,3429000,1.0,total_sent
fd00::209:9:9:9,3439,3439000,3440000,1.0,total_sent
fd00::209:9:9:9,3449,3449000,3450000,1.0,total_sent
fd00::209:9:9:9,3460,3460000,3461000,1.0,total_sent
fd00::209:9:9:9,3470,3470000,3471000,1.0,total_sent
fd00::209:9:9:9,3481,3481000,3482000,1.0,total_sent
fd00::209:9:9:9,3492,3492000,3493000,1.0,total_sent
fd00::209:9:9:9,3502,3502000,3503000,1.0,total_sent
fd00::209:9:9:9,3513,3513000,3514000,1.0,total_sent
fd00::209:9:9:9,3523,3523000,3524000,1.0,total_sent
fd00::209:9:9:9,3534,3534000,3535000,1.0,total_sent
fd00::209:9:9:9,3544,3544000,3545000,1.0,total_sent
fd00::209:9:9:9,3555,3555000,3556000,1.0,total_sent
fd00::209:9:9:9,3565,3565000,3566000,1.0,total_sent
fd00::209:9:9:9,3576,3576000,3577000,1.0,total_sent
fd00::209:9:9:9,3586,3586000,3587000,1.0,total_sent
fd00::209:9:9:9,3597,3597000,3598000,1.0,total_sent
fd00::20a:a:a:a,51,51000,52000,0.0,total_sent
fd00::20a:a:a:a,61,61000,62000,1.0,total_sent
fd00::20a:a:a:a,71,71000,72000,1.0,total_sent
fd00::20a:a:a:a,82,82000,83000,1.0,total_sent
fd00::20a:a:a:a,92,92000,93000,1.0,total_sent
fd00::20a:a:a:a,102,102000,103000,1.0,total_sent
fd00::20a:a:a:a,112,112000,113000,1.0,total_sent
fd00::20a:a:a:a,122,122000,123000,1.0,total_sent
fd00::20a:a:a:a,133,133000,134000,1.0,total_sent
fd00::20a:a:a:a,143,143000,144000,1.0,total_sent
fd00::20a:a:a:a,153,153000,154000,1.0,total_sent
fd00::20a:a:a:a,163,163000,164000,1.0,total_sent
fd00::20a:a:a:a,173,173000,174000,1.0,total_sent
fd00::20a:a:a:a,184,184000,185000,1.0,total_sent
fd00::20a:a:a:a,194,194000,195000,1.0,total_sent
fd00::20a:a:a:a,204,204000,205000,1.0,total_sent
fd00::20a:a:a:a,214,214000,215000,1.0,total_sent
fd00::20a:a:a:a,225,225000,226000,1.0,total_sent
fd00::20a:a:a:a,235,235000,236000,1.0,total_sent
fd00::20a:a:a:a,245,245000,246000,1.0,total_sent
fd00::20a:a:a:a,255,255000,256000,1.0,total_sent
fd00::20a:a:a:a,265,265000,266000,1.0,total_sent
fd00::20a:a:a:a,276,276000,277000,1.0,total_sent
fd00::20a:a:a:a,286,286000,287000,1.0,total_sent
fd00::20a:a:a:a,296,296000,297000,1.0,total_sent
fd00::20a:a:a:a,306,306000,307000,1.0,total_sent
fd00::20a:a:a:a,317,317000,318000,1.0,total_sent
fd00::20a:a:a:a,327,327000,328000,1.0,total_sent
fd00::20a:a:a:a,337,337000,338000,1.0,total_sent
fd00::20a:a:a:a,347,347000,348000,1.0,total_sent
fd00::20a:a:a:a,357,357000,358000,1.0,total_sent
fd00::20a:a:a:a,368,368000,369000,1.0,total_sent
fd00::20a:a:a:a,378,378000,379000,1.0,total_sent
fd00::20a:a:a:a,388,388000,389000,1.0,total_sent
fd00::20a:a:a:a,398,398000,399000,1.0,total_sent
fd00::20a:a:a:a,409,409000,410000,1.0,total_sent
fd00::20a:a:a:a,419,419000,420000,1.0,total_sent
fd00::20a:a:a:a,429,429000,430000,1.0,total_sent
fd00::20a:a:a:a,439,439000,440000,1.0,total_sent
fd00::20a:a:a:a,449,449000,450000,1.0,total_sent
fd00::20a:a:a:a,460,460000,461000,1.0,total_sent
fd00::20a:a:a:a,470,470000,471000,1.0,total_sent
fd00::20a:a:a:a,480,480000,481000,1.0,total_sent
fd00::20a:a:a:a,490,490000,491000,1.0,total_sent
fd00::20a:a:a:a,501,501000,502000,1.0,total_sent
fd00::20a:a:a:a,511,511000,512000,1.0,total_sent
fd00::20a:a:a:a,521,521000,522000,1.0,total_sent
fd00::20a:a:a:a,531,531000,532000,1.0,total_sent
fd00::20a:a:a:a,541,541000,542000,1.0,total_sent
fd00::20a:a:a:a,552,552000,553000,1.0,total_sent
fd00::20a:a:a:a,562,562000,563000,1.0,total_sent
fd00::20a:a:a:a,572,572000,573000,1.0,total_sent
fd00::20a:a:a:a,582,582000,583000,1.0,total_sent
fd00::20a:a:a:a,592,592000,593000,1.0,total_sent
fd00::20a:a:a:a,603,603000,604000,1.0,total_sent
fd00::20a:a:a:a,613,613000,614000,1.0,total_sent
fd00::20a:a:a:a,623,623000,624000,1.0,total_sent
fd00::20a:a:a:a,633,633000,634000,1.0,total_sent
fd00::20a:a:a:a,644,644000,645000,1.0,total_sent
fd00::20a:a:a:a,654,654000,655000,1.0,total_sent
fd00::20a:a:a:a,664,664000,665000,1.0,total_sent
fd00::20a:a:a:a,674,674000,675000,1.0,total_sent
fd00::20a:a:a:a,684,684000,685000,1.0,total_sent
fd00::20a:a:a:a,695,695000,696000,1.0,total_sent
fd00::20a:a:a:a,705,705000,706000,1.0,total_sent
fd00::20a:a:a:a,715,715000,716000,1.0,total_sent
fd00::20a:a:a:a,725,725000,726000,1.0,total_sent
fd00::20a:a:a:a,735,735000,736000,1.0,total_sent
fd00::20a:a:a:a,746,746000,747000,1.0,total_sent
fd00::20a:a:a:a,756,756000,757000,1.0,total_sent
fd00::20a:a:a:a,766,766000,767000,1.0,total_sent
fd00::20a:a:a:a,776,776000,777000,1.0,total_sent
fd00::20a:a:a:a,787,787000,788000,1.0,total_sent
fd00::20a:a:a:a,797,797000,798000,1.0,total_sent
fd00::20a:a:a:a,807,807000,808000,1.0,total_sent
fd00::20a:a:a:a,817,817000,818000,1.0,total_sent
fd00::20a:a:a:a,827,827000,828000,1.0,total_sent
fd00::20a:a:a:a,838,838000,839000,1.0,total_sent
fd00::20a:a:a:a,848,848000,849000,1.0,total_sent
fd00::20a:a:a:a,858,858000,859000,1.0,total_sent
fd00::20a:a:a:a,868,868000,869000,1.0,total_sent
fd00::20a:a:a:a,879,879000,880000,1.0,total_sent
fd00::20a:a:a:a,889,889000,890000,1.0,total_sent
fd00::20a:a:a:a,899,899000,900000,1.0,total_sent
fd00::20a:a:a:a,909,909000,910000,1.0,total_sent
fd00::20a:a:a:a,919,919000,920000,1.0,total_sent
fd00::20a:a:a:a,930,930000,931000,1.0,total_sent
fd00::20a:a:a:a,940,940000,941000,1.0,total_sent
fd00::20a:a:a:a,950,950000,951000,1.0,total_sent
fd00::20a:a:a:a,960,960000,961000,1.0,total_sent
fd00::20a:a:a:a,971,971000,972000,1.0,total_sent
fd00::20a:a:a:a,981,981000,982000,1.0,total_sent
fd00::20a:a:a:a,991,991000,992000,1.0,total_sent
fd00::20a:a:a:a,1001,1001000,1002000,1.0,total_sent
fd00::20a:a:a:a,1011,1011000,1012000,1.0,total_sent
fd00::20a:a:a:a,1022,1022000,1023000,1.0,total_sent
fd00::20a:a:a:a,1032,1032000,1033000,1.0,total_sent
fd00::20a:a:a:a,1042,1042000,1043000,1.0,total_sent
fd00::20a:a:a:a,1052,1052000,1053000,1.0,total_sent
fd00::20a:a:a:a,1063,1063000,1064000,1.0,total_sent
fd00::20a:a:a:a,1073,1073000,1074000,1.0,total_sent
fd00::20a:a:a:a,1083,1083000,1084000,1.0,total_sent
fd00::20a:a:a:a,1093,1093000,1094000,1.0,total_sent
fd00::20a:a:a:a,1103,1103000,1104000,1.0,total_sent
fd00::20a:a:a:a,1114,1114000,1115000,1.0,total_sent
fd00::20a:a:a:a,1124,1124000,1125000,1.0,total_sent
fd00::20a:a:a:a,1134,1134000,1135000,1.0,total_sent
fd00::20a:a:a:a,1144,1144000,1145000,1.0,total_sent
fd00::20a:a:a:a,1154,1154000,1155000,1.0,total_sent
fd00::20a:a:a:a,1165,1165000,1166000,1.0,total_sent
fd00::20a:a:a:a,1175,1175000,1176000,1.0,total_sent
fd00::20a:a:a:a,1185,1185000,1186000,1.0,total_sent
fd00::20a:a:a:a,1195,1195000,1196000,1.0,total_sent
fd00::20a:a:a:a,1206,1206000,1207000,1.0,total_sent
fd00::20a:a:a:a,1216,1216000,1217000,1.0,total_sent
fd00::20a:a:a:a,1226,1226000,1227000,1.0,total_sent
fd00::20a:a:a:a,1236,1236000,1237000,1.0,total_sent
fd00::20a:a:a:a,1246,1246000,1247000,1.0,total_sent
fd00::20a:a:a:a,1257,1257000,1258000,1.0,total_sent
fd00::20a:a:a:a,1267,1267000,1268000,1.0,total_sent
fd00::20a:a:a:a,1277,1277000,1278000,1.0,total_sent
fd00::20a:a:a:a,1287,1287000,1288000,1.0,total_sent
fd00::20a:a:a:a,1298,1298000,1299000,1.0,total_sent
fd00::20a:a:a:a,1308,1308000,1309000,1.0,total_sent
fd00::20a:a:a:a,1318,1318000,1319000,1.0,total_sent
fd00::20a:a:a:a,1328,1328000,1329000,1.0,total_sent
fd00::20a:a:a:a,1338,1338000,1339000,1.0,total_sent
fd00::20a:a:a:a,1349,1349000,1350000,1.0,total_sent
fd00::20a:a:a:a,1359,1359000,1360000,1.0,total_sent
fd00::20a:a:a:a,1369,1369000,1370000,1.0,total_sent
fd00::20a:a:a:a,1379,1379000,1380000,1.0,total_sent
fd00::20a:a:a:a,1390,1390000,1391000,1.0,total_sent
fd00::20a:a:a:a,1400,1400000,1401000,1.0,total_sent
fd00::20a:a:a:a,1410,1410000,1411000,1.0,total_sent
fd00::20a:a:a:a,1420,1420000,1421000,1.0,total_sent
fd00::20a:a:a:a,1430,1430000,1431000,1.0,total_sent
fd00::20a:a:a:a,1441,1441000,1442000,1.0,total_sent
fd00::20a:a:a:a,1451,1451000,1452000,1.0,total_sent
fd00::20a:a:a:a,1461,1461000,1462000,1.0,total_sent
fd00::20a:a:a:a,1471,1471000,1472000,1.0,total_sent
fd00::20a:a:a:a,1482,1482000,1483000,1.0,total_sent
fd00::20a:a:a:a,1492,1492000,1493000,1.0,total_sent
fd00::20a:a:a:a,1502,1502000,1503000,1.0,total_sent
fd00::20a:a:a:a,1512,1512000,1513000,1.0,total_sent
fd00::20a:a:a:a,1522,1522000,1523000,1.0,total_sent
fd00::20a:a:a:a,1533,1533000,1534000,1.0,total_sent
fd00::20a:a:a:a,1543,1543000,1544000,1.0,total_sent
fd00::20a:a:a:a,1553,1553000,1554000,1.0,total_sent
fd00::20a:a:a:a,1563,1563000,1564000,1.0,total_sent
fd00::20a:a:a:a,1573,1573000,1574000,1.0,total_sent
fd00::20a:a:a:a,1584,1584000,1585000,1.0,total_sent
fd00::20a:a:a:a,1594,1594000,1595000,1.0,total_sent
fd00::20a:a:a:a,1604,1604000,1605000,1.0,total_sent
fd00::20a:a:a:a,1614,1614000,1615000,1.0,total_sent
fd00::20a:a:a:a,1625,1625000,1626000,1.0,total_sent
fd00::20a:a:a:a,1635,1635000,1636000,1.0,total_sent
fd00::20a:a:a:a,1645,1645000,1646000,1.0,total_sent
fd00::20a:a:a:a,1655,1655000,1656000,1.0,total_sent
fd00::20a:a:a:a,1665,1665000,1666000,1.0,total_sent
fd00::20a:a:a:a,1676,1676000,1677000,1.0,total_sent
fd00::20a:a:a:a,1686,1686000,1687000,1.0,total_sent
fd00::20a:a:a:a,1696,1696000,1697000,1.0,total_sent
fd00::20a:a:a:a,1706,1706000,1707000,1.0,total_sent
fd00::20a:a:a:a,1717,1717000,1718000,1.0,total_sent
fd00::20a:a:a:a,1727,1727000,1728000,1.0,total_sent
fd00::20a:a:a:a,1737,1737000,1738000,1.0,total_sent
fd00::20a:a:a:a,1747,1747000,1748000,1.0,total_sent
fd00::20a:a:a:a,1757,1757000,1758000,1.0,total_sent
fd00::20a:a:a:a,1768,1768000,1769000,1.0,total_sent
fd00::20a:a:a:a,1778,1778000,1779000,1.0,total_sent
fd00::20a:a:a:a,1788,1788000,1789000,1.0,total_sent
fd00::20a:a:a:a,1798,1798000,1799000,1.0,total_sent
fd00::20a:a:a:a,1809,1809000,1810000,1.0,total_sent
fd00::20a:a:a:a,1819,1819000,1820000,1.0,total_sent
fd00::20a:a:a:a,1829,1829000,1830000,1.0,total_sent
fd00::20a:a:a:a,1839,1839000,1840000,1.0,total_sent
fd00::20a:a:a:a,1849,1849000,1850000,1.0,total_sent
fd00::20a:a:a:a,1860,1860000,1861000,1.0,total_sent
fd00::20a:a:a:a,1870,1870000,1871000,1.0,total_sent
fd00::20a:a:a:a,1880,1880000,1881000,1.0,total_sent
fd00::20a:a:a:a,1890,1890000,1891000,1.0,total_sent
fd00::20a:a:a:a,1901,1901000,1902000,1.0,total_sent
fd00::20a:a:a:a,1911,1911000,1912000,1.0,total_sent
fd00::20a:a:a:a,1921,1921000,1922000,1.0,total_sent
fd00::20a:a:a:a,1931,1931000,1932000,1.0,total_sent
fd00::20a:a:a:a,1941,1941000,1942000,1.0,total_sent
fd00::20a:a:a:a,1952,1952000,1953000,1.0,total_sent
fd00::20a:a:a:a,1962,1962000,1963000,1.0,total_sent
fd00::20a:a:a:a,1972,1972000,1973000,1.0,total_sent
fd00::20a:a:a:a,1982,1982000,1983000,1.0,total_sent
fd00::20a:a:a:a,1992,1992000,1993000,1.0,total_sent
fd00::20a:a:a:a,2003,2003000,2004000,1.0,total_sent
fd00::20a:a:a:a,2013,2013000,2014000,1.0,total_sent
fd00::20a:a:a:a,2023,2023000,2024000,1.0,total_sent
fd00::20a:a:a:a,2033,2033000,2034000,1.0,total_sent
fd00::20a:a:a:a,2044,2044000,2045000,1.0,total_sent
fd00::20a:a:a:a,2054,2054000,2055000,1.0,total_sent
fd00::20a:a:a:a,2064,2064000,2065000,1.0,total_sent
fd00::20a:a:a:a,2074,2074000,2075000,1.0,total_sent
fd00::20a:a:a:a,2084,2084000,2085000,1.0,total_sent
fd00::20a:a:a:a,2095,2095000,2096000,1.0,total_sent
fd00::20a:a:a:a,2105,2105000,2106000,1.0,total_sent
fd00::20a:a:a:a,2115,2115000,2116000,1.0,total_sent
fd00::20a:a:a:a,2125,2125000,2126000,1.0,total_sent
fd00::20a:a:a:a,2136,2136000,2137000,1.0,total_sent
fd00::20a:a:a:a,2146,2146000,2147000,1.0,total_sent
fd00::20a:a:a:a,2156,2156000,2157000,1.0,total_sent
fd00::20a:a:a:a,2166,2166000,2167000,1.0,total_sent
fd00::20a:a:a:a,2176,2176000,2177000,1.0,total_sent
fd00::20a:a:a:a,2187,2187000,2188000,1.0,total_sent
fd00::20a:a:a:a,2197,2197000,2198000,1.0,total_sent
fd00::20a:a:a:a,2207,2207000,2208000,1.0,total_sent
fd00::20a:a:a:a,2217,2217000,2218000,1.0,total_sent
fd00::20a:a:a:a,2227,2227000,2228000,1.0,total_sent
fd00::20a:a:a:a,2238,2238000,2239000,1.0,total_sent
fd00::20a:a:a:a,2248,2248000,2249000,1.0,total_sent
fd00::20a:a:a:a,2258,2258000,2259000,1.0,total_sent
fd00::20a:a:a:a,2268,2268000,2269000,1.0,total_sent
fd00::20a:a:a:a,2279,2279000,2280000,1.0,total_sent
fd00::20a:a:a:a,2289,2289000,2290000,1.0,total_sent
fd00::20a:a:a:a,2299,2299000,2300000,1.0,total_sent
fd00::20a:a:a:a,2309,2309000,2310000,1.0,total_sent
fd00::20a:a:a:a,2319,2319000,2320000,1.0,total_sent
fd00::20a:a:a:a,2330,2330000,2331000,1.0,total_sent
fd00::20a:a:a:a,2340,2340000,2341000,1.0,total_sent
fd00::20a:a:a:a,2350,2350000,2351000,1.0,total_sent
fd00::20a:a:a:a,2360,2360000,2361000,1.0,total_sent
fd00::20a:a:a:a,2371,2371000,2372000,1.0,total_sent
fd00::20a:a:a:a,2381,2381000,2382000,1.0,total_sent
fd00::20a:a:a:a,2391,2391000,2392000,1.0,total_sent
fd00::20a:a:a:a,2401,2401000,2402000,1.0,total_sent
fd00::20a:a:a:a,2411,2411000,2412000,1.0,total_sent
fd00::20a:a:a:a,2422,2422000,2423000,1.0,total_sent
fd00::20a:a:a:a,2432,2432000,2433000,1.0,total_sent
fd00::20a:a:a:a,2442,2442000,2443000,1.0,total_sent
fd00::20a:a:a:a,2452,2452000,2453000,1.0,total_sent
fd00::20a:a:a:a,2463,2463000,2464000,1.0,total_sent
fd00::20a:a:a:a,2473,2473000,2474000,1.0,total_sent
fd00::20a:a:a:a,2483,2483000,2484000,1.0,total_sent
fd00::20a:a:a:a,2493,2493000,2494000,1.0,total_sent
fd00::20a:a:a:a,2503,2503000,2504000,1.0,total_sent
fd00::20a:a:a:a,2514,2514000,2515000,1.0,total_sent
fd00::20a:a:a:a,2524,2524000,2525000,1.0,total_sent
fd00::20a:a:a:a,2534,2534000,2535000,1.0,total_sent
fd00::20a:a:a:a,2544,2544000,2545000,1.0,total_sent
fd00::20a:a:a:a,2555,2555000,2556000,1.0,total_sent
fd00::20a:a:a:a,2565,2565000,2566000,1.0,total_sent
fd00::20a:a:a:a,2575,2575000,2576000,1.0,total_sent
fd00::20a:a:a:a,2585,2585000,2586000,1.0,total_sent
fd00::20a:a:a:a,2595,2595000,2596000,1.0,total_sent
fd00::20a:a:a:a,2606,2606000,2607000,1.0,total_sent
fd00::20a:a:a:a,2616,2616000,2617000,1.0,total_sent
fd00::20a:a:a:a,2626,2626000,2627000,1.0,total_sent
fd00::20a:a:a:a,2636,2636000,2637000,1.0,total_sent
fd00::20a:a:a:a,2646,2646000,2647000,1.0,total_sent
fd00::20a:a:a:a,2657,2657000,2658000,1.0,total_sent
fd00::20a:a:a:a,2667,2667000,2668000,1.0,total_sent
fd00::20a:a:a:a,2677,2677000,2678000,1.0,total_sent
fd00::20a:a:a:a,2687,2687000,2688000,1.0,total_sent
fd00::20a:a:a:a,2698,2698000,2699000,1.0,total_sent
fd00::20a:a:a:a,2708,2708000,2709000,1.0,total_sent
fd00::20a:a:a:a,2718,2718000,2719000,1.0,total_sent
fd00::20a:a:a:a,2728,2728000,2729000,1.0,total_sent
fd00::20a:a:a:a,2738,2738000,2739000,1.0,total_sent
fd00::20a:a:a:a,2749,2749000,2750000,1.0,total_sent
fd00::20a:a:a:a,2759,2759000,2760000,1.0,total_sent
fd00::20a:a:a:a,2769,2769000,2770000,1.0,total_sent
fd00::20a:a:a:a,2779,2779000,2780000,1.0,total_sent
fd00::20a:a:a:a,2790,2790000,2791000,1.0,total_sent
fd00::20a:a:a:a,2800,2800000,2801000,1.0,total_sent
fd00::20a:a:a:a,2810,2810000,2811000,1.0,total_sent
fd00::20a:a:a:a,2820,2820000,2821000,1.0,total_sent
fd00::20a:a:a:a,2830,2830000,2831000,1.0,total_sent
fd00::20a:a:a:a,2841,2841000,2842000,1.0,total_sent
fd00::20a:a:a:a,2851,2851000,2852000,1.0,total_sent
fd00::20a:a:a:a,2861,2861000,2862000,1.0,total_sent
fd00::20a:a:a:a,2871,2871000,2872000,1.0,total_sent
fd00::20a:a:a:a,2882,2882000,2883000,1.0,total_sent
fd00::20a:a:a:a,2892,2892000,2893000,1.0,total_sent
fd00::20a:a:a:a,2902,2902000,2903000,1.0,total_sent
fd00::20a:a:a:a,2912,2912000,2913000,1.0,total_sent
fd00::20a:a:a:a,2922,2922000,2923000,1.0,total_sent
fd00::20a:a:a:a,2933,2933000,2934000,1.0,total_sent
fd00::20a:a:a:a,2943,2943000,2944000,1.0,total_sent
fd00::20a:a:a:a,2953,2953000,2954000,1.0,total_sent
fd00::20a:a:a:a,2963,2963000,2964000,1.0,total_sent
fd00::20a:a:a:a,2974,2974000,2975000,1.0,total_sent
fd00::20a:a:a:a,2984,2984000,2985000,1.0,total_sent
fd00::20a:a:a:a,2994,2994000,2995000,1.0,total_sent
fd00::20a:a:a:a,3004,3004000,3005000,1.0,total_sent
fd00::20a:a:a:a,3014,3014000,3015000,1.0,total_sent
fd00::20a:a:a:a,3025,3025000,3026000,1.0,total_sent
fd00::20a:a:a:a,3035,3035000,3036000,1.0,total_sent
fd00::20a:a:a:a,3045,3045000,3046000,1.0,total_sent
fd00::20a:a:a:a,3055,3055000,3056000,1.0,total_sent
fd00::20a:a:a:a,3066,3066000,3067000,1.0,total_sent
fd00::20a:a:a:a,3076,3076000,3077000,1.0,total_sent
fd00::20a:a:a:a,3086,3086000,3087000,1.0,total_sent
fd00::20a:a:a:a,3096,3096000,3097000,1.0,total_sent
fd00::20a:a:a:a,3106,3106000,3107000,1.0,total_sent
fd00::20a:a:a:a,3117,3117000,3118000,1.0,total_sent
fd00::20a:a:a:a,3127,3127000,3128000,1.0,total_sent
fd00::20a:a:a:a,3137,3137000,3138000,1.0,total_sent
fd00::20a:a:a:a,3147,3147000,3148000,1.0,total_sent
fd00::20a:a:a:a,3157,3157000,3158000,1.0,total_sent
fd00::20a:a:a:a,3168,3168000,3169000,1.0,total_sent
fd00::20a:a:a:a,3178,3178000,3179000,1.0,total_sent
fd00::20a:a:a:a,3188,3188000,3189000,1.0,total_sent
fd00::20a:a:a:a,3198,3198000,3199000,1.0,total_sent
fd00::20a:a:a:a,3209,3209000,3210000,1.0,total_sent
fd00::20a:a:a:a,3219,3219000,3220000,1.0,total_sent
fd00::20a:a:a:a,3229,3229000,3230000,1.0,total_sent
fd00::20a:a:a:a,3239,3239000,3240000,1.0,total_sent
fd00::20a:a:a:a,3249,3249000,3250000,1.0,total_sent
fd00::20a:a:a:a,3260,3260000,3261000,1.0,total_sent
fd00::20a:a:a:a,3270,3270000,3271000,1.0,total_sent
fd00::20a:a:a:a,3280,3280000,3281000,1.0,total_sent
fd00::20a:a:a:a,3290,3290000,3291000,1.0,total_sent
fd00::20a:a:a:a,3300,3300000,3301000,1.0,total_sent
fd00::20a:a:a:a,3311,3311000,3312000,1.0,total_sent
fd00::20a:a:a:a,3321,3321000,3322000,1.0,total_sent
fd00::20a:a:a:a,3331,3331000,3332000,1.0,total_sent
fd00::20a:a:a:a,3341,3341000,3342000,1.0,total_sent
fd00::20a:a:a:a,3352,3352000,3353000,1.0,total_sent
fd00::20a:a:a:a,3362,3362000,3363000,1.0,total_sent
fd00::20a:a:a:a,3372,3372000,3373000,1.0,total_sent
fd00::20a:a:a:a,3382,3382000,3383000,1.0,total_sent
fd00::20a:a:a:a,3392,3392000,3393000,1.0,total_sent
fd00::20a:a:a:a,3403,3403000,3404000,1.0,total_sent
fd00::20a:a:a:a,3413,3413000,3414000,1.0,total_sent
fd00::20a:a:a:a,3423,3423000,3424000,1.0,total_sent
fd00::20a:a:a:a,3433,3433000,3434000,1.0,total_sent
fd00::20a:a:a:a,3444,3444000,3445000,1.0,total_sent
fd00::20a:a:a:a,3454,3454000,3455000,1.0,total_sent
fd00::20a:a:a:a,3464,3464000,3465000,1.0,total_sent
fd00::20a:a:a:a,3474,3474000,3475000,1.0,total_sent
fd00::20a:a:a:a,3484,3484000,3485000,1.0,total_sent
fd00::20a:a:a:a,3495,3495000,3496000,1.0,total_sent
fd00::20a:a:a:a,3505,3505000,3506000,1.0,total_sent
fd00::20a:a:a:a,3515,3515000,3516000,1.0,total_sent
fd00::20a:a:a:a,3525,3525000,3526000,1.0,total_sent
fd00::20a:a:a:a,3536,3536000,3537000,1.0,total_sent
fd00::20a:a:a:a,3546,3546000,3547000,1.0,total_sent
fd00::20a:a:a:a,3556,3556000,3557000,1.0,total_sent
fd00::20a:a:a:a,3566,3566000,3567000,1.0,total_sent
fd00::20a:a:a:a,3576,3576000,3577000,1.0,total_sent
fd00::20a:a:a:a,3587,3587000,3588000,1.0,total_sent
fd00::20a:a:a:a,3597,3597000,3598000,1.0,total_sent
fd00::20b:b:b:b,52,52000,53000,0.0,total_sent
fd00::20b:b:b:b,63,63000,64000,1.0,total_sent
fd00::20b:b:b:b,74,74000,75000,1.0,total_sent
fd00::20b:b:b:b,84,84000,85000,1.0,total_sent
fd00::20b:b:b:b,95,95000,96000,1.0,total_sent
fd00::20b:b:b:b,106,106000,107000,1.0,total_sent
fd00::20b:b:b:b,116,116000,117000,1.0,total_sent
fd00::20b:b:b:b,127,127000,128000,1.0,total_sent
fd00::20b:b:b:b,137,137000,138000,1.0,total_sent
fd00::20b:b:b:b,148,148000,149000,1.0,total_sent
fd00::20b:b:b:b,159,159000,160000,1.0,total_sent
fd00::20b:b:b:b,169,169000,170000,1.0,total_sent
fd00::20b:b:b:b,180,180000,181000,1.0,total_sent
fd00::20b:b:b:b,190,190000,191000,1.0,total_sent
fd00::20b:b:b:b,201,201000,202000,1.0,total_sent
fd00::20b:b:b:b,212,212000,213000,1.0,total_sent
fd00::20b:b:b:b,222,222000,223000,1.0,total_sent
fd00::20b:b:b:b,233,233000,234000,1.0,total_sent
fd00::20b:b:b:b,243,243000,244000,1.0,total_sent
fd00::20b:b:b:b,254,254000,255000,1.0,total_sent
fd00::20b:b:b:b,265,265000,266000,1.0,total_sent
fd00::20b:b:b:b,275,275000,276000,1.0,total_sent
fd00::20b:b:b:b,286,286000,287000,1.0,total_sent
fd00::20b:b:b:b,296,296000,297000,1.0,total_sent
fd00::20b:b:b:b,307,307000,308000,1.0,total_sent
fd00::20b:b:b:b,318,318000,319000,1.0,total_sent
fd00::20b:b:b:b,328,328000,329000,1.0,total_sent
fd00::20b:b:b:b,339,339000,340000,1.0,total_sent
fd00::20b:b:b:b,350,350000,351000,1.0,total_sent
fd00::20b:b:b:b,360,360000,361000,1.0,total_sent
fd00::20b:b:b:b,371,371000,372000,1.0,total_sent
fd00::20b:b:b:b,381,381000,382000,1.0,total_sent
fd00::20b:b:b:b,392,392000,393000,1.0,total_sent
fd00::20b:b:b:b,403,403000,404000,1.0,total_sent
fd00::20b:b:b:b,413,413000,414000,1.0,total_sent
fd00::20b:b:b:b,424,424000,425000,1.0,total_sent
fd00::20b:b:b:b,434,434000,435000,1.0,total_sent
fd00::20b:b:b:b,445,445000,446000,1.0,total_sent
fd00::20b:b:b:b,456,456000,457000,1.0,total_sent
fd00::20b:b:b:b,466,466000,467000,1.0,total_sent
fd00::20b:b:b:b,477,477000,478000,1.0,total_sent
fd00::20b:b:b:b,487,487000,488000,1.0,total_sent
fd00::20b:b:b:b,498,498000,499000,1.0,total_sent
fd00::20b:b:b:b,509,509000,510000,1.0,total_sent
fd00::20b:b:b:b,519,519000,520000,1.0,total_sent
fd00::20b:b:b:b,530,530000,531000,1.0,total_sent
fd00::20b:b:b:b,540,540000,541000,1.0,total_sent
fd00::20b:b:b:b,551,551000,552000,1.0,total_sent
fd00::20b:b:b:b,562,562000,563000,1.0,total_sent
fd00::20b:b:b:b,572,572000,573000,1.0,total_sent
fd00::20b:b:b:b,583,583000,584000,1.0,total_sent
fd00::20b:b:b:b,594,594000,595000,1.0,total_sent
fd00::20b:b:b:b,604,604000,605000,1.0,total_sent
fd00::20b:b:b:b,615,615000,616000,1.0,total_sent
fd00::20b:b:b:b,625,625000,626000,1.0,total_sent
fd00::20b:b:b:b,636,636000,637000,1.0,total_sent
fd00::20b:b:b:b,647,647000,648000,1.0,total_sent
fd00::20b:b:b:b,657,657000,658000,1.0,total_sent
fd00::20b:b:b:b,668,668000,669000,1.0,total_sent
fd00::20b:b:b:b,678,678000,679000,1.0,total_sent
fd00::20b:b:b:b,689,689000,690000,1.0,total_sent
fd00::20b:b:b:b,700,700000,701000,1.0,total_sent
fd00::20b:b:b:b,710,710000,711000,1.0,total_sent
fd00::20b:b:b:b,721,721000,722000,1.0,total_sent
fd00::20b:b:b:b,731,731000,732000,1.0,total_sent
fd00::20b:b:b:b,742,742000,743000,1.0,total_sent
fd00::20b:b:b:b,753,753000,754000,1.0,total_sent
fd00::20b:b:b:b,763,763000,764000,1.0,total_sent
fd00::20b:b:b:b,774,774000,775000,1.0,total_sent
fd00::20b:b:b:b,784,784000,785000,1.0,total_sent
fd00::20b:b:b:b,795,795000,796000,1.0,total_sent
fd00::20b:b:b:b,806,806000,807000,1.0,total_sent
fd00::20b:b:b:b,816,816000,817000,1.0,total_sent
fd00::20b:b:b:b,827,827000,828000,1.0,total_sent
fd00::20b:b:b:b,838,838000,839000,1.0,total_sent
fd00::20b:b:b:b,848,848000,849000,1.0,total_sent
fd00::20b:b:b:b,859,859000,860000,1.0,total_sent
fd00::20b:b:b:b,869,869000,870000,1.0,total_sent
fd00::20b:b:b:b,880,880000,881000,1.0,total_sent
fd00::20b:b:b:b,891,891000,892000,1.0,total_sent
fd00::20b:b:b:b,901,901000,902000,1.0,total_sent
fd00::20b:b:b:b,912,912000,913000,1.0,total_sent
fd00::20b:b:b:b,922,922000,923000,1.0,total_sent
fd00::20b:b:b:b,933,933000,934000,1.0,total_sent
fd00::20b:b:b:b,944,944000,945000,1.0,total_sent
fd00::20b:b:b:b,954,954000,955000,1.0,total_sent
fd00::20b:b:b:b,965,965000,966000,1.0,total_sent
fd00::20b:b:b:b,975,975000,976000,1.0,total_sent
fd00::20b:b:b:b,986,986000,987000,1.0,total_sent
fd00::20b:b:b:b,997,997000,998000,1.0,total_sent
fd00::20b:b:b:b,1007,1007000,1008000,1.0,total_sent
fd00::20b:b:b:b,1018,1018000,1019000,1.0,total_sent
fd00::20b:b:b:b,1029,1029000,1030000,1.0,total_sent
fd00::20b:b:b:b,1039,1039000,1040000,1.0,total_sent
fd00::20b:b:b:b,1050,1050000,1051000,1.0,total_sent
fd00::20b:b:b:b,1060,1060000,1061000,1.0,total_sent
fd00::20b:b:b:b,1071,1071000,1072000,1.0,total_sent
fd00::20b:b:b:b,1082,1082000,1083000,1.0,total_sent
fd00::20b:b:b:b,1092,1092000,1093000,1.0,total_sent
fd00::20b:b:b:b,1103,1103000,1104000,1.0,total_sent
fd00::20b:b:b:b,1113,1113000,1114000,1.0,total_sent
fd00::20b:b:b:b,1124,1124000,1125000,1.0,total_sent
fd00::20b:b:b:b,1135,1135000,1136000,1.0,total_sent
fd00::20b:b:b:b,1145,1145000,1146000,1.0,total_sent
fd00::20b:b:b:b,1156,1156000,1157000,1.0,total_sent
fd00::20b:b:b:b,1166,1166000,1167000,1.0,total_sent
fd00::20b:b:b:b,1177,1177000,1178000,1.0,total_sent
fd00::20b:b:b:b,1188,1188000,1189000,1.0,total_sent
fd00::20b:b:b:b,1198,1198000,1199000,1.0,total_sent
fd00::20b:b:b:b,1209,1209000,1210000,1.0,total_sent
fd00::20b:b:b:b,1219,1219000,1220000,1.0,total_sent
fd00::20b:b:b:b,1230,1230000,1231000,1.0,total_sent
fd00::20b:b:b:b,1241,1241000,1242000,1.0,total_sent
fd00::20b:b:b:b,1251,1251000,1252000,1.0,total_sent
fd00::20b:b:b:b,1262,1262000,1263000,1.0,total_sent
fd00::20b:b:b:b,1273,1273000,1274000,1.0,total_sent
fd00::20b:b:b:b,1283,1283000,1284000,1.0,total_sent
fd00::20b:b:b:b,1294,1294000,1295000,1.0,total_sent
fd00::20b:b:b:b,1304,1304000,1305000,1.0,total_sent
fd00::20b:b:b:b,1315,1315000,1316000,1.0,total_sent
fd00::20b:b:b:b,1326,1326000,1327000,1.0,total_sent
fd00::20b:b:b:b,1336,1336000,1337000,1.0,total_sent
fd00::20b:b:b:b,1347,1347000,1348000,1.0,total_sent
fd00::20b:b:b:b,1357,1357000,1358000,1.0,total_sent
fd00::20b:b:b:b,1368,1368000,1369000,1.0,total_sent
fd00::20b:b:b:b,1379,1379000,1380000,1.0,total_sent
fd00::20b:b:b:b,1389,1389000,1390000,1.0,total_sent
fd00::20b:b:b:b,1400,1400000,1401000,1.0,total_sent
fd00::20b:b:b:b,1410,1410000,1411000,1.0,total_sent
fd00::20b:b:b:b,1421,1421000,1422000,1.0,total_sent
fd00::20b:b:b:b,1432,1432000,1433000,1.0,total_sent
fd00::20b:b:b:b,1442,1442000,1443000,1.0,total_sent
fd00::20b:b:b:b,1453,1453000,1454000,1.0,total_sent
fd00::20b:b:b:b,1463,1463000,1464000,1.0,total_sent
fd00::20b:b:b:b,1474,1474000,1475000,1.0,total_sent
fd00::20b:b:b:b,1485,1485000,1486000,1.0,total_sent
fd00::20b:b:b:b,1495,1495000,1496000,1.0,total_sent
fd00::20b:b:b:b,1506,1506000,1507000,1.0,total_sent
fd00::20b:b:b:b,1516,1516000,1517000,1.0,total_sent
fd00::20b:b:b:b,1527,1527000,1528000,1.0,total_sent
fd00::20b:b:b:b,1538,1538000,1539000,1.0,total_sent
fd00::20b:b:b:b,1548,1548000,1549000,1.0,total_sent
fd00::20b:b:b:b,1559,1559000,1560000,1.0,total_sent
fd00::20b:b:b:b,1569,1569000,1570000,1.0,total_sent
fd00::20b:b:b:b,1580,1580000,1581000,1.0,total_sent
fd00::20b:b:b:b,1591,1591000,1592000,1.0,total_sent
fd00::20b:b:b:b,1601,1601000,1602000,1.0,total_sent
fd00::20b:b:b:b,1612,1612000,1613000,1.0,total_sent
fd00::20b:b:b:b,1623,1623000,1624000,1.0,total_sent
fd00::20b:b:b:b,1633,1633000,1634000,1.0,total_sent
fd00::20b:b:b:b,1644,1644000,1645000,1.0,total_sent
fd00::20b:b:b:b,1654,1654000,1655000,1.0,total_sent
fd00::20b:b:b:b,1665,1665000,1666000,1.0,total_sent
fd00::20b:b:b:b,1676,1676000,1677000,1.0,total_sent
fd00::20b:b:b:b,1686,1686000,1687000,1.0,total_sent
fd00::20b:b:b:b,1697,1697000,1698000,1.0,total_sent
fd00::20b:b:b:b,1707,1707000,1708000,1.0,total_sent
fd00::20b:b:b:b,1718,1718000,1719000,1.0,total_sent
fd00::20b:b:b:b,1729,1729000,1730000,1.0,total_sent
fd00::20b:b:b:b,1739,1739000,1740000,1.0,total_sent
fd00::20b:b:b:b,1750,1750000,1751000,1.0,total_sent
fd00::20b:b:b:b,1760,1760000,1761000,1.0,total_sent
fd00::20b:b:b:b,1771,1771000,1772000,1.0,total_sent
fd00::20b:b:b:b,1782,1782000,1783000,1.0,total_sent
fd00::20b:b:b:b,1792,1792000,1793000,1.0,total_sent
fd00::20b:b:b:b,1803,1803000,1804000,1.0,total_sent
fd00::20b:b:b:b,1814,1814000,1815000,1.0,total_sent
fd00::20b:b:b:b,1824,1824000,1825000,1.0,total_sent
fd00::20b:b:b:b,1835,1835000,1836000,1.0,total_sent
fd00::20b:b:b:b,1845,1845000,1846000,1.0,total_sent
fd00::20b:b:b:b,1856,1856000,1857000,1.0,total_sent
fd00::20b:b:b:b,1867,1867000,1868000,1.0,total_sent
fd00::20b:b:b:b,1877,1877000,1878000,1.0,total_sent
fd00::20b:b:b:b,1888,1888000,1889000,1.0,total_sent
fd00::20b:b:b:b,1898,1898000,1899000,1.0,total_sent
fd00::20b:b:b:b,1909,1909000,1910000,1.0,total_sent
fd00::20b:b:b:b,1920,1920000,1921000,1.0,total_sent
fd00::20b:b:b:b,1930,1930000,1931000,1.0,total_sent
fd00::20b:b:b:b,1941,1941000,1942000,1.0,total_sent
fd00::20b:b:b:b,1951,1951000,1952000,1.0,total_sent
fd00::20b:b:b:b,1962,1962000,1963000,1.0,total_sent
fd00::20b:b:b:b,1973,1973000,1974000,1.0,total_sent
fd00::20b:b:b:b,1983,1983000,1984000,1.0,total_sent
fd00::20b:b:b:b,1994,1994000,1995000,1.0,total_sent
fd00::20b:b:b:b,2005,2005000,2006000,1.0,total_sent
fd00::20b:b:b:b,2015,2015000,2016000,1.0,total_sent
fd00::20b:b:b:b,2026,2026000,2027000,1.0,total_sent
fd00::20b:b:b:b,2036,2036000,2037000,1.0,total_sent
fd00::20b:b:b:b,2047,2047000,2048000,1.0,total_sent
fd00::20b:b:b:b,2058,2058000,2059000,1.0,total_sent
fd00::20b:b:b:b,2068,2068000,2069000,1.0,total_sent
fd00::20b:b:b:b,2079,2079000,2080000,1.0,total_sent
fd00::20b:b:b:b,2089,2089000,2090000,1.0,total_sent
fd00::20b:b:b:b,2100,2100000,2101000,1.0,total_sent
fd00::20b:b:b:b,2111,2111000,2112000,1.0,total_sent
fd00::20b:b:b:b,2121,2121000,2122000,1.0,total_sent
fd00::20b:b:b:b,2132,2132000,2133000,1.0,total_sent
fd00::20b:b:b:b,2142,2142000,2143000,1.0,total_sent
fd00::20b:b:b:b,2153,2153000,2154000,1.0,total_sent
fd00::20b:b:b:b,2164,2164000,2165000,1.0,total_sent
fd00::20b:b:b:b,2174,2174000,2175000,1.0,total_sent
fd00::20b:b:b:b,2185,2185000,2186000,1.0,total_sent
fd00::20b:b:b:b,2195,2195000,2196000,1.0,total_sent
fd00::20b:b:b:b,2206,2206000,2207000,1.0,total_sent
fd00::20b:b:b:b,2217,2217000,2218000,1.0,total_sent
fd00::20b:b:b:b,2227,2227000,2228000,1.0,total_sent
fd00::20b:b:b:b,2238,2238000,2239000,1.0,total_sent
fd00::20b:b:b:b,2249,2249000,2250000,1.0,total_sent
fd00::20b:b:b:b,2259,2259000,2260000,1.0,total_sent
fd00::20b:b:b:b,2270,2270000,2271000,1.0,total_sent
fd00::20b:b:b:b,2280,2280000,2281000,1.0,total_sent
fd00::20b:b:b:b,2291,2291000,2292000,1.0,total_sent
fd00::20b:b:b:b,2302,2302000,2303000,1.0,total_sent
fd00::20b:b:b:b,2312,2312000,2313000,1.0,total_sent
fd00::20b:b:b:b,2323,2323000,2324000,1.0,total_sent
fd00::20b:b:b:b,2333,2333000,2334000,1.0,total_sent
fd00::20b:b:b:b,2344,2344000,2345000,1.0,total_sent
fd00::20b:b:b:b,2355,2355000,2356000,1.0,total_sent
fd00::20b:b:b:b,2365,2365000,2366000,1.0,total_sent
fd00::20b:b:b:b,2376,2376000,2377000,1.0,total_sent
fd00::20b:b:b:b,2386,2386000,2387000,1.0,total_sent
fd00::20b:b:b:b,2397,2397000,2398000,1.0,total_sent
fd00::20b:b:b:b,2408,2408000,2409000,1.0,total_sent
fd00::20b:b:b:b,2418,2418000,2419000,1.0,total_sent
fd00::20b:b:b:b,2429,2429000,2430000,1.0,total_sent
fd00::20b:b:b:b,2439,2439000,2440000,1.0,total_sent
fd00::20b:b:b:b,2450,2450000,2451000,1.0,total_sent
fd00::20b:b:b:b,2461,2461000,2462000,1.0,total_sent
fd00::20b:b:b:b,2471,2471000,2472000,1.0,total_sent
fd00::20b:b:b:b,2482,2482000,2483000,1.0,total_sent
fd00::20b:b:b:b,2493,2493000,2494000,1.0,total_sent
fd00::20b:b:b:b,2503,2503000,2504000,1.0,total_sent
fd00::20b:b:b:b,2514,2514000,2515000,1.0,total_sent
fd00::20b:b:b:b,2524,2524000,2525000,1.0,total_sent
fd00::20b:b:b:b,2535,2535000,2536000,1.0,total_sent
fd00::20b:b:b:b,2546,2546000,2547000,1.0,total_sent
fd00::20b:b:b:b,2556,2556000,2557000,1.0,total_sent
fd00::20b:b:b:b,2567,2567000,2568000,1.0,total_sent
fd00::20b:b:b:b,2577,2577000,2578000,1.0,total_sent
fd00::20b:b:b:b,2588,2588000,2589000,1.0,total_sent
fd00::20b:b:b:b,2599,2599000,2600000,1.0,total_sent
fd00::20b:b:b:b,2609,2609000,2610000,1.0,total_sent
fd00::20b:b:b:b,2620,2620000,2621000,1.0,total_sent
fd00::20b:b:b:b,2630,2630000,2631000,1.0,total_sent
fd00::20b:b:b:b,2641,2641000,2642000,1.0,total_sent
fd00::20b:b:b:b,2652,2652000,2653000,1.0,total_sent
fd00::20b:b:b:b,2662,2662000,2663000,1.0,total_sent
fd00::20b:b:b:b,2673,2673000,2674000,1.0,total_sent
fd00::20b:b:b:b,2684,2684000,2685000,1.0,total_sent
fd00::20b:b:b:b,2694,2694000,2695000,1.0,total_sent
fd00::20b:b:b:b,2705,2705000,2706000,1.0,total_sent
fd00::20b:b:b:b,2715,2715000,2716000,1.0,total_sent
fd00::20b:b:b:b,2726,2726000,2727000,1.0,total_sent
fd00::20b:b:b:b,2737,2737000,2738000,1.0,total_sent
fd00::20b:b:b:b,2747,2747000,2748000,1.0,total_sent
fd00::20b:b:b:b,2758,2758000,2759000,1.0,total_sent
fd00::20b:b:b:b,2768,2768000,2769000,1.0,total_sent
fd00::20b:b:b:b,2779,2779000,2780000,1.0,total_sent
fd00::20b:b:b:b,2790,2790000,2791000,1.0,total_sent
fd00::20b:b:b:b,2800,2800000,2801000,1.0,total_sent
fd00::20b:b:b:b,2811,2811000,2812000,1.0,total_sent
fd00::20b:b:b:b,2821,2821000,2822000,1.0,total_sent
fd00::20b:b:b:b,2832,2832000,2833000,1.0,total_sent
fd00::20b:b:b:b,2843,2843000,2844000,1.0,total_sent
fd00::20b:b:b:b,2853,2853000,2854000,1.0,total_sent
fd00::20b:b:b:b,2864,2864000,2865000,1.0,total_sent
fd00::20b:b:b:b,2874,2874000,2875000,1.0,total_sent
fd00::20b:b:b:b,2885,2885000,2886000,1.0,total_sent
fd00::20b:b:b:b,2896,2896000,2897000,1.0,total_sent
fd00::20b:b:b:b,2906,2906000,2907000,1.0,total_sent
fd00::20b:b:b:b,2917,2917000,2918000,1.0,total_sent
fd00::20b:b:b:b,2928,2928000,2929000,1.0,total_sent
fd00::20b:b:b:b,2938,2938000,2939000,1.0,total_sent
fd00::20b:b:b:b,2949,2949000,2950000,1.0,total_sent
fd00::20b:b:b:b,2959,2959000,2960000,1.0,total_sent
fd00::20b:b:b:b,2970,2970000,2971000,1.0,total_sent
fd00::20b:b:b:b,2981,2981000,2982000,1.0,total_sent
fd00::20b:b:b:b,2991,2991000,2992000,1.0,total_sent
fd00::20b:b:b:b,3002,3002000,3003000,1.0,total_sent
fd00::20b:b:b:b,3012,3012000,3013000,1.0,total_sent
fd00::20b:b:b:b,3023,3023000,3024000,1.0,total_sent
fd00::20b:b:b:b,3034,3034000,3035000,1.0,total_sent
fd00::20b:b:b:b,3044,3044000,3045000,1.0,total_sent
fd00::20b:b:b:b,3055,3055000,3056000,1.0,total_sent
fd00::20b:b:b:b,3065,3065000,3066000,1.0,total_sent
fd00::20b:b:b:b,3076,3076000,3077000,1.0,total_sent
fd00::20b:b:b:b,3087,3087000,3088000,1.0,total_sent
fd00::20b:b:b:b,3097,3097000,3098000,1.0,total_sent
fd00::20b:b:b:b,3108,3108000,3109000,1.0,total_sent
fd00::20b:b:b:b,3118,3118000,3119000,1.0,total_sent
fd00::20b:b:b:b,3129,3129000,3130000,1.0,total_sent
fd00::20b:b:b:b,3140,3140000,3141000,1.0,total_sent
fd00::20b:b:b:b,3150,3150000,3151000,1.0,total_sent
fd00::20b:b:b:b,3161,3161000,3162000,1.0,total_sent
fd00::20b:b:b:b,3171,3171000,3172000,1.0,total_sent
fd00::20b:b:b:b,3182,3182000,3183000,1.0,total_sent
fd00::20b:b:b:b,3193,3193000,3194000,1.0,total_sent
fd00::20b:b:b:b,3203,3203000,3204000,1.0,total_sent
fd00::20b:b:b:b,3214,3214000,3215000,1.0,total_sent
fd00::20b:b:b:b,3225,3225000,3226000,1.0,total_sent
fd00::20b:b:b:b,3235,3235000,3236000,1.0,total_sent
fd00::20b:b:b:b,3246,3246000,3247000,1.0,total_sent
fd00::20b:b:b:b,3256,3256000,3257000,1.0,total_sent
fd00::20b:b:b:b,3267,3267000,3268000,1.0,total_sent
fd00::20b:b:b:b,3278,3278000,3279000,1.0,total_sent
fd00::20b:b:b:b,3288,3288000,3289000,1.0,total_sent
fd00::20b:b:b:b,3299,3299000,3300000,1.0,total_sent
fd00::20b:b:b:b,3309,3309000,3310000,1.0,total_sent
fd00::20b:b:b:b,3320,3320000,3321000,1.0,total_sent
fd00::20b:b:b:b,3331,3331000,3332000,1.0,total_sent
fd00::20b:b:b:b,3341,3341000,3342000,1.0,total_sent
fd00::20b:b:b:b,3352,3352000,3353000,1.0,total_sent
fd00::20b:b:b:b,3362,3362000,3363000,1.0,total_sent
fd00::20b:b:b:b,3373,3373000,3374000,1.0,total_sent
fd00::20b:b:b:b,3384,3384000,3385000,1.0,total_sent
fd00::20b:b:b:b,3394,3394000,3395000,1.0,total_sent
fd00::20b:b:b:b,3405,3405000,3406000,1.0,total_sent
fd00::20b:b:b:b,3415,3415000,3416000,1.0,total_sent
fd00::20b:b:b:b,3426,3426000,3427000,1.0,total_sent
fd00::20b:b:b:b,3437,3437000,3438000,1.0,total_sent
fd00::20b:b:b:b,3447,3447000,3448000,1.0,total_sent
fd00::20b:b:b:b,3458,3458000,3459000,1.0,total_sent
fd00::20b:b:b:b,3469,3469000,3470000,1.0,total_sent
fd00::20b:b:b:b,3479,3479000,3480000,1.0,total_sent
fd00::20b:b:b:b,3490,3490000,3491000,1.0,total_sent
fd00::20b:b:b:b,3500,3500000,3501000,1.0,total_sent
fd00::20b:b:b:b,3511,3511000,3512000,1.0,total_sent
fd00::20b:b:b:b,3522,3522000,3523000,1.0,total_sent
fd00::20b:b:b:b,3532,3532000,3533000,1.0,total_sent
fd00::20b:b:b:b,3543,3543000,3544000,1.0,total_sent
fd00::20b:b:b:b,3553,3553000,3554000,1.0,total_sent
fd00::20b:b:b:b,3564,3564000,3565000,1.0,total_sent
fd00::20b:b:b:b,3575,3575000,3576000,1.0,total_sent
fd00::20b:b:b:b,3585,3585000,3586000,1.0,total_sent
fd00::20b:b:b:b,3596,3596000,3597000,1.0,total_sent
fd00::20c:c:c:c,20,20000,21000,0.0,total_sent
fd00::20c:c:c:c,30,30000,31000,1.0,total_sent
fd00::20c:c:c:c,40,40000,41000,1.0,total_sent
fd00::20c:c:c:c,50,50000,51000,1.0,total_sent
fd00::20c:c:c:c,60,60000,61000,1.0,total_sent
fd00::20c:c:c:c,70,70000,71000,1.0,total_sent
fd00::20c:c:c:c,90,90000,91000,2.0,total_sent
fd00::20c:c:c:c,100,100000,101000,1.0,total_sent
fd00::20c:c:c:c,110,110000,111000,1.0,total_sent
fd00::20c:c:c:c,120,120000,121000,1.0,total_sent
fd00::20c:c:c:c,130,130000,131000,1.0,total_sent
fd00::20c:c:c:c,140,140000,141000,1.0,total_sent
fd00::20c:c:c:c,150,150000,151000,1.0,total_sent
fd00::20c:c:c:c,160,160000,161000,1.0,total_sent
fd00::20c:c:c:c,170,170000,171000,1.0,total_sent
fd00::20c:c:c:c,180,180000,181000,1.0,total_sent
fd00::20c:c:c:c,190,190000,191000,1.0,total_sent
fd00::20c:c:c:c,200,200000,201000,1.0,total_sent
fd00::20c:c:c:c,210,210000,211000,1.0,total_sent
fd00::20c:c:c:c,220,220000,221000,1.0,total_sent
fd00::20c:c:c:c,230,230000,231000,1.0,total_sent
fd00::20c:c:c:c,240,240000,241000,1.0,total_sent
fd00::20c:c:c:c,250,250000,251000,1.0,total_sent
fd00::20c:c:c:c,260,260000,261000,1.0,total_sent
fd00::20c:c:c:c,270,270000,271000,1.0,total_sent
fd00::20c:c:c:c,280,280000,281000,1.0,total_sent
fd00::20c:c:c:c,290,290000,291000,1.0,total_sent
fd00::20c:c:c:c,300,300000,301000,1.0,total_sent
fd00::20c:c:c:c,310,310000,311000,1.0,total_sent
fd00::20c:c:c:c,320,320000,321000,1.0,total_sent
fd00::20c:c:c:c,330,330000,331000,1.0,total_sent
fd00::20c:c:c:c,340,340000,341000,1.0,total_sent
fd00::20c:c:c:c,350,350000,351000,1.0,total_sent
fd00::20c:c:c:c,360,360000,361000,1.0,total_sent
fd00::20c:c:c:c,370,370000,371000,1.0,total_sent
fd00::20c:c:c:c,380,380000,381000,1.0,total_sent
fd00::20c:c:c:c,390,390000,391000,1.0,total_sent
fd00::20c:c:c:c,400,400000,401000,1.0,total_sent
fd00::20c:c:c:c,410,410000,411000,1.0,total_sent
fd00::20c:c:c:c,420,420000,421000,1.0,total_sent
fd00::20c:c:c:c,430,430000,431000,1.0,total_sent
fd00::20c:c:c:c,440,440000,441000,1.0,total_sent
fd00::20c:c:c:c,450,450000,451000,1.0,total_sent
fd00::20c:c:c:c,460,460000,461000,1.0,total_sent
fd00::20c:c:c:c,470,470000,471000,1.0,total_sent
fd00::20c:c:c:c,480,480000,481000,1.0,total_sent
fd00::20c:c:c:c,490,490000,491000,1.0,total_sent
fd00::20c:c:c:c,500,500000,501000,1.0,total_sent
fd00::20c:c:c:c,510,510000,511000,1.0,total_sent
fd00::20c:c:c:c,520,520000,521000,1.0,total_sent
fd00::20c:c:c:c,530,530000,531000,1.0,total_sent
fd00::20c:c:c:c,540,540000,541000,1.0,total_sent
fd00::20c:c:c:c,550,550000,551000,1.0,total_sent
fd00::20c:c:c:c,560,560000,561000,1.0,total_sent
fd00::20c:c:c:c,570,570000,571000,1.0,total_sent
fd00::20c:c:c:c,580,580000,581000,1.0,total_sent
fd00::20c:c:c:c,590,590000,591000,1.0,total_sent
fd00::20c:c:c:c,600,600000,601000,1.0,total_sent
fd00::20c:c:c:c,610,610000,611000,1.0,total_sent
fd00::20c:c:c:c,620,620000,621000,1.0,total_sent
fd00::20c:c:c:c,630,630000,631000,1.0,total_sent
fd00::20c:c:c:c,640,640000,641000,1.0,total_sent
fd00::20c:c:c:c,650,650000,651000,1.0,total_sent
fd00::20c:c:c:c,660,660000,661000,1.0,total_sent
fd00::20c:c:c:c,670,670000,671000,1.0,total_sent
fd00::20c:c:c:c,680,680000,681000,1.0,total_sent
fd00::20c:c:c:c,690,690000,691000,1.0,total_sent
fd00::20c:c:c:c,700,700000,701000,1.0,total_sent
fd00::20c:c:c:c,710,710000,711000,1.0,total_sent
fd00::20c:c:c:c,720,720000,721000,1.0,total_sent
fd00::20c:c:c:c,730,730000,731000,1.0,total_sent
fd00::20c:c:c:c,740,740000,741000,1.0,total_sent
fd00::20c:c:c:c,750,750000,751000,1.0,total_sent
fd00::20c:c:c:c,760,760000,761000,1.0,total_sent
fd00::20c:c:c:c,770,770000,771000,1.0,total_sent
fd00::20c:c:c:c,780,780000,781000,1.0,total_sent
fd00::20c:c:c:c,790,790000,791000,1.0,total_sent
fd00::20c:c:c:c,800,800000,801000,1.0,total_sent
fd00::20c:c:c:c,810,810000,811000,1.0,total_sent
fd00::20c:c:c:c,820,820000,821000,1.0,total_sent
fd00::20c:c:c:c,830,830000,831000,1.0,total_sent
fd00::20c:c:c:c,840,840000,841000,1.0,total_sent
fd00::20c:c:c:c,850,850000,851000,1.0,total_sent
fd00::20c:c:c:c,860,860000,861000,1.0,total_sent
fd00::20c:c:c:c,870,870000,871000,1.0,total_sent
fd00::20c:c:c:c,880,880000,881000,1.0,total_sent
fd00::20c:c:c:c,890,890000,891000,1.0,total_sent
fd00::20c:c:c:c,900,900000,901000,1.0,total_sent
fd00::20c:c:c:c,910,910000,911000,1.0,total_sent
fd00::20c:c:c:c,920,920000,921000,1.0,total_sent
fd00::20c:c:c:c,930,930000,931000,1.0,total_sent
fd00::20c:c:c:c,940,940000,941000,1.0,total_sent
fd00::20c:c:c:c,950,950000,951000,1.0,total_sent
fd00::20c:c:c:c,960,960000,961000,1.0,total_sent
fd00::20c:c:c:c,970,970000,971000,1.0,total_sent
fd00::20c:c:c:c,980,980000,981000,1.0,total_sent
fd00::20c:c:c:c,990,990000,991000,1.0,total_sent
fd00::20c:c:c:c,1000,1000000,1001000,1.0,total_sent
fd00::20c:c:c:c,1010,1010000,1011000,1.0,total_sent
fd00::20c:c:c:c,1020,1020000,1021000,1.0,total_sent
fd00::20c:c:c:c,1030,1030000,1031000,1.0,total_sent
fd00::20c:c:c:c,1040,1040000,1041000,1.0,total_sent
fd00::20c:c:c:c,1050,1050000,1051000,1.0,total_sent
fd00::20c:c:c:c,1060,1060000,1061000,1.0,total_sent
fd00::20c:c:c:c,1070,1070000,1071000,1.0,total_sent
fd00::20c:c:c:c,1080,1080000,1081000,1.0,total_sent
fd00::20c:c:c:c,1090,1090000,1091000,1.0,total_sent
fd00::20c:c:c:c,1100,1100000,1101000,1.0,total_sent
fd00::20c:c:c:c,1110,1110000,1111000,1.0,total_sent
fd00::20c:c:c:c,1120,1120000,1121000,1.0,total_sent
fd00::20c:c:c:c,1130,1130000,1131000,1.0,total_sent
fd00::20c:c:c:c,1140,1140000,1141000,1.0,total_sent
fd00::20c:c:c:c,1150,1150000,1151000,1.0,total_sent
fd00::20c:c:c:c,1160,1160000,1161000,1.0,total_sent
fd00::20c:c:c:c,1170,1170000,1171000,1.0,total_sent
fd00::20c:c:c:c,1180,1180000,1181000,1.0,total_sent
fd00::20c:c:c:c,1190,1190000,1191000,1.0,total_sent
fd00::20c:c:c:c,1200,1200000,1201000,1.0,total_sent
fd00::20c:c:c:c,1210,1210000,1211000,1.0,total_sent
fd00::20c:c:c:c,1220,1220000,1221000,1.0,total_sent
fd00::20c:c:c:c,1230,1230000,1231000,1.0,total_sent
fd00::20c:c:c:c,1240,1240000,1241000,1.0,total_sent
fd00::20c:c:c:c,1250,1250000,1251000,1.0,total_sent
fd00::20c:c:c:c,1260,1260000,1261000,1.0,total_sent
fd00::20c:c:c:c,1270,1270000,1271000,1.0,total_sent
fd00::20c:c:c:c,1280,1280000,1281000,1.0,total_sent
fd00::20c:c:c:c,1290,1290000,1291000,1.0,total_sent
fd00::20c:c:c:c,1300,1300000,1301000,1.0,total_sent
fd00::20c:c:c:c,1310,1310000,1311000,1.0,total_sent
fd00::20c:c:c:c,1320,1320000,1321000,1.0,total_sent
fd00::20c:c:c:c,1330,1330000,1331000,1.0,total_sent
fd00::20c:c:c:c,1340,1340000,1341000,1.0,total_sent
fd00::20c:c:c:c,1350,1350000,1351000,1.0,total_sent
fd00::20c:c:c:c,1360,1360000,1361000,1.0,total_sent
fd00::20c:c:c:c,1370,1370000,1371000,1.0,total_sent
fd00::20c:c:c:c,1380,1380000,1381000,1.0,total_sent
fd00::20c:c:c:c,1390,1390000,1391000,1.0,total_sent
fd00::20c:c:c:c,1400,1400000,1401000,1.0,total_sent
fd00::20c:c:c:c,1410,1410000,1411000,1.0,total_sent
fd00::20c:c:c:c,1420,1420000,1421000,1.0,total_sent
fd00::20c:c:c:c,1430,1430000,1431000,1.0,total_sent
fd00::20c:c:c:c,1440,1440000,1441000,1.0,total_sent
fd00::20c:c:c:c,1450,1450000,1451000,1.0,total_sent
fd00::20c:c:c:c,1460,1460000,1461000,1.0,total_sent
fd00::20c:c:c:c,1470,1470000,1471000,1.0,total_sent
fd00::20c:c:c:c,1480,1480000,1481000,1.0,total_sent
fd00::20c:c:c:c,1490,1490000,1491000,1.0,total_sent
fd00::20c:c:c:c,1500,1500000,1501000,1.0,total_sent
fd00::20c:c:c:c,1510,1510000,1511000,1.0,total_sent
fd00::20c:c:c:c,1520,1520000,1521000,1.0,total_sent
fd00::20c:c:c:c,1530,1530000,1531000,1.0,total_sent
fd00::20c:c:c:c,1540,1540000,1541000,1.0,total_sent
fd00::20c:c:c:c,1550,1550000,1551000,1.0,total_sent
fd00::20c:c:c:c,1560,1560000,1561000,1.0,total_sent
fd00::20c:c:c:c,1570,1570000,1571000,1.0,total_sent
fd00::20c:c:c:c,1580,1580000,1581000,1.0,total_sent
fd00::20c:c:c:c,1590,1590000,1591000,1.0,total_sent
fd00::20c:c:c:c,1600,1600000,1601000,1.0,total_sent
fd00::20c:c:c:c,1610,1610000,1611000,1.0,total_sent
fd00::20c:c:c:c,1620,1620000,1621000,1.0,total_sent
fd00::20c:c:c:c,1630,1630000,1631000,1.0,total_sent
fd00::20c:c:c:c,1640,1640000,1641000,1.0,total_sent
fd00::20c:c:c:c,1650,1650000,1651000,1.0,total_sent
fd00::20c:c:c:c,1660,1660000,1661000,1.0,total_sent
fd00::20c:c:c:c,1670,1670000,1671000,1.0,total_sent
fd00::20c:c:c:c,1680,1680000,1681000,1.0,total_sent
fd00::20c:c:c:c,1690,1690000,1691000,1.0,total_sent
fd00::20c:c:c:c,1700,1700000,1701000,1.0,total_sent
fd00::20c:c:c:c,1710,1710000,1711000,1.0,total_sent
fd00::20c:c:c:c,1720,1720000,1721000,1.0,total_sent
fd00::20c:c:c:c,1730,1730000,1731000,1.0,total_sent
fd00::20c:c:c:c,1740,1740000,1741000,1.0,total_sent
fd00::20c:c:c:c,1750,1750000,1751000,1.0,total_sent
fd00::20c:c:c:c,1760,1760000,1761000,1.0,total_sent
fd00::20c:c:c:c,1770,1770000,1771000,1.0,total_sent
fd00::20c:c:c:c,1780,1780000,1781000,1.0,total_sent
fd00::20c:c:c:c,1790,1790000,1791000,1.0,total_sent
fd00::20c:c:c:c,1800,1800000,1801000,1.0,total_sent
fd00::20c:c:c:c,1810,1810000,1811000,1.0,total_sent
fd00::20c:c:c:c,1820,1820000,1821000,1.0,total_sent
fd00::20c:c:c:c,1830,1830000,1831000,1.0,total_sent
fd00::20c:c:c:c,1840,1840000,1841000,1.0,total_sent
fd00::20c:c:c:c,1850,1850000,1851000,1.0,total_sent
fd00::20c:c:c:c,1860,1860000,1861000,1.0,total_sent
fd00::20c:c:c:c,1870,1870000,1871000,1.0,total_sent
fd00::20c:c:c:c,1880,1880000,1881000,1.0,total_sent
fd00::20c:c:c:c,1890,1890000,1891000,1.0,total_sent
fd00::20c:c:c:c,1900,1900000,1901000,1.0,total_sent
fd00::20c:c:c:c,1910,1910000,1911000,1.0,total_sent
fd00::20c:c:c:c,1920,1920000,1921000,1.0,total_sent
fd00::20c:c:c:c,1930,1930000,1931000,1.0,total_sent
fd00::20c:c:c:c,1940,1940000,1941000,1.0,total_sent
fd00::20c:c:c:c,1950,1950000,1951000,1.0,total_sent
fd00::20c:c:c:c,1960,1960000,1961000,1.0,total_sent
fd00::20c:c:c:c,1970,1970000,1971000,1.0,total_sent
fd00::20c:c:c:c,1980,1980000,1981000,1.0,total_sent
fd00::20c:c:c:c,1990,1990000,1991000,1.0,total_sent
fd00::20c:c:c:c,2000,2000000,2001000,1.0,total_sent
fd00::20c:c:c:c,2010,2010000,2011000,1.0,total_sent
fd00::20c:c:c:c,2020,2020000,2021000,1.0,total_sent
fd00::20c:c:c:c,2030,2030000,2031000,1.0,total_sent
fd00::20c:c:c:c,2040,2040000,2041000,1.0,total_sent
fd00::20c:c:c:c,2050,2050000,2051000,1.0,total_sent
fd00::20c:c:c:c,2060,2060000,2061000,1.0,total_sent
fd00::20c:c:c:c,2070,2070000,2071000,1.0,total_sent
fd00::20c:c:c:c,2080,2080000,2081000,1.0,total_sent
fd00::20c:c:c:c,2090,2090000,2091000,1.0,total_sent
fd00::20c:c:c:c,2100,2100000,2101000,1.0,total_sent
fd00::20c:c:c:c,2110,2110000,2111000,1.0,total_sent
fd00::20c:c:c:c,2120,2120000,2121000,1.0,total_sent
fd00::20c:c:c:c,2130,2130000,2131000,1.0,total_sent
fd00::20c:c:c:c,2140,2140000,2141000,1.0,total_sent
fd00::20c:c:c:c,2150,2150000,2151000,1.0,total_sent
fd00::20c:c:c:c,2160,2160000,2161000,1.0,total_sent
fd00::20c:c:c:c,2170,2170000,2171000,1.0,total_sent
fd00::20c:c:c:c,2180,2180000,2181000,1.0,total_sent
fd00::20c:c:c:c,2190,2190000,2191000,1.0,total_sent
fd00::20c:c:c:c,2200,2200000,2201000,1.0,total_sent
fd00::20c:c:c:c,2210,2210000,2211000,1.0,total_sent
fd00::20c:c:c:c,2220,2220000,2221000,1.0,total_sent
fd00::20c:c:c:c,2230,2230000,2231000,1.0,total_sent
fd00::20c:c:c:c,2240,2240000,2241000,1.0,total_sent
fd00::20c:c:c:c,2250,2250000,2251000,1.0,total_sent
fd00::20c:c:c:c,2260,2260000,2261000,1.0,total_sent
fd00::20c:c:c:c,2270,2270000,2271000,1.0,total_sent
fd00::20c:c:c:c,2280,2280000,2281000,1.0,total_sent
fd00::20c:c:c:c,2290,2290000,2291000,1.0,total_sent
fd00::20c:c:c:c,2300,2300000,2301000,1.0,total_sent
fd00::20c:c:c:c,2310,2310000,2311000,1.0,total_sent
fd00::20c:c:c:c,2320,2320000,2321000,1.0,total_sent
fd00::20c:c:c:c,2330,2330000,2331000,1.0,total_sent
fd00::20c:c:c:c,2340,2340000,2341000,1.0,total_sent
fd00::20c:c:c:c,2350,2350000,2351000,1.0,total_sent
fd00::20c:c:c:c,2360,2360000,2361000,1.0,total_sent
fd00::20c:c:c:c,2370,2370000,2371000,1.0,total_sent
fd00::20c:c:c:c,2380,2380000,2381000,1.0,total_sent
fd00::20c:c:c:c,2390,2390000,2391000,1.0,total_sent
fd00::20c:c:c:c,2400,2400000,2401000,1.0,total_sent
fd00::20c:c:c:c,2410,2410000,2411000,1.0,total_sent
fd00::20c:c:c:c,2420,2420000,2421000,1.0,total_sent
fd00::20c:c:c:c,2430,2430000,2431000,1.0,total_sent
fd00::20c:c:c:c,2440,2440000,2441000,1.0,total_sent
fd00::20c:c:c:c,2450,2450000,2451000,1.0,total_sent
fd00::20c:c:c:c,2460,2460000,2461000,1.0,total_sent
fd00::20c:c:c:c,2470,2470000,2471000,1.0,total_sent
fd00::20c:c:c:c,2480,2480000,2481000,1.0,total_sent
fd00::20c:c:c:c,2491,2491000,2492000,1.0,total_sent
fd00::20c:c:c:c,2500,2500000,2501000,1.0,total_sent
fd00::20c:c:c:c,2510,2510000,2511000,1.0,total_sent
fd00::20c:c:c:c,2521,2521000,2522000,1.0,total_sent
fd00::20c:c:c:c,2530,2530000,2531000,1.0,total_sent
fd00::20c:c:c:c,2541,2541000,2542000,1.0,total_sent
fd00::20c:c:c:c,2550,2550000,2551000,1.0,total_sent
fd00::20c:c:c:c,2560,2560000,2561000,1.0,total_sent
fd00::20c:c:c:c,2571,2571000,2572000,1.0,total_sent
fd00::20c:c:c:c,2581,2581000,2582000,1.0,total_sent
fd00::20c:c:c:c,2590,2590000,2591000,1.0,total_sent
fd00::20c:c:c:c,2601,2601000,2602000,1.0,total_sent
fd00::20c:c:c:c,2611,2611000,2612000,1.0,total_sent
fd00::20c:c:c:c,2621,2621000,2622000,1.0,total_sent
fd00::20c:c:c:c,2631,2631000,2632000,1.0,total_sent
fd00::20c:c:c:c,2641,2641000,2642000,1.0,total_sent
fd00::20c:c:c:c,2651,2651000,2652000,1.0,total_sent
fd00::20c:c:c:c,2661,2661000,2662000,1.0,total_sent
fd00::20c:c:c:c,2671,2671000,2672000,1.0,total_sent
fd00::20c:c:c:c,2681,2681000,2682000,1.0,total_sent
fd00::20c:c:c:c,2691,2691000,2692000,1.0,total_sent
fd00::20c:c:c:c,2701,2701000,2702000,1.0,total_sent
fd00::20c:c:c:c,2711,2711000,2712000,1.0,total_sent
fd00::20c:c:c:c,2721,2721000,2722000,1.0,total_sent
fd00::20c:c:c:c,2731,2731000,2732000,1.0,total_sent
fd00::20c:c:c:c,2741,2741000,2742000,1.0,total_sent
fd00::20c:c:c:c,2751,2751000,2752000,1.0,total_sent
fd00::20c:c:c:c,2761,2761000,2762000,1.0,total_sent
fd00::20c:c:c:c,2771,2771000,2772000,1.0,total_sent
fd00::20c:c:c:c,2781,2781000,2782000,1.0,total_sent
fd00::20c:c:c:c,2791,2791000,2792000,1.0,total_sent
fd00::20c:c:c:c,2801,2801000,2802000,1.0,total_sent
fd00::20c:c:c:c,2811,2811000,2812000,1.0,total_sent
fd00::20c:c:c:c,2821,2821000,2822000,1.0,total_sent
fd00::20c:c:c:c,2831,2831000,2832000,1.0,total_sent
fd00::20c:c:c:c,2841,2841000,2842000,1.0,total_sent
fd00::20c:c:c:c,2851,2851000,2852000,1.0,total_sent
fd00::20c:c:c:c,2861,2861000,2862000,1.0,total_sent
fd00::20c:c:c:c,2871,2871000,2872000,1.0,total_sent
fd00::20c:c:c:c,2881,2881000,2882000,1.0,total_sent
fd00::20c:c:c:c,2891,2891000,2892000,1.0,total_sent
fd00::20c:c:c:c,2901,2901000,2902000,1.0,total_sent
fd00::20c:c:c:c,2911,2911000,2912000,1.0,total_sent
fd00::20c:c:c:c,2921,2921000,2922000,1.0,total_sent
fd00::20c:c:c:c,2931,2931000,2932000,1.0,total_sent
fd00::20c:c:c:c,2941,2941000,2942000,1.0,total_sent
fd00::20c:c:c:c,2951,2951000,2952000,1.0,total_sent
fd00::20c:c:c:c,2961,2961000,2962000,1.0,total_sent
fd00::20c:c:c:c,2971,2971000,2972000,1.0,total_sent
fd00::20c:c:c:c,2981,2981000,2982000,1.0,total_sent
fd00::20c:c:c:c,2991,2991000,2992000,1.0,total_sent
fd00::20c:c:c:c,3001,3001000,3002000,1.0,total_sent
fd00::20c:c:c:c,3011,3011000,3012000,1.0,total_sent
fd00::20c:c:c:c,3021,3021000,3022000,1.0,total_sent
fd00::20c:c:c:c,3031,3031000,3032000,1.0,total_sent
fd00::20c:c:c:c,3041,3041000,3042000,1.0,total_sent
fd00::20c:c:c:c,3051,3051000,3052000,1.0,total_sent
fd00::20c:c:c:c,3061,3061000,3062000,1.0,total_sent
fd00::20c:c:c:c,3071,3071000,3072000,1.0,total_sent
fd00::20c:c:c:c,3081,3081000,3082000,1.0,total_sent
fd00::20c:c:c:c,3091,3091000,3092000,1.0,total_sent
fd00::20c:c:c:c,3101,3101000,3102000,1.0,total_sent
fd00::20c:c:c:c,3111,3111000,3112000,1.0,total_sent
fd00::20c:c:c:c,3121,3121000,3122000,1.0,total_sent
fd00::20c:c:c:c,3131,3131000,3132000,1.0,total_sent
fd00::20c:c:c:c,3141,3141000,3142000,1.0,total_sent
fd00::20c:c:c:c,3151,3151000,3152000,1.0,total_sent
fd00::20c:c:c:c,3161,3161000,3162000,1.0,total_sent
fd00::20c:c:c:c,3171,3171000,3172000,1.0,total_sent
fd00::20c:c:c:c,3181,3181000,3182000,1.0,total_sent
fd00::20c:c:c:c,3191,3191000,3192000,1.0,total_sent
fd00::20c:c:c:c,3201,3201000,3202000,1.0,total_sent
fd00::20c:c:c:c,3211,3211000,3212000,1.0,total_sent
fd00::20c:c:c:c,3221,3221000,3222000,1.0,total_sent
fd00::20c:c:c:c,3231,3231000,3232000,1.0,total_sent
fd00::20c:c:c:c,3241,3241000,3242000,1.0,total_sent
fd00::20c:c:c:c,3251,3251000,3252000,1.0,total_sent
fd00::20c:c:c:c,3261,3261000,3262000,1.0,total_sent
fd00::20c:c:c:c,3271,3271000,3272000,1.0,total_sent
fd00::20c:c:c:c,3281,3281000,3282000,1.0,total_sent
fd00::20c:c:c:c,3291,3291000,3292000,1.0,total_sent
fd00::20c:c:c:c,3301,3301000,3302000,1.0,total_sent
fd00::20c:c:c:c,3311,3311000,3312000,1.0,total_sent
fd00::20c:c:c:c,3321,3321000,3322000,1.0,total_sent
fd00::20c:c:c:c,3331,3331000,3332000,1.0,total_sent
fd00::20c:c:c:c,3341,3341000,3342000,1.0,total_sent
fd00::20c:c:c:c,3351,3351000,3352000,1.0,total_sent
fd00::20c:c:c:c,3361,3361000,3362000,1.0,total_sent
fd00::20c:c:c:c,3371,3371000,3372000,1.0,total_sent
fd00::20c:c:c:c,3381,3381000,3382000,1.0,total_sent
fd00::20c:c:c:c,3391,3391000,3392000,1.0,total_sent
fd00::20c:c:c:c,3401,3401000,3402000,1.0,total_sent
fd00::20c:c:c:c,3411,3411000,3412000,1.0,total_sent
fd00::20c:c:c:c,3421,3421000,3422000,1.0,total_sent
fd00::20c:c:c:c,3431,3431000,3432000,1.0,total_sent
fd00::20c:c:c:c,3441,3441000,3442000,1.0,total_sent
fd00::20c:c:c:c,3451,3451000,3452000,1.0,total_sent
fd00::20c:c:c:c,3461,3461000,3462000,1.0,total_sent
fd00::20c:c:c:c,3471,3471000,3472000,1.0,total_sent
fd00::20c:c:c:c,3481,3481000,3482000,1.0,total_sent
fd00::20c:c:c:c,3491,3491000,3492000,1.0,total_sent
fd00::20c:c:c:c,3501,3501000,3502000,1.0,total_sent
fd00::20c:c:c:c,3511,3511000,3512000,1.0,total_sent
fd00::20c:c:c:c,3521,3521000,3522000,1.0,total_sent
fd00::20c:c:c:c,3531,3531000,3532000,1.0,total_sent
fd00::20c:c:c:c,3541,3541000,3542000,1.0,total_sent
fd00::20c:c:c:c,3551,3551000,3552000,1.0,total_sent
fd00::20c:c:c:c,3561,3561000,3562000,1.0,total_sent
fd00::20c:c:c:c,3571,3571000,3572000,1.0,total_sent
fd00::20c:c:c:c,3581,3581000,3582000,1.0,total_sent
fd00::20c:c:c:c,3591,3591000,3592000,1.0,total_sent
fd00::20d:d:d:d,32,32000,33000,0.0,total_sent
fd00::20d:d:d:d,42,42000,43000,1.0,total_sent
fd00::20d:d:d:d,53,53000,54000,1.0,total_sent
fd00::20d:d:d:d,64,64000,65000,1.0,total_sent
fd00::20d:d:d:d,74,74000,75000,1.0,total_sent
fd00::20d:d:d:d,85,85000,86000,1.0,total_sent
fd00::20d:d:d:d,95,95000,96000,1.0,total_sent
fd00::20d:d:d:d,106,106000,107000,1.0,total_sent
fd00::20d:d:d:d,116,116000,117000,1.0,total_sent
fd00::20d:d:d:d,127,127000,128000,1.0,total_sent
fd00::20d:d:d:d,138,138000,139000,1.0,total_sent
fd00::20d:d:d:d,148,148000,149000,1.0,total_sent
fd00::20d:d:d:d,159,159000,160000,1.0,total_sent
fd00::20d:d:d:d,169,169000,170000,1.0,total_sent
fd00::20d:d:d:d,180,180000,181000,1.0,total_sent
fd00::20d:d:d:d,191,191000,192000,1.0,total_sent
fd00::20d:d:d:d,201,201000,202000,1.0,total_sent
fd00::20d:d:d:d,212,212000,213000,1.0,total_sent
fd00::20d:d:d:d,222,222000,223000,1.0,total_sent
fd00::20d:d:d:d,233,233000,234000,1.0,total_sent
fd00::20d:d:d:d,243,243000,244000,1.0,total_sent
fd00::20d:d:d:d,254,254000,255000,1.0,total_sent
fd00::20d:d:d:d,265,265000,266000,1.0,total_sent
fd00::20d:d:d:d,275,275000,276000,1.0,total_sent
fd00::20d:d:d:d,286,286000,287000,1.0,total_sent
fd00::20d:d:d:d,296,296000,297000,1.0,total_sent
fd00::20d:d:d:d,307,307000,308000,1.0,total_sent
fd00::20d:d:d:d,318,318000,319000,1.0,total_sent
fd00::20d:d:d:d,328,328000,329000,1.0,total_sent
fd00::20d:d:d:d,339,339000,340000,1.0,total_sent
fd00::20d:d:d:d,349,349000,350000,1.0,total_sent
fd00::20d:d:d:d,360,360000,361000,1.0,total_sent
fd00::20d:d:d:d,370,370000,371000,1.0,total_sent
fd00::20d:d:d:d,381,381000,382000,1.0,total_sent
fd00::20d:d:d:d,392,392000,393000,1.0,total_sent
fd00::20d:d:d:d,402,402000,403000,1.0,total_sent
fd00::20d:d:d:d,413,413000,414000,1.0,total_sent
fd00::20d:d:d:d,423,423000,424000,1.0,total_sent
fd00::20d:d:d:d,434,434000,435000,1.0,total_sent
fd00::20d:d:d:d,444,444000,445000,1.0,total_sent
fd00::20d:d:d:d,455,455000,456000,1.0,total_sent
fd00::20d:d:d:d,466,466000,467000,1.0,total_sent
fd00::20d:d:d:d,476,476000,477000,1.0,total_sent
fd00::20d:d:d:d,487,487000,488000,1.0,total_sent
fd00::20d:d:d:d,497,497000,498000,1.0,total_sent
fd00::20d:d:d:d,508,508000,509000,1.0,total_sent
fd00::20d:d:d:d,519,519000,520000,1.0,total_sent
fd00::20d:d:d:d,529,529000,530000,1.0,total_sent
fd00::20d:d:d:d,540,540000,541000,1.0,total_sent
fd00::20d:d:d:d,550,550000,551000,1.0,total_sent
fd00::20d:d:d:d,561,561000,562000,1.0,total_sent
fd00::20d:d:d:d,572,572000,573000,1.0,total_sent
fd00::20d:d:d:d,582,582000,583000,1.0,total_sent
fd00::20d:d:d:d,593,593000,594000,1.0,total_sent
fd00::20d:d:d:d,603,603000,604000,1.0,total_sent
fd00::20d:d:d:d,614,614000,615000,1.0,total_sent
fd00::20d:d:d:d,624,624000,625000,1.0,total_sent
fd00::20d:d:d:d,635,635000,636000,1.0,total_sent
fd00::20d:d:d:d,646,646000,647000,1.0,total_sent
fd00::20d:d:d:d,656,656000,657000,1.0,total_sent
fd00::20d:d:d:d,667,667000,668000,1.0,total_sent
fd00::20d:d:d:d,677,677000,678000,1.0,total_sent
fd00::20d:d:d:d,688,688000,689000,1.0,total_sent
fd00::20d:d:d:d,698,698000,699000,1.0,total_sent
fd00::20d:d:d:d,709,709000,710000,1.0,total_sent
fd00::20d:d:d:d,720,720000,721000,1.0,total_sent
fd00::20d:d:d:d,730,730000,731000,1.0,total_sent
fd00::20d:d:d:d,741,741000,742000,1.0,total_sent
fd00::20d:d:d:d,751,751000,752000,1.0,total_sent
fd00::20d:d:d:d,762,762000,763000,1.0,total_sent
fd00::20d:d:d:d,773,773000,774000,1.0,total_sent
fd00::20d:d:d:d,783,783000,784000,1.0,total_sent
fd00::20d:d:d:d,794,794000,795000,1.0,total_sent
fd00::20d:d:d:d,804,804000,805000,1.0,total_sent
fd00::20d:d:d:d,815,815000,816000,1.0,total_sent
fd00::20d:d:d:d,825,825000,826000,1.0,total_sent
fd00::20d:d:d:d,836,836000,837000,1.0,total_sent
fd00::20d:d:d:d,847,847000,848000,1.0,total_sent
fd00::20d:d:d:d,857,857000,858000,1.0,total_sent
fd00::20d:d:d:d,868,868000,869000,1.0,total_sent
fd00::20d:d:d:d,878,878000,879000,1.0,total_sent
fd00::20d:d:d:d,889,889000,890000,1.0,total_sent
fd00::20d:d:d:d,900,900000,901000,1.0,total_sent
fd00::20d:d:d:d,910,910000,911000,1.0,total_sent
fd00::20d:d:d:d,921,921000,922000,1.0,total_sent
fd00::20d:d:d:d,931,931000,932000,1.0,total_sent
fd00::20d:d:d:d,942,942000,943000,1.0,total_sent
fd00::20d:d:d:d,952,952000,953000,1.0,total_sent
fd00::20d:d:d:d,963,963000,964000,1.0,total_sent
fd00::20d:d:d:d,974,974000,975000,1.0,total_sent
fd00::20d:d:d:d,984,984000,985000,1.0,total_sent
fd00::20d:d:d:d,995,995000,996000,1.0,total_sent
fd00::20d:d:d:d,1005,1005000,1006000,1.0,total_sent
fd00::20d:d:d:d,1016,1016000,1017000,1.0,total_sent
fd00::20d:d:d:d,1027,1027000,1028000,1.0,total_sent
fd00::20d:d:d:d,1037,1037000,1038000,1.0,total_sent
fd00::20d:d:d:d,1048,1048000,1049000,1.0,total_sent
fd00::20d:d:d:d,1058,1058000,1059000,1.0,total_sent
fd00::20d:d:d:d,1069,1069000,1070000,1.0,total_sent
fd00::20d:d:d:d,1079,1079000,1080000,1.0,total_sent
fd00::20d:d:d:d,1090,1090000,1091000,1.0,total_sent
fd00::20d:d:d:d,1101,1101000,1102000,1.0,total_sent
fd00::20d:d:d:d,1111,1111000,1112000,1.0,total_sent
fd00::20d:d:d:d,1122,1122000,1123000,1.0,total_sent
fd00::20d:d:d:d,1132,1132000,1133000,1.0,total_sent
fd00::20d:d:d:d,1143,1143000,1144000,1.0,total_sent
fd00::20d:d:d:d,1153,1153000,1154000,1.0,total_sent
fd00::20d:d:d:d,1164,1164000,1165000,1.0,total_sent
fd00::20d:d:d:d,1175,1175000,1176000,1.0,total_sent
fd00::20d:d:d:d,1185,1185000,1186000,1.0,total_sent
fd00::20d:d:d:d,1196,1196000,1197000,1.0,total_sent
fd00::20d:d:d:d,1206,1206000,1207000,1.0,total_sent
fd00::20d:d:d:d,1217,1217000,1218000,1.0,total_sent
fd00::20d:d:d:d,1228,1228000,1229000,1.0,total_sent
fd00::20d:d:d:d,1238,1238000,1239000,1.0,total_sent
fd00::20d:d:d:d,1249,1249000,1250000,1.0,total_sent
fd00::20d:d:d:d,1259,1259000,1260000,1.0,total_sent
fd00::20d:d:d:d,1270,1270000,1271000,1.0,total_sent
fd00::20d:d:d:d,1280,1280000,1281000,1.0,total_sent
fd00::20d:d:d:d,1291,1291000,1292000,1.0,total_sent
fd00::20d:d:d:d,1302,1302000,1303000,1.0,total_sent
fd00::20d:d:d:d,1312,1312000,1313000,1.0,total_sent
fd00::20d:d:d:d,1323,1323000,1324000,1.0,total_sent
fd00::20d:d:d:d,1333,1333000,1334000,1.0,total_sent
fd00::20d:d:d:d,1344,1344000,1345000,1.0,total_sent
fd00::20d:d:d:d,1355,1355000,1356000,1.0,total_sent
fd00::20d:d:d:d,1365,1365000,1366000,1.0,total_sent
fd00::20d:d:d:d,1376,1376000,1377000,1.0,total_sent
fd00::20d:d:d:d,1386,1386000,1387000,1.0,total_sent
fd00::20d:d:d:d,1397,1397000,1398000,1.0,total_sent
fd00::20d:d:d:d,1407,1407000,1408000,1.0,total_sent
fd00::20d:d:d:d,1418,1418000,1419000,1.0,total_sent
fd00::20d:d:d:d,1429,1429000,1430000,1.0,total_sent
fd00::20d:d:d:d,1439,1439000,1440000,1.0,total_sent
fd00::20d:d:d:d,1450,1450000,1451000,1.0,total_sent
fd00::20d:d:d:d,1460,1460000,1461000,1.0,total_sent
fd00::20d:d:d:d,1471,1471000,1472000,1.0,total_sent
fd00::20d:d:d:d,1482,1482000,1483000,1.0,total_sent
fd00::20d:d:d:d,1492,1492000,1493000,1.0,total_sent
fd00::20d:d:d:d,1503,1503000,1504000,1.0,total_sent
fd00::20d:d:d:d,1513,1513000,1514000,1.0,total_sent
fd00::20d:d:d:d,1524,1524000,1525000,1.0,total_sent
fd00::20d:d:d:d,1534,1534000,1535000,1.0,total_sent
fd00::20d:d:d:d,1545,1545000,1546000,1.0,total_sent
fd00::20d:d:d:d,1556,1556000,1557000,1.0,total_sent
fd00::20d:d:d:d,1566,1566000,1567000,1.0,total_sent
fd00::20d:d:d:d,1577,1577000,1578000,1.0,total_sent
fd00::20d:d:d:d,1587,1587000,1588000,1.0,total_sent
fd00::20d:d:d:d,1598,1598000,1599000,1.0,total_sent
fd00::20d:d:d:d,1609,1609000,1610000,1.0,total_sent
fd00::20d:d:d:d,1619,1619000,1620000,1.0,total_sent
fd00::20d:d:d:d,1630,1630000,1631000,1.0,total_sent
fd00::20d:d:d:d,1640,1640000,1641000,1.0,total_sent
fd00::20d:d:d:d,1651,1651000,1652000,1.0,total_sent
fd00::20d:d:d:d,1661,1661000,1662000,1.0,total_sent
fd00::20d:d:d:d,1672,1672000,1673000,1.0,total_sent
fd00::20d:d:d:d,1683,1683000,1684000,1.0,total_sent
fd00::20d:d:d:d,1693,1693000,1694000,1.0,total_sent
fd00::20d:d:d:d,1704,1704000,1705000,1.0,total_sent
fd00::20d:d:d:d,1714,1714000,1715000,1.0,total_sent
fd00::20d:d:d:d,1725,1725000,1726000,1.0,total_sent
fd00::20d:d:d:d,1736,1736000,1737000,1.0,total_sent
fd00::20d:d:d:d,1746,1746000,1747000,1.0,total_sent
fd00::20d:d:d:d,1757,1757000,1758000,1.0,total_sent
fd00::20d:d:d:d,1767,1767000,1768000,1.0,total_sent
fd00::20d:d:d:d,1778,1778000,1779000,1.0,total_sent
fd00::20d:d:d:d,1788,1788000,1789000,1.0,total_sent
fd00::20d:d:d:d,1799,1799000,1800000,1.0,total_sent
fd00::20d:d:d:d,1810,1810000,1811000,1.0,total_sent
fd00::20d:d:d:d,1820,1820000,1821000,1.0,total_sent
fd00::20d:d:d:d,1831,1831000,1832000,1.0,total_sent
fd00::20d:d:d:d,1841,1841000,1842000,1.0,total_sent
fd00::20d:d:d:d,1852,1852000,1853000,1.0,total_sent
fd00::20d:d:d:d,1862,1862000,1863000,1.0,total_sent
fd00::20d:d:d:d,1873,1873000,1874000,1.0,total_sent
fd00::20d:d:d:d,1884,1884000,1885000,1.0,total_sent
fd00::20d:d:d:d,1894,1894000,1895000,1.0,total_sent
fd00::20d:d:d:d,1905,1905000,1906000,1.0,total_sent
fd00::20d:d:d:d,1915,1915000,1916000,1.0,total_sent
fd00::20d:d:d:d,1926,1926000,1927000,1.0,total_sent
fd00::20d:d:d:d,1937,1937000,1938000,1.0,total_sent
fd00::20d:d:d:d,1947,1947000,1948000,1.0,total_sent
fd00::20d:d:d:d,1958,1958000,1959000,1.0,total_sent
fd00::20d:d:d:d,1968,1968000,1969000,1.0,total_sent
fd00::20d:d:d:d,1979,1979000,1980000,1.0,total_sent
fd00::20d:d:d:d,1989,1989000,1990000,1.0,total_sent
fd00::20d:d:d:d,2000,2000000,2001000,1.0,total_sent
fd00::20d:d:d:d,2011,2011000,2012000,1.0,total_sent
fd00::20d:d:d:d,2021,2021000,2022000,1.0,total_sent
fd00::20d:d:d:d,2032,2032000,2033000,1.0,total_sent
fd00::20d:d:d:d,2042,2042000,2043000,1.0,total_sent
fd00::20d:d:d:d,2053,2053000,2054000,1.0,total_sent
fd00::20d:d:d:d,2064,2064000,2065000,1.0,total_sent
fd00::20d:d:d:d,2074,2074000,2075000,1.0,total_sent
fd00::20d:d:d:d,2085,2085000,2086000,1.0,total_sent
fd00::20d:d:d:d,2095,2095000,2096000,1.0,total_sent
fd00::20d:d:d:d,2106,2106000,2107000,1.0,total_sent
fd00::20d:d:d:d,2116,2116000,2117000,1.0,total_sent
fd00::20d:d:d:d,2127,2127000,2128000,1.0,total_sent
fd00::20d:d:d:d,2138,2138000,2139000,1.0,total_sent
fd00::20d:d:d:d,2148,2148000,2149000,1.0,total_sent
fd00::20d:d:d:d,2159,2159000,2160000,1.0,total_sent
fd00::20d:d:d:d,2169,2169000,2170000,1.0,total_sent
fd00::20d:d:d:d,2180,2180000,2181000,1.0,total_sent
fd00::20d:d:d:d,2191,2191000,2192000,1.0,total_sent
fd00::20d:d:d:d,2201,2201000,2202000,1.0,total_sent
fd00::20d:d:d:d,2212,2212000,2213000,1.0,total_sent
fd00::20d:d:d:d,2222,2222000,2223000,1.0,total_sent
fd00::20d:d:d:d,2233,2233000,2234000,1.0,total_sent
fd00::20d:d:d:d,2243,2243000,2244000,1.0,total_sent
fd00::20d:d:d:d,2254,2254000,2255000,1.0,total_sent
fd00::20d:d:d:d,2265,2265000,2266000,1.0,total_sent
fd00::20d:d:d:d,2275,2275000,2276000,1.0,total_sent
fd00::20d:d:d:d,2286,2286000,2287000,1.0,total_sent
fd00::20d:d:d:d,2296,2296000,2297000,1.0,total_sent
fd00::20d:d:d:d,2307,2307000,2308000,1.0,total_sent
fd00::20d:d:d:d,2318,2318000,2319000,1.0,total_sent
fd00::20d:d:d:d,2328,2328000,2329000,1.0,total_sent
fd00::20d:d:d:d,2339,2339000,2340000,1.0,total_sent
fd00::20d:d:d:d,2349,2349000,2350000,1.0,total_sent
fd00::20d:d:d:d,2360,2360000,2361000,1.0,total_sent
fd00::20d:d:d:d,2370,2370000,2371000,1.0,total_sent
fd00::20d:d:d:d,2381,2381000,2382000,1.0,total_sent
fd00::20d:d:d:d,2392,2392000,2393000,1.0,total_sent
fd00::20d:d:d:d,2402,2402000,2403000,1.0,total_sent
fd00::20d:d:d:d,2413,2413000,2414000,1.0,total_sent
fd00::20d:d:d:d,2423,2423000,2424000,1.0,total_sent
fd00::20d:d:d:d,2434,2434000,2435000,1.0,total_sent
fd00::20d:d:d:d,2444,2444000,2445000,1.0,total_sent
fd00::20d:d:d:d,2455,2455000,2456000,1.0,total_sent
fd00::20d:d:d:d,2466,2466000,2467000,1.0,total_sent
fd00::20d:d:d:d,2476,2476000,2477000,1.0,total_sent
fd00::20d:d:d:d,2487,2487000,2488000,1.0,total_sent
fd00::20d:d:d:d,2497,2497000,2498000,1.0,total_sent
fd00::20d:d:d:d,2508,2508000,2509000,1.0,total_sent
fd00::20d:d:d:d,2519,2519000,2520000,1.0,total_sent
fd00::20d:d:d:d,2529,2529000,2530000,1.0,total_sent
fd00::20d:d:d:d,2540,2540000,2541000,1.0,total_sent
fd00::20d:d:d:d,2550,2550000,2551000,1.0,total_sent
fd00::20d:d:d:d,2561,2561000,2562000,1.0,total_sent
fd00::20d:d:d:d,2571,2571000,2572000,1.0,total_sent
fd00::20d:d:d:d,2582,2582000,2583000,1.0,total_sent
fd00::20d:d:d:d,2593,2593000,2594000,1.0,total_sent
fd00::20d:d:d:d,2603,2603000,2604000,1.0,total_sent
fd00::20d:d:d:d,2614,2614000,2615000,1.0,total_sent
fd00::20d:d:d:d,2624,2624000,2625000,1.0,total_sent
fd00::20d:d:d:d,2635,2635000,2636000,1.0,total_sent
fd00::20d:d:d:d,2646,2646000,2647000,1.0,total_sent
fd00::20d:d:d:d,2656,2656000,2657000,1.0,total_sent
fd00::20d:d:d:d,2667,2667000,2668000,1.0,total_sent
fd00::20d:d:d:d,2677,2677000,2678000,1.0,total_sent
fd00::20d:d:d:d,2688,2688000,2689000,1.0,total_sent
fd00::20d:d:d:d,2698,2698000,2699000,1.0,total_sent
fd00::20d:d:d:d,2709,2709000,2710000,1.0,total_sent
fd00::20d:d:d:d,2720,2720000,2721000,1.0,total_sent
fd00::20d:d:d:d,2730,2730000,2731000,1.0,total_sent
fd00::20d:d:d:d,2741,2741000,2742000,1.0,total_sent
fd00::20d:d:d:d,2751,2751000,2752000,1.0,total_sent
fd00::20d:d:d:d,2762,2762000,2763000,1.0,total_sent
fd00::20d:d:d:d,2773,2773000,2774000,1.0,total_sent
fd00::20d:d:d:d,2783,2783000,2784000,1.0,total_sent
fd00::20d:d:d:d,2794,2794000,2795000,1.0,total_sent
fd00::20d:d:d:d,2804,2804000,2805000,1.0,total_sent
fd00::20d:d:d:d,2815,2815000,2816000,1.0,total_sent
fd00::20d:d:d:d,2825,2825000,2826000,1.0,total_sent
fd00::20d:d:d:d,2836,2836000,2837000,1.0,total_sent
fd00::20d:d:d:d,2847,2847000,2848000,1.0,total_sent
fd00::20d:d:d:d,2857,2857000,2858000,1.0,total_sent
fd00::20d:d:d:d,2868,2868000,2869000,1.0,total_sent
fd00::20d:d:d:d,2878,2878000,2879000,1.0,total_sent
fd00::20d:d:d:d,2889,2889000,2890000,1.0,total_sent
fd00::20d:d:d:d,2900,2900000,2901000,1.0,total_sent
fd00::20d:d:d:d,2910,2910000,2911000,1.0,total_sent
fd00::20d:d:d:d,2921,2921000,2922000,1.0,total_sent
fd00::20d:d:d:d,2931,2931000,2932000,1.0,total_sent
fd00::20d:d:d:d,2942,2942000,2943000,1.0,total_sent
fd00::20d:d:d:d,2952,2952000,2953000,1.0,total_sent
fd00::20d:d:d:d,2963,2963000,2964000,1.0,total_sent
fd00::20d:d:d:d,2974,2974000,2975000,1.0,total_sent
fd00::20d:d:d:d,2984,2984000,2985000,1.0,total_sent
fd00::20d:d:d:d,2995,2995000,2996000,1.0,total_sent
fd00::20d:d:d:d,3005,3005000,3006000,1.0,total_sent
fd00::20d:d:d:d,3016,3016000,3017000,1.0,total_sent
fd00::20d:d:d:d,3026,3026000,3027000,1.0,total_sent
fd00::20d:d:d:d,3037,3037000,3038000,1.0,total_sent
fd00::20d:d:d:d,3048,3048000,3049000,1.0,total_sent
fd00::20d:d:d:d,3058,3058000,3059000,1.0,total_sent
fd00::20d:d:d:d,3069,3069000,3070000,1.0,total_sent
fd00::20d:d:d:d,3079,3079000,3080000,1.0,total_sent
fd00::20d:d:d:d,3090,3090000,3091000,1.0,total_sent
fd00::20d:d:d:d,3101,3101000,3102000,1.0,total_sent
fd00::20d:d:d:d,3111,3111000,3112000,1.0,total_sent
fd00::20d:d:d:d,3122,3122000,3123000,1.0,total_sent
fd00::20d:d:d:d,3132,3132000,3133000,1.0,total_sent
fd00::20d:d:d:d,3143,3143000,3144000,1.0,total_sent
fd00::20d:d:d:d,3153,3153000,3154000,1.0,total_sent
fd00::20d:d:d:d,3164,3164000,3165000,1.0,total_sent
fd00::20d:d:d:d,3175,3175000,3176000,1.0,total_sent
fd00::20d:d:d:d,3185,3185000,3186000,1.0,total_sent
fd00::20d:d:d:d,3196,3196000,3197000,1.0,total_sent
fd00::20d:d:d:d,3206,3206000,3207000,1.0,total_sent
fd00::20d:d:d:d,3217,3217000,3218000,1.0,total_sent
fd00::20d:d:d:d,3228,3228000,3229000,1.0,total_sent
fd00::20d:d:d:d,3238,3238000,3239000,1.0,total_sent
fd00::20d:d:d:d,3249,3249000,3250000,1.0,total_sent
fd00::20d:d:d:d,3259,3259000,3260000,1.0,total_sent
fd00::20d:d:d:d,3270,3270000,3271000,1.0,total_sent
fd00::20d:d:d:d,3280,3280000,3281000,1.0,total_sent
fd00::20d:d:d:d,3291,3291000,3292000,1.0,total_sent
fd00::20d:d:d:d,3302,3302000,3303000,1.0,total_sent
fd00::20d:d:d:d,3312,3312000,3313000,1.0,total_sent
fd00::20d:d:d:d,3323,3323000,3324000,1.0,total_sent
fd00::20d:d:d:d,3333,3333000,3334000,1.0,total_sent
fd00::20d:d:d:d,3344,3344000,3345000,1.0,total_sent
fd00::20d:d:d:d,3355,3355000,3356000,1.0,total_sent
fd00::20d:d:d:d,3365,3365000,3366000,1.0,total_sent
fd00::20d:d:d:d,3376,3376000,3377000,1.0,total_sent
fd00::20d:d:d:d,3386,3386000,3387000,1.0,total_sent
fd00::20d:d:d:d,3397,3397000,3398000,1.0,total_sent
fd00::20d:d:d:d,3407,3407000,3408000,1.0,total_sent
fd00::20d:d:d:d,3418,3418000,3419000,1.0,total_sent
fd00::20d:d:d:d,3429,3429000,3430000,1.0,total_sent
fd00::20d:d:d:d,3439,3439000,3440000,1.0,total_sent
fd00::20d:d:d:d,3450,3450000,3451000,1.0,total_sent
fd00::20d:d:d:d,3460,3460000,3461000,1.0,total_sent
fd00::20d:d:d:d,3471,3471000,3472000,1.0,total_sent
fd00::20d:d:d:d,3482,3482000,3483000,1.0,total_sent
fd00::20d:d:d:d,3492,3492000,3493000,1.0,total_sent
fd00::20d:d:d:d,3503,3503000,3504000,1.0,total_sent
fd00::20d:d:d:d,3513,3513000,3514000,1.0,total_sent
fd00::20d:d:d:d,3524,3524000,3525000,1.0,total_sent
fd00::20d:d:d:d,3534,3534000,3535000,1.0,total_sent
fd00::20d:d:d:d,3545,3545000,3546000,1.0,total_sent
fd00::20d:d:d:d,3556,3556000,3557000,1.0,total_sent
fd00::20d:d:d:d,3566,3566000,3567000,1.0,total_sent
fd00::20d:d:d:d,3577,3577000,3578000,1.0,total_sent
fd00::20d:d:d:d,3587,3587000,3588000,1.0,total_sent
fd00::20d:d:d:d,3598,3598000,3599000,1.0,total_sent
fd00::20e:e:e:e,43,43000,44000,0.0,total_sent
fd00::20e:e:e:e,96,96000,97000,3.0,total_sent
fd00::20e:e:e:e,107,107000,108000,1.0,total_sent
fd00::20e:e:e:e,729,729000,730000,3.0,total_sent
fd00::20e:e:e:e,740,740000,741000,1.0,total_sent
fd00::20e:e:e:e,750,750000,751000,1.0,total_sent
fd00::20e:e:e:e,761,761000,762000,1.0,total_sent
fd00::20e:e:e:e,793,793000,794000,3.0,total_sent
fd00::20e:e:e:e,825,825000,826000,3.0,total_sent
fd00::20e:e:e:e,836,836000,837000,1.0,total_sent
fd00::20e:e:e:e,847,847000,848000,1.0,total_sent
fd00::20e:e:e:e,857,857000,858000,1.0,total_sent
fd00::20e:e:e:e,1115,1115000,1116000,3.0,total_sent
fd00::20e:e:e:e,1458,1458000,1459000,3.0,total_sent
fd00::20e:e:e:e,1469,1469000,1470000,1.0,total_sent
fd00::20e:e:e:e,1479,1479000,1480000,1.0,total_sent
fd00::20e:e:e:e,1490,1490000,1491000,1.0,total_sent
fd00::20e:e:e:e,1501,1501000,1502000,1.0,total_sent
fd00::20e:e:e:e,1512,1512000,1513000,1.0,total_sent
fd00::20e:e:e:e,1544,1544000,1545000,3.0,total_sent
fd00::20e:e:e:e,1576,1576000,1577000,3.0,total_sent
fd00::20e:e:e:e,1587,1587000,1588000,1.0,total_sent
fd00::20e:e:e:e,1597,1597000,1598000,1.0,total_sent
fd00::20e:e:e:e,1608,1608000,1609000,1.0,total_sent
fd00::20e:e:e:e,2230,2230000,2231000,3.0,total_sent
fd00::20e:e:e:e,2241,2241000,2242000,1.0,total_sent
fd00::20e:e:e:e,2262,2262000,2263000,2.0,total_sent
fd00::20e:e:e:e,2284,2284000,2285000,2.0,total_sent
fd00::20e:e:e:e,2755,2755000,2756000,3.0,total_sent
fd00::20e:e:e:e,2766,2766000,2767000,1.0,total_sent
fd00::20e:e:e:e,2777,2777000,2778000,1.0,total_sent
fd00::20e:e:e:e,2788,2788000,2789000,1.0,total_sent
fd00::20e:e:e:e,3495,3495000,3496000,3.0,total_sent
fd00::20e:e:e:e,3506,3506000,3507000,1.0,total_sent
fd00::20e:e:e:e,3517,3517000,3518000,1.0,total_sent
fd00::20e:e:e:e,3528,3528000,3529000,1.0,total_sent
fd00::20e:e:e:e,3538,3538000,3539000,1.0,total_sent
fd00::20e:e:e:e,3549,3549000,3550000,1.0,total_sent
fd00::20e:e:e:e,3581,3581000,3582000,3.0,total_sent
fd00::20f:f:f:f,73,73000,74000,0.0,total_sent
fd00::20f:f:f:f,84,84000,85000,1.0,total_sent
fd00::20f:f:f:f,94,94000,95000,1.0,total_sent
fd00::20f:f:f:f,105,105000,106000,1.0,total_sent
fd00::20f:f:f:f,126,126000,127000,2.0,total_sent
fd00::20f:f:f:f,137,137000,138000,1.0,total_sent
fd00::20f:f:f:f,147,147000,148000,1.0,total_sent
fd00::20f:f:f:f,158,158000,159000,1.0,total_sent
fd00::20f:f:f:f,168,168000,169000,1.0,total_sent
fd00::20f:f:f:f,179,179000,180000,1.0,total_sent
fd00::20f:f:f:f,189,189000,190000,1.0,total_sent
fd00::20f:f:f:f,200,200000,201000,1.0,total_sent
fd00::20f:f:f:f,210,210000,211000,1.0,total_sent
fd00::20f:f:f:f,221,221000,222000,1.0,total_sent
fd00::20f:f:f:f,231,231000,232000,1.0,total_sent
fd00::20f:f:f:f,242,242000,243000,1.0,total_sent
fd00::20f:f:f:f,252,252000,253000,1.0,total_sent
fd00::20f:f:f:f,263,263000,264000,1.0,total_sent
fd00::20f:f:f:f,273,273000,274000,1.0,total_sent
fd00::20f:f:f:f,284,284000,285000,1.0,total_sent
fd00::20f:f:f:f,294,294000,295000,1.0,total_sent
fd00::20f:f:f:f,305,305000,306000,1.0,total_sent
fd00::20f:f:f:f,315,315000,316000,1.0,total_sent
fd00::20f:f:f:f,326,326000,327000,1.0,total_sent
fd00::20f:f:f:f,347,347000,348000,2.0,total_sent
fd00::20f:f:f:f,358,358000,359000,1.0,total_sent
fd00::20f:f:f:f,368,368000,369000,1.0,total_sent
fd00::20f:f:f:f,379,379000,380000,1.0,total_sent
fd00::20f:f:f:f,389,389000,390000,1.0,total_sent
fd00::20f:f:f:f,400,400000,401000,1.0,total_sent
fd00::20f:f:f:f,410,410000,411000,1.0,total_sent
fd00::20f:f:f:f,421,421000,422000,1.0,total_sent
fd00::20f:f:f:f,431,431000,432000,1.0,total_sent
fd00::20f:f:f:f,452,452000,453000,2.0,total_sent
fd00::20f:f:f:f,463,463000,464000,1.0,total_sent
fd00::20f:f:f:f,473,473000,474000,1.0,total_sent
fd00::20f:f:f:f,484,484000,485000,1.0,total_sent
fd00::20f:f:f:f,494,494000,495000,1.0,total_sent
fd00::20f:f:f:f,505,505000,506000,1.0,total_sent
fd00::20f:f:f:f,516,516000,517000,1.0,total_sent
fd00::20f:f:f:f,526,526000,527000,1.0,total_sent
fd00::20f:f:f:f,537,537000,538000,1.0,total_sent
fd00::20f:f:f:f,558,558000,559000,2.0,total_sent
fd00::20f:f:f:f,568,568000,569000,1.0,total_sent
fd00::20f:f:f:f,579,579000,580000,1.0,total_sent
fd00::20f:f:f:f,589,589000,590000,1.0,total_sent
fd00::20f:f:f:f,610,610000,611000,2.0,total_sent
fd00::20f:f:f:f,621,621000,622000,1.0,total_sent
fd00::20f:f:f:f,631,631000,632000,1.0,total_sent
fd00::20f:f:f:f,642,642000,643000,1.0,total_sent
fd00::20f:f:f:f,663,663000,664000,2.0,total_sent
fd00::20f:f:f:f,673,673000,674000,1.0,total_sent
fd00::20f:f:f:f,684,684000,685000,1.0,total_sent
fd00::20f:f:f:f,694,694000,695000,1.0,total_sent
fd00::20f:f:f:f,705,705000,706000,1.0,total_sent
fd00::20f:f:f:f,715,715000,716000,1.0,total_sent
fd00::20f:f:f:f,726,726000,727000,1.0,total_sent
fd00::20f:f:f:f,737,737000,738000,1.0,total_sent
fd00::20f:f:f:f,747,747000,748000,1.0,total_sent
fd00::20f:f:f:f,768,768000,769000,2.0,total_sent
fd00::20f:f:f:f,779,779000,780000,1.0,total_sent
fd00::20f:f:f:f,789,789000,790000,1.0,total_sent
fd00::20f:f:f:f,800,800000,801000,1.0,total_sent
fd00::20f:f:f:f,810,810000,811000,1.0,total_sent
fd00::20f:f:f:f,821,821000,822000,1.0,total_sent
fd00::20f:f:f:f,831,831000,832000,1.0,total_sent
fd00::20f:f:f:f,842,842000,843000,1.0,total_sent
fd00::20f:f:f:f,852,852000,853000,1.0,total_sent
fd00::20f:f:f:f,863,863000,864000,1.0,total_sent
fd00::20f:f:f:f,873,873000,874000,1.0,total_sent
fd00::20f:f:f:f,884,884000,885000,1.0,total_sent
fd00::20f:f:f:f,895,895000,896000,1.0,total_sent
fd00::20f:f:f:f,905,905000,906000,1.0,total_sent
fd00::20f:f:f:f,916,916000,917000,1.0,total_sent
fd00::20f:f:f:f,926,926000,927000,1.0,total_sent
fd00::20f:f:f:f,937,937000,938000,1.0,total_sent
fd00::20f:f:f:f,947,947000,948000,1.0,total_sent
fd00::20f:f:f:f,958,958000,959000,1.0,total_sent
fd00::20f:f:f:f,968,968000,969000,1.0,total_sent
fd00::20f:f:f:f,989,989000,990000,2.0,total_sent
fd00::20f:f:f:f,1000,1000000,1001000,1.0,total_sent
fd00::20f:f:f:f,1010,1010000,1011000,1.0,total_sent
fd00::20f:f:f:f,1021,1021000,1022000,1.0,total_sent
fd00::20f:f:f:f,1031,1031000,1032000,1.0,total_sent
fd00::20f:f:f:f,1042,1042000,1043000,1.0,total_sent
fd00::20f:f:f:f,1052,1052000,1053000,1.0,total_sent
fd00::20f:f:f:f,1063,1063000,1064000,1.0,total_sent
fd00::20f:f:f:f,1073,1073000,1074000,1.0,total_sent
fd00::20f:f:f:f,1095,1095000,1096000,2.0,total_sent
fd00::20f:f:f:f,1105,1105000,1106000,1.0,total_sent
fd00::20f:f:f:f,1116,1116000,1117000,1.0,total_sent
fd00::20f:f:f:f,1126,1126000,1127000,1.0,total_sent
fd00::20f:f:f:f,1137,1137000,1138000,1.0,total_sent
fd00::20f:f:f:f,1147,1147000,1148000,1.0,total_sent
fd00::20f:f:f:f,1158,1158000,1159000,1.0,total_sent
fd00::20f:f:f:f,1168,1168000,1169000,1.0,total_sent
fd00::20f:f:f:f,1179,1179000,1180000,1.0,total_sent
fd00::20f:f:f:f,1200,1200000,1201000,2.0,total_sent
fd00::20f:f:f:f,1210,1210000,1211000,1.0,total_sent
fd00::20f:f:f:f,1221,1221000,1222000,1.0,total_sent
fd00::20f:f:f:f,1231,1231000,1232000,1.0,total_sent
fd00::20f:f:f:f,1242,1242000,1243000,1.0,total_sent
fd00::20f:f:f:f,1252,1252000,1253000,1.0,total_sent
fd00::20f:f:f:f,1263,1263000,1264000,1.0,total_sent
fd00::20f:f:f:f,1273,1273000,1274000,1.0,total_sent
fd00::20f:f:f:f,1284,1284000,1285000,1.0,total_sent
fd00::20f:f:f:f,1305,1305000,1306000,2.0,total_sent
fd00::20f:f:f:f,1316,1316000,1317000,1.0,total_sent
fd00::20f:f:f:f,1326,1326000,1327000,1.0,total_sent
fd00::20f:f:f:f,1337,1337000,1338000,1.0,total_sent
fd00::20f:f:f:f,1347,1347000,1348000,1.0,total_sent
fd00::20f:f:f:f,1358,1358000,1359000,1.0,total_sent
fd00::20f:f:f:f,1368,1368000,1369000,1.0,total_sent
fd00::20f:f:f:f,1379,1379000,1380000,1.0,total_sent
fd00::20f:f:f:f,1389,1389000,1390000,1.0,total_sent
fd00::20f:f:f:f,1410,1410000,1411000,2.0,total_sent
fd00::20f:f:f:f,1421,1421000,1422000,1.0,total_sent
fd00::20f:f:f:f,1431,1431000,1432000,1.0,total_sent
fd00::20f:f:f:f,1442,1442000,1443000,1.0,total_sent
fd00::20f:f:f:f,1452,1452000,1453000,1.0,total_sent
fd00::20f:f:f:f,1463,1463000,1464000,1.0,total_sent
fd00::20f:f:f:f,1473,1473000,1474000,1.0,total_sent
fd00::20f:f:f:f,1484,1484000,1485000,1.0,total_sent
fd00::20f:f:f:f,1494,1494000,1495000,1.0,total_sent
fd00::20f:f:f:f,1505,1505000,1506000,1.0,total_sent
fd00::20f:f:f:f,1516,1516000,1517000,1.0,total_sent
fd00::20f:f:f:f,1526,1526000,1527000,1.0,total_sent
fd00::20f:f:f:f,1537,1537000,1538000,1.0,total_sent
fd00::20f:f:f:f,1547,1547000,1548000,1.0,total_sent
fd00::20f:f:f:f,1558,1558000,1559000,1.0,total_sent
fd00::20f:f:f:f,1568,1568000,1569000,1.0,total_sent
fd00::20f:f:f:f,1579,1579000,1580000,1.0,total_sent
fd00::20f:f:f:f,1589,1589000,1590000,1.0,total_sent
fd00::20f:f:f:f,1600,1600000,1601000,1.0,total_sent
fd00::20f:f:f:f,1610,1610000,1611000,1.0,total_sent
fd00::20f:f:f:f,1631,1631000,1632000,2.0,total_sent
fd00::20f:f:f:f,1642,1642000,1643000,1.0,total_sent
fd00::20f:f:f:f,1652,1652000,1653000,1.0,total_sent
fd00::20f:f:f:f,1663,1663000,1664000,1.0,total_sent
fd00::20f:f:f:f,1674,1674000,1675000,1.0,total_sent
fd00::20f:f:f:f,1684,1684000,1685000,1.0,total_sent
fd00::20f:f:f:f,1695,1695000,1696000,1.0,total_sent
fd00::20f:f:f:f,1705,1705000,1706000,1.0,total_sent
fd00::20f:f:f:f,1716,1716000,1717000,1.0,total_sent
fd00::20f:f:f:f,1737,1737000,1738000,2.0,total_sent
fd00::20f:f:f:f,1747,1747000,1748000,1.0,total_sent
fd00::20f:f:f:f,1758,1758000,1759000,1.0,total_sent
fd00::20f:f:f:f,1768,1768000,1769000,1.0,total_sent
fd00::20f:f:f:f,1779,1779000,1780000,1.0,total_sent
fd00::20f:f:f:f,1789,1789000,1790000,1.0,total_sent
fd00::20f:f:f:f,1800,1800000,1801000,1.0,total_sent
fd00::20f:f:f:f,1810,1810000,1811000,1.0,total_sent
fd00::20f:f:f:f,1821,1821000,1822000,1.0,total_sent
fd00::20f:f:f:f,1842,1842000,1843000,2.0,total_sent
fd00::20f:f:f:f,1852,1852000,1853000,1.0,total_sent
fd00::20f:f:f:f,1863,1863000,1864000,1.0,total_sent
fd00::20f:f:f:f,1873,1873000,1874000,1.0,total_sent
fd00::20f:f:f:f,1884,1884000,1885000,1.0,total_sent
fd00::20f:f:f:f,1895,1895000,1896000,1.0,total_sent
fd00::20f:f:f:f,1905,1905000,1906000,1.0,total_sent
fd00::20f:f:f:f,1916,1916000,1917000,1.0,total_sent
fd00::20f:f:f:f,1926,1926000,1927000,1.0,total_sent
fd00::20f:f:f:f,1947,1947000,1948000,2.0,total_sent
fd00::20f:f:f:f,1958,1958000,1959000,1.0,total_sent
fd00::20f:f:f:f,1968,1968000,1969000,1.0,total_sent
fd00::20f:f:f:f,1979,1979000,1980000,1.0,total_sent
fd00::20f:f:f:f,1989,1989000,1990000,1.0,total_sent
fd00::20f:f:f:f,2000,2000000,2001000,1.0,total_sent
fd00::20f:f:f:f,2010,2010000,2011000,1.0,total_sent
fd00::20f:f:f:f,2021,2021000,2022000,1.0,total_sent
fd00::20f:f:f:f,2031,2031000,2032000,1.0,total_sent
fd00::20f:f:f:f,2052,2052000,2053000,2.0,total_sent
fd00::20f:f:f:f,2063,2063000,2064000,1.0,total_sent
fd00::20f:f:f:f,2074,2074000,2075000,1.0,total_sent
fd00::20f:f:f:f,2084,2084000,2085000,1.0,total_sent
fd00::20f:f:f:f,2095,2095000,2096000,1.0,total_sent
fd00::20f:f:f:f,2105,2105000,2106000,1.0,total_sent
fd00::20f:f:f:f,2116,2116000,2117000,1.0,total_sent
fd00::20f:f:f:f,2126,2126000,2127000,1.0,total_sent
fd00::20f:f:f:f,2137,2137000,2138000,1.0,total_sent
fd00::20f:f:f:f,2158,2158000,2159000,2.0,total_sent
fd00::20f:f:f:f,2168,2168000,2169000,1.0,total_sent
fd00::20f:f:f:f,2179,2179000,2180000,1.0,total_sent
fd00::20f:f:f:f,2189,2189000,2190000,1.0,total_sent
fd00::20f:f:f:f,2200,2200000,2201000,1.0,total_sent
fd00::20f:f:f:f,2210,2210000,2211000,1.0,total_sent
fd00::20f:f:f:f,2221,2221000,2222000,1.0,total_sent
fd00::20f:f:f:f,2231,2231000,2232000,1.0,total_sent
fd00::20f:f:f:f,2242,2242000,2243000,1.0,total_sent
fd00::20f:f:f:f,2252,2252000,2253000,1.0,total_sent
fd00::20f:f:f:f,2273,2273000,2274000,2.0,total_sent
fd00::20f:f:f:f,2284,2284000,2285000,1.0,total_sent
fd00::20f:f:f:f,2295,2295000,2296000,1.0,total_sent
fd00::20f:f:f:f,2305,2305000,2306000,1.0,total_sent
fd00::20f:f:f:f,2316,2316000,2317000,1.0,total_sent
fd00::20f:f:f:f,2326,2326000,2327000,1.0,total_sent
fd00::20f:f:f:f,2337,2337000,2338000,1.0,total_sent
fd00::20f:f:f:f,2347,2347000,2348000,1.0,total_sent
fd00::20f:f:f:f,2358,2358000,2359000,1.0,total_sent
fd00::20f:f:f:f,2379,2379000,2380000,2.0,total_sent
fd00::20f:f:f:f,2389,2389000,2390000,1.0,total_sent
fd00::20f:f:f:f,2400,2400000,2401000,1.0,total_sent
fd00::20f:f:f:f,2410,2410000,2411000,1.0,total_sent
fd00::20f:f:f:f,2421,2421000,2422000,1.0,total_sent
fd00::20f:f:f:f,2431,2431000,2432000,1.0,total_sent
fd00::20f:f:f:f,2442,2442000,2443000,1.0,total_sent
fd00::20f:f:f:f,2452,2452000,2453000,1.0,total_sent
fd00::20f:f:f:f,2463,2463000,2464000,1.0,total_sent
fd00::20f:f:f:f,2484,2484000,2485000,2.0,total_sent
fd00::20f:f:f:f,2495,2495000,2496000,1.0,total_sent
fd00::20f:f:f:f,2505,2505000,2506000,1.0,total_sent
fd00::20f:f:f:f,2516,2516000,2517000,1.0,total_sent
fd00::20f:f:f:f,2526,2526000,2527000,1.0,total_sent
fd00::20f:f:f:f,2537,2537000,2538000,1.0,total_sent
fd00::20f:f:f:f,2547,2547000,2548000,1.0,total_sent
fd00::20f:f:f:f,2558,2558000,2559000,1.0,total_sent
fd00::20f:f:f:f,2568,2568000,2569000,1.0,total_sent
fd00::20f:f:f:f,2589,2589000,2590000,2.0,total_sent
fd00::20f:f:f:f,2600,2600000,2601000,1.0,total_sent
fd00::20f:f:f:f,2610,2610000,2611000,1.0,total_sent
fd00::20f:f:f:f,2621,2621000,2622000,1.0,total_sent
fd00::20f:f:f:f,2631,2631000,2632000,1.0,total_sent
fd00::20f:f:f:f,2642,2642000,2643000,1.0,total_sent
fd00::20f:f:f:f,2653,2653000,2654000,1.0,total_sent
fd00::20f:f:f:f,2663,2663000,2664000,1.0,total_sent
fd00::20f:f:f:f,2674,2674000,2675000,1.0,total_sent
fd00::20f:f:f:f,2695,2695000,2696000,2.0,total_sent
fd00::20f:f:f:f,2705,2705000,2706000,1.0,total_sent
fd00::20f:f:f:f,2716,2716000,2717000,1.0,total_sent
fd00::20f:f:f:f,2726,2726000,2727000,1.0,total_sent
fd00::20f:f:f:f,2737,2737000,2738000,1.0,total_sent
fd00::20f:f:f:f,2747,2747000,2748000,1.0,total_sent
fd00::20f:f:f:f,2758,2758000,2759000,1.0,total_sent
fd00::20f:f:f:f,2768,2768000,2769000,1.0,total_sent
fd00::20f:f:f:f,2779,2779000,2780000,1.0,total_sent
fd00::20f:f:f:f,2800,2800000,2801000,2.0,total_sent
fd00::20f:f:f:f,2810,2810000,2811000,1.0,total_sent
fd00::20f:f:f:f,2821,2821000,2822000,1.0,total_sent
fd00::20f:f:f:f,2831,2831000,2832000,1.0,total_sent
fd00::20f:f:f:f,2842,2842000,2843000,1.0,total_sent
fd00::20f:f:f:f,2852,2852000,2853000,1.0,total_sent
fd00::20f:f:f:f,2863,2863000,2864000,1.0,total_sent
fd00::20f:f:f:f,2874,2874000,2875000,1.0,total_sent
fd00::20f:f:f:f,2884,2884000,2885000,1.0,total_sent
fd00::20f:f:f:f,2895,2895000,2896000,1.0,total_sent
fd00::20f:f:f:f,2905,2905000,2906000,1.0,total_sent
fd00::20f:f:f:f,2916,2916000,2917000,1.0,total_sent
fd00::20f:f:f:f,2926,2926000,2927000,1.0,total_sent
fd00::20f:f:f:f,2937,2937000,2938000,1.0,total_sent
fd00::20f:f:f:f,2947,2947000,2948000,1.0,total_sent
fd00::20f:f:f:f,2958,2958000,2959000,1.0,total_sent
fd00::20f:f:f:f,2968,2968000,2969000,1.0,total_sent
fd00::20f:f:f:f,2979,2979000,2980000,1.0,total_sent
fd00::20f:f:f:f,2989,2989000,2990000,1.0,total_sent
fd00::20f:f:f:f,3000,3000000,3001000,1.0,total_sent
fd00::20f:f:f:f,3021,3021000,3022000,2.0,total_sent
fd00::20f:f:f:f,3031,3031000,3032000,1.0,total_sent
fd00::20f:f:f:f,3042,3042000,3043000,1.0,total_sent
fd00::20f:f:f:f,3053,3053000,3054000,1.0,total_sent
fd00::20f:f:f:f,3063,3063000,3064000,1.0,total_sent
fd00::20f:f:f:f,3074,3074000,3075000,1.0,total_sent
fd00::20f:f:f:f,3084,3084000,3085000,1.0,total_sent
fd00::20f:f:f:f,3095,3095000,3096000,1.0,total_sent
fd00::20f:f:f:f,3105,3105000,3106000,1.0,total_sent
fd00::20f:f:f:f,3126,3126000,3127000,2.0,total_sent
fd00::20f:f:f:f,3137,3137000,3138000,1.0,total_sent
fd00::20f:f:f:f,3147,3147000,3148000,1.0,total_sent
fd00::20f:f:f:f,3158,3158000,3159000,1.0,total_sent
fd00::20f:f:f:f,3168,3168000,3169000,1.0,total_sent
fd00::20f:f:f:f,3179,3179000,3180000,1.0,total_sent
fd00::20f:f:f:f,3189,3189000,3190000,1.0,total_sent
fd00::20f:f:f:f,3200,3200000,3201000,1.0,total_sent
fd00::20f:f:f:f,3210,3210000,3211000,1.0,total_sent
fd00::20f:f:f:f,3231,3231000,3232000,2.0,total_sent
fd00::20f:f:f:f,3242,3242000,3243000,1.0,total_sent
fd00::20f:f:f:f,3253,3253000,3254000,1.0,total_sent
fd00::20f:f:f:f,3263,3263000,3264000,1.0,total_sent
fd00::20f:f:f:f,3274,3274000,3275000,1.0,total_sent
fd00::20f:f:f:f,3284,3284000,3285000,1.0,total_sent
fd00::20f:f:f:f,3295,3295000,3296000,1.0,total_sent
fd00::20f:f:f:f,3305,3305000,3306000,1.0,total_sent
fd00::20f:f:f:f,3316,3316000,3317000,1.0,total_sent
fd00::20f:f:f:f,3337,3337000,3338000,2.0,total_sent
fd00::20f:f:f:f,3347,3347000,3348000,1.0,total_sent
fd00::20f:f:f:f,3358,3358000,3359000,1.0,total_sent
fd00::20f:f:f:f,3368,3368000,3369000,1.0,total_sent
fd00::20f:f:f:f,3379,3379000,3380000,1.0,total_sent
fd00::20f:f:f:f,3389,3389000,3390000,1.0,total_sent
fd00::20f:f:f:f,3400,3400000,3401000,1.0,total_sent
fd00::20f:f:f:f,3410,3410000,3411000,1.0,total_sent
fd00::20f:f:f:f,3421,3421000,3422000,1.0,total_sent
fd00::20f:f:f:f,3442,3442000,3443000,2.0,total_sent
fd00::20f:f:f:f,3453,3453000,3454000,1.0,total_sent
fd00::20f:f:f:f,3463,3463000,3464000,1.0,total_sent
fd00::20f:f:f:f,3474,3474000,3475000,1.0,total_sent
fd00::20f:f:f:f,3484,3484000,3485000,1.0,total_sent
fd00::20f:f:f:f,3495,3495000,3496000,1.0,total_sent
fd00::20f:f:f:f,3505,3505000,3506000,1.0,total_sent
fd00::20f:f:f:f,3516,3516000,3517000,1.0,total_sent
fd00::20f:f:f:f,3526,3526000,3527000,1.0,total_sent
fd00::20f:f:f:f,3537,3537000,3538000,1.0,total_sent
fd00::20f:f:f:f,3547,3547000,3548000,1.0,total_sent
fd00::20f:f:f:f,3558,3558000,3559000,1.0,total_sent
fd00::20f:f:f:f,3568,3568000,3569000,1.0,total_sent
fd00::20f:f:f:f,3579,3579000,3580000,1.0,total_sent
fd00::20f:f:f:f,3589,3589000,3590000,1.0,total_sent
fd00::210:10:10:10,51,51000,52000,0.0,total_sent
fd00::210:10:10:10,62,62000,63000,1.0,total_sent
fd00::210:10:10:10,93,93000,94000,3.0,total_sent
fd00::210:10:10:10,103,103000,104000,1.0,total_sent
fd00::210:10:10:10,114,114000,115000,1.0,total_sent
fd00::210:10:10:10,124,124000,125000,1.0,total_sent
fd00::210:10:10:10,549,549000,550000,9.0,total_sent
fd00::210:10:10:10,974,974000,975000,5.0,total_sent
fd00::210:10:10:10,1005,1005000,1006000,3.0,total_sent
fd00::210:10:10:10,1026,1026000,1027000,2.0,total_sent
fd00::210:10:10:10,1037,1037000,1038000,1.0,total_sent
fd00::210:10:10:10,1555,1555000,1556000,6.0,total_sent
fd00::210:10:10:10,2094,2094000,2095000,7.0,total_sent
fd00::210:10:10:10,2105,2105000,2106000,1.0,total_sent
fd00::210:10:10:10,2198,2198000,2199000,2.0,total_sent
fd00::210:10:10:10,2374,2374000,2375000,2.0,total_sent
fd00::210:10:10:10,2882,2882000,2883000,5.0,total_sent
fd00::210:10:10:10,2893,2893000,2894000,1.0,total_sent
fd00::210:10:10:10,2903,2903000,2904000,1.0,total_sent
fd00::210:10:10:10,2955,2955000,2956000,3.0,total_sent
fd00::210:10:10:10,2986,2986000,2987000,3.0,total_sent
fd00::210:10:10:10,2996,2996000,2997000,1.0,total_sent
fd00::210:10:10:10,3007,3007000,3008000,1.0,total_sent
fd00::211:11:11:11,64,64000,65000,0.0,total_sent
fd00::211:11:11:11,75,75000,76000,1.0,total_sent
fd00::211:11:11:11,86,86000,87000,1.0,total_sent
fd00::211:11:11:11,97,97000,98000,1.0,total_sent
fd00::211:11:11:11,107,107000,108000,1.0,total_sent
fd00::211:11:11:11,118,118000,119000,1.0,total_sent
fd00::211:11:11:11,129,129000,130000,1.0,total_sent
fd00::211:11:11:11,150,150000,151000,2.0,total_sent
fd00::211:11:11:11,161,161000,162000,1.0,total_sent
fd00::211:11:11:11,172,172000,173000,1.0,total_sent
fd00::211:11:11:11,182,182000,183000,1.0,total_sent
fd00::211:11:11:11,193,193000,194000,1.0,total_sent
fd00::211:11:11:11,204,204000,205000,1.0,total_sent
fd00::211:11:11:11,214,214000,215000,1.0,total_sent
fd00::211:11:11:11,225,225000,226000,1.0,total_sent
fd00::211:11:11:11,236,236000,237000,1.0,total_sent
fd00::211:11:11:11,257,257000,258000,2.0,total_sent
fd00::211:11:11:11,268,268000,269000,1.0,total_sent
fd00::211:11:11:11,279,279000,280000,1.0,total_sent
fd00::211:11:11:11,289,289000,290000,1.0,total_sent
fd00::211:11:11:11,300,300000,301000,1.0,total_sent
fd00::211:11:11:11,311,311000,312000,1.0,total_sent
fd00::211:11:11:11,322,322000,323000,1.0,total_sent
fd00::211:11:11:11,332,332000,333000,1.0,total_sent
fd00::211:11:11:11,343,343000,344000,1.0,total_sent
fd00::211:11:11:11,364,364000,365000,2.0,total_sent
fd00::211:11:11:11,375,375000,376000,1.0,total_sent
fd00::211:11:11:11,386,386000,387000,1.0,total_sent
fd00::211:11:11:11,397,397000,398000,1.0,total_sent
fd00::211:11:11:11,407,407000,408000,1.0,total_sent
fd00::211:11:11:11,418,418000,419000,1.0,total_sent
fd00::211:11:11:11,429,429000,430000,1.0,total_sent
fd00::211:11:11:11,440,440000,441000,1.0,total_sent
fd00::211:11:11:11,450,450000,451000,1.0,total_sent
fd00::211:11:11:11,472,472000,473000,2.0,total_sent
fd00::211:11:11:11,482,482000,483000,1.0,total_sent
fd00::211:11:11:11,493,493000,494000,1.0,total_sent
fd00::211:11:11:11,504,504000,505000,1.0,total_sent
fd00::211:11:11:11,515,515000,516000,1.0,total_sent
fd00::211:11:11:11,525,525000,526000,1.0,total_sent
fd00::211:11:11:11,536,536000,537000,1.0,total_sent
fd00::211:11:11:11,547,547000,548000,1.0,total_sent
fd00::211:11:11:11,558,558000,559000,1.0,total_sent
fd00::211:11:11:11,579,579000,580000,2.0,total_sent
fd00::211:11:11:11,922,922000,923000,2.0,total_sent
fd00::211:11:11:11,933,933000,934000,1.0,total_sent
fd00::211:11:11:11,943,943000,944000,1.0,total_sent
fd00::211:11:11:11,954,954000,955000,1.0,total_sent
fd00::211:11:11:11,965,965000,966000,1.0,total_sent
fd00::211:11:11:11,976,976000,977000,1.0,total_sent
fd00::211:11:11:11,986,986000,987000,1.0,total_sent
fd00::211:11:11:11,1008,1008000,1009000,2.0,total_sent
fd00::211:11:11:11,1018,1018000,1019000,1.0,total_sent
fd00::211:11:11:11,1029,1029000,1030000,1.0,total_sent
fd00::211:11:11:11,1040,1040000,1041000,1.0,total_sent
fd00::211:11:11:11,1051,1051000,1052000,1.0,total_sent
fd00::211:11:11:11,1061,1061000,1062000,1.0,total_sent
fd00::211:11:11:11,1072,1072000,1073000,1.0,total_sent
fd00::211:11:11:11,1083,1083000,1084000,1.0,total_sent
fd00::211:11:11:11,1093,1093000,1094000,1.0,total_sent
fd00::211:11:11:11,1115,1115000,1116000,2.0,total_sent
fd00::211:11:11:11,1126,1126000,1127000,1.0,total_sent
fd00::211:11:11:11,1136,1136000,1137000,1.0,total_sent
fd00::211:11:11:11,1147,1147000,1148000,1.0,total_sent
fd00::211:11:11:11,1158,1158000,1159000,1.0,total_sent
fd00::211:11:11:11,1169,1169000,1170000,1.0,total_sent
fd00::211:11:11:11,1179,1179000,1180000,1.0,total_sent
fd00::211:11:11:11,1190,1190000,1191000,1.0,total_sent
fd00::211:11:11:11,1201,1201000,1202000,1.0,total_sent
fd00::211:11:11:11,1222,1222000,1223000,2.0,total_sent
fd00::211:11:11:11,1233,1233000,1234000,1.0,total_sent
fd00::211:11:11:11,1244,1244000,1245000,1.0,total_sent
fd00::211:11:11:11,1254,1254000,1255000,1.0,total_sent
fd00::211:11:11:11,1265,1265000,1266000,1.0,total_sent
fd00::211:11:11:11,1276,1276000,1277000,1.0,total_sent
fd00::211:11:11:11,1286,1286000,1287000,1.0,total_sent
fd00::211:11:11:11,1297,1297000,1298000,1.0,total_sent
fd00::211:11:11:11,1308,1308000,1309000,1.0,total_sent
fd00::211:11:11:11,1329,1329000,1330000,2.0,total_sent
fd00::211:11:11:11,1340,1340000,1341000,1.0,total_sent
fd00::211:11:11:11,1351,1351000,1352000,1.0,total_sent
fd00::211:11:11:11,1361,1361000,1362000,1.0,total_sent
fd00::211:11:11:11,1372,1372000,1373000,1.0,total_sent
fd00::211:11:11:11,1383,1383000,1384000,1.0,total_sent
fd00::211:11:11:11,1394,1394000,1395000,1.0,total_sent
fd00::211:11:11:11,1404,1404000,1405000,1.0,total_sent
fd00::211:11:11:11,1415,1415000,1416000,1.0,total_sent
fd00::211:11:11:11,1437,1437000,1438000,2.0,total_sent
fd00::211:11:11:11,1447,1447000,1448000,1.0,total_sent
fd00::211:11:11:11,1458,1458000,1459000,1.0,total_sent
fd00::211:11:11:11,1469,1469000,1470000,1.0,total_sent
fd00::211:11:11:11,1479,1479000,1480000,1.0,total_sent
fd00::211:11:11:11,1490,1490000,1491000,1.0,total_sent
fd00::211:11:11:11,1501,1501000,1502000,1.0,total_sent
fd00::211:11:11:11,1512,1512000,1513000,1.0,total_sent
fd00::211:11:11:11,2316,2316000,2317000,5.0,total_sent
fd00::211:11:11:11,2326,2326000,2327000,1.0,total_sent
fd00::211:11:11:11,2337,2337000,2338000,1.0,total_sent
fd00::211:11:11:11,2348,2348000,2349000,1.0,total_sent
fd00::211:11:11:11,2358,2358000,2359000,1.0,total_sent
fd00::211:11:11:11,2369,2369000,2370000,1.0,total_sent
fd00::211:11:11:11,2712,2712000,2713000,3.0,total_sent
fd00::211:11:11:11,2734,2734000,2735000,2.0,total_sent
fd00::211:11:11:11,2744,2744000,2745000,1.0,total_sent
fd00::211:11:11:11,2755,2755000,2756000,1.0,total_sent
fd00::211:11:11:11,2766,2766000,2767000,1.0,total_sent
fd00::211:11:11:11,2776,2776000,2777000,1.0,total_sent
fd00::211:11:11:11,2787,2787000,2788000,1.0,total_sent
fd00::211:11:11:11,2798,2798000,2799000,1.0,total_sent
fd00::211:11:11:11,2905,2905000,2906000,4.0,total_sent
fd00::211:11:11:11,3430,3430000,3431000,4.0,total_sent
fd00::211:11:11:11,3441,3441000,3442000,1.0,total_sent
fd00::212:12:12:12,30,30000,31000,0.0,total_sent
fd00::212:12:12:12,50,50000,51000,2.0,total_sent
fd00::212:12:12:12,60,60000,61000,1.0,total_sent
fd00::212:12:12:12,90,90000,91000,3.0,total_sent
fd00::212:12:12:12,100,100000,101000,1.0,total_sent
fd00::212:12:12:12,110,110000,111000,1.0,total_sent
fd00::212:12:12:12,120,120000,121000,1.0,total_sent
fd00::212:12:12:12,864,864000,865000,9.0,total_sent
fd00::212:12:12:12,1366,1366000,1367000,7.0,total_sent
fd00::212:12:12:12,1377,1377000,1378000,1.0,total_sent
fd00::212:12:12:12,1387,1387000,1388000,1.0,total_sent
fd00::212:12:12:12,1397,1397000,1398000,1.0,total_sent
fd00::212:12:12:12,1407,1407000,1408000,1.0,total_sent
fd00::212:12:12:12,1879,1879000,1880000,3.0,total_sent
fd00::212:12:12:12,2000,2000000,2001000,6.0,total_sent
fd00::212:12:12:12,2010,2010000,2011000,1.0,total_sent
fd00::212:12:12:12,2020,2020000,2021000,1.0,total_sent
fd00::212:12:12:12,2030,2030000,2031000,1.0,total_sent
fd00::212:12:12:12,2040,2040000,2041000,1.0,total_sent
fd00::212:12:12:12,2573,2573000,2574000,3.0,total_sent
fd00::212:12:12:12,2583,2583000,2584000,1.0,total_sent
fd00::212:12:12:12,2613,2613000,2614000,3.0,total_sent
fd00::212:12:12:12,3085,3085000,3086000,6.0,total_sent
fd00::212:12:12:12,3095,3095000,3096000,1.0,total_sent
fd00::212:12:12:12,3105,3105000,3106000,1.0,total_sent
fd00::212:12:12:12,3115,3115000,3116000,1.0,total_sent
fd00::212:12:12:12,3145,3145000,3146000,3.0,total_sent
fd00::212:12:12:12,3256,3256000,3257000,3.0,total_sent
fd00::213:13:13:13,75,75000,76000,0.0,total_sent
fd00::213:13:13:13,86,86000,87000,1.0,total_sent
fd00::213:13:13:13,96,96000,97000,1.0,total_sent
fd00::213:13:13:13,107,107000,108000,1.0,total_sent
fd00::213:13:13:13,481,481000,482000,3.0,total_sent
fd00::213:13:13:13,492,492000,493000,1.0,total_sent
fd00::213:13:13:13,503,503000,504000,1.0,total_sent
fd00::213:13:13:13,513,513000,514000,1.0,total_sent
fd00::213:13:13:13,524,524000,525000,1.0,total_sent
fd00::213:13:13:13,535,535000,536000,1.0,total_sent
fd00::213:13:13:13,1134,1134000,1135000,3.0,total_sent
fd00::213:13:13:13,1145,1145000,1146000,1.0,total_sent
fd00::213:13:13:13,1155,1155000,1156000,1.0,total_sent
fd00::213:13:13:13,1166,1166000,1167000,1.0,total_sent
fd00::213:13:13:13,1177,1177000,1178000,1.0,total_sent
fd00::213:13:13:13,1572,1572000,1573000,3.0,total_sent
fd00::213:13:13:13,1583,1583000,1584000,1.0,total_sent
fd00::213:13:13:13,1594,1594000,1595000,1.0,total_sent
fd00::213:13:13:13,1605,1605000,1606000,1.0,total_sent
fd00::213:13:13:13,2000,2000000,2001000,3.0,total_sent
fd00::213:13:13:13,2011,2011000,2012000,1.0,total_sent
fd00::213:13:13:13,2022,2022000,2023000,1.0,total_sent
fd00::213:13:13:13,2032,2032000,2033000,1.0,total_sent
fd00::213:13:13:13,2514,2514000,2515000,3.0,total_sent
fd00::213:13:13:13,2524,2524000,2525000,1.0,total_sent
fd00::213:13:13:13,2535,2535000,2536000,1.0,total_sent
fd00::213:13:13:13,2546,2546000,2547000,1.0,total_sent
fd00::213:13:13:13,2557,2557000,2558000,1.0,total_sent
fd00::213:13:13:13,2567,2567000,2568000,1.0,total_sent
fd00::213:13:13:13,2963,2963000,2964000,3.0,total_sent
fd00::213:13:13:13,2974,2974000,2975000,1.0,total_sent
fd00::213:13:13:13,2984,2984000,2985000,1.0,total_sent
fd00::213:13:13:13,2995,2995000,2996000,1.0,total_sent
fd00::213:13:13:13,3583,3583000,3584000,3.0,total_sent
fd00::213:13:13:13,3594,3594000,3595000,1.0,total_sent
fd00::202:2:2:2,20,20000,21000,0.0,total_received
fd00::202:2:2:2,31,31000,32000,0.0,total_received
fd00::202:2:2:2,41,41000,42000,0.0,total_received
fd00::202:2:2:2,52,52000,53000,0.0,total_received
fd00::202:2:2:2,62,62000,63000,0.0,total_received
fd00::202:2:2:2,72,72000,73000,0.0,total_received
fd00::202:2:2:2,83,83000,84000,0.0,total_received
fd00::202:2:2:2,93,93000,94000,0.0,total_received
fd00::202:2:2:2,104,104000,105000,0.0,total_received
fd00::202:2:2:2,114,114000,115000,0.0,total_received
fd00::202:2:2:2,125,125000,126000,0.0,total_received
fd00::202:2:2:2,135,135000,136000,0.0,total_received
fd00::202:2:2:2,145,145000,146000,0.0,total_received
fd00::202:2:2:2,156,156000,157000,0.0,total_received
fd00::202:2:2:2,166,166000,167000,0.0,total_received
fd00::202:2:2:2,177,177000,178000,0.0,total_received
fd00::202:2:2:2,187,187000,188000,0.0,total_received
fd00::202:2:2:2,198,198000,199000,0.0,total_received
fd00::202:2:2:2,208,208000,209000,0.0,total_received
fd00::202:2:2:2,218,218000,219000,0.0,total_received
fd00::202:2:2:2,229,229000,230000,0.0,total_received
fd00::202:2:2:2,239,239000,240000,0.0,total_received
fd00::202:2:2:2,250,250000,251000,0.0,total_received
fd00::202:2:2:2,260,260000,261000,0.0,total_received
fd00::202:2:2:2,271,271000,272000,0.0,total_received
fd00::202:2:2:2,281,281000,282000,0.0,total_received
fd00::202:2:2:2,292,292000,293000,0.0,total_received
fd00::202:2:2:2,302,302000,303000,0.0,total_received
fd00::202:2:2:2,312,312000,313000,0.0,total_received
fd00::202:2:2:2,323,323000,324000,0.0,total_received
fd00::202:2:2:2,333,333000,334000,0.0,total_received
fd00::202:2:2:2,344,344000,345000,0.0,total_received
fd00::202:2:2:2,354,354000,355000,0.0,total_received
fd00::202:2:2:2,365,365000,366000,0.0,total_received
fd00::202:2:2:2,375,375000,376000,0.0,total_received
fd00::202:2:2:2,385,385000,386000,0.0,total_received
fd00::202:2:2:2,396,396000,397000,0.0,total_received
fd00::202:2:2:2,406,406000,407000,0.0,total_received
fd00::202:2:2:2,417,417000,418000,0.0,total_received
fd00::202:2:2:2,427,427000,428000,0.0,total_received
fd00::202:2:2:2,438,438000,439000,0.0,total_received
fd00::202:2:2:2,448,448000,449000,0.0,total_received
fd00::202:2:2:2,458,458000,459000,0.0,total_received
fd00::202:2:2:2,469,469000,470000,0.0,total_received
fd00::202:2:2:2,479,479000,480000,0.0,total_received
fd00::202:2:2:2,490,490000,491000,0.0,total_received
fd00::202:2:2:2,500,500000,501000,0.0,total_received
fd00::202:2:2:2,511,511000,512000,0.0,total_received
fd00::202:2:2:2,521,521000,522000,0.0,total_received
fd00::202:2:2:2,531,531000,532000,0.0,total_received
fd00::202:2:2:2,542,542000,543000,0.0,total_received
fd00::202:2:2:2,552,552000,553000,0.0,total_received
fd00::202:2:2:2,563,563000,564000,0.0,total_received
fd00::202:2:2:2,573,573000,574000,0.0,total_received
fd00::202:2:2:2,584,584000,585000,0.0,total_received
fd00::202:2:2:2,594,594000,595000,0.0,total_received
fd00::202:2:2:2,605,605000,606000,0.0,total_received
fd00::202:2:2:2,615,615000,616000,0.0,total_received
fd00::202:2:2:2,625,625000,626000,0.0,total_received
fd00::202:2:2:2,636,636000,637000,0.0,total_received
fd00::202:2:2:2,646,646000,647000,0.0,total_received
fd00::202:2:2:2,657,657000,658000,0.0,total_received
fd00::202:2:2:2,667,667000,668000,0.0,total_received
fd00::202:2:2:2,678,678000,679000,0.0,total_received
fd00::202:2:2:2,688,688000,689000,0.0,total_received
fd00::202:2:2:2,698,698000,699000,0.0,total_received
fd00::202:2:2:2,709,709000,710000,0.0,total_received
fd00::202:2:2:2,719,719000,720000,0.0,total_received
fd00::202:2:2:2,730,730000,731000,0.0,total_received
fd00::202:2:2:2,740,740000,741000,0.0,total_received
fd00::202:2:2:2,751,751000,752000,0.0,total_received
fd00::202:2:2:2,761,761000,762000,0.0,total_received
fd00::202:2:2:2,771,771000,772000,0.0,total_received
fd00::202:2:2:2,782,782000,783000,0.0,total_received
fd00::202:2:2:2,792,792000,793000,0.0,total_received
fd00::202:2:2:2,803,803000,804000,0.0,total_received
fd00::202:2:2:2,813,813000,814000,0.0,total_received
fd00::202:2:2:2,824,824000,825000,0.0,total_received
fd00::202:2:2:2,834,834000,835000,0.0,total_received
fd00::202:2:2:2,844,844000,845000,0.0,total_received
fd00::202:2:2:2,855,855000,856000,0.0,total_received
fd00::202:2:2:2,865,865000,866000,0.0,total_received
fd00::202:2:2:2,876,876000,877000,0.0,total_received
fd00::202:2:2:2,886,886000,887000,0.0,total_received
fd00::202:2:2:2,897,897000,898000,0.0,total_received
fd00::202:2:2:2,907,907000,908000,0.0,total_received
fd00::202:2:2:2,917,917000,918000,0.0,total_received
fd00::202:2:2:2,928,928000,929000,0.0,total_received
fd00::202:2:2:2,938,938000,939000,0.0,total_received
fd00::202:2:2:2,949,949000,950000,0.0,total_received
fd00::202:2:2:2,959,959000,960000,0.0,total_received
fd00::202:2:2:2,970,970000,971000,0.0,total_received
fd00::202:2:2:2,980,980000,981000,0.0,total_received
fd00::202:2:2:2,990,990000,991000,0.0,total_received
fd00::202:2:2:2,1001,1001000,1002000,0.0,total_received
fd00::202:2:2:2,1011,1011000,1012000,0.0,total_received
fd00::202:2:2:2,1022,1022000,1023000,0.0,total_received
fd00::202:2:2:2,1032,1032000,1033000,0.0,total_received
fd00::202:2:2:2,1043,1043000,1044000,0.0,total_received
fd00::202:2:2:2,1053,1053000,1054000,0.0,total_received
fd00::202:2:2:2,1064,1064000,1065000,0.0,total_received
fd00::202:2:2:2,1074,1074000,1075000,0.0,total_received
fd00::202:2:2:2,1084,1084000,1085000,0.0,total_received
fd00::202:2:2:2,1095,1095000,1096000,0.0,total_received
fd00::202:2:2:2,1105,1105000,1106000,0.0,total_received
fd00::202:2:2:2,1116,1116000,1117000,0.0,total_received
fd00::202:2:2:2,1126,1126000,1127000,0.0,total_received
fd00::202:2:2:2,1137,1137000,1138000,0.0,total_received
fd00::202:2:2:2,1147,1147000,1148000,0.0,total_received
fd00::202:2:2:2,1157,1157000,1158000,0.0,total_received
fd00::202:2:2:2,1168,1168000,1169000,0.0,total_received
fd00::202:2:2:2,1178,1178000,1179000,0.0,total_received
fd00::202:2:2:2,1189,1189000,1190000,0.0,total_received
fd00::202:2:2:2,1199,1199000,1200000,0.0,total_received
fd00::202:2:2:2,1210,1210000,1211000,0.0,total_received
fd00::202:2:2:2,1220,1220000,1221000,0.0,total_received
fd00::202:2:2:2,1230,1230000,1231000,0.0,total_received
fd00::202:2:2:2,1241,1241000,1242000,0.0,total_received
fd00::202:2:2:2,1251,1251000,1252000,0.0,total_received
fd00::202:2:2:2,1262,1262000,1263000,0.0,total_received
fd00::202:2:2:2,1272,1272000,1273000,0.0,total_received
fd00::202:2:2:2,1283,1283000,1284000,0.0,total_received
fd00::202:2:2:2,1293,1293000,1294000,0.0,total_received
fd00::202:2:2:2,1304,1304000,1305000,0.0,total_received
fd00::202:2:2:2,1314,1314000,1315000,0.0,total_received
fd00::202:2:2:2,1324,1324000,1325000,0.0,total_received
fd00::202:2:2:2,1335,1335000,1336000,0.0,total_received
fd00::202:2:2:2,1345,1345000,1346000,0.0,total_received
fd00::202:2:2:2,1356,1356000,1357000,0.0,total_received
fd00::202:2:2:2,1366,1366000,1367000,0.0,total_received
fd00::202:2:2:2,1377,1377000,1378000,0.0,total_received
fd00::202:2:2:2,1387,1387000,1388000,0.0,total_received
fd00::202:2:2:2,1397,1397000,1398000,0.0,total_received
fd00::202:2:2:2,1408,1408000,1409000,0.0,total_received
fd00::202:2:2:2,1418,1418000,1419000,0.0,total_received
fd00::202:2:2:2,1429,1429000,1430000,0.0,total_received
fd00::202:2:2:2,1439,1439000,1440000,0.0,total_received
fd00::202:2:2:2,1450,1450000,1451000,0.0,total_received
fd00::202:2:2:2,1460,1460000,1461000,0.0,total_received
fd00::202:2:2:2,1470,1470000,1471000,0.0,total_received
fd00::202:2:2:2,1481,1481000,1482000,0.0,total_received
fd00::202:2:2:2,1491,1491000,1492000,0.0,total_received
fd00::202:2:2:2,1502,1502000,1503000,0.0,total_received
fd00::202:2:2:2,1512,1512000,1513000,0.0,total_received
fd00::202:2:2:2,1523,1523000,1524000,0.0,total_received
fd00::202:2:2:2,1533,1533000,1534000,0.0,total_received
fd00::202:2:2:2,1543,1543000,1544000,0.0,total_received
fd00::202:2:2:2,1554,1554000,1555000,0.0,total_received
fd00::202:2:2:2,1564,1564000,1565000,0.0,total_received
fd00::202:2:2:2,1575,1575000,1576000,0.0,total_received
fd00::202:2:2:2,1585,1585000,1586000,0.0,total_received
fd00::202:2:2:2,1596,1596000,1597000,0.0,total_received
fd00::202:2:2:2,1606,1606000,1607000,0.0,total_received
fd00::202:2:2:2,1616,1616000,1617000,0.0,total_received
fd00::202:2:2:2,1627,1627000,1628000,0.0,total_received
fd00::202:2:2:2,1637,1637000,1638000,0.0,total_received
fd00::202:2:2:2,1648,1648000,1649000,0.0,total_received
fd00::202:2:2:2,1658,1658000,1659000,0.0,total_received
fd00::202:2:2:2,1669,1669000,1670000,0.0,total_received
fd00::202:2:2:2,1679,1679000,1680000,0.0,total_received
fd00::202:2:2:2,1690,1690000,1691000,0.0,total_received
fd00::202:2:2:2,1700,1700000,1701000,0.0,total_received
fd00::202:2:2:2,1710,1710000,1711000,0.0,total_received
fd00::202:2:2:2,1721,1721000,1722000,0.0,total_received
fd00::202:2:2:2,1731,1731000,1732000,0.0,total_received
fd00::202:2:2:2,1742,1742000,1743000,0.0,total_received
fd00::202:2:2:2,1752,1752000,1753000,0.0,total_received
fd00::202:2:2:2,1763,1763000,1764000,0.0,total_received
fd00::202:2:2:2,1773,1773000,1774000,0.0,total_received
fd00::202:2:2:2,1783,1783000,1784000,0.0,total_received
fd00::202:2:2:2,1794,1794000,1795000,0.0,total_received
fd00::202:2:2:2,1804,1804000,1805000,0.0,total_received
fd00::202:2:2:2,1815,1815000,1816000,0.0,total_received
fd00::202:2:2:2,1825,1825000,1826000,0.0,total_received
fd00::202:2:2:2,1836,1836000,1837000,0.0,total_received
fd00::202:2:2:2,1846,1846000,1847000,0.0,total_received
fd00::202:2:2:2,1856,1856000,1857000,0.0,total_received
fd00::202:2:2:2,1867,1867000,1868000,0.0,total_received
fd00::202:2:2:2,1877,1877000,1878000,0.0,total_received
fd00::202:2:2:2,1888,1888000,1889000,0.0,total_received
fd00::202:2:2:2,1898,1898000,1899000,0.0,total_received
fd00::202:2:2:2,1909,1909000,1910000,0.0,total_received
fd00::202:2:2:2,1919,1919000,1920000,0.0,total_received
fd00::202:2:2:2,1930,1930000,1931000,0.0,total_received
fd00::202:2:2:2,1940,1940000,1941000,0.0,total_received
fd00::202:2:2:2,1950,1950000,1951000,0.0,total_received
fd00::202:2:2:2,1961,1961000,1962000,0.0,total_received
fd00::202:2:2:2,1971,1971000,1972000,0.0,total_received
fd00::202:2:2:2,1982,1982000,1983000,0.0,total_received
fd00::202:2:2:2,1992,1992000,1993000,0.0,total_received
fd00::202:2:2:2,2003,2003000,2004000,0.0,total_received
fd00::202:2:2:2,2013,2013000,2014000,0.0,total_received
fd00::202:2:2:2,2023,2023000,2024000,0.0,total_received
fd00::202:2:2:2,2034,2034000,2035000,0.0,total_received
fd00::202:2:2:2,2044,2044000,2045000,0.0,total_received
fd00::202:2:2:2,2055,2055000,2056000,0.0,total_received
fd00::202:2:2:2,2065,2065000,2066000,0.0,total_received
fd00::202:2:2:2,2076,2076000,2077000,0.0,total_received
fd00::202:2:2:2,2086,2086000,2087000,0.0,total_received
fd00::202:2:2:2,2096,2096000,2097000,0.0,total_received
fd00::202:2:2:2,2107,2107000,2108000,0.0,total_received
fd00::202:2:2:2,2117,2117000,2118000,0.0,total_received
fd00::202:2:2:2,2128,2128000,2129000,0.0,total_received
fd00::202:2:2:2,2138,2138000,2139000,0.0,total_received
fd00::202:2:2:2,2149,2149000,2150000,0.0,total_received
fd00::202:2:2:2,2159,2159000,2160000,0.0,total_received
fd00::202:2:2:2,2169,2169000,2170000,0.0,total_received
fd00::202:2:2:2,2180,2180000,2181000,0.0,total_received
fd00::202:2:2:2,2190,2190000,2191000,0.0,total_received
fd00::202:2:2:2,2201,2201000,2202000,0.0,total_received
fd00::202:2:2:2,2211,2211000,2212000,0.0,total_received
fd00::202:2:2:2,2222,2222000,2223000,0.0,total_received
fd00::202:2:2:2,2232,2232000,2233000,0.0,total_received
fd00::202:2:2:2,2242,2242000,2243000,0.0,total_received
fd00::202:2:2:2,2253,2253000,2254000,0.0,total_received
fd00::202:2:2:2,2263,2263000,2264000,0.0,total_received
fd00::202:2:2:2,2274,2274000,2275000,0.0,total_received
fd00::202:2:2:2,2284,2284000,2285000,0.0,total_received
fd00::202:2:2:2,2295,2295000,2296000,0.0,total_received
fd00::202:2:2:2,2305,2305000,2306000,0.0,total_received
fd00::202:2:2:2,2316,2316000,2317000,0.0,total_received
fd00::202:2:2:2,2326,2326000,2327000,0.0,total_received
fd00::202:2:2:2,2336,2336000,2337000,0.0,total_received
fd00::202:2:2:2,2347,2347000,2348000,0.0,total_received
fd00::202:2:2:2,2357,2357000,2358000,0.0,total_received
fd00::202:2:2:2,2368,2368000,2369000,0.0,total_received
fd00::202:2:2:2,2378,2378000,2379000,0.0,total_received
fd00::202:2:2:2,2389,2389000,2390000,0.0,total_received
fd00::202:2:2:2,2399,2399000,2400000,0.0,total_received
fd00::202:2:2:2,2409,2409000,2410000,0.0,total_received
fd00::202:2:2:2,2420,2420000,2421000,0.0,total_received
fd00::202:2:2:2,2430,2430000,2431000,0.0,total_received
fd00::202:2:2:2,2441,2441000,2442000,0.0,total_received
fd00::202:2:2:2,2451,2451000,2452000,0.0,total_received
fd00::202:2:2:2,2462,2462000,2463000,0.0,total_received
fd00::202:2:2:2,2472,2472000,2473000,0.0,total_received
fd00::202:2:2:2,2482,2482000,2483000,0.0,total_received
fd00::202:2:2:2,2493,2493000,2494000,0.0,total_received
fd00::202:2:2:2,2503,2503000,2504000,0.0,total_received
fd00::202:2:2:2,2514,2514000,2515000,0.0,total_received
fd00::202:2:2:2,2524,2524000,2525000,0.0,total_received
fd00::202:2:2:2,2535,2535000,2536000,0.0,total_received
fd00::202:2:2:2,2545,2545000,2546000,0.0,total_received
fd00::202:2:2:2,2555,2555000,2556000,0.0,total_received
fd00::202:2:2:2,2566,2566000,2567000,0.0,total_received
fd00::202:2:2:2,2576,2576000,2577000,0.0,total_received
fd00::202:2:2:2,2587,2587000,2588000,0.0,total_received
fd00::202:2:2:2,2597,2597000,2598000,0.0,total_received
fd00::202:2:2:2,2608,2608000,2609000,0.0,total_received
fd00::202:2:2:2,2618,2618000,2619000,0.0,total_received
fd00::202:2:2:2,2629,2629000,2630000,0.0,total_received
fd00::202:2:2:2,2639,2639000,2640000,0.0,total_received
fd00::202:2:2:2,2649,2649000,2650000,0.0,total_received
fd00::202:2:2:2,2660,2660000,2661000,0.0,total_received
fd00::202:2:2:2,2670,2670000,2671000,0.0,total_received
fd00::202:2:2:2,2681,2681000,2682000,0.0,total_received
fd00::202:2:2:2,2691,2691000,2692000,0.0,total_received
fd00::202:2:2:2,2702,2702000,2703000,0.0,total_received
fd00::202:2:2:2,2712,2712000,2713000,0.0,total_received
fd00::202:2:2:2,2722,2722000,2723000,0.0,total_received
fd00::202:2:2:2,2733,2733000,2734000,0.0,total_received
fd00::202:2:2:2,2743,2743000,2744000,0.0,total_received
fd00::202:2:2:2,2754,2754000,2755000,0.0,total_received
fd00::202:2:2:2,2764,2764000,2765000,0.0,total_received
fd00::202:2:2:2,2775,2775000,2776000,0.0,total_received
fd00::202:2:2:2,2785,2785000,2786000,0.0,total_received
fd00::202:2:2:2,2795,2795000,2796000,0.0,total_received
fd00::202:2:2:2,2806,2806000,2807000,0.0,total_received
fd00::202:2:2:2,2816,2816000,2817000,0.0,total_received
fd00::202:2:2:2,2827,2827000,2828000,0.0,total_received
fd00::202:2:2:2,2837,2837000,2838000,0.0,total_received
fd00::202:2:2:2,2848,2848000,2849000,0.0,total_received
fd00::202:2:2:2,2858,2858000,2859000,0.0,total_received
fd00::202:2:2:2,2868,2868000,2869000,0.0,total_received
fd00::202:2:2:2,2879,2879000,2880000,0.0,total_received
fd00::202:2:2:2,2889,2889000,2890000,0.0,total_received
fd00::202:2:2:2,2900,2900000,2901000,0.0,total_received
fd00::202:2:2:2,2910,2910000,2911000,0.0,total_received
fd00::202:2:2:2,2921,2921000,2922000,0.0,total_received
fd00::202:2:2:2,2931,2931000,2932000,0.0,total_received
fd00::202:2:2:2,2942,2942000,2943000,0.0,total_received
fd00::202:2:2:2,2952,2952000,2953000,0.0,total_received
fd00::202:2:2:2,2962,2962000,2963000,0.0,total_received
fd00::202:2:2:2,2973,2973000,2974000,0.0,total_received
fd00::202:2:2:2,2983,2983000,2984000,0.0,total_received
fd00::202:2:2:2,2994,2994000,2995000,0.0,total_received
fd00::202:2:2:2,3004,3004000,3005000,0.0,total_received
fd00::202:2:2:2,3015,3015000,3016000,0.0,total_received
fd00::202:2:2:2,3025,3025000,3026000,0.0,total_received
fd00::202:2:2:2,3035,3035000,3036000,0.0,total_received
fd00::202:2:2:2,3046,3046000,3047000,0.0,total_received
fd00::202:2:2:2,3056,3056000,3057000,0.0,total_received
fd00::202:2:2:2,3067,3067000,3068000,0.0,total_received
fd00::202:2:2:2,3077,3077000,3078000,0.0,total_received
fd00::202:2:2:2,3088,3088000,3089000,0.0,total_received
fd00::202:2:2:2,3098,3098000,3099000,0.0,total_received
fd00::202:2:2:2,3108,3108000,3109000,0.0,total_received
fd00::202:2:2:2,3119,3119000,3120000,0.0,total_received
fd00::202:2:2:2,3129,3129000,3130000,0.0,total_received
fd00::202:2:2:2,3140,3140000,3141000,0.0,total_received
fd00::202:2:2:2,3150,3150000,3151000,0.0,total_received
fd00::202:2:2:2,3161,3161000,3162000,0.0,total_received
fd00::202:2:2:2,3171,3171000,3172000,0.0,total_received
fd00::202:2:2:2,3181,3181000,3182000,0.0,total_received
fd00::202:2:2:2,3192,3192000,3193000,0.0,total_received
fd00::202:2:2:2,3202,3202000,3203000,0.0,total_received
fd00::202:2:2:2,3213,3213000,3214000,0.0,total_received
fd00::202:2:2:2,3223,3223000,3224000,0.0,total_received
fd00::202:2:2:2,3234,3234000,3235000,0.0,total_received
fd00::202:2:2:2,3244,3244000,3245000,0.0,total_received
fd00::202:2:2:2,3254,3254000,3255000,0.0,total_received
fd00::202:2:2:2,3265,3265000,3266000,0.0,total_received
fd00::202:2:2:2,3275,3275000,3276000,0.0,total_received
fd00::202:2:2:2,3286,3286000,3287000,0.0,total_received
fd00::202:2:2:2,3296,3296000,3297000,0.0,total_received
fd00::202:2:2:2,3307,3307000,3308000,0.0,total_received
fd00::202:2:2:2,3317,3317000,3318000,0.0,total_received
fd00::202:2:2:2,3328,3328000,3329000,0.0,total_received
fd00::202:2:2:2,3338,3338000,3339000,0.0,total_received
fd00::202:2:2:2,3348,3348000,3349000,0.0,total_received
fd00::202:2:2:2,3359,3359000,3360000,0.0,total_received
fd00::202:2:2:2,3369,3369000,3370000,0.0,total_received
fd00::202:2:2:2,3380,3380000,3381000,0.0,total_received
fd00::202:2:2:2,3390,3390000,3391000,0.0,total_received
fd00::202:2:2:2,3401,3401000,3402000,0.0,total_received
fd00::202:2:2:2,3411,3411000,3412000,0.0,total_received
fd00::202:2:2:2,3421,3421000,3422000,0.0,total_received
fd00::202:2:2:2,3432,3432000,3433000,0.0,total_received
fd00::202:2:2:2,3442,3442000,3443000,0.0,total_received
fd00::202:2:2:2,3453,3453000,3454000,0.0,total_received
fd00::202:2:2:2,3463,3463000,3464000,0.0,total_received
fd00::202:2:2:2,3474,3474000,3475000,0.0,total_received
fd00::202:2:2:2,3484,3484000,3485000,0.0,total_received
fd00::202:2:2:2,3494,3494000,3495000,0.0,total_received
fd00::202:2:2:2,3505,3505000,3506000,0.0,total_received
fd00::202:2:2:2,3515,3515000,3516000,0.0,total_received
fd00::202:2:2:2,3526,3526000,3527000,0.0,total_received
fd00::202:2:2:2,3536,3536000,3537000,0.0,total_received
fd00::202:2:2:2,3547,3547000,3548000,0.0,total_received
fd00::202:2:2:2,3557,3557000,3558000,0.0,total_received
fd00::202:2:2:2,3567,3567000,3568000,0.0,total_received
fd00::202:2:2:2,3578,3578000,3579000,0.0,total_received
fd00::202:2:2:2,3588,3588000,3589000,0.0,total_received
fd00::202:2:2:2,3599,3599000,3600000,0.0,total_received
fd00::203:3:3:3,33,33000,34000,0.0,total_received
fd00::203:3:3:3,44,44000,45000,0.0,total_received
fd00::203:3:3:3,55,55000,56000,0.0,total_received
fd00::203:3:3:3,66,66000,67000,0.0,total_received
fd00::203:3:3:3,77,77000,78000,0.0,total_received
fd00::203:3:3:3,88,88000,89000,0.0,total_received
fd00::203:3:3:3,99,99000,100000,0.0,total_received
fd00::203:3:3:3,110,110000,111000,0.0,total_received
fd00::203:3:3:3,121,121000,122000,0.0,total_received
fd00::203:3:3:3,132,132000,133000,0.0,total_received
fd00::203:3:3:3,142,142000,143000,0.0,total_received
fd00::203:3:3:3,153,153000,154000,0.0,total_received
fd00::203:3:3:3,164,164000,165000,0.0,total_received
fd00::203:3:3:3,175,175000,176000,0.0,total_received
fd00::203:3:3:3,186,186000,187000,0.0,total_received
fd00::203:3:3:3,197,197000,198000,0.0,total_received
fd00::203:3:3:3,208,208000,209000,0.0,total_received
fd00::203:3:3:3,219,219000,220000,0.0,total_received
fd00::203:3:3:3,230,230000,231000,0.0,total_received
fd00::203:3:3:3,241,241000,242000,0.0,total_received
fd00::203:3:3:3,252,252000,253000,0.0,total_received
fd00::203:3:3:3,263,263000,264000,0.0,total_received
fd00::203:3:3:3,274,274000,275000,0.0,total_received
fd00::203:3:3:3,285,285000,286000,0.0,total_received
fd00::203:3:3:3,296,296000,297000,0.0,total_received
fd00::203:3:3:3,307,307000,308000,0.0,total_received
fd00::203:3:3:3,318,318000,319000,0.0,total_received
fd00::203:3:3:3,329,329000,330000,0.0,total_received
fd00::203:3:3:3,340,340000,341000,0.0,total_received
fd00::203:3:3:3,351,351000,352000,0.0,total_received
fd00::203:3:3:3,362,362000,363000,0.0,total_received
fd00::203:3:3:3,373,373000,374000,0.0,total_received
fd00::203:3:3:3,383,383000,384000,0.0,total_received
fd00::203:3:3:3,394,394000,395000,0.0,total_received
fd00::203:3:3:3,405,405000,406000,0.0,total_received
fd00::203:3:3:3,416,416000,417000,0.0,total_received
fd00::203:3:3:3,427,427000,428000,0.0,total_received
fd00::203:3:3:3,438,438000,439000,0.0,total_received
fd00::203:3:3:3,449,449000,450000,0.0,total_received
fd00::203:3:3:3,460,460000,461000,0.0,total_received
fd00::203:3:3:3,471,471000,472000,0.0,total_received
fd00::203:3:3:3,482,482000,483000,0.0,total_received
fd00::203:3:3:3,493,493000,494000,0.0,total_received
fd00::203:3:3:3,504,504000,505000,0.0,total_received
fd00::203:3:3:3,515,515000,516000,0.0,total_received
fd00::203:3:3:3,526,526000,527000,0.0,total_received
fd00::203:3:3:3,537,537000,538000,0.0,total_received
fd00::203:3:3:3,548,548000,549000,0.0,total_received
fd00::203:3:3:3,559,559000,560000,0.0,total_received
fd00::203:3:3:3,570,570000,571000,0.0,total_received
fd00::203:3:3:3,581,581000,582000,0.0,total_received
fd00::203:3:3:3,592,592000,593000,0.0,total_received
fd00::203:3:3:3,603,603000,604000,0.0,total_received
fd00::203:3:3:3,613,613000,614000,0.0,total_received
fd00::203:3:3:3,624,624000,625000,0.0,total_received
fd00::203:3:3:3,635,635000,636000,0.0,total_received
fd00::203:3:3:3,646,646000,647000,0.0,total_received
fd00::203:3:3:3,657,657000,658000,0.0,total_received
fd00::203:3:3:3,668,668000,669000,0.0,total_received
fd00::203:3:3:3,679,679000,680000,0.0,total_received
fd00::203:3:3:3,690,690000,691000,0.0,total_received
fd00::203:3:3:3,701,701000,702000,0.0,total_received
fd00::203:3:3:3,712,712000,713000,0.0,total_received
fd00::203:3:3:3,723,723000,724000,0.0,total_received
fd00::203:3:3:3,734,734000,735000,0.0,total_received
fd00::203:3:3:3,745,745000,746000,0.0,total_received
fd00::203:3:3:3,756,756000,757000,0.0,total_received
fd00::203:3:3:3,767,767000,768000,0.0,total_received
fd00::203:3:3:3,778,778000,779000,0.0,total_received
fd00::203:3:3:3,789,789000,790000,0.0,total_received
fd00::203:3:3:3,800,800000,801000,0.0,total_received
fd00::203:3:3:3,811,811000,812000,0.0,total_received
fd00::203:3:3:3,822,822000,823000,0.0,total_received
fd00::203:3:3:3,833,833000,834000,0.0,total_received
fd00::203:3:3:3,844,844000,845000,0.0,total_received
fd00::203:3:3:3,854,854000,855000,0.0,total_received
fd00::203:3:3:3,865,865000,866000,0.0,total_received
fd00::203:3:3:3,876,876000,877000,0.0,total_received
fd00::203:3:3:3,887,887000,888000,0.0,total_received
fd00::203:3:3:3,898,898000,899000,0.0,total_received
fd00::203:3:3:3,909,909000,910000,0.0,total_received
fd00::203:3:3:3,920,920000,921000,0.0,total_received
fd00::203:3:3:3,931,931000,932000,0.0,total_received
fd00::203:3:3:3,942,942000,943000,0.0,total_received
fd00::203:3:3:3,953,953000,954000,0.0,total_received
fd00::203:3:3:3,964,964000,965000,0.0,total_received
fd00::203:3:3:3,975,975000,976000,0.0,total_received
fd00::203:3:3:3,986,986000,987000,0.0,total_received
fd00::203:3:3:3,997,997000,998000,0.0,total_received
fd00::203:3:3:3,1008,1008000,1009000,0.0,total_received
fd00::203:3:3:3,1019,1019000,1020000,0.0,total_received
fd00::203:3:3:3,1030,1030000,1031000,0.0,total_received
fd00::203:3:3:3,1041,1041000,1042000,0.0,total_received
fd00::203:3:3:3,1052,1052000,1053000,0.0,total_received
fd00::203:3:3:3,1063,1063000,1064000,0.0,total_received
fd00::203:3:3:3,1074,1074000,1075000,0.0,total_received
fd00::203:3:3:3,1085,1085000,1086000,0.0,total_received
fd00::203:3:3:3,1095,1095000,1096000,0.0,total_received
fd00::203:3:3:3,1106,1106000,1107000,0.0,total_received
fd00::203:3:3:3,1117,1117000,1118000,0.0,total_received
fd00::203:3:3:3,1128,1128000,1129000,0.0,total_received
fd00::203:3:3:3,1139,1139000,1140000,0.0,total_received
fd00::203:3:3:3,1150,1150000,1151000,0.0,total_received
fd00::203:3:3:3,1161,1161000,1162000,0.0,total_received
fd00::203:3:3:3,1172,1172000,1173000,0.0,total_received
fd00::203:3:3:3,1183,1183000,1184000,0.0,total_received
fd00::203:3:3:3,1194,1194000,1195000,0.0,total_received
fd00::203:3:3:3,1205,1205000,1206000,0.0,total_received
fd00::203:3:3:3,1216,1216000,1217000,0.0,total_received
fd00::203:3:3:3,1227,1227000,1228000,0.0,total_received
fd00::203:3:3:3,1238,1238000,1239000,0.0,total_received
fd00::203:3:3:3,1249,1249000,1250000,0.0,total_received
fd00::203:3:3:3,1260,1260000,1261000,0.0,total_received
fd00::203:3:3:3,1271,1271000,1272000,0.0,total_received
fd00::203:3:3:3,1282,1282000,1283000,0.0,total_received
fd00::203:3:3:3,1293,1293000,1294000,0.0,total_received
fd00::203:3:3:3,1304,1304000,1305000,0.0,total_received
fd00::203:3:3:3,1315,1315000,1316000,0.0,total_received
fd00::203:3:3:3,1325,1325000,1326000,0.0,total_received
fd00::203:3:3:3,1336,1336000,1337000,0.0,total_received
fd00::203:3:3:3,1347,1347000,1348000,0.0,total_received
fd00::203:3:3:3,1358,1358000,1359000,0.0,total_received
fd00::203:3:3:3,1369,1369000,1370000,0.0,total_received
fd00::203:3:3:3,1380,1380000,1381000,0.0,total_received
fd00::203:3:3:3,1391,1391000,1392000,0.0,total_received
fd00::203:3:3:3,1402,1402000,1403000,0.0,total_received
fd00::203:3:3:3,1413,1413000,1414000,0.0,total_received
fd00::203:3:3:3,1424,1424000,1425000,0.0,total_received
fd00::203:3:3:3,1435,1435000,1436000,0.0,total_received
fd00::203:3:3:3,1446,1446000,1447000,0.0,total_received
fd00::203:3:3:3,1457,1457000,1458000,0.0,total_received
fd00::203:3:3:3,1468,1468000,1469000,0.0,total_received
fd00::203:3:3:3,1479,1479000,1480000,0.0,total_received
fd00::203:3:3:3,1490,1490000,1491000,0.0,total_received
fd00::203:3:3:3,1501,1501000,1502000,0.0,total_received
fd00::203:3:3:3,1512,1512000,1513000,0.0,total_received
fd00::203:3:3:3,1523,1523000,1524000,0.0,total_received
fd00::203:3:3:3,1534,1534000,1535000,0.0,total_received
fd00::203:3:3:3,1545,1545000,1546000,0.0,total_received
fd00::203:3:3:3,1556,1556000,1557000,0.0,total_received
fd00::203:3:3:3,1566,1566000,1567000,0.0,total_received
fd00::203:3:3:3,1577,1577000,1578000,0.0,total_received
fd00::203:3:3:3,1588,1588000,1589000,0.0,total_received
fd00::203:3:3:3,1599,1599000,1600000,0.0,total_received
fd00::203:3:3:3,1610,1610000,1611000,0.0,total_received
fd00::203:3:3:3,1621,1621000,1622000,0.0,total_received
fd00::203:3:3:3,1632,1632000,1633000,0.0,total_received
fd00::203:3:3:3,1643,1643000,1644000,0.0,total_received
fd00::203:3:3:3,1654,1654000,1655000,0.0,total_received
fd00::203:3:3:3,1665,1665000,1666000,0.0,total_received
fd00::203:3:3:3,1676,1676000,1677000,0.0,total_received
fd00::203:3:3:3,1687,1687000,1688000,0.0,total_received
fd00::203:3:3:3,1698,1698000,1699000,0.0,total_received
fd00::203:3:3:3,1709,1709000,1710000,0.0,total_received
fd00::203:3:3:3,1720,1720000,1721000,0.0,total_received
fd00::203:3:3:3,1731,1731000,1732000,0.0,total_received
fd00::203:3:3:3,1742,1742000,1743000,0.0,total_received
fd00::203:3:3:3,1753,1753000,1754000,0.0,total_received
fd00::203:3:3:3,1764,1764000,1765000,0.0,total_received
fd00::203:3:3:3,1775,1775000,1776000,0.0,total_received
fd00::203:3:3:3,1786,1786000,1787000,0.0,total_received
fd00::203:3:3:3,1797,1797000,1798000,0.0,total_received
fd00::203:3:3:3,1807,1807000,1808000,0.0,total_received
fd00::203:3:3:3,1818,1818000,1819000,0.0,total_received
fd00::203:3:3:3,1829,1829000,1830000,0.0,total_received
fd00::203:3:3:3,1840,1840000,1841000,0.0,total_received
fd00::203:3:3:3,1851,1851000,1852000,0.0,total_received
fd00::203:3:3:3,1862,1862000,1863000,0.0,total_received
fd00::203:3:3:3,1873,1873000,1874000,0.0,total_received
fd00::203:3:3:3,1884,1884000,1885000,0.0,total_received
fd00::203:3:3:3,1895,1895000,1896000,0.0,total_received
fd00::203:3:3:3,1906,1906000,1907000,0.0,total_received
fd00::203:3:3:3,1917,1917000,1918000,0.0,total_received
fd00::203:3:3:3,1928,1928000,1929000,0.0,total_received
fd00::203:3:3:3,1939,1939000,1940000,0.0,total_received
fd00::203:3:3:3,1950,1950000,1951000,0.0,total_received
fd00::203:3:3:3,1961,1961000,1962000,0.0,total_received
fd00::203:3:3:3,1972,1972000,1973000,0.0,total_received
fd00::203:3:3:3,1983,1983000,1984000,0.0,total_received
fd00::203:3:3:3,1994,1994000,1995000,0.0,total_received
fd00::203:3:3:3,2005,2005000,2006000,0.0,total_received
fd00::203:3:3:3,2016,2016000,2017000,0.0,total_received
fd00::203:3:3:3,2027,2027000,2028000,0.0,total_received
fd00::203:3:3:3,2038,2038000,2039000,0.0,total_received
fd00::203:3:3:3,2048,2048000,2049000,0.0,total_received
fd00::203:3:3:3,2059,2059000,2060000,0.0,total_received
fd00::203:3:3:3,2070,2070000,2071000,0.0,total_received
fd00::203:3:3:3,2081,2081000,2082000,0.0,total_received
fd00::203:3:3:3,2092,2092000,2093000,0.0,total_received
fd00::203:3:3:3,2103,2103000,2104000,0.0,total_received
fd00::203:3:3:3,2114,2114000,2115000,0.0,total_received
fd00::203:3:3:3,2125,2125000,2126000,0.0,total_received
fd00::203:3:3:3,2136,2136000,2137000,0.0,total_received
fd00::203:3:3:3,2147,2147000,2148000,0.0,total_received
fd00::203:3:3:3,2158,2158000,2159000,0.0,total_received
fd00::203:3:3:3,2169,2169000,2170000,0.0,total_received
fd00::203:3:3:3,2180,2180000,2181000,0.0,total_received
fd00::203:3:3:3,2191,2191000,2192000,0.0,total_received
fd00::203:3:3:3,2202,2202000,2203000,0.0,total_received
fd00::203:3:3:3,2213,2213000,2214000,0.0,total_received
fd00::203:3:3:3,2224,2224000,2225000,0.0,total_received
fd00::203:3:3:3,2235,2235000,2236000,0.0,total_received
fd00::203:3:3:3,2246,2246000,2247000,0.0,total_received
fd00::203:3:3:3,2257,2257000,2258000,0.0,total_received
fd00::203:3:3:3,2268,2268000,2269000,0.0,total_received
fd00::203:3:3:3,2279,2279000,2280000,0.0,total_received
fd00::203:3:3:3,2289,2289000,2290000,0.0,total_received
fd00::203:3:3:3,2300,2300000,2301000,0.0,total_received
fd00::203:3:3:3,2311,2311000,2312000,0.0,total_received
fd00::203:3:3:3,2322,2322000,2323000,0.0,total_received
fd00::203:3:3:3,2333,2333000,2334000,0.0,total_received
fd00::203:3:3:3,2344,2344000,2345000,0.0,total_received
fd00::203:3:3:3,2355,2355000,2356000,0.0,total_received
fd00::203:3:3:3,2366,2366000,2367000,0.0,total_received
fd00::203:3:3:3,2377,2377000,2378000,0.0,total_received
fd00::203:3:3:3,2388,2388000,2389000,0.0,total_received
fd00::203:3:3:3,2399,2399000,2400000,0.0,total_received
fd00::203:3:3:3,2410,2410000,2411000,0.0,total_received
fd00::203:3:3:3,2421,2421000,2422000,0.0,total_received
fd00::203:3:3:3,2432,2432000,2433000,0.0,total_received
fd00::203:3:3:3,2443,2443000,2444000,0.0,total_received
fd00::203:3:3:3,2454,2454000,2455000,0.0,total_received
fd00::203:3:3:3,2465,2465000,2466000,0.0,total_received
fd00::203:3:3:3,2476,2476000,2477000,0.0,total_received
fd00::203:3:3:3,2487,2487000,2488000,0.0,total_received
fd00::203:3:3:3,2498,2498000,2499000,0.0,total_received
fd00::203:3:3:3,2509,2509000,2510000,0.0,total_received
fd00::203:3:3:3,2520,2520000,2521000,0.0,total_received
fd00::203:3:3:3,2530,2530000,2531000,0.0,total_received
fd00::203:3:3:3,2541,2541000,2542000,0.0,total_received
fd00::203:3:3:3,2552,2552000,2553000,0.0,total_received
fd00::203:3:3:3,2563,2563000,2564000,0.0,total_received
fd00::203:3:3:3,2574,2574000,2575000,0.0,total_received
fd00::203:3:3:3,2585,2585000,2586000,0.0,total_received
fd00::203:3:3:3,2596,2596000,2597000,0.0,total_received
fd00::203:3:3:3,2607,2607000,2608000,0.0,total_received
fd00::203:3:3:3,2618,2618000,2619000,0.0,total_received
fd00::203:3:3:3,2629,2629000,2630000,0.0,total_received
fd00::203:3:3:3,2640,2640000,2641000,0.0,total_received
fd00::203:3:3:3,2651,2651000,2652000,0.0,total_received
fd00::203:3:3:3,2662,2662000,2663000,0.0,total_received
fd00::203:3:3:3,2673,2673000,2674000,0.0,total_received
fd00::203:3:3:3,2684,2684000,2685000,0.0,total_received
fd00::203:3:3:3,2695,2695000,2696000,0.0,total_received
fd00::203:3:3:3,2706,2706000,2707000,0.0,total_received
fd00::203:3:3:3,2717,2717000,2718000,0.0,total_received
fd00::203:3:3:3,2728,2728000,2729000,0.0,total_received
fd00::203:3:3:3,2739,2739000,2740000,0.0,total_received
fd00::203:3:3:3,2750,2750000,2751000,0.0,total_received
fd00::203:3:3:3,2760,2760000,2761000,0.0,total_received
fd00::203:3:3:3,2771,2771000,2772000,0.0,total_received
fd00::203:3:3:3,2782,2782000,2783000,0.0,total_received
fd00::203:3:3:3,2793,2793000,2794000,0.0,total_received
fd00::203:3:3:3,2804,2804000,2805000,0.0,total_received
fd00::203:3:3:3,2815,2815000,2816000,0.0,total_received
fd00::203:3:3:3,2826,2826000,2827000,0.0,total_received
fd00::203:3:3:3,2837,2837000,2838000,0.0,total_received
fd00::203:3:3:3,2848,2848000,2849000,0.0,total_received
fd00::203:3:3:3,2859,2859000,2860000,0.0,total_received
fd00::203:3:3:3,2870,2870000,2871000,0.0,total_received
fd00::203:3:3:3,2881,2881000,2882000,0.0,total_received
fd00::203:3:3:3,2892,2892000,2893000,0.0,total_received
fd00::203:3:3:3,2903,2903000,2904000,0.0,total_received
fd00::203:3:3:3,2914,2914000,2915000,0.0,total_received
fd00::203:3:3:3,2925,2925000,2926000,0.0,total_received
fd00::203:3:3:3,2936,2936000,2937000,0.0,total_received
fd00::203:3:3:3,2947,2947000,2948000,0.0,total_received
fd00::203:3:3:3,2958,2958000,2959000,0.0,total_received
fd00::203:3:3:3,2969,2969000,2970000,0.0,total_received
fd00::203:3:3:3,2980,2980000,2981000,0.0,total_received
fd00::203:3:3:3,2991,2991000,2992000,0.0,total_received
fd00::203:3:3:3,3001,3001000,3002000,0.0,total_received
fd00::203:3:3:3,3012,3012000,3013000,0.0,total_received
fd00::203:3:3:3,3023,3023000,3024000,0.0,total_received
fd00::203:3:3:3,3034,3034000,3035000,0.0,total_received
fd00::203:3:3:3,3045,3045000,3046000,0.0,total_received
fd00::203:3:3:3,3056,3056000,3057000,0.0,total_received
fd00::203:3:3:3,3067,3067000,3068000,0.0,total_received
fd00::203:3:3:3,3078,3078000,3079000,0.0,total_received
fd00::203:3:3:3,3089,3089000,3090000,0.0,total_received
fd00::203:3:3:3,3100,3100000,3101000,0.0,total_received
fd00::203:3:3:3,3111,3111000,3112000,0.0,total_received
fd00::203:3:3:3,3122,3122000,3123000,0.0,total_received
fd00::203:3:3:3,3133,3133000,3134000,0.0,total_received
fd00::203:3:3:3,3144,3144000,3145000,0.0,total_received
fd00::203:3:3:3,3155,3155000,3156000,0.0,total_received
fd00::203:3:3:3,3166,3166000,3167000,0.0,total_received
fd00::203:3:3:3,3177,3177000,3178000,0.0,total_received
fd00::203:3:3:3,3188,3188000,3189000,0.0,total_received
fd00::203:3:3:3,3199,3199000,3200000,0.0,total_received
fd00::203:3:3:3,3210,3210000,3211000,0.0,total_received
fd00::203:3:3:3,3221,3221000,3222000,0.0,total_received
fd00::203:3:3:3,3232,3232000,3233000,0.0,total_received
fd00::203:3:3:3,3242,3242000,3243000,0.0,total_received
fd00::203:3:3:3,3253,3253000,3254000,0.0,total_received
fd00::203:3:3:3,3264,3264000,3265000,0.0,total_received
fd00::203:3:3:3,3275,3275000,3276000,0.0,total_received
fd00::203:3:3:3,3286,3286000,3287000,0.0,total_received
fd00::203:3:3:3,3297,3297000,3298000,0.0,total_received
fd00::203:3:3:3,3308,3308000,3309000,0.0,total_received
fd00::203:3:3:3,3319,3319000,3320000,0.0,total_received
fd00::203:3:3:3,3330,3330000,3331000,0.0,total_received
fd00::203:3:3:3,3341,3341000,3342000,0.0,total_received
fd00::203:3:3:3,3352,3352000,3353000,0.0,total_received
fd00::203:3:3:3,3363,3363000,3364000,0.0,total_received
fd00::203:3:3:3,3374,3374000,3375000,0.0,total_received
fd00::203:3:3:3,3385,3385000,3386000,0.0,total_received
fd00::203:3:3:3,3396,3396000,3397000,0.0,total_received
fd00::203:3:3:3,3407,3407000,3408000,0.0,total_received
fd00::203:3:3:3,3418,3418000,3419000,0.0,total_received
fd00::203:3:3:3,3429,3429000,3430000,0.0,total_received
fd00::203:3:3:3,3440,3440000,3441000,0.0,total_received
fd00::203:3:3:3,3451,3451000,3452000,0.0,total_received
fd00::203:3:3:3,3462,3462000,3463000,0.0,total_received
fd00::203:3:3:3,3472,3472000,3473000,0.0,total_received
fd00::203:3:3:3,3483,3483000,3484000,0.0,total_received
fd00::203:3:3:3,3494,3494000,3495000,0.0,total_received
fd00::203:3:3:3,3505,3505000,3506000,0.0,total_received
fd00::203:3:3:3,3516,3516000,3517000,0.0,total_received
fd00::203:3:3:3,3527,3527000,3528000,0.0,total_received
fd00::203:3:3:3,3538,3538000,3539000,0.0,total_received
fd00::203:3:3:3,3549,3549000,3550000,0.0,total_received
fd00::203:3:3:3,3560,3560000,3561000,0.0,total_received
fd00::203:3:3:3,3571,3571000,3572000,0.0,total_received
fd00::203:3:3:3,3582,3582000,3583000,0.0,total_received
fd00::203:3:3:3,3593,3593000,3594000,0.0,total_received
fd00::204:4:4:4,43,43000,44000,0.0,total_received
fd00::204:4:4:4,54,54000,55000,0.0,total_received
fd00::204:4:4:4,65,65000,66000,0.0,total_received
fd00::204:4:4:4,76,76000,77000,0.0,total_received
fd00::204:4:4:4,87,87000,88000,0.0,total_received
fd00::204:4:4:4,98,98000,99000,0.0,total_received
fd00::204:4:4:4,109,109000,110000,0.0,total_received
fd00::204:4:4:4,120,120000,121000,0.0,total_received
fd00::204:4:4:4,130,130000,131000,0.0,total_received
fd00::204:4:4:4,141,141000,142000,0.0,total_received
fd00::204:4:4:4,152,152000,153000,0.0,total_received
fd00::204:4:4:4,163,163000,164000,0.0,total_received
fd00::204:4:4:4,174,174000,175000,0.0,total_received
fd00::204:4:4:4,185,185000,186000,0.0,total_received
fd00::204:4:4:4,196,196000,197000,0.0,total_received
fd00::204:4:4:4,207,207000,208000,0.0,total_received
fd00::204:4:4:4,218,218000,219000,0.0,total_received
fd00::204:4:4:4,229,229000,230000,0.0,total_received
fd00::204:4:4:4,240,240000,241000,0.0,total_received
fd00::204:4:4:4,250,250000,251000,0.0,total_received
fd00::204:4:4:4,261,261000,262000,0.0,total_received
fd00::204:4:4:4,272,272000,273000,0.0,total_received
fd00::204:4:4:4,283,283000,284000,0.0,total_received
fd00::204:4:4:4,294,294000,295000,0.0,total_received
fd00::204:4:4:4,305,305000,306000,0.0,total_received
fd00::204:4:4:4,316,316000,317000,0.0,total_received
fd00::204:4:4:4,327,327000,328000,0.0,total_received
fd00::204:4:4:4,338,338000,339000,0.0,total_received
fd00::204:4:4:4,349,349000,350000,0.0,total_received
fd00::204:4:4:4,360,360000,361000,0.0,total_received
fd00::204:4:4:4,371,371000,372000,0.0,total_received
fd00::204:4:4:4,381,381000,382000,0.0,total_received
fd00::204:4:4:4,392,392000,393000,0.0,total_received
fd00::204:4:4:4,403,403000,404000,0.0,total_received
fd00::204:4:4:4,414,414000,415000,0.0,total_received
fd00::204:4:4:4,425,425000,426000,0.0,total_received
fd00::204:4:4:4,436,436000,437000,0.0,total_received
fd00::204:4:4:4,447,447000,448000,0.0,total_received
fd00::204:4:4:4,458,458000,459000,0.0,total_received
fd00::204:4:4:4,469,469000,470000,0.0,total_received
fd00::204:4:4:4,480,480000,481000,0.0,total_received
fd00::204:4:4:4,491,491000,492000,0.0,total_received
fd00::204:4:4:4,502,502000,503000,0.0,total_received
fd00::204:4:4:4,512,512000,513000,0.0,total_received
fd00::204:4:4:4,523,523000,524000,0.0,total_received
fd00::204:4:4:4,534,534000,535000,0.0,total_received
fd00::204:4:4:4,545,545000,546000,0.0,total_received
fd00::204:4:4:4,556,556000,557000,0.0,total_received
fd00::204:4:4:4,567,567000,568000,0.0,total_received
fd00::204:4:4:4,578,578000,579000,0.0,total_received
fd00::204:4:4:4,589,589000,590000,0.0,total_received
fd00::204:4:4:4,600,600000,601000,0.0,total_received
fd00::204:4:4:4,611,611000,612000,0.0,total_received
fd00::204:4:4:4,622,622000,623000,0.0,total_received
fd00::204:4:4:4,632,632000,633000,0.0,total_received
fd00::204:4:4:4,643,643000,644000,0.0,total_received
fd00::204:4:4:4,654,654000,655000,0.0,total_received
fd00::204:4:4:4,665,665000,666000,0.0,total_received
fd00::204:4:4:4,676,676000,677000,0.0,total_received
fd00::204:4:4:4,687,687000,688000,0.0,total_received
fd00::204:4:4:4,698,698000,699000,0.0,total_received
fd00::204:4:4:4,709,709000,710000,0.0,total_received
fd00::204:4:4:4,720,720000,721000,0.0,total_received
fd00::204:4:4:4,731,731000,732000,0.0,total_received
fd00::204:4:4:4,742,742000,743000,0.0,total_received
fd00::204:4:4:4,752,752000,753000,0.0,total_received
fd00::204:4:4:4,763,763000,764000,0.0,total_received
fd00::204:4:4:4,774,774000,775000,0.0,total_received
fd00::204:4:4:4,785,785000,786000,0.0,total_received
fd00::204:4:4:4,796,796000,797000,0.0,total_received
fd00::204:4:4:4,807,807000,808000,0.0,total_received
fd00::204:4:4:4,818,818000,819000,0.0,total_received
fd00::204:4:4:4,829,829000,830000,0.0,total_received
fd00::204:4:4:4,840,840000,841000,0.0,total_received
fd00::204:4:4:4,851,851000,852000,0.0,total_received
fd00::204:4:4:4,862,862000,863000,0.0,total_received
fd00::204:4:4:4,872,872000,873000,0.0,total_received
fd00::204:4:4:4,883,883000,884000,0.0,total_received
fd00::204:4:4:4,894,894000,895000,0.0,total_received
fd00::204:4:4:4,905,905000,906000,0.0,total_received
fd00::204:4:4:4,916,916000,917000,0.0,total_received
fd00::204:4:4:4,927,927000,928000,0.0,total_received
fd00::204:4:4:4,938,938000,939000,0.0,total_received
fd00::204:4:4:4,949,949000,950000,0.0,total_received
fd00::204:4:4:4,960,960000,961000,0.0,total_received
fd00::204:4:4:4,971,971000,972000,0.0,total_received
fd00::204:4:4:4,982,982000,983000,0.0,total_received
fd00::204:4:4:4,993,993000,994000,0.0,total_received
fd00::204:4:4:4,1003,1003000,1004000,0.0,total_received
fd00::204:4:4:4,1014,1014000,1015000,0.0,total_received
fd00::204:4:4:4,1025,1025000,1026000,0.0,total_received
fd00::204:4:4:4,1036,1036000,1037000,0.0,total_received
fd00::204:4:4:4,1047,1047000,1048000,0.0,total_received
fd00::204:4:4:4,1058,1058000,1059000,0.0,total_received
fd00::204:4:4:4,1069,1069000,1070000,0.0,total_received
fd00::204:4:4:4,1080,1080000,1081000,0.0,total_received
fd00::204:4:4:4,1091,1091000,1092000,0.0,total_received
fd00::204:4:4:4,1102,1102000,1103000,0.0,total_received
fd00::204:4:4:4,1113,1113000,1114000,0.0,total_received
fd00::204:4:4:4,1123,1123000,1124000,0.0,total_received
fd00::204:4:4:4,1134,1134000,1135000,0.0,total_received
fd00::204:4:4:4,1145,1145000,1146000,0.0,total_received
fd00::204:4:4:4,1156,1156000,1157000,0.0,total_received
fd00::204:4:4:4,1167,1167000,1168000,0.0,total_received
fd00::204:4:4:4,1178,1178000,1179000,0.0,total_received
fd00::204:4:4:4,1189,1189000,1190000,0.0,total_received
fd00::204:4:4:4,1200,1200000,1201000,0.0,total_received
fd00::204:4:4:4,1211,1211000,1212000,0.0,total_received
fd00::204:4:4:4,1222,1222000,1223000,0.0,total_received
fd00::204:4:4:4,1233,1233000,1234000,0.0,total_received
fd00::204:4:4:4,1244,1244000,1245000,0.0,total_received
fd00::204:4:4:4,1254,1254000,1255000,0.0,total_received
fd00::204:4:4:4,1265,1265000,1266000,0.0,total_received
fd00::204:4:4:4,1276,1276000,1277000,0.0,total_received
fd00::204:4:4:4,1287,1287000,1288000,0.0,total_received
fd00::204:4:4:4,1298,1298000,1299000,0.0,total_received
fd00::204:4:4:4,1309,1309000,1310000,0.0,total_received
fd00::204:4:4:4,1320,1320000,1321000,0.0,total_received
fd00::204:4:4:4,1331,1331000,1332000,0.0,total_received
fd00::204:4:4:4,1342,1342000,1343000,0.0,total_received
fd00::204:4:4:4,1353,1353000,1354000,0.0,total_received
fd00::204:4:4:4,1364,1364000,1365000,0.0,total_received
fd00::204:4:4:4,1374,1374000,1375000,0.0,total_received
fd00::204:4:4:4,1385,1385000,1386000,0.0,total_received
fd00::204:4:4:4,1396,1396000,1397000,0.0,total_received
fd00::204:4:4:4,1407,1407000,1408000,0.0,total_received
fd00::204:4:4:4,1418,1418000,1419000,0.0,total_received
fd00::204:4:4:4,1429,1429000,1430000,0.0,total_received
fd00::204:4:4:4,1440,1440000,1441000,0.0,total_received
fd00::204:4:4:4,1451,1451000,1452000,0.0,total_received
fd00::204:4:4:4,1462,1462000,1463000,0.0,total_received
fd00::204:4:4:4,1473,1473000,1474000,0.0,total_received
fd00::204:4:4:4,1484,1484000,1485000,0.0,total_received
fd00::204:4:4:4,1495,1495000,1496000,0.0,total_received
fd00::204:4:4:4,1505,1505000,1506000,0.0,total_received
fd00::204:4:4:4,1516,1516000,1517000,0.0,total_received
fd00::204:4:4:4,1527,1527000,1528000,0.0,total_received
fd00::204:4:4:4,1538,1538000,1539000,0.0,total_received
fd00::204:4:4:4,1549,1549000,1550000,0.0,total_received
fd00::204:4:4:4,1560,1560000,1561000,0.0,total_received
fd00::204:4:4:4,1571,1571000,1572000,0.0,total_received
fd00::204:4:4:4,1582,1582000,1583000,0.0,total_received
fd00::204:4:4:4,1593,1593000,1594000,0.0,total_received
fd00::204:4:4:4,1604,1604000,1605000,0.0,total_received
fd00::204:4:4:4,1615,1615000,1616000,0.0,total_received
fd00::204:4:4:4,1625,1625000,1626000,0.0,total_received
fd00::204:4:4:4,1636,1636000,1637000,0.0,total_received
fd00::204:4:4:4,1647,1647000,1648000,0.0,total_received
fd00::204:4:4:4,1658,1658000,1659000,0.0,total_received
fd00::204:4:4:4,1669,1669000,1670000,0.0,total_received
fd00::204:4:4:4,1680,1680000,1681000,0.0,total_received
fd00::204:4:4:4,1691,1691000,1692000,0.0,total_received
fd00::204:4:4:4,1702,1702000,1703000,0.0,total_received
fd00::204:4:4:4,1713,1713000,1714000,0.0,total_received
fd00::204:4:4:4,1724,1724000,1725000,0.0,total_received
fd00::204:4:4:4,1735,1735000,1736000,0.0,total_received
fd00::204:4:4:4,1745,1745000,1746000,0.0,total_received
fd00::204:4:4:4,1756,1756000,1757000,0.0,total_received
fd00::204:4:4:4,1767,1767000,1768000,0.0,total_received
fd00::204:4:4:4,1778,1778000,1779000,0.0,total_received
fd00::204:4:4:4,1789,1789000,1790000,0.0,total_received
fd00::204:4:4:4,1800,1800000,1801000,0.0,total_received
fd00::204:4:4:4,1811,1811000,1812000,0.0,total_received
fd00::204:4:4:4,1822,1822000,1823000,0.0,total_received
fd00::204:4:4:4,1833,1833000,1834000,0.0,total_received
fd00::204:4:4:4,1844,1844000,1845000,0.0,total_received
fd00::204:4:4:4,1855,1855000,1856000,0.0,total_received
fd00::204:4:4:4,1866,1866000,1867000,0.0,total_received
fd00::204:4:4:4,1876,1876000,1877000,0.0,total_received
fd00::204:4:4:4,1887,1887000,1888000,0.0,total_received
fd00::204:4:4:4,1898,1898000,1899000,0.0,total_received
fd00::204:4:4:4,1909,1909000,1910000,0.0,total_received
fd00::204:4:4:4,1920,1920000,1921000,0.0,total_received
fd00::204:4:4:4,1931,1931000,1932000,0.0,total_received
fd00::204:4:4:4,1942,1942000,1943000,0.0,total_received
fd00::204:4:4:4,1953,1953000,1954000,0.0,total_received
fd00::204:4:4:4,1964,1964000,1965000,0.0,total_received
fd00::204:4:4:4,1975,1975000,1976000,0.0,total_received
fd00::204:4:4:4,1986,1986000,1987000,0.0,total_received
fd00::204:4:4:4,1996,1996000,1997000,0.0,total_received
fd00::204:4:4:4,2007,2007000,2008000,0.0,total_received
fd00::204:4:4:4,2018,2018000,2019000,0.0,total_received
fd00::204:4:4:4,2029,2029000,2030000,0.0,total_received
fd00::204:4:4:4,2040,2040000,2041000,0.0,total_received
fd00::204:4:4:4,2051,2051000,2052000,0.0,total_received
fd00::204:4:4:4,2062,2062000,2063000,0.0,total_received
fd00::204:4:4:4,2073,2073000,2074000,0.0,total_received
fd00::204:4:4:4,2084,2084000,2085000,0.0,total_received
fd00::204:4:4:4,2095,2095000,2096000,0.0,total_received
fd00::204:4:4:4,2106,2106000,2107000,0.0,total_received
fd00::204:4:4:4,2116,2116000,2117000,0.0,total_received
fd00::204:4:4:4,2127,2127000,2128000,0.0,total_received
fd00::204:4:4:4,2138,2138000,2139000,0.0,total_received
fd00::204:4:4:4,2149,2149000,2150000,0.0,total_received
fd00::204:4:4:4,2160,2160000,2161000,0.0,total_received
fd00::204:4:4:4,2171,2171000,2172000,0.0,total_received
fd00::204:4:4:4,2182,2182000,2183000,0.0,total_received
fd00::204:4:4:4,2193,2193000,2194000,0.0,total_received
fd00::204:4:4:4,2204,2204000,2205000,0.0,total_received
fd00::204:4:4:4,2215,2215000,2216000,0.0,total_received
fd00::204:4:4:4,2226,2226000,2227000,0.0,total_received
fd00::204:4:4:4,2237,2237000,2238000,0.0,total_received
fd00::204:4:4:4,2247,2247000,2248000,0.0,total_received
fd00::204:4:4:4,2258,2258000,2259000,0.0,total_received
fd00::204:4:4:4,2269,2269000,2270000,0.0,total_received
fd00::204:4:4:4,2280,2280000,2281000,0.0,total_received
fd00::204:4:4:4,2291,2291000,2292000,0.0,total_received
fd00::204:4:4:4,2302,2302000,2303000,0.0,total_received
fd00::204:4:4:4,2313,2313000,2314000,0.0,total_received
fd00::204:4:4:4,2324,2324000,2325000,0.0,total_received
fd00::204:4:4:4,2335,2335000,2336000,0.0,total_received
fd00::204:4:4:4,2346,2346000,2347000,0.0,total_received
fd00::204:4:4:4,2357,2357000,2358000,0.0,total_received
fd00::204:4:4:4,2367,2367000,2368000,0.0,total_received
fd00::204:4:4:4,2378,2378000,2379000,0.0,total_received
fd00::204:4:4:4,2389,2389000,2390000,0.0,total_received
fd00::204:4:4:4,2400,2400000,2401000,0.0,total_received
fd00::204:4:4:4,2411,2411000,2412000,0.0,total_received
fd00::204:4:4:4,2422,2422000,2423000,0.0,total_received
fd00::204:4:4:4,2433,2433000,2434000,0.0,total_received
fd00::204:4:4:4,2444,2444000,2445000,0.0,total_received
fd00::204:4:4:4,2455,2455000,2456000,0.0,total_received
fd00::204:4:4:4,2466,2466000,2467000,0.0,total_received
fd00::204:4:4:4,2477,2477000,2478000,0.0,total_received
fd00::204:4:4:4,2488,2488000,2489000,0.0,total_received
fd00::204:4:4:4,2498,2498000,2499000,0.0,total_received
fd00::204:4:4:4,2509,2509000,2510000,0.0,total_received
fd00::204:4:4:4,2520,2520000,2521000,0.0,total_received
fd00::204:4:4:4,2531,2531000,2532000,0.0,total_received
fd00::204:4:4:4,2542,2542000,2543000,0.0,total_received
fd00::204:4:4:4,2553,2553000,2554000,0.0,total_received
fd00::204:4:4:4,2564,2564000,2565000,0.0,total_received
fd00::204:4:4:4,2575,2575000,2576000,0.0,total_received
fd00::204:4:4:4,2586,2586000,2587000,0.0,total_received
fd00::204:4:4:4,2597,2597000,2598000,0.0,total_received
fd00::204:4:4:4,2608,2608000,2609000,0.0,total_received
fd00::204:4:4:4,2618,2618000,2619000,0.0,total_received
fd00::204:4:4:4,2629,2629000,2630000,0.0,total_received
fd00::204:4:4:4,2640,2640000,2641000,0.0,total_received
fd00::204:4:4:4,2651,2651000,2652000,0.0,total_received
fd00::204:4:4:4,2662,2662000,2663000,0.0,total_received
fd00::204:4:4:4,2673,2673000,2674000,0.0,total_received
fd00::204:4:4:4,2684,2684000,2685000,0.0,total_received
fd00::204:4:4:4,2695,2695000,2696000,0.0,total_received
fd00::204:4:4:4,2706,2706000,2707000,0.0,total_received
fd00::204:4:4:4,2717,2717000,2718000,0.0,total_received
fd00::204:4:4:4,2728,2728000,2729000,0.0,total_received
fd00::204:4:4:4,2738,2738000,2739000,0.0,total_received
fd00::204:4:4:4,2749,2749000,2750000,0.0,total_received
fd00::204:4:4:4,2760,2760000,2761000,0.0,total_received
fd00::204:4:4:4,2771,2771000,2772000,0.0,total_received
fd00::204:4:4:4,2782,2782000,2783000,0.0,total_received
fd00::204:4:4:4,2793,2793000,2794000,0.0,total_received
fd00::204:4:4:4,2804,2804000,2805000,0.0,total_received
fd00::204:4:4:4,2815,2815000,2816000,0.0,total_received
fd00::204:4:4:4,2826,2826000,2827000,0.0,total_received
fd00::204:4:4:4,2837,2837000,2838000,0.0,total_received
fd00::204:4:4:4,2848,2848000,2849000,0.0,total_received
fd00::204:4:4:4,2859,2859000,2860000,0.0,total_received
fd00::204:4:4:4,2869,2869000,2870000,0.0,total_received
fd00::204:4:4:4,2880,2880000,2881000,0.0,total_received
fd00::204:4:4:4,2891,2891000,2892000,0.0,total_received
fd00::204:4:4:4,2902,2902000,2903000,0.0,total_received
fd00::204:4:4:4,2913,2913000,2914000,0.0,total_received
fd00::204:4:4:4,2924,2924000,2925000,0.0,total_received
fd00::204:4:4:4,2935,2935000,2936000,0.0,total_received
fd00::204:4:4:4,2946,2946000,2947000,0.0,total_received
fd00::204:4:4:4,2957,2957000,2958000,0.0,total_received
fd00::204:4:4:4,2968,2968000,2969000,0.0,total_received
fd00::204:4:4:4,2979,2979000,2980000,0.0,total_received
fd00::204:4:4:4,2989,2989000,2990000,0.0,total_received
fd00::204:4:4:4,3000,3000000,3001000,0.0,total_received
fd00::204:4:4:4,3011,3011000,3012000,0.0,total_received
fd00::204:4:4:4,3022,3022000,3023000,0.0,total_received
fd00::204:4:4:4,3033,3033000,3034000,0.0,total_received
fd00::204:4:4:4,3044,3044000,3045000,0.0,total_received
fd00::204:4:4:4,3055,3055000,3056000,0.0,total_received
fd00::204:4:4:4,3066,3066000,3067000,0.0,total_received
fd00::204:4:4:4,3077,3077000,3078000,0.0,total_received
fd00::204:4:4:4,3088,3088000,3089000,0.0,total_received
fd00::204:4:4:4,3099,3099000,3100000,0.0,total_received
fd00::204:4:4:4,3109,3109000,3110000,0.0,total_received
fd00::204:4:4:4,3120,3120000,3121000,0.0,total_received
fd00::204:4:4:4,3131,3131000,3132000,0.0,total_received
fd00::204:4:4:4,3142,3142000,3143000,0.0,total_received
fd00::204:4:4:4,3153,3153000,3154000,0.0,total_received
fd00::204:4:4:4,3164,3164000,3165000,0.0,total_received
fd00::204:4:4:4,3175,3175000,3176000,0.0,total_received
fd00::204:4:4:4,3186,3186000,3187000,0.0,total_received
fd00::204:4:4:4,3197,3197000,3198000,0.0,total_received
fd00::204:4:4:4,3208,3208000,3209000,0.0,total_received
fd00::204:4:4:4,3219,3219000,3220000,0.0,total_received
fd00::204:4:4:4,3229,3229000,3230000,0.0,total_received
fd00::204:4:4:4,3240,3240000,3241000,0.0,total_received
fd00::204:4:4:4,3251,3251000,3252000,0.0,total_received
fd00::204:4:4:4,3262,3262000,3263000,0.0,total_received
fd00::204:4:4:4,3273,3273000,3274000,0.0,total_received
fd00::204:4:4:4,3284,3284000,3285000,0.0,total_received
fd00::204:4:4:4,3295,3295000,3296000,0.0,total_received
fd00::204:4:4:4,3306,3306000,3307000,0.0,total_received
fd00::204:4:4:4,3317,3317000,3318000,0.0,total_received
fd00::204:4:4:4,3328,3328000,3329000,0.0,total_received
fd00::204:4:4:4,3339,3339000,3340000,0.0,total_received
fd00::204:4:4:4,3350,3350000,3351000,0.0,total_received
fd00::204:4:4:4,3360,3360000,3361000,0.0,total_received
fd00::204:4:4:4,3371,3371000,3372000,0.0,total_received
fd00::204:4:4:4,3382,3382000,3383000,0.0,total_received
fd00::204:4:4:4,3393,3393000,3394000,0.0,total_received
fd00::204:4:4:4,3404,3404000,3405000,0.0,total_received
fd00::204:4:4:4,3415,3415000,3416000,0.0,total_received
fd00::204:4:4:4,3426,3426000,3427000,0.0,total_received
fd00::204:4:4:4,3437,3437000,3438000,0.0,total_received
fd00::204:4:4:4,3448,3448000,3449000,0.0,total_received
fd00::204:4:4:4,3459,3459000,3460000,0.0,total_received
fd00::204:4:4:4,3470,3470000,3471000,0.0,total_received
fd00::204:4:4:4,3480,3480000,3481000,0.0,total_received
fd00::204:4:4:4,3491,3491000,3492000,0.0,total_received
fd00::204:4:4:4,3502,3502000,3503000,0.0,total_received
fd00::204:4:4:4,3513,3513000,3514000,0.0,total_received
fd00::204:4:4:4,3524,3524000,3525000,0.0,total_received
fd00::204:4:4:4,3535,3535000,3536000,0.0,total_received
fd00::204:4:4:4,3546,3546000,3547000,0.0,total_received
fd00::204:4:4:4,3557,3557000,3558000,0.0,total_received
fd00::204:4:4:4,3568,3568000,3569000,0.0,total_received
fd00::204:4:4:4,3579,3579000,3580000,0.0,total_received
fd00::204:4:4:4,3590,3590000,3591000,0.0,total_received
fd00::205:5:5:5,62,62000,63000,0.0,total_received
fd00::205:5:5:5,72,72000,73000,0.0,total_received
fd00::205:5:5:5,82,82000,83000,0.0,total_received
fd00::205:5:5:5,93,93000,94000,0.0,total_received
fd00::205:5:5:5,103,103000,104000,0.0,total_received
fd00::205:5:5:5,113,113000,114000,0.0,total_received
fd00::205:5:5:5,124,124000,125000,0.0,total_received
fd00::205:5:5:5,134,134000,135000,0.0,total_received
fd00::205:5:5:5,144,144000,145000,0.0,total_received
fd00::205:5:5:5,154,154000,155000,0.0,total_received
fd00::205:5:5:5,165,165000,166000,0.0,total_received
fd00::205:5:5:5,175,175000,176000,0.0,total_received
fd00::205:5:5:5,185,185000,186000,0.0,total_received
fd00::205:5:5:5,196,196000,197000,0.0,total_received
fd00::205:5:5:5,206,206000,207000,0.0,total_received
fd00::205:5:5:5,216,216000,217000,0.0,total_received
fd00::205:5:5:5,226,226000,227000,0.0,total_received
fd00::205:5:5:5,237,237000,238000,0.0,total_received
fd00::205:5:5:5,247,247000,248000,0.0,total_received
fd00::205:5:5:5,257,257000,258000,0.0,total_received
fd00::205:5:5:5,268,268000,269000,0.0,total_received
fd00::205:5:5:5,278,278000,279000,0.0,total_received
fd00::205:5:5:5,288,288000,289000,0.0,total_received
fd00::205:5:5:5,299,299000,300000,0.0,total_received
fd00::205:5:5:5,309,309000,310000,0.0,total_received
fd00::205:5:5:5,319,319000,320000,0.0,total_received
fd00::205:5:5:5,330,330000,331000,0.0,total_received
fd00::205:5:5:5,340,340000,341000,0.0,total_received
fd00::205:5:5:5,350,350000,351000,0.0,total_received
fd00::205:5:5:5,360,360000,361000,0.0,total_received
fd00::205:5:5:5,371,371000,372000,0.0,total_received
fd00::205:5:5:5,381,381000,382000,0.0,total_received
fd00::205:5:5:5,391,391000,392000,0.0,total_received
fd00::205:5:5:5,402,402000,403000,0.0,total_received
fd00::205:5:5:5,412,412000,413000,0.0,total_received
fd00::205:5:5:5,422,422000,423000,0.0,total_received
fd00::205:5:5:5,432,432000,433000,0.0,total_received
fd00::205:5:5:5,443,443000,444000,0.0,total_received
fd00::205:5:5:5,453,453000,454000,0.0,total_received
fd00::205:5:5:5,463,463000,464000,0.0,total_received
fd00::205:5:5:5,474,474000,475000,0.0,total_received
fd00::205:5:5:5,484,484000,485000,0.0,total_received
fd00::205:5:5:5,494,494000,495000,0.0,total_received
fd00::205:5:5:5,505,505000,506000,0.0,total_received
fd00::205:5:5:5,515,515000,516000,0.0,total_received
fd00::205:5:5:5,525,525000,526000,0.0,total_received
fd00::205:5:5:5,535,535000,536000,0.0,total_received
fd00::205:5:5:5,546,546000,547000,0.0,total_received
fd00::205:5:5:5,556,556000,557000,0.0,total_received
fd00::205:5:5:5,566,566000,567000,0.0,total_received
fd00::205:5:5:5,577,577000,578000,0.0,total_received
fd00::205:5:5:5,587,587000,588000,0.0,total_received
fd00::205:5:5:5,597,597000,598000,0.0,total_received
fd00::205:5:5:5,608,608000,609000,0.0,total_received
fd00::205:5:5:5,618,618000,619000,0.0,total_received
fd00::205:5:5:5,628,628000,629000,0.0,total_received
fd00::205:5:5:5,638,638000,639000,0.0,total_received
fd00::205:5:5:5,649,649000,650000,0.0,total_received
fd00::205:5:5:5,659,659000,660000,0.0,total_received
fd00::205:5:5:5,669,669000,670000,0.0,total_received
fd00::205:5:5:5,680,680000,681000,0.0,total_received
fd00::205:5:5:5,690,690000,691000,0.0,total_received
fd00::205:5:5:5,700,700000,701000,0.0,total_received
fd00::205:5:5:5,711,711000,712000,0.0,total_received
fd00::205:5:5:5,721,721000,722000,0.0,total_received
fd00::205:5:5:5,731,731000,732000,0.0,total_received
fd00::205:5:5:5,741,741000,742000,0.0,total_received
fd00::205:5:5:5,752,752000,753000,0.0,total_received
fd00::205:5:5:5,762,762000,763000,0.0,total_received
fd00::205:5:5:5,772,772000,773000,0.0,total_received
fd00::205:5:5:5,783,783000,784000,0.0,total_received
fd00::205:5:5:5,793,793000,794000,0.0,total_received
fd00::205:5:5:5,803,803000,804000,0.0,total_received
fd00::205:5:5:5,813,813000,814000,0.0,total_received
fd00::205:5:5:5,824,824000,825000,0.0,total_received
fd00::205:5:5:5,834,834000,835000,0.0,total_received
fd00::205:5:5:5,844,844000,845000,0.0,total_received
fd00::205:5:5:5,855,855000,856000,0.0,total_received
fd00::205:5:5:5,865,865000,866000,0.0,total_received
fd00::205:5:5:5,875,875000,876000,0.0,total_received
fd00::205:5:5:5,886,886000,887000,0.0,total_received
fd00::205:5:5:5,896,896000,897000,0.0,total_received
fd00::205:5:5:5,906,906000,907000,0.0,total_received
fd00::205:5:5:5,916,916000,917000,0.0,total_received
fd00::205:5:5:5,927,927000,928000,0.0,total_received
fd00::205:5:5:5,937,937000,938000,0.0,total_received
fd00::205:5:5:5,947,947000,948000,0.0,total_received
fd00::205:5:5:5,958,958000,959000,0.0,total_received
fd00::205:5:5:5,968,968000,969000,0.0,total_received
fd00::205:5:5:5,978,978000,979000,0.0,total_received
fd00::205:5:5:5,988,988000,989000,0.0,total_received
fd00::205:5:5:5,999,999000,1000000,0.0,total_received
fd00::205:5:5:5,1009,1009000,1010000,0.0,total_received
fd00::205:5:5:5,1019,1019000,1020000,0.0,total_received
fd00::205:5:5:5,1030,1030000,1031000,0.0,total_received
fd00::205:5:5:5,1040,1040000,1041000,0.0,total_received
fd00::205:5:5:5,1050,1050000,1051000,0.0,total_received
fd00::205:5:5:5,1061,1061000,1062000,0.0,total_received
fd00::205:5:5:5,1071,1071000,1072000,0.0,total_received
fd00::205:5:5:5,1081,1081000,1082000,0.0,total_received
fd00::205:5:5:5,1091,1091000,1092000,0.0,total_received
fd00::205:5:5:5,1102,1102000,1103000,0.0,total_received
fd00::205:5:5:5,1112,1112000,1113000,0.0,total_received
fd00::205:5:5:5,1122,1122000,1123000,0.0,total_received
fd00::205:5:5:5,1133,1133000,1134000,0.0,total_received
fd00::205:5:5:5,1143,1143000,1144000,0.0,total_received
fd00::205:5:5:5,1153,1153000,1154000,0.0,total_received
fd00::205:5:5:5,1164,1164000,1165000,0.0,total_received
fd00::205:5:5:5,1174,1174000,1175000,0.0,total_received
fd00::205:5:5:5,1184,1184000,1185000,0.0,total_received
fd00::205:5:5:5,1195,1195000,1196000,0.0,total_received
fd00::205:5:5:5,1205,1205000,1206000,0.0,total_received
fd00::205:5:5:5,1215,1215000,1216000,0.0,total_received
fd00::205:5:5:5,1225,1225000,1226000,0.0,total_received
fd00::205:5:5:5,1236,1236000,1237000,0.0,total_received
fd00::205:5:5:5,1246,1246000,1247000,0.0,total_received
fd00::205:5:5:5,1256,1256000,1257000,0.0,total_received
fd00::205:5:5:5,1267,1267000,1268000,0.0,total_received
fd00::205:5:5:5,1277,1277000,1278000,0.0,total_received
fd00::205:5:5:5,1287,1287000,1288000,0.0,total_received
fd00::205:5:5:5,1298,1298000,1299000,0.0,total_received
fd00::205:5:5:5,1308,1308000,1309000,0.0,total_received
fd00::205:5:5:5,1318,1318000,1319000,0.0,total_received
fd00::205:5:5:5,1328,1328000,1329000,0.0,total_received
fd00::205:5:5:5,1339,1339000,1340000,0.0,total_received
fd00::205:5:5:5,1349,1349000,1350000,0.0,total_received
fd00::205:5:5:5,1359,1359000,1360000,0.0,total_received
fd00::205:5:5:5,1370,1370000,1371000,0.0,total_received
fd00::205:5:5:5,1380,1380000,1381000,0.0,total_received
fd00::205:5:5:5,1390,1390000,1391000,0.0,total_received
fd00::205:5:5:5,1400,1400000,1401000,0.0,total_received
fd00::205:5:5:5,1411,1411000,1412000,0.0,total_received
fd00::205:5:5:5,1421,1421000,1422000,0.0,total_received
fd00::205:5:5:5,1431,1431000,1432000,0.0,total_received
fd00::205:5:5:5,1442,1442000,1443000,0.0,total_received
fd00::205:5:5:5,1452,1452000,1453000,0.0,total_received
fd00::205:5:5:5,1462,1462000,1463000,0.0,total_received
fd00::205:5:5:5,1473,1473000,1474000,0.0,total_received
fd00::205:5:5:5,1483,1483000,1484000,0.0,total_received
fd00::205:5:5:5,1493,1493000,1494000,0.0,total_received
fd00::205:5:5:5,1503,1503000,1504000,0.0,total_received
fd00::205:5:5:5,1514,1514000,1515000,0.0,total_received
fd00::205:5:5:5,1524,1524000,1525000,0.0,total_received
fd00::205:5:5:5,1534,1534000,1535000,0.0,total_received
fd00::205:5:5:5,1545,1545000,1546000,0.0,total_received
fd00::205:5:5:5,1555,1555000,1556000,0.0,total_received
fd00::205:5:5:5,1565,1565000,1566000,0.0,total_received
fd00::205:5:5:5,1576,1576000,1577000,0.0,total_received
fd00::205:5:5:5,1586,1586000,1587000,0.0,total_received
fd00::205:5:5:5,1596,1596000,1597000,0.0,total_received
fd00::205:5:5:5,1606,1606000,1607000,0.0,total_received
fd00::205:5:5:5,1617,1617000,1618000,0.0,total_received
fd00::205:5:5:5,1627,1627000,1628000,0.0,total_received
fd00::205:5:5:5,1637,1637000,1638000,0.0,total_received
fd00::205:5:5:5,1648,1648000,1649000,0.0,total_received
fd00::205:5:5:5,1658,1658000,1659000,0.0,total_received
fd00::205:5:5:5,1668,1668000,1669000,0.0,total_received
fd00::205:5:5:5,1679,1679000,1680000,0.0,total_received
fd00::205:5:5:5,1689,1689000,1690000,0.0,total_received
fd00::205:5:5:5,1699,1699000,1700000,0.0,total_received
fd00::205:5:5:5,1709,1709000,1710000,0.0,total_received
fd00::205:5:5:5,1720,1720000,1721000,0.0,total_received
fd00::205:5:5:5,1730,1730000,1731000,0.0,total_received
fd00::205:5:5:5,1740,1740000,1741000,0.0,total_received
fd00::205:5:5:5,1751,1751000,1752000,0.0,total_received
fd00::205:5:5:5,1761,1761000,1762000,0.0,total_received
fd00::205:5:5:5,1771,1771000,1772000,0.0,total_received
fd00::205:5:5:5,1782,1782000,1783000,0.0,total_received
fd00::205:5:5:5,1792,1792000,1793000,0.0,total_received
fd00::205:5:5:5,1802,1802000,1803000,0.0,total_received
fd00::205:5:5:5,1812,1812000,1813000,0.0,total_received
fd00::205:5:5:5,1823,1823000,1824000,0.0,total_received
fd00::205:5:5:5,1833,1833000,1834000,0.0,total_received
fd00::205:5:5:5,1843,1843000,1844000,0.0,total_received
fd00::205:5:5:5,1854,1854000,1855000,0.0,total_received
fd00::205:5:5:5,1864,1864000,1865000,0.0,total_received
fd00::205:5:5:5,1874,1874000,1875000,0.0,total_received
fd00::205:5:5:5,1884,1884000,1885000,0.0,total_received
fd00::205:5:5:5,1895,1895000,1896000,0.0,total_received
fd00::205:5:5:5,1905,1905000,1906000,0.0,total_received
fd00::205:5:5:5,1915,1915000,1916000,0.0,total_received
fd00::205:5:5:5,1926,1926000,1927000,0.0,total_received
fd00::205:5:5:5,1936,1936000,1937000,0.0,total_received
fd00::205:5:5:5,1946,1946000,1947000,0.0,total_received
fd00::205:5:5:5,1957,1957000,1958000,0.0,total_received
fd00::205:5:5:5,1967,1967000,1968000,0.0,total_received
fd00::205:5:5:5,1977,1977000,1978000,0.0,total_received
fd00::205:5:5:5,1987,1987000,1988000,0.0,total_received
fd00::205:5:5:5,1998,1998000,1999000,0.0,total_received
fd00::205:5:5:5,2008,2008000,2009000,0.0,total_received
fd00::205:5:5:5,2018,2018000,2019000,0.0,total_received
fd00::205:5:5:5,2029,2029000,2030000,0.0,total_received
fd00::205:5:5:5,2039,2039000,2040000,0.0,total_received
fd00::205:5:5:5,2049,2049000,2050000,0.0,total_received
fd00::205:5:5:5,2060,2060000,2061000,0.0,total_received
fd00::205:5:5:5,2070,2070000,2071000,0.0,total_received
fd00::205:5:5:5,2080,2080000,2081000,0.0,total_received
fd00::205:5:5:5,2090,2090000,2091000,0.0,total_received
fd00::205:5:5:5,2101,2101000,2102000,0.0,total_received
fd00::205:5:5:5,2111,2111000,2112000,0.0,total_received
fd00::205:5:5:5,2121,2121000,2122000,0.0,total_received
fd00::205:5:5:5,2132,2132000,2133000,0.0,total_received
fd00::205:5:5:5,2142,2142000,2143000,0.0,total_received
fd00::205:5:5:5,2152,2152000,2153000,0.0,total_received
fd00::205:5:5:5,2162,2162000,2163000,0.0,total_received
fd00::205:5:5:5,2173,2173000,2174000,0.0,total_received
fd00::205:5:5:5,2183,2183000,2184000,0.0,total_received
fd00::205:5:5:5,2193,2193000,2194000,0.0,total_received
fd00::205:5:5:5,2204,2204000,2205000,0.0,total_received
fd00::205:5:5:5,2214,2214000,2215000,0.0,total_received
fd00::205:5:5:5,2224,2224000,2225000,0.0,total_received
fd00::205:5:5:5,2235,2235000,2236000,0.0,total_received
fd00::205:5:5:5,2245,2245000,2246000,0.0,total_received
fd00::205:5:5:5,2255,2255000,2256000,0.0,total_received
fd00::205:5:5:5,2266,2266000,2267000,0.0,total_received
fd00::205:5:5:5,2276,2276000,2277000,0.0,total_received
fd00::205:5:5:5,2286,2286000,2287000,0.0,total_received
fd00::205:5:5:5,2296,2296000,2297000,0.0,total_received
fd00::205:5:5:5,2307,2307000,2308000,0.0,total_received
fd00::205:5:5:5,2317,2317000,2318000,0.0,total_received
fd00::205:5:5:5,2327,2327000,2328000,0.0,total_received
fd00::205:5:5:5,2338,2338000,2339000,0.0,total_received
fd00::205:5:5:5,2348,2348000,2349000,0.0,total_received
fd00::205:5:5:5,2358,2358000,2359000,0.0,total_received
fd00::205:5:5:5,2368,2368000,2369000,0.0,total_received
fd00::205:5:5:5,2379,2379000,2380000,0.0,total_received
fd00::205:5:5:5,2389,2389000,2390000,0.0,total_received
fd00::205:5:5:5,2399,2399000,2400000,0.0,total_received
fd00::205:5:5:5,2410,2410000,2411000,0.0,total_received
fd00::205:5:5:5,2420,2420000,2421000,0.0,total_received
fd00::205:5:5:5,2430,2430000,2431000,0.0,total_received
fd00::205:5:5:5,2441,2441000,2442000,0.0,total_received
fd00::205:5:5:5,2451,2451000,2452000,0.0,total_received
fd00::205:5:5:5,2461,2461000,2462000,0.0,total_received
fd00::205:5:5:5,2471,2471000,2472000,0.0,total_received
fd00::205:5:5:5,2482,2482000,2483000,0.0,total_received
fd00::205:5:5:5,2492,2492000,2493000,0.0,total_received
fd00::205:5:5:5,2502,2502000,2503000,0.0,total_received
fd00::205:5:5:5,2513,2513000,2514000,0.0,total_received
fd00::205:5:5:5,2523,2523000,2524000,0.0,total_received
fd00::205:5:5:5,2533,2533000,2534000,0.0,total_received
fd00::205:5:5:5,2544,2544000,2545000,0.0,total_received
fd00::205:5:5:5,2554,2554000,2555000,0.0,total_received
fd00::205:5:5:5,2564,2564000,2565000,0.0,total_received
fd00::205:5:5:5,2574,2574000,2575000,0.0,total_received
fd00::205:5:5:5,2585,2585000,2586000,0.0,total_received
fd00::205:5:5:5,2595,2595000,2596000,0.0,total_received
fd00::205:5:5:5,2605,2605000,2606000,0.0,total_received
fd00::205:5:5:5,2616,2616000,2617000,0.0,total_received
fd00::205:5:5:5,2626,2626000,2627000,0.0,total_received
fd00::205:5:5:5,2636,2636000,2637000,0.0,total_received
fd00::205:5:5:5,2647,2647000,2648000,0.0,total_received
fd00::205:5:5:5,2657,2657000,2658000,0.0,total_received
fd00::205:5:5:5,2667,2667000,2668000,0.0,total_received
fd00::205:5:5:5,2677,2677000,2678000,0.0,total_received
fd00::205:5:5:5,2688,2688000,2689000,0.0,total_received
fd00::205:5:5:5,2698,2698000,2699000,0.0,total_received
fd00::205:5:5:5,2708,2708000,2709000,0.0,total_received
fd00::205:5:5:5,2719,2719000,2720000,0.0,total_received
fd00::205:5:5:5,2729,2729000,2730000,0.0,total_received
fd00::205:5:5:5,2739,2739000,2740000,0.0,total_received
fd00::205:5:5:5,2750,2750000,2751000,0.0,total_received
fd00::205:5:5:5,2760,2760000,2761000,0.0,total_received
fd00::205:5:5:5,2770,2770000,2771000,0.0,total_received
fd00::205:5:5:5,2780,2780000,2781000,0.0,total_received
fd00::205:5:5:5,2791,2791000,2792000,0.0,total_received
fd00::205:5:5:5,2801,2801000,2802000,0.0,total_received
fd00::205:5:5:5,2811,2811000,2812000,0.0,total_received
fd00::205:5:5:5,2822,2822000,2823000,0.0,total_received
fd00::205:5:5:5,2832,2832000,2833000,0.0,total_received
fd00::205:5:5:5,2842,2842000,2843000,0.0,total_received
fd00::205:5:5:5,2852,2852000,2853000,0.0,total_received
fd00::205:5:5:5,2863,2863000,2864000,0.0,total_received
fd00::205:5:5:5,2873,2873000,2874000,0.0,total_received
fd00::205:5:5:5,2883,2883000,2884000,0.0,total_received
fd00::205:5:5:5,2894,2894000,2895000,0.0,total_received
fd00::205:5:5:5,2904,2904000,2905000,0.0,total_received
fd00::205:5:5:5,2914,2914000,2915000,0.0,total_received
fd00::205:5:5:5,2925,2925000,2926000,0.0,total_received
fd00::205:5:5:5,2935,2935000,2936000,0.0,total_received
fd00::205:5:5:5,2945,2945000,2946000,0.0,total_received
fd00::205:5:5:5,2955,2955000,2956000,0.0,total_received
fd00::205:5:5:5,2966,2966000,2967000,0.0,total_received
fd00::205:5:5:5,2976,2976000,2977000,0.0,total_received
fd00::205:5:5:5,2986,2986000,2987000,0.0,total_received
fd00::205:5:5:5,2997,2997000,2998000,0.0,total_received
fd00::205:5:5:5,3007,3007000,3008000,0.0,total_received
fd00::205:5:5:5,3017,3017000,3018000,0.0,total_received
fd00::205:5:5:5,3028,3028000,3029000,0.0,total_received
fd00::205:5:5:5,3038,3038000,3039000,0.0,total_received
fd00::205:5:5:5,3048,3048000,3049000,0.0,total_received
fd00::205:5:5:5,3058,3058000,3059000,0.0,total_received
fd00::205:5:5:5,3069,3069000,3070000,0.0,total_received
fd00::205:5:5:5,3079,3079000,3080000,0.0,total_received
fd00::205:5:5:5,3089,3089000,3090000,0.0,total_received
fd00::205:5:5:5,3100,3100000,3101000,0.0,total_received
fd00::205:5:5:5,3110,3110000,3111000,0.0,total_received
fd00::205:5:5:5,3120,3120000,3121000,0.0,total_received
fd00::205:5:5:5,3131,3131000,3132000,0.0,total_received
fd00::205:5:5:5,3141,3141000,3142000,0.0,total_received
fd00::205:5:5:5,3151,3151000,3152000,0.0,total_received
fd00::205:5:5:5,3161,3161000,3162000,0.0,total_received
fd00::205:5:5:5,3172,3172000,3173000,0.0,total_received
fd00::205:5:5:5,3182,3182000,3183000,0.0,total_received
fd00::205:5:5:5,3192,3192000,3193000,0.0,total_received
fd00::205:5:5:5,3203,3203000,3204000,0.0,total_received
fd00::205:5:5:5,3213,3213000,3214000,0.0,total_received
fd00::205:5:5:5,3223,3223000,3224000,0.0,total_received
fd00::205:5:5:5,3233,3233000,3234000,0.0,total_received
fd00::205:5:5:5,3244,3244000,3245000,0.0,total_received
fd00::205:5:5:5,3254,3254000,3255000,0.0,total_received
fd00::205:5:5:5,3264,3264000,3265000,0.0,total_received
fd00::205:5:5:5,3275,3275000,3276000,0.0,total_received
fd00::205:5:5:5,3285,3285000,3286000,0.0,total_received
fd00::205:5:5:5,3295,3295000,3296000,0.0,total_received
fd00::205:5:5:5,3306,3306000,3307000,0.0,total_received
fd00::205:5:5:5,3316,3316000,3317000,0.0,total_received
fd00::205:5:5:5,3326,3326000,3327000,0.0,total_received
fd00::205:5:5:5,3337,3337000,3338000,0.0,total_received
fd00::205:5:5:5,3347,3347000,3348000,0.0,total_received
fd00::205:5:5:5,3357,3357000,3358000,0.0,total_received
fd00::205:5:5:5,3367,3367000,3368000,0.0,total_received
fd00::205:5:5:5,3378,3378000,3379000,0.0,total_received
fd00::205:5:5:5,3388,3388000,3389000,0.0,total_received
fd00::205:5:5:5,3398,3398000,3399000,0.0,total_received
fd00::205:5:5:5,3409,3409000,3410000,0.0,total_received
fd00::205:5:5:5,3419,3419000,3420000,0.0,total_received
fd00::205:5:5:5,3429,3429000,3430000,0.0,total_received
fd00::205:5:5:5,3439,3439000,3440000,0.0,total_received
fd00::205:5:5:5,3450,3450000,3451000,0.0,total_received
fd00::205:5:5:5,3460,3460000,3461000,0.0,total_received
fd00::205:5:5:5,3470,3470000,3471000,0.0,total_received
fd00::205:5:5:5,3481,3481000,3482000,0.0,total_received
fd00::205:5:5:5,3491,3491000,3492000,0.0,total_received
fd00::205:5:5:5,3501,3501000,3502000,0.0,total_received
fd00::205:5:5:5,3512,3512000,3513000,0.0,total_received
fd00::205:5:5:5,3522,3522000,3523000,0.0,total_received
fd00::205:5:5:5,3532,3532000,3533000,0.0,total_received
fd00::205:5:5:5,3542,3542000,3543000,0.0,total_received
fd00::205:5:5:5,3553,3553000,3554000,0.0,total_received
fd00::205:5:5:5,3563,3563000,3564000,0.0,total_received
fd00::205:5:5:5,3573,3573000,3574000,0.0,total_received
fd00::205:5:5:5,3584,3584000,3585000,0.0,total_received
fd00::205:5:5:5,3594,3594000,3595000,0.0,total_received
fd00::206:6:6:6,31,31000,32000,0.0,total_received
fd00::206:6:6:6,41,41000,42000,0.0,total_received
fd00::206:6:6:6,51,51000,52000,0.0,total_received
fd00::206:6:6:6,62,62000,63000,0.0,total_received
fd00::206:6:6:6,72,72000,73000,0.0,total_received
fd00::206:6:6:6,82,82000,83000,0.0,total_received
fd00::206:6:6:6,93,93000,94000,0.0,total_received
fd00::206:6:6:6,103,103000,104000,0.0,total_received
fd00::206:6:6:6,114,114000,115000,0.0,total_received
fd00::206:6:6:6,124,124000,125000,0.0,total_received
fd00::206:6:6:6,134,134000,135000,0.0,total_received
fd00::206:6:6:6,145,145000,146000,0.0,total_received
fd00::206:6:6:6,155,155000,156000,0.0,total_received
fd00::206:6:6:6,165,165000,166000,0.0,total_received
fd00::206:6:6:6,176,176000,177000,0.0,total_received
fd00::206:6:6:6,186,186000,187000,0.0,total_received
fd00::206:6:6:6,197,197000,198000,0.0,total_received
fd00::206:6:6:6,207,207000,208000,0.0,total_received
fd00::206:6:6:6,217,217000,218000,0.0,total_received
fd00::206:6:6:6,228,228000,229000,0.0,total_received
fd00::206:6:6:6,238,238000,239000,0.0,total_received
fd00::206:6:6:6,248,248000,249000,0.0,total_received
fd00::206:6:6:6,259,259000,260000,0.0,total_received
fd00::206:6:6:6,269,269000,270000,0.0,total_received
fd00::206:6:6:6,280,280000,281000,0.0,total_received
fd00::206:6:6:6,290,290000,291000,0.0,total_received
fd00::206:6:6:6,300,300000,301000,0.0,total_received
fd00::206:6:6:6,311,311000,312000,0.0,total_received
fd00::206:6:6:6,321,321000,322000,0.0,total_received
fd00::206:6:6:6,332,332000,333000,0.0,total_received
fd00::206:6:6:6,342,342000,343000,0.0,total_received
fd00::206:6:6:6,352,352000,353000,0.0,total_received
fd00::206:6:6:6,363,363000,364000,0.0,total_received
fd00::206:6:6:6,373,373000,374000,0.0,total_received
fd00::206:6:6:6,383,383000,384000,0.0,total_received
fd00::206:6:6:6,394,394000,395000,0.0,total_received
fd00::206:6:6:6,404,404000,405000,0.0,total_received
fd00::206:6:6:6,415,415000,416000,0.0,total_received
fd00::206:6:6:6,425,425000,426000,0.0,total_received
fd00::206:6:6:6,435,435000,436000,0.0,total_received
fd00::206:6:6:6,446,446000,447000,0.0,total_received
fd00::206:6:6:6,456,456000,457000,0.0,total_received
fd00::206:6:6:6,466,466000,467000,0.0,total_received
fd00::206:6:6:6,477,477000,478000,0.0,total_received
fd00::206:6:6:6,487,487000,488000,0.0,total_received
fd00::206:6:6:6,498,498000,499000,0.0,total_received
fd00::206:6:6:6,508,508000,509000,0.0,total_received
fd00::206:6:6:6,518,518000,519000,0.0,total_received
fd00::206:6:6:6,529,529000,530000,0.0,total_received
fd00::206:6:6:6,539,539000,540000,0.0,total_received
fd00::206:6:6:6,549,549000,550000,0.0,total_received
fd00::206:6:6:6,560,560000,561000,0.0,total_received
fd00::206:6:6:6,570,570000,571000,0.0,total_received
fd00::206:6:6:6,581,581000,582000,0.0,total_received
fd00::206:6:6:6,591,591000,592000,0.0,total_received
fd00::206:6:6:6,601,601000,602000,0.0,total_received
fd00::206:6:6:6,612,612000,613000,0.0,total_received
fd00::206:6:6:6,622,622000,623000,0.0,total_received
fd00::206:6:6:6,632,632000,633000,0.0,total_received
fd00::206:6:6:6,643,643000,644000,0.0,total_received
fd00::206:6:6:6,653,653000,654000,0.0,total_received
fd00::206:6:6:6,664,664000,665000,0.0,total_received
fd00::206:6:6:6,674,674000,675000,0.0,total_received
fd00::206:6:6:6,684,684000,685000,0.0,total_received
fd00::206:6:6:6,695,695000,696000,0.0,total_received
fd00::206:6:6:6,705,705000,706000,0.0,total_received
fd00::206:6:6:6,715,715000,716000,0.0,total_received
fd00::206:6:6:6,726,726000,727000,0.0,total_received
fd00::206:6:6:6,736,736000,737000,0.0,total_received
fd00::206:6:6:6,747,747000,748000,0.0,total_received
fd00::206:6:6:6,757,757000,758000,0.0,total_received
fd00::206:6:6:6,767,767000,768000,0.0,total_received
fd00::206:6:6:6,778,778000,779000,0.0,total_received
fd00::206:6:6:6,788,788000,789000,0.0,total_received
fd00::206:6:6:6,798,798000,799000,0.0,total_received
fd00::206:6:6:6,809,809000,810000,0.0,total_received
fd00::206:6:6:6,819,819000,820000,0.0,total_received
fd00::206:6:6:6,830,830000,831000,0.0,total_received
fd00::206:6:6:6,840,840000,841000,0.0,total_received
fd00::206:6:6:6,850,850000,851000,0.0,total_received
fd00::206:6:6:6,861,861000,862000,0.0,total_received
fd00::206:6:6:6,871,871000,872000,0.0,total_received
fd00::206:6:6:6,881,881000,882000,0.0,total_received
fd00::206:6:6:6,892,892000,893000,0.0,total_received
fd00::206:6:6:6,902,902000,903000,0.0,total_received
fd00::206:6:6:6,913,913000,914000,0.0,total_received
fd00::206:6:6:6,923,923000,924000,0.0,total_received
fd00::206:6:6:6,933,933000,934000,0.0,total_received
fd00::206:6:6:6,944,944000,945000,0.0,total_received
fd00::206:6:6:6,954,954000,955000,0.0,total_received
fd00::206:6:6:6,964,964000,965000,0.0,total_received
fd00::206:6:6:6,975,975000,976000,0.0,total_received
fd00::206:6:6:6,985,985000,986000,0.0,total_received
fd00::206:6:6:6,996,996000,997000,0.0,total_received
fd00::206:6:6:6,1006,1006000,1007000,0.0,total_received
fd00::206:6:6:6,1016,1016000,1017000,0.0,total_received
fd00::206:6:6:6,1027,1027000,1028000,0.0,total_received
fd00::206:6:6:6,1037,1037000,1038000,0.0,total_received
fd00::206:6:6:6,1048,1048000,1049000,0.0,total_received
fd00::206:6:6:6,1058,1058000,1059000,0.0,total_received
fd00::206:6:6:6,1068,1068000,1069000,0.0,total_received
fd00::206:6:6:6,1079,1079000,1080000,0.0,total_received
fd00::206:6:6:6,1089,1089000,1090000,0.0,total_received
fd00::206:6:6:6,1099,1099000,1100000,0.0,total_received
fd00::206:6:6:6,1110,1110000,1111000,0.0,total_received
fd00::206:6:6:6,1120,1120000,1121000,0.0,total_received
fd00::206:6:6:6,1130,1130000,1131000,0.0,total_received
fd00::206:6:6:6,1141,1141000,1142000,0.0,total_received
fd00::206:6:6:6,1151,1151000,1152000,0.0,total_received
fd00::206:6:6:6,1162,1162000,1163000,0.0,total_received
fd00::206:6:6:6,1172,1172000,1173000,0.0,total_received
fd00::206:6:6:6,1182,1182000,1183000,0.0,total_received
fd00::206:6:6:6,1193,1193000,1194000,0.0,total_received
fd00::206:6:6:6,1203,1203000,1204000,0.0,total_received
fd00::206:6:6:6,1214,1214000,1215000,0.0,total_received
fd00::206:6:6:6,1224,1224000,1225000,0.0,total_received
fd00::206:6:6:6,1234,1234000,1235000,0.0,total_received
fd00::206:6:6:6,1245,1245000,1246000,0.0,total_received
fd00::206:6:6:6,1255,1255000,1256000,0.0,total_received
fd00::206:6:6:6,1265,1265000,1266000,0.0,total_received
fd00::206:6:6:6,1276,1276000,1277000,0.0,total_received
fd00::206:6:6:6,1286,1286000,1287000,0.0,total_received
fd00::206:6:6:6,1297,1297000,1298000,0.0,total_received
fd00::206:6:6:6,1307,1307000,1308000,0.0,total_received
fd00::206:6:6:6,1317,1317000,1318000,0.0,total_received
fd00::206:6:6:6,1328,1328000,1329000,0.0,total_received
fd00::206:6:6:6,1338,1338000,1339000,0.0,total_received
fd00::206:6:6:6,1348,1348000,1349000,0.0,total_received
fd00::206:6:6:6,1359,1359000,1360000,0.0,total_received
fd00::206:6:6:6,1369,1369000,1370000,0.0,total_received
fd00::206:6:6:6,1380,1380000,1381000,0.0,total_received
fd00::206:6:6:6,1390,1390000,1391000,0.0,total_received
fd00::206:6:6:6,1400,1400000,1401000,0.0,total_received
fd00::206:6:6:6,1411,1411000,1412000,0.0,total_received
fd00::206:6:6:6,1421,1421000,1422000,0.0,total_received
fd00::206:6:6:6,1431,1431000,1432000,0.0,total_received
fd00::206:6:6:6,1442,1442000,1443000,0.0,total_received
fd00::206:6:6:6,1452,1452000,1453000,0.0,total_received
fd00::206:6:6:6,1463,1463000,1464000,0.0,total_received
fd00::206:6:6:6,1473,1473000,1474000,0.0,total_received
fd00::206:6:6:6,1483,1483000,1484000,0.0,total_received
fd00::206:6:6:6,1494,1494000,1495000,0.0,total_received
fd00::206:6:6:6,1504,1504000,1505000,0.0,total_received
fd00::206:6:6:6,1514,1514000,1515000,0.0,total_received
fd00::206:6:6:6,1525,1525000,1526000,0.0,total_received
fd00::206:6:6:6,1535,1535000,1536000,0.0,total_received
fd00::206:6:6:6,1546,1546000,1547000,0.0,total_received
fd00::206:6:6:6,1556,1556000,1557000,0.0,total_received
fd00::206:6:6:6,1566,1566000,1567000,0.0,total_received
fd00::206:6:6:6,1577,1577000,1578000,0.0,total_received
fd00::206:6:6:6,1587,1587000,1588000,0.0,total_received
fd00::206:6:6:6,1597,1597000,1598000,0.0,total_received
fd00::206:6:6:6,1608,1608000,1609000,0.0,total_received
fd00::206:6:6:6,1618,1618000,1619000,0.0,total_received
fd00::206:6:6:6,1629,1629000,1630000,0.0,total_received
fd00::206:6:6:6,1639,1639000,1640000,0.0,total_received
fd00::206:6:6:6,1649,1649000,1650000,0.0,total_received
fd00::206:6:6:6,1660,1660000,1661000,0.0,total_received
fd00::206:6:6:6,1670,1670000,1671000,0.0,total_received
fd00::206:6:6:6,1680,1680000,1681000,0.0,total_received
fd00::206:6:6:6,1691,1691000,1692000,0.0,total_received
fd00::206:6:6:6,1701,1701000,1702000,0.0,total_received
fd00::206:6:6:6,1712,1712000,1713000,0.0,total_received
fd00::206:6:6:6,1722,1722000,1723000,0.0,total_received
fd00::206:6:6:6,1732,1732000,1733000,0.0,total_received
fd00::206:6:6:6,1743,1743000,1744000,0.0,total_received
fd00::206:6:6:6,1753,1753000,1754000,0.0,total_received
fd00::206:6:6:6,1764,1764000,1765000,0.0,total_received
fd00::206:6:6:6,1774,1774000,1775000,0.0,total_received
fd00::206:6:6:6,1784,1784000,1785000,0.0,total_received
fd00::206:6:6:6,1795,1795000,1796000,0.0,total_received
fd00::206:6:6:6,1805,1805000,1806000,0.0,total_received
fd00::206:6:6:6,1815,1815000,1816000,0.0,total_received
fd00::206:6:6:6,1826,1826000,1827000,0.0,total_received
fd00::206:6:6:6,1836,1836000,1837000,0.0,total_received
fd00::206:6:6:6,1847,1847000,1848000,0.0,total_received
fd00::206:6:6:6,1857,1857000,1858000,0.0,total_received
fd00::206:6:6:6,1867,1867000,1868000,0.0,total_received
fd00::206:6:6:6,1878,1878000,1879000,0.0,total_received
fd00::206:6:6:6,1888,1888000,1889000,0.0,total_received
fd00::206:6:6:6,1898,1898000,1899000,0.0,total_received
fd00::206:6:6:6,1909,1909000,1910000,0.0,total_received
fd00::206:6:6:6,1919,1919000,1920000,0.0,total_received
fd00::206:6:6:6,1930,1930000,1931000,0.0,total_received
fd00::206:6:6:6,1940,1940000,1941000,0.0,total_received
fd00::206:6:6:6,1950,1950000,1951000,0.0,total_received
fd00::206:6:6:6,1961,1961000,1962000,0.0,total_received
fd00::206:6:6:6,1971,1971000,1972000,0.0,total_received
fd00::206:6:6:6,1981,1981000,1982000,0.0,total_received
fd00::206:6:6:6,1992,1992000,1993000,0.0,total_received
fd00::206:6:6:6,2002,2002000,2003000,0.0,total_received
fd00::206:6:6:6,2013,2013000,2014000,0.0,total_received
fd00::206:6:6:6,2023,2023000,2024000,0.0,total_received
fd00::206:6:6:6,2033,2033000,2034000,0.0,total_received
fd00::206:6:6:6,2044,2044000,2045000,0.0,total_received
fd00::206:6:6:6,2054,2054000,2055000,0.0,total_received
fd00::206:6:6:6,2064,2064000,2065000,0.0,total_received
fd00::206:6:6:6,2075,2075000,2076000,0.0,total_received
fd00::206:6:6:6,2085,2085000,2086000,0.0,total_received
fd00::206:6:6:6,2096,2096000,2097000,0.0,total_received
fd00::206:6:6:6,2106,2106000,2107000,0.0,total_received
fd00::206:6:6:6,2116,2116000,2117000,0.0,total_received
fd00::206:6:6:6,2127,2127000,2128000,0.0,total_received
fd00::206:6:6:6,2137,2137000,2138000,0.0,total_received
fd00::206:6:6:6,2147,2147000,2148000,0.0,total_received
fd00::206:6:6:6,2158,2158000,2159000,0.0,total_received
fd00::206:6:6:6,2168,2168000,2169000,0.0,total_received
fd00::206:6:6:6,2179,2179000,2180000,0.0,total_received
fd00::206:6:6:6,2189,2189000,2190000,0.0,total_received
fd00::206:6:6:6,2199,2199000,2200000,0.0,total_received
fd00::206:6:6:6,2210,2210000,2211000,0.0,total_received
fd00::206:6:6:6,2220,2220000,2221000,0.0,total_received
fd00::206:6:6:6,2230,2230000,2231000,0.0,total_received
fd00::206:6:6:6,2241,2241000,2242000,0.0,total_received
fd00::206:6:6:6,2251,2251000,2252000,0.0,total_received
fd00::206:6:6:6,2262,2262000,2263000,0.0,total_received
fd00::206:6:6:6,2272,2272000,2273000,0.0,total_received
fd00::206:6:6:6,2282,2282000,2283000,0.0,total_received
fd00::206:6:6:6,2293,2293000,2294000,0.0,total_received
fd00::206:6:6:6,2303,2303000,2304000,0.0,total_received
fd00::206:6:6:6,2313,2313000,2314000,0.0,total_received
fd00::206:6:6:6,2324,2324000,2325000,0.0,total_received
fd00::206:6:6:6,2334,2334000,2335000,0.0,total_received
fd00::206:6:6:6,2345,2345000,2346000,0.0,total_received
fd00::206:6:6:6,2355,2355000,2356000,0.0,total_received
fd00::206:6:6:6,2365,2365000,2366000,0.0,total_received
fd00::206:6:6:6,2376,2376000,2377000,0.0,total_received
fd00::206:6:6:6,2386,2386000,2387000,0.0,total_received
fd00::206:6:6:6,2397,2397000,2398000,0.0,total_received
fd00::206:6:6:6,2407,2407000,2408000,0.0,total_received
fd00::206:6:6:6,2417,2417000,2418000,0.0,total_received
fd00::206:6:6:6,2428,2428000,2429000,0.0,total_received
fd00::206:6:6:6,2438,2438000,2439000,0.0,total_received
fd00::206:6:6:6,2448,2448000,2449000,0.0,total_received
fd00::206:6:6:6,2459,2459000,2460000,0.0,total_received
fd00::206:6:6:6,2469,2469000,2470000,0.0,total_received
fd00::206:6:6:6,2480,2480000,2481000,0.0,total_received
fd00::206:6:6:6,2490,2490000,2491000,0.0,total_received
fd00::206:6:6:6,2500,2500000,2501000,0.0,total_received
fd00::206:6:6:6,2511,2511000,2512000,0.0,total_received
fd00::206:6:6:6,2521,2521000,2522000,0.0,total_received
fd00::206:6:6:6,2531,2531000,2532000,0.0,total_received
fd00::206:6:6:6,2542,2542000,2543000,0.0,total_received
fd00::206:6:6:6,2552,2552000,2553000,0.0,total_received
fd00::206:6:6:6,2563,2563000,2564000,0.0,total_received
fd00::206:6:6:6,2573,2573000,2574000,0.0,total_received
fd00::206:6:6:6,2583,2583000,2584000,0.0,total_received
fd00::206:6:6:6,2594,2594000,2595000,0.0,total_received
fd00::206:6:6:6,2604,2604000,2605000,0.0,total_received
fd00::206:6:6:6,2614,2614000,2615000,0.0,total_received
fd00::206:6:6:6,2625,2625000,2626000,0.0,total_received
fd00::206:6:6:6,2635,2635000,2636000,0.0,total_received
fd00::206:6:6:6,2646,2646000,2647000,0.0,total_received
fd00::206:6:6:6,2656,2656000,2657000,0.0,total_received
fd00::206:6:6:6,2666,2666000,2667000,0.0,total_received
fd00::206:6:6:6,2677,2677000,2678000,0.0,total_received
fd00::206:6:6:6,2687,2687000,2688000,0.0,total_received
fd00::206:6:6:6,2697,2697000,2698000,0.0,total_received
fd00::206:6:6:6,2708,2708000,2709000,0.0,total_received
fd00::206:6:6:6,2718,2718000,2719000,0.0,total_received
fd00::206:6:6:6,2729,2729000,2730000,0.0,total_received
fd00::206:6:6:6,2739,2739000,2740000,0.0,total_received
fd00::206:6:6:6,2749,2749000,2750000,0.0,total_received
fd00::206:6:6:6,2760,2760000,2761000,0.0,total_received
fd00::206:6:6:6,2770,2770000,2771000,0.0,total_received
fd00::206:6:6:6,2780,2780000,2781000,0.0,total_received
fd00::206:6:6:6,2791,2791000,2792000,0.0,total_received
fd00::206:6:6:6,2801,2801000,2802000,0.0,total_received
fd00::206:6:6:6,2812,2812000,2813000,0.0,total_received
fd00::206:6:6:6,2822,2822000,2823000,0.0,total_received
fd00::206:6:6:6,2832,2832000,2833000,0.0,total_received
fd00::206:6:6:6,2843,2843000,2844000,0.0,total_received
fd00::206:6:6:6,2853,2853000,2854000,0.0,total_received
fd00::206:6:6:6,2863,2863000,2864000,0.0,total_received
fd00::206:6:6:6,2874,2874000,2875000,0.0,total_received
fd00::206:6:6:6,2884,2884000,2885000,0.0,total_received
fd00::206:6:6:6,2895,2895000,2896000,0.0,total_received
fd00::206:6:6:6,2905,2905000,2906000,0.0,total_received
fd00::206:6:6:6,2915,2915000,2916000,0.0,total_received
fd00::206:6:6:6,2926,2926000,2927000,0.0,total_received
fd00::206:6:6:6,2936,2936000,2937000,0.0,total_received
fd00::206:6:6:6,2946,2946000,2947000,0.0,total_received
fd00::206:6:6:6,2957,2957000,2958000,0.0,total_received
fd00::206:6:6:6,2967,2967000,2968000,0.0,total_received
fd00::206:6:6:6,2978,2978000,2979000,0.0,total_received
fd00::206:6:6:6,2988,2988000,2989000,0.0,total_received
fd00::206:6:6:6,2998,2998000,2999000,0.0,total_received
fd00::206:6:6:6,3009,3009000,3010000,0.0,total_received
fd00::206:6:6:6,3019,3019000,3020000,0.0,total_received
fd00::206:6:6:6,3029,3029000,3030000,0.0,total_received
fd00::206:6:6:6,3040,3040000,3041000,0.0,total_received
fd00::206:6:6:6,3050,3050000,3051000,0.0,total_received
fd00::206:6:6:6,3061,3061000,3062000,0.0,total_received
fd00::206:6:6:6,3071,3071000,3072000,0.0,total_received
fd00::206:6:6:6,3081,3081000,3082000,0.0,total_received
fd00::206:6:6:6,3092,3092000,3093000,0.0,total_received
fd00::206:6:6:6,3102,3102000,3103000,0.0,total_received
fd00::206:6:6:6,3113,3113000,3114000,0.0,total_received
fd00::206:6:6:6,3123,3123000,3124000,0.0,total_received
fd00::206:6:6:6,3133,3133000,3134000,0.0,total_received
fd00::206:6:6:6,3144,3144000,3145000,0.0,total_received
fd00::206:6:6:6,3154,3154000,3155000,0.0,total_received
fd00::206:6:6:6,3164,3164000,3165000,0.0,total_received
fd00::206:6:6:6,3175,3175000,3176000,0.0,total_received
fd00::206:6:6:6,3185,3185000,3186000,0.0,total_received
fd00::206:6:6:6,3196,3196000,3197000,0.0,total_received
fd00::206:6:6:6,3206,3206000,3207000,0.0,total_received
fd00::206:6:6:6,3216,3216000,3217000,0.0,total_received
fd00::206:6:6:6,3227,3227000,3228000,0.0,total_received
fd00::206:6:6:6,3237,3237000,3238000,0.0,total_received
fd00::206:6:6:6,3247,3247000,3248000,0.0,total_received
fd00::206:6:6:6,3258,3258000,3259000,0.0,total_received
fd00::206:6:6:6,3268,3268000,3269000,0.0,total_received
fd00::206:6:6:6,3279,3279000,3280000,0.0,total_received
fd00::206:6:6:6,3289,3289000,3290000,0.0,total_received
fd00::206:6:6:6,3299,3299000,3300000,0.0,total_received
fd00::206:6:6:6,3310,3310000,3311000,0.0,total_received
fd00::206:6:6:6,3320,3320000,3321000,0.0,total_received
fd00::206:6:6:6,3330,3330000,3331000,0.0,total_received
fd00::206:6:6:6,3341,3341000,3342000,0.0,total_received
fd00::206:6:6:6,3351,3351000,3352000,0.0,total_received
fd00::206:6:6:6,3362,3362000,3363000,0.0,total_received
fd00::206:6:6:6,3372,3372000,3373000,0.0,total_received
fd00::206:6:6:6,3382,3382000,3383000,0.0,total_received
fd00::206:6:6:6,3393,3393000,3394000,0.0,total_received
fd00::206:6:6:6,3403,3403000,3404000,0.0,total_received
fd00::206:6:6:6,3413,3413000,3414000,0.0,total_received
fd00::206:6:6:6,3424,3424000,3425000,0.0,total_received
fd00::206:6:6:6,3434,3434000,3435000,0.0,total_received
fd00::206:6:6:6,3445,3445000,3446000,0.0,total_received
fd00::206:6:6:6,3455,3455000,3456000,0.0,total_received
fd00::206:6:6:6,3465,3465000,3466000,0.0,total_received
fd00::206:6:6:6,3476,3476000,3477000,0.0,total_received
fd00::206:6:6:6,3486,3486000,3487000,0.0,total_received
fd00::206:6:6:6,3496,3496000,3497000,0.0,total_received
fd00::206:6:6:6,3507,3507000,3508000,0.0,total_received
fd00::206:6:6:6,3517,3517000,3518000,0.0,total_received
fd00::206:6:6:6,3528,3528000,3529000,0.0,total_received
fd00::206:6:6:6,3538,3538000,3539000,0.0,total_received
fd00::206:6:6:6,3548,3548000,3549000,0.0,total_received
fd00::206:6:6:6,3559,3559000,3560000,0.0,total_received
fd00::206:6:6:6,3569,3569000,3570000,0.0,total_received
fd00::206:6:6:6,3579,3579000,3580000,0.0,total_received
fd00::206:6:6:6,3590,3590000,3591000,0.0,total_received
fd00::207:7:7:7,21,21000,22000,0.0,total_received
fd00::207:7:7:7,32,32000,33000,0.0,total_received
fd00::207:7:7:7,42,42000,43000,0.0,total_received
fd00::207:7:7:7,53,53000,54000,0.0,total_received
fd00::207:7:7:7,64,64000,65000,0.0,total_received
fd00::207:7:7:7,75,75000,76000,0.0,total_received
fd00::207:7:7:7,85,85000,86000,0.0,total_received
fd00::207:7:7:7,96,96000,97000,0.0,total_received
fd00::207:7:7:7,107,107000,108000,0.0,total_received
fd00::207:7:7:7,117,117000,118000,0.0,total_received
fd00::207:7:7:7,128,128000,129000,0.0,total_received
fd00::207:7:7:7,139,139000,140000,0.0,total_received
fd00::207:7:7:7,150,150000,151000,0.0,total_received
fd00::207:7:7:7,160,160000,161000,0.0,total_received
fd00::207:7:7:7,171,171000,172000,0.0,total_received
fd00::207:7:7:7,182,182000,183000,0.0,total_received
fd00::207:7:7:7,193,193000,194000,0.0,total_received
fd00::207:7:7:7,203,203000,204000,0.0,total_received
fd00::207:7:7:7,214,214000,215000,0.0,total_received
fd00::207:7:7:7,225,225000,226000,0.0,total_received
fd00::207:7:7:7,235,235000,236000,0.0,total_received
fd00::207:7:7:7,246,246000,247000,0.0,total_received
fd00::207:7:7:7,257,257000,258000,0.0,total_received
fd00::207:7:7:7,268,268000,269000,0.0,total_received
fd00::207:7:7:7,278,278000,279000,0.0,total_received
fd00::207:7:7:7,289,289000,290000,0.0,total_received
fd00::207:7:7:7,300,300000,301000,0.0,total_received
fd00::207:7:7:7,310,310000,311000,0.0,total_received
fd00::207:7:7:7,321,321000,322000,0.0,total_received
fd00::207:7:7:7,332,332000,333000,0.0,total_received
fd00::207:7:7:7,343,343000,344000,0.0,total_received
fd00::207:7:7:7,353,353000,354000,0.0,total_received
fd00::207:7:7:7,364,364000,365000,0.0,total_received
fd00::207:7:7:7,375,375000,376000,0.0,total_received
fd00::207:7:7:7,385,385000,386000,0.0,total_received
fd00::207:7:7:7,396,396000,397000,0.0,total_received
fd00::207:7:7:7,407,407000,408000,0.0,total_received
fd00::207:7:7:7,418,418000,419000,0.0,total_received
fd00::207:7:7:7,428,428000,429000,0.0,total_received
fd00::207:7:7:7,439,439000,440000,0.0,total_received
fd00::207:7:7:7,450,450000,451000,0.0,total_received
fd00::207:7:7:7,461,461000,462000,0.0,total_received
fd00::207:7:7:7,471,471000,472000,0.0,total_received
fd00::207:7:7:7,482,482000,483000,0.0,total_received
fd00::207:7:7:7,493,493000,494000,0.0,total_received
fd00::207:7:7:7,503,503000,504000,0.0,total_received
fd00::207:7:7:7,514,514000,515000,0.0,total_received
fd00::207:7:7:7,525,525000,526000,0.0,total_received
fd00::207:7:7:7,536,536000,537000,0.0,total_received
fd00::207:7:7:7,546,546000,547000,0.0,total_received
fd00::207:7:7:7,557,557000,558000,0.0,total_received
fd00::207:7:7:7,568,568000,569000,0.0,total_received
fd00::207:7:7:7,578,578000,579000,0.0,total_received
fd00::207:7:7:7,589,589000,590000,0.0,total_received
fd00::207:7:7:7,600,600000,601000,0.0,total_received
fd00::207:7:7:7,611,611000,612000,0.0,total_received
fd00::207:7:7:7,621,621000,622000,0.0,total_received
fd00::207:7:7:7,632,632000,633000,0.0,total_received
fd00::207:7:7:7,643,643000,644000,0.0,total_received
fd00::207:7:7:7,653,653000,654000,0.0,total_received
fd00::207:7:7:7,664,664000,665000,0.0,total_received
fd00::207:7:7:7,675,675000,676000,0.0,total_received
fd00::207:7:7:7,686,686000,687000,0.0,total_received
fd00::207:7:7:7,696,696000,697000,0.0,total_received
fd00::207:7:7:7,707,707000,708000,0.0,total_received
fd00::207:7:7:7,718,718000,719000,0.0,total_received
fd00::207:7:7:7,729,729000,730000,0.0,total_received
fd00::207:7:7:7,739,739000,740000,0.0,total_received
fd00::207:7:7:7,750,750000,751000,0.0,total_received
fd00::207:7:7:7,761,761000,762000,0.0,total_received
fd00::207:7:7:7,771,771000,772000,0.0,total_received
fd00::207:7:7:7,782,782000,783000,0.0,total_received
fd00::207:7:7:7,793,793000,794000,0.0,total_received
fd00::207:7:7:7,804,804000,805000,0.0,total_received
fd00::207:7:7:7,814,814000,815000,0.0,total_received
fd00::207:7:7:7,825,825000,826000,0.0,total_received
fd00::207:7:7:7,836,836000,837000,0.0,total_received
fd00::207:7:7:7,846,846000,847000,0.0,total_received
fd00::207:7:7:7,857,857000,858000,0.0,total_received
fd00::207:7:7:7,868,868000,869000,0.0,total_received
fd00::207:7:7:7,879,879000,880000,0.0,total_received
fd00::207:7:7:7,889,889000,890000,0.0,total_received
fd00::207:7:7:7,900,900000,901000,0.0,total_received
fd00::207:7:7:7,911,911000,912000,0.0,total_received
fd00::207:7:7:7,921,921000,922000,0.0,total_received
fd00::207:7:7:7,932,932000,933000,0.0,total_received
fd00::207:7:7:7,943,943000,944000,0.0,total_received
fd00::207:7:7:7,954,954000,955000,0.0,total_received
fd00::207:7:7:7,964,964000,965000,0.0,total_received
fd00::207:7:7:7,975,975000,976000,0.0,total_received
fd00::207:7:7:7,986,986000,987000,0.0,total_received
fd00::207:7:7:7,997,997000,998000,0.0,total_received
fd00::207:7:7:7,1007,1007000,1008000,0.0,total_received
fd00::207:7:7:7,1018,1018000,1019000,0.0,total_received
fd00::207:7:7:7,1029,1029000,1030000,0.0,total_received
fd00::207:7:7:7,1039,1039000,1040000,0.0,total_received
fd00::207:7:7:7,1050,1050000,1051000,0.0,total_received
fd00::207:7:7:7,1061,1061000,1062000,0.0,total_received
fd00::207:7:7:7,1072,1072000,1073000,0.0,total_received
fd00::207:7:7:7,1082,1082000,1083000,0.0,total_received
fd00::207:7:7:7,1093,1093000,1094000,0.0,total_received
fd00::207:7:7:7,1104,1104000,1105000,0.0,total_received
fd00::207:7:7:7,1114,1114000,1115000,0.0,total_received
fd00::207:7:7:7,1125,1125000,1126000,0.0,total_received
fd00::207:7:7:7,1136,1136000,1137000,0.0,total_received
fd00::207:7:7:7,1147,1147000,1148000,0.0,total_received
fd00::207:7:7:7,1157,1157000,1158000,0.0,total_received
fd00::207:7:7:7,1168,1168000,1169000,0.0,total_received
fd00::207:7:7:7,1179,1179000,1180000,0.0,total_received
fd00::207:7:7:7,1189,1189000,1190000,0.0,total_received
fd00::207:7:7:7,1200,1200000,1201000,0.0,total_received
fd00::207:7:7:7,1211,1211000,1212000,0.0,total_received
fd00::207:7:7:7,1222,1222000,1223000,0.0,total_received
fd00::207:7:7:7,1232,1232000,1233000,0.0,total_received
fd00::207:7:7:7,1243,1243000,1244000,0.0,total_received
fd00::207:7:7:7,1254,1254000,1255000,0.0,total_received
fd00::207:7:7:7,1265,1265000,1266000,0.0,total_received
fd00::207:7:7:7,1275,1275000,1276000,0.0,total_received
fd00::207:7:7:7,1286,1286000,1287000,0.0,total_received
fd00::207:7:7:7,1297,1297000,1298000,0.0,total_received
fd00::207:7:7:7,1307,1307000,1308000,0.0,total_received
fd00::207:7:7:7,1318,1318000,1319000,0.0,total_received
fd00::207:7:7:7,1329,1329000,1330000,0.0,total_received
fd00::207:7:7:7,1340,1340000,1341000,0.0,total_received
fd00::207:7:7:7,1350,1350000,1351000,0.0,total_received
fd00::207:7:7:7,1361,1361000,1362000,0.0,total_received
fd00::207:7:7:7,1372,1372000,1373000,0.0,total_received
fd00::207:7:7:7,1382,1382000,1383000,0.0,total_received
fd00::207:7:7:7,1393,1393000,1394000,0.0,total_received
fd00::207:7:7:7,1404,1404000,1405000,0.0,total_received
fd00::207:7:7:7,1415,1415000,1416000,0.0,total_received
fd00::207:7:7:7,1425,1425000,1426000,0.0,total_received
fd00::207:7:7:7,1436,1436000,1437000,0.0,total_received
fd00::207:7:7:7,1447,1447000,1448000,0.0,total_received
fd00::207:7:7:7,1457,1457000,1458000,0.0,total_received
fd00::207:7:7:7,1468,1468000,1469000,0.0,total_received
fd00::207:7:7:7,1479,1479000,1480000,0.0,total_received
fd00::207:7:7:7,1490,1490000,1491000,0.0,total_received
fd00::207:7:7:7,1500,1500000,1501000,0.0,total_received
fd00::207:7:7:7,1511,1511000,1512000,0.0,total_received
fd00::207:7:7:7,1522,1522000,1523000,0.0,total_received
fd00::207:7:7:7,1533,1533000,1534000,0.0,total_received
fd00::207:7:7:7,1543,1543000,1544000,0.0,total_received
fd00::207:7:7:7,1554,1554000,1555000,0.0,total_received
fd00::207:7:7:7,1565,1565000,1566000,0.0,total_received
fd00::207:7:7:7,1575,1575000,1576000,0.0,total_received
fd00::207:7:7:7,1586,1586000,1587000,0.0,total_received
fd00::207:7:7:7,1597,1597000,1598000,0.0,total_received
fd00::207:7:7:7,1608,1608000,1609000,0.0,total_received
fd00::207:7:7:7,1618,1618000,1619000,0.0,total_received
fd00::207:7:7:7,1629,1629000,1630000,0.0,total_received
fd00::207:7:7:7,1640,1640000,1641000,0.0,total_received
fd00::207:7:7:7,1650,1650000,1651000,0.0,total_received
fd00::207:7:7:7,1661,1661000,1662000,0.0,total_received
fd00::207:7:7:7,1672,1672000,1673000,0.0,total_received
fd00::207:7:7:7,1683,1683000,1684000,0.0,total_received
fd00::207:7:7:7,1693,1693000,1694000,0.0,total_received
fd00::207:7:7:7,1704,1704000,1705000,0.0,total_received
fd00::207:7:7:7,1715,1715000,1716000,0.0,total_received
fd00::207:7:7:7,1725,1725000,1726000,0.0,total_received
fd00::207:7:7:7,1736,1736000,1737000,0.0,total_received
fd00::207:7:7:7,1747,1747000,1748000,0.0,total_received
fd00::207:7:7:7,1758,1758000,1759000,0.0,total_received
fd00::207:7:7:7,1768,1768000,1769000,0.0,total_received
fd00::207:7:7:7,1779,1779000,1780000,0.0,total_received
fd00::207:7:7:7,1790,1790000,1791000,0.0,total_received
fd00::207:7:7:7,1800,1800000,1801000,0.0,total_received
fd00::207:7:7:7,1811,1811000,1812000,0.0,total_received
fd00::207:7:7:7,1822,1822000,1823000,0.0,total_received
fd00::207:7:7:7,1833,1833000,1834000,0.0,total_received
fd00::207:7:7:7,1843,1843000,1844000,0.0,total_received
fd00::207:7:7:7,1854,1854000,1855000,0.0,total_received
fd00::207:7:7:7,1865,1865000,1866000,0.0,total_received
fd00::207:7:7:7,1876,1876000,1877000,0.0,total_received
fd00::207:7:7:7,1886,1886000,1887000,0.0,total_received
fd00::207:7:7:7,1897,1897000,1898000,0.0,total_received
fd00::207:7:7:7,1908,1908000,1909000,0.0,total_received
fd00::207:7:7:7,1918,1918000,1919000,0.0,total_received
fd00::207:7:7:7,1929,1929000,1930000,0.0,total_received
fd00::207:7:7:7,1940,1940000,1941000,0.0,total_received
fd00::207:7:7:7,1951,1951000,1952000,0.0,total_received
fd00::207:7:7:7,1961,1961000,1962000,0.0,total_received
fd00::207:7:7:7,1972,1972000,1973000,0.0,total_received
fd00::207:7:7:7,1983,1983000,1984000,0.0,total_received
fd00::207:7:7:7,1993,1993000,1994000,0.0,total_received
fd00::207:7:7:7,2004,2004000,2005000,0.0,total_received
fd00::207:7:7:7,2015,2015000,2016000,0.0,total_received
fd00::207:7:7:7,2026,2026000,2027000,0.0,total_received
fd00::207:7:7:7,2036,2036000,2037000,0.0,total_received
fd00::207:7:7:7,2047,2047000,2048000,0.0,total_received
fd00::207:7:7:7,2058,2058000,2059000,0.0,total_received
fd00::207:7:7:7,2069,2069000,2070000,0.0,total_received
fd00::207:7:7:7,2079,2079000,2080000,0.0,total_received
fd00::207:7:7:7,2090,2090000,2091000,0.0,total_received
fd00::207:7:7:7,2101,2101000,2102000,0.0,total_received
fd00::207:7:7:7,2111,2111000,2112000,0.0,total_received
fd00::207:7:7:7,2122,2122000,2123000,0.0,total_received
fd00::207:7:7:7,2133,2133000,2134000,0.0,total_received
fd00::207:7:7:7,2144,2144000,2145000,0.0,total_received
fd00::207:7:7:7,2154,2154000,2155000,0.0,total_received
fd00::207:7:7:7,2165,2165000,2166000,0.0,total_received
fd00::207:7:7:7,2176,2176000,2177000,0.0,total_received
fd00::207:7:7:7,2186,2186000,2187000,0.0,total_received
fd00::207:7:7:7,2197,2197000,2198000,0.0,total_received
fd00::207:7:7:7,2208,2208000,2209000,0.0,total_received
fd00::207:7:7:7,2219,2219000,2220000,0.0,total_received
fd00::207:7:7:7,2229,2229000,2230000,0.0,total_received
fd00::207:7:7:7,2240,2240000,2241000,0.0,total_received
fd00::207:7:7:7,2251,2251000,2252000,0.0,total_received
fd00::207:7:7:7,2261,2261000,2262000,0.0,total_received
fd00::207:7:7:7,2272,2272000,2273000,0.0,total_received
fd00::207:7:7:7,2283,2283000,2284000,0.0,total_received
fd00::207:7:7:7,2294,2294000,2295000,0.0,total_received
fd00::207:7:7:7,2304,2304000,2305000,0.0,total_received
fd00::207:7:7:7,2315,2315000,2316000,0.0,total_received
fd00::207:7:7:7,2326,2326000,2327000,0.0,total_received
fd00::207:7:7:7,2337,2337000,2338000,0.0,total_received
fd00::207:7:7:7,2347,2347000,2348000,0.0,total_received
fd00::207:7:7:7,2358,2358000,2359000,0.0,total_received
fd00::207:7:7:7,2369,2369000,2370000,0.0,total_received
fd00::207:7:7:7,2379,2379000,2380000,0.0,total_received
fd00::207:7:7:7,2390,2390000,2391000,0.0,total_received
fd00::207:7:7:7,2401,2401000,2402000,0.0,total_received
fd00::207:7:7:7,2412,2412000,2413000,0.0,total_received
fd00::207:7:7:7,2422,2422000,2423000,0.0,total_received
fd00::207:7:7:7,2433,2433000,2434000,0.0,total_received
fd00::207:7:7:7,2444,2444000,2445000,0.0,total_received
fd00::207:7:7:7,2454,2454000,2455000,0.0,total_received
fd00::207:7:7:7,2465,2465000,2466000,0.0,total_received
fd00::207:7:7:7,2476,2476000,2477000,0.0,total_received
fd00::207:7:7:7,2487,2487000,2488000,0.0,total_received
fd00::207:7:7:7,2497,2497000,2498000,0.0,total_received
fd00::207:7:7:7,2508,2508000,2509000,0.0,total_received
fd00::207:7:7:7,2519,2519000,2520000,0.0,total_received
fd00::207:7:7:7,2529,2529000,2530000,0.0,total_received
fd00::207:7:7:7,2540,2540000,2541000,0.0,total_received
fd00::207:7:7:7,2551,2551000,2552000,0.0,total_received
fd00::207:7:7:7,2562,2562000,2563000,0.0,total_received
fd00::207:7:7:7,2572,2572000,2573000,0.0,total_received
fd00::207:7:7:7,2583,2583000,2584000,0.0,total_received
fd00::207:7:7:7,2594,2594000,2595000,0.0,total_received
fd00::207:7:7:7,2605,2605000,2606000,0.0,total_received
fd00::207:7:7:7,2615,2615000,2616000,0.0,total_received
fd00::207:7:7:7,2626,2626000,2627000,0.0,total_received
fd00::207:7:7:7,2637,2637000,2638000,0.0,total_received
fd00::207:7:7:7,2647,2647000,2648000,0.0,total_received
fd00::207:7:7:7,2658,2658000,2659000,0.0,total_received
fd00::207:7:7:7,2669,2669000,2670000,0.0,total_received
fd00::207:7:7:7,2680,2680000,2681000,0.0,total_received
fd00::207:7:7:7,2690,2690000,2691000,0.0,total_received
fd00::207:7:7:7,2701,2701000,2702000,0.0,total_received
fd00::207:7:7:7,2712,2712000,2713000,0.0,total_received
fd00::207:7:7:7,2722,2722000,2723000,0.0,total_received
fd00::207:7:7:7,2733,2733000,2734000,0.0,total_received
fd00::207:7:7:7,2744,2744000,2745000,0.0,total_received
fd00::207:7:7:7,2755,2755000,2756000,0.0,total_received
fd00::207:7:7:7,2765,2765000,2766000,0.0,total_received
fd00::207:7:7:7,2776,2776000,2777000,0.0,total_received
fd00::207:7:7:7,2787,2787000,2788000,0.0,total_received
fd00::207:7:7:7,2797,2797000,2798000,0.0,total_received
fd00::207:7:7:7,2808,2808000,2809000,0.0,total_received
fd00::207:7:7:7,2819,2819000,2820000,0.0,total_received
fd00::207:7:7:7,2830,2830000,2831000,0.0,total_received
fd00::207:7:7:7,2840,2840000,2841000,0.0,total_received
fd00::207:7:7:7,2851,2851000,2852000,0.0,total_received
fd00::207:7:7:7,2862,2862000,2863000,0.0,total_received
fd00::207:7:7:7,2873,2873000,2874000,0.0,total_received
fd00::207:7:7:7,2883,2883000,2884000,0.0,total_received
fd00::207:7:7:7,2894,2894000,2895000,0.0,total_received
fd00::207:7:7:7,2905,2905000,2906000,0.0,total_received
fd00::207:7:7:7,2915,2915000,2916000,0.0,total_received
fd00::207:7:7:7,2926,2926000,2927000,0.0,total_received
fd00::207:7:7:7,2937,2937000,2938000,0.0,total_received
fd00::207:7:7:7,2948,2948000,2949000,0.0,total_received
fd00::207:7:7:7,2958,2958000,2959000,0.0,total_received
fd00::207:7:7:7,2969,2969000,2970000,0.0,total_received
fd00::207:7:7:7,2980,2980000,2981000,0.0,total_received
fd00::207:7:7:7,2990,2990000,2991000,0.0,total_received
fd00::207:7:7:7,3001,3001000,3002000,0.0,total_received
fd00::207:7:7:7,3012,3012000,3013000,0.0,total_received
fd00::207:7:7:7,3023,3023000,3024000,0.0,total_received
fd00::207:7:7:7,3033,3033000,3034000,0.0,total_received
fd00::207:7:7:7,3044,3044000,3045000,0.0,total_received
fd00::207:7:7:7,3055,3055000,3056000,0.0,total_received
fd00::207:7:7:7,3066,3066000,3067000,0.0,total_received
fd00::207:7:7:7,3076,3076000,3077000,0.0,total_received
fd00::207:7:7:7,3087,3087000,3088000,0.0,total_received
fd00::207:7:7:7,3098,3098000,3099000,0.0,total_received
fd00::207:7:7:7,3108,3108000,3109000,0.0,total_received
fd00::207:7:7:7,3119,3119000,3120000,0.0,total_received
fd00::207:7:7:7,3130,3130000,3131000,0.0,total_received
fd00::207:7:7:7,3141,3141000,3142000,0.0,total_received
fd00::207:7:7:7,3151,3151000,3152000,0.0,total_received
fd00::207:7:7:7,3162,3162000,3163000,0.0,total_received
fd00::207:7:7:7,3173,3173000,3174000,0.0,total_received
fd00::207:7:7:7,3183,3183000,3184000,0.0,total_received
fd00::207:7:7:7,3194,3194000,3195000,0.0,total_received
fd00::207:7:7:7,3205,3205000,3206000,0.0,total_received
fd00::207:7:7:7,3216,3216000,3217000,0.0,total_received
fd00::207:7:7:7,3226,3226000,3227000,0.0,total_received
fd00::207:7:7:7,3237,3237000,3238000,0.0,total_received
fd00::207:7:7:7,3248,3248000,3249000,0.0,total_received
fd00::207:7:7:7,3258,3258000,3259000,0.0,total_received
fd00::207:7:7:7,3269,3269000,3270000,0.0,total_received
fd00::207:7:7:7,3280,3280000,3281000,0.0,total_received
fd00::207:7:7:7,3291,3291000,3292000,0.0,total_received
fd00::207:7:7:7,3301,3301000,3302000,0.0,total_received
fd00::207:7:7:7,3312,3312000,3313000,0.0,total_received
fd00::207:7:7:7,3323,3323000,3324000,0.0,total_received
fd00::207:7:7:7,3333,3333000,3334000,0.0,total_received
fd00::207:7:7:7,3344,3344000,3345000,0.0,total_received
fd00::207:7:7:7,3355,3355000,3356000,0.0,total_received
fd00::207:7:7:7,3366,3366000,3367000,0.0,total_received
fd00::207:7:7:7,3376,3376000,3377000,0.0,total_received
fd00::207:7:7:7,3387,3387000,3388000,0.0,total_received
fd00::207:7:7:7,3398,3398000,3399000,0.0,total_received
fd00::207:7:7:7,3408,3408000,3409000,0.0,total_received
fd00::207:7:7:7,3419,3419000,3420000,0.0,total_received
fd00::207:7:7:7,3430,3430000,3431000,0.0,total_received
fd00::207:7:7:7,3441,3441000,3442000,0.0,total_received
fd00::207:7:7:7,3451,3451000,3452000,0.0,total_received
fd00::207:7:7:7,3462,3462000,3463000,0.0,total_received
fd00::207:7:7:7,3473,3473000,3474000,0.0,total_received
fd00::207:7:7:7,3484,3484000,3485000,0.0,total_received
fd00::207:7:7:7,3494,3494000,3495000,0.0,total_received
fd00::207:7:7:7,3505,3505000,3506000,0.0,total_received
fd00::207:7:7:7,3516,3516000,3517000,0.0,total_received
fd00::207:7:7:7,3526,3526000,3527000,0.0,total_received
fd00::207:7:7:7,3537,3537000,3538000,0.0,total_received
fd00::207:7:7:7,3548,3548000,3549000,0.0,total_received
fd00::207:7:7:7,3559,3559000,3560000,0.0,total_received
fd00::207:7:7:7,3569,3569000,3570000,0.0,total_received
fd00::207:7:7:7,3580,3580000,3581000,0.0,total_received
fd00::207:7:7:7,3591,3591000,3592000,0.0,total_received
fd00::208:8:8:8,20,20000,21000,0.0,total_received
fd00::208:8:8:8,30,30000,31000,1.0,total_received
fd00::208:8:8:8,40,40000,41000,1.0,total_received
fd00::208:8:8:8,51,51000,52000,1.0,total_received
fd00::208:8:8:8,61,61000,62000,1.0,total_received
fd00::208:8:8:8,71,71000,72000,1.0,total_received
fd00::208:8:8:8,81,81000,82000,1.0,total_received
fd00::208:8:8:8,92,92000,93000,1.0,total_received
fd00::208:8:8:8,102,102000,103000,1.0,total_received
fd00::208:8:8:8,112,112000,113000,1.0,total_received
fd00::208:8:8:8,123,123000,124000,1.0,total_received
fd00::208:8:8:8,133,133000,134000,1.0,total_received
fd00::208:8:8:8,143,143000,144000,1.0,total_received
fd00::208:8:8:8,153,153000,154000,1.0,total_received
fd00::208:8:8:8,164,164000,165000,1.0,total_received
fd00::208:8:8:8,174,174000,175000,1.0,total_received
fd00::208:8:8:8,184,184000,185000,1.0,total_received
fd00::208:8:8:8,194,194000,195000,1.0,total_received
fd00::208:8:8:8,205,205000,206000,1.0,total_received
fd00::208:8:8:8,215,215000,216000,1.0,total_received
fd00::208:8:8:8,225,225000,226000,1.0,total_received
fd00::208:8:8:8,236,236000,237000,1.0,total_received
fd00::208:8:8:8,246,246000,247000,1.0,total_received
fd00::208:8:8:8,256,256000,257000,1.0,total_received
fd00::208:8:8:8,266,266000,267000,1.0,total_received
fd00::208:8:8:8,277,277000,278000,1.0,total_received
fd00::208:8:8:8,287,287000,288000,1.0,total_received
fd00::208:8:8:8,297,297000,298000,1.0,total_received
fd00::208:8:8:8,308,308000,309000,1.0,total_received
fd00::208:8:8:8,318,318000,319000,1.0,total_received
fd00::208:8:8:8,328,328000,329000,1.0,total_received
fd00::208:8:8:8,338,338000,339000,1.0,total_received
fd00::208:8:8:8,349,349000,350000,1.0,total_received
fd00::208:8:8:8,359,359000,360000,1.0,total_received
fd00::208:8:8:8,369,369000,370000,1.0,total_received
fd00::208:8:8:8,379,379000,380000,1.0,total_received
fd00::208:8:8:8,390,390000,391000,2.0,total_received
fd00::208:8:8:8,400,400000,401000,1.0,total_received
fd00::208:8:8:8,410,410000,411000,1.0,total_received
fd00::208:8:8:8,421,421000,422000,1.0,total_received
fd00::208:8:8:8,431,431000,432000,1.0,total_received
fd00::208:8:8:8,441,441000,442000,1.0,total_received
fd00::208:8:8:8,451,451000,452000,1.0,total_received
fd00::208:8:8:8,462,462000,463000,1.0,total_received
fd00::208:8:8:8,472,472000,473000,1.0,total_received
fd00::208:8:8:8,482,482000,483000,1.0,total_received
fd00::208:8:8:8,493,493000,494000,1.0,total_received
fd00::208:8:8:8,503,503000,504000,1.0,total_received
fd00::208:8:8:8,513,513000,514000,1.0,total_received
fd00::208:8:8:8,523,523000,524000,1.0,total_received
fd00::208:8:8:8,534,534000,535000,1.0,total_received
fd00::208:8:8:8,544,544000,545000,1.0,total_received
fd00::208:8:8:8,554,554000,555000,1.0,total_received
fd00::208:8:8:8,564,564000,565000,1.0,total_received
fd00::208:8:8:8,575,575000,576000,1.0,total_received
fd00::208:8:8:8,585,585000,586000,1.0,total_received
fd00::208:8:8:8,595,595000,596000,1.0,total_received
fd00::208:8:8:8,606,606000,607000,1.0,total_received
fd00::208:8:8:8,616,616000,617000,1.0,total_received
fd00::208:8:8:8,626,626000,627000,1.0,total_received
fd00::208:8:8:8,636,636000,637000,1.0,total_received
fd00::208:8:8:8,647,647000,648000,1.0,total_received
fd00::208:8:8:8,657,657000,658000,1.0,total_received
fd00::208:8:8:8,667,667000,668000,1.0,total_received
fd00::208:8:8:8,677,677000,678000,1.0,total_received
fd00::208:8:8:8,688,688000,689000,1.0,total_received
fd00::208:8:8:8,698,698000,699000,1.0,total_received
fd00::208:8:8:8,708,708000,709000,1.0,total_received
fd00::208:8:8:8,719,719000,720000,1.0,total_received
fd00::208:8:8:8,729,729000,730000,1.0,total_received
fd00::208:8:8:8,739,739000,740000,1.0,total_received
fd00::208:8:8:8,749,749000,750000,1.0,total_received
fd00::208:8:8:8,760,760000,761000,2.0,total_received
fd00::208:8:8:8,770,770000,771000,1.0,total_received
fd00::208:8:8:8,780,780000,781000,1.0,total_received
fd00::208:8:8:8,791,791000,792000,1.0,total_received
fd00::208:8:8:8,801,801000,802000,1.0,total_received
fd00::208:8:8:8,811,811000,812000,1.0,total_received
fd00::208:8:8:8,821,821000,822000,1.0,total_received
fd00::208:8:8:8,832,832000,833000,1.0,total_received
fd00::208:8:8:8,842,842000,843000,1.0,total_received
fd00::208:8:8:8,852,852000,853000,1.0,total_received
fd00::208:8:8:8,862,862000,863000,1.0,total_received
fd00::208:8:8:8,873,873000,874000,1.0,total_received
fd00::208:8:8:8,883,883000,884000,1.0,total_received
fd00::208:8:8:8,893,893000,894000,1.0,total_received
fd00::208:8:8:8,904,904000,905000,1.0,total_received
fd00::208:8:8:8,914,914000,915000,1.0,total_received
fd00::208:8:8:8,924,924000,925000,1.0,total_received
fd00::208:8:8:8,934,934000,935000,1.0,total_received
fd00::208:8:8:8,945,945000,946000,1.0,total_received
fd00::208:8:8:8,955,955000,956000,1.0,total_received
fd00::208:8:8:8,965,965000,966000,1.0,total_received
fd00::208:8:8:8,976,976000,977000,1.0,total_received
fd00::208:8:8:8,986,986000,987000,1.0,total_received
fd00::208:8:8:8,996,996000,997000,1.0,total_received
fd00::208:8:8:8,1006,1006000,1007000,1.0,total_received
fd00::208:8:8:8,1017,1017000,1018000,1.0,total_received
fd00::208:8:8:8,1027,1027000,1028000,1.0,total_received
fd00::208:8:8:8,1037,1037000,1038000,1.0,total_received
fd00::208:8:8:8,1047,1047000,1048000,1.0,total_received
fd00::208:8:8:8,1058,1058000,1059000,1.0,total_received
fd00::208:8:8:8,1068,1068000,1069000,1.0,total_received
fd00::208:8:8:8,1078,1078000,1079000,1.0,total_received
fd00::208:8:8:8,1089,1089000,1090000,1.0,total_received
fd00::208:8:8:8,1099,1099000,1100000,1.0,total_received
fd00::208:8:8:8,1109,1109000,1110000,1.0,total_received
fd00::208:8:8:8,1119,1119000,1120000,1.0,total_received
fd00::208:8:8:8,1130,1130000,1131000,2.0,total_received
fd00::208:8:8:8,1140,1140000,1141000,1.0,total_received
fd00::208:8:8:8,1150,1150000,1151000,1.0,total_received
fd00::208:8:8:8,1161,1161000,1162000,1.0,total_received
fd00::208:8:8:8,1171,1171000,1172000,1.0,total_received
fd00::208:8:8:8,1181,1181000,1182000,1.0,total_received
fd00::208:8:8:8,1191,1191000,1192000,1.0,total_received
fd00::208:8:8:8,1202,1202000,1203000,1.0,total_received
fd00::208:8:8:8,1212,1212000,1213000,1.0,total_received
fd00::208:8:8:8,1222,1222000,1223000,1.0,total_received
fd00::208:8:8:8,1232,1232000,1233000,1.0,total_received
fd00::208:8:8:8,1243,1243000,1244000,1.0,total_received
fd00::208:8:8:8,1253,1253000,1254000,1.0,total_received
fd00::208:8:8:8,1263,1263000,1264000,1.0,total_received
fd00::208:8:8:8,1274,1274000,1275000,1.0,total_received
fd00::208:8:8:8,1284,1284000,1285000,1.0,total_received
fd00::208:8:8:8,1294,1294000,1295000,1.0,total_received
fd00::208:8:8:8,1304,1304000,1305000,1.0,total_received
fd00::208:8:8:8,1315,1315000,1316000,1.0,total_received
fd00::208:8:8:8,1325,1325000,1326000,1.0,total_received
fd00::208:8:8:8,1335,1335000,1336000,1.0,total_received
fd00::208:8:8:8,1345,1345000,1346000,1.0,total_received
fd00::208:8:8:8,1356,1356000,1357000,1.0,total_received
fd00::208:8:8:8,1366,1366000,1367000,1.0,total_received
fd00::208:8:8:8,1376,1376000,1377000,1.0,total_received
fd00::208:8:8:8,1387,1387000,1388000,1.0,total_received
fd00::208:8:8:8,1397,1397000,1398000,1.0,total_received
fd00::208:8:8:8,1407,1407000,1408000,1.0,total_received
fd00::208:8:8:8,1417,1417000,1418000,1.0,total_received
fd00::208:8:8:8,1428,1428000,1429000,1.0,total_received
fd00::208:8:8:8,1438,1438000,1439000,1.0,total_received
fd00::208:8:8:8,1448,1448000,1449000,1.0,total_received
fd00::208:8:8:8,1459,1459000,1460000,1.0,total_received
fd00::208:8:8:8,1469,1469000,1470000,1.0,total_received
fd00::208:8:8:8,1479,1479000,1480000,1.0,total_received
fd00::208:8:8:8,1489,1489000,1490000,1.0,total_received
fd00::208:8:8:8,1500,1500000,1501000,2.0,total_received
fd00::208:8:8:8,1510,1510000,1511000,1.0,total_received
fd00::208:8:8:8,1520,1520000,1521000,1.0,total_received
fd00::208:8:8:8,1530,1530000,1531000,1.0,total_received
fd00::208:8:8:8,1541,1541000,1542000,1.0,total_received
fd00::208:8:8:8,1551,1551000,1552000,1.0,total_received
fd00::208:8:8:8,1561,1561000,1562000,1.0,total_received
fd00::208:8:8:8,1572,1572000,1573000,1.0,total_received
fd00::208:8:8:8,1582,1582000,1583000,1.0,total_received
fd00::208:8:8:8,1592,1592000,1593000,1.0,total_received
fd00::208:8:8:8,1602,1602000,1603000,1.0,total_received
fd00::208:8:8:8,1613,1613000,1614000,1.0,total_received
fd00::208:8:8:8,1623,1623000,1624000,1.0,total_received
fd00::208:8:8:8,1633,1633000,1634000,1.0,total_received
fd00::208:8:8:8,1644,1644000,1645000,1.0,total_received
fd00::208:8:8:8,1654,1654000,1655000,1.0,total_received
fd00::208:8:8:8,1664,1664000,1665000,1.0,total_received
fd00::208:8:8:8,1674,1674000,1675000,1.0,total_received
fd00::208:8:8:8,1685,1685000,1686000,1.0,total_received
fd00::208:8:8:8,1695,1695000,1696000,1.0,total_received
fd00::208:8:8:8,1705,1705000,1706000,1.0,total_received
fd00::208:8:8:8,1715,1715000,1716000,1.0,total_received
fd00::208:8:8:8,1726,1726000,1727000,1.0,total_received
fd00::208:8:8:8,1736,1736000,1737000,1.0,total_received
fd00::208:8:8:8,1746,1746000,1747000,1.0,total_received
fd00::208:8:8:8,1757,1757000,1758000,1.0,total_received
fd00::208:8:8:8,1767,1767000,1768000,1.0,total_received
fd00::208:8:8:8,1777,1777000,1778000,1.0,total_received
fd00::208:8:8:8,1787,1787000,1788000,1.0,total_received
fd00::208:8:8:8,1798,1798000,1799000,1.0,total_received
fd00::208:8:8:8,1808,1808000,1809000,1.0,total_received
fd00::208:8:8:8,1818,1818000,1819000,1.0,total_received
fd00::208:8:8:8,1829,1829000,1830000,1.0,total_received
fd00::208:8:8:8,1839,1839000,1840000,1.0,total_received
fd00::208:8:8:8,1849,1849000,1850000,1.0,total_received
fd00::208:8:8:8,1859,1859000,1860000,1.0,total_received
fd00::208:8:8:8,1870,1870000,1871000,1.0,total_received
fd00::208:8:8:8,1880,1880000,1881000,2.0,total_received
fd00::208:8:8:8,1890,1890000,1891000,1.0,total_received
fd00::208:8:8:8,1900,1900000,1901000,1.0,total_received
fd00::208:8:8:8,1911,1911000,1912000,1.0,total_received
fd00::208:8:8:8,1921,1921000,1922000,1.0,total_received
fd00::208:8:8:8,1931,1931000,1932000,1.0,total_received
fd00::208:8:8:8,1942,1942000,1943000,1.0,total_received
fd00::208:8:8:8,1952,1952000,1953000,1.0,total_received
fd00::208:8:8:8,1962,1962000,1963000,1.0,total_received
fd00::208:8:8:8,1972,1972000,1973000,1.0,total_received
fd00::208:8:8:8,1983,1983000,1984000,1.0,total_received
fd00::208:8:8:8,1993,1993000,1994000,1.0,total_received
fd00::208:8:8:8,2003,2003000,2004000,1.0,total_received
fd00::208:8:8:8,2014,2014000,2015000,1.0,total_received
fd00::208:8:8:8,2024,2024000,2025000,1.0,total_received
fd00::208:8:8:8,2034,2034000,2035000,1.0,total_received
fd00::208:8:8:8,2044,2044000,2045000,1.0,total_received
fd00::208:8:8:8,2055,2055000,2056000,1.0,total_received
fd00::208:8:8:8,2065,2065000,2066000,1.0,total_received
fd00::208:8:8:8,2075,2075000,2076000,1.0,total_received
fd00::208:8:8:8,2085,2085000,2086000,1.0,total_received
fd00::208:8:8:8,2096,2096000,2097000,1.0,total_received
fd00::208:8:8:8,2106,2106000,2107000,1.0,total_received
fd00::208:8:8:8,2116,2116000,2117000,1.0,total_received
fd00::208:8:8:8,2127,2127000,2128000,1.0,total_received
fd00::208:8:8:8,2137,2137000,2138000,1.0,total_received
fd00::208:8:8:8,2147,2147000,2148000,1.0,total_received
fd00::208:8:8:8,2157,2157000,2158000,1.0,total_received
fd00::208:8:8:8,2168,2168000,2169000,1.0,total_received
fd00::208:8:8:8,2178,2178000,2179000,1.0,total_received
fd00::208:8:8:8,2188,2188000,2189000,1.0,total_received
fd00::208:8:8:8,2199,2199000,2200000,1.0,total_received
fd00::208:8:8:8,2209,2209000,2210000,1.0,total_received
fd00::208:8:8:8,2219,2219000,2220000,1.0,total_received
fd00::208:8:8:8,2229,2229000,2230000,1.0,total_received
fd00::208:8:8:8,2240,2240000,2241000,2.0,total_received
fd00::208:8:8:8,2250,2250000,2251000,1.0,total_received
fd00::208:8:8:8,2260,2260000,2261000,1.0,total_received
fd00::208:8:8:8,2270,2270000,2271000,1.0,total_received
fd00::208:8:8:8,2281,2281000,2282000,1.0,total_received
fd00::208:8:8:8,2291,2291000,2292000,1.0,total_received
fd00::208:8:8:8,2301,2301000,2302000,1.0,total_received
fd00::208:8:8:8,2312,2312000,2313000,1.0,total_received
fd00::208:8:8:8,2322,2322000,2323000,1.0,total_received
fd00::208:8:8:8,2332,2332000,2333000,1.0,total_received
fd00::208:8:8:8,2342,2342000,2343000,1.0,total_received
fd00::208:8:8:8,2353,2353000,2354000,1.0,total_received
fd00::208:8:8:8,2363,2363000,2364000,1.0,total_received
fd00::208:8:8:8,2373,2373000,2374000,1.0,total_received
fd00::208:8:8:8,2383,2383000,2384000,1.0,total_received
fd00::208:8:8:8,2394,2394000,2395000,1.0,total_received
fd00::208:8:8:8,2404,2404000,2405000,1.0,total_received
fd00::208:8:8:8,2414,2414000,2415000,1.0,total_received
fd00::208:8:8:8,2425,2425000,2426000,1.0,total_received
fd00::208:8:8:8,2435,2435000,2436000,1.0,total_received
fd00::208:8:8:8,2445,2445000,2446000,1.0,total_received
fd00::208:8:8:8,2455,2455000,2456000,1.0,total_received
fd00::208:8:8:8,2466,2466000,2467000,1.0,total_received
fd00::208:8:8:8,2476,2476000,2477000,1.0,total_received
fd00::208:8:8:8,2486,2486000,2487000,1.0,total_received
fd00::208:8:8:8,2497,2497000,2498000,1.0,total_received
fd00::208:8:8:8,2507,2507000,2508000,1.0,total_received
fd00::208:8:8:8,2517,2517000,2518000,1.0,total_received
fd00::208:8:8:8,2527,2527000,2528000,1.0,total_received
fd00::208:8:8:8,2538,2538000,2539000,1.0,total_received
fd00::208:8:8:8,2548,2548000,2549000,1.0,total_received
fd00::208:8:8:8,2558,2558000,2559000,1.0,total_received
fd00::208:8:8:8,2568,2568000,2569000,1.0,total_received
fd00::208:8:8:8,2579,2579000,2580000,1.0,total_received
fd00::208:8:8:8,2589,2589000,2590000,1.0,total_received
fd00::208:8:8:8,2599,2599000,2600000,1.0,total_received
fd00::208:8:8:8,2610,2610000,2611000,2.0,total_received
fd00::208:8:8:8,2620,2620000,2621000,1.0,total_received
fd00::208:8:8:8,2630,2630000,2631000,1.0,total_received
fd00::208:8:8:8,2640,2640000,2641000,1.0,total_received
fd00::208:8:8:8,2651,2651000,2652000,1.0,total_received
fd00::208:8:8:8,2661,2661000,2662000,1.0,total_received
fd00::208:8:8:8,2671,2671000,2672000,1.0,total_received
fd00::208:8:8:8,2681,2681000,2682000,1.0,total_received
fd00::208:8:8:8,2692,2692000,2693000,1.0,total_received
fd00::208:8:8:8,2702,2702000,2703000,1.0,total_received
fd00::208:8:8:8,2712,2712000,2713000,1.0,total_received
fd00::208:8:8:8,2723,2723000,2724000,1.0,total_received
fd00::208:8:8:8,2733,2733000,2734000,1.0,total_received
fd00::208:8:8:8,2743,2743000,2744000,1.0,total_received
fd00::208:8:8:8,2753,2753000,2754000,1.0,total_received
fd00::208:8:8:8,2764,2764000,2765000,1.0,total_received
fd00::208:8:8:8,2774,2774000,2775000,1.0,total_received
fd00::208:8:8:8,2784,2784000,2785000,1.0,total_received
fd00::208:8:8:8,2795,2795000,2796000,1.0,total_received
fd00::208:8:8:8,2805,2805000,2806000,1.0,total_received
fd00::208:8:8:8,2815,2815000,2816000,1.0,total_received
fd00::208:8:8:8,2825,2825000,2826000,1.0,total_received
fd00::208:8:8:8,2836,2836000,2837000,1.0,total_received
fd00::208:8:8:8,2846,2846000,2847000,1.0,total_received
fd00::208:8:8:8,2856,2856000,2857000,1.0,total_received
fd00::208:8:8:8,2867,2867000,2868000,1.0,total_received
fd00::208:8:8:8,2877,2877000,2878000,1.0,total_received
fd00::208:8:8:8,2887,2887000,2888000,1.0,total_received
fd00::208:8:8:8,2897,2897000,2898000,1.0,total_received
fd00::208:8:8:8,2908,2908000,2909000,1.0,total_received
fd00::208:8:8:8,2918,2918000,2919000,1.0,total_received
fd00::208:8:8:8,2928,2928000,2929000,1.0,total_received
fd00::208:8:8:8,2938,2938000,2939000,1.0,total_received
fd00::208:8:8:8,2949,2949000,2950000,1.0,total_received
fd00::208:8:8:8,2959,2959000,2960000,1.0,total_received
fd00::208:8:8:8,2969,2969000,2970000,1.0,total_received
fd00::208:8:8:8,2980,2980000,2981000,1.0,total_received
fd00::208:8:8:8,2990,2990000,2991000,2.0,total_received
fd00::208:8:8:8,3000,3000000,3001000,1.0,total_received
fd00::208:8:8:8,3010,3010000,3011000,1.0,total_received
fd00::208:8:8:8,3021,3021000,3022000,1.0,total_received
fd00::208:8:8:8,3031,3031000,3032000,1.0,total_received
fd00::208:8:8:8,3041,3041000,3042000,1.0,total_received
fd00::208:8:8:8,3051,3051000,3052000,1.0,total_received
fd00::208:8:8:8,3062,3062000,3063000,1.0,total_received
fd00::208:8:8:8,3072,3072000,3073000,1.0,total_received
fd00::208:8:8:8,3082,3082000,3083000,1.0,total_received
fd00::208:8:8:8,3093,3093000,3094000,1.0,total_received
fd00::208:8:8:8,3103,3103000,3104000,1.0,total_received
fd00::208:8:8:8,3113,3113000,3114000,1.0,total_received
fd00::208:8:8:8,3123,3123000,3124000,1.0,total_received
fd00::208:8:8:8,3134,3134000,3135000,1.0,total_received
fd00::208:8:8:8,3144,3144000,3145000,1.0,total_received
fd00::208:8:8:8,3154,3154000,3155000,1.0,total_received
fd00::208:8:8:8,3165,3165000,3166000,1.0,total_received
fd00::208:8:8:8,3175,3175000,3176000,1.0,total_received
fd00::208:8:8:8,3185,3185000,3186000,1.0,total_received
fd00::208:8:8:8,3195,3195000,3196000,1.0,total_received
fd00::208:8:8:8,3206,3206000,3207000,1.0,total_received
fd00::208:8:8:8,3216,3216000,3217000,1.0,total_received
fd00::208:8:8:8,3226,3226000,3227000,1.0,total_received
fd00::208:8:8:8,3236,3236000,3237000,1.0,total_received
fd00::208:8:8:8,3247,3247000,3248000,1.0,total_received
fd00::208:8:8:8,3257,3257000,3258000,1.0,total_received
fd00::208:8:8:8,3267,3267000,3268000,1.0,total_received
fd00::208:8:8:8,3278,3278000,3279000,1.0,total_received
fd00::208:8:8:8,3288,3288000,3289000,1.0,total_received
fd00::208:8:8:8,3298,3298000,3299000,1.0,total_received
fd00::208:8:8:8,3308,3308000,3309000,1.0,total_received
fd00::208:8:8:8,3319,3319000,3320000,1.0,total_received
fd00::208:8:8:8,3329,3329000,3330000,1.0,total_received
fd00::208:8:8:8,3339,3339000,3340000,1.0,total_received
fd00::208:8:8:8,3350,3350000,3351000,1.0,total_received
fd00::208:8:8:8,3360,3360000,3361000,2.0,total_received
fd00::208:8:8:8,3370,3370000,3371000,1.0,total_received
fd00::208:8:8:8,3380,3380000,3381000,1.0,total_received
fd00::208:8:8:8,3391,3391000,3392000,1.0,total_received
fd00::208:8:8:8,3401,3401000,3402000,1.0,total_received
fd00::208:8:8:8,3411,3411000,3412000,1.0,total_received
fd00::208:8:8:8,3421,3421000,3422000,1.0,total_received
fd00::208:8:8:8,3432,3432000,3433000,1.0,total_received
fd00::208:8:8:8,3442,3442000,3443000,1.0,total_received
fd00::208:8:8:8,3452,3452000,3453000,1.0,total_received
fd00::208:8:8:8,3463,3463000,3464000,1.0,total_received
fd00::208:8:8:8,3473,3473000,3474000,1.0,total_received
fd00::208:8:8:8,3483,3483000,3484000,1.0,total_received
fd00::208:8:8:8,3493,3493000,3494000,1.0,total_received
fd00::208:8:8:8,3504,3504000,3505000,1.0,total_received
fd00::208:8:8:8,3514,3514000,3515000,1.0,total_received
fd00::208:8:8:8,3524,3524000,3525000,1.0,total_received
fd00::208:8:8:8,3535,3535000,3536000,1.0,total_received
fd00::208:8:8:8,3545,3545000,3546000,1.0,total_received
fd00::208:8:8:8,3555,3555000,3556000,1.0,total_received
fd00::208:8:8:8,3565,3565000,3566000,1.0,total_received
fd00::208:8:8:8,3576,3576000,3577000,1.0,total_received
fd00::208:8:8:8,3586,3586000,3587000,1.0,total_received
fd00::208:8:8:8,3596,3596000,3597000,1.0,total_received
fd00::209:9:9:9,42,42000,43000,0.0,total_received
fd00::209:9:9:9,52,52000,53000,1.0,total_received
fd00::209:9:9:9,63,63000,64000,1.0,total_received
fd00::209:9:9:9,74,74000,75000,1.0,total_received
fd00::209:9:9:9,84,84000,85000,1.0,total_received
fd00::209:9:9:9,95,95000,96000,1.0,total_received
fd00::209:9:9:9,105,105000,106000,1.0,total_received
fd00::209:9:9:9,116,116000,117000,1.0,total_received
fd00::209:9:9:9,126,126000,127000,1.0,total_received
fd00::209:9:9:9,137,137000,138000,1.0,total_received
fd00::209:9:9:9,147,147000,148000,1.0,total_received
fd00::209:9:9:9,158,158000,159000,1.0,total_received
fd00::209:9:9:9,168,168000,169000,1.0,total_received
fd00::209:9:9:9,179,179000,180000,1.0,total_received
fd00::209:9:9:9,189,189000,190000,1.0,total_received
fd00::209:9:9:9,200,200000,201000,2.0,total_received
fd00::209:9:9:9,210,210000,211000,1.0,total_received
fd00::209:9:9:9,221,221000,222000,1.0,total_received
fd00::209:9:9:9,231,231000,232000,1.0,total_received
fd00::209:9:9:9,242,242000,243000,1.0,total_received
fd00::209:9:9:9,252,252000,253000,1.0,total_received
fd00::209:9:9:9,263,263000,264000,1.0,total_received
fd00::209:9:9:9,273,273000,274000,1.0,total_received
fd00::209:9:9:9,284,284000,285000,1.0,total_received
fd00::209:9:9:9,294,294000,295000,1.0,total_received
fd00::209:9:9:9,305,305000,306000,1.0,total_received
fd00::209:9:9:9,315,315000,316000,1.0,total_received
fd00::209:9:9:9,326,326000,327000,1.0,total_received
fd00::209:9:9:9,336,336000,337000,1.0,total_received
fd00::209:9:9:9,347,347000,348000,1.0,total_received
fd00::209:9:9:9,357,357000,358000,1.0,total_received
fd00::209:9:9:9,368,368000,369000,1.0,total_received
fd00::209:9:9:9,378,378000,379000,1.0,total_received
fd00::209:9:9:9,389,389000,390000,1.0,total_received
fd00::209:9:9:9,400,400000,401000,1.0,total_received
fd00::209:9:9:9,410,410000,411000,2.0,total_received
fd00::209:9:9:9,421,421000,422000,1.0,total_received
fd00::209:9:9:9,431,431000,432000,1.0,total_received
fd00::209:9:9:9,442,442000,443000,1.0,total_received
fd00::209:9:9:9,452,452000,453000,1.0,total_received
fd00::209:9:9:9,463,463000,464000,1.0,total_received
fd00::209:9:9:9,473,473000,474000,1.0,total_received
fd00::209:9:9:9,484,484000,485000,1.0,total_received
fd00::209:9:9:9,494,494000,495000,1.0,total_received
fd00::209:9:9:9,505,505000,506000,1.0,total_received
fd00::209:9:9:9,515,515000,516000,1.0,total_received
fd00::209:9:9:9,526,526000,527000,1.0,total_received
fd00::209:9:9:9,536,536000,537000,1.0,total_received
fd00::209:9:9:9,547,547000,548000,1.0,total_received
fd00::209:9:9:9,557,557000,558000,1.0,total_received
fd00::209:9:9:9,568,568000,569000,1.0,total_received
fd00::209:9:9:9,578,578000,579000,1.0,total_received
fd00::209:9:9:9,589,589000,590000,1.0,total_received
fd00::209:9:9:9,599,599000,600000,1.0,total_received
fd00::209:9:9:9,610,610000,611000,2.0,total_received
fd00::209:9:9:9,620,620000,621000,1.0,total_received
fd00::209:9:9:9,631,631000,632000,1.0,total_received
fd00::209:9:9:9,641,641000,642000,1.0,total_received
fd00::209:9:9:9,652,652000,653000,1.0,total_received
fd00::209:9:9:9,662,662000,663000,1.0,total_received
fd00::209:9:9:9,673,673000,674000,1.0,total_received
fd00::209:9:9:9,683,683000,684000,1.0,total_received
fd00::209:9:9:9,694,694000,695000,1.0,total_received
fd00::209:9:9:9,705,705000,706000,1.0,total_received
fd00::209:9:9:9,715,715000,716000,1.0,total_received
fd00::209:9:9:9,726,726000,727000,1.0,total_received
fd00::209:9:9:9,736,736000,737000,1.0,total_received
fd00::209:9:9:9,747,747000,748000,1.0,total_received
fd00::209:9:9:9,757,757000,758000,1.0,total_received
fd00::209:9:9:9,768,768000,769000,1.0,total_received
fd00::209:9:9:9,778,778000,779000,1.0,total_received
fd00::209:9:9:9,789,789000,790000,1.0,total_received
fd00::209:9:9:9,799,799000,800000,1.0,total_received
fd00::209:9:9:9,810,810000,811000,2.0,total_received
fd00::209:9:9:9,820,820000,821000,1.0,total_received
fd00::209:9:9:9,831,831000,832000,1.0,total_received
fd00::209:9:9:9,841,841000,842000,1.0,total_received
fd00::209:9:9:9,852,852000,853000,1.0,total_received
fd00::209:9:9:9,862,862000,863000,1.0,total_received
fd00::209:9:9:9,873,873000,874000,1.0,total_received
fd00::209:9:9:9,883,883000,884000,1.0,total_received
fd00::209:9:9:9,894,894000,895000,1.0,total_received
fd00::209:9:9:9,904,904000,905000,1.0,total_received
fd00::209:9:9:9,915,915000,916000,1.0,total_received
fd00::209:9:9:9,925,925000,926000,1.0,total_received
fd00::209:9:9:9,936,936000,937000,1.0,total_received
fd00::209:9:9:9,946,946000,947000,1.0,total_received
fd00::209:9:9:9,957,957000,958000,1.0,total_received
fd00::209:9:9:9,967,967000,968000,1.0,total_received
fd00::209:9:9:9,978,978000,979000,1.0,total_received
fd00::209:9:9:9,988,988000,989000,1.0,total_received
fd00::209:9:9:9,999,999000,1000000,1.0,total_received
fd00::209:9:9:9,1009,1009000,1010000,1.0,total_received
fd00::209:9:9:9,1020,1020000,1021000,2.0,total_received
fd00::209:9:9:9,1031,1031000,1032000,1.0,total_received
fd00::209:9:9:9,1041,1041000,1042000,1.0,total_received
fd00::209:9:9:9,1052,1052000,1053000,1.0,total_received
fd00::209:9:9:9,1062,1062000,1063000,1.0,total_received
fd00::209:9:9:9,1073,1073000,1074000,1.0,total_received
fd00::209:9:9:9,1083,1083000,1084000,1.0,total_received
fd00::209:9:9:9,1094,1094000,1095000,1.0,total_received
fd00::209:9:9:9,1104,1104000,1105000,1.0,total_received
fd00::209:9:9:9,1115,1115000,1116000,1.0,total_received
fd00::209:9:9:9,1125,1125000,1126000,1.0,total_received
fd00::209:9:9:9,1136,1136000,1137000,1.0,total_received
fd00::209:9:9:9,1146,1146000,1147000,1.0,total_received
fd00::209:9:9:9,1157,1157000,1158000,1.0,total_received
fd00::209:9:9:9,1167,1167000,1168000,1.0,total_received
fd00::209:9:9:9,1178,1178000,1179000,1.0,total_received
fd00::209:9:9:9,1188,1188000,1189000,1.0,total_received
fd00::209:9:9:9,1199,1199000,1200000,1.0,total_received
fd00::209:9:9:9,1209,1209000,1210000,1.0,total_received
fd00::209:9:9:9,1220,1220000,1221000,2.0,total_received
fd00::209:9:9:9,1230,1230000,1231000,1.0,total_received
fd00::209:9:9:9,1241,1241000,1242000,1.0,total_received
fd00::209:9:9:9,1251,1251000,1252000,1.0,total_received
fd00::209:9:9:9,1262,1262000,1263000,1.0,total_received
fd00::209:9:9:9,1272,1272000,1273000,1.0,total_received
fd00::209:9:9:9,1283,1283000,1284000,1.0,total_received
fd00::209:9:9:9,1293,1293000,1294000,1.0,total_received
fd00::209:9:9:9,1304,1304000,1305000,1.0,total_received
fd00::209:9:9:9,1315,1315000,1316000,1.0,total_received
fd00::209:9:9:9,1325,1325000,1326000,1.0,total_received
fd00::209:9:9:9,1336,1336000,1337000,1.0,total_received
fd00::209:9:9:9,1346,1346000,1347000,1.0,total_received
fd00::209:9:9:9,1357,1357000,1358000,1.0,total_received
fd00::209:9:9:9,1367,1367000,1368000,1.0,total_received
fd00::209:9:9:9,1378,1378000,1379000,1.0,total_received
fd00::209:9:9:9,1388,1388000,1389000,1.0,total_received
fd00::209:9:9:9,1399,1399000,1400000,1.0,total_received
fd00::209:9:9:9,1409,1409000,1410000,1.0,total_received
fd00::209:9:9:9,1420,1420000,1421000,1.0,total_received
fd00::209:9:9:9,1430,1430000,1431000,2.0,total_received
fd00::209:9:9:9,1441,1441000,1442000,1.0,total_received
fd00::209:9:9:9,1451,1451000,1452000,1.0,total_received
fd00::209:9:9:9,1462,1462000,1463000,1.0,total_received
fd00::209:9:9:9,1472,1472000,1473000,1.0,total_received
fd00::209:9:9:9,1483,1483000,1484000,1.0,total_received
fd00::209:9:9:9,1493,1493000,1494000,1.0,total_received
fd00::209:9:9:9,1504,1504000,1505000,1.0,total_received
fd00::209:9:9:9,1514,1514000,1515000,1.0,total_received
fd00::209:9:9:9,1525,1525000,1526000,1.0,total_received
fd00::209:9:9:9,1535,1535000,1536000,1.0,total_received
fd00::209:9:9:9,1546,1546000,1547000,1.0,total_received
fd00::209:9:9:9,1556,1556000,1557000,1.0,total_received
fd00::209:9:9:9,1567,1567000,1568000,1.0,total_received
fd00::209:9:9:9,1577,1577000,1578000,1.0,total_received
fd00::209:9:9:9,1588,1588000,1589000,1.0,total_received
fd00::209:9:9:9,1598,1598000,1599000,1.0,total_received
fd00::209:9:9:9,1609,1609000,1610000,1.0,total_received
fd00::209:9:9:9,1619,1619000,1620000,1.0,total_received
fd00::209:9:9:9,1630,1630000,1631000,2.0,total_received
fd00::209:9:9:9,1641,1641000,1642000,1.0,total_received
fd00::209:9:9:9,1651,1651000,1652000,1.0,total_received
fd00::209:9:9:9,1662,1662000,1663000,1.0,total_received
fd00::209:9:9:9,1672,1672000,1673000,1.0,total_received
fd00::209:9:9:9,1683,1683000,1684000,1.0,total_received
fd00::209:9:9:9,1693,1693000,1694000,1.0,total_received
fd00::209:9:9:9,1704,1704000,1705000,1.0,total_received
fd00::209:9:9:9,1714,1714000,1715000,1.0,total_received
fd00::209:9:9:9,1725,1725000,1726000,1.0,total_received
fd00::209:9:9:9,1735,1735000,1736000,1.0,total_received
fd00::209:9:9:9,1746,1746000,1747000,1.0,total_received
fd00::209:9:9:9,1756,1756000,1757000,1.0,total_received
fd00::209:9:9:9,1767,1767000,1768000,1.0,total_received
fd00::209:9:9:9,1777,1777000,1778000,1.0,total_received
fd00::209:9:9:9,1788,1788000,1789000,1.0,total_received
fd00::209:9:9:9,1798,1798000,1799000,1.0,total_received
fd00::209:9:9:9,1809,1809000,1810000,1.0,total_received
fd00::209:9:9:9,1819,1819000,1820000,1.0,total_received
fd00::209:9:9:9,1830,1830000,1831000,2.0,total_received
fd00::209:9:9:9,1840,1840000,1841000,1.0,total_received
fd00::209:9:9:9,1851,1851000,1852000,1.0,total_received
fd00::209:9:9:9,1861,1861000,1862000,1.0,total_received
fd00::209:9:9:9,1872,1872000,1873000,1.0,total_received
fd00::209:9:9:9,1882,1882000,1883000,1.0,total_received
fd00::209:9:9:9,1893,1893000,1894000,1.0,total_received
fd00::209:9:9:9,1903,1903000,1904000,1.0,total_received
fd00::209:9:9:9,1914,1914000,1915000,1.0,total_received
fd00::209:9:9:9,1924,1924000,1925000,1.0,total_received
fd00::209:9:9:9,1935,1935000,1936000,1.0,total_received
fd00::209:9:9:9,1946,1946000,1947000,1.0,total_received
fd00::209:9:9:9,1956,1956000,1957000,1.0,total_received
fd00::209:9:9:9,1967,1967000,1968000,1.0,total_received
fd00::209:9:9:9,1977,1977000,1978000,1.0,total_received
fd00::209:9:9:9,1988,1988000,1989000,1.0,total_received
fd00::209:9:9:9,1998,1998000,1999000,1.0,total_received
fd00::209:9:9:9,2009,2009000,2010000,1.0,total_received
fd00::209:9:9:9,2019,2019000,2020000,1.0,total_received
fd00::209:9:9:9,2030,2030000,2031000,1.0,total_received
fd00::209:9:9:9,2040,2040000,2041000,2.0,total_received
fd00::209:9:9:9,2051,2051000,2052000,1.0,total_received
fd00::209:9:9:9,2061,2061000,2062000,1.0,total_received
fd00::209:9:9:9,2072,2072000,2073000,1.0,total_received
fd00::209:9:9:9,2082,2082000,2083000,1.0,total_received
fd00::209:9:9:9,2093,2093000,2094000,1.0,total_received
fd00::209:9:9:9,2103,2103000,2104000,1.0,total_received
fd00::209:9:9:9,2114,2114000,2115000,1.0,total_received
fd00::209:9:9:9,2124,2124000,2125000,1.0,total_received
fd00::209:9:9:9,2135,2135000,2136000,1.0,total_received
fd00::209:9:9:9,2145,2145000,2146000,1.0,total_received
fd00::209:9:9:9,2156,2156000,2157000,1.0,total_received
fd00::209:9:9:9,2166,2166000,2167000,1.0,total_received
fd00::209:9:9:9,2177,2177000,2178000,1.0,total_received
fd00::209:9:9:9,2187,2187000,2188000,1.0,total_received
fd00::209:9:9:9,2198,2198000,2199000,1.0,total_received
fd00::209:9:9:9,2208,2208000,2209000,1.0,total_received
fd00::209:9:9:9,2219,2219000,2220000,1.0,total_received
fd00::209:9:9:9,2229,2229000,2230000,1.0,total_received
fd00::209:9:9:9,2240,2240000,2241000,2.0,total_received
fd00::209:9:9:9,2251,2251000,2252000,1.0,total_received
fd00::209:9:9:9,2261,2261000,2262000,1.0,total_received
fd00::209:9:9:9,2272,2272000,2273000,1.0,total_received
fd00::209:9:9:9,2282,2282000,2283000,1.0,total_received
fd00::209:9:9:9,2293,2293000,2294000,1.0,total_received
fd00::209:9:9:9,2303,2303000,2304000,1.0,total_received
fd00::209:9:9:9,2314,2314000,2315000,1.0,total_received
fd00::209:9:9:9,2324,2324000,2325000,1.0,total_received
fd00::209:9:9:9,2335,2335000,2336000,1.0,total_received
fd00::209:9:9:9,2345,2345000,2346000,1.0,total_received
fd00::209:9:9:9,2356,2356000,2357000,1.0,total_received
fd00::209:9:9:9,2366,2366000,2367000,1.0,total_received
fd00::209:9:9:9,2377,2377000,2378000,1.0,total_received
fd00::209:9:9:9,2387,2387000,2388000,1.0,total_received
fd00::209:9:9:9,2398,2398000,2399000,1.0,total_received
fd00::209:9:9:9,2408,2408000,2409000,1.0,total_received
fd00::209:9:9:9,2419,2419000,2420000,1.0,total_received
fd00::209:9:9:9,2429,2429000,2430000,1.0,total_received
fd00::209:9:9:9,2440,2440000,2441000,2.0,total_received
fd00::209:9:9:9,2450,2450000,2451000,1.0,total_received
fd00::209:9:9:9,2461,2461000,2462000,1.0,total_received
fd00::209:9:9:9,2471,2471000,2472000,1.0,total_received
fd00::209:9:9:9,2482,2482000,2483000,1.0,total_received
fd00::209:9:9:9,2492,2492000,2493000,1.0,total_received
fd00::209:9:9:9,2503,2503000,2504000,1.0,total_received
fd00::209:9:9:9,2513,2513000,2514000,1.0,total_received
fd00::209:9:9:9,2524,2524000,2525000,1.0,total_received
fd00::209:9:9:9,2534,2534000,2535000,1.0,total_received
fd00::209:9:9:9,2545,2545000,2546000,1.0,total_received
fd00::209:9:9:9,2556,2556000,2557000,1.0,total_received
fd00::209:9:9:9,2566,2566000,2567000,1.0,total_received
fd00::209:9:9:9,2577,2577000,2578000,1.0,total_received
fd00::209:9:9:9,2587,2587000,2588000,1.0,total_received
fd00::209:9:9:9,2598,2598000,2599000,1.0,total_received
fd00::209:9:9:9,2608,2608000,2609000,1.0,total_received
fd00::209:9:9:9,2619,2619000,2620000,1.0,total_received
fd00::209:9:9:9,2629,2629000,2630000,1.0,total_received
fd00::209:9:9:9,2640,2640000,2641000,2.0,total_received
fd00::209:9:9:9,2650,2650000,2651000,1.0,total_received
fd00::209:9:9:9,2661,2661000,2662000,1.0,total_received
fd00::209:9:9:9,2671,2671000,2672000,1.0,total_received
fd00::209:9:9:9,2682,2682000,2683000,1.0,total_received
fd00::209:9:9:9,2692,2692000,2693000,1.0,total_received
fd00::209:9:9:9,2703,2703000,2704000,1.0,total_received
fd00::209:9:9:9,2713,2713000,2714000,1.0,total_received
fd00::209:9:9:9,2724,2724000,2725000,1.0,total_received
fd00::209:9:9:9,2734,2734000,2735000,1.0,total_received
fd00::209:9:9:9,2745,2745000,2746000,1.0,total_received
fd00::209:9:9:9,2755,2755000,2756000,1.0,total_received
fd00::209:9:9:9,2766,2766000,2767000,1.0,total_received
fd00::209:9:9:9,2776,2776000,2777000,1.0,total_received
fd00::209:9:9:9,2787,2787000,2788000,1.0,total_received
fd00::209:9:9:9,2797,2797000,2798000,1.0,total_received
fd00::209:9:9:9,2808,2808000,2809000,1.0,total_received
fd00::209:9:9:9,2818,2818000,2819000,1.0,total_received
fd00::209:9:9:9,2829,2829000,2830000,1.0,total_received
fd00::209:9:9:9,2839,2839000,2840000,1.0,total_received
fd00::209:9:9:9,2850,2850000,2851000,2.0,total_received
fd00::209:9:9:9,2861,2861000,2862000,1.0,total_received
fd00::209:9:9:9,2871,2871000,2872000,1.0,total_received
fd00::209:9:9:9,2882,2882000,2883000,1.0,total_received
fd00::209:9:9:9,2892,2892000,2893000,1.0,total_received
fd00::209:9:9:9,2903,2903000,2904000,1.0,total_received
fd00::209:9:9:9,2913,2913000,2914000,1.0,total_received
fd00::209:9:9:9,2924,2924000,2925000,1.0,total_received
fd00::209:9:9:9,2934,2934000,2935000,1.0,total_received
fd00::209:9:9:9,2945,2945000,2946000,1.0,total_received
fd00::209:9:9:9,2955,2955000,2956000,1.0,total_received
fd00::209:9:9:9,2966,2966000,2967000,1.0,total_received
fd00::209:9:9:9,2976,2976000,2977000,1.0,total_received
fd00::209:9:9:9,2987,2987000,2988000,1.0,total_received
fd00::209:9:9:9,2997,2997000,2998000,1.0,total_received
fd00::209:9:9:9,3008,3008000,3009000,1.0,total_received
fd00::209:9:9:9,3018,3018000,3019000,1.0,total_received
fd00::209:9:9:9,3029,3029000,3030000,1.0,total_received
fd00::209:9:9:9,3039,3039000,3040000,1.0,total_received
fd00::209:9:9:9,3050,3050000,3051000,2.0,total_received
fd00::209:9:9:9,3060,3060000,3061000,1.0,total_received
fd00::209:9:9:9,3071,3071000,3072000,0.0,total_received
fd00::209:9:9:9,3081,3081000,3082000,1.0,total_received
fd00::209:9:9:9,3092,3092000,3093000,1.0,total_received
fd00::209:9:9:9,3102,3102000,3103000,1.0,total_received
fd00::209:9:9:9,3113,3113000,3114000,1.0,total_received
fd00::209:9:9:9,3123,3123000,3124000,1.0,total_received
fd00::209:9:9:9,3134,3134000,3135000,1.0,total_received
fd00::209:9:9:9,3144,3144000,3145000,1.0,total_received
fd00::209:9:9:9,3155,3155000,3156000,1.0,total_received
fd00::209:9:9:9,3165,3165000,3166000,1.0,total_received
fd00::209:9:9:9,3176,3176000,3177000,1.0,total_received
fd00::209:9:9:9,3187,3187000,3188000,1.0,total_received
fd00::209:9:9:9,3197,3197000,3198000,1.0,total_received
fd00::209:9:9:9,3208,3208000,3209000,1.0,total_received
fd00::209:9:9:9,3218,3218000,3219000,1.0,total_received
fd00::209:9:9:9,3229,3229000,3230000,1.0,total_received
fd00::209:9:9:9,3239,3239000,3240000,1.0,total_received
fd00::209:9:9:9,3250,3250000,3251000,2.0,total_received
fd00::209:9:9:9,3260,3260000,3261000,1.0,total_received
fd00::209:9:9:9,3271,3271000,3272000,1.0,total_received
fd00::209:9:9:9,3281,3281000,3282000,1.0,total_received
fd00::209:9:9:9,3292,3292000,3293000,1.0,total_received
fd00::209:9:9:9,3302,3302000,3303000,1.0,total_received
fd00::209:9:9:9,3313,3313000,3314000,1.0,total_received
fd00::209:9:9:9,3323,3323000,3324000,1.0,total_received
fd00::209:9:9:9,3334,3334000,3335000,1.0,total_received
fd00::209:9:9:9,3344,3344000,3345000,1.0,total_received
fd00::209:9:9:9,3355,3355000,3356000,1.0,total_received
fd00::209:9:9:9,3365,3365000,3366000,1.0,total_received
fd00::209:9:9:9,3376,3376000,3377000,1.0,total_received
fd00::209:9:9:9,3386,3386000,3387000,1.0,total_received
fd00::209:9:9:9,3397,3397000,3398000,1.0,total_received
fd00::209:9:9:9,3407,3407000,3408000,1.0,total_received
fd00::209:9:9:9,3418,3418000,3419000,1.0,total_received
fd00::209:9:9:9,3428,3428000,3429000,1.0,total_received
fd00::209:9:9:9,3439,3439000,3440000,1.0,total_received
fd00::209:9:9:9,3449,3449000,3450000,1.0,total_received
fd00::209:9:9:9,3460,3460000,3461000,2.0,total_received
fd00::209:9:9:9,3470,3470000,3471000,1.0,total_received
fd00::209:9:9:9,3481,3481000,3482000,1.0,total_received
fd00::209:9:9:9,3492,3492000,3493000,1.0,total_received
fd00::209:9:9:9,3502,3502000,3503000,1.0,total_received
fd00::209:9:9:9,3513,3513000,3514000,1.0,total_received
fd00::209:9:9:9,3523,3523000,3524000,1.0,total_received
fd00::209:9:9:9,3534,3534000,3535000,1.0,total_received
fd00::209:9:9:9,3544,3544000,3545000,1.0,total_received
fd00::209:9:9:9,3555,3555000,3556000,1.0,total_received
fd00::209:9:9:9,3565,3565000,3566000,1.0,total_received
fd00::209:9:9:9,3576,3576000,3577000,1.0,total_received
fd00::209:9:9:9,3586,3586000,3587000,1.0,total_received
fd00::209:9:9:9,3597,3597000,3598000,1.0,total_received
fd00::20a:a:a:a,51,51000,52000,0.0,total_received
fd00::20a:a:a:a,61,61000,62000,1.0,total_received
fd00::20a:a:a:a,71,71000,72000,1.0,total_received
fd00::20a:a:a:a,82,82000,83000,1.0,total_received
fd00::20a:a:a:a,92,92000,93000,1.0,total_received
fd00::20a:a:a:a,102,102000,103000,1.0,total_received
fd00::20a:a:a:a,112,112000,113000,1.0,total_received
fd00::20a:a:a:a,122,122000,123000,1.0,total_received
fd00::20a:a:a:a,133,133000,134000,1.0,total_received
fd00::20a:a:a:a,143,143000,144000,1.0,total_received
fd00::20a:a:a:a,153,153000,154000,1.0,total_received
fd00::20a:a:a:a,163,163000,164000,1.0,total_received
fd00::20a:a:a:a,173,173000,174000,1.0,total_received
fd00::20a:a:a:a,184,184000,185000,1.0,total_received
fd00::20a:a:a:a,194,194000,195000,1.0,total_received
fd00::20a:a:a:a,204,204000,205000,1.0,total_received
fd00::20a:a:a:a,214,214000,215000,1.0,total_received
fd00::20a:a:a:a,225,225000,226000,1.0,total_received
fd00::20a:a:a:a,235,235000,236000,1.0,total_received
fd00::20a:a:a:a,245,245000,246000,1.0,total_received
fd00::20a:a:a:a,255,255000,256000,1.0,total_received
fd00::20a:a:a:a,265,265000,266000,1.0,total_received
fd00::20a:a:a:a,276,276000,277000,1.0,total_received
fd00::20a:a:a:a,286,286000,287000,1.0,total_received
fd00::20a:a:a:a,296,296000,297000,1.0,total_received
fd00::20a:a:a:a,306,306000,307000,1.0,total_received
fd00::20a:a:a:a,317,317000,318000,1.0,total_received
fd00::20a:a:a:a,327,327000,328000,1.0,total_received
fd00::20a:a:a:a,337,337000,338000,1.0,total_received
fd00::20a:a:a:a,347,347000,348000,1.0,total_received
fd00::20a:a:a:a,357,357000,358000,1.0,total_received
fd00::20a:a:a:a,368,368000,369000,1.0,total_received
fd00::20a:a:a:a,378,378000,379000,1.0,total_received
fd00::20a:a:a:a,388,388000,389000,1.0,total_received
fd00::20a:a:a:a,398,398000,399000,1.0,total_received
fd00::20a:a:a:a,409,409000,410000,1.0,total_received
fd00::20a:a:a:a,419,419000,420000,1.0,total_received
fd00::20a:a:a:a,429,429000,430000,1.0,total_received
fd00::20a:a:a:a,439,439000,440000,1.0,total_received
fd00::20a:a:a:a,449,449000,450000,1.0,total_received
fd00::20a:a:a:a,460,460000,461000,1.0,total_received
fd00::20a:a:a:a,470,470000,471000,2.0,total_received
fd00::20a:a:a:a,480,480000,481000,1.0,total_received
fd00::20a:a:a:a,490,490000,491000,1.0,total_received
fd00::20a:a:a:a,501,501000,502000,1.0,total_received
fd00::20a:a:a:a,511,511000,512000,1.0,total_received
fd00::20a:a:a:a,521,521000,522000,1.0,total_received
fd00::20a:a:a:a,531,531000,532000,1.0,total_received
fd00::20a:a:a:a,541,541000,542000,1.0,total_received
fd00::20a:a:a:a,552,552000,553000,1.0,total_received
fd00::20a:a:a:a,562,562000,563000,1.0,total_received
fd00::20a:a:a:a,572,572000,573000,1.0,total_received
fd00::20a:a:a:a,582,582000,583000,1.0,total_received
fd00::20a:a:a:a,592,592000,593000,1.0,total_received
fd00::20a:a:a:a,603,603000,604000,1.0,total_received
fd00::20a:a:a:a,613,613000,614000,1.0,total_received
fd00::20a:a:a:a,623,623000,624000,1.0,total_received
fd00::20a:a:a:a,633,633000,634000,1.0,total_received
fd00::20a:a:a:a,644,644000,645000,1.0,total_received
fd00::20a:a:a:a,654,654000,655000,1.0,total_received
fd00::20a:a:a:a,664,664000,665000,1.0,total_received
fd00::20a:a:a:a,674,674000,675000,1.0,total_received
fd00::20a:a:a:a,684,684000,685000,1.0,total_received
fd00::20a:a:a:a,695,695000,696000,1.0,total_received
fd00::20a:a:a:a,705,705000,706000,1.0,total_received
fd00::20a:a:a:a,715,715000,716000,1.0,total_received
fd00::20a:a:a:a,725,725000,726000,1.0,total_received
fd00::20a:a:a:a,735,735000,736000,1.0,total_received
fd00::20a:a:a:a,746,746000,747000,1.0,total_received
fd00::20a:a:a:a,756,756000,757000,1.0,total_received
fd00::20a:a:a:a,766,766000,767000,1.0,total_received
fd00::20a:a:a:a,776,776000,777000,1.0,total_received
fd00::20a:a:a:a,787,787000,788000,1.0,total_received
fd00::20a:a:a:a,797,797000,798000,1.0,total_received
fd00::20a:a:a:a,807,807000,808000,1.0,total_received
fd00::20a:a:a:a,817,817000,818000,1.0,total_received
fd00::20a:a:a:a,827,827000,828000,1.0,total_received
fd00::20a:a:a:a,838,838000,839000,1.0,total_received
fd00::20a:a:a:a,848,848000,849000,1.0,total_received
fd00::20a:a:a:a,858,858000,859000,1.0,total_received
fd00::20a:a:a:a,868,868000,869000,1.0,total_received
fd00::20a:a:a:a,879,879000,880000,1.0,total_received
fd00::20a:a:a:a,889,889000,890000,1.0,total_received
fd00::20a:a:a:a,899,899000,900000,1.0,total_received
fd00::20a:a:a:a,909,909000,910000,1.0,total_received
fd00::20a:a:a:a,919,919000,920000,1.0,total_received
fd00::20a:a:a:a,930,930000,931000,1.0,total_received
fd00::20a:a:a:a,940,940000,941000,1.0,total_received
fd00::20a:a:a:a,950,950000,951000,2.0,total_received
fd00::20a:a:a:a,960,960000,961000,1.0,total_received
fd00::20a:a:a:a,971,971000,972000,1.0,total_received
fd00::20a:a:a:a,981,981000,982000,1.0,total_received
fd00::20a:a:a:a,991,991000,992000,1.0,total_received
fd00::20a:a:a:a,1001,1001000,1002000,1.0,total_received
fd00::20a:a:a:a,1011,1011000,1012000,1.0,total_received
fd00::20a:a:a:a,1022,1022000,1023000,1.0,total_received
fd00::20a:a:a:a,1032,1032000,1033000,1.0,total_received
fd00::20a:a:a:a,1042,1042000,1043000,1.0,total_received
fd00::20a:a:a:a,1052,1052000,1053000,1.0,total_received
fd00::20a:a:a:a,1063,1063000,1064000,1.0,total_received
fd00::20a:a:a:a,1073,1073000,1074000,1.0,total_received
fd00::20a:a:a:a,1083,1083000,1084000,1.0,total_received
fd00::20a:a:a:a,1093,1093000,1094000,1.0,total_received
fd00::20a:a:a:a,1103,1103000,1104000,1.0,total_received
fd00::20a:a:a:a,1114,1114000,1115000,1.0,total_received
fd00::20a:a:a:a,1124,1124000,1125000,1.0,total_received
fd00::20a:a:a:a,1134,1134000,1135000,1.0,total_received
fd00::20a:a:a:a,1144,1144000,1145000,1.0,total_received
fd00::20a:a:a:a,1154,1154000,1155000,1.0,total_received
fd00::20a:a:a:a,1165,1165000,1166000,1.0,total_received
fd00::20a:a:a:a,1175,1175000,1176000,1.0,total_received
fd00::20a:a:a:a,1185,1185000,1186000,1.0,total_received
fd00::20a:a:a:a,1195,1195000,1196000,1.0,total_received
fd00::20a:a:a:a,1206,1206000,1207000,1.0,total_received
fd00::20a:a:a:a,1216,1216000,1217000,1.0,total_received
fd00::20a:a:a:a,1226,1226000,1227000,1.0,total_received
fd00::20a:a:a:a,1236,1236000,1237000,1.0,total_received
fd00::20a:a:a:a,1246,1246000,1247000,1.0,total_received
fd00::20a:a:a:a,1257,1257000,1258000,1.0,total_received
fd00::20a:a:a:a,1267,1267000,1268000,1.0,total_received
fd00::20a:a:a:a,1277,1277000,1278000,1.0,total_received
fd00::20a:a:a:a,1287,1287000,1288000,1.0,total_received
fd00::20a:a:a:a,1298,1298000,1299000,1.0,total_received
fd00::20a:a:a:a,1308,1308000,1309000,1.0,total_received
fd00::20a:a:a:a,1318,1318000,1319000,1.0,total_received
fd00::20a:a:a:a,1328,1328000,1329000,1.0,total_received
fd00::20a:a:a:a,1338,1338000,1339000,1.0,total_received
fd00::20a:a:a:a,1349,1349000,1350000,1.0,total_received
fd00::20a:a:a:a,1359,1359000,1360000,0.0,total_received
fd00::20a:a:a:a,1369,1369000,1370000,1.0,total_received
fd00::20a:a:a:a,1379,1379000,1380000,1.0,total_received
fd00::20a:a:a:a,1390,1390000,1391000,1.0,total_received
fd00::20a:a:a:a,1400,1400000,1401000,1.0,total_received
fd00::20a:a:a:a,1410,1410000,1411000,2.0,total_received
fd00::20a:a:a:a,1420,1420000,1421000,1.0,total_received
fd00::20a:a:a:a,1430,1430000,1431000,1.0,total_received
fd00::20a:a:a:a,1441,1441000,1442000,1.0,total_received
fd00::20a:a:a:a,1451,1451000,1452000,1.0,total_received
fd00::20a:a:a:a,1461,1461000,1462000,1.0,total_received
fd00::20a:a:a:a,1471,1471000,1472000,1.0,total_received
fd00::20a:a:a:a,1482,1482000,1483000,1.0,total_received
fd00::20a:a:a:a,1492,1492000,1493000,1.0,total_received
fd00::20a:a:a:a,1502,1502000,1503000,1.0,total_received
fd00::20a:a:a:a,1512,1512000,1513000,1.0,total_received
fd00::20a:a:a:a,1522,1522000,1523000,1.0,total_received
fd00::20a:a:a:a,1533,1533000,1534000,1.0,total_received
fd00::20a:a:a:a,1543,1543000,1544000,1.0,total_received
fd00::20a:a:a:a,1553,1553000,1554000,1.0,total_received
fd00::20a:a:a:a,1563,1563000,1564000,1.0,total_received
fd00::20a:a:a:a,1573,1573000,1574000,1.0,total_received
fd00::20a:a:a:a,1584,1584000,1585000,1.0,total_received
fd00::20a:a:a:a,1594,1594000,1595000,1.0,total_received
fd00::20a:a:a:a,1604,1604000,1605000,1.0,total_received
fd00::20a:a:a:a,1614,1614000,1615000,1.0,total_received
fd00::20a:a:a:a,1625,1625000,1626000,1.0,total_received
fd00::20a:a:a:a,1635,1635000,1636000,1.0,total_received
fd00::20a:a:a:a,1645,1645000,1646000,1.0,total_received
fd00::20a:a:a:a,1655,1655000,1656000,1.0,total_received
fd00::20a:a:a:a,1665,1665000,1666000,1.0,total_received
fd00::20a:a:a:a,1676,1676000,1677000,1.0,total_received
fd00::20a:a:a:a,1686,1686000,1687000,1.0,total_received
fd00::20a:a:a:a,1696,1696000,1697000,1.0,total_received
fd00::20a:a:a:a,1706,1706000,1707000,1.0,total_received
fd00::20a:a:a:a,1717,1717000,1718000,1.0,total_received
fd00::20a:a:a:a,1727,1727000,1728000,1.0,total_received
fd00::20a:a:a:a,1737,1737000,1738000,1.0,total_received
fd00::20a:a:a:a,1747,1747000,1748000,1.0,total_received
fd00::20a:a:a:a,1757,1757000,1758000,1.0,total_received
fd00::20a:a:a:a,1768,1768000,1769000,1.0,total_received
fd00::20a:a:a:a,1778,1778000,1779000,1.0,total_received
fd00::20a:a:a:a,1788,1788000,1789000,1.0,total_received
fd00::20a:a:a:a,1798,1798000,1799000,1.0,total_received
fd00::20a:a:a:a,1809,1809000,1810000,1.0,total_received
fd00::20a:a:a:a,1819,1819000,1820000,1.0,total_received
fd00::20a:a:a:a,1829,1829000,1830000,1.0,total_received
fd00::20a:a:a:a,1839,1839000,1840000,1.0,total_received
fd00::20a:a:a:a,1849,1849000,1850000,1.0,total_received
fd00::20a:a:a:a,1860,1860000,1861000,1.0,total_received
fd00::20a:a:a:a,1870,1870000,1871000,2.0,total_received
fd00::20a:a:a:a,1880,1880000,1881000,1.0,total_received
fd00::20a:a:a:a,1890,1890000,1891000,1.0,total_received
fd00::20a:a:a:a,1901,1901000,1902000,1.0,total_received
fd00::20a:a:a:a,1911,1911000,1912000,1.0,total_received
fd00::20a:a:a:a,1921,1921000,1922000,1.0,total_received
fd00::20a:a:a:a,1931,1931000,1932000,1.0,total_received
fd00::20a:a:a:a,1941,1941000,1942000,1.0,total_received
fd00::20a:a:a:a,1952,1952000,1953000,1.0,total_received
fd00::20a:a:a:a,1962,1962000,1963000,1.0,total_received
fd00::20a:a:a:a,1972,1972000,1973000,1.0,total_received
fd00::20a:a:a:a,1982,1982000,1983000,1.0,total_received
fd00::20a:a:a:a,1992,1992000,1993000,1.0,total_received
fd00::20a:a:a:a,2003,2003000,2004000,1.0,total_received
fd00::20a:a:a:a,2013,2013000,2014000,1.0,total_received
fd00::20a:a:a:a,2023,2023000,2024000,1.0,total_received
fd00::20a:a:a:a,2033,2033000,2034000,1.0,total_received
fd00::20a:a:a:a,2044,2044000,2045000,1.0,total_received
fd00::20a:a:a:a,2054,2054000,2055000,1.0,total_received
fd00::20a:a:a:a,2064,2064000,2065000,1.0,total_received
fd00::20a:a:a:a,2074,2074000,2075000,1.0,total_received
fd00::20a:a:a:a,2084,2084000,2085000,1.0,total_received
fd00::20a:a:a:a,2095,2095000,2096000,1.0,total_received
fd00::20a:a:a:a,2105,2105000,2106000,1.0,total_received
fd00::20a:a:a:a,2115,2115000,2116000,1.0,total_received
fd00::20a:a:a:a,2125,2125000,2126000,1.0,total_received
fd00::20a:a:a:a,2136,2136000,2137000,1.0,total_received
fd00::20a:a:a:a,2146,2146000,2147000,1.0,total_received
fd00::20a:a:a:a,2156,2156000,2157000,1.0,total_received
fd00::20a:a:a:a,2166,2166000,2167000,1.0,total_received
fd00::20a:a:a:a,2176,2176000,2177000,1.0,total_received
fd00::20a:a:a:a,2187,2187000,2188000,1.0,total_received
fd00::20a:a:a:a,2197,2197000,2198000,1.0,total_received
fd00::20a:a:a:a,2207,2207000,2208000,1.0,total_received
fd00::20a:a:a:a,2217,2217000,2218000,1.0,total_received
fd00::20a:a:a:a,2227,2227000,2228000,1.0,total_received
fd00::20a:a:a:a,2238,2238000,2239000,1.0,total_received
fd00::20a:a:a:a,2248,2248000,2249000,1.0,total_received
fd00::20a:a:a:a,2258,2258000,2259000,1.0,total_received
fd00::20a:a:a:a,2268,2268000,2269000,1.0,total_received
fd00::20a:a:a:a,2279,2279000,2280000,1.0,total_received
fd00::20a:a:a:a,2289,2289000,2290000,1.0,total_received
fd00::20a:a:a:a,2299,2299000,2300000,1.0,total_received
fd00::20a:a:a:a,2309,2309000,2310000,1.0,total_received
fd00::20a:a:a:a,2319,2319000,2320000,1.0,total_received
fd00::20a:a:a:a,2330,2330000,2331000,1.0,total_received
fd00::20a:a:a:a,2340,2340000,2341000,2.0,total_received
fd00::20a:a:a:a,2350,2350000,2351000,1.0,total_received
fd00::20a:a:a:a,2360,2360000,2361000,1.0,total_received
fd00::20a:a:a:a,2371,2371000,2372000,1.0,total_received
fd00::20a:a:a:a,2381,2381000,2382000,1.0,total_received
fd00::20a:a:a:a,2391,2391000,2392000,1.0,total_received
fd00::20a:a:a:a,2401,2401000,2402000,1.0,total_received
fd00::20a:a:a:a,2411,2411000,2412000,1.0,total_received
fd00::20a:a:a:a,2422,2422000,2423000,1.0,total_received
fd00::20a:a:a:a,2432,2432000,2433000,1.0,total_received
fd00::20a:a:a:a,2442,2442000,2443000,1.0,total_received
fd00::20a:a:a:a,2452,2452000,2453000,1.0,total_received
fd00::20a:a:a:a,2463,2463000,2464000,1.0,total_received
fd00::20a:a:a:a,2473,2473000,2474000,1.0,total_received
fd00::20a:a:a:a,2483,2483000,2484000,1.0,total_received
fd00::20a:a:a:a,2493,2493000,2494000,1.0,total_received
fd00::20a:a:a:a,2503,2503000,2504000,1.0,total_received
fd00::20a:a:a:a,2514,2514000,2515000,1.0,total_received
fd00::20a:a:a:a,2524,2524000,2525000,1.0,total_received
fd00::20a:a:a:a,2534,2534000,2535000,1.0,total_received
fd00::20a:a:a:a,2544,2544000,2545000,1.0,total_received
fd00::20a:a:a:a,2555,2555000,2556000,1.0,total_received
fd00::20a:a:a:a,2565,2565000,2566000,1.0,total_received
fd00::20a:a:a:a,2575,2575000,2576000,1.0,total_received
fd00::20a:a:a:a,2585,2585000,2586000,1.0,total_received
fd00::20a:a:a:a,2595,2595000,2596000,1.0,total_received
fd00::20a:a:a:a,2606,2606000,2607000,1.0,total_received
fd00::20a:a:a:a,2616,2616000,2617000,1.0,total_received
fd00::20a:a:a:a,2626,2626000,2627000,1.0,total_received
fd00::20a:a:a:a,2636,2636000,2637000,1.0,total_received
fd00::20a:a:a:a,2646,2646000,2647000,1.0,total_received
fd00::20a:a:a:a,2657,2657000,2658000,1.0,total_received
fd00::20a:a:a:a,2667,2667000,2668000,1.0,total_received
fd00::20a:a:a:a,2677,2677000,2678000,1.0,total_received
fd00::20a:a:a:a,2687,2687000,2688000,1.0,total_received
fd00::20a:a:a:a,2698,2698000,2699000,1.0,total_received
fd00::20a:a:a:a,2708,2708000,2709000,1.0,total_received
fd00::20a:a:a:a,2718,2718000,2719000,1.0,total_received
fd00::20a:a:a:a,2728,2728000,2729000,1.0,total_received
fd00::20a:a:a:a,2738,2738000,2739000,1.0,total_received
fd00::20a:a:a:a,2749,2749000,2750000,1.0,total_received
fd00::20a:a:a:a,2759,2759000,2760000,1.0,total_received
fd00::20a:a:a:a,2769,2769000,2770000,1.0,total_received
fd00::20a:a:a:a,2779,2779000,2780000,1.0,total_received
fd00::20a:a:a:a,2790,2790000,2791000,1.0,total_received
fd00::20a:a:a:a,2800,2800000,2801000,1.0,total_received
fd00::20a:a:a:a,2810,2810000,2811000,2.0,total_received
fd00::20a:a:a:a,2820,2820000,2821000,1.0,total_received
fd00::20a:a:a:a,2830,2830000,2831000,1.0,total_received
fd00::20a:a:a:a,2841,2841000,2842000,1.0,total_received
fd00::20a:a:a:a,2851,2851000,2852000,1.0,total_received
fd00::20a:a:a:a,2861,2861000,2862000,1.0,total_received
fd00::20a:a:a:a,2871,2871000,2872000,1.0,total_received
fd00::20a:a:a:a,2882,2882000,2883000,1.0,total_received
fd00::20a:a:a:a,2892,2892000,2893000,1.0,total_received
fd00::20a:a:a:a,2902,2902000,2903000,1.0,total_received
fd00::20a:a:a:a,2912,2912000,2913000,1.0,total_received
fd00::20a:a:a:a,2922,2922000,2923000,1.0,total_received
fd00::20a:a:a:a,2933,2933000,2934000,1.0,total_received
fd00::20a:a:a:a,2943,2943000,2944000,1.0,total_received
fd00::20a:a:a:a,2953,2953000,2954000,1.0,total_received
fd00::20a:a:a:a,2963,2963000,2964000,1.0,total_received
fd00::20a:a:a:a,2974,2974000,2975000,1.0,total_received
fd00::20a:a:a:a,2984,2984000,2985000,1.0,total_received
fd00::20a:a:a:a,2994,2994000,2995000,1.0,total_received
fd00::20a:a:a:a,3004,3004000,3005000,1.0,total_received
fd00::20a:a:a:a,3014,3014000,3015000,1.0,total_received
fd00::20a:a:a:a,3025,3025000,3026000,1.0,total_received
fd00::20a:a:a:a,3035,3035000,3036000,1.0,total_received
fd00::20a:a:a:a,3045,3045000,3046000,1.0,total_received
fd00::20a:a:a:a,3055,3055000,3056000,1.0,total_received
fd00::20a:a:a:a,3066,3066000,3067000,1.0,total_received
fd00::20a:a:a:a,3076,3076000,3077000,1.0,total_received
fd00::20a:a:a:a,3086,3086000,3087000,1.0,total_received
fd00::20a:a:a:a,3096,3096000,3097000,1.0,total_received
fd00::20a:a:a:a,3106,3106000,3107000,1.0,total_received
fd00::20a:a:a:a,3117,3117000,3118000,1.0,total_received
fd00::20a:a:a:a,3127,3127000,3128000,1.0,total_received
fd00::20a:a:a:a,3137,3137000,3138000,1.0,total_received
fd00::20a:a:a:a,3147,3147000,3148000,1.0,total_received
fd00::20a:a:a:a,3157,3157000,3158000,1.0,total_received
fd00::20a:a:a:a,3168,3168000,3169000,1.0,total_received
fd00::20a:a:a:a,3178,3178000,3179000,1.0,total_received
fd00::20a:a:a:a,3188,3188000,3189000,1.0,total_received
fd00::20a:a:a:a,3198,3198000,3199000,1.0,total_received
fd00::20a:a:a:a,3209,3209000,3210000,1.0,total_received
fd00::20a:a:a:a,3219,3219000,3220000,1.0,total_received
fd00::20a:a:a:a,3229,3229000,3230000,1.0,total_received
fd00::20a:a:a:a,3239,3239000,3240000,1.0,total_received
fd00::20a:a:a:a,3249,3249000,3250000,1.0,total_received
fd00::20a:a:a:a,3260,3260000,3261000,1.0,total_received
fd00::20a:a:a:a,3270,3270000,3271000,1.0,total_received
fd00::20a:a:a:a,3280,3280000,3281000,2.0,total_received
fd00::20a:a:a:a,3290,3290000,3291000,1.0,total_received
fd00::20a:a:a:a,3300,3300000,3301000,1.0,total_received
fd00::20a:a:a:a,3311,3311000,3312000,1.0,total_received
fd00::20a:a:a:a,3321,3321000,3322000,1.0,total_received
fd00::20a:a:a:a,3331,3331000,3332000,1.0,total_received
fd00::20a:a:a:a,3341,3341000,3342000,1.0,total_received
fd00::20a:a:a:a,3352,3352000,3353000,1.0,total_received
fd00::20a:a:a:a,3362,3362000,3363000,1.0,total_received
fd00::20a:a:a:a,3372,3372000,3373000,1.0,total_received
fd00::20a:a:a:a,3382,3382000,3383000,1.0,total_received
fd00::20a:a:a:a,3392,3392000,3393000,1.0,total_received
fd00::20a:a:a:a,3403,3403000,3404000,1.0,total_received
fd00::20a:a:a:a,3413,3413000,3414000,1.0,total_received
fd00::20a:a:a:a,3423,3423000,3424000,1.0,total_received
fd00::20a:a:a:a,3433,3433000,3434000,1.0,total_received
fd00::20a:a:a:a,3444,3444000,3445000,1.0,total_received
fd00::20a:a:a:a,3454,3454000,3455000,1.0,total_received
fd00::20a:a:a:a,3464,3464000,3465000,1.0,total_received
fd00::20a:a:a:a,3474,3474000,3475000,1.0,total_received
fd00::20a:a:a:a,3484,3484000,3485000,1.0,total_received
fd00::20a:a:a:a,3495,3495000,3496000,1.0,total_received
fd00::20a:a:a:a,3505,3505000,3506000,1.0,total_received
fd00::20a:a:a:a,3515,3515000,3516000,1.0,total_received
fd00::20a:a:a:a,3525,3525000,3526000,1.0,total_received
fd00::20a:a:a:a,3536,3536000,3537000,1.0,total_received
fd00::20a:a:a:a,3546,3546000,3547000,1.0,total_received
fd00::20a:a:a:a,3556,3556000,3557000,1.0,total_received
fd00::20a:a:a:a,3566,3566000,3567000,1.0,total_received
fd00::20a:a:a:a,3576,3576000,3577000,1.0,total_received
fd00::20a:a:a:a,3587,3587000,3588000,1.0,total_received
fd00::20a:a:a:a,3597,3597000,3598000,1.0,total_received
fd00::20b:b:b:b,52,52000,53000,0.0,total_received
fd00::20b:b:b:b,63,63000,64000,1.0,total_received
fd00::20b:b:b:b,74,74000,75000,1.0,total_received
fd00::20b:b:b:b,84,84000,85000,1.0,total_received
fd00::20b:b:b:b,95,95000,96000,1.0,total_received
fd00::20b:b:b:b,106,106000,107000,1.0,total_received
fd00::20b:b:b:b,116,116000,117000,1.0,total_received
fd00::20b:b:b:b,127,127000,128000,1.0,total_received
fd00::20b:b:b:b,137,137000,138000,1.0,total_received
fd00::20b:b:b:b,148,148000,149000,1.0,total_received
fd00::20b:b:b:b,159,159000,160000,1.0,total_received
fd00::20b:b:b:b,169,169000,170000,1.0,total_received
fd00::20b:b:b:b,180,180000,181000,1.0,total_received
fd00::20b:b:b:b,190,190000,191000,2.0,total_received
fd00::20b:b:b:b,201,201000,202000,1.0,total_received
fd00::20b:b:b:b,212,212000,213000,1.0,total_received
fd00::20b:b:b:b,222,222000,223000,1.0,total_received
fd00::20b:b:b:b,233,233000,234000,1.0,total_received
fd00::20b:b:b:b,243,243000,244000,1.0,total_received
fd00::20b:b:b:b,254,254000,255000,1.0,total_received
fd00::20b:b:b:b,265,265000,266000,1.0,total_received
fd00::20b:b:b:b,275,275000,276000,1.0,total_received
fd00::20b:b:b:b,286,286000,287000,1.0,total_received
fd00::20b:b:b:b,296,296000,297000,1.0,total_received
fd00::20b:b:b:b,307,307000,308000,1.0,total_received
fd00::20b:b:b:b,318,318000,319000,1.0,total_received
fd00::20b:b:b:b,328,328000,329000,1.0,total_received
fd00::20b:b:b:b,339,339000,340000,1.0,total_received
fd00::20b:b:b:b,350,350000,351000,1.0,total_received
fd00::20b:b:b:b,360,360000,361000,2.0,total_received
fd00::20b:b:b:b,371,371000,372000,1.0,total_received
fd00::20b:b:b:b,381,381000,382000,1.0,total_received
fd00::20b:b:b:b,392,392000,393000,1.0,total_received
fd00::20b:b:b:b,403,403000,404000,1.0,total_received
fd00::20b:b:b:b,413,413000,414000,1.0,total_received
fd00::20b:b:b:b,424,424000,425000,1.0,total_received
fd00::20b:b:b:b,434,434000,435000,1.0,total_received
fd00::20b:b:b:b,445,445000,446000,1.0,total_received
fd00::20b:b:b:b,456,456000,457000,1.0,total_received
fd00::20b:b:b:b,466,466000,467000,1.0,total_received
fd00::20b:b:b:b,477,477000,478000,1.0,total_received
fd00::20b:b:b:b,487,487000,488000,1.0,total_received
fd00::20b:b:b:b,498,498000,499000,1.0,total_received
fd00::20b:b:b:b,509,509000,510000,1.0,total_received
fd00::20b:b:b:b,519,519000,520000,1.0,total_received
fd00::20b:b:b:b,530,530000,531000,1.0,total_received
fd00::20b:b:b:b,540,540000,541000,2.0,total_received
fd00::20b:b:b:b,551,551000,552000,1.0,total_received
fd00::20b:b:b:b,562,562000,563000,1.0,total_received
fd00::20b:b:b:b,572,572000,573000,1.0,total_received
fd00::20b:b:b:b,583,583000,584000,1.0,total_received
fd00::20b:b:b:b,594,594000,595000,1.0,total_received
fd00::20b:b:b:b,604,604000,605000,1.0,total_received
fd00::20b:b:b:b,615,615000,616000,1.0,total_received
fd00::20b:b:b:b,625,625000,626000,1.0,total_received
fd00::20b:b:b:b,636,636000,637000,1.0,total_received
fd00::20b:b:b:b,647,647000,648000,1.0,total_received
fd00::20b:b:b:b,657,657000,658000,1.0,total_received
fd00::20b:b:b:b,668,668000,669000,1.0,total_received
fd00::20b:b:b:b,678,678000,679000,1.0,total_received
fd00::20b:b:b:b,689,689000,690000,1.0,total_received
fd00::20b:b:b:b,700,700000,701000,1.0,total_received
fd00::20b:b:b:b,710,710000,711000,2.0,total_received
fd00::20b:b:b:b,721,721000,722000,1.0,total_received
fd00::20b:b:b:b,731,731000,732000,1.0,total_received
fd00::20b:b:b:b,742,742000,743000,1.0,total_received
fd00::20b:b:b:b,753,753000,754000,1.0,total_received
fd00::20b:b:b:b,763,763000,764000,1.0,total_received
fd00::20b:b:b:b,774,774000,775000,1.0,total_received
fd00::20b:b:b:b,784,784000,785000,1.0,total_received
fd00::20b:b:b:b,795,795000,796000,1.0,total_received
fd00::20b:b:b:b,806,806000,807000,1.0,total_received
fd00::20b:b:b:b,816,816000,817000,1.0,total_received
fd00::20b:b:b:b,827,827000,828000,1.0,total_received
fd00::20b:b:b:b,838,838000,839000,1.0,total_received
fd00::20b:b:b:b,848,848000,849000,1.0,total_received
fd00::20b:b:b:b,859,859000,860000,1.0,total_received
fd00::20b:b:b:b,869,869000,870000,1.0,total_received
fd00::20b:b:b:b,880,880000,881000,1.0,total_received
fd00::20b:b:b:b,891,891000,892000,1.0,total_received
fd00::20b:b:b:b,901,901000,902000,1.0,total_received
fd00::20b:b:b:b,912,912000,913000,1.0,total_received
fd00::20b:b:b:b,922,922000,923000,1.0,total_received
fd00::20b:b:b:b,933,933000,934000,1.0,total_received
fd00::20b:b:b:b,944,944000,945000,1.0,total_received
fd00::20b:b:b:b,954,954000,955000,1.0,total_received
fd00::20b:b:b:b,965,965000,966000,1.0,total_received
fd00::20b:b:b:b,975,975000,976000,1.0,total_received
fd00::20b:b:b:b,986,986000,987000,1.0,total_received
fd00::20b:b:b:b,997,997000,998000,1.0,total_received
fd00::20b:b:b:b,1007,1007000,1008000,1.0,total_received
fd00::20b:b:b:b,1018,1018000,1019000,1.0,total_received
fd00::20b:b:b:b,1029,1029000,1030000,1.0,total_received
fd00::20b:b:b:b,1039,1039000,1040000,1.0,total_received
fd00::20b:b:b:b,1050,1050000,1051000,1.0,total_received
fd00::20b:b:b:b,1060,1060000,1061000,2.0,total_received
fd00::20b:b:b:b,1071,1071000,1072000,1.0,total_received
fd00::20b:b:b:b,1082,1082000,1083000,1.0,total_received
fd00::20b:b:b:b,1092,1092000,1093000,1.0,total_received
fd00::20b:b:b:b,1103,1103000,1104000,1.0,total_received
fd00::20b:b:b:b,1113,1113000,1114000,1.0,total_received
fd00::20b:b:b:b,1124,1124000,1125000,1.0,total_received
fd00::20b:b:b:b,1135,1135000,1136000,1.0,total_received
fd00::20b:b:b:b,1145,1145000,1146000,1.0,total_received
fd00::20b:b:b:b,1156,1156000,1157000,1.0,total_received
fd00::20b:b:b:b,1166,1166000,1167000,1.0,total_received
fd00::20b:b:b:b,1177,1177000,1178000,1.0,total_received
fd00::20b:b:b:b,1188,1188000,1189000,1.0,total_received
fd00::20b:b:b:b,1198,1198000,1199000,1.0,total_received
fd00::20b:b:b:b,1209,1209000,1210000,1.0,total_received
fd00::20b:b:b:b,1219,1219000,1220000,1.0,total_received
fd00::20b:b:b:b,1230,1230000,1231000,2.0,total_received
fd00::20b:b:b:b,1241,1241000,1242000,1.0,total_received
fd00::20b:b:b:b,1251,1251000,1252000,1.0,total_received
fd00::20b:b:b:b,1262,1262000,1263000,1.0,total_received
fd00::20b:b:b:b,1273,1273000,1274000,1.0,total_received
fd00::20b:b:b:b,1283,1283000,1284000,1.0,total_received
fd00::20b:b:b:b,1294,1294000,1295000,1.0,total_received
fd00::20b:b:b:b,1304,1304000,1305000,1.0,total_received
fd00::20b:b:b:b,1315,1315000,1316000,1.0,total_received
fd00::20b:b:b:b,1326,1326000,1327000,1.0,total_received
fd00::20b:b:b:b,1336,1336000,1337000,1.0,total_received
fd00::20b:b:b:b,1347,1347000,1348000,1.0,total_received
fd00::20b:b:b:b,1357,1357000,1358000,1.0,total_received
fd00::20b:b:b:b,1368,1368000,1369000,1.0,total_received
fd00::20b:b:b:b,1379,1379000,1380000,1.0,total_received
fd00::20b:b:b:b,1389,1389000,1390000,1.0,total_received
fd00::20b:b:b:b,1400,1400000,1401000,1.0,total_received
fd00::20b:b:b:b,1410,1410000,1411000,2.0,total_received
fd00::20b:b:b:b,1421,1421000,1422000,1.0,total_received
fd00::20b:b:b:b,1432,1432000,1433000,1.0,total_received
fd00::20b:b:b:b,1442,1442000,1443000,1.0,total_received
fd00::20b:b:b:b,1453,1453000,1454000,1.0,total_received
fd00::20b:b:b:b,1463,1463000,1464000,1.0,total_received
fd00::20b:b:b:b,1474,1474000,1475000,1.0,total_received
fd00::20b:b:b:b,1485,1485000,1486000,1.0,total_received
fd00::20b:b:b:b,1495,1495000,1496000,1.0,total_received
fd00::20b:b:b:b,1506,1506000,1507000,1.0,total_received
fd00::20b:b:b:b,1516,1516000,1517000,1.0,total_received
fd00::20b:b:b:b,1527,1527000,1528000,1.0,total_received
fd00::20b:b:b:b,1538,1538000,1539000,0.0,total_received
fd00::20b:b:b:b,1548,1548000,1549000,1.0,total_received
fd00::20b:b:b:b,1559,1559000,1560000,1.0,total_received
fd00::20b:b:b:b,1569,1569000,1570000,1.0,total_received
fd00::20b:b:b:b,1580,1580000,1581000,2.0,total_received
fd00::20b:b:b:b,1591,1591000,1592000,1.0,total_received
fd00::20b:b:b:b,1601,1601000,1602000,1.0,total_received
fd00::20b:b:b:b,1612,1612000,1613000,1.0,total_received
fd00::20b:b:b:b,1623,1623000,1624000,1.0,total_received
fd00::20b:b:b:b,1633,1633000,1634000,1.0,total_received
fd00::20b:b:b:b,1644,1644000,1645000,1.0,total_received
fd00::20b:b:b:b,1654,1654000,1655000,1.0,total_received
fd00::20b:b:b:b,1665,1665000,1666000,1.0,total_received
fd00::20b:b:b:b,1676,1676000,1677000,1.0,total_received
fd00::20b:b:b:b,1686,1686000,1687000,1.0,total_received
fd00::20b:b:b:b,1697,1697000,1698000,1.0,total_received
fd00::20b:b:b:b,1707,1707000,1708000,1.0,total_received
fd00::20b:b:b:b,1718,1718000,1719000,1.0,total_received
fd00::20b:b:b:b,1729,1729000,1730000,1.0,total_received
fd00::20b:b:b:b,1739,1739000,1740000,1.0,total_received
fd00::20b:b:b:b,1750,1750000,1751000,2.0,total_received
fd00::20b:b:b:b,1760,1760000,1761000,1.0,total_received
fd00::20b:b:b:b,1771,1771000,1772000,1.0,total_received
fd00::20b:b:b:b,1782,1782000,1783000,1.0,total_received
fd00::20b:b:b:b,1792,1792000,1793000,1.0,total_received
fd00::20b:b:b:b,1803,1803000,1804000,1.0,total_received
fd00::20b:b:b:b,1814,1814000,1815000,1.0,total_received
fd00::20b:b:b:b,1824,1824000,1825000,0.0,total_received
fd00::20b:b:b:b,1835,1835000,1836000,0.0,total_received
fd00::20b:b:b:b,1845,1845000,1846000,1.0,total_received
fd00::20b:b:b:b,1856,1856000,1857000,1.0,total_received
fd00::20b:b:b:b,1867,1867000,1868000,1.0,total_received
fd00::20b:b:b:b,1877,1877000,1878000,1.0,total_received
fd00::20b:b:b:b,1888,1888000,1889000,1.0,total_received
fd00::20b:b:b:b,1898,1898000,1899000,0.0,total_received
fd00::20b:b:b:b,1909,1909000,1910000,1.0,total_received
fd00::20b:b:b:b,1920,1920000,1921000,1.0,total_received
fd00::20b:b:b:b,1930,1930000,1931000,2.0,total_received
fd00::20b:b:b:b,1941,1941000,1942000,1.0,total_received
fd00::20b:b:b:b,1951,1951000,1952000,1.0,total_received
fd00::20b:b:b:b,1962,1962000,1963000,1.0,total_received
fd00::20b:b:b:b,1973,1973000,1974000,1.0,total_received
fd00::20b:b:b:b,1983,1983000,1984000,1.0,total_received
fd00::20b:b:b:b,1994,1994000,1995000,1.0,total_received
fd00::20b:b:b:b,2005,2005000,2006000,1.0,total_received
fd00::20b:b:b:b,2015,2015000,2016000,1.0,total_received
fd00::20b:b:b:b,2026,2026000,2027000,1.0,total_received
fd00::20b:b:b:b,2036,2036000,2037000,1.0,total_received
fd00::20b:b:b:b,2047,2047000,2048000,1.0,total_received
fd00::20b:b:b:b,2058,2058000,2059000,1.0,total_received
fd00::20b:b:b:b,2068,2068000,2069000,1.0,total_received
fd00::20b:b:b:b,2079,2079000,2080000,1.0,total_received
fd00::20b:b:b:b,2089,2089000,2090000,1.0,total_received
fd00::20b:b:b:b,2100,2100000,2101000,2.0,total_received
fd00::20b:b:b:b,2111,2111000,2112000,0.0,total_received
fd00::20b:b:b:b,2121,2121000,2122000,1.0,total_received
fd00::20b:b:b:b,2132,2132000,2133000,1.0,total_received
fd00::20b:b:b:b,2142,2142000,2143000,1.0,total_received
fd00::20b:b:b:b,2153,2153000,2154000,0.0,total_received
fd00::20b:b:b:b,2164,2164000,2165000,1.0,total_received
fd00::20b:b:b:b,2174,2174000,2175000,1.0,total_received
fd00::20b:b:b:b,2185,2185000,2186000,1.0,total_received
fd00::20b:b:b:b,2195,2195000,2196000,0.0,total_received
fd00::20b:b:b:b,2206,2206000,2207000,0.0,total_received
fd00::20b:b:b:b,2217,2217000,2218000,1.0,total_received
fd00::20b:b:b:b,2227,2227000,2228000,1.0,total_received
fd00::20b:b:b:b,2238,2238000,2239000,1.0,total_received
fd00::20b:b:b:b,2249,2249000,2250000,1.0,total_received
fd00::20b:b:b:b,2259,2259000,2260000,1.0,total_received
fd00::20b:b:b:b,2270,2270000,2271000,1.0,total_received
fd00::20b:b:b:b,2280,2280000,2281000,2.0,total_received
fd00::20b:b:b:b,2291,2291000,2292000,1.0,total_received
fd00::20b:b:b:b,2302,2302000,2303000,1.0,total_received
fd00::20b:b:b:b,2312,2312000,2313000,1.0,total_received
fd00::20b:b:b:b,2323,2323000,2324000,1.0,total_received
fd00::20b:b:b:b,2333,2333000,2334000,1.0,total_received
fd00::20b:b:b:b,2344,2344000,2345000,1.0,total_received
fd00::20b:b:b:b,2355,2355000,2356000,1.0,total_received
fd00::20b:b:b:b,2365,2365000,2366000,1.0,total_received
fd00::20b:b:b:b,2376,2376000,2377000,1.0,total_received
fd00::20b:b:b:b,2386,2386000,2387000,1.0,total_received
fd00::20b:b:b:b,2397,2397000,2398000,1.0,total_received
fd00::20b:b:b:b,2408,2408000,2409000,1.0,total_received
fd00::20b:b:b:b,2418,2418000,2419000,1.0,total_received
fd00::20b:b:b:b,2429,2429000,2430000,1.0,total_received
fd00::20b:b:b:b,2439,2439000,2440000,1.0,total_received
fd00::20b:b:b:b,2450,2450000,2451000,2.0,total_received
fd00::20b:b:b:b,2461,2461000,2462000,1.0,total_received
fd00::20b:b:b:b,2471,2471000,2472000,1.0,total_received
fd00::20b:b:b:b,2482,2482000,2483000,1.0,total_received
fd00::20b:b:b:b,2493,2493000,2494000,1.0,total_received
fd00::20b:b:b:b,2503,2503000,2504000,1.0,total_received
fd00::20b:b:b:b,2514,2514000,2515000,1.0,total_received
fd00::20b:b:b:b,2524,2524000,2525000,1.0,total_received
fd00::20b:b:b:b,2535,2535000,2536000,1.0,total_received
fd00::20b:b:b:b,2546,2546000,2547000,1.0,total_received
fd00::20b:b:b:b,2556,2556000,2557000,1.0,total_received
fd00::20b:b:b:b,2567,2567000,2568000,1.0,total_received
fd00::20b:b:b:b,2577,2577000,2578000,1.0,total_received
fd00::20b:b:b:b,2588,2588000,2589000,1.0,total_received
fd00::20b:b:b:b,2599,2599000,2600000,1.0,total_received
fd00::20b:b:b:b,2609,2609000,2610000,1.0,total_received
fd00::20b:b:b:b,2620,2620000,2621000,2.0,total_received
fd00::20b:b:b:b,2630,2630000,2631000,1.0,total_received
fd00::20b:b:b:b,2641,2641000,2642000,1.0,total_received
fd00::20b:b:b:b,2652,2652000,2653000,1.0,total_received
fd00::20b:b:b:b,2662,2662000,2663000,1.0,total_received
fd00::20b:b:b:b,2673,2673000,2674000,1.0,total_received
fd00::20b:b:b:b,2684,2684000,2685000,1.0,total_received
fd00::20b:b:b:b,2694,2694000,2695000,1.0,total_received
fd00::20b:b:b:b,2705,2705000,2706000,1.0,total_received
fd00::20b:b:b:b,2715,2715000,2716000,1.0,total_received
fd00::20b:b:b:b,2726,2726000,2727000,1.0,total_received
fd00::20b:b:b:b,2737,2737000,2738000,1.0,total_received
fd00::20b:b:b:b,2747,2747000,2748000,1.0,total_received
fd00::20b:b:b:b,2758,2758000,2759000,1.0,total_received
fd00::20b:b:b:b,2768,2768000,2769000,1.0,total_received
fd00::20b:b:b:b,2779,2779000,2780000,1.0,total_received
fd00::20b:b:b:b,2790,2790000,2791000,1.0,total_received
fd00::20b:b:b:b,2800,2800000,2801000,2.0,total_received
fd00::20b:b:b:b,2811,2811000,2812000,1.0,total_received
fd00::20b:b:b:b,2821,2821000,2822000,1.0,total_received
fd00::20b:b:b:b,2832,2832000,2833000,1.0,total_received
fd00::20b:b:b:b,2843,2843000,2844000,1.0,total_received
fd00::20b:b:b:b,2853,2853000,2854000,1.0,total_received
fd00::20b:b:b:b,2864,2864000,2865000,1.0,total_received
fd00::20b:b:b:b,2874,2874000,2875000,1.0,total_received
fd00::20b:b:b:b,2885,2885000,2886000,1.0,total_received
fd00::20b:b:b:b,2896,2896000,2897000,1.0,total_received
fd00::20b:b:b:b,2906,2906000,2907000,1.0,total_received
fd00::20b:b:b:b,2917,2917000,2918000,1.0,total_received
fd00::20b:b:b:b,2928,2928000,2929000,1.0,total_received
fd00::20b:b:b:b,2938,2938000,2939000,1.0,total_received
fd00::20b:b:b:b,2949,2949000,2950000,1.0,total_received
fd00::20b:b:b:b,2959,2959000,2960000,1.0,total_received
fd00::20b:b:b:b,2970,2970000,2971000,1.0,total_received
fd00::20b:b:b:b,2981,2981000,2982000,1.0,total_received
fd00::20b:b:b:b,2991,2991000,2992000,1.0,total_received
fd00::20b:b:b:b,3002,3002000,3003000,1.0,total_received
fd00::20b:b:b:b,3012,3012000,3013000,1.0,total_received
fd00::20b:b:b:b,3023,3023000,3024000,1.0,total_received
fd00::20b:b:b:b,3034,3034000,3035000,1.0,total_received
fd00::20b:b:b:b,3044,3044000,3045000,1.0,total_received
fd00::20b:b:b:b,3055,3055000,3056000,1.0,total_received
fd00::20b:b:b:b,3065,3065000,3066000,1.0,total_received
fd00::20b:b:b:b,3076,3076000,3077000,1.0,total_received
fd00::20b:b:b:b,3087,3087000,3088000,1.0,total_received
fd00::20b:b:b:b,3097,3097000,3098000,1.0,total_received
fd00::20b:b:b:b,3108,3108000,3109000,1.0,total_received
fd00::20b:b:b:b,3118,3118000,3119000,0.0,total_received
fd00::20b:b:b:b,3129,3129000,3130000,1.0,total_received
fd00::20b:b:b:b,3140,3140000,3141000,0.0,total_received
fd00::20b:b:b:b,3150,3150000,3151000,2.0,total_received
fd00::20b:b:b:b,3161,3161000,3162000,1.0,total_received
fd00::20b:b:b:b,3171,3171000,3172000,1.0,total_received
fd00::20b:b:b:b,3182,3182000,3183000,1.0,total_received
fd00::20b:b:b:b,3193,3193000,3194000,1.0,total_received
fd00::20b:b:b:b,3203,3203000,3204000,1.0,total_received
fd00::20b:b:b:b,3214,3214000,3215000,1.0,total_received
fd00::20b:b:b:b,3225,3225000,3226000,1.0,total_received
fd00::20b:b:b:b,3235,3235000,3236000,1.0,total_received
fd00::20b:b:b:b,3246,3246000,3247000,1.0,total_received
fd00::20b:b:b:b,3256,3256000,3257000,1.0,total_received
fd00::20b:b:b:b,3267,3267000,3268000,1.0,total_received
fd00::20b:b:b:b,3278,3278000,3279000,1.0,total_received
fd00::20b:b:b:b,3288,3288000,3289000,0.0,total_received
fd00::20b:b:b:b,3299,3299000,3300000,1.0,total_received
fd00::20b:b:b:b,3309,3309000,3310000,1.0,total_received
fd00::20b:b:b:b,3320,3320000,3321000,2.0,total_received
fd00::20b:b:b:b,3331,3331000,3332000,1.0,total_received
fd00::20b:b:b:b,3341,3341000,3342000,1.0,total_received
fd00::20b:b:b:b,3352,3352000,3353000,1.0,total_received
fd00::20b:b:b:b,3362,3362000,3363000,1.0,total_received
fd00::20b:b:b:b,3373,3373000,3374000,1.0,total_received
fd00::20b:b:b:b,3384,3384000,3385000,0.0,total_received
fd00::20b:b:b:b,3394,3394000,3395000,1.0,total_received
fd00::20b:b:b:b,3405,3405000,3406000,0.0,total_received
fd00::20b:b:b:b,3415,3415000,3416000,1.0,total_received
fd00::20b:b:b:b,3426,3426000,3427000,1.0,total_received
fd00::20b:b:b:b,3437,3437000,3438000,1.0,total_received
fd00::20b:b:b:b,3447,3447000,3448000,1.0,total_received
fd00::20b:b:b:b,3458,3458000,3459000,1.0,total_received
fd00::20b:b:b:b,3469,3469000,3470000,1.0,total_received
fd00::20b:b:b:b,3479,3479000,3480000,1.0,total_received
fd00::20b:b:b:b,3490,3490000,3491000,1.0,total_received
fd00::20b:b:b:b,3500,3500000,3501000,2.0,total_received
fd00::20b:b:b:b,3511,3511000,3512000,1.0,total_received
fd00::20b:b:b:b,3522,3522000,3523000,1.0,total_received
fd00::20b:b:b:b,3532,3532000,3533000,1.0,total_received
fd00::20b:b:b:b,3543,3543000,3544000,1.0,total_received
fd00::20b:b:b:b,3553,3553000,3554000,1.0,total_received
fd00::20b:b:b:b,3564,3564000,3565000,1.0,total_received
fd00::20b:b:b:b,3575,3575000,3576000,1.0,total_received
fd00::20b:b:b:b,3585,3585000,3586000,1.0,total_received
fd00::20b:b:b:b,3596,3596000,3597000,1.0,total_received
fd00::20c:c:c:c,20,20000,21000,0.0,total_received
fd00::20c:c:c:c,30,30000,31000,1.0,total_received
fd00::20c:c:c:c,40,40000,41000,1.0,total_received
fd00::20c:c:c:c,50,50000,51000,1.0,total_received
fd00::20c:c:c:c,60,60000,61000,1.0,total_received
fd00::20c:c:c:c,70,70000,71000,1.0,total_received
fd00::20c:c:c:c,90,90000,91000,2.0,total_received
fd00::20c:c:c:c,100,100000,101000,1.0,total_received
fd00::20c:c:c:c,110,110000,111000,1.0,total_received
fd00::20c:c:c:c,120,120000,121000,1.0,total_received
fd00::20c:c:c:c,130,130000,131000,1.0,total_received
fd00::20c:c:c:c,140,140000,141000,1.0,total_received
fd00::20c:c:c:c,150,150000,151000,1.0,total_received
fd00::20c:c:c:c,160,160000,161000,1.0,total_received
fd00::20c:c:c:c,170,170000,171000,1.0,total_received
fd00::20c:c:c:c,180,180000,181000,1.0,total_received
fd00::20c:c:c:c,190,190000,191000,1.0,total_received
fd00::20c:c:c:c,200,200000,201000,1.0,total_received
fd00::20c:c:c:c,210,210000,211000,1.0,total_received
fd00::20c:c:c:c,220,220000,221000,1.0,total_received
fd00::20c:c:c:c,230,230000,231000,1.0,total_received
fd00::20c:c:c:c,240,240000,241000,1.0,total_received
fd00::20c:c:c:c,250,250000,251000,1.0,total_received
fd00::20c:c:c:c,260,260000,261000,1.0,total_received
fd00::20c:c:c:c,270,270000,271000,1.0,total_received
fd00::20c:c:c:c,280,280000,281000,1.0,total_received
fd00::20c:c:c:c,290,290000,291000,1.0,total_received
fd00::20c:c:c:c,300,300000,301000,1.0,total_received
fd00::20c:c:c:c,310,310000,311000,1.0,total_received
fd00::20c:c:c:c,320,320000,321000,1.0,total_received
fd00::20c:c:c:c,330,330000,331000,1.0,total_received
fd00::20c:c:c:c,340,340000,341000,1.0,total_received
fd00::20c:c:c:c,350,350000,351000,1.0,total_received
fd00::20c:c:c:c,360,360000,361000,1.0,total_received
fd00::20c:c:c:c,370,370000,371000,1.0,total_received
fd00::20c:c:c:c,380,380000,381000,1.0,total_received
fd00::20c:c:c:c,390,390000,391000,1.0,total_received
fd00::20c:c:c:c,400,400000,401000,1.0,total_received
fd00::20c:c:c:c,410,410000,411000,1.0,total_received
fd00::20c:c:c:c,420,420000,421000,1.0,total_received
fd00::20c:c:c:c,430,430000,431000,1.0,total_received
fd00::20c:c:c:c,440,440000,441000,1.0,total_received
fd00::20c:c:c:c,450,450000,451000,1.0,total_received
fd00::20c:c:c:c,460,460000,461000,1.0,total_received
fd00::20c:c:c:c,470,470000,471000,1.0,total_received
fd00::20c:c:c:c,480,480000,481000,1.0,total_received
fd00::20c:c:c:c,490,490000,491000,1.0,total_received
fd00::20c:c:c:c,500,500000,501000,1.0,total_received
fd00::20c:c:c:c,510,510000,511000,1.0,total_received
fd00::20c:c:c:c,520,520000,521000,1.0,total_received
fd00::20c:c:c:c,530,530000,531000,1.0,total_received
fd00::20c:c:c:c,540,540000,541000,1.0,total_received
fd00::20c:c:c:c,550,550000,551000,1.0,total_received
fd00::20c:c:c:c,560,560000,561000,1.0,total_received
fd00::20c:c:c:c,570,570000,571000,1.0,total_received
fd00::20c:c:c:c,580,580000,581000,1.0,total_received
fd00::20c:c:c:c,590,590000,591000,1.0,total_received
fd00::20c:c:c:c,600,600000,601000,1.0,total_received
fd00::20c:c:c:c,610,610000,611000,1.0,total_received
fd00::20c:c:c:c,620,620000,621000,1.0,total_received
fd00::20c:c:c:c,630,630000,631000,1.0,total_received
fd00::20c:c:c:c,640,640000,641000,1.0,total_received
fd00::20c:c:c:c,650,650000,651000,1.0,total_received
fd00::20c:c:c:c,660,660000,661000,1.0,total_received
fd00::20c:c:c:c,670,670000,671000,1.0,total_received
fd00::20c:c:c:c,680,680000,681000,1.0,total_received
fd00::20c:c:c:c,690,690000,691000,1.0,total_received
fd00::20c:c:c:c,700,700000,701000,1.0,total_received
fd00::20c:c:c:c,710,710000,711000,1.0,total_received
fd00::20c:c:c:c,720,720000,721000,1.0,total_received
fd00::20c:c:c:c,730,730000,731000,1.0,total_received
fd00::20c:c:c:c,740,740000,741000,1.0,total_received
fd00::20c:c:c:c,750,750000,751000,1.0,total_received
fd00::20c:c:c:c,760,760000,761000,1.0,total_received
fd00::20c:c:c:c,770,770000,771000,1.0,total_received
fd00::20c:c:c:c,780,780000,781000,1.0,total_received
fd00::20c:c:c:c,790,790000,791000,1.0,total_received
fd00::20c:c:c:c,800,800000,801000,1.0,total_received
fd00::20c:c:c:c,810,810000,811000,1.0,total_received
fd00::20c:c:c:c,820,820000,821000,1.0,total_received
fd00::20c:c:c:c,830,830000,831000,1.0,total_received
fd00::20c:c:c:c,840,840000,841000,1.0,total_received
fd00::20c:c:c:c,850,850000,851000,1.0,total_received
fd00::20c:c:c:c,860,860000,861000,1.0,total_received
fd00::20c:c:c:c,870,870000,871000,1.0,total_received
fd00::20c:c:c:c,880,880000,881000,1.0,total_received
fd00::20c:c:c:c,890,890000,891000,1.0,total_received
fd00::20c:c:c:c,900,900000,901000,1.0,total_received
fd00::20c:c:c:c,910,910000,911000,1.0,total_received
fd00::20c:c:c:c,920,920000,921000,1.0,total_received
fd00::20c:c:c:c,930,930000,931000,1.0,total_received
fd00::20c:c:c:c,940,940000,941000,1.0,total_received
fd00::20c:c:c:c,950,950000,951000,1.0,total_received
fd00::20c:c:c:c,960,960000,961000,1.0,total_received
fd00::20c:c:c:c,970,970000,971000,1.0,total_received
fd00::20c:c:c:c,980,980000,981000,1.0,total_received
fd00::20c:c:c:c,990,990000,991000,1.0,total_received
fd00::20c:c:c:c,1000,1000000,1001000,1.0,total_received
fd00::20c:c:c:c,1010,1010000,1011000,1.0,total_received
fd00::20c:c:c:c,1020,1020000,1021000,1.0,total_received
fd00::20c:c:c:c,1030,1030000,1031000,1.0,total_received
fd00::20c:c:c:c,1040,1040000,1041000,1.0,total_received
fd00::20c:c:c:c,1050,1050000,1051000,1.0,total_received
fd00::20c:c:c:c,1060,1060000,1061000,1.0,total_received
fd00::20c:c:c:c,1070,1070000,1071000,1.0,total_received
fd00::20c:c:c:c,1080,1080000,1081000,1.0,total_received
fd00::20c:c:c:c,1090,1090000,1091000,1.0,total_received
fd00::20c:c:c:c,1100,1100000,1101000,1.0,total_received
fd00::20c:c:c:c,1110,1110000,1111000,1.0,total_received
fd00::20c:c:c:c,1120,1120000,1121000,1.0,total_received
fd00::20c:c:c:c,1130,1130000,1131000,1.0,total_received
fd00::20c:c:c:c,1140,1140000,1141000,1.0,total_received
fd00::20c:c:c:c,1150,1150000,1151000,1.0,total_received
fd00::20c:c:c:c,1160,1160000,1161000,1.0,total_received
fd00::20c:c:c:c,1170,1170000,1171000,1.0,total_received
fd00::20c:c:c:c,1180,1180000,1181000,1.0,total_received
fd00::20c:c:c:c,1190,1190000,1191000,1.0,total_received
fd00::20c:c:c:c,1200,1200000,1201000,1.0,total_received
fd00::20c:c:c:c,1210,1210000,1211000,1.0,total_received
fd00::20c:c:c:c,1220,1220000,1221000,1.0,total_received
fd00::20c:c:c:c,1230,1230000,1231000,1.0,total_received
fd00::20c:c:c:c,1240,1240000,1241000,1.0,total_received
fd00::20c:c:c:c,1250,1250000,1251000,1.0,total_received
fd00::20c:c:c:c,1260,1260000,1261000,1.0,total_received
fd00::20c:c:c:c,1270,1270000,1271000,1.0,total_received
fd00::20c:c:c:c,1280,1280000,1281000,1.0,total_received
fd00::20c:c:c:c,1290,1290000,1291000,1.0,total_received
fd00::20c:c:c:c,1300,1300000,1301000,1.0,total_received
fd00::20c:c:c:c,1310,1310000,1311000,1.0,total_received
fd00::20c:c:c:c,1320,1320000,1321000,1.0,total_received
fd00::20c:c:c:c,1330,1330000,1331000,1.0,total_received
fd00::20c:c:c:c,1340,1340000,1341000,1.0,total_received
fd00::20c:c:c:c,1350,1350000,1351000,1.0,total_received
fd00::20c:c:c:c,1360,1360000,1361000,1.0,total_received
fd00::20c:c:c:c,1370,1370000,1371000,1.0,total_received
fd00::20c:c:c:c,1380,1380000,1381000,1.0,total_received
fd00::20c:c:c:c,1390,1390000,1391000,1.0,total_received
fd00::20c:c:c:c,1400,1400000,1401000,1.0,total_received
fd00::20c:c:c:c,1410,1410000,1411000,1.0,total_received
fd00::20c:c:c:c,1420,1420000,1421000,1.0,total_received
fd00::20c:c:c:c,1430,1430000,1431000,1.0,total_received
fd00::20c:c:c:c,1440,1440000,1441000,1.0,total_received
fd00::20c:c:c:c,1450,1450000,1451000,1.0,total_received
fd00::20c:c:c:c,1460,1460000,1461000,1.0,total_received
fd00::20c:c:c:c,1470,1470000,1471000,1.0,total_received
fd00::20c:c:c:c,1480,1480000,1481000,1.0,total_received
fd00::20c:c:c:c,1490,1490000,1491000,1.0,total_received
fd00::20c:c:c:c,1500,1500000,1501000,1.0,total_received
fd00::20c:c:c:c,1510,1510000,1511000,1.0,total_received
fd00::20c:c:c:c,1520,1520000,1521000,1.0,total_received
fd00::20c:c:c:c,1530,1530000,1531000,1.0,total_received
fd00::20c:c:c:c,1540,1540000,1541000,1.0,total_received
fd00::20c:c:c:c,1550,1550000,1551000,1.0,total_received
fd00::20c:c:c:c,1560,1560000,1561000,1.0,total_received
fd00::20c:c:c:c,1570,1570000,1571000,1.0,total_received
fd00::20c:c:c:c,1580,1580000,1581000,1.0,total_received
fd00::20c:c:c:c,1590,1590000,1591000,1.0,total_received
fd00::20c:c:c:c,1600,1600000,1601000,1.0,total_received
fd00::20c:c:c:c,1610,1610000,1611000,1.0,total_received
fd00::20c:c:c:c,1620,1620000,1621000,1.0,total_received
fd00::20c:c:c:c,1630,1630000,1631000,1.0,total_received
fd00::20c:c:c:c,1640,1640000,1641000,1.0,total_received
fd00::20c:c:c:c,1650,1650000,1651000,1.0,total_received
fd00::20c:c:c:c,1660,1660000,1661000,1.0,total_received
fd00::20c:c:c:c,1670,1670000,1671000,1.0,total_received
fd00::20c:c:c:c,1680,1680000,1681000,1.0,total_received
fd00::20c:c:c:c,1690,1690000,1691000,1.0,total_received
fd00::20c:c:c:c,1700,1700000,1701000,1.0,total_received
fd00::20c:c:c:c,1710,1710000,1711000,1.0,total_received
fd00::20c:c:c:c,1720,1720000,1721000,1.0,total_received
fd00::20c:c:c:c,1730,1730000,1731000,1.0,total_received
fd00::20c:c:c:c,1740,1740000,1741000,1.0,total_received
fd00::20c:c:c:c,1750,1750000,1751000,1.0,total_received
fd00::20c:c:c:c,1760,1760000,1761000,1.0,total_received
fd00::20c:c:c:c,1770,1770000,1771000,1.0,total_received
fd00::20c:c:c:c,1780,1780000,1781000,1.0,total_received
fd00::20c:c:c:c,1790,1790000,1791000,1.0,total_received
fd00::20c:c:c:c,1800,1800000,1801000,1.0,total_received
fd00::20c:c:c:c,1810,1810000,1811000,1.0,total_received
fd00::20c:c:c:c,1820,1820000,1821000,1.0,total_received
fd00::20c:c:c:c,1830,1830000,1831000,1.0,total_received
fd00::20c:c:c:c,1840,1840000,1841000,1.0,total_received
fd00::20c:c:c:c,1850,1850000,1851000,1.0,total_received
fd00::20c:c:c:c,1860,1860000,1861000,1.0,total_received
fd00::20c:c:c:c,1870,1870000,1871000,1.0,total_received
fd00::20c:c:c:c,1880,1880000,1881000,1.0,total_received
fd00::20c:c:c:c,1890,1890000,1891000,1.0,total_received
fd00::20c:c:c:c,1900,1900000,1901000,1.0,total_received
fd00::20c:c:c:c,1910,1910000,1911000,1.0,total_received
fd00::20c:c:c:c,1920,1920000,1921000,1.0,total_received
fd00::20c:c:c:c,1930,1930000,1931000,1.0,total_received
fd00::20c:c:c:c,1940,1940000,1941000,1.0,total_received
fd00::20c:c:c:c,1950,1950000,1951000,1.0,total_received
fd00::20c:c:c:c,1960,1960000,1961000,1.0,total_received
fd00::20c:c:c:c,1970,1970000,1971000,1.0,total_received
fd00::20c:c:c:c,1980,1980000,1981000,1.0,total_received
fd00::20c:c:c:c,1990,1990000,1991000,1.0,total_received
fd00::20c:c:c:c,2000,2000000,2001000,1.0,total_received
fd00::20c:c:c:c,2010,2010000,2011000,1.0,total_received
fd00::20c:c:c:c,2020,2020000,2021000,1.0,total_received
fd00::20c:c:c:c,2030,2030000,2031000,1.0,total_received
fd00::20c:c:c:c,2040,2040000,2041000,1.0,total_received
fd00::20c:c:c:c,2050,2050000,2051000,1.0,total_received
fd00::20c:c:c:c,2060,2060000,2061000,1.0,total_received
fd00::20c:c:c:c,2070,2070000,2071000,1.0,total_received
fd00::20c:c:c:c,2080,2080000,2081000,1.0,total_received
fd00::20c:c:c:c,2090,2090000,2091000,1.0,total_received
fd00::20c:c:c:c,2100,2100000,2101000,1.0,total_received
fd00::20c:c:c:c,2110,2110000,2111000,1.0,total_received
fd00::20c:c:c:c,2120,2120000,2121000,1.0,total_received
fd00::20c:c:c:c,2130,2130000,2131000,1.0,total_received
fd00::20c:c:c:c,2140,2140000,2141000,1.0,total_received
fd00::20c:c:c:c,2150,2150000,2151000,1.0,total_received
fd00::20c:c:c:c,2160,2160000,2161000,1.0,total_received
fd00::20c:c:c:c,2170,2170000,2171000,1.0,total_received
fd00::20c:c:c:c,2180,2180000,2181000,1.0,total_received
fd00::20c:c:c:c,2190,2190000,2191000,1.0,total_received
fd00::20c:c:c:c,2200,2200000,2201000,1.0,total_received
fd00::20c:c:c:c,2210,2210000,2211000,1.0,total_received
fd00::20c:c:c:c,2220,2220000,2221000,1.0,total_received
fd00::20c:c:c:c,2230,2230000,2231000,1.0,total_received
fd00::20c:c:c:c,2240,2240000,2241000,1.0,total_received
fd00::20c:c:c:c,2250,2250000,2251000,1.0,total_received
fd00::20c:c:c:c,2260,2260000,2261000,1.0,total_received
fd00::20c:c:c:c,2270,2270000,2271000,1.0,total_received
fd00::20c:c:c:c,2280,2280000,2281000,1.0,total_received
fd00::20c:c:c:c,2290,2290000,2291000,1.0,total_received
fd00::20c:c:c:c,2300,2300000,2301000,1.0,total_received
fd00::20c:c:c:c,2310,2310000,2311000,1.0,total_received
fd00::20c:c:c:c,2320,2320000,2321000,1.0,total_received
fd00::20c:c:c:c,2330,2330000,2331000,1.0,total_received
fd00::20c:c:c:c,2340,2340000,2341000,1.0,total_received
fd00::20c:c:c:c,2350,2350000,2351000,1.0,total_received
fd00::20c:c:c:c,2360,2360000,2361000,1.0,total_received
fd00::20c:c:c:c,2370,2370000,2371000,1.0,total_received
fd00::20c:c:c:c,2380,2380000,2381000,1.0,total_received
fd00::20c:c:c:c,2390,2390000,2391000,1.0,total_received
fd00::20c:c:c:c,2400,2400000,2401000,1.0,total_received
fd00::20c:c:c:c,2410,2410000,2411000,1.0,total_received
fd00::20c:c:c:c,2420,2420000,2421000,1.0,total_received
fd00::20c:c:c:c,2430,2430000,2431000,1.0,total_received
fd00::20c:c:c:c,2440,2440000,2441000,1.0,total_received
fd00::20c:c:c:c,2450,2450000,2451000,1.0,total_received
fd00::20c:c:c:c,2460,2460000,2461000,1.0,total_received
fd00::20c:c:c:c,2470,2470000,2471000,1.0,total_received
fd00::20c:c:c:c,2480,2480000,2481000,1.0,total_received
fd00::20c:c:c:c,2491,2491000,2492000,1.0,total_received
fd00::20c:c:c:c,2500,2500000,2501000,1.0,total_received
fd00::20c:c:c:c,2510,2510000,2511000,1.0,total_received
fd00::20c:c:c:c,2521,2521000,2522000,1.0,total_received
fd00::20c:c:c:c,2530,2530000,2531000,1.0,total_received
fd00::20c:c:c:c,2541,2541000,2542000,1.0,total_received
fd00::20c:c:c:c,2550,2550000,2551000,1.0,total_received
fd00::20c:c:c:c,2560,2560000,2561000,1.0,total_received
fd00::20c:c:c:c,2571,2571000,2572000,1.0,total_received
fd00::20c:c:c:c,2581,2581000,2582000,1.0,total_received
fd00::20c:c:c:c,2590,2590000,2591000,1.0,total_received
fd00::20c:c:c:c,2601,2601000,2602000,1.0,total_received
fd00::20c:c:c:c,2611,2611000,2612000,1.0,total_received
fd00::20c:c:c:c,2621,2621000,2622000,1.0,total_received
fd00::20c:c:c:c,2631,2631000,2632000,1.0,total_received
fd00::20c:c:c:c,2641,2641000,2642000,1.0,total_received
fd00::20c:c:c:c,2651,2651000,2652000,1.0,total_received
fd00::20c:c:c:c,2661,2661000,2662000,1.0,total_received
fd00::20c:c:c:c,2671,2671000,2672000,1.0,total_received
fd00::20c:c:c:c,2681,2681000,2682000,1.0,total_received
fd00::20c:c:c:c,2691,2691000,2692000,1.0,total_received
fd00::20c:c:c:c,2701,2701000,2702000,1.0,total_received
fd00::20c:c:c:c,2711,2711000,2712000,1.0,total_received
fd00::20c:c:c:c,2721,2721000,2722000,1.0,total_received
fd00::20c:c:c:c,2731,2731000,2732000,1.0,total_received
fd00::20c:c:c:c,2741,2741000,2742000,1.0,total_received
fd00::20c:c:c:c,2751,2751000,2752000,1.0,total_received
fd00::20c:c:c:c,2761,2761000,2762000,1.0,total_received
fd00::20c:c:c:c,2771,2771000,2772000,1.0,total_received
fd00::20c:c:c:c,2781,2781000,2782000,1.0,total_received
fd00::20c:c:c:c,2791,2791000,2792000,1.0,total_received
fd00::20c:c:c:c,2801,2801000,2802000,1.0,total_received
fd00::20c:c:c:c,2811,2811000,2812000,1.0,total_received
fd00::20c:c:c:c,2821,2821000,2822000,1.0,total_received
fd00::20c:c:c:c,2831,2831000,2832000,1.0,total_received
fd00::20c:c:c:c,2841,2841000,2842000,1.0,total_received
fd00::20c:c:c:c,2851,2851000,2852000,1.0,total_received
fd00::20c:c:c:c,2861,2861000,2862000,1.0,total_received
fd00::20c:c:c:c,2871,2871000,2872000,1.0,total_received
fd00::20c:c:c:c,2881,2881000,2882000,1.0,total_received
fd00::20c:c:c:c,2891,2891000,2892000,1.0,total_received
fd00::20c:c:c:c,2901,2901000,2902000,1.0,total_received
fd00::20c:c:c:c,2911,2911000,2912000,1.0,total_received
fd00::20c:c:c:c,2921,2921000,2922000,1.0,total_received
fd00::20c:c:c:c,2931,2931000,2932000,1.0,total_received
fd00::20c:c:c:c,2941,2941000,2942000,1.0,total_received
fd00::20c:c:c:c,2951,2951000,2952000,1.0,total_received
fd00::20c:c:c:c,2961,2961000,2962000,1.0,total_received
fd00::20c:c:c:c,2971,2971000,2972000,1.0,total_received
fd00::20c:c:c:c,2981,2981000,2982000,1.0,total_received
fd00::20c:c:c:c,2991,2991000,2992000,1.0,total_received
fd00::20c:c:c:c,3001,3001000,3002000,1.0,total_received
fd00::20c:c:c:c,3011,3011000,3012000,1.0,total_received
fd00::20c:c:c:c,3021,3021000,3022000,1.0,total_received
fd00::20c:c:c:c,3031,3031000,3032000,1.0,total_received
fd00::20c:c:c:c,3041,3041000,3042000,1.0,total_received
fd00::20c:c:c:c,3051,3051000,3052000,1.0,total_received
fd00::20c:c:c:c,3061,3061000,3062000,1.0,total_received
fd00::20c:c:c:c,3071,3071000,3072000,1.0,total_received
fd00::20c:c:c:c,3081,3081000,3082000,1.0,total_received
fd00::20c:c:c:c,3091,3091000,3092000,1.0,total_received
fd00::20c:c:c:c,3101,3101000,3102000,1.0,total_received
fd00::20c:c:c:c,3111,3111000,3112000,1.0,total_received
fd00::20c:c:c:c,3121,3121000,3122000,1.0,total_received
fd00::20c:c:c:c,3131,3131000,3132000,1.0,total_received
fd00::20c:c:c:c,3141,3141000,3142000,1.0,total_received
fd00::20c:c:c:c,3151,3151000,3152000,1.0,total_received
fd00::20c:c:c:c,3161,3161000,3162000,1.0,total_received
fd00::20c:c:c:c,3171,3171000,3172000,1.0,total_received
fd00::20c:c:c:c,3181,3181000,3182000,1.0,total_received
fd00::20c:c:c:c,3191,3191000,3192000,1.0,total_received
fd00::20c:c:c:c,3201,3201000,3202000,1.0,total_received
fd00::20c:c:c:c,3211,3211000,3212000,1.0,total_received
fd00::20c:c:c:c,3221,3221000,3222000,1.0,total_received
fd00::20c:c:c:c,3231,3231000,3232000,1.0,total_received
fd00::20c:c:c:c,3241,3241000,3242000,1.0,total_received
fd00::20c:c:c:c,3251,3251000,3252000,1.0,total_received
fd00::20c:c:c:c,3261,3261000,3262000,1.0,total_received
fd00::20c:c:c:c,3271,3271000,3272000,1.0,total_received
fd00::20c:c:c:c,3281,3281000,3282000,1.0,total_received
fd00::20c:c:c:c,3291,3291000,3292000,1.0,total_received
fd00::20c:c:c:c,3301,3301000,3302000,1.0,total_received
fd00::20c:c:c:c,3311,3311000,3312000,1.0,total_received
fd00::20c:c:c:c,3321,3321000,3322000,1.0,total_received
fd00::20c:c:c:c,3331,3331000,3332000,1.0,total_received
fd00::20c:c:c:c,3341,3341000,3342000,1.0,total_received
fd00::20c:c:c:c,3351,3351000,3352000,1.0,total_received
fd00::20c:c:c:c,3361,3361000,3362000,1.0,total_received
fd00::20c:c:c:c,3371,3371000,3372000,1.0,total_received
fd00::20c:c:c:c,3381,3381000,3382000,1.0,total_received
fd00::20c:c:c:c,3391,3391000,3392000,1.0,total_received
fd00::20c:c:c:c,3401,3401000,3402000,1.0,total_received
fd00::20c:c:c:c,3411,3411000,3412000,1.0,total_received
fd00::20c:c:c:c,3421,3421000,3422000,1.0,total_received
fd00::20c:c:c:c,3431,3431000,3432000,1.0,total_received
fd00::20c:c:c:c,3441,3441000,3442000,1.0,total_received
fd00::20c:c:c:c,3451,3451000,3452000,1.0,total_received
fd00::20c:c:c:c,3461,3461000,3462000,1.0,total_received
fd00::20c:c:c:c,3471,3471000,3472000,1.0,total_received
fd00::20c:c:c:c,3481,3481000,3482000,1.0,total_received
fd00::20c:c:c:c,3491,3491000,3492000,1.0,total_received
fd00::20c:c:c:c,3501,3501000,3502000,1.0,total_received
fd00::20c:c:c:c,3511,3511000,3512000,1.0,total_received
fd00::20c:c:c:c,3521,3521000,3522000,1.0,total_received
fd00::20c:c:c:c,3531,3531000,3532000,1.0,total_received
fd00::20c:c:c:c,3541,3541000,3542000,1.0,total_received
fd00::20c:c:c:c,3551,3551000,3552000,1.0,total_received
fd00::20c:c:c:c,3561,3561000,3562000,1.0,total_received
fd00::20c:c:c:c,3571,3571000,3572000,1.0,total_received
fd00::20c:c:c:c,3581,3581000,3582000,1.0,total_received
fd00::20c:c:c:c,3591,3591000,3592000,1.0,total_received
fd00::20d:d:d:d,32,32000,33000,0.0,total_received
fd00::20d:d:d:d,42,42000,43000,1.0,total_received
fd00::20d:d:d:d,53,53000,54000,0.0,total_received
fd00::20d:d:d:d,64,64000,65000,1.0,total_received
fd00::20d:d:d:d,74,74000,75000,1.0,total_received
fd00::20d:d:d:d,85,85000,86000,1.0,total_received
fd00::20d:d:d:d,95,95000,96000,1.0,total_received
fd00::20d:d:d:d,106,106000,107000,1.0,total_received
fd00::20d:d:d:d,116,116000,117000,1.0,total_received
fd00::20d:d:d:d,127,127000,128000,1.0,total_received
fd00::20d:d:d:d,138,138000,139000,1.0,total_received
fd00::20d:d:d:d,148,148000,149000,1.0,total_received
fd00::20d:d:d:d,159,159000,160000,1.0,total_received
fd00::20d:d:d:d,169,169000,170000,1.0,total_received
fd00::20d:d:d:d,180,180000,181000,2.0,total_received
fd00::20d:d:d:d,191,191000,192000,1.0,total_received
fd00::20d:d:d:d,201,201000,202000,1.0,total_received
fd00::20d:d:d:d,212,212000,213000,1.0,total_received
fd00::20d:d:d:d,222,222000,223000,1.0,total_received
fd00::20d:d:d:d,233,233000,234000,1.0,total_received
fd00::20d:d:d:d,243,243000,244000,1.0,total_received
fd00::20d:d:d:d,254,254000,255000,1.0,total_received
fd00::20d:d:d:d,265,265000,266000,1.0,total_received
fd00::20d:d:d:d,275,275000,276000,1.0,total_received
fd00::20d:d:d:d,286,286000,287000,1.0,total_received
fd00::20d:d:d:d,296,296000,297000,1.0,total_received
fd00::20d:d:d:d,307,307000,308000,1.0,total_received
fd00::20d:d:d:d,318,318000,319000,1.0,total_received
fd00::20d:d:d:d,328,328000,329000,1.0,total_received
fd00::20d:d:d:d,339,339000,340000,1.0,total_received
fd00::20d:d:d:d,349,349000,350000,1.0,total_received
fd00::20d:d:d:d,360,360000,361000,2.0,total_received
fd00::20d:d:d:d,370,370000,371000,1.0,total_received
fd00::20d:d:d:d,381,381000,382000,1.0,total_received
fd00::20d:d:d:d,392,392000,393000,1.0,total_received
fd00::20d:d:d:d,402,402000,403000,1.0,total_received
fd00::20d:d:d:d,413,413000,414000,1.0,total_received
fd00::20d:d:d:d,423,423000,424000,1.0,total_received
fd00::20d:d:d:d,434,434000,435000,1.0,total_received
fd00::20d:d:d:d,444,444000,445000,1.0,total_received
fd00::20d:d:d:d,455,455000,456000,1.0,total_received
fd00::20d:d:d:d,466,466000,467000,1.0,total_received
fd00::20d:d:d:d,476,476000,477000,1.0,total_received
fd00::20d:d:d:d,487,487000,488000,1.0,total_received
fd00::20d:d:d:d,497,497000,498000,1.0,total_received
fd00::20d:d:d:d,508,508000,509000,1.0,total_received
fd00::20d:d:d:d,519,519000,520000,1.0,total_received
fd00::20d:d:d:d,529,529000,530000,1.0,total_received
fd00::20d:d:d:d,540,540000,541000,2.0,total_received
fd00::20d:d:d:d,550,550000,551000,1.0,total_received
fd00::20d:d:d:d,561,561000,562000,1.0,total_received
fd00::20d:d:d:d,572,572000,573000,1.0,total_received
fd00::20d:d:d:d,582,582000,583000,1.0,total_received
fd00::20d:d:d:d,593,593000,594000,1.0,total_received
fd00::20d:d:d:d,603,603000,604000,1.0,total_received
fd00::20d:d:d:d,614,614000,615000,1.0,total_received
fd00::20d:d:d:d,624,624000,625000,1.0,total_received
fd00::20d:d:d:d,635,635000,636000,1.0,total_received
fd00::20d:d:d:d,646,646000,647000,1.0,total_received
fd00::20d:d:d:d,656,656000,657000,1.0,total_received
fd00::20d:d:d:d,667,667000,668000,1.0,total_received
fd00::20d:d:d:d,677,677000,678000,1.0,total_received
fd00::20d:d:d:d,688,688000,689000,1.0,total_received
fd00::20d:d:d:d,698,698000,699000,1.0,total_received
fd00::20d:d:d:d,709,709000,710000,1.0,total_received
fd00::20d:d:d:d,720,720000,721000,1.0,total_received
fd00::20d:d:d:d,730,730000,731000,2.0,total_received
fd00::20d:d:d:d,741,741000,742000,1.0,total_received
fd00::20d:d:d:d,751,751000,752000,1.0,total_received
fd00::20d:d:d:d,762,762000,763000,1.0,total_received
fd00::20d:d:d:d,773,773000,774000,1.0,total_received
fd00::20d:d:d:d,783,783000,784000,1.0,total_received
fd00::20d:d:d:d,794,794000,795000,1.0,total_received
fd00::20d:d:d:d,804,804000,805000,1.0,total_received
fd00::20d:d:d:d,815,815000,816000,1.0,total_received
fd00::20d:d:d:d,825,825000,826000,1.0,total_received
fd00::20d:d:d:d,836,836000,837000,1.0,total_received
fd00::20d:d:d:d,847,847000,848000,1.0,total_received
fd00::20d:d:d:d,857,857000,858000,0.0,total_received
fd00::20d:d:d:d,868,868000,869000,1.0,total_received
fd00::20d:d:d:d,878,878000,879000,1.0,total_received
fd00::20d:d:d:d,889,889000,890000,1.0,total_received
fd00::20d:d:d:d,900,900000,901000,1.0,total_received
fd00::20d:d:d:d,910,910000,911000,2.0,total_received
fd00::20d:d:d:d,921,921000,922000,1.0,total_received
fd00::20d:d:d:d,931,931000,932000,1.0,total_received
fd00::20d:d:d:d,942,942000,943000,1.0,total_received
fd00::20d:d:d:d,952,952000,953000,1.0,total_received
fd00::20d:d:d:d,963,963000,964000,1.0,total_received
fd00::20d:d:d:d,974,974000,975000,1.0,total_received
fd00::20d:d:d:d,984,984000,985000,1.0,total_received
fd00::20d:d:d:d,995,995000,996000,1.0,total_received
fd00::20d:d:d:d,1005,1005000,1006000,1.0,total_received
fd00::20d:d:d:d,1016,1016000,1017000,1.0,total_received
fd00::20d:d:d:d,1027,1027000,1028000,1.0,total_received
fd00::20d:d:d:d,1037,1037000,1038000,1.0,total_received
fd00::20d:d:d:d,1048,1048000,1049000,1.0,total_received
fd00::20d:d:d:d,1058,1058000,1059000,1.0,total_received
fd00::20d:d:d:d,1069,1069000,1070000,1.0,total_received
fd00::20d:d:d:d,1079,1079000,1080000,1.0,total_received
fd00::20d:d:d:d,1090,1090000,1091000,2.0,total_received
fd00::20d:d:d:d,1101,1101000,1102000,1.0,total_received
fd00::20d:d:d:d,1111,1111000,1112000,1.0,total_received
fd00::20d:d:d:d,1122,1122000,1123000,1.0,total_received
fd00::20d:d:d:d,1132,1132000,1133000,1.0,total_received
fd00::20d:d:d:d,1143,1143000,1144000,1.0,total_received
fd00::20d:d:d:d,1153,1153000,1154000,1.0,total_received
fd00::20d:d:d:d,1164,1164000,1165000,1.0,total_received
fd00::20d:d:d:d,1175,1175000,1176000,1.0,total_received
fd00::20d:d:d:d,1185,1185000,1186000,1.0,total_received
fd00::20d:d:d:d,1196,1196000,1197000,1.0,total_received
fd00::20d:d:d:d,1206,1206000,1207000,1.0,total_received
fd00::20d:d:d:d,1217,1217000,1218000,1.0,total_received
fd00::20d:d:d:d,1228,1228000,1229000,1.0,total_received
fd00::20d:d:d:d,1238,1238000,1239000,1.0,total_received
fd00::20d:d:d:d,1249,1249000,1250000,1.0,total_received
fd00::20d:d:d:d,1259,1259000,1260000,1.0,total_received
fd00::20d:d:d:d,1270,1270000,1271000,2.0,total_received
fd00::20d:d:d:d,1280,1280000,1281000,1.0,total_received
fd00::20d:d:d:d,1291,1291000,1292000,1.0,total_received
fd00::20d:d:d:d,1302,1302000,1303000,1.0,total_received
fd00::20d:d:d:d,1312,1312000,1313000,1.0,total_received
fd00::20d:d:d:d,1323,1323000,1324000,1.0,total_received
fd00::20d:d:d:d,1333,1333000,1334000,1.0,total_received
fd00::20d:d:d:d,1344,1344000,1345000,1.0,total_received
fd00::20d:d:d:d,1355,1355000,1356000,1.0,total_received
fd00::20d:d:d:d,1365,1365000,1366000,1.0,total_received
fd00::20d:d:d:d,1376,1376000,1377000,1.0,total_received
fd00::20d:d:d:d,1386,1386000,1387000,1.0,total_received
fd00::20d:d:d:d,1397,1397000,1398000,1.0,total_received
fd00::20d:d:d:d,1407,1407000,1408000,1.0,total_received
fd00::20d:d:d:d,1418,1418000,1419000,1.0,total_received
fd00::20d:d:d:d,1429,1429000,1430000,1.0,total_received
fd00::20d:d:d:d,1439,1439000,1440000,1.0,total_received
fd00::20d:d:d:d,1450,1450000,1451000,2.0,total_received
fd00::20d:d:d:d,1460,1460000,1461000,1.0,total_received
fd00::20d:d:d:d,1471,1471000,1472000,1.0,total_received
fd00::20d:d:d:d,1482,1482000,1483000,1.0,total_received
fd00::20d:d:d:d,1492,1492000,1493000,1.0,total_received
fd00::20d:d:d:d,1503,1503000,1504000,1.0,total_received
fd00::20d:d:d:d,1513,1513000,1514000,1.0,total_received
fd00::20d:d:d:d,1524,1524000,1525000,1.0,total_received
fd00::20d:d:d:d,1534,1534000,1535000,1.0,total_received
fd00::20d:d:d:d,1545,1545000,1546000,1.0,total_received
fd00::20d:d:d:d,1556,1556000,1557000,1.0,total_received
fd00::20d:d:d:d,1566,1566000,1567000,1.0,total_received
fd00::20d:d:d:d,1577,1577000,1578000,1.0,total_received
fd00::20d:d:d:d,1587,1587000,1588000,1.0,total_received
fd00::20d:d:d:d,1598,1598000,1599000,1.0,total_received
fd00::20d:d:d:d,1609,1609000,1610000,1.0,total_received
fd00::20d:d:d:d,1619,1619000,1620000,1.0,total_received
fd00::20d:d:d:d,1630,1630000,1631000,2.0,total_received
fd00::20d:d:d:d,1640,1640000,1641000,1.0,total_received
fd00::20d:d:d:d,1651,1651000,1652000,1.0,total_received
fd00::20d:d:d:d,1661,1661000,1662000,1.0,total_received
fd00::20d:d:d:d,1672,1672000,1673000,1.0,total_received
fd00::20d:d:d:d,1683,1683000,1684000,1.0,total_received
fd00::20d:d:d:d,1693,1693000,1694000,1.0,total_received
fd00::20d:d:d:d,1704,1704000,1705000,1.0,total_received
fd00::20d:d:d:d,1714,1714000,1715000,1.0,total_received
fd00::20d:d:d:d,1725,1725000,1726000,1.0,total_received
fd00::20d:d:d:d,1736,1736000,1737000,1.0,total_received
fd00::20d:d:d:d,1746,1746000,1747000,1.0,total_received
fd00::20d:d:d:d,1757,1757000,1758000,1.0,total_received
fd00::20d:d:d:d,1767,1767000,1768000,1.0,total_received
fd00::20d:d:d:d,1778,1778000,1779000,1.0,total_received
fd00::20d:d:d:d,1788,1788000,1789000,1.0,total_received
fd00::20d:d:d:d,1799,1799000,1800000,1.0,total_received
fd00::20d:d:d:d,1810,1810000,1811000,1.0,total_received
fd00::20d:d:d:d,1820,1820000,1821000,2.0,total_received
fd00::20d:d:d:d,1831,1831000,1832000,1.0,total_received
fd00::20d:d:d:d,1841,1841000,1842000,1.0,total_received
fd00::20d:d:d:d,1852,1852000,1853000,1.0,total_received
fd00::20d:d:d:d,1862,1862000,1863000,1.0,total_received
fd00::20d:d:d:d,1873,1873000,1874000,1.0,total_received
fd00::20d:d:d:d,1884,1884000,1885000,1.0,total_received
fd00::20d:d:d:d,1894,1894000,1895000,1.0,total_received
fd00::20d:d:d:d,1905,1905000,1906000,1.0,total_received
fd00::20d:d:d:d,1915,1915000,1916000,1.0,total_received
fd00::20d:d:d:d,1926,1926000,1927000,0.0,total_received
fd00::20d:d:d:d,1937,1937000,1938000,1.0,total_received
fd00::20d:d:d:d,1947,1947000,1948000,1.0,total_received
fd00::20d:d:d:d,1958,1958000,1959000,1.0,total_received
fd00::20d:d:d:d,1968,1968000,1969000,1.0,total_received
fd00::20d:d:d:d,1979,1979000,1980000,1.0,total_received
fd00::20d:d:d:d,1989,1989000,1990000,1.0,total_received
fd00::20d:d:d:d,2000,2000000,2001000,2.0,total_received
fd00::20d:d:d:d,2011,2011000,2012000,1.0,total_received
fd00::20d:d:d:d,2021,2021000,2022000,1.0,total_received
fd00::20d:d:d:d,2032,2032000,2033000,1.0,total_received
fd00::20d:d:d:d,2042,2042000,2043000,1.0,total_received
fd00::20d:d:d:d,2053,2053000,2054000,1.0,total_received
fd00::20d:d:d:d,2064,2064000,2065000,1.0,total_received
fd00::20d:d:d:d,2074,2074000,2075000,1.0,total_received
fd00::20d:d:d:d,2085,2085000,2086000,1.0,total_received
fd00::20d:d:d:d,2095,2095000,2096000,1.0,total_received
fd00::20d:d:d:d,2106,2106000,2107000,1.0,total_received
fd00::20d:d:d:d,2116,2116000,2117000,1.0,total_received
fd00::20d:d:d:d,2127,2127000,2128000,1.0,total_received
fd00::20d:d:d:d,2138,2138000,2139000,1.0,total_received
fd00::20d:d:d:d,2148,2148000,2149000,1.0,total_received
fd00::20d:d:d:d,2159,2159000,2160000,1.0,total_received
fd00::20d:d:d:d,2169,2169000,2170000,1.0,total_received
fd00::20d:d:d:d,2180,2180000,2181000,2.0,total_received
fd00::20d:d:d:d,2191,2191000,2192000,1.0,total_received
fd00::20d:d:d:d,2201,2201000,2202000,1.0,total_received
fd00::20d:d:d:d,2212,2212000,2213000,1.0,total_received
fd00::20d:d:d:d,2222,2222000,2223000,1.0,total_received
fd00::20d:d:d:d,2233,2233000,2234000,1.0,total_received
fd00::20d:d:d:d,2243,2243000,2244000,1.0,total_received
fd00::20d:d:d:d,2254,2254000,2255000,1.0,total_received
fd00::20d:d:d:d,2265,2265000,2266000,1.0,total_received
fd00::20d:d:d:d,2275,2275000,2276000,1.0,total_received
fd00::20d:d:d:d,2286,2286000,2287000,1.0,total_received
fd00::20d:d:d:d,2296,2296000,2297000,1.0,total_received
fd00::20d:d:d:d,2307,2307000,2308000,1.0,total_received
fd00::20d:d:d:d,2318,2318000,2319000,1.0,total_received
fd00::20d:d:d:d,2328,2328000,2329000,1.0,total_received
fd00::20d:d:d:d,2339,2339000,2340000,1.0,total_received
fd00::20d:d:d:d,2349,2349000,2350000,1.0,total_received
fd00::20d:d:d:d,2360,2360000,2361000,2.0,total_received
fd00::20d:d:d:d,2370,2370000,2371000,1.0,total_received
fd00::20d:d:d:d,2381,2381000,2382000,1.0,total_received
fd00::20d:d:d:d,2392,2392000,2393000,1.0,total_received
fd00::20d:d:d:d,2402,2402000,2403000,1.0,total_received
fd00::20d:d:d:d,2413,2413000,2414000,1.0,total_received
fd00::20d:d:d:d,2423,2423000,2424000,1.0,total_received
fd00::20d:d:d:d,2434,2434000,2435000,1.0,total_received
fd00::20d:d:d:d,2444,2444000,2445000,1.0,total_received
fd00::20d:d:d:d,2455,2455000,2456000,1.0,total_received
fd00::20d:d:d:d,2466,2466000,2467000,1.0,total_received
fd00::20d:d:d:d,2476,2476000,2477000,1.0,total_received
fd00::20d:d:d:d,2487,2487000,2488000,1.0,total_received
fd00::20d:d:d:d,2497,2497000,2498000,1.0,total_received
fd00::20d:d:d:d,2508,2508000,2509000,1.0,total_received
fd00::20d:d:d:d,2519,2519000,2520000,1.0,total_received
fd00::20d:d:d:d,2529,2529000,2530000,1.0,total_received
fd00::20d:d:d:d,2540,2540000,2541000,2.0,total_received
fd00::20d:d:d:d,2550,2550000,2551000,1.0,total_received
fd00::20d:d:d:d,2561,2561000,2562000,1.0,total_received
fd00::20d:d:d:d,2571,2571000,2572000,1.0,total_received
fd00::20d:d:d:d,2582,2582000,2583000,1.0,total_received
fd00::20d:d:d:d,2593,2593000,2594000,1.0,total_received
fd00::20d:d:d:d,2603,2603000,2604000,1.0,total_received
fd00::20d:d:d:d,2614,2614000,2615000,1.0,total_received
fd00::20d:d:d:d,2624,2624000,2625000,1.0,total_received
fd00::20d:d:d:d,2635,2635000,2636000,1.0,total_received
fd00::20d:d:d:d,2646,2646000,2647000,1.0,total_received
fd00::20d:d:d:d,2656,2656000,2657000,1.0,total_received
fd00::20d:d:d:d,2667,2667000,2668000,1.0,total_received
fd00::20d:d:d:d,2677,2677000,2678000,1.0,total_received
fd00::20d:d:d:d,2688,2688000,2689000,1.0,total_received
fd00::20d:d:d:d,2698,2698000,2699000,1.0,total_received
fd00::20d:d:d:d,2709,2709000,2710000,1.0,total_received
fd00::20d:d:d:d,2720,2720000,2721000,1.0,total_received
fd00::20d:d:d:d,2730,2730000,2731000,2.0,total_received
fd00::20d:d:d:d,2741,2741000,2742000,1.0,total_received
fd00::20d:d:d:d,2751,2751000,2752000,1.0,total_received
fd00::20d:d:d:d,2762,2762000,2763000,1.0,total_received
fd00::20d:d:d:d,2773,2773000,2774000,1.0,total_received
fd00::20d:d:d:d,2783,2783000,2784000,1.0,total_received
fd00::20d:d:d:d,2794,2794000,2795000,1.0,total_received
fd00::20d:d:d:d,2804,2804000,2805000,1.0,total_received
fd00::20d:d:d:d,2815,2815000,2816000,1.0,total_received
fd00::20d:d:d:d,2825,2825000,2826000,1.0,total_received
fd00::20d:d:d:d,2836,2836000,2837000,1.0,total_received
fd00::20d:d:d:d,2847,2847000,2848000,1.0,total_received
fd00::20d:d:d:d,2857,2857000,2858000,1.0,total_received
fd00::20d:d:d:d,2868,2868000,2869000,1.0,total_received
fd00::20d:d:d:d,2878,2878000,2879000,1.0,total_received
fd00::20d:d:d:d,2889,2889000,2890000,1.0,total_received
fd00::20d:d:d:d,2900,2900000,2901000,1.0,total_received
fd00::20d:d:d:d,2910,2910000,2911000,2.0,total_received
fd00::20d:d:d:d,2921,2921000,2922000,1.0,total_received
fd00::20d:d:d:d,2931,2931000,2932000,1.0,total_received
fd00::20d:d:d:d,2942,2942000,2943000,1.0,total_received
fd00::20d:d:d:d,2952,2952000,2953000,1.0,total_received
fd00::20d:d:d:d,2963,2963000,2964000,1.0,total_received
fd00::20d:d:d:d,2974,2974000,2975000,1.0,total_received
fd00::20d:d:d:d,2984,2984000,2985000,1.0,total_received
fd00::20d:d:d:d,2995,2995000,2996000,1.0,total_received
fd00::20d:d:d:d,3005,3005000,3006000,1.0,total_received
fd00::20d:d:d:d,3016,3016000,3017000,1.0,total_received
fd00::20d:d:d:d,3026,3026000,3027000,1.0,total_received
fd00::20d:d:d:d,3037,3037000,3038000,1.0,total_received
fd00::20d:d:d:d,3048,3048000,3049000,1.0,total_received
fd00::20d:d:d:d,3058,3058000,3059000,1.0,total_received
fd00::20d:d:d:d,3069,3069000,3070000,1.0,total_received
fd00::20d:d:d:d,3079,3079000,3080000,1.0,total_received
fd00::20d:d:d:d,3090,3090000,3091000,2.0,total_received
fd00::20d:d:d:d,3101,3101000,3102000,1.0,total_received
fd00::20d:d:d:d,3111,3111000,3112000,1.0,total_received
fd00::20d:d:d:d,3122,3122000,3123000,1.0,total_received
fd00::20d:d:d:d,3132,3132000,3133000,1.0,total_received
fd00::20d:d:d:d,3143,3143000,3144000,1.0,total_received
fd00::20d:d:d:d,3153,3153000,3154000,1.0,total_received
fd00::20d:d:d:d,3164,3164000,3165000,1.0,total_received
fd00::20d:d:d:d,3175,3175000,3176000,1.0,total_received
fd00::20d:d:d:d,3185,3185000,3186000,1.0,total_received
fd00::20d:d:d:d,3196,3196000,3197000,1.0,total_received
fd00::20d:d:d:d,3206,3206000,3207000,1.0,total_received
fd00::20d:d:d:d,3217,3217000,3218000,1.0,total_received
fd00::20d:d:d:d,3228,3228000,3229000,1.0,total_received
fd00::20d:d:d:d,3238,3238000,3239000,1.0,total_received
fd00::20d:d:d:d,3249,3249000,3250000,1.0,total_received
fd00::20d:d:d:d,3259,3259000,3260000,1.0,total_received
fd00::20d:d:d:d,3270,3270000,3271000,2.0,total_received
fd00::20d:d:d:d,3280,3280000,3281000,1.0,total_received
fd00::20d:d:d:d,3291,3291000,3292000,1.0,total_received
fd00::20d:d:d:d,3302,3302000,3303000,1.0,total_received
fd00::20d:d:d:d,3312,3312000,3313000,1.0,total_received
fd00::20d:d:d:d,3323,3323000,3324000,1.0,total_received
fd00::20d:d:d:d,3333,3333000,3334000,1.0,total_received
fd00::20d:d:d:d,3344,3344000,3345000,1.0,total_received
fd00::20d:d:d:d,3355,3355000,3356000,1.0,total_received
fd00::20d:d:d:d,3365,3365000,3366000,1.0,total_received
fd00::20d:d:d:d,3376,3376000,3377000,1.0,total_received
fd00::20d:d:d:d,3386,3386000,3387000,1.0,total_received
fd00::20d:d:d:d,3397,3397000,3398000,1.0,total_received
fd00::20d:d:d:d,3407,3407000,3408000,1.0,total_received
fd00::20d:d:d:d,3418,3418000,3419000,1.0,total_received
fd00::20d:d:d:d,3429,3429000,3430000,1.0,total_received
fd00::20d:d:d:d,3439,3439000,3440000,1.0,total_received
fd00::20d:d:d:d,3450,3450000,3451000,1.0,total_received
fd00::20d:d:d:d,3460,3460000,3461000,2.0,total_received
fd00::20d:d:d:d,3471,3471000,3472000,1.0,total_received
fd00::20d:d:d:d,3482,3482000,3483000,1.0,total_received
fd00::20d:d:d:d,3492,3492000,3493000,1.0,total_received
fd00::20d:d:d:d,3503,3503000,3504000,1.0,total_received
fd00::20d:d:d:d,3513,3513000,3514000,1.0,total_received
fd00::20d:d:d:d,3524,3524000,3525000,1.0,total_received
fd00::20d:d:d:d,3534,3534000,3535000,1.0,total_received
fd00::20d:d:d:d,3545,3545000,3546000,1.0,total_received
fd00::20d:d:d:d,3556,3556000,3557000,1.0,total_received
fd00::20d:d:d:d,3566,3566000,3567000,1.0,total_received
fd00::20d:d:d:d,3577,3577000,3578000,1.0,total_received
fd00::20d:d:d:d,3587,3587000,3588000,1.0,total_received
fd00::20d:d:d:d,3598,3598000,3599000,1.0,total_received
fd00::20e:e:e:e,43,43000,44000,0.0,total_received
fd00::20e:e:e:e,96,96000,97000,1.0,total_received
fd00::20e:e:e:e,107,107000,108000,1.0,total_received
fd00::20e:e:e:e,729,729000,730000,33.0,total_received
fd00::20e:e:e:e,740,740000,741000,1.0,total_received
fd00::20e:e:e:e,750,750000,751000,2.0,total_received
fd00::20e:e:e:e,761,761000,762000,0.0,total_received
fd00::20e:e:e:e,793,793000,794000,0.0,total_received
fd00::20e:e:e:e,825,825000,826000,1.0,total_received
fd00::20e:e:e:e,836,836000,837000,1.0,total_received
fd00::20e:e:e:e,847,847000,848000,1.0,total_received
fd00::20e:e:e:e,857,857000,858000,1.0,total_received
fd00::20e:e:e:e,1115,1115000,1116000,12.0,total_received
fd00::20e:e:e:e,1458,1458000,1459000,0.0,total_received
fd00::20e:e:e:e,1469,1469000,1470000,0.0,total_received
fd00::20e:e:e:e,1479,1479000,1480000,1.0,total_received
fd00::20e:e:e:e,1490,1490000,1491000,2.0,total_received
fd00::20e:e:e:e,1501,1501000,1502000,1.0,total_received
fd00::20e:e:e:e,1512,1512000,1513000,1.0,total_received
fd00::20e:e:e:e,1544,1544000,1545000,0.0,total_received
fd00::20e:e:e:e,1576,1576000,1577000,0.0,total_received
fd00::20e:e:e:e,1587,1587000,1588000,1.0,total_received
fd00::20e:e:e:e,1597,1597000,1598000,1.0,total_received
fd00::20e:e:e:e,1608,1608000,1609000,1.0,total_received
fd00::20e:e:e:e,2230,2230000,2231000,32.0,total_received
fd00::20e:e:e:e,2241,2241000,2242000,1.0,total_received
fd00::20e:e:e:e,2262,2262000,2263000,2.0,total_received
fd00::20e:e:e:e,2284,2284000,2285000,0.0,total_received
fd00::20e:e:e:e,2755,2755000,2756000,1.0,total_received
fd00::20e:e:e:e,2766,2766000,2767000,1.0,total_received
fd00::20e:e:e:e,2777,2777000,2778000,1.0,total_received
fd00::20e:e:e:e,2788,2788000,2789000,1.0,total_received
fd00::20e:e:e:e,3495,3495000,3496000,38.0,total_received
fd00::20e:e:e:e,3506,3506000,3507000,1.0,total_received
fd00::20e:e:e:e,3517,3517000,3518000,1.0,total_received
fd00::20e:e:e:e,3528,3528000,3529000,1.0,total_received
fd00::20e:e:e:e,3538,3538000,3539000,1.0,total_received
fd00::20e:e:e:e,3549,3549000,3550000,1.0,total_received
fd00::20e:e:e:e,3581,3581000,3582000,1.0,total_received
fd00::20f:f:f:f,73,73000,74000,0.0,total_received
fd00::20f:f:f:f,84,84000,85000,0.0,total_received
fd00::20f:f:f:f,94,94000,95000,1.0,total_received
fd00::20f:f:f:f,105,105000,106000,1.0,total_received
fd00::20f:f:f:f,126,126000,127000,1.0,total_received
fd00::20f:f:f:f,137,137000,138000,1.0,total_received
fd00::20f:f:f:f,147,147000,148000,1.0,total_received
fd00::20f:f:f:f,158,158000,159000,1.0,total_received
fd00::20f:f:f:f,168,168000,169000,1.0,total_received
fd00::20f:f:f:f,179,179000,180000,1.0,total_received
fd00::20f:f:f:f,189,189000,190000,1.0,total_received
fd00::20f:f:f:f,200,200000,201000,1.0,total_received
fd00::20f:f:f:f,210,210000,211000,2.0,total_received
fd00::20f:f:f:f,221,221000,222000,1.0,total_received
fd00::20f:f:f:f,231,231000,232000,0.0,total_received
fd00::20f:f:f:f,242,242000,243000,1.0,total_received
fd00::20f:f:f:f,252,252000,253000,1.0,total_received
fd00::20f:f:f:f,263,263000,264000,1.0,total_received
fd00::20f:f:f:f,273,273000,274000,1.0,total_received
fd00::20f:f:f:f,284,284000,285000,1.0,total_received
fd00::20f:f:f:f,294,294000,295000,1.0,total_received
fd00::20f:f:f:f,305,305000,306000,1.0,total_received
fd00::20f:f:f:f,315,315000,316000,1.0,total_received
fd00::20f:f:f:f,326,326000,327000,1.0,total_received
fd00::20f:f:f:f,347,347000,348000,1.0,total_received
fd00::20f:f:f:f,358,358000,359000,1.0,total_received
fd00::20f:f:f:f,368,368000,369000,1.0,total_received
fd00::20f:f:f:f,379,379000,380000,1.0,total_received
fd00::20f:f:f:f,389,389000,390000,1.0,total_received
fd00::20f:f:f:f,400,400000,401000,1.0,total_received
fd00::20f:f:f:f,410,410000,411000,2.0,total_received
fd00::20f:f:f:f,421,421000,422000,1.0,total_received
fd00::20f:f:f:f,431,431000,432000,1.0,total_received
fd00::20f:f:f:f,452,452000,453000,1.0,total_received
fd00::20f:f:f:f,463,463000,464000,1.0,total_received
fd00::20f:f:f:f,473,473000,474000,1.0,total_received
fd00::20f:f:f:f,484,484000,485000,1.0,total_received
fd00::20f:f:f:f,494,494000,495000,1.0,total_received
fd00::20f:f:f:f,505,505000,506000,0.0,total_received
fd00::20f:f:f:f,516,516000,517000,1.0,total_received
fd00::20f:f:f:f,526,526000,527000,1.0,total_received
fd00::20f:f:f:f,537,537000,538000,1.0,total_received
fd00::20f:f:f:f,558,558000,559000,1.0,total_received
fd00::20f:f:f:f,568,568000,569000,1.0,total_received
fd00::20f:f:f:f,579,579000,580000,1.0,total_received
fd00::20f:f:f:f,589,589000,590000,1.0,total_received
fd00::20f:f:f:f,610,610000,611000,3.0,total_received
fd00::20f:f:f:f,621,621000,622000,1.0,total_received
fd00::20f:f:f:f,631,631000,632000,1.0,total_received
fd00::20f:f:f:f,642,642000,643000,0.0,total_received
fd00::20f:f:f:f,663,663000,664000,0.0,total_received
fd00::20f:f:f:f,673,673000,674000,1.0,total_received
fd00::20f:f:f:f,684,684000,685000,1.0,total_received
fd00::20f:f:f:f,694,694000,695000,1.0,total_received
fd00::20f:f:f:f,705,705000,706000,1.0,total_received
fd00::20f:f:f:f,715,715000,716000,0.0,total_received
fd00::20f:f:f:f,726,726000,727000,1.0,total_received
fd00::20f:f:f:f,737,737000,738000,1.0,total_received
fd00::20f:f:f:f,747,747000,748000,1.0,total_received
fd00::20f:f:f:f,768,768000,769000,1.0,total_received
fd00::20f:f:f:f,779,779000,780000,1.0,total_received
fd00::20f:f:f:f,789,789000,790000,1.0,total_received
fd00::20f:f:f:f,800,800000,801000,0.0,total_received
fd00::20f:f:f:f,810,810000,811000,2.0,total_received
fd00::20f:f:f:f,821,821000,822000,0.0,total_received
fd00::20f:f:f:f,831,831000,832000,1.0,total_received
fd00::20f:f:f:f,842,842000,843000,1.0,total_received
fd00::20f:f:f:f,852,852000,853000,1.0,total_received
fd00::20f:f:f:f,863,863000,864000,1.0,total_received
fd00::20f:f:f:f,873,873000,874000,0.0,total_received
fd00::20f:f:f:f,884,884000,885000,1.0,total_received
fd00::20f:f:f:f,895,895000,896000,0.0,total_received
fd00::20f:f:f:f,905,905000,906000,1.0,total_received
fd00::20f:f:f:f,916,916000,917000,1.0,total_received
fd00::20f:f:f:f,926,926000,927000,1.0,total_received
fd00::20f:f:f:f,937,937000,938000,1.0,total_received
fd00::20f:f:f:f,947,947000,948000,1.0,total_received
fd00::20f:f:f:f,958,958000,959000,1.0,total_received
fd00::20f:f:f:f,968,968000,969000,1.0,total_received
fd00::20f:f:f:f,989,989000,990000,2.0,total_received
fd00::20f:f:f:f,1000,1000000,1001000,1.0,total_received
fd00::20f:f:f:f,1010,1010000,1011000,2.0,total_received
fd00::20f:f:f:f,1021,1021000,1022000,1.0,total_received
fd00::20f:f:f:f,1031,1031000,1032000,1.0,total_received
fd00::20f:f:f:f,1042,1042000,1043000,1.0,total_received
fd00::20f:f:f:f,1052,1052000,1053000,1.0,total_received
fd00::20f:f:f:f,1063,1063000,1064000,1.0,total_received
fd00::20f:f:f:f,1073,1073000,1074000,1.0,total_received
fd00::20f:f:f:f,1095,1095000,1096000,1.0,total_received
fd00::20f:f:f:f,1105,1105000,1106000,1.0,total_received
fd00::20f:f:f:f,1116,1116000,1117000,1.0,total_received
fd00::20f:f:f:f,1126,1126000,1127000,1.0,total_received
fd00::20f:f:f:f,1137,1137000,1138000,1.0,total_received
fd00::20f:f:f:f,1147,1147000,1148000,1.0,total_received
fd00::20f:f:f:f,1158,1158000,1159000,1.0,total_received
fd00::20f:f:f:f,1168,1168000,1169000,1.0,total_received
fd00::20f:f:f:f,1179,1179000,1180000,1.0,total_received
fd00::20f:f:f:f,1200,1200000,1201000,1.0,total_received
fd00::20f:f:f:f,1210,1210000,1211000,2.0,total_received
fd00::20f:f:f:f,1221,1221000,1222000,1.0,total_received
fd00::20f:f:f:f,1231,1231000,1232000,1.0,total_received
fd00::20f:f:f:f,1242,1242000,1243000,1.0,total_received
fd00::20f:f:f:f,1252,1252000,1253000,1.0,total_received
fd00::20f:f:f:f,1263,1263000,1264000,1.0,total_received
fd00::20f:f:f:f,1273,1273000,1274000,1.0,total_received
fd00::20f:f:f:f,1284,1284000,1285000,1.0,total_received
fd00::20f:f:f:f,1305,1305000,1306000,1.0,total_received
fd00::20f:f:f:f,1316,1316000,1317000,1.0,total_received
fd00::20f:f:f:f,1326,1326000,1327000,1.0,total_received
fd00::20f:f:f:f,1337,1337000,1338000,1.0,total_received
fd00::20f:f:f:f,1347,1347000,1348000,1.0,total_received
fd00::20f:f:f:f,1358,1358000,1359000,1.0,total_received
fd00::20f:f:f:f,1368,1368000,1369000,1.0,total_received
fd00::20f:f:f:f,1379,1379000,1380000,1.0,total_received
fd00::20f:f:f:f,1389,1389000,1390000,1.0,total_received
fd00::20f:f:f:f,1410,1410000,1411000,2.0,total_received
fd00::20f:f:f:f,1421,1421000,1422000,1.0,total_received
fd00::20f:f:f:f,1431,1431000,1432000,1.0,total_received
fd00::20f:f:f:f,1442,1442000,1443000,1.0,total_received
fd00::20f:f:f:f,1452,1452000,1453000,1.0,total_received
fd00::20f:f:f:f,1463,1463000,1464000,1.0,total_received
fd00::20f:f:f:f,1473,1473000,1474000,1.0,total_received
fd00::20f:f:f:f,1484,1484000,1485000,1.0,total_received
fd00::20f:f:f:f,1494,1494000,1495000,1.0,total_received
fd00::20f:f:f:f,1505,1505000,1506000,1.0,total_received
fd00::20f:f:f:f,1516,1516000,1517000,0.0,total_received
fd00::20f:f:f:f,1526,1526000,1527000,1.0,total_received
fd00::20f:f:f:f,1537,1537000,1538000,1.0,total_received
fd00::20f:f:f:f,1547,1547000,1548000,1.0,total_received
fd00::20f:f:f:f,1558,1558000,1559000,1.0,total_received
fd00::20f:f:f:f,1568,1568000,1569000,1.0,total_received
fd00::20f:f:f:f,1579,1579000,1580000,1.0,total_received
fd00::20f:f:f:f,1589,1589000,1590000,1.0,total_received
fd00::20f:f:f:f,1600,1600000,1601000,1.0,total_received
fd00::20f:f:f:f,1610,1610000,1611000,2.0,total_received
fd00::20f:f:f:f,1631,1631000,1632000,1.0,total_received
fd00::20f:f:f:f,1642,1642000,1643000,1.0,total_received
fd00::20f:f:f:f,1652,1652000,1653000,1.0,total_received
fd00::20f:f:f:f,1663,1663000,1664000,1.0,total_received
fd00::20f:f:f:f,1674,1674000,1675000,1.0,total_received
fd00::20f:f:f:f,1684,1684000,1685000,1.0,total_received
fd00::20f:f:f:f,1695,1695000,1696000,1.0,total_received
fd00::20f:f:f:f,1705,1705000,1706000,1.0,total_received
fd00::20f:f:f:f,1716,1716000,1717000,1.0,total_received
fd00::20f:f:f:f,1737,1737000,1738000,1.0,total_received
fd00::20f:f:f:f,1747,1747000,1748000,1.0,total_received
fd00::20f:f:f:f,1758,1758000,1759000,1.0,total_received
fd00::20f:f:f:f,1768,1768000,1769000,1.0,total_received
fd00::20f:f:f:f,1779,1779000,1780000,1.0,total_received
fd00::20f:f:f:f,1789,1789000,1790000,1.0,total_received
fd00::20f:f:f:f,1800,1800000,1801000,1.0,total_received
fd00::20f:f:f:f,1810,1810000,1811000,2.0,total_received
fd00::20f:f:f:f,1821,1821000,1822000,1.0,total_received
fd00::20f:f:f:f,1842,1842000,1843000,1.0,total_received
fd00::20f:f:f:f,1852,1852000,1853000,1.0,total_received
fd00::20f:f:f:f,1863,1863000,1864000,1.0,total_received
fd00::20f:f:f:f,1873,1873000,1874000,1.0,total_received
fd00::20f:f:f:f,1884,1884000,1885000,1.0,total_received
fd00::20f:f:f:f,1895,1895000,1896000,1.0,total_received
fd00::20f:f:f:f,1905,1905000,1906000,1.0,total_received
fd00::20f:f:f:f,1916,1916000,1917000,1.0,total_received
fd00::20f:f:f:f,1926,1926000,1927000,1.0,total_received
fd00::20f:f:f:f,1947,1947000,1948000,1.0,total_received
fd00::20f:f:f:f,1958,1958000,1959000,1.0,total_received
fd00::20f:f:f:f,1968,1968000,1969000,1.0,total_received
fd00::20f:f:f:f,1979,1979000,1980000,1.0,total_received
fd00::20f:f:f:f,1989,1989000,1990000,1.0,total_received
fd00::20f:f:f:f,2000,2000000,2001000,1.0,total_received
fd00::20f:f:f:f,2010,2010000,2011000,2.0,total_received
fd00::20f:f:f:f,2021,2021000,2022000,1.0,total_received
fd00::20f:f:f:f,2031,2031000,2032000,1.0,total_received
fd00::20f:f:f:f,2052,2052000,2053000,2.0,total_received
fd00::20f:f:f:f,2063,2063000,2064000,1.0,total_received
fd00::20f:f:f:f,2074,2074000,2075000,1.0,total_received
fd00::20f:f:f:f,2084,2084000,2085000,1.0,total_received
fd00::20f:f:f:f,2095,2095000,2096000,1.0,total_received
fd00::20f:f:f:f,2105,2105000,2106000,1.0,total_received
fd00::20f:f:f:f,2116,2116000,2117000,1.0,total_received
fd00::20f:f:f:f,2126,2126000,2127000,1.0,total_received
fd00::20f:f:f:f,2137,2137000,2138000,1.0,total_received
fd00::20f:f:f:f,2158,2158000,2159000,1.0,total_received
fd00::20f:f:f:f,2168,2168000,2169000,1.0,total_received
fd00::20f:f:f:f,2179,2179000,2180000,1.0,total_received
fd00::20f:f:f:f,2189,2189000,2190000,1.0,total_received
fd00::20f:f:f:f,2200,2200000,2201000,1.0,total_received
fd00::20f:f:f:f,2210,2210000,2211000,2.0,total_received
fd00::20f:f:f:f,2221,2221000,2222000,0.0,total_received
fd00::20f:f:f:f,2231,2231000,2232000,1.0,total_received
fd00::20f:f:f:f,2242,2242000,2243000,1.0,total_received
fd00::20f:f:f:f,2252,2252000,2253000,1.0,total_received
fd00::20f:f:f:f,2273,2273000,2274000,1.0,total_received
fd00::20f:f:f:f,2284,2284000,2285000,1.0,total_received
fd00::20f:f:f:f,2295,2295000,2296000,1.0,total_received
fd00::20f:f:f:f,2305,2305000,2306000,0.0,total_received
fd00::20f:f:f:f,2316,2316000,2317000,1.0,total_received
fd00::20f:f:f:f,2326,2326000,2327000,0.0,total_received
fd00::20f:f:f:f,2337,2337000,2338000,0.0,total_received
fd00::20f:f:f:f,2347,2347000,2348000,1.0,total_received
fd00::20f:f:f:f,2358,2358000,2359000,1.0,total_received
fd00::20f:f:f:f,2379,2379000,2380000,1.0,total_received
fd00::20f:f:f:f,2389,2389000,2390000,1.0,total_received
fd00::20f:f:f:f,2400,2400000,2401000,2.0,total_received
fd00::20f:f:f:f,2410,2410000,2411000,1.0,total_received
fd00::20f:f:f:f,2421,2421000,2422000,1.0,total_received
fd00::20f:f:f:f,2431,2431000,2432000,1.0,total_received
fd00::20f:f:f:f,2442,2442000,2443000,1.0,total_received
fd00::20f:f:f:f,2452,2452000,2453000,1.0,total_received
fd00::20f:f:f:f,2463,2463000,2464000,1.0,total_received
fd00::20f:f:f:f,2484,2484000,2485000,1.0,total_received
fd00::20f:f:f:f,2495,2495000,2496000,1.0,total_received
fd00::20f:f:f:f,2505,2505000,2506000,1.0,total_received
fd00::20f:f:f:f,2516,2516000,2517000,1.0,total_received
fd00::20f:f:f:f,2526,2526000,2527000,1.0,total_received
fd00::20f:f:f:f,2537,2537000,2538000,1.0,total_received
fd00::20f:f:f:f,2547,2547000,2548000,1.0,total_received
fd00::20f:f:f:f,2558,2558000,2559000,1.0,total_received
fd00::20f:f:f:f,2568,2568000,2569000,1.0,total_received
fd00::20f:f:f:f,2589,2589000,2590000,1.0,total_received
fd00::20f:f:f:f,2600,2600000,2601000,1.0,total_received
fd00::20f:f:f:f,2610,2610000,2611000,2.0,total_received
fd00::20f:f:f:f,2621,2621000,2622000,1.0,total_received
fd00::20f:f:f:f,2631,2631000,2632000,1.0,total_received
fd00::20f:f:f:f,2642,2642000,2643000,1.0,total_received
fd00::20f:f:f:f,2653,2653000,2654000,1.0,total_received
fd00::20f:f:f:f,2663,2663000,2664000,1.0,total_received
fd00::20f:f:f:f,2674,2674000,2675000,1.0,total_received
fd00::20f:f:f:f,2695,2695000,2696000,1.0,total_received
fd00::20f:f:f:f,2705,2705000,2706000,1.0,total_received
fd00::20f:f:f:f,2716,2716000,2717000,1.0,total_received
fd00::20f:f:f:f,2726,2726000,2727000,1.0,total_received
fd00::20f:f:f:f,2737,2737000,2738000,1.0,total_received
fd00::20f:f:f:f,2747,2747000,2748000,1.0,total_received
fd00::20f:f:f:f,2758,2758000,2759000,1.0,total_received
fd00::20f:f:f:f,2768,2768000,2769000,1.0,total_received
fd00::20f:f:f:f,2779,2779000,2780000,1.0,total_received
fd00::20f:f:f:f,2800,2800000,2801000,1.0,total_received
fd00::20f:f:f:f,2810,2810000,2811000,2.0,total_received
fd00::20f:f:f:f,2821,2821000,2822000,1.0,total_received
fd00::20f:f:f:f,2831,2831000,2832000,1.0,total_received
fd00::20f:f:f:f,2842,2842000,2843000,1.0,total_received
fd00::20f:f:f:f,2852,2852000,2853000,1.0,total_received
fd00::20f:f:f:f,2863,2863000,2864000,1.0,total_received
fd00::20f:f:f:f,2874,2874000,2875000,1.0,total_received
fd00::20f:f:f:f,2884,2884000,2885000,1.0,total_received
fd00::20f:f:f:f,2895,2895000,2896000,1.0,total_received
fd00::20f:f:f:f,2905,2905000,2906000,0.0,total_received
fd00::20f:f:f:f,2916,2916000,2917000,1.0,total_received
fd00::20f:f:f:f,2926,2926000,2927000,1.0,total_received
fd00::20f:f:f:f,2937,2937000,2938000,1.0,total_received
fd00::20f:f:f:f,2947,2947000,2948000,1.0,total_received
fd00::20f:f:f:f,2958,2958000,2959000,1.0,total_received
fd00::20f:f:f:f,2968,2968000,2969000,1.0,total_received
fd00::20f:f:f:f,2979,2979000,2980000,1.0,total_received
fd00::20f:f:f:f,2989,2989000,2990000,1.0,total_received
fd00::20f:f:f:f,3000,3000000,3001000,1.0,total_received
fd00::20f:f:f:f,3021,3021000,3022000,2.0,total_received
fd00::20f:f:f:f,3031,3031000,3032000,1.0,total_received
fd00::20f:f:f:f,3042,3042000,3043000,1.0,total_received
fd00::20f:f:f:f,3053,3053000,3054000,1.0,total_received
fd00::20f:f:f:f,3063,3063000,3064000,1.0,total_received
fd00::20f:f:f:f,3074,3074000,3075000,1.0,total_received
fd00::20f:f:f:f,3084,3084000,3085000,1.0,total_received
fd00::20f:f:f:f,3095,3095000,3096000,1.0,total_received
fd00::20f:f:f:f,3105,3105000,3106000,1.0,total_received
fd00::20f:f:f:f,3126,3126000,3127000,2.0,total_received
fd00::20f:f:f:f,3137,3137000,3138000,1.0,total_received
fd00::20f:f:f:f,3147,3147000,3148000,1.0,total_received
fd00::20f:f:f:f,3158,3158000,3159000,1.0,total_received
fd00::20f:f:f:f,3168,3168000,3169000,1.0,total_received
fd00::20f:f:f:f,3179,3179000,3180000,1.0,total_received
fd00::20f:f:f:f,3189,3189000,3190000,1.0,total_received
fd00::20f:f:f:f,3200,3200000,3201000,2.0,total_received
fd00::20f:f:f:f,3210,3210000,3211000,1.0,total_received
fd00::20f:f:f:f,3231,3231000,3232000,1.0,total_received
fd00::20f:f:f:f,3242,3242000,3243000,1.0,total_received
fd00::20f:f:f:f,3253,3253000,3254000,1.0,total_received
fd00::20f:f:f:f,3263,3263000,3264000,1.0,total_received
fd00::20f:f:f:f,3274,3274000,3275000,1.0,total_received
fd00::20f:f:f:f,3284,3284000,3285000,1.0,total_received
fd00::20f:f:f:f,3295,3295000,3296000,1.0,total_received
fd00::20f:f:f:f,3305,3305000,3306000,1.0,total_received
fd00::20f:f:f:f,3316,3316000,3317000,1.0,total_received
fd00::20f:f:f:f,3337,3337000,3338000,1.0,total_received
fd00::20f:f:f:f,3347,3347000,3348000,1.0,total_received
fd00::20f:f:f:f,3358,3358000,3359000,1.0,total_received
fd00::20f:f:f:f,3368,3368000,3369000,1.0,total_received
fd00::20f:f:f:f,3379,3379000,3380000,1.0,total_received
fd00::20f:f:f:f,3389,3389000,3390000,1.0,total_received
fd00::20f:f:f:f,3400,3400000,3401000,2.0,total_received
fd00::20f:f:f:f,3410,3410000,3411000,1.0,total_received
fd00::20f:f:f:f,3421,3421000,3422000,1.0,total_received
fd00::20f:f:f:f,3442,3442000,3443000,1.0,total_received
fd00::20f:f:f:f,3453,3453000,3454000,1.0,total_received
fd00::20f:f:f:f,3463,3463000,3464000,1.0,total_received
fd00::20f:f:f:f,3474,3474000,3475000,1.0,total_received
fd00::20f:f:f:f,3484,3484000,3485000,1.0,total_received
fd00::20f:f:f:f,3495,3495000,3496000,1.0,total_received
fd00::20f:f:f:f,3505,3505000,3506000,1.0,total_received
fd00::20f:f:f:f,3516,3516000,3517000,1.0,total_received
fd00::20f:f:f:f,3526,3526000,3527000,1.0,total_received
fd00::20f:f:f:f,3537,3537000,3538000,1.0,total_received
fd00::20f:f:f:f,3547,3547000,3548000,0.0,total_received
fd00::20f:f:f:f,3558,3558000,3559000,1.0,total_received
fd00::20f:f:f:f,3568,3568000,3569000,1.0,total_received
fd00::20f:f:f:f,3579,3579000,3580000,1.0,total_received
fd00::20f:f:f:f,3589,3589000,3590000,1.0,total_received
fd00::210:10:10:10,51,51000,52000,0.0,total_received
fd00::210:10:10:10,62,62000,63000,0.0,total_received
fd00::210:10:10:10,93,93000,94000,0.0,total_received
fd00::210:10:10:10,103,103000,104000,0.0,total_received
fd00::210:10:10:10,114,114000,115000,0.0,total_received
fd00::210:10:10:10,124,124000,125000,0.0,total_received
fd00::210:10:10:10,549,549000,550000,0.0,total_received
fd00::210:10:10:10,974,974000,975000,6.0,total_received
fd00::210:10:10:10,1005,1005000,1006000,0.0,total_received
fd00::210:10:10:10,1026,1026000,1027000,0.0,total_received
fd00::210:10:10:10,1037,1037000,1038000,0.0,total_received
fd00::210:10:10:10,1555,1555000,1556000,0.0,total_received
fd00::210:10:10:10,2094,2094000,2095000,0.0,total_received
fd00::210:10:10:10,2105,2105000,2106000,0.0,total_received
fd00::210:10:10:10,2198,2198000,2199000,0.0,total_received
fd00::210:10:10:10,2374,2374000,2375000,2.0,total_received
fd00::210:10:10:10,2882,2882000,2883000,0.0,total_received
fd00::210:10:10:10,2893,2893000,2894000,0.0,total_received
fd00::210:10:10:10,2903,2903000,2904000,0.0,total_received
fd00::210:10:10:10,2955,2955000,2956000,0.0,total_received
fd00::210:10:10:10,2986,2986000,2987000,0.0,total_received
fd00::210:10:10:10,2996,2996000,2997000,0.0,total_received
fd00::210:10:10:10,3007,3007000,3008000,0.0,total_received
fd00::211:11:11:11,64,64000,65000,0.0,total_received
fd00::211:11:11:11,75,75000,76000,0.0,total_received
fd00::211:11:11:11,86,86000,87000,0.0,total_received
fd00::211:11:11:11,97,97000,98000,0.0,total_received
fd00::211:11:11:11,107,107000,108000,0.0,total_received
fd00::211:11:11:11,118,118000,119000,0.0,total_received
fd00::211:11:11:11,129,129000,130000,0.0,total_received
fd00::211:11:11:11,150,150000,151000,0.0,total_received
fd00::211:11:11:11,161,161000,162000,0.0,total_received
fd00::211:11:11:11,172,172000,173000,0.0,total_received
fd00::211:11:11:11,182,182000,183000,0.0,total_received
fd00::211:11:11:11,193,193000,194000,0.0,total_received
fd00::211:11:11:11,204,204000,205000,0.0,total_received
fd00::211:11:11:11,214,214000,215000,0.0,total_received
fd00::211:11:11:11,225,225000,226000,0.0,total_received
fd00::211:11:11:11,236,236000,237000,0.0,total_received
fd00::211:11:11:11,257,257000,258000,0.0,total_received
fd00::211:11:11:11,268,268000,269000,0.0,total_received
fd00::211:11:11:11,279,279000,280000,0.0,total_received
fd00::211:11:11:11,289,289000,290000,0.0,total_received
fd00::211:11:11:11,300,300000,301000,0.0,total_received
fd00::211:11:11:11,311,311000,312000,0.0,total_received
fd00::211:11:11:11,322,322000,323000,0.0,total_received
fd00::211:11:11:11,332,332000,333000,0.0,total_received
fd00::211:11:11:11,343,343000,344000,0.0,total_received
fd00::211:11:11:11,364,364000,365000,0.0,total_received
fd00::211:11:11:11,375,375000,376000,0.0,total_received
fd00::211:11:11:11,386,386000,387000,0.0,total_received
fd00::211:11:11:11,397,397000,398000,0.0,total_received
fd00::211:11:11:11,407,407000,408000,0.0,total_received
fd00::211:11:11:11,418,418000,419000,0.0,total_received
fd00::211:11:11:11,429,429000,430000,0.0,total_received
fd00::211:11:11:11,440,440000,441000,0.0,total_received
fd00::211:11:11:11,450,450000,451000,0.0,total_received
fd00::211:11:11:11,472,472000,473000,0.0,total_received
fd00::211:11:11:11,482,482000,483000,0.0,total_received
fd00::211:11:11:11,493,493000,494000,0.0,total_received
fd00::211:11:11:11,504,504000,505000,0.0,total_received
fd00::211:11:11:11,515,515000,516000,0.0,total_received
fd00::211:11:11:11,525,525000,526000,0.0,total_received
fd00::211:11:11:11,536,536000,537000,0.0,total_received
fd00::211:11:11:11,547,547000,548000,0.0,total_received
fd00::211:11:11:11,558,558000,559000,0.0,total_received
fd00::211:11:11:11,579,579000,580000,0.0,total_received
fd00::211:11:11:11,922,922000,923000,0.0,total_received
fd00::211:11:11:11,933,933000,934000,0.0,total_received
fd00::211:11:11:11,943,943000,944000,0.0,total_received
fd00::211:11:11:11,954,954000,955000,0.0,total_received
fd00::211:11:11:11,965,965000,966000,0.0,total_received
fd00::211:11:11:11,976,976000,977000,0.0,total_received
fd00::211:11:11:11,986,986000,987000,0.0,total_received
fd00::211:11:11:11,1008,1008000,1009000,0.0,total_received
fd00::211:11:11:11,1018,1018000,1019000,0.0,total_received
fd00::211:11:11:11,1029,1029000,1030000,0.0,total_received
fd00::211:11:11:11,1040,1040000,1041000,0.0,total_received
fd00::211:11:11:11,1051,1051000,1052000,0.0,total_received
fd00::211:11:11:11,1061,1061000,1062000,0.0,total_received
fd00::211:11:11:11,1072,1072000,1073000,0.0,total_received
fd00::211:11:11:11,1083,1083000,1084000,0.0,total_received
fd00::211:11:11:11,1093,1093000,1094000,0.0,total_received
fd00::211:11:11:11,1115,1115000,1116000,0.0,total_received
fd00::211:11:11:11,1126,1126000,1127000,0.0,total_received
fd00::211:11:11:11,1136,1136000,1137000,0.0,total_received
fd00::211:11:11:11,1147,1147000,1148000,0.0,total_received
fd00::211:11:11:11,1158,1158000,1159000,0.0,total_received
fd00::211:11:11:11,1169,1169000,1170000,0.0,total_received
fd00::211:11:11:11,1179,1179000,1180000,0.0,total_received
fd00::211:11:11:11,1190,1190000,1191000,0.0,total_received
fd00::211:11:11:11,1201,1201000,1202000,0.0,total_received
fd00::211:11:11:11,1222,1222000,1223000,0.0,total_received
fd00::211:11:11:11,1233,1233000,1234000,0.0,total_received
fd00::211:11:11:11,1244,1244000,1245000,0.0,total_received
fd00::211:11:11:11,1254,1254000,1255000,0.0,total_received
fd00::211:11:11:11,1265,1265000,1266000,0.0,total_received
fd00::211:11:11:11,1276,1276000,1277000,0.0,total_received
fd00::211:11:11:11,1286,1286000,1287000,0.0,total_received
fd00::211:11:11:11,1297,1297000,1298000,0.0,total_received
fd00::211:11:11:11,1308,1308000,1309000,0.0,total_received
fd00::211:11:11:11,1329,1329000,1330000,0.0,total_received
fd00::211:11:11:11,1340,1340000,1341000,0.0,total_received
fd00::211:11:11:11,1351,1351000,1352000,0.0,total_received
fd00::211:11:11:11,1361,1361000,1362000,0.0,total_received
fd00::211:11:11:11,1372,1372000,1373000,0.0,total_received
fd00::211:11:11:11,1383,1383000,1384000,0.0,total_received
fd00::211:11:11:11,1394,1394000,1395000,0.0,total_received
fd00::211:11:11:11,1404,1404000,1405000,0.0,total_received
fd00::211:11:11:11,1415,1415000,1416000,0.0,total_received
fd00::211:11:11:11,1437,1437000,1438000,0.0,total_received
fd00::211:11:11:11,1447,1447000,1448000,0.0,total_received
fd00::211:11:11:11,1458,1458000,1459000,0.0,total_received
fd00::211:11:11:11,1469,1469000,1470000,0.0,total_received
fd00::211:11:11:11,1479,1479000,1480000,0.0,total_received
fd00::211:11:11:11,1490,1490000,1491000,0.0,total_received
fd00::211:11:11:11,1501,1501000,1502000,0.0,total_received
fd00::211:11:11:11,1512,1512000,1513000,0.0,total_received
fd00::211:11:11:11,2316,2316000,2317000,0.0,total_received
fd00::211:11:11:11,2326,2326000,2327000,0.0,total_received
fd00::211:11:11:11,2337,2337000,2338000,0.0,total_received
fd00::211:11:11:11,2348,2348000,2349000,0.0,total_received
fd00::211:11:11:11,2358,2358000,2359000,0.0,total_received
fd00::211:11:11:11,2369,2369000,2370000,0.0,total_received
fd00::211:11:11:11,2712,2712000,2713000,0.0,total_received
fd00::211:11:11:11,2734,2734000,2735000,0.0,total_received
fd00::211:11:11:11,2744,2744000,2745000,0.0,total_received
fd00::211:11:11:11,2755,2755000,2756000,0.0,total_received
fd00::211:11:11:11,2766,2766000,2767000,0.0,total_received
fd00::211:11:11:11,2776,2776000,2777000,0.0,total_received
fd00::211:11:11:11,2787,2787000,2788000,0.0,total_received
fd00::211:11:11:11,2798,2798000,2799000,0.0,total_received
fd00::211:11:11:11,2905,2905000,2906000,0.0,total_received
fd00::211:11:11:11,3430,3430000,3431000,0.0,total_received
fd00::211:11:11:11,3441,3441000,3442000,0.0,total_received
fd00::212:12:12:12,30,30000,31000,0.0,total_received
fd00::212:12:12:12,50,50000,51000,1.0,total_received
fd00::212:12:12:12,60,60000,61000,1.0,total_received
fd00::212:12:12:12,90,90000,91000,1.0,total_received
fd00::212:12:12:12,100,100000,101000,1.0,total_received
fd00::212:12:12:12,110,110000,111000,1.0,total_received
fd00::212:12:12:12,120,120000,121000,1.0,total_received
fd00::212:12:12:12,864,864000,865000,15.0,total_received
fd00::212:12:12:12,1366,1366000,1367000,7.0,total_received
fd00::212:12:12:12,1377,1377000,1378000,0.0,total_received
fd00::212:12:12:12,1387,1387000,1388000,1.0,total_received
fd00::212:12:12:12,1397,1397000,1398000,1.0,total_received
fd00::212:12:12:12,1407,1407000,1408000,1.0,total_received
fd00::212:12:12:12,1879,1879000,1880000,25.0,total_received
fd00::212:12:12:12,2000,2000000,2001000,2.0,total_received
fd00::212:12:12:12,2010,2010000,2011000,1.0,total_received
fd00::212:12:12:12,2020,2020000,2021000,1.0,total_received
fd00::212:12:12:12,2030,2030000,2031000,2.0,total_received
fd00::212:12:12:12,2040,2040000,2041000,1.0,total_received
fd00::212:12:12:12,2573,2573000,2574000,30.0,total_received
fd00::212:12:12:12,2583,2583000,2584000,1.0,total_received
fd00::212:12:12:12,2613,2613000,2614000,0.0,total_received
fd00::212:12:12:12,3085,3085000,3086000,7.0,total_received
fd00::212:12:12:12,3095,3095000,3096000,1.0,total_received
fd00::212:12:12:12,3105,3105000,3106000,1.0,total_received
fd00::212:12:12:12,3115,3115000,3116000,1.0,total_received
fd00::212:12:12:12,3145,3145000,3146000,0.0,total_received
fd00::212:12:12:12,3256,3256000,3257000,0.0,total_received
fd00::213:13:13:13,75,75000,76000,0.0,total_received
fd00::213:13:13:13,86,86000,87000,0.0,total_received
fd00::213:13:13:13,96,96000,97000,0.0,total_received
fd00::213:13:13:13,107,107000,108000,0.0,total_received
fd00::213:13:13:13,481,481000,482000,0.0,total_received
fd00::213:13:13:13,492,492000,493000,0.0,total_received
fd00::213:13:13:13,503,503000,504000,0.0,total_received
fd00::213:13:13:13,513,513000,514000,0.0,total_received
fd00::213:13:13:13,524,524000,525000,0.0,total_received
fd00::213:13:13:13,535,535000,536000,0.0,total_received
fd00::213:13:13:13,1134,1134000,1135000,0.0,total_received
fd00::213:13:13:13,1145,1145000,1146000,0.0,total_received
fd00::213:13:13:13,1155,1155000,1156000,0.0,total_received
fd00::213:13:13:13,1166,1166000,1167000,0.0,total_received
fd00::213:13:13:13,1177,1177000,1178000,0.0,total_received
fd00::213:13:13:13,1572,1572000,1573000,0.0,total_received
fd00::213:13:13:13,1583,1583000,1584000,0.0,total_received
fd00::213:13:13:13,1594,1594000,1595000,0.0,total_received
fd00::213:13:13:13,1605,1605000,1606000,0.0,total_received
fd00::213:13:13:13,2000,2000000,2001000,0.0,total_received
fd00::213:13:13:13,2011,2011000,2012000,0.0,total_received
fd00::213:13:13:13,2022,2022000,2023000,0.0,total_received
fd00::213:13:13:13,2032,2032000,2033000,0.0,total_received
fd00::213:13:13:13,2514,2514000,2515000,0.0,total_received
fd00::213:13:13:13,2524,2524000,2525000,0.0,total_received
fd00::213:13:13:13,2535,2535000,2536000,0.0,total_received
fd00::213:13:13:13,2546,2546000,2547000,0.0,total_received
fd00::213:13:13:13,2557,2557000,2558000,0.0,total_received
fd00::213:13:13:13,2567,2567000,2568000,0.0,total_received
fd00::213:13:13:13,2963,2963000,2964000,0.0,total_received
fd00::213:13:13:13,2974,2974000,2975000,0.0,total_received
fd00::213:13:13:13,2984,2984000,2985000,0.0,total_received
fd00::213:13:13:13,2995,2995000,2996000,0.0,total_received
fd00::213:13:13:13,3583,3583000,3584000,0.0,total_received
fd00::213:13:13:13,3594,3594000,3595000,0.0,total_received
