node,cpu_energy_mj,lpm_energy_mj,radio_tx_energy_mj,radio_rx_energy_mj,node_time,total_sent,total_received,bytes_tx,bytes_rx,r2n_latency,lqi,rssi,server_sent,server_received,server_bytes_rx,n2r_latency,hops,rtt_latency,root_time_now
fd00::202:2:2:2,37,0,0,22,20903,1,0,60,0,0,0,0,0,1,60,27,0,0,20930
fd00::202:2:2:2,18,0,0,8,31432,2,1,60,12,114,100,-83,1,3,60,68,0,92,31500
fd00::202:2:2:2,18,0,0,8,41963,3,2,60,12,124,100,-83,2,5,60,37,0,97,42000
fd00::202:2:2:2,18,0,0,8,52494,4,3,60,12,274,100,-83,3,7,60,6,0,277,52500
fd00::202:2:2:2,18,0,0,8,63023,5,4,60,12,284,100,-83,4,9,60,47,0,667,63070
fd00::202:2:2:2,18,0,0,8,73554,6,5,60,12,154,100,-83,5,11,60,156,0,847,73710
fd00::202:2:2:2,18,0,0,8,84087,7,6,60,12,164,100,-83,6,13,60,1593,0,572,85680
fd00::202:2:2:2,18,0,0,8,94616,8,7,60,12,384,100,-83,7,15,60,24,0,1067,94640
fd00::202:2:2:2,18,0,0,8,105149,9,8,60,12,184,100,-83,8,17,60,61,0,687,105210
fd00::202:2:2:2,18,0,0,8,115678,10,9,60,12,194,100,-83,9,19,60,32,0,1357,115710
fd00::202:2:2:2,18,0,0,8,126211,11,10,60,12,204,100,-83,10,21,60,139,0,1117,126350
fd00::202:2:2:2,18,0,0,8,136742,12,11,60,12,284,100,-83,11,23,60,178,0,1262,136920
fd00::202:2:2:2,18,0,0,8,147273,13,12,60,12,154,100,-83,12,25,60,7,0,2807,147280
fd00::202:2:2:2,18,0,0,8,157804,14,13,60,12,304,100,-83,13,27,60,46,0,327,157850
fd00::202:2:2:2,18,0,0,8,168335,15,14,60,12,174,100,-83,14,29,60,15,0,1417,168350
fd00::202:2:2:2,18,0,0,8,178866,16,15,60,12,184,100,-83,15,31,60,54,0,1177,178920
fd00::202:2:2:2,18,0,0,8,189399,17,16,60,12,474,100,-83,16,33,60,91,0,762,189490
fd00::202:2:2:2,18,0,0,8,199928,18,17,60,12,134,100,-83,18,35,60,3352,0,1432,203280
fd00::202:2:2:2,18,0,0,8,210459,19,19,60,12,157,100,-83,19,38,60,1851,0,1128,212310
fd00::202:2:2:2,18,0,0,8,220990,20,20,60,12,95,100,-83,20,40,60,5180,0,2532,226170
fd00::202:2:2:2,18,0,0,8,231520,21,21,60,12,174,100,-83,21,42,60,880,0,1067,232400
fd00::202:2:2:2,18,0,0,8,242052,22,22,60,12,464,100,-83,22,44,60,1758,0,1877,243810
fd00::202:2:2:2,18,0,0,8,252583,23,23,60,12,264,100,-83,23,46,60,3547,0,1392,256130
fd00::202:2:2:2,18,0,0,8,263114,24,24,60,12,344,100,-83,24,48,60,1626,0,487,264740
fd00::202:2:2:2,303,0,5,461,431610,25,40,60,12,164,100,-83,41,49,60,7220,0,487,438830
fd00::202:2:2:2,18,0,0,8,442141,26,41,60,12,244,100,-83,42,51,60,1659,0,1557,443800
fd00::202:2:2:2,18,0,0,7,452672,27,42,60,12,184,100,-83,43,53,60,998,0,1492,453670
fd00::202:2:2:2,18,0,1,8,463203,28,43,60,12,474,100,-83,44,55,60,197,0,552,463400
fd00::202:2:2:2,417,0,9,1258,705416,30,64,60,12,154,100,-83,68,56,60,744,0,552,706160
fd00::202:2:2:2,18,0,0,8,715947,31,65,60,12,94,100,-83,70,57,60,7433,0,552,723380
fd00::202:2:2:2,492,0,5,1347,989755,32,89,60,12,366,100,-83,96,59,60,45,0,883,989800
fd00::202:2:2:2,18,0,0,8,1000284,33,91,60,12,174,100,-83,98,62,60,1276,0,472,1001560
fd00::202:2:2:2,18,0,0,8,1010815,34,92,60,12,184,100,-83,99,64,60,1245,0,722,1012060
fd00::202:2:2:2,18,0,0,8,1021346,35,93,60,12,334,100,-83,100,66,60,2964,0,2057,1024310
fd00::202:2:2:2,18,0,0,8,1031877,36,94,60,12,204,100,-83,101,68,60,483,0,942,1032360
fd00::202:2:2:2,18,0,0,8,1042408,37,95,60,12,214,100,-83,102,70,60,3602,0,2872,1046010
fd00::202:2:2:2,18,0,0,8,1052939,38,96,60,12,154,100,-83,103,72,60,281,0,1582,1053220
fd00::202:2:2:2,18,0,0,7,1063470,39,97,60,12,94,100,-83,104,74,60,1090,0,2252,1064560
fd00::202:2:2:2,18,0,0,8,1074001,40,98,60,12,174,100,-83,105,76,60,2739,0,3342,1076740
fd00::202:2:2:2,18,0,0,8,1084532,41,99,60,12,254,100,-83,106,78,60,118,0,547,1084650
fd00::202:2:2:2,18,0,0,8,1095063,42,100,60,12,194,100,-83,107,80,60,17,0,2092,1095080
fd00::202:2:2:2,18,0,0,8,1105594,43,101,60,12,344,100,-83,108,82,60,56,0,487,1105650
fd00::202:2:2:2,18,0,0,8,1116125,44,102,60,12,424,100,-83,109,84,60,25,0,1857,1116150
fd00::202:2:2:2,341,0,6,1393,1316214,46,119,60,12,204,100,-83,129,85,60,276,0,1857,1316490
fd00::202:2:2:2,18,0,0,8,1326745,47,120,60,12,144,100,-83,130,87,60,245,0,1577,1326990
fd00::202:2:2:2,18,0,0,8,1337276,48,121,60,12,574,100,-83,131,89,60,74,0,707,1337350
fd00::202:2:2:2,18,0,0,8,1347809,49,122,60,12,164,100,-83,132,91,60,181,0,1377,1347990
fd00::202:2:2:2,549,0,2,1691,1653206,50,149,60,12,754,100,-83,163,94,60,1804,0,1847,1655010
fd00::202:2:2:2,18,0,0,8,1663737,51,150,60,12,344,100,-83,164,96,60,583,0,1992,1664320
fd00::202:2:2:2,265,0,3,291,1832233,54,167,60,12,164,100,-83,181,98,60,2397,0,1797,1834630
fd00::202:2:2:2,18,0,0,8,1842764,55,168,60,12,174,100,-83,182,100,60,2156,0,2432,1844920
fd00::202:2:2:2,18,0,0,8,1853295,56,169,60,12,184,100,-83,183,102,60,935,0,1527,1854230
fd00::202:2:2:2,18,0,0,8,1863826,57,170,60,12,334,100,-83,184,104,60,64,0,762,1863890
fd00::202:2:2:2,18,0,0,8,1874357,58,171,60,12,134,100,-83,185,106,60,103,0,1502,1874460
fd00::202:2:2:2,18,0,0,8,1884889,59,172,60,12,284,100,-83,186,108,60,71,0,1892,1884960
fd00::202:2:2:2,18,0,0,8,1895419,60,173,60,12,154,100,-83,187,110,60,41,0,2667,1895460
fd00::202:2:2:2,18,0,0,8,1905950,61,174,60,12,164,100,-83,188,112,60,10,0,1202,1905960
fd00::202:2:2:2,18,0,0,8,1916481,62,175,60,12,174,100,-83,189,114,60,49,0,682,1916530
fd00::202:2:2:2,18,0,0,8,1927012,63,176,60,12,324,100,-83,190,116,60,158,0,2227,1927170
fd00::202:2:2:2,18,0,0,8,1937545,64,177,60,12,124,100,-83,191,118,60,55,0,1812,1937600
fd00::202:2:2:2,18,0,0,8,1948074,65,178,60,12,204,100,-83,192,120,60,26,0,2132,1948100
fd00::202:2:2:2,18,0,0,8,1958607,66,179,60,12,214,100,-83,193,122,60,63,0,807,1958670
fd00::202:2:2:2,18,0,0,8,1969138,67,180,60,12,223,100,-83,194,124,60,32,0,1441,1969170
fd00::202:2:2:2,18,0,0,8,1979671,68,181,60,12,164,100,-83,195,126,60,69,0,1517,1979740
fd00::202:2:2:2,18,0,0,8,1990198,69,183,60,12,184,100,-83,197,129,60,4312,0,967,1994510
fd00::202:2:2:2,18,0,0,8,2000729,70,183,60,12,184,100,-83,198,130,60,1411,0,967,2002140
fd00::202:2:2:2,18,0,0,8,2011260,71,185,60,12,134,100,-83,199,133,60,4670,0,2937,2015930
fd00::202:2:2:2,18,0,0,8,2021791,72,186,60,12,214,100,-83,200,135,60,2189,0,1647,2023980
fd00::202:2:2:2,18,0,0,8,2032321,73,186,60,12,214,100,-83,201,136,60,199,0,1647,2032520
fd00::202:2:2:2,18,0,0,8,2042853,74,187,60,12,164,100,-83,202,137,60,5067,0,1647,2047920
fd00::202:2:2:2,341,0,1,503,2232411,75,205,60,12,284,100,-83,221,139,60,1429,0,1892,2233840
fd00::202:2:2:2,18,0,0,8,2242942,76,206,60,12,154,100,-83,222,141,60,68,0,987,2243010
fd00::202:2:2:2,18,0,0,8,2253475,77,207,60,12,167,100,-83,223,143,60,315,0,1868,2253790
fd00::202:2:2:2,18,0,0,8,2264004,78,208,60,12,174,100,-83,224,145,60,216,0,1242,2264220
fd00::202:2:2:2,18,0,0,8,2274535,79,209,60,12,324,100,-83,225,147,60,325,0,2402,2274860
fd00::202:2:2:2,18,0,0,8,2285066,80,210,60,12,124,100,-83,226,149,60,14,0,1112,2285080
fd00::202:2:2:2,18,0,0,8,2295599,81,211,60,12,413,100,-83,227,151,60,331,0,276,2295930
fd00::202:2:2:2,18,0,0,8,2306130,82,212,60,12,214,100,-83,228,153,60,20,0,947,2306150
fd00::202:2:2:2,18,0,0,8,2316659,83,213,60,12,154,100,-83,229,155,60,341,0,1337,2317000
fd00::202:2:2:2,18,0,0,8,2327190,84,214,60,12,234,100,-83,230,157,60,30,0,1972,2327220
fd00::202:2:2:2,18,0,0,8,2337721,85,215,60,12,804,100,-83,231,159,60,69,0,1557,2337790
fd00::202:2:2:2,18,0,0,8,2348254,86,216,60,12,254,100,-83,232,161,60,36,0,1142,2348290
fd00::202:2:2:2,18,0,0,8,2358783,87,217,60,12,124,100,-83,233,163,60,7,0,797,2358790
fd00::202:2:2:2,18,0,0,8,2369314,88,218,60,12,343,100,-83,234,165,60,46,0,2866,2369360
fd00::202:2:2:2,18,0,0,8,2379847,89,219,60,12,284,100,-83,235,167,60,13,0,1612,2379860
fd00::202:2:2:2,18,0,0,8,2390376,90,221,60,12,374,100,-83,237,170,60,1804,0,1062,2392180
fd00::202:2:2:2,18,0,0,8,2400907,91,222,60,12,244,100,-83,238,172,60,1563,0,1067,2402470
fd00::202:2:2:2,18,0,0,8,2411438,92,223,60,12,184,100,-83,239,174,60,692,0,477,2412130
fd00::202:2:2:2,18,0,0,8,2421969,93,224,60,12,404,100,-83,240,176,60,871,0,1392,2422840
fd00::202:2:2:2,18,0,0,8,2432500,94,225,60,12,274,100,-83,241,178,60,70,0,767,2432570
fd00::202:2:2:2,18,0,0,8,2443031,95,226,60,12,354,100,-83,242,180,60,39,0,317,2443070
fd00::202:2:2:2,18,0,0,8,2453562,96,227,60,12,224,100,-83,243,182,60,8,0,812,2453570
fd00::202:2:2:2,18,0,0,8,2464093,97,228,60,12,164,100,-83,244,184,60,47,0,327,2464140
fd00::202:2:2:2,18,0,0,8,2474624,98,229,60,12,104,100,-83,245,186,60,16,0,122,2474640
fd00::202:2:2:2,18,0,0,8,2485155,99,230,60,12,44,100,-83,246,188,60,55,0,1702,2485210
fd00::202:2:2:2,18,0,0,8,2495688,100,231,60,12,54,100,-83,247,190,60,22,0,447,2495710
fd00::202:2:2:2,18,0,0,8,2506217,101,232,60,12,134,100,-83,248,192,60,63,0,312,2506280
fd00::202:2:2:2,18,0,0,8,2516748,102,233,60,12,74,100,-83,249,194,60,32,0,1227,2516780
fd00::202:2:2:2,18,0,0,8,2527279,103,234,60,12,14,100,-83,250,196,60,211,0,2737,2527490
fd00::202:2:2:2,18,0,0,8,2537812,104,235,60,12,24,100,-83,251,198,60,38,0,292,2537850
fd00::202:2:2:2,18,0,0,8,2548341,105,236,60,12,34,100,-83,252,200,60,9,0,122,2548350
fd00::202:2:2:2,18,0,0,8,2558872,106,237,60,12,44,100,-83,253,202,60,48,0,1142,2558920
fd00::202:2:2:2,284,0,1,654,2737899,109,252,60,12,154,100,-83,271,205,60,11,0,6927,2737910
fd00::202:2:2:2,18,0,0,8,2748430,110,253,60,12,164,100,-83,272,207,60,50,0,1727,2748480
fd00::202:2:2:2,18,0,0,8,2758963,111,254,60,12,384,100,-83,273,209,60,17,0,1067,2758980
fd00::202:2:2:2,18,0,0,8,2769492,112,255,60,12,184,100,-83,274,211,60,58,0,897,2769550
fd00::202:2:2:2,18,0,0,8,2780023,113,256,60,12,124,100,-83,276,213,60,1567,0,1217,2781590
fd00::202:2:2:2,18,0,0,8,2790554,114,258,60,12,214,100,-83,277,216,60,2586,0,1542,2793140
fd00::202:2:2:2,18,0,0,8,2801085,115,259,60,12,84,100,-83,278,218,60,3255,0,2142,2804340
fd00::202:2:2:2,18,0,0,8,2811616,116,260,60,12,444,100,-83,279,220,60,564,0,1062,2812180
fd00::202:2:2:2,18,0,0,8,2822147,117,261,60,12,174,100,-83,280,222,60,43,0,227,2822190
fd00::202:2:2:2,18,0,0,8,2832678,118,262,60,12,184,100,-83,281,224,60,12,0,337,2832690
fd00::202:2:2:2,18,0,0,8,2843209,119,263,60,12,194,100,-83,282,226,60,541,0,1847,2843750
fd00::202:2:2:2,18,0,0,8,2853742,120,264,60,12,204,100,-83,283,228,60,88,0,382,2853830
fd00::202:2:2:2,18,0,0,8,2864271,121,265,60,12,144,100,-83,284,230,60,59,0,772,2864330
fd00::202:2:2:2,18,0,0,8,2874802,122,266,60,12,504,100,-83,285,232,60,1078,0,2912,2875880
fd00::202:2:2:2,18,0,0,8,2885333,123,267,60,12,304,100,-83,286,234,60,67,0,1377,2885400
fd00::202:2:2:2,18,0,0,8,2895866,124,268,60,12,314,100,-83,287,236,60,34,0,1592,2895900
fd00::202:2:2:2,18,0,0,8,2906395,125,269,60,12,464,100,-83,288,238,60,75,0,407,2906470
fd00::202:2:2:2,18,0,0,8,2916926,126,270,60,12,194,100,-83,289,240,60,44,0,1742,2916970
fd00::202:2:2:2,322,0,1,447,3095953,127,286,60,12,164,100,-83,307,242,60,7,0,467,3095960
fd00::202:2:2:2,18,0,0,8,3106484,128,287,60,12,104,100,-83,308,244,60,46,0,752,3106530
fd00::202:2:2:2,18,0,0,8,3117017,129,288,60,12,184,100,-83,309,246,60,13,0,442,3117030
fd00::202:2:2:2,18,0,0,8,3127546,130,289,60,12,194,100,-83,310,248,60,54,0,1497,3127600
fd00::202:2:2:2,18,0,0,8,3138077,131,290,60,12,344,100,-83,311,250,60,23,0,697,3138100
fd00::202:2:2:2,18,0,0,8,3148608,132,291,60,12,214,100,-83,312,252,60,62,0,1997,3148670
fd00::202:2:2:2,18,0,0,8,3159141,133,292,60,12,153,100,-83,313,254,60,29,0,1406,3159170
fd00::202:2:2:2,18,0,0,8,3169670,134,293,60,12,164,100,-83,314,256,60,70,0,1062,3169740
fd00::202:2:2:2,18,0,0,8,3180201,135,295,60,12,184,100,-83,316,259,60,809,0,477,3181010
fd00::202:2:2:2,18,0,0,8,3190732,136,296,60,12,264,100,-83,317,261,60,498,0,237,3191230
fd00::202:2:2:2,18,0,0,8,3201263,137,297,60,12,204,100,-83,318,263,60,2427,0,1817,3203690
fd00::202:2:2:2,18,0,0,8,3211794,138,298,60,12,214,100,-83,319,265,60,3166,0,2452,3214960
fd00::202:2:2:2,18,0,0,8,3222325,139,299,60,12,294,100,-83,320,267,60,825,0,1547,3223150
fd00::202:2:2:2,18,0,0,8,3232856,140,300,60,12,304,100,-83,321,268,60,4714,0,1547,3237570
fd00::202:2:2:2,265,0,0,247,3380290,141,314,60,12,1074,100,-83,336,269,60,1410,0,1547,3381700
fd00::202:2:2:2,18,0,0,8,3390821,142,316,60,12,184,100,-83,337,272,60,4389,0,2577,3395210
fd00::202:2:2:2,18,0,0,8,3401352,143,317,60,12,194,100,-83,338,274,60,228,0,167,3401580
fd00::202:2:2:2,18,0,0,8,3411883,144,318,60,12,204,100,-83,339,276,60,57,0,487,3411940
fd00::202:2:2:2,18,0,0,8,3422414,145,319,60,12,284,100,-83,340,278,60,26,0,492,3422440
fd00::202:2:2:2,18,0,0,8,3432947,146,320,60,12,154,100,-83,341,280,60,63,0,252,3433010
fd00::202:2:2:2,18,0,0,8,3443476,147,321,60,12,163,100,-83,342,282,60,34,0,1726,3443510
fd00::202:2:2:2,18,0,0,8,3454009,148,322,60,12,174,100,-83,343,284,60,911,0,2432,3454920
fd00::202:2:2:2,18,0,0,8,3464538,149,323,60,12,324,100,-83,344,286,60,322,0,337,3464860
fd00::202:2:2:2,18,0,0,8,3475069,150,324,60,12,264,100,-83,345,288,60,11,0,552,3475080
fd00::202:2:2:2,18,0,0,8,3485600,151,325,60,12,204,100,-83,346,290,60,50,0,942,3485650
fd00::202:2:2:2,18,0,0,8,3496133,152,326,60,12,144,100,-83,347,292,60,17,0,562,3496150
fd00::202:2:2:2,18,0,0,8,3506662,153,327,60,12,84,100,-83,348,294,60,58,0,112,3506720
fd00::202:2:2:2,18,0,0,8,3517195,154,328,60,12,94,100,-83,349,296,60,25,0,222,3517220
fd00::202:2:2:2,18,0,0,8,3527726,155,329,60,12,174,100,-83,350,298,60,64,0,157,3527790
fd00::202:2:2:2,18,0,0,8,3538255,156,330,60,12,116,100,-83,351,300,60,35,0,723,3538290
fd00::202:2:2:2,18,0,0,8,3548786,157,331,60,12,124,100,-83,352,302,60,74,0,587,3548860
fd00::202:2:2:2,18,0,0,8,3559317,158,332,60,12,134,100,-83,353,304,60,43,0,172,3559360
fd00::202:2:2:2,18,0,0,8,3569850,159,333,60,12,145,100,-83,354,306,60,10,0,1647,3569860
fd00::202:2:2:2,18,0,0,8,3580379,160,335,60,12,95,100,-83,356,308,60,51,0,152,3580430
fd00::202:2:2:2,18,0,0,8,3590910,161,336,60,12,104,100,-83,357,310,60,160,0,507,3591070
fd00::203:3:3:3,351,0,0,3325,195517,1,0,60,0,0,0,0,0,1,60,413,3,0,195930
fd00::203:3:3:3,18,0,0,8,205781,2,1,60,12,4276,100,-77,2,3,60,8979,3,7073,214760
fd00::203:3:3:3,18,0,0,8,216046,3,2,60,12,5967,100,-77,3,5,60,12434,3,7918,228480
fd00::203:3:3:3,18,0,0,8,226309,4,3,60,12,3945,100,-77,3,7,60,2941,3,4597,229250
fd00::203:3:3:3,18,0,0,8,236574,5,4,60,12,2484,100,-77,5,9,60,12206,3,9327,248780
fd00::203:3:3:3,18,0,0,8,267365,8,6,60,12,6424,100,-77,8,11,60,7315,3,7687,274680
fd00::203:3:3:3,18,0,0,8,277629,9,7,60,12,12454,100,-77,9,13,60,5031,3,7487,282660
fd00::203:3:3:3,18,0,0,8,287896,10,8,60,12,10294,100,-77,10,15,60,8204,3,6442,296100
fd00::203:3:3:3,18,0,0,8,298157,11,9,60,12,12334,100,-77,10,17,60,953,3,8827,299110
fd00::203:3:3:3,18,0,1,8,308420,12,11,60,12,6546,100,-77,11,20,60,1330,3,4568,309750
fd00::203:3:3:3,18,0,0,8,339213,15,12,60,12,8024,100,-77,14,22,60,217,3,7372,339430
fd00::203:3:3:3,18,0,0,8,349478,16,13,60,12,4066,100,-77,15,24,60,242,3,2558,349720
fd00::203:3:3:3,18,0,0,8,359744,17,13,60,12,4066,100,-77,17,25,60,2016,3,2558,361760
fd00::203:3:3:3,18,0,1,7,370004,18,16,60,12,6534,100,-77,18,29,60,9466,3,8657,379470
fd00::203:3:3:3,18,0,0,8,380268,19,17,60,12,5844,100,-77,19,31,60,5362,3,6492,385630
fd00::203:3:3:3,18,0,0,8,390534,20,18,60,12,7534,100,-77,20,33,60,6366,3,4257,396900
fd00::203:3:3:3,18,0,0,8,400796,21,19,60,12,4324,100,-77,21,35,60,4084,3,3772,404880
fd00::203:3:3:3,18,0,0,8,411060,22,20,60,12,3704,100,-77,22,37,60,2220,3,3252,413280
fd00::203:3:3:3,18,0,0,8,421324,23,21,60,12,5394,100,-77,23,39,60,4626,3,3642,425950
fd00::203:3:3:3,18,0,0,8,431588,24,22,60,12,3094,100,-77,24,41,60,3882,3,3157,435470
fd00::203:3:3:3,18,0,0,8,441852,25,23,60,12,4154,100,-77,25,43,60,4958,3,3442,446810
fd00::203:3:3:3,18,0,0,8,452116,26,24,60,12,3534,100,-77,26,45,60,224,3,3692,452340
fd00::203:3:3:3,18,0,0,8,472645,28,26,60,12,10834,100,-77,29,48,60,13575,3,12452,486220
fd00::203:3:3:3,18,0,0,8,482908,29,27,60,12,5945,100,-77,30,50,60,11082,3,8607,493990
fd00::203:3:3:3,18,0,0,8,493176,30,28,60,12,4765,100,-77,30,52,60,6204,3,7597,499380
fd00::203:3:3:3,18,0,0,8,503437,31,29,60,12,8134,100,-77,32,54,60,14493,3,7917,517930
fd00::203:3:3:3,18,0,0,8,513702,32,30,60,12,13115,100,-77,32,56,60,6188,3,9917,519890
fd00::203:3:3:3,18,0,0,8,523964,33,31,60,12,6404,100,-77,33,58,60,3136,3,5582,527100
fd00::203:3:3:3,18,0,0,8,534232,34,33,60,12,2504,100,-77,35,61,60,10998,3,4542,545230
fd00::203:3:3:3,18,0,0,9,544494,35,33,60,12,2504,100,-77,36,62,60,9906,3,4542,554400
fd00::203:3:3:3,18,0,0,8,554757,36,35,60,12,2663,100,-77,36,65,60,3213,3,3501,557970
fd00::203:3:3:3,18,0,1,7,565021,37,35,60,12,2663,100,-77,37,66,60,2609,3,3501,567630
fd00::203:3:3:3,18,0,0,8,575285,38,37,60,12,4154,100,-77,38,69,60,1795,3,3407,577080
fd00::203:3:3:3,18,0,1,8,585550,39,38,60,12,4304,100,-77,40,71,60,7980,3,4182,593530
fd00::203:3:3:3,18,0,0,8,595814,40,39,60,12,4804,100,-77,40,73,60,3246,3,4012,599060
fd00::203:3:3:3,18,0,0,8,606076,41,40,60,12,2924,100,-77,41,75,60,1734,3,3247,607810
fd00::203:3:3:3,18,0,0,8,616342,42,41,60,12,5104,100,-77,42,77,60,708,3,2762,617050
fd00::203:3:3:3,18,0,0,8,626606,43,42,60,12,4274,100,-77,43,79,60,2344,3,3747,628950
fd00::203:3:3:3,18,0,0,8,636870,44,43,60,12,5335,100,-77,44,81,60,620,3,3122,637490
fd00::203:3:3:3,18,0,0,8,647136,45,43,60,12,5335,100,-77,45,82,60,504,3,3122,647640
fd00::203:3:3:3,18,0,0,8,657396,46,44,60,12,7794,100,-77,46,84,60,1304,3,4317,658700
fd00::203:3:3:3,18,0,0,8,667662,47,46,60,12,5574,100,-77,47,87,60,2308,3,3837,669970
fd00::203:3:3:3,18,0,0,8,677928,48,47,60,12,2717,100,-77,48,89,60,512,3,2583,678440
fd00::203:3:3:3,18,0,0,8,688190,49,48,60,12,4754,100,-77,49,91,60,540,3,3287,688730
fd00::203:3:3:3,18,0,0,8,698454,50,49,60,12,3294,100,-77,50,93,60,426,3,3537,698880
fd00::203:3:3:3,18,0,0,8,708717,51,50,60,12,6874,100,-77,52,95,60,6193,3,5712,714910
fd00::203:3:3:3,18,0,0,9,718984,52,50,60,12,6874,100,-77,53,96,60,6356,3,5712,725340
fd00::203:3:3:3,18,0,0,8,729245,53,52,60,12,5844,100,-77,54,99,60,7365,3,7367,736610
fd00::203:3:3:3,18,0,0,8,739509,54,53,60,12,9284,100,-77,55,101,60,8861,3,9087,748370
fd00::203:3:3:3,18,0,0,8,749774,55,54,60,12,6914,100,-77,56,103,60,8536,3,6747,758310
fd00::203:3:3:3,18,0,0,8,760038,56,55,60,12,9305,100,-77,57,105,60,7162,3,7767,767200
fd00::203:3:3:3,18,0,0,8,770301,57,56,60,12,7144,100,-77,58,107,60,4809,3,5952,775110
fd00::203:3:3:3,18,0,0,9,780568,58,56,60,12,7144,100,-77,59,108,60,1052,3,5952,781620
fd00::203:3:3:3,18,0,0,8,790830,59,57,60,12,12964,100,-77,60,110,60,2620,3,8232,793450
fd00::203:3:3:3,18,0,0,8,801096,60,58,60,12,16054,100,-77,61,112,60,6634,3,12087,807730
fd00::203:3:3:3,18,0,0,8,811360,61,59,60,12,12985,100,-77,62,114,60,7150,3,9292,818510
fd00::203:3:3:3,18,0,0,8,821622,62,61,60,12,11324,100,-77,63,117,60,6968,3,8042,828590
fd00::203:3:3:3,18,0,0,8,831886,63,62,60,12,9304,100,-77,64,119,60,1604,3,5667,833490
fd00::203:3:3:3,18,0,0,8,842150,64,63,60,12,7914,100,-77,65,121,60,6040,3,4447,848190
fd00::203:3:3:3,18,0,0,8,852416,65,64,60,12,10024,100,-77,66,123,60,5084,3,8442,857500
fd00::203:3:3:3,18,0,0,8,862681,66,65,60,12,4646,100,-77,67,125,60,3709,3,4073,866390
fd00::203:3:3:3,18,0,0,8,872942,67,66,60,12,5354,100,-77,68,127,60,5138,3,3307,878080
fd00::203:3:3:3,18,0,0,8,883205,68,68,60,12,3204,100,-77,69,130,60,6775,3,4822,889980
fd00::203:3:3:3,18,0,0,8,893472,69,68,60,12,3204,100,-77,70,131,60,5888,3,4822,899360
fd00::203:3:3:3,18,0,0,8,903732,70,69,60,12,4547,100,-77,72,133,60,10748,3,6928,914480
fd00::203:3:3:3,18,0,0,8,913998,71,70,60,12,12604,100,-77,72,135,60,2512,3,7737,916510
fd00::204:4:4:4,285,0,0,2603,158291,1,0,60,0,0,0,0,0,1,60,189,2,0,158480
fd00::204:4:4:4,19,0,0,8,168849,2,1,60,12,2554,100,-83,1,3,60,411,2,2292,169260
fd00::204:4:4:4,19,0,0,9,179403,3,2,60,12,3054,100,-83,3,5,60,5327,2,2997,184730
fd00::204:4:4:4,19,0,0,9,189958,4,3,60,12,2084,100,-83,4,7,60,3802,2,3282,193760
fd00::204:4:4:4,19,0,0,9,200517,5,4,60,12,1884,100,-83,5,9,60,6263,2,2727,206780
fd00::204:4:4:4,19,0,0,8,211070,6,5,60,12,2596,100,-83,7,11,60,13280,2,4868,224350
fd00::204:4:4:4,19,0,1,8,221629,7,6,60,12,1487,100,-83,7,13,60,6991,2,7218,228620
fd00::204:4:4:4,19,0,1,8,232183,8,8,60,12,1294,100,-83,9,16,60,16317,2,8732,248500
fd00::204:4:4:4,19,0,0,8,242738,9,8,60,12,1294,100,-83,10,17,60,11292,2,8732,254030
fd00::204:4:4:4,19,0,1,8,253294,10,10,60,12,3204,100,-83,10,20,60,6056,4,4647,259350
fd00::204:4:4:4,57,0,2,27,284963,11,12,60,12,8127,100,-83,13,23,60,2037,2,5427,287000
fd00::204:4:4:4,19,0,1,8,295518,12,13,60,12,9814,100,-83,14,25,60,3312,2,8302,298830
fd00::204:4:4:4,19,0,0,9,306075,13,14,60,12,4446,100,-83,15,27,60,2695,2,4323,308770
fd00::204:4:4:4,19,0,0,8,316631,14,15,60,12,6064,100,-83,16,29,60,2009,3,3837,318640
fd00::204:4:4:4,19,0,0,8,337743,16,15,60,12,6064,100,-83,18,30,60,147,2,3837,337890
fd00::204:4:4:4,19,0,1,8,348299,17,16,60,12,3016,100,-83,19,32,60,161,2,1718,348460
fd00::204:4:4:4,19,0,0,8,358854,18,17,60,12,6734,100,-83,20,34,60,456,2,4382,359310
fd00::204:4:4:4,19,0,1,8,369409,19,18,60,12,5834,100,-83,22,36,60,8731,2,7222,378140
fd00::204:4:4:4,19,0,1,8,379967,20,19,60,12,2134,100,-83,23,38,60,5593,2,4847,385560
fd00::204:4:4:4,19,0,1,8,390523,21,20,60,12,3264,100,-83,24,40,60,6167,2,2857,396690
fd00::204:4:4:4,19,0,0,8,401077,22,21,60,12,2504,100,-83,25,42,60,3663,2,3597,404740
fd00::204:4:4:4,19,0,0,9,411633,23,22,60,12,2444,100,-83,26,44,60,2487,2,2797,414120
fd00::204:4:4:4,19,0,0,8,422193,24,24,60,12,1624,100,-83,27,47,60,3827,2,2947,426020
fd00::204:4:4:4,19,0,0,8,432745,25,24,60,12,1624,100,-83,28,48,60,3425,2,2947,436170
fd00::204:4:4:4,19,0,1,8,443302,26,26,60,12,2414,100,-83,29,51,60,3928,2,3587,447230
fd00::204:4:4:4,19,0,0,8,453857,27,26,60,12,2414,100,-83,30,52,60,2543,2,3587,456400
fd00::204:4:4:4,19,0,0,9,464417,28,27,60,12,8234,100,-83,33,54,60,18443,2,4537,482860
fd00::204:4:4:4,19,0,1,8,474971,29,28,60,12,6984,100,-83,33,56,60,11879,2,12417,486850
fd00::204:4:4:4,19,0,1,7,485526,30,30,60,12,3785,100,-83,34,59,60,9934,2,7562,495460
fd00::204:4:4:4,19,0,0,8,496085,31,30,60,12,3785,100,-83,35,60,60,5185,2,7562,501270
fd00::204:4:4:4,19,0,1,8,506641,32,31,60,12,7154,100,-83,36,62,60,12479,2,5712,519120
fd00::204:4:4:4,19,0,0,8,517194,33,33,60,12,5144,100,-83,37,65,60,4376,2,5372,521570
fd00::204:4:4:4,19,0,1,8,527751,34,34,60,12,5505,100,-83,38,67,60,6839,2,4537,534590
fd00::204:4:4:4,19,0,1,8,538307,35,35,60,12,1804,100,-83,39,69,60,7553,2,3002,545860
fd00::204:4:4:4,19,0,1,8,548865,36,36,60,12,1534,100,-83,40,71,60,6375,2,3112,555240
fd00::204:4:4:4,19,0,1,8,559418,37,37,60,12,1893,100,-83,41,73,60,8002,2,3011,567420
fd00::204:4:4:4,19,0,0,9,569975,38,38,60,12,3864,100,-83,42,75,60,5985,2,3787,575960
fd00::204:4:4:4,19,0,1,9,580529,39,39,60,12,3454,100,-83,43,77,60,6701,2,3337,587230
fd00::204:4:4:4,19,0,1,8,591086,40,40,60,12,3884,100,-83,44,79,60,3844,2,3972,594930
fd00::204:4:4:4,19,0,1,8,601642,41,42,60,12,1594,100,-83,45,82,60,4068,2,2477,605710
fd00::204:4:4:4,19,0,1,8,612198,42,42,60,12,1594,100,-83,46,83,60,2122,2,2477,614320
fd00::204:4:4:4,19,0,1,8,622755,43,43,60,12,3564,100,-83,47,85,60,4025,2,2237,626780
fd00::204:4:4:4,19,0,1,8,633309,44,44,60,12,2874,100,-83,48,87,60,891,2,3467,634200
fd00::204:4:4:4,19,0,1,8,643867,45,46,60,12,3594,100,-83,49,90,60,2163,2,2987,646030
fd00::204:4:4:4,19,0,1,8,654425,46,46,60,12,3594,100,-83,50,91,60,355,2,2987,654780
fd00::204:4:4:4,19,0,1,7,664978,47,48,60,12,3684,100,-83,51,94,60,1982,2,2927,666960
fd00::204:4:4:4,19,0,1,8,675535,48,49,60,12,1877,100,-83,52,96,60,175,2,2513,675710
fd00::204:4:4:4,19,0,0,8,686091,49,50,60,12,2864,100,-83,53,98,60,1379,2,3217,687470
fd00::204:4:4:4,19,0,1,8,696645,50,51,60,12,2384,100,-83,54,100,60,1185,2,3222,697830
fd00::204:4:4:4,19,0,0,8,707202,51,52,60,12,2534,100,-83,56,102,60,6938,2,3717,714140
fd00::204:4:4:4,19,0,1,8,717758,52,53,60,12,6954,100,-83,56,104,60,162,2,3687,717920
fd00::204:4:4:4,19,0,1,7,728314,53,54,60,12,4584,100,-83,58,106,60,6966,2,7297,735280
fd00::204:4:4:4,19,0,1,8,738869,54,55,60,12,1654,100,-83,59,108,60,8801,2,3732,747670
fd00::204:4:4:4,19,0,1,8,749426,55,56,60,12,4604,100,-83,60,110,60,8814,2,4962,758240
fd00::204:4:4:4,19,0,0,8,759983,56,57,60,12,6225,100,-83,61,112,60,7007,2,4407,766990
fd00::204:4:4:4,19,0,1,8,770539,57,58,60,12,4764,100,-83,62,114,60,5831,2,4482,776370
fd00::204:4:4:4,19,0,0,9,781093,58,59,60,12,7714,100,-83,63,116,60,5217,2,4312,786310
fd00::204:4:4:4,19,0,0,9,791649,59,59,60,12,7714,100,-83,64,117,60,1941,2,4312,793590
fd00::204:4:4:4,19,0,0,8,802207,60,61,60,12,11655,100,-83,65,120,60,6223,2,8977,808430
fd00::204:4:4:4,19,0,0,8,812763,61,62,60,12,12085,100,-83,66,122,60,6937,2,9367,819700
fd00::204:4:4:4,19,0,1,8,823318,62,63,60,12,9294,100,-83,67,124,60,6042,2,7552,829360
fd00::204:4:4:4,19,0,0,8,833874,63,64,60,12,5804,100,-83,68,126,60,666,2,4757,834540
fd00::204:4:4:4,19,0,0,8,844429,64,65,60,12,6584,100,-83,69,128,60,3831,2,3467,848260
fd00::204:4:4:4,19,0,0,8,854987,65,67,60,12,4086,100,-83,70,131,60,3703,2,3933,858690
fd00::204:4:4:4,19,0,0,8,865543,66,68,60,12,3394,100,-83,71,133,60,3227,2,3272,868770
fd00::204:4:4:4,19,0,0,8,876097,67,69,60,12,3964,100,-83,73,134,60,7583,2,3272,883680
fd00::204:4:4:4,19,0,0,8,897211,69,71,60,12,2447,100,-83,75,137,60,8239,2,4548,905450
fd00::204:4:4:4,19,0,0,8,907765,70,71,60,12,2447,100,-83,76,138,60,6995,2,4548,914760
fd00::204:4:4:4,19,0,0,9,918323,71,72,60,12,12044,100,-83,76,140,60,217,2,7702,918540
fd00::204:4:4:4,76,0,3,34,960549,72,76,60,12,14954,100,-83,81,144,60,2791,2,9397,963340
fd00::204:4:4:4,19,0,0,8,971105,73,77,60,12,14615,100,-83,82,146,60,355,2,7517,971460
fd00::204:4:4:4,874,0,4,6948,1488346,77,94,60,12,1634,100,-83,133,148,60,554,3,12562,1488900
fd00::204:4:4:4,19,0,0,8,1498902,78,95,60,12,2275,100,-83,134,150,60,218,3,2467,1499120
fd00::205:5:5:5,38,0,0,17,21904,1,0,60,0,0,0,0,0,1,60,6,0,0,21910
fd00::205:5:5:5,19,0,0,8,32696,2,1,60,12,44,100,-89,1,3,60,64,0,197,32760
fd00::205:5:5:5,19,0,0,8,43486,3,2,60,12,54,100,-89,2,5,60,54,0,167,43540
fd00::205:5:5:5,19,0,0,8,54278,4,3,60,12,64,100,-89,3,7,60,42,0,452,54320
fd00::205:5:5:5,19,0,0,8,65072,5,4,60,12,74,100,-89,4,9,60,28,0,352,65100
fd00::205:5:5:5,19,0,0,8,75864,6,5,60,12,14,100,-89,5,11,60,16,0,462,75880
fd00::205:5:5:5,19,0,0,8,86654,7,6,60,12,24,100,-89,6,13,60,76,0,922,86730
fd00::205:5:5:5,19,0,0,8,97446,8,7,60,12,34,100,-89,7,15,60,64,0,682,97510
fd00::205:5:5:5,19,0,0,8,108236,9,8,60,12,44,100,-89,8,17,60,54,0,932,108290
fd00::205:5:5:5,19,0,0,8,119030,10,9,60,12,54,100,-89,9,19,60,40,0,622,119070
fd00::205:5:5:5,19,0,0,8,129824,11,10,60,12,64,100,-89,10,21,60,26,0,1817,129850
fd00::205:5:5:5,19,0,1,8,140614,12,12,60,12,14,100,-89,12,24,60,3936,0,2247,144550
fd00::205:5:5:5,19,0,0,8,151406,13,13,60,12,24,100,-89,13,26,60,74,0,467,151480
fd00::205:5:5:5,19,0,1,7,162198,14,14,60,12,34,100,-89,14,28,60,2162,0,1837,164360
fd00::205:5:5:5,19,0,1,8,172990,15,15,60,12,604,100,-89,15,30,60,50,0,722,173040
fd00::205:5:5:5,19,0,1,8,183784,16,16,60,12,54,100,-89,16,32,60,3746,0,2547,187530
fd00::205:5:5:5,19,0,1,7,194574,17,17,60,12,624,100,-89,17,34,60,796,0,1117,195370
fd00::205:5:5:5,19,0,1,8,205366,18,18,60,12,76,100,-89,18,36,60,84,0,1998,205450
fd00::205:5:5:5,19,0,2,7,216157,19,19,60,12,437,100,-89,19,38,60,73,0,1303,216230
fd00::205:5:5:5,19,0,2,7,226949,20,20,60,12,305,100,-89,20,40,60,1811,0,1902,228760
fd00::205:5:5:5,19,0,1,8,237742,21,21,60,12,34,100,-89,21,42,60,258,0,1697,238000
fd00::205:5:5:5,19,0,1,8,248532,22,22,60,12,44,100,-89,23,44,60,5848,0,722,254380
fd00::205:5:5:5,19,0,2,7,259326,23,23,60,12,54,100,-89,24,46,60,2404,0,2652,261730
fd00::205:5:5:5,19,0,1,8,270118,24,24,60,12,2304,100,-89,25,48,60,4702,0,2027,274820
fd00::205:5:5:5,19,0,2,7,280910,25,25,60,12,3224,100,-89,26,50,60,70,0,2522,280980
fd00::205:5:5:5,19,0,2,7,291702,26,26,60,12,7434,100,-89,27,52,60,4468,0,4032,296170
fd00::205:5:5:5,19,0,2,7,302494,27,28,60,12,1226,100,-89,28,55,60,2706,0,2433,305200
fd00::205:5:5:5,19,0,1,7,313285,28,29,60,12,44,100,-89,29,57,60,175,0,477,313460
fd00::205:5:5:5,19,0,1,8,324077,29,30,60,12,334,100,-89,30,59,60,793,0,867,324870
fd00::205:5:5:5,19,0,1,7,334869,30,31,60,12,344,100,-89,31,61,60,991,0,2832,335860
fd00::205:5:5:5,19,0,1,8,345662,31,32,60,12,496,100,-89,32,63,60,68,0,668,345730
fd00::205:5:5:5,19,0,0,8,356453,32,33,60,12,14,100,-89,33,64,60,2017,0,668,358470
fd00::205:5:5:5,19,0,2,7,367245,33,34,60,12,2124,100,-89,34,66,60,115,0,2042,367360
fd00::205:5:5:5,19,0,2,7,378036,34,35,60,12,454,100,-89,35,68,60,174,0,1872,378210
fd00::205:5:5:5,19,0,2,7,388832,35,36,60,12,954,100,-89,36,70,60,18,0,1667,388850
fd00::205:5:5:5,19,0,1,7,399620,36,37,60,12,334,100,-89,37,72,60,10,0,377,399630
fd00::205:5:5:5,19,0,1,7,410414,37,39,60,12,214,100,-89,39,75,60,2796,0,632,413210
fd00::205:5:5:5,19,0,1,7,421206,38,40,60,12,14,100,-89,40,77,60,4534,0,2842,425740
fd00::205:5:5:5,19,0,1,8,431997,39,41,60,12,24,100,-89,41,79,60,2773,0,2112,434770
fd00::205:5:5:5,19,0,2,7,442790,40,42,60,12,34,100,-89,42,81,60,3950,0,3062,446740
fd00::205:5:5:5,19,0,1,8,453580,41,43,60,12,44,100,-89,43,83,60,2750,0,267,456330
fd00::205:5:5:5,19,0,1,7,464374,42,44,60,12,1524,100,-89,45,85,60,7496,0,2162,471870
fd00::205:5:5:5,19,0,2,7,475165,43,45,60,12,835,100,-89,46,87,60,7765,0,5011,482930
fd00::205:5:5:5,19,0,2,6,485956,44,46,60,12,845,100,-89,46,89,60,1384,0,3642,487340
fd00::205:5:5:5,19,0,2,6,496748,45,47,60,12,2044,100,-89,47,91,60,182,0,2877,496930
fd00::205:5:5:5,19,0,1,8,507542,46,48,60,12,165,100,-89,49,93,60,11648,0,607,519190
fd00::205:5:5:5,19,0,2,7,518332,47,49,60,12,3814,100,-89,50,95,60,3168,0,4882,521500
fd00::205:5:5:5,19,0,3,6,529124,48,50,60,12,3615,100,-89,51,97,60,5326,0,1877,534450
fd00::205:5:5:5,19,0,1,7,539918,49,51,60,12,54,100,-89,52,99,60,5592,0,2337,545510
fd00::205:5:5:5,19,0,1,7,550709,50,53,60,12,73,100,-89,53,102,60,2781,0,1716,553490
fd00::205:5:5:5,19,0,1,7,561502,51,54,60,12,224,100,-89,54,103,60,5848,0,1716,567350
fd00::205:5:5:5,19,0,1,8,572294,52,55,60,12,24,100,-89,55,104,60,3596,0,1716,575890
fd00::205:5:5:5,19,0,1,8,583086,53,56,60,12,34,100,-89,56,106,60,1694,0,2117,584780
fd00::205:5:5:5,19,0,2,7,593879,54,57,60,12,744,100,-89,57,108,60,701,0,1807,594580
fd00::205:5:5:5,19,0,2,7,604670,55,58,60,12,54,100,-89,58,110,60,130,0,1917,604800
fd00::205:5:5:5,19,0,2,7,615461,56,59,60,12,204,100,-89,59,112,60,329,0,592,615790
fd00::205:5:5:5,19,0,1,7,626254,57,60,60,12,74,100,-89,60,114,60,36,0,1192,626290
fd00::205:5:5:5,19,0,2,7,637046,58,61,60,12,15,100,-89,61,116,60,94,0,1162,637140
fd00::205:5:5:5,19,0,2,7,647836,59,62,60,12,24,100,-89,62,118,60,84,0,747,647920
fd00::205:5:5:5,19,0,1,7,658630,60,63,60,12,34,100,-89,63,120,60,140,0,2082,658770
fd00::205:5:5:5,19,0,1,7,669420,61,64,60,12,44,100,-89,64,122,60,60,0,512,669480
fd00::205:5:5:5,19,0,1,7,680214,62,66,60,12,64,100,-89,66,125,60,5996,0,1747,686210
fd00::205:5:5:5,19,0,2,7,691006,63,67,60,12,354,100,-89,67,127,60,3324,0,1612,694330
fd00::205:5:5:5,19,0,2,7,701798,64,68,60,12,14,100,-89,68,129,60,5412,0,3472,707210
fd00::205:5:5:5,19,0,1,7,712590,65,69,60,12,164,100,-89,69,131,60,2180,0,677,714770
fd00::205:5:5:5,19,0,2,7,723380,66,70,60,12,2134,100,-89,70,133,60,1890,0,2572,725270
fd00::205:5:5:5,19,0,1,7,734174,67,71,60,12,44,100,-89,71,135,60,616,0,2122,734790
fd00::205:5:5:5,19,0,2,7,744965,68,72,60,12,54,100,-89,72,137,60,535,0,1392,745500
fd00::205:5:5:5,19,0,2,7,755758,69,73,60,12,345,100,-89,73,139,60,2972,0,1047,758730
fd00::205:5:5:5,19,0,2,7,766549,70,74,60,12,2314,100,-89,74,141,60,21,0,2662,766570
fd00::205:5:5:5,19,0,2,7,777340,71,75,60,12,84,100,-89,75,143,60,10,0,1092,777350
fd00::205:5:5:5,19,0,1,8,788134,72,76,60,12,4154,100,-89,76,145,60,276,0,2357,788410
fd00::205:5:5:5,19,0,1,7,798926,73,77,60,12,6755,100,-89,78,147,60,5584,0,7122,804510
fd00::205:5:5:5,19,0,2,6,809716,74,78,60,12,4945,100,-89,78,149,60,44,0,2717,809760
fd00::205:5:5:5,19,0,1,7,820510,75,79,60,12,4534,100,-89,80,151,60,100,0,2372,820610
fd00::205:5:5:5,19,0,2,6,831300,76,80,60,12,2094,100,-89,81,153,60,90,0,1117,831390
fd00::205:5:5:5,19,0,2,7,842092,77,81,60,12,4064,100,-89,82,155,60,5748,0,2137,847840
fd00::205:5:5:5,19,0,2,7,852886,78,83,60,12,1566,100,-89,83,158,60,414,0,1448,853300
fd00::205:5:5:5,19,0,2,7,863678,79,84,60,12,34,100,-89,84,160,60,2782,0,1032,866460
fd00::205:5:5:5,19,0,1,7,874470,80,85,60,12,44,100,-89,85,162,60,1230,0,267,875700
fd00::205:5:5:5,19,0,2,7,885262,81,86,60,12,54,100,-89,86,164,60,28,0,2057,885290
fd00::205:5:5:5,19,0,1,7,896054,82,87,60,12,67,100,-89,87,166,60,1696,0,2343,897750
fd00::205:5:5:5,19,0,1,8,906846,83,88,60,12,494,100,-89,89,168,60,7424,0,772,914270
fd00::205:5:5:5,19,0,1,8,917638,84,88,60,12,494,100,-89,89,169,60,132,0,772,917770
fd00::205:5:5:5,19,0,1,7,928428,85,89,60,12,8764,100,-89,90,171,60,122,0,4522,928550
fd00::205:5:5:5,19,0,1,7,939222,86,91,60,12,7595,100,-89,92,174,60,6548,0,4602,945770
fd00::205:5:5:5,19,0,1,8,950014,87,91,60,12,7595,100,-89,93,175,60,7656,0,4602,957670
fd00::205:5:5:5,19,0,2,7,960806,88,93,60,12,9995,100,-89,94,178,60,2394,0,6572,963200
fd00::205:5:5:5,19,0,1,7,971601,89,94,60,12,10355,100,-89,95,180,60,699,0,5282,972300
fd00::205:5:5:5,19,0,1,7,982390,90,96,60,12,226,100,-89,96,183,60,1670,0,2003,984060
fd00::205:5:5:5,19,0,0,8,993182,91,97,60,12,24,100,-89,97,185,60,48,0,1552,993230
fd00::205:5:5:5,19,0,0,8,1003973,92,98,60,12,34,100,-89,98,187,60,37,0,1522,1004010
fd00::205:5:5:5,19,0,0,8,1014765,93,99,60,12,44,100,-89,99,189,60,25,0,1457,1014790
fd00::205:5:5:5,19,0,0,8,1025557,94,100,60,12,54,100,-89,100,191,60,83,0,2792,1025640
fd00::205:5:5:5,19,0,0,8,1036350,95,101,60,12,64,100,-89,101,193,60,70,0,2237,1036420
fd00::205:5:5:5,19,0,1,8,1047141,96,102,60,12,74,100,-89,102,195,60,59,0,1717,1047200
fd00::205:5:5:5,19,0,1,8,1057933,97,103,60,12,14,100,-89,103,197,60,47,0,1512,1057980
fd00::205:5:5:5,19,0,1,8,1068728,98,104,60,12,24,100,-89,104,199,60,32,0,1482,1068760
fd00::205:5:5:5,19,0,0,8,1079517,99,105,60,12,34,100,-89,105,201,60,23,0,1487,1079540
fd00::205:5:5:5,19,0,1,7,1090310,100,107,60,12,54,100,-89,107,203,60,6520,0,1107,1096830
fd00::205:5:5:5,621,0,39,257,1457237,103,142,60,12,274,100,-89,143,205,60,373,0,2902,1457610
fd00::205:5:5:5,19,0,1,7,1468028,104,143,60,12,214,100,-89,144,207,60,12,0,387,1468040
fd00::205:5:5:5,19,0,1,7,1478820,105,144,60,12,14,100,-89,145,209,60,70,0,2562,1478890
fd00::205:5:5:5,19,0,1,7,1489612,106,145,60,12,24,100,-89,146,211,60,58,0,1727,1489670
fd00::205:5:5:5,19,0,1,7,1500406,107,147,60,12,44,100,-89,148,214,60,3544,0,1912,1503950
fd00::205:5:5:5,19,0,1,7,1511198,108,148,60,12,54,100,-89,149,216,60,4302,0,2722,1515500
fd00::205:5:5:5,19,0,1,7,1521990,109,149,60,12,64,100,-89,150,218,60,1840,0,1747,1523830
fd00::205:5:5:5,19,0,1,7,1532782,110,150,60,12,635,100,-89,151,220,60,1548,0,1332,1534330
fd00::205:5:5:5,19,0,1,7,1543574,111,151,60,12,14,100,-89,152,222,60,556,0,1967,1544130
fd00::205:5:5:5,19,0,1,7,1554366,112,152,60,12,24,100,-89,153,224,60,1384,0,2707,1555750
fd00::205:5:5:5,19,0,1,7,1565157,113,153,60,12,244,100,-89,154,226,60,813,0,2817,1565970
fd00::205:5:5:5,19,0,1,7,1575950,114,154,60,12,44,100,-89,155,228,60,30,0,1457,1575980
fd00::205:5:5:5,19,0,1,8,1586742,115,155,60,12,54,100,-89,156,230,60,18,0,1112,1586760
fd00::205:5:5:5,19,0,1,7,1597534,116,156,60,12,64,100,-89,157,232,60,6,0,1572,1597540
fd00::205:5:5:5,19,0,1,7,1608328,117,157,60,12,74,100,-89,158,234,60,62,0,1472,1608390
fd00::205:5:5:5,19,0,1,7,1619116,118,158,60,12,14,100,-89,159,236,60,54,0,1547,1619170
fd00::205:5:5:5,19,0,1,8,1629908,119,159,60,12,24,100,-89,160,238,60,42,0,1202,1629950
fd00::205:5:5:5,19,0,1,7,1640702,120,161,60,12,44,100,-89,162,241,60,5138,0,2262,1645840
fd00::205:5:5:5,19,0,2,6,1651494,121,162,60,12,54,100,-89,163,243,60,2746,0,1952,1654240
fd00::205:5:5:5,19,0,1,7,1662286,122,163,60,12,64,100,-89,164,244,60,2734,0,1952,1665020
fd00::205:5:5:5,19,0,1,7,1673077,123,164,60,12,74,100,-89,165,246,60,553,0,807,1673630
fd00::205:5:5:5,19,0,1,8,1683870,124,165,60,12,14,100,-89,166,248,60,2920,0,3367,1686790
fd00::205:5:5:5,19,0,1,7,1694661,125,166,60,12,24,100,-89,167,250,60,249,0,1272,1694910
fd00::205:5:5:5,19,0,1,7,1705452,126,167,60,12,34,100,-89,168,252,60,308,0,1627,1705760
fd00::205:5:5:5,19,0,1,7,1716248,127,168,60,12,44,100,-89,169,254,60,1342,0,3732,1717590
fd00::205:5:5:5,19,0,1,7,1727041,128,169,60,12,54,100,-89,170,256,60,69,0,2617,1727110
fd00::205:5:5:5,19,0,0,8,1737829,129,170,60,12,67,100,-89,171,258,60,61,0,2028,1737890
fd00::205:5:5:5,19,0,0,7,1748622,130,171,60,12,703,100,-89,172,260,60,48,0,2731,1748670
fd00::205:5:5:5,19,0,0,8,1759413,131,172,60,12,14,100,-89,173,262,60,317,0,1407,1759730
fd00::205:5:5:5,19,0,1,7,1770208,132,173,60,12,1214,100,-89,175,264,60,4642,0,2007,1774850
fd00::205:5:5:5,19,0,1,7,1780998,133,175,60,12,44,100,-89,176,267,60,2882,0,1912,1783880
fd00::205:5:5:5,19,0,1,8,1791790,134,176,60,12,54,100,-89,177,269,60,280,0,1007,1792070
fd00::205:5:5:5,19,0,0,8,1802582,135,177,60,12,64,100,-89,178,271,60,1038,0,1782,1803620
fd00::205:5:5:5,19,0,1,8,1813373,136,178,60,12,74,100,-89,179,273,60,1587,0,2207,1814960
fd00::205:5:5:5,19,0,2,7,1824164,137,179,60,12,14,100,-89,180,275,60,36,0,1617,1824200
fd00::205:5:5:5,19,0,1,7,1834957,138,180,60,12,24,100,-89,181,277,60,373,0,2567,1835330
fd00::205:5:5:5,19,0,1,7,1845750,139,181,60,12,34,100,-89,182,278,60,10,0,2567,1845760
fd00::205:5:5:5,19,0,1,7,1856541,140,182,60,12,44,100,-89,183,280,60,699,0,1457,1857240
fd00::205:5:5:5,19,0,1,7,1867336,141,183,60,12,54,100,-89,184,282,60,124,0,1637,1867460
fd00::205:5:5:5,19,0,0,8,1878126,142,184,60,12,414,100,-89,185,284,60,44,0,1047,1878170
fd00::205:5:5:5,19,0,0,8,1888918,143,185,60,12,74,100,-89,186,286,60,32,0,1577,1888950
fd00::205:5:5:5,19,0,1,7,1899712,144,186,60,12,14,100,-89,187,288,60,18,0,1827,1899730
fd00::205:5:5:5,19,0,0,8,1910502,145,188,60,12,34,100,-89,189,291,60,2808,0,1627,1913310
fd00::205:5:5:5,19,0,0,8,1921294,146,189,60,12,44,100,-89,190,293,60,2026,0,1632,1923320
fd00::205:5:5:5,19,0,1,7,1932086,147,190,60,12,684,100,-89,191,295,60,334,0,1182,1932420
fd00::205:5:5:5,19,0,0,8,1942878,148,191,60,12,64,100,-89,192,297,60,42,0,1257,1942920
fd00::205:5:5:5,19,0,0,8,1953670,149,192,60,12,74,100,-89,193,299,60,1360,0,2487,1955030
fd00::205:5:5:5,19,0,1,8,1964461,150,193,60,12,13,100,-89,194,301,60,89,0,2246,1964550
fd00::205:5:5:5,19,0,0,8,1975253,151,194,60,12,24,100,-89,195,303,60,7,0,1622,1975260
fd00::205:5:5:5,19,0,0,8,1986045,152,195,60,12,34,100,-89,196,305,60,135,0,402,1986180
fd00::205:5:5:5,19,0,1,8,1996837,153,196,60,12,44,100,-89,197,307,60,53,0,1037,1996890
fd00::205:5:5:5,19,0,0,8,2007632,154,197,60,12,54,100,-89,198,309,60,38,0,1672,2007670
fd00::205:5:5:5,19,0,0,8,2018421,155,198,60,12,204,100,-89,199,311,60,29,0,242,2018450
fd00::205:5:5:5,19,0,0,8,2029214,156,199,60,12,74,100,-89,200,313,60,86,0,1402,2029300
fd00::205:5:5:5,19,0,1,7,2040006,157,200,60,12,14,100,-89,202,315,60,2174,0,2562,2042180
fd00::205:5:5:5,19,0,1,8,2050798,158,202,60,12,34,100,-89,203,318,60,3142,0,1942,2053940
fd00::205:5:5:5,19,0,1,8,2061590,159,203,60,12,44,100,-89,204,320,60,1870,0,1702,2063460
fd00::205:5:5:5,19,0,0,8,2072382,160,204,60,12,54,100,-89,205,322,60,598,0,1147,2072980
fd00::205:5:5:5,19,0,0,8,2083174,161,205,60,12,64,100,-89,206,324,60,26,0,347,2083200
fd00::205:5:5:5,19,0,0,8,2093966,162,206,60,12,74,100,-89,207,326,60,14,0,1752,2093980
fd00::205:5:5:5,19,0,1,8,2104758,163,207,60,12,14,100,-89,208,328,60,72,0,252,2104830
fd00::205:5:5:5,19,0,0,8,2115549,164,208,60,12,1704,100,-89,209,330,60,61,0,1132,2115610
fd00::205:5:5:5,19,0,0,8,2126342,165,209,60,12,34,100,-89,210,332,60,48,0,1277,2126390
fd00::205:5:5:5,19,0,0,8,2137133,166,210,60,12,254,100,-89,211,334,60,37,0,1387,2137170
fd00::205:5:5:5,19,0,1,7,2147925,167,211,60,12,54,100,-89,212,336,60,25,0,1847,2147950
fd00::205:5:5:5,19,0,0,8,2158718,168,212,60,12,64,100,-89,213,338,60,12,0,802,2158730
fd00::205:5:5:5,19,0,0,8,2169509,169,213,60,12,74,100,-89,214,340,60,71,0,702,2169580
fd00::205:5:5:5,19,0,0,8,2180302,170,215,60,12,24,100,-89,216,343,60,5588,0,2812,2185890
fd00::205:5:5:5,19,0,1,7,2191094,171,216,60,12,34,100,-89,217,345,60,2146,0,1592,2193240
fd00::205:5:5:5,19,0,1,7,2201886,172,217,60,12,44,100,-89,218,347,60,734,0,302,2202620
fd00::205:5:5:5,19,0,1,8,2212677,173,218,60,12,54,100,-89,219,349,60,1143,0,1882,2213820
fd00::205:5:5:5,19,0,0,8,2223470,174,219,60,12,64,100,-89,220,351,60,80,0,1117,2223550
fd00::205:5:5:5,19,0,1,7,2234261,175,220,60,12,74,100,-89,221,353,60,69,0,492,2234330
fd00::205:5:5:5,19,0,0,8,2245053,176,221,60,12,14,100,-89,222,355,60,57,0,287,2245110
fd00::205:5:5:5,19,0,1,7,2255846,177,222,60,12,27,100,-89,223,357,60,44,0,1028,2255890
fd00::205:5:5:5,19,0,0,8,2266640,178,223,60,12,34,100,-89,224,359,60,30,0,1172,2266670
fd00::205:5:5:5,19,0,0,8,2277430,179,224,60,12,114,100,-89,225,361,60,20,0,1317,2277450
fd00::205:5:5:5,19,0,0,8,2288222,180,225,60,12,334,100,-89,226,363,60,78,0,1322,2288300
fd00::205:5:5:5,19,0,0,8,2299014,181,226,60,12,63,100,-89,227,365,60,66,0,1046,2299080
fd00::205:5:5:5,524,0,12,2380,2622776,185,257,60,12,43,100,-89,260,368,60,334,0,826,2623110
fd00::205:5:5:5,19,0,0,8,2633565,186,258,60,12,54,100,-89,261,370,60,45,0,447,2633610
fd00::205:5:5:5,19,0,0,8,2644357,187,259,60,12,64,100,-89,262,372,60,103,0,732,2644460
fd00::205:5:5:5,19,0,0,8,2655150,188,260,60,12,74,100,-89,263,374,60,20,0,1472,2655170
fd00::205:5:5:5,19,0,0,8,2665942,189,261,60,12,14,100,-89,264,376,60,8,0,2002,2665950
fd00::205:5:5:5,19,0,0,8,2676736,190,262,60,12,24,100,-89,265,378,60,64,0,1377,2676800
fd00::205:5:5:5,19,0,0,8,2687528,191,263,60,12,34,100,-89,266,380,60,682,0,297,2688210
fd00::205:5:5:5,19,0,0,8,2698320,192,264,60,12,44,100,-89,267,382,60,40,0,442,2698360
fd00::205:5:5:5,19,0,0,8,2709112,193,265,60,12,54,100,-89,268,384,60,28,0,1322,2709140
fd00::205:5:5:5,19,0,0,8,2719904,194,266,60,12,64,100,-89,269,386,60,16,0,2167,2719920
fd00::205:5:5:5,19,0,0,8,2730694,195,268,60,12,14,100,-89,271,389,60,1056,0,707,2731750
fd00::205:5:5:5,19,0,0,8,2741485,196,269,60,12,24,100,-89,272,391,60,1395,0,1307,2742880
fd00::205:5:5:5,19,0,0,8,2763069,198,271,60,12,44,100,-89,274,394,60,41,0,267,2763110
fd00::205:5:5:5,19,0,0,8,2773862,199,272,60,12,334,100,-89,275,396,60,308,0,1917,2774170
fd00::205:5:5:5,19,0,0,8,2784654,200,273,60,12,64,100,-89,276,398,60,16,0,977,2784670
fd00::205:5:5:5,19,0,0,8,2806238,202,275,60,12,154,100,-89,278,401,60,62,0,1792,2806300
fd00::205:5:5:5,19,0,0,8,2817030,203,276,60,12,24,100,-89,279,403,60,50,0,2322,2817080
fd00::205:5:5:5,19,0,0,8,2827822,204,277,60,12,34,100,-89,280,405,60,38,0,2502,2827860
fd00::205:5:5:5,19,0,0,8,2838614,205,278,60,12,44,100,-89,281,407,60,26,0,1737,2838640
fd00::205:5:5:5,19,0,0,8,2849406,206,279,60,12,54,100,-89,282,409,60,14,0,2232,2849420
fd00::205:5:5:5,19,0,0,8,2881782,209,283,60,12,94,100,-89,286,414,60,1518,0,1482,2883300
fd00::205:5:5:5,19,0,0,8,2892574,210,284,60,12,34,100,-89,287,416,60,106,0,227,2892680
fd00::205:5:5:5,19,0,0,8,2903366,211,285,60,12,44,100,-89,288,418,60,24,0,372,2903390
fd00::205:5:5:5,19,0,0,8,2914158,212,286,60,12,54,100,-89,289,420,60,362,0,482,2914520
fd00::205:5:5:5,19,0,2,6,2924950,213,287,60,12,64,100,-89,290,422,60,70,0,1922,2925020
fd00::205:5:5:5,19,0,2,6,2935742,214,288,60,12,74,100,-89,291,424,60,198,0,2942,2935940
fd00::205:5:5:5,19,0,0,8,2946534,215,289,60,12,154,100,-89,292,426,60,46,0,1127,2946580
fd00::205:5:5:5,19,0,0,8,2957326,216,290,60,12,23,100,-89,293,428,60,34,0,501,2957360
fd00::205:5:5:5,19,0,0,8,2968120,217,291,60,12,34,100,-89,294,430,60,20,0,892,2968140
fd00::205:5:5:5,19,0,0,8,2978912,218,292,60,12,45,100,-89,295,432,60,8,0,1212,2978920
fd00::205:5:5:5,19,0,0,8,2989704,219,293,60,12,54,100,-89,296,434,60,66,0,1252,2989770
fd00::205:5:5:5,19,0,1,7,3000494,220,295,60,12,74,100,-89,298,437,60,2856,0,247,3003350
fd00::205:5:5:5,19,0,0,8,3011286,221,296,60,12,14,100,-89,299,439,60,1444,0,1337,3012730
fd00::205:5:5:5,19,0,0,8,3022078,222,297,60,12,24,100,-89,300,441,60,32,0,397,3022110
fd00::205:5:5:5,19,0,0,8,3032870,223,298,60,12,34,100,-89,301,443,60,20,0,1207,3032890
fd00::205:5:5:5,19,0,0,8,3043662,224,299,60,12,44,100,-89,302,445,60,8,0,1142,3043670
fd00::205:5:5:5,19,0,0,8,3054454,225,300,60,12,54,100,-89,303,447,60,66,0,1427,3054520
fd00::205:5:5:5,19,0,0,8,3065246,226,301,60,12,66,100,-89,304,449,60,54,0,1433,3065300
fd00::205:5:5:5,19,0,0,8,3076038,227,302,60,12,74,100,-89,305,451,60,42,0,807,3076080
fd00::205:5:5:5,19,0,0,8,3086832,228,303,60,12,14,100,-89,306,453,60,28,0,1512,3086860
fd00::205:5:5:5,19,0,0,8,3097622,229,304,60,12,24,100,-89,307,455,60,18,0,152,3097640
fd00::205:5:5:5,19,0,0,8,3108414,230,305,60,12,244,100,-89,308,457,60,6,0,927,3108420
fd00::205:5:5:5,19,0,0,8,3119206,231,306,60,12,44,100,-89,309,459,60,64,0,2122,3119270
fd00::205:5:5:5,19,0,0,8,3130000,232,307,60,12,54,100,-89,311,461,60,2850,0,167,3132850
fd00::205:5:5:5,19,0,0,8,3140790,233,309,60,12,74,100,-89,312,464,60,1930,0,1122,3142720
fd00::205:5:5:5,19,0,0,8,3151582,234,310,60,12,13,100,-89,313,466,60,2968,0,2246,3154550
fd00::205:5:5:5,19,0,0,8,3162374,235,311,60,12,24,100,-89,314,468,60,3796,0,3057,3166170
fd00::205:5:5:5,19,0,0,8,3173166,236,312,60,12,34,100,-89,315,470,60,74,0,1487,3173240
fd00::205:5:5:5,19,0,0,8,3183960,237,313,60,12,44,100,-89,316,472,60,60,0,442,3184020
fd00::205:5:5:5,19,0,0,8,3194750,238,314,60,12,54,100,-89,317,474,60,50,0,2232,3194800
fd00::205:5:5:5,19,0,0,8,3205542,239,315,60,12,64,100,-89,318,476,60,38,0,382,3205580
fd00::205:5:5:5,19,0,1,7,3216334,240,316,60,12,74,100,-89,319,478,60,26,0,1542,3216360
fd00::205:5:5:5,19,0,0,8,3227128,241,317,60,12,14,100,-89,320,480,60,12,0,2422,3227140
fd00::205:5:5:5,19,0,0,8,3237918,242,318,60,12,24,100,-89,321,482,60,72,0,1412,3237990
fd00::205:5:5:5,19,0,0,8,3248710,243,319,60,12,174,100,-89,322,484,60,60,0,1837,3248770
fd00::205:5:5:5,19,0,0,8,3259502,244,320,60,12,47,100,-89,323,486,60,48,0,1283,3259550
fd00::205:5:5:5,19,0,0,8,3270294,245,322,60,12,64,100,-89,325,489,60,2416,0,1327,3272710
fd00::205:5:5:5,19,0,0,8,3281086,246,323,60,12,73,100,-89,326,491,60,1564,0,1296,3282650
fd00::205:5:5:5,19,0,0,8,3291878,247,324,60,12,14,100,-89,327,493,60,502,0,1162,3292380
fd00::205:5:5:5,19,0,0,8,3302670,248,325,60,12,24,100,-89,328,495,60,70,0,467,3302740
fd00::205:5:5:5,19,0,0,8,3313462,249,326,60,12,34,100,-89,329,497,60,58,0,857,3313520
fd00::205:5:5:5,19,0,0,8,3324256,250,327,60,12,44,100,-89,330,499,60,44,0,617,3324300
fd00::205:5:5:5,19,0,0,8,3335048,251,328,60,12,54,100,-89,331,501,60,32,0,1287,3335080
fd00::205:5:5:5,19,0,0,8,3345840,252,329,60,12,64,100,-89,332,503,60,20,0,802,3345860
fd00::205:5:5:5,19,0,0,8,3356630,253,330,60,12,74,100,-89,333,505,60,10,0,1262,3356640
fd00::205:5:5:5,19,0,0,8,3367422,254,331,60,12,14,100,-89,334,507,60,68,0,2142,3367490
fd00::205:5:5:5,19,0,0,8,3378216,255,332,60,12,94,100,-89,335,509,60,54,0,1832,3378270
fd00::205:5:5:5,19,0,0,8,3389006,256,333,60,12,34,100,-89,336,511,60,44,0,787,3389050
fd00::205:5:5:5,19,0,0,8,3399798,257,334,60,12,44,100,-89,337,513,60,32,0,792,3399830
fd00::205:5:5:5,19,0,0,8,3410590,258,336,60,12,64,100,-89,339,516,60,2190,0,1362,3412780
fd00::205:5:5:5,19,0,0,8,3421382,259,337,60,12,74,100,-89,340,518,60,918,0,212,3422300
fd00::205:5:5:5,19,0,0,8,3432176,260,338,60,12,14,100,-89,341,520,60,1114,0,1617,3433290
fd00::205:5:5:5,19,0,0,8,3442966,261,339,60,12,23,100,-89,342,522,60,54,0,186,3443020
fd00::205:5:5:5,19,0,0,8,3453758,262,340,60,12,34,100,-89,343,524,60,392,0,192,3454150
fd00::205:5:5:5,19,0,0,8,3464550,263,341,60,12,44,100,-89,344,526,60,170,0,722,3464720
fd00::205:5:5:5,19,0,0,8,3475342,264,342,60,12,54,100,-89,345,528,60,18,0,202,3475360
fd00::205:5:5:5,19,0,0,8,3486136,265,343,60,12,64,100,-89,346,530,60,4,0,732,3486140
fd00::205:5:5:5,19,0,0,8,3496928,266,344,60,12,74,100,-89,347,532,60,62,0,2067,3496990
fd00::205:5:5:5,19,0,0,8,3507718,267,345,60,12,14,100,-89,348,534,60,52,0,1547,3507770
fd00::205:5:5:5,19,0,0,8,3518512,268,346,60,12,24,100,-89,349,536,60,38,0,187,3518550
fd00::205:5:5:5,19,0,0,8,3529304,269,347,60,12,34,100,-89,350,538,60,26,0,1277,3529330
fd00::205:5:5:5,19,0,0,8,3540094,270,349,60,12,54,100,-89,352,541,60,5476,0,2757,3545570
fd00::205:5:5:5,19,0,0,8,3550886,271,350,60,12,64,100,-89,353,543,60,634,0,627,3551520
fd00::205:5:5:5,19,0,0,8,3561678,272,351,60,12,75,100,-89,354,545,60,1322,0,1472,3563000
fd00::205:5:5:5,19,0,0,8,3572470,273,352,60,12,14,100,-89,355,547,60,2850,0,462,3575320
fd00::205:5:5:5,19,0,0,9,3583262,274,353,60,12,25,100,-89,356,549,60,38,0,187,3583300
fd00::205:5:5:5,19,0,0,9,3594054,275,354,60,12,34,100,-89,357,551,60,236,0,192,3594290
fd00::206:6:6:6,78,0,0,393,43569,1,0,60,0,0,0,0,0,1,60,41,0,0,43610
fd00::206:6:6:6,19,0,0,9,54498,2,1,60,12,764,100,-90,1,3,60,32,0,557,54530
fd00::206:6:6:6,19,0,0,9,65427,3,2,60,12,424,100,-90,2,5,60,23,0,247,65450
fd00::206:6:6:6,19,0,0,9,76358,4,3,60,12,784,100,-90,3,7,60,12,0,427,76370
fd00::206:6:6:6,19,0,0,8,87284,5,4,60,12,654,100,-90,4,9,60,76,0,607,87360
fd00::206:6:6:6,19,0,0,8,98212,6,5,60,12,804,100,-90,5,11,60,68,0,752,98280
fd00::206:6:6:6,19,0,1,8,109141,7,6,60,12,464,100,-90,6,13,60,59,0,1947,109200
fd00::206:6:6:6,19,0,1,8,120070,8,7,60,12,334,100,-90,8,15,60,5720,0,1462,125790
fd00::206:6:6:6,19,0,1,8,131001,9,9,60,12,774,100,-90,9,18,60,319,0,597,131320
fd00::206:6:6:6,19,0,1,8,141930,10,10,60,12,784,100,-90,10,20,60,1220,0,1547,143150
fd00::206:6:6:6,19,0,1,7,152859,11,11,60,12,514,100,-90,11,22,60,721,0,1097,153580
fd00::206:6:6:6,19,0,1,8,163788,12,12,60,12,314,100,-90,12,24,60,82,0,1872,163870
fd00::206:6:6:6,19,0,1,7,174717,13,13,60,12,324,100,-90,13,26,60,73,0,1947,174790
fd00::206:6:6:6,19,0,1,8,185645,14,13,60,12,324,100,-90,14,27,60,2095,0,1947,187740
fd00::206:6:6:6,19,0,1,8,196574,15,14,60,12,6004,100,-90,15,29,60,56,0,4542,196630
fd00::206:6:6:6,19,0,1,7,207503,16,16,60,12,2106,100,-90,18,32,60,18037,0,1543,225540
fd00::206:6:6:6,19,0,1,8,218433,17,17,60,12,577,100,-90,18,34,60,9417,0,8653,227850
fd00::206:6:6:6,19,0,2,7,229360,18,18,60,12,865,100,-90,18,36,60,30,0,4002,229390
fd00::206:6:6:6,19,0,1,8,240290,19,19,60,12,1574,100,-90,20,38,60,3590,0,1312,243880
fd00::206:6:6:6,19,0,2,7,251220,20,21,60,12,754,100,-90,21,41,60,5680,0,3177,256900
fd00::206:6:6:6,19,0,1,8,262149,21,22,60,12,134,100,-90,22,43,60,4551,0,3287,266700
fd00::206:6:6:6,19,0,1,7,273077,22,23,60,12,284,100,-90,23,45,60,63,0,387,273140
fd00::206:6:6:6,19,0,0,9,284005,23,24,60,12,434,100,-90,24,47,60,265,0,322,284270
fd00::206:6:6:6,19,0,1,7,294934,24,25,60,12,514,100,-90,25,49,60,46,0,712,294980
fd00::206:6:6:6,19,0,0,8,305865,25,26,60,12,946,100,-90,26,51,60,105,0,1383,305970
fd00::206:6:6:6,19,0,1,8,316793,26,27,60,12,744,100,-90,27,53,60,97,0,722,316890
fd00::206:6:6:6,19,0,1,8,327723,27,28,60,12,1874,100,-90,28,55,60,997,0,1427,328720
fd00::206:6:6:6,19,0,1,8,338650,28,29,60,12,904,100,-90,29,57,60,10,0,2517,338660
fd00::206:6:6:6,19,0,0,8,349579,29,30,60,12,636,100,-90,30,59,60,71,0,388,349650
fd00::206:6:6:6,19,0,1,8,360510,30,32,60,12,374,100,-90,32,62,60,690,0,432,361200
fd00::206:6:6:6,19,0,1,8,371438,31,33,60,12,1084,100,-90,33,64,60,2152,0,1277,373590
fd00::206:6:6:6,19,0,1,8,382368,32,34,60,12,604,100,-90,34,66,60,1932,0,582,384300
fd00::206:6:6:6,19,0,1,8,393297,33,35,60,12,194,100,-90,35,68,60,33,0,692,393330
fd00::206:6:6:6,19,0,0,8,404225,34,36,60,12,344,100,-90,36,70,60,165,0,1712,404390
fd00::206:6:6:6,19,0,1,8,415155,35,37,60,12,494,100,-90,37,72,60,225,0,2102,415380
fd00::206:6:6:6,19,0,1,8,426084,36,38,60,12,434,100,-90,38,74,60,76,0,1932,426160
fd00::206:6:6:6,19,0,1,8,437013,37,39,60,12,374,100,-90,39,76,60,277,0,537,437290
fd00::206:6:6:6,19,0,1,8,447942,38,40,60,12,1014,100,-90,40,78,60,758,0,2362,448700
fd00::206:6:6:6,19,0,1,8,469798,40,42,60,12,264,100,-90,42,81,60,42,0,3632,469840
fd00::206:6:6:6,19,0,1,8,480729,41,44,60,12,425,100,-90,44,84,60,8361,0,1157,489090
fd00::206:6:6:6,19,0,1,8,491658,42,45,60,12,224,100,-90,45,86,60,6462,0,3262,498120
fd00::206:6:6:6,19,0,2,7,502587,43,46,60,12,515,100,-90,46,88,60,5683,0,3967,508270
fd00::206:6:6:6,19,0,1,8,513516,44,47,60,12,314,100,-90,47,90,60,4904,0,2992,518420
fd00::206:6:6:6,19,0,1,8,524445,45,48,60,12,465,100,-90,48,92,60,135,0,1072,524580
fd00::206:6:6:6,19,0,1,7,535374,46,49,60,12,824,100,-90,49,94,60,56,0,1532,535430
fd00::206:6:6:6,19,0,0,8,546305,47,50,60,12,344,100,-90,50,96,60,115,0,1327,546420
fd00::206:6:6:6,19,0,0,8,557231,48,51,60,12,703,100,-90,51,98,60,319,0,1961,557550
fd00::206:6:6:6,19,0,0,8,568160,49,52,60,12,504,100,-90,52,100,60,30,0,392,568190
fd00::206:6:6:6,19,0,0,8,579092,50,53,60,12,794,100,-90,53,102,60,18,0,537,579110
fd00::206:6:6:6,19,0,1,8,590021,51,54,60,12,594,100,-90,55,104,60,2599,0,437,592620
fd00::206:6:6:6,19,0,0,8,600951,52,55,60,12,184,100,-90,56,106,60,839,0,1422,601790
fd00::206:6:6:6,19,0,1,8,611877,53,57,60,12,344,100,-90,57,109,60,693,0,627,612570
fd00::206:6:6:6,19,0,0,8,622805,54,58,60,12,214,100,-90,58,111,60,615,0,1612,623420
fd00::206:6:6:6,19,0,0,8,633734,55,59,60,12,155,100,-90,59,113,60,186,0,217,633920
fd00::206:6:6:6,19,0,0,8,644663,56,60,60,12,164,100,-90,60,115,60,247,0,467,644910
fd00::206:6:6:6,19,0,0,8,655592,57,61,60,12,244,100,-90,61,117,60,28,0,437,655620
fd00::206:6:6:6,19,0,0,8,666522,58,62,60,12,184,100,-90,62,119,60,18,0,2262,666540
fd00::206:6:6:6,19,0,0,8,677450,59,63,60,12,547,100,-90,63,121,60,10,0,728,677460
fd00::206:6:6:6,19,0,1,8,688382,60,64,60,12,554,100,-90,64,123,60,68,0,557,688450
fd00::206:6:6:6,19,0,0,8,699311,61,65,60,12,774,100,-90,65,125,60,59,0,492,699370
fd00::206:6:6:6,19,0,1,8,710237,62,66,60,12,574,100,-90,67,127,60,193,0,882,710430
fd00::206:6:6:6,19,0,1,7,721167,63,68,60,12,314,100,-90,68,130,60,3403,0,857,724570
fd00::206:6:6:6,19,0,0,8,732096,64,69,60,12,464,100,-90,69,132,60,314,0,1177,732410
fd00::206:6:6:6,19,0,1,8,743024,65,70,60,12,684,100,-90,70,134,60,306,0,447,743330
fd00::206:6:6:6,19,0,1,8,753953,66,71,60,12,695,100,-90,71,136,60,17,0,1537,753970
fd00::206:6:6:6,19,0,1,7,764881,67,72,60,12,284,100,-90,72,138,60,9,0,562,764890
fd00::206:6:6:6,19,0,0,8,775810,68,73,60,12,504,100,-90,73,140,60,70,0,532,775880
fd00::206:6:6:6,19,0,0,8,786741,69,74,60,12,304,100,-90,74,142,60,409,0,3267,787150
fd00::206:6:6:6,19,0,1,8,797668,70,75,60,12,455,100,-90,75,144,60,52,0,542,797720
fd00::206:6:6:6,19,0,0,8,808597,71,76,60,12,675,100,-90,76,146,60,43,0,652,808640
fd00::206:6:6:6,19,0,0,8,819526,72,77,60,12,614,100,-90,78,148,60,1154,0,1777,820680
fd00::206:6:6:6,19,0,1,8,830457,73,79,60,12,284,100,-90,79,151,60,373,0,282,830830
fd00::206:6:6:6,19,0,0,8,841386,74,80,60,12,434,100,-90,80,153,60,1834,0,1582,843220
fd00::206:6:6:6,19,0,0,8,852315,75,81,60,12,236,100,-90,81,155,60,3645,0,503,855960
fd00::206:6:6:6,19,0,1,8,863244,76,82,60,12,384,100,-90,82,157,60,276,0,1522,863520
fd00::206:6:6:6,19,0,0,8,874175,77,83,60,12,744,100,-90,83,159,60,1315,0,547,875490
fd00::206:6:6:6,19,0,1,8,885101,78,84,60,12,544,100,-90,84,161,60,49,0,517,885150
fd00::206:6:6:6,19,0,1,8,896031,79,85,60,12,767,100,-90,85,163,60,39,0,1048,896070
fd00::206:6:6:6,19,0,1,8,906960,80,86,60,12,144,100,-90,86,165,60,100,0,2837,907060
fd00::206:6:6:6,19,0,1,8,917887,81,87,60,12,14,100,-90,87,167,60,23,0,462,917910
fd00::206:6:6:6,19,0,0,8,928820,82,88,60,12,24,100,-90,88,169,60,430,0,3407,929250
fd00::206:6:6:6,19,0,0,8,939747,83,89,60,12,105,100,-90,89,171,60,73,0,857,939820
fd00::206:6:6:6,19,0,0,8,950676,84,91,60,12,335,100,-90,91,174,60,274,0,272,950950
fd00::206:6:6:6,19,0,1,8,961605,85,92,60,12,415,100,-90,92,176,60,4325,0,557,965930
fd00::206:6:6:6,19,0,1,8,972534,86,93,60,12,914,100,-90,93,178,60,396,0,1402,972930
fd00::206:6:6:6,19,0,1,8,983462,87,94,60,12,576,100,-90,94,180,60,1368,0,2388,984830
fd00::206:6:6:6,19,0,0,8,994392,88,95,60,12,444,100,-90,95,182,60,28,0,1482,994420
fd00::206:6:6:6,19,0,1,8,1005321,89,96,60,12,1154,100,-90,96,184,60,19,0,2082,1005340
fd00::206:6:6:6,19,0,0,8,1016250,90,97,60,12,324,100,-90,97,186,60,80,0,1072,1016330
fd00::206:6:6:6,19,0,0,8,1027177,91,98,60,12,474,100,-90,98,188,60,73,0,1637,1027250
fd00::206:6:6:6,19,0,0,8,1038106,92,99,60,12,834,100,-90,99,190,60,64,0,2307,1038170
fd00::206:6:6:6,19,0,0,8,1049035,93,100,60,12,494,100,-90,100,192,60,55,0,457,1049090
fd00::206:6:6:6,19,0,0,8,1059964,94,101,60,12,714,100,-90,102,194,60,4946,0,1967,1064910
fd00::206:6:6:6,19,0,0,8,1070895,95,103,60,12,594,100,-90,103,197,60,2625,0,1382,1073520
fd00::206:6:6:6,19,0,0,8,1081824,96,104,60,12,1514,100,-90,104,199,60,2616,0,2017,1084440
fd00::206:6:6:6,19,0,1,8,1092753,97,105,60,12,474,100,-90,105,201,60,2887,0,1742,1095640
fd00::206:6:6:6,19,0,1,8,1103682,98,106,60,12,1184,100,-90,106,203,60,8,0,1187,1103690
fd00::206:6:6:6,19,0,1,8,1114611,99,107,60,12,774,100,-90,107,205,60,839,0,2662,1115450
fd00::206:6:6:6,19,0,1,7,1125539,100,108,60,12,294,100,-90,108,207,60,61,0,707,1125600
fd00::206:6:6:6,19,0,1,8,1136469,101,109,60,12,654,100,-90,109,209,60,681,0,992,1137150
fd00::206:6:6:6,19,0,1,8,1147396,102,110,60,12,384,100,-90,110,211,60,604,0,1312,1148000
fd00::206:6:6:6,19,0,0,8,1158327,103,111,60,12,675,100,-90,111,213,60,33,0,512,1158360
fd00::206:6:6:6,19,0,0,8,1169256,104,112,60,12,684,100,-90,112,215,60,24,0,867,1169280
fd00::206:6:6:6,19,0,0,8,1180187,105,113,60,12,1044,100,-90,114,217,60,433,0,662,1180620
fd00::206:6:6:6,19,0,1,7,1191114,106,115,60,12,504,100,-90,115,220,60,2386,0,1722,1193500
fd00::206:6:6:6,19,0,0,8,1202043,107,116,60,12,795,100,-90,116,222,60,277,0,1097,1202320
fd00::206:6:6:6,19,0,1,8,1212972,108,117,60,12,804,100,-90,117,224,60,1108,0,1977,1214080
fd00::206:6:6:6,19,0,1,8,1223900,109,118,60,12,464,100,-90,118,226,60,50,0,1107,1223950
fd00::206:6:6:6,19,0,1,8,1234829,110,119,60,12,544,100,-90,119,228,60,461,0,1182,1235290
fd00::206:6:6:6,19,0,0,8,1245758,111,120,60,12,484,100,-90,120,230,60,32,0,977,1245790
fd00::206:6:6:6,19,0,0,8,1256688,112,121,60,12,284,100,-90,121,232,60,22,0,2207,1256710
fd00::206:6:6:6,19,0,0,8,1267616,113,122,60,12,434,100,-90,122,234,60,14,0,847,1267630
fd00::206:6:6:6,19,0,0,8,1278544,114,123,60,12,164,100,-90,123,236,60,76,0,1482,1278620
fd00::206:6:6:6,19,0,0,8,1289473,115,124,60,12,314,100,-90,124,238,60,277,0,1732,1289750
fd00::206:6:6:6,19,0,0,8,1300404,116,125,60,12,464,100,-90,126,240,60,2646,0,337,1303050
fd00::206:6:6:6,19,0,0,8,1311333,117,127,60,12,624,100,-90,127,243,60,2147,0,1712,1313480
fd00::206:6:6:6,19,0,1,8,1322262,118,128,60,12,354,100,-90,128,245,60,1228,0,422,1323490
fd00::206:6:6:6,19,0,0,8,1333191,119,129,60,12,994,100,-90,129,247,60,309,0,1197,1333500
fd00::206:6:6:6,19,0,1,8,1344120,120,130,60,12,794,100,-90,130,249,60,790,0,1027,1344910
fd00::206:6:6:6,19,0,0,8,1355047,121,131,60,12,524,100,-90,131,251,60,153,0,2117,1355200
fd00::206:6:6:6,19,0,0,8,1365978,122,132,60,12,674,100,-90,132,253,60,72,0,1107,1366050
fd00::206:6:6:6,19,0,0,8,1376909,123,133,60,12,964,100,-90,133,255,60,201,0,1182,1377110
fd00::206:6:6:6,19,0,0,8,1387834,124,134,60,12,624,100,-90,134,257,60,56,0,1712,1387890
fd00::206:6:6:6,19,0,0,8,1398765,125,135,60,12,634,100,-90,135,259,60,45,0,527,1398810
fd00::206:6:6:6,19,0,0,8,1409696,126,136,60,12,784,100,-90,136,261,60,34,0,1092,1409730
fd00::206:6:6:6,19,0,0,8,1420625,127,137,60,12,514,100,-90,138,263,60,865,0,747,1421490
fd00::206:6:6:6,19,0,1,8,1431552,128,139,60,12,954,100,-90,139,266,60,158,0,652,1431710
fd00::206:6:6:6,19,0,1,8,1442481,129,140,60,12,684,100,-90,140,268,60,219,0,1322,1442700
fd00::206:6:6:6,19,0,1,8,1453410,130,141,60,12,414,100,-90,141,270,60,2170,0,487,1455580
fd00::206:6:6:6,19,0,1,8,1464339,131,142,60,12,844,100,-90,142,272,60,61,0,2102,1464400
fd00::206:6:6:6,19,0,0,8,1475267,132,143,60,12,574,100,-90,143,274,60,193,0,1092,1475460
fd00::206:6:6:6,19,0,1,8,1486197,133,144,60,12,584,100,-90,144,276,60,183,0,2287,1486380
fd00::206:6:6:6,19,0,1,8,1497128,134,145,60,12,245,100,-90,145,278,60,32,0,2082,1497160
fd00::206:6:6:6,19,0,0,8,1508057,135,146,60,12,184,100,-90,146,280,60,23,0,547,1508080
fd00::206:6:6:6,19,0,0,8,1518984,136,147,60,12,194,100,-90,147,282,60,16,0,657,1519000
fd00::206:6:6:6,19,0,1,8,1529911,137,148,60,12,204,100,-90,149,284,60,1899,0,977,1531810
fd00::206:6:6:6,19,0,1,8,1540842,138,150,60,12,154,100,-90,150,287,60,1888,0,357,1542730
fd00::206:6:6:6,19,0,1,8,1551771,139,151,60,12,1214,100,-90,151,289,60,2929,0,2322,1554700
fd00::206:6:6:6,19,0,1,8,1562700,140,152,60,12,734,100,-90,152,291,60,1380,0,612,1564080
fd00::206:6:6:6,19,0,1,8,1573628,141,153,60,12,254,100,-90,153,293,60,42,0,757,1573670
fd00::206:6:6:6,19,0,0,8,1584557,142,154,60,12,474,100,-90,154,295,60,1363,0,2862,1585920
fd00::206:6:6:6,19,0,0,8,1595485,143,155,60,12,414,100,-90,155,297,60,25,0,312,1595510
fd00::206:6:6:6,19,0,0,8,1606414,144,156,60,12,704,100,-90,156,299,60,16,0,2032,1606430
fd00::206:6:6:6,19,0,1,8,1617345,145,157,60,12,784,100,-90,157,301,60,75,0,1792,1617420
fd00::206:6:6:6,19,0,0,8,1628272,146,158,60,12,374,100,-90,158,303,60,68,0,1482,1628340
fd00::206:6:6:6,19,0,1,8,1639201,147,159,60,12,456,100,-90,159,305,60,59,0,3168,1639260
fd00::206:6:6:6,19,0,1,8,1650130,148,160,60,12,674,100,-90,161,307,60,5020,0,2682,1655150
fd00::206:6:6:6,19,0,1,8,1661061,149,162,60,12,904,100,-90,162,310,60,1859,0,1432,1662920
fd00::206:6:6:6,19,0,1,8,1671990,150,163,60,12,774,100,-90,163,312,60,240,0,527,1672230
fd00::206:6:6:6,19,0,0,8,1682919,151,164,60,12,434,100,-90,164,314,60,4151,0,2737,1687070
fd00::206:6:6:6,19,0,0,8,1693847,152,165,60,12,444,100,-90,165,316,60,643,0,1062,1694490
fd00::206:6:6:6,19,0,1,8,1704779,153,166,60,12,664,100,-90,166,318,60,71,0,1382,1704850
fd00::206:6:6:6,19,0,0,8,1715706,154,167,60,12,1024,100,-90,167,320,60,3144,0,1947,1718850
fd00::206:6:6:6,19,0,1,8,1726637,155,168,60,12,544,100,-90,168,322,60,53,0,2932,1726690
fd00::206:6:6:6,19,0,0,8,1737564,156,169,60,12,487,100,-90,169,324,60,46,0,873,1737610
fd00::206:6:6:6,19,0,0,8,1748493,157,170,60,12,353,100,-90,170,326,60,37,0,1506,1748530
fd00::206:6:6:6,19,0,1,8,1759422,158,171,60,12,364,100,-90,171,328,60,238,0,1827,1759660
fd00::206:6:6:6,19,0,0,8,1770353,159,172,60,12,304,100,-90,173,330,60,5337,0,2602,1775690
fd00::206:6:6:6,19,0,1,8,1781280,160,174,60,12,814,100,-90,174,332,60,5540,0,2922,1786820
fd00::206:6:6:6,354,0,12,247,1978004,161,193,60,12,444,100,-90,193,335,60,56,0,607,1978060
fd00::206:6:6:6,19,0,0,8,1988930,162,194,60,12,1224,100,-90,194,337,60,50,0,1067,1988980
fd00::206:6:6:6,19,0,0,8,1999860,163,195,60,12,464,100,-90,195,339,60,40,0,827,1999900
fd00::206:6:6:6,19,0,0,8,2010791,164,196,60,12,544,100,-90,197,341,60,939,0,622,2011730
fd00::206:6:6:6,19,0,1,8,2021718,165,198,60,12,424,100,-90,198,344,60,1422,0,1542,2023140
fd00::206:6:6:6,19,0,2,6,2032647,166,199,60,12,1064,100,-90,199,346,60,4633,0,2667,2037280
fd00::206:6:6:6,19,0,1,7,2043576,167,200,60,12,444,100,-90,200,348,60,74,0,992,2043650
fd00::206:6:6:6,19,0,1,8,2054505,168,201,60,12,384,100,-90,201,350,60,65,0,2152,2054570
fd00::206:6:6:6,19,0,0,8,2065436,169,202,60,12,184,100,-90,202,352,60,194,0,477,2065630
fd00::206:6:6:6,19,0,1,8,2076362,170,203,60,12,404,100,-90,203,354,60,48,0,447,2076410
fd00::206:6:6:6,19,0,1,8,2087290,171,204,60,12,344,100,-90,204,356,60,40,0,2062,2087330
fd00::206:6:6:6,19,0,0,8,2098219,172,205,60,12,634,100,-90,205,358,60,31,0,2102,2098250
fd00::206:6:6:6,19,0,0,8,2109152,173,206,60,12,294,100,-90,206,360,60,18,0,672,2109170
fd00::206:6:6:6,19,0,0,8,2120077,174,207,60,12,164,100,-90,208,362,60,1133,0,502,2121210
fd00::206:6:6:6,19,0,0,8,2131009,175,209,60,12,674,100,-90,209,365,60,1261,0,1107,2132270
fd00::206:6:6:6,19,0,0,8,2141937,176,210,60,12,404,100,-90,210,367,60,4543,0,3212,2146480
fd00::206:6:6:6,19,0,0,8,2152865,177,211,60,12,344,100,-90,211,369,60,685,0,1572,2153550
fd00::206:6:6:6,19,0,0,8,2163794,178,212,60,12,284,100,-90,212,371,60,326,0,1997,2164120
fd00::206:6:6:6,19,0,0,8,2174723,179,213,60,12,364,100,-90,213,373,60,37,0,847,2174760
fd00::206:6:6:6,19,0,0,8,2185653,180,214,60,12,234,100,-90,214,375,60,97,0,957,2185750
fd00::206:6:6:6,19,0,1,8,2196582,181,215,60,12,244,100,-90,215,377,60,18,0,1452,2196600
fd00::206:6:6:6,19,0,0,8,2207511,182,216,60,12,394,100,-90,216,379,60,9,0,337,2207520
fd00::206:6:6:6,19,0,0,8,2218440,183,217,60,12,264,100,-90,217,381,60,70,0,1742,2218510
fd00::206:6:6:6,19,0,0,8,2229369,184,218,60,12,904,100,-90,218,383,60,61,0,1362,2229430
fd00::206:6:6:6,19,0,0,8,2240300,185,219,60,12,704,100,-90,220,385,60,50,0,842,2240350
fd00::206:6:6:6,19,0,1,8,2251227,186,221,60,12,657,100,-90,221,388,60,1653,0,643,2252880
fd00::206:6:6:6,19,0,1,7,2262156,187,222,60,12,384,100,-90,222,390,60,104,0,682,2262260
fd00::206:6:6:6,19,0,0,8,2273084,188,223,60,12,464,100,-90,223,392,60,796,0,1877,2273880
fd00::206:6:6:6,19,0,0,8,2284013,189,224,60,12,544,100,-90,224,394,60,297,0,342,2284310
fd00::206:6:6:6,19,0,0,8,2294941,190,225,60,12,763,100,-90,225,396,60,9,0,1151,2294950
fd00::206:6:6:6,19,0,1,8,2305870,191,226,60,12,634,100,-90,226,398,60,70,0,1192,2305940
fd00::206:6:6:6,19,0,0,8,2316799,192,227,60,12,574,100,-90,227,400,60,61,0,1127,2316860
fd00::206:6:6:6,19,0,0,8,2327728,193,228,60,12,724,100,-90,228,402,60,52,0,782,2327780
fd00::206:6:6:6,19,0,0,8,2338657,194,229,60,12,1084,100,-90,229,404,60,43,0,962,2338700
fd00::206:6:6:6,19,0,0,8,2349586,195,230,60,12,464,100,-90,230,406,60,34,0,302,2349620
fd00::206:6:6:6,19,0,0,8,2360519,196,231,60,12,334,100,-90,232,408,60,1491,0,622,2362010
fd00::206:6:6:6,19,0,0,8,2371446,197,233,60,12,634,100,-90,233,411,60,714,0,982,2372160
fd00::206:6:6:6,19,0,0,8,2382375,198,234,60,12,574,100,-90,234,413,60,425,0,1337,2382800
fd00::206:6:6:6,19,0,0,8,2393303,199,235,60,12,1004,100,-90,235,415,60,67,0,572,2393370
fd00::206:6:6:6,19,0,0,8,2404235,200,236,60,12,524,100,-90,236,417,60,55,0,437,2404290
fd00::206:6:6:6,19,0,0,8,2415162,201,237,60,12,534,100,-90,237,419,60,48,0,1597,2415210
fd00::206:6:6:6,19,0,0,8,2426093,202,238,60,12,194,100,-90,238,421,60,37,0,1602,2426130
fd00::206:6:6:6,19,0,1,7,2437020,203,239,60,12,624,100,-90,239,423,60,30,0,1117,2437050
fd00::206:6:6:6,19,0,0,8,2447949,204,240,60,12,704,100,-90,240,425,60,21,0,737,2447970
fd00::206:6:6:6,19,0,0,8,2458876,205,241,60,12,434,100,-90,241,427,60,14,0,1547,2458890
fd00::206:6:6:6,19,0,0,8,2469811,206,242,60,12,374,100,-90,242,429,60,69,0,257,2469880
fd00::206:6:6:6,19,0,0,8,2480736,207,244,60,12,394,100,-90,244,432,60,1464,0,1072,2482200
fd00::206:6:6:6,19,0,1,8,2491665,208,245,60,12,404,100,-90,245,434,60,55,0,377,2491720
fd00::206:6:6:6,19,0,0,8,2502593,209,246,60,12,344,100,-90,246,436,60,47,0,242,2502640
fd00::206:6:6:6,19,0,1,8,2513523,210,247,60,12,424,100,-90,247,438,60,177,0,387,2513700
fd00::206:6:6:6,19,0,0,8,2524451,211,248,60,12,1204,100,-90,248,440,60,29,0,707,2524480
fd00::206:6:6:6,19,0,0,8,2535379,212,249,60,12,864,100,-90,249,442,60,21,0,642,2535400
fd00::206:6:6:6,19,0,0,8,2546308,213,250,60,12,314,100,-90,250,444,60,12,0,332,2546320
fd00::206:6:6:6,19,0,0,8,2557237,214,251,60,12,184,100,-90,251,446,60,73,0,1247,2557310
fd00::206:6:6:6,19,0,0,8,2568170,215,252,60,12,194,100,-90,252,448,60,60,0,202,2568230
fd00::206:6:6:6,19,0,1,8,2579095,216,253,60,12,134,100,-90,253,450,60,55,0,3042,2579150
fd00::206:6:6:6,19,0,0,8,2590024,217,254,60,12,424,100,-90,255,452,60,1726,0,1787,2591750
fd00::206:6:6:6,19,0,0,8,2600955,218,256,60,12,584,100,-90,256,455,60,4095,0,2497,2605050
fd00::206:6:6:6,19,0,1,8,2611884,219,257,60,12,384,100,-90,257,457,60,26,0,822,2611910
fd00::206:6:6:6,19,0,1,8,2622812,220,258,60,12,393,100,-90,258,459,60,1208,0,686,2624020
fd00::206:6:6:6,19,0,0,8,2633742,221,259,60,12,264,100,-90,259,461,60,8,0,1497,2633750
fd00::206:6:6:6,19,0,0,8,2655600,223,261,60,12,284,100,-90,261,464,60,130,0,1717,2655730
fd00::206:6:6:6,19,0,0,8,2666529,224,262,60,12,224,100,-90,262,466,60,51,0,217,2666580
fd00::206:6:6:6,19,0,0,8,2677460,225,263,60,12,234,100,-90,263,468,60,40,0,957,2677500
fd00::206:6:6:6,19,0,1,7,2688387,226,264,60,12,244,100,-90,264,470,60,33,0,437,2688420
fd00::206:6:6:6,19,0,0,8,2699318,227,265,60,12,324,100,-90,265,472,60,22,0,1352,2699340
fd00::206:6:6:6,19,0,0,8,2710247,228,266,60,12,544,100,-90,267,474,60,2463,0,1077,2712710
fd00::206:6:6:6,19,0,1,8,2721174,229,268,60,12,286,100,-90,268,477,60,636,0,843,2721810
fd00::206:6:6:6,19,0,1,7,2732103,230,269,60,12,224,100,-90,269,479,60,557,0,1057,2732660
fd00::206:6:6:6,19,0,0,8,2743030,231,270,60,12,514,100,-90,270,481,60,830,0,1482,2743860
fd00::206:6:6:6,19,0,0,8,2753961,232,271,60,12,174,100,-90,271,483,60,119,0,262,2754080
fd00::206:6:6:6,19,0,0,8,2764890,233,272,60,12,744,100,-90,272,485,60,40,0,1772,2764930
fd00::206:6:6:6,19,0,0,8,2775819,234,273,60,12,964,100,-90,273,487,60,31,0,1112,2775850
fd00::206:6:6:6,19,0,0,8,2786746,235,274,60,12,204,100,-90,274,489,60,304,0,942,2787050
fd00::206:6:6:6,19,0,1,8,2797675,236,275,60,12,494,100,-90,275,491,60,295,0,562,2797970
fd00::206:6:6:6,19,0,0,8,2808604,237,276,60,12,294,100,-90,276,493,60,76,0,532,2808680
fd00::206:6:6:6,19,0,1,8,2819533,238,277,60,12,2334,100,-90,277,495,60,347,0,1237,2819880
fd00::206:6:6:6,19,0,1,8,2830462,239,278,60,12,314,100,-90,279,497,60,3558,0,927,2834020
fd00::206:6:6:6,19,0,1,8,2841393,240,280,60,12,404,100,-90,280,500,60,47,0,272,2841440
fd00::206:6:6:6,19,0,1,8,2852322,241,281,60,12,624,100,-90,281,502,60,248,0,1047,2852570
fd00::206:6:6:6,19,0,0,8,2863250,242,282,60,12,774,100,-90,282,504,60,2970,0,2837,2866220
fd00::206:6:6:6,19,0,1,8,2874178,243,283,60,12,714,100,-90,283,506,60,652,0,777,2874830
fd00::206:6:6:6,19,0,1,8,2885108,244,284,60,12,864,100,-90,284,508,60,572,0,1587,2885680
fd00::206:6:6:6,19,0,1,8,2896038,245,285,60,12,664,100,-90,285,510,60,212,0,612,2896250
fd00::206:6:6:6,19,0,0,8,2906965,246,286,60,12,604,100,-90,286,512,60,65,0,967,2907030
fd00::206:6:6:6,19,0,0,8,2917896,247,287,60,12,404,100,-90,287,514,60,54,0,797,2917950
fd00::206:6:6:6,19,0,0,8,2928823,248,288,60,12,484,100,-90,288,515,60,47,0,797,2928870
fd00::206:6:6:6,19,0,0,8,2939756,249,289,60,12,354,100,-90,289,517,60,34,0,947,2939790
fd00::206:6:6:6,19,0,0,8,2950685,250,291,60,12,373,100,-90,291,520,60,1635,0,1131,2952320
fd00::206:6:6:6,19,0,0,8,2961612,251,292,60,12,384,100,-90,292,522,60,368,0,437,2961980
fd00::206:6:6:6,19,0,0,8,2972541,252,293,60,12,395,100,-90,293,524,60,149,0,442,2972690
fd00::206:6:6:6,19,0,0,8,2983470,253,294,60,12,264,100,-90,294,526,60,70,0,1147,2983540
fd00::206:6:6:6,19,0,0,8,2994399,254,295,60,12,274,100,-90,295,528,60,61,0,417,2994460
fd00::206:6:6:6,19,0,0,8,3005327,255,296,60,12,284,100,-90,296,530,60,53,0,982,3005380
fd00::206:6:6:6,19,0,0,8,3016255,256,297,60,12,364,100,-90,297,532,60,45,0,357,3016300
fd00::206:6:6:6,19,0,0,8,3027184,257,298,60,12,514,100,-90,298,534,60,36,0,1412,3027220
fd00::206:6:6:6,19,0,0,8,3038113,258,299,60,12,244,100,-90,299,536,60,97,0,717,3038210
fd00::206:6:6:6,19,0,0,8,3049042,259,300,60,12,394,100,-90,300,538,60,18,0,1492,3049060
fd00::206:6:6:6,19,0,0,8,3059971,260,301,60,12,264,100,-90,301,540,60,9,0,1812,3059980
fd00::206:6:6:6,19,0,0,8,3070901,261,303,60,12,424,100,-90,303,543,60,1189,0,912,3072090
fd00::206:6:6:6,19,0,0,8,3081831,262,304,60,12,364,100,-90,304,545,60,3069,0,2387,3084900
fd00::206:6:6:6,19,0,0,8,3092760,263,305,60,12,1214,100,-90,305,547,60,50,0,677,3092810
fd00::206:6:6:6,19,0,1,8,3103689,264,306,60,12,1574,100,-90,306,549,60,41,0,1487,3103730
fd00::206:6:6:6,19,0,0,8,3114618,265,307,60,12,2354,100,-90,307,551,60,32,0,1667,3114650
fd00::206:6:6:6,19,0,1,8,3125547,266,308,60,12,1034,100,-90,308,553,60,23,0,972,3125570
fd00::206:6:6:6,19,0,0,8,3136475,267,309,60,12,1884,100,-90,309,555,60,15,0,1047,3136490
fd00::206:6:6:6,19,0,0,8,3147403,268,310,60,12,704,100,-90,310,557,60,77,0,2102,3147480
fd00::206:6:6:6,19,0,0,8,3158332,269,311,60,12,433,100,-90,311,559,60,68,0,1966,3158400
fd00::206:6:6:6,19,0,0,8,3169261,270,312,60,12,934,100,-90,312,561,60,59,0,1307,3169320
fd00::206:6:6:6,19,0,0,8,3180190,271,313,60,12,804,100,-90,314,563,60,3900,0,1662,3184090
fd00::206:6:6:6,19,0,1,8,3191120,272,315,60,12,614,100,-90,315,566,60,740,0,902,3191860
fd00::206:6:6:6,19,0,1,8,3202049,273,316,60,12,344,100,-90,316,568,60,241,0,1117,3202290
fd00::206:6:6:6,19,0,0,8,3212978,274,317,60,12,354,100,-90,317,570,60,582,0,317,3213560
fd00::206:6:6:6,19,0,1,8,3223908,275,318,60,12,504,100,-90,318,572,60,292,0,1477,3224200
fd00::206:6:6:6,19,0,0,8,3234839,276,319,60,12,864,100,-90,319,574,60,71,0,2042,3234910
fd00::206:6:6:6,19,0,0,8,3245766,277,320,60,12,384,100,-90,320,576,60,204,0,1627,3245970
fd00::206:6:6:6,19,0,0,8,3256697,278,321,60,12,327,100,-90,321,578,60,53,0,723,3256750
fd00::206:6:6:6,19,0,0,8,3267626,279,322,60,12,264,100,-90,322,580,60,44,0,482,3267670
fd00::206:6:6:6,19,0,0,8,3278553,280,323,60,12,274,100,-90,323,582,60,37,0,767,3278590
fd00::206:6:6:6,19,0,0,8,3289482,281,324,60,12,283,100,-90,324,584,60,28,0,701,3289510
fd00::206:6:6:6,19,0,0,8,3300411,282,326,60,12,234,100,-90,326,587,60,2539,0,292,3302950
fd00::206:6:6:6,19,0,1,8,3311340,283,327,60,12,384,100,-90,327,589,60,10,0,367,3311350
fd00::206:6:6:6,19,0,1,8,3322270,284,328,60,12,394,100,-90,328,591,60,910,0,477,3323180
fd00::206:6:6:6,19,0,1,8,3333196,285,329,60,12,264,100,-90,329,593,60,64,0,482,3333260
fd00::206:6:6:6,19,0,0,8,3344126,286,330,60,12,414,100,-90,330,595,60,54,0,837,3344180
fd00::206:6:6:6,19,0,0,8,3355056,287,331,60,12,284,100,-90,331,597,60,44,0,562,3355100
fd00::206:6:6:6,19,0,0,8,3365983,288,332,60,12,294,100,-90,332,599,60,37,0,1407,3366020
fd00::206:6:6:6,19,0,0,8,3376914,289,333,60,12,444,100,-90,333,601,60,166,0,362,3377080
fd00::206:6:6:6,19,0,0,8,3387843,290,334,60,12,244,100,-90,334,603,60,17,0,297,3387860
fd00::206:6:6:6,19,0,0,8,3398770,291,335,60,12,534,100,-90,335,605,60,10,0,477,3398780
fd00::206:6:6:6,19,0,0,8,3409699,292,336,60,12,474,100,-90,336,607,60,71,0,1882,3409770
fd00::206:6:6:6,19,0,0,8,3420630,293,338,60,12,494,100,-90,338,610,60,1320,0,947,3421950
fd00::206:6:6:6,19,0,1,8,3431558,294,339,60,12,364,100,-90,339,612,60,52,0,672,3431610
fd00::206:6:6:6,19,0,0,8,3442487,295,340,60,12,513,100,-90,340,614,60,1933,0,2041,3444420
fd00::206:6:6:6,19,0,0,8,3453416,296,341,60,12,454,100,-90,341,616,60,804,0,1837,3454220
fd00::206:6:6:6,19,0,0,8,3464344,297,342,60,12,464,100,-90,342,618,60,656,0,302,3465000
fd00::206:6:6:6,19,0,0,8,3475273,298,343,60,12,544,100,-90,343,620,60,17,0,447,3475290
fd00::206:6:6:6,19,0,0,8,3486202,299,344,60,12,554,100,-90,344,622,60,8,0,1397,3486210
fd00::206:6:6:6,19,0,0,8,3497135,300,345,60,12,844,100,-90,345,624,60,135,0,597,3497270
fd00::206:6:6:6,19,0,1,8,3508062,301,346,60,12,434,100,-90,346,626,60,58,0,1617,3508120
fd00::206:6:6:6,19,0,1,8,3518989,302,347,60,12,234,100,-90,347,628,60,51,0,257,3519040
fd00::206:6:6:6,19,0,1,8,3529922,303,348,60,12,454,100,-90,348,630,60,38,0,402,3529960
fd00::206:6:6:6,19,0,1,8,3540848,304,350,60,12,264,100,-90,350,633,60,1572,0,1182,3542420
fd00::206:6:6:6,19,0,1,8,3551777,305,351,60,12,414,100,-90,351,635,60,583,0,312,3552360
fd00::206:6:6:6,19,0,1,7,3562705,306,352,60,12,355,100,-90,352,637,60,15,0,247,3562720
fd00::206:6:6:6,19,0,0,8,3573636,307,353,60,12,434,100,-90,353,639,60,494,0,1792,3574130
fd00::206:6:6:6,19,0,1,8,3584567,308,354,60,12,655,100,-90,354,641,60,203,0,607,3584770
fd00::206:6:6:6,19,0,1,8,3595494,309,355,60,12,244,100,-90,355,643,60,266,0,367,3595760
fd00::207:7:7:7,150,0,0,1008,83815,1,0,60,0,0,0,0,0,1,60,535,1,0,84350
fd00::207:7:7:7,18,0,0,8,94287,2,1,60,12,1784,100,-91,1,3,60,143,1,962,94430
fd00::207:7:7:7,18,0,0,8,104763,3,2,60,12,1304,100,-91,2,5,60,97,1,2087,104860
fd00::207:7:7:7,18,0,0,8,115239,4,3,60,12,1804,100,-91,3,7,60,121,1,1497,115360
fd00::207:7:7:7,18,0,0,8,125717,5,4,60,12,2724,100,-91,4,9,60,1683,1,3042,127400
fd00::207:7:7:7,18,0,1,8,136191,6,5,60,12,1684,100,-91,5,11,60,99,1,912,136290
fd00::207:7:7:7,18,0,1,8,146667,7,6,60,12,1414,100,-91,6,13,60,123,1,1617,146790
fd00::207:7:7:7,18,0,1,8,157144,8,7,60,12,864,100,-91,7,15,60,356,1,1132,157500
fd00::207:7:7:7,18,0,1,8,167620,9,8,60,12,2064,100,-91,8,17,60,1080,1,1907,168700
fd00::207:7:7:7,18,0,1,8,178095,10,9,60,12,1094,100,-91,9,19,60,195,1,2087,178290
fd00::207:7:7:7,18,0,1,8,188571,11,10,60,12,6144,100,-91,10,21,60,1269,1,4577,189840
fd00::207:7:7:7,18,0,1,8,199049,12,11,60,12,8674,100,-91,13,23,60,16901,1,9377,215950
fd00::207:7:7:7,18,0,2,7,209523,13,12,60,12,5116,100,-91,14,25,60,17697,1,9103,227220
fd00::207:7:7:7,18,0,3,6,240952,16,15,60,12,4023,100,-91,16,28,60,3068,1,4912,244020
fd00::207:7:7:7,18,0,1,8,261903,18,17,60,12,2364,100,-91,18,31,60,4867,1,8112,266770
fd00::207:7:7:7,18,0,1,8,272380,19,19,60,12,914,100,-91,19,34,60,130,1,527,272510
fd00::207:7:7:7,18,0,0,9,282855,20,19,60,12,914,100,-91,20,35,60,295,1,527,283150
fd00::207:7:7:7,18,0,1,8,293332,21,21,60,12,934,100,-91,21,38,60,108,1,747,293440
fd00::207:7:7:7,18,0,0,8,303808,22,22,60,12,1856,100,-91,22,40,60,342,1,1418,304150
fd00::207:7:7:7,18,0,0,8,314285,23,23,60,12,1724,100,-91,23,42,60,4635,1,1037,318920
fd00::207:7:7:7,18,0,1,8,324760,24,24,60,12,2434,100,-91,24,44,60,3890,1,3177,328650
fd00::207:7:7:7,18,0,1,8,335236,25,25,60,12,1884,100,-91,25,46,60,274,1,2552,335510
fd00::207:7:7:7,18,0,0,8,345713,26,26,60,12,1616,100,-91,26,48,60,87,1,2138,345800
fd00::207:7:7:7,18,0,0,8,356188,27,27,60,12,1344,100,-91,27,50,60,112,1,2912,356300
fd00::207:7:7:7,18,0,0,8,366667,28,28,60,12,1074,100,-91,28,52,60,413,1,3337,367080
fd00::207:7:7:7,18,0,0,8,377140,29,29,60,12,2834,100,-91,29,54,60,1280,1,1837,378420
fd00::207:7:7:7,18,0,0,8,387615,30,30,60,12,2004,100,-91,30,56,60,115,1,2367,387730
fd00::207:7:7:7,18,0,0,8,398091,31,31,60,12,1594,100,-91,31,58,60,139,1,1427,398230
fd00::207:7:7:7,18,0,0,8,408567,32,32,60,12,1464,100,-91,32,60,60,93,1,2167,408660
fd00::207:7:7:7,18,0,0,8,419043,33,33,60,12,2874,100,-91,33,62,60,117,1,2417,419160
fd00::207:7:7:7,18,0,1,8,429519,34,34,60,12,1134,100,-91,34,64,60,141,1,2037,429660
fd00::207:7:7:7,18,0,1,7,439995,35,35,60,12,1774,100,-91,36,66,60,5485,1,2777,445480
fd00::207:7:7:7,18,0,1,7,450475,36,36,60,12,5004,100,-91,37,68,60,3685,1,2992,454160
fd00::207:7:7:7,18,0,1,7,460948,37,38,60,12,404,100,-91,38,71,60,6792,1,3667,467740
fd00::207:7:7:7,18,0,0,8,471425,38,38,60,12,404,100,-91,39,72,60,6535,1,3667,477960
fd00::207:7:7:7,18,0,1,7,481903,39,40,60,12,1265,100,-91,41,75,60,13977,1,4587,495880
fd00::207:7:7:7,18,0,1,8,492378,40,41,60,12,434,100,-91,41,77,60,7492,1,3367,499870
fd00::207:7:7:7,18,0,0,8,502851,41,41,60,12,434,100,-91,42,78,60,6399,1,3367,509250
fd00::207:7:7:7,18,0,1,8,513329,42,43,60,12,804,100,-91,43,81,60,5301,1,3797,518630
fd00::207:7:7:7,18,0,2,7,523807,43,43,60,12,804,100,-91,44,82,60,2943,1,3797,526750
fd00::207:7:7:7,320,0,6,298,701897,44,60,60,12,1334,100,-91,62,83,60,2303,1,3797,704200
fd00::207:7:7:7,18,0,0,8,712373,45,62,60,12,2054,100,-91,63,86,60,4147,1,1202,716520
fd00::207:7:7:7,18,0,1,8,722848,46,63,60,12,734,100,-91,64,88,60,4312,1,3552,727160
fd00::207:7:7:7,18,0,0,8,733324,47,64,60,12,2214,100,-91,65,90,60,766,1,1667,734090
fd00::207:7:7:7,18,0,0,8,743800,48,65,60,12,2014,100,-91,66,92,60,1630,1,2582,745430
fd00::207:7:7:7,18,0,0,8,754276,49,66,60,12,3005,100,-91,67,94,60,2494,1,2692,756770
fd00::207:7:7:7,18,0,0,8,764752,50,67,60,12,704,100,-91,68,96,60,488,1,702,765240
fd00::207:7:7:7,18,0,0,8,775228,51,68,60,12,2464,100,-91,69,98,60,92,1,1652,775320
fd00::207:7:7:7,18,0,0,8,785707,52,69,60,12,1984,100,-91,70,100,60,1513,1,3407,787220
fd00::207:7:7:7,18,0,0,8,796181,53,70,60,12,1015,100,-91,71,102,60,1329,1,1557,797510
fd00::207:7:7:7,18,0,0,8,806656,54,71,60,12,1515,100,-91,72,104,60,94,1,1107,806750
fd00::207:7:7:7,18,0,0,8,817132,55,72,60,12,1384,100,-91,73,106,60,118,1,2932,817250
fd00::207:7:7:7,18,0,0,8,827611,56,73,60,12,1114,100,-91,74,108,60,839,1,1922,828450
fd00::207:7:7:7,18,0,0,8,838084,57,74,60,12,1544,100,-91,75,110,60,96,1,842,838180
fd00::207:7:7:7,18,0,0,8,848563,58,75,60,12,1694,100,-91,76,112,60,607,1,1652,849170
fd00::207:7:7:7,18,0,0,8,859038,59,76,60,12,1496,100,-91,77,114,60,772,1,3023,859810
fd00::207:7:7:7,18,0,0,8,869515,60,77,60,12,4024,100,-91,78,116,60,95,1,2082,869610
fd00::207:7:7:7,18,0,0,8,879988,61,78,60,12,2494,100,-91,80,118,60,5722,1,1317,885710
fd00::207:7:7:7,18,0,0,8,890467,62,79,60,12,2154,100,-91,81,120,60,3573,1,3037,894040
fd00::207:7:7:7,18,0,0,8,900941,63,80,60,12,1397,100,-91,82,122,60,5069,1,2378,906010
fd00::207:7:7:7,18,0,0,8,911417,64,82,60,12,1204,100,-91,83,125,60,4393,1,1617,915810
fd00::207:7:7:7,18,0,0,8,921893,65,83,60,12,1354,100,-91,84,127,60,5047,1,3442,926940
fd00::207:7:7:7,18,0,0,8,932368,66,84,60,12,945,100,-91,85,129,60,872,1,892,933240
fd00::207:7:7:7,18,0,0,8,942844,67,85,60,12,744,100,-91,86,131,60,126,1,1422,942970
fd00::207:7:7:7,18,0,0,8,953320,68,86,60,12,1175,100,-91,87,132,60,3650,1,1422,956970
fd00::207:7:7:7,37,0,1,16,974272,69,88,60,12,2034,100,-91,89,135,60,548,1,1437,974820
fd00::207:7:7:7,18,0,0,8,984748,70,89,60,12,1416,100,-91,90,137,60,2462,1,2668,987210
fd00::207:7:7:7,18,0,0,8,995224,71,90,60,12,1704,100,-91,91,139,60,3186,1,2812,998410
fd00::207:7:7:7,18,0,0,8,1005703,72,91,60,12,1924,100,-91,92,141,60,127,1,2117,1005830
fd00::207:7:7:7,18,0,0,8,1016177,73,92,60,12,1234,100,-91,93,143,60,83,1,2052,1016260
fd00::207:7:7:7,18,0,0,8,1026652,74,93,60,12,1314,100,-91,94,145,60,108,1,1672,1026760
fd00::207:7:7:7,18,0,0,8,1037128,75,94,60,12,1254,100,-91,95,147,60,202,1,2342,1037330
fd00::207:7:7:7,18,0,0,8,1047605,76,95,60,12,1194,100,-91,96,149,60,85,1,3467,1047690
fd00::207:7:7:7,18,0,0,8,1058080,77,96,60,12,1344,100,-91,97,151,60,110,1,2072,1058190
fd00::207:7:7:7,18,0,0,8,1068559,78,97,60,12,1144,100,-91,98,153,60,131,1,2672,1068690
fd00::207:7:7:7,18,0,0,8,1079032,79,98,60,12,1224,100,-91,99,155,60,88,1,1942,1079120
fd00::207:7:7:7,18,0,0,8,1089508,80,99,60,12,2424,100,-91,100,157,60,182,1,2262,1089690
fd00::207:7:7:7,18,0,0,8,1099984,81,100,60,12,1804,100,-91,102,159,60,2726,1,2792,1102710
fd00::207:7:7:7,18,0,0,8,1110463,82,101,60,12,1954,100,-91,103,161,60,927,1,1502,1111390
fd00::207:7:7:7,18,0,0,8,1120936,83,102,60,12,1824,100,-91,104,163,60,2424,1,2697,1123360
fd00::207:7:7:7,18,0,0,8,1131413,84,103,60,12,2464,100,-91,105,165,60,627,1,1862,1132040
fd00::207:7:7:7,18,0,0,7,1141889,85,105,60,12,1084,100,-91,106,168,60,3311,1,2502,1145200
fd00::207:7:7:7,18,0,0,8,1152364,86,106,60,12,1585,100,-91,107,170,60,396,1,1317,1152760
fd00::207:7:7:7,18,0,0,8,1162840,87,107,60,12,1384,100,-91,108,172,60,2030,1,2197,1164870
fd00::207:7:7:7,18,0,0,8,1173317,88,108,60,12,1954,100,-91,109,174,60,1353,1,1642,1174670
fd00::207:7:7:7,18,0,0,8,1183792,89,109,60,12,2384,100,-91,110,176,60,118,1,1647,1183910
fd00::207:7:7:7,18,0,0,8,1194268,90,110,60,12,1064,100,-91,111,178,60,142,1,1932,1194410
fd00::207:7:7:7,18,0,0,8,1204744,91,111,60,12,1845,100,-91,112,180,60,726,1,1132,1205470
fd00::207:7:7:7,18,0,0,8,1215220,92,112,60,12,1504,100,-91,113,182,60,120,1,2012,1215340
fd00::207:7:7:7,18,0,0,8,1225699,93,113,60,12,1724,100,-91,114,184,60,141,1,1457,1225840
fd00::207:7:7:7,18,0,0,8,1236172,94,114,60,12,2014,100,-91,115,186,60,238,1,1252,1236410
fd00::207:7:7:7,18,0,0,8,1246648,95,115,60,12,1114,100,-91,116,188,60,122,1,1607,1246770
fd00::207:7:7:7,18,0,0,8,1257124,96,116,60,12,1684,100,-91,117,190,60,146,1,2242,1257270
fd00::207:7:7:7,18,0,0,8,1267603,97,117,60,12,924,100,-91,118,192,60,307,1,882,1267910
fd00::207:7:7:7,18,0,0,8,1278076,98,118,60,12,2054,100,-91,119,194,60,124,1,3302,1278200
fd00::207:7:7:7,18,0,0,8,1288552,99,119,60,12,804,100,-91,120,196,60,78,1,1767,1288630
fd00::207:7:7:7,18,0,0,8,1299029,100,120,60,12,1024,100,-91,121,198,60,171,1,2017,1299200
fd00::207:7:7:7,18,0,0,8,1309507,101,121,60,12,1805,100,-91,122,200,60,123,1,1637,1309630
fd00::207:7:7:7,18,0,0,8,1319981,102,122,60,12,2024,100,-91,124,202,60,569,1,1782,1320550
fd00::207:7:7:7,18,0,0,8,1330457,103,123,60,12,1474,100,-91,125,204,60,3183,1,2872,1333640
fd00::207:7:7:7,18,0,0,8,1340932,104,124,60,12,4074,100,-91,126,206,60,2088,1,2247,1343020
fd00::207:7:7:7,18,0,0,8,1351411,105,125,60,12,2404,100,-91,127,208,60,2879,1,1622,1354290
fd00::207:7:7:7,18,0,0,8,1361884,106,127,60,12,1584,100,-91,128,211,60,876,1,1177,1362760
fd00::207:7:7:7,18,0,0,8,1372361,107,128,60,12,1804,100,-91,129,213,60,1739,1,1602,1374100
fd00::207:7:7:7,18,0,0,8,1382836,108,129,60,12,1394,100,-91,130,215,60,994,1,1747,1383830
fd00::207:7:7:7,18,0,0,8,1393312,109,130,60,12,1334,100,-91,131,217,60,2348,1,2697,1395660
fd00::207:7:7:7,18,0,0,8,1403788,110,131,60,12,1624,100,-91,132,219,60,132,1,1127,1403920
fd00::207:7:7:7,18,0,0,8,1414264,111,132,60,12,1424,100,-91,133,221,60,86,1,1132,1414350
fd00::207:7:7:7,18,0,0,8,1424740,112,133,60,12,2204,100,-91,134,223,60,320,1,1312,1425060
fd00::207:7:7:7,18,0,0,8,1435216,113,134,60,12,2494,100,-91,135,225,60,904,1,1457,1436120
fd00::207:7:7:7,18,0,0,8,1445693,114,135,60,12,1594,100,-91,136,227,60,1067,1,3317,1446760
fd00::207:7:7:7,18,0,0,8,1456168,115,136,60,12,1394,100,-91,137,229,60,532,1,2937,1456700
fd00::207:7:7:7,18,0,0,8,1466645,116,137,60,12,1894,100,-91,138,231,60,135,1,2802,1466780
fd00::207:7:7:7,18,0,0,8,1477120,117,138,60,12,1064,100,-91,139,233,60,90,1,1407,1477210
fd00::207:7:7:7,18,0,0,8,1487597,118,139,60,12,1284,100,-91,140,235,60,183,1,3162,1487780
fd00::207:7:7:7,18,0,0,8,1498075,119,140,60,12,1225,100,-91,141,237,60,135,1,2117,1498210
fd00::207:7:7:7,18,0,0,8,1508551,120,141,60,12,1374,100,-91,142,239,60,299,1,1842,1508850
fd00::207:7:7:7,18,0,0,8,1519025,121,142,60,12,614,100,-91,143,241,60,115,1,1742,1519140
fd00::207:7:7:7,18,0,0,8,1529500,122,143,60,12,1254,100,-91,144,243,60,140,1,1677,1529640
fd00::207:7:7:7,18,0,0,8,1539977,123,144,60,12,635,100,-91,146,245,60,5693,1,2732,1545670
fd00::207:7:7:7,18,0,0,8,1550455,124,145,60,12,2604,100,-91,147,247,60,4105,1,2912,1554560
fd00::207:7:7:7,18,0,0,8,1560928,125,146,60,12,2334,100,-91,148,249,60,3642,1,3547,1564570
fd00::207:7:7:7,18,0,0,8,1571405,126,147,60,12,1644,100,-91,149,251,60,165,1,2397,1571570
fd00::207:7:7:7,18,0,0,8,1581880,127,149,60,12,1174,100,-91,150,254,60,3970,1,2897,1585850
fd00::207:7:7:7,18,0,0,8,1592358,128,150,60,12,1254,100,-91,151,256,60,1262,1,1537,1593620
fd00::207:7:7:7,18,0,0,8,1602833,129,151,60,12,1894,100,-91,152,258,60,2687,1,2592,1605520
fd00::207:7:7:7,18,0,0,8,1613308,130,152,60,12,1624,100,-91,153,260,60,402,1,1827,1613710
fd00::207:7:7:7,18,0,0,8,1623785,131,153,60,12,1284,100,-91,154,262,60,145,1,1902,1623930
fd00::207:7:7:7,18,0,0,8,1634260,132,154,60,12,1436,100,-91,155,264,60,2270,1,3238,1636530
fd00::207:7:7:7,18,0,0,8,1644737,133,155,60,12,1654,100,-91,156,266,60,963,1,2822,1645700
fd00::207:7:7:7,18,0,0,8,1655212,134,156,60,12,1384,100,-91,157,268,60,708,1,2862,1655920
fd00::207:7:7:7,18,0,0,8,1665689,135,157,60,12,1534,100,-91,158,270,60,171,1,1852,1665860
fd00::207:7:7:7,18,0,0,8,1676164,136,158,60,12,1544,100,-91,159,272,60,126,1,1157,1676290
fd00::207:7:7:7,18,0,0,8,1686640,137,159,60,12,1064,100,-91,160,274,60,500,1,3507,1687140
fd00::207:7:7:7,18,0,0,8,1697116,138,160,60,12,1634,100,-91,161,276,60,384,1,1202,1697500
fd00::207:7:7:7,18,0,0,8,1707595,139,161,60,12,1364,100,-91,162,278,60,195,1,2362,1707790
fd00::207:7:7:7,18,0,0,8,1718071,140,162,60,12,2074,100,-91,163,280,60,849,1,1982,1718920
fd00::207:7:7:7,18,0,0,8,1728545,141,163,60,12,1244,100,-91,164,282,60,105,1,2967,1728650
fd00::207:7:7:7,18,0,0,8,1739021,142,164,60,12,1257,100,-91,165,284,60,129,1,2623,1739150
fd00::207:7:7:7,18,0,0,8,1749497,143,165,60,12,1053,100,-91,166,286,60,223,1,1541,1749720
fd00::207:7:7:7,18,0,0,8,1759975,144,166,60,12,924,100,-91,168,288,60,5285,1,1862,1765260
fd00::207:7:7:7,18,0,0,8,1770449,145,167,60,12,1144,100,-91,169,290,60,5311,1,2672,1775760
fd00::207:7:7:7,546,0,6,2102,2084729,147,195,60,12,2234,100,-91,200,293,60,1061,1,2762,2085790
fd00::207:7:7:7,18,0,0,8,2095205,148,196,60,12,1474,100,-91,201,295,60,385,1,2137,2095590
fd00::207:7:7:7,18,0,0,8,2105681,149,197,60,12,1484,100,-91,202,297,60,129,1,1827,2105810
fd00::207:7:7:7,18,0,0,8,2116159,150,198,60,12,864,100,-91,203,299,60,81,1,712,2116240
fd00::207:7:7:7,18,0,0,8,2126633,151,199,60,12,1014,100,-91,204,301,60,107,1,1347,2126740
fd00::207:7:7:7,18,0,0,9,2137109,152,200,60,12,2144,100,-91,205,303,60,131,1,1527,2137240
fd00::207:7:7:7,18,0,0,8,2147585,153,201,60,12,1524,100,-91,206,305,60,85,1,3282,2147670
fd00::207:7:7:7,18,0,0,8,2158063,154,202,60,12,1534,100,-91,207,307,60,107,1,1747,2158170
fd00::207:7:7:7,18,0,0,8,2168537,155,203,60,12,1684,100,-91,208,309,60,133,1,2032,2168670
fd00::207:7:7:7,18,0,0,8,2179013,156,204,60,12,1554,100,-91,209,311,60,157,1,1197,2179170
fd00::207:7:7:7,18,0,0,8,2189491,157,205,60,12,864,100,-91,210,313,60,109,1,1412,2189600
fd00::207:7:7:7,18,0,0,8,2199967,158,206,60,12,1154,100,-91,212,315,60,3843,1,1487,2203810
fd00::207:7:7:7,18,0,0,8,2210441,159,207,60,12,1024,100,-91,213,317,60,3099,1,2052,2213540
fd00::207:7:7:7,18,0,0,8,2220919,160,208,60,12,1524,100,-91,214,319,60,3191,1,1812,2224110
fd00::207:7:7:7,18,0,0,8,2231395,161,209,60,12,1744,100,-91,215,321,60,555,1,2132,2231950
fd00::207:7:7:7,18,0,0,8,2241871,162,210,60,12,5534,100,-91,216,323,60,1839,1,2837,2243710
fd00::207:7:7:7,18,0,0,8,2252345,163,212,60,12,1707,100,-91,217,326,60,675,1,1483,2253020
fd00::207:7:7:7,18,0,0,9,2262821,164,213,60,12,1994,100,-91,218,328,60,979,1,1102,2263800
fd00::207:7:7:7,18,0,0,8,2273297,165,214,60,12,1514,100,-91,219,330,60,653,1,1912,2273950
fd00::207:7:7:7,18,0,0,8,2283773,166,215,60,12,1524,100,-91,220,332,60,467,1,2022,2284240
fd00::207:7:7:7,18,0,0,8,2294249,167,216,60,12,1183,100,-91,221,334,60,141,1,1186,2294390
fd00::207:7:7:7,18,0,0,9,2304727,168,217,60,12,1054,100,-91,222,336,60,93,1,1227,2304820
fd00::207:7:7:7,18,0,0,8,2315201,169,218,60,12,1414,100,-91,223,338,60,399,1,1162,2315600
fd00::207:7:7:7,18,0,0,8,2325679,170,219,60,12,1424,100,-91,224,340,60,141,1,1517,2325820
fd00::207:7:7:7,18,0,0,8,2336153,171,220,60,12,1574,100,-91,225,342,60,97,1,2572,2336250
fd00::207:7:7:7,18,0,0,8,2346631,172,221,60,12,1164,100,-91,226,344,60,119,1,722,2346750
fd00::207:7:7:7,18,0,0,8,2357105,173,222,60,12,2294,100,-91,227,346,60,285,1,1357,2357390
fd00::207:7:7:7,18,0,0,8,2367581,174,223,60,12,1253,100,-91,228,348,60,99,1,1081,2367680
fd00::207:7:7:7,18,0,0,8,2378057,175,224,60,12,1894,100,-91,229,350,60,123,1,1122,2378180
fd00::207:7:7:7,18,0,0,8,2388535,176,225,60,12,2184,100,-91,230,352,60,75,1,1372,2388610
fd00::207:7:7:7,18,0,0,8,2399011,177,226,60,12,1774,100,-91,231,354,60,99,1,957,2399110
fd00::207:7:7:7,18,0,0,8,2409485,178,227,60,12,1364,100,-91,232,356,60,335,1,997,2409820
fd00::207:7:7:7,18,0,0,8,2419963,179,228,60,12,1304,100,-91,234,358,60,3157,1,1632,2423120
fd00::207:7:7:7,18,0,0,9,2430439,180,229,60,12,1734,100,-91,235,360,60,2761,1,1637,2433200
fd00::207:7:7:7,18,0,0,8,2440913,181,230,60,12,1324,100,-91,236,362,60,687,1,1677,2441600
fd00::207:7:7:7,18,0,0,8,2451389,182,232,60,12,1274,100,-91,237,365,60,1831,1,1582,2453220
fd00::207:7:7:7,18,0,0,8,2461865,183,233,60,12,934,100,-91,238,367,60,1715,1,642,2463580
fd00::207:7:7:7,18,0,0,8,2472341,184,234,60,12,944,100,-91,239,369,60,129,1,822,2472470
fd00::207:7:7:7,18,0,0,8,2482817,185,235,60,12,1024,100,-91,240,371,60,713,1,1142,2483530
fd00::207:7:7:7,18,0,0,8,2493293,186,236,60,12,1944,100,-91,241,373,60,177,1,1322,2493470
fd00::207:7:7:7,18,0,0,8,2503769,187,237,60,12,834,100,-91,242,375,60,131,1,522,2503900
fd00::207:7:7:7,18,0,0,8,2514247,188,238,60,12,1124,100,-91,243,377,60,83,1,807,2514330
fd00::207:7:7:7,18,0,0,9,2524721,189,239,60,12,1834,100,-91,244,379,60,179,1,1092,2524900
fd00::207:7:7:7,18,0,0,8,2535199,190,240,60,12,2124,100,-91,245,381,60,131,1,1132,2535330
fd00::207:7:7:7,18,0,0,8,2545673,191,241,60,12,944,100,-91,246,383,60,87,1,612,2545760
fd00::207:7:7:7,18,0,0,8,2556151,192,242,60,12,1304,100,-91,247,385,60,109,1,2437,2556260
fd00::207:7:7:7,18,0,0,8,2577101,194,244,60,12,1744,100,-91,249,388,60,1909,1,4442,2579010
fd00::207:7:7:7,18,0,0,8,2587577,195,245,60,12,984,100,-91,250,390,60,113,1,1822,2587690
fd00::207:7:7:7,18,0,0,8,2598055,196,246,60,12,994,100,-91,251,392,60,135,1,952,2598190
fd00::207:7:7:7,18,0,0,8,2608529,197,247,60,12,1424,100,-91,252,394,60,91,1,2567,2608620
fd00::207:7:7:7,18,0,0,8,2619007,198,248,60,12,944,100,-91,253,396,60,113,1,892,2619120
fd00::207:7:7:7,18,0,0,8,2629483,199,249,60,12,1513,100,-91,254,398,60,137,1,966,2629620
fd00::207:7:7:7,18,0,0,9,2650433,201,251,60,12,834,100,-91,257,401,60,3057,1,3077,2653490
fd00::207:7:7:7,18,0,0,9,2660911,202,252,60,12,1614,100,-91,258,403,60,4619,1,1822,2665530
fd00::207:7:7:7,18,0,0,8,2671385,203,254,60,12,1214,100,-91,259,406,60,725,1,1027,2672110
fd00::207:7:7:7,18,0,0,9,2681861,204,255,60,12,1504,100,-91,260,408,60,2639,1,2222,2684500
fd00::207:7:7:7,18,0,0,9,2692339,205,256,60,12,1444,100,-91,261,410,60,491,1,1387,2692830
fd00::207:7:7:7,18,0,0,8,2702813,206,257,60,12,1384,100,-91,262,412,60,97,1,1112,2702910
fd00::207:7:7:7,18,0,0,8,2713289,207,258,60,12,1324,100,-91,263,414,60,121,1,1432,2713410
fd00::207:7:7:7,18,0,0,8,2723765,208,259,60,12,1196,100,-91,264,416,60,1685,1,2068,2725450
fd00::207:7:7:7,18,0,0,8,2734240,209,260,60,12,1064,100,-91,265,418,60,100,1,1127,2734340
fd00::207:7:7:7,18,0,0,8,2744716,210,261,60,12,1284,100,-91,266,420,60,124,1,1867,2744840
fd00::207:7:7:7,18,0,0,8,2755193,211,262,60,12,1084,100,-91,267,422,60,77,1,1837,2755270
fd00::207:7:7:7,18,0,0,8,2765671,212,263,60,12,1374,100,-91,268,424,60,309,1,1807,2765980
fd00::207:7:7:7,18,0,0,8,2776147,213,264,60,12,2294,100,-91,269,426,60,123,1,2022,2776270
fd00::207:7:7:7,18,0,0,8,2786623,214,265,60,12,834,100,-91,270,428,60,77,1,1222,2786700
fd00::207:7:7:7,18,0,0,8,2797097,215,266,60,12,2454,100,-91,271,430,60,103,1,1822,2797200
fd00::207:7:7:7,18,0,0,8,2807575,216,267,60,12,714,100,-91,272,432,60,125,1,1442,2807700
fd00::207:7:7:7,18,0,0,8,2818051,217,268,60,12,3244,100,-91,273,434,60,79,1,2077,2818130
fd00::207:7:7:7,18,0,0,8,2828527,218,269,60,12,1294,100,-91,274,436,60,103,1,1067,2828630
fd00::207:7:7:7,18,0,0,8,2839003,219,270,60,12,1654,100,-91,275,438,60,127,1,2087,2839130
fd00::207:7:7:7,18,0,0,8,2849479,220,271,60,12,1804,100,-91,276,440,60,81,1,1007,2849560
fd00::207:7:7:7,18,0,0,8,2859955,221,272,60,12,1534,100,-91,278,442,60,5635,1,1257,2865590
fd00::207:7:7:7,18,0,0,8,2870431,222,273,60,12,1264,100,-91,279,444,60,1739,1,2872,2872170
fd00::207:7:7:7,18,0,0,8,2880907,223,274,60,12,1344,100,-91,280,446,60,2533,1,1162,2883440
fd00::207:7:7:7,18,0,0,8,2891383,224,275,60,12,2404,100,-91,281,448,60,107,1,2777,2891490
fd00::207:7:7:7,18,0,1,8,2901857,225,277,60,12,1444,100,-91,282,451,60,2373,1,2087,2904230
fd00::207:7:7:7,18,0,0,8,2912333,226,278,60,12,2084,100,-91,283,453,60,927,1,1252,2913260
fd00::207:7:7:7,18,0,0,8,2922809,227,279,60,12,974,100,-91,284,455,60,4521,1,3602,2927330
fd00::207:7:7:7,18,0,0,8,2933284,228,280,60,12,2454,100,-91,285,457,60,976,1,1332,2934260
fd00::207:7:7:7,18,0,0,8,2943761,229,281,60,12,1344,100,-91,286,459,60,89,1,1547,2943850
fd00::207:7:7:7,18,0,0,8,2954239,230,282,60,12,1633,100,-91,287,461,60,111,1,1201,2954350
fd00::207:7:7:7,18,0,0,8,2964711,231,283,60,12,1224,100,-91,288,463,60,699,1,822,2965410
fd00::207:7:7:7,18,0,0,8,2975191,232,284,60,12,1795,100,-91,289,465,60,89,1,1002,2975280
fd00::207:7:7:7,18,0,0,8,2985663,233,285,60,12,1454,100,-91,290,467,60,117,1,1567,2985780
fd00::207:7:7:7,18,0,0,8,2996143,234,286,60,12,974,100,-91,291,469,60,137,1,1537,2996280
fd00::207:7:7:7,18,0,0,8,3006615,235,287,60,12,1614,100,-91,292,471,60,95,1,1157,3006710
fd00::207:7:7:7,18,0,0,8,3017091,236,288,60,12,1274,100,-91,293,473,60,119,1,1267,3017210
fd00::207:7:7:7,18,0,0,8,3027567,237,289,60,12,1284,100,-91,294,475,60,143,1,1447,3027710
fd00::207:7:7:7,18,0,0,8,3038043,238,290,60,12,1364,100,-91,295,477,60,97,1,892,3038140
fd00::207:7:7:7,18,0,0,8,3048523,239,291,60,12,1094,100,-91,296,479,60,397,1,1527,3048920
fd00::207:7:7:7,18,0,0,8,3059001,240,292,60,12,1384,100,-91,297,481,60,139,1,1847,3059140
fd00::207:7:7:7,18,0,0,8,3069475,241,293,60,12,1186,100,-91,298,483,60,95,1,943,3069570
fd00::207:7:7:7,18,0,0,8,3079947,242,294,60,12,1194,100,-91,300,485,60,4883,1,1087,3084830
fd00::207:7:7:7,18,0,0,8,3090427,243,295,60,12,2884,100,-91,301,487,60,4343,1,2492,3094770
fd00::207:7:7:7,18,0,1,8,3100899,244,296,60,12,2334,100,-91,302,489,60,1291,1,2672,3102190
fd00::207:7:7:7,18,0,0,8,3111379,245,297,60,12,2414,100,-91,303,491,60,611,1,1662,3111990
fd00::207:7:7:7,18,0,0,8,3121855,246,298,60,12,3404,100,-91,304,493,60,425,1,2017,3122280
fd00::207:7:7:7,18,0,0,8,3132328,247,299,60,12,2434,100,-91,305,495,60,312,1,1427,3132640
fd00::207:7:7:7,18,0,0,8,3142804,248,301,60,12,1614,100,-91,306,498,60,1596,1,2137,3144400
fd00::207:7:7:7,18,0,0,8,3153280,249,302,60,12,1343,100,-91,307,500,60,920,1,2036,3154200
fd00::207:7:7:7,18,0,0,8,3163756,250,303,60,12,1844,100,-91,308,502,60,104,1,1342,3163860
fd00::207:7:7:7,18,0,0,8,3174232,251,304,60,12,1504,100,-91,309,504,60,128,1,1697,3174360
fd00::207:7:7:7,18,0,0,8,3184709,252,305,60,12,2284,100,-91,310,506,60,81,1,2122,3184790
fd00::207:7:7:7,18,0,0,8,3195185,253,306,60,12,1734,100,-91,311,508,60,105,1,1322,3195290
fd00::207:7:7:7,18,0,0,8,3205661,254,307,60,12,904,100,-91,312,510,60,129,1,1187,3205790
fd00::207:7:7:7,18,0,0,8,3216139,255,308,60,12,1124,100,-91,313,512,60,81,1,772,3216220
fd00::207:7:7:7,18,0,0,8,3226615,256,309,60,12,1274,100,-91,314,514,60,105,1,1617,3226720
fd00::207:7:7:7,18,0,0,8,3237091,257,310,60,12,2264,100,-91,315,516,60,129,1,2077,3237220
fd00::207:7:7:7,18,0,0,8,3247567,258,311,60,12,874,100,-91,316,518,60,83,1,1662,3247650
fd00::207:7:7:7,18,0,0,8,3258043,259,312,60,12,1307,100,-91,317,520,60,107,1,1108,3258150
fd00::207:7:7:7,18,0,1,8,3268519,260,313,60,12,1454,100,-91,318,522,60,131,1,1812,3268650
fd00::207:7:7:7,18,0,0,8,3278995,261,314,60,12,834,100,-91,319,524,60,85,1,1012,3279080
fd00::207:7:7:7,18,0,0,8,3289471,262,315,60,12,1473,100,-91,320,526,60,249,1,1471,3289720
fd00::207:7:7:7,18,0,0,8,3299947,263,316,60,12,994,100,-91,322,528,60,3073,1,1547,3303020
fd00::207:7:7:7,18,0,0,8,3310420,264,317,60,12,3664,100,-91,323,530,60,1490,1,2007,3311910
fd00::207:7:7:7,18,0,0,8,3320896,265,318,60,12,1854,100,-91,324,532,60,2144,1,1102,3323040
fd00::207:7:7:7,18,0,0,8,3331373,266,320,60,12,1244,100,-91,325,535,60,1467,1,727,3332840
fd00::207:7:7:7,18,0,0,8,3341848,267,321,60,12,974,100,-91,326,537,60,582,1,872,3342430
fd00::207:7:7:7,18,0,0,8,3352323,268,322,60,12,1264,100,-91,327,539,60,397,1,1052,3352720
fd00::207:7:7:7,18,0,1,8,3362803,269,323,60,12,994,100,-91,328,541,60,1187,1,1757,3363990
fd00::207:7:7:7,18,0,0,8,3373279,270,324,60,12,1284,100,-91,329,543,60,91,1,712,3373370
fd00::207:7:7:7,18,0,0,8,3383752,271,324,60,12,1284,100,-91,330,544,60,118,1,712,3383870
fd00::207:7:7:7,18,0,0,8,3394227,272,326,60,12,1934,100,-91,331,547,60,143,1,1107,3394370
fd00::207:7:7:7,18,0,0,8,3404707,273,327,60,12,1174,100,-91,332,549,60,93,1,1917,3404800
fd00::207:7:7:7,18,0,0,8,3415183,274,328,60,12,1184,100,-91,333,551,60,117,1,837,3415300
fd00::207:7:7:7,18,0,0,8,3425661,275,329,60,12,1124,100,-91,334,553,60,209,1,1017,3425870
fd00::207:7:7:7,18,0,0,8,3436135,276,330,60,12,994,100,-91,335,555,60,95,1,707,3436230
fd00::207:7:7:7,18,0,0,8,3446611,277,331,60,12,1703,100,-91,336,557,60,119,1,2146,3446730
fd00::207:7:7:7,18,0,0,8,3457083,278,332,60,12,1644,100,-91,337,559,60,357,1,1872,3457440
fd00::207:7:7:7,18,0,0,8,3467563,279,333,60,12,1094,100,-91,338,561,60,97,1,652,3467660
fd00::207:7:7:7,18,0,0,8,3478039,280,334,60,12,1384,100,-91,339,563,60,121,1,867,3478160
fd00::207:7:7:7,18,0,0,8,3488515,281,335,60,12,2304,100,-91,340,565,60,75,1,1432,3488590
fd00::207:7:7:7,18,0,0,8,3498991,282,336,60,12,1614,100,-91,341,567,60,99,1,912,3499090
fd00::207:7:7:7,18,0,1,8,3509464,283,337,60,12,1344,100,-91,342,569,60,126,1,1757,3509590
fd00::207:7:7:7,18,0,1,8,3519943,284,338,60,12,864,100,-91,344,571,60,777,1,537,3520720
fd00::207:7:7:7,18,0,0,8,3530419,285,339,60,12,1224,100,-91,345,573,60,1221,1,1032,3531640
fd00::207:7:7:7,18,0,1,8,3540892,286,340,60,12,5576,100,-91,346,575,60,1598,1,2858,3542490
fd00::207:7:7:7,18,0,1,8,3551369,287,342,60,12,1184,100,-91,347,578,60,921,1,732,3552290
fd00::207:7:7:7,18,0,0,8,3561845,288,343,60,12,1195,100,-91,348,580,60,805,1,842,3562650
fd00::207:7:7:7,18,0,0,8,3572320,289,344,60,12,1204,100,-91,349,582,60,1390,1,1827,3573710
fd00::207:7:7:7,18,0,0,8,3582796,290,345,60,12,1635,100,-91,350,584,60,224,1,887,3583020
fd00::207:7:7:7,18,0,0,8,3593273,291,346,60,12,2204,100,-91,351,586,60,4377,1,1557,3597650
fd00::208:8:8:8,169,0,0,1194,94025,1,0,60,0,0,0,0,0,1,60,195,2,0,94220
fd00::208:8:8:8,18,0,0,8,104508,2,0,60,0,0,0,0,1,2,60,212,2,0,104720
fd00::208:8:8:8,18,0,0,8,114989,3,2,60,12,2714,100,-94,2,5,60,161,2,1672,115150
fd00::208:8:8:8,18,0,0,9,125472,4,3,60,12,3984,100,-94,3,7,60,1578,2,3497,127050
fd00::208:8:8:8,18,0,0,9,135955,5,4,60,12,3994,100,-94,4,9,60,195,2,2102,136150
fd00::208:8:8:8,18,0,0,8,146441,6,5,60,12,2394,100,-94,5,11,60,209,2,2107,146650
fd00::208:8:8:8,18,0,0,8,156920,7,6,60,12,1914,100,-94,6,13,60,300,2,1412,157220
fd00::208:8:8:8,18,0,0,8,167404,8,7,60,12,3044,100,-94,7,15,60,1716,2,3027,169120
fd00::208:8:8:8,18,0,0,8,177887,9,8,60,12,3894,100,-94,8,17,60,193,2,2682,178080
fd00::208:8:8:8,18,0,0,9,188370,10,9,60,12,7054,100,-94,9,19,60,1400,2,4857,189770
fd00::208:8:8:8,18,0,0,8,198853,11,9,60,12,7054,100,-94,11,20,60,9957,2,4857,208810
fd00::208:8:8:8,18,0,1,8,209336,12,11,60,12,6236,100,-94,13,22,60,17744,2,13472,227080
fd00::208:8:8:8,18,0,1,8,219819,13,12,60,12,4637,100,-94,13,24,60,8591,2,8968,228410
fd00::209:9:9:9,285,0,0,2401,158875,1,0,60,0,0,0,0,0,1,60,515,3,0,159390
fd00::209:9:9:9,19,0,0,9,169447,2,1,60,12,4654,100,-51,1,3,60,233,3,3342,169680
fd00::209:9:9:9,19,0,0,9,180020,3,1,60,12,4654,100,-51,3,4,60,3310,3,3342,183330
fd00::209:9:9:9,19,0,0,8,190591,4,2,60,12,15514,100,-51,4,6,60,1979,3,9472,192570
fd00::209:9:9:9,19,0,0,8,201160,5,4,60,12,10424,100,-51,6,9,60,16050,3,13542,217210
fd00::209:9:9:9,19,0,0,9,211731,6,5,60,12,6726,100,-51,7,11,60,16049,3,12813,227780
fd00::209:9:9:9,19,0,0,9,222304,7,6,60,12,5057,100,-51,8,13,60,16046,3,9143,238350
fd00::20a:a:a:a,165,0,0,1464,91844,1,0,60,0,0,0,0,0,1,60,556,2,0,92400
fd00::20a:a:a:a,18,0,0,8,102028,2,0,60,0,0,0,0,1,2,60,2202,2,0,104230
fd00::20a:a:a:a,18,0,0,8,112215,3,2,60,12,2224,100,-43,2,5,60,3775,2,1602,115990
fd00::20a:a:a:a,18,0,0,8,122405,4,2,60,12,2224,100,-43,3,6,60,3595,2,1602,126000
fd00::20a:a:a:a,18,0,0,8,132592,5,3,60,12,3354,100,-43,4,8,60,548,2,3462,133140
fd00::20a:a:a:a,18,0,0,8,142777,6,5,60,12,2044,100,-43,5,11,60,2543,2,1827,145320
fd00::20a:a:a:a,18,0,0,8,152963,7,6,60,12,1494,100,-43,6,13,60,2787,2,1342,155750
fd00::20a:a:a:a,18,0,0,8,163151,8,7,60,12,2484,100,-43,7,15,60,3169,2,2817,166320
fd00::20a:a:a:a,18,0,0,8,173338,9,8,60,12,1934,100,-43,8,17,60,1102,2,2122,174440
fd00::20a:a:a:a,18,0,0,8,183524,10,8,60,12,1934,100,-43,9,18,60,4146,2,2122,187670
fd00::20a:a:a:a,18,0,0,8,193711,11,9,60,12,6494,100,-43,10,20,60,1379,2,4787,195090
fd00::20a:a:a:a,18,0,0,8,203898,12,10,60,12,9234,100,-43,12,22,60,13732,2,13017,217630
fd00::20a:a:a:a,18,0,0,8,214085,13,12,60,12,4077,100,-43,13,25,60,13485,2,8758,227570
fd00::20a:a:a:a,18,0,0,8,224273,14,13,60,12,2195,100,-43,14,27,60,13237,2,7502,237510
fd00::20a:a:a:a,18,0,1,8,244648,16,14,60,12,5845,100,-43,15,28,60,1052,2,7502,245700
fd00::20a:a:a:a,18,0,0,8,254834,17,16,60,12,2714,100,-43,17,31,60,11656,2,8147,266490
fd00::20a:a:a:a,18,0,0,8,265021,18,17,60,12,3914,100,-43,17,33,60,2029,2,3497,267050
fd00::20a:a:a:a,18,0,0,8,275208,19,18,60,12,1404,100,-43,18,35,60,172,2,912,275380
fd00::20a:a:a:a,18,0,0,8,285395,20,19,60,12,4564,100,-43,19,37,60,835,2,3017,286230
fd00::20a:a:a:a,18,0,0,8,295582,21,20,60,12,1704,100,-43,20,39,60,448,2,1412,296030
fd00::20a:a:a:a,18,0,0,8,305769,22,21,60,12,2556,100,-43,21,41,60,1811,2,1453,307580
fd00::20a:a:a:a,18,0,0,8,315956,23,22,60,12,2494,100,-43,22,43,60,3034,2,1772,318990
fd00::20a:a:a:a,18,0,0,8,326143,24,23,60,12,3834,100,-43,23,45,60,2647,2,3317,328790
fd00::20a:a:a:a,18,0,0,8,336330,25,24,60,12,2304,100,-43,24,47,60,160,2,2727,336490
fd00::20a:a:a:a,18,0,0,8,346517,26,25,60,12,2106,100,-43,25,49,60,473,2,2313,346990
fd00::20a:a:a:a,18,0,0,8,356704,27,26,60,12,1904,100,-43,26,51,60,436,2,2947,357140
fd00::20a:a:a:a,18,0,0,8,366891,28,27,60,12,3594,100,-43,27,53,60,889,2,3477,367780
fd00::20a:a:a:a,18,0,0,8,377078,29,28,60,12,4374,100,-43,28,55,60,1272,2,3867,378350
fd00::20a:a:a:a,18,0,0,8,387267,30,29,60,12,2354,100,-43,29,57,60,183,2,2577,387450
fd00::20a:a:a:a,18,0,0,8,397454,31,30,60,12,2224,100,-43,30,59,60,286,2,1567,397740
fd00::20a:a:a:a,18,0,0,8,407639,32,31,60,12,1884,100,-43,31,61,60,321,2,2342,407960
fd00::20a:a:a:a,18,0,0,8,417828,33,32,60,12,3224,100,-43,32,63,60,842,2,2452,418670
fd00::20a:a:a:a,18,0,0,8,428013,34,33,60,12,1554,100,-43,33,65,60,247,2,2177,428260
fd00::20a:a:a:a,18,0,0,8,438200,35,34,60,12,2614,100,-43,34,67,60,420,2,3617,438620
fd00::20a:a:a:a,18,0,0,8,448387,36,35,60,12,5354,100,-43,35,69,60,383,2,3797,448770
fd00::20a:a:a:a,18,0,0,8,458576,37,36,60,12,3824,100,-43,37,71,60,7904,2,2717,466480
fd00::20a:a:a:a,18,0,0,8,468761,38,37,60,12,964,100,-43,37,73,60,169,2,3912,468930
fd00::20a:a:a:a,18,0,0,8,478948,39,38,60,12,3495,100,-43,38,75,60,342,2,4512,479290
fd00::20a:a:a:a,18,0,0,8,489137,40,39,60,12,2875,100,-43,40,77,60,7233,2,7982,496370
fd00::20a:a:a:a,18,0,0,8,499322,41,40,60,12,1624,100,-43,41,79,60,8528,2,4102,507850
fd00::20a:a:a:a,18,0,0,8,509509,42,41,60,12,4575,100,-43,42,81,60,4921,2,7187,514430
fd00::20a:a:a:a,2732,0,4,6176,2037559,44,144,60,12,3234,100,-38,195,90,60,10571,2,8897,2048130
fd00::20a:a:a:a,1100,0,10,561,2669153,47,186,60,12,2884,100,-38,257,93,60,157,2,1582,2669310
fd00::20a:a:a:a,36,0,0,16,2720088,51,188,60,12,3954,100,-87,263,96,60,1652,2,3027,2721740
fd00::20a:a:a:a,18,0,0,8,2730277,52,189,60,12,1546,100,-43,264,98,60,1893,2,2698,2732170
fd00::20a:a:a:a,18,0,0,8,2740464,53,190,60,12,1694,100,-43,265,100,60,2556,2,1302,2743020
fd00::20a:a:a:a,18,0,0,8,2750648,54,191,60,12,1844,100,-43,266,102,60,2662,2,1902,2753310
fd00::20a:a:a:a,18,0,0,8,2760835,55,192,60,12,1644,100,-43,267,104,60,2835,2,2012,2763670
fd00::20a:a:a:a,18,0,0,7,2771025,56,193,60,12,1794,100,-43,268,106,60,2725,2,1877,2773750
fd00::20a:a:a:a,18,0,0,8,2781212,57,194,60,12,2854,100,-43,269,108,60,1428,2,2197,2782640
fd00::20a:a:a:a,18,0,0,8,2791397,58,195,60,12,1604,100,-43,270,110,60,1953,2,1397,2793350
fd00::20a:a:a:a,18,0,0,8,2801583,59,197,60,12,1064,100,-43,271,113,60,1847,2,1582,2803430
fd00::20a:a:a:a,18,0,0,8,2811773,60,197,60,12,1064,100,-43,272,114,60,197,2,1582,2811970
fd00::20a:a:a:a,18,0,0,8,2821957,61,199,60,12,1644,100,-43,273,117,60,863,2,1312,2822820
fd00::20a:a:a:a,18,0,0,8,2832147,62,199,60,12,1644,100,-43,274,118,60,2083,2,1312,2834230
fd00::20a:a:a:a,18,0,0,8,2842334,63,200,60,12,5084,100,-43,275,120,60,436,2,2787,2842770
fd00::20a:a:a:a,18,0,0,8,2852519,64,201,60,12,2504,100,-43,276,122,60,821,2,1637,2853340
fd00::20a:a:a:a,18,0,0,7,2862705,65,203,60,12,1614,100,-43,277,125,60,3445,2,2907,2866150
fd00::20a:a:a:a,18,0,0,8,2872893,66,204,60,12,2674,100,-43,278,127,60,257,2,1442,2873150
fd00::20a:a:a:a,18,0,0,8,2883080,67,204,60,12,2674,100,-43,279,128,60,2530,2,1442,2885610
fd00::20a:a:a:a,18,0,0,8,2893269,68,205,60,12,4224,100,-43,280,130,60,1511,2,2882,2894780
fd00::20a:a:a:a,18,0,0,8,2903453,69,207,60,12,2214,100,-43,281,133,60,1197,2,2157,2904650
fd00::20a:a:a:a,18,0,0,8,2913640,70,207,60,12,2214,100,-43,282,134,60,180,2,2157,2913820
fd00::20a:a:a:a,18,0,1,7,2923828,71,209,60,12,1534,100,-43,283,137,60,3572,2,3637,2927400
fd00::20a:a:a:a,18,0,0,7,2934015,72,210,60,12,3224,100,-43,284,139,60,455,2,1822,2934470
fd00::20a:a:a:a,18,0,1,7,2944201,73,211,60,12,1764,100,-43,285,141,60,489,2,1687,2944690
fd00::20a:a:a:a,18,0,0,8,2954388,74,212,60,12,2053,100,-43,286,143,60,172,2,1236,2954560
fd00::20a:a:a:a,18,0,0,8,2964578,75,213,60,12,1504,100,-43,287,145,60,342,2,1032,2964920
fd00::20a:a:a:a,18,0,0,8,2974762,76,214,60,12,2285,100,-43,288,147,60,168,2,1317,2974930
fd00::20a:a:a:a,18,0,0,8,2984949,77,215,60,12,1874,100,-43,289,149,60,201,2,1742,2985150
fd00::20a:a:a:a,18,0,0,8,2995137,78,216,60,12,2724,100,-43,290,151,60,163,2,2167,2995300
fd00::20a:a:a:a,18,0,0,8,3005323,79,217,60,12,3084,100,-43,291,153,60,407,2,1647,3005730
fd00::20a:a:a:a,18,0,0,7,3015510,80,218,60,12,2044,100,-43,292,155,60,160,2,1442,3015670
fd00::20a:a:a:a,18,0,0,7,3025697,81,219,60,12,1704,100,-43,293,157,60,193,2,1517,3025890
fd00::20a:a:a:a,18,0,0,7,3035884,82,220,60,12,1574,100,-43,294,159,60,156,2,1242,3036040
fd00::20a:a:a:a,18,0,0,7,3046074,83,221,60,12,1654,100,-43,295,161,60,186,2,1562,3046260
fd00::20a:a:a:a,18,0,1,7,3056258,84,222,60,12,2084,100,-43,296,163,60,152,2,1882,3056410
fd00::20a:a:a:a,18,0,0,7,3066446,85,223,60,12,1816,100,-43,297,165,60,184,2,1153,3066630
fd00::20a:a:a:a,18,0,0,7,3076632,86,224,60,12,1824,100,-43,298,167,60,288,2,1332,3076920
fd00::20a:a:a:a,18,0,0,8,3086822,87,225,60,12,3304,100,-43,299,169,60,178,2,2527,3087000
fd00::20a:a:a:a,18,0,0,8,3097008,88,226,60,12,2544,100,-43,300,171,60,212,2,2777,3097220
fd00::20a:a:a:a,18,0,0,8,3107194,89,227,60,12,2834,100,-43,301,173,60,176,2,2642,3107370
fd00::20a:a:a:a,18,0,0,8,3117380,90,228,60,12,4664,100,-43,302,175,60,210,2,2577,3117590
fd00::20a:a:a:a,18,0,0,8,3127570,91,229,60,12,3484,100,-43,303,177,60,170,2,2197,3127740
fd00::20a:a:a:a,18,0,0,7,3137754,92,230,60,12,3634,100,-43,304,179,60,206,2,2027,3137960
fd00::20a:a:a:a,18,0,1,7,3147944,93,231,60,12,2314,100,-43,305,181,60,166,2,2172,3148110
fd00::20a:a:a:a,18,0,0,7,3158131,94,232,60,12,2183,100,-43,306,183,60,199,2,2071,3158330
fd00::20a:a:a:a,18,0,0,8,3168315,95,233,60,12,3734,100,-43,307,185,60,375,2,2112,3168690
fd00::20a:a:a:a,18,0,0,8,3178502,96,234,60,12,1924,100,-43,308,187,60,478,2,1732,3178980
fd00::20a:a:a:a,18,0,0,7,3188689,97,235,60,12,2914,100,-43,309,189,60,161,2,2157,3188850
fd00::20a:a:a:a,18,0,0,8,3198875,98,236,60,12,2644,100,-43,310,191,60,195,2,1882,3199070
fd00::20a:a:a:a,18,0,0,8,3209062,99,237,60,12,1184,100,-43,311,193,60,158,2,1432,3209220
fd00::20a:a:a:a,18,0,0,8,3219249,100,238,60,12,1964,100,-43,312,195,60,191,2,1752,3219440
fd00::20a:a:a:a,18,0,0,7,3229440,101,239,60,12,1694,100,-43,313,197,60,150,2,1792,3229590
fd00::20a:a:a:a,18,0,0,7,3239624,102,240,60,12,2824,100,-43,314,199,60,186,2,2112,3239810
fd00::20a:a:a:a,18,0,0,7,3249814,103,241,60,12,1574,100,-43,315,201,60,146,2,1697,3249960
fd00::20a:a:a:a,18,0,0,8,3259998,104,242,60,12,2007,100,-43,317,203,60,3332,2,1178,3263330
fd00::20a:a:a:a,18,0,0,8,3270185,105,243,60,12,1594,100,-43,318,205,60,2315,2,1987,3272500
fd00::20a:a:a:a,18,0,0,8,3280372,106,244,60,12,1324,100,-43,319,207,60,2348,2,1572,3282720
fd00::20a:a:a:a,18,0,0,8,3290562,107,245,60,12,1613,100,-43,320,209,60,3428,2,1611,3293990
fd00::20a:a:a:a,18,0,0,8,3300747,108,246,60,12,1904,100,-43,321,211,60,2343,2,2107,3303090
fd00::20a:a:a:a,18,0,0,8,3310933,109,247,60,12,4294,100,-43,322,213,60,2727,2,2287,3313660
fd00::20a:a:a:a,18,0,0,7,3321120,110,248,60,12,4864,100,-43,323,215,60,2130,2,2887,3323250
fd00::20a:a:a:a,18,0,0,8,3331307,111,249,60,12,1794,100,-43,324,217,60,1743,2,1807,3333050
fd00::20a:a:a:a,18,0,0,8,3341495,112,251,60,12,1254,100,-43,325,220,60,1145,2,1012,3342640
fd00::20a:a:a:a,18,0,1,7,3351681,113,251,60,12,1254,100,-43,326,221,60,689,2,1012,3352370
fd00::20a:a:a:a,18,0,1,7,3361868,114,253,60,12,1414,100,-43,327,224,60,2052,2,1792,3363920
fd00::20a:a:a:a,18,0,0,7,3372056,115,254,60,12,1634,100,-43,328,226,60,614,2,1062,3372670
fd00::20a:a:a:a,18,0,0,7,3382241,116,254,60,12,1634,100,-43,329,227,60,159,2,1062,3382400
fd00::20a:a:a:a,18,0,0,7,3392430,117,256,60,12,2354,100,-43,330,230,60,1590,2,1282,3394020
fd00::20a:a:a:a,18,0,0,8,3402617,118,257,60,12,2084,100,-43,331,232,60,1343,2,1952,3403960
fd00::20a:a:a:a,18,0,0,8,3412803,119,258,60,12,1534,100,-43,332,234,60,187,2,1152,3412990
fd00::20a:a:a:a,18,0,0,8,3422990,120,259,60,12,1684,100,-43,333,236,60,150,2,1192,3423140
fd00::20a:a:a:a,18,0,1,7,3433178,121,260,60,12,1344,100,-43,334,238,60,182,2,1057,3433360
fd00::20a:a:a:a,18,0,0,8,3443364,122,261,60,12,1983,100,-43,335,240,60,1126,2,2181,3444490
fd00::20a:a:a:a,18,0,0,7,3453551,123,262,60,12,1994,100,-43,336,242,60,739,2,1942,3454290
fd00::20a:a:a:a,18,0,1,7,3463738,124,263,60,12,1794,100,-43,337,244,60,212,2,1002,3463950
fd00::20a:a:a:a,18,0,0,7,3473925,125,264,60,12,2084,100,-43,338,246,60,175,2,1427,3474100
fd00::20a:a:a:a,18,0,0,8,3484113,126,265,60,12,3424,100,-43,339,248,60,347,2,1817,3484460
fd00::20a:a:a:a,18,0,0,8,3494299,127,266,60,12,2174,100,-43,340,250,60,171,2,1682,3494470
fd00::20a:a:a:a,18,0,0,8,3504487,128,267,60,12,2674,100,-43,341,252,60,3073,2,1827,3507560
fd00::20a:a:a:a,18,0,1,7,3514672,129,268,60,12,1914,100,-43,342,254,60,168,2,1377,3514840
fd00::20a:a:a:a,18,0,0,8,3524859,130,269,60,12,1644,100,-43,343,256,60,201,2,1137,3525060
fd00::20a:a:a:a,18,0,0,8,3535046,131,269,60,12,1644,100,-43,344,257,60,234,2,1137,3535280
fd00::20a:a:a:a,18,0,0,8,3545235,132,271,60,12,3344,100,-43,345,260,60,1665,2,2057,3546900
fd00::20a:a:a:a,18,0,0,8,3555422,133,272,60,12,4334,100,-43,346,262,60,298,2,2342,3555720
fd00::20a:a:a:a,18,0,1,7,3565609,134,273,60,12,1475,100,-43,347,264,60,191,2,2172,3565800
fd00::20a:a:a:a,18,0,0,8,3575796,135,274,60,12,2044,100,-43,348,266,60,154,2,1897,3575950
fd00::20a:a:a:a,18,0,0,8,3585982,136,275,60,12,2755,100,-43,349,268,60,188,2,1832,3586170
fd00::20a:a:a:a,18,0,1,7,3596169,137,276,60,12,2904,100,-43,350,270,60,2041,2,3412,3598210
fd00::20b:b:b:b,91,0,0,483,50410,1,0,60,0,0,0,0,0,1,60,970,1,0,51380
fd00::20b:b:b:b,18,0,0,8,60529,2,0,60,0,0,0,0,1,2,60,2401,1,0,62930
fd00::20b:b:b:b,18,0,0,8,70654,3,2,60,12,504,100,-87,2,5,60,1796,1,1197,72450
fd00::20b:b:b:b,18,0,0,8,80779,4,3,60,12,444,100,-87,3,7,60,4831,1,782,85610
fd00::20b:b:b:b,18,0,0,8,90900,5,4,60,12,664,100,-87,4,9,60,1360,1,1102,92260
fd00::20b:b:b:b,18,0,0,8,101023,6,4,60,12,664,100,-87,5,10,60,1527,1,1102,102550
fd00::20b:b:b:b,18,0,0,7,111146,7,6,60,12,684,100,-87,6,13,60,3724,1,1392,114870
fd00::20b:b:b:b,18,0,0,8,121267,8,6,60,12,684,100,-87,7,14,60,1163,1,1392,122430
fd00::20b:b:b:b,18,0,0,8,131392,9,8,60,12,564,100,-87,8,17,60,5388,1,3292,136780
fd00::20b:b:b:b,18,0,0,7,141515,10,9,60,12,644,100,-87,9,18,60,7865,1,3292,149380
fd00::20c:c:c:c,77,0,0,394,43531,1,0,60,0,0,0,0,0,1,60,289,1,0,43820
fd00::20c:c:c:c,19,0,0,8,54362,2,1,60,12,274,100,-72,1,3,60,98,1,627,54460
fd00::20c:c:c:c,19,0,0,8,65193,3,2,60,12,284,100,-72,2,5,60,117,1,597,65310
fd00::20c:c:c:c,19,0,0,8,76028,4,3,60,12,434,100,-72,3,7,60,132,1,1092,76160
fd00::20c:c:c:c,19,0,0,8,86863,5,4,60,12,304,100,-72,4,9,60,147,1,1062,87010
fd00::20c:c:c:c,19,0,0,8,97694,6,5,60,12,244,100,-72,5,11,60,96,1,1032,97790
fd00::20c:c:c:c,19,0,0,8,108527,7,6,60,12,1094,100,-72,6,13,60,113,1,1107,108640
fd00::20c:c:c:c,19,0,0,8,119362,8,7,60,12,474,100,-72,7,15,60,128,1,2827,119490
fd00::20c:c:c:c,19,0,0,9,130195,9,8,60,12,414,100,-72,9,17,60,5465,1,2587,135660
fd00::20c:c:c:c,19,0,0,8,141026,10,10,60,12,434,100,-72,10,20,60,3804,1,2387,144830
fd00::20c:c:c:c,19,0,0,8,151859,11,11,60,12,234,100,-72,11,22,60,4451,1,2532,156310
fd00::20c:c:c:c,19,0,0,9,162692,12,12,60,12,524,100,-72,12,24,60,2228,3,2327,164920
fd00::20c:c:c:c,19,0,0,9,173525,13,13,60,12,884,100,-72,13,26,60,2525,1,1352,176050
fd00::20c:c:c:c,19,0,0,9,184358,14,14,60,12,194,100,-72,14,28,60,3942,1,4122,188300
fd00::20c:c:c:c,19,0,0,9,195191,15,15,60,12,1044,100,-72,15,30,60,459,1,2657,195650
fd00::20c:c:c:c,19,0,0,9,206024,16,16,60,12,356,100,-72,16,32,60,3556,1,2103,209580
fd00::20c:c:c:c,19,0,0,9,216859,17,17,60,12,577,100,-72,17,34,60,561,1,1688,217420
fd00::20c:c:c:c,428,0,1,1593,455183,18,35,60,12,954,100,-72,41,36,60,1917,1,3137,457100
fd00::20c:c:c:c,19,0,0,8,466016,19,36,60,12,2434,100,-72,43,38,60,6344,1,2862,472360
fd00::20c:c:c:c,350,0,1,977,661010,20,53,60,12,464,100,-72,62,41,60,4410,1,1002,665420
fd00::20c:c:c:c,19,0,0,8,671843,21,54,60,12,477,100,-72,63,43,60,6247,1,3878,678090
fd00::20c:c:c:c,19,0,0,8,682676,22,55,60,12,484,100,-72,64,45,60,3814,1,3182,686490
fd00::20c:c:c:c,19,0,0,9,693509,23,56,60,12,704,100,-72,65,47,60,1101,1,1647,694610
fd00::20c:c:c:c,19,0,0,8,704342,24,57,60,12,294,100,-72,66,49,60,3428,1,3577,707770
fd00::20c:c:c:c,19,0,0,9,715174,25,58,60,12,584,100,-72,67,51,60,716,1,2322,715890
fd00::20c:c:c:c,19,0,0,9,726007,26,59,60,12,2274,100,-72,68,53,60,313,1,2607,726320
fd00::20c:c:c:c,19,0,0,9,736840,27,60,60,12,884,100,-72,69,55,60,1310,1,2262,738150
fd00::20c:c:c:c,19,0,0,8,747673,28,61,60,12,334,100,-72,70,57,60,137,1,2162,747810
fd00::20c:c:c:c,19,0,0,9,758509,29,62,60,12,485,100,-72,71,59,60,431,1,1432,758940
fd00::20c:c:c:c,19,0,0,8,769339,30,63,60,12,2594,100,-72,73,61,60,5561,1,6057,774900
fd00::20c:c:c:c,19,0,0,8,780175,31,64,60,12,434,100,-72,74,63,60,955,1,2492,781130
fd00::20c:c:c:c,19,0,0,9,791005,32,65,60,12,7654,100,-72,76,65,60,12945,1,3897,803950
fd00::20c:c:c:c,19,0,0,9,801838,33,66,60,12,7315,100,-72,76,67,60,2812,1,7157,804650
fd00::20c:c:c:c,19,0,0,9,812671,34,67,60,12,6135,100,-72,77,69,60,729,1,3417,813400
fd00::20c:c:c:c,19,0,0,8,823504,35,69,60,12,2374,100,-72,78,72,60,3896,1,3357,827400
fd00::20c:c:c:c,19,0,0,9,834340,36,69,60,12,2374,100,-72,79,73,60,550,1,3357,834890
fd00::20c:c:c:c,19,0,0,8,845170,37,71,60,12,3934,100,-72,80,76,60,2950,1,4032,848120
fd00::20c:c:c:c,19,0,0,8,856003,38,72,60,12,2196,100,-72,81,78,60,307,1,1623,856310
fd00::20c:c:c:c,19,0,0,8,866839,39,73,60,12,734,100,-72,82,80,60,111,1,3097,866950
fd00::20c:c:c:c,19,0,0,8,877672,40,74,60,12,2774,100,-72,84,82,60,5658,1,1597,883330
fd00::20c:c:c:c,19,0,1,8,888502,41,75,60,12,264,100,-72,84,84,60,568,1,2162,889070
fd00::20c:c:c:c,19,0,1,7,899334,42,76,60,12,347,100,-72,85,86,60,236,1,2868,899570
fd00::20c:c:c:c,19,0,1,8,910167,43,77,60,12,774,100,-72,87,88,60,5363,1,1297,915530
fd00::20c:c:c:c,19,0,1,8,921001,44,78,60,12,8974,100,-72,88,90,60,2369,1,6307,923370
fd00::20c:c:c:c,19,0,1,8,931835,45,79,60,12,10244,100,-72,89,92,60,2735,1,7082,934570
fd00::20c:c:c:c,19,0,1,7,942667,46,80,60,12,8015,100,-72,90,94,60,3173,1,7367,945840
fd00::20c:c:c:c,19,0,1,8,953503,47,81,60,12,11944,100,-72,91,96,60,4587,1,9017,958090
fd00::20c:c:c:c,19,0,1,8,964333,48,82,60,12,10975,100,-72,92,98,60,1177,1,6642,965510
fd00::20c:c:c:c,1267,0,10,11005,1668479,49,97,60,12,834,100,-72,162,99,60,111,1,6642,1668590
fd00::20c:c:c:c,19,0,0,9,1679314,50,98,60,12,424,100,-72,163,101,60,196,1,982,1679510
fd00::20c:c:c:c,19,0,0,8,1690147,51,99,60,12,364,100,-72,165,103,60,3013,1,3472,1693160
fd00::20c:c:c:c,19,0,0,8,1700978,52,101,60,12,384,100,-72,166,105,60,3382,1,1622,1704360
fd00::20d:d:d:d,182,0,0,1670,101616,1,0,60,0,0,0,0,0,1,60,1004,1,0,102620
fd00::20d:d:d:d,18,0,0,8,111730,2,1,60,12,754,100,-86,1,3,60,270,1,727,112000
fd00::20d:d:d:d,18,0,0,8,121843,3,2,60,12,1184,100,-86,2,5,60,3247,1,1852,125090
fd00::20d:d:d:d,18,0,0,8,131958,4,2,60,12,1184,100,-86,3,6,60,3772,1,1852,135730
fd00::20d:d:d:d,18,0,0,8,142071,5,4,60,12,714,100,-86,4,9,60,3459,1,2737,145530
fd00::20d:d:d:d,18,0,0,8,152182,6,5,60,12,1284,100,-86,5,11,60,5388,1,3302,157570
fd00::20d:d:d:d,18,0,0,7,162294,7,6,60,12,2064,100,-86,6,13,60,2136,1,2152,164430
fd00::20d:d:d:d,18,0,1,8,172409,8,7,60,12,1654,100,-86,7,15,60,1051,1,1597,173460
fd00::20d:d:d:d,18,0,1,8,182521,9,8,60,12,754,100,-86,8,17,60,4869,1,3142,187390
fd00::20d:d:d:d,18,0,1,8,192633,10,9,60,12,1674,100,-86,9,19,60,2947,1,2167,195580
fd00::20d:d:d:d,18,0,1,7,202746,11,10,60,12,2316,100,-86,10,21,60,7184,1,4833,209930
fd00::20d:d:d:d,18,0,1,8,212859,12,11,60,12,927,100,-86,11,23,60,7011,1,4593,219870
fd00::20d:d:d:d,18,0,2,7,222972,13,12,60,12,2125,100,-86,12,25,60,6068,1,4352,229040
fd00::20d:d:d:d,18,0,2,7,233085,14,13,60,12,1014,100,-86,14,26,60,15625,1,4352,248710
fd00::20d:d:d:d,18,0,1,7,243198,15,14,60,12,2354,100,-86,15,28,60,10132,1,4817,253330
fd00::20d:d:d:d,18,0,2,6,253311,16,15,60,12,1664,100,-86,15,30,60,4639,1,3842,257950
fd00::20d:d:d:d,18,0,1,7,263425,17,15,60,12,1664,100,-86,16,31,60,4325,1,3842,267750
fd00::20d:d:d:d,18,0,2,7,273537,18,16,60,12,5664,100,-86,17,33,60,1563,1,4197,275100
fd00::20d:d:d:d,18,0,2,7,283651,19,17,60,12,6654,100,-86,18,35,60,1599,1,3432,285250
fd00::20d:d:d:d,18,0,1,7,293764,20,18,60,12,8764,100,-86,19,37,60,4156,1,8162,297920
fd00::20d:d:d:d,18,0,1,7,303877,21,20,60,12,3536,100,-86,20,40,60,4683,1,4253,308560
fd00::20d:d:d:d,18,0,1,7,313989,22,20,60,12,3536,100,-86,21,41,60,101,1,4253,314090
fd00::20d:d:d:d,18,0,1,7,324102,23,22,60,12,2294,100,-86,22,44,60,3708,1,3492,327810
fd00::20d:d:d:d,18,0,1,8,334215,24,23,60,12,2234,100,-86,23,46,60,1575,1,2867,335790
fd00::20d:d:d:d,18,0,1,8,344329,25,24,60,12,1896,100,-86,24,48,60,141,1,1403,344470
fd00::20d:d:d:d,18,0,1,7,354442,26,25,60,12,1484,100,-86,25,50,60,4168,1,4207,358610
fd00::20d:d:d:d,18,0,1,7,364554,27,25,60,12,1484,100,-86,26,51,60,846,1,4207,365400
fd00::20d:d:d:d,18,0,1,7,374668,28,27,60,12,1854,100,-86,27,54,60,2562,1,1942,377230
fd00::20d:d:d:d,18,0,1,8,384781,29,28,60,12,1864,100,-86,28,56,60,1619,1,1702,386400
fd00::20d:d:d:d,18,0,1,7,394893,30,29,60,12,1664,100,-86,29,58,60,1447,1,2792,396340
fd00::20d:d:d:d,18,0,2,7,405007,31,30,60,12,2164,100,-86,30,60,60,2043,1,2517,407050
fd00::20d:d:d:d,18,0,1,7,415119,32,31,60,12,2524,100,-86,31,62,60,2011,1,3327,417130
fd00::20d:d:d:d,18,0,1,7,425233,33,32,60,12,924,100,-86,32,64,60,1207,1,2912,426440
fd00::20d:d:d:d,18,0,1,8,435344,34,33,60,12,2054,100,-86,33,66,60,1386,1,2917,436730
fd00::20d:d:d:d,18,0,1,7,445457,35,34,60,12,1574,100,-86,34,68,60,1843,1,3342,447300
fd00::20d:d:d:d,18,0,1,8,455571,36,34,60,12,1574,100,-86,35,69,60,899,1,3342,456470
fd00::20d:d:d:d,18,0,1,7,465684,37,36,60,12,4114,100,-86,37,72,60,13956,1,6152,479640
fd00::20d:d:d:d,18,0,1,7,475797,38,37,60,12,4685,100,-86,38,74,60,9653,1,7697,485450
fd00::20d:d:d:d,18,0,1,7,485910,39,38,60,12,1545,100,-86,39,76,60,9620,1,6757,495530
fd00::20d:d:d:d,18,0,0,8,496024,40,39,60,12,4704,100,-86,39,78,60,626,1,2912,496650
fd00::20d:d:d:d,18,0,1,8,506137,41,39,60,12,4704,100,-86,41,79,60,12913,1,2912,519050
fd00::20d:d:d:d,18,0,1,8,516249,42,41,60,12,4794,100,-86,42,82,60,4831,1,5337,521080
fd00::20d:d:d:d,18,0,1,8,526362,43,42,60,12,4945,100,-86,42,84,60,248,1,2542,526610
fd00::20d:d:d:d,18,0,1,7,536476,44,43,60,12,824,100,-86,43,86,60,144,1,2862,536620
fd00::20d:d:d:d,18,0,1,8,546591,45,44,60,12,974,100,-86,45,88,60,8299,1,3077,554890
fd00::20d:d:d:d,18,0,1,7,556704,46,45,60,12,913,100,-86,45,90,60,76,1,2906,556780
fd00::20d:d:d:d,18,0,1,8,566814,47,46,60,12,3514,100,-86,46,92,60,886,1,3752,567700
fd00::20d:d:d:d,18,0,1,7,576928,48,47,60,12,3034,100,-86,47,94,60,432,1,3197,577360
fd00::20d:d:d:d,18,0,1,7,587040,49,48,60,12,2764,100,-86,48,96,60,2570,1,3692,589610
fd00::20d:d:d:d,18,0,2,7,597154,50,49,60,12,2214,100,-86,49,98,60,86,1,2822,597240
fd00::20d:d:d:d,18,0,1,7,607267,51,50,60,12,894,100,-86,50,100,60,683,1,2372,607950
fd00::20d:d:d:d,18,0,1,7,617378,52,51,60,12,2164,100,-86,51,102,60,92,1,1327,617470
fd00::20d:d:d:d,18,0,1,7,627491,53,52,60,12,1544,100,-86,52,104,60,969,1,3047,628460
fd00::20d:d:d:d,18,0,1,7,637604,54,53,60,12,1345,100,-86,53,106,60,96,1,1267,637700
fd00::20d:d:d:d,18,0,1,7,647717,55,54,60,12,2054,100,-86,54,108,60,133,1,2952,647850
fd00::20d:d:d:d,18,0,1,7,657831,56,55,60,12,3534,100,-86,55,110,60,99,1,2222,657930
fd00::20d:d:d:d,18,0,1,7,667945,57,56,60,12,2634,100,-86,56,112,60,135,1,2857,668080
fd00::20d:d:d:d,18,0,1,7,678056,58,57,60,12,967,100,-86,57,114,60,524,1,1428,678580
fd00::20d:d:d:d,18,0,1,7,688169,59,58,60,12,1884,100,-86,58,116,60,141,1,3147,688310
fd00::20d:d:d:d,18,0,1,7,698282,60,59,60,12,1614,100,-86,59,118,60,108,1,2837,698390
fd00::20d:d:d:d,18,0,0,8,708396,61,60,60,12,1974,100,-86,60,120,60,144,1,3682,708540
fd00::20d:d:d:d,18,0,1,8,718508,62,61,60,12,5554,100,-86,62,122,60,4662,1,2987,723170
fd00::20d:d:d:d,18,0,1,7,728623,63,62,60,12,3604,100,-86,63,124,60,6027,1,4917,734650
fd00::20d:d:d:d,18,0,2,7,738734,64,63,60,12,1304,100,-86,64,126,60,6276,1,3347,745010
fd00::20d:d:d:d,18,0,1,7,748849,65,64,60,12,2224,100,-86,65,128,60,3161,1,4472,752010
fd00::20d:d:d:d,18,0,1,7,769073,67,66,60,12,3294,100,-86,67,131,60,2887,1,4377,771960
fd00::20d:d:d:d,18,0,1,8,779190,68,67,60,12,1204,100,-86,67,133,60,400,1,2597,779590
fd00::20d:d:d:d,18,0,1,8,789301,69,68,60,12,9124,100,-86,69,135,60,999,1,4737,790300
fd00::20d:d:d:d,18,0,1,8,799412,70,68,60,12,9124,100,-86,70,136,60,5168,1,4737,804580
fd00::20d:d:d:d,18,0,1,7,809525,71,69,60,12,10115,100,-86,70,138,60,95,1,7367,809620
fd00::20d:d:d:d,18,0,1,7,819640,72,71,60,12,8034,100,-86,72,141,60,5100,1,7027,824740
fd00::20d:d:d:d,18,0,1,7,829753,73,72,60,12,3144,100,-86,72,143,60,97,1,3917,829850
fd00::20d:d:d:d,18,0,1,8,839864,74,73,60,12,5884,100,-86,74,145,60,8116,1,3047,847980
fd00::20d:d:d:d,18,0,1,8,849978,75,74,60,12,4984,100,-86,75,147,60,802,1,4172,850780
fd00::20d:d:d:d,18,0,1,7,860090,76,75,60,12,3456,100,-86,76,149,60,6160,1,3828,866250
fd00::20d:d:d:d,18,0,1,7,870203,77,76,60,12,2344,100,-86,77,151,60,807,1,3167,871010
fd00::20d:d:d:d,18,0,1,8,880319,78,77,60,12,3334,100,-86,78,153,60,3851,1,2822,884170
fd00::20d:d:d:d,72,0,5,30,920770,79,81,60,12,9604,100,-86,82,158,60,7640,1,5222,928410
fd00::20d:d:d:d,54,0,4,22,951108,80,83,60,12,11865,100,-86,85,161,60,6772,1,9222,957880
fd00::20d:d:d:d,18,0,0,8,961222,81,84,60,12,14464,100,-86,86,163,60,2818,1,9087,964040
fd00::20d:d:d:d,891,0,6,6486,1466874,83,104,60,12,1404,100,-86,136,167,60,116,1,807,1466990
fd00::20d:d:d:d,18,0,1,7,1487096,85,106,60,12,934,100,-86,138,169,60,124,1,2462,1487220
fd00::20d:d:d:d,18,0,1,7,1497210,86,107,60,12,665,100,-86,139,171,60,230,1,2432,1497440
fd00::20d:d:d:d,18,0,1,7,1507324,87,108,60,12,1234,100,-86,140,173,60,336,1,2577,1507660
fd00::20d:d:d:d,18,0,0,7,1517436,88,109,60,12,1874,100,-86,141,175,60,94,1,2792,1517530
fd00::20d:d:d:d,18,0,0,8,1527549,89,110,60,12,904,100,-86,142,177,60,201,1,1782,1527750
fd00::20d:d:d:d,18,0,0,7,1537663,90,111,60,12,3155,100,-86,143,179,60,97,1,2347,1537760
fd00::20d:d:d:d,18,0,0,8,1547776,91,112,60,12,2254,100,-86,144,181,60,134,1,2107,1547910
fd00::20d:d:d:d,18,0,0,7,1557891,92,113,60,12,2754,100,-86,145,183,60,99,1,2742,1557990
fd00::20d:d:d:d,18,0,0,8,1568002,93,114,60,12,1434,100,-86,146,185,60,138,1,2957,1568140
fd00::20d:d:d:d,18,0,0,8,1578115,94,115,60,12,1094,100,-86,147,187,60,105,1,2157,1578220
fd00::20d:d:d:d,18,0,0,8,1588231,95,116,60,12,1034,100,-86,148,189,60,139,1,1567,1588370
fd00::20d:d:d:d,18,0,0,7,1598343,96,117,60,12,1604,100,-86,149,191,60,107,1,1642,1598450
fd00::20d:d:d:d,18,0,0,8,1608454,97,118,60,12,1264,100,-86,151,193,60,4696,1,2207,1613150
fd00::20d:d:d:d,18,0,0,8,1618567,98,119,60,12,2394,100,-86,151,195,60,113,1,1757,1618680
fd00::20d:d:d:d,18,0,0,7,1628680,99,120,60,12,1984,100,-86,152,197,60,80,1,2602,1628760
fd00::20d:d:d:d,18,0,0,8,1638793,100,121,60,12,1296,100,-86,153,199,60,117,1,3448,1638910
fd00::20d:d:d:d,18,0,0,8,1648906,101,122,60,12,604,100,-86,155,201,60,5614,1,2962,1654520
fd00::20d:d:d:d,18,0,0,8,1659019,102,123,60,12,2224,100,-86,155,203,60,121,1,2302,1659140
fd00::20d:d:d:d,18,0,0,8,1669134,103,124,60,12,1604,100,-86,156,205,60,86,1,2552,1669220
fd00::20d:d:d:d,18,0,0,8,1679247,104,125,60,12,2594,100,-86,157,207,60,123,1,2207,1679370
fd00::20d:d:d:d,18,0,0,8,1689360,105,126,60,12,1834,100,-86,158,209,60,90,1,3437,1689450
fd00::20d:d:d:d,18,0,0,8,1699473,106,127,60,12,4084,100,-86,159,211,60,127,1,2217,1699600
fd00::20d:d:d:d,18,0,0,7,1709586,107,128,60,12,1224,100,-86,160,213,60,94,1,1872,1709680
fd00::20d:d:d:d,18,0,0,8,1719699,108,129,60,12,1304,100,-86,161,215,60,131,1,3767,1719830
fd00::20d:d:d:d,18,0,0,7,1729812,109,130,60,12,2224,100,-86,162,217,60,168,1,2652,1729980
fd00::20d:d:d:d,18,0,0,8,1739925,110,131,60,12,3707,100,-86,164,219,60,5875,1,2448,1745800
fd00::20d:d:d:d,18,0,0,7,1750038,111,132,60,12,1613,100,-86,165,221,60,3462,1,3011,1753500
fd00::20d:d:d:d,18,0,0,8,1760151,112,133,60,12,1134,100,-86,166,223,60,3919,1,2142,1764070
fd00::20d:d:d:d,18,0,0,7,1770264,113,134,60,12,3034,100,-86,167,225,60,4726,1,2077,1774990
fd00::20d:d:d:d,18,0,0,7,1780377,114,135,60,12,2834,100,-86,168,227,60,4763,1,2537,1785140
fd00::20d:d:d:d,18,0,0,8,1790490,115,136,60,12,1024,100,-86,169,229,60,1650,1,2647,1792140
fd00::20d:d:d:d,18,0,0,8,1800603,116,137,60,12,2854,100,-86,170,231,60,4207,1,2197,1804810
fd00::20d:d:d:d,18,0,0,7,1810716,117,138,60,12,2304,100,-86,171,233,60,3754,1,2587,1814470
fd00::20d:d:d:d,18,0,0,7,1820826,118,139,60,12,2104,100,-86,172,235,60,2464,1,2277,1823290
fd00::20d:d:d:d,18,0,0,8,1830940,119,140,60,12,1414,100,-86,173,237,60,4250,1,3717,1835190
fd00::20d:d:d:d,18,0,0,7,1841055,120,141,60,12,2684,100,-86,174,239,60,4495,1,2637,1845550
fd00::20d:d:d:d,18,0,0,7,1851166,121,143,60,12,954,100,-86,175,242,60,7054,1,2822,1858220
fd00::20e:e:e:e,135,0,2,915,75394,1,0,60,0,0,0,0,0,1,60,136,1,0,75530
fd00::20e:e:e:e,19,0,0,8,86157,2,1,60,12,1004,100,-83,1,3,60,83,1,642,86240
fd00::20e:e:e:e,19,0,0,9,96920,3,2,60,12,1154,100,-83,2,5,60,100,1,787,97020
fd00::20e:e:e:e,19,0,0,9,107685,4,3,60,12,884,100,-83,3,7,60,115,1,1982,107800
fd00::20e:e:e:e,19,0,0,9,118446,5,4,60,12,7684,100,-77,4,9,60,134,1,3912,118580
fd00::20e:e:e:e,19,0,0,8,150735,8,5,60,12,694,100,-71,8,11,60,3125,1,2972,153860
fd00::20e:e:e:e,19,0,0,8,161498,9,6,60,12,5274,100,-34,9,13,60,1392,1,3512,162890
fd00::20e:e:e:e,19,0,1,8,183023,11,7,60,12,1644,100,-89,11,15,60,1357,3,1627,184380
fd00::20e:e:e:e,19,0,0,9,193786,12,7,60,12,1644,100,-89,12,16,60,1374,3,1627,195160
fd00::20e:e:e:e,19,0,0,9,204550,13,9,60,12,3366,100,-38,14,19,60,13220,3,8788,217770
fd00::20e:e:e:e,19,0,0,9,215313,14,10,60,12,997,100,-38,15,21,60,12327,3,8688,227640
fd00::20e:e:e:e,348,0,1,1441,430575,17,23,60,12,995,100,-38,36,24,60,3355,2,2212,433930
fd00::20e:e:e:e,19,0,0,8,452099,19,24,60,12,1354,100,-67,38,26,60,941,1,2077,453040
fd00::20e:e:e:e,19,0,1,8,462861,20,24,60,12,1354,100,-67,39,27,60,3059,1,2077,465920
fd00::20e:e:e:e,58,0,2,26,505914,22,27,60,12,2615,100,-83,44,31,60,7746,1,4422,513660
fd00::20e:e:e:e,19,0,0,9,516677,23,28,60,12,454,100,-83,44,33,60,2303,1,3762,518980
fd00::20e:e:e:e,19,0,0,9,527440,24,29,60,12,5505,100,-83,46,35,60,5260,1,4922,532700
fd00::20e:e:e:e,19,0,0,8,538205,25,30,60,12,1034,100,-83,46,37,60,95,1,2057,538300
fd00::20e:e:e:e,19,0,0,8,548966,26,31,60,12,2794,100,-92,47,39,60,114,1,1747,549080
fd00::20e:e:e:e,19,0,0,8,764226,29,46,60,12,494,100,-77,69,44,60,594,1,912,764820
fd00::20e:e:e:e,309,0,2,601,1797474,32,121,60,12,964,100,-83,172,48,60,126,1,1987,1797600
fd00::20e:e:e:e,368,0,2,677,2001973,33,135,60,12,1864,100,-83,193,50,60,377,1,1632,2002350
fd00::20e:e:e:e,19,0,0,8,2012734,34,137,60,12,2094,100,-83,194,53,60,326,1,1222,2013060
fd00::20e:e:e:e,19,0,0,8,2023497,35,138,60,12,1334,100,-83,195,55,60,273,1,1612,2023770
fd00::20e:e:e:e,19,0,0,8,2034260,36,139,60,12,2394,100,-83,196,57,60,3580,1,3892,2037840
fd00::20e:e:e:e,19,0,0,8,2045022,37,140,60,12,1144,100,-92,197,59,60,4298,1,4527,2049320
fd00::20e:e:e:e,348,0,9,488,2249520,39,157,60,12,2534,100,-83,217,60,60,420,1,4527,2249940
fd00::20e:e:e:e,19,0,0,8,2260283,40,158,60,12,4857,100,-92,219,62,60,3097,1,2708,2263380
fd00::20e:e:e:e,503,0,8,1010,2550884,42,184,60,12,534,100,-83,248,65,60,3906,1,2367,2554790
fd00::20e:e:e:e,19,0,0,8,2561649,43,185,60,12,614,100,-83,249,67,60,141,1,517,2561790
fd00::20e:e:e:e,19,0,0,9,2572410,44,186,60,12,834,100,-93,250,68,60,6530,1,517,2578940
fd00::20e:e:e:e,135,0,2,62,2647751,45,192,60,12,624,100,-83,257,69,60,139,1,517,2647890
fd00::20e:e:e:e,19,0,0,9,2658516,46,193,60,12,774,100,-83,258,71,60,84,1,1787,2658600
fd00::20e:e:e:e,19,0,0,8,2669275,47,194,60,12,644,100,-83,260,73,60,3745,1,987,2673020
fd00::20e:e:e:e,19,0,0,8,2680042,48,195,60,12,724,100,-83,261,75,60,4738,1,1587,2684780
fd00::20e:e:e:e,19,0,0,8,2690803,49,197,60,12,674,100,-73,262,78,60,2797,1,1632,2693600
fd00::20e:e:e:e,329,0,2,755,2884539,51,211,60,12,1704,100,-38,281,81,60,1281,3,2742,2885820
fd00::20e:e:e:e,19,0,0,9,2895302,52,212,60,12,1924,100,-52,282,83,60,878,3,1487,2896180
fd00::20e:e:e:e,329,0,1,1230,3099796,55,221,60,12,1704,100,-38,303,85,60,1484,3,2567,3101280
fd00::20e:e:e:e,19,0,0,9,3110560,56,222,60,12,1924,100,-38,304,87,60,1220,3,1627,3111780
fd00::20e:e:e:e,329,0,1,1288,3315059,59,232,60,12,1224,100,-38,324,90,60,1051,3,2047,3316110
fd00::20e:e:e:e,19,0,0,9,3325820,60,233,60,12,1094,100,-61,325,92,60,230,3,1667,3326050
fd00::20e:e:e:e,290,0,3,541,3508790,63,243,60,12,1134,100,-38,343,94,60,520,3,1792,3509310
fd00::20e:e:e:e,19,0,0,9,3519554,64,244,60,12,1564,100,-38,344,96,60,326,3,1307,3519880
fd00::20e:e:e:e,19,0,0,9,3530319,65,245,60,12,874,100,-38,346,98,60,1671,3,962,3531990
fd00::20e:e:e:e,19,0,0,9,3541080,66,246,60,12,4036,100,-52,347,100,60,1480,3,2298,3542560
fd00::20e:e:e:e,19,0,0,8,3562605,68,246,60,12,4036,100,-52,350,101,60,16915,1,2298,3579520
fd00::20e:e:e:e,19,0,1,8,3584131,70,247,60,12,1144,100,-74,352,103,60,12399,3,7362,3596530
fd00::20e:e:e:e,19,0,0,8,3594894,71,248,60,12,1853,100,-47,352,105,60,3176,3,3342,3598070
fd00::20f:f:f:f,322,0,3,2306,178992,1,0,60,0,0,0,0,0,1,60,908,3,0,179900
fd00::20f:f:f:f,18,0,0,8,189517,2,0,60,0,0,0,0,2,2,60,2983,3,0,192500
fd00::20f:f:f:f,18,0,0,8,200040,3,1,60,12,16644,100,-81,4,4,60,16960,3,8462,217000
fd00::20f:f:f:f,18,0,0,9,210565,4,3,60,12,8686,100,-81,5,7,60,17145,3,12848,227710
fd00::20f:f:f:f,18,0,0,9,221090,5,4,60,12,5337,100,-77,6,9,60,17610,3,9178,238700
fd00::210:10:10:10,108,0,0,510,60274,1,0,60,0,0,0,0,0,1,60,976,2,0,61250
fd00::210:10:10:10,18,0,0,8,70309,2,0,60,0,0,0,0,1,2,60,2281,2,0,72590
fd00::210:10:10:10,36,0,0,16,100406,4,1,60,12,1064,100,-86,4,4,60,1234,2,1372,101640
fd00::210:10:10:10,18,0,0,8,110439,5,2,60,12,6974,100,-92,5,6,60,4361,2,3592,114800
fd00::210:10:10:10,18,0,0,8,120474,6,3,60,12,6914,100,-27,6,8,60,1816,2,3562,122290
fd00::210:10:10:10,830,0,20,791,622122,11,24,60,12,844,100,-83,56,17,60,4378,2,2837,626500
fd00::210:10:10:10,126,0,1,58,702386,13,27,60,12,1694,100,-37,64,19,60,5314,2,3647,707700
fd00::210:10:10:10,18,0,0,8,712421,14,27,60,12,1694,100,-37,65,20,60,2419,2,3647,714840
fd00::210:10:10:10,18,0,0,7,742516,17,27,60,12,1694,100,-37,72,21,60,41204,2,3647,783720
fd00::211:11:11:11,275,0,4,129,307012,4,0,60,0,0,0,0,0,1,60,2248,4,0,309260
fd00::211:11:11:11,18,0,0,8,317234,5,0,60,0,0,0,0,2,2,60,7426,5,0,324660
fd00::211:11:11:11,18,0,0,8,337674,7,1,60,12,8934,100,-93,3,3,60,636,4,0,338310
fd00::211:11:11:11,18,0,0,8,358112,9,2,60,12,5396,100,-91,6,5,60,11418,4,3223,369530
fd00::211:11:11:11,18,0,0,8,368332,10,5,60,12,8214,100,-65,7,9,60,9108,4,8692,377440
fd00::211:11:11:11,18,0,0,8,378552,11,6,60,12,6124,100,-93,8,11,60,6938,4,6632,385490
fd00::211:11:11:11,18,0,0,8,388774,12,6,60,12,6124,100,-93,8,12,60,286,4,6632,389060
fd00::211:11:11:11,18,0,0,8,398992,13,8,60,12,4744,100,-93,9,15,60,288,4,3947,399280
fd00::211:11:11:11,18,0,0,8,409214,14,9,60,12,4334,100,-93,10,17,60,356,4,3707,409570
fd00::211:11:11:11,18,0,0,8,419432,15,10,60,12,5954,100,-93,11,19,60,288,4,3747,419720
fd00::211:11:11:11,18,0,0,8,429654,16,11,60,12,3654,100,-93,13,21,60,5746,4,3192,435400
fd00::211:11:11:11,18,0,0,8,439872,17,12,60,12,4644,100,-75,14,23,60,6728,4,3582,446600
fd00::211:11:11:11,18,0,0,8,450094,18,13,60,12,4374,100,-40,15,25,60,1756,4,3832,451850
fd00::211:11:11:11,18,0,0,8,470532,20,13,60,12,4374,100,-40,18,26,60,15758,4,3832,486290
fd00::211:11:11:11,18,0,0,8,480752,21,15,60,12,8115,100,-66,19,28,60,13098,4,13187,493850
fd00::211:11:11:11,18,0,0,8,490974,22,16,60,12,5535,100,-93,19,30,60,4696,4,7807,495670
fd00::211:11:11:11,18,0,0,8,501192,23,17,60,12,8834,100,-93,21,32,60,10718,4,8162,511910
fd00::211:11:11:11,18,0,0,8,511410,24,17,60,12,8834,100,-93,21,33,60,8270,4,8162,519680
fd00::211:11:11:11,18,0,0,8,521632,25,19,60,12,7244,100,-93,22,36,60,1128,4,6002,522760
fd00::211:11:11:11,18,0,0,8,531854,26,20,60,12,6415,100,-93,23,38,60,7006,4,7197,538860
fd00::211:11:11:11,18,0,0,8,542074,27,21,60,12,2924,100,-93,24,40,60,4206,4,4927,546280
fd00::211:11:11:11,18,0,0,8,552292,28,22,60,12,9654,100,-41,25,42,60,4138,4,7802,556430
fd00::211:11:11:11,18,0,0,9,562511,29,23,60,12,6093,100,-67,28,44,60,21779,4,4376,584290
fd00::211:11:11:11,18,0,0,8,572731,30,23,60,12,6093,100,-67,28,45,60,11839,4,4376,584570
fd00::211:11:11:11,18,0,0,8,582951,31,25,60,12,7724,100,-82,28,48,60,4769,4,7362,587720
fd00::211:11:11:11,18,0,0,8,593171,32,26,60,12,5144,100,-66,29,50,60,2809,4,4357,595980
fd00::211:11:11:11,18,0,0,8,603391,33,28,60,12,3344,100,-93,30,53,60,4209,4,3387,607600
fd00::211:11:11:11,18,0,0,8,613611,34,28,60,12,3344,100,-93,31,54,60,1059,4,3387,614670
fd00::211:11:11:11,18,0,0,8,623832,35,29,60,12,5804,100,-93,32,56,60,3438,4,3217,627270
fd00::211:11:11:11,18,0,0,8,634054,36,30,60,12,4694,100,-93,33,58,60,1966,4,4062,636020
fd00::211:11:11:11,18,0,0,8,644274,37,31,60,12,6035,100,-93,34,60,60,1896,4,3542,646170
fd00::211:11:11:11,18,0,0,8,654494,38,32,60,12,8564,100,-73,35,62,60,1616,4,4457,656110
fd00::211:11:11:11,18,0,0,8,664712,39,33,60,12,8644,100,-42,36,63,60,1968,4,4457,666680
fd00::211:11:11:11,18,0,0,8,685152,41,34,60,12,6414,100,-91,38,65,60,1478,4,4887,686630
fd00::211:11:11:11,18,0,0,8,695374,42,35,60,12,5874,100,-76,39,67,60,2106,4,3357,697480
fd00::211:11:11:11,18,0,0,8,705590,43,35,60,12,5874,100,-76,40,68,60,2040,4,3357,707630
fd00::211:11:11:11,18,0,0,8,715812,44,36,60,12,8274,100,-93,41,70,60,778,4,7287,716590
fd00::211:11:11:11,18,0,0,8,726034,45,37,60,12,11574,100,-93,43,72,60,9526,4,9462,735560
fd00::211:11:11:11,18,0,0,8,736252,46,38,60,12,8084,100,-93,43,74,60,2038,4,7892,738290
fd00::211:11:11:11,18,0,0,8,746472,47,39,60,12,10124,100,-93,45,76,60,4138,4,9402,750610
fd00::211:11:11:11,18,0,0,8,756694,48,40,60,12,7404,100,-93,45,78,60,2176,4,7622,758870
fd00::211:11:11:11,18,0,0,8,766914,49,41,60,12,12385,100,-50,47,80,60,4766,4,8712,771680
fd00::211:11:11:11,18,0,0,8,787352,51,42,60,12,8824,100,-59,49,82,60,6168,4,7527,793520
fd00::211:11:11:11,18,0,0,8,797572,52,43,60,12,16614,100,-65,50,84,60,6868,4,12192,804440
fd00::211:11:11:11,18,0,0,8,807794,53,44,60,12,13335,100,-86,50,86,60,1686,4,9572,809480
fd00::211:11:11:11,18,0,0,8,818012,54,45,60,12,14395,100,-93,52,88,60,6378,4,9962,824390
fd00::211:11:11:11,18,0,0,8,828232,55,46,60,12,12584,100,-93,53,90,60,2808,4,9512,831040
fd00::211:11:11:11,18,0,0,8,838454,56,47,60,12,14064,100,-93,53,92,60,776,4,7872,839230
fd00::211:11:11:11,18,0,0,8,848672,57,48,60,12,8964,100,-93,54,94,60,428,4,7877,849100
fd00::211:11:11:11,18,0,0,8,858892,58,50,60,12,5486,100,-93,55,97,60,848,4,4423,859740
fd00::211:11:11:11,18,0,0,8,869112,59,51,60,12,5914,100,-71,56,99,60,288,4,4532,869400
fd00::211:11:11:11,18,0,0,8,879334,60,51,60,12,5914,100,-71,58,100,60,4696,4,4532,884030
fd00::211:11:11:11,18,0,0,8,899772,62,53,60,12,8467,100,-89,61,103,60,14638,4,7943,914410
fd00::211:11:11:11,18,0,0,8,909994,63,53,60,12,8467,100,-89,61,104,60,4836,4,7943,914830
fd00::212:12:12:12,208,0,1,882,115981,1,0,60,0,0,0,0,0,1,60,289,3,0,116270
fd00::212:12:12:12,1367,0,10,3540,896679,4,15,60,12,2937,100,-87,78,6,60,1421,2,3848,898100
fd00::212:12:12:12,18,0,0,9,907228,5,15,60,12,2937,100,-87,80,7,60,7112,2,3848,914340
fd00::212:12:12:12,740,0,4,340,1329229,7,23,60,12,1666,100,-85,121,8,60,141,0,3848,1329370
fd00::212:12:12:12,3323,0,11,9559,3196579,10,90,60,12,3344,100,-86,308,13,60,391,3,2057,3196970
fd00::212:12:12:12,18,0,0,8,3207129,11,91,60,12,2234,100,-86,309,15,60,271,3,1712,3207400
fd00::212:12:12:12,18,0,0,8,3217679,12,92,60,12,2664,100,-58,310,17,60,431,3,1962,3218110
fd00::212:12:12:12,493,0,2,2034,3513079,15,105,60,12,2334,100,-86,340,21,60,571,3,1622,3513650
fd00::212:12:12:12,18,0,0,8,3523629,16,106,60,12,2344,100,-86,341,23,60,241,3,1312,3523870
fd00::212:12:12:12,18,0,0,8,3534181,17,106,60,12,2344,100,-86,342,24,60,609,3,1312,3534790
fd00::212:12:12:12,18,0,0,9,3544729,18,108,60,12,4604,100,-58,343,27,60,1821,3,2547,3546550
fd00::213:13:13:13,314,0,2,2073,175170,1,0,60,0,0,0,0,0,1,60,2000,2,0,177170
fd00::213:13:13:13,19,0,0,8,186098,2,1,60,12,2924,100,-30,1,3,60,2552,2,3737,188650
fd00::213:13:13:13,19,0,0,9,197026,3,2,60,12,2374,100,-30,2,5,60,1984,2,2762,199010
fd00::213:13:13:13,19,0,0,9,207956,4,3,60,12,3436,100,-30,4,7,60,10654,2,6723,218610
fd00::213:13:13:13,19,0,0,9,218882,5,4,60,12,2957,100,-30,5,9,60,9668,2,4978,228550
fd00::213:13:13:13,78,0,1,38,284450,8,9,60,12,8474,100,-30,11,13,60,870,2,6302,285320
fd00::213:13:13:13,19,0,0,9,295378,9,10,60,12,11984,100,-30,12,15,60,3382,2,8477,298760
fd00::213:13:13:13,19,0,0,8,306306,10,12,60,12,4796,100,-30,13,18,60,3164,2,4358,309470
fd00::213:13:13:13,19,0,0,8,317233,11,13,60,12,6904,100,-30,15,20,60,7077,2,7127,324310
fd00::213:13:13:13,19,0,1,8,328164,12,14,60,12,5864,100,-52,15,22,60,206,2,3947,328370
fd00::213:13:13:13,668,0,12,874,710641,14,47,60,12,4074,100,-83,54,26,60,4339,3,3787,714980
fd00::213:13:13:13,19,0,0,9,721570,15,48,60,12,8144,100,-83,55,28,60,8040,3,4702,729610
fd00::213:13:13:13,19,0,0,9,732500,16,49,60,12,6054,100,-83,56,30,60,5720,3,7472,738220
fd00::213:13:13:13,19,0,0,9,743427,17,49,60,12,6054,100,-83,57,31,60,6413,3,7472,749840
fd00::213:13:13:13,1042,0,4,486,1475602,21,63,60,12,3094,100,-30,130,35,60,3078,2,4207,1478680
fd00::213:13:13:13,19,0,0,9,1486530,22,64,60,12,2124,100,-30,131,37,60,200,2,2497,1486730
fd00::213:13:13:13,19,0,0,8,1497457,23,65,60,12,4725,100,-30,132,39,60,193,2,2712,1497650
fd00::213:13:13:13,19,0,1,8,1519316,25,66,60,12,2564,100,-44,135,41,60,7384,1,3662,1526700
fd00::213:13:13:13,19,0,1,8,1530242,26,66,60,12,2564,100,-44,136,42,60,5488,1,3662,1535730
