node,cpu_energy_mj,lpm_energy_mj,radio_tx_energy_mj,radio_rx_energy_mj,node_time,total_sent,total_received,bytes_tx,bytes_rx,r2n_latency,lqi,rssi,server_sent,server_received,server_bytes_rx,n2r_latency,hops,rtt_latency,root_time_now
fd00::209:9:9:9,9171,0,2,86055,5095533,1,0,60,0,0,0,0,0,1,60,4107,2,0,5099640
fd00::209:9:9:9,19,0,0,8,5106103,2,0,60,0,0,0,0,2,2,60,6697,2,0,5112800
fd00::209:9:9:9,18019,0,498,100822,15137985,5,129,60,12,44915,100,-69,1004,5,60,845,2,30558,15138830
fd00::209:9:9:9,19,0,0,9,15159123,7,129,60,12,44915,100,-69,1011,6,60,41447,3,30558,15200570
fd00::20a:a:a:a,35396,0,399,299245,19665073,1,0,60,0,0,0,0,0,1,60,867,2,0,19665940
fd00::20a:a:a:a,18,0,0,8,19675237,2,0,60,0,0,0,0,2,2,60,7853,2,0,19683090
fd00::20c:c:c:c,21254,0,11,115476,11808169,1,0,60,0,0,0,0,0,1,60,1111,1,0,11809280
fd00::20c:c:c:c,19,0,0,8,11819000,2,1,60,12,5454,100,-77,2,3,60,9670,1,5492,11828670
fd00::20c:c:c:c,19,0,0,8,11829833,3,2,60,12,4344,100,-77,3,5,60,7797,1,4657,11837630
fd00::20c:c:c:c,19,0,0,8,11851498,5,2,60,12,4344,100,-77,8,6,60,33872,4,4657,11885370
fd00::20c:c:c:c,6844,0,9,49844,18957947,15,104,60,12,2484,100,-77,715,13,60,223,1,23143,18958170
fd00::20c:c:c:c,19,0,0,8,18968780,16,105,60,12,5184,100,-77,717,15,60,5770,1,3677,18974550
fd00::20c:c:c:c,19,0,0,8,18979613,17,106,60,12,5405,100,-77,717,17,60,117,1,3367,18979730
fd00::20c:c:c:c,19,0,0,8,18990446,18,107,60,12,7934,100,-77,719,19,60,1814,1,4177,18992260
fd00::20c:c:c:c,19,0,0,8,19001279,19,108,60,12,6966,100,-77,720,21,60,2951,1,3553,19004230
fd00::20c:c:c:c,19,0,0,8,19012112,20,109,60,12,9004,100,-77,721,23,60,3248,1,4572,19015360
fd00::20c:c:c:c,19,0,0,8,19022944,21,109,60,12,9004,100,-77,722,24,60,5996,1,4572,19028940
fd00::20c:c:c:c,19,0,0,8,19033776,22,110,60,12,14404,100,-77,723,26,60,3634,1,13047,19037410
fd00::20c:c:c:c,19,0,1,8,19055443,24,111,60,12,14975,100,-77,726,28,60,11437,1,8817,19066880
fd00::20c:c:c:c,857,0,11,5683,19553762,27,132,60,12,8424,100,-77,775,32,60,1298,1,4282,19555060
fd00::20c:c:c:c,19,0,0,8,19564597,28,133,60,12,4444,100,-77,776,34,60,193,1,2572,19564790
fd00::20c:c:c:c,19,0,0,8,19575429,29,134,60,12,8164,100,-77,777,36,60,141,1,4152,19575570
fd00::20c:c:c:c,19,0,0,8,19586263,30,135,60,12,5794,100,-77,778,38,60,87,1,3002,19586350
fd00::20c:c:c:c,19,0,0,9,19597094,31,135,60,12,5794,100,-77,780,39,60,4446,1,3002,19601540
fd00::20c:c:c:c,19,0,1,8,19607929,32,135,60,12,5794,100,-77,781,40,60,8801,1,3002,19616730
fd00::20c:c:c:c,19,0,1,8,19618762,33,135,60,12,5794,100,-77,782,41,60,4618,1,3002,19623380
fd00::20c:c:c:c,19,0,0,9,19629592,34,135,60,12,5794,100,-77,783,42,60,5408,1,3002,19635000
fd00::20c:c:c:c,19,0,1,8,19640425,35,136,60,12,29904,100,-77,784,44,60,1785,1,19327,19642210
fd00::20c:c:c:c,19,0,0,8,19651259,36,137,60,12,32715,100,-77,785,46,60,5301,1,16567,19656560
fd00::20c:c:c:c,19,0,0,8,19662092,37,137,60,12,32715,100,-77,786,47,60,908,1,16567,19663000
fd00::20c:c:c:c,19,0,0,8,19672924,38,137,60,12,32715,100,-77,788,48,60,10026,1,16567,19682950
fd00::20c:c:c:c,19,0,1,7,19683758,39,138,60,12,56524,100,-77,788,49,60,2202,1,16567,19685960
fd00::20d:d:d:d,3986,0,2,40148,2215234,1,0,60,0,0,0,0,0,1,60,756,2,0,2215990
fd00::20d:d:d:d,18,0,0,8,2225345,2,0,60,0,0,0,0,1,2,60,305,2,0,2225650
fd00::20d:d:d:d,18,0,0,8,2235459,3,0,60,0,0,0,0,3,3,60,8881,2,0,2244340
fd00::20d:d:d:d,9538,0,12,37828,7544785,5,14,60,12,8383,100,-61,534,4,60,15145,3,0,7559930
fd00::20d:d:d:d,22717,0,5,230841,20175922,7,27,60,12,11254,100,-61,1796,6,60,1158,2,10077,20177080
fd00::20d:d:d:d,18,0,0,8,20186035,8,28,60,12,14164,100,-61,1797,8,60,2105,2,7257,20188140
fd00::20d:d:d:d,18,0,0,8,20196148,9,28,60,12,14164,100,-61,1798,9,60,462,2,7257,20196610
fd00::20d:d:d:d,18,0,0,8,20206261,10,29,60,12,24394,100,-61,1799,11,60,149,2,12792,20206410
fd00::20d:d:d:d,18,0,0,8,20216376,11,29,60,12,24394,100,-61,1800,12,60,2494,2,12792,20218870
fd00::20d:d:d:d,18,0,0,8,20226487,12,30,60,12,29094,100,-61,1802,14,60,8133,2,14757,20234620
fd00::20d:d:d:d,18,0,0,8,20246712,14,30,60,12,29094,100,-61,1805,15,60,22838,2,14757,20269550
fd00::20e:e:e:e,17242,0,14,113540,9579123,1,0,60,0,0,0,0,0,1,60,727,2,0,9579850
fd00::20e:e:e:e,19,0,0,9,9589886,2,0,60,0,0,0,0,2,2,60,2844,2,0,9592730
fd00::20e:e:e:e,19,0,0,8,9600651,3,0,60,0,0,0,0,5,3,60,22109,2,0,9622760
fd00::20e:e:e:e,19,0,0,8,9611411,4,0,60,0,0,0,0,6,4,60,24439,4,0,9635850
fd00::20e:e:e:e,5521,0,5,44697,12689630,6,25,60,12,3594,100,-73,311,7,60,180,1,4317,12689810
fd00::20e:e:e:e,19,0,0,8,12700393,7,26,60,12,5424,100,-73,313,9,60,6287,1,2817,12706680
fd00::20e:e:e:e,19,0,0,8,12711156,8,27,60,12,1653,100,-73,314,11,60,5184,1,3486,12716340
fd00::20e:e:e:e,4300,0,9,39049,15111305,10,71,60,12,2445,100,-73,554,13,60,1695,1,16062,15113000
fd00::20e:e:e:e,19,0,0,8,15122070,11,71,60,12,2445,100,-73,555,14,60,1080,1,16062,15123150
fd00::20e:e:e:e,19,0,0,8,15132829,12,71,60,12,2445,100,-73,556,15,60,401,1,16062,15133230
fd00::20e:e:e:e,19,0,0,8,15143594,13,71,60,12,2445,100,-73,558,16,60,14416,1,16062,15158010
fd00::20e:e:e:e,19,0,1,7,15154356,14,71,60,12,2445,100,-73,562,17,60,39564,3,16062,15193920
fd00::20e:e:e:e,6955,0,10,54788,19029036,16,117,60,12,13073,100,-73,946,19,60,8234,2,13572,19037270
fd00::20e:e:e:e,19,0,0,8,19050562,18,118,60,12,14765,100,-62,949,21,60,15828,2,8852,19066390
fd00::20e:e:e:e,348,0,7,1244,19265823,21,134,60,12,2055,100,-73,969,24,60,2797,1,1657,19268620
fd00::20e:e:e:e,1588,0,11,9133,20159152,23,164,60,12,7634,100,-73,1059,28,60,9598,1,34643,20168750
fd00::20f:f:f:f,75,0,0,386,42167,1,0,60,0,0,0,0,0,1,60,1513,1,0,43680
fd00::20f:f:f:f,18,0,0,8,52690,2,1,60,12,2304,100,-81,1,3,60,5690,1,3672,58380
fd00::20f:f:f:f,18,0,0,8,63215,3,1,60,12,2304,100,-81,3,4,60,8255,1,3672,71470
fd00::20f:f:f:f,1515,0,8,12433,926265,6,16,60,12,12544,100,-70,89,6,60,11385,2,4797,937650
fd00::20f:f:f:f,2273,0,4,19329,2199790,8,40,60,12,17614,100,-70,216,8,60,7380,1,9147,2207170
fd00::20f:f:f:f,18,0,1,7,2210315,9,41,60,12,4456,100,-81,217,10,60,4625,1,3663,2214940
fd00::20f:f:f:f,18,0,1,8,2220840,10,41,60,12,4456,100,-81,218,11,60,1590,1,3663,2222430
fd00::20f:f:f:f,18,0,1,8,2231364,11,41,60,12,4456,100,-81,220,12,60,11646,1,3663,2243010
fd00::20f:f:f:f,18,0,1,7,2241890,12,43,60,12,11624,100,-81,220,15,60,6230,1,8857,2248120
fd00::20f:f:f:f,644,0,1,3749,16482215,14,162,60,12,3224,100,-74,1644,18,60,7125,2,3022,16489340
fd00::20f:f:f:f,18,0,0,8,16492738,15,162,60,12,3224,100,-74,1645,19,60,2552,2,3022,16495290
fd00::210:10:10:10,8445,0,5,57177,5018476,5,0,60,0,0,0,0,0,1,60,5144,1,0,5023620
fd00::210:10:10:10,18,0,0,8,5028675,6,0,60,0,0,0,0,0,2,60,545,1,0,5029220
fd00::210:10:10:10,18,0,0,8,5038874,7,0,60,0,0,0,0,1,3,60,146,1,0,5039020
fd00::210:10:10:10,18,0,0,8,5049075,8,0,60,0,0,0,0,3,4,60,5135,1,0,5054210
fd00::210:10:10:10,5599,0,451,16259,8180475,11,130,60,12,6883,100,-88,316,7,60,1055,1,20422,8181530
fd00::210:10:10:10,18,0,0,7,8190678,12,131,60,12,15813,100,-88,317,8,60,4082,1,20422,8194760
fd00::210:10:10:10,18,0,0,8,9557476,14,148,60,12,7464,100,-88,453,12,60,2494,1,4817,9559970
fd00::210:10:10:10,18,0,1,7,9567675,15,148,60,12,7464,100,-88,454,13,60,625,1,4817,9568300
fd00::210:10:10:10,18,0,1,7,9577878,16,149,60,12,9927,100,-88,455,15,60,1692,1,6888,9579570
fd00::210:10:10:10,18,0,0,8,9588078,17,149,60,12,9927,100,-88,456,16,60,1082,1,6888,9589160
fd00::210:10:10:10,18,0,1,7,9598276,18,149,60,12,9927,100,-88,458,17,60,9924,1,6888,9608200
fd00::210:10:10:10,18,0,1,7,9608476,19,150,60,12,28763,100,-88,460,18,60,15334,1,6888,9623810
fd00::210:10:10:10,18,0,2,6,9618674,20,150,60,12,28763,100,-88,460,19,60,6326,1,6888,9625000
fd00::210:10:10:10,18,0,1,7,9628876,21,151,60,12,47466,100,-88,462,21,60,13834,1,30523,9642710
fd00::210:10:10:10,2515,0,3,6227,15126678,23,241,60,12,64794,100,-88,1010,33,60,252,1,1617,15126930
fd00::210:10:10:10,18,0,0,8,15136876,24,241,60,12,64794,100,-88,1011,34,60,834,1,1617,15137710
fd00::210:10:10:10,18,0,0,7,15157278,26,241,60,12,64794,100,-88,1017,35,60,42242,2,1617,15199520
fd00::210:10:10:10,477,0,13,710,15442876,29,256,60,12,4454,100,-88,1043,37,60,15924,1,2577,15458800
fd00::210:10:10:10,459,0,8,1636,15708078,31,280,60,12,2764,100,-88,1068,41,60,972,1,2747,15709050
fd00::210:10:10:10,18,0,0,7,15718274,32,280,60,12,2764,100,-88,1069,42,60,576,1,2747,15718850
fd00::210:10:10:10,18,0,1,7,15728475,33,280,60,12,2764,100,-88,1071,43,60,2555,1,2747,15731030
fd00::211:11:11:11,73,0,0,350,41292,1,0,60,0,0,0,0,0,1,60,1478,1,0,42770
fd00::211:11:11:11,18,0,0,8,51510,2,0,60,0,0,0,0,1,2,60,6170,1,0,57680
fd00::211:11:11:11,18,0,0,8,61732,3,1,60,12,2934,100,-70,2,4,60,2178,1,4127,63910
fd00::211:11:11:11,625,0,5,3530,889554,10,37,60,12,2573,100,-90,84,11,60,76,1,2162,889630
fd00::211:11:11:11,18,0,0,8,899772,11,38,60,12,4897,100,-62,85,13,60,78,1,2833,899850
fd00::211:11:11:11,18,0,0,8,909992,12,39,60,12,2734,100,-62,87,15,60,2388,1,3887,912380
fd00::211:11:11:11,18,0,1,7,920212,13,40,60,12,9534,100,-62,88,17,60,9318,1,9737,929530
fd00::211:11:11:11,18,0,1,7,930432,14,41,60,12,1914,100,-62,90,19,60,12678,1,4982,943110
fd00::211:11:11:11,18,0,1,7,940651,15,42,60,12,2275,100,-62,90,21,60,7919,1,9082,948570
fd00::211:11:11:11,18,0,0,8,961091,17,44,60,12,7684,100,-62,93,23,60,18349,1,13957,979440
fd00::211:11:11:11,18,0,1,8,950871,16,43,60,12,2003,100,-62,95,24,60,40189,2,13957,991060
fd00::211:11:11:11,717,0,3,4760,2218152,21,76,60,12,4114,100,-70,218,26,60,3438,1,2862,2221590
fd00::211:11:11:11,18,0,0,8,2248810,24,78,60,12,3154,100,-70,220,28,60,780,1,10322,2249590
fd00::211:11:11:11,18,0,0,8,2259032,25,79,60,12,13663,100,-70,224,29,60,30948,1,10322,2289980
fd00::211:11:11:11,9326,0,345,36121,7450792,27,236,60,12,7805,100,-90,742,33,60,11978,2,11252,7462770
fd00::211:11:11:11,18,0,0,8,7461012,28,236,60,12,7805,100,-90,742,34,60,5678,2,11252,7466690
fd00::211:11:11:11,18,0,0,8,7471231,29,237,60,12,18033,100,-90,743,36,60,3929,1,11046,7475160
fd00::211:11:11:11,91,0,1,41,7522334,30,242,60,12,8004,100,-90,748,39,60,6236,2,4667,7528570
fd00::211:11:11:11,18,0,0,8,7532551,31,242,60,12,8004,100,-90,749,40,60,1969,2,4667,7534520
fd00::211:11:11:11,9308,0,23,18823,12724312,33,274,60,12,4617,100,-90,1270,43,60,25278,1,7866,12749590
fd00::211:11:11:11,662,0,1,2674,14369732,36,345,60,12,128576,100,-90,1432,46,60,78,1,1157,14369810
fd00::211:11:11:11,18,0,0,8,14379952,37,346,60,12,7944,100,-70,1434,48,60,2038,1,4427,14381990
fd00::211:11:11:11,1287,0,6,4964,15115792,40,395,60,12,4904,100,-90,1507,54,60,78,1,2522,15115870
fd00::211:11:11:11,18,0,0,8,15126012,41,396,60,12,2044,100,-90,1509,56,60,4348,1,1722,15130360
fd00::211:11:11:11,18,0,0,8,15146454,43,398,60,12,4164,100,-90,1513,58,60,30456,1,13977,15176910
fd00::211:11:11:11,18,0,0,7,15156672,44,398,60,12,4164,100,-90,1513,59,60,20308,1,13977,15176980
fd00::211:11:11:11,1637,0,2,10072,16444392,46,429,60,12,1824,100,-62,1640,64,60,1198,1,1087,16445590
fd00::211:11:11:11,18,0,0,8,16454610,47,429,60,12,1824,100,-62,1641,65,60,1410,1,1087,16456020
fd00::211:11:11:11,18,0,0,8,16464832,48,430,60,12,4914,100,-62,1642,67,60,218,1,4312,16465050
fd00::211:11:11:11,18,0,0,8,16475052,49,431,60,12,11505,100,-62,1643,69,60,358,1,6907,16475410
fd00::211:11:11:11,18,0,0,8,16485270,50,432,60,12,2354,100,-62,1644,71,60,4420,1,2052,16489690
fd00::211:11:11:11,18,0,0,8,16495491,51,432,60,12,2354,100,-62,1646,72,60,7079,1,2052,16502570
fd00::211:11:11:11,1949,0,10,11184,17619692,56,453,60,12,23654,100,-90,1758,73,60,3228,1,2052,17622920
fd00::211:11:11:11,18,0,0,7,17629912,57,454,60,12,3914,100,-70,1759,75,60,2108,1,2202,17632020
fd00::211:11:11:11,2943,0,11,6780,19275334,59,496,60,12,3124,100,-70,1924,78,60,7356,2,4202,19282690
fd00::211:11:11:11,533,0,3,611,19581932,61,524,60,12,5024,100,-90,1954,82,60,1198,1,2582,19583130
fd00::211:11:11:11,18,0,0,8,19592152,62,525,60,12,7554,100,-90,1955,84,60,2598,1,3917,19594750
fd00::211:11:11:11,18,0,1,7,19602372,63,525,60,12,7554,100,-90,1957,85,60,9318,1,3917,19611690
fd00::211:11:11:11,956,0,20,1915,20133812,64,568,60,12,7535,100,-90,2009,93,60,1828,1,4642,20135640
fd00::211:11:11:11,18,0,0,7,20144032,65,569,60,12,9506,100,-90,2010,95,60,778,1,6118,20144810
fd00::211:11:11:11,18,0,0,8,20154252,66,570,60,12,6154,100,-90,2011,97,60,78,1,3497,20154330
fd00::211:11:11:11,18,0,0,8,20164472,67,572,60,12,3094,100,-90,2012,99,60,4768,1,4557,20169240
fd00::211:11:11:11,18,0,0,8,20174694,68,572,60,12,3094,100,-90,2013,100,60,566,1,4557,20175260
fd00::211:11:11:11,18,0,1,7,20184912,69,573,60,12,11994,100,-90,2014,102,60,3088,1,6312,20188000
fd00::211:11:11:11,18,0,1,7,20195131,70,573,60,12,11994,100,-90,2015,103,60,569,1,6312,20195700
fd00::211:11:11:11,18,0,0,8,20205352,71,574,60,12,21944,100,-90,2016,105,60,428,1,11182,20205780
fd00::211:11:11:11,18,0,0,8,20215572,72,575,60,12,22864,100,-90,2017,107,60,2528,1,12342,20218100
fd00::211:11:11:11,18,0,0,8,20225792,73,575,60,12,22864,100,-90,2019,108,60,8268,1,12342,20234060
fd00::211:11:11:11,18,0,1,7,20236010,74,575,60,12,22864,100,-90,2020,109,60,10020,1,12342,20246030
fd00::211:11:11:11,18,0,1,7,20246230,75,575,60,12,22864,100,-90,2020,110,60,2390,1,12342,20248620
fd00::211:11:11:11,18,0,1,7,20266672,77,577,60,12,42214,100,-90,2022,113,60,778,1,22332,20267450
fd00::211:11:11:11,18,0,0,8,20256452,76,576,60,12,42344,100,-90,2023,114,60,14918,1,22332,20271370
fd00::211:11:11:11,18,0,1,7,20276890,78,578,60,12,44952,100,-90,2024,116,60,8970,1,27412,20285860
fd00::211:11:11:11,18,0,1,7,20287111,79,580,60,12,43283,100,-90,2026,119,60,17019,1,28327,20304130
fd00::212:12:12:12,37,0,0,21,21031,1,0,60,0,0,0,0,0,1,60,39,0,0,21070
fd00::212:12:12:12,18,0,0,8,31579,2,1,60,12,1024,100,-73,1,3,60,1251,0,1212,32830
fd00::212:12:12:12,18,0,0,8,42129,3,2,60,12,754,100,-73,2,5,60,291,0,1182,42420
fd00::212:12:12:12,18,0,0,8,52679,4,2,60,12,754,100,-73,3,6,60,31,0,1182,52710
fd00::212:12:12:12,18,0,0,8,63229,5,4,60,12,1264,100,-73,4,9,60,5791,0,912,69020
fd00::212:12:12:12,303,0,4,309,274231,10,23,60,12,776,100,-73,25,13,60,3669,0,802,277900
fd00::212:12:12:12,37,0,1,16,295329,11,24,60,12,1064,100,-73,29,15,60,17991,1,3227,313320
fd00::212:12:12:12,303,0,3,358,485229,14,43,60,12,144,100,-73,46,18,60,11,0,247,485240
fd00::212:12:12:12,18,0,0,8,495779,15,44,60,12,436,100,-73,47,20,60,311,0,358,496090
fd00::212:12:12:12,18,0,0,7,506329,16,45,60,12,5344,100,-73,48,22,60,3621,0,4947,509950
fd00::212:12:12:12,18,0,0,8,516879,17,46,60,12,736,100,-73,50,24,60,8051,0,3973,524930
fd00::212:12:12:12,379,0,15,755,748978,20,68,60,12,5305,100,-73,73,29,60,2332,0,5417,751310
fd00::212:12:12:12,284,0,6,176,907229,21,83,60,12,3224,100,-68,88,32,60,461,0,3047,907690
fd00::212:12:12:12,18,0,0,8,917779,22,84,60,12,4424,100,-68,89,34,60,761,0,3682,918540
fd00::212:12:12:12,18,0,0,8,928329,23,85,60,12,1354,100,-73,90,36,60,81,0,782,928410
fd00::212:12:12:12,18,0,0,8,938879,24,86,60,12,1155,100,-73,91,38,60,241,0,997,939120
fd00::212:12:12:12,18,0,0,8,949429,25,87,60,12,464,100,-73,94,40,60,11531,1,617,960960
fd00::212:12:12:12,151,0,4,68,1044379,27,97,60,12,3364,100,-62,102,42,60,161,1,1752,1044540
fd00::212:12:12:12,18,0,0,8,1054929,28,97,60,12,3364,100,-62,103,43,60,111,1,1752,1055040
fd00::212:12:12:12,18,0,0,8,1065479,29,98,60,12,5194,100,-62,104,45,60,481,1,2667,1065960
fd00::212:12:12:12,18,0,0,8,1076029,30,100,60,12,4935,100,-62,105,48,60,781,1,2537,1076810
fd00::212:12:12:12,18,0,0,8,1086579,31,101,60,12,814,100,-62,106,50,60,1571,1,1072,1088150
fd00::212:12:12:12,18,0,0,8,1097129,32,102,60,12,3974,100,-62,108,52,60,3901,1,4962,1101030
fd00::212:12:12:12,18,0,0,8,1107679,33,103,60,12,7275,100,-62,108,54,60,1191,1,4407,1108870
fd00::212:12:12:12,18,0,0,8,1118229,34,104,60,12,4344,100,-62,109,56,60,91,1,2242,1118320
fd00::212:12:12:12,18,0,0,8,1128779,35,105,60,12,1064,100,-62,111,58,60,7251,1,7742,1136030
fd00::212:12:12:12,436,0,15,1023,1371429,36,129,60,12,404,100,-73,135,61,60,4981,0,2897,1376410
fd00::212:12:12:12,18,0,1,7,1381979,37,130,60,12,136,100,-73,136,63,60,3601,0,2623,1385580
fd00::212:12:12:12,18,0,0,8,1392529,38,131,60,12,214,100,-73,137,65,60,51,0,737,1392580
fd00::212:12:12:12,18,0,0,8,1403078,39,132,60,12,504,100,-73,138,67,60,772,0,1722,1403850
fd00::212:12:12:12,18,0,0,7,1413627,40,132,60,12,504,100,-73,139,68,60,233,0,1722,1413860
fd00::212:12:12:12,18,0,1,7,1424178,41,134,60,12,314,100,-73,140,71,60,42,0,892,1424220
fd00::212:12:12:12,18,0,0,7,1434729,42,135,60,12,2144,100,-73,141,73,60,481,0,1982,1435210
fd00::212:12:12:12,18,0,1,7,1445279,43,136,60,12,4534,100,-73,142,75,60,1761,0,3177,1447040
fd00::212:12:12:12,18,0,1,7,1455829,44,137,60,12,1115,100,-73,143,77,60,801,0,732,1456630
fd00::212:12:12:12,702,0,3,1836,2616329,49,229,60,12,245,100,-73,260,86,60,10701,1,3132,2627030
fd00::212:12:12:12,645,0,13,761,2975029,50,262,60,12,674,100,-73,295,88,60,1581,0,442,2976610
fd00::212:12:12:12,18,0,0,8,2985579,51,263,60,12,474,100,-73,297,89,60,8531,0,442,2994110
fd00::212:12:12:12,721,0,2,2466,3386479,52,292,60,12,3744,100,-73,336,92,60,191,0,2117,3386670
fd00::212:12:12:12,892,0,3,2910,3882329,53,330,60,12,1515,100,-73,386,95,60,641,0,1457,3882970
fd00::212:12:12:12,18,0,0,8,3892879,54,331,60,12,1244,100,-73,387,97,60,5491,0,4052,3898370
fd00::212:12:12:12,18,0,0,8,3903429,55,332,60,12,1183,100,-73,389,99,60,14051,0,3397,3917480
fd00::212:12:12:12,18,0,0,8,3913978,56,333,60,12,843,100,-73,389,100,60,3572,1,3397,3917550
fd00::212:12:12:12,721,0,3,1223,4568079,59,380,60,12,1144,100,-73,454,105,60,261,0,1412,4568340
fd00::212:12:12:12,18,0,0,8,4578629,60,381,60,12,524,100,-73,455,107,60,71,0,857,4578700
fd00::212:12:12:12,341,0,1,466,4768529,61,397,60,12,3658,100,-68,474,109,60,361,0,1863,4768890
fd00::212:12:12:12,18,0,0,8,4779079,62,398,60,12,304,100,-73,476,111,60,4231,0,2217,4783310
fd00::212:12:12:12,18,0,0,8,4789629,63,399,60,12,174,100,-73,477,113,60,5021,0,1697,4794650
fd00::212:12:12:12,284,0,1,298,4958431,65,416,60,12,3285,100,-62,493,118,60,649,1,1817,4959080
fd00::212:12:12:12,18,0,0,8,4968979,66,417,60,12,5253,100,-62,494,120,60,321,1,3186,4969300
fd00::212:12:12:12,18,0,0,8,4979529,67,418,60,12,5613,100,-62,496,122,60,2301,0,2912,4981830
fd00::212:12:12:12,18,0,0,8,5000629,69,420,60,12,1153,100,-73,498,125,60,1081,1,4706,5001710
fd00::212:12:12:12,18,0,0,8,5011178,70,421,60,12,884,100,-73,499,127,60,682,1,897,5011860
fd00::212:12:12:12,18,0,0,8,5021729,71,421,60,12,884,100,-73,500,128,60,1961,1,897,5023690
fd00::212:12:12:12,18,0,0,8,5032279,72,422,60,12,17344,100,-62,501,130,60,161,1,10527,5032440
fd00::212:12:12:12,18,0,0,8,5042829,73,423,60,12,17075,100,-62,502,132,60,5011,1,8747,5047840
fd00::212:12:12:12,1500,0,3,3494,6857429,75,537,60,12,1056,100,-68,683,135,60,51,0,667,6857480
fd00::212:12:12:12,18,0,0,8,6867979,76,538,60,12,575,100,-73,684,137,60,71,0,987,6868050
fd00::212:12:12:12,18,0,0,8,6878529,77,539,60,12,3105,100,-73,685,139,60,301,0,1587,6878830
fd00::212:12:12:12,18,0,0,8,6889078,78,540,60,12,385,100,-73,686,141,60,42,0,1837,6889120
fd00::212:12:12:12,322,0,5,828,7078979,80,554,60,12,2113,100,-73,705,146,60,51,0,4137,7079030
fd00::212:12:12:12,18,0,0,8,7089529,81,555,60,12,934,100,-73,706,148,60,71,0,677,7089600
fd00::212:12:12:12,569,0,4,749,7427131,84,587,60,12,1833,100,-73,740,153,60,79,1,2072,7427210
fd00::212:12:12:12,18,0,1,8,7437678,85,588,60,12,1984,100,-68,742,155,60,3322,1,3092,7441000
fd00::212:12:12:12,18,0,1,7,7448228,86,589,60,12,7105,100,-68,744,157,60,14402,1,11147,7462630
fd00::212:12:12:12,56,0,3,23,7479878,87,592,60,12,8814,100,-68,746,160,60,6412,1,7977,7486290
fd00::212:12:12:12,18,0,0,8,7490429,88,593,60,12,2664,100,-68,747,162,60,6711,1,3187,7497140
fd00::212:12:12:12,18,0,0,8,7500981,89,594,60,12,3235,100,-68,748,164,60,429,1,3647,7501410
fd00::212:12:12:12,18,0,0,8,7511531,90,595,60,12,6044,100,-68,749,166,60,1429,1,3232,7512960
fd00::212:12:12:12,18,0,0,8,7522078,91,595,60,12,6044,100,-68,750,167,60,402,1,3232,7522480
fd00::212:12:12:12,18,0,1,7,7532628,92,596,60,12,12704,100,-68,751,169,60,1262,1,7472,7533890
fd00::212:12:12:12,18,0,2,7,7543179,93,599,60,12,1814,100,-68,752,173,60,4641,1,3042,7547820
fd00::212:12:12:12,18,0,1,7,7553731,94,599,60,12,1814,100,-68,754,174,60,7249,1,3042,7560980
fd00::212:12:12:12,37,0,2,15,7585381,96,602,60,12,13324,100,-68,756,177,60,799,1,7257,7586180
fd00::212:12:12:12,18,0,1,7,7595929,97,603,60,12,13194,100,-68,757,179,60,121,1,7472,7596050
fd00::212:12:12:12,18,0,0,8,7606478,98,604,60,12,14744,100,-68,759,180,60,7632,1,7472,7614110
fd00::212:12:12:12,379,0,7,1385,7838579,101,623,60,12,2104,100,-68,781,183,60,21,0,1192,7838600
fd00::212:12:12:12,18,0,0,8,7849131,102,624,60,12,854,100,-73,782,185,60,459,0,1792,7849590
fd00::212:12:12:12,265,0,5,187,8007379,104,640,60,12,524,100,-73,798,189,60,341,0,1662,8007720
fd00::212:12:12:12,18,0,0,8,8017929,105,641,60,12,605,100,-73,800,191,60,3021,0,1037,8020950
fd00::212:12:12:12,18,0,0,8,8028479,106,642,60,12,544,100,-73,800,193,60,171,0,1322,8028650
fd00::212:12:12:12,18,0,0,8,8039029,107,643,60,12,485,100,-73,802,195,60,5021,0,1537,8044050
fd00::212:12:12:12,18,0,0,8,8049579,108,644,60,12,495,100,-73,802,197,60,71,0,3012,8049650
fd00::212:12:12:12,18,0,0,8,8060129,109,645,60,12,715,100,-73,804,199,60,3381,0,497,8063510
fd00::212:12:12:12,18,0,0,8,8070679,110,647,60,12,384,100,-73,805,202,60,391,0,507,8071070
fd00::212:12:12:12,18,0,0,9,8081229,111,648,60,12,395,100,-73,807,203,60,13571,0,507,8094800
fd00::212:12:12:12,151,0,3,69,8165629,112,655,60,12,605,100,-73,814,205,60,781,1,3347,8166410
fd00::212:12:12:12,18,0,0,8,8176179,113,656,60,12,14824,100,-62,816,206,60,6891,1,3347,8183070
fd00::212:12:12:12,398,0,4,1434,8397729,114,667,60,12,2215,100,-62,837,207,60,31,0,3347,8397760
fd00::212:12:12:12,18,0,0,8,8408279,115,668,60,12,295,100,-73,839,209,60,6981,0,2702,8415260
fd00::212:12:12:12,18,0,1,8,8418829,116,669,60,12,1005,100,-73,839,211,60,771,0,2777,8419600
fd00::212:12:12:12,18,0,0,8,8429379,117,670,60,12,525,100,-73,840,213,60,161,0,1662,8429540
fd00::212:12:12:12,645,0,13,1400,8798629,119,709,60,12,825,100,-73,877,218,60,301,0,1532,8798930
fd00::212:12:12:12,303,0,6,510,8977979,121,726,60,12,445,100,-73,895,222,60,1481,0,2812,8979460
fd00::212:12:12:12,18,0,0,8,8988529,122,727,60,12,525,100,-73,896,224,60,31,0,1907,8988560
fd00::212:12:12:12,18,0,0,8,8999079,123,728,60,12,604,100,-73,898,226,60,3271,0,932,9002350
fd00::212:12:12:12,265,0,5,145,9157329,125,744,60,12,2934,100,-73,913,230,60,2101,0,1782,9159430
fd00::212:12:12:12,18,0,0,7,9167881,126,745,60,12,284,100,-73,914,232,60,19,0,912,9167900
fd00::212:12:12:12,18,0,0,8,9178429,127,746,60,12,364,100,-73,915,234,60,41,0,1477,9178470
fd00::212:12:12:12,18,0,0,8,9188979,128,747,60,12,444,100,-73,916,236,60,61,0,1027,9189040
fd00::212:12:12:12,18,0,0,8,9199529,129,748,60,12,2904,100,-73,917,238,60,11,0,1697,9199540
fd00::212:12:12:12,18,0,0,8,9210081,130,749,60,12,744,100,-73,919,240,60,2409,0,2997,9212490
fd00::212:12:12:12,18,0,0,8,9220629,131,751,60,12,484,100,-73,920,243,60,4811,0,2692,9225440
fd00::212:12:12:12,18,0,0,7,9231179,132,752,60,12,495,100,-73,921,245,60,3011,0,2067,9234190
fd00::212:12:12:12,18,0,0,7,9241729,133,753,60,12,714,100,-73,922,247,60,3101,0,2387,9244830
fd00::212:12:12:12,18,0,0,8,9252279,134,754,60,12,445,100,-73,923,249,60,41,0,992,9252320
fd00::212:12:12:12,18,0,0,8,9262831,135,754,60,12,445,100,-73,924,250,60,59,0,992,9262890
fd00::212:12:12:12,18,0,0,8,9273379,136,756,60,12,324,100,-73,925,253,60,4281,0,3802,9277660
fd00::212:12:12:12,322,0,5,560,9452729,137,772,60,12,4764,100,-62,943,255,60,2661,0,2417,9455390
fd00::212:12:12:12,18,0,0,8,9463281,138,773,60,12,5683,100,-62,944,257,60,19,0,2877,9463300
fd00::212:12:12:12,18,0,0,8,9473831,139,775,60,12,734,100,-62,945,260,60,2769,0,402,9476600
fd00::212:12:12:12,18,0,0,8,9484379,140,776,60,12,3054,100,-62,946,262,60,551,0,2122,9484930
fd00::212:12:12:12,18,0,0,8,9494931,141,776,60,12,3054,100,-62,947,263,60,219,0,2122,9495150
fd00::212:12:12:12,18,0,0,8,9505481,142,777,60,12,6773,100,-62,948,265,60,799,0,3492,9506280
fd00::212:12:12:12,18,0,0,8,9516029,143,779,60,12,2036,100,-62,949,268,60,51,0,1472,9516080
fd00::212:12:12:12,18,0,0,8,9526579,144,780,60,12,4912,100,-62,950,270,60,351,0,2491,9526930
fd00::212:12:12:12,18,0,0,8,9537129,145,781,60,12,1213,100,-62,951,272,60,651,0,712,9537780
fd00::212:12:12:12,18,0,0,8,9547678,146,782,60,12,2203,100,-62,953,273,60,5012,0,712,9552690
fd00::212:12:12:12,18,0,0,8,9568779,148,784,60,12,6427,100,-62,955,275,60,5681,1,7098,9574460
fd00::212:12:12:12,75,0,1,34,9610979,149,785,60,12,25333,100,-62,959,277,60,6111,1,12946,9617090
fd00::212:12:12:12,18,0,0,8,9621529,150,786,60,12,41306,100,-62,960,279,60,3261,1,21948,9624790
fd00::212:12:12:12,18,0,0,8,9632081,151,786,60,12,41306,100,-62,962,280,60,10979,1,21948,9643060
fd00::212:12:12:12,18,0,0,8,9642629,152,787,60,12,48664,100,-62,962,282,60,2321,1,26712,9644950
fd00::212:12:12:12,18,0,0,8,9653179,153,788,60,12,52103,100,-62,963,284,60,101,1,26261,9653280
fd00::212:12:12:12,18,0,0,8,9663729,154,789,60,12,52534,100,-62,964,286,60,891,1,26372,9664620
fd00::212:12:12:12,18,0,0,8,9674279,155,790,60,12,52754,100,-62,965,288,60,211,1,26552,9674490
fd00::212:12:12:12,18,0,0,8,9684827,156,790,60,12,52754,100,-62,966,289,60,93,1,26552,9684920
fd00::212:12:12:12,18,0,0,8,9695379,157,791,60,12,59204,100,-62,967,291,60,251,1,29742,9695630
fd00::212:12:12:12,18,0,0,8,9705931,158,792,60,12,58376,100,-62,968,293,60,199,1,29433,9706130
fd00::212:12:12:12,18,0,0,8,9716479,159,794,60,12,49364,100,-62,969,296,60,571,1,26782,9717050
fd00::212:12:12:12,18,0,0,8,9727029,160,795,60,12,47835,100,-62,970,298,60,451,1,27172,9727480
fd00::212:12:12:12,18,0,0,8,9737579,161,797,60,12,42954,100,-62,971,301,60,121,1,23717,9737700
fd00::212:12:12:12,18,0,0,8,9748129,162,798,60,12,39954,100,-62,972,303,60,1821,1,21902,9749950
fd00::212:12:12:12,474,0,1,2224,10243979,165,834,60,12,3254,100,-73,1022,308,60,4161,0,3062,10248140
fd00::212:12:12:12,18,0,0,8,10254529,166,835,60,12,394,100,-73,1023,310,60,51,0,302,10254580
fd00::212:12:12:12,18,0,0,8,10265079,167,836,60,12,264,100,-73,1024,312,60,281,0,2652,10265360
fd00::212:12:12:12,18,0,0,8,10275629,168,837,60,12,346,100,-73,1025,314,60,21,0,313,10275650
fd00::212:12:12:12,18,0,0,8,10286179,169,838,60,12,214,100,-73,1026,316,60,41,0,877,10286220
fd00::212:12:12:12,18,0,0,8,10296731,170,839,60,12,224,100,-73,1027,318,60,59,0,252,10296790
fd00::212:12:12:12,18,0,0,8,10307279,171,840,60,12,654,100,-73,1028,320,60,11,0,537,10307290
fd00::212:12:12:12,18,0,0,8,10317829,172,841,60,12,104,100,-73,1029,322,60,311,0,437,10318140
fd00::212:12:12:12,18,0,0,8,10328381,173,842,60,12,4104,100,-73,1030,324,60,609,0,2087,10328990
fd00::212:12:12:12,18,0,0,8,10338929,174,843,60,12,192,100,-73,1032,325,60,4621,1,2087,10343550
fd00::212:12:12:12,683,0,2,813,10718731,175,860,60,12,28974,100,-62,1069,326,60,19,0,2087,10718750
fd00::212:12:12:12,1348,0,3,1084,11467779,176,925,60,12,64,100,-73,1144,328,60,111,0,67,11467890
fd00::212:12:12:12,18,0,0,8,11478331,177,926,60,12,214,100,-73,1146,329,60,4889,0,67,11483220
fd00::212:12:12:12,18,0,0,8,11488881,178,927,60,12,433,100,-73,1146,331,60,9,0,1651,11488890
fd00::212:12:12:12,18,0,0,8,11499429,179,928,60,12,93,100,-73,1147,333,60,31,0,81,11499460
fd00::212:12:12:12,18,0,0,8,11509979,180,929,60,12,34,100,-73,1149,335,60,821,0,52,11510800
fd00::212:12:12:12,474,0,1,2631,11784281,182,944,60,12,34,100,-73,1176,339,60,289,0,262,11784570
fd00::212:12:12:12,18,0,0,8,11794829,183,945,60,12,45,100,-73,1177,340,60,4441,0,262,11799270
fd00::212:12:12:12,18,0,0,8,11805379,184,946,60,12,54,100,-73,1178,342,60,51,0,1147,11805430
fd00::212:12:12:12,18,0,0,8,11815929,185,947,60,12,64,100,-73,1179,344,60,1401,0,3567,11817330
fd00::212:12:12:12,18,0,1,7,11826479,186,948,60,12,144,100,-73,1180,346,60,2891,0,527,11829370
fd00::212:12:12:12,18,0,0,7,11837031,187,949,60,12,575,100,-73,1181,347,60,669,0,527,11837700
fd00::212:12:12:12,1500,0,30,4157,12670479,188,1013,60,12,146,100,-73,1265,350,60,1691,0,1578,12672170
fd00::212:12:12:12,18,0,1,7,12681031,189,1015,60,12,164,100,-73,1266,353,60,2199,0,1517,12683230
fd00::212:12:12:12,18,0,1,7,12691579,190,1016,60,12,664,100,-73,1267,355,60,2921,0,2222,12694500
fd00::212:12:12:12,18,0,1,7,12702131,191,1017,60,12,183,100,-73,1268,357,60,4759,0,3311,12706890
fd00::212:12:12:12,18,0,0,7,12712679,192,1018,60,12,1806,100,-73,1269,359,60,1421,0,1743,12714100
fd00::212:12:12:12,18,0,2,6,12744329,195,1021,60,12,434,100,-73,1273,363,60,12191,1,3857,12756520
fd00::212:12:12:12,493,0,14,1819,13029179,197,1043,60,12,28064,100,-62,1301,365,60,4471,0,14347,13033650
fd00::212:12:12:12,18,0,1,7,13039729,198,1046,60,12,17652,100,-62,1301,369,60,11,0,9106,13039740
fd00::212:12:12:12,493,0,14,1101,13324579,200,1073,60,12,244,100,-73,1330,373,60,621,0,1417,13325200
fd00::212:12:12:12,18,0,1,7,13335128,201,1074,60,12,744,100,-73,1331,375,60,502,0,687,13335630
fd00::212:12:12:12,18,0,1,7,13345679,202,1075,60,12,4114,100,-73,1332,377,60,3881,0,2162,13349560
fd00::212:12:12:12,18,0,1,7,13356228,203,1075,60,12,4114,100,-73,1333,378,60,52,0,2162,13356280
fd00::212:12:12:12,18,0,1,6,13366777,204,1075,60,12,4114,100,-73,1334,379,60,353,0,2162,13367130
fd00::212:12:12:12,18,0,1,7,13377329,205,1075,60,12,4114,100,-73,1335,380,60,2121,0,2162,13379450
fd00::212:12:12:12,18,0,2,6,13387879,206,1075,60,12,4114,100,-73,1336,381,60,321,0,2162,13388200
fd00::212:12:12:12,18,0,1,7,13398429,207,1076,60,12,31855,100,-73,1337,383,60,271,0,15997,13398700
fd00::212:12:12:12,18,0,2,6,13408979,208,1078,60,12,24944,100,-73,1340,386,60,13101,0,12822,13422080
fd00::212:12:12:12,398,0,28,1130,13630529,209,1100,60,12,28597,100,-73,1361,391,60,3511,0,34642,13634040
fd00::212:12:12:12,607,0,22,682,13968129,210,1132,60,12,394,100,-73,1394,394,60,1771,0,1352,13969900
fd00::212:12:12:12,18,0,1,8,13978679,211,1133,60,12,404,100,-73,1396,396,60,5571,0,832,13984250
fd00::212:12:12:12,18,0,1,8,13989229,212,1134,60,12,204,100,-73,1397,398,60,2931,0,2272,13992160
fd00::212:12:12:12,18,0,1,7,13999779,213,1135,60,12,494,100,-73,1398,400,60,2111,0,1122,14001890
fd00::212:12:12:12,664,0,31,3106,14379579,215,1168,60,12,594,100,-73,1435,402,60,31,0,1067,14379610
fd00::212:12:12:12,18,0,1,7,14400679,217,1170,60,12,1595,100,-73,1438,405,60,3571,0,3492,14404250
fd00::212:12:12:12,398,0,20,336,14632779,219,1193,60,12,434,100,-73,1461,408,60,2121,0,2352,14634900
fd00::212:12:12:12,436,0,15,806,14875429,220,1216,60,12,1514,100,-73,1485,412,60,691,0,1107,14876120
fd00::212:12:12:12,18,0,1,7,14885979,221,1217,60,12,2014,100,-73,1486,414,60,151,0,3037,14886130
fd00::212:12:12:12,18,0,1,7,14896529,222,1218,60,12,205,100,-73,1487,416,60,101,0,872,14896630
fd00::212:12:12:12,18,0,0,7,14907079,223,1219,60,12,215,100,-73,1488,418,60,51,0,877,14907130
fd00::212:12:12:12,322,0,16,517,15096978,225,1237,60,12,1734,100,-62,1507,421,60,62,0,3406,15097040
fd00::212:12:12:12,18,0,1,7,15107529,226,1238,60,12,1465,100,-73,1508,424,60,641,0,802,15108170
fd00::212:12:12:12,18,0,0,8,15118077,227,1239,60,12,144,100,-73,1509,426,60,33,0,1472,15118110
fd00::212:12:12:12,18,0,1,7,15128627,228,1240,60,12,1274,100,-73,1511,428,60,1943,0,952,15130570
fd00::212:12:12:12,18,0,0,8,15139179,229,1241,60,12,5764,100,-73,1511,430,60,71,0,2952,15139250
fd00::212:12:12:12,18,0,0,7,15149729,230,1242,60,12,104,100,-73,1512,432,60,21,0,1102,15149750
fd00::212:12:12:12,18,0,1,7,15160279,231,1243,60,12,605,100,-73,1514,434,60,7951,0,2577,15168230
fd00::212:12:12:12,18,0,2,7,15170829,232,1244,60,12,403,100,-73,1517,436,60,28411,0,6151,15199240
fd00::212:12:12:12,18,0,2,7,15181378,233,1245,60,12,8954,100,-73,1518,438,60,19052,0,14697,15200430
fd00::212:12:12:12,151,0,9,61,15265779,234,1252,60,12,20435,100,-73,1524,444,60,101,0,10742,15265880
fd00::212:12:12:12,18,0,1,7,15276329,235,1252,60,12,20435,100,-73,1525,445,60,51,0,10742,15276380
fd00::212:12:12:12,18,0,1,7,15286879,236,1253,60,12,24164,100,-73,1526,447,60,141,0,12187,15287020
fd00::212:12:12:12,18,0,1,6,15297429,237,1254,60,12,23894,100,-73,1527,449,60,21,0,12647,15297450
fd00::212:12:12:12,18,0,1,6,15307979,238,1255,60,12,21732,100,-73,1528,451,60,41,0,11181,15308020
fd00::212:12:12:12,18,0,2,6,15318529,239,1255,60,12,21732,100,-73,1529,452,60,341,0,11181,15318870
fd00::212:12:12:12,18,0,1,6,15329079,240,1256,60,12,35324,100,-73,1531,454,60,2671,0,20777,15331750
fd00::212:12:12:12,18,0,2,6,15339629,241,1258,60,12,28064,100,-73,1532,457,60,4231,0,16867,15343860
fd00::212:12:12:12,18,0,2,6,15350178,242,1259,60,12,24223,100,-73,1533,459,60,1382,0,12391,15351560
fd00::212:12:12:12,18,0,3,5,15360729,243,1260,60,12,27806,100,-73,1534,461,60,3361,0,14673,15364090
fd00::212:12:12:12,18,0,2,6,15371278,244,1260,60,12,27806,100,-73,1535,462,60,862,0,14673,15372140
fd00::212:12:12:12,18,0,2,6,15381829,245,1261,60,12,35165,100,-73,1536,464,60,41,0,17757,15381870
fd00::212:12:12:12,18,0,1,7,15392379,246,1262,60,12,38884,100,-73,1537,466,60,61,0,20352,15392440
fd00::212:12:12:12,18,0,1,7,15402928,247,1263,60,12,36654,100,-73,1538,468,60,1062,0,18467,15403990
fd00::212:12:12:12,18,0,2,6,15413479,248,1264,60,12,40654,100,-73,1539,470,60,4231,0,23827,15417710
fd00::212:12:12:12,18,0,1,7,15424029,249,1264,60,12,40654,100,-73,1540,471,60,1381,0,23827,15425410
fd00::212:12:12:12,18,0,1,7,15434579,250,1265,60,12,47456,100,-73,1541,473,60,911,0,23903,15435490
fd00::212:12:12:12,18,0,1,7,15445128,251,1266,60,12,49844,100,-73,1542,475,60,232,0,26987,15445360
fd00::212:12:12:12,493,0,15,1976,15719429,252,1294,60,12,244,100,-73,1570,476,60,6071,1,26987,15725500
fd00::212:12:12:12,18,0,0,8,15729979,253,1295,60,12,12365,100,-62,1571,478,60,2451,1,7932,15732430
fd00::212:12:12:12,18,0,0,8,15740529,254,1295,60,12,12365,100,-62,1572,479,60,1491,1,7932,15742020
fd00::212:12:12:12,18,0,1,8,15751079,255,1296,60,12,22174,100,-62,1573,481,60,5011,0,11892,15756090
fd00::212:12:12:12,18,0,0,8,15761628,256,1297,60,12,235,100,-73,1574,483,60,552,1,537,15762180
fd00::212:12:12:12,18,0,0,7,15772179,257,1299,60,12,245,100,-73,1575,486,60,4141,1,2782,15776320
fd00::212:12:12:12,18,0,0,8,15782729,258,1302,60,12,185,100,-73,1576,490,60,2621,1,302,15785350
fd00::212:12:12:12,18,0,0,8,15793281,259,1303,60,12,1108,100,-73,1577,492,60,2219,1,2513,15795500
fd00::212:12:12:12,18,0,0,7,15803829,260,1304,60,12,202,100,-73,1578,494,60,4341,1,4057,15808170
fd00::212:12:12:12,1120,0,14,4755,16436831,262,1344,60,12,5794,100,-62,1641,498,60,79,1,3472,16436910
fd00::212:12:12:12,18,0,0,8,16447379,263,1345,60,12,3504,100,-68,1642,500,60,311,1,2627,16447690
fd00::212:12:12:12,18,0,0,8,16457929,264,1346,60,12,6244,100,-68,1643,502,60,331,1,3717,16458260
fd00::212:12:12:12,18,0,0,8,16468479,265,1347,60,12,6395,100,-68,1644,504,60,141,1,3302,16468620
fd00::212:12:12:12,18,0,0,8,16479029,266,1348,60,12,1646,100,-68,1645,506,60,161,1,3273,16479190
fd00::212:12:12:12,18,0,0,8,16489579,267,1349,60,12,6554,100,-68,1647,508,60,1371,0,3417,16490950
fd00::212:12:12:12,18,0,0,8,16500129,268,1350,60,12,1734,100,-73,1648,510,60,1531,0,902,16501660
fd00::212:12:12:12,18,0,0,8,16510679,269,1351,60,12,1604,100,-73,1649,512,60,291,0,1887,16510970
fd00::212:12:12:12,189,0,5,82,16647829,273,1365,60,12,7484,100,-62,1662,515,60,1461,1,4232,16649290
fd00::212:12:12:12,18,0,0,8,16658379,274,1366,60,12,1684,100,-62,1663,517,60,81,1,2697,16658460
fd00::212:12:12:12,18,0,0,8,16668928,275,1367,60,12,2113,100,-62,1664,519,60,102,1,1476,16669030
fd00::212:12:12:12,18,0,0,8,16679481,276,1368,60,12,1004,100,-62,1665,521,60,119,1,2322,16679600
fd00::212:12:12:12,18,0,0,8,16700581,278,1369,60,12,1433,100,-62,1668,523,60,789,1,1276,16701370
fd00::212:12:12:12,987,0,28,1781,17259729,280,1416,60,12,534,100,-73,1724,526,60,4721,0,27357,17264450
fd00::212:12:12:12,94,0,1,42,17702829,284,1452,60,12,495,100,-73,1768,530,60,801,0,1752,17703630
fd00::212:12:12:12,113,0,2,50,17766129,285,1459,60,12,6084,100,-73,1774,533,60,991,1,3182,17767120
fd00::212:12:12:12,379,0,9,1079,18378031,288,1496,60,12,1514,100,-73,1835,537,60,1519,0,4677,18379550
fd00::212:12:12:12,18,0,0,8,18388581,289,1497,60,12,1454,100,-73,1836,539,60,69,0,2372,18388650
fd00::212:12:12:12,18,0,0,8,18399129,290,1498,60,12,1604,100,-73,1837,541,60,21,0,1187,18399150
fd00::212:12:12:12,18,0,0,8,18409679,291,1499,60,12,1054,100,-73,1838,543,60,41,0,2452,18409720
fd00::212:12:12:12,18,0,0,8,18420229,292,1500,60,12,2182,100,-73,1840,545,60,3421,0,1861,18423650
fd00::212:12:12:12,18,0,0,8,18430779,293,1501,60,12,1564,100,-73,1841,547,60,2321,0,1867,18433100
fd00::212:12:12:12,18,0,0,8,18441329,294,1502,60,12,1644,100,-73,1842,549,60,5071,0,1592,18446400
fd00::212:12:12:12,18,0,0,8,18451879,295,1504,60,12,964,100,-73,1843,552,60,4461,0,3142,18456340
fd00::212:12:12:12,18,0,0,8,18462429,296,1505,60,12,1114,100,-73,1844,554,60,71,0,837,18462500
fd00::212:12:12:12,18,0,0,8,18472979,297,1506,60,12,564,100,-73,1845,556,60,21,0,632,18473000
fd00::212:12:12:12,18,0,0,8,18483529,298,1507,60,12,1274,100,-73,1846,558,60,3541,0,3507,18487070
fd00::212:12:12:12,18,0,0,8,18494079,299,1508,60,12,444,100,-73,1847,560,60,761,0,1307,18494840
fd00::212:12:12:12,18,0,0,8,18504629,300,1509,60,12,1365,100,-73,1848,562,60,2531,0,3167,18507160
fd00::212:12:12:12,18,0,0,8,18515179,301,1510,60,12,746,100,-73,1849,564,60,31,0,1038,18515210
fd00::212:12:12:12,18,0,0,8,18525729,302,1511,60,12,1244,100,-73,1850,566,60,51,0,867,18525780
fd00::212:12:12:12,18,0,0,8,18536279,303,1512,60,12,2444,100,-73,1851,568,60,71,0,3007,18536350
fd00::212:12:12:12,18,0,0,8,18546831,304,1513,60,12,1895,100,-73,1852,570,60,89,0,1717,18546920
fd00::212:12:12:12,664,0,3,4446,18926629,306,1527,60,12,804,100,-73,1890,573,60,41,0,1207,18926670
fd00::212:12:12:12,18,0,0,8,18937179,307,1528,60,12,6064,100,-73,1891,575,60,411,0,3767,18937590
fd00::212:12:12:12,18,0,1,7,18947727,308,1529,60,12,1034,100,-73,1892,577,60,293,0,1357,18948020
fd00::212:12:12:12,18,0,1,7,18958277,309,1530,60,12,1185,100,-73,1893,579,60,33,0,1607,18958310
fd00::212:12:12:12,18,0,1,7,18968831,310,1531,60,12,704,100,-73,1894,581,60,189,0,2067,18969020
fd00::212:12:12:12,18,0,1,7,18979377,311,1532,60,12,785,100,-73,1895,583,60,73,0,812,18979450
fd00::212:12:12:12,18,0,1,7,18989929,312,1533,60,12,6744,100,-73,1896,585,60,21,0,3512,18989950
fd00::212:12:12:12,18,0,1,7,19000479,313,1534,60,12,1016,100,-73,1898,587,60,3681,0,648,19004160
fd00::212:12:12:12,18,0,1,7,19011029,314,1535,60,12,5154,100,-73,1899,589,60,131,0,2717,19011160
fd00::212:12:12:12,18,0,1,7,19021579,315,1536,60,12,4044,100,-73,1900,591,60,6801,0,2127,19028380
fd00::212:12:12:12,18,0,1,7,19032127,316,1536,60,12,4044,100,-73,1901,592,60,5213,0,2127,19037340
fd00::212:12:12:12,18,0,2,7,19042679,317,1536,60,12,4044,100,-73,1902,593,60,5091,0,2127,19047770
fd00::212:12:12:12,18,0,1,7,19053229,318,1537,60,12,12742,100,-73,1903,595,60,2731,0,8926,19055960
fd00::212:12:12:12,18,0,1,7,19063778,319,1538,60,12,17094,100,-73,1906,597,60,21932,0,10612,19085710
fd00::212:12:12:12,303,0,18,269,19243129,321,1557,60,12,424,100,-73,1922,601,60,431,0,1752,19243560
fd00::212:12:12:12,18,0,0,7,19253679,322,1558,60,12,786,100,-73,1923,603,60,31,0,1163,19253710
fd00::212:12:12:12,18,0,1,7,19264229,323,1559,60,12,235,100,-73,1924,605,60,331,0,922,19264560
fd00::212:12:12:12,18,0,1,7,19274779,324,1560,60,12,664,100,-73,1926,606,60,7141,0,922,19281920
fd00::212:12:12:12,18,0,1,7,19295881,326,1562,60,12,964,100,-73,1928,608,60,12849,1,4577,19308730
fd00::212:12:12:12,341,0,15,206,19506881,329,1582,60,12,2223,100,-68,1948,610,60,299,0,1217,19507180
fd00::212:12:12:12,18,0,1,7,19517428,330,1583,60,12,4894,100,-73,1949,612,60,42,0,2517,19517470
fd00::212:12:12:12,18,0,1,7,19527979,331,1583,60,12,4894,100,-73,1950,613,60,341,0,2517,19528320
fd00::212:12:12:12,18,0,2,6,19538529,332,1585,60,12,6874,100,-73,1952,616,60,2321,0,3647,19540850
fd00::212:12:12:12,18,0,2,6,19549079,333,1586,60,12,7164,100,-73,1952,618,60,31,0,3827,19549110
fd00::212:12:12:12,18,0,1,7,19559629,334,1587,60,12,2974,100,-73,1953,620,60,51,0,2432,19559680
fd00::212:12:12:12,18,0,1,7,19570179,335,1588,60,12,1724,100,-73,1955,622,60,2941,0,1912,19573120
fd00::212:12:12:12,18,0,1,7,19580729,336,1589,60,12,1874,100,-73,1956,624,60,2261,0,1602,19582990
fd00::212:12:12:12,18,0,1,7,19591281,337,1590,60,12,4124,100,-73,1957,626,60,3329,0,2237,19594610
fd00::212:12:12:12,18,0,2,6,19601827,338,1591,60,12,3924,100,-73,1958,628,60,2723,0,2452,19604550
fd00::212:12:12:12,18,0,2,7,19612378,339,1591,60,12,3924,100,-73,1959,629,60,12,0,2452,19612390
fd00::212:12:12:12,18,0,2,7,19622928,340,1591,60,12,3924,100,-73,1960,630,60,1222,0,2452,19624150
fd00::212:12:12:12,18,0,3,6,19633479,341,1593,60,12,23195,100,-73,1961,633,60,681,0,11807,19634160
fd00::212:12:12:12,18,0,2,7,19644029,342,1593,60,12,23195,100,-73,1962,634,60,561,0,11807,19644590
fd00::212:12:12:12,18,0,1,7,19654579,343,1593,60,12,23195,100,-73,1963,635,60,1911,0,11807,19656490
fd00::212:12:12:12,18,0,2,6,19665128,344,1594,60,12,41404,100,-73,1964,637,60,742,0,20807,19665870
fd00::212:12:12:12,18,0,2,6,19675678,345,1594,60,12,41404,100,-73,1966,638,60,7342,0,20807,19683020
fd00::212:12:12:12,18,0,2,6,19686228,346,1594,60,12,41404,100,-73,1966,639,60,12,0,20807,19686240
fd00::212:12:12:12,18,0,1,6,19696779,347,1595,60,12,60805,100,-73,1967,641,60,1851,0,30612,19698630
fd00::212:12:12:12,18,0,1,7,19707328,348,1596,60,12,62286,100,-73,1968,643,60,52,0,33383,19707380
fd00::212:12:12:12,18,0,2,6,19717879,349,1597,60,12,64605,100,-73,1969,645,60,71,0,32652,19717950
fd00::212:12:12:12,18,0,1,6,19728429,350,1598,60,12,57973,100,-73,1971,647,60,4361,0,31051,19732790
fd00::212:12:12:12,18,0,1,7,19738978,351,1598,60,12,57973,100,-73,1971,648,60,322,0,31051,19739300
fd00::212:12:12:12,626,0,42,1276,20097679,353,1638,60,12,224,100,-73,2007,653,60,21,0,14121,20097700
fd00::212:12:12:12,18,0,1,7,20108229,354,1639,60,12,584,100,-73,2009,655,60,3401,0,3442,20111630
fd00::212:12:12:12,18,0,1,7,20118778,355,1639,60,12,584,100,-73,2009,656,60,272,0,3442,20119050
fd00::212:12:12:12,18,0,2,7,20129329,356,1640,60,12,6345,100,-73,2010,658,60,11,0,3277,20129340
fd00::212:12:12:12,18,0,2,6,20139879,357,1641,60,12,5796,100,-73,2011,660,60,31,0,3213,20139910
fd00::212:12:12:12,18,0,1,7,20150429,358,1642,60,12,5314,100,-73,2013,662,60,751,0,2797,20151180
fd00::212:12:12:12,18,0,1,7,20160977,359,1643,60,12,1754,100,-73,2014,664,60,5183,0,1577,20166160
fd00::212:12:12:12,18,0,2,6,20171529,360,1644,60,12,1694,100,-73,2015,666,60,1211,0,4137,20172740
fd00::212:12:12:12,18,0,2,7,20182079,361,1645,60,12,7514,100,-73,2016,668,60,1021,0,4142,20183100
fd00::212:12:12:12,18,0,1,7,20192629,362,1645,60,12,7514,100,-73,2017,669,60,61,0,4142,20192690
fd00::212:12:12:12,18,0,1,7,20203179,363,1646,60,12,18794,100,-73,2018,671,60,291,0,9607,20203470
fd00::212:12:12:12,18,0,2,7,20213727,364,1647,60,12,20554,100,-73,2019,673,60,33,0,10592,20213760
fd00::212:12:12:12,18,0,1,7,20224277,365,1647,60,12,20554,100,-73,2020,674,60,53,0,10592,20224330
fd00::212:12:12:12,18,0,1,7,20234827,366,1648,60,12,29384,100,-73,2021,676,60,213,0,14867,20235040
fd00::212:12:12:12,18,0,2,6,20245378,367,1649,60,12,33244,100,-73,2022,678,60,512,0,16902,20245890
fd00::212:12:12:12,18,0,2,7,20255929,368,1650,60,12,34724,100,-73,2023,680,60,3401,0,19637,20259330
fd00::212:12:12:12,18,0,2,6,20266479,369,1650,60,12,34724,100,-73,2024,681,60,3141,0,19637,20269620
fd00::212:12:12:12,18,0,2,6,20277029,370,1651,60,12,37674,100,-73,2025,683,60,11,0,19852,20277040
fd00::212:12:12:12,18,0,1,7,20287579,371,1652,60,12,40624,100,-73,2026,685,60,2131,0,20592,20289710
fd00::213:13:13:13,17250,0,4,132722,9584178,1,0,60,0,0,0,0,0,1,60,852,2,0,9585030
fd00::213:13:13:13,19,0,0,9,9595106,2,0,60,0,0,0,0,2,2,60,8404,2,0,9603510
fd00::213:13:13:13,19,0,0,9,9606036,3,0,60,0,0,0,0,4,3,60,17214,2,0,9623250
fd00::213:13:13:13,19,0,0,8,9616961,4,0,60,0,0,0,0,6,4,60,26379,2,0,9643340
fd00::214:14:14:14,18,0,0,8,72909,2,0,60,0,0,0,0,0,1,60,63871,1,0,136780
fd00::214:14:14:14,3839,0,10,18401,2216340,4,28,60,12,5696,100,-92,209,2,60,4410,2,0,2220750
fd00::214:14:14:14,18,0,0,8,2226745,5,28,60,12,5696,100,-92,209,3,60,725,2,0,2227470
fd00::214:14:14:14,18,0,0,8,2237150,6,29,60,12,15814,100,-74,211,5,60,7330,2,12212,2244480
fd00::214:14:14:14,16444,0,10,100684,11403955,10,55,60,12,18136,100,-84,1127,6,60,2475,2,12212,11406430
fd00::214:14:14:14,18,0,0,8,11414362,11,55,60,12,18136,100,-84,1130,7,60,24618,3,12212,11438980
fd00::214:14:14:14,1311,0,3,8094,16013370,14,147,60,12,2515,100,-92,1588,12,60,390,1,1397,16013760
fd00::214:14:14:14,18,0,0,8,16023774,15,147,60,12,2515,100,-92,1589,13,60,2236,1,1397,16026010
fd00::214:14:14:14,18,0,0,8,16044583,17,148,60,12,9875,100,-92,1591,15,60,1937,1,6477,16046520
fd00::214:14:14:14,18,0,0,8,16054988,18,149,60,12,17725,100,-92,1592,17,60,4552,1,9107,16059540
fd00::214:14:14:14,37,0,3,14,16086205,20,151,60,12,2305,100,-92,1596,20,60,6235,1,4407,16092440
fd00::214:14:14:14,18,0,0,7,16096612,21,152,60,12,4134,100,-92,1596,22,60,2268,1,4412,16098880
fd00::214:14:14:14,18,0,0,8,16107013,22,152,60,12,4134,100,-92,1597,23,60,687,1,4412,16107700
fd00::214:14:14:14,2753,0,11,17225,17646955,24,191,60,12,11065,100,-92,1753,27,60,17965,1,9102,17664920
fd00::215:15:15:15,36,0,0,16,20517,1,0,60,0,0,0,0,0,1,60,763,0,0,21280
fd00::215:15:15:15,18,0,0,8,30518,2,1,60,12,184,100,-49,1,3,60,3852,0,2122,34370
fd00::215:15:15:15,18,0,0,7,40521,3,2,60,12,264,100,-49,2,5,60,919,0,622,41440
fd00::215:15:15:15,18,0,0,8,50524,4,2,60,12,264,100,-49,3,6,60,4076,0,622,54600
fd00::215:15:15:15,18,0,0,7,60527,5,3,60,12,6294,100,-49,4,8,60,1353,0,3497,61880
fd00::215:15:15:15,324,0,4,955,280593,10,19,60,12,224,100,-49,26,12,60,4307,0,2422,284900
fd00::215:15:15:15,18,0,0,7,290596,11,20,60,12,24,100,-49,27,14,60,1514,0,607,292110
fd00::215:15:15:15,180,0,1,85,400629,13,30,60,12,196,100,-49,40,17,60,25461,1,3002,426090
fd00::215:15:15:15,18,0,0,8,410630,14,30,60,12,196,100,-49,40,18,60,16790,1,3002,427420
fd00::215:15:15:15,144,0,0,68,500659,16,36,60,12,33513,100,-59,48,20,60,471,1,9242,501130
fd00::215:15:15:15,18,0,0,8,510662,17,37,60,12,6744,100,-68,49,22,60,7828,1,9182,518490
fd00::215:15:15:15,18,0,0,8,520665,18,39,60,12,32974,100,-59,50,25,60,4545,1,22297,525210
fd00::215:15:15:15,468,0,8,805,800749,21,60,60,12,324,100,-49,78,29,60,2081,0,1387,802830
fd00::215:15:15:15,18,0,0,8,810752,22,60,60,12,324,100,-49,79,30,60,3978,0,1387,814730
fd00::215:15:15:15,18,0,0,7,820755,23,62,60,12,274,100,-49,80,33,60,2165,0,592,822920
fd00::215:15:15:15,18,0,0,7,830758,24,63,60,12,564,100,-49,81,35,60,4132,0,2417,834890
fd00::215:15:15:15,18,0,0,7,840761,25,63,60,12,564,100,-49,82,36,60,1199,0,2417,841960
fd00::215:15:15:15,18,0,0,7,850764,26,65,60,12,654,100,-49,83,39,60,2536,0,1517,853300
fd00::215:15:15:15,18,0,0,7,860767,27,66,60,12,314,100,-49,84,41,60,3873,0,2152,864640
fd00::215:15:15:15,18,0,0,7,870770,28,67,60,12,464,100,-49,85,43,60,5910,0,3277,876680
fd00::215:15:15:15,18,0,0,7,880773,29,68,60,12,264,100,-49,86,45,60,3257,0,1917,884030
fd00::215:15:15:15,18,0,1,7,890776,30,69,60,12,347,100,-49,87,47,60,4454,0,1713,895230
fd00::215:15:15:15,18,0,1,7,900779,31,69,60,12,347,100,-49,88,48,60,331,0,1713,901110
fd00::215:15:15:15,18,0,1,7,910782,32,70,60,12,1404,100,-49,89,50,60,58,0,1297,910840
fd00::215:15:15:15,18,0,1,6,920785,33,72,60,12,94,100,-49,90,53,60,8605,0,4632,929390
fd00::215:15:15:15,18,0,1,7,930788,34,73,60,12,175,100,-49,92,55,60,12182,0,4497,942970
fd00::215:15:15:15,18,0,2,6,940791,35,73,60,12,175,100,-49,92,56,60,7499,0,4497,948290
fd00::215:15:15:15,72,0,10,25,1000809,38,79,60,12,2124,100,-49,98,61,60,51,0,1272,1000860
fd00::215:15:15:15,18,0,1,6,1010812,39,80,60,12,5706,100,-49,99,63,60,408,0,2923,1011220
fd00::215:15:15:15,18,0,1,6,1020815,40,82,60,12,684,100,-49,100,66,60,835,0,797,1021650
fd00::215:15:15:15,18,0,1,7,1030819,41,82,60,12,684,100,-49,101,67,60,1121,0,797,1031940
fd00::215:15:15:15,18,0,1,6,1040821,42,84,60,12,214,100,-49,102,70,60,5259,0,3012,1046080
fd00::215:15:15:15,18,0,0,7,1050824,43,84,60,12,214,100,-49,103,71,60,1766,0,3012,1052590
fd00::215:15:15:15,18,0,1,7,1060827,44,85,60,12,994,100,-49,104,73,60,23,0,1337,1060850
fd00::215:15:15:15,18,0,1,6,1070830,45,87,60,12,385,100,-49,105,76,60,800,0,787,1071630
fd00::215:15:15:15,18,0,1,7,1080833,46,87,60,12,385,100,-49,106,77,60,1647,0,787,1082480
fd00::215:15:15:15,18,0,1,6,1090836,47,89,60,12,334,100,-49,107,80,60,1444,0,1112,1092280
fd00::215:15:15:15,540,0,19,1162,1410932,50,114,60,12,5544,100,-68,139,85,60,2648,1,3122,1413580
fd00::215:15:15:15,18,0,1,7,1420935,51,115,60,12,5554,100,-68,140,87,60,1325,1,2882,1422260
fd00::215:15:15:15,18,0,0,7,1430938,52,116,60,12,4514,100,-68,141,89,60,4202,1,3447,1435140
fd00::215:15:15:15,18,0,0,7,1440941,53,117,60,12,8374,100,-68,142,91,60,569,1,4642,1441510
fd00::215:15:15:15,18,0,0,7,1450944,54,118,60,12,9854,100,-68,143,93,60,5406,1,6607,1456350
fd00::215:15:15:15,18,0,0,7,1460947,55,119,60,12,3355,100,-68,144,95,60,4153,1,3217,1465100
fd00::215:15:15:15,18,0,1,7,1470950,56,120,60,12,9174,100,-68,147,96,60,23550,1,3217,1494500
fd00::215:15:15:15,486,0,16,298,1761037,59,146,60,12,445,100,-49,174,99,60,1633,0,1307,1762670
fd00::215:15:15:15,18,0,0,7,1771040,60,146,60,12,445,100,-49,175,100,60,100,0,1307,1771140
fd00::215:15:15:15,18,0,0,7,1781043,61,148,60,12,114,100,-49,176,103,60,2207,0,1002,1783250
fd00::215:15:15:15,18,0,0,7,1791046,62,149,60,12,614,100,-49,177,105,60,4034,0,2022,1795080
fd00::215:15:15:15,1170,0,11,6343,2611292,65,194,60,12,1225,100,-49,259,113,60,1808,0,647,2613100
fd00::215:15:15:15,1296,0,35,4547,3331509,66,251,60,12,196,100,-49,331,116,60,141,0,448,3331650
fd00::215:15:15:15,18,0,0,8,3341511,67,252,60,12,413,100,-49,332,118,60,989,0,731,3342500
fd00::215:15:15:15,18,0,0,8,3351514,68,253,60,12,565,100,-49,333,120,60,156,0,317,3351670
fd00::215:15:15:15,18,0,0,8,3361517,69,254,60,12,505,100,-49,334,122,60,2613,0,1932,3364130
fd00::215:15:15:15,18,0,0,8,3371520,70,255,60,12,654,100,-49,335,124,60,1290,0,1377,3372810
fd00::215:15:15:15,18,0,0,8,3381523,71,256,60,12,104,100,-49,337,125,60,10817,0,1377,3392340
fd00::215:15:15:15,324,0,1,551,3561577,72,273,60,12,566,100,-49,354,128,60,2683,0,2033,3564260
fd00::215:15:15:15,18,0,0,7,3571580,73,274,60,12,155,100,-49,355,129,60,6050,0,2033,3577630
fd00::215:15:15:15,306,0,2,763,3771640,77,290,60,12,274,100,-49,375,130,60,1220,0,2033,3772860
fd00::215:15:15:15,18,0,0,7,3781643,78,292,60,12,224,100,-49,376,133,60,4307,0,2597,3785950
fd00::215:15:15:15,18,0,0,8,3791645,79,292,60,12,224,100,-49,377,134,60,1025,0,2597,3792670
fd00::215:15:15:15,18,0,0,8,3801649,80,294,60,12,876,100,-49,378,137,60,261,0,928,3801910
fd00::215:15:15:15,18,0,0,8,3811651,81,294,60,12,876,100,-49,379,138,60,339,0,928,3811990
fd00::215:15:15:15,18,0,0,7,3821655,82,296,60,12,334,100,-49,380,141,60,65,0,797,3821720
fd00::215:15:15:15,864,0,3,913,4311802,84,336,60,12,404,100,-49,429,143,60,4958,0,867,4316760
fd00::215:15:15:15,18,0,0,7,4321805,85,336,60,12,404,100,-49,430,144,60,1045,0,867,4322850
fd00::215:15:15:15,18,0,0,8,4331809,86,337,60,12,424,100,-49,431,146,60,71,0,877,4331880
fd00::215:15:15:15,18,0,0,7,4341811,87,338,60,12,1274,100,-49,432,147,60,6589,0,877,4348400
fd00::215:15:15:15,414,0,6,1082,4571880,88,357,60,12,244,100,-49,455,149,60,3670,0,2747,4575550
fd00::215:15:15:15,18,0,0,8,4581883,89,358,60,12,1304,100,-49,456,151,60,2767,0,1072,4584650
fd00::215:15:15:15,18,0,0,8,4591886,90,359,60,12,334,100,-49,457,153,60,2354,0,1252,4594240
fd00::215:15:15:15,18,0,0,8,4601889,91,360,60,12,1114,100,-49,458,155,60,2151,0,1957,4604040
fd00::215:15:15:15,18,0,0,8,4611892,92,361,60,12,1193,100,-49,459,157,60,6078,0,3816,4617970
fd00::215:15:15:15,36,0,0,15,4631898,93,363,60,12,1635,100,-49,461,160,60,1542,0,1692,4633440
fd00::215:15:15:15,18,0,0,7,4641901,94,364,60,12,1364,100,-49,462,162,60,9,0,717,4641910
fd00::215:15:15:15,18,0,0,8,4651904,95,365,60,12,464,100,-49,463,163,60,4006,0,717,4655910
fd00::215:15:15:15,306,0,3,216,4821955,96,381,60,12,424,100,-49,480,165,60,65,0,702,4822020
fd00::215:15:15:15,18,0,0,8,4831959,97,382,60,12,434,100,-49,481,167,60,841,0,1232,4832800
fd00::215:15:15:15,18,0,0,8,4841961,98,383,60,12,1565,100,-49,482,169,60,149,0,817,4842110
fd00::215:15:15:15,18,0,0,8,4851964,99,384,60,12,455,100,-49,483,171,60,226,0,682,4852190
fd00::215:15:15:15,18,0,0,8,4861969,100,385,60,12,324,100,-49,484,172,60,7091,0,682,4869060
fd00::215:15:15:15,270,0,0,370,5012012,101,399,60,12,1454,100,-49,499,174,60,58,0,762,5012070
fd00::215:15:15:15,18,0,0,8,5022015,102,400,60,12,135,100,-49,500,176,60,5945,0,3742,5027960
fd00::215:15:15:15,18,0,0,7,5032019,103,401,60,12,1894,100,-49,501,178,60,561,0,1122,5032580
fd00::215:15:15:15,18,0,0,7,5042021,104,402,60,12,784,100,-49,503,179,60,14989,0,1122,5057010
fd00::215:15:15:15,1206,0,4,2187,5712222,105,457,60,12,264,100,-49,570,181,60,10208,0,1772,5722430
fd00::215:15:15:15,666,0,3,522,6082333,106,487,60,12,274,100,-49,606,183,60,107,0,487,6082440
fd00::215:15:15:15,252,0,4,112,6222374,107,500,60,12,894,100,-49,621,185,60,12106,1,4822,6234480
fd00::215:15:15:15,18,0,0,8,6232378,108,501,60,12,15746,100,-71,622,187,60,15962,1,12598,6248340
fd00::215:15:15:15,576,0,6,3126,6562477,110,518,60,12,21605,100,-71,654,193,60,6813,0,11887,6569290
fd00::215:15:15:15,18,0,1,7,6572480,111,520,60,12,495,100,-49,655,196,60,1710,0,2067,6574190
fd00::215:15:15:15,18,0,0,8,6582485,112,520,60,12,495,100,-49,656,197,60,315,0,2067,6582800
fd00::215:15:15:15,18,0,0,8,6592486,113,522,60,12,375,100,-49,657,200,60,814,0,327,6593300
fd00::215:15:15:15,18,0,0,7,6602489,114,522,60,12,375,100,-49,658,201,60,121,0,327,6602610
fd00::215:15:15:15,378,0,4,1383,6812552,115,539,60,12,1634,100,-49,679,203,60,2298,0,2928,6814850
fd00::215:15:15:15,18,0,0,7,6822555,116,541,60,12,394,100,-49,680,206,60,2515,0,2507,6825070
fd00::215:15:15:15,18,0,0,8,6832558,117,542,60,12,2224,100,-49,681,208,60,4482,0,3387,6837040
fd00::215:15:15:15,18,0,0,7,6842561,118,543,60,12,1184,100,-49,682,210,60,4349,0,3252,6846910
fd00::215:15:15:15,18,0,0,8,6852564,119,544,60,12,914,100,-49,683,212,60,86,0,597,6852650
fd00::215:15:15:15,18,0,0,8,6862567,120,545,60,12,1835,100,-49,684,214,60,303,0,952,6862870
fd00::215:15:15:15,18,0,0,8,6872570,121,545,60,12,1835,100,-49,685,215,60,100,0,952,6872670
fd00::215:15:15:15,18,0,0,8,6882573,122,547,60,12,245,100,-49,686,217,60,6407,0,2357,6888980
fd00::215:15:15:15,252,0,3,143,7032618,124,558,60,12,8846,100,-68,701,218,60,72,0,2357,7032690
fd00::215:15:15:15,18,0,0,8,7042621,125,559,60,12,2222,100,-49,702,220,60,9,0,1146,7042630
fd00::215:15:15:15,18,0,0,8,7052624,126,560,60,12,1044,100,-49,703,222,60,646,0,697,7053270
fd00::215:15:15:15,18,0,0,7,7062627,127,561,60,12,422,100,-49,704,224,60,3593,0,351,7066220
fd00::215:15:15:15,18,0,0,7,7072630,128,563,60,12,644,100,-49,705,227,60,5700,0,1582,7078330
fd00::215:15:15:15,18,0,1,7,7082633,129,564,60,12,94,100,-49,706,228,60,4727,0,1582,7087360
fd00::215:15:15:15,576,0,10,797,7402729,130,593,60,12,415,100,-49,738,230,60,821,0,697,7403550
fd00::215:15:15:15,18,0,0,7,7412732,131,594,60,12,984,100,-49,739,232,60,268,0,737,7413000
fd00::215:15:15:15,18,0,0,7,7422735,132,595,60,12,714,100,-49,740,234,60,1885,0,1932,7424620
fd00::215:15:15:15,18,0,1,7,7432739,133,596,60,12,1564,100,-49,741,236,60,3361,0,957,7436100
fd00::215:15:15:15,18,0,1,7,7452744,135,597,60,12,6685,100,-49,744,238,60,10096,0,8942,7462840
fd00::215:15:15:15,36,0,3,13,7472750,136,599,60,12,9154,100,-49,745,241,60,30,0,4857,7472780
fd00::215:15:15:15,18,0,2,6,7482753,137,601,60,12,1334,100,-49,746,244,60,947,0,1822,7483700
fd00::215:15:15:15,18,0,1,7,7492756,138,602,60,12,1415,100,-49,747,246,60,4454,0,3507,7497210
fd00::215:15:15:15,18,0,1,7,7502759,139,602,60,12,1415,100,-49,748,247,60,681,0,3507,7503440
fd00::215:15:15:15,18,0,1,7,7512762,140,604,60,12,1084,100,-49,749,250,60,1038,0,1452,7513800
fd00::215:15:15:15,18,0,1,7,7522763,141,604,60,12,1084,100,-49,750,251,60,1257,0,1452,7524020
fd00::215:15:15:15,18,0,2,6,7532769,142,605,60,12,2363,100,-49,751,253,60,1191,0,1846,7533960
fd00::215:15:15:15,18,0,2,6,7542771,143,606,60,12,1394,100,-49,752,255,60,9,0,1257,7542780
fd00::215:15:15:15,18,0,1,7,7552774,144,606,60,12,1394,100,-49,754,256,60,7926,0,1257,7560700
fd00::215:15:15:15,36,0,2,14,7572780,145,608,60,12,5267,100,-49,755,259,60,30,0,2983,7572810
fd00::215:15:15:15,18,0,1,6,7582783,146,609,60,12,5904,100,-49,756,261,60,947,0,3127,7583730
fd00::215:15:15:15,18,0,1,7,7592786,147,609,60,12,5904,100,-49,757,262,60,44,0,3127,7592830
fd00::215:15:15:15,18,0,1,7,7602789,148,610,60,12,9354,100,-49,758,264,60,51,0,4852,7602840
fd00::215:15:15:15,18,0,1,6,7612792,149,611,60,12,4324,100,-49,759,266,60,2018,0,2547,7614810
fd00::215:15:15:15,18,0,1,7,7622795,150,613,60,12,1474,100,-49,760,269,60,485,0,1122,7623280
fd00::215:15:15:15,18,0,1,7,7632800,151,614,60,12,2604,100,-49,761,271,60,1400,0,1582,7634200
fd00::215:15:15:15,18,0,0,7,7642801,152,615,60,12,444,100,-49,762,273,60,3649,0,3057,7646450
fd00::215:15:15:15,18,0,1,7,7652803,153,616,60,12,803,100,-49,763,275,60,787,0,1696,7653590
fd00::215:15:15:15,18,0,0,7,7662807,154,616,60,12,803,100,-49,764,276,60,2053,0,1696,7664860
fd00::215:15:15:15,2538,0,292,1001,9103239,158,759,60,12,3234,100,-71,908,287,60,4041,1,3612,9107280
fd00::215:15:15:15,18,0,0,7,9113242,159,760,60,12,1494,100,-71,909,289,60,1248,1,2217,9114490
fd00::215:15:15:15,18,0,0,8,9123245,160,761,60,12,3114,100,-71,910,291,60,1395,1,1837,9124640
fd00::215:15:15:15,18,0,0,7,9133249,161,762,60,12,1164,100,-71,911,293,60,141,1,1107,9133390
fd00::215:15:15:15,18,0,0,8,9143253,162,762,60,12,1164,100,-71,912,294,60,1407,1,1107,9144660
fd00::215:15:15:15,18,0,0,8,9153256,163,762,60,12,1164,100,-71,913,295,60,224,1,1107,9153480
fd00::215:15:15:15,18,0,0,7,9163257,164,764,60,12,2944,100,-71,914,298,60,2123,1,2662,9165380
fd00::215:15:15:15,18,0,0,7,9173260,165,765,60,12,2254,100,-71,915,300,60,310,1,1442,9173570
fd00::215:15:15:15,18,0,0,8,9183263,166,766,60,12,2404,100,-71,916,302,60,317,1,1377,9183580
fd00::215:15:15:15,18,0,0,8,9193266,167,767,60,12,594,100,-71,917,304,60,324,1,927,9193590
fd00::215:15:15:15,18,0,0,7,9203271,168,768,60,12,464,100,-71,918,306,60,3409,1,3207,9206680
fd00::215:15:15:15,18,0,0,8,9213272,169,769,60,12,824,100,-71,919,308,60,338,1,762,9213610
fd00::215:15:15:15,18,0,0,7,9223275,170,770,60,12,1394,100,-71,920,310,60,4125,1,3672,9227400
fd00::215:15:15:15,18,0,0,7,9233279,171,771,60,12,1965,100,-71,921,312,60,2171,1,2697,9235450
fd00::215:15:15:15,18,0,0,7,9243281,172,772,60,12,1344,100,-71,922,314,60,569,1,1897,9243850
fd00::215:15:15:15,18,0,0,8,9253286,173,773,60,12,1075,100,-71,923,316,60,854,1,852,9254140
fd00::215:15:15:15,18,0,0,7,9263289,174,774,60,12,1154,100,-71,924,318,60,5831,1,2467,9269120
fd00::215:15:15:15,18,0,0,7,9273290,175,775,60,12,2004,100,-71,925,320,60,5770,1,2437,9279060
fd00::215:15:15:15,18,0,0,7,9283293,176,776,60,12,1244,100,-71,926,322,60,3817,1,2617,9287110
fd00::215:15:15:15,18,0,0,7,9293298,177,777,60,12,974,100,-71,927,324,60,3262,1,3252,9296560
fd00::215:15:15:15,18,0,0,7,9303299,178,778,60,12,2174,100,-71,928,326,60,4111,1,3572,9307410
fd00::215:15:15:15,36,0,0,15,9323307,179,779,60,12,714,100,-71,930,328,60,413,1,1057,9323720
fd00::215:15:15:15,18,0,0,7,9333308,180,781,60,12,1154,100,-71,931,331,60,1052,1,2082,9334360
fd00::215:15:15:15,18,0,0,7,9343311,181,782,60,12,1094,100,-71,932,333,60,919,1,1177,9344230
fd00::215:15:15:15,18,0,0,7,9353316,182,782,60,12,1094,100,-71,933,334,60,154,1,1177,9353470
fd00::215:15:15:15,18,0,0,7,9363317,183,784,60,12,1745,100,-71,934,337,60,1563,1,2412,9364880
fd00::215:15:15:15,18,0,0,8,9373322,184,785,60,12,2524,100,-71,935,339,60,588,1,1927,9373910
fd00::215:15:15:15,18,0,0,7,9383323,185,786,60,12,1834,100,-71,936,341,60,107,1,987,9383430
fd00::215:15:15:15,18,0,0,8,9393328,186,786,60,12,1834,100,-71,937,342,60,672,1,987,9394000
fd00::215:15:15:15,18,0,0,7,9403329,187,788,60,12,1014,100,-71,938,345,60,541,1,682,9403870
fd00::215:15:15:15,18,0,0,7,9413332,188,789,60,12,2494,100,-71,939,347,60,828,1,2052,9414160
fd00::215:15:15:15,18,0,0,8,9423335,189,790,60,12,1384,100,-71,940,349,60,135,1,1637,9423470
fd00::215:15:15:15,18,0,0,7,9433339,190,791,60,12,1604,100,-71,941,351,60,2871,1,3077,9436210
fd00::215:15:15:15,18,0,0,7,9443341,191,792,60,12,3294,100,-71,942,353,60,779,1,1752,9444120
fd00::215:15:15:15,18,0,0,7,9453344,192,793,60,12,924,100,-71,943,355,60,1276,1,2037,9454620
fd00::215:15:15:15,18,0,0,8,9463349,193,793,60,12,924,100,-71,944,356,60,931,1,2037,9464280
fd00::215:15:15:15,18,0,0,7,9473350,194,795,60,12,2694,100,-71,945,359,60,380,1,1627,9473730
fd00::215:15:15:15,18,0,0,8,9483355,195,795,60,12,2694,100,-71,946,360,60,385,1,1627,9483740
fd00::215:15:15:15,18,0,0,8,9493358,196,796,60,12,5014,100,-71,947,362,60,4172,1,2717,9497530
fd00::215:15:15:15,18,0,0,7,9503359,197,798,60,12,2234,100,-71,948,365,60,121,1,1187,9503480
fd00::215:15:15:15,18,0,0,7,9513364,198,798,60,12,2234,100,-71,949,366,60,126,1,1187,9513490
fd00::215:15:15:15,18,0,0,8,9523365,199,800,60,12,1623,100,-71,950,369,60,2515,1,2911,9525880
fd00::215:15:15:15,18,0,0,7,9533369,200,801,60,12,2124,100,-71,951,371,60,141,1,1167,9533510
fd00::215:15:15:15,18,0,0,7,9543371,201,802,60,12,1714,100,-71,952,373,60,1339,1,1557,9544710
fd00::215:15:15:15,18,0,0,8,9553376,202,802,60,12,1714,100,-71,953,374,60,84,1,1557,9553460
fd00::215:15:15:15,18,0,0,7,9563377,203,803,60,12,1947,100,-71,954,376,60,933,1,2128,9564310
fd00::215:15:15:15,18,0,0,7,9573382,204,804,60,12,763,100,-71,955,378,60,3528,1,591,9576910
fd00::215:15:15:15,18,0,0,7,9583385,205,805,60,12,986,100,-71,956,380,60,35,0,563,9583420
fd00::215:15:15:15,18,0,0,7,9593386,206,806,60,12,154,100,-49,957,382,60,814,0,1232,9594200
fd00::215:15:15:15,18,0,0,7,9603389,207,807,60,12,163,100,-49,958,384,60,51,0,1061,9603440
fd00::215:15:15:15,18,0,0,7,9613392,208,808,60,12,384,100,-49,959,386,60,268,0,1347,9613660
fd00::215:15:15:15,18,0,0,7,9623395,209,809,60,12,324,100,-49,960,388,60,275,0,1072,9623670
fd00::215:15:15:15,18,0,0,7,9633399,210,810,60,12,334,100,-49,961,390,60,841,0,272,9634240
fd00::215:15:15:15,18,0,0,7,9643401,211,811,60,12,206,100,-49,962,392,60,2179,0,2763,9645580
fd00::215:15:15:15,18,0,0,7,9653404,212,812,60,12,144,100,-49,963,394,60,16,0,107,9653420
fd00::215:15:15:15,18,0,0,7,9663409,213,813,60,12,84,100,-49,964,396,60,581,0,252,9663990
fd00::215:15:15:15,18,0,0,7,9673410,214,814,60,12,95,100,-49,965,398,60,100,0,1657,9673510
fd00::215:15:15:15,18,0,0,7,9683413,215,815,60,12,104,100,-49,966,400,60,1297,0,2222,9684710
fd00::215:15:15:15,18,0,0,7,9693416,216,816,60,12,184,100,-49,967,402,60,2984,0,722,9696400
fd00::215:15:15:15,18,0,0,7,9703419,217,817,60,12,1384,100,-49,968,404,60,261,0,727,9703680
fd00::215:15:15:15,18,0,0,7,9713422,218,817,60,12,1384,100,-49,969,405,60,338,0,727,9713760
fd00::215:15:15:15,18,0,0,7,9723425,219,819,60,12,1126,100,-49,970,408,60,2935,0,598,9726360
fd00::215:15:15:15,18,0,0,7,9733429,220,820,60,12,1975,100,-49,971,410,60,281,0,1057,9733710
fd00::215:15:15:15,18,0,0,7,9743431,221,821,60,12,444,100,-49,972,412,60,9,0,817,9743440
fd00::215:15:15:15,18,0,0,8,9753434,222,822,60,12,247,100,-49,973,414,60,1136,0,2258,9754570
fd00::215:15:15:15,90,0,1,40,9813452,224,827,60,12,84,100,-49,979,416,60,268,1,372,9813720
fd00::215:15:15:15,18,0,0,8,9823453,225,827,60,12,84,100,-49,980,417,60,1117,1,372,9824570
fd00::215:15:15:15,18,0,0,7,9833458,226,828,60,12,4724,100,-71,981,419,60,912,1,2467,9834370
fd00::215:15:15:15,18,0,0,7,9843463,227,830,60,12,1385,100,-71,982,422,60,287,1,1077,9843750
fd00::215:15:15:15,18,0,0,7,9853464,228,831,60,12,765,100,-71,984,423,60,15416,1,1077,9868880
fd00::215:15:15:15,18,0,0,7,9873470,230,833,60,12,1064,100,-71,986,426,60,8920,1,987,9882390
fd00::215:15:15:15,18,0,0,8,10013512,244,846,60,12,1554,100,-71,999,427,60,1598,1,987,10015110
fd00::215:15:15:15,18,0,0,7,10023515,245,847,60,12,1494,100,-71,1000,429,60,135,1,1062,10023650
fd00::215:15:15:15,18,0,0,8,10033519,246,848,60,12,804,100,-71,1001,431,60,421,1,962,10033940
fd00::215:15:15:15,18,0,0,8,10043521,247,849,60,12,1093,100,-71,1002,433,60,359,1,756,10043880
fd00::215:15:15:15,18,0,0,8,10053524,248,850,60,12,2854,100,-71,1003,435,60,296,1,1497,10053820
fd00::215:15:15:15,18,0,0,7,10063527,249,851,60,12,1674,100,-71,1004,437,60,93,1,907,10063620
fd00::215:15:15:15,18,0,0,7,10073530,250,852,60,12,844,100,-71,1005,439,60,380,1,1437,10073910
fd00::215:15:15:15,18,0,0,8,10083531,251,852,60,12,844,100,-71,1006,440,60,109,1,1437,10083640
fd00::215:15:15:15,18,0,0,7,10093536,252,853,60,12,3794,100,-71,1007,442,60,394,1,2737,10093930
fd00::215:15:15:15,18,0,0,8,10103539,253,854,60,12,3256,100,-71,1009,444,60,13281,1,2258,10116820
fd00::215:15:15:15,414,0,1,1850,10363617,257,868,60,12,1405,100,-71,1034,446,60,3173,0,9268,10366790
fd00::215:15:15:15,18,0,0,7,10373620,258,870,60,12,164,100,-49,1035,448,60,5840,0,3267,10379460
fd00::215:15:15:15,288,0,1,438,10533671,259,885,60,12,184,100,-49,1051,450,60,1469,0,2542,10535140
fd00::215:15:15:15,18,0,0,8,10543671,260,886,60,12,124,100,-49,1052,452,60,219,0,727,10543890
fd00::215:15:15:15,1350,0,4,4017,11303899,262,946,60,12,1585,100,-71,1129,457,60,12721,1,1177,11316620
fd00::215:15:15:15,36,0,0,16,11333910,264,949,60,12,844,100,-71,1131,460,60,3150,1,2907,11337060
fd00::215:15:15:15,18,0,0,8,11343909,265,949,60,12,844,100,-71,1132,461,60,2811,1,2907,11346720
fd00::215:15:15:15,18,0,0,8,11353912,266,949,60,12,844,100,-71,1133,462,60,1278,1,2907,11355190
fd00::215:15:15:15,18,0,0,8,11363917,267,950,60,12,18214,100,-71,1134,464,60,443,1,9562,11364360
fd00::215:15:15:15,18,0,0,8,11373920,268,950,60,12,18214,100,-71,1135,465,60,1850,1,9562,11375770
fd00::215:15:15:15,18,0,0,7,11383923,269,953,60,12,3484,100,-71,1136,468,60,4027,1,4887,11387950
fd00::215:15:15:15,342,0,0,834,11573980,270,962,60,12,315,100,-49,1155,470,60,30,0,927,11574010
fd00::215:15:15:15,18,0,0,7,11583983,271,964,60,12,114,100,-49,1156,473,60,457,0,1947,11584440
fd00::215:15:15:15,126,0,1,57,11654004,272,974,60,12,884,100,-71,1163,477,60,926,1,2437,11654930
fd00::215:15:15:15,18,0,0,8,11664007,273,975,60,12,2856,100,-71,1164,478,60,5693,1,2437,11669700
fd00::215:15:15:15,18,0,0,8,11674008,274,975,60,12,2856,100,-71,1167,479,60,16552,1,2437,11690560
fd00::215:15:15:15,648,0,1,4168,12174160,277,998,60,12,1124,100,-71,1216,482,60,7660,1,632,12181820
fd00::215:15:15:15,18,0,0,7,12184162,278,999,60,12,1484,100,-71,1217,484,60,12498,1,7952,12196660
fd00::215:15:15:15,936,0,25,2490,12704319,279,1039,60,12,4173,100,-71,1268,486,60,191,0,2226,12704510
fd00::215:15:15:15,18,0,0,7,12714322,280,1040,60,12,896,100,-49,1269,488,60,548,0,1813,12714870
fd00::215:15:15:15,18,0,0,7,12724325,281,1041,60,12,203,100,-49,1270,489,60,3145,0,1813,12727470
fd00::215:15:15:15,846,0,5,1803,13204469,283,1080,60,12,257,100,-49,1318,492,60,51,0,1707,13204520
fd00::215:15:15:15,198,0,1,91,13344511,287,1092,60,12,43,100,-49,1332,497,60,289,1,2262,13344800
fd00::215:15:15:15,18,0,0,8,13354514,288,1093,60,12,12584,100,-68,1333,499,60,86,1,6397,13354600
fd00::215:15:15:15,18,0,0,8,13364519,289,1093,60,12,12584,100,-68,1334,500,60,1421,1,6397,13365940
fd00::215:15:15:15,18,0,0,8,13374520,290,1094,60,12,18055,100,-68,1335,501,60,2130,1,6397,13376650
fd00::215:15:15:15,18,0,0,8,13384521,291,1094,60,12,18055,100,-68,1336,502,60,2419,1,6397,13386940
fd00::215:15:15:15,18,0,0,8,13394526,292,1095,60,12,32625,100,-68,1337,504,60,114,1,16872,13394640
fd00::215:15:15:15,324,0,0,442,13594586,295,1109,60,12,2194,100,-49,1357,509,60,4384,0,1447,13598970
fd00::215:15:15:15,18,0,0,7,13604589,296,1112,60,12,83324,100,-68,1358,513,60,3131,0,43377,13607720
fd00::215:15:15:15,1152,0,3,6430,14244780,297,1146,60,12,2204,100,-49,1422,518,60,360,1,3902,14245140
fd00::215:15:15:15,342,0,3,195,14444843,299,1165,60,12,594,100,-49,1442,522,60,7,0,1382,14444850
fd00::215:15:15:15,612,0,2,513,14794948,301,1196,60,12,244,100,-49,1477,525,60,42,0,1487,14794990
fd00::215:15:15:15,18,0,0,8,14804949,302,1197,60,12,955,100,-49,1478,527,60,1311,0,512,14806260
fd00::215:15:15:15,18,0,0,7,14814952,303,1198,60,12,474,100,-49,1479,529,60,58,0,1287,14815010
fd00::215:15:15:15,18,0,0,7,14824955,304,1199,60,12,3004,100,-49,1480,531,60,835,0,2727,14825790
fd00::215:15:15:15,18,0,0,8,14834959,305,1200,60,12,2244,100,-49,1481,533,60,141,0,1157,14835100
fd00::215:15:15:15,18,0,0,7,14844961,306,1201,60,12,645,100,-49,1482,535,60,9,0,1862,14844970
fd00::215:15:15:15,18,0,0,7,14854964,307,1202,60,12,164,100,-49,1483,537,60,996,0,992,14855960
fd00::215:15:15:15,468,0,1,2523,15125045,309,1217,60,12,16,100,-49,1510,540,60,345,1,987,15125390
fd00::215:15:15:15,18,0,0,8,15135047,310,1217,60,12,16,100,-49,1511,541,60,2943,1,987,15137990
fd00::215:15:15:15,18,0,1,7,15165056,313,1220,60,12,7115,100,-68,1515,543,60,12274,1,8527,15177330
fd00::215:15:15:15,594,0,1,3561,15515162,315,1238,60,12,11854,100,-68,1549,545,60,58,0,15257,15515220
fd00::215:15:15:15,18,0,0,7,15525165,316,1240,60,12,485,100,-49,1550,548,60,65,0,1747,15525230
fd00::215:15:15:15,18,0,0,7,15535170,317,1241,60,12,1404,100,-49,1551,550,60,980,0,2032,15536150
fd00::215:15:15:15,18,0,1,6,15545169,318,1242,60,12,924,100,-49,1552,552,60,291,0,1407,15545460
fd00::215:15:15:15,18,0,0,7,15555174,319,1243,60,12,164,100,-49,1553,554,60,3516,0,3512,15558690
fd00::215:15:15:15,810,0,30,2709,16025314,322,1282,60,12,1335,100,-59,1601,559,60,7556,1,1577,16032870
fd00::215:15:15:15,18,0,0,7,16035317,323,1282,60,12,1335,100,-59,1601,560,60,283,0,1577,16035600
fd00::215:15:15:15,18,0,1,7,16045323,324,1284,60,12,10795,100,-59,1602,562,60,3367,0,9317,16048690
fd00::215:15:15:15,18,0,0,7,16055323,325,1285,60,12,36,100,-49,1603,564,60,4287,1,1137,16059610
fd00::215:15:15:15,18,0,0,8,16065326,326,1285,60,12,36,100,-49,1604,565,60,374,1,1137,16065700
fd00::215:15:15:15,18,0,0,7,16075330,327,1286,60,12,7114,100,-59,1605,566,60,240,0,1137,16075570
fd00::215:15:15:15,18,0,0,7,16085335,328,1288,60,12,4757,100,-59,1607,569,60,10535,0,4792,16095870
fd00::215:15:15:15,612,0,3,3774,16425435,329,1300,60,12,2155,100,-59,1640,571,60,65,0,1183,16425500
fd00::215:15:15:15,18,0,0,7,16435439,330,1301,60,12,554,100,-49,1641,573,60,71,0,732,16435510
fd00::215:15:15:15,18,0,0,7,16445441,331,1302,60,12,1474,100,-49,1642,575,60,429,0,877,16445870
fd00::215:15:15:15,18,0,1,7,16455444,332,1303,60,12,224,100,-49,1643,577,60,1136,0,2422,16456580
fd00::215:15:15:15,18,0,0,7,16465445,333,1303,60,12,224,100,-49,1644,578,60,235,0,2422,16465680
fd00::215:15:15:15,18,0,1,7,16475448,334,1305,60,12,1366,100,-49,1645,581,60,1012,0,1803,16476460
fd00::215:15:15:15,18,0,1,7,16485453,335,1306,60,12,1024,100,-49,1647,583,60,8857,0,1947,16494310
fd00::215:15:15:15,18,0,1,7,16495454,336,1307,60,12,3274,100,-49,1647,585,60,3546,0,2267,16499000
fd00::215:15:15:15,18,0,1,7,16505459,337,1307,60,12,3274,100,-49,1650,586,60,17201,0,2267,16522660
fd00::215:15:15:15,18,0,0,7,16515462,338,1307,60,12,3274,100,-49,1651,587,60,23508,0,2267,16538970
fd00::215:15:15:15,540,0,20,1839,16815552,339,1333,60,12,233,100,-49,1679,589,60,1388,0,3336,16816940
fd00::215:15:15:15,486,0,5,1339,17085633,340,1355,60,12,785,100,-49,1706,591,60,177,0,2317,17085810
fd00::215:15:15:15,18,0,0,8,17095636,341,1356,60,12,25,100,-49,1707,593,60,324,0,1377,17095960
fd00::215:15:15:15,18,0,0,8,17105639,342,1357,60,12,3324,100,-49,1708,595,60,191,0,1802,17105830
fd00::215:15:15:15,18,0,0,7,17115642,343,1358,60,12,534,100,-49,1709,597,60,58,0,1352,17115700
fd00::215:15:15:15,18,0,0,7,17125645,344,1359,60,12,264,100,-49,1710,598,60,2305,0,1352,17127950
fd00::215:15:15:15,396,0,2,977,17345711,345,1375,60,12,3563,100,-59,1732,601,60,779,0,3217,17346490
fd00::215:15:15:15,18,0,0,7,17355714,346,1376,60,12,213,100,-49,1733,603,60,16,0,2101,17355730
fd00::215:15:15:15,18,0,0,7,17365717,347,1377,60,12,294,100,-49,1734,605,60,443,0,3017,17366160
fd00::215:15:15:15,18,0,0,8,17375720,348,1378,60,12,1914,100,-49,1735,607,60,170,0,2917,17375890
fd00::215:15:15:15,18,0,0,8,17385725,349,1379,60,12,664,100,-49,1736,609,60,35,0,717,17385760
fd00::215:15:15:15,18,0,0,8,17395726,350,1380,60,12,4384,100,-49,1737,611,60,254,0,2227,17395980
fd00::215:15:15:15,18,0,0,8,17405729,351,1381,60,12,264,100,-49,1738,613,60,331,0,1357,17406060
fd00::215:15:15:15,18,0,0,8,17415734,352,1382,60,12,204,100,-49,1739,615,60,2156,0,557,17417890
fd00::215:15:15:15,18,0,0,7,17425737,353,1383,60,12,1055,100,-49,1740,617,60,3073,0,4202,17428810
fd00::215:15:15:15,18,0,0,8,17435738,354,1383,60,12,1055,100,-49,1741,618,60,1402,0,4202,17437140
fd00::215:15:15:15,792,0,3,4188,18145951,358,1426,60,12,32335,100,-68,1812,628,60,9,0,16202,18145960
fd00::215:15:15:15,18,0,0,8,18155954,359,1426,60,12,32335,100,-68,1813,629,60,2606,0,16202,18158560
fd00::215:15:15:15,18,0,0,7,18165957,360,1428,60,12,44105,100,-68,1814,632,60,3873,0,24852,18169830
fd00::215:15:15:15,18,0,2,6,18175959,361,1429,60,12,45516,100,-68,1816,634,60,12421,0,26818,18188380
fd00::215:15:15:15,342,0,18,365,18366017,362,1450,60,12,524,100,-49,1834,639,60,1143,0,2677,18367160
fd00::215:15:15:15,18,0,0,7,18376020,363,1451,60,12,254,100,-49,1835,641,60,3110,0,2332,18379130
fd00::215:15:15:15,1008,0,10,1706,18936191,364,1495,60,12,734,100,-49,1891,642,60,2659,1,2332,18938850
fd00::215:15:15:15,18,0,0,7,18946191,365,1497,60,12,1944,100,-68,1892,645,60,1129,1,1462,18947320
fd00::215:15:15:15,18,0,0,7,18956194,366,1498,60,12,3705,100,-68,1893,647,60,156,1,2482,18956350
fd00::215:15:15:15,18,0,0,8,18966197,367,1499,60,12,1544,100,-68,1894,649,60,1213,1,2767,18967410
fd00::215:15:15:15,18,0,0,8,18976198,368,1499,60,12,1544,100,-68,1895,650,60,1922,1,2767,18978120
fd00::215:15:15:15,18,0,0,8,18986205,369,1500,60,12,9815,100,-68,1896,652,60,105,1,6237,18986310
fd00::215:15:15:15,18,0,0,8,18996206,370,1502,60,12,3676,100,-68,1897,655,60,394,1,2188,18996600
fd00::215:15:15:15,18,0,0,8,19006207,371,1502,60,12,3676,100,-68,1898,656,60,123,1,2188,19006330
fd00::215:15:15:15,18,0,0,8,19016212,372,1503,60,12,6414,100,-68,1899,658,60,1388,1,3522,19017600
fd00::215:15:15:15,18,0,0,8,19026215,373,1504,60,12,9644,100,-68,1900,659,60,2795,1,3522,19029010
fd00::215:15:15:15,18,0,0,8,19036218,374,1505,60,12,12385,100,-68,1901,661,60,2172,1,8992,19038390
fd00::215:15:15:15,18,0,0,8,19046219,375,1505,60,12,12385,100,-68,1903,662,60,9391,1,8992,19055610
fd00::215:15:15:15,360,0,1,1055,19246281,376,1522,60,12,4554,100,-68,1922,664,60,9,0,2312,19246290
fd00::215:15:15:15,18,0,0,7,19256282,377,1523,60,12,1206,100,-49,1923,666,60,158,0,988,19256440
fd00::215:15:15:15,18,0,1,7,19286292,380,1526,60,12,4034,100,-49,1926,670,60,248,0,3137,19286540
fd00::215:15:15:15,18,0,1,7,19276288,379,1525,60,12,174,100,-49,1927,672,60,17322,1,1532,19293610
fd00::215:15:15:15,18,0,0,7,19296296,381,1527,60,12,475,100,-49,1928,673,60,5364,0,1532,19301660
fd00::215:15:15:15,18,0,1,7,19306299,382,1528,60,12,5874,100,-49,1928,675,60,3411,0,4827,19309710
fd00::215:15:15:15,18,0,1,7,19316302,383,1528,60,12,5874,100,-49,1929,676,60,198,0,4827,19316500
fd00::215:15:15:15,18,0,1,6,19326305,384,1530,60,12,714,100,-49,1930,679,60,65,0,1652,19326370
fd00::215:15:15:15,18,0,1,7,19336309,385,1531,60,12,4084,100,-49,1931,681,60,281,0,2287,19336590
fd00::215:15:15:15,18,0,1,6,19346313,386,1532,60,12,1154,100,-49,1932,683,60,7,0,682,19346320
fd00::215:15:15:15,18,0,1,7,19356314,387,1533,60,12,534,100,-49,1933,685,60,16,0,2437,19356330
fd00::215:15:15:15,18,0,0,7,19366317,388,1534,60,12,2504,100,-49,1934,687,60,233,0,1357,19366550
fd00::215:15:15:15,18,0,1,7,19376320,389,1535,60,12,1813,100,-49,1935,689,60,30,0,1466,19376350
fd00::215:15:15:15,18,0,0,7,19386323,390,1536,60,12,1685,100,-49,1936,691,60,37,0,912,19386360
fd00::215:15:15:15,18,0,1,6,19396326,391,1537,60,12,996,100,-49,1938,692,60,6274,0,912,19402600
fd00::215:15:15:15,990,0,16,855,19956494,393,1575,60,12,85,100,-49,1993,696,60,16,0,1442,19956510
fd00::215:15:15:15,450,0,3,1356,20206569,394,1599,60,12,20474,100,-62,2018,699,60,51,0,5577,20206620
fd00::215:15:15:15,18,0,0,8,20216572,395,1601,60,12,21745,100,-62,2019,702,60,268,0,10942,20216840
fd00::215:15:15:15,18,0,0,8,20226575,396,1602,60,12,1194,100,-49,2020,704,60,65,0,632,20226640
fd00::215:15:15:15,18,0,0,8,20236579,397,1604,60,12,2674,100,-49,2021,707,60,1541,0,1372,20238120
fd00::215:15:15:15,18,0,0,8,20246581,398,1604,60,12,2674,100,-49,2022,708,60,79,0,1372,20246660
fd00::215:15:15:15,504,0,26,467,20566676,401,1633,60,12,265,100,-49,2054,713,60,2964,0,7801,20569640
fd00::215:15:15:15,18,0,1,7,20576679,402,1633,60,12,265,100,-49,2057,714,60,15641,0,7801,20592320
fd00::215:15:15:15,72,0,7,28,20616692,403,1636,60,12,1855,100,-49,2059,718,60,58,0,4987,20616750
fd00::215:15:15:15,18,0,2,6,20626695,404,1637,60,12,33065,100,-68,2060,720,60,555,0,16672,20627250
fd00::215:15:15:15,18,0,1,6,20636697,405,1637,60,12,33065,100,-68,2061,721,60,143,0,16672,20636840
fd00::215:15:15:15,18,0,1,6,20646701,406,1637,60,12,33065,100,-68,2062,722,60,1269,0,16672,20647970
fd00::215:15:15:15,18,0,2,6,20656704,407,1639,60,12,12044,100,-49,2063,725,60,1486,0,8787,20658190
fd00::215:15:15:15,18,0,1,6,20666706,408,1640,60,12,11213,100,-49,2064,727,60,864,0,8756,20667570
fd00::215:15:15:15,18,0,0,8,20676710,409,1640,60,12,11213,100,-49,2065,728,60,450,0,8756,20677160
fd00::215:15:15:15,18,0,0,8,20686713,410,1641,60,12,26134,100,-49,2066,730,60,2347,0,13172,20689060
fd00::215:15:15:15,18,0,2,6,20696715,411,1642,60,12,24395,100,-49,2067,732,60,45,0,12547,20696760
fd00::215:15:15:15,18,0,1,7,20706719,412,1642,60,12,24395,100,-49,2068,733,60,51,0,12547,20706770
fd00::215:15:15:15,18,0,0,8,20716721,413,1642,60,12,24395,100,-49,2069,734,60,59,0,12547,20716780
fd00::215:15:15:15,594,0,37,697,21046821,414,1673,60,12,803,100,-49,2102,738,60,289,0,611,21047110
fd00::215:15:15:15,18,0,0,8,21056826,415,1673,60,12,803,100,-49,2103,739,60,224,0,611,21057050
fd00::215:15:15:15,18,0,0,8,21066827,416,1673,60,12,803,100,-49,2104,740,60,793,0,611,21067620
fd00::215:15:15:15,18,0,0,8,21076830,417,1673,60,12,803,100,-49,2106,741,60,4370,0,611,21081200
fd00::215:15:15:15,18,0,1,7,21086832,418,1674,60,12,45065,100,-49,2106,743,60,38,0,22707,21086870
fd00::215:15:15:15,18,0,0,7,21096836,419,1674,60,12,45065,100,-49,2107,744,60,44,0,22707,21096880
fd00::215:15:15:15,18,0,1,6,21106839,420,1676,60,12,46135,100,-49,2108,747,60,961,0,23837,21107800
fd00::215:15:15:15,18,0,1,8,21116842,421,1677,60,12,46495,100,-49,2109,749,60,58,0,23317,21116900
fd00::215:15:15:15,18,0,1,6,21126845,422,1678,60,12,43075,100,-49,2110,751,60,135,0,21712,21126980
fd00::215:15:15:15,414,0,29,260,21356914,423,1700,60,12,46104,100,-71,2134,754,60,3936,0,23437,21360850
fd00::215:15:15:15,18,0,1,7,21366917,424,1700,60,12,46104,100,-71,2134,755,60,1983,0,23437,21368900
fd00::215:15:15:15,18,0,1,7,21376920,425,1701,60,12,8005,100,-49,2135,757,60,170,0,4562,21377090
fd00::215:15:15:15,18,0,1,7,21386923,426,1702,60,12,65925,100,-71,2136,759,60,2697,0,34712,21389620
fd00::215:15:15:15,18,0,1,6,21396926,427,1704,60,12,66424,100,-71,2137,762,60,814,0,33352,21397740
fd00::215:15:15:15,18,0,1,7,21406929,428,1706,60,12,65874,100,-71,2139,765,60,4111,0,35457,21411040
fd00::215:15:15:15,18,0,3,6,21416932,429,1707,60,12,61193,100,-71,2139,767,60,618,0,31087,21417550
fd00::216:16:16:16,23740,0,23,145215,13189249,1,0,60,0,0,0,0,0,1,60,10371,4,0,13199620
fd00::217:17:17:17,19,0,0,9,11342,1,0,60,0,0,0,0,0,1,60,68,0,0,11410
fd00::217:17:17:17,19,0,0,8,22136,2,1,60,12,104,100,-85,1,3,60,54,0,227,22190
fd00::217:17:17:17,19,0,0,8,32930,3,2,60,12,44,100,-85,2,5,60,250,0,477,33180
fd00::217:17:17:17,19,0,1,7,43722,4,3,60,12,54,100,-85,3,7,60,1428,0,1357,45150
fd00::217:17:17:17,19,0,1,7,54518,5,4,60,12,64,100,-85,4,9,60,3092,0,3637,57610
fd00::217:17:17:17,19,0,1,7,65312,6,5,60,12,74,100,-85,6,11,60,5948,0,1927,71260
fd00::217:17:17:17,466,0,29,423,389132,13,36,60,12,465,100,-85,37,13,60,68,0,1982,389200
fd00::217:17:17:17,19,0,2,7,399926,14,37,60,12,54,100,-85,39,15,60,1454,0,1777,401380
fd00::217:17:17:17,19,0,2,7,410720,15,38,60,12,64,100,-85,41,17,60,16630,0,732,427350
fd00::217:17:17:17,19,0,2,7,421513,16,39,60,12,4064,100,-85,41,19,60,7377,0,9137,428890
fd00::217:17:17:17,19,0,2,6,432307,17,39,60,12,4064,100,-85,42,20,60,6383,0,9137,438690
fd00::217:17:17:17,19,0,3,6,443102,18,40,60,12,13874,100,-85,43,22,60,838,0,9702,443940
fd00::217:17:17:17,19,0,2,6,453896,19,41,60,12,21865,100,-85,44,24,60,54,0,11107,453950
fd00::217:17:17:17,660,0,40,1405,820892,20,78,60,12,64,100,-85,81,30,60,4128,0,2482,825020
fd00::217:17:17:17,19,0,1,7,831686,21,79,60,12,74,100,-85,82,32,60,4114,0,2872,835800
fd00::217:17:17:17,19,0,1,7,842480,22,80,60,12,14,100,-85,83,34,60,1020,0,1722,843500
fd00::217:17:17:17,19,0,0,8,853274,23,81,60,12,24,100,-85,84,36,60,3106,0,3162,856380
fd00::217:17:17:17,19,0,0,8,864068,24,82,60,12,34,100,-85,85,38,60,1272,0,717,865340
fd00::217:17:17:17,19,0,1,7,874862,25,83,60,12,44,100,-85,86,40,60,68,0,1737,874930
fd00::217:17:17:17,19,0,0,8,885656,26,84,60,12,54,100,-85,87,42,60,684,0,1147,886340
fd00::217:17:17:17,19,0,1,8,896450,27,85,60,12,67,100,-85,88,44,60,40,0,2098,896490
fd00::217:17:17:17,19,0,0,8,907244,28,86,60,12,214,100,-85,89,46,60,726,0,1752,907970
fd00::217:17:17:17,19,0,0,8,918040,29,87,60,12,154,100,-85,90,48,60,10,0,1337,918050
fd00::217:17:17:17,19,0,0,8,928831,30,88,60,12,304,100,-85,92,49,60,9379,1,1337,938210
fd00::217:17:17:17,19,0,0,8,939626,31,89,60,12,3744,100,-85,94,51,60,13704,1,9012,953330
fd00::217:17:17:17,19,0,1,8,950420,32,90,60,12,1094,100,-59,96,52,60,26850,1,9012,977270
fd00::217:17:17:17,19,0,1,7,1706000,37,152,60,12,315,100,-85,170,60,60,4940,0,4847,1710940
fd00::217:17:17:17,854,0,21,1646,2180936,38,193,60,12,23,100,-85,218,63,60,10834,0,1337,2191770
fd00::217:17:17:17,19,0,0,8,2191732,39,194,60,12,34,100,-85,218,65,60,1158,0,927,2192890
fd00::217:17:17:17,19,0,1,7,2202524,40,195,60,12,2216,100,-85,219,67,60,656,0,1563,2203180
fd00::217:17:17:17,19,0,1,7,2213318,41,196,60,12,54,100,-85,220,69,60,1692,0,2337,2215010
fd00::217:17:17:17,19,0,2,7,2224112,42,197,60,12,3984,100,-85,221,71,60,558,0,2307,2224670
fd00::217:17:17:17,19,0,1,7,2234906,43,198,60,12,914,100,-85,223,72,60,8594,0,2307,2243500
fd00::217:17:17:17,466,0,18,1164,2493962,44,220,60,12,9844,100,-85,248,76,60,3708,0,5552,2497670
fd00::217:17:17:17,19,0,1,8,2504756,45,221,60,12,11464,100,-85,249,78,60,684,0,6082,2505440
fd00::217:17:17:17,19,0,1,7,2515550,46,223,60,12,75,100,-85,250,81,60,3610,0,387,2519160
fd00::217:17:17:17,19,0,0,8,2526344,47,224,60,12,4702,100,-85,251,83,60,26,0,2631,2526370
fd00::217:17:17:17,621,0,5,2881,2979692,50,244,60,12,855,100,-59,296,85,60,68,0,817,2979760
fd00::217:17:17:17,19,0,1,7,2990486,51,247,60,12,64,100,-85,298,88,60,4814,0,2622,2995300
fd00::217:17:17:17,19,0,2,6,3001280,52,249,60,12,1193,100,-85,299,91,60,4660,0,2346,3005940
fd00::217:17:17:17,446,0,18,1475,3249542,53,282,60,12,1855,100,-85,323,94,60,68,0,2572,3249610
fd00::217:17:17:17,19,0,1,7,3260336,54,284,60,12,264,100,-85,325,97,60,3414,0,1847,3263750
fd00::217:17:17:17,19,0,1,7,3271130,55,285,60,12,414,100,-85,327,98,60,11590,0,1847,3282720
fd00::217:17:17:17,349,0,14,251,3465422,56,303,60,12,4104,100,-85,345,100,60,2588,0,3977,3468010
fd00::217:17:17:17,19,0,1,7,3476216,57,304,60,12,54,100,-85,346,102,60,54,0,2057,3476270
fd00::217:17:17:17,19,0,1,8,3487010,58,305,60,12,1044,100,-85,347,104,60,320,0,3007,3487330
fd00::217:17:17:17,19,0,0,8,3497804,59,306,60,12,3505,100,-85,348,106,60,306,0,3187,3498110
fd00::217:17:17:17,19,0,1,8,3508598,60,307,60,12,1066,100,-85,349,108,60,12,0,953,3508610
fd00::217:17:17:17,485,0,17,1106,3778448,61,332,60,12,5954,100,-85,376,111,60,852,0,4622,3779300
fd00::217:17:17:17,19,0,0,8,3789242,62,333,60,12,854,100,-85,377,113,60,138,0,2247,3789380
fd00::217:17:17:17,19,0,0,8,3800036,63,334,60,12,8004,100,-85,379,115,60,2714,0,4282,3802750
fd00::217:17:17:17,19,0,0,8,3810830,64,334,60,12,8004,100,-85,380,116,60,320,0,4282,3811150
fd00::217:17:17:17,19,0,0,7,3821624,65,335,60,12,16486,100,-85,381,118,60,796,0,8523,3822420
fd00::217:17:17:17,19,0,1,8,4350530,68,385,60,12,234,100,-85,434,125,60,2490,0,1167,4353020
fd00::217:17:17:17,19,0,0,8,4361324,69,386,60,12,34,100,-85,435,127,60,7236,0,1872,4368560
fd00::217:17:17:17,913,0,23,2827,4339736,67,383,60,12,4413,100,-85,435,128,60,30014,1,1872,4369750
fd00::217:17:17:17,19,0,1,8,4372118,70,387,60,12,45,100,-85,436,130,60,5052,0,14917,4377170
fd00::217:17:17:17,718,0,2,2729,4782290,72,414,60,12,1084,100,-85,477,133,60,320,0,647,4782610
fd00::217:17:17:17,19,0,0,9,4793084,73,415,60,12,534,100,-85,478,134,60,4996,0,647,4798080
fd00::217:17:17:17,349,0,0,476,4987376,74,434,60,12,165,100,-85,497,136,60,54,0,432,4987430
fd00::217:17:17:17,19,0,0,8,4998170,75,435,60,12,33,100,-85,498,138,60,110,0,1976,4998280
fd00::217:17:17:17,19,0,0,8,5008964,76,436,60,12,44,100,-85,500,140,60,2196,0,2717,5011160
fd00::217:17:17:17,19,0,0,8,5019758,77,437,60,12,264,100,-85,500,142,60,82,0,657,5019840
fd00::217:17:17:17,19,0,0,8,5030552,78,439,60,12,74,100,-85,502,145,60,838,0,562,5031390
fd00::217:17:17:17,19,0,0,8,5041346,79,440,60,12,14,100,-85,503,147,60,3624,0,2352,5044970
fd00::217:17:17:17,19,0,0,8,5052140,80,441,60,12,655,100,-85,504,149,60,320,0,922,5052460
fd00::217:17:17:17,19,0,0,9,5062936,81,441,60,12,655,100,-85,505,150,60,164,0,922,5063100
fd00::217:17:17:17,19,0,0,9,5073730,82,441,60,12,655,100,-85,506,151,60,10,0,922,5073740
fd00::217:17:17:17,19,0,0,8,5084522,83,443,60,12,54,100,-85,507,154,60,68,0,1217,5084590
fd00::217:17:17:17,272,0,1,294,6099158,87,519,60,12,16,100,-85,608,161,60,12,0,3116,6099170
fd00::217:17:17:17,19,0,0,8,6109952,88,520,60,12,24,100,-85,610,163,60,4338,0,642,6114290
fd00::217:17:17:17,19,0,0,8,6120746,89,522,60,12,44,100,-85,611,166,60,3134,0,1597,6123880
fd00::217:17:17:17,19,0,0,8,6131540,90,523,60,12,54,100,-85,612,168,60,250,0,867,6131790
fd00::217:17:17:17,19,0,0,8,6142334,91,524,60,12,64,100,-85,614,169,60,7936,0,867,6150270
fd00::217:17:17:17,136,0,1,62,6217892,92,530,60,12,124,100,-85,621,170,60,6928,1,867,6224820
fd00::217:17:17:17,19,0,0,8,6228686,93,531,60,12,11336,100,-68,622,171,60,6634,1,867,6235320
fd00::217:17:17:17,330,0,5,156,6444566,97,550,60,12,11764,100,-81,645,174,60,16924,2,15122,6461490
fd00::217:17:17:17,427,0,1,1018,6725210,102,566,60,12,14,100,-85,671,177,60,1650,0,3367,6726860
fd00::217:17:17:17,19,0,0,9,6736006,103,568,60,12,74716,100,-81,673,179,60,11924,0,42292,6747930
fd00::217:17:17:17,38,0,1,17,6757592,104,575,60,12,184,100,-85,674,187,60,1048,0,792,6758640
fd00::217:17:17:17,330,0,0,958,7081412,107,601,60,12,1822,100,-59,707,191,60,208,0,4532,7081620
fd00::217:17:17:17,19,0,0,9,7092206,108,603,60,12,175,100,-85,708,194,60,5024,0,787,7097230
fd00::217:17:17:17,330,0,0,958,7297292,111,619,60,12,234,100,-85,728,196,60,1398,0,1002,7298690
fd00::217:17:17:17,233,0,1,113,7426822,112,632,60,12,1694,100,-59,741,198,60,108,1,1967,7426930
fd00::217:17:17:17,19,0,0,9,7437614,113,633,60,12,3244,100,-59,742,200,60,1076,1,3512,7438690
fd00::217:17:17:17,19,0,0,9,7448408,114,634,60,12,1855,100,-59,744,202,60,9532,1,4462,7457940
fd00::217:17:17:17,77,0,0,36,7491586,115,638,60,12,633,100,-59,748,203,60,5484,1,4462,7497070
fd00::217:17:17:17,19,0,0,8,7502380,116,640,60,12,1284,100,-59,749,206,60,1130,1,1482,7503510
fd00::217:17:17:17,19,0,0,8,7513174,117,641,60,12,1854,100,-59,750,208,60,766,1,1592,7513940
fd00::217:17:17:17,19,0,0,8,7523968,118,642,60,12,2914,100,-59,751,210,60,5442,1,4502,7529410
fd00::217:17:17:17,19,0,0,8,7534760,119,643,60,12,1593,100,-59,752,212,60,3190,1,971,7537950
fd00::217:17:17:17,19,0,0,8,7545554,120,644,60,12,3074,100,-59,753,214,60,1216,1,2832,7546770
fd00::217:17:17:17,330,0,5,291,7836992,124,665,60,12,5805,100,-68,782,217,60,628,0,4137,7837620
fd00::217:17:17:17,19,0,0,8,7847786,125,667,60,12,294,100,-85,783,220,60,54,0,1932,7847840
fd00::217:17:17:17,19,0,0,9,7858579,126,667,60,12,294,100,-85,785,221,60,4661,0,1932,7863240
fd00::217:17:17:17,19,0,0,9,7869374,127,668,60,12,594,100,-85,785,223,60,26,0,1837,7869400
fd00::217:17:17:17,19,0,0,8,7880168,128,670,60,12,54,100,-85,787,226,60,2322,0,1182,7882490
fd00::217:17:17:17,19,0,0,9,7890961,129,670,60,12,54,100,-85,788,227,60,3079,0,1182,7894040
fd00::217:17:17:17,19,0,0,9,7901756,130,672,60,12,426,100,-85,789,229,60,7194,0,2202,7908950
fd00::217:17:17:17,272,0,1,166,8052872,131,687,60,12,365,100,-85,804,232,60,1328,0,2072,8054200
fd00::217:17:17:17,19,0,0,10,8063666,132,688,60,12,95,100,-85,806,233,60,14614,0,2072,8078280
fd00::217:17:17:17,388,0,1,960,8279546,133,704,60,12,24,100,-85,826,235,60,334,0,1237,8279880
fd00::217:17:17:17,660,0,2,1743,8646542,134,735,60,12,44,100,-85,863,237,60,348,0,1352,8646890
fd00::217:17:17:17,19,0,0,9,8657336,135,736,60,12,195,100,-85,864,239,60,54,0,2617,8657390
fd00::217:17:17:17,19,0,0,9,8668130,136,737,60,12,1185,100,-85,865,241,60,600,0,3462,8668730
fd00::217:17:17:17,680,0,1,1850,9045920,137,769,60,12,657,100,-85,903,243,60,810,0,4787,9046730
fd00::217:17:17:17,19,0,0,9,9056714,138,770,60,12,315,100,-85,904,245,60,306,0,927,9057020
fd00::217:17:17:17,19,0,0,9,9067508,139,771,60,12,1024,100,-85,905,246,60,2462,0,927,9069970
fd00::217:17:17:17,19,0,0,9,9078302,140,772,60,12,56,100,-85,906,248,60,138,0,973,9078440
fd00::217:17:17:17,252,0,0,138,9218624,141,786,60,12,56,100,-85,920,249,60,26,0,973,9218650
fd00::217:17:17:17,19,0,0,8,9229420,142,787,60,12,64,100,-85,921,251,60,10,0,767,9229430
fd00::217:17:17:17,19,0,0,8,9240212,143,789,60,12,14,100,-85,923,254,60,4478,0,2177,9244690
fd00::217:17:17:17,19,0,0,8,9251006,144,790,60,12,25,100,-85,924,256,60,4884,0,2917,9255890
fd00::217:17:17:17,19,0,0,8,9261802,145,791,60,12,34,100,-85,925,258,60,5218,0,1627,9267020
fd00::217:17:17:17,19,0,0,8,9272594,146,792,60,12,44,100,-85,926,260,60,306,0,792,9272900
fd00::217:17:17:17,19,0,0,8,9283388,147,793,60,12,54,100,-85,927,262,60,2112,0,2442,9285500
fd00::217:17:17:17,19,0,0,8,9294182,148,794,60,12,484,100,-85,928,264,60,1608,0,1747,9295790
fd00::217:17:17:17,19,0,0,8,9304976,149,795,60,12,74,100,-85,929,265,60,1454,0,1747,9306430
fd00::217:17:17:17,272,0,0,263,9456092,150,810,60,12,14,100,-85,944,267,60,278,0,3052,9456370
fd00::217:17:17:17,19,0,0,8,9466886,151,811,60,12,24,100,-85,945,269,60,264,0,1587,9467150
fd00::217:17:17:17,19,0,0,8,9477680,152,812,60,12,34,100,-85,946,271,60,40,0,2782,9477720
fd00::217:17:17:17,19,0,0,8,9488476,153,813,60,12,44,100,-85,947,273,60,24,0,2437,9488500
fd00::217:17:17:17,19,0,0,8,9499270,154,814,60,12,264,100,-85,948,275,60,10,0,2792,9499280
fd00::217:17:17:17,19,0,0,8,9510062,155,816,60,12,74,100,-85,950,278,60,2798,0,1402,9512860
fd00::217:17:17:17,19,0,0,8,9520856,156,817,60,12,13,100,-85,951,280,60,1104,0,951,9521960
fd00::217:17:17:17,19,0,0,8,9531650,157,818,60,12,24,100,-85,952,282,60,1440,0,992,9533090
fd00::217:17:17:17,19,0,0,8,9542444,158,819,60,12,34,100,-85,953,284,60,4576,0,1662,9547020
fd00::217:17:17:17,19,0,0,8,9553238,159,820,60,12,44,100,-85,954,286,60,12,0,442,9553250
fd00::217:17:17:17,19,0,0,8,9564032,160,821,60,12,337,100,-85,955,288,60,1328,0,2653,9565360
fd00::217:17:17:17,19,0,0,8,9574826,161,822,60,12,63,100,-85,956,290,60,1034,0,2901,9575860
fd00::217:17:17:17,19,0,0,8,9585622,162,823,60,12,76,100,-85,957,292,60,38,0,1788,9585660
fd00::217:17:17:17,19,0,0,8,9596414,163,824,60,12,1414,100,-85,958,294,60,656,0,742,9597070
fd00::217:17:17:17,19,0,0,8,9607210,164,825,60,12,793,100,-85,959,296,60,10,0,536,9607220
fd00::217:17:17:17,408,0,1,1590,9984998,166,857,60,12,54,100,-85,997,299,60,432,0,797,9985430
fd00::217:17:17:17,524,0,3,911,10276436,167,881,60,12,66,100,-85,1026,302,60,54,0,348,10276490
fd00::217:17:17:17,19,0,0,8,10287230,168,882,60,12,74,100,-85,1027,303,60,600,0,348,10287830
fd00::217:17:17:17,19,0,0,8,10298026,169,883,60,12,14,100,-85,1028,305,60,24,0,217,10298050
fd00::217:17:17:17,310,0,1,483,10470728,170,899,60,12,52,100,-85,1046,308,60,6942,0,3806,10477670
fd00::217:17:17:17,38,0,0,17,10492316,171,901,60,12,74,100,-85,1048,311,60,4814,0,387,10497130
fd00::217:17:17:17,408,0,1,841,10718990,172,920,60,12,714,100,-85,1070,312,60,40,0,387,10719030
fd00::217:17:17:17,680,0,3,1084,11107574,174,957,60,12,56,100,-85,1109,318,60,26,0,1813,11107600
fd00::217:17:17:17,19,0,0,8,11118368,175,958,60,12,2583,100,-85,1110,320,60,292,0,2481,11118660
fd00::217:17:17:17,19,0,0,8,11301866,177,975,60,12,45,100,-85,1129,324,60,5794,0,1877,11307660
fd00::217:17:17:17,19,0,0,8,11312659,178,976,60,12,683,100,-85,1130,326,60,6411,2,4227,11319070
fd00::217:17:17:17,466,0,2,2151,11571716,179,987,60,12,35,100,-85,1156,329,60,54,0,787,11571770
fd00::217:17:17:17,19,0,0,8,11582510,180,989,60,12,324,100,-85,1157,332,60,250,0,372,11582760
fd00::217:17:17:17,19,0,0,8,11593306,181,991,60,12,685,100,-85,1158,335,60,584,0,482,11593890
fd00::217:17:17:17,19,0,0,8,11604100,182,994,60,12,204,100,-85,1159,339,60,4490,0,4267,11608590
fd00::217:17:17:17,19,0,0,8,11614892,183,995,60,12,214,100,-85,1160,341,60,1888,0,212,11616780
fd00::217:17:17:17,19,0,0,8,11625688,184,996,60,12,16,100,-85,1161,343,60,52,0,148,11625740
fd00::217:17:17:17,19,0,0,8,11636480,185,997,60,12,24,100,-85,1162,345,60,250,0,1657,11636730
fd00::217:17:17:17,19,0,0,8,11647274,186,998,60,12,34,100,-85,1163,347,60,166,0,1977,11647440
fd00::217:17:17:17,19,0,0,8,11658068,187,999,60,12,44,100,-85,1164,349,60,12,0,757,11658080
fd00::217:17:17:17,466,0,1,1025,12089828,191,1034,60,12,194,100,-85,1207,351,60,12,0,2198,12089840
fd00::217:17:17:17,19,0,0,8,12100622,192,1036,60,12,74,100,-85,1209,354,60,348,0,352,12100970
fd00::217:17:17:17,19,0,0,8,12111416,193,1037,60,12,223,100,-85,1210,356,60,54,0,146,12111470
fd00::217:17:17:17,19,0,0,8,12122210,194,1038,60,12,512,100,-85,1211,358,60,40,0,361,12122250
fd00::217:17:17:17,19,0,0,9,12133006,195,1039,60,12,36,100,-85,1212,360,60,24,0,123,12133030
fd00::217:17:17:17,19,0,0,8,12143798,196,1040,60,12,324,100,-85,1213,362,60,82,0,337,12143880
fd00::217:17:17:17,19,0,0,8,12154592,197,1041,60,12,964,100,-85,1214,364,60,68,0,552,12154660
fd00::217:17:17:17,19,0,0,8,12165386,198,1042,60,12,63,100,-85,1215,366,60,54,0,1291,12165440
fd00::217:17:17:17,19,0,0,9,12176180,199,1043,60,12,74,100,-85,1216,368,60,40,0,737,12176220
fd00::217:17:17:17,19,0,0,9,12186974,200,1044,60,12,714,100,-85,1217,370,60,796,0,462,12187770
fd00::217:17:17:17,19,0,0,9,12197770,201,1045,60,12,94,100,-85,1218,372,60,1270,0,82,12199040
fd00::217:17:17:17,369,0,8,499,12424442,204,1060,60,12,184,100,-85,1241,374,60,208,0,1492,12424650
fd00::217:17:17:17,19,0,0,8,12435238,205,1061,60,12,265,100,-85,1242,376,60,962,0,657,12436200
fd00::217:17:17:17,19,0,0,8,12446032,206,1062,60,12,63,100,-85,1243,378,60,458,0,486,12446490
fd00::217:17:17:17,19,0,0,8,12456824,207,1063,60,12,74,100,-85,1244,380,60,26,0,772,12456850
fd00::217:17:17:17,19,0,0,8,12467618,208,1065,60,12,15,100,-85,1245,383,60,432,0,987,12468050
fd00::217:17:17:17,19,0,0,8,12478412,209,1066,60,12,234,100,-85,1246,385,60,68,0,712,12478480
fd00::217:17:17:17,19,0,0,8,12489208,210,1067,60,12,2554,100,-85,1247,387,60,52,0,1312,12489260
fd00::217:17:17:17,38,0,1,16,12521588,212,1070,60,12,274,100,-85,1251,391,60,5052,0,802,12526640
fd00::217:17:17:17,38,0,0,16,12543176,213,1073,60,12,24,100,-85,1253,395,60,194,0,362,12543370
fd00::217:17:17:17,582,0,1,3697,12877792,215,1088,60,12,74,100,-85,1286,396,60,38,0,362,12877830
fd00::217:17:17:17,19,0,0,8,12888584,216,1089,60,12,294,100,-85,1288,398,60,6676,0,2142,12895260
fd00::217:17:17:17,19,0,0,8,12899380,217,1090,60,12,444,100,-85,1288,400,60,10,0,2672,12899390
fd00::217:17:17:17,19,0,0,8,12910172,218,1092,60,12,44,100,-85,1290,403,60,1398,0,652,12911570
fd00::217:17:17:17,19,0,0,8,12920966,219,1093,60,12,54,100,-85,1291,405,60,2364,0,1637,12923330
fd00::217:17:17:17,19,0,0,8,12931760,220,1094,60,12,204,100,-85,1292,406,60,5850,0,1637,12937610
fd00::217:17:17:17,427,0,7,1252,13169228,221,1113,60,12,2676,100,-85,1316,408,60,3232,0,1828,13172460
fd00::217:17:17:17,408,0,15,1020,13719722,225,1166,60,12,74,100,-85,1371,414,60,5808,0,2662,13725530
fd00::217:17:17:17,19,0,1,7,13730516,226,1168,60,12,24,100,-85,1372,416,60,7404,0,3192,13737920
fd00::217:17:17:17,874,0,23,3582,14216246,227,1210,60,12,14,100,-85,1420,420,60,54,0,34617,14216300
fd00::217:17:17:17,19,0,0,7,14227040,228,1211,60,12,24,100,-85,1421,422,60,40,0,1972,14227080
fd00::217:17:17:17,19,0,1,7,14237834,229,1212,60,12,34,100,-85,1422,424,60,26,0,1767,14237860
fd00::217:17:17:17,19,0,1,7,14248628,230,1213,60,12,3054,100,-85,1423,426,60,642,0,1702,14249270
fd00::217:17:17:17,19,0,2,7,14259421,231,1213,60,12,3054,100,-85,1424,427,60,349,0,1702,14259770
fd00::217:17:17:17,19,0,2,7,14291804,234,1215,60,12,30514,100,-85,1428,430,60,1636,0,16062,14293440
fd00::217:17:17:17,19,0,2,7,14302598,235,1217,60,12,20665,100,-85,1429,433,60,2042,0,11172,14304640
fd00::217:17:17:17,116,0,8,45,14367362,236,1225,60,12,23,100,-85,1435,435,60,68,0,1131,14367430
fd00::217:17:17:17,19,0,0,7,14378156,237,1226,60,12,174,100,-85,1436,437,60,754,0,2082,14378910
fd00::217:17:17:17,310,0,18,313,14572448,240,1244,60,12,24,100,-85,1456,442,60,1762,0,1377,14574210
fd00::217:17:17:17,19,0,1,7,14583242,241,1245,60,12,34,100,-85,1457,444,60,278,0,1592,14583520
fd00::217:17:17:17,19,0,1,7,14594036,242,1246,60,12,42,100,-85,1458,446,60,124,0,2051,14594160
fd00::217:17:17:17,19,0,1,7,14604830,243,1247,60,12,195,100,-85,1459,448,60,40,0,1427,14604870
fd00::217:17:17:17,19,0,1,7,14615624,244,1248,60,12,64,100,-85,1460,450,60,656,0,907,14616280
fd00::217:17:17:17,19,0,0,8,14626417,245,1248,60,12,64,100,-85,1461,451,60,13,0,907,14626430
fd00::217:17:17:17,19,0,1,7,14637211,246,1249,60,12,7004,100,-85,1465,453,60,28069,0,8192,14665280
fd00::217:17:17:17,1126,0,78,2912,15263264,247,1308,60,12,14,100,-85,1525,460,60,1286,0,2247,15264550
fd00::217:17:17:17,19,0,1,7,15274058,248,1309,60,12,24,100,-85,1526,462,60,12,0,292,15274070
fd00::217:17:17:17,19,0,1,7,15284852,249,1310,60,12,32,100,-85,1528,463,60,13508,0,292,15298360
fd00::217:17:17:17,913,0,32,3936,15792170,250,1349,60,12,476,100,-85,1578,467,60,1930,0,1988,15794100
fd00::217:17:17:17,19,0,1,7,15802964,251,1351,60,12,624,100,-85,1580,469,60,8426,0,32443,15811390
fd00::217:17:17:17,310,0,12,403,15975668,252,1371,60,12,24,100,-85,1596,474,60,222,0,1517,15975890
fd00::217:17:17:17,19,0,1,7,15986462,253,1372,60,12,1925,100,-85,1597,476,60,2168,0,1172,15988630
fd00::217:17:17:17,19,0,2,6,15997256,254,1373,60,12,1865,100,-85,1598,478,60,54,0,1352,15997310
fd00::217:17:17:17,19,0,1,7,16008050,255,1374,60,12,54,100,-85,1599,480,60,40,0,832,16008090
fd00::217:17:17:17,19,0,1,7,16018844,256,1375,60,12,65,100,-85,1600,482,60,306,0,1222,16019150
fd00::217:17:17:17,19,0,1,7,16029638,257,1376,60,12,355,100,-85,1602,484,60,2952,0,282,16032590
fd00::217:17:17:17,19,0,1,7,16040432,258,1377,60,12,9185,100,-85,1603,486,60,1538,0,5957,16041970
fd00::217:17:17:17,19,0,2,6,16051226,259,1377,60,12,9185,100,-85,1604,487,60,1104,0,5957,16052330
fd00::217:17:17:17,19,0,1,7,16062019,260,1379,60,12,7664,100,-85,1605,490,60,41,0,4917,16062060
fd00::217:17:17:17,19,0,2,6,16072814,261,1381,60,12,964,100,-85,1606,492,60,5206,0,3912,16078020
fd00::217:17:17:17,19,0,2,7,16083608,262,1382,60,12,65,100,-85,1607,494,60,5122,0,3532,16088730
fd00::217:17:17:17,19,0,2,7,16094402,263,1383,60,12,214,100,-85,1608,496,60,68,0,1262,16094470
fd00::217:17:17:17,19,0,0,7,16105196,264,1384,60,12,2116,100,-85,1609,498,60,964,0,1478,16106160
fd00::217:17:17:17,19,0,1,7,16115989,265,1385,60,12,95,100,-85,1610,500,60,1721,0,712,16117710
fd00::217:17:17:17,19,0,1,7,16126786,266,1386,60,12,34,100,-85,1611,502,60,24,0,1417,16126810
fd00::217:17:17:17,466,0,29,1432,16385840,267,1410,60,12,16,100,-85,1637,504,60,40,0,1863,16385880
fd00::217:17:17:17,19,0,2,6,16396636,268,1411,60,12,24,100,-85,1638,506,60,24,0,1482,16396660
fd00::217:17:17:17,19,0,1,7,16407428,269,1412,60,12,34,100,-85,1639,508,60,12,0,612,16407440
fd00::217:17:17:17,19,0,1,7,16418222,270,1413,60,12,1026,100,-85,1640,510,60,68,0,618,16418290
fd00::217:17:17:17,19,0,1,7,16429018,271,1414,60,12,56,100,-85,1641,512,60,52,0,553,16429070
fd00::217:17:17:17,19,0,1,7,16439810,272,1415,60,12,64,100,-85,1643,514,60,4730,0,2062,16444540
fd00::217:17:17:17,19,0,1,7,16450604,273,1416,60,12,2314,100,-85,1644,516,60,446,0,2452,16451050
fd00::217:17:17:17,19,0,1,8,16461398,274,1418,60,12,25,100,-85,1645,519,60,82,0,432,16461480
fd00::217:17:17:17,19,0,0,9,16472194,275,1419,60,12,36,100,-85,1646,521,60,136,0,368,16472330
fd00::217:17:17:17,19,0,0,8,16482986,276,1420,60,12,254,100,-85,1647,522,60,3484,0,368,16486470
fd00::217:17:17:17,1340,0,20,7767,17281742,282,1461,60,12,426,100,-85,1727,527,60,4898,0,3223,17286640
fd00::217:17:17:17,19,0,0,8,17292536,283,1462,60,12,14,100,-85,1728,529,60,2224,0,2317,17294760
fd00::217:17:17:17,19,0,1,7,17303330,284,1462,60,12,14,100,-85,1729,530,60,1230,0,2317,17304560
fd00::217:17:17:17,213,0,13,86,17422064,285,1475,60,12,1615,100,-68,1741,533,60,5206,1,3432,17427270
fd00::217:17:17:17,19,0,0,8,17432857,286,1475,60,12,1615,100,-68,1742,534,60,2183,1,3432,17435040
fd00::217:17:17:17,291,0,14,139,17594770,287,1491,60,12,34,100,-85,1758,536,60,1760,0,2392,17596530
fd00::217:17:17:17,19,0,1,7,17605562,288,1492,60,12,44,100,-85,1759,538,60,68,0,2367,17605630
fd00::217:17:17:17,19,0,1,7,17616356,289,1493,60,12,55,100,-85,1760,540,60,54,0,832,17616410
fd00::217:17:17:17,19,0,1,7,17627150,290,1494,60,12,64,100,-85,1761,542,60,390,0,662,17627540
fd00::217:17:17:17,19,0,1,8,17637943,291,1495,60,12,775,100,-85,1763,544,60,7867,0,982,17645810
fd00::217:17:17:17,19,0,2,7,17648738,292,1496,60,12,7504,100,-85,1765,546,60,15902,0,12257,17664640
fd00::217:17:17:17,563,0,35,1043,17972558,294,1528,60,12,66,100,-85,1796,554,60,12,0,383,17972570
fd00::217:17:17:17,19,0,1,7,17983352,295,1529,60,12,73,100,-85,1797,556,60,68,0,1681,17983420
fd00::217:17:17:17,19,0,1,7,17994146,296,1530,60,12,14,100,-85,1798,558,60,54,0,672,17994200
fd00::217:17:17:17,19,0,1,7,18004940,297,1531,60,12,24,100,-85,1799,560,60,250,0,992,18005190
fd00::217:17:17:17,19,0,1,7,18015736,298,1532,60,12,664,100,-85,1800,562,60,1074,0,542,18016810
fd00::217:17:17:17,19,0,1,7,18026528,299,1533,60,12,44,100,-85,1801,564,60,572,0,547,18027100
fd00::217:17:17:17,19,0,1,8,18037322,300,1534,60,12,7054,100,-85,1802,566,60,138,0,3702,18037460
fd00::217:17:17:17,19,0,0,8,18048116,301,1535,60,12,64,100,-85,1803,568,60,124,0,277,18048240
fd00::217:17:17:17,19,0,0,8,18058910,302,1536,60,12,144,100,-85,1804,570,60,40,0,142,18058950
fd00::217:17:17:17,19,0,0,8,18069704,303,1537,60,12,16,100,-85,1805,572,60,236,0,1513,18069940
fd00::217:17:17:17,19,0,0,8,18080498,304,1539,60,12,175,100,-85,1807,575,60,152,0,297,18080650
fd00::217:17:17:17,19,0,0,8,18091294,305,1539,60,12,175,100,-85,1808,576,60,66,0,297,18091360
fd00::217:17:17:17,19,0,0,7,18102086,306,1541,60,12,405,100,-85,1809,579,60,4534,0,3142,18106620
fd00::217:17:17:17,19,0,0,8,18112880,307,1542,60,12,484,100,-85,1810,580,60,6200,0,3142,18119080
fd00::217:17:17:17,116,0,4,50,18177644,308,1547,60,12,674,100,-85,1817,582,60,11786,1,4257,18189430
fd00::217:17:17:17,19,0,0,8,18188437,309,1547,60,12,674,100,-85,1818,583,60,5753,1,4257,18194190
fd00::217:17:17:17,19,0,1,7,18199234,310,1547,60,12,674,100,-85,1818,584,60,276,1,4257,18199510
fd00::217:17:17:17,524,0,12,2476,18501464,312,1574,60,12,35,100,-85,1849,587,60,1426,0,1417,18502890
fd00::217:17:17:17,19,0,0,7,18512258,313,1575,60,12,256,100,-85,1850,589,60,1762,0,1983,18514020
fd00::217:17:17:17,19,0,0,8,18523052,314,1576,60,12,54,100,-85,1851,591,60,3078,0,3037,18526130
fd00::217:17:17:17,19,0,0,7,18533846,315,1577,60,12,134,100,-85,1852,593,60,754,0,2237,18534600
fd00::217:17:17:17,19,0,0,8,18544640,316,1578,60,12,75,100,-85,1853,595,60,460,0,1682,18545100
fd00::217:17:17:17,19,0,0,7,18555434,317,1579,60,12,14,100,-85,1854,597,60,26,0,2002,18555460
fd00::217:17:17:17,349,0,6,522,18760520,319,1599,60,12,14,100,-85,1875,598,60,8020,0,2002,18768540
fd00::217:17:17:17,291,0,6,364,18922430,320,1615,60,12,34,100,-85,1891,601,60,530,0,1452,18922960
fd00::217:17:17:17,19,0,0,8,18933224,321,1616,60,12,44,100,-85,1892,603,60,26,0,687,18933250
fd00::217:17:17:17,19,0,0,8,18944018,322,1617,60,12,54,100,-85,1893,604,60,2882,0,687,18946900
fd00::217:17:17:17,796,0,13,3103,19386572,323,1655,60,12,75,100,-85,1937,608,60,68,0,2032,19386640
fd00::217:17:17:17,19,0,0,8,19397366,324,1656,60,12,296,100,-85,1938,610,60,54,0,1898,19397420
fd00::217:17:17:17,19,0,0,7,19408160,325,1657,60,12,24,100,-85,1939,612,60,40,0,1412,19408200
fd00::217:17:17:17,19,0,0,8,19418954,326,1658,60,12,314,100,-85,1940,614,60,26,0,2782,19418980
fd00::217:17:17:17,19,0,0,8,19429748,327,1659,60,12,44,100,-85,1942,616,60,6942,0,1597,19436690
fd00::217:17:17:17,19,0,0,8,19440542,328,1661,60,12,64,100,-85,1943,619,60,1048,0,697,19441590
fd00::217:17:17:17,19,0,0,8,19451336,329,1662,60,12,74,100,-85,1944,621,60,3134,0,2067,19454470
fd00::217:17:17:17,19,0,0,7,19462130,330,1663,60,12,224,100,-85,1945,623,60,670,0,1372,19462800
fd00::217:17:17:17,19,0,0,8,19472924,331,1664,60,12,163,100,-85,1946,625,60,2476,0,2671,19475400
fd00::217:17:17:17,19,0,0,8,19483718,332,1665,60,12,104,100,-85,1947,627,60,3232,0,787,19486950
fd00::217:17:17:17,19,0,0,8,19494512,333,1666,60,12,324,100,-85,1948,629,60,488,0,2472,19495000
fd00::217:17:17:17,19,0,0,8,19505306,334,1667,60,12,3204,100,-85,1949,631,60,4114,0,4472,19509420
fd00::217:17:17:17,19,0,0,8,19526893,336,1668,60,12,3844,100,-85,1951,632,60,307,0,4472,19527200
fd00::217:17:17:17,505,0,2,500,19818332,338,1689,60,12,57714,100,-70,1980,637,60,698,0,29486,19819030
fd00::217:17:17:17,19,0,0,8,19829126,339,1691,60,12,51493,100,-70,1981,640,60,124,0,25851,19829250
fd00::217:17:17:17,446,0,1,1687,20077390,340,1712,60,12,64,100,-85,2006,641,60,10,0,25851,20077400
fd00::217:17:17:17,19,0,0,8,20088182,341,1713,60,12,76,100,-85,2007,643,60,348,0,1893,20088530
fd00::217:17:17:17,19,0,0,8,20098976,342,1714,60,12,14,100,-85,2009,645,60,3694,0,742,20102670
fd00::217:17:17:17,19,0,0,8,20109772,343,1715,60,12,24,100,-85,2010,647,60,5218,0,1552,20114990
fd00::217:17:17:17,19,0,0,8,20120564,344,1717,60,12,185,100,-85,2012,649,60,18716,0,2677,20139280
fd00::217:17:17:17,408,0,1,1337,20455178,346,1740,60,12,26,100,-85,2044,653,60,12,0,48,20455190
fd00::217:17:17:17,19,0,0,8,20465972,347,1741,60,12,243,100,-85,2045,655,60,278,0,401,20466250
fd00::217:17:17:17,38,0,1,16,20498354,349,1744,60,12,274,100,-85,2048,659,60,306,0,907,20498660
fd00::217:17:17:17,19,0,0,8,20509148,350,1745,60,12,635,100,-85,2050,661,60,2952,0,1332,20512100
fd00::217:17:17:17,602,0,3,2074,20854556,352,1762,60,12,52695,100,-59,2084,665,60,54,0,807,20854610
fd00::217:17:17:17,19,0,0,8,20865350,353,1763,60,12,3094,100,-85,2085,667,60,110,0,1582,20865460
fd00::217:17:17:17,19,0,0,8,20876146,354,1765,60,12,83874,100,-59,2087,670,60,5204,0,42427,20881350
fd00::217:17:17:17,19,0,0,8,20886938,355,1766,60,12,383,100,-85,2087,672,60,152,0,856,20887090
fd00::217:17:17:17,19,0,0,8,20897732,356,1768,60,12,96766,100,-59,2088,675,60,1958,0,48418,20899690
fd00::217:17:17:17,19,0,0,8,20908526,357,1769,60,12,193,100,-85,2089,677,60,54,0,411,20908580
fd00::217:17:17:17,19,0,0,8,20919322,358,1770,60,12,64,100,-85,2090,679,60,38,0,347,20919360
fd00::217:17:17:17,19,0,0,8,20930114,359,1773,60,12,107354,100,-59,2092,683,60,1356,0,54342,20931470
fd00::217:17:17:17,19,0,0,8,20940908,360,1776,60,12,376,100,-85,2093,687,60,7922,0,1448,20948830
fd00::217:17:17:17,19,0,0,8,20951702,361,1778,60,12,175,100,-85,2094,690,60,2868,0,367,20954570
fd00::217:17:17:17,19,0,0,8,20962496,362,1780,60,12,44,100,-85,2095,693,60,124,0,827,20962620
fd00::217:17:17:17,19,0,0,8,20973290,363,1781,60,12,2296,100,-85,2096,695,60,950,0,1183,20974240
fd00::217:17:17:17,19,0,0,8,20984084,364,1782,60,12,66,100,-85,2097,697,60,26,0,1853,20984110
fd00::217:17:17:17,19,0,0,8,20994878,365,1783,60,12,145,100,-85,2099,698,60,13522,0,1853,21008400
fd00::217:17:17:17,446,0,1,421,21243140,366,1807,60,12,255,100,-85,2123,700,60,320,0,582,21243460
fd00::217:17:17:17,19,0,0,8,21253934,367,1808,60,12,54,100,-85,2124,702,60,26,0,307,21253960
fd00::217:17:17:17,19,0,0,8,21264727,368,1808,60,12,54,100,-85,2125,703,60,293,0,307,21265020
fd00::217:17:17:17,19,0,0,8,21275522,369,1810,60,12,74,100,-85,2126,706,60,278,0,1192,21275800
fd00::218:18:18:18,38,0,0,176,20792,1,0,60,0,0,0,0,0,1,60,68,0,0,20860
fd00::218:18:18:18,19,0,0,8,31369,2,1,60,12,604,100,-75,1,3,60,131,0,722,31500
fd00::218:18:18:18,19,0,0,8,41946,3,2,60,12,614,100,-75,2,5,60,2994,0,2232,44940
fd00::218:18:18:18,19,0,0,8,52523,4,2,60,12,614,100,-75,3,6,60,47,0,2232,52570
fd00::218:18:18:18,19,0,0,8,63100,5,4,60,12,1124,100,-75,4,9,60,600,0,1577,63700
fd00::218:18:18:18,19,0,0,8,73676,6,4,60,12,1124,100,-75,5,10,60,3324,0,1577,77000
fd00::218:18:18:18,304,0,2,522,274642,10,21,60,12,1534,100,-75,25,11,60,108,0,1577,274750
fd00::218:18:18:18,19,0,0,8,285217,11,23,60,12,714,100,-75,26,14,60,313,0,392,285530
fd00::218:18:18:18,647,0,10,3914,665989,14,40,60,12,1444,100,-75,64,17,60,61,0,827,666050
fd00::218:18:18:18,19,0,0,8,676566,15,41,60,12,2224,100,-75,65,19,60,54,0,1147,676620
fd00::218:18:18:18,19,0,0,8,687143,16,42,60,12,4195,100,-75,66,21,60,1307,0,2167,688450
fd00::218:18:18:18,19,0,0,8,697720,17,43,60,12,1194,100,-75,67,23,60,40,0,1577,697760
fd00::218:18:18:18,19,0,0,8,708297,18,44,60,12,1836,100,-75,68,25,60,33,0,1058,708330
fd00::218:18:18:18,19,0,0,8,718874,19,45,60,12,1284,100,-75,69,27,60,26,0,817,718900
fd00::218:18:18:18,514,0,11,1754,1036186,23,73,60,12,344,100,-75,101,30,60,444,0,347,1036630
fd00::218:18:18:18,19,0,1,7,1046759,24,74,60,12,2244,100,-75,102,32,60,231,0,1472,1046990
fd00::218:18:18:18,19,0,1,7,1057338,25,75,60,12,154,100,-75,103,34,60,12,0,217,1057350
fd00::218:18:18:18,19,0,1,7,1067915,26,76,60,12,445,100,-75,104,35,60,635,0,217,1068550
fd00::218:18:18:18,19,0,1,7,1078490,27,77,60,12,1365,100,-75,105,37,60,70,0,997,1078560
fd00::218:18:18:18,19,0,1,8,1089069,28,78,60,12,534,100,-75,106,39,60,61,0,1037,1089130
fd00::218:18:18:18,19,0,1,7,1099646,29,79,60,12,1664,100,-75,107,41,60,54,0,1917,1099700
fd00::218:18:18:18,19,0,2,7,1110221,30,80,60,12,345,100,-75,109,43,60,329,0,872,1110550
fd00::218:18:18:18,19,0,2,7,1131377,32,83,60,12,794,100,-75,111,47,60,5913,0,3617,1137290
fd00::218:18:18:18,38,0,3,14,1152530,33,84,60,12,6055,100,-75,113,49,60,1700,1,3447,1154230
fd00::218:18:18:18,19,0,1,7,1163106,34,84,60,12,6055,100,-75,114,50,60,84,1,3447,1163190
fd00::218:18:18:18,19,0,1,8,1173684,35,84,60,12,6055,100,-75,115,51,60,3996,1,3447,1177680
fd00::218:18:18:18,19,0,0,8,1184261,36,84,60,12,6055,100,-75,116,52,60,419,1,3447,1184680
fd00::218:18:18:18,19,0,2,7,1226570,40,87,60,12,39556,100,-67,120,54,60,250,0,12523,1226820
fd00::218:18:18:18,19,0,1,7,1205416,38,86,60,12,33596,100,-67,121,58,60,30154,2,22617,1235570
fd00::218:18:18:18,19,0,1,8,1237147,41,89,60,12,45024,100,-67,121,59,60,33,0,22617,1237180
fd00::218:18:18:18,19,0,3,5,1247724,42,90,60,12,765,100,-75,122,61,60,166,0,592,1247890
fd00::218:18:18:18,19,0,2,6,1258301,43,92,60,12,53786,100,-67,123,64,60,19,0,26998,1258320
fd00::218:18:18:18,19,0,2,6,1268878,44,94,60,12,58414,100,-67,124,67,60,292,0,29557,1269170
fd00::218:18:18:18,19,0,2,6,1279455,45,96,60,12,57654,100,-67,125,70,60,75,0,28932,1279530
fd00::218:18:18:18,19,0,1,7,1290031,46,97,60,12,873,100,-75,127,72,60,2379,0,3656,1292410
fd00::218:18:18:18,19,0,1,7,1300609,47,98,60,12,4315,100,-75,128,74,60,1041,0,2297,1301650
fd00::218:18:18:18,19,0,2,6,1311186,48,100,60,12,344,100,-75,129,77,60,3484,0,2307,1314670
fd00::218:18:18:18,19,0,1,7,1321763,49,101,60,12,214,100,-75,130,79,60,47,0,282,1321810
fd00::218:18:18:18,19,0,1,7,1332340,50,102,60,12,154,100,-75,131,81,60,3750,0,2212,1336090
fd00::218:18:18:18,19,0,1,7,1342917,51,103,60,12,164,100,-75,132,83,60,33,0,187,1342950
fd00::218:18:18:18,19,0,2,6,1353494,52,104,60,12,104,100,-75,133,85,60,26,0,962,1353520
fd00::218:18:18:18,19,0,0,7,1364071,53,105,60,12,534,100,-75,134,87,60,999,0,442,1365070
fd00::218:18:18:18,19,0,1,7,1374648,54,106,60,12,1734,100,-75,135,89,60,12,0,1392,1374660
fd00::218:18:18:18,19,0,1,7,1385225,55,107,60,12,766,100,-75,136,91,60,215,0,453,1385440
fd00::218:18:18:18,19,0,0,8,1395802,56,107,60,12,766,100,-75,137,92,60,68,0,453,1395870
fd00::218:18:18:18,19,0,1,7,1406379,57,109,60,12,364,100,-75,138,95,60,271,0,1547,1406650
fd00::218:18:18:18,19,0,0,8,1416956,58,110,60,12,1284,100,-75,139,97,60,194,0,922,1417150
fd00::218:18:18:18,19,0,0,8,1427535,59,111,60,12,2974,100,-75,140,99,60,325,0,1522,1427860
fd00::218:18:18:18,19,0,0,8,1438110,60,112,60,12,814,100,-75,141,100,60,110,1,1522,1438220
fd00::218:18:18:18,285,0,1,184,1628496,64,128,60,12,1214,100,-75,160,103,60,684,0,1762,1629180
fd00::218:18:18:18,19,0,0,8,1639073,65,129,60,12,524,100,-75,161,105,60,327,0,367,1639400
fd00::218:18:18:18,19,0,0,8,1649650,66,130,60,12,883,100,-75,162,107,60,40,0,616,1649690
fd00::218:18:18:18,19,0,0,8,1660227,67,131,60,12,544,100,-75,164,109,60,1503,0,1987,1661730
fd00::218:18:18:18,19,0,0,7,1681381,69,134,60,12,994,100,-75,167,112,60,17309,3,4657,1698690
fd00::218:18:18:18,361,0,1,1136,1882344,70,146,60,12,563,100,-75,186,115,60,1846,0,2066,1884190
fd00::218:18:18:18,19,0,0,8,1892921,71,148,60,12,293,100,-75,187,118,60,229,0,566,1893150
fd00::218:18:18:18,19,0,0,8,2093884,74,166,60,12,1124,100,-75,207,122,60,1566,0,2697,2095450
fd00::218:18:18:18,19,0,0,8,2104461,75,167,60,12,1764,100,-75,208,124,60,649,0,917,2105110
fd00::218:18:18:18,19,0,0,9,2115038,76,168,60,12,1914,100,-75,209,126,60,292,0,1097,2115330
fd00::218:18:18:18,19,0,0,9,2125615,77,169,60,12,734,100,-75,210,128,60,3785,0,402,2129400
fd00::218:18:18:18,19,0,0,8,2136192,78,170,60,12,1934,100,-75,211,130,60,138,0,1002,2136330
fd00::218:18:18:18,19,0,0,8,2146771,79,171,60,12,1104,100,-75,212,132,60,59,0,1112,2146830
fd00::218:18:18:18,19,0,0,9,2157346,80,172,60,12,1115,100,-75,213,134,60,124,0,592,2157470
fd00::218:18:18:18,19,0,0,8,2167923,81,173,60,12,1333,100,-75,214,136,60,47,0,701,2167970
fd00::218:18:18:18,19,0,0,8,2178500,82,174,60,12,2884,100,-75,215,138,60,40,0,3892,2178540
fd00::218:18:18:18,533,0,1,3273,2728504,86,203,60,12,67984,100,-67,270,146,60,236,0,34272,2728740
fd00::218:18:18:18,323,0,1,314,2918890,88,227,60,12,1734,100,-75,289,154,60,320,0,18132,2919210
fd00::218:18:18:18,19,0,0,8,2929467,89,228,60,12,834,100,-75,291,156,60,1643,0,522,2931110
fd00::218:18:18:18,19,0,0,8,2940044,90,229,60,12,8824,100,-75,292,158,60,96,0,4447,2940140
fd00::218:18:18:18,38,0,0,17,2971775,92,232,60,12,384,100,-75,295,161,60,145,0,6102,2971920
fd00::218:18:18:18,19,0,0,8,2982352,93,233,60,12,2354,100,-75,296,163,60,278,0,1247,2982630
fd00::218:18:18:18,19,0,0,8,2992929,94,235,60,12,1534,100,-75,297,166,60,5661,0,802,2998590
fd00::218:18:18:18,19,0,0,8,3003505,95,235,60,12,1534,100,-75,299,167,60,8175,0,802,3011680
fd00::218:18:18:18,152,0,1,69,3088122,96,244,60,12,1484,100,-75,306,170,60,488,1,3087,3088610
fd00::218:18:18:18,704,0,1,4698,3490048,98,251,60,12,31094,100,-67,347,173,60,1132,0,3062,3491180
fd00::218:18:18:18,19,0,0,8,3500625,99,252,60,12,1055,100,-75,348,175,60,4975,0,1472,3505600
fd00::218:18:18:18,19,0,0,8,3511202,100,254,60,12,1074,100,-75,349,178,60,3288,0,2217,3514490
fd00::218:18:18:18,19,0,0,8,3521778,101,254,60,12,1074,100,-75,350,179,60,6012,0,2217,3527790
fd00::218:18:18:18,19,0,0,7,3532356,102,256,60,12,814,100,-75,351,182,60,264,0,477,3532620
fd00::218:18:18:18,19,0,0,8,3542933,103,257,60,12,1314,100,-75,352,184,60,1377,0,2127,3544310
fd00::218:18:18:18,590,0,4,2515,3881397,105,280,60,12,1025,100,-75,386,186,60,943,0,582,3882340
fd00::218:18:18:18,19,0,0,8,3891974,106,281,60,12,1804,100,-75,387,188,60,2546,0,2092,3894520
fd00::218:18:18:18,19,0,0,8,3902551,107,282,60,12,973,100,-75,388,190,60,19,0,1116,3902570
fd00::218:18:18:18,19,0,0,8,3913130,108,283,60,12,2244,100,-75,389,192,60,3300,0,2907,3916430
fd00::218:18:18:18,19,0,1,7,3923705,109,284,60,12,1274,100,-75,390,194,60,1755,0,1582,3925460
fd00::218:18:18:18,1732,0,30,5034,4886212,110,357,60,12,624,100,-75,486,199,60,68,0,2062,4886280
fd00::218:18:18:18,19,0,0,8,4896789,111,358,60,12,565,100,-75,487,201,60,131,0,387,4896920
fd00::218:18:18:18,19,0,0,8,4907366,112,359,60,12,924,100,-75,488,203,60,124,0,567,4907490
fd00::218:18:18:18,19,0,0,8,4917943,113,360,60,12,794,100,-75,490,205,60,4737,0,572,4922680
fd00::218:18:18:18,19,0,0,7,4928519,114,361,60,12,1644,100,-75,490,207,60,601,0,1382,4929120
fd00::218:18:18:18,19,0,1,7,4939097,115,362,60,12,674,100,-75,491,209,60,33,0,1352,4939130
fd00::218:18:18:18,19,0,2,6,4949674,116,363,60,12,544,100,-75,493,211,60,3806,0,1602,4953480
fd00::218:18:18:18,19,0,1,6,4960251,117,364,60,12,415,100,-75,494,213,60,2609,0,1782,4962860
fd00::218:18:18:18,19,0,1,7,4970828,118,365,60,12,493,100,-75,495,215,60,572,0,1471,4971400
fd00::218:18:18:18,19,0,1,7,4981405,119,367,60,12,585,100,-75,496,218,60,3575,0,2427,4984980
fd00::218:18:18:18,19,0,1,7,4991982,120,368,60,12,453,100,-75,497,220,60,348,0,1136,4992330
fd00::218:18:18:18,19,0,1,7,5002561,121,369,60,12,394,100,-75,498,222,60,3279,0,582,5005840
fd00::218:18:18:18,19,0,0,7,5013136,122,369,60,12,394,100,-75,499,223,60,124,0,582,5013260
fd00::218:18:18:18,19,0,1,7,5023711,123,369,60,12,394,100,-75,500,224,60,49,0,582,5023760
fd00::218:18:18:18,19,0,1,7,5034290,124,370,60,12,16364,100,-75,501,226,60,40,0,8427,5034330
fd00::218:18:18:18,19,0,1,7,5044867,125,371,60,12,16445,100,-75,502,228,60,3113,0,8292,5047980
fd00::218:18:18:18,95,0,6,38,5097751,126,375,60,12,28175,100,-75,507,231,60,279,0,7252,5098030
fd00::218:18:18:18,19,0,1,7,5108329,127,377,60,12,27354,100,-75,509,234,60,5801,0,16722,5114130
fd00::218:18:18:18,1884,0,47,8293,6155452,128,456,60,12,2174,100,-75,613,240,60,68,0,1297,6155520
fd00::218:18:18:18,19,0,0,8,6166029,129,457,60,12,1414,100,-75,614,242,60,551,0,2387,6166580
fd00::218:18:18:18,19,0,0,8,6176606,130,458,60,12,374,100,-75,615,244,60,54,0,817,6176660
fd00::218:18:18:18,19,0,0,8,6187183,131,459,60,12,1714,100,-75,616,246,60,47,0,962,6187230
fd00::218:18:18:18,19,0,0,8,6197760,132,460,60,12,394,100,-75,617,248,60,180,0,932,6197940
fd00::218:18:18:18,1504,0,28,6275,7033343,133,528,60,12,182,100,-75,701,252,60,5507,0,84022,7038850
fd00::218:18:18:18,38,0,0,17,7054497,134,530,60,12,1674,100,-75,703,255,60,873,0,1082,7055370
fd00::218:18:18:18,19,0,0,8,7065074,135,531,60,12,842,100,-75,704,257,60,1706,0,3186,7066780
fd00::218:18:18:18,342,0,2,642,7255460,136,546,60,12,544,100,-75,723,259,60,40,0,622,7255500
fd00::218:18:18:18,19,0,0,8,7266037,137,547,60,12,834,100,-75,724,261,60,103,0,627,7266140
fd00::218:18:18:18,19,0,0,9,7276614,138,548,60,12,1195,100,-75,725,263,60,2056,0,772,7278670
fd00::218:18:18:18,19,0,0,8,7287191,139,549,60,12,995,100,-75,726,265,60,89,0,2072,7287280
fd00::218:18:18:18,19,0,0,8,7297768,140,550,60,12,794,100,-75,727,267,60,712,0,712,7298480
fd00::218:18:18:18,19,0,0,9,7308345,141,551,60,12,664,100,-75,728,269,60,75,0,1067,7308420
fd00::218:18:18:18,19,0,0,8,7318924,142,552,60,12,955,100,-75,729,271,60,486,0,547,7319410
fd00::218:18:18:18,19,0,0,9,7329499,143,553,60,12,1455,100,-75,730,273,60,61,0,797,7329560
fd00::218:18:18:18,190,0,2,91,7445846,145,564,60,12,4293,100,-75,743,277,60,13914,2,3547,7459760
fd00::218:18:18:18,418,0,2,543,7689117,147,584,60,12,1114,100,-75,766,282,60,103,0,872,7689220
fd00::218:18:18:18,19,0,0,8,7699694,148,585,60,12,1475,100,-75,768,284,60,1566,0,1402,7701260
fd00::218:18:18:18,475,0,1,1705,7974696,150,606,60,12,844,100,-75,795,288,60,4254,0,1957,7978950
fd00::218:18:18:18,304,0,0,618,8143928,151,619,60,12,2484,100,-75,812,290,60,1692,0,1277,8145620
fd00::218:18:18:18,19,0,0,8,8154505,152,620,60,12,815,100,-75,813,292,60,4625,0,3312,8159130
fd00::218:18:18:18,19,0,1,7,8165081,153,620,60,12,815,100,-75,814,293,60,69,0,3312,8165150
fd00::218:18:18:18,19,0,1,7,8175659,154,620,60,12,815,100,-75,815,294,60,411,0,3312,8176070
fd00::218:18:18:18,19,0,1,7,8186236,155,622,60,12,6025,100,-75,816,297,60,544,0,3082,8186780
fd00::218:18:18:18,19,0,1,7,8196813,156,622,60,12,6025,100,-75,817,298,60,47,0,3082,8196860
fd00::218:18:18:18,704,0,20,3217,8588162,157,658,60,12,406,100,-75,857,315,60,4618,0,8792,8592780
fd00::218:18:18:18,19,0,0,8,8598739,158,659,60,12,903,100,-75,858,317,60,5381,0,1431,8604120
fd00::218:18:18:18,19,0,0,7,8609316,159,660,60,12,564,100,-75,858,319,60,264,0,2102,8609580
fd00::218:18:18:18,19,0,0,8,8619893,160,661,60,12,855,100,-75,860,321,60,5507,0,1897,8625400
fd00::218:18:18:18,19,0,0,8,8630470,161,662,60,12,1212,100,-75,861,323,60,2420,0,2741,8632890
fd00::218:18:18:18,19,0,0,7,8641047,162,664,60,12,884,100,-75,862,326,60,4933,0,2962,8645980
fd00::218:18:18:18,19,0,0,8,8651624,163,665,60,12,1175,100,-75,863,327,60,7586,0,2962,8659210
fd00::218:18:18:18,399,0,7,1605,8873741,164,684,60,12,1045,100,-75,885,335,60,19,0,802,8873760
fd00::218:18:18:18,19,0,0,8,8884318,165,685,60,12,1055,100,-75,886,337,60,12,0,1122,8884330
fd00::218:18:18:18,19,0,0,8,8894895,166,686,60,12,854,100,-75,887,339,60,215,0,1022,8895110
fd00::218:18:18:18,19,0,0,8,8905472,167,687,60,12,865,100,-75,888,341,60,68,0,1272,8905540
fd00::218:18:18:18,19,0,0,8,8916049,168,688,60,12,735,100,-75,889,343,60,3071,0,752,8919120
fd00::218:18:18:18,19,0,0,8,8926626,169,689,60,12,814,100,-75,890,345,60,124,0,2262,8926750
fd00::218:18:18:18,19,0,0,8,8937203,170,690,60,12,614,100,-75,891,347,60,47,0,762,8937250
fd00::218:18:18:18,19,0,0,8,8947780,171,691,60,12,554,100,-75,892,349,60,110,0,1152,8947890
fd00::218:18:18:18,19,0,0,8,8958357,172,692,60,12,635,100,-75,893,351,60,523,0,702,8958880
fd00::218:18:18:18,19,0,0,8,8968934,173,693,60,12,784,100,-75,895,353,60,8146,0,847,8977080
fd00::218:18:18:18,19,0,0,8,8979511,174,694,60,12,795,100,-75,895,355,60,19,0,3582,8979530
fd00::218:18:18:18,19,0,0,7,8990088,175,695,60,12,805,100,-75,897,357,60,1552,0,2082,8991640
fd00::218:18:18:18,19,0,0,8,9000665,176,696,60,12,814,100,-75,898,359,60,3785,0,862,9004450
fd00::218:18:18:18,19,0,1,7,9011242,177,698,60,12,555,100,-75,899,362,60,2938,0,2027,9014180
fd00::218:18:18:18,19,0,0,7,9021819,178,699,60,12,774,100,-75,900,364,60,4331,0,702,9026150
fd00::218:18:18:18,19,0,0,8,9032396,179,700,60,12,645,100,-75,901,366,60,4744,0,3542,9037140
fd00::218:18:18:18,38,0,1,16,9053550,180,702,60,12,455,100,-75,903,368,60,3680,0,2742,9057230
fd00::218:18:18:18,647,0,6,3614,9413168,181,718,60,12,464,100,-75,939,371,60,12,0,512,9413180
fd00::218:18:18:18,19,0,0,7,9423747,182,719,60,12,264,100,-75,940,373,60,353,0,867,9424100
fd00::218:18:18:18,19,0,0,8,9434322,183,720,60,12,834,100,-75,941,375,60,1258,0,2377,9435580
fd00::218:18:18:18,19,0,1,7,9444899,184,721,60,12,4414,100,-75,942,377,60,201,0,2347,9445100
fd00::218:18:18:18,19,0,1,7,9455476,185,722,60,12,1134,100,-75,943,379,60,54,0,1652,9455530
fd00::218:18:18:18,19,0,0,8,9466053,186,723,60,12,5484,100,-75,944,381,60,117,0,2917,9466170
fd00::218:18:18:18,19,0,1,7,9476630,187,724,60,12,244,100,-75,945,383,60,1230,0,2712,9477860
fd00::218:18:18:18,19,0,1,7,9487209,188,725,60,12,394,100,-75,946,385,60,31,0,1002,9487240
fd00::218:18:18:18,19,0,0,7,9497784,189,726,60,12,2854,100,-75,947,387,60,96,0,1987,9497880
fd00::218:18:18:18,19,0,0,8,9508361,190,727,60,12,4894,100,-75,948,389,60,19,0,3112,9508380
fd00::218:18:18:18,19,0,1,7,9518937,191,728,60,12,844,100,-75,949,391,60,153,0,1787,9519090
fd00::218:18:18:18,19,0,0,7,9529513,192,729,60,12,3093,100,-75,950,393,60,77,0,1616,9529590
fd00::218:18:18:18,19,0,1,7,9540092,193,730,60,12,164,100,-75,952,395,60,1258,0,2742,9541350
fd00::218:18:18:18,19,0,1,7,9550669,194,732,60,12,184,100,-75,953,398,60,621,0,617,9551290
fd00::218:18:18:18,19,0,1,7,9561244,195,732,60,12,184,100,-75,954,399,60,1526,0,617,9562770
fd00::218:18:18:18,19,0,1,7,9571823,196,733,60,12,2507,100,-75,955,401,60,2007,0,1848,9573830
fd00::218:18:18:18,19,0,1,7,9582398,197,733,60,12,2507,100,-75,956,402,60,42,0,1848,9582440
fd00::218:18:18:18,19,0,1,7,9592975,198,733,60,12,2507,100,-75,957,403,60,315,0,1848,9593290
fd00::218:18:18:18,19,0,2,7,9603552,199,734,60,12,24773,100,-75,958,405,60,4998,0,12456,9608550
fd00::218:18:18:18,19,0,1,7,9614131,200,734,60,12,24773,100,-75,960,406,60,8559,0,12456,9622690
fd00::218:18:18:18,19,0,1,7,9624708,201,735,60,12,37806,100,-75,960,408,60,3722,0,21878,9628430
fd00::218:18:18:18,19,0,2,6,9635285,202,736,60,12,41454,100,-75,962,410,60,7845,0,26397,9643130
fd00::218:18:18:18,19,0,2,6,9645861,203,736,60,12,41454,100,-75,962,411,60,209,0,26397,9646070
fd00::218:18:18:18,19,0,1,7,9656438,204,737,60,12,51683,100,-75,963,413,60,62,0,26016,9656500
fd00::218:18:18:18,19,0,2,6,9667016,205,738,60,12,51274,100,-75,964,415,60,264,0,25707,9667280
fd00::218:18:18:18,19,0,1,7,9677593,206,739,60,12,49604,100,-75,965,417,60,117,0,25432,9677710
fd00::218:18:18:18,19,0,1,7,9688170,207,740,60,12,55774,100,-75,966,419,60,110,0,28062,9688280
fd00::218:18:18:18,19,0,2,6,9698747,208,741,60,12,57606,100,-75,967,421,60,173,0,29013,9698920
fd00::218:18:18:18,19,0,1,7,9709324,209,743,60,12,48944,100,-75,969,424,60,4086,0,24927,9713410
fd00::218:18:18:18,19,0,3,5,9719900,210,744,60,12,44405,100,-75,970,426,60,3310,0,22587,9723210
fd00::218:18:18:18,19,0,2,6,9730477,211,745,60,12,46794,100,-75,971,428,60,363,0,23677,9730840
fd00::218:18:18:18,19,0,2,6,9741055,212,747,60,12,39534,100,-75,972,431,60,2665,0,21832,9743720
fd00::218:18:18:18,19,0,1,7,9751632,213,748,60,12,37796,100,-75,973,433,60,68,0,19213,9751700
fd00::218:18:18:18,19,0,2,6,9762209,214,749,60,12,33186,100,-75,974,435,60,61,0,16663,9762270
fd00::218:18:18:18,19,0,2,6,9772786,215,750,60,12,30684,100,-75,975,437,60,334,0,16287,9773120
fd00::218:18:18:18,19,0,1,7,9783362,216,751,60,12,28107,100,-75,976,439,60,48,0,14123,9783410
fd00::218:18:18:18,19,0,2,7,9793940,217,752,60,12,26364,100,-75,977,441,60,110,0,13602,9794050
fd00::218:18:18:18,19,0,1,7,9804517,218,753,60,12,25745,100,-75,978,443,60,943,0,13222,9805460
fd00::218:18:18:18,19,0,1,7,9815094,219,754,60,12,32263,100,-75,979,445,60,26,0,16481,9815120
fd00::218:18:18:18,19,0,1,7,9825671,220,754,60,12,32263,100,-75,980,446,60,159,0,16481,9825830
fd00::218:18:18:18,19,0,2,6,9836247,221,756,60,12,30674,100,-75,982,449,60,6033,0,16072,9842280
fd00::218:18:18:18,19,0,1,7,9846825,222,757,60,12,30966,100,-75,982,451,60,285,0,16183,9847110
fd00::218:18:18:18,19,0,1,7,9857402,223,758,60,12,32584,100,-75,983,453,60,348,0,16432,9857750
fd00::218:18:18:18,19,0,2,6,9867979,224,760,60,12,27565,100,-75,984,456,60,131,0,13852,9868110
fd00::218:18:18:18,19,0,3,5,9878555,225,761,60,12,24495,100,-75,985,458,60,125,0,12387,9878680
fd00::218:18:18:18,666,0,35,1276,10259328,227,800,60,12,744,100,-75,1023,460,60,12,0,932,10259340
fd00::218:18:18:18,19,0,0,8,10269907,228,801,60,12,404,100,-75,1024,462,60,73,0,1812,10269980
fd00::218:18:18:18,19,0,0,7,10280484,229,802,60,12,766,100,-75,1026,464,60,346,0,2518,10280830
fd00::218:18:18:18,19,0,1,7,10291059,230,804,60,12,714,100,-75,1027,467,60,6501,0,3752,10297560
fd00::218:18:18:18,19,0,0,7,10301636,231,805,60,12,234,100,-75,1028,469,60,2014,0,1797,10303650
fd00::218:18:18:18,19,0,1,7,10312213,232,806,60,12,944,100,-75,1029,471,60,3687,0,542,10315900
fd00::218:18:18:18,19,0,1,7,10322790,233,807,60,12,324,100,-75,1030,473,60,2280,0,1142,10325070
fd00::218:18:18:18,19,0,1,7,10333367,234,808,60,12,612,100,-75,1031,475,60,313,0,1111,10333680
fd00::218:18:18:18,19,0,1,7,10354519,236,810,60,12,776,100,-75,1033,476,60,1491,0,1111,10356010
fd00::218:18:18:18,19,0,1,7,10365098,237,810,60,12,776,100,-75,1034,477,60,82,0,1111,10365180
fd00::218:18:18:18,19,0,0,8,10375677,238,810,60,12,776,100,-75,1035,478,60,1263,0,1111,10376940
fd00::218:18:18:18,19,0,1,7,10386254,239,811,60,12,17375,100,-75,1036,480,60,66,0,8827,10386320
fd00::218:18:18:18,19,0,1,7,10396829,240,812,60,12,20884,100,-75,1037,482,60,61,0,11072,10396890
fd00::218:18:18:18,19,0,1,7,10417983,242,815,60,12,12164,100,-75,1040,483,60,5017,0,11072,10423000
fd00::218:18:18:18,19,0,2,7,10449714,245,819,60,12,3875,100,-75,1042,486,60,26,0,2392,10449740
fd00::218:18:18:18,19,0,1,7,10460290,246,820,60,12,945,100,-75,1044,488,60,2470,0,612,10462760
fd00::218:18:18:18,723,0,34,1945,10872796,248,861,60,12,946,100,-75,1085,497,60,164,0,1453,10872960
fd00::218:18:18:18,19,0,0,7,10883371,249,862,60,12,1024,100,-75,1086,499,60,3799,0,3522,10887170
fd00::218:18:18:18,19,0,0,7,10893948,250,863,60,12,684,100,-75,1087,501,60,782,0,1077,10894730
fd00::218:18:18:18,19,0,1,7,10904525,251,864,60,12,344,100,-75,1088,503,60,4485,0,1852,10909010
fd00::218:18:18:18,495,0,11,2666,11391067,253,901,60,12,554,100,-75,1138,506,60,9833,0,15308,11400900
fd00::218:18:18:18,19,0,1,7,11401643,254,902,60,12,703,100,-75,1138,508,60,6747,1,2347,11408390
fd00::218:18:18:18,19,0,1,8,11412220,255,903,60,12,47986,100,-67,1141,510,60,23960,1,37748,11436180
fd00::218:18:18:18,799,0,34,593,11856455,256,949,60,12,1295,100,-75,1183,513,60,355,0,752,11856810
fd00::218:18:18:18,19,0,1,8,11867032,257,950,60,12,2984,100,-75,1184,515,60,908,0,1632,11867940
fd00::218:18:18:18,19,0,1,8,11877609,258,951,60,12,404,100,-75,1185,517,60,201,0,1497,11877810
fd00::218:18:18:18,19,0,1,7,11888185,259,952,60,12,2654,100,-75,1186,519,60,195,0,1642,11888380
fd00::218:18:18:18,19,0,2,7,11898765,260,952,60,12,2654,100,-75,1188,520,60,3545,0,1642,11902310
fd00::218:18:18:18,19,0,1,7,11909339,261,953,60,12,13305,100,-75,1188,522,60,41,0,7667,11909380
fd00::218:18:18:18,19,0,1,7,11919916,262,953,60,12,13305,100,-75,1190,523,60,524,0,7667,11920440
fd00::218:18:18:18,19,0,1,7,11930494,263,954,60,12,28714,100,-75,1191,525,60,236,0,14777,11930730
fd00::218:18:18:18,19,0,1,7,11941071,264,954,60,12,28714,100,-75,1192,526,60,89,0,14777,11941160
fd00::218:18:18:18,19,0,1,6,11951648,265,955,60,12,38734,100,-75,1193,528,60,502,0,20837,11952150
fd00::218:18:18:18,19,0,2,6,11962225,266,955,60,12,38734,100,-75,1194,529,60,6515,0,20837,11968740
fd00::218:18:18:18,19,0,2,7,11972802,267,956,60,12,44484,100,-75,1195,531,60,68,0,24447,11972870
fd00::218:18:18:18,19,0,1,7,11983379,268,956,60,12,44484,100,-75,1196,532,60,61,0,24447,11983440
fd00::218:18:18:18,19,0,1,7,11993956,269,957,60,12,56604,100,-75,1197,534,60,124,0,28897,11994080
fd00::218:18:18:18,19,0,2,6,12004533,270,959,60,12,52214,100,-75,1198,537,60,1237,0,27857,12005770
fd00::218:18:18:18,19,0,1,6,12015109,271,960,60,12,46552,100,-75,1199,539,60,4241,0,24536,12019350
fd00::218:18:18:18,19,0,2,6,12025687,272,961,60,12,53494,100,-75,1200,541,60,33,0,27202,12025720
fd00::218:18:18:18,514,0,42,305,12321843,274,996,60,12,574,100,-75,1230,554,60,817,0,637,12322660
fd00::218:18:18:18,19,0,0,8,12332420,275,997,60,12,24,100,-75,1231,556,60,40,0,117,12332460
fd00::218:18:18:18,19,0,1,7,12342997,276,998,60,12,1995,100,-75,1233,558,60,9483,0,2992,12352480
fd00::218:18:18:18,19,0,1,7,12353573,277,999,60,12,185,100,-75,1235,560,60,20187,0,11852,12373760
fd00::218:18:18:18,647,0,45,1004,12723769,279,1027,60,12,1673,100,-75,1270,564,60,1601,0,2656,12725370
fd00::218:18:18:18,76,0,4,30,12776654,281,1030,60,12,9275,100,-75,1275,568,60,166,0,6037,12776820
fd00::218:18:18:18,19,0,2,6,12787231,282,1032,60,12,3554,100,-75,1276,571,60,159,0,3667,12787390
fd00::218:18:18:18,19,0,1,7,12797808,283,1033,60,12,3564,100,-75,1277,573,60,152,0,3427,12797960
fd00::218:18:18:18,19,0,1,7,12808385,284,1034,60,12,634,100,-75,1278,575,60,215,0,1017,12808600
fd00::218:18:18:18,19,0,1,7,12818962,285,1035,60,12,1414,100,-75,1279,577,60,768,0,1442,12819730
fd00::218:18:18:18,19,0,1,7,12829541,286,1036,60,12,1495,100,-75,1280,579,60,59,0,1167,12829600
fd00::218:18:18:18,19,0,1,7,12840115,287,1037,60,12,6404,100,-75,1282,581,60,2925,0,3307,12843040
fd00::218:18:18:18,19,0,1,7,12850693,288,1038,60,12,5224,100,-75,1283,583,60,3407,0,2857,12854100
fd00::218:18:18:18,19,0,1,7,12861270,289,1040,60,12,554,100,-75,1284,586,60,4240,0,2692,12865510
fd00::218:18:18:18,19,0,1,7,12871847,290,1041,60,12,774,100,-75,1285,588,60,2623,0,702,12874470
fd00::218:18:18:18,19,0,1,7,12882424,291,1042,60,12,504,100,-75,1286,590,60,306,0,777,12882730
fd00::218:18:18:18,19,0,1,7,12893001,292,1043,60,12,2334,100,-75,1287,592,60,999,0,1307,12894000
fd00::218:18:18:18,19,0,1,7,12903578,293,1044,60,12,384,100,-75,1288,594,60,1622,0,2572,12905200
fd00::218:18:18:18,19,0,1,7,12914155,294,1045,60,12,254,100,-75,1289,596,60,845,0,2157,12915000
fd00::218:18:18:18,19,0,1,7,12924732,295,1046,60,12,3484,100,-75,1292,598,60,18828,0,10597,12943560
fd00::218:18:18:18,418,0,28,409,13199734,300,1072,60,12,396,100,-75,1317,599,60,26,0,10597,13199760
fd00::218:18:18:18,19,0,0,7,13210311,301,1073,60,12,1384,100,-75,1319,601,60,2749,0,867,13213060
fd00::218:18:18:18,19,0,1,7,13220888,302,1074,60,12,834,100,-75,1320,603,60,3792,0,1607,13224680
fd00::218:18:18:18,228,0,16,92,13358388,304,1087,60,12,263,100,-75,1333,605,60,272,1,797,13358660
fd00::218:18:18:18,19,0,0,8,13368965,305,1088,60,12,9025,100,-62,1335,607,60,7475,1,4582,13376440
fd00::218:18:18:18,19,0,0,8,13379542,306,1088,60,12,9025,100,-62,1336,608,60,1028,1,4582,13380570
fd00::218:18:18:18,19,0,1,8,13390120,307,1089,60,12,25765,100,-62,1337,610,60,320,1,13862,13390440
fd00::218:18:18:18,19,0,0,8,13400695,308,1089,60,12,25765,100,-62,1338,611,60,1575,1,13862,13402270
fd00::218:18:18:18,552,0,19,405,13718007,310,1121,60,12,1754,100,-75,1369,616,60,313,0,1507,13718320
fd00::218:18:18:18,19,0,1,7,13728584,311,1122,60,12,1064,100,-75,1370,618,60,96,0,1582,13728680
fd00::218:18:18:18,456,0,46,177,13993009,313,1143,60,12,19494,100,-67,1397,619,60,3141,1,1582,13996150
fd00::218:18:18:18,304,0,12,642,14183395,316,1157,60,12,825,100,-75,1416,622,60,355,0,797,14183750
fd00::218:18:18:18,19,0,0,8,14193972,317,1158,60,12,414,100,-75,1417,624,60,68,0,872,14194040
fd00::218:18:18:18,19,0,0,8,14204549,318,1159,60,12,1264,100,-75,1418,626,60,341,0,2137,14204890
fd00::218:18:18:18,19,0,0,8,14215126,319,1160,60,12,2604,100,-75,1419,628,60,54,0,1407,14215180
fd00::218:18:18:18,19,0,0,8,14225703,320,1161,60,12,1284,100,-75,1420,630,60,47,0,1552,14225750
fd00::218:18:18:18,19,0,0,8,14246856,322,1163,60,12,3544,100,-75,1423,632,60,12214,3,2747,14259070
fd00::218:18:18:18,323,0,6,640,14426666,323,1180,60,12,4564,100,-75,1440,636,60,2994,0,2807,14429660
fd00::218:18:18:18,380,0,4,834,14638206,324,1194,60,12,27574,100,-67,1462,638,60,9434,0,3617,14647640
fd00::218:18:18:18,723,0,4,5147,15040132,325,1223,60,12,2304,100,-75,1502,648,60,4058,0,2692,15044190
fd00::218:18:18:18,19,0,1,7,15050709,326,1224,60,12,714,100,-75,1503,650,60,3631,0,2142,15054340
fd00::218:18:18:18,19,0,1,7,15061286,327,1225,60,12,444,100,-75,1504,652,60,2574,0,1902,15063860
fd00::218:18:18:18,19,0,1,7,15071863,328,1226,60,12,735,100,-75,1505,654,60,677,0,542,15072540
fd00::218:18:18:18,19,0,2,6,15082440,329,1227,60,12,884,100,-75,1506,656,60,320,0,862,15082760
fd00::218:18:18:18,19,0,1,7,15093017,330,1228,60,12,124,100,-75,1507,658,60,3813,0,3387,15096830
fd00::218:18:18:18,19,0,1,7,15103594,331,1229,60,12,205,100,-75,1508,660,60,306,0,872,15103900
fd00::218:18:18:18,19,0,0,8,15114171,332,1230,60,12,494,100,-75,1509,662,60,19,0,317,15114190
fd00::218:18:18:18,19,0,0,8,15124748,333,1231,60,12,364,100,-75,1510,664,60,292,0,427,15125040
fd00::218:18:18:18,19,0,0,7,15135325,334,1232,60,12,934,100,-75,1511,666,60,285,0,782,15135610
fd00::218:18:18:18,19,0,0,8,15145902,335,1233,60,12,804,100,-75,1512,668,60,1118,0,542,15147020
fd00::218:18:18:18,19,0,0,7,15156479,336,1234,60,12,745,100,-75,1514,669,60,5591,0,542,15162070
fd00::218:18:18:18,19,0,0,8,15167056,337,1234,60,12,745,100,-75,1518,670,60,33584,1,542,15200640
fd00::218:18:18:18,380,0,20,380,15410329,341,1254,60,12,38544,100,-62,1539,677,60,3531,0,19307,15413860
fd00::218:18:18:18,19,0,1,7,15420904,342,1256,60,12,44574,100,-62,1540,680,60,1496,0,22497,15422400
fd00::218:18:18:18,19,0,2,6,15431481,343,1258,60,12,184,100,-75,1541,683,60,1979,0,1492,15433460
fd00::218:18:18:18,361,0,12,837,15653598,346,1281,60,12,1594,100,-75,1563,689,60,2742,0,2617,15656340
fd00::218:18:18:18,19,0,1,7,15664177,347,1282,60,12,694,100,-75,1564,691,60,423,0,1117,15664600
fd00::218:18:18:18,19,0,0,8,15674752,348,1283,60,12,1824,100,-75,1565,693,60,978,0,2802,15675730
fd00::218:18:18:18,19,0,0,8,15685329,349,1284,60,12,4492,100,-75,1566,695,60,4051,0,3016,15689380
fd00::218:18:18:18,19,0,1,7,15695908,350,1285,60,12,584,100,-75,1567,697,60,2642,0,1272,15698550
fd00::218:18:18:18,19,0,1,7,15706483,351,1286,60,12,594,100,-75,1568,699,60,1377,0,2712,15707860
fd00::218:18:18:18,19,0,1,7,15717060,352,1286,60,12,594,100,-75,1569,700,60,40,0,2712,15717100
fd00::218:18:18:18,19,0,2,7,15727636,353,1287,60,12,7605,100,-75,1571,702,60,3254,0,3977,15730890
fd00::218:18:18:18,19,0,2,7,15738214,354,1288,60,12,16924,100,-75,1571,704,60,166,0,9092,15738380
fd00::218:18:18:18,19,0,1,7,15748791,355,1288,60,12,16924,100,-75,1573,705,60,4359,0,9092,15753150
fd00::218:18:18:18,19,0,1,8,15759367,356,1288,60,12,16924,100,-75,1573,706,60,13,0,9092,15759380
fd00::218:18:18:18,19,0,1,6,15769945,357,1289,60,12,33386,100,-75,1575,708,60,5255,0,16833,15775200
fd00::218:18:18:18,19,0,2,6,15780522,358,1291,60,12,23814,100,-75,1576,711,60,138,0,13482,15780660
fd00::218:18:18:18,19,0,1,7,15791099,359,1293,60,12,20825,100,-75,1577,714,60,1041,0,10832,15792140
fd00::218:18:18:18,19,0,1,7,15801676,360,1294,60,12,21255,100,-75,1578,716,60,6214,0,10697,15807890
fd00::218:18:18:18,19,0,2,6,15812253,361,1295,60,12,20566,100,-75,1579,717,60,7397,0,10697,15819650
fd00::218:18:18:18,761,0,41,2639,16235333,362,1330,60,12,1334,100,-75,1621,720,60,47,0,1332,16235380
fd00::218:18:18:18,19,0,1,6,16245910,363,1331,60,12,224,100,-75,1622,722,60,670,0,3192,16246580
fd00::218:18:18:18,19,0,3,5,16256487,364,1331,60,12,224,100,-75,1624,723,60,10463,0,3192,16266950
fd00::218:18:18:18,628,0,37,1790,16616105,366,1356,60,12,9544,100,-75,1659,727,60,355,0,6277,16616460
fd00::218:18:18:18,19,0,1,7,16626682,367,1356,60,12,9544,100,-75,1660,728,60,1258,0,6277,16627940
fd00::218:18:18:18,19,0,1,7,16637259,368,1357,60,12,13063,100,-75,1661,730,60,61,0,7616,16637320
fd00::218:18:18:18,19,0,1,6,16647838,369,1359,60,12,2304,100,-75,1662,733,60,682,0,4197,16648520
fd00::218:18:18:18,19,0,1,7,16658413,370,1360,60,12,74,100,-75,1663,735,60,117,0,2067,16658530
fd00::218:18:18:18,19,0,1,7,16668990,371,1361,60,12,153,100,-75,1664,737,60,180,0,1441,16669170
fd00::218:18:18:18,19,0,1,7,16679567,372,1362,60,12,164,100,-75,1665,739,60,313,0,152,16679880
fd00::218:18:18:18,19,0,1,7,16690144,373,1364,60,12,44,100,-75,1667,742,60,1146,0,617,16691290
fd00::218:18:18:18,19,0,2,5,16700721,374,1365,60,12,684,100,-75,1668,744,60,159,0,412,16700880
fd00::218:18:18:18,19,0,2,6,16711298,375,1365,60,12,684,100,-75,1669,745,60,1972,0,412,16713270
fd00::218:18:18:18,19,0,2,6,16732452,377,1367,60,12,7705,100,-75,1671,748,60,2588,0,7282,16735040
fd00::218:18:18:18,38,0,4,14,16753606,378,1370,60,12,174,100,-75,1673,752,60,124,0,262,16753730
fd00::218:18:18:18,19,0,0,7,16764181,379,1371,60,12,395,100,-75,1674,754,60,329,0,1457,16764510
fd00::218:18:18:18,19,0,1,7,16774758,380,1372,60,12,124,100,-75,1675,756,60,252,0,307,16775010
fd00::218:18:18:18,19,0,1,7,16785337,381,1372,60,12,124,100,-75,1676,757,60,4443,0,307,16789780
fd00::218:18:18:18,19,0,2,6,16795916,382,1373,60,12,8954,100,-75,1677,759,60,94,0,5212,16796010
fd00::218:18:18:18,19,0,2,7,16806491,383,1374,60,12,16036,100,-75,1679,760,60,12129,0,5212,16818620
fd00::218:18:18:18,704,0,34,2883,17197840,384,1412,60,12,1104,100,-75,1717,762,60,40,0,832,17197880
fd00::218:18:18:18,19,0,1,7,17208417,385,1413,60,12,904,100,-75,1718,764,60,33,0,627,17208450
fd00::218:18:18:18,19,0,1,7,17218994,386,1414,60,12,1475,100,-75,1720,766,60,3316,0,4132,17222310
fd00::218:18:18:18,19,0,1,7,17229571,387,1415,60,12,2604,100,-75,1720,768,60,159,0,2247,17229730
fd00::218:18:18:18,19,0,1,7,17240148,388,1416,60,12,934,100,-75,1722,770,60,3442,0,2462,17243590
fd00::218:18:18:18,19,0,1,7,17250725,389,1417,60,12,1155,100,-75,1723,772,60,2595,0,1837,17253320
fd00::218:18:18:18,456,0,20,802,17705536,391,1461,60,12,845,100,-75,1768,776,60,264,0,1052,17705800
fd00::218:18:18:18,19,0,1,7,17716113,392,1462,60,12,574,100,-75,1769,778,60,187,0,1337,17716300
fd00::218:18:18:18,19,0,0,7,17726690,393,1463,60,12,304,100,-75,1770,780,60,40,0,817,17726730
fd00::218:18:18:18,19,0,1,7,17737269,394,1464,60,12,6194,100,-75,1771,782,60,31,0,3167,17737300
fd00::218:18:18:18,19,0,0,7,17747844,395,1465,60,12,1794,100,-75,1772,784,60,26,0,2472,17747870
fd00::218:18:18:18,19,0,1,7,17758421,396,1466,60,12,894,100,-75,1773,786,60,159,0,2827,17758580
fd00::218:18:18:18,19,0,1,7,17769000,397,1467,60,12,624,100,-75,1774,788,60,500,0,697,17769500
fd00::218:18:18:18,19,0,1,7,17779575,398,1468,60,12,1054,100,-75,1776,790,60,1125,0,2382,17780700
fd00::218:18:18:18,875,0,34,2895,18287271,401,1513,60,12,5134,100,-75,1826,797,60,299,0,2707,18287570
fd00::218:18:18:18,19,0,0,8,18297848,402,1514,60,12,1224,100,-75,1827,799,60,12,0,997,18297860
fd00::218:18:18:18,19,0,0,8,18308425,403,1515,60,12,2564,100,-75,1828,801,60,75,0,1352,18308500
fd00::218:18:18:18,19,0,0,8,18319002,404,1516,60,12,1664,100,-75,1829,803,60,68,0,902,18319070
fd00::218:18:18:18,19,0,0,8,18329579,405,1517,60,12,4405,100,-75,1830,805,60,61,0,2342,18329640
fd00::218:18:18:18,19,0,0,8,18340158,406,1518,60,12,1125,100,-75,1832,807,60,1802,0,1087,18341960
fd00::218:18:18:18,19,0,0,8,18350735,407,1519,60,12,1063,100,-75,1833,809,60,1515,0,1441,18352250
fd00::218:18:18:18,19,0,0,8,18361310,408,1520,60,12,1564,100,-75,1834,811,60,530,0,1307,18361840
fd00::218:18:18:18,19,0,0,8,18371887,409,1521,60,12,5704,100,-75,1835,813,60,1713,0,2957,18373600
fd00::218:18:18:18,19,0,0,8,18382464,410,1523,60,12,2154,100,-75,1836,815,60,4436,0,1877,18386900
fd00::218:18:18:18,361,0,5,856,18583427,411,1542,60,12,605,100,-75,1856,820,60,3533,0,3452,18586960
fd00::218:18:18:18,456,0,4,529,18837277,412,1565,60,12,4355,100,-75,1881,826,60,73,0,2212,18837350
fd00::218:18:18:18,19,0,0,8,18847852,413,1566,60,12,654,100,-75,1882,828,60,68,0,2182,18847920
fd00::218:18:18:18,19,0,0,8,18858431,414,1567,60,12,874,100,-75,1883,830,60,59,0,1942,18858490
fd00::218:18:18:18,19,0,0,8,18869008,415,1568,60,12,3824,100,-75,1884,832,60,52,0,1947,18869060
fd00::218:18:18:18,19,0,0,8,18879585,416,1569,60,12,5094,100,-75,1885,834,60,45,0,2582,18879630
fd00::218:18:18:18,19,0,0,8,18890162,417,1570,60,12,2654,100,-75,1887,836,60,2908,0,1607,18893070
fd00::218:18:18:18,19,0,0,8,18900737,418,1571,60,12,984,100,-75,1888,838,60,3533,0,1927,18904270
fd00::218:18:18:18,19,0,0,8,18911314,419,1573,60,12,1074,100,-75,1889,841,60,586,0,712,18911900
fd00::218:18:18:18,19,0,0,8,18921891,420,1574,60,12,1154,100,-75,1890,843,60,3379,0,2607,18925270
fd00::218:18:18:18,19,0,0,8,18932468,421,1575,60,12,954,100,-75,1891,845,60,3092,0,2752,18935560
fd00::218:18:18:18,19,0,0,8,18943045,422,1576,60,12,1174,100,-75,1892,847,60,5045,0,3737,18948090
fd00::218:18:18:18,19,0,0,8,18953622,423,1577,60,12,1325,100,-75,1893,848,60,5878,0,3737,18959500
fd00::218:18:18:18,19,0,0,8,18964198,424,1577,60,12,1325,100,-75,1894,849,60,3072,1,3737,18967270
fd00::218:18:18:18,19,0,0,8,18974776,425,1578,60,12,3165,100,-62,1895,851,60,334,1,1792,18975110
fd00::218:18:18:18,19,0,0,8,18985353,426,1579,60,12,4924,100,-62,1896,853,60,747,1,2532,18986100
fd00::218:18:18:18,19,0,0,8,18995930,427,1580,60,12,1366,100,-62,1897,855,60,390,1,823,18996320
fd00::218:18:18:18,19,0,0,8,19006505,428,1580,60,12,1366,100,-62,1898,856,60,315,1,823,19006820
fd00::218:18:18:18,19,0,0,8,19017084,429,1582,60,12,3204,100,-62,1899,859,60,656,1,1672,19017740
fd00::218:18:18:18,19,0,0,8,19027661,430,1583,60,12,3495,100,-62,1900,861,60,2189,1,4232,19029850
fd00::218:18:18:18,19,0,0,8,19038236,431,1583,60,12,3495,100,-62,1901,862,60,364,1,4232,19038600
fd00::218:18:18:18,19,0,0,8,19048815,432,1584,60,12,14212,100,-62,1903,864,60,6725,1,9976,19055540
fd00::218:18:18:18,304,0,3,497,19239201,435,1603,60,12,3563,100,-62,1921,867,60,19,0,1852,19239220
fd00::218:18:18:18,19,0,0,8,19249780,436,1604,60,12,914,100,-75,1922,869,60,150,0,1717,19249930
fd00::218:18:18:18,19,0,0,8,19260355,437,1605,60,12,1626,100,-75,1924,870,60,3225,0,1717,19263580
fd00::218:18:18:18,19,0,0,8,19270932,438,1606,60,12,6745,100,-75,1925,872,60,2378,0,3407,19273310
fd00::218:18:18:18,19,0,0,8,19524779,442,1626,60,12,425,100,-75,1950,876,60,461,1,1122,19525240
fd00::218:18:18:18,399,0,3,1280,19514203,441,1625,60,12,624,100,-75,1950,877,60,13697,0,1122,19527900
fd00::218:18:18:18,704,0,1,4743,19916129,443,1635,60,12,19553,100,-62,1989,878,60,201,0,1122,19916330
fd00::218:18:18:18,19,0,0,8,19926706,444,1639,60,12,34884,100,-62,1990,883,60,54,0,17582,19926760
fd00::218:18:18:18,19,0,0,8,19937281,445,1642,60,12,25312,100,-62,1991,887,60,1099,0,13882,19938380
fd00::218:18:18:18,19,0,1,7,19947860,446,1643,60,12,356,100,-75,1992,889,60,40,0,1333,19947900
fd00::218:18:18:18,342,0,9,725,20138246,447,1661,60,12,896,100,-75,2011,891,60,264,0,728,20138510
fd00::218:18:18:18,38,0,1,16,20159400,448,1663,60,12,1614,100,-75,2013,892,60,110,1,728,20159510
fd00::218:18:18:18,19,0,0,8,20169977,449,1664,60,12,3934,100,-62,2015,894,60,6053,1,4697,20176030
fd00::218:18:18:18,19,0,1,7,20180554,450,1665,60,12,7654,100,-62,2016,896,60,306,1,4632,20180860
fd00::218:18:18:18,19,0,0,8,20191133,451,1665,60,12,7654,100,-62,2017,897,60,3027,1,4632,20194160
fd00::218:18:18:18,19,0,0,8,20201710,452,1666,60,12,17394,100,-62,2018,899,60,150,1,8977,20201860
fd00::218:18:18:18,19,0,0,8,20212285,453,1666,60,12,17394,100,-62,2019,900,60,425,1,8977,20212710
fd00::218:18:18:18,19,0,1,8,20222862,454,1667,60,12,24054,100,-62,2020,902,60,908,1,12937,20223770
fd00::218:18:18:18,19,0,0,8,20233437,455,1667,60,12,24054,100,-62,2021,903,60,133,1,12937,20233570
fd00::218:18:18:18,19,0,0,8,20244016,456,1669,60,12,33454,100,-62,2023,906,60,8244,1,19037,20252260
fd00::218:18:18:18,2379,0,208,981,21566141,457,1767,60,12,33866,100,-67,2154,909,60,1069,0,17667,21567210
fd00::218:18:18:18,19,0,1,8,21576717,458,1769,60,12,134152,100,-62,2156,911,60,8623,0,72501,21585340
fd00::219:19:19:19,77,0,0,457,42914,1,0,60,0,0,0,0,0,1,60,346,1,0,43260
fd00::219:19:19:19,19,0,0,8,53625,2,1,60,12,3074,100,-63,1,3,60,5875,1,4722,59500
fd00::219:19:19:19,1118,0,5,9843,706995,6,14,60,12,4568,100,-63,66,5,60,145,1,3192,707140
fd00::219:19:19:19,19,0,0,8,717709,7,15,60,12,6603,100,-51,67,8,60,281,1,3722,717990
fd00::219:19:19:19,1214,0,8,5892,1424633,11,30,60,12,2684,100,-51,138,10,60,707,1,4286,1425340
fd00::219:19:19:19,19,0,0,8,1435344,12,31,60,12,5294,100,-63,139,12,60,2736,1,3032,1438080
fd00::219:19:19:19,19,0,0,8,1446053,13,31,60,12,5294,100,-63,140,13,60,3367,2,3032,1449420
fd00::219:19:19:19,347,0,5,804,1660274,16,47,60,12,6074,100,-63,162,16,60,7616,1,3912,1667890
fd00::219:19:19:19,19,0,1,8,1670984,17,47,60,12,6074,100,-63,164,17,60,17906,1,3912,1688890
fd00::219:19:19:19,19,0,1,7,1681697,18,49,60,12,4204,100,-63,164,19,60,7963,1,14486,1689660
fd00::219:19:19:19,11490,0,11,66494,10282630,21,231,60,12,2799,100,-51,1024,27,60,300,1,23582,10282930
fd00::219:19:19:19,19,0,0,8,10304050,23,232,60,12,4274,100,-51,1026,29,60,510,1,2942,10304560
fd00::219:19:19:19,19,0,0,8,10336183,26,232,60,12,4274,100,-51,1030,30,60,8277,1,2942,10344460
fd00::219:19:19:19,1927,0,23,2283,11417996,28,270,60,12,54706,100,-63,1139,36,60,20704,2,38518,11438700
fd00::219:19:19:19,1060,0,23,1626,12028523,31,309,60,12,52921,100,-51,1199,39,60,10637,1,26092,12039160
fd00::219:19:19:19,867,0,36,2968,12853270,35,367,60,12,6764,100,-51,1281,46,60,1250,1,3592,12854520
fd00::219:19:19:19,19,0,0,8,12863981,36,368,60,12,5374,100,-51,1282,48,60,1599,1,2792,12865580
fd00::219:19:19:19,19,0,0,8,12874692,37,370,60,12,2944,100,-51,1283,51,60,128,1,2277,12874820
fd00::219:19:19:19,19,0,0,8,12885401,38,370,60,12,2944,100,-51,1284,52,60,759,1,2277,12886160
fd00::219:19:19:19,19,0,0,8,12896114,39,371,60,12,8134,100,-51,1285,54,60,1106,1,4347,12897220
fd00::219:19:19:19,19,0,0,8,12906825,40,373,60,12,3814,100,-51,1286,57,60,405,1,2642,12907230
fd00::219:19:19:19,19,0,0,8,12917536,41,374,60,12,6344,100,-51,1287,59,60,124,1,3242,12917660
fd00::219:19:19:19,1426,0,35,2474,13731572,44,427,60,12,1764,100,-51,1370,61,60,14188,1,1862,13745760
fd00::219:19:19:19,1426,0,11,7625,15059736,50,484,60,12,2254,100,-51,1502,66,60,5384,1,2317,15065120
fd00::219:19:19:19,19,0,0,8,15070447,51,485,60,12,2754,100,-51,1503,68,60,5453,1,2917,15075900
fd00::219:19:19:19,19,0,0,8,15081158,52,486,60,12,3045,100,-51,1504,70,60,1672,1,3762,15082830
fd00::219:19:19:19,1137,0,4,4913,15713111,53,497,60,12,4374,100,-51,1567,73,60,349,1,2782,15713460
fd00::219:19:19:19,19,0,0,8,15723818,54,497,60,12,4374,100,-51,1568,74,60,2312,1,2782,15726130
fd00::219:19:19:19,1850,0,5,16719,16762785,56,510,60,12,10372,100,-51,1672,78,60,395,1,11062,16763180
fd00::219:19:19:19,19,0,0,8,16773495,57,511,60,12,7885,100,-51,1673,80,60,185,1,4152,16773680
fd00::219:19:19:19,19,0,0,8,16784207,58,512,60,12,7684,100,-51,1674,82,60,5223,1,4682,16789430
fd00::219:19:19:19,19,0,1,8,16794918,59,512,60,12,7684,100,-51,1676,83,60,9772,1,4682,16804690
fd00::219:19:19:19,5648,0,22,23767,19933241,60,618,60,12,2166,100,-51,1989,86,60,1429,1,1223,19934670
fd00::21a:1a:1a:1a,117,0,0,645,65747,1,0,60,0,0,0,0,0,1,60,10133,2,0,75880
fd00::21a:1a:1a:1a,1158,0,1,9621,731196,4,10,60,12,7164,100,-67,70,2,60,44964,2,0,776160
fd00::21a:1a:1a:1a,17240,0,6,153825,10320207,6,34,60,12,46104,100,-72,1025,3,60,7453,2,0,10327660
fd00::21a:1a:1a:1a,19,0,0,8,10342027,8,34,60,12,46104,100,-72,1028,4,60,12233,2,0,10354260
fd00::21b:1b:1b:1b,72,0,0,385,40172,1,0,60,0,0,0,0,0,1,60,5048,1,0,45220
fd00::21b:1b:1b:1b,18,0,0,8,50216,2,0,60,0,0,0,0,1,2,60,8094,1,0,58310
fd00::21b:1b:1b:1b,18,0,0,7,60264,3,1,60,12,4124,100,-72,2,4,60,4416,1,4232,64680
fd00::21b:1b:1b:1b,18,0,0,8,70312,4,2,60,12,5464,100,-72,8,5,60,52818,1,4232,123130
fd00::21b:1b:1b:1b,11012,0,78,26615,6208416,7,61,60,12,5024,100,-82,617,11,60,4924,1,6467,6213340
fd00::21b:1b:1b:1b,18,0,0,8,6218461,8,61,60,12,5024,100,-82,618,12,60,8109,1,6467,6226570
fd00::21b:1b:1b:1b,18,0,0,8,6228508,9,62,60,12,16726,100,-82,623,14,60,47412,1,24183,6275920
fd00::21b:1b:1b:1b,18,0,1,7,6238553,10,62,60,12,16726,100,-82,627,15,60,72717,3,24183,6311270
fd00::21b:1b:1b:1b,361,0,19,160,6439474,11,78,60,12,15604,100,-40,640,17,60,10046,2,13927,6449520
fd00::21b:1b:1b:1b,18,0,0,8,6449520,12,78,60,12,15604,100,-40,642,18,60,12320,2,13927,6461840
fd00::21b:1b:1b:1b,2115,0,14,1008,7644993,15,108,60,12,4014,100,-82,760,23,60,3277,1,4107,7648270
fd00::21b:1b:1b:1b,4376,0,11,3339,10096218,18,131,60,12,1745,100,-82,1009,25,60,41042,2,6246,10137260
fd00::21b:1b:1b:1b,2314,0,5,14167,11392152,20,170,60,12,2355,100,-40,1135,27,60,558,1,24511,11392710
fd00::21b:1b:1b:1b,18,0,0,7,11402200,21,171,60,12,3844,100,-82,1136,29,60,730,1,3637,11402930
fd00::21b:1b:1b:1b,5081,0,31,25683,14245216,24,256,60,12,2693,100,-82,1420,35,60,414,1,12577,14245630
fd00::21b:1b:1b:1b,3200,0,12,18084,16043450,27,306,60,12,5604,100,-72,1600,38,60,2860,2,6127,16046310
fd00::21b:1b:1b:1b,18,0,0,8,16053496,28,307,60,12,15835,100,-84,1601,40,60,794,2,8302,16054290
fd00::21b:1b:1b:1b,18,0,0,8,16063542,29,307,60,12,15835,100,-84,1602,41,60,408,2,8302,16063950
fd00::21b:1b:1b:1b,687,0,2,4674,16455336,31,319,60,12,3024,100,-82,1641,45,60,404,1,2002,16455740
fd00::21b:1b:1b:1b,18,0,0,8,16465384,32,319,60,12,3024,100,-82,1642,46,60,576,1,2002,16465960
fd00::21b:1b:1b:1b,18,0,0,8,16475430,33,319,60,12,3024,100,-82,1643,47,60,400,1,2002,16475830
fd00::21c:1c:1c:1c,57,0,0,279,31538,1,0,60,0,0,0,0,0,1,60,3392,1,0,34930
fd00::21c:1c:1c:1c,19,0,0,8,42133,2,0,60,0,0,0,0,1,2,60,1477,1,0,43610
fd00::21c:1c:1c:1c,19,0,0,8,52730,3,1,60,12,4814,100,-68,2,4,60,4670,1,2652,57400
fd00::21c:1c:1c:1c,19,0,0,8,84521,6,4,60,12,4425,100,-68,6,6,60,8579,0,4267,93100
fd00::21c:1c:1c:1c,19,0,0,8,63327,4,3,60,12,2664,100,-68,7,7,60,42023,1,4267,105350
fd00::21c:1c:1c:1c,19,0,0,8,73922,5,3,60,12,2664,100,-68,9,8,60,52708,1,4267,126630
fd00::21c:1c:1c:1c,991,0,67,714,656759,9,51,60,12,3815,100,-64,62,13,60,261,0,2047,657020
fd00::21c:1c:1c:1c,19,0,0,8,667356,10,52,60,12,1234,100,-59,63,15,60,24,0,1037,667380
fd00::21c:1c:1c:1c,19,0,0,8,677953,11,53,60,12,1104,100,-59,64,17,60,67,0,727,678020
fd00::21c:1c:1c:1c,19,0,0,8,688550,12,54,60,12,2445,100,-59,65,19,60,40,0,1292,688590
fd00::21c:1c:1c:1c,19,0,0,8,699146,13,55,60,12,1544,100,-59,66,20,60,294,1,1292,699440
fd00::21c:1c:1c:1c,19,0,0,8,720342,15,56,60,12,3656,100,-89,69,22,60,4018,1,3228,724360
fd00::21c:1c:1c:1c,152,0,4,67,826311,18,64,60,12,2164,100,-71,79,27,60,109,1,3007,826420
fd00::21c:1c:1c:1c,19,0,0,8,836908,19,65,60,12,4064,100,-71,80,29,60,362,1,2487,837270
fd00::21c:1c:1c:1c,19,0,0,8,847505,20,66,60,12,3934,100,-71,81,31,60,405,1,2037,847910
fd00::21c:1c:1c:1c,19,0,0,8,858102,21,67,60,12,2614,100,-71,82,33,60,378,1,1797,858480
fd00::21c:1c:1c:1c,19,0,0,8,868699,22,68,60,12,1294,100,-71,83,35,60,141,1,2712,868840
fd00::21c:1c:1c:1c,19,0,0,8,879296,23,69,60,12,2634,100,-71,84,37,60,464,1,3452,879760
fd00::21c:1c:1c:1c,19,0,0,8,889895,24,70,60,12,2714,100,-71,85,39,60,85,1,2967,889980
fd00::21c:1c:1c:1c,19,0,0,8,900490,25,71,60,12,3987,100,-71,87,41,60,2020,1,2658,902510
fd00::21c:1c:1c:1c,19,0,0,8,911087,26,72,60,12,2874,100,-71,88,43,60,943,1,1542,912030
fd00::21c:1c:1c:1c,19,0,0,8,921684,27,73,60,12,5614,100,-71,90,45,60,15826,1,3122,937510
fd00::21c:1c:1c:1c,19,0,0,8,932283,28,74,60,12,4994,100,-71,91,47,60,10967,1,8797,943250
fd00::21c:1c:1c:1c,19,0,0,8,942878,29,76,60,12,1584,100,-71,92,50,60,8142,1,4642,951020
fd00::21c:1c:1c:1c,400,0,2,883,1176012,31,94,60,12,23565,100,-71,115,55,60,5308,1,13882,1181320
fd00::21c:1c:1c:1c,19,0,0,9,1186609,32,94,60,12,23565,100,-71,115,56,60,101,1,13882,1186710
fd00::21c:1c:1c:1c,305,0,0,632,1366758,34,109,60,12,6154,100,-89,133,58,60,272,0,9658,1367030
fd00::21c:1c:1c:1c,19,0,0,8,1377357,35,111,60,12,5514,100,-59,134,61,60,33,0,2792,1377390
fd00::21c:1c:1c:1c,19,0,0,8,1387952,36,113,60,12,24055,100,-89,135,64,60,8,0,13322,1387960
fd00::21c:1c:1c:1c,19,0,0,8,1398549,37,114,60,12,914,100,-59,137,66,60,6071,0,1892,1404620
fd00::21c:1c:1c:1c,19,0,0,8,1409146,38,115,60,12,1554,100,-59,137,68,60,234,0,2387,1409380
fd00::21c:1c:1c:1c,19,0,0,8,1419743,39,116,60,12,794,100,-59,138,70,60,67,0,1867,1419810
fd00::21c:1c:1c:1c,19,0,0,8,1430342,40,117,60,12,1364,100,-59,140,72,60,2348,0,1662,1432690
fd00::21c:1c:1c:1c,19,0,0,8,1440937,41,119,60,12,474,100,-59,141,75,60,223,0,272,1441160
fd00::21c:1c:1c:1c,19,0,0,8,1451534,42,120,60,12,905,100,-59,142,77,60,3766,0,1292,1455300
fd00::21c:1c:1c:1c,267,0,18,111,1631685,46,136,60,12,1773,100,-59,160,79,60,155,1,2112,1631840
fd00::21c:1c:1c:1c,19,0,0,8,1642282,47,137,60,12,3744,100,-89,161,81,60,2018,1,3902,1644300
fd00::21c:1c:1c:1c,19,0,0,8,1652877,48,138,60,12,3403,100,-89,162,83,60,243,1,3626,1653120
fd00::21c:1c:1c:1c,19,0,0,8,1663476,49,139,60,12,6214,100,-89,163,85,60,74,1,4087,1663550
fd00::21c:1c:1c:1c,343,0,1,892,1886011,53,150,60,12,14613,100,-89,185,87,60,349,0,7217,1886360
fd00::21c:1c:1c:1c,19,0,0,8,1896610,54,152,60,12,25964,100,-89,186,90,60,460,0,13157,1897070
fd00::21c:1c:1c:1c,19,0,0,8,1907205,55,154,60,12,26253,100,-89,187,93,60,995,0,14071,1908200
fd00::21c:1c:1c:1c,19,0,0,8,1917802,56,155,60,12,174,100,-59,188,95,60,1738,0,1557,1919540
fd00::21c:1c:1c:1c,19,0,0,8,1928399,57,156,60,12,184,100,-59,189,97,60,241,0,127,1928640
fd00::21c:1c:1c:1c,19,0,0,8,1938998,58,157,60,12,963,100,-59,190,99,60,72,0,761,1939070
fd00::21c:1c:1c:1c,19,0,0,8,1949593,59,158,60,12,1253,100,-59,191,101,60,117,0,1536,1949710
fd00::21c:1c:1c:1c,19,0,0,8,1960190,60,159,60,12,494,100,-59,193,103,60,650,0,422,1960840
fd00::21c:1c:1c:1c,762,0,1,2021,2384070,61,183,60,12,2916,100,-64,235,104,60,130,0,422,2384200
fd00::21c:1c:1c:1c,19,0,0,8,2405264,63,185,60,12,1574,100,-59,237,106,60,146,1,2952,2405410
fd00::21c:1c:1c:1c,1201,0,6,5465,3094069,66,206,60,12,2265,100,-89,306,112,60,5041,1,3162,3099110
fd00::21c:1c:1c:1c,553,0,1,3340,3401382,67,212,60,12,894,100,-59,337,116,60,408,0,867,3401790
fd00::21c:1c:1c:1c,19,0,0,8,3570933,70,231,60,12,1056,100,-59,354,120,60,7047,1,3923,3577980
fd00::21c:1c:1c:1c,553,0,4,2407,3878247,71,250,60,12,1295,100,-59,384,122,60,103,0,6237,3878350
fd00::21c:1c:1c:1c,19,0,0,8,3888846,72,251,60,12,675,100,-59,385,124,60,144,0,442,3888990
fd00::21c:1c:1c:1c,38,0,1,15,3920635,74,254,60,12,1474,100,-59,390,128,60,16095,0,6022,3936730
fd00::21c:1c:1c:1c,4081,0,397,1757,6198990,76,426,60,12,954,100,-59,616,130,60,560,0,2087,6199550
fd00::21c:1c:1c:1c,19,0,1,7,6209587,77,427,60,12,1384,100,-59,618,132,60,3823,0,1392,6213410
fd00::21c:1c:1c:1c,19,0,2,7,6220184,78,427,60,12,1384,100,-59,619,133,60,7156,0,1392,6227340
fd00::21c:1c:1c:1c,19,0,2,7,6241378,80,429,60,12,12115,100,-59,624,136,60,34402,0,14107,6275780
fd00::21c:1c:1c:1c,19,0,2,7,6251975,81,429,60,12,12115,100,-59,626,137,60,45365,0,14107,6297340
fd00::21c:1c:1c:1c,38,0,4,14,6410930,83,444,60,12,1164,100,-59,638,142,60,4360,0,967,6415290
fd00::21c:1c:1c:1c,19,0,1,7,6421527,84,446,60,12,1184,100,-59,639,145,60,973,0,1222,6422500
fd00::21c:1c:1c:1c,19,0,2,7,6432124,85,446,60,12,1184,100,-59,641,146,60,11796,0,1222,6443920
fd00::21c:1c:1c:1c,19,0,2,7,6442721,86,446,60,12,1184,100,-59,643,147,60,18699,2,1222,6461420
fd00::21c:1c:1c:1c,19,0,2,6,6453318,87,448,60,12,12053,100,-59,643,150,60,10132,0,10996,6463450
fd00::21c:1c:1c:1c,19,0,2,6,6463913,88,448,60,12,12053,100,-59,643,151,60,167,0,10996,6464080
fd00::21c:1c:1c:1c,1926,0,217,933,7534211,89,547,60,12,683,100,-59,750,154,60,29,0,481,7534240
fd00::21c:1c:1c:1c,19,0,0,8,7544809,90,548,60,12,204,100,-59,751,156,60,71,0,1852,7544880
fd00::21c:1c:1c:1c,19,0,0,8,7555408,91,548,60,12,204,100,-59,752,157,60,4242,0,1852,7559650
fd00::21c:1c:1c:1c,19,0,0,8,7566003,92,549,60,12,5674,100,-59,754,159,60,7157,0,4867,7573160
fd00::21c:1c:1c:1c,19,0,1,7,7576600,93,551,60,12,374,100,-59,754,162,60,1880,0,4212,7578480
fd00::21c:1c:1c:1c,19,0,0,7,7587197,94,552,60,12,1714,100,-59,755,164,60,803,0,1032,7588000
fd00::21c:1c:1c:1c,19,0,0,8,7597794,95,553,60,12,114,100,-59,756,166,60,6,0,232,7597800
fd00::21c:1c:1c:1c,19,0,0,8,7608393,96,554,60,12,334,100,-59,758,168,60,3337,0,2337,7611730
fd00::21c:1c:1c:1c,19,0,0,8,7618988,97,555,60,12,414,100,-59,758,170,60,22,0,907,7619010
fd00::21c:1c:1c:1c,19,0,1,8,7629585,98,556,60,12,424,100,-59,759,172,60,275,0,1717,7629860
fd00::21c:1c:1c:1c,19,0,1,7,7640181,99,557,60,12,6454,100,-59,761,174,60,7109,0,4207,7647290
fd00::21c:1c:1c:1c,19,0,1,6,7650777,100,558,60,12,2964,100,-59,763,176,60,10303,0,4002,7661080
fd00::21c:1c:1c:1c,2517,0,338,944,9049583,101,695,60,12,1005,100,-59,903,179,60,14787,0,572,9064370
fd00::21c:1c:1c:1c,38,0,4,13,9070777,102,697,60,12,5084,100,-59,904,184,60,1643,0,64502,9072420
fd00::21c:1c:1c:1c,19,0,1,7,9081374,103,698,60,12,4046,100,-59,905,186,60,2526,0,2093,9083900
fd00::21c:1c:1c:1c,19,0,1,7,9091971,104,700,60,12,1474,100,-59,906,190,60,819,0,1332,9092790
fd00::21c:1c:1c:1c,19,0,2,6,9102568,105,701,60,12,1344,100,-59,907,192,60,4292,0,3017,9106860
fd00::21c:1c:1c:1c,19,0,1,7,9113165,106,702,60,12,864,100,-59,908,194,60,205,0,1062,9113370
fd00::21c:1c:1c:1c,19,0,0,7,9123762,107,703,60,12,2134,100,-59,909,196,60,248,0,1137,9124010
fd00::21c:1c:1c:1c,19,0,0,8,9134359,108,704,60,12,4034,100,-59,910,198,60,81,0,2192,9134440
fd00::21c:1c:1c:1c,19,0,1,7,9144954,109,705,60,12,824,100,-59,911,200,60,56,0,2267,9145010
fd00::21c:1c:1c:1c,19,0,0,8,9155551,110,705,60,12,824,100,-59,912,201,60,29,0,2267,9155580
fd00::21c:1c:1c:1c,19,0,1,7,9166148,111,707,60,12,1894,100,-59,913,204,60,72,0,1087,9166220
fd00::21c:1c:1c:1c,19,0,0,7,9176747,112,708,60,12,1344,100,-59,914,206,60,43,0,742,9176790
fd00::21c:1c:1c:1c,19,0,0,7,9187344,113,709,60,12,3664,100,-59,915,208,60,16,0,1902,9187360
fd00::21c:1c:1c:1c,19,0,0,7,9197939,114,710,60,12,1574,100,-59,916,210,60,61,0,962,9198000
fd00::21c:1c:1c:1c,19,0,0,8,9208536,115,711,60,12,604,100,-59,917,212,60,34,0,1037,9208570
fd00::21c:1c:1c:1c,19,0,0,7,9219135,116,712,60,12,4884,100,-59,918,214,60,75,0,2897,9219210
fd00::21c:1c:1c:1c,19,0,0,7,9229730,117,713,60,12,1184,100,-59,919,216,60,50,0,1257,9229780
fd00::21c:1c:1c:1c,19,0,0,7,9240331,118,714,60,12,1055,100,-59,921,218,60,229,0,597,9240560
fd00::21c:1c:1c:1c,19,0,1,7,9250926,119,715,60,12,1834,100,-59,922,220,60,484,0,1862,9251410
fd00::21c:1c:1c:1c,19,0,1,7,9261525,120,717,60,12,664,100,-59,923,223,60,3185,0,2327,9264710
fd00::21c:1c:1c:1c,19,0,0,7,9272120,121,718,60,12,1724,100,-59,924,225,60,2670,0,1527,9274790
fd00::21c:1c:1c:1c,19,0,1,7,9282717,122,719,60,12,1384,100,-59,925,227,60,4253,0,2232,9286970
fd00::21c:1c:1c:1c,19,0,1,7,9293314,123,720,60,12,834,100,-59,926,229,60,1846,0,2237,9295160
fd00::21c:1c:1c:1c,19,0,0,7,9303911,124,721,60,12,2314,100,-59,927,231,60,1889,0,2872,9305800
fd00::21c:1c:1c:1c,19,0,1,7,9314508,125,722,60,12,434,100,-59,928,233,60,672,0,952,9315180
fd00::21c:1c:1c:1c,19,0,0,7,9325105,126,723,60,12,724,100,-59,929,235,60,15,0,502,9325120
fd00::21c:1c:1c:1c,19,0,0,7,9335702,127,724,60,12,1574,100,-59,930,237,60,58,0,997,9335760
fd00::21c:1c:1c:1c,19,0,0,7,9346301,128,725,60,12,1514,100,-59,931,239,60,29,0,827,9346330
fd00::21c:1c:1c:1c,19,0,0,7,9356896,129,726,60,12,4745,100,-59,932,241,60,74,0,3352,9356970
fd00::21c:1c:1c:1c,19,0,0,7,9367495,130,727,60,12,1535,100,-59,933,243,60,45,0,2377,9367540
fd00::21c:1c:1c:1c,19,0,0,7,9378090,131,728,60,12,5814,100,-59,934,245,60,20,0,3117,9378110
fd00::21c:1c:1c:1c,19,0,0,8,9388687,132,729,60,12,2464,100,-59,935,247,60,63,0,1337,9388750
fd00::21c:1c:1c:1c,19,0,0,7,9399284,133,730,60,12,1214,100,-59,936,249,60,246,0,747,9399530
fd00::21c:1c:1c:1c,19,0,0,7,9409881,134,731,60,12,1924,100,-59,937,251,60,9,0,1382,9409890
fd00::21c:1c:1c:1c,19,0,0,7,9420476,135,732,60,12,1864,100,-59,939,253,60,2644,0,2017,9423120
fd00::21c:1c:1c:1c,19,0,0,7,9431073,136,733,60,12,964,100,-59,940,255,60,1287,0,1602,9432360
fd00::21c:1c:1c:1c,19,0,1,7,9441672,137,735,60,12,1264,100,-59,941,258,60,278,0,702,9441950
fd00::21c:1c:1c:1c,19,0,1,7,9452269,138,736,60,12,1484,100,-59,942,260,60,2211,0,2072,9454480
fd00::21c:1c:1c:1c,19,0,1,7,9462866,139,737,60,12,934,100,-59,943,262,60,1344,0,2077,9464210
fd00::21c:1c:1c:1c,19,0,0,8,9473463,140,737,60,12,934,100,-59,944,263,60,617,0,2077,9474080
fd00::21c:1c:1c:1c,19,0,0,7,9484058,141,738,60,12,6194,100,-59,945,265,60,312,0,3237,9484370
fd00::21c:1c:1c:1c,19,0,1,7,9494659,142,740,60,12,614,100,-59,946,268,60,71,0,622,9494730
fd00::21c:1c:1c:1c,19,0,0,7,9505252,143,741,60,12,1254,100,-59,947,270,60,48,0,767,9505300
fd00::21c:1c:1c:1c,19,0,0,8,9515851,144,742,60,12,4694,100,-59,948,272,60,719,0,3152,9516570
fd00::21c:1c:1c:1c,19,0,0,7,9526446,145,743,60,12,573,100,-59,949,274,60,64,0,2876,9526510
fd00::21c:1c:1c:1c,19,0,0,7,9537045,146,744,60,12,4084,100,-59,950,276,60,315,0,3547,9537360
fd00::21c:1c:1c:1c,19,0,0,7,9547642,147,745,60,12,1924,100,-59,951,278,60,218,0,1312,9547860
fd00::21c:1c:1c:1c,19,0,0,8,9558241,148,746,60,12,3754,100,-59,952,280,60,609,0,2052,9558850
fd00::21c:1c:1c:1c,19,0,0,7,9568834,149,747,60,12,547,100,-59,953,282,60,26,0,2093,9568860
fd00::21c:1c:1c:1c,19,0,0,7,9579431,150,748,60,12,1813,100,-59,954,284,60,489,0,3426,9579920
fd00::21c:1c:1c:1c,19,0,0,8,9590032,151,749,60,12,1336,100,-59,956,286,60,878,0,738,9590910
fd00::21c:1c:1c:1c,19,0,0,8,9600627,152,751,60,12,373,100,-59,957,289,60,573,0,571,9601200
fd00::21c:1c:1c:1c,19,0,0,8,9611224,153,751,60,12,373,100,-59,958,290,60,4396,0,571,9615620
fd00::21c:1c:1c:1c,343,0,1,404,9812567,155,770,60,12,1496,100,-59,978,292,60,243,0,853,9812810
fd00::21c:1c:1c:1c,19,0,0,8,9823164,156,771,60,12,1854,100,-59,979,294,60,1336,0,2222,9824500
fd00::21c:1c:1c:1c,19,0,0,8,9833761,157,772,60,12,2704,100,-59,980,296,60,469,0,1492,9834230
fd00::21c:1c:1c:1c,19,0,1,7,9844356,158,773,60,12,895,100,-59,981,298,60,24,0,1042,9844380
fd00::21c:1c:1c:1c,19,0,0,8,9854955,159,774,60,12,1045,100,-59,983,300,60,14135,0,3987,9869090
fd00::21c:1c:1c:1c,305,0,5,155,10024505,160,791,60,12,1634,100,-59,999,304,60,475,0,852,10024980
fd00::21c:1c:1c:1c,19,0,0,8,10035102,161,792,60,12,734,100,-59,1000,306,60,28,0,892,10035130
fd00::21c:1c:1c:1c,19,0,0,8,10045699,162,793,60,12,1023,100,-59,1001,308,60,71,0,686,10045770
fd00::21c:1c:1c:1c,19,0,0,8,10056296,163,794,60,12,2084,100,-59,1002,310,60,114,0,1077,10056410
fd00::21c:1c:1c:1c,19,0,0,8,10066893,164,795,60,12,904,100,-59,1003,312,60,17,0,487,10066910
fd00::21c:1c:1c:1c,19,0,0,8,10077490,165,796,60,12,984,100,-59,1004,314,60,60,0,1402,10077550
fd00::21c:1c:1c:1c,19,0,0,8,10088089,166,796,60,12,984,100,-59,1005,315,60,171,0,1402,10088260
fd00::21c:1c:1c:1c,19,0,0,8,10098684,167,797,60,12,1213,100,-59,1006,317,60,1266,0,641,10099950
fd00::21c:1c:1c:1c,19,0,0,8,10109283,168,798,60,12,666,100,-59,1008,319,60,9427,0,2013,10118710
fd00::21c:1c:1c:1c,324,0,5,681,10310626,171,818,60,12,524,100,-59,1028,324,60,24,0,297,10310650
fd00::21c:1c:1c:1c,19,0,0,8,10321223,172,818,60,12,524,100,-59,1029,325,60,4547,0,297,10325770
fd00::21c:1c:1c:1c,19,0,0,7,10331820,173,820,60,12,1102,100,-59,1030,328,60,1160,0,1321,10332980
fd00::21c:1c:1c:1c,572,0,2,763,10660327,175,851,60,12,793,100,-59,1063,331,60,5993,0,1096,10666320
fd00::21c:1c:1c:1c,19,0,0,8,10670924,176,852,60,12,1154,100,-59,1064,333,60,2116,0,3202,10673040
fd00::21c:1c:1c:1c,19,0,0,8,10681521,177,854,60,12,264,100,-59,1065,336,60,1669,0,272,10683190
fd00::21c:1c:1c:1c,19,0,0,8,10692118,178,855,60,12,414,100,-59,1066,338,60,1782,0,1922,10693900
fd00::21c:1c:1c:1c,591,0,1,1340,11031222,180,883,60,12,1176,100,-59,1100,342,60,148,0,658,11031370
fd00::21c:1c:1c:1c,438,0,3,724,11285550,182,902,60,12,23664,100,-89,1125,344,60,270,0,12392,11285820
fd00::21c:1c:1c:1c,19,0,0,8,11296147,183,905,60,12,11995,100,-89,1126,348,60,33,0,7186,11296180
fd00::21c:1c:1c:1c,19,0,1,8,11317341,185,907,60,12,2224,100,-59,1128,351,60,2009,1,3352,11319350
fd00::21c:1c:1c:1c,19,0,1,7,11327936,186,908,60,12,1460,100,-59,1130,353,60,5274,0,2726,11333210
fd00::21c:1c:1c:1c,19,0,1,7,11338535,187,908,60,12,1460,100,-59,1130,354,60,765,0,2726,11339300
fd00::21c:1c:1c:1c,19,0,0,8,11349130,188,908,60,12,1460,100,-59,1132,355,60,5850,0,2726,11354980
fd00::21c:1c:1c:1c,19,0,0,8,11359729,189,908,60,12,1460,100,-59,1132,356,60,221,0,2726,11359950
fd00::21c:1c:1c:1c,19,0,0,8,11370326,190,909,60,12,21224,100,-89,1134,358,60,544,0,10892,11370870
fd00::21c:1c:1c:1c,19,0,1,8,11380923,191,910,60,12,10754,100,-59,1135,360,60,1427,0,6042,11382350
fd00::21c:1c:1c:1c,19,0,1,7,11391518,192,911,60,12,3834,100,-59,1136,362,60,282,0,3562,11391800
fd00::21c:1c:1c:1c,19,0,1,7,11402117,193,912,60,12,3424,100,-59,1137,364,60,393,0,3602,11402510
fd00::21c:1c:1c:1c,19,0,1,8,11412712,194,913,60,12,10994,100,-59,1140,366,60,22558,1,6897,11435270
fd00::21c:1c:1c:1c,19,0,1,7,11423313,195,913,60,12,10994,100,-59,1140,367,60,15737,1,6897,11439050
fd00::21c:1c:1c:1c,381,0,11,726,11635251,196,929,60,12,794,100,-59,1160,370,60,79,0,747,11635330
fd00::21c:1c:1c:1c,19,0,0,7,11645848,197,930,60,12,3814,100,-59,1161,372,60,1382,0,3587,11647230
fd00::21c:1c:1c:1c,19,0,0,7,11656443,198,931,60,12,814,100,-59,1162,374,60,27,0,2402,11656470
fd00::21c:1c:1c:1c,19,0,2,6,11688235,201,936,60,12,67356,100,-89,1167,378,60,11985,1,37073,11700220
fd00::21c:1c:1c:1c,801,0,22,2140,12154504,204,970,60,12,39423,100,-89,1212,386,60,16,0,19746,12154520
fd00::21c:1c:1c:1c,19,0,1,8,12165100,205,972,60,12,273,100,-59,1213,389,60,1460,0,1886,12166560
fd00::21c:1c:1c:1c,19,0,1,7,12175698,206,974,60,12,2734,100,-59,1215,391,60,6332,0,19338,12182030
fd00::21c:1c:1c:1c,19,0,1,7,12186294,207,975,60,12,2954,100,-59,1216,393,60,10226,0,7987,12196520
fd00::21c:1c:1c:1c,648,0,49,1030,12546593,208,1005,60,12,53663,100,-59,1251,401,60,2307,1,29422,12548900
fd00::21c:1c:1c:1c,19,0,1,7,12557192,209,1006,60,12,52978,100,-59,1254,402,60,17188,1,29422,12574380
fd00::21c:1c:1c:1c,133,0,7,56,12641968,211,1017,60,12,16414,100,-89,1261,406,60,32,0,8347,12642000
fd00::21c:1c:1c:1c,19,0,1,7,12652563,212,1020,60,12,22513,100,-89,1262,410,60,7287,0,14651,12659850
fd00::21c:1c:1c:1c,19,0,2,6,12663160,213,1021,60,12,776,100,-59,1263,412,60,50,0,773,12663210
fd00::21c:1c:1c:1c,19,0,1,7,12673757,214,1022,60,12,1624,100,-59,1264,414,60,23,0,1057,12673780
fd00::21c:1c:1c:1c,19,0,0,7,12684354,215,1023,60,12,1704,100,-59,1265,416,60,66,0,957,12684420
fd00::21c:1c:1c:1c,19,0,1,7,12694951,216,1024,60,12,2484,100,-59,1266,418,60,39,0,1732,12694990
fd00::21c:1c:1c:1c,19,0,0,8,12705548,217,1025,60,12,4033,100,-59,1267,420,60,572,0,2191,12706120
fd00::21c:1c:1c:1c,19,0,0,7,12716145,218,1026,60,12,1246,100,-59,1268,422,60,335,0,1638,12716480
fd00::21c:1c:1c:1c,19,0,0,8,12726741,219,1026,60,12,1246,100,-59,1269,423,60,2549,0,1638,12729290
fd00::21c:1c:1c:1c,286,0,6,415,12896294,221,1043,60,12,654,100,-59,1286,427,60,296,0,6867,12896590
fd00::21c:1c:1c:1c,19,0,0,8,12906891,222,1044,60,12,1434,100,-59,1287,429,60,269,0,2187,12907160
fd00::21c:1c:1c:1c,19,0,0,8,12917488,223,1045,60,12,464,100,-59,1288,431,60,32,0,1702,12917520
fd00::21c:1c:1c:1c,305,0,5,432,13097637,225,1061,60,12,3094,100,-59,1306,434,60,693,0,1652,13098330
fd00::21c:1c:1c:1c,19,0,0,8,13108236,226,1062,60,12,1704,100,-59,1307,436,60,34,0,1622,13108270
fd00::21c:1c:1c:1c,19,0,0,8,13118833,227,1063,60,12,2974,100,-59,1308,438,60,567,0,1942,13119400
fd00::21c:1c:1c:1c,19,0,0,8,13129428,228,1064,60,12,1164,100,-59,1309,440,60,192,0,1667,13129620
fd00::21c:1c:1c:1c,19,0,0,8,13140025,229,1065,60,12,1172,100,-59,1311,442,60,3735,0,1496,13143760
fd00::21c:1c:1c:1c,19,0,0,8,13150624,230,1066,60,12,1464,100,-59,1312,444,60,5386,0,1992,13156010
fd00::21c:1c:1c:1c,19,0,0,7,13161219,231,1067,60,12,2876,100,-59,1313,446,60,2561,0,3048,13163780
fd00::21c:1c:1c:1c,19,0,0,8,13171818,232,1068,60,12,2186,100,-59,1314,448,60,292,0,1933,13172110
fd00::21c:1c:1c:1c,19,0,1,7,13182413,233,1070,60,12,875,100,-59,1315,451,60,267,0,1032,13182680
fd00::21c:1c:1c:1c,19,0,1,8,13193010,234,1071,60,12,1866,100,-59,1316,453,60,240,0,1213,13193250
fd00::21c:1c:1c:1c,953,0,17,3549,14051367,239,1149,60,12,484,100,-59,1402,458,60,6243,0,3777,14057610
fd00::21c:1c:1c:1c,476,0,8,989,14316292,240,1165,60,12,35483,100,-68,1428,460,60,108,0,967,14316400
fd00::21c:1c:1c:1c,19,0,0,7,14326889,241,1166,60,12,3695,100,-59,1430,461,60,6941,0,967,14333830
fd00::21c:1c:1c:1c,305,0,8,504,14496441,242,1181,60,12,2394,100,-59,1446,463,60,699,0,2247,14497140
fd00::21c:1c:1c:1c,19,0,0,8,14507038,243,1182,60,12,794,100,-59,1447,465,60,42,0,1797,14507080
fd00::21c:1c:1c:1c,19,0,0,8,14517635,244,1183,60,12,3115,100,-59,1449,466,60,9185,0,1797,14526820
fd00::21c:1c:1c:1c,457,0,1,1552,15407783,246,1246,60,12,3305,100,-59,1537,473,60,197,0,1687,15407980
fd00::21c:1c:1c:1c,19,0,0,8,15418380,247,1247,60,12,1005,100,-59,1538,475,60,100,0,1797,15418480
fd00::21c:1c:1c:1c,19,0,0,8,15428979,248,1248,60,12,385,100,-59,1540,477,60,1541,0,2747,15430520
fd00::21c:1c:1c:1c,171,0,4,76,15534946,250,1257,60,12,2734,100,-71,1550,480,60,2184,1,3047,15537130
fd00::21c:1c:1c:1c,686,0,12,849,15927038,252,1284,60,12,55014,100,-89,1589,484,60,1112,0,29046,15928150
fd00::21c:1c:1c:1c,591,0,2,2433,16435692,254,1318,60,12,1184,100,-59,1640,489,60,28,0,627,16435720
fd00::21c:1c:1c:1c,19,0,0,8,16446289,255,1319,60,12,3224,100,-59,1641,491,60,911,0,3012,16447200
fd00::21c:1c:1c:1c,19,0,1,7,16456884,256,1320,60,12,2394,100,-59,1642,493,60,2286,0,1862,16459170
fd00::21c:1c:1c:1c,19,0,1,8,16467481,257,1321,60,12,305,100,-59,1643,495,60,19,0,222,16467500
fd00::21c:1c:1c:1c,19,0,0,8,16478078,258,1321,60,12,305,100,-59,1644,496,60,412,0,222,16478490
fd00::21c:1c:1c:1c,19,0,1,7,16488676,259,1322,60,12,5574,100,-59,1645,498,60,874,0,3522,16489550
fd00::21c:1c:1c:1c,19,0,1,7,16499274,260,1322,60,12,5574,100,-59,1647,499,60,3576,1,3522,16502850
fd00::21c:1c:1c:1c,553,0,23,2508,16838380,264,1353,60,12,2215,100,-59,1680,513,60,400,0,1842,16838780
fd00::21c:1c:1c:1c,19,0,1,7,16848977,265,1354,60,12,824,100,-59,1682,515,60,4573,0,797,16853550
fd00::21c:1c:1c:1c,19,0,1,7,16859572,266,1355,60,12,1534,100,-59,1683,517,60,4478,0,2062,16864050
fd00::21c:1c:1c:1c,19,0,1,7,16870169,267,1356,60,12,1896,100,-59,1684,519,60,4031,0,2488,16874200
fd00::21c:1c:1c:1c,95,0,4,41,16923154,268,1361,60,12,754,100,-59,1689,520,60,1446,1,2488,16924600
fd00::21c:1c:1c:1c,19,0,0,7,16933751,269,1363,60,12,1472,100,-64,1691,522,60,9959,1,2832,16943710
fd00::21c:1c:1c:1c,400,0,3,647,17410616,271,1404,60,12,624,100,-59,1738,525,60,2374,0,1467,17412990
fd00::21c:1c:1c:1c,19,0,0,8,17421213,272,1404,60,12,624,100,-59,1739,526,60,4587,0,1467,17425800
fd00::21c:1c:1c:1c,19,0,2,7,17431809,273,1405,60,12,1895,100,-59,1740,528,60,11,0,3117,17431820
fd00::21c:1c:1c:1c,19,0,1,7,17442407,274,1406,60,12,11844,100,-59,1741,529,60,6913,0,3117,17449320
fd00::21c:1c:1c:1c,419,0,17,1531,17696735,277,1427,60,12,626,100,-59,1766,530,60,105,0,3117,17696840
fd00::21c:1c:1c:1c,19,0,0,8,17707332,278,1428,60,12,705,100,-59,1767,531,60,8,0,3117,17707340
fd00::21c:1c:1c:1c,19,0,0,8,17717929,279,1429,60,12,854,100,-59,1769,533,60,3481,0,1197,17721410
fd00::21c:1c:1c:1c,19,0,0,8,17728526,280,1430,60,12,794,100,-59,1769,535,60,24,0,747,17728550
fd00::21c:1c:1c:1c,19,0,1,7,17739125,281,1431,60,12,1434,100,-59,1770,537,60,275,0,1382,17739400
fd00::21c:1c:1c:1c,19,0,0,8,17749720,282,1432,60,12,2284,100,-59,1771,539,60,180,0,2367,17749900
fd00::21c:1c:1c:1c,362,0,13,360,17972257,285,1455,60,12,626,100,-59,1794,541,60,6683,0,1777,17978940
fd00::21c:1c:1c:1c,57,0,1,26,18035839,287,1461,60,12,894,100,-89,1801,547,60,10441,2,7307,18046280
fd00::21c:1c:1c:1c,19,0,0,9,18046436,288,1461,60,12,894,100,-89,1801,548,60,2784,2,7307,18049220
fd00::21c:1c:1c:1c,19,0,0,9,18057033,289,1462,60,12,15534,100,-89,1804,550,60,15567,2,16237,18072600
fd00::21c:1c:1c:1c,19,0,0,8,18067628,290,1462,60,12,15534,100,-89,1804,551,60,11902,2,16237,18079530
fd00::21c:1c:1c:1c,19,0,0,8,18088826,292,1464,60,12,7936,100,-89,1807,554,60,16184,2,9603,18105010
fd00::21c:1c:1c:1c,495,0,3,1241,18374945,294,1482,60,12,4303,100,-71,1834,557,60,55,0,2187,18375000
fd00::21c:1c:1c:1c,19,0,0,8,18385540,295,1484,60,12,2574,100,-59,1835,560,60,2760,0,3807,18388300
fd00::21c:1c:1c:1c,19,0,0,8,18396139,296,1485,60,12,2234,100,-59,1836,562,60,281,0,1292,18396420
fd00::21c:1c:1c:1c,19,0,0,8,18406734,297,1486,60,12,2664,100,-59,1837,564,60,46,0,3082,18406780
fd00::21c:1c:1c:1c,19,0,0,8,18417333,298,1487,60,12,2322,100,-59,1838,566,60,17,0,1196,18417350
fd00::21c:1c:1c:1c,19,0,0,8,18427930,299,1488,60,12,1074,100,-59,1839,568,60,60,0,2357,18427990
fd00::21c:1c:1c:1c,19,0,0,8,18438525,300,1489,60,12,2204,100,-59,1840,570,60,35,0,1137,18438560
fd00::21c:1c:1c:1c,19,0,0,8,18449124,301,1490,60,12,2074,100,-59,1841,572,60,286,0,1527,18449410
fd00::21c:1c:1c:1c,19,0,0,9,18459721,302,1491,60,12,2084,100,-59,1842,574,60,49,0,1077,18459770
fd00::21c:1c:1c:1c,19,0,0,8,18470318,303,1492,60,12,4054,100,-59,1844,576,60,1772,0,2272,18472090
fd00::21c:1c:1c:1c,152,0,1,68,18565689,305,1502,60,12,5344,100,-89,1854,579,60,9861,1,3862,18575550
fd00::21c:1c:1c:1c,343,0,1,192,18767032,307,1521,60,12,3024,100,-89,1873,581,60,108,0,1617,18767140
fd00::21c:1c:1c:1c,19,0,0,8,18777629,308,1522,60,12,1142,100,-59,1874,583,60,361,0,1481,18777990
fd00::21c:1c:1c:1c,19,0,0,8,18788228,309,1523,60,12,804,100,-59,1875,585,60,52,0,962,18788280
fd00::21c:1c:1c:1c,19,0,0,9,18798823,310,1524,60,12,3754,100,-59,1876,587,60,27,0,1912,18798850
fd00::21c:1c:1c:1c,19,0,0,8,18809422,311,1525,60,12,754,100,-59,1877,589,60,68,0,552,18809490
fd00::21c:1c:1c:1c,19,0,0,8,18820017,312,1526,60,12,1254,100,-59,1879,591,60,2843,0,1432,18822860
fd00::21c:1c:1c:1c,381,0,1,456,19042554,314,1548,60,12,1274,100,-59,1901,596,60,36,0,742,19042590
fd00::21c:1c:1c:1c,19,0,0,8,19053151,315,1549,60,12,865,100,-59,1902,598,60,4839,0,922,19057990
fd00::21c:1c:1c:1c,19,0,0,8,19063748,316,1550,60,12,804,100,-59,1903,600,60,52,0,437,19063800
fd00::21c:1c:1c:1c,19,0,0,8,19074345,317,1551,60,12,3824,100,-59,1904,602,60,375,0,2332,19074720
fd00::21c:1c:1c:1c,19,0,0,8,19084942,318,1552,60,12,685,100,-59,1905,603,60,3708,0,2332,19088650
fd00::21c:1c:1c:1c,305,0,1,600,19254494,319,1566,60,12,1544,100,-59,1922,605,60,756,1,2832,19255250
fd00::21c:1c:1c:1c,19,0,0,8,19265093,320,1567,60,12,6104,100,-59,1924,607,60,11017,1,3193,19276110
fd00::21c:1c:1c:1c,19,0,0,8,19275692,321,1567,60,12,6104,100,-59,1925,608,60,7908,2,3193,19283600
fd00::21c:1c:1c:1c,19,0,0,8,19286284,322,1567,60,12,6104,100,-59,1926,609,60,10896,0,3193,19297180
fd00::21c:1c:1c:1c,19,0,0,8,19296882,323,1569,60,12,6635,100,-71,1927,612,60,8068,1,7097,19304950
fd00::21c:1c:1c:1c,19,0,0,8,19307478,324,1570,60,12,1814,100,-59,1930,613,60,23652,1,7097,19331130
fd00::21c:1c:1c:1c,362,0,2,354,19508822,325,1588,60,12,5656,100,-71,1947,615,60,458,0,2862,19509280
fd00::21c:1c:1c:1c,19,0,0,8,19519419,326,1589,60,12,1394,100,-59,1949,617,60,587,0,1537,19520006
fd00::21c:1c:1c:1c,19,0,0,8,19530016,327,1590,60,12,4205,100,-59,1950,619,60,1874,0,2172,19531890
fd00::21c:1c:1c:1c,19,0,0,8,19540612,328,1590,60,12,4205,100,-59,1951,620,60,1638,0,2172,19542250
fd00::21c:1c:1c:1c,19,0,0,8,19551210,329,1592,60,12,594,100,-59,1952,623,60,1120,0,997,19552330
fd00::21c:1c:1c:1c,19,0,0,8,19561806,330,1592,60,12,594,100,-59,1953,624,60,1234,0,997,19563040
fd00::21c:1c:1c:1c,19,0,0,8,19572404,331,1593,60,12,2984,100,-59,1954,626,60,576,0,1667,19572980
fd00::21c:1c:1c:1c,19,0,0,8,19583001,332,1595,60,12,1184,100,-59,1955,629,60,2019,0,942,19585020
fd00::21c:1c:1c:1c,19,0,0,8,19593598,333,1596,60,12,1614,100,-59,1956,631,60,32,0,1612,19593630
fd00::21c:1c:1c:1c,19,0,0,8,19604195,334,1597,60,12,994,100,-59,1957,633,60,845,0,2457,19605040
fd00::21c:1c:1c:1c,19,0,0,8,19614792,335,1598,60,12,445,100,-59,1958,635,60,3758,0,397,19618550
fd00::21c:1c:1c:1c,19,0,0,8,19625389,336,1599,60,12,1364,100,-59,1959,637,60,21,0,822,19625410
fd00::21c:1c:1c:1c,19,0,0,8,19635986,337,1600,60,12,815,100,-59,1960,639,60,3914,0,582,19639900
fd00::21c:1c:1c:1c,19,0,0,8,19646583,338,1601,60,12,196,100,-59,1961,641,60,37,0,3283,19646620
fd00::21c:1c:1c:1c,19,0,0,8,19657182,339,1602,60,12,1045,100,-59,1962,643,60,358,0,557,19657540
fd00::21c:1c:1c:1c,19,0,0,8,19667777,340,1602,60,12,1045,100,-59,1963,644,60,123,0,557,19667900
fd00::21c:1c:1c:1c,19,0,0,8,19678374,341,1603,60,12,433,100,-59,1964,646,60,26,0,251,19678400
fd00::21c:1c:1c:1c,19,0,0,8,19688970,342,1603,60,12,433,100,-59,1965,647,60,420,0,251,19689390
fd00::21c:1c:1c:1c,19,0,0,8,19699567,343,1603,60,12,433,100,-59,1966,648,60,43,0,251,19699610
fd00::21c:1c:1c:1c,19,0,0,8,19710165,344,1604,60,12,534,100,-59,1968,650,60,505,0,512,19710670
fd00::21c:1c:1c:1c,19,0,0,8,19720762,345,1605,60,12,824,100,-59,1969,652,60,3418,0,622,19724180
fd00::21c:1c:1c:1c,19,0,0,8,19731359,346,1607,60,12,845,100,-59,1970,655,60,171,0,737,19731530
fd00::21c:1c:1c:1c,19,0,0,8,19741956,347,1608,60,12,785,100,-59,1971,657,60,74,0,427,19742030
fd00::21c:1c:1c:1c,19,0,0,8,19752553,348,1608,60,12,785,100,-59,1972,658,60,1167,0,427,19753720
fd00::21c:1c:1c:1c,19,0,0,8,19763150,349,1610,60,12,2203,100,-59,1974,660,60,10660,0,4461,19773810
fd00::21c:1c:1c:1c,19,0,0,8,19932700,365,1622,60,12,9973,100,-89,1990,661,60,6030,2,4461,19938730
fd00::21c:1c:1c:1c,724,0,2,3363,20462552,378,1650,60,12,56468,100,-89,2043,662,60,338,0,4461,20462890
fd00::21c:1c:1c:1c,19,0,0,8,20473149,379,1652,60,12,62634,100,-89,2045,664,60,7801,0,652,20480950
fd00::21c:1c:1c:1c,400,0,2,1448,20695686,380,1670,60,12,265,100,-59,2066,667,60,24,0,482,20695710
fd00::21c:1c:1c:1c,19,0,0,8,20706283,381,1671,60,12,1184,100,-59,2067,669,60,67,0,627,20706350
fd00::21c:1c:1c:1c,19,0,0,8,20727477,383,1673,60,12,994,100,-59,2069,672,60,643,0,3682,20728120
fd00::21c:1c:1c:1c,19,0,0,8,20738074,384,1674,60,12,234,100,-59,2070,674,60,126,0,152,20738200
fd00::21c:1c:1c:1c,19,0,0,8,20748671,385,1675,60,12,526,100,-59,2071,676,60,29,0,1068,20748700
fd00::21c:1c:1c:1c,19,0,0,8,20759268,386,1676,60,12,886,100,-59,2072,678,60,72,0,618,20759340
fd00::21c:1c:1c:1c,19,0,0,8,20769865,387,1677,60,12,895,100,-59,2074,680,60,1025,0,1917,20770890
fd00::21c:1c:1c:1c,19,0,0,8,20780462,388,1679,60,12,424,100,-59,2076,683,60,12688,0,3117,20793150
fd00::21c:1c:1c:1c,19,0,0,8,20791059,389,1680,60,12,154,100,-59,2076,685,60,2231,0,1617,20793290
fd00::21c:1c:1c:1c,19,0,0,8,20801656,390,1681,60,12,236,100,-59,2077,687,60,34,0,153,20801690
fd00::21c:1c:1c:1c,19,0,0,8,20812252,391,1681,60,12,236,100,-59,2078,688,60,8,0,153,20812260
fd00::21c:1c:1c:1c,19,0,0,8,20822850,392,1682,60,12,534,100,-59,2079,690,60,50,0,302,20822900
fd00::21c:1c:1c:1c,19,0,0,8,20833447,393,1683,60,12,1174,100,-59,2080,692,60,583,0,1567,20834030
fd00::21c:1c:1c:1c,19,0,0,8,20844044,394,1684,60,12,1395,100,-59,2081,694,60,5316,0,732,20849360
fd00::21c:1c:1c:1c,19,0,0,8,20854640,395,1684,60,12,1395,100,-59,2082,695,60,250,0,732,20854890
fd00::21c:1c:1c:1c,19,0,0,8,20865237,396,1684,60,12,1395,100,-59,2083,696,60,3233,0,732,20868470
fd00::21c:1c:1c:1c,19,0,0,8,20875837,397,1684,60,12,1395,100,-59,2084,697,60,2993,0,732,20878830
fd00::21c:1c:1c:1c,667,0,1,2586,21246730,398,1702,60,12,815,100,-59,2121,699,60,860,0,442,21247590
fd00::21c:1c:1c:1c,19,0,0,8,21257327,399,1703,60,12,474,100,-59,2122,701,60,203,0,272,21257530
fd00::21d:1d:1d:1d,39,0,0,18,22014,1,0,60,0,0,0,0,0,1,60,36,0,0,22050
fd00::21d:1d:1d:1d,19,0,0,8,32901,2,1,60,12,1864,100,-60,1,2,60,5599,0,0,38500
fd00::21d:1d:1d:1d,19,0,0,8,43786,3,2,60,12,474,100,-60,2,4,60,804,0,972,44590
fd00::21d:1d:1d:1d,19,0,0,8,54675,4,3,60,12,204,100,-60,3,6,60,4895,0,3042,59570
fd00::21d:1d:1d:1d,19,0,1,8,65562,5,4,60,12,214,100,-60,5,8,60,9268,0,492,74830
fd00::21d:1d:1d:1d,274,0,7,233,239754,8,18,60,12,7245,100,-88,21,12,60,66,0,3972,239820
fd00::21d:1d:1d:1d,19,0,0,8,250641,9,20,60,12,194,100,-60,23,15,60,5069,0,2687,255710
fd00::21d:1d:1d:1d,19,0,0,8,261528,10,21,60,12,274,100,-60,24,17,60,8392,0,2727,269920
fd00::21d:1d:1d:1d,333,0,8,852,479270,12,35,60,12,4073,100,-67,45,18,60,230,0,2727,479500
fd00::21d:1d:1d:1d,19,0,0,8,490155,13,37,60,12,16,100,-60,47,21,60,1385,0,743,491540
fd00::21d:1d:1d:1d,19,0,0,8,501042,14,38,60,12,164,100,-60,49,23,60,10168,0,2042,511210
fd00::21d:1d:1d:1d,333,0,7,641,686121,15,54,60,12,345,100,-60,66,26,60,439,0,1502,686560
fd00::21d:1d:1d:1d,19,0,1,8,697008,16,55,60,12,354,100,-60,67,28,60,262,0,2417,697270
fd00::21d:1d:1d:1d,19,0,1,8,707893,17,56,60,12,3306,100,-60,68,30,60,17,0,2003,707910
fd00::21d:1d:1d:1d,19,0,0,8,718780,18,57,60,12,4714,100,-60,69,32,60,50,0,3372,718830
fd00::21d:1d:1d:1d,627,0,11,3472,1099826,22,85,60,12,7894,100,-67,108,35,60,4984,1,4017,1104810
fd00::21d:1d:1d:1d,19,0,0,8,1110716,23,86,60,12,1325,100,-67,109,37,60,5994,1,4337,1116710
fd00::21d:1d:1d:1d,19,0,1,8,1121601,24,87,60,12,4204,100,-67,110,39,60,5539,1,3957,1127140
fd00::21d:1d:1d:1d,19,0,1,8,1132488,25,88,60,12,2464,100,-67,111,41,60,252,0,3647,1132740
fd00::21d:1d:1d:1d,19,0,0,8,1143374,26,90,60,12,2135,100,-60,112,44,60,1756,0,2257,1145130
fd00::21d:1d:1d:1d,19,0,1,8,1154260,27,90,60,12,2135,100,-60,113,45,60,320,0,2257,1154580
fd00::21d:1d:1d:1d,19,0,1,8,1165149,28,91,60,12,9424,100,-60,114,47,60,351,0,4887,1165500
fd00::21d:1d:1d:1d,19,0,2,7,1176035,29,92,60,12,6846,100,-60,115,48,60,2065,0,4887,1178100
fd00::21d:1d:1d:1d,19,0,2,7,1186921,30,92,60,12,6846,100,-60,116,49,60,69,0,4887,1186990
fd00::21d:1d:1d:1d,391,0,22,633,1404663,31,114,60,12,14,100,-60,138,56,60,307,0,1897,1404970
fd00::21d:1d:1d:1d,19,0,0,8,1415550,32,115,60,12,24,100,-60,139,58,60,760,0,1202,1416310
fd00::21d:1d:1d:1d,19,0,1,7,1426437,33,116,60,12,174,100,-60,140,60,60,303,0,1767,1426740
fd00::21d:1d:1d:1d,19,0,1,7,1437324,34,117,60,12,44,100,-60,141,62,60,56,0,1842,1437380
fd00::21d:1d:1d:1d,19,0,1,8,1448211,35,118,60,12,54,100,-60,142,63,60,1279,1,1842,1449490
fd00::21d:1d:1d:1d,293,0,13,395,1622403,37,134,60,12,164,100,-60,160,66,60,897,0,1622,1623300
fd00::21d:1d:1d:1d,19,0,1,7,1633290,38,135,60,12,2344,100,-60,161,68,60,4220,0,3727,1637510
fd00::21d:1d:1d:1d,19,0,1,7,1644177,39,136,60,12,253,100,-60,162,70,60,403,0,2086,1644580
fd00::21d:1d:1d:1d,19,0,1,7,1655062,40,136,60,12,253,100,-60,163,71,60,858,0,2086,1655920
fd00::21d:1d:1d:1d,19,0,1,7,1665949,41,138,60,12,1112,100,-60,164,74,60,1801,0,1046,1667750
fd00::21d:1d:1d:1d,19,0,2,6,1676838,42,139,60,12,2664,100,-60,166,76,60,11492,0,2732,1688330
fd00::21d:1d:1d:1d,1234,0,47,2045,2395380,46,204,60,12,1004,100,-60,237,82,60,300,0,2812,2395680
fd00::21d:1d:1d:1d,19,0,0,8,2406265,47,205,60,12,104,100,-60,238,84,60,475,0,962,2406740
fd00::21d:1d:1d:1d,19,0,1,8,2417154,48,206,60,12,394,100,-60,239,86,60,2046,0,617,2419200
fd00::21d:1d:1d:1d,1195,0,24,3526,3081261,49,252,60,12,1064,100,-60,306,91,60,3919,0,1197,3085180
fd00::21d:1d:1d:1d,19,0,1,7,3092148,50,253,60,12,1705,100,-60,307,93,60,1012,0,1517,3093160
fd00::21d:1d:1d:1d,19,0,1,7,3103035,51,254,60,12,805,100,-60,308,95,60,695,0,892,3103730
fd00::21d:1d:1d:1d,19,0,1,8,3113922,52,255,60,12,1304,100,-60,309,97,60,658,0,2262,3114580
fd00::21d:1d:1d:1d,19,0,0,8,3146583,55,256,60,12,14624,100,-60,312,98,60,1737,2,2262,3148320
fd00::21d:1d:1d:1d,666,0,26,1181,3516741,56,288,60,12,3385,100,-83,349,101,60,2859,0,4772,3519600
fd00::21d:1d:1d:1d,19,0,0,8,3527628,57,289,60,12,524,100,-60,350,103,60,22,0,1942,3527650
fd00::21d:1d:1d:1d,19,0,0,8,3538515,58,290,60,12,114,100,-60,351,105,60,55,0,2647,3538570
fd00::21d:1d:1d:1d,431,0,14,1074,3778029,59,312,60,12,74,100,-60,375,107,60,291,0,1752,3778320
fd00::21d:1d:1d:1d,19,0,0,8,3788916,60,313,60,12,84,100,-60,376,109,60,44,0,1967,3788960
fd00::21d:1d:1d:1d,19,0,0,8,3799803,61,314,60,12,94,100,-60,377,111,60,147,0,3092,3799950
fd00::21d:1d:1d:1d,19,0,1,7,3810690,62,316,60,12,46,100,-60,379,114,60,3960,0,2228,3814650
fd00::21d:1d:1d:1d,39,0,1,15,3832464,63,318,60,12,64,100,-60,381,116,60,2766,0,1567,3835230
fd00::21d:1d:1d:1d,921,0,16,2985,4344153,64,364,60,12,1624,100,-60,432,120,60,537,0,2177,4344690
fd00::21d:1d:1d:1d,19,0,0,8,4355040,65,365,60,12,94,100,-60,433,121,60,2250,0,2177,4357290
fd00::21d:1d:1d:1d,391,0,5,1391,4572780,66,385,60,12,104,100,-60,455,124,60,40,0,1242,4572820
fd00::21d:1d:1d:1d,19,0,0,9,4583668,67,386,60,12,114,100,-60,456,126,60,3852,0,3557,4587520
fd00::21d:1d:1d:1d,19,0,0,8,4594554,68,387,60,12,124,100,-60,457,128,60,526,0,1637,4595080
fd00::21d:1d:1d:1d,19,0,0,9,4605441,69,388,60,12,134,100,-60,458,130,60,209,0,1537,4605650
fd00::21d:1d:1d:1d,19,0,0,8,4616328,70,389,60,12,143,100,-60,459,132,60,32,0,2031,4616360
fd00::21d:1d:1d:1d,19,0,0,9,4627215,71,390,60,12,785,100,-60,461,133,60,9655,0,2031,4636870
fd00::21d:1d:1d:1d,568,0,11,1416,4942938,72,419,60,12,9844,100,-67,492,136,60,3402,1,8037,4946340
fd00::21d:1d:1d:1d,19,0,0,8,4953824,73,419,60,12,9844,100,-67,493,137,60,426,1,8037,4954250
fd00::21d:1d:1d:1d,19,0,0,8,4964711,74,421,60,12,2523,100,-67,495,139,60,6339,1,2272,4971050
fd00::21d:1d:1d:1d,1117,0,7,3620,5770352,76,485,60,12,314,100,-60,575,146,60,238,0,1102,5770590
fd00::21d:1d:1d:1d,19,0,0,9,5781237,77,487,60,12,194,100,-60,576,149,60,63,0,517,5781300
fd00::21d:1d:1d:1d,19,0,0,9,5792124,78,488,60,12,135,100,-60,577,151,60,96,0,487,5792220
fd00::21d:1d:1d:1d,19,0,0,9,5803011,79,489,60,12,144,100,-60,578,153,60,689,0,1612,5803700
fd00::21d:1d:1d:1d,19,0,0,9,5813898,80,490,60,12,365,100,-60,579,155,60,1072,0,2457,5814970
fd00::21d:1d:1d:1d,19,0,0,9,5824787,81,491,60,12,165,100,-60,580,157,60,53,0,432,5824840
fd00::21d:1d:1d:1d,19,0,0,9,5835672,82,492,60,12,104,100,-60,581,159,60,18,0,1627,5835690
fd00::21d:1d:1d:1d,19,0,0,9,5846558,83,492,60,12,104,100,-60,582,160,60,52,0,1627,5846610
fd00::21d:1d:1d:1d,19,0,0,9,5857446,84,493,60,12,125,100,-60,583,162,60,154,0,1427,5857600
fd00::21d:1d:1d:1d,19,0,0,10,5868333,85,494,60,12,554,100,-60,584,164,60,1307,0,452,5869640
fd00::21d:1d:1d:1d,19,0,0,9,5879220,86,495,60,12,144,100,-60,585,166,60,10,0,947,5879230
fd00::21d:1d:1d:1d,19,0,0,9,5890107,87,497,60,12,96,100,-60,587,169,60,2143,0,223,5892250
fd00::21d:1d:1d:1d,19,0,0,10,5900994,88,498,60,12,245,100,-60,589,170,60,12326,0,223,5913320
fd00::21d:1d:1d:1d,529,0,1,3071,6194943,89,512,60,12,184,100,-60,617,172,60,57,0,1422,6195000
fd00::21d:1d:1d:1d,19,0,0,8,6205832,90,513,60,12,1594,100,-60,618,174,60,158,0,832,6205990
fd00::21d:1d:1d:1d,19,0,0,8,6216719,91,514,60,12,626,100,-60,619,176,60,2151,0,2273,6218870
fd00::21d:1d:1d:1d,19,0,0,8,6227606,92,515,60,12,75,100,-60,622,177,60,20664,1,2273,6248270
fd00::21d:1d:1d:1d,274,0,1,270,6390909,94,528,60,12,314,100,-60,637,181,60,2401,0,1417,6393310
fd00::21d:1d:1d:1d,19,0,0,8,6401795,95,528,60,12,314,100,-60,638,182,60,3625,0,1417,6405420
fd00::21d:1d:1d:1d,19,0,0,8,6412684,96,530,60,12,54,100,-60,639,185,60,716,0,1672,6413400
fd00::21d:1d:1d:1d,19,0,0,9,6423570,97,531,60,12,624,100,-60,640,187,60,400,0,347,6423970
fd00::21d:1d:1d:1d,19,0,0,8,6434457,98,532,60,12,214,100,-60,641,189,60,13,0,1402,6434470
fd00::21d:1d:1d:1d,19,0,0,8,6445344,99,533,60,12,223,100,-60,642,191,60,46,0,1861,6445390
fd00::21d:1d:1d:1d,19,0,0,9,6456231,100,534,60,12,24,100,-60,643,193,60,9,0,1342,6456240
fd00::21d:1d:1d:1d,19,0,0,9,6467118,101,535,60,12,384,100,-60,644,195,60,1372,0,507,6468490
fd00::21d:1d:1d:1d,19,0,0,9,6478005,102,535,60,12,384,100,-60,645,196,60,285,0,507,6478290
fd00::21d:1d:1d:1d,2136,0,164,2543,7675575,104,640,60,12,5084,100,-89,765,198,60,65,0,9571,7675640
fd00::21d:1d:1d:1d,19,0,0,9,7686462,105,641,60,12,134,100,-60,766,200,60,2058,0,487,7688520
fd00::21d:1d:1d:1d,333,0,1,347,8154603,107,679,60,12,115,100,-60,813,205,60,467,0,1947,8155070
fd00::21d:1d:1d:1d,19,0,0,9,8165490,108,680,60,12,124,100,-60,814,207,60,640,0,2057,8166130
fd00::21d:1d:1d:1d,19,0,0,9,8176377,109,681,60,12,763,100,-60,815,209,60,323,0,2341,8176700
fd00::21d:1d:1d:1d,254,0,1,172,8339682,112,697,60,12,84,100,-60,831,212,60,188,0,1792,8339870
fd00::21d:1d:1d:1d,19,0,0,9,8350569,113,699,60,12,104,100,-60,833,215,60,1901,0,472,8352470
fd00::21d:1d:1d:1d,19,0,0,9,8361456,114,700,60,12,115,100,-60,834,217,60,44,0,617,8361500
fd00::21d:1d:1d:1d,19,0,0,8,8372343,115,701,60,12,195,100,-60,835,219,60,847,0,342,8373190
fd00::21d:1d:1d:1d,19,0,0,10,8383230,116,702,60,12,275,100,-60,836,221,60,40,0,522,8383270
fd00::21d:1d:1d:1d,19,0,0,9,8394119,117,703,60,12,146,100,-60,837,223,60,3711,0,493,8397830
fd00::21d:1d:1d:1d,19,0,0,9,8405004,118,704,60,12,85,100,-60,838,225,60,36,0,1512,8405040
fd00::21d:1d:1d:1d,19,0,0,8,8415891,119,705,60,12,165,100,-60,839,227,60,69,0,992,8415960
fd00::21d:1d:1d:1d,19,0,0,8,8426778,120,706,60,12,105,100,-60,840,229,60,3112,0,997,8429890
fd00::21d:1d:1d:1d,19,0,0,9,8437667,121,707,60,12,184,100,-60,841,231,60,693,0,1807,8438360
fd00::21d:1d:1d:1d,19,0,0,9,8448552,122,708,60,12,895,100,-60,842,233,60,168,0,832,8448720
fd00::21d:1d:1d:1d,274,0,1,211,8600970,123,724,60,12,144,100,-60,858,236,60,3570,0,2242,8604540
fd00::21d:1d:1d:1d,19,0,0,9,8611857,124,725,60,12,85,100,-60,859,238,60,4163,0,2982,8616020
fd00::21d:1d:1d:1d,19,0,0,8,8622744,125,726,60,12,92,100,-60,860,240,60,4266,0,1166,8627010
fd00::21d:1d:1d:1d,19,0,0,8,8633631,126,727,60,12,105,100,-60,861,241,60,4999,0,1166,8638630
fd00::21d:1d:1d:1d,372,0,1,999,8840484,127,744,60,12,174,100,-60,883,243,60,11226,0,1237,8851710
fd00::21d:1d:1d:1d,568,0,2,869,9156209,128,773,60,12,134,100,-60,913,245,60,71,0,2342,9156280
fd00::21d:1d:1d:1d,313,0,1,512,9330399,129,789,60,12,104,100,-60,931,248,60,3261,0,507,9333660
fd00::21d:1d:1d:1d,19,0,0,8,9341286,130,790,60,12,114,100,-60,932,250,60,74,0,372,9341360
fd00::21d:1d:1d:1d,19,0,0,8,9352173,131,791,60,12,755,100,-60,933,252,60,107,0,727,9352280
fd00::21d:1d:1d:1d,19,0,0,8,9363060,132,792,60,12,135,100,-60,934,254,60,1050,0,1992,9364110
fd00::21d:1d:1d:1d,19,0,0,8,9373947,133,793,60,12,144,100,-60,935,256,60,33,0,1472,9373980
fd00::21d:1d:1d:1d,19,0,0,8,9384836,134,794,60,12,84,100,-60,936,258,60,64,0,1827,9384900
fd00::21d:1d:1d:1d,19,0,0,8,9395721,135,795,60,12,94,100,-60,937,260,60,29,0,1762,9395750
fd00::21d:1d:1d:1d,19,0,0,8,9406608,136,796,60,12,104,100,-60,938,262,60,62,0,2887,9406670
fd00::21d:1d:1d:1d,19,0,0,8,9417495,137,797,60,12,114,100,-60,939,264,60,25,0,1982,9417520
fd00::21d:1d:1d:1d,19,0,0,8,9428382,138,798,60,12,124,100,-60,940,266,60,58,0,1672,9428440
fd00::21d:1d:1d:1d,19,0,0,8,9439269,139,799,60,12,134,100,-60,941,268,60,91,0,2342,9439360
fd00::21d:1d:1d:1d,19,0,0,8,9450156,140,800,60,12,144,100,-60,943,270,60,2154,0,317,9452310
fd00::21d:1d:1d:1d,19,0,0,8,9461045,141,801,60,12,364,100,-60,944,272,60,1135,0,1197,9462180
fd00::21d:1d:1d:1d,19,0,0,8,9471932,142,802,60,12,2474,100,-60,945,274,60,2848,0,1867,9474780
fd00::21d:1d:1d:1d,19,0,0,8,9482817,143,803,60,12,3324,100,-60,946,276,60,713,0,2537,9483530
fd00::21d:1d:1d:1d,19,0,0,8,9493704,144,805,60,12,124,100,-60,947,279,60,396,0,1532,9494100
fd00::21d:1d:1d:1d,19,0,0,8,9504591,145,806,60,12,344,100,-60,948,281,60,9,0,277,9504600
fd00::21d:1d:1d:1d,19,0,0,8,9515480,146,807,60,12,354,100,-60,949,282,60,320,1,277,9515800
fd00::21d:1d:1d:1d,19,0,0,8,9526365,147,808,60,12,4003,100,-67,950,284,60,1125,1,2421,9527490
fd00::21d:1d:1d:1d,19,0,0,8,9537252,148,809,60,12,5834,100,-67,951,286,60,388,1,3477,9537640
fd00::21d:1d:1d:1d,19,0,0,8,9548139,149,810,60,12,1504,100,-67,952,288,60,141,1,2537,9548280
fd00::21d:1d:1d:1d,19,0,0,8,9559026,150,811,60,12,5434,100,-67,954,289,60,8784,1,2537,9567810
fd00::21d:1d:1d:1d,293,0,1,622,9722331,151,822,60,12,636,100,-60,970,293,60,39,0,668,9722370
fd00::21d:1d:1d:1d,19,0,0,9,9733221,152,825,60,12,42466,100,-67,971,297,60,3569,0,23157,9736790
fd00::21d:1d:1d:1d,19,0,0,8,9744105,153,827,60,12,41354,100,-67,972,300,60,1225,0,21972,9745330
fd00::21d:1d:1d:1d,19,0,0,8,9754992,154,829,60,12,737,100,-60,974,303,60,7418,0,1107,9762410
fd00::21d:1d:1d:1d,19,0,0,8,9765878,155,830,60,12,1094,100,-60,974,304,60,2972,1,1107,9768850
fd00::21d:1d:1d:1d,19,0,0,8,9776768,156,830,60,12,1094,100,-60,975,305,60,132,1,1107,9776900
fd00::21d:1d:1d:1d,19,0,0,8,10103376,159,856,60,12,7095,100,-88,1008,311,60,74,0,6381,10103450
fd00::21d:1d:1d:1d,548,0,3,1429,10081602,157,855,60,12,1344,100,-88,1008,312,60,25628,1,6381,10107230
fd00::21d:1d:1d:1d,19,0,0,8,10114263,160,858,60,12,41584,100,-67,1010,314,60,12287,0,1002,10126550
fd00::21d:1d:1d:1d,293,0,3,134,10299342,163,875,60,12,1624,100,-67,1027,317,60,108,1,3822,10299450
fd00::21d:1d:1d:1d,19,0,0,9,10310229,164,876,60,12,2614,100,-67,1029,319,60,1261,1,2007,10311490
fd00::21d:1d:1d:1d,19,0,0,8,10332003,166,878,60,12,1234,100,-67,1031,320,60,2027,1,2007,10334030
fd00::21d:1d:1d:1d,19,0,0,9,10353775,168,879,60,12,3622,100,-67,1033,322,60,555,1,3281,10354330
fd00::21d:1d:1d:1d,19,0,0,9,10364662,169,879,60,12,3622,100,-67,1034,323,60,1078,1,3281,10365740
fd00::21d:1d:1d:1d,19,0,0,9,10375549,170,879,60,12,3622,100,-67,1035,324,60,131,1,3281,10375680
fd00::21d:1d:1d:1d,19,0,0,8,10386438,171,880,60,12,22695,100,-67,1036,326,60,792,1,11452,10387230
fd00::21d:1d:1d:1d,19,0,0,9,10397325,172,881,60,12,24664,100,-67,1037,328,60,1665,1,12402,10398990
fd00::21d:1d:1d:1d,19,0,0,8,10408211,173,881,60,12,24664,100,-67,1039,329,60,4919,1,12402,10413130
fd00::21d:1d:1d:1d,509,0,3,3113,10756596,176,896,60,12,118234,100,-67,1073,331,60,24,0,7357,10756620
fd00::21d:1d:1d:1d,19,0,1,8,10767483,177,900,60,12,104334,100,-67,1075,335,60,4257,0,55807,10771740
fd00::21d:1d:1d:1d,587,0,13,3069,11094095,178,928,60,12,394,100,-60,1107,338,60,5875,0,2507,11099970
fd00::21d:1d:1d:1d,19,0,1,7,11104980,179,929,60,12,826,100,-60,1109,340,60,11510,0,518,11116490
fd00::21d:1d:1d:1d,352,0,31,680,11300946,180,948,60,12,9204,100,-60,1128,347,60,344,0,4777,11301290
fd00::21d:1d:1d:1d,19,0,2,7,11311833,181,948,60,12,9204,100,-60,1129,348,60,1637,0,4777,11313470
fd00::21d:1d:1d:1d,19,0,2,7,11322720,182,949,60,12,13555,100,-60,1130,350,60,620,0,9192,11323340
fd00::21d:1d:1d:1d,19,0,1,7,11333607,183,950,60,12,23504,100,-60,1131,352,60,2893,0,13222,11336500
fd00::21d:1d:1d:1d,19,0,2,7,11344496,184,951,60,12,18332,100,-60,1132,354,60,54,0,10671,11344550
fd00::21d:1d:1d:1d,19,0,2,7,11355380,185,952,60,12,19114,100,-60,1133,356,60,20,0,9942,11355400
fd00::21d:1d:1d:1d,19,0,2,7,11366267,186,953,60,12,17024,100,-60,1134,358,60,53,0,8792,11366320
fd00::21d:1d:1d:1d,19,0,3,6,11377154,187,954,60,12,24106,100,-60,1135,360,60,716,0,12158,11377870
fd00::21d:1d:1d:1d,19,0,1,7,11388041,188,954,60,12,24106,100,-60,1136,361,60,189,0,12158,11388230
fd00::21d:1d:1d:1d,19,0,1,7,11398928,189,954,60,12,24106,100,-60,1138,362,60,4282,0,12158,11403210
fd00::21d:1d:1d:1d,19,0,3,7,11409815,190,954,60,12,24106,100,-60,1139,363,60,2845,0,12158,11412660
fd00::21d:1d:1d:1d,352,0,40,130,11616669,192,975,60,12,35394,100,-60,1159,376,60,41,0,18012,11616710
fd00::21d:1d:1d:1d,19,0,2,7,11627555,193,976,60,12,34145,100,-60,1160,378,60,215,0,17247,11627770
fd00::21d:1d:1d:1d,19,0,0,9,11638443,194,976,60,12,34145,100,-60,1161,379,60,317,0,17247,11638760
fd00::21d:1d:1d:1d,19,0,0,8,11649329,195,976,60,12,34145,100,-60,1162,380,60,71,0,17247,11649400
fd00::21d:1d:1d:1d,19,0,1,8,11660217,196,977,60,12,53754,100,-60,1164,382,60,3603,0,27087,11663820
fd00::21d:1d:1d:1d,19,0,3,6,11671104,197,978,60,12,55724,100,-60,1165,384,60,416,0,28002,11671520
fd00::21d:1d:1d:1d,19,0,2,6,11681991,198,979,60,12,55316,100,-60,1166,386,60,5769,0,28463,11687760
fd00::21d:1d:1d:1d,19,0,1,7,11692877,199,979,60,12,55316,100,-60,1167,387,60,4963,0,28463,11697840
fd00::21d:1d:1d:1d,19,0,2,6,11703765,200,980,60,12,65614,100,-60,1169,389,60,7725,0,38652,11711490
fd00::21d:1d:1d:1d,19,0,2,7,11714652,201,981,60,12,72834,100,-60,1170,391,60,10628,0,36907,11725280
fd00::21d:1d:1d:1d,333,0,28,131,11899731,202,1005,60,12,2443,100,-60,1188,393,60,6219,1,3217,11905950
fd00::21d:1d:1d:1d,19,0,1,8,11910618,203,1006,60,12,20375,100,-67,1189,395,60,1912,1,10502,11912530
fd00::21d:1d:1d:1d,19,0,1,7,11921504,204,1006,60,12,20375,100,-67,1190,396,60,336,1,10502,11921840
fd00::21d:1d:1d:1d,19,0,1,8,11932394,205,1006,60,12,20375,100,-67,1191,397,60,436,1,10502,11932830
fd00::21d:1d:1d:1d,666,0,20,367,12313437,207,1041,60,12,22668,100,-89,1229,402,60,1523,0,11438,12314960
fd00::21d:1d:1d:1d,19,0,0,8,12324324,208,1043,60,12,4214,100,-60,1231,404,60,9606,0,4872,12333930
fd00::21d:1d:1d:1d,39,0,2,16,12531177,210,1061,60,12,784,100,-60,1251,409,60,993,0,987,12532170
fd00::21d:1d:1d:1d,19,0,1,7,12542064,211,1061,60,12,784,100,-60,1252,410,60,5716,0,987,12547780
fd00::21d:1d:1d:1d,19,0,1,7,12552951,212,1062,60,12,2404,100,-60,1253,412,60,1549,0,4317,12554500
fd00::21d:1d:1d:1d,19,0,2,6,12563837,213,1063,60,12,5913,100,-60,1255,414,60,9073,0,5091,12572910
fd00::21d:1d:1d:1d,391,0,30,210,12803352,216,1088,60,12,3294,100,-60,1278,416,60,768,0,1927,12804120
fd00::21d:1d:1d:1d,19,0,1,7,12814239,217,1089,60,12,504,100,-60,1279,417,60,3951,0,1927,12818190
fd00::21d:1d:1d:1d,19,0,1,8,13217057,219,1128,60,12,274,100,-60,1319,422,60,343,1,1152,13217400
fd00::21d:1d:1d:1d,470,0,11,1007,13489233,221,1148,60,12,54115,100,-67,1346,424,60,257,0,27162,13489490
fd00::21d:1d:1d:1d,19,0,1,7,13500119,222,1149,60,12,134,100,-60,1349,426,60,12541,0,4407,13512660
fd00::21d:1d:1d:1d,372,0,23,466,13706973,223,1170,60,12,2864,100,-60,1368,430,60,217,0,2937,13707190
fd00::21d:1d:1d:1d,19,0,0,8,13717860,224,1171,60,12,1334,100,-60,1369,432,60,40,0,2627,13717900
fd00::21d:1d:1d:1d,19,0,0,8,13728748,225,1172,60,12,3864,100,-60,1371,434,60,3012,0,3577,13731760
fd00::21d:1d:1d:1d,19,0,1,7,13739634,226,1173,60,12,3384,100,-60,1372,436,60,9976,0,1867,13749610
fd00::21d:1d:1d:1d,823,0,67,1641,14218662,229,1218,60,12,364,100,-60,1419,438,60,18,0,68257,14218680
fd00::21d:1d:1d:1d,19,0,0,8,14229549,230,1219,60,12,864,100,-60,1420,440,60,51,0,2147,14229600
fd00::21d:1d:1d:1d,19,0,1,7,14251322,232,1222,60,12,472,100,-60,1426,443,60,33158,2,17212,14284480
fd00::21d:1d:1d:1d,333,0,10,647,14447289,234,1233,60,12,314,100,-60,1442,446,60,431,0,3552,14447720
fd00::21d:1d:1d:1d,19,0,1,7,14458176,235,1234,60,12,324,100,-60,1443,448,60,534,0,2087,14458710
fd00::21d:1d:1d:1d,19,0,1,7,14469063,236,1235,60,12,4674,100,-60,1445,449,60,5467,0,2087,14474530
fd00::21d:1d:1d:1d,568,0,20,911,14784786,237,1266,60,12,24,100,-60,1476,452,60,2714,0,432,14787500
fd00::21d:1d:1d:1d,176,0,7,74,14893655,239,1276,60,12,5514,100,-88,1488,455,60,7875,1,2087,14901530
fd00::21d:1d:1d:1d,235,0,10,99,15056961,243,1292,60,12,1064,100,-67,1503,458,60,109,1,2422,15057070
fd00::21d:1d:1d:1d,705,0,10,2358,15481554,247,1322,60,12,24,100,-60,1546,463,60,206,0,852,15481760
fd00::21d:1d:1d:1d,19,0,0,8,15492441,248,1323,60,12,35,100,-60,1547,465,60,2269,0,2327,15494710
fd00::21d:1d:1d:1d,19,0,1,7,15503328,249,1324,60,12,114,100,-60,1548,467,60,1112,0,2192,15504440
fd00::21d:1d:1d:1d,19,0,0,8,15514215,250,1325,60,12,55,100,-60,1549,469,60,25,0,797,15514240
fd00::21d:1d:1d:1d,19,0,0,8,15525102,251,1326,60,12,65,100,-60,1550,471,60,58,0,1222,15525160
fd00::21d:1d:1d:1d,97,0,2,43,15721068,253,1344,60,12,314,100,-60,1570,474,60,4572,1,3817,15725640
fd00::21d:1d:1d:1d,19,0,0,9,15731954,254,1344,60,12,314,100,-60,1571,475,60,6146,1,3817,15738100
fd00::21d:1d:1d:1d,607,0,16,838,16080339,256,1365,60,12,2294,100,-60,1606,477,60,3351,0,2162,16083690
fd00::21d:1d:1d:1d,19,0,0,8,16091226,257,1367,60,12,144,100,-60,1607,480,60,8354,0,2802,16099580
fd00::21d:1d:1d:1d,19,0,1,7,16102113,258,1368,60,12,1906,100,-60,1608,481,60,4817,0,2802,16106930
fd00::21d:1d:1d:1d,254,0,17,103,16243644,259,1385,60,12,283,100,-60,1622,482,60,2866,1,2802,16246510
fd00::21d:1d:1d:1d,450,0,7,1241,16983960,264,1427,60,12,27253,100,-67,1697,490,60,9450,1,21537,16993410
fd00::21d:1d:1d:1d,744,0,7,1461,17419440,266,1456,60,12,3454,100,-88,1740,492,60,4120,0,3672,17423560
fd00::21d:1d:1d:1d,19,0,0,8,17430327,267,1458,60,12,224,100,-60,1741,495,60,1143,0,707,17431470
fd00::21d:1d:1d:1d,548,0,11,3249,17756936,270,1481,60,12,6774,100,-88,1773,498,60,2204,2,4437,17759140
fd00::21d:1d:1d:1d,19,0,2,7,17811372,275,1483,60,12,115,100,-60,1779,500,60,3348,0,1877,17814720
fd00::21d:1d:1d:1d,372,0,10,1107,18018225,276,1504,60,12,2274,100,-88,1799,502,60,1525,0,1872,18019750
fd00::21d:1d:1d:1d,19,0,1,8,18029111,277,1505,60,12,464,100,-60,1801,503,60,5409,1,1872,18034520
fd00::21d:1d:1d:1d,19,0,1,8,18039998,278,1506,60,12,52,100,-60,1802,505,60,6702,1,6677,18046700
fd00::21d:1d:1d:1d,19,0,0,9,18050885,279,1506,60,12,52,100,-60,1803,506,60,1275,1,6677,18052160
fd00::21d:1d:1d:1d,19,0,0,8,18061771,280,1507,60,12,13854,100,-88,1805,508,60,10899,1,15852,18072670
fd00::21d:1d:1d:1d,19,0,0,8,18072658,281,1507,60,12,13854,100,-88,1806,509,60,11142,1,15852,18083800
fd00::21d:1d:1d:1d,19,0,1,8,18083549,282,1509,60,12,7026,100,-88,1808,512,60,19081,1,9393,18102630
fd00::21d:1d:1d:1d,352,0,15,393,18290400,284,1529,60,12,34,100,-60,1827,516,60,2490,0,1172,18292890
fd00::21d:1d:1d:1d,19,0,1,7,18301287,285,1530,60,12,954,100,-60,1828,518,60,3153,0,2192,18304440
fd00::21d:1d:1d:1d,19,0,1,7,18312174,286,1531,60,12,54,100,-60,1829,519,60,4866,0,2192,18317040
fd00::21d:1d:1d:1d,431,0,18,352,18551688,287,1554,60,12,854,100,-60,1853,522,60,3072,0,742,18554760
fd00::21d:1d:1d:1d,19,0,1,7,18562575,288,1555,60,12,94,100,-60,1854,524,60,1355,0,1937,18563930
fd00::21d:1d:1d:1d,19,0,1,7,18573462,289,1555,60,12,94,100,-60,1856,525,60,14548,2,1937,18588010
fd00::21d:1d:1d:1d,97,0,12,34,18627899,290,1559,60,12,14275,100,-60,1860,529,60,11,0,8642,18627910
fd00::21d:1d:1d:1d,19,0,2,7,18638784,291,1560,60,12,18625,100,-60,1861,531,60,46,0,9487,18638830
fd00::21d:1d:1d:1d,19,0,2,6,18649670,292,1561,60,12,22273,100,-60,1863,533,60,2810,0,13796,18652480
fd00::21d:1d:1d:1d,19,0,2,7,18660558,293,1562,60,12,27464,100,-60,1866,535,60,22932,0,20767,18683490
fd00::21d:1d:1d:1d,195,0,26,67,18769427,294,1574,60,12,2394,100,-60,1874,543,60,93,0,2037,18769520
fd00::21d:1d:1d:1d,19,0,1,7,18780314,295,1575,60,12,1772,100,-60,1876,545,60,4396,0,1201,18784710
fd00::21d:1d:1d:1d,19,0,1,7,18791202,296,1577,60,12,954,100,-60,1877,548,60,508,0,617,18791710
fd00::21d:1d:1d:1d,19,0,1,7,18802089,297,1577,60,12,954,100,-60,1878,549,60,261,0,617,18802350
fd00::21d:1d:1d:1d,19,0,2,7,18812976,298,1579,60,12,1464,100,-60,1879,552,60,224,0,1327,18813200
fd00::21d:1d:1d:1d,19,0,1,7,18823863,299,1580,60,12,3644,100,-60,1880,554,60,467,0,1997,18824330
fd00::21d:1d:1d:1d,19,0,1,7,18834749,300,1581,60,12,1065,100,-60,1881,556,60,11,0,917,18834760
fd00::21d:1d:1d:1d,19,0,1,7,18845636,301,1582,60,12,1144,100,-60,1882,558,60,44,0,852,18845680
fd00::21d:1d:1d:1d,19,0,1,7,18856526,302,1583,60,12,1224,100,-60,1883,560,60,4,0,2187,18856530
fd00::21d:1d:1d:1d,333,0,5,578,19041603,303,1601,60,12,84,100,-60,1903,562,60,13167,0,3186,19054770
fd00::21d:1d:1d:1d,1077,0,12,4169,19640388,304,1649,60,12,56,100,-60,1962,566,60,8122,0,413,19648510
fd00::21d:1d:1d:1d,19,0,1,8,19651275,305,1650,60,12,65,100,-60,1963,568,60,945,0,767,19652220
fd00::21d:1d:1d:1d,19,0,0,8,19662162,306,1650,60,12,65,100,-60,1964,569,60,68,0,767,19662230
fd00::21d:1d:1d:1d,19,0,0,8,19673049,307,1651,60,12,83,100,-60,1965,571,60,1361,0,1966,19674410
fd00::21d:1d:1d:1d,19,0,0,8,19683935,308,1651,60,12,83,100,-60,1966,572,60,275,0,1966,19684210
fd00::21d:1d:1d:1d,19,0,0,8,19694823,309,1652,60,12,34,100,-60,1968,574,60,5837,0,1802,19700660
fd00::21d:1d:1d:1d,19,0,0,8,19705710,310,1653,60,12,114,100,-60,1968,576,60,60,0,372,19705770
fd00::21d:1d:1d:1d,19,0,0,8,19716596,311,1654,60,12,54,100,-60,1970,577,60,8004,1,372,19724600
fd00::21d:1d:1d:1d,19,0,0,8,19727482,312,1655,60,12,1536,100,-60,1972,579,60,19588,1,7382,19747070
fd00::21d:1d:1d:1d,58,0,3,24,19760145,313,1657,60,12,293,100,-60,1974,581,60,785,1,8612,19760930
fd00::21d:1d:1d:1d,19,0,0,8,19771030,314,1657,60,12,293,100,-60,1975,582,60,5160,1,8612,19776190
fd00::21d:1d:1d:1d,666,0,10,1602,20141190,315,1687,60,12,344,100,-60,2012,584,60,6420,0,3878,20147610
fd00::21d:1d:1d:1d,666,0,9,399,20511348,316,1712,60,12,574,100,-60,2049,588,60,122,0,707,20511470
fd00::21d:1d:1d:1d,19,0,0,8,20522235,317,1715,60,12,165,100,-60,2050,591,60,4915,0,19977,20527150
fd00::21d:1d:1d:1d,881,0,2,5946,21480291,319,1758,60,12,125,100,-60,2146,594,60,4809,1,5532,21485100
fd00::21d:1d:1d:1d,19,0,0,9,21491176,320,1758,60,12,125,100,-60,2147,595,60,644,1,5532,21491820
fd00::21d:1d:1d:1d,19,0,0,8,21502067,321,1759,60,12,3934,100,-88,2148,597,60,7533,1,2037,21509600
fd00::21d:1d:1d:1d,78,0,5,33,21567387,324,1762,60,12,35673,100,-88,2154,598,60,173,1,2037,21567560
fd00::21d:1d:1d:1d,19,0,1,8,21578273,325,1765,60,12,26394,100,-88,2156,602,60,7767,1,17991,21586040
fd00::21e:1e:1e:1e,721,0,2,3229,400927,1,0,60,0,0,0,0,0,1,60,10533,1,0,411460
fd00::21e:1e:1e:1e,10438,0,31,32297,6200327,2,42,60,12,2024,100,-84,579,5,60,2303,1,6961,6202630
fd00::21e:1e:1e:1e,19,0,0,8,6211169,3,43,60,12,7964,100,-64,580,7,60,6371,1,6502,6217540
fd00::21e:1e:1e:1e,19,0,0,9,6222006,4,43,60,12,7964,100,-64,582,8,60,11704,1,6502,6233710
fd00::21e:1e:1e:1e,19,0,0,8,6232847,5,44,60,12,18546,100,-64,584,10,60,19973,1,13298,6252820
fd00::21e:1e:1e:1e,19,0,2,8,6243686,6,44,60,12,18546,100,-64,589,11,60,62264,1,13298,6305950
fd00::21e:1e:1e:1e,19,0,2,8,6254526,7,45,60,12,33884,100,-64,590,12,60,62764,4,13298,6317290
fd00::21e:1e:1e:1e,253,0,15,109,6395446,8,58,60,12,6954,100,-64,598,16,60,2904,1,3687,6398350
fd00::21e:1e:1e:1e,19,0,0,8,6406286,9,59,60,12,6264,100,-64,599,18,60,1864,1,4217,6408150
fd00::21e:1e:1e:1e,19,0,0,8,6417127,10,61,60,12,6004,100,-64,601,21,60,4883,1,3317,6422010
fd00::21e:1e:1e:1e,19,0,1,8,6427966,11,61,60,12,6004,100,-64,601,22,60,1044,1,3317,6429010
fd00::21e:1e:1e:1e,19,0,1,7,6438806,12,62,60,12,14344,100,-64,603,24,60,9804,1,12072,6448610
fd00::21e:1e:1e:1e,19,0,1,8,6449649,13,62,60,12,14344,100,-64,605,25,60,12121,1,12072,6461770
fd00::21e:1e:1e:1e,19,0,1,7,6460487,14,63,60,12,24574,100,-64,605,27,60,9473,1,17012,6469960
fd00::21e:1e:1e:1e,19,0,0,8,7652889,17,86,60,12,4504,100,-64,725,31,60,10291,1,7712,7663180
fd00::21e:1e:1e:1e,4351,0,8,2319,10070207,18,114,60,12,4374,100,-64,966,32,60,4683,1,7712,10074890
fd00::21e:1e:1e:1e,19,0,0,8,10081047,19,115,60,12,2594,100,-84,967,34,60,3363,1,2837,10084410
fd00::21e:1e:1e:1e,9756,0,41,37734,15544409,24,252,60,12,105396,100,-81,1513,38,60,351,2,53607,15544760
fd00::21e:1e:1e:1e,799,0,2,806,15999689,26,282,60,12,5505,100,-81,1558,41,60,141,1,2822,15999830
fd00::21e:1e:1e:1e,819,0,2,5904,16465809,28,288,60,12,8964,100,-81,1605,45,60,361,1,4552,16466170
fd00::21e:1e:1e:1e,19,0,0,9,16476649,29,288,60,12,8964,100,-81,1606,46,60,301,1,4552,16476950
fd00::21e:1e:1e:1e,819,0,6,5824,16975287,34,297,60,12,17526,100,-64,1656,48,60,1883,1,9917,16977170
fd00::21e:1e:1e:1e,19,0,0,8,16986129,35,298,60,12,14114,100,-64,1657,50,60,421,1,7442,16986550
fd00::21e:1e:1e:1e,19,0,0,8,16996969,36,298,60,12,14114,100,-64,1658,51,60,431,1,7442,16997400
fd00::21e:1e:1e:1e,1131,0,50,3946,17636527,38,335,60,12,3004,100,-81,1723,53,60,8793,1,1607,17645320
fd00::21e:1e:1e:1e,643,0,2,2979,18015927,41,359,60,12,7584,100,-81,1760,55,60,2423,1,6732,18018350
fd00::21e:1e:1e:1e,19,0,0,8,18026767,42,361,60,12,3614,100,-84,1762,58,60,7613,1,1877,18034380
fd00::21e:1e:1e:1e,19,0,1,8,18037606,43,362,60,12,614,100,-84,1763,60,60,5664,1,6152,18043270
fd00::21f:1f:1f:1f,17232,0,5,159225,10314226,4,0,60,0,0,0,0,0,1,60,1744,2,0,10315970
fd00::221:21:21:21,38,0,0,21,21290,1,0,60,0,0,0,0,0,1,60,60,0,0,21350
fd00::221:21:21:21,19,0,0,8,31953,2,1,60,12,464,100,-93,1,3,60,4587,0,407,36540
fd00::221:21:21:21,19,0,0,8,42617,3,1,60,12,464,100,-93,2,4,60,13,0,407,42630
fd00::221:21:21:21,19,0,0,8,53283,4,2,60,12,4114,100,-93,3,6,60,57,0,2162,53340
fd00::221:21:21:21,19,0,0,8,74613,6,5,60,12,3585,100,-93,5,10,60,5047,0,4312,79660
fd00::221:21:21:21,19,0,0,8,85278,7,6,60,12,1075,100,-93,7,12,60,13422,0,4702,98700
fd00::221:21:21:21,326,0,11,270,287913,10,26,60,12,1416,100,-93,27,13,60,4547,2,4702,292460
fd00::221:21:21:21,556,0,3,600,607863,12,48,60,12,125,100,-93,58,17,60,1487,0,2827,609350
fd00::221:21:21:21,19,0,0,8,618528,13,49,60,12,134,100,-93,59,19,60,552,0,732,619080
fd00::221:21:21:21,19,0,0,8,629193,14,51,60,12,56377,100,-84,60,22,60,37,0,28223,629230
fd00::221:21:21:21,19,0,0,8,639858,15,54,60,12,44427,100,-84,61,26,60,12,0,23367,639870
fd00::221:21:21:21,19,0,0,8,650523,16,56,60,12,174,100,-93,63,29,60,5027,0,997,655550
fd00::221:21:21:21,19,0,0,8,661188,17,57,60,12,604,100,-93,64,31,60,662,0,897,661850
fd00::221:21:21:21,19,0,0,8,671853,18,58,60,12,684,100,-93,65,33,60,1267,0,1427,673120
fd00::221:21:21:21,19,0,0,8,682518,19,59,60,12,2235,100,-93,66,35,60,2082,0,2272,684600
fd00::221:21:21:21,19,0,0,8,693183,20,60,60,12,2944,100,-93,67,37,60,1357,0,1787,694540
fd00::221:21:21:21,19,0,0,8,703849,21,61,60,12,1066,100,-93,68,39,60,911,0,813,704760
fd00::221:21:21:21,19,0,0,8,714513,22,62,60,12,864,100,-93,69,41,60,4037,0,4247,718550
fd00::221:21:21:21,19,0,0,8,725178,23,63,60,12,452,100,-93,70,43,60,722,0,331,725900
fd00::221:21:21:21,691,0,5,963,1141113,27,101,60,12,455,100,-93,112,46,60,3317,1,2187,1144430
fd00::221:21:21:21,19,0,0,8,1151779,28,102,60,12,392,100,-93,113,48,60,2381,1,267,1154160
fd00::221:21:21:21,19,0,0,8,1162443,29,103,60,12,1454,100,-93,114,50,60,397,1,868,1162840
fd00::221:21:21:21,19,0,0,9,1173108,30,104,60,12,484,100,-93,115,52,60,4922,1,3113,1178030
fd00::221:21:21:21,19,0,0,9,1183773,31,105,60,12,74,100,-93,116,54,60,3077,1,773,1186850
fd00::221:21:21:21,19,0,0,8,1194438,32,106,60,12,12,100,-93,117,55,60,5502,1,773,1199940
fd00::221:21:21:21,383,0,1,268,1407738,33,126,60,12,5754,100,-93,138,58,60,32,0,3787,1407770
fd00::221:21:21:21,19,0,0,8,1418403,34,127,60,12,374,100,-93,139,60,60,1267,0,537,1419670
fd00::221:21:21:21,19,0,0,8,1429070,35,128,60,12,944,100,-93,140,62,60,50,0,1837,1429120
fd00::221:21:21:21,19,0,0,8,1439733,36,129,60,12,1444,100,-93,141,64,60,27,0,1562,1439760
fd00::221:21:21:21,19,0,0,8,1450399,37,130,60,12,264,100,-93,143,66,60,841,0,447,1451240
fd00::221:21:21:21,19,0,0,8,1461063,38,132,60,12,144,100,-93,144,69,60,2847,0,1542,1463910
fd00::221:21:21:21,307,0,1,783,1653033,41,148,60,12,124,100,-93,163,71,60,5477,0,357,1658510
fd00::221:21:21:21,19,0,0,8,1663697,42,149,60,12,1531,100,-93,164,73,60,2023,1,2761,1665720
fd00::221:21:21:21,19,0,0,8,1674363,43,149,60,12,1531,100,-93,166,74,60,11797,1,2761,1686160
fd00::221:21:21:21,652,0,4,984,2036973,44,169,60,12,4785,100,-88,201,75,60,587,0,2761,2037560
fd00::221:21:21:21,19,0,0,8,2047639,45,170,60,12,514,100,-93,202,77,60,2031,0,712,2049670
fd00::221:21:21:21,19,0,0,7,2058303,46,171,60,12,174,100,-93,204,79,60,3477,0,1032,2061780
fd00::221:21:21:21,19,0,0,8,2068968,47,172,60,12,534,100,-93,205,81,60,4292,0,932,2073260
fd00::221:21:21:21,19,0,1,7,2079633,48,173,60,12,614,100,-93,206,83,60,4757,0,4157,2084390
fd00::221:21:21:21,614,0,9,3398,3146133,50,210,60,12,215,100,-93,312,89,60,87,0,422,3146220
fd00::221:21:21:21,19,0,1,8,3156798,51,211,60,12,924,100,-93,314,91,60,5102,0,2562,3161900
fd00::221:21:21:21,19,0,2,6,3167462,52,212,60,12,3316,100,-93,315,93,60,3328,0,5368,3170790
fd00::221:21:21:21,403,0,19,1075,3391429,53,234,60,12,394,100,-93,337,96,60,3711,0,2507,3395140
fd00::221:21:21:21,19,0,1,7,3402092,54,234,60,12,394,100,-93,338,97,60,188,0,2507,3402280
fd00::221:21:21:21,19,0,2,6,3412758,55,236,60,12,694,100,-93,340,99,60,13252,0,1987,3426010
fd00::221:21:21:21,383,0,19,644,3626058,56,256,60,12,1114,100,-93,360,101,60,12,0,2202,3626070
fd00::221:21:21:21,19,0,0,8,3636723,57,257,60,12,1054,100,-93,361,103,60,1457,0,2592,3638180
fd00::221:21:21:21,19,0,0,8,3647388,58,258,60,12,714,100,-93,362,105,60,32,0,987,3647420
fd00::221:21:21:21,19,0,0,8,3658053,59,259,60,12,1004,100,-93,363,107,60,7,0,1937,3658060
fd00::221:21:21:21,383,0,4,1440,3882018,61,278,60,12,454,100,-93,386,110,60,42,0,2612,3882060
fd00::221:21:21:21,19,0,0,8,3892683,62,280,60,12,684,100,-93,387,113,60,157,0,1147,3892840
fd00::221:21:21:21,19,0,0,8,3903348,63,281,60,12,203,100,-93,388,114,60,3492,0,1147,3906840
fd00::221:21:21:21,19,0,0,8,3914015,64,282,60,12,914,100,-93,389,116,60,4305,0,4132,3918320
fd00::221:21:21:21,4319,0,402,2553,6324303,66,466,60,12,243,100,-93,630,117,60,2297,0,4132,6326600
fd00::221:21:21:21,19,0,0,8,6334970,67,467,60,12,184,100,-93,631,119,60,240,0,127,6335210
fd00::221:21:21:21,19,0,0,8,6345633,68,468,60,12,334,100,-93,632,121,60,3787,0,762,6349420
fd00::221:21:21:21,19,0,0,8,6356298,69,469,60,12,204,100,-93,633,123,60,52,0,137,6356350
fd00::221:21:21:21,19,0,0,8,6366963,70,470,60,12,215,100,-93,634,125,60,797,0,457,6367760
fd00::221:21:21:21,57,0,0,26,6398958,71,473,60,12,2414,100,-64,637,127,60,512,1,2677,6399470
fd00::221:21:21:21,19,0,0,8,6409623,72,474,60,12,814,100,-64,639,129,60,5107,1,2227,6414730
fd00::221:21:21:21,19,0,0,9,6420290,73,475,60,12,2714,100,-64,640,131,60,5010,1,2687,6425300
fd00::221:21:21:21,19,0,0,9,6430953,74,476,60,12,4544,100,-64,641,133,60,7437,1,2797,6438390
fd00::221:21:21:21,19,0,0,9,6452283,76,478,60,12,9183,100,-64,644,136,60,11307,1,10856,6463590
fd00::221:21:21:21,19,0,0,8,6462948,77,479,60,12,12274,100,-64,646,138,60,24792,1,17932,6487740
fd00::221:21:21:21,19,0,0,8,6473611,78,479,60,12,12274,100,-64,646,139,60,14199,1,17932,6487810
fd00::221:21:21:21,422,0,0,893,6718908,80,496,60,12,1895,100,-64,669,140,60,112,0,17932,6719020
fd00::221:21:21:21,19,0,0,9,6729575,81,497,60,12,1764,100,-93,670,142,60,225,0,1057,6729800
fd00::221:21:21:21,383,0,1,477,6942873,82,518,60,12,375,100,-93,692,145,60,7,0,887,6942880
fd00::221:21:21:21,19,0,0,9,6953540,83,519,60,12,385,100,-93,694,146,60,10620,0,887,6964160
fd00::221:21:21:21,844,0,2,2255,7422799,84,556,60,12,854,100,-93,740,148,60,351,0,1302,7423150
fd00::221:21:21:21,19,0,0,8,7433463,85,557,60,12,444,100,-93,741,150,60,47,0,537,7433510
fd00::221:21:21:21,19,0,0,8,7444128,86,558,60,12,385,100,-93,742,151,60,5342,0,537,7449470
fd00::221:21:21:21,460,0,0,2441,7700088,87,571,60,12,355,100,-93,768,152,60,4042,0,537,7704130
fd00::221:21:21:21,364,0,1,247,7913390,89,592,60,12,365,100,-93,789,157,60,3190,0,3262,7916580
fd00::221:21:21:21,19,0,0,8,7924053,90,593,60,12,375,100,-93,790,159,60,2887,0,1377,7926940
fd00::221:21:21:21,19,0,0,8,7934720,91,594,60,12,665,100,-93,791,161,60,200,0,507,7934920
fd00::221:21:21:21,19,0,0,8,7945383,92,595,60,12,465,100,-93,792,163,60,807,0,827,7946190
fd00::221:21:21:21,19,0,0,8,7956048,93,596,60,12,1035,100,-93,793,165,60,992,0,1532,7957040
fd00::221:21:21:21,19,0,0,8,7966715,94,597,60,12,624,100,-93,794,167,60,335,0,1502,7967050
fd00::221:21:21:21,19,0,0,9,7977378,95,598,60,12,284,100,-93,795,169,60,802,0,2487,7978180
fd00::221:21:21:21,307,0,1,378,8148018,96,615,60,12,314,100,-93,812,171,60,52,0,1032,8148070
fd00::221:21:21:21,19,0,0,8,8158683,97,616,60,12,255,100,-93,813,173,60,167,0,1317,8158850
fd00::221:21:21:21,19,0,0,9,8169349,98,617,60,12,964,100,-93,815,175,60,2451,0,517,8171800
fd00::221:21:21:21,19,0,0,8,8180013,99,618,60,12,2653,100,-93,816,177,60,5087,0,3286,8185100
fd00::221:21:21:21,19,0,0,8,8190678,100,620,60,12,294,100,-93,817,179,60,8562,0,2732,8199240
fd00::221:21:21:21,383,0,1,702,8403978,101,638,60,12,2535,100,-93,838,181,60,782,0,2352,8404760
fd00::221:21:21:21,19,0,0,8,8414643,102,639,60,12,725,100,-93,839,183,60,757,0,1272,8415400
fd00::221:21:21:21,19,0,0,8,8425308,103,640,60,12,805,100,-93,840,185,60,312,0,787,8425620
fd00::221:21:21:21,19,0,0,9,8435975,104,641,60,12,394,100,-93,841,187,60,3295,0,547,8439270
fd00::221:21:21:21,633,0,2,1694,9150528,106,705,60,12,274,100,-93,913,194,60,1552,0,907,9152080
fd00::221:21:21:21,19,0,0,8,9161193,107,706,60,12,424,100,-93,914,196,60,2787,0,1612,9163980
fd00::221:21:21:21,19,0,0,8,9171858,108,707,60,12,224,100,-93,915,198,60,1222,0,1512,9173080
fd00::221:21:21:21,19,0,0,8,9182523,109,708,60,12,164,100,-93,916,200,60,7,0,817,9182530
fd00::221:21:21:21,19,0,0,8,9193188,110,709,60,12,174,100,-93,917,202,60,612,0,1872,9193800
fd00::221:21:21:21,19,0,0,8,9203853,111,710,60,12,184,100,-93,918,204,60,27,0,1387,9203880
fd00::221:21:21:21,19,0,0,8,9214519,112,711,60,12,264,100,-93,919,206,60,71,0,517,9214590
fd00::221:21:21:21,19,0,0,8,9225185,113,712,60,12,3074,100,-93,920,208,60,675,0,2902,9225860
fd00::221:21:21:21,19,0,0,8,9235848,114,713,60,12,215,100,-93,921,210,60,22,0,1437,9235870
fd00::221:21:21:21,19,0,0,8,9246513,115,714,60,12,294,100,-93,922,212,60,67,0,1232,9246580
fd00::221:21:21:21,19,0,0,8,9257178,116,715,60,12,235,100,-93,923,214,60,42,0,2742,9257220
fd00::221:21:21:21,19,0,0,8,9267843,117,716,60,12,174,100,-93,924,216,60,17,0,2502,9267860
fd00::221:21:21:21,19,0,0,8,9278510,118,717,60,12,184,100,-93,925,218,60,340,0,1282,9278850
fd00::221:21:21:21,19,0,0,8,9289173,119,718,60,12,2854,100,-93,926,220,60,37,0,3072,9289210
fd00::221:21:21:21,19,0,0,8,9299840,120,719,60,12,204,100,-93,927,222,60,10,0,1642,9299850
fd00::221:21:21:21,19,0,0,8,9310503,121,721,60,12,154,100,-93,929,225,60,3137,0,287,9313640
fd00::221:21:21:21,19,0,0,8,9321168,122,722,60,12,444,100,-93,930,227,60,2692,0,1657,9323860
fd00::221:21:21:21,19,0,0,8,9331833,123,723,60,12,1434,100,-93,931,229,60,287,0,857,9332120
fd00::221:21:21:21,19,0,0,8,9342498,124,724,60,12,2074,100,-93,932,231,60,3062,0,2752,9345560
fd00::221:21:21:21,19,0,0,8,9353163,125,725,60,12,195,100,-93,933,233,60,1077,0,447,9354240
fd00::221:21:21:21,19,0,0,8,9363829,126,726,60,12,625,100,-93,934,235,60,2661,0,3217,9366490
fd00::221:21:21:21,19,0,0,8,9374493,127,727,60,12,424,100,-93,935,237,60,47,0,1612,9374540
fd00::221:21:21:21,19,0,0,8,9385160,128,728,60,12,714,100,-93,936,239,60,20,0,742,9385180
fd00::221:21:21:21,19,0,0,8,9395823,129,729,60,12,1074,100,-93,937,241,60,347,0,712,9396170
fd00::221:21:21:21,19,0,0,8,9406488,130,730,60,12,244,100,-93,938,243,60,42,0,2957,9406530
fd00::221:21:21:21,19,0,0,8,9417153,131,731,60,12,254,100,-93,939,245,60,17,0,617,9417170
fd00::221:21:21:21,19,0,0,8,9427820,132,732,60,12,2854,100,-93,940,247,60,60,0,1462,9427880
fd00::221:21:21:21,19,0,0,8,9438483,133,733,60,12,344,100,-93,941,249,60,1017,0,1537,9439500
fd00::221:21:21:21,19,0,0,8,9449148,134,734,60,12,494,100,-93,942,251,60,12,0,282,9449160
fd00::221:21:21:21,19,0,0,8,9459815,135,735,60,12,504,100,-93,943,253,60,55,0,427,9459870
fd00::221:21:21:21,19,0,0,8,9470478,136,736,60,12,444,100,-93,945,255,60,4092,0,607,9474570
fd00::221:21:21:21,19,0,0,8,9481143,137,738,60,12,184,100,-93,946,258,60,1617,0,1352,9482760
fd00::221:21:21:21,19,0,0,8,9491808,138,739,60,12,1104,100,-93,947,260,60,262,0,692,9492070
fd00::221:21:21:21,19,0,0,8,9502473,139,740,60,12,204,100,-93,948,262,60,727,0,1082,9503200
fd00::221:21:21:21,19,0,0,8,9513141,140,741,60,12,214,100,-93,949,264,60,69,0,527,9513210
fd00::221:21:21:21,19,0,0,8,9523803,141,742,60,12,153,100,-93,950,266,60,47,0,916,9523850
fd00::221:21:21:21,19,0,0,8,9534468,142,743,60,12,934,100,-93,951,268,60,2262,0,782,9536730
fd00::221:21:21:21,19,0,0,8,9545133,143,744,60,12,1084,100,-93,952,270,60,347,0,2012,9545480
fd00::221:21:21:21,19,0,0,8,9555800,144,745,60,12,604,100,-93,953,271,60,2350,0,2012,9558150
fd00::221:21:21:21,268,0,0,247,9705108,145,758,60,12,404,100,-93,968,273,60,42,0,587,9705150
fd00::221:21:21:21,19,0,0,8,9715773,146,759,60,12,206,100,-93,969,274,60,507,0,587,9716280
fd00::221:21:21:21,633,0,1,3712,10067718,147,774,60,12,134,100,-93,1004,276,60,32,0,1292,10067750
fd00::221:21:21:21,19,0,1,7,10078383,148,775,60,12,144,100,-93,1005,278,60,7,0,352,10078390
fd00::221:21:21:21,19,0,1,7,10089048,149,776,60,12,574,100,-93,1006,280,60,122,0,1547,10089170
fd00::221:21:21:21,19,0,1,7,10099712,150,776,60,12,574,100,-93,1011,281,60,33208,0,1547,10132920
fd00::221:21:21:21,19,0,2,7,10110379,151,776,60,12,574,100,-93,1012,282,60,37941,0,1547,10148320
fd00::221:21:21:21,422,0,20,1200,10366338,154,800,60,12,155,100,-93,1034,284,60,382,0,287,10366720
fd00::221:21:21:21,19,0,1,7,10377005,155,801,60,12,1424,100,-93,1035,286,60,145,0,817,10377150
fd00::221:21:21:21,19,0,0,8,10387670,156,802,60,12,244,100,-93,1036,288,60,50,0,332,10387720
fd00::221:21:21:21,19,0,1,7,10398333,157,803,60,12,464,100,-93,1037,290,60,27,0,897,10398360
fd00::221:21:21:21,19,0,1,7,10408999,158,804,60,12,474,100,-93,1039,291,60,4481,0,897,10413480
fd00::221:21:21:21,19,0,1,8,10419663,159,805,60,12,835,100,-93,1039,293,60,117,0,1887,10419780
fd00::221:21:21:21,19,0,1,7,10430328,160,807,60,12,294,100,-93,1041,296,60,5762,0,2702,10436090
fd00::221:21:21:21,19,0,1,7,10440993,161,808,60,12,515,100,-93,1042,298,60,7627,0,4282,10448620
fd00::221:21:21:21,422,0,17,648,10675623,162,830,60,12,184,100,-93,1066,300,60,9527,0,822,10685150
fd00::221:21:21:21,479,0,15,2148,10942248,163,854,60,12,174,100,-93,1092,306,60,7502,0,2287,10949750
fd00::221:21:21:21,422,0,14,798,11176878,164,871,60,12,19003,100,-88,1115,308,60,162,0,12162,11177040
fd00::221:21:21:21,19,0,0,8,11187543,165,873,60,12,414,100,-93,1116,311,60,1397,0,837,11188940
fd00::221:21:21:21,364,0,7,560,11390178,166,893,60,12,64,100,-93,1138,312,60,11842,0,837,11402020
fd00::221:21:21:21,19,0,0,8,11400842,167,894,60,12,73,100,-93,1138,313,60,7618,1,837,11408460
fd00::221:21:21:21,19,0,0,8,11411507,168,894,60,12,73,100,-93,1139,314,60,1573,1,837,11413080
fd00::221:21:21:21,403,0,3,706,11635473,169,912,60,12,164,100,-93,1161,317,60,207,0,2532,11635680
fd00::221:21:21:21,19,0,0,8,11646138,170,913,60,12,4794,100,-93,1162,319,60,1652,0,2887,11647790
fd00::221:21:21:21,19,0,0,8,11656803,171,915,60,12,53264,100,-88,1163,322,60,17,0,26667,11656820
fd00::221:21:21:21,19,0,0,8,11667468,172,917,60,12,55864,100,-88,1164,325,60,832,0,29122,11668300
fd00::221:21:21:21,19,0,0,8,11678135,173,917,60,12,55864,100,-88,1165,326,60,245,0,29122,11678380
fd00::221:21:21:21,19,0,0,8,11688798,174,918,60,12,3714,100,-93,1167,328,60,8202,0,2108,11697000
fd00::221:21:21:21,19,0,1,7,11699462,175,919,60,12,856,100,-93,1169,329,60,11888,1,2108,11711350
fd00::221:21:21:21,19,0,1,8,11710127,176,919,60,12,856,100,-93,1169,330,60,2203,1,2108,11712330
fd00::221:21:21:21,460,0,6,1842,11966088,177,937,60,12,42724,100,-88,1194,331,60,62,0,2108,11966150
fd00::221:21:21:21,19,0,0,8,11976755,178,938,60,12,47494,100,-88,1195,333,60,525,0,23782,11977280
fd00::221:21:21:21,19,0,0,8,11987418,179,939,60,12,96,100,-93,1196,335,60,1762,0,83,11989180
fd00::221:21:21:21,19,0,0,8,11998085,180,941,60,12,64795,100,-88,1197,338,60,825,0,32432,11998910
fd00::221:21:21:21,19,0,0,8,12008748,181,942,60,12,4944,100,-93,1198,340,60,32,0,2612,12008780
fd00::221:21:21:21,19,0,0,8,12019413,182,945,60,12,66075,100,-88,1199,344,60,217,0,33072,12019630
fd00::221:21:21:21,19,0,0,8,12030080,183,946,60,12,414,100,-93,1201,346,60,4460,0,557,12034540
fd00::221:21:21:21,19,0,0,8,12040743,184,948,60,12,436,100,-93,1202,349,60,27,0,358,12040770
fd00::221:21:21:21,19,0,0,8,12051409,185,949,60,12,96,100,-93,1203,351,60,1961,0,223,12053370
fd00::221:21:21:21,19,0,0,8,12062073,186,950,60,12,734,100,-93,1204,353,60,747,0,402,12062820
fd00::221:21:21:21,19,0,0,8,12072738,187,951,60,12,114,100,-93,1205,354,60,1772,0,402,12074510
fd00::221:21:21:21,172,0,0,80,12168723,188,959,60,12,765,100,-93,1214,356,60,77,1,2271,12168800
fd00::221:21:21:21,422,0,0,1323,12403355,189,974,60,12,6738,100,-64,1238,357,60,1555,0,2271,12404910
fd00::221:21:21:21,19,0,0,8,12414018,190,975,60,12,105,100,-93,1239,359,60,132,0,1102,12414150
fd00::221:21:21:21,19,0,0,8,12424683,191,976,60,12,324,100,-93,1240,361,60,247,0,1352,12424930
fd00::221:21:21:21,19,0,0,8,12435348,192,977,60,12,125,100,-93,1241,363,60,222,0,1147,12435570
fd00::221:21:21:21,19,0,0,8,12446013,193,978,60,12,5453,100,-93,1242,365,60,897,0,3286,12446910
fd00::221:21:21:21,19,0,0,8,12456677,194,978,60,12,5453,100,-93,1243,366,60,33,0,3286,12456710
fd00::221:21:21:21,19,0,0,8,12467343,195,979,60,12,155,100,-93,1244,368,60,147,0,427,12467490
fd00::221:21:21:21,19,0,0,8,12478008,196,980,60,12,2824,100,-93,1245,370,60,52,0,1622,12478060
fd00::221:21:21:21,19,0,0,8,12488675,197,981,60,12,244,100,-93,1246,372,60,25,0,1347,12488700
fd00::221:21:21:21,19,0,0,8,12499339,198,982,60,12,674,100,-93,1247,374,60,71,0,2577,12499410
fd00::221:21:21:21,364,0,1,1094,12701973,199,998,60,12,4794,100,-88,1268,377,60,227,0,3783,12702200
fd00::221:21:21:21,19,0,0,8,12712638,200,999,60,12,5642,100,-88,1269,379,60,4402,0,3101,12717040
fd00::221:21:21:21,19,0,0,8,12723303,201,1000,60,12,3416,100,-93,1270,381,60,37,0,3563,12723340
fd00::221:21:21:21,153,0,0,70,12819288,203,1010,60,12,224,100,-93,1280,383,60,7162,1,2831,12826450
fd00::221:21:21:21,595,0,0,3254,13149905,204,1022,60,12,2873,100,-88,1312,384,60,15,0,2831,13149920
fd00::221:21:21:21,671,0,1,753,14141749,208,1097,60,12,504,100,-93,1412,388,60,4131,0,1652,14145880
fd00::221:21:21:21,652,0,3,1895,14504360,209,1124,60,12,234,100,-93,1448,392,60,60,0,642,14504420
fd00::221:21:21:21,19,0,0,8,14515023,210,1125,60,12,1785,100,-93,1449,394,60,2067,0,3482,14517090
fd00::221:21:21:21,19,0,0,8,14525688,211,1126,60,12,884,100,-93,1450,396,60,992,0,1282,14526680
fd00::221:21:21:21,19,0,0,8,14536353,212,1127,60,12,1244,100,-93,1451,398,60,337,0,1812,14536690
fd00::221:21:21:21,19,0,0,8,14547018,213,1128,60,12,274,100,-93,1452,400,60,32,0,382,14547050
fd00::221:21:21:21,19,0,0,8,14557683,214,1129,60,12,2244,100,-93,1453,402,60,7,0,2557,14557690
fd00::221:21:21:21,19,0,0,8,14568348,215,1130,60,12,785,100,-93,1454,404,60,472,0,1687,14568820
fd00::221:21:21:21,19,0,0,8,14579015,216,1131,60,12,724,100,-93,1455,406,60,165,0,2252,14579180
fd00::221:21:21:21,19,0,0,8,14589679,217,1132,60,12,524,100,-93,1456,408,60,71,0,3342,14589750
fd00::221:21:21:21,19,0,0,8,14600345,218,1133,60,12,1792,100,-93,1458,410,60,1585,0,1701,14601930
fd00::221:21:21:21,19,0,0,8,14611008,219,1135,60,12,694,100,-93,1459,413,60,2122,0,1467,14613130
fd00::221:21:21:21,19,0,0,8,14621673,220,1136,60,12,284,100,-93,1460,415,60,1117,0,1192,14622790
fd00::221:21:21:21,19,0,0,8,14632338,221,1137,60,12,154,100,-93,1461,417,60,3892,0,2877,14636230
fd00::221:21:21:21,268,0,0,227,14781650,222,1152,60,12,584,100,-93,1476,419,60,40,0,467,14781690
fd00::221:21:21:21,19,0,0,8,14792313,223,1153,60,12,1364,100,-93,1477,421,60,2537,0,1067,14794850
fd00::221:21:21:21,19,0,0,8,14802978,224,1154,60,12,465,100,-93,1478,423,60,1322,0,2122,14804300
fd00::221:21:21:21,19,0,0,8,14813643,225,1155,60,12,614,100,-93,1479,425,60,37,0,727,14813680
fd00::221:21:21:21,19,0,0,8,14824308,226,1156,60,12,1744,100,-93,1480,427,60,12,0,977,14824320
fd00::221:21:21:21,19,0,0,8,14834973,227,1157,60,12,704,100,-93,1481,429,60,267,0,1892,14835240
fd00::221:21:21:21,19,0,0,8,14845638,228,1158,60,12,785,100,-93,1482,431,60,1082,0,3332,14846720
fd00::221:21:21:21,19,0,0,8,14856303,229,1159,60,12,584,100,-93,1483,433,60,7,0,607,14856310
fd00::221:21:21:21,19,0,0,8,14866968,230,1160,60,12,454,100,-93,1484,435,60,52,0,1557,14867020
fd00::221:21:21:21,19,0,0,8,14877632,231,1160,60,12,454,100,-93,1485,436,60,938,0,1557,14878570
fd00::221:21:21:21,19,0,1,7,14888299,232,1161,60,12,1664,100,-93,1488,438,60,12531,0,4787,14900830
fd00::221:21:21:21,268,0,13,113,15058938,235,1177,60,12,503,100,-93,1503,440,60,722,2,5457,15059660
fd00::221:21:21:21,19,0,0,8,15069605,236,1178,60,12,1354,100,-88,1505,442,60,4405,2,2602,15074010
fd00::221:21:21:21,326,0,0,599,15272238,239,1195,60,12,164,100,-93,1525,445,60,642,0,817,15272880
fd00::221:21:21:21,19,0,0,8,15282903,240,1197,60,12,312,100,-93,1526,448,60,4327,0,436,15287230
fd00::221:21:21:21,19,0,0,8,15293568,241,1198,60,12,114,100,-93,1527,450,60,242,0,1877,15293810
fd00::221:21:21:21,19,0,0,8,15304233,242,1199,60,12,56,100,-93,1528,452,60,4347,0,4263,15308580
fd00::221:21:21:21,19,0,0,8,15314898,243,1201,60,12,904,100,-93,1529,455,60,52,0,627,15314950
fd00::221:21:21:21,671,0,4,1512,15698838,245,1233,60,12,2054,100,-93,1567,460,60,62,0,4072,15698900
fd00::221:21:21:21,19,0,0,8,15709505,246,1234,60,12,664,100,-93,1568,462,60,105,0,2292,15709610
fd00::221:21:21:21,19,0,0,8,15720168,247,1236,60,12,54,100,-93,1570,465,60,4282,0,62,15724450
fd00::221:21:21:21,19,0,0,8,15730833,248,1237,60,12,276,100,-93,1571,466,60,2857,0,62,15733690
fd00::221:21:21:21,364,0,2,364,15944133,250,1250,60,12,624,100,-93,1592,472,60,1377,0,2027,15945510
fd00::221:21:21:21,19,0,0,8,15954798,251,1251,60,12,284,100,-93,1593,474,60,162,0,492,15954960
fd00::221:21:21:21,671,0,1,4276,16328075,252,1270,60,12,235,100,-93,1630,479,60,195,0,257,16328270
fd00::221:21:21:21,19,0,0,8,16338738,253,1271,60,12,36,100,-93,1631,481,60,1222,0,3518,16339960
fd00::221:21:21:21,19,0,0,8,16349405,254,1272,60,12,46,100,-93,1633,483,60,2595,0,58,16352000
fd00::221:21:21:21,19,0,0,8,16360068,255,1273,60,12,124,100,-93,1634,485,60,2432,0,2127,16362500
fd00::221:21:21:21,172,0,1,79,16456053,256,1283,60,12,2184,100,-64,1643,488,60,3187,1,1897,16459240
fd00::221:21:21:21,19,0,0,8,16466718,257,1284,60,12,2475,100,-64,1644,490,60,82,1,1727,16466800
fd00::221:21:21:21,19,0,0,8,16477385,258,1285,60,12,3396,100,-64,1645,492,60,825,1,1768,16478210
fd00::221:21:21:21,652,0,2,3993,16882653,263,1298,60,12,865,100,-93,1686,495,60,17,0,467,16882670
fd00::221:21:21:21,19,0,0,8,16893318,264,1299,60,12,104,100,-93,1688,496,60,11752,0,467,16905070
fd00::221:21:21:21,19,0,0,8,16903983,265,1300,60,12,534,100,-93,1688,498,60,1927,0,2577,16905910
fd00::221:21:21:21,19,0,0,8,16914648,266,1301,60,12,544,100,-93,1689,500,60,4702,0,1077,16919350
fd00::221:21:21:21,38,0,2,15,16935978,267,1303,60,12,282,100,-93,1691,503,60,1572,0,2591,16937550
fd00::221:21:21:21,19,0,1,7,16946643,268,1304,60,12,364,100,-93,1692,505,60,287,0,1792,16946930
fd00::221:21:21:21,19,0,1,7,16957308,269,1305,60,12,654,100,-93,1693,507,60,1242,0,1517,16958550
fd00::221:21:21:21,19,0,1,7,16967973,270,1306,60,12,315,100,-93,1694,509,60,1637,0,1662,16969610
fd00::221:21:21:21,38,0,3,15,16989301,271,1308,60,12,403,100,-93,1697,512,60,4319,0,901,16993620
fd00::221:21:21:21,1267,0,71,3986,17703858,273,1355,60,12,75,100,-93,1768,516,60,3342,0,1192,17707200
fd00::221:21:21:21,19,0,0,7,17714523,274,1357,60,12,14,100,-93,1770,518,60,10877,0,9552,17725400
fd00::221:21:21:21,38,0,0,17,17735853,275,1359,60,12,4794,100,-64,1771,520,60,257,1,2852,17736110
fd00::221:21:21:21,19,0,0,8,17746518,276,1360,60,12,2424,100,-64,1772,522,60,92,1,2717,17746610
fd00::221:21:21:21,19,0,0,8,17757182,277,1361,60,12,6004,100,-64,1773,524,60,908,1,4017,17758090
fd00::221:21:21:21,326,0,8,229,17970485,281,1379,60,12,2644,100,-64,1795,525,60,4395,0,4017,17974880
fd00::221:21:21:21,19,0,0,8,17981148,282,1381,60,12,213,100,-93,1796,528,60,1572,0,1191,17982720
fd00::221:21:21:21,19,0,0,8,17991813,283,1382,60,12,154,100,-93,1797,530,60,1827,0,1162,17993640
fd00::221:21:21:21,19,0,0,8,18002478,284,1382,60,12,154,100,-93,1798,531,60,472,0,1162,18002950
fd00::221:21:21:21,19,0,1,7,18013142,285,1384,60,12,314,100,-93,1799,534,60,658,0,1837,18013800
fd00::221:21:21:21,19,0,1,7,18023808,286,1385,60,12,2354,100,-93,1800,536,60,352,0,1527,18024160
fd00::221:21:21:21,19,0,1,8,18034472,287,1386,60,12,194,100,-93,1802,538,60,8658,0,2407,18043130
fd00::221:21:21:21,19,0,1,7,18045137,288,1386,60,12,194,100,-93,1802,539,60,3243,0,2407,18048380
fd00::221:21:21:21,19,0,2,7,18055803,289,1387,60,12,10564,100,-93,1804,541,60,6717,0,6052,18062520
fd00::221:21:21:21,19,0,1,7,18066468,290,1387,60,12,10564,100,-93,1805,542,60,12782,0,6052,18079250
fd00::221:21:21:21,403,0,32,316,18290433,291,1408,60,12,244,100,-93,1827,548,60,7217,0,2992,18297650
fd00::221:21:21:21,19,0,0,8,18301098,292,1409,60,12,184,100,-93,1828,549,60,8382,0,2992,18309480
fd00::221:21:21:21,403,0,9,1023,18525063,293,1430,60,12,474,100,-93,1850,551,60,1697,0,3212,18526760
fd00::221:21:21:21,19,0,0,8,18535728,294,1431,60,12,1254,100,-93,1851,553,60,1252,0,2622,18536980
fd00::221:21:21:21,19,0,0,7,18546393,295,1432,60,12,425,100,-93,1852,555,60,37,0,1857,18546430
fd00::221:21:21:21,19,0,0,8,18557058,296,1432,60,12,425,100,-93,1853,556,60,1342,0,1857,18558400
fd00::221:21:21:21,19,0,0,7,18567723,297,1433,60,12,6604,100,-93,1855,558,60,5377,0,6487,18573100
fd00::221:21:21:21,19,0,1,7,18578388,298,1434,60,12,104,100,-93,1855,560,60,1362,0,1732,18579750
fd00::221:21:21:21,76,0,2,33,18631715,300,1438,60,12,16455,100,-88,1861,564,60,115,1,10607,18631830
fd00::221:21:21:21,19,0,0,8,18642378,301,1438,60,12,16455,100,-88,1862,565,60,5272,1,10607,18647650
fd00::221:21:21:21,19,0,0,8,18653042,302,1439,60,12,22973,100,-88,1864,567,60,15958,1,14496,18669000
fd00::221:21:21:21,345,0,18,199,18866343,305,1462,60,12,604,100,-93,1884,571,60,57,0,1597,18866400
fd00::221:21:21:21,19,0,0,7,18877010,306,1463,60,12,754,100,-93,1885,573,60,30,0,1112,18877040
fd00::221:21:21:21,19,0,0,7,18887673,307,1464,60,12,764,100,-93,1886,575,60,7,0,2307,18887680
fd00::221:21:21:21,19,0,0,8,18898338,308,1465,60,12,1894,100,-93,1887,577,60,52,0,2137,18898390
fd00::221:21:21:21,19,0,0,8,18909003,309,1466,60,12,504,100,-93,1888,579,60,27,0,2387,18909030
fd00::221:21:21:21,19,0,0,7,18919669,310,1467,60,12,3664,100,-93,1889,581,60,71,0,2357,18919740
fd00::221:21:21:21,19,0,0,7,18930333,311,1468,60,12,4024,100,-93,1891,583,60,3967,0,2187,18934300
fd00::221:21:21:21,19,0,1,7,18940998,312,1470,60,12,824,100,-93,1892,586,60,3592,0,2267,18944590
fd00::221:21:21:21,19,0,0,7,18951663,313,1470,60,12,824,100,-93,1893,587,60,207,0,2267,18951870
fd00::221:21:21:21,19,0,0,7,18962328,314,1471,60,12,5945,100,-93,1894,589,60,252,0,3077,18962580
fd00::221:21:21:21,19,0,0,7,18972993,315,1472,60,12,5954,100,-93,1895,591,60,717,0,3607,18973710
fd00::221:21:21:21,19,0,1,7,18983658,316,1474,60,12,1494,100,-93,1896,594,60,62,0,1692,18983720
fd00::221:21:21:21,19,0,0,7,18994323,317,1475,60,12,2696,100,-93,1897,596,60,4307,0,3973,18998630
fd00::221:21:21:21,19,0,1,7,19004988,318,1476,60,12,254,100,-93,1899,598,60,6452,0,1212,19011440
fd00::221:21:21:21,307,0,11,371,19175628,319,1493,60,12,354,100,-93,1915,601,60,1222,0,877,19176850
fd00::221:21:21:21,460,0,16,1457,19431588,320,1517,60,12,1164,100,-93,1941,603,60,1672,0,1177,19433260
fd00::221:21:21:21,19,0,1,7,19442253,321,1519,60,12,904,100,-93,1942,606,60,3327,0,2762,19445580
fd00::221:21:21:21,19,0,0,8,19452918,322,1520,60,12,2804,100,-93,1943,608,60,2042,0,2452,19454960
fd00::221:21:21:21,19,0,1,7,19463583,323,1521,60,12,714,100,-93,1944,610,60,547,0,2002,19464130
fd00::221:21:21:21,19,0,1,7,19474248,324,1522,60,12,653,100,-93,1945,611,60,3462,0,2002,19477710
fd00::221:21:21:21,38,0,2,15,19495578,325,1524,60,12,884,100,-93,1947,614,60,542,0,2892,19496120
fd00::221:21:21:21,19,0,0,8,19506243,326,1525,60,12,404,100,-93,1948,616,60,27,0,1182,19506270
fd00::221:21:21:21,19,0,1,7,19516908,327,1526,60,12,414,100,-93,1949,618,60,702,0,1327,19517610
fd00::221:21:21:21,19,0,1,7,19527573,328,1527,60,12,145,100,-93,1950,620,60,397,0,2277,19527970
fd00::221:21:21:21,307,0,11,396,19698213,329,1543,60,12,4444,100,-93,1967,622,60,347,0,2747,19698560
fd00::221:21:21:21,19,0,0,8,19708878,330,1544,60,12,254,100,-93,1968,624,60,602,0,477,19709480
fd00::221:21:21:21,19,0,0,8,19719543,331,1545,60,12,1314,100,-93,1970,626,60,2607,0,692,19722150
fd00::221:21:21:21,19,0,1,7,19730208,332,1546,60,12,134,100,-93,1971,628,60,762,0,1152,19730970
fd00::221:21:21:21,19,0,1,8,19740873,333,1548,60,12,435,100,-93,1972,631,60,3607,0,2212,19744480
fd00::221:21:21:21,19,0,1,7,19751538,334,1549,60,12,164,100,-93,1973,633,60,1482,0,922,19753020
fd00::221:21:21:21,19,0,1,7,19762201,335,1549,60,12,164,100,-93,1974,634,60,829,0,922,19763030
fd00::221:21:21:21,345,0,17,680,19964839,337,1569,60,12,376,100,-93,1994,637,60,491,0,266,19965330
fd00::221:21:21:21,19,0,0,8,19975503,338,1570,60,12,1574,100,-93,1995,639,60,47,0,2677,19975550
fd00::221:21:21:21,19,0,1,7,19986168,339,1571,60,12,534,100,-93,1996,641,60,302,0,827,19986470
fd00::221:21:21:21,19,0,0,8,19996833,340,1572,60,12,264,100,-93,1997,643,60,347,0,1392,19997180
fd00::221:21:21:21,19,0,0,8,20007498,341,1573,60,12,203,100,-93,1998,645,60,182,0,626,20007680
fd00::221:21:21:21,19,0,0,8,20018165,342,1574,60,12,494,100,-93,1999,647,60,15,0,982,20018180
fd00::221:21:21:21,19,0,0,8,20028828,343,1575,60,12,224,100,-93,2000,649,60,62,0,1477,20028890
fd00::221:21:21:21,19,0,0,8,20039493,344,1576,60,12,164,100,-93,2001,651,60,317,0,2042,20039810
fd00::221:21:21:21,19,0,0,8,20050160,345,1577,60,12,174,100,-93,2003,653,60,2390,0,1242,20052550
fd00::221:21:21:21,19,0,0,8,20060823,346,1579,60,12,194,100,-93,2004,656,60,2157,0,1462,20062980
fd00::221:21:21:21,19,0,0,8,20071488,347,1580,60,12,274,100,-93,2005,658,60,1572,0,1502,20073060
fd00::221:21:21:21,19,0,0,8,20082153,348,1581,60,12,566,100,-93,2006,660,60,3157,0,2628,20085310
fd00::221:21:21:21,19,0,0,8,20092818,349,1582,60,12,434,100,-93,2007,662,60,3272,0,3017,20096090
fd00::221:21:21:21,19,0,0,8,20103485,350,1583,60,12,234,100,-93,2009,663,60,12905,0,3017,20116390
fd00::221:21:21:21,1362,0,11,6310,20860699,351,1636,60,12,424,100,-93,2084,664,60,3221,0,3017,20863920
fd00::221:21:21:21,19,0,0,8,20871362,352,1636,60,12,424,100,-93,2085,665,60,3758,0,3017,20875120
fd00::221:21:21:21,19,0,0,8,20882028,353,1637,60,12,593,100,-93,2087,666,60,11922,0,3017,20893950
fd00::221:21:21:21,652,0,1,2707,21244638,354,1655,60,12,1095,100,-93,2122,668,60,292,0,1667,21244930
fd00::221:21:21:21,19,0,0,8,21255303,355,1656,60,12,3484,100,-93,2123,670,60,57,0,2302,21255360
fd00::221:21:21:21,19,0,0,8,21265970,356,1657,60,12,552,100,-93,2125,671,60,6260,0,2302,21272230
fd00::221:21:21:21,364,0,3,266,21468603,357,1676,60,12,194,100,-93,2144,673,60,47,0,342,21468650
fd00::221:21:21:21,19,0,0,8,21479268,358,1677,60,12,555,100,-93,2145,675,60,92,0,312,21479360
fd00::221:21:21:21,19,0,0,8,21489931,359,1678,60,12,145,100,-93,2147,677,60,1329,0,772,21491260
fd00::221:21:21:21,19,0,1,7,21500598,360,1679,60,12,1974,100,-93,2148,679,60,3962,0,1477,21504560
fd00::221:21:21:21,19,0,1,8,21511263,361,1680,60,12,935,100,-93,2149,681,60,5827,0,2392,21517090
fd00::222:22:22:22,1265,0,2,10580,702460,1,0,60,0,0,0,0,0,1,60,550,1,0,703010
fd00::222:22:22:22,18,0,0,8,712952,2,0,60,0,0,0,0,1,2,60,768,1,0,713720
fd00::222:22:22:22,18,0,0,8,723438,3,0,60,0,0,0,0,2,3,60,292,1,0,723730
fd00::222:22:22:22,1567,0,2,14600,1636072,8,17,60,12,3184,100,-72,93,6,60,1928,1,3867,1638000
fd00::222:22:22:22,18,0,0,8,1646558,9,17,60,12,3184,100,-72,94,7,60,332,1,3867,1646890
fd00::222:22:22:22,18,0,0,8,1667540,11,19,60,12,8314,100,-72,96,10,60,1540,1,9477,1669080
fd00::222:22:22:22,6759,0,8,43447,18556440,19,348,60,12,3514,100,-72,1785,20,60,210,1,3052,18556650
fd00::222:22:22:22,18,0,0,8,18566928,20,348,60,12,3514,100,-72,1787,21,60,9812,1,3052,18576740
fd00::223:23:23:23,5589,0,4,33493,3105156,1,0,60,0,0,0,0,0,1,60,1654,1,0,3106810
fd00::223:23:23:23,19,0,0,9,3115974,2,0,60,0,0,0,0,1,2,60,3856,1,0,3119830
fd00::223:23:23:23,11705,0,13,38670,10073236,7,65,60,12,2754,100,-83,697,3,60,1864,1,0,10075100
fd00::223:23:23:23,19,0,0,8,10084055,8,66,60,12,7214,100,-61,698,5,60,915,1,3677,10084970
fd00::223:23:23:23,19,0,0,8,10094876,9,67,60,12,6804,100,-61,702,7,60,28524,1,3752,10123400
fd00::223:23:23:23,10750,0,22,51054,16089156,12,151,60,12,33756,100,-83,1299,9,60,6224,1,19727,16095380
fd00::223:23:23:23,19,0,0,8,16099975,13,151,60,12,33756,100,-83,1300,10,60,1425,1,19727,16101400
fd00::223:23:23:23,4421,0,18,19157,18566936,15,232,60,12,4636,100,-83,1547,12,60,9944,1,27427,18576880
fd00::223:23:23:23,19,0,0,8,18577756,16,233,60,12,12554,100,-83,1548,14,60,10534,1,14117,18588290
fd00::223:23:23:23,19,0,0,8,18588576,17,234,60,12,18514,100,-83,1550,16,60,15674,1,14017,18604250
fd00::223:23:23:23,19,0,0,8,18599396,18,235,60,12,18315,100,-83,1550,18,60,6744,1,13007,18606140
fd00::223:23:23:23,19,0,0,8,18610218,19,235,60,12,18315,100,-83,1551,19,60,5302,1,13007,18615520
fd00::223:23:23:23,19,0,0,8,18621036,20,237,60,12,18755,100,-83,1552,22,60,4144,1,9447,18625180
fd00::223:23:23:23,19,0,0,8,18631858,21,237,60,12,18755,100,-83,1553,23,60,252,1,9447,18632110
fd00::223:23:23:23,19,0,0,8,18642676,22,238,60,12,24925,100,-83,1555,25,60,9034,1,13092,18651710
fd00::223:23:23:23,19,0,0,8,18653496,23,239,60,12,28433,100,-83,1556,27,60,15854,1,15966,18669350
