node,bin,bin_start_ms,bin_end_ms,rate_pkts_per_s,kind
fd00::209:9:9:9,5099,5099000,5100000,0.0,server_sent
fd00::209:9:9:9,5112,5112000,5113000,2.0,server_sent
fd00::209:9:9:9,15138,15138000,15139000,1002.0,server_sent
fd00::209:9:9:9,15200,15200000,15201000,7.0,server_sent
fd00::20a:a:a:a,19665,19665000,19666000,0.0,server_sent
fd00::20a:a:a:a,19683,19683000,19684000,2.0,server_sent
fd00::20c:c:c:c,11809,11809000,11810000,0.0,server_sent
fd00::20c:c:c:c,11828,11828000,11829000,2.0,server_sent
fd00::20c:c:c:c,11837,11837000,11838000,1.0,server_sent
fd00::20c:c:c:c,11885,11885000,11886000,5.0,server_sent
fd00::20c:c:c:c,18958,18958000,18959000,707.0,server_sent
fd00::20c:c:c:c,18974,18974000,18975000,2.0,server_sent
fd00::20c:c:c:c,18979,18979000,18980000,0.0,server_sent
fd00::20c:c:c:c,18992,18992000,18993000,2.0,server_sent
fd00::20c:c:c:c,19004,19004000,19005000,1.0,server_sent
fd00::20c:c:c:c,19015,19015000,19016000,1.0,server_sent
fd00::20c:c:c:c,19028,19028000,19029000,1.0,server_sent
fd00::20c:c:c:c,19037,19037000,19038000,1.0,server_sent
fd00::20c:c:c:c,19066,19066000,19067000,3.0,server_sent
fd00::20c:c:c:c,19555,19555000,19556000,49.0,server_sent
fd00::20c:c:c:c,19564,19564000,19565000,1.0,server_sent
fd00::20c:c:c:c,19575,19575000,19576000,1.0,server_sent
fd00::20c:c:c:c,19586,19586000,19587000,1.0,server_sent
fd00::20c:c:c:c,19601,19601000,19602000,2.0,server_sent
fd00::20c:c:c:c,19616,19616000,19617000,1.0,server_sent
fd00::20c:c:c:c,19623,19623000,19624000,1.0,server_sent
fd00::20c:c:c:c,19635,19635000,19636000,1.0,server_sent
fd00::20c:c:c:c,19642,19642000,19643000,1.0,server_sent
fd00::20c:c:c:c,19656,19656000,19657000,1.0,server_sent
fd00::20c:c:c:c,19663,19663000,19664000,1.0,server_sent
fd00::20c:c:c:c,19682,19682000,19683000,2.0,server_sent
fd00::20c:c:c:c,19685,19685000,19686000,0.0,server_sent
fd00::20d:d:d:d,2215,2215000,2216000,0.0,server_sent
fd00::20d:d:d:d,2225,2225000,2226000,1.0,server_sent
fd00::20d:d:d:d,2244,2244000,2245000,2.0,server_sent
fd00::20d:d:d:d,7559,7559000,7560000,531.0,server_sent
fd00::20d:d:d:d,20177,20177000,20178000,1262.0,server_sent
fd00::20d:d:d:d,20188,20188000,20189000,1.0,server_sent
fd00::20d:d:d:d,20196,20196000,20197000,1.0,server_sent
fd00::20d:d:d:d,20206,20206000,20207000,1.0,server_sent
fd00::20d:d:d:d,20218,20218000,20219000,1.0,server_sent
fd00::20d:d:d:d,20234,20234000,20235000,2.0,server_sent
fd00::20d:d:d:d,20269,20269000,20270000,3.0,server_sent
fd00::20e:e:e:e,9579,9579000,9580000,0.0,server_sent
fd00::20e:e:e:e,9592,9592000,9593000,2.0,server_sent
fd00::20e:e:e:e,9622,9622000,9623000,3.0,server_sent
fd00::20e:e:e:e,9635,9635000,9636000,1.0,server_sent
fd00::20e:e:e:e,12689,12689000,12690000,305.0,server_sent
fd00::20e:e:e:e,12706,12706000,12707000,2.0,server_sent
fd00::20e:e:e:e,12716,12716000,12717000,1.0,server_sent
fd00::20e:e:e:e,15113,15113000,15114000,240.0,server_sent
fd00::20e:e:e:e,15123,15123000,15124000,1.0,server_sent
fd00::20e:e:e:e,15133,15133000,15134000,1.0,server_sent
fd00::20e:e:e:e,15158,15158000,15159000,2.0,server_sent
fd00::20e:e:e:e,15193,15193000,15194000,4.0,server_sent
fd00::20e:e:e:e,19037,19037000,19038000,384.0,server_sent
fd00::20e:e:e:e,19066,19066000,19067000,3.0,server_sent
fd00::20e:e:e:e,19268,19268000,19269000,20.0,server_sent
fd00::20e:e:e:e,20168,20168000,20169000,90.0,server_sent
fd00::20f:f:f:f,43,43000,44000,0.0,server_sent
fd00::20f:f:f:f,58,58000,59000,1.0,server_sent
fd00::20f:f:f:f,71,71000,72000,2.0,server_sent
fd00::20f:f:f:f,937,937000,938000,86.0,server_sent
fd00::20f:f:f:f,2207,2207000,2208000,127.0,server_sent
fd00::20f:f:f:f,2214,2214000,2215000,1.0,server_sent
fd00::20f:f:f:f,2222,2222000,2223000,1.0,server_sent
fd00::20f:f:f:f,2243,2243000,2244000,2.0,server_sent
fd00::20f:f:f:f,2248,2248000,2249000,0.0,server_sent
fd00::20f:f:f:f,16489,16489000,16490000,1424.0,server_sent
fd00::20f:f:f:f,16495,16495000,16496000,1.0,server_sent
fd00::210:10:10:10,5023,5023000,5024000,0.0,server_sent
fd00::210:10:10:10,5029,5029000,5030000,0.0,server_sent
fd00::210:10:10:10,5039,5039000,5040000,1.0,server_sent
fd00::210:10:10:10,5054,5054000,5055000,2.0,server_sent
fd00::210:10:10:10,8181,8181000,8182000,313.0,server_sent
fd00::210:10:10:10,8194,8194000,8195000,1.0,server_sent
fd00::210:10:10:10,9559,9559000,9560000,136.0,server_sent
fd00::210:10:10:10,9568,9568000,9569000,1.0,server_sent
fd00::210:10:10:10,9579,9579000,9580000,1.0,server_sent
fd00::210:10:10:10,9589,9589000,9590000,1.0,server_sent
fd00::210:10:10:10,9608,9608000,9609000,2.0,server_sent
fd00::210:10:10:10,9623,9623000,9624000,2.0,server_sent
fd00::210:10:10:10,9625,9625000,9626000,0.0,server_sent
fd00::210:10:10:10,9642,9642000,9643000,2.0,server_sent
fd00::210:10:10:10,15126,15126000,15127000,548.0,server_sent
fd00::210:10:10:10,15137,15137000,15138000,1.0,server_sent
fd00::210:10:10:10,15199,15199000,15200000,6.0,server_sent
fd00::210:10:10:10,15458,15458000,15459000,26.0,server_sent
fd00::210:10:10:10,15709,15709000,15710000,25.0,server_sent
fd00::210:10:10:10,15718,15718000,15719000,1.0,server_sent
fd00::210:10:10:10,15731,15731000,15732000,2.0,server_sent
fd00::211:11:11:11,42,42000,43000,0.0,server_sent
fd00::211:11:11:11,57,57000,58000,1.0,server_sent
fd00::211:11:11:11,63,63000,64000,1.0,server_sent
fd00::211:11:11:11,889,889000,890000,82.0,server_sent
fd00::211:11:11:11,899,899000,900000,1.0,server_sent
fd00::211:11:11:11,912,912000,913000,2.0,server_sent
fd00::211:11:11:11,929,929000,930000,1.0,server_sent
fd00::211:11:11:11,943,943000,944000,2.0,server_sent
fd00::211:11:11:11,948,948000,949000,0.0,server_sent
fd00::211:11:11:11,979,979000,980000,3.0,server_sent
fd00::211:11:11:11,991,991000,992000,2.0,server_sent
fd00::211:11:11:11,2221,2221000,2222000,123.0,server_sent
fd00::211:11:11:11,2249,2249000,2250000,2.0,server_sent
fd00::211:11:11:11,2289,2289000,2290000,4.0,server_sent
fd00::211:11:11:11,7462,7462000,7463000,518.0,server_sent
fd00::211:11:11:11,7466,7466000,7467000,0.0,server_sent
fd00::211:11:11:11,7475,7475000,7476000,1.0,server_sent
fd00::211:11:11:11,7528,7528000,7529000,5.0,server_sent
fd00::211:11:11:11,7534,7534000,7535000,1.0,server_sent
fd00::211:11:11:11,12749,12749000,12750000,521.0,server_sent
fd00::211:11:11:11,14369,14369000,14370000,162.0,server_sent
fd00::211:11:11:11,14381,14381000,14382000,2.0,server_sent
fd00::211:11:11:11,15115,15115000,15116000,73.0,server_sent
fd00::211:11:11:11,15130,15130000,15131000,2.0,server_sent
fd00::211:11:11:11,15176,15176000,15177000,4.0,server_sent
fd00::211:11:11:11,16445,16445000,16446000,127.0,server_sent
fd00::211:11:11:11,16456,16456000,16457000,1.0,server_sent
fd00::211:11:11:11,16465,16465000,16466000,1.0,server_sent
fd00::211:11:11:11,16475,16475000,16476000,1.0,server_sent
fd00::211:11:11:11,16489,16489000,16490000,1.0,server_sent
fd00::211:11:11:11,16502,16502000,16503000,2.0,server_sent
fd00::211:11:11:11,17622,17622000,17623000,112.0,server_sent
fd00::211:11:11:11,17632,17632000,17633000,1.0,server_sent
fd00::211:11:11:11,19282,19282000,19283000,165.0,server_sent
fd00::211:11:11:11,19583,19583000,19584000,30.0,server_sent
fd00::211:11:11:11,19594,19594000,19595000,1.0,server_sent
fd00::211:11:11:11,19611,19611000,19612000,2.0,server_sent
fd00::211:11:11:11,20135,20135000,20136000,52.0,server_sent
fd00::211:11:11:11,20144,20144000,20145000,1.0,server_sent
fd00::211:11:11:11,20154,20154000,20155000,1.0,server_sent
fd00::211:11:11:11,20169,20169000,20170000,1.0,server_sent
fd00::211:11:11:11,20175,20175000,20176000,1.0,server_sent
fd00::211:11:11:11,20188,20188000,20189000,1.0,server_sent
fd00::211:11:11:11,20195,20195000,20196000,1.0,server_sent
fd00::211:11:11:11,20205,20205000,20206000,1.0,server_sent
fd00::211:11:11:11,20218,20218000,20219000,1.0,server_sent
fd00::211:11:11:11,20234,20234000,20235000,2.0,server_sent
fd00::211:11:11:11,20246,20246000,20247000,1.0,server_sent
fd00::211:11:11:11,20248,20248000,20249000,0.0,server_sent
fd00::211:11:11:11,20267,20267000,20268000,2.0,server_sent
fd00::211:11:11:11,20271,20271000,20272000,1.0,server_sent
fd00::211:11:11:11,20285,20285000,20286000,1.0,server_sent
fd00::211:11:11:11,20304,20304000,20305000,2.0,server_sent
fd00::212:12:12:12,21,21000,22000,0.0,server_sent
fd00::212:12:12:12,32,32000,33000,1.0,server_sent
fd00::212:12:12:12,42,42000,43000,1.0,server_sent
fd00::212:12:12:12,52,52000,53000,1.0,server_sent
fd00::212:12:12:12,69,69000,70000,1.0,server_sent
fd00::212:12:12:12,277,277000,278000,21.0,server_sent
fd00::212:12:12:12,313,313000,314000,4.0,server_sent
fd00::212:12:12:12,485,485000,486000,17.0,server_sent
fd00::212:12:12:12,496,496000,497000,1.0,server_sent
fd00::212:12:12:12,509,509000,510000,1.0,server_sent
fd00::212:12:12:12,524,524000,525000,2.0,server_sent
fd00::212:12:12:12,751,751000,752000,23.0,server_sent
fd00::212:12:12:12,907,907000,908000,15.0,server_sent
fd00::212:12:12:12,918,918000,919000,1.0,server_sent
fd00::212:12:12:12,928,928000,929000,1.0,server_sent
fd00::212:12:12:12,939,939000,940000,1.0,server_sent
fd00::212:12:12:12,960,960000,961000,3.0,server_sent
fd00::212:12:12:12,1044,1044000,1045000,8.0,server_sent
fd00::212:12:12:12,1055,1055000,1056000,1.0,server_sent
fd00::212:12:12:12,1065,1065000,1066000,1.0,server_sent
fd00::212:12:12:12,1076,1076000,1077000,1.0,server_sent
fd00::212:12:12:12,1088,1088000,1089000,1.0,server_sent
fd00::212:12:12:12,1101,1101000,1102000,2.0,server_sent
fd00::212:12:12:12,1108,1108000,1109000,0.0,server_sent
fd00::212:12:12:12,1118,1118000,1119000,1.0,server_sent
fd00::212:12:12:12,1136,1136000,1137000,2.0,server_sent
fd00::212:12:12:12,1376,1376000,1377000,24.0,server_sent
fd00::212:12:12:12,1385,1385000,1386000,1.0,server_sent
fd00::212:12:12:12,1392,1392000,1393000,1.0,server_sent
fd00::212:12:12:12,1403,1403000,1404000,1.0,server_sent
fd00::212:12:12:12,1413,1413000,1414000,1.0,server_sent
fd00::212:12:12:12,1424,1424000,1425000,1.0,server_sent
fd00::212:12:12:12,1435,1435000,1436000,1.0,server_sent
fd00::212:12:12:12,1447,1447000,1448000,1.0,server_sent
fd00::212:12:12:12,1456,1456000,1457000,1.0,server_sent
fd00::212:12:12:12,2627,2627000,2628000,117.0,server_sent
fd00::212:12:12:12,2976,2976000,2977000,35.0,server_sent
fd00::212:12:12:12,2994,2994000,2995000,2.0,server_sent
fd00::212:12:12:12,3386,3386000,3387000,39.0,server_sent
fd00::212:12:12:12,3882,3882000,3883000,50.0,server_sent
fd00::212:12:12:12,3898,3898000,3899000,1.0,server_sent
fd00::212:12:12:12,3917,3917000,3918000,2.0,server_sent
fd00::212:12:12:12,4568,4568000,4569000,65.0,server_sent
fd00::212:12:12:12,4578,4578000,4579000,1.0,server_sent
fd00::212:12:12:12,4768,4768000,4769000,19.0,server_sent
fd00::212:12:12:12,4783,4783000,4784000,2.0,server_sent
fd00::212:12:12:12,4794,4794000,4795000,1.0,server_sent
fd00::212:12:12:12,4959,4959000,4960000,16.0,server_sent
fd00::212:12:12:12,4969,4969000,4970000,1.0,server_sent
fd00::212:12:12:12,4981,4981000,4982000,2.0,server_sent
fd00::212:12:12:12,5001,5001000,5002000,2.0,server_sent
fd00::212:12:12:12,5011,5011000,5012000,1.0,server_sent
fd00::212:12:12:12,5023,5023000,5024000,1.0,server_sent
fd00::212:12:12:12,5032,5032000,5033000,1.0,server_sent
fd00::212:12:12:12,5047,5047000,5048000,1.0,server_sent
fd00::212:12:12:12,6857,6857000,6858000,181.0,server_sent
fd00::212:12:12:12,6868,6868000,6869000,1.0,server_sent
fd00::212:12:12:12,6878,6878000,6879000,1.0,server_sent
fd00::212:12:12:12,6889,6889000,6890000,1.0,server_sent
fd00::212:12:12:12,7079,7079000,7080000,19.0,server_sent
fd00::212:12:12:12,7089,7089000,7090000,1.0,server_sent
fd00::212:12:12:12,7427,7427000,7428000,34.0,server_sent
fd00::212:12:12:12,7441,7441000,7442000,2.0,server_sent
fd00::212:12:12:12,7462,7462000,7463000,2.0,server_sent
fd00::212:12:12:12,7486,7486000,7487000,2.0,server_sent
fd00::212:12:12:12,7497,7497000,7498000,1.0,server_sent
fd00::212:12:12:12,7501,7501000,7502000,1.0,server_sent
fd00::212:12:12:12,7512,7512000,7513000,1.0,server_sent
fd00::212:12:12:12,7522,7522000,7523000,1.0,server_sent
fd00::212:12:12:12,7533,7533000,7534000,1.0,server_sent
fd00::212:12:12:12,7547,7547000,7548000,1.0,server_sent
fd00::212:12:12:12,7560,7560000,7561000,2.0,server_sent
fd00::212:12:12:12,7586,7586000,7587000,2.0,server_sent
fd00::212:12:12:12,7596,7596000,7597000,1.0,server_sent
fd00::212:12:12:12,7614,7614000,7615000,2.0,server_sent
fd00::212:12:12:12,7838,7838000,7839000,22.0,server_sent
fd00::212:12:12:12,7849,7849000,7850000,1.0,server_sent
fd00::212:12:12:12,8007,8007000,8008000,16.0,server_sent
fd00::212:12:12:12,8020,8020000,8021000,2.0,server_sent
fd00::212:12:12:12,8028,8028000,8029000,0.0,server_sent
fd00::212:12:12:12,8044,8044000,8045000,2.0,server_sent
fd00::212:12:12:12,8049,8049000,8050000,0.0,server_sent
fd00::212:12:12:12,8063,8063000,8064000,2.0,server_sent
fd00::212:12:12:12,8071,8071000,8072000,1.0,server_sent
fd00::212:12:12:12,8094,8094000,8095000,2.0,server_sent
fd00::212:12:12:12,8166,8166000,8167000,7.0,server_sent
fd00::212:12:12:12,8183,8183000,8184000,2.0,server_sent
fd00::212:12:12:12,8397,8397000,8398000,21.0,server_sent
fd00::212:12:12:12,8415,8415000,8416000,2.0,server_sent
fd00::212:12:12:12,8419,8419000,8420000,0.0,server_sent
fd00::212:12:12:12,8429,8429000,8430000,1.0,server_sent
fd00::212:12:12:12,8798,8798000,8799000,37.0,server_sent
fd00::212:12:12:12,8979,8979000,8980000,18.0,server_sent
fd00::212:12:12:12,8988,8988000,8989000,1.0,server_sent
fd00::212:12:12:12,9002,9002000,9003000,2.0,server_sent
fd00::212:12:12:12,9159,9159000,9160000,15.0,server_sent
fd00::212:12:12:12,9167,9167000,9168000,1.0,server_sent
fd00::212:12:12:12,9178,9178000,9179000,1.0,server_sent
fd00::212:12:12:12,9189,9189000,9190000,1.0,server_sent
fd00::212:12:12:12,9199,9199000,9200000,1.0,server_sent
fd00::212:12:12:12,9212,9212000,9213000,2.0,server_sent
fd00::212:12:12:12,9225,9225000,9226000,1.0,server_sent
fd00::212:12:12:12,9234,9234000,9235000,1.0,server_sent
fd00::212:12:12:12,9244,9244000,9245000,1.0,server_sent
fd00::212:12:12:12,9252,9252000,9253000,1.0,server_sent
fd00::212:12:12:12,9262,9262000,9263000,1.0,server_sent
fd00::212:12:12:12,9277,9277000,9278000,1.0,server_sent
fd00::212:12:12:12,9455,9455000,9456000,18.0,server_sent
fd00::212:12:12:12,9463,9463000,9464000,1.0,server_sent
fd00::212:12:12:12,9476,9476000,9477000,1.0,server_sent
fd00::212:12:12:12,9484,9484000,9485000,1.0,server_sent
fd00::212:12:12:12,9495,9495000,9496000,1.0,server_sent
fd00::212:12:12:12,9506,9506000,9507000,1.0,server_sent
fd00::212:12:12:12,9516,9516000,9517000,1.0,server_sent
fd00::212:12:12:12,9526,9526000,9527000,1.0,server_sent
fd00::212:12:12:12,9537,9537000,9538000,1.0,server_sent
fd00::212:12:12:12,9552,9552000,9553000,2.0,server_sent
fd00::212:12:12:12,9574,9574000,9575000,2.0,server_sent
fd00::212:12:12:12,9617,9617000,9618000,4.0,server_sent
fd00::212:12:12:12,9624,9624000,9625000,1.0,server_sent
fd00::212:12:12:12,9643,9643000,9644000,2.0,server_sent
fd00::212:12:12:12,9644,9644000,9645000,0.0,server_sent
fd00::212:12:12:12,9653,9653000,9654000,1.0,server_sent
fd00::212:12:12:12,9664,9664000,9665000,1.0,server_sent
fd00::212:12:12:12,9674,9674000,9675000,1.0,server_sent
fd00::212:12:12:12,9684,9684000,9685000,1.0,server_sent
fd00::212:12:12:12,9695,9695000,9696000,1.0,server_sent
fd00::212:12:12:12,9706,9706000,9707000,1.0,server_sent
fd00::212:12:12:12,9717,9717000,9718000,1.0,server_sent
fd00::212:12:12:12,9727,9727000,9728000,1.0,server_sent
fd00::212:12:12:12,9737,9737000,9738000,1.0,server_sent
fd00::212:12:12:12,9749,9749000,9750000,1.0,server_sent
fd00::212:12:12:12,10248,10248000,10249000,50.0,server_sent
fd00::212:12:12:12,10254,10254000,10255000,1.0,server_sent
fd00::212:12:12:12,10265,10265000,10266000,1.0,server_sent
fd00::212:12:12:12,10275,10275000,10276000,1.0,server_sent
fd00::212:12:12:12,10286,10286000,10287000,1.0,server_sent
fd00::212:12:12:12,10296,10296000,10297000,1.0,server_sent
fd00::212:12:12:12,10307,10307000,10308000,1.0,server_sent
fd00::212:12:12:12,10318,10318000,10319000,1.0,server_sent
fd00::212:12:12:12,10328,10328000,10329000,1.0,server_sent
fd00::212:12:12:12,10343,10343000,10344000,2.0,server_sent
fd00::212:12:12:12,10718,10718000,10719000,37.0,server_sent
fd00::212:12:12:12,11467,11467000,11468000,75.0,server_sent
fd00::212:12:12:12,11483,11483000,11484000,2.0,server_sent
fd00::212:12:12:12,11488,11488000,11489000,0.0,server_sent
fd00::212:12:12:12,11499,11499000,11500000,1.0,server_sent
fd00::212:12:12:12,11510,11510000,11511000,2.0,server_sent
fd00::212:12:12:12,11784,11784000,11785000,27.0,server_sent
fd00::212:12:12:12,11799,11799000,11800000,1.0,server_sent
fd00::212:12:12:12,11805,11805000,11806000,1.0,server_sent
fd00::212:12:12:12,11817,11817000,11818000,1.0,server_sent
fd00::212:12:12:12,11829,11829000,11830000,1.0,server_sent
fd00::212:12:12:12,11837,11837000,11838000,1.0,server_sent
fd00::212:12:12:12,12672,12672000,12673000,84.0,server_sent
fd00::212:12:12:12,12683,12683000,12684000,1.0,server_sent
fd00::212:12:12:12,12694,12694000,12695000,1.0,server_sent
fd00::212:12:12:12,12706,12706000,12707000,1.0,server_sent
fd00::212:12:12:12,12714,12714000,12715000,1.0,server_sent
fd00::212:12:12:12,12756,12756000,12757000,4.0,server_sent
fd00::212:12:12:12,13033,13033000,13034000,28.0,server_sent
fd00::212:12:12:12,13039,13039000,13040000,0.0,server_sent
fd00::212:12:12:12,13325,13325000,13326000,29.0,server_sent
fd00::212:12:12:12,13335,13335000,13336000,1.0,server_sent
fd00::212:12:12:12,13349,13349000,13350000,1.0,server_sent
fd00::212:12:12:12,13356,13356000,13357000,1.0,server_sent
fd00::212:12:12:12,13367,13367000,13368000,1.0,server_sent
fd00::212:12:12:12,13379,13379000,13380000,1.0,server_sent
fd00::212:12:12:12,13388,13388000,13389000,1.0,server_sent
fd00::212:12:12:12,13398,13398000,13399000,1.0,server_sent
fd00::212:12:12:12,13422,13422000,13423000,3.0,server_sent
fd00::212:12:12:12,13634,13634000,13635000,21.0,server_sent
fd00::212:12:12:12,13969,13969000,13970000,33.0,server_sent
fd00::212:12:12:12,13984,13984000,13985000,2.0,server_sent
fd00::212:12:12:12,13992,13992000,13993000,1.0,server_sent
fd00::212:12:12:12,14001,14001000,14002000,1.0,server_sent
fd00::212:12:12:12,14379,14379000,14380000,37.0,server_sent
fd00::212:12:12:12,14404,14404000,14405000,3.0,server_sent
fd00::212:12:12:12,14634,14634000,14635000,23.0,server_sent
fd00::212:12:12:12,14876,14876000,14877000,24.0,server_sent
fd00::212:12:12:12,14886,14886000,14887000,1.0,server_sent
fd00::212:12:12:12,14896,14896000,14897000,1.0,server_sent
fd00::212:12:12:12,14907,14907000,14908000,1.0,server_sent
fd00::212:12:12:12,15097,15097000,15098000,19.0,server_sent
fd00::212:12:12:12,15108,15108000,15109000,1.0,server_sent
fd00::212:12:12:12,15118,15118000,15119000,1.0,server_sent
fd00::212:12:12:12,15130,15130000,15131000,2.0,server_sent
fd00::212:12:12:12,15139,15139000,15140000,0.0,server_sent
fd00::212:12:12:12,15149,15149000,15150000,1.0,server_sent
fd00::212:12:12:12,15168,15168000,15169000,2.0,server_sent
fd00::212:12:12:12,15199,15199000,15200000,3.0,server_sent
fd00::212:12:12:12,15200,15200000,15201000,1.0,server_sent
fd00::212:12:12:12,15265,15265000,15266000,6.0,server_sent
fd00::212:12:12:12,15276,15276000,15277000,1.0,server_sent
fd00::212:12:12:12,15287,15287000,15288000,1.0,server_sent
fd00::212:12:12:12,15297,15297000,15298000,1.0,server_sent
fd00::212:12:12:12,15308,15308000,15309000,1.0,server_sent
fd00::212:12:12:12,15318,15318000,15319000,1.0,server_sent
fd00::212:12:12:12,15331,15331000,15332000,2.0,server_sent
fd00::212:12:12:12,15343,15343000,15344000,1.0,server_sent
fd00::212:12:12:12,15351,15351000,15352000,1.0,server_sent
fd00::212:12:12:12,15364,15364000,15365000,1.0,server_sent
fd00::212:12:12:12,15372,15372000,15373000,1.0,server_sent
fd00::212:12:12:12,15381,15381000,15382000,1.0,server_sent
fd00::212:12:12:12,15392,15392000,15393000,1.0,server_sent
fd00::212:12:12:12,15403,15403000,15404000,1.0,server_sent
fd00::212:12:12:12,15417,15417000,15418000,1.0,server_sent
fd00::212:12:12:12,15425,15425000,15426000,1.0,server_sent
fd00::212:12:12:12,15435,15435000,15436000,1.0,server_sent
fd00::212:12:12:12,15445,15445000,15446000,1.0,server_sent
fd00::212:12:12:12,15725,15725000,15726000,28.0,server_sent
fd00::212:12:12:12,15732,15732000,15733000,1.0,server_sent
fd00::212:12:12:12,15742,15742000,15743000,1.0,server_sent
fd00::212:12:12:12,15756,15756000,15757000,1.0,server_sent
fd00::212:12:12:12,15762,15762000,15763000,1.0,server_sent
fd00::212:12:12:12,15776,15776000,15777000,1.0,server_sent
fd00::212:12:12:12,15785,15785000,15786000,1.0,server_sent
fd00::212:12:12:12,15795,15795000,15796000,1.0,server_sent
fd00::212:12:12:12,15808,15808000,15809000,1.0,server_sent
fd00::212:12:12:12,16436,16436000,16437000,63.0,server_sent
fd00::212:12:12:12,16447,16447000,16448000,1.0,server_sent
fd00::212:12:12:12,16458,16458000,16459000,1.0,server_sent
fd00::212:12:12:12,16468,16468000,16469000,1.0,server_sent
fd00::212:12:12:12,16479,16479000,16480000,1.0,server_sent
fd00::212:12:12:12,16490,16490000,16491000,2.0,server_sent
fd00::212:12:12:12,16501,16501000,16502000,1.0,server_sent
fd00::212:12:12:12,16510,16510000,16511000,1.0,server_sent
fd00::212:12:12:12,16649,16649000,16650000,13.0,server_sent
fd00::212:12:12:12,16658,16658000,16659000,1.0,server_sent
fd00::212:12:12:12,16669,16669000,16670000,1.0,server_sent
fd00::212:12:12:12,16679,16679000,16680000,1.0,server_sent
fd00::212:12:12:12,16701,16701000,16702000,3.0,server_sent
fd00::212:12:12:12,17264,17264000,17265000,56.0,server_sent
fd00::212:12:12:12,17703,17703000,17704000,44.0,server_sent
fd00::212:12:12:12,17767,17767000,17768000,6.0,server_sent
fd00::212:12:12:12,18379,18379000,18380000,61.0,server_sent
fd00::212:12:12:12,18388,18388000,18389000,1.0,server_sent
fd00::212:12:12:12,18399,18399000,18400000,1.0,server_sent
fd00::212:12:12:12,18409,18409000,18410000,1.0,server_sent
fd00::212:12:12:12,18423,18423000,18424000,2.0,server_sent
fd00::212:12:12:12,18433,18433000,18434000,1.0,server_sent
fd00::212:12:12:12,18446,18446000,18447000,1.0,server_sent
fd00::212:12:12:12,18456,18456000,18457000,1.0,server_sent
fd00::212:12:12:12,18462,18462000,18463000,1.0,server_sent
fd00::212:12:12:12,18473,18473000,18474000,1.0,server_sent
fd00::212:12:12:12,18487,18487000,18488000,1.0,server_sent
fd00::212:12:12:12,18494,18494000,18495000,1.0,server_sent
fd00::212:12:12:12,18507,18507000,18508000,1.0,server_sent
fd00::212:12:12:12,18515,18515000,18516000,1.0,server_sent
fd00::212:12:12:12,18525,18525000,18526000,1.0,server_sent
fd00::212:12:12:12,18536,18536000,18537000,1.0,server_sent
fd00::212:12:12:12,18546,18546000,18547000,1.0,server_sent
fd00::212:12:12:12,18926,18926000,18927000,38.0,server_sent
fd00::212:12:12:12,18937,18937000,18938000,1.0,server_sent
fd00::212:12:12:12,18948,18948000,18949000,1.0,server_sent
fd00::212:12:12:12,18958,18958000,18959000,1.0,server_sent
fd00::212:12:12:12,18969,18969000,18970000,1.0,server_sent
fd00::212:12:12:12,18979,18979000,18980000,1.0,server_sent
fd00::212:12:12:12,18989,18989000,18990000,1.0,server_sent
fd00::212:12:12:12,19004,19004000,19005000,2.0,server_sent
fd00::212:12:12:12,19011,19011000,19012000,1.0,server_sent
fd00::212:12:12:12,19028,19028000,19029000,1.0,server_sent
fd00::212:12:12:12,19037,19037000,19038000,1.0,server_sent
fd00::212:12:12:12,19047,19047000,19048000,1.0,server_sent
fd00::212:12:12:12,19055,19055000,19056000,1.0,server_sent
fd00::212:12:12:12,19085,19085000,19086000,3.0,server_sent
fd00::212:12:12:12,19243,19243000,19244000,16.0,server_sent
fd00::212:12:12:12,19253,19253000,19254000,1.0,server_sent
fd00::212:12:12:12,19264,19264000,19265000,1.0,server_sent
fd00::212:12:12:12,19281,19281000,19282000,2.0,server_sent
fd00::212:12:12:12,19308,19308000,19309000,2.0,server_sent
fd00::212:12:12:12,19507,19507000,19508000,20.0,server_sent
fd00::212:12:12:12,19517,19517000,19518000,1.0,server_sent
fd00::212:12:12:12,19528,19528000,19529000,1.0,server_sent
fd00::212:12:12:12,19540,19540000,19541000,2.0,server_sent
fd00::212:12:12:12,19549,19549000,19550000,0.0,server_sent
fd00::212:12:12:12,19559,19559000,19560000,1.0,server_sent
fd00::212:12:12:12,19573,19573000,19574000,2.0,server_sent
fd00::212:12:12:12,19582,19582000,19583000,1.0,server_sent
fd00::212:12:12:12,19594,19594000,19595000,1.0,server_sent
fd00::212:12:12:12,19604,19604000,19605000,1.0,server_sent
fd00::212:12:12:12,19612,19612000,19613000,1.0,server_sent
fd00::212:12:12:12,19624,19624000,19625000,1.0,server_sent
fd00::212:12:12:12,19634,19634000,19635000,1.0,server_sent
fd00::212:12:12:12,19644,19644000,19645000,1.0,server_sent
fd00::212:12:12:12,19656,19656000,19657000,1.0,server_sent
fd00::212:12:12:12,19665,19665000,19666000,1.0,server_sent
fd00::212:12:12:12,19683,19683000,19684000,2.0,server_sent
fd00::212:12:12:12,19686,19686000,19687000,0.0,server_sent
fd00::212:12:12:12,19698,19698000,19699000,1.0,server_sent
fd00::212:12:12:12,19707,19707000,19708000,1.0,server_sent
fd00::212:12:12:12,19717,19717000,19718000,1.0,server_sent
fd00::212:12:12:12,19732,19732000,19733000,2.0,server_sent
fd00::212:12:12:12,19739,19739000,19740000,0.0,server_sent
fd00::212:12:12:12,20097,20097000,20098000,36.0,server_sent
fd00::212:12:12:12,20111,20111000,20112000,2.0,server_sent
fd00::212:12:12:12,20119,20119000,20120000,0.0,server_sent
fd00::212:12:12:12,20129,20129000,20130000,1.0,server_sent
fd00::212:12:12:12,20139,20139000,20140000,1.0,server_sent
fd00::212:12:12:12,20151,20151000,20152000,2.0,server_sent
fd00::212:12:12:12,20166,20166000,20167000,1.0,server_sent
fd00::212:12:12:12,20172,20172000,20173000,1.0,server_sent
fd00::212:12:12:12,20183,20183000,20184000,1.0,server_sent
fd00::212:12:12:12,20192,20192000,20193000,1.0,server_sent
fd00::212:12:12:12,20203,20203000,20204000,1.0,server_sent
fd00::212:12:12:12,20213,20213000,20214000,1.0,server_sent
fd00::212:12:12:12,20224,20224000,20225000,1.0,server_sent
fd00::212:12:12:12,20235,20235000,20236000,1.0,server_sent
fd00::212:12:12:12,20245,20245000,20246000,1.0,server_sent
fd00::212:12:12:12,20259,20259000,20260000,1.0,server_sent
fd00::212:12:12:12,20269,20269000,20270000,1.0,server_sent
fd00::212:12:12:12,20277,20277000,20278000,1.0,server_sent
fd00::212:12:12:12,20289,20289000,20290000,1.0,server_sent
fd00::213:13:13:13,9585,9585000,9586000,0.0,server_sent
fd00::213:13:13:13,9603,9603000,9604000,2.0,server_sent
fd00::213:13:13:13,9623,9623000,9624000,2.0,server_sent
fd00::213:13:13:13,9643,9643000,9644000,2.0,server_sent
fd00::214:14:14:14,136,136000,137000,0.0,server_sent
fd00::214:14:14:14,2220,2220000,2221000,209.0,server_sent
fd00::214:14:14:14,2227,2227000,2228000,0.0,server_sent
fd00::214:14:14:14,2244,2244000,2245000,2.0,server_sent
fd00::214:14:14:14,11406,11406000,11407000,916.0,server_sent
fd00::214:14:14:14,11438,11438000,11439000,3.0,server_sent
fd00::214:14:14:14,16013,16013000,16014000,458.0,server_sent
fd00::214:14:14:14,16026,16026000,16027000,1.0,server_sent
fd00::214:14:14:14,16046,16046000,16047000,2.0,server_sent
fd00::214:14:14:14,16059,16059000,16060000,1.0,server_sent
fd00::214:14:14:14,16092,16092000,16093000,4.0,server_sent
fd00::214:14:14:14,16098,16098000,16099000,0.0,server_sent
fd00::214:14:14:14,16107,16107000,16108000,1.0,server_sent
fd00::214:14:14:14,17664,17664000,17665000,156.0,server_sent
fd00::215:15:15:15,21,21000,22000,0.0,server_sent
fd00::215:15:15:15,34,34000,35000,1.0,server_sent
fd00::215:15:15:15,41,41000,42000,1.0,server_sent
fd00::215:15:15:15,54,54000,55000,1.0,server_sent
fd00::215:15:15:15,61,61000,62000,1.0,server_sent
fd00::215:15:15:15,284,284000,285000,22.0,server_sent
fd00::215:15:15:15,292,292000,293000,1.0,server_sent
fd00::215:15:15:15,426,426000,427000,13.0,server_sent
fd00::215:15:15:15,427,427000,428000,0.0,server_sent
fd00::215:15:15:15,501,501000,502000,8.0,server_sent
fd00::215:15:15:15,518,518000,519000,1.0,server_sent
fd00::215:15:15:15,525,525000,526000,1.0,server_sent
fd00::215:15:15:15,802,802000,803000,28.0,server_sent
fd00::215:15:15:15,814,814000,815000,1.0,server_sent
fd00::215:15:15:15,822,822000,823000,1.0,server_sent
fd00::215:15:15:15,834,834000,835000,1.0,server_sent
fd00::215:15:15:15,841,841000,842000,1.0,server_sent
fd00::215:15:15:15,853,853000,854000,1.0,server_sent
fd00::215:15:15:15,864,864000,865000,1.0,server_sent
fd00::215:15:15:15,876,876000,877000,1.0,server_sent
fd00::215:15:15:15,884,884000,885000,1.0,server_sent
fd00::215:15:15:15,895,895000,896000,1.0,server_sent
fd00::215:15:15:15,901,901000,902000,1.0,server_sent
fd00::215:15:15:15,910,910000,911000,1.0,server_sent
fd00::215:15:15:15,929,929000,930000,1.0,server_sent
fd00::215:15:15:15,942,942000,943000,2.0,server_sent
fd00::215:15:15:15,948,948000,949000,0.0,server_sent
fd00::215:15:15:15,1000,1000000,1001000,6.0,server_sent
fd00::215:15:15:15,1011,1011000,1012000,1.0,server_sent
fd00::215:15:15:15,1021,1021000,1022000,1.0,server_sent
fd00::215:15:15:15,1031,1031000,1032000,1.0,server_sent
fd00::215:15:15:15,1046,1046000,1047000,1.0,server_sent
fd00::215:15:15:15,1052,1052000,1053000,1.0,server_sent
fd00::215:15:15:15,1060,1060000,1061000,1.0,server_sent
fd00::215:15:15:15,1071,1071000,1072000,1.0,server_sent
fd00::215:15:15:15,1082,1082000,1083000,1.0,server_sent
fd00::215:15:15:15,1092,1092000,1093000,1.0,server_sent
fd00::215:15:15:15,1413,1413000,1414000,32.0,server_sent
fd00::215:15:15:15,1422,1422000,1423000,1.0,server_sent
fd00::215:15:15:15,1435,1435000,1436000,1.0,server_sent
fd00::215:15:15:15,1441,1441000,1442000,1.0,server_sent
fd00::215:15:15:15,1456,1456000,1457000,1.0,server_sent
fd00::215:15:15:15,1465,1465000,1466000,1.0,server_sent
fd00::215:15:15:15,1494,1494000,1495000,3.0,server_sent
fd00::215:15:15:15,1762,1762000,1763000,27.0,server_sent
fd00::215:15:15:15,1771,1771000,1772000,1.0,server_sent
fd00::215:15:15:15,1783,1783000,1784000,1.0,server_sent
fd00::215:15:15:15,1795,1795000,1796000,1.0,server_sent
fd00::215:15:15:15,2613,2613000,2614000,82.0,server_sent
fd00::215:15:15:15,3331,3331000,3332000,72.0,server_sent
fd00::215:15:15:15,3342,3342000,3343000,1.0,server_sent
fd00::215:15:15:15,3351,3351000,3352000,1.0,server_sent
fd00::215:15:15:15,3364,3364000,3365000,1.0,server_sent
fd00::215:15:15:15,3372,3372000,3373000,1.0,server_sent
fd00::215:15:15:15,3392,3392000,3393000,2.0,server_sent
fd00::215:15:15:15,3564,3564000,3565000,17.0,server_sent
fd00::215:15:15:15,3577,3577000,3578000,1.0,server_sent
fd00::215:15:15:15,3772,3772000,3773000,20.0,server_sent
fd00::215:15:15:15,3785,3785000,3786000,1.0,server_sent
fd00::215:15:15:15,3792,3792000,3793000,1.0,server_sent
fd00::215:15:15:15,3801,3801000,3802000,1.0,server_sent
fd00::215:15:15:15,3811,3811000,3812000,1.0,server_sent
fd00::215:15:15:15,3821,3821000,3822000,1.0,server_sent
fd00::215:15:15:15,4316,4316000,4317000,49.0,server_sent
fd00::215:15:15:15,4322,4322000,4323000,1.0,server_sent
fd00::215:15:15:15,4331,4331000,4332000,1.0,server_sent
fd00::215:15:15:15,4348,4348000,4349000,1.0,server_sent
fd00::215:15:15:15,4575,4575000,4576000,23.0,server_sent
fd00::215:15:15:15,4584,4584000,4585000,1.0,server_sent
fd00::215:15:15:15,4594,4594000,4595000,1.0,server_sent
fd00::215:15:15:15,4604,4604000,4605000,1.0,server_sent
fd00::215:15:15:15,4617,4617000,4618000,1.0,server_sent
fd00::215:15:15:15,4633,4633000,4634000,2.0,server_sent
fd00::215:15:15:15,4641,4641000,4642000,1.0,server_sent
fd00::215:15:15:15,4655,4655000,4656000,1.0,server_sent
fd00::215:15:15:15,4822,4822000,4823000,17.0,server_sent
fd00::215:15:15:15,4832,4832000,4833000,1.0,server_sent
fd00::215:15:15:15,4842,4842000,4843000,1.0,server_sent
fd00::215:15:15:15,4852,4852000,4853000,1.0,server_sent
fd00::215:15:15:15,4869,4869000,4870000,1.0,server_sent
fd00::215:15:15:15,5012,5012000,5013000,15.0,server_sent
fd00::215:15:15:15,5027,5027000,5028000,1.0,server_sent
fd00::215:15:15:15,5032,5032000,5033000,1.0,server_sent
fd00::215:15:15:15,5057,5057000,5058000,2.0,server_sent
fd00::215:15:15:15,5722,5722000,5723000,67.0,server_sent
fd00::215:15:15:15,6082,6082000,6083000,36.0,server_sent
fd00::215:15:15:15,6234,6234000,6235000,15.0,server_sent
fd00::215:15:15:15,6248,6248000,6249000,1.0,server_sent
fd00::215:15:15:15,6569,6569000,6570000,32.0,server_sent
fd00::215:15:15:15,6574,6574000,6575000,1.0,server_sent
fd00::215:15:15:15,6582,6582000,6583000,1.0,server_sent
fd00::215:15:15:15,6593,6593000,6594000,1.0,server_sent
fd00::215:15:15:15,6602,6602000,6603000,1.0,server_sent
fd00::215:15:15:15,6814,6814000,6815000,21.0,server_sent
fd00::215:15:15:15,6825,6825000,6826000,1.0,server_sent
fd00::215:15:15:15,6837,6837000,6838000,1.0,server_sent
fd00::215:15:15:15,6846,6846000,6847000,1.0,server_sent
fd00::215:15:15:15,6852,6852000,6853000,1.0,server_sent
fd00::215:15:15:15,6862,6862000,6863000,1.0,server_sent
fd00::215:15:15:15,6872,6872000,6873000,1.0,server_sent
fd00::215:15:15:15,6888,6888000,6889000,1.0,server_sent
fd00::215:15:15:15,7032,7032000,7033000,15.0,server_sent
fd00::215:15:15:15,7042,7042000,7043000,1.0,server_sent
fd00::215:15:15:15,7053,7053000,7054000,1.0,server_sent
fd00::215:15:15:15,7066,7066000,7067000,1.0,server_sent
fd00::215:15:15:15,7078,7078000,7079000,1.0,server_sent
fd00::215:15:15:15,7087,7087000,7088000,1.0,server_sent
fd00::215:15:15:15,7403,7403000,7404000,32.0,server_sent
fd00::215:15:15:15,7413,7413000,7414000,1.0,server_sent
fd00::215:15:15:15,7424,7424000,7425000,1.0,server_sent
fd00::215:15:15:15,7436,7436000,7437000,1.0,server_sent
fd00::215:15:15:15,7462,7462000,7463000,3.0,server_sent
fd00::215:15:15:15,7472,7472000,7473000,1.0,server_sent
fd00::215:15:15:15,7483,7483000,7484000,1.0,server_sent
fd00::215:15:15:15,7497,7497000,7498000,1.0,server_sent
fd00::215:15:15:15,7503,7503000,7504000,1.0,server_sent
fd00::215:15:15:15,7513,7513000,7514000,1.0,server_sent
fd00::215:15:15:15,7524,7524000,7525000,1.0,server_sent
fd00::215:15:15:15,7533,7533000,7534000,1.0,server_sent
fd00::215:15:15:15,7542,7542000,7543000,1.0,server_sent
fd00::215:15:15:15,7560,7560000,7561000,2.0,server_sent
fd00::215:15:15:15,7572,7572000,7573000,1.0,server_sent
fd00::215:15:15:15,7583,7583000,7584000,1.0,server_sent
fd00::215:15:15:15,7592,7592000,7593000,1.0,server_sent
fd00::215:15:15:15,7602,7602000,7603000,1.0,server_sent
fd00::215:15:15:15,7614,7614000,7615000,1.0,server_sent
fd00::215:15:15:15,7623,7623000,7624000,1.0,server_sent
fd00::215:15:15:15,7634,7634000,7635000,1.0,server_sent
fd00::215:15:15:15,7646,7646000,7647000,1.0,server_sent
fd00::215:15:15:15,7653,7653000,7654000,1.0,server_sent
fd00::215:15:15:15,7664,7664000,7665000,1.0,server_sent
fd00::215:15:15:15,9107,9107000,9108000,144.0,server_sent
fd00::215:15:15:15,9114,9114000,9115000,1.0,server_sent
fd00::215:15:15:15,9124,9124000,9125000,1.0,server_sent
fd00::215:15:15:15,9133,9133000,9134000,1.0,server_sent
fd00::215:15:15:15,9144,9144000,9145000,1.0,server_sent
fd00::215:15:15:15,9153,9153000,9154000,1.0,server_sent
fd00::215:15:15:15,9165,9165000,9166000,1.0,server_sent
fd00::215:15:15:15,9173,9173000,9174000,1.0,server_sent
fd00::215:15:15:15,9183,9183000,9184000,1.0,server_sent
fd00::215:15:15:15,9193,9193000,9194000,1.0,server_sent
fd00::215:15:15:15,9206,9206000,9207000,1.0,server_sent
fd00::215:15:15:15,9213,9213000,9214000,1.0,server_sent
fd00::215:15:15:15,9227,9227000,9228000,1.0,server_sent
fd00::215:15:15:15,9235,9235000,9236000,1.0,server_sent
fd00::215:15:15:15,9243,9243000,9244000,1.0,server_sent
fd00::215:15:15:15,9254,9254000,9255000,1.0,server_sent
fd00::215:15:15:15,9269,9269000,9270000,1.0,server_sent
fd00::215:15:15:15,9279,9279000,9280000,1.0,server_sent
fd00::215:15:15:15,9287,9287000,9288000,1.0,server_sent
fd00::215:15:15:15,9296,9296000,9297000,1.0,server_sent
fd00::215:15:15:15,9307,9307000,9308000,1.0,server_sent
fd00::215:15:15:15,9323,9323000,9324000,2.0,server_sent
fd00::215:15:15:15,9334,9334000,9335000,1.0,server_sent
fd00::215:15:15:15,9344,9344000,9345000,1.0,server_sent
fd00::215:15:15:15,9353,9353000,9354000,1.0,server_sent
fd00::215:15:15:15,9364,9364000,9365000,1.0,server_sent
fd00::215:15:15:15,9373,9373000,9374000,1.0,server_sent
fd00::215:15:15:15,9383,9383000,9384000,1.0,server_sent
fd00::215:15:15:15,9394,9394000,9395000,1.0,server_sent
fd00::215:15:15:15,9403,9403000,9404000,1.0,server_sent
fd00::215:15:15:15,9414,9414000,9415000,1.0,server_sent
fd00::215:15:15:15,9423,9423000,9424000,1.0,server_sent
fd00::215:15:15:15,9436,9436000,9437000,1.0,server_sent
fd00::215:15:15:15,9444,9444000,9445000,1.0,server_sent
fd00::215:15:15:15,9454,9454000,9455000,1.0,server_sent
fd00::215:15:15:15,9464,9464000,9465000,1.0,server_sent
fd00::215:15:15:15,9473,9473000,9474000,1.0,server_sent
fd00::215:15:15:15,9483,9483000,9484000,1.0,server_sent
fd00::215:15:15:15,9497,9497000,9498000,1.0,server_sent
fd00::215:15:15:15,9503,9503000,9504000,1.0,server_sent
fd00::215:15:15:15,9513,9513000,9514000,1.0,server_sent
fd00::215:15:15:15,9525,9525000,9526000,1.0,server_sent
fd00::215:15:15:15,9533,9533000,9534000,1.0,server_sent
fd00::215:15:15:15,9544,9544000,9545000,1.0,server_sent
fd00::215:15:15:15,9553,9553000,9554000,1.0,server_sent
fd00::215:15:15:15,9564,9564000,9565000,1.0,server_sent
fd00::215:15:15:15,9576,9576000,9577000,1.0,server_sent
fd00::215:15:15:15,9583,9583000,9584000,1.0,server_sent
fd00::215:15:15:15,9594,9594000,9595000,1.0,server_sent
fd00::215:15:15:15,9603,9603000,9604000,1.0,server_sent
fd00::215:15:15:15,9613,9613000,9614000,1.0,server_sent
fd00::215:15:15:15,9623,9623000,9624000,1.0,server_sent
fd00::215:15:15:15,9634,9634000,9635000,1.0,server_sent
fd00::215:15:15:15,9645,9645000,9646000,1.0,server_sent
fd00::215:15:15:15,9653,9653000,9654000,1.0,server_sent
fd00::215:15:15:15,9663,9663000,9664000,1.0,server_sent
fd00::215:15:15:15,9673,9673000,9674000,1.0,server_sent
fd00::215:15:15:15,9684,9684000,9685000,1.0,server_sent
fd00::215:15:15:15,9696,9696000,9697000,1.0,server_sent
fd00::215:15:15:15,9703,9703000,9704000,1.0,server_sent
fd00::215:15:15:15,9713,9713000,9714000,1.0,server_sent
fd00::215:15:15:15,9726,9726000,9727000,1.0,server_sent
fd00::215:15:15:15,9733,9733000,9734000,1.0,server_sent
fd00::215:15:15:15,9743,9743000,9744000,1.0,server_sent
fd00::215:15:15:15,9754,9754000,9755000,1.0,server_sent
fd00::215:15:15:15,9813,9813000,9814000,6.0,server_sent
fd00::215:15:15:15,9824,9824000,9825000,1.0,server_sent
fd00::215:15:15:15,9834,9834000,9835000,1.0,server_sent
fd00::215:15:15:15,9843,9843000,9844000,1.0,server_sent
fd00::215:15:15:15,9868,9868000,9869000,2.0,server_sent
fd00::215:15:15:15,9882,9882000,9883000,2.0,server_sent
fd00::215:15:15:15,10015,10015000,10016000,13.0,server_sent
fd00::215:15:15:15,10023,10023000,10024000,1.0,server_sent
fd00::215:15:15:15,10033,10033000,10034000,1.0,server_sent
fd00::215:15:15:15,10043,10043000,10044000,1.0,server_sent
fd00::215:15:15:15,10053,10053000,10054000,1.0,server_sent
fd00::215:15:15:15,10063,10063000,10064000,1.0,server_sent
fd00::215:15:15:15,10073,10073000,10074000,1.0,server_sent
fd00::215:15:15:15,10083,10083000,10084000,1.0,server_sent
fd00::215:15:15:15,10093,10093000,10094000,1.0,server_sent
fd00::215:15:15:15,10116,10116000,10117000,2.0,server_sent
fd00::215:15:15:15,10366,10366000,10367000,25.0,server_sent
fd00::215:15:15:15,10379,10379000,10380000,1.0,server_sent
fd00::215:15:15:15,10535,10535000,10536000,16.0,server_sent
fd00::215:15:15:15,10543,10543000,10544000,1.0,server_sent
fd00::215:15:15:15,11316,11316000,11317000,77.0,server_sent
fd00::215:15:15:15,11337,11337000,11338000,2.0,server_sent
fd00::215:15:15:15,11346,11346000,11347000,1.0,server_sent
fd00::215:15:15:15,11355,11355000,11356000,1.0,server_sent
fd00::215:15:15:15,11364,11364000,11365000,1.0,server_sent
fd00::215:15:15:15,11375,11375000,11376000,1.0,server_sent
fd00::215:15:15:15,11387,11387000,11388000,1.0,server_sent
fd00::215:15:15:15,11574,11574000,11575000,19.0,server_sent
fd00::215:15:15:15,11584,11584000,11585000,1.0,server_sent
fd00::215:15:15:15,11654,11654000,11655000,7.0,server_sent
fd00::215:15:15:15,11669,11669000,11670000,1.0,server_sent
fd00::215:15:15:15,11690,11690000,11691000,3.0,server_sent
fd00::215:15:15:15,12181,12181000,12182000,49.0,server_sent
fd00::215:15:15:15,12196,12196000,12197000,1.0,server_sent
fd00::215:15:15:15,12704,12704000,12705000,51.0,server_sent
fd00::215:15:15:15,12714,12714000,12715000,1.0,server_sent
fd00::215:15:15:15,12727,12727000,12728000,1.0,server_sent
fd00::215:15:15:15,13204,13204000,13205000,48.0,server_sent
fd00::215:15:15:15,13344,13344000,13345000,14.0,server_sent
fd00::215:15:15:15,13354,13354000,13355000,1.0,server_sent
fd00::215:15:15:15,13365,13365000,13366000,1.0,server_sent
fd00::215:15:15:15,13376,13376000,13377000,1.0,server_sent
fd00::215:15:15:15,13386,13386000,13387000,1.0,server_sent
fd00::215:15:15:15,13394,13394000,13395000,1.0,server_sent
fd00::215:15:15:15,13598,13598000,13599000,20.0,server_sent
fd00::215:15:15:15,13607,13607000,13608000,1.0,server_sent
fd00::215:15:15:15,14245,14245000,14246000,64.0,server_sent
fd00::215:15:15:15,14444,14444000,14445000,20.0,server_sent
fd00::215:15:15:15,14794,14794000,14795000,35.0,server_sent
fd00::215:15:15:15,14806,14806000,14807000,1.0,server_sent
fd00::215:15:15:15,14815,14815000,14816000,1.0,server_sent
fd00::215:15:15:15,14825,14825000,14826000,1.0,server_sent
fd00::215:15:15:15,14835,14835000,14836000,1.0,server_sent
fd00::215:15:15:15,14844,14844000,14845000,1.0,server_sent
fd00::215:15:15:15,14855,14855000,14856000,1.0,server_sent
fd00::215:15:15:15,15125,15125000,15126000,27.0,server_sent
fd00::215:15:15:15,15137,15137000,15138000,1.0,server_sent
fd00::215:15:15:15,15177,15177000,15178000,4.0,server_sent
fd00::215:15:15:15,15515,15515000,15516000,34.0,server_sent
fd00::215:15:15:15,15525,15525000,15526000,1.0,server_sent
fd00::215:15:15:15,15536,15536000,15537000,1.0,server_sent
fd00::215:15:15:15,15545,15545000,15546000,1.0,server_sent
fd00::215:15:15:15,15558,15558000,15559000,1.0,server_sent
fd00::215:15:15:15,16032,16032000,16033000,48.0,server_sent
fd00::215:15:15:15,16035,16035000,16036000,0.0,server_sent
fd00::215:15:15:15,16048,16048000,16049000,1.0,server_sent
fd00::215:15:15:15,16059,16059000,16060000,1.0,server_sent
fd00::215:15:15:15,16065,16065000,16066000,1.0,server_sent
fd00::215:15:15:15,16075,16075000,16076000,1.0,server_sent
fd00::215:15:15:15,16095,16095000,16096000,2.0,server_sent
fd00::215:15:15:15,16425,16425000,16426000,33.0,server_sent
fd00::215:15:15:15,16435,16435000,16436000,1.0,server_sent
fd00::215:15:15:15,16445,16445000,16446000,1.0,server_sent
fd00::215:15:15:15,16456,16456000,16457000,1.0,server_sent
fd00::215:15:15:15,16465,16465000,16466000,1.0,server_sent
fd00::215:15:15:15,16476,16476000,16477000,1.0,server_sent
fd00::215:15:15:15,16494,16494000,16495000,2.0,server_sent
fd00::215:15:15:15,16499,16499000,16500000,0.0,server_sent
fd00::215:15:15:15,16522,16522000,16523000,3.0,server_sent
fd00::215:15:15:15,16538,16538000,16539000,1.0,server_sent
fd00::215:15:15:15,16816,16816000,16817000,28.0,server_sent
fd00::215:15:15:15,17085,17085000,17086000,27.0,server_sent
fd00::215:15:15:15,17095,17095000,17096000,1.0,server_sent
fd00::215:15:15:15,17105,17105000,17106000,1.0,server_sent
fd00::215:15:15:15,17115,17115000,17116000,1.0,server_sent
fd00::215:15:15:15,17127,17127000,17128000,1.0,server_sent
fd00::215:15:15:15,17346,17346000,17347000,22.0,server_sent
fd00::215:15:15:15,17355,17355000,17356000,1.0,server_sent
fd00::215:15:15:15,17366,17366000,17367000,1.0,server_sent
fd00::215:15:15:15,17375,17375000,17376000,1.0,server_sent
fd00::215:15:15:15,17385,17385000,17386000,1.0,server_sent
fd00::215:15:15:15,17395,17395000,17396000,1.0,server_sent
fd00::215:15:15:15,17406,17406000,17407000,1.0,server_sent
fd00::215:15:15:15,17417,17417000,17418000,1.0,server_sent
fd00::215:15:15:15,17428,17428000,17429000,1.0,server_sent
fd00::215:15:15:15,17437,17437000,17438000,1.0,server_sent
fd00::215:15:15:15,18145,18145000,18146000,71.0,server_sent
fd00::215:15:15:15,18158,18158000,18159000,1.0,server_sent
fd00::215:15:15:15,18169,18169000,18170000,1.0,server_sent
fd00::215:15:15:15,18188,18188000,18189000,2.0,server_sent
fd00::215:15:15:15,18367,18367000,18368000,18.0,server_sent
fd00::215:15:15:15,18379,18379000,18380000,1.0,server_sent
fd00::215:15:15:15,18938,18938000,18939000,56.0,server_sent
fd00::215:15:15:15,18947,18947000,18948000,1.0,server_sent
fd00::215:15:15:15,18956,18956000,18957000,1.0,server_sent
fd00::215:15:15:15,18967,18967000,18968000,1.0,server_sent
fd00::215:15:15:15,18978,18978000,18979000,1.0,server_sent
fd00::215:15:15:15,18986,18986000,18987000,1.0,server_sent
fd00::215:15:15:15,18996,18996000,18997000,1.0,server_sent
fd00::215:15:15:15,19006,19006000,19007000,1.0,server_sent
fd00::215:15:15:15,19017,19017000,19018000,1.0,server_sent
fd00::215:15:15:15,19029,19029000,19030000,1.0,server_sent
fd00::215:15:15:15,19038,19038000,19039000,1.0,server_sent
fd00::215:15:15:15,19055,19055000,19056000,2.0,server_sent
fd00::215:15:15:15,19246,19246000,19247000,19.0,server_sent
fd00::215:15:15:15,19256,19256000,19257000,1.0,server_sent
fd00::215:15:15:15,19286,19286000,19287000,3.0,server_sent
fd00::215:15:15:15,19293,19293000,19294000,1.0,server_sent
fd00::215:15:15:15,19301,19301000,19302000,1.0,server_sent
fd00::215:15:15:15,19309,19309000,19310000,0.0,server_sent
fd00::215:15:15:15,19316,19316000,19317000,1.0,server_sent
fd00::215:15:15:15,19326,19326000,19327000,1.0,server_sent
fd00::215:15:15:15,19336,19336000,19337000,1.0,server_sent
fd00::215:15:15:15,19346,19346000,19347000,1.0,server_sent
fd00::215:15:15:15,19356,19356000,19357000,1.0,server_sent
fd00::215:15:15:15,19366,19366000,19367000,1.0,server_sent
fd00::215:15:15:15,19376,19376000,19377000,1.0,server_sent
fd00::215:15:15:15,19386,19386000,19387000,1.0,server_sent
fd00::215:15:15:15,19402,19402000,19403000,2.0,server_sent
fd00::215:15:15:15,19956,19956000,19957000,55.0,server_sent
fd00::215:15:15:15,20206,20206000,20207000,25.0,server_sent
fd00::215:15:15:15,20216,20216000,20217000,1.0,server_sent
fd00::215:15:15:15,20226,20226000,20227000,1.0,server_sent
fd00::215:15:15:15,20238,20238000,20239000,1.0,server_sent
fd00::215:15:15:15,20246,20246000,20247000,1.0,server_sent
fd00::215:15:15:15,20569,20569000,20570000,32.0,server_sent
fd00::215:15:15:15,20592,20592000,20593000,3.0,server_sent
fd00::215:15:15:15,20616,20616000,20617000,2.0,server_sent
fd00::215:15:15:15,20627,20627000,20628000,1.0,server_sent
fd00::215:15:15:15,20636,20636000,20637000,1.0,server_sent
fd00::215:15:15:15,20647,20647000,20648000,1.0,server_sent
fd00::215:15:15:15,20658,20658000,20659000,1.0,server_sent
fd00::215:15:15:15,20667,20667000,20668000,1.0,server_sent
fd00::215:15:15:15,20677,20677000,20678000,1.0,server_sent
fd00::215:15:15:15,20689,20689000,20690000,1.0,server_sent
fd00::215:15:15:15,20696,20696000,20697000,1.0,server_sent
fd00::215:15:15:15,20706,20706000,20707000,1.0,server_sent
fd00::215:15:15:15,20716,20716000,20717000,1.0,server_sent
fd00::215:15:15:15,21047,21047000,21048000,33.0,server_sent
fd00::215:15:15:15,21057,21057000,21058000,1.0,server_sent
fd00::215:15:15:15,21067,21067000,21068000,1.0,server_sent
fd00::215:15:15:15,21081,21081000,21082000,2.0,server_sent
fd00::215:15:15:15,21086,21086000,21087000,0.0,server_sent
fd00::215:15:15:15,21096,21096000,21097000,1.0,server_sent
fd00::215:15:15:15,21107,21107000,21108000,1.0,server_sent
fd00::215:15:15:15,21116,21116000,21117000,1.0,server_sent
fd00::215:15:15:15,21126,21126000,21127000,1.0,server_sent
fd00::215:15:15:15,21360,21360000,21361000,24.0,server_sent
fd00::215:15:15:15,21368,21368000,21369000,0.0,server_sent
fd00::215:15:15:15,21377,21377000,21378000,1.0,server_sent
fd00::215:15:15:15,21389,21389000,21390000,1.0,server_sent
fd00::215:15:15:15,21397,21397000,21398000,1.0,server_sent
fd00::215:15:15:15,21411,21411000,21412000,2.0,server_sent
fd00::215:15:15:15,21417,21417000,21418000,0.0,server_sent
fd00::216:16:16:16,13199,13199000,13200000,0.0,server_sent
fd00::217:17:17:17,11,11000,12000,0.0,server_sent
fd00::217:17:17:17,22,22000,23000,1.0,server_sent
fd00::217:17:17:17,33,33000,34000,1.0,server_sent
fd00::217:17:17:17,45,45000,46000,1.0,server_sent
fd00::217:17:17:17,57,57000,58000,1.0,server_sent
fd00::217:17:17:17,71,71000,72000,2.0,server_sent
fd00::217:17:17:17,389,389000,390000,31.0,server_sent
fd00::217:17:17:17,401,401000,402000,2.0,server_sent
fd00::217:17:17:17,427,427000,428000,2.0,server_sent
fd00::217:17:17:17,428,428000,429000,0.0,server_sent
fd00::217:17:17:17,438,438000,439000,1.0,server_sent
fd00::217:17:17:17,443,443000,444000,1.0,server_sent
fd00::217:17:17:17,453,453000,454000,1.0,server_sent
fd00::217:17:17:17,825,825000,826000,37.0,server_sent
fd00::217:17:17:17,835,835000,836000,1.0,server_sent
fd00::217:17:17:17,843,843000,844000,1.0,server_sent
fd00::217:17:17:17,856,856000,857000,1.0,server_sent
fd00::217:17:17:17,865,865000,866000,1.0,server_sent
fd00::217:17:17:17,874,874000,875000,1.0,server_sent
fd00::217:17:17:17,886,886000,887000,1.0,server_sent
fd00::217:17:17:17,896,896000,897000,1.0,server_sent
fd00::217:17:17:17,907,907000,908000,1.0,server_sent
fd00::217:17:17:17,918,918000,919000,1.0,server_sent
fd00::217:17:17:17,938,938000,939000,2.0,server_sent
fd00::217:17:17:17,953,953000,954000,2.0,server_sent
fd00::217:17:17:17,977,977000,978000,2.0,server_sent
fd00::217:17:17:17,1710,1710000,1711000,74.0,server_sent
fd00::217:17:17:17,2191,2191000,2192000,48.0,server_sent
fd00::217:17:17:17,2192,2192000,2193000,0.0,server_sent
fd00::217:17:17:17,2203,2203000,2204000,1.0,server_sent
fd00::217:17:17:17,2215,2215000,2216000,1.0,server_sent
fd00::217:17:17:17,2224,2224000,2225000,1.0,server_sent
fd00::217:17:17:17,2243,2243000,2244000,2.0,server_sent
fd00::217:17:17:17,2497,2497000,2498000,25.0,server_sent
fd00::217:17:17:17,2505,2505000,2506000,1.0,server_sent
fd00::217:17:17:17,2519,2519000,2520000,1.0,server_sent
fd00::217:17:17:17,2526,2526000,2527000,1.0,server_sent
fd00::217:17:17:17,2979,2979000,2980000,45.0,server_sent
fd00::217:17:17:17,2995,2995000,2996000,2.0,server_sent
fd00::217:17:17:17,3005,3005000,3006000,1.0,server_sent
fd00::217:17:17:17,3249,3249000,3250000,24.0,server_sent
fd00::217:17:17:17,3263,3263000,3264000,2.0,server_sent
fd00::217:17:17:17,3282,3282000,3283000,2.0,server_sent
fd00::217:17:17:17,3468,3468000,3469000,18.0,server_sent
fd00::217:17:17:17,3476,3476000,3477000,1.0,server_sent
fd00::217:17:17:17,3487,3487000,3488000,1.0,server_sent
fd00::217:17:17:17,3498,3498000,3499000,1.0,server_sent
fd00::217:17:17:17,3508,3508000,3509000,1.0,server_sent
fd00::217:17:17:17,3779,3779000,3780000,27.0,server_sent
fd00::217:17:17:17,3789,3789000,3790000,1.0,server_sent
fd00::217:17:17:17,3802,3802000,3803000,2.0,server_sent
fd00::217:17:17:17,3811,3811000,3812000,1.0,server_sent
fd00::217:17:17:17,3822,3822000,3823000,1.0,server_sent
fd00::217:17:17:17,4353,4353000,4354000,53.0,server_sent
fd00::217:17:17:17,4368,4368000,4369000,1.0,server_sent
fd00::217:17:17:17,4369,4369000,4370000,0.0,server_sent
fd00::217:17:17:17,4377,4377000,4378000,1.0,server_sent
fd00::217:17:17:17,4782,4782000,4783000,41.0,server_sent
fd00::217:17:17:17,4798,4798000,4799000,1.0,server_sent
fd00::217:17:17:17,4987,4987000,4988000,19.0,server_sent
fd00::217:17:17:17,4998,4998000,4999000,1.0,server_sent
fd00::217:17:17:17,5011,5011000,5012000,2.0,server_sent
fd00::217:17:17:17,5019,5019000,5020000,0.0,server_sent
fd00::217:17:17:17,5031,5031000,5032000,2.0,server_sent
fd00::217:17:17:17,5044,5044000,5045000,1.0,server_sent
fd00::217:17:17:17,5052,5052000,5053000,1.0,server_sent
fd00::217:17:17:17,5063,5063000,5064000,1.0,server_sent
fd00::217:17:17:17,5073,5073000,5074000,1.0,server_sent
fd00::217:17:17:17,5084,5084000,5085000,1.0,server_sent
fd00::217:17:17:17,6099,6099000,6100000,101.0,server_sent
fd00::217:17:17:17,6114,6114000,6115000,2.0,server_sent
fd00::217:17:17:17,6123,6123000,6124000,1.0,server_sent
fd00::217:17:17:17,6131,6131000,6132000,1.0,server_sent
fd00::217:17:17:17,6150,6150000,6151000,2.0,server_sent
fd00::217:17:17:17,6224,6224000,6225000,7.0,server_sent
fd00::217:17:17:17,6235,6235000,6236000,1.0,server_sent
fd00::217:17:17:17,6461,6461000,6462000,23.0,server_sent
fd00::217:17:17:17,6726,6726000,6727000,26.0,server_sent
fd00::217:17:17:17,6747,6747000,6748000,2.0,server_sent
fd00::217:17:17:17,6758,6758000,6759000,1.0,server_sent
fd00::217:17:17:17,7081,7081000,7082000,33.0,server_sent
fd00::217:17:17:17,7097,7097000,7098000,1.0,server_sent
fd00::217:17:17:17,7298,7298000,7299000,20.0,server_sent
fd00::217:17:17:17,7426,7426000,7427000,13.0,server_sent
fd00::217:17:17:17,7438,7438000,7439000,1.0,server_sent
fd00::217:17:17:17,7457,7457000,7458000,2.0,server_sent
fd00::217:17:17:17,7497,7497000,7498000,4.0,server_sent
fd00::217:17:17:17,7503,7503000,7504000,1.0,server_sent
fd00::217:17:17:17,7513,7513000,7514000,1.0,server_sent
fd00::217:17:17:17,7529,7529000,7530000,1.0,server_sent
fd00::217:17:17:17,7537,7537000,7538000,1.0,server_sent
fd00::217:17:17:17,7546,7546000,7547000,1.0,server_sent
fd00::217:17:17:17,7837,7837000,7838000,29.0,server_sent
fd00::217:17:17:17,7847,7847000,7848000,1.0,server_sent
fd00::217:17:17:17,7863,7863000,7864000,2.0,server_sent
fd00::217:17:17:17,7869,7869000,7870000,0.0,server_sent
fd00::217:17:17:17,7882,7882000,7883000,2.0,server_sent
fd00::217:17:17:17,7894,7894000,7895000,1.0,server_sent
fd00::217:17:17:17,7908,7908000,7909000,1.0,server_sent
fd00::217:17:17:17,8054,8054000,8055000,15.0,server_sent
fd00::217:17:17:17,8078,8078000,8079000,2.0,server_sent
fd00::217:17:17:17,8279,8279000,8280000,20.0,server_sent
fd00::217:17:17:17,8646,8646000,8647000,37.0,server_sent
fd00::217:17:17:17,8657,8657000,8658000,1.0,server_sent
fd00::217:17:17:17,8668,8668000,8669000,1.0,server_sent
fd00::217:17:17:17,9046,9046000,9047000,38.0,server_sent
fd00::217:17:17:17,9057,9057000,9058000,1.0,server_sent
fd00::217:17:17:17,9069,9069000,9070000,1.0,server_sent
fd00::217:17:17:17,9078,9078000,9079000,1.0,server_sent
fd00::217:17:17:17,9218,9218000,9219000,14.0,server_sent
fd00::217:17:17:17,9229,9229000,9230000,1.0,server_sent
fd00::217:17:17:17,9244,9244000,9245000,2.0,server_sent
fd00::217:17:17:17,9255,9255000,9256000,1.0,server_sent
fd00::217:17:17:17,9267,9267000,9268000,1.0,server_sent
fd00::217:17:17:17,9272,9272000,9273000,1.0,server_sent
fd00::217:17:17:17,9285,9285000,9286000,1.0,server_sent
fd00::217:17:17:17,9295,9295000,9296000,1.0,server_sent
fd00::217:17:17:17,9306,9306000,9307000,1.0,server_sent
fd00::217:17:17:17,9456,9456000,9457000,15.0,server_sent
fd00::217:17:17:17,9467,9467000,9468000,1.0,server_sent
fd00::217:17:17:17,9477,9477000,9478000,1.0,server_sent
fd00::217:17:17:17,9488,9488000,9489000,1.0,server_sent
fd00::217:17:17:17,9499,9499000,9500000,1.0,server_sent
fd00::217:17:17:17,9512,9512000,9513000,2.0,server_sent
fd00::217:17:17:17,9521,9521000,9522000,1.0,server_sent
fd00::217:17:17:17,9533,9533000,9534000,1.0,server_sent
fd00::217:17:17:17,9547,9547000,9548000,1.0,server_sent
fd00::217:17:17:17,9553,9553000,9554000,1.0,server_sent
fd00::217:17:17:17,9565,9565000,9566000,1.0,server_sent
fd00::217:17:17:17,9575,9575000,9576000,1.0,server_sent
fd00::217:17:17:17,9585,9585000,9586000,1.0,server_sent
fd00::217:17:17:17,9597,9597000,9598000,1.0,server_sent
fd00::217:17:17:17,9607,9607000,9608000,1.0,server_sent
fd00::217:17:17:17,9985,9985000,9986000,38.0,server_sent
fd00::217:17:17:17,10276,10276000,10277000,29.0,server_sent
fd00::217:17:17:17,10287,10287000,10288000,1.0,server_sent
fd00::217:17:17:17,10298,10298000,10299000,1.0,server_sent
fd00::217:17:17:17,10477,10477000,10478000,18.0,server_sent
fd00::217:17:17:17,10497,10497000,10498000,2.0,server_sent
fd00::217:17:17:17,10719,10719000,10720000,22.0,server_sent
fd00::217:17:17:17,11107,11107000,11108000,39.0,server_sent
fd00::217:17:17:17,11118,11118000,11119000,1.0,server_sent
fd00::217:17:17:17,11307,11307000,11308000,19.0,server_sent
fd00::217:17:17:17,11319,11319000,11320000,1.0,server_sent
fd00::217:17:17:17,11571,11571000,11572000,26.0,server_sent
fd00::217:17:17:17,11582,11582000,11583000,1.0,server_sent
fd00::217:17:17:17,11593,11593000,11594000,1.0,server_sent
fd00::217:17:17:17,11608,11608000,11609000,1.0,server_sent
fd00::217:17:17:17,11616,11616000,11617000,1.0,server_sent
fd00::217:17:17:17,11625,11625000,11626000,1.0,server_sent
fd00::217:17:17:17,11636,11636000,11637000,1.0,server_sent
fd00::217:17:17:17,11647,11647000,11648000,1.0,server_sent
fd00::217:17:17:17,11658,11658000,11659000,1.0,server_sent
fd00::217:17:17:17,12089,12089000,12090000,43.0,server_sent
fd00::217:17:17:17,12100,12100000,12101000,2.0,server_sent
fd00::217:17:17:17,12111,12111000,12112000,1.0,server_sent
fd00::217:17:17:17,12122,12122000,12123000,1.0,server_sent
fd00::217:17:17:17,12133,12133000,12134000,1.0,server_sent
fd00::217:17:17:17,12143,12143000,12144000,1.0,server_sent
fd00::217:17:17:17,12154,12154000,12155000,1.0,server_sent
fd00::217:17:17:17,12165,12165000,12166000,1.0,server_sent
fd00::217:17:17:17,12176,12176000,12177000,1.0,server_sent
fd00::217:17:17:17,12187,12187000,12188000,1.0,server_sent
fd00::217:17:17:17,12199,12199000,12200000,1.0,server_sent
fd00::217:17:17:17,12424,12424000,12425000,23.0,server_sent
fd00::217:17:17:17,12436,12436000,12437000,1.0,server_sent
fd00::217:17:17:17,12446,12446000,12447000,1.0,server_sent
fd00::217:17:17:17,12456,12456000,12457000,1.0,server_sent
fd00::217:17:17:17,12468,12468000,12469000,1.0,server_sent
fd00::217:17:17:17,12478,12478000,12479000,1.0,server_sent
fd00::217:17:17:17,12489,12489000,12490000,1.0,server_sent
fd00::217:17:17:17,12526,12526000,12527000,4.0,server_sent
fd00::217:17:17:17,12543,12543000,12544000,2.0,server_sent
fd00::217:17:17:17,12877,12877000,12878000,33.0,server_sent
fd00::217:17:17:17,12895,12895000,12896000,2.0,server_sent
fd00::217:17:17:17,12899,12899000,12900000,0.0,server_sent
fd00::217:17:17:17,12911,12911000,12912000,2.0,server_sent
fd00::217:17:17:17,12923,12923000,12924000,1.0,server_sent
fd00::217:17:17:17,12937,12937000,12938000,1.0,server_sent
fd00::217:17:17:17,13172,13172000,13173000,24.0,server_sent
fd00::217:17:17:17,13725,13725000,13726000,55.0,server_sent
fd00::217:17:17:17,13737,13737000,13738000,1.0,server_sent
fd00::217:17:17:17,14216,14216000,14217000,48.0,server_sent
fd00::217:17:17:17,14227,14227000,14228000,1.0,server_sent
fd00::217:17:17:17,14237,14237000,14238000,1.0,server_sent
fd00::217:17:17:17,14249,14249000,14250000,1.0,server_sent
fd00::217:17:17:17,14259,14259000,14260000,1.0,server_sent
fd00::217:17:17:17,14293,14293000,14294000,4.0,server_sent
fd00::217:17:17:17,14304,14304000,14305000,1.0,server_sent
fd00::217:17:17:17,14367,14367000,14368000,6.0,server_sent
fd00::217:17:17:17,14378,14378000,14379000,1.0,server_sent
fd00::217:17:17:17,14574,14574000,14575000,20.0,server_sent
fd00::217:17:17:17,14583,14583000,14584000,1.0,server_sent
fd00::217:17:17:17,14594,14594000,14595000,1.0,server_sent
fd00::217:17:17:17,14604,14604000,14605000,1.0,server_sent
fd00::217:17:17:17,14616,14616000,14617000,1.0,server_sent
fd00::217:17:17:17,14626,14626000,14627000,1.0,server_sent
fd00::217:17:17:17,14665,14665000,14666000,4.0,server_sent
fd00::217:17:17:17,15264,15264000,15265000,60.0,server_sent
fd00::217:17:17:17,15274,15274000,15275000,1.0,server_sent
fd00::217:17:17:17,15298,15298000,15299000,2.0,server_sent
fd00::217:17:17:17,15794,15794000,15795000,50.0,server_sent
fd00::217:17:17:17,15811,15811000,15812000,2.0,server_sent
fd00::217:17:17:17,15975,15975000,15976000,16.0,server_sent
fd00::217:17:17:17,15988,15988000,15989000,1.0,server_sent
fd00::217:17:17:17,15997,15997000,15998000,1.0,server_sent
fd00::217:17:17:17,16008,16008000,16009000,1.0,server_sent
fd00::217:17:17:17,16019,16019000,16020000,1.0,server_sent
fd00::217:17:17:17,16032,16032000,16033000,2.0,server_sent
fd00::217:17:17:17,16041,16041000,16042000,1.0,server_sent
fd00::217:17:17:17,16052,16052000,16053000,1.0,server_sent
fd00::217:17:17:17,16062,16062000,16063000,1.0,server_sent
fd00::217:17:17:17,16078,16078000,16079000,1.0,server_sent
fd00::217:17:17:17,16088,16088000,16089000,1.0,server_sent
fd00::217:17:17:17,16094,16094000,16095000,1.0,server_sent
fd00::217:17:17:17,16106,16106000,16107000,1.0,server_sent
fd00::217:17:17:17,16117,16117000,16118000,1.0,server_sent
fd00::217:17:17:17,16126,16126000,16127000,1.0,server_sent
fd00::217:17:17:17,16385,16385000,16386000,26.0,server_sent
fd00::217:17:17:17,16396,16396000,16397000,1.0,server_sent
fd00::217:17:17:17,16407,16407000,16408000,1.0,server_sent
fd00::217:17:17:17,16418,16418000,16419000,1.0,server_sent
fd00::217:17:17:17,16429,16429000,16430000,1.0,server_sent
fd00::217:17:17:17,16444,16444000,16445000,2.0,server_sent
fd00::217:17:17:17,16451,16451000,16452000,1.0,server_sent
fd00::217:17:17:17,16461,16461000,16462000,1.0,server_sent
fd00::217:17:17:17,16472,16472000,16473000,1.0,server_sent
fd00::217:17:17:17,16486,16486000,16487000,1.0,server_sent
fd00::217:17:17:17,17286,17286000,17287000,80.0,server_sent
fd00::217:17:17:17,17294,17294000,17295000,1.0,server_sent
fd00::217:17:17:17,17304,17304000,17305000,1.0,server_sent
fd00::217:17:17:17,17427,17427000,17428000,12.0,server_sent
fd00::217:17:17:17,17435,17435000,17436000,1.0,server_sent
fd00::217:17:17:17,17596,17596000,17597000,16.0,server_sent
fd00::217:17:17:17,17605,17605000,17606000,1.0,server_sent
fd00::217:17:17:17,17616,17616000,17617000,1.0,server_sent
fd00::217:17:17:17,17627,17627000,17628000,1.0,server_sent
fd00::217:17:17:17,17645,17645000,17646000,2.0,server_sent
fd00::217:17:17:17,17664,17664000,17665000,2.0,server_sent
fd00::217:17:17:17,17972,17972000,17973000,31.0,server_sent
fd00::217:17:17:17,17983,17983000,17984000,1.0,server_sent
fd00::217:17:17:17,17994,17994000,17995000,1.0,server_sent
fd00::217:17:17:17,18005,18005000,18006000,1.0,server_sent
fd00::217:17:17:17,18016,18016000,18017000,1.0,server_sent
fd00::217:17:17:17,18027,18027000,18028000,1.0,server_sent
fd00::217:17:17:17,18037,18037000,18038000,1.0,server_sent
fd00::217:17:17:17,18048,18048000,18049000,1.0,server_sent
fd00::217:17:17:17,18058,18058000,18059000,1.0,server_sent
fd00::217:17:17:17,18069,18069000,18070000,1.0,server_sent
fd00::217:17:17:17,18080,18080000,18081000,2.0,server_sent
fd00::217:17:17:17,18091,18091000,18092000,1.0,server_sent
fd00::217:17:17:17,18106,18106000,18107000,1.0,server_sent
fd00::217:17:17:17,18119,18119000,18120000,1.0,server_sent
fd00::217:17:17:17,18189,18189000,18190000,7.0,server_sent
fd00::217:17:17:17,18194,18194000,18195000,1.0,server_sent
fd00::217:17:17:17,18199,18199000,18200000,0.0,server_sent
fd00::217:17:17:17,18502,18502000,18503000,31.0,server_sent
fd00::217:17:17:17,18514,18514000,18515000,1.0,server_sent
fd00::217:17:17:17,18526,18526000,18527000,1.0,server_sent
fd00::217:17:17:17,18534,18534000,18535000,1.0,server_sent
fd00::217:17:17:17,18545,18545000,18546000,1.0,server_sent
fd00::217:17:17:17,18555,18555000,18556000,1.0,server_sent
fd00::217:17:17:17,18768,18768000,18769000,21.0,server_sent
fd00::217:17:17:17,18922,18922000,18923000,16.0,server_sent
fd00::217:17:17:17,18933,18933000,18934000,1.0,server_sent
fd00::217:17:17:17,18946,18946000,18947000,1.0,server_sent
fd00::217:17:17:17,19386,19386000,19387000,44.0,server_sent
fd00::217:17:17:17,19397,19397000,19398000,1.0,server_sent
fd00::217:17:17:17,19408,19408000,19409000,1.0,server_sent
fd00::217:17:17:17,19418,19418000,19419000,1.0,server_sent
fd00::217:17:17:17,19436,19436000,19437000,2.0,server_sent
fd00::217:17:17:17,19441,19441000,19442000,1.0,server_sent
fd00::217:17:17:17,19454,19454000,19455000,1.0,server_sent
fd00::217:17:17:17,19462,19462000,19463000,1.0,server_sent
fd00::217:17:17:17,19475,19475000,19476000,1.0,server_sent
fd00::217:17:17:17,19486,19486000,19487000,1.0,server_sent
fd00::217:17:17:17,19495,19495000,19496000,1.0,server_sent
fd00::217:17:17:17,19509,19509000,19510000,1.0,server_sent
fd00::217:17:17:17,19527,19527000,19528000,2.0,server_sent
fd00::217:17:17:17,19819,19819000,19820000,29.0,server_sent
fd00::217:17:17:17,19829,19829000,19830000,1.0,server_sent
fd00::217:17:17:17,20077,20077000,20078000,25.0,server_sent
fd00::217:17:17:17,20088,20088000,20089000,1.0,server_sent
fd00::217:17:17:17,20102,20102000,20103000,2.0,server_sent
fd00::217:17:17:17,20114,20114000,20115000,1.0,server_sent
fd00::217:17:17:17,20139,20139000,20140000,2.0,server_sent
fd00::217:17:17:17,20455,20455000,20456000,32.0,server_sent
fd00::217:17:17:17,20466,20466000,20467000,1.0,server_sent
fd00::217:17:17:17,20498,20498000,20499000,3.0,server_sent
fd00::217:17:17:17,20512,20512000,20513000,2.0,server_sent
fd00::217:17:17:17,20854,20854000,20855000,34.0,server_sent
fd00::217:17:17:17,20865,20865000,20866000,1.0,server_sent
fd00::217:17:17:17,20881,20881000,20882000,2.0,server_sent
fd00::217:17:17:17,20887,20887000,20888000,0.0,server_sent
fd00::217:17:17:17,20899,20899000,20900000,1.0,server_sent
fd00::217:17:17:17,20908,20908000,20909000,1.0,server_sent
fd00::217:17:17:17,20919,20919000,20920000,1.0,server_sent
fd00::217:17:17:17,20931,20931000,20932000,2.0,server_sent
fd00::217:17:17:17,20948,20948000,20949000,1.0,server_sent
fd00::217:17:17:17,20954,20954000,20955000,1.0,server_sent
fd00::217:17:17:17,20962,20962000,20963000,1.0,server_sent
fd00::217:17:17:17,20974,20974000,20975000,1.0,server_sent
fd00::217:17:17:17,20984,20984000,20985000,1.0,server_sent
fd00::217:17:17:17,21008,21008000,21009000,2.0,server_sent
fd00::217:17:17:17,21243,21243000,21244000,24.0,server_sent
fd00::217:17:17:17,21253,21253000,21254000,1.0,server_sent
fd00::217:17:17:17,21265,21265000,21266000,1.0,server_sent
fd00::217:17:17:17,21275,21275000,21276000,1.0,server_sent
fd00::218:18:18:18,20,20000,21000,0.0,server_sent
fd00::218:18:18:18,31,31000,32000,1.0,server_sent
fd00::218:18:18:18,44,44000,45000,1.0,server_sent
fd00::218:18:18:18,52,52000,53000,1.0,server_sent
fd00::218:18:18:18,63,63000,64000,1.0,server_sent
fd00::218:18:18:18,77,77000,78000,1.0,server_sent
fd00::218:18:18:18,274,274000,275000,20.0,server_sent
fd00::218:18:18:18,285,285000,286000,1.0,server_sent
fd00::218:18:18:18,666,666000,667000,38.0,server_sent
fd00::218:18:18:18,676,676000,677000,1.0,server_sent
fd00::218:18:18:18,688,688000,689000,1.0,server_sent
fd00::218:18:18:18,697,697000,698000,1.0,server_sent
fd00::218:18:18:18,708,708000,709000,1.0,server_sent
fd00::218:18:18:18,718,718000,719000,1.0,server_sent
fd00::218:18:18:18,1036,1036000,1037000,32.0,server_sent
fd00::218:18:18:18,1046,1046000,1047000,1.0,server_sent
fd00::218:18:18:18,1057,1057000,1058000,1.0,server_sent
fd00::218:18:18:18,1068,1068000,1069000,1.0,server_sent
fd00::218:18:18:18,1078,1078000,1079000,1.0,server_sent
fd00::218:18:18:18,1089,1089000,1090000,1.0,server_sent
fd00::218:18:18:18,1099,1099000,1100000,1.0,server_sent
fd00::218:18:18:18,1110,1110000,1111000,2.0,server_sent
fd00::218:18:18:18,1137,1137000,1138000,2.0,server_sent
fd00::218:18:18:18,1154,1154000,1155000,2.0,server_sent
fd00::218:18:18:18,1163,1163000,1164000,1.0,server_sent
fd00::218:18:18:18,1177,1177000,1178000,1.0,server_sent
fd00::218:18:18:18,1184,1184000,1185000,1.0,server_sent
fd00::218:18:18:18,1226,1226000,1227000,4.0,server_sent
fd00::218:18:18:18,1235,1235000,1236000,1.0,server_sent
fd00::218:18:18:18,1237,1237000,1238000,0.0,server_sent
fd00::218:18:18:18,1247,1247000,1248000,1.0,server_sent
fd00::218:18:18:18,1258,1258000,1259000,1.0,server_sent
fd00::218:18:18:18,1269,1269000,1270000,1.0,server_sent
fd00::218:18:18:18,1279,1279000,1280000,1.0,server_sent
fd00::218:18:18:18,1292,1292000,1293000,2.0,server_sent
fd00::218:18:18:18,1301,1301000,1302000,1.0,server_sent
fd00::218:18:18:18,1314,1314000,1315000,1.0,server_sent
fd00::218:18:18:18,1321,1321000,1322000,1.0,server_sent
fd00::218:18:18:18,1336,1336000,1337000,1.0,server_sent
fd00::218:18:18:18,1342,1342000,1343000,1.0,server_sent
fd00::218:18:18:18,1353,1353000,1354000,1.0,server_sent
fd00::218:18:18:18,1365,1365000,1366000,1.0,server_sent
fd00::218:18:18:18,1374,1374000,1375000,1.0,server_sent
fd00::218:18:18:18,1385,1385000,1386000,1.0,server_sent
fd00::218:18:18:18,1395,1395000,1396000,1.0,server_sent
fd00::218:18:18:18,1406,1406000,1407000,1.0,server_sent
fd00::218:18:18:18,1417,1417000,1418000,1.0,server_sent
fd00::218:18:18:18,1427,1427000,1428000,1.0,server_sent
fd00::218:18:18:18,1438,1438000,1439000,1.0,server_sent
fd00::218:18:18:18,1629,1629000,1630000,19.0,server_sent
fd00::218:18:18:18,1639,1639000,1640000,1.0,server_sent
fd00::218:18:18:18,1649,1649000,1650000,1.0,server_sent
fd00::218:18:18:18,1661,1661000,1662000,2.0,server_sent
fd00::218:18:18:18,1698,1698000,1699000,3.0,server_sent
fd00::218:18:18:18,1884,1884000,1885000,19.0,server_sent
fd00::218:18:18:18,1893,1893000,1894000,1.0,server_sent
fd00::218:18:18:18,2095,2095000,2096000,20.0,server_sent
fd00::218:18:18:18,2105,2105000,2106000,1.0,server_sent
fd00::218:18:18:18,2115,2115000,2116000,1.0,server_sent
fd00::218:18:18:18,2129,2129000,2130000,1.0,server_sent
fd00::218:18:18:18,2136,2136000,2137000,1.0,server_sent
fd00::218:18:18:18,2146,2146000,2147000,1.0,server_sent
fd00::218:18:18:18,2157,2157000,2158000,1.0,server_sent
fd00::218:18:18:18,2167,2167000,2168000,1.0,server_sent
fd00::218:18:18:18,2178,2178000,2179000,1.0,server_sent
fd00::218:18:18:18,2728,2728000,2729000,55.0,server_sent
fd00::218:18:18:18,2919,2919000,2920000,19.0,server_sent
fd00::218:18:18:18,2931,2931000,2932000,2.0,server_sent
fd00::218:18:18:18,2940,2940000,2941000,1.0,server_sent
fd00::218:18:18:18,2971,2971000,2972000,3.0,server_sent
fd00::218:18:18:18,2982,2982000,2983000,1.0,server_sent
fd00::218:18:18:18,2998,2998000,2999000,1.0,server_sent
fd00::218:18:18:18,3011,3011000,3012000,2.0,server_sent
fd00::218:18:18:18,3088,3088000,3089000,7.0,server_sent
fd00::218:18:18:18,3491,3491000,3492000,41.0,server_sent
fd00::218:18:18:18,3505,3505000,3506000,1.0,server_sent
fd00::218:18:18:18,3514,3514000,3515000,1.0,server_sent
fd00::218:18:18:18,3527,3527000,3528000,1.0,server_sent
fd00::218:18:18:18,3532,3532000,3533000,1.0,server_sent
fd00::218:18:18:18,3544,3544000,3545000,1.0,server_sent
fd00::218:18:18:18,3882,3882000,3883000,34.0,server_sent
fd00::218:18:18:18,3894,3894000,3895000,1.0,server_sent
fd00::218:18:18:18,3902,3902000,3903000,1.0,server_sent
fd00::218:18:18:18,3916,3916000,3917000,1.0,server_sent
fd00::218:18:18:18,3925,3925000,3926000,1.0,server_sent
fd00::218:18:18:18,4886,4886000,4887000,96.0,server_sent
fd00::218:18:18:18,4896,4896000,4897000,1.0,server_sent
fd00::218:18:18:18,4907,4907000,4908000,1.0,server_sent
fd00::218:18:18:18,4922,4922000,4923000,2.0,server_sent
fd00::218:18:18:18,4929,4929000,4930000,0.0,server_sent
fd00::218:18:18:18,4939,4939000,4940000,1.0,server_sent
fd00::218:18:18:18,4953,4953000,4954000,2.0,server_sent
fd00::218:18:18:18,4962,4962000,4963000,1.0,server_sent
fd00::218:18:18:18,4971,4971000,4972000,1.0,server_sent
fd00::218:18:18:18,4984,4984000,4985000,1.0,server_sent
fd00::218:18:18:18,4992,4992000,4993000,1.0,server_sent
fd00::218:18:18:18,5005,5005000,5006000,1.0,server_sent
fd00::218:18:18:18,5013,5013000,5014000,1.0,server_sent
fd00::218:18:18:18,5023,5023000,5024000,1.0,server_sent
fd00::218:18:18:18,5034,5034000,5035000,1.0,server_sent
fd00::218:18:18:18,5047,5047000,5048000,1.0,server_sent
fd00::218:18:18:18,5098,5098000,5099000,5.0,server_sent
fd00::218:18:18:18,5114,5114000,5115000,2.0,server_sent
fd00::218:18:18:18,6155,6155000,6156000,104.0,server_sent
fd00::218:18:18:18,6166,6166000,6167000,1.0,server_sent
fd00::218:18:18:18,6176,6176000,6177000,1.0,server_sent
fd00::218:18:18:18,6187,6187000,6188000,1.0,server_sent
fd00::218:18:18:18,6197,6197000,6198000,1.0,server_sent
fd00::218:18:18:18,7038,7038000,7039000,84.0,server_sent
fd00::218:18:18:18,7055,7055000,7056000,2.0,server_sent
fd00::218:18:18:18,7066,7066000,7067000,1.0,server_sent
fd00::218:18:18:18,7255,7255000,7256000,19.0,server_sent
fd00::218:18:18:18,7266,7266000,7267000,1.0,server_sent
fd00::218:18:18:18,7278,7278000,7279000,1.0,server_sent
fd00::218:18:18:18,7287,7287000,7288000,1.0,server_sent
fd00::218:18:18:18,7298,7298000,7299000,1.0,server_sent
fd00::218:18:18:18,7308,7308000,7309000,1.0,server_sent
fd00::218:18:18:18,7319,7319000,7320000,1.0,server_sent
fd00::218:18:18:18,7329,7329000,7330000,1.0,server_sent
fd00::218:18:18:18,7459,7459000,7460000,13.0,server_sent
fd00::218:18:18:18,7689,7689000,7690000,23.0,server_sent
fd00::218:18:18:18,7701,7701000,7702000,2.0,server_sent
fd00::218:18:18:18,7978,7978000,7979000,27.0,server_sent
fd00::218:18:18:18,8145,8145000,8146000,17.0,server_sent
fd00::218:18:18:18,8159,8159000,8160000,1.0,server_sent
fd00::218:18:18:18,8165,8165000,8166000,1.0,server_sent
fd00::218:18:18:18,8176,8176000,8177000,1.0,server_sent
fd00::218:18:18:18,8186,8186000,8187000,1.0,server_sent
fd00::218:18:18:18,8196,8196000,8197000,1.0,server_sent
fd00::218:18:18:18,8592,8592000,8593000,40.0,server_sent
fd00::218:18:18:18,8604,8604000,8605000,1.0,server_sent
fd00::218:18:18:18,8609,8609000,8610000,0.0,server_sent
fd00::218:18:18:18,8625,8625000,8626000,2.0,server_sent
fd00::218:18:18:18,8632,8632000,8633000,1.0,server_sent
fd00::218:18:18:18,8645,8645000,8646000,1.0,server_sent
fd00::218:18:18:18,8659,8659000,8660000,1.0,server_sent
fd00::218:18:18:18,8873,8873000,8874000,22.0,server_sent
fd00::218:18:18:18,8884,8884000,8885000,1.0,server_sent
fd00::218:18:18:18,8895,8895000,8896000,1.0,server_sent
fd00::218:18:18:18,8905,8905000,8906000,1.0,server_sent
fd00::218:18:18:18,8919,8919000,8920000,1.0,server_sent
fd00::218:18:18:18,8926,8926000,8927000,1.0,server_sent
fd00::218:18:18:18,8937,8937000,8938000,1.0,server_sent
fd00::218:18:18:18,8947,8947000,8948000,1.0,server_sent
fd00::218:18:18:18,8958,8958000,8959000,1.0,server_sent
fd00::218:18:18:18,8977,8977000,8978000,2.0,server_sent
fd00::218:18:18:18,8979,8979000,8980000,0.0,server_sent
fd00::218:18:18:18,8991,8991000,8992000,2.0,server_sent
fd00::218:18:18:18,9004,9004000,9005000,1.0,server_sent
fd00::218:18:18:18,9014,9014000,9015000,1.0,server_sent
fd00::218:18:18:18,9026,9026000,9027000,1.0,server_sent
fd00::218:18:18:18,9037,9037000,9038000,1.0,server_sent
fd00::218:18:18:18,9057,9057000,9058000,2.0,server_sent
fd00::218:18:18:18,9413,9413000,9414000,36.0,server_sent
fd00::218:18:18:18,9424,9424000,9425000,1.0,server_sent
fd00::218:18:18:18,9435,9435000,9436000,1.0,server_sent
fd00::218:18:18:18,9445,9445000,9446000,1.0,server_sent
fd00::218:18:18:18,9455,9455000,9456000,1.0,server_sent
fd00::218:18:18:18,9466,9466000,9467000,1.0,server_sent
fd00::218:18:18:18,9477,9477000,9478000,1.0,server_sent
fd00::218:18:18:18,9487,9487000,9488000,1.0,server_sent
fd00::218:18:18:18,9497,9497000,9498000,1.0,server_sent
fd00::218:18:18:18,9508,9508000,9509000,1.0,server_sent
fd00::218:18:18:18,9519,9519000,9520000,1.0,server_sent
fd00::218:18:18:18,9529,9529000,9530000,1.0,server_sent
fd00::218:18:18:18,9541,9541000,9542000,2.0,server_sent
fd00::218:18:18:18,9551,9551000,9552000,1.0,server_sent
fd00::218:18:18:18,9562,9562000,9563000,1.0,server_sent
fd00::218:18:18:18,9573,9573000,9574000,1.0,server_sent
fd00::218:18:18:18,9582,9582000,9583000,1.0,server_sent
fd00::218:18:18:18,9593,9593000,9594000,1.0,server_sent
fd00::218:18:18:18,9608,9608000,9609000,1.0,server_sent
fd00::218:18:18:18,9622,9622000,9623000,2.0,server_sent
fd00::218:18:18:18,9628,9628000,9629000,0.0,server_sent
fd00::218:18:18:18,9643,9643000,9644000,2.0,server_sent
fd00::218:18:18:18,9646,9646000,9647000,0.0,server_sent
fd00::218:18:18:18,9656,9656000,9657000,1.0,server_sent
fd00::218:18:18:18,9667,9667000,9668000,1.0,server_sent
fd00::218:18:18:18,9677,9677000,9678000,1.0,server_sent
fd00::218:18:18:18,9688,9688000,9689000,1.0,server_sent
fd00::218:18:18:18,9698,9698000,9699000,1.0,server_sent
fd00::218:18:18:18,9713,9713000,9714000,2.0,server_sent
fd00::218:18:18:18,9723,9723000,9724000,1.0,server_sent
fd00::218:18:18:18,9730,9730000,9731000,1.0,server_sent
fd00::218:18:18:18,9743,9743000,9744000,1.0,server_sent
fd00::218:18:18:18,9751,9751000,9752000,1.0,server_sent
fd00::218:18:18:18,9762,9762000,9763000,1.0,server_sent
fd00::218:18:18:18,9773,9773000,9774000,1.0,server_sent
fd00::218:18:18:18,9783,9783000,9784000,1.0,server_sent
fd00::218:18:18:18,9794,9794000,9795000,1.0,server_sent
fd00::218:18:18:18,9805,9805000,9806000,1.0,server_sent
fd00::218:18:18:18,9815,9815000,9816000,1.0,server_sent
fd00::218:18:18:18,9825,9825000,9826000,1.0,server_sent
fd00::218:18:18:18,9842,9842000,9843000,2.0,server_sent
fd00::218:18:18:18,9847,9847000,9848000,0.0,server_sent
fd00::218:18:18:18,9857,9857000,9858000,1.0,server_sent
fd00::218:18:18:18,9868,9868000,9869000,1.0,server_sent
fd00::218:18:18:18,9878,9878000,9879000,1.0,server_sent
fd00::218:18:18:18,10259,10259000,10260000,38.0,server_sent
fd00::218:18:18:18,10269,10269000,10270000,1.0,server_sent
fd00::218:18:18:18,10280,10280000,10281000,2.0,server_sent
fd00::218:18:18:18,10297,10297000,10298000,1.0,server_sent
fd00::218:18:18:18,10303,10303000,10304000,1.0,server_sent
fd00::218:18:18:18,10315,10315000,10316000,1.0,server_sent
fd00::218:18:18:18,10325,10325000,10326000,1.0,server_sent
fd00::218:18:18:18,10333,10333000,10334000,1.0,server_sent
fd00::218:18:18:18,10356,10356000,10357000,2.0,server_sent
fd00::218:18:18:18,10365,10365000,10366000,1.0,server_sent
fd00::218:18:18:18,10376,10376000,10377000,1.0,server_sent
fd00::218:18:18:18,10386,10386000,10387000,1.0,server_sent
fd00::218:18:18:18,10396,10396000,10397000,1.0,server_sent
fd00::218:18:18:18,10423,10423000,10424000,3.0,server_sent
fd00::218:18:18:18,10449,10449000,10450000,2.0,server_sent
fd00::218:18:18:18,10462,10462000,10463000,2.0,server_sent
fd00::218:18:18:18,10872,10872000,10873000,41.0,server_sent
fd00::218:18:18:18,10887,10887000,10888000,1.0,server_sent
fd00::218:18:18:18,10894,10894000,10895000,1.0,server_sent
fd00::218:18:18:18,10909,10909000,10910000,1.0,server_sent
fd00::218:18:18:18,11400,11400000,11401000,50.0,server_sent
fd00::218:18:18:18,11408,11408000,11409000,0.0,server_sent
fd00::218:18:18:18,11436,11436000,11437000,3.0,server_sent
fd00::218:18:18:18,11856,11856000,11857000,42.0,server_sent
fd00::218:18:18:18,11867,11867000,11868000,1.0,server_sent
fd00::218:18:18:18,11877,11877000,11878000,1.0,server_sent
fd00::218:18:18:18,11888,11888000,11889000,1.0,server_sent
fd00::218:18:18:18,11902,11902000,11903000,2.0,server_sent
fd00::218:18:18:18,11909,11909000,11910000,0.0,server_sent
fd00::218:18:18:18,11920,11920000,11921000,2.0,server_sent
fd00::218:18:18:18,11930,11930000,11931000,1.0,server_sent
fd00::218:18:18:18,11941,11941000,11942000,1.0,server_sent
fd00::218:18:18:18,11952,11952000,11953000,1.0,server_sent
fd00::218:18:18:18,11968,11968000,11969000,1.0,server_sent
fd00::218:18:18:18,11972,11972000,11973000,1.0,server_sent
fd00::218:18:18:18,11983,11983000,11984000,1.0,server_sent
fd00::218:18:18:18,11994,11994000,11995000,1.0,server_sent
fd00::218:18:18:18,12005,12005000,12006000,1.0,server_sent
fd00::218:18:18:18,12019,12019000,12020000,1.0,server_sent
fd00::218:18:18:18,12025,12025000,12026000,1.0,server_sent
fd00::218:18:18:18,12322,12322000,12323000,30.0,server_sent
fd00::218:18:18:18,12332,12332000,12333000,1.0,server_sent
fd00::218:18:18:18,12352,12352000,12353000,2.0,server_sent
fd00::218:18:18:18,12373,12373000,12374000,2.0,server_sent
fd00::218:18:18:18,12725,12725000,12726000,35.0,server_sent
fd00::218:18:18:18,12776,12776000,12777000,5.0,server_sent
fd00::218:18:18:18,12787,12787000,12788000,1.0,server_sent
fd00::218:18:18:18,12797,12797000,12798000,1.0,server_sent
fd00::218:18:18:18,12808,12808000,12809000,1.0,server_sent
fd00::218:18:18:18,12819,12819000,12820000,1.0,server_sent
fd00::218:18:18:18,12829,12829000,12830000,1.0,server_sent
fd00::218:18:18:18,12843,12843000,12844000,2.0,server_sent
fd00::218:18:18:18,12854,12854000,12855000,1.0,server_sent
fd00::218:18:18:18,12865,12865000,12866000,1.0,server_sent
fd00::218:18:18:18,12874,12874000,12875000,1.0,server_sent
fd00::218:18:18:18,12882,12882000,12883000,1.0,server_sent
fd00::218:18:18:18,12894,12894000,12895000,1.0,server_sent
fd00::218:18:18:18,12905,12905000,12906000,1.0,server_sent
fd00::218:18:18:18,12915,12915000,12916000,1.0,server_sent
fd00::218:18:18:18,12943,12943000,12944000,3.0,server_sent
fd00::218:18:18:18,13199,13199000,13200000,25.0,server_sent
fd00::218:18:18:18,13213,13213000,13214000,2.0,server_sent
fd00::218:18:18:18,13224,13224000,13225000,1.0,server_sent
fd00::218:18:18:18,13358,13358000,13359000,13.0,server_sent
fd00::218:18:18:18,13376,13376000,13377000,2.0,server_sent
fd00::218:18:18:18,13380,13380000,13381000,1.0,server_sent
fd00::218:18:18:18,13390,13390000,13391000,1.0,server_sent
fd00::218:18:18:18,13402,13402000,13403000,1.0,server_sent
fd00::218:18:18:18,13718,13718000,13719000,31.0,server_sent
fd00::218:18:18:18,13728,13728000,13729000,1.0,server_sent
fd00::218:18:18:18,13996,13996000,13997000,27.0,server_sent
fd00::218:18:18:18,14183,14183000,14184000,19.0,server_sent
fd00::218:18:18:18,14194,14194000,14195000,1.0,server_sent
fd00::218:18:18:18,14204,14204000,14205000,1.0,server_sent
fd00::218:18:18:18,14215,14215000,14216000,1.0,server_sent
fd00::218:18:18:18,14225,14225000,14226000,1.0,server_sent
fd00::218:18:18:18,14259,14259000,14260000,3.0,server_sent
fd00::218:18:18:18,14429,14429000,14430000,17.0,server_sent
fd00::218:18:18:18,14647,14647000,14648000,22.0,server_sent
fd00::218:18:18:18,15044,15044000,15045000,40.0,server_sent
fd00::218:18:18:18,15054,15054000,15055000,1.0,server_sent
fd00::218:18:18:18,15063,15063000,15064000,1.0,server_sent
fd00::218:18:18:18,15072,15072000,15073000,1.0,server_sent
fd00::218:18:18:18,15082,15082000,15083000,1.0,server_sent
fd00::218:18:18:18,15096,15096000,15097000,1.0,server_sent
fd00::218:18:18:18,15103,15103000,15104000,1.0,server_sent
fd00::218:18:18:18,15114,15114000,15115000,1.0,server_sent
fd00::218:18:18:18,15125,15125000,15126000,1.0,server_sent
fd00::218:18:18:18,15135,15135000,15136000,1.0,server_sent
fd00::218:18:18:18,15147,15147000,15148000,1.0,server_sent
fd00::218:18:18:18,15162,15162000,15163000,2.0,server_sent
fd00::218:18:18:18,15200,15200000,15201000,4.0,server_sent
fd00::218:18:18:18,15413,15413000,15414000,21.0,server_sent
fd00::218:18:18:18,15422,15422000,15423000,1.0,server_sent
fd00::218:18:18:18,15433,15433000,15434000,1.0,server_sent
fd00::218:18:18:18,15656,15656000,15657000,22.0,server_sent
fd00::218:18:18:18,15664,15664000,15665000,1.0,server_sent
fd00::218:18:18:18,15675,15675000,15676000,1.0,server_sent
fd00::218:18:18:18,15689,15689000,15690000,1.0,server_sent
fd00::218:18:18:18,15698,15698000,15699000,1.0,server_sent
fd00::218:18:18:18,15707,15707000,15708000,1.0,server_sent
fd00::218:18:18:18,15717,15717000,15718000,1.0,server_sent
fd00::218:18:18:18,15730,15730000,15731000,2.0,server_sent
fd00::218:18:18:18,15738,15738000,15739000,0.0,server_sent
fd00::218:18:18:18,15753,15753000,15754000,2.0,server_sent
fd00::218:18:18:18,15759,15759000,15760000,0.0,server_sent
fd00::218:18:18:18,15775,15775000,15776000,2.0,server_sent
fd00::218:18:18:18,15780,15780000,15781000,1.0,server_sent
fd00::218:18:18:18,15792,15792000,15793000,1.0,server_sent
fd00::218:18:18:18,15807,15807000,15808000,1.0,server_sent
fd00::218:18:18:18,15819,15819000,15820000,1.0,server_sent
fd00::218:18:18:18,16235,16235000,16236000,42.0,server_sent
fd00::218:18:18:18,16246,16246000,16247000,1.0,server_sent
fd00::218:18:18:18,16266,16266000,16267000,2.0,server_sent
fd00::218:18:18:18,16616,16616000,16617000,35.0,server_sent
fd00::218:18:18:18,16627,16627000,16628000,1.0,server_sent
fd00::218:18:18:18,16637,16637000,16638000,1.0,server_sent
fd00::218:18:18:18,16648,16648000,16649000,1.0,server_sent
fd00::218:18:18:18,16658,16658000,16659000,1.0,server_sent
fd00::218:18:18:18,16669,16669000,16670000,1.0,server_sent
fd00::218:18:18:18,16679,16679000,16680000,1.0,server_sent
fd00::218:18:18:18,16691,16691000,16692000,2.0,server_sent
fd00::218:18:18:18,16700,16700000,16701000,1.0,server_sent
fd00::218:18:18:18,16713,16713000,16714000,1.0,server_sent
fd00::218:18:18:18,16735,16735000,16736000,2.0,server_sent
fd00::218:18:18:18,16753,16753000,16754000,2.0,server_sent
fd00::218:18:18:18,16764,16764000,16765000,1.0,server_sent
fd00::218:18:18:18,16775,16775000,16776000,1.0,server_sent
fd00::218:18:18:18,16789,16789000,16790000,1.0,server_sent
fd00::218:18:18:18,16796,16796000,16797000,1.0,server_sent
fd00::218:18:18:18,16818,16818000,16819000,2.0,server_sent
fd00::218:18:18:18,17197,17197000,17198000,38.0,server_sent
fd00::218:18:18:18,17208,17208000,17209000,1.0,server_sent
fd00::218:18:18:18,17222,17222000,17223000,2.0,server_sent
fd00::218:18:18:18,17229,17229000,17230000,0.0,server_sent
fd00::218:18:18:18,17243,17243000,17244000,2.0,server_sent
fd00::218:18:18:18,17253,17253000,17254000,1.0,server_sent
fd00::218:18:18:18,17705,17705000,17706000,45.0,server_sent
fd00::218:18:18:18,17716,17716000,17717000,1.0,server_sent
fd00::218:18:18:18,17726,17726000,17727000,1.0,server_sent
fd00::218:18:18:18,17737,17737000,17738000,1.0,server_sent
fd00::218:18:18:18,17747,17747000,17748000,1.0,server_sent
fd00::218:18:18:18,17758,17758000,17759000,1.0,server_sent
fd00::218:18:18:18,17769,17769000,17770000,1.0,server_sent
fd00::218:18:18:18,17780,17780000,17781000,2.0,server_sent
fd00::218:18:18:18,18287,18287000,18288000,50.0,server_sent
fd00::218:18:18:18,18297,18297000,18298000,1.0,server_sent
fd00::218:18:18:18,18308,18308000,18309000,1.0,server_sent
fd00::218:18:18:18,18319,18319000,18320000,1.0,server_sent
fd00::218:18:18:18,18329,18329000,18330000,1.0,server_sent
fd00::218:18:18:18,18341,18341000,18342000,2.0,server_sent
fd00::218:18:18:18,18352,18352000,18353000,1.0,server_sent
fd00::218:18:18:18,18361,18361000,18362000,1.0,server_sent
fd00::218:18:18:18,18373,18373000,18374000,1.0,server_sent
fd00::218:18:18:18,18386,18386000,18387000,1.0,server_sent
fd00::218:18:18:18,18586,18586000,18587000,20.0,server_sent
fd00::218:18:18:18,18837,18837000,18838000,25.0,server_sent
fd00::218:18:18:18,18847,18847000,18848000,1.0,server_sent
fd00::218:18:18:18,18858,18858000,18859000,1.0,server_sent
fd00::218:18:18:18,18869,18869000,18870000,1.0,server_sent
fd00::218:18:18:18,18879,18879000,18880000,1.0,server_sent
fd00::218:18:18:18,18893,18893000,18894000,2.0,server_sent
fd00::218:18:18:18,18904,18904000,18905000,1.0,server_sent
fd00::218:18:18:18,18911,18911000,18912000,1.0,server_sent
fd00::218:18:18:18,18925,18925000,18926000,1.0,server_sent
fd00::218:18:18:18,18935,18935000,18936000,1.0,server_sent
fd00::218:18:18:18,18948,18948000,18949000,1.0,server_sent
fd00::218:18:18:18,18959,18959000,18960000,1.0,server_sent
fd00::218:18:18:18,18967,18967000,18968000,1.0,server_sent
fd00::218:18:18:18,18975,18975000,18976000,1.0,server_sent
fd00::218:18:18:18,18986,18986000,18987000,1.0,server_sent
fd00::218:18:18:18,18996,18996000,18997000,1.0,server_sent
fd00::218:18:18:18,19006,19006000,19007000,1.0,server_sent
fd00::218:18:18:18,19017,19017000,19018000,1.0,server_sent
fd00::218:18:18:18,19029,19029000,19030000,1.0,server_sent
fd00::218:18:18:18,19038,19038000,19039000,1.0,server_sent
fd00::218:18:18:18,19055,19055000,19056000,2.0,server_sent
fd00::218:18:18:18,19239,19239000,19240000,18.0,server_sent
fd00::218:18:18:18,19249,19249000,19250000,1.0,server_sent
fd00::218:18:18:18,19263,19263000,19264000,2.0,server_sent
fd00::218:18:18:18,19273,19273000,19274000,1.0,server_sent
fd00::218:18:18:18,19525,19525000,19526000,25.0,server_sent
fd00::218:18:18:18,19527,19527000,19528000,0.0,server_sent
fd00::218:18:18:18,19916,19916000,19917000,39.0,server_sent
fd00::218:18:18:18,19926,19926000,19927000,1.0,server_sent
fd00::218:18:18:18,19938,19938000,19939000,1.0,server_sent
fd00::218:18:18:18,19947,19947000,19948000,1.0,server_sent
fd00::218:18:18:18,20138,20138000,20139000,19.0,server_sent
fd00::218:18:18:18,20159,20159000,20160000,2.0,server_sent
fd00::218:18:18:18,20176,20176000,20177000,2.0,server_sent
fd00::218:18:18:18,20180,20180000,20181000,1.0,server_sent
fd00::218:18:18:18,20194,20194000,20195000,1.0,server_sent
fd00::218:18:18:18,20201,20201000,20202000,1.0,server_sent
fd00::218:18:18:18,20212,20212000,20213000,1.0,server_sent
fd00::218:18:18:18,20223,20223000,20224000,1.0,server_sent
fd00::218:18:18:18,20233,20233000,20234000,1.0,server_sent
fd00::218:18:18:18,20252,20252000,20253000,2.0,server_sent
fd00::218:18:18:18,21567,21567000,21568000,131.0,server_sent
fd00::218:18:18:18,21585,21585000,21586000,2.0,server_sent
fd00::219:19:19:19,43,43000,44000,0.0,server_sent
fd00::219:19:19:19,59,59000,60000,1.0,server_sent
fd00::219:19:19:19,707,707000,708000,65.0,server_sent
fd00::219:19:19:19,717,717000,718000,1.0,server_sent
fd00::219:19:19:19,1425,1425000,1426000,71.0,server_sent
fd00::219:19:19:19,1438,1438000,1439000,1.0,server_sent
fd00::219:19:19:19,1449,1449000,1450000,1.0,server_sent
fd00::219:19:19:19,1667,1667000,1668000,22.0,server_sent
fd00::219:19:19:19,1688,1688000,1689000,2.0,server_sent
fd00::219:19:19:19,1689,1689000,1690000,0.0,server_sent
fd00::219:19:19:19,10282,10282000,10283000,860.0,server_sent
fd00::219:19:19:19,10304,10304000,10305000,2.0,server_sent
fd00::219:19:19:19,10344,10344000,10345000,4.0,server_sent
fd00::219:19:19:19,11438,11438000,11439000,109.0,server_sent
fd00::219:19:19:19,12039,12039000,12040000,60.0,server_sent
fd00::219:19:19:19,12854,12854000,12855000,82.0,server_sent
fd00::219:19:19:19,12865,12865000,12866000,1.0,server_sent
fd00::219:19:19:19,12874,12874000,12875000,1.0,server_sent
fd00::219:19:19:19,12886,12886000,12887000,1.0,server_sent
fd00::219:19:19:19,12897,12897000,12898000,1.0,server_sent
fd00::219:19:19:19,12907,12907000,12908000,1.0,server_sent
fd00::219:19:19:19,12917,12917000,12918000,1.0,server_sent
fd00::219:19:19:19,13745,13745000,13746000,83.0,server_sent
fd00::219:19:19:19,15065,15065000,15066000,132.0,server_sent
fd00::219:19:19:19,15075,15075000,15076000,1.0,server_sent
fd00::219:19:19:19,15082,15082000,15083000,1.0,server_sent
fd00::219:19:19:19,15713,15713000,15714000,63.0,server_sent
fd00::219:19:19:19,15726,15726000,15727000,1.0,server_sent
fd00::219:19:19:19,16763,16763000,16764000,104.0,server_sent
fd00::219:19:19:19,16773,16773000,16774000,1.0,server_sent
fd00::219:19:19:19,16789,16789000,16790000,1.0,server_sent
fd00::219:19:19:19,16804,16804000,16805000,2.0,server_sent
fd00::219:19:19:19,19934,19934000,19935000,313.0,server_sent
fd00::21a:1a:1a:1a,75,75000,76000,0.0,server_sent
fd00::21a:1a:1a:1a,776,776000,777000,70.0,server_sent
fd00::21a:1a:1a:1a,10327,10327000,10328000,955.0,server_sent
fd00::21a:1a:1a:1a,10354,10354000,10355000,3.0,server_sent
fd00::21b:1b:1b:1b,45,45000,46000,0.0,server_sent
fd00::21b:1b:1b:1b,58,58000,59000,1.0,server_sent
fd00::21b:1b:1b:1b,64,64000,65000,1.0,server_sent
fd00::21b:1b:1b:1b,123,123000,124000,6.0,server_sent
fd00::21b:1b:1b:1b,6213,6213000,6214000,609.0,server_sent
fd00::21b:1b:1b:1b,6226,6226000,6227000,1.0,server_sent
fd00::21b:1b:1b:1b,6275,6275000,6276000,5.0,server_sent
fd00::21b:1b:1b:1b,6311,6311000,6312000,4.0,server_sent
fd00::21b:1b:1b:1b,6449,6449000,6450000,13.0,server_sent
fd00::21b:1b:1b:1b,6461,6461000,6462000,2.0,server_sent
fd00::21b:1b:1b:1b,7648,7648000,7649000,118.0,server_sent
fd00::21b:1b:1b:1b,10137,10137000,10138000,249.0,server_sent
fd00::21b:1b:1b:1b,11392,11392000,11393000,126.0,server_sent
fd00::21b:1b:1b:1b,11402,11402000,11403000,1.0,server_sent
fd00::21b:1b:1b:1b,14245,14245000,14246000,284.0,server_sent
fd00::21b:1b:1b:1b,16046,16046000,16047000,180.0,server_sent
fd00::21b:1b:1b:1b,16054,16054000,16055000,1.0,server_sent
fd00::21b:1b:1b:1b,16063,16063000,16064000,1.0,server_sent
fd00::21b:1b:1b:1b,16455,16455000,16456000,39.0,server_sent
fd00::21b:1b:1b:1b,16465,16465000,16466000,1.0,server_sent
fd00::21b:1b:1b:1b,16475,16475000,16476000,1.0,server_sent
fd00::21c:1c:1c:1c,34,34000,35000,0.0,server_sent
fd00::21c:1c:1c:1c,43,43000,44000,1.0,server_sent
fd00::21c:1c:1c:1c,57,57000,58000,1.0,server_sent
fd00::21c:1c:1c:1c,93,93000,94000,4.0,server_sent
fd00::21c:1c:1c:1c,105,105000,106000,1.0,server_sent
fd00::21c:1c:1c:1c,126,126000,127000,2.0,server_sent
fd00::21c:1c:1c:1c,657,657000,658000,53.0,server_sent
fd00::21c:1c:1c:1c,667,667000,668000,1.0,server_sent
fd00::21c:1c:1c:1c,678,678000,679000,1.0,server_sent
fd00::21c:1c:1c:1c,688,688000,689000,1.0,server_sent
fd00::21c:1c:1c:1c,699,699000,700000,1.0,server_sent
fd00::21c:1c:1c:1c,724,724000,725000,3.0,server_sent
fd00::21c:1c:1c:1c,826,826000,827000,10.0,server_sent
fd00::21c:1c:1c:1c,837,837000,838000,1.0,server_sent
fd00::21c:1c:1c:1c,847,847000,848000,1.0,server_sent
fd00::21c:1c:1c:1c,858,858000,859000,1.0,server_sent
fd00::21c:1c:1c:1c,868,868000,869000,1.0,server_sent
fd00::21c:1c:1c:1c,879,879000,880000,1.0,server_sent
fd00::21c:1c:1c:1c,889,889000,890000,1.0,server_sent
fd00::21c:1c:1c:1c,902,902000,903000,2.0,server_sent
fd00::21c:1c:1c:1c,912,912000,913000,1.0,server_sent
fd00::21c:1c:1c:1c,937,937000,938000,2.0,server_sent
fd00::21c:1c:1c:1c,943,943000,944000,1.0,server_sent
fd00::21c:1c:1c:1c,951,951000,952000,1.0,server_sent
fd00::21c:1c:1c:1c,1181,1181000,1182000,23.0,server_sent
fd00::21c:1c:1c:1c,1186,1186000,1187000,0.0,server_sent
fd00::21c:1c:1c:1c,1367,1367000,1368000,18.0,server_sent
fd00::21c:1c:1c:1c,1377,1377000,1378000,1.0,server_sent
fd00::21c:1c:1c:1c,1387,1387000,1388000,1.0,server_sent
fd00::21c:1c:1c:1c,1404,1404000,1405000,2.0,server_sent
fd00::21c:1c:1c:1c,1409,1409000,1410000,0.0,server_sent
fd00::21c:1c:1c:1c,1419,1419000,1420000,1.0,server_sent
fd00::21c:1c:1c:1c,1432,1432000,1433000,2.0,server_sent
fd00::21c:1c:1c:1c,1441,1441000,1442000,1.0,server_sent
fd00::21c:1c:1c:1c,1455,1455000,1456000,1.0,server_sent
fd00::21c:1c:1c:1c,1631,1631000,1632000,18.0,server_sent
fd00::21c:1c:1c:1c,1644,1644000,1645000,1.0,server_sent
fd00::21c:1c:1c:1c,1653,1653000,1654000,1.0,server_sent
fd00::21c:1c:1c:1c,1663,1663000,1664000,1.0,server_sent
fd00::21c:1c:1c:1c,1886,1886000,1887000,22.0,server_sent
fd00::21c:1c:1c:1c,1897,1897000,1898000,1.0,server_sent
fd00::21c:1c:1c:1c,1908,1908000,1909000,1.0,server_sent
fd00::21c:1c:1c:1c,1919,1919000,1920000,1.0,server_sent
fd00::21c:1c:1c:1c,1928,1928000,1929000,1.0,server_sent
fd00::21c:1c:1c:1c,1939,1939000,1940000,1.0,server_sent
fd00::21c:1c:1c:1c,1949,1949000,1950000,1.0,server_sent
fd00::21c:1c:1c:1c,1960,1960000,1961000,2.0,server_sent
fd00::21c:1c:1c:1c,2384,2384000,2385000,42.0,server_sent
fd00::21c:1c:1c:1c,2405,2405000,2406000,2.0,server_sent
fd00::21c:1c:1c:1c,3099,3099000,3100000,69.0,server_sent
fd00::21c:1c:1c:1c,3401,3401000,3402000,31.0,server_sent
fd00::21c:1c:1c:1c,3577,3577000,3578000,17.0,server_sent
fd00::21c:1c:1c:1c,3878,3878000,3879000,30.0,server_sent
fd00::21c:1c:1c:1c,3888,3888000,3889000,1.0,server_sent
fd00::21c:1c:1c:1c,3936,3936000,3937000,5.0,server_sent
fd00::21c:1c:1c:1c,6199,6199000,6200000,226.0,server_sent
fd00::21c:1c:1c:1c,6213,6213000,6214000,2.0,server_sent
fd00::21c:1c:1c:1c,6227,6227000,6228000,1.0,server_sent
fd00::21c:1c:1c:1c,6275,6275000,6276000,5.0,server_sent
fd00::21c:1c:1c:1c,6297,6297000,6298000,2.0,server_sent
fd00::21c:1c:1c:1c,6415,6415000,6416000,12.0,server_sent
fd00::21c:1c:1c:1c,6422,6422000,6423000,1.0,server_sent
fd00::21c:1c:1c:1c,6443,6443000,6444000,2.0,server_sent
fd00::21c:1c:1c:1c,6461,6461000,6462000,2.0,server_sent
fd00::21c:1c:1c:1c,6463,6463000,6464000,0.0,server_sent
fd00::21c:1c:1c:1c,6464,6464000,6465000,0.0,server_sent
fd00::21c:1c:1c:1c,7534,7534000,7535000,107.0,server_sent
fd00::21c:1c:1c:1c,7544,7544000,7545000,1.0,server_sent
fd00::21c:1c:1c:1c,7559,7559000,7560000,1.0,server_sent
fd00::21c:1c:1c:1c,7573,7573000,7574000,2.0,server_sent
fd00::21c:1c:1c:1c,7578,7578000,7579000,0.0,server_sent
fd00::21c:1c:1c:1c,7588,7588000,7589000,1.0,server_sent
fd00::21c:1c:1c:1c,7597,7597000,7598000,1.0,server_sent
fd00::21c:1c:1c:1c,7611,7611000,7612000,2.0,server_sent
fd00::21c:1c:1c:1c,7619,7619000,7620000,0.0,server_sent
fd00::21c:1c:1c:1c,7629,7629000,7630000,1.0,server_sent
fd00::21c:1c:1c:1c,7647,7647000,7648000,2.0,server_sent
fd00::21c:1c:1c:1c,7661,7661000,7662000,2.0,server_sent
fd00::21c:1c:1c:1c,9064,9064000,9065000,140.0,server_sent
fd00::21c:1c:1c:1c,9072,9072000,9073000,1.0,server_sent
fd00::21c:1c:1c:1c,9083,9083000,9084000,1.0,server_sent
fd00::21c:1c:1c:1c,9092,9092000,9093000,1.0,server_sent
fd00::21c:1c:1c:1c,9106,9106000,9107000,1.0,server_sent
fd00::21c:1c:1c:1c,9113,9113000,9114000,1.0,server_sent
fd00::21c:1c:1c:1c,9124,9124000,9125000,1.0,server_sent
fd00::21c:1c:1c:1c,9134,9134000,9135000,1.0,server_sent
fd00::21c:1c:1c:1c,9145,9145000,9146000,1.0,server_sent
fd00::21c:1c:1c:1c,9155,9155000,9156000,1.0,server_sent
fd00::21c:1c:1c:1c,9166,9166000,9167000,1.0,server_sent
fd00::21c:1c:1c:1c,9176,9176000,9177000,1.0,server_sent
fd00::21c:1c:1c:1c,9187,9187000,9188000,1.0,server_sent
fd00::21c:1c:1c:1c,9198,9198000,9199000,1.0,server_sent
fd00::21c:1c:1c:1c,9208,9208000,9209000,1.0,server_sent
fd00::21c:1c:1c:1c,9219,9219000,9220000,1.0,server_sent
fd00::21c:1c:1c:1c,9229,9229000,9230000,1.0,server_sent
fd00::21c:1c:1c:1c,9240,9240000,9241000,2.0,server_sent
fd00::21c:1c:1c:1c,9251,9251000,9252000,1.0,server_sent
fd00::21c:1c:1c:1c,9264,9264000,9265000,1.0,server_sent
fd00::21c:1c:1c:1c,9274,9274000,9275000,1.0,server_sent
fd00::21c:1c:1c:1c,9286,9286000,9287000,1.0,server_sent
fd00::21c:1c:1c:1c,9295,9295000,9296000,1.0,server_sent
fd00::21c:1c:1c:1c,9305,9305000,9306000,1.0,server_sent
fd00::21c:1c:1c:1c,9315,9315000,9316000,1.0,server_sent
fd00::21c:1c:1c:1c,9325,9325000,9326000,1.0,server_sent
fd00::21c:1c:1c:1c,9335,9335000,9336000,1.0,server_sent
fd00::21c:1c:1c:1c,9346,9346000,9347000,1.0,server_sent
fd00::21c:1c:1c:1c,9356,9356000,9357000,1.0,server_sent
fd00::21c:1c:1c:1c,9367,9367000,9368000,1.0,server_sent
fd00::21c:1c:1c:1c,9378,9378000,9379000,1.0,server_sent
fd00::21c:1c:1c:1c,9388,9388000,9389000,1.0,server_sent
fd00::21c:1c:1c:1c,9399,9399000,9400000,1.0,server_sent
fd00::21c:1c:1c:1c,9409,9409000,9410000,1.0,server_sent
fd00::21c:1c:1c:1c,9423,9423000,9424000,2.0,server_sent
fd00::21c:1c:1c:1c,9432,9432000,9433000,1.0,server_sent
fd00::21c:1c:1c:1c,9441,9441000,9442000,1.0,server_sent
fd00::21c:1c:1c:1c,9454,9454000,9455000,1.0,server_sent
fd00::21c:1c:1c:1c,9464,9464000,9465000,1.0,server_sent
fd00::21c:1c:1c:1c,9474,9474000,9475000,1.0,server_sent
fd00::21c:1c:1c:1c,9484,9484000,9485000,1.0,server_sent
fd00::21c:1c:1c:1c,9494,9494000,9495000,1.0,server_sent
fd00::21c:1c:1c:1c,9505,9505000,9506000,1.0,server_sent
fd00::21c:1c:1c:1c,9516,9516000,9517000,1.0,server_sent
fd00::21c:1c:1c:1c,9526,9526000,9527000,1.0,server_sent
fd00::21c:1c:1c:1c,9537,9537000,9538000,1.0,server_sent
fd00::21c:1c:1c:1c,9547,9547000,9548000,1.0,server_sent
fd00::21c:1c:1c:1c,9558,9558000,9559000,1.0,server_sent
fd00::21c:1c:1c:1c,9568,9568000,9569000,1.0,server_sent
fd00::21c:1c:1c:1c,9579,9579000,9580000,1.0,server_sent
fd00::21c:1c:1c:1c,9590,9590000,9591000,2.0,server_sent
fd00::21c:1c:1c:1c,9601,9601000,9602000,1.0,server_sent
fd00::21c:1c:1c:1c,9615,9615000,9616000,1.0,server_sent
fd00::21c:1c:1c:1c,9812,9812000,9813000,20.0,server_sent
fd00::21c:1c:1c:1c,9824,9824000,9825000,1.0,server_sent
fd00::21c:1c:1c:1c,9834,9834000,9835000,1.0,server_sent
fd00::21c:1c:1c:1c,9844,9844000,9845000,1.0,server_sent
fd00::21c:1c:1c:1c,9869,9869000,9870000,2.0,server_sent
fd00::21c:1c:1c:1c,10024,10024000,10025000,16.0,server_sent
fd00::21c:1c:1c:1c,10035,10035000,10036000,1.0,server_sent
fd00::21c:1c:1c:1c,10045,10045000,10046000,1.0,server_sent
fd00::21c:1c:1c:1c,10056,10056000,10057000,1.0,server_sent
fd00::21c:1c:1c:1c,10066,10066000,10067000,1.0,server_sent
fd00::21c:1c:1c:1c,10077,10077000,10078000,1.0,server_sent
fd00::21c:1c:1c:1c,10088,10088000,10089000,1.0,server_sent
fd00::21c:1c:1c:1c,10099,10099000,10100000,1.0,server_sent
fd00::21c:1c:1c:1c,10118,10118000,10119000,2.0,server_sent
fd00::21c:1c:1c:1c,10310,10310000,10311000,20.0,server_sent
fd00::21c:1c:1c:1c,10325,10325000,10326000,1.0,server_sent
fd00::21c:1c:1c:1c,10332,10332000,10333000,1.0,server_sent
fd00::21c:1c:1c:1c,10666,10666000,10667000,33.0,server_sent
fd00::21c:1c:1c:1c,10673,10673000,10674000,1.0,server_sent
fd00::21c:1c:1c:1c,10683,10683000,10684000,1.0,server_sent
fd00::21c:1c:1c:1c,10693,10693000,10694000,1.0,server_sent
fd00::21c:1c:1c:1c,11031,11031000,11032000,34.0,server_sent
fd00::21c:1c:1c:1c,11285,11285000,11286000,25.0,server_sent
fd00::21c:1c:1c:1c,11296,11296000,11297000,1.0,server_sent
fd00::21c:1c:1c:1c,11319,11319000,11320000,2.0,server_sent
fd00::21c:1c:1c:1c,11333,11333000,11334000,2.0,server_sent
fd00::21c:1c:1c:1c,11339,11339000,11340000,0.0,server_sent
fd00::21c:1c:1c:1c,11354,11354000,11355000,2.0,server_sent
fd00::21c:1c:1c:1c,11359,11359000,11360000,0.0,server_sent
fd00::21c:1c:1c:1c,11370,11370000,11371000,2.0,server_sent
fd00::21c:1c:1c:1c,11382,11382000,11383000,1.0,server_sent
fd00::21c:1c:1c:1c,11391,11391000,11392000,1.0,server_sent
fd00::21c:1c:1c:1c,11402,11402000,11403000,1.0,server_sent
fd00::21c:1c:1c:1c,11435,11435000,11436000,3.0,server_sent
fd00::21c:1c:1c:1c,11439,11439000,11440000,0.0,server_sent
fd00::21c:1c:1c:1c,11635,11635000,11636000,20.0,server_sent
fd00::21c:1c:1c:1c,11647,11647000,11648000,1.0,server_sent
fd00::21c:1c:1c:1c,11656,11656000,11657000,1.0,server_sent
fd00::21c:1c:1c:1c,11700,11700000,11701000,5.0,server_sent
fd00::21c:1c:1c:1c,12154,12154000,12155000,45.0,server_sent
fd00::21c:1c:1c:1c,12166,12166000,12167000,1.0,server_sent
fd00::21c:1c:1c:1c,12182,12182000,12183000,2.0,server_sent
fd00::21c:1c:1c:1c,12196,12196000,12197000,1.0,server_sent
fd00::21c:1c:1c:1c,12548,12548000,12549000,35.0,server_sent
fd00::21c:1c:1c:1c,12574,12574000,12575000,3.0,server_sent
fd00::21c:1c:1c:1c,12642,12642000,12643000,7.0,server_sent
fd00::21c:1c:1c:1c,12659,12659000,12660000,1.0,server_sent
fd00::21c:1c:1c:1c,12663,12663000,12664000,1.0,server_sent
fd00::21c:1c:1c:1c,12673,12673000,12674000,1.0,server_sent
fd00::21c:1c:1c:1c,12684,12684000,12685000,1.0,server_sent
fd00::21c:1c:1c:1c,12694,12694000,12695000,1.0,server_sent
fd00::21c:1c:1c:1c,12706,12706000,12707000,1.0,server_sent
fd00::21c:1c:1c:1c,12716,12716000,12717000,1.0,server_sent
fd00::21c:1c:1c:1c,12729,12729000,12730000,1.0,server_sent
fd00::21c:1c:1c:1c,12896,12896000,12897000,17.0,server_sent
fd00::21c:1c:1c:1c,12907,12907000,12908000,1.0,server_sent
fd00::21c:1c:1c:1c,12917,12917000,12918000,1.0,server_sent
fd00::21c:1c:1c:1c,13098,13098000,13099000,18.0,server_sent
fd00::21c:1c:1c:1c,13108,13108000,13109000,1.0,server_sent
fd00::21c:1c:1c:1c,13119,13119000,13120000,1.0,server_sent
fd00::21c:1c:1c:1c,13129,13129000,13130000,1.0,server_sent
fd00::21c:1c:1c:1c,13143,13143000,13144000,2.0,server_sent
fd00::21c:1c:1c:1c,13156,13156000,13157000,1.0,server_sent
fd00::21c:1c:1c:1c,13163,13163000,13164000,1.0,server_sent
fd00::21c:1c:1c:1c,13172,13172000,13173000,1.0,server_sent
fd00::21c:1c:1c:1c,13182,13182000,13183000,1.0,server_sent
fd00::21c:1c:1c:1c,13193,13193000,13194000,1.0,server_sent
fd00::21c:1c:1c:1c,14057,14057000,14058000,86.0,server_sent
fd00::21c:1c:1c:1c,14316,14316000,14317000,26.0,server_sent
fd00::21c:1c:1c:1c,14333,14333000,14334000,2.0,server_sent
fd00::21c:1c:1c:1c,14497,14497000,14498000,16.0,server_sent
fd00::21c:1c:1c:1c,14507,14507000,14508000,1.0,server_sent
fd00::21c:1c:1c:1c,14526,14526000,14527000,2.0,server_sent
fd00::21c:1c:1c:1c,15407,15407000,15408000,88.0,server_sent
fd00::21c:1c:1c:1c,15418,15418000,15419000,1.0,server_sent
fd00::21c:1c:1c:1c,15430,15430000,15431000,2.0,server_sent
fd00::21c:1c:1c:1c,15537,15537000,15538000,10.0,server_sent
fd00::21c:1c:1c:1c,15928,15928000,15929000,39.0,server_sent
fd00::21c:1c:1c:1c,16435,16435000,16436000,51.0,server_sent
fd00::21c:1c:1c:1c,16447,16447000,16448000,1.0,server_sent
fd00::21c:1c:1c:1c,16459,16459000,16460000,1.0,server_sent
fd00::21c:1c:1c:1c,16467,16467000,16468000,1.0,server_sent
fd00::21c:1c:1c:1c,16478,16478000,16479000,1.0,server_sent
fd00::21c:1c:1c:1c,16489,16489000,16490000,1.0,server_sent
fd00::21c:1c:1c:1c,16502,16502000,16503000,2.0,server_sent
fd00::21c:1c:1c:1c,16838,16838000,16839000,33.0,server_sent
fd00::21c:1c:1c:1c,16853,16853000,16854000,2.0,server_sent
fd00::21c:1c:1c:1c,16864,16864000,16865000,1.0,server_sent
fd00::21c:1c:1c:1c,16874,16874000,16875000,1.0,server_sent
fd00::21c:1c:1c:1c,16924,16924000,16925000,5.0,server_sent
fd00::21c:1c:1c:1c,16943,16943000,16944000,2.0,server_sent
fd00::21c:1c:1c:1c,17412,17412000,17413000,47.0,server_sent
fd00::21c:1c:1c:1c,17425,17425000,17426000,1.0,server_sent
fd00::21c:1c:1c:1c,17431,17431000,17432000,1.0,server_sent
fd00::21c:1c:1c:1c,17449,17449000,17450000,1.0,server_sent
fd00::21c:1c:1c:1c,17696,17696000,17697000,25.0,server_sent
fd00::21c:1c:1c:1c,17707,17707000,17708000,1.0,server_sent
fd00::21c:1c:1c:1c,17721,17721000,17722000,2.0,server_sent
fd00::21c:1c:1c:1c,17728,17728000,17729000,0.0,server_sent
fd00::21c:1c:1c:1c,17739,17739000,17740000,1.0,server_sent
fd00::21c:1c:1c:1c,17749,17749000,17750000,1.0,server_sent
fd00::21c:1c:1c:1c,17978,17978000,17979000,23.0,server_sent
fd00::21c:1c:1c:1c,18046,18046000,18047000,7.0,server_sent
fd00::21c:1c:1c:1c,18049,18049000,18050000,0.0,server_sent
fd00::21c:1c:1c:1c,18072,18072000,18073000,3.0,server_sent
fd00::21c:1c:1c:1c,18079,18079000,18080000,0.0,server_sent
fd00::21c:1c:1c:1c,18105,18105000,18106000,3.0,server_sent
fd00::21c:1c:1c:1c,18375,18375000,18376000,27.0,server_sent
fd00::21c:1c:1c:1c,18388,18388000,18389000,1.0,server_sent
fd00::21c:1c:1c:1c,18396,18396000,18397000,1.0,server_sent
fd00::21c:1c:1c:1c,18406,18406000,18407000,1.0,server_sent
fd00::21c:1c:1c:1c,18417,18417000,18418000,1.0,server_sent
fd00::21c:1c:1c:1c,18427,18427000,18428000,1.0,server_sent
fd00::21c:1c:1c:1c,18438,18438000,18439000,1.0,server_sent
fd00::21c:1c:1c:1c,18449,18449000,18450000,1.0,server_sent
fd00::21c:1c:1c:1c,18459,18459000,18460000,1.0,server_sent
fd00::21c:1c:1c:1c,18472,18472000,18473000,2.0,server_sent
fd00::21c:1c:1c:1c,18575,18575000,18576000,10.0,server_sent
fd00::21c:1c:1c:1c,18767,18767000,18768000,19.0,server_sent
fd00::21c:1c:1c:1c,18777,18777000,18778000,1.0,server_sent
fd00::21c:1c:1c:1c,18788,18788000,18789000,1.0,server_sent
fd00::21c:1c:1c:1c,18798,18798000,18799000,1.0,server_sent
fd00::21c:1c:1c:1c,18809,18809000,18810000,1.0,server_sent
fd00::21c:1c:1c:1c,18822,18822000,18823000,2.0,server_sent
fd00::21c:1c:1c:1c,19042,19042000,19043000,22.0,server_sent
fd00::21c:1c:1c:1c,19057,19057000,19058000,1.0,server_sent
fd00::21c:1c:1c:1c,19063,19063000,19064000,1.0,server_sent
fd00::21c:1c:1c:1c,19074,19074000,19075000,1.0,server_sent
fd00::21c:1c:1c:1c,19088,19088000,19089000,1.0,server_sent
fd00::21c:1c:1c:1c,19255,19255000,19256000,17.0,server_sent
fd00::21c:1c:1c:1c,19276,19276000,19277000,2.0,server_sent
fd00::21c:1c:1c:1c,19283,19283000,19284000,1.0,server_sent
fd00::21c:1c:1c:1c,19297,19297000,19298000,1.0,server_sent
fd00::21c:1c:1c:1c,19304,19304000,19305000,1.0,server_sent
fd00::21c:1c:1c:1c,19331,19331000,19332000,3.0,server_sent
fd00::21c:1c:1c:1c,19509,19509000,19510000,17.0,server_sent
fd00::21c:1c:1c:1c,19520,19520000,19521000,2.0,server_sent
fd00::21c:1c:1c:1c,19531,19531000,19532000,1.0,server_sent
fd00::21c:1c:1c:1c,19542,19542000,19543000,1.0,server_sent
fd00::21c:1c:1c:1c,19552,19552000,19553000,1.0,server_sent
fd00::21c:1c:1c:1c,19563,19563000,19564000,1.0,server_sent
fd00::21c:1c:1c:1c,19572,19572000,19573000,1.0,server_sent
fd00::21c:1c:1c:1c,19585,19585000,19586000,1.0,server_sent
fd00::21c:1c:1c:1c,19593,19593000,19594000,1.0,server_sent
fd00::21c:1c:1c:1c,19605,19605000,19606000,1.0,server_sent
fd00::21c:1c:1c:1c,19618,19618000,19619000,1.0,server_sent
fd00::21c:1c:1c:1c,19625,19625000,19626000,1.0,server_sent
fd00::21c:1c:1c:1c,19639,19639000,19640000,1.0,server_sent
fd00::21c:1c:1c:1c,19646,19646000,19647000,1.0,server_sent
fd00::21c:1c:1c:1c,19657,19657000,19658000,1.0,server_sent
fd00::21c:1c:1c:1c,19667,19667000,19668000,1.0,server_sent
fd00::21c:1c:1c:1c,19678,19678000,19679000,1.0,server_sent
fd00::21c:1c:1c:1c,19689,19689000,19690000,1.0,server_sent
fd00::21c:1c:1c:1c,19699,19699000,19700000,1.0,server_sent
fd00::21c:1c:1c:1c,19710,19710000,19711000,2.0,server_sent
fd00::21c:1c:1c:1c,19724,19724000,19725000,1.0,server_sent
fd00::21c:1c:1c:1c,19731,19731000,19732000,1.0,server_sent
fd00::21c:1c:1c:1c,19742,19742000,19743000,1.0,server_sent
fd00::21c:1c:1c:1c,19753,19753000,19754000,1.0,server_sent
fd00::21c:1c:1c:1c,19773,19773000,19774000,2.0,server_sent
fd00::21c:1c:1c:1c,19938,19938000,19939000,16.0,server_sent
fd00::21c:1c:1c:1c,20462,20462000,20463000,53.0,server_sent
fd00::21c:1c:1c:1c,20480,20480000,20481000,2.0,server_sent
fd00::21c:1c:1c:1c,20695,20695000,20696000,21.0,server_sent
fd00::21c:1c:1c:1c,20706,20706000,20707000,1.0,server_sent
fd00::21c:1c:1c:1c,20728,20728000,20729000,2.0,server_sent
fd00::21c:1c:1c:1c,20738,20738000,20739000,1.0,server_sent
fd00::21c:1c:1c:1c,20748,20748000,20749000,1.0,server_sent
fd00::21c:1c:1c:1c,20759,20759000,20760000,1.0,server_sent
fd00::21c:1c:1c:1c,20770,20770000,20771000,2.0,server_sent
fd00::21c:1c:1c:1c,20793,20793000,20794000,2.0,server_sent
fd00::21c:1c:1c:1c,20801,20801000,20802000,1.0,server_sent
fd00::21c:1c:1c:1c,20812,20812000,20813000,1.0,server_sent
fd00::21c:1c:1c:1c,20822,20822000,20823000,1.0,server_sent
fd00::21c:1c:1c:1c,20834,20834000,20835000,1.0,server_sent
fd00::21c:1c:1c:1c,20849,20849000,20850000,1.0,server_sent
fd00::21c:1c:1c:1c,20854,20854000,20855000,1.0,server_sent
fd00::21c:1c:1c:1c,20868,20868000,20869000,1.0,server_sent
fd00::21c:1c:1c:1c,20878,20878000,20879000,1.0,server_sent
fd00::21c:1c:1c:1c,21247,21247000,21248000,37.0,server_sent
fd00::21c:1c:1c:1c,21257,21257000,21258000,1.0,server_sent
fd00::21d:1d:1d:1d,22,22000,23000,0.0,server_sent
fd00::21d:1d:1d:1d,38,38000,39000,1.0,server_sent
fd00::21d:1d:1d:1d,44,44000,45000,1.0,server_sent
fd00::21d:1d:1d:1d,59,59000,60000,1.0,server_sent
fd00::21d:1d:1d:1d,74,74000,75000,2.0,server_sent
fd00::21d:1d:1d:1d,239,239000,240000,16.0,server_sent
fd00::21d:1d:1d:1d,255,255000,256000,2.0,server_sent
fd00::21d:1d:1d:1d,269,269000,270000,1.0,server_sent
fd00::21d:1d:1d:1d,479,479000,480000,21.0,server_sent
fd00::21d:1d:1d:1d,491,491000,492000,2.0,server_sent
fd00::21d:1d:1d:1d,511,511000,512000,2.0,server_sent
fd00::21d:1d:1d:1d,686,686000,687000,17.0,server_sent
fd00::21d:1d:1d:1d,697,697000,698000,1.0,server_sent
fd00::21d:1d:1d:1d,707,707000,708000,1.0,server_sent
fd00::21d:1d:1d:1d,718,718000,719000,1.0,server_sent
fd00::21d:1d:1d:1d,1104,1104000,1105000,39.0,server_sent
fd00::21d:1d:1d:1d,1116,1116000,1117000,1.0,server_sent
fd00::21d:1d:1d:1d,1127,1127000,1128000,1.0,server_sent
fd00::21d:1d:1d:1d,1132,1132000,1133000,1.0,server_sent
fd00::21d:1d:1d:1d,1145,1145000,1146000,1.0,server_sent
fd00::21d:1d:1d:1d,1154,1154000,1155000,1.0,server_sent
fd00::21d:1d:1d:1d,1165,1165000,1166000,1.0,server_sent
fd00::21d:1d:1d:1d,1178,1178000,1179000,1.0,server_sent
fd00::21d:1d:1d:1d,1186,1186000,1187000,1.0,server_sent
fd00::21d:1d:1d:1d,1404,1404000,1405000,22.0,server_sent
fd00::21d:1d:1d:1d,1416,1416000,1417000,1.0,server_sent
fd00::21d:1d:1d:1d,1426,1426000,1427000,1.0,server_sent
fd00::21d:1d:1d:1d,1437,1437000,1438000,1.0,server_sent
fd00::21d:1d:1d:1d,1449,1449000,1450000,1.0,server_sent
fd00::21d:1d:1d:1d,1623,1623000,1624000,18.0,server_sent
fd00::21d:1d:1d:1d,1637,1637000,1638000,1.0,server_sent
fd00::21d:1d:1d:1d,1644,1644000,1645000,1.0,server_sent
fd00::21d:1d:1d:1d,1655,1655000,1656000,1.0,server_sent
fd00::21d:1d:1d:1d,1667,1667000,1668000,1.0,server_sent
fd00::21d:1d:1d:1d,1688,1688000,1689000,2.0,server_sent
fd00::21d:1d:1d:1d,2395,2395000,2396000,71.0,server_sent
fd00::21d:1d:1d:1d,2406,2406000,2407000,1.0,server_sent
fd00::21d:1d:1d:1d,2419,2419000,2420000,1.0,server_sent
fd00::21d:1d:1d:1d,3085,3085000,3086000,67.0,server_sent
fd00::21d:1d:1d:1d,3093,3093000,3094000,1.0,server_sent
fd00::21d:1d:1d:1d,3103,3103000,3104000,1.0,server_sent
fd00::21d:1d:1d:1d,3114,3114000,3115000,1.0,server_sent
fd00::21d:1d:1d:1d,3148,3148000,3149000,3.0,server_sent
fd00::21d:1d:1d:1d,3519,3519000,3520000,37.0,server_sent
fd00::21d:1d:1d:1d,3527,3527000,3528000,1.0,server_sent
fd00::21d:1d:1d:1d,3538,3538000,3539000,1.0,server_sent
fd00::21d:1d:1d:1d,3778,3778000,3779000,24.0,server_sent
fd00::21d:1d:1d:1d,3788,3788000,3789000,1.0,server_sent
fd00::21d:1d:1d:1d,3799,3799000,3800000,1.0,server_sent
fd00::21d:1d:1d:1d,3814,3814000,3815000,2.0,server_sent
fd00::21d:1d:1d:1d,3835,3835000,3836000,2.0,server_sent
fd00::21d:1d:1d:1d,4344,4344000,4345000,51.0,server_sent
fd00::21d:1d:1d:1d,4357,4357000,4358000,1.0,server_sent
fd00::21d:1d:1d:1d,4572,4572000,4573000,22.0,server_sent
fd00::21d:1d:1d:1d,4587,4587000,4588000,1.0,server_sent
fd00::21d:1d:1d:1d,4595,4595000,4596000,1.0,server_sent
fd00::21d:1d:1d:1d,4605,4605000,4606000,1.0,server_sent
fd00::21d:1d:1d:1d,4616,4616000,4617000,1.0,server_sent
fd00::21d:1d:1d:1d,4636,4636000,4637000,2.0,server_sent
fd00::21d:1d:1d:1d,4946,4946000,4947000,31.0,server_sent
fd00::21d:1d:1d:1d,4954,4954000,4955000,1.0,server_sent
fd00::21d:1d:1d:1d,4971,4971000,4972000,2.0,server_sent
fd00::21d:1d:1d:1d,5770,5770000,5771000,80.0,server_sent
fd00::21d:1d:1d:1d,5781,5781000,5782000,1.0,server_sent
fd00::21d:1d:1d:1d,5792,5792000,5793000,1.0,server_sent
fd00::21d:1d:1d:1d,5803,5803000,5804000,1.0,server_sent
fd00::21d:1d:1d:1d,5814,5814000,5815000,1.0,server_sent
fd00::21d:1d:1d:1d,5824,5824000,5825000,1.0,server_sent
fd00::21d:1d:1d:1d,5835,5835000,5836000,1.0,server_sent
fd00::21d:1d:1d:1d,5846,5846000,5847000,1.0,server_sent
fd00::21d:1d:1d:1d,5857,5857000,5858000,1.0,server_sent
fd00::21d:1d:1d:1d,5869,5869000,5870000,1.0,server_sent
fd00::21d:1d:1d:1d,5879,5879000,5880000,1.0,server_sent
fd00::21d:1d:1d:1d,5892,5892000,5893000,2.0,server_sent
fd00::21d:1d:1d:1d,5913,5913000,5914000,2.0,server_sent
fd00::21d:1d:1d:1d,6195,6195000,6196000,28.0,server_sent
fd00::21d:1d:1d:1d,6205,6205000,6206000,1.0,server_sent
fd00::21d:1d:1d:1d,6218,6218000,6219000,1.0,server_sent
fd00::21d:1d:1d:1d,6248,6248000,6249000,3.0,server_sent
fd00::21d:1d:1d:1d,6393,6393000,6394000,15.0,server_sent
fd00::21d:1d:1d:1d,6405,6405000,6406000,1.0,server_sent
fd00::21d:1d:1d:1d,6413,6413000,6414000,1.0,server_sent
fd00::21d:1d:1d:1d,6423,6423000,6424000,1.0,server_sent
fd00::21d:1d:1d:1d,6434,6434000,6435000,1.0,server_sent
fd00::21d:1d:1d:1d,6445,6445000,6446000,1.0,server_sent
fd00::21d:1d:1d:1d,6456,6456000,6457000,1.0,server_sent
fd00::21d:1d:1d:1d,6468,6468000,6469000,1.0,server_sent
fd00::21d:1d:1d:1d,6478,6478000,6479000,1.0,server_sent
fd00::21d:1d:1d:1d,7675,7675000,7676000,120.0,server_sent
fd00::21d:1d:1d:1d,7688,7688000,7689000,1.0,server_sent
fd00::21d:1d:1d:1d,8155,8155000,8156000,47.0,server_sent
fd00::21d:1d:1d:1d,8166,8166000,8167000,1.0,server_sent
fd00::21d:1d:1d:1d,8176,8176000,8177000,1.0,server_sent
fd00::21d:1d:1d:1d,8339,8339000,8340000,16.0,server_sent
fd00::21d:1d:1d:1d,8352,8352000,8353000,2.0,server_sent
fd00::21d:1d:1d:1d,8361,8361000,8362000,1.0,server_sent
fd00::21d:1d:1d:1d,8373,8373000,8374000,1.0,server_sent
fd00::21d:1d:1d:1d,8383,8383000,8384000,1.0,server_sent
fd00::21d:1d:1d:1d,8397,8397000,8398000,1.0,server_sent
fd00::21d:1d:1d:1d,8405,8405000,8406000,1.0,server_sent
fd00::21d:1d:1d:1d,8415,8415000,8416000,1.0,server_sent
fd00::21d:1d:1d:1d,8429,8429000,8430000,1.0,server_sent
fd00::21d:1d:1d:1d,8438,8438000,8439000,1.0,server_sent
fd00::21d:1d:1d:1d,8448,8448000,8449000,1.0,server_sent
fd00::21d:1d:1d:1d,8604,8604000,8605000,16.0,server_sent
fd00::21d:1d:1d:1d,8616,8616000,8617000,1.0,server_sent
fd00::21d:1d:1d:1d,8627,8627000,8628000,1.0,server_sent
fd00::21d:1d:1d:1d,8638,8638000,8639000,1.0,server_sent
fd00::21d:1d:1d:1d,8851,8851000,8852000,22.0,server_sent
fd00::21d:1d:1d:1d,9156,9156000,9157000,30.0,server_sent
fd00::21d:1d:1d:1d,9333,9333000,9334000,18.0,server_sent
fd00::21d:1d:1d:1d,9341,9341000,9342000,1.0,server_sent
fd00::21d:1d:1d:1d,9352,9352000,9353000,1.0,server_sent
fd00::21d:1d:1d:1d,9364,9364000,9365000,1.0,server_sent
fd00::21d:1d:1d:1d,9373,9373000,9374000,1.0,server_sent
fd00::21d:1d:1d:1d,9384,9384000,9385000,1.0,server_sent
fd00::21d:1d:1d:1d,9395,9395000,9396000,1.0,server_sent
fd00::21d:1d:1d:1d,9406,9406000,9407000,1.0,server_sent
fd00::21d:1d:1d:1d,9417,9417000,9418000,1.0,server_sent
fd00::21d:1d:1d:1d,9428,9428000,9429000,1.0,server_sent
fd00::21d:1d:1d:1d,9439,9439000,9440000,1.0,server_sent
fd00::21d:1d:1d:1d,9452,9452000,9453000,2.0,server_sent
fd00::21d:1d:1d:1d,9462,9462000,9463000,1.0,server_sent
fd00::21d:1d:1d:1d,9474,9474000,9475000,1.0,server_sent
fd00::21d:1d:1d:1d,9483,9483000,9484000,1.0,server_sent
fd00::21d:1d:1d:1d,9494,9494000,9495000,1.0,server_sent
fd00::21d:1d:1d:1d,9504,9504000,9505000,1.0,server_sent
fd00::21d:1d:1d:1d,9515,9515000,9516000,1.0,server_sent
fd00::21d:1d:1d:1d,9527,9527000,9528000,1.0,server_sent
fd00::21d:1d:1d:1d,9537,9537000,9538000,1.0,server_sent
fd00::21d:1d:1d:1d,9548,9548000,9549000,1.0,server_sent
fd00::21d:1d:1d:1d,9567,9567000,9568000,2.0,server_sent
fd00::21d:1d:1d:1d,9722,9722000,9723000,16.0,server_sent
fd00::21d:1d:1d:1d,9736,9736000,9737000,1.0,server_sent
fd00::21d:1d:1d:1d,9745,9745000,9746000,1.0,server_sent
fd00::21d:1d:1d:1d,9762,9762000,9763000,2.0,server_sent
fd00::21d:1d:1d:1d,9768,9768000,9769000,0.0,server_sent
fd00::21d:1d:1d:1d,9776,9776000,9777000,1.0,server_sent
fd00::21d:1d:1d:1d,10103,10103000,10104000,33.0,server_sent
fd00::21d:1d:1d:1d,10107,10107000,10108000,0.0,server_sent
fd00::21d:1d:1d:1d,10126,10126000,10127000,2.0,server_sent
fd00::21d:1d:1d:1d,10299,10299000,10300000,17.0,server_sent
fd00::21d:1d:1d:1d,10311,10311000,10312000,2.0,server_sent
fd00::21d:1d:1d:1d,10334,10334000,10335000,2.0,server_sent
fd00::21d:1d:1d:1d,10354,10354000,10355000,2.0,server_sent
fd00::21d:1d:1d:1d,10365,10365000,10366000,1.0,server_sent
fd00::21d:1d:1d:1d,10375,10375000,10376000,1.0,server_sent
fd00::21d:1d:1d:1d,10387,10387000,10388000,1.0,server_sent
fd00::21d:1d:1d:1d,10398,10398000,10399000,1.0,server_sent
fd00::21d:1d:1d:1d,10413,10413000,10414000,2.0,server_sent
fd00::21d:1d:1d:1d,10756,10756000,10757000,34.0,server_sent
fd00::21d:1d:1d:1d,10771,10771000,10772000,2.0,server_sent
fd00::21d:1d:1d:1d,11099,11099000,11100000,32.0,server_sent
fd00::21d:1d:1d:1d,11116,11116000,11117000,2.0,server_sent
fd00::21d:1d:1d:1d,11301,11301000,11302000,19.0,server_sent
fd00::21d:1d:1d:1d,11313,11313000,11314000,1.0,server_sent
fd00::21d:1d:1d:1d,11323,11323000,11324000,1.0,server_sent
fd00::21d:1d:1d:1d,11336,11336000,11337000,1.0,server_sent
fd00::21d:1d:1d:1d,11344,11344000,11345000,1.0,server_sent
fd00::21d:1d:1d:1d,11355,11355000,11356000,1.0,server_sent
fd00::21d:1d:1d:1d,11366,11366000,11367000,1.0,server_sent
fd00::21d:1d:1d:1d,11377,11377000,11378000,1.0,server_sent
fd00::21d:1d:1d:1d,11388,11388000,11389000,1.0,server_sent
fd00::21d:1d:1d:1d,11403,11403000,11404000,2.0,server_sent
fd00::21d:1d:1d:1d,11412,11412000,11413000,1.0,server_sent
fd00::21d:1d:1d:1d,11616,11616000,11617000,20.0,server_sent
fd00::21d:1d:1d:1d,11627,11627000,11628000,1.0,server_sent
fd00::21d:1d:1d:1d,11638,11638000,11639000,1.0,server_sent
fd00::21d:1d:1d:1d,11649,11649000,11650000,1.0,server_sent
fd00::21d:1d:1d:1d,11663,11663000,11664000,2.0,server_sent
fd00::21d:1d:1d:1d,11671,11671000,11672000,1.0,server_sent
fd00::21d:1d:1d:1d,11687,11687000,11688000,1.0,server_sent
fd00::21d:1d:1d:1d,11697,11697000,11698000,1.0,server_sent
fd00::21d:1d:1d:1d,11711,11711000,11712000,2.0,server_sent
fd00::21d:1d:1d:1d,11725,11725000,11726000,1.0,server_sent
fd00::21d:1d:1d:1d,11905,11905000,11906000,18.0,server_sent
fd00::21d:1d:1d:1d,11912,11912000,11913000,1.0,server_sent
fd00::21d:1d:1d:1d,11921,11921000,11922000,1.0,server_sent
fd00::21d:1d:1d:1d,11932,11932000,11933000,1.0,server_sent
fd00::21d:1d:1d:1d,12314,12314000,12315000,38.0,server_sent
fd00::21d:1d:1d:1d,12333,12333000,12334000,2.0,server_sent
fd00::21d:1d:1d:1d,12532,12532000,12533000,20.0,server_sent
fd00::21d:1d:1d:1d,12547,12547000,12548000,1.0,server_sent
fd00::21d:1d:1d:1d,12554,12554000,12555000,1.0,server_sent
fd00::21d:1d:1d:1d,12572,12572000,12573000,2.0,server_sent
fd00::21d:1d:1d:1d,12804,12804000,12805000,23.0,server_sent
fd00::21d:1d:1d:1d,12818,12818000,12819000,1.0,server_sent
fd00::21d:1d:1d:1d,13217,13217000,13218000,40.0,server_sent
fd00::21d:1d:1d:1d,13489,13489000,13490000,27.0,server_sent
fd00::21d:1d:1d:1d,13512,13512000,13513000,3.0,server_sent
fd00::21d:1d:1d:1d,13707,13707000,13708000,19.0,server_sent
fd00::21d:1d:1d:1d,13717,13717000,13718000,1.0,server_sent
fd00::21d:1d:1d:1d,13731,13731000,13732000,2.0,server_sent
fd00::21d:1d:1d:1d,13749,13749000,13750000,1.0,server_sent
fd00::21d:1d:1d:1d,14218,14218000,14219000,47.0,server_sent
fd00::21d:1d:1d:1d,14229,14229000,14230000,1.0,server_sent
fd00::21d:1d:1d:1d,14284,14284000,14285000,6.0,server_sent
fd00::21d:1d:1d:1d,14447,14447000,14448000,16.0,server_sent
fd00::21d:1d:1d:1d,14458,14458000,14459000,1.0,server_sent
fd00::21d:1d:1d:1d,14474,14474000,14475000,2.0,server_sent
fd00::21d:1d:1d:1d,14787,14787000,14788000,31.0,server_sent
fd00::21d:1d:1d:1d,14901,14901000,14902000,12.0,server_sent
fd00::21d:1d:1d:1d,15057,15057000,15058000,15.0,server_sent
fd00::21d:1d:1d:1d,15481,15481000,15482000,43.0,server_sent
fd00::21d:1d:1d:1d,15494,15494000,15495000,1.0,server_sent
fd00::21d:1d:1d:1d,15504,15504000,15505000,1.0,server_sent
fd00::21d:1d:1d:1d,15514,15514000,15515000,1.0,server_sent
fd00::21d:1d:1d:1d,15525,15525000,15526000,1.0,server_sent
fd00::21d:1d:1d:1d,15725,15725000,15726000,20.0,server_sent
fd00::21d:1d:1d:1d,15738,15738000,15739000,1.0,server_sent
fd00::21d:1d:1d:1d,16083,16083000,16084000,35.0,server_sent
fd00::21d:1d:1d:1d,16099,16099000,16100000,1.0,server_sent
fd00::21d:1d:1d:1d,16106,16106000,16107000,1.0,server_sent
fd00::21d:1d:1d:1d,16246,16246000,16247000,14.0,server_sent
fd00::21d:1d:1d:1d,16993,16993000,16994000,75.0,server_sent
fd00::21d:1d:1d:1d,17423,17423000,17424000,43.0,server_sent
fd00::21d:1d:1d:1d,17431,17431000,17432000,1.0,server_sent
fd00::21d:1d:1d:1d,17759,17759000,17760000,32.0,server_sent
fd00::21d:1d:1d:1d,17814,17814000,17815000,6.0,server_sent
fd00::21d:1d:1d:1d,18019,18019000,18020000,20.0,server_sent
fd00::21d:1d:1d:1d,18034,18034000,18035000,2.0,server_sent
fd00::21d:1d:1d:1d,18046,18046000,18047000,1.0,server_sent
fd00::21d:1d:1d:1d,18052,18052000,18053000,1.0,server_sent
fd00::21d:1d:1d:1d,18072,18072000,18073000,2.0,server_sent
fd00::21d:1d:1d:1d,18083,18083000,18084000,1.0,server_sent
fd00::21d:1d:1d:1d,18102,18102000,18103000,2.0,server_sent
fd00::21d:1d:1d:1d,18292,18292000,18293000,19.0,server_sent
fd00::21d:1d:1d:1d,18304,18304000,18305000,1.0,server_sent
fd00::21d:1d:1d:1d,18317,18317000,18318000,1.0,server_sent
fd00::21d:1d:1d:1d,18554,18554000,18555000,24.0,server_sent
fd00::21d:1d:1d:1d,18563,18563000,18564000,1.0,server_sent
fd00::21d:1d:1d:1d,18588,18588000,18589000,2.0,server_sent
fd00::21d:1d:1d:1d,18627,18627000,18628000,4.0,server_sent
fd00::21d:1d:1d:1d,18638,18638000,18639000,1.0,server_sent
fd00::21d:1d:1d:1d,18652,18652000,18653000,2.0,server_sent
fd00::21d:1d:1d:1d,18683,18683000,18684000,3.0,server_sent
fd00::21d:1d:1d:1d,18769,18769000,18770000,8.0,server_sent
fd00::21d:1d:1d:1d,18784,18784000,18785000,2.0,server_sent
fd00::21d:1d:1d:1d,18791,18791000,18792000,1.0,server_sent
fd00::21d:1d:1d:1d,18802,18802000,18803000,1.0,server_sent
fd00::21d:1d:1d:1d,18813,18813000,18814000,1.0,server_sent
fd00::21d:1d:1d:1d,18824,18824000,18825000,1.0,server_sent
fd00::21d:1d:1d:1d,18834,18834000,18835000,1.0,server_sent
fd00::21d:1d:1d:1d,18845,18845000,18846000,1.0,server_sent
fd00::21d:1d:1d:1d,18856,18856000,18857000,1.0,server_sent
fd00::21d:1d:1d:1d,19054,19054000,19055000,20.0,server_sent
fd00::21d:1d:1d:1d,19648,19648000,19649000,59.0,server_sent
fd00::21d:1d:1d:1d,19652,19652000,19653000,1.0,server_sent
fd00::21d:1d:1d:1d,19662,19662000,19663000,1.0,server_sent
fd00::21d:1d:1d:1d,19674,19674000,19675000,1.0,server_sent
fd00::21d:1d:1d:1d,19684,19684000,19685000,1.0,server_sent
fd00::21d:1d:1d:1d,19700,19700000,19701000,2.0,server_sent
fd00::21d:1d:1d:1d,19705,19705000,19706000,0.0,server_sent
fd00::21d:1d:1d:1d,19724,19724000,19725000,2.0,server_sent
fd00::21d:1d:1d:1d,19747,19747000,19748000,2.0,server_sent
fd00::21d:1d:1d:1d,19760,19760000,19761000,2.0,server_sent
fd00::21d:1d:1d:1d,19776,19776000,19777000,1.0,server_sent
fd00::21d:1d:1d:1d,20147,20147000,20148000,37.0,server_sent
fd00::21d:1d:1d:1d,20511,20511000,20512000,37.0,server_sent
fd00::21d:1d:1d:1d,20527,20527000,20528000,1.0,server_sent
fd00::21d:1d:1d:1d,21485,21485000,21486000,96.0,server_sent
fd00::21d:1d:1d:1d,21491,21491000,21492000,1.0,server_sent
fd00::21d:1d:1d:1d,21509,21509000,21510000,1.0,server_sent
fd00::21d:1d:1d:1d,21567,21567000,21568000,6.0,server_sent
fd00::21d:1d:1d:1d,21586,21586000,21587000,2.0,server_sent
fd00::21e:1e:1e:1e,411,411000,412000,0.0,server_sent
fd00::21e:1e:1e:1e,6202,6202000,6203000,579.0,server_sent
fd00::21e:1e:1e:1e,6217,6217000,6218000,1.0,server_sent
fd00::21e:1e:1e:1e,6233,6233000,6234000,2.0,server_sent
fd00::21e:1e:1e:1e,6252,6252000,6253000,2.0,server_sent
fd00::21e:1e:1e:1e,6305,6305000,6306000,5.0,server_sent
fd00::21e:1e:1e:1e,6317,6317000,6318000,1.0,server_sent
fd00::21e:1e:1e:1e,6398,6398000,6399000,8.0,server_sent
fd00::21e:1e:1e:1e,6408,6408000,6409000,1.0,server_sent
fd00::21e:1e:1e:1e,6422,6422000,6423000,2.0,server_sent
fd00::21e:1e:1e:1e,6429,6429000,6430000,0.0,server_sent
fd00::21e:1e:1e:1e,6448,6448000,6449000,2.0,server_sent
fd00::21e:1e:1e:1e,6461,6461000,6462000,2.0,server_sent
fd00::21e:1e:1e:1e,6469,6469000,6470000,0.0,server_sent
fd00::21e:1e:1e:1e,7663,7663000,7664000,120.0,server_sent
fd00::21e:1e:1e:1e,10074,10074000,10075000,241.0,server_sent
fd00::21e:1e:1e:1e,10084,10084000,10085000,1.0,server_sent
fd00::21e:1e:1e:1e,15544,15544000,15545000,546.0,server_sent
fd00::21e:1e:1e:1e,15999,15999000,16000000,45.0,server_sent
fd00::21e:1e:1e:1e,16466,16466000,16467000,47.0,server_sent
fd00::21e:1e:1e:1e,16476,16476000,16477000,1.0,server_sent
fd00::21e:1e:1e:1e,16977,16977000,16978000,50.0,server_sent
fd00::21e:1e:1e:1e,16986,16986000,16987000,1.0,server_sent
fd00::21e:1e:1e:1e,16997,16997000,16998000,1.0,server_sent
fd00::21e:1e:1e:1e,17645,17645000,17646000,65.0,server_sent
fd00::21e:1e:1e:1e,18018,18018000,18019000,37.0,server_sent
fd00::21e:1e:1e:1e,18034,18034000,18035000,2.0,server_sent
fd00::21e:1e:1e:1e,18043,18043000,18044000,1.0,server_sent
fd00::21f:1f:1f:1f,10315,10315000,10316000,0.0,server_sent
fd00::221:21:21:21,21,21000,22000,0.0,server_sent
fd00::221:21:21:21,36,36000,37000,1.0,server_sent
fd00::221:21:21:21,42,42000,43000,1.0,server_sent
fd00::221:21:21:21,53,53000,54000,1.0,server_sent
fd00::221:21:21:21,79,79000,80000,2.0,server_sent
fd00::221:21:21:21,98,98000,99000,2.0,server_sent
fd00::221:21:21:21,292,292000,293000,20.0,server_sent
fd00::221:21:21:21,609,609000,610000,31.0,server_sent
fd00::221:21:21:21,619,619000,620000,1.0,server_sent
fd00::221:21:21:21,629,629000,630000,1.0,server_sent
fd00::221:21:21:21,639,639000,640000,1.0,server_sent
fd00::221:21:21:21,655,655000,656000,2.0,server_sent
fd00::221:21:21:21,661,661000,662000,1.0,server_sent
fd00::221:21:21:21,673,673000,674000,1.0,server_sent
fd00::221:21:21:21,684,684000,685000,1.0,server_sent
fd00::221:21:21:21,694,694000,695000,1.0,server_sent
fd00::221:21:21:21,704,704000,705000,1.0,server_sent
fd00::221:21:21:21,718,718000,719000,1.0,server_sent
fd00::221:21:21:21,725,725000,726000,1.0,server_sent
fd00::221:21:21:21,1144,1144000,1145000,42.0,server_sent
fd00::221:21:21:21,1154,1154000,1155000,1.0,server_sent
fd00::221:21:21:21,1162,1162000,1163000,1.0,server_sent
fd00::221:21:21:21,1178,1178000,1179000,1.0,server_sent
fd00::221:21:21:21,1186,1186000,1187000,1.0,server_sent
fd00::221:21:21:21,1199,1199000,1200000,1.0,server_sent
fd00::221:21:21:21,1407,1407000,1408000,21.0,server_sent
fd00::221:21:21:21,1419,1419000,1420000,1.0,server_sent
fd00::221:21:21:21,1429,1429000,1430000,1.0,server_sent
fd00::221:21:21:21,1439,1439000,1440000,1.0,server_sent
fd00::221:21:21:21,1451,1451000,1452000,2.0,server_sent
fd00::221:21:21:21,1463,1463000,1464000,1.0,server_sent
fd00::221:21:21:21,1658,1658000,1659000,19.0,server_sent
fd00::221:21:21:21,1665,1665000,1666000,1.0,server_sent
fd00::221:21:21:21,1686,1686000,1687000,2.0,server_sent
fd00::221:21:21:21,2037,2037000,2038000,35.0,server_sent
fd00::221:21:21:21,2049,2049000,2050000,1.0,server_sent
fd00::221:21:21:21,2061,2061000,2062000,2.0,server_sent
fd00::221:21:21:21,2073,2073000,2074000,1.0,server_sent
fd00::221:21:21:21,2084,2084000,2085000,1.0,server_sent
fd00::221:21:21:21,3146,3146000,3147000,106.0,server_sent
fd00::221:21:21:21,3161,3161000,3162000,2.0,server_sent
fd00::221:21:21:21,3170,3170000,3171000,1.0,server_sent
fd00::221:21:21:21,3395,3395000,3396000,22.0,server_sent
fd00::221:21:21:21,3402,3402000,3403000,1.0,server_sent
fd00::221:21:21:21,3426,3426000,3427000,2.0,server_sent
fd00::221:21:21:21,3626,3626000,3627000,20.0,server_sent
fd00::221:21:21:21,3638,3638000,3639000,1.0,server_sent
fd00::221:21:21:21,3647,3647000,3648000,1.0,server_sent
fd00::221:21:21:21,3658,3658000,3659000,1.0,server_sent
fd00::221:21:21:21,3882,3882000,3883000,23.0,server_sent
fd00::221:21:21:21,3892,3892000,3893000,1.0,server_sent
fd00::221:21:21:21,3906,3906000,3907000,1.0,server_sent
fd00::221:21:21:21,3918,3918000,3919000,1.0,server_sent
fd00::221:21:21:21,6326,6326000,6327000,241.0,server_sent
fd00::221:21:21:21,6335,6335000,6336000,1.0,server_sent
fd00::221:21:21:21,6349,6349000,6350000,1.0,server_sent
fd00::221:21:21:21,6356,6356000,6357000,1.0,server_sent
fd00::221:21:21:21,6367,6367000,6368000,1.0,server_sent
fd00::221:21:21:21,6399,6399000,6400000,3.0,server_sent
fd00::221:21:21:21,6414,6414000,6415000,2.0,server_sent
fd00::221:21:21:21,6425,6425000,6426000,1.0,server_sent
fd00::221:21:21:21,6438,6438000,6439000,1.0,server_sent
fd00::221:21:21:21,6463,6463000,6464000,3.0,server_sent
fd00::221:21:21:21,6487,6487000,6488000,2.0,server_sent
fd00::221:21:21:21,6719,6719000,6720000,23.0,server_sent
fd00::221:21:21:21,6729,6729000,6730000,1.0,server_sent
fd00::221:21:21:21,6942,6942000,6943000,22.0,server_sent
fd00::221:21:21:21,6964,6964000,6965000,2.0,server_sent
fd00::221:21:21:21,7423,7423000,7424000,46.0,server_sent
fd00::221:21:21:21,7433,7433000,7434000,1.0,server_sent
fd00::221:21:21:21,7449,7449000,7450000,1.0,server_sent
fd00::221:21:21:21,7704,7704000,7705000,26.0,server_sent
fd00::221:21:21:21,7916,7916000,7917000,21.0,server_sent
fd00::221:21:21:21,7926,7926000,7927000,1.0,server_sent
fd00::221:21:21:21,7934,7934000,7935000,1.0,server_sent
fd00::221:21:21:21,7946,7946000,7947000,1.0,server_sent
fd00::221:21:21:21,7957,7957000,7958000,1.0,server_sent
fd00::221:21:21:21,7967,7967000,7968000,1.0,server_sent
fd00::221:21:21:21,7978,7978000,7979000,1.0,server_sent
fd00::221:21:21:21,8148,8148000,8149000,17.0,server_sent
fd00::221:21:21:21,8158,8158000,8159000,1.0,server_sent
fd00::221:21:21:21,8171,8171000,8172000,2.0,server_sent
fd00::221:21:21:21,8185,8185000,8186000,1.0,server_sent
fd00::221:21:21:21,8199,8199000,8200000,1.0,server_sent
fd00::221:21:21:21,8404,8404000,8405000,21.0,server_sent
fd00::221:21:21:21,8415,8415000,8416000,1.0,server_sent
fd00::221:21:21:21,8425,8425000,8426000,1.0,server_sent
fd00::221:21:21:21,8439,8439000,8440000,1.0,server_sent
fd00::221:21:21:21,9152,9152000,9153000,72.0,server_sent
fd00::221:21:21:21,9163,9163000,9164000,1.0,server_sent
fd00::221:21:21:21,9173,9173000,9174000,1.0,server_sent
fd00::221:21:21:21,9182,9182000,9183000,1.0,server_sent
fd00::221:21:21:21,9193,9193000,9194000,1.0,server_sent
fd00::221:21:21:21,9203,9203000,9204000,1.0,server_sent
fd00::221:21:21:21,9214,9214000,9215000,1.0,server_sent
fd00::221:21:21:21,9225,9225000,9226000,1.0,server_sent
fd00::221:21:21:21,9235,9235000,9236000,1.0,server_sent
fd00::221:21:21:21,9246,9246000,9247000,1.0,server_sent
fd00::221:21:21:21,9257,9257000,9258000,1.0,server_sent
fd00::221:21:21:21,9267,9267000,9268000,1.0,server_sent
fd00::221:21:21:21,9278,9278000,9279000,1.0,server_sent
fd00::221:21:21:21,9289,9289000,9290000,1.0,server_sent
fd00::221:21:21:21,9299,9299000,9300000,1.0,server_sent
fd00::221:21:21:21,9313,9313000,9314000,2.0,server_sent
fd00::221:21:21:21,9323,9323000,9324000,1.0,server_sent
fd00::221:21:21:21,9332,9332000,9333000,1.0,server_sent
fd00::221:21:21:21,9345,9345000,9346000,1.0,server_sent
fd00::221:21:21:21,9354,9354000,9355000,1.0,server_sent
fd00::221:21:21:21,9366,9366000,9367000,1.0,server_sent
fd00::221:21:21:21,9374,9374000,9375000,1.0,server_sent
fd00::221:21:21:21,9385,9385000,9386000,1.0,server_sent
fd00::221:21:21:21,9396,9396000,9397000,1.0,server_sent
fd00::221:21:21:21,9406,9406000,9407000,1.0,server_sent
fd00::221:21:21:21,9417,9417000,9418000,1.0,server_sent
fd00::221:21:21:21,9427,9427000,9428000,1.0,server_sent
fd00::221:21:21:21,9439,9439000,9440000,1.0,server_sent
fd00::221:21:21:21,9449,9449000,9450000,1.0,server_sent
fd00::221:21:21:21,9459,9459000,9460000,1.0,server_sent
fd00::221:21:21:21,9474,9474000,9475000,2.0,server_sent
fd00::221:21:21:21,9482,9482000,9483000,1.0,server_sent
fd00::221:21:21:21,9492,9492000,9493000,1.0,server_sent
fd00::221:21:21:21,9503,9503000,9504000,1.0,server_sent
fd00::221:21:21:21,9513,9513000,9514000,1.0,server_sent
fd00::221:21:21:21,9523,9523000,9524000,1.0,server_sent
fd00::221:21:21:21,9536,9536000,9537000,1.0,server_sent
fd00::221:21:21:21,9545,9545000,9546000,1.0,server_sent
fd00::221:21:21:21,9558,9558000,9559000,1.0,server_sent
fd00::221:21:21:21,9705,9705000,9706000,15.0,server_sent
fd00::221:21:21:21,9716,9716000,9717000,1.0,server_sent
fd00::221:21:21:21,10067,10067000,10068000,35.0,server_sent
fd00::221:21:21:21,10078,10078000,10079000,1.0,server_sent
fd00::221:21:21:21,10089,10089000,10090000,1.0,server_sent
fd00::221:21:21:21,10132,10132000,10133000,5.0,server_sent
fd00::221:21:21:21,10148,10148000,10149000,1.0,server_sent
fd00::221:21:21:21,10366,10366000,10367000,22.0,server_sent
fd00::221:21:21:21,10377,10377000,10378000,1.0,server_sent
fd00::221:21:21:21,10387,10387000,10388000,1.0,server_sent
fd00::221:21:21:21,10398,10398000,10399000,1.0,server_sent
fd00::221:21:21:21,10413,10413000,10414000,2.0,server_sent
fd00::221:21:21:21,10419,10419000,10420000,0.0,server_sent
fd00::221:21:21:21,10436,10436000,10437000,2.0,server_sent
fd00::221:21:21:21,10448,10448000,10449000,1.0,server_sent
fd00::221:21:21:21,10685,10685000,10686000,24.0,server_sent
fd00::221:21:21:21,10949,10949000,10950000,26.0,server_sent
fd00::221:21:21:21,11177,11177000,11178000,23.0,server_sent
fd00::221:21:21:21,11188,11188000,11189000,1.0,server_sent
fd00::221:21:21:21,11402,11402000,11403000,22.0,server_sent
fd00::221:21:21:21,11408,11408000,11409000,0.0,server_sent
fd00::221:21:21:21,11413,11413000,11414000,1.0,server_sent
fd00::221:21:21:21,11635,11635000,11636000,22.0,server_sent
fd00::221:21:21:21,11647,11647000,11648000,1.0,server_sent
fd00::221:21:21:21,11656,11656000,11657000,1.0,server_sent
fd00::221:21:21:21,11668,11668000,11669000,1.0,server_sent
fd00::221:21:21:21,11678,11678000,11679000,1.0,server_sent
fd00::221:21:21:21,11697,11697000,11698000,2.0,server_sent
fd00::221:21:21:21,11711,11711000,11712000,2.0,server_sent
fd00::221:21:21:21,11712,11712000,11713000,0.0,server_sent
fd00::221:21:21:21,11966,11966000,11967000,25.0,server_sent
fd00::221:21:21:21,11977,11977000,11978000,1.0,server_sent
fd00::221:21:21:21,11989,11989000,11990000,1.0,server_sent
fd00::221:21:21:21,11998,11998000,11999000,1.0,server_sent
fd00::221:21:21:21,12008,12008000,12009000,1.0,server_sent
fd00::221:21:21:21,12019,12019000,12020000,1.0,server_sent
fd00::221:21:21:21,12034,12034000,12035000,2.0,server_sent
fd00::221:21:21:21,12040,12040000,12041000,1.0,server_sent
fd00::221:21:21:21,12053,12053000,12054000,1.0,server_sent
fd00::221:21:21:21,12062,12062000,12063000,1.0,server_sent
fd00::221:21:21:21,12074,12074000,12075000,1.0,server_sent
fd00::221:21:21:21,12168,12168000,12169000,9.0,server_sent
fd00::221:21:21:21,12404,12404000,12405000,24.0,server_sent
fd00::221:21:21:21,12414,12414000,12415000,1.0,server_sent
fd00::221:21:21:21,12424,12424000,12425000,1.0,server_sent
fd00::221:21:21:21,12435,12435000,12436000,1.0,server_sent
fd00::221:21:21:21,12446,12446000,12447000,1.0,server_sent
fd00::221:21:21:21,12456,12456000,12457000,1.0,server_sent
fd00::221:21:21:21,12467,12467000,12468000,1.0,server_sent
fd00::221:21:21:21,12478,12478000,12479000,1.0,server_sent
fd00::221:21:21:21,12488,12488000,12489000,1.0,server_sent
fd00::221:21:21:21,12499,12499000,12500000,1.0,server_sent
fd00::221:21:21:21,12702,12702000,12703000,21.0,server_sent
fd00::221:21:21:21,12717,12717000,12718000,1.0,server_sent
fd00::221:21:21:21,12723,12723000,12724000,1.0,server_sent
fd00::221:21:21:21,12826,12826000,12827000,10.0,server_sent
fd00::221:21:21:21,13149,13149000,13150000,32.0,server_sent
fd00::221:21:21:21,14145,14145000,14146000,100.0,server_sent
fd00::221:21:21:21,14504,14504000,14505000,36.0,server_sent
fd00::221:21:21:21,14517,14517000,14518000,1.0,server_sent
fd00::221:21:21:21,14526,14526000,14527000,1.0,server_sent
fd00::221:21:21:21,14536,14536000,14537000,1.0,server_sent
fd00::221:21:21:21,14547,14547000,14548000,1.0,server_sent
fd00::221:21:21:21,14557,14557000,14558000,1.0,server_sent
fd00::221:21:21:21,14568,14568000,14569000,1.0,server_sent
fd00::221:21:21:21,14579,14579000,14580000,1.0,server_sent
fd00::221:21:21:21,14589,14589000,14590000,1.0,server_sent
fd00::221:21:21:21,14601,14601000,14602000,2.0,server_sent
fd00::221:21:21:21,14613,14613000,14614000,1.0,server_sent
fd00::221:21:21:21,14622,14622000,14623000,1.0,server_sent
fd00::221:21:21:21,14636,14636000,14637000,1.0,server_sent
fd00::221:21:21:21,14781,14781000,14782000,15.0,server_sent
fd00::221:21:21:21,14794,14794000,14795000,1.0,server_sent
fd00::221:21:21:21,14804,14804000,14805000,1.0,server_sent
fd00::221:21:21:21,14813,14813000,14814000,1.0,server_sent
fd00::221:21:21:21,14824,14824000,14825000,1.0,server_sent
fd00::221:21:21:21,14835,14835000,14836000,1.0,server_sent
fd00::221:21:21:21,14846,14846000,14847000,1.0,server_sent
fd00::221:21:21:21,14856,14856000,14857000,1.0,server_sent
fd00::221:21:21:21,14867,14867000,14868000,1.0,server_sent
fd00::221:21:21:21,14878,14878000,14879000,1.0,server_sent
fd00::221:21:21:21,14900,14900000,14901000,3.0,server_sent
fd00::221:21:21:21,15059,15059000,15060000,15.0,server_sent
fd00::221:21:21:21,15074,15074000,15075000,2.0,server_sent
fd00::221:21:21:21,15272,15272000,15273000,20.0,server_sent
fd00::221:21:21:21,15287,15287000,15288000,1.0,server_sent
fd00::221:21:21:21,15293,15293000,15294000,1.0,server_sent
fd00::221:21:21:21,15308,15308000,15309000,1.0,server_sent
fd00::221:21:21:21,15314,15314000,15315000,1.0,server_sent
fd00::221:21:21:21,15698,15698000,15699000,38.0,server_sent
fd00::221:21:21:21,15709,15709000,15710000,1.0,server_sent
fd00::221:21:21:21,15724,15724000,15725000,2.0,server_sent
fd00::221:21:21:21,15733,15733000,15734000,1.0,server_sent
fd00::221:21:21:21,15945,15945000,15946000,21.0,server_sent
fd00::221:21:21:21,15954,15954000,15955000,1.0,server_sent
fd00::221:21:21:21,16328,16328000,16329000,37.0,server_sent
fd00::221:21:21:21,16339,16339000,16340000,1.0,server_sent
fd00::221:21:21:21,16352,16352000,16353000,2.0,server_sent
fd00::221:21:21:21,16362,16362000,16363000,1.0,server_sent
fd00::221:21:21:21,16459,16459000,16460000,9.0,server_sent
fd00::221:21:21:21,16466,16466000,16467000,1.0,server_sent
fd00::221:21:21:21,16478,16478000,16479000,1.0,server_sent
fd00::221:21:21:21,16882,16882000,16883000,41.0,server_sent
fd00::221:21:21:21,16905,16905000,16906000,2.0,server_sent
fd00::221:21:21:21,16919,16919000,16920000,1.0,server_sent
fd00::221:21:21:21,16937,16937000,16938000,2.0,server_sent
fd00::221:21:21:21,16946,16946000,16947000,1.0,server_sent
fd00::221:21:21:21,16958,16958000,16959000,1.0,server_sent
fd00::221:21:21:21,16969,16969000,16970000,1.0,server_sent
fd00::221:21:21:21,16993,16993000,16994000,3.0,server_sent
fd00::221:21:21:21,17707,17707000,17708000,71.0,server_sent
fd00::221:21:21:21,17725,17725000,17726000,2.0,server_sent
fd00::221:21:21:21,17736,17736000,17737000,1.0,server_sent
fd00::221:21:21:21,17746,17746000,17747000,1.0,server_sent
fd00::221:21:21:21,17758,17758000,17759000,1.0,server_sent
fd00::221:21:21:21,17974,17974000,17975000,22.0,server_sent
fd00::221:21:21:21,17982,17982000,17983000,1.0,server_sent
fd00::221:21:21:21,17993,17993000,17994000,1.0,server_sent
fd00::221:21:21:21,18002,18002000,18003000,1.0,server_sent
fd00::221:21:21:21,18013,18013000,18014000,1.0,server_sent
fd00::221:21:21:21,18024,18024000,18025000,1.0,server_sent
fd00::221:21:21:21,18043,18043000,18044000,2.0,server_sent
fd00::221:21:21:21,18048,18048000,18049000,0.0,server_sent
fd00::221:21:21:21,18062,18062000,18063000,2.0,server_sent
fd00::221:21:21:21,18079,18079000,18080000,1.0,server_sent
fd00::221:21:21:21,18297,18297000,18298000,22.0,server_sent
fd00::221:21:21:21,18309,18309000,18310000,1.0,server_sent
fd00::221:21:21:21,18526,18526000,18527000,22.0,server_sent
fd00::221:21:21:21,18536,18536000,18537000,1.0,server_sent
fd00::221:21:21:21,18546,18546000,18547000,1.0,server_sent
fd00::221:21:21:21,18558,18558000,18559000,1.0,server_sent
fd00::221:21:21:21,18573,18573000,18574000,2.0,server_sent
fd00::221:21:21:21,18579,18579000,18580000,0.0,server_sent
fd00::221:21:21:21,18631,18631000,18632000,6.0,server_sent
fd00::221:21:21:21,18647,18647000,18648000,1.0,server_sent
fd00::221:21:21:21,18669,18669000,18670000,2.0,server_sent
fd00::221:21:21:21,18866,18866000,18867000,20.0,server_sent
fd00::221:21:21:21,18877,18877000,18878000,1.0,server_sent
fd00::221:21:21:21,18887,18887000,18888000,1.0,server_sent
fd00::221:21:21:21,18898,18898000,18899000,1.0,server_sent
fd00::221:21:21:21,18909,18909000,18910000,1.0,server_sent
fd00::221:21:21:21,18919,18919000,18920000,1.0,server_sent
fd00::221:21:21:21,18934,18934000,18935000,2.0,server_sent
fd00::221:21:21:21,18944,18944000,18945000,1.0,server_sent
fd00::221:21:21:21,18951,18951000,18952000,1.0,server_sent
fd00::221:21:21:21,18962,18962000,18963000,1.0,server_sent
fd00::221:21:21:21,18973,18973000,18974000,1.0,server_sent
fd00::221:21:21:21,18983,18983000,18984000,1.0,server_sent
fd00::221:21:21:21,18998,18998000,18999000,1.0,server_sent
fd00::221:21:21:21,19011,19011000,19012000,2.0,server_sent
fd00::221:21:21:21,19176,19176000,19177000,16.0,server_sent
fd00::221:21:21:21,19433,19433000,19434000,26.0,server_sent
fd00::221:21:21:21,19445,19445000,19446000,1.0,server_sent
fd00::221:21:21:21,19454,19454000,19455000,1.0,server_sent
fd00::221:21:21:21,19464,19464000,19465000,1.0,server_sent
fd00::221:21:21:21,19477,19477000,19478000,1.0,server_sent
fd00::221:21:21:21,19496,19496000,19497000,2.0,server_sent
fd00::221:21:21:21,19506,19506000,19507000,1.0,server_sent
fd00::221:21:21:21,19517,19517000,19518000,1.0,server_sent
fd00::221:21:21:21,19527,19527000,19528000,1.0,server_sent
fd00::221:21:21:21,19698,19698000,19699000,17.0,server_sent
fd00::221:21:21:21,19709,19709000,19710000,1.0,server_sent
fd00::221:21:21:21,19722,19722000,19723000,2.0,server_sent
fd00::221:21:21:21,19730,19730000,19731000,1.0,server_sent
fd00::221:21:21:21,19744,19744000,19745000,1.0,server_sent
fd00::221:21:21:21,19753,19753000,19754000,1.0,server_sent
fd00::221:21:21:21,19763,19763000,19764000,1.0,server_sent
fd00::221:21:21:21,19965,19965000,19966000,20.0,server_sent
fd00::221:21:21:21,19975,19975000,19976000,1.0,server_sent
fd00::221:21:21:21,19986,19986000,19987000,1.0,server_sent
fd00::221:21:21:21,19997,19997000,19998000,1.0,server_sent
fd00::221:21:21:21,20007,20007000,20008000,1.0,server_sent
fd00::221:21:21:21,20018,20018000,20019000,1.0,server_sent
fd00::221:21:21:21,20028,20028000,20029000,1.0,server_sent
fd00::221:21:21:21,20039,20039000,20040000,1.0,server_sent
fd00::221:21:21:21,20052,20052000,20053000,2.0,server_sent
fd00::221:21:21:21,20062,20062000,20063000,1.0,server_sent
fd00::221:21:21:21,20073,20073000,20074000,1.0,server_sent
fd00::221:21:21:21,20085,20085000,20086000,1.0,server_sent
fd00::221:21:21:21,20096,20096000,20097000,1.0,server_sent
fd00::221:21:21:21,20116,20116000,20117000,2.0,server_sent
fd00::221:21:21:21,20863,20863000,20864000,75.0,server_sent
fd00::221:21:21:21,20875,20875000,20876000,1.0,server_sent
fd00::221:21:21:21,20893,20893000,20894000,2.0,server_sent
fd00::221:21:21:21,21244,21244000,21245000,35.0,server_sent
fd00::221:21:21:21,21255,21255000,21256000,1.0,server_sent
fd00::221:21:21:21,21272,21272000,21273000,2.0,server_sent
fd00::221:21:21:21,21468,21468000,21469000,19.0,server_sent
fd00::221:21:21:21,21479,21479000,21480000,1.0,server_sent
fd00::221:21:21:21,21491,21491000,21492000,2.0,server_sent
fd00::221:21:21:21,21504,21504000,21505000,1.0,server_sent
fd00::221:21:21:21,21517,21517000,21518000,1.0,server_sent
fd00::222:22:22:22,703,703000,704000,0.0,server_sent
fd00::222:22:22:22,713,713000,714000,1.0,server_sent
fd00::222:22:22:22,723,723000,724000,1.0,server_sent
fd00::222:22:22:22,1638,1638000,1639000,91.0,server_sent
fd00::222:22:22:22,1646,1646000,1647000,1.0,server_sent
fd00::222:22:22:22,1669,1669000,1670000,2.0,server_sent
fd00::222:22:22:22,18556,18556000,18557000,1689.0,server_sent
fd00::222:22:22:22,18576,18576000,18577000,2.0,server_sent
fd00::223:23:23:23,3106,3106000,3107000,0.0,server_sent
fd00::223:23:23:23,3119,3119000,3120000,1.0,server_sent
fd00::223:23:23:23,10075,10075000,10076000,696.0,server_sent
fd00::223:23:23:23,10084,10084000,10085000,1.0,server_sent
fd00::223:23:23:23,10123,10123000,10124000,4.0,server_sent
fd00::223:23:23:23,16095,16095000,16096000,597.0,server_sent
fd00::223:23:23:23,16101,16101000,16102000,1.0,server_sent
fd00::223:23:23:23,18576,18576000,18577000,247.0,server_sent
fd00::223:23:23:23,18588,18588000,18589000,1.0,server_sent
fd00::223:23:23:23,18604,18604000,18605000,2.0,server_sent
fd00::223:23:23:23,18606,18606000,18607000,0.0,server_sent
fd00::223:23:23:23,18615,18615000,18616000,1.0,server_sent
fd00::223:23:23:23,18625,18625000,18626000,1.0,server_sent
fd00::223:23:23:23,18632,18632000,18633000,1.0,server_sent
fd00::223:23:23:23,18651,18651000,18652000,2.0,server_sent
fd00::223:23:23:23,18669,18669000,18670000,1.0,server_sent
fd00::209:9:9:9,5099,5099000,5100000,0.0,server_received
fd00::209:9:9:9,5112,5112000,5113000,1.0,server_received
fd00::209:9:9:9,15138,15138000,15139000,3.0,server_received
fd00::209:9:9:9,15200,15200000,15201000,1.0,server_received
fd00::20a:a:a:a,19665,19665000,19666000,0.0,server_received
fd00::20a:a:a:a,19683,19683000,19684000,1.0,server_received
fd00::20c:c:c:c,11809,11809000,11810000,0.0,server_received
fd00::20c:c:c:c,11828,11828000,11829000,2.0,server_received
fd00::20c:c:c:c,11837,11837000,11838000,2.0,server_received
fd00::20c:c:c:c,11885,11885000,11886000,1.0,server_received
fd00::20c:c:c:c,18958,18958000,18959000,7.0,server_received
fd00::20c:c:c:c,18974,18974000,18975000,2.0,server_received
fd00::20c:c:c:c,18979,18979000,18980000,2.0,server_received
fd00::20c:c:c:c,18992,18992000,18993000,2.0,server_received
fd00::20c:c:c:c,19004,19004000,19005000,2.0,server_received
fd00::20c:c:c:c,19015,19015000,19016000,2.0,server_received
fd00::20c:c:c:c,19028,19028000,19029000,1.0,server_received
fd00::20c:c:c:c,19037,19037000,19038000,2.0,server_received
fd00::20c:c:c:c,19066,19066000,19067000,2.0,server_received
fd00::20c:c:c:c,19555,19555000,19556000,4.0,server_received
fd00::20c:c:c:c,19564,19564000,19565000,2.0,server_received
fd00::20c:c:c:c,19575,19575000,19576000,2.0,server_received
fd00::20c:c:c:c,19586,19586000,19587000,2.0,server_received
fd00::20c:c:c:c,19601,19601000,19602000,1.0,server_received
fd00::20c:c:c:c,19616,19616000,19617000,1.0,server_received
fd00::20c:c:c:c,19623,19623000,19624000,1.0,server_received
fd00::20c:c:c:c,19635,19635000,19636000,1.0,server_received
fd00::20c:c:c:c,19642,19642000,19643000,2.0,server_received
fd00::20c:c:c:c,19656,19656000,19657000,2.0,server_received
fd00::20c:c:c:c,19663,19663000,19664000,1.0,server_received
fd00::20c:c:c:c,19682,19682000,19683000,1.0,server_received
fd00::20c:c:c:c,19685,19685000,19686000,1.0,server_received
fd00::20d:d:d:d,2215,2215000,2216000,0.0,server_received
fd00::20d:d:d:d,2225,2225000,2226000,1.0,server_received
fd00::20d:d:d:d,2244,2244000,2245000,1.0,server_received
fd00::20d:d:d:d,7559,7559000,7560000,1.0,server_received
fd00::20d:d:d:d,20177,20177000,20178000,2.0,server_received
fd00::20d:d:d:d,20188,20188000,20189000,2.0,server_received
fd00::20d:d:d:d,20196,20196000,20197000,1.0,server_received
fd00::20d:d:d:d,20206,20206000,20207000,2.0,server_received
fd00::20d:d:d:d,20218,20218000,20219000,1.0,server_received
fd00::20d:d:d:d,20234,20234000,20235000,2.0,server_received
fd00::20d:d:d:d,20269,20269000,20270000,1.0,server_received
fd00::20e:e:e:e,9579,9579000,9580000,0.0,server_received
fd00::20e:e:e:e,9592,9592000,9593000,1.0,server_received
fd00::20e:e:e:e,9622,9622000,9623000,1.0,server_received
fd00::20e:e:e:e,9635,9635000,9636000,1.0,server_received
fd00::20e:e:e:e,12689,12689000,12690000,3.0,server_received
fd00::20e:e:e:e,12706,12706000,12707000,2.0,server_received
fd00::20e:e:e:e,12716,12716000,12717000,2.0,server_received
fd00::20e:e:e:e,15113,15113000,15114000,2.0,server_received
fd00::20e:e:e:e,15123,15123000,15124000,1.0,server_received
fd00::20e:e:e:e,15133,15133000,15134000,1.0,server_received
fd00::20e:e:e:e,15158,15158000,15159000,1.0,server_received
fd00::20e:e:e:e,15193,15193000,15194000,1.0,server_received
fd00::20e:e:e:e,19037,19037000,19038000,2.0,server_received
fd00::20e:e:e:e,19066,19066000,19067000,2.0,server_received
fd00::20e:e:e:e,19268,19268000,19269000,3.0,server_received
fd00::20e:e:e:e,20168,20168000,20169000,4.0,server_received
fd00::20f:f:f:f,43,43000,44000,0.0,server_received
fd00::20f:f:f:f,58,58000,59000,2.0,server_received
fd00::20f:f:f:f,71,71000,72000,1.0,server_received
fd00::20f:f:f:f,937,937000,938000,2.0,server_received
fd00::20f:f:f:f,2207,2207000,2208000,2.0,server_received
fd00::20f:f:f:f,2214,2214000,2215000,2.0,server_received
fd00::20f:f:f:f,2222,2222000,2223000,1.0,server_received
fd00::20f:f:f:f,2243,2243000,2244000,1.0,server_received
fd00::20f:f:f:f,2248,2248000,2249000,3.0,server_received
fd00::20f:f:f:f,16489,16489000,16490000,3.0,server_received
fd00::20f:f:f:f,16495,16495000,16496000,1.0,server_received
fd00::210:10:10:10,5023,5023000,5024000,0.0,server_received
fd00::210:10:10:10,5029,5029000,5030000,1.0,server_received
fd00::210:10:10:10,5039,5039000,5040000,1.0,server_received
fd00::210:10:10:10,5054,5054000,5055000,1.0,server_received
fd00::210:10:10:10,8181,8181000,8182000,3.0,server_received
fd00::210:10:10:10,8194,8194000,8195000,1.0,server_received
fd00::210:10:10:10,9559,9559000,9560000,4.0,server_received
fd00::210:10:10:10,9568,9568000,9569000,1.0,server_received
fd00::210:10:10:10,9579,9579000,9580000,2.0,server_received
fd00::210:10:10:10,9589,9589000,9590000,1.0,server_received
fd00::210:10:10:10,9608,9608000,9609000,1.0,server_received
fd00::210:10:10:10,9623,9623000,9624000,1.0,server_received
fd00::210:10:10:10,9625,9625000,9626000,1.0,server_received
fd00::210:10:10:10,9642,9642000,9643000,2.0,server_received
fd00::210:10:10:10,15126,15126000,15127000,12.0,server_received
fd00::210:10:10:10,15137,15137000,15138000,1.0,server_received
fd00::210:10:10:10,15199,15199000,15200000,1.0,server_received
fd00::210:10:10:10,15458,15458000,15459000,2.0,server_received
fd00::210:10:10:10,15709,15709000,15710000,4.0,server_received
fd00::210:10:10:10,15718,15718000,15719000,1.0,server_received
fd00::210:10:10:10,15731,15731000,15732000,1.0,server_received
fd00::211:11:11:11,42,42000,43000,0.0,server_received
fd00::211:11:11:11,57,57000,58000,1.0,server_received
fd00::211:11:11:11,63,63000,64000,2.0,server_received
fd00::211:11:11:11,889,889000,890000,7.0,server_received
fd00::211:11:11:11,899,899000,900000,2.0,server_received
fd00::211:11:11:11,912,912000,913000,2.0,server_received
fd00::211:11:11:11,929,929000,930000,2.0,server_received
fd00::211:11:11:11,943,943000,944000,2.0,server_received
fd00::211:11:11:11,948,948000,949000,2.0,server_received
fd00::211:11:11:11,979,979000,980000,2.0,server_received
fd00::211:11:11:11,991,991000,992000,1.0,server_received
fd00::211:11:11:11,2221,2221000,2222000,2.0,server_received
fd00::211:11:11:11,2249,2249000,2250000,2.0,server_received
fd00::211:11:11:11,2289,2289000,2290000,1.0,server_received
fd00::211:11:11:11,7462,7462000,7463000,4.0,server_received
fd00::211:11:11:11,7466,7466000,7467000,1.0,server_received
fd00::211:11:11:11,7475,7475000,7476000,2.0,server_received
fd00::211:11:11:11,7528,7528000,7529000,3.0,server_received
fd00::211:11:11:11,7534,7534000,7535000,1.0,server_received
fd00::211:11:11:11,12749,12749000,12750000,3.0,server_received
fd00::211:11:11:11,14369,14369000,14370000,3.0,server_received
fd00::211:11:11:11,14381,14381000,14382000,2.0,server_received
fd00::211:11:11:11,15115,15115000,15116000,6.0,server_received
fd00::211:11:11:11,15130,15130000,15131000,2.0,server_received
fd00::211:11:11:11,15176,15176000,15177000,3.0,server_received
fd00::211:11:11:11,16445,16445000,16446000,5.0,server_received
fd00::211:11:11:11,16456,16456000,16457000,1.0,server_received
fd00::211:11:11:11,16465,16465000,16466000,2.0,server_received
fd00::211:11:11:11,16475,16475000,16476000,2.0,server_received
fd00::211:11:11:11,16489,16489000,16490000,2.0,server_received
fd00::211:11:11:11,16502,16502000,16503000,1.0,server_received
fd00::211:11:11:11,17622,17622000,17623000,1.0,server_received
fd00::211:11:11:11,17632,17632000,17633000,2.0,server_received
fd00::211:11:11:11,19282,19282000,19283000,3.0,server_received
fd00::211:11:11:11,19583,19583000,19584000,4.0,server_received
fd00::211:11:11:11,19594,19594000,19595000,2.0,server_received
fd00::211:11:11:11,19611,19611000,19612000,1.0,server_received
fd00::211:11:11:11,20135,20135000,20136000,8.0,server_received
fd00::211:11:11:11,20144,20144000,20145000,2.0,server_received
fd00::211:11:11:11,20154,20154000,20155000,2.0,server_received
fd00::211:11:11:11,20169,20169000,20170000,2.0,server_received
fd00::211:11:11:11,20175,20175000,20176000,1.0,server_received
fd00::211:11:11:11,20188,20188000,20189000,2.0,server_received
fd00::211:11:11:11,20195,20195000,20196000,1.0,server_received
fd00::211:11:11:11,20205,20205000,20206000,2.0,server_received
fd00::211:11:11:11,20218,20218000,20219000,2.0,server_received
fd00::211:11:11:11,20234,20234000,20235000,1.0,server_received
fd00::211:11:11:11,20246,20246000,20247000,1.0,server_received
fd00::211:11:11:11,20248,20248000,20249000,1.0,server_received
fd00::211:11:11:11,20267,20267000,20268000,3.0,server_received
fd00::211:11:11:11,20271,20271000,20272000,1.0,server_received
fd00::211:11:11:11,20285,20285000,20286000,2.0,server_received
fd00::211:11:11:11,20304,20304000,20305000,3.0,server_received
fd00::212:12:12:12,21,21000,22000,0.0,server_received
fd00::212:12:12:12,32,32000,33000,2.0,server_received
fd00::212:12:12:12,42,42000,43000,2.0,server_received
fd00::212:12:12:12,52,52000,53000,1.0,server_received
fd00::212:12:12:12,69,69000,70000,3.0,server_received
fd00::212:12:12:12,277,277000,278000,4.0,server_received
fd00::212:12:12:12,313,313000,314000,2.0,server_received
fd00::212:12:12:12,485,485000,486000,3.0,server_received
fd00::212:12:12:12,496,496000,497000,2.0,server_received
fd00::212:12:12:12,509,509000,510000,2.0,server_received
fd00::212:12:12:12,524,524000,525000,2.0,server_received
fd00::212:12:12:12,751,751000,752000,5.0,server_received
fd00::212:12:12:12,907,907000,908000,3.0,server_received
fd00::212:12:12:12,918,918000,919000,2.0,server_received
fd00::212:12:12:12,928,928000,929000,2.0,server_received
fd00::212:12:12:12,939,939000,940000,2.0,server_received
fd00::212:12:12:12,960,960000,961000,2.0,server_received
fd00::212:12:12:12,1044,1044000,1045000,2.0,server_received
fd00::212:12:12:12,1055,1055000,1056000,1.0,server_received
fd00::212:12:12:12,1065,1065000,1066000,2.0,server_received
fd00::212:12:12:12,1076,1076000,1077000,3.0,server_received
fd00::212:12:12:12,1088,1088000,1089000,2.0,server_received
fd00::212:12:12:12,1101,1101000,1102000,2.0,server_received
fd00::212:12:12:12,1108,1108000,1109000,2.0,server_received
fd00::212:12:12:12,1118,1118000,1119000,2.0,server_received
fd00::212:12:12:12,1136,1136000,1137000,2.0,server_received
fd00::212:12:12:12,1376,1376000,1377000,3.0,server_received
fd00::212:12:12:12,1385,1385000,1386000,2.0,server_received
fd00::212:12:12:12,1392,1392000,1393000,2.0,server_received
fd00::212:12:12:12,1403,1403000,1404000,2.0,server_received
fd00::212:12:12:12,1413,1413000,1414000,1.0,server_received
fd00::212:12:12:12,1424,1424000,1425000,3.0,server_received
fd00::212:12:12:12,1435,1435000,1436000,2.0,server_received
fd00::212:12:12:12,1447,1447000,1448000,2.0,server_received
fd00::212:12:12:12,1456,1456000,1457000,2.0,server_received
fd00::212:12:12:12,2627,2627000,2628000,9.0,server_received
fd00::212:12:12:12,2976,2976000,2977000,2.0,server_received
fd00::212:12:12:12,2994,2994000,2995000,1.0,server_received
fd00::212:12:12:12,3386,3386000,3387000,3.0,server_received
fd00::212:12:12:12,3882,3882000,3883000,3.0,server_received
fd00::212:12:12:12,3898,3898000,3899000,2.0,server_received
fd00::212:12:12:12,3917,3917000,3918000,3.0,server_received
fd00::212:12:12:12,4568,4568000,4569000,5.0,server_received
fd00::212:12:12:12,4578,4578000,4579000,2.0,server_received
fd00::212:12:12:12,4768,4768000,4769000,2.0,server_received
fd00::212:12:12:12,4783,4783000,4784000,2.0,server_received
fd00::212:12:12:12,4794,4794000,4795000,2.0,server_received
fd00::212:12:12:12,4959,4959000,4960000,5.0,server_received
fd00::212:12:12:12,4969,4969000,4970000,2.0,server_received
fd00::212:12:12:12,4981,4981000,4982000,2.0,server_received
fd00::212:12:12:12,5001,5001000,5002000,3.0,server_received
fd00::212:12:12:12,5011,5011000,5012000,2.0,server_received
fd00::212:12:12:12,5023,5023000,5024000,1.0,server_received
fd00::212:12:12:12,5032,5032000,5033000,2.0,server_received
fd00::212:12:12:12,5047,5047000,5048000,2.0,server_received
fd00::212:12:12:12,6857,6857000,6858000,3.0,server_received
fd00::212:12:12:12,6868,6868000,6869000,2.0,server_received
fd00::212:12:12:12,6878,6878000,6879000,2.0,server_received
fd00::212:12:12:12,6889,6889000,6890000,2.0,server_received
fd00::212:12:12:12,7079,7079000,7080000,5.0,server_received
fd00::212:12:12:12,7089,7089000,7090000,2.0,server_received
fd00::212:12:12:12,7427,7427000,7428000,5.0,server_received
fd00::212:12:12:12,7441,7441000,7442000,2.0,server_received
fd00::212:12:12:12,7462,7462000,7463000,2.0,server_received
fd00::212:12:12:12,7486,7486000,7487000,3.0,server_received
fd00::212:12:12:12,7497,7497000,7498000,2.0,server_received
fd00::212:12:12:12,7501,7501000,7502000,2.0,server_received
fd00::212:12:12:12,7512,7512000,7513000,2.0,server_received
fd00::212:12:12:12,7522,7522000,7523000,1.0,server_received
fd00::212:12:12:12,7533,7533000,7534000,2.0,server_received
fd00::212:12:12:12,7547,7547000,7548000,4.0,server_received
fd00::212:12:12:12,7560,7560000,7561000,1.0,server_received
fd00::212:12:12:12,7586,7586000,7587000,3.0,server_received
fd00::212:12:12:12,7596,7596000,7597000,2.0,server_received
fd00::212:12:12:12,7614,7614000,7615000,1.0,server_received
fd00::212:12:12:12,7838,7838000,7839000,3.0,server_received
fd00::212:12:12:12,7849,7849000,7850000,2.0,server_received
fd00::212:12:12:12,8007,8007000,8008000,4.0,server_received
fd00::212:12:12:12,8020,8020000,8021000,2.0,server_received
fd00::212:12:12:12,8028,8028000,8029000,2.0,server_received
fd00::212:12:12:12,8044,8044000,8045000,2.0,server_received
fd00::212:12:12:12,8049,8049000,8050000,2.0,server_received
fd00::212:12:12:12,8063,8063000,8064000,2.0,server_received
fd00::212:12:12:12,8071,8071000,8072000,3.0,server_received
fd00::212:12:12:12,8094,8094000,8095000,1.0,server_received
fd00::212:12:12:12,8166,8166000,8167000,2.0,server_received
fd00::212:12:12:12,8183,8183000,8184000,1.0,server_received
fd00::212:12:12:12,8397,8397000,8398000,1.0,server_received
fd00::212:12:12:12,8415,8415000,8416000,2.0,server_received
fd00::212:12:12:12,8419,8419000,8420000,2.0,server_received
fd00::212:12:12:12,8429,8429000,8430000,2.0,server_received
fd00::212:12:12:12,8798,8798000,8799000,5.0,server_received
fd00::212:12:12:12,8979,8979000,8980000,4.0,server_received
fd00::212:12:12:12,8988,8988000,8989000,2.0,server_received
fd00::212:12:12:12,9002,9002000,9003000,2.0,server_received
fd00::212:12:12:12,9159,9159000,9160000,4.0,server_received
fd00::212:12:12:12,9167,9167000,9168000,2.0,server_received
fd00::212:12:12:12,9178,9178000,9179000,2.0,server_received
fd00::212:12:12:12,9189,9189000,9190000,2.0,server_received
fd00::212:12:12:12,9199,9199000,9200000,2.0,server_received
fd00::212:12:12:12,9212,9212000,9213000,2.0,server_received
fd00::212:12:12:12,9225,9225000,9226000,3.0,server_received
fd00::212:12:12:12,9234,9234000,9235000,2.0,server_received
fd00::212:12:12:12,9244,9244000,9245000,2.0,server_received
fd00::212:12:12:12,9252,9252000,9253000,2.0,server_received
fd00::212:12:12:12,9262,9262000,9263000,1.0,server_received
fd00::212:12:12:12,9277,9277000,9278000,3.0,server_received
fd00::212:12:12:12,9455,9455000,9456000,2.0,server_received
fd00::212:12:12:12,9463,9463000,9464000,2.0,server_received
fd00::212:12:12:12,9476,9476000,9477000,3.0,server_received
fd00::212:12:12:12,9484,9484000,9485000,2.0,server_received
fd00::212:12:12:12,9495,9495000,9496000,1.0,server_received
fd00::212:12:12:12,9506,9506000,9507000,2.0,server_received
fd00::212:12:12:12,9516,9516000,9517000,3.0,server_received
fd00::212:12:12:12,9526,9526000,9527000,2.0,server_received
fd00::212:12:12:12,9537,9537000,9538000,2.0,server_received
fd00::212:12:12:12,9552,9552000,9553000,1.0,server_received
fd00::212:12:12:12,9574,9574000,9575000,2.0,server_received
fd00::212:12:12:12,9617,9617000,9618000,2.0,server_received
fd00::212:12:12:12,9624,9624000,9625000,2.0,server_received
fd00::212:12:12:12,9643,9643000,9644000,1.0,server_received
fd00::212:12:12:12,9644,9644000,9645000,2.0,server_received
fd00::212:12:12:12,9653,9653000,9654000,2.0,server_received
fd00::212:12:12:12,9664,9664000,9665000,2.0,server_received
fd00::212:12:12:12,9674,9674000,9675000,2.0,server_received
fd00::212:12:12:12,9684,9684000,9685000,1.0,server_received
fd00::212:12:12:12,9695,9695000,9696000,2.0,server_received
fd00::212:12:12:12,9706,9706000,9707000,2.0,server_received
fd00::212:12:12:12,9717,9717000,9718000,3.0,server_received
fd00::212:12:12:12,9727,9727000,9728000,2.0,server_received
fd00::212:12:12:12,9737,9737000,9738000,3.0,server_received
fd00::212:12:12:12,9749,9749000,9750000,2.0,server_received
fd00::212:12:12:12,10248,10248000,10249000,5.0,server_received
fd00::212:12:12:12,10254,10254000,10255000,2.0,server_received
fd00::212:12:12:12,10265,10265000,10266000,2.0,server_received
fd00::212:12:12:12,10275,10275000,10276000,2.0,server_received
fd00::212:12:12:12,10286,10286000,10287000,2.0,server_received
fd00::212:12:12:12,10296,10296000,10297000,2.0,server_received
fd00::212:12:12:12,10307,10307000,10308000,2.0,server_received
fd00::212:12:12:12,10318,10318000,10319000,2.0,server_received
fd00::212:12:12:12,10328,10328000,10329000,2.0,server_received
fd00::212:12:12:12,10343,10343000,10344000,1.0,server_received
fd00::212:12:12:12,10718,10718000,10719000,1.0,server_received
fd00::212:12:12:12,11467,11467000,11468000,2.0,server_received
fd00::212:12:12:12,11483,11483000,11484000,1.0,server_received
fd00::212:12:12:12,11488,11488000,11489000,2.0,server_received
fd00::212:12:12:12,11499,11499000,11500000,2.0,server_received
fd00::212:12:12:12,11510,11510000,11511000,2.0,server_received
fd00::212:12:12:12,11784,11784000,11785000,4.0,server_received
fd00::212:12:12:12,11799,11799000,11800000,1.0,server_received
fd00::212:12:12:12,11805,11805000,11806000,2.0,server_received
fd00::212:12:12:12,11817,11817000,11818000,2.0,server_received
fd00::212:12:12:12,11829,11829000,11830000,2.0,server_received
fd00::212:12:12:12,11837,11837000,11838000,1.0,server_received
fd00::212:12:12:12,12672,12672000,12673000,3.0,server_received
fd00::212:12:12:12,12683,12683000,12684000,3.0,server_received
fd00::212:12:12:12,12694,12694000,12695000,2.0,server_received
fd00::212:12:12:12,12706,12706000,12707000,2.0,server_received
fd00::212:12:12:12,12714,12714000,12715000,2.0,server_received
fd00::212:12:12:12,12756,12756000,12757000,4.0,server_received
fd00::212:12:12:12,13033,13033000,13034000,2.0,server_received
fd00::212:12:12:12,13039,13039000,13040000,4.0,server_received
fd00::212:12:12:12,13325,13325000,13326000,4.0,server_received
fd00::212:12:12:12,13335,13335000,13336000,2.0,server_received
fd00::212:12:12:12,13349,13349000,13350000,2.0,server_received
fd00::212:12:12:12,13356,13356000,13357000,1.0,server_received
fd00::212:12:12:12,13367,13367000,13368000,1.0,server_received
fd00::212:12:12:12,13379,13379000,13380000,1.0,server_received
fd00::212:12:12:12,13388,13388000,13389000,1.0,server_received
fd00::212:12:12:12,13398,13398000,13399000,2.0,server_received
fd00::212:12:12:12,13422,13422000,13423000,3.0,server_received
fd00::212:12:12:12,13634,13634000,13635000,5.0,server_received
fd00::212:12:12:12,13969,13969000,13970000,3.0,server_received
fd00::212:12:12:12,13984,13984000,13985000,2.0,server_received
fd00::212:12:12:12,13992,13992000,13993000,2.0,server_received
fd00::212:12:12:12,14001,14001000,14002000,2.0,server_received
fd00::212:12:12:12,14379,14379000,14380000,2.0,server_received
fd00::212:12:12:12,14404,14404000,14405000,3.0,server_received
fd00::212:12:12:12,14634,14634000,14635000,3.0,server_received
fd00::212:12:12:12,14876,14876000,14877000,4.0,server_received
fd00::212:12:12:12,14886,14886000,14887000,2.0,server_received
fd00::212:12:12:12,14896,14896000,14897000,2.0,server_received
fd00::212:12:12:12,14907,14907000,14908000,2.0,server_received
fd00::212:12:12:12,15097,15097000,15098000,3.0,server_received
fd00::212:12:12:12,15108,15108000,15109000,3.0,server_received
fd00::212:12:12:12,15118,15118000,15119000,2.0,server_received
fd00::212:12:12:12,15130,15130000,15131000,2.0,server_received
fd00::212:12:12:12,15139,15139000,15140000,2.0,server_received
fd00::212:12:12:12,15149,15149000,15150000,2.0,server_received
fd00::212:12:12:12,15168,15168000,15169000,2.0,server_received
fd00::212:12:12:12,15199,15199000,15200000,2.0,server_received
fd00::212:12:12:12,15200,15200000,15201000,2.0,server_received
fd00::212:12:12:12,15265,15265000,15266000,6.0,server_received
fd00::212:12:12:12,15276,15276000,15277000,1.0,server_received
fd00::212:12:12:12,15287,15287000,15288000,2.0,server_received
fd00::212:12:12:12,15297,15297000,15298000,2.0,server_received
fd00::212:12:12:12,15308,15308000,15309000,2.0,server_received
fd00::212:12:12:12,15318,15318000,15319000,1.0,server_received
fd00::212:12:12:12,15331,15331000,15332000,2.0,server_received
fd00::212:12:12:12,15343,15343000,15344000,3.0,server_received
fd00::212:12:12:12,15351,15351000,15352000,2.0,server_received
fd00::212:12:12:12,15364,15364000,15365000,2.0,server_received
fd00::212:12:12:12,15372,15372000,15373000,1.0,server_received
fd00::212:12:12:12,15381,15381000,15382000,2.0,server_received
fd00::212:12:12:12,15392,15392000,15393000,2.0,server_received
fd00::212:12:12:12,15403,15403000,15404000,2.0,server_received
fd00::212:12:12:12,15417,15417000,15418000,2.0,server_received
fd00::212:12:12:12,15425,15425000,15426000,1.0,server_received
fd00::212:12:12:12,15435,15435000,15436000,2.0,server_received
fd00::212:12:12:12,15445,15445000,15446000,2.0,server_received
fd00::212:12:12:12,15725,15725000,15726000,1.0,server_received
fd00::212:12:12:12,15732,15732000,15733000,2.0,server_received
fd00::212:12:12:12,15742,15742000,15743000,1.0,server_received
fd00::212:12:12:12,15756,15756000,15757000,2.0,server_received
fd00::212:12:12:12,15762,15762000,15763000,2.0,server_received
fd00::212:12:12:12,15776,15776000,15777000,3.0,server_received
fd00::212:12:12:12,15785,15785000,15786000,4.0,server_received
fd00::212:12:12:12,15795,15795000,15796000,2.0,server_received
fd00::212:12:12:12,15808,15808000,15809000,2.0,server_received
fd00::212:12:12:12,16436,16436000,16437000,4.0,server_received
fd00::212:12:12:12,16447,16447000,16448000,2.0,server_received
fd00::212:12:12:12,16458,16458000,16459000,2.0,server_received
fd00::212:12:12:12,16468,16468000,16469000,2.0,server_received
fd00::212:12:12:12,16479,16479000,16480000,2.0,server_received
fd00::212:12:12:12,16490,16490000,16491000,2.0,server_received
fd00::212:12:12:12,16501,16501000,16502000,2.0,server_received
fd00::212:12:12:12,16510,16510000,16511000,2.0,server_received
fd00::212:12:12:12,16649,16649000,16650000,3.0,server_received
fd00::212:12:12:12,16658,16658000,16659000,2.0,server_received
fd00::212:12:12:12,16669,16669000,16670000,2.0,server_received
fd00::212:12:12:12,16679,16679000,16680000,2.0,server_received
fd00::212:12:12:12,16701,16701000,16702000,2.0,server_received
fd00::212:12:12:12,17264,17264000,17265000,3.0,server_received
fd00::212:12:12:12,17703,17703000,17704000,4.0,server_received
fd00::212:12:12:12,17767,17767000,17768000,3.0,server_received
fd00::212:12:12:12,18379,18379000,18380000,4.0,server_received
fd00::212:12:12:12,18388,18388000,18389000,2.0,server_received
fd00::212:12:12:12,18399,18399000,18400000,2.0,server_received
fd00::212:12:12:12,18409,18409000,18410000,2.0,server_received
fd00::212:12:12:12,18423,18423000,18424000,2.0,server_received
fd00::212:12:12:12,18433,18433000,18434000,2.0,server_received
fd00::212:12:12:12,18446,18446000,18447000,2.0,server_received
fd00::212:12:12:12,18456,18456000,18457000,3.0,server_received
fd00::212:12:12:12,18462,18462000,18463000,2.0,server_received
fd00::212:12:12:12,18473,18473000,18474000,2.0,server_received
fd00::212:12:12:12,18487,18487000,18488000,2.0,server_received
fd00::212:12:12:12,18494,18494000,18495000,2.0,server_received
fd00::212:12:12:12,18507,18507000,18508000,2.0,server_received
fd00::212:12:12:12,18515,18515000,18516000,2.0,server_received
fd00::212:12:12:12,18525,18525000,18526000,2.0,server_received
fd00::212:12:12:12,18536,18536000,18537000,2.0,server_received
fd00::212:12:12:12,18546,18546000,18547000,2.0,server_received
fd00::212:12:12:12,18926,18926000,18927000,3.0,server_received
fd00::212:12:12:12,18937,18937000,18938000,2.0,server_received
fd00::212:12:12:12,18948,18948000,18949000,2.0,server_received
fd00::212:12:12:12,18958,18958000,18959000,2.0,server_received
fd00::212:12:12:12,18969,18969000,18970000,2.0,server_received
fd00::212:12:12:12,18979,18979000,18980000,2.0,server_received
fd00::212:12:12:12,18989,18989000,18990000,2.0,server_received
fd00::212:12:12:12,19004,19004000,19005000,2.0,server_received
fd00::212:12:12:12,19011,19011000,19012000,2.0,server_received
fd00::212:12:12:12,19028,19028000,19029000,2.0,server_received
fd00::212:12:12:12,19037,19037000,19038000,1.0,server_received
fd00::212:12:12:12,19047,19047000,19048000,1.0,server_received
fd00::212:12:12:12,19055,19055000,19056000,2.0,server_received
fd00::212:12:12:12,19085,19085000,19086000,2.0,server_received
fd00::212:12:12:12,19243,19243000,19244000,4.0,server_received
fd00::212:12:12:12,19253,19253000,19254000,2.0,server_received
fd00::212:12:12:12,19264,19264000,19265000,2.0,server_received
fd00::212:12:12:12,19281,19281000,19282000,1.0,server_received
fd00::212:12:12:12,19308,19308000,19309000,2.0,server_received
fd00::212:12:12:12,19507,19507000,19508000,2.0,server_received
fd00::212:12:12:12,19517,19517000,19518000,2.0,server_received
fd00::212:12:12:12,19528,19528000,19529000,1.0,server_received
fd00::212:12:12:12,19540,19540000,19541000,3.0,server_received
fd00::212:12:12:12,19549,19549000,19550000,2.0,server_received
fd00::212:12:12:12,19559,19559000,19560000,2.0,server_received
fd00::212:12:12:12,19573,19573000,19574000,2.0,server_received
fd00::212:12:12:12,19582,19582000,19583000,2.0,server_received
fd00::212:12:12:12,19594,19594000,19595000,2.0,server_received
fd00::212:12:12:12,19604,19604000,19605000,2.0,server_received
fd00::212:12:12:12,19612,19612000,19613000,1.0,server_received
fd00::212:12:12:12,19624,19624000,19625000,1.0,server_received
fd00::212:12:12:12,19634,19634000,19635000,3.0,server_received
fd00::212:12:12:12,19644,19644000,19645000,1.0,server_received
fd00::212:12:12:12,19656,19656000,19657000,1.0,server_received
fd00::212:12:12:12,19665,19665000,19666000,2.0,server_received
fd00::212:12:12:12,19683,19683000,19684000,1.0,server_received
fd00::212:12:12:12,19686,19686000,19687000,1.0,server_received
fd00::212:12:12:12,19698,19698000,19699000,2.0,server_received
fd00::212:12:12:12,19707,19707000,19708000,2.0,server_received
fd00::212:12:12:12,19717,19717000,19718000,2.0,server_received
fd00::212:12:12:12,19732,19732000,19733000,2.0,server_received
fd00::212:12:12:12,19739,19739000,19740000,1.0,server_received
fd00::212:12:12:12,20097,20097000,20098000,5.0,server_received
fd00::212:12:12:12,20111,20111000,20112000,2.0,server_received
fd00::212:12:12:12,20119,20119000,20120000,1.0,server_received
fd00::212:12:12:12,20129,20129000,20130000,2.0,server_received
fd00::212:12:12:12,20139,20139000,20140000,2.0,server_received
fd00::212:12:12:12,20151,20151000,20152000,2.0,server_received
fd00::212:12:12:12,20166,20166000,20167000,2.0,server_received
fd00::212:12:12:12,20172,20172000,20173000,2.0,server_received
fd00::212:12:12:12,20183,20183000,20184000,2.0,server_received
fd00::212:12:12:12,20192,20192000,20193000,1.0,server_received
fd00::212:12:12:12,20203,20203000,20204000,2.0,server_received
fd00::212:12:12:12,20213,20213000,20214000,2.0,server_received
fd00::212:12:12:12,20224,20224000,20225000,1.0,server_received
fd00::212:12:12:12,20235,20235000,20236000,2.0,server_received
fd00::212:12:12:12,20245,20245000,20246000,2.0,server_received
fd00::212:12:12:12,20259,20259000,20260000,2.0,server_received
fd00::212:12:12:12,20269,20269000,20270000,1.0,server_received
fd00::212:12:12:12,20277,20277000,20278000,2.0,server_received
fd00::212:12:12:12,20289,20289000,20290000,2.0,server_received
fd00::213:13:13:13,9585,9585000,9586000,0.0,server_received
fd00::213:13:13:13,9603,9603000,9604000,1.0,server_received
fd00::213:13:13:13,9623,9623000,9624000,1.0,server_received
fd00::213:13:13:13,9643,9643000,9644000,1.0,server_received
fd00::214:14:14:14,136,136000,137000,0.0,server_received
fd00::214:14:14:14,2220,2220000,2221000,1.0,server_received
fd00::214:14:14:14,2227,2227000,2228000,1.0,server_received
fd00::214:14:14:14,2244,2244000,2245000,2.0,server_received
fd00::214:14:14:14,11406,11406000,11407000,1.0,server_received
fd00::214:14:14:14,11438,11438000,11439000,1.0,server_received
fd00::214:14:14:14,16013,16013000,16014000,5.0,server_received
fd00::214:14:14:14,16026,16026000,16027000,1.0,server_received
fd00::214:14:14:14,16046,16046000,16047000,2.0,server_received
fd00::214:14:14:14,16059,16059000,16060000,2.0,server_received
fd00::214:14:14:14,16092,16092000,16093000,3.0,server_received
fd00::214:14:14:14,16098,16098000,16099000,2.0,server_received
fd00::214:14:14:14,16107,16107000,16108000,1.0,server_received
fd00::214:14:14:14,17664,17664000,17665000,4.0,server_received
fd00::215:15:15:15,21,21000,22000,0.0,server_received
fd00::215:15:15:15,34,34000,35000,2.0,server_received
fd00::215:15:15:15,41,41000,42000,2.0,server_received
fd00::215:15:15:15,54,54000,55000,1.0,server_received
fd00::215:15:15:15,61,61000,62000,2.0,server_received
fd00::215:15:15:15,284,284000,285000,4.0,server_received
fd00::215:15:15:15,292,292000,293000,2.0,server_received
fd00::215:15:15:15,426,426000,427000,3.0,server_received
fd00::215:15:15:15,427,427000,428000,1.0,server_received
fd00::215:15:15:15,501,501000,502000,2.0,server_received
fd00::215:15:15:15,518,518000,519000,2.0,server_received
fd00::215:15:15:15,525,525000,526000,3.0,server_received
fd00::215:15:15:15,802,802000,803000,4.0,server_received
fd00::215:15:15:15,814,814000,815000,1.0,server_received
fd00::215:15:15:15,822,822000,823000,3.0,server_received
fd00::215:15:15:15,834,834000,835000,2.0,server_received
fd00::215:15:15:15,841,841000,842000,1.0,server_received
fd00::215:15:15:15,853,853000,854000,3.0,server_received
fd00::215:15:15:15,864,864000,865000,2.0,server_received
fd00::215:15:15:15,876,876000,877000,2.0,server_received
fd00::215:15:15:15,884,884000,885000,2.0,server_received
fd00::215:15:15:15,895,895000,896000,2.0,server_received
fd00::215:15:15:15,901,901000,902000,1.0,server_received
fd00::215:15:15:15,910,910000,911000,2.0,server_received
fd00::215:15:15:15,929,929000,930000,3.0,server_received
fd00::215:15:15:15,942,942000,943000,2.0,server_received
fd00::215:15:15:15,948,948000,949000,1.0,server_received
fd00::215:15:15:15,1000,1000000,1001000,5.0,server_received
fd00::215:15:15:15,1011,1011000,1012000,2.0,server_received
fd00::215:15:15:15,1021,1021000,1022000,3.0,server_received
fd00::215:15:15:15,1031,1031000,1032000,1.0,server_received
fd00::215:15:15:15,1046,1046000,1047000,3.0,server_received
fd00::215:15:15:15,1052,1052000,1053000,1.0,server_received
fd00::215:15:15:15,1060,1060000,1061000,2.0,server_received
fd00::215:15:15:15,1071,1071000,1072000,3.0,server_received
fd00::215:15:15:15,1082,1082000,1083000,1.0,server_received
fd00::215:15:15:15,1092,1092000,1093000,3.0,server_received
fd00::215:15:15:15,1413,1413000,1414000,5.0,server_received
fd00::215:15:15:15,1422,1422000,1423000,2.0,server_received
fd00::215:15:15:15,1435,1435000,1436000,2.0,server_received
fd00::215:15:15:15,1441,1441000,1442000,2.0,server_received
fd00::215:15:15:15,1456,1456000,1457000,2.0,server_received
fd00::215:15:15:15,1465,1465000,1466000,2.0,server_received
fd00::215:15:15:15,1494,1494000,1495000,1.0,server_received
fd00::215:15:15:15,1762,1762000,1763000,3.0,server_received
fd00::215:15:15:15,1771,1771000,1772000,1.0,server_received
fd00::215:15:15:15,1783,1783000,1784000,3.0,server_received
fd00::215:15:15:15,1795,1795000,1796000,2.0,server_received
fd00::215:15:15:15,2613,2613000,2614000,8.0,server_received
fd00::215:15:15:15,3331,3331000,3332000,3.0,server_received
fd00::215:15:15:15,3342,3342000,3343000,2.0,server_received
fd00::215:15:15:15,3351,3351000,3352000,2.0,server_received
fd00::215:15:15:15,3364,3364000,3365000,2.0,server_received
fd00::215:15:15:15,3372,3372000,3373000,2.0,server_received
fd00::215:15:15:15,3392,3392000,3393000,1.0,server_received
fd00::215:15:15:15,3564,3564000,3565000,3.0,server_received
fd00::215:15:15:15,3577,3577000,3578000,1.0,server_received
fd00::215:15:15:15,3772,3772000,3773000,1.0,server_received
fd00::215:15:15:15,3785,3785000,3786000,3.0,server_received
fd00::215:15:15:15,3792,3792000,3793000,1.0,server_received
fd00::215:15:15:15,3801,3801000,3802000,3.0,server_received
fd00::215:15:15:15,3811,3811000,3812000,1.0,server_received
fd00::215:15:15:15,3821,3821000,3822000,3.0,server_received
fd00::215:15:15:15,4316,4316000,4317000,2.0,server_received
fd00::215:15:15:15,4322,4322000,4323000,1.0,server_received
fd00::215:15:15:15,4331,4331000,4332000,2.0,server_received
fd00::215:15:15:15,4348,4348000,4349000,1.0,server_received
fd00::215:15:15:15,4575,4575000,4576000,2.0,server_received
fd00::215:15:15:15,4584,4584000,4585000,2.0,server_received
fd00::215:15:15:15,4594,4594000,4595000,2.0,server_received
fd00::215:15:15:15,4604,4604000,4605000,2.0,server_received
fd00::215:15:15:15,4617,4617000,4618000,2.0,server_received
fd00::215:15:15:15,4633,4633000,4634000,3.0,server_received
fd00::215:15:15:15,4641,4641000,4642000,2.0,server_received
fd00::215:15:15:15,4655,4655000,4656000,1.0,server_received
fd00::215:15:15:15,4822,4822000,4823000,2.0,server_received
fd00::215:15:15:15,4832,4832000,4833000,2.0,server_received
fd00::215:15:15:15,4842,4842000,4843000,2.0,server_received
fd00::215:15:15:15,4852,4852000,4853000,2.0,server_received
fd00::215:15:15:15,4869,4869000,4870000,1.0,server_received
fd00::215:15:15:15,5012,5012000,5013000,2.0,server_received
fd00::215:15:15:15,5027,5027000,5028000,2.0,server_received
fd00::215:15:15:15,5032,5032000,5033000,2.0,server_received
fd00::215:15:15:15,5057,5057000,5058000,1.0,server_received
fd00::215:15:15:15,5722,5722000,5723000,2.0,server_received
fd00::215:15:15:15,6082,6082000,6083000,2.0,server_received
fd00::215:15:15:15,6234,6234000,6235000,2.0,server_received
fd00::215:15:15:15,6248,6248000,6249000,2.0,server_received
fd00::215:15:15:15,6569,6569000,6570000,6.0,server_received
fd00::215:15:15:15,6574,6574000,6575000,3.0,server_received
fd00::215:15:15:15,6582,6582000,6583000,1.0,server_received
fd00::215:15:15:15,6593,6593000,6594000,3.0,server_received
fd00::215:15:15:15,6602,6602000,6603000,1.0,server_received
fd00::215:15:15:15,6814,6814000,6815000,2.0,server_received
fd00::215:15:15:15,6825,6825000,6826000,3.0,server_received
fd00::215:15:15:15,6837,6837000,6838000,2.0,server_received
fd00::215:15:15:15,6846,6846000,6847000,2.0,server_received
fd00::215:15:15:15,6852,6852000,6853000,2.0,server_received
fd00::215:15:15:15,6862,6862000,6863000,2.0,server_received
fd00::215:15:15:15,6872,6872000,6873000,1.0,server_received
fd00::215:15:15:15,6888,6888000,6889000,2.0,server_received
fd00::215:15:15:15,7032,7032000,7033000,1.0,server_received
fd00::215:15:15:15,7042,7042000,7043000,2.0,server_received
fd00::215:15:15:15,7053,7053000,7054000,2.0,server_received
fd00::215:15:15:15,7066,7066000,7067000,2.0,server_received
fd00::215:15:15:15,7078,7078000,7079000,3.0,server_received
fd00::215:15:15:15,7087,7087000,7088000,1.0,server_received
fd00::215:15:15:15,7403,7403000,7404000,2.0,server_received
fd00::215:15:15:15,7413,7413000,7414000,2.0,server_received
fd00::215:15:15:15,7424,7424000,7425000,2.0,server_received
fd00::215:15:15:15,7436,7436000,7437000,2.0,server_received
fd00::215:15:15:15,7462,7462000,7463000,2.0,server_received
fd00::215:15:15:15,7472,7472000,7473000,3.0,server_received
fd00::215:15:15:15,7483,7483000,7484000,3.0,server_received
fd00::215:15:15:15,7497,7497000,7498000,2.0,server_received
fd00::215:15:15:15,7503,7503000,7504000,1.0,server_received
fd00::215:15:15:15,7513,7513000,7514000,3.0,server_received
fd00::215:15:15:15,7524,7524000,7525000,1.0,server_received
fd00::215:15:15:15,7533,7533000,7534000,2.0,server_received
fd00::215:15:15:15,7542,7542000,7543000,2.0,server_received
fd00::215:15:15:15,7560,7560000,7561000,1.0,server_received
fd00::215:15:15:15,7572,7572000,7573000,3.0,server_received
fd00::215:15:15:15,7583,7583000,7584000,2.0,server_received
fd00::215:15:15:15,7592,7592000,7593000,1.0,server_received
fd00::215:15:15:15,7602,7602000,7603000,2.0,server_received
fd00::215:15:15:15,7614,7614000,7615000,2.0,server_received
fd00::215:15:15:15,7623,7623000,7624000,3.0,server_received
fd00::215:15:15:15,7634,7634000,7635000,2.0,server_received
fd00::215:15:15:15,7646,7646000,7647000,2.0,server_received
fd00::215:15:15:15,7653,7653000,7654000,2.0,server_received
fd00::215:15:15:15,7664,7664000,7665000,1.0,server_received
fd00::215:15:15:15,9107,9107000,9108000,11.0,server_received
fd00::215:15:15:15,9114,9114000,9115000,2.0,server_received
fd00::215:15:15:15,9124,9124000,9125000,2.0,server_received
fd00::215:15:15:15,9133,9133000,9134000,2.0,server_received
fd00::215:15:15:15,9144,9144000,9145000,1.0,server_received
fd00::215:15:15:15,9153,9153000,9154000,1.0,server_received
fd00::215:15:15:15,9165,9165000,9166000,3.0,server_received
fd00::215:15:15:15,9173,9173000,9174000,2.0,server_received
fd00::215:15:15:15,9183,9183000,9184000,2.0,server_received
fd00::215:15:15:15,9193,9193000,9194000,2.0,server_received
fd00::215:15:15:15,9206,9206000,9207000,2.0,server_received
fd00::215:15:15:15,9213,9213000,9214000,2.0,server_received
fd00::215:15:15:15,9227,9227000,9228000,2.0,server_received
fd00::215:15:15:15,9235,9235000,9236000,2.0,server_received
fd00::215:15:15:15,9243,9243000,9244000,2.0,server_received
fd00::215:15:15:15,9254,9254000,9255000,2.0,server_received
fd00::215:15:15:15,9269,9269000,9270000,2.0,server_received
fd00::215:15:15:15,9279,9279000,9280000,2.0,server_received
fd00::215:15:15:15,9287,9287000,9288000,2.0,server_received
fd00::215:15:15:15,9296,9296000,9297000,2.0,server_received
fd00::215:15:15:15,9307,9307000,9308000,2.0,server_received
fd00::215:15:15:15,9323,9323000,9324000,2.0,server_received
fd00::215:15:15:15,9334,9334000,9335000,3.0,server_received
fd00::215:15:15:15,9344,9344000,9345000,2.0,server_received
fd00::215:15:15:15,9353,9353000,9354000,1.0,server_received
fd00::215:15:15:15,9364,9364000,9365000,3.0,server_received
fd00::215:15:15:15,9373,9373000,9374000,2.0,server_received
fd00::215:15:15:15,9383,9383000,9384000,2.0,server_received
fd00::215:15:15:15,9394,9394000,9395000,1.0,server_received
fd00::215:15:15:15,9403,9403000,9404000,3.0,server_received
fd00::215:15:15:15,9414,9414000,9415000,2.0,server_received
fd00::215:15:15:15,9423,9423000,9424000,2.0,server_received
fd00::215:15:15:15,9436,9436000,9437000,2.0,server_received
fd00::215:15:15:15,9444,9444000,9445000,2.0,server_received
fd00::215:15:15:15,9454,9454000,9455000,2.0,server_received
fd00::215:15:15:15,9464,9464000,9465000,1.0,server_received
fd00::215:15:15:15,9473,9473000,9474000,3.0,server_received
fd00::215:15:15:15,9483,9483000,9484000,1.0,server_received
fd00::215:15:15:15,9497,9497000,9498000,2.0,server_received
fd00::215:15:15:15,9503,9503000,9504000,3.0,server_received
fd00::215:15:15:15,9513,9513000,9514000,1.0,server_received
fd00::215:15:15:15,9525,9525000,9526000,3.0,server_received
fd00::215:15:15:15,9533,9533000,9534000,2.0,server_received
fd00::215:15:15:15,9544,9544000,9545000,2.0,server_received
fd00::215:15:15:15,9553,9553000,9554000,1.0,server_received
fd00::215:15:15:15,9564,9564000,9565000,2.0,server_received
fd00::215:15:15:15,9576,9576000,9577000,2.0,server_received
fd00::215:15:15:15,9583,9583000,9584000,2.0,server_received
fd00::215:15:15:15,9594,9594000,9595000,2.0,server_received
fd00::215:15:15:15,9603,9603000,9604000,2.0,server_received
fd00::215:15:15:15,9613,9613000,9614000,2.0,server_received
fd00::215:15:15:15,9623,9623000,9624000,2.0,server_received
fd00::215:15:15:15,9634,9634000,9635000,2.0,server_received
fd00::215:15:15:15,9645,9645000,9646000,2.0,server_received
fd00::215:15:15:15,9653,9653000,9654000,2.0,server_received
fd00::215:15:15:15,9663,9663000,9664000,2.0,server_received
fd00::215:15:15:15,9673,9673000,9674000,2.0,server_received
fd00::215:15:15:15,9684,9684000,9685000,2.0,server_received
fd00::215:15:15:15,9696,9696000,9697000,2.0,server_received
fd00::215:15:15:15,9703,9703000,9704000,2.0,server_received
fd00::215:15:15:15,9713,9713000,9714000,1.0,server_received
fd00::215:15:15:15,9726,9726000,9727000,3.0,server_received
fd00::215:15:15:15,9733,9733000,9734000,2.0,server_received
fd00::215:15:15:15,9743,9743000,9744000,2.0,server_received
fd00::215:15:15:15,9754,9754000,9755000,2.0,server_received
fd00::215:15:15:15,9813,9813000,9814000,2.0,server_received
fd00::215:15:15:15,9824,9824000,9825000,1.0,server_received
fd00::215:15:15:15,9834,9834000,9835000,2.0,server_received
fd00::215:15:15:15,9843,9843000,9844000,3.0,server_received
fd00::215:15:15:15,9868,9868000,9869000,1.0,server_received
fd00::215:15:15:15,9882,9882000,9883000,3.0,server_received
fd00::215:15:15:15,10015,10015000,10016000,1.0,server_received
fd00::215:15:15:15,10023,10023000,10024000,2.0,server_received
fd00::215:15:15:15,10033,10033000,10034000,2.0,server_received
fd00::215:15:15:15,10043,10043000,10044000,2.0,server_received
fd00::215:15:15:15,10053,10053000,10054000,2.0,server_received
fd00::215:15:15:15,10063,10063000,10064000,2.0,server_received
fd00::215:15:15:15,10073,10073000,10074000,2.0,server_received
fd00::215:15:15:15,10083,10083000,10084000,1.0,server_received
fd00::215:15:15:15,10093,10093000,10094000,2.0,server_received
fd00::215:15:15:15,10116,10116000,10117000,2.0,server_received
fd00::215:15:15:15,10366,10366000,10367000,2.0,server_received
fd00::215:15:15:15,10379,10379000,10380000,2.0,server_received
fd00::215:15:15:15,10535,10535000,10536000,2.0,server_received
fd00::215:15:15:15,10543,10543000,10544000,2.0,server_received
fd00::215:15:15:15,11316,11316000,11317000,5.0,server_received
fd00::215:15:15:15,11337,11337000,11338000,3.0,server_received
fd00::215:15:15:15,11346,11346000,11347000,1.0,server_received
fd00::215:15:15:15,11355,11355000,11356000,1.0,server_received
fd00::215:15:15:15,11364,11364000,11365000,2.0,server_received
fd00::215:15:15:15,11375,11375000,11376000,1.0,server_received
fd00::215:15:15:15,11387,11387000,11388000,3.0,server_received
fd00::215:15:15:15,11574,11574000,11575000,2.0,server_received
fd00::215:15:15:15,11584,11584000,11585000,3.0,server_received
fd00::215:15:15:15,11654,11654000,11655000,4.0,server_received
fd00::215:15:15:15,11669,11669000,11670000,1.0,server_received
fd00::215:15:15:15,11690,11690000,11691000,1.0,server_received
fd00::215:15:15:15,12181,12181000,12182000,3.0,server_received
fd00::215:15:15:15,12196,12196000,12197000,2.0,server_received
fd00::215:15:15:15,12704,12704000,12705000,2.0,server_received
fd00::215:15:15:15,12714,12714000,12715000,2.0,server_received
fd00::215:15:15:15,12727,12727000,12728000,1.0,server_received
fd00::215:15:15:15,13204,13204000,13205000,3.0,server_received
fd00::215:15:15:15,13344,13344000,13345000,5.0,server_received
fd00::215:15:15:15,13354,13354000,13355000,2.0,server_received
fd00::215:15:15:15,13365,13365000,13366000,1.0,server_received
fd00::215:15:15:15,13376,13376000,13377000,1.0,server_received
fd00::215:15:15:15,13386,13386000,13387000,1.0,server_received
fd00::215:15:15:15,13394,13394000,13395000,2.0,server_received
fd00::215:15:15:15,13598,13598000,13599000,5.0,server_received
fd00::215:15:15:15,13607,13607000,13608000,4.0,server_received
fd00::215:15:15:15,14245,14245000,14246000,5.0,server_received
fd00::215:15:15:15,14444,14444000,14445000,4.0,server_received
fd00::215:15:15:15,14794,14794000,14795000,3.0,server_received
fd00::215:15:15:15,14806,14806000,14807000,2.0,server_received
fd00::215:15:15:15,14815,14815000,14816000,2.0,server_received
fd00::215:15:15:15,14825,14825000,14826000,2.0,server_received
fd00::215:15:15:15,14835,14835000,14836000,2.0,server_received
fd00::215:15:15:15,14844,14844000,14845000,2.0,server_received
fd00::215:15:15:15,14855,14855000,14856000,2.0,server_received
fd00::215:15:15:15,15125,15125000,15126000,3.0,server_received
fd00::215:15:15:15,15137,15137000,15138000,1.0,server_received
fd00::215:15:15:15,15177,15177000,15178000,2.0,server_received
fd00::215:15:15:15,15515,15515000,15516000,2.0,server_received
fd00::215:15:15:15,15525,15525000,15526000,3.0,server_received
fd00::215:15:15:15,15536,15536000,15537000,2.0,server_received
fd00::215:15:15:15,15545,15545000,15546000,2.0,server_received
fd00::215:15:15:15,15558,15558000,15559000,2.0,server_received
fd00::215:15:15:15,16032,16032000,16033000,5.0,server_received
fd00::215:15:15:15,16035,16035000,16036000,1.0,server_received
fd00::215:15:15:15,16048,16048000,16049000,2.0,server_received
fd00::215:15:15:15,16059,16059000,16060000,2.0,server_received
fd00::215:15:15:15,16065,16065000,16066000,1.0,server_received
fd00::215:15:15:15,16075,16075000,16076000,1.0,server_received
fd00::215:15:15:15,16095,16095000,16096000,3.0,server_received
fd00::215:15:15:15,16425,16425000,16426000,2.0,server_received
fd00::215:15:15:15,16435,16435000,16436000,2.0,server_received
fd00::215:15:15:15,16445,16445000,16446000,2.0,server_received
fd00::215:15:15:15,16456,16456000,16457000,2.0,server_received
fd00::215:15:15:15,16465,16465000,16466000,1.0,server_received
fd00::215:15:15:15,16476,16476000,16477000,3.0,server_received
fd00::215:15:15:15,16494,16494000,16495000,2.0,server_received
fd00::215:15:15:15,16499,16499000,16500000,2.0,server_received
fd00::215:15:15:15,16522,16522000,16523000,1.0,server_received
fd00::215:15:15:15,16538,16538000,16539000,1.0,server_received
fd00::215:15:15:15,16816,16816000,16817000,2.0,server_received
fd00::215:15:15:15,17085,17085000,17086000,2.0,server_received
fd00::215:15:15:15,17095,17095000,17096000,2.0,server_received
fd00::215:15:15:15,17105,17105000,17106000,2.0,server_received
fd00::215:15:15:15,17115,17115000,17116000,2.0,server_received
fd00::215:15:15:15,17127,17127000,17128000,1.0,server_received
fd00::215:15:15:15,17346,17346000,17347000,3.0,server_received
fd00::215:15:15:15,17355,17355000,17356000,2.0,server_received
fd00::215:15:15:15,17366,17366000,17367000,2.0,server_received
fd00::215:15:15:15,17375,17375000,17376000,2.0,server_received
fd00::215:15:15:15,17385,17385000,17386000,2.0,server_received
fd00::215:15:15:15,17395,17395000,17396000,2.0,server_received
fd00::215:15:15:15,17406,17406000,17407000,2.0,server_received
fd00::215:15:15:15,17417,17417000,17418000,2.0,server_received
fd00::215:15:15:15,17428,17428000,17429000,2.0,server_received
fd00::215:15:15:15,17437,17437000,17438000,1.0,server_received
fd00::215:15:15:15,18145,18145000,18146000,10.0,server_received
fd00::215:15:15:15,18158,18158000,18159000,1.0,server_received
fd00::215:15:15:15,18169,18169000,18170000,3.0,server_received
fd00::215:15:15:15,18188,18188000,18189000,2.0,server_received
fd00::215:15:15:15,18367,18367000,18368000,5.0,server_received
fd00::215:15:15:15,18379,18379000,18380000,2.0,server_received
fd00::215:15:15:15,18938,18938000,18939000,1.0,server_received
fd00::215:15:15:15,18947,18947000,18948000,3.0,server_received
fd00::215:15:15:15,18956,18956000,18957000,2.0,server_received
fd00::215:15:15:15,18967,18967000,18968000,2.0,server_received
fd00::215:15:15:15,18978,18978000,18979000,1.0,server_received
fd00::215:15:15:15,18986,18986000,18987000,2.0,server_received
fd00::215:15:15:15,18996,18996000,18997000,3.0,server_received
fd00::215:15:15:15,19006,19006000,19007000,1.0,server_received
fd00::215:15:15:15,19017,19017000,19018000,2.0,server_received
fd00::215:15:15:15,19029,19029000,19030000,1.0,server_received
fd00::215:15:15:15,19038,19038000,19039000,2.0,server_received
fd00::215:15:15:15,19055,19055000,19056000,1.0,server_received
fd00::215:15:15:15,19246,19246000,19247000,2.0,server_received
fd00::215:15:15:15,19256,19256000,19257000,2.0,server_received
fd00::215:15:15:15,19286,19286000,19287000,4.0,server_received
fd00::215:15:15:15,19293,19293000,19294000,2.0,server_received
fd00::215:15:15:15,19301,19301000,19302000,1.0,server_received
fd00::215:15:15:15,19309,19309000,19310000,2.0,server_received
fd00::215:15:15:15,19316,19316000,19317000,1.0,server_received
fd00::215:15:15:15,19326,19326000,19327000,3.0,server_received
fd00::215:15:15:15,19336,19336000,19337000,2.0,server_received
fd00::215:15:15:15,19346,19346000,19347000,2.0,server_received
fd00::215:15:15:15,19356,19356000,19357000,2.0,server_received
fd00::215:15:15:15,19366,19366000,19367000,2.0,server_received
fd00::215:15:15:15,19376,19376000,19377000,2.0,server_received
fd00::215:15:15:15,19386,19386000,19387000,2.0,server_received
fd00::215:15:15:15,19402,19402000,19403000,1.0,server_received
fd00::215:15:15:15,19956,19956000,19957000,4.0,server_received
fd00::215:15:15:15,20206,20206000,20207000,3.0,server_received
fd00::215:15:15:15,20216,20216000,20217000,3.0,server_received
fd00::215:15:15:15,20226,20226000,20227000,2.0,server_received
fd00::215:15:15:15,20238,20238000,20239000,3.0,server_received
fd00::215:15:15:15,20246,20246000,20247000,1.0,server_received
fd00::215:15:15:15,20569,20569000,20570000,5.0,server_received
fd00::215:15:15:15,20592,20592000,20593000,1.0,server_received
fd00::215:15:15:15,20616,20616000,20617000,4.0,server_received
fd00::215:15:15:15,20627,20627000,20628000,2.0,server_received
fd00::215:15:15:15,20636,20636000,20637000,1.0,server_received
fd00::215:15:15:15,20647,20647000,20648000,1.0,server_received
fd00::215:15:15:15,20658,20658000,20659000,3.0,server_received
fd00::215:15:15:15,20667,20667000,20668000,2.0,server_received
fd00::215:15:15:15,20677,20677000,20678000,1.0,server_received
fd00::215:15:15:15,20689,20689000,20690000,2.0,server_received
fd00::215:15:15:15,20696,20696000,20697000,2.0,server_received
fd00::215:15:15:15,20706,20706000,20707000,1.0,server_received
fd00::215:15:15:15,20716,20716000,20717000,1.0,server_received
fd00::215:15:15:15,21047,21047000,21048000,4.0,server_received
fd00::215:15:15:15,21057,21057000,21058000,1.0,server_received
fd00::215:15:15:15,21067,21067000,21068000,1.0,server_received
fd00::215:15:15:15,21081,21081000,21082000,1.0,server_received
fd00::215:15:15:15,21086,21086000,21087000,2.0,server_received
fd00::215:15:15:15,21096,21096000,21097000,1.0,server_received
fd00::215:15:15:15,21107,21107000,21108000,3.0,server_received
fd00::215:15:15:15,21116,21116000,21117000,2.0,server_received
fd00::215:15:15:15,21126,21126000,21127000,2.0,server_received
fd00::215:15:15:15,21360,21360000,21361000,3.0,server_received
fd00::215:15:15:15,21368,21368000,21369000,1.0,server_received
fd00::215:15:15:15,21377,21377000,21378000,2.0,server_received
fd00::215:15:15:15,21389,21389000,21390000,2.0,server_received
fd00::215:15:15:15,21397,21397000,21398000,3.0,server_received
fd00::215:15:15:15,21411,21411000,21412000,3.0,server_received
fd00::215:15:15:15,21417,21417000,21418000,2.0,server_received
fd00::216:16:16:16,13199,13199000,13200000,0.0,server_received
fd00::217:17:17:17,11,11000,12000,0.0,server_received
fd00::217:17:17:17,22,22000,23000,2.0,server_received
fd00::217:17:17:17,33,33000,34000,2.0,server_received
fd00::217:17:17:17,45,45000,46000,2.0,server_received
fd00::217:17:17:17,57,57000,58000,2.0,server_received
fd00::217:17:17:17,71,71000,72000,2.0,server_received
fd00::217:17:17:17,389,389000,390000,2.0,server_received
fd00::217:17:17:17,401,401000,402000,2.0,server_received
fd00::217:17:17:17,427,427000,428000,2.0,server_received
fd00::217:17:17:17,428,428000,429000,2.0,server_received
fd00::217:17:17:17,438,438000,439000,1.0,server_received
fd00::217:17:17:17,443,443000,444000,2.0,server_received
fd00::217:17:17:17,453,453000,454000,2.0,server_received
fd00::217:17:17:17,825,825000,826000,6.0,server_received
fd00::217:17:17:17,835,835000,836000,2.0,server_received
fd00::217:17:17:17,843,843000,844000,2.0,server_received
fd00::217:17:17:17,856,856000,857000,2.0,server_received
fd00::217:17:17:17,865,865000,866000,2.0,server_received
fd00::217:17:17:17,874,874000,875000,2.0,server_received
fd00::217:17:17:17,886,886000,887000,2.0,server_received
fd00::217:17:17:17,896,896000,897000,2.0,server_received
fd00::217:17:17:17,907,907000,908000,2.0,server_received
fd00::217:17:17:17,918,918000,919000,2.0,server_received
fd00::217:17:17:17,938,938000,939000,1.0,server_received
fd00::217:17:17:17,953,953000,954000,2.0,server_received
fd00::217:17:17:17,977,977000,978000,1.0,server_received
fd00::217:17:17:17,1710,1710000,1711000,8.0,server_received
fd00::217:17:17:17,2191,2191000,2192000,3.0,server_received
fd00::217:17:17:17,2192,2192000,2193000,2.0,server_received
fd00::217:17:17:17,2203,2203000,2204000,2.0,server_received
fd00::217:17:17:17,2215,2215000,2216000,2.0,server_received
fd00::217:17:17:17,2224,2224000,2225000,2.0,server_received
fd00::217:17:17:17,2243,2243000,2244000,1.0,server_received
fd00::217:17:17:17,2497,2497000,2498000,4.0,server_received
fd00::217:17:17:17,2505,2505000,2506000,2.0,server_received
fd00::217:17:17:17,2519,2519000,2520000,3.0,server_received
fd00::217:17:17:17,2526,2526000,2527000,2.0,server_received
fd00::217:17:17:17,2979,2979000,2980000,2.0,server_received
fd00::217:17:17:17,2995,2995000,2996000,3.0,server_received
fd00::217:17:17:17,3005,3005000,3006000,3.0,server_received
fd00::217:17:17:17,3249,3249000,3250000,3.0,server_received
fd00::217:17:17:17,3263,3263000,3264000,3.0,server_received
fd00::217:17:17:17,3282,3282000,3283000,1.0,server_received
fd00::217:17:17:17,3468,3468000,3469000,2.0,server_received
fd00::217:17:17:17,3476,3476000,3477000,2.0,server_received
fd00::217:17:17:17,3487,3487000,3488000,2.0,server_received
fd00::217:17:17:17,3498,3498000,3499000,2.0,server_received
fd00::217:17:17:17,3508,3508000,3509000,2.0,server_received
fd00::217:17:17:17,3779,3779000,3780000,3.0,server_received
fd00::217:17:17:17,3789,3789000,3790000,2.0,server_received
fd00::217:17:17:17,3802,3802000,3803000,2.0,server_received
fd00::217:17:17:17,3811,3811000,3812000,1.0,server_received
fd00::217:17:17:17,3822,3822000,3823000,2.0,server_received
fd00::217:17:17:17,4353,4353000,4354000,7.0,server_received
fd00::217:17:17:17,4368,4368000,4369000,2.0,server_received
fd00::217:17:17:17,4369,4369000,4370000,1.0,server_received
fd00::217:17:17:17,4377,4377000,4378000,2.0,server_received
fd00::217:17:17:17,4782,4782000,4783000,3.0,server_received
fd00::217:17:17:17,4798,4798000,4799000,1.0,server_received
fd00::217:17:17:17,4987,4987000,4988000,2.0,server_received
fd00::217:17:17:17,4998,4998000,4999000,2.0,server_received
fd00::217:17:17:17,5011,5011000,5012000,2.0,server_received
fd00::217:17:17:17,5019,5019000,5020000,2.0,server_received
fd00::217:17:17:17,5031,5031000,5032000,3.0,server_received
fd00::217:17:17:17,5044,5044000,5045000,2.0,server_received
fd00::217:17:17:17,5052,5052000,5053000,2.0,server_received
fd00::217:17:17:17,5063,5063000,5064000,1.0,server_received
fd00::217:17:17:17,5073,5073000,5074000,1.0,server_received
fd00::217:17:17:17,5084,5084000,5085000,3.0,server_received
fd00::217:17:17:17,6099,6099000,6100000,7.0,server_received
fd00::217:17:17:17,6114,6114000,6115000,2.0,server_received
fd00::217:17:17:17,6123,6123000,6124000,3.0,server_received
fd00::217:17:17:17,6131,6131000,6132000,2.0,server_received
fd00::217:17:17:17,6150,6150000,6151000,1.0,server_received
fd00::217:17:17:17,6224,6224000,6225000,1.0,server_received
fd00::217:17:17:17,6235,6235000,6236000,1.0,server_received
fd00::217:17:17:17,6461,6461000,6462000,3.0,server_received
fd00::217:17:17:17,6726,6726000,6727000,3.0,server_received
fd00::217:17:17:17,6747,6747000,6748000,2.0,server_received
fd00::217:17:17:17,6758,6758000,6759000,8.0,server_received
fd00::217:17:17:17,7081,7081000,7082000,4.0,server_received
fd00::217:17:17:17,7097,7097000,7098000,3.0,server_received
fd00::217:17:17:17,7298,7298000,7299000,2.0,server_received
fd00::217:17:17:17,7426,7426000,7427000,2.0,server_received
fd00::217:17:17:17,7438,7438000,7439000,2.0,server_received
fd00::217:17:17:17,7457,7457000,7458000,2.0,server_received
fd00::217:17:17:17,7497,7497000,7498000,1.0,server_received
fd00::217:17:17:17,7503,7503000,7504000,3.0,server_received
fd00::217:17:17:17,7513,7513000,7514000,2.0,server_received
fd00::217:17:17:17,7529,7529000,7530000,2.0,server_received
fd00::217:17:17:17,7537,7537000,7538000,2.0,server_received
fd00::217:17:17:17,7546,7546000,7547000,2.0,server_received
fd00::217:17:17:17,7837,7837000,7838000,3.0,server_received
fd00::217:17:17:17,7847,7847000,7848000,3.0,server_received
fd00::217:17:17:17,7863,7863000,7864000,1.0,server_received
fd00::217:17:17:17,7869,7869000,7870000,2.0,server_received
fd00::217:17:17:17,7882,7882000,7883000,3.0,server_received
fd00::217:17:17:17,7894,7894000,7895000,1.0,server_received
fd00::217:17:17:17,7908,7908000,7909000,2.0,server_received
fd00::217:17:17:17,8054,8054000,8055000,3.0,server_received
fd00::217:17:17:17,8078,8078000,8079000,1.0,server_received
fd00::217:17:17:17,8279,8279000,8280000,2.0,server_received
fd00::217:17:17:17,8646,8646000,8647000,2.0,server_received
fd00::217:17:17:17,8657,8657000,8658000,2.0,server_received
fd00::217:17:17:17,8668,8668000,8669000,2.0,server_received
fd00::217:17:17:17,9046,9046000,9047000,2.0,server_received
fd00::217:17:17:17,9057,9057000,9058000,2.0,server_received
fd00::217:17:17:17,9069,9069000,9070000,1.0,server_received
fd00::217:17:17:17,9078,9078000,9079000,2.0,server_received
fd00::217:17:17:17,9218,9218000,9219000,1.0,server_received
fd00::217:17:17:17,9229,9229000,9230000,2.0,server_received
fd00::217:17:17:17,9244,9244000,9245000,3.0,server_received
fd00::217:17:17:17,9255,9255000,9256000,2.0,server_received
fd00::217:17:17:17,9267,9267000,9268000,2.0,server_received
fd00::217:17:17:17,9272,9272000,9273000,2.0,server_received
fd00::217:17:17:17,9285,9285000,9286000,2.0,server_received
fd00::217:17:17:17,9295,9295000,9296000,2.0,server_received
fd00::217:17:17:17,9306,9306000,9307000,1.0,server_received
fd00::217:17:17:17,9456,9456000,9457000,2.0,server_received
fd00::217:17:17:17,9467,9467000,9468000,2.0,server_received
fd00::217:17:17:17,9477,9477000,9478000,2.0,server_received
fd00::217:17:17:17,9488,9488000,9489000,2.0,server_received
fd00::217:17:17:17,9499,9499000,9500000,2.0,server_received
fd00::217:17:17:17,9512,9512000,9513000,3.0,server_received
fd00::217:17:17:17,9521,9521000,9522000,2.0,server_received
fd00::217:17:17:17,9533,9533000,9534000,2.0,server_received
fd00::217:17:17:17,9547,9547000,9548000,2.0,server_received
fd00::217:17:17:17,9553,9553000,9554000,2.0,server_received
fd00::217:17:17:17,9565,9565000,9566000,2.0,server_received
fd00::217:17:17:17,9575,9575000,9576000,2.0,server_received
fd00::217:17:17:17,9585,9585000,9586000,2.0,server_received
fd00::217:17:17:17,9597,9597000,9598000,2.0,server_received
fd00::217:17:17:17,9607,9607000,9608000,2.0,server_received
fd00::217:17:17:17,9985,9985000,9986000,3.0,server_received
fd00::217:17:17:17,10276,10276000,10277000,3.0,server_received
fd00::217:17:17:17,10287,10287000,10288000,1.0,server_received
fd00::217:17:17:17,10298,10298000,10299000,2.0,server_received
fd00::217:17:17:17,10477,10477000,10478000,3.0,server_received
fd00::217:17:17:17,10497,10497000,10498000,3.0,server_received
fd00::217:17:17:17,10719,10719000,10720000,1.0,server_received
fd00::217:17:17:17,11107,11107000,11108000,6.0,server_received
fd00::217:17:17:17,11118,11118000,11119000,2.0,server_received
fd00::217:17:17:17,11307,11307000,11308000,4.0,server_received
fd00::217:17:17:17,11319,11319000,11320000,2.0,server_received
fd00::217:17:17:17,11571,11571000,11572000,3.0,server_received
fd00::217:17:17:17,11582,11582000,11583000,3.0,server_received
fd00::217:17:17:17,11593,11593000,11594000,3.0,server_received
fd00::217:17:17:17,11608,11608000,11609000,4.0,server_received
fd00::217:17:17:17,11616,11616000,11617000,2.0,server_received
fd00::217:17:17:17,11625,11625000,11626000,2.0,server_received
fd00::217:17:17:17,11636,11636000,11637000,2.0,server_received
fd00::217:17:17:17,11647,11647000,11648000,2.0,server_received
fd00::217:17:17:17,11658,11658000,11659000,2.0,server_received
fd00::217:17:17:17,12089,12089000,12090000,2.0,server_received
fd00::217:17:17:17,12100,12100000,12101000,3.0,server_received
fd00::217:17:17:17,12111,12111000,12112000,2.0,server_received
fd00::217:17:17:17,12122,12122000,12123000,2.0,server_received
fd00::217:17:17:17,12133,12133000,12134000,2.0,server_received
fd00::217:17:17:17,12143,12143000,12144000,2.0,server_received
fd00::217:17:17:17,12154,12154000,12155000,2.0,server_received
fd00::217:17:17:17,12165,12165000,12166000,2.0,server_received
fd00::217:17:17:17,12176,12176000,12177000,2.0,server_received
fd00::217:17:17:17,12187,12187000,12188000,2.0,server_received
fd00::217:17:17:17,12199,12199000,12200000,2.0,server_received
fd00::217:17:17:17,12424,12424000,12425000,2.0,server_received
fd00::217:17:17:17,12436,12436000,12437000,2.0,server_received
fd00::217:17:17:17,12446,12446000,12447000,2.0,server_received
fd00::217:17:17:17,12456,12456000,12457000,2.0,server_received
fd00::217:17:17:17,12468,12468000,12469000,3.0,server_received
fd00::217:17:17:17,12478,12478000,12479000,2.0,server_received
fd00::217:17:17:17,12489,12489000,12490000,2.0,server_received
fd00::217:17:17:17,12526,12526000,12527000,4.0,server_received
fd00::217:17:17:17,12543,12543000,12544000,4.0,server_received
fd00::217:17:17:17,12877,12877000,12878000,1.0,server_received
fd00::217:17:17:17,12895,12895000,12896000,2.0,server_received
fd00::217:17:17:17,12899,12899000,12900000,2.0,server_received
fd00::217:17:17:17,12911,12911000,12912000,3.0,server_received
fd00::217:17:17:17,12923,12923000,12924000,2.0,server_received
fd00::217:17:17:17,12937,12937000,12938000,1.0,server_received
fd00::217:17:17:17,13172,13172000,13173000,2.0,server_received
fd00::217:17:17:17,13725,13725000,13726000,6.0,server_received
fd00::217:17:17:17,13737,13737000,13738000,2.0,server_received
fd00::217:17:17:17,14216,14216000,14217000,4.0,server_received
fd00::217:17:17:17,14227,14227000,14228000,2.0,server_received
fd00::217:17:17:17,14237,14237000,14238000,2.0,server_received
fd00::217:17:17:17,14249,14249000,14250000,2.0,server_received
fd00::217:17:17:17,14259,14259000,14260000,1.0,server_received
fd00::217:17:17:17,14293,14293000,14294000,3.0,server_received
fd00::217:17:17:17,14304,14304000,14305000,3.0,server_received
fd00::217:17:17:17,14367,14367000,14368000,2.0,server_received
fd00::217:17:17:17,14378,14378000,14379000,2.0,server_received
fd00::217:17:17:17,14574,14574000,14575000,5.0,server_received
fd00::217:17:17:17,14583,14583000,14584000,2.0,server_received
fd00::217:17:17:17,14594,14594000,14595000,2.0,server_received
fd00::217:17:17:17,14604,14604000,14605000,2.0,server_received
fd00::217:17:17:17,14616,14616000,14617000,2.0,server_received
fd00::217:17:17:17,14626,14626000,14627000,1.0,server_received
fd00::217:17:17:17,14665,14665000,14666000,2.0,server_received
fd00::217:17:17:17,15264,15264000,15265000,7.0,server_received
fd00::217:17:17:17,15274,15274000,15275000,2.0,server_received
fd00::217:17:17:17,15298,15298000,15299000,1.0,server_received
fd00::217:17:17:17,15794,15794000,15795000,4.0,server_received
fd00::217:17:17:17,15811,15811000,15812000,2.0,server_received
fd00::217:17:17:17,15975,15975000,15976000,5.0,server_received
fd00::217:17:17:17,15988,15988000,15989000,2.0,server_received
fd00::217:17:17:17,15997,15997000,15998000,2.0,server_received
fd00::217:17:17:17,16008,16008000,16009000,2.0,server_received
fd00::217:17:17:17,16019,16019000,16020000,2.0,server_received
fd00::217:17:17:17,16032,16032000,16033000,2.0,server_received
fd00::217:17:17:17,16041,16041000,16042000,2.0,server_received
fd00::217:17:17:17,16052,16052000,16053000,1.0,server_received
fd00::217:17:17:17,16062,16062000,16063000,3.0,server_received
fd00::217:17:17:17,16078,16078000,16079000,2.0,server_received
fd00::217:17:17:17,16088,16088000,16089000,2.0,server_received
fd00::217:17:17:17,16094,16094000,16095000,2.0,server_received
fd00::217:17:17:17,16106,16106000,16107000,2.0,server_received
fd00::217:17:17:17,16117,16117000,16118000,2.0,server_received
fd00::217:17:17:17,16126,16126000,16127000,2.0,server_received
fd00::217:17:17:17,16385,16385000,16386000,2.0,server_received
fd00::217:17:17:17,16396,16396000,16397000,2.0,server_received
fd00::217:17:17:17,16407,16407000,16408000,2.0,server_received
fd00::217:17:17:17,16418,16418000,16419000,2.0,server_received
fd00::217:17:17:17,16429,16429000,16430000,2.0,server_received
fd00::217:17:17:17,16444,16444000,16445000,2.0,server_received
fd00::217:17:17:17,16451,16451000,16452000,2.0,server_received
fd00::217:17:17:17,16461,16461000,16462000,3.0,server_received
fd00::217:17:17:17,16472,16472000,16473000,2.0,server_received
fd00::217:17:17:17,16486,16486000,16487000,1.0,server_received
fd00::217:17:17:17,17286,17286000,17287000,5.0,server_received
fd00::217:17:17:17,17294,17294000,17295000,2.0,server_received
fd00::217:17:17:17,17304,17304000,17305000,1.0,server_received
fd00::217:17:17:17,17427,17427000,17428000,3.0,server_received
fd00::217:17:17:17,17435,17435000,17436000,1.0,server_received
fd00::217:17:17:17,17596,17596000,17597000,2.0,server_received
fd00::217:17:17:17,17605,17605000,17606000,2.0,server_received
fd00::217:17:17:17,17616,17616000,17617000,2.0,server_received
fd00::217:17:17:17,17627,17627000,17628000,2.0,server_received
fd00::217:17:17:17,17645,17645000,17646000,2.0,server_received
fd00::217:17:17:17,17664,17664000,17665000,2.0,server_received
fd00::217:17:17:17,17972,17972000,17973000,8.0,server_received
fd00::217:17:17:17,17983,17983000,17984000,2.0,server_received
fd00::217:17:17:17,17994,17994000,17995000,2.0,server_received
fd00::217:17:17:17,18005,18005000,18006000,2.0,server_received
fd00::217:17:17:17,18016,18016000,18017000,2.0,server_received
fd00::217:17:17:17,18027,18027000,18028000,2.0,server_received
fd00::217:17:17:17,18037,18037000,18038000,2.0,server_received
fd00::217:17:17:17,18048,18048000,18049000,2.0,server_received
fd00::217:17:17:17,18058,18058000,18059000,2.0,server_received
fd00::217:17:17:17,18069,18069000,18070000,2.0,server_received
fd00::217:17:17:17,18080,18080000,18081000,3.0,server_received
fd00::217:17:17:17,18091,18091000,18092000,1.0,server_received
fd00::217:17:17:17,18106,18106000,18107000,3.0,server_received
fd00::217:17:17:17,18119,18119000,18120000,1.0,server_received
fd00::217:17:17:17,18189,18189000,18190000,2.0,server_received
fd00::217:17:17:17,18194,18194000,18195000,1.0,server_received
fd00::217:17:17:17,18199,18199000,18200000,1.0,server_received
fd00::217:17:17:17,18502,18502000,18503000,3.0,server_received
fd00::217:17:17:17,18514,18514000,18515000,2.0,server_received
fd00::217:17:17:17,18526,18526000,18527000,2.0,server_received
fd00::217:17:17:17,18534,18534000,18535000,2.0,server_received
fd00::217:17:17:17,18545,18545000,18546000,2.0,server_received
fd00::217:17:17:17,18555,18555000,18556000,2.0,server_received
fd00::217:17:17:17,18768,18768000,18769000,1.0,server_received
fd00::217:17:17:17,18922,18922000,18923000,3.0,server_received
fd00::217:17:17:17,18933,18933000,18934000,2.0,server_received
fd00::217:17:17:17,18946,18946000,18947000,1.0,server_received
fd00::217:17:17:17,19386,19386000,19387000,4.0,server_received
fd00::217:17:17:17,19397,19397000,19398000,2.0,server_received
fd00::217:17:17:17,19408,19408000,19409000,2.0,server_received
fd00::217:17:17:17,19418,19418000,19419000,2.0,server_received
fd00::217:17:17:17,19436,19436000,19437000,2.0,server_received
fd00::217:17:17:17,19441,19441000,19442000,3.0,server_received
fd00::217:17:17:17,19454,19454000,19455000,2.0,server_received
fd00::217:17:17:17,19462,19462000,19463000,2.0,server_received
fd00::217:17:17:17,19475,19475000,19476000,2.0,server_received
fd00::217:17:17:17,19486,19486000,19487000,2.0,server_received
fd00::217:17:17:17,19495,19495000,19496000,2.0,server_received
fd00::217:17:17:17,19509,19509000,19510000,2.0,server_received
fd00::217:17:17:17,19527,19527000,19528000,1.0,server_received
fd00::217:17:17:17,19819,19819000,19820000,5.0,server_received
fd00::217:17:17:17,19829,19829000,19830000,3.0,server_received
fd00::217:17:17:17,20077,20077000,20078000,1.0,server_received
fd00::217:17:17:17,20088,20088000,20089000,2.0,server_received
fd00::217:17:17:17,20102,20102000,20103000,2.0,server_received
fd00::217:17:17:17,20114,20114000,20115000,2.0,server_received
fd00::217:17:17:17,20139,20139000,20140000,2.0,server_received
fd00::217:17:17:17,20455,20455000,20456000,4.0,server_received
fd00::217:17:17:17,20466,20466000,20467000,2.0,server_received
fd00::217:17:17:17,20498,20498000,20499000,4.0,server_received
fd00::217:17:17:17,20512,20512000,20513000,2.0,server_received
fd00::217:17:17:17,20854,20854000,20855000,4.0,server_received
fd00::217:17:17:17,20865,20865000,20866000,2.0,server_received
fd00::217:17:17:17,20881,20881000,20882000,3.0,server_received
fd00::217:17:17:17,20887,20887000,20888000,2.0,server_received
fd00::217:17:17:17,20899,20899000,20900000,3.0,server_received
fd00::217:17:17:17,20908,20908000,20909000,2.0,server_received
fd00::217:17:17:17,20919,20919000,20920000,2.0,server_received
fd00::217:17:17:17,20931,20931000,20932000,4.0,server_received
fd00::217:17:17:17,20948,20948000,20949000,4.0,server_received
fd00::217:17:17:17,20954,20954000,20955000,3.0,server_received
fd00::217:17:17:17,20962,20962000,20963000,3.0,server_received
fd00::217:17:17:17,20974,20974000,20975000,2.0,server_received
fd00::217:17:17:17,20984,20984000,20985000,2.0,server_received
fd00::217:17:17:17,21008,21008000,21009000,1.0,server_received
fd00::217:17:17:17,21243,21243000,21244000,2.0,server_received
fd00::217:17:17:17,21253,21253000,21254000,2.0,server_received
fd00::217:17:17:17,21265,21265000,21266000,1.0,server_received
fd00::217:17:17:17,21275,21275000,21276000,3.0,server_received
fd00::218:18:18:18,20,20000,21000,0.0,server_received
fd00::218:18:18:18,31,31000,32000,2.0,server_received
fd00::218:18:18:18,44,44000,45000,2.0,server_received
fd00::218:18:18:18,52,52000,53000,1.0,server_received
fd00::218:18:18:18,63,63000,64000,3.0,server_received
fd00::218:18:18:18,77,77000,78000,1.0,server_received
fd00::218:18:18:18,274,274000,275000,1.0,server_received
fd00::218:18:18:18,285,285000,286000,3.0,server_received
fd00::218:18:18:18,666,666000,667000,3.0,server_received
fd00::218:18:18:18,676,676000,677000,2.0,server_received
fd00::218:18:18:18,688,688000,689000,2.0,server_received
fd00::218:18:18:18,697,697000,698000,2.0,server_received
fd00::218:18:18:18,708,708000,709000,2.0,server_received
fd00::218:18:18:18,718,718000,719000,2.0,server_received
fd00::218:18:18:18,1036,1036000,1037000,3.0,server_received
fd00::218:18:18:18,1046,1046000,1047000,2.0,server_received
fd00::218:18:18:18,1057,1057000,1058000,2.0,server_received
fd00::218:18:18:18,1068,1068000,1069000,1.0,server_received
fd00::218:18:18:18,1078,1078000,1079000,2.0,server_received
fd00::218:18:18:18,1089,1089000,1090000,2.0,server_received
fd00::218:18:18:18,1099,1099000,1100000,2.0,server_received
fd00::218:18:18:18,1110,1110000,1111000,2.0,server_received
fd00::218:18:18:18,1137,1137000,1138000,4.0,server_received
fd00::218:18:18:18,1154,1154000,1155000,2.0,server_received
fd00::218:18:18:18,1163,1163000,1164000,1.0,server_received
fd00::218:18:18:18,1177,1177000,1178000,1.0,server_received
fd00::218:18:18:18,1184,1184000,1185000,1.0,server_received
fd00::218:18:18:18,1226,1226000,1227000,2.0,server_received
fd00::218:18:18:18,1235,1235000,1236000,4.0,server_received
fd00::218:18:18:18,1237,1237000,1238000,1.0,server_received
fd00::218:18:18:18,1247,1247000,1248000,2.0,server_received
fd00::218:18:18:18,1258,1258000,1259000,3.0,server_received
fd00::218:18:18:18,1269,1269000,1270000,3.0,server_received
fd00::218:18:18:18,1279,1279000,1280000,3.0,server_received
fd00::218:18:18:18,1292,1292000,1293000,2.0,server_received
fd00::218:18:18:18,1301,1301000,1302000,2.0,server_received
fd00::218:18:18:18,1314,1314000,1315000,3.0,server_received
fd00::218:18:18:18,1321,1321000,1322000,2.0,server_received
fd00::218:18:18:18,1336,1336000,1337000,2.0,server_received
fd00::218:18:18:18,1342,1342000,1343000,2.0,server_received
fd00::218:18:18:18,1353,1353000,1354000,2.0,server_received
fd00::218:18:18:18,1365,1365000,1366000,2.0,server_received
fd00::218:18:18:18,1374,1374000,1375000,2.0,server_received
fd00::218:18:18:18,1385,1385000,1386000,2.0,server_received
fd00::218:18:18:18,1395,1395000,1396000,1.0,server_received
fd00::218:18:18:18,1406,1406000,1407000,3.0,server_received
fd00::218:18:18:18,1417,1417000,1418000,2.0,server_received
fd00::218:18:18:18,1427,1427000,1428000,2.0,server_received
fd00::218:18:18:18,1438,1438000,1439000,1.0,server_received
fd00::218:18:18:18,1629,1629000,1630000,3.0,server_received
fd00::218:18:18:18,1639,1639000,1640000,2.0,server_received
fd00::218:18:18:18,1649,1649000,1650000,2.0,server_received
fd00::218:18:18:18,1661,1661000,1662000,2.0,server_received
fd00::218:18:18:18,1698,1698000,1699000,3.0,server_received
fd00::218:18:18:18,1884,1884000,1885000,3.0,server_received
fd00::218:18:18:18,1893,1893000,1894000,3.0,server_received
fd00::218:18:18:18,2095,2095000,2096000,4.0,server_received
fd00::218:18:18:18,2105,2105000,2106000,2.0,server_received
fd00::218:18:18:18,2115,2115000,2116000,2.0,server_received
fd00::218:18:18:18,2129,2129000,2130000,2.0,server_received
fd00::218:18:18:18,2136,2136000,2137000,2.0,server_received
fd00::218:18:18:18,2146,2146000,2147000,2.0,server_received
fd00::218:18:18:18,2157,2157000,2158000,2.0,server_received
fd00::218:18:18:18,2167,2167000,2168000,2.0,server_received
fd00::218:18:18:18,2178,2178000,2179000,2.0,server_received
fd00::218:18:18:18,2728,2728000,2729000,8.0,server_received
fd00::218:18:18:18,2919,2919000,2920000,8.0,server_received
fd00::218:18:18:18,2931,2931000,2932000,2.0,server_received
fd00::218:18:18:18,2940,2940000,2941000,2.0,server_received
fd00::218:18:18:18,2971,2971000,2972000,3.0,server_received
fd00::218:18:18:18,2982,2982000,2983000,2.0,server_received
fd00::218:18:18:18,2998,2998000,2999000,3.0,server_received
fd00::218:18:18:18,3011,3011000,3012000,1.0,server_received
fd00::218:18:18:18,3088,3088000,3089000,3.0,server_received
fd00::218:18:18:18,3491,3491000,3492000,3.0,server_received
fd00::218:18:18:18,3505,3505000,3506000,2.0,server_received
fd00::218:18:18:18,3514,3514000,3515000,3.0,server_received
fd00::218:18:18:18,3527,3527000,3528000,1.0,server_received
fd00::218:18:18:18,3532,3532000,3533000,3.0,server_received
fd00::218:18:18:18,3544,3544000,3545000,2.0,server_received
fd00::218:18:18:18,3882,3882000,3883000,2.0,server_received
fd00::218:18:18:18,3894,3894000,3895000,2.0,server_received
fd00::218:18:18:18,3902,3902000,3903000,2.0,server_received
fd00::218:18:18:18,3916,3916000,3917000,2.0,server_received
fd00::218:18:18:18,3925,3925000,3926000,2.0,server_received
fd00::218:18:18:18,4886,4886000,4887000,5.0,server_received
fd00::218:18:18:18,4896,4896000,4897000,2.0,server_received
fd00::218:18:18:18,4907,4907000,4908000,2.0,server_received
fd00::218:18:18:18,4922,4922000,4923000,2.0,server_received
fd00::218:18:18:18,4929,4929000,4930000,2.0,server_received
fd00::218:18:18:18,4939,4939000,4940000,2.0,server_received
fd00::218:18:18:18,4953,4953000,4954000,2.0,server_received
fd00::218:18:18:18,4962,4962000,4963000,2.0,server_received
fd00::218:18:18:18,4971,4971000,4972000,2.0,server_received
fd00::218:18:18:18,4984,4984000,4985000,3.0,server_received
fd00::218:18:18:18,4992,4992000,4993000,2.0,server_received
fd00::218:18:18:18,5005,5005000,5006000,2.0,server_received
fd00::218:18:18:18,5013,5013000,5014000,1.0,server_received
fd00::218:18:18:18,5023,5023000,5024000,1.0,server_received
fd00::218:18:18:18,5034,5034000,5035000,2.0,server_received
fd00::218:18:18:18,5047,5047000,5048000,2.0,server_received
fd00::218:18:18:18,5098,5098000,5099000,3.0,server_received
fd00::218:18:18:18,5114,5114000,5115000,3.0,server_received
fd00::218:18:18:18,6155,6155000,6156000,6.0,server_received
fd00::218:18:18:18,6166,6166000,6167000,2.0,server_received
fd00::218:18:18:18,6176,6176000,6177000,2.0,server_received
fd00::218:18:18:18,6187,6187000,6188000,2.0,server_received
fd00::218:18:18:18,6197,6197000,6198000,2.0,server_received
fd00::218:18:18:18,7038,7038000,7039000,4.0,server_received
fd00::218:18:18:18,7055,7055000,7056000,3.0,server_received
fd00::218:18:18:18,7066,7066000,7067000,2.0,server_received
fd00::218:18:18:18,7255,7255000,7256000,2.0,server_received
fd00::218:18:18:18,7266,7266000,7267000,2.0,server_received
fd00::218:18:18:18,7278,7278000,7279000,2.0,server_received
fd00::218:18:18:18,7287,7287000,7288000,2.0,server_received
fd00::218:18:18:18,7298,7298000,7299000,2.0,server_received
fd00::218:18:18:18,7308,7308000,7309000,2.0,server_received
fd00::218:18:18:18,7319,7319000,7320000,2.0,server_received
fd00::218:18:18:18,7329,7329000,7330000,2.0,server_received
fd00::218:18:18:18,7459,7459000,7460000,4.0,server_received
fd00::218:18:18:18,7689,7689000,7690000,5.0,server_received
fd00::218:18:18:18,7701,7701000,7702000,2.0,server_received
fd00::218:18:18:18,7978,7978000,7979000,4.0,server_received
fd00::218:18:18:18,8145,8145000,8146000,2.0,server_received
fd00::218:18:18:18,8159,8159000,8160000,2.0,server_received
fd00::218:18:18:18,8165,8165000,8166000,1.0,server_received
fd00::218:18:18:18,8176,8176000,8177000,1.0,server_received
fd00::218:18:18:18,8186,8186000,8187000,3.0,server_received
fd00::218:18:18:18,8196,8196000,8197000,1.0,server_received
fd00::218:18:18:18,8592,8592000,8593000,17.0,server_received
fd00::218:18:18:18,8604,8604000,8605000,2.0,server_received
fd00::218:18:18:18,8609,8609000,8610000,2.0,server_received
fd00::218:18:18:18,8625,8625000,8626000,2.0,server_received
fd00::218:18:18:18,8632,8632000,8633000,2.0,server_received
fd00::218:18:18:18,8645,8645000,8646000,3.0,server_received
fd00::218:18:18:18,8659,8659000,8660000,1.0,server_received
fd00::218:18:18:18,8873,8873000,8874000,8.0,server_received
fd00::218:18:18:18,8884,8884000,8885000,2.0,server_received
fd00::218:18:18:18,8895,8895000,8896000,2.0,server_received
fd00::218:18:18:18,8905,8905000,8906000,2.0,server_received
fd00::218:18:18:18,8919,8919000,8920000,2.0,server_received
fd00::218:18:18:18,8926,8926000,8927000,2.0,server_received
fd00::218:18:18:18,8937,8937000,8938000,2.0,server_received
fd00::218:18:18:18,8947,8947000,8948000,2.0,server_received
fd00::218:18:18:18,8958,8958000,8959000,2.0,server_received
fd00::218:18:18:18,8977,8977000,8978000,2.0,server_received
fd00::218:18:18:18,8979,8979000,8980000,2.0,server_received
fd00::218:18:18:18,8991,8991000,8992000,2.0,server_received
fd00::218:18:18:18,9004,9004000,9005000,2.0,server_received
fd00::218:18:18:18,9014,9014000,9015000,3.0,server_received
fd00::218:18:18:18,9026,9026000,9027000,2.0,server_received
fd00::218:18:18:18,9037,9037000,9038000,2.0,server_received
fd00::218:18:18:18,9057,9057000,9058000,2.0,server_received
fd00::218:18:18:18,9413,9413000,9414000,3.0,server_received
fd00::218:18:18:18,9424,9424000,9425000,2.0,server_received
fd00::218:18:18:18,9435,9435000,9436000,2.0,server_received
fd00::218:18:18:18,9445,9445000,9446000,2.0,server_received
fd00::218:18:18:18,9455,9455000,9456000,2.0,server_received
fd00::218:18:18:18,9466,9466000,9467000,2.0,server_received
fd00::218:18:18:18,9477,9477000,9478000,2.0,server_received
fd00::218:18:18:18,9487,9487000,9488000,2.0,server_received
fd00::218:18:18:18,9497,9497000,9498000,2.0,server_received
fd00::218:18:18:18,9508,9508000,9509000,2.0,server_received
fd00::218:18:18:18,9519,9519000,9520000,2.0,server_received
fd00::218:18:18:18,9529,9529000,9530000,2.0,server_received
fd00::218:18:18:18,9541,9541000,9542000,2.0,server_received
fd00::218:18:18:18,9551,9551000,9552000,3.0,server_received
fd00::218:18:18:18,9562,9562000,9563000,1.0,server_received
fd00::218:18:18:18,9573,9573000,9574000,2.0,server_received
fd00::218:18:18:18,9582,9582000,9583000,1.0,server_received
fd00::218:18:18:18,9593,9593000,9594000,1.0,server_received
fd00::218:18:18:18,9608,9608000,9609000,2.0,server_received
fd00::218:18:18:18,9622,9622000,9623000,1.0,server_received
fd00::218:18:18:18,9628,9628000,9629000,2.0,server_received
fd00::218:18:18:18,9643,9643000,9644000,2.0,server_received
fd00::218:18:18:18,9646,9646000,9647000,1.0,server_received
fd00::218:18:18:18,9656,9656000,9657000,2.0,server_received
fd00::218:18:18:18,9667,9667000,9668000,2.0,server_received
fd00::218:18:18:18,9677,9677000,9678000,2.0,server_received
fd00::218:18:18:18,9688,9688000,9689000,2.0,server_received
fd00::218:18:18:18,9698,9698000,9699000,2.0,server_received
fd00::218:18:18:18,9713,9713000,9714000,3.0,server_received
fd00::218:18:18:18,9723,9723000,9724000,2.0,server_received
fd00::218:18:18:18,9730,9730000,9731000,2.0,server_received
fd00::218:18:18:18,9743,9743000,9744000,3.0,server_received
fd00::218:18:18:18,9751,9751000,9752000,2.0,server_received
fd00::218:18:18:18,9762,9762000,9763000,2.0,server_received
fd00::218:18:18:18,9773,9773000,9774000,2.0,server_received
fd00::218:18:18:18,9783,9783000,9784000,2.0,server_received
fd00::218:18:18:18,9794,9794000,9795000,2.0,server_received
fd00::218:18:18:18,9805,9805000,9806000,2.0,server_received
fd00::218:18:18:18,9815,9815000,9816000,2.0,server_received
fd00::218:18:18:18,9825,9825000,9826000,1.0,server_received
fd00::218:18:18:18,9842,9842000,9843000,3.0,server_received
fd00::218:18:18:18,9847,9847000,9848000,2.0,server_received
fd00::218:18:18:18,9857,9857000,9858000,2.0,server_received
fd00::218:18:18:18,9868,9868000,9869000,3.0,server_received
fd00::218:18:18:18,9878,9878000,9879000,2.0,server_received
fd00::218:18:18:18,10259,10259000,10260000,2.0,server_received
fd00::218:18:18:18,10269,10269000,10270000,2.0,server_received
fd00::218:18:18:18,10280,10280000,10281000,2.0,server_received
fd00::218:18:18:18,10297,10297000,10298000,3.0,server_received
fd00::218:18:18:18,10303,10303000,10304000,2.0,server_received
fd00::218:18:18:18,10315,10315000,10316000,2.0,server_received
fd00::218:18:18:18,10325,10325000,10326000,2.0,server_received
fd00::218:18:18:18,10333,10333000,10334000,2.0,server_received
fd00::218:18:18:18,10356,10356000,10357000,1.0,server_received
fd00::218:18:18:18,10365,10365000,10366000,1.0,server_received
fd00::218:18:18:18,10376,10376000,10377000,1.0,server_received
fd00::218:18:18:18,10386,10386000,10387000,2.0,server_received
fd00::218:18:18:18,10396,10396000,10397000,2.0,server_received
fd00::218:18:18:18,10423,10423000,10424000,1.0,server_received
fd00::218:18:18:18,10449,10449000,10450000,3.0,server_received
fd00::218:18:18:18,10462,10462000,10463000,2.0,server_received
fd00::218:18:18:18,10872,10872000,10873000,9.0,server_received
fd00::218:18:18:18,10887,10887000,10888000,2.0,server_received
fd00::218:18:18:18,10894,10894000,10895000,2.0,server_received
fd00::218:18:18:18,10909,10909000,10910000,2.0,server_received
fd00::218:18:18:18,11400,11400000,11401000,3.0,server_received
fd00::218:18:18:18,11408,11408000,11409000,2.0,server_received
fd00::218:18:18:18,11436,11436000,11437000,2.0,server_received
fd00::218:18:18:18,11856,11856000,11857000,3.0,server_received
fd00::218:18:18:18,11867,11867000,11868000,2.0,server_received
fd00::218:18:18:18,11877,11877000,11878000,2.0,server_received
fd00::218:18:18:18,11888,11888000,11889000,2.0,server_received
fd00::218:18:18:18,11902,11902000,11903000,1.0,server_received
fd00::218:18:18:18,11909,11909000,11910000,2.0,server_received
fd00::218:18:18:18,11920,11920000,11921000,1.0,server_received
fd00::218:18:18:18,11930,11930000,11931000,2.0,server_received
fd00::218:18:18:18,11941,11941000,11942000,1.0,server_received
fd00::218:18:18:18,11952,11952000,11953000,2.0,server_received
fd00::218:18:18:18,11968,11968000,11969000,1.0,server_received
fd00::218:18:18:18,11972,11972000,11973000,2.0,server_received
fd00::218:18:18:18,11983,11983000,11984000,1.0,server_received
fd00::218:18:18:18,11994,11994000,11995000,2.0,server_received
fd00::218:18:18:18,12005,12005000,12006000,3.0,server_received
fd00::218:18:18:18,12019,12019000,12020000,2.0,server_received
fd00::218:18:18:18,12025,12025000,12026000,2.0,server_received
fd00::218:18:18:18,12322,12322000,12323000,13.0,server_received
fd00::218:18:18:18,12332,12332000,12333000,2.0,server_received
fd00::218:18:18:18,12352,12352000,12353000,2.0,server_received
fd00::218:18:18:18,12373,12373000,12374000,2.0,server_received
fd00::218:18:18:18,12725,12725000,12726000,4.0,server_received
fd00::218:18:18:18,12776,12776000,12777000,4.0,server_received
fd00::218:18:18:18,12787,12787000,12788000,3.0,server_received
fd00::218:18:18:18,12797,12797000,12798000,2.0,server_received
fd00::218:18:18:18,12808,12808000,12809000,2.0,server_received
fd00::218:18:18:18,12819,12819000,12820000,2.0,server_received
fd00::218:18:18:18,12829,12829000,12830000,2.0,server_received
fd00::218:18:18:18,12843,12843000,12844000,2.0,server_received
fd00::218:18:18:18,12854,12854000,12855000,2.0,server_received
fd00::218:18:18:18,12865,12865000,12866000,3.0,server_received
fd00::218:18:18:18,12874,12874000,12875000,2.0,server_received
fd00::218:18:18:18,12882,12882000,12883000,2.0,server_received
fd00::218:18:18:18,12894,12894000,12895000,2.0,server_received
fd00::218:18:18:18,12905,12905000,12906000,2.0,server_received
fd00::218:18:18:18,12915,12915000,12916000,2.0,server_received
fd00::218:18:18:18,12943,12943000,12944000,2.0,server_received
fd00::218:18:18:18,13199,13199000,13200000,1.0,server_received
fd00::218:18:18:18,13213,13213000,13214000,2.0,server_received
fd00::218:18:18:18,13224,13224000,13225000,2.0,server_received
fd00::218:18:18:18,13358,13358000,13359000,2.0,server_received
fd00::218:18:18:18,13376,13376000,13377000,2.0,server_received
fd00::218:18:18:18,13380,13380000,13381000,1.0,server_received
fd00::218:18:18:18,13390,13390000,13391000,2.0,server_received
fd00::218:18:18:18,13402,13402000,13403000,1.0,server_received
fd00::218:18:18:18,13718,13718000,13719000,5.0,server_received
fd00::218:18:18:18,13728,13728000,13729000,2.0,server_received
fd00::218:18:18:18,13996,13996000,13997000,1.0,server_received
fd00::218:18:18:18,14183,14183000,14184000,3.0,server_received
fd00::218:18:18:18,14194,14194000,14195000,2.0,server_received
fd00::218:18:18:18,14204,14204000,14205000,2.0,server_received
fd00::218:18:18:18,14215,14215000,14216000,2.0,server_received
fd00::218:18:18:18,14225,14225000,14226000,2.0,server_received
fd00::218:18:18:18,14259,14259000,14260000,2.0,server_received
fd00::218:18:18:18,14429,14429000,14430000,4.0,server_received
fd00::218:18:18:18,14647,14647000,14648000,2.0,server_received
fd00::218:18:18:18,15044,15044000,15045000,10.0,server_received
fd00::218:18:18:18,15054,15054000,15055000,2.0,server_received
fd00::218:18:18:18,15063,15063000,15064000,2.0,server_received
fd00::218:18:18:18,15072,15072000,15073000,2.0,server_received
fd00::218:18:18:18,15082,15082000,15083000,2.0,server_received
fd00::218:18:18:18,15096,15096000,15097000,2.0,server_received
fd00::218:18:18:18,15103,15103000,15104000,2.0,server_received
fd00::218:18:18:18,15114,15114000,15115000,2.0,server_received
fd00::218:18:18:18,15125,15125000,15126000,2.0,server_received
fd00::218:18:18:18,15135,15135000,15136000,2.0,server_received
fd00::218:18:18:18,15147,15147000,15148000,2.0,server_received
fd00::218:18:18:18,15162,15162000,15163000,1.0,server_received
fd00::218:18:18:18,15200,15200000,15201000,1.0,server_received
fd00::218:18:18:18,15413,15413000,15414000,7.0,server_received
fd00::218:18:18:18,15422,15422000,15423000,3.0,server_received
fd00::218:18:18:18,15433,15433000,15434000,3.0,server_received
fd00::218:18:18:18,15656,15656000,15657000,6.0,server_received
fd00::218:18:18:18,15664,15664000,15665000,2.0,server_received
fd00::218:18:18:18,15675,15675000,15676000,2.0,server_received
fd00::218:18:18:18,15689,15689000,15690000,2.0,server_received
fd00::218:18:18:18,15698,15698000,15699000,2.0,server_received
fd00::218:18:18:18,15707,15707000,15708000,2.0,server_received
fd00::218:18:18:18,15717,15717000,15718000,1.0,server_received
fd00::218:18:18:18,15730,15730000,15731000,2.0,server_received
fd00::218:18:18:18,15738,15738000,15739000,2.0,server_received
fd00::218:18:18:18,15753,15753000,15754000,1.0,server_received
fd00::218:18:18:18,15759,15759000,15760000,1.0,server_received
fd00::218:18:18:18,15775,15775000,15776000,2.0,server_received
fd00::218:18:18:18,15780,15780000,15781000,3.0,server_received
fd00::218:18:18:18,15792,15792000,15793000,3.0,server_received
fd00::218:18:18:18,15807,15807000,15808000,2.0,server_received
fd00::218:18:18:18,15819,15819000,15820000,1.0,server_received
fd00::218:18:18:18,16235,16235000,16236000,3.0,server_received
fd00::218:18:18:18,16246,16246000,16247000,2.0,server_received
fd00::218:18:18:18,16266,16266000,16267000,1.0,server_received
fd00::218:18:18:18,16616,16616000,16617000,4.0,server_received
fd00::218:18:18:18,16627,16627000,16628000,1.0,server_received
fd00::218:18:18:18,16637,16637000,16638000,2.0,server_received
fd00::218:18:18:18,16648,16648000,16649000,3.0,server_received
fd00::218:18:18:18,16658,16658000,16659000,2.0,server_received
fd00::218:18:18:18,16669,16669000,16670000,2.0,server_received
fd00::218:18:18:18,16679,16679000,16680000,2.0,server_received
fd00::218:18:18:18,16691,16691000,16692000,3.0,server_received
fd00::218:18:18:18,16700,16700000,16701000,2.0,server_received
fd00::218:18:18:18,16713,16713000,16714000,1.0,server_received
fd00::218:18:18:18,16735,16735000,16736000,3.0,server_received
fd00::218:18:18:18,16753,16753000,16754000,4.0,server_received
fd00::218:18:18:18,16764,16764000,16765000,2.0,server_received
fd00::218:18:18:18,16775,16775000,16776000,2.0,server_received
fd00::218:18:18:18,16789,16789000,16790000,1.0,server_received
fd00::218:18:18:18,16796,16796000,16797000,2.0,server_received
fd00::218:18:18:18,16818,16818000,16819000,1.0,server_received
fd00::218:18:18:18,17197,17197000,17198000,2.0,server_received
fd00::218:18:18:18,17208,17208000,17209000,2.0,server_received
fd00::218:18:18:18,17222,17222000,17223000,2.0,server_received
fd00::218:18:18:18,17229,17229000,17230000,2.0,server_received
fd00::218:18:18:18,17243,17243000,17244000,2.0,server_received
fd00::218:18:18:18,17253,17253000,17254000,2.0,server_received
fd00::218:18:18:18,17705,17705000,17706000,4.0,server_received
fd00::218:18:18:18,17716,17716000,17717000,2.0,server_received
fd00::218:18:18:18,17726,17726000,17727000,2.0,server_received
fd00::218:18:18:18,17737,17737000,17738000,2.0,server_received
fd00::218:18:18:18,17747,17747000,17748000,2.0,server_received
fd00::218:18:18:18,17758,17758000,17759000,2.0,server_received
fd00::218:18:18:18,17769,17769000,17770000,2.0,server_received
fd00::218:18:18:18,17780,17780000,17781000,2.0,server_received
fd00::218:18:18:18,18287,18287000,18288000,7.0,server_received
fd00::218:18:18:18,18297,18297000,18298000,2.0,server_received
fd00::218:18:18:18,18308,18308000,18309000,2.0,server_received
fd00::218:18:18:18,18319,18319000,18320000,2.0,server_received
fd00::218:18:18:18,18329,18329000,18330000,2.0,server_received
fd00::218:18:18:18,18341,18341000,18342000,2.0,server_received
fd00::218:18:18:18,18352,18352000,18353000,2.0,server_received
fd00::218:18:18:18,18361,18361000,18362000,2.0,server_received
fd00::218:18:18:18,18373,18373000,18374000,2.0,server_received
fd00::218:18:18:18,18386,18386000,18387000,2.0,server_received
fd00::218:18:18:18,18586,18586000,18587000,5.0,server_received
fd00::218:18:18:18,18837,18837000,18838000,6.0,server_received
fd00::218:18:18:18,18847,18847000,18848000,2.0,server_received
fd00::218:18:18:18,18858,18858000,18859000,2.0,server_received
fd00::218:18:18:18,18869,18869000,18870000,2.0,server_received
fd00::218:18:18:18,18879,18879000,18880000,2.0,server_received
fd00::218:18:18:18,18893,18893000,18894000,2.0,server_received
fd00::218:18:18:18,18904,18904000,18905000,2.0,server_received
fd00::218:18:18:18,18911,18911000,18912000,3.0,server_received
fd00::218:18:18:18,18925,18925000,18926000,2.0,server_received
fd00::218:18:18:18,18935,18935000,18936000,2.0,server_received
fd00::218:18:18:18,18948,18948000,18949000,2.0,server_received
fd00::218:18:18:18,18959,18959000,18960000,1.0,server_received
fd00::218:18:18:18,18967,18967000,18968000,1.0,server_received
fd00::218:18:18:18,18975,18975000,18976000,2.0,server_received
fd00::218:18:18:18,18986,18986000,18987000,2.0,server_received
fd00::218:18:18:18,18996,18996000,18997000,2.0,server_received
fd00::218:18:18:18,19006,19006000,19007000,1.0,server_received
fd00::218:18:18:18,19017,19017000,19018000,3.0,server_received
fd00::218:18:18:18,19029,19029000,19030000,2.0,server_received
fd00::218:18:18:18,19038,19038000,19039000,1.0,server_received
fd00::218:18:18:18,19055,19055000,19056000,2.0,server_received
fd00::218:18:18:18,19239,19239000,19240000,3.0,server_received
fd00::218:18:18:18,19249,19249000,19250000,2.0,server_received
fd00::218:18:18:18,19263,19263000,19264000,1.0,server_received
fd00::218:18:18:18,19273,19273000,19274000,2.0,server_received
fd00::218:18:18:18,19525,19525000,19526000,4.0,server_received
fd00::218:18:18:18,19527,19527000,19528000,1.0,server_received
fd00::218:18:18:18,19916,19916000,19917000,1.0,server_received
fd00::218:18:18:18,19926,19926000,19927000,5.0,server_received
fd00::218:18:18:18,19938,19938000,19939000,4.0,server_received
fd00::218:18:18:18,19947,19947000,19948000,2.0,server_received
fd00::218:18:18:18,20138,20138000,20139000,2.0,server_received
fd00::218:18:18:18,20159,20159000,20160000,1.0,server_received
fd00::218:18:18:18,20176,20176000,20177000,2.0,server_received
fd00::218:18:18:18,20180,20180000,20181000,2.0,server_received
fd00::218:18:18:18,20194,20194000,20195000,1.0,server_received
fd00::218:18:18:18,20201,20201000,20202000,2.0,server_received
fd00::218:18:18:18,20212,20212000,20213000,1.0,server_received
fd00::218:18:18:18,20223,20223000,20224000,2.0,server_received
fd00::218:18:18:18,20233,20233000,20234000,1.0,server_received
fd00::218:18:18:18,20252,20252000,20253000,3.0,server_received
fd00::218:18:18:18,21567,21567000,21568000,3.0,server_received
fd00::218:18:18:18,21585,21585000,21586000,2.0,server_received
fd00::219:19:19:19,43,43000,44000,0.0,server_received
fd00::219:19:19:19,59,59000,60000,2.0,server_received
fd00::219:19:19:19,707,707000,708000,2.0,server_received
fd00::219:19:19:19,717,717000,718000,3.0,server_received
fd00::219:19:19:19,1425,1425000,1426000,2.0,server_received
fd00::219:19:19:19,1438,1438000,1439000,2.0,server_received
fd00::219:19:19:19,1449,1449000,1450000,1.0,server_received
fd00::219:19:19:19,1667,1667000,1668000,3.0,server_received
fd00::219:19:19:19,1688,1688000,1689000,1.0,server_received
fd00::219:19:19:19,1689,1689000,1690000,2.0,server_received
fd00::219:19:19:19,10282,10282000,10283000,8.0,server_received
fd00::219:19:19:19,10304,10304000,10305000,2.0,server_received
fd00::219:19:19:19,10344,10344000,10345000,1.0,server_received
fd00::219:19:19:19,11438,11438000,11439000,6.0,server_received
fd00::219:19:19:19,12039,12039000,12040000,3.0,server_received
fd00::219:19:19:19,12854,12854000,12855000,7.0,server_received
fd00::219:19:19:19,12865,12865000,12866000,2.0,server_received
fd00::219:19:19:19,12874,12874000,12875000,3.0,server_received
fd00::219:19:19:19,12886,12886000,12887000,1.0,server_received
fd00::219:19:19:19,12897,12897000,12898000,2.0,server_received
fd00::219:19:19:19,12907,12907000,12908000,3.0,server_received
fd00::219:19:19:19,12917,12917000,12918000,2.0,server_received
fd00::219:19:19:19,13745,13745000,13746000,2.0,server_received
fd00::219:19:19:19,15065,15065000,15066000,5.0,server_received
fd00::219:19:19:19,15075,15075000,15076000,2.0,server_received
fd00::219:19:19:19,15082,15082000,15083000,2.0,server_received
fd00::219:19:19:19,15713,15713000,15714000,3.0,server_received
fd00::219:19:19:19,15726,15726000,15727000,1.0,server_received
fd00::219:19:19:19,16763,16763000,16764000,4.0,server_received
fd00::219:19:19:19,16773,16773000,16774000,2.0,server_received
fd00::219:19:19:19,16789,16789000,16790000,2.0,server_received
fd00::219:19:19:19,16804,16804000,16805000,1.0,server_received
fd00::219:19:19:19,19934,19934000,19935000,3.0,server_received
fd00::21a:1a:1a:1a,75,75000,76000,0.0,server_received
fd00::21a:1a:1a:1a,776,776000,777000,1.0,server_received
fd00::21a:1a:1a:1a,10327,10327000,10328000,1.0,server_received
fd00::21a:1a:1a:1a,10354,10354000,10355000,1.0,server_received
fd00::21b:1b:1b:1b,45,45000,46000,0.0,server_received
fd00::21b:1b:1b:1b,58,58000,59000,1.0,server_received
fd00::21b:1b:1b:1b,64,64000,65000,2.0,server_received
fd00::21b:1b:1b:1b,123,123000,124000,1.0,server_received
fd00::21b:1b:1b:1b,6213,6213000,6214000,6.0,server_received
fd00::21b:1b:1b:1b,6226,6226000,6227000,1.0,server_received
fd00::21b:1b:1b:1b,6275,6275000,6276000,2.0,server_received
fd00::21b:1b:1b:1b,6311,6311000,6312000,1.0,server_received
fd00::21b:1b:1b:1b,6449,6449000,6450000,2.0,server_received
fd00::21b:1b:1b:1b,6461,6461000,6462000,1.0,server_received
fd00::21b:1b:1b:1b,7648,7648000,7649000,5.0,server_received
fd00::21b:1b:1b:1b,10137,10137000,10138000,2.0,server_received
fd00::21b:1b:1b:1b,11392,11392000,11393000,2.0,server_received
fd00::21b:1b:1b:1b,11402,11402000,11403000,2.0,server_received
fd00::21b:1b:1b:1b,14245,14245000,14246000,6.0,server_received
fd00::21b:1b:1b:1b,16046,16046000,16047000,3.0,server_received
fd00::21b:1b:1b:1b,16054,16054000,16055000,2.0,server_received
fd00::21b:1b:1b:1b,16063,16063000,16064000,1.0,server_received
fd00::21b:1b:1b:1b,16455,16455000,16456000,4.0,server_received
fd00::21b:1b:1b:1b,16465,16465000,16466000,1.0,server_received
fd00::21b:1b:1b:1b,16475,16475000,16476000,1.0,server_received
fd00::21c:1c:1c:1c,34,34000,35000,0.0,server_received
fd00::21c:1c:1c:1c,43,43000,44000,1.0,server_received
fd00::21c:1c:1c:1c,57,57000,58000,2.0,server_received
fd00::21c:1c:1c:1c,93,93000,94000,2.0,server_received
fd00::21c:1c:1c:1c,105,105000,106000,1.0,server_received
fd00::21c:1c:1c:1c,126,126000,127000,1.0,server_received
fd00::21c:1c:1c:1c,657,657000,658000,5.0,server_received
fd00::21c:1c:1c:1c,667,667000,668000,2.0,server_received
fd00::21c:1c:1c:1c,678,678000,679000,2.0,server_received
fd00::21c:1c:1c:1c,688,688000,689000,2.0,server_received
fd00::21c:1c:1c:1c,699,699000,700000,1.0,server_received
fd00::21c:1c:1c:1c,724,724000,725000,2.0,server_received
fd00::21c:1c:1c:1c,826,826000,827000,5.0,server_received
fd00::21c:1c:1c:1c,837,837000,838000,2.0,server_received
fd00::21c:1c:1c:1c,847,847000,848000,2.0,server_received
fd00::21c:1c:1c:1c,858,858000,859000,2.0,server_received
fd00::21c:1c:1c:1c,868,868000,869000,2.0,server_received
fd00::21c:1c:1c:1c,879,879000,880000,2.0,server_received
fd00::21c:1c:1c:1c,889,889000,890000,2.0,server_received
fd00::21c:1c:1c:1c,902,902000,903000,2.0,server_received
fd00::21c:1c:1c:1c,912,912000,913000,2.0,server_received
fd00::21c:1c:1c:1c,937,937000,938000,2.0,server_received
fd00::21c:1c:1c:1c,943,943000,944000,2.0,server_received
fd00::21c:1c:1c:1c,951,951000,952000,3.0,server_received
fd00::21c:1c:1c:1c,1181,1181000,1182000,5.0,server_received
fd00::21c:1c:1c:1c,1186,1186000,1187000,1.0,server_received
fd00::21c:1c:1c:1c,1367,1367000,1368000,2.0,server_received
fd00::21c:1c:1c:1c,1377,1377000,1378000,3.0,server_received
fd00::21c:1c:1c:1c,1387,1387000,1388000,3.0,server_received
fd00::21c:1c:1c:1c,1404,1404000,1405000,2.0,server_received
fd00::21c:1c:1c:1c,1409,1409000,1410000,2.0,server_received
fd00::21c:1c:1c:1c,1419,1419000,1420000,2.0,server_received
fd00::21c:1c:1c:1c,1432,1432000,1433000,2.0,server_received
fd00::21c:1c:1c:1c,1441,1441000,1442000,3.0,server_received
fd00::21c:1c:1c:1c,1455,1455000,1456000,2.0,server_received
fd00::21c:1c:1c:1c,1631,1631000,1632000,2.0,server_received
fd00::21c:1c:1c:1c,1644,1644000,1645000,2.0,server_received
fd00::21c:1c:1c:1c,1653,1653000,1654000,2.0,server_received
fd00::21c:1c:1c:1c,1663,1663000,1664000,2.0,server_received
fd00::21c:1c:1c:1c,1886,1886000,1887000,2.0,server_received
fd00::21c:1c:1c:1c,1897,1897000,1898000,3.0,server_received
fd00::21c:1c:1c:1c,1908,1908000,1909000,3.0,server_received
fd00::21c:1c:1c:1c,1919,1919000,1920000,2.0,server_received
fd00::21c:1c:1c:1c,1928,1928000,1929000,2.0,server_received
fd00::21c:1c:1c:1c,1939,1939000,1940000,2.0,server_received
fd00::21c:1c:1c:1c,1949,1949000,1950000,2.0,server_received
fd00::21c:1c:1c:1c,1960,1960000,1961000,2.0,server_received
fd00::21c:1c:1c:1c,2384,2384000,2385000,1.0,server_received
fd00::21c:1c:1c:1c,2405,2405000,2406000,2.0,server_received
fd00::21c:1c:1c:1c,3099,3099000,3100000,6.0,server_received
fd00::21c:1c:1c:1c,3401,3401000,3402000,4.0,server_received
fd00::21c:1c:1c:1c,3577,3577000,3578000,4.0,server_received
fd00::21c:1c:1c:1c,3878,3878000,3879000,2.0,server_received
fd00::21c:1c:1c:1c,3888,3888000,3889000,2.0,server_received
fd00::21c:1c:1c:1c,3936,3936000,3937000,4.0,server_received
fd00::21c:1c:1c:1c,6199,6199000,6200000,2.0,server_received
fd00::21c:1c:1c:1c,6213,6213000,6214000,2.0,server_received
fd00::21c:1c:1c:1c,6227,6227000,6228000,1.0,server_received
fd00::21c:1c:1c:1c,6275,6275000,6276000,3.0,server_received
fd00::21c:1c:1c:1c,6297,6297000,6298000,1.0,server_received
fd00::21c:1c:1c:1c,6415,6415000,6416000,5.0,server_received
fd00::21c:1c:1c:1c,6422,6422000,6423000,3.0,server_received
fd00::21c:1c:1c:1c,6443,6443000,6444000,1.0,server_received
fd00::21c:1c:1c:1c,6461,6461000,6462000,1.0,server_received
fd00::21c:1c:1c:1c,6463,6463000,6464000,3.0,server_received
fd00::21c:1c:1c:1c,6464,6464000,6465000,1.0,server_received
fd00::21c:1c:1c:1c,7534,7534000,7535000,3.0,server_received
fd00::21c:1c:1c:1c,7544,7544000,7545000,2.0,server_received
fd00::21c:1c:1c:1c,7559,7559000,7560000,1.0,server_received
fd00::21c:1c:1c:1c,7573,7573000,7574000,2.0,server_received
fd00::21c:1c:1c:1c,7578,7578000,7579000,3.0,server_received
fd00::21c:1c:1c:1c,7588,7588000,7589000,2.0,server_received
fd00::21c:1c:1c:1c,7597,7597000,7598000,2.0,server_received
fd00::21c:1c:1c:1c,7611,7611000,7612000,2.0,server_received
fd00::21c:1c:1c:1c,7619,7619000,7620000,2.0,server_received
fd00::21c:1c:1c:1c,7629,7629000,7630000,2.0,server_received
fd00::21c:1c:1c:1c,7647,7647000,7648000,2.0,server_received
fd00::21c:1c:1c:1c,7661,7661000,7662000,2.0,server_received
fd00::21c:1c:1c:1c,9064,9064000,9065000,3.0,server_received
fd00::21c:1c:1c:1c,9072,9072000,9073000,5.0,server_received
fd00::21c:1c:1c:1c,9083,9083000,9084000,2.0,server_received
fd00::21c:1c:1c:1c,9092,9092000,9093000,4.0,server_received
fd00::21c:1c:1c:1c,9106,9106000,9107000,2.0,server_received
fd00::21c:1c:1c:1c,9113,9113000,9114000,2.0,server_received
fd00::21c:1c:1c:1c,9124,9124000,9125000,2.0,server_received
fd00::21c:1c:1c:1c,9134,9134000,9135000,2.0,server_received
fd00::21c:1c:1c:1c,9145,9145000,9146000,2.0,server_received
fd00::21c:1c:1c:1c,9155,9155000,9156000,1.0,server_received
fd00::21c:1c:1c:1c,9166,9166000,9167000,3.0,server_received
fd00::21c:1c:1c:1c,9176,9176000,9177000,2.0,server_received
fd00::21c:1c:1c:1c,9187,9187000,9188000,2.0,server_received
fd00::21c:1c:1c:1c,9198,9198000,9199000,2.0,server_received
fd00::21c:1c:1c:1c,9208,9208000,9209000,2.0,server_received
fd00::21c:1c:1c:1c,9219,9219000,9220000,2.0,server_received
fd00::21c:1c:1c:1c,9229,9229000,9230000,2.0,server_received
fd00::21c:1c:1c:1c,9240,9240000,9241000,2.0,server_received
fd00::21c:1c:1c:1c,9251,9251000,9252000,2.0,server_received
fd00::21c:1c:1c:1c,9264,9264000,9265000,3.0,server_received
fd00::21c:1c:1c:1c,9274,9274000,9275000,2.0,server_received
fd00::21c:1c:1c:1c,9286,9286000,9287000,2.0,server_received
fd00::21c:1c:1c:1c,9295,9295000,9296000,2.0,server_received
fd00::21c:1c:1c:1c,9305,9305000,9306000,2.0,server_received
fd00::21c:1c:1c:1c,9315,9315000,9316000,2.0,server_received
fd00::21c:1c:1c:1c,9325,9325000,9326000,2.0,server_received
fd00::21c:1c:1c:1c,9335,9335000,9336000,2.0,server_received
fd00::21c:1c:1c:1c,9346,9346000,9347000,2.0,server_received
fd00::21c:1c:1c:1c,9356,9356000,9357000,2.0,server_received
fd00::21c:1c:1c:1c,9367,9367000,9368000,2.0,server_received
fd00::21c:1c:1c:1c,9378,9378000,9379000,2.0,server_received
fd00::21c:1c:1c:1c,9388,9388000,9389000,2.0,server_received
fd00::21c:1c:1c:1c,9399,9399000,9400000,2.0,server_received
fd00::21c:1c:1c:1c,9409,9409000,9410000,2.0,server_received
fd00::21c:1c:1c:1c,9423,9423000,9424000,2.0,server_received
fd00::21c:1c:1c:1c,9432,9432000,9433000,2.0,server_received
fd00::21c:1c:1c:1c,9441,9441000,9442000,3.0,server_received
fd00::21c:1c:1c:1c,9454,9454000,9455000,2.0,server_received
fd00::21c:1c:1c:1c,9464,9464000,9465000,2.0,server_received
fd00::21c:1c:1c:1c,9474,9474000,9475000,1.0,server_received
fd00::21c:1c:1c:1c,9484,9484000,9485000,2.0,server_received
fd00::21c:1c:1c:1c,9494,9494000,9495000,3.0,server_received
fd00::21c:1c:1c:1c,9505,9505000,9506000,2.0,server_received
fd00::21c:1c:1c:1c,9516,9516000,9517000,2.0,server_received
fd00::21c:1c:1c:1c,9526,9526000,9527000,2.0,server_received
fd00::21c:1c:1c:1c,9537,9537000,9538000,2.0,server_received
fd00::21c:1c:1c:1c,9547,9547000,9548000,2.0,server_received
fd00::21c:1c:1c:1c,9558,9558000,9559000,2.0,server_received
fd00::21c:1c:1c:1c,9568,9568000,9569000,2.0,server_received
fd00::21c:1c:1c:1c,9579,9579000,9580000,2.0,server_received
fd00::21c:1c:1c:1c,9590,9590000,9591000,2.0,server_received
fd00::21c:1c:1c:1c,9601,9601000,9602000,3.0,server_received
fd00::21c:1c:1c:1c,9615,9615000,9616000,1.0,server_received
fd00::21c:1c:1c:1c,9812,9812000,9813000,2.0,server_received
fd00::21c:1c:1c:1c,9824,9824000,9825000,2.0,server_received
fd00::21c:1c:1c:1c,9834,9834000,9835000,2.0,server_received
fd00::21c:1c:1c:1c,9844,9844000,9845000,2.0,server_received
fd00::21c:1c:1c:1c,9869,9869000,9870000,2.0,server_received
fd00::21c:1c:1c:1c,10024,10024000,10025000,4.0,server_received
fd00::21c:1c:1c:1c,10035,10035000,10036000,2.0,server_received
fd00::21c:1c:1c:1c,10045,10045000,10046000,2.0,server_received
fd00::21c:1c:1c:1c,10056,10056000,10057000,2.0,server_received
fd00::21c:1c:1c:1c,10066,10066000,10067000,2.0,server_received
fd00::21c:1c:1c:1c,10077,10077000,10078000,2.0,server_received
fd00::21c:1c:1c:1c,10088,10088000,10089000,1.0,server_received
fd00::21c:1c:1c:1c,10099,10099000,10100000,2.0,server_received
fd00::21c:1c:1c:1c,10118,10118000,10119000,2.0,server_received
fd00::21c:1c:1c:1c,10310,10310000,10311000,5.0,server_received
fd00::21c:1c:1c:1c,10325,10325000,10326000,1.0,server_received
fd00::21c:1c:1c:1c,10332,10332000,10333000,3.0,server_received
fd00::21c:1c:1c:1c,10666,10666000,10667000,3.0,server_received
fd00::21c:1c:1c:1c,10673,10673000,10674000,2.0,server_received
fd00::21c:1c:1c:1c,10683,10683000,10684000,3.0,server_received
fd00::21c:1c:1c:1c,10693,10693000,10694000,2.0,server_received
fd00::21c:1c:1c:1c,11031,11031000,11032000,4.0,server_received
fd00::21c:1c:1c:1c,11285,11285000,11286000,2.0,server_received
fd00::21c:1c:1c:1c,11296,11296000,11297000,4.0,server_received
fd00::21c:1c:1c:1c,11319,11319000,11320000,3.0,server_received
fd00::21c:1c:1c:1c,11333,11333000,11334000,2.0,server_received
fd00::21c:1c:1c:1c,11339,11339000,11340000,1.0,server_received
fd00::21c:1c:1c:1c,11354,11354000,11355000,1.0,server_received
fd00::21c:1c:1c:1c,11359,11359000,11360000,1.0,server_received
fd00::21c:1c:1c:1c,11370,11370000,11371000,2.0,server_received
fd00::21c:1c:1c:1c,11382,11382000,11383000,2.0,server_received
fd00::21c:1c:1c:1c,11391,11391000,11392000,2.0,server_received
fd00::21c:1c:1c:1c,11402,11402000,11403000,2.0,server_received
fd00::21c:1c:1c:1c,11435,11435000,11436000,2.0,server_received
fd00::21c:1c:1c:1c,11439,11439000,11440000,1.0,server_received
fd00::21c:1c:1c:1c,11635,11635000,11636000,3.0,server_received
fd00::21c:1c:1c:1c,11647,11647000,11648000,2.0,server_received
fd00::21c:1c:1c:1c,11656,11656000,11657000,2.0,server_received
fd00::21c:1c:1c:1c,11700,11700000,11701000,4.0,server_received
fd00::21c:1c:1c:1c,12154,12154000,12155000,8.0,server_received
fd00::21c:1c:1c:1c,12166,12166000,12167000,3.0,server_received
fd00::21c:1c:1c:1c,12182,12182000,12183000,2.0,server_received
fd00::21c:1c:1c:1c,12196,12196000,12197000,2.0,server_received
fd00::21c:1c:1c:1c,12548,12548000,12549000,8.0,server_received
fd00::21c:1c:1c:1c,12574,12574000,12575000,1.0,server_received
fd00::21c:1c:1c:1c,12642,12642000,12643000,4.0,server_received
fd00::21c:1c:1c:1c,12659,12659000,12660000,4.0,server_received
fd00::21c:1c:1c:1c,12663,12663000,12664000,2.0,server_received
fd00::21c:1c:1c:1c,12673,12673000,12674000,2.0,server_received
fd00::21c:1c:1c:1c,12684,12684000,12685000,2.0,server_received
fd00::21c:1c:1c:1c,12694,12694000,12695000,2.0,server_received
fd00::21c:1c:1c:1c,12706,12706000,12707000,2.0,server_received
fd00::21c:1c:1c:1c,12716,12716000,12717000,2.0,server_received
fd00::21c:1c:1c:1c,12729,12729000,12730000,1.0,server_received
fd00::21c:1c:1c:1c,12896,12896000,12897000,4.0,server_received
fd00::21c:1c:1c:1c,12907,12907000,12908000,2.0,server_received
fd00::21c:1c:1c:1c,12917,12917000,12918000,2.0,server_received
fd00::21c:1c:1c:1c,13098,13098000,13099000,3.0,server_received
fd00::21c:1c:1c:1c,13108,13108000,13109000,2.0,server_received
fd00::21c:1c:1c:1c,13119,13119000,13120000,2.0,server_received
fd00::21c:1c:1c:1c,13129,13129000,13130000,2.0,server_received
fd00::21c:1c:1c:1c,13143,13143000,13144000,2.0,server_received
fd00::21c:1c:1c:1c,13156,13156000,13157000,2.0,server_received
fd00::21c:1c:1c:1c,13163,13163000,13164000,2.0,server_received
fd00::21c:1c:1c:1c,13172,13172000,13173000,2.0,server_received
fd00::21c:1c:1c:1c,13182,13182000,13183000,3.0,server_received
fd00::21c:1c:1c:1c,13193,13193000,13194000,2.0,server_received
fd00::21c:1c:1c:1c,14057,14057000,14058000,5.0,server_received
fd00::21c:1c:1c:1c,14316,14316000,14317000,2.0,server_received
fd00::21c:1c:1c:1c,14333,14333000,14334000,1.0,server_received
fd00::21c:1c:1c:1c,14497,14497000,14498000,2.0,server_received
fd00::21c:1c:1c:1c,14507,14507000,14508000,2.0,server_received
fd00::21c:1c:1c:1c,14526,14526000,14527000,1.0,server_received
fd00::21c:1c:1c:1c,15407,15407000,15408000,7.0,server_received
fd00::21c:1c:1c:1c,15418,15418000,15419000,2.0,server_received
fd00::21c:1c:1c:1c,15430,15430000,15431000,2.0,server_received
fd00::21c:1c:1c:1c,15537,15537000,15538000,3.0,server_received
fd00::21c:1c:1c:1c,15928,15928000,15929000,4.0,server_received
fd00::21c:1c:1c:1c,16435,16435000,16436000,5.0,server_received
fd00::21c:1c:1c:1c,16447,16447000,16448000,2.0,server_received
fd00::21c:1c:1c:1c,16459,16459000,16460000,2.0,server_received
fd00::21c:1c:1c:1c,16467,16467000,16468000,2.0,server_received
fd00::21c:1c:1c:1c,16478,16478000,16479000,1.0,server_received
fd00::21c:1c:1c:1c,16489,16489000,16490000,2.0,server_received
fd00::21c:1c:1c:1c,16502,16502000,16503000,1.0,server_received
fd00::21c:1c:1c:1c,16838,16838000,16839000,14.0,server_received
fd00::21c:1c:1c:1c,16853,16853000,16854000,2.0,server_received
fd00::21c:1c:1c:1c,16864,16864000,16865000,2.0,server_received
fd00::21c:1c:1c:1c,16874,16874000,16875000,2.0,server_received
fd00::21c:1c:1c:1c,16924,16924000,16925000,1.0,server_received
fd00::21c:1c:1c:1c,16943,16943000,16944000,2.0,server_received
fd00::21c:1c:1c:1c,17412,17412000,17413000,3.0,server_received
fd00::21c:1c:1c:1c,17425,17425000,17426000,1.0,server_received
fd00::21c:1c:1c:1c,17431,17431000,17432000,2.0,server_received
fd00::21c:1c:1c:1c,17449,17449000,17450000,1.0,server_received
fd00::21c:1c:1c:1c,17696,17696000,17697000,1.0,server_received
fd00::21c:1c:1c:1c,17707,17707000,17708000,1.0,server_received
fd00::21c:1c:1c:1c,17721,17721000,17722000,2.0,server_received
fd00::21c:1c:1c:1c,17728,17728000,17729000,2.0,server_received
fd00::21c:1c:1c:1c,17739,17739000,17740000,2.0,server_received
fd00::21c:1c:1c:1c,17749,17749000,17750000,2.0,server_received
fd00::21c:1c:1c:1c,17978,17978000,17979000,2.0,server_received
fd00::21c:1c:1c:1c,18046,18046000,18047000,6.0,server_received
fd00::21c:1c:1c:1c,18049,18049000,18050000,1.0,server_received
fd00::21c:1c:1c:1c,18072,18072000,18073000,2.0,server_received
fd00::21c:1c:1c:1c,18079,18079000,18080000,1.0,server_received
fd00::21c:1c:1c:1c,18105,18105000,18106000,3.0,server_received
fd00::21c:1c:1c:1c,18375,18375000,18376000,3.0,server_received
fd00::21c:1c:1c:1c,18388,18388000,18389000,3.0,server_received
fd00::21c:1c:1c:1c,18396,18396000,18397000,2.0,server_received
fd00::21c:1c:1c:1c,18406,18406000,18407000,2.0,server_received
fd00::21c:1c:1c:1c,18417,18417000,18418000,2.0,server_received
fd00::21c:1c:1c:1c,18427,18427000,18428000,2.0,server_received
fd00::21c:1c:1c:1c,18438,18438000,18439000,2.0,server_received
fd00::21c:1c:1c:1c,18449,18449000,18450000,2.0,server_received
fd00::21c:1c:1c:1c,18459,18459000,18460000,2.0,server_received
fd00::21c:1c:1c:1c,18472,18472000,18473000,2.0,server_received
fd00::21c:1c:1c:1c,18575,18575000,18576000,3.0,server_received
fd00::21c:1c:1c:1c,18767,18767000,18768000,2.0,server_received
fd00::21c:1c:1c:1c,18777,18777000,18778000,2.0,server_received
fd00::21c:1c:1c:1c,18788,18788000,18789000,2.0,server_received
fd00::21c:1c:1c:1c,18798,18798000,18799000,2.0,server_received
fd00::21c:1c:1c:1c,18809,18809000,18810000,2.0,server_received
fd00::21c:1c:1c:1c,18822,18822000,18823000,2.0,server_received
fd00::21c:1c:1c:1c,19042,19042000,19043000,5.0,server_received
fd00::21c:1c:1c:1c,19057,19057000,19058000,2.0,server_received
fd00::21c:1c:1c:1c,19063,19063000,19064000,2.0,server_received
fd00::21c:1c:1c:1c,19074,19074000,19075000,2.0,server_received
fd00::21c:1c:1c:1c,19088,19088000,19089000,1.0,server_received
fd00::21c:1c:1c:1c,19255,19255000,19256000,2.0,server_received
fd00::21c:1c:1c:1c,19276,19276000,19277000,2.0,server_received
fd00::21c:1c:1c:1c,19283,19283000,19284000,1.0,server_received
fd00::21c:1c:1c:1c,19297,19297000,19298000,1.0,server_received
fd00::21c:1c:1c:1c,19304,19304000,19305000,3.0,server_received
fd00::21c:1c:1c:1c,19331,19331000,19332000,1.0,server_received
fd00::21c:1c:1c:1c,19509,19509000,19510000,2.0,server_received
fd00::21c:1c:1c:1c,19520,19520000,19521000,2.0,server_received
fd00::21c:1c:1c:1c,19531,19531000,19532000,2.0,server_received
fd00::21c:1c:1c:1c,19542,19542000,19543000,1.0,server_received
fd00::21c:1c:1c:1c,19552,19552000,19553000,3.0,server_received
fd00::21c:1c:1c:1c,19563,19563000,19564000,1.0,server_received
fd00::21c:1c:1c:1c,19572,19572000,19573000,2.0,server_received
fd00::21c:1c:1c:1c,19585,19585000,19586000,3.0,server_received
fd00::21c:1c:1c:1c,19593,19593000,19594000,2.0,server_received
fd00::21c:1c:1c:1c,19605,19605000,19606000,2.0,server_received
fd00::21c:1c:1c:1c,19618,19618000,19619000,2.0,server_received
fd00::21c:1c:1c:1c,19625,19625000,19626000,2.0,server_received
fd00::21c:1c:1c:1c,19639,19639000,19640000,2.0,server_received
fd00::21c:1c:1c:1c,19646,19646000,19647000,2.0,server_received
fd00::21c:1c:1c:1c,19657,19657000,19658000,2.0,server_received
fd00::21c:1c:1c:1c,19667,19667000,19668000,1.0,server_received
fd00::21c:1c:1c:1c,19678,19678000,19679000,2.0,server_received
fd00::21c:1c:1c:1c,19689,19689000,19690000,1.0,server_received
fd00::21c:1c:1c:1c,19699,19699000,19700000,1.0,server_received
fd00::21c:1c:1c:1c,19710,19710000,19711000,2.0,server_received
fd00::21c:1c:1c:1c,19724,19724000,19725000,2.0,server_received
fd00::21c:1c:1c:1c,19731,19731000,19732000,3.0,server_received
fd00::21c:1c:1c:1c,19742,19742000,19743000,2.0,server_received
fd00::21c:1c:1c:1c,19753,19753000,19754000,1.0,server_received
fd00::21c:1c:1c:1c,19773,19773000,19774000,2.0,server_received
fd00::21c:1c:1c:1c,19938,19938000,19939000,1.0,server_received
fd00::21c:1c:1c:1c,20462,20462000,20463000,1.0,server_received
fd00::21c:1c:1c:1c,20480,20480000,20481000,2.0,server_received
fd00::21c:1c:1c:1c,20695,20695000,20696000,3.0,server_received
fd00::21c:1c:1c:1c,20706,20706000,20707000,2.0,server_received
fd00::21c:1c:1c:1c,20728,20728000,20729000,3.0,server_received
fd00::21c:1c:1c:1c,20738,20738000,20739000,2.0,server_received
fd00::21c:1c:1c:1c,20748,20748000,20749000,2.0,server_received
fd00::21c:1c:1c:1c,20759,20759000,20760000,2.0,server_received
fd00::21c:1c:1c:1c,20770,20770000,20771000,2.0,server_received
fd00::21c:1c:1c:1c,20793,20793000,20794000,5.0,server_received
fd00::21c:1c:1c:1c,20801,20801000,20802000,2.0,server_received
fd00::21c:1c:1c:1c,20812,20812000,20813000,1.0,server_received
fd00::21c:1c:1c:1c,20822,20822000,20823000,2.0,server_received
fd00::21c:1c:1c:1c,20834,20834000,20835000,2.0,server_received
fd00::21c:1c:1c:1c,20849,20849000,20850000,2.0,server_received
fd00::21c:1c:1c:1c,20854,20854000,20855000,1.0,server_received
fd00::21c:1c:1c:1c,20868,20868000,20869000,1.0,server_received
fd00::21c:1c:1c:1c,20878,20878000,20879000,1.0,server_received
fd00::21c:1c:1c:1c,21247,21247000,21248000,2.0,server_received
fd00::21c:1c:1c:1c,21257,21257000,21258000,2.0,server_received
fd00::21d:1d:1d:1d,22,22000,23000,0.0,server_received
fd00::21d:1d:1d:1d,38,38000,39000,1.0,server_received
fd00::21d:1d:1d:1d,44,44000,45000,2.0,server_received
fd00::21d:1d:1d:1d,59,59000,60000,2.0,server_received
fd00::21d:1d:1d:1d,74,74000,75000,2.0,server_received
fd00::21d:1d:1d:1d,239,239000,240000,4.0,server_received
fd00::21d:1d:1d:1d,255,255000,256000,3.0,server_received
fd00::21d:1d:1d:1d,269,269000,270000,2.0,server_received
fd00::21d:1d:1d:1d,479,479000,480000,1.0,server_received
fd00::21d:1d:1d:1d,491,491000,492000,3.0,server_received
fd00::21d:1d:1d:1d,511,511000,512000,2.0,server_received
fd00::21d:1d:1d:1d,686,686000,687000,3.0,server_received
fd00::21d:1d:1d:1d,697,697000,698000,2.0,server_received
fd00::21d:1d:1d:1d,707,707000,708000,2.0,server_received
fd00::21d:1d:1d:1d,718,718000,719000,2.0,server_received
fd00::21d:1d:1d:1d,1104,1104000,1105000,3.0,server_received
fd00::21d:1d:1d:1d,1116,1116000,1117000,2.0,server_received
fd00::21d:1d:1d:1d,1127,1127000,1128000,2.0,server_received
fd00::21d:1d:1d:1d,1132,1132000,1133000,2.0,server_received
fd00::21d:1d:1d:1d,1145,1145000,1146000,3.0,server_received
fd00::21d:1d:1d:1d,1154,1154000,1155000,1.0,server_received
fd00::21d:1d:1d:1d,1165,1165000,1166000,2.0,server_received
fd00::21d:1d:1d:1d,1178,1178000,1179000,1.0,server_received
fd00::21d:1d:1d:1d,1186,1186000,1187000,1.0,server_received
fd00::21d:1d:1d:1d,1404,1404000,1405000,7.0,server_received
fd00::21d:1d:1d:1d,1416,1416000,1417000,2.0,server_received
fd00::21d:1d:1d:1d,1426,1426000,1427000,2.0,server_received
fd00::21d:1d:1d:1d,1437,1437000,1438000,2.0,server_received
fd00::21d:1d:1d:1d,1449,1449000,1450000,1.0,server_received
fd00::21d:1d:1d:1d,1623,1623000,1624000,3.0,server_received
fd00::21d:1d:1d:1d,1637,1637000,1638000,2.0,server_received
fd00::21d:1d:1d:1d,1644,1644000,1645000,2.0,server_received
fd00::21d:1d:1d:1d,1655,1655000,1656000,1.0,server_received
fd00::21d:1d:1d:1d,1667,1667000,1668000,3.0,server_received
fd00::21d:1d:1d:1d,1688,1688000,1689000,2.0,server_received
fd00::21d:1d:1d:1d,2395,2395000,2396000,6.0,server_received
fd00::21d:1d:1d:1d,2406,2406000,2407000,2.0,server_received
fd00::21d:1d:1d:1d,2419,2419000,2420000,2.0,server_received
fd00::21d:1d:1d:1d,3085,3085000,3086000,5.0,server_received
fd00::21d:1d:1d:1d,3093,3093000,3094000,2.0,server_received
fd00::21d:1d:1d:1d,3103,3103000,3104000,2.0,server_received
fd00::21d:1d:1d:1d,3114,3114000,3115000,2.0,server_received
fd00::21d:1d:1d:1d,3148,3148000,3149000,1.0,server_received
fd00::21d:1d:1d:1d,3519,3519000,3520000,3.0,server_received
fd00::21d:1d:1d:1d,3527,3527000,3528000,2.0,server_received
fd00::21d:1d:1d:1d,3538,3538000,3539000,2.0,server_received
fd00::21d:1d:1d:1d,3778,3778000,3779000,2.0,server_received
fd00::21d:1d:1d:1d,3788,3788000,3789000,2.0,server_received
fd00::21d:1d:1d:1d,3799,3799000,3800000,2.0,server_received
fd00::21d:1d:1d:1d,3814,3814000,3815000,3.0,server_received
fd00::21d:1d:1d:1d,3835,3835000,3836000,2.0,server_received
fd00::21d:1d:1d:1d,4344,4344000,4345000,4.0,server_received
fd00::21d:1d:1d:1d,4357,4357000,4358000,1.0,server_received
fd00::21d:1d:1d:1d,4572,4572000,4573000,3.0,server_received
fd00::21d:1d:1d:1d,4587,4587000,4588000,2.0,server_received
fd00::21d:1d:1d:1d,4595,4595000,4596000,2.0,server_received
fd00::21d:1d:1d:1d,4605,4605000,4606000,2.0,server_received
fd00::21d:1d:1d:1d,4616,4616000,4617000,2.0,server_received
fd00::21d:1d:1d:1d,4636,4636000,4637000,1.0,server_received
fd00::21d:1d:1d:1d,4946,4946000,4947000,3.0,server_received
fd00::21d:1d:1d:1d,4954,4954000,4955000,1.0,server_received
fd00::21d:1d:1d:1d,4971,4971000,4972000,2.0,server_received
fd00::21d:1d:1d:1d,5770,5770000,5771000,7.0,server_received
fd00::21d:1d:1d:1d,5781,5781000,5782000,3.0,server_received
fd00::21d:1d:1d:1d,5792,5792000,5793000,2.0,server_received
fd00::21d:1d:1d:1d,5803,5803000,5804000,2.0,server_received
fd00::21d:1d:1d:1d,5814,5814000,5815000,2.0,server_received
fd00::21d:1d:1d:1d,5824,5824000,5825000,2.0,server_received
fd00::21d:1d:1d:1d,5835,5835000,5836000,2.0,server_received
fd00::21d:1d:1d:1d,5846,5846000,5847000,1.0,server_received
fd00::21d:1d:1d:1d,5857,5857000,5858000,2.0,server_received
fd00::21d:1d:1d:1d,5869,5869000,5870000,2.0,server_received
fd00::21d:1d:1d:1d,5879,5879000,5880000,2.0,server_received
fd00::21d:1d:1d:1d,5892,5892000,5893000,3.0,server_received
fd00::21d:1d:1d:1d,5913,5913000,5914000,1.0,server_received
fd00::21d:1d:1d:1d,6195,6195000,6196000,2.0,server_received
fd00::21d:1d:1d:1d,6205,6205000,6206000,2.0,server_received
fd00::21d:1d:1d:1d,6218,6218000,6219000,2.0,server_received
fd00::21d:1d:1d:1d,6248,6248000,6249000,1.0,server_received
fd00::21d:1d:1d:1d,6393,6393000,6394000,4.0,server_received
fd00::21d:1d:1d:1d,6405,6405000,6406000,1.0,server_received
fd00::21d:1d:1d:1d,6413,6413000,6414000,3.0,server_received
fd00::21d:1d:1d:1d,6423,6423000,6424000,2.0,server_received
fd00::21d:1d:1d:1d,6434,6434000,6435000,2.0,server_received
fd00::21d:1d:1d:1d,6445,6445000,6446000,2.0,server_received
fd00::21d:1d:1d:1d,6456,6456000,6457000,2.0,server_received
fd00::21d:1d:1d:1d,6468,6468000,6469000,2.0,server_received
fd00::21d:1d:1d:1d,6478,6478000,6479000,1.0,server_received
fd00::21d:1d:1d:1d,7675,7675000,7676000,2.0,server_received
fd00::21d:1d:1d:1d,7688,7688000,7689000,2.0,server_received
fd00::21d:1d:1d:1d,8155,8155000,8156000,5.0,server_received
fd00::21d:1d:1d:1d,8166,8166000,8167000,2.0,server_received
fd00::21d:1d:1d:1d,8176,8176000,8177000,2.0,server_received
fd00::21d:1d:1d:1d,8339,8339000,8340000,3.0,server_received
fd00::21d:1d:1d:1d,8352,8352000,8353000,3.0,server_received
fd00::21d:1d:1d:1d,8361,8361000,8362000,2.0,server_received
fd00::21d:1d:1d:1d,8373,8373000,8374000,2.0,server_received
fd00::21d:1d:1d:1d,8383,8383000,8384000,2.0,server_received
fd00::21d:1d:1d:1d,8397,8397000,8398000,2.0,server_received
fd00::21d:1d:1d:1d,8405,8405000,8406000,2.0,server_received
fd00::21d:1d:1d:1d,8415,8415000,8416000,2.0,server_received
fd00::21d:1d:1d:1d,8429,8429000,8430000,2.0,server_received
fd00::21d:1d:1d:1d,8438,8438000,8439000,2.0,server_received
fd00::21d:1d:1d:1d,8448,8448000,8449000,2.0,server_received
fd00::21d:1d:1d:1d,8604,8604000,8605000,3.0,server_received
fd00::21d:1d:1d:1d,8616,8616000,8617000,2.0,server_received
fd00::21d:1d:1d:1d,8627,8627000,8628000,2.0,server_received
fd00::21d:1d:1d:1d,8638,8638000,8639000,1.0,server_received
fd00::21d:1d:1d:1d,8851,8851000,8852000,2.0,server_received
fd00::21d:1d:1d:1d,9156,9156000,9157000,2.0,server_received
fd00::21d:1d:1d:1d,9333,9333000,9334000,3.0,server_received
fd00::21d:1d:1d:1d,9341,9341000,9342000,2.0,server_received
fd00::21d:1d:1d:1d,9352,9352000,9353000,2.0,server_received
fd00::21d:1d:1d:1d,9364,9364000,9365000,2.0,server_received
fd00::21d:1d:1d:1d,9373,9373000,9374000,2.0,server_received
fd00::21d:1d:1d:1d,9384,9384000,9385000,2.0,server_received
fd00::21d:1d:1d:1d,9395,9395000,9396000,2.0,server_received
fd00::21d:1d:1d:1d,9406,9406000,9407000,2.0,server_received
fd00::21d:1d:1d:1d,9417,9417000,9418000,2.0,server_received
fd00::21d:1d:1d:1d,9428,9428000,9429000,2.0,server_received
fd00::21d:1d:1d:1d,9439,9439000,9440000,2.0,server_received
fd00::21d:1d:1d:1d,9452,9452000,9453000,2.0,server_received
fd00::21d:1d:1d:1d,9462,9462000,9463000,2.0,server_received
fd00::21d:1d:1d:1d,9474,9474000,9475000,2.0,server_received
fd00::21d:1d:1d:1d,9483,9483000,9484000,2.0,server_received
fd00::21d:1d:1d:1d,9494,9494000,9495000,3.0,server_received
fd00::21d:1d:1d:1d,9504,9504000,9505000,2.0,server_received
fd00::21d:1d:1d:1d,9515,9515000,9516000,1.0,server_received
fd00::21d:1d:1d:1d,9527,9527000,9528000,2.0,server_received
fd00::21d:1d:1d:1d,9537,9537000,9538000,2.0,server_received
fd00::21d:1d:1d:1d,9548,9548000,9549000,2.0,server_received
fd00::21d:1d:1d:1d,9567,9567000,9568000,1.0,server_received
fd00::21d:1d:1d:1d,9722,9722000,9723000,4.0,server_received
fd00::21d:1d:1d:1d,9736,9736000,9737000,4.0,server_received
fd00::21d:1d:1d:1d,9745,9745000,9746000,3.0,server_received
fd00::21d:1d:1d:1d,9762,9762000,9763000,3.0,server_received
fd00::21d:1d:1d:1d,9768,9768000,9769000,1.0,server_received
fd00::21d:1d:1d:1d,9776,9776000,9777000,1.0,server_received
fd00::21d:1d:1d:1d,10103,10103000,10104000,6.0,server_received
fd00::21d:1d:1d:1d,10107,10107000,10108000,1.0,server_received
fd00::21d:1d:1d:1d,10126,10126000,10127000,2.0,server_received
fd00::21d:1d:1d:1d,10299,10299000,10300000,3.0,server_received
fd00::21d:1d:1d:1d,10311,10311000,10312000,2.0,server_received
fd00::21d:1d:1d:1d,10334,10334000,10335000,1.0,server_received
fd00::21d:1d:1d:1d,10354,10354000,10355000,2.0,server_received
fd00::21d:1d:1d:1d,10365,10365000,10366000,1.0,server_received
fd00::21d:1d:1d:1d,10375,10375000,10376000,1.0,server_received
fd00::21d:1d:1d:1d,10387,10387000,10388000,2.0,server_received
fd00::21d:1d:1d:1d,10398,10398000,10399000,2.0,server_received
fd00::21d:1d:1d:1d,10413,10413000,10414000,1.0,server_received
fd00::21d:1d:1d:1d,10756,10756000,10757000,2.0,server_received
fd00::21d:1d:1d:1d,10771,10771000,10772000,4.0,server_received
fd00::21d:1d:1d:1d,11099,11099000,11100000,3.0,server_received
fd00::21d:1d:1d:1d,11116,11116000,11117000,2.0,server_received
fd00::21d:1d:1d:1d,11301,11301000,11302000,7.0,server_received
fd00::21d:1d:1d:1d,11313,11313000,11314000,1.0,server_received
fd00::21d:1d:1d:1d,11323,11323000,11324000,2.0,server_received
fd00::21d:1d:1d:1d,11336,11336000,11337000,2.0,server_received
fd00::21d:1d:1d:1d,11344,11344000,11345000,2.0,server_received
fd00::21d:1d:1d:1d,11355,11355000,11356000,2.0,server_received
fd00::21d:1d:1d:1d,11366,11366000,11367000,2.0,server_received
fd00::21d:1d:1d:1d,11377,11377000,11378000,2.0,server_received
fd00::21d:1d:1d:1d,11388,11388000,11389000,1.0,server_received
fd00::21d:1d:1d:1d,11403,11403000,11404000,1.0,server_received
fd00::21d:1d:1d:1d,11412,11412000,11413000,1.0,server_received
fd00::21d:1d:1d:1d,11616,11616000,11617000,13.0,server_received
fd00::21d:1d:1d:1d,11627,11627000,11628000,2.0,server_received
fd00::21d:1d:1d:1d,11638,11638000,11639000,1.0,server_received
fd00::21d:1d:1d:1d,11649,11649000,11650000,1.0,server_received
fd00::21d:1d:1d:1d,11663,11663000,11664000,2.0,server_received
fd00::21d:1d:1d:1d,11671,11671000,11672000,2.0,server_received
fd00::21d:1d:1d:1d,11687,11687000,11688000,2.0,server_received
fd00::21d:1d:1d:1d,11697,11697000,11698000,1.0,server_received
fd00::21d:1d:1d:1d,11711,11711000,11712000,2.0,server_received
fd00::21d:1d:1d:1d,11725,11725000,11726000,2.0,server_received
fd00::21d:1d:1d:1d,11905,11905000,11906000,2.0,server_received
fd00::21d:1d:1d:1d,11912,11912000,11913000,2.0,server_received
fd00::21d:1d:1d:1d,11921,11921000,11922000,1.0,server_received
fd00::21d:1d:1d:1d,11932,11932000,11933000,1.0,server_received
fd00::21d:1d:1d:1d,12314,12314000,12315000,5.0,server_received
fd00::21d:1d:1d:1d,12333,12333000,12334000,2.0,server_received
fd00::21d:1d:1d:1d,12532,12532000,12533000,5.0,server_received
fd00::21d:1d:1d:1d,12547,12547000,12548000,1.0,server_received
fd00::21d:1d:1d:1d,12554,12554000,12555000,2.0,server_received
fd00::21d:1d:1d:1d,12572,12572000,12573000,2.0,server_received
fd00::21d:1d:1d:1d,12804,12804000,12805000,2.0,server_received
fd00::21d:1d:1d:1d,12818,12818000,12819000,1.0,server_received
fd00::21d:1d:1d:1d,13217,13217000,13218000,5.0,server_received
fd00::21d:1d:1d:1d,13489,13489000,13490000,2.0,server_received
fd00::21d:1d:1d:1d,13512,13512000,13513000,2.0,server_received
fd00::21d:1d:1d:1d,13707,13707000,13708000,4.0,server_received
fd00::21d:1d:1d:1d,13717,13717000,13718000,2.0,server_received
fd00::21d:1d:1d:1d,13731,13731000,13732000,2.0,server_received
fd00::21d:1d:1d:1d,13749,13749000,13750000,2.0,server_received
fd00::21d:1d:1d:1d,14218,14218000,14219000,2.0,server_received
fd00::21d:1d:1d:1d,14229,14229000,14230000,2.0,server_received
fd00::21d:1d:1d:1d,14284,14284000,14285000,3.0,server_received
fd00::21d:1d:1d:1d,14447,14447000,14448000,3.0,server_received
fd00::21d:1d:1d:1d,14458,14458000,14459000,2.0,server_received
fd00::21d:1d:1d:1d,14474,14474000,14475000,1.0,server_received
fd00::21d:1d:1d:1d,14787,14787000,14788000,3.0,server_received
fd00::21d:1d:1d:1d,14901,14901000,14902000,3.0,server_received
fd00::21d:1d:1d:1d,15057,15057000,15058000,3.0,server_received
fd00::21d:1d:1d:1d,15481,15481000,15482000,5.0,server_received
fd00::21d:1d:1d:1d,15494,15494000,15495000,2.0,server_received
fd00::21d:1d:1d:1d,15504,15504000,15505000,2.0,server_received
fd00::21d:1d:1d:1d,15514,15514000,15515000,2.0,server_received
fd00::21d:1d:1d:1d,15525,15525000,15526000,2.0,server_received
fd00::21d:1d:1d:1d,15725,15725000,15726000,3.0,server_received
fd00::21d:1d:1d:1d,15738,15738000,15739000,1.0,server_received
fd00::21d:1d:1d:1d,16083,16083000,16084000,2.0,server_received
fd00::21d:1d:1d:1d,16099,16099000,16100000,3.0,server_received
fd00::21d:1d:1d:1d,16106,16106000,16107000,1.0,server_received
fd00::21d:1d:1d:1d,16246,16246000,16247000,1.0,server_received
fd00::21d:1d:1d:1d,16993,16993000,16994000,8.0,server_received
fd00::21d:1d:1d:1d,17423,17423000,17424000,2.0,server_received
fd00::21d:1d:1d:1d,17431,17431000,17432000,3.0,server_received
fd00::21d:1d:1d:1d,17759,17759000,17760000,3.0,server_received
fd00::21d:1d:1d:1d,17814,17814000,17815000,2.0,server_received
fd00::21d:1d:1d:1d,18019,18019000,18020000,2.0,server_received
fd00::21d:1d:1d:1d,18034,18034000,18035000,1.0,server_received
fd00::21d:1d:1d:1d,18046,18046000,18047000,2.0,server_received
fd00::21d:1d:1d:1d,18052,18052000,18053000,1.0,server_received
fd00::21d:1d:1d:1d,18072,18072000,18073000,2.0,server_received
fd00::21d:1d:1d:1d,18083,18083000,18084000,1.0,server_received
fd00::21d:1d:1d:1d,18102,18102000,18103000,3.0,server_received
fd00::21d:1d:1d:1d,18292,18292000,18293000,4.0,server_received
fd00::21d:1d:1d:1d,18304,18304000,18305000,2.0,server_received
fd00::21d:1d:1d:1d,18317,18317000,18318000,1.0,server_received
fd00::21d:1d:1d:1d,18554,18554000,18555000,3.0,server_received
fd00::21d:1d:1d:1d,18563,18563000,18564000,2.0,server_received
fd00::21d:1d:1d:1d,18588,18588000,18589000,1.0,server_received
fd00::21d:1d:1d:1d,18627,18627000,18628000,4.0,server_received
fd00::21d:1d:1d:1d,18638,18638000,18639000,2.0,server_received
fd00::21d:1d:1d:1d,18652,18652000,18653000,2.0,server_received
fd00::21d:1d:1d:1d,18683,18683000,18684000,2.0,server_received
fd00::21d:1d:1d:1d,18769,18769000,18770000,8.0,server_received
fd00::21d:1d:1d:1d,18784,18784000,18785000,2.0,server_received
fd00::21d:1d:1d:1d,18791,18791000,18792000,3.0,server_received
fd00::21d:1d:1d:1d,18802,18802000,18803000,1.0,server_received
fd00::21d:1d:1d:1d,18813,18813000,18814000,3.0,server_received
fd00::21d:1d:1d:1d,18824,18824000,18825000,2.0,server_received
fd00::21d:1d:1d:1d,18834,18834000,18835000,2.0,server_received
fd00::21d:1d:1d:1d,18845,18845000,18846000,2.0,server_received
fd00::21d:1d:1d:1d,18856,18856000,18857000,2.0,server_received
fd00::21d:1d:1d:1d,19054,19054000,19055000,2.0,server_received
fd00::21d:1d:1d:1d,19648,19648000,19649000,4.0,server_received
fd00::21d:1d:1d:1d,19652,19652000,19653000,2.0,server_received
fd00::21d:1d:1d:1d,19662,19662000,19663000,1.0,server_received
fd00::21d:1d:1d:1d,19674,19674000,19675000,2.0,server_received
fd00::21d:1d:1d:1d,19684,19684000,19685000,1.0,server_received
fd00::21d:1d:1d:1d,19700,19700000,19701000,2.0,server_received
fd00::21d:1d:1d:1d,19705,19705000,19706000,2.0,server_received
fd00::21d:1d:1d:1d,19724,19724000,19725000,1.0,server_received
fd00::21d:1d:1d:1d,19747,19747000,19748000,2.0,server_received
fd00::21d:1d:1d:1d,19760,19760000,19761000,2.0,server_received
fd00::21d:1d:1d:1d,19776,19776000,19777000,1.0,server_received
fd00::21d:1d:1d:1d,20147,20147000,20148000,2.0,server_received
fd00::21d:1d:1d:1d,20511,20511000,20512000,4.0,server_received
fd00::21d:1d:1d:1d,20527,20527000,20528000,3.0,server_received
fd00::21d:1d:1d:1d,21485,21485000,21486000,3.0,server_received
fd00::21d:1d:1d:1d,21491,21491000,21492000,1.0,server_received
fd00::21d:1d:1d:1d,21509,21509000,21510000,2.0,server_received
fd00::21d:1d:1d:1d,21567,21567000,21568000,1.0,server_received
fd00::21d:1d:1d:1d,21586,21586000,21587000,4.0,server_received
fd00::21e:1e:1e:1e,411,411000,412000,0.0,server_received
fd00::21e:1e:1e:1e,6202,6202000,6203000,4.0,server_received
fd00::21e:1e:1e:1e,6217,6217000,6218000,2.0,server_received
fd00::21e:1e:1e:1e,6233,6233000,6234000,1.0,server_received
fd00::21e:1e:1e:1e,6252,6252000,6253000,2.0,server_received
fd00::21e:1e:1e:1e,6305,6305000,6306000,1.0,server_received
fd00::21e:1e:1e:1e,6317,6317000,6318000,1.0,server_received
fd00::21e:1e:1e:1e,6398,6398000,6399000,4.0,server_received
fd00::21e:1e:1e:1e,6408,6408000,6409000,2.0,server_received
fd00::21e:1e:1e:1e,6422,6422000,6423000,3.0,server_received
fd00::21e:1e:1e:1e,6429,6429000,6430000,1.0,server_received
fd00::21e:1e:1e:1e,6448,6448000,6449000,2.0,server_received
fd00::21e:1e:1e:1e,6461,6461000,6462000,1.0,server_received
fd00::21e:1e:1e:1e,6469,6469000,6470000,2.0,server_received
fd00::21e:1e:1e:1e,7663,7663000,7664000,4.0,server_received
fd00::21e:1e:1e:1e,10074,10074000,10075000,1.0,server_received
fd00::21e:1e:1e:1e,10084,10084000,10085000,2.0,server_received
fd00::21e:1e:1e:1e,15544,15544000,15545000,4.0,server_received
fd00::21e:1e:1e:1e,15999,15999000,16000000,3.0,server_received
fd00::21e:1e:1e:1e,16466,16466000,16467000,4.0,server_received
fd00::21e:1e:1e:1e,16476,16476000,16477000,1.0,server_received
fd00::21e:1e:1e:1e,16977,16977000,16978000,2.0,server_received
fd00::21e:1e:1e:1e,16986,16986000,16987000,2.0,server_received
fd00::21e:1e:1e:1e,16997,16997000,16998000,1.0,server_received
fd00::21e:1e:1e:1e,17645,17645000,17646000,2.0,server_received
fd00::21e:1e:1e:1e,18018,18018000,18019000,2.0,server_received
fd00::21e:1e:1e:1e,18034,18034000,18035000,3.0,server_received
fd00::21e:1e:1e:1e,18043,18043000,18044000,2.0,server_received
fd00::21f:1f:1f:1f,10315,10315000,10316000,0.0,server_received
fd00::221:21:21:21,21,21000,22000,0.0,server_received
fd00::221:21:21:21,36,36000,37000,2.0,server_received
fd00::221:21:21:21,42,42000,43000,1.0,server_received
fd00::221:21:21:21,53,53000,54000,2.0,server_received
fd00::221:21:21:21,79,79000,80000,4.0,server_received
fd00::221:21:21:21,98,98000,99000,2.0,server_received
fd00::221:21:21:21,292,292000,293000,1.0,server_received
fd00::221:21:21:21,609,609000,610000,4.0,server_received
fd00::221:21:21:21,619,619000,620000,2.0,server_received
fd00::221:21:21:21,629,629000,630000,3.0,server_received
fd00::221:21:21:21,639,639000,640000,4.0,server_received
fd00::221:21:21:21,655,655000,656000,3.0,server_received
fd00::221:21:21:21,661,661000,662000,2.0,server_received
fd00::221:21:21:21,673,673000,674000,2.0,server_received
fd00::221:21:21:21,684,684000,685000,2.0,server_received
fd00::221:21:21:21,694,694000,695000,2.0,server_received
fd00::221:21:21:21,704,704000,705000,2.0,server_received
fd00::221:21:21:21,718,718000,719000,2.0,server_received
fd00::221:21:21:21,725,725000,726000,2.0,server_received
fd00::221:21:21:21,1144,1144000,1145000,3.0,server_received
fd00::221:21:21:21,1154,1154000,1155000,2.0,server_received
fd00::221:21:21:21,1162,1162000,1163000,2.0,server_received
fd00::221:21:21:21,1178,1178000,1179000,2.0,server_received
fd00::221:21:21:21,1186,1186000,1187000,2.0,server_received
fd00::221:21:21:21,1199,1199000,1200000,1.0,server_received
fd00::221:21:21:21,1407,1407000,1408000,3.0,server_received
fd00::221:21:21:21,1419,1419000,1420000,2.0,server_received
fd00::221:21:21:21,1429,1429000,1430000,2.0,server_received
fd00::221:21:21:21,1439,1439000,1440000,2.0,server_received
fd00::221:21:21:21,1451,1451000,1452000,2.0,server_received
fd00::221:21:21:21,1463,1463000,1464000,3.0,server_received
fd00::221:21:21:21,1658,1658000,1659000,2.0,server_received
fd00::221:21:21:21,1665,1665000,1666000,2.0,server_received
fd00::221:21:21:21,1686,1686000,1687000,1.0,server_received
fd00::221:21:21:21,2037,2037000,2038000,1.0,server_received
fd00::221:21:21:21,2049,2049000,2050000,2.0,server_received
fd00::221:21:21:21,2061,2061000,2062000,2.0,server_received
fd00::221:21:21:21,2073,2073000,2074000,2.0,server_received
fd00::221:21:21:21,2084,2084000,2085000,2.0,server_received
fd00::221:21:21:21,3146,3146000,3147000,6.0,server_received
fd00::221:21:21:21,3161,3161000,3162000,2.0,server_received
fd00::221:21:21:21,3170,3170000,3171000,2.0,server_received
fd00::221:21:21:21,3395,3395000,3396000,3.0,server_received
fd00::221:21:21:21,3402,3402000,3403000,1.0,server_received
fd00::221:21:21:21,3426,3426000,3427000,2.0,server_received
fd00::221:21:21:21,3626,3626000,3627000,2.0,server_received
fd00::221:21:21:21,3638,3638000,3639000,2.0,server_received
fd00::221:21:21:21,3647,3647000,3648000,2.0,server_received
fd00::221:21:21:21,3658,3658000,3659000,2.0,server_received
fd00::221:21:21:21,3882,3882000,3883000,3.0,server_received
fd00::221:21:21:21,3892,3892000,3893000,3.0,server_received
fd00::221:21:21:21,3906,3906000,3907000,1.0,server_received
fd00::221:21:21:21,3918,3918000,3919000,2.0,server_received
fd00::221:21:21:21,6326,6326000,6327000,1.0,server_received
fd00::221:21:21:21,6335,6335000,6336000,2.0,server_received
fd00::221:21:21:21,6349,6349000,6350000,2.0,server_received
fd00::221:21:21:21,6356,6356000,6357000,2.0,server_received
fd00::221:21:21:21,6367,6367000,6368000,2.0,server_received
fd00::221:21:21:21,6399,6399000,6400000,2.0,server_received
fd00::221:21:21:21,6414,6414000,6415000,2.0,server_received
fd00::221:21:21:21,6425,6425000,6426000,2.0,server_received
fd00::221:21:21:21,6438,6438000,6439000,2.0,server_received
fd00::221:21:21:21,6463,6463000,6464000,3.0,server_received
fd00::221:21:21:21,6487,6487000,6488000,3.0,server_received
fd00::221:21:21:21,6719,6719000,6720000,1.0,server_received
fd00::221:21:21:21,6729,6729000,6730000,2.0,server_received
fd00::221:21:21:21,6942,6942000,6943000,3.0,server_received
fd00::221:21:21:21,6964,6964000,6965000,1.0,server_received
fd00::221:21:21:21,7423,7423000,7424000,2.0,server_received
fd00::221:21:21:21,7433,7433000,7434000,2.0,server_received
fd00::221:21:21:21,7449,7449000,7450000,1.0,server_received
fd00::221:21:21:21,7704,7704000,7705000,1.0,server_received
fd00::221:21:21:21,7916,7916000,7917000,5.0,server_received
fd00::221:21:21:21,7926,7926000,7927000,2.0,server_received
fd00::221:21:21:21,7934,7934000,7935000,2.0,server_received
fd00::221:21:21:21,7946,7946000,7947000,2.0,server_received
fd00::221:21:21:21,7957,7957000,7958000,2.0,server_received
fd00::221:21:21:21,7967,7967000,7968000,2.0,server_received
fd00::221:21:21:21,7978,7978000,7979000,2.0,server_received
fd00::221:21:21:21,8148,8148000,8149000,2.0,server_received
fd00::221:21:21:21,8158,8158000,8159000,2.0,server_received
fd00::221:21:21:21,8171,8171000,8172000,2.0,server_received
fd00::221:21:21:21,8185,8185000,8186000,2.0,server_received
fd00::221:21:21:21,8199,8199000,8200000,2.0,server_received
fd00::221:21:21:21,8404,8404000,8405000,2.0,server_received
fd00::221:21:21:21,8415,8415000,8416000,2.0,server_received
fd00::221:21:21:21,8425,8425000,8426000,2.0,server_received
fd00::221:21:21:21,8439,8439000,8440000,2.0,server_received
fd00::221:21:21:21,9152,9152000,9153000,7.0,server_received
fd00::221:21:21:21,9163,9163000,9164000,2.0,server_received
fd00::221:21:21:21,9173,9173000,9174000,2.0,server_received
fd00::221:21:21:21,9182,9182000,9183000,2.0,server_received
fd00::221:21:21:21,9193,9193000,9194000,2.0,server_received
fd00::221:21:21:21,9203,9203000,9204000,2.0,server_received
fd00::221:21:21:21,9214,9214000,9215000,2.0,server_received
fd00::221:21:21:21,9225,9225000,9226000,2.0,server_received
fd00::221:21:21:21,9235,9235000,9236000,2.0,server_received
fd00::221:21:21:21,9246,9246000,9247000,2.0,server_received
fd00::221:21:21:21,9257,9257000,9258000,2.0,server_received
fd00::221:21:21:21,9267,9267000,9268000,2.0,server_received
fd00::221:21:21:21,9278,9278000,9279000,2.0,server_received
fd00::221:21:21:21,9289,9289000,9290000,2.0,server_received
fd00::221:21:21:21,9299,9299000,9300000,2.0,server_received
fd00::221:21:21:21,9313,9313000,9314000,3.0,server_received
fd00::221:21:21:21,9323,9323000,9324000,2.0,server_received
fd00::221:21:21:21,9332,9332000,9333000,2.0,server_received
fd00::221:21:21:21,9345,9345000,9346000,2.0,server_received
fd00::221:21:21:21,9354,9354000,9355000,2.0,server_received
fd00::221:21:21:21,9366,9366000,9367000,2.0,server_received
fd00::221:21:21:21,9374,9374000,9375000,2.0,server_received
fd00::221:21:21:21,9385,9385000,9386000,2.0,server_received
fd00::221:21:21:21,9396,9396000,9397000,2.0,server_received
fd00::221:21:21:21,9406,9406000,9407000,2.0,server_received
fd00::221:21:21:21,9417,9417000,9418000,2.0,server_received
fd00::221:21:21:21,9427,9427000,9428000,2.0,server_received
fd00::221:21:21:21,9439,9439000,9440000,2.0,server_received
fd00::221:21:21:21,9449,9449000,9450000,2.0,server_received
fd00::221:21:21:21,9459,9459000,9460000,2.0,server_received
fd00::221:21:21:21,9474,9474000,9475000,2.0,server_received
fd00::221:21:21:21,9482,9482000,9483000,3.0,server_received
fd00::221:21:21:21,9492,9492000,9493000,2.0,server_received
fd00::221:21:21:21,9503,9503000,9504000,2.0,server_received
fd00::221:21:21:21,9513,9513000,9514000,2.0,server_received
fd00::221:21:21:21,9523,9523000,9524000,2.0,server_received
fd00::221:21:21:21,9536,9536000,9537000,2.0,server_received
fd00::221:21:21:21,9545,9545000,9546000,2.0,server_received
fd00::221:21:21:21,9558,9558000,9559000,1.0,server_received
fd00::221:21:21:21,9705,9705000,9706000,2.0,server_received
fd00::221:21:21:21,9716,9716000,9717000,1.0,server_received
fd00::221:21:21:21,10067,10067000,10068000,2.0,server_received
fd00::221:21:21:21,10078,10078000,10079000,2.0,server_received
fd00::221:21:21:21,10089,10089000,10090000,2.0,server_received
fd00::221:21:21:21,10132,10132000,10133000,1.0,server_received
fd00::221:21:21:21,10148,10148000,10149000,1.0,server_received
fd00::221:21:21:21,10366,10366000,10367000,2.0,server_received
fd00::221:21:21:21,10377,10377000,10378000,2.0,server_received
fd00::221:21:21:21,10387,10387000,10388000,2.0,server_received
fd00::221:21:21:21,10398,10398000,10399000,2.0,server_received
fd00::221:21:21:21,10413,10413000,10414000,1.0,server_received
fd00::221:21:21:21,10419,10419000,10420000,2.0,server_received
fd00::221:21:21:21,10436,10436000,10437000,3.0,server_received
fd00::221:21:21:21,10448,10448000,10449000,2.0,server_received
fd00::221:21:21:21,10685,10685000,10686000,2.0,server_received
fd00::221:21:21:21,10949,10949000,10950000,6.0,server_received
fd00::221:21:21:21,11177,11177000,11178000,2.0,server_received
fd00::221:21:21:21,11188,11188000,11189000,3.0,server_received
fd00::221:21:21:21,11402,11402000,11403000,1.0,server_received
fd00::221:21:21:21,11408,11408000,11409000,1.0,server_received
fd00::221:21:21:21,11413,11413000,11414000,1.0,server_received
fd00::221:21:21:21,11635,11635000,11636000,3.0,server_received
fd00::221:21:21:21,11647,11647000,11648000,2.0,server_received
fd00::221:21:21:21,11656,11656000,11657000,3.0,server_received
fd00::221:21:21:21,11668,11668000,11669000,3.0,server_received
fd00::221:21:21:21,11678,11678000,11679000,1.0,server_received
fd00::221:21:21:21,11697,11697000,11698000,2.0,server_received
fd00::221:21:21:21,11711,11711000,11712000,1.0,server_received
fd00::221:21:21:21,11712,11712000,11713000,1.0,server_received
fd00::221:21:21:21,11966,11966000,11967000,1.0,server_received
fd00::221:21:21:21,11977,11977000,11978000,2.0,server_received
fd00::221:21:21:21,11989,11989000,11990000,2.0,server_received
fd00::221:21:21:21,11998,11998000,11999000,3.0,server_received
fd00::221:21:21:21,12008,12008000,12009000,2.0,server_received
fd00::221:21:21:21,12019,12019000,12020000,4.0,server_received
fd00::221:21:21:21,12034,12034000,12035000,2.0,server_received
fd00::221:21:21:21,12040,12040000,12041000,3.0,server_received
fd00::221:21:21:21,12053,12053000,12054000,2.0,server_received
fd00::221:21:21:21,12062,12062000,12063000,2.0,server_received
fd00::221:21:21:21,12074,12074000,12075000,1.0,server_received
fd00::221:21:21:21,12168,12168000,12169000,2.0,server_received
fd00::221:21:21:21,12404,12404000,12405000,1.0,server_received
fd00::221:21:21:21,12414,12414000,12415000,2.0,server_received
fd00::221:21:21:21,12424,12424000,12425000,2.0,server_received
fd00::221:21:21:21,12435,12435000,12436000,2.0,server_received
fd00::221:21:21:21,12446,12446000,12447000,2.0,server_received
fd00::221:21:21:21,12456,12456000,12457000,1.0,server_received
fd00::221:21:21:21,12467,12467000,12468000,2.0,server_received
fd00::221:21:21:21,12478,12478000,12479000,2.0,server_received
fd00::221:21:21:21,12488,12488000,12489000,2.0,server_received
fd00::221:21:21:21,12499,12499000,12500000,2.0,server_received
fd00::221:21:21:21,12702,12702000,12703000,3.0,server_received
fd00::221:21:21:21,12717,12717000,12718000,2.0,server_received
fd00::221:21:21:21,12723,12723000,12724000,2.0,server_received
fd00::221:21:21:21,12826,12826000,12827000,2.0,server_received
fd00::221:21:21:21,13149,13149000,13150000,1.0,server_received
fd00::221:21:21:21,14145,14145000,14146000,4.0,server_received
fd00::221:21:21:21,14504,14504000,14505000,4.0,server_received
fd00::221:21:21:21,14517,14517000,14518000,2.0,server_received
fd00::221:21:21:21,14526,14526000,14527000,2.0,server_received
fd00::221:21:21:21,14536,14536000,14537000,2.0,server_received
fd00::221:21:21:21,14547,14547000,14548000,2.0,server_received
fd00::221:21:21:21,14557,14557000,14558000,2.0,server_received
fd00::221:21:21:21,14568,14568000,14569000,2.0,server_received
fd00::221:21:21:21,14579,14579000,14580000,2.0,server_received
fd00::221:21:21:21,14589,14589000,14590000,2.0,server_received
fd00::221:21:21:21,14601,14601000,14602000,2.0,server_received
fd00::221:21:21:21,14613,14613000,14614000,3.0,server_received
fd00::221:21:21:21,14622,14622000,14623000,2.0,server_received
fd00::221:21:21:21,14636,14636000,14637000,2.0,server_received
fd00::221:21:21:21,14781,14781000,14782000,2.0,server_received
fd00::221:21:21:21,14794,14794000,14795000,2.0,server_received
fd00::221:21:21:21,14804,14804000,14805000,2.0,server_received
fd00::221:21:21:21,14813,14813000,14814000,2.0,server_received
fd00::221:21:21:21,14824,14824000,14825000,2.0,server_received
fd00::221:21:21:21,14835,14835000,14836000,2.0,server_received
fd00::221:21:21:21,14846,14846000,14847000,2.0,server_received
fd00::221:21:21:21,14856,14856000,14857000,2.0,server_received
fd00::221:21:21:21,14867,14867000,14868000,2.0,server_received
fd00::221:21:21:21,14878,14878000,14879000,1.0,server_received
fd00::221:21:21:21,14900,14900000,14901000,2.0,server_received
fd00::221:21:21:21,15059,15059000,15060000,2.0,server_received
fd00::221:21:21:21,15074,15074000,15075000,2.0,server_received
fd00::221:21:21:21,15272,15272000,15273000,3.0,server_received
fd00::221:21:21:21,15287,15287000,15288000,3.0,server_received
fd00::221:21:21:21,15293,15293000,15294000,2.0,server_received
fd00::221:21:21:21,15308,15308000,15309000,2.0,server_received
fd00::221:21:21:21,15314,15314000,15315000,3.0,server_received
fd00::221:21:21:21,15698,15698000,15699000,5.0,server_received
fd00::221:21:21:21,15709,15709000,15710000,2.0,server_received
fd00::221:21:21:21,15724,15724000,15725000,3.0,server_received
fd00::221:21:21:21,15733,15733000,15734000,1.0,server_received
fd00::221:21:21:21,15945,15945000,15946000,6.0,server_received
fd00::221:21:21:21,15954,15954000,15955000,2.0,server_received
fd00::221:21:21:21,16328,16328000,16329000,5.0,server_received
fd00::221:21:21:21,16339,16339000,16340000,2.0,server_received
fd00::221:21:21:21,16352,16352000,16353000,2.0,server_received
fd00::221:21:21:21,16362,16362000,16363000,2.0,server_received
fd00::221:21:21:21,16459,16459000,16460000,3.0,server_received
fd00::221:21:21:21,16466,16466000,16467000,2.0,server_received
fd00::221:21:21:21,16478,16478000,16479000,2.0,server_received
fd00::221:21:21:21,16882,16882000,16883000,3.0,server_received
fd00::221:21:21:21,16905,16905000,16906000,3.0,server_received
fd00::221:21:21:21,16919,16919000,16920000,2.0,server_received
fd00::221:21:21:21,16937,16937000,16938000,3.0,server_received
fd00::221:21:21:21,16946,16946000,16947000,2.0,server_received
fd00::221:21:21:21,16958,16958000,16959000,2.0,server_received
fd00::221:21:21:21,16969,16969000,16970000,2.0,server_received
fd00::221:21:21:21,16993,16993000,16994000,3.0,server_received
fd00::221:21:21:21,17707,17707000,17708000,4.0,server_received
fd00::221:21:21:21,17725,17725000,17726000,2.0,server_received
fd00::221:21:21:21,17736,17736000,17737000,2.0,server_received
fd00::221:21:21:21,17746,17746000,17747000,2.0,server_received
fd00::221:21:21:21,17758,17758000,17759000,2.0,server_received
fd00::221:21:21:21,17974,17974000,17975000,1.0,server_received
fd00::221:21:21:21,17982,17982000,17983000,3.0,server_received
fd00::221:21:21:21,17993,17993000,17994000,2.0,server_received
fd00::221:21:21:21,18002,18002000,18003000,1.0,server_received
fd00::221:21:21:21,18013,18013000,18014000,3.0,server_received
fd00::221:21:21:21,18024,18024000,18025000,2.0,server_received
fd00::221:21:21:21,18043,18043000,18044000,2.0,server_received
fd00::221:21:21:21,18048,18048000,18049000,1.0,server_received
fd00::221:21:21:21,18062,18062000,18063000,2.0,server_received
fd00::221:21:21:21,18079,18079000,18080000,1.0,server_received
fd00::221:21:21:21,18297,18297000,18298000,6.0,server_received
fd00::221:21:21:21,18309,18309000,18310000,1.0,server_received
fd00::221:21:21:21,18526,18526000,18527000,2.0,server_received
fd00::221:21:21:21,18536,18536000,18537000,2.0,server_received
fd00::221:21:21:21,18546,18546000,18547000,2.0,server_received
fd00::221:21:21:21,18558,18558000,18559000,1.0,server_received
fd00::221:21:21:21,18573,18573000,18574000,2.0,server_received
fd00::221:21:21:21,18579,18579000,18580000,2.0,server_received
fd00::221:21:21:21,18631,18631000,18632000,4.0,server_received
fd00::221:21:21:21,18647,18647000,18648000,1.0,server_received
fd00::221:21:21:21,18669,18669000,18670000,2.0,server_received
fd00::221:21:21:21,18866,18866000,18867000,4.0,server_received
fd00::221:21:21:21,18877,18877000,18878000,2.0,server_received
fd00::221:21:21:21,18887,18887000,18888000,2.0,server_received
fd00::221:21:21:21,18898,18898000,18899000,2.0,server_received
fd00::221:21:21:21,18909,18909000,18910000,2.0,server_received
fd00::221:21:21:21,18919,18919000,18920000,2.0,server_received
fd00::221:21:21:21,18934,18934000,18935000,2.0,server_received
fd00::221:21:21:21,18944,18944000,18945000,3.0,server_received
fd00::221:21:21:21,18951,18951000,18952000,1.0,server_received
fd00::221:21:21:21,18962,18962000,18963000,2.0,server_received
fd00::221:21:21:21,18973,18973000,18974000,2.0,server_received
fd00::221:21:21:21,18983,18983000,18984000,3.0,server_received
fd00::221:21:21:21,18998,18998000,18999000,2.0,server_received
fd00::221:21:21:21,19011,19011000,19012000,2.0,server_received
fd00::221:21:21:21,19176,19176000,19177000,3.0,server_received
fd00::221:21:21:21,19433,19433000,19434000,2.0,server_received
fd00::221:21:21:21,19445,19445000,19446000,3.0,server_received
fd00::221:21:21:21,19454,19454000,19455000,2.0,server_received
fd00::221:21:21:21,19464,19464000,19465000,2.0,server_received
fd00::221:21:21:21,19477,19477000,19478000,1.0,server_received
fd00::221:21:21:21,19496,19496000,19497000,3.0,server_received
fd00::221:21:21:21,19506,19506000,19507000,2.0,server_received
fd00::221:21:21:21,19517,19517000,19518000,2.0,server_received
fd00::221:21:21:21,19527,19527000,19528000,2.0,server_received
fd00::221:21:21:21,19698,19698000,19699000,2.0,server_received
fd00::221:21:21:21,19709,19709000,19710000,2.0,server_received
fd00::221:21:21:21,19722,19722000,19723000,2.0,server_received
fd00::221:21:21:21,19730,19730000,19731000,2.0,server_received
fd00::221:21:21:21,19744,19744000,19745000,3.0,server_received
fd00::221:21:21:21,19753,19753000,19754000,2.0,server_received
fd00::221:21:21:21,19763,19763000,19764000,1.0,server_received
fd00::221:21:21:21,19965,19965000,19966000,3.0,server_received
fd00::221:21:21:21,19975,19975000,19976000,2.0,server_received
fd00::221:21:21:21,19986,19986000,19987000,2.0,server_received
fd00::221:21:21:21,19997,19997000,19998000,2.0,server_received
fd00::221:21:21:21,20007,20007000,20008000,2.0,server_received
fd00::221:21:21:21,20018,20018000,20019000,2.0,server_received
fd00::221:21:21:21,20028,20028000,20029000,2.0,server_received
fd00::221:21:21:21,20039,20039000,20040000,2.0,server_received
fd00::221:21:21:21,20052,20052000,20053000,2.0,server_received
fd00::221:21:21:21,20062,20062000,20063000,3.0,server_received
fd00::221:21:21:21,20073,20073000,20074000,2.0,server_received
fd00::221:21:21:21,20085,20085000,20086000,2.0,server_received
fd00::221:21:21:21,20096,20096000,20097000,2.0,server_received
fd00::221:21:21:21,20116,20116000,20117000,1.0,server_received
fd00::221:21:21:21,20863,20863000,20864000,1.0,server_received
fd00::221:21:21:21,20875,20875000,20876000,1.0,server_received
fd00::221:21:21:21,20893,20893000,20894000,1.0,server_received
fd00::221:21:21:21,21244,21244000,21245000,2.0,server_received
fd00::221:21:21:21,21255,21255000,21256000,2.0,server_received
fd00::221:21:21:21,21272,21272000,21273000,1.0,server_received
fd00::221:21:21:21,21468,21468000,21469000,2.0,server_received
fd00::221:21:21:21,21479,21479000,21480000,2.0,server_received
fd00::221:21:21:21,21491,21491000,21492000,2.0,server_received
fd00::221:21:21:21,21504,21504000,21505000,2.0,server_received
fd00::221:21:21:21,21517,21517000,21518000,2.0,server_received
fd00::222:22:22:22,703,703000,704000,0.0,server_received
fd00::222:22:22:22,713,713000,714000,1.0,server_received
fd00::222:22:22:22,723,723000,724000,1.0,server_received
fd00::222:22:22:22,1638,1638000,1639000,3.0,server_received
fd00::222:22:22:22,1646,1646000,1647000,1.0,server_received
fd00::222:22:22:22,1669,1669000,1670000,3.0,server_received
fd00::222:22:22:22,18556,18556000,18557000,10.0,server_received
fd00::222:22:22:22,18576,18576000,18577000,1.0,server_received
fd00::223:23:23:23,3106,3106000,3107000,0.0,server_received
fd00::223:23:23:23,3119,3119000,3120000,1.0,server_received
fd00::223:23:23:23,10075,10075000,10076000,1.0,server_received
fd00::223:23:23:23,10084,10084000,10085000,2.0,server_received
fd00::223:23:23:23,10123,10123000,10124000,2.0,server_received
fd00::223:23:23:23,16095,16095000,16096000,2.0,server_received
fd00::223:23:23:23,16101,16101000,16102000,1.0,server_received
fd00::223:23:23:23,18576,18576000,18577000,2.0,server_received
fd00::223:23:23:23,18588,18588000,18589000,2.0,server_received
fd00::223:23:23:23,18604,18604000,18605000,2.0,server_received
fd00::223:23:23:23,18606,18606000,18607000,2.0,server_received
fd00::223:23:23:23,18615,18615000,18616000,1.0,server_received
fd00::223:23:23:23,18625,18625000,18626000,3.0,server_received
fd00::223:23:23:23,18632,18632000,18633000,1.0,server_received
fd00::223:23:23:23,18651,18651000,18652000,2.0,server_received
fd00::223:23:23:23,18669,18669000,18670000,2.0,server_received
fd00::209:9:9:9,5099,5099000,5100000,0.0,total_sent
fd00::209:9:9:9,5112,5112000,5113000,1.0,total_sent
fd00::209:9:9:9,15138,15138000,15139000,3.0,total_sent
fd00::209:9:9:9,15200,15200000,15201000,2.0,total_sent
fd00::20a:a:a:a,19665,19665000,19666000,0.0,total_sent
fd00::20a:a:a:a,19683,19683000,19684000,1.0,total_sent
fd00::20c:c:c:c,11809,11809000,11810000,0.0,total_sent
fd00::20c:c:c:c,11828,11828000,11829000,1.0,total_sent
fd00::20c:c:c:c,11837,11837000,11838000,1.0,total_sent
fd00::20c:c:c:c,11885,11885000,11886000,2.0,total_sent
fd00::20c:c:c:c,18958,18958000,18959000,10.0,total_sent
fd00::20c:c:c:c,18974,18974000,18975000,1.0,total_sent
fd00::20c:c:c:c,18979,18979000,18980000,1.0,total_sent
fd00::20c:c:c:c,18992,18992000,18993000,1.0,total_sent
fd00::20c:c:c:c,19004,19004000,19005000,1.0,total_sent
fd00::20c:c:c:c,19015,19015000,19016000,1.0,total_sent
fd00::20c:c:c:c,19028,19028000,19029000,1.0,total_sent
fd00::20c:c:c:c,19037,19037000,19038000,1.0,total_sent
fd00::20c:c:c:c,19066,19066000,19067000,2.0,total_sent
fd00::20c:c:c:c,19555,19555000,19556000,3.0,total_sent
fd00::20c:c:c:c,19564,19564000,19565000,1.0,total_sent
fd00::20c:c:c:c,19575,19575000,19576000,1.0,total_sent
fd00::20c:c:c:c,19586,19586000,19587000,1.0,total_sent
fd00::20c:c:c:c,19601,19601000,19602000,1.0,total_sent
fd00::20c:c:c:c,19616,19616000,19617000,1.0,total_sent
fd00::20c:c:c:c,19623,19623000,19624000,1.0,total_sent
fd00::20c:c:c:c,19635,19635000,19636000,1.0,total_sent
fd00::20c:c:c:c,19642,19642000,19643000,1.0,total_sent
fd00::20c:c:c:c,19656,19656000,19657000,1.0,total_sent
fd00::20c:c:c:c,19663,19663000,19664000,1.0,total_sent
fd00::20c:c:c:c,19682,19682000,19683000,1.0,total_sent
fd00::20c:c:c:c,19685,19685000,19686000,1.0,total_sent
fd00::20d:d:d:d,2215,2215000,2216000,0.0,total_sent
fd00::20d:d:d:d,2225,2225000,2226000,1.0,total_sent
fd00::20d:d:d:d,2244,2244000,2245000,1.0,total_sent
fd00::20d:d:d:d,7559,7559000,7560000,2.0,total_sent
fd00::20d:d:d:d,20177,20177000,20178000,2.0,total_sent
fd00::20d:d:d:d,20188,20188000,20189000,1.0,total_sent
fd00::20d:d:d:d,20196,20196000,20197000,1.0,total_sent
fd00::20d:d:d:d,20206,20206000,20207000,1.0,total_sent
fd00::20d:d:d:d,20218,20218000,20219000,1.0,total_sent
fd00::20d:d:d:d,20234,20234000,20235000,1.0,total_sent
fd00::20d:d:d:d,20269,20269000,20270000,2.0,total_sent
fd00::20e:e:e:e,9579,9579000,9580000,0.0,total_sent
fd00::20e:e:e:e,9592,9592000,9593000,1.0,total_sent
fd00::20e:e:e:e,9622,9622000,9623000,1.0,total_sent
fd00::20e:e:e:e,9635,9635000,9636000,1.0,total_sent
fd00::20e:e:e:e,12689,12689000,12690000,2.0,total_sent
fd00::20e:e:e:e,12706,12706000,12707000,1.0,total_sent
fd00::20e:e:e:e,12716,12716000,12717000,1.0,total_sent
fd00::20e:e:e:e,15113,15113000,15114000,2.0,total_sent
fd00::20e:e:e:e,15123,15123000,15124000,1.0,total_sent
fd00::20e:e:e:e,15133,15133000,15134000,1.0,total_sent
fd00::20e:e:e:e,15158,15158000,15159000,1.0,total_sent
fd00::20e:e:e:e,15193,15193000,15194000,1.0,total_sent
fd00::20e:e:e:e,19037,19037000,19038000,2.0,total_sent
fd00::20e:e:e:e,19066,19066000,19067000,2.0,total_sent
fd00::20e:e:e:e,19268,19268000,19269000,3.0,total_sent
fd00::20e:e:e:e,20168,20168000,20169000,2.0,total_sent
fd00::20f:f:f:f,43,43000,44000,0.0,total_sent
fd00::20f:f:f:f,58,58000,59000,1.0,total_sent
fd00::20f:f:f:f,71,71000,72000,1.0,total_sent
fd00::20f:f:f:f,937,937000,938000,3.0,total_sent
fd00::20f:f:f:f,2207,2207000,2208000,2.0,total_sent
fd00::20f:f:f:f,2214,2214000,2215000,1.0,total_sent
fd00::20f:f:f:f,2222,2222000,2223000,1.0,total_sent
fd00::20f:f:f:f,2243,2243000,2244000,1.0,total_sent
fd00::20f:f:f:f,2248,2248000,2249000,1.0,total_sent
fd00::20f:f:f:f,16489,16489000,16490000,2.0,total_sent
fd00::20f:f:f:f,16495,16495000,16496000,1.0,total_sent
fd00::210:10:10:10,5023,5023000,5024000,0.0,total_sent
fd00::210:10:10:10,5029,5029000,5030000,1.0,total_sent
fd00::210:10:10:10,5039,5039000,5040000,1.0,total_sent
fd00::210:10:10:10,5054,5054000,5055000,1.0,total_sent
fd00::210:10:10:10,8181,8181000,8182000,3.0,total_sent
fd00::210:10:10:10,8194,8194000,8195000,1.0,total_sent
fd00::210:10:10:10,9559,9559000,9560000,2.0,total_sent
fd00::210:10:10:10,9568,9568000,9569000,1.0,total_sent
fd00::210:10:10:10,9579,9579000,9580000,1.0,total_sent
fd00::210:10:10:10,9589,9589000,9590000,1.0,total_sent
fd00::210:10:10:10,9608,9608000,9609000,1.0,total_sent
fd00::210:10:10:10,9623,9623000,9624000,1.0,total_sent
fd00::210:10:10:10,9625,9625000,9626000,1.0,total_sent
fd00::210:10:10:10,9642,9642000,9643000,1.0,total_sent
fd00::210:10:10:10,15126,15126000,15127000,2.0,total_sent
fd00::210:10:10:10,15137,15137000,15138000,1.0,total_sent
fd00::210:10:10:10,15199,15199000,15200000,2.0,total_sent
fd00::210:10:10:10,15458,15458000,15459000,3.0,total_sent
fd00::210:10:10:10,15709,15709000,15710000,2.0,total_sent
fd00::210:10:10:10,15718,15718000,15719000,1.0,total_sent
fd00::210:10:10:10,15731,15731000,15732000,1.0,total_sent
fd00::211:11:11:11,42,42000,43000,0.0,total_sent
fd00::211:11:11:11,57,57000,58000,1.0,total_sent
fd00::211:11:11:11,63,63000,64000,1.0,total_sent
fd00::211:11:11:11,889,889000,890000,7.0,total_sent
fd00::211:11:11:11,899,899000,900000,1.0,total_sent
fd00::211:11:11:11,912,912000,913000,1.0,total_sent
fd00::211:11:11:11,929,929000,930000,1.0,total_sent
fd00::211:11:11:11,943,943000,944000,1.0,total_sent
fd00::211:11:11:11,948,948000,949000,1.0,total_sent
fd00::211:11:11:11,979,979000,980000,2.0,total_sent
fd00::211:11:11:11,991,991000,992000,0.0,total_sent
fd00::211:11:11:11,2221,2221000,2222000,5.0,total_sent
fd00::211:11:11:11,2249,2249000,2250000,3.0,total_sent
fd00::211:11:11:11,2289,2289000,2290000,1.0,total_sent
fd00::211:11:11:11,7462,7462000,7463000,2.0,total_sent
fd00::211:11:11:11,7466,7466000,7467000,1.0,total_sent
fd00::211:11:11:11,7475,7475000,7476000,1.0,total_sent
fd00::211:11:11:11,7528,7528000,7529000,1.0,total_sent
fd00::211:11:11:11,7534,7534000,7535000,1.0,total_sent
fd00::211:11:11:11,12749,12749000,12750000,2.0,total_sent
fd00::211:11:11:11,14369,14369000,14370000,3.0,total_sent
fd00::211:11:11:11,14381,14381000,14382000,1.0,total_sent
fd00::211:11:11:11,15115,15115000,15116000,3.0,total_sent
fd00::211:11:11:11,15130,15130000,15131000,1.0,total_sent
fd00::211:11:11:11,15176,15176000,15177000,3.0,total_sent
fd00::211:11:11:11,16445,16445000,16446000,2.0,total_sent
fd00::211:11:11:11,16456,16456000,16457000,1.0,total_sent
fd00::211:11:11:11,16465,16465000,16466000,1.0,total_sent
fd00::211:11:11:11,16475,16475000,16476000,1.0,total_sent
fd00::211:11:11:11,16489,16489000,16490000,1.0,total_sent
fd00::211:11:11:11,16502,16502000,16503000,1.0,total_sent
fd00::211:11:11:11,17622,17622000,17623000,5.0,total_sent
fd00::211:11:11:11,17632,17632000,17633000,1.0,total_sent
fd00::211:11:11:11,19282,19282000,19283000,2.0,total_sent
fd00::211:11:11:11,19583,19583000,19584000,2.0,total_sent
fd00::211:11:11:11,19594,19594000,19595000,1.0,total_sent
fd00::211:11:11:11,19611,19611000,19612000,1.0,total_sent
fd00::211:11:11:11,20135,20135000,20136000,1.0,total_sent
fd00::211:11:11:11,20144,20144000,20145000,1.0,total_sent
fd00::211:11:11:11,20154,20154000,20155000,1.0,total_sent
fd00::211:11:11:11,20169,20169000,20170000,1.0,total_sent
fd00::211:11:11:11,20175,20175000,20176000,1.0,total_sent
fd00::211:11:11:11,20188,20188000,20189000,1.0,total_sent
fd00::211:11:11:11,20195,20195000,20196000,1.0,total_sent
fd00::211:11:11:11,20205,20205000,20206000,1.0,total_sent
fd00::211:11:11:11,20218,20218000,20219000,1.0,total_sent
fd00::211:11:11:11,20234,20234000,20235000,1.0,total_sent
fd00::211:11:11:11,20246,20246000,20247000,1.0,total_sent
fd00::211:11:11:11,20248,20248000,20249000,1.0,total_sent
fd00::211:11:11:11,20267,20267000,20268000,2.0,total_sent
fd00::211:11:11:11,20271,20271000,20272000,0.0,total_sent
fd00::211:11:11:11,20285,20285000,20286000,2.0,total_sent
fd00::211:11:11:11,20304,20304000,20305000,1.0,total_sent
fd00::212:12:12:12,21,21000,22000,0.0,total_sent
fd00::212:12:12:12,32,32000,33000,1.0,total_sent
fd00::212:12:12:12,42,42000,43000,1.0,total_sent
fd00::212:12:12:12,52,52000,53000,1.0,total_sent
fd00::212:12:12:12,69,69000,70000,1.0,total_sent
fd00::212:12:12:12,277,277000,278000,5.0,total_sent
fd00::212:12:12:12,313,313000,314000,1.0,total_sent
fd00::212:12:12:12,485,485000,486000,3.0,total_sent
fd00::212:12:12:12,496,496000,497000,1.0,total_sent
fd00::212:12:12:12,509,509000,510000,1.0,total_sent
fd00::212:12:12:12,524,524000,525000,1.0,total_sent
fd00::212:12:12:12,751,751000,752000,3.0,total_sent
fd00::212:12:12:12,907,907000,908000,1.0,total_sent
fd00::212:12:12:12,918,918000,919000,1.0,total_sent
fd00::212:12:12:12,928,928000,929000,1.0,total_sent
fd00::212:12:12:12,939,939000,940000,1.0,total_sent
fd00::212:12:12:12,960,960000,961000,1.0,total_sent
fd00::212:12:12:12,1044,1044000,1045000,2.0,total_sent
fd00::212:12:12:12,1055,1055000,1056000,1.0,total_sent
fd00::212:12:12:12,1065,1065000,1066000,1.0,total_sent
fd00::212:12:12:12,1076,1076000,1077000,1.0,total_sent
fd00::212:12:12:12,1088,1088000,1089000,1.0,total_sent
fd00::212:12:12:12,1101,1101000,1102000,1.0,total_sent
fd00::212:12:12:12,1108,1108000,1109000,1.0,total_sent
fd00::212:12:12:12,1118,1118000,1119000,1.0,total_sent
fd00::212:12:12:12,1136,1136000,1137000,1.0,total_sent
fd00::212:12:12:12,1376,1376000,1377000,1.0,total_sent
fd00::212:12:12:12,1385,1385000,1386000,1.0,total_sent
fd00::212:12:12:12,1392,1392000,1393000,1.0,total_sent
fd00::212:12:12:12,1403,1403000,1404000,1.0,total_sent
fd00::212:12:12:12,1413,1413000,1414000,1.0,total_sent
fd00::212:12:12:12,1424,1424000,1425000,1.0,total_sent
fd00::212:12:12:12,1435,1435000,1436000,1.0,total_sent
fd00::212:12:12:12,1447,1447000,1448000,1.0,total_sent
fd00::212:12:12:12,1456,1456000,1457000,1.0,total_sent
fd00::212:12:12:12,2627,2627000,2628000,5.0,total_sent
fd00::212:12:12:12,2976,2976000,2977000,1.0,total_sent
fd00::212:12:12:12,2994,2994000,2995000,1.0,total_sent
fd00::212:12:12:12,3386,3386000,3387000,1.0,total_sent
fd00::212:12:12:12,3882,3882000,3883000,1.0,total_sent
fd00::212:12:12:12,3898,3898000,3899000,1.0,total_sent
fd00::212:12:12:12,3917,3917000,3918000,2.0,total_sent
fd00::212:12:12:12,4568,4568000,4569000,3.0,total_sent
fd00::212:12:12:12,4578,4578000,4579000,1.0,total_sent
fd00::212:12:12:12,4768,4768000,4769000,1.0,total_sent
fd00::212:12:12:12,4783,4783000,4784000,1.0,total_sent
fd00::212:12:12:12,4794,4794000,4795000,1.0,total_sent
fd00::212:12:12:12,4959,4959000,4960000,2.0,total_sent
fd00::212:12:12:12,4969,4969000,4970000,1.0,total_sent
fd00::212:12:12:12,4981,4981000,4982000,1.0,total_sent
fd00::212:12:12:12,5001,5001000,5002000,2.0,total_sent
fd00::212:12:12:12,5011,5011000,5012000,1.0,total_sent
fd00::212:12:12:12,5023,5023000,5024000,1.0,total_sent
fd00::212:12:12:12,5032,5032000,5033000,1.0,total_sent
fd00::212:12:12:12,5047,5047000,5048000,1.0,total_sent
fd00::212:12:12:12,6857,6857000,6858000,2.0,total_sent
fd00::212:12:12:12,6868,6868000,6869000,1.0,total_sent
fd00::212:12:12:12,6878,6878000,6879000,1.0,total_sent
fd00::212:12:12:12,6889,6889000,6890000,1.0,total_sent
fd00::212:12:12:12,7079,7079000,7080000,2.0,total_sent
fd00::212:12:12:12,7089,7089000,7090000,1.0,total_sent
fd00::212:12:12:12,7427,7427000,7428000,3.0,total_sent
fd00::212:12:12:12,7441,7441000,7442000,1.0,total_sent
fd00::212:12:12:12,7462,7462000,7463000,1.0,total_sent
fd00::212:12:12:12,7486,7486000,7487000,1.0,total_sent
fd00::212:12:12:12,7497,7497000,7498000,1.0,total_sent
fd00::212:12:12:12,7501,7501000,7502000,1.0,total_sent
fd00::212:12:12:12,7512,7512000,7513000,1.0,total_sent
fd00::212:12:12:12,7522,7522000,7523000,1.0,total_sent
fd00::212:12:12:12,7533,7533000,7534000,1.0,total_sent
fd00::212:12:12:12,7547,7547000,7548000,1.0,total_sent
fd00::212:12:12:12,7560,7560000,7561000,1.0,total_sent
fd00::212:12:12:12,7586,7586000,7587000,2.0,total_sent
fd00::212:12:12:12,7596,7596000,7597000,1.0,total_sent
fd00::212:12:12:12,7614,7614000,7615000,1.0,total_sent
fd00::212:12:12:12,7838,7838000,7839000,3.0,total_sent
fd00::212:12:12:12,7849,7849000,7850000,1.0,total_sent
fd00::212:12:12:12,8007,8007000,8008000,2.0,total_sent
fd00::212:12:12:12,8020,8020000,8021000,1.0,total_sent
fd00::212:12:12:12,8028,8028000,8029000,1.0,total_sent
fd00::212:12:12:12,8044,8044000,8045000,1.0,total_sent
fd00::212:12:12:12,8049,8049000,8050000,1.0,total_sent
fd00::212:12:12:12,8063,8063000,8064000,1.0,total_sent
fd00::212:12:12:12,8071,8071000,8072000,1.0,total_sent
fd00::212:12:12:12,8094,8094000,8095000,1.0,total_sent
fd00::212:12:12:12,8166,8166000,8167000,1.0,total_sent
fd00::212:12:12:12,8183,8183000,8184000,1.0,total_sent
fd00::212:12:12:12,8397,8397000,8398000,1.0,total_sent
fd00::212:12:12:12,8415,8415000,8416000,1.0,total_sent
fd00::212:12:12:12,8419,8419000,8420000,1.0,total_sent
fd00::212:12:12:12,8429,8429000,8430000,1.0,total_sent
fd00::212:12:12:12,8798,8798000,8799000,2.0,total_sent
fd00::212:12:12:12,8979,8979000,8980000,2.0,total_sent
fd00::212:12:12:12,8988,8988000,8989000,1.0,total_sent
fd00::212:12:12:12,9002,9002000,9003000,1.0,total_sent
fd00::212:12:12:12,9159,9159000,9160000,2.0,total_sent
fd00::212:12:12:12,9167,9167000,9168000,1.0,total_sent
fd00::212:12:12:12,9178,9178000,9179000,1.0,total_sent
fd00::212:12:12:12,9189,9189000,9190000,1.0,total_sent
fd00::212:12:12:12,9199,9199000,9200000,1.0,total_sent
fd00::212:12:12:12,9212,9212000,9213000,1.0,total_sent
fd00::212:12:12:12,9225,9225000,9226000,1.0,total_sent
fd00::212:12:12:12,9234,9234000,9235000,1.0,total_sent
fd00::212:12:12:12,9244,9244000,9245000,1.0,total_sent
fd00::212:12:12:12,9252,9252000,9253000,1.0,total_sent
fd00::212:12:12:12,9262,9262000,9263000,1.0,total_sent
fd00::212:12:12:12,9277,9277000,9278000,1.0,total_sent
fd00::212:12:12:12,9455,9455000,9456000,1.0,total_sent
fd00::212:12:12:12,9463,9463000,9464000,1.0,total_sent
fd00::212:12:12:12,9476,9476000,9477000,1.0,total_sent
fd00::212:12:12:12,9484,9484000,9485000,1.0,total_sent
fd00::212:12:12:12,9495,9495000,9496000,1.0,total_sent
fd00::212:12:12:12,9506,9506000,9507000,1.0,total_sent
fd00::212:12:12:12,9516,9516000,9517000,1.0,total_sent
fd00::212:12:12:12,9526,9526000,9527000,1.0,total_sent
fd00::212:12:12:12,9537,9537000,9538000,1.0,total_sent
fd00::212:12:12:12,9552,9552000,9553000,1.0,total_sent
fd00::212:12:12:12,9574,9574000,9575000,2.0,total_sent
fd00::212:12:12:12,9617,9617000,9618000,1.0,total_sent
fd00::212:12:12:12,9624,9624000,9625000,1.0,total_sent
fd00::212:12:12:12,9643,9643000,9644000,1.0,total_sent
fd00::212:12:12:12,9644,9644000,9645000,1.0,total_sent
fd00::212:12:12:12,9653,9653000,9654000,1.0,total_sent
fd00::212:12:12:12,9664,9664000,9665000,1.0,total_sent
fd00::212:12:12:12,9674,9674000,9675000,1.0,total_sent
fd00::212:12:12:12,9684,9684000,9685000,1.0,total_sent
fd00::212:12:12:12,9695,9695000,9696000,1.0,total_sent
fd00::212:12:12:12,9706,9706000,9707000,1.0,total_sent
fd00::212:12:12:12,9717,9717000,9718000,1.0,total_sent
fd00::212:12:12:12,9727,9727000,9728000,1.0,total_sent
fd00::212:12:12:12,9737,9737000,9738000,1.0,total_sent
fd00::212:12:12:12,9749,9749000,9750000,1.0,total_sent
fd00::212:12:12:12,10248,10248000,10249000,3.0,total_sent
fd00::212:12:12:12,10254,10254000,10255000,1.0,total_sent
fd00::212:12:12:12,10265,10265000,10266000,1.0,total_sent
fd00::212:12:12:12,10275,10275000,10276000,1.0,total_sent
fd00::212:12:12:12,10286,10286000,10287000,1.0,total_sent
fd00::212:12:12:12,10296,10296000,10297000,1.0,total_sent
fd00::212:12:12:12,10307,10307000,10308000,1.0,total_sent
fd00::212:12:12:12,10318,10318000,10319000,1.0,total_sent
fd00::212:12:12:12,10328,10328000,10329000,1.0,total_sent
fd00::212:12:12:12,10343,10343000,10344000,1.0,total_sent
fd00::212:12:12:12,10718,10718000,10719000,1.0,total_sent
fd00::212:12:12:12,11467,11467000,11468000,1.0,total_sent
fd00::212:12:12:12,11483,11483000,11484000,1.0,total_sent
fd00::212:12:12:12,11488,11488000,11489000,1.0,total_sent
fd00::212:12:12:12,11499,11499000,11500000,1.0,total_sent
fd00::212:12:12:12,11510,11510000,11511000,1.0,total_sent
fd00::212:12:12:12,11784,11784000,11785000,2.0,total_sent
fd00::212:12:12:12,11799,11799000,11800000,1.0,total_sent
fd00::212:12:12:12,11805,11805000,11806000,1.0,total_sent
fd00::212:12:12:12,11817,11817000,11818000,1.0,total_sent
fd00::212:12:12:12,11829,11829000,11830000,1.0,total_sent
fd00::212:12:12:12,11837,11837000,11838000,1.0,total_sent
fd00::212:12:12:12,12672,12672000,12673000,1.0,total_sent
fd00::212:12:12:12,12683,12683000,12684000,1.0,total_sent
fd00::212:12:12:12,12694,12694000,12695000,1.0,total_sent
fd00::212:12:12:12,12706,12706000,12707000,1.0,total_sent
fd00::212:12:12:12,12714,12714000,12715000,1.0,total_sent
fd00::212:12:12:12,12756,12756000,12757000,3.0,total_sent
fd00::212:12:12:12,13033,13033000,13034000,2.0,total_sent
fd00::212:12:12:12,13039,13039000,13040000,1.0,total_sent
fd00::212:12:12:12,13325,13325000,13326000,2.0,total_sent
fd00::212:12:12:12,13335,13335000,13336000,1.0,total_sent
fd00::212:12:12:12,13349,13349000,13350000,1.0,total_sent
fd00::212:12:12:12,13356,13356000,13357000,1.0,total_sent
fd00::212:12:12:12,13367,13367000,13368000,1.0,total_sent
fd00::212:12:12:12,13379,13379000,13380000,1.0,total_sent
fd00::212:12:12:12,13388,13388000,13389000,1.0,total_sent
fd00::212:12:12:12,13398,13398000,13399000,1.0,total_sent
fd00::212:12:12:12,13422,13422000,13423000,1.0,total_sent
fd00::212:12:12:12,13634,13634000,13635000,1.0,total_sent
fd00::212:12:12:12,13969,13969000,13970000,1.0,total_sent
fd00::212:12:12:12,13984,13984000,13985000,1.0,total_sent
fd00::212:12:12:12,13992,13992000,13993000,1.0,total_sent
fd00::212:12:12:12,14001,14001000,14002000,1.0,total_sent
fd00::212:12:12:12,14379,14379000,14380000,2.0,total_sent
fd00::212:12:12:12,14404,14404000,14405000,2.0,total_sent
fd00::212:12:12:12,14634,14634000,14635000,2.0,total_sent
fd00::212:12:12:12,14876,14876000,14877000,1.0,total_sent
fd00::212:12:12:12,14886,14886000,14887000,1.0,total_sent
fd00::212:12:12:12,14896,14896000,14897000,1.0,total_sent
fd00::212:12:12:12,14907,14907000,14908000,1.0,total_sent
fd00::212:12:12:12,15097,15097000,15098000,2.0,total_sent
fd00::212:12:12:12,15108,15108000,15109000,1.0,total_sent
fd00::212:12:12:12,15118,15118000,15119000,1.0,total_sent
fd00::212:12:12:12,15130,15130000,15131000,1.0,total_sent
fd00::212:12:12:12,15139,15139000,15140000,1.0,total_sent
fd00::212:12:12:12,15149,15149000,15150000,1.0,total_sent
fd00::212:12:12:12,15168,15168000,15169000,1.0,total_sent
fd00::212:12:12:12,15199,15199000,15200000,1.0,total_sent
fd00::212:12:12:12,15200,15200000,15201000,1.0,total_sent
fd00::212:12:12:12,15265,15265000,15266000,1.0,total_sent
fd00::212:12:12:12,15276,15276000,15277000,1.0,total_sent
fd00::212:12:12:12,15287,15287000,15288000,1.0,total_sent
fd00::212:12:12:12,15297,15297000,15298000,1.0,total_sent
fd00::212:12:12:12,15308,15308000,15309000,1.0,total_sent
fd00::212:12:12:12,15318,15318000,15319000,1.0,total_sent
fd00::212:12:12:12,15331,15331000,15332000,1.0,total_sent
fd00::212:12:12:12,15343,15343000,15344000,1.0,total_sent
fd00::212:12:12:12,15351,15351000,15352000,1.0,total_sent
fd00::212:12:12:12,15364,15364000,15365000,1.0,total_sent
fd00::212:12:12:12,15372,15372000,15373000,1.0,total_sent
fd00::212:12:12:12,15381,15381000,15382000,1.0,total_sent
fd00::212:12:12:12,15392,15392000,15393000,1.0,total_sent
fd00::212:12:12:12,15403,15403000,15404000,1.0,total_sent
fd00::212:12:12:12,15417,15417000,15418000,1.0,total_sent
fd00::212:12:12:12,15425,15425000,15426000,1.0,total_sent
fd00::212:12:12:12,15435,15435000,15436000,1.0,total_sent
fd00::212:12:12:12,15445,15445000,15446000,1.0,total_sent
fd00::212:12:12:12,15725,15725000,15726000,1.0,total_sent
fd00::212:12:12:12,15732,15732000,15733000,1.0,total_sent
fd00::212:12:12:12,15742,15742000,15743000,1.0,total_sent
fd00::212:12:12:12,15756,15756000,15757000,1.0,total_sent
fd00::212:12:12:12,15762,15762000,15763000,1.0,total_sent
fd00::212:12:12:12,15776,15776000,15777000,1.0,total_sent
fd00::212:12:12:12,15785,15785000,15786000,1.0,total_sent
fd00::212:12:12:12,15795,15795000,15796000,1.0,total_sent
fd00::212:12:12:12,15808,15808000,15809000,1.0,total_sent
fd00::212:12:12:12,16436,16436000,16437000,2.0,total_sent
fd00::212:12:12:12,16447,16447000,16448000,1.0,total_sent
fd00::212:12:12:12,16458,16458000,16459000,1.0,total_sent
fd00::212:12:12:12,16468,16468000,16469000,1.0,total_sent
fd00::212:12:12:12,16479,16479000,16480000,1.0,total_sent
fd00::212:12:12:12,16490,16490000,16491000,1.0,total_sent
fd00::212:12:12:12,16501,16501000,16502000,1.0,total_sent
fd00::212:12:12:12,16510,16510000,16511000,1.0,total_sent
fd00::212:12:12:12,16649,16649000,16650000,4.0,total_sent
fd00::212:12:12:12,16658,16658000,16659000,1.0,total_sent
fd00::212:12:12:12,16669,16669000,16670000,1.0,total_sent
fd00::212:12:12:12,16679,16679000,16680000,1.0,total_sent
fd00::212:12:12:12,16701,16701000,16702000,2.0,total_sent
fd00::212:12:12:12,17264,17264000,17265000,2.0,total_sent
fd00::212:12:12:12,17703,17703000,17704000,4.0,total_sent
fd00::212:12:12:12,17767,17767000,17768000,1.0,total_sent
fd00::212:12:12:12,18379,18379000,18380000,3.0,total_sent
fd00::212:12:12:12,18388,18388000,18389000,1.0,total_sent
fd00::212:12:12:12,18399,18399000,18400000,1.0,total_sent
fd00::212:12:12:12,18409,18409000,18410000,1.0,total_sent
fd00::212:12:12:12,18423,18423000,18424000,1.0,total_sent
fd00::212:12:12:12,18433,18433000,18434000,1.0,total_sent
fd00::212:12:12:12,18446,18446000,18447000,1.0,total_sent
fd00::212:12:12:12,18456,18456000,18457000,1.0,total_sent
fd00::212:12:12:12,18462,18462000,18463000,1.0,total_sent
fd00::212:12:12:12,18473,18473000,18474000,1.0,total_sent
fd00::212:12:12:12,18487,18487000,18488000,1.0,total_sent
fd00::212:12:12:12,18494,18494000,18495000,1.0,total_sent
fd00::212:12:12:12,18507,18507000,18508000,1.0,total_sent
fd00::212:12:12:12,18515,18515000,18516000,1.0,total_sent
fd00::212:12:12:12,18525,18525000,18526000,1.0,total_sent
fd00::212:12:12:12,18536,18536000,18537000,1.0,total_sent
fd00::212:12:12:12,18546,18546000,18547000,1.0,total_sent
fd00::212:12:12:12,18926,18926000,18927000,2.0,total_sent
fd00::212:12:12:12,18937,18937000,18938000,1.0,total_sent
fd00::212:12:12:12,18948,18948000,18949000,1.0,total_sent
fd00::212:12:12:12,18958,18958000,18959000,1.0,total_sent
fd00::212:12:12:12,18969,18969000,18970000,1.0,total_sent
fd00::212:12:12:12,18979,18979000,18980000,1.0,total_sent
fd00::212:12:12:12,18989,18989000,18990000,1.0,total_sent
fd00::212:12:12:12,19004,19004000,19005000,1.0,total_sent
fd00::212:12:12:12,19011,19011000,19012000,1.0,total_sent
fd00::212:12:12:12,19028,19028000,19029000,1.0,total_sent
fd00::212:12:12:12,19037,19037000,19038000,1.0,total_sent
fd00::212:12:12:12,19047,19047000,19048000,1.0,total_sent
fd00::212:12:12:12,19055,19055000,19056000,1.0,total_sent
fd00::212:12:12:12,19085,19085000,19086000,1.0,total_sent
fd00::212:12:12:12,19243,19243000,19244000,2.0,total_sent
fd00::212:12:12:12,19253,19253000,19254000,1.0,total_sent
fd00::212:12:12:12,19264,19264000,19265000,1.0,total_sent
fd00::212:12:12:12,19281,19281000,19282000,1.0,total_sent
fd00::212:12:12:12,19308,19308000,19309000,2.0,total_sent
fd00::212:12:12:12,19507,19507000,19508000,3.0,total_sent
fd00::212:12:12:12,19517,19517000,19518000,1.0,total_sent
fd00::212:12:12:12,19528,19528000,19529000,1.0,total_sent
fd00::212:12:12:12,19540,19540000,19541000,1.0,total_sent
fd00::212:12:12:12,19549,19549000,19550000,1.0,total_sent
fd00::212:12:12:12,19559,19559000,19560000,1.0,total_sent
fd00::212:12:12:12,19573,19573000,19574000,1.0,total_sent
fd00::212:12:12:12,19582,19582000,19583000,1.0,total_sent
fd00::212:12:12:12,19594,19594000,19595000,1.0,total_sent
fd00::212:12:12:12,19604,19604000,19605000,1.0,total_sent
fd00::212:12:12:12,19612,19612000,19613000,1.0,total_sent
fd00::212:12:12:12,19624,19624000,19625000,1.0,total_sent
fd00::212:12:12:12,19634,19634000,19635000,1.0,total_sent
fd00::212:12:12:12,19644,19644000,19645000,1.0,total_sent
fd00::212:12:12:12,19656,19656000,19657000,1.0,total_sent
fd00::212:12:12:12,19665,19665000,19666000,1.0,total_sent
fd00::212:12:12:12,19683,19683000,19684000,1.0,total_sent
fd00::212:12:12:12,19686,19686000,19687000,1.0,total_sent
fd00::212:12:12:12,19698,19698000,19699000,1.0,total_sent
fd00::212:12:12:12,19707,19707000,19708000,1.0,total_sent
fd00::212:12:12:12,19717,19717000,19718000,1.0,total_sent
fd00::212:12:12:12,19732,19732000,19733000,1.0,total_sent
fd00::212:12:12:12,19739,19739000,19740000,1.0,total_sent
fd00::212:12:12:12,20097,20097000,20098000,2.0,total_sent
fd00::212:12:12:12,20111,20111000,20112000,1.0,total_sent
fd00::212:12:12:12,20119,20119000,20120000,1.0,total_sent
fd00::212:12:12:12,20129,20129000,20130000,1.0,total_sent
fd00::212:12:12:12,20139,20139000,20140000,1.0,total_sent
fd00::212:12:12:12,20151,20151000,20152000,1.0,total_sent
fd00::212:12:12:12,20166,20166000,20167000,1.0,total_sent
fd00::212:12:12:12,20172,20172000,20173000,1.0,total_sent
fd00::212:12:12:12,20183,20183000,20184000,1.0,total_sent
fd00::212:12:12:12,20192,20192000,20193000,1.0,total_sent
fd00::212:12:12:12,20203,20203000,20204000,1.0,total_sent
fd00::212:12:12:12,20213,20213000,20214000,1.0,total_sent
fd00::212:12:12:12,20224,20224000,20225000,1.0,total_sent
fd00::212:12:12:12,20235,20235000,20236000,1.0,total_sent
fd00::212:12:12:12,20245,20245000,20246000,1.0,total_sent
fd00::212:12:12:12,20259,20259000,20260000,1.0,total_sent
fd00::212:12:12:12,20269,20269000,20270000,1.0,total_sent
fd00::212:12:12:12,20277,20277000,20278000,1.0,total_sent
fd00::212:12:12:12,20289,20289000,20290000,1.0,total_sent
fd00::213:13:13:13,9585,9585000,9586000,0.0,total_sent
fd00::213:13:13:13,9603,9603000,9604000,1.0,total_sent
fd00::213:13:13:13,9623,9623000,9624000,1.0,total_sent
fd00::213:13:13:13,9643,9643000,9644000,1.0,total_sent
fd00::214:14:14:14,136,136000,137000,0.0,total_sent
fd00::214:14:14:14,2220,2220000,2221000,2.0,total_sent
fd00::214:14:14:14,2227,2227000,2228000,1.0,total_sent
fd00::214:14:14:14,2244,2244000,2245000,1.0,total_sent
fd00::214:14:14:14,11406,11406000,11407000,4.0,total_sent
fd00::214:14:14:14,11438,11438000,11439000,1.0,total_sent
fd00::214:14:14:14,16013,16013000,16014000,3.0,total_sent
fd00::214:14:14:14,16026,16026000,16027000,1.0,total_sent
fd00::214:14:14:14,16046,16046000,16047000,2.0,total_sent
fd00::214:14:14:14,16059,16059000,16060000,1.0,total_sent
fd00::214:14:14:14,16092,16092000,16093000,2.0,total_sent
fd00::214:14:14:14,16098,16098000,16099000,1.0,total_sent
fd00::214:14:14:14,16107,16107000,16108000,1.0,total_sent
fd00::214:14:14:14,17664,17664000,17665000,2.0,total_sent
fd00::215:15:15:15,21,21000,22000,0.0,total_sent
fd00::215:15:15:15,34,34000,35000,1.0,total_sent
fd00::215:15:15:15,41,41000,42000,1.0,total_sent
fd00::215:15:15:15,54,54000,55000,1.0,total_sent
fd00::215:15:15:15,61,61000,62000,1.0,total_sent
fd00::215:15:15:15,284,284000,285000,5.0,total_sent
fd00::215:15:15:15,292,292000,293000,1.0,total_sent
fd00::215:15:15:15,426,426000,427000,2.0,total_sent
fd00::215:15:15:15,427,427000,428000,1.0,total_sent
fd00::215:15:15:15,501,501000,502000,2.0,total_sent
fd00::215:15:15:15,518,518000,519000,1.0,total_sent
fd00::215:15:15:15,525,525000,526000,1.0,total_sent
fd00::215:15:15:15,802,802000,803000,3.0,total_sent
fd00::215:15:15:15,814,814000,815000,1.0,total_sent
fd00::215:15:15:15,822,822000,823000,1.0,total_sent
fd00::215:15:15:15,834,834000,835000,1.0,total_sent
fd00::215:15:15:15,841,841000,842000,1.0,total_sent
fd00::215:15:15:15,853,853000,854000,1.0,total_sent
fd00::215:15:15:15,864,864000,865000,1.0,total_sent
fd00::215:15:15:15,876,876000,877000,1.0,total_sent
fd00::215:15:15:15,884,884000,885000,1.0,total_sent
fd00::215:15:15:15,895,895000,896000,1.0,total_sent
fd00::215:15:15:15,901,901000,902000,1.0,total_sent
fd00::215:15:15:15,910,910000,911000,1.0,total_sent
fd00::215:15:15:15,929,929000,930000,1.0,total_sent
fd00::215:15:15:15,942,942000,943000,1.0,total_sent
fd00::215:15:15:15,948,948000,949000,1.0,total_sent
fd00::215:15:15:15,1000,1000000,1001000,3.0,total_sent
fd00::215:15:15:15,1011,1011000,1012000,1.0,total_sent
fd00::215:15:15:15,1021,1021000,1022000,1.0,total_sent
fd00::215:15:15:15,1031,1031000,1032000,1.0,total_sent
fd00::215:15:15:15,1046,1046000,1047000,1.0,total_sent
fd00::215:15:15:15,1052,1052000,1053000,1.0,total_sent
fd00::215:15:15:15,1060,1060000,1061000,1.0,total_sent
fd00::215:15:15:15,1071,1071000,1072000,1.0,total_sent
fd00::215:15:15:15,1082,1082000,1083000,1.0,total_sent
fd00::215:15:15:15,1092,1092000,1093000,1.0,total_sent
fd00::215:15:15:15,1413,1413000,1414000,3.0,total_sent
fd00::215:15:15:15,1422,1422000,1423000,1.0,total_sent
fd00::215:15:15:15,1435,1435000,1436000,1.0,total_sent
fd00::215:15:15:15,1441,1441000,1442000,1.0,total_sent
fd00::215:15:15:15,1456,1456000,1457000,1.0,total_sent
fd00::215:15:15:15,1465,1465000,1466000,1.0,total_sent
fd00::215:15:15:15,1494,1494000,1495000,1.0,total_sent
fd00::215:15:15:15,1762,1762000,1763000,3.0,total_sent
fd00::215:15:15:15,1771,1771000,1772000,1.0,total_sent
fd00::215:15:15:15,1783,1783000,1784000,1.0,total_sent
fd00::215:15:15:15,1795,1795000,1796000,1.0,total_sent
fd00::215:15:15:15,2613,2613000,2614000,3.0,total_sent
fd00::215:15:15:15,3331,3331000,3332000,1.0,total_sent
fd00::215:15:15:15,3342,3342000,3343000,1.0,total_sent
fd00::215:15:15:15,3351,3351000,3352000,1.0,total_sent
fd00::215:15:15:15,3364,3364000,3365000,1.0,total_sent
fd00::215:15:15:15,3372,3372000,3373000,1.0,total_sent
fd00::215:15:15:15,3392,3392000,3393000,1.0,total_sent
fd00::215:15:15:15,3564,3564000,3565000,1.0,total_sent
fd00::215:15:15:15,3577,3577000,3578000,1.0,total_sent
fd00::215:15:15:15,3772,3772000,3773000,4.0,total_sent
fd00::215:15:15:15,3785,3785000,3786000,1.0,total_sent
fd00::215:15:15:15,3792,3792000,3793000,1.0,total_sent
fd00::215:15:15:15,3801,3801000,3802000,1.0,total_sent
fd00::215:15:15:15,3811,3811000,3812000,1.0,total_sent
fd00::215:15:15:15,3821,3821000,3822000,1.0,total_sent
fd00::215:15:15:15,4316,4316000,4317000,2.0,total_sent
fd00::215:15:15:15,4322,4322000,4323000,1.0,total_sent
fd00::215:15:15:15,4331,4331000,4332000,1.0,total_sent
fd00::215:15:15:15,4348,4348000,4349000,1.0,total_sent
fd00::215:15:15:15,4575,4575000,4576000,1.0,total_sent
fd00::215:15:15:15,4584,4584000,4585000,1.0,total_sent
fd00::215:15:15:15,4594,4594000,4595000,1.0,total_sent
fd00::215:15:15:15,4604,4604000,4605000,1.0,total_sent
fd00::215:15:15:15,4617,4617000,4618000,1.0,total_sent
fd00::215:15:15:15,4633,4633000,4634000,1.0,total_sent
fd00::215:15:15:15,4641,4641000,4642000,1.0,total_sent
fd00::215:15:15:15,4655,4655000,4656000,1.0,total_sent
fd00::215:15:15:15,4822,4822000,4823000,1.0,total_sent
fd00::215:15:15:15,4832,4832000,4833000,1.0,total_sent
fd00::215:15:15:15,4842,4842000,4843000,1.0,total_sent
fd00::215:15:15:15,4852,4852000,4853000,1.0,total_sent
fd00::215:15:15:15,4869,4869000,4870000,1.0,total_sent
fd00::215:15:15:15,5012,5012000,5013000,1.0,total_sent
fd00::215:15:15:15,5027,5027000,5028000,1.0,total_sent
fd00::215:15:15:15,5032,5032000,5033000,1.0,total_sent
fd00::215:15:15:15,5057,5057000,5058000,1.0,total_sent
fd00::215:15:15:15,5722,5722000,5723000,1.0,total_sent
fd00::215:15:15:15,6082,6082000,6083000,1.0,total_sent
fd00::215:15:15:15,6234,6234000,6235000,1.0,total_sent
fd00::215:15:15:15,6248,6248000,6249000,1.0,total_sent
fd00::215:15:15:15,6569,6569000,6570000,2.0,total_sent
fd00::215:15:15:15,6574,6574000,6575000,1.0,total_sent
fd00::215:15:15:15,6582,6582000,6583000,1.0,total_sent
fd00::215:15:15:15,6593,6593000,6594000,1.0,total_sent
fd00::215:15:15:15,6602,6602000,6603000,1.0,total_sent
fd00::215:15:15:15,6814,6814000,6815000,1.0,total_sent
fd00::215:15:15:15,6825,6825000,6826000,1.0,total_sent
fd00::215:15:15:15,6837,6837000,6838000,1.0,total_sent
fd00::215:15:15:15,6846,6846000,6847000,1.0,total_sent
fd00::215:15:15:15,6852,6852000,6853000,1.0,total_sent
fd00::215:15:15:15,6862,6862000,6863000,1.0,total_sent
fd00::215:15:15:15,6872,6872000,6873000,1.0,total_sent
fd00::215:15:15:15,6888,6888000,6889000,1.0,total_sent
fd00::215:15:15:15,7032,7032000,7033000,2.0,total_sent
fd00::215:15:15:15,7042,7042000,7043000,1.0,total_sent
fd00::215:15:15:15,7053,7053000,7054000,1.0,total_sent
fd00::215:15:15:15,7066,7066000,7067000,1.0,total_sent
fd00::215:15:15:15,7078,7078000,7079000,1.0,total_sent
fd00::215:15:15:15,7087,7087000,7088000,1.0,total_sent
fd00::215:15:15:15,7403,7403000,7404000,1.0,total_sent
fd00::215:15:15:15,7413,7413000,7414000,1.0,total_sent
fd00::215:15:15:15,7424,7424000,7425000,1.0,total_sent
fd00::215:15:15:15,7436,7436000,7437000,1.0,total_sent
fd00::215:15:15:15,7462,7462000,7463000,2.0,total_sent
fd00::215:15:15:15,7472,7472000,7473000,1.0,total_sent
fd00::215:15:15:15,7483,7483000,7484000,1.0,total_sent
fd00::215:15:15:15,7497,7497000,7498000,1.0,total_sent
fd00::215:15:15:15,7503,7503000,7504000,1.0,total_sent
fd00::215:15:15:15,7513,7513000,7514000,1.0,total_sent
fd00::215:15:15:15,7524,7524000,7525000,1.0,total_sent
fd00::215:15:15:15,7533,7533000,7534000,1.0,total_sent
fd00::215:15:15:15,7542,7542000,7543000,1.0,total_sent
fd00::215:15:15:15,7560,7560000,7561000,1.0,total_sent
fd00::215:15:15:15,7572,7572000,7573000,1.0,total_sent
fd00::215:15:15:15,7583,7583000,7584000,1.0,total_sent
fd00::215:15:15:15,7592,7592000,7593000,1.0,total_sent
fd00::215:15:15:15,7602,7602000,7603000,1.0,total_sent
fd00::215:15:15:15,7614,7614000,7615000,1.0,total_sent
fd00::215:15:15:15,7623,7623000,7624000,1.0,total_sent
fd00::215:15:15:15,7634,7634000,7635000,1.0,total_sent
fd00::215:15:15:15,7646,7646000,7647000,1.0,total_sent
fd00::215:15:15:15,7653,7653000,7654000,1.0,total_sent
fd00::215:15:15:15,7664,7664000,7665000,1.0,total_sent
fd00::215:15:15:15,9107,9107000,9108000,4.0,total_sent
fd00::215:15:15:15,9114,9114000,9115000,1.0,total_sent
fd00::215:15:15:15,9124,9124000,9125000,1.0,total_sent
fd00::215:15:15:15,9133,9133000,9134000,1.0,total_sent
fd00::215:15:15:15,9144,9144000,9145000,1.0,total_sent
fd00::215:15:15:15,9153,9153000,9154000,1.0,total_sent
fd00::215:15:15:15,9165,9165000,9166000,1.0,total_sent
fd00::215:15:15:15,9173,9173000,9174000,1.0,total_sent
fd00::215:15:15:15,9183,9183000,9184000,1.0,total_sent
fd00::215:15:15:15,9193,9193000,9194000,1.0,total_sent
fd00::215:15:15:15,9206,9206000,9207000,1.0,total_sent
fd00::215:15:15:15,9213,9213000,9214000,1.0,total_sent
fd00::215:15:15:15,9227,9227000,9228000,1.0,total_sent
fd00::215:15:15:15,9235,9235000,9236000,1.0,total_sent
fd00::215:15:15:15,9243,9243000,9244000,1.0,total_sent
fd00::215:15:15:15,9254,9254000,9255000,1.0,total_sent
fd00::215:15:15:15,9269,9269000,9270000,1.0,total_sent
fd00::215:15:15:15,9279,9279000,9280000,1.0,total_sent
fd00::215:15:15:15,9287,9287000,9288000,1.0,total_sent
fd00::215:15:15:15,9296,9296000,9297000,1.0,total_sent
fd00::215:15:15:15,9307,9307000,9308000,1.0,total_sent
fd00::215:15:15:15,9323,9323000,9324000,1.0,total_sent
fd00::215:15:15:15,9334,9334000,9335000,1.0,total_sent
fd00::215:15:15:15,9344,9344000,9345000,1.0,total_sent
fd00::215:15:15:15,9353,9353000,9354000,1.0,total_sent
fd00::215:15:15:15,9364,9364000,9365000,1.0,total_sent
fd00::215:15:15:15,9373,9373000,9374000,1.0,total_sent
fd00::215:15:15:15,9383,9383000,9384000,1.0,total_sent
fd00::215:15:15:15,9394,9394000,9395000,1.0,total_sent
fd00::215:15:15:15,9403,9403000,9404000,1.0,total_sent
fd00::215:15:15:15,9414,9414000,9415000,1.0,total_sent
fd00::215:15:15:15,9423,9423000,9424000,1.0,total_sent
fd00::215:15:15:15,9436,9436000,9437000,1.0,total_sent
fd00::215:15:15:15,9444,9444000,9445000,1.0,total_sent
fd00::215:15:15:15,9454,9454000,9455000,1.0,total_sent
fd00::215:15:15:15,9464,9464000,9465000,1.0,total_sent
fd00::215:15:15:15,9473,9473000,9474000,1.0,total_sent
fd00::215:15:15:15,9483,9483000,9484000,1.0,total_sent
fd00::215:15:15:15,9497,9497000,9498000,1.0,total_sent
fd00::215:15:15:15,9503,9503000,9504000,1.0,total_sent
fd00::215:15:15:15,9513,9513000,9514000,1.0,total_sent
fd00::215:15:15:15,9525,9525000,9526000,1.0,total_sent
fd00::215:15:15:15,9533,9533000,9534000,1.0,total_sent
fd00::215:15:15:15,9544,9544000,9545000,1.0,total_sent
fd00::215:15:15:15,9553,9553000,9554000,1.0,total_sent
fd00::215:15:15:15,9564,9564000,9565000,1.0,total_sent
fd00::215:15:15:15,9576,9576000,9577000,1.0,total_sent
fd00::215:15:15:15,9583,9583000,9584000,1.0,total_sent
fd00::215:15:15:15,9594,9594000,9595000,1.0,total_sent
fd00::215:15:15:15,9603,9603000,9604000,1.0,total_sent
fd00::215:15:15:15,9613,9613000,9614000,1.0,total_sent
fd00::215:15:15:15,9623,9623000,9624000,1.0,total_sent
fd00::215:15:15:15,9634,9634000,9635000,1.0,total_sent
fd00::215:15:15:15,9645,9645000,9646000,1.0,total_sent
fd00::215:15:15:15,9653,9653000,9654000,1.0,total_sent
fd00::215:15:15:15,9663,9663000,9664000,1.0,total_sent
fd00::215:15:15:15,9673,9673000,9674000,1.0,total_sent
fd00::215:15:15:15,9684,9684000,9685000,1.0,total_sent
fd00::215:15:15:15,9696,9696000,9697000,1.0,total_sent
fd00::215:15:15:15,9703,9703000,9704000,1.0,total_sent
fd00::215:15:15:15,9713,9713000,9714000,1.0,total_sent
fd00::215:15:15:15,9726,9726000,9727000,1.0,total_sent
fd00::215:15:15:15,9733,9733000,9734000,1.0,total_sent
fd00::215:15:15:15,9743,9743000,9744000,1.0,total_sent
fd00::215:15:15:15,9754,9754000,9755000,1.0,total_sent
fd00::215:15:15:15,9813,9813000,9814000,2.0,total_sent
fd00::215:15:15:15,9824,9824000,9825000,1.0,total_sent
fd00::215:15:15:15,9834,9834000,9835000,1.0,total_sent
fd00::215:15:15:15,9843,9843000,9844000,1.0,total_sent
fd00::215:15:15:15,9868,9868000,9869000,1.0,total_sent
fd00::215:15:15:15,9882,9882000,9883000,2.0,total_sent
fd00::215:15:15:15,10015,10015000,10016000,14.0,total_sent
fd00::215:15:15:15,10023,10023000,10024000,1.0,total_sent
fd00::215:15:15:15,10033,10033000,10034000,1.0,total_sent
fd00::215:15:15:15,10043,10043000,10044000,1.0,total_sent
fd00::215:15:15:15,10053,10053000,10054000,1.0,total_sent
fd00::215:15:15:15,10063,10063000,10064000,1.0,total_sent
fd00::215:15:15:15,10073,10073000,10074000,1.0,total_sent
fd00::215:15:15:15,10083,10083000,10084000,1.0,total_sent
fd00::215:15:15:15,10093,10093000,10094000,1.0,total_sent
fd00::215:15:15:15,10116,10116000,10117000,1.0,total_sent
fd00::215:15:15:15,10366,10366000,10367000,4.0,total_sent
fd00::215:15:15:15,10379,10379000,10380000,1.0,total_sent
fd00::215:15:15:15,10535,10535000,10536000,1.0,total_sent
fd00::215:15:15:15,10543,10543000,10544000,1.0,total_sent
fd00::215:15:15:15,11316,11316000,11317000,2.0,total_sent
fd00::215:15:15:15,11337,11337000,11338000,2.0,total_sent
fd00::215:15:15:15,11346,11346000,11347000,1.0,total_sent
fd00::215:15:15:15,11355,11355000,11356000,1.0,total_sent
fd00::215:15:15:15,11364,11364000,11365000,1.0,total_sent
fd00::215:15:15:15,11375,11375000,11376000,1.0,total_sent
fd00::215:15:15:15,11387,11387000,11388000,1.0,total_sent
fd00::215:15:15:15,11574,11574000,11575000,1.0,total_sent
fd00::215:15:15:15,11584,11584000,11585000,1.0,total_sent
fd00::215:15:15:15,11654,11654000,11655000,1.0,total_sent
fd00::215:15:15:15,11669,11669000,11670000,1.0,total_sent
fd00::215:15:15:15,11690,11690000,11691000,1.0,total_sent
fd00::215:15:15:15,12181,12181000,12182000,3.0,total_sent
fd00::215:15:15:15,12196,12196000,12197000,1.0,total_sent
fd00::215:15:15:15,12704,12704000,12705000,1.0,total_sent
fd00::215:15:15:15,12714,12714000,12715000,1.0,total_sent
fd00::215:15:15:15,12727,12727000,12728000,1.0,total_sent
fd00::215:15:15:15,13204,13204000,13205000,2.0,total_sent
fd00::215:15:15:15,13344,13344000,13345000,4.0,total_sent
fd00::215:15:15:15,13354,13354000,13355000,1.0,total_sent
fd00::215:15:15:15,13365,13365000,13366000,1.0,total_sent
fd00::215:15:15:15,13376,13376000,13377000,1.0,total_sent
fd00::215:15:15:15,13386,13386000,13387000,1.0,total_sent
fd00::215:15:15:15,13394,13394000,13395000,1.0,total_sent
fd00::215:15:15:15,13598,13598000,13599000,3.0,total_sent
fd00::215:15:15:15,13607,13607000,13608000,1.0,total_sent
fd00::215:15:15:15,14245,14245000,14246000,1.0,total_sent
fd00::215:15:15:15,14444,14444000,14445000,2.0,total_sent
fd00::215:15:15:15,14794,14794000,14795000,2.0,total_sent
fd00::215:15:15:15,14806,14806000,14807000,1.0,total_sent
fd00::215:15:15:15,14815,14815000,14816000,1.0,total_sent
fd00::215:15:15:15,14825,14825000,14826000,1.0,total_sent
fd00::215:15:15:15,14835,14835000,14836000,1.0,total_sent
fd00::215:15:15:15,14844,14844000,14845000,1.0,total_sent
fd00::215:15:15:15,14855,14855000,14856000,1.0,total_sent
fd00::215:15:15:15,15125,15125000,15126000,2.0,total_sent
fd00::215:15:15:15,15137,15137000,15138000,1.0,total_sent
fd00::215:15:15:15,15177,15177000,15178000,3.0,total_sent
fd00::215:15:15:15,15515,15515000,15516000,2.0,total_sent
fd00::215:15:15:15,15525,15525000,15526000,1.0,total_sent
fd00::215:15:15:15,15536,15536000,15537000,1.0,total_sent
fd00::215:15:15:15,15545,15545000,15546000,1.0,total_sent
fd00::215:15:15:15,15558,15558000,15559000,1.0,total_sent
fd00::215:15:15:15,16032,16032000,16033000,3.0,total_sent
fd00::215:15:15:15,16035,16035000,16036000,1.0,total_sent
fd00::215:15:15:15,16048,16048000,16049000,1.0,total_sent
fd00::215:15:15:15,16059,16059000,16060000,1.0,total_sent
fd00::215:15:15:15,16065,16065000,16066000,1.0,total_sent
fd00::215:15:15:15,16075,16075000,16076000,1.0,total_sent
fd00::215:15:15:15,16095,16095000,16096000,1.0,total_sent
fd00::215:15:15:15,16425,16425000,16426000,1.0,total_sent
fd00::215:15:15:15,16435,16435000,16436000,1.0,total_sent
fd00::215:15:15:15,16445,16445000,16446000,1.0,total_sent
fd00::215:15:15:15,16456,16456000,16457000,1.0,total_sent
fd00::215:15:15:15,16465,16465000,16466000,1.0,total_sent
fd00::215:15:15:15,16476,16476000,16477000,1.0,total_sent
fd00::215:15:15:15,16494,16494000,16495000,1.0,total_sent
fd00::215:15:15:15,16499,16499000,16500000,1.0,total_sent
fd00::215:15:15:15,16522,16522000,16523000,1.0,total_sent
fd00::215:15:15:15,16538,16538000,16539000,1.0,total_sent
fd00::215:15:15:15,16816,16816000,16817000,1.0,total_sent
fd00::215:15:15:15,17085,17085000,17086000,1.0,total_sent
fd00::215:15:15:15,17095,17095000,17096000,1.0,total_sent
fd00::215:15:15:15,17105,17105000,17106000,1.0,total_sent
fd00::215:15:15:15,17115,17115000,17116000,1.0,total_sent
fd00::215:15:15:15,17127,17127000,17128000,1.0,total_sent
fd00::215:15:15:15,17346,17346000,17347000,1.0,total_sent
fd00::215:15:15:15,17355,17355000,17356000,1.0,total_sent
fd00::215:15:15:15,17366,17366000,17367000,1.0,total_sent
fd00::215:15:15:15,17375,17375000,17376000,1.0,total_sent
fd00::215:15:15:15,17385,17385000,17386000,1.0,total_sent
fd00::215:15:15:15,17395,17395000,17396000,1.0,total_sent
fd00::215:15:15:15,17406,17406000,17407000,1.0,total_sent
fd00::215:15:15:15,17417,17417000,17418000,1.0,total_sent
fd00::215:15:15:15,17428,17428000,17429000,1.0,total_sent
fd00::215:15:15:15,17437,17437000,17438000,1.0,total_sent
fd00::215:15:15:15,18145,18145000,18146000,4.0,total_sent
fd00::215:15:15:15,18158,18158000,18159000,1.0,total_sent
fd00::215:15:15:15,18169,18169000,18170000,1.0,total_sent
fd00::215:15:15:15,18188,18188000,18189000,1.0,total_sent
fd00::215:15:15:15,18367,18367000,18368000,1.0,total_sent
fd00::215:15:15:15,18379,18379000,18380000,1.0,total_sent
fd00::215:15:15:15,18938,18938000,18939000,1.0,total_sent
fd00::215:15:15:15,18947,18947000,18948000,1.0,total_sent
fd00::215:15:15:15,18956,18956000,18957000,1.0,total_sent
fd00::215:15:15:15,18967,18967000,18968000,1.0,total_sent
fd00::215:15:15:15,18978,18978000,18979000,1.0,total_sent
fd00::215:15:15:15,18986,18986000,18987000,1.0,total_sent
fd00::215:15:15:15,18996,18996000,18997000,1.0,total_sent
fd00::215:15:15:15,19006,19006000,19007000,1.0,total_sent
fd00::215:15:15:15,19017,19017000,19018000,1.0,total_sent
fd00::215:15:15:15,19029,19029000,19030000,1.0,total_sent
fd00::215:15:15:15,19038,19038000,19039000,1.0,total_sent
fd00::215:15:15:15,19055,19055000,19056000,1.0,total_sent
fd00::215:15:15:15,19246,19246000,19247000,1.0,total_sent
fd00::215:15:15:15,19256,19256000,19257000,1.0,total_sent
fd00::215:15:15:15,19286,19286000,19287000,3.0,total_sent
fd00::215:15:15:15,19293,19293000,19294000,0.0,total_sent
fd00::215:15:15:15,19301,19301000,19302000,2.0,total_sent
fd00::215:15:15:15,19309,19309000,19310000,1.0,total_sent
fd00::215:15:15:15,19316,19316000,19317000,1.0,total_sent
fd00::215:15:15:15,19326,19326000,19327000,1.0,total_sent
fd00::215:15:15:15,19336,19336000,19337000,1.0,total_sent
fd00::215:15:15:15,19346,19346000,19347000,1.0,total_sent
fd00::215:15:15:15,19356,19356000,19357000,1.0,total_sent
fd00::215:15:15:15,19366,19366000,19367000,1.0,total_sent
fd00::215:15:15:15,19376,19376000,19377000,1.0,total_sent
fd00::215:15:15:15,19386,19386000,19387000,1.0,total_sent
fd00::215:15:15:15,19402,19402000,19403000,1.0,total_sent
fd00::215:15:15:15,19956,19956000,19957000,2.0,total_sent
fd00::215:15:15:15,20206,20206000,20207000,1.0,total_sent
fd00::215:15:15:15,20216,20216000,20217000,1.0,total_sent
fd00::215:15:15:15,20226,20226000,20227000,1.0,total_sent
fd00::215:15:15:15,20238,20238000,20239000,1.0,total_sent
fd00::215:15:15:15,20246,20246000,20247000,1.0,total_sent
fd00::215:15:15:15,20569,20569000,20570000,3.0,total_sent
fd00::215:15:15:15,20592,20592000,20593000,1.0,total_sent
fd00::215:15:15:15,20616,20616000,20617000,1.0,total_sent
fd00::215:15:15:15,20627,20627000,20628000,1.0,total_sent
fd00::215:15:15:15,20636,20636000,20637000,1.0,total_sent
fd00::215:15:15:15,20647,20647000,20648000,1.0,total_sent
fd00::215:15:15:15,20658,20658000,20659000,1.0,total_sent
fd00::215:15:15:15,20667,20667000,20668000,1.0,total_sent
fd00::215:15:15:15,20677,20677000,20678000,1.0,total_sent
fd00::215:15:15:15,20689,20689000,20690000,1.0,total_sent
fd00::215:15:15:15,20696,20696000,20697000,1.0,total_sent
fd00::215:15:15:15,20706,20706000,20707000,1.0,total_sent
fd00::215:15:15:15,20716,20716000,20717000,1.0,total_sent
fd00::215:15:15:15,21047,21047000,21048000,1.0,total_sent
fd00::215:15:15:15,21057,21057000,21058000,1.0,total_sent
fd00::215:15:15:15,21067,21067000,21068000,1.0,total_sent
fd00::215:15:15:15,21081,21081000,21082000,1.0,total_sent
fd00::215:15:15:15,21086,21086000,21087000,1.0,total_sent
fd00::215:15:15:15,21096,21096000,21097000,1.0,total_sent
fd00::215:15:15:15,21107,21107000,21108000,1.0,total_sent
fd00::215:15:15:15,21116,21116000,21117000,1.0,total_sent
fd00::215:15:15:15,21126,21126000,21127000,1.0,total_sent
fd00::215:15:15:15,21360,21360000,21361000,1.0,total_sent
fd00::215:15:15:15,21368,21368000,21369000,1.0,total_sent
fd00::215:15:15:15,21377,21377000,21378000,1.0,total_sent
fd00::215:15:15:15,21389,21389000,21390000,1.0,total_sent
fd00::215:15:15:15,21397,21397000,21398000,1.0,total_sent
fd00::215:15:15:15,21411,21411000,21412000,1.0,total_sent
fd00::215:15:15:15,21417,21417000,21418000,1.0,total_sent
fd00::216:16:16:16,13199,13199000,13200000,0.0,total_sent
fd00::217:17:17:17,11,11000,12000,0.0,total_sent
fd00::217:17:17:17,22,22000,23000,1.0,total_sent
fd00::217:17:17:17,33,33000,34000,1.0,total_sent
fd00::217:17:17:17,45,45000,46000,1.0,total_sent
fd00::217:17:17:17,57,57000,58000,1.0,total_sent
fd00::217:17:17:17,71,71000,72000,1.0,total_sent
fd00::217:17:17:17,389,389000,390000,7.0,total_sent
fd00::217:17:17:17,401,401000,402000,1.0,total_sent
fd00::217:17:17:17,427,427000,428000,1.0,total_sent
fd00::217:17:17:17,428,428000,429000,1.0,total_sent
fd00::217:17:17:17,438,438000,439000,1.0,total_sent
fd00::217:17:17:17,443,443000,444000,1.0,total_sent
fd00::217:17:17:17,453,453000,454000,1.0,total_sent
fd00::217:17:17:17,825,825000,826000,1.0,total_sent
fd00::217:17:17:17,835,835000,836000,1.0,total_sent
fd00::217:17:17:17,843,843000,844000,1.0,total_sent
fd00::217:17:17:17,856,856000,857000,1.0,total_sent
fd00::217:17:17:17,865,865000,866000,1.0,total_sent
fd00::217:17:17:17,874,874000,875000,1.0,total_sent
fd00::217:17:17:17,886,886000,887000,1.0,total_sent
fd00::217:17:17:17,896,896000,897000,1.0,total_sent
fd00::217:17:17:17,907,907000,908000,1.0,total_sent
fd00::217:17:17:17,918,918000,919000,1.0,total_sent
fd00::217:17:17:17,938,938000,939000,1.0,total_sent
fd00::217:17:17:17,953,953000,954000,1.0,total_sent
fd00::217:17:17:17,977,977000,978000,1.0,total_sent
fd00::217:17:17:17,1710,1710000,1711000,5.0,total_sent
fd00::217:17:17:17,2191,2191000,2192000,1.0,total_sent
fd00::217:17:17:17,2192,2192000,2193000,1.0,total_sent
fd00::217:17:17:17,2203,2203000,2204000,1.0,total_sent
fd00::217:17:17:17,2215,2215000,2216000,1.0,total_sent
fd00::217:17:17:17,2224,2224000,2225000,1.0,total_sent
fd00::217:17:17:17,2243,2243000,2244000,1.0,total_sent
fd00::217:17:17:17,2497,2497000,2498000,1.0,total_sent
fd00::217:17:17:17,2505,2505000,2506000,1.0,total_sent
fd00::217:17:17:17,2519,2519000,2520000,1.0,total_sent
fd00::217:17:17:17,2526,2526000,2527000,1.0,total_sent
fd00::217:17:17:17,2979,2979000,2980000,3.0,total_sent
fd00::217:17:17:17,2995,2995000,2996000,1.0,total_sent
fd00::217:17:17:17,3005,3005000,3006000,1.0,total_sent
fd00::217:17:17:17,3249,3249000,3250000,1.0,total_sent
fd00::217:17:17:17,3263,3263000,3264000,1.0,total_sent
fd00::217:17:17:17,3282,3282000,3283000,1.0,total_sent
fd00::217:17:17:17,3468,3468000,3469000,1.0,total_sent
fd00::217:17:17:17,3476,3476000,3477000,1.0,total_sent
fd00::217:17:17:17,3487,3487000,3488000,1.0,total_sent
fd00::217:17:17:17,3498,3498000,3499000,1.0,total_sent
fd00::217:17:17:17,3508,3508000,3509000,1.0,total_sent
fd00::217:17:17:17,3779,3779000,3780000,1.0,total_sent
fd00::217:17:17:17,3789,3789000,3790000,1.0,total_sent
fd00::217:17:17:17,3802,3802000,3803000,1.0,total_sent
fd00::217:17:17:17,3811,3811000,3812000,1.0,total_sent
fd00::217:17:17:17,3822,3822000,3823000,1.0,total_sent
fd00::217:17:17:17,4353,4353000,4354000,3.0,total_sent
fd00::217:17:17:17,4368,4368000,4369000,1.0,total_sent
fd00::217:17:17:17,4369,4369000,4370000,0.0,total_sent
fd00::217:17:17:17,4377,4377000,4378000,3.0,total_sent
fd00::217:17:17:17,4782,4782000,4783000,2.0,total_sent
fd00::217:17:17:17,4798,4798000,4799000,1.0,total_sent
fd00::217:17:17:17,4987,4987000,4988000,1.0,total_sent
fd00::217:17:17:17,4998,4998000,4999000,1.0,total_sent
fd00::217:17:17:17,5011,5011000,5012000,1.0,total_sent
fd00::217:17:17:17,5019,5019000,5020000,1.0,total_sent
fd00::217:17:17:17,5031,5031000,5032000,1.0,total_sent
fd00::217:17:17:17,5044,5044000,5045000,1.0,total_sent
fd00::217:17:17:17,5052,5052000,5053000,1.0,total_sent
fd00::217:17:17:17,5063,5063000,5064000,1.0,total_sent
fd00::217:17:17:17,5073,5073000,5074000,1.0,total_sent
fd00::217:17:17:17,5084,5084000,5085000,1.0,total_sent
fd00::217:17:17:17,6099,6099000,6100000,4.0,total_sent
fd00::217:17:17:17,6114,6114000,6115000,1.0,total_sent
fd00::217:17:17:17,6123,6123000,6124000,1.0,total_sent
fd00::217:17:17:17,6131,6131000,6132000,1.0,total_sent
fd00::217:17:17:17,6150,6150000,6151000,1.0,total_sent
fd00::217:17:17:17,6224,6224000,6225000,1.0,total_sent
fd00::217:17:17:17,6235,6235000,6236000,1.0,total_sent
fd00::217:17:17:17,6461,6461000,6462000,4.0,total_sent
fd00::217:17:17:17,6726,6726000,6727000,5.0,total_sent
fd00::217:17:17:17,6747,6747000,6748000,1.0,total_sent
fd00::217:17:17:17,6758,6758000,6759000,1.0,total_sent
fd00::217:17:17:17,7081,7081000,7082000,3.0,total_sent
fd00::217:17:17:17,7097,7097000,7098000,1.0,total_sent
fd00::217:17:17:17,7298,7298000,7299000,3.0,total_sent
fd00::217:17:17:17,7426,7426000,7427000,1.0,total_sent
fd00::217:17:17:17,7438,7438000,7439000,1.0,total_sent
fd00::217:17:17:17,7457,7457000,7458000,1.0,total_sent
fd00::217:17:17:17,7497,7497000,7498000,1.0,total_sent
fd00::217:17:17:17,7503,7503000,7504000,1.0,total_sent
fd00::217:17:17:17,7513,7513000,7514000,1.0,total_sent
fd00::217:17:17:17,7529,7529000,7530000,1.0,total_sent
fd00::217:17:17:17,7537,7537000,7538000,1.0,total_sent
fd00::217:17:17:17,7546,7546000,7547000,1.0,total_sent
fd00::217:17:17:17,7837,7837000,7838000,4.0,total_sent
fd00::217:17:17:17,7847,7847000,7848000,1.0,total_sent
fd00::217:17:17:17,7863,7863000,7864000,1.0,total_sent
fd00::217:17:17:17,7869,7869000,7870000,1.0,total_sent
fd00::217:17:17:17,7882,7882000,7883000,1.0,total_sent
fd00::217:17:17:17,7894,7894000,7895000,1.0,total_sent
fd00::217:17:17:17,7908,7908000,7909000,1.0,total_sent
fd00::217:17:17:17,8054,8054000,8055000,1.0,total_sent
fd00::217:17:17:17,8078,8078000,8079000,1.0,total_sent
fd00::217:17:17:17,8279,8279000,8280000,1.0,total_sent
fd00::217:17:17:17,8646,8646000,8647000,1.0,total_sent
fd00::217:17:17:17,8657,8657000,8658000,1.0,total_sent
fd00::217:17:17:17,8668,8668000,8669000,1.0,total_sent
fd00::217:17:17:17,9046,9046000,9047000,1.0,total_sent
fd00::217:17:17:17,9057,9057000,9058000,1.0,total_sent
fd00::217:17:17:17,9069,9069000,9070000,1.0,total_sent
fd00::217:17:17:17,9078,9078000,9079000,1.0,total_sent
fd00::217:17:17:17,9218,9218000,9219000,1.0,total_sent
fd00::217:17:17:17,9229,9229000,9230000,1.0,total_sent
fd00::217:17:17:17,9244,9244000,9245000,1.0,total_sent
fd00::217:17:17:17,9255,9255000,9256000,1.0,total_sent
fd00::217:17:17:17,9267,9267000,9268000,1.0,total_sent
fd00::217:17:17:17,9272,9272000,9273000,1.0,total_sent
fd00::217:17:17:17,9285,9285000,9286000,1.0,total_sent
fd00::217:17:17:17,9295,9295000,9296000,1.0,total_sent
fd00::217:17:17:17,9306,9306000,9307000,1.0,total_sent
fd00::217:17:17:17,9456,9456000,9457000,1.0,total_sent
fd00::217:17:17:17,9467,9467000,9468000,1.0,total_sent
fd00::217:17:17:17,9477,9477000,9478000,1.0,total_sent
fd00::217:17:17:17,9488,9488000,9489000,1.0,total_sent
fd00::217:17:17:17,9499,9499000,9500000,1.0,total_sent
fd00::217:17:17:17,9512,9512000,9513000,1.0,total_sent
fd00::217:17:17:17,9521,9521000,9522000,1.0,total_sent
fd00::217:17:17:17,9533,9533000,9534000,1.0,total_sent
fd00::217:17:17:17,9547,9547000,9548000,1.0,total_sent
fd00::217:17:17:17,9553,9553000,9554000,1.0,total_sent
fd00::217:17:17:17,9565,9565000,9566000,1.0,total_sent
fd00::217:17:17:17,9575,9575000,9576000,1.0,total_sent
fd00::217:17:17:17,9585,9585000,9586000,1.0,total_sent
fd00::217:17:17:17,9597,9597000,9598000,1.0,total_sent
fd00::217:17:17:17,9607,9607000,9608000,1.0,total_sent
fd00::217:17:17:17,9985,9985000,9986000,2.0,total_sent
fd00::217:17:17:17,10276,10276000,10277000,1.0,total_sent
fd00::217:17:17:17,10287,10287000,10288000,1.0,total_sent
fd00::217:17:17:17,10298,10298000,10299000,1.0,total_sent
fd00::217:17:17:17,10477,10477000,10478000,1.0,total_sent
fd00::217:17:17:17,10497,10497000,10498000,1.0,total_sent
fd00::217:17:17:17,10719,10719000,10720000,1.0,total_sent
fd00::217:17:17:17,11107,11107000,11108000,2.0,total_sent
fd00::217:17:17:17,11118,11118000,11119000,1.0,total_sent
fd00::217:17:17:17,11307,11307000,11308000,2.0,total_sent
fd00::217:17:17:17,11319,11319000,11320000,1.0,total_sent
fd00::217:17:17:17,11571,11571000,11572000,1.0,total_sent
fd00::217:17:17:17,11582,11582000,11583000,1.0,total_sent
fd00::217:17:17:17,11593,11593000,11594000,1.0,total_sent
fd00::217:17:17:17,11608,11608000,11609000,1.0,total_sent
fd00::217:17:17:17,11616,11616000,11617000,1.0,total_sent
fd00::217:17:17:17,11625,11625000,11626000,1.0,total_sent
fd00::217:17:17:17,11636,11636000,11637000,1.0,total_sent
fd00::217:17:17:17,11647,11647000,11648000,1.0,total_sent
fd00::217:17:17:17,11658,11658000,11659000,1.0,total_sent
fd00::217:17:17:17,12089,12089000,12090000,4.0,total_sent
fd00::217:17:17:17,12100,12100000,12101000,1.0,total_sent
fd00::217:17:17:17,12111,12111000,12112000,1.0,total_sent
fd00::217:17:17:17,12122,12122000,12123000,1.0,total_sent
fd00::217:17:17:17,12133,12133000,12134000,1.0,total_sent
fd00::217:17:17:17,12143,12143000,12144000,1.0,total_sent
fd00::217:17:17:17,12154,12154000,12155000,1.0,total_sent
fd00::217:17:17:17,12165,12165000,12166000,1.0,total_sent
fd00::217:17:17:17,12176,12176000,12177000,1.0,total_sent
fd00::217:17:17:17,12187,12187000,12188000,1.0,total_sent
fd00::217:17:17:17,12199,12199000,12200000,1.0,total_sent
fd00::217:17:17:17,12424,12424000,12425000,3.0,total_sent
fd00::217:17:17:17,12436,12436000,12437000,1.0,total_sent
fd00::217:17:17:17,12446,12446000,12447000,1.0,total_sent
fd00::217:17:17:17,12456,12456000,12457000,1.0,total_sent
fd00::217:17:17:17,12468,12468000,12469000,1.0,total_sent
fd00::217:17:17:17,12478,12478000,12479000,1.0,total_sent
fd00::217:17:17:17,12489,12489000,12490000,1.0,total_sent
fd00::217:17:17:17,12526,12526000,12527000,2.0,total_sent
fd00::217:17:17:17,12543,12543000,12544000,1.0,total_sent
fd00::217:17:17:17,12877,12877000,12878000,2.0,total_sent
fd00::217:17:17:17,12895,12895000,12896000,1.0,total_sent
fd00::217:17:17:17,12899,12899000,12900000,1.0,total_sent
fd00::217:17:17:17,12911,12911000,12912000,1.0,total_sent
fd00::217:17:17:17,12923,12923000,12924000,1.0,total_sent
fd00::217:17:17:17,12937,12937000,12938000,1.0,total_sent
fd00::217:17:17:17,13172,13172000,13173000,1.0,total_sent
fd00::217:17:17:17,13725,13725000,13726000,4.0,total_sent
fd00::217:17:17:17,13737,13737000,13738000,1.0,total_sent
fd00::217:17:17:17,14216,14216000,14217000,1.0,total_sent
fd00::217:17:17:17,14227,14227000,14228000,1.0,total_sent
fd00::217:17:17:17,14237,14237000,14238000,1.0,total_sent
fd00::217:17:17:17,14249,14249000,14250000,1.0,total_sent
fd00::217:17:17:17,14259,14259000,14260000,1.0,total_sent
fd00::217:17:17:17,14293,14293000,14294000,3.0,total_sent
fd00::217:17:17:17,14304,14304000,14305000,1.0,total_sent
fd00::217:17:17:17,14367,14367000,14368000,1.0,total_sent
fd00::217:17:17:17,14378,14378000,14379000,1.0,total_sent
fd00::217:17:17:17,14574,14574000,14575000,3.0,total_sent
fd00::217:17:17:17,14583,14583000,14584000,1.0,total_sent
fd00::217:17:17:17,14594,14594000,14595000,1.0,total_sent
fd00::217:17:17:17,14604,14604000,14605000,1.0,total_sent
fd00::217:17:17:17,14616,14616000,14617000,1.0,total_sent
fd00::217:17:17:17,14626,14626000,14627000,1.0,total_sent
fd00::217:17:17:17,14665,14665000,14666000,1.0,total_sent
fd00::217:17:17:17,15264,15264000,15265000,1.0,total_sent
fd00::217:17:17:17,15274,15274000,15275000,1.0,total_sent
fd00::217:17:17:17,15298,15298000,15299000,1.0,total_sent
fd00::217:17:17:17,15794,15794000,15795000,1.0,total_sent
fd00::217:17:17:17,15811,15811000,15812000,1.0,total_sent
fd00::217:17:17:17,15975,15975000,15976000,1.0,total_sent
fd00::217:17:17:17,15988,15988000,15989000,1.0,total_sent
fd00::217:17:17:17,15997,15997000,15998000,1.0,total_sent
fd00::217:17:17:17,16008,16008000,16009000,1.0,total_sent
fd00::217:17:17:17,16019,16019000,16020000,1.0,total_sent
fd00::217:17:17:17,16032,16032000,16033000,1.0,total_sent
fd00::217:17:17:17,16041,16041000,16042000,1.0,total_sent
fd00::217:17:17:17,16052,16052000,16053000,1.0,total_sent
fd00::217:17:17:17,16062,16062000,16063000,1.0,total_sent
fd00::217:17:17:17,16078,16078000,16079000,1.0,total_sent
fd00::217:17:17:17,16088,16088000,16089000,1.0,total_sent
fd00::217:17:17:17,16094,16094000,16095000,1.0,total_sent
fd00::217:17:17:17,16106,16106000,16107000,1.0,total_sent
fd00::217:17:17:17,16117,16117000,16118000,1.0,total_sent
fd00::217:17:17:17,16126,16126000,16127000,1.0,total_sent
fd00::217:17:17:17,16385,16385000,16386000,1.0,total_sent
fd00::217:17:17:17,16396,16396000,16397000,1.0,total_sent
fd00::217:17:17:17,16407,16407000,16408000,1.0,total_sent
fd00::217:17:17:17,16418,16418000,16419000,1.0,total_sent
fd00::217:17:17:17,16429,16429000,16430000,1.0,total_sent
fd00::217:17:17:17,16444,16444000,16445000,1.0,total_sent
fd00::217:17:17:17,16451,16451000,16452000,1.0,total_sent
fd00::217:17:17:17,16461,16461000,16462000,1.0,total_sent
fd00::217:17:17:17,16472,16472000,16473000,1.0,total_sent
fd00::217:17:17:17,16486,16486000,16487000,1.0,total_sent
fd00::217:17:17:17,17286,17286000,17287000,6.0,total_sent
fd00::217:17:17:17,17294,17294000,17295000,1.0,total_sent
fd00::217:17:17:17,17304,17304000,17305000,1.0,total_sent
fd00::217:17:17:17,17427,17427000,17428000,1.0,total_sent
fd00::217:17:17:17,17435,17435000,17436000,1.0,total_sent
fd00::217:17:17:17,17596,17596000,17597000,1.0,total_sent
fd00::217:17:17:17,17605,17605000,17606000,1.0,total_sent
fd00::217:17:17:17,17616,17616000,17617000,1.0,total_sent
fd00::217:17:17:17,17627,17627000,17628000,1.0,total_sent
fd00::217:17:17:17,17645,17645000,17646000,1.0,total_sent
fd00::217:17:17:17,17664,17664000,17665000,1.0,total_sent
fd00::217:17:17:17,17972,17972000,17973000,2.0,total_sent
fd00::217:17:17:17,17983,17983000,17984000,1.0,total_sent
fd00::217:17:17:17,17994,17994000,17995000,1.0,total_sent
fd00::217:17:17:17,18005,18005000,18006000,1.0,total_sent
fd00::217:17:17:17,18016,18016000,18017000,1.0,total_sent
fd00::217:17:17:17,18027,18027000,18028000,1.0,total_sent
fd00::217:17:17:17,18037,18037000,18038000,1.0,total_sent
fd00::217:17:17:17,18048,18048000,18049000,1.0,total_sent
fd00::217:17:17:17,18058,18058000,18059000,1.0,total_sent
fd00::217:17:17:17,18069,18069000,18070000,1.0,total_sent
fd00::217:17:17:17,18080,18080000,18081000,1.0,total_sent
fd00::217:17:17:17,18091,18091000,18092000,1.0,total_sent
fd00::217:17:17:17,18106,18106000,18107000,1.0,total_sent
fd00::217:17:17:17,18119,18119000,18120000,1.0,total_sent
fd00::217:17:17:17,18189,18189000,18190000,1.0,total_sent
fd00::217:17:17:17,18194,18194000,18195000,1.0,total_sent
fd00::217:17:17:17,18199,18199000,18200000,1.0,total_sent
fd00::217:17:17:17,18502,18502000,18503000,2.0,total_sent
fd00::217:17:17:17,18514,18514000,18515000,1.0,total_sent
fd00::217:17:17:17,18526,18526000,18527000,1.0,total_sent
fd00::217:17:17:17,18534,18534000,18535000,1.0,total_sent
fd00::217:17:17:17,18545,18545000,18546000,1.0,total_sent
fd00::217:17:17:17,18555,18555000,18556000,1.0,total_sent
fd00::217:17:17:17,18768,18768000,18769000,2.0,total_sent
fd00::217:17:17:17,18922,18922000,18923000,1.0,total_sent
fd00::217:17:17:17,18933,18933000,18934000,1.0,total_sent
fd00::217:17:17:17,18946,18946000,18947000,1.0,total_sent
fd00::217:17:17:17,19386,19386000,19387000,1.0,total_sent
fd00::217:17:17:17,19397,19397000,19398000,1.0,total_sent
fd00::217:17:17:17,19408,19408000,19409000,1.0,total_sent
fd00::217:17:17:17,19418,19418000,19419000,1.0,total_sent
fd00::217:17:17:17,19436,19436000,19437000,1.0,total_sent
fd00::217:17:17:17,19441,19441000,19442000,1.0,total_sent
fd00::217:17:17:17,19454,19454000,19455000,1.0,total_sent
fd00::217:17:17:17,19462,19462000,19463000,1.0,total_sent
fd00::217:17:17:17,19475,19475000,19476000,1.0,total_sent
fd00::217:17:17:17,19486,19486000,19487000,1.0,total_sent
fd00::217:17:17:17,19495,19495000,19496000,1.0,total_sent
fd00::217:17:17:17,19509,19509000,19510000,1.0,total_sent
fd00::217:17:17:17,19527,19527000,19528000,2.0,total_sent
fd00::217:17:17:17,19819,19819000,19820000,2.0,total_sent
fd00::217:17:17:17,19829,19829000,19830000,1.0,total_sent
fd00::217:17:17:17,20077,20077000,20078000,1.0,total_sent
fd00::217:17:17:17,20088,20088000,20089000,1.0,total_sent
fd00::217:17:17:17,20102,20102000,20103000,1.0,total_sent
fd00::217:17:17:17,20114,20114000,20115000,1.0,total_sent
fd00::217:17:17:17,20139,20139000,20140000,1.0,total_sent
fd00::217:17:17:17,20455,20455000,20456000,2.0,total_sent
fd00::217:17:17:17,20466,20466000,20467000,1.0,total_sent
fd00::217:17:17:17,20498,20498000,20499000,2.0,total_sent
fd00::217:17:17:17,20512,20512000,20513000,1.0,total_sent
fd00::217:17:17:17,20854,20854000,20855000,2.0,total_sent
fd00::217:17:17:17,20865,20865000,20866000,1.0,total_sent
fd00::217:17:17:17,20881,20881000,20882000,1.0,total_sent
fd00::217:17:17:17,20887,20887000,20888000,1.0,total_sent
fd00::217:17:17:17,20899,20899000,20900000,1.0,total_sent
fd00::217:17:17:17,20908,20908000,20909000,1.0,total_sent
fd00::217:17:17:17,20919,20919000,20920000,1.0,total_sent
fd00::217:17:17:17,20931,20931000,20932000,1.0,total_sent
fd00::217:17:17:17,20948,20948000,20949000,1.0,total_sent
fd00::217:17:17:17,20954,20954000,20955000,1.0,total_sent
fd00::217:17:17:17,20962,20962000,20963000,1.0,total_sent
fd00::217:17:17:17,20974,20974000,20975000,1.0,total_sent
fd00::217:17:17:17,20984,20984000,20985000,1.0,total_sent
fd00::217:17:17:17,21008,21008000,21009000,1.0,total_sent
fd00::217:17:17:17,21243,21243000,21244000,1.0,total_sent
fd00::217:17:17:17,21253,21253000,21254000,1.0,total_sent
fd00::217:17:17:17,21265,21265000,21266000,1.0,total_sent
fd00::217:17:17:17,21275,21275000,21276000,1.0,total_sent
fd00::218:18:18:18,20,20000,21000,0.0,total_sent
fd00::218:18:18:18,31,31000,32000,1.0,total_sent
fd00::218:18:18:18,44,44000,45000,1.0,total_sent
fd00::218:18:18:18,52,52000,53000,1.0,total_sent
fd00::218:18:18:18,63,63000,64000,1.0,total_sent
fd00::218:18:18:18,77,77000,78000,1.0,total_sent
fd00::218:18:18:18,274,274000,275000,4.0,total_sent
fd00::218:18:18:18,285,285000,286000,1.0,total_sent
fd00::218:18:18:18,666,666000,667000,3.0,total_sent
fd00::218:18:18:18,676,676000,677000,1.0,total_sent
fd00::218:18:18:18,688,688000,689000,1.0,total_sent
fd00::218:18:18:18,697,697000,698000,1.0,total_sent
fd00::218:18:18:18,708,708000,709000,1.0,total_sent
fd00::218:18:18:18,718,718000,719000,1.0,total_sent
fd00::218:18:18:18,1036,1036000,1037000,4.0,total_sent
fd00::218:18:18:18,1046,1046000,1047000,1.0,total_sent
fd00::218:18:18:18,1057,1057000,1058000,1.0,total_sent
fd00::218:18:18:18,1068,1068000,1069000,1.0,total_sent
fd00::218:18:18:18,1078,1078000,1079000,1.0,total_sent
fd00::218:18:18:18,1089,1089000,1090000,1.0,total_sent
fd00::218:18:18:18,1099,1099000,1100000,1.0,total_sent
fd00::218:18:18:18,1110,1110000,1111000,1.0,total_sent
fd00::218:18:18:18,1137,1137000,1138000,2.0,total_sent
fd00::218:18:18:18,1154,1154000,1155000,1.0,total_sent
fd00::218:18:18:18,1163,1163000,1164000,1.0,total_sent
fd00::218:18:18:18,1177,1177000,1178000,1.0,total_sent
fd00::218:18:18:18,1184,1184000,1185000,1.0,total_sent
fd00::218:18:18:18,1226,1226000,1227000,4.0,total_sent
fd00::218:18:18:18,1235,1235000,1236000,0.0,total_sent
fd00::218:18:18:18,1237,1237000,1238000,3.0,total_sent
fd00::218:18:18:18,1247,1247000,1248000,1.0,total_sent
fd00::218:18:18:18,1258,1258000,1259000,1.0,total_sent
fd00::218:18:18:18,1269,1269000,1270000,1.0,total_sent
fd00::218:18:18:18,1279,1279000,1280000,1.0,total_sent
fd00::218:18:18:18,1292,1292000,1293000,1.0,total_sent
fd00::218:18:18:18,1301,1301000,1302000,1.0,total_sent
fd00::218:18:18:18,1314,1314000,1315000,1.0,total_sent
fd00::218:18:18:18,1321,1321000,1322000,1.0,total_sent
fd00::218:18:18:18,1336,1336000,1337000,1.0,total_sent
fd00::218:18:18:18,1342,1342000,1343000,1.0,total_sent
fd00::218:18:18:18,1353,1353000,1354000,1.0,total_sent
fd00::218:18:18:18,1365,1365000,1366000,1.0,total_sent
fd00::218:18:18:18,1374,1374000,1375000,1.0,total_sent
fd00::218:18:18:18,1385,1385000,1386000,1.0,total_sent
fd00::218:18:18:18,1395,1395000,1396000,1.0,total_sent
fd00::218:18:18:18,1406,1406000,1407000,1.0,total_sent
fd00::218:18:18:18,1417,1417000,1418000,1.0,total_sent
fd00::218:18:18:18,1427,1427000,1428000,1.0,total_sent
fd00::218:18:18:18,1438,1438000,1439000,1.0,total_sent
fd00::218:18:18:18,1629,1629000,1630000,4.0,total_sent
fd00::218:18:18:18,1639,1639000,1640000,1.0,total_sent
fd00::218:18:18:18,1649,1649000,1650000,1.0,total_sent
fd00::218:18:18:18,1661,1661000,1662000,1.0,total_sent
fd00::218:18:18:18,1698,1698000,1699000,2.0,total_sent
fd00::218:18:18:18,1884,1884000,1885000,1.0,total_sent
fd00::218:18:18:18,1893,1893000,1894000,1.0,total_sent
fd00::218:18:18:18,2095,2095000,2096000,3.0,total_sent
fd00::218:18:18:18,2105,2105000,2106000,1.0,total_sent
fd00::218:18:18:18,2115,2115000,2116000,1.0,total_sent
fd00::218:18:18:18,2129,2129000,2130000,1.0,total_sent
fd00::218:18:18:18,2136,2136000,2137000,1.0,total_sent
fd00::218:18:18:18,2146,2146000,2147000,1.0,total_sent
fd00::218:18:18:18,2157,2157000,2158000,1.0,total_sent
fd00::218:18:18:18,2167,2167000,2168000,1.0,total_sent
fd00::218:18:18:18,2178,2178000,2179000,1.0,total_sent
fd00::218:18:18:18,2728,2728000,2729000,4.0,total_sent
fd00::218:18:18:18,2919,2919000,2920000,2.0,total_sent
fd00::218:18:18:18,2931,2931000,2932000,1.0,total_sent
fd00::218:18:18:18,2940,2940000,2941000,1.0,total_sent
fd00::218:18:18:18,2971,2971000,2972000,2.0,total_sent
fd00::218:18:18:18,2982,2982000,2983000,1.0,total_sent
fd00::218:18:18:18,2998,2998000,2999000,1.0,total_sent
fd00::218:18:18:18,3011,3011000,3012000,1.0,total_sent
fd00::218:18:18:18,3088,3088000,3089000,1.0,total_sent
fd00::218:18:18:18,3491,3491000,3492000,2.0,total_sent
fd00::218:18:18:18,3505,3505000,3506000,1.0,total_sent
fd00::218:18:18:18,3514,3514000,3515000,1.0,total_sent
fd00::218:18:18:18,3527,3527000,3528000,1.0,total_sent
fd00::218:18:18:18,3532,3532000,3533000,1.0,total_sent
fd00::218:18:18:18,3544,3544000,3545000,1.0,total_sent
fd00::218:18:18:18,3882,3882000,3883000,2.0,total_sent
fd00::218:18:18:18,3894,3894000,3895000,1.0,total_sent
fd00::218:18:18:18,3902,3902000,3903000,1.0,total_sent
fd00::218:18:18:18,3916,3916000,3917000,1.0,total_sent
fd00::218:18:18:18,3925,3925000,3926000,1.0,total_sent
fd00::218:18:18:18,4886,4886000,4887000,1.0,total_sent
fd00::218:18:18:18,4896,4896000,4897000,1.0,total_sent
fd00::218:18:18:18,4907,4907000,4908000,1.0,total_sent
fd00::218:18:18:18,4922,4922000,4923000,1.0,total_sent
fd00::218:18:18:18,4929,4929000,4930000,1.0,total_sent
fd00::218:18:18:18,4939,4939000,4940000,1.0,total_sent
fd00::218:18:18:18,4953,4953000,4954000,1.0,total_sent
fd00::218:18:18:18,4962,4962000,4963000,1.0,total_sent
fd00::218:18:18:18,4971,4971000,4972000,1.0,total_sent
fd00::218:18:18:18,4984,4984000,4985000,1.0,total_sent
fd00::218:18:18:18,4992,4992000,4993000,1.0,total_sent
fd00::218:18:18:18,5005,5005000,5006000,1.0,total_sent
fd00::218:18:18:18,5013,5013000,5014000,1.0,total_sent
fd00::218:18:18:18,5023,5023000,5024000,1.0,total_sent
fd00::218:18:18:18,5034,5034000,5035000,1.0,total_sent
fd00::218:18:18:18,5047,5047000,5048000,1.0,total_sent
fd00::218:18:18:18,5098,5098000,5099000,1.0,total_sent
fd00::218:18:18:18,5114,5114000,5115000,1.0,total_sent
fd00::218:18:18:18,6155,6155000,6156000,1.0,total_sent
fd00::218:18:18:18,6166,6166000,6167000,1.0,total_sent
fd00::218:18:18:18,6176,6176000,6177000,1.0,total_sent
fd00::218:18:18:18,6187,6187000,6188000,1.0,total_sent
fd00::218:18:18:18,6197,6197000,6198000,1.0,total_sent
fd00::218:18:18:18,7038,7038000,7039000,1.0,total_sent
fd00::218:18:18:18,7055,7055000,7056000,1.0,total_sent
fd00::218:18:18:18,7066,7066000,7067000,1.0,total_sent
fd00::218:18:18:18,7255,7255000,7256000,1.0,total_sent
fd00::218:18:18:18,7266,7266000,7267000,1.0,total_sent
fd00::218:18:18:18,7278,7278000,7279000,1.0,total_sent
fd00::218:18:18:18,7287,7287000,7288000,1.0,total_sent
fd00::218:18:18:18,7298,7298000,7299000,1.0,total_sent
fd00::218:18:18:18,7308,7308000,7309000,1.0,total_sent
fd00::218:18:18:18,7319,7319000,7320000,1.0,total_sent
fd00::218:18:18:18,7329,7329000,7330000,1.0,total_sent
fd00::218:18:18:18,7459,7459000,7460000,2.0,total_sent
fd00::218:18:18:18,7689,7689000,7690000,2.0,total_sent
fd00::218:18:18:18,7701,7701000,7702000,1.0,total_sent
fd00::218:18:18:18,7978,7978000,7979000,2.0,total_sent
fd00::218:18:18:18,8145,8145000,8146000,1.0,total_sent
fd00::218:18:18:18,8159,8159000,8160000,1.0,total_sent
fd00::218:18:18:18,8165,8165000,8166000,1.0,total_sent
fd00::218:18:18:18,8176,8176000,8177000,1.0,total_sent
fd00::218:18:18:18,8186,8186000,8187000,1.0,total_sent
fd00::218:18:18:18,8196,8196000,8197000,1.0,total_sent
fd00::218:18:18:18,8592,8592000,8593000,1.0,total_sent
fd00::218:18:18:18,8604,8604000,8605000,1.0,total_sent
fd00::218:18:18:18,8609,8609000,8610000,1.0,total_sent
fd00::218:18:18:18,8625,8625000,8626000,1.0,total_sent
fd00::218:18:18:18,8632,8632000,8633000,1.0,total_sent
fd00::218:18:18:18,8645,8645000,8646000,1.0,total_sent
fd00::218:18:18:18,8659,8659000,8660000,1.0,total_sent
fd00::218:18:18:18,8873,8873000,8874000,1.0,total_sent
fd00::218:18:18:18,8884,8884000,8885000,1.0,total_sent
fd00::218:18:18:18,8895,8895000,8896000,1.0,total_sent
fd00::218:18:18:18,8905,8905000,8906000,1.0,total_sent
fd00::218:18:18:18,8919,8919000,8920000,1.0,total_sent
fd00::218:18:18:18,8926,8926000,8927000,1.0,total_sent
fd00::218:18:18:18,8937,8937000,8938000,1.0,total_sent
fd00::218:18:18:18,8947,8947000,8948000,1.0,total_sent
fd00::218:18:18:18,8958,8958000,8959000,1.0,total_sent
fd00::218:18:18:18,8977,8977000,8978000,1.0,total_sent
fd00::218:18:18:18,8979,8979000,8980000,1.0,total_sent
fd00::218:18:18:18,8991,8991000,8992000,1.0,total_sent
fd00::218:18:18:18,9004,9004000,9005000,1.0,total_sent
fd00::218:18:18:18,9014,9014000,9015000,1.0,total_sent
fd00::218:18:18:18,9026,9026000,9027000,1.0,total_sent
fd00::218:18:18:18,9037,9037000,9038000,1.0,total_sent
fd00::218:18:18:18,9057,9057000,9058000,1.0,total_sent
fd00::218:18:18:18,9413,9413000,9414000,1.0,total_sent
fd00::218:18:18:18,9424,9424000,9425000,1.0,total_sent
fd00::218:18:18:18,9435,9435000,9436000,1.0,total_sent
fd00::218:18:18:18,9445,9445000,9446000,1.0,total_sent
fd00::218:18:18:18,9455,9455000,9456000,1.0,total_sent
fd00::218:18:18:18,9466,9466000,9467000,1.0,total_sent
fd00::218:18:18:18,9477,9477000,9478000,1.0,total_sent
fd00::218:18:18:18,9487,9487000,9488000,1.0,total_sent
fd00::218:18:18:18,9497,9497000,9498000,1.0,total_sent
fd00::218:18:18:18,9508,9508000,9509000,1.0,total_sent
fd00::218:18:18:18,9519,9519000,9520000,1.0,total_sent
fd00::218:18:18:18,9529,9529000,9530000,1.0,total_sent
fd00::218:18:18:18,9541,9541000,9542000,1.0,total_sent
fd00::218:18:18:18,9551,9551000,9552000,1.0,total_sent
fd00::218:18:18:18,9562,9562000,9563000,1.0,total_sent
fd00::218:18:18:18,9573,9573000,9574000,1.0,total_sent
fd00::218:18:18:18,9582,9582000,9583000,1.0,total_sent
fd00::218:18:18:18,9593,9593000,9594000,1.0,total_sent
fd00::218:18:18:18,9608,9608000,9609000,1.0,total_sent
fd00::218:18:18:18,9622,9622000,9623000,1.0,total_sent
fd00::218:18:18:18,9628,9628000,9629000,1.0,total_sent
fd00::218:18:18:18,9643,9643000,9644000,1.0,total_sent
fd00::218:18:18:18,9646,9646000,9647000,1.0,total_sent
fd00::218:18:18:18,9656,9656000,9657000,1.0,total_sent
fd00::218:18:18:18,9667,9667000,9668000,1.0,total_sent
fd00::218:18:18:18,9677,9677000,9678000,1.0,total_sent
fd00::218:18:18:18,9688,9688000,9689000,1.0,total_sent
fd00::218:18:18:18,9698,9698000,9699000,1.0,total_sent
fd00::218:18:18:18,9713,9713000,9714000,1.0,total_sent
fd00::218:18:18:18,9723,9723000,9724000,1.0,total_sent
fd00::218:18:18:18,9730,9730000,9731000,1.0,total_sent
fd00::218:18:18:18,9743,9743000,9744000,1.0,total_sent
fd00::218:18:18:18,9751,9751000,9752000,1.0,total_sent
fd00::218:18:18:18,9762,9762000,9763000,1.0,total_sent
fd00::218:18:18:18,9773,9773000,9774000,1.0,total_sent
fd00::218:18:18:18,9783,9783000,9784000,1.0,total_sent
fd00::218:18:18:18,9794,9794000,9795000,1.0,total_sent
fd00::218:18:18:18,9805,9805000,9806000,1.0,total_sent
fd00::218:18:18:18,9815,9815000,9816000,1.0,total_sent
fd00::218:18:18:18,9825,9825000,9826000,1.0,total_sent
fd00::218:18:18:18,9842,9842000,9843000,1.0,total_sent
fd00::218:18:18:18,9847,9847000,9848000,1.0,total_sent
fd00::218:18:18:18,9857,9857000,9858000,1.0,total_sent
fd00::218:18:18:18,9868,9868000,9869000,1.0,total_sent
fd00::218:18:18:18,9878,9878000,9879000,1.0,total_sent
fd00::218:18:18:18,10259,10259000,10260000,2.0,total_sent
fd00::218:18:18:18,10269,10269000,10270000,1.0,total_sent
fd00::218:18:18:18,10280,10280000,10281000,1.0,total_sent
fd00::218:18:18:18,10297,10297000,10298000,1.0,total_sent
fd00::218:18:18:18,10303,10303000,10304000,1.0,total_sent
fd00::218:18:18:18,10315,10315000,10316000,1.0,total_sent
fd00::218:18:18:18,10325,10325000,10326000,1.0,total_sent
fd00::218:18:18:18,10333,10333000,10334000,1.0,total_sent
fd00::218:18:18:18,10356,10356000,10357000,2.0,total_sent
fd00::218:18:18:18,10365,10365000,10366000,1.0,total_sent
fd00::218:18:18:18,10376,10376000,10377000,1.0,total_sent
fd00::218:18:18:18,10386,10386000,10387000,1.0,total_sent
fd00::218:18:18:18,10396,10396000,10397000,1.0,total_sent
fd00::218:18:18:18,10423,10423000,10424000,2.0,total_sent
fd00::218:18:18:18,10449,10449000,10450000,3.0,total_sent
fd00::218:18:18:18,10462,10462000,10463000,1.0,total_sent
fd00::218:18:18:18,10872,10872000,10873000,2.0,total_sent
fd00::218:18:18:18,10887,10887000,10888000,1.0,total_sent
fd00::218:18:18:18,10894,10894000,10895000,1.0,total_sent
fd00::218:18:18:18,10909,10909000,10910000,1.0,total_sent
fd00::218:18:18:18,11400,11400000,11401000,2.0,total_sent
fd00::218:18:18:18,11408,11408000,11409000,1.0,total_sent
fd00::218:18:18:18,11436,11436000,11437000,1.0,total_sent
fd00::218:18:18:18,11856,11856000,11857000,1.0,total_sent
fd00::218:18:18:18,11867,11867000,11868000,1.0,total_sent
fd00::218:18:18:18,11877,11877000,11878000,1.0,total_sent
fd00::218:18:18:18,11888,11888000,11889000,1.0,total_sent
fd00::218:18:18:18,11902,11902000,11903000,1.0,total_sent
fd00::218:18:18:18,11909,11909000,11910000,1.0,total_sent
fd00::218:18:18:18,11920,11920000,11921000,1.0,total_sent
fd00::218:18:18:18,11930,11930000,11931000,1.0,total_sent
fd00::218:18:18:18,11941,11941000,11942000,1.0,total_sent
fd00::218:18:18:18,11952,11952000,11953000,1.0,total_sent
fd00::218:18:18:18,11968,11968000,11969000,1.0,total_sent
fd00::218:18:18:18,11972,11972000,11973000,1.0,total_sent
fd00::218:18:18:18,11983,11983000,11984000,1.0,total_sent
fd00::218:18:18:18,11994,11994000,11995000,1.0,total_sent
fd00::218:18:18:18,12005,12005000,12006000,1.0,total_sent
fd00::218:18:18:18,12019,12019000,12020000,1.0,total_sent
fd00::218:18:18:18,12025,12025000,12026000,1.0,total_sent
fd00::218:18:18:18,12322,12322000,12323000,2.0,total_sent
fd00::218:18:18:18,12332,12332000,12333000,1.0,total_sent
fd00::218:18:18:18,12352,12352000,12353000,1.0,total_sent
fd00::218:18:18:18,12373,12373000,12374000,1.0,total_sent
fd00::218:18:18:18,12725,12725000,12726000,2.0,total_sent
fd00::218:18:18:18,12776,12776000,12777000,2.0,total_sent
fd00::218:18:18:18,12787,12787000,12788000,1.0,total_sent
fd00::218:18:18:18,12797,12797000,12798000,1.0,total_sent
fd00::218:18:18:18,12808,12808000,12809000,1.0,total_sent
fd00::218:18:18:18,12819,12819000,12820000,1.0,total_sent
fd00::218:18:18:18,12829,12829000,12830000,1.0,total_sent
fd00::218:18:18:18,12843,12843000,12844000,1.0,total_sent
fd00::218:18:18:18,12854,12854000,12855000,1.0,total_sent
fd00::218:18:18:18,12865,12865000,12866000,1.0,total_sent
fd00::218:18:18:18,12874,12874000,12875000,1.0,total_sent
fd00::218:18:18:18,12882,12882000,12883000,1.0,total_sent
fd00::218:18:18:18,12894,12894000,12895000,1.0,total_sent
fd00::218:18:18:18,12905,12905000,12906000,1.0,total_sent
fd00::218:18:18:18,12915,12915000,12916000,1.0,total_sent
fd00::218:18:18:18,12943,12943000,12944000,1.0,total_sent
fd00::218:18:18:18,13199,13199000,13200000,5.0,total_sent
fd00::218:18:18:18,13213,13213000,13214000,1.0,total_sent
fd00::218:18:18:18,13224,13224000,13225000,1.0,total_sent
fd00::218:18:18:18,13358,13358000,13359000,2.0,total_sent
fd00::218:18:18:18,13376,13376000,13377000,1.0,total_sent
fd00::218:18:18:18,13380,13380000,13381000,1.0,total_sent
fd00::218:18:18:18,13390,13390000,13391000,1.0,total_sent
fd00::218:18:18:18,13402,13402000,13403000,1.0,total_sent
fd00::218:18:18:18,13718,13718000,13719000,2.0,total_sent
fd00::218:18:18:18,13728,13728000,13729000,1.0,total_sent
fd00::218:18:18:18,13996,13996000,13997000,2.0,total_sent
fd00::218:18:18:18,14183,14183000,14184000,3.0,total_sent
fd00::218:18:18:18,14194,14194000,14195000,1.0,total_sent
fd00::218:18:18:18,14204,14204000,14205000,1.0,total_sent
fd00::218:18:18:18,14215,14215000,14216000,1.0,total_sent
fd00::218:18:18:18,14225,14225000,14226000,1.0,total_sent
fd00::218:18:18:18,14259,14259000,14260000,2.0,total_sent
fd00::218:18:18:18,14429,14429000,14430000,1.0,total_sent
fd00::218:18:18:18,14647,14647000,14648000,1.0,total_sent
fd00::218:18:18:18,15044,15044000,15045000,1.0,total_sent
fd00::218:18:18:18,15054,15054000,15055000,1.0,total_sent
fd00::218:18:18:18,15063,15063000,15064000,1.0,total_sent
fd00::218:18:18:18,15072,15072000,15073000,1.0,total_sent
fd00::218:18:18:18,15082,15082000,15083000,1.0,total_sent
fd00::218:18:18:18,15096,15096000,15097000,1.0,total_sent
fd00::218:18:18:18,15103,15103000,15104000,1.0,total_sent
fd00::218:18:18:18,15114,15114000,15115000,1.0,total_sent
fd00::218:18:18:18,15125,15125000,15126000,1.0,total_sent
fd00::218:18:18:18,15135,15135000,15136000,1.0,total_sent
fd00::218:18:18:18,15147,15147000,15148000,1.0,total_sent
fd00::218:18:18:18,15162,15162000,15163000,1.0,total_sent
fd00::218:18:18:18,15200,15200000,15201000,1.0,total_sent
fd00::218:18:18:18,15413,15413000,15414000,4.0,total_sent
fd00::218:18:18:18,15422,15422000,15423000,1.0,total_sent
fd00::218:18:18:18,15433,15433000,15434000,1.0,total_sent
fd00::218:18:18:18,15656,15656000,15657000,3.0,total_sent
fd00::218:18:18:18,15664,15664000,15665000,1.0,total_sent
fd00::218:18:18:18,15675,15675000,15676000,1.0,total_sent
fd00::218:18:18:18,15689,15689000,15690000,1.0,total_sent
fd00::218:18:18:18,15698,15698000,15699000,1.0,total_sent
fd00::218:18:18:18,15707,15707000,15708000,1.0,total_sent
fd00::218:18:18:18,15717,15717000,15718000,1.0,total_sent
fd00::218:18:18:18,15730,15730000,15731000,1.0,total_sent
fd00::218:18:18:18,15738,15738000,15739000,1.0,total_sent
fd00::218:18:18:18,15753,15753000,15754000,1.0,total_sent
fd00::218:18:18:18,15759,15759000,15760000,1.0,total_sent
fd00::218:18:18:18,15775,15775000,15776000,1.0,total_sent
fd00::218:18:18:18,15780,15780000,15781000,1.0,total_sent
fd00::218:18:18:18,15792,15792000,15793000,1.0,total_sent
fd00::218:18:18:18,15807,15807000,15808000,1.0,total_sent
fd00::218:18:18:18,15819,15819000,15820000,1.0,total_sent
fd00::218:18:18:18,16235,16235000,16236000,1.0,total_sent
fd00::218:18:18:18,16246,16246000,16247000,1.0,total_sent
fd00::218:18:18:18,16266,16266000,16267000,1.0,total_sent
fd00::218:18:18:18,16616,16616000,16617000,2.0,total_sent
fd00::218:18:18:18,16627,16627000,16628000,1.0,total_sent
fd00::218:18:18:18,16637,16637000,16638000,1.0,total_sent
fd00::218:18:18:18,16648,16648000,16649000,1.0,total_sent
fd00::218:18:18:18,16658,16658000,16659000,1.0,total_sent
fd00::218:18:18:18,16669,16669000,16670000,1.0,total_sent
fd00::218:18:18:18,16679,16679000,16680000,1.0,total_sent
fd00::218:18:18:18,16691,16691000,16692000,1.0,total_sent
fd00::218:18:18:18,16700,16700000,16701000,1.0,total_sent
fd00::218:18:18:18,16713,16713000,16714000,1.0,total_sent
fd00::218:18:18:18,16735,16735000,16736000,2.0,total_sent
fd00::218:18:18:18,16753,16753000,16754000,1.0,total_sent
fd00::218:18:18:18,16764,16764000,16765000,1.0,total_sent
fd00::218:18:18:18,16775,16775000,16776000,1.0,total_sent
fd00::218:18:18:18,16789,16789000,16790000,1.0,total_sent
fd00::218:18:18:18,16796,16796000,16797000,1.0,total_sent
fd00::218:18:18:18,16818,16818000,16819000,1.0,total_sent
fd00::218:18:18:18,17197,17197000,17198000,1.0,total_sent
fd00::218:18:18:18,17208,17208000,17209000,1.0,total_sent
fd00::218:18:18:18,17222,17222000,17223000,1.0,total_sent
fd00::218:18:18:18,17229,17229000,17230000,1.0,total_sent
fd00::218:18:18:18,17243,17243000,17244000,1.0,total_sent
fd00::218:18:18:18,17253,17253000,17254000,1.0,total_sent
fd00::218:18:18:18,17705,17705000,17706000,2.0,total_sent
fd00::218:18:18:18,17716,17716000,17717000,1.0,total_sent
fd00::218:18:18:18,17726,17726000,17727000,1.0,total_sent
fd00::218:18:18:18,17737,17737000,17738000,1.0,total_sent
fd00::218:18:18:18,17747,17747000,17748000,1.0,total_sent
fd00::218:18:18:18,17758,17758000,17759000,1.0,total_sent
fd00::218:18:18:18,17769,17769000,17770000,1.0,total_sent
fd00::218:18:18:18,17780,17780000,17781000,1.0,total_sent
fd00::218:18:18:18,18287,18287000,18288000,3.0,total_sent
fd00::218:18:18:18,18297,18297000,18298000,1.0,total_sent
fd00::218:18:18:18,18308,18308000,18309000,1.0,total_sent
fd00::218:18:18:18,18319,18319000,18320000,1.0,total_sent
fd00::218:18:18:18,18329,18329000,18330000,1.0,total_sent
fd00::218:18:18:18,18341,18341000,18342000,1.0,total_sent
fd00::218:18:18:18,18352,18352000,18353000,1.0,total_sent
fd00::218:18:18:18,18361,18361000,18362000,1.0,total_sent
fd00::218:18:18:18,18373,18373000,18374000,1.0,total_sent
fd00::218:18:18:18,18386,18386000,18387000,1.0,total_sent
fd00::218:18:18:18,18586,18586000,18587000,1.0,total_sent
fd00::218:18:18:18,18837,18837000,18838000,1.0,total_sent
fd00::218:18:18:18,18847,18847000,18848000,1.0,total_sent
fd00::218:18:18:18,18858,18858000,18859000,1.0,total_sent
fd00::218:18:18:18,18869,18869000,18870000,1.0,total_sent
fd00::218:18:18:18,18879,18879000,18880000,1.0,total_sent
fd00::218:18:18:18,18893,18893000,18894000,1.0,total_sent
fd00::218:18:18:18,18904,18904000,18905000,1.0,total_sent
fd00::218:18:18:18,18911,18911000,18912000,1.0,total_sent
fd00::218:18:18:18,18925,18925000,18926000,1.0,total_sent
fd00::218:18:18:18,18935,18935000,18936000,1.0,total_sent
fd00::218:18:18:18,18948,18948000,18949000,1.0,total_sent
fd00::218:18:18:18,18959,18959000,18960000,1.0,total_sent
fd00::218:18:18:18,18967,18967000,18968000,1.0,total_sent
fd00::218:18:18:18,18975,18975000,18976000,1.0,total_sent
fd00::218:18:18:18,18986,18986000,18987000,1.0,total_sent
fd00::218:18:18:18,18996,18996000,18997000,1.0,total_sent
fd00::218:18:18:18,19006,19006000,19007000,1.0,total_sent
fd00::218:18:18:18,19017,19017000,19018000,1.0,total_sent
fd00::218:18:18:18,19029,19029000,19030000,1.0,total_sent
fd00::218:18:18:18,19038,19038000,19039000,1.0,total_sent
fd00::218:18:18:18,19055,19055000,19056000,1.0,total_sent
fd00::218:18:18:18,19239,19239000,19240000,3.0,total_sent
fd00::218:18:18:18,19249,19249000,19250000,1.0,total_sent
fd00::218:18:18:18,19263,19263000,19264000,1.0,total_sent
fd00::218:18:18:18,19273,19273000,19274000,1.0,total_sent
fd00::218:18:18:18,19525,19525000,19526000,4.0,total_sent
fd00::218:18:18:18,19527,19527000,19528000,0.0,total_sent
fd00::218:18:18:18,19916,19916000,19917000,2.0,total_sent
fd00::218:18:18:18,19926,19926000,19927000,1.0,total_sent
fd00::218:18:18:18,19938,19938000,19939000,1.0,total_sent
fd00::218:18:18:18,19947,19947000,19948000,1.0,total_sent
fd00::218:18:18:18,20138,20138000,20139000,1.0,total_sent
fd00::218:18:18:18,20159,20159000,20160000,1.0,total_sent
fd00::218:18:18:18,20176,20176000,20177000,1.0,total_sent
fd00::218:18:18:18,20180,20180000,20181000,1.0,total_sent
fd00::218:18:18:18,20194,20194000,20195000,1.0,total_sent
fd00::218:18:18:18,20201,20201000,20202000,1.0,total_sent
fd00::218:18:18:18,20212,20212000,20213000,1.0,total_sent
fd00::218:18:18:18,20223,20223000,20224000,1.0,total_sent
fd00::218:18:18:18,20233,20233000,20234000,1.0,total_sent
fd00::218:18:18:18,20252,20252000,20253000,1.0,total_sent
fd00::218:18:18:18,21567,21567000,21568000,1.0,total_sent
fd00::218:18:18:18,21585,21585000,21586000,1.0,total_sent
fd00::219:19:19:19,43,43000,44000,0.0,total_sent
fd00::219:19:19:19,59,59000,60000,1.0,total_sent
fd00::219:19:19:19,707,707000,708000,4.0,total_sent
fd00::219:19:19:19,717,717000,718000,1.0,total_sent
fd00::219:19:19:19,1425,1425000,1426000,4.0,total_sent
fd00::219:19:19:19,1438,1438000,1439000,1.0,total_sent
fd00::219:19:19:19,1449,1449000,1450000,1.0,total_sent
fd00::219:19:19:19,1667,1667000,1668000,3.0,total_sent
fd00::219:19:19:19,1688,1688000,1689000,1.0,total_sent
fd00::219:19:19:19,1689,1689000,1690000,1.0,total_sent
fd00::219:19:19:19,10282,10282000,10283000,3.0,total_sent
fd00::219:19:19:19,10304,10304000,10305000,2.0,total_sent
fd00::219:19:19:19,10344,10344000,10345000,3.0,total_sent
fd00::219:19:19:19,11438,11438000,11439000,2.0,total_sent
fd00::219:19:19:19,12039,12039000,12040000,3.0,total_sent
fd00::219:19:19:19,12854,12854000,12855000,4.0,total_sent
fd00::219:19:19:19,12865,12865000,12866000,1.0,total_sent
fd00::219:19:19:19,12874,12874000,12875000,1.0,total_sent
fd00::219:19:19:19,12886,12886000,12887000,1.0,total_sent
fd00::219:19:19:19,12897,12897000,12898000,1.0,total_sent
fd00::219:19:19:19,12907,12907000,12908000,1.0,total_sent
fd00::219:19:19:19,12917,12917000,12918000,1.0,total_sent
fd00::219:19:19:19,13745,13745000,13746000,3.0,total_sent
fd00::219:19:19:19,15065,15065000,15066000,6.0,total_sent
fd00::219:19:19:19,15075,15075000,15076000,1.0,total_sent
fd00::219:19:19:19,15082,15082000,15083000,1.0,total_sent
fd00::219:19:19:19,15713,15713000,15714000,1.0,total_sent
fd00::219:19:19:19,15726,15726000,15727000,1.0,total_sent
fd00::219:19:19:19,16763,16763000,16764000,2.0,total_sent
fd00::219:19:19:19,16773,16773000,16774000,1.0,total_sent
fd00::219:19:19:19,16789,16789000,16790000,1.0,total_sent
fd00::219:19:19:19,16804,16804000,16805000,1.0,total_sent
fd00::219:19:19:19,19934,19934000,19935000,1.0,total_sent
fd00::21a:1a:1a:1a,75,75000,76000,0.0,total_sent
fd00::21a:1a:1a:1a,776,776000,777000,3.0,total_sent
fd00::21a:1a:1a:1a,10327,10327000,10328000,2.0,total_sent
fd00::21a:1a:1a:1a,10354,10354000,10355000,2.0,total_sent
fd00::21b:1b:1b:1b,45,45000,46000,0.0,total_sent
fd00::21b:1b:1b:1b,58,58000,59000,1.0,total_sent
fd00::21b:1b:1b:1b,64,64000,65000,1.0,total_sent
fd00::21b:1b:1b:1b,123,123000,124000,1.0,total_sent
fd00::21b:1b:1b:1b,6213,6213000,6214000,3.0,total_sent
fd00::21b:1b:1b:1b,6226,6226000,6227000,1.0,total_sent
fd00::21b:1b:1b:1b,6275,6275000,6276000,1.0,total_sent
fd00::21b:1b:1b:1b,6311,6311000,6312000,1.0,total_sent
fd00::21b:1b:1b:1b,6449,6449000,6450000,1.0,total_sent
fd00::21b:1b:1b:1b,6461,6461000,6462000,1.0,total_sent
fd00::21b:1b:1b:1b,7648,7648000,7649000,3.0,total_sent
fd00::21b:1b:1b:1b,10137,10137000,10138000,3.0,total_sent
fd00::21b:1b:1b:1b,11392,11392000,11393000,2.0,total_sent
fd00::21b:1b:1b:1b,11402,11402000,11403000,1.0,total_sent
fd00::21b:1b:1b:1b,14245,14245000,14246000,3.0,total_sent
fd00::21b:1b:1b:1b,16046,16046000,16047000,3.0,total_sent
fd00::21b:1b:1b:1b,16054,16054000,16055000,1.0,total_sent
fd00::21b:1b:1b:1b,16063,16063000,16064000,1.0,total_sent
fd00::21b:1b:1b:1b,16455,16455000,16456000,2.0,total_sent
fd00::21b:1b:1b:1b,16465,16465000,16466000,1.0,total_sent
fd00::21b:1b:1b:1b,16475,16475000,16476000,1.0,total_sent
fd00::21c:1c:1c:1c,34,34000,35000,0.0,total_sent
fd00::21c:1c:1c:1c,43,43000,44000,1.0,total_sent
fd00::21c:1c:1c:1c,57,57000,58000,1.0,total_sent
fd00::21c:1c:1c:1c,93,93000,94000,3.0,total_sent
fd00::21c:1c:1c:1c,105,105000,106000,0.0,total_sent
fd00::21c:1c:1c:1c,126,126000,127000,1.0,total_sent
fd00::21c:1c:1c:1c,657,657000,658000,4.0,total_sent
fd00::21c:1c:1c:1c,667,667000,668000,1.0,total_sent
fd00::21c:1c:1c:1c,678,678000,679000,1.0,total_sent
fd00::21c:1c:1c:1c,688,688000,689000,1.0,total_sent
fd00::21c:1c:1c:1c,699,699000,700000,1.0,total_sent
fd00::21c:1c:1c:1c,724,724000,725000,2.0,total_sent
fd00::21c:1c:1c:1c,826,826000,827000,3.0,total_sent
fd00::21c:1c:1c:1c,837,837000,838000,1.0,total_sent
fd00::21c:1c:1c:1c,847,847000,848000,1.0,total_sent
fd00::21c:1c:1c:1c,858,858000,859000,1.0,total_sent
fd00::21c:1c:1c:1c,868,868000,869000,1.0,total_sent
fd00::21c:1c:1c:1c,879,879000,880000,1.0,total_sent
fd00::21c:1c:1c:1c,889,889000,890000,1.0,total_sent
fd00::21c:1c:1c:1c,902,902000,903000,1.0,total_sent
fd00::21c:1c:1c:1c,912,912000,913000,1.0,total_sent
fd00::21c:1c:1c:1c,937,937000,938000,1.0,total_sent
fd00::21c:1c:1c:1c,943,943000,944000,1.0,total_sent
fd00::21c:1c:1c:1c,951,951000,952000,1.0,total_sent
fd00::21c:1c:1c:1c,1181,1181000,1182000,2.0,total_sent
fd00::21c:1c:1c:1c,1186,1186000,1187000,1.0,total_sent
fd00::21c:1c:1c:1c,1367,1367000,1368000,2.0,total_sent
fd00::21c:1c:1c:1c,1377,1377000,1378000,1.0,total_sent
fd00::21c:1c:1c:1c,1387,1387000,1388000,1.0,total_sent
fd00::21c:1c:1c:1c,1404,1404000,1405000,1.0,total_sent
fd00::21c:1c:1c:1c,1409,1409000,1410000,1.0,total_sent
fd00::21c:1c:1c:1c,1419,1419000,1420000,1.0,total_sent
fd00::21c:1c:1c:1c,1432,1432000,1433000,1.0,total_sent
fd00::21c:1c:1c:1c,1441,1441000,1442000,1.0,total_sent
fd00::21c:1c:1c:1c,1455,1455000,1456000,1.0,total_sent
fd00::21c:1c:1c:1c,1631,1631000,1632000,4.0,total_sent
fd00::21c:1c:1c:1c,1644,1644000,1645000,1.0,total_sent
fd00::21c:1c:1c:1c,1653,1653000,1654000,1.0,total_sent
fd00::21c:1c:1c:1c,1663,1663000,1664000,1.0,total_sent
fd00::21c:1c:1c:1c,1886,1886000,1887000,4.0,total_sent
fd00::21c:1c:1c:1c,1897,1897000,1898000,1.0,total_sent
fd00::21c:1c:1c:1c,1908,1908000,1909000,1.0,total_sent
fd00::21c:1c:1c:1c,1919,1919000,1920000,1.0,total_sent
fd00::21c:1c:1c:1c,1928,1928000,1929000,1.0,total_sent
fd00::21c:1c:1c:1c,1939,1939000,1940000,1.0,total_sent
fd00::21c:1c:1c:1c,1949,1949000,1950000,1.0,total_sent
fd00::21c:1c:1c:1c,1960,1960000,1961000,1.0,total_sent
fd00::21c:1c:1c:1c,2384,2384000,2385000,1.0,total_sent
fd00::21c:1c:1c:1c,2405,2405000,2406000,2.0,total_sent
fd00::21c:1c:1c:1c,3099,3099000,3100000,3.0,total_sent
fd00::21c:1c:1c:1c,3401,3401000,3402000,1.0,total_sent
fd00::21c:1c:1c:1c,3577,3577000,3578000,3.0,total_sent
fd00::21c:1c:1c:1c,3878,3878000,3879000,1.0,total_sent
fd00::21c:1c:1c:1c,3888,3888000,3889000,1.0,total_sent
fd00::21c:1c:1c:1c,3936,3936000,3937000,2.0,total_sent
fd00::21c:1c:1c:1c,6199,6199000,6200000,2.0,total_sent
fd00::21c:1c:1c:1c,6213,6213000,6214000,1.0,total_sent
fd00::21c:1c:1c:1c,6227,6227000,6228000,1.0,total_sent
fd00::21c:1c:1c:1c,6275,6275000,6276000,2.0,total_sent
fd00::21c:1c:1c:1c,6297,6297000,6298000,1.0,total_sent
fd00::21c:1c:1c:1c,6415,6415000,6416000,2.0,total_sent
fd00::21c:1c:1c:1c,6422,6422000,6423000,1.0,total_sent
fd00::21c:1c:1c:1c,6443,6443000,6444000,1.0,total_sent
fd00::21c:1c:1c:1c,6461,6461000,6462000,1.0,total_sent
fd00::21c:1c:1c:1c,6463,6463000,6464000,1.0,total_sent
fd00::21c:1c:1c:1c,6464,6464000,6465000,1.0,total_sent
fd00::21c:1c:1c:1c,7534,7534000,7535000,1.0,total_sent
fd00::21c:1c:1c:1c,7544,7544000,7545000,1.0,total_sent
fd00::21c:1c:1c:1c,7559,7559000,7560000,1.0,total_sent
fd00::21c:1c:1c:1c,7573,7573000,7574000,1.0,total_sent
fd00::21c:1c:1c:1c,7578,7578000,7579000,1.0,total_sent
fd00::21c:1c:1c:1c,7588,7588000,7589000,1.0,total_sent
fd00::21c:1c:1c:1c,7597,7597000,7598000,1.0,total_sent
fd00::21c:1c:1c:1c,7611,7611000,7612000,1.0,total_sent
fd00::21c:1c:1c:1c,7619,7619000,7620000,1.0,total_sent
fd00::21c:1c:1c:1c,7629,7629000,7630000,1.0,total_sent
fd00::21c:1c:1c:1c,7647,7647000,7648000,1.0,total_sent
fd00::21c:1c:1c:1c,7661,7661000,7662000,1.0,total_sent
fd00::21c:1c:1c:1c,9064,9064000,9065000,1.0,total_sent
fd00::21c:1c:1c:1c,9072,9072000,9073000,1.0,total_sent
fd00::21c:1c:1c:1c,9083,9083000,9084000,1.0,total_sent
fd00::21c:1c:1c:1c,9092,9092000,9093000,1.0,total_sent
fd00::21c:1c:1c:1c,9106,9106000,9107000,1.0,total_sent
fd00::21c:1c:1c:1c,9113,9113000,9114000,1.0,total_sent
fd00::21c:1c:1c:1c,9124,9124000,9125000,1.0,total_sent
fd00::21c:1c:1c:1c,9134,9134000,9135000,1.0,total_sent
fd00::21c:1c:1c:1c,9145,9145000,9146000,1.0,total_sent
fd00::21c:1c:1c:1c,9155,9155000,9156000,1.0,total_sent
fd00::21c:1c:1c:1c,9166,9166000,9167000,1.0,total_sent
fd00::21c:1c:1c:1c,9176,9176000,9177000,1.0,total_sent
fd00::21c:1c:1c:1c,9187,9187000,9188000,1.0,total_sent
fd00::21c:1c:1c:1c,9198,9198000,9199000,1.0,total_sent
fd00::21c:1c:1c:1c,9208,9208000,9209000,1.0,total_sent
fd00::21c:1c:1c:1c,9219,9219000,9220000,1.0,total_sent
fd00::21c:1c:1c:1c,9229,9229000,9230000,1.0,total_sent
fd00::21c:1c:1c:1c,9240,9240000,9241000,1.0,total_sent
fd00::21c:1c:1c:1c,9251,9251000,9252000,1.0,total_sent
fd00::21c:1c:1c:1c,9264,9264000,9265000,1.0,total_sent
fd00::21c:1c:1c:1c,9274,9274000,9275000,1.0,total_sent
fd00::21c:1c:1c:1c,9286,9286000,9287000,1.0,total_sent
fd00::21c:1c:1c:1c,9295,9295000,9296000,1.0,total_sent
fd00::21c:1c:1c:1c,9305,9305000,9306000,1.0,total_sent
fd00::21c:1c:1c:1c,9315,9315000,9316000,1.0,total_sent
fd00::21c:1c:1c:1c,9325,9325000,9326000,1.0,total_sent
fd00::21c:1c:1c:1c,9335,9335000,9336000,1.0,total_sent
fd00::21c:1c:1c:1c,9346,9346000,9347000,1.0,total_sent
fd00::21c:1c:1c:1c,9356,9356000,9357000,1.0,total_sent
fd00::21c:1c:1c:1c,9367,9367000,9368000,1.0,total_sent
fd00::21c:1c:1c:1c,9378,9378000,9379000,1.0,total_sent
fd00::21c:1c:1c:1c,9388,9388000,9389000,1.0,total_sent
fd00::21c:1c:1c:1c,9399,9399000,9400000,1.0,total_sent
fd00::21c:1c:1c:1c,9409,9409000,9410000,1.0,total_sent
fd00::21c:1c:1c:1c,9423,9423000,9424000,1.0,total_sent
fd00::21c:1c:1c:1c,9432,9432000,9433000,1.0,total_sent
fd00::21c:1c:1c:1c,9441,9441000,9442000,1.0,total_sent
fd00::21c:1c:1c:1c,9454,9454000,9455000,1.0,total_sent
fd00::21c:1c:1c:1c,9464,9464000,9465000,1.0,total_sent
fd00::21c:1c:1c:1c,9474,9474000,9475000,1.0,total_sent
fd00::21c:1c:1c:1c,9484,9484000,9485000,1.0,total_sent
fd00::21c:1c:1c:1c,9494,9494000,9495000,1.0,total_sent
fd00::21c:1c:1c:1c,9505,9505000,9506000,1.0,total_sent
fd00::21c:1c:1c:1c,9516,9516000,9517000,1.0,total_sent
fd00::21c:1c:1c:1c,9526,9526000,9527000,1.0,total_sent
fd00::21c:1c:1c:1c,9537,9537000,9538000,1.0,total_sent
fd00::21c:1c:1c:1c,9547,9547000,9548000,1.0,total_sent
fd00::21c:1c:1c:1c,9558,9558000,9559000,1.0,total_sent
fd00::21c:1c:1c:1c,9568,9568000,9569000,1.0,total_sent
fd00::21c:1c:1c:1c,9579,9579000,9580000,1.0,total_sent
fd00::21c:1c:1c:1c,9590,9590000,9591000,1.0,total_sent
fd00::21c:1c:1c:1c,9601,9601000,9602000,1.0,total_sent
fd00::21c:1c:1c:1c,9615,9615000,9616000,1.0,total_sent
fd00::21c:1c:1c:1c,9812,9812000,9813000,2.0,total_sent
fd00::21c:1c:1c:1c,9824,9824000,9825000,1.0,total_sent
fd00::21c:1c:1c:1c,9834,9834000,9835000,1.0,total_sent
fd00::21c:1c:1c:1c,9844,9844000,9845000,1.0,total_sent
fd00::21c:1c:1c:1c,9869,9869000,9870000,1.0,total_sent
fd00::21c:1c:1c:1c,10024,10024000,10025000,1.0,total_sent
fd00::21c:1c:1c:1c,10035,10035000,10036000,1.0,total_sent
fd00::21c:1c:1c:1c,10045,10045000,10046000,1.0,total_sent
fd00::21c:1c:1c:1c,10056,10056000,10057000,1.0,total_sent
fd00::21c:1c:1c:1c,10066,10066000,10067000,1.0,total_sent
fd00::21c:1c:1c:1c,10077,10077000,10078000,1.0,total_sent
fd00::21c:1c:1c:1c,10088,10088000,10089000,1.0,total_sent
fd00::21c:1c:1c:1c,10099,10099000,10100000,1.0,total_sent
fd00::21c:1c:1c:1c,10118,10118000,10119000,1.0,total_sent
fd00::21c:1c:1c:1c,10310,10310000,10311000,3.0,total_sent
fd00::21c:1c:1c:1c,10325,10325000,10326000,1.0,total_sent
fd00::21c:1c:1c:1c,10332,10332000,10333000,1.0,total_sent
fd00::21c:1c:1c:1c,10666,10666000,10667000,2.0,total_sent
fd00::21c:1c:1c:1c,10673,10673000,10674000,1.0,total_sent
fd00::21c:1c:1c:1c,10683,10683000,10684000,1.0,total_sent
fd00::21c:1c:1c:1c,10693,10693000,10694000,1.0,total_sent
fd00::21c:1c:1c:1c,11031,11031000,11032000,2.0,total_sent
fd00::21c:1c:1c:1c,11285,11285000,11286000,2.0,total_sent
fd00::21c:1c:1c:1c,11296,11296000,11297000,1.0,total_sent
fd00::21c:1c:1c:1c,11319,11319000,11320000,2.0,total_sent
fd00::21c:1c:1c:1c,11333,11333000,11334000,1.0,total_sent
fd00::21c:1c:1c:1c,11339,11339000,11340000,1.0,total_sent
fd00::21c:1c:1c:1c,11354,11354000,11355000,1.0,total_sent
fd00::21c:1c:1c:1c,11359,11359000,11360000,1.0,total_sent
fd00::21c:1c:1c:1c,11370,11370000,11371000,1.0,total_sent
fd00::21c:1c:1c:1c,11382,11382000,11383000,1.0,total_sent
fd00::21c:1c:1c:1c,11391,11391000,11392000,1.0,total_sent
fd00::21c:1c:1c:1c,11402,11402000,11403000,1.0,total_sent
fd00::21c:1c:1c:1c,11435,11435000,11436000,1.0,total_sent
fd00::21c:1c:1c:1c,11439,11439000,11440000,1.0,total_sent
fd00::21c:1c:1c:1c,11635,11635000,11636000,1.0,total_sent
fd00::21c:1c:1c:1c,11647,11647000,11648000,1.0,total_sent
fd00::21c:1c:1c:1c,11656,11656000,11657000,1.0,total_sent
fd00::21c:1c:1c:1c,11700,11700000,11701000,3.0,total_sent
fd00::21c:1c:1c:1c,12154,12154000,12155000,3.0,total_sent
fd00::21c:1c:1c:1c,12166,12166000,12167000,1.0,total_sent
fd00::21c:1c:1c:1c,12182,12182000,12183000,1.0,total_sent
fd00::21c:1c:1c:1c,12196,12196000,12197000,1.0,total_sent
fd00::21c:1c:1c:1c,12548,12548000,12549000,1.0,total_sent
fd00::21c:1c:1c:1c,12574,12574000,12575000,1.0,total_sent
fd00::21c:1c:1c:1c,12642,12642000,12643000,2.0,total_sent
fd00::21c:1c:1c:1c,12659,12659000,12660000,1.0,total_sent
fd00::21c:1c:1c:1c,12663,12663000,12664000,1.0,total_sent
fd00::21c:1c:1c:1c,12673,12673000,12674000,1.0,total_sent
fd00::21c:1c:1c:1c,12684,12684000,12685000,1.0,total_sent
fd00::21c:1c:1c:1c,12694,12694000,12695000,1.0,total_sent
fd00::21c:1c:1c:1c,12706,12706000,12707000,1.0,total_sent
fd00::21c:1c:1c:1c,12716,12716000,12717000,1.0,total_sent
fd00::21c:1c:1c:1c,12729,12729000,12730000,1.0,total_sent
fd00::21c:1c:1c:1c,12896,12896000,12897000,2.0,total_sent
fd00::21c:1c:1c:1c,12907,12907000,12908000,1.0,total_sent
fd00::21c:1c:1c:1c,12917,12917000,12918000,1.0,total_sent
fd00::21c:1c:1c:1c,13098,13098000,13099000,2.0,total_sent
fd00::21c:1c:1c:1c,13108,13108000,13109000,1.0,total_sent
fd00::21c:1c:1c:1c,13119,13119000,13120000,1.0,total_sent
fd00::21c:1c:1c:1c,13129,13129000,13130000,1.0,total_sent
fd00::21c:1c:1c:1c,13143,13143000,13144000,1.0,total_sent
fd00::21c:1c:1c:1c,13156,13156000,13157000,1.0,total_sent
fd00::21c:1c:1c:1c,13163,13163000,13164000,1.0,total_sent
fd00::21c:1c:1c:1c,13172,13172000,13173000,1.0,total_sent
fd00::21c:1c:1c:1c,13182,13182000,13183000,1.0,total_sent
fd00::21c:1c:1c:1c,13193,13193000,13194000,1.0,total_sent
fd00::21c:1c:1c:1c,14057,14057000,14058000,5.0,total_sent
fd00::21c:1c:1c:1c,14316,14316000,14317000,1.0,total_sent
fd00::21c:1c:1c:1c,14333,14333000,14334000,1.0,total_sent
fd00::21c:1c:1c:1c,14497,14497000,14498000,1.0,total_sent
fd00::21c:1c:1c:1c,14507,14507000,14508000,1.0,total_sent
fd00::21c:1c:1c:1c,14526,14526000,14527000,1.0,total_sent
fd00::21c:1c:1c:1c,15407,15407000,15408000,2.0,total_sent
fd00::21c:1c:1c:1c,15418,15418000,15419000,1.0,total_sent
fd00::21c:1c:1c:1c,15430,15430000,15431000,1.0,total_sent
fd00::21c:1c:1c:1c,15537,15537000,15538000,2.0,total_sent
fd00::21c:1c:1c:1c,15928,15928000,15929000,2.0,total_sent
fd00::21c:1c:1c:1c,16435,16435000,16436000,2.0,total_sent
fd00::21c:1c:1c:1c,16447,16447000,16448000,1.0,total_sent
fd00::21c:1c:1c:1c,16459,16459000,16460000,1.0,total_sent
fd00::21c:1c:1c:1c,16467,16467000,16468000,1.0,total_sent
fd00::21c:1c:1c:1c,16478,16478000,16479000,1.0,total_sent
fd00::21c:1c:1c:1c,16489,16489000,16490000,1.0,total_sent
fd00::21c:1c:1c:1c,16502,16502000,16503000,1.0,total_sent
fd00::21c:1c:1c:1c,16838,16838000,16839000,4.0,total_sent
fd00::21c:1c:1c:1c,16853,16853000,16854000,1.0,total_sent
fd00::21c:1c:1c:1c,16864,16864000,16865000,1.0,total_sent
fd00::21c:1c:1c:1c,16874,16874000,16875000,1.0,total_sent
fd00::21c:1c:1c:1c,16924,16924000,16925000,1.0,total_sent
fd00::21c:1c:1c:1c,16943,16943000,16944000,1.0,total_sent
fd00::21c:1c:1c:1c,17412,17412000,17413000,2.0,total_sent
fd00::21c:1c:1c:1c,17425,17425000,17426000,1.0,total_sent
fd00::21c:1c:1c:1c,17431,17431000,17432000,1.0,total_sent
fd00::21c:1c:1c:1c,17449,17449000,17450000,1.0,total_sent
fd00::21c:1c:1c:1c,17696,17696000,17697000,3.0,total_sent
fd00::21c:1c:1c:1c,17707,17707000,17708000,1.0,total_sent
fd00::21c:1c:1c:1c,17721,17721000,17722000,1.0,total_sent
fd00::21c:1c:1c:1c,17728,17728000,17729000,1.0,total_sent
fd00::21c:1c:1c:1c,17739,17739000,17740000,1.0,total_sent
fd00::21c:1c:1c:1c,17749,17749000,17750000,1.0,total_sent
fd00::21c:1c:1c:1c,17978,17978000,17979000,3.0,total_sent
fd00::21c:1c:1c:1c,18046,18046000,18047000,2.0,total_sent
fd00::21c:1c:1c:1c,18049,18049000,18050000,1.0,total_sent
fd00::21c:1c:1c:1c,18072,18072000,18073000,1.0,total_sent
fd00::21c:1c:1c:1c,18079,18079000,18080000,1.0,total_sent
fd00::21c:1c:1c:1c,18105,18105000,18106000,2.0,total_sent
fd00::21c:1c:1c:1c,18375,18375000,18376000,2.0,total_sent
fd00::21c:1c:1c:1c,18388,18388000,18389000,1.0,total_sent
fd00::21c:1c:1c:1c,18396,18396000,18397000,1.0,total_sent
fd00::21c:1c:1c:1c,18406,18406000,18407000,1.0,total_sent
fd00::21c:1c:1c:1c,18417,18417000,18418000,1.0,total_sent
fd00::21c:1c:1c:1c,18427,18427000,18428000,1.0,total_sent
fd00::21c:1c:1c:1c,18438,18438000,18439000,1.0,total_sent
fd00::21c:1c:1c:1c,18449,18449000,18450000,1.0,total_sent
fd00::21c:1c:1c:1c,18459,18459000,18460000,1.0,total_sent
fd00::21c:1c:1c:1c,18472,18472000,18473000,1.0,total_sent
fd00::21c:1c:1c:1c,18575,18575000,18576000,2.0,total_sent
fd00::21c:1c:1c:1c,18767,18767000,18768000,2.0,total_sent
fd00::21c:1c:1c:1c,18777,18777000,18778000,1.0,total_sent
fd00::21c:1c:1c:1c,18788,18788000,18789000,1.0,total_sent
fd00::21c:1c:1c:1c,18798,18798000,18799000,1.0,total_sent
fd00::21c:1c:1c:1c,18809,18809000,18810000,1.0,total_sent
fd00::21c:1c:1c:1c,18822,18822000,18823000,1.0,total_sent
fd00::21c:1c:1c:1c,19042,19042000,19043000,2.0,total_sent
fd00::21c:1c:1c:1c,19057,19057000,19058000,1.0,total_sent
fd00::21c:1c:1c:1c,19063,19063000,19064000,1.0,total_sent
fd00::21c:1c:1c:1c,19074,19074000,19075000,1.0,total_sent
fd00::21c:1c:1c:1c,19088,19088000,19089000,1.0,total_sent
fd00::21c:1c:1c:1c,19255,19255000,19256000,1.0,total_sent
fd00::21c:1c:1c:1c,19276,19276000,19277000,1.0,total_sent
fd00::21c:1c:1c:1c,19283,19283000,19284000,1.0,total_sent
fd00::21c:1c:1c:1c,19297,19297000,19298000,1.0,total_sent
fd00::21c:1c:1c:1c,19304,19304000,19305000,1.0,total_sent
fd00::21c:1c:1c:1c,19331,19331000,19332000,1.0,total_sent
fd00::21c:1c:1c:1c,19509,19509000,19510000,1.0,total_sent
fd00::21c:1c:1c:1c,19520,19520000,19521000,1.0,total_sent
fd00::21c:1c:1c:1c,19531,19531000,19532000,1.0,total_sent
fd00::21c:1c:1c:1c,19542,19542000,19543000,1.0,total_sent
fd00::21c:1c:1c:1c,19552,19552000,19553000,1.0,total_sent
fd00::21c:1c:1c:1c,19563,19563000,19564000,1.0,total_sent
fd00::21c:1c:1c:1c,19572,19572000,19573000,1.0,total_sent
fd00::21c:1c:1c:1c,19585,19585000,19586000,1.0,total_sent
fd00::21c:1c:1c:1c,19593,19593000,19594000,1.0,total_sent
fd00::21c:1c:1c:1c,19605,19605000,19606000,1.0,total_sent
fd00::21c:1c:1c:1c,19618,19618000,19619000,1.0,total_sent
fd00::21c:1c:1c:1c,19625,19625000,19626000,1.0,total_sent
fd00::21c:1c:1c:1c,19639,19639000,19640000,1.0,total_sent
fd00::21c:1c:1c:1c,19646,19646000,19647000,1.0,total_sent
fd00::21c:1c:1c:1c,19657,19657000,19658000,1.0,total_sent
fd00::21c:1c:1c:1c,19667,19667000,19668000,1.0,total_sent
fd00::21c:1c:1c:1c,19678,19678000,19679000,1.0,total_sent
fd00::21c:1c:1c:1c,19689,19689000,19690000,1.0,total_sent
fd00::21c:1c:1c:1c,19699,19699000,19700000,1.0,total_sent
fd00::21c:1c:1c:1c,19710,19710000,19711000,1.0,total_sent
fd00::21c:1c:1c:1c,19724,19724000,19725000,1.0,total_sent
fd00::21c:1c:1c:1c,19731,19731000,19732000,1.0,total_sent
fd00::21c:1c:1c:1c,19742,19742000,19743000,1.0,total_sent
fd00::21c:1c:1c:1c,19753,19753000,19754000,1.0,total_sent
fd00::21c:1c:1c:1c,19773,19773000,19774000,1.0,total_sent
fd00::21c:1c:1c:1c,19938,19938000,19939000,16.0,total_sent
fd00::21c:1c:1c:1c,20462,20462000,20463000,13.0,total_sent
fd00::21c:1c:1c:1c,20480,20480000,20481000,1.0,total_sent
fd00::21c:1c:1c:1c,20695,20695000,20696000,1.0,total_sent
fd00::21c:1c:1c:1c,20706,20706000,20707000,1.0,total_sent
fd00::21c:1c:1c:1c,20728,20728000,20729000,2.0,total_sent
fd00::21c:1c:1c:1c,20738,20738000,20739000,1.0,total_sent
fd00::21c:1c:1c:1c,20748,20748000,20749000,1.0,total_sent
fd00::21c:1c:1c:1c,20759,20759000,20760000,1.0,total_sent
fd00::21c:1c:1c:1c,20770,20770000,20771000,1.0,total_sent
fd00::21c:1c:1c:1c,20793,20793000,20794000,2.0,total_sent
fd00::21c:1c:1c:1c,20801,20801000,20802000,1.0,total_sent
fd00::21c:1c:1c:1c,20812,20812000,20813000,1.0,total_sent
fd00::21c:1c:1c:1c,20822,20822000,20823000,1.0,total_sent
fd00::21c:1c:1c:1c,20834,20834000,20835000,1.0,total_sent
fd00::21c:1c:1c:1c,20849,20849000,20850000,1.0,total_sent
fd00::21c:1c:1c:1c,20854,20854000,20855000,1.0,total_sent
fd00::21c:1c:1c:1c,20868,20868000,20869000,1.0,total_sent
fd00::21c:1c:1c:1c,20878,20878000,20879000,1.0,total_sent
fd00::21c:1c:1c:1c,21247,21247000,21248000,1.0,total_sent
fd00::21c:1c:1c:1c,21257,21257000,21258000,1.0,total_sent
fd00::21d:1d:1d:1d,22,22000,23000,0.0,total_sent
fd00::21d:1d:1d:1d,38,38000,39000,1.0,total_sent
fd00::21d:1d:1d:1d,44,44000,45000,1.0,total_sent
fd00::21d:1d:1d:1d,59,59000,60000,1.0,total_sent
fd00::21d:1d:1d:1d,74,74000,75000,1.0,total_sent
fd00::21d:1d:1d:1d,239,239000,240000,3.0,total_sent
fd00::21d:1d:1d:1d,255,255000,256000,1.0,total_sent
fd00::21d:1d:1d:1d,269,269000,270000,1.0,total_sent
fd00::21d:1d:1d:1d,479,479000,480000,2.0,total_sent
fd00::21d:1d:1d:1d,491,491000,492000,1.0,total_sent
fd00::21d:1d:1d:1d,511,511000,512000,1.0,total_sent
fd00::21d:1d:1d:1d,686,686000,687000,1.0,total_sent
fd00::21d:1d:1d:1d,697,697000,698000,1.0,total_sent
fd00::21d:1d:1d:1d,707,707000,708000,1.0,total_sent
fd00::21d:1d:1d:1d,718,718000,719000,1.0,total_sent
fd00::21d:1d:1d:1d,1104,1104000,1105000,4.0,total_sent
fd00::21d:1d:1d:1d,1116,1116000,1117000,1.0,total_sent
fd00::21d:1d:1d:1d,1127,1127000,1128000,1.0,total_sent
fd00::21d:1d:1d:1d,1132,1132000,1133000,1.0,total_sent
fd00::21d:1d:1d:1d,1145,1145000,1146000,1.0,total_sent
fd00::21d:1d:1d:1d,1154,1154000,1155000,1.0,total_sent
fd00::21d:1d:1d:1d,1165,1165000,1166000,1.0,total_sent
fd00::21d:1d:1d:1d,1178,1178000,1179000,1.0,total_sent
fd00::21d:1d:1d:1d,1186,1186000,1187000,1.0,total_sent
fd00::21d:1d:1d:1d,1404,1404000,1405000,1.0,total_sent
fd00::21d:1d:1d:1d,1416,1416000,1417000,1.0,total_sent
fd00::21d:1d:1d:1d,1426,1426000,1427000,1.0,total_sent
fd00::21d:1d:1d:1d,1437,1437000,1438000,1.0,total_sent
fd00::21d:1d:1d:1d,1449,1449000,1450000,1.0,total_sent
fd00::21d:1d:1d:1d,1623,1623000,1624000,2.0,total_sent
fd00::21d:1d:1d:1d,1637,1637000,1638000,1.0,total_sent
fd00::21d:1d:1d:1d,1644,1644000,1645000,1.0,total_sent
fd00::21d:1d:1d:1d,1655,1655000,1656000,1.0,total_sent
fd00::21d:1d:1d:1d,1667,1667000,1668000,1.0,total_sent
fd00::21d:1d:1d:1d,1688,1688000,1689000,1.0,total_sent
fd00::21d:1d:1d:1d,2395,2395000,2396000,4.0,total_sent
fd00::21d:1d:1d:1d,2406,2406000,2407000,1.0,total_sent
fd00::21d:1d:1d:1d,2419,2419000,2420000,1.0,total_sent
fd00::21d:1d:1d:1d,3085,3085000,3086000,1.0,total_sent
fd00::21d:1d:1d:1d,3093,3093000,3094000,1.0,total_sent
fd00::21d:1d:1d:1d,3103,3103000,3104000,1.0,total_sent
fd00::21d:1d:1d:1d,3114,3114000,3115000,1.0,total_sent
fd00::21d:1d:1d:1d,3148,3148000,3149000,3.0,total_sent
fd00::21d:1d:1d:1d,3519,3519000,3520000,1.0,total_sent
fd00::21d:1d:1d:1d,3527,3527000,3528000,1.0,total_sent
fd00::21d:1d:1d:1d,3538,3538000,3539000,1.0,total_sent
fd00::21d:1d:1d:1d,3778,3778000,3779000,1.0,total_sent
fd00::21d:1d:1d:1d,3788,3788000,3789000,1.0,total_sent
fd00::21d:1d:1d:1d,3799,3799000,3800000,1.0,total_sent
fd00::21d:1d:1d:1d,3814,3814000,3815000,1.0,total_sent
fd00::21d:1d:1d:1d,3835,3835000,3836000,1.0,total_sent
fd00::21d:1d:1d:1d,4344,4344000,4345000,1.0,total_sent
fd00::21d:1d:1d:1d,4357,4357000,4358000,1.0,total_sent
fd00::21d:1d:1d:1d,4572,4572000,4573000,1.0,total_sent
fd00::21d:1d:1d:1d,4587,4587000,4588000,1.0,total_sent
fd00::21d:1d:1d:1d,4595,4595000,4596000,1.0,total_sent
fd00::21d:1d:1d:1d,4605,4605000,4606000,1.0,total_sent
fd00::21d:1d:1d:1d,4616,4616000,4617000,1.0,total_sent
fd00::21d:1d:1d:1d,4636,4636000,4637000,1.0,total_sent
fd00::21d:1d:1d:1d,4946,4946000,4947000,1.0,total_sent
fd00::21d:1d:1d:1d,4954,4954000,4955000,1.0,total_sent
fd00::21d:1d:1d:1d,4971,4971000,4972000,1.0,total_sent
fd00::21d:1d:1d:1d,5770,5770000,5771000,2.0,total_sent
fd00::21d:1d:1d:1d,5781,5781000,5782000,1.0,total_sent
fd00::21d:1d:1d:1d,5792,5792000,5793000,1.0,total_sent
fd00::21d:1d:1d:1d,5803,5803000,5804000,1.0,total_sent
fd00::21d:1d:1d:1d,5814,5814000,5815000,1.0,total_sent
fd00::21d:1d:1d:1d,5824,5824000,5825000,1.0,total_sent
fd00::21d:1d:1d:1d,5835,5835000,5836000,1.0,total_sent
fd00::21d:1d:1d:1d,5846,5846000,5847000,1.0,total_sent
fd00::21d:1d:1d:1d,5857,5857000,5858000,1.0,total_sent
fd00::21d:1d:1d:1d,5869,5869000,5870000,1.0,total_sent
fd00::21d:1d:1d:1d,5879,5879000,5880000,1.0,total_sent
fd00::21d:1d:1d:1d,5892,5892000,5893000,1.0,total_sent
fd00::21d:1d:1d:1d,5913,5913000,5914000,1.0,total_sent
fd00::21d:1d:1d:1d,6195,6195000,6196000,1.0,total_sent
fd00::21d:1d:1d:1d,6205,6205000,6206000,1.0,total_sent
fd00::21d:1d:1d:1d,6218,6218000,6219000,1.0,total_sent
fd00::21d:1d:1d:1d,6248,6248000,6249000,1.0,total_sent
fd00::21d:1d:1d:1d,6393,6393000,6394000,2.0,total_sent
fd00::21d:1d:1d:1d,6405,6405000,6406000,1.0,total_sent
fd00::21d:1d:1d:1d,6413,6413000,6414000,1.0,total_sent
fd00::21d:1d:1d:1d,6423,6423000,6424000,1.0,total_sent
fd00::21d:1d:1d:1d,6434,6434000,6435000,1.0,total_sent
fd00::21d:1d:1d:1d,6445,6445000,6446000,1.0,total_sent
fd00::21d:1d:1d:1d,6456,6456000,6457000,1.0,total_sent
fd00::21d:1d:1d:1d,6468,6468000,6469000,1.0,total_sent
fd00::21d:1d:1d:1d,6478,6478000,6479000,1.0,total_sent
fd00::21d:1d:1d:1d,7675,7675000,7676000,2.0,total_sent
fd00::21d:1d:1d:1d,7688,7688000,7689000,1.0,total_sent
fd00::21d:1d:1d:1d,8155,8155000,8156000,2.0,total_sent
fd00::21d:1d:1d:1d,8166,8166000,8167000,1.0,total_sent
fd00::21d:1d:1d:1d,8176,8176000,8177000,1.0,total_sent
fd00::21d:1d:1d:1d,8339,8339000,8340000,3.0,total_sent
fd00::21d:1d:1d:1d,8352,8352000,8353000,1.0,total_sent
fd00::21d:1d:1d:1d,8361,8361000,8362000,1.0,total_sent
fd00::21d:1d:1d:1d,8373,8373000,8374000,1.0,total_sent
fd00::21d:1d:1d:1d,8383,8383000,8384000,1.0,total_sent
fd00::21d:1d:1d:1d,8397,8397000,8398000,1.0,total_sent
fd00::21d:1d:1d:1d,8405,8405000,8406000,1.0,total_sent
fd00::21d:1d:1d:1d,8415,8415000,8416000,1.0,total_sent
fd00::21d:1d:1d:1d,8429,8429000,8430000,1.0,total_sent
fd00::21d:1d:1d:1d,8438,8438000,8439000,1.0,total_sent
fd00::21d:1d:1d:1d,8448,8448000,8449000,1.0,total_sent
fd00::21d:1d:1d:1d,8604,8604000,8605000,1.0,total_sent
fd00::21d:1d:1d:1d,8616,8616000,8617000,1.0,total_sent
fd00::21d:1d:1d:1d,8627,8627000,8628000,1.0,total_sent
fd00::21d:1d:1d:1d,8638,8638000,8639000,1.0,total_sent
fd00::21d:1d:1d:1d,8851,8851000,8852000,1.0,total_sent
fd00::21d:1d:1d:1d,9156,9156000,9157000,1.0,total_sent
fd00::21d:1d:1d:1d,9333,9333000,9334000,1.0,total_sent
fd00::21d:1d:1d:1d,9341,9341000,9342000,1.0,total_sent
fd00::21d:1d:1d:1d,9352,9352000,9353000,1.0,total_sent
fd00::21d:1d:1d:1d,9364,9364000,9365000,1.0,total_sent
fd00::21d:1d:1d:1d,9373,9373000,9374000,1.0,total_sent
fd00::21d:1d:1d:1d,9384,9384000,9385000,1.0,total_sent
fd00::21d:1d:1d:1d,9395,9395000,9396000,1.0,total_sent
fd00::21d:1d:1d:1d,9406,9406000,9407000,1.0,total_sent
fd00::21d:1d:1d:1d,9417,9417000,9418000,1.0,total_sent
fd00::21d:1d:1d:1d,9428,9428000,9429000,1.0,total_sent
fd00::21d:1d:1d:1d,9439,9439000,9440000,1.0,total_sent
fd00::21d:1d:1d:1d,9452,9452000,9453000,1.0,total_sent
fd00::21d:1d:1d:1d,9462,9462000,9463000,1.0,total_sent
fd00::21d:1d:1d:1d,9474,9474000,9475000,1.0,total_sent
fd00::21d:1d:1d:1d,9483,9483000,9484000,1.0,total_sent
fd00::21d:1d:1d:1d,9494,9494000,9495000,1.0,total_sent
fd00::21d:1d:1d:1d,9504,9504000,9505000,1.0,total_sent
fd00::21d:1d:1d:1d,9515,9515000,9516000,1.0,total_sent
fd00::21d:1d:1d:1d,9527,9527000,9528000,1.0,total_sent
fd00::21d:1d:1d:1d,9537,9537000,9538000,1.0,total_sent
fd00::21d:1d:1d:1d,9548,9548000,9549000,1.0,total_sent
fd00::21d:1d:1d:1d,9567,9567000,9568000,1.0,total_sent
fd00::21d:1d:1d:1d,9722,9722000,9723000,1.0,total_sent
fd00::21d:1d:1d:1d,9736,9736000,9737000,1.0,total_sent
fd00::21d:1d:1d:1d,9745,9745000,9746000,1.0,total_sent
fd00::21d:1d:1d:1d,9762,9762000,9763000,1.0,total_sent
fd00::21d:1d:1d:1d,9768,9768000,9769000,1.0,total_sent
fd00::21d:1d:1d:1d,9776,9776000,9777000,1.0,total_sent
fd00::21d:1d:1d:1d,10103,10103000,10104000,3.0,total_sent
fd00::21d:1d:1d:1d,10107,10107000,10108000,0.0,total_sent
fd00::21d:1d:1d:1d,10126,10126000,10127000,3.0,total_sent
fd00::21d:1d:1d:1d,10299,10299000,10300000,3.0,total_sent
fd00::21d:1d:1d:1d,10311,10311000,10312000,1.0,total_sent
fd00::21d:1d:1d:1d,10334,10334000,10335000,2.0,total_sent
fd00::21d:1d:1d:1d,10354,10354000,10355000,2.0,total_sent
fd00::21d:1d:1d:1d,10365,10365000,10366000,1.0,total_sent
fd00::21d:1d:1d:1d,10375,10375000,10376000,1.0,total_sent
fd00::21d:1d:1d:1d,10387,10387000,10388000,1.0,total_sent
fd00::21d:1d:1d:1d,10398,10398000,10399000,1.0,total_sent
fd00::21d:1d:1d:1d,10413,10413000,10414000,1.0,total_sent
fd00::21d:1d:1d:1d,10756,10756000,10757000,3.0,total_sent
fd00::21d:1d:1d:1d,10771,10771000,10772000,1.0,total_sent
fd00::21d:1d:1d:1d,11099,11099000,11100000,1.0,total_sent
fd00::21d:1d:1d:1d,11116,11116000,11117000,1.0,total_sent
fd00::21d:1d:1d:1d,11301,11301000,11302000,1.0,total_sent
fd00::21d:1d:1d:1d,11313,11313000,11314000,1.0,total_sent
fd00::21d:1d:1d:1d,11323,11323000,11324000,1.0,total_sent
fd00::21d:1d:1d:1d,11336,11336000,11337000,1.0,total_sent
fd00::21d:1d:1d:1d,11344,11344000,11345000,1.0,total_sent
fd00::21d:1d:1d:1d,11355,11355000,11356000,1.0,total_sent
fd00::21d:1d:1d:1d,11366,11366000,11367000,1.0,total_sent
fd00::21d:1d:1d:1d,11377,11377000,11378000,1.0,total_sent
fd00::21d:1d:1d:1d,11388,11388000,11389000,1.0,total_sent
fd00::21d:1d:1d:1d,11403,11403000,11404000,1.0,total_sent
fd00::21d:1d:1d:1d,11412,11412000,11413000,1.0,total_sent
fd00::21d:1d:1d:1d,11616,11616000,11617000,2.0,total_sent
fd00::21d:1d:1d:1d,11627,11627000,11628000,1.0,total_sent
fd00::21d:1d:1d:1d,11638,11638000,11639000,1.0,total_sent
fd00::21d:1d:1d:1d,11649,11649000,11650000,1.0,total_sent
fd00::21d:1d:1d:1d,11663,11663000,11664000,1.0,total_sent
fd00::21d:1d:1d:1d,11671,11671000,11672000,1.0,total_sent
fd00::21d:1d:1d:1d,11687,11687000,11688000,1.0,total_sent
fd00::21d:1d:1d:1d,11697,11697000,11698000,1.0,total_sent
fd00::21d:1d:1d:1d,11711,11711000,11712000,1.0,total_sent
fd00::21d:1d:1d:1d,11725,11725000,11726000,1.0,total_sent
fd00::21d:1d:1d:1d,11905,11905000,11906000,1.0,total_sent
fd00::21d:1d:1d:1d,11912,11912000,11913000,1.0,total_sent
fd00::21d:1d:1d:1d,11921,11921000,11922000,1.0,total_sent
fd00::21d:1d:1d:1d,11932,11932000,11933000,1.0,total_sent
fd00::21d:1d:1d:1d,12314,12314000,12315000,2.0,total_sent
fd00::21d:1d:1d:1d,12333,12333000,12334000,1.0,total_sent
fd00::21d:1d:1d:1d,12532,12532000,12533000,2.0,total_sent
fd00::21d:1d:1d:1d,12547,12547000,12548000,1.0,total_sent
fd00::21d:1d:1d:1d,12554,12554000,12555000,1.0,total_sent
fd00::21d:1d:1d:1d,12572,12572000,12573000,1.0,total_sent
fd00::21d:1d:1d:1d,12804,12804000,12805000,3.0,total_sent
fd00::21d:1d:1d:1d,12818,12818000,12819000,1.0,total_sent
fd00::21d:1d:1d:1d,13217,13217000,13218000,2.0,total_sent
fd00::21d:1d:1d:1d,13489,13489000,13490000,2.0,total_sent
fd00::21d:1d:1d:1d,13512,13512000,13513000,1.0,total_sent
fd00::21d:1d:1d:1d,13707,13707000,13708000,1.0,total_sent
fd00::21d:1d:1d:1d,13717,13717000,13718000,1.0,total_sent
fd00::21d:1d:1d:1d,13731,13731000,13732000,1.0,total_sent
fd00::21d:1d:1d:1d,13749,13749000,13750000,1.0,total_sent
fd00::21d:1d:1d:1d,14218,14218000,14219000,3.0,total_sent
fd00::21d:1d:1d:1d,14229,14229000,14230000,1.0,total_sent
fd00::21d:1d:1d:1d,14284,14284000,14285000,2.0,total_sent
fd00::21d:1d:1d:1d,14447,14447000,14448000,2.0,total_sent
fd00::21d:1d:1d:1d,14458,14458000,14459000,1.0,total_sent
fd00::21d:1d:1d:1d,14474,14474000,14475000,1.0,total_sent
fd00::21d:1d:1d:1d,14787,14787000,14788000,1.0,total_sent
fd00::21d:1d:1d:1d,14901,14901000,14902000,2.0,total_sent
fd00::21d:1d:1d:1d,15057,15057000,15058000,4.0,total_sent
fd00::21d:1d:1d:1d,15481,15481000,15482000,4.0,total_sent
fd00::21d:1d:1d:1d,15494,15494000,15495000,1.0,total_sent
fd00::21d:1d:1d:1d,15504,15504000,15505000,1.0,total_sent
fd00::21d:1d:1d:1d,15514,15514000,15515000,1.0,total_sent
fd00::21d:1d:1d:1d,15525,15525000,15526000,1.0,total_sent
fd00::21d:1d:1d:1d,15725,15725000,15726000,2.0,total_sent
fd00::21d:1d:1d:1d,15738,15738000,15739000,1.0,total_sent
fd00::21d:1d:1d:1d,16083,16083000,16084000,2.0,total_sent
fd00::21d:1d:1d:1d,16099,16099000,16100000,1.0,total_sent
fd00::21d:1d:1d:1d,16106,16106000,16107000,1.0,total_sent
fd00::21d:1d:1d:1d,16246,16246000,16247000,1.0,total_sent
fd00::21d:1d:1d:1d,16993,16993000,16994000,5.0,total_sent
fd00::21d:1d:1d:1d,17423,17423000,17424000,2.0,total_sent
fd00::21d:1d:1d:1d,17431,17431000,17432000,1.0,total_sent
fd00::21d:1d:1d:1d,17759,17759000,17760000,3.0,total_sent
fd00::21d:1d:1d:1d,17814,17814000,17815000,5.0,total_sent
fd00::21d:1d:1d:1d,18019,18019000,18020000,1.0,total_sent
fd00::21d:1d:1d:1d,18034,18034000,18035000,1.0,total_sent
fd00::21d:1d:1d:1d,18046,18046000,18047000,1.0,total_sent
fd00::21d:1d:1d:1d,18052,18052000,18053000,1.0,total_sent
fd00::21d:1d:1d:1d,18072,18072000,18073000,1.0,total_sent
fd00::21d:1d:1d:1d,18083,18083000,18084000,1.0,total_sent
fd00::21d:1d:1d:1d,18102,18102000,18103000,1.0,total_sent
fd00::21d:1d:1d:1d,18292,18292000,18293000,2.0,total_sent
fd00::21d:1d:1d:1d,18304,18304000,18305000,1.0,total_sent
fd00::21d:1d:1d:1d,18317,18317000,18318000,1.0,total_sent
fd00::21d:1d:1d:1d,18554,18554000,18555000,1.0,total_sent
fd00::21d:1d:1d:1d,18563,18563000,18564000,1.0,total_sent
fd00::21d:1d:1d:1d,18588,18588000,18589000,1.0,total_sent
fd00::21d:1d:1d:1d,18627,18627000,18628000,1.0,total_sent
fd00::21d:1d:1d:1d,18638,18638000,18639000,1.0,total_sent
fd00::21d:1d:1d:1d,18652,18652000,18653000,1.0,total_sent
fd00::21d:1d:1d:1d,18683,18683000,18684000,1.0,total_sent
fd00::21d:1d:1d:1d,18769,18769000,18770000,1.0,total_sent
fd00::21d:1d:1d:1d,18784,18784000,18785000,1.0,total_sent
fd00::21d:1d:1d:1d,18791,18791000,18792000,1.0,total_sent
fd00::21d:1d:1d:1d,18802,18802000,18803000,1.0,total_sent
fd00::21d:1d:1d:1d,18813,18813000,18814000,1.0,total_sent
fd00::21d:1d:1d:1d,18824,18824000,18825000,1.0,total_sent
fd00::21d:1d:1d:1d,18834,18834000,18835000,1.0,total_sent
fd00::21d:1d:1d:1d,18845,18845000,18846000,1.0,total_sent
fd00::21d:1d:1d:1d,18856,18856000,18857000,1.0,total_sent
fd00::21d:1d:1d:1d,19054,19054000,19055000,1.0,total_sent
fd00::21d:1d:1d:1d,19648,19648000,19649000,1.0,total_sent
fd00::21d:1d:1d:1d,19652,19652000,19653000,1.0,total_sent
fd00::21d:1d:1d:1d,19662,19662000,19663000,1.0,total_sent
fd00::21d:1d:1d:1d,19674,19674000,19675000,1.0,total_sent
fd00::21d:1d:1d:1d,19684,19684000,19685000,1.0,total_sent
fd00::21d:1d:1d:1d,19700,19700000,19701000,1.0,total_sent
fd00::21d:1d:1d:1d,19705,19705000,19706000,1.0,total_sent
fd00::21d:1d:1d:1d,19724,19724000,19725000,1.0,total_sent
fd00::21d:1d:1d:1d,19747,19747000,19748000,1.0,total_sent
fd00::21d:1d:1d:1d,19760,19760000,19761000,1.0,total_sent
fd00::21d:1d:1d:1d,19776,19776000,19777000,1.0,total_sent
fd00::21d:1d:1d:1d,20147,20147000,20148000,1.0,total_sent
fd00::21d:1d:1d:1d,20511,20511000,20512000,1.0,total_sent
fd00::21d:1d:1d:1d,20527,20527000,20528000,1.0,total_sent
fd00::21d:1d:1d:1d,21485,21485000,21486000,2.0,total_sent
fd00::21d:1d:1d:1d,21491,21491000,21492000,1.0,total_sent
fd00::21d:1d:1d:1d,21509,21509000,21510000,1.0,total_sent
fd00::21d:1d:1d:1d,21567,21567000,21568000,3.0,total_sent
fd00::21d:1d:1d:1d,21586,21586000,21587000,1.0,total_sent
fd00::21e:1e:1e:1e,411,411000,412000,0.0,total_sent
fd00::21e:1e:1e:1e,6202,6202000,6203000,1.0,total_sent
fd00::21e:1e:1e:1e,6217,6217000,6218000,1.0,total_sent
fd00::21e:1e:1e:1e,6233,6233000,6234000,1.0,total_sent
fd00::21e:1e:1e:1e,6252,6252000,6253000,1.0,total_sent
fd00::21e:1e:1e:1e,6305,6305000,6306000,1.0,total_sent
fd00::21e:1e:1e:1e,6317,6317000,6318000,1.0,total_sent
fd00::21e:1e:1e:1e,6398,6398000,6399000,1.0,total_sent
fd00::21e:1e:1e:1e,6408,6408000,6409000,1.0,total_sent
fd00::21e:1e:1e:1e,6422,6422000,6423000,1.0,total_sent
fd00::21e:1e:1e:1e,6429,6429000,6430000,1.0,total_sent
fd00::21e:1e:1e:1e,6448,6448000,6449000,1.0,total_sent
fd00::21e:1e:1e:1e,6461,6461000,6462000,1.0,total_sent
fd00::21e:1e:1e:1e,6469,6469000,6470000,1.0,total_sent
fd00::21e:1e:1e:1e,7663,7663000,7664000,3.0,total_sent
fd00::21e:1e:1e:1e,10074,10074000,10075000,1.0,total_sent
fd00::21e:1e:1e:1e,10084,10084000,10085000,1.0,total_sent
fd00::21e:1e:1e:1e,15544,15544000,15545000,5.0,total_sent
fd00::21e:1e:1e:1e,15999,15999000,16000000,2.0,total_sent
fd00::21e:1e:1e:1e,16466,16466000,16467000,2.0,total_sent
fd00::21e:1e:1e:1e,16476,16476000,16477000,1.0,total_sent
fd00::21e:1e:1e:1e,16977,16977000,16978000,5.0,total_sent
fd00::21e:1e:1e:1e,16986,16986000,16987000,1.0,total_sent
fd00::21e:1e:1e:1e,16997,16997000,16998000,1.0,total_sent
fd00::21e:1e:1e:1e,17645,17645000,17646000,2.0,total_sent
fd00::21e:1e:1e:1e,18018,18018000,18019000,3.0,total_sent
fd00::21e:1e:1e:1e,18034,18034000,18035000,1.0,total_sent
fd00::21e:1e:1e:1e,18043,18043000,18044000,1.0,total_sent
fd00::21f:1f:1f:1f,10315,10315000,10316000,0.0,total_sent
fd00::221:21:21:21,21,21000,22000,0.0,total_sent
fd00::221:21:21:21,36,36000,37000,1.0,total_sent
fd00::221:21:21:21,42,42000,43000,1.0,total_sent
fd00::221:21:21:21,53,53000,54000,1.0,total_sent
fd00::221:21:21:21,79,79000,80000,2.0,total_sent
fd00::221:21:21:21,98,98000,99000,1.0,total_sent
fd00::221:21:21:21,292,292000,293000,3.0,total_sent
fd00::221:21:21:21,609,609000,610000,2.0,total_sent
fd00::221:21:21:21,619,619000,620000,1.0,total_sent
fd00::221:21:21:21,629,629000,630000,1.0,total_sent
fd00::221:21:21:21,639,639000,640000,1.0,total_sent
fd00::221:21:21:21,655,655000,656000,1.0,total_sent
fd00::221:21:21:21,661,661000,662000,1.0,total_sent
fd00::221:21:21:21,673,673000,674000,1.0,total_sent
fd00::221:21:21:21,684,684000,685000,1.0,total_sent
fd00::221:21:21:21,694,694000,695000,1.0,total_sent
fd00::221:21:21:21,704,704000,705000,1.0,total_sent
fd00::221:21:21:21,718,718000,719000,1.0,total_sent
fd00::221:21:21:21,725,725000,726000,1.0,total_sent
fd00::221:21:21:21,1144,1144000,1145000,4.0,total_sent
fd00::221:21:21:21,1154,1154000,1155000,1.0,total_sent
fd00::221:21:21:21,1162,1162000,1163000,1.0,total_sent
fd00::221:21:21:21,1178,1178000,1179000,1.0,total_sent
fd00::221:21:21:21,1186,1186000,1187000,1.0,total_sent
fd00::221:21:21:21,1199,1199000,1200000,1.0,total_sent
fd00::221:21:21:21,1407,1407000,1408000,1.0,total_sent
fd00::221:21:21:21,1419,1419000,1420000,1.0,total_sent
fd00::221:21:21:21,1429,1429000,1430000,1.0,total_sent
fd00::221:21:21:21,1439,1439000,1440000,1.0,total_sent
fd00::221:21:21:21,1451,1451000,1452000,1.0,total_sent
fd00::221:21:21:21,1463,1463000,1464000,1.0,total_sent
fd00::221:21:21:21,1658,1658000,1659000,3.0,total_sent
fd00::221:21:21:21,1665,1665000,1666000,1.0,total_sent
fd00::221:21:21:21,1686,1686000,1687000,1.0,total_sent
fd00::221:21:21:21,2037,2037000,2038000,1.0,total_sent
fd00::221:21:21:21,2049,2049000,2050000,1.0,total_sent
fd00::221:21:21:21,2061,2061000,2062000,1.0,total_sent
fd00::221:21:21:21,2073,2073000,2074000,1.0,total_sent
fd00::221:21:21:21,2084,2084000,2085000,1.0,total_sent
fd00::221:21:21:21,3146,3146000,3147000,2.0,total_sent
fd00::221:21:21:21,3161,3161000,3162000,1.0,total_sent
fd00::221:21:21:21,3170,3170000,3171000,1.0,total_sent
fd00::221:21:21:21,3395,3395000,3396000,1.0,total_sent
fd00::221:21:21:21,3402,3402000,3403000,1.0,total_sent
fd00::221:21:21:21,3426,3426000,3427000,1.0,total_sent
fd00::221:21:21:21,3626,3626000,3627000,1.0,total_sent
fd00::221:21:21:21,3638,3638000,3639000,1.0,total_sent
fd00::221:21:21:21,3647,3647000,3648000,1.0,total_sent
fd00::221:21:21:21,3658,3658000,3659000,1.0,total_sent
fd00::221:21:21:21,3882,3882000,3883000,2.0,total_sent
fd00::221:21:21:21,3892,3892000,3893000,1.0,total_sent
fd00::221:21:21:21,3906,3906000,3907000,1.0,total_sent
fd00::221:21:21:21,3918,3918000,3919000,1.0,total_sent
fd00::221:21:21:21,6326,6326000,6327000,2.0,total_sent
fd00::221:21:21:21,6335,6335000,6336000,1.0,total_sent
fd00::221:21:21:21,6349,6349000,6350000,1.0,total_sent
fd00::221:21:21:21,6356,6356000,6357000,1.0,total_sent
fd00::221:21:21:21,6367,6367000,6368000,1.0,total_sent
fd00::221:21:21:21,6399,6399000,6400000,1.0,total_sent
fd00::221:21:21:21,6414,6414000,6415000,1.0,total_sent
fd00::221:21:21:21,6425,6425000,6426000,1.0,total_sent
fd00::221:21:21:21,6438,6438000,6439000,1.0,total_sent
fd00::221:21:21:21,6463,6463000,6464000,2.0,total_sent
fd00::221:21:21:21,6487,6487000,6488000,2.0,total_sent
fd00::221:21:21:21,6719,6719000,6720000,2.0,total_sent
fd00::221:21:21:21,6729,6729000,6730000,1.0,total_sent
fd00::221:21:21:21,6942,6942000,6943000,1.0,total_sent
fd00::221:21:21:21,6964,6964000,6965000,1.0,total_sent
fd00::221:21:21:21,7423,7423000,7424000,1.0,total_sent
fd00::221:21:21:21,7433,7433000,7434000,1.0,total_sent
fd00::221:21:21:21,7449,7449000,7450000,1.0,total_sent
fd00::221:21:21:21,7704,7704000,7705000,1.0,total_sent
fd00::221:21:21:21,7916,7916000,7917000,2.0,total_sent
fd00::221:21:21:21,7926,7926000,7927000,1.0,total_sent
fd00::221:21:21:21,7934,7934000,7935000,1.0,total_sent
fd00::221:21:21:21,7946,7946000,7947000,1.0,total_sent
fd00::221:21:21:21,7957,7957000,7958000,1.0,total_sent
fd00::221:21:21:21,7967,7967000,7968000,1.0,total_sent
fd00::221:21:21:21,7978,7978000,7979000,1.0,total_sent
fd00::221:21:21:21,8148,8148000,8149000,1.0,total_sent
fd00::221:21:21:21,8158,8158000,8159000,1.0,total_sent
fd00::221:21:21:21,8171,8171000,8172000,1.0,total_sent
fd00::221:21:21:21,8185,8185000,8186000,1.0,total_sent
fd00::221:21:21:21,8199,8199000,8200000,1.0,total_sent
fd00::221:21:21:21,8404,8404000,8405000,1.0,total_sent
fd00::221:21:21:21,8415,8415000,8416000,1.0,total_sent
fd00::221:21:21:21,8425,8425000,8426000,1.0,total_sent
fd00::221:21:21:21,8439,8439000,8440000,1.0,total_sent
fd00::221:21:21:21,9152,9152000,9153000,2.0,total_sent
fd00::221:21:21:21,9163,9163000,9164000,1.0,total_sent
fd00::221:21:21:21,9173,9173000,9174000,1.0,total_sent
fd00::221:21:21:21,9182,9182000,9183000,1.0,total_sent
fd00::221:21:21:21,9193,9193000,9194000,1.0,total_sent
fd00::221:21:21:21,9203,9203000,9204000,1.0,total_sent
fd00::221:21:21:21,9214,9214000,9215000,1.0,total_sent
fd00::221:21:21:21,9225,9225000,9226000,1.0,total_sent
fd00::221:21:21:21,9235,9235000,9236000,1.0,total_sent
fd00::221:21:21:21,9246,9246000,9247000,1.0,total_sent
fd00::221:21:21:21,9257,9257000,9258000,1.0,total_sent
fd00::221:21:21:21,9267,9267000,9268000,1.0,total_sent
fd00::221:21:21:21,9278,9278000,9279000,1.0,total_sent
fd00::221:21:21:21,9289,9289000,9290000,1.0,total_sent
fd00::221:21:21:21,9299,9299000,9300000,1.0,total_sent
fd00::221:21:21:21,9313,9313000,9314000,1.0,total_sent
fd00::221:21:21:21,9323,9323000,9324000,1.0,total_sent
fd00::221:21:21:21,9332,9332000,9333000,1.0,total_sent
fd00::221:21:21:21,9345,9345000,9346000,1.0,total_sent
fd00::221:21:21:21,9354,9354000,9355000,1.0,total_sent
fd00::221:21:21:21,9366,9366000,9367000,1.0,total_sent
fd00::221:21:21:21,9374,9374000,9375000,1.0,total_sent
fd00::221:21:21:21,9385,9385000,9386000,1.0,total_sent
fd00::221:21:21:21,9396,9396000,9397000,1.0,total_sent
fd00::221:21:21:21,9406,9406000,9407000,1.0,total_sent
fd00::221:21:21:21,9417,9417000,9418000,1.0,total_sent
fd00::221:21:21:21,9427,9427000,9428000,1.0,total_sent
fd00::221:21:21:21,9439,9439000,9440000,1.0,total_sent
fd00::221:21:21:21,9449,9449000,9450000,1.0,total_sent
fd00::221:21:21:21,9459,9459000,9460000,1.0,total_sent
fd00::221:21:21:21,9474,9474000,9475000,1.0,total_sent
fd00::221:21:21:21,9482,9482000,9483000,1.0,total_sent
fd00::221:21:21:21,9492,9492000,9493000,1.0,total_sent
fd00::221:21:21:21,9503,9503000,9504000,1.0,total_sent
fd00::221:21:21:21,9513,9513000,9514000,1.0,total_sent
fd00::221:21:21:21,9523,9523000,9524000,1.0,total_sent
fd00::221:21:21:21,9536,9536000,9537000,1.0,total_sent
fd00::221:21:21:21,9545,9545000,9546000,1.0,total_sent
fd00::221:21:21:21,9558,9558000,9559000,1.0,total_sent
fd00::221:21:21:21,9705,9705000,9706000,1.0,total_sent
fd00::221:21:21:21,9716,9716000,9717000,1.0,total_sent
fd00::221:21:21:21,10067,10067000,10068000,1.0,total_sent
fd00::221:21:21:21,10078,10078000,10079000,1.0,total_sent
fd00::221:21:21:21,10089,10089000,10090000,1.0,total_sent
fd00::221:21:21:21,10132,10132000,10133000,1.0,total_sent
fd00::221:21:21:21,10148,10148000,10149000,1.0,total_sent
fd00::221:21:21:21,10366,10366000,10367000,3.0,total_sent
fd00::221:21:21:21,10377,10377000,10378000,1.0,total_sent
fd00::221:21:21:21,10387,10387000,10388000,1.0,total_sent
fd00::221:21:21:21,10398,10398000,10399000,1.0,total_sent
fd00::221:21:21:21,10413,10413000,10414000,1.0,total_sent
fd00::221:21:21:21,10419,10419000,10420000,1.0,total_sent
fd00::221:21:21:21,10436,10436000,10437000,1.0,total_sent
fd00::221:21:21:21,10448,10448000,10449000,1.0,total_sent
fd00::221:21:21:21,10685,10685000,10686000,1.0,total_sent
fd00::221:21:21:21,10949,10949000,10950000,1.0,total_sent
fd00::221:21:21:21,11177,11177000,11178000,1.0,total_sent
fd00::221:21:21:21,11188,11188000,11189000,1.0,total_sent
fd00::221:21:21:21,11402,11402000,11403000,1.0,total_sent
fd00::221:21:21:21,11408,11408000,11409000,1.0,total_sent
fd00::221:21:21:21,11413,11413000,11414000,1.0,total_sent
fd00::221:21:21:21,11635,11635000,11636000,1.0,total_sent
fd00::221:21:21:21,11647,11647000,11648000,1.0,total_sent
fd00::221:21:21:21,11656,11656000,11657000,1.0,total_sent
fd00::221:21:21:21,11668,11668000,11669000,1.0,total_sent
fd00::221:21:21:21,11678,11678000,11679000,1.0,total_sent
fd00::221:21:21:21,11697,11697000,11698000,1.0,total_sent
fd00::221:21:21:21,11711,11711000,11712000,1.0,total_sent
fd00::221:21:21:21,11712,11712000,11713000,1.0,total_sent
fd00::221:21:21:21,11966,11966000,11967000,1.0,total_sent
fd00::221:21:21:21,11977,11977000,11978000,1.0,total_sent
fd00::221:21:21:21,11989,11989000,11990000,1.0,total_sent
fd00::221:21:21:21,11998,11998000,11999000,1.0,total_sent
fd00::221:21:21:21,12008,12008000,12009000,1.0,total_sent
fd00::221:21:21:21,12019,12019000,12020000,1.0,total_sent
fd00::221:21:21:21,12034,12034000,12035000,1.0,total_sent
fd00::221:21:21:21,12040,12040000,12041000,1.0,total_sent
fd00::221:21:21:21,12053,12053000,12054000,1.0,total_sent
fd00::221:21:21:21,12062,12062000,12063000,1.0,total_sent
fd00::221:21:21:21,12074,12074000,12075000,1.0,total_sent
fd00::221:21:21:21,12168,12168000,12169000,1.0,total_sent
fd00::221:21:21:21,12404,12404000,12405000,1.0,total_sent
fd00::221:21:21:21,12414,12414000,12415000,1.0,total_sent
fd00::221:21:21:21,12424,12424000,12425000,1.0,total_sent
fd00::221:21:21:21,12435,12435000,12436000,1.0,total_sent
fd00::221:21:21:21,12446,12446000,12447000,1.0,total_sent
fd00::221:21:21:21,12456,12456000,12457000,1.0,total_sent
fd00::221:21:21:21,12467,12467000,12468000,1.0,total_sent
fd00::221:21:21:21,12478,12478000,12479000,1.0,total_sent
fd00::221:21:21:21,12488,12488000,12489000,1.0,total_sent
fd00::221:21:21:21,12499,12499000,12500000,1.0,total_sent
fd00::221:21:21:21,12702,12702000,12703000,1.0,total_sent
fd00::221:21:21:21,12717,12717000,12718000,1.0,total_sent
fd00::221:21:21:21,12723,12723000,12724000,1.0,total_sent
fd00::221:21:21:21,12826,12826000,12827000,2.0,total_sent
fd00::221:21:21:21,13149,13149000,13150000,1.0,total_sent
fd00::221:21:21:21,14145,14145000,14146000,4.0,total_sent
fd00::221:21:21:21,14504,14504000,14505000,1.0,total_sent
fd00::221:21:21:21,14517,14517000,14518000,1.0,total_sent
fd00::221:21:21:21,14526,14526000,14527000,1.0,total_sent
fd00::221:21:21:21,14536,14536000,14537000,1.0,total_sent
fd00::221:21:21:21,14547,14547000,14548000,1.0,total_sent
fd00::221:21:21:21,14557,14557000,14558000,1.0,total_sent
fd00::221:21:21:21,14568,14568000,14569000,1.0,total_sent
fd00::221:21:21:21,14579,14579000,14580000,1.0,total_sent
fd00::221:21:21:21,14589,14589000,14590000,1.0,total_sent
fd00::221:21:21:21,14601,14601000,14602000,1.0,total_sent
fd00::221:21:21:21,14613,14613000,14614000,1.0,total_sent
fd00::221:21:21:21,14622,14622000,14623000,1.0,total_sent
fd00::221:21:21:21,14636,14636000,14637000,1.0,total_sent
fd00::221:21:21:21,14781,14781000,14782000,1.0,total_sent
fd00::221:21:21:21,14794,14794000,14795000,1.0,total_sent
fd00::221:21:21:21,14804,14804000,14805000,1.0,total_sent
fd00::221:21:21:21,14813,14813000,14814000,1.0,total_sent
fd00::221:21:21:21,14824,14824000,14825000,1.0,total_sent
fd00::221:21:21:21,14835,14835000,14836000,1.0,total_sent
fd00::221:21:21:21,14846,14846000,14847000,1.0,total_sent
fd00::221:21:21:21,14856,14856000,14857000,1.0,total_sent
fd00::221:21:21:21,14867,14867000,14868000,1.0,total_sent
fd00::221:21:21:21,14878,14878000,14879000,1.0,total_sent
fd00::221:21:21:21,14900,14900000,14901000,1.0,total_sent
fd00::221:21:21:21,15059,15059000,15060000,3.0,total_sent
fd00::221:21:21:21,15074,15074000,15075000,1.0,total_sent
fd00::221:21:21:21,15272,15272000,15273000,3.0,total_sent
fd00::221:21:21:21,15287,15287000,15288000,1.0,total_sent
fd00::221:21:21:21,15293,15293000,15294000,1.0,total_sent
fd00::221:21:21:21,15308,15308000,15309000,1.0,total_sent
fd00::221:21:21:21,15314,15314000,15315000,1.0,total_sent
fd00::221:21:21:21,15698,15698000,15699000,2.0,total_sent
fd00::221:21:21:21,15709,15709000,15710000,1.0,total_sent
fd00::221:21:21:21,15724,15724000,15725000,1.0,total_sent
fd00::221:21:21:21,15733,15733000,15734000,1.0,total_sent
fd00::221:21:21:21,15945,15945000,15946000,2.0,total_sent
fd00::221:21:21:21,15954,15954000,15955000,1.0,total_sent
fd00::221:21:21:21,16328,16328000,16329000,1.0,total_sent
fd00::221:21:21:21,16339,16339000,16340000,1.0,total_sent
fd00::221:21:21:21,16352,16352000,16353000,1.0,total_sent
fd00::221:21:21:21,16362,16362000,16363000,1.0,total_sent
fd00::221:21:21:21,16459,16459000,16460000,1.0,total_sent
fd00::221:21:21:21,16466,16466000,16467000,1.0,total_sent
fd00::221:21:21:21,16478,16478000,16479000,1.0,total_sent
fd00::221:21:21:21,16882,16882000,16883000,5.0,total_sent
fd00::221:21:21:21,16905,16905000,16906000,2.0,total_sent
fd00::221:21:21:21,16919,16919000,16920000,1.0,total_sent
fd00::221:21:21:21,16937,16937000,16938000,1.0,total_sent
fd00::221:21:21:21,16946,16946000,16947000,1.0,total_sent
fd00::221:21:21:21,16958,16958000,16959000,1.0,total_sent
fd00::221:21:21:21,16969,16969000,16970000,1.0,total_sent
fd00::221:21:21:21,16993,16993000,16994000,1.0,total_sent
fd00::221:21:21:21,17707,17707000,17708000,2.0,total_sent
fd00::221:21:21:21,17725,17725000,17726000,1.0,total_sent
fd00::221:21:21:21,17736,17736000,17737000,1.0,total_sent
fd00::221:21:21:21,17746,17746000,17747000,1.0,total_sent
fd00::221:21:21:21,17758,17758000,17759000,1.0,total_sent
fd00::221:21:21:21,17974,17974000,17975000,4.0,total_sent
fd00::221:21:21:21,17982,17982000,17983000,1.0,total_sent
fd00::221:21:21:21,17993,17993000,17994000,1.0,total_sent
fd00::221:21:21:21,18002,18002000,18003000,1.0,total_sent
fd00::221:21:21:21,18013,18013000,18014000,1.0,total_sent
fd00::221:21:21:21,18024,18024000,18025000,1.0,total_sent
fd00::221:21:21:21,18043,18043000,18044000,1.0,total_sent
fd00::221:21:21:21,18048,18048000,18049000,1.0,total_sent
fd00::221:21:21:21,18062,18062000,18063000,1.0,total_sent
fd00::221:21:21:21,18079,18079000,18080000,1.0,total_sent
fd00::221:21:21:21,18297,18297000,18298000,1.0,total_sent
fd00::221:21:21:21,18309,18309000,18310000,1.0,total_sent
fd00::221:21:21:21,18526,18526000,18527000,1.0,total_sent
fd00::221:21:21:21,18536,18536000,18537000,1.0,total_sent
fd00::221:21:21:21,18546,18546000,18547000,1.0,total_sent
fd00::221:21:21:21,18558,18558000,18559000,1.0,total_sent
fd00::221:21:21:21,18573,18573000,18574000,1.0,total_sent
fd00::221:21:21:21,18579,18579000,18580000,1.0,total_sent
fd00::221:21:21:21,18631,18631000,18632000,2.0,total_sent
fd00::221:21:21:21,18647,18647000,18648000,1.0,total_sent
fd00::221:21:21:21,18669,18669000,18670000,1.0,total_sent
fd00::221:21:21:21,18866,18866000,18867000,3.0,total_sent
fd00::221:21:21:21,18877,18877000,18878000,1.0,total_sent
fd00::221:21:21:21,18887,18887000,18888000,1.0,total_sent
fd00::221:21:21:21,18898,18898000,18899000,1.0,total_sent
fd00::221:21:21:21,18909,18909000,18910000,1.0,total_sent
fd00::221:21:21:21,18919,18919000,18920000,1.0,total_sent
fd00::221:21:21:21,18934,18934000,18935000,1.0,total_sent
fd00::221:21:21:21,18944,18944000,18945000,1.0,total_sent
fd00::221:21:21:21,18951,18951000,18952000,1.0,total_sent
fd00::221:21:21:21,18962,18962000,18963000,1.0,total_sent
fd00::221:21:21:21,18973,18973000,18974000,1.0,total_sent
fd00::221:21:21:21,18983,18983000,18984000,1.0,total_sent
fd00::221:21:21:21,18998,18998000,18999000,1.0,total_sent
fd00::221:21:21:21,19011,19011000,19012000,1.0,total_sent
fd00::221:21:21:21,19176,19176000,19177000,1.0,total_sent
fd00::221:21:21:21,19433,19433000,19434000,1.0,total_sent
fd00::221:21:21:21,19445,19445000,19446000,1.0,total_sent
fd00::221:21:21:21,19454,19454000,19455000,1.0,total_sent
fd00::221:21:21:21,19464,19464000,19465000,1.0,total_sent
fd00::221:21:21:21,19477,19477000,19478000,1.0,total_sent
fd00::221:21:21:21,19496,19496000,19497000,1.0,total_sent
fd00::221:21:21:21,19506,19506000,19507000,1.0,total_sent
fd00::221:21:21:21,19517,19517000,19518000,1.0,total_sent
fd00::221:21:21:21,19527,19527000,19528000,1.0,total_sent
fd00::221:21:21:21,19698,19698000,19699000,1.0,total_sent
fd00::221:21:21:21,19709,19709000,19710000,1.0,total_sent
fd00::221:21:21:21,19722,19722000,19723000,1.0,total_sent
fd00::221:21:21:21,19730,19730000,19731000,1.0,total_sent
fd00::221:21:21:21,19744,19744000,19745000,1.0,total_sent
fd00::221:21:21:21,19753,19753000,19754000,1.0,total_sent
fd00::221:21:21:21,19763,19763000,19764000,1.0,total_sent
fd00::221:21:21:21,19965,19965000,19966000,2.0,total_sent
fd00::221:21:21:21,19975,19975000,19976000,1.0,total_sent
fd00::221:21:21:21,19986,19986000,19987000,1.0,total_sent
fd00::221:21:21:21,19997,19997000,19998000,1.0,total_sent
fd00::221:21:21:21,20007,20007000,20008000,1.0,total_sent
fd00::221:21:21:21,20018,20018000,20019000,1.0,total_sent
fd00::221:21:21:21,20028,20028000,20029000,1.0,total_sent
fd00::221:21:21:21,20039,20039000,20040000,1.0,total_sent
fd00::221:21:21:21,20052,20052000,20053000,1.0,total_sent
fd00::221:21:21:21,20062,20062000,20063000,1.0,total_sent
fd00::221:21:21:21,20073,20073000,20074000,1.0,total_sent
fd00::221:21:21:21,20085,20085000,20086000,1.0,total_sent
fd00::221:21:21:21,20096,20096000,20097000,1.0,total_sent
fd00::221:21:21:21,20116,20116000,20117000,1.0,total_sent
fd00::221:21:21:21,20863,20863000,20864000,1.0,total_sent
fd00::221:21:21:21,20875,20875000,20876000,1.0,total_sent
fd00::221:21:21:21,20893,20893000,20894000,1.0,total_sent
fd00::221:21:21:21,21244,21244000,21245000,1.0,total_sent
fd00::221:21:21:21,21255,21255000,21256000,1.0,total_sent
fd00::221:21:21:21,21272,21272000,21273000,1.0,total_sent
fd00::221:21:21:21,21468,21468000,21469000,1.0,total_sent
fd00::221:21:21:21,21479,21479000,21480000,1.0,total_sent
fd00::221:21:21:21,21491,21491000,21492000,1.0,total_sent
fd00::221:21:21:21,21504,21504000,21505000,1.0,total_sent
fd00::221:21:21:21,21517,21517000,21518000,1.0,total_sent
fd00::222:22:22:22,703,703000,704000,0.0,total_sent
fd00::222:22:22:22,713,713000,714000,1.0,total_sent
fd00::222:22:22:22,723,723000,724000,1.0,total_sent
fd00::222:22:22:22,1638,1638000,1639000,5.0,total_sent
fd00::222:22:22:22,1646,1646000,1647000,1.0,total_sent
fd00::222:22:22:22,1669,1669000,1670000,2.0,total_sent
fd00::222:22:22:22,18556,18556000,18557000,8.0,total_sent
fd00::222:22:22:22,18576,18576000,18577000,1.0,total_sent
fd00::223:23:23:23,3106,3106000,3107000,0.0,total_sent
fd00::223:23:23:23,3119,3119000,3120000,1.0,total_sent
fd00::223:23:23:23,10075,10075000,10076000,5.0,total_sent
fd00::223:23:23:23,10084,10084000,10085000,1.0,total_sent
fd00::223:23:23:23,10123,10123000,10124000,1.0,total_sent
fd00::223:23:23:23,16095,16095000,16096000,3.0,total_sent
fd00::223:23:23:23,16101,16101000,16102000,1.0,total_sent
fd00::223:23:23:23,18576,18576000,18577000,2.0,total_sent
fd00::223:23:23:23,18588,18588000,18589000,1.0,total_sent
fd00::223:23:23:23,18604,18604000,18605000,1.0,total_sent
fd00::223:23:23:23,18606,18606000,18607000,1.0,total_sent
fd00::223:23:23:23,18615,18615000,18616000,1.0,total_sent
fd00::223:23:23:23,18625,18625000,18626000,1.0,total_sent
fd00::223:23:23:23,18632,18632000,18633000,1.0,total_sent
fd00::223:23:23:23,18651,18651000,18652000,1.0,total_sent
fd00::223:23:23:23,18669,18669000,18670000,1.0,total_sent
fd00::209:9:9:9,5099,5099000,5100000,0.0,total_received
fd00::209:9:9:9,5112,5112000,5113000,0.0,total_received
fd00::209:9:9:9,15138,15138000,15139000,129.0,total_received
fd00::209:9:9:9,15200,15200000,15201000,0.0,total_received
fd00::20a:a:a:a,19665,19665000,19666000,0.0,total_received
fd00::20a:a:a:a,19683,19683000,19684000,0.0,total_received
fd00::20c:c:c:c,11809,11809000,11810000,0.0,total_received
fd00::20c:c:c:c,11828,11828000,11829000,1.0,total_received
fd00::20c:c:c:c,11837,11837000,11838000,1.0,total_received
fd00::20c:c:c:c,11885,11885000,11886000,0.0,total_received
fd00::20c:c:c:c,18958,18958000,18959000,102.0,total_received
fd00::20c:c:c:c,18974,18974000,18975000,1.0,total_received
fd00::20c:c:c:c,18979,18979000,18980000,1.0,total_received
fd00::20c:c:c:c,18992,18992000,18993000,1.0,total_received
fd00::20c:c:c:c,19004,19004000,19005000,1.0,total_received
fd00::20c:c:c:c,19015,19015000,19016000,1.0,total_received
fd00::20c:c:c:c,19028,19028000,19029000,0.0,total_received
fd00::20c:c:c:c,19037,19037000,19038000,1.0,total_received
fd00::20c:c:c:c,19066,19066000,19067000,1.0,total_received
fd00::20c:c:c:c,19555,19555000,19556000,21.0,total_received
fd00::20c:c:c:c,19564,19564000,19565000,1.0,total_received
fd00::20c:c:c:c,19575,19575000,19576000,1.0,total_received
fd00::20c:c:c:c,19586,19586000,19587000,1.0,total_received
fd00::20c:c:c:c,19601,19601000,19602000,0.0,total_received
fd00::20c:c:c:c,19616,19616000,19617000,0.0,total_received
fd00::20c:c:c:c,19623,19623000,19624000,0.0,total_received
fd00::20c:c:c:c,19635,19635000,19636000,0.0,total_received
fd00::20c:c:c:c,19642,19642000,19643000,1.0,total_received
fd00::20c:c:c:c,19656,19656000,19657000,1.0,total_received
fd00::20c:c:c:c,19663,19663000,19664000,0.0,total_received
fd00::20c:c:c:c,19682,19682000,19683000,0.0,total_received
fd00::20c:c:c:c,19685,19685000,19686000,1.0,total_received
fd00::20d:d:d:d,2215,2215000,2216000,0.0,total_received
fd00::20d:d:d:d,2225,2225000,2226000,0.0,total_received
fd00::20d:d:d:d,2244,2244000,2245000,0.0,total_received
fd00::20d:d:d:d,7559,7559000,7560000,14.0,total_received
fd00::20d:d:d:d,20177,20177000,20178000,13.0,total_received
fd00::20d:d:d:d,20188,20188000,20189000,1.0,total_received
fd00::20d:d:d:d,20196,20196000,20197000,0.0,total_received
fd00::20d:d:d:d,20206,20206000,20207000,1.0,total_received
fd00::20d:d:d:d,20218,20218000,20219000,0.0,total_received
fd00::20d:d:d:d,20234,20234000,20235000,1.0,total_received
fd00::20d:d:d:d,20269,20269000,20270000,0.0,total_received
fd00::20e:e:e:e,9579,9579000,9580000,0.0,total_received
fd00::20e:e:e:e,9592,9592000,9593000,0.0,total_received
fd00::20e:e:e:e,9622,9622000,9623000,0.0,total_received
fd00::20e:e:e:e,9635,9635000,9636000,0.0,total_received
fd00::20e:e:e:e,12689,12689000,12690000,25.0,total_received
fd00::20e:e:e:e,12706,12706000,12707000,1.0,total_received
fd00::20e:e:e:e,12716,12716000,12717000,1.0,total_received
fd00::20e:e:e:e,15113,15113000,15114000,44.0,total_received
fd00::20e:e:e:e,15123,15123000,15124000,0.0,total_received
fd00::20e:e:e:e,15133,15133000,15134000,0.0,total_received
fd00::20e:e:e:e,15158,15158000,15159000,0.0,total_received
fd00::20e:e:e:e,15193,15193000,15194000,0.0,total_received
fd00::20e:e:e:e,19037,19037000,19038000,46.0,total_received
fd00::20e:e:e:e,19066,19066000,19067000,1.0,total_received
fd00::20e:e:e:e,19268,19268000,19269000,16.0,total_received
fd00::20e:e:e:e,20168,20168000,20169000,30.0,total_received
fd00::20f:f:f:f,43,43000,44000,0.0,total_received
fd00::20f:f:f:f,58,58000,59000,1.0,total_received
fd00::20f:f:f:f,71,71000,72000,0.0,total_received
fd00::20f:f:f:f,937,937000,938000,15.0,total_received
fd00::20f:f:f:f,2207,2207000,2208000,24.0,total_received
fd00::20f:f:f:f,2214,2214000,2215000,1.0,total_received
fd00::20f:f:f:f,2222,2222000,2223000,0.0,total_received
fd00::20f:f:f:f,2243,2243000,2244000,0.0,total_received
fd00::20f:f:f:f,2248,2248000,2249000,2.0,total_received
fd00::20f:f:f:f,16489,16489000,16490000,119.0,total_received
fd00::20f:f:f:f,16495,16495000,16496000,0.0,total_received
fd00::210:10:10:10,5023,5023000,5024000,0.0,total_received
fd00::210:10:10:10,5029,5029000,5030000,0.0,total_received
fd00::210:10:10:10,5039,5039000,5040000,0.0,total_received
fd00::210:10:10:10,5054,5054000,5055000,0.0,total_received
fd00::210:10:10:10,8181,8181000,8182000,130.0,total_received
fd00::210:10:10:10,8194,8194000,8195000,1.0,total_received
fd00::210:10:10:10,9559,9559000,9560000,17.0,total_received
fd00::210:10:10:10,9568,9568000,9569000,0.0,total_received
fd00::210:10:10:10,9579,9579000,9580000,1.0,total_received
fd00::210:10:10:10,9589,9589000,9590000,0.0,total_received
fd00::210:10:10:10,9608,9608000,9609000,0.0,total_received
fd00::210:10:10:10,9623,9623000,9624000,1.0,total_received
fd00::210:10:10:10,9625,9625000,9626000,0.0,total_received
fd00::210:10:10:10,9642,9642000,9643000,1.0,total_received
fd00::210:10:10:10,15126,15126000,15127000,90.0,total_received
fd00::210:10:10:10,15137,15137000,15138000,0.0,total_received
fd00::210:10:10:10,15199,15199000,15200000,0.0,total_received
fd00::210:10:10:10,15458,15458000,15459000,15.0,total_received
fd00::210:10:10:10,15709,15709000,15710000,24.0,total_received
fd00::210:10:10:10,15718,15718000,15719000,0.0,total_received
fd00::210:10:10:10,15731,15731000,15732000,0.0,total_received
fd00::211:11:11:11,42,42000,43000,0.0,total_received
fd00::211:11:11:11,57,57000,58000,0.0,total_received
fd00::211:11:11:11,63,63000,64000,1.0,total_received
fd00::211:11:11:11,889,889000,890000,36.0,total_received
fd00::211:11:11:11,899,899000,900000,1.0,total_received
fd00::211:11:11:11,912,912000,913000,1.0,total_received
fd00::211:11:11:11,929,929000,930000,1.0,total_received
fd00::211:11:11:11,943,943000,944000,1.0,total_received
fd00::211:11:11:11,948,948000,949000,1.0,total_received
fd00::211:11:11:11,979,979000,980000,2.0,total_received
fd00::211:11:11:11,991,991000,992000,0.0,total_received
fd00::211:11:11:11,2221,2221000,2222000,33.0,total_received
fd00::211:11:11:11,2249,2249000,2250000,2.0,total_received
fd00::211:11:11:11,2289,2289000,2290000,1.0,total_received
fd00::211:11:11:11,7462,7462000,7463000,157.0,total_received
fd00::211:11:11:11,7466,7466000,7467000,0.0,total_received
fd00::211:11:11:11,7475,7475000,7476000,1.0,total_received
fd00::211:11:11:11,7528,7528000,7529000,5.0,total_received
fd00::211:11:11:11,7534,7534000,7535000,0.0,total_received
fd00::211:11:11:11,12749,12749000,12750000,32.0,total_received
fd00::211:11:11:11,14369,14369000,14370000,71.0,total_received
fd00::211:11:11:11,14381,14381000,14382000,1.0,total_received
fd00::211:11:11:11,15115,15115000,15116000,49.0,total_received
fd00::211:11:11:11,15130,15130000,15131000,1.0,total_received
fd00::211:11:11:11,15176,15176000,15177000,2.0,total_received
fd00::211:11:11:11,16445,16445000,16446000,31.0,total_received
fd00::211:11:11:11,16456,16456000,16457000,0.0,total_received
fd00::211:11:11:11,16465,16465000,16466000,1.0,total_received
fd00::211:11:11:11,16475,16475000,16476000,1.0,total_received
fd00::211:11:11:11,16489,16489000,16490000,1.0,total_received
fd00::211:11:11:11,16502,16502000,16503000,0.0,total_received
fd00::211:11:11:11,17622,17622000,17623000,21.0,total_received
fd00::211:11:11:11,17632,17632000,17633000,1.0,total_received
fd00::211:11:11:11,19282,19282000,19283000,42.0,total_received
fd00::211:11:11:11,19583,19583000,19584000,28.0,total_received
fd00::211:11:11:11,19594,19594000,19595000,1.0,total_received
fd00::211:11:11:11,19611,19611000,19612000,0.0,total_received
fd00::211:11:11:11,20135,20135000,20136000,43.0,total_received
fd00::211:11:11:11,20144,20144000,20145000,1.0,total_received
fd00::211:11:11:11,20154,20154000,20155000,1.0,total_received
fd00::211:11:11:11,20169,20169000,20170000,2.0,total_received
fd00::211:11:11:11,20175,20175000,20176000,0.0,total_received
fd00::211:11:11:11,20188,20188000,20189000,1.0,total_received
fd00::211:11:11:11,20195,20195000,20196000,0.0,total_received
fd00::211:11:11:11,20205,20205000,20206000,1.0,total_received
fd00::211:11:11:11,20218,20218000,20219000,1.0,total_received
fd00::211:11:11:11,20234,20234000,20235000,0.0,total_received
fd00::211:11:11:11,20246,20246000,20247000,0.0,total_received
fd00::211:11:11:11,20248,20248000,20249000,0.0,total_received
fd00::211:11:11:11,20267,20267000,20268000,2.0,total_received
fd00::211:11:11:11,20271,20271000,20272000,0.0,total_received
fd00::211:11:11:11,20285,20285000,20286000,2.0,total_received
fd00::211:11:11:11,20304,20304000,20305000,2.0,total_received
fd00::212:12:12:12,21,21000,22000,0.0,total_received
fd00::212:12:12:12,32,32000,33000,1.0,total_received
fd00::212:12:12:12,42,42000,43000,1.0,total_received
fd00::212:12:12:12,52,52000,53000,0.0,total_received
fd00::212:12:12:12,69,69000,70000,2.0,total_received
fd00::212:12:12:12,277,277000,278000,19.0,total_received
fd00::212:12:12:12,313,313000,314000,1.0,total_received
fd00::212:12:12:12,485,485000,486000,19.0,total_received
fd00::212:12:12:12,496,496000,497000,1.0,total_received
fd00::212:12:12:12,509,509000,510000,1.0,total_received
fd00::212:12:12:12,524,524000,525000,1.0,total_received
fd00::212:12:12:12,751,751000,752000,22.0,total_received
fd00::212:12:12:12,907,907000,908000,15.0,total_received
fd00::212:12:12:12,918,918000,919000,1.0,total_received
fd00::212:12:12:12,928,928000,929000,1.0,total_received
fd00::212:12:12:12,939,939000,940000,1.0,total_received
fd00::212:12:12:12,960,960000,961000,1.0,total_received
fd00::212:12:12:12,1044,1044000,1045000,10.0,total_received
fd00::212:12:12:12,1055,1055000,1056000,0.0,total_received
fd00::212:12:12:12,1065,1065000,1066000,1.0,total_received
fd00::212:12:12:12,1076,1076000,1077000,2.0,total_received
fd00::212:12:12:12,1088,1088000,1089000,1.0,total_received
fd00::212:12:12:12,1101,1101000,1102000,1.0,total_received
fd00::212:12:12:12,1108,1108000,1109000,1.0,total_received
fd00::212:12:12:12,1118,1118000,1119000,1.0,total_received
fd00::212:12:12:12,1136,1136000,1137000,1.0,total_received
fd00::212:12:12:12,1376,1376000,1377000,24.0,total_received
fd00::212:12:12:12,1385,1385000,1386000,1.0,total_received
fd00::212:12:12:12,1392,1392000,1393000,1.0,total_received
fd00::212:12:12:12,1403,1403000,1404000,1.0,total_received
fd00::212:12:12:12,1413,1413000,1414000,0.0,total_received
fd00::212:12:12:12,1424,1424000,1425000,2.0,total_received
fd00::212:12:12:12,1435,1435000,1436000,1.0,total_received
fd00::212:12:12:12,1447,1447000,1448000,1.0,total_received
fd00::212:12:12:12,1456,1456000,1457000,1.0,total_received
fd00::212:12:12:12,2627,2627000,2628000,92.0,total_received
fd00::212:12:12:12,2976,2976000,2977000,33.0,total_received
fd00::212:12:12:12,2994,2994000,2995000,1.0,total_received
fd00::212:12:12:12,3386,3386000,3387000,29.0,total_received
fd00::212:12:12:12,3882,3882000,3883000,38.0,total_received
fd00::212:12:12:12,3898,3898000,3899000,1.0,total_received
fd00::212:12:12:12,3917,3917000,3918000,2.0,total_received
fd00::212:12:12:12,4568,4568000,4569000,47.0,total_received
fd00::212:12:12:12,4578,4578000,4579000,1.0,total_received
fd00::212:12:12:12,4768,4768000,4769000,16.0,total_received
fd00::212:12:12:12,4783,4783000,4784000,1.0,total_received
fd00::212:12:12:12,4794,4794000,4795000,1.0,total_received
fd00::212:12:12:12,4959,4959000,4960000,17.0,total_received
fd00::212:12:12:12,4969,4969000,4970000,1.0,total_received
fd00::212:12:12:12,4981,4981000,4982000,1.0,total_received
fd00::212:12:12:12,5001,5001000,5002000,2.0,total_received
fd00::212:12:12:12,5011,5011000,5012000,1.0,total_received
fd00::212:12:12:12,5023,5023000,5024000,0.0,total_received
fd00::212:12:12:12,5032,5032000,5033000,1.0,total_received
fd00::212:12:12:12,5047,5047000,5048000,1.0,total_received
fd00::212:12:12:12,6857,6857000,6858000,114.0,total_received
fd00::212:12:12:12,6868,6868000,6869000,1.0,total_received
fd00::212:12:12:12,6878,6878000,6879000,1.0,total_received
fd00::212:12:12:12,6889,6889000,6890000,1.0,total_received
fd00::212:12:12:12,7079,7079000,7080000,14.0,total_received
fd00::212:12:12:12,7089,7089000,7090000,1.0,total_received
fd00::212:12:12:12,7427,7427000,7428000,32.0,total_received
fd00::212:12:12:12,7441,7441000,7442000,1.0,total_received
fd00::212:12:12:12,7462,7462000,7463000,1.0,total_received
fd00::212:12:12:12,7486,7486000,7487000,3.0,total_received
fd00::212:12:12:12,7497,7497000,7498000,1.0,total_received
fd00::212:12:12:12,7501,7501000,7502000,1.0,total_received
fd00::212:12:12:12,7512,7512000,7513000,1.0,total_received
fd00::212:12:12:12,7522,7522000,7523000,0.0,total_received
fd00::212:12:12:12,7533,7533000,7534000,1.0,total_received
fd00::212:12:12:12,7547,7547000,7548000,3.0,total_received
fd00::212:12:12:12,7560,7560000,7561000,0.0,total_received
fd00::212:12:12:12,7586,7586000,7587000,3.0,total_received
fd00::212:12:12:12,7596,7596000,7597000,1.0,total_received
fd00::212:12:12:12,7614,7614000,7615000,1.0,total_received
fd00::212:12:12:12,7838,7838000,7839000,19.0,total_received
fd00::212:12:12:12,7849,7849000,7850000,1.0,total_received
fd00::212:12:12:12,8007,8007000,8008000,16.0,total_received
fd00::212:12:12:12,8020,8020000,8021000,1.0,total_received
fd00::212:12:12:12,8028,8028000,8029000,1.0,total_received
fd00::212:12:12:12,8044,8044000,8045000,1.0,total_received
fd00::212:12:12:12,8049,8049000,8050000,1.0,total_received
fd00::212:12:12:12,8063,8063000,8064000,1.0,total_received
fd00::212:12:12:12,8071,8071000,8072000,2.0,total_received
fd00::212:12:12:12,8094,8094000,8095000,1.0,total_received
fd00::212:12:12:12,8166,8166000,8167000,7.0,total_received
fd00::212:12:12:12,8183,8183000,8184000,1.0,total_received
fd00::212:12:12:12,8397,8397000,8398000,11.0,total_received
fd00::212:12:12:12,8415,8415000,8416000,1.0,total_received
fd00::212:12:12:12,8419,8419000,8420000,1.0,total_received
fd00::212:12:12:12,8429,8429000,8430000,1.0,total_received
fd00::212:12:12:12,8798,8798000,8799000,39.0,total_received
fd00::212:12:12:12,8979,8979000,8980000,17.0,total_received
fd00::212:12:12:12,8988,8988000,8989000,1.0,total_received
fd00::212:12:12:12,9002,9002000,9003000,1.0,total_received
fd00::212:12:12:12,9159,9159000,9160000,16.0,total_received
fd00::212:12:12:12,9167,9167000,9168000,1.0,total_received
fd00::212:12:12:12,9178,9178000,9179000,1.0,total_received
fd00::212:12:12:12,9189,9189000,9190000,1.0,total_received
fd00::212:12:12:12,9199,9199000,9200000,1.0,total_received
fd00::212:12:12:12,9212,9212000,9213000,1.0,total_received
fd00::212:12:12:12,9225,9225000,9226000,2.0,total_received
fd00::212:12:12:12,9234,9234000,9235000,1.0,total_received
fd00::212:12:12:12,9244,9244000,9245000,1.0,total_received
fd00::212:12:12:12,9252,9252000,9253000,1.0,total_received
fd00::212:12:12:12,9262,9262000,9263000,0.0,total_received
fd00::212:12:12:12,9277,9277000,9278000,2.0,total_received
fd00::212:12:12:12,9455,9455000,9456000,16.0,total_received
fd00::212:12:12:12,9463,9463000,9464000,1.0,total_received
fd00::212:12:12:12,9476,9476000,9477000,2.0,total_received
fd00::212:12:12:12,9484,9484000,9485000,1.0,total_received
fd00::212:12:12:12,9495,9495000,9496000,0.0,total_received
fd00::212:12:12:12,9506,9506000,9507000,1.0,total_received
fd00::212:12:12:12,9516,9516000,9517000,2.0,total_received
fd00::212:12:12:12,9526,9526000,9527000,1.0,total_received
fd00::212:12:12:12,9537,9537000,9538000,1.0,total_received
fd00::212:12:12:12,9552,9552000,9553000,1.0,total_received
fd00::212:12:12:12,9574,9574000,9575000,2.0,total_received
fd00::212:12:12:12,9617,9617000,9618000,1.0,total_received
fd00::212:12:12:12,9624,9624000,9625000,1.0,total_received
fd00::212:12:12:12,9643,9643000,9644000,0.0,total_received
fd00::212:12:12:12,9644,9644000,9645000,1.0,total_received
fd00::212:12:12:12,9653,9653000,9654000,1.0,total_received
fd00::212:12:12:12,9664,9664000,9665000,1.0,total_received
fd00::212:12:12:12,9674,9674000,9675000,1.0,total_received
fd00::212:12:12:12,9684,9684000,9685000,0.0,total_received
fd00::212:12:12:12,9695,9695000,9696000,1.0,total_received
fd00::212:12:12:12,9706,9706000,9707000,1.0,total_received
fd00::212:12:12:12,9717,9717000,9718000,2.0,total_received
fd00::212:12:12:12,9727,9727000,9728000,1.0,total_received
fd00::212:12:12:12,9737,9737000,9738000,2.0,total_received
fd00::212:12:12:12,9749,9749000,9750000,1.0,total_received
fd00::212:12:12:12,10248,10248000,10249000,36.0,total_received
fd00::212:12:12:12,10254,10254000,10255000,1.0,total_received
fd00::212:12:12:12,10265,10265000,10266000,1.0,total_received
fd00::212:12:12:12,10275,10275000,10276000,1.0,total_received
fd00::212:12:12:12,10286,10286000,10287000,1.0,total_received
fd00::212:12:12:12,10296,10296000,10297000,1.0,total_received
fd00::212:12:12:12,10307,10307000,10308000,1.0,total_received
fd00::212:12:12:12,10318,10318000,10319000,1.0,total_received
fd00::212:12:12:12,10328,10328000,10329000,1.0,total_received
fd00::212:12:12:12,10343,10343000,10344000,1.0,total_received
fd00::212:12:12:12,10718,10718000,10719000,17.0,total_received
fd00::212:12:12:12,11467,11467000,11468000,65.0,total_received
fd00::212:12:12:12,11483,11483000,11484000,1.0,total_received
fd00::212:12:12:12,11488,11488000,11489000,1.0,total_received
fd00::212:12:12:12,11499,11499000,11500000,1.0,total_received
fd00::212:12:12:12,11510,11510000,11511000,1.0,total_received
fd00::212:12:12:12,11784,11784000,11785000,15.0,total_received
fd00::212:12:12:12,11799,11799000,11800000,1.0,total_received
fd00::212:12:12:12,11805,11805000,11806000,1.0,total_received
fd00::212:12:12:12,11817,11817000,11818000,1.0,total_received
fd00::212:12:12:12,11829,11829000,11830000,1.0,total_received
fd00::212:12:12:12,11837,11837000,11838000,1.0,total_received
fd00::212:12:12:12,12672,12672000,12673000,64.0,total_received
fd00::212:12:12:12,12683,12683000,12684000,2.0,total_received
fd00::212:12:12:12,12694,12694000,12695000,1.0,total_received
fd00::212:12:12:12,12706,12706000,12707000,1.0,total_received
fd00::212:12:12:12,12714,12714000,12715000,1.0,total_received
fd00::212:12:12:12,12756,12756000,12757000,3.0,total_received
fd00::212:12:12:12,13033,13033000,13034000,22.0,total_received
fd00::212:12:12:12,13039,13039000,13040000,3.0,total_received
fd00::212:12:12:12,13325,13325000,13326000,27.0,total_received
fd00::212:12:12:12,13335,13335000,13336000,1.0,total_received
fd00::212:12:12:12,13349,13349000,13350000,1.0,total_received
fd00::212:12:12:12,13356,13356000,13357000,0.0,total_received
fd00::212:12:12:12,13367,13367000,13368000,0.0,total_received
fd00::212:12:12:12,13379,13379000,13380000,0.0,total_received
fd00::212:12:12:12,13388,13388000,13389000,0.0,total_received
fd00::212:12:12:12,13398,13398000,13399000,1.0,total_received
fd00::212:12:12:12,13422,13422000,13423000,2.0,total_received
fd00::212:12:12:12,13634,13634000,13635000,22.0,total_received
fd00::212:12:12:12,13969,13969000,13970000,32.0,total_received
fd00::212:12:12:12,13984,13984000,13985000,1.0,total_received
fd00::212:12:12:12,13992,13992000,13993000,1.0,total_received
fd00::212:12:12:12,14001,14001000,14002000,1.0,total_received
fd00::212:12:12:12,14379,14379000,14380000,33.0,total_received
fd00::212:12:12:12,14404,14404000,14405000,2.0,total_received
fd00::212:12:12:12,14634,14634000,14635000,23.0,total_received
fd00::212:12:12:12,14876,14876000,14877000,23.0,total_received
fd00::212:12:12:12,14886,14886000,14887000,1.0,total_received
fd00::212:12:12:12,14896,14896000,14897000,1.0,total_received
fd00::212:12:12:12,14907,14907000,14908000,1.0,total_received
fd00::212:12:12:12,15097,15097000,15098000,18.0,total_received
fd00::212:12:12:12,15108,15108000,15109000,1.0,total_received
fd00::212:12:12:12,15118,15118000,15119000,1.0,total_received
fd00::212:12:12:12,15130,15130000,15131000,1.0,total_received
fd00::212:12:12:12,15139,15139000,15140000,1.0,total_received
fd00::212:12:12:12,15149,15149000,15150000,1.0,total_received
fd00::212:12:12:12,15168,15168000,15169000,1.0,total_received
fd00::212:12:12:12,15199,15199000,15200000,1.0,total_received
fd00::212:12:12:12,15200,15200000,15201000,1.0,total_received
fd00::212:12:12:12,15265,15265000,15266000,7.0,total_received
fd00::212:12:12:12,15276,15276000,15277000,0.0,total_received
fd00::212:12:12:12,15287,15287000,15288000,1.0,total_received
fd00::212:12:12:12,15297,15297000,15298000,1.0,total_received
fd00::212:12:12:12,15308,15308000,15309000,1.0,total_received
fd00::212:12:12:12,15318,15318000,15319000,0.0,total_received
fd00::212:12:12:12,15331,15331000,15332000,1.0,total_received
fd00::212:12:12:12,15343,15343000,15344000,2.0,total_received
fd00::212:12:12:12,15351,15351000,15352000,1.0,total_received
fd00::212:12:12:12,15364,15364000,15365000,1.0,total_received
fd00::212:12:12:12,15372,15372000,15373000,0.0,total_received
fd00::212:12:12:12,15381,15381000,15382000,1.0,total_received
fd00::212:12:12:12,15392,15392000,15393000,1.0,total_received
fd00::212:12:12:12,15403,15403000,15404000,1.0,total_received
fd00::212:12:12:12,15417,15417000,15418000,1.0,total_received
fd00::212:12:12:12,15425,15425000,15426000,0.0,total_received
fd00::212:12:12:12,15435,15435000,15436000,1.0,total_received
fd00::212:12:12:12,15445,15445000,15446000,1.0,total_received
fd00::212:12:12:12,15725,15725000,15726000,28.0,total_received
fd00::212:12:12:12,15732,15732000,15733000,1.0,total_received
fd00::212:12:12:12,15742,15742000,15743000,0.0,total_received
fd00::212:12:12:12,15756,15756000,15757000,1.0,total_received
fd00::212:12:12:12,15762,15762000,15763000,1.0,total_received
fd00::212:12:12:12,15776,15776000,15777000,2.0,total_received
fd00::212:12:12:12,15785,15785000,15786000,3.0,total_received
fd00::212:12:12:12,15795,15795000,15796000,1.0,total_received
fd00::212:12:12:12,15808,15808000,15809000,1.0,total_received
fd00::212:12:12:12,16436,16436000,16437000,40.0,total_received
fd00::212:12:12:12,16447,16447000,16448000,1.0,total_received
fd00::212:12:12:12,16458,16458000,16459000,1.0,total_received
fd00::212:12:12:12,16468,16468000,16469000,1.0,total_received
fd00::212:12:12:12,16479,16479000,16480000,1.0,total_received
fd00::212:12:12:12,16490,16490000,16491000,1.0,total_received
fd00::212:12:12:12,16501,16501000,16502000,1.0,total_received
fd00::212:12:12:12,16510,16510000,16511000,1.0,total_received
fd00::212:12:12:12,16649,16649000,16650000,14.0,total_received
fd00::212:12:12:12,16658,16658000,16659000,1.0,total_received
fd00::212:12:12:12,16669,16669000,16670000,1.0,total_received
fd00::212:12:12:12,16679,16679000,16680000,1.0,total_received
fd00::212:12:12:12,16701,16701000,16702000,1.0,total_received
fd00::212:12:12:12,17264,17264000,17265000,47.0,total_received
fd00::212:12:12:12,17703,17703000,17704000,36.0,total_received
fd00::212:12:12:12,17767,17767000,17768000,7.0,total_received
fd00::212:12:12:12,18379,18379000,18380000,37.0,total_received
fd00::212:12:12:12,18388,18388000,18389000,1.0,total_received
fd00::212:12:12:12,18399,18399000,18400000,1.0,total_received
fd00::212:12:12:12,18409,18409000,18410000,1.0,total_received
fd00::212:12:12:12,18423,18423000,18424000,1.0,total_received
fd00::212:12:12:12,18433,18433000,18434000,1.0,total_received
fd00::212:12:12:12,18446,18446000,18447000,1.0,total_received
fd00::212:12:12:12,18456,18456000,18457000,2.0,total_received
fd00::212:12:12:12,18462,18462000,18463000,1.0,total_received
fd00::212:12:12:12,18473,18473000,18474000,1.0,total_received
fd00::212:12:12:12,18487,18487000,18488000,1.0,total_received
fd00::212:12:12:12,18494,18494000,18495000,1.0,total_received
fd00::212:12:12:12,18507,18507000,18508000,1.0,total_received
fd00::212:12:12:12,18515,18515000,18516000,1.0,total_received
fd00::212:12:12:12,18525,18525000,18526000,1.0,total_received
fd00::212:12:12:12,18536,18536000,18537000,1.0,total_received
fd00::212:12:12:12,18546,18546000,18547000,1.0,total_received
fd00::212:12:12:12,18926,18926000,18927000,14.0,total_received
fd00::212:12:12:12,18937,18937000,18938000,1.0,total_received
fd00::212:12:12:12,18948,18948000,18949000,1.0,total_received
fd00::212:12:12:12,18958,18958000,18959000,1.0,total_received
fd00::212:12:12:12,18969,18969000,18970000,1.0,total_received
fd00::212:12:12:12,18979,18979000,18980000,1.0,total_received
fd00::212:12:12:12,18989,18989000,18990000,1.0,total_received
fd00::212:12:12:12,19004,19004000,19005000,1.0,total_received
fd00::212:12:12:12,19011,19011000,19012000,1.0,total_received
fd00::212:12:12:12,19028,19028000,19029000,1.0,total_received
fd00::212:12:12:12,19037,19037000,19038000,0.0,total_received
fd00::212:12:12:12,19047,19047000,19048000,0.0,total_received
fd00::212:12:12:12,19055,19055000,19056000,1.0,total_received
fd00::212:12:12:12,19085,19085000,19086000,1.0,total_received
fd00::212:12:12:12,19243,19243000,19244000,19.0,total_received
fd00::212:12:12:12,19253,19253000,19254000,1.0,total_received
fd00::212:12:12:12,19264,19264000,19265000,1.0,total_received
fd00::212:12:12:12,19281,19281000,19282000,1.0,total_received
fd00::212:12:12:12,19308,19308000,19309000,2.0,total_received
fd00::212:12:12:12,19507,19507000,19508000,20.0,total_received
fd00::212:12:12:12,19517,19517000,19518000,1.0,total_received
fd00::212:12:12:12,19528,19528000,19529000,0.0,total_received
fd00::212:12:12:12,19540,19540000,19541000,2.0,total_received
fd00::212:12:12:12,19549,19549000,19550000,1.0,total_received
fd00::212:12:12:12,19559,19559000,19560000,1.0,total_received
fd00::212:12:12:12,19573,19573000,19574000,1.0,total_received
fd00::212:12:12:12,19582,19582000,19583000,1.0,total_received
fd00::212:12:12:12,19594,19594000,19595000,1.0,total_received
fd00::212:12:12:12,19604,19604000,19605000,1.0,total_received
fd00::212:12:12:12,19612,19612000,19613000,0.0,total_received
fd00::212:12:12:12,19624,19624000,19625000,0.0,total_received
fd00::212:12:12:12,19634,19634000,19635000,2.0,total_received
fd00::212:12:12:12,19644,19644000,19645000,0.0,total_received
fd00::212:12:12:12,19656,19656000,19657000,0.0,total_received
fd00::212:12:12:12,19665,19665000,19666000,1.0,total_received
fd00::212:12:12:12,19683,19683000,19684000,0.0,total_received
fd00::212:12:12:12,19686,19686000,19687000,0.0,total_received
fd00::212:12:12:12,19698,19698000,19699000,1.0,total_received
fd00::212:12:12:12,19707,19707000,19708000,1.0,total_received
fd00::212:12:12:12,19717,19717000,19718000,1.0,total_received
fd00::212:12:12:12,19732,19732000,19733000,1.0,total_received
fd00::212:12:12:12,19739,19739000,19740000,0.0,total_received
fd00::212:12:12:12,20097,20097000,20098000,40.0,total_received
fd00::212:12:12:12,20111,20111000,20112000,1.0,total_received
fd00::212:12:12:12,20119,20119000,20120000,0.0,total_received
fd00::212:12:12:12,20129,20129000,20130000,1.0,total_received
fd00::212:12:12:12,20139,20139000,20140000,1.0,total_received
fd00::212:12:12:12,20151,20151000,20152000,1.0,total_received
fd00::212:12:12:12,20166,20166000,20167000,1.0,total_received
fd00::212:12:12:12,20172,20172000,20173000,1.0,total_received
fd00::212:12:12:12,20183,20183000,20184000,1.0,total_received
fd00::212:12:12:12,20192,20192000,20193000,0.0,total_received
fd00::212:12:12:12,20203,20203000,20204000,1.0,total_received
fd00::212:12:12:12,20213,20213000,20214000,1.0,total_received
fd00::212:12:12:12,20224,20224000,20225000,0.0,total_received
fd00::212:12:12:12,20235,20235000,20236000,1.0,total_received
fd00::212:12:12:12,20245,20245000,20246000,1.0,total_received
fd00::212:12:12:12,20259,20259000,20260000,1.0,total_received
fd00::212:12:12:12,20269,20269000,20270000,0.0,total_received
fd00::212:12:12:12,20277,20277000,20278000,1.0,total_received
fd00::212:12:12:12,20289,20289000,20290000,1.0,total_received
fd00::213:13:13:13,9585,9585000,9586000,0.0,total_received
fd00::213:13:13:13,9603,9603000,9604000,0.0,total_received
fd00::213:13:13:13,9623,9623000,9624000,0.0,total_received
fd00::213:13:13:13,9643,9643000,9644000,0.0,total_received
fd00::214:14:14:14,136,136000,137000,0.0,total_received
fd00::214:14:14:14,2220,2220000,2221000,28.0,total_received
fd00::214:14:14:14,2227,2227000,2228000,0.0,total_received
fd00::214:14:14:14,2244,2244000,2245000,1.0,total_received
fd00::214:14:14:14,11406,11406000,11407000,26.0,total_received
fd00::214:14:14:14,11438,11438000,11439000,0.0,total_received
fd00::214:14:14:14,16013,16013000,16014000,92.0,total_received
fd00::214:14:14:14,16026,16026000,16027000,0.0,total_received
fd00::214:14:14:14,16046,16046000,16047000,1.0,total_received
fd00::214:14:14:14,16059,16059000,16060000,1.0,total_received
fd00::214:14:14:14,16092,16092000,16093000,2.0,total_received
fd00::214:14:14:14,16098,16098000,16099000,1.0,total_received
fd00::214:14:14:14,16107,16107000,16108000,0.0,total_received
fd00::214:14:14:14,17664,17664000,17665000,39.0,total_received
fd00::215:15:15:15,21,21000,22000,0.0,total_received
fd00::215:15:15:15,34,34000,35000,1.0,total_received
fd00::215:15:15:15,41,41000,42000,1.0,total_received
fd00::215:15:15:15,54,54000,55000,0.0,total_received
fd00::215:15:15:15,61,61000,62000,1.0,total_received
fd00::215:15:15:15,284,284000,285000,16.0,total_received
fd00::215:15:15:15,292,292000,293000,1.0,total_received
fd00::215:15:15:15,426,426000,427000,10.0,total_received
fd00::215:15:15:15,427,427000,428000,0.0,total_received
fd00::215:15:15:15,501,501000,502000,6.0,total_received
fd00::215:15:15:15,518,518000,519000,1.0,total_received
fd00::215:15:15:15,525,525000,526000,2.0,total_received
fd00::215:15:15:15,802,802000,803000,21.0,total_received
fd00::215:15:15:15,814,814000,815000,0.0,total_received
fd00::215:15:15:15,822,822000,823000,2.0,total_received
fd00::215:15:15:15,834,834000,835000,1.0,total_received
fd00::215:15:15:15,841,841000,842000,0.0,total_received
fd00::215:15:15:15,853,853000,854000,2.0,total_received
fd00::215:15:15:15,864,864000,865000,1.0,total_received
fd00::215:15:15:15,876,876000,877000,1.0,total_received
fd00::215:15:15:15,884,884000,885000,1.0,total_received
fd00::215:15:15:15,895,895000,896000,1.0,total_received
fd00::215:15:15:15,901,901000,902000,0.0,total_received
fd00::215:15:15:15,910,910000,911000,1.0,total_received
fd00::215:15:15:15,929,929000,930000,2.0,total_received
fd00::215:15:15:15,942,942000,943000,1.0,total_received
fd00::215:15:15:15,948,948000,949000,0.0,total_received
fd00::215:15:15:15,1000,1000000,1001000,6.0,total_received
fd00::215:15:15:15,1011,1011000,1012000,1.0,total_received
fd00::215:15:15:15,1021,1021000,1022000,2.0,total_received
fd00::215:15:15:15,1031,1031000,1032000,0.0,total_received
fd00::215:15:15:15,1046,1046000,1047000,2.0,total_received
fd00::215:15:15:15,1052,1052000,1053000,0.0,total_received
fd00::215:15:15:15,1060,1060000,1061000,1.0,total_received
fd00::215:15:15:15,1071,1071000,1072000,2.0,total_received
fd00::215:15:15:15,1082,1082000,1083000,0.0,total_received
fd00::215:15:15:15,1092,1092000,1093000,2.0,total_received
fd00::215:15:15:15,1413,1413000,1414000,25.0,total_received
fd00::215:15:15:15,1422,1422000,1423000,1.0,total_received
fd00::215:15:15:15,1435,1435000,1436000,1.0,total_received
fd00::215:15:15:15,1441,1441000,1442000,1.0,total_received
fd00::215:15:15:15,1456,1456000,1457000,1.0,total_received
fd00::215:15:15:15,1465,1465000,1466000,1.0,total_received
fd00::215:15:15:15,1494,1494000,1495000,1.0,total_received
fd00::215:15:15:15,1762,1762000,1763000,26.0,total_received
fd00::215:15:15:15,1771,1771000,1772000,0.0,total_received
fd00::215:15:15:15,1783,1783000,1784000,2.0,total_received
fd00::215:15:15:15,1795,1795000,1796000,1.0,total_received
fd00::215:15:15:15,2613,2613000,2614000,45.0,total_received
fd00::215:15:15:15,3331,3331000,3332000,57.0,total_received
fd00::215:15:15:15,3342,3342000,3343000,1.0,total_received
fd00::215:15:15:15,3351,3351000,3352000,1.0,total_received
fd00::215:15:15:15,3364,3364000,3365000,1.0,total_received
fd00::215:15:15:15,3372,3372000,3373000,1.0,total_received
fd00::215:15:15:15,3392,3392000,3393000,1.0,total_received
fd00::215:15:15:15,3564,3564000,3565000,17.0,total_received
fd00::215:15:15:15,3577,3577000,3578000,1.0,total_received
fd00::215:15:15:15,3772,3772000,3773000,16.0,total_received
fd00::215:15:15:15,3785,3785000,3786000,2.0,total_received
fd00::215:15:15:15,3792,3792000,3793000,0.0,total_received
fd00::215:15:15:15,3801,3801000,3802000,2.0,total_received
fd00::215:15:15:15,3811,3811000,3812000,0.0,total_received
fd00::215:15:15:15,3821,3821000,3822000,2.0,total_received
fd00::215:15:15:15,4316,4316000,4317000,40.0,total_received
fd00::215:15:15:15,4322,4322000,4323000,0.0,total_received
fd00::215:15:15:15,4331,4331000,4332000,1.0,total_received
fd00::215:15:15:15,4348,4348000,4349000,1.0,total_received
fd00::215:15:15:15,4575,4575000,4576000,19.0,total_received
fd00::215:15:15:15,4584,4584000,4585000,1.0,total_received
fd00::215:15:15:15,4594,4594000,4595000,1.0,total_received
fd00::215:15:15:15,4604,4604000,4605000,1.0,total_received
fd00::215:15:15:15,4617,4617000,4618000,1.0,total_received
fd00::215:15:15:15,4633,4633000,4634000,2.0,total_received
fd00::215:15:15:15,4641,4641000,4642000,1.0,total_received
fd00::215:15:15:15,4655,4655000,4656000,1.0,total_received
fd00::215:15:15:15,4822,4822000,4823000,16.0,total_received
fd00::215:15:15:15,4832,4832000,4833000,1.0,total_received
fd00::215:15:15:15,4842,4842000,4843000,1.0,total_received
fd00::215:15:15:15,4852,4852000,4853000,1.0,total_received
fd00::215:15:15:15,4869,4869000,4870000,1.0,total_received
fd00::215:15:15:15,5012,5012000,5013000,14.0,total_received
fd00::215:15:15:15,5027,5027000,5028000,1.0,total_received
fd00::215:15:15:15,5032,5032000,5033000,1.0,total_received
fd00::215:15:15:15,5057,5057000,5058000,1.0,total_received
fd00::215:15:15:15,5722,5722000,5723000,55.0,total_received
fd00::215:15:15:15,6082,6082000,6083000,30.0,total_received
fd00::215:15:15:15,6234,6234000,6235000,13.0,total_received
fd00::215:15:15:15,6248,6248000,6249000,1.0,total_received
fd00::215:15:15:15,6569,6569000,6570000,17.0,total_received
fd00::215:15:15:15,6574,6574000,6575000,2.0,total_received
fd00::215:15:15:15,6582,6582000,6583000,0.0,total_received
fd00::215:15:15:15,6593,6593000,6594000,2.0,total_received
fd00::215:15:15:15,6602,6602000,6603000,0.0,total_received
fd00::215:15:15:15,6814,6814000,6815000,17.0,total_received
fd00::215:15:15:15,6825,6825000,6826000,2.0,total_received
fd00::215:15:15:15,6837,6837000,6838000,1.0,total_received
fd00::215:15:15:15,6846,6846000,6847000,1.0,total_received
fd00::215:15:15:15,6852,6852000,6853000,1.0,total_received
fd00::215:15:15:15,6862,6862000,6863000,1.0,total_received
fd00::215:15:15:15,6872,6872000,6873000,0.0,total_received
fd00::215:15:15:15,6888,6888000,6889000,2.0,total_received
fd00::215:15:15:15,7032,7032000,7033000,11.0,total_received
fd00::215:15:15:15,7042,7042000,7043000,1.0,total_received
fd00::215:15:15:15,7053,7053000,7054000,1.0,total_received
fd00::215:15:15:15,7066,7066000,7067000,1.0,total_received
fd00::215:15:15:15,7078,7078000,7079000,2.0,total_received
fd00::215:15:15:15,7087,7087000,7088000,1.0,total_received
fd00::215:15:15:15,7403,7403000,7404000,29.0,total_received
fd00::215:15:15:15,7413,7413000,7414000,1.0,total_received
fd00::215:15:15:15,7424,7424000,7425000,1.0,total_received
fd00::215:15:15:15,7436,7436000,7437000,1.0,total_received
fd00::215:15:15:15,7462,7462000,7463000,1.0,total_received
fd00::215:15:15:15,7472,7472000,7473000,2.0,total_received
fd00::215:15:15:15,7483,7483000,7484000,2.0,total_received
fd00::215:15:15:15,7497,7497000,7498000,1.0,total_received
fd00::215:15:15:15,7503,7503000,7504000,0.0,total_received
fd00::215:15:15:15,7513,7513000,7514000,2.0,total_received
fd00::215:15:15:15,7524,7524000,7525000,0.0,total_received
fd00::215:15:15:15,7533,7533000,7534000,1.0,total_received
fd00::215:15:15:15,7542,7542000,7543000,1.0,total_received
fd00::215:15:15:15,7560,7560000,7561000,0.0,total_received
fd00::215:15:15:15,7572,7572000,7573000,2.0,total_received
fd00::215:15:15:15,7583,7583000,7584000,1.0,total_received
fd00::215:15:15:15,7592,7592000,7593000,0.0,total_received
fd00::215:15:15:15,7602,7602000,7603000,1.0,total_received
fd00::215:15:15:15,7614,7614000,7615000,1.0,total_received
fd00::215:15:15:15,7623,7623000,7624000,2.0,total_received
fd00::215:15:15:15,7634,7634000,7635000,1.0,total_received
fd00::215:15:15:15,7646,7646000,7647000,1.0,total_received
fd00::215:15:15:15,7653,7653000,7654000,1.0,total_received
fd00::215:15:15:15,7664,7664000,7665000,0.0,total_received
fd00::215:15:15:15,9107,9107000,9108000,143.0,total_received
fd00::215:15:15:15,9114,9114000,9115000,1.0,total_received
fd00::215:15:15:15,9124,9124000,9125000,1.0,total_received
fd00::215:15:15:15,9133,9133000,9134000,1.0,total_received
fd00::215:15:15:15,9144,9144000,9145000,0.0,total_received
fd00::215:15:15:15,9153,9153000,9154000,0.0,total_received
fd00::215:15:15:15,9165,9165000,9166000,2.0,total_received
fd00::215:15:15:15,9173,9173000,9174000,1.0,total_received
fd00::215:15:15:15,9183,9183000,9184000,1.0,total_received
fd00::215:15:15:15,9193,9193000,9194000,1.0,total_received
fd00::215:15:15:15,9206,9206000,9207000,1.0,total_received
fd00::215:15:15:15,9213,9213000,9214000,1.0,total_received
fd00::215:15:15:15,9227,9227000,9228000,1.0,total_received
fd00::215:15:15:15,9235,9235000,9236000,1.0,total_received
fd00::215:15:15:15,9243,9243000,9244000,1.0,total_received
fd00::215:15:15:15,9254,9254000,9255000,1.0,total_received
fd00::215:15:15:15,9269,9269000,9270000,1.0,total_received
fd00::215:15:15:15,9279,9279000,9280000,1.0,total_received
fd00::215:15:15:15,9287,9287000,9288000,1.0,total_received
fd00::215:15:15:15,9296,9296000,9297000,1.0,total_received
fd00::215:15:15:15,9307,9307000,9308000,1.0,total_received
fd00::215:15:15:15,9323,9323000,9324000,1.0,total_received
fd00::215:15:15:15,9334,9334000,9335000,2.0,total_received
fd00::215:15:15:15,9344,9344000,9345000,1.0,total_received
fd00::215:15:15:15,9353,9353000,9354000,0.0,total_received
fd00::215:15:15:15,9364,9364000,9365000,2.0,total_received
fd00::215:15:15:15,9373,9373000,9374000,1.0,total_received
fd00::215:15:15:15,9383,9383000,9384000,1.0,total_received
fd00::215:15:15:15,9394,9394000,9395000,0.0,total_received
fd00::215:15:15:15,9403,9403000,9404000,2.0,total_received
fd00::215:15:15:15,9414,9414000,9415000,1.0,total_received
fd00::215:15:15:15,9423,9423000,9424000,1.0,total_received
fd00::215:15:15:15,9436,9436000,9437000,1.0,total_received
fd00::215:15:15:15,9444,9444000,9445000,1.0,total_received
fd00::215:15:15:15,9454,9454000,9455000,1.0,total_received
fd00::215:15:15:15,9464,9464000,9465000,0.0,total_received
fd00::215:15:15:15,9473,9473000,9474000,2.0,total_received
fd00::215:15:15:15,9483,9483000,9484000,0.0,total_received
fd00::215:15:15:15,9497,9497000,9498000,1.0,total_received
fd00::215:15:15:15,9503,9503000,9504000,2.0,total_received
fd00::215:15:15:15,9513,9513000,9514000,0.0,total_received
fd00::215:15:15:15,9525,9525000,9526000,2.0,total_received
fd00::215:15:15:15,9533,9533000,9534000,1.0,total_received
fd00::215:15:15:15,9544,9544000,9545000,1.0,total_received
fd00::215:15:15:15,9553,9553000,9554000,0.0,total_received
fd00::215:15:15:15,9564,9564000,9565000,1.0,total_received
fd00::215:15:15:15,9576,9576000,9577000,1.0,total_received
fd00::215:15:15:15,9583,9583000,9584000,1.0,total_received
fd00::215:15:15:15,9594,9594000,9595000,1.0,total_received
fd00::215:15:15:15,9603,9603000,9604000,1.0,total_received
fd00::215:15:15:15,9613,9613000,9614000,1.0,total_received
fd00::215:15:15:15,9623,9623000,9624000,1.0,total_received
fd00::215:15:15:15,9634,9634000,9635000,1.0,total_received
fd00::215:15:15:15,9645,9645000,9646000,1.0,total_received
fd00::215:15:15:15,9653,9653000,9654000,1.0,total_received
fd00::215:15:15:15,9663,9663000,9664000,1.0,total_received
fd00::215:15:15:15,9673,9673000,9674000,1.0,total_received
fd00::215:15:15:15,9684,9684000,9685000,1.0,total_received
fd00::215:15:15:15,9696,9696000,9697000,1.0,total_received
fd00::215:15:15:15,9703,9703000,9704000,1.0,total_received
fd00::215:15:15:15,9713,9713000,9714000,0.0,total_received
fd00::215:15:15:15,9726,9726000,9727000,2.0,total_received
fd00::215:15:15:15,9733,9733000,9734000,1.0,total_received
fd00::215:15:15:15,9743,9743000,9744000,1.0,total_received
fd00::215:15:15:15,9754,9754000,9755000,1.0,total_received
fd00::215:15:15:15,9813,9813000,9814000,5.0,total_received
fd00::215:15:15:15,9824,9824000,9825000,0.0,total_received
fd00::215:15:15:15,9834,9834000,9835000,1.0,total_received
fd00::215:15:15:15,9843,9843000,9844000,2.0,total_received
fd00::215:15:15:15,9868,9868000,9869000,1.0,total_received
fd00::215:15:15:15,9882,9882000,9883000,2.0,total_received
fd00::215:15:15:15,10015,10015000,10016000,13.0,total_received
fd00::215:15:15:15,10023,10023000,10024000,1.0,total_received
fd00::215:15:15:15,10033,10033000,10034000,1.0,total_received
fd00::215:15:15:15,10043,10043000,10044000,1.0,total_received
fd00::215:15:15:15,10053,10053000,10054000,1.0,total_received
fd00::215:15:15:15,10063,10063000,10064000,1.0,total_received
fd00::215:15:15:15,10073,10073000,10074000,1.0,total_received
fd00::215:15:15:15,10083,10083000,10084000,0.0,total_received
fd00::215:15:15:15,10093,10093000,10094000,1.0,total_received
fd00::215:15:15:15,10116,10116000,10117000,1.0,total_received
fd00::215:15:15:15,10366,10366000,10367000,14.0,total_received
fd00::215:15:15:15,10379,10379000,10380000,2.0,total_received
fd00::215:15:15:15,10535,10535000,10536000,15.0,total_received
fd00::215:15:15:15,10543,10543000,10544000,1.0,total_received
fd00::215:15:15:15,11316,11316000,11317000,60.0,total_received
fd00::215:15:15:15,11337,11337000,11338000,3.0,total_received
fd00::215:15:15:15,11346,11346000,11347000,0.0,total_received
fd00::215:15:15:15,11355,11355000,11356000,0.0,total_received
fd00::215:15:15:15,11364,11364000,11365000,1.0,total_received
fd00::215:15:15:15,11375,11375000,11376000,0.0,total_received
fd00::215:15:15:15,11387,11387000,11388000,3.0,total_received
fd00::215:15:15:15,11574,11574000,11575000,9.0,total_received
fd00::215:15:15:15,11584,11584000,11585000,2.0,total_received
fd00::215:15:15:15,11654,11654000,11655000,10.0,total_received
fd00::215:15:15:15,11669,11669000,11670000,1.0,total_received
fd00::215:15:15:15,11690,11690000,11691000,0.0,total_received
fd00::215:15:15:15,12181,12181000,12182000,23.0,total_received
fd00::215:15:15:15,12196,12196000,12197000,1.0,total_received
fd00::215:15:15:15,12704,12704000,12705000,40.0,total_received
fd00::215:15:15:15,12714,12714000,12715000,1.0,total_received
fd00::215:15:15:15,12727,12727000,12728000,1.0,total_received
fd00::215:15:15:15,13204,13204000,13205000,39.0,total_received
fd00::215:15:15:15,13344,13344000,13345000,12.0,total_received
fd00::215:15:15:15,13354,13354000,13355000,1.0,total_received
fd00::215:15:15:15,13365,13365000,13366000,0.0,total_received
fd00::215:15:15:15,13376,13376000,13377000,1.0,total_received
fd00::215:15:15:15,13386,13386000,13387000,0.0,total_received
fd00::215:15:15:15,13394,13394000,13395000,1.0,total_received
fd00::215:15:15:15,13598,13598000,13599000,14.0,total_received
fd00::215:15:15:15,13607,13607000,13608000,3.0,total_received
fd00::215:15:15:15,14245,14245000,14246000,34.0,total_received
fd00::215:15:15:15,14444,14444000,14445000,19.0,total_received
fd00::215:15:15:15,14794,14794000,14795000,31.0,total_received
fd00::215:15:15:15,14806,14806000,14807000,1.0,total_received
fd00::215:15:15:15,14815,14815000,14816000,1.0,total_received
fd00::215:15:15:15,14825,14825000,14826000,1.0,total_received
fd00::215:15:15:15,14835,14835000,14836000,1.0,total_received
fd00::215:15:15:15,14844,14844000,14845000,1.0,total_received
fd00::215:15:15:15,14855,14855000,14856000,1.0,total_received
fd00::215:15:15:15,15125,15125000,15126000,15.0,total_received
fd00::215:15:15:15,15137,15137000,15138000,0.0,total_received
fd00::215:15:15:15,15177,15177000,15178000,3.0,total_received
fd00::215:15:15:15,15515,15515000,15516000,18.0,total_received
fd00::215:15:15:15,15525,15525000,15526000,2.0,total_received
fd00::215:15:15:15,15536,15536000,15537000,1.0,total_received
fd00::215:15:15:15,15545,15545000,15546000,1.0,total_received
fd00::215:15:15:15,15558,15558000,15559000,1.0,total_received
fd00::215:15:15:15,16032,16032000,16033000,39.0,total_received
fd00::215:15:15:15,16035,16035000,16036000,0.0,total_received
fd00::215:15:15:15,16048,16048000,16049000,2.0,total_received
fd00::215:15:15:15,16059,16059000,16060000,1.0,total_received
fd00::215:15:15:15,16065,16065000,16066000,0.0,total_received
fd00::215:15:15:15,16075,16075000,16076000,1.0,total_received
fd00::215:15:15:15,16095,16095000,16096000,2.0,total_received
fd00::215:15:15:15,16425,16425000,16426000,12.0,total_received
fd00::215:15:15:15,16435,16435000,16436000,1.0,total_received
fd00::215:15:15:15,16445,16445000,16446000,1.0,total_received
fd00::215:15:15:15,16456,16456000,16457000,1.0,total_received
fd00::215:15:15:15,16465,16465000,16466000,0.0,total_received
fd00::215:15:15:15,16476,16476000,16477000,2.0,total_received
fd00::215:15:15:15,16494,16494000,16495000,1.0,total_received
fd00::215:15:15:15,16499,16499000,16500000,1.0,total_received
fd00::215:15:15:15,16522,16522000,16523000,0.0,total_received
fd00::215:15:15:15,16538,16538000,16539000,0.0,total_received
fd00::215:15:15:15,16816,16816000,16817000,26.0,total_received
fd00::215:15:15:15,17085,17085000,17086000,22.0,total_received
fd00::215:15:15:15,17095,17095000,17096000,1.0,total_received
fd00::215:15:15:15,17105,17105000,17106000,1.0,total_received
fd00::215:15:15:15,17115,17115000,17116000,1.0,total_received
fd00::215:15:15:15,17127,17127000,17128000,1.0,total_received
fd00::215:15:15:15,17346,17346000,17347000,16.0,total_received
fd00::215:15:15:15,17355,17355000,17356000,1.0,total_received
fd00::215:15:15:15,17366,17366000,17367000,1.0,total_received
fd00::215:15:15:15,17375,17375000,17376000,1.0,total_received
fd00::215:15:15:15,17385,17385000,17386000,1.0,total_received
fd00::215:15:15:15,17395,17395000,17396000,1.0,total_received
fd00::215:15:15:15,17406,17406000,17407000,1.0,total_received
fd00::215:15:15:15,17417,17417000,17418000,1.0,total_received
fd00::215:15:15:15,17428,17428000,17429000,1.0,total_received
fd00::215:15:15:15,17437,17437000,17438000,0.0,total_received
fd00::215:15:15:15,18145,18145000,18146000,43.0,total_received
fd00::215:15:15:15,18158,18158000,18159000,0.0,total_received
fd00::215:15:15:15,18169,18169000,18170000,2.0,total_received
fd00::215:15:15:15,18188,18188000,18189000,1.0,total_received
fd00::215:15:15:15,18367,18367000,18368000,21.0,total_received
fd00::215:15:15:15,18379,18379000,18380000,1.0,total_received
fd00::215:15:15:15,18938,18938000,18939000,44.0,total_received
fd00::215:15:15:15,18947,18947000,18948000,2.0,total_received
fd00::215:15:15:15,18956,18956000,18957000,1.0,total_received
fd00::215:15:15:15,18967,18967000,18968000,1.0,total_received
fd00::215:15:15:15,18978,18978000,18979000,0.0,total_received
fd00::215:15:15:15,18986,18986000,18987000,1.0,total_received
fd00::215:15:15:15,18996,18996000,18997000,2.0,total_received
fd00::215:15:15:15,19006,19006000,19007000,0.0,total_received
fd00::215:15:15:15,19017,19017000,19018000,1.0,total_received
fd00::215:15:15:15,19029,19029000,19030000,1.0,total_received
fd00::215:15:15:15,19038,19038000,19039000,1.0,total_received
fd00::215:15:15:15,19055,19055000,19056000,0.0,total_received
fd00::215:15:15:15,19246,19246000,19247000,17.0,total_received
fd00::215:15:15:15,19256,19256000,19257000,1.0,total_received
fd00::215:15:15:15,19286,19286000,19287000,3.0,total_received
fd00::215:15:15:15,19293,19293000,19294000,0.0,total_received
fd00::215:15:15:15,19301,19301000,19302000,2.0,total_received
fd00::215:15:15:15,19309,19309000,19310000,1.0,total_received
fd00::215:15:15:15,19316,19316000,19317000,0.0,total_received
fd00::215:15:15:15,19326,19326000,19327000,2.0,total_received
fd00::215:15:15:15,19336,19336000,19337000,1.0,total_received
fd00::215:15:15:15,19346,19346000,19347000,1.0,total_received
fd00::215:15:15:15,19356,19356000,19357000,1.0,total_received
fd00::215:15:15:15,19366,19366000,19367000,1.0,total_received
fd00::215:15:15:15,19376,19376000,19377000,1.0,total_received
fd00::215:15:15:15,19386,19386000,19387000,1.0,total_received
fd00::215:15:15:15,19402,19402000,19403000,1.0,total_received
fd00::215:15:15:15,19956,19956000,19957000,38.0,total_received
fd00::215:15:15:15,20206,20206000,20207000,24.0,total_received
fd00::215:15:15:15,20216,20216000,20217000,2.0,total_received
fd00::215:15:15:15,20226,20226000,20227000,1.0,total_received
fd00::215:15:15:15,20238,20238000,20239000,2.0,total_received
fd00::215:15:15:15,20246,20246000,20247000,0.0,total_received
fd00::215:15:15:15,20569,20569000,20570000,29.0,total_received
fd00::215:15:15:15,20592,20592000,20593000,0.0,total_received
fd00::215:15:15:15,20616,20616000,20617000,3.0,total_received
fd00::215:15:15:15,20627,20627000,20628000,1.0,total_received
fd00::215:15:15:15,20636,20636000,20637000,0.0,total_received
fd00::215:15:15:15,20647,20647000,20648000,0.0,total_received
fd00::215:15:15:15,20658,20658000,20659000,2.0,total_received
fd00::215:15:15:15,20667,20667000,20668000,1.0,total_received
fd00::215:15:15:15,20677,20677000,20678000,0.0,total_received
fd00::215:15:15:15,20689,20689000,20690000,1.0,total_received
fd00::215:15:15:15,20696,20696000,20697000,1.0,total_received
fd00::215:15:15:15,20706,20706000,20707000,0.0,total_received
fd00::215:15:15:15,20716,20716000,20717000,0.0,total_received
fd00::215:15:15:15,21047,21047000,21048000,31.0,total_received
fd00::215:15:15:15,21057,21057000,21058000,0.0,total_received
fd00::215:15:15:15,21067,21067000,21068000,0.0,total_received
fd00::215:15:15:15,21081,21081000,21082000,0.0,total_received
fd00::215:15:15:15,21086,21086000,21087000,1.0,total_received
fd00::215:15:15:15,21096,21096000,21097000,0.0,total_received
fd00::215:15:15:15,21107,21107000,21108000,2.0,total_received
fd00::215:15:15:15,21116,21116000,21117000,1.0,total_received
fd00::215:15:15:15,21126,21126000,21127000,1.0,total_received
fd00::215:15:15:15,21360,21360000,21361000,22.0,total_received
fd00::215:15:15:15,21368,21368000,21369000,0.0,total_received
fd00::215:15:15:15,21377,21377000,21378000,1.0,total_received
fd00::215:15:15:15,21389,21389000,21390000,1.0,total_received
fd00::215:15:15:15,21397,21397000,21398000,2.0,total_received
fd00::215:15:15:15,21411,21411000,21412000,2.0,total_received
fd00::215:15:15:15,21417,21417000,21418000,1.0,total_received
fd00::216:16:16:16,13199,13199000,13200000,0.0,total_received
fd00::217:17:17:17,11,11000,12000,0.0,total_received
fd00::217:17:17:17,22,22000,23000,1.0,total_received
fd00::217:17:17:17,33,33000,34000,1.0,total_received
fd00::217:17:17:17,45,45000,46000,1.0,total_received
fd00::217:17:17:17,57,57000,58000,1.0,total_received
fd00::217:17:17:17,71,71000,72000,1.0,total_received
fd00::217:17:17:17,389,389000,390000,31.0,total_received
fd00::217:17:17:17,401,401000,402000,1.0,total_received
fd00::217:17:17:17,427,427000,428000,1.0,total_received
fd00::217:17:17:17,428,428000,429000,1.0,total_received
fd00::217:17:17:17,438,438000,439000,0.0,total_received
fd00::217:17:17:17,443,443000,444000,1.0,total_received
fd00::217:17:17:17,453,453000,454000,1.0,total_received
fd00::217:17:17:17,825,825000,826000,37.0,total_received
fd00::217:17:17:17,835,835000,836000,1.0,total_received
fd00::217:17:17:17,843,843000,844000,1.0,total_received
fd00::217:17:17:17,856,856000,857000,1.0,total_received
fd00::217:17:17:17,865,865000,866000,1.0,total_received
fd00::217:17:17:17,874,874000,875000,1.0,total_received
fd00::217:17:17:17,886,886000,887000,1.0,total_received
fd00::217:17:17:17,896,896000,897000,1.0,total_received
fd00::217:17:17:17,907,907000,908000,1.0,total_received
fd00::217:17:17:17,918,918000,919000,1.0,total_received
fd00::217:17:17:17,938,938000,939000,1.0,total_received
fd00::217:17:17:17,953,953000,954000,1.0,total_received
fd00::217:17:17:17,977,977000,978000,1.0,total_received
fd00::217:17:17:17,1710,1710000,1711000,62.0,total_received
fd00::217:17:17:17,2191,2191000,2192000,41.0,total_received
fd00::217:17:17:17,2192,2192000,2193000,1.0,total_received
fd00::217:17:17:17,2203,2203000,2204000,1.0,total_received
fd00::217:17:17:17,2215,2215000,2216000,1.0,total_received
fd00::217:17:17:17,2224,2224000,2225000,1.0,total_received
fd00::217:17:17:17,2243,2243000,2244000,1.0,total_received
fd00::217:17:17:17,2497,2497000,2498000,22.0,total_received
fd00::217:17:17:17,2505,2505000,2506000,1.0,total_received
fd00::217:17:17:17,2519,2519000,2520000,2.0,total_received
fd00::217:17:17:17,2526,2526000,2527000,1.0,total_received
fd00::217:17:17:17,2979,2979000,2980000,20.0,total_received
fd00::217:17:17:17,2995,2995000,2996000,3.0,total_received
fd00::217:17:17:17,3005,3005000,3006000,2.0,total_received
fd00::217:17:17:17,3249,3249000,3250000,33.0,total_received
fd00::217:17:17:17,3263,3263000,3264000,2.0,total_received
fd00::217:17:17:17,3282,3282000,3283000,1.0,total_received
fd00::217:17:17:17,3468,3468000,3469000,18.0,total_received
fd00::217:17:17:17,3476,3476000,3477000,1.0,total_received
fd00::217:17:17:17,3487,3487000,3488000,1.0,total_received
fd00::217:17:17:17,3498,3498000,3499000,1.0,total_received
fd00::217:17:17:17,3508,3508000,3509000,1.0,total_received
fd00::217:17:17:17,3779,3779000,3780000,25.0,total_received
fd00::217:17:17:17,3789,3789000,3790000,1.0,total_received
fd00::217:17:17:17,3802,3802000,3803000,1.0,total_received
fd00::217:17:17:17,3811,3811000,3812000,0.0,total_received
fd00::217:17:17:17,3822,3822000,3823000,1.0,total_received
fd00::217:17:17:17,4353,4353000,4354000,50.0,total_received
fd00::217:17:17:17,4368,4368000,4369000,1.0,total_received
fd00::217:17:17:17,4369,4369000,4370000,0.0,total_received
fd00::217:17:17:17,4377,4377000,4378000,4.0,total_received
fd00::217:17:17:17,4782,4782000,4783000,27.0,total_received
fd00::217:17:17:17,4798,4798000,4799000,1.0,total_received
fd00::217:17:17:17,4987,4987000,4988000,19.0,total_received
fd00::217:17:17:17,4998,4998000,4999000,1.0,total_received
fd00::217:17:17:17,5011,5011000,5012000,1.0,total_received
fd00::217:17:17:17,5019,5019000,5020000,1.0,total_received
fd00::217:17:17:17,5031,5031000,5032000,2.0,total_received
fd00::217:17:17:17,5044,5044000,5045000,1.0,total_received
fd00::217:17:17:17,5052,5052000,5053000,1.0,total_received
fd00::217:17:17:17,5063,5063000,5064000,0.0,total_received
fd00::217:17:17:17,5073,5073000,5074000,0.0,total_received
fd00::217:17:17:17,5084,5084000,5085000,2.0,total_received
fd00::217:17:17:17,6099,6099000,6100000,76.0,total_received
fd00::217:17:17:17,6114,6114000,6115000,1.0,total_received
fd00::217:17:17:17,6123,6123000,6124000,2.0,total_received
fd00::217:17:17:17,6131,6131000,6132000,1.0,total_received
fd00::217:17:17:17,6150,6150000,6151000,1.0,total_received
fd00::217:17:17:17,6224,6224000,6225000,6.0,total_received
fd00::217:17:17:17,6235,6235000,6236000,1.0,total_received
fd00::217:17:17:17,6461,6461000,6462000,19.0,total_received
fd00::217:17:17:17,6726,6726000,6727000,16.0,total_received
fd00::217:17:17:17,6747,6747000,6748000,2.0,total_received
fd00::217:17:17:17,6758,6758000,6759000,7.0,total_received
fd00::217:17:17:17,7081,7081000,7082000,26.0,total_received
fd00::217:17:17:17,7097,7097000,7098000,2.0,total_received
fd00::217:17:17:17,7298,7298000,7299000,16.0,total_received
fd00::217:17:17:17,7426,7426000,7427000,13.0,total_received
fd00::217:17:17:17,7438,7438000,7439000,1.0,total_received
fd00::217:17:17:17,7457,7457000,7458000,1.0,total_received
fd00::217:17:17:17,7497,7497000,7498000,4.0,total_received
fd00::217:17:17:17,7503,7503000,7504000,2.0,total_received
fd00::217:17:17:17,7513,7513000,7514000,1.0,total_received
fd00::217:17:17:17,7529,7529000,7530000,1.0,total_received
fd00::217:17:17:17,7537,7537000,7538000,1.0,total_received
fd00::217:17:17:17,7546,7546000,7547000,1.0,total_received
fd00::217:17:17:17,7837,7837000,7838000,21.0,total_received
fd00::217:17:17:17,7847,7847000,7848000,2.0,total_received
fd00::217:17:17:17,7863,7863000,7864000,0.0,total_received
fd00::217:17:17:17,7869,7869000,7870000,1.0,total_received
fd00::217:17:17:17,7882,7882000,7883000,2.0,total_received
fd00::217:17:17:17,7894,7894000,7895000,0.0,total_received
fd00::217:17:17:17,7908,7908000,7909000,2.0,total_received
fd00::217:17:17:17,8054,8054000,8055000,15.0,total_received
fd00::217:17:17:17,8078,8078000,8079000,1.0,total_received
fd00::217:17:17:17,8279,8279000,8280000,16.0,total_received
fd00::217:17:17:17,8646,8646000,8647000,31.0,total_received
fd00::217:17:17:17,8657,8657000,8658000,1.0,total_received
fd00::217:17:17:17,8668,8668000,8669000,1.0,total_received
fd00::217:17:17:17,9046,9046000,9047000,32.0,total_received
fd00::217:17:17:17,9057,9057000,9058000,1.0,total_received
fd00::217:17:17:17,9069,9069000,9070000,1.0,total_received
fd00::217:17:17:17,9078,9078000,9079000,1.0,total_received
fd00::217:17:17:17,9218,9218000,9219000,14.0,total_received
fd00::217:17:17:17,9229,9229000,9230000,1.0,total_received
fd00::217:17:17:17,9244,9244000,9245000,2.0,total_received
fd00::217:17:17:17,9255,9255000,9256000,1.0,total_received
fd00::217:17:17:17,9267,9267000,9268000,1.0,total_received
fd00::217:17:17:17,9272,9272000,9273000,1.0,total_received
fd00::217:17:17:17,9285,9285000,9286000,1.0,total_received
fd00::217:17:17:17,9295,9295000,9296000,1.0,total_received
fd00::217:17:17:17,9306,9306000,9307000,1.0,total_received
fd00::217:17:17:17,9456,9456000,9457000,15.0,total_received
fd00::217:17:17:17,9467,9467000,9468000,1.0,total_received
fd00::217:17:17:17,9477,9477000,9478000,1.0,total_received
fd00::217:17:17:17,9488,9488000,9489000,1.0,total_received
fd00::217:17:17:17,9499,9499000,9500000,1.0,total_received
fd00::217:17:17:17,9512,9512000,9513000,2.0,total_received
fd00::217:17:17:17,9521,9521000,9522000,1.0,total_received
fd00::217:17:17:17,9533,9533000,9534000,1.0,total_received
fd00::217:17:17:17,9547,9547000,9548000,1.0,total_received
fd00::217:17:17:17,9553,9553000,9554000,1.0,total_received
fd00::217:17:17:17,9565,9565000,9566000,1.0,total_received
fd00::217:17:17:17,9575,9575000,9576000,1.0,total_received
fd00::217:17:17:17,9585,9585000,9586000,1.0,total_received
fd00::217:17:17:17,9597,9597000,9598000,1.0,total_received
fd00::217:17:17:17,9607,9607000,9608000,1.0,total_received
fd00::217:17:17:17,9985,9985000,9986000,32.0,total_received
fd00::217:17:17:17,10276,10276000,10277000,24.0,total_received
fd00::217:17:17:17,10287,10287000,10288000,1.0,total_received
fd00::217:17:17:17,10298,10298000,10299000,1.0,total_received
fd00::217:17:17:17,10477,10477000,10478000,16.0,total_received
fd00::217:17:17:17,10497,10497000,10498000,2.0,total_received
fd00::217:17:17:17,10719,10719000,10720000,19.0,total_received
fd00::217:17:17:17,11107,11107000,11108000,37.0,total_received
fd00::217:17:17:17,11118,11118000,11119000,1.0,total_received
fd00::217:17:17:17,11307,11307000,11308000,17.0,total_received
fd00::217:17:17:17,11319,11319000,11320000,1.0,total_received
fd00::217:17:17:17,11571,11571000,11572000,11.0,total_received
fd00::217:17:17:17,11582,11582000,11583000,2.0,total_received
fd00::217:17:17:17,11593,11593000,11594000,2.0,total_received
fd00::217:17:17:17,11608,11608000,11609000,3.0,total_received
fd00::217:17:17:17,11616,11616000,11617000,1.0,total_received
fd00::217:17:17:17,11625,11625000,11626000,1.0,total_received
fd00::217:17:17:17,11636,11636000,11637000,1.0,total_received
fd00::217:17:17:17,11647,11647000,11648000,1.0,total_received
fd00::217:17:17:17,11658,11658000,11659000,1.0,total_received
fd00::217:17:17:17,12089,12089000,12090000,35.0,total_received
fd00::217:17:17:17,12100,12100000,12101000,2.0,total_received
fd00::217:17:17:17,12111,12111000,12112000,1.0,total_received
fd00::217:17:17:17,12122,12122000,12123000,1.0,total_received
fd00::217:17:17:17,12133,12133000,12134000,1.0,total_received
fd00::217:17:17:17,12143,12143000,12144000,1.0,total_received
fd00::217:17:17:17,12154,12154000,12155000,1.0,total_received
fd00::217:17:17:17,12165,12165000,12166000,1.0,total_received
fd00::217:17:17:17,12176,12176000,12177000,1.0,total_received
fd00::217:17:17:17,12187,12187000,12188000,1.0,total_received
fd00::217:17:17:17,12199,12199000,12200000,1.0,total_received
fd00::217:17:17:17,12424,12424000,12425000,15.0,total_received
fd00::217:17:17:17,12436,12436000,12437000,1.0,total_received
fd00::217:17:17:17,12446,12446000,12447000,1.0,total_received
fd00::217:17:17:17,12456,12456000,12457000,1.0,total_received
fd00::217:17:17:17,12468,12468000,12469000,2.0,total_received
fd00::217:17:17:17,12478,12478000,12479000,1.0,total_received
fd00::217:17:17:17,12489,12489000,12490000,1.0,total_received
fd00::217:17:17:17,12526,12526000,12527000,3.0,total_received
fd00::217:17:17:17,12543,12543000,12544000,3.0,total_received
fd00::217:17:17:17,12877,12877000,12878000,15.0,total_received
fd00::217:17:17:17,12895,12895000,12896000,1.0,total_received
fd00::217:17:17:17,12899,12899000,12900000,1.0,total_received
fd00::217:17:17:17,12911,12911000,12912000,2.0,total_received
fd00::217:17:17:17,12923,12923000,12924000,1.0,total_received
fd00::217:17:17:17,12937,12937000,12938000,1.0,total_received
fd00::217:17:17:17,13172,13172000,13173000,19.0,total_received
fd00::217:17:17:17,13725,13725000,13726000,53.0,total_received
fd00::217:17:17:17,13737,13737000,13738000,2.0,total_received
fd00::217:17:17:17,14216,14216000,14217000,42.0,total_received
fd00::217:17:17:17,14227,14227000,14228000,1.0,total_received
fd00::217:17:17:17,14237,14237000,14238000,1.0,total_received
fd00::217:17:17:17,14249,14249000,14250000,1.0,total_received
fd00::217:17:17:17,14259,14259000,14260000,0.0,total_received
fd00::217:17:17:17,14293,14293000,14294000,2.0,total_received
fd00::217:17:17:17,14304,14304000,14305000,2.0,total_received
fd00::217:17:17:17,14367,14367000,14368000,8.0,total_received
fd00::217:17:17:17,14378,14378000,14379000,1.0,total_received
fd00::217:17:17:17,14574,14574000,14575000,18.0,total_received
fd00::217:17:17:17,14583,14583000,14584000,1.0,total_received
fd00::217:17:17:17,14594,14594000,14595000,1.0,total_received
fd00::217:17:17:17,14604,14604000,14605000,1.0,total_received
fd00::217:17:17:17,14616,14616000,14617000,1.0,total_received
fd00::217:17:17:17,14626,14626000,14627000,0.0,total_received
fd00::217:17:17:17,14665,14665000,14666000,1.0,total_received
fd00::217:17:17:17,15264,15264000,15265000,59.0,total_received
fd00::217:17:17:17,15274,15274000,15275000,1.0,total_received
fd00::217:17:17:17,15298,15298000,15299000,1.0,total_received
fd00::217:17:17:17,15794,15794000,15795000,39.0,total_received
fd00::217:17:17:17,15811,15811000,15812000,2.0,total_received
fd00::217:17:17:17,15975,15975000,15976000,20.0,total_received
fd00::217:17:17:17,15988,15988000,15989000,1.0,total_received
fd00::217:17:17:17,15997,15997000,15998000,1.0,total_received
fd00::217:17:17:17,16008,16008000,16009000,1.0,total_received
fd00::217:17:17:17,16019,16019000,16020000,1.0,total_received
fd00::217:17:17:17,16032,16032000,16033000,1.0,total_received
fd00::217:17:17:17,16041,16041000,16042000,1.0,total_received
fd00::217:17:17:17,16052,16052000,16053000,0.0,total_received
fd00::217:17:17:17,16062,16062000,16063000,2.0,total_received
fd00::217:17:17:17,16078,16078000,16079000,2.0,total_received
fd00::217:17:17:17,16088,16088000,16089000,1.0,total_received
fd00::217:17:17:17,16094,16094000,16095000,1.0,total_received
fd00::217:17:17:17,16106,16106000,16107000,1.0,total_received
fd00::217:17:17:17,16117,16117000,16118000,1.0,total_received
fd00::217:17:17:17,16126,16126000,16127000,1.0,total_received
fd00::217:17:17:17,16385,16385000,16386000,24.0,total_received
fd00::217:17:17:17,16396,16396000,16397000,1.0,total_received
fd00::217:17:17:17,16407,16407000,16408000,1.0,total_received
fd00::217:17:17:17,16418,16418000,16419000,1.0,total_received
fd00::217:17:17:17,16429,16429000,16430000,1.0,total_received
fd00::217:17:17:17,16444,16444000,16445000,1.0,total_received
fd00::217:17:17:17,16451,16451000,16452000,1.0,total_received
fd00::217:17:17:17,16461,16461000,16462000,2.0,total_received
fd00::217:17:17:17,16472,16472000,16473000,1.0,total_received
fd00::217:17:17:17,16486,16486000,16487000,1.0,total_received
fd00::217:17:17:17,17286,17286000,17287000,41.0,total_received
fd00::217:17:17:17,17294,17294000,17295000,1.0,total_received
fd00::217:17:17:17,17304,17304000,17305000,0.0,total_received
fd00::217:17:17:17,17427,17427000,17428000,13.0,total_received
fd00::217:17:17:17,17435,17435000,17436000,0.0,total_received
fd00::217:17:17:17,17596,17596000,17597000,16.0,total_received
fd00::217:17:17:17,17605,17605000,17606000,1.0,total_received
fd00::217:17:17:17,17616,17616000,17617000,1.0,total_received
fd00::217:17:17:17,17627,17627000,17628000,1.0,total_received
fd00::217:17:17:17,17645,17645000,17646000,1.0,total_received
fd00::217:17:17:17,17664,17664000,17665000,1.0,total_received
fd00::217:17:17:17,17972,17972000,17973000,32.0,total_received
fd00::217:17:17:17,17983,17983000,17984000,1.0,total_received
fd00::217:17:17:17,17994,17994000,17995000,1.0,total_received
fd00::217:17:17:17,18005,18005000,18006000,1.0,total_received
fd00::217:17:17:17,18016,18016000,18017000,1.0,total_received
fd00::217:17:17:17,18027,18027000,18028000,1.0,total_received
fd00::217:17:17:17,18037,18037000,18038000,1.0,total_received
fd00::217:17:17:17,18048,18048000,18049000,1.0,total_received
fd00::217:17:17:17,18058,18058000,18059000,1.0,total_received
fd00::217:17:17:17,18069,18069000,18070000,1.0,total_received
fd00::217:17:17:17,18080,18080000,18081000,2.0,total_received
fd00::217:17:17:17,18091,18091000,18092000,0.0,total_received
fd00::217:17:17:17,18106,18106000,18107000,2.0,total_received
fd00::217:17:17:17,18119,18119000,18120000,1.0,total_received
fd00::217:17:17:17,18189,18189000,18190000,5.0,total_received
fd00::217:17:17:17,18194,18194000,18195000,0.0,total_received
fd00::217:17:17:17,18199,18199000,18200000,0.0,total_received
fd00::217:17:17:17,18502,18502000,18503000,27.0,total_received
fd00::217:17:17:17,18514,18514000,18515000,1.0,total_received
fd00::217:17:17:17,18526,18526000,18527000,1.0,total_received
fd00::217:17:17:17,18534,18534000,18535000,1.0,total_received
fd00::217:17:17:17,18545,18545000,18546000,1.0,total_received
fd00::217:17:17:17,18555,18555000,18556000,1.0,total_received
fd00::217:17:17:17,18768,18768000,18769000,20.0,total_received
fd00::217:17:17:17,18922,18922000,18923000,16.0,total_received
fd00::217:17:17:17,18933,18933000,18934000,1.0,total_received
fd00::217:17:17:17,18946,18946000,18947000,1.0,total_received
fd00::217:17:17:17,19386,19386000,19387000,38.0,total_received
fd00::217:17:17:17,19397,19397000,19398000,1.0,total_received
fd00::217:17:17:17,19408,19408000,19409000,1.0,total_received
fd00::217:17:17:17,19418,19418000,19419000,1.0,total_received
fd00::217:17:17:17,19436,19436000,19437000,1.0,total_received
fd00::217:17:17:17,19441,19441000,19442000,2.0,total_received
fd00::217:17:17:17,19454,19454000,19455000,1.0,total_received
fd00::217:17:17:17,19462,19462000,19463000,1.0,total_received
fd00::217:17:17:17,19475,19475000,19476000,1.0,total_received
fd00::217:17:17:17,19486,19486000,19487000,1.0,total_received
fd00::217:17:17:17,19495,19495000,19496000,1.0,total_received
fd00::217:17:17:17,19509,19509000,19510000,1.0,total_received
fd00::217:17:17:17,19527,19527000,19528000,1.0,total_received
fd00::217:17:17:17,19819,19819000,19820000,21.0,total_received
fd00::217:17:17:17,19829,19829000,19830000,2.0,total_received
fd00::217:17:17:17,20077,20077000,20078000,21.0,total_received
fd00::217:17:17:17,20088,20088000,20089000,1.0,total_received
fd00::217:17:17:17,20102,20102000,20103000,1.0,total_received
fd00::217:17:17:17,20114,20114000,20115000,1.0,total_received
fd00::217:17:17:17,20139,20139000,20140000,2.0,total_received
fd00::217:17:17:17,20455,20455000,20456000,23.0,total_received
fd00::217:17:17:17,20466,20466000,20467000,1.0,total_received
fd00::217:17:17:17,20498,20498000,20499000,3.0,total_received
fd00::217:17:17:17,20512,20512000,20513000,1.0,total_received
fd00::217:17:17:17,20854,20854000,20855000,17.0,total_received
fd00::217:17:17:17,20865,20865000,20866000,1.0,total_received
fd00::217:17:17:17,20881,20881000,20882000,2.0,total_received
fd00::217:17:17:17,20887,20887000,20888000,1.0,total_received
fd00::217:17:17:17,20899,20899000,20900000,2.0,total_received
fd00::217:17:17:17,20908,20908000,20909000,1.0,total_received
fd00::217:17:17:17,20919,20919000,20920000,1.0,total_received
fd00::217:17:17:17,20931,20931000,20932000,3.0,total_received
fd00::217:17:17:17,20948,20948000,20949000,3.0,total_received
fd00::217:17:17:17,20954,20954000,20955000,2.0,total_received
fd00::217:17:17:17,20962,20962000,20963000,2.0,total_received
fd00::217:17:17:17,20974,20974000,20975000,1.0,total_received
fd00::217:17:17:17,20984,20984000,20985000,1.0,total_received
fd00::217:17:17:17,21008,21008000,21009000,1.0,total_received
fd00::217:17:17:17,21243,21243000,21244000,24.0,total_received
fd00::217:17:17:17,21253,21253000,21254000,1.0,total_received
fd00::217:17:17:17,21265,21265000,21266000,0.0,total_received
fd00::217:17:17:17,21275,21275000,21276000,2.0,total_received
fd00::218:18:18:18,20,20000,21000,0.0,total_received
fd00::218:18:18:18,31,31000,32000,1.0,total_received
fd00::218:18:18:18,44,44000,45000,1.0,total_received
fd00::218:18:18:18,52,52000,53000,0.0,total_received
fd00::218:18:18:18,63,63000,64000,2.0,total_received
fd00::218:18:18:18,77,77000,78000,0.0,total_received
fd00::218:18:18:18,274,274000,275000,17.0,total_received
fd00::218:18:18:18,285,285000,286000,2.0,total_received
fd00::218:18:18:18,666,666000,667000,17.0,total_received
fd00::218:18:18:18,676,676000,677000,1.0,total_received
fd00::218:18:18:18,688,688000,689000,1.0,total_received
fd00::218:18:18:18,697,697000,698000,1.0,total_received
fd00::218:18:18:18,708,708000,709000,1.0,total_received
fd00::218:18:18:18,718,718000,719000,1.0,total_received
fd00::218:18:18:18,1036,1036000,1037000,28.0,total_received
fd00::218:18:18:18,1046,1046000,1047000,1.0,total_received
fd00::218:18:18:18,1057,1057000,1058000,1.0,total_received
fd00::218:18:18:18,1068,1068000,1069000,1.0,total_received
fd00::218:18:18:18,1078,1078000,1079000,1.0,total_received
fd00::218:18:18:18,1089,1089000,1090000,1.0,total_received
fd00::218:18:18:18,1099,1099000,1100000,1.0,total_received
fd00::218:18:18:18,1110,1110000,1111000,1.0,total_received
fd00::218:18:18:18,1137,1137000,1138000,3.0,total_received
fd00::218:18:18:18,1154,1154000,1155000,1.0,total_received
fd00::218:18:18:18,1163,1163000,1164000,0.0,total_received
fd00::218:18:18:18,1177,1177000,1178000,0.0,total_received
fd00::218:18:18:18,1184,1184000,1185000,0.0,total_received
fd00::218:18:18:18,1226,1226000,1227000,3.0,total_received
fd00::218:18:18:18,1235,1235000,1236000,0.0,total_received
fd00::218:18:18:18,1237,1237000,1238000,3.0,total_received
fd00::218:18:18:18,1247,1247000,1248000,1.0,total_received
fd00::218:18:18:18,1258,1258000,1259000,2.0,total_received
fd00::218:18:18:18,1269,1269000,1270000,2.0,total_received
fd00::218:18:18:18,1279,1279000,1280000,2.0,total_received
fd00::218:18:18:18,1292,1292000,1293000,1.0,total_received
fd00::218:18:18:18,1301,1301000,1302000,1.0,total_received
fd00::218:18:18:18,1314,1314000,1315000,2.0,total_received
fd00::218:18:18:18,1321,1321000,1322000,1.0,total_received
fd00::218:18:18:18,1336,1336000,1337000,1.0,total_received
fd00::218:18:18:18,1342,1342000,1343000,1.0,total_received
fd00::218:18:18:18,1353,1353000,1354000,1.0,total_received
fd00::218:18:18:18,1365,1365000,1366000,1.0,total_received
fd00::218:18:18:18,1374,1374000,1375000,1.0,total_received
fd00::218:18:18:18,1385,1385000,1386000,1.0,total_received
fd00::218:18:18:18,1395,1395000,1396000,0.0,total_received
fd00::218:18:18:18,1406,1406000,1407000,2.0,total_received
fd00::218:18:18:18,1417,1417000,1418000,1.0,total_received
fd00::218:18:18:18,1427,1427000,1428000,1.0,total_received
fd00::218:18:18:18,1438,1438000,1439000,1.0,total_received
fd00::218:18:18:18,1629,1629000,1630000,16.0,total_received
fd00::218:18:18:18,1639,1639000,1640000,1.0,total_received
fd00::218:18:18:18,1649,1649000,1650000,1.0,total_received
fd00::218:18:18:18,1661,1661000,1662000,1.0,total_received
fd00::218:18:18:18,1698,1698000,1699000,3.0,total_received
fd00::218:18:18:18,1884,1884000,1885000,12.0,total_received
fd00::218:18:18:18,1893,1893000,1894000,2.0,total_received
fd00::218:18:18:18,2095,2095000,2096000,18.0,total_received
fd00::218:18:18:18,2105,2105000,2106000,1.0,total_received
fd00::218:18:18:18,2115,2115000,2116000,1.0,total_received
fd00::218:18:18:18,2129,2129000,2130000,1.0,total_received
fd00::218:18:18:18,2136,2136000,2137000,1.0,total_received
fd00::218:18:18:18,2146,2146000,2147000,1.0,total_received
fd00::218:18:18:18,2157,2157000,2158000,1.0,total_received
fd00::218:18:18:18,2167,2167000,2168000,1.0,total_received
fd00::218:18:18:18,2178,2178000,2179000,1.0,total_received
fd00::218:18:18:18,2728,2728000,2729000,29.0,total_received
fd00::218:18:18:18,2919,2919000,2920000,24.0,total_received
fd00::218:18:18:18,2931,2931000,2932000,1.0,total_received
fd00::218:18:18:18,2940,2940000,2941000,1.0,total_received
fd00::218:18:18:18,2971,2971000,2972000,3.0,total_received
fd00::218:18:18:18,2982,2982000,2983000,1.0,total_received
fd00::218:18:18:18,2998,2998000,2999000,2.0,total_received
fd00::218:18:18:18,3011,3011000,3012000,0.0,total_received
fd00::218:18:18:18,3088,3088000,3089000,9.0,total_received
fd00::218:18:18:18,3491,3491000,3492000,7.0,total_received
fd00::218:18:18:18,3505,3505000,3506000,1.0,total_received
fd00::218:18:18:18,3514,3514000,3515000,2.0,total_received
fd00::218:18:18:18,3527,3527000,3528000,0.0,total_received
fd00::218:18:18:18,3532,3532000,3533000,2.0,total_received
fd00::218:18:18:18,3544,3544000,3545000,1.0,total_received
fd00::218:18:18:18,3882,3882000,3883000,23.0,total_received
fd00::218:18:18:18,3894,3894000,3895000,1.0,total_received
fd00::218:18:18:18,3902,3902000,3903000,1.0,total_received
fd00::218:18:18:18,3916,3916000,3917000,1.0,total_received
fd00::218:18:18:18,3925,3925000,3926000,1.0,total_received
fd00::218:18:18:18,4886,4886000,4887000,73.0,total_received
fd00::218:18:18:18,4896,4896000,4897000,1.0,total_received
fd00::218:18:18:18,4907,4907000,4908000,1.0,total_received
fd00::218:18:18:18,4922,4922000,4923000,1.0,total_received
fd00::218:18:18:18,4929,4929000,4930000,1.0,total_received
fd00::218:18:18:18,4939,4939000,4940000,1.0,total_received
fd00::218:18:18:18,4953,4953000,4954000,1.0,total_received
fd00::218:18:18:18,4962,4962000,4963000,1.0,total_received
fd00::218:18:18:18,4971,4971000,4972000,1.0,total_received
fd00::218:18:18:18,4984,4984000,4985000,2.0,total_received
fd00::218:18:18:18,4992,4992000,4993000,1.0,total_received
fd00::218:18:18:18,5005,5005000,5006000,1.0,total_received
fd00::218:18:18:18,5013,5013000,5014000,0.0,total_received
fd00::218:18:18:18,5023,5023000,5024000,0.0,total_received
fd00::218:18:18:18,5034,5034000,5035000,1.0,total_received
fd00::218:18:18:18,5047,5047000,5048000,1.0,total_received
fd00::218:18:18:18,5098,5098000,5099000,4.0,total_received
fd00::218:18:18:18,5114,5114000,5115000,2.0,total_received
fd00::218:18:18:18,6155,6155000,6156000,79.0,total_received
fd00::218:18:18:18,6166,6166000,6167000,1.0,total_received
fd00::218:18:18:18,6176,6176000,6177000,1.0,total_received
fd00::218:18:18:18,6187,6187000,6188000,1.0,total_received
fd00::218:18:18:18,6197,6197000,6198000,1.0,total_received
fd00::218:18:18:18,7038,7038000,7039000,68.0,total_received
fd00::218:18:18:18,7055,7055000,7056000,2.0,total_received
fd00::218:18:18:18,7066,7066000,7067000,1.0,total_received
fd00::218:18:18:18,7255,7255000,7256000,15.0,total_received
fd00::218:18:18:18,7266,7266000,7267000,1.0,total_received
fd00::218:18:18:18,7278,7278000,7279000,1.0,total_received
fd00::218:18:18:18,7287,7287000,7288000,1.0,total_received
fd00::218:18:18:18,7298,7298000,7299000,1.0,total_received
fd00::218:18:18:18,7308,7308000,7309000,1.0,total_received
fd00::218:18:18:18,7319,7319000,7320000,1.0,total_received
fd00::218:18:18:18,7329,7329000,7330000,1.0,total_received
fd00::218:18:18:18,7459,7459000,7460000,11.0,total_received
fd00::218:18:18:18,7689,7689000,7690000,20.0,total_received
fd00::218:18:18:18,7701,7701000,7702000,1.0,total_received
fd00::218:18:18:18,7978,7978000,7979000,21.0,total_received
fd00::218:18:18:18,8145,8145000,8146000,13.0,total_received
fd00::218:18:18:18,8159,8159000,8160000,1.0,total_received
fd00::218:18:18:18,8165,8165000,8166000,0.0,total_received
fd00::218:18:18:18,8176,8176000,8177000,0.0,total_received
fd00::218:18:18:18,8186,8186000,8187000,2.0,total_received
fd00::218:18:18:18,8196,8196000,8197000,0.0,total_received
fd00::218:18:18:18,8592,8592000,8593000,36.0,total_received
fd00::218:18:18:18,8604,8604000,8605000,1.0,total_received
fd00::218:18:18:18,8609,8609000,8610000,1.0,total_received
fd00::218:18:18:18,8625,8625000,8626000,1.0,total_received
fd00::218:18:18:18,8632,8632000,8633000,1.0,total_received
fd00::218:18:18:18,8645,8645000,8646000,2.0,total_received
fd00::218:18:18:18,8659,8659000,8660000,1.0,total_received
fd00::218:18:18:18,8873,8873000,8874000,19.0,total_received
fd00::218:18:18:18,8884,8884000,8885000,1.0,total_received
fd00::218:18:18:18,8895,8895000,8896000,1.0,total_received
fd00::218:18:18:18,8905,8905000,8906000,1.0,total_received
fd00::218:18:18:18,8919,8919000,8920000,1.0,total_received
fd00::218:18:18:18,8926,8926000,8927000,1.0,total_received
fd00::218:18:18:18,8937,8937000,8938000,1.0,total_received
fd00::218:18:18:18,8947,8947000,8948000,1.0,total_received
fd00::218:18:18:18,8958,8958000,8959000,1.0,total_received
fd00::218:18:18:18,8977,8977000,8978000,1.0,total_received
fd00::218:18:18:18,8979,8979000,8980000,1.0,total_received
fd00::218:18:18:18,8991,8991000,8992000,1.0,total_received
fd00::218:18:18:18,9004,9004000,9005000,1.0,total_received
fd00::218:18:18:18,9014,9014000,9015000,2.0,total_received
fd00::218:18:18:18,9026,9026000,9027000,1.0,total_received
fd00::218:18:18:18,9037,9037000,9038000,1.0,total_received
fd00::218:18:18:18,9057,9057000,9058000,2.0,total_received
fd00::218:18:18:18,9413,9413000,9414000,16.0,total_received
fd00::218:18:18:18,9424,9424000,9425000,1.0,total_received
fd00::218:18:18:18,9435,9435000,9436000,1.0,total_received
fd00::218:18:18:18,9445,9445000,9446000,1.0,total_received
fd00::218:18:18:18,9455,9455000,9456000,1.0,total_received
fd00::218:18:18:18,9466,9466000,9467000,1.0,total_received
fd00::218:18:18:18,9477,9477000,9478000,1.0,total_received
fd00::218:18:18:18,9487,9487000,9488000,1.0,total_received
fd00::218:18:18:18,9497,9497000,9498000,1.0,total_received
fd00::218:18:18:18,9508,9508000,9509000,1.0,total_received
fd00::218:18:18:18,9519,9519000,9520000,1.0,total_received
fd00::218:18:18:18,9529,9529000,9530000,1.0,total_received
fd00::218:18:18:18,9541,9541000,9542000,1.0,total_received
fd00::218:18:18:18,9551,9551000,9552000,2.0,total_received
fd00::218:18:18:18,9562,9562000,9563000,0.0,total_received
fd00::218:18:18:18,9573,9573000,9574000,1.0,total_received
fd00::218:18:18:18,9582,9582000,9583000,0.0,total_received
fd00::218:18:18:18,9593,9593000,9594000,0.0,total_received
fd00::218:18:18:18,9608,9608000,9609000,1.0,total_received
fd00::218:18:18:18,9622,9622000,9623000,0.0,total_received
fd00::218:18:18:18,9628,9628000,9629000,1.0,total_received
fd00::218:18:18:18,9643,9643000,9644000,1.0,total_received
fd00::218:18:18:18,9646,9646000,9647000,0.0,total_received
fd00::218:18:18:18,9656,9656000,9657000,1.0,total_received
fd00::218:18:18:18,9667,9667000,9668000,1.0,total_received
fd00::218:18:18:18,9677,9677000,9678000,1.0,total_received
fd00::218:18:18:18,9688,9688000,9689000,1.0,total_received
fd00::218:18:18:18,9698,9698000,9699000,1.0,total_received
fd00::218:18:18:18,9713,9713000,9714000,2.0,total_received
fd00::218:18:18:18,9723,9723000,9724000,1.0,total_received
fd00::218:18:18:18,9730,9730000,9731000,1.0,total_received
fd00::218:18:18:18,9743,9743000,9744000,2.0,total_received
fd00::218:18:18:18,9751,9751000,9752000,1.0,total_received
fd00::218:18:18:18,9762,9762000,9763000,1.0,total_received
fd00::218:18:18:18,9773,9773000,9774000,1.0,total_received
fd00::218:18:18:18,9783,9783000,9784000,1.0,total_received
fd00::218:18:18:18,9794,9794000,9795000,1.0,total_received
fd00::218:18:18:18,9805,9805000,9806000,1.0,total_received
fd00::218:18:18:18,9815,9815000,9816000,1.0,total_received
fd00::218:18:18:18,9825,9825000,9826000,0.0,total_received
fd00::218:18:18:18,9842,9842000,9843000,2.0,total_received
fd00::218:18:18:18,9847,9847000,9848000,1.0,total_received
fd00::218:18:18:18,9857,9857000,9858000,1.0,total_received
fd00::218:18:18:18,9868,9868000,9869000,2.0,total_received
fd00::218:18:18:18,9878,9878000,9879000,1.0,total_received
fd00::218:18:18:18,10259,10259000,10260000,39.0,total_received
fd00::218:18:18:18,10269,10269000,10270000,1.0,total_received
fd00::218:18:18:18,10280,10280000,10281000,1.0,total_received
fd00::218:18:18:18,10297,10297000,10298000,2.0,total_received
fd00::218:18:18:18,10303,10303000,10304000,1.0,total_received
fd00::218:18:18:18,10315,10315000,10316000,1.0,total_received
fd00::218:18:18:18,10325,10325000,10326000,1.0,total_received
fd00::218:18:18:18,10333,10333000,10334000,1.0,total_received
fd00::218:18:18:18,10356,10356000,10357000,2.0,total_received
fd00::218:18:18:18,10365,10365000,10366000,0.0,total_received
fd00::218:18:18:18,10376,10376000,10377000,0.0,total_received
fd00::218:18:18:18,10386,10386000,10387000,1.0,total_received
fd00::218:18:18:18,10396,10396000,10397000,1.0,total_received
fd00::218:18:18:18,10423,10423000,10424000,3.0,total_received
fd00::218:18:18:18,10449,10449000,10450000,4.0,total_received
fd00::218:18:18:18,10462,10462000,10463000,1.0,total_received
fd00::218:18:18:18,10872,10872000,10873000,41.0,total_received
fd00::218:18:18:18,10887,10887000,10888000,1.0,total_received
fd00::218:18:18:18,10894,10894000,10895000,1.0,total_received
fd00::218:18:18:18,10909,10909000,10910000,1.0,total_received
fd00::218:18:18:18,11400,11400000,11401000,37.0,total_received
fd00::218:18:18:18,11408,11408000,11409000,1.0,total_received
fd00::218:18:18:18,11436,11436000,11437000,1.0,total_received
fd00::218:18:18:18,11856,11856000,11857000,46.0,total_received
fd00::218:18:18:18,11867,11867000,11868000,1.0,total_received
fd00::218:18:18:18,11877,11877000,11878000,1.0,total_received
fd00::218:18:18:18,11888,11888000,11889000,1.0,total_received
fd00::218:18:18:18,11902,11902000,11903000,0.0,total_received
fd00::218:18:18:18,11909,11909000,11910000,1.0,total_received
fd00::218:18:18:18,11920,11920000,11921000,0.0,total_received
fd00::218:18:18:18,11930,11930000,11931000,1.0,total_received
fd00::218:18:18:18,11941,11941000,11942000,0.0,total_received
fd00::218:18:18:18,11952,11952000,11953000,1.0,total_received
fd00::218:18:18:18,11968,11968000,11969000,0.0,total_received
fd00::218:18:18:18,11972,11972000,11973000,1.0,total_received
fd00::218:18:18:18,11983,11983000,11984000,0.0,total_received
fd00::218:18:18:18,11994,11994000,11995000,1.0,total_received
fd00::218:18:18:18,12005,12005000,12006000,2.0,total_received
fd00::218:18:18:18,12019,12019000,12020000,1.0,total_received
fd00::218:18:18:18,12025,12025000,12026000,1.0,total_received
fd00::218:18:18:18,12322,12322000,12323000,35.0,total_received
fd00::218:18:18:18,12332,12332000,12333000,1.0,total_received
fd00::218:18:18:18,12352,12352000,12353000,1.0,total_received
fd00::218:18:18:18,12373,12373000,12374000,1.0,total_received
fd00::218:18:18:18,12725,12725000,12726000,28.0,total_received
fd00::218:18:18:18,12776,12776000,12777000,3.0,total_received
fd00::218:18:18:18,12787,12787000,12788000,2.0,total_received
fd00::218:18:18:18,12797,12797000,12798000,1.0,total_received
fd00::218:18:18:18,12808,12808000,12809000,1.0,total_received
fd00::218:18:18:18,12819,12819000,12820000,1.0,total_received
fd00::218:18:18:18,12829,12829000,12830000,1.0,total_received
fd00::218:18:18:18,12843,12843000,12844000,1.0,total_received
fd00::218:18:18:18,12854,12854000,12855000,1.0,total_received
fd00::218:18:18:18,12865,12865000,12866000,2.0,total_received
fd00::218:18:18:18,12874,12874000,12875000,1.0,total_received
fd00::218:18:18:18,12882,12882000,12883000,1.0,total_received
fd00::218:18:18:18,12894,12894000,12895000,1.0,total_received
fd00::218:18:18:18,12905,12905000,12906000,1.0,total_received
fd00::218:18:18:18,12915,12915000,12916000,1.0,total_received
fd00::218:18:18:18,12943,12943000,12944000,1.0,total_received
fd00::218:18:18:18,13199,13199000,13200000,26.0,total_received
fd00::218:18:18:18,13213,13213000,13214000,1.0,total_received
fd00::218:18:18:18,13224,13224000,13225000,1.0,total_received
fd00::218:18:18:18,13358,13358000,13359000,13.0,total_received
fd00::218:18:18:18,13376,13376000,13377000,1.0,total_received
fd00::218:18:18:18,13380,13380000,13381000,0.0,total_received
fd00::218:18:18:18,13390,13390000,13391000,1.0,total_received
fd00::218:18:18:18,13402,13402000,13403000,0.0,total_received
fd00::218:18:18:18,13718,13718000,13719000,32.0,total_received
fd00::218:18:18:18,13728,13728000,13729000,1.0,total_received
fd00::218:18:18:18,13996,13996000,13997000,21.0,total_received
fd00::218:18:18:18,14183,14183000,14184000,14.0,total_received
fd00::218:18:18:18,14194,14194000,14195000,1.0,total_received
fd00::218:18:18:18,14204,14204000,14205000,1.0,total_received
fd00::218:18:18:18,14215,14215000,14216000,1.0,total_received
fd00::218:18:18:18,14225,14225000,14226000,1.0,total_received
fd00::218:18:18:18,14259,14259000,14260000,2.0,total_received
fd00::218:18:18:18,14429,14429000,14430000,17.0,total_received
fd00::218:18:18:18,14647,14647000,14648000,14.0,total_received
fd00::218:18:18:18,15044,15044000,15045000,29.0,total_received
fd00::218:18:18:18,15054,15054000,15055000,1.0,total_received
fd00::218:18:18:18,15063,15063000,15064000,1.0,total_received
fd00::218:18:18:18,15072,15072000,15073000,1.0,total_received
fd00::218:18:18:18,15082,15082000,15083000,1.0,total_received
fd00::218:18:18:18,15096,15096000,15097000,1.0,total_received
fd00::218:18:18:18,15103,15103000,15104000,1.0,total_received
fd00::218:18:18:18,15114,15114000,15115000,1.0,total_received
fd00::218:18:18:18,15125,15125000,15126000,1.0,total_received
fd00::218:18:18:18,15135,15135000,15136000,1.0,total_received
fd00::218:18:18:18,15147,15147000,15148000,1.0,total_received
fd00::218:18:18:18,15162,15162000,15163000,1.0,total_received
fd00::218:18:18:18,15200,15200000,15201000,0.0,total_received
fd00::218:18:18:18,15413,15413000,15414000,20.0,total_received
fd00::218:18:18:18,15422,15422000,15423000,2.0,total_received
fd00::218:18:18:18,15433,15433000,15434000,2.0,total_received
fd00::218:18:18:18,15656,15656000,15657000,23.0,total_received
fd00::218:18:18:18,15664,15664000,15665000,1.0,total_received
fd00::218:18:18:18,15675,15675000,15676000,1.0,total_received
fd00::218:18:18:18,15689,15689000,15690000,1.0,total_received
fd00::218:18:18:18,15698,15698000,15699000,1.0,total_received
fd00::218:18:18:18,15707,15707000,15708000,1.0,total_received
fd00::218:18:18:18,15717,15717000,15718000,0.0,total_received
fd00::218:18:18:18,15730,15730000,15731000,1.0,total_received
fd00::218:18:18:18,15738,15738000,15739000,1.0,total_received
fd00::218:18:18:18,15753,15753000,15754000,0.0,total_received
fd00::218:18:18:18,15759,15759000,15760000,0.0,total_received
fd00::218:18:18:18,15775,15775000,15776000,1.0,total_received
fd00::218:18:18:18,15780,15780000,15781000,2.0,total_received
fd00::218:18:18:18,15792,15792000,15793000,2.0,total_received
fd00::218:18:18:18,15807,15807000,15808000,1.0,total_received
fd00::218:18:18:18,15819,15819000,15820000,1.0,total_received
fd00::218:18:18:18,16235,16235000,16236000,35.0,total_received
fd00::218:18:18:18,16246,16246000,16247000,1.0,total_received
fd00::218:18:18:18,16266,16266000,16267000,0.0,total_received
fd00::218:18:18:18,16616,16616000,16617000,25.0,total_received
fd00::218:18:18:18,16627,16627000,16628000,0.0,total_received
fd00::218:18:18:18,16637,16637000,16638000,1.0,total_received
fd00::218:18:18:18,16648,16648000,16649000,2.0,total_received
fd00::218:18:18:18,16658,16658000,16659000,1.0,total_received
fd00::218:18:18:18,16669,16669000,16670000,1.0,total_received
fd00::218:18:18:18,16679,16679000,16680000,1.0,total_received
fd00::218:18:18:18,16691,16691000,16692000,2.0,total_received
fd00::218:18:18:18,16700,16700000,16701000,1.0,total_received
fd00::218:18:18:18,16713,16713000,16714000,0.0,total_received
fd00::218:18:18:18,16735,16735000,16736000,2.0,total_received
fd00::218:18:18:18,16753,16753000,16754000,3.0,total_received
fd00::218:18:18:18,16764,16764000,16765000,1.0,total_received
fd00::218:18:18:18,16775,16775000,16776000,1.0,total_received
fd00::218:18:18:18,16789,16789000,16790000,0.0,total_received
fd00::218:18:18:18,16796,16796000,16797000,1.0,total_received
fd00::218:18:18:18,16818,16818000,16819000,1.0,total_received
fd00::218:18:18:18,17197,17197000,17198000,38.0,total_received
fd00::218:18:18:18,17208,17208000,17209000,1.0,total_received
fd00::218:18:18:18,17222,17222000,17223000,1.0,total_received
fd00::218:18:18:18,17229,17229000,17230000,1.0,total_received
fd00::218:18:18:18,17243,17243000,17244000,1.0,total_received
fd00::218:18:18:18,17253,17253000,17254000,1.0,total_received
fd00::218:18:18:18,17705,17705000,17706000,44.0,total_received
fd00::218:18:18:18,17716,17716000,17717000,1.0,total_received
fd00::218:18:18:18,17726,17726000,17727000,1.0,total_received
fd00::218:18:18:18,17737,17737000,17738000,1.0,total_received
fd00::218:18:18:18,17747,17747000,17748000,1.0,total_received
fd00::218:18:18:18,17758,17758000,17759000,1.0,total_received
fd00::218:18:18:18,17769,17769000,17770000,1.0,total_received
fd00::218:18:18:18,17780,17780000,17781000,1.0,total_received
fd00::218:18:18:18,18287,18287000,18288000,45.0,total_received
fd00::218:18:18:18,18297,18297000,18298000,1.0,total_received
fd00::218:18:18:18,18308,18308000,18309000,1.0,total_received
fd00::218:18:18:18,18319,18319000,18320000,1.0,total_received
fd00::218:18:18:18,18329,18329000,18330000,1.0,total_received
fd00::218:18:18:18,18341,18341000,18342000,1.0,total_received
fd00::218:18:18:18,18352,18352000,18353000,1.0,total_received
fd00::218:18:18:18,18361,18361000,18362000,1.0,total_received
fd00::218:18:18:18,18373,18373000,18374000,1.0,total_received
fd00::218:18:18:18,18386,18386000,18387000,2.0,total_received
fd00::218:18:18:18,18586,18586000,18587000,19.0,total_received
fd00::218:18:18:18,18837,18837000,18838000,23.0,total_received
fd00::218:18:18:18,18847,18847000,18848000,1.0,total_received
fd00::218:18:18:18,18858,18858000,18859000,1.0,total_received
fd00::218:18:18:18,18869,18869000,18870000,1.0,total_received
fd00::218:18:18:18,18879,18879000,18880000,1.0,total_received
fd00::218:18:18:18,18893,18893000,18894000,1.0,total_received
fd00::218:18:18:18,18904,18904000,18905000,1.0,total_received
fd00::218:18:18:18,18911,18911000,18912000,2.0,total_received
fd00::218:18:18:18,18925,18925000,18926000,1.0,total_received
fd00::218:18:18:18,18935,18935000,18936000,1.0,total_received
fd00::218:18:18:18,18948,18948000,18949000,1.0,total_received
fd00::218:18:18:18,18959,18959000,18960000,1.0,total_received
fd00::218:18:18:18,18967,18967000,18968000,0.0,total_received
fd00::218:18:18:18,18975,18975000,18976000,1.0,total_received
fd00::218:18:18:18,18986,18986000,18987000,1.0,total_received
fd00::218:18:18:18,18996,18996000,18997000,1.0,total_received
fd00::218:18:18:18,19006,19006000,19007000,0.0,total_received
fd00::218:18:18:18,19017,19017000,19018000,2.0,total_received
fd00::218:18:18:18,19029,19029000,19030000,1.0,total_received
fd00::218:18:18:18,19038,19038000,19039000,0.0,total_received
fd00::218:18:18:18,19055,19055000,19056000,1.0,total_received
fd00::218:18:18:18,19239,19239000,19240000,19.0,total_received
fd00::218:18:18:18,19249,19249000,19250000,1.0,total_received
fd00::218:18:18:18,19263,19263000,19264000,1.0,total_received
fd00::218:18:18:18,19273,19273000,19274000,1.0,total_received
fd00::218:18:18:18,19525,19525000,19526000,20.0,total_received
fd00::218:18:18:18,19527,19527000,19528000,0.0,total_received
fd00::218:18:18:18,19916,19916000,19917000,10.0,total_received
fd00::218:18:18:18,19926,19926000,19927000,4.0,total_received
fd00::218:18:18:18,19938,19938000,19939000,3.0,total_received
fd00::218:18:18:18,19947,19947000,19948000,1.0,total_received
fd00::218:18:18:18,20138,20138000,20139000,18.0,total_received
fd00::218:18:18:18,20159,20159000,20160000,2.0,total_received
fd00::218:18:18:18,20176,20176000,20177000,1.0,total_received
fd00::218:18:18:18,20180,20180000,20181000,1.0,total_received
fd00::218:18:18:18,20194,20194000,20195000,0.0,total_received
fd00::218:18:18:18,20201,20201000,20202000,1.0,total_received
fd00::218:18:18:18,20212,20212000,20213000,0.0,total_received
fd00::218:18:18:18,20223,20223000,20224000,1.0,total_received
fd00::218:18:18:18,20233,20233000,20234000,0.0,total_received
fd00::218:18:18:18,20252,20252000,20253000,2.0,total_received
fd00::218:18:18:18,21567,21567000,21568000,98.0,total_received
fd00::218:18:18:18,21585,21585000,21586000,2.0,total_received
fd00::219:19:19:19,43,43000,44000,0.0,total_received
fd00::219:19:19:19,59,59000,60000,1.0,total_received
fd00::219:19:19:19,707,707000,708000,13.0,total_received
fd00::219:19:19:19,717,717000,718000,1.0,total_received
fd00::219:19:19:19,1425,1425000,1426000,15.0,total_received
fd00::219:19:19:19,1438,1438000,1439000,1.0,total_received
fd00::219:19:19:19,1449,1449000,1450000,0.0,total_received
fd00::219:19:19:19,1667,1667000,1668000,16.0,total_received
fd00::219:19:19:19,1688,1688000,1689000,0.0,total_received
fd00::219:19:19:19,1689,1689000,1690000,2.0,total_received
fd00::219:19:19:19,10282,10282000,10283000,182.0,total_received
fd00::219:19:19:19,10304,10304000,10305000,1.0,total_received
fd00::219:19:19:19,10344,10344000,10345000,0.0,total_received
fd00::219:19:19:19,11438,11438000,11439000,38.0,total_received
fd00::219:19:19:19,12039,12039000,12040000,39.0,total_received
fd00::219:19:19:19,12854,12854000,12855000,58.0,total_received
fd00::219:19:19:19,12865,12865000,12866000,1.0,total_received
fd00::219:19:19:19,12874,12874000,12875000,2.0,total_received
fd00::219:19:19:19,12886,12886000,12887000,0.0,total_received
fd00::219:19:19:19,12897,12897000,12898000,1.0,total_received
fd00::219:19:19:19,12907,12907000,12908000,2.0,total_received
fd00::219:19:19:19,12917,12917000,12918000,1.0,total_received
fd00::219:19:19:19,13745,13745000,13746000,53.0,total_received
fd00::219:19:19:19,15065,15065000,15066000,57.0,total_received
fd00::219:19:19:19,15075,15075000,15076000,1.0,total_received
fd00::219:19:19:19,15082,15082000,15083000,1.0,total_received
fd00::219:19:19:19,15713,15713000,15714000,11.0,total_received
fd00::219:19:19:19,15726,15726000,15727000,0.0,total_received
fd00::219:19:19:19,16763,16763000,16764000,13.0,total_received
fd00::219:19:19:19,16773,16773000,16774000,1.0,total_received
fd00::219:19:19:19,16789,16789000,16790000,1.0,total_received
fd00::219:19:19:19,16804,16804000,16805000,0.0,total_received
fd00::219:19:19:19,19934,19934000,19935000,106.0,total_received
fd00::21a:1a:1a:1a,75,75000,76000,0.0,total_received
fd00::21a:1a:1a:1a,776,776000,777000,10.0,total_received
fd00::21a:1a:1a:1a,10327,10327000,10328000,24.0,total_received
fd00::21a:1a:1a:1a,10354,10354000,10355000,0.0,total_received
fd00::21b:1b:1b:1b,45,45000,46000,0.0,total_received
fd00::21b:1b:1b:1b,58,58000,59000,0.0,total_received
fd00::21b:1b:1b:1b,64,64000,65000,1.0,total_received
fd00::21b:1b:1b:1b,123,123000,124000,1.0,total_received
fd00::21b:1b:1b:1b,6213,6213000,6214000,59.0,total_received
fd00::21b:1b:1b:1b,6226,6226000,6227000,0.0,total_received
fd00::21b:1b:1b:1b,6275,6275000,6276000,1.0,total_received
fd00::21b:1b:1b:1b,6311,6311000,6312000,0.0,total_received
fd00::21b:1b:1b:1b,6449,6449000,6450000,16.0,total_received
fd00::21b:1b:1b:1b,6461,6461000,6462000,0.0,total_received
fd00::21b:1b:1b:1b,7648,7648000,7649000,30.0,total_received
fd00::21b:1b:1b:1b,10137,10137000,10138000,23.0,total_received
fd00::21b:1b:1b:1b,11392,11392000,11393000,39.0,total_received
fd00::21b:1b:1b:1b,11402,11402000,11403000,1.0,total_received
fd00::21b:1b:1b:1b,14245,14245000,14246000,85.0,total_received
fd00::21b:1b:1b:1b,16046,16046000,16047000,50.0,total_received
fd00::21b:1b:1b:1b,16054,16054000,16055000,1.0,total_received
fd00::21b:1b:1b:1b,16063,16063000,16064000,0.0,total_received
fd00::21b:1b:1b:1b,16455,16455000,16456000,12.0,total_received
fd00::21b:1b:1b:1b,16465,16465000,16466000,0.0,total_received
fd00::21b:1b:1b:1b,16475,16475000,16476000,0.0,total_received
fd00::21c:1c:1c:1c,34,34000,35000,0.0,total_received
fd00::21c:1c:1c:1c,43,43000,44000,0.0,total_received
fd00::21c:1c:1c:1c,57,57000,58000,1.0,total_received
fd00::21c:1c:1c:1c,93,93000,94000,3.0,total_received
fd00::21c:1c:1c:1c,105,105000,106000,0.0,total_received
fd00::21c:1c:1c:1c,126,126000,127000,0.0,total_received
fd00::21c:1c:1c:1c,657,657000,658000,48.0,total_received
fd00::21c:1c:1c:1c,667,667000,668000,1.0,total_received
fd00::21c:1c:1c:1c,678,678000,679000,1.0,total_received
fd00::21c:1c:1c:1c,688,688000,689000,1.0,total_received
fd00::21c:1c:1c:1c,699,699000,700000,1.0,total_received
fd00::21c:1c:1c:1c,724,724000,725000,1.0,total_received
fd00::21c:1c:1c:1c,826,826000,827000,8.0,total_received
fd00::21c:1c:1c:1c,837,837000,838000,1.0,total_received
fd00::21c:1c:1c:1c,847,847000,848000,1.0,total_received
fd00::21c:1c:1c:1c,858,858000,859000,1.0,total_received
fd00::21c:1c:1c:1c,868,868000,869000,1.0,total_received
fd00::21c:1c:1c:1c,879,879000,880000,1.0,total_received
fd00::21c:1c:1c:1c,889,889000,890000,1.0,total_received
fd00::21c:1c:1c:1c,902,902000,903000,1.0,total_received
fd00::21c:1c:1c:1c,912,912000,913000,1.0,total_received
fd00::21c:1c:1c:1c,937,937000,938000,1.0,total_received
fd00::21c:1c:1c:1c,943,943000,944000,1.0,total_received
fd00::21c:1c:1c:1c,951,951000,952000,2.0,total_received
fd00::21c:1c:1c:1c,1181,1181000,1182000,18.0,total_received
fd00::21c:1c:1c:1c,1186,1186000,1187000,0.0,total_received
fd00::21c:1c:1c:1c,1367,1367000,1368000,15.0,total_received
fd00::21c:1c:1c:1c,1377,1377000,1378000,2.0,total_received
fd00::21c:1c:1c:1c,1387,1387000,1388000,2.0,total_received
fd00::21c:1c:1c:1c,1404,1404000,1405000,1.0,total_received
fd00::21c:1c:1c:1c,1409,1409000,1410000,1.0,total_received
fd00::21c:1c:1c:1c,1419,1419000,1420000,1.0,total_received
fd00::21c:1c:1c:1c,1432,1432000,1433000,1.0,total_received
fd00::21c:1c:1c:1c,1441,1441000,1442000,2.0,total_received
fd00::21c:1c:1c:1c,1455,1455000,1456000,1.0,total_received
fd00::21c:1c:1c:1c,1631,1631000,1632000,16.0,total_received
fd00::21c:1c:1c:1c,1644,1644000,1645000,1.0,total_received
fd00::21c:1c:1c:1c,1653,1653000,1654000,1.0,total_received
fd00::21c:1c:1c:1c,1663,1663000,1664000,1.0,total_received
fd00::21c:1c:1c:1c,1886,1886000,1887000,11.0,total_received
fd00::21c:1c:1c:1c,1897,1897000,1898000,2.0,total_received
fd00::21c:1c:1c:1c,1908,1908000,1909000,2.0,total_received
fd00::21c:1c:1c:1c,1919,1919000,1920000,1.0,total_received
fd00::21c:1c:1c:1c,1928,1928000,1929000,1.0,total_received
fd00::21c:1c:1c:1c,1939,1939000,1940000,1.0,total_received
fd00::21c:1c:1c:1c,1949,1949000,1950000,1.0,total_received
fd00::21c:1c:1c:1c,1960,1960000,1961000,1.0,total_received
fd00::21c:1c:1c:1c,2384,2384000,2385000,24.0,total_received
fd00::21c:1c:1c:1c,2405,2405000,2406000,2.0,total_received
fd00::21c:1c:1c:1c,3099,3099000,3100000,21.0,total_received
fd00::21c:1c:1c:1c,3401,3401000,3402000,6.0,total_received
fd00::21c:1c:1c:1c,3577,3577000,3578000,19.0,total_received
fd00::21c:1c:1c:1c,3878,3878000,3879000,19.0,total_received
fd00::21c:1c:1c:1c,3888,3888000,3889000,1.0,total_received
fd00::21c:1c:1c:1c,3936,3936000,3937000,3.0,total_received
fd00::21c:1c:1c:1c,6199,6199000,6200000,172.0,total_received
fd00::21c:1c:1c:1c,6213,6213000,6214000,1.0,total_received
fd00::21c:1c:1c:1c,6227,6227000,6228000,0.0,total_received
fd00::21c:1c:1c:1c,6275,6275000,6276000,2.0,total_received
fd00::21c:1c:1c:1c,6297,6297000,6298000,0.0,total_received
fd00::21c:1c:1c:1c,6415,6415000,6416000,15.0,total_received
fd00::21c:1c:1c:1c,6422,6422000,6423000,2.0,total_received
fd00::21c:1c:1c:1c,6443,6443000,6444000,0.0,total_received
fd00::21c:1c:1c:1c,6461,6461000,6462000,0.0,total_received
fd00::21c:1c:1c:1c,6463,6463000,6464000,2.0,total_received
fd00::21c:1c:1c:1c,6464,6464000,6465000,0.0,total_received
fd00::21c:1c:1c:1c,7534,7534000,7535000,99.0,total_received
fd00::21c:1c:1c:1c,7544,7544000,7545000,1.0,total_received
fd00::21c:1c:1c:1c,7559,7559000,7560000,0.0,total_received
fd00::21c:1c:1c:1c,7573,7573000,7574000,1.0,total_received
fd00::21c:1c:1c:1c,7578,7578000,7579000,2.0,total_received
fd00::21c:1c:1c:1c,7588,7588000,7589000,1.0,total_received
fd00::21c:1c:1c:1c,7597,7597000,7598000,1.0,total_received
fd00::21c:1c:1c:1c,7611,7611000,7612000,1.0,total_received
fd00::21c:1c:1c:1c,7619,7619000,7620000,1.0,total_received
fd00::21c:1c:1c:1c,7629,7629000,7630000,1.0,total_received
fd00::21c:1c:1c:1c,7647,7647000,7648000,1.0,total_received
fd00::21c:1c:1c:1c,7661,7661000,7662000,1.0,total_received
fd00::21c:1c:1c:1c,9064,9064000,9065000,137.0,total_received
fd00::21c:1c:1c:1c,9072,9072000,9073000,2.0,total_received
fd00::21c:1c:1c:1c,9083,9083000,9084000,1.0,total_received
fd00::21c:1c:1c:1c,9092,9092000,9093000,2.0,total_received
fd00::21c:1c:1c:1c,9106,9106000,9107000,1.0,total_received
fd00::21c:1c:1c:1c,9113,9113000,9114000,1.0,total_received
fd00::21c:1c:1c:1c,9124,9124000,9125000,1.0,total_received
fd00::21c:1c:1c:1c,9134,9134000,9135000,1.0,total_received
fd00::21c:1c:1c:1c,9145,9145000,9146000,1.0,total_received
fd00::21c:1c:1c:1c,9155,9155000,9156000,0.0,total_received
fd00::21c:1c:1c:1c,9166,9166000,9167000,2.0,total_received
fd00::21c:1c:1c:1c,9176,9176000,9177000,1.0,total_received
fd00::21c:1c:1c:1c,9187,9187000,9188000,1.0,total_received
fd00::21c:1c:1c:1c,9198,9198000,9199000,1.0,total_received
fd00::21c:1c:1c:1c,9208,9208000,9209000,1.0,total_received
fd00::21c:1c:1c:1c,9219,9219000,9220000,1.0,total_received
fd00::21c:1c:1c:1c,9229,9229000,9230000,1.0,total_received
fd00::21c:1c:1c:1c,9240,9240000,9241000,1.0,total_received
fd00::21c:1c:1c:1c,9251,9251000,9252000,1.0,total_received
fd00::21c:1c:1c:1c,9264,9264000,9265000,2.0,total_received
fd00::21c:1c:1c:1c,9274,9274000,9275000,1.0,total_received
fd00::21c:1c:1c:1c,9286,9286000,9287000,1.0,total_received
fd00::21c:1c:1c:1c,9295,9295000,9296000,1.0,total_received
fd00::21c:1c:1c:1c,9305,9305000,9306000,1.0,total_received
fd00::21c:1c:1c:1c,9315,9315000,9316000,1.0,total_received
fd00::21c:1c:1c:1c,9325,9325000,9326000,1.0,total_received
fd00::21c:1c:1c:1c,9335,9335000,9336000,1.0,total_received
fd00::21c:1c:1c:1c,9346,9346000,9347000,1.0,total_received
fd00::21c:1c:1c:1c,9356,9356000,9357000,1.0,total_received
fd00::21c:1c:1c:1c,9367,9367000,9368000,1.0,total_received
fd00::21c:1c:1c:1c,9378,9378000,9379000,1.0,total_received
fd00::21c:1c:1c:1c,9388,9388000,9389000,1.0,total_received
fd00::21c:1c:1c:1c,9399,9399000,9400000,1.0,total_received
fd00::21c:1c:1c:1c,9409,9409000,9410000,1.0,total_received
fd00::21c:1c:1c:1c,9423,9423000,9424000,1.0,total_received
fd00::21c:1c:1c:1c,9432,9432000,9433000,1.0,total_received
fd00::21c:1c:1c:1c,9441,9441000,9442000,2.0,total_received
fd00::21c:1c:1c:1c,9454,9454000,9455000,1.0,total_received
fd00::21c:1c:1c:1c,9464,9464000,9465000,1.0,total_received
fd00::21c:1c:1c:1c,9474,9474000,9475000,0.0,total_received
fd00::21c:1c:1c:1c,9484,9484000,9485000,1.0,total_received
fd00::21c:1c:1c:1c,9494,9494000,9495000,2.0,total_received
fd00::21c:1c:1c:1c,9505,9505000,9506000,1.0,total_received
fd00::21c:1c:1c:1c,9516,9516000,9517000,1.0,total_received
fd00::21c:1c:1c:1c,9526,9526000,9527000,1.0,total_received
fd00::21c:1c:1c:1c,9537,9537000,9538000,1.0,total_received
fd00::21c:1c:1c:1c,9547,9547000,9548000,1.0,total_received
fd00::21c:1c:1c:1c,9558,9558000,9559000,1.0,total_received
fd00::21c:1c:1c:1c,9568,9568000,9569000,1.0,total_received
fd00::21c:1c:1c:1c,9579,9579000,9580000,1.0,total_received
fd00::21c:1c:1c:1c,9590,9590000,9591000,1.0,total_received
fd00::21c:1c:1c:1c,9601,9601000,9602000,2.0,total_received
fd00::21c:1c:1c:1c,9615,9615000,9616000,0.0,total_received
fd00::21c:1c:1c:1c,9812,9812000,9813000,19.0,total_received
fd00::21c:1c:1c:1c,9824,9824000,9825000,1.0,total_received
fd00::21c:1c:1c:1c,9834,9834000,9835000,1.0,total_received
fd00::21c:1c:1c:1c,9844,9844000,9845000,1.0,total_received
fd00::21c:1c:1c:1c,9869,9869000,9870000,1.0,total_received
fd00::21c:1c:1c:1c,10024,10024000,10025000,17.0,total_received
fd00::21c:1c:1c:1c,10035,10035000,10036000,1.0,total_received
fd00::21c:1c:1c:1c,10045,10045000,10046000,1.0,total_received
fd00::21c:1c:1c:1c,10056,10056000,10057000,1.0,total_received
fd00::21c:1c:1c:1c,10066,10066000,10067000,1.0,total_received
fd00::21c:1c:1c:1c,10077,10077000,10078000,1.0,total_received
fd00::21c:1c:1c:1c,10088,10088000,10089000,0.0,total_received
fd00::21c:1c:1c:1c,10099,10099000,10100000,1.0,total_received
fd00::21c:1c:1c:1c,10118,10118000,10119000,1.0,total_received
fd00::21c:1c:1c:1c,10310,10310000,10311000,20.0,total_received
fd00::21c:1c:1c:1c,10325,10325000,10326000,0.0,total_received
fd00::21c:1c:1c:1c,10332,10332000,10333000,2.0,total_received
fd00::21c:1c:1c:1c,10666,10666000,10667000,31.0,total_received
fd00::21c:1c:1c:1c,10673,10673000,10674000,1.0,total_received
fd00::21c:1c:1c:1c,10683,10683000,10684000,2.0,total_received
fd00::21c:1c:1c:1c,10693,10693000,10694000,1.0,total_received
fd00::21c:1c:1c:1c,11031,11031000,11032000,28.0,total_received
fd00::21c:1c:1c:1c,11285,11285000,11286000,19.0,total_received
fd00::21c:1c:1c:1c,11296,11296000,11297000,3.0,total_received
fd00::21c:1c:1c:1c,11319,11319000,11320000,2.0,total_received
fd00::21c:1c:1c:1c,11333,11333000,11334000,1.0,total_received
fd00::21c:1c:1c:1c,11339,11339000,11340000,0.0,total_received
fd00::21c:1c:1c:1c,11354,11354000,11355000,0.0,total_received
fd00::21c:1c:1c:1c,11359,11359000,11360000,0.0,total_received
fd00::21c:1c:1c:1c,11370,11370000,11371000,1.0,total_received
fd00::21c:1c:1c:1c,11382,11382000,11383000,1.0,total_received
fd00::21c:1c:1c:1c,11391,11391000,11392000,1.0,total_received
fd00::21c:1c:1c:1c,11402,11402000,11403000,1.0,total_received
fd00::21c:1c:1c:1c,11435,11435000,11436000,1.0,total_received
fd00::21c:1c:1c:1c,11439,11439000,11440000,0.0,total_received
fd00::21c:1c:1c:1c,11635,11635000,11636000,16.0,total_received
fd00::21c:1c:1c:1c,11647,11647000,11648000,1.0,total_received
fd00::21c:1c:1c:1c,11656,11656000,11657000,1.0,total_received
fd00::21c:1c:1c:1c,11700,11700000,11701000,5.0,total_received
fd00::21c:1c:1c:1c,12154,12154000,12155000,34.0,total_received
fd00::21c:1c:1c:1c,12166,12166000,12167000,2.0,total_received
fd00::21c:1c:1c:1c,12182,12182000,12183000,2.0,total_received
fd00::21c:1c:1c:1c,12196,12196000,12197000,1.0,total_received
fd00::21c:1c:1c:1c,12548,12548000,12549000,30.0,total_received
fd00::21c:1c:1c:1c,12574,12574000,12575000,1.0,total_received
fd00::21c:1c:1c:1c,12642,12642000,12643000,11.0,total_received
fd00::21c:1c:1c:1c,12659,12659000,12660000,3.0,total_received
fd00::21c:1c:1c:1c,12663,12663000,12664000,1.0,total_received
fd00::21c:1c:1c:1c,12673,12673000,12674000,1.0,total_received
fd00::21c:1c:1c:1c,12684,12684000,12685000,1.0,total_received
fd00::21c:1c:1c:1c,12694,12694000,12695000,1.0,total_received
fd00::21c:1c:1c:1c,12706,12706000,12707000,1.0,total_received
fd00::21c:1c:1c:1c,12716,12716000,12717000,1.0,total_received
fd00::21c:1c:1c:1c,12729,12729000,12730000,0.0,total_received
fd00::21c:1c:1c:1c,12896,12896000,12897000,17.0,total_received
fd00::21c:1c:1c:1c,12907,12907000,12908000,1.0,total_received
fd00::21c:1c:1c:1c,12917,12917000,12918000,1.0,total_received
fd00::21c:1c:1c:1c,13098,13098000,13099000,16.0,total_received
fd00::21c:1c:1c:1c,13108,13108000,13109000,1.0,total_received
fd00::21c:1c:1c:1c,13119,13119000,13120000,1.0,total_received
fd00::21c:1c:1c:1c,13129,13129000,13130000,1.0,total_received
fd00::21c:1c:1c:1c,13143,13143000,13144000,1.0,total_received
fd00::21c:1c:1c:1c,13156,13156000,13157000,1.0,total_received
fd00::21c:1c:1c:1c,13163,13163000,13164000,1.0,total_received
fd00::21c:1c:1c:1c,13172,13172000,13173000,1.0,total_received
fd00::21c:1c:1c:1c,13182,13182000,13183000,2.0,total_received
fd00::21c:1c:1c:1c,13193,13193000,13194000,1.0,total_received
fd00::21c:1c:1c:1c,14057,14057000,14058000,78.0,total_received
fd00::21c:1c:1c:1c,14316,14316000,14317000,16.0,total_received
fd00::21c:1c:1c:1c,14333,14333000,14334000,1.0,total_received
fd00::21c:1c:1c:1c,14497,14497000,14498000,15.0,total_received
fd00::21c:1c:1c:1c,14507,14507000,14508000,1.0,total_received
fd00::21c:1c:1c:1c,14526,14526000,14527000,1.0,total_received
fd00::21c:1c:1c:1c,15407,15407000,15408000,63.0,total_received
fd00::21c:1c:1c:1c,15418,15418000,15419000,1.0,total_received
fd00::21c:1c:1c:1c,15430,15430000,15431000,1.0,total_received
fd00::21c:1c:1c:1c,15537,15537000,15538000,9.0,total_received
fd00::21c:1c:1c:1c,15928,15928000,15929000,27.0,total_received
fd00::21c:1c:1c:1c,16435,16435000,16436000,34.0,total_received
fd00::21c:1c:1c:1c,16447,16447000,16448000,1.0,total_received
fd00::21c:1c:1c:1c,16459,16459000,16460000,1.0,total_received
fd00::21c:1c:1c:1c,16467,16467000,16468000,1.0,total_received
fd00::21c:1c:1c:1c,16478,16478000,16479000,0.0,total_received
fd00::21c:1c:1c:1c,16489,16489000,16490000,1.0,total_received
fd00::21c:1c:1c:1c,16502,16502000,16503000,0.0,total_received
fd00::21c:1c:1c:1c,16838,16838000,16839000,31.0,total_received
fd00::21c:1c:1c:1c,16853,16853000,16854000,1.0,total_received
fd00::21c:1c:1c:1c,16864,16864000,16865000,1.0,total_received
fd00::21c:1c:1c:1c,16874,16874000,16875000,1.0,total_received
fd00::21c:1c:1c:1c,16924,16924000,16925000,5.0,total_received
fd00::21c:1c:1c:1c,16943,16943000,16944000,2.0,total_received
fd00::21c:1c:1c:1c,17412,17412000,17413000,41.0,total_received
fd00::21c:1c:1c:1c,17425,17425000,17426000,0.0,total_received
fd00::21c:1c:1c:1c,17431,17431000,17432000,1.0,total_received
fd00::21c:1c:1c:1c,17449,17449000,17450000,1.0,total_received
fd00::21c:1c:1c:1c,17696,17696000,17697000,21.0,total_received
fd00::21c:1c:1c:1c,17707,17707000,17708000,1.0,total_received
fd00::21c:1c:1c:1c,17721,17721000,17722000,1.0,total_received
fd00::21c:1c:1c:1c,17728,17728000,17729000,1.0,total_received
fd00::21c:1c:1c:1c,17739,17739000,17740000,1.0,total_received
fd00::21c:1c:1c:1c,17749,17749000,17750000,1.0,total_received
fd00::21c:1c:1c:1c,17978,17978000,17979000,23.0,total_received
fd00::21c:1c:1c:1c,18046,18046000,18047000,6.0,total_received
fd00::21c:1c:1c:1c,18049,18049000,18050000,0.0,total_received
fd00::21c:1c:1c:1c,18072,18072000,18073000,1.0,total_received
fd00::21c:1c:1c:1c,18079,18079000,18080000,0.0,total_received
fd00::21c:1c:1c:1c,18105,18105000,18106000,2.0,total_received
fd00::21c:1c:1c:1c,18375,18375000,18376000,18.0,total_received
fd00::21c:1c:1c:1c,18388,18388000,18389000,2.0,total_received
fd00::21c:1c:1c:1c,18396,18396000,18397000,1.0,total_received
fd00::21c:1c:1c:1c,18406,18406000,18407000,1.0,total_received
fd00::21c:1c:1c:1c,18417,18417000,18418000,1.0,total_received
fd00::21c:1c:1c:1c,18427,18427000,18428000,1.0,total_received
fd00::21c:1c:1c:1c,18438,18438000,18439000,1.0,total_received
fd00::21c:1c:1c:1c,18449,18449000,18450000,1.0,total_received
fd00::21c:1c:1c:1c,18459,18459000,18460000,1.0,total_received
fd00::21c:1c:1c:1c,18472,18472000,18473000,1.0,total_received
fd00::21c:1c:1c:1c,18575,18575000,18576000,10.0,total_received
fd00::21c:1c:1c:1c,18767,18767000,18768000,19.0,total_received
fd00::21c:1c:1c:1c,18777,18777000,18778000,1.0,total_received
fd00::21c:1c:1c:1c,18788,18788000,18789000,1.0,total_received
fd00::21c:1c:1c:1c,18798,18798000,18799000,1.0,total_received
fd00::21c:1c:1c:1c,18809,18809000,18810000,1.0,total_received
fd00::21c:1c:1c:1c,18822,18822000,18823000,1.0,total_received
fd00::21c:1c:1c:1c,19042,19042000,19043000,22.0,total_received
fd00::21c:1c:1c:1c,19057,19057000,19058000,1.0,total_received
fd00::21c:1c:1c:1c,19063,19063000,19064000,1.0,total_received
fd00::21c:1c:1c:1c,19074,19074000,19075000,1.0,total_received
fd00::21c:1c:1c:1c,19088,19088000,19089000,1.0,total_received
fd00::21c:1c:1c:1c,19255,19255000,19256000,14.0,total_received
fd00::21c:1c:1c:1c,19276,19276000,19277000,1.0,total_received
fd00::21c:1c:1c:1c,19283,19283000,19284000,0.0,total_received
fd00::21c:1c:1c:1c,19297,19297000,19298000,0.0,total_received
fd00::21c:1c:1c:1c,19304,19304000,19305000,2.0,total_received
fd00::21c:1c:1c:1c,19331,19331000,19332000,1.0,total_received
fd00::21c:1c:1c:1c,19509,19509000,19510000,18.0,total_received
fd00::21c:1c:1c:1c,19520,19520000,19521000,1.0,total_received
fd00::21c:1c:1c:1c,19531,19531000,19532000,1.0,total_received
fd00::21c:1c:1c:1c,19542,19542000,19543000,0.0,total_received
fd00::21c:1c:1c:1c,19552,19552000,19553000,2.0,total_received
fd00::21c:1c:1c:1c,19563,19563000,19564000,0.0,total_received
fd00::21c:1c:1c:1c,19572,19572000,19573000,1.0,total_received
fd00::21c:1c:1c:1c,19585,19585000,19586000,2.0,total_received
fd00::21c:1c:1c:1c,19593,19593000,19594000,1.0,total_received
fd00::21c:1c:1c:1c,19605,19605000,19606000,1.0,total_received
fd00::21c:1c:1c:1c,19618,19618000,19619000,1.0,total_received
fd00::21c:1c:1c:1c,19625,19625000,19626000,1.0,total_received
fd00::21c:1c:1c:1c,19639,19639000,19640000,1.0,total_received
fd00::21c:1c:1c:1c,19646,19646000,19647000,1.0,total_received
fd00::21c:1c:1c:1c,19657,19657000,19658000,1.0,total_received
fd00::21c:1c:1c:1c,19667,19667000,19668000,0.0,total_received
fd00::21c:1c:1c:1c,19678,19678000,19679000,1.0,total_received
fd00::21c:1c:1c:1c,19689,19689000,19690000,0.0,total_received
fd00::21c:1c:1c:1c,19699,19699000,19700000,0.0,total_received
fd00::21c:1c:1c:1c,19710,19710000,19711000,1.0,total_received
fd00::21c:1c:1c:1c,19724,19724000,19725000,1.0,total_received
fd00::21c:1c:1c:1c,19731,19731000,19732000,2.0,total_received
fd00::21c:1c:1c:1c,19742,19742000,19743000,1.0,total_received
fd00::21c:1c:1c:1c,19753,19753000,19754000,0.0,total_received
fd00::21c:1c:1c:1c,19773,19773000,19774000,2.0,total_received
fd00::21c:1c:1c:1c,19938,19938000,19939000,12.0,total_received
fd00::21c:1c:1c:1c,20462,20462000,20463000,28.0,total_received
fd00::21c:1c:1c:1c,20480,20480000,20481000,2.0,total_received
fd00::21c:1c:1c:1c,20695,20695000,20696000,18.0,total_received
fd00::21c:1c:1c:1c,20706,20706000,20707000,1.0,total_received
fd00::21c:1c:1c:1c,20728,20728000,20729000,2.0,total_received
fd00::21c:1c:1c:1c,20738,20738000,20739000,1.0,total_received
fd00::21c:1c:1c:1c,20748,20748000,20749000,1.0,total_received
fd00::21c:1c:1c:1c,20759,20759000,20760000,1.0,total_received
fd00::21c:1c:1c:1c,20770,20770000,20771000,1.0,total_received
fd00::21c:1c:1c:1c,20793,20793000,20794000,3.0,total_received
fd00::21c:1c:1c:1c,20801,20801000,20802000,1.0,total_received
fd00::21c:1c:1c:1c,20812,20812000,20813000,0.0,total_received
fd00::21c:1c:1c:1c,20822,20822000,20823000,1.0,total_received
fd00::21c:1c:1c:1c,20834,20834000,20835000,1.0,total_received
fd00::21c:1c:1c:1c,20849,20849000,20850000,1.0,total_received
fd00::21c:1c:1c:1c,20854,20854000,20855000,0.0,total_received
fd00::21c:1c:1c:1c,20868,20868000,20869000,0.0,total_received
fd00::21c:1c:1c:1c,20878,20878000,20879000,0.0,total_received
fd00::21c:1c:1c:1c,21247,21247000,21248000,18.0,total_received
fd00::21c:1c:1c:1c,21257,21257000,21258000,1.0,total_received
fd00::21d:1d:1d:1d,22,22000,23000,0.0,total_received
fd00::21d:1d:1d:1d,38,38000,39000,1.0,total_received
fd00::21d:1d:1d:1d,44,44000,45000,1.0,total_received
fd00::21d:1d:1d:1d,59,59000,60000,1.0,total_received
fd00::21d:1d:1d:1d,74,74000,75000,1.0,total_received
fd00::21d:1d:1d:1d,239,239000,240000,14.0,total_received
fd00::21d:1d:1d:1d,255,255000,256000,2.0,total_received
fd00::21d:1d:1d:1d,269,269000,270000,1.0,total_received
fd00::21d:1d:1d:1d,479,479000,480000,14.0,total_received
fd00::21d:1d:1d:1d,491,491000,492000,2.0,total_received
fd00::21d:1d:1d:1d,511,511000,512000,1.0,total_received
fd00::21d:1d:1d:1d,686,686000,687000,16.0,total_received
fd00::21d:1d:1d:1d,697,697000,698000,1.0,total_received
fd00::21d:1d:1d:1d,707,707000,708000,1.0,total_received
fd00::21d:1d:1d:1d,718,718000,719000,1.0,total_received
fd00::21d:1d:1d:1d,1104,1104000,1105000,28.0,total_received
fd00::21d:1d:1d:1d,1116,1116000,1117000,1.0,total_received
fd00::21d:1d:1d:1d,1127,1127000,1128000,1.0,total_received
fd00::21d:1d:1d:1d,1132,1132000,1133000,1.0,total_received
fd00::21d:1d:1d:1d,1145,1145000,1146000,2.0,total_received
fd00::21d:1d:1d:1d,1154,1154000,1155000,0.0,total_received
fd00::21d:1d:1d:1d,1165,1165000,1166000,1.0,total_received
fd00::21d:1d:1d:1d,1178,1178000,1179000,1.0,total_received
fd00::21d:1d:1d:1d,1186,1186000,1187000,0.0,total_received
fd00::21d:1d:1d:1d,1404,1404000,1405000,22.0,total_received
fd00::21d:1d:1d:1d,1416,1416000,1417000,1.0,total_received
fd00::21d:1d:1d:1d,1426,1426000,1427000,1.0,total_received
fd00::21d:1d:1d:1d,1437,1437000,1438000,1.0,total_received
fd00::21d:1d:1d:1d,1449,1449000,1450000,1.0,total_received
fd00::21d:1d:1d:1d,1623,1623000,1624000,16.0,total_received
fd00::21d:1d:1d:1d,1637,1637000,1638000,1.0,total_received
fd00::21d:1d:1d:1d,1644,1644000,1645000,1.0,total_received
fd00::21d:1d:1d:1d,1655,1655000,1656000,0.0,total_received
fd00::21d:1d:1d:1d,1667,1667000,1668000,2.0,total_received
fd00::21d:1d:1d:1d,1688,1688000,1689000,1.0,total_received
fd00::21d:1d:1d:1d,2395,2395000,2396000,65.0,total_received
fd00::21d:1d:1d:1d,2406,2406000,2407000,1.0,total_received
fd00::21d:1d:1d:1d,2419,2419000,2420000,1.0,total_received
fd00::21d:1d:1d:1d,3085,3085000,3086000,46.0,total_received
fd00::21d:1d:1d:1d,3093,3093000,3094000,1.0,total_received
fd00::21d:1d:1d:1d,3103,3103000,3104000,1.0,total_received
fd00::21d:1d:1d:1d,3114,3114000,3115000,1.0,total_received
fd00::21d:1d:1d:1d,3148,3148000,3149000,1.0,total_received
fd00::21d:1d:1d:1d,3519,3519000,3520000,32.0,total_received
fd00::21d:1d:1d:1d,3527,3527000,3528000,1.0,total_received
fd00::21d:1d:1d:1d,3538,3538000,3539000,1.0,total_received
fd00::21d:1d:1d:1d,3778,3778000,3779000,22.0,total_received
fd00::21d:1d:1d:1d,3788,3788000,3789000,1.0,total_received
fd00::21d:1d:1d:1d,3799,3799000,3800000,1.0,total_received
fd00::21d:1d:1d:1d,3814,3814000,3815000,2.0,total_received
fd00::21d:1d:1d:1d,3835,3835000,3836000,2.0,total_received
fd00::21d:1d:1d:1d,4344,4344000,4345000,46.0,total_received
fd00::21d:1d:1d:1d,4357,4357000,4358000,1.0,total_received
fd00::21d:1d:1d:1d,4572,4572000,4573000,20.0,total_received
fd00::21d:1d:1d:1d,4587,4587000,4588000,1.0,total_received
fd00::21d:1d:1d:1d,4595,4595000,4596000,1.0,total_received
fd00::21d:1d:1d:1d,4605,4605000,4606000,1.0,total_received
fd00::21d:1d:1d:1d,4616,4616000,4617000,1.0,total_received
fd00::21d:1d:1d:1d,4636,4636000,4637000,1.0,total_received
fd00::21d:1d:1d:1d,4946,4946000,4947000,29.0,total_received
fd00::21d:1d:1d:1d,4954,4954000,4955000,0.0,total_received
fd00::21d:1d:1d:1d,4971,4971000,4972000,2.0,total_received
fd00::21d:1d:1d:1d,5770,5770000,5771000,64.0,total_received
fd00::21d:1d:1d:1d,5781,5781000,5782000,2.0,total_received
fd00::21d:1d:1d:1d,5792,5792000,5793000,1.0,total_received
fd00::21d:1d:1d:1d,5803,5803000,5804000,1.0,total_received
fd00::21d:1d:1d:1d,5814,5814000,5815000,1.0,total_received
fd00::21d:1d:1d:1d,5824,5824000,5825000,1.0,total_received
fd00::21d:1d:1d:1d,5835,5835000,5836000,1.0,total_received
fd00::21d:1d:1d:1d,5846,5846000,5847000,0.0,total_received
fd00::21d:1d:1d:1d,5857,5857000,5858000,1.0,total_received
fd00::21d:1d:1d:1d,5869,5869000,5870000,1.0,total_received
fd00::21d:1d:1d:1d,5879,5879000,5880000,1.0,total_received
fd00::21d:1d:1d:1d,5892,5892000,5893000,2.0,total_received
fd00::21d:1d:1d:1d,5913,5913000,5914000,1.0,total_received
fd00::21d:1d:1d:1d,6195,6195000,6196000,14.0,total_received
fd00::21d:1d:1d:1d,6205,6205000,6206000,1.0,total_received
fd00::21d:1d:1d:1d,6218,6218000,6219000,1.0,total_received
fd00::21d:1d:1d:1d,6248,6248000,6249000,1.0,total_received
fd00::21d:1d:1d:1d,6393,6393000,6394000,13.0,total_received
fd00::21d:1d:1d:1d,6405,6405000,6406000,0.0,total_received
fd00::21d:1d:1d:1d,6413,6413000,6414000,2.0,total_received
fd00::21d:1d:1d:1d,6423,6423000,6424000,1.0,total_received
fd00::21d:1d:1d:1d,6434,6434000,6435000,1.0,total_received
fd00::21d:1d:1d:1d,6445,6445000,6446000,1.0,total_received
fd00::21d:1d:1d:1d,6456,6456000,6457000,1.0,total_received
fd00::21d:1d:1d:1d,6468,6468000,6469000,1.0,total_received
fd00::21d:1d:1d:1d,6478,6478000,6479000,0.0,total_received
fd00::21d:1d:1d:1d,7675,7675000,7676000,105.0,total_received
fd00::21d:1d:1d:1d,7688,7688000,7689000,1.0,total_received
fd00::21d:1d:1d:1d,8155,8155000,8156000,38.0,total_received
fd00::21d:1d:1d:1d,8166,8166000,8167000,1.0,total_received
fd00::21d:1d:1d:1d,8176,8176000,8177000,1.0,total_received
fd00::21d:1d:1d:1d,8339,8339000,8340000,16.0,total_received
fd00::21d:1d:1d:1d,8352,8352000,8353000,2.0,total_received
fd00::21d:1d:1d:1d,8361,8361000,8362000,1.0,total_received
fd00::21d:1d:1d:1d,8373,8373000,8374000,1.0,total_received
fd00::21d:1d:1d:1d,8383,8383000,8384000,1.0,total_received
fd00::21d:1d:1d:1d,8397,8397000,8398000,1.0,total_received
fd00::21d:1d:1d:1d,8405,8405000,8406000,1.0,total_received
fd00::21d:1d:1d:1d,8415,8415000,8416000,1.0,total_received
fd00::21d:1d:1d:1d,8429,8429000,8430000,1.0,total_received
fd00::21d:1d:1d:1d,8438,8438000,8439000,1.0,total_received
fd00::21d:1d:1d:1d,8448,8448000,8449000,1.0,total_received
fd00::21d:1d:1d:1d,8604,8604000,8605000,16.0,total_received
fd00::21d:1d:1d:1d,8616,8616000,8617000,1.0,total_received
fd00::21d:1d:1d:1d,8627,8627000,8628000,1.0,total_received
fd00::21d:1d:1d:1d,8638,8638000,8639000,1.0,total_received
fd00::21d:1d:1d:1d,8851,8851000,8852000,17.0,total_received
fd00::21d:1d:1d:1d,9156,9156000,9157000,29.0,total_received
fd00::21d:1d:1d:1d,9333,9333000,9334000,16.0,total_received
fd00::21d:1d:1d:1d,9341,9341000,9342000,1.0,total_received
fd00::21d:1d:1d:1d,9352,9352000,9353000,1.0,total_received
fd00::21d:1d:1d:1d,9364,9364000,9365000,1.0,total_received
fd00::21d:1d:1d:1d,9373,9373000,9374000,1.0,total_received
fd00::21d:1d:1d:1d,9384,9384000,9385000,1.0,total_received
fd00::21d:1d:1d:1d,9395,9395000,9396000,1.0,total_received
fd00::21d:1d:1d:1d,9406,9406000,9407000,1.0,total_received
fd00::21d:1d:1d:1d,9417,9417000,9418000,1.0,total_received
fd00::21d:1d:1d:1d,9428,9428000,9429000,1.0,total_received
fd00::21d:1d:1d:1d,9439,9439000,9440000,1.0,total_received
fd00::21d:1d:1d:1d,9452,9452000,9453000,1.0,total_received
fd00::21d:1d:1d:1d,9462,9462000,9463000,1.0,total_received
fd00::21d:1d:1d:1d,9474,9474000,9475000,1.0,total_received
fd00::21d:1d:1d:1d,9483,9483000,9484000,1.0,total_received
fd00::21d:1d:1d:1d,9494,9494000,9495000,2.0,total_received
fd00::21d:1d:1d:1d,9504,9504000,9505000,1.0,total_received
fd00::21d:1d:1d:1d,9515,9515000,9516000,1.0,total_received
fd00::21d:1d:1d:1d,9527,9527000,9528000,1.0,total_received
fd00::21d:1d:1d:1d,9537,9537000,9538000,1.0,total_received
fd00::21d:1d:1d:1d,9548,9548000,9549000,1.0,total_received
fd00::21d:1d:1d:1d,9567,9567000,9568000,1.0,total_received
fd00::21d:1d:1d:1d,9722,9722000,9723000,11.0,total_received
fd00::21d:1d:1d:1d,9736,9736000,9737000,3.0,total_received
fd00::21d:1d:1d:1d,9745,9745000,9746000,2.0,total_received
fd00::21d:1d:1d:1d,9762,9762000,9763000,2.0,total_received
fd00::21d:1d:1d:1d,9768,9768000,9769000,1.0,total_received
fd00::21d:1d:1d:1d,9776,9776000,9777000,0.0,total_received
fd00::21d:1d:1d:1d,10103,10103000,10104000,26.0,total_received
fd00::21d:1d:1d:1d,10107,10107000,10108000,0.0,total_received
fd00::21d:1d:1d:1d,10126,10126000,10127000,3.0,total_received
fd00::21d:1d:1d:1d,10299,10299000,10300000,17.0,total_received
fd00::21d:1d:1d:1d,10311,10311000,10312000,1.0,total_received
fd00::21d:1d:1d:1d,10334,10334000,10335000,2.0,total_received
fd00::21d:1d:1d:1d,10354,10354000,10355000,1.0,total_received
fd00::21d:1d:1d:1d,10365,10365000,10366000,0.0,total_received
fd00::21d:1d:1d:1d,10375,10375000,10376000,0.0,total_received
fd00::21d:1d:1d:1d,10387,10387000,10388000,1.0,total_received
fd00::21d:1d:1d:1d,10398,10398000,10399000,1.0,total_received
fd00::21d:1d:1d:1d,10413,10413000,10414000,0.0,total_received
fd00::21d:1d:1d:1d,10756,10756000,10757000,15.0,total_received
fd00::21d:1d:1d:1d,10771,10771000,10772000,4.0,total_received
fd00::21d:1d:1d:1d,11099,11099000,11100000,28.0,total_received
fd00::21d:1d:1d:1d,11116,11116000,11117000,1.0,total_received
fd00::21d:1d:1d:1d,11301,11301000,11302000,19.0,total_received
fd00::21d:1d:1d:1d,11313,11313000,11314000,0.0,total_received
fd00::21d:1d:1d:1d,11323,11323000,11324000,1.0,total_received
fd00::21d:1d:1d:1d,11336,11336000,11337000,1.0,total_received
fd00::21d:1d:1d:1d,11344,11344000,11345000,1.0,total_received
fd00::21d:1d:1d:1d,11355,11355000,11356000,1.0,total_received
fd00::21d:1d:1d:1d,11366,11366000,11367000,1.0,total_received
fd00::21d:1d:1d:1d,11377,11377000,11378000,1.0,total_received
fd00::21d:1d:1d:1d,11388,11388000,11389000,0.0,total_received
fd00::21d:1d:1d:1d,11403,11403000,11404000,0.0,total_received
fd00::21d:1d:1d:1d,11412,11412000,11413000,0.0,total_received
fd00::21d:1d:1d:1d,11616,11616000,11617000,21.0,total_received
fd00::21d:1d:1d:1d,11627,11627000,11628000,1.0,total_received
fd00::21d:1d:1d:1d,11638,11638000,11639000,0.0,total_received
fd00::21d:1d:1d:1d,11649,11649000,11650000,0.0,total_received
fd00::21d:1d:1d:1d,11663,11663000,11664000,1.0,total_received
fd00::21d:1d:1d:1d,11671,11671000,11672000,1.0,total_received
fd00::21d:1d:1d:1d,11687,11687000,11688000,1.0,total_received
fd00::21d:1d:1d:1d,11697,11697000,11698000,0.0,total_received
fd00::21d:1d:1d:1d,11711,11711000,11712000,1.0,total_received
fd00::21d:1d:1d:1d,11725,11725000,11726000,1.0,total_received
fd00::21d:1d:1d:1d,11905,11905000,11906000,24.0,total_received
fd00::21d:1d:1d:1d,11912,11912000,11913000,1.0,total_received
fd00::21d:1d:1d:1d,11921,11921000,11922000,0.0,total_received
fd00::21d:1d:1d:1d,11932,11932000,11933000,0.0,total_received
fd00::21d:1d:1d:1d,12314,12314000,12315000,35.0,total_received
fd00::21d:1d:1d:1d,12333,12333000,12334000,2.0,total_received
fd00::21d:1d:1d:1d,12532,12532000,12533000,18.0,total_received
fd00::21d:1d:1d:1d,12547,12547000,12548000,0.0,total_received
fd00::21d:1d:1d:1d,12554,12554000,12555000,1.0,total_received
fd00::21d:1d:1d:1d,12572,12572000,12573000,1.0,total_received
fd00::21d:1d:1d:1d,12804,12804000,12805000,25.0,total_received
fd00::21d:1d:1d:1d,12818,12818000,12819000,1.0,total_received
fd00::21d:1d:1d:1d,13217,13217000,13218000,39.0,total_received
fd00::21d:1d:1d:1d,13489,13489000,13490000,20.0,total_received
fd00::21d:1d:1d:1d,13512,13512000,13513000,1.0,total_received
fd00::21d:1d:1d:1d,13707,13707000,13708000,21.0,total_received
fd00::21d:1d:1d:1d,13717,13717000,13718000,1.0,total_received
fd00::21d:1d:1d:1d,13731,13731000,13732000,1.0,total_received
fd00::21d:1d:1d:1d,13749,13749000,13750000,1.0,total_received
fd00::21d:1d:1d:1d,14218,14218000,14219000,45.0,total_received
fd00::21d:1d:1d:1d,14229,14229000,14230000,1.0,total_received
fd00::21d:1d:1d:1d,14284,14284000,14285000,3.0,total_received
fd00::21d:1d:1d:1d,14447,14447000,14448000,11.0,total_received
fd00::21d:1d:1d:1d,14458,14458000,14459000,1.0,total_received
fd00::21d:1d:1d:1d,14474,14474000,14475000,1.0,total_received
fd00::21d:1d:1d:1d,14787,14787000,14788000,31.0,total_received
fd00::21d:1d:1d:1d,14901,14901000,14902000,10.0,total_received
fd00::21d:1d:1d:1d,15057,15057000,15058000,16.0,total_received
fd00::21d:1d:1d:1d,15481,15481000,15482000,30.0,total_received
fd00::21d:1d:1d:1d,15494,15494000,15495000,1.0,total_received
fd00::21d:1d:1d:1d,15504,15504000,15505000,1.0,total_received
fd00::21d:1d:1d:1d,15514,15514000,15515000,1.0,total_received
fd00::21d:1d:1d:1d,15525,15525000,15526000,1.0,total_received
fd00::21d:1d:1d:1d,15725,15725000,15726000,18.0,total_received
fd00::21d:1d:1d:1d,15738,15738000,15739000,0.0,total_received
fd00::21d:1d:1d:1d,16083,16083000,16084000,21.0,total_received
fd00::21d:1d:1d:1d,16099,16099000,16100000,2.0,total_received
fd00::21d:1d:1d:1d,16106,16106000,16107000,1.0,total_received
fd00::21d:1d:1d:1d,16246,16246000,16247000,17.0,total_received
fd00::21d:1d:1d:1d,16993,16993000,16994000,42.0,total_received
fd00::21d:1d:1d:1d,17423,17423000,17424000,29.0,total_received
fd00::21d:1d:1d:1d,17431,17431000,17432000,2.0,total_received
fd00::21d:1d:1d:1d,17759,17759000,17760000,23.0,total_received
fd00::21d:1d:1d:1d,17814,17814000,17815000,2.0,total_received
fd00::21d:1d:1d:1d,18019,18019000,18020000,21.0,total_received
fd00::21d:1d:1d:1d,18034,18034000,18035000,1.0,total_received
fd00::21d:1d:1d:1d,18046,18046000,18047000,1.0,total_received
fd00::21d:1d:1d:1d,18052,18052000,18053000,0.0,total_received
fd00::21d:1d:1d:1d,18072,18072000,18073000,1.0,total_received
fd00::21d:1d:1d:1d,18083,18083000,18084000,0.0,total_received
fd00::21d:1d:1d:1d,18102,18102000,18103000,2.0,total_received
fd00::21d:1d:1d:1d,18292,18292000,18293000,20.0,total_received
fd00::21d:1d:1d:1d,18304,18304000,18305000,1.0,total_received
fd00::21d:1d:1d:1d,18317,18317000,18318000,1.0,total_received
fd00::21d:1d:1d:1d,18554,18554000,18555000,23.0,total_received
fd00::21d:1d:1d:1d,18563,18563000,18564000,1.0,total_received
fd00::21d:1d:1d:1d,18588,18588000,18589000,0.0,total_received
fd00::21d:1d:1d:1d,18627,18627000,18628000,4.0,total_received
fd00::21d:1d:1d:1d,18638,18638000,18639000,1.0,total_received
fd00::21d:1d:1d:1d,18652,18652000,18653000,1.0,total_received
fd00::21d:1d:1d:1d,18683,18683000,18684000,1.0,total_received
fd00::21d:1d:1d:1d,18769,18769000,18770000,12.0,total_received
fd00::21d:1d:1d:1d,18784,18784000,18785000,1.0,total_received
fd00::21d:1d:1d:1d,18791,18791000,18792000,2.0,total_received
fd00::21d:1d:1d:1d,18802,18802000,18803000,0.0,total_received
fd00::21d:1d:1d:1d,18813,18813000,18814000,2.0,total_received
fd00::21d:1d:1d:1d,18824,18824000,18825000,1.0,total_received
fd00::21d:1d:1d:1d,18834,18834000,18835000,1.0,total_received
fd00::21d:1d:1d:1d,18845,18845000,18846000,1.0,total_received
fd00::21d:1d:1d:1d,18856,18856000,18857000,1.0,total_received
fd00::21d:1d:1d:1d,19054,19054000,19055000,18.0,total_received
fd00::21d:1d:1d:1d,19648,19648000,19649000,48.0,total_received
fd00::21d:1d:1d:1d,19652,19652000,19653000,1.0,total_received
fd00::21d:1d:1d:1d,19662,19662000,19663000,0.0,total_received
fd00::21d:1d:1d:1d,19674,19674000,19675000,1.0,total_received
fd00::21d:1d:1d:1d,19684,19684000,19685000,0.0,total_received
fd00::21d:1d:1d:1d,19700,19700000,19701000,1.0,total_received
fd00::21d:1d:1d:1d,19705,19705000,19706000,1.0,total_received
fd00::21d:1d:1d:1d,19724,19724000,19725000,1.0,total_received
fd00::21d:1d:1d:1d,19747,19747000,19748000,1.0,total_received
fd00::21d:1d:1d:1d,19760,19760000,19761000,2.0,total_received
fd00::21d:1d:1d:1d,19776,19776000,19777000,0.0,total_received
fd00::21d:1d:1d:1d,20147,20147000,20148000,30.0,total_received
fd00::21d:1d:1d:1d,20511,20511000,20512000,25.0,total_received
fd00::21d:1d:1d:1d,20527,20527000,20528000,3.0,total_received
fd00::21d:1d:1d:1d,21485,21485000,21486000,43.0,total_received
fd00::21d:1d:1d:1d,21491,21491000,21492000,0.0,total_received
fd00::21d:1d:1d:1d,21509,21509000,21510000,1.0,total_received
fd00::21d:1d:1d:1d,21567,21567000,21568000,3.0,total_received
fd00::21d:1d:1d:1d,21586,21586000,21587000,3.0,total_received
fd00::21e:1e:1e:1e,411,411000,412000,0.0,total_received
fd00::21e:1e:1e:1e,6202,6202000,6203000,42.0,total_received
fd00::21e:1e:1e:1e,6217,6217000,6218000,1.0,total_received
fd00::21e:1e:1e:1e,6233,6233000,6234000,0.0,total_received
fd00::21e:1e:1e:1e,6252,6252000,6253000,1.0,total_received
fd00::21e:1e:1e:1e,6305,6305000,6306000,0.0,total_received
fd00::21e:1e:1e:1e,6317,6317000,6318000,1.0,total_received
fd00::21e:1e:1e:1e,6398,6398000,6399000,13.0,total_received
fd00::21e:1e:1e:1e,6408,6408000,6409000,1.0,total_received
fd00::21e:1e:1e:1e,6422,6422000,6423000,2.0,total_received
fd00::21e:1e:1e:1e,6429,6429000,6430000,0.0,total_received
fd00::21e:1e:1e:1e,6448,6448000,6449000,1.0,total_received
fd00::21e:1e:1e:1e,6461,6461000,6462000,0.0,total_received
fd00::21e:1e:1e:1e,6469,6469000,6470000,1.0,total_received
fd00::21e:1e:1e:1e,7663,7663000,7664000,23.0,total_received
fd00::21e:1e:1e:1e,10074,10074000,10075000,28.0,total_received
fd00::21e:1e:1e:1e,10084,10084000,10085000,1.0,total_received
fd00::21e:1e:1e:1e,15544,15544000,15545000,137.0,total_received
fd00::21e:1e:1e:1e,15999,15999000,16000000,30.0,total_received
fd00::21e:1e:1e:1e,16466,16466000,16467000,6.0,total_received
fd00::21e:1e:1e:1e,16476,16476000,16477000,0.0,total_received
fd00::21e:1e:1e:1e,16977,16977000,16978000,9.0,total_received
fd00::21e:1e:1e:1e,16986,16986000,16987000,1.0,total_received
fd00::21e:1e:1e:1e,16997,16997000,16998000,0.0,total_received
fd00::21e:1e:1e:1e,17645,17645000,17646000,37.0,total_received
fd00::21e:1e:1e:1e,18018,18018000,18019000,24.0,total_received
fd00::21e:1e:1e:1e,18034,18034000,18035000,2.0,total_received
fd00::21e:1e:1e:1e,18043,18043000,18044000,1.0,total_received
fd00::21f:1f:1f:1f,10315,10315000,10316000,0.0,total_received
fd00::221:21:21:21,21,21000,22000,0.0,total_received
fd00::221:21:21:21,36,36000,37000,1.0,total_received
fd00::221:21:21:21,42,42000,43000,0.0,total_received
fd00::221:21:21:21,53,53000,54000,1.0,total_received
fd00::221:21:21:21,79,79000,80000,3.0,total_received
fd00::221:21:21:21,98,98000,99000,1.0,total_received
fd00::221:21:21:21,292,292000,293000,20.0,total_received
fd00::221:21:21:21,609,609000,610000,22.0,total_received
fd00::221:21:21:21,619,619000,620000,1.0,total_received
fd00::221:21:21:21,629,629000,630000,2.0,total_received
fd00::221:21:21:21,639,639000,640000,3.0,total_received
fd00::221:21:21:21,655,655000,656000,2.0,total_received
fd00::221:21:21:21,661,661000,662000,1.0,total_received
fd00::221:21:21:21,673,673000,674000,1.0,total_received
fd00::221:21:21:21,684,684000,685000,1.0,total_received
fd00::221:21:21:21,694,694000,695000,1.0,total_received
fd00::221:21:21:21,704,704000,705000,1.0,total_received
fd00::221:21:21:21,718,718000,719000,1.0,total_received
fd00::221:21:21:21,725,725000,726000,1.0,total_received
fd00::221:21:21:21,1144,1144000,1145000,38.0,total_received
fd00::221:21:21:21,1154,1154000,1155000,1.0,total_received
fd00::221:21:21:21,1162,1162000,1163000,1.0,total_received
fd00::221:21:21:21,1178,1178000,1179000,1.0,total_received
fd00::221:21:21:21,1186,1186000,1187000,1.0,total_received
fd00::221:21:21:21,1199,1199000,1200000,1.0,total_received
fd00::221:21:21:21,1407,1407000,1408000,20.0,total_received
fd00::221:21:21:21,1419,1419000,1420000,1.0,total_received
fd00::221:21:21:21,1429,1429000,1430000,1.0,total_received
fd00::221:21:21:21,1439,1439000,1440000,1.0,total_received
fd00::221:21:21:21,1451,1451000,1452000,1.0,total_received
fd00::221:21:21:21,1463,1463000,1464000,2.0,total_received
fd00::221:21:21:21,1658,1658000,1659000,16.0,total_received
fd00::221:21:21:21,1665,1665000,1666000,1.0,total_received
fd00::221:21:21:21,1686,1686000,1687000,0.0,total_received
fd00::221:21:21:21,2037,2037000,2038000,20.0,total_received
fd00::221:21:21:21,2049,2049000,2050000,1.0,total_received
fd00::221:21:21:21,2061,2061000,2062000,1.0,total_received
fd00::221:21:21:21,2073,2073000,2074000,1.0,total_received
fd00::221:21:21:21,2084,2084000,2085000,1.0,total_received
fd00::221:21:21:21,3146,3146000,3147000,37.0,total_received
fd00::221:21:21:21,3161,3161000,3162000,1.0,total_received
fd00::221:21:21:21,3170,3170000,3171000,1.0,total_received
fd00::221:21:21:21,3395,3395000,3396000,22.0,total_received
fd00::221:21:21:21,3402,3402000,3403000,0.0,total_received
fd00::221:21:21:21,3426,3426000,3427000,2.0,total_received
fd00::221:21:21:21,3626,3626000,3627000,20.0,total_received
fd00::221:21:21:21,3638,3638000,3639000,1.0,total_received
fd00::221:21:21:21,3647,3647000,3648000,1.0,total_received
fd00::221:21:21:21,3658,3658000,3659000,1.0,total_received
fd00::221:21:21:21,3882,3882000,3883000,19.0,total_received
fd00::221:21:21:21,3892,3892000,3893000,2.0,total_received
fd00::221:21:21:21,3906,3906000,3907000,1.0,total_received
fd00::221:21:21:21,3918,3918000,3919000,1.0,total_received
fd00::221:21:21:21,6326,6326000,6327000,184.0,total_received
fd00::221:21:21:21,6335,6335000,6336000,1.0,total_received
fd00::221:21:21:21,6349,6349000,6350000,1.0,total_received
fd00::221:21:21:21,6356,6356000,6357000,1.0,total_received
fd00::221:21:21:21,6367,6367000,6368000,1.0,total_received
fd00::221:21:21:21,6399,6399000,6400000,3.0,total_received
fd00::221:21:21:21,6414,6414000,6415000,1.0,total_received
fd00::221:21:21:21,6425,6425000,6426000,1.0,total_received
fd00::221:21:21:21,6438,6438000,6439000,1.0,total_received
fd00::221:21:21:21,6463,6463000,6464000,2.0,total_received
fd00::221:21:21:21,6487,6487000,6488000,1.0,total_received
fd00::221:21:21:21,6719,6719000,6720000,17.0,total_received
fd00::221:21:21:21,6729,6729000,6730000,1.0,total_received
fd00::221:21:21:21,6942,6942000,6943000,21.0,total_received
fd00::221:21:21:21,6964,6964000,6965000,1.0,total_received
fd00::221:21:21:21,7423,7423000,7424000,37.0,total_received
fd00::221:21:21:21,7433,7433000,7434000,1.0,total_received
fd00::221:21:21:21,7449,7449000,7450000,1.0,total_received
fd00::221:21:21:21,7704,7704000,7705000,13.0,total_received
fd00::221:21:21:21,7916,7916000,7917000,21.0,total_received
fd00::221:21:21:21,7926,7926000,7927000,1.0,total_received
fd00::221:21:21:21,7934,7934000,7935000,1.0,total_received
fd00::221:21:21:21,7946,7946000,7947000,1.0,total_received
fd00::221:21:21:21,7957,7957000,7958000,1.0,total_received
fd00::221:21:21:21,7967,7967000,7968000,1.0,total_received
fd00::221:21:21:21,7978,7978000,7979000,1.0,total_received
fd00::221:21:21:21,8148,8148000,8149000,17.0,total_received
fd00::221:21:21:21,8158,8158000,8159000,1.0,total_received
fd00::221:21:21:21,8171,8171000,8172000,1.0,total_received
fd00::221:21:21:21,8185,8185000,8186000,1.0,total_received
fd00::221:21:21:21,8199,8199000,8200000,2.0,total_received
fd00::221:21:21:21,8404,8404000,8405000,18.0,total_received
fd00::221:21:21:21,8415,8415000,8416000,1.0,total_received
fd00::221:21:21:21,8425,8425000,8426000,1.0,total_received
fd00::221:21:21:21,8439,8439000,8440000,1.0,total_received
fd00::221:21:21:21,9152,9152000,9153000,64.0,total_received
fd00::221:21:21:21,9163,9163000,9164000,1.0,total_received
fd00::221:21:21:21,9173,9173000,9174000,1.0,total_received
fd00::221:21:21:21,9182,9182000,9183000,1.0,total_received
fd00::221:21:21:21,9193,9193000,9194000,1.0,total_received
fd00::221:21:21:21,9203,9203000,9204000,1.0,total_received
fd00::221:21:21:21,9214,9214000,9215000,1.0,total_received
fd00::221:21:21:21,9225,9225000,9226000,1.0,total_received
fd00::221:21:21:21,9235,9235000,9236000,1.0,total_received
fd00::221:21:21:21,9246,9246000,9247000,1.0,total_received
fd00::221:21:21:21,9257,9257000,9258000,1.0,total_received
fd00::221:21:21:21,9267,9267000,9268000,1.0,total_received
fd00::221:21:21:21,9278,9278000,9279000,1.0,total_received
fd00::221:21:21:21,9289,9289000,9290000,1.0,total_received
fd00::221:21:21:21,9299,9299000,9300000,1.0,total_received
fd00::221:21:21:21,9313,9313000,9314000,2.0,total_received
fd00::221:21:21:21,9323,9323000,9324000,1.0,total_received
fd00::221:21:21:21,9332,9332000,9333000,1.0,total_received
fd00::221:21:21:21,9345,9345000,9346000,1.0,total_received
fd00::221:21:21:21,9354,9354000,9355000,1.0,total_received
fd00::221:21:21:21,9366,9366000,9367000,1.0,total_received
fd00::221:21:21:21,9374,9374000,9375000,1.0,total_received
fd00::221:21:21:21,9385,9385000,9386000,1.0,total_received
fd00::221:21:21:21,9396,9396000,9397000,1.0,total_received
fd00::221:21:21:21,9406,9406000,9407000,1.0,total_received
fd00::221:21:21:21,9417,9417000,9418000,1.0,total_received
fd00::221:21:21:21,9427,9427000,9428000,1.0,total_received
fd00::221:21:21:21,9439,9439000,9440000,1.0,total_received
fd00::221:21:21:21,9449,9449000,9450000,1.0,total_received
fd00::221:21:21:21,9459,9459000,9460000,1.0,total_received
fd00::221:21:21:21,9474,9474000,9475000,1.0,total_received
fd00::221:21:21:21,9482,9482000,9483000,2.0,total_received
fd00::221:21:21:21,9492,9492000,9493000,1.0,total_received
fd00::221:21:21:21,9503,9503000,9504000,1.0,total_received
fd00::221:21:21:21,9513,9513000,9514000,1.0,total_received
fd00::221:21:21:21,9523,9523000,9524000,1.0,total_received
fd00::221:21:21:21,9536,9536000,9537000,1.0,total_received
fd00::221:21:21:21,9545,9545000,9546000,1.0,total_received
fd00::221:21:21:21,9558,9558000,9559000,1.0,total_received
fd00::221:21:21:21,9705,9705000,9706000,13.0,total_received
fd00::221:21:21:21,9716,9716000,9717000,1.0,total_received
fd00::221:21:21:21,10067,10067000,10068000,15.0,total_received
fd00::221:21:21:21,10078,10078000,10079000,1.0,total_received
fd00::221:21:21:21,10089,10089000,10090000,1.0,total_received
fd00::221:21:21:21,10132,10132000,10133000,0.0,total_received
fd00::221:21:21:21,10148,10148000,10149000,0.0,total_received
fd00::221:21:21:21,10366,10366000,10367000,24.0,total_received
fd00::221:21:21:21,10377,10377000,10378000,1.0,total_received
fd00::221:21:21:21,10387,10387000,10388000,1.0,total_received
fd00::221:21:21:21,10398,10398000,10399000,1.0,total_received
fd00::221:21:21:21,10413,10413000,10414000,1.0,total_received
fd00::221:21:21:21,10419,10419000,10420000,1.0,total_received
fd00::221:21:21:21,10436,10436000,10437000,2.0,total_received
fd00::221:21:21:21,10448,10448000,10449000,1.0,total_received
fd00::221:21:21:21,10685,10685000,10686000,22.0,total_received
fd00::221:21:21:21,10949,10949000,10950000,24.0,total_received
fd00::221:21:21:21,11177,11177000,11178000,17.0,total_received
fd00::221:21:21:21,11188,11188000,11189000,2.0,total_received
fd00::221:21:21:21,11402,11402000,11403000,20.0,total_received
fd00::221:21:21:21,11408,11408000,11409000,1.0,total_received
fd00::221:21:21:21,11413,11413000,11414000,0.0,total_received
fd00::221:21:21:21,11635,11635000,11636000,18.0,total_received
fd00::221:21:21:21,11647,11647000,11648000,1.0,total_received
fd00::221:21:21:21,11656,11656000,11657000,2.0,total_received
fd00::221:21:21:21,11668,11668000,11669000,2.0,total_received
fd00::221:21:21:21,11678,11678000,11679000,0.0,total_received
fd00::221:21:21:21,11697,11697000,11698000,1.0,total_received
fd00::221:21:21:21,11711,11711000,11712000,1.0,total_received
fd00::221:21:21:21,11712,11712000,11713000,0.0,total_received
fd00::221:21:21:21,11966,11966000,11967000,18.0,total_received
fd00::221:21:21:21,11977,11977000,11978000,1.0,total_received
fd00::221:21:21:21,11989,11989000,11990000,1.0,total_received
fd00::221:21:21:21,11998,11998000,11999000,2.0,total_received
fd00::221:21:21:21,12008,12008000,12009000,1.0,total_received
fd00::221:21:21:21,12019,12019000,12020000,3.0,total_received
fd00::221:21:21:21,12034,12034000,12035000,1.0,total_received
fd00::221:21:21:21,12040,12040000,12041000,2.0,total_received
fd00::221:21:21:21,12053,12053000,12054000,1.0,total_received
fd00::221:21:21:21,12062,12062000,12063000,1.0,total_received
fd00::221:21:21:21,12074,12074000,12075000,1.0,total_received
fd00::221:21:21:21,12168,12168000,12169000,8.0,total_received
fd00::221:21:21:21,12404,12404000,12405000,15.0,total_received
fd00::221:21:21:21,12414,12414000,12415000,1.0,total_received
fd00::221:21:21:21,12424,12424000,12425000,1.0,total_received
fd00::221:21:21:21,12435,12435000,12436000,1.0,total_received
fd00::221:21:21:21,12446,12446000,12447000,1.0,total_received
fd00::221:21:21:21,12456,12456000,12457000,0.0,total_received
fd00::221:21:21:21,12467,12467000,12468000,1.0,total_received
fd00::221:21:21:21,12478,12478000,12479000,1.0,total_received
fd00::221:21:21:21,12488,12488000,12489000,1.0,total_received
fd00::221:21:21:21,12499,12499000,12500000,1.0,total_received
fd00::221:21:21:21,12702,12702000,12703000,16.0,total_received
fd00::221:21:21:21,12717,12717000,12718000,1.0,total_received
fd00::221:21:21:21,12723,12723000,12724000,1.0,total_received
fd00::221:21:21:21,12826,12826000,12827000,10.0,total_received
fd00::221:21:21:21,13149,13149000,13150000,12.0,total_received
fd00::221:21:21:21,14145,14145000,14146000,75.0,total_received
fd00::221:21:21:21,14504,14504000,14505000,27.0,total_received
fd00::221:21:21:21,14517,14517000,14518000,1.0,total_received
fd00::221:21:21:21,14526,14526000,14527000,1.0,total_received
fd00::221:21:21:21,14536,14536000,14537000,1.0,total_received
fd00::221:21:21:21,14547,14547000,14548000,1.0,total_received
fd00::221:21:21:21,14557,14557000,14558000,1.0,total_received
fd00::221:21:21:21,14568,14568000,14569000,1.0,total_received
fd00::221:21:21:21,14579,14579000,14580000,1.0,total_received
fd00::221:21:21:21,14589,14589000,14590000,1.0,total_received
fd00::221:21:21:21,14601,14601000,14602000,1.0,total_received
fd00::221:21:21:21,14613,14613000,14614000,2.0,total_received
fd00::221:21:21:21,14622,14622000,14623000,1.0,total_received
fd00::221:21:21:21,14636,14636000,14637000,1.0,total_received
fd00::221:21:21:21,14781,14781000,14782000,15.0,total_received
fd00::221:21:21:21,14794,14794000,14795000,1.0,total_received
fd00::221:21:21:21,14804,14804000,14805000,1.0,total_received
fd00::221:21:21:21,14813,14813000,14814000,1.0,total_received
fd00::221:21:21:21,14824,14824000,14825000,1.0,total_received
fd00::221:21:21:21,14835,14835000,14836000,1.0,total_received
fd00::221:21:21:21,14846,14846000,14847000,1.0,total_received
fd00::221:21:21:21,14856,14856000,14857000,1.0,total_received
fd00::221:21:21:21,14867,14867000,14868000,1.0,total_received
fd00::221:21:21:21,14878,14878000,14879000,0.0,total_received
fd00::221:21:21:21,14900,14900000,14901000,1.0,total_received
fd00::221:21:21:21,15059,15059000,15060000,16.0,total_received
fd00::221:21:21:21,15074,15074000,15075000,1.0,total_received
fd00::221:21:21:21,15272,15272000,15273000,17.0,total_received
fd00::221:21:21:21,15287,15287000,15288000,2.0,total_received
fd00::221:21:21:21,15293,15293000,15294000,1.0,total_received
fd00::221:21:21:21,15308,15308000,15309000,1.0,total_received
fd00::221:21:21:21,15314,15314000,15315000,2.0,total_received
fd00::221:21:21:21,15698,15698000,15699000,32.0,total_received
fd00::221:21:21:21,15709,15709000,15710000,1.0,total_received
fd00::221:21:21:21,15724,15724000,15725000,2.0,total_received
fd00::221:21:21:21,15733,15733000,15734000,1.0,total_received
fd00::221:21:21:21,15945,15945000,15946000,13.0,total_received
fd00::221:21:21:21,15954,15954000,15955000,1.0,total_received
fd00::221:21:21:21,16328,16328000,16329000,19.0,total_received
fd00::221:21:21:21,16339,16339000,16340000,1.0,total_received
fd00::221:21:21:21,16352,16352000,16353000,1.0,total_received
fd00::221:21:21:21,16362,16362000,16363000,1.0,total_received
fd00::221:21:21:21,16459,16459000,16460000,10.0,total_received
fd00::221:21:21:21,16466,16466000,16467000,1.0,total_received
fd00::221:21:21:21,16478,16478000,16479000,1.0,total_received
fd00::221:21:21:21,16882,16882000,16883000,13.0,total_received
fd00::221:21:21:21,16905,16905000,16906000,2.0,total_received
fd00::221:21:21:21,16919,16919000,16920000,1.0,total_received
fd00::221:21:21:21,16937,16937000,16938000,2.0,total_received
fd00::221:21:21:21,16946,16946000,16947000,1.0,total_received
fd00::221:21:21:21,16958,16958000,16959000,1.0,total_received
fd00::221:21:21:21,16969,16969000,16970000,1.0,total_received
fd00::221:21:21:21,16993,16993000,16994000,2.0,total_received
fd00::221:21:21:21,17707,17707000,17708000,47.0,total_received
fd00::221:21:21:21,17725,17725000,17726000,2.0,total_received
fd00::221:21:21:21,17736,17736000,17737000,2.0,total_received
fd00::221:21:21:21,17746,17746000,17747000,1.0,total_received
fd00::221:21:21:21,17758,17758000,17759000,1.0,total_received
fd00::221:21:21:21,17974,17974000,17975000,18.0,total_received
fd00::221:21:21:21,17982,17982000,17983000,2.0,total_received
fd00::221:21:21:21,17993,17993000,17994000,1.0,total_received
fd00::221:21:21:21,18002,18002000,18003000,0.0,total_received
fd00::221:21:21:21,18013,18013000,18014000,2.0,total_received
fd00::221:21:21:21,18024,18024000,18025000,1.0,total_received
fd00::221:21:21:21,18043,18043000,18044000,1.0,total_received
fd00::221:21:21:21,18048,18048000,18049000,0.0,total_received
fd00::221:21:21:21,18062,18062000,18063000,1.0,total_received
fd00::221:21:21:21,18079,18079000,18080000,0.0,total_received
fd00::221:21:21:21,18297,18297000,18298000,21.0,total_received
fd00::221:21:21:21,18309,18309000,18310000,1.0,total_received
fd00::221:21:21:21,18526,18526000,18527000,21.0,total_received
fd00::221:21:21:21,18536,18536000,18537000,1.0,total_received
fd00::221:21:21:21,18546,18546000,18547000,1.0,total_received
fd00::221:21:21:21,18558,18558000,18559000,0.0,total_received
fd00::221:21:21:21,18573,18573000,18574000,1.0,total_received
fd00::221:21:21:21,18579,18579000,18580000,1.0,total_received
fd00::221:21:21:21,18631,18631000,18632000,4.0,total_received
fd00::221:21:21:21,18647,18647000,18648000,0.0,total_received
fd00::221:21:21:21,18669,18669000,18670000,1.0,total_received
fd00::221:21:21:21,18866,18866000,18867000,23.0,total_received
fd00::221:21:21:21,18877,18877000,18878000,1.0,total_received
fd00::221:21:21:21,18887,18887000,18888000,1.0,total_received
fd00::221:21:21:21,18898,18898000,18899000,1.0,total_received
fd00::221:21:21:21,18909,18909000,18910000,1.0,total_received
fd00::221:21:21:21,18919,18919000,18920000,1.0,total_received
fd00::221:21:21:21,18934,18934000,18935000,1.0,total_received
fd00::221:21:21:21,18944,18944000,18945000,2.0,total_received
fd00::221:21:21:21,18951,18951000,18952000,0.0,total_received
fd00::221:21:21:21,18962,18962000,18963000,1.0,total_received
fd00::221:21:21:21,18973,18973000,18974000,1.0,total_received
fd00::221:21:21:21,18983,18983000,18984000,2.0,total_received
fd00::221:21:21:21,18998,18998000,18999000,1.0,total_received
fd00::221:21:21:21,19011,19011000,19012000,1.0,total_received
fd00::221:21:21:21,19176,19176000,19177000,17.0,total_received
fd00::221:21:21:21,19433,19433000,19434000,24.0,total_received
fd00::221:21:21:21,19445,19445000,19446000,2.0,total_received
fd00::221:21:21:21,19454,19454000,19455000,1.0,total_received
fd00::221:21:21:21,19464,19464000,19465000,1.0,total_received
fd00::221:21:21:21,19477,19477000,19478000,1.0,total_received
fd00::221:21:21:21,19496,19496000,19497000,2.0,total_received
fd00::221:21:21:21,19506,19506000,19507000,1.0,total_received
fd00::221:21:21:21,19517,19517000,19518000,1.0,total_received
fd00::221:21:21:21,19527,19527000,19528000,1.0,total_received
fd00::221:21:21:21,19698,19698000,19699000,16.0,total_received
fd00::221:21:21:21,19709,19709000,19710000,1.0,total_received
fd00::221:21:21:21,19722,19722000,19723000,1.0,total_received
fd00::221:21:21:21,19730,19730000,19731000,1.0,total_received
fd00::221:21:21:21,19744,19744000,19745000,2.0,total_received
fd00::221:21:21:21,19753,19753000,19754000,1.0,total_received
fd00::221:21:21:21,19763,19763000,19764000,0.0,total_received
fd00::221:21:21:21,19965,19965000,19966000,20.0,total_received
fd00::221:21:21:21,19975,19975000,19976000,1.0,total_received
fd00::221:21:21:21,19986,19986000,19987000,1.0,total_received
fd00::221:21:21:21,19997,19997000,19998000,1.0,total_received
fd00::221:21:21:21,20007,20007000,20008000,1.0,total_received
fd00::221:21:21:21,20018,20018000,20019000,1.0,total_received
fd00::221:21:21:21,20028,20028000,20029000,1.0,total_received
fd00::221:21:21:21,20039,20039000,20040000,1.0,total_received
fd00::221:21:21:21,20052,20052000,20053000,1.0,total_received
fd00::221:21:21:21,20062,20062000,20063000,2.0,total_received
fd00::221:21:21:21,20073,20073000,20074000,1.0,total_received
fd00::221:21:21:21,20085,20085000,20086000,1.0,total_received
fd00::221:21:21:21,20096,20096000,20097000,1.0,total_received
fd00::221:21:21:21,20116,20116000,20117000,1.0,total_received
fd00::221:21:21:21,20863,20863000,20864000,53.0,total_received
fd00::221:21:21:21,20875,20875000,20876000,0.0,total_received
fd00::221:21:21:21,20893,20893000,20894000,1.0,total_received
fd00::221:21:21:21,21244,21244000,21245000,18.0,total_received
fd00::221:21:21:21,21255,21255000,21256000,1.0,total_received
fd00::221:21:21:21,21272,21272000,21273000,1.0,total_received
fd00::221:21:21:21,21468,21468000,21469000,19.0,total_received
fd00::221:21:21:21,21479,21479000,21480000,1.0,total_received
fd00::221:21:21:21,21491,21491000,21492000,1.0,total_received
fd00::221:21:21:21,21504,21504000,21505000,1.0,total_received
fd00::221:21:21:21,21517,21517000,21518000,1.0,total_received
fd00::222:22:22:22,703,703000,704000,0.0,total_received
fd00::222:22:22:22,713,713000,714000,0.0,total_received
fd00::222:22:22:22,723,723000,724000,0.0,total_received
fd00::222:22:22:22,1638,1638000,1639000,17.0,total_received
fd00::222:22:22:22,1646,1646000,1647000,0.0,total_received
fd00::222:22:22:22,1669,1669000,1670000,2.0,total_received
fd00::222:22:22:22,18556,18556000,18557000,329.0,total_received
fd00::222:22:22:22,18576,18576000,18577000,0.0,total_received
fd00::223:23:23:23,3106,3106000,3107000,0.0,total_received
fd00::223:23:23:23,3119,3119000,3120000,0.0,total_received
fd00::223:23:23:23,10075,10075000,10076000,65.0,total_received
fd00::223:23:23:23,10084,10084000,10085000,1.0,total_received
fd00::223:23:23:23,10123,10123000,10124000,1.0,total_received
fd00::223:23:23:23,16095,16095000,16096000,84.0,total_received
fd00::223:23:23:23,16101,16101000,16102000,0.0,total_received
fd00::223:23:23:23,18576,18576000,18577000,81.0,total_received
fd00::223:23:23:23,18588,18588000,18589000,1.0,total_received
fd00::223:23:23:23,18604,18604000,18605000,1.0,total_received
fd00::223:23:23:23,18606,18606000,18607000,1.0,total_received
fd00::223:23:23:23,18615,18615000,18616000,0.0,total_received
fd00::223:23:23:23,18625,18625000,18626000,2.0,total_received
fd00::223:23:23:23,18632,18632000,18633000,0.0,total_received
fd00::223:23:23:23,18651,18651000,18652000,1.0,total_received
fd00::223:23:23:23,18669,18669000,18670000,1.0,total_received
